Date,Open,High,Low,Close,Volume,Dividends,Stock Splits
2022-01-03 00:00:00-05:00,6.8993170716163545,6.9374351132786405,6.829434702078834,6.886611461639404,38900,0.0,0.0
2022-01-04 00:00:00-05:00,6.905670609146732,6.975552983031709,6.835788235261756,6.854846954345703,35400,0.0,0.0
2022-01-05 00:00:00-05:00,6.873905394519833,6.962847089745689,6.7277875443620685,6.759552478790283,45300,0.0,0.0
2022-01-06 00:00:00-05:00,6.797669423260131,6.835787462987388,6.734140164868952,6.778610706329346,20500,0.0,0.0
2022-01-07 00:00:00-05:00,6.784963840571995,6.912022963718988,6.784963840571995,6.8484930992126465,15300,0.0,0.0
2022-01-10 00:00:00-05:00,6.880258096152096,6.962846678440538,6.797669513863653,6.861199378967285,16100,0.0,0.0
2022-01-11 00:00:00-05:00,6.835790383903899,6.924731504829011,6.835790383903899,6.880260944366455,19800,0.0,0.0
2022-01-12 00:00:00-05:00,6.848258775443619,6.931461994172445,6.822657832017414,6.841858386993408,21800,0.08,0.0
2022-01-13 00:00:00-05:00,6.957061457498316,6.976262008389433,6.803455829620361,6.803455829620361,33700,0.0,0.0
2022-01-14 00:00:00-05:00,6.8098564671963215,6.8802588966363745,6.8098564671963215,6.822656631469727,27000,0.0,0.0
2022-01-18 00:00:00-05:00,6.784254681550962,6.87385765140529,6.707451263998033,6.72025203704834,47600,0.0,0.0
2022-01-19 00:00:00-05:00,6.720254224668219,6.85465933357657,6.707453447450923,6.71385383605957,56200,0.0,0.0
2022-01-20 00:00:00-05:00,6.752253229298647,6.835456421400366,6.707451134859603,6.784254550933838,43700,0.0,0.0
2022-01-21 00:00:00-05:00,6.797056955132741,6.931462062029772,6.7138537355893755,6.790656566619873,67500,0.0,0.0
2022-01-24 00:00:00-05:00,6.765055185659806,6.957062556012296,6.566648037582763,6.925061225891113,149600,0.0,0.0
2022-01-25 00:00:00-05:00,6.848258412620542,6.925061238830118,6.720253702271249,6.861059188842773,39100,0.0,0.0
2022-01-26 00:00:00-05:00,6.912261706860756,6.95706320699781,6.726654707239827,6.797057151794434,28300,0.0,0.0
2022-01-27 00:00:00-05:00,6.797054688363834,6.963461071955233,6.758653590842397,6.8098554611206055,13800,0.0,0.0
2022-01-28 00:00:00-05:00,6.854657957715035,6.91866061020565,6.752254202029674,6.822656631469727,12400,0.0,0.0
2022-01-31 00:00:00-05:00,6.816253747145606,6.912257690712377,6.816253747145606,6.886656761169434,11400,0.0,0.0
2022-02-01 00:00:00-05:00,6.9250609157273955,6.9826631852906775,6.8226571522258155,6.957062244415283,53300,0.0,0.0
2022-02-02 00:00:00-05:00,7.040263098136371,7.136266441688482,6.982660847855357,7.053063869476318,72900,0.0,0.0
2022-02-03 00:00:00-05:00,6.982661853112504,7.059464661085965,6.854657173156738,6.854657173156738,28900,0.0,0.0
2022-02-04 00:00:00-05:00,6.822657651784895,6.969863530377851,6.80985748559725,6.931461811065674,14700,0.0,0.0
2022-02-07 00:00:00-05:00,6.905859668372972,6.9570615449761,6.905859668372972,6.912260055541992,17400,0.0,0.0
2022-02-08 00:00:00-05:00,6.957062244415283,7.00186373835358,6.931461303539888,6.957062244415283,10100,0.0,0.0
2022-02-09 00:00:00-05:00,7.021063356974317,7.110666325135925,6.989062035327552,7.059464454650879,19400,0.0,0.0
2022-02-10 00:00:00-05:00,6.969208711152306,7.078807168160597,6.969208711152306,6.982102394104004,22000,0.08,0.0
2022-02-11 00:00:00-05:00,6.9305244923776845,6.975653292325425,6.898289371771961,6.904736518859863,19500,0.0,0.0
2022-02-14 00:00:00-05:00,6.917630695102476,7.001441768764079,6.86605474436208,6.949865818023682,39300,0.0,0.0
2022-02-15 00:00:00-05:00,6.962761252891362,7.020784360680828,6.962761252891362,6.98854923248291,10000,0.0,0.0
2022-02-16 00:00:00-05:00,7.001441546638902,7.1110405921936035,6.982100719433311,7.1110405921936035,23100,0.0,0.0
2022-02-17 00:00:00-05:00,7.027231693738429,7.027231693738429,6.936974062318971,6.96920919418335,5300,0.0,0.0
2022-02-18 00:00:00-05:00,7.0659127428665345,7.098147869110107,6.949866534323231,7.098147869110107,35100,0.0,0.0
2022-02-22 00:00:00-05:00,7.0465721082019295,7.078806620504311,6.814479684687748,6.82737398147583,28600,0.0,0.0
2022-02-23 00:00:00-05:00,6.853161960218082,7.065912938550141,6.788691705945496,6.82737398147583,24600,0.0,0.0
2022-02-24 00:00:00-05:00,6.750010045249073,6.840267663430001,6.646858130280064,6.82737398147583,26300,0.0,0.0
2022-02-25 00:00:00-05:00,6.82737386649235,7.00788971464795,6.82737386649235,6.930525779724121,19700,0.0,0.0
2022-02-28 00:00:00-05:00,6.994995572929477,6.994995572929477,6.820926269671997,6.9627604484558105,21300,0.0,0.0
2022-03-01 00:00:00-05:00,7.020781938049469,7.020781938049469,6.904735762514095,6.943418025970459,28000,0.0,0.0
2022-03-02 00:00:00-05:00,6.975655900073561,7.05301984954842,6.898291950598703,7.020785331726074,27000,0.0,0.0
2022-03-03 00:00:00-05:00,7.027230894453266,7.053018874044815,6.943420421906183,6.98854923248291,18700,0.0,0.0
2022-03-04 00:00:00-05:00,6.982100940944887,7.014336063866093,6.917630695102476,6.949865818023682,19000,0.0,0.0
2022-03-07 00:00:00-05:00,7.020782684202213,7.020782684202213,6.814478281898907,6.859607696533203,20700,0.0,0.0
2022-03-08 00:00:00-05:00,6.866055037082697,6.9240781378478005,6.833820527621068,6.885396480560303,35800,0.0,0.0
2022-03-09 00:00:00-05:00,6.949866257973321,6.949866257973321,6.846714349962668,6.872502326965332,23900,0.0,0.0
2022-03-10 00:00:00-05:00,6.736092871314522,6.8075459003760255,6.729596972449928,6.755579948425293,35200,0.08,0.0
2022-03-11 00:00:00-05:00,6.781565459846443,6.781565459846443,6.658146432691137,6.664642333984375,42100,0.0,0.0
2022-03-14 00:00:00-04:00,6.723100474015526,6.794553490120954,6.619167969476405,6.638655662536621,32600,0.0,0.0
2022-03-15 00:00:00-04:00,6.762077031083774,6.853017772659479,6.638658028465358,6.742589950561523,10500,0.0,0.0
2022-03-16 00:00:00-04:00,6.87900164102668,6.95695059265934,6.775069705516466,6.84002685546875,28400,0.0,0.0
2022-03-17 00:00:00-04:00,6.879000012640041,6.937461867396332,6.859512934215627,6.898487091064453,15400,0.0,0.0
2022-03-18 00:00:00-04:00,6.878998640614617,6.943955762234559,6.872502742607743,6.90498161315918,8900,0.0,0.0
2022-03-21 00:00:00-04:00,6.8595112280225425,6.885494199286598,6.638655662536621,6.638655662536621,33500,0.0,0.0
2022-03-22 00:00:00-04:00,6.775067510964032,6.866007615336918,6.352843385364917,6.612673759460449,90300,0.0,0.0
2022-03-23 00:00:00-04:00,6.6126727378098575,6.6126727378098575,6.365834199322732,6.46327018737793,72100,0.0,0.0
2022-03-24 00:00:00-04:00,6.417799361274121,6.6841249410681876,6.417799361274121,6.443782329559326,16200,0.0,0.0
2022-03-25 00:00:00-04:00,6.547716273027157,6.547716273027157,6.45677554553291,6.482758522033691,17500,0.0,0.0
2022-03-28 00:00:00-04:00,6.48275756160375,6.52822822835584,6.4178004397168005,6.521732330322266,26500,0.0,0.0
2022-03-29 00:00:00-04:00,6.560707697706221,6.632160724146843,6.463271076760293,6.4957499504089355,22300,0.0,0.0
2022-03-30 00:00:00-04:00,6.495749661904924,6.6126733540537606,6.495749661904924,6.541219711303711,28100,0.0,0.0
2022-03-31 00:00:00-04:00,6.541220112329753,6.612673759460449,6.495750060143309,6.612673759460449,22900,0.0,0.0
2022-04-01 00:00:00-04:00,6.658144533121635,6.7425893673918775,6.573699698851393,6.729597568511963,49900,0.0,0.0
2022-04-04 00:00:00-04:00,6.762076363153689,6.911478951021895,6.567203718730536,6.801051139831543,62100,0.0,0.0
2022-04-05 00:00:00-04:00,6.801048869887233,6.801048869887233,6.6906210955536825,6.736091136932373,19400,0.0,0.0
2022-04-06 00:00:00-04:00,6.690623105066222,6.8205379905127135,6.658144228833839,6.814042091369629,20700,0.0,0.0
2022-04-07 00:00:00-04:00,6.775063366916935,6.891986375233744,6.703609763491675,6.83352518081665,31900,0.0,0.0
2022-04-08 00:00:00-04:00,6.820438347530506,6.859711155145526,6.696073000212893,6.853166103363037,48800,0.08,0.0
2022-04-11 00:00:00-04:00,6.820438365345038,6.820438365345038,6.689527965903007,6.7288007736206055,10800,0.0,0.0
2022-04-12 00:00:00-04:00,6.761526646664675,6.8597092628478995,6.741890248273999,6.8597092628479,29100,0.0,0.0
2022-04-13 00:00:00-04:00,6.866253876238987,6.866253876238987,6.807344065938501,6.833526134490967,29400,0.0,0.0
2022-04-14 00:00:00-04:00,6.800801769216754,6.826983848364951,6.70261850423851,6.807346820831299,10900,0.0,0.0
2022-04-18 00:00:00-04:00,6.800803586277653,6.859712811928151,6.7746215001340415,6.7811665534973145,25000,0.0,0.0
2022-04-19 00:00:00-04:00,6.748439191959332,6.813894093049738,6.728802159825073,6.761529922485352,9600,0.0,0.0
2022-04-20 00:00:00-04:00,6.761528323248391,6.800801753997803,6.709164165069178,6.800801753997803,27600,0.0,0.0
2022-04-21 00:00:00-04:00,6.735345048533647,6.813891271859329,6.689526574317806,6.696071624755859,14000,0.0,0.0
2022-04-22 00:00:00-04:00,6.696071807590781,6.787709382754503,6.663344681817226,6.741890907287598,7800,0.0,0.0
2022-04-25 00:00:00-04:00,6.735343984275928,6.787708124885611,6.643706426094084,6.669888496398926,10500,0.0,0.0
2022-04-26 00:00:00-04:00,6.6764342309772475,6.7615261163021785,6.6764342309772475,6.722253322601318,10300,0.0,0.0
2022-04-27 00:00:00-04:00,6.709161975214498,6.794253860539429,6.709161975214498,6.722253322601318,14100,0.0,0.0
2022-04-28 00:00:00-04:00,6.741889926723126,6.8073447929801585,6.741889926723126,6.774617671966553,8300,0.0,0.0
2022-04-29 00:00:00-04:00,6.6764373779296875,6.800802739805147,6.6764373779296875,6.6764373779296875,29000,0.0,0.0
2022-05-02 00:00:00-04:00,6.787708961608469,6.879346531086502,6.735344814543842,6.840073108673096,18900,0.0,0.0
2022-05-03 00:00:00-04:00,6.840074351526337,6.938257613284984,6.840074351526337,6.918620586395264,16600,0.0,0.0
2022-05-04 00:00:00-04:00,6.918620586395264,6.938257613284984,6.872802105445886,6.918620586395264,12600,0.0,0.0
2022-05-05 00:00:00-04:00,6.794254749648878,6.87280097155911,6.75498132657882,6.826982498168945,15000,0.0,0.0
2022-05-06 00:00:00-04:00,6.807346995505485,6.853166103363037,6.715710028250426,6.853166103363037,15100,0.0,0.0
2022-05-09 00:00:00-04:00,6.820437748452566,6.820437748452566,6.676436009975937,6.735345840454102,24400,0.0,0.0
2022-05-10 00:00:00-04:00,6.741890316638014,6.826982209500254,6.676434822365566,6.75498104095459,29500,0.0,0.0
2022-05-11 00:00:00-04:00,6.72859587009936,6.867125812826705,6.689016245952566,6.69561243057251,10600,0.08,0.0
2022-05-12 00:00:00-04:00,6.682418129622517,6.761577991592262,6.596661455211963,6.616451263427734,33700,0.0,0.0
2022-05-13 00:00:00-04:00,6.6230506762580195,6.781370462358153,6.5900672302104315,6.669227123260498,10000,0.0,0.0
2022-05-16 00:00:00-04:00,6.60985589883796,6.774772455646012,6.60985589883796,6.649435520172119,10700,0.0,0.0
2022-05-17 00:00:00-04:00,6.735191560144179,6.807754611711592,6.702208126120199,6.801158428192139,9800,0.0,0.0
2022-05-18 00:00:00-04:00,6.807757093374843,6.807757093374843,6.609857675303129,6.669227123260498,29500,0.0,0.0
2022-05-19 00:00:00-04:00,6.814351786854842,6.814351786854842,6.563678555686365,6.7747721672058105,15800,0.0,0.0
2022-05-20 00:00:00-04:00,6.642838228253915,6.807754773178643,6.5570815494002535,6.6032586097717285,9900,0.0,0.0
2022-05-23 00:00:00-04:00,6.6890159081970975,6.814352217142252,6.550485972464689,6.570275783538818,12400,0.0,0.0
2022-05-24 00:00:00-04:00,6.557082156751565,6.656032470335714,6.543889159071062,6.570275783538818,11000,0.0,0.0
2022-05-25 00:00:00-04:00,6.583468040735342,6.636241912841797,6.576871857190381,6.636241912841797,16500,0.0,0.0
2022-05-26 00:00:00-04:00,6.642838096386758,6.7813680165378365,6.596661666038626,6.636241912841797,8900,0.0,0.0
2022-05-27 00:00:00-04:00,6.636242028704708,6.741788516547006,6.603258593977317,6.662628650665283,16300,0.0,0.0
2022-05-31 00:00:00-04:00,6.656032313374649,6.768175621994763,6.6164520630530115,6.708805561065674,9600,0.0,0.0
2022-06-01 00:00:00-04:00,6.768177461403263,6.794564092419952,6.616453861227121,6.669227123260498,33200,0.0,0.0
2022-06-02 00:00:00-04:00,6.735191586189704,6.735191586189704,6.636241912841797,6.636241912841797,26900,0.0,0.0
2022-06-03 00:00:00-04:00,6.662629146687998,6.695611954764217,6.62964570950504,6.649435520172119,14500,0.0,0.0
2022-06-06 00:00:00-04:00,6.689013035944024,6.73518945165782,6.675819414822093,6.721995830535889,14100,0.0,0.0
2022-06-07 00:00:00-04:00,6.7154023743037365,6.735192184911187,6.682418937220161,6.708805561065674,12300,0.0,0.0
2022-06-08 00:00:00-04:00,6.6824201139320785,6.728596556516282,6.6824201139320785,6.7154035568237305,9200,0.0,0.0
2022-06-09 00:00:00-04:00,6.715401290873004,6.853931200988876,6.70880447869924,6.741787910461426,14700,0.0,0.0
2022-06-10 00:00:00-04:00,6.648708163565446,6.761736253071676,6.568923741691087,6.7085466384887695,19900,0.08,0.0
2022-06-13 00:00:00-04:00,6.642058887074152,6.68195141254702,6.509084858948229,6.51573371887207,24800,0.0,0.0
2022-06-14 00:00:00-04:00,6.562274470198598,6.602166995671466,6.489138913246886,6.51573371887207,8600,0.0,0.0
2022-06-15 00:00:00-04:00,6.575570926987941,6.575570926987941,6.16999942651972,6.309622287750244,36400,0.0,0.0
2022-06-16 00:00:00-04:00,6.309621152717312,6.309621152717312,5.983834746474908,6.017078399658203,59200,0.0,0.0
2022-06-17 00:00:00-04:00,6.076917825287501,6.076917825287501,5.784374391139369,5.857510566711426,52200,0.0,0.0
2022-06-21 00:00:00-04:00,5.864159414137915,5.970538625467474,5.857511188982404,5.92399787902832,21500,0.0,0.0
2022-06-22 00:00:00-04:00,5.884105367114723,5.897402450084145,5.777725533009118,5.837563991546631,34800,0.0,0.0
2022-06-23 00:00:00-04:00,5.857510089324525,5.950591564728209,5.83756351539231,5.904050827026367,17600,0.0,0.0
2022-06-24 00:00:00-04:00,5.970537190045161,6.110160029864946,5.904050515983812,6.0237274169921875,10100,0.0,0.0
2022-06-27 00:00:00-04:00,6.02372804985022,6.096863589222376,6.02372804985022,6.07691764831543,9200,0.0,0.0
2022-06-28 00:00:00-04:00,6.13675594329834,6.203243263531484,6.116810000856427,6.13675594329834,20400,0.0,0.0
2022-06-29 00:00:00-04:00,6.110160671803664,6.169999128594531,6.056971073338454,6.07691764831543,12200,0.0,0.0
2022-06-30 00:00:00-04:00,6.070269099365071,6.203243102305203,6.070269099365071,6.15005350112915,8300,0.0,0.0
2022-07-01 00:00:00-04:00,6.150053969065751,6.223189517729942,6.070269561231149,6.196594715118408,18500,0.0,0.0
2022-07-05 00:00:00-04:00,6.2431368585037825,6.389407973714725,6.2431368585037825,6.322921276092529,32000,0.0,0.0
2022-07-06 00:00:00-04:00,6.402703920507496,6.469190599716778,6.3694602638678495,6.389406204223633,9100,0.0,0.0
2022-07-07 00:00:00-04:00,6.4492443396849195,6.4492443396849195,6.322919211599959,6.442595481872559,16700,0.0,0.0
2022-07-08 00:00:00-04:00,6.362148590385593,6.415780983864298,6.30181198788491,6.33533239364624,43000,0.08,0.0
2022-07-11 00:00:00-04:00,6.308516025543213,6.362148417565055,6.288404038372159,6.308516025543213,18300,0.0,0.0
2022-07-12 00:00:00-04:00,6.295108418211493,6.375557008429551,6.2884042091895145,6.33533239364624,5900,0.0,0.0
2022-07-13 00:00:00-04:00,6.288403917026415,6.4425968812766525,6.288403917026415,6.301811695098877,15900,0.0,0.0
2022-07-14 00:00:00-04:00,6.295108318328857,6.382261116186066,6.295108318328857,6.295108318328857,13400,0.0,0.0
2022-07-15 00:00:00-04:00,6.3219233102477235,6.335331086176055,6.2615867201991575,6.281698703765869,6100,0.0,0.0
2022-07-18 00:00:00-04:00,6.274995223474329,6.308515626203217,6.181138863051649,6.234771251678467,154100,0.0,0.0
2022-07-19 00:00:00-04:00,6.301810507610889,6.301810507610889,6.167729555409289,6.194545745849609,18900,0.0,0.0
2022-07-20 00:00:00-04:00,6.214658077115369,6.214658077115369,6.107392681029665,6.127505302429199,22300,0.0,0.0
2022-07-21 00:00:00-04:00,6.1610266705815615,6.201251284551474,6.100690708649518,6.154323101043701,3300,0.0,0.0
2022-07-22 00:00:00-04:00,6.201250915892175,6.201250915892175,6.100690345968464,6.134210109710693,7500,0.0,0.0
2022-07-25 00:00:00-04:00,6.134210474384471,6.228067480748565,6.134210474384471,6.154323101043701,7300,0.0,0.0
2022-07-26 00:00:00-04:00,6.207953929901123,6.335330669919034,6.161025118864303,6.207953929901123,53200,0.0,0.0
2022-07-27 00:00:00-04:00,6.2414743265421695,6.281698291032715,6.154321551014804,6.207953929901123,15500,0.0,0.0
2022-07-28 00:00:00-04:00,6.207956760574149,6.523046970367432,6.207956760574149,6.523046970367432,14700,0.0,0.0
2022-07-29 00:00:00-04:00,6.402372699274839,6.5297494638847375,6.402372699274839,6.516341686248779,9600,0.0,0.0
2022-08-01 00:00:00-04:00,6.529748966366206,6.616901752079324,6.5029327737889755,6.6101975440979,18100,0.0,0.0
2022-08-02 00:00:00-04:00,6.583381351520669,6.630310168042171,6.469412373230321,6.6101975440979,19800,0.0,0.0
2022-08-03 00:00:00-04:00,6.637015797492174,6.777801012074065,6.603496025873974,6.697352409362793,19700,0.0,0.0
2022-08-04 00:00:00-04:00,6.690646931711934,6.791208145560526,6.690646931711934,6.784503936767578,10800,0.0,0.0
2022-08-05 00:00:00-04:00,6.750983186562274,6.791207797912284,6.730871200561523,6.730871200561523,4300,0.0,0.0
2022-08-08 00:00:00-04:00,6.764392610790771,6.764392610790771,6.737576412346895,6.750984191894531,7500,0.0,0.0
2022-08-09 00:00:00-04:00,6.764392000066387,6.8046159744262695,6.737575804043616,6.8046159744262695,22200,0.0,0.0
2022-08-10 00:00:00-04:00,6.784343905926755,6.987063475002659,6.784343905926755,6.9127326011657715,10700,0.08,0.0
2022-08-11 00:00:00-04:00,6.9127345703209855,7.081667485268356,6.9127345703209855,6.946521282196045,9000,0.0,0.0
2022-08-12 00:00:00-04:00,7.027607440948485,7.0884233799112355,6.993821381016101,7.027607440948486,16200,0.0,0.0
2022-08-15 00:00:00-04:00,6.97354914267818,7.007335847866526,6.939763081917634,6.9600348472595215,10800,0.0,0.0
2022-08-16 00:00:00-04:00,7.007334991518279,7.041121692577641,6.9600339966918074,7.034364223480225,9900,0.0,0.0
2022-08-17 00:00:00-04:00,7.027606396658003,7.041121334164888,6.89921771248104,6.97354793548584,12200,0.0,0.0
2022-08-18 00:00:00-04:00,7.027606185854593,7.034363654405335,6.892460036978095,6.980305194854736,17800,0.0,0.0
2022-08-19 00:00:00-04:00,6.960033399767286,6.987062629411079,6.933004170123493,6.939761638641357,6300,0.0,0.0
2022-08-22 00:00:00-04:00,6.91949056799358,6.933005507636608,6.689741749484438,6.757315158843994,41700,0.0,0.0
2022-08-23 00:00:00-04:00,6.669467262835381,6.8248857831695435,6.669467262835381,6.696496486663818,15000,0.0,0.0
2022-08-24 00:00:00-04:00,6.7573119431402855,6.865428831122132,6.459990501190206,6.71676778793335,18500,0.0,0.0
2022-08-25 00:00:00-04:00,6.7302863864885385,6.7640730934901265,6.608654499053954,6.608654499053955,13000,0.0,0.0
2022-08-26 00:00:00-04:00,6.6086508999515035,6.83839960912667,6.6086508999515035,6.71676778793335,21600,0.0,0.0
2022-08-29 00:00:00-04:00,6.669469984447687,6.797859333345286,6.6086540449096445,6.757315158843994,11100,0.0,0.0
2022-08-30 00:00:00-04:00,6.615410819947516,6.676226753098364,6.608653350835706,6.635682582855225,11600,0.0,0.0
2022-08-31 00:00:00-04:00,6.608654499053954,6.655956146627313,6.527566788906844,6.608654499053955,18800,0.0,0.0
2022-09-01 00:00:00-04:00,6.595139446926641,6.696498911885003,6.507294276563105,6.581624507904053,42000,0.0,0.0
2022-09-02 00:00:00-04:00,6.642441284174059,6.770830643404453,6.581625339741541,6.662713050842285,9800,0.0,0.0
2022-09-06 00:00:00-04:00,6.696496032543625,6.811370387131208,6.642437588552702,6.71676778793335,22300,0.0,0.0
2022-09-07 00:00:00-04:00,6.710013269270155,6.811372725442475,6.66271163121906,6.770829200744629,12100,0.0,0.0
2022-09-08 00:00:00-04:00,6.642439156554967,6.764071006460483,6.608652459978141,6.649196624755859,29500,0.0,0.0
2022-09-09 00:00:00-04:00,6.744576521773208,6.744576521773208,6.526570207445044,6.6628241539001465,15100,0.08,0.0
2022-09-12 00:00:00-04:00,6.662821180501534,6.819513636280746,6.662821180501534,6.730948448181152,18500,0.0,0.0
2022-09-13 00:00:00-04:00,6.594695553613599,6.696885820780886,6.485692428712527,6.621946334838867,26200,0.0,0.0
2022-09-14 00:00:00-04:00,6.608321723793829,6.6491982273181955,6.519756507582687,6.526569366455078,15500,0.0,0.0
2022-09-15 00:00:00-04:00,6.7377641092873235,6.7377641092873235,6.492506363327189,6.560633659362793,30600,0.0,0.0
2022-09-16 00:00:00-04:00,6.444817352949238,6.485693858654378,6.308563416782133,6.438004493713379,23900,0.0,0.0
2022-09-19 00:00:00-04:00,6.383500984751659,6.444815399873267,6.27449786885094,6.342625141143799,13500,0.0,0.0
2022-09-20 00:00:00-04:00,6.369877782184176,6.465255211623462,6.26768684387207,6.26768684387207,10300,0.0,0.0
2022-09-21 00:00:00-04:00,6.356252063858557,6.41075363774101,6.26768684387207,6.26768684387207,9100,0.0,0.0
2022-09-22 00:00:00-04:00,6.254061548542991,6.281312334496359,6.036054611206055,6.036054611206055,44000,0.0,0.0
2022-09-23 00:00:00-04:00,6.063306525808886,6.117808107860777,5.845300197601318,5.845300197601318,35400,0.0,0.0
2022-09-26 00:00:00-04:00,6.00880353449646,6.00880353449646,5.4501621246291565,5.456974983215332,126900,0.0,0.0
2022-09-27 00:00:00-04:00,5.491039351819234,5.579603926299347,5.491039351819234,5.504664421081543,12800,0.0,0.0
2022-09-28 00:00:00-04:00,5.552352159307104,5.654543084455595,5.484225525584703,5.531914234161377,28400,0.0,0.0
2022-09-29 00:00:00-04:00,5.491039477618391,5.702232928847912,5.3615977432557305,5.4024739265441895,53800,0.0,0.0
2022-09-30 00:00:00-04:00,5.4297234540436845,5.511476126483961,5.293469541401478,5.4365363121032715,50500,0.0,0.0
2022-10-03 00:00:00-04:00,5.525101431174674,6.056492687961485,5.525101431174674,5.756733417510986,41700,0.0,0.0
2022-10-04 00:00:00-04:00,5.76354559272963,5.9406759906638635,5.76354559272963,5.777170658111572,61300,0.0,0.0
2022-10-05 00:00:00-04:00,5.715857768220001,5.736295694290455,5.525101625862583,5.57960319519043,20400,0.0,0.0
2022-10-06 00:00:00-04:00,5.600041924751752,5.715857925181299,5.600041924751752,5.640917778015137,6600,0.0,0.0
2022-10-07 00:00:00-04:00,5.606853646817593,5.647730146240468,5.518289089202881,5.518289089202881,18300,0.0,0.0
2022-10-10 00:00:00-04:00,5.49103849082034,5.565977984287575,5.416098347643166,5.429723739624023,42300,0.0,0.0
2022-10-11 00:00:00-04:00,5.525101733724984,5.525101733724984,5.286657525688179,5.3547844886779785,37000,0.0,0.0
2022-10-12 00:00:00-04:00,5.272191714018802,5.389198634576679,5.244660712498763,5.361667633056641,51500,0.08,0.0
2022-10-13 00:00:00-04:00,5.313486009046727,5.396079307492546,5.258424028879707,5.389196395874023,69800,0.0,0.0
2022-10-14 00:00:00-04:00,5.279073068770231,5.389197042313754,5.272190156326095,5.334135055541992,27800,0.0,0.0
2022-10-17 00:00:00-04:00,5.499322640656834,5.499322640656834,5.306605630016563,5.361667633056641,18300,0.0,0.0
2022-10-18 00:00:00-04:00,5.437377729329153,5.533736228942871,5.341019229715435,5.533736228942871,13000,0.0,0.0
2022-10-19 00:00:00-04:00,5.368550547534364,5.4511435520944795,5.320371130776582,5.361667633056641,26600,0.0,0.0
2022-10-20 00:00:00-04:00,5.4029637041773455,5.506205115736485,5.375432704854295,5.423612117767334,30100,0.0,0.0
2022-10-21 00:00:00-04:00,5.409846601377676,5.485556685184257,5.396081101758716,5.464908599853516,12700,0.0,0.0
2022-10-24 00:00:00-04:00,5.4649085174586,5.485556602478027,5.416729105420946,5.485556602478027,13800,0.0,0.0
2022-10-25 00:00:00-04:00,5.485556380789344,5.698921777141225,5.485556380789344,5.664507865905762,17000,0.0,0.0
2022-10-26 00:00:00-04:00,5.671390683207326,5.6989216804504395,5.499321786340181,5.6989216804504395,27100,0.0,0.0
2022-10-27 00:00:00-04:00,5.671389982104236,5.7195697136167185,5.616327994424829,5.623210906982422,27800,0.0,0.0
2022-10-28 00:00:00-04:00,5.602563613350842,5.719570517716959,5.602563613350842,5.664507865905762,28900,0.0,0.0
2022-10-31 00:00:00-04:00,5.63009461106106,5.671390779431007,5.623211697535815,5.664507865905762,15100,0.0,0.0
2022-11-01 00:00:00-04:00,5.747101240814,5.788397407210695,5.712687331222933,5.753983497619629,17100,0.0,0.0
2022-11-02 00:00:00-04:00,5.747101375818148,5.974232265507656,5.726452635744014,5.795280456542969,34400,0.0,0.0
2022-11-03 00:00:00-04:00,5.753983483181617,5.767749309539795,5.678273407383829,5.767749309539795,17200,0.0,0.0
2022-11-04 00:00:00-04:00,5.774630797133108,5.926050911347532,5.767747885653207,5.836575031280518,14100,0.0,0.0
2022-11-07 00:00:00-05:00,5.905404032450007,5.912286945327552,5.815928134214013,5.843459129333496,35400,0.0,0.0
2022-11-08 00:00:00-05:00,5.843458081992251,6.008644023102356,5.815927091807233,5.960464954376221,25200,0.0,0.0
2022-11-09 00:00:00-05:00,5.96046563222719,6.001762450396467,5.581913981839667,5.740217685699463,52500,0.0,0.0
2022-11-10 00:00:00-05:00,5.844458004106666,6.386512197361773,5.816660370164041,6.289220809936523,78400,0.08,0.0
2022-11-11 00:00:00-05:00,6.233626908652258,6.296171764421868,6.0181947013067125,6.108537197113037,7400,0.0,0.0
2022-11-14 00:00:00-05:00,6.178031448457252,6.393462986773836,5.83750953950046,6.247525215148926,34000,0.0,0.0
2022-11-15 00:00:00-05:00,6.191931172585067,6.226678394240332,5.781915415098833,5.983448505401611,41600,0.0,0.0
2022-11-16 00:00:00-05:00,5.976499004393864,6.0529423543304235,5.8514092838176195,5.858358860015869,23000,0.0,0.0
2022-11-17 00:00:00-05:00,5.84446052706267,5.872258173005073,5.60818020517816,5.691573143005371,37000,0.0,0.0
2022-11-18 00:00:00-05:00,5.691572687387376,5.7888647717715065,5.670724620286529,5.712421417236328,21000,0.0,0.0
2022-11-21 00:00:00-05:00,5.726319278563417,5.823611352257952,5.70547121375317,5.7888641357421875,21200,0.0,0.0
2022-11-22 00:00:00-05:00,5.900053173605075,5.9973452221557935,5.844457906646911,5.89310359954834,23700,0.0,0.0
2022-11-23 00:00:00-05:00,6.004296337169096,6.011245250261358,5.920903415329696,5.941751480102539,5200,0.0,0.0
2022-11-25 00:00:00-05:00,5.941752899275544,6.19193172454834,5.90700567452283,6.19193172454834,5000,0.0,0.0
2022-11-28 00:00:00-05:00,6.039043914691773,6.19193129535748,5.969550132751465,5.969550132751465,13900,0.0,0.0
2022-11-29 00:00:00-05:00,6.073790493638468,6.073790493638468,5.983447990212733,6.045992851257324,9700,0.0,0.0
2022-11-30 00:00:00-05:00,6.080737821858238,6.136333086066831,5.99039535183232,6.039041042327881,7600,0.0,0.0
2022-12-01 00:00:00-05:00,6.178034337483921,6.1988824109657825,6.011247761384107,6.184983253479004,28200,0.0,0.0
2022-12-02 00:00:00-05:00,6.157183100129557,6.34481767349174,6.129385459196052,6.282272815704346,18300,0.0,0.0
2022-12-05 00:00:00-05:00,6.254475422749965,6.289222640981522,6.115487212571801,6.171082496643066,20800,0.0,0.0
2022-12-06 00:00:00-05:00,6.129385875211916,6.171082670816252,5.927852799078474,6.0112457275390625,16400,0.0,0.0
2022-12-07 00:00:00-05:00,6.018195208876181,6.219728281826489,5.948701434297358,6.045992851257324,12500,0.0,0.0
2022-12-08 00:00:00-05:00,6.059892021836432,6.17803216799451,6.059892021836432,6.136335372924805,8300,0.0,0.0
2022-12-09 00:00:00-05:00,6.05294294871214,6.1849815957043885,5.913954724839211,5.983448505401611,20100,0.0,0.0
2022-12-12 00:00:00-05:00,5.913954506499697,5.976499370620429,5.788864778258232,5.872257709503174,24800,0.0,0.0
2022-12-13 00:00:00-05:00,5.969549447301647,6.094639168278252,5.622078589253803,5.705471515655518,47800,0.0,0.0
2022-12-14 00:00:00-05:00,5.698521920106901,5.754117204186144,5.615128993988037,5.615128993988037,29200,0.0,0.0
2022-12-15 00:00:00-05:00,5.656825788421501,5.656825788421501,5.594280928145337,5.615128993988037,13300,0.0,0.0
2022-12-16 00:00:00-05:00,5.656825906578379,5.656825906578379,5.573432978717646,5.601230621337891,34700,0.0,0.0
2022-12-19 00:00:00-05:00,5.601230504342258,5.684623430461122,5.559533709908794,5.615128993988037,24700,0.0,0.0
2022-12-20 00:00:00-05:00,5.629028263958135,5.684623549198624,5.573432978717646,5.601230621337891,22100,0.0,0.0
2022-12-21 00:00:00-05:00,5.615129145628985,5.7332692931748594,5.601230655607867,5.608179569244385,23100,0.0,0.0
2022-12-22 00:00:00-05:00,5.6081788820273,5.663774160795382,5.580381242643259,5.5873308181762695,36400,0.0,0.0
2022-12-23 00:00:00-05:00,5.59428104499581,5.656825906578379,5.573432978717646,5.601230621337891,12900,0.0,0.0
2022-12-27 00:00:00-05:00,5.629027943093847,5.649876008183636,5.517837047576904,5.517837047576904,44700,0.0,0.0
2022-12-28 00:00:00-05:00,5.524786298601317,5.5803815807377095,5.3788485173062766,5.4413933753967285,42500,0.0,0.0
2022-12-29 00:00:00-05:00,5.476140891368794,5.517837355247354,5.1773157365113915,5.434444427490234,60700,0.0,0.0
2022-12-30 00:00:00-05:00,5.42749508552938,5.476141127842042,5.364950221323681,5.469191551208496,23000,0.0,0.0
2023-01-03 00:00:00-05:00,5.559533546553936,5.8444595347751385,5.4900394434968165,5.774965763092041,47100,0.0,0.0
2023-01-04 00:00:00-05:00,5.809712259179316,5.809712259179316,5.663774478538843,5.747168064117432,19600,0.0,0.0
2023-01-05 00:00:00-05:00,5.740219053686782,5.795814341050733,5.7054718333972865,5.781915187835693,13300,0.0,0.0
2023-01-06 00:00:00-05:00,5.809712831517668,5.865308118881619,5.7054718333972865,5.781915187835693,16500,0.0,0.0
2023-01-09 00:00:00-05:00,5.768015626488071,5.969548671453111,5.6776731356074706,5.87920618057251,37000,0.0,0.0
2023-01-10 00:00:00-05:00,6.032093341045632,6.032093341045632,5.823610727080155,5.948700428009033,11200,0.0,0.0
2023-01-11 00:00:00-05:00,6.039042376705296,6.05989110245109,5.92785182371962,6.004295825958252,24700,0.0,0.0
2023-01-12 00:00:00-05:00,5.948182166002515,6.0674264439053935,5.941168308258057,5.941168308258057,15900,0.08,0.0
2023-01-13 00:00:00-05:00,6.018323718480283,6.123538901462919,5.941165962222471,6.074438571929932,40000,0.0,0.0
2023-01-17 00:00:00-05:00,6.123539900530886,6.179655432077717,6.039367606623532,6.137568950653076,25000,0.0,0.0
2023-01-18 00:00:00-05:00,6.158612894068304,6.3620294725040045,6.025340240172654,6.249799728393555,49300,0.0,0.0
2023-01-19 00:00:00-05:00,6.29188523238808,6.298899088590965,6.200698412331217,6.263827800750732,19400,0.0,0.0
2023-01-20 00:00:00-05:00,6.333971695819453,6.439187576970756,6.235771009475309,6.277856826782227,16700,0.0,0.0
2023-01-23 00:00:00-05:00,6.326956665248561,6.326956665248561,6.151597564800766,6.200697898864746,25800,0.0,0.0
2023-01-24 00:00:00-05:00,6.242783330917478,6.242783330917478,6.16562557220459,6.16562557220459,20500,0.0,0.0
2023-01-25 00:00:00-05:00,6.193683584553669,6.193683584553669,6.0533964332215735,6.13055419921875,35300,0.0,0.0
2023-01-26 00:00:00-05:00,6.109510716969427,6.235769475719463,6.109510716969427,6.16562557220459,11000,0.0,0.0
2023-01-27 00:00:00-05:00,6.186670052014772,6.214727486781247,6.172641669102541,6.1936845779418945,22300,0.0,0.0
2023-01-30 00:00:00-05:00,6.256811465577854,6.4251560067016795,6.256811465577854,6.2988972663879395,106500,0.0,0.0
2023-01-31 00:00:00-05:00,6.37605832706371,6.383072853088379,6.256814060412418,6.383072853088379,26100,0.0,0.0
2023-02-01 00:00:00-05:00,6.474257965246033,6.481272490132653,6.3269569562784795,6.404114723205566,27300,0.0,0.0
2023-02-02 00:00:00-05:00,6.439187528829031,6.600517608869392,6.355015225902495,6.572460174560547,46600,0.0,0.0
2023-02-03 00:00:00-05:00,6.6075314649745645,6.719761190834882,6.593502414771058,6.628574371337891,46400,0.0,0.0
2023-02-06 00:00:00-05:00,6.656632619602085,6.656632619602085,6.495302536117427,6.600517749786377,17200,0.0,0.0
2023-02-07 00:00:00-05:00,6.607532528080538,6.691704836018515,6.607532528080538,6.670661926269531,21800,0.0,0.0
2023-02-08 00:00:00-05:00,6.670663132845794,6.691706046400979,6.62156210929415,6.66364860534668,18400,0.0,0.0
2023-02-09 00:00:00-05:00,6.677677631378174,6.8249786945676565,6.649619521503426,6.677677631378174,41100,0.0,0.0
2023-02-10 00:00:00-05:00,6.649379253387451,6.705969663446084,6.5998628132388735,6.649379253387451,19800,0.08,0.0
2023-02-13 00:00:00-05:00,6.7696337069524635,6.812076849692392,6.444238527982568,6.606936454772949,60500,0.0,0.0
2023-02-14 00:00:00-05:00,6.550348677002907,6.762563126669073,6.5149794896233555,6.571569919586182,17800,0.0,0.0
2023-02-15 00:00:00-05:00,6.514976802419167,6.720117195073829,6.514976802419167,6.628157615661621,15700,0.0,0.0
2023-02-16 00:00:00-05:00,6.585717345404446,6.847448232009973,6.585717345404446,6.656455039978027,61000,0.0,0.0
2023-02-17 00:00:00-05:00,6.705972245211116,6.769636649690274,6.543274922307635,6.621086597442627,30900,0.0,0.0
2023-02-21 00:00:00-05:00,6.543273495044541,6.642307066478153,6.444239923610929,6.472535133361816,58100,0.0,0.0
2023-02-22 00:00:00-05:00,6.50790391163719,6.522051852942977,6.40887102094057,6.451313495635986,35200,0.0,0.0
2023-02-23 00:00:00-05:00,6.437163679977576,6.819149174034025,6.437163679977576,6.550344467163086,11800,0.0,0.0
2023-02-24 00:00:00-05:00,6.493758027704035,6.748414953935346,6.394724441308523,6.522053241729736,12000,0.0,0.0
2023-02-27 00:00:00-05:00,6.543272714855385,6.783782306366197,6.4725343616071696,6.578641891479492,14100,0.0,0.0
2023-02-28 00:00:00-05:00,6.578642767087872,6.727192788992182,6.4725352230927795,6.5998640060424805,26500,0.0,0.0
2023-03-01 00:00:00-05:00,6.656451771720782,6.684746970579746,6.550344944652355,6.635230541229248,24200,0.0,0.0
2023-03-02 00:00:00-05:00,6.543274577799573,6.720119836659021,6.543274577799573,6.677676677703857,22700,0.0,0.0
2023-03-03 00:00:00-05:00,6.720118784427517,6.8403735955914176,6.6210852121128285,6.684749603271484,51000,0.0,0.0
2023-03-06 00:00:00-05:00,6.727189050047265,6.755484244464062,6.621081565026291,6.642303466796875,33800,0.0,0.0
2023-03-07 00:00:00-05:00,6.61401329942029,6.769636649690274,6.578644110863963,6.621086597442627,30000,0.0,0.0
2023-03-08 00:00:00-05:00,6.748414596302177,6.748414596302177,6.6352337461974065,6.727193355560303,9500,0.0,0.0
2023-03-09 00:00:00-05:00,6.720119966891384,6.741341209474659,6.550348677002907,6.571569919586182,11400,0.0,0.0
2023-03-10 00:00:00-05:00,6.543026062913176,6.607243439047237,6.214804447482928,6.314698219299316,47000,0.08,0.0
2023-03-13 00:00:00-04:00,6.193399637664094,6.357510125160273,6.100641269764663,6.250481605529785,50600,0.0,0.0
2023-03-14 00:00:00-04:00,6.29329215243477,6.464538720481877,6.29329215243477,6.32183313369751,12800,0.0,0.0
2023-03-15 00:00:00-04:00,6.179127360641469,6.4288614220134015,6.086369014431054,6.093504428863525,19900,0.0,0.0
2023-03-16 00:00:00-04:00,6.08637122069034,6.243346992754277,6.079236484142158,6.179129600524902,27700,0.0,0.0
2023-03-17 00:00:00-04:00,6.214804964815185,6.4074564287833935,6.1363174321571305,6.143452167510986,11400,0.0,0.0
2023-03-20 00:00:00-04:00,6.114913591658375,6.171995579782276,5.965073202715393,5.993614196777344,40100,0.0,0.0
2023-03-21 00:00:00-04:00,6.050693035125732,6.200533346067179,6.007881906554244,6.050693035125732,30000,0.0,0.0
2023-03-22 00:00:00-04:00,6.100641205077346,6.164858588363011,5.922259887270819,5.9579362869262695,42800,0.0,0.0
2023-03-23 00:00:00-04:00,6.000746226784083,6.114910138563427,5.957935100102125,6.0078816413879395,11000,0.0,0.0
2023-03-24 00:00:00-04:00,5.986477845515667,6.029288984837336,5.836637496948242,5.836637496948242,20300,0.0,0.0
2023-03-27 00:00:00-04:00,5.89371969890944,5.929396103378884,5.865178711428047,5.886584281921387,15600,0.0,0.0
2023-03-28 00:00:00-04:00,5.843770590285453,5.9293942057983715,5.843770590285453,5.879446983337402,12600,0.0,0.0
2023-03-29 00:00:00-04:00,5.8437725598729555,5.965071928850014,5.8437725598729555,5.915125370025635,7800,0.0,0.0
2023-03-30 00:00:00-04:00,5.9508012540981206,6.050694363001048,5.936530421128691,6.022153377532959,16900,0.0,0.0
2023-03-31 00:00:00-04:00,6.050692768069899,6.064963597277611,5.965069834235392,6.0078816413879395,22200,0.0,0.0
2023-04-03 00:00:00-04:00,6.079237369620491,6.307565303719353,6.050695697387213,6.193401336669922,25000,0.0,0.0
2023-04-04 00:00:00-04:00,6.264751886150984,6.350374839711116,6.193399765086248,6.271887302398682,17300,0.0,0.0
2023-04-05 00:00:00-04:00,6.314700349102398,6.386052484061837,6.293294096190775,6.364646911621094,9900,0.0,0.0
2023-04-06 00:00:00-04:00,6.414591634322668,6.414591634322668,6.300427706755074,6.4003214836120605,16200,0.0,0.0
2023-04-10 00:00:00-04:00,6.371781977636783,6.5002160856645945,6.264752760397624,6.386052131652832,23800,0.0,0.0
2023-04-11 00:00:00-04:00,6.44313154312822,6.700001017845065,6.378914174449008,6.642919063568115,32400,0.0,0.0
2023-04-12 00:00:00-04:00,6.4773876823928225,6.5781472934338865,6.189504059945064,6.570950031280518,36800,0.08,0.0
2023-04-13 00:00:00-04:00,6.412614232304329,6.6285273103903135,6.31185529920129,6.513373851776123,61400,0.0,0.0
2023-04-14 00:00:00-04:00,6.455796329039307,6.520570313141131,6.347839460080044,6.477387428283691,70500,0.0,0.0
2023-04-17 00:00:00-04:00,6.419809765165134,6.614131002622203,6.419809765165134,6.599737167358398,50600,0.0,0.0
2023-04-18 00:00:00-04:00,6.563750713679042,6.765269186286669,6.563750713679042,6.743678092956543,57500,0.0,0.0
2023-04-19 00:00:00-04:00,6.650117684932876,6.786862916857308,6.556555338450022,6.729286193847656,39900,0.0,0.0
2023-04-20 00:00:00-04:00,6.729285537161204,6.844438971943104,6.542160862456313,6.779664993286133,95800,0.0,0.0
2023-04-21 00:00:00-04:00,6.76527363490775,6.858836016019808,6.750879792012243,6.8156538009643555,17500,0.0,0.0
2023-04-24 00:00:00-04:00,6.772466624618477,7.002773456523594,6.772466624618477,6.952394008636475,66000,0.0,0.0
2023-04-25 00:00:00-04:00,6.93080620475426,6.9811856765562466,6.85163836529845,6.887623310089111,26400,0.0,0.0
2023-04-26 00:00:00-04:00,6.93800197537601,6.93800197537601,6.794059481710875,6.822847843170166,18900,0.0,0.0
2023-04-27 00:00:00-04:00,6.77246785056804,6.894818548757636,6.65731441377045,6.786862373352051,42700,0.0,0.0
2023-04-28 00:00:00-04:00,6.77247089953997,6.837244908492082,6.77247089953997,6.8156538009643555,11900,0.0,0.0
2023-05-01 00:00:00-04:00,6.851639437756521,6.93080728960414,6.729288684484517,6.8156538009643555,39300,0.0,0.0
2023-05-02 00:00:00-04:00,6.837243281419395,6.945199479736404,6.8156521790297475,6.866031646728516,25500,0.0,0.0
2023-05-03 00:00:00-04:00,6.844440544338868,6.923608377346756,6.779666550801155,6.866031646728516,25100,0.0,0.0
2023-05-04 00:00:00-04:00,6.902016351959726,6.930804713419017,6.78686290612256,6.822847843170166,13500,0.0,0.0
2023-05-05 00:00:00-04:00,6.743680369859882,6.93080507221679,6.743680369859882,6.84443998336792,22500,0.0,0.0
2023-05-08 00:00:00-04:00,6.822848948656524,6.923608573274171,6.707695484161377,6.707695484161377,31500,0.0,0.0
2023-05-09 00:00:00-04:00,6.736483573913574,6.851637720053185,6.700498632511755,6.736483573913574,19200,0.0,0.0
2023-05-10 00:00:00-04:00,6.663889789911775,6.859886181934536,6.663889789911775,6.801813125610352,16600,0.08,0.0
2023-05-11 00:00:00-04:00,6.772778987884522,6.867147910789968,6.714705911063583,6.7727789878845215,23400,0.0,0.0
2023-05-12 00:00:00-04:00,6.7945549311728675,6.845369382977011,6.692927412135686,6.729223251342773,14000,0.0,0.0
2023-05-15 00:00:00-04:00,6.801814226403587,6.801814226403587,6.721963934106368,6.7582597732543945,14100,0.0,0.0
2023-05-16 00:00:00-04:00,6.765518387255559,6.816332838977018,6.736481854394248,6.7582597732543945,10500,0.0,0.0
2023-05-17 00:00:00-04:00,6.751001773664698,6.939739619937345,6.736483158281102,6.7437424659729,42700,0.0,0.0
2023-05-18 00:00:00-04:00,6.816333738664785,6.910702655991187,6.751001358032227,6.751001358032227,4700,0.0,0.0
2023-05-19 00:00:00-04:00,6.867147471849446,6.903443315613963,6.671150330892438,6.6856689453125,41800,0.0,0.0
2023-05-22 00:00:00-04:00,6.656632515185481,6.7219648965490295,6.576782211455393,6.605818748474121,38800,0.0,0.0
2023-05-23 00:00:00-04:00,6.663890754978638,6.663890754978638,6.518707400857238,6.533226013183594,10800,0.0,0.0
2023-05-24 00:00:00-04:00,6.547746617087267,6.555005233172703,6.460636301204542,6.51145076751709,14600,0.0,0.0
2023-05-25 00:00:00-04:00,6.511448671582585,6.685667862698075,6.453375607877422,6.489670753479004,13600,0.0,0.0
2023-05-26 00:00:00-04:00,6.54048570993849,6.62759531224211,6.533226403341793,6.58404016494751,20000,0.0,0.0
2023-05-30 00:00:00-04:00,6.52596764812001,6.685668945312501,6.52596764812001,6.6856689453125,9600,0.0,0.0
2023-05-31 00:00:00-04:00,6.743741045916977,6.743741045916977,6.424339189878083,6.533226013183594,44200,0.0,0.0
2023-06-01 00:00:00-04:00,6.6421151762954675,6.700188261487116,6.4461186868450975,6.649374485015869,20000,0.0,0.0
2023-06-02 00:00:00-04:00,6.707446530044305,6.823592682416136,6.62759622336009,6.6711506843566895,11600,0.0,0.0
2023-06-05 00:00:00-04:00,6.707446691034512,6.859888692752828,6.6929287677824165,6.845370769500732,19800,0.0,0.0
2023-06-06 00:00:00-04:00,6.8744062131699835,6.90344274733423,6.794555225004117,6.859887599945068,6700,0.0,0.0
2023-06-07 00:00:00-04:00,6.90344478783345,6.961517873327011,6.859889627570387,6.87440824508667,10700,0.0,0.0
2023-06-08 00:00:00-04:00,6.94699622015256,6.99055136138315,6.823590794332285,6.917959690093994,19500,0.0,0.0
2023-06-09 00:00:00-04:00,6.866716845740628,6.917960777273866,6.844755260532985,6.881357669830322,25000,0.08,0.0
2023-06-12 00:00:00-04:00,6.881359019718451,6.917962134342278,6.837435840686933,6.844756603240967,12300,0.0,0.0
2023-06-13 00:00:00-04:00,6.822792770048197,6.888678221817139,6.80815194640298,6.8374342918396,7200,0.0,0.0
2023-06-14 00:00:00-04:00,6.844754205328019,6.961883572573426,6.808151103527304,6.8593950271606445,8800,0.0,0.0
2023-06-15 00:00:00-04:00,6.859397040355662,7.06437349319458,6.859397040355662,7.06437349319458,20000,0.0,0.0
2023-06-16 00:00:00-04:00,6.9911676470490995,7.115617805127123,6.9911676470490995,7.013129234313965,22700,0.0,0.0
2023-06-20 00:00:00-04:00,7.064374348801022,7.064374348801022,6.815474689281267,7.042412757873535,9800,0.0,0.0
2023-06-21 00:00:00-04:00,7.035090923309326,7.19614419458854,6.830114476865232,7.035090923309326,20600,0.0,0.0
2023-06-22 00:00:00-04:00,6.961883997495156,7.035089507418618,6.837433862664515,7.020448684692383,23400,0.0,0.0
2023-06-23 00:00:00-04:00,6.8813571823710165,6.939921870873617,6.852074838119716,6.925281047821045,7400,0.0,0.0
2023-06-26 00:00:00-04:00,6.961883572573426,6.961883572573426,6.844754205328019,6.8593950271606445,13100,0.0,0.0
2023-06-27 00:00:00-04:00,6.881358231345368,6.969205975636682,6.859396644345671,6.947243690490723,16500,0.0,0.0
2023-06-28 00:00:00-04:00,7.0497324471284735,7.093655622293353,6.95456463674286,7.035090923309326,9300,0.0,0.0
2023-06-29 00:00:00-04:00,7.035090431062252,7.079014301300049,7.005808083619132,7.079014301300049,8300,0.0,0.0
2023-06-30 00:00:00-04:00,6.976524572272655,7.08633388047439,6.94724222971475,7.0497307777404785,9800,0.0,0.0
2023-07-03 00:00:00-04:00,7.10097566260858,7.320593610554456,7.013128623059472,7.291311264038086,40900,0.0,0.0
2023-07-05 00:00:00-04:00,7.130258009124949,7.291311264038086,7.07169331609221,7.291311264038086,22200,0.0,0.0
2023-07-06 00:00:00-04:00,7.19614483991091,7.269351069278935,7.100977020991015,7.166862487792969,56900,0.0,0.0
2023-07-07 00:00:00-04:00,7.203463304653217,7.247386469745961,7.159539441414351,7.23274564743042,24200,0.0,0.0
2023-07-10 00:00:00-04:00,7.218104126968758,7.23274564743042,7.174180961876013,7.23274564743042,14500,0.0,0.0
2023-07-11 00:00:00-04:00,7.196143698084966,7.276669979095459,7.196143698084966,7.276669979095459,12300,0.0,0.0
2023-07-12 00:00:00-04:00,7.2250112433326015,7.365230764256684,7.18811114714917,7.298811435699463,31600,0.08,0.0
2023-07-13 00:00:00-04:00,7.247149062273995,7.306188918698218,7.1881092058497735,7.232389450073242,25300,0.0,0.0
2023-07-14 00:00:00-04:00,7.195490737547482,7.328330791767796,7.195490737547482,7.269290924072266,17000,0.0,0.0
2023-07-17 00:00:00-04:00,7.21763179827369,7.269292219572016,7.173352241516113,7.173352241516113,30600,0.0,0.0
2023-07-18 00:00:00-04:00,7.210250200500013,7.217629655227938,7.092169775314687,7.195489883422852,13000,0.0,0.0
2023-07-19 00:00:00-04:00,7.010990673681891,7.195490428252467,7.010990673681891,7.077410697937012,21900,0.0,0.0
2023-07-20 00:00:00-04:00,7.1659698486328125,7.1659698486328125,7.018370199065789,7.1659698486328125,11900,0.0,0.0
2023-07-21 00:00:00-04:00,7.084789687977814,7.129069227634217,7.018369674682617,7.018369674682617,7900,0.0,0.0
2023-07-24 00:00:00-04:00,7.055271169047874,7.055271169047874,6.870771408081055,6.870771408081055,27200,0.0,0.0
2023-07-25 00:00:00-04:00,6.892910480499268,7.040510133482093,6.841250777907944,6.892910480499268,25100,0.0,0.0
2023-07-26 00:00:00-04:00,6.863390653207533,6.97409021865819,6.856010494494644,6.922430515289307,21900,0.0,0.0
2023-07-27 00:00:00-04:00,7.055270556878633,7.055270556878633,6.856010494494644,6.922430515289307,19400,0.0,0.0
2023-07-28 00:00:00-04:00,7.040510239452853,7.040510239452853,6.915050356576416,6.922430515289307,12200,0.0,0.0
2023-07-31 00:00:00-04:00,6.922433007348514,7.0183729937222274,6.870773285382255,6.996232509613037,13600,0.0,0.0
2023-08-01 00:00:00-04:00,7.0109895168030185,7.055269760270015,6.951949661387419,7.018369674682617,40700,0.0,0.0
2023-08-02 00:00:00-04:00,7.055270434982616,7.195489929051545,7.003610028695612,7.158589839935303,19400,0.0,0.0
2023-08-03 00:00:00-04:00,7.151209153964691,7.335708882128813,7.151209153964691,7.276669025421143,20200,0.0,0.0
2023-08-04 00:00:00-04:00,7.328329086303711,7.527588417451392,7.254528916953857,7.328329086303711,58100,0.0,0.0
2023-08-07 00:00:00-04:00,7.490691935959866,7.490691935959866,7.276672186469896,7.3873724937438965,30900,0.0,0.0
2023-08-08 00:00:00-04:00,7.475929887241766,7.520209432709665,7.379989933647072,7.468549728393555,16000,0.0,0.0
2023-08-09 00:00:00-04:00,7.320950332109406,7.47593015440689,7.2471501486112855,7.306190013885498,26100,0.0,0.0
2023-08-10 00:00:00-04:00,7.224348994520117,7.47731292354537,7.164828153519398,7.298750400543213,8300,0.08,0.0
2023-08-11 00:00:00-04:00,7.26154959150494,7.499632952031533,7.097866926370715,7.202028751373291,43200,0.0,0.0
2023-08-14 00:00:00-04:00,7.090427205868906,7.172268899693984,7.030906361020362,7.097867488861084,22900,0.0,0.0
2023-08-15 00:00:00-04:00,7.097866979314014,7.216908660465248,6.889544037299355,7.053225994110107,35500,0.0,0.0
2023-08-16 00:00:00-04:00,7.001146929084427,7.060667782353693,6.815144085231835,6.859785079956055,29000,0.0,0.0
2023-08-17 00:00:00-04:00,6.874662760261667,6.874662760261667,6.725860674236498,6.7779412269592285,12900,0.0,0.0
2023-08-18 00:00:00-04:00,6.859783508653235,6.859783508653235,6.710981409564696,6.71842098236084,12900,0.0,0.0
2023-08-21 00:00:00-04:00,6.748182257149357,6.807703104325853,6.696101693256039,6.7407426834106445,16200,0.0,0.0
2023-08-22 00:00:00-04:00,6.6961002162849415,6.8300224476648195,6.6961002162849415,6.770501613616943,11000,0.0,0.0
2023-08-23 00:00:00-04:00,6.740743481822345,6.800264336048826,6.696102486380207,6.7556233406066895,22600,0.0,0.0
2023-08-24 00:00:00-04:00,6.7556205336136115,6.822581644181875,6.710980266264273,6.725860118865967,8600,0.0,0.0
2023-08-25 00:00:00-04:00,6.7333004131086645,6.75562054682699,6.562177495816816,6.651458740234375,25900,0.0,0.0
2023-08-28 00:00:00-04:00,6.666340123847679,6.666340123847679,6.606819286901709,6.629139423370361,14200,0.0,0.0
2023-08-29 00:00:00-04:00,6.644019168691106,6.666339302409431,6.621698325428522,6.651458740234375,8500,0.0,0.0
2023-08-30 00:00:00-04:00,6.651459235976879,6.792821748998819,6.651459235976879,6.770501613616943,25000,0.0,0.0
2023-08-31 00:00:00-04:00,6.770501613616943,6.8746627184285725,6.770501613616943,6.770501613616943,23900,0.0,0.0
2023-09-01 00:00:00-04:00,6.867223282429374,6.867223282429374,6.733301744102455,6.830023288726807,32300,0.0,0.0
2023-09-05 00:00:00-04:00,6.993705054692499,7.120187016514213,6.8374626730035795,7.075546741485596,30700,0.0,0.0
2023-09-06 00:00:00-04:00,7.030905438571194,7.090426275610652,6.978824883547755,7.023465156555176,16900,0.0,0.0
2023-09-07 00:00:00-04:00,7.0532281765736755,7.10530946035102,6.815144740601618,6.9341864585876465,12500,0.0,0.0
2023-09-08 00:00:00-04:00,6.844129822270208,6.994220247293932,6.844129822270208,6.949193477630615,12400,0.08,0.0
2023-09-11 00:00:00-04:00,6.889157307621125,7.001724947467018,6.889157307621125,6.949193477630615,25500,0.0,0.0
2023-09-12 00:00:00-04:00,6.941688574628896,7.189337947603893,6.874147706419791,7.099283695220947,33000,0.0,0.0
2023-09-13 00:00:00-04:00,7.069266075755275,7.144311648850922,6.956698431799429,7.039247989654541,10500,0.0,0.0
2023-09-14 00:00:00-04:00,7.069266799370603,7.114293575286865,7.001725919808512,7.114293575286865,11800,0.0,0.0
2023-09-15 00:00:00-04:00,7.114291672750321,7.159319152312826,7.114291672750321,7.129301071166992,6400,0.0,0.0
2023-09-18 00:00:00-04:00,7.114291864530545,7.2418688917613165,6.919174689666594,6.97921085357666,38200,0.0,0.0
2023-09-19 00:00:00-04:00,7.039249181764864,7.14431285875398,6.98671770111418,7.069267272949219,8700,0.0,0.0
2023-09-20 00:00:00-04:00,7.069265125005406,7.151814671758377,6.986715578252434,7.061760425567627,21000,0.0,0.0
2023-09-21 00:00:00-04:00,6.97921130680529,7.091778942524902,6.881652355194092,6.881652355194092,15600,0.0,0.0
2023-09-22 00:00:00-04:00,6.859141578148051,7.069268245341902,6.844132172647425,6.9341864585876465,16300,0.0,0.0
2023-09-25 00:00:00-04:00,7.001725650713663,7.001725650713663,6.739066843775246,6.784094333648682,16000,0.0,0.0
2023-09-26 00:00:00-04:00,6.761580227319731,6.851634481799769,6.671525972839694,6.754075527191162,12300,0.0,0.0
2023-09-27 00:00:00-04:00,6.784095525111086,6.97921348935094,6.784095525111086,6.791600227355957,12700,0.0,0.0
2023-09-28 00:00:00-04:00,6.731562126647567,6.754075511292683,6.626498472157702,6.679029941558838,24600,0.0,0.0
2023-09-29 00:00:00-04:00,6.626498472157702,6.731562126647567,6.626498472157702,6.679029941558838,23000,0.0,0.0
2023-10-02 00:00:00-04:00,6.709049703750603,6.7240591077251475,6.581473348405831,6.641509532928467,41400,0.0,0.0
2023-10-03 00:00:00-04:00,6.596481080099236,6.701544745621853,6.513931517273539,6.551453590393066,37800,0.0,0.0
2023-10-04 00:00:00-04:00,6.603985100145709,6.791598309151624,6.603985100145709,6.739066123962402,43900,0.0,0.0
2023-10-05 00:00:00-04:00,6.679031134734912,6.829122301015651,6.679031134734912,6.709049224853516,21500,0.0,0.0
2023-10-06 00:00:00-04:00,6.656516525623969,6.769084879695596,6.513930802625017,6.536444187164307,56500,0.0,0.0
2023-10-09 00:00:00-04:00,6.588974912801006,6.649011075256197,6.468902587890625,6.468902587890625,22400,0.0,0.0
2023-10-10 00:00:00-04:00,6.551452624926999,6.596480107997617,6.468903074266358,6.506425857543945,22600,0.0,0.0
2023-10-11 00:00:00-04:00,6.423107413173012,6.514001083181838,6.385235893414427,6.415533542633057,26800,0.08,0.0
2023-10-12 00:00:00-04:00,6.40795828732096,6.498851225580841,6.309490756951206,6.347362995147705,17900,0.0,0.0
2023-10-13 00:00:00-04:00,6.301916116852569,6.347362946812865,5.998939658293447,6.021662712097168,84200,0.0,0.0
2023-10-16 00:00:00-04:00,6.112557045269711,6.150429291824718,5.938345722410906,5.953494548797607,27400,0.0,0.0
2023-10-17 00:00:00-04:00,5.923197326964117,6.059536774363748,5.71111338094371,5.832304000854492,64800,0.0,0.0
2023-10-18 00:00:00-04:00,5.75655845955598,5.839877171013944,5.68081434058349,5.718686580657959,41000,0.0,0.0
2023-10-19 00:00:00-04:00,5.695962578155225,5.771706689332206,5.680813755919829,5.688388347625732,28800,0.0,0.0
2023-10-20 00:00:00-04:00,5.6656651061955765,5.726260396982199,5.499028056532364,5.5066022872924805,54400,0.0,0.0
2023-10-23 00:00:00-04:00,5.5974960283841675,5.5974960283841675,5.2945191697070015,5.324817180633545,130200,0.0,0.0
2023-10-24 00:00:00-04:00,5.377836740160484,5.5066019047243815,5.233922753952387,5.339964866638184,57000,0.0,0.0
2023-10-25 00:00:00-04:00,5.370263395082604,5.370263395082604,5.264221264918367,5.302093505859375,30300,0.0,0.0
2023-10-26 00:00:00-04:00,5.279370493545167,5.370263806532199,5.211200960275498,5.264221668243408,39600,0.0,0.0
2023-10-27 00:00:00-04:00,5.28694475870878,5.362688880517352,5.241498285623638,5.256647109985352,17000,0.0,0.0
2023-10-30 00:00:00-04:00,5.256646241850351,5.4232832823091055,5.249071650332207,5.408134460449219,35200,0.0,0.0
2023-10-31 00:00:00-04:00,5.4308587541127595,5.506602875689525,5.3929865127361465,5.453581809997559,22700,0.0,0.0
2023-11-01 00:00:00-04:00,5.559622664073341,5.7186854634285345,5.552048073067676,5.642940998077393,60800,0.0,0.0
2023-11-02 00:00:00-04:00,5.7262609816053045,6.059535476133841,5.635368036145647,5.900472640991211,73700,0.0,0.0
2023-11-03 00:00:00-04:00,5.9989402061418104,6.104982337498143,5.93834490889617,6.059535503387451,44600,0.0,0.0
2023-11-06 00:00:00-05:00,6.00651462118489,6.226173122174741,5.991365796410743,6.044386863708496,57500,0.0,0.0
2023-11-07 00:00:00-05:00,6.135280574891664,6.135280574891664,6.01408960759386,6.089833736419678,18300,0.0,0.0
2023-11-08 00:00:00-05:00,6.120129983963233,6.188299864856224,6.059534694803425,6.0822577476501465,19500,0.0,0.0
2023-11-09 00:00:00-05:00,6.082258559266336,6.180726097878733,5.961067964775054,6.059535503387451,14700,0.0,0.0
2023-11-10 00:00:00-05:00,6.0059796782557555,6.113092590776277,5.845310127062597,5.906517505645752,24200,0.08,0.0
2023-11-13 00:00:00-05:00,5.891215466857272,6.067186856897151,5.891215466857272,5.960073947906494,15800,0.0,0.0
2023-11-14 00:00:00-05:00,5.998328121732318,6.105441019670479,5.921818544094641,5.975375175476074,32600,0.0,0.0
2023-11-15 00:00:00-05:00,5.9677242494064435,6.090138986067189,5.906516516251378,6.028931617736816,15400,0.0,0.0
2023-11-16 00:00:00-05:00,5.990676742430935,6.005978584289551,5.906516429796201,6.005978584289551,19800,0.0,0.0
2023-11-17 00:00:00-05:00,6.059534753965934,6.105440276062687,6.005978129107393,6.0901384353637695,23700,0.0,0.0
2023-11-20 00:00:00-05:00,6.0518839887618805,6.22785571385165,6.0518839887618805,6.105440616607666,27200,0.0,0.0
2023-11-21 00:00:00-05:00,6.01363177501014,6.197254305875049,6.01363177501014,6.120744705200195,13400,0.0,0.0
2023-11-22 00:00:00-05:00,6.166648741143244,6.17429911517061,6.082488059997559,6.082488059997559,12400,0.0,0.0
2023-11-24 00:00:00-05:00,6.059534753965934,6.1436946953976515,6.051883651204146,6.0901384353637695,8600,0.0,0.0
2023-11-27 00:00:00-05:00,6.036582147209467,6.1589972444534515,6.005978464104641,6.105440616607666,17200,0.0,0.0
2023-11-28 00:00:00-05:00,6.113093599202784,6.3043668712402905,6.0748391636901715,6.120744705200195,61000,0.0,0.0
2023-11-29 00:00:00-05:00,6.296713749708222,6.312015956804912,5.96007321972436,5.967724323272705,44800,0.0,0.0
2023-11-30 00:00:00-05:00,5.914168610381023,6.06718705683891,5.8300082824168085,5.906517505645752,18800,0.0,0.0
2023-12-01 00:00:00-05:00,5.98302600391397,6.044233371348436,5.906516429796201,6.005978584289551,39700,0.0,0.0
2023-12-04 00:00:00-05:00,6.0518844962424145,6.197252550417191,5.921818649727898,6.166648864746094,38700,0.0,0.0
2023-12-05 00:00:00-05:00,6.174299113605803,6.27376127243042,6.113091743505948,6.27376127243042,17300,0.0,0.0
2023-12-06 00:00:00-05:00,6.105442555255193,6.357923568276759,5.9524240911434525,6.319668769836426,44800,0.0,0.0
2023-12-07 00:00:00-05:00,6.266110118254801,6.42677964588438,6.212553852261408,6.312016010284424,27800,0.0,0.0
2023-12-08 00:00:00-05:00,6.219306159741709,6.327467531887108,6.14204740524292,6.14204740524292,14800,0.08,0.0
2023-12-11 00:00:00-05:00,6.103418502872086,6.3351936652209195,5.608964454797524,6.2733869552612305,63700,0.0,0.0
2023-12-12 00:00:00-05:00,6.304290496967626,6.327467829690472,6.118870361596607,6.250209808349609,43300,0.0,0.0
2023-12-13 00:00:00-05:00,6.24248250146427,6.257934544631336,6.149772452843788,6.203853130340576,7200,0.0,0.0
2023-12-14 00:00:00-05:00,6.242484324204123,6.366097758458591,6.242484324204123,6.358371734619141,34600,0.0,0.0
2023-12-15 00:00:00-05:00,6.335193313279061,6.4356293955825095,6.335193313279061,6.3738226890563965,15900,0.0,0.0
2023-12-18 00:00:00-05:00,6.342919842855095,6.443355933187544,6.250209775654556,6.312016487121582,24300,0.0,0.0
2023-12-19 00:00:00-05:00,6.4356297058114,6.481985106337572,6.358370950532478,6.3660969734191895,14000,0.0,0.0
2023-12-20 00:00:00-05:00,6.373822247426752,6.389274291384668,6.242482820960498,6.281112194061279,22700,0.0,0.0
2023-12-21 00:00:00-05:00,6.203854052204772,6.234757406337029,6.126595666874128,6.134321689605713,52400,0.0,0.0
2023-12-22 00:00:00-05:00,6.118871642882141,6.234759067557206,6.087968280515838,6.180678367614746,23100,0.0,0.0
2023-12-26 00:00:00-05:00,6.165225352768637,6.20385436317171,6.103418641406074,6.126595973968506,24900,0.0,0.0
2023-12-27 00:00:00-05:00,6.111144507961069,6.203854578218563,6.103418852971481,6.1729512214660645,39000,0.0,0.0
2023-12-28 00:00:00-05:00,6.188402805301011,6.203854114124316,6.10341839639057,6.14204740524292,22800,0.0,0.0
2023-12-29 00:00:00-05:00,6.103417618291529,6.180675994543929,6.072514267790569,6.149772644042969,29300,0.0,0.0
2024-01-02 00:00:00-05:00,6.134321485481986,6.1729504926633805,6.049337080247672,6.057063102722168,44200,0.0,0.0
2024-01-03 00:00:00-05:00,6.057062592540089,6.180675994543929,6.02615924203913,6.149772644042969,76500,0.0,0.0
2024-01-04 00:00:00-05:00,6.172949972720191,6.196128038191406,6.1188692935420095,6.149772644042969,16300,0.0,0.0
2024-01-05 00:00:00-05:00,6.14977261119327,6.304289362872701,6.14977261119327,6.242482662200928,29300,0.0,0.0
2024-01-08 00:00:00-05:00,6.335194110870361,6.335194110870361,6.257936086383083,6.335194110870361,24700,0.0,0.0
2024-01-09 00:00:00-05:00,6.234756921873784,6.327466977066648,6.188402262674364,6.296563625335693,24500,0.0,0.0
2024-01-10 00:00:00-05:00,6.381549806137493,6.420179188540561,6.242484324204123,6.358371734619141,28500,0.0,0.0
2024-01-11 00:00:00-05:00,6.28815632552004,6.444189824311493,6.25694962576175,6.350569725036621,15700,0.08,0.0
2024-01-12 00:00:00-05:00,6.327165603637695,6.373976036100543,6.303760759419563,6.327165603637695,16900,0.0,0.0
2024-01-16 00:00:00-05:00,6.280354111481745,6.311560809485543,6.202336994459068,6.295957088470459,24300,0.0,0.0
2024-01-17 00:00:00-05:00,6.295958382817389,6.295958382817389,6.194536779461004,6.241346836090088,21600,0.0,0.0
2024-01-18 00:00:00-05:00,6.2803553511108205,6.2803553511108205,6.163330024491295,6.202338218688965,27700,0.0,0.0
2024-01-19 00:00:00-05:00,6.20233702756258,6.20233702756258,6.132122142685873,6.178932189941406,23900,0.0,0.0
2024-01-22 00:00:00-05:00,6.186733769402449,6.194535630066293,6.100915534179312,6.147725582122803,28100,0.0,0.0
2024-01-23 00:00:00-05:00,6.139923438713004,6.1789319962094815,6.085311904633744,6.163328647613525,26600,0.0,0.0
2024-01-24 00:00:00-05:00,6.178933376573015,6.233544922852404,6.155528162443807,6.202338218688965,52000,0.0,0.0
2024-01-25 00:00:00-05:00,6.256949740777265,6.350569841773066,6.186734107010596,6.217940807342529,20700,0.0,0.0
2024-01-26 00:00:00-05:00,6.225743483880393,6.2647516783979995,6.20233826955922,6.241346836090088,31200,0.0,0.0
2024-01-29 00:00:00-05:00,6.2647505414127895,6.334965799619728,6.225742353974752,6.256949424743652,15800,0.0,0.0
2024-01-30 00:00:00-05:00,6.29595714699762,6.334965705871582,6.272552309283793,6.334965705871582,31900,0.0,0.0
2024-01-31 00:00:00-05:00,6.311561348895938,6.366172889063304,6.2491479475542535,6.288156509399414,40900,0.0,0.0
2024-02-01 00:00:00-05:00,6.303758948978,6.366172344985595,6.241345552970406,6.295957088470459,23900,0.0,0.0
2024-02-02 00:00:00-05:00,6.288156736753739,6.358371257781982,6.26475115238453,6.358371257781982,30000,0.0,0.0
2024-02-05 00:00:00-05:00,6.4129842736538905,6.506604389703938,6.39738054896561,6.444190979003906,48000,0.0,0.0
2024-02-06 00:00:00-05:00,6.428586864201212,6.5378106983113655,6.428586864201212,6.459793567657471,20200,0.0,0.0
2024-02-07 00:00:00-05:00,6.498802564187496,6.553414112852863,6.491000701799145,6.5300092697143555,36800,0.0,0.0
2024-02-08 00:00:00-05:00,6.553411314994384,6.6158246994018555,6.475394956498159,6.6158246994018555,28200,0.0,0.0
2024-02-09 00:00:00-05:00,6.552819223596447,6.568571553995695,6.4346797500519015,6.544943809509277,34100,0.08,0.0
2024-02-12 00:00:00-05:00,6.411052476794093,6.6473314412502855,6.411052476794093,6.505564212799072,25000,0.0,0.0
2024-02-13 00:00:00-05:00,6.45830703469498,6.497687106776713,6.411051549086821,6.450430870056152,12800,0.0,0.0
2024-02-14 00:00:00-05:00,6.497686849812101,6.537066920336468,6.458306779287736,6.513439178466797,6800,0.0,0.0
2024-02-15 00:00:00-05:00,6.537066920336468,6.537066920336468,6.505563014139449,6.513439178466797,12000,0.0,0.0
2024-02-16 00:00:00-05:00,6.600075463681738,6.607951628881362,6.481935239024738,6.544943809509277,21000,0.0,0.0
2024-02-20 00:00:00-05:00,6.418926492433892,6.615826087307475,6.418926492433892,6.489810466766357,33000,0.0,0.0
2024-02-21 00:00:00-05:00,6.481935009886522,6.576447486716061,6.458307266235352,6.458307266235352,21300,0.0,0.0
2024-02-22 00:00:00-05:00,6.474059350199464,6.505563257575347,6.458307020955322,6.466183185577393,14100,0.0,0.0
2024-02-23 00:00:00-05:00,6.466183895882952,6.481935475744993,6.418927654071863,6.434679985046387,33200,0.0,0.0
2024-02-26 00:00:00-05:00,6.466184147873966,6.466184147873966,6.363796245886892,6.387423992156982,39700,0.0,0.0
2024-02-27 00:00:00-05:00,6.434678820557704,6.489810466766357,6.395298751360518,6.489810466766357,62100,0.0,0.0
2024-02-28 00:00:00-05:00,6.474059363972633,6.474059363972633,6.4346792918909,6.450430870056152,15800,0.0,0.0
2024-02-29 00:00:00-05:00,6.44255544282358,6.474059350199464,6.44255544282358,6.466183185577393,18200,0.0,0.0
2024-03-01 00:00:00-05:00,6.4740591210281275,6.529190769206252,6.450430627998326,6.497686862945557,35300,0.0,0.0
2024-03-04 00:00:00-05:00,6.576448205902351,6.615827532589932,6.513440381867209,6.607952117919922,30200,0.0,0.0
2024-03-05 00:00:00-05:00,6.647329784002834,6.655205947817769,6.537066495043049,6.584321975708008,18600,0.0,0.0
2024-03-06 00:00:00-05:00,6.607952122198146,6.607952122198146,6.544944298122211,6.568572044372559,48600,0.0,0.0
2024-03-07 00:00:00-05:00,6.552819249031838,6.631579399108887,6.552819249031838,6.631579399108887,29700,0.0,0.0
2024-03-08 00:00:00-05:00,6.695191038201978,6.695191038201978,6.623627117823907,6.671336650848389,51200,0.08,0.0
2024-03-11 00:00:00-04:00,6.671336392448863,6.671336392448863,6.560014658581743,6.607724189758301,28100,0.0,0.0
2024-03-12 00:00:00-04:00,6.599773293816747,6.6395311150112635,6.567967188524606,6.631579399108887,22000,0.0,0.0
2024-03-13 00:00:00-04:00,6.591820479255674,6.671336108391838,6.591820479255674,6.6474809646606445,14800,0.0,0.0
2024-03-14 00:00:00-04:00,6.623627662658691,6.623627662658691,6.575918884027167,6.623627662658691,9500,0.0,0.0
2024-03-15 00:00:00-04:00,6.655432460042754,6.655432460042754,6.583868547840594,6.599771976470947,15800,0.0,0.0
2024-03-18 00:00:00-04:00,6.5361608546647965,6.599773063024577,6.5361608546647965,6.575918674468994,26100,0.0,0.0
2024-03-19 00:00:00-04:00,6.560014834804675,6.591820937004369,6.5282087326049805,6.5282087326049805,43200,0.0,0.0
2024-03-20 00:00:00-04:00,6.520257876114999,6.575919131032349,6.520257876114999,6.567967414855957,41700,0.0,0.0
2024-03-21 00:00:00-04:00,6.567967414855958,6.591821805067741,6.5520639825031735,6.567967414855957,25300,0.0,0.0
2024-03-22 00:00:00-04:00,6.560014377626012,6.591820477609085,6.5202565630678615,6.536159992218018,55700,0.0,0.0
2024-03-25 00:00:00-04:00,6.52025792962055,6.567967468753015,6.496403539213016,6.512306213378906,33600,0.0,0.0
2024-03-26 00:00:00-04:00,6.4804997856204025,6.5282093223888555,6.4804997856204025,6.496403217315674,22200,0.0,0.0
2024-03-27 00:00:00-04:00,6.528208277642939,6.552062663050934,6.5202565630678615,6.536159992218018,43300,0.0,0.0
2024-03-28 00:00:00-04:00,6.528209139040489,6.583869631775961,6.520257423416181,6.575918674468994,32300,0.0,0.0
2024-04-01 00:00:00-04:00,6.623627239597066,6.78265775540689,6.552063317903316,6.758803367614746,116100,0.0,0.0
2024-04-02 00:00:00-04:00,6.6872383754056814,6.806511811907349,6.655432277335342,6.782656669616699,54700,0.0,0.0
2024-04-03 00:00:00-04:00,6.830367544371591,6.8383192600383484,6.758803620005464,6.822415828704834,33300,0.0,0.0
2024-04-04 00:00:00-04:00,6.89398014025465,6.901931856367995,6.822416211869308,6.862174034118652,37800,0.0,0.0
2024-04-05 00:00:00-04:00,6.822416078764,6.909882679352174,6.822416078764,6.886028289794922,36900,0.0,0.0
2024-04-08 00:00:00-04:00,6.933736173729662,6.957590557598329,6.901930075799044,6.949638843536377,44500,0.0,0.0
2024-04-09 00:00:00-04:00,6.957592954318141,7.0768656730651855,6.909883411828853,7.0768656730651855,38400,0.0,0.0
2024-04-10 00:00:00-04:00,7.036745847761242,7.092911188261633,6.908366724167618,7.012674331665039,35100,0.08,0.0
2024-04-11 00:00:00-04:00,7.0046514745720305,7.076864502589554,6.8120839099889565,6.964533805847168,40900,0.0,0.0
2024-04-12 00:00:00-04:00,6.964533460999893,7.004651127738338,6.635563696493801,6.739870548248291,41300,0.0,0.0
2024-04-15 00:00:00-04:00,6.699752758234932,6.820107286626643,6.587421303926021,6.619515895843506,29600,0.0,0.0
2024-04-16 00:00:00-04:00,6.579397487654527,6.796036557751661,6.579397487654527,6.747894287109375,21500,0.0,0.0
2024-04-17 00:00:00-04:00,6.747894677406816,6.763942356947584,6.69172932940508,6.731847763061523,15800,0.0,0.0
2024-04-18 00:00:00-04:00,6.699752908213952,6.771965167748246,6.675681389840407,6.6917290687561035,18500,0.0,0.0
2024-04-19 00:00:00-04:00,6.7478948801899,6.763942560212922,6.643587255626755,6.7158002853393555,10600,0.0,0.0
2024-04-22 00:00:00-04:00,6.820107323638252,6.876272668499793,6.6997527945933975,6.723823547363281,32000,0.0,0.0
2024-04-23 00:00:00-04:00,6.763942227758861,6.82010757468786,6.731847634485796,6.788012981414795,30500,0.0,0.0
2024-04-24 00:00:00-04:00,6.828131995999481,6.836155836300171,6.747895123383637,6.779989719390869,13900,0.0,0.0
2024-04-25 00:00:00-04:00,6.755918227100024,6.771965140756313,6.739870548248291,6.739870548248291,8900,0.0,0.0
2024-04-26 00:00:00-04:00,6.812082767486572,6.8201066059640025,6.788012017249633,6.812082767486572,9600,0.0,0.0
2024-04-29 00:00:00-04:00,6.892320733845446,6.972556835978616,6.739870838960113,6.884296894073486,38200,0.0,0.0
2024-04-30 00:00:00-04:00,6.900344168234693,7.157100904289607,6.884296489633545,7.092911720275879,77800,0.0,0.0
2024-05-01 00:00:00-04:00,7.173146863100154,7.173146863100154,6.964532425415452,7.068840026855469,36500,0.0,0.0
2024-05-02 00:00:00-04:00,7.125006312282743,7.125006312282743,7.036746375562725,7.092911720275879,27600,0.0,0.0
2024-05-03 00:00:00-04:00,7.141053691134325,7.141053691134325,7.092912182583936,7.116982936859131,20900,0.0,0.0
2024-05-06 00:00:00-04:00,7.116982083184839,7.116982083184839,7.06884058040897,7.1089582443237305,22100,0.0,0.0
2024-05-07 00:00:00-04:00,7.100935170658012,7.141052834572773,7.100935170658012,7.1089582443237305,24800,0.0,0.0
2024-05-08 00:00:00-04:00,7.076863099892908,7.125005364094196,7.02872160088695,7.068840026855469,27900,0.0,0.0
2024-05-09 00:00:00-04:00,7.125007713717519,7.141054630279541,7.0929131153978915,7.141054630279541,12600,0.0,0.0
2024-05-10 00:00:00-04:00,7.108668078438171,7.108668078438171,7.043896675109863,7.043896675109863,21200,0.08,0.0
2024-05-13 00:00:00-04:00,7.084377765655518,7.084377765655518,7.0519920696122425,7.084377765655518,11100,0.0,0.0
2024-05-14 00:00:00-04:00,7.0519920696122425,7.084377765655518,7.043895452567449,7.084377765655518,13500,0.0,0.0
2024-05-15 00:00:00-04:00,7.084379606970438,7.2058258056640625,7.084379606970438,7.2058258056640625,24200,0.0,0.0
2024-05-16 00:00:00-04:00,7.205823078547937,7.238208770751953,7.17343738634392,7.238208770751953,18100,0.0,0.0
2024-05-17 00:00:00-04:00,7.286788463592529,7.286788463592529,7.222017072353689,7.286788463592529,22000,0.0,0.0
2024-05-20 00:00:00-04:00,7.327270697622683,7.327270697622683,7.230113611805678,7.27869176864624,20000,0.0,0.0
2024-05-21 00:00:00-04:00,7.230116290763538,7.3515625,7.230116290763538,7.3515625,8300,0.0,0.0
2024-05-22 00:00:00-04:00,7.39204181759574,7.408234278571273,7.319173812866211,7.319173812866211,18800,0.0,0.0
2024-05-23 00:00:00-04:00,7.286789128896919,7.40823530552415,7.0681850844047505,7.092474937438965,71800,0.0,0.0
2024-05-24 00:00:00-04:00,6.97912468230048,7.197728729171492,6.97912468230048,7.100571632385254,47700,0.0,0.0
2024-05-28 00:00:00-04:00,7.173438078617465,7.205823773946867,6.954834828177975,7.0681843757629395,34400,0.0,0.0
2024-05-29 00:00:00-04:00,7.0034135396274815,7.060089090043361,6.825292587280273,6.825292587280273,90600,0.0,0.0
2024-05-30 00:00:00-04:00,6.914352097376636,7.0115091774828,6.671459011043307,6.720037937164307,89000,0.0,0.0
2024-05-31 00:00:00-04:00,6.728136190520828,6.792907593017392,6.4852430450907,6.525725364685059,186500,0.0,0.0
2024-06-03 00:00:00-04:00,6.525725365050816,6.541917829607852,6.201867580413818,6.201867580413818,307100,0.0,0.0
2024-06-04 00:00:00-04:00,6.355699139857419,6.533820476707975,6.282831513270722,6.363795757293701,221300,0.0,0.0
2024-06-05 00:00:00-04:00,6.371891646289038,6.541916742635531,6.371891646289038,6.493338584899902,57900,0.0,0.0
2024-06-06 00:00:00-04:00,6.5419178292411875,6.582400148835546,6.4852430450907,6.525725364685059,71700,0.0,0.0
2024-06-07 00:00:00-04:00,6.469049616008229,6.509531934398638,6.38808536529541,6.38808536529541,86200,0.0,0.0
2024-06-10 00:00:00-04:00,6.363796107410977,6.469049437397594,6.299024708629062,6.3314104080200195,95600,0.0,0.0
2024-06-11 00:00:00-04:00,6.388084230565981,6.388084230565981,6.120902057639834,6.226155757904053,111700,0.0,0.0
2024-06-12 00:00:00-04:00,6.290928488472442,6.331410808304508,6.250446168640377,6.323314189910889,62700,0.0,0.0
2024-06-13 00:00:00-04:00,6.290592602548354,6.396935613230731,6.290592602548354,6.380575180053711,33200,0.08,0.0
2024-06-14 00:00:00-04:00,6.37239631486684,6.38875675201416,6.3396754405722,6.38875675201416,33400,0.0,0.0
2024-06-17 00:00:00-04:00,6.388755296229647,6.388755296229647,6.315133150810946,6.33967399597168,35200,0.0,0.0
2024-06-18 00:00:00-04:00,6.33967474406658,6.364215592123187,6.306953873366805,6.331494331359863,28400,0.0,0.0
2024-06-20 00:00:00-04:00,6.315134030022116,6.339674878599498,6.20061098014263,6.266052722930908,67100,0.0,0.0
2024-06-21 00:00:00-04:00,6.298772065606547,6.315132497332923,6.241510749595962,6.306952476501465,32900,0.0,0.0
2024-06-24 00:00:00-04:00,6.266053278377464,6.413297602766935,6.266053278377464,6.38875675201416,32900,0.0,0.0
2024-06-25 00:00:00-04:00,6.396936462822962,6.454197791515797,6.249692154610424,6.331494331359863,59800,0.0,0.0
2024-06-26 00:00:00-04:00,6.306954023223322,6.306954023223322,6.135169252936029,6.1924309730529785,131800,0.0,0.0
2024-06-27 00:00:00-04:00,6.200610014841268,6.233330881141472,6.02064525019014,6.143348693847656,57600,0.0,0.0
2024-06-28 00:00:00-04:00,6.110627354420098,6.126987787347807,6.00428473542173,6.069726467132568,113700,0.0,0.0
2024-07-01 00:00:00-04:00,6.094267637100404,6.249691963195801,6.08608761470777,6.249691963195801,102900,0.0,0.0
2024-07-02 00:00:00-04:00,6.2087911244226985,6.290593299369179,6.176070254444106,6.274232864379883,58200,0.0,0.0
2024-07-03 00:00:00-04:00,6.298772994963737,6.3151334291040255,6.225151236364199,6.257872104644775,31100,0.0,0.0
2024-07-05 00:00:00-04:00,6.249692016864169,6.298773321832058,6.192430689433403,6.274232864379883,103400,0.0,0.0
2024-07-08 00:00:00-04:00,6.241511129691408,6.347854137420654,6.233330718298319,6.347854137420654,63600,0.0,0.0
2024-07-09 00:00:00-04:00,6.331494114351101,6.3887558311448664,6.323314091988297,6.36421537399292,45000,0.0,0.0
2024-07-10 00:00:00-04:00,6.388755201610474,6.388755201610474,6.315133057282136,6.380575180053711,32200,0.0,0.0
2024-07-11 00:00:00-04:00,6.314455509185791,6.397105373028738,6.264865590880022,6.314455509185791,86200,0.08,0.0
2024-07-12 00:00:00-04:00,6.322720563463362,6.330985352626006,6.273130646170608,6.281395435333252,56700,0.0,0.0
2024-07-15 00:00:00-04:00,6.289660323253263,6.306190294907971,6.23180522540898,6.256600379943848,103100,0.0,0.0
2024-07-16 00:00:00-04:00,6.256600182564732,6.281394942211779,6.207010269165039,6.207010269165039,41500,0.0,0.0
2024-07-17 00:00:00-04:00,6.215274942987154,6.25660006711045,6.20701015462585,6.248334884643555,40700,0.0,0.0
2024-07-18 00:00:00-04:00,6.23180627822876,6.273131411399925,6.1987463293340985,6.23180627822876,35700,0.0,0.0
2024-07-19 00:00:00-04:00,6.264864624455621,6.28139459467428,6.231804684018302,6.24006986618042,30100,0.0,0.0
2024-07-22 00:00:00-04:00,6.231805259372972,6.281395174607366,6.157420189468575,6.215275287628174,118700,0.0,0.0
2024-07-23 00:00:00-04:00,6.215275057678856,6.240070211431501,6.198745086545625,6.207010269165039,47500,0.0,0.0
2024-07-24 00:00:00-04:00,6.207010269165039,6.22354024029827,6.198745086545625,6.207010269165039,24900,0.0,0.0
2024-07-25 00:00:00-04:00,6.215275599588411,6.256600728077424,6.182215654439454,6.223540782928467,74900,0.0,0.0
2024-07-26 00:00:00-04:00,6.198745627013933,6.273130700651903,6.198745627013933,6.223540782928467,27900,0.0,0.0
2024-07-29 00:00:00-04:00,6.223540664807931,6.297925342928473,6.223540664807931,6.264865398406982,46000,0.0,0.0
2024-07-30 00:00:00-04:00,6.314455509185791,6.322720692622904,6.256600801548546,6.314455509185791,37500,0.0,0.0
2024-07-31 00:00:00-04:00,6.322722018850821,6.347516786151734,6.314456833680037,6.33925199508667,43100,0.0,0.0
2024-08-01 00:00:00-04:00,6.347513582188039,6.430163815754566,6.347513582188039,6.372308731079102,62300,0.0,0.0
2024-08-02 00:00:00-04:00,6.397105942258058,6.397105942258058,6.355781203712232,6.388841152191162,30400,0.0,0.0
2024-08-05 00:00:00-04:00,6.380575325333196,6.380575325333196,6.198745627013933,6.223540782928467,73300,0.0,0.0
2024-08-06 00:00:00-04:00,6.289660453796387,6.289660453796387,6.240070537803015,6.289660453796387,42600,0.0,0.0
2024-08-07 00:00:00-04:00,6.2979255364172015,6.314455509185791,6.264865590880022,6.314455509185791,22900,0.0,0.0
2024-08-08 00:00:00-04:00,6.314455227037495,6.3805751151574235,6.314455227037495,6.364045143127441,51400,0.0,0.0
2024-08-09 00:00:00-04:00,6.380574769009596,6.4136351053816485,6.364044797876368,6.397104740142822,57100,0.0,0.0
2024-08-12 00:00:00-04:00,6.372051502603883,6.4305104349625175,6.355348893612614,6.3971052169799805,27900,0.08,0.0
2024-08-13 00:00:00-04:00,6.380402778920581,6.388754282750758,6.338646454434557,6.355349063873291,52200,0.0,0.0
2024-08-14 00:00:00-04:00,6.3469977798449015,6.388754503998616,6.3302951698277425,6.3637003898620605,23200,0.0,0.0
2024-08-15 00:00:00-04:00,6.321943759918213,6.397105302270218,6.313592256200426,6.321943759918213,47800,0.0,0.0
2024-08-16 00:00:00-04:00,6.346998592005787,6.42216054581153,6.305242260730573,6.3887553215026855,108900,0.0,0.0
2024-08-19 00:00:00-04:00,6.372051893981457,6.413808219913538,6.33864667394714,6.3637003898620605,63600,0.0,0.0
2024-08-20 00:00:00-04:00,6.346998949844424,6.3804041760366275,6.330296336748321,6.338647842407227,41000,0.0,0.0
2024-08-21 00:00:00-04:00,6.413808219913538,6.413808219913538,6.3302951698277425,6.3637003898620605,37800,0.0,0.0
2024-08-22 00:00:00-04:00,6.355349063873291,6.397105388359314,6.346997560043113,6.355349063873291,24100,0.0,0.0
2024-08-23 00:00:00-04:00,6.346997256950439,6.447212908797172,6.346997256950439,6.422159194946289,54500,0.0,0.0
2024-08-26 00:00:00-04:00,6.43886246042296,6.455565070767934,6.397105735449704,6.413808345794678,76800,0.0,0.0
2024-08-27 00:00:00-04:00,6.5056718895339145,6.5056718895339145,6.438861458549582,6.472266674041748,25100,0.0,0.0
2024-08-28 00:00:00-04:00,6.413808603039678,6.43051121405456,6.346998158980149,6.405457496643066,83600,0.0,0.0
2024-08-29 00:00:00-04:00,6.397105735449704,6.4221598500779855,6.3804031251047295,6.413808345794678,23200,0.0,0.0
2024-08-30 00:00:00-04:00,6.4138087251327685,6.455565452575684,6.4138087251327685,6.455565452575684,30900,0.0,0.0
2024-09-03 00:00:00-04:00,6.422159974168853,6.580834974622893,6.422159974168853,6.463916301727295,117700,0.0,0.0
2024-09-04 00:00:00-04:00,6.539078276864478,6.55578088760376,6.497321949127099,6.55578088760376,35700,0.0,0.0
2024-09-05 00:00:00-04:00,6.539077149019739,6.572482364736649,6.514023436342847,6.564131259918213,43500,0.0,0.0
2024-09-06 00:00:00-04:00,6.5808338677766685,6.5808338677766685,6.514023436342847,6.564131259918213,39500,0.0,0.0
2024-09-09 00:00:00-04:00,6.572483837495806,6.597537954008395,6.5223760026923,6.580835342407227,64200,0.0,0.0
2024-09-10 00:00:00-04:00,6.614239954677496,6.647645174794321,6.580834734560671,6.639293670654297,47700,0.0,0.0
2024-09-11 00:00:00-04:00,6.655996364341105,6.697753487344241,6.639293754072835,6.672698974609375,44300,0.0,0.0
2024-09-12 00:00:00-04:00,6.67269823026797,6.781265384011848,6.6643471251762225,6.722806453704834,77100,0.0,0.0
2024-09-13 00:00:00-04:00,6.6975016593933105,6.722806855855268,6.672196060712508,6.6975016593933105,49200,0.08,0.0
2024-09-16 00:00:00-04:00,6.697500794193091,6.731241319929576,6.638454673044843,6.655324935913086,69700,0.0,0.0
2024-09-17 00:00:00-04:00,6.663761213283811,6.722806940585114,6.613150417503187,6.689066410064697,92800,0.0,0.0
2024-09-18 00:00:00-04:00,6.7143719341318215,6.7481124642756924,6.621585275126754,6.663761138916016,54100,0.0,0.0
2024-09-19 00:00:00-04:00,6.680631478544019,6.722806940585114,6.621585349023865,6.689066410064697,53500,0.0,0.0
2024-09-20 00:00:00-04:00,6.722807089758379,6.739677355392924,6.680631626781447,6.714372158050537,27800,0.0,0.0
2024-09-23 00:00:00-04:00,6.705936600486431,6.7143719341318215,6.655325805270625,6.663761138916016,39900,0.0,0.0
2024-09-24 00:00:00-04:00,6.663761361146903,6.739677355392924,6.663761361146903,6.714372158050537,47600,0.0,0.0
2024-09-25 00:00:00-04:00,6.72280758046578,6.72280758046578,6.672196779867991,6.6806321144104,28700,0.0,0.0
2024-09-26 00:00:00-04:00,6.680631626781447,6.722807089758379,6.680631626781447,6.714372158050537,30300,0.0,0.0
2024-09-27 00:00:00-04:00,6.714371522795031,6.748112050871885,6.705936189666407,6.722806453704834,35200,0.0,0.0
2024-09-30 00:00:00-04:00,6.7312424973990055,6.7481127632182965,6.7143722315797145,6.739677429199219,34800,0.0,0.0
2024-10-01 00:00:00-04:00,6.74811164156515,6.832463358859752,6.697500852519667,6.756546974182129,51000,0.0,0.0
2024-10-02 00:00:00-04:00,6.773417886662013,6.790288554515418,6.68906655848929,6.714372158050537,80800,0.0,0.0
2024-10-03 00:00:00-04:00,6.739676717743261,6.773417245820115,6.714371522795031,6.722806453704834,40200,0.0,0.0
2024-10-04 00:00:00-04:00,6.731241845735987,6.7987233046990205,6.731241845735987,6.790287971496582,41400,0.0,0.0
2024-10-07 00:00:00-04:00,6.824028838609176,6.832464172230339,6.705936581225961,6.7312421798706055,69500,0.0,0.0
2024-10-08 00:00:00-04:00,6.739676717743261,6.815593107025593,6.680630994718178,6.722806453704834,48300,0.0,0.0
2024-10-09 00:00:00-04:00,6.756548001743275,6.79872386680484,6.705936802781854,6.781853199005127,56500,0.0,0.0
2024-10-10 00:00:00-04:00,6.781852322488197,6.8155928492891285,6.781852322488197,6.807157516479492,39400,0.0,0.0
2024-10-11 00:00:00-04:00,6.832716606769072,6.858275168112104,6.790118056623333,6.824196815490723,51500,0.08,0.0
2024-10-14 00:00:00-04:00,6.807159039315256,6.900875143262033,6.807159039315256,6.849757194519043,87300,0.0,0.0
2024-10-15 00:00:00-04:00,6.900873132018488,6.900873132018488,6.841235407117572,6.875313758850098,54500,0.0,0.0
2024-10-16 00:00:00-04:00,6.892353340962358,6.900873132018488,6.832716428553436,6.875313758850098,20800,0.0,0.0
2024-10-17 00:00:00-04:00,6.841236595244948,6.909393310546875,6.841236595244948,6.909393310546875,42800,0.0,0.0
2024-10-18 00:00:00-04:00,6.8923540115356445,6.9093927828136525,6.866795448372596,6.8923540115356445,37400,0.0,0.0
2024-10-21 00:00:00-04:00,6.9179131030826495,6.9179131030826495,6.892354537967461,6.909393310546875,30000,0.0,0.0
2024-10-22 00:00:00-04:00,6.926431655883789,6.93495144689464,6.909392073862087,6.926431655883789,20100,0.0,0.0
2024-10-23 00:00:00-04:00,6.934952158468774,6.934952158468774,6.883834219650604,6.8923540115356445,18000,0.0,0.0
2024-10-24 00:00:00-04:00,6.892354537967461,6.926432895618424,6.875314952895911,6.909393310546875,15600,0.0,0.0
2024-10-25 00:00:00-04:00,6.9093922151930505,6.934951588748419,6.8923534453148125,6.917912006378174,28100,0.0,0.0
2024-10-28 00:00:00-04:00,6.91791329157861,6.91791329157861,6.8582763671875,6.8582763671875,24600,0.0,0.0
2024-10-29 00:00:00-04:00,6.858276224102946,6.917913147249847,6.858276224102946,6.866796016693115,39400,0.0,0.0
2024-10-30 00:00:00-04:00,6.858274989229832,6.892353340962358,6.858274989229832,6.875313758850098,16000,0.0,0.0
2024-10-31 00:00:00-04:00,6.858276224102946,6.875314996791143,6.858276224102946,6.866796016693115,30400,0.0,0.0
2024-11-01 00:00:00-04:00,6.926431692694885,6.934951483751014,6.866794780285963,6.875313758850098,35100,0.0,0.0
2024-11-04 00:00:00-05:00,6.866794884251452,6.926431797563296,6.866794884251452,6.917912006378174,18200,0.0,0.0
2024-11-05 00:00:00-05:00,6.9179125746986925,6.9179125746986925,6.866795448372596,6.8923540115356445,31800,0.0,0.0
2024-11-06 00:00:00-05:00,6.900873903521308,6.943471238580259,6.900873903521308,6.934952259063721,35700,0.0,0.0
2024-11-07 00:00:00-05:00,6.934952500358048,7.011628193627263,6.934952500358048,6.969030857086182,56300,0.0,0.0
2024-11-08 00:00:00-05:00,7.028667972505766,7.147942630596972,6.917913106955104,6.977550029754639,104200,0.0,0.0
2024-11-11 00:00:00-05:00,7.020146956836332,7.020146956836332,6.858274989229832,6.875313758850098,64400,0.0,0.0
2024-11-12 00:00:00-05:00,6.858104743635988,6.952758753336732,6.858104743635988,6.892524719238281,62800,0.08,0.0
2024-11-13 00:00:00-05:00,6.8839191860153575,6.961363408158369,6.8839191860153575,6.952758312225342,25200,0.0,0.0
2024-11-14 00:00:00-05:00,6.969969397217178,6.978573673625633,6.918339635630339,6.926944732666016,24100,0.0,0.0
2024-11-15 00:00:00-05:00,6.926944858048444,6.952759328995512,6.85810531145782,6.883920192718506,31800,0.0,0.0
2024-11-18 00:00:00-05:00,6.8667102843571115,6.969969397217178,6.8667102843571115,6.926944732666016,47400,0.0,0.0
2024-11-19 00:00:00-05:00,6.926944826461277,6.926944826461277,6.901130355631923,6.918339729309082,18300,0.0,0.0
2024-11-20 00:00:00-05:00,6.892524626232361,6.926944191056622,6.892524626232361,6.901129722595215,20500,0.0,0.0
2024-11-21 00:00:00-05:00,6.883918854368557,6.926943511333776,6.875313758850098,6.875313758850098,30400,0.0,0.0
2024-11-22 00:00:00-05:00,6.866709747457375,6.9699688522437375,6.866709747457375,6.901129722595215,41900,0.0,0.0
2024-11-25 00:00:00-05:00,6.901130387101375,6.944154231804077,6.883920192718506,6.883920192718506,38300,0.0,0.0
2024-11-26 00:00:00-05:00,6.866710408649254,6.883920192718506,6.85810531145782,6.883920192718506,32200,0.0,0.0
2024-11-27 00:00:00-05:00,6.883919529869506,6.909733998330913,6.875314433506651,6.901129722595215,16300,0.0,0.0
2024-11-29 00:00:00-05:00,6.909733998330913,6.909733998330913,6.901129722595215,6.901129722595215,17400,0.0,0.0
2024-12-02 00:00:00-05:00,6.909734981199752,6.987179218227113,6.901130704240147,6.96136474609375,69500,0.0,0.0
2024-12-03 00:00:00-05:00,6.995783515501065,6.995783515501065,6.944153756513477,6.978573322296143,26700,0.0,0.0
2024-12-04 00:00:00-05:00,6.995784249879064,7.073228486176516,6.995784249879064,7.030203819274902,26100,0.0,0.0
2024-12-05 00:00:00-05:00,6.969968953304996,7.064622552787358,6.952758760329748,6.987178325653076,48300,0.0,0.0
2024-12-06 00:00:00-05:00,7.0129927373736765,7.0560173988342285,7.0129927373736765,7.0560173988342285,18600,0.0,0.0
2024-12-09 00:00:00-05:00,7.056017782143317,7.073227975913324,7.021598215230509,7.06462287902832,32500,0.0,0.0
2024-12-10 00:00:00-05:00,7.073228038965754,7.1076476061853855,7.021598277822698,7.090437412261963,30600,0.0,0.0
2024-12-11 00:00:00-05:00,7.090437086732145,7.099042183298787,7.012992858886719,7.012992858886719,32800,0.0,0.0
2024-12-12 00:00:00-05:00,7.0825147571526434,7.19548748992013,7.004303630248045,7.039064407348633,75400,0.08,0.0
2024-12-13 00:00:00-05:00,6.986922235760212,7.0129926091877985,6.926090673793987,6.934781074523926,41000,0.0,0.0
2024-12-16 00:00:00-05:00,6.926090673793987,6.952161461602688,6.891329899636463,6.934781074523926,41600,0.0,0.0
2024-12-17 00:00:00-05:00,6.952161584296872,6.952161584296872,6.83049887259839,6.865259647369385,48000,0.0,0.0
2024-12-18 00:00:00-05:00,6.952160994695594,6.952160994695594,6.639313633907587,6.87394905090332,81000,0.0,0.0
2024-12-19 00:00:00-05:00,6.726216878506795,6.900021185983293,6.656695321268663,6.665385723114014,84200,0.0,0.0
2024-12-20 00:00:00-05:00,6.674074458335114,6.769666788792334,6.674074458335114,6.700145244598389,23500,0.0,0.0
2024-12-23 00:00:00-05:00,6.700145106812491,6.769666649576753,6.621933164012156,6.656693935394287,59400,0.0,0.0
2024-12-24 00:00:00-05:00,6.656693935394287,6.682764721121426,6.604552778321091,6.656693935394287,10700,0.0,0.0
2024-12-26 00:00:00-05:00,6.630624294281006,6.700145844701698,6.6219338932878555,6.630624294281006,31900,0.0,0.0
2024-12-27 00:00:00-05:00,6.6393142808930286,6.700145844701698,6.613243906675833,6.630624294281006,28200,0.0,0.0
2024-12-30 00:00:00-05:00,6.639314607277146,6.700146174076252,6.630624620237929,6.64800500869751,28900,0.0,0.0
2024-12-31 00:00:00-05:00,6.6740749768285665,6.70014576511722,6.6219338146323805,6.691455364227295,49900,0.0,0.0
2025-01-02 00:00:00-05:00,6.69145582061282,6.804428553600333,6.69145582061282,6.7522873878479,63400,0.0,0.0
2025-01-03 00:00:00-05:00,6.283016798112225,6.300397187571659,5.77898508940748,5.8224358558654785,481700,0.0,0.0
2025-01-06 00:00:00-05:00,5.822435789460981,5.883267359065804,5.770294621677346,5.778985023498535,201800,0.0,0.0
2025-01-07 00:00:00-05:00,5.761603875713706,5.857195796874969,5.6573215538753585,5.752913475036621,141000,0.0,0.0
2025-01-08 00:00:00-05:00,5.7529138336047785,5.944098516605704,5.735533445548434,5.935408115386963,115300,0.0,0.0
2025-01-10 00:00:00-05:00,5.865886537830478,5.926718102955559,5.8311257618678995,5.883266925811768,87000,0.0,0.0
2025-01-13 00:00:00-05:00,5.878003066922094,5.878003066922094,5.702540451144311,5.790271759033203,205900,0.064,0.0
2025-01-14 00:00:00-05:00,5.755179490656545,5.834137880419933,5.737633228302002,5.737633228302002,53700,0.0,0.0
2025-01-15 00:00:00-05:00,5.799044834307412,5.921868659745879,5.799044834307412,5.851683616638184,44300,0.0,0.0
2025-01-16 00:00:00-05:00,5.83413718962806,5.921868491012934,5.83413718962806,5.886775970458984,55400,0.0,0.0
2025-01-17 00:00:00-05:00,5.860455733979372,5.921867847442627,5.834136555592118,5.921867847442627,59200,0.0,0.0
2025-01-21 00:00:00-05:00,5.921869107567301,5.965734971994746,5.9043228454635,5.956961631774902,71600,0.0,0.0
2025-01-22 00:00:00-05:00,5.948188585708163,6.000827370920605,5.878003120422363,5.878003120422363,99200,0.0,0.0
2025-01-23 00:00:00-05:00,5.878002798635642,5.956961181299727,5.83413735586126,5.851683616638184,86400,0.0,0.0
2025-01-24 00:00:00-05:00,5.860456300363881,5.921868419762318,5.816590859367144,5.8955488204956055,54900,0.0,0.0
2025-01-27 00:00:00-05:00,5.8867760666884275,5.895548987802401,5.816591024433233,5.860456466674805,57200,0.0,0.0
2025-01-28 00:00:00-05:00,5.860456930241939,5.8780031921936615,5.842910668290216,5.869230270385742,34700,0.0,0.0
2025-01-29 00:00:00-05:00,5.842910543766537,5.878003066922094,5.781498837412251,5.790271759033203,143700,0.0,0.0
2025-01-30 00:00:00-05:00,5.816591095084336,5.8692298774151075,5.790271494751022,5.851683616638184,40000,0.0,0.0
2025-01-31 00:00:00-05:00,5.860456981036053,5.956961631774902,5.834137797048296,5.956961631774902,65200,0.0,0.0
2025-02-03 00:00:00-05:00,5.948188894714225,5.948188894714225,5.8429109004843145,5.913095951080322,88800,0.0,0.0
2025-02-04 00:00:00-05:00,5.930642225543894,5.965734748436449,5.860456761422914,5.904322624206543,35900,0.0,0.0
2025-02-05 00:00:00-05:00,5.939415147099098,5.948188486990172,5.886776362760266,5.904322624206543,106000,0.0,0.0
2025-02-06 00:00:00-05:00,5.92186888565282,5.930642225543894,5.869230101313989,5.904322624206543,79200,0.0,0.0
2025-02-07 00:00:00-05:00,5.9043227221965235,5.948188585708163,5.869230198721562,5.878003120422363,123300,0.0,0.0
2025-02-10 00:00:00-05:00,5.878002855545599,5.956961238974148,5.851683673293323,5.939414978027344,95800,0.0,0.0
2025-02-11 00:00:00-05:00,5.93941504940162,5.974507571716937,5.921868788243962,5.930642127990723,64600,0.0,0.0
2025-02-12 00:00:00-05:00,5.921867847442627,5.956960364182831,5.913094509089677,5.921867847442627,25800,0.0,0.0
2025-02-13 00:00:00-05:00,5.943125794680567,5.996268448270018,5.916554256715707,5.934268474578857,84000,0.064,0.0
2025-02-14 00:00:00-05:00,5.969697017883301,5.996268556326998,5.872269029050387,5.8811259269714355,76900,0.0,0.0
2025-02-18 00:00:00-05:00,5.889983552901621,5.898840451282311,5.774840917570572,5.810269355773926,141300,0.0,0.0
2025-02-19 00:00:00-05:00,5.810269285373882,5.854555043761635,5.801412387100506,5.819126605987549,52400,0.0,0.0
2025-02-20 00:00:00-05:00,5.810268493173345,5.863411142588744,5.810268493173345,5.845696926116943,37200,0.0,0.0
2025-02-21 00:00:00-05:00,5.836841021364199,5.872269460330936,5.801412582397461,5.801412582397461,40900,0.0,0.0
2025-02-24 00:00:00-05:00,5.836841021364199,5.872269460330936,5.783698362914092,5.801412582397461,36400,0.0,0.0
2025-02-25 00:00:00-05:00,5.783697605133057,5.827982936869054,5.783697605133057,5.783697605133057,30100,0.0,0.0
2025-02-26 00:00:00-05:00,5.801412582397461,5.84569791993573,5.783698362914092,5.801412582397461,17300,0.0,0.0
2025-02-27 00:00:00-05:00,5.81912680188083,5.863412139419099,5.792555261485623,5.801412582397461,40500,0.0,0.0
2025-02-28 00:00:00-05:00,5.819126676494913,5.83684089559659,5.792555136672249,5.810269355773926,30400,0.0,0.0
2025-03-03 00:00:00-05:00,5.845697597871431,5.8811260348862655,5.792554942349179,5.827983379364014,118200,0.0,0.0
2025-03-04 00:00:00-05:00,5.827983504260924,5.836840824874592,5.774840847599796,5.819126605987549,85300,0.0,0.0
2025-03-05 00:00:00-05:00,5.810270271603804,5.987412912882555,5.801413371827067,5.898841381072998,117100,0.0,0.0
2025-03-06 00:00:00-05:00,5.898840820640224,5.907698141915816,5.8279839397967885,5.863412380218506,38800,0.0,0.0
2025-03-07 00:00:00-05:00,5.898840145153809,5.898840145153809,5.819126374503268,5.8811259269714355,127100,0.0,0.0
2025-03-10 00:00:00-04:00,5.863411550850201,5.9254115239885925,5.827983115439768,5.854554653167725,145100,0.0,0.0
2025-03-11 00:00:00-04:00,5.872268870872942,5.898839986260635,5.827983115439768,5.854554653167725,29100,0.0,0.0
2025-03-12 00:00:00-04:00,5.872269701494098,5.872269701494098,5.83684126107238,5.863412380218506,15000,0.0,0.0
2025-03-13 00:00:00-04:00,5.831214427947998,5.893819644534617,5.822271069271708,5.831214427947998,17400,0.064,0.0
2025-03-14 00:00:00-04:00,5.822270847490571,5.822270847490571,5.697060419086831,5.804383277893066,148600,0.0,0.0
2025-03-17 00:00:00-04:00,5.786496639251709,5.804383783945564,5.768609494557854,5.786496639251709,30400,0.0,0.0
2025-03-18 00:00:00-04:00,5.7775540668377126,5.80438457430029,5.759666919708252,5.759666919708252,33200,0.0,0.0
2025-03-19 00:00:00-04:00,5.7686094865754205,5.822271347045898,5.759666127472452,5.822271347045898,18800,0.0,0.0
2025-03-20 00:00:00-04:00,5.786497270609966,5.965369163528198,5.786497270609966,5.84910249710083,56400,0.0,0.0
2025-03-21 00:00:00-04:00,5.849101571763725,5.858045356903163,5.813327284132271,5.831214427947998,18000,0.0,0.0
2025-03-24 00:00:00-04:00,5.858045385458354,5.875932529361273,5.813327312469482,5.813327312469482,35200,0.0,0.0
2025-03-25 00:00:00-04:00,5.813326862672739,5.813326862672739,5.768608793143856,5.795439720153809,50300,0.0,0.0
2025-03-26 00:00:00-04:00,5.768609494557854,5.804383783945564,5.768609494557854,5.786496639251709,19700,0.0,0.0
2025-03-27 00:00:00-04:00,5.786497427170829,5.80438457430029,5.723892625449331,5.759666919708252,30700,0.0,0.0
2025-03-28 00:00:00-04:00,5.777554035186768,5.80438454250236,5.723892594092358,5.777554035186768,31100,0.0,0.0
2025-03-31 00:00:00-04:00,5.777554035186768,5.795441182218238,5.75072310140795,5.777554035186768,20200,0.0,0.0
2025-04-01 00:00:00-04:00,5.7775533093970015,5.7775533093970015,5.732835234204303,5.768609523773193,30500,0.0,0.0
2025-04-02 00:00:00-04:00,5.777553280136366,5.822271355102588,5.768609494557854,5.786496639251709,75400,0.0,0.0
2025-04-03 00:00:00-04:00,5.759666135442511,5.813327569524076,5.7417789907486565,5.786496639251709,63100,0.0,0.0
2025-04-04 00:00:00-04:00,5.750722219557849,5.768609363846397,5.464527910941072,5.571850776672363,91400,0.0,0.0
2025-04-07 00:00:00-04:00,5.491358395174884,5.5629069720819455,5.276712664453699,5.419809818267822,127000,0.0,0.0
2025-04-08 00:00:00-04:00,5.473472496756299,5.723892999391977,5.473472496756299,5.527133941650391,38700,0.0,0.0
2025-04-09 00:00:00-04:00,5.598682117338415,5.598682117338415,5.384035943655405,5.455584526062012,253600,0.0,0.0
2025-04-10 00:00:00-04:00,5.51819012650393,5.51819012650393,5.339318231784189,5.392980098724365,80300,0.0,0.0
2025-04-11 00:00:00-04:00,5.315240057580119,5.423714238909163,5.315240057580119,5.396595478057861,67400,0.064,0.0
2025-04-14 00:00:00-04:00,5.43275311619594,5.505069225723005,5.4237133869860505,5.468911170959473,66800,0.0,0.0
2025-04-15 00:00:00-04:00,5.4960296006919895,5.523148357797689,5.432753219175391,5.477950572967529,39700,0.0,0.0
2025-04-16 00:00:00-04:00,5.496030228024893,5.5141092578129465,5.450832869073797,5.486990928649902,37200,0.0,0.0
2025-04-17 00:00:00-04:00,5.5141092578129465,5.541228018014061,5.423714108872682,5.486990928649902,65800,0.0,0.0
2025-04-21 00:00:00-04:00,5.3965952265836385,5.432753716379795,5.37851619720459,5.37851619720459,56600,0.0,0.0
2025-04-22 00:00:00-04:00,5.324278859289505,5.441792760259419,5.324278859289505,5.360436916351318,64800,0.0,0.0
2025-04-23 00:00:00-04:00,5.4508327720445,5.468911801510731,5.40563498285989,5.414674282073975,34400,0.0,0.0
2025-04-24 00:00:00-04:00,5.41467487072822,5.541228521788131,5.41467487072822,5.523149490356445,54600,0.0,0.0
2025-04-25 00:00:00-04:00,5.505069835500943,5.586425252211349,5.4689117767323046,5.514109134674072,59700,0.0,0.0
2025-04-28 00:00:00-04:00,5.523148788401437,5.568346145717318,5.523148788401437,5.5412278175354,24200,0.0,0.0
2025-04-29 00:00:00-04:00,5.52314894180274,5.622583389282227,5.52314894180274,5.622583389282227,24600,0.0,0.0
2025-04-30 00:00:00-04:00,5.586425106559477,5.64066219329834,5.577385807622024,5.64066219329834,17700,0.0,0.0
2025-05-01 00:00:00-04:00,5.649702322805372,5.6768210836115935,5.622583561999151,5.667781352996826,86900,0.0,0.0
2025-05-02 00:00:00-04:00,5.68586038318828,5.68586038318828,5.622583561999151,5.667781352996826,34400,0.0,0.0
2025-05-05 00:00:00-04:00,5.676820585730531,5.92992698621239,5.649701827302739,5.767215728759766,89200,0.0,0.0
2025-05-06 00:00:00-04:00,5.776255253192778,5.7852949833678595,5.712978866119445,5.749136924743652,30300,0.0,0.0
2025-05-07 00:00:00-04:00,5.767215579502545,5.785294607640501,5.749136551364588,5.758175849914551,17500,0.0,0.0
2025-05-08 00:00:00-04:00,5.785295756983897,5.857611883902503,5.767216725254246,5.839532852172852,60600,0.0,0.0
2025-05-09 00:00:00-04:00,5.893769545225888,5.893769545225888,5.803374392745355,5.812413692474365,44100,0.0,0.0
2025-05-12 00:00:00-04:00,5.861717318662202,5.889108276952344,5.761282789065007,5.770413398742676,84800,0.064,0.0
2025-05-13 00:00:00-04:00,5.770414012649189,5.879978728209061,5.733892440795898,5.733892440795898,53500,0.0,0.0
2025-05-14 00:00:00-04:00,5.75215270863344,5.770413492915359,5.69736992041624,5.70650053024292,38200,0.0,0.0
2025-05-15 00:00:00-04:00,5.70650104422019,5.752153226722544,5.697370433571129,5.733892440795898,31700,0.0,0.0
2025-05-16 00:00:00-04:00,5.733891609052664,5.925629615783691,5.7156308257748805,5.925629615783691,41800,0.0,0.0
2025-05-19 00:00:00-04:00,5.87084793947306,5.88910872484578,5.7338922668633865,5.743022441864014,20300,0.0,0.0
2025-05-20 00:00:00-04:00,5.752153226722544,5.788674798575834,5.733892440795898,5.733892440795898,11400,0.0,0.0
2025-05-21 00:00:00-04:00,5.761282883088679,5.761282883088679,5.688239745961001,5.70650053024292,25000,0.0,0.0
2025-05-22 00:00:00-04:00,5.724761926210149,5.743022712443215,5.669979567510947,5.697370529174805,13400,0.0,0.0
2025-05-23 00:00:00-04:00,5.669978961679081,5.72476131452484,5.642587567570481,5.70650053024292,30200,0.0,0.0
2025-05-27 00:00:00-04:00,5.706500398532255,5.770413359729531,5.679109005055872,5.715631008148193,37900,0.0,0.0
2025-05-28 00:00:00-04:00,5.706500010669135,5.706500010669135,5.651717662811279,5.651717662811279,24600,0.0,0.0
2025-05-29 00:00:00-04:00,5.6882392280498495,5.752152184903048,5.633456880191994,5.651717662811279,46500,0.0,0.0
2025-05-30 00:00:00-04:00,5.669978961679081,5.70650053024292,5.660848351852401,5.70650053024292,21900,0.0,0.0
2025-06-02 00:00:00-04:00,5.7247612210971965,5.770413398742676,5.7065004371132915,5.770413398742676,68400,0.0,0.0
2025-06-03 00:00:00-04:00,5.743022270882527,5.7704136658118435,5.715631311324663,5.724761486053467,102700,0.0,0.0
2025-06-04 00:00:00-04:00,5.733892096153723,5.752152880982783,5.67910930629509,5.724761486053467,65300,0.0,0.0
2025-06-05 00:00:00-04:00,5.761283402000127,5.761283402000127,5.715631654869252,5.733892440795898,64500,0.0,0.0
2025-06-06 00:00:00-04:00,5.743022309607464,5.770413704721479,5.70650073970308,5.752152919769287,19700,0.0,0.0
2025-06-09 00:00:00-04:00,5.761282920837402,5.761282920837402,5.697369957746197,5.761282920837402,32400,0.0,0.0
2025-06-10 00:00:00-04:00,5.77954370523897,5.77954370523897,5.733891961920773,5.761282920837402,27700,0.0,0.0
2025-06-11 00:00:00-04:00,5.788674354553223,5.788674354553223,5.752152785501333,5.788674354553223,51800,0.0,0.0
2025-06-12 00:00:00-04:00,5.856928089641908,5.866151809692383,5.801587088772596,5.866151809692383,101100,0.064,0.0
2025-06-13 00:00:00-04:00,5.866151721404677,5.866151721404677,5.76469300143234,5.773916721343994,66300,0.0,0.0
2025-06-16 00:00:00-04:00,5.79236477669077,5.829258783436914,5.773917773317699,5.80158805847168,25200,0.0,0.0
2025-06-17 00:00:00-04:00,5.810810903285185,5.8292579038748356,5.773916902105885,5.783140182495117,29500,0.0,0.0
2025-06-18 00:00:00-04:00,5.801586370203279,5.820033368208253,5.783139372198305,5.810810089111328,30400,0.0,0.0
2025-06-20 00:00:00-04:00,5.810810721368267,5.820034001468749,5.773916721343994,5.773916721343994,18200,0.0,0.0
2025-06-23 00:00:00-04:00,5.80158805847168,5.810811780063842,5.773917773317699,5.80158805847168,51400,0.0,0.0
2025-06-24 00:00:00-04:00,5.820034027099609,5.820034027099609,5.773916746771758,5.820034027099609,26400,0.0,0.0
2025-06-25 00:00:00-04:00,5.820034881617681,5.829258602924216,5.792364597320557,5.792364597320557,37900,0.0,0.0
2025-06-26 00:00:00-04:00,5.810810669536055,5.856927949249446,5.801586949706675,5.8384809494018555,41600,0.0,0.0
2025-06-27 00:00:00-04:00,5.84770474714526,5.85692802728636,5.773916746771758,5.820034027099609,75800,0.0,0.0
2025-06-30 00:00:00-04:00,5.820033949554266,5.884598668926415,5.820033949554266,5.8384809494018555,36100,0.0,0.0
2025-07-01 00:00:00-04:00,5.884598731994629,5.884598731994629,5.856928012021099,5.884598731994629,57200,0.0,0.0
2025-07-02 00:00:00-04:00,5.884598809982154,5.884598809982154,5.866151809692383,5.866151809692383,62600,0.0,0.0
2025-07-03 00:00:00-04:00,5.8661517319493335,5.903045732039925,5.8661517319493335,5.884598731994629,23700,0.0,0.0
2025-07-07 00:00:00-04:00,5.884598731994629,5.930716012202282,5.875375012066394,5.884598731994629,78100,0.0,0.0
2025-07-08 00:00:00-04:00,5.903045732039925,5.912269012156986,5.875375012066394,5.884598731994629,33500,0.0,0.0
2025-07-09 00:00:00-04:00,5.903045757468691,5.930716037750244,5.88459875734393,5.930716037750244,93700,0.0,0.0
2025-07-10 00:00:00-04:00,5.9491632797446545,5.986057281494141,5.930716278869911,5.986057281494141,68100,0.0,0.0
2025-07-11 00:00:00-04:00,5.980469034039926,5.99909976070519,5.915261268615723,5.915261268615723,63000,0.064,0.0
2025-07-14 00:00:00-04:00,5.933891296386719,5.961837605188877,5.905945431776071,5.933891296386719,36300,0.0,0.0
2025-07-15 00:00:00-04:00,5.933890905624993,5.933890905624993,5.850052873122485,5.887314319610596,39700,0.0,0.0
2025-07-16 00:00:00-04:00,5.905946254730225,5.924576981797228,5.877999942033935,5.905946254730225,10900,0.0,0.0
2025-07-17 00:00:00-04:00,5.896630252619154,5.91526097837026,5.850053660337161,5.859368801116943,46000,0.0,0.0
2025-07-18 00:00:00-04:00,5.896630030775275,5.915260755825453,5.850053440245592,5.877999305725098,27900,0.0,0.0
2025-07-21 00:00:00-04:00,5.905945837590477,5.905945837590477,5.840738075365838,5.859368801116943,17800,0.0,0.0
2025-07-22 00:00:00-04:00,5.868684513386673,5.868684513386673,5.82210747590283,5.850053787231445,38000,0.0,0.0
2025-07-23 00:00:00-04:00,5.850053660337161,5.868684386088266,5.840738075365838,5.859368801116943,28400,0.0,0.0
2025-07-24 00:00:00-04:00,5.868684386088266,5.868684386088266,5.850053660337161,5.859368801116943,34000,0.0,0.0
2025-07-25 00:00:00-04:00,5.868684386088266,5.868684386088266,5.850053660337161,5.859368801116943,25100,0.0,0.0
2025-07-28 00:00:00-04:00,5.868683815002441,5.896629678813897,5.868683815002441,5.868683815002441,31200,0.0,0.0
2025-07-29 00:00:00-04:00,5.877999815285195,5.9338919952809865,5.877999815285195,5.915261268615723,56600,0.0,0.0
2025-07-30 00:00:00-04:00,5.924576981797228,5.924576981797228,5.896630669100938,5.905946254730225,32400,0.0,0.0
2025-07-31 00:00:00-04:00,5.924576118959524,5.924576118959524,5.887314670252166,5.896629810333252,28100,0.0,0.0
2025-08-01 00:00:00-04:00,5.933891296386719,5.933891296386719,5.915260571915784,5.933891296386719,52300,0.0,0.0
2025-08-04 00:00:00-04:00,5.943206880717941,5.943206880717941,5.915260571915784,5.933891296386719,56800,0.0,0.0
2025-08-05 00:00:00-04:00,5.933891296386719,5.943206880717941,5.915260571915784,5.933891296386719,31200,0.0,0.0
2025-08-06 00:00:00-04:00,5.943206529032537,5.943206529032537,5.9245758056640625,5.9245758056640625,46000,0.0,0.0
2025-08-07 00:00:00-04:00,5.943207263946533,5.961837989618811,5.933891679014626,5.943207263946533,56500,0.0,0.0
2025-08-08 00:00:00-04:00,5.961838307374663,5.971153448611513,5.915261268615723,5.915261268615723,39600,0.0,0.0
2025-08-11 00:00:00-04:00,5.93784591181217,5.947256342671388,5.890795103658203,5.909615516662598,75500,0.064,0.0
2025-08-12 00:00:00-04:00,5.909614256882378,5.966075483859458,5.871972990183713,5.881383419036865,68900,0.0,0.0
2025-08-13 00:00:00-04:00,5.900204181671143,5.956665412032353,5.890794200967926,5.900204181671143,52300,0.0,0.0
2025-08-14 00:00:00-04:00,5.919024419641906,5.937844829214935,5.900204010068879,5.9284348487854,30900,0.0,0.0
2025-08-15 00:00:00-04:00,5.937845230102539,5.937845230102539,5.900204408415201,5.937845230102539,57800,0.0,0.0
2025-08-18 00:00:00-04:00,5.966076677393214,5.966076677393214,5.909615439120872,5.919025421142578,25300,0.0,0.0
2025-08-19 00:00:00-04:00,5.93784591181217,5.93784591181217,5.900205085803379,5.909615516662598,27000,0.0,0.0
2025-08-20 00:00:00-04:00,5.919024591791546,5.919024591791546,5.900204181671143,5.900204181671143,29000,0.0,0.0
2025-08-21 00:00:00-04:00,5.919024591791546,5.919024591791546,5.890794200967926,5.900204181671143,53200,0.0,0.0
2025-08-22 00:00:00-04:00,5.919025421142578,5.919025421142578,5.890795026363425,5.919025421142578,49500,0.0,0.0
2025-08-25 00:00:00-04:00,5.919025421142578,5.928435851878319,5.909615439120872,5.919025421142578,45000,0.0,0.0
2025-08-26 00:00:00-04:00,5.956665640946209,5.956665640946209,5.90961483819403,5.937845230102539,44700,0.0,0.0
2025-08-27 00:00:00-04:00,5.93784518171753,5.947255611419678,5.928435200729369,5.947255611419678,23200,0.0,0.0
2025-08-28 00:00:00-04:00,5.975486229791921,5.984896659851074,5.956665818387615,5.984896659851074,86200,0.0,0.0
2025-08-29 00:00:00-04:00,5.966076297112027,5.98489670866985,5.966076297112027,5.9754862785339355,38000,0.0,0.0
2025-09-02 00:00:00-04:00,6.003717071255379,6.003717071255379,5.928435425638159,5.984896659851074,122900,0.0,0.0
2025-09-03 00:00:00-04:00,5.984896107017958,6.0131264971597345,5.919024448830545,5.9943060874938965,96600,0.0,0.0
2025-09-04 00:00:00-04:00,6.0037163930089195,6.013126373291016,5.97548555473473,6.013126373291016,83600,0.0,0.0
2025-09-05 00:00:00-04:00,6.031947612762451,6.050768024630899,6.003717219316788,6.031947612762451,74400,0.0,0.0
2025-09-08 00:00:00-04:00,6.031947689980149,6.069588514198901,6.022537708282471,6.022537708282471,136600,0.0,0.0
2025-09-09 00:00:00-04:00,6.050767949031664,6.116639614105225,6.041357967572017,6.116639614105225,159300,0.0,0.0
2025-09-10 00:00:00-04:00,6.1166390892190865,6.1354594992373555,6.088408249834698,6.126049518585205,87200,0.0,0.0
2025-09-11 00:00:00-04:00,6.144870156300944,6.163690567016602,6.126049745585287,6.163690567016602,120600,0.0,0.0
2025-09-12 00:00:00-04:00,6.167491723542668,6.215007251032385,6.11047336244,6.205504417419434,67300,0.064,0.0
2025-09-15 00:00:00-04:00,6.234012948632994,6.395565187372194,6.215006829554361,6.281528472900391,222000,0.0,0.0
2025-09-16 00:00:00-04:00,6.281528130309998,6.367055434928436,6.25301872667612,6.300534248352051,70400,0.0,0.0
2025-09-17 00:00:00-04:00,6.31954110948992,6.338547229766846,6.291031702503707,6.338547229766846,67800,0.0,0.0
2025-09-18 00:00:00-04:00,6.338546940401256,6.367055892944336,6.2435163433549405,6.367055892944336,61800,0.0,0.0
2025-09-19 00:00:00-04:00,6.367055838270722,6.367055838270722,6.319540766726389,6.357553005218506,36300,0.0,0.0
2025-09-22 00:00:00-04:00,6.367055838270722,6.38606195751678,6.338546885972447,6.357553005218506,35400,0.0,0.0
2025-09-23 00:00:00-04:00,6.376559257507324,6.395565377149933,6.357553137864715,6.376559257507324,38300,0.0,0.0
2025-09-24 00:00:00-04:00,6.38606195751678,6.38606195751678,6.338546885972447,6.357553005218506,31800,0.0,0.0
2025-09-25 00:00:00-04:00,6.357553350043771,6.357553350043771,6.2815288689360695,6.338547229766846,30200,0.0,0.0
2025-09-26 00:00:00-04:00,6.338547151796246,6.338547151796246,6.291031625117597,6.329043865203857,22800,0.0,0.0
2025-09-29 00:00:00-04:00,6.348049851472593,6.386062090757811,6.319540898579498,6.376559257507324,29000,0.0,0.0
2025-09-30 00:00:00-04:00,6.376559257507324,6.376559257507324,6.357553137864715,6.376559257507324,35600,0.0,0.0
2025-10-01 00:00:00-04:00,6.40506821040042,6.424074783184665,6.357553137864715,6.376559257507324,63400,0.0,0.0
2025-10-02 00:00:00-04:00,6.395565563993865,6.41457168419173,6.3670561571262425,6.405068397521973,51200,0.0,0.0
2025-10-03 00:00:00-04:00,6.405068131762862,6.414571418038308,6.348049773535073,6.367055892944336,79700,0.0,0.0
2025-10-06 00:00:00-04:00,6.367055892944336,6.367055892944336,6.348049773535073,6.367055892944336,60500,0.0,0.0
2025-10-07 00:00:00-04:00,6.367055892944336,6.386062012353599,6.357553059810519,6.367055892944336,27400,0.0,0.0
2025-10-08 00:00:00-04:00,6.386062277324108,6.405068397521973,6.376559443796,6.405068397521973,50400,0.0,0.0
2025-10-09 00:00:00-04:00,6.405067865698056,6.405067865698056,6.386061747078302,6.395565032958984,56400,0.0,0.0
2025-10-10 00:00:00-04:00,6.414571631968768,6.424074918561156,6.2815287916668545,6.329043865203857,83300,0.0,0.0
2025-10-13 00:00:00-04:00,6.395565166231992,6.414571285247803,6.338546809184562,6.414571285247803,42400,0.0,0.0
2025-10-14 00:00:00-04:00,6.360845505242223,6.418409662068217,6.3320631980896,6.3320631980896,57100,0.064,0.0
2025-10-15 00:00:00-04:00,6.370439302640262,6.399221609792885,6.293687093538937,6.3320631980896,25600,0.0,0.0
2025-10-16 00:00:00-04:00,6.351250555330277,6.360844809157643,6.2169342041015625,6.2169342041015625,44200,0.0,0.0
2025-10-17 00:00:00-04:00,6.25531024531729,6.35125049528796,6.207339891592356,6.264904499053955,16700,0.0,0.0
2025-10-20 00:00:00-04:00,6.284092634995422,6.312874481640672,5.967489119543236,5.986677169799805,142000,0.0,0.0
2025-10-21 00:00:00-04:00,5.957895206734431,6.2265279050771785,5.948300953054021,6.08261775970459,97800,0.0,0.0
2025-10-22 00:00:00-04:00,6.111399897677696,6.207340151668081,6.0058658470278825,6.073023796081543,76100,0.0,0.0
2025-10-23 00:00:00-04:00,6.034648292971555,6.101806706164868,5.9770841348684005,6.053836345672607,126800,0.0,0.0
2025-10-24 00:00:00-04:00,6.07302350602418,6.149775705550679,6.053835456142555,6.08261775970459,47300,0.0,0.0
2025-10-27 00:00:00-04:00,6.111400503775762,6.111400503775762,6.025054495360661,6.053836345672607,48800,0.0,0.0
2025-10-28 00:00:00-04:00,6.063429832458496,6.07302362885375,6.034647528314327,6.063429832458496,56700,0.0,0.0
2025-10-29 00:00:00-04:00,6.053835578584039,6.1018059329979195,6.025053731919074,6.063429832458496,35000,0.0,0.0
2025-10-30 00:00:00-04:00,6.044241778048714,6.053835574437396,5.977083373411122,5.986677169799805,58900,0.0,0.0
2025-10-31 00:00:00-04:00,5.977083910382479,6.015460014343262,5.977083910382479,6.015460014343262,29700,0.0,0.0
2025-11-03 00:00:00-05:00,6.044241905212402,6.063429955872665,6.0154596004824015,6.044241905212402,53900,0.0,0.0
2025-11-04 00:00:00-05:00,6.02505350112915,6.073023396226338,5.996271198087488,6.02505350112915,50300,0.0,0.0
2025-11-05 00:00:00-05:00,6.053835346691626,6.082617649733288,6.02505350112915,6.02505350112915,26700,0.0,0.0
2025-11-06 00:00:00-05:00,6.005865509495905,6.025053559215606,5.967488952577312,5.977083206176758,45900,0.0,0.0
2025-11-07 00:00:00-05:00,6.005866217092689,6.02505426907308,5.986677707633052,6.015460014343262,17100,0.0,0.0
2025-11-10 00:00:00-05:00,6.025053623808467,6.073023519882395,6.005865573883057,6.005865573883057,29200,0.0,0.0
2025-11-11 00:00:00-05:00,5.99627194061087,6.111400252075581,5.99627194061087,6.092212200164795,53900,0.0,0.0
2025-11-12 00:00:00-05:00,6.073023383967122,6.130587532455059,6.073023383967122,6.101805686950684,31500,0.0,0.0
2025-11-13 00:00:00-05:00,6.111400503775762,6.111400503775762,5.9770841348684005,6.053836345672607,81000,0.0,0.0
2025-11-14 00:00:00-05:00,6.028635501861572,6.057712726301212,6.018943401826228,6.028635501861572,48800,0.064,0.0
2025-11-17 00:00:00-05:00,6.0286355694518265,6.0286355694518265,5.922020157033701,5.941404819488525,73300,0.0,0.0
2025-11-18 00:00:00-05:00,5.941404577194077,5.941404577194077,5.805711483377158,5.825096607208252,110600,0.0,0.0
2025-11-19 00:00:00-05:00,5.873558429600792,5.88325099217529,5.844481666210941,5.863866329193115,32300,0.0,0.0
2025-11-20 00:00:00-05:00,5.8832504516086574,5.951096534729004,5.844481129206523,5.951096534729004,52500,0.0,0.0
2025-11-21 00:00:00-05:00,5.931711873527936,5.980173757613994,5.902635112809725,5.951096534729004,37900,0.0,0.0
2025-11-24 00:00:00-05:00,5.9414046340302225,6.0092507194209155,5.892942748322476,5.9704813957214355,103100,0.0,0.0
2025-11-25 00:00:00-05:00,5.9898659792727935,6.018943202750709,5.960789217961667,6.009250640869141,31200,0.0,0.0
2025-11-26 00:00:00-05:00,6.077097469021235,6.077097469021235,5.970481594219653,5.989866256713867,57400,0.0,0.0
2025-11-28 00:00:00-05:00,5.9704813957214355,6.0092507194209155,5.9704813957214355,5.9704813957214355,17400,0.0,0.0
2025-12-01 00:00:00-05:00,5.980174077351244,6.03832806406372,5.980174077351244,6.028635501861572,42700,0.0,0.0
2025-12-02 00:00:00-05:00,6.048019870952917,6.07709709398319,5.9704812257612305,5.999558448791504,115600,0.0,0.0
2025-12-03 00:00:00-05:00,6.0189433097839355,6.096481957548174,6.0092507477300074,6.0189433097839355,57700,0.0,0.0
2025-12-04 00:00:00-05:00,6.057712806527022,6.057712806527022,5.970481594219653,5.989866256713867,56000,0.0,0.0
2025-12-05 00:00:00-05:00,6.009250640869141,6.038327864347056,5.9898659792727935,6.009250640869141,198200,0.0,0.0
2025-12-08 00:00:00-05:00,6.0092507477300074,6.028635409671067,6.0092507477300074,6.0189433097839355,27500,0.0,0.0
2025-12-09 00:00:00-05:00,6.038327971724995,6.038327971724995,5.999558647842877,6.0189433097839355,45900,0.0,0.0
2025-12-10 00:00:00-05:00,6.0286353313145815,6.07709721662075,6.009250669625471,6.057712554931641,56300,0.0,0.0
2025-12-11 00:00:00-05:00,6.022459424667685,6.081215069426838,6.022459424667685,6.042044639587402,30500,0.064,0.0
2025-12-12 00:00:00-05:00,6.042044675862216,6.061629890899518,5.963703815713007,6.032251834869385,86400,0.0,0.0
2025-12-15 00:00:00-05:00,6.002874291801098,6.081215152550809,5.98328907661367,6.022459506988525,81200,0.0,0.0
2025-12-16 00:00:00-05:00,6.002874374389648,6.081215236217186,5.983289158932765,6.002874374389648,38700,0.0,0.0
2025-12-17 00:00:00-05:00,5.993081533187022,6.012666748643906,5.973496317730137,6.002874374389648,67500,0.0,0.0
2025-12-18 00:00:00-05:00,6.002873979120878,6.022459193288142,5.963703550786349,5.983288764953613,65400,0.0,0.0
2025-12-19 00:00:00-05:00,5.934325658929293,5.9832889291654245,5.934325658929293,5.944118499755859,82100,0.0,0.0
2025-12-22 00:00:00-05:00,5.944118846774686,5.973496437072754,5.924533630926516,5.973496437072754,121700,0.0,0.0
2025-12-23 00:00:00-05:00,5.963704229945702,5.963704229945702,5.92453379715036,5.934326171875,65000,0.0,0.0
2025-12-24 00:00:00-05:00,5.914740955477329,5.953911388272671,5.914740955477329,5.934326171875,39000,0.0,0.0
2025-12-26 00:00:00-05:00,5.953910956147114,5.963703797109396,5.9147405261947,5.924533367156982,63800,0.0,0.0
2025-12-29 00:00:00-05:00,5.924533285051077,5.944118499755859,5.914740444224511,5.944118499755859,101800,0.0,0.0
2025-12-30 00:00:00-05:00,5.924533630926516,5.993081652920925,5.924533630926516,5.973496437072754,58100,0.0,0.0
2025-12-31 00:00:00-05:00,5.953911056353014,6.022459543397606,5.944118682174282,6.012666702270508,125300,0.0,0.0
2026-01-02 00:00:00-05:00,6.022459589846533,6.022459589846533,5.993081533187022,6.002874374389648,50100,0.0,0.0
2026-01-05 00:00:00-05:00,6.022459589846533,6.032251964100791,5.96370394347588,6.002874374389648,149200,0.0,0.0
2026-01-06 00:00:00-05:00,6.012666748643906,6.022459589846533,5.983289158932765,6.002874374389648,24000,0.0,0.0
2026-01-07 00:00:00-05:00,6.012666785247745,6.012666785247745,5.983289195357759,5.993081569671631,24400,0.0,0.0
2026-01-08 00:00:00-05:00,6.002874374389648,6.002874374389648,5.983289158932765,6.002874374389648,25100,0.0,0.0
2026-01-09 00:00:00-05:00,5.993081652920925,6.012666868769097,5.973496437072754,5.973496437072754,100500,0.0,0.0
2026-01-12 00:00:00-05:00,5.983289158932765,6.002874374389648,5.973496317730137,6.002874374389648,68900,0.0,0.0
2026-01-13 00:00:00-05:00,6.026624791114957,6.056312332973914,6.006832939250661,6.036520481109619,22400,0.064,0.0
2026-01-14 00:00:00-05:00,6.02662454355852,6.066208245661125,5.987040841455914,6.056312084197998,101600,0.0,0.0
2026-01-15 00:00:00-05:00,6.036520349492719,6.0860002140121106,6.036520349492719,6.066208362579346,44700,0.0,0.0
2026-01-16 00:00:00-05:00,6.046416551243558,6.046416551243558,5.987040996551514,5.987040996551514,64700,0.0,0.0
2026-01-20 00:00:00-05:00,5.967248930354109,5.977144619842701,5.907872905922773,5.927664756774902,169300,0.0,0.0
2026-01-21 00:00:00-05:00,5.9375611517846405,5.957353003415591,5.927664990031683,5.947457313537598,55400,0.0,0.0
2026-01-22 00:00:00-05:00,5.957353003415591,6.006832868430449,5.91776930015369,5.947457313537598,101400,0.0,0.0
2026-01-23 00:00:00-05:00,5.947457313537598,5.967249165168548,5.927664990031683,5.947457313537598,45600,0.0,0.0
2026-01-26 00:00:00-05:00,5.947457079501978,5.977144619842701,5.907872905922773,5.927664756774902,51200,0.0,0.0
2026-01-27 00:00:00-05:00,5.907873153686523,5.927665005368683,5.907873153686523,5.907873153686523,66500,0.0,0.0
2026-01-28 00:00:00-05:00,5.907872905922773,5.947457079501978,5.907872905922773,5.927664756774902,79200,0.0,0.0
2026-01-29 00:00:00-05:00,5.9375611517846405,5.967249165168548,5.927664990031683,5.947457313537598,26800,0.0,0.0
2026-01-30 00:00:00-05:00,5.927664990031683,5.967249165168548,5.927664990031683,5.947457313537598,28300,0.0,0.0
2026-02-02 00:00:00-05:00,5.957352866992449,5.977144718170166,5.947457177341066,5.977144718170166,55400,0.0,0.0
2026-02-03 00:00:00-05:00,5.9672490285187845,6.006832730874219,5.9672490285187845,5.977144718170166,59700,0.0,0.0
2026-02-04 00:00:00-05:00,5.987040996551514,5.996936686396039,5.987040996551514,5.987040996551514,32900,0.0,0.0
2026-02-05 00:00:00-05:00,5.996936569347884,5.996936569347884,5.9672490285187845,5.977144718170166,73900,0.0,0.0
2026-02-06 00:00:00-05:00,5.987040996551514,5.987040996551514,5.95735298326801,5.987040996551514,46900,0.0,0.0
2026-02-09 00:00:00-05:00,5.967248879914469,6.0761038227435895,5.967248879914469,6.046416282653809,142600,0.0,0.0
2026-02-10 00:00:00-05:00,6.0860003259594295,6.095896015920356,6.066208474162609,6.076104164123535,136400,0.0,0.0
2026-02-11 00:00:00-05:00,6.076103804417684,6.085999965667725,6.066208115042583,6.085999965667725,60900,0.0,0.0
2026-02-12 00:00:00-05:00,6.079999923706055,6.110000133514404,6.059999942779541,6.079999923706055,26500,0.064,0.0
2026-02-13 00:00:00-05:00,6.079999923706055,6.090000152587891,6.050000190734863,6.070000171661377,16500,0.0,0.0
2026-02-17 00:00:00-05:00,6.079999923706055,6.079999923706055,6.050000190734863,6.070000171661377,43800,0.0,0.0
2026-02-18 00:00:00-05:00,6.079999923706055,6.090000152587891,6.070000171661377,6.079999923706055,42500,0.0,0.0
2026-02-19 00:00:00-05:00,6.079999923706055,6.079999923706055,6.059999942779541,6.070000171661377,45700,0.0,0.0
2026-02-20 00:00:00-05:00,6.050000190734863,6.079999923706055,6.050000190734863,6.070000171661377,26000,0.0,0.0
2026-02-23 00:00:00-05:00,6.039999961853027,6.079999923706055,6.039999961853027,6.059999942779541,38100,0.0,0.0
2026-02-24 00:00:00-05:00,6.039999961853027,6.110000133514404,6.039999961853027,6.099999904632568,39100,0.0,0.0
2026-02-25 00:00:00-05:00,6.099999904632568,6.110000133514404,6.079999923706055,6.110000133514404,45600,0.0,0.0
2026-02-26 00:00:00-05:00,6.090000152587891,6.110000133514404,6.090000152587891,6.110000133514404,16000,0.0,0.0
2026-02-27 00:00:00-05:00,6.079999923706055,6.119999885559082,6.070000171661377,6.099999904632568,31700,0.0,0.0
2026-03-02 00:00:00-05:00,6.059999942779541,6.099999904632568,6.050000190734863,6.090000152587891,57700,0.0,0.0
2026-03-03 00:00:00-05:00,6.070000171661377,6.070000171661377,6.039999961853027,6.059999942779541,33500,0.0,0.0
2026-03-04 00:00:00-05:00,6.050000190734863,6.090000152587891,6.03000020980835,6.039999961853027,44600,0.0,0.0
2026-03-05 00:00:00-05:00,6.059999942779541,6.079999923706055,6.039999961853027,6.050000190734863,14000,0.0,0.0
2026-03-06 00:00:00-05:00,6.039999961853027,6.070000171661377,5.980000019073486,5.989999771118164,67400,0.0,0.0
2026-03-09 00:00:00-04:00,5.980000019073486,6.0,5.949999809265137,6.0,45300,0.0,0.0
2026-03-10 00:00:00-04:00,5.994999885559082,6.026199817657471,5.789999961853027,5.789999961853027,64020,0.0,0.0
