Date,Open,High,Low,Close,Volume,Dividends,Stock Splits
2022-01-03 00:00:00-05:00,11.0600004196167,11.800000190734863,10.9399995803833,11.739999771118164,124115,0.0,0.0
2022-01-04 00:00:00-05:00,11.739999771118164,11.739999771118164,10.9399995803833,11.100000381469727,109425,0.0,0.0
2022-01-05 00:00:00-05:00,11.0,11.119999885559082,10.0,10.15999984741211,174565,0.0,0.0
2022-01-06 00:00:00-05:00,10.0,10.199999809265137,9.279999732971191,9.619999885559082,155660,0.0,0.0
2022-01-07 00:00:00-05:00,9.4399995803833,9.859999656677246,9.34000015258789,9.579999923706055,94840,0.0,0.0
2022-01-10 00:00:00-05:00,9.579999923706055,9.579999923706055,9.020000457763672,9.319999694824219,71220,0.0,0.0
2022-01-11 00:00:00-05:00,9.600000381469727,9.979999542236328,9.399999618530273,9.699999809265137,48415,0.0,0.0
2022-01-12 00:00:00-05:00,10.100000381469727,10.300000190734863,9.0,9.119999885559082,259500,0.0,0.0
2022-01-13 00:00:00-05:00,9.260000228881836,9.260000228881836,8.680000305175781,8.720000267028809,85655,0.0,0.0
2022-01-14 00:00:00-05:00,8.800000190734863,9.199999809265137,8.600000381469727,9.15999984741211,98255,0.0,0.0
2022-01-18 00:00:00-05:00,9.079999923706055,9.079999923706055,8.520000457763672,8.640000343322754,73240,0.0,0.0
2022-01-19 00:00:00-05:00,8.760000228881836,9.859999656677246,8.5600004196167,8.600000381469727,155910,0.0,0.0
2022-01-20 00:00:00-05:00,8.520000457763672,8.779999732971191,8.220000267028809,8.34000015258789,52425,0.0,0.0
2022-01-21 00:00:00-05:00,8.239999771118164,8.239999771118164,7.639999866485596,7.78000020980835,99370,0.0,0.0
2022-01-24 00:00:00-05:00,7.760000228881836,7.760000228881836,7.0,7.420000076293945,83545,0.0,0.0
2022-01-25 00:00:00-05:00,7.400000095367432,7.920000076293945,7.300000190734863,7.739999771118164,63530,0.0,0.0
2022-01-26 00:00:00-05:00,8.0,8.079999923706055,7.139999866485596,7.300000190734863,87525,0.0,0.0
2022-01-27 00:00:00-05:00,7.199999809265137,7.420000076293945,6.800000190734863,6.980000019073486,76520,0.0,0.0
2022-01-28 00:00:00-05:00,6.900000095367432,6.900000095367432,6.440000057220459,6.659999847412109,118085,0.0,0.0
2022-01-31 00:00:00-05:00,6.800000190734863,7.960000038146973,6.679999828338623,7.380000114440918,135515,0.0,0.0
2022-02-01 00:00:00-05:00,7.920000076293945,7.920000076293945,7.21999979019165,7.699999809265137,79165,0.0,0.0
2022-02-02 00:00:00-05:00,7.860000133514404,7.900000095367432,7.199999809265137,7.480000019073486,35600,0.0,0.0
2022-02-03 00:00:00-05:00,7.599999904632568,7.679999828338623,6.820000171661377,7.0,58580,0.0,0.0
2022-02-04 00:00:00-05:00,7.0,7.28000020980835,6.900000095367432,7.199999809265137,38230,0.0,0.0
2022-02-07 00:00:00-05:00,7.78000020980835,7.78000020980835,6.820000171661377,6.900000095367432,131375,0.0,0.0
2022-02-08 00:00:00-05:00,6.880000114440918,7.0,6.420000076293945,6.559999942779541,131885,0.0,0.0
2022-02-09 00:00:00-05:00,6.619999885559082,6.840000152587891,6.460000038146973,6.599999904632568,95945,0.0,0.0
2022-02-10 00:00:00-05:00,6.800000190734863,6.840000152587891,6.440000057220459,6.619999885559082,79385,0.0,0.0
2022-02-11 00:00:00-05:00,7.0,7.0,6.320000171661377,6.380000114440918,76200,0.0,0.0
2022-02-14 00:00:00-05:00,6.400000095367432,6.5,6.099999904632568,6.28000020980835,56750,0.0,0.0
2022-02-15 00:00:00-05:00,6.699999809265137,6.800000190734863,6.300000190734863,6.800000190734863,104295,0.0,0.0
2022-02-16 00:00:00-05:00,6.800000190734863,6.800000190734863,6.440000057220459,6.760000228881836,50420,0.0,0.0
2022-02-17 00:00:00-05:00,6.599999904632568,6.699999809265137,6.400000095367432,6.599999904632568,43860,0.0,0.0
2022-02-18 00:00:00-05:00,6.800000190734863,6.800000190734863,6.019999980926514,6.199999809265137,69340,0.0,0.0
2022-02-22 00:00:00-05:00,6.099999904632568,6.119999885559082,5.679999828338623,5.820000171661377,85300,0.0,0.0
2022-02-23 00:00:00-05:00,5.800000190734863,5.980000019073486,5.480000019073486,5.599999904632568,69395,0.0,0.0
2022-02-24 00:00:00-05:00,5.360000133514404,5.940000057220459,5.0,5.840000152587891,125910,0.0,0.0
2022-02-25 00:00:00-05:00,5.860000133514404,6.159999847412109,5.5,6.039999961853027,78055,0.0,0.0
2022-02-28 00:00:00-05:00,6.0,7.199999809265137,5.840000152587891,6.960000038146973,383425,0.0,0.0
2022-03-01 00:00:00-05:00,6.840000152587891,6.860000133514404,6.199999809265137,6.519999980926514,108715,0.0,0.0
2022-03-02 00:00:00-05:00,6.599999904632568,6.960000038146973,6.400000095367432,6.840000152587891,185570,0.0,0.0
2022-03-03 00:00:00-05:00,7.940000057220459,8.0,6.800000190734863,7.199999809265137,1096660,0.0,0.0
2022-03-04 00:00:00-05:00,6.5,6.78000020980835,6.0,6.380000114440918,312135,0.0,0.0
2022-03-07 00:00:00-05:00,6.179999828338623,7.199999809265137,5.940000057220459,6.880000114440918,379225,0.0,0.0
2022-03-08 00:00:00-05:00,7.699999809265137,8.699999809265137,7.0,7.340000152587891,1020625,0.0,0.0
2022-03-09 00:00:00-05:00,7.239999771118164,7.599999904632568,7.099999904632568,7.480000019073486,249715,0.0,0.0
2022-03-10 00:00:00-05:00,7.400000095367432,7.400000095367432,6.679999828338623,6.940000057220459,163310,0.0,0.0
2022-03-11 00:00:00-05:00,7.440000057220459,9.600000381469727,7.360000133514404,8.600000381469727,2177045,0.0,0.0
2022-03-14 00:00:00-04:00,9.680000305175781,10.600000381469727,8.899999618530273,9.600000381469727,2494055,0.0,0.0
2022-03-15 00:00:00-04:00,8.880000114440918,9.199999809265137,8.0600004196167,8.4399995803833,593540,0.0,0.0
2022-03-16 00:00:00-04:00,8.5,8.699999809265137,8.0600004196167,8.399999618530273,311405,0.0,0.0
2022-03-17 00:00:00-04:00,8.399999618530273,8.739999771118164,8.0600004196167,8.520000457763672,353085,0.0,0.0
2022-03-18 00:00:00-04:00,8.520000457763672,9.880000114440918,8.5,8.899999618530273,551170,0.0,0.0
2022-03-21 00:00:00-04:00,9.880000114440918,10.119999885559082,9.260000228881836,9.5600004196167,477245,0.0,0.0
2022-03-22 00:00:00-04:00,10.300000190734863,11.039999961853027,10.0,10.779999732971191,805825,0.0,0.0
2022-03-23 00:00:00-04:00,11.399999618530273,14.539999961853027,11.0,13.220000267028809,2380840,0.0,0.0
2022-03-24 00:00:00-04:00,13.0,13.600000381469727,11.579999923706055,12.300000190734863,866510,0.0,0.0
2022-03-25 00:00:00-04:00,11.65999984741211,11.800000190734863,10.020000457763672,10.699999809265137,732235,0.0,0.0
2022-03-28 00:00:00-04:00,10.5,11.15999984741211,10.100000381469727,10.619999885559082,410600,0.0,0.0
2022-03-29 00:00:00-04:00,10.5,10.579999923706055,9.359999656677246,9.84000015258789,395735,0.0,0.0
2022-03-30 00:00:00-04:00,9.699999809265137,10.180000305175781,9.520000457763672,10.140000343322754,169715,0.0,0.0
2022-03-31 00:00:00-04:00,9.800000190734863,10.0,9.180000305175781,9.199999809265137,273420,0.0,0.0
2022-04-01 00:00:00-04:00,9.319999694824219,10.199999809265137,9.319999694824219,10.020000457763672,332695,0.0,0.0
2022-04-04 00:00:00-04:00,10.180000305175781,11.960000038146973,9.619999885559082,11.199999809265137,596235,0.0,0.0
2022-04-05 00:00:00-04:00,11.0,11.15999984741211,10.699999809265137,11.020000457763672,449675,0.0,0.0
2022-04-06 00:00:00-04:00,11.800000190734863,13.800000190734863,11.460000038146973,13.699999809265137,1714815,0.0,0.0
2022-04-07 00:00:00-04:00,13.300000190734863,17.15999984741211,12.199999809265137,16.8799991607666,2219190,0.0,0.0
2022-04-08 00:00:00-04:00,17.600000381469727,18.579999923706055,14.199999809265137,14.859999656677246,1267525,0.0,0.0
2022-04-11 00:00:00-04:00,15.220000267028809,17.399999618530273,14.300000190734863,15.880000114440918,849280,0.0,0.0
2022-04-12 00:00:00-04:00,12.720000267028809,13.380000114440918,11.619999885559082,12.0,577530,0.0,0.0
2022-04-13 00:00:00-04:00,12.600000381469727,13.15999984741211,11.859999656677246,12.720000267028809,319300,0.0,0.0
2022-04-14 00:00:00-04:00,12.760000228881836,12.899999618530273,11.859999656677246,12.0,194780,0.0,0.0
2022-04-18 00:00:00-04:00,11.680000305175781,11.760000228881836,10.260000228881836,10.800000190734863,299915,0.0,0.0
2022-04-19 00:00:00-04:00,10.600000381469727,11.399999618530273,10.300000190734863,11.260000228881836,176825,0.0,0.0
2022-04-20 00:00:00-04:00,11.5600004196167,11.5600004196167,10.0,10.020000457763672,197215,0.0,0.0
2022-04-21 00:00:00-04:00,10.460000038146973,10.779999732971191,9.680000305175781,10.0,186770,0.0,0.0
2022-04-22 00:00:00-04:00,10.0,10.199999809265137,9.399999618530273,9.600000381469727,104525,0.0,0.0
2022-04-25 00:00:00-04:00,9.239999771118164,10.380000114440918,9.020000457763672,9.899999618530273,150135,0.0,0.0
2022-04-26 00:00:00-04:00,9.619999885559082,10.880000114440918,9.300000190734863,9.399999618530273,365335,0.0,0.0
2022-04-27 00:00:00-04:00,9.300000190734863,9.65999984741211,8.880000114440918,9.079999923706055,119820,0.0,0.0
2022-04-28 00:00:00-04:00,9.300000190734863,9.300000190734863,8.079999923706055,8.399999618530273,146825,0.0,0.0
2022-04-29 00:00:00-04:00,8.199999809265137,8.760000228881836,8.15999984741211,8.220000267028809,85615,0.0,0.0
2022-05-02 00:00:00-04:00,8.579999923706055,8.579999923706055,7.320000171661377,7.599999904632568,130000,0.0,0.0
2022-05-03 00:00:00-04:00,7.71999979019165,8.800000190734863,7.599999904632568,8.640000343322754,91770,0.0,0.0
2022-05-04 00:00:00-04:00,8.800000190734863,8.800000190734863,8.0,8.5,48800,0.0,0.0
2022-05-05 00:00:00-04:00,8.140000343322754,8.380000114440918,7.400000095367432,7.559999942779541,95995,0.0,0.0
2022-05-06 00:00:00-04:00,7.599999904632568,7.800000190734863,7.28000020980835,7.460000038146973,48870,0.0,0.0
2022-05-09 00:00:00-04:00,7.239999771118164,7.260000228881836,6.539999961853027,6.599999904632568,113120,0.0,0.0
2022-05-10 00:00:00-04:00,6.599999904632568,6.900000095367432,6.300000190734863,6.659999847412109,79550,0.0,0.0
2022-05-11 00:00:00-04:00,6.639999866485596,6.639999866485596,5.920000076293945,6.0,71855,0.0,0.0
2022-05-12 00:00:00-04:00,5.360000133514404,6.5,5.360000133514404,6.260000228881836,75605,0.0,0.0
2022-05-13 00:00:00-04:00,7.0,7.300000190734863,6.699999809265137,7.0,61130,0.0,0.0
2022-05-16 00:00:00-04:00,7.119999885559082,7.199999809265137,6.800000190734863,6.840000152587891,27850,0.0,0.0
2022-05-17 00:00:00-04:00,7.239999771118164,7.360000133514404,6.900000095367432,7.119999885559082,38855,0.0,0.0
2022-05-18 00:00:00-04:00,7.199999809265137,7.199999809265137,6.619999885559082,6.800000190734863,57510,0.0,0.0
2022-05-19 00:00:00-04:00,6.28000020980835,7.0,6.139999866485596,6.739999771118164,95930,0.0,0.0
2022-05-20 00:00:00-04:00,6.300000190734863,6.679999828338623,5.880000114440918,6.320000171661377,74330,0.0,0.0
2022-05-23 00:00:00-04:00,6.239999771118164,6.579999923706055,6.039999961853027,6.360000133514404,47155,0.0,0.0
2022-05-24 00:00:00-04:00,6.28000020980835,6.300000190734863,5.800000190734863,5.860000133514404,69090,0.0,0.0
2022-05-25 00:00:00-04:00,6.099999904632568,6.300000190734863,6.039999961853027,6.199999809265137,32525,0.0,0.0
2022-05-26 00:00:00-04:00,6.400000095367432,7.199999809265137,6.300000190734863,6.800000190734863,69880,0.0,0.0
2022-05-27 00:00:00-04:00,7.0,7.579999923706055,6.800000190734863,7.579999923706055,52670,0.0,0.0
2022-05-31 00:00:00-04:00,7.639999866485596,7.739999771118164,7.0,7.019999980926514,75105,0.0,0.0
2022-06-01 00:00:00-04:00,6.840000152587891,7.440000057220459,6.599999904632568,6.880000114440918,35210,0.0,0.0
2022-06-02 00:00:00-04:00,6.659999847412109,7.400000095367432,6.599999904632568,6.760000228881836,33090,0.0,0.0
2022-06-03 00:00:00-04:00,6.860000133514404,7.139999866485596,6.619999885559082,6.840000152587891,40180,0.0,0.0
2022-06-06 00:00:00-04:00,6.800000190734863,7.400000095367432,6.800000190734863,7.0,38510,0.0,0.0
2022-06-07 00:00:00-04:00,6.900000095367432,7.460000038146973,6.659999847412109,7.360000133514404,49265,0.0,0.0
2022-06-08 00:00:00-04:00,7.360000133514404,7.840000152587891,7.199999809265137,7.5,41295,0.0,0.0
2022-06-09 00:00:00-04:00,7.679999828338623,8.199999809265137,7.019999980926514,7.599999904632568,114300,0.0,0.0
2022-06-10 00:00:00-04:00,7.579999923706055,7.599999904632568,7.21999979019165,7.320000171661377,26105,0.0,0.0
2022-06-13 00:00:00-04:00,6.599999904632568,6.78000020980835,6.300000190734863,6.559999942779541,37645,0.0,0.0
2022-06-14 00:00:00-04:00,6.300000190734863,6.480000019073486,6.019999980926514,6.059999942779541,50140,0.0,0.0
2022-06-15 00:00:00-04:00,6.099999904632568,6.380000114440918,6.079999923706055,6.079999923706055,42590,0.0,0.0
2022-06-16 00:00:00-04:00,6.0,6.360000133514404,6.0,6.0,56455,0.0,0.0
2022-06-17 00:00:00-04:00,6.199999809265137,6.360000133514404,5.820000171661377,5.820000171661377,45525,0.0,0.0
2022-06-21 00:00:00-04:00,6.059999942779541,6.5,5.820000171661377,6.0,76540,0.0,0.0
2022-06-22 00:00:00-04:00,5.960000038146973,6.260000228881836,5.599999904632568,5.800000190734863,81830,0.0,0.0
2022-06-23 00:00:00-04:00,6.0,6.179999828338623,5.739999771118164,5.980000019073486,71130,0.0,0.0
2022-06-24 00:00:00-04:00,6.019999980926514,6.559999942779541,6.019999980926514,6.119999885559082,50350,0.0,0.0
2022-06-27 00:00:00-04:00,6.420000076293945,6.599999904632568,6.019999980926514,6.400000095367432,36015,0.0,0.0
2022-06-28 00:00:00-04:00,6.599999904632568,6.599999904632568,6.099999904632568,6.159999847412109,26565,0.0,0.0
2022-06-29 00:00:00-04:00,6.320000171661377,6.320000171661377,5.699999809265137,5.800000190734863,38305,0.0,0.0
2022-06-30 00:00:00-04:00,5.800000190734863,5.980000019073486,5.659999847412109,5.880000114440918,27595,0.0,0.0
2022-07-01 00:00:00-04:00,6.059999942779541,6.199999809265137,5.659999847412109,5.699999809265137,22155,0.0,0.0
2022-07-05 00:00:00-04:00,5.699999809265137,5.980000019073486,5.199999809265137,5.599999904632568,61065,0.0,0.0
2022-07-06 00:00:00-04:00,5.599999904632568,6.239999771118164,5.400000095367432,5.559999942779541,45990,0.0,0.0
2022-07-07 00:00:00-04:00,5.400000095367432,6.0,5.400000095367432,5.820000171661377,43775,0.0,0.0
2022-07-08 00:00:00-04:00,5.619999885559082,6.019999980926514,5.599999904632568,5.820000171661377,33505,0.0,0.0
2022-07-11 00:00:00-04:00,5.800000190734863,5.940000057220459,5.440000057220459,5.559999942779541,30735,0.0,0.0
2022-07-12 00:00:00-04:00,5.519999980926514,5.800000190734863,5.400000095367432,5.699999809265137,27590,0.0,0.0
2022-07-13 00:00:00-04:00,5.460000038146973,5.699999809265137,5.440000057220459,5.559999942779541,20745,0.0,0.0
2022-07-14 00:00:00-04:00,5.639999866485596,5.639999866485596,5.300000190734863,5.5,42165,0.0,0.0
2022-07-15 00:00:00-04:00,5.400000095367432,6.099999904632568,5.360000133514404,5.960000038146973,93875,0.0,0.0
2022-07-18 00:00:00-04:00,5.940000057220459,6.400000095367432,5.800000190734863,6.179999828338623,116570,0.0,0.0
2022-07-19 00:00:00-04:00,6.380000114440918,6.380000114440918,5.920000076293945,6.0,76275,0.0,0.0
2022-07-20 00:00:00-04:00,6.019999980926514,6.599999904632568,5.900000095367432,6.440000057220459,62675,0.0,0.0
2022-07-21 00:00:00-04:00,6.400000095367432,6.599999904632568,6.059999942779541,6.539999961853027,30745,0.0,0.0
2022-07-22 00:00:00-04:00,6.400000095367432,6.659999847412109,5.860000133514404,6.059999942779541,47265,0.0,0.0
2022-07-25 00:00:00-04:00,6.059999942779541,6.300000190734863,5.820000171661377,5.920000076293945,20035,0.0,0.0
2022-07-26 00:00:00-04:00,6.0,6.0,5.539999961853027,5.559999942779541,29980,0.0,0.0
2022-07-27 00:00:00-04:00,5.679999828338623,5.980000019073486,5.5,5.639999866485596,16090,0.0,0.0
2022-07-28 00:00:00-04:00,5.599999904632568,5.800000190734863,5.420000076293945,5.599999904632568,19580,0.0,0.0
2022-07-29 00:00:00-04:00,5.619999885559082,5.639999866485596,5.400000095367432,5.5,11655,0.0,0.0
2022-08-01 00:00:00-04:00,5.400000095367432,5.78000020980835,5.300000190734863,5.679999828338623,25255,0.0,0.0
2022-08-02 00:00:00-04:00,5.539999961853027,6.599999904632568,5.400000095367432,6.480000019073486,51365,0.0,0.0
2022-08-03 00:00:00-04:00,6.480000019073486,6.800000190734863,6.099999904632568,6.400000095367432,33035,0.0,0.0
2022-08-04 00:00:00-04:00,6.599999904632568,6.599999904632568,6.119999885559082,6.260000228881836,25315,0.0,0.0
2022-08-05 00:00:00-04:00,6.199999809265137,6.480000019073486,5.900000095367432,6.28000020980835,35430,0.0,0.0
2022-08-08 00:00:00-04:00,6.199999809265137,7.760000228881836,6.199999809265137,7.5,124420,0.0,0.0
2022-08-09 00:00:00-04:00,7.300000190734863,7.320000171661377,6.599999904632568,6.860000133514404,32325,0.0,0.0
2022-08-10 00:00:00-04:00,6.980000019073486,7.300000190734863,6.760000228881836,6.880000114440918,20740,0.0,0.0
2022-08-11 00:00:00-04:00,7.400000095367432,7.539999961853027,7.0,7.099999904632568,31060,0.0,0.0
2022-08-12 00:00:00-04:00,7.380000114440918,7.480000019073486,7.0,7.199999809265137,21570,0.0,0.0
2022-08-15 00:00:00-04:00,7.099999904632568,7.199999809265137,6.800000190734863,7.019999980926514,25675,0.0,0.0
2022-08-16 00:00:00-04:00,7.199999809265137,7.599999904632568,6.800000190734863,7.159999847412109,22760,0.0,0.0
2022-08-17 00:00:00-04:00,6.980000019073486,7.0,6.599999904632568,6.739999771118164,25755,0.0,0.0
2022-08-18 00:00:00-04:00,6.659999847412109,6.659999847412109,5.920000076293945,6.199999809265137,47545,0.0,0.0
2022-08-19 00:00:00-04:00,6.400000095367432,6.400000095367432,5.920000076293945,6.0,25935,0.0,0.0
2022-08-22 00:00:00-04:00,6.039999961853027,6.059999942779541,5.619999885559082,5.699999809265137,29655,0.0,0.0
2022-08-23 00:00:00-04:00,5.800000190734863,6.019999980926514,5.699999809265137,5.78000020980835,18905,0.0,0.0
2022-08-24 00:00:00-04:00,5.920000076293945,6.0,5.900000095367432,5.900000095367432,7025,0.0,0.0
2022-08-25 00:00:00-04:00,5.800000190734863,6.239999771118164,5.800000190734863,6.159999847412109,34370,0.0,0.0
2022-08-26 00:00:00-04:00,6.0,6.179999828338623,5.599999904632568,5.679999828338623,28320,0.0,0.0
2022-08-29 00:00:00-04:00,5.579999923706055,5.860000133514404,5.420000076293945,5.539999961853027,22360,0.0,0.0
2022-08-30 00:00:00-04:00,5.599999904632568,5.800000190734863,5.239999771118164,5.28000020980835,29245,0.0,0.0
2022-08-31 00:00:00-04:00,5.400000095367432,5.599999904632568,5.199999809265137,5.400000095367432,21005,0.0,0.0
2022-09-01 00:00:00-04:00,5.300000190734863,5.599999904632568,5.119999885559082,5.400000095367432,31685,0.0,0.0
2022-09-02 00:00:00-04:00,5.539999961853027,5.539999961853027,5.099999904632568,5.28000020980835,14445,0.0,0.0
2022-09-06 00:00:00-04:00,5.420000076293945,5.440000057220459,5.099999904632568,5.199999809265137,21430,0.0,0.0
2022-09-07 00:00:00-04:00,5.619999885559082,5.619999885559082,5.199999809265137,5.400000095367432,20205,0.0,0.0
2022-09-08 00:00:00-04:00,5.519999980926514,5.519999980926514,5.179999828338623,5.300000190734863,11415,0.0,0.0
2022-09-09 00:00:00-04:00,5.480000019073486,5.480000019073486,5.21999979019165,5.380000114440918,19235,0.0,0.0
2022-09-12 00:00:00-04:00,5.599999904632568,5.800000190734863,5.199999809265137,5.599999904632568,38325,0.0,0.0
2022-09-13 00:00:00-04:00,5.400000095367432,5.460000038146973,5.159999847412109,5.340000152587891,36945,0.0,0.0
2022-09-14 00:00:00-04:00,5.260000228881836,5.5,5.199999809265137,5.199999809265137,11560,0.0,0.0
2022-09-15 00:00:00-04:00,5.239999771118164,5.360000133514404,5.199999809265137,5.28000020980835,13255,0.0,0.0
2022-09-16 00:00:00-04:00,5.199999809265137,5.260000228881836,4.619999885559082,4.900000095367432,106290,0.0,0.0
2022-09-19 00:00:00-04:00,4.599999904632568,5.0,4.420000076293945,4.579999923706055,35555,0.0,0.0
2022-09-20 00:00:00-04:00,4.420000076293945,4.71999979019165,4.099999904632568,4.239999771118164,29010,0.0,0.0
2022-09-21 00:00:00-04:00,4.199999809265137,4.400000095367432,4.099999904632568,4.340000152587891,11485,0.0,0.0
2022-09-22 00:00:00-04:00,4.599999904632568,4.599999904632568,3.9000000953674316,4.019999980926514,40665,0.0,0.0
2022-09-23 00:00:00-04:00,4.0,4.440000057220459,3.9000000953674316,3.9000000953674316,24150,0.0,0.0
2022-09-26 00:00:00-04:00,4.0,4.300000190734863,3.819999933242798,3.8399999141693115,16170,0.0,0.0
2022-09-27 00:00:00-04:00,3.8399999141693115,4.199999809265137,3.7200000286102295,3.759999990463257,27360,0.0,0.0
2022-09-28 00:00:00-04:00,3.799999952316284,4.199999809265137,3.799999952316284,4.0,30000,0.0,0.0
2022-09-29 00:00:00-04:00,4.179999828338623,4.179999828338623,3.700000047683716,3.9200000762939453,16100,0.0,0.0
2022-09-30 00:00:00-04:00,3.880000114440918,5.599999904632568,3.880000114440918,5.119999885559082,182160,0.0,0.0
2022-10-03 00:00:00-04:00,5.019999980926514,5.460000038146973,4.400000095367432,4.639999866485596,41625,0.0,0.0
2022-10-04 00:00:00-04:00,5.400000095367432,5.579999923706055,4.619999885559082,4.760000228881836,138730,0.0,0.0
2022-10-05 00:00:00-04:00,4.599999904632568,4.699999809265137,4.21999979019165,4.440000057220459,35735,0.0,0.0
2022-10-06 00:00:00-04:00,4.599999904632568,4.599999904632568,4.199999809265137,4.539999961853027,16660,0.0,0.0
2022-10-07 00:00:00-04:00,4.539999961853027,4.659999847412109,4.300000190734863,4.320000171661377,24710,0.0,0.0
2022-10-10 00:00:00-04:00,4.460000038146973,4.460000038146973,4.099999904632568,4.440000057220459,11785,0.0,0.0
2022-10-11 00:00:00-04:00,4.300000190734863,4.5,4.019999980926514,4.360000133514404,22850,0.0,0.0
2022-10-12 00:00:00-04:00,4.5,4.5,4.199999809265137,4.5,12395,0.0,0.0
2022-10-13 00:00:00-04:00,4.440000057220459,4.440000057220459,4.119999885559082,4.400000095367432,10730,0.0,0.0
2022-10-14 00:00:00-04:00,4.5,4.699999809265137,4.320000171661377,4.460000038146973,23300,0.0,0.0
2022-10-17 00:00:00-04:00,4.059999942779541,4.599999904632568,4.019999980926514,4.400000095367432,11400,0.0,0.0
2022-10-18 00:00:00-04:00,4.400000095367432,4.659999847412109,4.199999809265137,4.480000019073486,37150,0.0,0.0
2022-10-19 00:00:00-04:00,4.599999904632568,4.800000190734863,4.239999771118164,4.400000095367432,41720,0.0,0.0
2022-10-20 00:00:00-04:00,4.239999771118164,4.599999904632568,4.21999979019165,4.460000038146973,15605,0.0,0.0
2022-10-21 00:00:00-04:00,4.519999980926514,4.800000190734863,4.340000152587891,4.519999980926514,15910,0.0,0.0
2022-10-24 00:00:00-04:00,4.460000038146973,4.460000038146973,3.9600000381469727,4.320000171661377,27335,0.0,0.0
2022-10-25 00:00:00-04:00,4.320000171661377,4.400000095367432,4.019999980926514,4.199999809265137,24050,0.0,0.0
2022-10-26 00:00:00-04:00,4.199999809265137,4.300000190734863,4.039999961853027,4.139999866485596,18370,0.0,0.0
2022-10-27 00:00:00-04:00,4.139999866485596,4.300000190734863,4.099999904632568,4.159999847412109,9490,0.0,0.0
2022-10-28 00:00:00-04:00,4.300000190734863,4.400000095367432,4.039999961853027,4.139999866485596,14970,0.0,0.0
2022-10-31 00:00:00-04:00,4.340000152587891,4.400000095367432,4.0,4.019999980926514,25705,0.0,0.0
2022-11-01 00:00:00-04:00,4.099999904632568,4.300000190734863,3.9000000953674316,4.0,13635,0.0,0.0
2022-11-02 00:00:00-04:00,3.9600000381469727,4.199999809265137,3.8399999141693115,3.940000057220459,15550,0.0,0.0
2022-11-03 00:00:00-04:00,4.0,4.099999904632568,3.859999895095825,3.9200000762939453,7525,0.0,0.0
2022-11-04 00:00:00-04:00,3.859999895095825,3.9800000190734863,3.8399999141693115,3.9600000381469727,11325,0.0,0.0
2022-11-07 00:00:00-05:00,3.9600000381469727,4.019999980926514,3.799999952316284,4.0,20145,0.0,0.0
2022-11-08 00:00:00-05:00,3.940000057220459,3.9600000381469727,3.559999942779541,3.6600000858306885,45495,0.0,0.0
2022-11-09 00:00:00-05:00,3.6600000858306885,3.6600000858306885,3.380000114440918,3.380000114440918,19395,0.0,0.0
2022-11-10 00:00:00-05:00,3.319999933242798,3.759999990463257,3.319999933242798,3.559999942779541,29995,0.0,0.0
2022-11-11 00:00:00-05:00,3.5999999046325684,3.799999952316284,3.0999999046325684,3.240000009536743,117255,0.0,0.0
2022-11-14 00:00:00-05:00,3.4000000953674316,3.4000000953674316,3.2200000286102295,3.259999990463257,18285,0.0,0.0
2022-11-15 00:00:00-05:00,3.259999990463257,3.4600000381469727,3.119999885559082,3.119999885559082,28000,0.0,0.0
2022-11-16 00:00:00-05:00,3.319999933242798,3.4000000953674316,3.059999942779541,3.2200000286102295,15200,0.0,0.0
2022-11-17 00:00:00-05:00,3.2200000286102295,3.299999952316284,3.0799999237060547,3.200000047683716,22580,0.0,0.0
2022-11-18 00:00:00-05:00,3.200000047683716,3.640000104904175,3.1600000858306885,3.4800000190734863,39010,0.0,0.0
2022-11-21 00:00:00-05:00,3.5399999618530273,3.799999952316284,3.359999895095825,3.5399999618530273,54165,0.0,0.0
2022-11-22 00:00:00-05:00,3.640000104904175,4.0,3.4000000953674316,3.9800000190734863,57960,0.0,0.0
2022-11-23 00:00:00-05:00,3.859999895095825,4.559999942779541,3.859999895095825,4.400000095367432,65800,0.0,0.0
2022-11-25 00:00:00-05:00,4.699999809265137,4.800000190734863,4.460000038146973,4.599999904632568,34785,0.0,0.0
2022-11-28 00:00:00-05:00,4.739999771118164,4.739999771118164,4.0,4.059999942779541,34650,0.0,0.0
2022-11-29 00:00:00-05:00,4.0,4.380000114440918,4.0,4.019999980926514,21225,0.0,0.0
2022-11-30 00:00:00-05:00,4.039999961853027,5.380000114440918,4.0,5.079999923706055,99520,0.0,0.0
2022-12-01 00:00:00-05:00,5.159999847412109,5.159999847412109,4.440000057220459,4.559999942779541,19350,0.0,0.0
2022-12-02 00:00:00-05:00,4.599999904632568,4.800000190734863,4.199999809265137,4.320000171661377,26445,0.0,0.0
2022-12-05 00:00:00-05:00,4.400000095367432,4.599999904632568,4.019999980926514,4.079999923706055,22275,0.0,0.0
2022-12-06 00:00:00-05:00,4.039999961853027,4.400000095367432,4.019999980926514,4.099999904632568,11970,0.0,0.0
2022-12-07 00:00:00-05:00,4.0,4.199999809265137,3.559999942779541,4.179999828338623,17950,0.0,0.0
2022-12-08 00:00:00-05:00,4.059999942779541,4.179999828338623,3.819999933242798,3.940000057220459,10840,0.0,0.0
2022-12-09 00:00:00-05:00,3.740000009536743,4.059999942779541,3.740000009536743,3.7799999713897705,11475,0.0,0.0
2022-12-12 00:00:00-05:00,3.7799999713897705,3.799999952316284,3.5999999046325684,3.700000047683716,9445,0.0,0.0
2022-12-13 00:00:00-05:00,3.799999952316284,3.9000000953674316,3.4600000381469727,3.5399999618530273,29995,0.0,0.0
2022-12-14 00:00:00-05:00,3.5399999618530273,3.619999885559082,3.4000000953674316,3.4000000953674316,28345,0.0,0.0
2022-12-15 00:00:00-05:00,3.4000000953674316,3.5999999046325684,3.299999952316284,3.299999952316284,25910,0.0,0.0
2022-12-16 00:00:00-05:00,3.299999952316284,3.5,3.1600000858306885,3.440000057220459,27790,0.0,0.0
2022-12-19 00:00:00-05:00,3.4800000190734863,3.5999999046325684,3.0199999809265137,3.0199999809265137,51165,0.0,0.0
2022-12-20 00:00:00-05:00,3.0,5.260000228881836,3.0,3.7200000286102295,427475,0.0,0.0
2022-12-21 00:00:00-05:00,3.5199999809265137,3.9600000381469727,3.5,3.799999952316284,51695,0.0,0.0
2022-12-22 00:00:00-05:00,3.9000000953674316,3.9000000953674316,3.2200000286102295,3.319999933242798,67085,0.0,0.0
2022-12-23 00:00:00-05:00,3.7799999713897705,3.7799999713897705,3.2200000286102295,3.299999952316284,28645,0.0,0.0
2022-12-27 00:00:00-05:00,3.299999952316284,3.4000000953674316,2.9800000190734863,3.0,82370,0.0,0.0
2022-12-28 00:00:00-05:00,3.109999895095825,3.109999895095825,2.250999927520752,2.5199999809265137,211000,0.0,0.05
2022-12-29 00:00:00-05:00,2.299999952316284,2.5850000381469727,2.299999952316284,2.450000047683716,88900,0.0,0.0
2022-12-30 00:00:00-05:00,2.430000066757202,2.5,2.299999952316284,2.299999952316284,75400,0.0,0.0
2023-01-03 00:00:00-05:00,2.3499999046325684,2.7200000286102295,2.3259999752044678,2.6600000858306885,189600,0.0,0.0
2023-01-04 00:00:00-05:00,2.700000047683716,2.890000104904175,2.509999990463257,2.7230000495910645,64000,0.0,0.0
2023-01-05 00:00:00-05:00,2.7100000381469727,2.7100000381469727,2.5399999618530273,2.5799999237060547,28800,0.0,0.0
2023-01-06 00:00:00-05:00,2.5399999618530273,2.6700000762939453,2.5199999809265137,2.5899999141693115,31600,0.0,0.0
2023-01-09 00:00:00-05:00,2.549999952316284,2.8399999141693115,2.509999990463257,2.6600000858306885,66400,0.0,0.0
2023-01-10 00:00:00-05:00,2.6600000858306885,2.7829999923706055,2.630000114440918,2.740000009536743,14500,0.0,0.0
2023-01-11 00:00:00-05:00,2.6700000762939453,2.9800000190734863,2.6700000762939453,2.869999885559082,43100,0.0,0.0
2023-01-12 00:00:00-05:00,2.8299999237060547,2.950000047683716,2.813999891281128,2.880000114440918,25900,0.0,0.0
2023-01-13 00:00:00-05:00,2.859999895095825,3.190000057220459,2.821000099182129,2.9700000286102295,57700,0.0,0.0
2023-01-17 00:00:00-05:00,3.0799999237060547,3.128000020980835,3.0199999809265137,3.0399999618530273,21800,0.0,0.0
2023-01-18 00:00:00-05:00,3.109999895095825,3.115000009536743,2.8499999046325684,2.8499999046325684,30700,0.0,0.0
2023-01-19 00:00:00-05:00,2.7699999809265137,2.869999885559082,2.759999990463257,2.7799999713897705,16600,0.0,0.0
2023-01-20 00:00:00-05:00,2.7799999713897705,2.986999988555908,2.7799999713897705,2.859999895095825,15500,0.0,0.0
2023-01-23 00:00:00-05:00,2.819999933242798,3.003000020980835,2.819999933242798,2.9200000762939453,34200,0.0,0.0
2023-01-24 00:00:00-05:00,3.059999942779541,3.180000066757202,2.9600000381469727,3.140000104904175,25800,0.0,0.0
2023-01-25 00:00:00-05:00,3.0299999713897705,3.1700000762939453,2.8299999237060547,3.119999885559082,32800,0.0,0.0
2023-01-26 00:00:00-05:00,3.180000066757202,3.180000066757202,3.0230000019073486,3.130000114440918,13200,0.0,0.0
2023-01-27 00:00:00-05:00,3.130000114440918,3.1700000762939453,3.0799999237060547,3.119999885559082,19000,0.0,0.0
2023-01-30 00:00:00-05:00,3.109999895095825,3.109999895095825,3.0420000553131104,3.069999933242798,2800,0.0,0.0
2023-01-31 00:00:00-05:00,3.0199999809265137,3.1500000953674316,3.0,3.0899999141693115,28300,0.0,0.0
2023-02-01 00:00:00-05:00,3.1700000762939453,3.1700000762939453,3.0299999713897705,3.0999999046325684,9600,0.0,0.0
2023-02-02 00:00:00-05:00,3.109999895095825,3.191999912261963,3.069999933242798,3.119999885559082,20800,0.0,0.0
2023-02-03 00:00:00-05:00,3.049999952316284,3.5399999618530273,3.0,3.0999999046325684,80900,0.0,0.0
2023-02-06 00:00:00-05:00,2.0899999141693115,2.1700000762939453,2.0399999618530273,2.0999999046325684,1039900,0.0,0.0
2023-02-07 00:00:00-05:00,2.1500000953674316,2.1500000953674316,2.059999942779541,2.119999885559082,136400,0.0,0.0
2023-02-08 00:00:00-05:00,2.059999942779541,2.180000066757202,1.9950000047683716,2.009999990463257,200200,0.0,0.0
2023-02-09 00:00:00-05:00,2.0,2.0250000953674316,1.899999976158142,1.9500000476837158,359900,0.0,0.0
2023-02-10 00:00:00-05:00,2.119999885559082,2.119999885559082,1.9500000476837158,2.009999990463257,220400,0.0,0.0
2023-02-13 00:00:00-05:00,2.0799999237060547,2.0799999237060547,1.9199999570846558,1.9800000190734863,74700,0.0,0.0
2023-02-14 00:00:00-05:00,1.9900000095367432,1.9900000095367432,1.899999976158142,1.940000057220459,82700,0.0,0.0
2023-02-15 00:00:00-05:00,1.9299999475479126,2.049999952316284,1.9299999475479126,1.9900000095367432,50000,0.0,0.0
2023-02-16 00:00:00-05:00,1.9900000095367432,1.9900000095367432,1.9199999570846558,1.9900000095367432,43800,0.0,0.0
2023-02-17 00:00:00-05:00,1.9600000381469727,2.059999942779541,1.9600000381469727,2.049999952316284,82800,0.0,0.0
2023-02-21 00:00:00-05:00,2.0299999713897705,2.0999999046325684,1.9700000286102295,1.9900000095367432,95800,0.0,0.0
2023-02-22 00:00:00-05:00,2.0,2.127000093460083,2.0,2.0399999618530273,63000,0.0,0.0
2023-02-23 00:00:00-05:00,2.0799999237060547,2.0799999237060547,2.0,2.059999942779541,23000,0.0,0.0
2023-02-24 00:00:00-05:00,2.009999990463257,2.0799999237060547,1.9800000190734863,2.049999952316284,40900,0.0,0.0
2023-02-27 00:00:00-05:00,2.0299999713897705,2.059999942779541,1.9700000286102295,2.0399999618530273,19600,0.0,0.0
2023-02-28 00:00:00-05:00,1.9800000190734863,2.0299999713897705,1.9500000476837158,2.0,39900,0.0,0.0
2023-03-01 00:00:00-05:00,1.9800000190734863,2.0,1.909999966621399,1.9199999570846558,30400,0.0,0.0
2023-03-02 00:00:00-05:00,1.9700000286102295,1.9700000286102295,1.8200000524520874,1.8550000190734863,45900,0.0,0.0
2023-03-03 00:00:00-05:00,1.8600000143051147,1.8899999856948853,1.7999999523162842,1.840000033378601,38100,0.0,0.0
2023-03-06 00:00:00-05:00,1.899999976158142,1.899999976158142,1.6699999570846558,1.7400000095367432,101100,0.0,0.0
2023-03-07 00:00:00-05:00,1.7100000381469727,1.7300000190734863,1.6430000066757202,1.6799999475479126,57400,0.0,0.0
2023-03-08 00:00:00-05:00,1.75,1.75,1.6349999904632568,1.6699999570846558,56100,0.0,0.0
2023-03-09 00:00:00-05:00,1.6799999475479126,1.7139999866485596,1.6200000047683716,1.6399999856948853,30000,0.0,0.0
2023-03-10 00:00:00-05:00,1.6299999952316284,1.6799999475479126,1.5800000429153442,1.590000033378601,60400,0.0,0.0
2023-03-13 00:00:00-04:00,1.5800000429153442,1.6799999475479126,1.559999942779541,1.6200000047683716,75300,0.0,0.0
2023-03-14 00:00:00-04:00,1.5800000429153442,1.7000000476837158,1.5700000524520874,1.5700000524520874,29000,0.0,0.0
2023-03-15 00:00:00-04:00,1.6519999504089355,1.6519999504089355,1.5299999713897705,1.5399999618530273,32500,0.0,0.0
2023-03-16 00:00:00-04:00,1.5299999713897705,1.5399999618530273,1.4700000286102295,1.534999966621399,41700,0.0,0.0
2023-03-17 00:00:00-04:00,1.5,1.6200000047683716,1.4800000190734863,1.4800000190734863,55700,0.0,0.0
2023-03-20 00:00:00-04:00,1.4800000190734863,1.5399999618530273,1.4500000476837158,1.4700000286102295,34000,0.0,0.0
2023-03-21 00:00:00-04:00,1.5299999713897705,1.6180000305175781,1.50600004196167,1.600000023841858,18500,0.0,0.0
2023-03-22 00:00:00-04:00,1.6200000047683716,1.6799999475479126,1.5800000429153442,1.600000023841858,24100,0.0,0.0
2023-03-23 00:00:00-04:00,1.600000023841858,1.6299999952316284,1.5499999523162842,1.5800000429153442,10400,0.0,0.0
2023-03-24 00:00:00-04:00,1.5800000429153442,1.6180000305175781,1.559999942779541,1.5800000429153442,6600,0.0,0.0
2023-03-27 00:00:00-04:00,1.559999942779541,1.6399999856948853,1.534000039100647,1.5750000476837158,26100,0.0,0.0
2023-03-28 00:00:00-04:00,1.6019999980926514,1.6019999980926514,1.5199999809265137,1.5199999809265137,24000,0.0,0.0
2023-03-29 00:00:00-04:00,1.6139999628067017,1.628000020980835,1.5199999809265137,1.5299999713897705,9100,0.0,0.0
2023-03-30 00:00:00-04:00,1.6200000047683716,1.6200000047683716,1.5199999809265137,1.5199999809265137,12800,0.0,0.0
2023-03-31 00:00:00-04:00,1.5399999618530273,1.590000033378601,1.5299999713897705,1.590000033378601,23200,0.0,0.0
2023-04-03 00:00:00-04:00,1.6200000047683716,1.6200000047683716,1.5499999523162842,1.559999942779541,8300,0.0,0.0
2023-04-04 00:00:00-04:00,1.4700000286102295,1.5800000429153442,1.4600000381469727,1.4700000286102295,18500,0.0,0.0
2023-04-05 00:00:00-04:00,1.4700000286102295,1.5019999742507935,1.4299999475479126,1.440000057220459,20100,0.0,0.0
2023-04-06 00:00:00-04:00,1.4299999475479126,1.4600000381469727,1.4299999475479126,1.4299999475479126,11600,0.0,0.0
2023-04-10 00:00:00-04:00,1.4199999570846558,1.4390000104904175,1.3550000190734863,1.3600000143051147,25900,0.0,0.0
2023-04-11 00:00:00-04:00,1.3700000047683716,1.4670000076293945,1.3700000047683716,1.440000057220459,11200,0.0,0.0
2023-04-12 00:00:00-04:00,1.4299999475479126,1.4299999475479126,1.3600000143051147,1.3600000143051147,11700,0.0,0.0
2023-04-13 00:00:00-04:00,1.3700000047683716,1.4299999475479126,1.350000023841858,1.4170000553131104,30300,0.0,0.0
2023-04-14 00:00:00-04:00,1.4199999570846558,1.440000057220459,1.3799999952316284,1.409999966621399,14000,0.0,0.0
2023-04-17 00:00:00-04:00,1.440000057220459,1.440000057220459,1.3799999952316284,1.4199999570846558,32800,0.0,0.0
2023-04-18 00:00:00-04:00,1.399999976158142,1.4500000476837158,1.3600000143051147,1.3899999856948853,28600,0.0,0.0
2023-04-19 00:00:00-04:00,1.3600000143051147,1.5369999408721924,1.3300000429153442,1.4500000476837158,49600,0.0,0.0
2023-04-20 00:00:00-04:00,1.4500000476837158,1.4819999933242798,1.3899999856948853,1.4299999475479126,22900,0.0,0.0
2023-04-21 00:00:00-04:00,1.4299999475479126,1.440999984741211,1.399999976158142,1.434999942779541,6400,0.0,0.0
2023-04-24 00:00:00-04:00,1.4700000286102295,1.4700000286102295,1.409999966621399,1.409999966621399,8700,0.0,0.0
2023-04-25 00:00:00-04:00,1.399999976158142,1.409999966621399,1.3600000143051147,1.3600000143051147,13900,0.0,0.0
2023-04-26 00:00:00-04:00,1.3700000047683716,1.3799999952316284,1.3300000429153442,1.340000033378601,15400,0.0,0.0
2023-04-27 00:00:00-04:00,1.3899999856948853,1.3899999856948853,1.340000033378601,1.340000033378601,26500,0.0,0.0
2023-04-28 00:00:00-04:00,1.409999966621399,1.6200000047683716,1.3949999809265137,1.5,73800,0.0,0.0
2023-05-01 00:00:00-04:00,1.5,1.6399999856948853,1.5,1.5700000524520874,227900,0.0,0.0
2023-05-02 00:00:00-04:00,1.6399999856948853,1.6399999856948853,1.4800000190734863,1.5299999713897705,38900,0.0,0.0
2023-05-03 00:00:00-04:00,1.5299999713897705,1.7389999628067017,1.4199999570846558,1.6100000143051147,608800,0.0,0.0
2023-05-04 00:00:00-04:00,1.5499999523162842,1.5700000524520874,1.440000057220459,1.5199999809265137,171900,0.0,0.0
2023-05-05 00:00:00-04:00,1.4700000286102295,1.5399999618530273,1.4700000286102295,1.5199999809265137,51600,0.0,0.0
2023-05-08 00:00:00-04:00,1.5,1.5499999523162842,1.4500000476837158,1.5499999523162842,41000,0.0,0.0
2023-05-09 00:00:00-04:00,1.5429999828338623,1.590000033378601,1.5,1.5390000343322754,18300,0.0,0.0
2023-05-10 00:00:00-04:00,1.5549999475479126,1.659999966621399,1.5399999618530273,1.5800000429153442,79500,0.0,0.0
2023-05-11 00:00:00-04:00,1.5700000524520874,1.5759999752044678,1.5,1.5449999570846558,16600,0.0,0.0
2023-05-12 00:00:00-04:00,1.5499999523162842,1.5549999475479126,1.399999976158142,1.399999976158142,52900,0.0,0.0
2023-05-15 00:00:00-04:00,1.3899999856948853,1.4299999475479126,1.3650000095367432,1.409999966621399,22300,0.0,0.0
2023-05-16 00:00:00-04:00,1.440000057220459,1.440000057220459,1.3899999856948853,1.3899999856948853,23300,0.0,0.0
2023-05-17 00:00:00-04:00,1.399999976158142,1.4199999570846558,1.3899999856948853,1.399999976158142,15600,0.0,0.0
2023-05-18 00:00:00-04:00,1.399999976158142,1.4299999475479126,1.399999976158142,1.409999966621399,8900,0.0,0.0
2023-05-19 00:00:00-04:00,1.440000057220459,1.5299999713897705,1.4299999475479126,1.5299999713897705,33300,0.0,0.0
2023-05-22 00:00:00-04:00,1.649999976158142,1.649999976158142,1.5800000429153442,1.6100000143051147,51500,0.0,0.0
2023-05-23 00:00:00-04:00,1.6299999952316284,1.649999976158142,1.5499999523162842,1.5499999523162842,19900,0.0,0.0
2023-05-24 00:00:00-04:00,1.600000023841858,1.6200000047683716,1.531999945640564,1.5800000429153442,14400,0.0,0.0
2023-05-25 00:00:00-04:00,1.600000023841858,1.600000023841858,1.409999966621399,1.409999966621399,37000,0.0,0.0
2023-05-26 00:00:00-04:00,1.3899999856948853,1.4299999475479126,1.3799999952316284,1.3899999856948853,37100,0.0,0.0
2023-05-30 00:00:00-04:00,1.3899999856948853,1.840000033378601,1.3899999856948853,1.840000033378601,304500,0.0,0.0
2023-05-31 00:00:00-04:00,1.7300000190734863,2.0799999237060547,1.7000000476837158,2.0,316100,0.0,0.0
2023-06-01 00:00:00-04:00,1.9800000190734863,1.9800000190734863,1.7599999904632568,1.7599999904632568,110800,0.0,0.0
2023-06-02 00:00:00-04:00,1.7100000381469727,2.009999990463257,1.7100000381469727,1.840000033378601,191400,0.0,0.0
2023-06-05 00:00:00-04:00,1.850000023841858,1.899999976158142,1.75,1.809999942779541,19500,0.0,0.0
2023-06-06 00:00:00-04:00,1.7599999904632568,1.840000033378601,1.7100000381469727,1.7599999904632568,46800,0.0,0.0
2023-06-07 00:00:00-04:00,1.840000033378601,1.840000033378601,1.7170000076293945,1.75,12800,0.0,0.0
2023-06-08 00:00:00-04:00,1.7100000381469727,1.7699999809265137,1.7000000476837158,1.7350000143051147,20400,0.0,0.0
2023-06-09 00:00:00-04:00,1.7100000381469727,1.7680000066757202,1.6100000143051147,1.7000000476837158,43600,0.0,0.0
2023-06-12 00:00:00-04:00,1.659999966621399,1.7400000095367432,1.659999966621399,1.7100000381469727,12400,0.0,0.0
2023-06-13 00:00:00-04:00,1.7000000476837158,1.7000000476837158,1.649999976158142,1.6799999475479126,16900,0.0,0.0
2023-06-14 00:00:00-04:00,1.6260000467300415,1.6799999475479126,1.6260000467300415,1.659999966621399,21400,0.0,0.0
2023-06-15 00:00:00-04:00,1.6299999952316284,1.6799999475479126,1.6299999952316284,1.6799999475479126,10000,0.0,0.0
2023-06-16 00:00:00-04:00,1.649999976158142,1.6799999475479126,1.590000033378601,1.6399999856948853,18000,0.0,0.0
2023-06-20 00:00:00-04:00,1.600000023841858,1.6419999599456787,1.5199999809265137,1.5299999713897705,23400,0.0,0.0
2023-06-21 00:00:00-04:00,1.5369999408721924,1.6200000047683716,1.5099999904632568,1.5499999523162842,43100,0.0,0.0
2023-06-22 00:00:00-04:00,1.590000033378601,1.590000033378601,1.4600000381469727,1.4600000381469727,43900,0.0,0.0
2023-06-23 00:00:00-04:00,1.4500000476837158,1.4500000476837158,1.4119999408721924,1.4500000476837158,19900,0.0,0.0
2023-06-26 00:00:00-04:00,1.5,1.5199999809265137,1.3919999599456787,1.4900000095367432,21300,0.0,0.0
2023-06-27 00:00:00-04:00,1.5099999904632568,1.5750000476837158,1.4919999837875366,1.5499999523162842,15300,0.0,0.0
2023-06-28 00:00:00-04:00,1.5499999523162842,1.690000057220459,1.5470000505447388,1.6299999952316284,42300,0.0,0.0
2023-06-29 00:00:00-04:00,1.7200000286102295,1.7599999904632568,1.649999976158142,1.7200000286102295,87900,0.0,0.0
2023-06-30 00:00:00-04:00,1.7000000476837158,1.7300000190734863,1.5499999523162842,1.5499999523162842,59600,0.0,0.0
2023-07-03 00:00:00-04:00,1.6100000143051147,1.7000000476837158,1.600000023841858,1.6799999475479126,23500,0.0,0.0
2023-07-05 00:00:00-04:00,1.7100000381469727,1.7699999809265137,1.6799999475479126,1.7400000095367432,24500,0.0,0.0
2023-07-06 00:00:00-04:00,1.7400000095367432,1.7400000095367432,1.6200000047683716,1.6399999856948853,15800,0.0,0.0
2023-07-07 00:00:00-04:00,1.649999976158142,1.7239999771118164,1.649999976158142,1.7100000381469727,16200,0.0,0.0
2023-07-10 00:00:00-04:00,1.7100000381469727,1.718999981880188,1.6799999475479126,1.690000057220459,9200,0.0,0.0
2023-07-11 00:00:00-04:00,1.6950000524520874,1.7400000095367432,1.6299999952316284,1.7000000476837158,28000,0.0,0.0
2023-07-12 00:00:00-04:00,1.7200000286102295,1.7699999809265137,1.7100000381469727,1.7699999809265137,24800,0.0,0.0
2023-07-13 00:00:00-04:00,1.7799999713897705,2.0,1.7699999809265137,1.9900000095367432,188100,0.0,0.0
2023-07-14 00:00:00-04:00,2.0,2.0399999618530273,1.8600000143051147,1.899999976158142,55700,0.0,0.0
2023-07-17 00:00:00-04:00,1.909000039100647,1.9700000286102295,1.871000051498413,1.9500000476837158,37900,0.0,0.0
2023-07-18 00:00:00-04:00,1.9700000286102295,1.9700000286102295,1.8899999856948853,1.9700000286102295,15800,0.0,0.0
2023-07-19 00:00:00-04:00,2.0,2.0,1.9199999570846558,1.9299999475479126,10500,0.0,0.0
2023-07-20 00:00:00-04:00,1.9600000381469727,1.9600000381469727,1.649999976158142,1.6740000247955322,81500,0.0,0.0
2023-07-21 00:00:00-04:00,1.75,1.7799999713897705,1.6200000047683716,1.7000000476837158,36600,0.0,0.0
2023-07-24 00:00:00-04:00,1.7699999809265137,1.7699999809265137,1.649999976158142,1.7200000286102295,12500,0.0,0.0
2023-07-25 00:00:00-04:00,1.690000057220459,1.7339999675750732,1.690000057220459,1.7000000476837158,4800,0.0,0.0
2023-07-26 00:00:00-04:00,1.690000057220459,1.7599999904632568,1.649999976158142,1.75,8900,0.0,0.0
2023-07-27 00:00:00-04:00,1.7100000381469727,1.7300000190734863,1.6799999475479126,1.7200000286102295,3900,0.0,0.0
2023-07-28 00:00:00-04:00,1.659999966621399,1.75,1.659999966621399,1.7300000190734863,21000,0.0,0.0
2023-07-31 00:00:00-04:00,1.7000000476837158,1.7480000257492065,1.690000057220459,1.7100000381469727,16000,0.0,0.0
2023-08-01 00:00:00-04:00,1.6799999475479126,1.7699999809265137,1.659999966621399,1.690000057220459,12200,0.0,0.0
2023-08-02 00:00:00-04:00,1.659999966621399,1.6990000009536743,1.6200000047683716,1.6549999713897705,30300,0.0,0.0
2023-08-03 00:00:00-04:00,1.6299999952316284,1.6399999856948853,1.600000023841858,1.600000023841858,24500,0.0,0.0
2023-08-04 00:00:00-04:00,1.590999960899353,1.6150000095367432,1.5800000429153442,1.5850000381469727,10300,0.0,0.0
2023-08-07 00:00:00-04:00,1.5700000524520874,1.6150000095367432,1.5269999504089355,1.5299999713897705,18200,0.0,0.0
2023-08-08 00:00:00-04:00,1.5199999809265137,1.5199999809265137,1.472000002861023,1.4900000095367432,14600,0.0,0.0
2023-08-09 00:00:00-04:00,1.4900000095367432,1.5199999809265137,1.4700000286102295,1.4889999628067017,8400,0.0,0.0
2023-08-10 00:00:00-04:00,1.534999966621399,1.534999966621399,1.4700000286102295,1.4800000190734863,7700,0.0,0.0
2023-08-11 00:00:00-04:00,1.4800000190734863,1.4889999628067017,1.4170000553131104,1.4390000104904175,29400,0.0,0.0
2023-08-14 00:00:00-04:00,1.5,1.5,1.309999942779541,1.3300000429153442,80500,0.0,0.0
2023-08-15 00:00:00-04:00,1.3600000143051147,1.399999976158142,1.340000033378601,1.3600000143051147,11600,0.0,0.0
2023-08-16 00:00:00-04:00,1.3200000524520874,1.3300000429153442,1.2699999809265137,1.3200000524520874,31200,0.0,0.0
2023-08-17 00:00:00-04:00,1.2999999523162842,1.3300000429153442,1.2999999523162842,1.3200000524520874,5400,0.0,0.0
2023-08-18 00:00:00-04:00,1.3300000429153442,1.3899999856948853,1.3300000429153442,1.3600000143051147,4400,0.0,0.0
2023-08-21 00:00:00-04:00,1.3700000047683716,1.4010000228881836,1.340000033378601,1.3910000324249268,21700,0.0,0.0
2023-08-22 00:00:00-04:00,1.399999976158142,1.399999976158142,1.25,1.2940000295639038,37900,0.0,0.0
2023-08-23 00:00:00-04:00,1.2929999828338623,1.340000033378601,1.2799999713897705,1.312999963760376,11100,0.0,0.0
2023-08-24 00:00:00-04:00,1.3600000143051147,1.3600000143051147,1.2899999618530273,1.350000023841858,16700,0.0,0.0
2023-08-25 00:00:00-04:00,1.3799999952316284,1.3860000371932983,1.2999999523162842,1.309999942779541,16800,0.0,0.0
2023-08-28 00:00:00-04:00,1.2999999523162842,1.340000033378601,1.2999999523162842,1.305999994277954,3100,0.0,0.0
2023-08-29 00:00:00-04:00,1.309999942779541,1.3359999656677246,1.309999942779541,1.309999942779541,4800,0.0,0.0
2023-08-30 00:00:00-04:00,1.340000033378601,1.3600000143051147,1.3200000524520874,1.3600000143051147,6400,0.0,0.0
2023-08-31 00:00:00-04:00,1.3899999856948853,1.4019999504089355,1.340999960899353,1.3899999856948853,8200,0.0,0.0
2023-09-01 00:00:00-04:00,1.4049999713897705,1.4600000381469727,1.399999976158142,1.399999976158142,4500,0.0,0.0
2023-09-05 00:00:00-04:00,1.3300000429153442,1.4119999408721924,1.3300000429153442,1.3799999952316284,5700,0.0,0.0
2023-09-06 00:00:00-04:00,1.3899999856948853,1.4600000381469727,1.3600000143051147,1.399999976158142,22600,0.0,0.0
2023-09-07 00:00:00-04:00,1.3969999551773071,1.4199999570846558,1.3799999952316284,1.3799999952316284,5000,0.0,0.0
2023-09-08 00:00:00-04:00,1.3799999952316284,1.4600000381469727,1.3799999952316284,1.3899999856948853,6600,0.0,0.0
2023-09-11 00:00:00-04:00,1.4299999475479126,1.4500000476837158,1.399999976158142,1.4149999618530273,4700,0.0,0.0
2023-09-12 00:00:00-04:00,1.399999976158142,1.437000036239624,1.3300000429153442,1.3300000429153442,7700,0.0,0.0
2023-09-13 00:00:00-04:00,1.3700000047683716,1.4600000381469727,1.350000023841858,1.350000023841858,24400,0.0,0.0
2023-09-14 00:00:00-04:00,1.437000036239624,1.437000036239624,1.350000023841858,1.350000023841858,4200,0.0,0.0
2023-09-15 00:00:00-04:00,1.3619999885559082,1.4700000286102295,1.3619999885559082,1.4700000286102295,24000,0.0,0.0
2023-09-18 00:00:00-04:00,1.4700000286102295,1.4700000286102295,1.4299999475479126,1.4420000314712524,5300,0.0,0.0
2023-09-19 00:00:00-04:00,1.409999966621399,1.4299999475479126,1.409999966621399,1.409999966621399,3700,0.0,0.0
2023-09-20 00:00:00-04:00,1.4490000009536743,1.4500000476837158,1.4199999570846558,1.4500000476837158,5400,0.0,0.0
2023-09-21 00:00:00-04:00,1.440000057220459,1.440000057220459,1.3700000047683716,1.378000020980835,6400,0.0,0.0
2023-09-22 00:00:00-04:00,1.4199999570846558,1.440000057220459,1.3890000581741333,1.409999966621399,8600,0.0,0.0
2023-09-25 00:00:00-04:00,1.3899999856948853,1.399999976158142,1.3799999952316284,1.3799999952316284,2800,0.0,0.0
2023-09-26 00:00:00-04:00,1.340000033378601,1.399999976158142,1.340000033378601,1.399999976158142,16400,0.0,0.0
2023-09-27 00:00:00-04:00,1.399999976158142,1.399999976158142,1.3580000400543213,1.3899999856948853,3000,0.0,0.0
2023-09-28 00:00:00-04:00,1.3600000143051147,1.399999976158142,1.3600000143051147,1.3799999952316284,5500,0.0,0.0
2023-09-29 00:00:00-04:00,1.3200000524520874,1.3799999952316284,1.3200000524520874,1.3200000524520874,7400,0.0,0.0
2023-10-02 00:00:00-04:00,1.309999942779541,1.340000033378601,1.309999942779541,1.340000033378601,7500,0.0,0.0
2023-10-03 00:00:00-04:00,1.3450000286102295,1.399999976158142,1.309999942779541,1.350000023841858,16300,0.0,0.0
2023-10-04 00:00:00-04:00,1.3899999856948853,1.3899999856948853,1.3200000524520874,1.3200000524520874,1500,0.0,0.0
2023-10-05 00:00:00-04:00,1.309999942779541,1.3200000524520874,1.2899999618530273,1.2899999618530273,4800,0.0,0.0
2023-10-06 00:00:00-04:00,1.2999999523162842,1.3200000524520874,1.2899999618530273,1.2999999523162842,2000,0.0,0.0
2023-10-09 00:00:00-04:00,1.2799999713897705,1.2899999618530273,1.2000000476837158,1.2599999904632568,16600,0.0,0.0
2023-10-10 00:00:00-04:00,1.2100000381469727,1.2899999618530273,1.2100000381469727,1.2899999618530273,2200,0.0,0.0
2023-10-11 00:00:00-04:00,1.2400000095367432,1.3200000524520874,1.2400000095367432,1.2799999713897705,3300,0.0,0.0
2023-10-12 00:00:00-04:00,1.2300000190734863,1.25,1.2200000286102295,1.2339999675750732,3800,0.0,0.0
2023-10-13 00:00:00-04:00,1.2200000286102295,1.2719999551773071,1.2200000286102295,1.2599999904632568,7100,0.0,0.0
2023-10-16 00:00:00-04:00,1.25,1.25,1.2200000286102295,1.25,10300,0.0,0.0
2023-10-17 00:00:00-04:00,1.2400000095367432,1.3200000524520874,1.2400000095367432,1.2599999904632568,6700,0.0,0.0
2023-10-18 00:00:00-04:00,1.25,1.2599999904632568,1.2200000286102295,1.2350000143051147,4500,0.0,0.0
2023-10-19 00:00:00-04:00,1.25,1.25,1.2200000286102295,1.225000023841858,15800,0.0,0.0
2023-10-20 00:00:00-04:00,1.2100000381469727,1.2400000095367432,1.2100000381469727,1.2350000143051147,10000,0.0,0.0
2023-10-23 00:00:00-04:00,1.25,1.25,1.2200000286102295,1.2200000286102295,11300,0.0,0.0
2023-10-24 00:00:00-04:00,1.2899999618530273,1.3009999990463257,1.25,1.2760000228881836,8200,0.0,0.0
2023-10-25 00:00:00-04:00,1.2899999618530273,1.350000023841858,1.2799999713897705,1.340000033378601,5700,0.0,0.0
2023-10-26 00:00:00-04:00,1.2899999618530273,1.3389999866485596,1.2879999876022339,1.3200000524520874,5100,0.0,0.0
2023-10-27 00:00:00-04:00,1.3200000524520874,1.3370000123977661,1.2970000505447388,1.2970000505447388,3500,0.0,0.0
2023-10-30 00:00:00-04:00,1.2899999618530273,1.3270000219345093,1.2899999618530273,1.309999942779541,11700,0.0,0.0
2023-10-31 00:00:00-04:00,1.2920000553131104,1.340000033378601,1.2799999713897705,1.2960000038146973,20800,0.0,0.0
2023-11-01 00:00:00-04:00,1.3329999446868896,1.3370000123977661,1.2899999618530273,1.2999999523162842,7700,0.0,0.0
2023-11-02 00:00:00-04:00,1.2949999570846558,1.3380000591278076,1.2899999618530273,1.3200000524520874,5600,0.0,0.0
2023-11-03 00:00:00-04:00,1.3300000429153442,1.3350000381469727,1.312999963760376,1.3200000524520874,3800,0.0,0.0
2023-11-06 00:00:00-05:00,1.309999942779541,1.309999942779541,1.2899999618530273,1.2899999618530273,6600,0.0,0.0
2023-11-07 00:00:00-05:00,1.2999999523162842,1.2999999523162842,1.2799999713897705,1.2799999713897705,4000,0.0,0.0
2023-11-08 00:00:00-05:00,1.2899999618530273,1.2899999618530273,1.2799999713897705,1.2799999713897705,1400,0.0,0.0
2023-11-09 00:00:00-05:00,1.3700000047683716,1.3700000047683716,1.2599999904632568,1.2599999904632568,8100,0.0,0.0
2023-11-10 00:00:00-05:00,1.2599999904632568,1.2860000133514404,1.159999966621399,1.2000000476837158,31300,0.0,0.0
2023-11-13 00:00:00-05:00,1.159999966621399,1.2400000095367432,1.159999966621399,1.2200000286102295,9600,0.0,0.0
2023-11-14 00:00:00-05:00,1.25,1.2999999523162842,1.190000057220459,1.274999976158142,24500,0.0,0.0
2023-11-15 00:00:00-05:00,1.2999999523162842,1.3220000267028809,1.2200000286102295,1.3200000524520874,7800,0.0,0.0
2023-11-16 00:00:00-05:00,1.2599999904632568,1.5700000524520874,1.25,1.350000023841858,375500,0.0,0.0
2023-11-17 00:00:00-05:00,1.3200000524520874,1.5,1.2300000190734863,1.350000023841858,38000,0.0,0.0
2023-11-20 00:00:00-05:00,1.409999966621399,1.409999966621399,1.2599999904632568,1.2999999523162842,15700,0.0,0.0
2023-11-21 00:00:00-05:00,1.309999942779541,1.350000023841858,1.2300000190734863,1.2300000190734863,28400,0.0,0.0
2023-11-22 00:00:00-05:00,1.2300000190734863,1.2300000190734863,1.1799999475479126,1.190000057220459,18400,0.0,0.0
2023-11-24 00:00:00-05:00,1.190000057220459,1.2100000381469727,1.190000057220459,1.2000000476837158,4400,0.0,0.0
2023-11-27 00:00:00-05:00,1.2100000381469727,1.2200000286102295,1.2000000476837158,1.2000000476837158,24000,0.0,0.0
2023-11-28 00:00:00-05:00,1.2000000476837158,1.2000000476837158,1.1200000047683716,1.1399999856948853,17500,0.0,0.0
2023-11-29 00:00:00-05:00,1.1410000324249268,1.2200000286102295,1.1410000324249268,1.149999976158142,14600,0.0,0.0
2023-11-30 00:00:00-05:00,1.159999966621399,1.2000000476837158,1.159999966621399,1.1699999570846558,7300,0.0,0.0
2023-12-01 00:00:00-05:00,1.1699999570846558,1.2000000476837158,1.149999976158142,1.2000000476837158,7200,0.0,0.0
2023-12-04 00:00:00-05:00,1.2000000476837158,1.2000000476837158,1.1799999475479126,1.1799999475479126,11000,0.0,0.0
2023-12-05 00:00:00-05:00,1.1799999475479126,1.2050000429153442,1.1349999904632568,1.1399999856948853,32500,0.0,0.0
2023-12-06 00:00:00-05:00,1.1299999952316284,1.1299999952316284,1.059999942779541,1.0700000524520874,41100,0.0,0.0
2023-12-07 00:00:00-05:00,1.1100000143051147,1.1100000143051147,1.0,1.0,35700,0.0,0.0
2023-12-08 00:00:00-05:00,1.0,1.0299999713897705,0.9599999785423279,0.9599999785423279,44600,0.0,0.0
2023-12-11 00:00:00-05:00,0.9599999785423279,0.9649999737739563,0.7799999713897705,0.8180000185966492,107900,0.0,0.0
2023-12-12 00:00:00-05:00,0.8100000023841858,0.8100000023841858,0.7149999737739563,0.75,105600,0.0,0.0
2023-12-13 00:00:00-05:00,0.7799999713897705,0.8119999766349792,0.7099999785423279,0.7990000247955322,119400,0.0,0.0
2023-12-14 00:00:00-05:00,0.7860000133514404,0.824999988079071,0.75,0.8100000023841858,75700,0.0,0.0
2023-12-15 00:00:00-05:00,0.843999981880188,0.8600000143051147,0.8100000023841858,0.8240000009536743,64000,0.0,0.0
2023-12-18 00:00:00-05:00,0.8399999737739563,0.8450000286102295,0.75,0.7630000114440918,50300,0.0,0.0
2023-12-19 00:00:00-05:00,0.7799999713897705,0.8500000238418579,0.7799999713897705,0.8309999704360962,51100,0.0,0.0
2023-12-20 00:00:00-05:00,0.7799999713897705,0.8450000286102295,0.7799999713897705,0.8410000205039978,69800,0.0,0.0
2023-12-21 00:00:00-05:00,0.8029999732971191,0.8379999995231628,0.7549999952316284,0.7599999904632568,36600,0.0,0.0
2023-12-22 00:00:00-05:00,0.7540000081062317,0.8799999952316284,0.7540000081062317,0.8299999833106995,98600,0.0,0.0
2023-12-26 00:00:00-05:00,0.8299999833106995,0.9200000166893005,0.8299999833106995,0.9200000166893005,48900,0.0,0.0
2023-12-27 00:00:00-05:00,0.9399999976158142,0.949999988079071,0.8999999761581421,0.8999999761581421,70000,0.0,0.0
2023-12-28 00:00:00-05:00,0.8999999761581421,0.9449999928474426,0.8700000047683716,0.9100000262260437,52500,0.0,0.0
2023-12-29 00:00:00-05:00,0.9300000071525574,1.0299999713897705,0.9300000071525574,1.0299999713897705,77800,0.0,0.0
2024-01-02 00:00:00-05:00,1.059999942779541,1.1299999952316284,1.059999942779541,1.1299999952316284,76600,0.0,0.0
2024-01-03 00:00:00-05:00,1.1200000047683716,1.1299999952316284,1.059999942779541,1.100000023841858,14100,0.0,0.0
2024-01-04 00:00:00-05:00,1.059999942779541,1.0850000381469727,1.059999942779541,1.0700000524520874,23500,0.0,0.0
2024-01-05 00:00:00-05:00,1.0850000381469727,1.0850000381469727,1.0499999523162842,1.0499999523162842,45700,0.0,0.0
2024-01-08 00:00:00-05:00,1.059999942779541,1.3300000429153442,1.0399999618530273,1.3209999799728394,145400,0.0,0.0
2024-01-09 00:00:00-05:00,1.340000033378601,1.340000033378601,1.2200000286102295,1.2549999952316284,69600,0.0,0.0
2024-01-10 00:00:00-05:00,1.2599999904632568,1.2999999523162842,1.2100000381469727,1.25,76600,0.0,0.0
2024-01-11 00:00:00-05:00,1.25,1.2599999904632568,1.2300000190734863,1.2330000400543213,26200,0.0,0.0
2024-01-12 00:00:00-05:00,1.2200000286102295,1.25,1.2200000286102295,1.2300000190734863,8100,0.0,0.0
2024-01-16 00:00:00-05:00,1.2599999904632568,1.399999976158142,1.25,1.3200000524520874,121000,0.0,0.0
2024-01-17 00:00:00-05:00,1.3200000524520874,1.340000033378601,1.25,1.340000033378601,10000,0.0,0.0
2024-01-18 00:00:00-05:00,1.350000023841858,1.5199999809265137,1.350000023841858,1.4800000190734863,83700,0.0,0.0
2024-01-19 00:00:00-05:00,1.4600000381469727,1.5,1.4149999618530273,1.4900000095367432,27300,0.0,0.0
2024-01-22 00:00:00-05:00,1.4600000381469727,1.5199999809265137,1.399999976158142,1.4600000381469727,54300,0.0,0.0
2024-01-23 00:00:00-05:00,1.4600000381469727,1.5099999904632568,1.399999976158142,1.399999976158142,12100,0.0,0.0
2024-01-24 00:00:00-05:00,1.3700000047683716,1.3700000047683716,1.1100000143051147,1.125,79900,0.0,0.0
2024-01-25 00:00:00-05:00,1.1299999952316284,1.149999976158142,1.0700000524520874,1.1200000047683716,18400,0.0,0.0
2024-01-26 00:00:00-05:00,1.2109999656677246,1.222000002861023,1.1299999952316284,1.1799999475479126,9000,0.0,0.0
2024-01-29 00:00:00-05:00,1.1799999475479126,1.2300000190734863,1.1399999856948853,1.2100000381469727,11900,0.0,0.0
2024-01-30 00:00:00-05:00,1.2400000095367432,1.25,1.1799999475479126,1.25,7900,0.0,0.0
2024-01-31 00:00:00-05:00,1.2400000095367432,1.281999945640564,1.2200000286102295,1.2400000095367432,5400,0.0,0.0
2024-02-01 00:00:00-05:00,1.2899999618530273,1.2899999618530273,1.2400000095367432,1.25,6800,0.0,0.0
2024-02-02 00:00:00-05:00,1.309999942779541,1.309999942779541,1.2400000095367432,1.2699999809265137,5400,0.0,0.0
2024-02-05 00:00:00-05:00,1.25,1.2660000324249268,1.2400000095367432,1.25,3800,0.0,0.0
2024-02-06 00:00:00-05:00,1.2799999713897705,1.2799999713897705,1.2400000095367432,1.2799999713897705,3800,0.0,0.0
2024-02-07 00:00:00-05:00,1.277999997138977,1.2799999713897705,1.2400000095367432,1.2599999904632568,3700,0.0,0.0
2024-02-08 00:00:00-05:00,1.2400000095367432,1.2599999904632568,1.2400000095367432,1.25,4500,0.0,0.0
2024-02-09 00:00:00-05:00,1.2599999904632568,1.2599999904632568,1.159999966621399,1.2400000095367432,37300,0.0,0.0
2024-02-12 00:00:00-05:00,1.2599999904632568,1.2599999904632568,1.149999976158142,1.1799999475479126,8000,0.0,0.0
2024-02-13 00:00:00-05:00,1.149999976158142,1.1629999876022339,1.034999966621399,1.1069999933242798,19500,0.0,0.0
2024-02-14 00:00:00-05:00,1.0499999523162842,1.1200000047683716,1.0499999523162842,1.0800000429153442,9500,0.0,0.0
2024-02-15 00:00:00-05:00,1.059999942779541,1.1299999952316284,1.059999942779541,1.0800000429153442,4300,0.0,0.0
2024-02-16 00:00:00-05:00,1.0779999494552612,1.0779999494552612,1.0399999618530273,1.0399999618530273,6000,0.0,0.0
2024-02-20 00:00:00-05:00,1.0399999618530273,1.090000033378601,1.0399999618530273,1.065000057220459,7000,0.0,0.0
2024-02-21 00:00:00-05:00,1.0499999523162842,1.0800000429153442,1.0499999523162842,1.062999963760376,2200,0.0,0.0
2024-02-22 00:00:00-05:00,1.0499999523162842,1.059999942779541,1.0399999618530273,1.059999942779541,4300,0.0,0.0
2024-02-23 00:00:00-05:00,1.0399999618530273,1.0499999523162842,1.0399999618530273,1.0499999523162842,3700,0.0,0.0
2024-02-26 00:00:00-05:00,1.0499999523162842,1.0800000429153442,1.0490000247955322,1.0800000429153442,5600,0.0,0.0
2024-02-27 00:00:00-05:00,1.0499999523162842,1.090000033378601,1.0399999618530273,1.0399999618530273,13300,0.0,0.0
2024-02-28 00:00:00-05:00,1.0399999618530273,1.090000033378601,1.0399999618530273,1.0499999523162842,5700,0.0,0.0
2024-02-29 00:00:00-05:00,1.0499999523162842,1.059999942779541,1.0299999713897705,1.0299999713897705,9500,0.0,0.0
2024-03-01 00:00:00-05:00,1.0299999713897705,1.0440000295639038,0.9900000095367432,0.9900000095367432,10800,0.0,0.0
2024-03-04 00:00:00-05:00,0.9900000095367432,0.9900000095367432,0.890999972820282,0.8939999938011169,23300,0.0,0.0
2024-03-05 00:00:00-05:00,0.8999999761581421,0.8999999761581421,0.8849999904632568,0.8930000066757202,7300,0.0,0.0
2024-03-06 00:00:00-05:00,0.8930000066757202,0.8999999761581421,0.8700000047683716,0.8999999761581421,8300,0.0,0.0
2024-03-07 00:00:00-05:00,0.8700000047683716,0.8700000047683716,0.7099999785423279,0.7710000276565552,395600,0.0,0.0
2024-03-08 00:00:00-05:00,0.7699999809265137,0.8199999928474426,0.7699999809265137,0.8199999928474426,13400,0.0,0.0
2024-03-11 00:00:00-04:00,0.828000009059906,0.8600000143051147,0.8009999990463257,0.8410000205039978,12400,0.0,0.0
2024-03-12 00:00:00-04:00,0.7900000214576721,0.8399999737739563,0.7900000214576721,0.800000011920929,16500,0.0,0.0
2024-03-13 00:00:00-04:00,0.8289999961853027,0.8500000238418579,0.8109999895095825,0.8489999771118164,21700,0.0,0.0
2024-03-14 00:00:00-04:00,0.8500000238418579,0.8500000238418579,0.7770000100135803,0.7960000038146973,31300,0.0,0.0
2024-03-15 00:00:00-04:00,0.777999997138977,0.8399999737739563,0.7300000190734863,0.7300000190734863,84200,0.0,0.0
2024-03-18 00:00:00-04:00,0.7200000286102295,0.777999997138977,0.7200000286102295,0.7649999856948853,39200,0.0,0.0
2024-03-19 00:00:00-04:00,0.7409999966621399,0.7609999775886536,0.7310000061988831,0.7609999775886536,13700,0.0,0.0
2024-03-20 00:00:00-04:00,0.7609999775886536,0.7900000214576721,0.6880000233650208,0.6880000233650208,95700,0.0,0.0
2024-03-21 00:00:00-04:00,0.6800000071525574,0.7799999713897705,0.6800000071525574,0.6899999976158142,78500,0.0,0.0
2024-03-22 00:00:00-04:00,0.6899999976158142,0.7760000228881836,0.6899999976158142,0.75,66700,0.0,0.0
2024-03-25 00:00:00-04:00,0.7599999904632568,0.7599999904632568,0.7009999752044678,0.7089999914169312,24100,0.0,0.0
2024-03-26 00:00:00-04:00,0.7089999914169312,0.75,0.6909999847412109,0.6909999847412109,48600,0.0,0.0
2024-03-27 00:00:00-04:00,0.6930000185966492,0.7300000190734863,0.6809999942779541,0.7009999752044678,9000,0.0,0.0
2024-03-28 00:00:00-04:00,0.6909999847412109,0.7289999723434448,0.6819999814033508,0.6959999799728394,6600,0.0,0.0
2024-04-01 00:00:00-04:00,0.6899999976158142,0.7200000286102295,0.6000000238418579,0.6800000071525574,150900,0.0,0.0
2024-04-02 00:00:00-04:00,0.6809999942779541,0.718999981880188,0.6349999904632568,0.699999988079071,75900,0.0,0.0
2024-04-03 00:00:00-04:00,0.6800000071525574,0.699999988079071,0.640999972820282,0.640999972820282,32100,0.0,0.0
2024-04-04 00:00:00-04:00,0.671999990940094,0.699999988079071,0.6499999761581421,0.6499999761581421,16600,0.0,0.0
2024-04-05 00:00:00-04:00,0.6399999856948853,0.6600000262260437,0.6000000238418579,0.625,13600,0.0,0.0
2024-04-08 00:00:00-04:00,0.6010000109672546,0.699999988079071,0.6010000109672546,0.6650000214576721,26800,0.0,0.0
2024-04-09 00:00:00-04:00,0.6499999761581421,0.6990000009536743,0.6200000047683716,0.6449999809265137,51000,0.0,0.0
2024-04-10 00:00:00-04:00,0.6600000262260437,0.6600000262260437,0.6159999966621399,0.6330000162124634,10000,0.0,0.0
2024-04-11 00:00:00-04:00,0.6349999904632568,0.6990000009536743,0.6200000047683716,0.6779999732971191,375400,0.0,0.0
2024-04-12 00:00:00-04:00,0.6579999923706055,0.6679999828338623,0.6100000143051147,0.6179999709129333,22700,0.0,0.0
2024-04-15 00:00:00-04:00,0.6200000047683716,0.6320000290870667,0.6019999980926514,0.6320000290870667,16400,0.0,0.0
2024-04-16 00:00:00-04:00,0.6010000109672546,0.6600000262260437,0.6010000109672546,0.6579999923706055,11600,0.0,0.0
2024-04-17 00:00:00-04:00,0.6570000052452087,0.6570000052452087,0.6179999709129333,0.6179999709129333,14500,0.0,0.0
2024-04-18 00:00:00-04:00,0.6340000033378601,0.6340000033378601,0.6179999709129333,0.6240000128746033,19100,0.0,0.0
2024-04-19 00:00:00-04:00,0.6489999890327454,0.6499999761581421,0.6019999980926514,0.6019999980926514,43200,0.0,0.0
2024-04-22 00:00:00-04:00,0.6019999980926514,0.6019999980926514,0.5899999737739563,0.5899999737739563,21800,0.0,0.0
2024-04-23 00:00:00-04:00,0.5899999737739563,0.609000027179718,0.5899999737739563,0.5989999771118164,29800,0.0,0.0
2024-04-24 00:00:00-04:00,0.5809999704360962,0.6039999723434448,0.5720000267028809,0.5899999737739563,18700,0.0,0.0
2024-04-25 00:00:00-04:00,0.6299999952316284,0.6299999952316284,0.5699999928474426,0.5699999928474426,28200,0.0,0.0
2024-04-26 00:00:00-04:00,0.5789999961853027,0.5899999737739563,0.5699999928474426,0.5899999737739563,7100,0.0,0.0
2024-04-29 00:00:00-04:00,0.6039999723434448,0.6039999723434448,0.5740000009536743,0.5870000123977661,6000,0.0,0.0
2024-04-30 00:00:00-04:00,0.6000000238418579,0.6000000238418579,0.5,0.5540000200271606,46000,0.0,0.0
2024-05-01 00:00:00-04:00,0.5609999895095825,0.5899999737739563,0.5,0.5149999856948853,58200,0.0,0.0
2024-05-02 00:00:00-04:00,0.5569999814033508,0.5569999814033508,0.4819999933242798,0.5099999904632568,53600,0.0,0.0
2024-05-03 00:00:00-04:00,0.49000000953674316,0.5400000214576721,0.48399999737739563,0.5049999952316284,37300,0.0,0.0
2024-05-06 00:00:00-04:00,0.5120000243186951,0.5899999737739563,0.5,0.5410000085830688,178000,0.0,0.0
2024-05-07 00:00:00-04:00,0.550000011920929,0.578000009059906,0.5149999856948853,0.527999997138977,78500,0.0,0.0
2024-05-08 00:00:00-04:00,0.5299999713897705,0.5299999713897705,0.48399999737739563,0.5139999985694885,39500,0.0,0.0
2024-05-09 00:00:00-04:00,0.5120000243186951,0.5299999713897705,0.4580000042915344,0.4779999852180481,66500,0.0,0.0
2024-05-10 00:00:00-04:00,0.47099998593330383,0.49000000953674316,0.45899999141693115,0.49000000953674316,11300,0.0,0.0
2024-05-13 00:00:00-04:00,0.47999998927116394,0.49000000953674316,0.46000000834465027,0.46399998664855957,32400,0.0,0.0
2024-05-14 00:00:00-04:00,0.4659999907016754,0.5099999904632568,0.46000000834465027,0.4860000014305115,33400,0.0,0.0
2024-05-15 00:00:00-04:00,0.4860000014305115,0.5199999809265137,0.4860000014305115,0.49900001287460327,14300,0.0,0.0
2024-05-16 00:00:00-04:00,0.5270000100135803,0.5270000100135803,0.47999998927116394,0.5099999904632568,22400,0.0,0.0
2024-05-17 00:00:00-04:00,0.5199999809265137,0.550000011920929,0.5120000243186951,0.5120000243186951,61000,0.0,0.0
2024-05-20 00:00:00-04:00,0.527999997138977,0.5299999713897705,0.5120000243186951,0.5299999713897705,31500,0.0,0.0
2024-05-21 00:00:00-04:00,0.550000011920929,0.550000011920929,0.5109999775886536,0.5199999809265137,19800,0.0,0.0
2024-05-22 00:00:00-04:00,0.5580000281333923,0.5580000281333923,0.46000000834465027,0.5239999890327454,43300,0.0,0.0
2024-05-23 00:00:00-04:00,0.5009999871253967,0.5299999713897705,0.46000000834465027,0.5299999713897705,4800,0.0,0.0
2024-05-24 00:00:00-04:00,0.5580000281333923,0.7799999713897705,0.5460000038146973,0.6700000166893005,814700,0.0,0.0
2024-05-28 00:00:00-04:00,0.7300000190734863,0.8299999833106995,0.7300000190734863,0.8090000152587891,213700,0.0,0.0
2024-05-29 00:00:00-04:00,0.8500000238418579,0.9399999976158142,0.8500000238418579,0.8700000047683716,313400,0.0,0.0
2024-05-30 00:00:00-04:00,0.8899999856948853,0.9399999976158142,0.8899999856948853,0.8899999856948853,96800,0.0,0.0
2024-05-31 00:00:00-04:00,0.9100000262260437,0.9300000071525574,0.9100000262260437,0.9100000262260437,55400,0.0,0.0
2024-06-03 00:00:00-04:00,0.9599999785423279,1.0889999866485596,0.9599999785423279,1.0299999713897705,324500,0.0,0.0
2024-06-04 00:00:00-04:00,1.1399999856948853,1.3300000429153442,1.0700000524520874,1.159999966621399,1363800,0.0,0.0
2024-06-05 00:00:00-04:00,1.2799999713897705,1.649999976158142,1.2200000286102295,1.3200000524520874,1228900,0.0,0.0
2024-06-06 00:00:00-04:00,1.3300000429153442,1.340000033378601,1.0,1.190000057220459,779500,0.0,0.0
2024-06-07 00:00:00-04:00,1.190000057220459,1.2000000476837158,0.9599999785423279,1.0299999713897705,309800,0.0,0.0
2024-06-10 00:00:00-04:00,1.0099999904632568,1.065999984741211,0.9599999785423279,1.0499999523162842,77800,0.0,0.0
2024-06-11 00:00:00-04:00,1.0499999523162842,1.090000033378601,1.0299999713897705,1.059999942779541,59100,0.0,0.0
2024-06-12 00:00:00-04:00,1.0499999523162842,1.1399999856948853,1.0099999904632568,1.0700000524520874,160100,0.0,0.0
2024-06-13 00:00:00-04:00,1.059999942779541,1.128999948501587,1.0399999618530273,1.100000023841858,32900,0.0,0.0
2024-06-14 00:00:00-04:00,1.1100000143051147,1.1100000143051147,1.090000033378601,1.1100000143051147,30700,0.0,0.0
2024-06-17 00:00:00-04:00,1.149999976158142,1.25,1.1100000143051147,1.2200000286102295,128400,0.0,0.0
2024-06-18 00:00:00-04:00,1.2200000286102295,1.2899999618530273,1.100000023841858,1.149999976158142,148700,0.0,0.0
2024-06-20 00:00:00-04:00,1.149999976158142,1.2400000095367432,1.149999976158142,1.1699999570846558,103300,0.0,0.0
2024-06-21 00:00:00-04:00,1.159999966621399,1.2599999904632568,1.1319999694824219,1.2599999904632568,97100,0.0,0.0
2024-06-24 00:00:00-04:00,1.2999999523162842,1.3799999952316284,1.2999999523162842,1.3600000143051147,82500,0.0,0.0
2024-06-25 00:00:00-04:00,1.3200000524520874,1.3799999952316284,1.309999942779541,1.3200000524520874,30700,0.0,0.0
2024-06-26 00:00:00-04:00,1.3799999952316284,1.4900000095367432,1.3799999952316284,1.4299999475479126,72700,0.0,0.0
2024-06-27 00:00:00-04:00,1.5399999618530273,2.049999952316284,1.5099999904632568,1.9700000286102295,761600,0.0,0.0
2024-06-28 00:00:00-04:00,1.9700000286102295,1.9800000190734863,1.649999976158142,1.659999966621399,154100,0.0,0.0
2024-07-01 00:00:00-04:00,1.690000057220459,1.75,1.6799999475479126,1.6799999475479126,44100,0.0,0.0
2024-07-02 00:00:00-04:00,1.6799999475479126,1.690000057220459,1.5499999523162842,1.600000023841858,73700,0.0,0.0
2024-07-03 00:00:00-04:00,1.600000023841858,1.600000023841858,1.3200000524520874,1.3700000047683716,136900,0.0,0.0
2024-07-05 00:00:00-04:00,1.3300000429153442,1.4780000448226929,1.2899999618530273,1.340000033378601,51800,0.0,0.0
2024-07-08 00:00:00-04:00,1.350000023841858,1.3650000095367432,1.3029999732971191,1.340000033378601,27500,0.0,0.0
2024-07-09 00:00:00-04:00,1.340000033378601,1.3600000143051147,1.3200000524520874,1.3300000429153442,30700,0.0,0.0
2024-07-10 00:00:00-04:00,1.3300000429153442,1.3669999837875366,1.2999999523162842,1.312000036239624,36300,0.0,0.0
2024-07-11 00:00:00-04:00,1.3700000047683716,1.3700000047683716,1.309999942779541,1.3200000524520874,15800,0.0,0.0
2024-07-12 00:00:00-04:00,1.2799999713897705,1.440000057220459,1.2799999713897705,1.399999976158142,80700,0.0,0.0
2024-07-15 00:00:00-04:00,1.3899999856948853,1.3899999856948853,1.3300000429153442,1.340000033378601,16000,0.0,0.0
2024-07-16 00:00:00-04:00,1.3899999856948853,1.3899999856948853,1.3300000429153442,1.3700000047683716,12800,0.0,0.0
2024-07-17 00:00:00-04:00,1.3700000047683716,1.3899999856948853,1.3200000524520874,1.350000023841858,9200,0.0,0.0
2024-07-18 00:00:00-04:00,1.315000057220459,1.3650000095367432,1.1399999856948853,1.25,66500,0.0,0.0
2024-07-19 00:00:00-04:00,1.2400000095367432,1.25,1.1799999475479126,1.2200000286102295,28400,0.0,0.0
2024-07-22 00:00:00-04:00,1.2799999713897705,1.340000033378601,1.2200000286102295,1.2699999809265137,8000,0.0,0.0
2024-07-23 00:00:00-04:00,1.2899999618530273,1.2899999618530273,1.190000057220459,1.2200000286102295,11700,0.0,0.0
2024-07-24 00:00:00-04:00,1.25,1.25,1.1200000047683716,1.149999976158142,14700,0.0,0.0
2024-07-25 00:00:00-04:00,1.1799999475479126,1.1799999475479126,1.0499999523162842,1.0800000429153442,28700,0.0,0.0
2024-07-26 00:00:00-04:00,1.0800000429153442,1.2000000476837158,1.0800000429153442,1.190000057220459,24700,0.0,0.0
2024-07-29 00:00:00-04:00,1.1699999570846558,1.222000002861023,1.1699999570846558,1.222000002861023,17500,0.0,0.0
2024-07-30 00:00:00-04:00,1.2200000286102295,1.2200000286102295,1.128000020980835,1.184999942779541,13400,0.0,0.0
2024-07-31 00:00:00-04:00,1.1200000047683716,1.1799999475479126,1.0700000524520874,1.0800000429153442,28400,0.0,0.0
2024-08-01 00:00:00-04:00,1.0700000524520874,1.149999976158142,1.0499999523162842,1.0499999523162842,9500,0.0,0.0
2024-08-02 00:00:00-04:00,1.0700000524520874,1.0720000267028809,0.8809999823570251,0.9399999976158142,34400,0.0,0.0
2024-08-05 00:00:00-04:00,0.8830000162124634,0.9300000071525574,0.8500000238418579,0.8999999761581421,14000,0.0,0.0
2024-08-06 00:00:00-04:00,0.9419999718666077,0.9779999852180481,0.9049999713897705,0.9089999794960022,9400,0.0,0.0
2024-08-07 00:00:00-04:00,0.9599999785423279,0.9599999785423279,0.8999999761581421,0.8999999761581421,14300,0.0,0.0
2024-08-08 00:00:00-04:00,0.8999999761581421,0.9449999928474426,0.8970000147819519,0.8970000147819519,9300,0.0,0.0
2024-08-09 00:00:00-04:00,0.8510000109672546,0.921999990940094,0.8500000238418579,0.8769999742507935,37700,0.0,0.0
2024-08-12 00:00:00-04:00,0.9210000038146973,0.9990000128746033,0.9210000038146973,0.9599999785423279,19700,0.0,0.0
2024-08-13 00:00:00-04:00,0.9380000233650208,0.9900000095367432,0.8939999938011169,0.9390000104904175,7600,0.0,0.0
2024-08-14 00:00:00-04:00,0.949999988079071,1.0,0.9039999842643738,0.9100000262260437,8800,0.0,0.0
2024-08-15 00:00:00-04:00,0.8899999856948853,0.8899999856948853,0.8500000238418579,0.8859999775886536,18800,0.0,0.0
2024-08-16 00:00:00-04:00,0.8700000047683716,0.9319999814033508,0.8399999737739563,0.8989999890327454,27200,0.0,0.0
2024-08-19 00:00:00-04:00,0.9800000190734863,1.0099999904632568,0.8700000047683716,0.9399999976158142,38700,0.0,0.0
2024-08-20 00:00:00-04:00,0.9399999976158142,1.0,0.8999999761581421,0.9520000219345093,23400,0.0,0.0
2024-08-21 00:00:00-04:00,1.0,1.149999976158142,1.0,1.1019999980926514,34000,0.0,0.0
2024-08-22 00:00:00-04:00,1.1399999856948853,1.2100000381469727,1.0700000524520874,1.2100000381469727,37700,0.0,0.0
2024-08-23 00:00:00-04:00,1.25,1.5829999446868896,1.2350000143051147,1.4500000476837158,145900,0.0,0.0
2024-08-26 00:00:00-04:00,1.409999966621399,1.4800000190734863,1.2699999809265137,1.3700000047683716,49500,0.0,0.0
2024-08-27 00:00:00-04:00,1.4600000381469727,1.4600000381469727,1.2799999713897705,1.2899999618530273,11200,0.0,0.0
2024-08-28 00:00:00-04:00,1.309999942779541,1.3899999856948853,1.2699999809265137,1.2699999809265137,14500,0.0,0.0
2024-08-29 00:00:00-04:00,1.2999999523162842,1.350000023841858,1.2100000381469727,1.2100000381469727,36500,0.0,0.0
2024-08-30 00:00:00-04:00,1.2400000095367432,1.2899999618530273,1.190000057220459,1.2070000171661377,12000,0.0,0.0
2024-09-03 00:00:00-04:00,1.2100000381469727,1.36899995803833,1.2020000219345093,1.2200000286102295,5200,0.0,0.0
2024-09-04 00:00:00-04:00,1.2200000286102295,1.2999999523162842,1.149999976158142,1.149999976158142,11800,0.0,0.0
2024-09-05 00:00:00-04:00,1.1710000038146973,1.187999963760376,1.100000023841858,1.1100000143051147,9300,0.0,0.0
2024-09-06 00:00:00-04:00,1.1100000143051147,1.1100000143051147,0.8500000238418579,0.9599999785423279,24100,0.0,0.0
2024-09-09 00:00:00-04:00,1.0299999713897705,1.0299999713897705,0.8999999761581421,0.9079999923706055,19900,0.0,0.0
2024-09-10 00:00:00-04:00,0.9399999976158142,0.9750000238418579,0.9010000228881836,0.9449999928474426,10200,0.0,0.0
2024-09-11 00:00:00-04:00,0.9139999747276306,0.9449999928474426,0.8999999761581421,0.9200000166893005,5900,0.0,0.0
2024-09-12 00:00:00-04:00,0.9200000166893005,0.9599999785423279,0.9169999957084656,0.9409999847412109,8800,0.0,0.0
2024-09-13 00:00:00-04:00,0.9879999756813049,1.159999966621399,0.9879999756813049,1.100000023841858,68200,0.0,0.0
2024-09-16 00:00:00-04:00,1.1200000047683716,1.149999976158142,1.0390000343322754,1.1299999952316284,14600,0.0,0.0
2024-09-17 00:00:00-04:00,1.159999966621399,1.2100000381469727,1.159999966621399,1.190000057220459,9600,0.0,0.0
2024-09-18 00:00:00-04:00,1.1399999856948853,1.25,1.1399999856948853,1.2100000381469727,14300,0.0,0.0
2024-09-19 00:00:00-04:00,1.190000057220459,1.25,1.149999976158142,1.215000033378601,16200,0.0,0.0
2024-09-20 00:00:00-04:00,1.2300000190734863,1.2300000190734863,1.090000033378601,1.2300000190734863,22800,0.0,0.0
2024-09-23 00:00:00-04:00,1.2899999618530273,1.2899999618530273,1.1100000143051147,1.1100000143051147,23900,0.0,0.0
2024-09-24 00:00:00-04:00,1.1399999856948853,1.2100000381469727,1.0399999618530273,1.0800000429153442,9700,0.0,0.0
2024-09-25 00:00:00-04:00,1.2000000476837158,1.2000000476837158,1.0950000286102295,1.1799999475479126,14500,0.0,0.0
2024-09-26 00:00:00-04:00,1.2400000095367432,1.2430000305175781,1.100000023841858,1.100000023841858,10700,0.0,0.0
2024-09-27 00:00:00-04:00,1.159999966621399,1.5700000524520874,1.159999966621399,1.5,587500,0.0,0.0
2024-09-30 00:00:00-04:00,1.5,1.6399999856948853,1.25,1.2899999618530273,127400,0.0,0.0
2024-10-01 00:00:00-04:00,1.3600000143051147,1.559999942779541,1.3109999895095825,1.4900000095367432,70900,0.0,0.0
2024-10-02 00:00:00-04:00,1.6399999856948853,1.7610000371932983,1.5219999551773071,1.7200000286102295,154500,0.0,0.0
2024-10-03 00:00:00-04:00,1.7300000190734863,1.7300000190734863,1.3899999856948853,1.5299999713897705,85300,0.0,0.0
2024-10-04 00:00:00-04:00,1.5399999618530273,1.6299999952316284,1.4279999732971191,1.5499999523162842,37500,0.0,0.0
2024-10-07 00:00:00-04:00,1.559999942779541,1.7300000190734863,1.559999942779541,1.7259999513626099,50400,0.0,0.0
2024-10-08 00:00:00-04:00,1.7000000476837158,1.7000000476837158,1.5199999809265137,1.5199999809265137,55600,0.0,0.0
2024-10-09 00:00:00-04:00,1.5800000429153442,1.5800000429153442,1.409999966621399,1.4809999465942383,39100,0.0,0.0
2024-10-10 00:00:00-04:00,1.5499999523162842,1.559999942779541,1.4199999570846558,1.5099999904632568,27600,0.0,0.0
2024-10-11 00:00:00-04:00,1.4900000095367432,1.6679999828338623,1.4019999504089355,1.4800000190734863,61600,0.0,0.0
2024-10-14 00:00:00-04:00,1.5499999523162842,1.6399999856948853,1.5499999523162842,1.5800000429153442,36800,0.0,0.0
2024-10-15 00:00:00-04:00,1.5800000429153442,1.5800000429153442,1.4199999570846558,1.4500000476837158,32600,0.0,0.0
2024-10-16 00:00:00-04:00,1.4800000190734863,1.5640000104904175,1.4559999704360962,1.4800000190734863,21400,0.0,0.0
2024-10-17 00:00:00-04:00,1.5399999618530273,1.5399999618530273,1.4500000476837158,1.4600000381469727,14500,0.0,0.0
2024-10-18 00:00:00-04:00,1.4600000381469727,1.5299999713897705,1.4509999752044678,1.5199999809265137,13200,0.0,0.0
2024-10-21 00:00:00-04:00,1.5399999618530273,1.7999999523162842,1.5399999618530273,1.7899999618530273,71000,0.0,0.0
2024-10-22 00:00:00-04:00,1.7799999713897705,1.850000023841858,1.7209999561309814,1.75,40900,0.0,0.0
2024-10-23 00:00:00-04:00,1.7599999904632568,1.840000033378601,1.659999966621399,1.840000033378601,47100,0.0,0.0
2024-10-24 00:00:00-04:00,1.8300000429153442,1.8899999856948853,1.7799999713897705,1.7899999618530273,11300,0.0,0.0
2024-10-25 00:00:00-04:00,1.7999999523162842,1.8990000486373901,1.649999976158142,1.690000057220459,46100,0.0,0.0
2024-10-28 00:00:00-04:00,1.690000057220459,1.718000054359436,1.6200000047683716,1.690000057220459,24000,0.0,0.0
2024-10-29 00:00:00-04:00,1.7100000381469727,1.75,1.6100000143051147,1.7000000476837158,15100,0.0,0.0
2024-10-30 00:00:00-04:00,1.649999976158142,1.687000036239624,1.5299999713897705,1.5499999523162842,40900,0.0,0.0
2024-10-31 00:00:00-04:00,1.5199999809265137,1.5299999713897705,1.3300000429153442,1.3300000429153442,51000,0.0,0.0
2024-11-01 00:00:00-04:00,1.3899999856948853,1.4700000286102295,1.3200000524520874,1.4299999475479126,25100,0.0,0.0
2024-11-04 00:00:00-05:00,1.409999966621399,1.4800000190734863,1.25,1.4199999570846558,39000,0.0,0.0
2024-11-05 00:00:00-05:00,1.3899999856948853,1.4299999475479126,1.350000023841858,1.4199999570846558,14700,0.0,0.0
2024-11-06 00:00:00-05:00,1.5299999713897705,1.5379999876022339,1.399999976158142,1.5,18200,0.0,0.0
2024-11-07 00:00:00-05:00,1.5,1.5709999799728394,1.3980000019073486,1.4199999570846558,24400,0.0,0.0
2024-11-08 00:00:00-05:00,1.409999966621399,1.4900000095367432,1.3899999856948853,1.4299999475479126,18600,0.0,0.0
2024-11-11 00:00:00-05:00,1.409999966621399,1.4600000381469727,1.340000033378601,1.409999966621399,41500,0.0,0.0
2024-11-12 00:00:00-05:00,1.4780000448226929,1.4780000448226929,1.2699999809265137,1.3600000143051147,36500,0.0,0.0
2024-11-13 00:00:00-05:00,1.3200000524520874,1.3250000476837158,1.100000023841858,1.1399999856948853,85900,0.0,0.0
2024-11-14 00:00:00-05:00,1.1799999475479126,1.1799999475479126,1.0800000429153442,1.0800000429153442,18000,0.0,0.0
2024-11-15 00:00:00-05:00,1.0,1.0800000429153442,0.9800000190734863,1.0399999618530273,35300,0.0,0.0
2024-11-18 00:00:00-05:00,1.0199999809265137,1.2100000381469727,1.003999948501587,1.059999942779541,81200,0.0,0.0
2024-11-19 00:00:00-05:00,1.0800000429153442,1.1759999990463257,1.0199999809265137,1.0700000524520874,21100,0.0,0.0
2024-11-20 00:00:00-05:00,1.1100000143051147,1.159999966621399,1.100000023841858,1.149999976158142,17300,0.0,0.0
2024-11-21 00:00:00-05:00,1.149999976158142,1.149999976158142,1.100000023841858,1.100000023841858,12000,0.0,0.0
2024-11-22 00:00:00-05:00,1.1200000047683716,1.1200000047683716,1.0800000429153442,1.0800000429153442,17600,0.0,0.0
2024-11-25 00:00:00-05:00,1.1299999952316284,1.2699999809265137,1.0800000429153442,1.1299999952316284,30400,0.0,0.0
2024-11-26 00:00:00-05:00,1.149999976158142,1.1649999618530273,1.0800000429153442,1.0800000429153442,16500,0.0,0.0
2024-11-27 00:00:00-05:00,1.1460000276565552,1.25,1.1299999952316284,1.2100000381469727,52600,0.0,0.0
2024-11-29 00:00:00-05:00,1.2200000286102295,1.2999999523162842,1.2079999446868896,1.2999999523162842,24900,0.0,0.0
2024-12-02 00:00:00-05:00,1.2899999618530273,1.3300000429153442,1.1799999475479126,1.1799999475479126,40900,0.0,0.0
2024-12-03 00:00:00-05:00,1.1799999475479126,1.2300000190734863,1.0800000429153442,1.2000000476837158,32700,0.0,0.0
2024-12-04 00:00:00-05:00,1.159999966621399,1.25,1.1100000143051147,1.215000033378601,19000,0.0,0.0
2024-12-05 00:00:00-05:00,1.2100000381469727,1.2999999523162842,1.2100000381469727,1.274999976158142,37600,0.0,0.0
2024-12-06 00:00:00-05:00,1.2899999618530273,1.2899999618530273,1.2100000381469727,1.2200000286102295,15300,0.0,0.0
2024-12-09 00:00:00-05:00,1.2699999809265137,1.2999999523162842,1.090000033378601,1.1200000047683716,52600,0.0,0.0
2024-12-10 00:00:00-05:00,1.1200000047683716,1.2699999809265137,1.0800000429153442,1.1299999952316284,15000,0.0,0.0
2024-12-11 00:00:00-05:00,1.1699999570846558,1.2200000286102295,1.100000023841858,1.1200000047683716,19700,0.0,0.0
2024-12-12 00:00:00-05:00,1.1200000047683716,1.1799999475479126,1.0399999618530273,1.0800000429153442,37200,0.0,0.0
2024-12-13 00:00:00-05:00,1.159999966621399,1.2000000476837158,1.0499999523162842,1.1200000047683716,44600,0.0,0.0
2024-12-16 00:00:00-05:00,1.1299999952316284,1.1649999618530273,1.0399999618530273,1.0750000476837158,529300,0.0,0.0
2024-12-17 00:00:00-05:00,0.949999988079071,0.9599999785423279,0.8610000014305115,0.925000011920929,123400,0.0,0.0
2024-12-18 00:00:00-05:00,0.9200000166893005,0.9700000286102295,0.8840000033378601,0.9340000152587891,57200,0.0,0.0
2024-12-19 00:00:00-05:00,0.949999988079071,0.9900000095367432,0.9200000166893005,0.9620000123977661,28800,0.0,0.0
2024-12-20 00:00:00-05:00,0.9750000238418579,1.0299999713897705,0.9190000295639038,1.0,45100,0.0,0.0
2024-12-23 00:00:00-05:00,0.9599999785423279,0.9800000190734863,0.9200000166893005,0.9300000071525574,69200,0.0,0.0
2024-12-24 00:00:00-05:00,0.949999988079071,0.9599999785423279,0.8899999856948853,0.9100000262260437,22100,0.0,0.0
2024-12-26 00:00:00-05:00,0.9100000262260437,0.9430000185966492,0.8970000147819519,0.9150000214576721,16300,0.0,0.0
2024-12-27 00:00:00-05:00,0.8600000143051147,0.9150000214576721,0.8100000023841858,0.8399999737739563,87000,0.0,0.0
2024-12-30 00:00:00-05:00,0.859000027179718,1.649999976158142,0.859000027179718,1.2589999437332153,1222700,0.0,0.0
2024-12-31 00:00:00-05:00,1.090000033378601,1.1699999570846558,0.9599999785423279,1.0199999809265137,1956600,0.0,0.0
2025-01-02 00:00:00-05:00,2.059999942779541,2.609999895095825,1.1200000047683716,1.3799999952316284,46873100,0.0,0.0
2025-01-03 00:00:00-05:00,1.350000023841858,1.350000023841858,1.0099999904632568,1.1799999475479126,2178600,0.0,0.0
2025-01-06 00:00:00-05:00,1.2100000381469727,1.2699999809265137,1.100000023841858,1.100000023841858,732300,0.0,0.0
2025-01-07 00:00:00-05:00,1.1200000047683716,1.1200000047683716,0.9700000286102295,1.0,505800,0.0,0.0
2025-01-08 00:00:00-05:00,1.0,1.0269999504089355,0.9200000166893005,0.925000011920929,261300,0.0,0.0
2025-01-10 00:00:00-05:00,0.9300000071525574,0.9599999785423279,0.8999999761581421,0.925000011920929,183800,0.0,0.0
2025-01-13 00:00:00-05:00,0.9200000166893005,0.9210000038146973,0.8299999833106995,0.8539999723434448,253000,0.0,0.0
2025-01-14 00:00:00-05:00,0.8700000047683716,0.890999972820282,0.8539999723434448,0.8799999952316284,161100,0.0,0.0
2025-01-15 00:00:00-05:00,0.890999972820282,0.921999990940094,0.8349999785423279,0.8799999952316284,239800,0.0,0.0
2025-01-16 00:00:00-05:00,0.9100000262260437,0.9100000262260437,0.8209999799728394,0.8500000238418579,82600,0.0,0.0
2025-01-17 00:00:00-05:00,0.828000009059906,0.8700000047683716,0.75,0.8209999799728394,583900,0.0,0.0
2025-01-21 00:00:00-05:00,0.8500000238418579,0.8600000143051147,0.7699999809265137,0.8299999833106995,112000,0.0,0.0
2025-01-22 00:00:00-05:00,0.8299999833106995,0.8650000095367432,0.8050000071525574,0.847000002861023,243000,0.0,0.0
2025-01-23 00:00:00-05:00,0.8600000143051147,0.8700000047683716,0.8230000138282776,0.8539999723434448,89000,0.0,0.0
2025-01-24 00:00:00-05:00,0.8700000047683716,0.9350000023841858,0.8500000238418579,0.9020000100135803,196400,0.0,0.0
2025-01-27 00:00:00-05:00,0.8999999761581421,0.949999988079071,0.878000020980835,0.9470000267028809,235400,0.0,0.0
2025-01-28 00:00:00-05:00,0.9399999976158142,0.9399999976158142,0.8799999952316284,0.890999972820282,75400,0.0,0.0
2025-01-29 00:00:00-05:00,0.9390000104904175,0.9390000104904175,0.8299999833106995,0.8619999885559082,207900,0.0,0.0
2025-01-30 00:00:00-05:00,0.8899999856948853,0.9300000071525574,0.8299999833106995,0.8769999742507935,198000,0.0,0.0
2025-01-31 00:00:00-05:00,0.8600000143051147,0.8999999761581421,0.8500000238418579,0.875,425800,0.0,0.0
2025-02-03 00:00:00-05:00,0.8500000238418579,0.8999999761581421,0.8399999737739563,0.8830000162124634,209300,0.0,0.0
2025-02-04 00:00:00-05:00,0.8830000162124634,0.9100000262260437,0.8830000162124634,0.8840000033378601,100500,0.0,0.0
2025-02-05 00:00:00-05:00,0.8840000033378601,0.9210000038146973,0.8840000033378601,0.9039999842643738,172900,0.0,0.0
2025-02-06 00:00:00-05:00,0.9300000071525574,1.0399999618530273,0.9100000262260437,1.0,409000,0.0,0.0
2025-02-07 00:00:00-05:00,1.0299999713897705,1.0700000524520874,0.953000009059906,1.0199999809265137,299300,0.0,0.0
2025-02-10 00:00:00-05:00,1.0199999809265137,1.0199999809265137,0.9319999814033508,0.9509999752044678,148400,0.0,0.0
2025-02-11 00:00:00-05:00,1.0299999713897705,1.0499999523162842,0.9599999785423279,0.9700000286102295,293700,0.0,0.0
2025-02-12 00:00:00-05:00,1.0299999713897705,1.2200000286102295,1.0299999713897705,1.2100000381469727,773000,0.0,0.0
2025-02-13 00:00:00-05:00,1.2300000190734863,1.309999942779541,1.149999976158142,1.159999966621399,522100,0.0,0.0
2025-02-14 00:00:00-05:00,1.2000000476837158,1.2000000476837158,1.0299999713897705,1.059999942779541,235500,0.0,0.0
2025-02-18 00:00:00-05:00,1.0700000524520874,1.2000000476837158,1.0609999895095825,1.159999966621399,367700,0.0,0.0
2025-02-19 00:00:00-05:00,1.149999976158142,1.1749999523162842,1.0700000524520874,1.100000023841858,98300,0.0,0.0
2025-02-20 00:00:00-05:00,1.1799999475479126,1.1799999475479126,1.0800000429153442,1.090000033378601,70700,0.0,0.0
2025-02-21 00:00:00-05:00,1.100000023841858,1.1399999856948853,1.0199999809265137,1.0299999713897705,145900,0.0,0.0
2025-02-24 00:00:00-05:00,1.0299999713897705,1.059999942779541,0.9700000286102295,1.0399999618530273,86700,0.0,0.0
2025-02-25 00:00:00-05:00,1.0199999809265137,1.0299999713897705,0.9620000123977661,0.9819999933242798,49900,0.0,0.0
2025-02-26 00:00:00-05:00,0.9750000238418579,1.0299999713897705,0.9750000238418579,1.0199999809265137,72500,0.0,0.0
2025-02-27 00:00:00-05:00,1.0299999713897705,1.0499999523162842,0.9929999709129333,0.9950000047683716,46400,0.0,0.0
2025-02-28 00:00:00-05:00,1.0,1.0,0.8899999856948853,0.9150000214576721,130800,0.0,0.0
2025-03-03 00:00:00-05:00,0.9100000262260437,0.9350000023841858,0.8999999761581421,0.9120000004768372,54700,0.0,0.0
2025-03-04 00:00:00-05:00,0.8899999856948853,0.9120000004768372,0.8199999928474426,0.8500000238418579,85800,0.0,0.0
2025-03-05 00:00:00-05:00,0.8399999737739563,0.9150000214576721,0.8399999737739563,0.8849999904632568,128100,0.0,0.0
2025-03-06 00:00:00-05:00,0.8600000143051147,0.9100000262260437,0.8600000143051147,0.8619999885559082,28300,0.0,0.0
2025-03-07 00:00:00-05:00,0.8769999742507935,0.9300000071525574,0.8610000014305115,0.9300000071525574,47400,0.0,0.0
2025-03-10 00:00:00-04:00,0.890999972820282,0.9200000166893005,0.8100000023841858,0.8100000023841858,82600,0.0,0.0
2025-03-11 00:00:00-04:00,0.8199999928474426,0.8619999885559082,0.800000011920929,0.8180000185966492,74300,0.0,0.0
2025-03-12 00:00:00-04:00,0.8149999976158142,0.8700000047683716,0.8149999976158142,0.8600000143051147,30500,0.0,0.0
2025-03-13 00:00:00-04:00,0.8700000047683716,0.8700000047683716,0.8320000171661377,0.8399999737739563,17200,0.0,0.0
2025-03-14 00:00:00-04:00,0.8790000081062317,0.8989999890327454,0.8259999752044678,0.8600000143051147,18900,0.0,0.0
2025-03-17 00:00:00-04:00,0.8600000143051147,0.8949999809265137,0.8309999704360962,0.8799999952316284,41900,0.0,0.0
2025-03-18 00:00:00-04:00,0.8799999952316284,0.8799999952316284,0.8259999752044678,0.8500000238418579,21200,0.0,0.0
2025-03-19 00:00:00-04:00,0.8500000238418579,0.8989999890327454,0.8299999833106995,0.8399999737739563,25300,0.0,0.0
2025-03-20 00:00:00-04:00,0.8690000176429749,0.9190000295639038,0.8399999737739563,0.878000020980835,39800,0.0,0.0
2025-03-21 00:00:00-04:00,0.8550000190734863,0.8809999823570251,0.8399999737739563,0.8450000286102295,35000,0.0,0.0
2025-03-24 00:00:00-04:00,0.906000018119812,0.9100000262260437,0.8799999952316284,0.9100000262260437,29200,0.0,0.0
2025-03-25 00:00:00-04:00,0.9300000071525574,0.9399999976158142,0.8999999761581421,0.9269999861717224,14600,0.0,0.0
2025-03-26 00:00:00-04:00,0.9399999976158142,1.0,0.9390000104904175,0.9599999785423279,57300,0.0,0.0
2025-03-27 00:00:00-04:00,0.9700000286102295,0.9900000095367432,0.949999988079071,0.9879999756813049,108300,0.0,0.0
2025-03-28 00:00:00-04:00,0.9900000095367432,1.0299999713897705,0.9129999876022339,1.0299999713897705,113700,0.0,0.0
2025-03-31 00:00:00-04:00,0.9900000095367432,1.0299999713897705,0.9279999732971191,0.9900000095367432,49100,0.0,0.0
2025-04-01 00:00:00-04:00,0.9599999785423279,0.9900000095367432,0.9200000166893005,0.9900000095367432,50800,0.0,0.0
2025-04-02 00:00:00-04:00,0.9940000176429749,0.9940000176429749,0.9549999833106995,0.9700000286102295,11200,0.0,0.0
2025-04-03 00:00:00-04:00,0.9760000109672546,0.9760000109672546,0.8889999985694885,0.9190000295639038,22000,0.0,0.0
2025-04-04 00:00:00-04:00,0.9610000252723694,0.9610000252723694,0.8009999990463257,0.8330000042915344,73400,0.0,0.0
2025-04-07 00:00:00-04:00,0.8220000267028809,0.8650000095367432,0.699999988079071,0.7580000162124634,92800,0.0,0.0
2025-04-08 00:00:00-04:00,0.7839999794960022,0.8190000057220459,0.7300000190734863,0.7300000190734863,48900,0.0,0.0
2025-04-09 00:00:00-04:00,0.7509999871253967,0.8100000023841858,0.7250000238418579,0.781000018119812,45700,0.0,0.0
2025-04-10 00:00:00-04:00,0.7979999780654907,0.8289999961853027,0.7400000095367432,0.8140000104904175,20000,0.0,0.0
2025-04-11 00:00:00-04:00,0.8299999833106995,0.875,0.7699999809265137,0.8309999704360962,30900,0.0,0.0
2025-04-14 00:00:00-04:00,0.847000002861023,0.8870000243186951,0.800000011920929,0.8349999785423279,7800,0.0,0.0
2025-04-15 00:00:00-04:00,0.8349999785423279,0.8679999709129333,0.800000011920929,0.8399999737739563,10800,0.0,0.0
2025-04-16 00:00:00-04:00,0.8999999761581421,0.8999999761581421,0.7919999957084656,0.8199999928474426,24000,0.0,0.0
2025-04-17 00:00:00-04:00,0.7900000214576721,0.8849999904632568,0.7900000214576721,0.8700000047683716,37600,0.0,0.0
2025-04-21 00:00:00-04:00,0.8899999856948853,0.9869999885559082,0.8199999928474426,0.8880000114440918,74900,0.0,0.0
2025-04-22 00:00:00-04:00,0.9200000166893005,0.9769999980926514,0.9100000262260437,0.9459999799728394,35900,0.0,0.0
2025-04-23 00:00:00-04:00,0.949999988079071,1.0,0.8999999761581421,0.9200000166893005,10100,0.0,0.0
2025-04-24 00:00:00-04:00,0.9200000166893005,0.9319999814033508,0.8999999761581421,0.9120000004768372,21100,0.0,0.0
2025-04-25 00:00:00-04:00,0.9100000262260437,0.9700000286102295,0.9100000262260437,0.949999988079071,23900,0.0,0.0
2025-04-28 00:00:00-04:00,0.949999988079071,0.9599999785423279,0.9279999732971191,0.949999988079071,15300,0.0,0.0
2025-04-29 00:00:00-04:00,0.953000009059906,0.9800000190734863,0.9409999847412109,0.949999988079071,9100,0.0,0.0
2025-04-30 00:00:00-04:00,0.9649999737739563,0.9750000238418579,0.9200000166893005,0.949999988079071,11700,0.0,0.0
2025-05-01 00:00:00-04:00,0.9800000190734863,0.9900000095367432,0.9200000166893005,0.9649999737739563,18400,0.0,0.0
2025-05-02 00:00:00-04:00,0.9649999737739563,0.9940000176429749,0.9319999814033508,0.9929999709129333,19400,0.0,0.0
2025-05-05 00:00:00-04:00,1.0,1.0,0.9480000138282776,0.9850000143051147,8900,0.0,0.0
2025-05-06 00:00:00-04:00,0.9850000143051147,1.0199999809265137,0.9800000190734863,1.0,16200,0.0,0.0
2025-05-07 00:00:00-04:00,1.0299999713897705,1.0299999713897705,0.9549999833106995,1.0019999742507935,17800,0.0,0.0
2025-05-08 00:00:00-04:00,1.0199999809265137,1.0199999809265137,0.9649999737739563,1.0,10300,0.0,0.0
2025-05-09 00:00:00-04:00,1.0199999809265137,1.0199999809265137,0.949999988079071,0.9599999785423279,23200,0.0,0.0
2025-05-12 00:00:00-04:00,1.0,1.0,0.9399999976158142,0.9599999785423279,28400,0.0,0.0
2025-05-13 00:00:00-04:00,0.9769999980926514,0.9800000190734863,0.8809999823570251,0.9449999928474426,50600,0.0,0.0
2025-05-14 00:00:00-04:00,0.9610000252723694,0.9980000257492065,0.925000011920929,0.949999988079071,25000,0.0,0.0
2025-05-15 00:00:00-04:00,0.949999988079071,0.9980000257492065,0.9200000166893005,0.9599999785423279,6800,0.0,0.0
2025-05-16 00:00:00-04:00,0.949999988079071,0.9929999709129333,0.9210000038146973,0.9480000138282776,28600,0.0,0.0
2025-05-19 00:00:00-04:00,0.949999988079071,0.9900000095367432,0.9210000038146973,0.9470000267028809,22300,0.0,0.0
2025-05-20 00:00:00-04:00,0.9800000190734863,0.9800000190734863,0.9200000166893005,0.9480000138282776,10100,0.0,0.0
2025-05-21 00:00:00-04:00,0.9259999990463257,0.9399999976158142,0.9100000262260437,0.9150000214576721,82400,0.0,0.0
2025-05-22 00:00:00-04:00,0.8999999761581421,0.9300000071525574,0.8999999761581421,0.9300000071525574,1038500,0.0,0.0
2025-05-23 00:00:00-04:00,0.9200000166893005,0.9200000166893005,0.8500000238418579,0.9049999713897705,224000,0.0,0.0
2025-05-27 00:00:00-04:00,0.8999999761581421,0.8999999761581421,0.7670000195503235,0.800000011920929,190600,0.0,0.0
2025-05-28 00:00:00-04:00,0.8199999928474426,0.8410000205039978,0.800000011920929,0.8410000205039978,35500,0.0,0.0
2025-05-29 00:00:00-04:00,0.8399999737739563,0.8489999771118164,0.8399999737739563,0.8399999737739563,14200,0.0,0.0
2025-05-30 00:00:00-04:00,0.8230000138282776,0.8379999995231628,0.7900000214576721,0.8379999995231628,37500,0.0,0.0
2025-06-02 00:00:00-04:00,0.8299999833106995,0.8489999771118164,0.7900000214576721,0.828000009059906,22800,0.0,0.0
2025-06-03 00:00:00-04:00,0.8399999737739563,0.8489999771118164,0.824999988079071,0.8299999833106995,25100,0.0,0.0
2025-06-04 00:00:00-04:00,0.8299999833106995,0.843999981880188,0.824999988079071,0.824999988079071,21400,0.0,0.0
2025-06-05 00:00:00-04:00,0.8489999771118164,0.8489999771118164,0.824999988079071,0.8389999866485596,20500,0.0,0.0
2025-06-06 00:00:00-04:00,0.8370000123977661,0.8980000019073486,0.828000009059906,0.8880000114440918,32600,0.0,0.0
2025-06-09 00:00:00-04:00,0.8379999995231628,0.8999999761581421,0.8379999995231628,0.8529999852180481,11900,0.0,0.0
2025-06-10 00:00:00-04:00,0.8600000143051147,0.8989999890327454,0.8600000143051147,0.8989999890327454,22500,0.0,0.0
2025-06-11 00:00:00-04:00,0.8730000257492065,0.8989999890327454,0.8730000257492065,0.875,10200,0.0,0.0
2025-06-12 00:00:00-04:00,0.875,0.8849999904632568,0.8550000190734863,0.8600000143051147,7000,0.0,0.0
2025-06-13 00:00:00-04:00,0.8700000047683716,0.8899999856948853,0.8019999861717224,0.8069999814033508,22000,0.0,0.0
2025-06-16 00:00:00-04:00,0.8199999928474426,0.8899999856948853,0.8199999928474426,0.8489999771118164,41200,0.0,0.0
2025-06-17 00:00:00-04:00,0.8700000047683716,0.8799999952316284,0.8199999928474426,0.8450000286102295,23400,0.0,0.0
2025-06-18 00:00:00-04:00,0.8309999704360962,1.0299999713897705,0.8209999799728394,0.9330000281333923,276800,0.0,0.0
2025-06-20 00:00:00-04:00,0.9340000152587891,0.9789999723434448,0.9330000281333923,0.9330000281333923,36500,0.0,0.0
2025-06-23 00:00:00-04:00,0.9330000281333923,0.9520000219345093,0.8799999952316284,0.9269999861717224,174600,0.0,0.0
2025-06-24 00:00:00-04:00,0.9629999995231628,1.0099999904632568,0.9300000071525574,0.972000002861023,170800,0.0,0.0
2025-06-25 00:00:00-04:00,1.0,1.0,0.9399999976158142,0.9800000190734863,25700,0.0,0.0
2025-06-26 00:00:00-04:00,0.949999988079071,0.984000027179718,0.925000011920929,0.9399999976158142,63800,0.0,0.0
2025-06-27 00:00:00-04:00,0.949999988079071,0.984000027179718,0.9319999814033508,0.9399999976158142,8200,0.0,0.0
2025-06-30 00:00:00-04:00,1.0,1.2999999523162842,0.984000027179718,1.2999999523162842,992800,0.0,0.0
2025-07-01 00:00:00-04:00,1.2300000190734863,1.2300000190734863,0.9800000190734863,0.9800000190734863,230100,0.0,0.0
2025-07-02 00:00:00-04:00,0.9900000095367432,1.100000023841858,0.9900000095367432,1.0299999713897705,112400,0.0,0.0
2025-07-03 00:00:00-04:00,1.0099999904632568,1.090000033378601,1.0099999904632568,1.059999942779541,30400,0.0,0.0
2025-07-07 00:00:00-04:00,1.0399999618530273,1.1699999570846558,1.0399999618530273,1.090000033378601,63200,0.0,0.0
2025-07-08 00:00:00-04:00,1.0700000524520874,1.1200000047683716,1.059999942779541,1.0700000524520874,35000,0.0,0.0
2025-07-09 00:00:00-04:00,1.090000033378601,1.149999976158142,1.0800000429153442,1.090000033378601,54300,0.0,0.0
2025-07-10 00:00:00-04:00,1.059999942779541,1.1399999856948853,1.0499999523162842,1.1100000143051147,24900,0.0,0.0
2025-07-11 00:00:00-04:00,1.1100000143051147,1.1269999742507935,1.090000033378601,1.1100000143051147,14800,0.0,0.0
2025-07-14 00:00:00-04:00,1.0700000524520874,1.100000023841858,1.0700000524520874,1.0700000524520874,12200,0.0,0.0
2025-07-15 00:00:00-04:00,1.059999942779541,1.2699999809265137,1.0299999713897705,1.215000033378601,551100,0.0,0.0
2025-07-16 00:00:00-04:00,1.2400000095367432,1.378999948501587,1.2300000190734863,1.350000023841858,238800,0.0,0.0
2025-07-17 00:00:00-04:00,1.350000023841858,1.3700000047683716,1.2799999713897705,1.340000033378601,88100,0.0,0.0
2025-07-18 00:00:00-04:00,1.3300000429153442,1.3799999952316284,1.2000000476837158,1.25,139800,0.0,0.0
2025-07-21 00:00:00-04:00,1.2200000286102295,1.3200000524520874,1.2200000286102295,1.2599999904632568,54200,0.0,0.0
2025-07-22 00:00:00-04:00,1.2699999809265137,1.2699999809265137,1.1699999570846558,1.2400000095367432,144400,0.0,0.0
2025-07-23 00:00:00-04:00,1.2799999713897705,1.399999976158142,1.2790000438690186,1.3899999856948853,217400,0.0,0.0
2025-07-24 00:00:00-04:00,1.409999966621399,1.6200000047683716,1.3600000143051147,1.5199999809265137,244100,0.0,0.0
2025-07-25 00:00:00-04:00,1.5,1.593000054359436,1.409999966621399,1.4199999570846558,76100,0.0,0.0
2025-07-28 00:00:00-04:00,1.399999976158142,1.4900000095367432,1.399999976158142,1.4299999475479126,64200,0.0,0.0
2025-07-29 00:00:00-04:00,1.4900000095367432,1.4900000095367432,1.309999942779541,1.340000033378601,54800,0.0,0.0
2025-07-30 00:00:00-04:00,1.2999999523162842,1.3799999952316284,1.2100000381469727,1.25,122300,0.0,0.0
2025-07-31 00:00:00-04:00,1.2300000190734863,1.315000057220459,1.2100000381469727,1.2100000381469727,28400,0.0,0.0
2025-08-01 00:00:00-04:00,1.2400000095367432,1.2699999809265137,1.13100004196167,1.159999966621399,102600,0.0,0.0
2025-08-04 00:00:00-04:00,1.1799999475479126,1.2000000476837158,1.1699999570846558,1.1799999475479126,8500,0.0,0.0
2025-08-05 00:00:00-04:00,1.1799999475479126,1.2200000286102295,1.1699999570846558,1.190000057220459,13700,0.0,0.0
2025-08-06 00:00:00-04:00,1.149999976158142,1.2109999656677246,1.1399999856948853,1.2000000476837158,35500,0.0,0.0
2025-08-07 00:00:00-04:00,1.2000000476837158,1.2300000190734863,1.1399999856948853,1.1699999570846558,18600,0.0,0.0
2025-08-08 00:00:00-04:00,1.190000057220459,1.190000057220459,1.149999976158142,1.1699999570846558,22400,0.0,0.0
2025-08-11 00:00:00-04:00,1.149999976158142,1.2039999961853027,1.1299999952316284,1.149999976158142,22300,0.0,0.0
2025-08-12 00:00:00-04:00,1.149999976158142,1.2100000381469727,1.125,1.159999966621399,48500,0.0,0.0
2025-08-13 00:00:00-04:00,1.1399999856948853,1.2300000190734863,1.1399999856948853,1.1950000524520874,38100,0.0,0.0
2025-08-14 00:00:00-04:00,1.190000057220459,1.190000057220459,1.1649999618530273,1.1749999523162842,10200,0.0,0.0
2025-08-15 00:00:00-04:00,1.2100000381469727,1.2200000286102295,1.159999966621399,1.1799999475479126,30600,0.0,0.0
2025-08-18 00:00:00-04:00,1.190000057220459,1.4299999475479126,1.190000057220459,1.340000033378601,247900,0.0,0.0
2025-08-19 00:00:00-04:00,1.350000023841858,1.350000023841858,1.1699999570846558,1.1799999475479126,104300,0.0,0.0
2025-08-20 00:00:00-04:00,1.2000000476837158,1.2799999713897705,1.1699999570846558,1.25,34800,0.0,0.0
2025-08-21 00:00:00-04:00,1.2599999904632568,1.3589999675750732,1.2350000143051147,1.25,35500,0.0,0.0
2025-08-22 00:00:00-04:00,1.25,1.309999942779541,1.25,1.2999999523162842,29000,0.0,0.0
2025-08-25 00:00:00-04:00,1.2999999523162842,1.2999999523162842,1.2630000114440918,1.2999999523162842,34500,0.0,0.0
2025-08-26 00:00:00-04:00,1.2899999618530273,1.5,1.2899999618530273,1.4500000476837158,197800,0.0,0.0
2025-08-27 00:00:00-04:00,1.5,1.690000057220459,1.350000023841858,1.4500000476837158,209900,0.0,0.0
2025-08-28 00:00:00-04:00,1.4500000476837158,1.5800000429153442,1.4500000476837158,1.4800000190734863,74900,0.0,0.0
2025-08-29 00:00:00-04:00,1.4700000286102295,1.4880000352859497,1.3899999856948853,1.409999966621399,40900,0.0,0.0
2025-09-02 00:00:00-04:00,1.409999966621399,1.781999945640564,1.350000023841858,1.6200000047683716,1997700,0.0,0.0
2025-09-03 00:00:00-04:00,1.7100000381469727,2.2200000286102295,1.649999976158142,2.130000114440918,16434200,0.0,0.0
2025-09-04 00:00:00-04:00,1.909999966621399,2.0799999237060547,1.7699999809265137,1.840000033378601,993800,0.0,0.0
2025-09-05 00:00:00-04:00,1.840000033378601,1.899999976158142,1.649999976158142,1.659999966621399,332900,0.0,0.0
2025-09-08 00:00:00-04:00,1.649999976158142,2.2200000286102295,1.6299999952316284,2.200000047683716,627700,0.0,0.0
2025-09-09 00:00:00-04:00,2.130000114440918,2.259999990463257,2.0199999809265137,2.0199999809265137,364400,0.0,0.0
2025-09-10 00:00:00-04:00,2.0,2.440000057220459,2.0,2.380000114440918,554900,0.0,0.0
2025-09-11 00:00:00-04:00,2.430000066757202,3.7899999618530273,2.4000000953674316,3.7200000286102295,1879600,0.0,0.0
2025-09-12 00:00:00-04:00,3.549999952316284,3.5899999141693115,2.2100000381469727,2.619999885559082,2120800,0.0,0.0
2025-09-15 00:00:00-04:00,2.5399999618530273,3.259999990463257,2.5350000858306885,3.2100000381469727,781900,0.0,0.0
2025-09-16 00:00:00-04:00,3.2100000381469727,4.550000190734863,3.2100000381469727,4.269999980926514,1704500,0.0,0.0
2025-09-17 00:00:00-04:00,4.050000190734863,4.070000171661377,2.9000000953674316,3.180000066757202,1022300,0.0,0.0
2025-09-18 00:00:00-04:00,3.3299999237060547,3.700000047683716,3.0999999046325684,3.450000047683716,953400,0.0,0.0
2025-09-19 00:00:00-04:00,3.380000114440918,3.6700000762939453,3.2899999618530273,3.4700000286102295,2414500,0.0,0.0
2025-09-22 00:00:00-04:00,3.440000057220459,3.4670000076293945,3.200000047683716,3.319999933242798,266400,0.0,0.0
2025-09-23 00:00:00-04:00,3.25,3.384999990463257,2.740000009536743,2.809999942779541,424400,0.0,0.0
2025-09-24 00:00:00-04:00,2.8499999046325684,2.940000057220459,2.5899999141693115,2.740000009536743,172500,0.0,0.0
2025-09-25 00:00:00-04:00,2.690000057220459,2.7899999618530273,2.450000047683716,2.5299999713897705,141700,0.0,0.0
2025-09-26 00:00:00-04:00,2.4600000381469727,2.5250000953674316,2.200000047683716,2.2799999713897705,174100,0.0,0.0
2025-09-29 00:00:00-04:00,2.299999952316284,2.609999895095825,2.299999952316284,2.609999895095825,109100,0.0,0.0
2025-09-30 00:00:00-04:00,2.7100000381469727,2.8299999237060547,2.4700000286102295,2.5299999713897705,210600,0.0,0.0
2025-10-01 00:00:00-04:00,2.4700000286102295,2.640000104904175,2.4100000858306885,2.5899999141693115,150500,0.0,0.0
2025-10-02 00:00:00-04:00,2.5799999237060547,2.6500000953674316,2.4800000190734863,2.5399999618530273,57700,0.0,0.0
2025-10-03 00:00:00-04:00,2.5399999618530273,2.9000000953674316,2.5399999618530273,2.7799999713897705,167000,0.0,0.0
2025-10-06 00:00:00-04:00,2.809999942779541,2.8269999027252197,2.6500000953674316,2.7100000381469727,86100,0.0,0.0
2025-10-07 00:00:00-04:00,2.7200000286102295,2.809999942779541,2.609999895095825,2.609999895095825,57100,0.0,0.0
2025-10-08 00:00:00-04:00,2.7200000286102295,2.999000072479248,2.700000047683716,2.950000047683716,110200,0.0,0.0
2025-10-09 00:00:00-04:00,2.940000057220459,2.993000030517578,2.9000000953674316,2.9200000762939453,41800,0.0,0.0
2025-10-10 00:00:00-04:00,3.0,3.2100000381469727,2.630000114440918,2.690000057220459,155900,0.0,0.0
2025-10-13 00:00:00-04:00,2.7899999618530273,2.86299991607666,2.7200000286102295,2.809999942779541,63300,0.0,0.0
2025-10-14 00:00:00-04:00,2.7300000190734863,2.7890000343322754,2.5999999046325684,2.6500000953674316,78500,0.0,0.0
2025-10-15 00:00:00-04:00,2.6500000953674316,2.7799999713897705,2.5,2.609999895095825,61700,0.0,0.0
2025-10-16 00:00:00-04:00,2.6500000953674316,2.6500000953674316,2.509999990463257,2.5799999237060547,47200,0.0,0.0
2025-10-17 00:00:00-04:00,2.5199999809265137,2.615999937057495,2.450000047683716,2.450000047683716,42200,0.0,0.0
2025-10-20 00:00:00-04:00,2.4800000190734863,2.5899999141693115,2.390000104904175,2.549999952316284,21000,0.0,0.0
2025-10-21 00:00:00-04:00,2.5199999809265137,2.5829999446868896,2.431999921798706,2.4600000381469727,20700,0.0,0.0
2025-10-22 00:00:00-04:00,2.4100000858306885,2.609999895095825,2.3510000705718994,2.4600000381469727,25100,0.0,0.0
2025-10-23 00:00:00-04:00,2.440000057220459,2.5999999046325684,2.440000057220459,2.549999952316284,26900,0.0,0.0
2025-10-24 00:00:00-04:00,2.5450000762939453,2.990000009536743,2.5450000762939453,2.809999942779541,149700,0.0,0.0
2025-10-27 00:00:00-04:00,2.869999885559082,3.2899999618530273,2.869999885559082,3.2300000190734863,185600,0.0,0.0
2025-10-28 00:00:00-04:00,3.25,3.640000104904175,3.0799999237060547,3.2100000381469727,163400,0.0,0.0
2025-10-29 00:00:00-04:00,3.0999999046325684,3.2899999618530273,2.6700000762939453,2.740000009536743,120300,0.0,0.0
2025-10-30 00:00:00-04:00,2.7200000286102295,3.25,2.630000114440918,2.8299999237060547,150200,0.0,0.0
2025-10-31 00:00:00-04:00,2.809999942779541,3.109999895095825,2.7070000171661377,2.950000047683716,83100,0.0,0.0
2025-11-03 00:00:00-05:00,2.950000047683716,3.0869998931884766,2.809999942779541,2.9800000190734863,65500,0.0,0.0
2025-11-04 00:00:00-05:00,2.7100000381469727,2.819999933242798,2.5,2.5999999046325684,68500,0.0,0.0
2025-11-05 00:00:00-05:00,2.609999895095825,2.734999895095825,2.609999895095825,2.700000047683716,21700,0.0,0.0
2025-11-06 00:00:00-05:00,2.6500000953674316,2.690000057220459,2.4000000953674316,2.4200000762939453,35800,0.0,0.0
2025-11-07 00:00:00-05:00,2.4000000953674316,2.440000057220459,2.2100000381469727,2.4200000762939453,74100,0.0,0.0
2025-11-10 00:00:00-05:00,2.382999897003174,2.569999933242798,2.382999897003174,2.450000047683716,15600,0.0,0.0
2025-11-11 00:00:00-05:00,2.430000066757202,2.680000066757202,2.430000066757202,2.619999885559082,21700,0.0,0.0
2025-11-12 00:00:00-05:00,2.569999933242798,2.759999990463257,2.5399999618530273,2.640000104904175,17800,0.0,0.0
2025-11-13 00:00:00-05:00,2.640000104904175,2.690000057220459,2.549999952316284,2.5799999237060547,25700,0.0,0.0
2025-11-14 00:00:00-05:00,2.5,2.700000047683716,2.3299999237060547,2.4200000762939453,26800,0.0,0.0
2025-11-17 00:00:00-05:00,2.390000104904175,2.5399999618530273,2.3299999237060547,2.3499999046325684,34600,0.0,0.0
2025-11-18 00:00:00-05:00,2.3499999046325684,2.440000057220459,2.2899999618530273,2.4000000953674316,40400,0.0,0.0
2025-11-19 00:00:00-05:00,2.319999933242798,2.4549999237060547,2.2799999713897705,2.3299999237060547,18900,0.0,0.0
2025-11-20 00:00:00-05:00,2.4100000858306885,2.5399999618530273,2.2100000381469727,2.3499999046325684,32400,0.0,0.0
2025-11-21 00:00:00-05:00,2.5510001182556152,2.5510001182556152,2.2890000343322754,2.3299999237060547,18300,0.0,0.0
2025-11-24 00:00:00-05:00,2.321000099182129,2.440000057220459,2.2799999713897705,2.440000057220459,16900,0.0,0.0
2025-11-25 00:00:00-05:00,2.440000057220459,2.6600000858306885,2.440000057220459,2.6600000858306885,27900,0.0,0.0
2025-11-26 00:00:00-05:00,2.680000066757202,2.8980000019073486,2.630000114440918,2.740000009536743,66700,0.0,0.0
2025-11-28 00:00:00-05:00,2.759999990463257,2.819999933242798,2.5899999141693115,2.740000009536743,13000,0.0,0.0
2025-12-01 00:00:00-05:00,2.630000114440918,2.75,2.509999990463257,2.569999933242798,23700,0.0,0.0
2025-12-02 00:00:00-05:00,2.635999917984009,2.700000047683716,2.5209999084472656,2.640000104904175,22700,0.0,0.0
2025-12-03 00:00:00-05:00,2.559999942779541,3.0999999046325684,2.5399999618530273,3.0899999141693115,99300,0.0,0.0
2025-12-04 00:00:00-05:00,3.0899999141693115,3.3299999237060547,2.819999933242798,3.069999933242798,65500,0.0,0.0
2025-12-05 00:00:00-05:00,3.069999933242798,3.259999990463257,2.8399999141693115,2.9700000286102295,51800,0.0,0.0
2025-12-08 00:00:00-05:00,2.9100000858306885,2.9100000858306885,2.680000066757202,2.9000000953674316,18800,0.0,0.0
2025-12-09 00:00:00-05:00,2.809999942779541,3.190000057220459,2.809999942779541,3.0399999618530273,35100,0.0,0.0
2025-12-10 00:00:00-05:00,3.049999952316284,3.450000047683716,2.9100000858306885,3.2100000381469727,88100,0.0,0.0
2025-12-11 00:00:00-05:00,3.369999885559082,3.369999885559082,3.0480000972747803,3.140000104904175,12700,0.0,0.0
2025-12-12 00:00:00-05:00,2.9800000190734863,3.2799999713897705,2.9200000762939453,3.069999933242798,32900,0.0,0.0
2025-12-15 00:00:00-05:00,3.059999942779541,3.119999885559082,2.549999952316284,2.680000066757202,60400,0.0,0.0
2025-12-16 00:00:00-05:00,2.6600000858306885,2.7850000858306885,2.5,2.7249999046325684,16700,0.0,0.0
2025-12-17 00:00:00-05:00,2.680000066757202,2.7079999446868896,2.450000047683716,2.450000047683716,34200,0.0,0.0
2025-12-18 00:00:00-05:00,2.5199999809265137,2.680000066757202,2.5199999809265137,2.5999999046325684,12000,0.0,0.0
2025-12-19 00:00:00-05:00,2.6700000762939453,2.7100000381469727,2.549999952316284,2.7100000381469727,21100,0.0,0.0
2025-12-22 00:00:00-05:00,2.7100000381469727,2.7100000381469727,2.5,2.630000114440918,18000,0.0,0.0
2025-12-23 00:00:00-05:00,2.609999895095825,2.609999895095825,2.440000057220459,2.5199999809265137,14500,0.0,0.0
2025-12-24 00:00:00-05:00,2.509999990463257,2.609999895095825,2.3299999237060547,2.3299999237060547,17800,0.0,0.0
2025-12-26 00:00:00-05:00,2.309999942779541,2.609999895095825,2.309999942779541,2.559999942779541,20100,0.0,0.0
2025-12-29 00:00:00-05:00,2.5199999809265137,2.609999895095825,2.390000104904175,2.5199999809265137,19700,0.0,0.0
2025-12-30 00:00:00-05:00,2.4800000190734863,2.940000057220459,2.424999952316284,2.740000009536743,57300,0.0,0.0
2025-12-31 00:00:00-05:00,2.740000009536743,3.440000057220459,2.740000009536743,3.440000057220459,137300,0.0,0.0
2026-01-02 00:00:00-05:00,3.319999933242798,3.7149999141693115,3.130000114440918,3.4100000858306885,103800,0.0,0.0
2026-01-05 00:00:00-05:00,3.4600000381469727,3.5799999237060547,3.1500000953674316,3.369999885559082,57400,0.0,0.0
2026-01-06 00:00:00-05:00,3.4200000762939453,3.5350000858306885,3.299999952316284,3.4100000858306885,27500,0.0,0.0
2026-01-07 00:00:00-05:00,3.369999885559082,3.9790000915527344,3.359999895095825,3.809999942779541,92600,0.0,0.0
2026-01-08 00:00:00-05:00,3.869999885559082,3.869999885559082,3.009999990463257,3.180000066757202,88700,0.0,0.0
2026-01-09 00:00:00-05:00,3.140000104904175,3.4070000648498535,3.140000104904175,3.240000009536743,33800,0.0,0.0
2026-01-12 00:00:00-05:00,3.200000047683716,3.25,3.049999952316284,3.119999885559082,35700,0.0,0.0
2026-01-13 00:00:00-05:00,3.130000114440918,3.2799999713897705,3.130000114440918,3.190000057220459,15100,0.0,0.0
2026-01-14 00:00:00-05:00,3.200000047683716,3.319999933242798,2.8959999084472656,2.950000047683716,52600,0.0,0.0
2026-01-15 00:00:00-05:00,2.9700000286102295,3.1700000762939453,2.7899999618530273,3.069999933242798,27900,0.0,0.0
2026-01-16 00:00:00-05:00,3.109999895095825,3.2200000286102295,3.0799999237060547,3.119999885559082,9000,0.0,0.0
2026-01-20 00:00:00-05:00,2.9700000286102295,3.200000047683716,2.9200000762939453,2.950000047683716,20800,0.0,0.0
2026-01-21 00:00:00-05:00,2.940000057220459,3.0290000438690186,2.819999933242798,2.890000104904175,20600,0.0,0.0
2026-01-22 00:00:00-05:00,2.880000114440918,3.180000066757202,2.880000114440918,3.0199999809265137,8500,0.0,0.0
2026-01-23 00:00:00-05:00,3.0299999713897705,3.0299999713897705,2.809999942779541,2.9100000858306885,10600,0.0,0.0
2026-01-26 00:00:00-05:00,2.9100000858306885,3.058000087738037,2.9100000858306885,3.0,10300,0.0,0.0
2026-01-27 00:00:00-05:00,3.049999952316284,3.509999990463257,3.049999952316284,3.4800000190734863,65000,0.0,0.0
2026-01-28 00:00:00-05:00,3.549999952316284,3.740000009536743,3.424999952316284,3.5399999618530273,27900,0.0,0.0
2026-01-29 00:00:00-05:00,3.5399999618530273,3.5399999618530273,3.174999952316284,3.200000047683716,31000,0.0,0.0
2026-01-30 00:00:00-05:00,3.190000057220459,3.25,3.062999963760376,3.069999933242798,18300,0.0,0.0
2026-02-02 00:00:00-05:00,3.009999990463257,3.0799999237060547,2.869999885559082,2.990000009536743,32600,0.0,0.0
2026-02-03 00:00:00-05:00,2.950000047683716,2.990000009536743,2.640000104904175,2.740000009536743,29600,0.0,0.0
2026-02-04 00:00:00-05:00,2.690000057220459,3.0209999084472656,2.4000000953674316,2.440000057220459,57800,0.0,0.0
2026-02-05 00:00:00-05:00,2.4000000953674316,2.890000104904175,2.390000104904175,2.6600000858306885,85400,0.0,0.0
2026-02-06 00:00:00-05:00,2.6700000762939453,3.059999942779541,2.509999990463257,2.819999933242798,27200,0.0,0.0
2026-02-09 00:00:00-05:00,2.8399999141693115,2.950000047683716,2.680000066757202,2.680000066757202,25100,0.0,0.0
2026-02-10 00:00:00-05:00,2.680000066757202,2.8399999141693115,2.5299999713897705,2.5399999618530273,30100,0.0,0.0
2026-02-11 00:00:00-05:00,2.619999885559082,2.619999885559082,2.490000009536743,2.509999990463257,11300,0.0,0.0
2026-02-12 00:00:00-05:00,2.5199999809265137,2.5899999141693115,2.359999895095825,2.4800000190734863,18200,0.0,0.0
2026-02-13 00:00:00-05:00,2.4800000190734863,2.505000114440918,2.309999942779541,2.319999933242798,22400,0.0,0.0
2026-02-17 00:00:00-05:00,2.299999952316284,2.5899999141693115,2.2750000953674316,2.450000047683716,34800,0.0,0.0
2026-02-18 00:00:00-05:00,2.380000114440918,2.5199999809265137,2.380000114440918,2.5199999809265137,9400,0.0,0.0
2026-02-19 00:00:00-05:00,2.440000057220459,2.4800000190734863,2.390000104904175,2.4200000762939453,6600,0.0,0.0
2026-02-20 00:00:00-05:00,2.5450000762939453,2.5450000762939453,2.3550000190734863,2.4000000953674316,5900,0.0,0.0
2026-02-23 00:00:00-05:00,2.369999885559082,2.499000072479248,2.0799999237060547,2.2149999141693115,43000,0.0,0.0
2026-02-24 00:00:00-05:00,2.190000057220459,2.2799999713897705,2.0959999561309814,2.2699999809265137,6700,0.0,0.0
2026-02-25 00:00:00-05:00,2.2699999809265137,2.319999933242798,2.2100000381469727,2.319999933242798,8000,0.0,0.0
2026-02-26 00:00:00-05:00,2.299999952316284,2.3299999237060547,2.2300000190734863,2.2300000190734863,3800,0.0,0.0
2026-02-27 00:00:00-05:00,2.1989998817443848,2.2899999618530273,2.069999933242798,2.190000057220459,8400,0.0,0.0
2026-03-02 00:00:00-05:00,2.190000057220459,2.2200000286102295,2.0999999046325684,2.109999895095825,13200,0.0,0.0
2026-03-03 00:00:00-05:00,1.9800000190734863,2.059999942779541,1.8700000047683716,1.909999966621399,18600,0.0,0.0
2026-03-04 00:00:00-05:00,1.909999966621399,1.9869999885559082,1.6959999799728394,1.8200000524520874,15300,0.0,0.0
2026-03-05 00:00:00-05:00,1.7999999523162842,1.840000033378601,1.6859999895095825,1.690000057220459,10600,0.0,0.0
2026-03-06 00:00:00-05:00,1.6699999570846558,1.6699999570846558,1.4700000286102295,1.5499999523162842,16300,0.0,0.0
2026-03-09 00:00:00-04:00,1.5299999713897705,1.7400000095367432,1.5099999904632568,1.7400000095367432,26200,0.0,0.0
2026-03-10 00:00:00-04:00,1.7300000190734863,1.8700000047683716,1.7300000190734863,1.7699999809265137,13400,0.0,0.0
2026-03-11 00:00:00-04:00,1.7799999713897705,1.8250000476837158,1.7100000381469727,1.8250000476837158,4600,0.0,0.0
2026-03-12 00:00:00-04:00,1.7999999523162842,1.7999999523162842,1.6699999570846558,1.6699999570846558,13900,0.0,0.0
2026-03-13 00:00:00-04:00,1.7000000476837158,1.7400000095367432,1.6200000047683716,1.6200000047683716,9700,0.0,0.0
2026-03-16 00:00:00-04:00,1.6299999952316284,1.8049999475479126,1.6200000047683716,1.649999976158142,14500,0.0,0.0
2026-03-17 00:00:00-04:00,1.6699999570846558,2.0999999046325684,1.6699999570846558,1.9500000476837158,145700,0.0,0.0
2026-03-18 00:00:00-04:00,1.9199999570846558,2.109999895095825,1.850000023841858,1.850000023841858,33100,0.0,0.0
2026-03-19 00:00:00-04:00,1.809999942779541,1.965000033378601,1.7799999713897705,1.8600000143051147,9600,0.0,0.0
2026-03-20 00:00:00-04:00,1.9579999446868896,1.9579999446868896,1.7799999713897705,1.8899999856948853,20900,0.0,0.0
2026-03-23 00:00:00-04:00,1.899999976158142,1.9880000352859497,1.7999999523162842,1.9500000476837158,20300,0.0,0.0
2026-03-24 00:00:00-04:00,1.8899999856948853,2.059999942779541,1.8899999856948853,1.8899999856948853,19300,0.0,0.0
2026-03-25 00:00:00-04:00,1.899999976158142,1.9600000381469727,1.8200000524520874,1.8200000524520874,4300,0.0,0.0
2026-03-26 00:00:00-04:00,1.8300000429153442,1.850000023841858,1.7400000095367432,1.809999942779541,6800,0.0,0.0
2026-03-27 00:00:00-04:00,1.7999999523162842,1.9500000476837158,1.7200000286102295,1.7799999713897705,16500,0.0,0.0
2026-03-30 00:00:00-04:00,1.75,1.75,1.600000023841858,1.6399999856948853,15900,0.0,0.0
2026-03-31 00:00:00-04:00,1.600000023841858,1.9520000219345093,1.600000023841858,1.840000033378601,9500,0.0,0.0
2026-04-01 00:00:00-04:00,1.6100000143051147,1.8200000524520874,1.6100000143051147,1.7599999904632568,8600,0.0,0.0
2026-04-02 00:00:00-04:00,1.690000057220459,1.7699999809265137,1.690000057220459,1.75,5100,0.0,0.0
2026-04-06 00:00:00-04:00,1.7400000095367432,1.850000023841858,1.7100000381469727,1.850000023841858,9000,0.0,0.0
2026-04-07 00:00:00-04:00,1.8949999809265137,2.0,1.8300000429153442,1.9600000381469727,23800,0.0,0.0
2026-04-08 00:00:00-04:00,2.0999999046325684,2.0999999046325684,1.850000023841858,1.8799999952316284,28400,0.0,0.0
2026-04-09 00:00:00-04:00,1.8700000047683716,1.8700000047683716,1.75,1.75600004196167,8400,0.0,0.0
2026-04-10 00:00:00-04:00,1.7999999523162842,1.8650000095367432,1.7599999904632568,1.7999999523162842,9300,0.0,0.0
2026-04-13 00:00:00-04:00,1.809999942779541,1.850000023841858,1.75,1.7999999523162842,8900,0.0,0.0
2026-04-14 00:00:00-04:00,1.840000033378601,1.840000033378601,1.75,1.75,5700,0.0,0.0
2026-04-15 00:00:00-04:00,1.8300000429153442,1.8300000429153442,1.75,1.75,7500,0.0,0.0
2026-04-16 00:00:00-04:00,1.7899999618530273,1.8300000429153442,1.75,1.815000057220459,8900,0.0,0.0
2026-04-17 00:00:00-04:00,1.899999976158142,1.899999976158142,1.7599999904632568,1.7599999904632568,10600,0.0,0.0
2026-04-20 00:00:00-04:00,1.7740000486373901,1.7999999523162842,1.7400000095367432,1.7899999618530273,8100,0.0,0.0
2026-04-21 00:00:00-04:00,1.7699999809265137,1.7999999523162842,1.7100000381469727,1.7899999618530273,10000,0.0,0.0
2026-04-22 00:00:00-04:00,1.7453999519348145,1.7699999809265137,1.6799999475479126,1.6799999475479126,5441,0.0,0.0
