Date,Open,High,Low,Close,Volume,Dividends,Stock Splits
2022-01-03 00:00:00-05:00,12.460000038146973,13.069999694824219,12.15999984741211,12.84000015258789,160800,0.0,0.0
2022-01-04 00:00:00-05:00,12.59000015258789,12.65999984741211,11.789999961853027,12.3100004196167,340200,0.0,0.0
2022-01-05 00:00:00-05:00,12.010000228881836,12.920000076293945,11.9399995803833,12.020000457763672,158800,0.0,0.0
2022-01-06 00:00:00-05:00,12.25,12.539999961853027,10.789999961853027,11.850000381469727,467600,0.0,0.0
2022-01-07 00:00:00-05:00,12.09000015258789,13.069000244140625,12.09000015258789,12.600000381469727,336700,0.0,0.0
2022-01-10 00:00:00-05:00,12.529999732971191,12.970000267028809,11.859999656677246,12.9399995803833,171600,0.0,0.0
2022-01-11 00:00:00-05:00,12.9399995803833,13.869999885559082,12.920000076293945,13.420000076293945,288600,0.0,0.0
2022-01-12 00:00:00-05:00,13.779999732971191,14.800000190734863,13.729999542236328,14.720000267028809,287200,0.0,0.0
2022-01-13 00:00:00-05:00,14.8100004196167,14.8100004196167,13.010000228881836,13.329999923706055,283000,0.0,0.0
2022-01-14 00:00:00-05:00,13.229999542236328,13.800000190734863,13.15999984741211,13.59000015258789,125100,0.0,0.0
2022-01-18 00:00:00-05:00,13.0,13.609999656677246,12.859999656677246,13.020000457763672,111000,0.0,0.0
2022-01-19 00:00:00-05:00,13.300000190734863,13.850000381469727,13.09000015258789,13.5600004196167,145300,0.0,0.0
2022-01-20 00:00:00-05:00,14.09000015258789,14.880000114440918,12.920000076293945,13.039999961853027,329000,0.0,0.0
2022-01-21 00:00:00-05:00,13.050000190734863,13.619999885559082,12.670000076293945,12.729999542236328,225300,0.0,0.0
2022-01-24 00:00:00-05:00,12.170000076293945,13.300000190734863,11.569999694824219,13.170000076293945,284100,0.0,0.0
2022-01-25 00:00:00-05:00,13.039999961853027,13.184000015258789,12.149999618530273,13.010000228881836,156000,0.0,0.0
2022-01-26 00:00:00-05:00,13.350000381469727,13.619999885559082,12.279999732971191,12.479999542236328,157300,0.0,0.0
2022-01-27 00:00:00-05:00,12.430000305175781,12.5,11.569999694824219,11.699999809265137,137500,0.0,0.0
2022-01-28 00:00:00-05:00,11.710000038146973,12.11400032043457,11.039999961853027,11.869999885559082,127300,0.0,0.0
2022-01-31 00:00:00-05:00,12.100000381469727,14.09000015258789,11.989999771118164,13.979999542236328,138500,0.0,0.0
2022-02-01 00:00:00-05:00,14.010000228881836,14.5,13.420000076293945,13.970000267028809,177600,0.0,0.0
2022-02-02 00:00:00-05:00,14.0,14.489999771118164,13.600000381469727,13.930000305175781,112800,0.0,0.0
2022-02-03 00:00:00-05:00,13.640000343322754,14.199999809265137,13.470000267028809,13.970000267028809,78900,0.0,0.0
2022-02-04 00:00:00-05:00,13.850000381469727,14.5,13.609999656677246,14.100000381469727,141800,0.0,0.0
2022-02-07 00:00:00-05:00,14.079999923706055,14.5,13.899999618530273,14.0,132000,0.0,0.0
2022-02-08 00:00:00-05:00,13.9399995803833,14.359999656677246,13.770000457763672,13.960000038146973,117400,0.0,0.0
2022-02-09 00:00:00-05:00,14.199999809265137,14.800000190734863,14.180000305175781,14.489999771118164,235200,0.0,0.0
2022-02-10 00:00:00-05:00,14.239999771118164,14.8100004196167,14.069999694824219,14.649999618530273,130400,0.0,0.0
2022-02-11 00:00:00-05:00,14.289999961853027,14.359999656677246,13.170000076293945,13.199999809265137,104000,0.0,0.0
2022-02-14 00:00:00-05:00,13.239999771118164,13.520000457763672,12.680000305175781,12.979999542236328,82900,0.0,0.0
2022-02-15 00:00:00-05:00,13.350000381469727,14.220000267028809,13.350000381469727,13.979999542236328,143700,0.0,0.0
2022-02-16 00:00:00-05:00,13.970000267028809,14.449999809265137,13.4399995803833,13.859999656677246,251700,0.0,0.0
2022-02-17 00:00:00-05:00,13.779999732971191,14.09000015258789,12.789999961853027,12.800000190734863,187000,0.0,0.0
2022-02-18 00:00:00-05:00,12.520000457763672,12.609999656677246,11.720000267028809,11.850000381469727,164500,0.0,0.0
2022-02-22 00:00:00-05:00,11.510000228881836,12.0,11.3100004196167,11.399999618530273,127600,0.0,0.0
2022-02-23 00:00:00-05:00,11.710000038146973,12.020000457763672,11.260000228881836,11.279999732971191,136100,0.0,0.0
2022-02-24 00:00:00-05:00,11.470000267028809,11.859999656677246,11.079999923706055,11.449999809265137,207700,0.0,0.0
2022-02-25 00:00:00-05:00,12.420000076293945,12.550000190734863,11.329999923706055,11.529999732971191,212500,0.0,0.0
2022-02-28 00:00:00-05:00,11.0600004196167,12.180000305175781,11.0600004196167,11.859999656677246,128400,0.0,0.0
2022-03-01 00:00:00-05:00,11.710000038146973,12.0600004196167,11.149999618530273,11.220000267028809,86900,0.0,0.0
2022-03-02 00:00:00-05:00,11.079999923706055,11.33899974822998,10.430000305175781,10.470000267028809,161500,0.0,0.0
2022-03-03 00:00:00-05:00,10.520000457763672,10.654999732971191,9.529999732971191,9.630000114440918,143900,0.0,0.0
2022-03-04 00:00:00-05:00,9.609999656677246,9.899999618530273,8.399999618530273,8.420000076293945,277600,0.0,0.0
2022-03-07 00:00:00-05:00,8.8100004196167,9.720000267028809,8.680000305175781,9.149999618530273,223200,0.0,0.0
2022-03-08 00:00:00-05:00,9.0600004196167,9.5600004196167,8.800000190734863,9.199999809265137,131900,0.0,0.0
2022-03-09 00:00:00-05:00,9.380000114440918,10.154999732971191,9.380000114440918,9.569999694824219,116100,0.0,0.0
2022-03-10 00:00:00-05:00,9.029999732971191,9.359999656677246,8.760000228881836,8.9399995803833,144200,0.0,0.0
2022-03-11 00:00:00-05:00,9.15999984741211,9.29699993133545,7.480000019073486,7.480000019073486,399400,0.0,0.0
2022-03-14 00:00:00-04:00,7.170000076293945,7.300000190734863,6.119999885559082,6.119999885559082,633900,0.0,0.0
2022-03-15 00:00:00-04:00,5.960000038146973,6.75,5.460000038146973,6.25,777400,0.0,0.0
2022-03-16 00:00:00-04:00,7.610000133514404,8.979999542236328,7.269999980926514,8.869999885559082,1000400,0.0,0.0
2022-03-17 00:00:00-04:00,8.329999923706055,8.84000015258789,7.659999847412109,8.0,485900,0.0,0.0
2022-03-18 00:00:00-04:00,8.09000015258789,8.779999732971191,8.07699966430664,8.6899995803833,496900,0.0,0.0
2022-03-21 00:00:00-04:00,8.289999961853027,8.680000305175781,8.0,8.260000228881836,211500,0.0,0.0
2022-03-22 00:00:00-04:00,8.84000015258789,9.470000267028809,8.65999984741211,9.180000305175781,321400,0.0,0.0
2022-03-23 00:00:00-04:00,8.890000343322754,9.680000305175781,8.779999732971191,9.149999618530273,218200,0.0,0.0
2022-03-24 00:00:00-04:00,9.09000015258789,9.289999961853027,8.510000228881836,9.020000457763672,239700,0.0,0.0
2022-03-25 00:00:00-04:00,8.59000015258789,8.652999877929688,8.100000381469727,8.210000038146973,266500,0.0,0.0
2022-03-28 00:00:00-04:00,8.40999984741211,9.0,8.15999984741211,8.25,144300,0.0,0.0
2022-03-29 00:00:00-04:00,8.265000343322754,8.710000038146973,7.96999979019165,8.100000381469727,255900,0.0,0.0
2022-03-30 00:00:00-04:00,7.860000133514404,8.270000457763672,7.670000076293945,7.670000076293945,213200,0.0,0.0
2022-03-31 00:00:00-04:00,7.440000057220459,7.599999904632568,7.010000228881836,7.099999904632568,238400,0.0,0.0
2022-04-01 00:00:00-04:00,8.050000190734863,8.25,7.659999847412109,7.769999980926514,286900,0.0,0.0
2022-04-04 00:00:00-04:00,8.420000076293945,8.800000190734863,8.069999694824219,8.5,215500,0.0,0.0
2022-04-05 00:00:00-04:00,8.40999984741211,8.529999732971191,7.974999904632568,7.980000019073486,87800,0.0,0.0
2022-04-06 00:00:00-04:00,7.789999961853027,8.119999885559082,7.5,7.900000095367432,82000,0.0,0.0
2022-04-07 00:00:00-04:00,7.75,7.920000076293945,7.440000057220459,7.559999942779541,75400,0.0,0.0
2022-04-08 00:00:00-04:00,7.519999980926514,8.039999961853027,7.519999980926514,7.630000114440918,103900,0.0,0.0
2022-04-11 00:00:00-04:00,7.409999847412109,7.46999979019165,7.0,7.019999980926514,96000,0.0,0.0
2022-04-12 00:00:00-04:00,7.179999828338623,7.309999942779541,6.840000152587891,6.929999828338623,93800,0.0,0.0
2022-04-13 00:00:00-04:00,6.989999771118164,7.244999885559082,6.929999828338623,7.170000076293945,136900,0.0,0.0
2022-04-14 00:00:00-04:00,7.150000095367432,7.150000095367432,6.670000076293945,6.800000190734863,92000,0.0,0.0
2022-04-18 00:00:00-04:00,6.699999809265137,6.699999809265137,6.360000133514404,6.610000133514404,126100,0.0,0.0
2022-04-19 00:00:00-04:00,6.489999771118164,7.284999847412109,6.460000038146973,7.110000133514404,150100,0.0,0.0
2022-04-20 00:00:00-04:00,7.090000152587891,7.09499979019165,6.619999885559082,6.730000019073486,226300,0.0,0.0
2022-04-21 00:00:00-04:00,6.730000019073486,6.940000057220459,6.340000152587891,6.400000095367432,121100,0.0,0.0
2022-04-22 00:00:00-04:00,6.460000038146973,6.869999885559082,6.119999885559082,6.119999885559082,116700,0.0,0.0
2022-04-25 00:00:00-04:00,5.809999942779541,6.480000019073486,5.800000190734863,6.400000095367432,108300,0.0,0.0
2022-04-26 00:00:00-04:00,6.369999885559082,6.414999961853027,5.940000057220459,5.940000057220459,82800,0.0,0.0
2022-04-27 00:00:00-04:00,6.079999923706055,6.480000019073486,5.96999979019165,6.46999979019165,150500,0.0,0.0
2022-04-28 00:00:00-04:00,6.449999809265137,6.710000038146973,6.360000133514404,6.519999980926514,82300,0.0,0.0
2022-04-29 00:00:00-04:00,7.199999809265137,7.659999847412109,7.119999885559082,7.199999809265137,243100,0.0,0.0
2022-05-02 00:00:00-04:00,6.980000019073486,7.659999847412109,6.980000019073486,7.53000020980835,104000,0.0,0.0
2022-05-03 00:00:00-04:00,7.599999904632568,7.880000114440918,7.159999847412109,7.199999809265137,95600,0.0,0.0
2022-05-04 00:00:00-04:00,6.980000019073486,7.289999961853027,6.909999847412109,7.25,75200,0.0,0.0
2022-05-05 00:00:00-04:00,6.889999866485596,7.010000228881836,6.460000038146973,6.579999923706055,92300,0.0,0.0
2022-05-06 00:00:00-04:00,6.360000133514404,6.46999979019165,5.980000019073486,5.980000019073486,76000,0.0,0.0
2022-05-09 00:00:00-04:00,5.849999904632568,5.980000019073486,5.139999866485596,5.159999847412109,116700,0.0,0.0
2022-05-10 00:00:00-04:00,5.289999961853027,5.449999809265137,4.920000076293945,4.989999771118164,130000,0.0,0.0
2022-05-11 00:00:00-04:00,5.099999904632568,5.239999771118164,4.5,4.5,189200,0.0,0.0
2022-05-12 00:00:00-04:00,4.510000228881836,4.800000190734863,4.309999942779541,4.480000019073486,135200,0.0,0.0
2022-05-13 00:00:00-04:00,4.630000114440918,5.170000076293945,4.579999923706055,5.130000114440918,133100,0.0,0.0
2022-05-16 00:00:00-04:00,5.050000190734863,5.355999946594238,4.90500020980835,4.929999828338623,182500,0.0,0.0
2022-05-17 00:00:00-04:00,5.320000171661377,5.710000038146973,5.300000190734863,5.559999942779541,145100,0.0,0.0
2022-05-18 00:00:00-04:00,5.329999923706055,6.420000076293945,5.329999923706055,6.300000190734863,303300,0.0,0.0
2022-05-19 00:00:00-04:00,6.289999961853027,6.579999923706055,5.920000076293945,5.980000019073486,130900,0.0,0.0
2022-05-20 00:00:00-04:00,6.239999771118164,6.349999904632568,5.510000228881836,5.630000114440918,111000,0.0,0.0
2022-05-23 00:00:00-04:00,5.690000057220459,5.690000057220459,5.369999885559082,5.519999980926514,102600,0.0,0.0
2022-05-24 00:00:00-04:00,5.519999980926514,5.849999904632568,4.510000228881836,4.519999980926514,269100,0.0,0.0
2022-05-25 00:00:00-04:00,4.550000190734863,4.658999919891357,4.380000114440918,4.429999828338623,206900,0.0,0.0
2022-05-26 00:00:00-04:00,4.519999980926514,4.949999809265137,4.519999980926514,4.659999847412109,246500,0.0,0.0
2022-05-27 00:00:00-04:00,4.670000076293945,4.96999979019165,4.400000095367432,4.820000171661377,248100,0.0,0.0
2022-05-31 00:00:00-04:00,5.159999847412109,5.28000020980835,4.940000057220459,5.159999847412109,360300,0.0,0.0
2022-06-01 00:00:00-04:00,5.289999961853027,5.605000019073486,4.690000057220459,4.739999771118164,178200,0.0,0.0
2022-06-02 00:00:00-04:00,4.820000171661377,5.460000038146973,4.800000190734863,5.110000133514404,262100,0.0,0.0
2022-06-03 00:00:00-04:00,5.139999866485596,5.139999866485596,4.630000114440918,4.679999828338623,147000,0.0,0.0
2022-06-06 00:00:00-04:00,5.03000020980835,5.329999923706055,4.659999847412109,4.769999980926514,356700,0.0,0.0
2022-06-07 00:00:00-04:00,4.809999942779541,5.199999809265137,4.699999809265137,5.199999809265137,286100,0.0,0.0
2022-06-08 00:00:00-04:00,5.369999885559082,7.25,5.369999885559082,6.760000228881836,1330800,0.0,0.0
2022-06-09 00:00:00-04:00,6.269999980926514,6.539999961853027,5.525000095367432,5.550000190734863,622300,0.0,0.0
2022-06-10 00:00:00-04:00,5.739999771118164,5.829999923706055,4.545000076293945,4.75,3737500,0.0,0.0
2022-06-13 00:00:00-04:00,4.639999866485596,4.960000038146973,4.53000020980835,4.730000019073486,480500,0.0,0.0
2022-06-14 00:00:00-04:00,4.920000076293945,5.809999942779541,4.800000190734863,5.679999828338623,753400,0.0,0.0
2022-06-15 00:00:00-04:00,5.699999809265137,5.78000020980835,5.340000152587891,5.630000114440918,312000,0.0,0.0
2022-06-16 00:00:00-04:00,5.440000057220459,6.300000190734863,5.261000156402588,5.619999885559082,476800,0.0,0.0
2022-06-17 00:00:00-04:00,5.929999828338623,6.139999866485596,5.730000019073486,6.059999942779541,293600,0.0,0.0
2022-06-21 00:00:00-04:00,6.179999828338623,6.269999980926514,5.5,5.96999979019165,399100,0.0,0.0
2022-06-22 00:00:00-04:00,5.659999847412109,5.960999965667725,5.389999866485596,5.449999809265137,249700,0.0,0.0
2022-06-23 00:00:00-04:00,5.53000020980835,5.820000171661377,5.260000228881836,5.429999828338623,241500,0.0,0.0
2022-06-24 00:00:00-04:00,5.619999885559082,5.869999885559082,5.349999904632568,5.360000133514404,260000,0.0,0.0
2022-06-27 00:00:00-04:00,5.550000190734863,5.800000190734863,5.369999885559082,5.679999828338623,192800,0.0,0.0
2022-06-28 00:00:00-04:00,5.679999828338623,5.960000038146973,5.539999961853027,5.539999961853027,189000,0.0,0.0
2022-06-29 00:00:00-04:00,5.429999828338623,5.460000038146973,5.079999923706055,5.269999980926514,195900,0.0,0.0
2022-06-30 00:00:00-04:00,5.070000171661377,5.169000148773193,4.849999904632568,4.920000076293945,252800,0.0,0.0
2022-07-01 00:00:00-04:00,4.929999828338623,5.300000190734863,4.829999923706055,4.860000133514404,233600,0.0,0.0
2022-07-05 00:00:00-04:00,4.739999771118164,5.039999961853027,4.739999771118164,5.03000020980835,226700,0.0,0.0
2022-07-06 00:00:00-04:00,5.0,5.050000190734863,4.519999980926514,4.710000038146973,255900,0.0,0.0
2022-07-07 00:00:00-04:00,4.900000095367432,5.059999942779541,4.619999885559082,4.800000190734863,290800,0.0,0.0
2022-07-08 00:00:00-04:00,4.670000076293945,4.889999866485596,4.599999904632568,4.690000057220459,114800,0.0,0.0
2022-07-11 00:00:00-04:00,4.519999980926514,4.579999923706055,4.25,4.380000114440918,335100,0.0,0.0
2022-07-12 00:00:00-04:00,4.360000133514404,4.510000228881836,4.260000228881836,4.349999904632568,151300,0.0,0.0
2022-07-13 00:00:00-04:00,4.25,4.460000038146973,4.25,4.360000133514404,132600,0.0,0.0
2022-07-14 00:00:00-04:00,4.320000171661377,4.360000133514404,4.25,4.309999942779541,296400,0.0,0.0
2022-07-15 00:00:00-04:00,4.289999961853027,4.489999771118164,4.054999828338623,4.389999866485596,215300,0.0,0.0
2022-07-18 00:00:00-04:00,4.489999771118164,4.699999809265137,4.349999904632568,4.360000133514404,152400,0.0,0.0
2022-07-19 00:00:00-04:00,4.400000095367432,4.690000057220459,4.309999942779541,4.670000076293945,137400,0.0,0.0
2022-07-20 00:00:00-04:00,4.590000152587891,4.929999828338623,4.53000020980835,4.760000228881836,191500,0.0,0.0
2022-07-21 00:00:00-04:00,4.739999771118164,4.900000095367432,4.739999771118164,4.760000228881836,85700,0.0,0.0
2022-07-22 00:00:00-04:00,4.670000076293945,4.869999885559082,4.449999809265137,4.449999809265137,153500,0.0,0.0
2022-07-25 00:00:00-04:00,4.460000038146973,4.869999885559082,4.449999809265137,4.829999923706055,120200,0.0,0.0
2022-07-26 00:00:00-04:00,4.800000190734863,4.929999828338623,4.440000057220459,4.440000057220459,99400,0.0,0.0
2022-07-27 00:00:00-04:00,4.480000019073486,4.800000190734863,4.480000019073486,4.650000095367432,56200,0.0,0.0
2022-07-28 00:00:00-04:00,4.630000114440918,4.690000057220459,4.420000076293945,4.579999923706055,80100,0.0,0.0
2022-07-29 00:00:00-04:00,4.409999847412109,4.519999980926514,4.25,4.25,143400,0.0,0.0
2022-08-01 00:00:00-04:00,4.199999809265137,4.25,4.050000190734863,4.050000190734863,140800,0.0,0.0
2022-08-02 00:00:00-04:00,4.050000190734863,4.639999866485596,4.050000190734863,4.309999942779541,313700,0.0,0.0
2022-08-03 00:00:00-04:00,4.28000020980835,4.550000190734863,4.25,4.440000057220459,54600,0.0,0.0
2022-08-04 00:00:00-04:00,4.550000190734863,4.71999979019165,4.260000228881836,4.360000133514404,106400,0.0,0.0
2022-08-05 00:00:00-04:00,4.269999980926514,4.548999786376953,4.269999980926514,4.400000095367432,74500,0.0,0.0
2022-08-08 00:00:00-04:00,4.300000190734863,4.699999809265137,4.300000190734863,4.630000114440918,100300,0.0,0.0
2022-08-09 00:00:00-04:00,4.659999847412109,4.739999771118164,4.420000076293945,4.610000133514404,82600,0.0,0.0
2022-08-10 00:00:00-04:00,4.590000152587891,5.099999904632568,4.590000152587891,5.019999980926514,218100,0.0,0.0
2022-08-11 00:00:00-04:00,5.039999961853027,5.440000057220459,5.010000228881836,5.090000152587891,121700,0.0,0.0
2022-08-12 00:00:00-04:00,4.900000095367432,5.150000095367432,4.800000190734863,4.800000190734863,141600,0.0,0.0
2022-08-15 00:00:00-04:00,4.800000190734863,4.980000019073486,4.699999809265137,4.920000076293945,57800,0.0,0.0
2022-08-16 00:00:00-04:00,4.829999923706055,5.380000114440918,4.811999797821045,5.300000190734863,176500,0.0,0.0
2022-08-17 00:00:00-04:00,5.25,5.650000095367432,5.230000019073486,5.579999923706055,184700,0.0,0.0
2022-08-18 00:00:00-04:00,5.21999979019165,5.28000020980835,4.909999847412109,5.230000019073486,399800,0.0,0.0
2022-08-19 00:00:00-04:00,5.130000114440918,5.300000190734863,5.083000183105469,5.199999809265137,83500,0.0,0.0
2022-08-22 00:00:00-04:00,5.329999923706055,5.429999828338623,5.190000057220459,5.239999771118164,103700,0.0,0.0
2022-08-23 00:00:00-04:00,5.130000114440918,5.429999828338623,5.070000171661377,5.150000095367432,106500,0.0,0.0
2022-08-24 00:00:00-04:00,5.039999961853027,5.449999809265137,4.980999946594238,5.320000171661377,110000,0.0,0.0
2022-08-25 00:00:00-04:00,5.429999828338623,6.0,5.179999828338623,5.949999809265137,307900,0.0,0.0
2022-08-26 00:00:00-04:00,6.329999923706055,6.550000190734863,6.019999980926514,6.03000020980835,313800,0.0,0.0
2022-08-29 00:00:00-04:00,5.960000038146973,6.324999809265137,5.440000057220459,5.46999979019165,158300,0.0,0.0
2022-08-30 00:00:00-04:00,5.559999942779541,5.697000026702881,5.320000171661377,5.349999904632568,115200,0.0,0.0
2022-08-31 00:00:00-04:00,5.480000019073486,5.880000114440918,5.199999809265137,5.360000133514404,174600,0.0,0.0
2022-09-01 00:00:00-04:00,5.21999979019165,5.340000152587891,5.050000190734863,5.260000228881836,82900,0.0,0.0
2022-09-02 00:00:00-04:00,5.25,5.639999866485596,5.210000038146973,5.570000171661377,68500,0.0,0.0
2022-09-06 00:00:00-04:00,5.590000152587891,5.646999835968018,5.109000205993652,5.150000095367432,83000,0.0,0.0
2022-09-07 00:00:00-04:00,5.289999961853027,5.448999881744385,5.130000114440918,5.320000171661377,48800,0.0,0.0
2022-09-08 00:00:00-04:00,5.150000095367432,5.4079999923706055,5.070000171661377,5.170000076293945,98000,0.0,0.0
2022-09-09 00:00:00-04:00,5.5,5.730000019073486,5.389999866485596,5.440000057220459,88000,0.0,0.0
2022-09-12 00:00:00-04:00,5.510000228881836,5.849999904632568,5.510000228881836,5.690000057220459,99000,0.0,0.0
2022-09-13 00:00:00-04:00,5.409999847412109,5.590000152587891,5.409999847412109,5.53000020980835,52700,0.0,0.0
2022-09-14 00:00:00-04:00,5.46999979019165,5.670000076293945,5.380000114440918,5.559999942779541,97500,0.0,0.0
2022-09-15 00:00:00-04:00,5.570000171661377,5.880000114440918,5.513999938964844,5.659999847412109,52400,0.0,0.0
2022-09-16 00:00:00-04:00,5.440000057220459,5.710000038146973,4.965000152587891,5.050000190734863,150900,0.0,0.0
2022-09-19 00:00:00-04:00,4.869999885559082,5.079999923706055,4.809999942779541,4.860000133514404,67300,0.0,0.0
2022-09-20 00:00:00-04:00,4.829999923706055,4.949999809265137,4.800000190734863,4.900000095367432,48100,0.0,0.0
2022-09-21 00:00:00-04:00,4.909999847412109,4.909999847412109,4.434000015258789,4.480000019073486,115900,0.0,0.0
2022-09-22 00:00:00-04:00,4.5,4.550000190734863,4.190000057220459,4.28000020980835,129900,0.0,0.0
2022-09-23 00:00:00-04:00,4.190000057220459,4.269999980926514,4.050000190734863,4.260000228881836,68100,0.0,0.0
2022-09-26 00:00:00-04:00,4.420000076293945,4.670000076293945,4.380000114440918,4.550000190734863,119600,0.0,0.0
2022-09-27 00:00:00-04:00,4.679999828338623,4.849999904632568,4.510000228881836,4.590000152587891,93500,0.0,0.0
2022-09-28 00:00:00-04:00,4.449999809265137,4.690000057220459,4.440000057220459,4.480000019073486,127600,0.0,0.0
2022-09-29 00:00:00-04:00,4.429999828338623,4.449999809265137,4.099999904632568,4.119999885559082,93200,0.0,0.0
2022-09-30 00:00:00-04:00,4.199999809265137,4.304999828338623,3.930000066757202,3.930000066757202,116000,0.0,0.0
2022-10-03 00:00:00-04:00,4.0,4.644999980926514,3.9600000381469727,4.400000095367432,162200,0.0,0.0
2022-10-04 00:00:00-04:00,4.590000152587891,4.835000038146973,4.480000019073486,4.679999828338623,152000,0.0,0.0
2022-10-05 00:00:00-04:00,4.690000057220459,4.789999961853027,4.53000020980835,4.710000038146973,79900,0.0,0.0
2022-10-06 00:00:00-04:00,4.659999847412109,4.78000020980835,4.269999980926514,4.269999980926514,81900,0.0,0.0
2022-10-07 00:00:00-04:00,4.179999828338623,4.53000020980835,4.159999847412109,4.239999771118164,133700,0.0,0.0
2022-10-10 00:00:00-04:00,4.179999828338623,4.284999847412109,4.0,4.019999980926514,81900,0.0,0.0
2022-10-11 00:00:00-04:00,4.010000228881836,4.079999923706055,3.859999895095825,3.890000104904175,101900,0.0,0.0
2022-10-12 00:00:00-04:00,3.880000114440918,3.990000009536743,3.809999942779541,3.869999885559082,85000,0.0,0.0
2022-10-13 00:00:00-04:00,3.799999952316284,4.5,3.75,4.260000228881836,229900,0.0,0.0
2022-10-14 00:00:00-04:00,4.28000020980835,4.28000020980835,3.9600000381469727,4.03000020980835,38000,0.0,0.0
2022-10-17 00:00:00-04:00,4.210000038146973,4.5,4.199999809265137,4.329999923706055,69900,0.0,0.0
2022-10-18 00:00:00-04:00,4.380000114440918,4.480000019073486,4.21999979019165,4.349999904632568,37800,0.0,0.0
2022-10-19 00:00:00-04:00,4.230000019073486,4.300000190734863,4.099999904632568,4.159999847412109,30700,0.0,0.0
2022-10-20 00:00:00-04:00,4.130000114440918,4.5,4.130000114440918,4.360000133514404,79000,0.0,0.0
2022-10-21 00:00:00-04:00,4.349999904632568,4.400000095367432,4.159999847412109,4.25,72200,0.0,0.0
2022-10-24 00:00:00-04:00,3.930000066757202,3.930000066757202,3.559999942779541,3.640000104904175,329700,0.0,0.0
2022-10-25 00:00:00-04:00,3.619999885559082,3.7899999618530273,3.619999885559082,3.6500000953674316,92700,0.0,0.0
2022-10-26 00:00:00-04:00,3.559999942779541,3.815000057220459,3.559999942779541,3.690000057220459,176100,0.0,0.0
2022-10-27 00:00:00-04:00,3.609999895095825,3.7980000972747803,3.450000047683716,3.450000047683716,84300,0.0,0.0
2022-10-28 00:00:00-04:00,3.450000047683716,3.6700000762939453,3.359999895095825,3.4800000190734863,176100,0.0,0.0
2022-10-31 00:00:00-04:00,3.359999895095825,3.505000114440918,3.359999895095825,3.390000104904175,108900,0.0,0.0
2022-11-01 00:00:00-04:00,3.509999990463257,3.7200000286102295,3.444999933242798,3.4600000381469727,196300,0.0,0.0
2022-11-02 00:00:00-04:00,3.4700000286102295,3.5999999046325684,3.390000104904175,3.440000057220459,156400,0.0,0.0
2022-11-03 00:00:00-04:00,3.359999895095825,3.5999999046325684,3.359999895095825,3.390000104904175,312000,0.0,0.0
2022-11-04 00:00:00-04:00,3.5899999141693115,3.630000114440918,3.119999885559082,3.259999990463257,343000,0.0,0.0
2022-11-07 00:00:00-05:00,3.3399999141693115,3.5329999923706055,3.3399999141693115,3.4200000762939453,209800,0.0,0.0
2022-11-08 00:00:00-05:00,3.4200000762939453,3.4700000286102295,3.299999952316284,3.309999942779541,107500,0.0,0.0
2022-11-09 00:00:00-05:00,3.2799999713897705,3.319999933242798,3.0299999713897705,3.0299999713897705,284900,0.0,0.0
2022-11-10 00:00:00-05:00,3.180000066757202,3.2850000858306885,3.1500000953674316,3.1500000953674316,118200,0.0,0.0
2022-11-11 00:00:00-05:00,3.319999933242798,3.4600000381469727,3.1500000953674316,3.1500000953674316,271400,0.0,0.0
2022-11-14 00:00:00-05:00,3.240000009536743,3.5999999046325684,3.240000009536743,3.380000114440918,447800,0.0,0.0
2022-11-15 00:00:00-05:00,3.5999999046325684,4.25,3.5999999046325684,4.239999771118164,819900,0.0,0.0
2022-11-16 00:00:00-05:00,4.210000038146973,4.275000095367432,3.809999942779541,3.859999895095825,293100,0.0,0.0
2022-11-17 00:00:00-05:00,4.039999961853027,4.175000190734863,3.690999984741211,3.9600000381469727,650000,0.0,0.0
2022-11-18 00:00:00-05:00,3.930000066757202,4.0,3.609999895095825,3.680000066757202,288900,0.0,0.0
2022-11-21 00:00:00-05:00,3.6500000953674316,3.8499999046325684,3.5999999046325684,3.7899999618530273,191300,0.0,0.0
2022-11-22 00:00:00-05:00,3.7100000381469727,3.7980000972747803,3.559999942779541,3.5899999141693115,118200,0.0,0.0
2022-11-23 00:00:00-05:00,3.6500000953674316,3.8399999141693115,3.640000104904175,3.8299999237060547,184200,0.0,0.0
2022-11-25 00:00:00-05:00,3.7200000286102295,3.8299999237060547,3.7100000381469727,3.7100000381469727,80100,0.0,0.0
2022-11-28 00:00:00-05:00,3.690000057220459,4.019999980926514,3.690000057220459,3.9800000190734863,153300,0.0,0.0
2022-11-29 00:00:00-05:00,4.050000190734863,4.21999979019165,4.010000228881836,4.079999923706055,355600,0.0,0.0
2022-11-30 00:00:00-05:00,4.179999828338623,4.863999843597412,4.090000152587891,4.78000020980835,317600,0.0,0.0
2022-12-01 00:00:00-05:00,4.75,4.833000183105469,4.650000095367432,4.690000057220459,155000,0.0,0.0
2022-12-02 00:00:00-05:00,4.599999904632568,5.002999782562256,4.599999904632568,4.929999828338623,234100,0.0,0.0
2022-12-05 00:00:00-05:00,5.0,5.019999980926514,4.789999961853027,4.909999847412109,205300,0.0,0.0
2022-12-06 00:00:00-05:00,4.920000076293945,4.951000213623047,4.816999912261963,4.860000133514404,114200,0.0,0.0
2022-12-07 00:00:00-05:00,4.71999979019165,5.099999904632568,4.699999809265137,5.010000228881836,144800,0.0,0.0
2022-12-08 00:00:00-05:00,5.130000114440918,5.434999942779541,5.119999885559082,5.300000190734863,218600,0.0,0.0
2022-12-09 00:00:00-05:00,5.300000190734863,5.449999809265137,5.03000020980835,5.059999942779541,354600,0.0,0.0
2022-12-12 00:00:00-05:00,4.980000019073486,5.264999866485596,4.75,5.110000133514404,175700,0.0,0.0
2022-12-13 00:00:00-05:00,5.340000152587891,5.389999866485596,5.179999828338623,5.179999828338623,130800,0.0,0.0
2022-12-14 00:00:00-05:00,5.079999923706055,5.449999809265137,5.079999923706055,5.28000020980835,196300,0.0,0.0
2022-12-15 00:00:00-05:00,5.300000190734863,5.448999881744385,5.190000057220459,5.190000057220459,235700,0.0,0.0
2022-12-16 00:00:00-05:00,5.289999961853027,5.610000133514404,5.199999809265137,5.199999809265137,363800,0.0,0.0
2022-12-19 00:00:00-05:00,5.329999923706055,5.699999809265137,5.170000076293945,5.360000133514404,312000,0.0,0.0
2022-12-20 00:00:00-05:00,5.21999979019165,5.429999828338623,5.186999797821045,5.25,204600,0.0,0.0
2022-12-21 00:00:00-05:00,5.199999809265137,5.840000152587891,5.176000118255615,5.78000020980835,346800,0.0,0.0
2022-12-22 00:00:00-05:00,5.789999961853027,6.900000095367432,5.789999961853027,6.690000057220459,1194700,0.0,0.0
2022-12-23 00:00:00-05:00,6.650000095367432,6.6570000648498535,6.099999904632568,6.389999866485596,263000,0.0,0.0
2022-12-27 00:00:00-05:00,6.099999904632568,6.159999847412109,5.739999771118164,5.809999942779541,325400,0.0,0.0
2022-12-28 00:00:00-05:00,5.809999942779541,5.829999923706055,4.929999828338623,5.050000190734863,376300,0.0,0.0
2022-12-29 00:00:00-05:00,4.809999942779541,5.5,4.670000076293945,5.190000057220459,326900,0.0,0.0
2022-12-30 00:00:00-05:00,5.039999961853027,5.5,5.026000022888184,5.380000114440918,168100,0.0,0.0
2023-01-03 00:00:00-05:00,5.53000020980835,5.900000095367432,5.53000020980835,5.75,140200,0.0,0.0
2023-01-04 00:00:00-05:00,6.019999980926514,6.699999809265137,5.994999885559082,6.639999866485596,342200,0.0,0.0
2023-01-05 00:00:00-05:00,6.400000095367432,7.489999771118164,6.309999942779541,7.190000057220459,357100,0.0,0.0
2023-01-06 00:00:00-05:00,7.039999961853027,7.650000095367432,6.730000019073486,7.610000133514404,226900,0.0,0.0
2023-01-09 00:00:00-05:00,7.900000095367432,8.270000457763672,7.900000095367432,8.069999694824219,179600,0.0,0.0
2023-01-10 00:00:00-05:00,8.050000190734863,8.069999694824219,7.619999885559082,7.960000038146973,193700,0.0,0.0
2023-01-11 00:00:00-05:00,7.960000038146973,8.0600004196167,7.78000020980835,7.869999885559082,146200,0.0,0.0
2023-01-12 00:00:00-05:00,7.760000228881836,7.764999866485596,7.340000152587891,7.449999809265137,217900,0.0,0.0
2023-01-13 00:00:00-05:00,7.5,8.130000114440918,7.5,7.659999847412109,235600,0.0,0.0
2023-01-17 00:00:00-05:00,7.420000076293945,7.900000095367432,7.349999904632568,7.769999980926514,128900,0.0,0.0
2023-01-18 00:00:00-05:00,7.849999904632568,7.960000038146973,7.579999923706055,7.690000057220459,102900,0.0,0.0
2023-01-19 00:00:00-05:00,7.690000057220459,8.470000267028809,7.6570000648498535,8.319999694824219,111800,0.0,0.0
2023-01-20 00:00:00-05:00,8.25,8.25,7.699999809265137,8.010000228881836,83700,0.0,0.0
2023-01-23 00:00:00-05:00,8.09000015258789,8.1899995803833,7.900000095367432,8.020000457763672,84200,0.0,0.0
2023-01-24 00:00:00-05:00,8.0649995803833,8.149999618530273,7.958000183105469,8.09000015258789,29400,0.0,0.0
2023-01-25 00:00:00-05:00,7.980000019073486,8.170000076293945,7.84499979019165,7.960000038146973,52600,0.0,0.0
2023-01-26 00:00:00-05:00,7.980000019073486,8.470000267028809,7.849999904632568,8.40999984741211,61700,0.0,0.0
2023-01-27 00:00:00-05:00,8.319999694824219,8.319999694824219,7.880000114440918,7.909999847412109,79100,0.0,0.0
2023-01-30 00:00:00-05:00,7.559999942779541,7.639999866485596,7.03000020980835,7.050000190734863,158800,0.0,0.0
2023-01-31 00:00:00-05:00,7.010000228881836,7.389999866485596,6.940000057220459,7.099999904632568,178900,0.0,0.0
2023-02-01 00:00:00-05:00,7.309999942779541,7.809999942779541,7.269999980926514,7.809999942779541,106600,0.0,0.0
2023-02-02 00:00:00-05:00,7.739999771118164,7.840000152587891,7.295000076293945,7.53000020980835,103700,0.0,0.0
2023-02-03 00:00:00-05:00,7.539999961853027,7.599999904632568,7.260000228881836,7.28000020980835,74300,0.0,0.0
2023-02-06 00:00:00-05:00,7.130000114440918,7.130000114440918,6.619999885559082,6.78000020980835,197100,0.0,0.0
2023-02-07 00:00:00-05:00,6.78000020980835,6.946000099182129,6.760000228881836,6.909999847412109,96200,0.0,0.0
2023-02-08 00:00:00-05:00,8.229999542236328,8.479999542236328,6.860000133514404,7.400000095367432,2407200,0.0,0.0
2023-02-09 00:00:00-05:00,7.659999847412109,7.769999980926514,7.110000133514404,7.159999847412109,373600,0.0,0.0
2023-02-10 00:00:00-05:00,7.010000228881836,7.070000171661377,6.550000190734863,6.550000190734863,340400,0.0,0.0
2023-02-13 00:00:00-05:00,6.840000152587891,7.449999809265137,6.730000019073486,7.400000095367432,156800,0.0,0.0
2023-02-14 00:00:00-05:00,7.210000038146973,7.989999771118164,7.179999828338623,7.989999771118164,174500,0.0,0.0
2023-02-15 00:00:00-05:00,7.800000190734863,8.739999771118164,7.78000020980835,8.550000190734863,483000,0.0,0.0
2023-02-16 00:00:00-05:00,8.460000038146973,8.600000381469727,7.869999885559082,7.889999866485596,132100,0.0,0.0
2023-02-17 00:00:00-05:00,7.690000057220459,8.079999923706055,7.642000198364258,7.71999979019165,133000,0.0,0.0
2023-02-21 00:00:00-05:00,7.599999904632568,7.800000190734863,7.28000020980835,7.349999904632568,175800,0.0,0.0
2023-02-22 00:00:00-05:00,7.199999809265137,7.900000095367432,7.179999828338623,7.75,113100,0.0,0.0
2023-02-23 00:00:00-05:00,8.100000381469727,8.399999618530273,7.46999979019165,8.0,335700,0.0,0.0
2023-02-24 00:00:00-05:00,8.260000228881836,8.550000190734863,7.199999809265137,7.239999771118164,242900,0.0,0.0
2023-02-27 00:00:00-05:00,7.320000171661377,8.0,7.320000171661377,7.840000152587891,202000,0.0,0.0
2023-02-28 00:00:00-05:00,7.679999828338623,8.25,7.6570000648498535,8.149999618530273,110000,0.0,0.0
2023-03-01 00:00:00-05:00,8.399999618530273,8.600000381469727,8.180000305175781,8.579999923706055,235900,0.0,0.0
2023-03-02 00:00:00-05:00,8.569999694824219,9.375,8.40999984741211,9.279999732971191,287400,0.0,0.0
2023-03-03 00:00:00-05:00,9.449999809265137,9.550000190734863,8.9399995803833,9.5,249700,0.0,0.0
2023-03-06 00:00:00-05:00,9.34000015258789,10.0,9.029999732971191,9.779999732971191,473800,0.0,0.0
2023-03-07 00:00:00-05:00,9.5,9.704999923706055,8.609999656677246,8.619999885559082,169600,0.0,0.0
2023-03-08 00:00:00-05:00,8.539999961853027,9.100000381469727,8.359999656677246,8.5600004196167,210700,0.0,0.0
2023-03-09 00:00:00-05:00,8.399999618530273,8.649999618530273,8.260000228881836,8.319999694824219,252800,0.0,0.0
2023-03-10 00:00:00-05:00,8.319999694824219,8.640000343322754,7.820000171661377,8.180000305175781,203900,0.0,0.0
2023-03-13 00:00:00-04:00,8.170000076293945,8.70300006866455,8.039999961853027,8.59000015258789,167500,0.0,0.0
2023-03-14 00:00:00-04:00,8.5600004196167,8.680000305175781,8.039999961853027,8.170000076293945,130200,0.0,0.0
2023-03-15 00:00:00-04:00,7.920000076293945,8.0600004196167,7.690000057220459,7.960000038146973,151800,0.0,0.0
2023-03-16 00:00:00-04:00,7.840000152587891,8.539999961853027,7.739999771118164,8.380000114440918,132700,0.0,0.0
2023-03-17 00:00:00-04:00,8.5,8.5,8.109999656677246,8.5,147200,0.0,0.0
2023-03-20 00:00:00-04:00,8.710000038146973,8.767999649047852,8.149999618530273,8.170000076293945,163400,0.0,0.0
2023-03-21 00:00:00-04:00,8.170000076293945,8.380000114440918,7.840000152587891,7.840000152587891,116200,0.0,0.0
2023-03-22 00:00:00-04:00,7.960000038146973,8.949999809265137,7.809999942779541,8.640000343322754,233100,0.0,0.0
2023-03-23 00:00:00-04:00,8.619999885559082,9.039999961853027,8.539999961853027,8.949999809265137,242800,0.0,0.0
2023-03-24 00:00:00-04:00,8.770000457763672,8.9399995803833,8.385000228881836,8.59000015258789,93400,0.0,0.0
2023-03-27 00:00:00-04:00,8.40999984741211,8.5,7.849999904632568,8.260000228881836,204500,0.0,0.0
2023-03-28 00:00:00-04:00,8.449999809265137,8.5,7.949999809265137,8.069999694824219,153400,0.0,0.0
2023-03-29 00:00:00-04:00,8.119999885559082,8.388999938964844,7.829999923706055,7.920000076293945,153300,0.0,0.0
2023-03-30 00:00:00-04:00,8.479999542236328,8.600000381469727,7.900000095367432,8.300000190734863,816300,0.0,0.0
2023-03-31 00:00:00-04:00,8.300000190734863,9.0,8.114999771118164,8.5,1014900,0.0,0.0
2023-04-03 00:00:00-04:00,8.920000076293945,9.550000190734863,8.734999656677246,8.90999984741211,958100,0.0,0.0
2023-04-04 00:00:00-04:00,9.010000228881836,9.010000228881836,7.800000190734863,8.010000228881836,526300,0.0,0.0
2023-04-05 00:00:00-04:00,7.929999828338623,7.929999828338623,6.710000038146973,6.789999961853027,402800,0.0,0.0
2023-04-06 00:00:00-04:00,7.0,7.110000133514404,6.800000190734863,6.949999809265137,698700,0.0,0.0
2023-04-10 00:00:00-04:00,6.829999923706055,6.829999923706055,6.46999979019165,6.53000020980835,247500,0.0,0.0
2023-04-11 00:00:00-04:00,6.579999923706055,6.894999980926514,6.449999809265137,6.639999866485596,592000,0.0,0.0
2023-04-12 00:00:00-04:00,6.650000095367432,6.659999847412109,6.21999979019165,6.309999942779541,194600,0.0,0.0
2023-04-13 00:00:00-04:00,6.449999809265137,6.449999809265137,6.170000076293945,6.309999942779541,268700,0.0,0.0
2023-04-14 00:00:00-04:00,6.190000057220459,6.269999980926514,5.849999904632568,6.079999923706055,255400,0.0,0.0
2023-04-17 00:00:00-04:00,6.199999809265137,6.559999942779541,6.199999809265137,6.400000095367432,250600,0.0,0.0
2023-04-18 00:00:00-04:00,6.400000095367432,6.460000038146973,6.059999942779541,6.170000076293945,217300,0.0,0.0
2023-04-19 00:00:00-04:00,6.070000171661377,6.21999979019165,5.989999771118164,6.179999828338623,135500,0.0,0.0
2023-04-20 00:00:00-04:00,6.159999847412109,6.230000019073486,5.829999923706055,5.889999866485596,196700,0.0,0.0
2023-04-21 00:00:00-04:00,5.880000114440918,5.929999828338623,5.710000038146973,5.769999980926514,339400,0.0,0.0
2023-04-24 00:00:00-04:00,5.769999980926514,5.96999979019165,5.630000114440918,5.909999847412109,302700,0.0,0.0
2023-04-25 00:00:00-04:00,5.730000019073486,5.742000102996826,5.400000095367432,5.480000019073486,239300,0.0,0.0
2023-04-26 00:00:00-04:00,5.690000057220459,5.869999885559082,5.559999942779541,5.809999942779541,160300,0.0,0.0
2023-04-27 00:00:00-04:00,5.789999961853027,5.96999979019165,5.75,5.96999979019165,63800,0.0,0.0
2023-04-28 00:00:00-04:00,6.050000190734863,6.320000171661377,5.849999904632568,6.190000057220459,123100,0.0,0.0
2023-05-01 00:00:00-04:00,6.039999961853027,6.139999866485596,5.909999847412109,6.019999980926514,103700,0.0,0.0
2023-05-02 00:00:00-04:00,5.920000076293945,6.019999980926514,5.679999828338623,5.75,102400,0.0,0.0
2023-05-03 00:00:00-04:00,5.710000038146973,5.980000019073486,5.639999866485596,5.860000133514404,69500,0.0,0.0
2023-05-04 00:00:00-04:00,5.949999809265137,6.190000057220459,5.869999885559082,6.119999885559082,114500,0.0,0.0
2023-05-05 00:00:00-04:00,6.239999771118164,6.639999866485596,6.199999809265137,6.53000020980835,216800,0.0,0.0
2023-05-08 00:00:00-04:00,6.539999961853027,6.710000038146973,6.440000057220459,6.699999809265137,64300,0.0,0.0
2023-05-09 00:00:00-04:00,6.53000020980835,6.570000171661377,6.150000095367432,6.28000020980835,106000,0.0,0.0
2023-05-10 00:00:00-04:00,6.289999961853027,6.329999923706055,6.159999847412109,6.25,44000,0.0,0.0
2023-05-11 00:00:00-04:00,6.320000171661377,6.409999847412109,6.130000114440918,6.329999923706055,62000,0.0,0.0
2023-05-12 00:00:00-04:00,6.230000019073486,6.28000020980835,4.900000095367432,5.010000228881836,432000,0.0,0.0
2023-05-15 00:00:00-04:00,5.230000019073486,5.349999904632568,5.019999980926514,5.079999923706055,170300,0.0,0.0
2023-05-16 00:00:00-04:00,5.110000133514404,5.380000114440918,5.039999961853027,5.119999885559082,109100,0.0,0.0
2023-05-17 00:00:00-04:00,5.130000114440918,5.215000152587891,4.920000076293945,5.059999942779541,124500,0.0,0.0
2023-05-18 00:00:00-04:00,5.079999923706055,5.139999866485596,4.900000095367432,4.960000038146973,133300,0.0,0.0
2023-05-19 00:00:00-04:00,5.010000228881836,5.144999980926514,4.809999942779541,5.090000152587891,151200,0.0,0.0
2023-05-22 00:00:00-04:00,4.909999847412109,5.170000076293945,4.909999847412109,4.949999809265137,106200,0.0,0.0
2023-05-23 00:00:00-04:00,4.989999771118164,5.099999904632568,4.909999847412109,4.949999809265137,84200,0.0,0.0
2023-05-24 00:00:00-04:00,4.900000095367432,4.900000095367432,4.610000133514404,4.820000171661377,143800,0.0,0.0
2023-05-25 00:00:00-04:00,4.449999809265137,4.650000095367432,3.890000104904175,4.119999885559082,390400,0.0,0.0
2023-05-26 00:00:00-04:00,4.119999885559082,4.5980000495910645,4.070000171661377,4.46999979019165,199000,0.0,0.0
2023-05-30 00:00:00-04:00,4.480000019073486,4.710000038146973,4.300000190734863,4.489999771118164,173500,0.0,0.0
2023-05-31 00:00:00-04:00,4.380000114440918,4.513999938964844,4.210000038146973,4.449999809265137,204400,0.0,0.0
2023-06-01 00:00:00-04:00,4.460000038146973,4.880000114440918,4.460000038146973,4.659999847412109,255700,0.0,0.0
2023-06-02 00:00:00-04:00,4.78000020980835,4.940000057220459,4.677000045776367,4.769999980926514,184500,0.0,0.0
2023-06-05 00:00:00-04:00,4.730000019073486,4.795000076293945,4.579999923706055,4.619999885559082,133700,0.0,0.0
2023-06-06 00:00:00-04:00,4.590000152587891,4.849999904632568,4.510000228881836,4.510000228881836,234700,0.0,0.0
2023-06-07 00:00:00-04:00,4.619999885559082,4.800000190734863,4.519999980926514,4.690000057220459,185100,0.0,0.0
2023-06-08 00:00:00-04:00,4.800000190734863,5.179999828338623,4.73199987411499,5.03000020980835,165700,0.0,0.0
2023-06-09 00:00:00-04:00,4.880000114440918,5.25,4.880000114440918,5.03000020980835,119100,0.0,0.0
2023-06-12 00:00:00-04:00,4.940000057220459,5.315000057220459,4.940000057220459,5.130000114440918,164400,0.0,0.0
2023-06-13 00:00:00-04:00,5.230000019073486,5.539999961853027,5.230000019073486,5.449999809265137,174300,0.0,0.0
2023-06-14 00:00:00-04:00,5.5,5.64300012588501,5.360000133514404,5.389999866485596,271000,0.0,0.0
2023-06-15 00:00:00-04:00,5.480000019073486,5.616000175476074,5.210000038146973,5.239999771118164,177600,0.0,0.0
2023-06-16 00:00:00-04:00,5.199999809265137,5.313000202178955,5.019999980926514,5.21999979019165,372400,0.0,0.0
2023-06-20 00:00:00-04:00,5.190000057220459,5.210000038146973,4.670000076293945,4.829999923706055,254000,0.0,0.0
2023-06-21 00:00:00-04:00,4.710000038146973,4.960000038146973,4.690000057220459,4.71999979019165,142100,0.0,0.0
2023-06-22 00:00:00-04:00,4.699999809265137,4.889999866485596,4.670000076293945,4.670000076293945,94300,0.0,0.0
2023-06-23 00:00:00-04:00,4.630000114440918,4.789999961853027,4.440000057220459,4.619999885559082,169700,0.0,0.0
2023-06-26 00:00:00-04:00,4.619999885559082,5.0,4.619999885559082,4.829999923706055,178200,0.0,0.0
2023-06-27 00:00:00-04:00,4.920000076293945,5.079999923706055,4.900000095367432,4.960000038146973,189100,0.0,0.0
2023-06-28 00:00:00-04:00,4.900000095367432,5.0,4.849999904632568,4.940000057220459,89000,0.0,0.0
2023-06-29 00:00:00-04:00,4.880000114440918,5.0,4.880000114440918,4.889999866485596,110600,0.0,0.0
2023-06-30 00:00:00-04:00,4.940000057220459,5.0,4.800000190734863,4.820000171661377,95800,0.0,0.0
2023-07-03 00:00:00-04:00,4.920000076293945,5.210000038146973,4.909999847412109,4.940000057220459,129300,0.0,0.0
2023-07-05 00:00:00-04:00,4.909999847412109,5.090000152587891,4.800000190734863,5.0,111200,0.0,0.0
2023-07-06 00:00:00-04:00,4.829999923706055,4.960000038146973,4.760000228881836,4.789999961853027,113800,0.0,0.0
2023-07-07 00:00:00-04:00,4.829999923706055,5.130000114440918,4.639999866485596,4.670000076293945,251300,0.0,0.0
2023-07-10 00:00:00-04:00,4.710000038146973,4.829999923706055,4.616000175476074,4.659999847412109,53200,0.0,0.0
2023-07-11 00:00:00-04:00,4.670000076293945,4.797999858856201,4.599999904632568,4.650000095367432,64700,0.0,0.0
2023-07-12 00:00:00-04:00,4.739999771118164,4.829999923706055,4.679999828338623,4.78000020980835,128500,0.0,0.0
2023-07-13 00:00:00-04:00,4.789999961853027,4.849999904632568,4.75,4.769999980926514,292300,0.0,0.0
2023-07-14 00:00:00-04:00,4.849999904632568,4.860000133514404,4.610000133514404,4.800000190734863,121200,0.0,0.0
2023-07-17 00:00:00-04:00,4.800000190734863,4.800000190734863,4.610000133514404,4.639999866485596,106100,0.0,0.0
2023-07-18 00:00:00-04:00,4.599999904632568,4.692999839782715,4.550000190734863,4.599999904632568,360500,0.0,0.0
2023-07-19 00:00:00-04:00,4.619999885559082,4.699999809265137,4.480000019073486,4.539999961853027,155200,0.0,0.0
2023-07-20 00:00:00-04:00,4.539999961853027,4.5929999351501465,4.449999809265137,4.46999979019165,100900,0.0,0.0
2023-07-21 00:00:00-04:00,4.559999942779541,4.559999942779541,4.320000171661377,4.369999885559082,115200,0.0,0.0
2023-07-24 00:00:00-04:00,4.320000171661377,4.699999809265137,4.300000190734863,4.5,595300,0.0,0.0
2023-07-25 00:00:00-04:00,4.670000076293945,4.71999979019165,4.46999979019165,4.5,586500,0.0,0.0
2023-07-26 00:00:00-04:00,4.650000095367432,4.760000228881836,4.544000148773193,4.760000228881836,310800,0.0,0.0
2023-07-27 00:00:00-04:00,4.820000171661377,4.840000152587891,4.460000038146973,4.579999923706055,168800,0.0,0.0
2023-07-28 00:00:00-04:00,4.699999809265137,5.380000114440918,4.690000057220459,5.309999942779541,555600,0.0,0.0
2023-07-31 00:00:00-04:00,5.329999923706055,5.499000072479248,4.920000076293945,4.940000057220459,522400,0.0,0.0
2023-08-01 00:00:00-04:00,4.949999809265137,5.050000190734863,4.841000080108643,4.900000095367432,246700,0.0,0.0
2023-08-02 00:00:00-04:00,4.869999885559082,4.869999885559082,4.599999904632568,4.650000095367432,214400,0.0,0.0
2023-08-03 00:00:00-04:00,4.71999979019165,4.869999885559082,4.71999979019165,4.809999942779541,357300,0.0,0.0
2023-08-04 00:00:00-04:00,4.809999942779541,4.920000076293945,4.639999866485596,4.699999809265137,110600,0.0,0.0
2023-08-07 00:00:00-04:00,4.710000038146973,4.800000190734863,4.409999847412109,4.489999771118164,216900,0.0,0.0
2023-08-08 00:00:00-04:00,4.380000114440918,4.460000038146973,4.230000019073486,4.309999942779541,136100,0.0,0.0
2023-08-09 00:00:00-04:00,4.349999904632568,4.349999904632568,4.0,4.050000190734863,335500,0.0,0.0
2023-08-10 00:00:00-04:00,4.199999809265137,4.247000217437744,3.950000047683716,4.019999980926514,173400,0.0,0.0
2023-08-11 00:00:00-04:00,3.9000000953674316,3.9700000286102295,3.619999885559082,3.890000104904175,409400,0.0,0.0
2023-08-14 00:00:00-04:00,3.859999895095825,4.050000190734863,3.805000066757202,3.9800000190734863,146100,0.0,0.0
2023-08-15 00:00:00-04:00,3.9700000286102295,4.010000228881836,3.7300000190734863,3.8499999046325684,111200,0.0,0.0
2023-08-16 00:00:00-04:00,3.759999990463257,3.799999952316284,3.619999885559082,3.619999885559082,126300,0.0,0.0
2023-08-17 00:00:00-04:00,3.7300000190734863,3.7750000953674316,3.5899999141693115,3.700000047683716,145700,0.0,0.0
2023-08-18 00:00:00-04:00,3.569999933242798,3.700000047683716,3.509999990463257,3.5199999809265137,179100,0.0,0.0
2023-08-21 00:00:00-04:00,3.5,3.7899999618530273,3.4700000286102295,3.7100000381469727,133100,0.0,0.0
2023-08-22 00:00:00-04:00,3.740000009536743,3.740000009536743,3.569999933242798,3.6500000953674316,59100,0.0,0.0
2023-08-23 00:00:00-04:00,3.7799999713897705,3.8299999237060547,3.509999990463257,3.7699999809265137,142400,0.0,0.0
2023-08-24 00:00:00-04:00,3.8399999141693115,3.990000009536743,3.609999895095825,3.680000066757202,469100,0.0,0.0
2023-08-25 00:00:00-04:00,3.7100000381469727,3.75,3.509999990463257,3.700000047683716,131500,0.0,0.0
2023-08-28 00:00:00-04:00,3.759999990463257,3.8499999046325684,3.7200000286102295,3.7699999809265137,161400,0.0,0.0
2023-08-29 00:00:00-04:00,3.7799999713897705,3.8399999141693115,3.700000047683716,3.7699999809265137,494800,0.0,0.0
2023-08-30 00:00:00-04:00,3.759999990463257,3.950000047683716,3.7200000286102295,3.9000000953674316,136200,0.0,0.0
2023-08-31 00:00:00-04:00,3.869999885559082,4.010000228881836,3.799999952316284,3.9000000953674316,280300,0.0,0.0
2023-09-01 00:00:00-04:00,3.9700000286102295,4.199999809265137,3.869999885559082,4.119999885559082,149000,0.0,0.0
2023-09-05 00:00:00-04:00,4.070000171661377,4.329999923706055,4.050000190734863,4.320000171661377,174400,0.0,0.0
2023-09-06 00:00:00-04:00,4.289999961853027,4.440000057220459,4.170000076293945,4.230000019073486,1993600,0.0,0.0
2023-09-07 00:00:00-04:00,4.039999961853027,4.170000076293945,3.950000047683716,4.050000190734863,203800,0.0,0.0
2023-09-08 00:00:00-04:00,4.050000190734863,4.170000076293945,3.940000057220459,4.059999942779541,132300,0.0,0.0
2023-09-11 00:00:00-04:00,4.099999904632568,4.130000114440918,3.9800000190734863,3.990000009536743,141100,0.0,0.0
2023-09-12 00:00:00-04:00,3.940000057220459,4.010000228881836,3.869999885559082,4.010000228881836,148200,0.0,0.0
2023-09-13 00:00:00-04:00,3.950000047683716,4.230000019073486,3.950000047683716,4.139999866485596,404800,0.0,0.0
2023-09-14 00:00:00-04:00,4.139999866485596,4.400000095367432,4.139999866485596,4.239999771118164,237900,0.0,0.0
2023-09-15 00:00:00-04:00,4.199999809265137,4.269999980926514,3.8299999237060547,3.8399999141693115,243700,0.0,0.0
2023-09-18 00:00:00-04:00,3.8499999046325684,3.990000009536743,3.7200000286102295,3.740000009536743,128900,0.0,0.0
2023-09-19 00:00:00-04:00,3.700000047683716,3.809999942779541,3.5999999046325684,3.690000057220459,161300,0.0,0.0
2023-09-20 00:00:00-04:00,3.6600000858306885,3.7300000190734863,3.549999952316284,3.549999952316284,149700,0.0,0.0
2023-09-21 00:00:00-04:00,3.490000009536743,3.680000066757202,3.380000114440918,3.569999933242798,246300,0.0,0.0
2023-09-22 00:00:00-04:00,3.7300000190734863,3.7869999408721924,3.5999999046325684,3.6500000953674316,95300,0.0,0.0
2023-09-25 00:00:00-04:00,3.5799999237060547,3.8389999866485596,3.5799999237060547,3.7100000381469727,84200,0.0,0.0
2023-09-26 00:00:00-04:00,3.6700000762939453,3.890000104904175,3.6700000762939453,3.75,90200,0.0,0.0
2023-09-27 00:00:00-04:00,3.75,4.070000171661377,3.75,4.070000171661377,158600,0.0,0.0
2023-09-28 00:00:00-04:00,3.930000066757202,4.130000114440918,3.9040000438690186,4.039999961853027,144900,0.0,0.0
2023-09-29 00:00:00-04:00,4.170000076293945,4.179999828338623,3.930000066757202,4.019999980926514,151700,0.0,0.0
2023-10-02 00:00:00-04:00,3.9709999561309814,4.151000022888184,3.9600000381469727,4.079999923706055,76100,0.0,0.0
2023-10-03 00:00:00-04:00,3.9700000286102295,4.070000171661377,3.809999942779541,3.8499999046325684,95200,0.0,0.0
2023-10-04 00:00:00-04:00,3.819999933242798,4.070000171661377,3.819999933242798,4.050000190734863,79300,0.0,0.0
2023-10-05 00:00:00-04:00,4.059999942779541,4.071000099182129,3.950000047683716,4.010000228881836,74400,0.0,0.0
2023-10-06 00:00:00-04:00,3.9800000190734863,4.215000152587891,3.9800000190734863,4.090000152587891,132700,0.0,0.0
2023-10-09 00:00:00-04:00,4.050000190734863,4.179999828338623,4.039999961853027,4.119999885559082,82300,0.0,0.0
2023-10-10 00:00:00-04:00,4.150000095367432,4.489999771118164,4.150000095367432,4.400000095367432,251700,0.0,0.0
2023-10-11 00:00:00-04:00,4.5,4.5,4.199999809265137,4.349999904632568,165500,0.0,0.0
2023-10-12 00:00:00-04:00,4.309999942779541,4.309999942779541,4.050000190734863,4.079999923706055,187700,0.0,0.0
2023-10-13 00:00:00-04:00,3.9800000190734863,4.045000076293945,3.9200000762939453,3.940000057220459,77000,0.0,0.0
2023-10-16 00:00:00-04:00,3.950000047683716,4.26800012588501,3.9000000953674316,4.190000057220459,168800,0.0,0.0
2023-10-17 00:00:00-04:00,4.130000114440918,4.389999866485596,4.130000114440918,4.25,147500,0.0,0.0
2023-10-18 00:00:00-04:00,4.190000057220459,4.349999904632568,4.190000057220459,4.260000228881836,109500,0.0,0.0
2023-10-19 00:00:00-04:00,4.210000038146973,4.239999771118164,3.9600000381469727,3.990000009536743,107200,0.0,0.0
2023-10-20 00:00:00-04:00,3.869999885559082,4.039999961853027,3.7300000190734863,3.7899999618530273,195500,0.0,0.0
2023-10-23 00:00:00-04:00,3.809999942779541,4.177999973297119,3.759999990463257,4.0,131200,0.0,0.0
2023-10-24 00:00:00-04:00,4.010000228881836,4.300000190734863,4.010000228881836,4.139999866485596,106000,0.0,0.0
2023-10-25 00:00:00-04:00,4.039999961853027,4.210000038146973,4.039999961853027,4.059999942779541,90500,0.0,0.0
2023-10-26 00:00:00-04:00,4.03000020980835,4.204999923706055,4.010000228881836,4.039999961853027,96700,0.0,0.0
2023-10-27 00:00:00-04:00,4.070000171661377,4.099999904632568,3.940000057220459,3.9800000190734863,73500,0.0,0.0
2023-10-30 00:00:00-04:00,4.010000228881836,4.239999771118164,4.010000228881836,4.179999828338623,97800,0.0,0.0
2023-10-31 00:00:00-04:00,4.139999866485596,4.25,4.099999904632568,4.170000076293945,82600,0.0,0.0
2023-11-01 00:00:00-04:00,4.099999904632568,4.199999809265137,4.019999980926514,4.130000114440918,87800,0.0,0.0
2023-11-02 00:00:00-04:00,4.139999866485596,4.340000152587891,4.139999866485596,4.230000019073486,105600,0.0,0.0
2023-11-03 00:00:00-04:00,4.289999961853027,4.449999809265137,4.25,4.349999904632568,116400,0.0,0.0
2023-11-06 00:00:00-05:00,4.369999885559082,4.429999828338623,4.329999923706055,4.409999847412109,37700,0.0,0.0
2023-11-07 00:00:00-05:00,4.340000152587891,4.449999809265137,4.269999980926514,4.400000095367432,52900,0.0,0.0
2023-11-08 00:00:00-05:00,4.309999942779541,4.329999923706055,4.190000057220459,4.28000020980835,35400,0.0,0.0
2023-11-09 00:00:00-05:00,4.309999942779541,4.349999904632568,4.099999904632568,4.130000114440918,74700,0.0,0.0
2023-11-10 00:00:00-05:00,4.079999923706055,4.320000171661377,4.079999923706055,4.289999961853027,41700,0.0,0.0
2023-11-13 00:00:00-05:00,4.329999923706055,4.420000076293945,4.260000228881836,4.309999942779541,67900,0.0,0.0
2023-11-14 00:00:00-05:00,4.400000095367432,4.400000095367432,4.210000038146973,4.239999771118164,57800,0.0,0.0
2023-11-15 00:00:00-05:00,4.260000228881836,4.460000038146973,4.229000091552734,4.360000133514404,113900,0.0,0.0
2023-11-16 00:00:00-05:00,4.400000095367432,4.400000095367432,3.9140000343322754,4.0,170500,0.0,0.0
2023-11-17 00:00:00-05:00,3.950000047683716,4.119999885559082,3.930000066757202,4.0,64600,0.0,0.0
2023-11-20 00:00:00-05:00,4.119999885559082,4.235000133514404,4.0,4.0,259900,0.0,0.0
2023-11-21 00:00:00-05:00,3.9600000381469727,4.21999979019165,3.930000066757202,4.059999942779541,109400,0.0,0.0
2023-11-22 00:00:00-05:00,4.039999961853027,4.150000095367432,4.0,4.059999942779541,68500,0.0,0.0
2023-11-24 00:00:00-05:00,4.090000152587891,4.164999961853027,3.990000009536743,4.079999923706055,75500,0.0,0.0
2023-11-27 00:00:00-05:00,4.03000020980835,4.190000057220459,3.990000009536743,4.119999885559082,171000,0.0,0.0
2023-11-28 00:00:00-05:00,4.130000114440918,4.159999847412109,3.9800000190734863,4.079999923706055,128500,0.0,0.0
2023-11-29 00:00:00-05:00,4.119999885559082,4.199999809265137,4.010000228881836,4.039999961853027,119600,0.0,0.0
2023-11-30 00:00:00-05:00,4.079999923706055,4.269999980926514,3.950000047683716,4.159999847412109,252500,0.0,0.0
2023-12-01 00:00:00-05:00,4.199999809265137,4.300000190734863,4.019999980926514,4.170000076293945,241800,0.0,0.0
2023-12-04 00:00:00-05:00,4.150000095367432,4.190000057220459,3.950000047683716,4.150000095367432,217800,0.0,0.0
2023-12-05 00:00:00-05:00,4.099999904632568,4.210000038146973,4.019999980926514,4.090000152587891,146800,0.0,0.0
2023-12-06 00:00:00-05:00,4.090000152587891,4.25,4.039999961853027,4.079999923706055,206700,0.0,0.0
2023-12-07 00:00:00-05:00,4.050000190734863,4.190000057220459,3.9200000762939453,3.9600000381469727,113100,0.0,0.0
2023-12-08 00:00:00-05:00,3.950000047683716,4.019999980926514,3.799999952316284,3.8299999237060547,122600,0.0,0.0
2023-12-11 00:00:00-05:00,3.8399999141693115,3.9019999504089355,3.799999952316284,3.8499999046325684,88200,0.0,0.0
2023-12-12 00:00:00-05:00,3.859999895095825,4.135000228881836,3.859999895095825,4.110000133514404,211200,0.0,0.0
2023-12-13 00:00:00-05:00,4.019999980926514,4.139999866485596,3.9100000858306885,4.070000171661377,181300,0.0,0.0
2023-12-14 00:00:00-05:00,4.070000171661377,4.28000020980835,3.9600000381469727,4.010000228881836,176100,0.0,0.0
2023-12-15 00:00:00-05:00,4.010000228881836,4.039999961853027,3.809999942779541,4.019999980926514,152300,0.0,0.0
2023-12-18 00:00:00-05:00,3.9600000381469727,4.130000114440918,3.880000114440918,4.010000228881836,101400,0.0,0.0
2023-12-19 00:00:00-05:00,3.9700000286102295,4.130000114440918,3.9700000286102295,4.059999942779541,104500,0.0,0.0
2023-12-20 00:00:00-05:00,3.9700000286102295,4.110000133514404,3.950000047683716,3.950000047683716,120500,0.0,0.0
2023-12-21 00:00:00-05:00,3.990000009536743,4.039999961853027,3.9700000286102295,3.9800000190734863,69600,0.0,0.0
2023-12-22 00:00:00-05:00,3.890000104904175,4.019999980926514,3.869999885559082,3.930000066757202,103700,0.0,0.0
2023-12-26 00:00:00-05:00,3.990000009536743,3.990000009536743,3.9000000953674316,3.9000000953674316,104200,0.0,0.0
2023-12-27 00:00:00-05:00,3.869999885559082,3.9800000190734863,3.8299999237060547,3.8399999141693115,81500,0.0,0.0
2023-12-28 00:00:00-05:00,3.9000000953674316,4.001999855041504,3.859999895095825,3.9000000953674316,64700,0.0,0.0
2023-12-29 00:00:00-05:00,3.8299999237060547,3.9749999046325684,3.8299999237060547,3.940000057220459,140900,0.0,0.0
2024-01-02 00:00:00-05:00,3.8499999046325684,3.940000057220459,3.7100000381469727,3.7300000190734863,88800,0.0,0.0
2024-01-03 00:00:00-05:00,3.869999885559082,3.9000000953674316,3.740000009536743,3.8399999141693115,175900,0.0,0.0
2024-01-04 00:00:00-05:00,3.809999942779541,3.9000000953674316,3.7799999713897705,3.8499999046325684,56100,0.0,0.0
2024-01-05 00:00:00-05:00,3.8299999237060547,3.890000104904175,3.7300000190734863,3.7699999809265137,94600,0.0,0.0
2024-01-08 00:00:00-05:00,3.680000066757202,3.799999952316284,3.6500000953674316,3.740000009536743,65700,0.0,0.0
2024-01-09 00:00:00-05:00,3.680000066757202,3.799999952316284,3.680000066757202,3.7200000286102295,85600,0.0,0.0
2024-01-10 00:00:00-05:00,3.690000057220459,3.7679998874664307,3.549999952316284,3.559999942779541,67400,0.0,0.0
2024-01-11 00:00:00-05:00,3.5999999046325684,3.8299999237060547,3.5899999141693115,3.6600000858306885,119700,0.0,0.0
2024-01-12 00:00:00-05:00,3.6600000858306885,3.799999952316284,3.6600000858306885,3.75,72500,0.0,0.0
2024-01-16 00:00:00-05:00,3.7200000286102295,3.759999990463257,3.549999952316284,3.5899999141693115,54800,0.0,0.0
2024-01-17 00:00:00-05:00,3.490000009536743,3.5399999618530273,3.359999895095825,3.509999990463257,108200,0.0,0.0
2024-01-18 00:00:00-05:00,3.509999990463257,3.5450000762939453,3.3499999046325684,3.380000114440918,89100,0.0,0.0
2024-01-19 00:00:00-05:00,3.3399999141693115,3.3580000400543213,3.049999952316284,3.0799999237060547,170900,0.0,0.0
2024-01-22 00:00:00-05:00,3.0,3.140000104904175,2.940000057220459,3.119999885559082,147900,0.0,0.0
2024-01-23 00:00:00-05:00,3.200000047683716,3.4000000953674316,3.200000047683716,3.3299999237060547,137600,0.0,0.0
2024-01-24 00:00:00-05:00,3.4100000858306885,3.490999937057495,3.2200000286102295,3.359999895095825,225600,0.0,0.0
2024-01-25 00:00:00-05:00,3.380000114440918,3.5989999771118164,3.359999895095825,3.440000057220459,144500,0.0,0.0
2024-01-26 00:00:00-05:00,3.4200000762939453,3.5,3.4100000858306885,3.450000047683716,59300,0.0,0.0
2024-01-29 00:00:00-05:00,3.430000066757202,3.5199999809265137,3.119999885559082,3.4800000190734863,163800,0.0,0.0
2024-01-30 00:00:00-05:00,3.4000000953674316,3.5299999713897705,3.2200000286102295,3.2699999809265137,156600,0.0,0.0
2024-01-31 00:00:00-05:00,3.25,3.490000009536743,3.25,3.4100000858306885,75700,0.0,0.0
2024-02-01 00:00:00-05:00,3.440000057220459,3.440000057220459,3.369999885559082,3.4100000858306885,57500,0.0,0.0
2024-02-02 00:00:00-05:00,3.3399999141693115,3.555000066757202,3.3299999237060547,3.450000047683716,92900,0.0,0.0
2024-02-05 00:00:00-05:00,3.4600000381469727,3.4760000705718994,3.299999952316284,3.359999895095825,71400,0.0,0.0
2024-02-06 00:00:00-05:00,3.509999990463257,3.740000009536743,3.4600000381469727,3.609999895095825,172000,0.0,0.0
2024-02-07 00:00:00-05:00,3.569999933242798,3.8399999141693115,3.549999952316284,3.6500000953674316,161400,0.0,0.0
2024-02-08 00:00:00-05:00,3.799999952316284,3.819999933242798,3.450000047683716,3.4600000381469727,287600,0.0,0.0
2024-02-09 00:00:00-05:00,3.5,3.9000000953674316,3.5,3.8399999141693115,114600,0.0,0.0
2024-02-12 00:00:00-05:00,3.8399999141693115,4.498000144958496,3.8399999141693115,4.389999866485596,345100,0.0,0.0
2024-02-13 00:00:00-05:00,4.210000038146973,4.260000228881836,3.8929998874664307,4.019999980926514,247700,0.0,0.0
2024-02-14 00:00:00-05:00,4.079999923706055,4.199999809265137,4.079999923706055,4.199999809265137,91400,0.0,0.0
2024-02-15 00:00:00-05:00,4.230000019073486,4.349999904632568,4.159999847412109,4.239999771118164,147200,0.0,0.0
2024-02-16 00:00:00-05:00,4.289999961853027,4.355000019073486,4.170000076293945,4.199999809265137,167000,0.0,0.0
2024-02-20 00:00:00-05:00,4.110000133514404,4.179999828338623,3.8499999046325684,3.9600000381469727,186100,0.0,0.0
2024-02-21 00:00:00-05:00,4.019999980926514,4.079999923706055,3.890000104904175,3.930000066757202,124400,0.0,0.0
2024-02-22 00:00:00-05:00,4.010000228881836,4.179999828338623,3.924999952316284,4.079999923706055,155600,0.0,0.0
2024-02-23 00:00:00-05:00,4.099999904632568,4.215000152587891,4.039000034332275,4.130000114440918,169500,0.0,0.0
2024-02-26 00:00:00-05:00,4.190000057220459,4.28000020980835,4.110000133514404,4.179999828338623,151800,0.0,0.0
2024-02-27 00:00:00-05:00,4.239999771118164,4.75,4.239999771118164,4.650000095367432,488900,0.0,0.0
2024-02-28 00:00:00-05:00,4.519999980926514,4.599999904632568,4.340000152587891,4.599999904632568,212200,0.0,0.0
2024-02-29 00:00:00-05:00,4.420000076293945,4.650000095367432,4.309999942779541,4.360000133514404,1594700,0.0,0.0
2024-03-01 00:00:00-05:00,4.480000019073486,4.5,4.159999847412109,4.360000133514404,241200,0.0,0.0
2024-03-04 00:00:00-05:00,4.360000133514404,4.420000076293945,4.039999961853027,4.090000152587891,165200,0.0,0.0
2024-03-05 00:00:00-05:00,4.059999942779541,4.199999809265137,3.950000047683716,4.079999923706055,111100,0.0,0.0
2024-03-06 00:00:00-05:00,4.170000076293945,4.269999980926514,4.130000114440918,4.159999847412109,336700,0.0,0.0
2024-03-07 00:00:00-05:00,4.110000133514404,4.199999809265137,4.079999923706055,4.119999885559082,208900,0.0,0.0
2024-03-08 00:00:00-05:00,4.119999885559082,4.159999847412109,3.9000000953674316,3.950000047683716,111500,0.0,0.0
2024-03-11 00:00:00-04:00,3.990000009536743,4.099999904632568,3.9649999141693115,4.019999980926514,157100,0.0,0.0
2024-03-12 00:00:00-04:00,4.090000152587891,4.5,4.090000152587891,4.460000038146973,160100,0.0,0.0
2024-03-13 00:00:00-04:00,4.46999979019165,4.619999885559082,4.381999969482422,4.489999771118164,94200,0.0,0.0
2024-03-14 00:00:00-04:00,4.46999979019165,4.579999923706055,4.150000095367432,4.239999771118164,166600,0.0,0.0
2024-03-15 00:00:00-04:00,4.289999961853027,4.400000095367432,3.9700000286102295,4.019999980926514,140600,0.0,0.0
2024-03-18 00:00:00-04:00,4.039999961853027,4.139999866485596,3.890000104904175,4.0,61200,0.0,0.0
2024-03-19 00:00:00-04:00,3.9700000286102295,4.230000019073486,3.9000000953674316,4.139999866485596,91300,0.0,0.0
2024-03-20 00:00:00-04:00,4.099999904632568,4.210000038146973,4.079999923706055,4.099999904632568,50000,0.0,0.0
2024-03-21 00:00:00-04:00,4.139999866485596,4.210000038146973,4.019999980926514,4.019999980926514,59500,0.0,0.0
2024-03-22 00:00:00-04:00,4.0,4.079999923706055,3.9200000762939453,3.9600000381469727,98700,0.0,0.0
2024-03-25 00:00:00-04:00,3.9600000381469727,4.019999980926514,3.809999942779541,3.8399999141693115,101500,0.0,0.0
2024-03-26 00:00:00-04:00,3.8499999046325684,3.9600000381469727,3.8399999141693115,3.890000104904175,69900,0.0,0.0
2024-03-27 00:00:00-04:00,3.799999952316284,3.934999942779541,3.799999952316284,3.9000000953674316,44800,0.0,0.0
2024-03-28 00:00:00-04:00,3.880000114440918,4.079999923706055,3.880000114440918,4.019999980926514,59200,0.0,0.0
2024-04-01 00:00:00-04:00,4.050000190734863,4.199999809265137,4.050000190734863,4.150000095367432,79600,0.0,0.0
2024-04-02 00:00:00-04:00,4.059999942779541,4.178999900817871,3.950000047683716,3.9800000190734863,66800,0.0,0.0
2024-04-03 00:00:00-04:00,3.940000057220459,4.150000095367432,3.940000057220459,4.090000152587891,46500,0.0,0.0
2024-04-04 00:00:00-04:00,4.0,4.15500020980835,3.990000009536743,4.010000228881836,90700,0.0,0.0
2024-04-05 00:00:00-04:00,4.0,4.170000076293945,3.9700000286102295,4.010000228881836,43500,0.0,0.0
2024-04-08 00:00:00-04:00,4.070000171661377,4.09499979019165,3.9200000762939453,3.9800000190734863,59200,0.0,0.0
2024-04-09 00:00:00-04:00,4.019999980926514,4.199999809265137,3.9700000286102295,4.090000152587891,70500,0.0,0.0
2024-04-10 00:00:00-04:00,4.03000020980835,4.210999965667725,4.03000020980835,4.119999885559082,100800,0.0,0.0
2024-04-11 00:00:00-04:00,4.130000114440918,4.179999828338623,4.039999961853027,4.050000190734863,44500,0.0,0.0
2024-04-12 00:00:00-04:00,4.010000228881836,4.125,3.9600000381469727,3.990000009536743,66100,0.0,0.0
2024-04-15 00:00:00-04:00,4.010000228881836,4.019999980926514,3.6500000953674316,3.809999942779541,82800,0.0,0.0
2024-04-16 00:00:00-04:00,3.759999990463257,3.990000009536743,3.759999990463257,3.880000114440918,57600,0.0,0.0
2024-04-17 00:00:00-04:00,3.880000114440918,3.880000114440918,3.7109999656677246,3.759999990463257,59900,0.0,0.0
2024-04-18 00:00:00-04:00,3.799999952316284,3.799999952316284,3.559999942779541,3.569999933242798,93300,0.0,0.0
2024-04-19 00:00:00-04:00,3.5899999141693115,3.6700000762939453,3.5,3.549999952316284,132600,0.0,0.0
2024-04-22 00:00:00-04:00,3.5999999046325684,3.6500000953674316,3.5399999618530273,3.569999933242798,70900,0.0,0.0
2024-04-23 00:00:00-04:00,3.618000030517578,3.640000104904175,3.5999999046325684,3.5999999046325684,92400,0.0,0.0
2024-04-24 00:00:00-04:00,3.680000066757202,3.680000066757202,3.549999952316284,3.5899999141693115,116000,0.0,0.0
2024-04-25 00:00:00-04:00,3.5799999237060547,3.609999895095825,3.559999942779541,3.5899999141693115,84800,0.0,0.0
2024-04-26 00:00:00-04:00,3.6600000858306885,3.760999917984009,3.509999990463257,3.5199999809265137,143600,0.0,0.0
2024-04-29 00:00:00-04:00,3.5399999618530273,3.5899999141693115,3.4700000286102295,3.569999933242798,77700,0.0,0.0
2024-04-30 00:00:00-04:00,3.5399999618530273,3.559999942779541,3.490000009536743,3.5,62500,0.0,0.0
2024-05-01 00:00:00-04:00,3.510999917984009,3.6050000190734863,3.509999990463257,3.5299999713897705,100700,0.0,0.0
2024-05-02 00:00:00-04:00,3.640000104904175,3.688999891281128,3.5299999713897705,3.559999942779541,154900,0.0,0.0
2024-05-03 00:00:00-04:00,3.619999885559082,3.619999885559082,3.5399999618530273,3.5899999141693115,71100,0.0,0.0
2024-05-06 00:00:00-04:00,3.609999895095825,3.7750000953674316,3.5799999237060547,3.690000057220459,119500,0.0,0.0
2024-05-07 00:00:00-04:00,3.680000066757202,3.819999933242798,3.5799999237060547,3.619999885559082,92700,0.0,0.0
2024-05-08 00:00:00-04:00,3.619999885559082,3.7300000190734863,3.450000047683716,3.680000066757202,116500,0.0,0.0
2024-05-09 00:00:00-04:00,3.700000047683716,3.9100000858306885,3.700000047683716,3.7899999618530273,81900,0.0,0.0
2024-05-10 00:00:00-04:00,3.819999933242798,3.9200000762939453,3.759999990463257,3.8299999237060547,81800,0.0,0.0
2024-05-13 00:00:00-04:00,3.859999895095825,4.0,3.859999895095825,3.859999895095825,83600,0.0,0.0
2024-05-14 00:00:00-04:00,3.7699999809265137,4.03000020980835,3.7100000381469727,3.940000057220459,87500,0.0,0.0
2024-05-15 00:00:00-04:00,4.050000190734863,4.050000190734863,3.859999895095825,3.9000000953674316,61000,0.0,0.0
2024-05-16 00:00:00-04:00,3.9000000953674316,3.9800000190734863,3.825000047683716,3.940000057220459,86400,0.0,0.0
2024-05-17 00:00:00-04:00,3.950000047683716,3.950000047683716,3.7100000381469727,3.7100000381469727,161800,0.0,0.0
2024-05-20 00:00:00-04:00,3.690000057220459,3.8499999046325684,3.690000057220459,3.809999942779541,51000,0.0,0.0
2024-05-21 00:00:00-04:00,3.7300000190734863,3.815000057220459,3.7100000381469727,3.740000009536743,86600,0.0,0.0
2024-05-22 00:00:00-04:00,3.700000047683716,3.740999937057495,3.619999885559082,3.630000114440918,54800,0.0,0.0
2024-05-23 00:00:00-04:00,3.7100000381469727,3.7699999809265137,3.509999990463257,3.549999952316284,115100,0.0,0.0
2024-05-24 00:00:00-04:00,3.5899999141693115,3.8399999141693115,3.5899999141693115,3.6700000762939453,96800,0.0,0.0
2024-05-28 00:00:00-04:00,3.680000066757202,3.8299999237060547,3.559999942779541,3.630000114440918,142300,0.0,0.0
2024-05-29 00:00:00-04:00,3.549999952316284,3.9000000953674316,3.549999952316284,3.740000009536743,275600,0.0,0.0
2024-05-30 00:00:00-04:00,3.700000047683716,3.9000000953674316,3.680000066757202,3.819999933242798,68200,0.0,0.0
2024-05-31 00:00:00-04:00,3.7799999713897705,3.927999973297119,3.700000047683716,3.7300000190734863,53800,0.0,0.0
2024-06-03 00:00:00-04:00,3.759999990463257,3.869999885559082,3.690000057220459,3.809999942779541,100900,0.0,0.0
2024-06-04 00:00:00-04:00,3.799999952316284,3.880000114440918,3.7300000190734863,3.8299999237060547,81700,0.0,0.0
2024-06-05 00:00:00-04:00,3.8399999141693115,3.8399999141693115,3.700000047683716,3.75,42100,0.0,0.0
2024-06-06 00:00:00-04:00,3.7799999713897705,3.890000104904175,3.700000047683716,3.8399999141693115,53300,0.0,0.0
2024-06-07 00:00:00-04:00,3.799999952316284,3.809999942779541,3.680000066757202,3.7100000381469727,39200,0.0,0.0
2024-06-10 00:00:00-04:00,3.7300000190734863,3.7899999618530273,3.700000047683716,3.7200000286102295,29500,0.0,0.0
2024-06-11 00:00:00-04:00,3.6610000133514404,3.7899999618530273,3.640000104904175,3.690000057220459,50400,0.0,0.0
2024-06-12 00:00:00-04:00,3.690000057220459,3.819999933242798,3.690000057220459,3.7200000286102295,71800,0.0,0.0
2024-06-13 00:00:00-04:00,3.7699999809265137,3.8499999046325684,3.7100000381469727,3.75,83000,0.0,0.0
2024-06-14 00:00:00-04:00,3.700000047683716,3.828000068664551,3.6600000858306885,3.7100000381469727,77000,0.0,0.0
2024-06-17 00:00:00-04:00,3.680000066757202,3.7100000381469727,3.640000104904175,3.6700000762939453,42200,0.0,0.0
2024-06-18 00:00:00-04:00,3.630000114440918,3.700000047683716,3.5899999141693115,3.640000104904175,58100,0.0,0.0
2024-06-20 00:00:00-04:00,3.5999999046325684,3.7699999809265137,3.5899999141693115,3.6600000858306885,108800,0.0,0.0
2024-06-21 00:00:00-04:00,3.630000114440918,3.7799999713897705,3.5999999046325684,3.619999885559082,76400,0.0,0.0
2024-06-24 00:00:00-04:00,3.5899999141693115,3.690000057220459,3.5899999141693115,3.6500000953674316,43300,0.0,0.0
2024-06-25 00:00:00-04:00,3.609999895095825,3.8299999237060547,3.609999895095825,3.690000057220459,64500,0.0,0.0
2024-06-26 00:00:00-04:00,3.640000104904175,3.8499999046325684,3.509999990463257,3.7799999713897705,94900,0.0,0.0
2024-06-27 00:00:00-04:00,3.7699999809265137,3.9000000953674316,3.700000047683716,3.819999933242798,58400,0.0,0.0
2024-06-28 00:00:00-04:00,3.7899999618530273,3.9200000762939453,3.7899999618530273,3.9200000762939453,77800,0.0,0.0
2024-07-01 00:00:00-04:00,3.809999942779541,3.9200000762939453,3.6500000953674316,3.819999933242798,71300,0.0,0.0
2024-07-02 00:00:00-04:00,3.819999933242798,3.819999933242798,3.630000114440918,3.6600000858306885,51700,0.0,0.0
2024-07-03 00:00:00-04:00,3.6700000762939453,3.9000000953674316,3.6700000762939453,3.8299999237060547,69500,0.0,0.0
2024-07-05 00:00:00-04:00,3.7799999713897705,3.869999885559082,3.7799999713897705,3.799999952316284,53100,0.0,0.0
2024-07-08 00:00:00-04:00,3.8299999237060547,3.8499999046325684,3.700000047683716,3.7300000190734863,19100,0.0,0.0
2024-07-09 00:00:00-04:00,3.700000047683716,3.740000009536743,3.630000114440918,3.6500000953674316,96900,0.0,0.0
2024-07-10 00:00:00-04:00,3.6500000953674316,3.6600000858306885,3.5799999237060547,3.5999999046325684,50300,0.0,0.0
2024-07-11 00:00:00-04:00,3.6500000953674316,3.809999942779541,3.6500000953674316,3.6700000762939453,92000,0.0,0.0
2024-07-12 00:00:00-04:00,3.7200000286102295,3.75,3.700000047683716,3.7200000286102295,17300,0.0,0.0
2024-07-15 00:00:00-04:00,3.759999990463257,3.819999933242798,3.6600000858306885,3.7300000190734863,52200,0.0,0.0
2024-07-16 00:00:00-04:00,3.700000047683716,3.7730000019073486,3.619999885559082,3.6500000953674316,30400,0.0,0.0
2024-07-17 00:00:00-04:00,3.6500000953674316,3.75,3.549999952316284,3.680000066757202,66900,0.0,0.0
2024-07-18 00:00:00-04:00,3.621000051498413,3.690000057220459,3.5899999141693115,3.5899999141693115,45200,0.0,0.0
2024-07-19 00:00:00-04:00,3.5999999046325684,3.7200000286102295,3.5199999809265137,3.569999933242798,34900,0.0,0.0
2024-07-22 00:00:00-04:00,3.609999895095825,3.740000009536743,3.569999933242798,3.630000114440918,60400,0.0,0.0
2024-07-23 00:00:00-04:00,3.6500000953674316,3.6600000858306885,3.569999933242798,3.5999999046325684,15000,0.0,0.0
2024-07-24 00:00:00-04:00,3.6019999980926514,3.619999885559082,3.559999942779541,3.569999933242798,18600,0.0,0.0
2024-07-25 00:00:00-04:00,3.5899999141693115,3.7300000190734863,3.5899999141693115,3.5899999141693115,61900,0.0,0.0
2024-07-26 00:00:00-04:00,3.5799999237060547,3.630000114440918,3.380000114440918,3.4700000286102295,113900,0.0,0.0
2024-07-29 00:00:00-04:00,3.490000009536743,3.5450000762939453,3.430000066757202,3.4600000381469727,58800,0.0,0.0
2024-07-30 00:00:00-04:00,3.4700000286102295,3.4700000286102295,2.859999895095825,3.2699999809265137,250800,0.0,0.0
2024-07-31 00:00:00-04:00,3.3299999237060547,3.3299999237060547,3.0399999618530273,3.0999999046325684,263900,0.0,0.0
2024-08-01 00:00:00-04:00,3.130000114440918,3.130000114440918,3.015000104904175,3.049999952316284,160300,0.0,0.0
2024-08-02 00:00:00-04:00,3.0399999618530273,3.490000009536743,3.0,3.3499999046325684,165200,0.0,0.0
2024-08-05 00:00:00-04:00,3.2300000190734863,3.630000114440918,3.1700000762939453,3.569999933242798,112100,0.0,0.0
2024-08-06 00:00:00-04:00,3.569999933242798,3.819999933242798,3.569999933242798,3.690000057220459,118900,0.0,0.0
2024-08-07 00:00:00-04:00,3.75,3.75,3.5199999809265137,3.5299999713897705,58200,0.0,0.0
2024-08-08 00:00:00-04:00,3.5899999141693115,3.5899999141693115,3.390000104904175,3.430000066757202,29100,0.0,0.0
2024-08-09 00:00:00-04:00,3.359999895095825,3.5299999713897705,3.3499999046325684,3.430000066757202,16400,0.0,0.0
2024-08-12 00:00:00-04:00,3.4000000953674316,3.4700000286102295,3.390000104904175,3.4000000953674316,13700,0.0,0.0
2024-08-13 00:00:00-04:00,3.369999885559082,3.4600000381469727,3.319999933242798,3.359999895095825,16600,0.0,0.0
2024-08-14 00:00:00-04:00,3.4049999713897705,3.5399999618530273,3.359999895095825,3.450000047683716,52400,0.0,0.0
2024-08-15 00:00:00-04:00,3.380000114440918,3.5,3.2049999237060547,3.4100000858306885,66700,0.0,0.0
2024-08-16 00:00:00-04:00,3.390000104904175,3.5299999713897705,3.390000104904175,3.4100000858306885,45300,0.0,0.0
2024-08-19 00:00:00-04:00,3.4000000953674316,3.5199999809265137,3.390000104904175,3.4700000286102295,69600,0.0,0.0
2024-08-20 00:00:00-04:00,3.490000009536743,3.5199999809265137,3.381999969482422,3.4700000286102295,33600,0.0,0.0
2024-08-21 00:00:00-04:00,3.509999990463257,3.680000066757202,3.5,3.680000066757202,71300,0.0,0.0
2024-08-22 00:00:00-04:00,3.5,3.740000009536743,3.0999999046325684,3.3499999046325684,82500,0.0,0.0
2024-08-23 00:00:00-04:00,3.2899999618530273,3.5399999618530273,3.190000057220459,3.440000057220459,55100,0.0,0.0
2024-08-26 00:00:00-04:00,3.390000104904175,3.390000104904175,3.0299999713897705,3.2200000286102295,159700,0.0,0.0
2024-08-27 00:00:00-04:00,3.1549999713897705,3.2899999618530273,3.1549999713897705,3.265000104904175,77600,0.0,0.0
2024-08-28 00:00:00-04:00,3.299999952316284,3.359999895095825,3.1500000953674316,3.1600000858306885,75300,0.0,0.0
2024-08-29 00:00:00-04:00,3.2100000381469727,3.309999942779541,3.069999933242798,3.2100000381469727,74700,0.0,0.0
2024-08-30 00:00:00-04:00,3.2200000286102295,3.359999895095825,3.2200000286102295,3.299999952316284,52800,0.0,0.0
2024-09-03 00:00:00-04:00,3.240000009536743,3.2899999618530273,3.109999895095825,3.130000114440918,46400,0.0,0.0
2024-09-04 00:00:00-04:00,3.1500000953674316,3.1500000953674316,3.0999999046325684,3.130000114440918,9000,0.0,0.0
2024-09-05 00:00:00-04:00,3.1549999713897705,3.180000066757202,3.0399999618530273,3.049999952316284,26300,0.0,0.0
2024-09-06 00:00:00-04:00,3.119999885559082,3.450000047683716,3.119999885559082,3.369999885559082,105000,0.0,0.0
2024-09-09 00:00:00-04:00,3.359999895095825,3.359999895095825,3.2300000190734863,3.259999990463257,30300,0.0,0.0
2024-09-10 00:00:00-04:00,3.2300000190734863,3.299999952316284,3.200000047683716,3.240000009536743,14600,0.0,0.0
2024-09-11 00:00:00-04:00,3.2100000381469727,3.3499999046325684,3.194999933242798,3.2300000190734863,32500,0.0,0.0
2024-09-12 00:00:00-04:00,3.259999990463257,3.259999990463257,3.0799999237060547,3.0999999046325684,32800,0.0,0.0
2024-09-13 00:00:00-04:00,3.119999885559082,3.1700000762939453,3.0250000953674316,3.049999952316284,40100,0.0,0.0
2024-09-16 00:00:00-04:00,3.0299999713897705,3.069999933242798,3.0,3.009999990463257,35500,0.0,0.0
2024-09-17 00:00:00-04:00,3.0,3.3499999046325684,3.0,3.2200000286102295,54900,0.0,0.0
2024-09-18 00:00:00-04:00,3.190000057220459,3.2200000286102295,3.109999895095825,3.140000104904175,9900,0.0,0.0
2024-09-19 00:00:00-04:00,3.140000104904175,3.240000009536743,3.125,3.1500000953674316,67000,0.0,0.0
2024-09-20 00:00:00-04:00,3.119999885559082,3.1760001182556152,3.0,3.0199999809265137,159900,0.0,0.0
2024-09-23 00:00:00-04:00,3.049999952316284,3.25,3.049999952316284,3.130000114440918,92400,0.0,0.0
2024-09-24 00:00:00-04:00,3.25,3.3399999141693115,3.180000066757202,3.25,160700,0.0,0.0
2024-09-25 00:00:00-04:00,3.2699999809265137,3.2899999618530273,3.1500000953674316,3.2300000190734863,41400,0.0,0.0
2024-09-26 00:00:00-04:00,3.450000047683716,3.680000066757202,3.430000066757202,3.5,255600,0.0,0.0
2024-09-27 00:00:00-04:00,3.6500000953674316,3.9800000190734863,3.5799999237060547,3.9800000190734863,338400,0.0,0.0
2024-09-30 00:00:00-04:00,4.460000038146973,4.5,4.019999980926514,4.150000095367432,299800,0.0,0.0
2024-10-01 00:00:00-04:00,4.210000038146973,4.579999923706055,4.119999885559082,4.320000171661377,200800,0.0,0.0
2024-10-02 00:00:00-04:00,4.789999961853027,5.96999979019165,4.670000076293945,5.949999809265137,930000,0.0,0.0
2024-10-03 00:00:00-04:00,5.289999961853027,5.5,4.920000076293945,5.130000114440918,402500,0.0,0.0
2024-10-04 00:00:00-04:00,5.369999885559082,5.489999771118164,4.960000038146973,5.480000019073486,287100,0.0,0.0
2024-10-07 00:00:00-04:00,5.550000190734863,5.789999961853027,5.019999980926514,5.559999942779541,273100,0.0,0.0
2024-10-08 00:00:00-04:00,4.869999885559082,5.489999771118164,4.829999923706055,5.21999979019165,193300,0.0,0.0
2024-10-09 00:00:00-04:00,5.079999923706055,5.159999847412109,4.210000038146973,5.03000020980835,188200,0.0,0.0
2024-10-10 00:00:00-04:00,5.010000228881836,5.199999809265137,4.679999828338623,5.119999885559082,161000,0.0,0.0
2024-10-11 00:00:00-04:00,5.019999980926514,5.170000076293945,4.800000190734863,4.96999979019165,113300,0.0,0.0
2024-10-14 00:00:00-04:00,4.900000095367432,5.03000020980835,4.809999942779541,4.840000152587891,78600,0.0,0.0
2024-10-15 00:00:00-04:00,4.710000038146973,5.070000171661377,4.659999847412109,4.920000076293945,193200,0.0,0.0
2024-10-16 00:00:00-04:00,4.940000057220459,5.010000228881836,4.519999980926514,4.53000020980835,120800,0.0,0.0
2024-10-17 00:00:00-04:00,4.46999979019165,4.650000095367432,4.349999904632568,4.599999904632568,147000,0.0,0.0
2024-10-18 00:00:00-04:00,4.769999980926514,4.883999824523926,4.579999923706055,4.670000076293945,130700,0.0,0.0
2024-10-21 00:00:00-04:00,4.610000133514404,4.989999771118164,4.550000190734863,4.900000095367432,114400,0.0,0.0
2024-10-22 00:00:00-04:00,4.909999847412109,5.0,4.78000020980835,4.860000133514404,112500,0.0,0.0
2024-10-23 00:00:00-04:00,4.860000133514404,5.099999904632568,4.639999866485596,4.960000038146973,113200,0.0,0.0
2024-10-24 00:00:00-04:00,4.989999771118164,5.019999980926514,4.705999851226807,4.869999885559082,87300,0.0,0.0
2024-10-25 00:00:00-04:00,4.860000133514404,4.989999771118164,4.75,4.829999923706055,79700,0.0,0.0
2024-10-28 00:00:00-04:00,4.800000190734863,4.942999839782715,4.769999980926514,4.849999904632568,34400,0.0,0.0
2024-10-29 00:00:00-04:00,4.829999923706055,5.300000190734863,4.829999923706055,5.210000038146973,133100,0.0,0.0
2024-10-30 00:00:00-04:00,5.199999809265137,5.210000038146973,5.0,5.019999980926514,95300,0.0,0.0
2024-10-31 00:00:00-04:00,5.050000190734863,5.179999828338623,4.659999847412109,5.119999885559082,147800,0.0,0.0
2024-11-01 00:00:00-04:00,5.199999809265137,5.289999961853027,5.019999980926514,5.230000019073486,62400,0.0,0.0
2024-11-04 00:00:00-05:00,5.289999961853027,5.300000190734863,4.920000076293945,4.940000057220459,82100,0.0,0.0
2024-11-05 00:00:00-05:00,5.03000020980835,5.269999980926514,5.0,5.269999980926514,94600,0.0,0.0
2024-11-06 00:00:00-05:00,5.210000038146973,5.309999942779541,5.047999858856201,5.070000171661377,71100,0.0,0.0
2024-11-07 00:00:00-05:00,5.190000057220459,5.489999771118164,5.071000099182129,5.420000076293945,76300,0.0,0.0
2024-11-08 00:00:00-05:00,5.289999961853027,5.389999866485596,5.239999771118164,5.329999923706055,71000,0.0,0.0
2024-11-11 00:00:00-05:00,5.329999923706055,5.449999809265137,5.21999979019165,5.369999885559082,80800,0.0,0.0
2024-11-12 00:00:00-05:00,5.230000019073486,5.360000133514404,5.066999912261963,5.170000076293945,64200,0.0,0.0
2024-11-13 00:00:00-05:00,5.260000228881836,5.298999786376953,4.75,4.829999923706055,79500,0.0,0.0
2024-11-14 00:00:00-05:00,4.840000152587891,5.110000133514404,4.539999961853027,4.949999809265137,80800,0.0,0.0
2024-11-15 00:00:00-05:00,5.019999980926514,5.019999980926514,4.760000228881836,4.869999885559082,48200,0.0,0.0
2024-11-18 00:00:00-05:00,4.889999866485596,5.179999828338623,4.769999980926514,5.039999961853027,115700,0.0,0.0
2024-11-19 00:00:00-05:00,5.059999942779541,5.190000057220459,4.949999809265137,5.099999904632568,51100,0.0,0.0
2024-11-20 00:00:00-05:00,5.159999847412109,5.389999866485596,5.110000133514404,5.260000228881836,90600,0.0,0.0
2024-11-21 00:00:00-05:00,5.239999771118164,5.309999942779541,5.050000190734863,5.210000038146973,74700,0.0,0.0
2024-11-22 00:00:00-05:00,5.119999885559082,5.25,4.900000095367432,5.179999828338623,75700,0.0,0.0
2024-11-25 00:00:00-05:00,5.150000095367432,5.349999904632568,4.989999771118164,5.300000190734863,79400,0.0,0.0
2024-11-26 00:00:00-05:00,5.349999904632568,6.349999904632568,5.224999904632568,6.110000133514404,371200,0.0,0.0
2024-11-27 00:00:00-05:00,6.130000114440918,7.1570000648498535,6.099999904632568,6.449999809265137,513700,0.0,0.0
2024-11-29 00:00:00-05:00,6.449999809265137,6.71999979019165,5.940000057220459,6.71999979019165,231100,0.0,0.0
2024-12-02 00:00:00-05:00,6.679999828338623,6.820000171661377,6.239999771118164,6.25,133000,0.0,0.0
2024-12-03 00:00:00-05:00,6.199999809265137,6.745999813079834,6.03000020980835,6.610000133514404,177400,0.0,0.0
2024-12-04 00:00:00-05:00,6.489999771118164,6.590000152587891,6.449999809265137,6.539999961853027,47800,0.0,0.0
2024-12-05 00:00:00-05:00,6.480000019073486,6.650000095367432,6.448999881744385,6.570000171661377,75400,0.0,0.0
2024-12-06 00:00:00-05:00,6.650000095367432,7.0,6.5,7.0,155000,0.0,0.0
2024-12-09 00:00:00-05:00,7.309999942779541,7.5,6.909999847412109,7.210000038146973,261600,0.0,0.0
2024-12-10 00:00:00-05:00,7.099999904632568,7.540999889373779,6.869999885559082,7.429999828338623,234100,0.0,0.0
2024-12-11 00:00:00-05:00,7.380000114440918,7.75,7.300000190734863,7.590000152587891,336900,0.0,0.0
2024-12-12 00:00:00-05:00,7.590000152587891,7.639999866485596,7.340000152587891,7.420000076293945,89300,0.0,0.0
2024-12-13 00:00:00-05:00,7.349999904632568,7.800000190734863,7.182000160217285,7.739999771118164,111500,0.0,0.0
2024-12-16 00:00:00-05:00,7.739999771118164,8.010000228881836,7.699999809265137,7.789999961853027,173800,0.0,0.0
2024-12-17 00:00:00-05:00,7.699999809265137,7.789999961853027,7.239999771118164,7.619999885559082,131500,0.0,0.0
2024-12-18 00:00:00-05:00,7.619999885559082,7.619999885559082,7.050000190734863,7.28000020980835,256500,0.0,0.0
2024-12-19 00:00:00-05:00,7.389999866485596,7.400000095367432,6.610000133514404,7.070000171661377,305600,0.0,0.0
2024-12-20 00:00:00-05:00,6.889999866485596,7.289000034332275,6.809999942779541,7.050000190734863,138000,0.0,0.0
2024-12-23 00:00:00-05:00,7.059999942779541,7.170000076293945,6.909999847412109,7.130000114440918,66300,0.0,0.0
2024-12-24 00:00:00-05:00,7.119999885559082,7.380000114440918,6.920000076293945,7.190000057220459,50600,0.0,0.0
2024-12-26 00:00:00-05:00,7.130000114440918,7.420000076293945,7.019999980926514,7.199999809265137,67800,0.0,0.0
2024-12-27 00:00:00-05:00,7.150000095367432,7.150000095367432,6.860000133514404,6.900000095367432,54200,0.0,0.0
2024-12-30 00:00:00-05:00,6.900000095367432,7.059999942779541,6.650000095367432,6.920000076293945,86700,0.0,0.0
2024-12-31 00:00:00-05:00,6.960000038146973,7.400000095367432,6.769999980926514,7.400000095367432,159000,0.0,0.0
2025-01-02 00:00:00-05:00,7.289999961853027,7.300000190734863,7.019999980926514,7.130000114440918,111900,0.0,0.0
2025-01-03 00:00:00-05:00,7.170000076293945,7.170000076293945,6.980000019073486,7.079999923706055,191600,0.0,0.0
2025-01-06 00:00:00-05:00,7.010000228881836,7.099999904632568,6.760000228881836,6.769999980926514,66300,0.0,0.0
2025-01-07 00:00:00-05:00,6.71999979019165,6.929999828338623,6.650000095367432,6.800000190734863,60800,0.0,0.0
2025-01-08 00:00:00-05:00,6.800000190734863,6.889999866485596,6.710000038146973,6.809999942779541,53100,0.0,0.0
2025-01-10 00:00:00-05:00,6.800000190734863,6.800000190734863,6.5,6.539999961853027,50500,0.0,0.0
2025-01-13 00:00:00-05:00,6.53000020980835,6.670000076293945,6.449999809265137,6.510000228881836,45100,0.0,0.0
2025-01-14 00:00:00-05:00,6.639999866485596,6.755000114440918,6.539999961853027,6.599999904632568,58200,0.0,0.0
2025-01-15 00:00:00-05:00,6.590000152587891,6.71999979019165,6.445000171661377,6.5,64900,0.0,0.0
2025-01-16 00:00:00-05:00,6.570000171661377,6.630000114440918,6.409999847412109,6.440000057220459,84700,0.0,0.0
2025-01-17 00:00:00-05:00,6.53000020980835,7.1570000648498535,6.429999828338623,7.079999923706055,77100,0.0,0.0
2025-01-21 00:00:00-05:00,7.119999885559082,7.28000020980835,6.920000076293945,6.96999979019165,79400,0.0,0.0
2025-01-22 00:00:00-05:00,6.920000076293945,7.065000057220459,6.764999866485596,6.869999885559082,63300,0.0,0.0
2025-01-23 00:00:00-05:00,6.78000020980835,7.0,6.570000171661377,6.960000038146973,70000,0.0,0.0
2025-01-24 00:00:00-05:00,7.010000228881836,7.119999885559082,7.010000228881836,7.079999923706055,34000,0.0,0.0
2025-01-27 00:00:00-05:00,7.099999904632568,8.0,7.070000171661377,7.599999904632568,119200,0.0,0.0
2025-01-28 00:00:00-05:00,7.619999885559082,7.75,7.190000057220459,7.559999942779541,67500,0.0,0.0
2025-01-29 00:00:00-05:00,7.599999904632568,8.069999694824219,7.340000152587891,7.920000076293945,79700,0.0,0.0
2025-01-30 00:00:00-05:00,7.960000038146973,8.0600004196167,7.565000057220459,7.789999961853027,95000,0.0,0.0
2025-01-31 00:00:00-05:00,7.755000114440918,8.300000190734863,7.755000114440918,8.050000190734863,57500,0.0,0.0
2025-02-03 00:00:00-05:00,7.679999828338623,8.829999923706055,7.019999980926514,8.050000190734863,134200,0.0,0.0
2025-02-04 00:00:00-05:00,8.15999984741211,8.789999961853027,8.149999618530273,8.479999542236328,97400,0.0,0.0
2025-02-05 00:00:00-05:00,8.520000457763672,8.920000076293945,8.29699993133545,8.720000267028809,78100,0.0,0.0
2025-02-06 00:00:00-05:00,9.220000267028809,9.220000267028809,7.53000020980835,8.039999961853027,376400,0.0,0.0
2025-02-07 00:00:00-05:00,8.039999961853027,8.255000114440918,7.769999980926514,7.829999923706055,207700,0.0,0.0
2025-02-10 00:00:00-05:00,7.96999979019165,11.819999694824219,7.949999809265137,11.100000381469727,1082900,0.0,0.0
2025-02-11 00:00:00-05:00,10.770000457763672,10.770000457763672,8.90999984741211,8.989999771118164,585800,0.0,0.0
2025-02-12 00:00:00-05:00,9.09000015258789,10.149999618530273,9.0600004196167,9.3100004196167,264800,0.0,0.0
2025-02-13 00:00:00-05:00,9.220000267028809,10.140000343322754,8.890000343322754,9.770000457763672,206100,0.0,0.0
2025-02-14 00:00:00-05:00,10.470000267028809,10.748000144958496,9.520000457763672,10.270000457763672,257900,0.0,0.0
2025-02-18 00:00:00-05:00,10.520000457763672,11.319999694824219,10.229999542236328,11.09000015258789,477400,0.0,0.0
2025-02-19 00:00:00-05:00,11.010000228881836,11.489999771118164,10.25,10.430000305175781,325900,0.0,0.0
2025-02-20 00:00:00-05:00,10.329999923706055,10.520000457763672,9.100000381469727,10.390000343322754,418200,0.0,0.0
2025-02-21 00:00:00-05:00,10.390000343322754,11.15999984741211,9.819999694824219,10.260000228881836,336300,0.0,0.0
2025-02-24 00:00:00-05:00,10.029999732971191,10.177000045776367,8.90999984741211,9.680000305175781,410100,0.0,0.0
2025-02-25 00:00:00-05:00,9.680000305175781,9.850000381469727,9.289999961853027,9.59000015258789,127200,0.0,0.0
2025-02-26 00:00:00-05:00,9.600000381469727,9.699999809265137,9.130000114440918,9.600000381469727,231900,0.0,0.0
2025-02-27 00:00:00-05:00,9.40999984741211,9.600000381469727,9.020000457763672,9.270000457763672,236100,0.0,0.0
2025-02-28 00:00:00-05:00,8.890000343322754,9.399999618530273,8.699999809265137,9.0,161000,0.0,0.0
2025-03-03 00:00:00-05:00,9.050000190734863,9.300000190734863,8.630000114440918,8.800000190734863,183500,0.0,0.0
2025-03-04 00:00:00-05:00,8.850000381469727,8.960000038146973,8.5,8.670000076293945,179400,0.0,0.0
2025-03-05 00:00:00-05:00,8.84000015258789,9.260000228881836,8.682000160217285,9.0600004196167,223900,0.0,0.0
2025-03-06 00:00:00-05:00,9.5,9.5,8.279999732971191,8.289999961853027,402900,0.0,0.0
2025-03-07 00:00:00-05:00,8.270000457763672,8.760000228881836,8.25,8.680000305175781,173400,0.0,0.0
2025-03-10 00:00:00-04:00,8.319999694824219,8.5,8.069999694824219,8.140000343322754,119200,0.0,0.0
2025-03-11 00:00:00-04:00,8.270000457763672,8.479999542236328,8.130000114440918,8.319999694824219,167900,0.0,0.0
2025-03-12 00:00:00-04:00,8.449999809265137,8.475000381469727,8.060999870300293,8.260000228881836,162400,0.0,0.0
2025-03-13 00:00:00-04:00,8.239999771118164,8.40999984741211,8.029999732971191,8.229999542236328,103700,0.0,0.0
2025-03-14 00:00:00-04:00,8.489999771118164,9.0,8.399999618530273,8.770000457763672,138400,0.0,0.0
2025-03-17 00:00:00-04:00,8.8100004196167,8.989999771118164,8.550000190734863,8.8100004196167,206200,0.0,0.0
2025-03-18 00:00:00-04:00,8.800000190734863,8.8100004196167,8.300000190734863,8.430000305175781,154500,0.0,0.0
2025-03-19 00:00:00-04:00,8.460000038146973,8.6850004196167,8.392999649047852,8.479999542236328,97500,0.0,0.0
2025-03-20 00:00:00-04:00,8.34000015258789,8.729999542236328,8.09000015258789,8.09000015258789,168300,0.0,0.0
2025-03-21 00:00:00-04:00,8.010000228881836,8.154999732971191,7.703000068664551,7.78000020980835,141400,0.0,0.0
2025-03-24 00:00:00-04:00,7.960000038146973,8.210000038146973,7.619999885559082,7.829999923706055,98500,0.0,0.0
2025-03-25 00:00:00-04:00,7.71999979019165,7.920000076293945,7.519999980926514,7.630000114440918,109900,0.0,0.0
2025-03-26 00:00:00-04:00,7.599999904632568,7.954999923706055,7.514999866485596,7.760000228881836,130800,0.0,0.0
2025-03-27 00:00:00-04:00,7.670000076293945,8.125,7.659999847412109,8.0600004196167,95200,0.0,0.0
2025-03-28 00:00:00-04:00,8.010000228881836,8.199999809265137,7.300000190734863,8.130000114440918,192500,0.0,0.0
2025-03-31 00:00:00-04:00,7.849999904632568,7.980000019073486,7.610000133514404,7.630000114440918,178900,0.0,0.0
2025-04-01 00:00:00-04:00,7.639999866485596,7.784999847412109,7.480000019073486,7.679999828338623,119700,0.0,0.0
2025-04-02 00:00:00-04:00,7.769999980926514,8.1899995803833,7.769999980926514,8.010000228881836,109000,0.0,0.0
2025-04-03 00:00:00-04:00,7.75,8.0,7.619999885559082,7.75,119500,0.0,0.0
2025-04-04 00:00:00-04:00,7.0,7.349999904632568,6.75,7.099999904632568,235900,0.0,0.0
2025-04-07 00:00:00-04:00,6.559999942779541,7.320000171661377,6.309999942779541,6.869999885559082,213700,0.0,0.0
2025-04-08 00:00:00-04:00,7.239999771118164,7.289999961853027,6.5,6.539999961853027,185300,0.0,0.0
2025-04-09 00:00:00-04:00,6.639999866485596,7.130000114440918,6.300000190734863,6.840000152587891,222900,0.0,0.0
2025-04-10 00:00:00-04:00,6.760000228881836,7.0,6.622000217437744,6.78000020980835,97400,0.0,0.0
2025-04-11 00:00:00-04:00,6.909999847412109,7.0,6.603000164031982,6.789999961853027,78400,0.0,0.0
2025-04-14 00:00:00-04:00,6.889999866485596,7.489999771118164,6.889999866485596,7.320000171661377,145200,0.0,0.0
2025-04-15 00:00:00-04:00,7.28000020980835,7.46999979019165,7.119999885559082,7.28000020980835,123700,0.0,0.0
2025-04-16 00:00:00-04:00,7.199999809265137,7.809999942779541,7.199999809265137,7.710000038146973,91100,0.0,0.0
2025-04-17 00:00:00-04:00,7.769999980926514,7.889999866485596,7.650000095367432,7.730000019073486,86200,0.0,0.0
2025-04-21 00:00:00-04:00,7.800000190734863,7.800000190734863,7.420000076293945,7.75,102400,0.0,0.0
2025-04-22 00:00:00-04:00,7.909999847412109,8.319999694824219,7.815000057220459,8.180000305175781,175000,0.0,0.0
2025-04-23 00:00:00-04:00,8.3100004196167,8.614999771118164,8.149999618530273,8.420000076293945,191800,0.0,0.0
2025-04-24 00:00:00-04:00,8.489999771118164,8.75,8.4399995803833,8.649999618530273,122000,0.0,0.0
2025-04-25 00:00:00-04:00,8.600000381469727,8.600000381469727,8.26200008392334,8.520000457763672,16100,0.0,0.0
2025-04-28 00:00:00-04:00,8.569999694824219,8.819999694824219,8.350000381469727,8.729999542236328,46800,0.0,0.0
2025-04-29 00:00:00-04:00,8.720000267028809,8.84000015258789,8.59000015258789,8.699999809265137,61900,0.0,0.0
2025-04-30 00:00:00-04:00,8.729999542236328,8.890000343322754,8.638999938964844,8.890000343322754,103500,0.0,0.0
2025-05-01 00:00:00-04:00,8.899999618530273,9.0,8.649999618530273,8.670000076293945,48900,0.0,0.0
2025-05-02 00:00:00-04:00,8.869999885559082,9.239999771118164,8.765000343322754,8.789999961853027,97300,0.0,0.0
2025-05-05 00:00:00-04:00,8.65999984741211,8.9399995803833,8.65999984741211,8.760000228881836,63200,0.0,0.0
2025-05-06 00:00:00-04:00,8.751999855041504,9.100000381469727,8.751999855041504,9.039999961853027,49300,0.0,0.0
2025-05-07 00:00:00-04:00,8.9399995803833,9.100000381469727,8.64900016784668,8.850000381469727,50800,0.0,0.0
2025-05-08 00:00:00-04:00,9.039999961853027,9.039999961853027,8.489999771118164,8.880000114440918,63600,0.0,0.0
2025-05-09 00:00:00-04:00,8.869999885559082,9.0,8.760000228881836,8.920000076293945,46400,0.0,0.0
2025-05-12 00:00:00-04:00,9.0,9.359999656677246,9.0,9.140000343322754,123900,0.0,0.0
2025-05-13 00:00:00-04:00,9.130000114440918,9.279999732971191,9.020000457763672,9.180000305175781,30000,0.0,0.0
2025-05-14 00:00:00-04:00,9.239999771118164,9.239999771118164,8.5,8.680000305175781,201700,0.0,0.0
2025-05-15 00:00:00-04:00,9.963000297546387,10.0,9.27299976348877,9.449999809265137,144500,0.0,0.0
2025-05-16 00:00:00-04:00,9.449999809265137,9.949999809265137,9.449999809265137,9.619999885559082,70600,0.0,0.0
2025-05-19 00:00:00-04:00,9.579999923706055,9.579999923706055,9.069999694824219,9.279999732971191,207900,0.0,0.0
2025-05-20 00:00:00-04:00,9.279999732971191,9.489999771118164,9.0649995803833,9.119999885559082,123300,0.0,0.0
2025-05-21 00:00:00-04:00,9.100000381469727,9.4350004196167,9.069999694824219,9.220000267028809,64000,0.0,0.0
2025-05-22 00:00:00-04:00,9.1899995803833,9.359999656677246,8.949999809265137,9.050000190734863,85700,0.0,0.0
2025-05-23 00:00:00-04:00,9.039999961853027,9.380000114440918,8.829999923706055,9.260000228881836,60300,0.0,0.0
2025-05-27 00:00:00-04:00,9.25,9.300000190734863,8.880000114440918,8.949999809265137,117800,0.0,0.0
2025-05-28 00:00:00-04:00,8.989999771118164,9.079999923706055,8.845000267028809,8.979999542236328,60600,0.0,0.0
2025-05-29 00:00:00-04:00,9.069999694824219,9.130000114440918,8.710000038146973,8.970000267028809,46300,0.0,0.0
2025-05-30 00:00:00-04:00,8.970000267028809,9.300000190734863,8.859999656677246,9.270000457763672,87300,0.0,0.0
2025-06-02 00:00:00-04:00,9.180000305175781,9.1899995803833,8.649999618530273,8.90999984741211,62900,0.0,0.0
2025-06-03 00:00:00-04:00,8.90999984741211,9.079999923706055,8.77299976348877,8.9399995803833,71600,0.0,0.0
2025-06-04 00:00:00-04:00,9.0,9.100000381469727,8.850000381469727,8.920000076293945,41500,0.0,0.0
2025-06-05 00:00:00-04:00,8.930000305175781,9.199999809265137,8.779999732971191,9.079999923706055,63200,0.0,0.0
2025-06-06 00:00:00-04:00,9.0600004196167,9.109999656677246,8.819999694824219,8.989999771118164,45100,0.0,0.0
2025-06-09 00:00:00-04:00,8.960000038146973,9.149999618530273,8.890000343322754,9.020000457763672,61000,0.0,0.0
2025-06-10 00:00:00-04:00,9.020000457763672,9.09000015258789,8.699999809265137,8.970000267028809,57100,0.0,0.0
2025-06-11 00:00:00-04:00,8.970000267028809,9.039999961853027,8.779999732971191,8.800000190734863,24300,0.0,0.0
2025-06-12 00:00:00-04:00,8.779999732971191,8.920000076293945,8.550000190734863,8.729999542236328,105200,0.0,0.0
2025-06-13 00:00:00-04:00,8.600000381469727,8.890000343322754,8.239999771118164,8.789999961853027,49000,0.0,0.0
2025-06-16 00:00:00-04:00,8.899999618530273,8.899999618530273,8.619999885559082,8.619999885559082,42200,0.0,0.0
2025-06-17 00:00:00-04:00,8.579999923706055,8.899999618530273,8.579999923706055,8.710000038146973,36000,0.0,0.0
2025-06-18 00:00:00-04:00,8.649999618530273,8.880000114440918,8.600000381469727,8.75,8900,0.0,0.0
2025-06-20 00:00:00-04:00,8.6899995803833,8.850000381469727,8.625,8.649999618530273,37400,0.0,0.0
2025-06-23 00:00:00-04:00,8.710000038146973,8.739999771118164,8.513999938964844,8.619999885559082,38800,0.0,0.0
2025-06-24 00:00:00-04:00,8.75,8.829999923706055,8.630000114440918,8.75,74800,0.0,0.0
2025-06-25 00:00:00-04:00,8.760000228881836,8.760000228881836,8.5,8.550000190734863,46900,0.0,0.0
2025-06-26 00:00:00-04:00,8.470000267028809,8.520000457763672,8.0,8.369999885559082,94100,0.0,0.0
2025-06-27 00:00:00-04:00,8.350000381469727,8.699999809265137,8.119999885559082,8.619999885559082,39600,0.0,0.0
2025-06-30 00:00:00-04:00,8.600000381469727,8.600000381469727,8.449999809265137,8.600000381469727,85000,0.0,0.0
2025-07-01 00:00:00-04:00,8.520000457763672,8.692999839782715,8.520000457763672,8.609999656677246,11700,0.0,0.0
2025-07-02 00:00:00-04:00,8.5600004196167,8.5600004196167,8.364999771118164,8.399999618530273,21300,0.0,0.0
2025-07-03 00:00:00-04:00,8.430000305175781,8.720000267028809,8.335000038146973,8.59000015258789,43000,0.0,0.0
2025-07-07 00:00:00-04:00,8.569999694824219,8.789999961853027,8.5,8.710000038146973,39200,0.0,0.0
2025-07-08 00:00:00-04:00,8.779999732971191,8.859999656677246,8.729999542236328,8.789999961853027,70200,0.0,0.0
2025-07-09 00:00:00-04:00,8.760000228881836,8.859999656677246,8.699999809265137,8.859999656677246,24000,0.0,0.0
2025-07-10 00:00:00-04:00,8.859999656677246,8.880000114440918,8.760000228881836,8.819999694824219,47100,0.0,0.0
2025-07-11 00:00:00-04:00,8.8100004196167,8.850000381469727,8.5600004196167,8.770000457763672,38500,0.0,0.0
2025-07-14 00:00:00-04:00,8.819999694824219,8.859999656677246,8.680000305175781,8.829999923706055,28700,0.0,0.0
2025-07-15 00:00:00-04:00,8.880000114440918,8.880000114440918,8.699999809265137,8.880000114440918,103700,0.0,0.0
2025-07-16 00:00:00-04:00,8.850000381469727,8.859999656677246,8.819999694824219,8.859999656677246,43400,0.0,0.0
2025-07-17 00:00:00-04:00,8.819999694824219,8.880000114440918,8.739999771118164,8.859999656677246,48900,0.0,0.0
2025-07-18 00:00:00-04:00,8.880000114440918,8.880000114440918,8.760000228881836,8.789999961853027,58700,0.0,0.0
2025-07-21 00:00:00-04:00,8.819999694824219,8.880000114440918,8.812999725341797,8.869999885559082,47800,0.0,0.0
2025-07-22 00:00:00-04:00,8.880000114440918,8.880000114440918,8.770000457763672,8.8100004196167,94500,0.0,0.0
2025-07-23 00:00:00-04:00,8.869999885559082,8.869999885559082,8.710000038146973,8.75,24700,0.0,0.0
2025-07-24 00:00:00-04:00,8.789999961853027,8.800000190734863,8.569999694824219,8.75,44000,0.0,0.0
2025-07-25 00:00:00-04:00,8.739999771118164,8.739999771118164,8.65999984741211,8.720000267028809,7900,0.0,0.0
2025-07-28 00:00:00-04:00,8.6899995803833,8.843999862670898,8.550000190734863,8.710000038146973,48300,0.0,0.0
2025-07-29 00:00:00-04:00,8.680000305175781,8.880000114440918,8.680000305175781,8.819999694824219,56200,0.0,0.0
2025-07-30 00:00:00-04:00,8.8100004196167,8.880000114440918,8.609999656677246,8.649999618530273,46500,0.0,0.0
2025-07-31 00:00:00-04:00,8.729999542236328,8.829999923706055,8.614999771118164,8.699999809265137,101800,0.0,0.0
2025-08-01 00:00:00-04:00,8.600000381469727,8.739999771118164,8.600000381469727,8.699999809265137,51900,0.0,0.0
2025-08-04 00:00:00-04:00,8.71500015258789,8.880000114440918,8.670000076293945,8.869999885559082,324600,0.0,0.0
2025-08-05 00:00:00-04:00,8.800000190734863,8.829000473022461,8.779999732971191,8.8100004196167,90400,0.0,0.0
2025-08-06 00:00:00-04:00,8.789999961853027,8.800000190734863,8.760000228881836,8.800000190734863,37700,0.0,0.0
2025-08-07 00:00:00-04:00,8.8100004196167,8.8100004196167,8.699999809265137,8.75,14600,0.0,0.0
2025-08-08 00:00:00-04:00,8.789999961853027,8.800000190734863,8.779999732971191,8.779999732971191,49700,0.0,0.0
2025-08-11 00:00:00-04:00,8.779999732971191,8.800000190734863,8.600000381469727,8.789999961853027,77800,0.0,0.0
2025-08-12 00:00:00-04:00,8.800000190734863,8.880000114440918,8.779999732971191,8.880000114440918,107800,0.0,0.0
2025-08-13 00:00:00-04:00,8.829999923706055,8.880000114440918,8.829999923706055,8.880000114440918,127600,0.0,0.0
2025-08-14 00:00:00-04:00,8.880000114440918,9.800000190734863,8.8100004196167,9.760000228881836,511500,0.0,0.0
2025-08-15 00:00:00-04:00,9.789999961853027,10.600000381469727,9.609999656677246,10.050000190734863,167800,0.0,0.0
2025-08-18 00:00:00-04:00,9.9399995803833,10.0,9.300000190734863,9.350000381469727,170300,0.0,0.0
2025-08-19 00:00:00-04:00,9.199999809265137,9.494999885559082,9.100000381469727,9.100000381469727,72300,0.0,0.0
2025-08-20 00:00:00-04:00,9.130000114440918,9.239999771118164,9.0,9.149999618530273,88000,0.0,0.0
2025-08-21 00:00:00-04:00,9.149999618530273,9.300000190734863,8.930000305175781,9.180000305175781,76700,0.0,0.0
2025-08-22 00:00:00-04:00,9.199999809265137,9.300000190734863,9.050000190734863,9.079999923706055,122600,0.0,0.0
2025-08-25 00:00:00-04:00,9.09000015258789,9.09000015258789,8.75,8.930000305175781,174000,0.0,0.0
2025-08-26 00:00:00-04:00,8.899999618530273,9.149999618530273,8.864999771118164,9.119999885559082,74200,0.0,0.0
2025-08-27 00:00:00-04:00,9.079999923706055,9.079999923706055,8.699999809265137,8.710000038146973,95400,0.0,0.0
2025-08-28 00:00:00-04:00,8.720000267028809,8.949999809265137,8.710000038146973,8.930000305175781,56700,0.0,0.0
2025-08-29 00:00:00-04:00,8.979999542236328,9.140000343322754,8.829999923706055,8.970000267028809,94100,0.0,0.0
2025-09-02 00:00:00-04:00,8.890000343322754,8.890000343322754,8.430000305175781,8.449999809265137,47500,0.0,0.0
2025-09-03 00:00:00-04:00,8.449999809265137,8.800000190734863,8.300000190734863,8.720000267028809,121700,0.0,0.0
2025-09-04 00:00:00-04:00,8.710000038146973,8.805000305175781,8.350000381469727,8.350000381469727,54900,0.0,0.0
2025-09-05 00:00:00-04:00,8.4399995803833,8.779999732971191,8.4399995803833,8.720000267028809,81600,0.0,0.0
2025-09-08 00:00:00-04:00,8.770000457763672,8.817000389099121,8.5,8.699999809265137,57800,0.0,0.0
2025-09-09 00:00:00-04:00,8.630000114440918,9.0,8.630000114440918,8.979999542236328,64800,0.0,0.0
2025-09-10 00:00:00-04:00,9.0,9.0,8.795000076293945,8.920000076293945,64000,0.0,0.0
2025-09-11 00:00:00-04:00,9.0,9.0,8.6899995803833,8.899999618530273,36200,0.0,0.0
2025-09-12 00:00:00-04:00,8.850000381469727,8.90999984741211,8.8100004196167,8.859999656677246,12700,0.0,0.0
2025-09-15 00:00:00-04:00,8.829999923706055,8.984999656677246,8.720000267028809,8.890000343322754,52700,0.0,0.0
2025-09-16 00:00:00-04:00,8.763999938964844,8.869999885559082,8.755000114440918,8.8100004196167,25000,0.0,0.0
2025-09-17 00:00:00-04:00,8.869999885559082,8.90999984741211,8.75,8.819999694824219,165300,0.0,0.0
2025-09-18 00:00:00-04:00,8.829999923706055,8.899999618530273,8.760000228881836,8.880000114440918,66300,0.0,0.0
2025-09-19 00:00:00-04:00,8.899999618530273,8.970000267028809,8.8100004196167,8.850000381469727,116700,0.0,0.0
2025-09-22 00:00:00-04:00,8.890000343322754,9.475000381469727,8.890000343322754,9.149999618530273,115900,0.0,0.0
2025-09-23 00:00:00-04:00,9.170000076293945,9.449999809265137,9.100000381469727,9.380000114440918,74900,0.0,0.0
2025-09-24 00:00:00-04:00,9.300000190734863,9.3149995803833,9.199999809265137,9.270000457763672,133000,0.0,0.0
2025-09-25 00:00:00-04:00,9.279999732971191,9.420000076293945,9.199999809265137,9.289999961853027,131500,0.0,0.0
2025-09-26 00:00:00-04:00,9.359999656677246,9.470000267028809,9.289999961853027,9.470000267028809,103100,0.0,0.0
2025-09-29 00:00:00-04:00,9.470000267028809,9.890000343322754,9.430000305175781,9.859999656677246,166400,0.0,0.0
2025-09-30 00:00:00-04:00,9.979999542236328,9.979999542236328,9.59000015258789,9.9399995803833,134800,0.0,0.0
2025-10-01 00:00:00-04:00,9.930000305175781,9.930000305175781,9.60099983215332,9.699999809265137,28500,0.0,0.0
2025-10-02 00:00:00-04:00,9.6899995803833,9.779999732971191,9.48900032043457,9.770000457763672,29100,0.0,0.0
2025-10-03 00:00:00-04:00,9.779999732971191,9.819999694824219,9.569999694824219,9.609999656677246,58300,0.0,0.0
2025-10-06 00:00:00-04:00,9.600000381469727,10.399999618530273,9.40999984741211,10.289999961853027,139700,0.0,0.0
2025-10-07 00:00:00-04:00,10.329999923706055,10.329999923706055,10.055000305175781,10.15999984741211,25600,0.0,0.0
2025-10-08 00:00:00-04:00,10.149999618530273,11.0,10.149999618530273,10.949999809265137,156600,0.0,0.0
2025-10-09 00:00:00-04:00,10.949999809265137,10.949999809265137,10.635000228881836,10.729999542236328,31500,0.0,0.0
2025-10-10 00:00:00-04:00,10.779999732971191,11.479999542236328,10.420000076293945,10.720000267028809,135000,0.0,0.0
2025-10-13 00:00:00-04:00,10.850000381469727,11.229999542236328,10.600000381469727,11.010000228881836,131700,0.0,0.0
2025-10-14 00:00:00-04:00,10.859999656677246,11.454999923706055,10.739999771118164,11.34000015258789,107500,0.0,0.0
2025-10-15 00:00:00-04:00,11.380000114440918,11.5,11.149999618530273,11.210000038146973,119100,0.0,0.0
2025-10-16 00:00:00-04:00,11.279999732971191,11.479999542236328,10.859999656677246,11.380000114440918,88100,0.0,0.0
2025-10-17 00:00:00-04:00,11.270000457763672,11.475000381469727,10.960000038146973,11.0,190200,0.0,0.0
2025-10-20 00:00:00-04:00,10.890000343322754,11.350000381469727,10.829999923706055,11.1899995803833,76000,0.0,0.0
2025-10-21 00:00:00-04:00,11.229999542236328,11.369999885559082,10.6850004196167,10.890000343322754,110800,0.0,0.0
2025-10-22 00:00:00-04:00,10.90999984741211,11.274999618530273,10.550000190734863,10.829999923706055,146000,0.0,0.0
2025-10-23 00:00:00-04:00,10.779999732971191,10.800000190734863,10.531999588012695,10.640000343322754,117300,0.0,0.0
2025-10-24 00:00:00-04:00,10.760000228881836,11.21500015258789,10.369999885559082,10.970000267028809,161300,0.0,0.0
2025-10-27 00:00:00-04:00,11.130000114440918,11.300000190734863,10.989999771118164,11.119999885559082,115400,0.0,0.0
2025-10-28 00:00:00-04:00,11.09000015258789,11.1899995803833,10.720000267028809,10.819999694824219,154800,0.0,0.0
2025-10-29 00:00:00-04:00,10.84000015258789,11.199999809265137,10.670000076293945,10.899999618530273,119500,0.0,0.0
2025-10-30 00:00:00-04:00,10.869999885559082,11.180000305175781,10.579999923706055,10.699999809265137,132900,0.0,0.0
2025-10-31 00:00:00-04:00,10.600000381469727,10.760000228881836,10.364999771118164,10.489999771118164,170700,0.0,0.0
2025-11-03 00:00:00-05:00,10.600000381469727,10.795000076293945,10.520000457763672,10.5600004196167,78300,0.0,0.0
2025-11-04 00:00:00-05:00,10.5600004196167,10.71500015258789,10.09000015258789,10.399999618530273,81200,0.0,0.0
2025-11-05 00:00:00-05:00,10.420000076293945,10.765000343322754,10.229999542236328,10.5,79700,0.0,0.0
2025-11-06 00:00:00-05:00,10.479999542236328,10.979999542236328,10.479999542236328,10.779999732971191,95000,0.0,0.0
2025-11-07 00:00:00-05:00,10.579999923706055,10.75,10.3149995803833,10.430000305175781,88500,0.0,0.0
2025-11-10 00:00:00-05:00,10.579999923706055,10.885000228881836,10.279999732971191,10.600000381469727,99200,0.0,0.0
2025-11-11 00:00:00-05:00,10.645999908447266,10.994999885559082,10.289999961853027,10.75,85800,0.0,0.0
2025-11-12 00:00:00-05:00,10.680000305175781,10.795000076293945,10.460000038146973,10.479999542236328,56600,0.0,0.0
2025-11-13 00:00:00-05:00,10.390000343322754,10.600000381469727,9.789999961853027,9.930000305175781,214900,0.0,0.0
2025-11-14 00:00:00-05:00,9.890000343322754,9.925000190734863,9.25,9.270000457763672,117700,0.0,0.0
2025-11-17 00:00:00-05:00,9.34000015258789,9.845000267028809,9.0,9.229999542236328,162900,0.0,0.0
2025-11-18 00:00:00-05:00,9.239999771118164,9.970000267028809,8.970000267028809,9.6899995803833,194200,0.0,0.0
2025-11-19 00:00:00-05:00,9.539999961853027,9.880000114440918,9.305000305175781,9.75,128300,0.0,0.0
2025-11-20 00:00:00-05:00,9.199999809265137,9.9399995803833,8.869999885559082,8.960000038146973,277600,0.0,0.0
2025-11-21 00:00:00-05:00,9.0600004196167,9.760000228881836,8.694999694824219,9.600000381469727,210800,0.0,0.0
2025-11-24 00:00:00-05:00,9.510000228881836,9.59000015258789,9.119999885559082,9.319999694824219,229100,0.0,0.0
2025-11-25 00:00:00-05:00,9.430000305175781,9.619999885559082,9.109999656677246,9.380000114440918,126900,0.0,0.0
2025-11-26 00:00:00-05:00,9.34000015258789,9.555000305175781,9.079999923706055,9.100000381469727,105100,0.0,0.0
2025-11-28 00:00:00-05:00,9.1899995803833,10.15999984741211,9.145000457763672,10.069999694824219,214900,0.0,0.0
2025-12-01 00:00:00-05:00,9.970000267028809,10.03499984741211,9.380000114440918,9.5600004196167,150200,0.0,0.0
2025-12-02 00:00:00-05:00,9.529999732971191,9.680000305175781,9.460000038146973,9.569999694824219,81400,0.0,0.0
2025-12-03 00:00:00-05:00,9.630000114440918,9.880000114440918,9.494999885559082,9.84000015258789,83300,0.0,0.0
2025-12-04 00:00:00-05:00,9.800000190734863,9.899999618530273,9.609999656677246,9.630000114440918,63100,0.0,0.0
2025-12-05 00:00:00-05:00,9.609999656677246,9.829999923706055,9.460000038146973,9.5,126500,0.0,0.0
2025-12-08 00:00:00-05:00,9.460000038146973,9.604999542236328,9.1899995803833,9.34000015258789,70500,0.0,0.0
2025-12-09 00:00:00-05:00,9.390000343322754,9.484999656677246,9.15999984741211,9.260000228881836,80500,0.0,0.0
2025-12-10 00:00:00-05:00,9.25,9.449000358581543,9.109999656677246,9.119999885559082,73200,0.0,0.0
2025-12-11 00:00:00-05:00,9.0600004196167,9.1850004196167,8.805000305175781,8.880000114440918,151100,0.0,0.0
2025-12-12 00:00:00-05:00,9.0,9.15999984741211,8.84000015258789,9.020000457763672,72800,0.0,0.0
2025-12-15 00:00:00-05:00,9.09000015258789,9.239999771118164,8.78499984741211,8.880000114440918,133300,0.0,0.0
2025-12-16 00:00:00-05:00,8.75,9.029999732971191,8.579999923706055,8.729999542236328,86000,0.0,0.0
2025-12-17 00:00:00-05:00,8.729999542236328,9.09000015258789,8.380000114440918,8.430000305175781,109700,0.0,0.0
2025-12-18 00:00:00-05:00,8.569999694824219,9.0600004196167,8.510000228881836,8.90999984741211,176100,0.0,0.0
2025-12-19 00:00:00-05:00,8.869999885559082,9.239999771118164,8.869999885559082,8.979999542236328,162600,0.0,0.0
2025-12-22 00:00:00-05:00,8.979999542236328,9.199999809265137,8.979999542236328,9.140000343322754,106300,0.0,0.0
2025-12-23 00:00:00-05:00,9.140000343322754,9.25,9.010000228881836,9.039999961853027,47900,0.0,0.0
2025-12-24 00:00:00-05:00,9.069999694824219,9.25,9.050000190734863,9.1899995803833,65100,0.0,0.0
2025-12-26 00:00:00-05:00,9.210000038146973,9.579999923706055,9.170000076293945,9.479999542236328,72500,0.0,0.0
2025-12-29 00:00:00-05:00,9.399999618530273,9.5,9.300000190734863,9.3100004196167,86200,0.0,0.0
2025-12-30 00:00:00-05:00,9.3100004196167,9.789999961853027,9.3100004196167,9.640000343322754,113000,0.0,0.0
2025-12-31 00:00:00-05:00,9.640000343322754,10.199999809265137,9.515000343322754,10.079999923706055,214700,0.0,0.0
2026-01-02 00:00:00-05:00,10.079999923706055,11.295000076293945,10.079999923706055,11.220000267028809,101200,0.0,0.0
2026-01-05 00:00:00-05:00,11.220000267028809,11.489999771118164,10.90999984741211,11.390000343322754,87000,0.0,0.0
2026-01-06 00:00:00-05:00,11.390000343322754,11.390000343322754,10.720000267028809,10.869999885559082,215600,0.0,0.0
2026-01-07 00:00:00-05:00,10.779999732971191,11.5,10.779999732971191,11.40999984741211,67000,0.0,0.0
2026-01-08 00:00:00-05:00,11.399999618530273,12.40999984741211,11.350000381469727,12.180000305175781,115500,0.0,0.0
2026-01-09 00:00:00-05:00,12.09000015258789,12.366999626159668,11.680000305175781,11.789999961853027,50000,0.0,0.0
2026-01-12 00:00:00-05:00,11.800000190734863,12.734999656677246,11.800000190734863,12.609999656677246,59700,0.0,0.0
2026-01-13 00:00:00-05:00,12.449999809265137,12.925000190734863,12.317000389099121,12.729999542236328,80400,0.0,0.0
2026-01-14 00:00:00-05:00,12.59000015258789,12.880000114440918,12.199999809265137,12.8100004196167,79300,0.0,0.0
2026-01-15 00:00:00-05:00,12.84000015258789,12.954999923706055,12.1899995803833,12.470000267028809,172900,0.0,0.0
2026-01-16 00:00:00-05:00,12.520000457763672,12.5649995803833,11.770000457763672,12.010000228881836,245300,0.0,0.0
2026-01-20 00:00:00-05:00,11.899999618530273,11.989999771118164,11.100000381469727,11.4399995803833,234500,0.0,0.0
2026-01-21 00:00:00-05:00,11.5600004196167,11.8100004196167,11.170000076293945,11.270000457763672,82400,0.0,0.0
2026-01-22 00:00:00-05:00,11.319999694824219,11.350000381469727,10.579999923706055,10.869999885559082,299000,0.0,0.0
2026-01-23 00:00:00-05:00,10.819999694824219,11.609999656677246,10.739999771118164,11.390000343322754,78000,0.0,0.0
2026-01-26 00:00:00-05:00,11.390000343322754,11.579999923706055,10.75,10.859999656677246,54900,0.0,0.0
2026-01-27 00:00:00-05:00,10.890000343322754,11.520000457763672,10.890000343322754,11.319999694824219,54700,0.0,0.0
2026-01-28 00:00:00-05:00,11.329999923706055,11.579999923706055,10.59000015258789,10.789999961853027,179100,0.0,0.0
2026-01-29 00:00:00-05:00,10.819999694824219,10.944999694824219,10.300000190734863,10.539999961853027,51900,0.0,0.0
2026-01-30 00:00:00-05:00,10.550000190734863,10.845000267028809,10.380000114440918,10.399999618530273,73000,0.0,0.0
2026-02-02 00:00:00-05:00,10.359999656677246,10.765000343322754,10.149999618530273,10.15999984741211,66400,0.0,0.0
2026-02-03 00:00:00-05:00,10.0,10.045000076293945,9.8100004196167,9.949999809265137,82400,0.0,0.0
2026-02-04 00:00:00-05:00,9.8100004196167,10.0649995803833,9.770000457763672,9.869999885559082,80800,0.0,0.0
2026-02-05 00:00:00-05:00,9.800000190734863,9.96500015258789,9.539999961853027,9.550000190734863,84900,0.0,0.0
2026-02-06 00:00:00-05:00,9.25,9.979999542236328,9.25,9.890000343322754,66800,0.0,0.0
2026-02-09 00:00:00-05:00,9.850000381469727,9.979999542236328,9.640000343322754,9.720000267028809,60300,0.0,0.0
2026-02-10 00:00:00-05:00,9.704999923706055,10.029999732971191,9.539999961853027,9.829999923706055,47500,0.0,0.0
2026-02-11 00:00:00-05:00,9.800000190734863,10.21500015258789,9.34000015258789,9.479999542236328,116200,0.0,0.0
2026-02-12 00:00:00-05:00,9.850000381469727,10.0,8.899999618530273,9.050000190734863,215700,0.0,0.0
2026-02-13 00:00:00-05:00,9.039999961853027,9.550000190734863,8.859999656677246,9.279999732971191,209200,0.0,0.0
2026-02-17 00:00:00-05:00,9.170000076293945,9.850000381469727,9.130000114440918,9.3100004196167,80300,0.0,0.0
2026-02-18 00:00:00-05:00,9.260000228881836,9.630000114440918,9.130000114440918,9.180000305175781,96700,0.0,0.0
2026-02-19 00:00:00-05:00,9.229999542236328,9.390000343322754,8.989999771118164,9.239999771118164,122400,0.0,0.0
2026-02-20 00:00:00-05:00,9.239999771118164,10.399999618530273,9.239999771118164,10.180000305175781,239300,0.0,0.0
2026-02-23 00:00:00-05:00,10.210000038146973,10.335000038146973,9.5600004196167,9.739999771118164,88700,0.0,0.0
2026-02-24 00:00:00-05:00,9.609999656677246,10.414999961853027,9.449999809265137,10.260000228881836,112100,0.0,0.0
2026-02-25 00:00:00-05:00,10.270000457763672,10.510000228881836,9.800000190734863,10.210000038146973,159600,0.0,0.0
2026-02-26 00:00:00-05:00,10.199999809265137,10.619999885559082,9.789999961853027,10.470000267028809,82200,0.0,0.0
2026-02-27 00:00:00-05:00,10.25,10.890000343322754,10.25,10.720000267028809,100600,0.0,0.0
2026-03-02 00:00:00-05:00,10.479999542236328,10.729999542236328,10.25,10.649999618530273,95300,0.0,0.0
2026-03-03 00:00:00-05:00,10.229999542236328,10.489999771118164,9.829999923706055,10.199999809265137,137800,0.0,0.0
2026-03-04 00:00:00-05:00,10.420000076293945,10.5600004196167,10.039999961853027,10.260000228881836,66100,0.0,0.0
2026-03-05 00:00:00-05:00,10.119999885559082,10.300000190734863,9.6899995803833,10.069999694824219,55700,0.0,0.0
2026-03-06 00:00:00-05:00,9.90999984741211,10.180000305175781,9.75,10.100000381469727,81600,0.0,0.0
2026-03-09 00:00:00-04:00,9.760000228881836,10.335000038146973,9.670000076293945,10.210000038146973,81200,0.0,0.0
2026-03-10 00:00:00-04:00,10.350000381469727,10.489999771118164,10.079999923706055,10.149999618530273,31600,0.0,0.0
2026-03-11 00:00:00-04:00,10.149999618530273,10.170000076293945,9.90999984741211,10.09000015258789,40700,0.0,0.0
2026-03-12 00:00:00-04:00,9.970000267028809,10.069999694824219,9.710000038146973,9.710000038146973,42300,0.0,0.0
2026-03-13 00:00:00-04:00,9.760000228881836,10.149999618530273,9.710000038146973,10.020000457763672,94000,0.0,0.0
2026-03-16 00:00:00-04:00,10.239999771118164,10.399999618530273,9.970000267028809,10.260000228881836,73100,0.0,0.0
2026-03-17 00:00:00-04:00,10.199999809265137,10.5,9.970000267028809,10.34000015258789,73900,0.0,0.0
2026-03-18 00:00:00-04:00,10.380000114440918,10.4399995803833,10.119999885559082,10.119999885559082,19700,0.0,0.0
2026-03-19 00:00:00-04:00,10.079999923706055,10.5,9.970000267028809,10.319999694824219,78900,0.0,0.0
2026-03-20 00:00:00-04:00,10.279999732971191,10.460000038146973,10.050000190734863,10.25,65700,0.0,0.0
2026-03-23 00:00:00-04:00,10.25,10.5,10.079999923706055,10.149999618530273,53400,0.0,0.0
2026-03-24 00:00:00-04:00,10.010000228881836,10.5,10.010000228881836,10.140000343322754,65300,0.0,0.0
2026-03-25 00:00:00-04:00,10.279999732971191,10.5,10.100000381469727,10.3100004196167,61500,0.0,0.0
2026-03-26 00:00:00-04:00,10.239999771118164,10.5,10.109999656677246,10.119999885559082,65600,0.0,0.0
2026-03-27 00:00:00-04:00,10.09000015258789,10.28499984741211,9.899999618530273,9.949999809265137,61200,0.0,0.0
2026-03-30 00:00:00-04:00,9.930000305175781,10.329999923706055,9.829999923706055,9.869999885559082,53100,0.0,0.0
2026-03-31 00:00:00-04:00,9.899999618530273,10.079999923706055,9.399999618530273,9.829999923706055,66400,0.0,0.0
2026-04-01 00:00:00-04:00,9.920000076293945,10.0,9.359999656677246,9.59000015258789,82200,0.0,0.0
2026-04-02 00:00:00-04:00,9.550000190734863,10.0600004196167,9.335000038146973,9.40999984741211,79100,0.0,0.0
2026-04-06 00:00:00-04:00,9.550000190734863,10.109999656677246,9.388999938964844,9.760000228881836,57900,0.0,0.0
2026-04-07 00:00:00-04:00,9.75,9.869999885559082,9.380000114440918,9.569999694824219,67500,0.0,0.0
2026-04-08 00:00:00-04:00,9.800000190734863,10.270000457763672,9.678999900817871,9.770000457763672,148100,0.0,0.0
2026-04-09 00:00:00-04:00,9.789999961853027,10.239999771118164,9.770000457763672,10.0,67900,0.0,0.0
2026-04-10 00:00:00-04:00,9.90999984741211,10.229999542236328,9.710000038146973,9.720000267028809,70400,0.0,0.0
2026-04-13 00:00:00-04:00,9.739999771118164,9.779999732971191,9.369999885559082,9.630000114440918,69200,0.0,0.0
2026-04-14 00:00:00-04:00,9.680000305175781,9.982999801635742,9.619999885559082,9.819999694824219,32300,0.0,0.0
2026-04-15 00:00:00-04:00,9.880000114440918,10.100000381469727,9.65999984741211,9.699999809265137,11600,0.0,0.0
2026-04-16 00:00:00-04:00,9.649999618530273,10.979999542236328,9.649999618530273,10.65999984741211,75900,0.0,0.0
2026-04-17 00:00:00-04:00,10.770000457763672,11.239999771118164,10.625,10.710000038146973,82200,0.0,0.0
2026-04-20 00:00:00-04:00,10.640000343322754,10.979999542236328,10.520000457763672,10.770000457763672,56700,0.0,0.0
2026-04-21 00:00:00-04:00,10.65999984741211,10.864999771118164,10.395000457763672,10.479999542236328,46800,0.0,0.0
2026-04-22 00:00:00-04:00,10.550000190734863,10.9399995803833,10.404999732971191,10.6899995803833,25252,0.0,0.0
