Date,Open,High,Low,Close,Volume,Dividends,Stock Splits
2022-01-03 00:00:00-05:00,13.520000457763672,13.979999542236328,13.329999923706055,13.869999885559082,513600,0.0,0.0
2022-01-04 00:00:00-05:00,13.960000038146973,13.970000267028809,13.520000457763672,13.59000015258789,524200,0.0,0.0
2022-01-05 00:00:00-05:00,13.720000267028809,13.859999656677246,13.34000015258789,13.359999656677246,764300,0.0,0.0
2022-01-06 00:00:00-05:00,13.319999694824219,13.649999618530273,13.050000190734863,13.319999694824219,556100,0.0,0.0
2022-01-07 00:00:00-05:00,13.329999923706055,13.470000267028809,13.079999923706055,13.25,839500,0.0,0.0
2022-01-10 00:00:00-05:00,13.210000038146973,13.25,12.600000381469727,13.020000457763672,737300,0.0,0.0
2022-01-11 00:00:00-05:00,13.0,13.180000305175781,12.710000038146973,13.109999656677246,606100,0.0,0.0
2022-01-12 00:00:00-05:00,13.3100004196167,13.489999771118164,13.130000114440918,13.279999732971191,463700,0.0,0.0
2022-01-13 00:00:00-05:00,13.350000381469727,13.399999618530273,12.880000114440918,12.920000076293945,528900,0.0,0.0
2022-01-14 00:00:00-05:00,12.800000190734863,12.989999771118164,12.479999542236328,12.779999732971191,940700,0.0,0.0
2022-01-18 00:00:00-05:00,12.529999732971191,13.1899995803833,12.449999809265137,13.010000228881836,1043600,0.0,0.0
2022-01-19 00:00:00-05:00,13.25,13.630000114440918,13.149999618530273,13.15999984741211,978800,0.0,0.0
2022-01-20 00:00:00-05:00,13.15999984741211,13.710000038146973,13.0,13.319999694824219,945300,0.0,0.0
2022-01-21 00:00:00-05:00,13.119999885559082,13.609999656677246,12.930000305175781,13.0,1087000,0.0,0.0
2022-01-24 00:00:00-05:00,12.680000305175781,12.880000114440918,11.760000228881836,12.789999961853027,1741100,0.0,0.0
2022-01-25 00:00:00-05:00,12.640000343322754,12.954999923706055,12.3100004196167,12.680000305175781,867200,0.0,0.0
2022-01-26 00:00:00-05:00,12.90999984741211,12.979999542236328,12.239999771118164,12.319999694824219,649600,0.0,0.0
2022-01-27 00:00:00-05:00,12.479999542236328,12.6899995803833,11.8100004196167,11.930000305175781,527200,0.0,0.0
2022-01-28 00:00:00-05:00,11.800000190734863,12.170000076293945,11.5600004196167,12.149999618530273,723900,0.0,0.0
2022-01-31 00:00:00-05:00,12.005999565124512,12.630000114440918,11.869999885559082,12.510000228881836,1088700,0.0,0.0
2022-02-01 00:00:00-05:00,12.680000305175781,12.699999809265137,12.345000267028809,12.5,585800,0.0,0.0
2022-02-02 00:00:00-05:00,12.635000228881836,12.635000228881836,12.149999618530273,12.3100004196167,478000,0.0,0.0
2022-02-03 00:00:00-05:00,12.079999923706055,12.168999671936035,11.845000267028809,11.890000343322754,599000,0.0,0.0
2022-02-04 00:00:00-05:00,11.869999885559082,12.1899995803833,11.760000228881836,12.079999923706055,653500,0.0,0.0
2022-02-07 00:00:00-05:00,12.069999694824219,12.430000305175781,11.90999984741211,11.970000267028809,1088000,0.0,0.0
2022-02-08 00:00:00-05:00,11.930000305175781,12.640000343322754,11.899999618530273,12.59000015258789,621600,0.0,0.0
2022-02-09 00:00:00-05:00,12.710000038146973,13.399999618530273,12.710000038146973,13.369999885559082,1022600,0.0,0.0
2022-02-10 00:00:00-05:00,13.119999885559082,13.619999885559082,13.079999923706055,13.100000381469727,1032600,0.0,0.0
2022-02-11 00:00:00-05:00,13.039999961853027,13.470000267028809,12.265000343322754,12.350000381469727,1172700,0.0,0.0
2022-02-14 00:00:00-05:00,12.350000381469727,12.869999885559082,12.255000114440918,12.520000457763672,825200,0.0,0.0
2022-02-15 00:00:00-05:00,12.640000343322754,12.880000114440918,12.600000381469727,12.8100004196167,631000,0.0,0.0
2022-02-16 00:00:00-05:00,12.619999885559082,12.84000015258789,12.5,12.6899995803833,817300,0.0,0.0
2022-02-17 00:00:00-05:00,12.529999732971191,12.600000381469727,12.260000228881836,12.359999656677246,665500,0.0,0.0
2022-02-18 00:00:00-05:00,12.520000457763672,12.520000457763672,11.869999885559082,11.90999984741211,1114200,0.0,0.0
2022-02-22 00:00:00-05:00,11.739999771118164,11.954999923706055,10.850000381469727,10.850000381469727,1524000,0.0,0.0
2022-02-23 00:00:00-05:00,7.300000190734863,9.510000228881836,7.28000020980835,9.460000038146973,7405000,0.0,0.0
2022-02-24 00:00:00-05:00,8.710000038146973,10.949999809265137,8.6899995803833,10.920000076293945,3429800,0.0,0.0
2022-02-25 00:00:00-05:00,10.90999984741211,11.229999542236328,10.630000114440918,11.140000343322754,1669400,0.0,0.0
2022-02-28 00:00:00-05:00,11.0,11.420000076293945,10.84000015258789,11.130000114440918,1253400,0.0,0.0
2022-03-01 00:00:00-05:00,11.029999732971191,11.050000190734863,10.199999809265137,10.25,1271800,0.0,0.0
2022-03-02 00:00:00-05:00,10.380000114440918,10.640000343322754,10.210000038146973,10.449999809265137,859600,0.0,0.0
2022-03-03 00:00:00-05:00,10.649999618530273,10.75,10.010000228881836,10.260000228881836,1105900,0.0,0.0
2022-03-04 00:00:00-05:00,10.029999732971191,10.380000114440918,9.920000076293945,10.050000190734863,921600,0.0,0.0
2022-03-07 00:00:00-05:00,10.010000228881836,10.25,9.880000114440918,9.930000305175781,1978900,0.0,0.0
2022-03-08 00:00:00-05:00,10.149999618530273,10.460000038146973,9.789999961853027,10.109999656677246,898900,0.0,0.0
2022-03-09 00:00:00-05:00,10.390000343322754,10.600000381469727,10.1899995803833,10.300000190734863,1170800,0.0,0.0
2022-03-10 00:00:00-05:00,10.029999732971191,10.5,10.029999732971191,10.380000114440918,940100,0.0,0.0
2022-03-11 00:00:00-05:00,10.460000038146973,10.529999732971191,9.979999542236328,9.979999542236328,1002100,0.0,0.0
2022-03-14 00:00:00-04:00,10.149999618530273,10.5,9.880000114440918,10.079999923706055,1080700,0.0,0.0
2022-03-15 00:00:00-04:00,10.149999618530273,10.5,10.069999694824219,10.380000114440918,771000,0.0,0.0
2022-03-16 00:00:00-04:00,10.510000228881836,11.130000114440918,10.260000228881836,11.100000381469727,1411600,0.0,0.0
2022-03-17 00:00:00-04:00,10.5,10.989999771118164,10.5,10.949999809265137,1445800,0.0,0.0
2022-03-18 00:00:00-04:00,10.920000076293945,11.359999656677246,10.8100004196167,11.239999771118164,2720100,0.0,0.0
2022-03-21 00:00:00-04:00,11.020000457763672,11.079999923706055,10.5,10.619999885559082,1402000,0.0,0.0
2022-03-22 00:00:00-04:00,10.65999984741211,11.180000305175781,10.65999984741211,10.9399995803833,1233800,0.0,0.0
2022-03-23 00:00:00-04:00,10.789999961853027,11.119999885559082,10.699999809265137,10.9399995803833,619000,0.0,0.0
2022-03-24 00:00:00-04:00,10.960000038146973,11.079999923706055,10.710000038146973,11.039999961853027,672100,0.0,0.0
2022-03-25 00:00:00-04:00,11.039999961853027,11.199999809265137,10.850000381469727,11.010000228881836,433800,0.0,0.0
2022-03-28 00:00:00-04:00,11.0,11.114999771118164,10.779999732971191,10.970000267028809,442500,0.0,0.0
2022-03-29 00:00:00-04:00,11.210000038146973,11.720000267028809,11.210000038146973,11.630000114440918,612400,0.0,0.0
2022-03-30 00:00:00-04:00,11.59000015258789,11.666999816894531,11.40999984741211,11.460000038146973,453600,0.0,0.0
2022-03-31 00:00:00-04:00,11.420000076293945,11.579999923706055,11.0600004196167,11.15999984741211,727200,0.0,0.0
2022-04-01 00:00:00-04:00,11.199999809265137,11.6899995803833,11.199999809265137,11.649999618530273,580400,0.0,0.0
2022-04-04 00:00:00-04:00,11.6899995803833,12.130000114440918,11.670000076293945,11.770000457763672,926900,0.0,0.0
2022-04-05 00:00:00-04:00,11.710000038146973,11.795000076293945,11.125,11.1899995803833,687000,0.0,0.0
2022-04-06 00:00:00-04:00,11.0,11.180000305175781,10.789999961853027,10.890000343322754,436300,0.0,0.0
2022-04-07 00:00:00-04:00,10.789999961853027,11.024999618530273,10.65999984741211,10.949999809265137,725200,0.0,0.0
2022-04-08 00:00:00-04:00,10.319999694824219,10.460000038146973,9.199999809265137,9.5,2135200,0.0,0.0
2022-04-11 00:00:00-04:00,9.5,10.100000381469727,9.329999923706055,9.930000305175781,963200,0.0,0.0
2022-04-12 00:00:00-04:00,10.029999732971191,10.329999923706055,9.664999961853027,9.84000015258789,1099500,0.0,0.0
2022-04-13 00:00:00-04:00,9.789999961853027,10.329999923706055,9.710000038146973,10.15999984741211,615600,0.0,0.0
2022-04-14 00:00:00-04:00,10.399999618530273,10.399999618530273,10.020000457763672,10.220000267028809,1112700,0.0,0.0
2022-04-18 00:00:00-04:00,10.149999618530273,10.289999961853027,9.9399995803833,10.0600004196167,596900,0.0,0.0
2022-04-19 00:00:00-04:00,9.989999771118164,10.520000457763672,9.989999771118164,10.430000305175781,615500,0.0,0.0
2022-04-20 00:00:00-04:00,10.520000457763672,10.75,10.300000190734863,10.520000457763672,584700,0.0,0.0
2022-04-21 00:00:00-04:00,10.600000381469727,10.779999732971191,10.329999923706055,10.449999809265137,639400,0.0,0.0
2022-04-22 00:00:00-04:00,10.359999656677246,10.489999771118164,9.954999923706055,10.010000228881836,441400,0.0,0.0
2022-04-25 00:00:00-04:00,9.90999984741211,10.390999794006348,9.890000343322754,10.319999694824219,416700,0.0,0.0
2022-04-26 00:00:00-04:00,10.020000457763672,10.130000114440918,9.859999656677246,9.930000305175781,675200,0.0,0.0
2022-04-27 00:00:00-04:00,10.0,10.180000305175781,9.75,9.930000305175781,667100,0.0,0.0
2022-04-28 00:00:00-04:00,10.149999618530273,10.359999656677246,9.859999656677246,10.220000267028809,414800,0.0,0.0
2022-04-29 00:00:00-04:00,10.149999618530273,10.369999885559082,9.770000457763672,9.890000343322754,796200,0.0,0.0
2022-05-02 00:00:00-04:00,9.869999885559082,10.270000457763672,9.739999771118164,10.239999771118164,550800,0.0,0.0
2022-05-03 00:00:00-04:00,10.25,10.460000038146973,10.050000190734863,10.329999923706055,370400,0.0,0.0
2022-05-04 00:00:00-04:00,10.359999656677246,10.420000076293945,9.8149995803833,10.369999885559082,563400,0.0,0.0
2022-05-05 00:00:00-04:00,10.119999885559082,10.15999984741211,9.819999694824219,10.09000015258789,912600,0.0,0.0
2022-05-06 00:00:00-04:00,10.050000190734863,10.109999656677246,9.699999809265137,9.789999961853027,771500,0.0,0.0
2022-05-09 00:00:00-04:00,9.600000381469727,9.805000305175781,9.109999656677246,9.170000076293945,1209800,0.0,0.0
2022-05-10 00:00:00-04:00,9.369999885559082,9.520000457763672,8.5600004196167,8.630000114440918,1408500,0.0,0.0
2022-05-11 00:00:00-04:00,9.0,9.239999771118164,8.109999656677246,8.170000076293945,2266600,0.0,0.0
2022-05-12 00:00:00-04:00,8.029999732971191,9.0,8.0,8.970000267028809,1269300,0.0,0.0
2022-05-13 00:00:00-04:00,9.09000015258789,9.789999961853027,8.954999923706055,9.539999961853027,665800,0.0,0.0
2022-05-16 00:00:00-04:00,9.430000305175781,9.699999809265137,9.164999961853027,9.210000038146973,823400,0.0,0.0
2022-05-17 00:00:00-04:00,9.300000190734863,9.630000114440918,9.25,9.529999732971191,506600,0.0,0.0
2022-05-18 00:00:00-04:00,9.3100004196167,9.5,8.989999771118164,9.170000076293945,477500,0.0,0.0
2022-05-19 00:00:00-04:00,9.079999923706055,9.609999656677246,9.079999923706055,9.300000190734863,585800,0.0,0.0
2022-05-20 00:00:00-04:00,9.5,9.529999732971191,8.899999618530273,9.140000343322754,742900,0.0,0.0
2022-05-23 00:00:00-04:00,9.229999542236328,9.229999542236328,8.600000381469727,8.65999984741211,1206600,0.0,0.0
2022-05-24 00:00:00-04:00,8.539999961853027,8.630000114440918,7.875,8.039999961853027,4075900,0.0,0.0
2022-05-25 00:00:00-04:00,8.069999694824219,8.664999961853027,8.039999961853027,8.640000343322754,1272100,0.0,0.0
2022-05-26 00:00:00-04:00,8.699999809265137,9.020000457763672,8.59000015258789,8.9399995803833,908600,0.0,0.0
2022-05-27 00:00:00-04:00,9.069999694824219,9.479999542236328,9.0600004196167,9.4399995803833,614000,0.0,0.0
2022-05-31 00:00:00-04:00,9.289999961853027,9.399999618530273,8.90999984741211,9.229999542236328,1317000,0.0,0.0
2022-06-01 00:00:00-04:00,9.239999771118164,9.390000343322754,8.899999618530273,8.9399995803833,719800,0.0,0.0
2022-06-02 00:00:00-04:00,8.960000038146973,9.430000305175781,8.9399995803833,9.260000228881836,639100,0.0,0.0
2022-06-03 00:00:00-04:00,9.119999885559082,9.119999885559082,8.6899995803833,8.760000228881836,811600,0.0,0.0
2022-06-06 00:00:00-04:00,8.920000076293945,9.079999923706055,8.720000267028809,8.779999732971191,648800,0.0,0.0
2022-06-07 00:00:00-04:00,8.65999984741211,8.819999694824219,8.539999961853027,8.770000457763672,464200,0.0,0.0
2022-06-08 00:00:00-04:00,8.729999542236328,8.807000160217285,8.430000305175781,8.449999809265137,440300,0.0,0.0
2022-06-09 00:00:00-04:00,8.350000381469727,8.350000381469727,7.940000057220459,7.949999809265137,443500,0.0,0.0
2022-06-10 00:00:00-04:00,7.789999961853027,7.940000057220459,7.539999961853027,7.619999885559082,872100,0.0,0.0
2022-06-13 00:00:00-04:00,7.289999961853027,7.440000057220459,6.449999809265137,6.460000038146973,917100,0.0,0.0
2022-06-14 00:00:00-04:00,6.800000190734863,6.800000190734863,6.210000038146973,6.590000152587891,1215300,0.0,0.0
2022-06-15 00:00:00-04:00,6.690000057220459,6.855000019073486,6.369999885559082,6.71999979019165,1795900,0.0,0.0
2022-06-16 00:00:00-04:00,6.409999847412109,6.489999771118164,5.992000102996826,6.070000171661377,1188400,0.0,0.0
2022-06-17 00:00:00-04:00,6.070000171661377,6.525000095367432,6.070000171661377,6.480000019073486,2494100,0.0,0.0
2022-06-21 00:00:00-04:00,6.599999904632568,6.72599983215332,6.425000190734863,6.460000038146973,966000,0.0,0.0
2022-06-22 00:00:00-04:00,6.349999904632568,6.599999904632568,6.320000171661377,6.340000152587891,826600,0.0,0.0
2022-06-23 00:00:00-04:00,6.360000133514404,6.849999904632568,6.28000020980835,6.849999904632568,1180800,0.0,0.0
2022-06-24 00:00:00-04:00,6.929999828338623,7.300000190734863,6.861999988555908,7.199999809265137,2136100,0.0,0.0
2022-06-27 00:00:00-04:00,7.260000228881836,7.304999828338623,6.920000076293945,7.260000228881836,1004100,0.0,0.0
2022-06-28 00:00:00-04:00,7.300000190734863,7.605000019073486,7.28000020980835,7.360000133514404,649300,0.0,0.0
2022-06-29 00:00:00-04:00,7.320000171661377,7.39900016784668,7.110000133514404,7.21999979019165,461600,0.0,0.0
2022-06-30 00:00:00-04:00,7.03000020980835,7.364999771118164,6.880000114440918,7.170000076293945,659800,0.0,0.0
2022-07-01 00:00:00-04:00,7.179999828338623,7.300000190734863,6.889999866485596,7.139999866485596,555700,0.0,0.0
2022-07-05 00:00:00-04:00,6.96999979019165,7.199999809265137,6.829999923706055,7.190000057220459,514700,0.0,0.0
2022-07-06 00:00:00-04:00,7.099999904632568,7.260000228881836,6.929999828338623,6.960000038146973,338200,0.0,0.0
2022-07-07 00:00:00-04:00,7.010000228881836,7.329999923706055,6.938000202178955,7.289999961853027,589700,0.0,0.0
2022-07-08 00:00:00-04:00,7.21999979019165,7.420000076293945,7.050000190734863,7.119999885559082,542000,0.0,0.0
2022-07-11 00:00:00-04:00,7.050000190734863,7.054999828338623,6.679999828338623,6.71999979019165,490300,0.0,0.0
2022-07-12 00:00:00-04:00,6.730000019073486,6.909999847412109,6.599999904632568,6.690000057220459,376100,0.0,0.0
2022-07-13 00:00:00-04:00,6.579999923706055,6.730000019073486,6.5,6.71999979019165,435000,0.0,0.0
2022-07-14 00:00:00-04:00,6.579999923706055,6.670000076293945,6.170000076293945,6.210000038146973,629400,0.0,0.0
2022-07-15 00:00:00-04:00,5.920000076293945,6.130000114440918,5.630000114440918,5.989999771118164,1432100,0.0,0.0
2022-07-18 00:00:00-04:00,6.090000152587891,6.300000190734863,5.989999771118164,6.019999980926514,825800,0.0,0.0
2022-07-19 00:00:00-04:00,6.199999809265137,6.795000076293945,6.190000057220459,6.75,1231600,0.0,0.0
2022-07-20 00:00:00-04:00,6.590000152587891,7.03000020980835,6.489999771118164,6.849999904632568,682200,0.0,0.0
2022-07-21 00:00:00-04:00,6.739999771118164,6.840000152587891,6.630000114440918,6.789999961853027,357900,0.0,0.0
2022-07-22 00:00:00-04:00,6.820000171661377,6.920000076293945,6.244999885559082,6.320000171661377,741300,0.0,0.0
2022-07-25 00:00:00-04:00,6.360000133514404,6.465000152587891,6.199999809265137,6.289999961853027,559200,0.0,0.0
2022-07-26 00:00:00-04:00,6.110000133514404,6.179999828338623,5.945000171661377,6.010000228881836,573300,0.0,0.0
2022-07-27 00:00:00-04:00,6.150000095367432,6.340000152587891,6.079999923706055,6.269999980926514,715300,0.0,0.0
2022-07-28 00:00:00-04:00,6.28000020980835,6.619999885559082,6.019999980926514,6.590000152587891,773800,0.0,0.0
2022-07-29 00:00:00-04:00,6.590000152587891,6.769999980926514,6.434000015258789,6.739999771118164,621400,0.0,0.0
2022-08-01 00:00:00-04:00,6.630000114440918,6.989999771118164,6.52400016784668,6.920000076293945,431600,0.0,0.0
2022-08-02 00:00:00-04:00,6.880000114440918,7.010000228881836,6.760000228881836,6.769999980926514,291800,0.0,0.0
2022-08-03 00:00:00-04:00,6.869999885559082,7.139999866485596,6.869999885559082,7.090000152587891,477100,0.0,0.0
2022-08-04 00:00:00-04:00,7.119999885559082,7.179999828338623,6.900000095367432,6.980000019073486,465100,0.0,0.0
2022-08-05 00:00:00-04:00,6.829999923706055,7.130000114440918,6.798999786376953,7.010000228881836,325500,0.0,0.0
2022-08-08 00:00:00-04:00,7.099999904632568,7.380000114440918,7.034999847412109,7.039999961853027,518100,0.0,0.0
2022-08-09 00:00:00-04:00,6.900000095367432,6.949999809265137,6.670000076293945,6.880000114440918,751700,0.0,0.0
2022-08-10 00:00:00-04:00,5.75,6.230000019073486,5.400000095367432,5.800000190734863,4130500,0.0,0.0
2022-08-11 00:00:00-04:00,5.829999923706055,5.96999979019165,5.610000133514404,5.809999942779541,1487700,0.0,0.0
2022-08-12 00:00:00-04:00,5.849999904632568,5.900000095367432,5.710000038146973,5.760000228881836,1345300,0.0,0.0
2022-08-15 00:00:00-04:00,5.699999809265137,6.050000190734863,5.690000057220459,5.820000171661377,1041500,0.0,0.0
2022-08-16 00:00:00-04:00,5.659999847412109,5.78000020980835,5.46999979019165,5.670000076293945,2122000,0.0,0.0
2022-08-17 00:00:00-04:00,5.550000190734863,5.570000171661377,5.320000171661377,5.480000019073486,1278600,0.0,0.0
2022-08-18 00:00:00-04:00,5.429999828338623,5.525000095367432,5.380000114440918,5.460000038146973,631900,0.0,0.0
2022-08-19 00:00:00-04:00,5.369999885559082,5.460000038146973,5.175000190734863,5.420000076293945,1023500,0.0,0.0
2022-08-22 00:00:00-04:00,5.329999923706055,5.409999847412109,5.239999771118164,5.289999961853027,945600,0.0,0.0
2022-08-23 00:00:00-04:00,5.139999866485596,5.329999923706055,5.139999866485596,5.25,1419600,0.0,0.0
2022-08-24 00:00:00-04:00,5.25,5.329999923706055,5.13700008392334,5.170000076293945,1162200,0.0,0.0
2022-08-25 00:00:00-04:00,5.230000019073486,5.309999942779541,5.099999904632568,5.139999866485596,1212900,0.0,0.0
2022-08-26 00:00:00-04:00,5.170000076293945,5.229000091552734,4.539999961853027,4.78000020980835,1955000,0.0,0.0
2022-08-29 00:00:00-04:00,4.710000038146973,4.739999771118164,4.625,4.659999847412109,1217900,0.0,0.0
2022-08-30 00:00:00-04:00,4.670000076293945,4.739999771118164,4.550000190734863,4.610000133514404,1229100,0.0,0.0
2022-08-31 00:00:00-04:00,4.710000038146973,4.715000152587891,4.449999809265137,4.460000038146973,2021900,0.0,0.0
2022-09-01 00:00:00-04:00,4.510000228881836,4.619999885559082,4.190000057220459,4.599999904632568,2146500,0.0,0.0
2022-09-02 00:00:00-04:00,4.670000076293945,4.860000133514404,4.550000190734863,4.820000171661377,1350700,0.0,0.0
2022-09-06 00:00:00-04:00,4.789999961853027,4.855000019073486,4.619999885559082,4.630000114440918,1164000,0.0,0.0
2022-09-07 00:00:00-04:00,4.590000152587891,4.789999961853027,4.590000152587891,4.760000228881836,932900,0.0,0.0
2022-09-08 00:00:00-04:00,4.71999979019165,4.994999885559082,4.679999828338623,4.949999809265137,1002900,0.0,0.0
2022-09-09 00:00:00-04:00,4.960000038146973,5.380000114440918,4.960000038146973,5.320000171661377,1156400,0.0,0.0
2022-09-12 00:00:00-04:00,5.429999828338623,6.449999809265137,5.420000076293945,6.320000171661377,7772400,0.0,0.0
2022-09-13 00:00:00-04:00,5.980000019073486,6.139999866485596,5.679999828338623,5.800000190734863,3331500,0.0,0.0
2022-09-14 00:00:00-04:00,5.71999979019165,5.96999979019165,5.505000114440918,5.690000057220459,3682700,0.0,0.0
2022-09-15 00:00:00-04:00,5.639999866485596,5.860000133514404,5.440000057220459,5.440000057220459,4275400,0.0,0.0
2022-09-16 00:00:00-04:00,5.349999904632568,5.585000038146973,5.25,5.329999923706055,16776600,0.0,0.0
2022-09-19 00:00:00-04:00,5.139999866485596,5.510000228881836,5.139999866485596,5.5,1804800,0.0,0.0
2022-09-20 00:00:00-04:00,5.429999828338623,5.505000114440918,5.28000020980835,5.28000020980835,1455700,0.0,0.0
2022-09-21 00:00:00-04:00,5.329999923706055,5.541999816894531,5.239999771118164,5.320000171661377,1571800,0.0,0.0
2022-09-22 00:00:00-04:00,5.309999942779541,5.320000171661377,4.989999771118164,5.070000171661377,1549100,0.0,0.0
2022-09-23 00:00:00-04:00,4.940000057220459,5.059999942779541,4.855000019073486,4.980000019073486,1547300,0.0,0.0
2022-09-26 00:00:00-04:00,4.980000019073486,5.119999885559082,4.420000076293945,4.460000038146973,2025800,0.0,0.0
2022-09-27 00:00:00-04:00,4.489999771118164,4.505000114440918,4.204999923706055,4.260000228881836,1991100,0.0,0.0
2022-09-28 00:00:00-04:00,4.28000020980835,4.559999942779541,4.215000152587891,4.489999771118164,1556200,0.0,0.0
2022-09-29 00:00:00-04:00,4.420000076293945,4.460000038146973,4.224999904632568,4.360000133514404,2368600,0.0,0.0
2022-09-30 00:00:00-04:00,4.349999904632568,4.385000228881836,4.070000171661377,4.079999923706055,1698100,0.0,0.0
2022-10-03 00:00:00-04:00,4.070000171661377,4.215000152587891,4.019999980926514,4.090000152587891,1666700,0.0,0.0
2022-10-04 00:00:00-04:00,4.199999809265137,4.960000038146973,4.199999809265137,4.800000190734863,2337100,0.0,0.0
2022-10-05 00:00:00-04:00,4.71999979019165,4.789999961853027,4.590000152587891,4.639999866485596,1258400,0.0,0.0
2022-10-06 00:00:00-04:00,4.559999942779541,4.610000133514404,4.429999828338623,4.449999809265137,1007100,0.0,0.0
2022-10-07 00:00:00-04:00,4.409999847412109,4.440000057220459,4.28000020980835,4.420000076293945,2051200,0.0,0.0
2022-10-10 00:00:00-04:00,4.440000057220459,4.460000038146973,4.135000228881836,4.179999828338623,2020600,0.0,0.0
2022-10-11 00:00:00-04:00,4.010000228881836,4.21999979019165,3.759999990463257,4.039999961853027,2102200,0.0,0.0
2022-10-12 00:00:00-04:00,4.019999980926514,4.059999942779541,3.859999895095825,3.9700000286102295,1855100,0.0,0.0
2022-10-13 00:00:00-04:00,3.7899999618530273,4.039999961853027,3.700000047683716,3.9600000381469727,2160400,0.0,0.0
2022-10-14 00:00:00-04:00,4.03000020980835,4.138999938964844,3.7899999618530273,3.799999952316284,1364200,0.0,0.0
2022-10-17 00:00:00-04:00,4.019999980926514,4.340000152587891,3.9100000858306885,4.320000171661377,2174800,0.0,0.0
2022-10-18 00:00:00-04:00,4.46999979019165,4.585000038146973,4.385000228881836,4.429999828338623,1660500,0.0,0.0
2022-10-19 00:00:00-04:00,4.320000171661377,4.324999809265137,3.9800000190734863,4.039999961853027,1334700,0.0,0.0
2022-10-20 00:00:00-04:00,4.059999942779541,4.480000019073486,4.03000020980835,4.409999847412109,1567100,0.0,0.0
2022-10-21 00:00:00-04:00,4.409999847412109,4.489999771118164,4.230000019073486,4.449999809265137,2950500,0.0,0.0
2022-10-24 00:00:00-04:00,4.380000114440918,4.625,4.130000114440918,4.539999961853027,1071500,0.0,0.0
2022-10-25 00:00:00-04:00,4.590000152587891,4.829999923706055,4.550000190734863,4.769999980926514,1271600,0.0,0.0
2022-10-26 00:00:00-04:00,4.769999980926514,5.170000076293945,4.690000057220459,4.880000114440918,1527900,0.0,0.0
2022-10-27 00:00:00-04:00,4.940000057220459,5.090000152587891,4.880000114440918,4.889999866485596,639200,0.0,0.0
2022-10-28 00:00:00-04:00,4.920000076293945,5.190000057220459,4.789999961853027,5.130000114440918,795500,0.0,0.0
2022-10-31 00:00:00-04:00,5.03000020980835,5.190000057220459,5.019999980926514,5.150000095367432,1227600,0.0,0.0
2022-11-01 00:00:00-04:00,5.28000020980835,5.309999942779541,5.130000114440918,5.159999847412109,745200,0.0,0.0
2022-11-02 00:00:00-04:00,5.130000114440918,5.138999938964844,4.769999980926514,4.809999942779541,1104500,0.0,0.0
2022-11-03 00:00:00-04:00,4.71999979019165,4.730000019073486,4.505000114440918,4.510000228881836,709900,0.0,0.0
2022-11-04 00:00:00-04:00,4.639999866485596,4.659999847412109,4.489999771118164,4.630000114440918,909700,0.0,0.0
2022-11-07 00:00:00-05:00,4.670000076293945,4.809999942779541,4.579999923706055,4.809999942779541,1250500,0.0,0.0
2022-11-08 00:00:00-05:00,4.829999923706055,5.065000057220459,4.659999847412109,4.849999904632568,1054500,0.0,0.0
2022-11-09 00:00:00-05:00,4.360000133514404,4.454999923706055,4.0,4.360000133514404,2326700,0.0,0.0
2022-11-10 00:00:00-05:00,5.03000020980835,5.949999809265137,4.994999885559082,5.920000076293945,2180800,0.0,0.0
2022-11-11 00:00:00-05:00,5.630000114440918,5.900000095367432,5.514999866485596,5.599999904632568,2541700,0.0,0.0
2022-11-14 00:00:00-05:00,5.5,5.789999961853027,5.039999961853027,5.699999809265137,1541400,0.0,0.0
2022-11-15 00:00:00-05:00,5.71999979019165,6.070000171661377,5.619999885559082,5.860000133514404,1294300,0.0,0.0
2022-11-16 00:00:00-05:00,5.789999961853027,5.800000190734863,5.070000171661377,5.090000152587891,1136800,0.0,0.0
2022-11-17 00:00:00-05:00,5.070000171661377,5.099999904632568,4.760000228881836,4.949999809265137,1195000,0.0,0.0
2022-11-18 00:00:00-05:00,5.079999923706055,5.079999923706055,4.699999809265137,4.71999979019165,734700,0.0,0.0
2022-11-21 00:00:00-05:00,4.610000133514404,4.800000190734863,4.449999809265137,4.75,806000,0.0,0.0
2022-11-22 00:00:00-05:00,4.710000038146973,4.710000038146973,4.46999979019165,4.630000114440918,686000,0.0,0.0
2022-11-23 00:00:00-05:00,4.630000114440918,4.820000171661377,4.570000171661377,4.809999942779541,621200,0.0,0.0
2022-11-25 00:00:00-05:00,4.71999979019165,4.820000171661377,4.71999979019165,4.760000228881836,192700,0.0,0.0
2022-11-28 00:00:00-05:00,4.670000076293945,4.769999980926514,4.514999866485596,4.539999961853027,697700,0.0,0.0
2022-11-29 00:00:00-05:00,4.320000171661377,4.650000095367432,4.320000171661377,4.539999961853027,988500,0.0,0.0
2022-11-30 00:00:00-05:00,4.590000152587891,4.889999866485596,4.46999979019165,4.880000114440918,1518000,0.0,0.0
2022-12-01 00:00:00-05:00,4.860000133514404,5.289999961853027,4.860000133514404,4.940000057220459,1834500,0.0,0.0
2022-12-02 00:00:00-05:00,4.800000190734863,5.010000228881836,4.730000019073486,4.849999904632568,1019300,0.0,0.0
2022-12-05 00:00:00-05:00,4.139999866485596,4.5,4.050000190734863,4.099999904632568,2252900,0.0,0.0
2022-12-06 00:00:00-05:00,4.119999885559082,4.199999809265137,3.9100000858306885,3.950000047683716,1326500,0.0,0.0
2022-12-07 00:00:00-05:00,3.880000114440918,3.9700000286102295,3.7899999618530273,3.799999952316284,1454700,0.0,0.0
2022-12-08 00:00:00-05:00,3.819999933242798,3.9149999618530273,3.109999895095825,3.200000047683716,8352900,0.0,0.0
2022-12-09 00:00:00-05:00,3.3399999141693115,3.4749999046325684,3.134999990463257,3.2300000190734863,5126200,0.0,0.0
2022-12-12 00:00:00-05:00,3.200000047683716,3.569999933242798,2.9149999618530273,3.509999990463257,7155800,0.0,0.0
2022-12-13 00:00:00-05:00,3.6700000762939453,3.8299999237060547,3.1600000858306885,3.2799999713897705,6289700,0.0,0.0
2022-12-14 00:00:00-05:00,3.299999952316284,3.4100000858306885,3.119999885559082,3.200000047683716,4044600,0.0,0.0
2022-12-15 00:00:00-05:00,3.119999885559082,3.2100000381469727,3.059999942779541,3.130000114440918,4217500,0.0,0.0
2022-12-16 00:00:00-05:00,3.0199999809265137,3.0999999046325684,2.7799999713897705,2.940000057220459,21475700,0.0,0.0
2022-12-19 00:00:00-05:00,2.924999952316284,2.940000057220459,2.5799999237060547,2.75,3412400,0.0,0.0
2022-12-20 00:00:00-05:00,2.700000047683716,2.8499999046325684,2.680000066757202,2.759999990463257,1928100,0.0,0.0
2022-12-21 00:00:00-05:00,2.8399999141693115,2.9700000286102295,2.7899999618530273,2.8399999141693115,1943600,0.0,0.0
2022-12-22 00:00:00-05:00,2.819999933242798,2.825000047683716,2.6449999809265137,2.740000009536743,2143300,0.0,0.0
2022-12-23 00:00:00-05:00,2.7300000190734863,2.809999942779541,2.619999885559082,2.640000104904175,1315400,0.0,0.0
2022-12-27 00:00:00-05:00,2.619999885559082,2.619999885559082,2.51200008392334,2.569999933242798,1141100,0.0,0.0
2022-12-28 00:00:00-05:00,2.549999952316284,2.6600000858306885,2.549999952316284,2.5999999046325684,1327800,0.0,0.0
2022-12-29 00:00:00-05:00,2.640000104904175,2.9149999618530273,2.625,2.9000000953674316,2022900,0.0,0.0
2022-12-30 00:00:00-05:00,2.825000047683716,2.9800000190734863,2.799999952316284,2.950000047683716,1664100,0.0,0.0
2023-01-03 00:00:00-05:00,3.0199999809265137,3.134999990463257,2.8399999141693115,2.9100000858306885,1431400,0.0,0.0
2023-01-04 00:00:00-05:00,2.940000057220459,3.0450000762939453,2.9000000953674316,2.950000047683716,1188500,0.0,0.0
2023-01-05 00:00:00-05:00,2.9000000953674316,2.9000000953674316,2.740000009536743,2.75,1515600,0.0,0.0
2023-01-06 00:00:00-05:00,2.7899999618530273,2.8299999237060547,2.6600000858306885,2.690000057220459,1381500,0.0,0.0
2023-01-09 00:00:00-05:00,2.7300000190734863,2.8450000286102295,2.6500000953674316,2.6700000762939453,2625200,0.0,0.0
2023-01-10 00:00:00-05:00,2.6700000762939453,2.7300000190734863,2.515000104904175,2.549999952316284,1845300,0.0,0.0
2023-01-11 00:00:00-05:00,2.5899999141693115,2.6600000858306885,2.5399999618530273,2.619999885559082,1451400,0.0,0.0
2023-01-12 00:00:00-05:00,2.619999885559082,2.765000104904175,2.619999885559082,2.690000057220459,1669700,0.0,0.0
2023-01-13 00:00:00-05:00,2.680000066757202,2.880000114440918,2.609999895095825,2.819999933242798,1998000,0.0,0.0
2023-01-17 00:00:00-05:00,2.7899999618530273,3.109999895095825,2.75,3.0,3213100,0.0,0.0
2023-01-18 00:00:00-05:00,3.049999952316284,3.1500000953674316,2.8299999237060547,2.859999895095825,1351000,0.0,0.0
2023-01-19 00:00:00-05:00,2.809999942779541,2.8399999141693115,2.674999952316284,2.799999952316284,1691300,0.0,0.0
2023-01-20 00:00:00-05:00,2.8399999141693115,2.890000104904175,2.7049999237060547,2.8499999046325684,2231900,0.0,0.0
2023-01-23 00:00:00-05:00,2.9000000953674316,2.9800000190734863,2.819999933242798,2.930000066757202,972000,0.0,0.0
2023-01-24 00:00:00-05:00,2.940000057220459,3.119999885559082,2.8949999809265137,2.9200000762939453,873100,0.0,0.0
2023-01-25 00:00:00-05:00,2.859999895095825,2.9100000858306885,2.799999952316284,2.869999885559082,568500,0.0,0.0
2023-01-26 00:00:00-05:00,2.880000114440918,3.0,2.859999895095825,2.930000066757202,886300,0.0,0.0
2023-01-27 00:00:00-05:00,2.930000066757202,3.0799999237060547,2.9100000858306885,3.059999942779541,839500,0.0,0.0
2023-01-30 00:00:00-05:00,3.059999942779541,3.075000047683716,2.930000066757202,2.950000047683716,605400,0.0,0.0
2023-01-31 00:00:00-05:00,2.9700000286102295,3.049999952316284,2.930000066757202,3.0,919800,0.0,0.0
2023-02-01 00:00:00-05:00,3.0,3.3499999046325684,3.0,3.2899999618530273,1627800,0.0,0.0
2023-02-02 00:00:00-05:00,3.4100000858306885,3.565000057220459,3.2950000762939453,3.430000066757202,2210000,0.0,0.0
2023-02-03 00:00:00-05:00,3.319999933242798,3.4200000762939453,3.259999990463257,3.319999933242798,1251600,0.0,0.0
2023-02-06 00:00:00-05:00,3.2899999618530273,3.3299999237060547,3.0899999141693115,3.109999895095825,876500,0.0,0.0
2023-02-07 00:00:00-05:00,3.119999885559082,3.1689999103546143,3.0199999809265137,3.130000114440918,1209700,0.0,0.0
2023-02-08 00:00:00-05:00,3.0899999141693115,3.188999891281128,3.069999933242798,3.140000104904175,685200,0.0,0.0
2023-02-09 00:00:00-05:00,3.180000066757202,3.2300000190734863,2.940000057220459,2.950000047683716,1024400,0.0,0.0
2023-02-10 00:00:00-05:00,2.9100000858306885,3.069999933242798,2.869999885559082,3.0,871600,0.0,0.0
2023-02-13 00:00:00-05:00,3.0299999713897705,3.0799999237060547,2.984999895095825,3.0799999237060547,606300,0.0,0.0
2023-02-14 00:00:00-05:00,3.059999942779541,3.075000047683716,2.9549999237060547,3.0199999809265137,603000,0.0,0.0
2023-02-15 00:00:00-05:00,2.990000009536743,3.180000066757202,2.9600000381469727,3.1700000762939453,902800,0.0,0.0
2023-02-16 00:00:00-05:00,3.0999999046325684,3.1500000953674316,3.0,3.009999990463257,762300,0.0,0.0
2023-02-17 00:00:00-05:00,3.0399999618530273,3.0450000762939453,2.8399999141693115,2.930000066757202,894700,0.0,0.0
2023-02-21 00:00:00-05:00,2.8399999141693115,2.8889999389648438,2.690000057220459,2.740000009536743,1205400,0.0,0.0
2023-02-22 00:00:00-05:00,2.75,2.8399999141693115,2.640000104904175,2.640000104904175,1307300,0.0,0.0
2023-02-23 00:00:00-05:00,2.9800000190734863,3.119999885559082,2.630000114440918,2.6700000762939453,2078100,0.0,0.0
2023-02-24 00:00:00-05:00,2.619999885559082,2.6449999809265137,2.4000000953674316,2.430000066757202,1818500,0.0,0.0
2023-02-27 00:00:00-05:00,2.440000057220459,2.4800000190734863,2.299999952316284,2.3499999046325684,1476100,0.0,0.0
2023-02-28 00:00:00-05:00,2.319999933242798,2.4100000858306885,2.319999933242798,2.3499999046325684,1200900,0.0,0.0
2023-03-01 00:00:00-05:00,2.319999933242798,2.359999895095825,2.25,2.2799999713897705,1304200,0.0,0.0
2023-03-02 00:00:00-05:00,2.25,2.359999895095825,2.2019999027252197,2.3399999141693115,1382700,0.0,0.0
2023-03-03 00:00:00-05:00,2.359999895095825,2.4800000190734863,2.319999933242798,2.450000047683716,970500,0.0,0.0
2023-03-06 00:00:00-05:00,2.450000047683716,2.559999942779541,2.375,2.390000104904175,1000100,0.0,0.0
2023-03-07 00:00:00-05:00,2.380000114440918,2.4200000762939453,2.2200000286102295,2.25,961200,0.0,0.0
2023-03-08 00:00:00-05:00,2.319999933242798,2.450000047683716,2.2300000190734863,2.4200000762939453,1310000,0.0,0.0
2023-03-09 00:00:00-05:00,2.4000000953674316,2.565000057220459,2.359999895095825,2.380000114440918,1424400,0.0,0.0
2023-03-10 00:00:00-05:00,2.3299999237060547,2.3299999237060547,2.119999885559082,2.130000114440918,1423800,0.0,0.0
2023-03-13 00:00:00-04:00,2.109999895095825,2.140000104904175,2.0199999809265137,2.069999933242798,1984700,0.0,0.0
2023-03-14 00:00:00-04:00,2.069999933242798,2.2200000286102295,2.069999933242798,2.119999885559082,1504300,0.0,0.0
2023-03-15 00:00:00-04:00,2.049999952316284,2.1600000858306885,2.049999952316284,2.140000104904175,1183900,0.0,0.0
2023-03-16 00:00:00-04:00,2.140000104904175,2.180000066757202,2.055000066757202,2.119999885559082,1255700,0.0,0.0
2023-03-17 00:00:00-04:00,2.0299999713897705,2.0999999046325684,1.9149999618530273,1.9199999570846558,4170900,0.0,0.0
2023-03-20 00:00:00-04:00,1.7100000381469727,1.8700000047683716,1.5700000524520874,1.75,3255900,0.0,0.0
2023-03-21 00:00:00-04:00,1.7999999523162842,1.940000057220459,1.7999999523162842,1.875,1325300,0.0,0.0
2023-03-22 00:00:00-04:00,1.8799999952316284,1.8799999952316284,1.649999976158142,1.6549999713897705,1583800,0.0,0.0
2023-03-23 00:00:00-04:00,1.7100000381469727,1.9950000047683716,1.7000000476837158,1.75,2204000,0.0,0.0
2023-03-24 00:00:00-04:00,1.7100000381469727,1.784999966621399,1.7000000476837158,1.7599999904632568,774200,0.0,0.0
2023-03-27 00:00:00-04:00,1.809999942779541,1.850000023841858,1.7000000476837158,1.8300000429153442,1115400,0.0,0.0
2023-03-28 00:00:00-04:00,1.7999999523162842,1.840000033378601,1.75,1.75,789300,0.0,0.0
2023-03-29 00:00:00-04:00,1.7999999523162842,1.840000033378601,1.725000023841858,1.7899999618530273,874600,0.0,0.0
2023-03-30 00:00:00-04:00,1.840000033378601,1.8700000047683716,1.7350000143051147,1.75,721300,0.0,0.0
2023-03-31 00:00:00-04:00,1.7599999904632568,1.9049999713897705,1.7599999904632568,1.8799999952316284,1011200,0.0,0.0
2023-04-03 00:00:00-04:00,1.8700000047683716,1.9299999475479126,1.7450000047683716,1.7599999904632568,1021800,0.0,0.0
2023-04-04 00:00:00-04:00,1.75,1.7799999713897705,1.6100000143051147,1.6699999570846558,1509600,0.0,0.0
2023-04-05 00:00:00-04:00,1.649999976158142,1.6950000524520874,1.5789999961853027,1.659999966621399,1564700,0.0,0.0
2023-04-06 00:00:00-04:00,1.659999966621399,1.8250000476837158,1.6100000143051147,1.7699999809265137,1387100,0.0,0.0
2023-04-10 00:00:00-04:00,1.7599999904632568,1.8899999856948853,1.7200000286102295,1.8899999856948853,847400,0.0,0.0
2023-04-11 00:00:00-04:00,1.8799999952316284,1.9199999570846558,1.8300000429153442,1.840000033378601,2370200,0.0,0.0
2023-04-12 00:00:00-04:00,1.8799999952316284,2.059999942779541,1.8799999952316284,2.009999990463257,2370000,0.0,0.0
2023-04-13 00:00:00-04:00,2.059999942779541,2.109999895095825,1.8799999952316284,1.899999976158142,2120500,0.0,0.0
2023-04-14 00:00:00-04:00,1.899999976158142,1.9149999618530273,1.7400000095367432,1.7899999618530273,1125300,0.0,0.0
2023-04-17 00:00:00-04:00,1.8200000524520874,2.259999990463257,1.7799999713897705,2.240000009536743,4267000,0.0,0.0
2023-04-18 00:00:00-04:00,2.2100000381469727,2.2200000286102295,2.0,2.1700000762939453,2810500,0.0,0.0
2023-04-19 00:00:00-04:00,2.140000104904175,2.1700000762939453,1.8899999856948853,1.9199999570846558,1775800,0.0,0.0
2023-04-20 00:00:00-04:00,1.909999966621399,2.059999942779541,1.840000033378601,1.8799999952316284,2657400,0.0,0.0
2023-04-21 00:00:00-04:00,1.8700000047683716,1.8849999904632568,1.7200000286102295,1.7799999713897705,6889100,0.0,0.0
2023-04-24 00:00:00-04:00,1.7200000286102295,1.75,1.5099999904632568,1.5199999809265137,2827100,0.0,0.0
2023-04-25 00:00:00-04:00,1.5199999809265137,1.5800000429153442,1.399999976158142,1.434999942779541,3085400,0.0,0.0
2023-04-26 00:00:00-04:00,1.4299999475479126,1.5,1.399999976158142,1.4500000476837158,1300800,0.0,0.0
2023-04-27 00:00:00-04:00,1.409999966621399,1.5099999904632568,1.3899999856948853,1.4900000095367432,1295100,0.0,0.0
2023-04-28 00:00:00-04:00,1.4700000286102295,1.5700000524520874,1.4500000476837158,1.4600000381469727,1237600,0.0,0.0
2023-05-01 00:00:00-04:00,1.440000057220459,1.4800000190734863,1.3350000381469727,1.3600000143051147,1611100,0.0,0.0
2023-05-02 00:00:00-04:00,1.350000023841858,1.375,1.2799999713897705,1.3200000524520874,1875300,0.0,0.0
2023-05-03 00:00:00-04:00,1.3300000429153442,1.4299999475479126,1.3200000524520874,1.3300000429153442,1557300,0.0,0.0
2023-05-04 00:00:00-04:00,1.3200000524520874,1.3600000143051147,1.2999999523162842,1.309999942779541,1413200,0.0,0.0
2023-05-05 00:00:00-04:00,1.340000033378601,1.440000057220459,1.3300000429153442,1.350000023841858,1200300,0.0,0.0
2023-05-08 00:00:00-04:00,1.399999976158142,1.4550000429153442,1.350000023841858,1.3899999856948853,1376700,0.0,0.0
2023-05-09 00:00:00-04:00,1.399999976158142,1.4049999713897705,1.309999942779541,1.350000023841858,1400300,0.0,0.0
2023-05-10 00:00:00-04:00,1.2999999523162842,1.350000023841858,1.1699999570846558,1.1950000524520874,1940800,0.0,0.0
2023-05-11 00:00:00-04:00,1.2400000095367432,1.25,1.090000033378601,1.1100000143051147,1608100,0.0,0.0
2023-05-12 00:00:00-04:00,1.100000023841858,1.1399999856948853,1.0499999523162842,1.1299999952316284,1304500,0.0,0.0
2023-05-15 00:00:00-04:00,1.1299999952316284,1.1399999856948853,1.059999942779541,1.0800000429153442,1440000,0.0,0.0
2023-05-16 00:00:00-04:00,1.0800000429153442,1.190000057220459,1.0750000476837158,1.1299999952316284,972400,0.0,0.0
2023-05-17 00:00:00-04:00,1.149999976158142,1.2400000095367432,1.100000023841858,1.1799999475479126,1223900,0.0,0.0
2023-05-18 00:00:00-04:00,1.1699999570846558,1.2400000095367432,1.149999976158142,1.225000023841858,893600,0.0,0.0
2023-05-19 00:00:00-04:00,1.2100000381469727,1.25,1.1200000047683716,1.1299999952316284,824500,0.0,0.0
2023-05-22 00:00:00-04:00,1.149999976158142,1.5499999523162842,1.1299999952316284,1.440000057220459,4466600,0.0,0.0
2023-05-23 00:00:00-04:00,1.4299999475479126,1.649999976158142,1.399999976158142,1.409999966621399,3730000,0.0,0.0
2023-05-24 00:00:00-04:00,1.409999966621399,1.4700000286102295,1.315000057220459,1.340000033378601,1353400,0.0,0.0
2023-05-25 00:00:00-04:00,1.340000033378601,1.340000033378601,1.2200000286102295,1.2699999809265137,1129700,0.0,0.0
2023-05-26 00:00:00-04:00,1.25,1.4149999618530273,1.215000033378601,1.3700000047683716,1738900,0.0,0.0
2023-05-30 00:00:00-04:00,1.3799999952316284,1.6100000143051147,1.375,1.5499999523162842,2390000,0.0,0.0
2023-05-31 00:00:00-04:00,1.5499999523162842,1.600000023841858,1.4299999475479126,1.559999942779541,2261400,0.0,0.0
2023-06-01 00:00:00-04:00,1.5399999618530273,1.6349999904632568,1.4600000381469727,1.590000033378601,1551700,0.0,0.0
2023-06-02 00:00:00-04:00,1.590000033378601,1.7999999523162842,1.590000033378601,1.7599999904632568,1745500,0.0,0.0
2023-06-05 00:00:00-04:00,1.7799999713897705,1.7799999713897705,1.6399999856948853,1.7100000381469727,1705300,0.0,0.0
2023-06-06 00:00:00-04:00,1.75,1.7999999523162842,1.649999976158142,1.690000057220459,1597200,0.0,0.0
2023-06-07 00:00:00-04:00,1.7000000476837158,1.75,1.6100000143051147,1.75,1297800,0.0,0.0
2023-06-08 00:00:00-04:00,1.7200000286102295,1.7200000286102295,1.5750000476837158,1.6150000095367432,1035100,0.0,0.0
2023-06-09 00:00:00-04:00,1.600000023841858,1.7000000476837158,1.5499999523162842,1.5499999523162842,908000,0.0,0.0
2023-06-12 00:00:00-04:00,1.5499999523162842,1.7450000047683716,1.5199999809265137,1.7100000381469727,1753000,0.0,0.0
2023-06-13 00:00:00-04:00,1.7300000190734863,2.065000057220459,1.687999963760376,2.0399999618530273,4925200,0.0,0.0
2023-06-14 00:00:00-04:00,2.059999942779541,2.1600000858306885,1.9900000095367432,2.069999933242798,2664600,0.0,0.0
2023-06-15 00:00:00-04:00,2.0399999618530273,2.1600000858306885,1.9600000381469727,2.130000114440918,1707100,0.0,0.0
2023-06-16 00:00:00-04:00,2.1600000858306885,2.1700000762939453,2.0399999618530273,2.130000114440918,6954200,0.0,0.0
2023-06-20 00:00:00-04:00,2.1500000953674316,2.1689999103546143,1.8600000143051147,1.8700000047683716,1888700,0.0,0.0
2023-06-21 00:00:00-04:00,1.8700000047683716,1.899999976158142,1.7699999809265137,1.840000033378601,1208600,0.0,0.0
2023-06-22 00:00:00-04:00,1.809999942779541,1.899999976158142,1.7400000095367432,1.8799999952316284,1720600,0.0,0.0
2023-06-23 00:00:00-04:00,1.840000033378601,1.9500000476837158,1.815000057220459,1.909999966621399,4189200,0.0,0.0
2023-06-26 00:00:00-04:00,1.8899999856948853,1.9800000190734863,1.8300000429153442,1.9299999475479126,1458800,0.0,0.0
2023-06-27 00:00:00-04:00,1.9199999570846558,2.1600000858306885,1.8899999856948853,2.0899999141693115,1886500,0.0,0.0
2023-06-28 00:00:00-04:00,2.059999942779541,2.200000047683716,2.0199999809265137,2.1500000953674316,1254400,0.0,0.0
2023-06-29 00:00:00-04:00,2.1500000953674316,2.2899999618530273,1.8509999513626099,1.9600000381469727,4771100,0.0,0.0
2023-06-30 00:00:00-04:00,1.9900000095367432,2.940000057220459,1.9900000095367432,2.7200000286102295,13139600,0.0,0.0
2023-07-03 00:00:00-04:00,2.700000047683716,2.700000047683716,2.4200000762939453,2.630000114440918,2953800,0.0,0.0
2023-07-05 00:00:00-04:00,2.609999895095825,2.890000104904175,2.434999942779541,2.444999933242798,2420200,0.0,0.0
2023-07-06 00:00:00-04:00,2.359999895095825,2.4200000762939453,2.1600000858306885,2.180000066757202,1713400,0.0,0.0
2023-07-07 00:00:00-04:00,2.200000047683716,2.5799999237060547,2.200000047683716,2.4649999141693115,2307900,0.0,0.0
2023-07-10 00:00:00-04:00,2.440000057220459,2.5850000381469727,2.369999885559082,2.5799999237060547,1805800,0.0,0.0
2023-07-11 00:00:00-04:00,2.630000114440918,2.690000057220459,2.440000057220459,2.569999933242798,1713000,0.0,0.0
2023-07-12 00:00:00-04:00,2.6500000953674316,2.7290000915527344,2.4809999465942383,2.559999942779541,1946400,0.0,0.0
2023-07-13 00:00:00-04:00,2.5899999141693115,2.740000009536743,2.515000104904175,2.6700000762939453,1391300,0.0,0.0
2023-07-14 00:00:00-04:00,2.680000066757202,2.680000066757202,2.4200000762939453,2.4700000286102295,1679300,0.0,0.0
2023-07-17 00:00:00-04:00,2.4600000381469727,2.559999942779541,2.3550000190734863,2.5,1802100,0.0,0.0
2023-07-18 00:00:00-04:00,2.490000009536743,2.759999990463257,2.4709999561309814,2.690000057220459,2467400,0.0,0.0
2023-07-19 00:00:00-04:00,2.7100000381469727,3.0999999046325684,2.7100000381469727,2.890000104904175,3414600,0.0,0.0
2023-07-20 00:00:00-04:00,2.859999895095825,2.869999885559082,2.5799999237060547,2.630000114440918,1993100,0.0,0.0
2023-07-21 00:00:00-04:00,2.690000057220459,2.700000047683716,2.5,2.5299999713897705,3763200,0.0,0.0
2023-07-24 00:00:00-04:00,2.549999952316284,2.700000047683716,2.5350000858306885,2.569999933242798,1417300,0.0,0.0
2023-07-25 00:00:00-04:00,2.369999885559082,2.568000078201294,2.200000047683716,2.450000047683716,2509900,0.0,0.0
2023-07-26 00:00:00-04:00,2.4100000858306885,2.5299999713897705,2.3499999046325684,2.4100000858306885,1234200,0.0,0.0
2023-07-27 00:00:00-04:00,2.440000057220459,2.509999990463257,2.240000009536743,2.259999990463257,1420600,0.0,0.0
2023-07-28 00:00:00-04:00,2.299999952316284,2.369999885559082,2.25,2.259999990463257,985900,0.0,0.0
2023-07-31 00:00:00-04:00,2.2699999809265137,2.4200000762939453,2.259999990463257,2.319999933242798,1030500,0.0,0.0
2023-08-01 00:00:00-04:00,2.299999952316284,2.305000066757202,2.2100000381469727,2.240000009536743,1261100,0.0,0.0
2023-08-02 00:00:00-04:00,2.2100000381469727,2.2290000915527344,2.069999933242798,2.119999885559082,898000,0.0,0.0
2023-08-03 00:00:00-04:00,2.134999990463257,2.140000104904175,1.9950000047683716,2.0299999713897705,1168500,0.0,0.0
2023-08-04 00:00:00-04:00,2.0399999618530273,2.119999885559082,2.009999990463257,2.0399999618530273,1524800,0.0,0.0
2023-08-07 00:00:00-04:00,2.0899999141693115,2.130000114440918,1.9500000476837158,2.130000114440918,922400,0.0,0.0
2023-08-08 00:00:00-04:00,2.0299999713897705,2.2699999809265137,2.00600004196167,2.259999990463257,1889200,0.0,0.0
2023-08-09 00:00:00-04:00,2.5,2.5999999046325684,2.2249999046325684,2.4200000762939453,2834100,0.0,0.0
2023-08-10 00:00:00-04:00,2.4800000190734863,2.5,2.130000114440918,2.1700000762939453,1781300,0.0,0.0
2023-08-11 00:00:00-04:00,2.140000104904175,2.2950000762939453,2.0850000381469727,2.2699999809265137,1080200,0.0,0.0
2023-08-14 00:00:00-04:00,2.2300000190734863,2.240000009536743,2.140000104904175,2.2200000286102295,939600,0.0,0.0
2023-08-15 00:00:00-04:00,2.200000047683716,2.309999942779541,2.1700000762939453,2.2200000286102295,865000,0.0,0.0
2023-08-16 00:00:00-04:00,2.2200000286102295,2.5899999141693115,2.200000047683716,2.440000057220459,3033200,0.0,0.0
2023-08-17 00:00:00-04:00,2.4200000762939453,2.5299999713897705,2.2699999809265137,2.309999942779541,1247100,0.0,0.0
2023-08-18 00:00:00-04:00,2.2699999809265137,2.380000114440918,2.24399995803833,2.255000114440918,822500,0.0,0.0
2023-08-21 00:00:00-04:00,2.309999942779541,2.309999942779541,2.0999999046325684,2.2200000286102295,1456400,0.0,0.0
2023-08-22 00:00:00-04:00,2.2200000286102295,2.309999942779541,2.109999895095825,2.1600000858306885,907700,0.0,0.0
2023-08-23 00:00:00-04:00,2.1700000762939453,2.450000047683716,2.0999999046325684,2.430000066757202,1850800,0.0,0.0
2023-08-24 00:00:00-04:00,2.4200000762939453,2.450000047683716,2.25,2.3299999237060547,1296300,0.0,0.0
2023-08-25 00:00:00-04:00,2.3399999141693115,2.440000057220459,2.240000009536743,2.390000104904175,721100,0.0,0.0
2023-08-28 00:00:00-04:00,2.380000114440918,2.5399999618530273,2.380000114440918,2.440000057220459,1069200,0.0,0.0
2023-08-29 00:00:00-04:00,2.4200000762939453,2.5399999618530273,2.359999895095825,2.5,806800,0.0,0.0
2023-08-30 00:00:00-04:00,2.4800000190734863,2.5199999809265137,2.263000011444092,2.4100000858306885,1773400,0.0,0.0
2023-08-31 00:00:00-04:00,2.4100000858306885,2.515000104904175,2.369999885559082,2.5,1159800,0.0,0.0
2023-09-01 00:00:00-04:00,2.5,2.6600000858306885,2.3450000286102295,2.6500000953674316,2188800,0.0,0.0
2023-09-05 00:00:00-04:00,2.640000104904175,2.640000104904175,2.315000057220459,2.369999885559082,1586100,0.0,0.0
2023-09-06 00:00:00-04:00,2.3499999046325684,2.4200000762939453,2.2300000190734863,2.2799999713897705,1070700,0.0,0.0
2023-09-07 00:00:00-04:00,2.200000047683716,2.2200000286102295,2.125,2.1500000953674316,1743500,0.0,0.0
2023-09-08 00:00:00-04:00,2.1600000858306885,2.1700000762939453,1.850000023841858,1.875,1803200,0.0,0.0
2023-09-11 00:00:00-04:00,1.8799999952316284,1.909999966621399,1.659999966621399,1.7200000286102295,1751600,0.0,0.0
2023-09-12 00:00:00-04:00,1.7000000476837158,1.7400000095367432,1.6399999856948853,1.690000057220459,1080500,0.0,0.0
2023-09-13 00:00:00-04:00,1.6699999570846558,1.6699999570846558,1.5,1.5,1811900,0.0,0.0
2023-09-14 00:00:00-04:00,1.5399999618530273,1.649999976158142,1.5199999809265137,1.5700000524520874,1726500,0.0,0.0
2023-09-15 00:00:00-04:00,1.5499999523162842,1.600000023841858,1.5049999952316284,1.5399999618530273,4362500,0.0,0.0
2023-09-18 00:00:00-04:00,1.5099999904632568,1.559999942779541,1.440000057220459,1.4800000190734863,1553100,0.0,0.0
2023-09-19 00:00:00-04:00,1.659999966621399,2.0999999046325684,1.600000023841858,2.009999990463257,18089300,0.0,0.0
2023-09-20 00:00:00-04:00,1.9900000095367432,2.309999942779541,1.9299999475479126,2.0799999237060547,5594800,0.0,0.0
2023-09-21 00:00:00-04:00,2.0399999618530273,2.1670000553131104,1.9900000095367432,2.140000104904175,2406500,0.0,0.0
2023-09-22 00:00:00-04:00,2.1700000762939453,2.319999933242798,2.1500000953674316,2.200000047683716,1708400,0.0,0.0
2023-09-25 00:00:00-04:00,2.200000047683716,2.2200000286102295,2.069999933242798,2.1600000858306885,1128300,0.0,0.0
2023-09-26 00:00:00-04:00,2.130000114440918,2.2149999141693115,2.065000057220459,2.109999895095825,1344300,0.0,0.0
2023-09-27 00:00:00-04:00,2.0899999141693115,2.190000057220459,2.069999933242798,2.1500000953674316,994300,0.0,0.0
2023-09-28 00:00:00-04:00,2.140000104904175,2.319999933242798,2.115000009536743,2.2899999618530273,1350700,0.0,0.0
2023-09-29 00:00:00-04:00,2.319999933242798,2.4200000762939453,2.2699999809265137,2.3499999046325684,1608600,0.0,0.0
2023-10-02 00:00:00-04:00,2.3399999141693115,2.3399999141693115,2.1649999618530273,2.190000057220459,1160300,0.0,0.0
2023-10-03 00:00:00-04:00,2.1600000858306885,2.2200000286102295,1.9800000190734863,1.9900000095367432,1134700,0.0,0.0
2023-10-04 00:00:00-04:00,2.0,2.049999952316284,1.690000057220459,1.6950000524520874,2430400,0.0,0.0
2023-10-05 00:00:00-04:00,1.7300000190734863,1.7799999713897705,1.600000023841858,1.7599999904632568,1361200,0.0,0.0
2023-10-06 00:00:00-04:00,1.7200000286102295,1.7599999904632568,1.600000023841858,1.6100000143051147,1489100,0.0,0.0
2023-10-09 00:00:00-04:00,1.590000033378601,1.6100000143051147,1.5,1.5499999523162842,1186700,0.0,0.0
2023-10-10 00:00:00-04:00,1.590000033378601,1.7300000190734863,1.5099999904632568,1.524999976158142,1530900,0.0,0.0
2023-10-11 00:00:00-04:00,1.5499999523162842,1.649999976158142,1.5099999904632568,1.6299999952316284,1384600,0.0,0.0
2023-10-12 00:00:00-04:00,1.6399999856948853,1.6399999856948853,1.440000057220459,1.4800000190734863,1797300,0.0,0.0
2023-10-13 00:00:00-04:00,1.5199999809265137,1.5199999809265137,1.3300000429153442,1.3450000286102295,1244300,0.0,0.0
2023-10-16 00:00:00-04:00,1.350000023841858,1.3700000047683716,1.2300000190734863,1.3700000047683716,1423100,0.0,0.0
2023-10-17 00:00:00-04:00,1.350000023841858,1.4600000381469727,1.3300000429153442,1.440000057220459,1016100,0.0,0.0
2023-10-18 00:00:00-04:00,1.409999966621399,1.4199999570846558,1.3300000429153442,1.340000033378601,962300,0.0,0.0
2023-10-19 00:00:00-04:00,1.340000033378601,1.4199999570846558,1.309999942779541,1.3899999856948853,1633100,0.0,0.0
2023-10-20 00:00:00-04:00,1.3899999856948853,1.4600000381469727,1.309999942779541,1.340000033378601,3288200,0.0,0.0
2023-10-23 00:00:00-04:00,1.340000033378601,1.3899999856948853,1.2400000095367432,1.309999942779541,1539500,0.0,0.0
2023-10-24 00:00:00-04:00,1.3200000524520874,1.3899999856948853,1.2599999904632568,1.2799999713897705,1572400,0.0,0.0
2023-10-25 00:00:00-04:00,1.25,1.277999997138977,1.190000057220459,1.2200000286102295,1132700,0.0,0.0
2023-10-26 00:00:00-04:00,1.2200000286102295,1.2799999713897705,1.1699999570846558,1.2350000143051147,941400,0.0,0.0
2023-10-27 00:00:00-04:00,1.2599999904632568,1.2599999904632568,1.149999976158142,1.159999966621399,888700,0.0,0.0
2023-10-30 00:00:00-04:00,1.2100000381469727,1.2599999904632568,1.190000057220459,1.2200000286102295,799900,0.0,0.0
2023-10-31 00:00:00-04:00,1.2300000190734863,1.2899999618530273,1.2000000476837158,1.2200000286102295,883500,0.0,0.0
2023-11-01 00:00:00-04:00,1.2400000095367432,1.25,1.1699999570846558,1.2300000190734863,1300500,0.0,0.0
2023-11-02 00:00:00-04:00,1.25,1.350000023841858,1.25,1.340000033378601,991500,0.0,0.0
2023-11-03 00:00:00-04:00,1.3700000047683716,1.5299999713897705,1.3600000143051147,1.409999966621399,1313800,0.0,0.0
2023-11-06 00:00:00-05:00,1.4199999570846558,1.4450000524520874,1.3450000286102295,1.399999976158142,789900,0.0,0.0
2023-11-07 00:00:00-05:00,1.3899999856948853,1.465000033378601,1.3550000190734863,1.399999976158142,1208000,0.0,0.0
2023-11-08 00:00:00-05:00,1.25,1.4199999570846558,1.2200000286102295,1.375,895500,0.0,0.0
2023-11-09 00:00:00-05:00,1.3799999952316284,1.3899999856948853,1.2699999809265137,1.315000057220459,461000,0.0,0.0
2023-11-10 00:00:00-05:00,1.309999942779541,1.315000057220459,1.2200000286102295,1.2599999904632568,767100,0.0,0.0
2023-11-13 00:00:00-05:00,1.2599999904632568,1.3550000190734863,1.2200000286102295,1.2999999523162842,823900,0.0,0.0
2023-11-14 00:00:00-05:00,1.3300000429153442,1.4800000190734863,1.3300000429153442,1.4800000190734863,1160600,0.0,0.0
2023-11-15 00:00:00-05:00,1.4800000190734863,1.5800000429153442,1.4800000190734863,1.5399999618530273,909600,0.0,0.0
2023-11-16 00:00:00-05:00,1.5099999904632568,1.5099999904632568,1.4119999408721924,1.4700000286102295,582000,0.0,0.0
2023-11-17 00:00:00-05:00,1.4900000095367432,1.5049999952316284,1.4199999570846558,1.4800000190734863,510300,0.0,0.0
2023-11-20 00:00:00-05:00,1.440000057220459,1.5499999523162842,1.4199999570846558,1.4600000381469727,1001900,0.0,0.0
2023-11-21 00:00:00-05:00,1.4199999570846558,1.4299999475479126,1.350000023841858,1.350000023841858,1151800,0.0,0.0
2023-11-22 00:00:00-05:00,1.3899999856948853,1.4199999570846558,1.3600000143051147,1.3600000143051147,968100,0.0,0.0
2023-11-24 00:00:00-05:00,1.2999999523162842,1.3849999904632568,1.2999999523162842,1.340000033378601,591400,0.0,0.0
2023-11-27 00:00:00-05:00,1.309999942779541,1.3899999856948853,1.309999942779541,1.3300000429153442,879000,0.0,0.0
2023-11-28 00:00:00-05:00,1.2799999713897705,1.3350000381469727,1.2599999904632568,1.2599999904632568,928400,0.0,0.0
2023-11-29 00:00:00-05:00,1.2999999523162842,1.399999976158142,1.2799999713897705,1.3600000143051147,1145700,0.0,0.0
2023-11-30 00:00:00-05:00,1.3799999952316284,1.3899999856948853,1.2200000286102295,1.2599999904632568,2304800,0.0,0.0
2023-12-01 00:00:00-05:00,1.2699999809265137,1.4900000095367432,1.2699999809265137,1.4700000286102295,2587800,0.0,0.0
2023-12-04 00:00:00-05:00,1.4500000476837158,1.6100000143051147,1.4500000476837158,1.4900000095367432,1292400,0.0,0.0
2023-12-05 00:00:00-05:00,1.4900000095367432,1.4900000095367432,1.340000033378601,1.3600000143051147,822300,0.0,0.0
2023-12-06 00:00:00-05:00,1.3600000143051147,1.4600000381469727,1.3600000143051147,1.4199999570846558,575300,0.0,0.0
2023-12-07 00:00:00-05:00,1.4600000381469727,1.531000018119812,1.375,1.5099999904632568,1101100,0.0,0.0
2023-12-08 00:00:00-05:00,1.4900000095367432,1.6100000143051147,1.4700000286102295,1.590000033378601,1158500,0.0,0.0
2023-12-11 00:00:00-05:00,1.590000033378601,1.7300000190734863,1.5800000429153442,1.7200000286102295,1315700,0.0,0.0
2023-12-12 00:00:00-05:00,1.690000057220459,1.7380000352859497,1.649999976158142,1.7200000286102295,1058400,0.0,0.0
2023-12-13 00:00:00-05:00,1.659999966621399,1.7300000190734863,1.5499999523162842,1.7000000476837158,1597500,0.0,0.0
2023-12-14 00:00:00-05:00,1.75,2.006999969482422,1.75,1.8899999856948853,2685900,0.0,0.0
2023-12-15 00:00:00-05:00,1.850000023841858,1.909999966621399,1.7799999713897705,1.7999999523162842,3175300,0.0,0.0
2023-12-18 00:00:00-05:00,1.7400000095367432,1.8049999475479126,1.649999976158142,1.6699999570846558,1210700,0.0,0.0
2023-12-19 00:00:00-05:00,1.7100000381469727,1.7949999570846558,1.6699999570846558,1.7599999904632568,1282600,0.0,0.0
2023-12-20 00:00:00-05:00,1.75,1.7899999618530273,1.6200000047683716,1.6299999952316284,729500,0.0,0.0
2023-12-21 00:00:00-05:00,1.690000057220459,1.815000057220459,1.659999966621399,1.7999999523162842,868700,0.0,0.0
2023-12-22 00:00:00-05:00,1.809999942779541,1.8700000047683716,1.7599999904632568,1.7799999713897705,853900,0.0,0.0
2023-12-26 00:00:00-05:00,1.7899999618530273,2.0,1.7899999618530273,1.9600000381469727,1150500,0.0,0.0
2023-12-27 00:00:00-05:00,1.9600000381469727,1.9850000143051147,1.8550000190734863,1.8899999856948853,886600,0.0,0.0
2023-12-28 00:00:00-05:00,1.899999976158142,2.0199999809265137,1.8799999952316284,1.9900000095367432,1091600,0.0,0.0
2023-12-29 00:00:00-05:00,1.9900000095367432,2.0399999618530273,1.8600000143051147,2.0,1412600,0.0,0.0
2024-01-02 00:00:00-05:00,1.9600000381469727,2.0899999141693115,1.8700000047683716,1.8899999856948853,1280600,0.0,0.0
2024-01-03 00:00:00-05:00,1.850000023841858,1.9550000429153442,1.809999942779541,1.8300000429153442,878600,0.0,0.0
2024-01-04 00:00:00-05:00,1.840000033378601,1.8600000143051147,1.7649999856948853,1.7699999809265137,628700,0.0,0.0
2024-01-05 00:00:00-05:00,1.7699999809265137,1.8700000047683716,1.7400000095367432,1.7899999618530273,1137100,0.0,0.0
2024-01-08 00:00:00-05:00,1.7599999904632568,1.8300000429153442,1.7100000381469727,1.7799999713897705,505200,0.0,0.0
2024-01-09 00:00:00-05:00,1.7400000095367432,1.7699999809265137,1.649999976158142,1.6799999475479126,893900,0.0,0.0
2024-01-10 00:00:00-05:00,1.6699999570846558,1.8250000476837158,1.6449999809265137,1.7899999618530273,1087200,0.0,0.0
2024-01-11 00:00:00-05:00,1.809999942779541,1.809999942779541,1.6699999570846558,1.7300000190734863,763500,0.0,0.0
2024-01-12 00:00:00-05:00,1.7000000476837158,1.9789999723434448,1.6399999856948853,1.75,1885000,0.0,0.0
2024-01-16 00:00:00-05:00,1.7699999809265137,1.8550000190734863,1.7100000381469727,1.7200000286102295,856000,0.0,0.0
2024-01-17 00:00:00-05:00,1.690000057220459,1.7000000476837158,1.559999942779541,1.6399999856948853,1283000,0.0,0.0
2024-01-18 00:00:00-05:00,1.649999976158142,1.6799999475479126,1.559999942779541,1.6200000047683716,825000,0.0,0.0
2024-01-19 00:00:00-05:00,1.6399999856948853,1.7450000047683716,1.5750000476837158,1.7300000190734863,2629700,0.0,0.0
2024-01-22 00:00:00-05:00,1.7400000095367432,1.909999966621399,1.7400000095367432,1.899999976158142,1391400,0.0,0.0
2024-01-23 00:00:00-05:00,1.9199999570846558,2.0399999618530273,1.9010000228881836,1.940000057220459,1504000,0.0,0.0
2024-01-24 00:00:00-05:00,2.0,2.007999897003174,1.8949999809265137,1.9199999570846558,645000,0.0,0.0
2024-01-25 00:00:00-05:00,1.6100000143051147,1.7450000047683716,1.590000033378601,1.7100000381469727,2730500,0.0,0.0
2024-01-26 00:00:00-05:00,1.690000057220459,1.7999999523162842,1.649999976158142,1.7699999809265137,1063700,0.0,0.0
2024-01-29 00:00:00-05:00,1.7350000143051147,1.8650000095367432,1.7100000381469727,1.8300000429153442,697600,0.0,0.0
2024-01-30 00:00:00-05:00,1.8200000524520874,1.840000033378601,1.7309999465942383,1.75,632900,0.0,0.0
2024-01-31 00:00:00-05:00,1.7100000381469727,1.7899999618530273,1.659999966621399,1.6799999475479126,1027100,0.0,0.0
2024-02-01 00:00:00-05:00,1.690000057220459,1.7400000095367432,1.659999966621399,1.690000057220459,757000,0.0,0.0
2024-02-02 00:00:00-05:00,1.6699999570846558,1.690000057220459,1.6200000047683716,1.649999976158142,537300,0.0,0.0
2024-02-05 00:00:00-05:00,1.6299999952316284,1.6299999952316284,1.5099999904632568,1.5299999713897705,831000,0.0,0.0
2024-02-06 00:00:00-05:00,1.5,1.5700000524520874,1.4950000047683716,1.5499999523162842,502000,0.0,0.0
2024-02-07 00:00:00-05:00,1.5700000524520874,1.6200000047683716,1.5199999809265137,1.5800000429153442,735900,0.0,0.0
2024-02-08 00:00:00-05:00,1.600000023841858,1.6200000047683716,1.5700000524520874,1.590000033378601,651900,0.0,0.0
2024-02-09 00:00:00-05:00,1.5800000429153442,1.690000057220459,1.5700000524520874,1.6699999570846558,630700,0.0,0.0
2024-02-12 00:00:00-05:00,1.6699999570846558,1.9199999570846558,1.649999976158142,1.840000033378601,2145000,0.0,0.0
2024-02-13 00:00:00-05:00,1.809999942779541,1.8250000476837158,1.7200000286102295,1.7200000286102295,1178000,0.0,0.0
2024-02-14 00:00:00-05:00,1.7799999713897705,1.875,1.7400000095367432,1.809999942779541,893800,0.0,0.0
2024-02-15 00:00:00-05:00,1.809999942779541,2.009999990463257,1.809999942779541,1.9600000381469727,1849900,0.0,0.0
2024-02-16 00:00:00-05:00,1.9500000476837158,2.065000057220459,1.8899999856948853,2.0,1319700,0.0,0.0
2024-02-20 00:00:00-05:00,1.9199999570846558,1.9850000143051147,1.840000033378601,1.940000057220459,1228600,0.0,0.0
2024-02-21 00:00:00-05:00,1.899999976158142,1.9700000286102295,1.8899999856948853,1.9199999570846558,1284600,0.0,0.0
2024-02-22 00:00:00-05:00,1.909999966621399,2.2300000190734863,1.8899999856948853,2.119999885559082,2025900,0.0,0.0
2024-02-23 00:00:00-05:00,2.0999999046325684,2.180000066757202,1.8849999904632568,1.9600000381469727,1529800,0.0,0.0
2024-02-26 00:00:00-05:00,1.9700000286102295,2.109999895095825,1.9210000038146973,2.0799999237060547,1401200,0.0,0.0
2024-02-27 00:00:00-05:00,2.0799999237060547,2.1700000762939453,2.059999942779541,2.069999933242798,894400,0.0,0.0
2024-02-28 00:00:00-05:00,2.049999952316284,2.065000057220459,1.9800000190734863,1.9900000095367432,956200,0.0,0.0
2024-02-29 00:00:00-05:00,2.0399999618530273,2.1500000953674316,2.0,2.109999895095825,1228300,0.0,0.0
2024-03-01 00:00:00-05:00,2.119999885559082,2.2300000190734863,2.049999952316284,2.1700000762939453,1362200,0.0,0.0
2024-03-04 00:00:00-05:00,2.190000057220459,2.240000009536743,1.9500000476837158,1.9600000381469727,1475500,0.0,0.0
2024-03-05 00:00:00-05:00,1.899999976158142,1.9600000381469727,1.7100000381469727,1.7599999904632568,1880200,0.0,0.0
2024-03-06 00:00:00-05:00,1.7300000190734863,1.909999966621399,1.7200000286102295,1.840000033378601,2030600,0.0,0.0
2024-03-07 00:00:00-05:00,1.8899999856948853,2.0399999618530273,1.809999942779541,1.9500000476837158,1554300,0.0,0.0
2024-03-08 00:00:00-05:00,2.0,2.0989999771118164,1.9600000381469727,2.0299999713897705,1504700,0.0,0.0
2024-03-11 00:00:00-04:00,2.0199999809265137,2.140000104904175,1.940000057220459,2.0999999046325684,2390900,0.0,0.0
2024-03-12 00:00:00-04:00,2.130000114440918,2.3399999141693115,2.0899999141693115,2.2100000381469727,3577400,0.0,0.0
2024-03-13 00:00:00-04:00,1.9700000286102295,2.009999990463257,1.75,1.784999966621399,5377000,0.0,0.0
2024-03-14 00:00:00-04:00,1.7999999523162842,1.8200000524520874,1.6399999856948853,1.6399999856948853,2762800,0.0,0.0
2024-03-15 00:00:00-04:00,1.6399999856948853,1.7000000476837158,1.5700000524520874,1.590000033378601,6440000,0.0,0.0
2024-03-18 00:00:00-04:00,1.590000033378601,1.6399999856948853,1.5499999523162842,1.559999942779541,1590900,0.0,0.0
2024-03-19 00:00:00-04:00,1.5499999523162842,1.649999976158142,1.5099999904632568,1.6200000047683716,1599800,0.0,0.0
2024-03-20 00:00:00-04:00,1.5800000429153442,1.7400000095367432,1.559999942779541,1.7100000381469727,1346200,0.0,0.0
2024-03-21 00:00:00-04:00,1.7100000381469727,1.7400000095367432,1.659999966621399,1.690000057220459,1205800,0.0,0.0
2024-03-22 00:00:00-04:00,1.659999966621399,1.659999966621399,1.5399999618530273,1.5399999618530273,1425300,0.0,0.0
2024-03-25 00:00:00-04:00,1.5399999618530273,1.5800000429153442,1.4900000095367432,1.5099999904632568,1268500,0.0,0.0
2024-03-26 00:00:00-04:00,1.5499999523162842,1.5800000429153442,1.4800000190734863,1.4800000190734863,972800,0.0,0.0
2024-03-27 00:00:00-04:00,1.5,1.5850000381469727,1.5,1.5800000429153442,750300,0.0,0.0
2024-03-28 00:00:00-04:00,1.590000033378601,1.649999976158142,1.5499999523162842,1.5800000429153442,754200,0.0,0.0
2024-04-01 00:00:00-04:00,1.6200000047683716,1.6200000047683716,1.5210000276565552,1.5399999618530273,839400,0.0,0.0
2024-04-02 00:00:00-04:00,1.5199999809265137,1.6449999809265137,1.4500000476837158,1.6399999856948853,1881600,0.0,0.0
2024-04-03 00:00:00-04:00,1.6299999952316284,1.850000023841858,1.5800000429153442,1.840000033378601,1787200,0.0,0.0
2024-04-04 00:00:00-04:00,1.850000023841858,1.9700000286102295,1.815000057220459,1.840000033378601,1783900,0.0,0.0
2024-04-05 00:00:00-04:00,1.840000033378601,1.8550000190734863,1.7699999809265137,1.7699999809265137,453900,0.0,0.0
2024-04-08 00:00:00-04:00,1.7699999809265137,1.8200000524520874,1.7200000286102295,1.7300000190734863,753400,0.0,0.0
2024-04-09 00:00:00-04:00,1.690000057220459,1.7799999713897705,1.6699999570846558,1.75,672700,0.0,0.0
2024-04-10 00:00:00-04:00,1.7000000476837158,1.7000000476837158,1.6299999952316284,1.6799999475479126,835900,0.0,0.0
2024-04-11 00:00:00-04:00,1.6799999475479126,1.75,1.659999966621399,1.690000057220459,417300,0.0,0.0
2024-04-12 00:00:00-04:00,1.6799999475479126,1.7000000476837158,1.625,1.6699999570846558,554500,0.0,0.0
2024-04-15 00:00:00-04:00,1.7000000476837158,1.725000023841858,1.590000033378601,1.600000023841858,739900,0.0,0.0
2024-04-16 00:00:00-04:00,1.5700000524520874,1.6269999742507935,1.559999942779541,1.5800000429153442,763300,0.0,0.0
2024-04-17 00:00:00-04:00,1.6200000047683716,1.6699999570846558,1.5099999904632568,1.5199999809265137,1004100,0.0,0.0
2024-04-18 00:00:00-04:00,1.5199999809265137,1.6200000047683716,1.5099999904632568,1.5700000524520874,752200,0.0,0.0
2024-04-19 00:00:00-04:00,1.5199999809265137,1.6399999856948853,1.5199999809265137,1.600000023841858,2439600,0.0,0.0
2024-04-22 00:00:00-04:00,1.6100000143051147,1.649999976158142,1.5800000429153442,1.649999976158142,538300,0.0,0.0
2024-04-23 00:00:00-04:00,1.649999976158142,1.75,1.6349999904632568,1.6799999475479126,560200,0.0,0.0
2024-04-24 00:00:00-04:00,1.659999966621399,1.6699999570846558,1.600000023841858,1.6299999952316284,428800,0.0,0.0
2024-04-25 00:00:00-04:00,1.6200000047683716,1.7100000381469727,1.565000057220459,1.6799999475479126,882500,0.0,0.0
2024-04-26 00:00:00-04:00,1.690000057220459,1.7699999809265137,1.659999966621399,1.75,506300,0.0,0.0
2024-04-29 00:00:00-04:00,1.75,1.8049999475479126,1.7300000190734863,1.75,267600,0.0,0.0
2024-04-30 00:00:00-04:00,1.7200000286102295,1.7699999809265137,1.7000000476837158,1.7200000286102295,392000,0.0,0.0
2024-05-01 00:00:00-04:00,1.7100000381469727,1.7999999523162842,1.690000057220459,1.7300000190734863,752700,0.0,0.0
2024-05-02 00:00:00-04:00,1.7300000190734863,1.7599999904632568,1.690000057220459,1.7400000095367432,516200,0.0,0.0
2024-05-03 00:00:00-04:00,1.7999999523162842,1.8700000047683716,1.784999966621399,1.8250000476837158,753400,0.0,0.0
2024-05-06 00:00:00-04:00,1.840000033378601,1.875,1.809999942779541,1.8200000524520874,297200,0.0,0.0
2024-05-07 00:00:00-04:00,1.809999942779541,1.840000033378601,1.7899999618530273,1.809999942779541,486000,0.0,0.0
2024-05-08 00:00:00-04:00,1.7799999713897705,1.8700000047683716,1.75,1.8600000143051147,582000,0.0,0.0
2024-05-09 00:00:00-04:00,1.8600000143051147,1.9700000286102295,1.840000033378601,1.9600000381469727,2601800,0.0,0.0
2024-05-10 00:00:00-04:00,1.9800000190734863,2.180000066757202,1.899999976158142,1.9700000286102295,3072100,0.0,0.0
2024-05-13 00:00:00-04:00,2.0299999713897705,2.1449999809265137,1.965000033378601,2.0299999713897705,1154400,0.0,0.0
2024-05-14 00:00:00-04:00,1.940000057220459,2.0799999237060547,1.9299999475479126,2.069999933242798,1475300,0.0,0.0
2024-05-15 00:00:00-04:00,2.0899999141693115,2.2100000381469727,2.0,2.1600000858306885,1525300,0.0,0.0
2024-05-16 00:00:00-04:00,2.119999885559082,2.190000057220459,2.109999895095825,2.1500000953674316,890700,0.0,0.0
2024-05-17 00:00:00-04:00,2.119999885559082,2.190000057220459,2.0799999237060547,2.119999885559082,892500,0.0,0.0
2024-05-20 00:00:00-04:00,2.180000066757202,2.2200000286102295,2.1050000190734863,2.1600000858306885,1190000,0.0,0.0
2024-05-21 00:00:00-04:00,2.197999954223633,2.197999954223633,2.0799999237060547,2.119999885559082,1114900,0.0,0.0
2024-05-22 00:00:00-04:00,2.0999999046325684,2.119999885559082,1.9500000476837158,1.9800000190734863,900200,0.0,0.0
2024-05-23 00:00:00-04:00,1.9900000095367432,2.003999948501587,1.8650000095367432,1.8899999856948853,724000,0.0,0.0
2024-05-24 00:00:00-04:00,1.909999966621399,1.9299999475479126,1.8899999856948853,1.9299999475479126,307800,0.0,0.0
2024-05-28 00:00:00-04:00,1.940000057220459,1.9800000190734863,1.875,1.8899999856948853,468000,0.0,0.0
2024-05-29 00:00:00-04:00,1.850000023841858,1.8700000047683716,1.809999942779541,1.850000023841858,482700,0.0,0.0
2024-05-30 00:00:00-04:00,1.850000023841858,1.8899999856948853,1.8300000429153442,1.8600000143051147,418300,0.0,0.0
2024-05-31 00:00:00-04:00,1.8799999952316284,1.9800000190734863,1.8799999952316284,1.9600000381469727,1146400,0.0,0.0
2024-06-03 00:00:00-04:00,1.9600000381469727,2.109999895095825,1.9600000381469727,2.0999999046325684,1537100,0.0,0.0
2024-06-04 00:00:00-04:00,2.0799999237060547,2.1449999809265137,2.0399999618530273,2.119999885559082,1000600,0.0,0.0
2024-06-05 00:00:00-04:00,2.0899999141693115,2.1600000858306885,2.0799999237060547,2.119999885559082,1366100,0.0,0.0
2024-06-06 00:00:00-04:00,2.119999885559082,2.2300000190734863,2.069999933242798,2.2100000381469727,1056600,0.0,0.0
2024-06-07 00:00:00-04:00,2.1600000858306885,2.2200000286102295,2.109999895095825,2.190000057220459,786400,0.0,0.0
2024-06-10 00:00:00-04:00,2.180000066757202,2.4700000286102295,2.1700000762939453,2.369999885559082,1504000,0.0,0.0
2024-06-11 00:00:00-04:00,2.390000104904175,2.390000104904175,2.2850000858306885,2.3399999141693115,899400,0.0,0.0
2024-06-12 00:00:00-04:00,2.4000000953674316,2.450000047683716,2.3299999237060547,2.380000114440918,1484300,0.0,0.0
2024-06-13 00:00:00-04:00,2.369999885559082,2.490000009536743,2.3499999046325684,2.4700000286102295,971800,0.0,0.0
2024-06-14 00:00:00-04:00,2.4200000762939453,2.5399999618530273,2.369999885559082,2.5199999809265137,981600,0.0,0.0
2024-06-17 00:00:00-04:00,2.559999942779541,2.5799999237060547,2.4549999237060547,2.4700000286102295,1317900,0.0,0.0
2024-06-18 00:00:00-04:00,2.4600000381469727,2.565000057220459,2.450000047683716,2.5399999618530273,892500,0.0,0.0
2024-06-20 00:00:00-04:00,2.5399999618530273,2.609999895095825,2.4800000190734863,2.509999990463257,846500,0.0,0.0
2024-06-21 00:00:00-04:00,2.4800000190734863,2.5,2.384999990463257,2.390000104904175,1844100,0.0,0.0
2024-06-24 00:00:00-04:00,2.4100000858306885,2.5199999809265137,2.380000114440918,2.515000104904175,902600,0.0,0.0
2024-06-25 00:00:00-04:00,2.5,2.549999952316284,2.4600000381469727,2.509999990463257,804900,0.0,0.0
2024-06-26 00:00:00-04:00,2.509999990463257,2.9200000762939453,2.4800000190734863,2.869999885559082,1967500,0.0,0.0
2024-06-27 00:00:00-04:00,2.8499999046325684,3.0199999809265137,2.809999942779541,3.0,1314700,0.0,0.0
2024-06-28 00:00:00-04:00,3.009999990463257,3.178999900817871,2.930000066757202,2.9800000190734863,2501200,0.0,0.0
2024-07-01 00:00:00-04:00,3.0899999141693115,3.0899999141693115,2.869999885559082,2.930000066757202,1095700,0.0,0.0
2024-07-02 00:00:00-04:00,2.9600000381469727,2.9600000381469727,2.8399999141693115,2.9100000858306885,896100,0.0,0.0
2024-07-03 00:00:00-04:00,2.9200000762939453,2.990000009536743,2.890000104904175,2.950000047683716,457600,0.0,0.0
2024-07-05 00:00:00-04:00,2.950000047683716,2.9549999237060547,2.75,2.7899999618530273,1187900,0.0,0.0
2024-07-08 00:00:00-04:00,2.8299999237060547,3.0,2.815000057220459,2.990000009536743,884000,0.0,0.0
2024-07-09 00:00:00-04:00,3.0,3.065000057220459,2.9149999618530273,2.950000047683716,805800,0.0,0.0
2024-07-10 00:00:00-04:00,2.9700000286102295,2.984999895095825,2.7200000286102295,2.740000009536743,946600,0.0,0.0
2024-07-11 00:00:00-04:00,2.799999952316284,2.809999942779541,2.5899999141693115,2.5999999046325684,1367700,0.0,0.0
2024-07-12 00:00:00-04:00,2.6500000953674316,2.690000057220459,2.5,2.509999990463257,1145100,0.0,0.0
2024-07-15 00:00:00-04:00,2.4700000286102295,2.5199999809265137,2.2899999618530273,2.450000047683716,4251800,0.0,0.0
2024-07-16 00:00:00-04:00,2.4800000190734863,2.5799999237060547,2.380000114440918,2.575000047683716,1700500,0.0,0.0
2024-07-17 00:00:00-04:00,2.549999952316284,2.7200000286102295,2.4000000953674316,2.5199999809265137,1710600,0.0,0.0
2024-07-18 00:00:00-04:00,2.5199999809265137,2.619999885559082,2.4649999141693115,2.549999952316284,2086000,0.0,0.0
2024-07-19 00:00:00-04:00,2.549999952316284,2.5999999046325684,2.450000047683716,2.490000009536743,9856800,0.0,0.0
2024-07-22 00:00:00-04:00,2.5399999618530273,2.609999895095825,2.5,2.569999933242798,981000,0.0,0.0
2024-07-23 00:00:00-04:00,2.5399999618530273,2.7100000381469727,2.5399999618530273,2.609999895095825,686200,0.0,0.0
2024-07-24 00:00:00-04:00,2.559999942779541,2.700000047683716,2.440000057220459,2.450000047683716,1251700,0.0,0.0
2024-07-25 00:00:00-04:00,2.450000047683716,2.450000047683716,2.2799999713897705,2.2799999713897705,1302300,0.0,0.0
2024-07-26 00:00:00-04:00,2.369999885559082,2.369999885559082,2.25,2.2699999809265137,649000,0.0,0.0
2024-07-29 00:00:00-04:00,2.2699999809265137,2.319000005722046,2.200000047683716,2.2699999809265137,686400,0.0,0.0
2024-07-30 00:00:00-04:00,2.2699999809265137,2.380000114440918,2.190000057220459,2.2300000190734863,704400,0.0,0.0
2024-07-31 00:00:00-04:00,2.2799999713897705,2.4049999713897705,2.259999990463257,2.3399999141693115,687200,0.0,0.0
2024-08-01 00:00:00-04:00,2.3499999046325684,2.4200000762939453,2.140000104904175,2.200000047683716,882600,0.0,0.0
2024-08-02 00:00:00-04:00,2.069999933242798,2.130000114440918,2.0199999809265137,2.0399999618530273,1138500,0.0,0.0
2024-08-05 00:00:00-04:00,1.899999976158142,2.0,1.840000033378601,1.8849999904632568,958600,0.0,0.0
2024-08-06 00:00:00-04:00,1.909999966621399,2.2149999141693115,1.909999966621399,2.0999999046325684,1355700,0.0,0.0
2024-08-07 00:00:00-04:00,2.1500000953674316,2.2750000953674316,2.0850000381469727,2.119999885559082,837600,0.0,0.0
2024-08-08 00:00:00-04:00,2.1500000953674316,2.2799999713897705,2.125,2.240000009536743,1505700,0.0,0.0
2024-08-09 00:00:00-04:00,2.359999895095825,2.7100000381469727,2.240000009536743,2.25,1658700,0.0,0.0
2024-08-12 00:00:00-04:00,2.25,2.4149999618530273,2.115000009536743,2.2200000286102295,859200,0.0,0.0
2024-08-13 00:00:00-04:00,2.2300000190734863,2.4200000762939453,2.2100000381469727,2.4000000953674316,1298600,0.0,0.0
2024-08-14 00:00:00-04:00,2.4000000953674316,2.4200000762939453,2.1600000858306885,2.174999952316284,751300,0.0,0.0
2024-08-15 00:00:00-04:00,2.240000009536743,2.2850000858306885,2.190000057220459,2.2100000381469727,812400,0.0,0.0
2024-08-16 00:00:00-04:00,2.200000047683716,2.4600000381469727,2.190000057220459,2.4600000381469727,1193700,0.0,0.0
2024-08-19 00:00:00-04:00,2.430000066757202,2.5,2.4100000858306885,2.450000047683716,631600,0.0,0.0
2024-08-20 00:00:00-04:00,2.4200000762939453,2.490000009536743,2.3299999237060547,2.369999885559082,637600,0.0,0.0
2024-08-21 00:00:00-04:00,2.380000114440918,2.4200000762939453,2.319999933242798,2.380000114440918,502400,0.0,0.0
2024-08-22 00:00:00-04:00,2.390000104904175,2.390000104904175,2.2100000381469727,2.2100000381469727,535700,0.0,0.0
2024-08-23 00:00:00-04:00,2.259999990463257,2.450000047683716,2.2200000286102295,2.4100000858306885,925600,0.0,0.0
2024-08-26 00:00:00-04:00,2.4100000858306885,2.440000057220459,2.3399999141693115,2.390000104904175,426900,0.0,0.0
2024-08-27 00:00:00-04:00,2.3499999046325684,2.4089999198913574,2.2950000762939453,2.309999942779541,317900,0.0,0.0
2024-08-28 00:00:00-04:00,2.309999942779541,2.3299999237060547,2.240000009536743,2.25,420100,0.0,0.0
2024-08-29 00:00:00-04:00,2.25,2.380000114440918,2.25,2.2899999618530273,411900,0.0,0.0
2024-08-30 00:00:00-04:00,2.319999933242798,2.319999933242798,2.2239999771118164,2.299999952316284,729900,0.0,0.0
2024-09-03 00:00:00-04:00,2.259999990463257,2.2899999618530273,2.190000057220459,2.2100000381469727,543300,0.0,0.0
2024-09-04 00:00:00-04:00,2.1700000762939453,2.2950000762939453,2.1700000762939453,2.240000009536743,594500,0.0,0.0
2024-09-05 00:00:00-04:00,2.259999990463257,2.309999942779541,2.2100000381469727,2.25,400800,0.0,0.0
2024-09-06 00:00:00-04:00,2.2100000381469727,2.259999990463257,2.0799999237060547,2.109999895095825,541700,0.0,0.0
2024-09-09 00:00:00-04:00,2.140000104904175,2.299999952316284,2.140000104904175,2.2699999809265137,615300,0.0,0.0
2024-09-10 00:00:00-04:00,2.2699999809265137,2.390000104904175,2.190000057220459,2.380000114440918,472300,0.0,0.0
2024-09-11 00:00:00-04:00,2.3399999141693115,2.4600000381469727,2.319999933242798,2.440000057220459,456600,0.0,0.0
2024-09-12 00:00:00-04:00,2.4100000858306885,2.549999952316284,2.380000114440918,2.5299999713897705,536800,0.0,0.0
2024-09-13 00:00:00-04:00,2.509999990463257,2.5850000381469727,2.4800000190734863,2.509999990463257,623000,0.0,0.0
2024-09-16 00:00:00-04:00,2.509999990463257,2.5199999809265137,2.384999990463257,2.4600000381469727,558700,0.0,0.0
2024-09-17 00:00:00-04:00,2.4600000381469727,2.549999952316284,2.3949999809265137,2.5,1010000,0.0,0.0
2024-09-18 00:00:00-04:00,2.5199999809265137,2.565000057220459,2.4200000762939453,2.4200000762939453,597900,0.0,0.0
2024-09-19 00:00:00-04:00,2.5199999809265137,2.559999942779541,2.4000000953674316,2.4200000762939453,382900,0.0,0.0
2024-09-20 00:00:00-04:00,2.390000104904175,2.4749999046325684,2.359999895095825,2.369999885559082,1258000,0.0,0.0
2024-09-23 00:00:00-04:00,2.4000000953674316,2.444999933242798,2.3399999141693115,2.4100000858306885,452900,0.0,0.0
2024-09-24 00:00:00-04:00,2.450000047683716,2.494999885559082,2.434999942779541,2.4600000381469727,472400,0.0,0.0
2024-09-25 00:00:00-04:00,2.4700000286102295,2.5,2.4149999618530273,2.440000057220459,313500,0.0,0.0
2024-09-26 00:00:00-04:00,2.4800000190734863,2.5999999046325684,2.4000000953674316,2.569999933242798,977300,0.0,0.0
2024-09-27 00:00:00-04:00,2.5999999046325684,2.6500000953674316,2.4549999237060547,2.4700000286102295,736700,0.0,0.0
2024-09-30 00:00:00-04:00,2.450000047683716,2.490000009536743,2.375,2.450000047683716,522800,0.0,0.0
2024-10-01 00:00:00-04:00,2.450000047683716,2.4800000190734863,2.319999933242798,2.380000114440918,660100,0.0,0.0
2024-10-02 00:00:00-04:00,2.359999895095825,2.430000066757202,2.3399999141693115,2.380000114440918,602300,0.0,0.0
2024-10-03 00:00:00-04:00,2.3399999141693115,2.390000104904175,2.2899999618530273,2.359999895095825,283600,0.0,0.0
2024-10-04 00:00:00-04:00,2.390000104904175,2.559999942779541,2.359999895095825,2.5399999618530273,628900,0.0,0.0
2024-10-07 00:00:00-04:00,2.5199999809265137,2.619999885559082,2.509999990463257,2.5899999141693115,288600,0.0,0.0
2024-10-08 00:00:00-04:00,2.559999942779541,2.6449999809265137,2.5,2.630000114440918,482400,0.0,0.0
2024-10-09 00:00:00-04:00,2.5999999046325684,2.8450000286102295,2.559999942779541,2.799999952316284,589500,0.0,0.0
2024-10-10 00:00:00-04:00,2.759999990463257,2.8399999141693115,2.680000066757202,2.700000047683716,369700,0.0,0.0
2024-10-11 00:00:00-04:00,2.680000066757202,2.819999933242798,2.6700000762939453,2.700000047683716,446400,0.0,0.0
2024-10-14 00:00:00-04:00,2.680000066757202,2.734999895095825,2.619999885559082,2.640000104904175,331700,0.0,0.0
2024-10-15 00:00:00-04:00,2.6500000953674316,2.8499999046325684,2.630000114440918,2.809999942779541,958700,0.0,0.0
2024-10-16 00:00:00-04:00,2.8399999141693115,2.890000104904175,2.75,2.809999942779541,718000,0.0,0.0
2024-10-17 00:00:00-04:00,2.809999942779541,2.809999942779541,2.5399999618530273,2.559999942779541,559300,0.0,0.0
2024-10-18 00:00:00-04:00,2.569999933242798,2.609999895095825,2.5,2.5999999046325684,312800,0.0,0.0
2024-10-21 00:00:00-04:00,2.5999999046325684,2.5999999046325684,2.505000114440918,2.5399999618530273,197300,0.0,0.0
2024-10-22 00:00:00-04:00,2.5299999713897705,2.549999952316284,2.5,2.509999990463257,217500,0.0,0.0
2024-10-23 00:00:00-04:00,2.509999990463257,2.565000057220459,2.4549999237060547,2.490000009536743,289100,0.0,0.0
2024-10-24 00:00:00-04:00,2.5299999713897705,2.5299999713897705,2.450000047683716,2.5199999809265137,203700,0.0,0.0
2024-10-25 00:00:00-04:00,2.5199999809265137,2.5810000896453857,2.4649999141693115,2.490000009536743,274600,0.0,0.0
2024-10-28 00:00:00-04:00,2.509999990463257,2.615000009536743,2.5,2.559999942779541,468200,0.0,0.0
2024-10-29 00:00:00-04:00,2.5799999237060547,2.5799999237060547,2.505000114440918,2.5299999713897705,279800,0.0,0.0
2024-10-30 00:00:00-04:00,2.5299999713897705,2.7100000381469727,2.515000104904175,2.555000066757202,1151800,0.0,0.0
2024-10-31 00:00:00-04:00,2.5299999713897705,2.559999942779541,2.365000009536743,2.384999990463257,672100,0.0,0.0
2024-11-01 00:00:00-04:00,2.390000104904175,2.4200000762939453,2.319999933242798,2.3299999237060547,456500,0.0,0.0
2024-11-04 00:00:00-05:00,2.319999933242798,2.5899999141693115,2.309999942779541,2.4000000953674316,1314300,0.0,0.0
2024-11-05 00:00:00-05:00,2.4100000858306885,2.559999942779541,2.390000104904175,2.559999942779541,368700,0.0,0.0
2024-11-06 00:00:00-05:00,2.6600000858306885,2.7200000286102295,2.5350000858306885,2.619999885559082,1156100,0.0,0.0
2024-11-07 00:00:00-05:00,2.630000114440918,2.9000000953674316,2.630000114440918,2.869999885559082,1041600,0.0,0.0
2024-11-08 00:00:00-05:00,2.869999885559082,2.930000066757202,2.744999885559082,2.759999990463257,1170900,0.0,0.0
2024-11-11 00:00:00-05:00,2.809999942779541,2.8350000381469727,2.609999895095825,2.7899999618530273,1153100,0.0,0.0
2024-11-12 00:00:00-05:00,2.7699999809265137,2.869999885559082,2.7079999446868896,2.859999895095825,1623200,0.0,0.0
2024-11-13 00:00:00-05:00,2.880000114440918,3.4089999198913574,2.859999895095825,3.0299999713897705,4343700,0.0,0.0
2024-11-14 00:00:00-05:00,3.0799999237060547,3.190000057220459,2.640000104904175,2.6600000858306885,1896900,0.0,0.0
2024-11-15 00:00:00-05:00,2.6700000762939453,2.700000047683716,2.299999952316284,2.4200000762939453,1642600,0.0,0.0
2024-11-18 00:00:00-05:00,2.4100000858306885,2.5199999809265137,2.3450000286102295,2.4549999237060547,713600,0.0,0.0
2024-11-19 00:00:00-05:00,2.4200000762939453,2.494999885559082,2.3610000610351562,2.369999885559082,601400,0.0,0.0
2024-11-20 00:00:00-05:00,2.3299999237060547,2.375,2.2200000286102295,2.319999933242798,655300,0.0,0.0
2024-11-21 00:00:00-05:00,2.3299999237060547,2.444999933242798,2.315000057220459,2.380000114440918,555000,0.0,0.0
2024-11-22 00:00:00-05:00,2.390000104904175,2.5999999046325684,2.3399999141693115,2.5799999237060547,799700,0.0,0.0
2024-11-25 00:00:00-05:00,2.5999999046325684,2.7799999713897705,2.5999999046325684,2.680000066757202,738800,0.0,0.0
2024-11-26 00:00:00-05:00,2.6600000858306885,2.734999895095825,2.5999999046325684,2.640000104904175,763700,0.0,0.0
2024-11-27 00:00:00-05:00,2.680000066757202,2.690000057220459,2.5999999046325684,2.640000104904175,618900,0.0,0.0
2024-11-29 00:00:00-05:00,2.619999885559082,2.7850000858306885,2.619999885559082,2.680000066757202,583400,0.0,0.0
2024-12-02 00:00:00-05:00,2.680000066757202,2.700000047683716,2.6050000190734863,2.6500000953674316,911600,0.0,0.0
2024-12-03 00:00:00-05:00,2.619999885559082,2.630000114440918,2.434999942779541,2.4800000190734863,896400,0.0,0.0
2024-12-04 00:00:00-05:00,2.4800000190734863,2.615000009536743,2.450000047683716,2.609999895095825,835800,0.0,0.0
2024-12-05 00:00:00-05:00,2.5799999237060547,2.690000057220459,2.5399999618530273,2.5799999237060547,1319500,0.0,0.0
2024-12-06 00:00:00-05:00,2.609999895095825,2.630000114440918,2.5399999618530273,2.5899999141693115,945500,0.0,0.0
2024-12-09 00:00:00-05:00,2.5899999141693115,2.6500000953674316,2.4700000286102295,2.4700000286102295,616400,0.0,0.0
2024-12-10 00:00:00-05:00,2.5199999809265137,2.6649999618530273,2.484999895095825,2.5799999237060547,1169800,0.0,0.0
2024-12-11 00:00:00-05:00,2.5999999046325684,2.619999885559082,2.5199999809265137,2.549999952316284,509500,0.0,0.0
2024-12-12 00:00:00-05:00,2.5199999809265137,2.549999952316284,2.4800000190734863,2.5,462200,0.0,0.0
2024-12-13 00:00:00-05:00,2.5,2.5,2.4200000762939453,2.4200000762939453,523900,0.0,0.0
2024-12-16 00:00:00-05:00,2.4200000762939453,2.5,2.380000114440918,2.450000047683716,829500,0.0,0.0
2024-12-17 00:00:00-05:00,2.450000047683716,2.450000047683716,2.380000114440918,2.4100000858306885,403800,0.0,0.0
2024-12-18 00:00:00-05:00,2.4000000953674316,2.4600000381469727,2.240000009536743,2.240000009536743,973400,0.0,0.0
2024-12-19 00:00:00-05:00,2.299999952316284,2.3299999237060547,2.2300000190734863,2.240000009536743,684200,0.0,0.0
2024-12-20 00:00:00-05:00,2.2100000381469727,2.3299999237060547,2.1600000858306885,2.25,859700,0.0,0.0
2024-12-23 00:00:00-05:00,2.240000009536743,2.2699999809265137,2.134999990463257,2.1700000762939453,839300,0.0,0.0
2024-12-24 00:00:00-05:00,2.190000057220459,2.2300000190734863,2.1600000858306885,2.2200000286102295,287600,0.0,0.0
2024-12-26 00:00:00-05:00,2.180000066757202,2.2799999713897705,2.1500000953674316,2.2699999809265137,492200,0.0,0.0
2024-12-27 00:00:00-05:00,2.2699999809265137,2.2820000648498535,2.180000066757202,2.2100000381469727,424900,0.0,0.0
2024-12-30 00:00:00-05:00,2.180000066757202,2.240000009536743,2.109999895095825,2.2200000286102295,1192000,0.0,0.0
2024-12-31 00:00:00-05:00,2.25,2.318000078201294,2.174999952316284,2.2100000381469727,728900,0.0,0.0
2025-01-02 00:00:00-05:00,2.2200000286102295,2.2950000762939453,2.1700000762939453,2.190000057220459,610600,0.0,0.0
2025-01-03 00:00:00-05:00,2.2100000381469727,2.309999942779541,2.2100000381469727,2.25,657300,0.0,0.0
2025-01-06 00:00:00-05:00,2.2799999713897705,2.369999885559082,2.265000104904175,2.319999933242798,702800,0.0,0.0
2025-01-07 00:00:00-05:00,2.369999885559082,2.4700000286102295,2.2799999713897705,2.2899999618530273,744300,0.0,0.0
2025-01-08 00:00:00-05:00,2.319999933242798,2.369999885559082,2.2149999141693115,2.359999895095825,662400,0.0,0.0
2025-01-10 00:00:00-05:00,2.3499999046325684,2.6600000858306885,2.2950000762939453,2.5899999141693115,1877900,0.0,0.0
2025-01-13 00:00:00-05:00,2.5,2.5199999809265137,2.259999990463257,2.319999933242798,986100,0.0,0.0
2025-01-14 00:00:00-05:00,2.3299999237060547,2.4700000286102295,2.325000047683716,2.3550000190734863,632600,0.0,0.0
2025-01-15 00:00:00-05:00,2.4600000381469727,2.484999895095825,2.321000099182129,2.380000114440918,485700,0.0,0.0
2025-01-16 00:00:00-05:00,2.380000114440918,2.4100000858306885,2.305000066757202,2.390000104904175,477100,0.0,0.0
2025-01-17 00:00:00-05:00,2.4000000953674316,2.5299999713897705,2.3499999046325684,2.4700000286102295,904900,0.0,0.0
2025-01-21 00:00:00-05:00,2.4700000286102295,2.5199999809265137,2.3949999809265137,2.450000047683716,484200,0.0,0.0
2025-01-22 00:00:00-05:00,2.450000047683716,2.494999885559082,2.4049999713897705,2.4200000762939453,436200,0.0,0.0
2025-01-23 00:00:00-05:00,2.4000000953674316,2.5799999237060547,2.380000114440918,2.569999933242798,820200,0.0,0.0
2025-01-24 00:00:00-05:00,2.569999933242798,2.747999906539917,2.569999933242798,2.6700000762939453,1013300,0.0,0.0
2025-01-27 00:00:00-05:00,2.549999952316284,2.578000068664551,2.3350000381469727,2.369999885559082,1128800,0.0,0.0
2025-01-28 00:00:00-05:00,2.3399999141693115,2.4200000762939453,2.299999952316284,2.3550000190734863,684500,0.0,0.0
2025-01-29 00:00:00-05:00,2.3499999046325684,2.380000114440918,2.259999990463257,2.369999885559082,1353600,0.0,0.0
2025-01-30 00:00:00-05:00,2.359999895095825,2.515000104904175,2.3499999046325684,2.380000114440918,866500,0.0,0.0
2025-01-31 00:00:00-05:00,2.4100000858306885,2.6449999809265137,2.3540000915527344,2.630000114440918,1699800,0.0,0.0
2025-02-03 00:00:00-05:00,2.490000009536743,2.7100000381469727,2.4200000762939453,2.6700000762939453,1067200,0.0,0.0
2025-02-04 00:00:00-05:00,2.680000066757202,2.890000104904175,2.6600000858306885,2.859999895095825,1021100,0.0,0.0
2025-02-05 00:00:00-05:00,2.869999885559082,2.9600000381469727,2.8499999046325684,2.9000000953674316,1194500,0.0,0.0
2025-02-06 00:00:00-05:00,2.930000066757202,2.930000066757202,2.8299999237060547,2.9000000953674316,455300,0.0,0.0
2025-02-07 00:00:00-05:00,2.9200000762939453,2.9800000190734863,2.859999895095825,2.9600000381469727,1027500,0.0,0.0
2025-02-10 00:00:00-05:00,2.9800000190734863,3.0250000953674316,2.9100000858306885,2.950000047683716,777200,0.0,0.0
2025-02-11 00:00:00-05:00,2.8350000381469727,2.9600000381469727,2.828000068664551,2.890000104904175,556300,0.0,0.0
2025-02-12 00:00:00-05:00,2.859999895095825,2.9000000953674316,2.7899999618530273,2.880000114440918,723000,0.0,0.0
2025-02-13 00:00:00-05:00,2.880000114440918,2.9700000286102295,2.869999885559082,2.9600000381469727,436400,0.0,0.0
2025-02-14 00:00:00-05:00,2.950000047683716,2.950000047683716,2.8299999237060547,2.869999885559082,428200,0.0,0.0
2025-02-18 00:00:00-05:00,2.930000066757202,2.9649999141693115,2.8499999046325684,2.950000047683716,463900,0.0,0.0
2025-02-19 00:00:00-05:00,2.9200000762939453,2.9700000286102295,2.869999885559082,2.9000000953674316,597800,0.0,0.0
2025-02-20 00:00:00-05:00,2.9100000858306885,2.9200000762939453,2.760999917984009,2.880000114440918,836800,0.0,0.0
2025-02-21 00:00:00-05:00,2.9000000953674316,3.0299999713897705,2.880000114440918,2.9000000953674316,2088800,0.0,0.0
2025-02-24 00:00:00-05:00,2.890000104904175,2.890000104904175,2.5350000858306885,2.630000114440918,1000200,0.0,0.0
2025-02-25 00:00:00-05:00,2.569999933242798,2.7100000381469727,2.549999952316284,2.5799999237060547,1026600,0.0,0.0
2025-02-26 00:00:00-05:00,2.549999952316284,2.680000066757202,2.5299999713897705,2.619999885559082,1099800,0.0,0.0
2025-02-27 00:00:00-05:00,2.630000114440918,2.6710000038146973,2.4049999713897705,2.4100000858306885,1004600,0.0,0.0
2025-02-28 00:00:00-05:00,2.390000104904175,2.4000000953674316,2.2899999618530273,2.369999885559082,1250600,0.0,0.0
2025-03-03 00:00:00-05:00,2.369999885559082,2.4700000286102295,2.299999952316284,2.369999885559082,1530000,0.0,0.0
2025-03-04 00:00:00-05:00,2.319999933242798,2.430000066757202,2.25,2.369999885559082,1122300,0.0,0.0
2025-03-05 00:00:00-05:00,2.390000104904175,2.431999921798706,2.3299999237060547,2.4100000858306885,556300,0.0,0.0
2025-03-06 00:00:00-05:00,2.3399999141693115,2.369999885559082,2.2100000381469727,2.2200000286102295,969700,0.0,0.0
2025-03-07 00:00:00-05:00,2.2200000286102295,2.2660000324249268,2.059999942779541,2.190000057220459,1020300,0.0,0.0
2025-03-10 00:00:00-04:00,2.140000104904175,2.1600000858306885,2.015000104904175,2.059999942779541,1006900,0.0,0.0
2025-03-11 00:00:00-04:00,2.059999942779541,2.0850000381469727,1.909999966621399,1.9700000286102295,1254100,0.0,0.0
2025-03-12 00:00:00-04:00,2.0,2.1500000953674316,2.0,2.0899999141693115,674200,0.0,0.0
2025-03-13 00:00:00-04:00,2.0899999141693115,2.1050000190734863,1.9850000143051147,2.0199999809265137,595100,0.0,0.0
2025-03-14 00:00:00-04:00,2.069999933242798,2.130000114440918,2.0399999618530273,2.0999999046325684,400300,0.0,0.0
2025-03-17 00:00:00-04:00,2.0899999141693115,2.1500000953674316,1.940000057220459,1.9500000476837158,1684200,0.0,0.0
2025-03-18 00:00:00-04:00,1.9500000476837158,1.9900000095367432,1.8300000429153442,1.850000023841858,1419200,0.0,0.0
2025-03-19 00:00:00-04:00,1.8899999856948853,1.8899999856948853,1.75,1.8700000047683716,3816400,0.0,0.0
2025-03-20 00:00:00-04:00,1.7899999618530273,1.899999976158142,1.774999976158142,1.8700000047683716,894300,0.0,0.0
2025-03-21 00:00:00-04:00,1.8200000524520874,1.8899999856948853,1.7899999618530273,1.8700000047683716,715300,0.0,0.0
2025-03-24 00:00:00-04:00,1.899999976158142,1.9299999475479126,1.8600000143051147,1.8899999856948853,666700,0.0,0.0
2025-03-25 00:00:00-04:00,1.899999976158142,1.9199999570846558,1.7599999904632568,1.7799999713897705,860000,0.0,0.0
2025-03-26 00:00:00-04:00,1.7699999809265137,1.7999999523162842,1.7000000476837158,1.7599999904632568,777800,0.0,0.0
2025-03-27 00:00:00-04:00,1.7799999713897705,1.7999999523162842,1.7300000190734863,1.75,640300,0.0,0.0
2025-03-28 00:00:00-04:00,1.75,1.7599999904632568,1.6200000047683716,1.649999976158142,703300,0.0,0.0
2025-03-31 00:00:00-04:00,1.6399999856948853,1.7350000143051147,1.5549999475479126,1.690000057220459,1058000,0.0,0.0
2025-04-01 00:00:00-04:00,1.690000057220459,1.7300000190734863,1.6299999952316284,1.6699999570846558,606200,0.0,0.0
2025-04-02 00:00:00-04:00,1.6399999856948853,1.7649999856948853,1.6299999952316284,1.7300000190734863,823100,0.0,0.0
2025-04-03 00:00:00-04:00,1.6399999856948853,1.649999976158142,1.5499999523162842,1.5499999523162842,873200,0.0,0.0
2025-04-04 00:00:00-04:00,1.5,1.5499999523162842,1.3700000047683716,1.4450000524520874,967800,0.0,0.0
2025-04-07 00:00:00-04:00,1.3899999856948853,1.5099999904632568,1.3350000381469727,1.4149999618530273,862700,0.0,0.0
2025-04-08 00:00:00-04:00,1.4600000381469727,1.5130000114440918,1.3250000476837158,1.350000023841858,918000,0.0,0.0
2025-04-09 00:00:00-04:00,1.3700000047683716,1.5099999904632568,1.2999999523162842,1.4600000381469727,1742500,0.0,0.0
2025-04-10 00:00:00-04:00,1.4500000476837158,1.4500000476837158,1.2999999523162842,1.340000033378601,816200,0.0,0.0
2025-04-11 00:00:00-04:00,1.3300000429153442,1.399999976158142,1.3300000429153442,1.3700000047683716,931000,0.0,0.0
2025-04-14 00:00:00-04:00,1.3899999856948853,1.4199999570846558,1.3300000429153442,1.340000033378601,748800,0.0,0.0
2025-04-15 00:00:00-04:00,1.340000033378601,1.3700000047683716,1.2899999618530273,1.3200000524520874,1016600,0.0,0.0
2025-04-16 00:00:00-04:00,1.2899999618530273,1.2949999570846558,1.2400000095367432,1.2799999713897705,827500,0.0,0.0
2025-04-17 00:00:00-04:00,1.2799999713897705,1.3300000429153442,1.2450000047683716,1.3200000524520874,792800,0.0,0.0
2025-04-21 00:00:00-04:00,1.2999999523162842,1.3480000495910645,1.25,1.2699999809265137,285100,0.0,0.0
2025-04-22 00:00:00-04:00,1.309999942779541,1.3700000047683716,1.2799999713897705,1.340000033378601,846300,0.0,0.0
2025-04-23 00:00:00-04:00,1.409999966621399,1.434999942779541,1.350000023841858,1.3799999952316284,737100,0.0,0.0
2025-04-24 00:00:00-04:00,1.3799999952316284,1.399999976158142,1.350000023841858,1.3899999856948853,650600,0.0,0.0
2025-04-25 00:00:00-04:00,1.3700000047683716,1.3799999952316284,1.2799999713897705,1.3799999952316284,582000,0.0,0.0
2025-04-28 00:00:00-04:00,1.409999966621399,1.4149999618530273,1.3200000524520874,1.3600000143051147,644900,0.0,0.0
2025-04-29 00:00:00-04:00,1.350000023841858,1.399999976158142,1.340000033378601,1.3899999856948853,560000,0.0,0.0
2025-04-30 00:00:00-04:00,1.3700000047683716,1.3799999952316284,1.2999999523162842,1.3600000143051147,457400,0.0,0.0
2025-05-01 00:00:00-04:00,1.3700000047683716,1.3949999809265137,1.3350000381469727,1.3799999952316284,487500,0.0,0.0
2025-05-02 00:00:00-04:00,1.3899999856948853,1.4249999523162842,1.3700000047683716,1.409999966621399,633900,0.0,0.0
2025-05-05 00:00:00-04:00,1.399999976158142,1.4500000476837158,1.375,1.399999976158142,529200,0.0,0.0
2025-05-06 00:00:00-04:00,1.3899999856948853,1.409999966621399,1.3700000047683716,1.3799999952316284,376100,0.0,0.0
2025-05-07 00:00:00-04:00,1.409999966621399,1.4900000095367432,1.38100004196167,1.4299999475479126,1051400,0.0,0.0
2025-05-08 00:00:00-04:00,1.4600000381469727,1.5399999618530273,1.4299999475479126,1.440000057220459,1065100,0.0,0.0
2025-05-09 00:00:00-04:00,1.4700000286102295,1.5199999809265137,1.25,1.2549999952316284,1630400,0.0,0.0
2025-05-12 00:00:00-04:00,1.3200000524520874,1.399999976158142,1.2699999809265137,1.2999999523162842,1424700,0.0,0.0
2025-05-13 00:00:00-04:00,1.2899999618530273,1.2999999523162842,1.2200000286102295,1.2699999809265137,1038700,0.0,0.0
2025-05-14 00:00:00-04:00,1.2699999809265137,1.3650000095367432,1.25,1.2799999713897705,1170800,0.0,0.0
2025-05-15 00:00:00-04:00,1.2999999523162842,1.2999999523162842,1.2300000190734863,1.2599999904632568,389800,0.0,0.0
2025-05-16 00:00:00-04:00,1.25,1.2799999713897705,1.2300000190734863,1.2400000095367432,698000,0.0,0.0
2025-05-19 00:00:00-04:00,1.2200000286102295,1.2589999437332153,1.1799999475479126,1.2400000095367432,564200,0.0,0.0
2025-05-20 00:00:00-04:00,1.2100000381469727,1.25,1.159999966621399,1.2000000476837158,1136600,0.0,0.0
2025-05-21 00:00:00-04:00,1.1799999475479126,1.2200000286102295,1.1100000143051147,1.1299999952316284,1032400,0.0,0.0
2025-05-22 00:00:00-04:00,1.149999976158142,1.184999942779541,1.1200000047683716,1.1399999856948853,590800,0.0,0.0
2025-05-23 00:00:00-04:00,1.1200000047683716,1.1200000047683716,1.0609999895095825,1.1100000143051147,961300,0.0,0.0
2025-05-27 00:00:00-04:00,1.1799999475479126,1.184999942779541,1.1100000143051147,1.1399999856948853,826000,0.0,0.0
2025-05-28 00:00:00-04:00,1.1299999952316284,1.1549999713897705,1.1050000190734863,1.1200000047683716,647900,0.0,0.0
2025-05-29 00:00:00-04:00,1.1299999952316284,1.2200000286102295,1.1150000095367432,1.159999966621399,959300,0.0,0.0
2025-05-30 00:00:00-04:00,1.159999966621399,1.1979999542236328,1.1200000047683716,1.1399999856948853,1246800,0.0,0.0
2025-06-02 00:00:00-04:00,1.090000033378601,1.100000023841858,1.0,1.0299999713897705,3095300,0.0,0.0
2025-06-03 00:00:00-04:00,1.0499999523162842,1.0499999523162842,1.0099999904632568,1.0299999713897705,1287800,0.0,0.0
2025-06-04 00:00:00-04:00,1.0499999523162842,1.1799999475479126,1.0199999809265137,1.1799999475479126,1062300,0.0,0.0
2025-06-05 00:00:00-04:00,1.1699999570846558,1.2549999952316284,1.149999976158142,1.159999966621399,936900,0.0,0.0
2025-06-06 00:00:00-04:00,1.1799999475479126,1.2450000047683716,1.1510000228881836,1.1799999475479126,632900,0.0,0.0
2025-06-09 00:00:00-04:00,1.1799999475479126,1.315000057220459,1.1779999732971191,1.2699999809265137,1440900,0.0,0.0
2025-06-10 00:00:00-04:00,1.2699999809265137,1.3300000429153442,1.2450000047683716,1.3200000524520874,1062900,0.0,0.0
2025-06-11 00:00:00-04:00,1.3300000429153442,1.465000033378601,1.3300000429153442,1.4299999475479126,1857200,0.0,0.0
2025-06-12 00:00:00-04:00,1.4299999475479126,1.440000057220459,1.309999942779541,1.3600000143051147,1281100,0.0,0.0
2025-06-13 00:00:00-04:00,1.3200000524520874,1.3279999494552612,1.25,1.2699999809265137,1726800,0.0,0.0
2025-06-16 00:00:00-04:00,1.2699999809265137,1.4199999570846558,1.2599999904632568,1.3600000143051147,904200,0.0,0.0
2025-06-17 00:00:00-04:00,1.350000023841858,1.3600000143051147,1.2799999713897705,1.2799999713897705,1085500,0.0,0.0
2025-06-18 00:00:00-04:00,1.2699999809265137,1.2799999713897705,1.2000000476837158,1.2200000286102295,1135400,0.0,0.0
2025-06-20 00:00:00-04:00,1.2300000190734863,1.25600004196167,1.1799999475479126,1.2000000476837158,1856900,0.0,0.0
2025-06-23 00:00:00-04:00,1.190000057220459,1.2300000190734863,1.159999966621399,1.2200000286102295,1217800,0.0,0.0
2025-06-24 00:00:00-04:00,1.2400000095367432,1.2999999523162842,1.2400000095367432,1.2599999904632568,800900,0.0,0.0
2025-06-25 00:00:00-04:00,1.2699999809265137,1.2899999618530273,1.2100000381469727,1.2400000095367432,621200,0.0,0.0
2025-06-26 00:00:00-04:00,1.2400000095367432,1.2899999618530273,1.2100000381469727,1.2699999809265137,843100,0.0,0.0
2025-06-27 00:00:00-04:00,1.2799999713897705,1.3600000143051147,1.2450000047683716,1.2999999523162842,3733600,0.0,0.0
2025-06-30 00:00:00-04:00,1.2999999523162842,1.375,1.2699999809265137,1.2799999713897705,834100,0.0,0.0
2025-07-01 00:00:00-04:00,1.2699999809265137,1.3289999961853027,1.25,1.2799999713897705,715300,0.0,0.0
2025-07-02 00:00:00-04:00,1.2799999713897705,1.340000033378601,1.274999976158142,1.3300000429153442,859600,0.0,0.0
2025-07-03 00:00:00-04:00,1.350000023841858,1.3949999809265137,1.3450000286102295,1.3799999952316284,496400,0.0,0.0
2025-07-07 00:00:00-04:00,1.3300000429153442,1.3849999904632568,1.315000057220459,1.340000033378601,826200,0.0,0.0
2025-07-08 00:00:00-04:00,1.3600000143051147,1.409999966621399,1.350000023841858,1.3899999856948853,501500,0.0,0.0
2025-07-09 00:00:00-04:00,1.3899999856948853,1.4199999570846558,1.3650000095367432,1.3799999952316284,353600,0.0,0.0
2025-07-10 00:00:00-04:00,1.3990000486373901,1.399999976158142,1.3200000524520874,1.350000023841858,577100,0.0,0.0
2025-07-11 00:00:00-04:00,1.340000033378601,1.4700000286102295,1.315000057220459,1.3899999856948853,2545100,0.0,0.0
2025-07-14 00:00:00-04:00,1.409999966621399,1.600000023841858,1.3949999809265137,1.5700000524520874,2229800,0.0,0.0
2025-07-15 00:00:00-04:00,1.5800000429153442,1.590000033378601,1.440000057220459,1.440000057220459,1221200,0.0,0.0
2025-07-16 00:00:00-04:00,1.4299999475479126,1.5099999904632568,1.4149999618530273,1.5,631700,0.0,0.0
2025-07-17 00:00:00-04:00,1.5099999904632568,1.5499999523162842,1.4800000190734863,1.5199999809265137,700800,0.0,0.0
2025-07-18 00:00:00-04:00,1.5199999809265137,1.5700000524520874,1.4500000476837158,1.4500000476837158,813100,0.0,0.0
2025-07-21 00:00:00-04:00,1.4600000381469727,1.4900000095367432,1.409999966621399,1.4199999570846558,604800,0.0,0.0
2025-07-22 00:00:00-04:00,1.409999966621399,1.5,1.3899999856948853,1.4800000190734863,856900,0.0,0.0
2025-07-23 00:00:00-04:00,1.5,1.5099999904632568,1.1799999475479126,1.5,1007700,0.0,0.0
2025-07-24 00:00:00-04:00,1.5,1.5,1.350000023841858,1.350000023841858,549900,0.0,0.0
2025-07-25 00:00:00-04:00,1.309999942779541,1.3799999952316284,1.2799999713897705,1.3250000476837158,1187400,0.0,0.0
2025-07-28 00:00:00-04:00,1.3300000429153442,1.3700000047683716,1.309999942779541,1.3200000524520874,452800,0.0,0.0
2025-07-29 00:00:00-04:00,1.3200000524520874,1.340000033378601,1.2599999904632568,1.2799999713897705,1266200,0.0,0.0
2025-07-30 00:00:00-04:00,1.2699999809265137,1.309000015258789,1.2100000381469727,1.2300000190734863,563900,0.0,0.0
2025-07-31 00:00:00-04:00,1.2200000286102295,1.2649999856948853,1.2000000476837158,1.2100000381469727,787400,0.0,0.0
2025-08-01 00:00:00-04:00,1.1799999475479126,1.2599999904632568,1.149999976158142,1.1799999475479126,1092200,0.0,0.0
2025-08-04 00:00:00-04:00,1.190000057220459,1.25,1.190000057220459,1.2200000286102295,565800,0.0,0.0
2025-08-05 00:00:00-04:00,1.2400000095367432,1.2799999713897705,1.2100000381469727,1.2599999904632568,924600,0.0,0.0
2025-08-06 00:00:00-04:00,1.2599999904632568,1.2649999856948853,1.2200000286102295,1.2200000286102295,347700,0.0,0.0
2025-08-07 00:00:00-04:00,1.2599999904632568,1.2899999618530273,1.225000023841858,1.2699999809265137,754300,0.0,0.0
2025-08-08 00:00:00-04:00,1.1200000047683716,1.2549999952316284,1.1200000047683716,1.2100000381469727,1207800,0.0,0.0
2025-08-11 00:00:00-04:00,1.2200000286102295,1.2200000286102295,1.1799999475479126,1.2100000381469727,387400,0.0,0.0
2025-08-12 00:00:00-04:00,1.2000000476837158,1.2000000476837158,1.1200000047683716,1.149999976158142,964900,0.0,0.0
2025-08-13 00:00:00-04:00,1.1699999570846558,1.2999999523162842,1.1349999904632568,1.2699999809265137,1635400,0.0,0.0
2025-08-14 00:00:00-04:00,1.2400000095367432,1.2799999713897705,1.2000000476837158,1.2100000381469727,528000,0.0,0.0
2025-08-15 00:00:00-04:00,1.190000057220459,1.2050000429153442,1.1399999856948853,1.1699999570846558,796400,0.0,0.0
2025-08-18 00:00:00-04:00,1.159999966621399,1.215000033378601,1.159999966621399,1.2000000476837158,446100,0.0,0.0
2025-08-19 00:00:00-04:00,1.2000000476837158,1.2000000476837158,1.1100000143051147,1.1399999856948853,481400,0.0,0.0
2025-08-20 00:00:00-04:00,1.1299999952316284,1.149999976158142,1.1100000143051147,1.1399999856948853,555000,0.0,0.0
2025-08-21 00:00:00-04:00,1.1200000047683716,1.1799999475479126,1.1100000143051147,1.1699999570846558,492700,0.0,0.0
2025-08-22 00:00:00-04:00,1.190000057220459,1.3300000429153442,1.1649999618530273,1.309999942779541,1824000,0.0,0.0
2025-08-25 00:00:00-04:00,1.2899999618530273,1.2899999618530273,1.190000057220459,1.2000000476837158,878500,0.0,0.0
2025-08-26 00:00:00-04:00,1.2100000381469727,1.2400000095367432,1.1950000524520874,1.2300000190734863,505500,0.0,0.0
2025-08-27 00:00:00-04:00,1.2200000286102295,1.2599999904632568,1.2079999446868896,1.2100000381469727,467800,0.0,0.0
2025-08-28 00:00:00-04:00,1.2400000095367432,1.3049999475479126,1.2300000190734863,1.2999999523162842,776200,0.0,0.0
2025-08-29 00:00:00-04:00,1.2799999713897705,1.2999999523162842,1.2300000190734863,1.2599999904632568,753900,0.0,0.0
2025-09-02 00:00:00-04:00,1.2200000286102295,1.4199999570846558,1.2200000286102295,1.4199999570846558,1789900,0.0,0.0
2025-09-03 00:00:00-04:00,1.409999966621399,1.4299999475479126,1.284999966621399,1.2999999523162842,1139400,0.0,0.0
2025-09-04 00:00:00-04:00,1.3200000524520874,1.3550000190734863,1.2699999809265137,1.2999999523162842,818500,0.0,0.0
2025-09-05 00:00:00-04:00,1.3300000429153442,1.409999966621399,1.3049999475479126,1.399999976158142,1437200,0.0,0.0
2025-09-08 00:00:00-04:00,1.3799999952316284,1.4600000381469727,1.3700000047683716,1.4500000476837158,958800,0.0,0.0
2025-09-09 00:00:00-04:00,1.4299999475479126,1.4700000286102295,1.3849999904632568,1.409999966621399,948200,0.0,0.0
2025-09-10 00:00:00-04:00,1.399999976158142,1.4500000476837158,1.3849999904632568,1.409999966621399,980000,0.0,0.0
2025-09-11 00:00:00-04:00,1.399999976158142,1.4900000095367432,1.3899999856948853,1.4900000095367432,1095700,0.0,0.0
2025-09-12 00:00:00-04:00,1.5,1.5199999809265137,1.4500000476837158,1.4500000476837158,609900,0.0,0.0
2025-09-15 00:00:00-04:00,1.4299999475479126,1.440000057220459,1.3300000429153442,1.3700000047683716,1795400,0.0,0.0
2025-09-16 00:00:00-04:00,1.3600000143051147,1.3700000047683716,1.3200000524520874,1.350000023841858,1350100,0.0,0.0
2025-09-17 00:00:00-04:00,1.350000023841858,1.4600000381469727,1.3300000429153442,1.440000057220459,3181600,0.0,0.0
2025-09-18 00:00:00-04:00,1.4600000381469727,1.5199999809265137,1.4500000476837158,1.4800000190734863,798800,0.0,0.0
2025-09-19 00:00:00-04:00,1.4800000190734863,1.4900000095367432,1.406999945640564,1.440000057220459,1652400,0.0,0.0
2025-09-22 00:00:00-04:00,1.440000057220459,1.4589999914169312,1.4199999570846558,1.440000057220459,402900,0.0,0.0
2025-09-23 00:00:00-04:00,1.4700000286102295,1.5,1.409999966621399,1.4600000381469727,797100,0.0,0.0
2025-09-24 00:00:00-04:00,1.4600000381469727,1.5299999713897705,1.4299999475479126,1.5199999809265137,879800,0.0,0.0
2025-09-25 00:00:00-04:00,1.5099999904632568,1.5290000438690186,1.409999966621399,1.4199999570846558,1049300,0.0,0.0
2025-09-26 00:00:00-04:00,1.409999966621399,1.440000057220459,1.3799999952316284,1.3899999856948853,542200,0.0,0.0
2025-09-29 00:00:00-04:00,1.3799999952316284,1.409999966621399,1.3700000047683716,1.3799999952316284,616800,0.0,0.0
2025-09-30 00:00:00-04:00,1.3700000047683716,1.4299999475479126,1.3700000047683716,1.409999966621399,502900,0.0,0.0
2025-10-01 00:00:00-04:00,1.3799999952316284,1.4199999570846558,1.350000023841858,1.3899999856948853,1063200,0.0,0.0
2025-10-02 00:00:00-04:00,1.399999976158142,1.409999966621399,1.340000033378601,1.3899999856948853,1108500,0.0,0.0
2025-10-03 00:00:00-04:00,1.3899999856948853,1.5800000429153442,1.3899999856948853,1.5099999904632568,2232900,0.0,0.0
2025-10-06 00:00:00-04:00,1.5199999809265137,1.5499999523162842,1.4900000095367432,1.5,733900,0.0,0.0
2025-10-07 00:00:00-04:00,1.4900000095367432,1.5,1.399999976158142,1.409999966621399,802100,0.0,0.0
2025-10-08 00:00:00-04:00,1.409999966621399,1.5399999618530273,1.409999966621399,1.5,743500,0.0,0.0
2025-10-09 00:00:00-04:00,1.5,1.5,1.440000057220459,1.4600000381469727,449200,0.0,0.0
2025-10-10 00:00:00-04:00,1.4500000476837158,1.4800000190734863,1.3250000476837158,1.3300000429153442,1018700,0.0,0.0
2025-10-13 00:00:00-04:00,1.3600000143051147,1.3799999952316284,1.3300000429153442,1.340000033378601,570600,0.0,0.0
2025-10-14 00:00:00-04:00,1.3899999856948853,1.4700000286102295,1.340000033378601,1.4500000476837158,888300,0.0,0.0
2025-10-15 00:00:00-04:00,1.4900000095367432,1.5499999523162842,1.4500000476837158,1.5199999809265137,1355200,0.0,0.0
2025-10-16 00:00:00-04:00,1.5199999809265137,1.5700000524520874,1.4500000476837158,1.4700000286102295,773800,0.0,0.0
2025-10-17 00:00:00-04:00,1.4500000476837158,1.4700000286102295,1.3799999952316284,1.4199999570846558,671300,0.0,0.0
2025-10-20 00:00:00-04:00,1.4600000381469727,1.565000057220459,1.4500000476837158,1.4900000095367432,874000,0.0,0.0
2025-10-21 00:00:00-04:00,1.5,1.5499999523162842,1.4700000286102295,1.5099999904632568,561600,0.0,0.0
2025-10-22 00:00:00-04:00,1.5,1.5,1.4299999475479126,1.4900000095367432,813800,0.0,0.0
2025-10-23 00:00:00-04:00,1.5,1.8600000143051147,1.4900000095367432,1.8300000429153442,5295700,0.0,0.0
2025-10-24 00:00:00-04:00,1.8600000143051147,1.8600000143051147,1.7200000286102295,1.7599999904632568,1455000,0.0,0.0
2025-10-27 00:00:00-04:00,1.809999942779541,1.809999942779541,1.6549999713897705,1.7100000381469727,1144100,0.0,0.0
2025-10-28 00:00:00-04:00,1.7000000476837158,1.7000000476837158,1.6200000047683716,1.6399999856948853,643700,0.0,0.0
2025-10-29 00:00:00-04:00,1.6299999952316284,1.6799999475479126,1.5700000524520874,1.6200000047683716,921300,0.0,0.0
2025-10-30 00:00:00-04:00,1.6100000143051147,1.6399999856948853,1.5700000524520874,1.6200000047683716,546200,0.0,0.0
2025-10-31 00:00:00-04:00,1.6299999952316284,1.6299999952316284,1.534999966621399,1.600000023841858,1424600,0.0,0.0
2025-11-03 00:00:00-05:00,1.6100000143051147,1.6200000047683716,1.5099999904632568,1.5700000524520874,858200,0.0,0.0
2025-11-04 00:00:00-05:00,1.5399999618530273,1.590000033378601,1.4900000095367432,1.5,965100,0.0,0.0
2025-11-05 00:00:00-05:00,1.5099999904632568,1.559999942779541,1.5,1.5499999523162842,645200,0.0,0.0
2025-11-06 00:00:00-05:00,1.5299999713897705,1.5379999876022339,1.4500000476837158,1.4600000381469727,646100,0.0,0.0
2025-11-07 00:00:00-05:00,1.3899999856948853,1.3899999856948853,1.190000057220459,1.2400000095367432,2229700,0.0,0.0
2025-11-10 00:00:00-05:00,1.309999942779541,1.3200000524520874,1.2000000476837158,1.2050000429153442,763600,0.0,0.0
2025-11-11 00:00:00-05:00,1.190000057220459,1.2100000381469727,1.159999966621399,1.1799999475479126,967800,0.0,0.0
2025-11-12 00:00:00-05:00,1.2200000286102295,1.2300000190734863,1.1699999570846558,1.190000057220459,986800,0.0,0.0
2025-11-13 00:00:00-05:00,1.1699999570846558,1.2100000381469727,1.1399999856948853,1.149999976158142,1861200,0.0,0.0
2025-11-14 00:00:00-05:00,1.1299999952316284,1.159999966621399,1.1100000143051147,1.1399999856948853,819200,0.0,0.0
2025-11-17 00:00:00-05:00,1.1549999713897705,1.159999966621399,1.1100000143051147,1.1200000047683716,849500,0.0,0.0
2025-11-18 00:00:00-05:00,1.1100000143051147,1.1299999952316284,1.0700000524520874,1.1100000143051147,1040300,0.0,0.0
2025-11-19 00:00:00-05:00,1.1399999856948853,1.1399999856948853,1.0499999523162842,1.0499999523162842,1113200,0.0,0.0
2025-11-20 00:00:00-05:00,1.0800000429153442,1.100000023841858,1.0,1.0099999904632568,1331300,0.0,0.0
2025-11-21 00:00:00-05:00,1.0,1.0700000524520874,1.0,1.0549999475479126,994100,0.0,0.0
2025-11-24 00:00:00-05:00,1.059999942779541,1.065000057220459,1.0,1.0099999904632568,2183500,0.0,0.0
2025-11-25 00:00:00-05:00,1.0199999809265137,1.059999942779541,1.0099999904632568,1.0399999618530273,1282000,0.0,0.0
2025-11-26 00:00:00-05:00,1.0199999809265137,1.0499999523162842,1.0199999809265137,1.0299999713897705,820800,0.0,0.0
2025-11-28 00:00:00-05:00,1.0499999523162842,1.0800000429153442,1.0299999713897705,1.059999942779541,723600,0.0,0.0
2025-12-01 00:00:00-05:00,1.0399999618530273,1.0399999618530273,1.0,1.0199999809265137,977800,0.0,0.0
2025-12-02 00:00:00-05:00,1.0099999904632568,1.0299999713897705,0.9679999947547913,0.9940000176429749,1523200,0.0,0.0
2025-12-03 00:00:00-05:00,0.9940000176429749,1.0449999570846558,0.9869999885559082,1.0299999713897705,1782800,0.0,0.0
2025-12-04 00:00:00-05:00,1.0299999713897705,1.0399999618530273,1.0099999904632568,1.0299999713897705,922700,0.0,0.0
2025-12-05 00:00:00-05:00,1.0499999523162842,1.0499999523162842,1.0099999904632568,1.0199999809265137,545200,0.0,0.0
2025-12-08 00:00:00-05:00,1.0299999713897705,1.0499999523162842,0.9919999837875366,1.0399999618530273,1452500,0.0,0.0
2025-12-09 00:00:00-05:00,1.0299999713897705,1.090000033378601,1.0299999713897705,1.0700000524520874,1508500,0.0,0.0
2025-12-10 00:00:00-05:00,1.090000033378601,1.2100000381469727,1.090000033378601,1.2000000476837158,3188500,0.0,0.0
2025-12-11 00:00:00-05:00,1.190000057220459,1.190000057220459,1.0800000429153442,1.1299999952316284,1492600,0.0,0.0
2025-12-12 00:00:00-05:00,1.1299999952316284,1.2000000476837158,1.1200000047683716,1.1299999952316284,1137600,0.0,0.0
2025-12-15 00:00:00-05:00,1.1200000047683716,1.1399999856948853,1.0499999523162842,1.059999942779541,1428300,0.0,0.0
2025-12-16 00:00:00-05:00,1.0399999618530273,1.090000033378601,1.0399999618530273,1.0700000524520874,1173800,0.0,0.0
2025-12-17 00:00:00-05:00,1.059999942779541,1.0889999866485596,1.0299999713897705,1.0399999618530273,1065100,0.0,0.0
2025-12-18 00:00:00-05:00,1.059999942779541,1.090000033378601,1.0299999713897705,1.0299999713897705,615500,0.0,0.0
2025-12-19 00:00:00-05:00,1.0299999713897705,1.0499999523162842,1.024999976158142,1.0299999713897705,1205500,0.0,0.0
2025-12-22 00:00:00-05:00,1.0299999713897705,1.0800000429153442,1.0299999713897705,1.0499999523162842,826900,0.0,0.0
2025-12-23 00:00:00-05:00,1.090000033378601,1.090000033378601,1.0,1.0199999809265137,2107800,0.0,0.0
2025-12-24 00:00:00-05:00,1.0099999904632568,1.0199999809265137,0.9620000123977661,0.9900000095367432,1726600,0.0,0.0
2025-12-26 00:00:00-05:00,0.9900000095367432,1.0,0.9620000123977661,0.9850000143051147,775200,0.0,0.0
2025-12-29 00:00:00-05:00,0.9769999980926514,1.0,0.9639999866485596,0.9879999756813049,795300,0.0,0.0
2025-12-30 00:00:00-05:00,0.984000027179718,1.0099999904632568,0.9649999737739563,0.9879999756813049,841300,0.0,0.0
2025-12-31 00:00:00-05:00,0.9900000095367432,0.9929999709129333,0.9660000205039978,0.9710000157356262,1034000,0.0,0.0
2026-01-02 00:00:00-05:00,0.9829999804496765,1.0160000324249268,0.9599999785423279,0.9739999771118164,908900,0.0,0.0
2026-01-05 00:00:00-05:00,1.0,1.0499999523162842,0.9829999804496765,1.0,1142800,0.0,0.0
2026-01-06 00:00:00-05:00,1.0099999904632568,1.059999942779541,1.0,1.0299999713897705,936000,0.0,0.0
2026-01-07 00:00:00-05:00,1.0199999809265137,1.0199999809265137,0.9909999966621399,1.0,734200,0.0,0.0
2026-01-08 00:00:00-05:00,1.0099999904632568,1.0399999618530273,1.0,1.0199999809265137,878200,0.0,0.0
2026-01-09 00:00:00-05:00,1.0399999618530273,1.0399999618530273,0.9829999804496765,1.0,585200,0.0,0.0
2026-01-12 00:00:00-05:00,1.0,1.0499999523162842,1.0,1.0299999713897705,877400,0.0,0.0
2026-01-13 00:00:00-05:00,1.0299999713897705,1.0299999713897705,0.9610000252723694,0.972000002861023,1423900,0.0,0.0
2026-01-14 00:00:00-05:00,0.9850000143051147,1.0199999809265137,0.9700000286102295,1.0099999904632568,823100,0.0,0.0
2026-01-15 00:00:00-05:00,1.0099999904632568,1.0199999809265137,0.9810000061988831,0.9940000176429749,640200,0.0,0.0
2026-01-16 00:00:00-05:00,0.9800000190734863,1.0,0.9660000205039978,0.9710000157356262,688900,0.0,0.0
2026-01-20 00:00:00-05:00,0.9800000190734863,1.0,0.9089999794960022,0.9089999794960022,1263000,0.0,0.0
2026-01-21 00:00:00-05:00,0.9300000071525574,0.9399999976158142,0.8399999737739563,0.8410000205039978,2226500,0.0,0.0
2026-01-22 00:00:00-05:00,0.8700000047683716,0.8799999952316284,0.8199999928474426,0.8270000219345093,1818000,0.0,0.0
2026-01-23 00:00:00-05:00,0.8339999914169312,0.843999981880188,0.7919999957084656,0.8019999861717224,2144800,0.0,0.0
2026-01-26 00:00:00-05:00,0.8100000023841858,0.8149999976158142,0.7540000081062317,0.7620000243186951,1820700,0.0,0.0
2026-01-27 00:00:00-05:00,0.7649999856948853,0.7900000214576721,0.7269999980926514,0.7419999837875366,1982500,0.0,0.0
2026-01-28 00:00:00-05:00,0.75,0.765999972820282,0.703000009059906,0.7099999785423279,1693500,0.0,0.0
2026-01-29 00:00:00-05:00,0.7129999995231628,0.7279999852180481,0.6110000014305115,0.6320000290870667,2968900,0.0,0.0
2026-01-30 00:00:00-05:00,0.6299999952316284,0.6399999856948853,0.6119999885559082,0.6119999885559082,1510200,0.0,0.0
2026-02-02 00:00:00-05:00,0.6299999952316284,0.6299999952316284,0.5450000166893005,0.5590000152587891,3147600,0.0,0.0
2026-02-03 00:00:00-05:00,0.5699999928474426,0.5950000286102295,0.47200000286102295,0.49300000071525574,4640600,0.0,0.0
2026-02-04 00:00:00-05:00,0.5,0.5049999952316284,0.4300000071525574,0.47600001096725464,4855400,0.0,0.0
2026-02-05 00:00:00-05:00,0.47999998927116394,0.5400000214576721,0.4099999964237213,0.44999998807907104,4765800,0.0,0.0
2026-02-06 00:00:00-05:00,0.46000000834465027,0.4699999988079071,0.41100001335144043,0.44999998807907104,3187700,0.0,0.0
2026-02-09 00:00:00-05:00,0.4690000116825104,0.4830000102519989,0.41100001335144043,0.4169999957084656,2871900,0.0,0.0
2026-02-10 00:00:00-05:00,0.41200000047683716,0.48500001430511475,0.4090000092983246,0.4390000104904175,2537800,0.0,0.0
2026-02-11 00:00:00-05:00,0.45100000500679016,0.4950000047683716,0.41200000047683716,0.4230000078678131,2124500,0.0,0.0
2026-02-12 00:00:00-05:00,0.4300000071525574,0.4320000112056732,0.3930000066757202,0.4090000092983246,2261500,0.0,0.0
2026-02-13 00:00:00-05:00,0.41999998688697815,0.4339999854564667,0.4009999930858612,0.41999998688697815,1521400,0.0,0.0
2026-02-17 00:00:00-05:00,0.41999998688697815,0.42899999022483826,0.40400001406669617,0.4189999997615814,1275900,0.0,0.0
2026-02-18 00:00:00-05:00,0.996999979019165,1.7100000381469727,0.9509999752044678,1.3700000047683716,542491500,0.0,0.0
2026-02-19 00:00:00-05:00,1.2649999856948853,1.2999999523162842,1.0,1.225000023841858,66494700,0.0,0.0
2026-02-20 00:00:00-05:00,1.3600000143051147,2.0799999237060547,1.2999999523162842,1.6799999475479126,207923900,0.0,0.0
2026-02-23 00:00:00-05:00,1.934999942779541,1.9500000476837158,1.4800000190734863,1.4900000095367432,95832400,0.0,0.0
2026-02-24 00:00:00-05:00,1.4800000190734863,1.6200000047683716,1.4199999570846558,1.4600000381469727,24443900,0.0,0.0
2026-02-25 00:00:00-05:00,1.4800000190734863,1.5199999809265137,1.309999942779541,1.350000023841858,20477800,0.0,0.0
2026-02-26 00:00:00-05:00,1.6950000524520874,2.490000009536743,1.4600000381469727,2.2799999713897705,153583700,0.0,0.0
2026-02-27 00:00:00-05:00,2.009999990463257,2.4200000762939453,1.8200000524520874,1.9500000476837158,51989500,0.0,0.0
2026-03-02 00:00:00-05:00,1.8600000143051147,2.2300000190734863,1.7400000095367432,2.2200000286102295,32011900,0.0,0.0
2026-03-03 00:00:00-05:00,2.0789999961853027,2.740000009536743,2.009999990463257,2.4600000381469727,38931400,0.0,0.0
2026-03-04 00:00:00-05:00,2.4800000190734863,2.690000057220459,2.259999990463257,2.4200000762939453,28038000,0.0,0.0
2026-03-05 00:00:00-05:00,2.369999885559082,2.549999952316284,2.0999999046325684,2.380000114440918,20785700,0.0,0.0
2026-03-06 00:00:00-05:00,2.2699999809265137,2.2699999809265137,2.049999952316284,2.069999933242798,10705500,0.0,0.0
2026-03-09 00:00:00-04:00,2.0,2.13100004196167,1.9299999475479126,2.0,8482400,0.0,0.0
2026-03-10 00:00:00-04:00,2.1600000858306885,2.319999933242798,1.8600000143051147,1.9500000476837158,27750000,0.0,0.0
2026-03-11 00:00:00-04:00,1.9500000476837158,2.0,1.8300000429153442,1.9199999570846558,7960400,0.0,0.0
2026-03-12 00:00:00-04:00,1.8700000047683716,1.9600000381469727,1.7200000286102295,1.7400000095367432,7989100,0.0,0.0
2026-03-13 00:00:00-04:00,1.7649999856948853,1.9500000476837158,1.75,1.9149999618530273,6970600,0.0,0.0
2026-03-16 00:00:00-04:00,1.9299999475479126,2.0199999809265137,1.7999999523162842,1.9500000476837158,7123000,0.0,0.0
2026-03-17 00:00:00-04:00,1.899999976158142,2.009999990463257,1.7599999904632568,1.7699999809265137,7382600,0.0,0.0
2026-03-18 00:00:00-04:00,1.75,1.8899999856948853,1.7200000286102295,1.850000023841858,9085800,0.0,0.0
2026-03-19 00:00:00-04:00,1.7899999618530273,1.8300000429153442,1.6399999856948853,1.7899999618530273,8774000,0.0,0.0
2026-03-20 00:00:00-04:00,1.7899999618530273,1.940000057220459,1.659999966621399,1.690000057220459,12441800,0.0,0.0
2026-03-23 00:00:00-04:00,1.7300000190734863,1.7400000095367432,1.5199999809265137,1.5299999713897705,9124200,0.0,0.0
2026-03-24 00:00:00-04:00,1.5,1.5299999713897705,1.3700000047683716,1.3899999856948853,7110400,0.0,0.0
2026-03-25 00:00:00-04:00,1.4299999475479126,1.4500000476837158,1.2300000190734863,1.2999999523162842,10461300,0.0,0.0
2026-03-26 00:00:00-04:00,1.2549999952316284,1.3200000524520874,1.0800000429153442,1.159999966621399,13232300,0.0,0.0
2026-03-27 00:00:00-04:00,1.1200000047683716,1.1399999856948853,1.0399999618530273,1.0499999523162842,6624400,0.0,0.0
2026-03-30 00:00:00-04:00,1.0099999904632568,1.0750000476837158,0.9750000238418579,1.0,4496900,0.0,0.0
2026-03-31 00:00:00-04:00,1.0199999809265137,1.0499999523162842,0.949999988079071,0.9800000190734863,6872100,0.0,0.0
2026-04-01 00:00:00-04:00,0.9900000095367432,1.0149999856948853,0.902999997138977,0.972000002861023,5999700,0.0,0.0
2026-04-02 00:00:00-04:00,0.925000011920929,0.9980000257492065,0.9200000166893005,0.9580000042915344,2892200,0.0,0.0
2026-04-06 00:00:00-04:00,0.9700000286102295,1.0399999618530273,0.9449999928474426,0.9480000138282776,3902400,0.0,0.0
2026-04-07 00:00:00-04:00,0.9369999766349792,0.9470000267028809,0.8619999885559082,0.9010000228881836,5171000,0.0,0.0
2026-04-08 00:00:00-04:00,0.9800000190734863,1.0800000429153442,0.9589999914169312,0.972000002861023,6229600,0.0,0.0
2026-04-09 00:00:00-04:00,0.9710000157356262,0.9990000128746033,0.8740000128746033,0.8840000033378601,4709800,0.0,0.0
2026-04-10 00:00:00-04:00,0.9100000262260437,1.3300000429153442,0.9010000228881836,1.3200000524520874,20691900,0.0,0.0
2026-04-13 00:00:00-04:00,1.2699999809265137,1.309999942779541,1.1799999475479126,1.2000000476837158,8582000,0.0,0.0
2026-04-14 00:00:00-04:00,1.2300000190734863,1.2999999523162842,1.2000000476837158,1.2400000095367432,5460600,0.0,0.0
2026-04-15 00:00:00-04:00,1.25,1.3200000524520874,1.1299999952316284,1.2300000190734863,8067100,0.0,0.0
2026-04-16 00:00:00-04:00,1.2100000381469727,1.3550000190734863,1.1799999475479126,1.3300000429153442,6743800,0.0,0.0
2026-04-17 00:00:00-04:00,1.399999976158142,1.5789999961853027,1.3849999904632568,1.4700000286102295,10466900,0.0,0.0
2026-04-20 00:00:00-04:00,1.399999976158142,1.590000033378601,1.3700000047683716,1.4500000476837158,6615200,0.0,0.0
2026-04-21 00:00:00-04:00,1.4700000286102295,1.5099999904632568,1.3949999809265137,1.4199999570846558,3907500,0.0,0.0
2026-04-22 00:00:00-04:00,1.440000057220459,1.5499999523162842,1.399999976158142,1.5499999523162842,4801748,0.0,0.0
