Date,Open,High,Low,Close,Volume,Dividends,Stock Splits
2022-09-26 00:00:00-04:00,9.949999809265137,9.970000267028809,9.949999809265137,9.960000038146973,152500,0.0,0.0
2022-09-27 00:00:00-04:00,9.960000038146973,10.0,9.949999809265137,10.0,400800,0.0,0.0
2022-09-28 00:00:00-04:00,10.0,10.020000457763672,9.989999771118164,10.013999938964844,185400,0.0,0.0
2022-09-29 00:00:00-04:00,10.010000228881836,10.010000228881836,10.010000228881836,10.010000228881836,200,0.0,0.0
2022-09-30 00:00:00-04:00,10.020000457763672,10.020000457763672,10.020000457763672,10.020000457763672,7300,0.0,0.0
2022-10-03 00:00:00-04:00,10.0600004196167,10.09000015258789,10.0600004196167,10.09000015258789,9200,0.0,0.0
2022-10-04 00:00:00-04:00,10.100000381469727,10.609999656677246,10.100000381469727,10.100000381469727,16800,0.0,0.0
2022-10-05 00:00:00-04:00,10.050000190734863,10.050000190734863,10.050000190734863,10.050000190734863,2100,0.0,0.0
2022-10-06 00:00:00-04:00,10.050000190734863,10.050000190734863,10.050000190734863,10.050000190734863,0,0.0,0.0
2022-10-07 00:00:00-04:00,10.050000190734863,10.050000190734863,10.050000190734863,10.050000190734863,0,0.0,0.0
2022-10-10 00:00:00-04:00,10.050000190734863,10.050000190734863,10.050000190734863,10.050000190734863,0,0.0,0.0
2022-10-11 00:00:00-04:00,10.050000190734863,10.050000190734863,10.050000190734863,10.050000190734863,0,0.0,0.0
2022-10-12 00:00:00-04:00,10.020000457763672,10.020000457763672,10.020000457763672,10.020000457763672,100,0.0,0.0
2022-10-13 00:00:00-04:00,10.029999732971191,10.050000190734863,10.020000457763672,10.050000190734863,26900,0.0,0.0
2022-10-14 00:00:00-04:00,10.050000190734863,10.050000190734863,10.050000190734863,10.050000190734863,0,0.0,0.0
2022-10-17 00:00:00-04:00,10.050000190734863,10.050000190734863,10.050000190734863,10.050000190734863,0,0.0,0.0
2022-10-18 00:00:00-04:00,10.09000015258789,10.09000015258789,10.09000015258789,10.09000015258789,3300,0.0,0.0
2022-10-19 00:00:00-04:00,10.0600004196167,10.079999923706055,9.989999771118164,10.079999923706055,9700,0.0,0.0
2022-10-20 00:00:00-04:00,10.079999923706055,10.079999923706055,10.050000190734863,10.050000190734863,400,0.0,0.0
2022-10-21 00:00:00-04:00,10.050000190734863,10.09000015258789,10.050000190734863,10.069999694824219,281900,0.0,0.0
2022-10-24 00:00:00-04:00,10.079999923706055,10.079999923706055,10.079999923706055,10.079999923706055,1100,0.0,0.0
2022-10-25 00:00:00-04:00,10.09000015258789,10.09000015258789,10.074000358581543,10.09000015258789,99300,0.0,0.0
2022-10-26 00:00:00-04:00,10.09000015258789,10.09000015258789,10.09000015258789,10.09000015258789,0,0.0,0.0
2022-10-27 00:00:00-04:00,10.09000015258789,10.09000015258789,10.09000015258789,10.09000015258789,0,0.0,0.0
2022-10-28 00:00:00-04:00,10.130000114440918,10.130000114440918,10.109999656677246,10.109999656677246,3400,0.0,0.0
2022-10-31 00:00:00-04:00,10.079999923706055,10.09000015258789,10.079999923706055,10.079999923706055,250200,0.0,0.0
2022-11-01 00:00:00-04:00,10.119999885559082,10.119999885559082,10.100000381469727,10.104999542236328,5200,0.0,0.0
2022-11-02 00:00:00-04:00,10.100000381469727,10.130000114440918,10.100000381469727,10.130000114440918,300,0.0,0.0
2022-11-03 00:00:00-04:00,10.130000114440918,10.130000114440918,10.130000114440918,10.130000114440918,0,0.0,0.0
2022-11-04 00:00:00-04:00,10.130000114440918,10.130000114440918,10.130000114440918,10.130000114440918,0,0.0,0.0
2022-11-07 00:00:00-05:00,10.130000114440918,10.130000114440918,10.130000114440918,10.130000114440918,2700,0.0,0.0
2022-11-08 00:00:00-05:00,10.130000114440918,10.130000114440918,10.130000114440918,10.130000114440918,0,0.0,0.0
2022-11-09 00:00:00-05:00,10.130000114440918,10.130000114440918,10.130000114440918,10.130000114440918,0,0.0,0.0
2022-11-10 00:00:00-05:00,10.130000114440918,10.130000114440918,10.130000114440918,10.130000114440918,0,0.0,0.0
2022-11-11 00:00:00-05:00,10.130000114440918,10.130000114440918,10.119999885559082,10.119999885559082,3000,0.0,0.0
2022-11-14 00:00:00-05:00,10.149999618530273,10.149999618530273,10.135000228881836,10.135000228881836,300,0.0,0.0
2022-11-15 00:00:00-05:00,10.050000190734863,10.140000343322754,10.050000190734863,10.140000343322754,88700,0.0,0.0
2022-11-16 00:00:00-05:00,10.140000343322754,10.140000343322754,10.140000343322754,10.140000343322754,0,0.0,0.0
2022-11-17 00:00:00-05:00,10.079999923706055,10.109999656677246,10.069999694824219,10.109999656677246,59900,0.0,0.0
2022-11-18 00:00:00-05:00,10.109999656677246,10.109999656677246,10.109999656677246,10.109999656677246,100,0.0,0.0
2022-11-21 00:00:00-05:00,10.109999656677246,10.109999656677246,10.109999656677246,10.109999656677246,100,0.0,0.0
2022-11-22 00:00:00-05:00,10.109999656677246,10.109999656677246,10.109999656677246,10.109999656677246,100,0.0,0.0
2022-11-23 00:00:00-05:00,10.069999694824219,10.09000015258789,10.069999694824219,10.09000015258789,13100,0.0,0.0
2022-11-25 00:00:00-05:00,10.100000381469727,10.100000381469727,10.100000381469727,10.100000381469727,400,0.0,0.0
2022-11-28 00:00:00-05:00,10.100000381469727,10.100000381469727,10.100000381469727,10.100000381469727,2500,0.0,0.0
2022-11-29 00:00:00-05:00,10.100000381469727,10.100000381469727,10.100000381469727,10.100000381469727,0,0.0,0.0
2022-11-30 00:00:00-05:00,10.100000381469727,10.100000381469727,10.100000381469727,10.100000381469727,0,0.0,0.0
2022-12-01 00:00:00-05:00,10.100000381469727,10.100000381469727,10.100000381469727,10.100000381469727,0,0.0,0.0
2022-12-02 00:00:00-05:00,10.079999923706055,10.149999618530273,10.079999923706055,10.149999618530273,3500,0.0,0.0
2022-12-05 00:00:00-05:00,10.149999618530273,10.149999618530273,10.149999618530273,10.149999618530273,0,0.0,0.0
2022-12-06 00:00:00-05:00,10.149999618530273,10.149999618530273,10.149999618530273,10.149999618530273,0,0.0,0.0
2022-12-07 00:00:00-05:00,10.149999618530273,10.149999618530273,10.149999618530273,10.149999618530273,0,0.0,0.0
2022-12-08 00:00:00-05:00,10.149999618530273,10.149999618530273,10.149999618530273,10.149999618530273,0,0.0,0.0
2022-12-09 00:00:00-05:00,10.149999618530273,10.149999618530273,10.149999618530273,10.149999618530273,0,0.0,0.0
2022-12-12 00:00:00-05:00,10.199999809265137,10.199999809265137,10.199999809265137,10.199999809265137,100,0.0,0.0
2022-12-13 00:00:00-05:00,10.130000114440918,10.180000305175781,10.130000114440918,10.180000305175781,16300,0.0,0.0
2022-12-14 00:00:00-05:00,10.180000305175781,10.180000305175781,10.180000305175781,10.180000305175781,0,0.0,0.0
2022-12-15 00:00:00-05:00,10.180000305175781,10.180000305175781,10.180000305175781,10.180000305175781,0,0.0,0.0
2022-12-16 00:00:00-05:00,10.149999618530273,10.1899995803833,10.145000457763672,10.145000457763672,15900,0.0,0.0
2022-12-19 00:00:00-05:00,10.149999618530273,10.149999618530273,10.140000343322754,10.140000343322754,800,0.0,0.0
2022-12-20 00:00:00-05:00,10.140000343322754,10.149999618530273,10.140000343322754,10.140000343322754,102500,0.0,0.0
2022-12-21 00:00:00-05:00,10.140000343322754,10.149999618530273,10.140000343322754,10.140000343322754,51700,0.0,0.0
2022-12-22 00:00:00-05:00,10.145000457763672,10.149999618530273,10.145000457763672,10.149999618530273,91900,0.0,0.0
2022-12-23 00:00:00-05:00,10.140000343322754,10.149999618530273,10.140000343322754,10.149999618530273,12100,0.0,0.0
2022-12-27 00:00:00-05:00,10.149999618530273,10.15999984741211,10.149999618530273,10.15999984741211,13500,0.0,0.0
2022-12-28 00:00:00-05:00,10.15999984741211,10.15999984741211,10.15999984741211,10.15999984741211,0,0.0,0.0
2022-12-29 00:00:00-05:00,10.199999809265137,10.229999542236328,10.199999809265137,10.229999542236328,2100,0.0,0.0
2022-12-30 00:00:00-05:00,10.25,10.25,10.199999809265137,10.199999809265137,227100,0.0,0.0
2023-01-03 00:00:00-05:00,10.270000457763672,10.875,10.220000267028809,10.220000267028809,34700,0.0,0.0
2023-01-04 00:00:00-05:00,10.220000267028809,10.800000190734863,10.199999809265137,10.25,264800,0.0,0.0
2023-01-05 00:00:00-05:00,10.25,10.25,10.25,10.25,0,0.0,0.0
2023-01-06 00:00:00-05:00,10.229999542236328,10.239999771118164,10.229999542236328,10.239999771118164,682800,0.0,0.0
2023-01-09 00:00:00-05:00,10.289999961853027,10.289999961853027,10.239999771118164,10.239999771118164,264200,0.0,0.0
2023-01-10 00:00:00-05:00,10.239999771118164,10.239999771118164,10.239999771118164,10.239999771118164,40000,0.0,0.0
2023-01-11 00:00:00-05:00,10.274999618530273,10.274999618530273,10.239999771118164,10.265000343322754,7300,0.0,0.0
2023-01-12 00:00:00-05:00,10.239999771118164,10.239999771118164,10.239999771118164,10.239999771118164,300,0.0,0.0
2023-01-13 00:00:00-05:00,10.149999618530273,10.270000457763672,10.149999618530273,10.25,13900,0.0,0.0
2023-01-17 00:00:00-05:00,10.75,10.75,10.25,10.274999618530273,6400,0.0,0.0
2023-01-18 00:00:00-05:00,10.270000457763672,10.28499984741211,10.270000457763672,10.28499984741211,378200,0.0,0.0
2023-01-19 00:00:00-05:00,10.279999732971191,10.289999961853027,10.274999618530273,10.279999732971191,18600,0.0,0.0
2023-01-20 00:00:00-05:00,10.279999732971191,10.279999732971191,10.279999732971191,10.279999732971191,0,0.0,0.0
2023-01-23 00:00:00-05:00,10.279999732971191,10.279999732971191,10.279999732971191,10.279999732971191,0,0.0,0.0
2023-01-24 00:00:00-05:00,10.3100004196167,10.3100004196167,10.3100004196167,10.3100004196167,200,0.0,0.0
2023-01-25 00:00:00-05:00,10.25,10.289999961853027,10.25,10.260000228881836,21600,0.0,0.0
2023-01-26 00:00:00-05:00,10.260000228881836,10.260000228881836,10.260000228881836,10.260000228881836,0,0.0,0.0
2023-01-27 00:00:00-05:00,10.260000228881836,10.260000228881836,10.260000228881836,10.260000228881836,0,0.0,0.0
2023-01-30 00:00:00-05:00,10.260000228881836,10.260000228881836,10.260000228881836,10.260000228881836,300,0.0,0.0
2023-01-31 00:00:00-05:00,10.279999732971191,10.295000076293945,10.279999732971191,10.295000076293945,400,0.0,0.0
2023-02-01 00:00:00-05:00,10.300000190734863,10.319999694824219,10.300000190734863,10.300000190734863,299800,0.0,0.0
2023-02-02 00:00:00-05:00,10.3100004196167,10.319999694824219,10.300000190734863,10.319999694824219,2700,0.0,0.0
2023-02-03 00:00:00-05:00,10.300000190734863,10.3100004196167,10.300000190734863,10.3100004196167,1400,0.0,0.0
2023-02-06 00:00:00-05:00,10.319999694824219,10.319999694824219,10.279999732971191,10.3100004196167,93200,0.0,0.0
2023-02-07 00:00:00-05:00,10.300000190734863,10.3100004196167,10.300000190734863,10.3100004196167,42400,0.0,0.0
2023-02-08 00:00:00-05:00,10.3100004196167,10.3100004196167,10.3100004196167,10.3100004196167,0,0.0,0.0
2023-02-09 00:00:00-05:00,10.3100004196167,10.3100004196167,10.3100004196167,10.3100004196167,300,0.0,0.0
2023-02-10 00:00:00-05:00,10.3149995803833,10.319999694824219,10.300000190734863,10.3149995803833,162400,0.0,0.0
2023-02-13 00:00:00-05:00,10.300000190734863,10.3100004196167,10.300000190734863,10.3100004196167,400,0.0,0.0
2023-02-14 00:00:00-05:00,10.3100004196167,10.3100004196167,10.289999961853027,10.3100004196167,1500,0.0,0.0
2023-02-15 00:00:00-05:00,10.312999725341797,10.319999694824219,10.3100004196167,10.319999694824219,128800,0.0,0.0
2023-02-16 00:00:00-05:00,10.3100004196167,10.329999923706055,10.3100004196167,10.329999923706055,300,0.0,0.0
2023-02-17 00:00:00-05:00,10.329999923706055,10.34000015258789,10.319999694824219,10.329999923706055,14100,0.0,0.0
2023-02-21 00:00:00-05:00,10.34000015258789,10.34000015258789,10.34000015258789,10.34000015258789,12700,0.0,0.0
2023-02-22 00:00:00-05:00,10.345000267028809,10.350000381469727,10.345000267028809,10.345000267028809,50400,0.0,0.0
2023-02-23 00:00:00-05:00,10.350000381469727,10.350000381469727,10.335000038146973,10.350000381469727,596100,0.0,0.0
2023-02-24 00:00:00-05:00,10.359999656677246,10.359999656677246,10.350000381469727,10.350000381469727,1600,0.0,0.0
2023-02-27 00:00:00-05:00,10.390000343322754,10.390000343322754,10.390000343322754,10.390000343322754,800,0.0,0.0
2023-02-28 00:00:00-05:00,10.380000114440918,10.390000343322754,10.369999885559082,10.380000114440918,6100,0.0,0.0
2023-03-01 00:00:00-05:00,10.369999885559082,10.380000114440918,10.369999885559082,10.380000114440918,1400,0.0,0.0
2023-03-02 00:00:00-05:00,10.390000343322754,10.390000343322754,10.350000381469727,10.350000381469727,146800,0.0,0.0
2023-03-03 00:00:00-05:00,10.350000381469727,10.354999542236328,10.350000381469727,10.354999542236328,54700,0.0,0.0
2023-03-06 00:00:00-05:00,10.364999771118164,10.364999771118164,10.364999771118164,10.364999771118164,700,0.0,0.0
2023-03-07 00:00:00-05:00,10.364999771118164,10.364999771118164,10.364999771118164,10.364999771118164,0,0.0,0.0
2023-03-08 00:00:00-05:00,10.380000114440918,10.390000343322754,10.375,10.385000228881836,1626000,0.0,0.0
2023-03-09 00:00:00-05:00,10.375,10.375,10.369999885559082,10.369999885559082,3300,0.0,0.0
2023-03-10 00:00:00-05:00,10.380000114440918,10.385000228881836,10.369999885559082,10.375,38700,0.0,0.0
2023-03-13 00:00:00-04:00,10.390000343322754,10.395000457763672,10.369999885559082,10.395000457763672,101700,0.0,0.0
2023-03-14 00:00:00-04:00,10.38700008392334,10.38700008392334,10.38700008392334,10.38700008392334,1600,0.0,0.0
2023-03-15 00:00:00-04:00,10.425000190734863,10.569999694824219,10.420000076293945,10.420000076293945,17800,0.0,0.0
2023-03-16 00:00:00-04:00,10.404999732971191,10.404999732971191,10.404999732971191,10.404999732971191,93700,0.0,0.0
2023-03-17 00:00:00-04:00,10.404999732971191,10.404999732971191,10.404999732971191,10.404999732971191,0,0.0,0.0
2023-03-20 00:00:00-04:00,10.385000228881836,10.399999618530273,10.380000114440918,10.390000343322754,26400,0.0,0.0
2023-03-21 00:00:00-04:00,10.399999618530273,10.479999542236328,10.380000114440918,10.399999618530273,25100,0.0,0.0
2023-03-22 00:00:00-04:00,10.40999984741211,10.40999984741211,10.399999618530273,10.399999618530273,3600,0.0,0.0
2023-03-23 00:00:00-04:00,10.427000045776367,10.430000305175781,10.420000076293945,10.425000190734863,8800,0.0,0.0
2023-03-24 00:00:00-04:00,10.430000305175781,10.430000305175781,10.420000076293945,10.420000076293945,2000,0.0,0.0
2023-03-27 00:00:00-04:00,10.630000114440918,10.729999542236328,10.420000076293945,10.430000305175781,24700,0.0,0.0
2023-03-28 00:00:00-04:00,10.430000305175781,10.430000305175781,10.430000305175781,10.430000305175781,0,0.0,0.0
2023-03-29 00:00:00-04:00,10.619999885559082,10.649999618530273,10.4399995803833,10.4399995803833,21400,0.0,0.0
2023-03-30 00:00:00-04:00,10.4399995803833,10.4399995803833,10.4399995803833,10.4399995803833,0,0.0,0.0
2023-03-31 00:00:00-04:00,10.4399995803833,10.4399995803833,10.4399995803833,10.4399995803833,0,0.0,0.0
2023-04-03 00:00:00-04:00,10.460000038146973,10.460000038146973,10.449999809265137,10.449999809265137,300,0.0,0.0
2023-04-04 00:00:00-04:00,10.449999809265137,10.449999809265137,10.449999809265137,10.449999809265137,0,0.0,0.0
2023-04-05 00:00:00-04:00,10.449999809265137,10.449999809265137,10.449999809265137,10.449999809265137,0,0.0,0.0
2023-04-06 00:00:00-04:00,10.430000305175781,10.430000305175781,10.430000305175781,10.430000305175781,1700,0.0,0.0
2023-04-10 00:00:00-04:00,10.489999771118164,10.489999771118164,10.425000190734863,10.430000305175781,37500,0.0,0.0
2023-04-11 00:00:00-04:00,10.4399995803833,10.4399995803833,10.420000076293945,10.420000076293945,500,0.0,0.0
2023-04-12 00:00:00-04:00,10.423999786376953,10.423999786376953,10.420000076293945,10.420000076293945,7700,0.0,0.0
2023-04-13 00:00:00-04:00,10.4399995803833,10.4399995803833,10.420000076293945,10.4399995803833,9100,0.0,0.0
2023-04-14 00:00:00-04:00,10.430000305175781,10.430000305175781,10.430000305175781,10.430000305175781,7400,0.0,0.0
2023-04-17 00:00:00-04:00,10.4399995803833,10.4399995803833,10.4399995803833,10.4399995803833,200,0.0,0.0
2023-04-18 00:00:00-04:00,10.4399995803833,10.4399995803833,10.4399995803833,10.4399995803833,0,0.0,0.0
2023-04-19 00:00:00-04:00,10.430000305175781,10.430000305175781,10.420000076293945,10.430000305175781,200600,0.0,0.0
2023-04-20 00:00:00-04:00,10.430000305175781,10.430000305175781,10.430000305175781,10.430000305175781,31600,0.0,0.0
2023-04-21 00:00:00-04:00,10.430000305175781,10.430000305175781,10.430000305175781,10.430000305175781,0,0.0,0.0
2023-04-24 00:00:00-04:00,10.430000305175781,10.4350004196167,10.430000305175781,10.430000305175781,75200,0.0,0.0
2023-04-25 00:00:00-04:00,10.425000190734863,10.425000190734863,10.420000076293945,10.420000076293945,321600,0.0,0.0
2023-04-26 00:00:00-04:00,10.420000076293945,10.430000305175781,10.40999984741211,10.420000076293945,414300,0.0,0.0
2023-04-27 00:00:00-04:00,10.420000076293945,10.420000076293945,10.414999961853027,10.414999961853027,211100,0.0,0.0
2023-04-28 00:00:00-04:00,10.399999618530273,10.420000076293945,10.399999618530273,10.420000076293945,128200,0.0,0.0
2023-05-01 00:00:00-04:00,10.399999618530273,10.430000305175781,10.390000343322754,10.430000305175781,36100,0.0,0.0
2023-05-02 00:00:00-04:00,10.430000305175781,10.430000305175781,10.430000305175781,10.430000305175781,0,0.0,0.0
2023-05-03 00:00:00-04:00,10.430000305175781,10.430000305175781,10.430000305175781,10.430000305175781,100,0.0,0.0
2023-05-04 00:00:00-04:00,10.199999809265137,10.420000076293945,10.199999809265137,10.300000190734863,12800,0.0,0.0
2023-05-05 00:00:00-04:00,10.369999885559082,10.380000114440918,10.149999618530273,10.229999542236328,26300,0.0,0.0
2023-05-08 00:00:00-04:00,10.270000457763672,10.3100004196167,10.210000038146973,10.3100004196167,11600,0.0,0.0
2023-05-09 00:00:00-04:00,10.270000457763672,10.369999885559082,10.270000457763672,10.369999885559082,2900,0.0,0.0
2023-05-10 00:00:00-04:00,10.399999618530273,10.399999618530273,10.25,10.25,500,0.0,0.0
2023-05-11 00:00:00-04:00,10.15999984741211,10.15999984741211,10.15999984741211,10.15999984741211,500,0.0,0.0
2023-05-12 00:00:00-04:00,10.15999984741211,10.15999984741211,10.15999984741211,10.15999984741211,0,0.0,0.0
2023-05-15 00:00:00-04:00,10.15999984741211,10.15999984741211,10.15999984741211,10.15999984741211,0,0.0,0.0
2023-05-16 00:00:00-04:00,10.210000038146973,10.210000038146973,10.180000305175781,10.180000305175781,600,0.0,0.0
2023-05-17 00:00:00-04:00,10.180000305175781,10.180000305175781,10.180000305175781,10.180000305175781,0,0.0,0.0
2023-05-18 00:00:00-04:00,10.15999984741211,10.210000038146973,10.149999618530273,10.149999618530273,2600,0.0,0.0
2023-05-19 00:00:00-04:00,10.149999618530273,10.149999618530273,10.149999618530273,10.149999618530273,0,0.0,0.0
2023-05-22 00:00:00-04:00,10.149999618530273,10.149999618530273,10.149999618530273,10.149999618530273,0,0.0,0.0
2023-05-23 00:00:00-04:00,10.319999694824219,10.319999694824219,10.289999961853027,10.289999961853027,6000,0.0,0.0
2023-05-24 00:00:00-04:00,10.199999809265137,10.210000038146973,10.199999809265137,10.210000038146973,200,0.0,0.0
2023-05-25 00:00:00-04:00,10.210000038146973,10.210000038146973,10.210000038146973,10.210000038146973,0,0.0,0.0
2023-05-26 00:00:00-04:00,10.199999809265137,10.199999809265137,10.199999809265137,10.199999809265137,1200,0.0,0.0
2023-05-30 00:00:00-04:00,10.199999809265137,10.199999809265137,10.199999809265137,10.199999809265137,200,0.0,0.0
2023-05-31 00:00:00-04:00,10.199999809265137,10.199999809265137,10.199999809265137,10.199999809265137,0,0.0,0.0
2023-06-01 00:00:00-04:00,10.210000038146973,10.210000038146973,10.210000038146973,10.210000038146973,500,0.0,0.0
2023-06-02 00:00:00-04:00,10.210000038146973,10.210000038146973,10.210000038146973,10.210000038146973,0,0.0,0.0
2023-06-05 00:00:00-04:00,10.210000038146973,10.210000038146973,10.210000038146973,10.210000038146973,0,0.0,0.0
2023-06-06 00:00:00-04:00,10.225000381469727,10.225000381469727,10.225000381469727,10.225000381469727,200,0.0,0.0
2023-06-07 00:00:00-04:00,10.270000457763672,10.270000457763672,10.270000457763672,10.270000457763672,200,0.0,0.0
2023-06-08 00:00:00-04:00,10.270000457763672,10.270000457763672,10.270000457763672,10.270000457763672,0,0.0,0.0
2023-06-09 00:00:00-04:00,10.270000457763672,10.270000457763672,10.270000457763672,10.270000457763672,0,0.0,0.0
2023-06-12 00:00:00-04:00,10.270000457763672,10.270000457763672,10.270000457763672,10.270000457763672,0,0.0,0.0
2023-06-13 00:00:00-04:00,10.270000457763672,10.270000457763672,10.270000457763672,10.270000457763672,0,0.0,0.0
2023-06-14 00:00:00-04:00,10.270000457763672,10.270000457763672,10.270000457763672,10.270000457763672,0,0.0,0.0
2023-06-15 00:00:00-04:00,10.270000457763672,10.270000457763672,10.270000457763672,10.270000457763672,0,0.0,0.0
2023-06-16 00:00:00-04:00,10.270000457763672,10.270000457763672,10.270000457763672,10.270000457763672,0,0.0,0.0
2023-06-20 00:00:00-04:00,10.270000457763672,10.270000457763672,10.270000457763672,10.270000457763672,0,0.0,0.0
2023-06-21 00:00:00-04:00,10.270000457763672,10.270000457763672,10.270000457763672,10.270000457763672,0,0.0,0.0
2023-06-22 00:00:00-04:00,10.270000457763672,10.270000457763672,10.270000457763672,10.270000457763672,100,0.0,0.0
2023-06-23 00:00:00-04:00,10.75,10.75,10.279999732971191,10.289999961853027,800,0.0,0.0
2023-06-26 00:00:00-04:00,10.289999961853027,10.289999961853027,10.289999961853027,10.289999961853027,0,0.0,0.0
2023-06-27 00:00:00-04:00,10.289999961853027,10.289999961853027,10.289999961853027,10.289999961853027,100,0.0,0.0
2023-06-28 00:00:00-04:00,10.260000228881836,10.260000228881836,10.260000228881836,10.260000228881836,200,0.0,0.0
2023-06-29 00:00:00-04:00,10.270000457763672,10.270000457763672,10.270000457763672,10.270000457763672,1600,0.0,0.0
2023-06-30 00:00:00-04:00,10.289999961853027,10.3100004196167,10.28499984741211,10.289999961853027,7400,0.0,0.0
2023-07-03 00:00:00-04:00,10.289999961853027,10.289999961853027,10.289999961853027,10.289999961853027,0,0.0,0.0
2023-07-05 00:00:00-04:00,10.3100004196167,10.3100004196167,10.3100004196167,10.3100004196167,3100,0.0,0.0
2023-07-06 00:00:00-04:00,10.4399995803833,10.4399995803833,10.4399995803833,10.4399995803833,56000,0.0,0.0
2023-07-07 00:00:00-04:00,10.4399995803833,10.4399995803833,10.4399995803833,10.4399995803833,0,0.0,0.0
2023-07-10 00:00:00-04:00,10.4399995803833,10.4399995803833,10.4399995803833,10.4399995803833,0,0.0,0.0
2023-07-11 00:00:00-04:00,10.289999961853027,10.289999961853027,10.289999961853027,10.289999961853027,100,0.0,0.0
2023-07-12 00:00:00-04:00,10.289999961853027,10.289999961853027,10.289999961853027,10.289999961853027,0,0.0,0.0
2023-07-13 00:00:00-04:00,10.289999961853027,10.289999961853027,10.289999961853027,10.289999961853027,0,0.0,0.0
2023-07-14 00:00:00-04:00,10.289999961853027,10.289999961853027,10.289999961853027,10.289999961853027,0,0.0,0.0
2023-07-17 00:00:00-04:00,10.289999961853027,10.289999961853027,10.289999961853027,10.289999961853027,0,0.0,0.0
2023-07-18 00:00:00-04:00,10.289999961853027,10.289999961853027,10.289999961853027,10.289999961853027,0,0.0,0.0
2023-07-19 00:00:00-04:00,10.289999961853027,10.289999961853027,10.289999961853027,10.289999961853027,100,0.0,0.0
2023-07-20 00:00:00-04:00,10.289999961853027,10.289999961853027,10.289999961853027,10.289999961853027,0,0.0,0.0
2023-07-21 00:00:00-04:00,10.289999961853027,10.289999961853027,10.289999961853027,10.289999961853027,0,0.0,0.0
2023-07-24 00:00:00-04:00,10.289999961853027,10.289999961853027,10.289999961853027,10.289999961853027,0,0.0,0.0
2023-07-25 00:00:00-04:00,10.289999961853027,10.289999961853027,10.289999961853027,10.289999961853027,0,0.0,0.0
2023-07-26 00:00:00-04:00,10.289999961853027,10.289999961853027,10.289999961853027,10.289999961853027,0,0.0,0.0
2023-07-27 00:00:00-04:00,10.289999961853027,10.289999961853027,10.289999961853027,10.289999961853027,0,0.0,0.0
2023-07-28 00:00:00-04:00,10.350000381469727,10.350000381469727,10.350000381469727,10.350000381469727,1600,0.0,0.0
2023-07-31 00:00:00-04:00,10.350000381469727,10.350000381469727,10.350000381469727,10.350000381469727,0,0.0,0.0
2023-08-01 00:00:00-04:00,10.399999618530273,10.449999809265137,10.399999618530273,10.399999618530273,13100,0.0,0.0
2023-08-02 00:00:00-04:00,10.449999809265137,10.449999809265137,10.449999809265137,10.449999809265137,600,0.0,0.0
2023-08-03 00:00:00-04:00,10.486000061035156,10.486000061035156,10.486000061035156,10.486000061035156,100,0.0,0.0
2023-08-04 00:00:00-04:00,10.486000061035156,10.486000061035156,10.486000061035156,10.486000061035156,0,0.0,0.0
2023-08-07 00:00:00-04:00,10.489999771118164,10.489999771118164,10.489999771118164,10.489999771118164,500,0.0,0.0
2023-08-08 00:00:00-04:00,10.5,10.5,10.5,10.5,500,0.0,0.0
2023-08-09 00:00:00-04:00,10.5,10.5,10.489999771118164,10.489999771118164,1100,0.0,0.0
2023-08-10 00:00:00-04:00,10.479999542236328,10.489999771118164,10.479999542236328,10.489999771118164,11400,0.0,0.0
2023-08-11 00:00:00-04:00,10.5,10.5,10.5,10.5,100,0.0,0.0
2023-08-14 00:00:00-04:00,10.5,10.5,10.5,10.5,300,0.0,0.0
2023-08-15 00:00:00-04:00,10.449999809265137,10.460000038146973,10.449999809265137,10.449999809265137,6000,0.0,0.0
2023-08-16 00:00:00-04:00,10.449999809265137,10.449999809265137,10.449999809265137,10.449999809265137,400,0.0,0.0
2023-08-17 00:00:00-04:00,10.449999809265137,10.449999809265137,10.449999809265137,10.449999809265137,0,0.0,0.0
2023-08-18 00:00:00-04:00,10.460000038146973,10.460000038146973,10.460000038146973,10.460000038146973,200,0.0,0.0
2023-08-21 00:00:00-04:00,10.460000038146973,10.510000228881836,10.460000038146973,10.510000228881836,9800,0.0,0.0
2023-08-22 00:00:00-04:00,10.470000267028809,11.5600004196167,10.470000267028809,10.600000381469727,6000,0.0,0.0
2023-08-23 00:00:00-04:00,10.609999656677246,10.725000381469727,10.600000381469727,10.600000381469727,5200,0.0,0.0
2023-08-24 00:00:00-04:00,10.470000267028809,10.569999694824219,10.470000267028809,10.569999694824219,14200,0.0,0.0
2023-08-25 00:00:00-04:00,10.550000190734863,10.609999656677246,10.550000190734863,10.609999656677246,2700,0.0,0.0
2023-08-28 00:00:00-04:00,10.550000190734863,10.59000015258789,10.550000190734863,10.550000190734863,4800,0.0,0.0
2023-08-29 00:00:00-04:00,10.585000038146973,10.600000381469727,10.569999694824219,10.600000381469727,900,0.0,0.0
2023-08-30 00:00:00-04:00,10.585000038146973,10.585000038146973,10.569999694824219,10.569999694824219,1200,0.0,0.0
2023-08-31 00:00:00-04:00,10.845000267028809,10.845000267028809,10.609999656677246,10.609999656677246,1500,0.0,0.0
2023-09-01 00:00:00-04:00,10.609999656677246,10.609999656677246,10.609999656677246,10.609999656677246,0,0.0,0.0
2023-09-05 00:00:00-04:00,10.609999656677246,10.609999656677246,10.609999656677246,10.609999656677246,0,0.0,0.0
2023-09-06 00:00:00-04:00,10.609999656677246,10.609999656677246,10.609999656677246,10.609999656677246,0,0.0,0.0
2023-09-07 00:00:00-04:00,10.609999656677246,10.609999656677246,10.609999656677246,10.609999656677246,0,0.0,0.0
2023-09-08 00:00:00-04:00,10.59000015258789,10.59000015258789,10.569999694824219,10.569999694824219,5100,0.0,0.0
2023-09-11 00:00:00-04:00,10.569999694824219,10.609999656677246,10.5600004196167,10.609999656677246,1100,0.0,0.0
2023-09-12 00:00:00-04:00,10.845000267028809,10.845000267028809,10.585000038146973,10.585000038146973,600,0.0,0.0
2023-09-13 00:00:00-04:00,10.59000015258789,11.180000305175781,10.5600004196167,10.5600004196167,3900,0.0,0.0
2023-09-14 00:00:00-04:00,10.5600004196167,10.5600004196167,10.5600004196167,10.5600004196167,0,0.0,0.0
2023-09-15 00:00:00-04:00,10.5600004196167,11.270000457763672,10.5600004196167,10.609999656677246,4900,0.0,0.0
2023-09-18 00:00:00-04:00,10.5600004196167,10.609999656677246,10.5600004196167,10.609999656677246,1300,0.0,0.0
2023-09-19 00:00:00-04:00,11.0600004196167,11.541000366210938,10.5600004196167,10.609999656677246,8200,0.0,0.0
2023-09-20 00:00:00-04:00,10.579999923706055,10.579999923706055,10.579999923706055,10.579999923706055,600,0.0,0.0
2023-09-21 00:00:00-04:00,10.569999694824219,10.852999687194824,10.569999694824219,10.604999542236328,4700,0.0,0.0
2023-09-22 00:00:00-04:00,10.600000381469727,11.550000190734863,10.600000381469727,10.65999984741211,10500,0.0,0.0
2023-09-25 00:00:00-04:00,10.600000381469727,10.951000213623047,10.600000381469727,10.65999984741211,11500,0.0,0.0
2023-09-26 00:00:00-04:00,10.640000343322754,11.489999771118164,10.619999885559082,10.630000114440918,11800,0.0,0.0
2023-09-27 00:00:00-04:00,10.927000045776367,11.489999771118164,10.630000114440918,10.654999732971191,15100,0.0,0.0
2023-09-28 00:00:00-04:00,10.630000114440918,11.489999771118164,10.630000114440918,10.6899995803833,19300,0.0,0.0
2023-09-29 00:00:00-04:00,10.569999694824219,11.425000190734863,10.569999694824219,10.675000190734863,16900,0.0,0.0
2023-10-02 00:00:00-04:00,10.649999618530273,10.954000473022461,10.649999618530273,10.649999618530273,8000,0.0,0.0
2023-10-03 00:00:00-04:00,10.649999618530273,11.069999694824219,10.640000343322754,10.699999809265137,15600,0.0,0.0
2023-10-04 00:00:00-04:00,10.640000343322754,11.0649995803833,10.640000343322754,10.760000228881836,2400,0.0,0.0
2023-10-05 00:00:00-04:00,10.569999694824219,11.121000289916992,10.569999694824219,10.6899995803833,17100,0.0,0.0
2023-10-06 00:00:00-04:00,10.89900016784668,10.89900016784668,10.640000343322754,10.6899995803833,4300,0.0,0.0
2023-10-09 00:00:00-04:00,11.0600004196167,11.489999771118164,10.630000114440918,10.649999618530273,16900,0.0,0.0
2023-10-10 00:00:00-04:00,11.03499984741211,11.03499984741211,10.569999694824219,10.649999618530273,4500,0.0,0.0
2023-10-11 00:00:00-04:00,11.069999694824219,11.489999771118164,10.640000343322754,10.640000343322754,13500,0.0,0.0
2023-10-12 00:00:00-04:00,10.979999542236328,10.979999542236328,10.569999694824219,10.65999984741211,5400,0.0,0.0
2023-10-13 00:00:00-04:00,11.149999618530273,11.149999618530273,10.640000343322754,10.65999984741211,8900,0.0,0.0
2023-10-16 00:00:00-04:00,10.989999771118164,10.989999771118164,10.65999984741211,10.65999984741211,2300,0.0,0.0
2023-10-17 00:00:00-04:00,10.901000022888184,11.005000114440918,10.649999618530273,10.699999809265137,13400,0.0,0.0
2023-10-18 00:00:00-04:00,10.6899995803833,10.6899995803833,10.6899995803833,10.6899995803833,400,0.0,0.0
2023-10-19 00:00:00-04:00,10.6899995803833,10.6899995803833,10.6899995803833,10.6899995803833,400,0.0,0.0
2023-10-20 00:00:00-04:00,10.6899995803833,10.6899995803833,10.6899995803833,10.6899995803833,200,0.0,0.0
2023-10-23 00:00:00-04:00,10.6899995803833,10.6899995803833,10.6899995803833,10.6899995803833,0,0.0,0.0
2023-10-24 00:00:00-04:00,10.6899995803833,10.6899995803833,10.6899995803833,10.6899995803833,0,0.0,0.0
2023-10-25 00:00:00-04:00,10.6899995803833,10.6899995803833,10.6899995803833,10.6899995803833,0,0.0,0.0
2023-10-26 00:00:00-04:00,10.6899995803833,10.6899995803833,10.6899995803833,10.6899995803833,0,0.0,0.0
2023-10-27 00:00:00-04:00,10.6899995803833,10.6899995803833,10.6899995803833,10.6899995803833,0,0.0,0.0
2023-10-30 00:00:00-04:00,10.6899995803833,10.6899995803833,10.6899995803833,10.6899995803833,100,0.0,0.0
2023-10-31 00:00:00-04:00,10.6899995803833,10.6899995803833,10.6899995803833,10.6899995803833,100,0.0,0.0
2023-11-01 00:00:00-04:00,10.670000076293945,10.670000076293945,10.670000076293945,10.670000076293945,1100,0.0,0.0
2023-11-02 00:00:00-04:00,10.670000076293945,10.670000076293945,10.670000076293945,10.670000076293945,0,0.0,0.0
2023-11-03 00:00:00-04:00,10.670000076293945,10.670000076293945,10.670000076293945,10.670000076293945,0,0.0,0.0
2023-11-06 00:00:00-05:00,10.670000076293945,10.670000076293945,10.670000076293945,10.670000076293945,0,0.0,0.0
2023-11-07 00:00:00-05:00,10.65999984741211,10.75100040435791,10.579999923706055,10.609999656677246,3000,0.0,0.0
2023-11-08 00:00:00-05:00,10.630000114440918,10.65999984741211,10.609999656677246,10.65999984741211,12100,0.0,0.0
2023-11-09 00:00:00-05:00,10.65999984741211,10.65999984741211,10.649999618530273,10.65999984741211,3200,0.0,0.0
2023-11-10 00:00:00-05:00,10.65999984741211,10.65999984741211,10.630000114440918,10.630000114440918,2000,0.0,0.0
2023-11-13 00:00:00-05:00,10.630000114440918,10.630000114440918,10.630000114440918,10.630000114440918,0,0.0,0.0
2023-11-14 00:00:00-05:00,10.770000457763672,10.770000457763672,10.649999618530273,10.649999618530273,3100,0.0,0.0
2023-11-15 00:00:00-05:00,10.649999618530273,10.649999618530273,10.649999618530273,10.649999618530273,0,0.0,0.0
2023-11-16 00:00:00-05:00,10.649999618530273,10.649999618530273,10.649999618530273,10.649999618530273,0,0.0,0.0
2023-11-17 00:00:00-05:00,10.649999618530273,10.649999618530273,10.649999618530273,10.649999618530273,0,0.0,0.0
2023-11-20 00:00:00-05:00,10.649999618530273,10.649999618530273,10.649999618530273,10.649999618530273,0,0.0,0.0
2023-11-21 00:00:00-05:00,10.65999984741211,10.65999984741211,10.65999984741211,10.65999984741211,200,0.0,0.0
2023-11-22 00:00:00-05:00,10.699999809265137,10.699999809265137,10.649999618530273,10.649999618530273,11300,0.0,0.0
2023-11-24 00:00:00-05:00,10.649999618530273,10.649999618530273,10.649999618530273,10.649999618530273,0,0.0,0.0
2023-11-27 00:00:00-05:00,10.65999984741211,10.65999984741211,10.649999618530273,10.65999984741211,21800,0.0,0.0
2023-11-28 00:00:00-05:00,10.65999984741211,10.65999984741211,10.65999984741211,10.65999984741211,0,0.0,0.0
2023-11-29 00:00:00-05:00,10.65999984741211,10.65999984741211,10.65999984741211,10.65999984741211,0,0.0,0.0
2023-11-30 00:00:00-05:00,10.869999885559082,10.90999984741211,10.869999885559082,10.90999984741211,1100,0.0,0.0
2023-12-01 00:00:00-05:00,10.90999984741211,10.90999984741211,10.90999984741211,10.90999984741211,0,0.0,0.0
2023-12-04 00:00:00-05:00,10.75,10.75,10.729999542236328,10.729999542236328,2500,0.0,0.0
2023-12-05 00:00:00-05:00,10.729999542236328,10.729999542236328,10.729999542236328,10.729999542236328,0,0.0,0.0
2023-12-06 00:00:00-05:00,10.729999542236328,10.729999542236328,10.729999542236328,10.729999542236328,0,0.0,0.0
2023-12-07 00:00:00-05:00,10.729999542236328,10.729999542236328,10.729999542236328,10.729999542236328,0,0.0,0.0
2023-12-08 00:00:00-05:00,10.729999542236328,10.729999542236328,10.729999542236328,10.729999542236328,0,0.0,0.0
2023-12-11 00:00:00-05:00,10.729999542236328,10.729999542236328,10.729999542236328,10.729999542236328,0,0.0,0.0
2023-12-12 00:00:00-05:00,10.729999542236328,10.760000228881836,10.729999542236328,10.760000228881836,200,0.0,0.0
2023-12-13 00:00:00-05:00,10.779999732971191,10.779999732971191,10.779999732971191,10.779999732971191,100,0.0,0.0
2023-12-14 00:00:00-05:00,10.779999732971191,10.779999732971191,10.779999732971191,10.779999732971191,0,0.0,0.0
2023-12-15 00:00:00-05:00,10.779999732971191,10.779999732971191,10.779999732971191,10.779999732971191,200,0.0,0.0
2023-12-18 00:00:00-05:00,10.8100004196167,10.8100004196167,10.8100004196167,10.8100004196167,100,0.0,0.0
2023-12-19 00:00:00-05:00,10.8100004196167,10.8100004196167,10.8100004196167,10.8100004196167,0,0.0,0.0
2023-12-20 00:00:00-05:00,10.800000190734863,10.800000190734863,10.800000190734863,10.800000190734863,100,0.0,0.0
2023-12-21 00:00:00-05:00,10.800000190734863,10.800000190734863,10.800000190734863,10.800000190734863,0,0.0,0.0
2023-12-22 00:00:00-05:00,10.800000190734863,10.800000190734863,10.800000190734863,10.800000190734863,0,0.0,0.0
2023-12-26 00:00:00-05:00,10.770000457763672,10.770000457763672,10.770000457763672,10.770000457763672,100,0.0,0.0
2023-12-27 00:00:00-05:00,10.770000457763672,10.770000457763672,10.770000457763672,10.770000457763672,0,0.0,0.0
2023-12-28 00:00:00-05:00,10.770000457763672,10.770000457763672,10.770000457763672,10.770000457763672,0,0.0,0.0
2023-12-29 00:00:00-05:00,10.770000457763672,10.770000457763672,10.770000457763672,10.770000457763672,0,0.0,0.0
2024-01-02 00:00:00-05:00,10.789999961853027,10.800000190734863,10.789999961853027,10.795000076293945,3500,0.0,0.0
2024-01-03 00:00:00-05:00,10.795000076293945,10.795000076293945,10.789999961853027,10.795000076293945,1400,0.0,0.0
2024-01-04 00:00:00-05:00,10.789999961853027,10.789999961853027,10.720000267028809,10.75,299400,0.0,0.0
2024-01-05 00:00:00-05:00,10.75,10.75,10.75,10.75,0,0.0,0.0
2024-01-08 00:00:00-05:00,10.75,10.75,10.75,10.75,0,0.0,0.0
2024-01-09 00:00:00-05:00,10.779999732971191,10.779999732971191,10.779999732971191,10.779999732971191,21100,0.0,0.0
2024-01-10 00:00:00-05:00,10.779999732971191,10.779999732971191,10.779999732971191,10.779999732971191,0,0.0,0.0
2024-01-11 00:00:00-05:00,10.789999961853027,10.789999961853027,10.789999961853027,10.789999961853027,1000,0.0,0.0
2024-01-12 00:00:00-05:00,10.765000343322754,10.800000190734863,10.765000343322754,10.800000190734863,300,0.0,0.0
2024-01-16 00:00:00-05:00,10.8100004196167,10.829999923706055,10.8100004196167,10.829999923706055,54300,0.0,0.0
2024-01-17 00:00:00-05:00,10.829999923706055,10.829999923706055,10.829999923706055,10.829999923706055,200,0.0,0.0
2024-01-18 00:00:00-05:00,10.819999694824219,10.819999694824219,10.819999694824219,10.819999694824219,500200,0.0,0.0
2024-01-19 00:00:00-05:00,10.84000015258789,10.84000015258789,10.84000015258789,10.84000015258789,900,0.0,0.0
2024-01-22 00:00:00-05:00,10.829999923706055,10.84000015258789,10.829999923706055,10.84000015258789,1300,0.0,0.0
2024-01-23 00:00:00-05:00,10.850000381469727,10.930000305175781,10.850000381469727,10.930000305175781,800,0.0,0.0
2024-01-24 00:00:00-05:00,10.850000381469727,10.850000381469727,10.800000190734863,10.800000190734863,269200,0.0,0.0
2024-01-25 00:00:00-05:00,10.800000190734863,10.805000305175781,10.789999961853027,10.795000076293945,72200,0.0,0.0
2024-01-26 00:00:00-05:00,10.789999961853027,10.829999923706055,10.789999961853027,10.829999923706055,585700,0.0,0.0
2024-01-29 00:00:00-05:00,10.859999656677246,10.859999656677246,10.829999923706055,10.829999923706055,306200,0.0,0.0
2024-01-30 00:00:00-05:00,10.8100004196167,10.829999923706055,10.8100004196167,10.829999923706055,18300,0.0,0.0
2024-01-31 00:00:00-05:00,10.859999656677246,10.899999618530273,10.850000381469727,10.899999618530273,49400,0.0,0.0
2024-02-01 00:00:00-05:00,10.850000381469727,10.850000381469727,10.850000381469727,10.850000381469727,359200,0.0,0.0
2024-02-02 00:00:00-05:00,10.880000114440918,10.970000267028809,10.880000114440918,10.949999809265137,35800,0.0,0.0
2024-02-05 00:00:00-05:00,10.949999809265137,10.949999809265137,10.949999809265137,10.949999809265137,2700,0.0,0.0
2024-02-06 00:00:00-05:00,10.949999809265137,11.029999732971191,10.949999809265137,11.0,12100,0.0,0.0
2024-02-07 00:00:00-05:00,10.899999618530273,10.899999618530273,10.899999618530273,10.899999618530273,300,0.0,0.0
2024-02-08 00:00:00-05:00,10.920000076293945,11.300000190734863,10.920000076293945,11.300000190734863,200,0.0,0.0
2024-02-09 00:00:00-05:00,11.199999809265137,12.125,11.199999809265137,12.0,47100,0.0,0.0
2024-02-12 00:00:00-05:00,12.0,12.0,12.0,12.0,0,0.0,0.0
2024-02-13 00:00:00-05:00,11.260000228881836,11.260000228881836,11.260000228881836,11.260000228881836,400,0.0,0.0
2024-02-14 00:00:00-05:00,11.229999542236328,11.680000305175781,10.9399995803833,10.9399995803833,900,0.0,0.0
2024-02-15 00:00:00-05:00,11.899999618530273,11.899999618530273,10.90999984741211,11.40999984741211,2500,0.0,0.0
2024-02-16 00:00:00-05:00,10.899999618530273,11.850000381469727,10.890000343322754,11.449999809265137,2800,0.0,0.0
2024-02-20 00:00:00-05:00,11.449999809265137,11.449999809265137,11.449999809265137,11.449999809265137,0,0.0,0.0
2024-02-21 00:00:00-05:00,11.449999809265137,11.449999809265137,11.449999809265137,11.449999809265137,0,0.0,0.0
2024-02-22 00:00:00-05:00,11.989999771118164,12.0,11.979999542236328,12.0,1800,0.0,0.0
2024-02-23 00:00:00-05:00,12.600000381469727,13.779999732971191,12.600000381469727,13.779999732971191,1200,0.0,0.0
2024-02-26 00:00:00-05:00,12.789999961853027,12.859999656677246,11.5,12.859999656677246,13800,0.0,0.0
2024-02-27 00:00:00-05:00,13.6899995803833,15.0,12.40999984741211,12.40999984741211,4600,0.0,0.0
2024-02-28 00:00:00-05:00,12.399999618530273,12.399999618530273,12.399999618530273,12.399999618530273,700,0.0,0.0
2024-02-29 00:00:00-05:00,12.010000228881836,12.300000190734863,12.0,12.0,6400,0.0,0.0
2024-03-01 00:00:00-05:00,12.0,12.0,12.0,12.0,200,0.0,0.0
2024-03-04 00:00:00-05:00,12.0,12.0,12.0,12.0,100,0.0,0.0
2024-03-05 00:00:00-05:00,12.0,12.0,12.0,12.0,0,0.0,0.0
2024-03-06 00:00:00-05:00,12.0,12.0,12.0,12.0,0,0.0,0.0
2024-03-07 00:00:00-05:00,12.0,12.0,12.0,12.0,0,0.0,0.0
2024-03-08 00:00:00-05:00,12.0,12.0,12.0,12.0,0,0.0,0.0
2024-03-11 00:00:00-04:00,12.0,12.0,12.0,12.0,0,0.0,0.0
2024-03-12 00:00:00-04:00,12.0,12.0,12.0,12.0,0,0.0,0.0
2024-03-13 00:00:00-04:00,12.0,12.0,12.0,12.0,0,0.0,0.0
2024-03-14 00:00:00-04:00,12.15999984741211,12.15999984741211,12.15999984741211,12.15999984741211,200,0.0,0.0
2024-03-15 00:00:00-04:00,12.15999984741211,12.15999984741211,12.15999984741211,12.15999984741211,0,0.0,0.0
2024-03-18 00:00:00-04:00,12.15999984741211,12.15999984741211,12.15999984741211,12.15999984741211,0,0.0,0.0
2024-03-19 00:00:00-04:00,12.5,12.942999839782715,12.5,12.5,32400,0.0,0.0
2024-03-20 00:00:00-04:00,12.5,12.875,12.5,12.875,1800,0.0,0.0
2024-03-21 00:00:00-04:00,12.5,12.5,12.5,12.5,2100,0.0,0.0
2024-03-22 00:00:00-04:00,12.5,12.5,12.5,12.5,1000,0.0,0.0
2024-03-25 00:00:00-04:00,12.689000129699707,12.689000129699707,12.689000129699707,12.689000129699707,100,0.0,0.0
2024-03-26 00:00:00-04:00,12.6899995803833,12.699999809265137,12.6899995803833,12.699999809265137,700,0.0,0.0
2024-03-27 00:00:00-04:00,12.699999809265137,12.699999809265137,12.699999809265137,12.699999809265137,0,0.0,0.0
2024-03-28 00:00:00-04:00,12.699999809265137,12.699999809265137,12.699999809265137,12.699999809265137,0,0.0,0.0
2024-04-01 00:00:00-04:00,12.800000190734863,12.800000190734863,12.800000190734863,12.800000190734863,20200,0.0,0.0
2024-04-02 00:00:00-04:00,12.800000190734863,12.800000190734863,12.800000190734863,12.800000190734863,0,0.0,0.0
2024-04-03 00:00:00-04:00,12.800000190734863,12.800000190734863,12.800000190734863,12.800000190734863,0,0.0,0.0
2024-04-04 00:00:00-04:00,12.800000190734863,12.800000190734863,12.800000190734863,12.800000190734863,0,0.0,0.0
2024-04-05 00:00:00-04:00,12.800000190734863,12.800000190734863,12.800000190734863,12.800000190734863,0,0.0,0.0
2024-04-08 00:00:00-04:00,12.800000190734863,12.800000190734863,12.800000190734863,12.800000190734863,0,0.0,0.0
2024-04-09 00:00:00-04:00,12.800000190734863,12.800000190734863,12.800000190734863,12.800000190734863,0,0.0,0.0
2024-04-10 00:00:00-04:00,12.800000190734863,12.800000190734863,12.800000190734863,12.800000190734863,0,0.0,0.0
2024-04-11 00:00:00-04:00,13.0,13.0,12.807000160217285,12.807000160217285,200,0.0,0.0
2024-04-12 00:00:00-04:00,11.640000343322754,11.640000343322754,11.640000343322754,11.640000343322754,200,0.0,0.0
2024-04-15 00:00:00-04:00,11.529999732971191,14.0,11.510000228881836,12.119999885559082,13200,0.0,0.0
2024-04-16 00:00:00-04:00,11.800000190734863,11.99899959564209,11.550000190734863,11.989999771118164,2000,0.0,0.0
2024-04-17 00:00:00-04:00,11.949999809265137,13.399999618530273,11.949999809265137,12.520000457763672,4200,0.0,0.0
2024-04-18 00:00:00-04:00,11.699999809265137,11.850000381469727,11.699999809265137,11.699999809265137,1000,0.0,0.0
2024-04-19 00:00:00-04:00,11.989999771118164,12.210000038146973,11.989999771118164,12.210000038146973,500,0.0,0.0
2024-04-22 00:00:00-04:00,12.0,12.0,12.0,12.0,100,0.0,0.0
2024-04-23 00:00:00-04:00,13.0,15.0,13.0,14.369999885559082,7900,0.0,0.0
2024-04-24 00:00:00-04:00,15.0,15.0,13.562000274658203,14.720000267028809,2000,0.0,0.0
2024-04-25 00:00:00-04:00,13.430000305175781,14.550000190734863,13.430000305175781,14.550000190734863,1000,0.0,0.0
2024-04-26 00:00:00-04:00,14.989999771118164,14.989999771118164,14.989999771118164,14.989999771118164,200,0.0,0.0
2024-04-29 00:00:00-04:00,14.649999618530273,14.649999618530273,13.520000457763672,13.979999542236328,2100,0.0,0.0
2024-04-30 00:00:00-04:00,13.050000190734863,13.539999961853027,13.0,13.539999961853027,1000,0.0,0.0
2024-05-01 00:00:00-04:00,13.270000457763672,13.600000381469727,13.270000457763672,13.600000381469727,1900,0.0,0.0
2024-05-02 00:00:00-04:00,14.0,14.0,13.720000267028809,13.720000267028809,1200,0.0,0.0
2024-05-03 00:00:00-04:00,14.119999885559082,16.729999542236328,14.119999885559082,14.300000190734863,13100,0.0,0.0
2024-05-06 00:00:00-04:00,14.0,14.0,13.050000190734863,13.25,1100,0.0,0.0
2024-05-07 00:00:00-04:00,13.020000457763672,13.020000457763672,13.020000457763672,13.020000457763672,200,0.0,0.0
2024-05-08 00:00:00-04:00,13.020000457763672,13.020000457763672,13.020000457763672,13.020000457763672,0,0.0,0.0
2024-05-09 00:00:00-04:00,13.020000457763672,13.020000457763672,13.020000457763672,13.020000457763672,0,0.0,0.0
2024-05-10 00:00:00-04:00,13.0,13.0,13.0,13.0,1700,0.0,0.0
2024-05-13 00:00:00-04:00,11.699999809265137,13.0,11.699999809265137,13.0,400,0.0,0.0
2024-05-14 00:00:00-04:00,13.0,13.0,13.0,13.0,200,0.0,0.0
2024-05-15 00:00:00-04:00,13.020000457763672,13.020000457763672,13.010000228881836,13.020000457763672,700,0.0,0.0
2024-05-16 00:00:00-04:00,13.020000457763672,13.020000457763672,13.020000457763672,13.020000457763672,0,0.0,0.0
2024-05-17 00:00:00-04:00,13.020000457763672,13.020000457763672,13.020000457763672,13.020000457763672,0,0.0,0.0
2024-05-20 00:00:00-04:00,13.020000457763672,13.020000457763672,13.020000457763672,13.020000457763672,0,0.0,0.0
2024-05-21 00:00:00-04:00,13.649999618530273,14.899999618530273,13.649999618530273,13.770000457763672,8500,0.0,0.0
2024-05-22 00:00:00-04:00,14.979999542236328,14.979999542236328,13.550000190734863,14.0,1100,0.0,0.0
2024-05-23 00:00:00-04:00,14.0,14.800000190734863,13.0,13.899999618530273,3000,0.0,0.0
2024-05-24 00:00:00-04:00,13.15999984741211,13.15999984741211,13.100000381469727,13.140000343322754,400,0.0,0.0
2024-05-28 00:00:00-04:00,13.140000343322754,13.140000343322754,13.140000343322754,13.140000343322754,0,0.0,0.0
2024-05-29 00:00:00-04:00,13.140000343322754,13.140000343322754,13.140000343322754,13.140000343322754,0,0.0,0.0
2024-05-30 00:00:00-04:00,13.300000190734863,13.899999618530273,13.300000190734863,13.600000381469727,2800,0.0,0.0
2024-05-31 00:00:00-04:00,15.5,36.52000045776367,15.0,15.119999885559082,199000,0.0,0.0
2024-06-03 00:00:00-04:00,14.300000190734863,17.299999237060547,13.5600004196167,13.869999885559082,47600,0.0,0.0
2024-06-04 00:00:00-04:00,13.5,17.6200008392334,13.5,15.074999809265137,90200,0.0,0.0
2024-06-05 00:00:00-04:00,14.085000038146973,14.149999618530273,13.520000457763672,13.609999656677246,13200,0.0,0.0
2024-06-06 00:00:00-04:00,13.0,14.279999732971191,13.0,13.350000381469727,13700,0.0,0.0
2024-06-07 00:00:00-04:00,13.199999809265137,13.789999961853027,13.079999923706055,13.109999656677246,8500,0.0,0.0
2024-06-10 00:00:00-04:00,13.0,13.420000076293945,13.0,13.109999656677246,4400,0.0,0.0
2024-06-11 00:00:00-04:00,13.130000114440918,13.5,13.130000114440918,13.5,2200,0.0,0.0
2024-06-12 00:00:00-04:00,13.5,13.699999809265137,13.3100004196167,13.699999809265137,3200,0.0,0.0
2024-06-13 00:00:00-04:00,13.229999542236328,13.779999732971191,13.229999542236328,13.779999732971191,1800,0.0,0.0
2024-06-14 00:00:00-04:00,13.779999732971191,13.779999732971191,13.779999732971191,13.779999732971191,0,0.0,0.0
2024-06-17 00:00:00-04:00,13.149999618530273,14.0,13.149999618530273,13.260000228881836,2300,0.0,0.0
2024-06-18 00:00:00-04:00,13.319999694824219,13.630000114440918,13.319999694824219,13.630000114440918,5600,0.0,0.0
2024-06-20 00:00:00-04:00,13.460000038146973,14.069999694824219,13.25,13.539999961853027,6400,0.0,0.0
2024-06-21 00:00:00-04:00,14.468999862670898,14.468999862670898,13.109999656677246,13.109999656677246,2400,0.0,0.0
2024-06-24 00:00:00-04:00,13.109999656677246,13.109999656677246,13.109999656677246,13.109999656677246,0,0.0,0.0
2024-06-25 00:00:00-04:00,13.199999809265137,13.600000381469727,13.199999809265137,13.600000381469727,800,0.0,0.0
2024-06-26 00:00:00-04:00,13.170000076293945,13.600000381469727,13.140000343322754,13.15999984741211,20200,0.0,0.0
2024-06-27 00:00:00-04:00,13.119999885559082,13.350000381469727,13.0600004196167,13.350000381469727,2800,0.0,0.0
2024-06-28 00:00:00-04:00,13.100000381469727,13.100000381469727,13.069999694824219,13.069999694824219,600,0.0,0.0
2024-07-01 00:00:00-04:00,13.069999694824219,13.069999694824219,13.069999694824219,13.069999694824219,0,0.0,0.0
2024-07-02 00:00:00-04:00,13.020000457763672,13.170000076293945,13.020000457763672,13.170000076293945,400,0.0,0.0
2024-07-03 00:00:00-04:00,13.390000343322754,13.390000343322754,13.390000343322754,13.390000343322754,300,0.0,0.0
2024-07-05 00:00:00-04:00,13.390000343322754,13.390000343322754,13.390000343322754,13.390000343322754,0,0.0,0.0
2024-07-08 00:00:00-04:00,13.390000343322754,13.390000343322754,13.390000343322754,13.390000343322754,0,0.0,0.0
2024-07-09 00:00:00-04:00,13.09000015258789,13.09000015258789,13.09000015258789,13.09000015258789,200,0.0,0.0
2024-07-10 00:00:00-04:00,13.09000015258789,13.5,13.09000015258789,13.09000015258789,1200,0.0,0.0
2024-07-11 00:00:00-04:00,13.0,13.020000457763672,13.0,13.010000228881836,6800,0.0,0.0
2024-07-12 00:00:00-04:00,13.149999618530273,13.199999809265137,13.140000343322754,13.140000343322754,1300,0.0,0.0
2024-07-15 00:00:00-04:00,13.0600004196167,13.670000076293945,13.0,13.010000228881836,5200,0.0,0.0
2024-07-16 00:00:00-04:00,13.039999961853027,13.039999961853027,13.039999961853027,13.039999961853027,200,0.0,0.0
2024-07-17 00:00:00-04:00,13.0,13.600000381469727,13.0,13.600000381469727,5800,0.0,0.0
2024-07-18 00:00:00-04:00,13.039999961853027,13.039999961853027,13.039999961853027,13.039999961853027,200,0.0,0.0
2024-07-19 00:00:00-04:00,13.039999961853027,13.039999961853027,13.039999961853027,13.039999961853027,0,0.0,0.0
2024-07-22 00:00:00-04:00,14.9399995803833,14.9399995803833,14.3100004196167,14.3100004196167,700,0.0,0.0
2024-07-23 00:00:00-04:00,13.880000114440918,13.880000114440918,13.880000114440918,13.880000114440918,1200,0.0,0.0
2024-07-24 00:00:00-04:00,13.029999732971191,13.029999732971191,12.010000228881836,12.010000228881836,11500,0.0,0.0
2024-07-25 00:00:00-04:00,13.180000305175781,13.180000305175781,12.899999618530273,12.899999618530273,300,0.0,0.0
2024-07-26 00:00:00-04:00,12.899999618530273,12.899999618530273,12.899999618530273,12.899999618530273,0,0.0,0.0
2024-07-29 00:00:00-04:00,12.899999618530273,12.899999618530273,12.899999618530273,12.899999618530273,400,0.0,0.0
2024-07-30 00:00:00-04:00,12.010000228881836,12.010000228881836,12.010000228881836,12.010000228881836,200,0.0,0.0
2024-07-31 00:00:00-04:00,13.25,15.09000015258789,12.960000038146973,14.0,11700,0.0,0.0
2024-08-01 00:00:00-04:00,12.880000114440918,12.880000114440918,12.0,12.229999542236328,23600,0.0,0.0
2024-08-02 00:00:00-04:00,12.109999656677246,12.649999618530273,12.109999656677246,12.649999618530273,4300,0.0,0.0
2024-08-05 00:00:00-04:00,12.010000228881836,12.59000015258789,12.010000228881836,12.100000381469727,3900,0.0,0.0
2024-08-06 00:00:00-04:00,12.34000015258789,12.859999656677246,12.149999618530273,12.399999618530273,3900,0.0,0.0
2024-08-07 00:00:00-04:00,12.670000076293945,13.199999809265137,12.670000076293945,13.199999809265137,600,0.0,0.0
2024-08-08 00:00:00-04:00,14.0,14.0,13.899999618530273,13.899999618530273,400,0.0,0.0
2024-08-09 00:00:00-04:00,13.899999618530273,13.899999618530273,13.899999618530273,13.899999618530273,0,0.0,0.0
2024-08-12 00:00:00-04:00,13.100000381469727,16.31999969482422,13.100000381469727,16.0,12700,0.0,0.0
2024-08-13 00:00:00-04:00,15.119999885559082,15.119999885559082,13.5,13.649999618530273,14600,0.0,0.0
2024-08-14 00:00:00-04:00,14.5,14.989999771118164,14.5,14.989999771118164,1200,0.0,0.0
2024-08-15 00:00:00-04:00,14.989999771118164,14.989999771118164,14.0600004196167,14.0600004196167,800,0.0,0.0
2024-08-16 00:00:00-04:00,13.600000381469727,14.25,12.609999656677246,14.25,4200,0.0,0.0
2024-08-19 00:00:00-04:00,12.680000305175781,13.640000343322754,11.380000114440918,12.5,87700,0.0,0.0
2024-08-20 00:00:00-04:00,12.0,12.020000457763672,11.380000114440918,11.5,9800,0.0,0.0
2024-08-21 00:00:00-04:00,11.380000114440918,11.380000114440918,8.399999618530273,9.350000381469727,16700,0.0,0.0
2024-08-22 00:00:00-04:00,9.390000343322754,11.300000190734863,9.100000381469727,11.050000190734863,15200,0.0,0.0
2024-08-23 00:00:00-04:00,14.989999771118164,19.5,11.0,13.0,209700,0.0,0.0
2024-08-26 00:00:00-04:00,11.800000190734863,13.680000305175781,10.494999885559082,12.699999809265137,15800,0.0,0.0
2024-08-27 00:00:00-04:00,13.479999542236328,14.470000267028809,12.199999809265137,13.039999961853027,7300,0.0,0.0
2024-08-28 00:00:00-04:00,13.0600004196167,14.460000038146973,13.0600004196167,14.460000038146973,2200,0.0,0.0
2024-08-29 00:00:00-04:00,13.989999771118164,13.989999771118164,12.918000221252441,12.918000221252441,4800,0.0,0.0
2024-08-30 00:00:00-04:00,12.270000457763672,12.649999618530273,10.3100004196167,10.319999694824219,5600,0.0,0.0
2024-09-03 00:00:00-04:00,10.435999870300293,10.776000022888184,10.435999870300293,10.609999656677246,4100,0.0,0.0
2024-09-04 00:00:00-04:00,10.40999984741211,10.40999984741211,9.220000267028809,9.220000267028809,4000,0.0,0.0
2024-09-05 00:00:00-04:00,10.0,10.0,8.039999961853027,9.329999923706055,6500,0.0,0.0
2024-09-06 00:00:00-04:00,8.748000144958496,9.229999542236328,8.5,9.149999618530273,2700,0.0,0.0
2024-09-09 00:00:00-04:00,8.609999656677246,10.0,8.609999656677246,10.0,3000,0.0,0.0
2024-09-10 00:00:00-04:00,10.010000228881836,10.010000228881836,10.010000228881836,10.010000228881836,1100,0.0,0.0
2024-09-11 00:00:00-04:00,10.6899995803833,10.970000267028809,9.5,10.64900016784668,4100,0.0,0.0
2024-09-12 00:00:00-04:00,11.989999771118164,11.989999771118164,11.0,11.449999809265137,3900,0.0,0.0
2024-09-13 00:00:00-04:00,11.279999732971191,11.289999961853027,10.520000457763672,11.039999961853027,8200,0.0,0.0
2024-09-16 00:00:00-04:00,10.470000267028809,11.116999626159668,8.039999961853027,10.890000343322754,16200,0.0,0.0
2024-09-17 00:00:00-04:00,10.210000038146973,11.460000038146973,10.199999809265137,11.0,12800,0.0,0.0
2024-09-18 00:00:00-04:00,9.5,10.975000381469727,6.119999885559082,7.659999847412109,163400,0.0,0.0
2024-09-19 00:00:00-04:00,8.199999809265137,8.470000267028809,6.070000171661377,6.920000076293945,107400,0.0,0.0
2024-09-20 00:00:00-04:00,6.909999847412109,6.909999847412109,5.300000190734863,5.545000076293945,45800,0.0,0.0
2024-09-23 00:00:00-04:00,5.684999942779541,6.139999866485596,5.349999904632568,5.800000190734863,39700,0.0,0.0
2024-09-24 00:00:00-04:00,6.28000020980835,7.466000080108643,6.015999794006348,6.630000114440918,68800,0.0,0.0
2024-09-25 00:00:00-04:00,7.599999904632568,12.5,7.249000072479248,8.0,1561300,0.0,0.0
2024-09-26 00:00:00-04:00,9.850000381469727,10.107999801635742,8.850000381469727,9.279999732971191,235400,0.0,0.0
2024-09-27 00:00:00-04:00,10.010000228881836,10.25,9.10099983215332,9.609999656677246,216200,0.0,0.0
2024-09-30 00:00:00-04:00,9.800000190734863,9.965999603271484,7.860000133514404,7.96999979019165,90600,0.0,0.0
2024-10-01 00:00:00-04:00,8.0,8.1899995803833,7.659999847412109,8.0,36100,0.0,0.0
2024-10-02 00:00:00-04:00,9.359999656677246,9.359999656677246,8.0,8.1899995803833,40800,0.0,0.0
2024-10-03 00:00:00-04:00,9.300000190734863,9.300000190734863,8.229999542236328,8.3100004196167,73400,0.0,0.0
2024-10-04 00:00:00-04:00,8.399999618530273,8.555000305175781,7.889999866485596,8.0,40500,0.0,0.0
2024-10-07 00:00:00-04:00,8.369999885559082,8.75,8.149999618530273,8.210000038146973,86300,0.0,0.0
2024-10-08 00:00:00-04:00,8.1899995803833,8.25,8.0,8.0,26300,0.0,0.0
2024-10-09 00:00:00-04:00,8.020000457763672,8.833999633789062,7.989999771118164,7.989999771118164,52800,0.0,0.0
2024-10-10 00:00:00-04:00,8.100000381469727,8.350000381469727,7.599999904632568,7.739999771118164,85400,0.0,0.0
2024-10-11 00:00:00-04:00,7.679999828338623,8.020000457763672,7.550000190734863,7.550000190734863,89300,0.0,0.0
2024-10-14 00:00:00-04:00,7.5,7.920000076293945,7.360000133514404,7.5,12100,0.0,0.0
2024-10-15 00:00:00-04:00,7.760000228881836,8.199999809265137,7.409999847412109,7.53000020980835,61800,0.0,0.0
2024-10-16 00:00:00-04:00,7.900000095367432,7.900000095367432,7.401000022888184,7.440000057220459,50600,0.0,0.0
2024-10-17 00:00:00-04:00,7.78000020980835,8.100000381469727,7.460000038146973,7.5,60300,0.0,0.0
2024-10-18 00:00:00-04:00,7.590000152587891,7.702000141143799,7.400000095367432,7.420000076293945,27700,0.0,0.0
2024-10-21 00:00:00-04:00,7.590000152587891,7.590000152587891,7.329999923706055,7.355000019073486,65600,0.0,0.0
2024-10-22 00:00:00-04:00,7.360000133514404,7.570000171661377,7.21999979019165,7.21999979019165,63600,0.0,0.0
2024-10-23 00:00:00-04:00,7.199999809265137,7.255000114440918,7.119999885559082,7.119999885559082,37800,0.0,0.0
2024-10-24 00:00:00-04:00,7.269999980926514,7.320000171661377,7.099999904632568,7.320000171661377,6200,0.0,0.0
2024-10-25 00:00:00-04:00,7.199999809265137,7.5,7.119999885559082,7.150000095367432,24000,0.0,0.0
2024-10-28 00:00:00-04:00,7.159999847412109,7.420000076293945,7.059999942779541,7.090000152587891,87600,0.0,0.0
2024-10-29 00:00:00-04:00,7.210000038146973,7.373000144958496,7.059999942779541,7.059999942779541,31300,0.0,0.0
2024-10-30 00:00:00-04:00,7.119999885559082,7.309999942779541,7.0,7.0,19400,0.0,0.0
2024-10-31 00:00:00-04:00,7.170000076293945,7.179999828338623,6.690000057220459,6.690000057220459,8100,0.0,0.0
2024-11-01 00:00:00-04:00,7.050000190734863,7.050000190734863,6.650000095367432,6.860000133514404,7700,0.0,0.0
2024-11-04 00:00:00-05:00,6.880000114440918,7.119999885559082,6.809999942779541,6.809999942779541,11800,0.0,0.0
2024-11-05 00:00:00-05:00,7.010000228881836,7.059999942779541,7.010000228881836,7.010000228881836,5300,0.0,0.0
2024-11-06 00:00:00-05:00,6.659999847412109,7.0,6.659999847412109,6.679999828338623,10300,0.0,0.0
2024-11-07 00:00:00-05:00,6.800000190734863,6.90500020980835,6.670000076293945,6.670000076293945,4700,0.0,0.0
2024-11-08 00:00:00-05:00,6.820000171661377,6.949999809265137,6.800000190734863,6.849999904632568,23800,0.0,0.0
2024-11-11 00:00:00-05:00,7.190000057220459,7.239999771118164,6.800000190734863,7.020999908447266,35400,0.0,0.0
2024-11-12 00:00:00-05:00,7.309999942779541,7.309999942779541,6.75,6.960000038146973,116500,0.0,0.0
2024-11-13 00:00:00-05:00,7.03000020980835,7.050000190734863,6.800000190734863,6.960000038146973,147400,0.0,0.0
2024-11-14 00:00:00-05:00,7.159999847412109,7.170000076293945,6.820000171661377,6.889999866485596,85500,0.0,0.0
2024-11-15 00:00:00-05:00,6.900000095367432,6.9679999351501465,6.813000202178955,6.920000076293945,22100,0.0,0.0
2024-11-18 00:00:00-05:00,7.28000020980835,7.309999942779541,6.800000190734863,6.800000190734863,79900,0.0,0.0
2024-11-19 00:00:00-05:00,6.849999904632568,6.849999904632568,6.570000171661377,6.570000171661377,53100,0.0,0.0
2024-11-20 00:00:00-05:00,6.75,6.75,6.21999979019165,6.21999979019165,18300,0.0,0.0
2024-11-21 00:00:00-05:00,6.639999866485596,6.639999866485596,6.400000095367432,6.5,84500,0.0,0.0
2024-11-22 00:00:00-05:00,6.829999923706055,6.849999904632568,6.484000205993652,6.539999961853027,59200,0.0,0.0
2024-11-25 00:00:00-05:00,6.860000133514404,6.860000133514404,6.349999904632568,6.5,234700,0.0,0.0
2024-11-26 00:00:00-05:00,6.730000019073486,7.989999771118164,6.5,7.789999961853027,146900,0.0,0.0
2024-11-27 00:00:00-05:00,7.78000020980835,7.78000020980835,7.25,7.269999980926514,26000,0.0,0.0
2024-11-29 00:00:00-05:00,7.380000114440918,7.809999942779541,7.099999904632568,7.230000019073486,44200,0.0,0.0
2024-12-02 00:00:00-05:00,7.230000019073486,7.25,6.849999904632568,6.860000133514404,18800,0.0,0.0
2024-12-03 00:00:00-05:00,6.920000076293945,6.920000076293945,6.550000190734863,6.659999847412109,28000,0.0,0.0
2024-12-04 00:00:00-05:00,6.659999847412109,6.705999851226807,6.150000095367432,6.440000057220459,62000,0.0,0.0
2024-12-05 00:00:00-05:00,6.539999961853027,6.539999961853027,6.269999980926514,6.309999942779541,14600,0.0,0.0
2024-12-06 00:00:00-05:00,6.309999942779541,6.320000171661377,6.150000095367432,6.170000076293945,12900,0.0,0.0
2024-12-09 00:00:00-05:00,6.25,6.28000020980835,5.949999809265137,5.949999809265137,11500,0.0,0.0
2024-12-10 00:00:00-05:00,6.110000133514404,6.110000133514404,5.829999923706055,5.889999866485596,206600,0.0,0.0
2024-12-11 00:00:00-05:00,5.889999866485596,5.949999809265137,5.750999927520752,5.769999980926514,66900,0.0,0.0
2024-12-12 00:00:00-05:00,5.800000190734863,5.940000057220459,5.210000038146973,5.625,180500,0.0,0.0
2024-12-13 00:00:00-05:00,5.699999809265137,6.130000114440918,5.699999809265137,5.789999961853027,113100,0.0,0.0
2024-12-16 00:00:00-05:00,5.800000190734863,6.5,5.760000228881836,6.309999942779541,50400,0.0,0.0
2024-12-17 00:00:00-05:00,6.329999923706055,6.340000152587891,5.909999847412109,6.0,37800,0.0,0.0
2024-12-18 00:00:00-05:00,6.079999923706055,6.739999771118164,6.010000228881836,6.570000171661377,123900,0.0,0.0
2024-12-19 00:00:00-05:00,6.619999885559082,6.889999866485596,6.300000190734863,6.300000190734863,130000,0.0,0.0
2024-12-20 00:00:00-05:00,6.300000190734863,6.388999938964844,6.03000020980835,6.039999961853027,44400,0.0,0.0
2024-12-23 00:00:00-05:00,6.150000095367432,6.210000038146973,5.46999979019165,5.46999979019165,20500,0.0,0.0
2024-12-24 00:00:00-05:00,5.519999980926514,5.539000034332275,5.366000175476074,5.369999885559082,11100,0.0,0.0
2024-12-26 00:00:00-05:00,5.420000076293945,6.0,5.414999961853027,5.860000133514404,32900,0.0,0.0
2024-12-27 00:00:00-05:00,5.849999904632568,5.849999904632568,5.550000190734863,5.800000190734863,14900,0.0,0.0
2024-12-30 00:00:00-05:00,5.659999847412109,5.815999984741211,5.550000190734863,5.650000095367432,28700,0.0,0.0
2024-12-31 00:00:00-05:00,5.679999828338623,5.71999979019165,5.559999942779541,5.559999942779541,7300,0.0,0.0
2025-01-02 00:00:00-05:00,5.570000171661377,5.75,5.550000190734863,5.550000190734863,65700,0.0,0.0
2025-01-03 00:00:00-05:00,5.539999961853027,5.849999904632568,5.5,5.619999885559082,17200,0.0,0.0
2025-01-06 00:00:00-05:00,5.639999866485596,5.639999866485596,5.429999828338623,5.449999809265137,16300,0.0,0.0
2025-01-07 00:00:00-05:00,5.510000228881836,5.590000152587891,5.357999801635742,5.369999885559082,46800,0.0,0.0
2025-01-08 00:00:00-05:00,5.380000114440918,5.455999851226807,5.309999942779541,5.369999885559082,13000,0.0,0.0
2025-01-10 00:00:00-05:00,5.300000190734863,5.369999885559082,4.949999809265137,5.110000133514404,31100,0.0,0.0
2025-01-13 00:00:00-05:00,5.170000076293945,5.409999847412109,5.039999961853027,5.059999942779541,10900,0.0,0.0
2025-01-14 00:00:00-05:00,5.059999942779541,5.199999809265137,5.059999942779541,5.139999866485596,6400,0.0,0.0
2025-01-15 00:00:00-05:00,5.179999828338623,5.25,5.150000095367432,5.179999828338623,11000,0.0,0.0
2025-01-16 00:00:00-05:00,5.159999847412109,5.289999961853027,5.159999847412109,5.190000057220459,11700,0.0,0.0
2025-01-17 00:00:00-05:00,5.21999979019165,5.21999979019165,5.03000020980835,5.03000020980835,8900,0.0,0.0
2025-01-21 00:00:00-05:00,5.110000133514404,5.192999839782715,5.050000190734863,5.099999904632568,9600,0.0,0.0
2025-01-22 00:00:00-05:00,5.099999904632568,5.119999885559082,5.039999961853027,5.059999942779541,15600,0.0,0.0
2025-01-23 00:00:00-05:00,5.099999904632568,5.190000057220459,5.099999904632568,5.110000133514404,19000,0.0,0.0
2025-01-24 00:00:00-05:00,5.070000171661377,5.110000133514404,4.96999979019165,5.0,21200,0.0,0.0
2025-01-27 00:00:00-05:00,5.0,5.130000114440918,5.0,5.019999980926514,6600,0.0,0.0
2025-01-28 00:00:00-05:00,5.050000190734863,5.210000038146973,5.019999980926514,5.019999980926514,15300,0.0,0.0
2025-01-29 00:00:00-05:00,5.059999942779541,5.079999923706055,5.019999980926514,5.03000020980835,3000,0.0,0.0
2025-01-30 00:00:00-05:00,5.050000190734863,5.059999942779541,4.949999809265137,4.949999809265137,12000,0.0,0.0
2025-01-31 00:00:00-05:00,4.949999809265137,5.0,4.900000095367432,4.900000095367432,10600,0.0,0.0
2025-02-03 00:00:00-05:00,5.0,5.0,4.849999904632568,4.849999904632568,16800,0.0,0.0
2025-02-04 00:00:00-05:00,4.820000171661377,5.489999771118164,4.820000171661377,5.119999885559082,20900,0.0,0.0
2025-02-05 00:00:00-05:00,5.119999885559082,5.119999885559082,5.070000171661377,5.119999885559082,7100,0.0,0.0
2025-02-06 00:00:00-05:00,5.010000228881836,5.235000133514404,5.010000228881836,5.170000076293945,14000,0.0,0.0
2025-02-07 00:00:00-05:00,5.165999889373779,5.179999828338623,5.099999904632568,5.119999885559082,7900,0.0,0.0
2025-02-10 00:00:00-05:00,5.130000114440918,5.239999771118164,5.070000171661377,5.130000114440918,21800,0.0,0.0
2025-02-11 00:00:00-05:00,5.130000114440918,5.130000114440918,5.039999961853027,5.039999961853027,9900,0.0,0.0
2025-02-12 00:00:00-05:00,5.039999961853027,5.380000114440918,5.0329999923706055,5.159999847412109,37000,0.0,0.0
2025-02-13 00:00:00-05:00,5.800000190734863,7.0,5.061999797821045,5.099999904632568,276400,0.0,0.0
2025-02-14 00:00:00-05:00,5.25,5.460000038146973,4.739999771118164,4.78000020980835,60800,0.0,0.0
2025-02-18 00:00:00-05:00,4.800000190734863,4.835000038146973,4.5,4.550000190734863,44000,0.0,0.0
2025-02-19 00:00:00-05:00,4.559999942779541,4.760000228881836,4.559999942779541,4.690000057220459,14900,0.0,0.0
2025-02-20 00:00:00-05:00,4.75,4.840000152587891,4.690000057220459,4.690000057220459,16500,0.0,0.0
2025-02-21 00:00:00-05:00,4.71999979019165,4.71999979019165,4.510000228881836,4.559999942779541,23300,0.0,0.0
2025-02-24 00:00:00-05:00,4.630000114440918,4.75,4.599999904632568,4.699999809265137,9800,0.0,0.0
2025-02-25 00:00:00-05:00,4.96999979019165,4.96999979019165,4.71999979019165,4.71999979019165,29100,0.0,0.0
2025-02-26 00:00:00-05:00,4.900000095367432,5.25,4.800000190734863,5.010000228881836,26700,0.0,0.0
2025-02-27 00:00:00-05:00,5.039999961853027,5.488999843597412,5.039999961853027,5.150000095367432,26900,0.0,0.0
2025-02-28 00:00:00-05:00,5.130000114440918,5.291999816894531,4.900000095367432,4.900000095367432,35000,0.0,0.0
2025-03-03 00:00:00-05:00,5.010000228881836,5.010000228881836,4.599999904632568,4.599999904632568,60600,0.0,0.0
2025-03-04 00:00:00-05:00,4.599999904632568,4.900000095367432,4.599999904632568,4.659999847412109,26000,0.0,0.0
2025-03-05 00:00:00-05:00,4.690000057220459,4.800000190734863,4.599999904632568,4.599999904632568,12500,0.0,0.0
2025-03-06 00:00:00-05:00,4.599999904632568,4.670000076293945,2.619999885559082,3.0889999866485596,164700,0.0,0.0
2025-03-07 00:00:00-05:00,3.140000104904175,3.486999988555908,3.0799999237060547,3.2799999713897705,67800,0.0,0.0
2025-03-10 00:00:00-04:00,3.0199999809265137,3.325000047683716,3.0199999809265137,3.2899999618530273,35600,0.0,0.0
2025-03-11 00:00:00-04:00,3.359999895095825,3.4800000190734863,3.200000047683716,3.299999952316284,29600,0.0,0.0
2025-03-12 00:00:00-04:00,3.299999952316284,3.4000000953674316,3.200000047683716,3.299999952316284,24600,0.0,0.0
2025-03-13 00:00:00-04:00,3.4000000953674316,3.4000000953674316,3.25,3.25,17900,0.0,0.0
2025-03-14 00:00:00-04:00,3.309999942779541,3.380000114440918,3.25,3.259999990463257,22000,0.0,0.0
2025-03-17 00:00:00-04:00,3.369999885559082,3.5,3.200000047683716,3.299999952316284,30800,0.0,0.0
2025-03-18 00:00:00-04:00,3.5,3.5,3.0,3.109999895095825,30000,0.0,0.0
2025-03-19 00:00:00-04:00,3.2100000381469727,3.249000072479248,3.0999999046325684,3.2339999675750732,58800,0.0,0.0
2025-03-20 00:00:00-04:00,3.2300000190734863,3.9100000858306885,3.190000057220459,3.700000047683716,49200,0.0,0.0
2025-03-21 00:00:00-04:00,3.799999952316284,3.799999952316284,3.6500000953674316,3.740000009536743,10700,0.0,0.0
2025-03-24 00:00:00-04:00,3.740000009536743,4.006999969482422,3.5999999046325684,3.859999895095825,62400,0.0,0.0
2025-03-25 00:00:00-04:00,3.880000114440918,3.9820001125335693,3.609999895095825,3.7799999713897705,20800,0.0,0.0
2025-03-26 00:00:00-04:00,3.809999942779541,3.9800000190734863,3.7799999713897705,3.809999942779541,11600,0.0,0.0
2025-03-27 00:00:00-04:00,3.809999942779541,3.8589999675750732,3.75,3.75,5100,0.0,0.0
2025-03-28 00:00:00-04:00,3.75,3.809999942779541,3.0899999141693115,3.2799999713897705,40700,0.0,0.0
2025-03-31 00:00:00-04:00,3.2799999713897705,3.2799999713897705,3.1089999675750732,3.190000057220459,15200,0.0,0.0
2025-04-01 00:00:00-04:00,3.240000009536743,3.25,3.0399999618530273,3.0399999618530273,10800,0.0,0.0
2025-04-02 00:00:00-04:00,2.940000057220459,3.0399999618530273,2.9100000858306885,2.950000047683716,13800,0.0,0.0
2025-04-03 00:00:00-04:00,3.4200000762939453,3.4200000762939453,3.009999990463257,3.1700000762939453,28000,0.0,0.0
2025-04-04 00:00:00-04:00,3.299999952316284,3.369999885559082,3.111999988555908,3.2899999618530273,14000,0.0,0.0
2025-04-07 00:00:00-04:00,3.4200000762939453,3.4200000762939453,3.1600000858306885,3.4000000953674316,31900,0.0,0.0
2025-04-08 00:00:00-04:00,3.4200000762939453,3.4200000762939453,3.2200000286102295,3.2200000286102295,14900,0.0,0.0
2025-04-09 00:00:00-04:00,3.200000047683716,3.200000047683716,3.0,3.1700000762939453,7100,0.0,0.0
2025-04-10 00:00:00-04:00,4.900000095367432,4.900000095367432,3.2100000381469727,3.4000000953674316,68300,0.0,0.0
2025-04-11 00:00:00-04:00,3.859999895095825,4.245999813079834,3.4000000953674316,4.199999809265137,80700,0.0,0.0
2025-04-14 00:00:00-04:00,4.199999809265137,4.199999809265137,4.0,4.190000057220459,9500,0.0,0.0
2025-04-15 00:00:00-04:00,4.190000057220459,4.489999771118164,4.144999980926514,4.260000228881836,32700,0.0,0.0
2025-04-16 00:00:00-04:00,4.489999771118164,4.489999771118164,4.110000133514404,4.440000057220459,21600,0.0,0.0
2025-04-17 00:00:00-04:00,4.449999809265137,4.449999809265137,4.0,4.019999980926514,9600,0.0,0.0
2025-04-21 00:00:00-04:00,4.119999885559082,4.170000076293945,3.9800000190734863,4.110000133514404,8300,0.0,0.0
2025-04-22 00:00:00-04:00,3.9600000381469727,4.109000205993652,3.8499999046325684,3.930000066757202,5300,0.0,0.0
2025-04-23 00:00:00-04:00,3.950000047683716,4.184999942779541,3.549999952316284,3.680000066757202,75900,0.0,0.0
2025-04-24 00:00:00-04:00,3.7300000190734863,3.950000047683716,3.5199999809265137,3.7300000190734863,17100,0.0,0.0
2025-04-25 00:00:00-04:00,3.9000000953674316,3.9000000953674316,3.5999999046325684,3.690000057220459,9800,0.0,0.0
2025-04-28 00:00:00-04:00,3.6600000858306885,3.7300000190734863,3.5299999713897705,3.5799999237060547,14800,0.0,0.0
2025-04-29 00:00:00-04:00,3.5799999237060547,3.5929999351501465,3.3499999046325684,3.3499999046325684,16400,0.0,0.0
2025-04-30 00:00:00-04:00,3.3499999046325684,3.4000000953674316,3.1700000762939453,3.190000057220459,15600,0.0,0.0
2025-05-01 00:00:00-04:00,3.190000057220459,3.299999952316284,3.109999895095825,3.140000104904175,17200,0.0,0.0
2025-05-02 00:00:00-04:00,3.109999895095825,3.180000066757202,3.0959999561309814,3.0959999561309814,8700,0.0,0.0
2025-05-05 00:00:00-04:00,3.0999999046325684,3.1500000953674316,3.0899999141693115,3.0899999141693115,5200,0.0,0.0
2025-05-06 00:00:00-04:00,3.1649999618530273,3.1649999618530273,3.009999990463257,3.119999885559082,17500,0.0,0.0
2025-05-07 00:00:00-04:00,3.069999933242798,3.3399999141693115,3.069999933242798,3.200000047683716,85500,0.0,0.0
2025-05-08 00:00:00-04:00,3.259999990463257,3.2990000247955322,3.069999933242798,3.240000009536743,35000,0.0,0.0
2025-05-09 00:00:00-04:00,3.240000009536743,3.6500000953674316,3.200000047683716,3.3299999237060547,64900,0.0,0.0
2025-05-12 00:00:00-04:00,3.4800000190734863,3.76200008392334,3.4000000953674316,3.4649999141693115,67700,0.0,0.0
2025-05-13 00:00:00-04:00,3.5999999046325684,3.700000047683716,3.5,3.5,26500,0.0,0.0
2025-05-14 00:00:00-04:00,3.549999952316284,3.549999952316284,3.359999895095825,3.359999895095825,8300,0.0,0.0
2025-05-15 00:00:00-04:00,3.4600000381469727,3.700000047683716,3.3499999046325684,3.4800000190734863,27900,0.0,0.0
2025-05-16 00:00:00-04:00,3.5,3.6480000019073486,3.4000000953674316,3.4000000953674316,50100,0.0,0.0
2025-05-19 00:00:00-04:00,3.4100000858306885,3.5,3.200000047683716,3.4100000858306885,24900,0.0,0.0
2025-05-20 00:00:00-04:00,3.450000047683716,3.859999895095825,3.430000066757202,3.549999952316284,244500,0.0,0.0
2025-05-21 00:00:00-04:00,3.549999952316284,3.8940000534057617,3.119999885559082,3.4700000286102295,340400,0.0,0.0
2025-05-22 00:00:00-04:00,3.440000057220459,4.599999904632568,3.319999933242798,3.8399999141693115,249300,0.0,0.0
2025-05-23 00:00:00-04:00,3.7899999618530273,4.739999771118164,3.700000047683716,4.550000190734863,185600,0.0,0.0
2025-05-27 00:00:00-04:00,4.619999885559082,4.900000095367432,4.230000019073486,4.599999904632568,236200,0.0,0.0
2025-05-28 00:00:00-04:00,4.579999923706055,4.639999866485596,4.230000019073486,4.5,95400,0.0,0.0
2025-05-29 00:00:00-04:00,4.199999809265137,4.839000225067139,4.099999904632568,4.650000095367432,103900,0.0,0.0
2025-05-30 00:00:00-04:00,4.599999904632568,5.539999961853027,4.300000190734863,5.130000114440918,203700,0.0,0.0
2025-06-02 00:00:00-04:00,5.139999866485596,5.139999866485596,4.349999904632568,4.675000190734863,112800,0.0,0.0
2025-06-03 00:00:00-04:00,4.650000095367432,5.150000095367432,4.5,4.840000152587891,87400,0.0,0.0
2025-06-04 00:00:00-04:00,4.889999866485596,5.130000114440918,4.800000190734863,4.84499979019165,125200,0.0,0.0
2025-06-05 00:00:00-04:00,4.809999942779541,5.179999828338623,4.730000019073486,5.110000133514404,90500,0.0,0.0
2025-06-06 00:00:00-04:00,5.110000133514404,5.190000057220459,4.71999979019165,4.71999979019165,94200,0.0,0.0
2025-06-09 00:00:00-04:00,4.789999961853027,5.159999847412109,4.760000228881836,4.889999866485596,70800,0.0,0.0
2025-06-10 00:00:00-04:00,4.900000095367432,4.925000190734863,4.760000228881836,4.78000020980835,74800,0.0,0.0
2025-06-11 00:00:00-04:00,4.75,4.800000190734863,4.630000114440918,4.639999866485596,45100,0.0,0.0
2025-06-12 00:00:00-04:00,4.550000190734863,4.679999828338623,4.474999904632568,4.480000019073486,118100,0.0,0.0
2025-06-13 00:00:00-04:00,4.449999809265137,4.550000190734863,4.360000133514404,4.429999828338623,80300,0.0,0.0
2025-06-16 00:00:00-04:00,4.409999847412109,4.650000095367432,4.25,4.440000057220459,73100,0.0,0.0
2025-06-17 00:00:00-04:00,4.5,4.690000057220459,4.400000095367432,4.53000020980835,108200,0.0,0.0
2025-06-18 00:00:00-04:00,4.5,4.670000076293945,4.369999885559082,4.650000095367432,99800,0.0,0.0
2025-06-20 00:00:00-04:00,4.710000038146973,4.710000038146973,4.110000133514404,4.309999942779541,219400,0.0,0.0
2025-06-23 00:00:00-04:00,4.309999942779541,4.369999885559082,4.170000076293945,4.340000152587891,44900,0.0,0.0
2025-06-24 00:00:00-04:00,4.360000133514404,4.429999828338623,4.21999979019165,4.269999980926514,55000,0.0,0.0
2025-06-25 00:00:00-04:00,4.269999980926514,4.289999961853027,4.130000114440918,4.269999980926514,24300,0.0,0.0
2025-06-26 00:00:00-04:00,4.269999980926514,4.739999771118164,4.2179999351501465,4.480000019073486,126300,0.0,0.0
2025-06-27 00:00:00-04:00,4.480000019073486,4.670000076293945,4.300000190734863,4.639999866485596,880000,0.0,0.0
2025-06-30 00:00:00-04:00,4.630000114440918,4.764999866485596,4.550000190734863,4.639999866485596,218500,0.0,0.0
2025-07-01 00:00:00-04:00,4.599999904632568,4.875,4.489999771118164,4.659999847412109,273900,0.0,0.0
2025-07-02 00:00:00-04:00,4.559999942779541,4.599999904632568,4.429999828338623,4.46999979019165,135900,0.0,0.0
2025-07-03 00:00:00-04:00,4.46999979019165,4.559999942779541,4.409999847412109,4.46999979019165,78300,0.0,0.0
2025-07-07 00:00:00-04:00,4.449999809265137,4.710000038146973,4.449999809265137,4.510000228881836,129500,0.0,0.0
2025-07-08 00:00:00-04:00,4.5,4.945000171661377,4.5,4.860000133514404,96200,0.0,0.0
2025-07-09 00:00:00-04:00,4.800000190734863,5.269999980926514,4.789999961853027,5.269999980926514,128400,0.0,0.0
2025-07-10 00:00:00-04:00,5.210000038146973,5.449999809265137,5.159999847412109,5.329999923706055,192400,0.0,0.0
2025-07-11 00:00:00-04:00,5.001999855041504,5.320000171661377,4.960000038146973,5.050000190734863,116100,0.0,0.0
2025-07-14 00:00:00-04:00,5.0,5.130000114440918,4.900000095367432,5.0,209400,0.0,0.0
2025-07-15 00:00:00-04:00,5.0,5.090000152587891,4.9039998054504395,4.929999828338623,140500,0.0,0.0
2025-07-16 00:00:00-04:00,4.900000095367432,5.239999771118164,4.900000095367432,5.239999771118164,134300,0.0,0.0
2025-07-17 00:00:00-04:00,5.079999923706055,5.610000133514404,5.0,5.489999771118164,204300,0.0,0.0
2025-07-18 00:00:00-04:00,5.550000190734863,5.75,5.199999809265137,5.650000095367432,261600,0.0,0.0
2025-07-21 00:00:00-04:00,5.699999809265137,5.699999809265137,5.083000183105469,5.21999979019165,244000,0.0,0.0
2025-07-22 00:00:00-04:00,5.199999809265137,5.281000137329102,4.980000019073486,4.980000019073486,171200,0.0,0.0
2025-07-23 00:00:00-04:00,5.03000020980835,5.070000171661377,4.724999904632568,4.920000076293945,109900,0.0,0.0
2025-07-24 00:00:00-04:00,4.920000076293945,4.920000076293945,4.789999961853027,4.869999885559082,19700,0.0,0.0
2025-07-25 00:00:00-04:00,4.800000190734863,4.829999923706055,4.599999904632568,4.760000228881836,45400,0.0,0.0
2025-07-28 00:00:00-04:00,4.75,4.75,4.539999961853027,4.599999904632568,24100,0.0,0.0
2025-07-29 00:00:00-04:00,4.590000152587891,4.599999904632568,4.329999923706055,4.380000114440918,42700,0.0,0.0
2025-07-30 00:00:00-04:00,4.389999866485596,4.480000019073486,4.300000190734863,4.389999866485596,37700,0.0,0.0
2025-07-31 00:00:00-04:00,4.380000114440918,4.400000095367432,4.295000076293945,4.329999923706055,34000,0.0,0.0
2025-08-01 00:00:00-04:00,4.329999923706055,4.369999885559082,4.085000038146973,4.179999828338623,29600,0.0,0.0
2025-08-04 00:00:00-04:00,4.159999847412109,4.349999904632568,4.15500020980835,4.320000171661377,51800,0.0,0.0
2025-08-05 00:00:00-04:00,4.340000152587891,4.489999771118164,4.28000020980835,4.369999885559082,34700,0.0,0.0
2025-08-06 00:00:00-04:00,4.400000095367432,4.400000095367432,4.190000057220459,4.369999885559082,33000,0.0,0.0
2025-08-07 00:00:00-04:00,4.34499979019165,4.34499979019165,4.199999809265137,4.230000019073486,21200,0.0,0.0
2025-08-08 00:00:00-04:00,4.289999961853027,4.425000190734863,4.260000228881836,4.400000095367432,20900,0.0,0.0
2025-08-11 00:00:00-04:00,4.409999847412109,4.539999961853027,4.369999885559082,4.440000057220459,43500,0.0,0.0
2025-08-12 00:00:00-04:00,4.440000057220459,4.590000152587891,4.304999828338623,4.539999961853027,70000,0.0,0.0
2025-08-13 00:00:00-04:00,4.099999904632568,4.394999980926514,3.8299999237060547,4.315000057220459,115100,0.0,0.0
2025-08-14 00:00:00-04:00,4.210000038146973,4.309999942779541,4.0,4.059999942779541,58500,0.0,0.0
2025-08-15 00:00:00-04:00,4.320000171661377,4.460000038146973,4.079999923706055,4.460000038146973,55400,0.0,0.0
2025-08-18 00:00:00-04:00,4.460000038146973,4.460000038146973,4.119999885559082,4.239999771118164,57000,0.0,0.0
2025-08-19 00:00:00-04:00,4.21999979019165,4.300000190734863,3.990000009536743,4.090000152587891,34100,0.0,0.0
2025-08-20 00:00:00-04:00,4.130000114440918,4.257999897003174,3.9600000381469727,3.990000009536743,33800,0.0,0.0
2025-08-21 00:00:00-04:00,4.059999942779541,4.449999809265137,3.9800000190734863,4.230000019073486,49600,0.0,0.0
2025-08-22 00:00:00-04:00,4.269999980926514,4.360000133514404,4.150000095367432,4.289999961853027,43500,0.0,0.0
2025-08-25 00:00:00-04:00,4.289999961853027,4.289999961853027,4.099999904632568,4.130000114440918,24200,0.0,0.0
2025-08-26 00:00:00-04:00,4.199999809265137,4.211999893188477,4.019999980926514,4.099999904632568,22200,0.0,0.0
2025-08-27 00:00:00-04:00,4.130000114440918,4.2729997634887695,4.050000190734863,4.179999828338623,14100,0.0,0.0
2025-08-28 00:00:00-04:00,4.179999828338623,4.179999828338623,4.034999847412109,4.079999923706055,34400,0.0,0.0
2025-08-29 00:00:00-04:00,4.139999866485596,4.139999866485596,4.050000190734863,4.079999923706055,10500,0.0,0.0
2025-09-02 00:00:00-04:00,4.0,4.170000076293945,3.9019999504089355,4.059999942779541,60000,0.0,0.0
2025-09-03 00:00:00-04:00,4.150000095367432,4.150000095367432,4.0,4.03000020980835,14000,0.0,0.0
2025-09-04 00:00:00-04:00,4.03000020980835,4.090000152587891,3.9800000190734863,4.070000171661377,42400,0.0,0.0
2025-09-05 00:00:00-04:00,4.099999904632568,4.199999809265137,3.990000009536743,4.150000095367432,33600,0.0,0.0
2025-09-08 00:00:00-04:00,4.25,5.070000171661377,4.159999847412109,4.989999771118164,211100,0.0,0.0
2025-09-09 00:00:00-04:00,4.900000095367432,5.0,4.565000057220459,4.730000019073486,68200,0.0,0.0
2025-09-10 00:00:00-04:00,4.610000133514404,4.610000133514404,4.349999904632568,4.460000038146973,49700,0.0,0.0
2025-09-11 00:00:00-04:00,4.349999904632568,4.619999885559082,4.340000152587891,4.489999771118164,64900,0.0,0.0
2025-09-12 00:00:00-04:00,4.400000095367432,4.510000228881836,4.28000020980835,4.480000019073486,33000,0.0,0.0
2025-09-15 00:00:00-04:00,4.420000076293945,4.590000152587891,4.34499979019165,4.519999980926514,66000,0.0,0.0
2025-09-16 00:00:00-04:00,4.440000057220459,4.550000190734863,4.360000133514404,4.480000019073486,51100,0.0,0.0
2025-09-17 00:00:00-04:00,4.400000095367432,4.579999923706055,4.360000133514404,4.559999942779541,91300,0.0,0.0
2025-09-18 00:00:00-04:00,4.519999980926514,4.829999923706055,4.4679999351501465,4.650000095367432,124200,0.0,0.0
2025-09-19 00:00:00-04:00,4.610000133514404,4.710000038146973,4.349999904632568,4.349999904632568,352400,0.0,0.0
2025-09-22 00:00:00-04:00,4.300000190734863,4.5,4.210000038146973,4.480000019073486,53800,0.0,0.0
2025-09-23 00:00:00-04:00,4.449999809265137,4.489999771118164,4.199999809265137,4.25,46300,0.0,0.0
2025-09-24 00:00:00-04:00,4.25,4.300000190734863,4.199999809265137,4.269999980926514,46100,0.0,0.0
2025-09-25 00:00:00-04:00,4.300000190734863,4.300000190734863,4.228000164031982,4.25,12400,0.0,0.0
2025-09-26 00:00:00-04:00,4.250999927520752,4.300000190734863,4.21999979019165,4.269999980926514,30800,0.0,0.0
2025-09-29 00:00:00-04:00,4.269999980926514,4.300000190734863,4.215000152587891,4.260000228881836,21300,0.0,0.0
2025-09-30 00:00:00-04:00,4.300000190734863,4.349999904632568,4.25,4.340000152587891,50200,0.0,0.0
2025-10-01 00:00:00-04:00,4.300000190734863,4.389999866485596,4.269999980926514,4.289999961853027,70200,0.0,0.0
2025-10-02 00:00:00-04:00,4.340000152587891,4.340000152587891,4.230000019073486,4.230000019073486,13300,0.0,0.0
2025-10-03 00:00:00-04:00,4.199999809265137,4.269999980926514,4.179999828338623,4.230000019073486,31700,0.0,0.0
2025-10-06 00:00:00-04:00,4.289999961853027,4.420000076293945,4.25,4.360000133514404,68200,0.0,0.0
2025-10-07 00:00:00-04:00,4.320000171661377,4.349999904632568,4.110000133514404,4.119999885559082,51000,0.0,0.0
2025-10-08 00:00:00-04:00,4.139999866485596,4.230000019073486,4.110000133514404,4.210000038146973,16000,0.0,0.0
2025-10-09 00:00:00-04:00,4.28000020980835,4.28000020980835,4.159999847412109,4.170000076293945,14900,0.0,0.0
2025-10-10 00:00:00-04:00,4.150000095367432,4.309999942779541,4.150000095367432,4.150000095367432,128900,0.0,0.0
2025-10-13 00:00:00-04:00,4.28000020980835,4.28000020980835,4.150000095367432,4.150000095367432,30200,0.0,0.0
2025-10-14 00:00:00-04:00,4.150000095367432,4.300000190734863,4.150000095367432,4.159999847412109,47900,0.0,0.0
2025-10-15 00:00:00-04:00,4.159999847412109,4.289999961853027,4.150000095367432,4.230000019073486,34500,0.0,0.0
2025-10-16 00:00:00-04:00,4.25,4.25,4.150000095367432,4.170000076293945,42600,0.0,0.0
2025-10-17 00:00:00-04:00,4.150000095367432,4.204999923706055,4.150000095367432,4.195000171661377,47600,0.0,0.0
2025-10-20 00:00:00-04:00,4.260000228881836,4.260000228881836,4.099999904632568,4.150000095367432,39000,0.0,0.0
2025-10-21 00:00:00-04:00,4.110000133514404,4.150000095367432,3.809999942779541,3.859999895095825,24600,0.0,0.0
2025-10-22 00:00:00-04:00,3.869999885559082,3.890000104904175,3.75,3.819999933242798,43300,0.0,0.0
2025-10-23 00:00:00-04:00,3.809999942779541,4.019000053405762,3.809999942779541,3.9100000858306885,23300,0.0,0.0
2025-10-24 00:00:00-04:00,3.9100000858306885,3.9100000858306885,3.619999885559082,3.6500000953674316,77500,0.0,0.0
2025-10-27 00:00:00-04:00,3.6500000953674316,3.7339999675750732,3.549999952316284,3.7100000381469727,67800,0.0,0.0
2025-10-28 00:00:00-04:00,3.7200000286102295,3.7300000190734863,3.6500000953674316,3.6600000858306885,35300,0.0,0.0
2025-10-29 00:00:00-04:00,3.569999933242798,3.619999885559082,3.380000114440918,3.380000114440918,49000,0.0,0.0
2025-10-30 00:00:00-04:00,3.4100000858306885,3.559000015258789,3.3499999046325684,3.390000104904175,38700,0.0,0.0
2025-10-31 00:00:00-04:00,3.359999895095825,3.380000114440918,3.200000047683716,3.259999990463257,77200,0.0,0.0
2025-11-03 00:00:00-05:00,3.380000114440918,3.38700008392334,3.200000047683716,3.259999990463257,35100,0.0,0.0
2025-11-04 00:00:00-05:00,3.309999942779541,3.309999942779541,3.200000047683716,3.2699999809265137,36100,0.0,0.0
2025-11-05 00:00:00-05:00,3.259999990463257,3.359999895095825,3.1500000953674316,3.180000066757202,42100,0.0,0.0
2025-11-06 00:00:00-05:00,3.140000104904175,3.190000057220459,3.0799999237060547,3.0799999237060547,28200,0.0,0.0
2025-11-07 00:00:00-05:00,3.109999895095825,3.25,3.0899999141693115,3.1500000953674316,30000,0.0,0.0
2025-11-10 00:00:00-05:00,3.200000047683716,3.430000066757202,3.1500000953674316,3.4200000762939453,38800,0.0,0.0
2025-11-11 00:00:00-05:00,3.430000066757202,3.440000057220459,3.2899999618530273,3.4000000953674316,29500,0.0,0.0
2025-11-12 00:00:00-05:00,3.4100000858306885,3.440000057220459,3.359999895095825,3.380000114440918,20800,0.0,0.0
2025-11-13 00:00:00-05:00,3.380000114440918,3.380000114440918,3.3299999237060547,3.359999895095825,26800,0.0,0.0
2025-11-14 00:00:00-05:00,3.450000047683716,3.515000104904175,3.25,3.309999942779541,61700,0.0,0.0
2025-11-17 00:00:00-05:00,3.2799999713897705,3.2799999713897705,2.9739999771118164,3.0350000858306885,118600,0.0,0.0
2025-11-18 00:00:00-05:00,3.0799999237060547,3.1700000762939453,3.0399999618530273,3.1700000762939453,24100,0.0,0.0
2025-11-19 00:00:00-05:00,3.190000057220459,3.190000057220459,3.134999990463257,3.1600000858306885,10300,0.0,0.0
2025-11-20 00:00:00-05:00,3.1500000953674316,3.1500000953674316,3.0899999141693115,3.1050000190734863,23600,0.0,0.0
2025-11-21 00:00:00-05:00,3.049999952316284,3.309999942779541,3.049999952316284,3.309999942779541,39500,0.0,0.0
2025-11-24 00:00:00-05:00,3.3299999237060547,3.4700000286102295,3.2899999618530273,3.3399999141693115,77700,0.0,0.0
2025-11-25 00:00:00-05:00,3.3399999141693115,3.5,3.3350000381469727,3.4700000286102295,26400,0.0,0.0
2025-11-26 00:00:00-05:00,3.4700000286102295,3.690000057220459,3.4200000762939453,3.640000104904175,45300,0.0,0.0
2025-11-28 00:00:00-05:00,3.6700000762939453,3.6700000762939453,3.490000009536743,3.569999933242798,17600,0.0,0.0
2025-12-01 00:00:00-05:00,3.5,3.5399999618530273,3.490000009536743,3.490000009536743,20600,0.0,0.0
2025-12-02 00:00:00-05:00,3.4800000190734863,3.5799999237060547,3.4100000858306885,3.5399999618530273,54800,0.0,0.0
2025-12-03 00:00:00-05:00,3.569999933242798,3.7799999713897705,3.5399999618530273,3.7799999713897705,99300,0.0,0.0
2025-12-04 00:00:00-05:00,3.799999952316284,3.8350000381469727,3.7149999141693115,3.75,33900,0.0,0.0
2025-12-05 00:00:00-05:00,3.7799999713897705,3.875,3.6500000953674316,3.75,40600,0.0,0.0
2025-12-08 00:00:00-05:00,3.7799999713897705,3.7799999713897705,3.5799999237060547,3.6600000858306885,41600,0.0,0.0
2025-12-09 00:00:00-05:00,3.609999895095825,3.809999942779541,3.609999895095825,3.75,39900,0.0,0.0
2025-12-10 00:00:00-05:00,3.700000047683716,4.110000133514404,3.700000047683716,4.099999904632568,95000,0.0,0.0
2025-12-11 00:00:00-05:00,4.099999904632568,4.230000019073486,4.090000152587891,4.119999885559082,104100,0.0,0.0
2025-12-12 00:00:00-05:00,4.150000095367432,4.25,4.130000114440918,4.179999828338623,58000,0.0,0.0
2025-12-15 00:00:00-05:00,4.199999809265137,4.199999809265137,4.013999938964844,4.090000152587891,75700,0.0,0.0
2025-12-16 00:00:00-05:00,4.110000133514404,4.110000133514404,3.9749999046325684,4.099999904632568,48500,0.0,0.0
2025-12-17 00:00:00-05:00,4.099999904632568,4.179999828338623,4.034999847412109,4.150000095367432,51600,0.0,0.0
2025-12-18 00:00:00-05:00,4.150000095367432,4.380000114440918,3.8259999752044678,4.380000114440918,78800,0.0,0.0
2025-12-19 00:00:00-05:00,4.349999904632568,4.590000152587891,4.329999923706055,4.519999980926514,612700,0.0,0.0
2025-12-22 00:00:00-05:00,4.489999771118164,4.510000228881836,4.275000095367432,4.289999961853027,85400,0.0,0.0
2025-12-23 00:00:00-05:00,4.289999961853027,4.434999942779541,4.25,4.409999847412109,72300,0.0,0.0
2025-12-24 00:00:00-05:00,4.400000095367432,4.579999923706055,4.340000152587891,4.46999979019165,97000,0.0,0.0
2025-12-26 00:00:00-05:00,4.480000019073486,4.480000019073486,4.400000095367432,4.440000057220459,20600,0.0,0.0
2025-12-29 00:00:00-05:00,4.409999847412109,4.440000057220459,4.289999961853027,4.389999866485596,34800,0.0,0.0
2025-12-30 00:00:00-05:00,4.429999828338623,4.429999828338623,4.21999979019165,4.389999866485596,39600,0.0,0.0
2025-12-31 00:00:00-05:00,4.409999847412109,4.440000057220459,4.269999980926514,4.309999942779541,35200,0.0,0.0
2026-01-02 00:00:00-05:00,4.320000171661377,4.349999904632568,4.260000228881836,4.329999923706055,25600,0.0,0.0
2026-01-05 00:00:00-05:00,4.329999923706055,4.579999923706055,4.23799991607666,4.5,61200,0.0,0.0
2026-01-06 00:00:00-05:00,4.429999828338623,4.5,4.380000114440918,4.440000057220459,35300,0.0,0.0
2026-01-07 00:00:00-05:00,4.449999809265137,4.46999979019165,4.360000133514404,4.429999828338623,18200,0.0,0.0
2026-01-08 00:00:00-05:00,4.409999847412109,4.590000152587891,4.4019999504089355,4.539999961853027,36600,0.0,0.0
2026-01-09 00:00:00-05:00,4.510000228881836,4.599999904632568,4.414999961853027,4.440000057220459,23200,0.0,0.0
2026-01-12 00:00:00-05:00,4.380000114440918,4.489999771118164,4.369999885559082,4.46999979019165,15700,0.0,0.0
2026-01-13 00:00:00-05:00,4.510000228881836,4.514999866485596,4.400000095367432,4.460000038146973,13600,0.0,0.0
2026-01-14 00:00:00-05:00,4.491000175476074,4.491000175476074,4.380000114440918,4.449999809265137,14900,0.0,0.0
2026-01-15 00:00:00-05:00,4.460000038146973,4.525000095367432,4.420000076293945,4.510000228881836,56500,0.0,0.0
2026-01-16 00:00:00-05:00,4.519999980926514,4.519999980926514,4.340000152587891,4.340000152587891,28200,0.0,0.0
2026-01-20 00:00:00-05:00,4.25,4.309999942779541,4.170000076293945,4.289999961853027,39500,0.0,0.0
2026-01-21 00:00:00-05:00,4.289999961853027,4.409999847412109,4.190000057220459,4.400000095367432,33500,0.0,0.0
2026-01-22 00:00:00-05:00,4.400000095367432,4.510000228881836,4.400000095367432,4.46999979019165,26000,0.0,0.0
2026-01-23 00:00:00-05:00,4.400000095367432,4.440000057220459,4.340000152587891,4.369999885559082,10600,0.0,0.0
2026-01-26 00:00:00-05:00,4.369999885559082,4.369999885559082,4.244999885559082,4.28000020980835,15700,0.0,0.0
2026-01-27 00:00:00-05:00,4.300000190734863,4.300000190734863,4.119999885559082,4.199999809265137,25800,0.0,0.0
2026-01-28 00:00:00-05:00,4.199999809265137,4.260000228881836,4.168000221252441,4.190000057220459,22100,0.0,0.0
2026-01-29 00:00:00-05:00,4.179999828338623,4.25,4.150000095367432,4.230000019073486,22200,0.0,0.0
2026-01-30 00:00:00-05:00,4.239999771118164,4.590000152587891,4.230000019073486,4.579999923706055,42400,0.0,0.0
2026-02-02 00:00:00-05:00,4.579999923706055,4.96999979019165,4.550000190734863,4.920000076293945,81700,0.0,0.0
2026-02-03 00:00:00-05:00,4.860000133514404,4.900000095367432,4.445000171661377,4.539999961853027,38500,0.0,0.0
2026-02-04 00:00:00-05:00,4.570000171661377,4.570000171661377,4.440000057220459,4.559999942779541,25800,0.0,0.0
2026-02-05 00:00:00-05:00,4.432000160217285,4.664999961853027,4.429999828338623,4.519999980926514,28700,0.0,0.0
2026-02-06 00:00:00-05:00,4.550000190734863,4.570000171661377,4.429999828338623,4.539999961853027,38400,0.0,0.0
2026-02-09 00:00:00-05:00,4.570000171661377,4.789999961853027,4.559999942779541,4.75,38500,0.0,0.0
2026-02-10 00:00:00-05:00,4.679999828338623,4.748000144958496,4.572000026702881,4.730000019073486,28300,0.0,0.0
2026-02-11 00:00:00-05:00,4.730000019073486,4.730000019073486,4.574999809265137,4.639999866485596,34100,0.0,0.0
2026-02-12 00:00:00-05:00,4.650000095367432,4.650000095367432,4.550000190734863,4.630000114440918,19600,0.0,0.0
2026-02-13 00:00:00-05:00,4.659999847412109,4.730000019073486,4.650000095367432,4.659999847412109,32700,0.0,0.0
2026-02-17 00:00:00-05:00,4.679999828338623,4.71999979019165,4.53000020980835,4.579999923706055,22700,0.0,0.0
2026-02-18 00:00:00-05:00,4.53000020980835,4.5879998207092285,4.320000171661377,4.360000133514404,22500,0.0,0.0
2026-02-19 00:00:00-05:00,4.389999866485596,4.389999866485596,4.269999980926514,4.269999980926514,10600,0.0,0.0
2026-02-20 00:00:00-05:00,4.269999980926514,4.276000022888184,4.119999885559082,4.170000076293945,16800,0.0,0.0
2026-02-23 00:00:00-05:00,4.170000076293945,4.230000019073486,4.090000152587891,4.150000095367432,22100,0.0,0.0
2026-02-24 00:00:00-05:00,4.050000190734863,4.090000152587891,3.75,3.9000000953674316,26200,0.0,0.0
2026-02-25 00:00:00-05:00,3.9100000858306885,4.144999980926514,3.859999895095825,4.130000114440918,37300,0.0,0.0
2026-02-26 00:00:00-05:00,4.099999904632568,4.099999904632568,3.8499999046325684,3.890000104904175,20700,0.0,0.0
2026-02-27 00:00:00-05:00,3.859999895095825,3.890000104904175,3.859999895095825,3.859999895095825,19200,0.0,0.0
2026-03-02 00:00:00-05:00,3.8499999046325684,3.9700000286102295,3.8499999046325684,3.9000000953674316,16800,0.0,0.0
2026-03-03 00:00:00-05:00,3.8499999046325684,3.875,3.7100000381469727,3.7200000286102295,29700,0.0,0.0
2026-03-04 00:00:00-05:00,3.75,3.9200000762939453,3.75,3.809999942779541,44100,0.0,0.0
2026-03-05 00:00:00-05:00,3.759999990463257,3.803999900817871,3.640000104904175,3.6600000858306885,25500,0.0,0.0
2026-03-06 00:00:00-05:00,3.6600000858306885,3.7699999809265137,3.619999885559082,3.7200000286102295,38000,0.0,0.0
2026-03-09 00:00:00-04:00,3.7200000286102295,3.9000000953674316,3.7200000286102295,3.859999895095825,38500,0.0,0.0
2026-03-10 00:00:00-04:00,3.7899999618530273,3.890000104904175,3.740000009536743,3.75,21400,0.0,0.0
2026-03-11 00:00:00-04:00,3.75,3.75,3.619999885559082,3.6600000858306885,19400,0.0,0.0
2026-03-12 00:00:00-04:00,3.6600000858306885,3.6600000858306885,3.502000093460083,3.5299999713897705,12600,0.0,0.0
2026-03-13 00:00:00-04:00,3.5299999713897705,3.634999990463257,3.509999990463257,3.559999942779541,12700,0.0,0.0
2026-03-16 00:00:00-04:00,3.559999942779541,3.559999942779541,3.502000093460083,3.5399999618530273,13100,0.0,0.0
2026-03-17 00:00:00-04:00,3.5399999618530273,3.740000009536743,3.5399999618530273,3.640000104904175,26800,0.0,0.0
2026-03-18 00:00:00-04:00,3.5799999237060547,3.640000104904175,3.5,3.5,34300,0.0,0.0
2026-03-19 00:00:00-04:00,3.5,3.6600000858306885,3.490000009536743,3.630000114440918,56100,0.0,0.0
2026-03-20 00:00:00-04:00,3.680000066757202,3.7699999809265137,3.575000047683716,3.700000047683716,64100,0.0,0.0
2026-03-23 00:00:00-04:00,3.700000047683716,3.934999942779541,3.700000047683716,3.9000000953674316,80200,0.0,0.0
2026-03-24 00:00:00-04:00,3.869999885559082,3.940000057220459,3.8399999141693115,3.859999895095825,26600,0.0,0.0
2026-03-25 00:00:00-04:00,3.859999895095825,3.859999895095825,3.760999917984009,3.809999942779541,18300,0.0,0.0
2026-03-26 00:00:00-04:00,3.799999952316284,3.9000000953674316,3.700000047683716,3.799999952316284,24200,0.0,0.0
2026-03-27 00:00:00-04:00,3.7300000190734863,3.9600000381469727,3.6600000858306885,3.9600000381469727,48400,0.0,0.0
2026-03-30 00:00:00-04:00,3.9600000381469727,4.090000152587891,3.880000114440918,4.090000152587891,42700,0.0,0.0
2026-03-31 00:00:00-04:00,4.090000152587891,4.21999979019165,4.01200008392334,4.179999828338623,98500,0.0,0.0
2026-04-01 00:00:00-04:00,4.179999828338623,4.449999809265137,4.119999885559082,4.400000095367432,50100,0.0,0.0
2026-04-02 00:00:00-04:00,4.269999980926514,4.480000019073486,4.21999979019165,4.46999979019165,40900,0.0,0.0
2026-04-06 00:00:00-04:00,4.539999961853027,4.730000019073486,4.482999801635742,4.53000020980835,49900,0.0,0.0
2026-04-07 00:00:00-04:00,4.53000020980835,4.579999923706055,4.435999870300293,4.46999979019165,43800,0.0,0.0
2026-04-08 00:00:00-04:00,4.53000020980835,4.53000020980835,4.329999923706055,4.340000152587891,18700,0.0,0.0
2026-04-09 00:00:00-04:00,4.300000190734863,4.300000190734863,4.079999923706055,4.170000076293945,119300,0.0,0.0
2026-04-10 00:00:00-04:00,4.199999809265137,4.199999809265137,4.059999942779541,4.150000095367432,40600,0.0,0.0
2026-04-13 00:00:00-04:00,4.170000076293945,4.409999847412109,4.125,4.300000190734863,51700,0.0,0.0
2026-04-14 00:00:00-04:00,4.300000190734863,4.369999885559082,4.269999980926514,4.360000133514404,26400,0.0,0.0
2026-04-15 00:00:00-04:00,4.360000133514404,4.400000095367432,4.301000118255615,4.349999904632568,37700,0.0,0.0
2026-04-16 00:00:00-04:00,4.349999904632568,4.460000038146973,4.320000171661377,4.420000076293945,38500,0.0,0.0
2026-04-17 00:00:00-04:00,4.400000095367432,4.510000228881836,4.367000102996826,4.489999771118164,96800,0.0,0.0
2026-04-20 00:00:00-04:00,3.619999885559082,3.75,3.4749999046325684,3.7200000286102295,962600,0.0,0.0
2026-04-21 00:00:00-04:00,3.700000047683716,3.700000047683716,3.430000066757202,3.6500000953674316,289600,0.0,0.0
2026-04-22 00:00:00-04:00,3.6500000953674316,3.690000057220459,3.3499999046325684,3.4000000953674316,271384,0.0,0.0
