Date,Open,High,Low,Close,Volume,Dividends,Stock Splits
2022-01-03 00:00:00-05:00,88.84764254143282,92.27900846396795,88.5900609408596,92.25141143798828,87200,0.0,0.0
2022-01-04 00:00:00-05:00,93.28172054211961,94.2384569652548,90.68749549771151,91.07386779785156,70400,0.0,0.0
2022-01-05 00:00:00-05:00,90.98188504739444,91.5798462526091,87.08134923049927,87.13654327392578,64400,0.0,0.0
2022-01-06 00:00:00-05:00,88.00130103202561,89.16961958332854,83.65919113872285,83.87997436523438,63200,0.0,0.0
2022-01-07 00:00:00-05:00,83.85235663137637,86.00500835004047,82.89562019466882,85.4898452758789,144600,0.0,0.0
2022-01-10 00:00:00-05:00,84.80912455566711,86.75019516893208,83.19923233262756,86.5110092163086,82800,0.0,0.0
2022-01-11 00:00:00-05:00,86.612187497116,87.16414904248332,85.32427254554436,86.21661376953125,68100,0.0,0.0
2022-01-12 00:00:00-05:00,86.65820445602424,86.65820445602424,83.09804692976321,83.20843505859375,97100,0.0,0.0
2022-01-13 00:00:00-05:00,84.15595266974528,86.95255872261056,83.69598355309915,85.19548034667969,57000,0.0,0.0
2022-01-14 00:00:00-05:00,84.95630755688717,87.62413024902344,84.72632296305771,87.62413024902344,67100,0.0,0.0
2022-01-18 00:00:00-05:00,86.95255273815084,87.54131962402232,82.84962934227744,84.41352844238281,111200,0.0,0.0
2022-01-19 00:00:00-05:00,84.47792571732887,85.06668559775798,82.48166152841858,83.02442169189453,104800,0.0,0.0
2022-01-20 00:00:00-05:00,83.92597871462752,85.22308813778903,82.776055777731,83.49360656738281,88800,0.0,0.0
2022-01-21 00:00:00-05:00,83.77877214225387,86.51098973712934,83.28200466877,85.09428405761719,121800,0.0,0.0
2022-01-24 00:00:00-05:00,83.85237806129797,88.17608529545592,82.78524625658737,87.44933319091797,147300,0.0,0.0
2022-01-25 00:00:00-05:00,85.5818694005082,87.10897053432683,83.52120932150147,85.91304779052734,76700,0.0,0.0
2022-01-26 00:00:00-05:00,85.95904382236263,88.1576959724312,84.22036085881172,85.38867950439453,114900,0.0,0.0
2022-01-27 00:00:00-05:00,85.11268830268689,86.80537842185568,84.87350939841056,85.96823120117188,91500,0.0,0.0
2022-01-28 00:00:00-05:00,85.7290540355892,87.578125,85.23228650201587,87.578125,94500,0.0,0.0
2022-01-31 00:00:00-05:00,87.20094895674634,89.44560056865016,87.20094895674634,89.02242279052734,103700,0.0,0.0
2022-02-01 00:00:00-05:00,88.7740453362862,89.28001420521723,87.30214547017621,88.6728515625,64600,0.0,0.0
2022-02-02 00:00:00-05:00,87.90011224920049,88.24968629590914,86.4926006765099,87.81731414794922,70600,0.0,0.0
2022-02-03 00:00:00-05:00,86.97098138108643,88.626866369963,86.57540756922748,87.9369125366211,58600,0.0,0.0
2022-02-04 00:00:00-05:00,87.13654963687662,88.10248056023111,85.71064258328504,87.45852661132812,51200,0.0,0.0
2022-02-07 00:00:00-05:00,86.95256582942082,87.9828992616052,85.76585158782439,86.40060424804688,50500,0.0,0.0
2022-02-08 00:00:00-05:00,86.80537467882533,88.44286365683797,86.1614207049682,88.2956771850586,55400,0.0,0.0
2022-02-09 00:00:00-05:00,88.68205822213979,89.87797386435673,88.68205822213979,89.76758575439453,61100,0.0,0.0
2022-02-10 00:00:00-05:00,88.4152754418781,91.67185804538647,88.4152754418781,90.50353240966797,222500,0.0,0.0
2022-02-11 00:00:00-05:00,90.52192638889407,91.32226818498675,89.56518975413915,90.67831420898438,112900,0.0,0.0
2022-02-14 00:00:00-05:00,90.92671528521683,91.28549774670668,89.45481513240978,90.72433471679688,151500,0.0,0.0
2022-02-15 00:00:00-05:00,91.34986092974952,94.75362927088695,91.34986092974952,94.20166778564453,119600,0.0,0.0
2022-02-16 00:00:00-05:00,93.61291883544595,94.63405086043379,93.12535268305159,94.57884979248047,62100,0.0,0.0
2022-02-17 00:00:00-05:00,93.41974278561592,94.12809223100578,91.2578820358613,93.03336334228516,77700,0.0,0.0
2022-02-18 00:00:00-05:00,91.90184468190172,92.65619386550429,88.9212463245663,90.31954956054688,132500,0.0,0.0
2022-02-22 00:00:00-05:00,89.76757600990778,89.76757600990778,86.0234276177199,86.6581802368164,281500,0.0,0.0
2022-02-23 00:00:00-05:00,87.7069314852453,90.12637418424845,87.43095415185152,88.92125701904297,161100,0.0,0.0
2022-02-24 00:00:00-05:00,86.20741934368002,87.35734224659737,83.27281384949174,86.07862854003906,139500,0.0,0.0
2022-02-25 00:00:00-05:00,85.70145301759042,86.99856233492129,83.52119678043474,83.76957702636719,105700,0.0,0.0
2022-02-28 00:00:00-05:00,82.7852317255489,84.80909985623423,81.7640998228394,84.6067123413086,108400,0.0,0.0
2022-03-01 00:00:00-05:00,83.80638416068423,85.23229144258994,82.54607308480763,83.15322875976562,87100,0.0,0.0
2022-03-02 00:00:00-05:00,83.87996285889872,86.37299446443066,83.14400951338594,85.75663757324219,70700,0.0,0.0
2022-03-03 00:00:00-05:00,86.08783129773968,86.74098667506036,84.71711812165118,86.3546142578125,65700,0.0,0.0
2022-03-04 00:00:00-05:00,85.12190491555938,88.6268682159987,85.12190491555938,88.49807739257812,60100,0.0,0.0
2022-03-07 00:00:00-05:00,89.09602513723377,89.39040511971342,87.18255174182985,87.42173767089844,56000,0.0,0.0
2022-03-08 00:00:00-05:00,87.42173807916613,88.86604097160388,86.0050322135628,88.010498046875,58900,0.0,0.0
2022-03-09 00:00:00-05:00,89.2340093186655,90.56791695981478,88.60845103445158,89.5191879272461,50100,0.0,0.0
2022-03-10 00:00:00-05:00,88.33249023186455,90.04357637526326,88.33249023186455,88.91205596923828,53400,0.0,0.0
2022-03-11 00:00:00-05:00,89.04139059841779,89.36474638865528,87.20291599655599,87.35997009277344,48900,0.41,0.0
2022-03-14 00:00:00-04:00,87.60940814601138,88.51478454606962,85.70625690892825,86.14971160888672,59500,0.0,0.0
2022-03-15 00:00:00-04:00,86.68554376448323,88.08980394729389,86.64858862171548,87.86808013916016,47800,0.0,0.0
2022-03-16 00:00:00-04:00,88.70878631651834,89.21691071661787,87.1936607124596,88.93975067138672,50100,0.0,0.0
2022-03-17 00:00:00-04:00,88.16371633424477,90.74127945383218,87.66483246769822,89.48483276367188,45100,0.0,0.0
2022-03-18 00:00:00-04:00,90.25162178666692,90.25162178666692,88.18217636219417,89.33699798583984,152800,0.0,0.0
2022-03-21 00:00:00-04:00,88.87508510310617,90.25163779759637,88.87508510310617,89.79894256591797,59000,0.0,0.0
2022-03-22 00:00:00-04:00,90.04839074291827,90.36249890647736,88.85661373414302,89.41092681884766,73500,0.0,0.0
2022-03-23 00:00:00-04:00,89.18920427884404,89.18920427884404,86.47306096166797,87.9604721069336,74000,0.0,0.0
2022-03-24 00:00:00-04:00,88.69031164964785,88.8381322189975,88.1359986115321,88.38543701171875,51000,0.0,0.0
2022-03-25 00:00:00-04:00,88.90279765972502,88.90279765972502,87.23061103001126,87.4338607788086,55700,0.0,0.0
2022-03-28 00:00:00-04:00,86.92574782924727,88.30230056390621,86.36220124508263,87.96971130371094,51000,0.0,0.0
2022-03-29 00:00:00-04:00,88.73650690542753,89.43863346098416,87.92350787492857,88.99518585205078,66900,0.0,0.0
2022-03-30 00:00:00-04:00,89.44786991966748,90.63040622072884,88.71802175450284,90.41792297363281,105600,0.0,0.0
2022-03-31 00:00:00-04:00,89.85436647989395,92.92157255371272,89.85436647989395,91.87760925292969,63300,0.0,0.0
2022-04-01 00:00:00-04:00,92.57052133603345,96.81103104788033,92.57052133603345,95.85945892333984,111800,0.0,0.0
2022-04-04 00:00:00-04:00,95.08339892187776,95.08339892187776,92.95853119788039,94.14106750488281,76400,0.0,0.0
2022-04-05 00:00:00-04:00,94.26117588055016,94.26117588055016,92.49661179033261,93.15254974365234,61000,0.0,0.0
2022-04-06 00:00:00-04:00,92.13630677136972,92.95853933961197,91.77599588056464,92.41345977783203,61600,0.0,0.0
2022-04-07 00:00:00-04:00,91.78523070239162,94.42746341363295,91.78523070239162,93.70685577392578,50000,0.0,0.0
2022-04-08 00:00:00-04:00,94.27964733318827,94.36279111313802,91.7667541615568,91.85913848876953,56700,0.0,0.0
2022-04-11 00:00:00-04:00,91.44340549207607,92.30259312725194,91.12929032138595,91.85913848876953,44300,0.0,0.0
2022-04-12 00:00:00-04:00,92.82918652248046,96.3767952444809,92.75527624532079,95.94258117675781,81600,0.0,0.0
2022-04-13 00:00:00-04:00,95.29587797797508,96.54308387188891,94.72308393812752,96.16429901123047,70800,0.0,0.0
2022-04-14 00:00:00-04:00,96.2382265458664,99.39781725676964,95.87792271296372,98.71416473388672,72500,0.0,0.0
2022-04-18 00:00:00-04:00,97.89195178168801,98.67722934267437,96.24748635907622,96.92190551757812,55300,0.0,0.0
2022-04-19 00:00:00-04:00,97.69792278333419,99.27771813571606,97.04198485679946,97.1805648803711,45600,0.0,0.0
2022-04-20 00:00:00-04:00,98.28919741369717,99.79508257907082,98.15985792947971,98.7234115600586,43400,0.0,0.0
2022-04-21 00:00:00-04:00,99.48097287442663,99.9336610621684,98.31691048604607,99.85051727294922,67400,0.0,0.0
2022-04-22 00:00:00-04:00,98.95437514215229,98.95437514215229,95.10189114625524,95.84097290039062,101400,0.0,0.0
2022-04-25 00:00:00-04:00,94.78777447738766,95.40675728716099,93.3465590878323,94.40899658203125,58600,0.0,0.0
2022-04-26 00:00:00-04:00,93.53131556288211,97.05121683760822,93.032431751146,95.36979675292969,156600,0.0,0.0
2022-04-27 00:00:00-04:00,94.5937688271283,97.30991213166368,94.1318400772943,94.89864349365234,78300,0.0,0.0
2022-04-28 00:00:00-04:00,95.44371879823437,96.24747738366432,92.5705213272115,96.04422760009766,204500,0.0,0.0
2022-04-29 00:00:00-04:00,95.78555432105907,96.85722545027177,95.37905472973323,95.86869812011719,65600,0.0,0.0
2022-05-02 00:00:00-04:00,95.16654741755573,97.39303996165026,92.42268996547602,93.54979705810547,83800,0.0,0.0
2022-05-03 00:00:00-04:00,92.6998429408699,94.92634253343662,92.27486940648821,93.54979705810547,107500,0.0,0.0
2022-05-04 00:00:00-04:00,93.66990713853647,98.83427399593592,93.66990713853647,98.60330963134766,73000,0.0,0.0
2022-05-05 00:00:00-04:00,95.48065812359435,97.92888157260393,92.75528169167028,95.39751434326172,57100,0.0,0.0
2022-05-06 00:00:00-04:00,95.93336626998041,96.08118686380757,92.50585554594414,94.29814147949219,58200,0.0,0.0
2022-05-09 00:00:00-04:00,93.86391537874488,94.59376360903867,91.27711875145434,94.37203979492188,71000,0.0,0.0
2022-05-10 00:00:00-04:00,95.60077658712422,95.60077658712422,90.5749895639018,94.52909851074219,67700,0.0,0.0
2022-05-11 00:00:00-04:00,94.86166699979474,95.00948050127091,90.64888000488281,90.64888000488281,73600,0.0,0.0
2022-05-12 00:00:00-04:00,91.15699639118844,93.30958555148462,90.22390561057323,93.21720123291016,78800,0.0,0.0
2022-05-13 00:00:00-04:00,94.57153419225908,96.90915731488329,93.37490204101705,96.77001190185547,67200,0.41,0.0
2022-05-16 00:00:00-04:00,95.90732469798155,96.93699090922445,93.9222041106122,94.91476440429688,95700,0.0,0.0
2022-05-17 00:00:00-04:00,96.36185728235697,101.70498895806799,94.8683777565467,100.7495346069336,85600,0.0,0.0
2022-05-18 00:00:00-04:00,99.5343567108871,99.5343567108871,96.79785345293652,98.11508178710938,91700,0.0,0.0
2022-05-19 00:00:00-04:00,98.06870330476347,100.0631022766859,97.3729832269229,98.931396484375,90800,0.0,0.0
2022-05-20 00:00:00-04:00,99.32099562455255,99.32099562455255,96.5010094613853,98.61599731445312,52100,0.0,0.0
2022-05-23 00:00:00-04:00,99.25604888402897,101.88123393155286,96.79783691210945,100.26715850830078,71900,0.0,0.0
2022-05-24 00:00:00-04:00,99.03344237845066,102.28940745699997,98.69949615338442,101.67717742919922,56200,0.0,0.0
2022-05-25 00:00:00-04:00,100.64750770472305,105.02590732893522,100.64750770472305,102.64190673828125,66100,0.0,0.0
2022-05-26 00:00:00-04:00,103.62517491302452,103.62517491302452,102.23373490189358,102.49346923828125,27500,0.0,0.0
2022-05-27 00:00:00-04:00,103.6437338118898,106.35240206446792,102.4934716137566,106.14832305908203,70800,0.0,0.0
2022-05-31 00:00:00-04:00,104.96096595485396,106.51010089600769,103.9776768081635,104.44149017333984,82600,0.0,0.0
2022-06-01 00:00:00-04:00,104.18176426584299,104.18176426584299,101.51020161368169,102.23374938964844,46300,0.0,0.0
2022-06-02 00:00:00-04:00,103.13355164852652,104.14466150013635,102.08533587430287,103.81072235107422,30900,0.0,0.0
2022-06-03 00:00:00-04:00,103.00367031029289,103.86636343018644,102.63261821235038,103.19847106933594,38400,0.0,0.0
2022-06-06 00:00:00-04:00,103.80143939093318,104.4600535636726,102.53986638823406,104.1817626953125,37500,0.0,0.0
2022-06-07 00:00:00-04:00,103.5973638207521,105.55465698242188,102.38217494798089,105.55465698242188,48800,0.0,0.0
2022-06-08 00:00:00-04:00,104.38584516375941,105.51755101913479,102.20592354716196,103.21703338623047,43500,0.0,0.0
2022-06-09 00:00:00-04:00,103.17993329910762,105.15577585868846,102.22447173892591,104.09828186035156,54400,0.0,0.0
2022-06-10 00:00:00-04:00,103.79215496427186,105.8051032836209,102.55840970638812,105.63813018798828,42800,0.0,0.0
2022-06-13 00:00:00-04:00,104.30234418815684,104.71977335535767,101.42669587284513,101.43597412109375,77900,0.0,0.0
2022-06-14 00:00:00-04:00,100.9165083920985,101.39887115661968,97.74402681279123,98.27277374267578,60600,0.0,0.0
2022-06-15 00:00:00-04:00,98.80153765067868,100.10021665448917,97.09470056866832,98.52324676513672,87100,0.0,0.0
2022-06-16 00:00:00-04:00,97.66055151120463,97.86463054612223,93.85728292438448,95.8052978515625,87300,0.0,0.0
2022-06-17 00:00:00-04:00,96.98338486075072,99.13547875565547,96.98338486075072,98.23567962646484,84600,0.0,0.0
2022-06-21 00:00:00-04:00,99.70133093814064,99.70133093814064,97.40081337492282,98.30989074707031,50700,0.0,0.0
2022-06-22 00:00:00-04:00,99.68276655040336,101.14841846754534,98.9592188406632,100.04454040527344,48100,0.0,0.0
2022-06-23 00:00:00-04:00,100.07237719904472,103.47677295288786,99.82192107561762,101.2319107055664,40700,0.0,0.0
2022-06-24 00:00:00-04:00,102.38217382781467,103.4860449220043,101.81632090609749,103.161376953125,121200,0.0,0.0
2022-06-27 00:00:00-04:00,104.23741970899226,104.23741970899226,101.91835285037365,102.82742309570312,55100,0.0,0.0
2022-06-28 00:00:00-04:00,103.53241816269441,104.06116510682511,99.95177847885135,100.45269775390625,47400,0.0,0.0
2022-06-29 00:00:00-04:00,100.72172382417958,101.31540443464884,99.3210053164016,101.00000762939453,38700,0.0,0.0
2022-06-30 00:00:00-04:00,99.91468252176779,101.59368477754016,99.53435921109947,101.29684448242188,70700,0.0,0.0
2022-07-01 00:00:00-04:00,101.00928218039806,104.38584318275241,100.51764110634774,104.17249298095703,61700,0.0,0.0
2022-07-05 00:00:00-04:00,102.40998822007958,105.18359004774734,100.76808501186518,104.74760437011719,78700,0.0,0.0
2022-07-06 00:00:00-04:00,104.69195159585614,104.69195159585614,102.68827449486838,103.52313995361328,50000,0.0,0.0
2022-07-07 00:00:00-04:00,104.70122790562775,106.15760153776655,103.52313803643015,105.27635192871094,47300,0.0,0.0
2022-07-08 00:00:00-04:00,105.23924880733306,109.21876829501396,105.23924880733306,108.79206085205078,76700,0.0,0.0
2022-07-11 00:00:00-04:00,107.99432171837164,108.67149246759097,107.3078797957832,108.28189086914062,91300,0.0,0.0
2022-07-12 00:00:00-04:00,107.84588214559422,111.09257559625561,107.35424112685087,110.95343017578125,134200,0.0,0.0
2022-07-13 00:00:00-04:00,109.23732456069006,113.09624803685603,109.23732456069006,112.7344741821289,81400,0.0,0.0
2022-07-14 00:00:00-04:00,111.33376314324268,112.03876147843742,108.14273182907357,111.66770935058594,55900,0.0,0.0
2022-07-15 00:00:00-04:00,113.46731385486564,114.10737863392873,111.87179457079772,112.4840316772461,70400,0.0,0.0
2022-07-18 00:00:00-04:00,113.70849004389612,114.59901088504733,110.82357025146484,110.82357025146484,57700,0.0,0.0
2022-07-19 00:00:00-04:00,112.18719370260747,114.65467744782177,112.18719370260747,113.99606323242188,68500,0.0,0.0
2022-07-20 00:00:00-04:00,114.15375159304219,115.28545741990962,112.73448372326709,115.05355072021484,53700,0.0,0.0
2022-07-21 00:00:00-04:00,114.02387304194228,116.19452321488357,113.58788735761651,116.15741729736328,43900,0.0,0.0
2022-07-22 00:00:00-04:00,116.92734399094587,116.92734399094587,115.0257064962054,115.8698501586914,51900,0.0,0.0
2022-07-25 00:00:00-04:00,115.266903868492,116.31511956575707,114.95150708804611,115.758544921875,35100,0.0,0.0
2022-07-26 00:00:00-04:00,115.16486065497105,117.07576946583868,114.47841885216343,116.5934066772461,38100,0.0,0.0
2022-07-27 00:00:00-04:00,116.3151274341248,118.57853915988619,116.3151274341248,118.35590362548828,52800,0.0,0.0
2022-07-28 00:00:00-04:00,117.91065241514163,120.8697844052761,117.54887850078283,120.57293701171875,58500,0.0,0.0
2022-07-29 00:00:00-04:00,120.54510025352764,121.51911122784931,119.73806946411393,120.38740539550781,73000,0.0,0.0
2022-08-01 00:00:00-04:00,120.46162014525248,121.98292757314209,118.52287639948119,120.75845336914062,133700,0.0,0.0
2022-08-02 00:00:00-04:00,121.37067705268383,121.61186905954327,118.32806253328896,118.47648620605469,100200,0.0,0.0
2022-08-03 00:00:00-04:00,118.68056383913392,119.91430906505684,117.4189909441982,117.68800354003906,129000,0.0,0.0
2022-08-04 00:00:00-04:00,102.03894085047013,102.03894085047013,84.94277984125215,86.00955200195312,394600,0.0,0.0
2022-08-05 00:00:00-04:00,85.15613774568148,87.42882043266769,82.45674052941659,85.26744842529297,163100,0.0,0.0
2022-08-08 00:00:00-04:00,84.72015226486606,86.34349906757139,83.31943389919293,85.66632843017578,146000,0.0,0.0
2022-08-09 00:00:00-04:00,84.94279627456775,86.03739631672698,82.29906098378584,82.53096771240234,214600,0.0,0.0
2022-08-10 00:00:00-04:00,83.99662044187657,83.99662044187657,80.95399819922137,83.0597152709961,162900,0.0,0.0
2022-08-11 00:00:00-04:00,84.41403795043249,86.67744958436671,83.70903960790316,83.82963562011719,138900,0.0,0.0
2022-08-12 00:00:00-04:00,84.78506242018314,86.00025085477206,81.21370185676406,82.59586334228516,107700,0.0,0.0
2022-08-15 00:00:00-04:00,81.75173883982062,84.10791151621365,81.75173883982062,83.43074798583984,76500,0.0,0.0
2022-08-16 00:00:00-04:00,83.25450339181083,84.09864715753389,79.68314170911242,81.16734313964844,199600,0.0,0.0
2022-08-17 00:00:00-04:00,80.97160700124455,80.97160700124455,76.16252339054576,77.81214904785156,232400,0.41,0.0
2022-08-18 00:00:00-04:00,78.52048048291098,78.76280087060712,77.0386137005105,78.27816009521484,129900,0.0,0.0
2022-08-19 00:00:00-04:00,78.18496704101562,79.45247930314135,77.27161700864654,78.18496704101562,90700,0.0,0.0
2022-08-22 00:00:00-04:00,77.81217141573414,78.88396585997471,76.70310347148555,77.05725860595703,84200,0.0,0.0
2022-08-23 00:00:00-04:00,76.61922575898869,77.495302392904,74.68067653568879,76.15322875976562,79800,0.0,0.0
2022-08-24 00:00:00-04:00,76.0506842251907,76.44211987125567,75.03481450889623,75.86428833007812,57000,0.0,0.0
2022-08-25 00:00:00-04:00,75.9015787823307,77.32752818560121,75.67789514650701,77.17840576171875,52900,0.0,0.0
2022-08-26 00:00:00-04:00,76.74036949828178,78.58572043314696,75.96682001383127,78.1476821899414,141200,0.0,0.0
2022-08-29 00:00:00-04:00,78.10108450005879,78.10108450005879,76.85220909113174,77.71896362304688,63600,0.0,0.0
2022-08-30 00:00:00-04:00,77.43004979829112,77.98924467920324,76.43281667565743,77.32752990722656,78900,0.0,0.0
2022-08-31 00:00:00-04:00,77.1504339806895,78.12903016719274,76.7217177506687,76.99199676513672,102000,0.0,0.0
2022-09-01 00:00:00-04:00,76.80562179003097,77.10385955779478,74.56883497652782,75.40763092041016,72200,0.0,0.0
2022-09-02 00:00:00-04:00,75.87361884361927,75.95749487274679,74.39174500076395,74.44766235351562,131500,0.0,0.0
2022-09-06 00:00:00-04:00,74.48493902036265,74.85773794360786,70.83152521576523,71.08316040039062,171700,0.0,0.0
2022-09-07 00:00:00-04:00,71.53984563419738,74.54086678922806,71.53984563419738,73.6927490234375,143700,0.0,0.0
2022-09-08 00:00:00-04:00,73.76730076125085,74.5222133622459,72.26679037641189,72.6582260131836,137400,0.0,0.0
2022-09-09 00:00:00-04:00,73.24539023836857,73.38519073221404,71.94060459060677,72.68619537353516,78500,0.0,0.0
2022-09-12 00:00:00-04:00,73.45975426954497,75.42626184306877,72.22952268374063,74.95094299316406,79500,0.0,0.0
2022-09-13 00:00:00-04:00,74.55018073396802,74.7925011085755,73.3199492244545,73.6181869506836,89400,0.0,0.0
2022-09-14 00:00:00-04:00,73.31994420190783,73.73934564198504,72.47183361470118,73.09626770019531,95000,0.0,0.0
2022-09-15 00:00:00-04:00,72.74211381756076,73.8045861059829,71.55847779291027,71.61439514160156,54800,0.0,0.0
2022-09-16 00:00:00-04:00,71.18568606449138,72.57436198861886,70.00205703088027,72.42523956298828,152500,0.0,0.0
2022-09-19 00:00:00-04:00,71.93126836860877,71.93126836860877,70.88743294726363,71.60507202148438,68400,0.0,0.0
2022-09-20 00:00:00-04:00,71.02724164869919,71.68895634688857,70.34689020446201,71.61439514160156,51600,0.0,0.0
2022-09-21 00:00:00-04:00,71.80081054622661,73.52499783039895,70.85949472103233,71.31616973876953,81100,0.0,0.0
2022-09-22 00:00:00-04:00,70.67309170772356,70.8128922001244,69.74109790578247,70.09525299072266,83000,0.0,0.0
2022-09-23 00:00:00-04:00,69.32169891729556,70.02069429384598,68.62270354074515,69.84362030029297,72900,0.0,0.0
2022-09-26 00:00:00-04:00,69.76907061689975,70.71038653716892,68.31516226877895,69.47083282470703,81800,0.0,0.0
2022-09-27 00:00:00-04:00,69.7131386982684,70.42144886275214,69.24714180084828,69.95545196533203,54700,0.0,0.0
2022-09-28 00:00:00-04:00,70.16048276736453,71.60507580888466,69.91816242073492,71.2322769165039,64900,0.0,0.0
2022-09-29 00:00:00-04:00,70.43078004730495,71.8101341735774,69.6106279598628,70.98997497558594,66400,0.0,0.0
2022-09-30 00:00:00-04:00,71.11113821800635,71.81944847041716,70.6637780123081,70.85017395019531,144700,0.0,0.0
2022-10-03 00:00:00-04:00,71.81012150761417,73.59022587822892,71.0645236610495,72.71414947509766,79300,0.0,0.0
2022-10-04 00:00:00-04:00,73.52499720401256,75.28646508225572,73.21743751465607,74.70863342285156,54300,0.0,0.0
2022-10-05 00:00:00-04:00,73.860501374316,75.15597205986082,73.860501374316,74.9229736328125,64200,0.0,0.0
2022-10-06 00:00:00-04:00,74.76455604153674,76.17186890141123,73.90712331137527,74.07488250732422,83800,0.0,0.0
2022-10-07 00:00:00-04:00,73.86051311131284,74.27059268345789,72.5184396828736,73.59955596923828,70400,0.0,0.0
2022-10-10 00:00:00-04:00,73.45974364237266,75.64061261248749,73.45974364237266,74.307861328125,72400,0.0,0.0
2022-10-11 00:00:00-04:00,74.43834153911665,75.33305466381694,73.93506407324503,74.86705780029297,76000,0.0,0.0
2022-10-12 00:00:00-04:00,74.89501652683957,74.89501652683957,72.33203377566376,72.96578979492188,48300,0.0,0.0
2022-10-13 00:00:00-04:00,71.67032016977264,73.50634897888939,71.35343860006137,73.38518524169922,68700,0.0,0.0
2022-10-14 00:00:00-04:00,73.52498492624002,74.55949853728873,72.0803917978609,72.15495300292969,55100,0.0,0.0
2022-10-17 00:00:00-04:00,72.94714779642415,74.31717974872595,72.90055237518106,73.73002624511719,57500,0.0,0.0
2022-10-18 00:00:00-04:00,74.40106029425064,75.79905087274967,74.40106029425064,74.9975357055664,41900,0.0,0.0
2022-10-19 00:00:00-04:00,74.96957767911208,75.11869297795486,74.22397985325458,74.86705780029297,38700,0.0,0.0
2022-10-20 00:00:00-04:00,74.48495229834263,75.09074976778943,74.33583696879148,74.59679412841797,39500,0.0,0.0
2022-10-21 00:00:00-04:00,75.05346195490434,75.82701853995148,73.23607683152719,75.62197875976562,95800,0.0,0.0
2022-10-24 00:00:00-04:00,75.7804162019751,76.80561510557925,74.32650809947995,75.82701873779297,55500,0.0,0.0
2022-10-25 00:00:00-04:00,75.66858658477868,79.21015911824882,75.50082739931358,79.00511932373047,58500,0.0,0.0
2022-10-26 00:00:00-04:00,79.86254708801467,82.13660701352399,79.5456655140412,80.45902252197266,55700,0.0,0.0
2022-10-27 00:00:00-04:00,80.64542293756499,81.39102082697335,79.48975260847564,79.95574951171875,53700,0.0,0.0
2022-10-28 00:00:00-04:00,80.3378526554784,83.15247756092428,78.70686370971889,82.71443939208984,74000,0.0,0.0
2022-10-31 00:00:00-04:00,82.59328820483421,83.87943701256289,81.67060927810147,82.76104736328125,77200,0.0,0.0
2022-11-01 00:00:00-04:00,83.67440190402918,85.07239259864464,82.33232856182286,84.97919464111328,77200,0.0,0.0
2022-11-02 00:00:00-04:00,85.58499616178344,85.58499616178344,79.48975558579792,79.50839233398438,85700,0.0,0.0
2022-11-03 00:00:00-04:00,80.6361110190702,84.44796985830507,74.76455357561495,77.45801544189453,77000,0.0,0.0
2022-11-04 00:00:00-04:00,77.07587468935367,79.05170385581552,76.5632824303682,78.91190338134766,56200,0.0,0.0
2022-11-07 00:00:00-05:00,79.60159880564508,81.9222615205517,78.80008351911448,81.55878448486328,79700,0.0,0.0
2022-11-08 00:00:00-05:00,81.30712302044978,81.30712302044978,79.58293621157462,80.44036865234375,92800,0.0,0.0
2022-11-09 00:00:00-05:00,79.55497845798868,79.93709215664457,77.88670897279272,78.07310485839844,44100,0.0,0.0
2022-11-10 00:00:00-05:00,80.03963060033776,80.29127292590184,78.28748469319248,79.59227752685547,123100,0.0,0.0
2022-11-11 00:00:00-05:00,80.19807367587396,81.15802620415481,79.15423800356676,80.32855224609375,71300,0.0,0.0
2022-11-14 00:00:00-05:00,79.59226596173217,79.91846234511286,78.11971416184467,78.74414825439453,66800,0.0,0.0
2022-11-15 00:00:00-05:00,79.84390256762238,80.48698052817534,78.24087218572383,78.95851135253906,77800,0.0,0.0
2022-11-16 00:00:00-05:00,79.00511019306607,79.49907287302239,77.03860984425734,78.1756362915039,49200,0.0,0.0
2022-11-17 00:00:00-05:00,77.39278183591261,79.2194892042987,76.67514248121282,79.14492797851562,30500,0.0,0.0
2022-11-18 00:00:00-05:00,80.44667298265126,81.13032521232411,78.88269400485933,80.54969024658203,69600,0.41,0.0
2022-11-21 00:00:00-05:00,80.73698888225864,81.59858130456055,79.68808909964422,80.71826171875,123400,0.0,0.0
2022-11-22 00:00:00-05:00,80.81190963226788,82.16049400972183,78.71411726904121,80.30619049072266,93300,0.0,0.0
2022-11-23 00:00:00-05:00,80.18443631851989,81.01793429905617,78.49870605168014,79.53823852539062,70200,0.0,0.0
2022-11-25 00:00:00-05:00,79.58507261023918,80.56840937922252,79.30411516478986,79.65998840332031,18100,0.0,0.0
2022-11-28 00:00:00-05:00,79.6131745707362,79.80047478899175,77.32807475378293,77.52474212646484,48000,0.0,0.0
2022-11-29 00:00:00-05:00,77.50602269931152,80.02524446803037,77.50602269931152,79.48207092285156,32400,0.0,0.0
2022-11-30 00:00:00-05:00,79.78175118796196,81.02731127056983,77.92744750622587,80.92430114746094,53800,0.0,0.0
2022-12-01 00:00:00-05:00,81.82334870607417,83.62145646335912,80.3623799013657,83.06890869140625,43400,0.0,0.0
2022-12-02 00:00:00-05:00,82.20732806024392,85.54132089759638,81.00858938366983,85.13862609863281,95700,0.0,0.0
2022-12-05 00:00:00-05:00,84.16463972282781,84.97004352075308,82.84414960819035,83.88368225097656,149400,0.0,0.0
2022-12-06 00:00:00-05:00,83.50907281495289,83.9117747049691,81.94509388083802,83.2936782836914,110800,0.0,0.0
2022-12-07 00:00:00-05:00,82.92844018135943,84.86702674207729,80.52159592824552,80.54969024658203,92200,0.0,0.0
2022-12-08 00:00:00-05:00,80.69018415703621,82.58194244623999,79.8941402142312,81.66415405273438,60300,0.0,0.0
2022-12-09 00:00:00-05:00,81.42999593770912,82.03873226283321,80.63395942564414,81.75778198242188,63100,0.0,0.0
2022-12-12 00:00:00-05:00,82.31033586400979,83.20002261361293,81.13032448907838,82.59129333496094,92500,0.0,0.0
2022-12-13 00:00:00-05:00,84.68908132368931,84.96067162598011,82.41334879281324,82.83477783203125,103100,0.0,0.0
2022-12-14 00:00:00-05:00,82.54447780328522,83.69639504287503,81.24272179511703,81.46748352050781,79900,0.0,0.0
2022-12-15 00:00:00-05:00,80.6433352926362,80.89619128683384,79.87539301112588,80.69952392578125,78800,0.0,0.0
2022-12-16 00:00:00-05:00,79.58508444858452,80.84001169616174,77.64649779274288,79.23857116699219,249800,0.0,0.0
2022-12-19 00:00:00-05:00,79.03252843563517,79.03252843563517,75.63298034667969,75.63298034667969,114200,0.0,0.0
2022-12-20 00:00:00-05:00,75.66108006576248,77.48728223876664,75.14599373745592,77.35617065429688,110800,0.0,0.0
2022-12-21 00:00:00-05:00,77.64649326215597,79.57571265050954,76.14806294435813,77.65585327148438,73800,0.0,0.0
2022-12-22 00:00:00-05:00,77.94617513326074,77.94617513326074,75.84837562073571,76.79425811767578,75500,0.0,0.0
2022-12-23 00:00:00-05:00,76.794237335791,76.96281033769567,75.99820093875788,76.18550109863281,49700,0.0,0.0
2022-12-27 00:00:00-05:00,76.4945820675504,76.8036338801574,75.10853606088759,75.46441650390625,72000,0.0,0.0
2022-12-28 00:00:00-05:00,75.857744414398,76.06377893749618,73.35725010962314,73.4696273803711,101500,0.0,0.0
2022-12-29 00:00:00-05:00,74.40614351115406,75.58615488149809,73.20740497717388,75.29583740234375,79300,0.0,0.0
2022-12-30 00:00:00-05:00,75.0898047123007,76.19489316501782,74.23757227260015,75.8858413696289,97700,0.0,0.0
2023-01-03 00:00:00-05:00,76.11062181262339,76.98158163096488,75.44569657529453,76.4852294921875,88700,0.0,0.0
2023-01-04 00:00:00-05:00,77.08457877983943,77.5902979433532,74.34058842570906,74.85567474365234,122900,0.0,0.0
2023-01-05 00:00:00-05:00,74.64026904406637,75.0991667008202,73.2823246717453,74.92122650146484,99900,0.0,0.0
2023-01-06 00:00:00-05:00,75.9701250531187,79.06062131080306,74.78074659983803,79.00443267822266,76200,0.0,0.0
2023-01-09 00:00:00-05:00,78.97634890740869,80.30619911971128,78.97634890740869,80.0907974243164,77500,0.0,0.0
2023-01-10 00:00:00-05:00,80.03461797348983,81.87955474853516,79.48207722911,81.87955474853516,103000,0.0,0.0
2023-01-11 00:00:00-05:00,81.96383560555874,82.74114520613296,80.85874700023828,81.46748352050781,53400,0.0,0.0
2023-01-12 00:00:00-05:00,81.93571815308977,83.12509653533192,80.85872417434084,82.8441390991211,82900,0.0,0.0
2023-01-13 00:00:00-05:00,82.44144545975493,83.96797005942497,81.58922020313823,83.95860290527344,84800,0.0,0.0
2023-01-17 00:00:00-05:00,83.79939986948739,85.8222693874952,83.24685207641355,85.53195190429688,60900,0.0,0.0
2023-01-18 00:00:00-05:00,85.69115545375551,86.6183036596917,83.98669778408372,84.94194030761719,43300,0.0,0.0
2023-01-19 00:00:00-05:00,85.0075042377374,86.13132706456736,84.02416730243775,86.05640411376953,50700,0.0,0.0
2023-01-20 00:00:00-05:00,86.721317588415,88.37895371340731,85.89718667536839,88.2572021484375,69600,0.0,0.0
2023-01-23 00:00:00-05:00,88.30402790441613,90.68277760792826,87.27386251030795,89.83991241455078,103200,0.0,0.0
2023-01-24 00:00:00-05:00,88.54753446892617,89.83055600193462,86.56211923658155,86.65576934814453,57100,0.0,0.0
2023-01-25 00:00:00-05:00,85.47574705059948,88.76291770665638,85.47574705059948,88.72545623779297,52100,0.0,0.0
2023-01-26 00:00:00-05:00,89.00641419958626,90.30816988372376,87.56417979265483,89.66197204589844,65000,0.0,0.0
2023-01-27 00:00:00-05:00,89.52150170008835,90.36436697067853,87.86387262213208,89.35293579101562,57400,0.0,0.0
2023-01-30 00:00:00-05:00,88.4913384648917,90.45801938298345,88.0886365556359,89.81182861328125,92600,0.0,0.0
2023-01-31 00:00:00-05:00,89.61516434621724,93.13645724071061,89.16563379317249,92.85550689697266,78000,0.0,0.0
2023-02-01 00:00:00-05:00,92.16247846787547,94.60677694320796,91.41326333437118,93.60470581054688,92100,0.0,0.0
2023-02-02 00:00:00-05:00,93.34249360539006,98.17491677868858,92.92106450901802,97.0042724609375,152200,0.0,0.0
2023-02-03 00:00:00-05:00,95.8148771685635,97.65044628214588,95.14058501560575,96.6390151977539,90600,0.0,0.0
2023-02-06 00:00:00-05:00,96.3393540630738,96.7514160330218,93.59536330514001,94.19473266601562,83800,0.0,0.0
2023-02-07 00:00:00-05:00,93.39868997936823,94.6067886352539,92.21867849903221,94.6067886352539,79200,0.0,0.0
2023-02-08 00:00:00-05:00,94.15726752260369,94.97203856506816,92.69630565547051,93.41741943359375,75700,0.0,0.0
2023-02-09 00:00:00-05:00,94.31645024431072,94.90645228131014,91.4600830105327,91.86277770996094,91100,0.0,0.0
2023-02-10 00:00:00-05:00,91.34771095750145,92.88359560800319,90.63595726859603,92.02200317382812,99500,0.0,0.0
2023-02-13 00:00:00-05:00,92.51836998865507,93.501707007304,91.53502582495967,93.267578125,65700,0.0,0.0
2023-02-14 00:00:00-05:00,92.80866533811702,94.38201133702448,91.73167130787503,93.31438446044922,56300,0.0,0.0
2023-02-15 00:00:00-05:00,92.52773558012471,93.74520146049304,92.19058942370361,93.56726837158203,77400,0.0,0.0
2023-02-16 00:00:00-05:00,92.21868107621107,95.37473369211133,90.82327500228173,94.35393524169922,89100,0.0,0.0
2023-02-17 00:00:00-05:00,94.55994381920219,95.92725519619277,93.85755739742348,95.22486877441406,72800,0.0,0.0
2023-02-21 00:00:00-05:00,93.72646229539097,94.95329517444966,92.35915067829956,93.27693176269531,117500,0.0,0.0
2023-02-22 00:00:00-05:00,92.81804841899425,93.96059843087093,92.46217511408429,92.87423706054688,79600,0.0,0.0
2023-02-23 00:00:00-05:00,93.0053428929136,93.83884103452718,88.97833092507122,93.59535217285156,90500,0.0,0.0
2023-02-24 00:00:00-05:00,92.97724801620728,93.88566909983189,90.42992497822152,92.48089599609375,114700,0.0,0.0
2023-02-27 00:00:00-05:00,93.12709730392355,93.52043207249304,92.0032744929519,93.43614196777344,104200,0.0,0.0
2023-02-28 00:00:00-05:00,92.93043648785024,96.00220619386604,91.89090370812528,94.8971176147461,145100,0.0,0.0
2023-03-01 00:00:00-05:00,95.09377560089712,96.71394325917763,94.11043156225386,95.42155456542969,82700,0.0,0.0
2023-03-02 00:00:00-05:00,94.83154869468255,95.45901227994108,93.8388375404196,94.64424133300781,98300,0.0,0.0
2023-03-03 00:00:00-05:00,95.16868559267624,96.56409136317659,94.29772609403223,96.36742401123047,69700,0.0,0.0
2023-03-06 00:00:00-05:00,96.62029304531345,96.62029304531345,89.69944474343333,89.7275390625,153000,0.0,0.0
2023-03-07 00:00:00-05:00,89.5777022016353,90.33627741261563,88.76293120629094,89.91484832763672,87600,0.0,0.0
2023-03-08 00:00:00-05:00,90.18642624838303,90.9450013549718,88.70673035956631,89.8867416381836,76000,0.0,0.0
2023-03-09 00:00:00-05:00,90.17838037379462,90.88392788943946,88.82372684705238,89.3787612915039,81100,0.43,0.0
2023-03-10 00:00:00-05:00,88.97424006591658,89.30349411176425,87.28092329127155,88.9554214477539,77900,0.0,0.0
2023-03-13 00:00:00-04:00,87.81715366790993,91.93755611190969,86.90464431976933,90.18779754638672,88800,0.0,0.0
2023-03-14 00:00:00-04:00,92.07865052144646,92.12568989268688,87.85477479871152,88.81432342529297,137000,0.0,0.0
2023-03-15 00:00:00-04:00,86.97989879418078,88.43803322969374,86.1144288783463,88.23107147216797,92700,0.0,0.0
2023-03-16 00:00:00-04:00,87.1210022256541,91.8152427194489,87.04574210627783,90.62992095947266,88200,0.0,0.0
2023-03-17 00:00:00-04:00,90.4511876139206,90.4511876139206,87.19626279471093,87.47847747802734,293200,0.0,0.0
2023-03-20 00:00:00-04:00,87.61958363060519,90.59229360440386,87.56314213245953,89.86792755126953,84600,0.0,0.0
2023-03-21 00:00:00-04:00,91.40132698640264,92.05042578276466,88.91779327192165,90.0278549194336,85200,0.0,0.0
2023-03-22 00:00:00-04:00,89.8491191644962,90.46999719679808,87.6666259765625,87.6666259765625,107800,0.0,0.0
2023-03-23 00:00:00-04:00,87.93944271936586,88.47565852716443,85.71931936636123,86.50952911376953,77800,0.0,0.0
2023-03-24 00:00:00-04:00,86.04857348450469,88.2875082808377,85.25835655937523,87.94884490966797,51700,0.0,0.0
2023-03-27 00:00:00-04:00,89.33171730870548,90.99681337891528,88.71083925912903,90.53585052490234,63000,0.0,0.0
2023-03-28 00:00:00-04:00,89.97141017883446,91.70235698694594,89.36934359615216,91.57064819335938,89600,0.0,0.0
2023-03-29 00:00:00-04:00,92.33265052102885,92.33265052102885,89.06831628732792,90.34770965576172,86800,0.0,0.0
2023-03-30 00:00:00-04:00,91.20378437407663,91.58007786622638,89.08714155508588,89.96202087402344,54400,0.0,0.0
2023-03-31 00:00:00-04:00,90.46059515129429,92.21975555882919,90.46059515129429,92.10687255859375,60100,0.0,0.0
2023-04-03 00:00:00-04:00,92.09745339187289,93.2827750078738,90.89332033691285,92.29500579833984,64600,0.0,0.0
2023-04-04 00:00:00-04:00,92.81242915589709,93.31101492855396,91.47658704493641,91.89051055908203,55900,0.0,0.0
2023-04-05 00:00:00-04:00,91.55183736037822,93.18870544433594,90.63932817135584,93.18870544433594,53600,0.0,0.0
2023-04-06 00:00:00-04:00,93.61204553267272,94.59980773925781,92.74656846669289,94.59980773925781,66700,0.0,0.0
2023-04-10 00:00:00-04:00,94.37403575277706,95.40883734408987,92.94412927377763,94.83499145507812,78200,0.0,0.0
2023-04-11 00:00:00-04:00,95.16423788030886,96.47185183623375,94.71268438101134,95.97325897216797,54900,0.0,0.0
2023-04-12 00:00:00-04:00,96.8105244634875,97.92057893574788,95.35239014203349,97.16799926757812,55500,0.0,0.0
2023-04-13 00:00:00-04:00,97.02687909509716,98.16516138682742,96.50947479103823,97.86412811279297,34100,0.0,0.0
2023-04-14 00:00:00-04:00,98.07110655247006,98.9365764657047,97.38437046612478,98.90835571289062,41000,0.0,0.0
2023-04-17 00:00:00-04:00,99.20938975081465,99.2658312568482,95.81335371191639,97.19622802734375,35900,0.0,0.0
2023-04-18 00:00:00-04:00,97.70422366297805,97.90177611240767,95.37120997872216,96.44364166259766,44500,0.0,0.0
2023-04-19 00:00:00-04:00,96.38720520342802,97.11157139980111,95.53114454440657,96.57535552978516,39400,0.0,0.0
2023-04-20 00:00:00-04:00,96.28371071673656,97.14918056411575,95.79453429171356,97.0174789428711,38800,0.0,0.0
2023-04-21 00:00:00-04:00,97.77947694121713,99.46338447569337,96.72585677418611,99.021240234375,61500,0.0,0.0
2023-04-24 00:00:00-04:00,99.06826447785409,100.15951461798622,98.9271607331815,100.10307312011719,43300,0.0,0.0
2023-04-25 00:00:00-04:00,99.44455922930058,100.33825696184344,97.40317702035064,98.77664184570312,46000,0.0,0.0
2023-04-26 00:00:00-04:00,97.58193419198552,99.74560906602012,96.40602159396643,98.86132049560547,46300,0.0,0.0
2023-04-27 00:00:00-04:00,98.77664534900144,100.65810526041099,98.56968361039439,100.11248016357422,41200,0.0,0.0
2023-04-28 00:00:00-04:00,99.60447566300978,100.62046564117179,98.31568033954807,100.15010070800781,64000,0.0,0.0
2023-05-01 00:00:00-04:00,99.46338147498082,102.86881932465981,99.46338147498082,100.44173431396484,93800,0.0,0.0
2023-05-02 00:00:00-04:00,100.00899762625224,100.00899762625224,96.97984607105313,97.62895202636719,45200,0.0,0.0
2023-05-03 00:00:00-04:00,98.64494558809977,101.26958307523492,98.59790621854819,100.0748519897461,55400,0.0,0.0
2023-05-04 00:00:00-04:00,101.12848603175203,103.4803112883044,99.16236356233078,102.05980682373047,72100,0.0,0.0
2023-05-05 00:00:00-04:00,103.48028175936113,107.58186441054447,103.46147032064519,107.33727264404297,66200,0.0,0.0
2023-05-08 00:00:00-04:00,107.21499605396721,107.58188016886017,105.12657436783802,107.51602935791016,55000,0.0,0.0
2023-05-09 00:00:00-04:00,107.39372740217844,107.4783896469978,103.40502751159028,103.59317779541016,62400,0.0,0.0
2023-05-10 00:00:00-04:00,105.0513206697012,106.58471521116483,104.3175523950575,106.50004577636719,47900,0.0,0.0
2023-05-11 00:00:00-04:00,105.99204176385676,106.81047940430228,103.0381502944786,104.8255386352539,93900,0.0,0.0
2023-05-12 00:00:00-04:00,104.04472437209215,105.94500276864044,102.5771880407693,104.2516860961914,36300,0.0,0.0
2023-05-15 00:00:00-04:00,104.14822501378488,104.8067403680011,103.2921643836649,104.05415344238281,89200,0.0,0.0
2023-05-16 00:00:00-04:00,103.0569744737004,104.7596934786951,102.53957010230405,104.53392028808594,41800,0.0,0.0
2023-05-17 00:00:00-04:00,105.1005498283519,106.16770169879624,103.91062336403967,105.61995697021484,41100,0.43,0.0
2023-05-18 00:00:00-04:00,105.51607895120394,106.33768882065912,104.09950226032903,106.0166015625,50400,0.0,0.0
2023-05-19 00:00:00-04:00,106.97041955596585,108.30200504004225,105.94104400167812,107.53705596923828,51200,0.0,0.0
2023-05-22 00:00:00-04:00,108.12257293632436,108.12257293632436,103.08900932751978,103.66507720947266,57600,0.0,0.0
2023-05-23 00:00:00-04:00,103.5895399174332,105.33664983188987,102.32406091871813,103.2967758178711,34800,0.0,0.0
2023-05-24 00:00:00-04:00,97.47936656364818,99.79310564302361,90.54758077752176,91.14254760742188,473600,0.0,0.0
2023-05-25 00:00:00-04:00,88.06385422533066,92.00193584323839,87.43111834242194,91.75640106201172,1480700,0.0,0.0
2023-05-26 00:00:00-04:00,92.5024597095633,96.7521899970792,91.22754206432492,96.38388061523438,634600,0.0,0.0
2023-05-30 00:00:00-04:00,96.41220077527795,97.11105042500864,93.84348123722677,94.13623809814453,210900,0.0,0.0
2023-05-31 00:00:00-04:00,93.97569772296629,97.30937364623172,92.41746195460452,96.4688720703125,241300,0.0,0.0
2023-06-01 00:00:00-04:00,96.46887522373419,98.01766518089258,94.59899079956008,97.25271606445312,91700,0.0,0.0
2023-06-02 00:00:00-04:00,98.6598445328594,100.35973221789013,97.2904827588574,100.10475158691406,133000,0.0,0.0
2023-06-05 00:00:00-04:00,98.37651552370676,101.03024043353628,97.36602456240792,100.78469848632812,100700,0.0,0.0
2023-06-06 00:00:00-04:00,100.6997156926162,102.83402665993472,100.6997156926162,102.41849517822266,117500,0.0,0.0
2023-06-07 00:00:00-04:00,102.47515125264792,103.8256212063785,101.04912881917888,101.28522491455078,108900,0.0,0.0
2023-06-08 00:00:00-04:00,100.48252241140645,103.92008176293423,100.36919366610633,103.4667739868164,90800,0.0,0.0
2023-06-09 00:00:00-04:00,102.8245712502486,104.0711583745562,101.51187750590502,103.99561309814453,74400,0.0,0.0
2023-06-12 00:00:00-04:00,103.71229694328458,104.22226539581096,102.07850872287146,103.78784942626953,108700,0.0,0.0
2023-06-13 00:00:00-04:00,103.98616546580323,104.69445375630407,103.05122693976482,103.56119537353516,73200,0.0,0.0
2023-06-14 00:00:00-04:00,104.40170941394291,106.21492592571165,103.59897682443979,104.41114807128906,99500,0.0,0.0
2023-06-15 00:00:00-04:00,104.22227685202778,105.5255249039064,102.56015806906387,104.83612823486328,57300,0.0,0.0
2023-06-16 00:00:00-04:00,105.35552715957037,108.72697936500956,104.09950131427146,108.67031860351562,250600,0.0,0.0
2023-06-20 00:00:00-04:00,108.47200918581109,109.82247937050967,106.99877160435165,107.1781997680664,95500,0.0,0.0
2023-06-21 00:00:00-04:00,106.58323941197975,108.67032837393924,106.29048251116421,108.28313446044922,60900,0.0,0.0
2023-06-22 00:00:00-04:00,108.38700938823604,109.90746905864923,107.13098343861475,109.29362487792969,63000,0.0,0.0
2023-06-23 00:00:00-04:00,108.39645113991183,110.26633560949963,106.46990590627291,107.3387451171875,116900,0.0,0.0
2023-06-26 00:00:00-04:00,107.09321589199168,108.8497718377,106.9232263745011,107.64096069335938,36900,0.0,0.0
2023-06-27 00:00:00-04:00,108.547555381504,110.8990707397461,108.1320239010615,110.8990707397461,72000,0.0,0.0
2023-06-28 00:00:00-04:00,111.05960358448769,112.99559447929467,110.5118589053125,110.6629638671875,167800,0.0,0.0
2023-06-29 00:00:00-04:00,110.11523643472064,111.50348286778538,109.47305465633295,110.72908782958984,94500,0.0,0.0
2023-06-30 00:00:00-04:00,113.6944476070006,115.25268344873648,113.21280950208256,114.63883209228516,124500,0.0,0.0
2023-07-03 00:00:00-04:00,114.54440742462207,114.89383231565029,111.85291279262321,112.58008575439453,38200,0.0,0.0
2023-07-05 00:00:00-04:00,112.3817513103454,112.6084015644728,110.72907849695797,110.8424072265625,58200,0.0,0.0
2023-07-06 00:00:00-04:00,109.78470859921967,110.83297607063818,108.68921901626305,109.20863342285156,65800,0.0,0.0
2023-07-07 00:00:00-04:00,109.27472684194166,110.56853616775601,107.87704185245336,108.72698211669922,103900,0.0,0.0
2023-07-10 00:00:00-04:00,108.74588107230088,111.43737556657891,108.74588107230088,110.46466064453125,137700,0.0,0.0
2023-07-11 00:00:00-04:00,111.51292694924548,112.56119435317771,110.5685424199431,110.74797058105469,58100,0.0,0.0
2023-07-12 00:00:00-04:00,112.12676685912128,112.12676685912128,110.96517083672231,111.6167984008789,73300,0.0,0.0
2023-07-13 00:00:00-04:00,112.28732535243438,113.2789248149778,112.12678170684389,112.98616790771484,73000,0.0,0.0
2023-07-14 00:00:00-04:00,112.92948187908776,113.81719826530667,112.551726699487,113.28834533691406,75700,0.0,0.0
2023-07-17 00:00:00-04:00,112.50451331223807,114.68604622095229,112.4761829324633,114.27996063232422,54000,0.0,0.0
2023-07-18 00:00:00-04:00,114.00608588851186,115.48876910788853,113.55277820640458,115.03546142578125,68300,0.0,0.0
2023-07-19 00:00:00-04:00,114.92215237253372,116.39538989026501,114.8371540206974,116.25373077392578,48600,0.0,0.0
2023-07-20 00:00:00-04:00,116.0743001709676,116.66925980095145,114.93158860698118,116.00818634033203,75900,0.0,0.0
2023-07-21 00:00:00-04:00,116.98090598109607,117.2075562347069,115.42267017672307,115.58321380615234,74400,0.0,0.0
2023-07-24 00:00:00-04:00,115.34712536852722,115.92320050549061,112.56119390032629,114.5821762084961,64200,0.0,0.0
2023-07-25 00:00:00-04:00,114.22329002070941,116.93367583595963,114.22329002070941,115.49821472167969,48400,0.0,0.0
2023-07-26 00:00:00-04:00,114.75215280233766,116.14983770800463,113.88331366075188,114.45938873291016,44000,0.0,0.0
2023-07-27 00:00:00-04:00,115.40378863108833,115.40378863108833,112.62730296549866,113.18448638916016,58300,0.0,0.0
2023-07-28 00:00:00-04:00,113.73221952765431,113.73221952765431,110.11522535728969,110.31354522705078,91500,0.0,0.0
2023-07-31 00:00:00-04:00,110.10578398571741,110.94629280862291,108.92530337584353,109.80358123779297,96300,0.0,0.0
2023-08-01 00:00:00-04:00,110.01134634108837,112.53285838504415,110.01134634108837,112.18343353271484,79300,0.0,0.0
2023-08-02 00:00:00-04:00,111.52235391555362,112.82560904061816,111.37125615334814,112.53285217285156,72500,0.0,0.0
2023-08-03 00:00:00-04:00,112.24953700858808,112.56118560826552,110.87073656753587,111.6734619140625,43600,0.0,0.0
2023-08-04 00:00:00-04:00,111.34293362750297,113.82666226056458,110.7007518813963,112.61785125732422,44900,0.0,0.0
2023-08-07 00:00:00-04:00,112.80671243135636,113.8738714026261,111.72067614761549,112.58950805664062,41200,0.0,0.0
2023-08-08 00:00:00-04:00,111.6073676060553,113.9399986224249,111.58848308508868,113.34503173828125,92300,0.0,0.0
2023-08-09 00:00:00-04:00,109.07641132599717,109.07641132599717,102.13518659172284,102.93791198730469,134800,0.0,0.0
2023-08-10 00:00:00-04:00,104.07116388176625,107.80148679571361,103.2212236377787,104.10894012451172,126900,0.0,0.0
2023-08-11 00:00:00-04:00,104.17504393957365,105.66717306492605,103.1928832699144,103.50453186035156,58200,0.0,0.0
2023-08-14 00:00:00-04:00,103.40064994026355,103.40064994026355,101.11524133303593,101.12468719482422,70300,0.0,0.0
2023-08-15 00:00:00-04:00,100.89802608548308,102.27683365334246,98.8298291438564,99.16036224365234,95700,0.0,0.0
2023-08-16 00:00:00-04:00,99.12258059689586,99.63254901094547,95.57169342041016,95.57169342041016,155800,0.0,0.0
2023-08-17 00:00:00-04:00,95.65706500793748,98.99548009494836,92.8402734342391,96.34940338134766,143000,0.43,0.0
2023-08-18 00:00:00-04:00,96.17870443053367,98.21778953091894,95.35358132634697,96.81414031982422,64100,0.0,0.0
2023-08-21 00:00:00-04:00,96.5960089507341,98.92910759719993,96.47271767883562,97.43061828613281,94500,0.0,0.0
2023-08-22 00:00:00-04:00,98.00914308881941,98.19883031508874,96.37787635787019,96.91847229003906,56000,0.0,0.0
2023-08-23 00:00:00-04:00,97.48750779438576,98.27469340829381,95.6570678866304,96.70980834960938,58700,0.0,0.0
2023-08-24 00:00:00-04:00,96.03643954147842,97.39267235754679,94.93627541730444,95.26821899414062,62800,0.0,0.0
2023-08-25 00:00:00-04:00,95.92261685702294,96.67186498431316,92.76439566163963,95.81829071044922,50700,0.0,0.0
2023-08-28 00:00:00-04:00,97.08917604016862,97.08917604016862,95.05956998475247,95.42945098876953,68300,0.0,0.0
2023-08-29 00:00:00-04:00,95.4863687984734,98.2841885809565,95.11648773532013,98.2557373046875,84700,0.0,0.0
2023-08-30 00:00:00-04:00,97.78152330700668,98.90065258974651,97.06072633613333,97.26937866210938,58800,0.0,0.0
2023-08-31 00:00:00-04:00,97.74357618603243,99.09033000150508,95.52429018034809,95.62861633300781,56600,0.0,0.0
2023-09-01 00:00:00-04:00,96.3873538977967,97.33576830793834,94.71814974574337,95.07854461669922,78900,0.0,0.0
2023-09-05 00:00:00-04:00,95.31563488320073,95.31563488320073,89.96657893727829,92.61265563964844,127600,0.0,0.0
2023-09-06 00:00:00-04:00,93.0109882944758,93.79817388469556,91.06673612312855,91.99618530273438,68900,0.0,0.0
2023-09-07 00:00:00-04:00,91.65476305634245,91.97722770096739,90.507182550484,90.66841125488281,75100,0.0,0.0
2023-09-08 00:00:00-04:00,90.5356312788812,90.57356872046651,88.02233185151435,88.31634521484375,50600,0.0,0.0
2023-09-11 00:00:00-04:00,88.92332394685391,89.20784388624793,88.0033609475773,88.2120132446289,61800,0.0,0.0
2023-09-12 00:00:00-04:00,87.72832919761998,88.95178460283744,87.01701842034198,88.7715835571289,94300,0.0,0.0
2023-09-13 00:00:00-04:00,88.52499359363634,89.5682551865999,87.90853004339272,89.26476287841797,97600,0.0,0.0
2023-09-14 00:00:00-04:00,89.86225496690702,90.981384130862,88.97074320902666,90.44078826904297,102600,0.0,0.0
2023-09-15 00:00:00-04:00,90.28904844001568,90.28904844001568,87.88956115367355,88.93281555175781,319300,0.0,0.0
2023-09-18 00:00:00-04:00,89.01817647799027,91.55992736842116,88.71468415834902,89.96659088134766,114400,0.0,0.0
2023-09-19 00:00:00-04:00,89.90968480721037,91.61682632481924,89.4259914544322,90.71583557128906,112900,0.0,0.0
2023-09-20 00:00:00-04:00,91.01932029834681,92.06257456707888,90.84860543722144,91.50301361083984,84200,0.0,0.0
2023-09-21 00:00:00-04:00,90.71582072005992,90.82962579443955,89.52081678829052,89.8527603149414,64500,0.0,0.0
2023-09-22 00:00:00-04:00,91.09519772039613,91.93928588067831,90.39336591849984,90.41233825683594,112800,0.0,0.0
2023-09-25 00:00:00-04:00,89.81483009891257,92.42296938857908,89.78637882803031,91.9203109741211,59100,0.0,0.0
2023-09-26 00:00:00-04:00,91.11417237995619,93.00151503605292,88.7715876217929,89.52083587646484,127000,0.0,0.0
2023-09-27 00:00:00-04:00,90.06142517703321,91.32281799029867,88.36376263412205,89.19837188720703,61000,0.0,0.0
2023-09-28 00:00:00-04:00,89.67257973643142,90.5451192023155,89.0466227918881,89.66309356689453,89300,0.0,0.0
2023-09-29 00:00:00-04:00,90.0709071792814,90.0709071792814,86.91268582541689,86.998046875,81600,0.0,0.0
2023-10-02 00:00:00-04:00,87.13083511038907,88.17408952211152,86.77043300093436,87.40587615966797,81700,0.0,0.0
2023-10-03 00:00:00-04:00,87.06444036686727,87.06444036686727,85.83149881551788,86.22035217285156,62800,0.0,0.0
2023-10-04 00:00:00-04:00,86.41001330375876,87.06442137907565,85.97374366548941,86.1823959350586,43900,0.0,0.0
2023-10-05 00:00:00-04:00,86.06860179469298,87.46277203934764,85.33832593292624,85.92633819580078,59100,0.0,0.0
2023-10-06 00:00:00-04:00,85.74614005447403,88.20252961020654,84.8261770287643,87.121337890625,91800,0.0,0.0
2023-10-09 00:00:00-04:00,86.87475185271066,87.1308277758543,85.31935291834762,85.46161651611328,41600,0.0,0.0
2023-10-10 00:00:00-04:00,85.71768189343528,86.22982648411889,85.27193325019532,85.30038452148438,112600,0.0,0.0
2023-10-11 00:00:00-04:00,85.06328147806227,85.80304347950965,81.24117298003286,82.98625183105469,82800,0.0,0.0
2023-10-12 00:00:00-04:00,83.40356898946759,83.40356898946759,80.06514607576541,80.88078308105469,117400,0.0,0.0
2023-10-13 00:00:00-04:00,80.91871545540825,83.05264783264563,80.46347336450015,82.56895446777344,169700,0.0,0.0
2023-10-16 00:00:00-04:00,83.31820488208032,84.40888290612274,82.40772791229114,82.8819351196289,77100,0.0,0.0
2023-10-17 00:00:00-04:00,82.49308734242457,84.98741459884276,82.49308734242457,84.06745147705078,83100,0.0,0.0
2023-10-18 00:00:00-04:00,83.4699450572887,84.55113678674698,83.30870912611712,83.65013885498047,41900,0.0,0.0
2023-10-19 00:00:00-04:00,83.50788514003038,84.3993896950905,82.73966460786762,84.13383483886719,65200,0.0,0.0
2023-10-20 00:00:00-04:00,84.58908570307294,84.62702314874088,82.91038810244932,83.02420043945312,66600,0.0,0.0
2023-10-23 00:00:00-04:00,83.06212920042782,83.81137739341794,80.96613438826279,82.14216613769531,61000,0.0,0.0
2023-10-24 00:00:00-04:00,82.21802983892165,83.19489531343264,81.79123910469836,82.10421752929688,41900,0.0,0.0
2023-10-25 00:00:00-04:00,81.68690965820277,83.09056581014666,80.97559903243561,82.60687255859375,96000,0.0,0.0
2023-10-26 00:00:00-04:00,82.6353445523149,82.68276816692442,80.35915576761184,80.54883575439453,48500,0.0,0.0
2023-10-27 00:00:00-04:00,79.94185556056661,80.78594384961018,78.5666502544976,80.14102172851562,55700,0.0,0.0
2023-10-30 00:00:00-04:00,81.18426859915895,81.18426859915895,79.28743985975886,79.47712707519531,54000,0.0,0.0
2023-10-31 00:00:00-04:00,79.60040332029186,80.31171396336518,79.15464749290041,79.7711181640625,57900,0.0,0.0
2023-11-01 00:00:00-04:00,80.37812129283262,80.37812129283262,78.54768119106714,78.60458374023438,61000,0.0,0.0
2023-11-02 00:00:00-04:00,79.68576212858014,79.85647698307177,78.38643923656323,79.04084014892578,48200,0.0,0.0
2023-11-03 00:00:00-04:00,79.96080261678415,80.86180049031223,79.28742937166977,80.1504898071289,103700,0.0,0.0
2023-11-06 00:00:00-05:00,80.61521196290491,81.23168267802184,79.71422131176777,80.78592681884766,98100,0.0,0.0
2023-11-07 00:00:00-05:00,80.87128291199807,80.95664396029255,79.72370249525127,80.8523178100586,63700,0.0,0.0
2023-11-08 00:00:00-05:00,76.8310434300613,79.20207914799828,74.05218927920609,78.49076843261719,115400,0.0,0.0
2023-11-09 00:00:00-05:00,77.92173527762131,78.63304612052927,75.87315657684891,76.40426635742188,75100,0.0,0.0
2023-11-10 00:00:00-05:00,76.04385814354575,79.42969687305983,75.86365711278707,78.12088775634766,68300,0.0,0.0
2023-11-13 00:00:00-05:00,77.77944972718961,80.19790156954906,77.02071548106153,78.07345581054688,62800,0.0,0.0
2023-11-14 00:00:00-05:00,80.27378489186977,82.85347291728166,79.78061264504775,82.72069549560547,69000,0.0,0.0
2023-11-15 00:00:00-05:00,82.71116253881787,84.56020447836602,81.81523380164685,82.93038177490234,73100,0.43,0.0
2023-11-16 00:00:00-05:00,82.844607963959,83.09241946303358,81.21478506064376,81.3672866821289,111800,0.0,0.0
2023-11-17 00:00:00-05:00,81.71039977404679,82.90179130231154,80.45229061106629,80.73822021484375,119300,0.0,0.0
2023-11-20 00:00:00-05:00,80.49994546277155,82.1678936759719,80.36651018744969,82.0249252319336,103800,0.0,0.0
2023-11-21 00:00:00-05:00,81.44352095237677,81.94867706229797,80.60478394469506,81.09087371826172,50700,0.0,0.0
2023-11-22 00:00:00-05:00,81.80572017361202,83.6928805251967,81.30057126406335,83.21632385253906,60200,0.0,0.0
2023-11-24 00:00:00-05:00,83.67382067742024,84.0550674663261,82.73024051042847,83.88350677490234,18500,0.0,0.0
2023-11-27 00:00:00-05:00,83.58802726885436,84.29333629387297,82.80647471199543,83.39740753173828,50600,0.0,0.0
2023-11-28 00:00:00-05:00,83.78819616538512,83.78819616538512,81.57696626333751,81.66275024414062,70500,0.0,0.0
2023-11-29 00:00:00-05:00,81.8247732123826,83.4450701430467,81.03368744885303,81.14806365966797,66900,0.0,0.0
2023-11-30 00:00:00-05:00,81.98680834337782,82.35852924515287,80.48089475525398,81.04322814941406,74800,0.0,0.0
2023-12-01 00:00:00-05:00,80.78587870995601,83.8072458776396,80.78587870995601,83.62615203857422,63300,0.0,0.0
2023-12-04 00:00:00-05:00,83.62616240194495,84.59834208072654,82.64445682537287,83.65475463867188,93000,0.0,0.0
2023-12-05 00:00:00-05:00,83.85490407080991,84.72223331741772,82.73023018335157,83.75006103515625,92700,0.0,0.0
2023-12-06 00:00:00-05:00,84.22661444860778,85.41800592522321,82.92084677243373,84.47441864013672,64100,0.0,0.0
2023-12-07 00:00:00-05:00,85.05582339321275,85.6467562190639,83.41646745903215,84.655517578125,84600,0.0,0.0
2023-12-08 00:00:00-05:00,84.44584022750773,86.1042553982823,83.98834989775914,85.370361328125,57700,0.0,0.0
2023-12-11 00:00:00-05:00,85.47519264134236,86.5712742830444,84.67457376668958,86.55220794677734,89800,0.0,0.0
2023-12-12 00:00:00-05:00,86.92392266923372,88.42984330054458,84.99863716627844,86.8476791381836,128400,0.0,0.0
2023-12-13 00:00:00-05:00,85.85645238679373,89.32578440203321,85.85645238679373,88.63954162597656,88000,0.0,0.0
2023-12-14 00:00:00-05:00,89.77374510855915,90.35514481012338,87.46720536898813,88.10579681396484,152900,0.0,0.0
2023-12-15 00:00:00-05:00,88.77296894776165,88.77296894776165,84.49349242266058,84.80802154541016,199300,0.0,0.0
2023-12-18 00:00:00-05:00,85.42754343554304,85.4942610764369,84.3791202479207,84.79849243164062,148000,0.0,0.0
2023-12-19 00:00:00-05:00,85.45613338152883,88.92546486318629,85.45613338152883,88.0581283569336,102300,0.0,0.0
2023-12-20 00:00:00-05:00,88.00094499523432,90.62200633973328,86.76189490552775,88.66812133789062,133900,0.0,0.0
2023-12-21 00:00:00-05:00,89.61170196533203,91.35590090742568,88.25828293480467,89.61170196533203,76100,0.0,0.0
2023-12-22 00:00:00-05:00,90.32653823989445,91.19387477567115,89.4496758073584,90.11685943603516,63400,0.0,0.0
2023-12-26 00:00:00-05:00,90.64107747920741,91.86106139497068,88.15345107185229,91.21294403076172,47700,0.0,0.0
2023-12-27 00:00:00-05:00,90.74590443898849,91.88964461098404,90.49809297763798,90.8126220703125,80900,0.0,0.0
2023-12-28 00:00:00-05:00,90.86981839353912,91.63231194105165,90.18358292679072,90.59342193603516,64700,0.0,0.0
2023-12-29 00:00:00-05:00,90.94606926567009,91.42262591527641,88.22969781724946,88.7729721069336,55900,0.0,0.0
2024-01-02 00:00:00-05:00,89.2209444472832,91.76575543705553,88.76344682347968,89.08750915527344,72500,0.0,0.0
2024-01-03 00:00:00-05:00,89.0874977990655,89.0874977990655,87.39095735547957,88.0104751586914,89600,0.0,0.0
2024-01-04 00:00:00-05:00,88.86827586846967,90.01201611184311,88.40125242005588,88.94452667236328,69500,0.0,0.0
2024-01-05 00:00:00-05:00,88.15343235076836,90.54574837008951,88.15343235076836,88.43936920166016,68300,0.0,0.0
2024-01-08 00:00:00-05:00,88.3249990072193,89.94529581955213,88.16297150748902,89.87857818603516,60600,0.0,0.0
2024-01-09 00:00:00-05:00,88.82062000818856,89.94529385698971,88.31547118377115,89.28764343261719,50900,0.0,0.0
2024-01-10 00:00:00-05:00,88.75391269856009,91.95637395331126,88.75391269856009,90.27889251708984,47200,0.0,0.0
2024-01-11 00:00:00-05:00,90.469509660318,91.19387778012333,89.39249428519891,90.77450561523438,90900,0.0,0.0
2024-01-12 00:00:00-05:00,91.7848040668232,92.62354106500273,89.38295473073264,90.21216583251953,59300,0.0,0.0
2024-01-16 00:00:00-05:00,89.2781170724225,91.25106122430638,89.0112465238279,91.12715911865234,77000,0.0,0.0
2024-01-17 00:00:00-05:00,90.2217048223098,90.99372423717371,88.09625904966659,88.44891357421875,53200,0.0,0.0
2024-01-18 00:00:00-05:00,88.90640628589095,89.44014739990234,87.52439492782119,89.44014739990234,75700,0.0,0.0
2024-01-19 00:00:00-05:00,90.04061206288772,90.86981595651612,87.97235800570071,89.05890655517578,89800,0.0,0.0
2024-01-22 00:00:00-05:00,89.96435636272908,92.4519824516679,89.96435636272908,90.36466217041016,76000,0.0,0.0
2024-01-23 00:00:00-05:00,91.20340683220314,91.20340683220314,89.0684279724784,89.50686645507812,48600,0.0,0.0
2024-01-24 00:00:00-05:00,90.4027884264985,90.63153356566778,89.13514608518105,89.48780059814453,53400,0.0,0.0
2024-01-25 00:00:00-05:00,90.650608587605,91.03185537053213,88.46797820881672,89.99295806884766,44100,0.0,0.0
2024-01-26 00:00:00-05:00,90.25030064557706,90.98419468656444,89.5259325019758,89.7356185913086,32000,0.0,0.0
2024-01-29 00:00:00-05:00,90.38373344379534,91.47981516232335,88.76343651633043,91.29872131347656,45200,0.0,0.0
2024-01-30 00:00:00-05:00,91.13670448752882,91.8038809483285,90.1835911025704,91.74669647216797,54100,0.0,0.0
2024-01-31 00:00:00-05:00,92.032617423999,92.3852719608982,87.76267393520013,87.93423461914062,74200,0.0,0.0
2024-02-01 00:00:00-05:00,87.92470142061083,90.45998627447206,87.87704284721326,90.1740493774414,50400,0.0,0.0
2024-02-02 00:00:00-05:00,89.0112506356987,90.58388903733865,88.62047796339833,89.94530487060547,65900,0.0,0.0
2024-02-05 00:00:00-05:00,88.62999819261556,89.55451919931245,87.69595128912167,88.71578216552734,48200,0.0,0.0
2024-02-06 00:00:00-05:00,88.3535982632041,90.14545588582754,88.3535982632041,89.3543701171875,45100,0.0,0.0
2024-02-07 00:00:00-05:00,88.87781133151765,89.51639546934054,88.43938010532536,89.41155242919922,46500,0.0,0.0
2024-02-08 00:00:00-05:00,89.06843463491121,90.14545731365631,88.78250500901369,89.42108917236328,46200,0.0,0.0
2024-02-09 00:00:00-05:00,89.65936051603654,91.4988693256378,88.07719634855266,91.32730865478516,54100,0.0,0.0
2024-02-12 00:00:00-05:00,91.28918100677765,93.05243897001338,90.76497311050575,92.137451171875,57000,0.0,0.0
2024-02-13 00:00:00-05:00,89.9834350316053,92.09934056433933,88.19157727639208,88.744384765625,76500,0.0,0.0
2024-02-14 00:00:00-05:00,90.11686495116936,91.78481321742396,88.88734792801469,91.55606079101562,65100,0.0,0.0
2024-02-15 00:00:00-05:00,91.85153709412099,93.63385442292551,90.64107905513566,93.51948547363281,67400,0.0,0.0
2024-02-16 00:00:00-05:00,93.15728268559116,98.2755032178138,91.67996157981699,96.93161010742188,146700,0.0,0.0
2024-02-20 00:00:00-05:00,95.70209737043189,97.98956317257151,94.72991786001374,97.34144592285156,124700,0.0,0.0
2024-02-21 00:00:00-05:00,97.3033405929486,97.3033405929486,95.53055641214063,96.78866577148438,99500,0.0,0.0
2024-02-22 00:00:00-05:00,96.44554266444649,98.10395786513197,95.76883305538331,97.37006378173828,81400,0.0,0.0
2024-02-23 00:00:00-05:00,97.09364603018695,98.10394371323494,96.82676822122782,97.22708129882812,57400,0.0,0.0
2024-02-26 00:00:00-05:00,96.81724296317356,97.81800748458241,96.05474947590098,96.14053344726562,68700,0.0,0.0
2024-02-27 00:00:00-05:00,96.27397243116711,98.00863827354503,95.59726288915081,97.95144653320312,79700,0.0,0.0
2024-02-28 00:00:00-05:00,98.05630509605818,98.24693214124603,94.53932155456151,95.18743896484375,103000,0.0,0.0
2024-02-29 00:00:00-05:00,97.28427298648671,102.23093327667873,92.69980039950093,101.28734588623047,112200,0.0,0.0
2024-03-01 00:00:00-05:00,101.58279966331544,102.10700752450718,99.3525111463675,99.7146987915039,88800,0.0,0.0
2024-03-04 00:00:00-05:00,100.47720628478758,101.2396998633884,98.87597558706804,100.71548461914062,84900,0.0,0.0
2024-03-05 00:00:00-05:00,100.58204276352694,102.42155167544114,98.33269485242947,99.08565521240234,121600,0.0,0.0
2024-03-06 00:00:00-05:00,99.40018082702112,100.81078435227911,98.67581272742335,100.03876495361328,87700,0.0,0.0
2024-03-07 00:00:00-05:00,101.31594211649539,101.54468726208034,99.86720589387745,100.31517028808594,37400,0.0,0.0
2024-03-08 00:00:00-05:00,101.2778213675837,102.04984081420731,99.6956497980301,99.97205352783203,45500,0.0,0.0
2024-03-11 00:00:00-04:00,99.45519806222613,102.11601337801403,99.45519806222613,101.4268798828125,51500,0.44,0.0
2024-03-12 00:00:00-04:00,101.25460105716829,101.70445251464844,100.37404479699521,101.70445251464844,39300,0.0,0.0
2024-03-13 00:00:00-04:00,102.41272820785112,103.61871191176779,101.9724500656646,103.0635757446289,61100,0.0,0.0
2024-03-14 00:00:00-04:00,102.30743761557322,102.30743761557322,101.10145398114567,101.98201751708984,50400,0.0,0.0
2024-03-15 00:00:00-04:00,101.06317323554329,102.45101364566219,100.97703519404077,102.11602020263672,134300,0.0,0.0
2024-03-18 00:00:00-04:00,102.5945720537272,104.07811635282846,102.2212926473379,102.38400268554688,56500,0.0,0.0
2024-03-19 00:00:00-04:00,102.50843315889824,104.7385437131621,102.50843315889824,104.46097564697266,55900,0.0,0.0
2024-03-20 00:00:00-04:00,103.99198329728696,104.65239680817722,102.95828305983848,104.45140075683594,50800,0.0,0.0
2024-03-21 00:00:00-04:00,104.51839547540128,105.70523968921219,104.3269727582362,105.46595764160156,52700,0.0,0.0
2024-03-22 00:00:00-04:00,106.0785273131623,106.56665747042267,104.8725436551767,105.91581726074219,64600,0.0,0.0
2024-03-25 00:00:00-04:00,106.72937173410928,106.79637041859537,105.26496670012128,105.35110473632812,57900,0.0,0.0
2024-03-26 00:00:00-04:00,106.30824158405679,106.89209044000216,104.31741293763025,104.95869445800781,52300,0.0,0.0
2024-03-27 00:00:00-04:00,105.58081625596542,107.04522132861524,105.4181062039619,106.2125244140625,43700,0.0,0.0
2024-03-28 00:00:00-04:00,106.04981173318161,108.35648699047141,105.90624103696315,108.03106689453125,65900,0.0,0.0
2024-04-01 00:00:00-04:00,108.75847991829123,108.75847991829123,105.57124841020996,107.34193420410156,80500,0.0,0.0
2024-04-02 00:00:00-04:00,106.08807944861793,106.08807944861793,101.87672147779404,102.60413360595703,88600,0.0,0.0
2024-04-03 00:00:00-04:00,101.81930960222408,103.24543607838933,101.27374674361425,101.39817810058594,96000,0.0,0.0
2024-04-04 00:00:00-04:00,102.49886707431504,107.69607408268598,99.71362749317885,100.53675842285156,114700,0.0,0.0
2024-04-05 00:00:00-04:00,101.22588282609202,103.52299201986949,99.89547518139804,101.86715698242188,80200,0.0,0.0
2024-04-08 00:00:00-04:00,102.56587124412377,104.24084575460601,102.3457285240157,102.46058654785156,103500,0.0,0.0
2024-04-09 00:00:00-04:00,103.13056711831062,104.18340671427707,101.79058613148564,102.22129821777344,35000,0.0,0.0
2024-04-10 00:00:00-04:00,100.4027598583081,100.81432531828487,98.0386517953468,99.6849136352539,104700,0.0,0.0
2024-04-11 00:00:00-04:00,100.73774422557517,101.05359828781516,98.9096258371335,99.92418670654297,81600,0.0,0.0
2024-04-12 00:00:00-04:00,99.16806362126034,99.83805050948581,97.39737772897065,98.29707336425781,99000,0.0,0.0
2024-04-15 00:00:00-04:00,98.52679288595806,98.83307366027086,96.14353808032973,96.67953491210938,83000,0.0,0.0
2024-04-16 00:00:00-04:00,96.40194898509625,96.40194898509625,94.3728346667154,94.975830078125,71200,0.0,0.0
2024-04-17 00:00:00-04:00,95.913823856039,95.913823856039,93.85599659800725,93.9134292602539,54100,0.0,0.0
2024-04-18 00:00:00-04:00,93.81770924574873,94.16227600505238,93.18600838856483,93.31043243408203,60700,0.0,0.0
2024-04-19 00:00:00-04:00,93.4061576712269,95.00456765959811,93.4061576712269,94.84185028076172,61900,0.0,0.0
2024-04-22 00:00:00-04:00,95.55012450235822,96.73696160636176,94.86099092509495,95.64583587646484,62300,0.0,0.0
2024-04-23 00:00:00-04:00,96.06697232318487,99.11064067971925,95.77025757774737,98.9574966430664,71300,0.0,0.0
2024-04-24 00:00:00-04:00,98.00035342781317,99.79018574706745,98.00035342781317,99.20633697509766,68300,0.0,0.0
2024-04-25 00:00:00-04:00,98.63206841651845,98.63206841651845,95.55968032876059,96.07653045654297,62800,0.0,0.0
2024-04-26 00:00:00-04:00,96.4019613305091,96.84223946212103,96.22967794837318,96.29667663574219,30500,0.0,0.0
2024-04-29 00:00:00-04:00,96.45937487017055,98.30663251247505,96.42108886746428,97.6079330444336,65700,0.0,0.0
2024-04-30 00:00:00-04:00,97.05281923683816,97.52181009860578,96.0191188334111,97.1581039428711,48200,0.0,0.0
2024-05-01 00:00:00-04:00,97.2442262518797,99.50304944828021,96.9379455118072,97.20594024658203,77000,0.0,0.0
2024-05-02 00:00:00-04:00,98.00993274732511,99.2829150527262,97.49308262402747,99.19676971435547,50700,0.0,0.0
2024-05-03 00:00:00-04:00,100.25918321309784,100.68988800048828,99.20634360879203,100.68988800048828,44600,0.0,0.0
2024-05-06 00:00:00-04:00,101.15887620450404,102.47971041868108,101.15887620450404,101.66615295410156,46600,0.0,0.0
2024-05-07 00:00:00-04:00,102.22128759568807,103.30283975789163,100.83344742049785,101.06315612792969,82800,0.0,0.0
2024-05-08 00:00:00-04:00,98.21093176678055,100.92917253180735,96.47853194544035,99.46476745605469,117500,0.0,0.0
2024-05-09 00:00:00-04:00,99.34034649301086,100.76646560617262,99.34034649301086,100.52718353271484,61000,0.0,0.0
2024-05-10 00:00:00-04:00,101.16845185954935,102.02029540738565,99.54133677548899,101.82887268066406,60900,0.0,0.0
2024-05-13 00:00:00-04:00,102.25957453130648,102.58500192016166,100.23046739799636,100.4697494506836,59700,0.0,0.0
2024-05-14 00:00:00-04:00,102.06815630685426,102.62329244610014,100.92917134914447,101.83844757080078,56800,0.0,0.0
2024-05-15 00:00:00-04:00,102.25000755179833,103.50384315942921,102.07772418338038,103.34113311767578,81000,0.0,0.0
2024-05-16 00:00:00-04:00,102.73814392279833,103.10185733507443,101.08231612229939,101.69487762451172,57800,0.0,0.0
2024-05-17 00:00:00-04:00,101.97243861793052,102.17343466230064,100.87173973487727,102.14472198486328,43200,0.0,0.0
2024-05-20 00:00:00-04:00,102.49886663731431,102.49886663731431,100.8238921042184,100.8813247680664,47800,0.0,0.0
2024-05-21 00:00:00-04:00,100.44104234952351,101.51302133160425,100.44104234952351,101.35031127929688,39500,0.0,0.0
2024-05-22 00:00:00-04:00,100.6486950541815,101.68670855384417,98.95711831392887,99.0916748046875,45100,0.44,0.0
2024-05-23 00:00:00-04:00,98.77450080221347,98.77450080221347,96.13141540687681,96.62158966064453,69500,0.0,0.0
2024-05-24 00:00:00-04:00,97.5538759766007,98.1017151838478,95.82385356804222,97.87104797363281,46800,0.0,0.0
2024-05-28 00:00:00-04:00,98.36122564047554,98.83218071769727,97.4097168780527,97.54427337646484,44600,0.0,0.0
2024-05-29 00:00:00-04:00,96.17947569489506,96.61197765030853,95.63163646274127,95.8911361694336,49400,0.0,0.0
2024-05-30 00:00:00-04:00,96.39092054016496,97.31359672548054,95.17029156624001,96.4485855102539,48700,0.0,0.0
2024-05-31 00:00:00-04:00,96.34285954921806,98.73605841810385,96.34285954921806,98.582275390625,53200,0.0,0.0
2024-06-03 00:00:00-04:00,98.88984950784254,98.88984950784254,93.16156283249363,94.449462890625,175700,0.0,0.0
2024-06-04 00:00:00-04:00,93.8247299194336,94.16112114441515,91.0566939360911,93.8247299194336,113100,0.0,0.0
2024-06-05 00:00:00-04:00,94.18994772554647,95.39135012000499,92.86360212186447,95.15106964111328,50200,0.0,0.0
2024-06-06 00:00:00-04:00,94.18035240136683,95.24719851757942,93.5364023550849,93.92085266113281,39200,0.0,0.0
2024-06-07 00:00:00-04:00,93.25767103326096,93.97851256840349,91.97937695107451,93.15194702148438,41900,0.0,0.0
2024-06-10 00:00:00-04:00,92.3542065218884,92.68099180453632,91.34503285366404,92.22926330566406,56900,0.0,0.0
2024-06-11 00:00:00-04:00,91.32581742674076,92.0754988136958,90.30703036160789,91.4315414428711,101500,0.0,0.0
2024-06-12 00:00:00-04:00,93.72860881598432,94.00733505986665,90.40312776742381,91.38347625732422,126500,0.0,0.0
2024-06-13 00:00:00-04:00,90.97980345879508,91.62375337819273,90.58573995622805,91.01824188232422,94500,0.0,0.0
2024-06-14 00:00:00-04:00,90.06674823808683,91.43153981668512,89.13445865758057,90.79720306396484,82800,0.0,0.0
2024-06-17 00:00:00-04:00,90.11480281884353,92.55605363419501,90.11480281884353,92.53682708740234,107500,0.0,0.0
2024-06-18 00:00:00-04:00,92.84438566763593,95.62202771887917,92.52721364116147,93.45950317382812,169800,0.0,0.0
2024-06-20 00:00:00-04:00,93.46910992479093,93.8920059305799,89.01911792241351,89.2882308959961,156700,0.0,0.0
2024-06-21 00:00:00-04:00,89.54772437989055,90.40312227201022,88.13487403389257,88.54815673828125,372400,0.0,0.0
2024-06-24 00:00:00-04:00,88.94222577025137,91.6622026375269,88.27904928096649,91.60453033447266,129600,0.0,0.0
2024-06-25 00:00:00-04:00,91.30658622809715,92.83476662523366,90.172462021637,90.6434097290039,112100,0.0,0.0
2024-06-26 00:00:00-04:00,89.94180190548306,90.85486490674128,89.19212789050823,90.66264343261719,157200,0.0,0.0
2024-06-27 00:00:00-04:00,91.36425897009732,91.42193127890978,89.22096092269831,89.49968719482422,191600,0.0,0.0
2024-06-28 00:00:00-04:00,90.43196093795271,90.43196093795271,87.52937586952766,88.82688903808594,318300,0.0,0.0
2024-07-01 00:00:00-04:00,89.2497899531628,89.9898506704428,86.97192816196565,87.76004791259766,129500,0.0,0.0
2024-07-02 00:00:00-04:00,87.88499711361901,89.08639960113992,87.1833748344841,88.02915954589844,85800,0.0,0.0
2024-07-03 00:00:00-04:00,88.02916046844105,89.59579402156506,87.60627177469145,89.38434600830078,69800,0.0,0.0
2024-07-05 00:00:00-04:00,88.86533241403734,89.04794792649932,87.65431673388122,88.67311096191406,51000,0.0,0.0
2024-07-08 00:00:00-04:00,89.69191186538818,90.08597543639824,87.7888869279255,88.48089599609375,83600,0.0,0.0
2024-07-09 00:00:00-04:00,87.89461028957167,88.42323036070944,86.77009922854712,87.35638427734375,77900,0.0,0.0
2024-07-10 00:00:00-04:00,87.84654775104478,87.99071751018991,86.91425828572193,87.22181701660156,74600,0.0,0.0
2024-07-11 00:00:00-04:00,88.64429175580953,89.90335932120882,87.42366262037008,89.19213104248047,140100,0.0,0.0
2024-07-12 00:00:00-04:00,89.92257599070243,91.479596340061,88.3271172124721,91.32581329345703,184700,0.0,0.0
2024-07-15 00:00:00-04:00,92.25808963973769,93.44988608195094,90.45118309751179,90.80680084228516,84400,0.0,0.0
2024-07-16 00:00:00-04:00,91.8448103912288,95.22796373195862,91.7871454212229,94.84351348876953,154800,0.0,0.0
2024-07-17 00:00:00-04:00,94.84350882935377,96.91952830813982,93.78627621210673,94.06500244140625,165600,0.0,0.0
2024-07-18 00:00:00-04:00,94.18994909260621,95.34329247491452,91.11436185126512,91.19124603271484,88400,0.0,0.0
2024-07-19 00:00:00-04:00,91.40270065907555,91.835209958391,90.24935719312553,90.76836395263672,67600,0.0,0.0
2024-07-22 00:00:00-04:00,91.21047269124023,92.84437704034134,90.76835748304556,92.34459686279297,86500,0.0,0.0
2024-07-23 00:00:00-04:00,92.65216678354177,93.98812584205025,92.41188627182761,93.15194702148438,78800,0.0,0.0
2024-07-24 00:00:00-04:00,93.18077505846806,94.58401963269266,92.450327617351,92.59449005126953,63000,0.0,0.0
2024-07-25 00:00:00-04:00,93.19039029878752,94.69935157881166,92.40227053468787,93.22883605957031,119600,0.0,0.0
2024-07-26 00:00:00-04:00,94.7089761192426,94.82431341531209,93.67096245295717,94.49752807617188,117000,0.0,0.0
2024-07-29 00:00:00-04:00,94.39178953548826,95.19913581823037,93.02699807277195,93.32494354248047,104200,0.0,0.0
2024-07-30 00:00:00-04:00,93.9688975003631,94.93001952886658,93.51717630650094,94.35334777832031,78100,0.0,0.0
2024-07-31 00:00:00-04:00,95.1702985971199,95.72775112509082,93.55561332033517,93.70939636230469,109700,0.0,0.0
2024-08-01 00:00:00-04:00,93.86316765267057,94.42061277807073,92.04664052753405,92.68098449707031,82700,0.0,0.0
2024-08-02 00:00:00-04:00,89.54772653426339,91.4795836252346,89.38433756954069,91.01824188232422,76400,0.0,0.0
2024-08-05 00:00:00-04:00,88.25020917297333,88.32710068188493,85.92429602423178,87.46208953857422,102800,0.0,0.0
2024-08-06 00:00:00-04:00,87.06803870433401,88.1348847139469,86.1742022812962,87.07765197753906,114000,0.0,0.0
2024-08-07 00:00:00-04:00,87.58704628901933,88.02916153448096,85.60713729134787,86.36642456054688,98200,0.0,0.0
2024-08-08 00:00:00-04:00,87.65432771467475,87.9522805354034,85.91469915686046,86.50098419189453,145700,0.0,0.0
2024-08-09 00:00:00-04:00,86.37602445973009,86.37602445973009,84.88628263910485,84.92472839355469,92000,0.0,0.0
2024-08-12 00:00:00-04:00,84.57874044790643,84.80940768685888,83.66567743300098,84.19429016113281,123000,0.0,0.0
2024-08-13 00:00:00-04:00,84.98240959843646,86.87582120343707,84.56912682509736,86.50098419189453,140500,0.0,0.0
2024-08-14 00:00:00-04:00,79.77313774645776,82.98328217941213,76.13048395014975,78.46601104736328,482700,0.0,0.0
2024-08-15 00:00:00-04:00,79.9941906017531,81.34936886487293,79.65779202158804,79.85962677001953,160800,0.0,0.0
2024-08-16 00:00:00-04:00,79.7539125233309,81.8203191057498,79.7539125233309,80.93608856201172,142900,0.0,0.0
2024-08-19 00:00:00-04:00,80.93607979730177,81.5608105411429,80.18640583780389,80.74385833740234,119000,0.0,0.0
2024-08-20 00:00:00-04:00,80.54203377012117,80.54203377012117,78.53328479658235,78.6005630493164,182100,0.0,0.0
2024-08-21 00:00:00-04:00,79.08111224283128,80.43629770127019,78.2833792708188,79.87884521484375,122200,0.0,0.0
2024-08-22 00:00:00-04:00,80.2536786628492,80.3690159306678,79.17721949487671,79.29255676269531,73700,0.0,0.0
2024-08-23 00:00:00-04:00,79.75637194113335,82.59722395983651,79.75637194113335,81.94981384277344,140800,0.44,0.0
2024-08-26 00:00:00-04:00,82.83879241424732,82.83879241424732,80.89657681649273,81.23477172851562,88500,0.0,0.0
2024-08-27 00:00:00-04:00,80.98354770476888,81.2637684858352,80.01727219989071,80.29749298095703,48600,0.0,0.0
2024-08-28 00:00:00-04:00,79.85299816607387,81.39903732584324,79.38919010419117,80.33613586425781,63000,0.0,0.0
2024-08-29 00:00:00-04:00,80.90625008310899,81.66960123334569,80.11390447558874,81.5729751586914,114700,0.0,0.0
2024-08-30 00:00:00-04:00,81.36038587577393,82.79047671403816,80.90624262952757,82.71317291259766,82900,0.0,0.0
2024-09-03 00:00:00-04:00,82.89677334386944,83.54417613859088,82.73250828349477,83.08036804199219,94600,0.0,0.0
2024-09-04 00:00:00-04:00,84.31718606148316,84.99357583322832,83.07069002032799,83.8533706665039,69700,0.0,0.0
2024-09-05 00:00:00-04:00,83.88235774642219,84.51043817566874,83.03203812307176,83.8533706665039,71800,0.0,0.0
2024-09-06 00:00:00-04:00,83.66013254449162,83.66013254449162,81.07051397197428,81.708251953125,60500,0.0,0.0
2024-09-09 00:00:00-04:00,81.76622990879383,81.76622990879383,80.31681675726631,80.92556762695312,88500,0.0,0.0
2024-09-10 00:00:00-04:00,80.9835475980478,81.9015137497306,80.29749287514004,80.81928253173828,54300,0.0,0.0
2024-09-11 00:00:00-04:00,80.43276796614131,80.80961480924032,79.55346112294255,80.27816772460938,77100,0.0,0.0
2024-09-12 00:00:00-04:00,80.40378486121602,81.16714340407266,79.89166001689254,80.06558990478516,83400,0.0,0.0
2024-09-13 00:00:00-04:00,81.05119647514466,82.14309264555109,80.37480648895321,81.73725128173828,84500,0.0,0.0
2024-09-16 00:00:00-04:00,81.71791688861664,82.41363641238911,80.57771152956663,81.13815307617188,133600,0.0,0.0
2024-09-17 00:00:00-04:00,81.79521160697415,82.57789229819721,80.65500637462527,81.17679595947266,135000,0.0,0.0
2024-09-18 00:00:00-04:00,80.79995345324956,83.3509199779298,80.37478990843738,81.67926025390625,113600,0.0,0.0
2024-09-19 00:00:00-04:00,83.20597688892973,83.20597688892973,80.82894024372484,82.1527328491211,91400,0.0,0.0
2024-09-20 00:00:00-04:00,82.52959176566634,83.25429837110241,80.32647749257936,80.47142028808594,274000,0.0,0.0
2024-09-23 00:00:00-04:00,81.21545143871455,81.21545143871455,79.78536058327273,80.24917602539062,49100,0.0,0.0
2024-09-24 00:00:00-04:00,80.23951477231482,81.47634617678958,80.18154060401028,81.0318603515625,69400,0.0,0.0
2024-09-25 00:00:00-04:00,80.85792857350728,81.63095186917785,80.05591819436596,81.44735717773438,76800,0.0,0.0
2024-09-26 00:00:00-04:00,81.87251119916489,82.15272455483506,80.8385969004889,81.34105682373047,86200,0.0,0.0
2024-09-27 00:00:00-04:00,82.26869609567703,82.54891687742497,81.2637686835076,81.5343246459961,72300,0.0,0.0
2024-09-30 00:00:00-04:00,81.03185014239376,82.34598518710503,81.03185014239376,81.77587890625,92900,0.0,0.0
2024-10-01 00:00:00-04:00,81.16713283595331,81.16713283595331,79.717719749597,80.19119262695312,85500,0.0,0.0
2024-10-02 00:00:00-04:00,80.24917235105484,80.74196748137726,78.93503725933635,79.5631103515625,83200,0.0,0.0
2024-10-03 00:00:00-04:00,79.13794680858175,79.80467173793265,77.93976752704974,78.04605102539062,68500,0.0,0.0
2024-10-04 00:00:00-04:00,78.86739652630368,79.77569034003675,77.89145636102553,78.31661987304688,46600,0.0,0.0
2024-10-07 00:00:00-04:00,76.07486795440374,76.51935376817606,73.61086265560658,75.84295654296875,150500,0.0,0.0
2024-10-08 00:00:00-04:00,76.47103294992756,77.40832124765228,74.82836775348572,74.86701965332031,162600,0.0,0.0
2024-10-09 00:00:00-04:00,74.29691804302911,75.89127399454706,74.29691804302911,75.56273651123047,143200,0.0,0.0
2024-10-10 00:00:00-04:00,74.77039980744989,75.14724668421024,74.16164886162873,74.90567779541016,173500,0.0,0.0
2024-10-11 00:00:00-04:00,74.90567289081125,77.6402343022808,74.66410401782836,77.58226013183594,161200,0.0,0.0
2024-10-14 00:00:00-04:00,77.23439531825983,79.3408760479111,77.23439531825983,79.1186294555664,99100,0.0,0.0
2024-10-15 00:00:00-04:00,79.07997106964108,81.17679418098594,79.07997106964108,79.50513458251953,94100,0.0,0.0
2024-10-16 00:00:00-04:00,80.34579672329794,81.08016805253766,80.12355014936237,81.07050323486328,109500,0.0,0.0
2024-10-17 00:00:00-04:00,81.0608473327693,82.07543950939035,80.5583873398758,81.60195922851562,70200,0.0,0.0
2024-10-18 00:00:00-04:00,81.67925631158482,82.02711603653296,80.57770297328109,81.89183807373047,100300,0.0,0.0
2024-10-21 00:00:00-04:00,81.68892381240785,82.45228226877609,80.22984588329409,80.62602233886719,103800,0.0,0.0
2024-10-22 00:00:00-04:00,80.27817632182548,80.68401029291758,79.58245673018328,80.0945816040039,63100,0.0,0.0
2024-10-23 00:00:00-04:00,79.96895465852884,80.36512374146795,78.75144558287654,79.4858169555664,58200,0.0,0.0
2024-10-24 00:00:00-04:00,79.68873301699455,80.21052261502342,78.67414090325572,79.14762115478516,75700,0.0,0.0
2024-10-25 00:00:00-04:00,79.27322475784688,81.11880670687563,77.93010271007499,78.04605102539062,69400,0.0,0.0
2024-10-28 00:00:00-04:00,78.50021334664814,79.60176673975035,78.50021334664814,78.92537689208984,65400,0.0,0.0
2024-10-29 00:00:00-04:00,78.81909321547737,79.16695298954977,78.54853725166484,78.73213195800781,90000,0.0,0.0
2024-10-30 00:00:00-04:00,78.29729423515222,80.78062171042446,78.29729423515222,79.81434631347656,99200,0.0,0.0
2024-10-31 00:00:00-04:00,79.2249158456026,79.553453306234,77.46629495990568,77.47595977783203,114600,0.0,0.0
2024-11-01 00:00:00-04:00,78.43257346550139,79.86266431976352,77.93977831302206,78.63549041748047,146300,0.0,0.0
2024-11-04 00:00:00-05:00,78.57752315582849,81.40871065817163,78.19101148243854,80.00761413574219,194600,0.0,0.0
2024-11-05 00:00:00-05:00,79.63076339506691,80.4037793320221,79.25390918713407,79.74671173095703,203600,0.0,0.0
2024-11-06 00:00:00-05:00,84.45247866657586,94.12489831306833,84.45247866657586,93.82534790039062,268600,0.0,0.0
2024-11-07 00:00:00-05:00,93.400189919428,93.6514162322406,89.52542324333221,92.05706024169922,133000,0.0,0.0
2024-11-08 00:00:00-05:00,92.30828747139542,93.72871348414414,91.4386381399068,91.87346649169922,112300,0.0,0.0
2024-11-11 00:00:00-05:00,93.06197667086,93.72870902194244,90.71392727367389,91.4193115234375,126900,0.0,0.0
2024-11-12 00:00:00-05:00,91.40965371090583,92.01841194666653,88.64610540623295,88.99396514892578,111600,0.0,0.0
2024-11-13 00:00:00-05:00,89.61239114318538,90.71394466444201,88.68476751329017,88.77173614501953,92900,0.0,0.0
2024-11-14 00:00:00-05:00,88.27892294160091,89.62204518533854,87.1000657499241,87.13871765136719,128100,0.0,0.0
2024-11-15 00:00:00-05:00,88.10972958971396,88.48842411881972,86.74060492484908,87.39118194580078,122000,0.44,0.0
2024-11-18 00:00:00-05:00,87.3911823067271,87.97378870712349,86.2550987147178,87.33292388916016,115500,0.0,0.0
2024-11-19 00:00:00-05:00,86.09972964510229,88.89625210937787,85.16755795975777,88.00291442871094,94700,0.0,0.0
2024-11-20 00:00:00-05:00,87.7795917557357,92.67349900513851,87.7795917557357,91.33349609375,224900,0.0,0.0
2024-11-21 00:00:00-05:00,91.48884827317866,94.50869936937485,90.83827132531425,94.1300048828125,125900,0.0,0.0
2024-11-22 00:00:00-05:00,94.90682188437691,96.47986583242732,94.42131531614136,94.99421691894531,179200,0.0,0.0
2024-11-25 00:00:00-05:00,95.62538353031702,96.98479608848075,94.56697528632633,95.1787109375,111100,0.0,0.0
2024-11-26 00:00:00-05:00,94.37275781781999,96.13028901400442,93.2949327725794,95.74188232421875,145100,0.0,0.0
2024-11-27 00:00:00-05:00,95.59623626317,96.30507908232234,93.91638775701875,94.26595306396484,88000,0.0,0.0
2024-11-29 00:00:00-05:00,94.62521522880736,95.89724731445312,94.44072779379478,95.89724731445312,58900,0.0,0.0
2024-12-02 00:00:00-05:00,96.14001292452427,97.56740342354689,95.10102916257974,96.48957824707031,90200,0.0,0.0
2024-12-03 00:00:00-05:00,97.73246784706994,98.2665205953785,95.99435354730988,96.1205825805664,95200,0.0,0.0
2024-12-04 00:00:00-05:00,96.09145674301679,97.37319375544062,95.55740397598144,97.01392364501953,92300,0.0,0.0
2024-12-05 00:00:00-05:00,96.41188850915178,96.4701469226539,94.56696219641964,94.79029846191406,72600,0.0,0.0
2024-12-06 00:00:00-05:00,95.12044680908257,95.26610026250228,92.67349694295235,93.2949447631836,81000,0.0,0.0
2024-12-09 00:00:00-05:00,93.78044924631574,95.2660981399632,93.35320110133502,93.70276641845703,72200,0.0,0.0
2024-12-10 00:00:00-05:00,93.57653841954254,94.4892857281806,92.18798934116259,93.49885559082031,96700,0.0,0.0
2024-12-11 00:00:00-05:00,94.26595228437651,94.40189352392663,92.81913745049863,92.88711547851562,111000,0.0,0.0
2024-12-12 00:00:00-05:00,92.88712308714204,93.2075518019048,90.9548015513774,91.33349609375,144300,0.0,0.0
2024-12-13 00:00:00-05:00,90.89653845893827,91.27523298184185,89.43030657822003,90.75088500976562,89600,0.0,0.0
2024-12-16 00:00:00-05:00,93.42116853530942,95.22725347605312,91.9355196923652,92.79000854492188,119500,0.0,0.0
2024-12-17 00:00:00-05:00,92.25596636893563,93.51827908621513,89.8284333646564,92.22683715820312,150800,0.0,0.0
2024-12-18 00:00:00-05:00,93.01333671400236,93.01333671400236,88.67290739278428,89.750732421875,124600,0.0,0.0
2024-12-19 00:00:00-05:00,89.99349837316481,91.15871118125546,88.4204544148243,88.76031494140625,96100,0.0,0.0
2024-12-20 00:00:00-05:00,87.69218731578458,90.69262153160747,87.11929316478691,88.66320037841797,252700,0.0,0.0
2024-12-23 00:00:00-05:00,88.02233493851492,88.43987084859475,86.81828082433374,87.23580932617188,90000,0.0,0.0
2024-12-24 00:00:00-05:00,87.43001455782746,87.83783825453754,86.69204257694145,87.64363861083984,42300,0.0,0.0
2024-12-26 00:00:00-05:00,87.15813957198773,89.20697784423828,86.84741567046473,89.20697784423828,93100,0.0,0.0
2024-12-27 00:00:00-05:00,88.78943886914819,90.00320522548172,87.06103676304794,88.24566650390625,84900,0.0,0.0
2024-12-30 00:00:00-05:00,87.65335588404123,87.65335588404123,86.62408429109973,86.65321350097656,68100,0.0,0.0
2024-12-31 00:00:00-05:00,86.69204987305658,88.20682796446059,86.10944348468904,86.1385726928711,63200,0.0,0.0
2025-01-02 00:00:00-05:00,86.93479939777264,88.27480218221358,84.94422703946367,85.33262634277344,76100,0.0,0.0
2025-01-03 00:00:00-05:00,85.24524497986384,86.3327823703962,83.885825093759,85.62393951416016,126800,0.0,0.0
2025-01-06 00:00:00-05:00,85.95407104492188,87.87668012383202,85.68218857902868,85.95407104492188,83600,0.0,0.0
2025-01-07 00:00:00-05:00,86.44929798711237,86.77944630439472,85.00249049423024,85.86669158935547,77400,0.0,0.0
2025-01-08 00:00:00-05:00,84.90538759596244,86.50755327986501,84.24509839348887,86.47842407226562,69000,0.0,0.0
2025-01-10 00:00:00-05:00,85.04133117454388,85.35205507788194,83.54597007465381,84.47814178466797,97400,0.0,0.0
2025-01-13 00:00:00-05:00,84.40046305873332,87.30379777441864,84.10916355233266,86.68234252929688,115100,0.0,0.0
2025-01-14 00:00:00-05:00,86.80857410015477,86.95422754928393,85.27437159804646,86.12886047363281,58500,0.0,0.0
2025-01-15 00:00:00-05:00,87.9155314964473,87.9155314964473,85.59481066043622,87.08045959472656,56500,0.0,0.0
2025-01-16 00:00:00-05:00,86.63378344181135,87.43972603208351,85.03161046584326,86.20653533935547,64600,0.0,0.0
2025-01-17 00:00:00-05:00,86.98334994906872,87.48827347052043,85.35204774464091,85.98320770263672,64000,0.0,0.0
2025-01-21 00:00:00-05:00,86.54639750989718,88.604948010085,85.2258190619642,87.45915222167969,93700,0.0,0.0
2025-01-22 00:00:00-05:00,87.167836684342,88.1971155365904,86.7114667819038,87.6533432006836,77800,0.0,0.0
2025-01-23 00:00:00-05:00,87.38146545085613,89.3040746189149,87.31349483123113,88.24566650390625,93400,0.0,0.0
2025-01-24 00:00:00-05:00,88.97392640367457,88.97392640367457,86.55610589382977,86.7017593383789,96600,0.0,0.0
2025-01-27 00:00:00-05:00,87.3329221727768,89.10016575058424,87.3329221727768,87.68248748779297,95500,0.0,0.0
2025-01-28 00:00:00-05:00,88.45929388633772,89.28465355795808,86.64350409042135,87.61451721191406,87600,0.0,0.0
2025-01-29 00:00:00-05:00,87.15813259269461,87.57566849645417,84.97335325149173,85.98320770263672,82500,0.0,0.0
2025-01-30 00:00:00-05:00,86.84742162199537,88.18741715009591,85.93466685761581,86.43959045410156,137000,0.0,0.0
2025-01-31 00:00:00-05:00,86.58523783756094,87.95436988805469,85.13843036799577,86.1385726928711,89000,0.0,0.0
2025-02-03 00:00:00-05:00,85.48799844689047,86.52698221901778,84.55582671371253,85.59481048583984,138900,0.0,0.0
2025-02-04 00:00:00-05:00,85.16756763584846,86.70177028338829,84.96365575103512,86.03176879882812,50000,0.0,0.0
2025-02-05 00:00:00-05:00,86.3521911554714,86.8668268885756,85.3520488955532,85.72103118896484,79400,0.0,0.0
2025-02-06 00:00:00-05:00,85.57538050855324,86.7600176574954,84.23538511830692,85.18698120117188,78900,0.0,0.0
2025-02-07 00:00:00-05:00,84.90538977646641,85.21611367924315,83.86640603203402,84.52669525146484,83900,0.0,0.0
2025-02-10 00:00:00-05:00,84.57524714568005,85.6530723764145,84.01205771897791,84.88597106933594,72600,0.0,0.0
2025-02-11 00:00:00-05:00,84.25480397782333,85.57538239511024,83.88582166437985,84.79857635498047,65300,0.0,0.0
2025-02-12 00:00:00-05:00,83.8178540621179,83.8178540621179,82.62350463867188,82.62350463867188,72400,0.0,0.0
2025-02-13 00:00:00-05:00,83.42945580646891,84.23539857368249,82.5361254036082,83.99264526367188,150200,0.0,0.0
2025-02-14 00:00:00-05:00,83.99263503007438,85.24524284610156,83.99263503007438,84.49755859375,77600,0.0,0.0
2025-02-18 00:00:00-05:00,84.13828939910502,85.86669158935547,84.13828939910502,85.86669158935547,72700,0.0,0.0
2025-02-19 00:00:00-05:00,84.88596848637681,86.01234730550698,84.71118582162359,85.42002868652344,68000,0.0,0.0
2025-02-20 00:00:00-05:00,84.64320904478836,85.42973468313214,83.41973788868373,83.5750961303711,54400,0.0,0.0
2025-02-21 00:00:00-05:00,84.21597747515408,84.21597747515408,81.3709085237858,81.7690200805664,141300,0.0,0.0
2025-02-24 00:00:00-05:00,82.35162542899529,83.62365773245949,81.6233655439614,83.50713348388672,124000,0.0,0.0
2025-02-25 00:00:00-05:00,83.85668892271761,86.29393379124076,82.48755694451305,85.5268325805664,177400,0.0,0.0
2025-02-26 00:00:00-05:00,84.9830619200331,86.7017592287034,84.03147324556738,85.1772689819336,169200,0.0,0.0
2025-02-27 00:00:00-05:00,79.71046294237377,81.35147747505508,75.2535163067435,80.03089904785156,275200,0.0,0.0
2025-02-28 00:00:00-05:00,80.23481773950739,80.23481773950739,77.36061956758445,78.6714859008789,248000,0.0,0.0
2025-03-03 00:00:00-05:00,79.08902105952443,79.63279348144843,76.91395359655651,77.33148956298828,117700,0.0,0.0
2025-03-04 00:00:00-05:00,77.17613254115601,78.0014922810638,75.98178304327702,77.09844970703125,126600,0.0,0.0
2025-03-05 00:00:00-05:00,76.63235127426319,80.10857991396229,76.63235127426319,78.90452575683594,168700,0.0,0.0
2025-03-06 00:00:00-05:00,78.12771176658354,81.5165453518327,77.24409371336883,80.57466888427734,139800,0.0,0.0
2025-03-07 00:00:00-05:00,79.92408693310945,81.19611914830989,77.71017822154394,78.49669647216797,155300,0.0,0.0
2025-03-10 00:00:00-04:00,78.07917228398767,79.41916778695797,76.85569361973673,77.6422119140625,125400,0.0,0.0
2025-03-11 00:00:00-04:00,77.72960958603032,78.88511025587123,76.61294292491715,77.12757873535156,98300,0.0,0.0
2025-03-12 00:00:00-04:00,77.11786058601594,77.43829669514639,75.127288125318,75.26322937011719,105200,0.0,0.0
2025-03-13 00:00:00-04:00,74.96221282315531,76.7294564741228,74.03004108060303,74.7194595336914,89600,0.0,0.0
2025-03-14 00:00:00-04:00,75.10038540295248,76.51663368635087,74.4850513294701,74.7096939086914,83800,0.45,0.0
2025-03-17 00:00:00-04:00,74.70969019756954,75.67665327449247,74.19202716041166,74.7194595336914,97600,0.0,0.0
2025-03-18 00:00:00-04:00,74.2408683798899,75.11015302254323,74.07481946864603,74.39714050292969,82300,0.0,0.0
2025-03-19 00:00:00-04:00,74.50457638617877,75.59851098923095,73.01995777301208,74.2701644897461,96900,0.0,0.0
2025-03-20 00:00:00-04:00,73.78180623832873,74.3287698451773,72.7269414664177,72.95159149169922,82100,0.0,0.0
2025-03-21 00:00:00-04:00,72.01393377322518,72.57066669611835,70.58790878999142,71.09580993652344,268700,0.0,0.0
2025-03-24 00:00:00-04:00,71.34975756077296,73.26413748759344,71.34975756077296,71.935791015625,84200,0.0,0.0
2025-03-25 00:00:00-04:00,71.67206890262591,73.0687857769722,71.01766502245889,71.54509735107422,97500,0.0,0.0
2025-03-26 00:00:00-04:00,71.21302008775386,72.9613512006292,70.97860073310574,71.1739501953125,51700,0.0,0.0
2025-03-27 00:00:00-04:00,71.65253275321957,72.02368549885931,70.4706966257631,71.35951232910156,130800,0.0,0.0
2025-03-28 00:00:00-04:00,71.30092429907523,71.87718846653648,69.45491466336809,70.25582885742188,86500,0.0,0.0
2025-03-31 00:00:00-04:00,69.21072447132123,71.0665032036105,68.36097115683727,70.67581176757812,137000,0.0,0.0
2025-04-01 00:00:00-04:00,70.13861771213736,72.06276709535656,69.64049334274063,70.69535064697266,69200,0.0,0.0
2025-04-02 00:00:00-04:00,69.73816893353971,71.01767634378288,68.99585582102414,70.84186553955078,95900,0.0,0.0
2025-04-03 00:00:00-04:00,68.35122031034312,68.93725383311026,66.72985319713945,67.17914581298828,133900,0.0,0.0
2025-04-04 00:00:00-04:00,65.41127458715928,67.87261831380951,64.06338931500905,65.53824615478516,149000,0.0,0.0
2025-04-07 00:00:00-04:00,64.06338620241087,65.51871175023591,61.30902585411769,63.56526184082031,208000,0.0,0.0
2025-04-08 00:00:00-04:00,65.31360114737991,66.36845844708773,63.04759952473847,64.39547729492188,182700,0.0,0.0
2025-04-09 00:00:00-04:00,63.24294345817483,70.06048720551725,63.24294345817483,68.94701385498047,184200,0.0,0.0
2025-04-10 00:00:00-04:00,67.8433191259432,69.11306463512246,65.37220601286435,67.17914581298828,136600,0.0,0.0
2025-04-11 00:00:00-04:00,67.44286495865234,69.1618956118955,65.95823876960905,67.73587799072266,164300,0.0,0.0
2025-04-14 00:00:00-04:00,68.18517326789444,71.01767739960201,66.4954431065954,68.2242431640625,107300,0.0,0.0
2025-04-15 00:00:00-04:00,67.81401160373717,70.37303358094566,66.63217534283739,67.98982238769531,158100,0.0,0.0
2025-04-16 00:00:00-04:00,67.56983163773212,67.91168387631987,65.8019618811641,66.85681915283203,97400,0.0,0.0
2025-04-17 00:00:00-04:00,66.64194817387039,67.98982595369786,65.41127262161565,65.88009643554688,90400,0.0,0.0
2025-04-21 00:00:00-04:00,65.3917277781479,65.74334933132401,63.477347906311024,64.7666244506836,173900,0.0,0.0
2025-04-22 00:00:00-04:00,65.82149012138733,66.3684536783664,64.54198289267433,66.29032135009766,86900,0.0,0.0
2025-04-23 00:00:00-04:00,67.61866488768719,69.14235327458941,66.49542981578037,67.14983367919922,103800,0.0,0.0
2025-04-24 00:00:00-04:00,68.00935016775271,68.34144049924251,65.85078909443692,68.05818939208984,81300,0.0,0.0
2025-04-25 00:00:00-04:00,67.86285570534436,71.96509768995132,66.76892103193302,68.88841247558594,81100,0.0,0.0
2025-04-28 00:00:00-04:00,68.24377033995425,70.66604387968906,68.24377033995425,69.58187866210938,116400,0.0,0.0
2025-04-29 00:00:00-04:00,69.2595746312061,70.37304055602985,68.06796891647392,69.93350982666016,85700,0.0,0.0
2025-04-30 00:00:00-04:00,69.5525812808296,70.558606765133,67.03262917626276,69.45491027832031,114400,0.0,0.0
2025-05-01 00:00:00-04:00,69.34747118446593,70.32419613072602,68.28284456991602,69.68932342529297,70500,0.0,0.0
2025-05-02 00:00:00-04:00,70.33396321784122,70.91022734083563,69.68932119704776,70.64651489257812,102700,0.0,0.0
2025-05-05 00:00:00-04:00,70.37303260227591,72.03346196515153,70.22652237571167,70.54884338378906,104200,0.0,0.0
2025-05-06 00:00:00-04:00,70.08978544986698,70.26559624132612,69.04469003725427,69.90420532226562,141000,0.0,0.0
2025-05-07 00:00:00-04:00,69.94326803706961,73.36180505764264,68.74189317675345,69.30839538574219,117100,0.0,0.0
2025-05-08 00:00:00-04:00,67.73587132695795,71.95532265932252,67.01309697677219,69.25956726074219,178700,0.0,0.0
2025-05-09 00:00:00-04:00,69.62095979829601,73.35204916049315,69.34747797883979,72.34602355957031,148000,0.0,0.0
2025-05-12 00:00:00-04:00,74.69992148892777,75.95989001619941,73.24459606434624,75.54966735839844,129400,0.0,0.0
2025-05-13 00:00:00-04:00,76.32128786147261,76.57523843785913,74.40690783200364,75.41293334960938,177500,0.0,0.0
2025-05-14 00:00:00-04:00,75.24689213075513,75.6180449344691,74.29946772325829,75.4520034790039,89400,0.0,0.0
2025-05-15 00:00:00-04:00,75.81339976551092,76.76081678825898,74.57295480023132,76.4482650756836,99200,0.0,0.0
2025-05-16 00:00:00-04:00,76.68267388932098,79.30029691611028,75.62780921020746,77.9817123413086,117200,0.0,0.0
2025-05-19 00:00:00-04:00,77.16127014536816,78.92913989955942,76.63383778433332,77.85474395751953,108200,0.0,0.0
2025-05-20 00:00:00-04:00,77.78636805907375,78.58728215448767,76.9463840746373,77.55195617675781,60200,0.0,0.0
2025-05-21 00:00:00-04:00,76.60454324125793,76.75105348390403,75.13945571843786,75.48130798339844,84200,0.0,0.0
2025-05-22 00:00:00-04:00,74.91480331613285,75.09061411138212,73.50832440595889,73.64506530761719,107400,0.0,0.0
2025-05-23 00:00:00-04:00,72.88846739351636,74.30339824502919,71.92552667589,72.603515625,107200,0.45,0.0
2025-05-27 00:00:00-04:00,73.63523403550712,75.17789871655576,72.67229336040093,75.14842224121094,68700,0.0,0.0
2025-05-28 00:00:00-04:00,75.19754712460235,75.79692711120386,73.62540596981168,74.10687255859375,80300,0.0,0.0
2025-05-29 00:00:00-04:00,74.83399219644055,75.16806890433314,73.44853791632552,74.28373718261719,48900,0.0,0.0
2025-05-30 00:00:00-04:00,74.20512772840729,74.49007947542299,72.69194706662203,73.68435668945312,94700,0.0,0.0
2025-06-02 00:00:00-04:00,73.39941529991057,74.11670876383164,72.64282486225463,72.89830017089844,80500,0.0,0.0
2025-06-03 00:00:00-04:00,73.08497759609511,74.24443308213569,72.26943430659286,72.69194793701172,146400,0.0,0.0
2025-06-04 00:00:00-04:00,72.73125113545487,74.3132203874176,72.51508780306766,73.46819305419922,160900,0.0,0.0
2025-06-05 00:00:00-04:00,73.50748654200207,74.60798900835894,72.46594451799842,74.48025512695312,221300,0.0,0.0
2025-06-06 00:00:00-04:00,75.36458699129413,79.26546722933541,74.35252133690267,75.90501403808594,172000,0.0,0.0
2025-06-09 00:00:00-04:00,76.97603385267588,77.44767996424007,75.26633075430689,77.21186065673828,180600,0.0,0.0
2025-06-10 00:00:00-04:00,77.73262764169846,78.68574030911314,76.79917095520216,77.62454223632812,176300,0.0,0.0
2025-06-11 00:00:00-04:00,77.80141680973088,78.57766321377382,76.56335226054938,76.79917907714844,164700,0.0,0.0
2025-06-12 00:00:00-04:00,76.70090919366011,77.39854661370796,75.93449083069375,76.7795181274414,393300,0.0,0.0
2025-06-13 00:00:00-04:00,75.83623678295332,76.2096179901719,75.16807580923106,75.65937042236328,362500,0.0,0.0
2025-06-16 00:00:00-04:00,75.56111219281567,76.65178682205664,75.38424583411279,75.99344635009766,264900,0.0,0.0
2025-06-17 00:00:00-04:00,74.68660706444595,75.89518758032348,73.09480986438216,73.15376281738281,219300,0.0,0.0
2025-06-18 00:00:00-04:00,72.84916136728378,73.99878891126276,72.30873431845922,72.50525665283203,124200,0.0,0.0
2025-06-20 00:00:00-04:00,72.89829542352918,73.57627687644069,72.48560226057701,72.98672485351562,213100,0.0,0.0
2025-06-23 00:00:00-04:00,73.07515888247482,74.34269980461134,72.12204619320129,74.32304382324219,242900,0.0,0.0
2025-06-24 00:00:00-04:00,75.118946408471,77.83089488244055,73.88088933048242,77.66385650634766,350200,0.0,0.0
2025-06-25 00:00:00-04:00,77.41820108233085,77.7522777995312,75.65936558029264,77.06446838378906,327100,0.0,0.0
2025-06-26 00:00:00-04:00,77.3788992419665,78.22392655087346,75.3645883900593,77.3199462890625,218800,0.0,0.0
2025-06-27 00:00:00-04:00,77.75227963614381,78.91173517618302,76.47491819151251,77.65402221679688,409700,0.0,0.0
2025-06-30 00:00:00-04:00,78.16497184200989,78.16497184200989,75.72814739039195,76.83847045898438,208600,0.0,0.0
2025-07-01 00:00:00-04:00,76.54369673846013,79.62902608804114,76.21944051786178,79.20651245117188,207800,0.0,0.0
2025-07-02 00:00:00-04:00,79.12790290169758,80.16944499984555,78.05688432855452,79.26546478271484,246900,0.0,0.0
2025-07-03 00:00:00-04:00,79.64867886944144,80.74918148210092,78.12567009368027,80.70987701416016,159000,0.0,0.0
2025-07-07 00:00:00-04:00,79.81572360715414,80.53300952141956,77.78176427339669,77.97827911376953,259800,0.0,0.0
2025-07-08 00:00:00-04:00,77.9291450662132,79.14756104067204,75.07964245611286,75.4137191772461,258000,0.0,0.0
2025-07-09 00:00:00-04:00,76.15065988573666,76.15065988573666,73.77279591815653,75.14842224121094,196300,0.0,0.0
2025-07-10 00:00:00-04:00,75.2761542113435,75.4726690396653,73.00637570901786,74.94207000732422,224400,0.0,0.0
2025-07-11 00:00:00-04:00,74.53921804299902,75.14842605173756,72.53473515574657,73.20289611816406,154700,0.0,0.0
2025-07-14 00:00:00-04:00,72.75090661952366,73.74332382900282,70.93311806505567,72.48560333251953,274300,0.0,0.0
2025-07-15 00:00:00-04:00,72.96706936034292,73.80226860398959,71.30649136662004,71.88622283935547,257500,0.0,0.0
2025-07-16 00:00:00-04:00,72.29891444338722,72.96707539285639,71.47353562507325,72.44630432128906,205800,0.0,0.0
2025-07-17 00:00:00-04:00,72.30873576401466,74.1756567467959,72.26943879291503,73.64505767822266,135000,0.0,0.0
2025-07-18 00:00:00-04:00,73.93983776504929,73.93983776504929,72.52490690925057,72.71160125732422,130600,0.0,0.0
2025-07-21 00:00:00-04:00,73.1832485052236,73.8415814843588,73.04567911739753,73.63523864746094,132100,0.0,0.0
2025-07-22 00:00:00-04:00,73.99878709488634,75.3645854248702,73.50749251585442,73.72366333007812,172900,0.0,0.0
2025-07-23 00:00:00-04:00,74.23461417222768,74.67677629641122,72.76073042953536,74.21495819091797,116400,0.0,0.0
2025-07-24 00:00:00-04:00,73.51731709094837,73.63523048319965,72.71159431863134,73.03585052490234,164600,0.0,0.0
2025-07-25 00:00:00-04:00,73.29132158792129,73.29132158792129,71.69953195212616,72.95724487304688,102600,0.0,0.0
2025-07-28 00:00:00-04:00,73.14394406831588,74.22479071296338,72.58386851176284,74.01844787597656,107900,0.0,0.0
2025-07-29 00:00:00-04:00,74.57851910511849,75.35476544487157,74.32304382324219,74.32304382324219,258200,0.0,0.0
2025-07-30 00:00:00-04:00,74.17566287686323,75.01086226812608,73.03586320676084,73.54680633544922,277500,0.0,0.0
2025-07-31 00:00:00-04:00,72.8295088323671,73.6548801011557,71.3163206763612,71.87639617919922,183900,0.0,0.0
2025-08-01 00:00:00-04:00,71.78796576958477,74.57852304308376,68.70263622902714,68.7615966796875,151500,0.0,0.0
2025-08-04 00:00:00-04:00,68.79107451474233,70.28460685504815,68.58473167475962,69.13497924804688,155700,0.0,0.0
2025-08-05 00:00:00-04:00,68.9581144960773,71.28685373865562,68.9581144960773,70.76607513427734,175500,0.0,0.0
2025-08-06 00:00:00-04:00,70.17652303219987,71.85674976439145,69.351151653535,71.4244155883789,152400,0.0,0.0
2025-08-07 00:00:00-04:00,78.13548428313668,85.4656057865345,78.13548428313668,82.29183959960938,535700,0.0,0.0
2025-08-08 00:00:00-04:00,81.57455032320036,86.1534194946289,79.62902794730483,86.1534194946289,294500,0.0,0.0
2025-08-11 00:00:00-04:00,85.82916624996716,85.84882223229975,84.33563394480302,85.20030975341797,218400,0.0,0.0
2025-08-12 00:00:00-04:00,86.34011690946659,86.77245106584772,84.6304062800477,85.96672821044922,207900,0.0,0.0
2025-08-13 00:00:00-04:00,86.50715167830352,87.50938933613553,85.68177287488851,86.97879028320312,130700,0.0,0.0
2025-08-14 00:00:00-04:00,85.86846374732087,86.5759291226473,84.18823722920071,84.48301696777344,137400,0.0,0.0
2025-08-15 00:00:00-04:00,84.01137525130397,84.7483171394733,82.53749147496531,84.2864990234375,218500,0.0,0.0
2025-08-18 00:00:00-04:00,84.44371742619981,85.37717415850337,82.63574941755971,82.80278778076172,163300,0.0,0.0
2025-08-19 00:00:00-04:00,83.14669543230126,83.89345777854406,82.72418180372907,83.27442932128906,138800,0.0,0.0
2025-08-20 00:00:00-04:00,83.51025225613999,84.93501106417168,82.58662352518758,82.64557647705078,109900,0.0,0.0
2025-08-21 00:00:00-04:00,82.42940222561688,84.33562755312698,81.94793564680873,82.99930572509766,138200,0.0,0.0
2025-08-22 00:00:00-04:00,83.68092371660104,87.07913626524223,83.07833352543592,86.36788177490234,139000,0.45,0.0
2025-08-25 00:00:00-04:00,86.19006901803525,87.31621946014776,84.1946117105041,84.43169403076172,118900,0.0,0.0
2025-08-26 00:00:00-04:00,83.9377694662292,84.87622567064956,82.63380537904672,82.99930572509766,144200,0.0,0.0
2025-08-27 00:00:00-04:00,82.26830092067222,83.96740730975522,82.26830092067222,83.58214569091797,108800,0.0,0.0
2025-08-28 00:00:00-04:00,83.60189379694457,83.60189379694457,81.62619022822992,81.7546157836914,78100,0.0,0.0
2025-08-29 00:00:00-04:00,82.16951167413542,82.93015423147325,81.31007790905338,81.8830337524414,93800,0.0,0.0
2025-09-02 00:00:00-04:00,81.39898892156833,83.55250612307334,81.24092901770582,82.90052032470703,130900,0.0,0.0
2025-09-03 00:00:00-04:00,82.58440282597178,82.73258209228516,81.64594670050471,82.73258209228516,102100,0.0,0.0
2025-09-04 00:00:00-04:00,83.38457633772961,84.76756286621094,82.02133599292469,84.76756286621094,110500,0.0,0.0
2025-09-05 00:00:00-04:00,85.03428182255848,85.68626006900175,83.93776575940716,84.59962463378906,134400,0.0,0.0
2025-09-08 00:00:00-04:00,83.9970381213144,84.9058599768694,82.65355905801086,83.76983642578125,140400,0.0,0.0
2025-09-09 00:00:00-04:00,83.5920181268356,83.96739908009545,82.19914353623872,83.33517456054688,138100,0.0,0.0
2025-09-10 00:00:00-04:00,82.83137380925832,83.28578474320284,79.5615866885319,80.03575134277344,130400,0.0,0.0
2025-09-11 00:00:00-04:00,80.24320966750061,81.47802448886198,80.24320966750061,81.01373291015625,121900,0.0,0.0
2025-09-12 00:00:00-04:00,80.6185861737714,80.96433279717041,79.24547277176454,79.29486083984375,95600,0.0,0.0
2025-09-15 00:00:00-04:00,79.98636544258325,79.98636544258325,77.8427287384428,78.33665466308594,147400,0.0,0.0
2025-09-16 00:00:00-04:00,78.44531615920178,79.28498869367219,77.23025511195523,77.48709869384766,89000,0.0,0.0
2025-09-17 00:00:00-04:00,78.09955957763711,80.37162169396058,77.69454426556509,77.91187286376953,116200,0.0,0.0
2025-09-18 00:00:00-04:00,78.52433713419286,79.58133825418102,77.29940301773722,79.17632293701172,130800,0.0,0.0
2025-09-19 00:00:00-04:00,79.34425499314935,79.34425499314935,77.35867079693672,77.526611328125,246400,0.0,0.0
2025-09-22 00:00:00-04:00,77.03268754758865,78.89972686767578,76.62766468740651,78.89972686767578,114800,0.0,0.0
2025-09-23 00:00:00-04:00,78.889844579317,79.69000211774312,78.12919448019868,78.1588363647461,93600,0.0,0.0
2025-09-24 00:00:00-04:00,77.98102008112346,81.83363590266141,77.94150510645245,80.89517974853516,211200,0.0,0.0
2025-09-25 00:00:00-04:00,80.77664345201879,82.28806313194913,79.51219427433803,81.51753234863281,215800,0.0,0.0
2025-09-26 00:00:00-04:00,81.6953400450595,83.03881908283618,81.31007844977026,82.3868408203125,128000,0.0,0.0
2025-09-29 00:00:00-04:00,82.32756631331753,83.38457498635852,81.40887136430574,82.48562622070312,119500,0.0,0.0
2025-09-30 00:00:00-04:00,82.54489350606372,84.36254472635946,81.31007876339659,83.91800689697266,106300,0.0,0.0
2025-10-01 00:00:00-04:00,83.19688609924688,85.94311310524165,82.98943810994997,84.95526123046875,259200,0.0,0.0
2025-10-02 00:00:00-04:00,84.83671426370965,87.4248888269438,82.89065244777807,86.14067840576172,299000,0.0,0.0
2025-10-03 00:00:00-04:00,86.13079469097876,90.31928391300787,82.42635070603647,87.85953521728516,229300,0.0,0.0
2025-10-06 00:00:00-04:00,87.4644039590265,90.05257852680676,87.06926171052936,88.44237518310547,231000,0.0,0.0
2025-10-07 00:00:00-04:00,88.32383128168618,89.99329566519235,87.16803897099918,88.67945098876953,237700,0.0,0.0
2025-10-08 00:00:00-04:00,88.81775943934001,89.63767070990495,87.79039265733944,89.28204345703125,207100,0.0,0.0
2025-10-09 00:00:00-04:00,89.07459337136275,89.07459337136275,87.30633777723236,87.78050994873047,115300,0.0,0.0
2025-10-10 00:00:00-04:00,88.58067363351495,89.12399516602356,86.19007396390006,86.65436553955078,153900,0.0,0.0
2025-10-13 00:00:00-04:00,87.3458556975353,88.30407316422288,86.07152595142914,87.60269927978516,80400,0.0,0.0
2025-10-14 00:00:00-04:00,87.01986528963988,90.38844369411302,87.01986528963988,89.86488342285156,82800,0.0,0.0
2025-10-15 00:00:00-04:00,89.98341717885314,91.50470986091324,87.73111627235497,90.56625366210938,73800,0.0,0.0
2025-10-16 00:00:00-04:00,90.58600590326797,91.12932740110259,88.10650334295988,88.41273498535156,281800,0.0,0.0
2025-10-17 00:00:00-04:00,87.97808080433086,88.91654455671103,86.51606432918071,87.84966278076172,153400,0.0,0.0
2025-10-20 00:00:00-04:00,88.14601892074151,89.35119177893927,85.0540379811155,88.53128051757812,116700,0.0,0.0
2025-10-21 00:00:00-04:00,89.06472139090062,89.81548332812982,87.9188096919017,88.53128051757812,62300,0.0,0.0
2025-10-22 00:00:00-04:00,89.2326583505431,89.53889000862759,87.93856731757901,89.10423278808594,77700,0.0,0.0
2025-10-23 00:00:00-04:00,88.91654006898243,90.35880275106426,87.66196409853484,90.23037719726562,79700,0.0,0.0
2025-10-24 00:00:00-04:00,91.4256843533302,92.36414052040396,88.26455416643422,92.02827453613281,106100,0.0,0.0
2025-10-27 00:00:00-04:00,92.12706322390919,92.12706322390919,89.1338734028229,89.89451599121094,125900,0.0,0.0
2025-10-28 00:00:00-04:00,89.85499469473883,90.35880119986793,88.8473892211914,88.8473892211914,121800,0.0,0.0
2025-10-29 00:00:00-04:00,88.57079450378653,90.51685618595114,85.92335142320897,87.0099868774414,175500,0.0,0.0
2025-10-30 00:00:00-04:00,86.71363095042207,88.10650562455265,85.0046515342705,85.1725845336914,130900,0.0,0.0
2025-10-31 00:00:00-04:00,84.83671560876621,86.19007537951751,83.1968854289451,85.22197723388672,122200,0.0,0.0
2025-11-03 00:00:00-05:00,84.44158022151166,86.40740331059675,80.33211287054556,85.87396240234375,179900,0.0,0.0
2025-11-04 00:00:00-05:00,85.46893309068813,88.48188404851706,83.41420710654238,85.98262023925781,182100,0.0,0.0
2025-11-05 00:00:00-05:00,85.33063606940821,88.4423707576403,83.89825396907987,86.98035430908203,259300,0.0,0.0
2025-11-06 00:00:00-05:00,81.20142239155399,81.59656465513109,73.11092053261176,76.61779022216797,321300,0.0,0.0
2025-11-07 00:00:00-05:00,77.70442119491094,77.70442119491094,72.07366177597949,72.97261047363281,284700,0.0,0.0
2025-11-10 00:00:00-05:00,72.66638196108794,78.43544086573215,71.60938074979221,72.4095458984375,233700,0.0,0.0
2025-11-11 00:00:00-05:00,72.40954272189386,73.85180550060616,71.70816128478401,73.48629760742188,122800,0.0,0.0
2025-11-12 00:00:00-05:00,72.8738294779788,74.38524917705604,71.60938028427982,71.64889526367188,161800,0.0,0.0
2025-11-13 00:00:00-05:00,71.10557445591708,72.50832217500954,69.65343113312954,70.35480499267578,176000,0.0,0.0
2025-11-14 00:00:00-05:00,70.12759974432267,72.82443857340796,69.25829284164851,70.7993392944336,136300,0.0,0.0
2025-11-17 00:00:00-05:00,70.69993335855789,71.65426222069725,69.2783793319236,69.59648895263672,131000,0.45,0.0
2025-11-18 00:00:00-05:00,69.41754897994463,69.83506641800493,66.78319976190096,68.53280639648438,219300,0.0,0.0
2025-11-19 00:00:00-05:00,68.79126358822928,69.22866713246471,66.27620837753783,67.57847595214844,390000,0.0,0.0
2025-11-20 00:00:00-05:00,68.17492973300406,72.6483501997209,67.84687707853871,68.00593566894531,227700,0.0,0.0
2025-11-21 00:00:00-05:00,68.29422246340017,73.49333496135047,68.29422246340017,71.20691680908203,258000,0.0,0.0
2025-11-24 00:00:00-05:00,71.57472922585227,72.81734605268998,70.56075723225844,71.07768249511719,257000,0.0,0.0
2025-11-25 00:00:00-05:00,73.34421685179302,74.79559244445608,72.74776227162526,73.72197723388672,263600,0.0,0.0
2025-11-26 00:00:00-05:00,73.33427135761531,74.83535460890907,72.86705380129455,73.5032730102539,245100,0.0,0.0
2025-11-28 00:00:00-05:00,74.34825341302096,74.34825341302096,72.6682329792171,73.41380310058594,71500,0.0,0.0
2025-12-01 00:00:00-05:00,72.49923527285826,74.00031849895174,72.41970597699068,73.08574676513672,114100,0.0,0.0
2025-12-02 00:00:00-05:00,73.29451531651151,73.8611482944113,71.34608542950141,73.03604888916016,164300,0.0,0.0
2025-12-03 00:00:00-05:00,73.10563446650401,75.31252317653187,71.54490802683235,74.96459197998047,132800,0.0,0.0
2025-12-04 00:00:00-05:00,74.96459213615246,75.84933471679688,73.43368728380571,75.84933471679688,131600,0.0,0.0
2025-12-05 00:00:00-05:00,75.93879783426608,76.67442486167248,73.6822090459483,74.58683013916016,174400,0.0,0.0
2025-12-08 00:00:00-05:00,74.78565334150063,76.2569073955713,74.1295480261194,74.8949966430664,138500,0.0,0.0
2025-12-09 00:00:00-05:00,74.33830863655928,76.8633069660309,74.32836557822466,75.8095703125,174100,0.0,0.0
2025-12-10 00:00:00-05:00,75.04411425333322,78.82167248950839,73.64244639838442,78.81172943115234,257700,0.0,0.0
2025-12-11 00:00:00-05:00,78.7421399215621,79.95493512337283,78.0760991416598,79.94499206542969,147700,0.0,0.0
2025-12-12 00:00:00-05:00,80.32275709097264,81.52560930472985,78.67255825575322,80.1139907836914,146000,0.0,0.0
2025-12-15 00:00:00-05:00,81.37649025234678,81.97294480422427,79.92511472852348,80.67068481445312,324500,0.0,0.0
2025-12-16 00:00:00-05:00,79.91517489168135,81.22737799243703,77.95680950687469,78.03633880615234,152600,0.0,0.0
2025-12-17 00:00:00-05:00,77.64864537644388,80.49175344755265,77.64864537644388,78.25504302978516,138200,0.0,0.0
2025-12-18 00:00:00-05:00,78.58309571129732,81.22738052800554,77.69835308612693,78.25504302978516,160000,0.0,0.0
2025-12-19 00:00:00-05:00,77.76793327053416,78.88131307111219,77.04224172108792,77.40011596679688,257500,0.0,0.0
2025-12-22 00:00:00-05:00,77.88722063138547,80.63092068900171,77.43988161066085,79.97481536865234,206300,0.0,0.0
2025-12-23 00:00:00-05:00,79.75612592430988,81.1776799519721,79.07019897301652,79.52748107910156,156800,0.0,0.0
2025-12-24 00:00:00-05:00,79.48771491051984,80.95897661949346,79.07019746306719,79.76605987548828,51200,0.0,0.0
2025-12-26 00:00:00-05:00,79.87540604821535,80.90926413154833,78.63278925348789,80.52156829833984,116200,0.0,0.0
2025-12-29 00:00:00-05:00,80.4321047150598,81.52560599367051,79.8455856354518,80.9390869140625,120900,0.0,0.0
2025-12-30 00:00:00-05:00,80.43210373772622,82.072351843546,80.20345890979908,80.78997039794922,137900,0.0,0.0
2025-12-31 00:00:00-05:00,80.52156923434055,80.60109853036701,77.4995242443147,77.62875366210938,115600,0.0,0.0
2026-01-02 00:00:00-05:00,77.70828753848599,81.54548907813108,77.43988562899017,78.41409301757812,99900,0.0,0.0
2026-01-05 00:00:00-05:00,79.25907555959716,84.89558370425829,76.31655221940579,83.742431640625,627000,0.0,0.0
2026-01-06 00:00:00-05:00,83.05651387921033,84.04066430780607,80.28299214013923,80.77009582519531,321700,0.0,0.0
2026-01-07 00:00:00-05:00,80.978854260223,81.37649317051104,78.1456893489592,79.0006103515625,101800,0.0,0.0
2026-01-08 00:00:00-05:00,78.79185238186331,83.73249825575888,78.79185238186331,80.99874114990234,112000,0.0,0.0
2026-01-09 00:00:00-05:00,80.9689116585314,83.66291168837272,79.59706537384683,83.4640884399414,216700,0.0,0.0
2026-01-12 00:00:00-05:00,83.02668094834212,83.91143108940909,80.98879394260494,83.7921371459961,183800,0.0,0.0
2026-01-13 00:00:00-05:00,84.13012590753222,85.61133060812371,82.06241729649905,85.21369171142578,198200,0.0,0.0
2026-01-14 00:00:00-05:00,84.07048148331165,85.93937441050207,82.95709410590167,85.41250610351562,312600,0.0,0.0
2026-01-15 00:00:00-05:00,86.15807654834714,88.3351436070073,84.83593045407723,87.18199157714844,261400,0.0,0.0
2026-01-16 00:00:00-05:00,86.48613605942836,86.9831828183906,83.58338480732853,85.4920425415039,278600,0.0,0.0
2026-01-20 00:00:00-05:00,84.74647229026516,85.83997364166032,83.55356310407619,84.6072998046875,238600,0.0,0.0
2026-01-21 00:00:00-05:00,84.9552291865059,86.87382993554367,84.00090034126926,85.50198364257812,242900,0.0,0.0
2026-01-22 00:00:00-05:00,85.81015244500551,88.16615682056485,85.76044473521378,86.95336151123047,125500,0.0,0.0
2026-01-23 00:00:00-05:00,86.51595567820073,87.08258866712053,84.43830391360525,85.19380950927734,193800,0.0,0.0
2026-01-26 00:00:00-05:00,85.04470106250619,87.06270963274677,84.95522870459669,85.2733383178711,262900,0.0,0.0
2026-01-27 00:00:00-05:00,84.9353502512992,85.32304610582939,82.16182850281527,82.53958129882812,115200,0.0,0.0
2026-01-28 00:00:00-05:00,83.07638828939233,83.72255054079602,81.15778765116163,82.02265167236328,137400,0.0,0.0
2026-01-29 00:00:00-05:00,82.02265833027718,83.05651649957686,80.43211021763602,81.87354278564453,191700,0.0,0.0
2026-01-30 00:00:00-05:00,81.86359976372937,83.95119463653214,81.36655300428434,83.37462615966797,215500,0.0,0.0
2026-02-02 00:00:00-05:00,83.2553278086038,84.80611118915716,81.70454442805044,83.16586303710938,324800,0.0,0.0
2026-02-03 00:00:00-05:00,83.03662417219232,84.70670146165381,80.19351631531941,81.63495635986328,185600,0.0,0.0
2026-02-04 00:00:00-05:00,81.5653747076375,83.1956874408691,81.37649451565395,82.11212158203125,203500,0.0,0.0
2026-02-05 00:00:00-05:00,82.15188653810934,84.3885969214095,82.15188653810934,83.57344055175781,160000,0.0,0.0
2026-02-06 00:00:00-05:00,84.05060882975445,86.07855290449461,83.58338366919897,85.07452392578125,205300,0.0,0.0
2026-02-09 00:00:00-05:00,84.66693739015977,84.92540381099808,82.99686008932885,83.98101806640625,105200,0.0,0.0
2026-02-10 00:00:00-05:00,84.80610979505165,86.27737143820137,83.57343604062748,84.90552520751953,294500,0.0,0.0
2026-02-11 00:00:00-05:00,84.82599973102843,87.86792339811261,84.36871763354289,87.61940002441406,324400,0.0,0.0
2026-02-12 00:00:00-05:00,87.9375057438121,90.40286083879425,85.93937578417855,87.02294158935547,291100,0.0,0.0
2026-02-13 00:00:00-05:00,87.25158261950823,88.50414254539213,85.63121295486606,86.4264907836914,309400,0.0,0.0
2026-02-17 00:00:00-05:00,86.4662502789342,87.1223480019205,83.94125204492111,86.02884674072266,297600,0.0,0.0
2026-02-18 00:00:00-05:00,85.56162603918479,86.56566258368736,84.30906612317483,85.929443359375,262200,0.0,0.0
2026-02-19 00:00:00-05:00,85.90955524066169,86.28731561052285,83.87166819238462,85.93937683105469,240500,0.0,0.0
2026-02-20 00:00:00-05:00,85.71074045155416,85.97914235214586,84.34882966324842,84.58740997314453,133900,0.0,0.0
2026-02-23 00:00:00-05:00,84.32894933000702,84.80610993960921,82.01270976725006,83.05651092529297,144900,0.0,0.0
2026-02-24 00:00:00-05:00,83.01674852825587,83.17579954099253,80.38239929288518,82.39046478271484,146200,0.0,0.0
2026-02-25 00:00:00-05:00,82.68869575817642,82.68869575817642,80.74027345248211,81.19755554199219,163000,0.0,0.0
2026-02-26 00:00:00-05:00,78.80178979474624,79.95494191551998,73.45356940098094,78.87137603759766,470600,0.0,0.0
2026-02-27 00:00:00-05:00,78.21527474132387,83.26527140326125,78.21527474132387,82.4699935913086,238900,0.0,0.0
2026-03-02 00:00:00-05:00,81.95306977993988,84.06054312572834,80.86950393149365,82.53958129882812,178300,0.0,0.0
2026-03-03 00:00:00-05:00,81.8337782456836,82.8676364163843,79.78594802190374,82.75828552246094,176600,0.0,0.0
2026-03-04 00:00:00-05:00,82.70857255488954,84.2195988561379,80.93908741564519,83.59331512451172,186100,0.0,0.0
2026-03-05 00:00:00-05:00,83.12610293146778,83.12610293146778,80.86950639224831,82.1419448852539,149600,0.0,0.0
2026-03-06 00:00:00-05:00,80.90926929149434,82.15188616546905,79.5871231173457,80.61103820800781,146900,0.0,0.0
2026-03-09 00:00:00-04:00,79.85552827829233,80.38239659078924,77.47964555085798,80.09410858154297,148300,0.0,0.0
2026-03-10 00:00:00-04:00,80.45198261164714,81.27708198923082,79.1596581025563,79.51753234863281,90000,0.0,0.0
2026-03-11 00:00:00-04:00,79.31871571160447,79.75611924791052,77.16153478815144,79.36841583251953,169000,0.0,0.0
2026-03-12 00:00:00-04:00,78.47374242430382,80.65080200719314,76.65454951975858,77.41999816894531,386000,0.0,0.0
2026-03-13 00:00:00-04:00,78.4000015258789,78.80000305175781,76.01000213623047,76.83000183105469,155200,0.46,0.0
2026-03-16 00:00:00-04:00,77.73999786376953,78.72000122070312,77.3499984741211,77.9800033569336,126400,0.0,0.0
2026-03-17 00:00:00-04:00,77.94999694824219,78.94000244140625,76.77999877929688,77.41000366210938,247300,0.0,0.0
2026-03-18 00:00:00-04:00,76.5,78.0999984741211,75.0999984741211,75.22000122070312,127300,0.0,0.0
2026-03-19 00:00:00-04:00,74.54000091552734,75.37000274658203,73.45999908447266,74.33000183105469,127200,0.0,0.0
2026-03-20 00:00:00-04:00,74.94000244140625,74.95999908447266,72.5,73.86000061035156,218600,0.0,0.0
2026-03-23 00:00:00-04:00,75.22000122070312,76.58000183105469,73.79000091552734,75.19999694824219,154100,0.0,0.0
2026-03-24 00:00:00-04:00,74.05000305175781,75.41999816894531,72.91000366210938,74.69999694824219,170900,0.0,0.0
2026-03-25 00:00:00-04:00,75.08999633789062,76.08999633789062,73.88999938964844,74.95999908447266,105600,0.0,0.0
2026-03-26 00:00:00-04:00,74.27999877929688,75.88999938964844,73.86000061035156,74.41999816894531,159100,0.0,0.0
2026-03-27 00:00:00-04:00,73.51000213623047,76.98999786376953,72.83999633789062,74.75,240900,0.0,0.0
2026-03-30 00:00:00-04:00,75.54000091552734,75.93000030517578,74.33999633789062,74.79000091552734,147000,0.0,0.0
2026-03-31 00:00:00-04:00,75.69999694824219,76.66999816894531,73.79000091552734,74.95999908447266,137500,0.0,0.0
2026-04-01 00:00:00-04:00,75.26000213623047,75.87000274658203,73.81999969482422,74.4000015258789,106200,0.0,0.0
2026-04-02 00:00:00-04:00,73.6500015258789,74.19000244140625,71.76000213623047,73.73999786376953,103400,0.0,0.0
2026-04-06 00:00:00-04:00,73.06999969482422,74.26000213623047,72.2300033569336,74.04000091552734,113500,0.0,0.0
2026-04-07 00:00:00-04:00,74.08999633789062,75.0999984741211,73.44999694824219,74.86000061035156,133400,0.0,0.0
2026-04-08 00:00:00-04:00,76.66999816894531,77.2699966430664,76.0999984741211,76.73999786376953,186200,0.0,0.0
2026-04-09 00:00:00-04:00,76.2300033569336,78.31999969482422,75.7699966430664,77.01000213623047,179800,0.0,0.0
2026-04-10 00:00:00-04:00,77.2699966430664,77.91999816894531,75.91999816894531,76.4800033569336,111600,0.0,0.0
2026-04-13 00:00:00-04:00,76.2300033569336,78.7699966430664,74.68000030517578,78.33999633789062,140000,0.0,0.0
2026-04-14 00:00:00-04:00,78.47000122070312,79.4800033569336,76.80000305175781,77.12999725341797,118600,0.0,0.0
2026-04-15 00:00:00-04:00,77.08999633789062,78.12000274658203,74.79000091552734,76.66999816894531,223100,0.0,0.0
2026-04-16 00:00:00-04:00,76.75,78.23999786376953,76.19000244140625,78.18000030517578,91900,0.0,0.0
2026-04-17 00:00:00-04:00,78.37000274658203,78.9800033569336,75.9800033569336,76.56999969482422,220500,0.0,0.0
2026-04-20 00:00:00-04:00,76.4000015258789,77.05999755859375,74.44999694824219,75.72000122070312,211400,0.0,0.0
2026-04-21 00:00:00-04:00,76.26000213623047,77.08000183105469,74.48999786376953,75.52999877929688,157200,0.0,0.0
2026-04-22 00:00:00-04:00,75.62999725341797,76.52999877929688,74.62000274658203,75.5199966430664,116766,0.0,0.0
