Date,Open,High,Low,Close,Volume,Dividends,Stock Splits
2022-01-04 00:00:00-05:00,50.0,52.400001525878906,49.599998474121094,51.599998474121094,427540,0.0,0.0
2022-01-05 00:00:00-05:00,51.0,51.0,45.04999923706055,45.099998474121094,596820,0.0,0.0
2022-01-06 00:00:00-05:00,42.45000076293945,44.75,41.75,43.54999923706055,600360,0.0,0.0
2022-01-07 00:00:00-05:00,42.95000076293945,44.099998474121094,41.150001525878906,41.70000076293945,533120,0.0,0.0
2022-01-10 00:00:00-05:00,39.400001525878906,42.099998474121094,39.25,42.099998474121094,585920,0.0,0.0
2022-01-11 00:00:00-05:00,41.75,43.599998474121094,40.45000076293945,42.849998474121094,457200,0.0,0.0
2022-01-12 00:00:00-05:00,44.349998474121094,45.29999923706055,42.54999923706055,43.29999923706055,521960,0.0,0.0
2022-01-13 00:00:00-05:00,44.04999923706055,44.04999923706055,40.25,40.25,338860,0.0,0.0
2022-01-14 00:00:00-05:00,39.79999923706055,42.150001525878906,39.5,41.400001525878906,365360,0.0,0.0
2022-01-17 00:00:00-05:00,41.54999923706055,41.95000076293945,40.70000076293945,41.5,118620,0.0,0.0
2022-01-18 00:00:00-05:00,40.45000076293945,40.849998474121094,38.650001525878906,38.75,396520,0.0,0.0
2022-01-19 00:00:00-05:00,39.25,40.099998474121094,37.75,37.900001525878906,413920,0.0,0.0
2022-01-20 00:00:00-05:00,38.900001525878906,41.650001525878906,38.5,38.900001525878906,527960,0.0,0.0
2022-01-21 00:00:00-05:00,36.0,36.849998474121094,33.29999923706055,33.849998474121094,883860,0.0,0.0
2022-01-24 00:00:00-05:00,28.899999618530273,34.20000076293945,28.549999237060547,34.04999923706055,1120080,0.0,0.0
2022-01-25 00:00:00-05:00,34.400001525878906,35.650001525878906,32.70000076293945,34.599998474121094,564000,0.0,0.0
2022-01-26 00:00:00-05:00,37.25,40.099998474121094,35.54999923706055,36.599998474121094,890260,0.0,0.0
2022-01-27 00:00:00-05:00,36.95000076293945,37.45000076293945,32.5,32.599998474121094,623160,0.0,0.0
2022-01-28 00:00:00-05:00,33.20000076293945,35.400001525878906,31.600000381469727,35.20000076293945,622920,0.0,0.0
2022-01-31 00:00:00-05:00,35.20000076293945,38.20000076293945,34.5,37.599998474121094,621840,0.0,0.0
2022-02-01 00:00:00-05:00,39.650001525878906,42.45000076293945,37.79999923706055,41.150001525878906,771720,0.0,0.0
2022-02-02 00:00:00-05:00,41.150001525878906,41.29999923706055,37.349998474121094,38.650001525878906,614380,0.0,0.0
2022-02-03 00:00:00-05:00,37.45000076293945,38.54999923706055,36.5,36.54999923706055,405660,0.0,0.0
2022-02-04 00:00:00-05:00,38.25,42.0,37.0,41.29999923706055,792020,0.0,0.0
2022-02-07 00:00:00-05:00,45.5,47.25,44.400001525878906,45.45000076293945,1047180,0.0,0.0
2022-02-08 00:00:00-05:00,45.0,46.70000076293945,44.0,46.45000076293945,650380,0.0,0.0
2022-02-09 00:00:00-05:00,47.650001525878906,50.349998474121094,47.04999923706055,49.5,804840,0.0,0.0
2022-02-10 00:00:00-05:00,47.25,52.650001525878906,46.79999923706055,48.650001525878906,964540,0.0,0.0
2022-02-11 00:00:00-05:00,48.900001525878906,49.849998474121094,44.79999923706055,45.400001525878906,933840,0.0,0.0
2022-02-14 00:00:00-05:00,45.0,47.25,43.54999923706055,43.79999923706055,602880,0.0,0.0
2022-02-15 00:00:00-05:00,46.349998474121094,48.75,45.54999923706055,46.95000076293945,571940,0.0,0.0
2022-02-16 00:00:00-05:00,45.75,46.5,44.70000076293945,45.5,621000,0.0,0.0
2022-02-17 00:00:00-05:00,44.20000076293945,44.75,40.349998474121094,40.599998474121094,615680,0.0,0.0
2022-02-18 00:00:00-05:00,40.349998474121094,40.54999923706055,37.5,37.900001525878906,568060,0.0,0.0
2022-02-22 00:00:00-05:00,36.20000076293945,37.45000076293945,35.29999923706055,36.25,533880,0.0,0.0
2022-02-23 00:00:00-05:00,37.5,37.5,34.099998474121094,34.29999923706055,537960,0.0,0.0
2022-02-24 00:00:00-05:00,31.5,36.75,31.0,36.650001525878906,696080,0.0,0.0
2022-02-25 00:00:00-05:00,37.349998474121094,37.5,35.20000076293945,36.349998474121094,498360,0.0,0.0
2022-02-28 00:00:00-05:00,36.25,39.45000076293945,36.20000076293945,38.79999923706055,631480,0.0,0.0
2022-03-01 00:00:00-05:00,41.349998474121094,41.400001525878906,38.29999923706055,38.79999923706055,632360,0.0,0.0
2022-03-02 00:00:00-05:00,38.599998474121094,40.45000076293945,37.849998474121094,39.25,413760,0.0,0.0
2022-03-03 00:00:00-05:00,39.54999923706055,39.650001525878906,35.79999923706055,36.0,369500,0.0,0.0
2022-03-04 00:00:00-05:00,35.900001525878906,36.599998474121094,33.5,33.900001525878906,440560,0.0,0.0
2022-03-07 00:00:00-05:00,34.400001525878906,34.849998474121094,31.549999237060547,31.600000381469727,365120,0.0,0.0
2022-03-08 00:00:00-05:00,31.850000381469727,34.0,31.100000381469727,32.75,437980,0.0,0.0
2022-03-09 00:00:00-05:00,35.650001525878906,37.04999923706055,34.79999923706055,36.20000076293945,521960,0.0,0.0
2022-03-10 00:00:00-05:00,34.5,34.75,33.150001525878906,34.54999923706055,415060,0.0,0.0
2022-03-11 00:00:00-05:00,35.25,35.25,31.700000762939453,31.799999237060547,346540,0.0,0.0
2022-03-14 00:00:00-04:00,32.0,32.5,29.200000762939453,29.600000381469727,488980,0.0,0.0
2022-03-15 00:00:00-04:00,30.100000381469727,30.899999618530273,29.100000381469727,30.700000762939453,336160,0.0,0.0
2022-03-16 00:00:00-04:00,31.5,33.04999923706055,30.700000762939453,33.04999923706055,541860,0.0,0.0
2022-03-17 00:00:00-04:00,31.399999618530273,35.25,31.200000762939453,35.25,452220,0.0,0.0
2022-03-18 00:00:00-04:00,34.79999923706055,36.75,33.900001525878906,36.400001525878906,566340,0.0,0.0
2022-03-21 00:00:00-04:00,35.95000076293945,37.20000076293945,34.70000076293945,35.75,385600,0.0,0.0
2022-03-22 00:00:00-04:00,37.25,38.54999923706055,36.70000076293945,36.849998474121094,436280,0.0,0.0
2022-03-23 00:00:00-04:00,36.599998474121094,38.150001525878906,35.29999923706055,36.150001525878906,423720,0.0,0.0
2022-03-24 00:00:00-04:00,36.900001525878906,38.349998474121094,35.5,38.150001525878906,496000,0.0,0.0
2022-03-25 00:00:00-04:00,39.0,39.650001525878906,36.20000076293945,36.75,453760,0.0,0.0
2022-03-28 00:00:00-04:00,39.29999923706055,42.04999923706055,38.150001525878906,39.04999923706055,685840,0.0,0.0
2022-03-29 00:00:00-04:00,39.099998474121094,39.099998474121094,36.150001525878906,38.04999923706055,562040,0.0,0.0
2022-03-30 00:00:00-04:00,37.5,37.599998474121094,36.04999923706055,36.099998474121094,561880,0.0,0.0
2022-03-31 00:00:00-04:00,36.25,36.849998474121094,34.29999923706055,34.45000076293945,434040,0.0,0.0
2022-04-01 00:00:00-04:00,34.70000076293945,35.849998474121094,34.150001525878906,34.79999923706055,525860,0.0,0.0
2022-04-04 00:00:00-04:00,35.0,35.099998474121094,33.75,34.599998474121094,318280,0.0,0.0
2022-04-05 00:00:00-04:00,34.79999923706055,34.849998474121094,32.25,32.75,385320,0.0,0.0
2022-04-06 00:00:00-04:00,32.0,32.099998474121094,30.149999618530273,31.100000381469727,512500,0.0,0.0
2022-04-07 00:00:00-04:00,30.899999618530273,31.549999237060547,29.5,30.75,472400,0.0,0.0
2022-04-08 00:00:00-04:00,30.399999618530273,30.850000381469727,29.5,29.5,421080,0.0,0.0
2022-04-11 00:00:00-04:00,28.700000762939453,29.850000381469727,27.950000762939453,28.850000381469727,307160,0.0,0.0
2022-04-12 00:00:00-04:00,29.5,30.350000381469727,27.850000381469727,28.0,370220,0.0,0.0
2022-04-13 00:00:00-04:00,28.25,29.700000762939453,28.049999237060547,29.299999237060547,236500,0.0,0.0
2022-04-14 00:00:00-04:00,29.350000381469727,29.600000381469727,27.799999237060547,28.0,324760,0.0,0.0
2022-04-18 00:00:00-04:00,27.850000381469727,28.0,26.350000381469727,27.450000762939453,296120,0.0,0.0
2022-04-19 00:00:00-04:00,27.5,28.75,27.049999237060547,28.649999618530273,294260,0.0,0.0
2022-04-20 00:00:00-04:00,28.850000381469727,28.899999618530273,26.850000381469727,27.049999237060547,281580,0.0,0.0
2022-04-21 00:00:00-04:00,28.0,28.799999237060547,25.75,25.950000762939453,398220,0.0,0.0
2022-04-22 00:00:00-04:00,25.899999618530273,26.399999618530273,24.549999237060547,24.799999237060547,408660,0.0,0.0
2022-04-25 00:00:00-04:00,24.200000762939453,25.0,23.850000381469727,24.899999618530273,355040,0.0,0.0
2022-04-26 00:00:00-04:00,24.899999618530273,24.899999618530273,22.700000762939453,22.799999237060547,378440,0.0,0.0
2022-04-27 00:00:00-04:00,23.149999618530273,24.149999618530273,22.75,23.0,414200,0.0,0.0
2022-04-28 00:00:00-04:00,23.700000762939453,24.649999618530273,22.100000381469727,24.200000762939453,527680,0.0,0.0
2022-04-29 00:00:00-04:00,23.5,25.350000381469727,22.899999618530273,22.899999618530273,375920,0.0,0.0
2022-05-02 00:00:00-04:00,22.950000762939453,24.0,22.549999237060547,23.850000381469727,366940,0.0,0.0
2022-05-03 00:00:00-04:00,23.850000381469727,24.450000762939453,23.299999237060547,23.799999237060547,312120,0.0,0.0
2022-05-04 00:00:00-04:00,24.049999237060547,25.549999237060547,23.049999237060547,25.549999237060547,466080,0.0,0.0
2022-05-05 00:00:00-04:00,24.75,24.950000762939453,22.649999618530273,23.25,583760,0.0,0.0
2022-05-06 00:00:00-04:00,22.600000381469727,23.049999237060547,21.225000381469727,21.850000381469727,612160,0.0,0.0
2022-05-09 00:00:00-04:00,20.5,21.100000381469727,18.149999618530273,18.350000381469727,728820,0.0,0.0
2022-05-10 00:00:00-04:00,19.600000381469727,20.25,17.625,18.149999618530273,676960,0.0,0.0
2022-05-11 00:00:00-04:00,17.0,18.0,15.699999809265137,15.800000190734863,805680,0.0,0.0
2022-05-12 00:00:00-04:00,14.899999618530273,16.950000762939453,14.649999618530273,15.850000381469727,996900,0.0,0.0
2022-05-13 00:00:00-04:00,17.200000762939453,18.75,17.049999237060547,17.649999618530273,708000,0.0,0.0
2022-05-16 00:00:00-04:00,17.5,17.5,15.75,16.0,650580,0.0,0.0
2022-05-17 00:00:00-04:00,16.899999618530273,17.399999618530273,16.299999237060547,17.0,546900,0.0,0.0
2022-05-18 00:00:00-04:00,16.450000762939453,16.700000762939453,15.5,15.899999618530273,390600,0.0,0.0
2022-05-19 00:00:00-04:00,15.75,16.700000762939453,15.5,15.800000190734863,496540,0.0,0.0
2022-05-20 00:00:00-04:00,16.25,16.700000762939453,14.800000190734863,15.949999809265137,716160,0.0,0.0
2022-05-24 00:00:00-04:00,15.149999618530273,15.149999618530273,14.050000190734863,14.350000381469727,407220,0.0,0.0
2022-05-25 00:00:00-04:00,14.350000381469727,14.75,14.0,14.25,471420,0.0,0.0
2022-05-26 00:00:00-04:00,13.75,15.199999809265137,13.550000190734863,14.800000190734863,471000,0.0,0.0
2022-05-27 00:00:00-04:00,14.850000381469727,16.049999237060547,14.850000381469727,16.0,366480,0.0,0.0
2022-05-30 00:00:00-04:00,16.5,17.950000762939453,16.5,17.799999237060547,259300,0.0,0.0
2022-05-31 00:00:00-04:00,17.5,17.649999618530273,15.949999809265137,16.350000381469727,810060,0.0,0.0
2022-06-01 00:00:00-04:00,16.399999618530273,16.799999237060547,14.375,14.5,708440,0.0,0.0
2022-06-02 00:00:00-04:00,14.5,15.375,14.300000190734863,15.0,519860,0.0,0.0
2022-06-03 00:00:00-04:00,14.649999618530273,14.899999618530273,14.149999618530273,14.449999809265137,380540,0.0,0.0
2022-06-06 00:00:00-04:00,14.850000381469727,15.199999809265137,13.800000190734863,13.949999809265137,600580,0.0,0.0
2022-06-07 00:00:00-04:00,13.449999809265137,14.25,13.100000381469727,14.199999809265137,436600,0.0,0.0
2022-06-08 00:00:00-04:00,14.0,14.600000381469727,13.274999618530273,13.550000190734863,423240,0.0,0.0
2022-06-09 00:00:00-04:00,13.300000190734863,13.5,12.550000190734863,12.600000381469727,542820,0.0,0.0
2022-06-10 00:00:00-04:00,12.300000190734863,12.600000381469727,11.774999618530273,11.949999809265137,523900,0.0,0.0
2022-06-13 00:00:00-04:00,10.0,11.175000190734863,10.0,10.699999809265137,766180,0.0,0.0
2022-06-14 00:00:00-04:00,10.850000381469727,11.350000381469727,10.399999618530273,10.949999809265137,573980,0.0,0.0
2022-06-15 00:00:00-04:00,10.899999618530273,11.125,10.300000190734863,10.899999618530273,722320,0.0,0.0
2022-06-16 00:00:00-04:00,10.449999809265137,10.699999809265137,9.800000190734863,10.0,545660,0.0,0.0
2022-06-17 00:00:00-04:00,10.050000190734863,10.75,10.050000190734863,10.399999618530273,1353420,0.0,0.0
2022-06-20 00:00:00-04:00,10.399999618530273,11.550000190734863,10.300000190734863,10.949999809265137,368120,0.0,0.0
2022-06-21 00:00:00-04:00,11.25,11.675000190734863,10.600000381469727,10.699999809265137,764300,0.0,0.0
2022-06-22 00:00:00-04:00,10.350000381469727,10.800000190734863,9.975000381469727,10.0,493540,0.0,0.0
2022-06-23 00:00:00-04:00,10.199999809265137,10.600000381469727,9.800000190734863,10.600000381469727,578380,0.0,0.0
2022-06-24 00:00:00-04:00,10.75,11.25,10.550000190734863,11.149999618530273,442780,0.0,0.0
2022-06-27 00:00:00-04:00,11.300000190734863,11.350000381469727,10.300000190734863,10.399999618530273,491220,0.0,0.0
2022-06-28 00:00:00-04:00,10.550000190734863,10.625,9.324999809265137,9.449999809265137,623500,0.0,0.0
2022-06-29 00:00:00-04:00,9.350000381469727,9.449999809265137,8.75,9.100000381469727,468320,0.0,0.0
2022-06-30 00:00:00-04:00,8.75,8.949999809265137,8.300000190734863,8.699999809265137,415240,0.0,0.0
2022-07-04 00:00:00-04:00,8.699999809265137,9.0,8.550000190734863,8.550000190734863,201900,0.0,0.0
2022-07-05 00:00:00-04:00,8.449999809265137,9.649999618530273,8.25,9.600000381469727,576660,0.0,0.0
2022-07-06 00:00:00-04:00,9.550000190734863,9.75,8.800000190734863,9.050000190734863,431420,0.0,0.0
2022-07-07 00:00:00-04:00,9.199999809265137,10.550000190734863,8.949999809265137,10.350000381469727,581540,0.0,0.0
2022-07-08 00:00:00-04:00,10.25,11.5,9.949999809265137,10.550000190734863,701860,0.0,0.0
2022-07-11 00:00:00-04:00,10.300000190734863,10.350000381469727,9.600000381469727,9.850000381469727,447340,0.0,0.0
2022-07-12 00:00:00-04:00,9.699999809265137,9.949999809265137,9.350000381469727,9.550000190734863,374880,0.0,0.0
2022-07-13 00:00:00-04:00,9.149999618530273,9.899999618530273,9.050000190734863,9.600000381469727,327040,0.0,0.0
2022-07-14 00:00:00-04:00,9.350000381469727,10.199999809265137,9.350000381469727,9.949999809265137,458900,0.0,0.0
2022-07-15 00:00:00-04:00,10.449999809265137,10.600000381469727,9.75,10.399999618530273,570380,0.0,0.0
2022-07-18 00:00:00-04:00,11.0,12.949999809265137,10.899999618530273,11.300000190734863,1004540,0.0,0.0
2022-07-19 00:00:00-04:00,11.949999809265137,13.0,11.399999618530273,12.949999809265137,1028500,0.0,0.0
2022-07-20 00:00:00-04:00,13.699999809265137,14.449999809265137,13.024999618530273,13.850000381469727,1191420,0.0,0.0
2022-07-21 00:00:00-04:00,13.350000381469727,14.899999618530273,12.850000381469727,14.449999809265137,808160,0.0,0.0
2022-07-22 00:00:00-04:00,14.899999618530273,15.149999618530273,12.949999809265137,13.300000190734863,866880,0.0,0.0
2022-07-25 00:00:00-04:00,12.949999809265137,13.149999618530273,11.699999809265137,12.0,535340,0.0,0.0
2022-07-26 00:00:00-04:00,11.350000381469727,11.600000381469727,10.850000381469727,11.300000190734863,566800,0.0,0.0
2022-07-27 00:00:00-04:00,11.75,12.949999809265137,11.600000381469727,12.800000190734863,642240,0.0,0.0
2022-07-28 00:00:00-04:00,12.850000381469727,14.050000190734863,12.399999618530273,13.800000190734863,855260,0.0,0.0
2022-07-29 00:00:00-04:00,13.449999809265137,14.25,13.050000190734863,13.649999618530273,953000,0.0,0.0
2022-08-02 00:00:00-04:00,13.199999809265137,14.550000190734863,12.949999809265137,14.100000381469727,558460,0.0,0.0
2022-08-03 00:00:00-04:00,14.350000381469727,15.649999618530273,14.300000190734863,15.5,689440,0.0,0.0
2022-08-04 00:00:00-04:00,15.5,16.049999237060547,14.75,14.800000190734863,749340,0.0,0.0
2022-08-05 00:00:00-04:00,14.600000381469727,15.550000190734863,14.399999618530273,15.399999618530273,715800,0.0,0.0
2022-08-08 00:00:00-04:00,15.850000381469727,16.75,15.600000381469727,16.100000381469727,707600,0.0,0.0
2022-08-09 00:00:00-04:00,15.75,15.75,14.75,15.5,545000,0.0,0.0
2022-08-10 00:00:00-04:00,16.5,17.524999618530273,16.0,17.399999618530273,995320,0.0,0.0
2022-08-11 00:00:00-04:00,19.149999618530273,21.100000381469727,18.5,19.0,971940,0.0,0.0
2022-08-12 00:00:00-04:00,19.0,22.700000762939453,18.350000381469727,22.549999237060547,859840,0.0,0.0
2022-08-15 00:00:00-04:00,22.0,23.850000381469727,21.25,23.0,833220,0.0,0.0
2022-08-16 00:00:00-04:00,22.549999237060547,23.0,21.049999237060547,21.5,651240,0.0,0.0
2022-08-17 00:00:00-04:00,20.5,21.200000762939453,19.149999618530273,19.25,769360,0.0,0.0
2022-08-18 00:00:00-04:00,19.149999618530273,19.25,17.399999618530273,17.450000762939453,644020,0.0,0.0
2022-08-19 00:00:00-04:00,15.0,16.100000381469727,14.75,15.0,591580,0.0,0.0
2022-08-22 00:00:00-04:00,14.5,14.649999618530273,13.649999618530273,13.850000381469727,500920,0.0,0.0
2022-08-23 00:00:00-04:00,14.199999809265137,14.824999809265137,13.675000190734863,14.199999809265137,590140,0.0,0.0
2022-08-24 00:00:00-04:00,14.449999809265137,14.875,14.175000190734863,14.449999809265137,405260,0.0,0.0
2022-08-25 00:00:00-04:00,14.75,14.800000190734863,14.050000190734863,14.699999809265137,449420,0.0,0.0
2022-08-26 00:00:00-04:00,14.699999809265137,14.824999809265137,13.199999809265137,13.399999618530273,577040,0.0,0.0
2022-08-29 00:00:00-04:00,13.050000190734863,14.149999618530273,13.0,13.899999618530273,550200,0.0,0.0
2022-08-30 00:00:00-04:00,14.25,14.399999618530273,12.925000190734863,13.350000381469727,483040,0.0,0.0
2022-08-31 00:00:00-04:00,13.550000190734863,13.850000381469727,13.149999618530273,13.550000190734863,445440,0.0,0.0
2022-09-01 00:00:00-04:00,13.149999618530273,13.149999618530273,12.399999618530273,12.800000190734863,380040,0.0,0.0
2022-09-02 00:00:00-04:00,13.149999618530273,13.25,12.5,12.649999618530273,363400,0.0,0.0
2022-09-06 00:00:00-04:00,12.75,12.75,11.899999618530273,11.949999809265137,414840,0.0,0.0
2022-09-07 00:00:00-04:00,11.850000381469727,12.25,11.5,12.100000381469727,408280,0.0,0.0
2022-09-08 00:00:00-04:00,11.75,13.800000190734863,11.625,13.649999618530273,514880,0.0,0.0
2022-09-09 00:00:00-04:00,14.899999618530273,15.600000381469727,14.550000190734863,15.399999618530273,526800,0.0,0.0
2022-09-12 00:00:00-04:00,15.949999809265137,16.200000762939453,14.975000381469727,15.550000190734863,682120,0.0,0.0
2022-09-13 00:00:00-04:00,13.899999618530273,14.350000381469727,13.350000381469727,13.449999809265137,605540,0.0,0.0
2022-09-14 00:00:00-04:00,13.600000381469727,13.875,13.050000190734863,13.699999809265137,409840,0.0,0.0
2022-09-15 00:00:00-04:00,13.649999618530273,14.300000190734863,13.399999618530273,14.050000190734863,308200,0.0,0.0
2022-09-16 00:00:00-04:00,13.649999618530273,13.649999618530273,12.649999618530273,13.300000190734863,471520,0.0,0.0
2022-09-19 00:00:00-04:00,12.449999809265137,13.100000381469727,12.350000381469727,12.75,291780,0.0,0.0
2022-09-20 00:00:00-04:00,12.449999809265137,12.675000190734863,12.149999618530273,12.25,277800,0.0,0.0
2022-09-21 00:00:00-04:00,12.5,13.5,12.199999809265137,12.75,456940,0.0,0.0
2022-09-22 00:00:00-04:00,12.800000190734863,13.0,11.949999809265137,12.100000381469727,370440,0.0,0.0
2022-09-23 00:00:00-04:00,11.899999618530273,12.100000381469727,11.25,11.5,356840,0.0,0.0
2022-09-26 00:00:00-04:00,11.550000190734863,12.550000190734863,11.5,11.649999618530273,429160,0.0,0.0
2022-09-27 00:00:00-04:00,12.449999809265137,12.800000190734863,11.699999809265137,11.850000381469727,427060,0.0,0.0
2022-09-28 00:00:00-04:00,11.899999618530273,12.850000381469727,11.699999809265137,12.800000190734863,321680,0.0,0.0
2022-09-29 00:00:00-04:00,12.350000381469727,12.550000190734863,11.949999809265137,12.350000381469727,335380,0.0,0.0
2022-09-30 00:00:00-04:00,12.149999618530273,13.199999809265137,12.100000381469727,12.300000190734863,355860,0.0,0.0
2022-10-03 00:00:00-04:00,12.75,13.050000190734863,12.225000381469727,13.0,312780,0.0,0.0
2022-10-04 00:00:00-04:00,13.5,14.199999809265137,13.5,14.0,524220,0.0,0.0
2022-10-05 00:00:00-04:00,13.5,14.199999809265137,13.199999809265137,14.050000190734863,312300,0.0,0.0
2022-10-06 00:00:00-04:00,13.899999618530273,14.75,13.800000190734863,14.0,484640,0.0,0.0
2022-10-07 00:00:00-04:00,13.699999809265137,13.899999618530273,12.800000190734863,13.050000190734863,337140,0.0,0.0
2022-10-11 00:00:00-04:00,12.649999618530273,12.899999618530273,12.100000381469727,12.25,267800,0.0,0.0
2022-10-12 00:00:00-04:00,12.600000381469727,12.699999809265137,12.149999618530273,12.600000381469727,216320,0.0,0.0
2022-10-13 00:00:00-04:00,12.100000381469727,13.350000381469727,11.699999809265137,13.149999618530273,488200,0.0,0.0
2022-10-14 00:00:00-04:00,13.550000190734863,13.899999618530273,12.699999809265137,12.75,337940,0.0,0.0
2022-10-17 00:00:00-04:00,13.25,13.699999809265137,13.149999618530273,13.199999809265137,398660,0.0,0.0
2022-10-18 00:00:00-04:00,13.75,13.899999618530273,12.699999809265137,12.75,402120,0.0,0.0
2022-10-19 00:00:00-04:00,12.600000381469727,13.149999618530273,12.399999618530273,13.100000381469727,459780,0.0,0.0
2022-10-20 00:00:00-04:00,13.050000190734863,13.475000381469727,12.600000381469727,12.600000381469727,319040,0.0,0.0
2022-10-21 00:00:00-04:00,12.5,13.25,12.149999618530273,13.25,342600,0.0,0.0
2022-10-24 00:00:00-04:00,13.25,13.725000381469727,12.75,13.649999618530273,476740,0.0,0.0
2022-10-25 00:00:00-04:00,13.550000190734863,16.149999618530273,13.449999809265137,15.800000190734863,849260,0.0,0.0
2022-10-26 00:00:00-04:00,16.0,16.75,15.050000190734863,15.199999809265137,774040,0.0,0.0
2022-10-27 00:00:00-04:00,15.449999809265137,16.100000381469727,14.300000190734863,14.5,550100,0.0,0.0
2022-10-28 00:00:00-04:00,14.600000381469727,16.0,14.5,15.949999809265137,542840,0.0,0.0
2022-10-31 00:00:00-04:00,15.800000190734863,16.200000762939453,15.175000190734863,15.300000190734863,454840,0.0,0.0
2022-11-01 00:00:00-04:00,15.850000381469727,15.850000381469727,14.800000190734863,14.850000381469727,253600,0.0,0.0
2022-11-02 00:00:00-04:00,14.800000190734863,15.75,14.350000381469727,14.449999809265137,520420,0.0,0.0
2022-11-03 00:00:00-04:00,14.25,14.899999618530273,13.725000381469727,13.850000381469727,387320,0.0,0.0
2022-11-04 00:00:00-04:00,15.050000190734863,15.399999618530273,14.0,14.649999618530273,730720,0.0,0.0
2022-11-07 00:00:00-05:00,14.5,15.0,14.100000381469727,14.850000381469727,379700,0.0,0.0
2022-11-08 00:00:00-05:00,14.25,14.25,12.25,13.050000190734863,1512380,0.0,0.0
2022-11-09 00:00:00-05:00,12.5,12.949999809265137,11.600000381469727,11.699999809265137,894500,0.0,0.0
2022-11-10 00:00:00-05:00,12.75,12.850000381469727,11.550000190734863,11.600000381469727,1000620,0.0,0.0
2022-11-11 00:00:00-05:00,11.25,11.25,9.800000190734863,10.600000381469727,1440000,0.0,0.0
2022-11-14 00:00:00-05:00,10.399999618530273,10.399999618530273,9.600000381469727,9.600000381469727,599600,0.0,0.0
2022-11-15 00:00:00-05:00,9.949999809265137,10.199999809265137,9.350000381469727,9.600000381469727,678460,0.0,0.0
2022-11-16 00:00:00-05:00,9.399999618530273,9.399999618530273,8.649999618530273,8.800000190734863,501740,0.0,0.0
2022-11-17 00:00:00-05:00,8.5,8.649999618530273,7.949999809265137,8.550000190734863,676420,0.0,0.0
2022-11-18 00:00:00-05:00,8.800000190734863,8.850000381469727,8.050000190734863,8.149999618530273,333540,0.0,0.0
2022-11-21 00:00:00-05:00,7.900000095367432,8.050000190734863,7.300000190734863,7.550000190734863,461560,0.0,0.0
2022-11-22 00:00:00-05:00,7.699999809265137,7.800000190734863,7.300000190734863,7.800000190734863,555540,0.0,0.0
2022-11-23 00:00:00-05:00,7.849999904632568,8.25,7.75,8.100000381469727,433080,0.0,0.0
2022-11-24 00:00:00-05:00,8.300000190734863,8.300000190734863,8.050000190734863,8.199999809265137,133080,0.0,0.0
2022-11-25 00:00:00-05:00,8.100000381469727,8.149999618530273,7.800000190734863,7.900000095367432,201560,0.0,0.0
2022-11-28 00:00:00-05:00,7.699999809265137,8.0,7.300000190734863,7.449999809265137,367180,0.0,0.0
2022-11-29 00:00:00-05:00,7.550000190734863,7.75,7.449999809265137,7.550000190734863,215420,0.0,0.0
2022-11-30 00:00:00-05:00,7.699999809265137,8.100000381469727,7.400000095367432,8.050000190734863,564740,0.0,0.0
2022-12-01 00:00:00-05:00,8.100000381469727,8.350000381469727,7.800000190734863,8.050000190734863,455260,0.0,0.0
2022-12-02 00:00:00-05:00,7.75,8.350000381469727,7.650000095367432,8.350000381469727,382500,0.0,0.0
2022-12-05 00:00:00-05:00,8.5,8.550000190734863,7.650000095367432,7.75,507840,0.0,0.0
2022-12-06 00:00:00-05:00,7.800000190734863,7.800000190734863,7.349999904632568,7.599999904632568,308860,0.0,0.0
2022-12-07 00:00:00-05:00,7.5,7.599999904632568,7.099999904632568,7.25,336740,0.0,0.0
2022-12-08 00:00:00-05:00,7.349999904632568,7.449999809265137,7.050000190734863,7.25,438460,0.0,0.0
2022-12-09 00:00:00-05:00,7.199999809265137,7.25,6.800000190734863,6.800000190734863,335100,0.0,0.0
2022-12-12 00:00:00-05:00,6.75,6.900000095367432,6.599999904632568,6.800000190734863,306140,0.0,0.0
2022-12-13 00:00:00-05:00,7.349999904632568,7.650000095367432,6.824999809265137,6.949999809265137,606300,0.0,0.0
2022-12-14 00:00:00-05:00,6.949999809265137,7.25,6.849999904632568,7.0,392860,0.0,0.0
2022-12-15 00:00:00-05:00,6.800000190734863,6.800000190734863,6.449999809265137,6.550000190734863,342540,0.0,0.0
2022-12-16 00:00:00-05:00,6.300000190734863,6.599999904632568,6.25,6.25,464020,0.0,0.0
2022-12-19 00:00:00-05:00,6.349999904632568,6.400000095367432,5.800000190734863,5.949999809265137,326040,0.0,0.0
2022-12-20 00:00:00-05:00,5.900000095367432,6.300000190734863,5.900000095367432,5.949999809265137,216660,0.0,0.0
2022-12-21 00:00:00-05:00,6.0,6.224999904632568,5.974999904632568,6.099999904632568,251160,0.0,0.0
2022-12-22 00:00:00-05:00,6.050000190734863,6.050000190734863,5.800000190734863,5.900000095367432,172680,0.0,0.0
2022-12-23 00:00:00-05:00,5.849999904632568,6.0,5.75,5.849999904632568,121780,0.0,0.0
2022-12-28 00:00:00-05:00,5.599999904632568,5.650000095367432,5.400000095367432,5.5,225400,0.0,0.0
2022-12-29 00:00:00-05:00,5.550000190734863,5.800000190734863,5.449999809265137,5.75,204480,0.0,0.0
2022-12-30 00:00:00-05:00,5.599999904632568,5.800000190734863,5.474999904632568,5.800000190734863,196080,0.0,0.0
2023-01-03 00:00:00-05:00,5.849999904632568,6.150000095367432,5.550000190734863,5.650000095367432,242240,0.0,0.0
2023-01-04 00:00:00-05:00,5.800000190734863,6.5,5.650000095367432,6.5,476720,0.0,0.0
2023-01-05 00:00:00-05:00,6.300000190734863,6.400000095367432,6.050000190734863,6.25,251200,0.0,0.0
2023-01-06 00:00:00-05:00,6.300000190734863,6.324999809265137,5.849999904632568,6.150000095367432,332660,0.0,0.0
2023-01-09 00:00:00-05:00,6.449999809265137,7.599999904632568,6.449999809265137,7.199999809265137,719780,0.0,0.0
2023-01-10 00:00:00-05:00,7.349999904632568,7.949999809265137,6.900000095367432,7.949999809265137,563340,0.0,0.0
2023-01-11 00:00:00-05:00,8.0,8.399999618530273,7.550000190734863,7.75,685680,0.0,0.0
2023-01-12 00:00:00-05:00,8.449999809265137,9.625,7.724999904632568,9.5,1390420,0.0,0.0
2023-01-13 00:00:00-05:00,9.5,10.649999618530273,9.149999618530273,10.600000381469727,1343140,0.0,0.0
2023-01-16 00:00:00-05:00,11.449999809265137,12.899999618530273,11.449999809265137,12.550000190734863,1117180,0.0,0.0
2023-01-17 00:00:00-05:00,12.550000190734863,12.625,11.350000381469727,12.25,1068780,0.0,0.0
2023-01-18 00:00:00-05:00,12.649999618530273,12.699999809265137,10.050000190734863,10.050000190734863,1306920,0.0,0.0
2023-01-19 00:00:00-05:00,9.649999618530273,11.300000190734863,9.600000381469727,11.100000381469727,1032560,0.0,0.0
2023-01-20 00:00:00-05:00,11.100000381469727,12.850000381469727,10.600000381469727,12.699999809265137,1577220,0.0,0.0
2023-01-23 00:00:00-05:00,13.0,14.149999618530273,12.550000190734863,13.300000190734863,1531960,0.0,0.0
2023-01-24 00:00:00-05:00,12.899999618530273,13.699999809265137,12.800000190734863,13.25,953900,0.0,0.0
2023-01-25 00:00:00-05:00,12.399999618530273,12.899999618530273,11.350000381469727,12.5,1408140,0.0,0.0
2023-01-26 00:00:00-05:00,13.25,13.5,12.5,12.5,767140,0.0,0.0
2023-01-27 00:00:00-05:00,12.399999618530273,13.600000381469727,12.050000190734863,12.899999618530273,1168280,0.0,0.0
2023-01-30 00:00:00-05:00,12.699999809265137,13.350000381469727,12.149999618530273,12.149999618530273,860220,0.0,0.0
2023-01-31 00:00:00-05:00,12.399999618530273,13.125,12.350000381469727,12.899999618530273,1061940,0.0,0.0
2023-02-01 00:00:00-05:00,12.899999618530273,14.649999618530273,12.350000381469727,14.399999618530273,1391500,0.0,0.0
2023-02-02 00:00:00-05:00,15.0,16.899999618530273,14.850000381469727,16.0,2172600,0.0,0.0
2023-02-03 00:00:00-05:00,15.100000381469727,16.100000381469727,14.600000381469727,14.850000381469727,1418920,0.0,0.0
2023-02-06 00:00:00-05:00,14.399999618530273,16.700000762939453,14.300000190734863,15.949999809265137,1601680,0.0,0.0
2023-02-07 00:00:00-05:00,16.75,16.75,14.199999809265137,14.550000190734863,1809780,0.0,0.0
2023-02-08 00:00:00-05:00,14.449999809265137,15.25,14.0,14.449999809265137,979260,0.0,0.0
2023-02-09 00:00:00-05:00,14.5,14.5,12.050000190734863,12.350000381469727,1317440,0.0,0.0
2023-02-10 00:00:00-05:00,12.0,12.100000381469727,11.0,11.100000381469727,919980,0.0,0.0
2023-02-13 00:00:00-05:00,11.0,11.100000381469727,10.550000190734863,10.850000381469727,722020,0.0,0.0
2023-02-14 00:00:00-05:00,10.75,12.0,10.449999809265137,11.899999618530273,1188420,0.0,0.0
2023-02-15 00:00:00-05:00,12.25,13.699999809265137,12.050000190734863,13.699999809265137,1434840,0.0,0.0
2023-02-16 00:00:00-05:00,13.600000381469727,14.75,13.0,13.199999809265137,1871800,0.0,0.0
2023-02-17 00:00:00-05:00,12.899999618530273,13.800000190734863,12.649999618530273,13.600000381469727,1186420,0.0,0.0
2023-02-21 00:00:00-05:00,13.0,13.550000190734863,12.449999809265137,12.449999809265137,739420,0.0,0.0
2023-02-22 00:00:00-05:00,12.300000190734863,12.649999618530273,11.600000381469727,12.149999618530273,739820,0.0,0.0
2023-02-23 00:00:00-05:00,12.449999809265137,12.5,11.699999809265137,12.100000381469727,539380,0.0,0.0
2023-02-24 00:00:00-05:00,11.649999618530273,11.850000381469727,10.800000190734863,11.0,821120,0.0,0.0
2023-02-27 00:00:00-05:00,11.550000190734863,12.0,11.149999618530273,11.300000190734863,725360,0.0,0.0
2023-02-28 00:00:00-05:00,11.350000381469727,11.75,11.100000381469727,11.149999618530273,1441840,0.0,0.0
2023-03-01 00:00:00-05:00,11.300000190734863,11.649999618530273,10.850000381469727,11.100000381469727,809560,0.0,0.0
2023-03-02 00:00:00-05:00,10.850000381469727,11.149999618530273,10.550000190734863,11.100000381469727,481560,0.0,0.0
2023-03-03 00:00:00-05:00,10.5,10.875,10.300000190734863,10.699999809265137,670420,0.0,0.0
2023-03-06 00:00:00-05:00,10.850000381469727,11.350000381469727,10.574999809265137,10.699999809265137,695100,0.0,0.0
2023-03-07 00:00:00-05:00,10.649999618530273,10.850000381469727,10.175000190734863,10.550000190734863,783760,0.0,0.0
2023-03-08 00:00:00-05:00,10.25,10.550000190734863,10.0,10.149999618530273,584320,0.0,0.0
2023-03-09 00:00:00-05:00,9.949999809265137,10.149999618530273,8.75,8.75,755340,0.0,0.0
2023-03-10 00:00:00-05:00,8.850000381469727,9.199999809265137,8.399999618530273,8.75,828320,0.0,0.0
2023-03-13 00:00:00-04:00,9.25,11.0,9.0,10.399999618530273,1826260,0.0,0.0
2023-03-14 00:00:00-04:00,11.899999618530273,12.649999618530273,11.100000381469727,11.449999809265137,1833500,0.0,0.0
2023-03-15 00:00:00-04:00,11.5,11.75,10.649999618530273,11.199999809265137,778600,0.0,0.0
2023-03-16 00:00:00-04:00,11.300000190734863,12.0,11.100000381469727,11.800000190734863,746660,0.0,0.0
2023-03-17 00:00:00-04:00,12.75,13.0,12.300000190734863,12.850000381469727,1413500,0.0,0.0
2023-03-20 00:00:00-04:00,13.649999618530273,13.649999618530273,12.550000190734863,12.600000381469727,1130640,0.0,0.0
2023-03-21 00:00:00-04:00,12.699999809265137,13.75,12.550000190734863,13.75,1108500,0.0,0.0
2023-03-22 00:00:00-04:00,13.75,14.149999618530273,12.0,12.100000381469727,1445600,0.0,0.0
2023-03-23 00:00:00-04:00,12.5,13.5,12.25,13.100000381469727,1230460,0.0,0.0
2023-03-24 00:00:00-04:00,12.899999618530273,12.899999618530273,11.800000190734863,12.0,1097020,0.0,0.0
2023-03-27 00:00:00-04:00,12.0,12.0,10.949999809265137,11.199999809265137,583080,0.0,0.0
2023-03-28 00:00:00-04:00,11.050000190734863,11.100000381469727,10.550000190734863,10.949999809265137,903020,0.0,0.0
2023-03-29 00:00:00-04:00,11.550000190734863,12.25,11.399999618530273,11.899999618530273,1223200,0.0,0.0
2023-03-30 00:00:00-04:00,12.149999618530273,12.25,11.649999618530273,11.699999809265137,823340,0.0,0.0
2023-03-31 00:00:00-04:00,11.899999618530273,12.5,11.800000190734863,12.300000190734863,1082060,0.0,0.0
2023-04-03 00:00:00-04:00,12.25,12.5,11.75,12.100000381469727,794340,0.0,0.0
2023-04-04 00:00:00-04:00,12.149999618530273,12.399999618530273,11.800000190734863,11.899999618530273,573000,0.0,0.0
2023-04-05 00:00:00-04:00,11.899999618530273,12.050000190734863,11.050000190734863,11.25,719880,0.0,0.0
2023-04-06 00:00:00-04:00,11.0,11.399999618530273,10.75,11.25,344700,0.0,0.0
2023-04-10 00:00:00-04:00,11.149999618530273,12.649999618530273,10.975000381469727,12.5,1345860,0.0,0.0
2023-04-11 00:00:00-04:00,13.100000381469727,13.699999809265137,12.899999618530273,13.399999618530273,1401560,0.0,0.0
2023-04-12 00:00:00-04:00,13.449999809265137,13.5,12.75,12.949999809265137,951860,0.0,0.0
2023-04-13 00:00:00-04:00,13.199999809265137,14.899999618530273,13.100000381469727,14.600000381469727,1455760,0.0,0.0
2023-04-14 00:00:00-04:00,15.0,15.0,13.649999618530273,14.25,1326140,0.0,0.0
2023-04-17 00:00:00-04:00,13.399999618530273,13.550000190734863,12.899999618530273,13.25,1063340,0.0,0.0
2023-04-18 00:00:00-04:00,13.800000190734863,14.25,13.600000381469727,13.699999809265137,905780,0.0,0.0
2023-04-19 00:00:00-04:00,13.149999618530273,13.149999618530273,12.600000381469727,12.75,686520,0.0,0.0
2023-04-20 00:00:00-04:00,12.5,12.600000381469727,11.600000381469727,11.600000381469727,699780,0.0,0.0
2023-04-21 00:00:00-04:00,11.699999809265137,11.949999809265137,11.300000190734863,11.5,638240,0.0,0.0
2023-04-24 00:00:00-04:00,11.5,11.800000190734863,11.074999809265137,11.399999618530273,420160,0.0,0.0
2023-04-25 00:00:00-04:00,11.300000190734863,11.850000381469727,11.149999618530273,11.699999809265137,424180,0.0,0.0
2023-04-26 00:00:00-04:00,12.600000381469727,12.800000190734863,11.800000190734863,11.899999618530273,1007400,0.0,0.0
2023-04-27 00:00:00-04:00,12.050000190734863,12.399999618530273,11.800000190734863,12.350000381469727,819540,0.0,0.0
2023-04-28 00:00:00-04:00,12.199999809265137,12.300000190734863,11.949999809265137,12.050000190734863,422480,0.0,0.0
2023-05-01 00:00:00-04:00,11.75,11.899999618530273,11.149999618530273,11.199999809265137,605980,0.0,0.0
2023-05-02 00:00:00-04:00,11.25,12.0,11.0,11.850000381469727,778220,0.0,0.0
2023-05-03 00:00:00-04:00,11.550000190734863,12.399999618530273,11.550000190734863,11.850000381469727,608380,0.0,0.0
2023-05-04 00:00:00-04:00,12.100000381469727,12.199999809265137,11.699999809265137,11.850000381469727,537540,0.0,0.0
2023-05-05 00:00:00-04:00,11.949999809265137,12.550000190734863,11.850000381469727,12.550000190734863,861440,0.0,0.0
2023-05-08 00:00:00-04:00,11.800000190734863,12.199999809265137,11.649999618530273,12.0,619060,0.0,0.0
2023-05-09 00:00:00-04:00,12.25,12.25,11.675000190734863,11.899999618530273,587800,0.0,0.0
2023-05-10 00:00:00-04:00,12.149999618530273,12.600000381469727,12.050000190734863,12.100000381469727,674380,0.0,0.0
2023-05-11 00:00:00-04:00,11.75,11.850000381469727,11.125,11.25,762080,0.0,0.0
2023-05-12 00:00:00-04:00,11.199999809265137,11.800000190734863,11.100000381469727,11.800000190734863,815220,0.0,0.0
2023-05-15 00:00:00-04:00,11.850000381469727,12.699999809265137,11.850000381469727,12.550000190734863,665700,0.0,0.0
2023-05-16 00:00:00-04:00,12.25,12.574999809265137,12.199999809265137,12.350000381469727,205980,0.0,0.0
2023-05-17 00:00:00-04:00,12.25,13.899999618530273,12.25,13.649999618530273,784280,0.0,0.0
2023-05-18 00:00:00-04:00,13.550000190734863,13.850000381469727,12.800000190734863,13.100000381469727,562340,0.0,0.0
2023-05-19 00:00:00-04:00,13.25,13.449999809265137,12.850000381469727,13.0,341420,0.0,0.0
2023-05-23 00:00:00-04:00,13.25,13.850000381469727,12.949999809265137,13.0,554200,0.0,0.0
2023-05-24 00:00:00-04:00,12.75,12.925000190734863,12.324999809265137,12.75,323220,0.0,0.0
2023-05-25 00:00:00-04:00,12.850000381469727,12.949999809265137,12.350000381469727,12.600000381469727,257640,0.0,0.0
2023-05-26 00:00:00-04:00,12.649999618530273,13.600000381469727,12.649999618530273,13.350000381469727,504780,0.0,0.0
2023-05-29 00:00:00-04:00,13.800000190734863,14.225000381469727,13.600000381469727,14.0,264700,0.0,0.0
2023-05-30 00:00:00-04:00,14.199999809265137,14.800000190734863,13.949999809265137,14.149999618530273,494520,0.0,0.0
2023-05-31 00:00:00-04:00,13.75,14.649999618530273,13.550000190734863,14.649999618530273,1279480,0.0,0.0
2023-06-01 00:00:00-04:00,14.300000190734863,14.824999809265137,14.25,14.449999809265137,408300,0.0,0.0
2023-06-02 00:00:00-04:00,14.800000190734863,14.850000381469727,14.199999809265137,14.350000381469727,390080,0.0,0.0
2023-06-05 00:00:00-04:00,14.25,14.300000190734863,13.675000190734863,13.75,240580,0.0,0.0
2023-06-06 00:00:00-04:00,13.5,13.949999809265137,13.199999809265137,13.899999618530273,362420,0.0,0.0
2023-06-07 00:00:00-04:00,13.949999809265137,14.100000381469727,13.149999618530273,13.149999618530273,493300,0.0,0.0
2023-06-08 00:00:00-04:00,13.149999618530273,13.399999618530273,12.949999809265137,13.100000381469727,253920,0.0,0.0
2023-06-09 00:00:00-04:00,13.300000190734863,13.399999618530273,12.649999618530273,12.75,246260,0.0,0.0
2023-06-12 00:00:00-04:00,12.699999809265137,13.399999618530273,12.550000190734863,13.399999618530273,322020,0.0,0.0
2023-06-13 00:00:00-04:00,13.600000381469727,14.25,13.449999809265137,13.899999618530273,481860,0.0,0.0
2023-06-14 00:00:00-04:00,13.899999618530273,14.149999618530273,13.725000381469727,13.850000381469727,257620,0.0,0.0
2023-06-15 00:00:00-04:00,13.5,13.699999809265137,13.149999618530273,13.600000381469727,322960,0.0,0.0
2023-06-16 00:00:00-04:00,13.699999809265137,15.800000190734863,13.649999618530273,15.449999809265137,1136180,0.0,0.0
2023-06-19 00:00:00-04:00,15.600000381469727,17.149999618530273,15.574999809265137,16.75,592100,0.0,0.0
2023-06-20 00:00:00-04:00,16.450000762939453,18.299999237060547,16.200000762939453,17.049999237060547,1560460,0.0,0.0
2023-06-21 00:00:00-04:00,17.899999618530273,19.149999618530273,17.549999237060547,18.200000762939453,1481940,0.0,0.0
2023-06-22 00:00:00-04:00,18.299999237060547,18.649999618530273,17.100000381469727,18.399999618530273,1045060,0.0,0.0
2023-06-23 00:00:00-04:00,17.899999618530273,19.649999618530273,17.350000381469727,19.299999237060547,1175020,0.0,0.0
2023-06-26 00:00:00-04:00,19.200000762939453,19.450000762939453,17.299999237060547,17.399999618530273,1157040,0.0,0.0
2023-06-27 00:00:00-04:00,18.100000381469727,19.700000762939453,18.0,19.399999618530273,1197600,0.0,0.0
2023-06-28 00:00:00-04:00,18.950000762939453,20.799999237060547,18.75,20.350000381469727,1057700,0.0,0.0
2023-06-29 00:00:00-04:00,21.200000762939453,22.100000381469727,20.75,21.25,1179040,0.0,0.0
2023-06-30 00:00:00-04:00,22.399999618530273,22.5,20.399999618530273,22.0,1302000,0.0,0.0
2023-07-04 00:00:00-04:00,23.100000381469727,24.649999618530273,23.100000381469727,24.200000762939453,663260,0.0,0.0
2023-07-05 00:00:00-04:00,23.0,24.649999618530273,22.549999237060547,24.299999237060547,1164400,0.0,0.0
2023-07-06 00:00:00-04:00,24.75,24.75,23.125,23.950000762939453,1068780,0.0,0.0
2023-07-07 00:00:00-04:00,23.75,26.299999237060547,23.600000381469727,25.25,1334140,0.0,0.0
2023-07-10 00:00:00-04:00,25.799999237060547,26.200000762939453,23.75,26.100000381469727,1352020,0.0,0.0
2023-07-11 00:00:00-04:00,26.149999618530273,26.149999618530273,24.450000762939453,24.75,1203520,0.0,0.0
2023-07-12 00:00:00-04:00,25.399999618530273,26.5,24.450000762939453,24.75,1454580,0.0,0.0
2023-07-13 00:00:00-04:00,25.049999237060547,29.350000381469727,25.0,29.200000762939453,2113560,0.0,0.0
2023-07-14 00:00:00-04:00,29.100000381469727,29.899999618530273,26.850000381469727,27.5,1449320,0.0,0.0
2023-07-17 00:00:00-04:00,27.450000762939453,28.350000381469727,24.899999618530273,25.25,1289460,0.0,0.0
2023-07-18 00:00:00-04:00,24.75,25.725000381469727,24.299999237060547,24.950000762939453,652420,0.0,0.0
2023-07-19 00:00:00-04:00,25.25,26.25,24.850000381469727,25.100000381469727,707340,0.0,0.0
2023-07-20 00:00:00-04:00,25.149999618530273,25.75,23.75,23.75,636560,0.0,0.0
2023-07-21 00:00:00-04:00,24.0,24.549999237060547,22.649999618530273,23.899999618530273,698140,0.0,0.0
2023-07-24 00:00:00-04:00,23.149999618530273,23.200000762939453,22.25,22.799999237060547,439560,0.0,0.0
2023-07-25 00:00:00-04:00,22.799999237060547,23.850000381469727,22.649999618530273,22.75,509180,0.0,0.0
2023-07-26 00:00:00-04:00,22.799999237060547,23.600000381469727,22.549999237060547,23.549999237060547,458000,0.0,0.0
2023-07-27 00:00:00-04:00,24.0,24.0,21.700000762939453,21.850000381469727,555960,0.0,0.0
2023-07-28 00:00:00-04:00,22.25,23.450000762939453,21.850000381469727,22.950000762939453,454580,0.0,0.0
2023-07-31 00:00:00-04:00,23.049999237060547,23.950000762939453,22.700000762939453,23.450000762939453,421940,0.0,0.0
2023-08-01 00:00:00-04:00,22.850000381469727,22.850000381469727,21.5,22.649999618530273,564420,0.0,0.0
2023-08-02 00:00:00-04:00,22.649999618530273,23.149999618530273,21.5,21.899999618530273,466440,0.0,0.0
2023-08-03 00:00:00-04:00,21.549999237060547,22.25,21.450000762939453,21.75,282380,0.0,0.0
2023-08-04 00:00:00-04:00,21.950000762939453,22.100000381469727,20.700000762939453,20.899999618530273,328140,0.0,0.0
2023-08-08 00:00:00-04:00,21.399999618530273,22.174999237060547,20.399999618530273,21.950000762939453,579360,0.0,0.0
2023-08-09 00:00:00-04:00,22.100000381469727,22.5,20.450000762939453,20.450000762939453,607820,0.0,0.0
2023-08-10 00:00:00-04:00,20.649999618530273,21.649999618530273,20.399999618530273,20.399999618530273,617000,0.0,0.0
2023-08-11 00:00:00-04:00,20.200000762939453,20.774999618530273,19.799999237060547,19.899999618530273,403600,0.0,0.0
2023-08-14 00:00:00-04:00,18.950000762939453,19.25,17.899999618530273,18.600000381469727,491820,0.0,0.0
2023-08-15 00:00:00-04:00,18.549999237060547,19.299999237060547,17.75,17.75,458540,0.0,0.0
2023-08-16 00:00:00-04:00,17.399999618530273,17.850000381469727,16.850000381469727,17.399999618530273,554280,0.0,0.0
2023-08-17 00:00:00-04:00,16.899999618530273,16.950000762939453,16.25,16.450000762939453,458300,0.0,0.0
2023-08-18 00:00:00-04:00,15.5,16.5,15.300000190734863,16.350000381469727,614500,0.0,0.0
2023-08-21 00:00:00-04:00,16.25,16.524999618530273,15.899999618530273,16.25,345380,0.0,0.0
2023-08-22 00:00:00-04:00,16.399999618530273,16.649999618530273,15.449999809265137,15.75,307060,0.0,0.0
2023-08-23 00:00:00-04:00,15.800000190734863,17.200000762939453,15.699999809265137,16.799999237060547,622240,0.0,0.0
2023-08-24 00:00:00-04:00,16.899999618530273,17.0,15.25,15.25,592560,0.0,0.0
2023-08-25 00:00:00-04:00,15.350000381469727,15.75,14.800000190734863,15.350000381469727,400520,0.0,0.0
2023-08-28 00:00:00-04:00,15.600000381469727,15.725000381469727,15.300000190734863,15.449999809265137,305480,0.0,0.0
2023-08-29 00:00:00-04:00,15.5,18.549999237060547,15.350000381469727,17.950000762939453,1099400,0.0,0.0
2023-08-30 00:00:00-04:00,17.75,17.899999618530273,17.200000762939453,17.850000381469727,503300,0.0,0.0
2023-08-31 00:00:00-04:00,17.850000381469727,18.0,16.399999618530273,16.5,555580,0.0,0.0
2023-09-01 00:00:00-04:00,16.649999618530273,16.799999237060547,15.675000190734863,16.049999237060547,418400,0.0,0.0
2023-09-05 00:00:00-04:00,15.899999618530273,16.0,15.5,15.649999618530273,316780,0.0,0.0
2023-09-06 00:00:00-04:00,15.600000381469727,15.949999809265137,15.149999618530273,15.600000381469727,486000,0.0,0.0
2023-09-07 00:00:00-04:00,15.350000381469727,15.850000381469727,14.949999809265137,15.75,389440,0.0,0.0
2023-09-08 00:00:00-04:00,15.600000381469727,15.600000381469727,15.0,15.199999809265137,375580,0.0,0.0
2023-09-11 00:00:00-04:00,15.050000190734863,15.225000381469727,14.399999618530273,14.550000190734863,302440,0.0,0.0
2023-09-12 00:00:00-04:00,15.199999809265137,15.899999618530273,14.399999618530273,14.600000381469727,676600,0.0,0.0
2023-09-13 00:00:00-04:00,14.600000381469727,14.949999809265137,14.100000381469727,14.25,359960,0.0,0.0
2023-09-14 00:00:00-04:00,14.800000190734863,15.300000190734863,14.449999809265137,14.699999809265137,480200,0.0,0.0
2023-09-15 00:00:00-04:00,14.649999618530273,14.699999809265137,14.024999618530273,14.199999809265137,400580,0.0,0.0
2023-09-18 00:00:00-04:00,14.899999618530273,15.300000190734863,14.350000381469727,14.550000190734863,519880,0.0,0.0
2023-09-19 00:00:00-04:00,14.5,14.600000381469727,13.649999618530273,14.050000190734863,411800,0.0,0.0
2023-09-20 00:00:00-04:00,14.0,14.149999618530273,13.5,13.550000190734863,233520,0.0,0.0
2023-09-21 00:00:00-04:00,13.25,13.550000190734863,12.975000381469727,13.350000381469727,310700,0.0,0.0
2023-09-22 00:00:00-04:00,13.350000381469727,13.600000381469727,12.75,12.800000190734863,236020,0.0,0.0
2023-09-25 00:00:00-04:00,12.699999809265137,13.25,12.550000190734863,13.050000190734863,298980,0.0,0.0
2023-09-26 00:00:00-04:00,13.0,13.175000190734863,12.5,12.649999618530273,172600,0.0,0.0
2023-09-27 00:00:00-04:00,12.899999618530273,13.100000381469727,12.649999618530273,13.0,235720,0.0,0.0
2023-09-28 00:00:00-04:00,12.899999618530273,13.850000381469727,12.600000381469727,13.399999618530273,536960,0.0,0.0
2023-09-29 00:00:00-04:00,13.5,13.899999618530273,13.100000381469727,13.350000381469727,254600,0.0,0.0
2023-10-02 00:00:00-04:00,14.149999618530273,15.199999809265137,13.5,13.75,695860,0.0,0.0
2023-10-03 00:00:00-04:00,13.350000381469727,13.5,12.399999618530273,12.550000190734863,379500,0.0,0.0
2023-10-04 00:00:00-04:00,12.850000381469727,12.949999809265137,12.300000190734863,12.949999809265137,297300,0.0,0.0
2023-10-05 00:00:00-04:00,12.899999618530273,13.199999809265137,12.5,12.949999809265137,289500,0.0,0.0
2023-10-06 00:00:00-04:00,12.600000381469727,13.875,12.550000190734863,13.850000381469727,292940,0.0,0.0
2023-10-10 00:00:00-04:00,13.300000190734863,14.100000381469727,13.300000190734863,13.600000381469727,290060,0.0,0.0
2023-10-11 00:00:00-04:00,13.5,13.550000190734863,12.600000381469727,12.800000190734863,282340,0.0,0.0
2023-10-12 00:00:00-04:00,12.75,12.75,12.25,12.350000381469727,218900,0.0,0.0
2023-10-13 00:00:00-04:00,12.550000190734863,12.600000381469727,11.649999618530273,11.75,368480,0.0,0.0
2023-10-16 00:00:00-04:00,12.850000381469727,13.5,12.100000381469727,12.850000381469727,785920,0.0,0.0
2023-10-17 00:00:00-04:00,12.5,13.399999618530273,12.449999809265137,13.149999618530273,414260,0.0,0.0
2023-10-18 00:00:00-04:00,12.949999809265137,13.100000381469727,12.149999618530273,12.25,350940,0.0,0.0
2023-10-19 00:00:00-04:00,12.350000381469727,12.75,12.149999618530273,12.300000190734863,304760,0.0,0.0
2023-10-20 00:00:00-04:00,12.75,13.649999618530273,12.550000190734863,12.75,555540,0.0,0.0
2023-10-23 00:00:00-04:00,13.300000190734863,14.699999809265137,12.75,14.300000190734863,920680,0.0,0.0
2023-10-24 00:00:00-04:00,16.25,16.450000762939453,15.100000381469727,15.75,1731860,0.0,0.0
2023-10-25 00:00:00-04:00,16.149999618530273,16.950000762939453,15.550000190734863,15.949999809265137,1097300,0.0,0.0
2023-10-26 00:00:00-04:00,15.699999809265137,16.149999618530273,14.850000381469727,15.199999809265137,893080,0.0,0.0
2023-10-27 00:00:00-04:00,15.300000190734863,15.699999809265137,14.574999809265137,14.649999618530273,542420,0.0,0.0
2023-10-30 00:00:00-04:00,15.199999809265137,15.850000381469727,14.300000190734863,14.800000190734863,712360,0.0,0.0
2023-10-31 00:00:00-04:00,14.600000381469727,15.225000381469727,14.149999618530273,15.0,397700,0.0,0.0
2023-11-01 00:00:00-04:00,15.350000381469727,15.399999618530273,14.699999809265137,15.25,572280,0.0,0.0
2023-11-02 00:00:00-04:00,15.699999809265137,16.549999237060547,15.550000190734863,16.299999237060547,731340,0.0,0.0
2023-11-03 00:00:00-04:00,15.949999809265137,16.600000381469727,15.850000381469727,16.100000381469727,604980,0.0,0.0
2023-11-06 00:00:00-05:00,16.25,16.700000762939453,15.175000190734863,15.649999618530273,543480,0.0,0.0
2023-11-07 00:00:00-05:00,15.550000190734863,16.200000762939453,15.050000190734863,16.200000762939453,492860,0.0,0.0
2023-11-08 00:00:00-05:00,16.0,16.0,15.25,15.550000190734863,418480,0.0,0.0
2023-11-09 00:00:00-05:00,16.549999237060547,17.899999618530273,15.25,15.5,1679340,0.0,0.0
2023-11-10 00:00:00-05:00,15.600000381469727,15.75,14.850000381469727,14.899999618530273,907440,0.0,0.0
2023-11-13 00:00:00-05:00,14.649999618530273,14.649999618530273,13.800000190734863,13.949999809265137,484780,0.0,0.0
2023-11-14 00:00:00-05:00,13.0,13.850000381469727,12.024999618530273,12.399999618530273,800240,0.0,0.0
2023-11-15 00:00:00-05:00,12.949999809265137,13.949999809265137,12.050000190734863,13.649999618530273,1024480,0.0,0.0
2023-11-16 00:00:00-05:00,13.149999618530273,13.375,12.625,12.850000381469727,637460,0.0,0.0
2023-11-17 00:00:00-05:00,12.899999618530273,13.149999618530273,12.699999809265137,13.050000190734863,249300,0.0,0.0
2023-11-20 00:00:00-05:00,13.449999809265137,13.800000190734863,13.25,13.600000381469727,430500,0.0,0.0
2023-11-21 00:00:00-05:00,13.300000190734863,13.300000190734863,12.649999618530273,13.050000190734863,674300,0.0,0.0
2023-11-22 00:00:00-05:00,13.0,13.25,12.550000190734863,13.199999809265137,417580,0.0,0.0
2023-11-23 00:00:00-05:00,12.899999618530273,13.100000381469727,12.75,12.800000190734863,123240,0.0,0.0
2023-11-24 00:00:00-05:00,13.050000190734863,13.449999809265137,12.850000381469727,13.149999618530273,401080,0.0,0.0
2023-11-27 00:00:00-05:00,12.75,13.5,12.699999809265137,13.0,355860,0.0,0.0
2023-11-28 00:00:00-05:00,13.0,14.149999618530273,12.949999809265137,13.850000381469727,736040,0.0,0.0
2023-11-29 00:00:00-05:00,14.0,14.350000381469727,13.300000190734863,13.449999809265137,762020,0.0,0.0
2023-11-30 00:00:00-05:00,13.449999809265137,13.5,12.875,13.0,585700,0.0,0.0
2023-12-01 00:00:00-05:00,13.0,15.550000190734863,13.0,15.449999809265137,1317020,0.0,0.0
2023-12-04 00:00:00-05:00,16.209999084472656,16.299999237060547,13.449999809265137,14.300000190734863,1512000,0.0,0.2
2023-12-05 00:00:00-05:00,14.210000038146973,17.200000762939453,13.899999618530273,15.529999732971191,2512900,0.0,0.0
2023-12-06 00:00:00-05:00,16.0,16.040000915527344,13.619999885559082,13.75,1783400,0.0,0.0
2023-12-07 00:00:00-05:00,13.34000015258789,13.670000076293945,12.600000381469727,12.8100004196167,1692400,0.0,0.0
2023-12-08 00:00:00-05:00,12.829999923706055,14.050000190734863,12.800000190734863,13.90999984741211,2151800,0.0,0.0
2023-12-11 00:00:00-05:00,13.0,13.0600004196167,11.630000114440918,11.949999809265137,1211700,0.0,0.0
2023-12-12 00:00:00-05:00,12.140000343322754,12.279999732971191,11.329999923706055,11.449999809265137,769700,0.0,0.0
2023-12-13 00:00:00-05:00,11.369999885559082,12.140000343322754,10.859999656677246,12.039999961853027,1052600,0.0,0.0
2023-12-14 00:00:00-05:00,12.100000381469727,13.180000305175781,11.800000190734863,12.890000343322754,1231300,0.0,0.0
2023-12-15 00:00:00-05:00,13.0,14.220000267028809,12.920000076293945,14.020000457763672,1686500,0.0,0.0
2023-12-18 00:00:00-05:00,13.899999618530273,16.670000076293945,13.850000381469727,16.239999771118164,2026400,0.0,0.0
2023-12-19 00:00:00-05:00,16.989999771118164,18.229999542236328,15.949999809265137,16.110000610351562,2778000,0.0,0.0
2023-12-20 00:00:00-05:00,17.350000381469727,17.709999084472656,15.899999618530273,16.260000228881836,2237600,0.0,0.0
2023-12-21 00:00:00-05:00,16.690000534057617,17.459999084472656,16.34000015258789,17.389999389648438,1922500,0.0,0.0
2023-12-22 00:00:00-05:00,17.489999771118164,20.209999084472656,16.850000381469727,19.65999984741211,2458900,0.0,0.0
2023-12-27 00:00:00-05:00,21.0,24.329999923706055,20.860000610351562,23.93000030517578,2520500,0.0,0.0
2023-12-28 00:00:00-05:00,22.690000534057617,22.690000534057617,20.5,21.270000457763672,1887300,0.0,0.0
2023-12-29 00:00:00-05:00,21.84000015258789,22.110000610351562,16.950000762939453,17.68000030517578,3207300,0.0,0.0
2024-01-02 00:00:00-05:00,20.0,20.059999465942383,16.600000381469727,16.799999237060547,2075900,0.0,0.0
2024-01-03 00:00:00-05:00,15.5600004196167,17.170000076293945,15.40999984741211,16.469999313354492,1567200,0.0,0.0
2024-01-04 00:00:00-05:00,16.6200008392334,17.489999771118164,16.299999237060547,16.739999771118164,1141000,0.0,0.0
2024-01-05 00:00:00-05:00,16.549999237060547,16.799999237060547,15.5,15.880000114440918,1300400,0.0,0.0
2024-01-08 00:00:00-05:00,16.260000228881836,16.799999237060547,14.800000190734863,16.010000228881836,1647900,0.0,0.0
2024-01-09 00:00:00-05:00,16.0,16.440000534057617,15.420000076293945,15.75,797600,0.0,0.0
2024-01-10 00:00:00-05:00,15.25,16.959999084472656,14.890000343322754,16.209999084472656,1437600,0.0,0.0
2024-01-11 00:00:00-05:00,17.899999618530273,18.110000610351562,14.819999694824219,15.0600004196167,2374800,0.0,0.0
2024-01-12 00:00:00-05:00,14.5,14.649999618530273,13.069999694824219,13.279999732971191,1488300,0.0,0.0
2024-01-15 00:00:00-05:00,13.119999885559082,13.449999809265137,12.710000038146973,13.430000305175781,343000,0.0,0.0
2024-01-16 00:00:00-05:00,13.0600004196167,13.220000267028809,12.369999885559082,12.989999771118164,1155800,0.0,0.0
2024-01-17 00:00:00-05:00,12.65999984741211,13.34000015258789,12.4399995803833,12.5600004196167,824700,0.0,0.0
2024-01-18 00:00:00-05:00,12.579999923706055,12.760000228881836,9.270000457763672,9.609999656677246,3405300,0.0,0.0
2024-01-19 00:00:00-05:00,9.40999984741211,9.479999542236328,8.350000381469727,9.239999771118164,2451000,0.0,0.0
2024-01-22 00:00:00-05:00,8.880000114440918,9.600000381469727,8.5,9.029999732971191,1160000,0.0,0.0
2024-01-23 00:00:00-05:00,8.850000381469727,9.119999885559082,8.5,8.529999732971191,1043300,0.0,0.0
2024-01-24 00:00:00-05:00,8.859999656677246,9.239999771118164,8.460000038146973,8.539999961853027,1224000,0.0,0.0
2024-01-25 00:00:00-05:00,8.529999732971191,10.40999984741211,8.40999984741211,10.039999961853027,2391300,0.0,0.0
2024-01-26 00:00:00-05:00,10.789999961853027,11.359999656677246,10.369999885559082,11.359999656677246,2683100,0.0,0.0
2024-01-29 00:00:00-05:00,11.399999618530273,12.220000267028809,10.899999618530273,11.300000190734863,2166000,0.0,0.0
2024-01-30 00:00:00-05:00,11.140000343322754,11.199999809265137,10.170000076293945,10.489999771118164,1399600,0.0,0.0
2024-01-31 00:00:00-05:00,10.130000114440918,10.65999984741211,9.880000114440918,10.050000190734863,960400,0.0,0.0
2024-02-01 00:00:00-05:00,9.949999809265137,10.359999656677246,9.630000114440918,9.970000267028809,996400,0.0,0.0
2024-02-02 00:00:00-05:00,9.760000228881836,10.130000114440918,9.640000343322754,9.779999732971191,579400,0.0,0.0
2024-02-05 00:00:00-05:00,9.770000457763672,9.850000381469727,9.119999885559082,9.329999923706055,737800,0.0,0.0
2024-02-06 00:00:00-05:00,9.1899995803833,9.569999694824219,9.069999694824219,9.260000228881836,604200,0.0,0.0
2024-02-07 00:00:00-05:00,9.109999656677246,9.25,8.520000457763672,9.109999656677246,1230900,0.0,0.0
2024-02-08 00:00:00-05:00,9.420000076293945,10.15999984741211,9.25,10.050000190734863,1624400,0.0,0.0
2024-02-09 00:00:00-05:00,10.850000381469727,11.520000457763672,10.65999984741211,11.270000457763672,1746100,0.0,0.0
2024-02-12 00:00:00-05:00,11.350000381469727,12.720000267028809,11.270000457763672,12.199999809265137,2469500,0.0,0.0
2024-02-13 00:00:00-05:00,11.369999885559082,12.050000190734863,11.020000457763672,11.569999694824219,1622500,0.0,0.0
2024-02-14 00:00:00-05:00,13.0,13.84000015258789,12.75,13.8100004196167,2279100,0.0,0.0
2024-02-15 00:00:00-05:00,14.539999961853027,14.739999771118164,13.039999961853027,13.430000305175781,2527700,0.0,0.0
2024-02-16 00:00:00-05:00,13.479999542236328,14.15999984741211,13.039999961853027,13.609999656677246,2275500,0.0,0.0
2024-02-20 00:00:00-05:00,13.609999656677246,13.899999618530273,12.069999694824219,12.800000190734863,1557600,0.0,0.0
2024-02-21 00:00:00-05:00,11.970000267028809,12.4399995803833,11.699999809265137,11.789999961853027,1069600,0.0,0.0
2024-02-22 00:00:00-05:00,11.84000015258789,12.050000190734863,11.029999732971191,11.149999618530273,1318200,0.0,0.0
2024-02-23 00:00:00-05:00,10.779999732971191,10.979999542236328,10.270000457763672,10.5600004196167,1137900,0.0,0.0
2024-02-26 00:00:00-05:00,10.479999542236328,12.609999656677246,10.479999542236328,12.449999809265137,1844400,0.0,0.0
2024-02-27 00:00:00-05:00,13.5,13.6899995803833,12.25,12.5600004196167,2004300,0.0,0.0
2024-02-28 00:00:00-05:00,13.220000267028809,13.399999618530273,11.699999809265137,11.850000381469727,2426200,0.0,0.0
2024-02-29 00:00:00-05:00,11.949999809265137,12.260000228881836,11.029999732971191,11.539999961853027,1930600,0.0,0.0
2024-03-01 00:00:00-05:00,11.449999809265137,12.119999885559082,11.039999961853027,12.119999885559082,1130600,0.0,0.0
2024-03-04 00:00:00-05:00,12.470000267028809,12.800000190734863,11.180000305175781,11.359999656677246,1749000,0.0,0.0
2024-03-05 00:00:00-05:00,11.260000228881836,11.5,10.15999984741211,10.210000038146973,1477600,0.0,0.0
2024-03-06 00:00:00-05:00,10.479999542236328,10.920000076293945,9.989999771118164,10.640000343322754,1117600,0.0,0.0
2024-03-07 00:00:00-05:00,10.539999961853027,10.649999618530273,10.0600004196167,10.359999656677246,701500,0.0,0.0
2024-03-08 00:00:00-05:00,10.430000305175781,11.260000228881836,10.199999809265137,10.699999809265137,1618500,0.0,0.0
2024-03-11 00:00:00-04:00,10.949999809265137,10.949999809265137,9.539999961853027,9.550000190734863,1691700,0.0,0.0
2024-03-12 00:00:00-04:00,9.569999694824219,9.739999771118164,9.149999618530273,9.619999885559082,954200,0.0,0.0
2024-03-13 00:00:00-04:00,9.600000381469727,10.4399995803833,9.529999732971191,10.420000076293945,1023200,0.0,0.0
2024-03-14 00:00:00-04:00,10.300000190734863,10.399999618530273,9.680000305175781,9.779999732971191,956500,0.0,0.0
2024-03-15 00:00:00-04:00,9.5,10.25,9.430000305175781,10.119999885559082,1366100,0.0,0.0
2024-03-18 00:00:00-04:00,10.59000015258789,10.8100004196167,9.9399995803833,10.529999732971191,1148900,0.0,0.0
2024-03-19 00:00:00-04:00,10.180000305175781,10.930000305175781,9.829999923706055,10.930000305175781,1606500,0.0,0.0
2024-03-20 00:00:00-04:00,10.979999542236328,12.265000343322754,10.970000267028809,12.25,2192900,0.0,0.0
2024-03-21 00:00:00-04:00,12.470000267028809,12.699999809265137,11.829999923706055,12.029999732971191,1393700,0.0,0.0
2024-03-22 00:00:00-04:00,11.789999961853027,12.119999885559082,11.699999809265137,11.859999656677246,907900,0.0,0.0
2024-03-25 00:00:00-04:00,12.010000228881836,13.010000228881836,11.970000267028809,12.789999961853027,2133700,0.0,0.0
2024-03-26 00:00:00-04:00,12.75,13.819999694824219,12.359999656677246,13.4399995803833,1578800,0.0,0.0
2024-03-27 00:00:00-04:00,13.609999656677246,13.819999694824219,12.970000267028809,13.40999984741211,1097600,0.0,0.0
2024-03-28 00:00:00-04:00,13.489999771118164,16.459999084472656,13.449999809265137,14.960000038146973,3447900,0.0,0.0
2024-04-01 00:00:00-04:00,14.800000190734863,15.859999656677246,14.270000457763672,14.680000305175781,1289600,0.0,0.0
2024-04-02 00:00:00-04:00,13.579999923706055,13.579999923706055,12.399999618530273,12.710000038146973,1403300,0.0,0.0
2024-04-03 00:00:00-04:00,12.729999542236328,13.390000343322754,12.600000381469727,13.119999885559082,935200,0.0,0.0
2024-04-04 00:00:00-04:00,13.479999542236328,14.180000305175781,13.020000457763672,13.130000114440918,1418200,0.0,0.0
2024-04-05 00:00:00-04:00,12.649999618530273,12.6899995803833,11.859999656677246,12.199999809265137,1007200,0.0,0.0
2024-04-08 00:00:00-04:00,13.050000190734863,13.300000190734863,12.140000343322754,12.199999809265137,1285200,0.0,0.0
2024-04-09 00:00:00-04:00,12.029999732971191,12.15999984741211,11.520000457763672,11.710000038146973,676800,0.0,0.0
2024-04-10 00:00:00-04:00,11.1899995803833,11.829999923706055,11.1899995803833,11.640000343322754,636900,0.0,0.0
2024-04-11 00:00:00-04:00,11.789999961853027,11.789999961853027,10.90999984741211,11.079999923706055,696000,0.0,0.0
2024-04-12 00:00:00-04:00,10.960000038146973,11.050000190734863,10.399999618530273,10.649999618530273,681300,0.0,0.0
2024-04-15 00:00:00-04:00,10.539999961853027,10.729999542236328,9.949999809265137,10.010000228881836,713600,0.0,0.0
2024-04-16 00:00:00-04:00,9.850000381469727,10.125,9.619999885559082,10.010000228881836,768700,0.0,0.0
2024-04-17 00:00:00-04:00,10.039999961853027,10.550000190734863,9.949999809265137,10.270000457763672,803500,0.0,0.0
2024-04-18 00:00:00-04:00,10.300000190734863,11.180000305175781,10.15999984741211,10.84000015258789,783500,0.0,0.0
2024-04-19 00:00:00-04:00,10.930000305175781,11.25,10.729999542236328,11.09000015258789,833100,0.0,0.0
2024-04-22 00:00:00-04:00,11.470000267028809,12.829999923706055,11.229999542236328,12.630000114440918,1711500,0.0,0.0
2024-04-23 00:00:00-04:00,12.40999984741211,13.399999618530273,12.229999542236328,13.170000076293945,1424600,0.0,0.0
2024-04-24 00:00:00-04:00,13.050000190734863,13.470000267028809,12.300000190734863,12.3100004196167,1358500,0.0,0.0
2024-04-25 00:00:00-04:00,11.8100004196167,12.220000267028809,11.579999923706055,12.079999923706055,713700,0.0,0.0
2024-04-26 00:00:00-04:00,12.149999618530273,12.399999618530273,11.880000114440918,12.020000457763672,686700,0.0,0.0
2024-04-29 00:00:00-04:00,11.819999694824219,11.899999618530273,11.260000228881836,11.40999984741211,778700,0.0,0.0
2024-04-30 00:00:00-04:00,11.130000114440918,11.279999732971191,10.8100004196167,10.829999923706055,697000,0.0,0.0
2024-05-01 00:00:00-04:00,10.6899995803833,11.59000015258789,10.569999694824219,11.020000457763672,1184700,0.0,0.0
2024-05-02 00:00:00-04:00,11.260000228881836,11.430000305175781,10.970000267028809,11.199999809265137,884500,0.0,0.0
2024-05-03 00:00:00-04:00,11.470000267028809,11.770000457763672,11.25,11.359999656677246,791000,0.0,0.0
2024-05-06 00:00:00-04:00,11.550000190734863,12.399999618530273,11.550000190734863,12.100000381469727,812000,0.0,0.0
2024-05-07 00:00:00-04:00,11.979999542236328,12.140000343322754,11.260000228881836,11.260000228881836,737800,0.0,0.0
2024-05-08 00:00:00-04:00,11.0,11.279999732971191,10.680000305175781,11.279999732971191,853500,0.0,0.0
2024-05-09 00:00:00-04:00,11.050000190734863,11.329999923706055,10.819999694824219,11.15999984741211,856100,0.0,0.0
2024-05-10 00:00:00-04:00,11.279999732971191,11.430000305175781,10.789999961853027,10.960000038146973,1041000,0.0,0.0
2024-05-13 00:00:00-04:00,11.199999809265137,11.380000114440918,10.739999771118164,10.779999732971191,981800,0.0,0.0
2024-05-14 00:00:00-04:00,10.579999923706055,11.020000457763672,10.529999732971191,10.649999618530273,795400,0.0,0.0
2024-05-15 00:00:00-04:00,11.350000381469727,12.3100004196167,11.050000190734863,11.979999542236328,2026300,0.0,0.0
2024-05-16 00:00:00-04:00,11.899999618530273,12.380000114440918,11.699999809265137,12.149999618530273,1496300,0.0,0.0
2024-05-17 00:00:00-04:00,12.239999771118164,12.979999542236328,11.970000267028809,12.449999809265137,1178900,0.0,0.0
2024-05-21 00:00:00-04:00,13.279999732971191,13.609999656677246,13.0600004196167,13.220000267028809,1452100,0.0,0.0
2024-05-22 00:00:00-04:00,13.109999656677246,14.489999771118164,13.020000457763672,13.510000228881836,1647500,0.0,0.0
2024-05-23 00:00:00-04:00,13.710000038146973,13.710000038146973,12.170000076293945,12.180000305175781,1288700,0.0,0.0
2024-05-24 00:00:00-04:00,12.210000038146973,12.90999984741211,12.039999961853027,12.720000267028809,756200,0.0,0.0
2024-05-27 00:00:00-04:00,12.699999809265137,13.100000381469727,12.65999984741211,13.069999694824219,326900,0.0,0.0
2024-05-28 00:00:00-04:00,12.6899995803833,13.010000228881836,12.300000190734863,12.609999656677246,1239000,0.0,0.0
2024-05-29 00:00:00-04:00,12.3100004196167,12.630000114440918,12.109999656677246,12.260000228881836,644900,0.0,0.0
2024-05-30 00:00:00-04:00,12.40999984741211,12.694999694824219,12.029999732971191,12.319999694824219,894300,0.0,0.0
2024-05-31 00:00:00-04:00,12.390000343322754,12.539999961853027,11.649999618530273,11.84000015258789,2279600,0.0,0.0
2024-06-03 00:00:00-04:00,12.15999984741211,12.729999542236328,12.15999984741211,12.229999542236328,1361100,0.0,0.0
2024-06-04 00:00:00-04:00,12.15999984741211,13.40999984741211,12.15999984741211,13.079999923706055,1771700,0.0,0.0
2024-06-05 00:00:00-04:00,13.369999885559082,13.850000381469727,12.739999771118164,13.760000228881836,1614000,0.0,0.0
2024-06-06 00:00:00-04:00,13.680000305175781,14.819999694824219,13.640000343322754,14.350000381469727,2057900,0.0,0.0
2024-06-07 00:00:00-04:00,14.520000457763672,14.619999885559082,13.25,13.34000015258789,1464100,0.0,0.0
2024-06-10 00:00:00-04:00,13.350000381469727,13.850000381469727,13.119999885559082,13.579999923706055,863100,0.0,0.0
2024-06-11 00:00:00-04:00,13.100000381469727,13.819999694824219,12.140000343322754,13.710000038146973,1682700,0.0,0.0
2024-06-12 00:00:00-04:00,14.0,16.100000381469727,14.0,15.029999732971191,3469800,0.0,0.0
2024-06-13 00:00:00-04:00,14.890000343322754,16.260000228881836,14.760000228881836,15.829999923706055,1955200,0.0,0.0
2024-06-14 00:00:00-04:00,15.920000076293945,16.3799991607666,15.220000267028809,15.479999542236328,1705300,0.0,0.0
2024-06-17 00:00:00-04:00,15.220000267028809,16.860000610351562,14.979999542236328,16.860000610351562,2129900,0.0,0.0
2024-06-18 00:00:00-04:00,16.34000015258789,16.829999923706055,15.800000190734863,16.43000030517578,1725100,0.0,0.0
2024-06-19 00:00:00-04:00,16.25,16.420000076293945,16.100000381469727,16.219999313354492,259500,0.0,0.0
2024-06-20 00:00:00-04:00,16.690000534057617,18.469999313354492,16.649999618530273,17.809999465942383,2768400,0.0,0.0
2024-06-21 00:00:00-04:00,17.15999984741211,17.40999984741211,16.290000915527344,16.8700008392334,2369500,0.0,0.0
2024-06-24 00:00:00-04:00,16.5,18.0,16.25,17.079999923706055,2169600,0.0,0.0
2024-06-25 00:00:00-04:00,17.709999084472656,20.549999237060547,17.700000762939453,19.959999084472656,2509100,0.0,0.0
2024-06-26 00:00:00-04:00,19.8700008392334,21.200000762939453,19.8700008392334,20.989999771118164,1988800,0.0,0.0
2024-06-27 00:00:00-04:00,22.0,23.799999237060547,20.559999465942383,20.850000381469727,2693200,0.0,0.0
2024-06-28 00:00:00-04:00,21.170000076293945,21.690000534057617,20.15999984741211,20.459999084472656,1196000,0.0,0.0
2024-07-02 00:00:00-04:00,20.600000381469727,21.440000534057617,20.100000381469727,21.420000076293945,1142500,0.0,0.0
2024-07-03 00:00:00-04:00,20.979999542236328,22.100000381469727,20.850000381469727,21.530000686645508,1055600,0.0,0.0
2024-07-04 00:00:00-04:00,20.100000381469727,20.579999923706055,19.520000457763672,20.209999084472656,556600,0.0,0.0
2024-07-05 00:00:00-04:00,20.0,22.600000381469727,19.780000686645508,22.440000534057617,1834500,0.0,0.0
2024-07-08 00:00:00-04:00,22.8799991607666,24.09000015258789,22.799999237060547,23.84000015258789,1794900,0.0,0.0
2024-07-09 00:00:00-04:00,24.040000915527344,24.489999771118164,21.719999313354492,21.850000381469727,1415400,0.0,0.0
2024-07-10 00:00:00-04:00,22.239999771118164,22.450000762939453,20.65999984741211,20.729999542236328,880600,0.0,0.0
2024-07-11 00:00:00-04:00,21.06999969482422,22.739999771118164,20.270000457763672,20.329999923706055,1562000,0.0,0.0
2024-07-12 00:00:00-04:00,20.709999084472656,23.139999389648438,19.790000915527344,23.09000015258789,2229000,0.0,0.0
2024-07-15 00:00:00-04:00,24.700000762939453,28.219999313354492,24.549999237060547,27.25,3188100,0.0,0.0
2024-07-16 00:00:00-04:00,27.34000015258789,28.8700008392334,26.700000762939453,28.600000381469727,2263600,0.0,0.0
2024-07-17 00:00:00-04:00,27.899999618530273,28.799999237060547,26.760000228881836,27.020000457763672,1396200,0.0,0.0
2024-07-18 00:00:00-04:00,27.239999771118164,27.520000457763672,24.610000610351562,24.8799991607666,1135400,0.0,0.0
2024-07-19 00:00:00-04:00,24.93000030517578,27.520000457763672,24.350000381469727,26.760000228881836,1689500,0.0,0.0
2024-07-22 00:00:00-04:00,27.209999084472656,28.209999084472656,25.75,27.84000015258789,1605900,0.0,0.0
2024-07-23 00:00:00-04:00,27.31999969482422,28.399999618530273,26.75,27.40999984741211,1317300,0.0,0.0
2024-07-24 00:00:00-04:00,27.360000610351562,28.790000915527344,24.610000610351562,24.8799991607666,2353900,0.0,0.0
2024-07-25 00:00:00-04:00,23.950000762939453,24.049999237060547,20.3799991607666,20.450000762939453,1387700,0.0,0.0
2024-07-26 00:00:00-04:00,22.469999313354492,22.799999237060547,20.770000457763672,20.979999542236328,1114300,0.0,0.0
2024-07-29 00:00:00-04:00,21.940000534057617,22.799999237060547,19.989999771118164,20.520000457763672,1278700,0.0,0.0
2024-07-30 00:00:00-04:00,20.600000381469727,20.860000610351562,19.219999313354492,19.31999969482422,1010200,0.0,0.0
2024-07-31 00:00:00-04:00,20.059999465942383,21.170000076293945,20.0,20.25,1294900,0.0,0.0
2024-08-01 00:00:00-04:00,20.239999771118164,20.889999389648438,18.6299991607666,19.280000686645508,1195600,0.0,0.0
2024-08-02 00:00:00-04:00,18.489999771118164,18.940000534057617,16.90999984741211,17.200000762939453,1269400,0.0,0.0
2024-08-06 00:00:00-04:00,16.75,17.389999389648438,15.649999618530273,16.950000762939453,1047200,0.0,0.0
2024-08-07 00:00:00-04:00,17.579999923706055,17.65999984741211,15.270000457763672,15.329999923706055,814500,0.0,0.0
2024-08-08 00:00:00-04:00,16.09000015258789,17.040000915527344,15.5,17.020000457763672,1383200,0.0,0.0
2024-08-09 00:00:00-04:00,16.81999969482422,16.940000534057617,16.09000015258789,16.350000381469727,947100,0.0,0.0
2024-08-12 00:00:00-04:00,16.0,16.450000762939453,15.5600004196167,15.670000076293945,869000,0.0,0.0
2024-08-13 00:00:00-04:00,15.6899995803833,15.989999771118164,14.75,15.0,919700,0.0,0.0
2024-08-14 00:00:00-04:00,15.4399995803833,16.100000381469727,15.050000190734863,15.0600004196167,837400,0.0,0.0
2024-08-15 00:00:00-04:00,15.210000038146973,16.739999771118164,15.210000038146973,16.0,1196400,0.0,0.0
2024-08-16 00:00:00-04:00,15.979999542236328,16.399999618530273,15.3100004196167,15.789999961853027,899800,0.0,0.0
2024-08-19 00:00:00-04:00,15.850000381469727,16.899999618530273,15.380000114440918,16.670000076293945,1130700,0.0,0.0
2024-08-20 00:00:00-04:00,17.09000015258789,17.399999618530273,15.630000114440918,15.770000457763672,1168200,0.0,0.0
2024-08-21 00:00:00-04:00,15.960000038146973,16.600000381469727,15.489999771118164,16.600000381469727,779400,0.0,0.0
2024-08-22 00:00:00-04:00,16.420000076293945,16.549999237060547,15.5,15.569999694824219,929100,0.0,0.0
2024-08-23 00:00:00-04:00,15.729999542236328,17.219999313354492,15.489999771118164,16.989999771118164,1588400,0.0,0.0
2024-08-26 00:00:00-04:00,16.90999984741211,17.1299991607666,16.219999313354492,16.31999969482422,1046700,0.0,0.0
2024-08-27 00:00:00-04:00,16.020000457763672,16.020000457763672,14.869999885559082,15.100000381469727,1260200,0.0,0.0
2024-08-28 00:00:00-04:00,14.8100004196167,14.899999618530273,13.449999809265137,13.90999984741211,1244600,0.0,0.0
2024-08-29 00:00:00-04:00,14.289999961853027,14.640000343322754,13.770000457763672,14.0,925600,0.0,0.0
2024-08-30 00:00:00-04:00,14.0600004196167,14.140000343322754,13.479999542236328,13.65999984741211,899500,0.0,0.0
2024-09-03 00:00:00-04:00,13.4399995803833,13.4399995803833,12.279999732971191,12.329999923706055,929700,0.0,0.0
2024-09-04 00:00:00-04:00,12.0,12.59000015258789,11.890000343322754,12.399999618530273,681900,0.0,0.0
2024-09-05 00:00:00-04:00,12.289999961853027,12.899999618530273,12.279999732971191,12.8100004196167,633500,0.0,0.0
2024-09-06 00:00:00-04:00,12.989999771118164,13.1899995803833,11.859999656677246,12.210000038146973,1011300,0.0,0.0
2024-09-09 00:00:00-04:00,12.489999771118164,13.529999732971191,12.489999771118164,13.489999771118164,1086600,0.0,0.0
2024-09-10 00:00:00-04:00,13.380000114440918,14.25,13.100000381469727,14.220000267028809,1333800,0.0,0.0
2024-09-11 00:00:00-04:00,13.989999771118164,14.329999923706055,13.270000457763672,14.319999694824219,1381100,0.0,0.0
2024-09-12 00:00:00-04:00,14.329999923706055,14.920000076293945,14.050000190734863,14.789999961853027,1054500,0.0,0.0
2024-09-13 00:00:00-04:00,14.819999694824219,15.520000457763672,14.65999984741211,15.270000457763672,1243900,0.0,0.0
2024-09-16 00:00:00-04:00,14.800000190734863,15.220000267028809,14.1899995803833,15.020000457763672,873700,0.0,0.0
2024-09-17 00:00:00-04:00,15.350000381469727,16.209999084472656,15.180000305175781,15.520000457763672,1439900,0.0,0.0
2024-09-18 00:00:00-04:00,15.4399995803833,16.049999237060547,14.6899995803833,15.0,1934800,0.0,0.0
2024-09-19 00:00:00-04:00,16.049999237060547,16.3700008392334,15.4399995803833,15.489999771118164,2016000,0.0,0.0
2024-09-20 00:00:00-04:00,15.460000038146973,15.520000457763672,14.890000343322754,15.140000343322754,1521300,0.0,0.0
2024-09-23 00:00:00-04:00,15.329999923706055,15.869999885559082,15.039999961853027,15.630000114440918,2035400,0.0,0.0
2024-09-24 00:00:00-04:00,15.800000190734863,16.84000015258789,15.5,16.829999923706055,1822600,0.0,0.0
2024-09-25 00:00:00-04:00,16.739999771118164,17.670000076293945,16.739999771118164,16.899999618530273,1776600,0.0,0.0
2024-09-26 00:00:00-04:00,17.59000015258789,18.1200008392334,16.920000076293945,17.020000457763672,2171200,0.0,0.0
2024-09-27 00:00:00-04:00,17.420000076293945,18.0,17.040000915527344,17.690000534057617,1777000,0.0,0.0
2024-09-30 00:00:00-04:00,17.139999389648438,17.139999389648438,16.25,16.579999923706055,1468300,0.0,0.0
2024-10-01 00:00:00-04:00,16.5,16.700000762939453,15.289999961853027,15.5600004196167,1420100,0.0,0.0
2024-10-02 00:00:00-04:00,15.329999923706055,16.389999389648438,15.329999923706055,16.190000534057617,1337400,0.0,0.0
2024-10-03 00:00:00-04:00,15.899999618530273,16.290000915527344,15.489999771118164,15.880000114440918,1004800,0.0,0.0
2024-10-04 00:00:00-04:00,16.3799991607666,16.670000076293945,15.90999984741211,16.309999465942383,1451600,0.0,0.0
2024-10-07 00:00:00-04:00,16.299999237060547,16.979999542236328,15.729999542236328,16.0,1557100,0.0,0.0
2024-10-08 00:00:00-04:00,16.0,16.139999389648438,15.270000457763672,15.479999542236328,1160400,0.0,0.0
2024-10-09 00:00:00-04:00,15.329999923706055,15.619999885559082,15.010000228881836,15.0600004196167,761400,0.0,0.0
2024-10-10 00:00:00-04:00,14.880000114440918,15.420000076293945,14.75,15.300000190734863,832900,0.0,0.0
2024-10-11 00:00:00-04:00,15.430000305175781,16.280000686645508,15.300000190734863,16.1299991607666,1273400,0.0,0.0
2024-10-15 00:00:00-04:00,16.8799991607666,17.229999542236328,15.789999961853027,16.25,1772700,0.0,0.0
2024-10-16 00:00:00-04:00,16.700000762939453,17.780000686645508,16.1299991607666,17.770000457763672,2049600,0.0,0.0
2024-10-17 00:00:00-04:00,17.579999923706055,18.420000076293945,17.280000686645508,17.489999771118164,1326700,0.0,0.0
2024-10-18 00:00:00-04:00,17.760000228881836,20.479999542236328,17.760000228881836,20.010000228881836,2384600,0.0,0.0
2024-10-21 00:00:00-04:00,19.670000076293945,21.479999542236328,19.079999923706055,21.190000534057617,2083400,0.0,0.0
2024-10-22 00:00:00-04:00,20.84000015258789,22.15999984741211,20.84000015258789,21.649999618530273,1834600,0.0,0.0
2024-10-23 00:00:00-04:00,21.350000381469727,21.90999984741211,20.25,20.90999984741211,1436500,0.0,0.0
2024-10-24 00:00:00-04:00,21.709999084472656,22.399999618530273,20.68000030517578,21.209999084472656,1491800,0.0,0.0
2024-10-25 00:00:00-04:00,21.309999465942383,21.84000015258789,20.200000762939453,20.709999084472656,1494100,0.0,0.0
2024-10-28 00:00:00-04:00,21.540000915527344,24.280000686645508,21.399999618530273,23.920000076293945,3002200,0.0,0.0
2024-10-29 00:00:00-04:00,25.5,25.540000915527344,23.420000076293945,23.920000076293945,2335400,0.0,0.0
2024-10-30 00:00:00-04:00,23.190000534057617,25.579999923706055,23.190000534057617,25.239999771118164,1725600,0.0,0.0
2024-10-31 00:00:00-04:00,24.690000534057617,25.329999923706055,21.989999771118164,22.010000228881836,1572100,0.0,0.0
2024-11-01 00:00:00-04:00,22.510000228881836,24.110000610351562,21.959999084472656,22.34000015258789,1332900,0.0,0.0
2024-11-04 00:00:00-05:00,21.770000457763672,22.5,21.040000915527344,21.639999389648438,669500,0.0,0.0
2024-11-05 00:00:00-05:00,22.229999542236328,24.209999084472656,22.219999313354492,23.139999389648438,1743800,0.0,0.0
2024-11-06 00:00:00-05:00,26.399999618530273,27.600000381469727,25.18000030517578,25.889999389648438,2877200,0.0,0.0
2024-11-07 00:00:00-05:00,25.6200008392334,26.920000076293945,25.360000610351562,26.309999465942383,1825800,0.0,0.0
2024-11-08 00:00:00-05:00,26.540000915527344,27.709999084472656,26.399999618530273,27.200000762939453,1931700,0.0,0.0
2024-11-11 00:00:00-05:00,29.5,35.25,28.739999771118164,34.22999954223633,3572100,0.0,0.0
2024-11-12 00:00:00-05:00,33.09000015258789,34.0,31.799999237060547,33.27000045776367,2161100,0.0,0.0
2024-11-13 00:00:00-05:00,35.5,39.790000915527344,34.06999969482422,34.720001220703125,3750800,0.0,0.0
2024-11-14 00:00:00-05:00,36.119998931884766,36.75,32.5099983215332,32.52000045776367,1444000,0.0,0.0
2024-11-15 00:00:00-05:00,33.81999969482422,36.27000045776367,33.0,35.540000915527344,1914900,0.0,0.0
2024-11-18 00:00:00-05:00,35.47999954223633,36.2599983215332,33.95000076293945,35.08000183105469,2358400,0.0,0.0
2024-11-19 00:00:00-05:00,34.52000045776367,35.40999984741211,33.13999938964844,35.36000061035156,2035300,0.0,0.0
2024-11-20 00:00:00-05:00,36.5,37.040000915527344,33.470001220703125,34.13999938964844,2003800,0.0,0.0
2024-11-21 00:00:00-05:00,36.16999816894531,36.70000076293945,31.43000030517578,32.79999923706055,2159800,0.0,0.0
2024-11-22 00:00:00-05:00,32.22999954223633,36.91999816894531,31.75,36.2400016784668,2003600,0.0,0.0
2024-11-25 00:00:00-05:00,36.25,36.56999969482422,32.5,35.2599983215332,1754400,0.0,0.0
2024-11-26 00:00:00-05:00,33.95000076293945,36.470001220703125,33.689998626708984,34.27000045776367,1542100,0.0,0.0
2024-11-27 00:00:00-05:00,35.31999969482422,40.369998931884766,34.599998474121094,39.869998931884766,3111800,0.0,0.0
2024-11-28 00:00:00-05:00,39.97999954223633,39.97999954223633,38.130001068115234,38.400001525878906,512400,0.0,0.0
2024-11-29 00:00:00-05:00,39.91999816894531,42.2599983215332,38.869998931884766,39.63999938964844,1898200,0.0,0.0
2024-12-02 00:00:00-05:00,38.380001068115234,39.68000030517578,35.41999816894531,36.400001525878906,1470900,0.0,0.0
2024-12-03 00:00:00-05:00,35.099998474121094,36.619998931884766,34.75,35.220001220703125,1117200,0.0,0.0
2024-12-04 00:00:00-05:00,35.4900016784668,38.38999938964844,35.0099983215332,38.0,2084600,0.0,0.0
2024-12-05 00:00:00-05:00,40.59000015258789,43.959999084472656,38.5099983215332,38.810001373291016,3238900,0.0,0.0
2024-12-06 00:00:00-05:00,40.220001220703125,45.20000076293945,40.0,42.810001373291016,2841900,0.0,0.0
2024-12-09 00:00:00-05:00,43.33000183105469,43.33000183105469,38.36000061035156,38.54999923706055,1814900,0.0,0.0
2024-12-10 00:00:00-05:00,38.959999084472656,38.9900016784668,34.90999984741211,36.290000915527344,1350400,0.0,0.0
2024-12-11 00:00:00-05:00,38.7599983215332,38.79999923706055,36.290000915527344,37.81999969482422,1373800,0.0,0.0
2024-12-12 00:00:00-05:00,42.2599983215332,44.34000015258789,38.54999923706055,38.880001068115234,4391000,0.0,0.0
2024-12-13 00:00:00-05:00,39.75,42.34000015258789,38.869998931884766,38.91999816894531,2330400,0.0,0.0
2024-12-16 00:00:00-05:00,40.5,44.58000183105469,38.970001220703125,41.40999984741211,3316100,0.0,0.0
2024-12-17 00:00:00-05:00,43.400001525878906,44.220001220703125,40.70000076293945,42.41999816894531,2335500,0.0,0.0
2024-12-18 00:00:00-05:00,41.959999084472656,42.20000076293945,36.54999923706055,37.72999954223633,2304900,0.0,0.0
2024-12-19 00:00:00-05:00,39.34000015258789,39.540000915527344,33.97999954223633,34.209999084472656,1785900,0.0,0.0
2024-12-20 00:00:00-05:00,33.0099983215332,35.06999969482422,32.869998931884766,34.0,1554100,0.0,0.0
2024-12-23 00:00:00-05:00,33.86000061035156,34.29999923706055,31.0,31.110000610351562,1038600,0.0,0.0
2024-12-24 00:00:00-05:00,35.06999969482422,35.380001068115234,32.79999923706055,35.06999969482422,882400,0.0,0.0
2024-12-27 00:00:00-05:00,34.40999984741211,34.790000915527344,31.950000762939453,32.209999084472656,783700,0.0,0.0
2024-12-30 00:00:00-05:00,31.329999923706055,31.610000610351562,30.010000228881836,30.850000381469727,748700,0.0,0.0
2024-12-31 00:00:00-05:00,32.29999923706055,32.779998779296875,29.25,29.440000534057617,938400,0.0,0.0
2025-01-02 00:00:00-05:00,30.829999923706055,31.899999618530273,29.899999618530273,31.559999465942383,1008800,0.0,0.0
2025-01-03 00:00:00-05:00,31.399999618530273,34.900001525878906,31.170000076293945,34.900001525878906,1468400,0.0,0.0
2025-01-06 00:00:00-05:00,35.689998626708984,38.849998474121094,35.0,38.279998779296875,1800600,0.0,0.0
2025-01-07 00:00:00-05:00,38.54999923706055,38.86000061035156,34.97999954223633,35.66999816894531,1211900,0.0,0.0
2025-01-08 00:00:00-05:00,34.18000030517578,34.93000030517578,32.45000076293945,33.79999923706055,1215600,0.0,0.0
2025-01-09 00:00:00-05:00,32.70000076293945,34.150001525878906,31.700000762939453,33.0,576000,0.0,0.0
2025-01-10 00:00:00-05:00,32.779998779296875,33.86000061035156,31.920000076293945,33.790000915527344,1010500,0.0,0.0
2025-01-13 00:00:00-05:00,31.75,33.02000045776367,30.90999984741211,33.0,1221000,0.0,0.0
2025-01-14 00:00:00-05:00,34.9900016784668,35.91999816894531,33.45000076293945,34.22999954223633,1376400,0.0,0.0
2025-01-15 00:00:00-05:00,36.0,38.33000183105469,35.849998474121094,37.61000061035156,1933100,0.0,0.0
2025-01-16 00:00:00-05:00,37.0099983215332,38.9900016784668,37.0099983215332,38.279998779296875,1573200,0.0,0.0
2025-01-17 00:00:00-05:00,40.220001220703125,42.13999938964844,38.150001525878906,38.970001220703125,2946200,0.0,0.0
2025-01-20 00:00:00-05:00,41.06999969482422,41.290000915527344,39.11000061035156,40.06999969482422,1139100,0.0,0.0
2025-01-21 00:00:00-05:00,39.900001525878906,39.900001525878906,36.31999969482422,37.43000030517578,1376200,0.0,0.0
2025-01-22 00:00:00-05:00,36.65999984741211,37.90999984741211,35.52000045776367,37.189998626708984,1281800,0.0,0.0
2025-01-23 00:00:00-05:00,36.11000061035156,39.16999816894531,35.91999816894531,36.54999923706055,1661100,0.0,0.0
2025-01-24 00:00:00-05:00,37.650001525878906,39.880001068115234,36.75,37.380001068115234,2343500,0.0,0.0
2025-01-27 00:00:00-05:00,34.54999923706055,34.560001373291016,26.829999923706055,28.40999984741211,2901600,0.0,0.0
2025-01-28 00:00:00-05:00,29.239999771118164,29.239999771118164,27.139999389648438,28.239999771118164,1438600,0.0,0.0
2025-01-29 00:00:00-05:00,28.020000457763672,29.5,27.75,29.0,1125300,0.0,0.0
2025-01-30 00:00:00-05:00,29.889999389648438,31.299999237060547,29.6200008392334,31.18000030517578,2035100,0.0,0.0
2025-01-31 00:00:00-05:00,31.280000686645508,32.939998626708984,31.049999237060547,31.549999237060547,1864300,0.0,0.0
2025-02-03 00:00:00-05:00,27.299999237060547,31.950000762939453,27.290000915527344,31.479999542236328,1770300,0.0,0.0
2025-02-04 00:00:00-05:00,30.799999237060547,31.469999313354492,30.420000076293945,30.8700008392334,1204900,0.0,0.0
2025-02-05 00:00:00-05:00,30.93000030517578,31.6299991607666,29.770000457763672,29.790000915527344,910000,0.0,0.0
2025-02-06 00:00:00-05:00,30.15999984741211,31.25,29.43000030517578,30.139999389648438,916800,0.0,0.0
2025-02-07 00:00:00-05:00,31.100000381469727,32.61000061035156,29.530000686645508,29.809999465942383,1321200,0.0,0.0
2025-02-10 00:00:00-05:00,30.299999237060547,30.450000762939453,29.469999313354492,29.75,633800,0.0,0.0
2025-02-11 00:00:00-05:00,29.489999771118164,30.149999618530273,28.649999618530273,28.709999084472656,852300,0.0,0.0
2025-02-12 00:00:00-05:00,28.149999618530273,29.25,27.84000015258789,29.030000686645508,635000,0.0,0.0
2025-02-13 00:00:00-05:00,29.020000457763672,29.200000762939453,28.100000381469727,29.030000686645508,957200,0.0,0.0
2025-02-14 00:00:00-05:00,29.030000686645508,29.579999923706055,28.790000915527344,29.030000686645508,968800,0.0,0.0
2025-02-18 00:00:00-05:00,28.989999771118164,29.489999771118164,27.690000534057617,28.059999465942383,955500,0.0,0.0
2025-02-19 00:00:00-05:00,28.229999542236328,29.200000762939453,27.969999313354492,28.06999969482422,898400,0.0,0.0
2025-02-20 00:00:00-05:00,28.5,28.5,26.920000076293945,27.68000030517578,672500,0.0,0.0
2025-02-21 00:00:00-05:00,28.030000686645508,28.799999237060547,25.299999237060547,25.5,1787400,0.0,0.0
2025-02-24 00:00:00-05:00,25.549999237060547,25.559999465942383,22.920000076293945,23.649999618530273,1804300,0.0,0.0
2025-02-25 00:00:00-05:00,22.700000762939453,22.700000762939453,19.59000015258789,21.270000457763672,2136500,0.0,0.0
2025-02-26 00:00:00-05:00,21.260000228881836,22.309999465942383,20.68000030517578,21.360000610351562,1568300,0.0,0.0
2025-02-27 00:00:00-05:00,22.280000686645508,23.299999237060547,20.809999465942383,20.809999465942383,1610900,0.0,0.0
2025-02-28 00:00:00-05:00,20.280000686645508,22.100000381469727,20.020000457763672,21.329999923706055,1754600,0.0,0.0
2025-03-03 00:00:00-05:00,23.920000076293945,25.139999389648438,20.360000610351562,20.399999618530273,2331500,0.0,0.0
2025-03-04 00:00:00-05:00,19.270000457763672,20.959999084472656,18.719999313354492,20.299999237060547,1714700,0.0,0.0
2025-03-05 00:00:00-05:00,20.760000228881836,21.43000030517578,20.139999389648438,21.40999984741211,1660900,0.0,0.0
2025-03-06 00:00:00-05:00,20.639999389648438,20.639999389648438,18.895000457763672,19.18000030517578,1657800,0.0,0.0
2025-03-07 00:00:00-05:00,19.06999969482422,19.6200008392334,18.09000015258789,19.399999618530273,1987600,0.0,0.0
2025-03-10 00:00:00-04:00,18.34000015258789,18.6200008392334,15.9399995803833,16.549999237060547,1997800,0.0,0.0
2025-03-11 00:00:00-04:00,16.700000762939453,17.43000030517578,16.020000457763672,17.079999923706055,1945700,0.0,0.0
2025-03-12 00:00:00-04:00,17.770000457763672,17.899999618530273,16.700000762939453,17.459999084472656,1785200,0.0,0.0
2025-03-13 00:00:00-04:00,17.520000457763672,17.579999923706055,16.549999237060547,16.899999618530273,1172900,0.0,0.0
2025-03-14 00:00:00-04:00,17.25,18.299999237060547,17.25,18.110000610351562,1711600,0.0,0.0
2025-03-17 00:00:00-04:00,17.799999237060547,18.760000228881836,17.479999542236328,18.489999771118164,1361300,0.0,0.0
2025-03-18 00:00:00-04:00,18.079999923706055,18.100000381469727,17.229999542236328,17.280000686645508,1325500,0.0,0.0
2025-03-19 00:00:00-04:00,17.600000381469727,18.959999084472656,17.530000686645508,18.540000915527344,2116800,0.0,0.0
2025-03-20 00:00:00-04:00,18.049999237060547,19.280000686645508,18.049999237060547,18.489999771118164,1586600,0.0,0.0
2025-03-21 00:00:00-04:00,18.010000228881836,18.510000228881836,17.770000457763672,18.510000228881836,1422800,0.0,0.0
2025-03-24 00:00:00-04:00,19.200000762939453,20.06999969482422,19.100000381469727,19.979999542236328,1475700,0.0,0.0
2025-03-25 00:00:00-04:00,19.950000762939453,19.950000762939453,19.100000381469727,19.520000457763672,1018500,0.0,0.0
2025-03-26 00:00:00-04:00,19.350000381469727,19.59000015258789,18.270000457763672,18.479999542236328,1016000,0.0,0.0
2025-03-27 00:00:00-04:00,18.1299991607666,18.270000457763672,17.6299991607666,17.84000015258789,737700,0.0,0.0
2025-03-28 00:00:00-04:00,17.5,17.639999389648438,16.68000030517578,16.790000915527344,896600,0.0,0.0
2025-03-31 00:00:00-04:00,17.56999969482422,17.899999618530273,16.5,16.719999313354492,1335500,0.0,0.0
2025-04-01 00:00:00-04:00,17.100000381469727,19.079999923706055,16.040000915527344,19.06999969482422,1635400,0.0,0.0
2025-04-02 00:00:00-04:00,18.59000015258789,19.520000457763672,18.31999969482422,19.170000076293945,1482000,0.0,0.0
2025-04-03 00:00:00-04:00,16.739999771118164,17.290000915527344,16.280000686645508,16.770000457763672,1546500,0.0,0.0
2025-04-04 00:00:00-04:00,16.360000610351562,16.5,14.279999732971191,16.18000030517578,1771000,0.0,0.0
2025-04-07 00:00:00-04:00,14.34000015258789,17.729999542236328,14.34000015258789,16.280000686645508,1727100,0.0,0.0
2025-04-08 00:00:00-04:00,17.200000762939453,17.440000534057617,15.34000015258789,15.8100004196167,1590400,0.0,0.0
2025-04-09 00:00:00-04:00,15.600000381469727,18.360000610351562,14.960000038146973,17.790000915527344,2795900,0.0,0.0
2025-04-10 00:00:00-04:00,17.190000534057617,17.190000534057617,16.049999237060547,16.399999618530273,2395200,0.0,0.0
2025-04-11 00:00:00-04:00,16.510000228881836,17.09000015258789,16.1299991607666,16.8700008392334,1615200,0.0,0.0
2025-04-14 00:00:00-04:00,17.68000030517578,17.93000030517578,16.579999923706055,16.770000457763672,1716900,0.0,0.0
2025-04-15 00:00:00-04:00,16.850000381469727,16.850000381469727,15.600000381469727,15.960000038146973,1150300,0.0,0.0
2025-04-16 00:00:00-04:00,15.489999771118164,15.869999885559082,15.079999923706055,15.359999656677246,1165300,0.0,0.0
2025-04-17 00:00:00-04:00,15.300000190734863,15.600000381469727,14.720000267028809,15.489999771118164,1055000,0.0,0.0
2025-04-21 00:00:00-04:00,15.479999542236328,15.779999732971191,14.6899995803833,14.710000038146973,1107800,0.0,0.0
2025-04-22 00:00:00-04:00,15.15999984741211,16.510000228881836,15.15999984741211,16.299999237060547,2389200,0.0,0.0
2025-04-23 00:00:00-04:00,17.6299991607666,17.729999542236328,16.6299991607666,17.020000457763672,1963500,0.0,0.0
2025-04-24 00:00:00-04:00,16.889999389648438,18.149999618530273,16.729999542236328,17.8700008392334,1436300,0.0,0.0
2025-04-25 00:00:00-04:00,18.200000762939453,18.940000534057617,17.829999923706055,18.579999923706055,1355300,0.0,0.0
2025-04-28 00:00:00-04:00,18.940000534057617,19.0,17.469999313354492,18.1200008392334,1206600,0.0,0.0
2025-04-29 00:00:00-04:00,17.8700008392334,18.209999084472656,17.690000534057617,18.09000015258789,671000,0.0,0.0
2025-04-30 00:00:00-04:00,17.139999389648438,17.219999313354492,16.440000534057617,16.979999542236328,1314300,0.0,0.0
2025-05-01 00:00:00-04:00,17.690000534057617,18.969999313354492,17.600000381469727,18.68000030517578,2315500,0.0,0.0
2025-05-02 00:00:00-04:00,18.8799991607666,19.65999984741211,18.59000015258789,19.06999969482422,1854100,0.0,0.0
2025-05-05 00:00:00-04:00,18.420000076293945,18.420000076293945,17.5,17.610000610351562,1015800,0.0,0.0
2025-05-06 00:00:00-04:00,17.18000030517578,17.670000076293945,16.8799991607666,17.559999465942383,937000,0.0,0.0
2025-05-07 00:00:00-04:00,17.84000015258789,17.989999771118164,17.219999313354492,17.450000762939453,1273900,0.0,0.0
2025-05-08 00:00:00-04:00,17.84000015258789,20.549999237060547,17.84000015258789,19.719999313354492,2255300,0.0,0.0
2025-05-09 00:00:00-04:00,19.989999771118164,20.690000534057617,18.809999465942383,19.350000381469727,1803100,0.0,0.0
2025-05-12 00:00:00-04:00,20.989999771118164,22.799999237060547,20.950000762939453,21.690000534057617,2317500,0.0,0.0
2025-05-13 00:00:00-04:00,22.639999389648438,23.18000030517578,21.829999923706055,23.010000228881836,1874800,0.0,0.0
2025-05-14 00:00:00-04:00,23.1299991607666,23.600000381469727,22.420000076293945,22.549999237060547,1677600,0.0,0.0
2025-05-15 00:00:00-04:00,21.989999771118164,22.100000381469727,21.049999237060547,21.739999771118164,1089300,0.0,0.0
2025-05-16 00:00:00-04:00,21.809999465942383,24.40999984741211,21.790000915527344,23.950000762939453,2141100,0.0,0.0
2025-05-20 00:00:00-04:00,24.1200008392334,24.1200008392334,22.829999923706055,23.420000076293945,1862000,0.0,0.0
2025-05-21 00:00:00-04:00,23.040000915527344,24.649999618530273,22.170000076293945,22.690000534057617,2053500,0.0,0.0
2025-05-22 00:00:00-04:00,23.549999237060547,24.200000762939453,23.030000686645508,23.709999084472656,2626000,0.0,0.0
2025-05-23 00:00:00-04:00,22.790000915527344,23.31999969482422,22.350000381469727,22.850000381469727,1525800,0.0,0.0
2025-05-26 00:00:00-04:00,23.200000762939453,23.399999618530273,23.1200008392334,23.270000457763672,245100,0.0,0.0
2025-05-27 00:00:00-04:00,23.829999923706055,23.899999618530273,22.780000686645508,23.34000015258789,1278900,0.0,0.0
2025-05-28 00:00:00-04:00,23.149999618530273,23.280000686645508,21.43000030517578,21.520000457763672,1208900,0.0,0.0
2025-05-29 00:00:00-04:00,21.889999389648438,22.020000457763672,21.139999389648438,21.219999313354492,927900,0.0,0.0
2025-05-30 00:00:00-04:00,20.860000610351562,21.209999084472656,20.350000381469727,20.899999618530273,1122800,0.0,0.0
2025-06-02 00:00:00-04:00,20.5,21.350000381469727,20.5,20.829999923706055,905100,0.0,0.0
2025-06-03 00:00:00-04:00,21.260000228881836,22.239999771118164,21.170000076293945,22.059999465942383,1491800,0.0,0.0
2025-06-04 00:00:00-04:00,21.799999237060547,23.389999389648438,21.649999618530273,23.290000915527344,1459000,0.0,0.0
2025-06-05 00:00:00-04:00,23.5,23.600000381469727,21.940000534057617,22.309999465942383,1652700,0.0,0.0
2025-06-06 00:00:00-04:00,23.040000915527344,25.770000457763672,23.010000228881836,25.40999984741211,2615100,0.0,0.0
2025-06-09 00:00:00-04:00,26.639999389648438,26.639999389648438,24.969999313354492,25.399999618530273,1454200,0.0,0.0
2025-06-10 00:00:00-04:00,25.649999618530273,25.84000015258789,24.860000610351562,25.360000610351562,1334500,0.0,0.0
2025-06-11 00:00:00-04:00,25.3700008392334,25.719999313354492,24.90999984741211,25.290000915527344,1338700,0.0,0.0
2025-06-12 00:00:00-04:00,24.579999923706055,25.75,24.31999969482422,25.0,1047000,0.0,0.0
2025-06-13 00:00:00-04:00,24.100000381469727,24.889999389648438,23.579999923706055,23.75,1290200,0.0,0.0
2025-06-16 00:00:00-04:00,24.31999969482422,25.229999542236328,23.850000381469727,25.049999237060547,1170400,0.0,0.0
2025-06-17 00:00:00-04:00,24.510000228881836,24.540000915527344,22.850000381469727,23.190000534057617,1424300,0.0,0.0
2025-06-18 00:00:00-04:00,22.8799991607666,23.670000076293945,22.770000457763672,23.329999923706055,1232600,0.0,0.0
2025-06-19 00:00:00-04:00,23.329999923706055,23.440000534057617,22.950000762939453,23.350000381469727,280100,0.0,0.0
2025-06-20 00:00:00-04:00,23.860000610351562,24.100000381469727,22.670000076293945,23.020000457763672,1185800,0.0,0.0
2025-06-23 00:00:00-04:00,22.1200008392334,22.700000762939453,21.030000686645508,21.829999923706055,1607400,0.0,0.0
2025-06-24 00:00:00-04:00,22.43000030517578,23.690000534057617,22.3799991607666,23.649999618530273,1347900,0.0,0.0
2025-06-25 00:00:00-04:00,24.200000762939453,25.280000686645508,23.899999618530273,23.940000534057617,1509300,0.0,0.0
2025-06-26 00:00:00-04:00,23.540000915527344,25.729999542236328,23.25,25.489999771118164,1792200,0.0,0.0
2025-06-27 00:00:00-04:00,25.209999084472656,25.299999237060547,23.90999984741211,24.190000534057617,1691200,0.0,0.0
2025-06-30 00:00:00-04:00,24.59000015258789,25.6200008392334,24.420000076293945,25.3700008392334,1485300,0.0,0.0
2025-07-02 00:00:00-04:00,26.0,29.389999389648438,26.0,28.639999389648438,2893100,0.0,0.0
2025-07-03 00:00:00-04:00,28.75,30.299999237060547,28.709999084472656,29.850000381469727,1612800,0.0,0.0
2025-07-04 00:00:00-04:00,29.649999618530273,29.739999771118164,29.1299991607666,29.25,315100,0.0,0.0
2025-07-07 00:00:00-04:00,29.5,29.600000381469727,27.350000381469727,28.969999313354492,1729300,0.0,0.0
2025-07-08 00:00:00-04:00,29.809999465942383,30.649999618530273,28.3799991607666,28.56999969482422,1497600,0.0,0.0
2025-07-09 00:00:00-04:00,28.959999084472656,29.40999984741211,27.459999084472656,29.100000381469727,1020600,0.0,0.0
2025-07-10 00:00:00-04:00,28.850000381469727,30.579999923706055,28.600000381469727,30.149999618530273,1661200,0.0,0.0
2025-07-11 00:00:00-04:00,31.059999465942383,31.190000534057617,29.549999237060547,29.84000015258789,1516100,0.0,0.0
2025-07-14 00:00:00-04:00,30.5,32.25,29.940000534057617,30.290000915527344,1712100,0.0,0.0
2025-07-15 00:00:00-04:00,29.950000762939453,30.149999618530273,29.18000030517578,29.56999969482422,1428700,0.0,0.0
2025-07-16 00:00:00-04:00,30.219999313354492,31.260000228881836,30.059999465942383,30.440000534057617,1641400,0.0,0.0
2025-07-17 00:00:00-04:00,29.940000534057617,30.809999465942383,29.600000381469727,30.40999984741211,1229800,0.0,0.0
2025-07-18 00:00:00-04:00,30.43000030517578,30.979999542236328,28.719999313354492,29.670000076293945,1624300,0.0,0.0
2025-07-21 00:00:00-04:00,29.729999542236328,31.200000762939453,29.020000457763672,29.229999542236328,1907600,0.0,0.0
2025-07-22 00:00:00-04:00,29.780000686645508,29.780000686645508,27.8700008392334,29.110000610351562,1270200,0.0,0.0
2025-07-23 00:00:00-04:00,29.079999923706055,29.700000762939453,28.31999969482422,29.399999618530273,1150000,0.0,0.0
2025-07-24 00:00:00-04:00,29.059999465942383,29.579999923706055,28.729999542236328,28.860000610351562,1276000,0.0,0.0
2025-07-25 00:00:00-04:00,28.510000228881836,28.540000915527344,27.389999389648438,27.93000030517578,1217600,0.0,0.0
2025-07-28 00:00:00-04:00,28.559999465942383,28.739999771118164,27.649999618530273,27.93000030517578,669500,0.0,0.0
2025-07-29 00:00:00-04:00,28.0,28.299999237060547,26.530000686645508,27.149999618530273,800300,0.0,0.0
2025-07-30 00:00:00-04:00,26.760000228881836,27.6200008392334,26.760000228881836,27.43000030517578,1007200,0.0,0.0
2025-07-31 00:00:00-04:00,27.649999618530273,30.389999389648438,27.649999618530273,29.43000030517578,2757300,0.0,0.0
2025-08-01 00:00:00-04:00,27.790000915527344,27.950000762939453,26.31999969482422,27.299999237060547,1596600,0.0,0.0
2025-08-05 00:00:00-04:00,28.59000015258789,28.770000457763672,27.469999313354492,27.940000534057617,1124600,0.0,0.0
2025-08-06 00:00:00-04:00,27.950000762939453,28.450000762939453,27.469999313354492,28.440000534057617,1219200,0.0,0.0
2025-08-07 00:00:00-04:00,29.100000381469727,29.81999969482422,26.469999313354492,27.510000228881836,1580600,0.0,0.0
2025-08-08 00:00:00-04:00,27.510000228881836,27.739999771118164,25.68000030517578,26.770000457763672,1372400,0.0,0.0
2025-08-11 00:00:00-04:00,27.329999923706055,29.350000381469727,27.170000076293945,28.350000381469727,2036400,0.0,0.0
2025-08-12 00:00:00-04:00,28.600000381469727,29.78499984741211,28.1299991607666,29.709999084472656,1237300,0.0,0.0
2025-08-13 00:00:00-04:00,30.1200008392334,30.899999618530273,29.850000381469727,30.780000686645508,1378200,0.0,0.0
2025-08-14 00:00:00-04:00,29.350000381469727,32.90999984741211,29.350000381469727,32.880001068115234,2232000,0.0,0.0
2025-08-15 00:00:00-04:00,32.959999084472656,33.0,31.459999084472656,32.22999954223633,1477800,0.0,0.0
2025-08-18 00:00:00-04:00,31.709999084472656,34.209999084472656,31.1299991607666,33.720001220703125,1747600,0.0,0.0
2025-08-19 00:00:00-04:00,33.56999969482422,33.79999923706055,29.860000610351562,30.450000762939453,1639600,0.0,0.0
2025-08-20 00:00:00-04:00,30.790000915527344,30.959999084472656,28.709999084472656,30.950000762939453,1573700,0.0,0.0
2025-08-21 00:00:00-04:00,30.5,30.610000610351562,29.309999465942383,29.709999084472656,1555000,0.0,0.0
2025-08-22 00:00:00-04:00,29.799999237060547,32.4900016784668,29.25,32.290000915527344,2171400,0.0,0.0
2025-08-25 00:00:00-04:00,31.31999969482422,32.72999954223633,30.270000457763672,32.4900016784668,1142900,0.0,0.0
2025-08-26 00:00:00-04:00,32.209999084472656,36.45000076293945,32.16999816894531,35.84000015258789,2196100,0.0,0.0
2025-08-27 00:00:00-04:00,36.0099983215332,37.779998779296875,35.470001220703125,36.369998931884766,1911200,0.0,0.0
2025-08-28 00:00:00-04:00,37.310001373291016,37.470001220703125,36.2400016784668,36.47999954223633,1407900,0.0,0.0
2025-08-29 00:00:00-04:00,36.470001220703125,37.25,35.79999923706055,36.689998626708984,1361300,0.0,0.0
2025-09-02 00:00:00-04:00,35.52000045776367,37.91999816894531,34.29499816894531,37.75,1479200,0.0,0.0
2025-09-03 00:00:00-04:00,38.29999923706055,39.45000076293945,36.29999923706055,38.189998626708984,2699100,0.0,0.0
2025-09-04 00:00:00-04:00,37.95000076293945,38.38999938964844,35.310001373291016,35.40999984741211,1584700,0.0,0.0
2025-09-05 00:00:00-04:00,36.36000061035156,37.4900016784668,33.5,35.150001525878906,1290800,0.0,0.0
2025-09-08 00:00:00-04:00,35.279998779296875,36.15999984741211,35.16999816894531,35.220001220703125,1205900,0.0,0.0
2025-09-09 00:00:00-04:00,36.630001068115234,40.650001525878906,36.08000183105469,40.58000183105469,3016000,0.0,0.0
2025-09-10 00:00:00-04:00,41.97999954223633,44.16999816894531,41.29999923706055,42.93000030517578,2133500,0.0,0.0
2025-09-11 00:00:00-04:00,43.13999938964844,44.58000183105469,42.540000915527344,44.189998626708984,1956600,0.0,0.0
2025-09-12 00:00:00-04:00,44.459999084472656,45.41999816894531,44.099998474121094,44.91999816894531,1650400,0.0,0.0
2025-09-15 00:00:00-04:00,45.5,47.099998474121094,44.79999923706055,47.08000183105469,1822700,0.0,0.0
2025-09-16 00:00:00-04:00,47.38999938964844,48.97999954223633,46.45000076293945,48.150001525878906,1636900,0.0,0.0
2025-09-17 00:00:00-04:00,46.900001525878906,52.79999923706055,46.52000045776367,52.040000915527344,2593300,0.0,0.0
2025-09-18 00:00:00-04:00,52.93000030517578,54.45000076293945,51.540000915527344,51.58000183105469,2096000,0.0,0.0
2025-09-19 00:00:00-04:00,50.720001220703125,51.9900016784668,49.099998474121094,49.88999938964844,1553100,0.0,0.0
2025-09-22 00:00:00-04:00,49.08000183105469,52.959999084472656,47.43000030517578,52.33000183105469,1483800,0.0,0.0
2025-09-23 00:00:00-04:00,52.939998626708984,53.900001525878906,48.58000183105469,49.02000045776367,1562400,0.0,0.0
2025-09-24 00:00:00-04:00,50.0,52.959999084472656,49.599998474121094,52.619998931884766,1688600,0.0,0.0
2025-09-25 00:00:00-04:00,50.04999923706055,51.06999969482422,46.97999954223633,48.630001068115234,1855300,0.0,0.0
2025-09-26 00:00:00-04:00,48.650001525878906,48.75,45.04999923706055,46.209999084472656,1049400,0.0,0.0
2025-09-29 00:00:00-04:00,47.31999969482422,49.400001525878906,47.290000915527344,48.5,1290900,0.0,0.0
2025-09-30 00:00:00-04:00,48.099998474121094,48.81999969482422,47.20000076293945,48.43000030517578,741100,0.0,0.0
2025-10-01 00:00:00-04:00,48.93000030517578,52.2400016784668,48.150001525878906,50.95000076293945,1524900,0.0,0.0
2025-10-02 00:00:00-04:00,52.04999923706055,54.810001373291016,51.2599983215332,54.52000045776367,1560700,0.0,0.0
2025-10-03 00:00:00-04:00,55.2400016784668,58.06999969482422,54.349998474121094,55.95000076293945,1672500,0.0,0.0
2025-10-06 00:00:00-04:00,58.130001068115234,59.15999984741211,57.189998626708984,57.779998779296875,1747000,0.0,0.0
2025-10-07 00:00:00-04:00,59.0,60.5099983215332,54.29999923706055,58.22999954223633,1534600,0.0,0.0
2025-10-08 00:00:00-04:00,58.88999938964844,63.13999938964844,58.720001220703125,62.279998779296875,2082200,0.0,0.0
2025-10-09 00:00:00-04:00,62.0,65.33000183105469,60.880001068115234,65.06999969482422,1267500,0.0,0.0
2025-10-10 00:00:00-04:00,68.66999816894531,71.79000091552734,60.08000183105469,61.0,2266500,0.0,0.0
2025-10-14 00:00:00-04:00,64.95999908447266,73.47000122070312,61.0,70.19000244140625,2430100,0.0,0.0
2025-10-15 00:00:00-04:00,74.77999877929688,80.37999725341797,73.0199966430664,75.66999816894531,2636100,0.0,0.0
2025-10-16 00:00:00-04:00,76.19999694824219,76.30000305175781,68.41000366210938,68.5999984741211,1573900,0.0,0.0
2025-10-17 00:00:00-04:00,64.66999816894531,68.3499984741211,63.65999984741211,67.91000366210938,1578000,0.0,0.0
2025-10-20 00:00:00-04:00,73.0,73.31999969482422,68.16000366210938,69.98999786376953,1376700,0.0,0.0
2025-10-21 00:00:00-04:00,68.4800033569336,68.75,64.0199966430664,65.79000091552734,1218900,0.0,0.0
2025-10-22 00:00:00-04:00,64.0,65.19999694824219,50.68000030517578,54.2599983215332,2188900,0.0,0.0
2025-10-23 00:00:00-04:00,54.130001068115234,58.41999816894531,53.529998779296875,56.83000183105469,1159200,0.0,0.0
2025-10-24 00:00:00-04:00,60.849998474121094,67.19999694824219,58.58000183105469,66.7300033569336,1776400,0.0,0.0
2025-10-27 00:00:00-04:00,68.44999694824219,70.68000030517578,66.80000305175781,69.63999938964844,1452500,0.0,0.0
2025-10-28 00:00:00-04:00,70.73999786376953,76.41999816894531,69.11000061035156,70.01000213623047,1670500,0.0,0.0
2025-10-29 00:00:00-04:00,70.77999877929688,74.5,68.2300033569336,72.37999725341797,1607400,0.0,0.0
2025-10-30 00:00:00-04:00,68.1500015258789,71.41000366210938,66.62999725341797,68.0,1297100,0.0,0.0
2025-10-31 00:00:00-04:00,70.80999755859375,73.9000015258789,67.7300033569336,71.04000091552734,1658600,0.0,0.0
2025-11-03 00:00:00-05:00,76.0,78.0,71.16999816894531,77.37000274658203,2271600,0.0,0.0
2025-11-04 00:00:00-05:00,70.19999694824219,75.80000305175781,63.5,67.87000274658203,2520300,0.0,0.0
2025-11-05 00:00:00-05:00,70.80000305175781,72.55000305175781,66.19999694824219,66.23999786376953,1874600,0.0,0.0
2025-11-06 00:00:00-05:00,65.47000122070312,65.58999633789062,59.959999084472656,61.209999084472656,1227900,0.0,0.0
2025-11-07 00:00:00-05:00,58.0,63.41999816894531,56.5,62.619998931884766,1678500,0.0,0.0
2025-11-10 00:00:00-05:00,65.73999786376953,68.27999877929688,62.77000045776367,66.05000305175781,1538800,0.0,0.0
2025-11-11 00:00:00-05:00,64.37000274658203,65.0,59.119998931884766,61.4900016784668,1342400,0.0,0.0
2025-11-12 00:00:00-05:00,62.66999816894531,64.0999984741211,55.88999938964844,58.470001220703125,1380200,0.0,0.0
2025-11-13 00:00:00-05:00,55.70000076293945,57.93000030517578,50.150001525878906,50.529998779296875,1757600,0.0,0.0
2025-11-14 00:00:00-05:00,46.9900016784668,55.97999954223633,46.72999954223633,51.66999816894531,2360500,0.0,0.0
2025-11-17 00:00:00-05:00,50.77000045776367,54.79999923706055,50.0,52.959999084472656,1341300,0.0,0.0
2025-11-18 00:00:00-05:00,51.560001373291016,55.75,51.560001373291016,54.09000015258789,1985000,0.0,0.0
2025-11-19 00:00:00-05:00,54.33000183105469,55.9900016784668,51.619998931884766,52.75,1282400,0.0,0.0
2025-11-20 00:00:00-05:00,55.22999954223633,57.75,47.09000015258789,47.59000015258789,2163900,0.0,0.0
2025-11-21 00:00:00-05:00,46.25,49.40999984741211,44.81999969482422,48.349998474121094,1672100,0.0,0.0
2025-11-24 00:00:00-05:00,49.31999969482422,55.61000061035156,49.23500061035156,55.349998474121094,1603200,0.0,0.0
2025-11-25 00:00:00-05:00,54.0,56.619998931884766,51.959999084472656,56.33000183105469,1391400,0.0,0.0
2025-11-26 00:00:00-05:00,56.540000915527344,59.83000183105469,55.849998474121094,59.5099983215332,1579800,0.0,0.0
2025-11-27 00:00:00-05:00,59.47999954223633,62.619998931884766,59.47999954223633,61.65999984741211,815000,0.0,0.0
2025-11-28 00:00:00-05:00,61.9900016784668,63.540000915527344,60.11000061035156,63.16999816894531,1111300,0.0,0.0
2025-12-01 00:00:00-05:00,58.77000045776367,61.880001068115234,57.849998474121094,60.970001220703125,1360200,0.0,0.0
2025-12-02 00:00:00-05:00,62.209999084472656,63.5,51.7599983215332,52.63999938964844,2048200,0.0,0.0
2025-12-03 00:00:00-05:00,53.0,56.209999084472656,51.560001373291016,55.81999969482422,1341800,0.0,0.0
2025-12-04 00:00:00-05:00,55.029998779296875,60.0,54.369998931884766,59.7400016784668,1398100,0.0,0.0
2025-12-05 00:00:00-05:00,58.189998626708984,59.20000076293945,56.84000015258789,58.68000030517578,1192800,0.0,0.0
2025-12-08 00:00:00-05:00,59.310001373291016,59.91999816894531,57.599998474121094,59.470001220703125,1067200,0.0,0.0
2025-12-09 00:00:00-05:00,58.709999084472656,63.689998626708984,58.08000183105469,62.20000076293945,1474800,0.0,0.0
2025-12-10 00:00:00-05:00,61.70000076293945,65.04000091552734,60.400001525878906,63.5,1730500,0.0,0.0
2025-12-11 00:00:00-05:00,61.54999923706055,64.44000244140625,58.9900016784668,64.38999938964844,1667500,0.0,0.0
2025-12-12 00:00:00-05:00,63.400001525878906,64.30999755859375,56.47999954223633,56.86000061035156,2048900,0.0,0.0
2025-12-15 00:00:00-05:00,56.290000915527344,56.36000061035156,47.95000076293945,48.810001373291016,1525000,0.0,0.0
2025-12-16 00:00:00-05:00,48.09000015258789,51.0,46.9900016784668,50.66999816894531,1213000,0.0,0.0
2025-12-17 00:00:00-05:00,57.34000015258789,61.5099983215332,54.81999969482422,55.36000061035156,2631100,0.0,0.0
2025-12-18 00:00:00-05:00,59.0,62.79999923706055,52.83000183105469,53.18000030517578,1926400,0.0,0.0
2025-12-19 00:00:00-05:00,55.29999923706055,61.40999984741211,55.29999923706055,60.41999816894531,2224300,0.0,0.0
2025-12-22 00:00:00-05:00,62.84000015258789,72.27999877929688,62.130001068115234,69.43000030517578,2106000,0.0,0.0
2025-12-23 00:00:00-05:00,66.66000366210938,73.8499984741211,66.20999908447266,71.87000274658203,1524600,0.0,0.0
2025-12-24 00:00:00-05:00,71.41000366210938,73.5999984741211,70.58999633789062,72.30999755859375,633900,0.0,0.0
2025-12-29 00:00:00-05:00,68.13999938964844,71.0199966430664,66.5999984741211,66.86000061035156,728400,0.0,0.0
2025-12-30 00:00:00-05:00,67.1500015258789,67.18000030517578,63.33000183105469,63.47999954223633,645200,0.0,0.0
2025-12-31 00:00:00-05:00,63.79999923706055,66.0,62.380001068115234,63.119998931884766,475600,0.0,0.0
2026-01-02 00:00:00-05:00,65.47000122070312,72.18000030517578,64.4800033569336,70.38999938964844,1304300,0.0,0.0
2026-01-05 00:00:00-05:00,72.9800033569336,82.19999694824219,72.87999725341797,80.1500015258789,1862200,0.0,0.0
2026-01-06 00:00:00-05:00,80.0,83.125,77.66000366210938,80.62999725341797,1217400,0.0,0.0
2026-01-07 00:00:00-05:00,79.19999694824219,82.81999969482422,78.08999633789062,80.16999816894531,1103200,0.0,0.0
2026-01-08 00:00:00-05:00,80.62999725341797,83.05000305175781,79.0,80.3499984741211,1366800,0.0,0.0
2026-01-09 00:00:00-05:00,82.58000183105469,87.0,81.80000305175781,83.55000305175781,1435800,0.0,0.0
2026-01-12 00:00:00-05:00,82.25,85.5999984741211,81.56999969482422,84.76000213623047,1251100,0.0,0.0
2026-01-13 00:00:00-05:00,84.80000305175781,87.30999755859375,83.5,85.38999938964844,1472500,0.0,0.0
2026-01-14 00:00:00-05:00,85.58000183105469,87.22000122070312,79.81999969482422,81.08999633789062,1529100,0.0,0.0
2026-01-15 00:00:00-05:00,82.1500015258789,82.31999969482422,77.47000122070312,79.54000091552734,858000,0.0,0.0
2026-01-16 00:00:00-05:00,79.5,84.37000274658203,76.18000030517578,82.98999786376953,1148300,0.0,0.0
2026-01-19 00:00:00-05:00,79.5,80.9000015258789,79.48999786376953,80.19000244140625,282100,0.0,0.0
2026-01-20 00:00:00-05:00,78.18000030517578,83.0,75.7699966430664,80.62999725341797,1096400,0.0,0.0
2026-01-21 00:00:00-05:00,81.05000305175781,86.25,76.22000122070312,81.48999786376953,1423400,0.0,0.0
2026-01-22 00:00:00-05:00,81.87999725341797,84.0999984741211,75.80999755859375,76.0199966430664,957700,0.0,0.0
2026-01-23 00:00:00-05:00,75.9000015258789,83.19999694824219,73.3499984741211,79.72000122070312,1562200,0.0,0.0
2026-01-26 00:00:00-05:00,80.91999816894531,82.1500015258789,76.4000015258789,77.37000274658203,1228500,0.0,0.0
2026-01-27 00:00:00-05:00,80.0999984741211,84.54000091552734,77.12000274658203,83.94000244140625,1546400,0.0,0.0
2026-01-28 00:00:00-05:00,86.0199966430664,89.33999633789062,83.3499984741211,87.56999969482422,1735200,0.0,0.0
2026-01-29 00:00:00-05:00,86.16000366210938,87.0999984741211,80.5,82.88999938964844,1250700,0.0,0.0
2026-01-30 00:00:00-05:00,81.55000305175781,84.5999984741211,75.69999694824219,76.08999633789062,1235600,0.0,0.0
2026-02-02 00:00:00-05:00,73.5,79.25,73.5,76.76000213623047,1207400,0.0,0.0
2026-02-03 00:00:00-05:00,78.44999694824219,82.30999755859375,76.41000366210938,80.52999877929688,1492400,0.0,0.0
2026-02-04 00:00:00-05:00,78.94999694824219,78.94999694824219,67.6500015258789,73.8499984741211,1612700,0.0,0.0
2026-02-05 00:00:00-05:00,68.80999755859375,69.66000366210938,60.02000045776367,60.869998931884766,1658500,0.0,0.0
2026-02-06 00:00:00-05:00,65.19999694824219,72.5,63.79999923706055,72.43000030517578,1740000,0.0,0.0
2026-02-09 00:00:00-05:00,71.18000030517578,77.66999816894531,71.0,77.11000061035156,1062900,0.0,0.0
2026-02-10 00:00:00-05:00,76.5,77.0,74.05000305175781,74.47000122070312,1131700,0.0,0.0
2026-02-11 00:00:00-05:00,75.5,77.41000366210938,70.52999877929688,72.25,1000300,0.0,0.0
2026-02-12 00:00:00-05:00,72.80000305175781,73.79000091552734,67.62999725341797,69.37000274658203,955500,0.0,0.0
2026-02-13 00:00:00-05:00,69.58000183105469,75.80000305175781,67.66999816894531,73.25,1153000,0.0,0.0
2026-02-17 00:00:00-05:00,71.77999877929688,74.37999725341797,70.08000183105469,72.1500015258789,813300,0.0,0.0
2026-02-18 00:00:00-05:00,72.51000213623047,75.55000305175781,71.22000122070312,73.41000366210938,1060400,0.0,0.0
2026-02-19 00:00:00-05:00,72.91999816894531,75.18000030517578,70.5,75.1500015258789,876900,0.0,0.0
2026-02-20 00:00:00-05:00,74.0,76.81999969482422,72.0,73.5999984741211,1388000,0.0,0.0
2026-02-23 00:00:00-05:00,71.66000366210938,76.19999694824219,71.08999633789062,74.02999877929688,1196200,0.0,0.0
2026-02-24 00:00:00-05:00,73.48999786376953,82.5199966430664,73.0999984741211,81.08999633789062,1393500,0.0,0.0
2026-02-25 00:00:00-05:00,82.25,84.52999877929688,75.16000366210938,75.75,1377400,0.0,0.0
2026-02-26 00:00:00-05:00,75.79000091552734,79.20999908447266,74.11000061035156,74.97000122070312,1014700,0.0,0.0
2026-02-27 00:00:00-05:00,72.97000122070312,73.55000305175781,70.5999984741211,72.5999984741211,978300,0.0,0.0
2026-03-02 00:00:00-05:00,70.05999755859375,77.0,70.05999755859375,72.0999984741211,1174400,0.0,0.0
2026-03-03 00:00:00-05:00,70.13999938964844,70.13999938964844,65.0999984741211,65.0999984741211,941400,0.0,0.0
2026-03-04 00:00:00-05:00,68.5,74.91000366210938,68.0,73.98999786376953,1497600,0.0,0.0
2026-03-05 00:00:00-05:00,73.30000305175781,73.70999908447266,66.69999694824219,70.1500015258789,997800,0.0,0.0
2026-03-06 00:00:00-05:00,67.58999633789062,68.4800033569336,63.560001373291016,63.9900016784668,1059100,0.0,0.0
2026-03-09 00:00:00-04:00,62.970001220703125,66.66000366210938,60.0,66.19000244140625,1166800,0.0,0.0
2026-03-10 00:00:00-04:00,67.06999969482422,69.16999816894531,65.27999877929688,66.79000091552734,970700,0.0,0.0
2026-03-11 00:00:00-04:00,66.81999969482422,71.43000030517578,66.81999969482422,69.43000030517578,981700,0.0,0.0
2026-03-12 00:00:00-04:00,67.73999786376953,67.87000274658203,63.90999984741211,66.19999694824219,1023300,0.0,0.0
2026-03-13 00:00:00-04:00,68.19000244140625,70.98999786376953,65.87999725341797,66.27999877929688,1012900,0.0,0.0
2026-03-16 00:00:00-04:00,69.25,70.88999938964844,68.36000061035156,70.08000183105469,1137500,0.0,0.0
2026-03-17 00:00:00-04:00,69.70999908447266,72.25,69.63999938964844,70.97000122070312,848300,0.0,0.0
2026-03-18 00:00:00-04:00,69.97000122070312,70.97000122070312,66.97000122070312,67.7699966430664,867500,0.0,0.0
2026-03-19 00:00:00-04:00,65.19000244140625,69.91999816894531,64.12000274658203,68.87000274658203,851600,0.0,0.0
2026-03-20 00:00:00-04:00,68.68000030517578,70.12000274658203,63.97999954223633,65.16000366210938,842800,0.0,0.0
2026-03-23 00:00:00-04:00,67.44999694824219,73.25,67.37999725341797,72.68000030517578,1331908,0.0,0.0
