Date,Open,High,Low,Close,Volume,Dividends,Stock Splits
2022-01-03 00:00:00-05:00,42.0429559424016,42.809266768300034,41.58884702632962,41.89158630371094,360300,0.0,0.0
2022-01-04 00:00:00-05:00,42.44977166049047,44.00131169327726,42.44977166049047,43.925628662109375,464900,0.0,0.0
2022-01-05 00:00:00-05:00,43.6985622033374,44.58786197338173,42.47814609100282,42.601131439208984,396300,0.0,0.0
2022-01-06 00:00:00-05:00,42.90388096082415,44.2567489857749,42.90388096082415,43.68911361694336,405900,0.0,0.0
2022-01-07 00:00:00-05:00,43.49042849247209,44.15266835355708,42.922789685766496,42.989013671875,458000,0.0,0.0
2022-01-10 00:00:00-05:00,43.121476274059766,43.62288761387151,42.6673636690581,43.509361267089844,475500,0.0,0.0
2022-01-11 00:00:00-05:00,43.76479111802381,44.26620602636304,42.69574452152279,43.821556091308594,315500,0.0,0.0
2022-01-12 00:00:00-05:00,44.17160486399319,44.65409819241402,43.39583481529479,43.745880126953125,354500,0.0,0.0
2022-01-13 00:00:00-05:00,43.98239477355777,44.92845614558671,43.92562979201845,44.266212463378906,351000,0.0,0.0
2022-01-14 00:00:00-05:00,43.509362968341925,44.256748690226935,43.509362968341925,43.925628662109375,538400,0.0,0.0
2022-01-18 00:00:00-05:00,43.55666134250252,44.247285630275854,43.16877636967264,44.02022933959961,856700,0.0,0.0
2022-01-19 00:00:00-05:00,43.887781068460946,43.99184838400361,41.35233661481845,41.58885192871094,607000,0.0,0.0
2022-01-20 00:00:00-05:00,41.61723700418202,42.440309301525375,40.09407777660061,40.235984802246094,555000,0.0,0.0
2022-01-21 00:00:00-05:00,40.150839975771625,40.850926920525296,39.18585702383747,39.52643966674805,729900,0.0,0.0
2022-01-24 00:00:00-05:00,38.78850911033862,39.82917498435825,37.54916764198607,39.71564865112305,979200,0.0,0.0
2022-01-25 00:00:00-05:00,38.93987552958595,40.43465383050608,37.46401888412596,39.9332389831543,820300,0.0,0.0
2022-01-26 00:00:00-05:00,40.718476630840556,42.156490148539824,39.63050476139671,40.226524353027344,1076700,0.0,0.0
2022-01-27 00:00:00-05:00,40.86037996984527,41.333410547167134,38.50468971578705,39.20477294921875,601200,0.0,0.0
2022-01-28 00:00:00-05:00,39.100712658033295,39.100712658033295,37.123444528318835,38.93988037109375,777400,0.0,0.0
2022-01-31 00:00:00-05:00,38.400623024420916,39.49805383697089,37.719457827342666,39.46967315673828,518400,0.0,0.0
2022-02-01 00:00:00-05:00,39.67780946825021,40.90769204061017,39.01556944797938,40.76578140258789,408600,0.0,0.0
2022-02-02 00:00:00-05:00,40.44411817755541,41.134742452544124,39.60212424789708,40.03731155395508,467300,0.0,0.0
2022-02-03 00:00:00-05:00,39.85755629471363,40.59548281898238,39.5264327348708,39.64942169189453,471700,0.0,0.0
2022-02-04 00:00:00-05:00,39.27100604984155,39.80080171854007,38.25872066829836,38.760135650634766,414400,0.0,0.0
2022-02-07 00:00:00-05:00,38.70336121708747,40.15083361106685,38.599293913924036,39.67780303955078,582500,0.0,0.0
2022-02-08 00:00:00-05:00,40.29274621207497,40.76577680690612,39.95216360636661,40.69009017944336,448200,0.0,0.0
2022-02-09 00:00:00-05:00,41.11581972748244,42.07134358004646,41.096898070022675,41.76860427856445,506200,0.0,0.0
2022-02-10 00:00:00-05:00,40.869846401290815,42.94171922332601,40.869846401290815,41.51316833496094,701900,0.0,0.0
2022-02-11 00:00:00-05:00,40.917143974598815,41.45639853132945,39.10070833275601,40.24544143676758,1516300,0.0,0.0
2022-02-14 00:00:00-05:00,40.57656083305198,40.82253874509703,39.45074940019942,39.9332389831543,911300,0.0,0.0
2022-02-15 00:00:00-05:00,40.32112576532513,41.95781114459858,40.32112576532513,41.82536315917969,808700,0.0,0.0
2022-02-16 00:00:00-05:00,41.65507478355269,42.69574430145313,41.60777244386112,42.58221435546875,600500,0.0,0.0
2022-02-17 00:00:00-05:00,41.863205106959484,42.44030297512938,40.05622848850808,40.24544143676758,575300,0.0,0.0
2022-02-18 00:00:00-05:00,39.92378362011897,40.65225118190505,39.4129097026684,39.43183135986328,593300,0.0,0.0
2022-02-22 00:00:00-05:00,39.157476121253154,39.74403310913637,38.45739278934616,38.523616790771484,508200,0.0,0.0
2022-02-23 00:00:00-05:00,38.86420155254926,39.15747825802589,37.18020991443904,38.01274490356445,784000,0.0,0.0
2022-02-24 00:00:00-05:00,36.896390128720064,38.74121035694355,36.80178544375985,38.570919036865234,640700,0.0,0.0
2022-02-25 00:00:00-05:00,38.59929648797389,39.61158168980903,38.09788520358931,39.43183135986328,618500,0.0,0.0
2022-02-28 00:00:00-05:00,38.845274748701826,39.74403001491331,38.551994473124495,39.05340576171875,678800,0.0,0.0
2022-03-01 00:00:00-05:00,39.05340952887762,39.375070517044975,35.780038278604685,36.574729919433594,1072100,0.0,0.0
2022-03-02 00:00:00-05:00,36.89638273277319,38.67497860321427,36.80177806677664,37.78567886352539,841100,0.0,0.0
2022-03-03 00:00:00-05:00,38.20195158984178,38.48576922302718,37.40726005156044,38.16410827636719,503400,0.0,0.0
2022-03-04 00:00:00-05:00,37.388341342804495,37.98436094574447,36.02601443073614,36.20576477050781,496300,0.0,0.0
2022-03-07 00:00:00-05:00,36.31928492631852,36.4233522243895,33.14998169582293,33.16890335083008,1301800,0.0,0.0
2022-03-08 00:00:00-05:00,33.6247064492185,35.69479598993053,33.6247064492185,34.02353286743164,1054600,0.13,0.0
2022-03-09 00:00:00-05:00,35.26748420379437,36.30252900172835,34.96361817342557,36.08412551879883,627200,0.0,0.0
2022-03-10 00:00:00-05:00,35.46689691946922,36.226565645871304,35.04908201784324,35.98917007446289,644600,0.0,0.0
2022-03-11 00:00:00-05:00,37.166644796137966,37.546479105337944,36.378493494745406,36.48294448852539,747700,0.0,0.0
2022-03-14 00:00:00-04:00,37.00522328148683,37.36606194632149,35.51437936465443,35.7707633972168,770000,0.0,0.0
2022-03-15 00:00:00-04:00,36.12211786687165,36.454470280939724,35.47640150036541,36.0936279296875,501900,0.0,0.0
2022-03-16 00:00:00-04:00,36.67287197657018,37.61296016442945,36.217072850519145,37.20463943481445,665600,0.0,0.0
2022-03-17 00:00:00-04:00,36.65386879791738,37.83135223388672,36.5873983385545,37.83135223388672,569900,0.0,0.0
2022-03-18 00:00:00-04:00,37.299584077080986,37.53697960429737,36.58739749543182,37.36605453491211,1252700,0.0,0.0
2022-03-21 00:00:00-04:00,37.555978755625304,38.03076989949508,37.223626403864046,37.470516204833984,484800,0.0,0.0
2022-03-22 00:00:00-04:00,37.89783013472866,38.00228476920018,36.51144082097896,36.805809020996094,497400,0.0,0.0
2022-03-23 00:00:00-04:00,36.473460538717596,36.82480501919345,35.732787411668646,35.78026580810547,525200,0.0,0.0
2022-03-24 00:00:00-04:00,36.00815016317317,36.13159684587633,35.25798308488314,35.86571502685547,611100,0.0,0.0
2022-03-25 00:00:00-04:00,36.27403814751278,36.27403814751278,35.466891162322575,35.84672546386719,501700,0.0,0.0
2022-03-28 00:00:00-04:00,35.590337689669354,35.6093297668959,34.38436795354628,35.10605239868164,493100,0.0,0.0
2022-03-29 00:00:00-04:00,35.51437646940831,36.56840969059485,35.51437646940831,36.293033599853516,552200,0.0,0.0
2022-03-30 00:00:00-04:00,36.29303140128032,36.5589132475592,35.02059115893806,35.12504577636719,442400,0.0,0.0
2022-03-31 00:00:00-04:00,34.916143307185585,35.15353889375413,33.852612093621886,33.86210632324219,888100,0.0,0.0
2022-04-01 00:00:00-04:00,34.22293897863476,34.631259562180716,32.92200892297988,33.548736572265625,818000,0.0,0.0
2022-04-04 00:00:00-04:00,33.63420297634067,33.86210431980522,32.88403572016797,33.71966552734375,456600,0.0,0.0
2022-04-05 00:00:00-04:00,33.64370410196667,34.05202481623367,32.190844215891126,32.342777252197266,736500,0.0,0.0
2022-04-06 00:00:00-04:00,31.81100087645715,32.114866863696534,30.79494830243142,31.782514572143555,1368800,0.0,0.0
2022-04-07 00:00:00-04:00,31.744539812233693,32.105382137251794,31.279242843996983,31.7540340423584,1242200,0.0,0.0
2022-04-08 00:00:00-04:00,31.108312583100854,31.640079941460332,30.49108630063039,31.022850036621094,1002300,0.0,0.0
2022-04-11 00:00:00-04:00,30.946885536006988,32.219325890293895,30.88041506858944,31.507139205932617,892000,0.0,0.0
2022-04-12 00:00:00-04:00,31.792015039469426,32.58966431812431,31.33621596914792,31.621089935302734,993800,0.0,0.0
2022-04-13 00:00:00-04:00,31.592596319177403,32.361759110048084,31.592596319177403,32.190834045410156,677000,0.0,0.0
2022-04-14 00:00:00-04:00,32.456720531343876,33.14042088810043,32.437728452281895,33.05495834350586,960600,0.0,0.0
2022-04-18 00:00:00-04:00,32.760593444761305,33.46328602843352,32.6466445687821,33.10244369506836,763000,0.0,0.0
2022-04-19 00:00:00-04:00,33.05495730447259,34.41286012458671,33.05495730447259,34.40336227416992,484900,0.0,0.0
2022-04-20 00:00:00-04:00,34.92563181080652,35.69479468923853,34.545801107990975,34.57428741455078,569900,0.0,0.0
2022-04-21 00:00:00-04:00,35.03958228917955,35.447902897703436,33.729157926419916,34.09000015258789,810900,0.0,0.0
2022-04-22 00:00:00-04:00,33.71966074282997,33.900083670663314,32.30478535987668,32.399742126464844,652700,0.0,0.0
2022-04-25 00:00:00-04:00,31.924951193220828,32.75109028022295,31.478650041395174,32.62764358520508,898100,0.0,0.0
2022-04-26 00:00:00-04:00,31.953449127391508,32.44722878644615,31.678069362725722,32.01042175292969,977100,0.0,0.0
2022-04-27 00:00:00-04:00,32.048396628842234,32.8840299107611,31.716044334971937,32.49470138549805,1009900,0.0,0.0
2022-04-28 00:00:00-04:00,32.62764865617551,33.00747940564811,31.45966285296068,32.760589599609375,822100,0.0,0.0
2022-04-29 00:00:00-04:00,32.64663939532372,34.46983561154989,31.98193108310293,32.285797119140625,1442600,0.0,0.0
2022-05-02 00:00:00-04:00,31.90596094840676,32.97898986472387,31.1652879804833,32.94100570678711,1171800,0.0,0.0
2022-05-03 00:00:00-04:00,33.03596540796785,33.56772911844228,32.62764477464293,32.703609466552734,776300,0.0,0.0
2022-05-04 00:00:00-04:00,32.82705371677836,34.86865673107486,32.523187727073996,34.76420211791992,1070200,0.0,0.0
2022-05-05 00:00:00-04:00,34.09000691992602,34.30841042001401,32.285799053294284,33.111934661865234,892800,0.0,0.0
2022-05-06 00:00:00-04:00,33.07395733530509,33.22589037718754,32.05790081615248,32.58966827392578,868800,0.0,0.0
2022-05-09 00:00:00-04:00,31.839490337265122,32.94100555580166,31.602094784801487,31.82999610900879,735000,0.0,0.0
2022-05-10 00:00:00-04:00,32.238318549369914,32.54218458370314,30.434110800943646,31.317222595214844,626200,0.0,0.0
2022-05-11 00:00:00-04:00,31.355203460812817,31.88697077621108,30.405621297695657,30.529067993164062,704300,0.0,0.0
2022-05-12 00:00:00-04:00,30.405625610255186,30.519574471727925,29.35158868011763,30.36764144897461,1015300,0.0,0.0
2022-05-13 00:00:00-04:00,31.70654725073634,31.70654725073634,30.775957183063287,31.14629364013672,1050500,0.0,0.0
2022-05-16 00:00:00-04:00,31.184282242755742,31.478654053822467,30.310666472073525,30.927894592285156,713500,0.0,0.0
2022-05-17 00:00:00-04:00,32.03889863534087,32.618140619087534,31.374190503367313,32.608646392822266,578500,0.0,0.0
2022-05-18 00:00:00-04:00,32.49470688764475,33.121431049611516,30.908902591196636,31.269744873046875,694700,0.0,0.0
2022-05-19 00:00:00-04:00,30.81394187096043,31.450160180548558,30.405621251648938,30.75696563720703,681200,0.0,0.0
2022-05-20 00:00:00-04:00,30.728482453477692,31.127305263165784,29.123687930063955,30.092262268066406,721000,0.0,0.0
2022-05-23 00:00:00-04:00,30.908895139846667,31.754022588508793,30.586037096522794,31.32671356201172,900600,0.0,0.0
2022-05-24 00:00:00-04:00,31.022848209585206,31.136800679759702,29.778897866979687,30.880413055419922,589200,0.0,0.0
2022-05-25 00:00:00-04:00,30.785457798135194,32.333278030322745,30.785457798135194,32.266807556152344,829500,0.0,0.0
2022-05-26 00:00:00-04:00,32.72259795152156,33.39680036604268,32.72259795152156,33.21638107299805,563300,0.0,0.0
2022-05-27 00:00:00-04:00,33.596217511666254,34.03302443169312,33.52974705089558,33.81462097167969,667600,0.0,0.0
2022-05-31 00:00:00-04:00,33.27336057538561,33.985547212928786,33.16890595563364,33.605712890625,647400,0.0,0.0
2022-06-01 00:00:00-04:00,33.681684353646816,33.78613898316646,32.779580470594965,33.36832046508789,934000,0.0,0.0
2022-06-02 00:00:00-04:00,33.78613546712732,34.906639099121094,33.55823415167714,34.906639099121094,702400,0.0,0.0
2022-06-03 00:00:00-04:00,34.6779314857404,34.91616954610985,34.401574463258015,34.696990966796875,648400,0.13,0.0
2022-06-06 00:00:00-04:00,35.18299627620522,35.70712293605357,34.87805183877951,35.1639404296875,903600,0.0,0.0
2022-06-07 00:00:00-04:00,34.68746039586073,35.8786506067732,34.5635755960631,35.82147216796875,430600,0.0,0.0
2022-06-08 00:00:00-04:00,35.516532861925384,36.05018746168192,35.182997373868346,35.37358856201172,616000,0.0,0.0
2022-06-09 00:00:00-04:00,34.935235764066405,35.14488646089227,33.820283171437964,33.829811096191406,493500,0.0,0.0
2022-06-10 00:00:00-04:00,32.91497946445803,33.4581620861311,32.17167405962234,32.381324768066406,726500,0.0,0.0
2022-06-13 00:00:00-04:00,31.17106915258902,31.552251530250146,29.722583024403423,29.903642654418945,948800,0.0,0.0
2022-06-14 00:00:00-04:00,30.05611479675281,30.408706110912526,29.627285557788646,30.017995834350586,683100,0.0,0.0
2022-06-15 00:00:00-04:00,30.494475116879922,30.732713203730547,29.808350081090573,30.256237030029297,776100,0.0,0.0
2022-06-16 00:00:00-04:00,29.398582479730766,29.408112222031043,26.949495054546972,27.549854278564453,853400,0.0,0.0
2022-06-17 00:00:00-04:00,27.48314490052318,27.892914686649714,26.99713900192745,27.025728225708008,1365500,0.0,0.0
2022-06-21 00:00:00-04:00,27.797617120552587,27.931029853510413,26.978077606412434,27.111492156982422,797700,0.0,0.0
2022-06-22 00:00:00-04:00,26.415833167931773,27.111489624723042,26.20618434749215,27.035253524780273,976500,0.0,0.0
2022-06-23 00:00:00-04:00,26.939961787283593,27.330672082409926,26.06324560410963,26.577838897705078,690900,0.0,0.0
2022-06-24 00:00:00-04:00,26.968548241681116,28.3217405241238,26.968548241681116,28.18832778930664,1732600,0.0,0.0
2022-06-27 00:00:00-04:00,28.35986281839396,28.46468816098527,27.711854914397524,27.79762077331543,893200,0.0,0.0
2022-06-28 00:00:00-04:00,28.19785643513349,28.512330596143407,27.292551095880523,27.349729537963867,1469500,0.0,0.0
2022-06-29 00:00:00-04:00,27.168672758103128,27.168672758103128,26.27289700583281,26.625490188598633,624000,0.0,0.0
2022-06-30 00:00:00-04:00,26.01559962119771,26.463488409512678,25.386651186759078,26.082307815551758,848900,0.0,0.0
2022-07-01 00:00:00-04:00,26.00606838740466,26.80654662405297,25.70112213342886,26.615957260131836,637700,0.0,0.0
2022-07-05 00:00:00-04:00,25.72971437301601,26.7874921010982,25.50100601892491,26.7684326171875,692900,0.0,0.0
2022-07-06 00:00:00-04:00,26.816077051330534,26.978079014497155,25.98700957094604,26.263364791870117,520400,0.0,0.0
2022-07-07 00:00:00-04:00,26.96854839933676,27.749970784209914,26.806546441420792,27.587968826293945,633000,0.0,0.0
2022-07-08 00:00:00-04:00,27.54984864652329,27.578437867579602,26.73030915236366,26.80654525756836,441900,0.0,0.0
2022-07-11 00:00:00-04:00,26.42536803118137,26.701725083063657,26.12995331382734,26.4730167388916,395200,0.0,0.0
2022-07-12 00:00:00-04:00,26.06324733985436,27.37832079338967,26.06324733985436,27.063846588134766,671700,0.0,0.0
2022-07-13 00:00:00-04:00,26.68266786458963,27.168673818808152,26.453959501006644,27.149614334106445,828600,0.0,0.0
2022-07-14 00:00:00-04:00,26.368193756644096,26.90184660741647,25.91077702741064,26.835140228271484,827400,0.0,0.0
2022-07-15 00:00:00-04:00,27.55937892382457,27.626085289976835,26.615956421930807,27.540319442749023,754300,0.0,0.0
2022-07-18 00:00:00-04:00,27.845263896824168,28.207386767166188,27.330670630564665,27.56890869140625,1010800,0.0,0.0
2022-07-19 00:00:00-04:00,28.11209090768607,29.16986846923828,28.045384542112895,29.16986846923828,555800,0.0,0.0
2022-07-20 00:00:00-04:00,28.95068675453665,29.627283755111083,28.845863249532883,29.560577392578125,518200,0.0,0.0
2022-07-21 00:00:00-04:00,29.093630966081008,29.865521729750682,28.70292071424747,29.84646224975586,524200,0.0,0.0
2022-07-22 00:00:00-04:00,29.989402880624763,30.084698457159433,29.026921011087282,29.417633056640625,533700,0.0,0.0
2022-07-25 00:00:00-04:00,29.541522810510966,30.28482629685782,29.160342234542973,30.199060440063477,757800,0.0,0.0
2022-07-26 00:00:00-04:00,30.017995843546643,30.380116898417853,29.53198997844243,29.93222999572754,471500,0.0,0.0
2022-07-27 00:00:00-04:00,30.17046860919905,30.504000448353533,29.78928806615664,30.322940826416016,928200,0.0,0.0
2022-07-28 00:00:00-04:00,30.59929651381863,31.294951201556014,29.560578443586266,31.285423278808594,1065300,0.0,0.0
2022-07-29 00:00:00-04:00,31.390247202181275,32.143080385612116,31.209187575310676,31.933429718017578,516000,0.0,0.0
2022-08-01 00:00:00-04:00,31.428369456803168,32.4099092574433,30.732714646762354,31.914377212524414,715700,0.0,0.0
2022-08-02 00:00:00-04:00,31.55225071192539,31.55225071192539,30.666004796789423,30.94236183166504,1122500,0.0,0.0
2022-08-03 00:00:00-04:00,31.962023182402792,33.210388453534335,31.962023182402792,32.552852630615234,1377200,0.0,0.0
2022-08-04 00:00:00-04:00,32.829210864674835,33.23898068696397,32.02873070429896,32.87685775756836,1010100,0.0,0.0
2022-08-05 00:00:00-04:00,32.48613995255147,33.029322404182096,32.04778282232747,32.50519943237305,472100,0.0,0.0
2022-08-08 00:00:00-04:00,32.9244981943592,33.91556936719681,32.686260141382334,33.88698196411133,1061100,0.0,0.0
2022-08-09 00:00:00-04:00,33.73450597143288,33.81074024951728,32.50519688351665,32.829200744628906,632200,0.0,0.0
2022-08-10 00:00:00-04:00,33.82980449519689,34.935228947377446,33.64874487841038,34.89710998535156,624900,0.0,0.0
2022-08-11 00:00:00-04:00,35.35616224107629,35.87258703080466,35.117075406658785,35.52830505371094,631900,0.13,0.0
2022-08-12 00:00:00-04:00,35.7960796795779,35.958656969220804,35.231834627459136,35.93953323364258,481300,0.0,0.0
2022-08-15 00:00:00-04:00,35.42310637198374,36.025602569885486,35.21270878963201,35.9490966796875,473200,0.0,0.0
2022-08-16 00:00:00-04:00,35.767389587463605,36.647227330401954,35.690880054247046,36.39857864379883,532400,0.0,0.0
2022-08-17 00:00:00-04:00,35.63349970903223,35.63349970903223,34.820605942400796,34.9736213684082,347900,0.0,0.0
2022-08-18 00:00:00-04:00,34.86841775310031,35.38484611246587,34.67714758501955,35.29877471923828,458500,0.0,0.0
2022-08-19 00:00:00-04:00,34.88754898239748,35.19357982580817,34.38068608203142,35.01187515258789,617000,0.0,0.0
2022-08-22 00:00:00-04:00,34.73453846876252,34.73453846876252,33.98858863856646,34.3328742980957,721500,0.0,0.0
2022-08-23 00:00:00-04:00,34.49545529311021,35.480492086672804,34.4667660344787,34.619781494140625,518200,0.0,0.0
2022-08-24 00:00:00-04:00,34.3328708752956,34.79191715951153,34.07465665639122,34.24679946899414,472800,0.0,0.0
2022-08-25 00:00:00-04:00,34.25635932890915,35.126635209081925,34.25635932890915,34.96405792236328,297200,0.0,0.0
2022-08-26 00:00:00-04:00,34.9162323274816,35.107502484301875,33.30000698110866,33.36695098876953,406300,0.0,0.0
2022-08-29 00:00:00-04:00,32.86009840320341,33.357399506471644,32.6879555732961,32.98442459106445,359600,0.0,0.0
2022-08-30 00:00:00-04:00,33.118314685523885,33.118314685523885,32.133274287525985,32.55406951904297,322100,0.0,0.0
2022-08-31 00:00:00-04:00,32.58275699350548,32.754899824583646,31.750735742078316,31.76986312866211,432000,0.0,0.0
2022-09-01 00:00:00-04:00,31.4733890880291,31.779419928197736,30.995215444243684,31.741165161132812,403800,0.0,0.0
2022-09-02 00:00:00-04:00,32.2097837967208,32.33410999207095,31.28212556280441,31.349069595336914,502600,0.0,0.0
2022-09-06 00:00:00-04:00,31.722038453053578,31.722038453053578,30.9665268523989,31.502079010009766,471100,0.0,0.0
2022-09-07 00:00:00-04:00,31.27255509441204,32.58274977566748,31.023902772080987,32.45842361450195,543800,0.0,0.0
2022-09-08 00:00:00-04:00,32.03763417745422,32.76445651180527,31.93243539196945,32.6688232421875,593100,0.0,0.0
2022-09-09 00:00:00-04:00,33.10874133465473,34.10334336707381,33.00354255166373,34.05552673339844,314400,0.0,0.0
2022-09-12 00:00:00-04:00,34.3519867019141,34.897107915089855,34.09377619063971,34.39980697631836,449400,0.0,0.0
2022-09-13 00:00:00-04:00,33.089618613149085,33.90251609285101,32.286286650434995,32.314979553222656,619000,0.0,0.0
2022-09-14 00:00:00-04:00,32.525376342989375,32.821845376530895,31.67422766548361,32.35323715209961,673000,0.0,0.0
2022-09-15 00:00:00-04:00,32.114150655511295,32.649702918250206,31.779426843123296,31.98025894165039,490000,0.0,0.0
2022-09-16 00:00:00-04:00,31.15779424256726,31.473386928762853,30.54573078013358,31.253427505493164,1171200,0.0,0.0
2022-09-19 00:00:00-04:00,30.88045377218365,32.219337741695036,30.88045377218365,32.066322326660156,499600,0.0,0.0
2022-09-20 00:00:00-04:00,31.779420396956137,31.788985912951155,31.205613475219923,31.36819076538086,487000,0.0,0.0
2022-09-21 00:00:00-04:00,31.788986374711797,31.788986374711797,30.344899885224287,30.354463577270508,425400,0.0,0.0
2022-09-22 00:00:00-04:00,30.38315473922594,30.411843991357888,29.685021634669738,29.780654907226562,438500,0.0,0.0
2022-09-23 00:00:00-04:00,29.283357361309132,29.292919229840987,27.88708924832501,28.50871467590332,641400,0.0,0.0
2022-09-26 00:00:00-04:00,28.307880005729782,28.805181031797122,27.791451596178078,28.107046127319336,662900,0.0,0.0
2022-09-27 00:00:00-04:00,28.55653185375914,28.79561868622775,27.56192975512758,28.05923080444336,497700,0.0,0.0
2022-09-28 00:00:00-04:00,28.44176953504134,29.245101442679957,28.107047602843956,28.977323532104492,467700,0.0,0.0
2022-09-29 00:00:00-04:00,28.403517214261793,28.575658206177273,27.810581050704613,28.527841567993164,368200,0.0,0.0
2022-09-30 00:00:00-04:00,28.52784387590235,29.149469343024506,28.145305267218557,28.4417724609375,632800,0.0,0.0
2022-10-03 00:00:00-04:00,29.101651101184743,30.057998482365505,28.72867620623236,29.637205123901367,682000,0.0,0.0
2022-10-04 00:00:00-04:00,30.39271997553662,31.655096383852175,30.39271997553662,31.64553451538086,554400,0.0,0.0
2022-10-05 00:00:00-04:00,30.937839882250856,31.52121243561369,30.851768462112467,31.349069595336914,483500,0.0,0.0
2022-10-06 00:00:00-04:00,30.937838403950707,31.521210929438304,30.650934899923882,30.765695571899414,363200,0.0,0.0
2022-10-07 00:00:00-04:00,30.354464462264144,30.459663253751916,29.914545559838537,30.249265670776367,409300,0.0,0.0
2022-10-10 00:00:00-04:00,30.756127124246234,30.89001515427652,29.866723898273403,30.23013687133789,382200,0.0,0.0
2022-10-11 00:00:00-04:00,29.981489582026104,30.679624529052518,29.665895031650578,30.249265670776367,440000,0.0,0.0
2022-10-12 00:00:00-04:00,30.287518576435478,30.66049525781144,29.799781242395895,30.392717361450195,402000,0.0,0.0
2022-10-13 00:00:00-04:00,29.484193109960657,31.750737468950277,29.053836008858806,31.635976791381836,626300,0.0,0.0
2022-10-14 00:00:00-04:00,31.884623591399,32.200216347527046,30.37359471883625,30.4979190826416,421300,0.0,0.0
2022-10-17 00:00:00-04:00,31.320372277397368,31.75072926733253,31.148229481423304,31.511642456054688,433000,0.0,0.0
2022-10-18 00:00:00-04:00,32.70708034822785,33.46259563603235,32.43930060743314,32.7262077331543,813300,0.0,0.0
2022-10-19 00:00:00-04:00,32.362794339577945,32.75489660557163,31.50208026877443,31.884620666503906,425100,0.0,0.0
2022-10-20 00:00:00-04:00,31.922876058494815,32.458428247950074,30.832640646331548,31.004779815673828,459300,0.0,0.0
2022-10-21 00:00:00-04:00,31.358631851615623,32.96529576163894,31.00478068997512,32.821842193603516,514200,0.0,0.0
2022-10-24 00:00:00-04:00,32.94616758491304,33.43390313780548,32.506248670825634,32.64013671875,813400,0.0,0.0
2022-10-25 00:00:00-04:00,32.3532252481255,33.443460395620065,32.085445570229176,33.30000686645508,762600,0.0,0.0
2022-10-26 00:00:00-04:00,33.472154697141285,34.79191496097481,33.10874171036894,33.96945571899414,755600,0.0,0.0
2022-10-27 00:00:00-04:00,34.72497606048435,35.901282946828374,34.72497606048435,35.059696197509766,863800,0.0,0.0
2022-10-28 00:00:00-04:00,36.05429826907086,36.723742189093436,34.323308134868704,36.69504928588867,1240500,0.0,0.0
2022-10-31 00:00:00-04:00,36.72374184230959,38.88508537423901,36.455962087923695,38.77032470703125,1620800,0.0,0.0
2022-11-01 00:00:00-04:00,39.420635891309125,39.44932514217824,38.072186377830775,39.181549072265625,835600,0.0,0.0
2022-11-02 00:00:00-04:00,38.79901275942501,39.2867519642509,36.92457277769098,37.10627746582031,944900,0.0,0.0
2022-11-03 00:00:00-04:00,36.25512746051796,38.07218886313416,35.64306574752005,37.87135314941406,819300,0.0,0.0
2022-11-04 00:00:00-04:00,38.7703191670528,40.58737678953963,37.90004329804995,40.54912567138672,1129600,0.0,0.0
2022-11-07 00:00:00-05:00,40.63519955196563,40.950792272999394,40.11877111953706,40.80733871459961,757800,0.0,0.0
2022-11-08 00:00:00-05:00,41.12293614442573,41.926268066197345,40.14746140740478,40.702144622802734,626700,0.0,0.0
2022-11-09 00:00:00-05:00,40.01146050703199,40.67336427207809,39.81960429021641,40.27046585083008,536000,0.13,0.0
2022-11-10 00:00:00-05:00,41.987568467450394,42.16023867669618,40.970733197375516,41.55589294433594,805300,0.0,0.0
2022-11-11 00:00:00-05:00,41.86286925831268,44.088392751944745,41.623049884780315,43.368934631347656,772900,0.0,0.0
2022-11-14 00:00:00-05:00,42.966036761306164,44.29943179709692,42.58232432741037,42.898887634277344,967700,0.0,0.0
2022-11-15 00:00:00-05:00,43.58956903716924,44.57762736763277,42.91807770302832,43.359344482421875,628500,0.0,0.0
2022-11-16 00:00:00-05:00,43.15789229262997,43.541601061077024,41.84367960599444,42.13146209716797,639600,0.0,0.0
2022-11-17 00:00:00-05:00,41.22974482675391,42.649475029639376,40.77888324917735,42.41925048828125,563200,0.0,0.0
2022-11-18 00:00:00-05:00,43.34015328012405,43.407302405461614,42.16983367963581,42.8701057434082,636200,0.0,0.0
2022-11-21 00:00:00-05:00,42.46721683387757,43.47445751186669,42.25617460558053,43.081153869628906,470600,0.0,0.0
2022-11-22 00:00:00-05:00,43.4360817857656,44.069204756694056,42.946851896147145,43.23463439941406,454700,0.0,0.0
2022-11-23 00:00:00-05:00,43.31137556646336,43.93490367354866,43.29218957956573,43.416893005371094,377300,0.0,0.0
2022-11-25 00:00:00-05:00,43.41689147390343,44.07879519078914,43.167480971737476,43.89653015136719,202600,0.0,0.0
2022-11-28 00:00:00-05:00,43.38811532481719,43.599157518760926,41.88205013559802,42.572731018066406,610200,0.0,0.0
2022-11-29 00:00:00-05:00,42.79336640300559,43.26341029079056,42.66865931346239,42.8221435546875,426600,0.0,0.0
2022-11-30 00:00:00-05:00,42.908484179654224,44.0596179663546,42.3616962713584,44.04043197631836,497500,0.0,0.0
2022-12-01 00:00:00-05:00,44.030838569517314,44.414547372648514,42.96603996250857,43.4456787109375,418400,0.0,0.0
2022-12-02 00:00:00-05:00,42.63028832287978,44.568029200195184,42.332914657024226,44.16513442993164,482600,0.0,0.0
2022-12-05 00:00:00-05:00,43.292184526949534,43.35933364357788,42.687838817942016,43.04277038574219,554900,0.0,0.0
2022-12-06 00:00:00-05:00,43.14829007211086,43.34014625311975,41.68059705719459,42.515167236328125,472200,0.0,0.0
2022-12-07 00:00:00-05:00,42.52476617502883,43.32096446317353,42.17942574764939,42.860511779785156,467400,0.0,0.0
2022-12-08 00:00:00-05:00,43.244226113851695,43.38811552546282,42.630285515844676,42.95643997192383,442700,0.0,0.0
2022-12-09 00:00:00-05:00,43.16748326490048,43.44567459085231,41.69979000488679,41.74775314331055,749800,0.0,0.0
2022-12-12 00:00:00-05:00,41.69979019008414,42.13146209716797,40.989923296460056,42.13146209716797,1098300,0.0,0.0
2022-12-13 00:00:00-05:00,43.83897911150526,43.83897911150526,40.70214148854471,41.66141891479492,958700,0.0,0.0
2022-12-14 00:00:00-05:00,42.07391410654607,43.225047903288164,41.335269950797844,41.450382232666016,860900,0.0,0.0
2022-12-15 00:00:00-05:00,40.6062176212117,40.63499477471529,39.234450527458186,39.58938217163086,1005900,0.0,0.0
2022-12-16 00:00:00-05:00,38.965857924491004,39.973098745957635,38.85074562872868,39.85798645019531,1101900,0.0,0.0
2022-12-19 00:00:00-05:00,41.335272507441786,41.690204199777845,40.347217736641056,40.8844108581543,539400,0.0,0.0
2022-12-20 00:00:00-05:00,40.75010721439746,41.603863592451624,40.52947383147866,41.28730392456055,463700,0.0,0.0
2022-12-21 00:00:00-05:00,41.853274284045156,42.1026847997023,41.56549179387063,41.86286544799805,332300,0.0,0.0
2022-12-22 00:00:00-05:00,41.412004083090515,41.555897158505,39.98268278970656,40.81725311279297,367700,0.0,0.0
2022-12-23 00:00:00-05:00,40.72132445038345,41.37363334451185,40.40476116675377,41.30648422241211,305600,0.0,0.0
2022-12-27 00:00:00-05:00,41.31608101601582,41.853277725370624,41.08585646868748,41.248931884765625,278500,0.0,0.0
2022-12-28 00:00:00-05:00,41.48875266796381,41.5079386574529,40.510289160140296,40.539066314697266,324400,0.0,0.0
2022-12-29 00:00:00-05:00,40.95155460845116,41.4791601538583,40.82685116985785,41.28730392456055,290900,0.0,0.0
2022-12-30 00:00:00-05:00,40.922781078600835,41.18178646218513,40.63499853884725,40.98033905029297,282300,0.0,0.0
2023-01-03 00:00:00-05:00,41.354448372599244,41.565490566861975,40.040239388674046,40.251277923583984,488400,0.0,0.0
2023-01-04 00:00:00-05:00,40.73091432961879,41.383223203180634,40.462317849688354,40.89399337768555,492700,0.0,0.0
2023-01-05 00:00:00-05:00,40.711731800881076,41.09544422709394,39.992273746246624,40.510284423828125,378400,0.0,0.0
2023-01-06 00:00:00-05:00,41.229741463693934,42.265762793357815,41.08585205192026,41.75734329223633,445200,0.0,0.0
2023-01-09 00:00:00-05:00,41.920430427727915,43.18667652396205,41.6134618989047,42.33292007446289,729800,0.0,0.0
2023-01-10 00:00:00-05:00,42.33292088489329,43.81980041097465,42.33292088489329,43.79102325439453,571300,0.0,0.0
2023-01-11 00:00:00-05:00,44.12676116596015,45.68078955631645,43.92531378670808,44.9901123046875,1570700,0.0,0.0
2023-01-12 00:00:00-05:00,45.5656752128294,45.77671740586066,44.66395579966883,44.817440032958984,1029400,0.0,0.0
2023-01-13 00:00:00-05:00,44.51047617437933,46.150839773617136,44.193912852059846,46.08369064331055,683400,0.0,0.0
2023-01-17 00:00:00-05:00,46.1604263188715,46.52495274645217,44.443322596553855,45.086036682128906,887200,0.0,0.0
2023-01-18 00:00:00-05:00,46.24677140036471,46.53455394340756,45.297088642387955,45.412200927734375,1081900,0.0,0.0
2023-01-19 00:00:00-05:00,44.817441021181786,45.162781468537574,43.23463185725204,43.64712142944336,441300,0.0,0.0
2023-01-20 00:00:00-05:00,44.01164881216342,45.03807535317004,43.57037842028208,45.028480529785156,535000,0.0,0.0
2023-01-23 00:00:00-05:00,45.05726862919416,46.00695137415715,44.721519284117065,45.88224792480469,715200,0.0,0.0
2023-01-24 00:00:00-05:00,45.958986026784245,47.40749347785577,45.393012141270816,47.13889694213867,568300,0.0,0.0
2023-01-25 00:00:00-05:00,46.524954734380756,46.812737227671285,45.63282644363306,46.5345458984375,606400,0.0,0.0
2023-01-26 00:00:00-05:00,47.11970935347877,47.656906066035965,46.553735487172275,47.618534088134766,485600,0.0,0.0
2023-01-27 00:00:00-05:00,47.465055010469314,48.49148174543046,47.321165566682964,48.26125717163086,611700,0.0,0.0
2023-01-30 00:00:00-05:00,47.90631608499133,48.79844443509228,47.714463516269,48.31880569458008,593700,0.0,0.0
2023-01-31 00:00:00-05:00,48.17492048831426,49.13419805337442,47.97346941854296,48.894378662109375,859700,0.0,0.0
2023-02-01 00:00:00-05:00,48.46269873457253,50.31410456394428,48.261251341992974,49.59464645385742,880900,0.0,0.0
2023-02-02 00:00:00-05:00,49.69057043999288,50.362065376888665,48.99029835101755,50.352474212646484,765700,0.0,0.0
2023-02-03 00:00:00-05:00,49.82486598788095,51.19663293920647,49.680976575949565,50.649845123291016,1023200,0.0,0.0
2023-02-06 00:00:00-05:00,50.3716629338606,50.68822628432307,49.50831532772867,50.01673126220703,1166100,0.0,0.0
2023-02-07 00:00:00-05:00,49.82486938569884,50.34288008642443,49.22052722753871,50.151023864746094,820300,0.0,0.0
2023-02-08 00:00:00-05:00,49.47953013803028,50.1126530768019,49.24930195149838,49.36441421508789,576300,0.0,0.0
2023-02-09 00:00:00-05:00,50.36207438741018,50.582707797984966,49.09582823841787,49.374019622802734,800800,0.0,0.0
2023-02-10 00:00:00-05:00,49.402786316135874,52.462879918156666,49.402786316135874,52.107948303222656,1733200,0.0,0.0
2023-02-13 00:00:00-05:00,52.57800255875344,55.13927179869698,52.1079549605285,55.12968063354492,1361400,0.0,0.0
2023-02-14 00:00:00-05:00,54.582889271821685,54.8418909673762,53.00007998939269,54.31428909301758,1278600,0.0,0.0
2023-02-15 00:00:00-05:00,53.642796789591074,54.43899888215446,53.02885976654876,53.863433837890625,780300,0.0,0.0
2023-02-16 00:00:00-05:00,53.134374822829116,54.093652226842934,52.8082203590903,53.34541702270508,582800,0.0,0.0
2023-02-17 00:00:00-05:00,53.63320415709754,54.68840792916056,53.239900533762786,54.61166763305664,991300,0.0,0.0
2023-02-21 00:00:00-05:00,53.863425897126774,54.112836403711114,53.163150195393726,53.594825744628906,1200400,0.0,0.0
2023-02-22 00:00:00-05:00,53.70994161912543,54.247134604966874,53.25908008370613,53.479713439941406,1476400,0.0,0.0
2023-02-23 00:00:00-05:00,53.719535091901214,55.52297765174814,53.719535091901214,55.23519515991211,1479300,0.0,0.0
2023-02-24 00:00:00-05:00,54.314289225276156,56.02180560704521,54.132027823683906,55.973838806152344,1261400,0.0,0.0
2023-02-27 00:00:00-05:00,56.56858521313535,56.750846588120574,54.976184994748444,55.3215217590332,1339700,0.0,0.0
2023-02-28 00:00:00-05:00,55.62850442162662,57.21131011770276,55.42705336339418,56.79882049560547,1315400,0.0,0.0
2023-03-01 00:00:00-05:00,56.56859462875242,57.56624043499467,56.49185067323591,57.54705810546875,785800,0.0,0.0
2023-03-02 00:00:00-05:00,56.8467821963896,57.633393101322824,56.67411561555662,57.470314025878906,682400,0.0,0.0
2023-03-03 00:00:00-05:00,57.47990070058798,57.930762254672146,56.87555856649767,57.86361312866211,736600,0.0,0.0
2023-03-06 00:00:00-05:00,57.556647931836885,58.37203231379666,56.750854714417045,56.981082916259766,690700,0.0,0.0
2023-03-07 00:00:00-05:00,56.923519505197554,57.52786527528412,56.031391254854015,56.18487548828125,851500,0.0,0.0
2023-03-08 00:00:00-05:00,56.5214908031455,57.4159097802849,55.38663669599547,56.93503952026367,731200,0.15,0.0
2023-03-09 00:00:00-05:00,57.25240720604285,57.84868892020482,55.3289263264849,55.39624786376953,628700,0.0,0.0
2023-03-10 00:00:00-05:00,54.828829167053826,55.04041326987108,50.924164737784544,51.193450927734375,1537200,0.0,0.0
2023-03-13 00:00:00-04:00,50.01050190955003,50.55869365621252,48.490950282837474,49.16416931152344,1112900,0.0,0.0
2023-03-14 00:00:00-04:00,50.72219061661576,51.67431156386751,50.000885312259015,50.818363189697266,852800,0.0,0.0
2023-03-15 00:00:00-04:00,49.05838243877876,49.568107410456186,46.55785854776287,47.74079895019531,1231200,0.0,0.0
2023-03-16 00:00:00-04:00,47.000259016392015,48.44286982190588,46.25010257152448,47.77927017211914,1081400,0.0,0.0
2023-03-17 00:00:00-04:00,46.538620516585105,46.538620516585105,43.345642466131665,43.57646179199219,2280700,0.0,0.0
2023-03-20 00:00:00-04:00,44.64399078996095,45.875021084478064,44.422790922439994,45.240272521972656,1344500,0.0,0.0
2023-03-21 00:00:00-04:00,46.81751904341858,47.80811039843346,46.25009210820414,47.394561767578125,1346600,0.0,0.0
2023-03-22 00:00:00-04:00,47.250314577673244,47.35610662590954,45.490327597921905,45.63459014892578,1284100,0.0,0.0
2023-03-23 00:00:00-04:00,45.69229702604516,46.96179806926329,44.307391799920104,44.82673263549805,930800,0.0,0.0
2023-03-24 00:00:00-04:00,43.586075126050474,44.25929414739253,42.55701317994491,44.24005889892578,983100,0.0,0.0
2023-03-27 00:00:00-04:00,44.52858651337839,45.10563304180442,43.77843006204849,44.5862922668457,844300,0.0,0.0
2023-03-28 00:00:00-04:00,44.461262009035444,45.24027311961674,44.172740598403074,44.951751708984375,814300,0.0,0.0
2023-03-29 00:00:00-04:00,45.62497454911849,45.750001859316946,45.08640213980093,45.21142578125,673500,0.0,0.0
2023-03-30 00:00:00-04:00,45.77885035374439,46.134697011501366,45.33645056538343,45.54803466796875,506500,0.0,0.0
2023-03-31 00:00:00-04:00,46.14430550287964,46.88484607602254,46.028897678249805,46.52900314331055,818300,0.0,0.0
2023-04-03 00:00:00-04:00,46.49053573328823,47.23107635561576,45.480708946023,45.903873443603516,1036700,0.0,0.0
2023-04-04 00:00:00-04:00,46.09622320102044,46.09622320102044,40.87397190840022,42.4223747253418,3263800,0.0,0.0
2023-04-05 00:00:00-04:00,41.816479983850485,42.02806408547906,40.816268900014336,41.239437103271484,1620700,0.0,0.0
2023-04-06 00:00:00-04:00,41.22019876371704,41.32599080660671,40.28730929687055,40.69124221801758,1402400,0.0,0.0
2023-04-10 00:00:00-04:00,40.76817162188368,42.01843330548598,40.71046955062012,41.2105712890625,1179200,0.0,0.0
2023-04-11 00:00:00-04:00,41.38369323293072,42.30696691661687,41.32599114996521,41.672218322753906,1058200,0.0,0.0
2023-04-12 00:00:00-04:00,42.412758763029906,43.29756201799236,42.22041357906996,43.1052131652832,1548000,0.0,0.0
2023-04-13 00:00:00-04:00,43.259089861606675,43.826516937616205,41.67222014204547,42.797454833984375,1032300,0.0,0.0
2023-04-14 00:00:00-04:00,42.93209422541178,44.01886198962436,42.72051014687072,43.12444305419922,663800,0.0,0.0
2023-04-17 00:00:00-04:00,43.364875271805666,44.49972925010408,43.364875271805666,44.24005889892578,961000,0.0,0.0
2023-04-18 00:00:00-04:00,44.2400555785029,44.80748252506406,44.2400555785029,44.374698638916016,767400,0.0,0.0
2023-04-19 00:00:00-04:00,44.1342676874794,44.51896532647135,43.51875440009115,44.01885986328125,582300,0.0,0.0
2023-04-20 00:00:00-04:00,43.5476093495488,44.21121265296437,43.25908792876977,43.595699310302734,701700,0.0,0.0
2023-04-21 00:00:00-04:00,43.393730060389494,43.537992601983575,42.42237377573571,43.489906311035156,1070000,0.0,0.0
2023-04-24 00:00:00-04:00,43.4899074550738,44.63437735224719,43.4899074550738,44.5766716003418,851200,0.0,0.0
2023-04-25 00:00:00-04:00,43.951543148097244,44.25929982555118,42.76860273124324,42.787837982177734,781300,0.0,0.0
2023-04-26 00:00:00-04:00,42.393523683876694,43.278323197129644,42.27811218051846,42.4223747253418,658900,0.0,0.0
2023-04-27 00:00:00-04:00,42.29735126524392,42.54740587643809,40.87397561353997,41.999210357666016,873200,0.0,0.0
2023-04-28 00:00:00-04:00,41.72991723489107,43.249468895834816,41.72991723489107,42.88400650024414,1012600,0.0,0.0
2023-05-01 00:00:00-04:00,43.01864813690127,44.4227882562371,42.95132660164192,44.24005889892578,1744600,0.0,0.0
2023-05-02 00:00:00-04:00,46.452066547548284,47.606155909404855,43.99962894657116,46.40398025512695,3263900,0.0,0.0
2023-05-03 00:00:00-04:00,47.5580702888569,49.23149676875354,47.03872951837214,47.77927017211914,1936500,0.0,0.0
2023-05-04 00:00:00-04:00,47.500356218027065,47.79849705304167,43.855359340543224,44.028472900390625,1637400,0.0,0.0
2023-05-05 00:00:00-04:00,45.27874478674536,46.28857158436842,45.27874478674536,46.038516998291016,1174100,0.0,0.0
2023-05-08 00:00:00-04:00,46.730972799841894,46.74058859095416,44.615142886491306,45.692291259765625,1301900,0.0,0.0
2023-05-09 00:00:00-04:00,45.17295086619257,46.07698558356654,44.77863742184609,45.66343688964844,491300,0.0,0.0
2023-05-10 00:00:00-04:00,46.51937986984695,46.75019916892777,44.788247967359816,45.846160888671875,598000,0.0,0.0
2023-05-11 00:00:00-04:00,44.97099242964827,45.61536059080717,44.64400045281007,45.09601974487305,595800,0.0,0.0
2023-05-12 00:00:00-04:00,45.499941678455116,45.807698326711,44.45164444884956,45.06715774536133,431100,0.0,0.0
2023-05-15 00:00:00-04:00,45.28836199556863,46.12507523479741,44.82672697845106,45.692291259765625,637800,0.0,0.0
2023-05-16 00:00:00-04:00,45.20179930977199,45.519175406350534,44.21120786059992,44.24005889892578,649000,0.0,0.0
2023-05-17 00:00:00-04:00,44.807481880203056,46.72134674084787,44.797866091204035,46.192386627197266,808800,0.0,0.0
2023-05-18 00:00:00-04:00,45.884637837668,46.98102140784093,45.5287948840809,46.846378326416016,591100,0.0,0.0
2023-05-19 00:00:00-04:00,47.65423793417848,47.798500467272056,45.92310588079862,46.5963249206543,721500,0.0,0.0
2023-05-22 00:00:00-04:00,46.66365229229838,47.144522571070524,45.71152752607995,46.71173858642578,648900,0.0,0.0
2023-05-23 00:00:00-04:00,46.40397931284238,47.49074710949128,45.82693647800607,46.13469314575195,602700,0.0,0.0
2023-05-24 00:00:00-04:00,45.7115260610391,45.836553356762515,44.826726537455485,45.3941535949707,390100,0.0,0.0
2023-05-25 00:00:00-04:00,45.047920916292085,46.23086117942691,44.80748581397813,46.09621810913086,405800,0.0,0.0
2023-05-26 00:00:00-04:00,46.394362196079776,46.59632681562535,45.692288419804406,46.384742736816406,375700,0.0,0.0
2023-05-30 00:00:00-04:00,46.46168516896082,46.76944183740311,45.586501455187644,46.038516998291016,641800,0.0,0.0
2023-05-31 00:00:00-04:00,45.6442064847043,46.01928471928956,44.15350933779533,44.595909118652344,692200,0.0,0.0
2023-06-01 00:00:00-04:00,44.653614543686324,46.269338979773224,44.4708851578339,45.86540603637695,528900,0.0,0.0
2023-06-02 00:00:00-04:00,47.308014809592365,50.11629903286526,47.308014809592365,49.9239501953125,954100,0.0,0.0
2023-06-05 00:00:00-04:00,49.36452185251588,49.76962167012609,48.264960999710176,49.17161560058594,561500,0.15,0.0
2023-06-06 00:00:00-04:00,48.86297141574733,52.904341011988265,48.76652012089311,52.42207717895508,1164900,0.0,0.0
2023-06-07 00:00:00-04:00,52.788598361545944,54.50545641800967,52.47030614719729,54.196807861328125,773800,0.0,0.0
2023-06-08 00:00:00-04:00,53.85922690177844,54.31255609806766,52.92363385560918,53.695255279541016,781900,0.0,0.0
2023-06-09 00:00:00-04:00,53.80135142325569,53.97496669552152,52.267752304494834,52.56675720214844,809200,0.0,0.0
2023-06-12 00:00:00-04:00,52.57639130036077,54.090702828543904,52.277390136452404,53.88814926147461,716900,0.0,0.0
2023-06-13 00:00:00-04:00,54.090713715917694,56.203027997083986,54.08106637872574,55.72076416015625,946600,0.0,0.0
2023-06-14 00:00:00-04:00,55.8461484175182,56.55025311019647,54.24503278006526,55.199913024902344,819400,0.0,0.0
2023-06-15 00:00:00-04:00,54.621198246529275,56.04869863283562,54.43793565031473,55.99082565307617,674800,0.0,0.0
2023-06-16 00:00:00-04:00,56.762446742581965,56.762446742581965,55.01665417354629,56.0390510559082,1092200,0.0,0.0
2023-06-20 00:00:00-04:00,55.556786131039,55.817209014452764,54.56332391901589,55.441043853759766,865800,0.0,0.0
2023-06-21 00:00:00-04:00,54.8719805546175,56.33806310790004,54.505458996451566,55.32530975341797,596600,0.0,0.0
2023-06-22 00:00:00-04:00,55.170983591858494,55.42175916773074,54.196808582374636,54.89126968383789,538600,0.0,0.0
2023-06-23 00:00:00-04:00,54.01354689437952,54.01354689437952,53.241925531764565,53.80134963989258,1370600,0.0,0.0
2023-06-26 00:00:00-04:00,53.94602935818624,55.68217831504929,53.94602935818624,54.881622314453125,658800,0.0,0.0
2023-06-27 00:00:00-04:00,54.843036348581386,56.82996072021739,54.55367882332552,56.64670181274414,558100,0.0,0.0
2023-06-28 00:00:00-04:00,56.540607035357596,57.12896946165672,55.85579332054879,56.65635299682617,413100,0.0,0.0
2023-06-29 00:00:00-04:00,57.08074863297816,57.95846867823534,56.8010347215691,57.264007568359375,507200,0.0,0.0
2023-06-30 00:00:00-04:00,58.11279104041577,58.20924233387568,57.10003774156273,57.70769119262695,616300,0.0,0.0
2023-07-03 00:00:00-04:00,57.55336184033369,58.845829010009766,57.55336184033369,58.845829010009766,342000,0.0,0.0
2023-07-05 00:00:00-04:00,58.20923431269555,58.44072253623386,56.88783264160156,56.88783264160156,572200,0.0,0.0
2023-07-06 00:00:00-04:00,56.203025094768336,56.33805837343403,54.72729900737769,55.518211364746094,638700,0.0,0.0
2023-07-07 00:00:00-04:00,55.34459575091252,57.370102276954526,55.27707911200317,56.444156646728516,572400,0.0,0.0
2023-07-10 00:00:00-04:00,56.30912896096856,57.46656295338626,56.289837965167116,56.897491455078125,564700,0.0,0.0
2023-07-11 00:00:00-04:00,57.21577546685363,58.80724743769537,56.675638700161365,58.73008346557617,705900,0.0,0.0
2023-07-12 00:00:00-04:00,60.389074844786485,61.6429600142435,59.820003402113876,60.697723388671875,915500,0.0,0.0
2023-07-13 00:00:00-04:00,60.6784346679129,61.353604762723485,59.97432992083563,61.04495620727539,656000,0.0,0.0
2023-07-14 00:00:00-04:00,61.06424491923105,61.06424491923105,58.80725014227394,59.829647064208984,641500,0.0,0.0
2023-07-17 00:00:00-04:00,59.43419317796262,60.84240635312952,59.43419317796262,60.186527252197266,479600,0.0,0.0
2023-07-18 00:00:00-04:00,60.20581299737133,63.311593148473754,60.20581299737133,63.060813903808594,986200,0.0,0.0
2023-07-19 00:00:00-04:00,62.675009334161984,63.25372444686304,60.83275800811285,61.24750518798828,992900,0.0,0.0
2023-07-20 00:00:00-04:00,61.7201285107566,61.83587080334625,59.6367488472372,59.71390914916992,782600,0.0,0.0
2023-07-21 00:00:00-04:00,60.157585194553896,60.157585194553896,58.97121669177175,59.30880355834961,601000,0.0,0.0
2023-07-24 00:00:00-04:00,59.270223066198135,59.96468045157197,58.7493772676321,58.951927185058594,504500,0.0,0.0
2023-07-25 00:00:00-04:00,58.556472194023854,58.69150547504437,56.801032181995204,56.99393844604492,1135700,0.0,0.0
2023-07-26 00:00:00-04:00,56.65634973589838,57.167548158462445,54.93948820007197,55.65324020385742,1216200,0.0,0.0
2023-07-27 00:00:00-04:00,55.884732620778934,55.99083125459536,54.56333072547686,54.74658966064453,825500,0.0,0.0
2023-07-28 00:00:00-04:00,55.36388393892753,56.48273577192518,54.920198460805516,55.3542366027832,635100,0.0,0.0
2023-07-31 00:00:00-04:00,55.70147700937369,56.666004749795746,55.59537836922625,56.550262451171875,580700,0.0,0.0
2023-08-01 00:00:00-04:00,57.37010237019466,60.003262330081135,57.34116771900959,59.829647064208984,2321800,0.0,0.0
2023-08-02 00:00:00-04:00,58.78795950423052,62.6364263485188,58.78795950423052,61.4789924621582,1947700,0.0,0.0
2023-08-03 00:00:00-04:00,62.24096829598555,62.33741958957235,60.00326443446653,61.08353805541992,1193400,0.0,0.0
2023-08-04 00:00:00-04:00,61.32466085679065,61.440403127773344,59.27021623010037,60.52410125732422,1139200,0.0,0.0
2023-08-07 00:00:00-04:00,61.07388780512398,61.86480014882735,60.19616782958093,60.871337890625,912300,0.0,0.0
2023-08-08 00:00:00-04:00,59.974326156200576,60.42765530328833,58.68185903162298,60.176876068115234,684100,0.0,0.0
2023-08-09 00:00:00-04:00,60.76524756070236,60.76524756070236,58.865126737354565,59.06768035888672,717200,0.0,0.0
2023-08-10 00:00:00-04:00,59.65602919490385,60.17687496979022,57.43761650259391,58.69150161743164,1002600,0.0,0.0
2023-08-11 00:00:00-04:00,58.69150161743164,59.00101484274307,58.06280080306792,58.69150161743164,778800,0.17,0.0
2023-08-14 00:00:00-04:00,58.3336277912162,58.884948455813436,57.54049968812234,58.78822326660156,388100,0.0,0.0
2023-08-15 00:00:00-04:00,58.19821789066191,58.54642122454243,57.617881460653734,58.033790588378906,546700,0.0,0.0
2023-08-16 00:00:00-04:00,58.03378519378023,60.06496619968706,56.50556041262678,56.54425048828125,982900,0.0,0.0
2023-08-17 00:00:00-04:00,56.892457110049065,57.24066043188315,54.92898177710441,55.13209915161133,740500,0.0,0.0
2023-08-18 00:00:00-04:00,54.30028399774269,55.296529577386586,54.000445101175984,54.94832992553711,833700,0.0,0.0
2023-08-21 00:00:00-04:00,55.132099190841785,55.470628148594194,53.526497853222374,54.21323013305664,806400,0.0,0.0
2023-08-22 00:00:00-04:00,54.62913539236265,55.0740601882141,53.971418872543694,54.010108947753906,1044500,0.0,0.0
2023-08-23 00:00:00-04:00,54.00044597081961,55.025707282206554,53.48781162543696,54.61947250366211,575800,0.0,0.0
2023-08-24 00:00:00-04:00,54.04880416264447,55.07406542538996,53.32338178706916,53.36206817626953,639900,0.0,0.0
2023-08-25 00:00:00-04:00,53.84568106655277,55.10308275530556,53.31370541575906,54.435691833496094,800700,0.0,0.0
2023-08-28 00:00:00-04:00,54.86127763305443,55.94457401931097,54.84193259351729,55.79948806762695,595500,0.0,0.0
2023-08-29 00:00:00-04:00,55.857523361957966,57.289023085008225,55.32554768692474,57.221317291259766,666800,0.0,0.0
2023-08-30 00:00:00-04:00,57.16327614968103,58.97199841978969,57.16327614968103,58.710845947265625,583600,0.0,0.0
2023-08-31 00:00:00-04:00,59.00101739945022,59.48463229616702,58.44969671236817,58.62379837036133,882400,0.0,0.0
2023-09-01 00:00:00-04:00,59.368571222358476,60.82908672150456,58.95266207769856,60.81941604614258,874800,0.0,0.0
2023-09-05 00:00:00-04:00,60.55826188369194,61.119253281618676,58.67216292626816,58.82691955566406,738800,0.0,0.0
2023-09-06 00:00:00-04:00,58.749539688728134,59.948902574773165,58.246579749851904,59.223480224609375,606000,0.0,0.0
2023-09-07 00:00:00-04:00,58.372319157014616,58.81724768596914,56.969838845838055,57.63722610473633,661000,0.0,0.0
2023-09-08 00:00:00-04:00,57.559845706339516,57.695260982222926,56.37015345517416,56.931148529052734,861200,0.0,0.0
2023-09-11 00:00:00-04:00,57.540510761408996,57.772643880812566,56.48622997908683,57.066566467285156,457600,0.0,0.0
2023-09-12 00:00:00-04:00,56.79573072966659,57.58885881034559,56.01227332279111,56.689334869384766,846700,0.0,0.0
2023-09-13 00:00:00-04:00,56.350804924198066,56.640976807708405,54.50339620625124,55.59636688232422,1099100,0.0,0.0
2023-09-14 00:00:00-04:00,56.35081160311527,57.45345677382907,56.35081160311527,57.250335693359375,615600,0.0,0.0
2023-09-15 00:00:00-04:00,57.02786507096094,57.20196672082002,56.00260389922269,56.553924560546875,1249100,0.0,0.0
2023-09-18 00:00:00-04:00,56.66032393451273,57.985427738612934,56.408842118158915,57.57918930053711,801500,0.0,0.0
2023-09-19 00:00:00-04:00,57.39541856721859,58.10149590413792,56.43785940692639,56.62163543701172,558300,0.0,0.0
2023-09-20 00:00:00-04:00,57.15360754891137,58.54641709653991,56.341134390372524,56.40884017944336,404400,0.0,0.0
2023-09-21 00:00:00-04:00,55.8865372264287,55.91555662970954,54.841930950541155,54.92898178100586,539900,0.0,0.0
2023-09-22 00:00:00-04:00,54.96767652352983,55.41260138824444,54.77422980722676,55.00636291503906,474100,0.0,0.0
2023-09-25 00:00:00-04:00,54.348642928162825,55.664076089945226,54.174541263239334,55.199806213378906,498600,0.0,0.0
2023-09-26 00:00:00-04:00,54.47437964988545,55.48029948325987,54.37765815000621,54.80323791503906,533600,0.0,0.0
2023-09-27 00:00:00-04:00,55.36423545337666,56.93114669846887,55.16111439092727,56.573272705078125,550000,0.0,0.0
2023-09-28 00:00:00-04:00,54.18421351698033,57.124592977043704,54.06814697478249,56.17670822143555,669300,0.0,0.0
2023-09-29 00:00:00-04:00,56.805398916392065,57.143931519711415,55.2965192805905,55.731773376464844,608700,0.0,0.0
2023-10-02 00:00:00-04:00,55.606045461563305,55.81883351866246,53.77797795356197,54.058475494384766,796200,0.0,0.0
2023-10-03 00:00:00-04:00,53.62321811690234,53.76830406097374,52.085322606438666,52.82041931152344,749400,0.0,0.0
2023-10-04 00:00:00-04:00,52.665662136090056,52.772058001992086,50.769892657237435,51.61138153076172,1140100,0.0,0.0
2023-10-05 00:00:00-04:00,51.39859626138022,51.688764493248904,49.676928221228685,50.624813079833984,1284100,0.0,0.0
2023-10-06 00:00:00-04:00,50.373329982686705,52.317460266009086,49.88971508050126,51.36957550048828,791500,0.0,0.0
2023-10-09 00:00:00-04:00,50.90530659242394,52.00794799974832,50.344311524310726,51.85319137573242,592000,0.0,0.0
2023-10-10 00:00:00-04:00,52.53991857147287,54.435687954331804,52.53991857147287,53.1105842590332,807900,0.0,0.0
2023-10-11 00:00:00-04:00,53.178296505039434,53.91339325442881,52.452874120338606,53.65224075317383,753700,0.0,0.0
2023-10-12 00:00:00-04:00,54.02945980286801,54.02945980286801,52.87845392440837,53.65224075317383,1234500,0.0,0.0
2023-10-13 00:00:00-04:00,53.64257071376622,53.88437819483047,50.97301774628029,51.301876068115234,890700,0.0,0.0
2023-10-16 00:00:00-04:00,52.22073704058184,52.8977949295788,51.737122154333285,52.23040771484375,901300,0.0,0.0
2023-10-17 00:00:00-04:00,51.76614093631262,53.13960552364832,51.708105818233605,52.45287322998047,646900,0.0,0.0
2023-10-18 00:00:00-04:00,48.032628638853055,49.212650099848574,45.9434125524754,47.48130798339844,3165300,0.0,0.0
2023-10-19 00:00:00-04:00,47.384591068161555,47.984272530572476,45.88538187760075,46.33998107910156,1648000,0.0,0.0
2023-10-20 00:00:00-04:00,46.29161792834943,46.949334474879315,46.01112040621694,46.09817123413086,1892600,0.0,0.0
2023-10-23 00:00:00-04:00,45.68226086270595,46.668835655067966,45.54684928742486,45.82734680175781,1319100,0.0,0.0
2023-10-24 00:00:00-04:00,46.54308850916115,46.54308850916115,45.49848243308465,46.19488525390625,907700,0.0,0.0
2023-10-25 00:00:00-04:00,45.9144007880125,46.040138008178616,44.6086383157228,44.927825927734375,1184700,0.0,0.0
2023-10-26 00:00:00-04:00,45.662918661388225,46.427031100441674,45.08258224850828,45.34373474121094,1270800,0.0,0.0
2023-10-27 00:00:00-04:00,44.376505504476086,44.956841924913,42.26794418603218,42.37434005737305,1866200,0.0,0.0
2023-10-30 00:00:00-04:00,43.09975874819031,44.84077155055384,42.770900487434744,44.30879592895508,1947500,0.0,0.0
2023-10-31 00:00:00-04:00,43.88321276859537,44.57961936999731,42.92565738135639,44.29912185668945,1310000,0.0,0.0
2023-11-01 00:00:00-04:00,44.0476439073649,45.37274763797451,43.45763316674413,45.31471252441406,971900,0.0,0.0
2023-11-02 00:00:00-04:00,46.71720868038142,47.60706220698803,46.26261308529979,47.432960510253906,1261600,0.0,0.0
2023-11-03 00:00:00-04:00,48.64198755586378,49.560856604336884,48.516246648677644,48.622642517089844,1002900,0.0,0.0
2023-11-06 00:00:00-05:00,48.36148642062425,48.458207917590066,46.08849803473036,46.36899185180664,1095100,0.0,0.0
2023-11-07 00:00:00-05:00,45.575867371367394,46.929990574031414,45.401765711319484,46.67850875854492,668600,0.0,0.0
2023-11-08 00:00:00-05:00,46.901759479823646,47.3579656956321,46.06700074567715,46.261131286621094,628700,0.17,0.0
2023-11-09 00:00:00-05:00,47.0085380908486,47.09589666145464,45.911703527180066,46.14466094970703,905600,0.0,0.0
2023-11-10 00:00:00-05:00,46.52320717182261,47.89182212270356,46.144654651773095,47.75593185424805,775500,0.0,0.0
2023-11-13 00:00:00-05:00,47.42591094970703,47.85299517868006,47.06677185482671,47.42591094970703,647900,0.0,0.0
2023-11-14 00:00:00-05:00,49.5128058624294,50.27961949208473,49.22161189120386,49.852535247802734,1086700,0.0,0.0
2023-11-15 00:00:00-05:00,49.842829113597865,50.5222842147341,49.4545717006146,49.745765686035156,908700,0.0,0.0
2023-11-16 00:00:00-05:00,49.59045966343208,50.04666589767421,48.37714836192193,48.513038635253906,802700,0.0,0.0
2023-11-17 00:00:00-05:00,49.11483572347516,50.02724811243888,48.716869799373505,49.871944427490234,502100,0.0,0.0
2023-11-20 00:00:00-05:00,49.44485087492497,49.61956796339758,48.5615605733052,48.6100959777832,862500,0.0,0.0
2023-11-21 00:00:00-05:00,48.29950040346182,48.445099258045644,47.47445010144065,47.60063552856445,867000,0.0,0.0
2023-11-22 00:00:00-05:00,47.377375402357046,48.41596945676808,46.77557040238049,48.09565353393555,740500,0.0,0.0
2023-11-24 00:00:00-05:00,48.02771496824875,48.852768889578726,48.02771496824875,48.474212646484375,211300,0.0,0.0
2023-11-27 00:00:00-05:00,47.98888685160641,48.50333335688002,47.91123685439837,48.3674430847168,363200,0.0,0.0
2023-11-28 00:00:00-05:00,48.14418570213372,48.39655649880143,47.231777036080224,47.406494140625,454300,0.0,0.0
2023-11-29 00:00:00-05:00,48.05683007038598,48.70716682187662,47.92093980364431,48.11507034301758,544500,0.0,0.0
2023-11-30 00:00:00-05:00,48.5033329969526,48.668341554002836,47.697692528345875,48.04712677001953,697300,0.0,0.0
2023-12-01 00:00:00-05:00,48.19272285070534,50.2213793464982,47.998592316122235,50.007835388183594,785200,0.0,0.0
2023-12-04 00:00:00-05:00,49.57104133879368,50.590221990782304,49.39632423242627,50.39609146118164,605100,0.0,0.0
2023-12-05 00:00:00-05:00,49.92047275817867,50.11460327691657,49.0954226819572,49.3477897644043,615700,0.0,0.0
2023-12-06 00:00:00-05:00,49.85253305499502,50.70670520871972,49.4157402660033,49.44485855102539,576200,0.0,0.0
2023-12-07 00:00:00-05:00,49.5030942675431,49.96900529867452,49.36720401297123,49.6486930847168,581100,0.0,0.0
2023-12-08 00:00:00-05:00,49.609871861800855,50.39609519598858,49.31867789718569,49.901065826416016,666900,0.0,0.0
2023-12-11 00:00:00-05:00,49.83312129309356,50.31844580755582,49.454568764250155,49.70693588256836,718400,0.0,0.0
2023-12-12 00:00:00-05:00,49.600162506103516,49.83311989571517,49.143959993159335,49.600162506103516,883100,0.0,0.0
2023-12-13 00:00:00-05:00,49.60015339286869,51.32791081631609,48.82363507472282,51.18231201171875,1006100,0.0,0.0
2023-12-14 00:00:00-05:00,53.327453522402934,56.841205488997915,53.327453522402934,56.67619323730469,1607700,0.0,0.0
2023-12-15 00:00:00-05:00,56.4723581670245,58.08363533183268,56.21028249710165,56.326759338378906,1925900,0.0,0.0
2023-12-18 00:00:00-05:00,56.773264921289176,56.812088069457175,55.00668023264863,55.64731216430664,864100,0.0,0.0
2023-12-19 00:00:00-05:00,56.11322074275137,57.569194261427235,56.11322074275137,57.4235954284668,953800,0.0,0.0
2023-12-20 00:00:00-05:00,55.899678151899124,57.39447855654437,55.608484181538515,55.69584274291992,981100,0.0,0.0
2023-12-21 00:00:00-05:00,56.433530892490445,56.433530892490445,55.16198310322181,56.1811637878418,618500,0.0,0.0
2023-12-22 00:00:00-05:00,56.210282502099204,56.74413870262713,55.82202142749779,56.16175079345703,408000,0.0,0.0
2023-12-26 00:00:00-05:00,56.326758109155065,57.57889615943916,56.0840958685294,57.219757080078125,435800,0.0,0.0
2023-12-27 00:00:00-05:00,57.122691578569494,57.40418067431613,56.70531221666435,56.81208419799805,433400,0.0,0.0
2023-12-28 00:00:00-05:00,56.42382149197935,57.46241551688725,56.42382149197935,56.88002395629883,432700,0.0,0.0
2023-12-29 00:00:00-05:00,56.666493791030966,56.99651462321786,55.47259587825459,55.773494720458984,560500,0.0,0.0
2024-01-02 00:00:00-05:00,55.42405549226075,56.74413870262713,55.161983525046615,56.16175079345703,653900,0.0,0.0
2024-01-03 00:00:00-05:00,54.90960707761173,55.307572971985586,54.01661188154615,54.06514358520508,741800,0.0,0.0
2024-01-04 00:00:00-05:00,54.46311001387667,55.81231138358184,53.92925386292788,55.38522720336914,1218400,0.0,0.0
2024-01-05 00:00:00-05:00,54.88049322250998,56.336466666103576,54.87078465935614,55.71525192260742,619900,0.0,0.0
2024-01-08 00:00:00-05:00,54.79313106225558,55.569649440528856,54.142794374823666,55.540531158447266,693000,0.0,0.0
2024-01-09 00:00:00-05:00,54.49223347878479,55.22992878163658,53.76424673932244,55.15227508544922,651700,0.0,0.0
2024-01-10 00:00:00-05:00,55.103741757602236,55.103741757602236,53.434224365949234,54.385459899902344,764200,0.0,0.0
2024-01-11 00:00:00-05:00,54.26898396745062,55.24933780161316,53.47305210529395,55.181392669677734,653700,0.0,0.0
2024-01-12 00:00:00-05:00,55.72496163553587,56.016155609065244,54.870789437481726,55.501712799072266,794400,0.0,0.0
2024-01-16 00:00:00-05:00,54.81255348251929,55.220224309511146,54.32722895358671,55.142574310302734,583700,0.0,0.0
2024-01-17 00:00:00-05:00,53.57982559117749,54.57959287724796,53.57982559117749,53.948673248291016,506600,0.0,0.0
2024-01-18 00:00:00-05:00,54.61842326505738,55.32699663731263,54.23016215843945,54.95814895629883,604600,0.0,0.0
2024-01-19 00:00:00-05:00,54.63783076513265,55.07462353702411,53.686595230086745,55.05521011352539,684000,0.0,0.0
2024-01-22 00:00:00-05:00,55.618187991901536,57.112988368305416,55.55024285685882,56.239402770996094,641600,0.0,0.0
2024-01-23 00:00:00-05:00,56.98679822502924,56.98679822502924,55.822018759624726,56.27822494506836,562100,0.0,0.0
2024-01-24 00:00:00-05:00,57.16152212386007,57.190640410568164,55.72496197012172,55.987037658691406,379200,0.0,0.0
2024-01-25 00:00:00-05:00,57.08386774581965,60.98587708284604,57.08386774581965,60.35495376586914,1118600,0.0,0.0
2024-01-26 00:00:00-05:00,60.665560931694216,61.40325252342154,59.63667168530917,59.69491195678711,663700,0.0,0.0
2024-01-29 00:00:00-05:00,59.41342613812675,61.37413761977042,59.131937031242515,61.218833923339844,792700,0.0,0.0
2024-01-30 00:00:00-05:00,60.684977171763734,62.247718983592385,60.46172834150249,61.07323455810547,805700,0.0,0.0
2024-01-31 00:00:00-05:00,60.937346951612206,61.684747173976,59.568731921759635,59.62697219848633,626900,0.0,0.0
2024-02-01 00:00:00-05:00,60.4617189568359,61.044106797318285,59.461948103607966,60.820858001708984,431000,0.0,0.0
2024-02-02 00:00:00-05:00,60.09287493488568,61.88857396911423,60.01522494613016,61.50031661987305,560000,0.0,0.0
2024-02-05 00:00:00-05:00,61.19942319775421,61.59738916883133,60.13171070054214,61.102359771728516,572200,0.0,0.0
2024-02-06 00:00:00-05:00,61.17029824040383,62.29625089209538,61.01499455405782,61.39354705810547,918900,0.0,0.0
2024-02-07 00:00:00-05:00,61.71386475443155,62.771868602216145,61.02470115530083,62.15065383911133,701900,0.0,0.0
2024-02-08 00:00:00-05:00,62.17976885274385,63.0533543816081,61.80121635781329,62.46125793457031,909400,0.0,0.0
2024-02-09 00:00:00-05:00,58.72426835919528,60.59762134852538,54.472824423037245,57.12269592285156,2086300,0.0,0.0
2024-02-12 00:00:00-05:00,57.355645627419214,58.413653113021255,57.19063338330712,57.46241760253906,1204200,0.0,0.0
2024-02-13 00:00:00-05:00,54.41458712650017,54.60871397449457,53.065381835452506,53.492469787597656,1286400,0.0,0.0
2024-02-14 00:00:00-05:00,54.28839814299471,54.9775580351581,53.696301668445415,54.64753723144531,681700,0.0,0.0
2024-02-15 00:00:00-05:00,54.28840072057766,55.30758146484397,53.99720675117761,55.200809478759766,720200,0.0,0.0
2024-02-16 00:00:00-05:00,54.46311048309644,55.1619788774034,53.64776525731557,53.68659210205078,441000,0.0,0.0
2024-02-20 00:00:00-05:00,52.58976063817622,53.53129130868534,52.2597398456176,53.05567169189453,665000,0.0,0.0
2024-02-21 00:00:00-05:00,53.055673453778645,53.86131388988195,52.71594778959775,53.647769927978516,625800,0.0,0.0
2024-02-22 00:00:00-05:00,53.81277683711983,54.045734215976005,51.27938616992601,51.54145812988281,955800,0.0,0.0
2024-02-23 00:00:00-05:00,51.793827027538136,52.56064056393982,51.37644769520465,52.29856491088867,799100,0.0,0.0
2024-02-26 00:00:00-05:00,52.18208225355817,52.987722602720005,51.74529321895698,52.560638427734375,452600,0.0,0.0
2024-02-27 00:00:00-05:00,53.12361159773613,53.977783630244,53.03625305233497,53.958370208740234,676200,0.0,0.0
2024-02-28 00:00:00-05:00,53.73513234362299,55.24934250154502,53.73513234362299,54.977561950683594,618700,0.0,0.0
2024-02-29 00:00:00-05:00,55.42405908233291,56.1326361447881,55.1425736728824,55.66672134399414,677300,0.0,0.0
2024-03-01 00:00:00-05:00,55.9287925519057,56.22969506525172,54.72518990398556,55.02608871459961,445200,0.0,0.0
2024-03-04 00:00:00-05:00,55.32698876549992,56.39470110268877,55.32698876549992,55.47258758544922,504100,0.0,0.0
2024-03-05 00:00:00-05:00,54.77371483167803,54.967845341976094,53.33715497984277,54.6572380065918,880200,0.0,0.0
2024-03-06 00:00:00-05:00,55.13286021377049,56.258812859798674,54.73489428808981,55.55023956298828,604300,0.0,0.0
2024-03-07 00:00:00-05:00,56.12462967686678,57.53626089280263,56.12462967686678,57.49732208251953,752800,0.17,0.0
2024-03-08 00:00:00-05:00,58.22747883271586,59.629376301878615,56.99108152333549,57.020286560058594,645900,0.0,0.0
2024-03-11 00:00:00-04:00,56.71848869750738,57.23446787710162,56.06621810589238,56.89372634887695,675700,0.0,0.0
2024-03-12 00:00:00-04:00,57.068959561661295,57.16631586805222,55.871504846278036,56.48483657836914,494300,0.0,0.0
2024-03-13 00:00:00-04:00,56.14409516010903,57.23446351072823,55.890976190643045,56.37774658203125,411900,0.0,0.0
2024-03-14 00:00:00-04:00,57.25394202132019,57.35129462641891,55.99807336122192,56.80611038208008,589700,0.0,0.0
2024-03-15 00:00:00-04:00,56.55299136267047,58.22748290893832,56.55299136267047,57.50706100463867,1435600,0.0,0.0
2024-03-18 00:00:00-04:00,57.12737951126698,57.77965012255082,57.03002690813212,57.283145904541016,670900,0.0,0.0
2024-03-19 00:00:00-04:00,56.582193784523994,58.09118137586943,56.05648454220179,58.08144760131836,557400,0.0,0.0
2024-03-20 00:00:00-04:00,57.8185925432387,58.870018481232336,57.15658444459761,58.33456802368164,518900,0.0,0.0
2024-03-21 00:00:00-04:00,58.772660386537964,60.56397570859457,58.64610274927616,60.15509033203125,575100,0.0,0.0
2024-03-22 00:00:00-04:00,59.999327179946626,60.94365933503326,59.66832312278611,59.98958969116211,520200,0.0,0.0
2024-03-25 00:00:00-04:00,59.87276514919089,60.37900686114465,59.863031374279615,60.28165054321289,282000,0.0,0.0
2024-03-26 00:00:00-04:00,60.768418607616574,61.11889391089406,59.9409103633609,60.99233627319336,653000,0.0,0.0
2024-03-27 00:00:00-04:00,61.33307588658311,62.86153478221114,61.225985794801154,62.8128547668457,638600,0.0,0.0
2024-03-28 00:00:00-04:00,62.734972186797606,63.26068511561471,62.12164043651098,62.69602966308594,631600,0.0,0.0
2024-04-01 00:00:00-04:00,62.65708723909784,62.68629227504634,61.167570985508824,61.430423736572266,440000,0.0,0.0
2024-04-02 00:00:00-04:00,61.060483652128326,61.508311554404656,60.417946835977695,61.44989776611328,609200,0.0,0.0
2024-04-03 00:00:00-04:00,61.91719883770191,63.28015756302644,61.91719883770191,63.27042007446289,625700,0.0,0.0
2024-04-04 00:00:00-04:00,63.28015708788634,63.68904247415532,62.25793990845015,62.75444412231445,697700,0.0,0.0
2024-04-05 00:00:00-04:00,62.91994087970293,64.14660439957068,62.80312073425737,63.377506256103516,550000,0.0,0.0
2024-04-08 00:00:00-04:00,63.757199648525926,63.83508471313398,62.90048622042299,63.28016662597656,512800,0.0,0.0
2024-04-09 00:00:00-04:00,63.53328226812186,63.79613504737208,62.56947141330633,63.68904495239258,545100,0.0,0.0
2024-04-10 00:00:00-04:00,61.82958358193002,63.28989870844756,61.196784197995186,62.783653259277344,938400,0.0,0.0
2024-04-11 00:00:00-04:00,62.69603242067873,62.861532583087396,61.71275407941015,62.6084098815918,800300,0.0,0.0
2024-04-12 00:00:00-04:00,61.86852455798497,62.598683959798464,61.37202032416733,61.69328689575195,819300,0.0,0.0
2024-04-15 00:00:00-04:00,62.40396411405987,63.221742252561604,60.515296289343,60.80735778808594,915700,0.0,0.0
2024-04-16 00:00:00-04:00,60.15509071645407,61.02154148888701,59.51255389648868,60.42768096923828,532000,0.0,0.0
2024-04-17 00:00:00-04:00,60.81710230747867,60.91445491372768,58.80187290526037,59.103668212890625,896700,0.0,0.0
2024-04-18 00:00:00-04:00,59.48334500918221,60.24270940468644,58.08144750894645,58.18853759765625,864100,0.0,0.0
2024-04-19 00:00:00-04:00,57.99382614563326,58.86027687817331,57.497321963241404,58.65583419799805,906200,0.0,0.0
2024-04-22 00:00:00-04:00,58.89922066607391,59.83381897872819,58.21774133710216,59.12313461303711,617000,0.0,0.0
2024-04-23 00:00:00-04:00,59.473608965354025,60.856035150006676,59.356785106566186,59.385990142822266,741800,0.0,0.0
2024-04-24 00:00:00-04:00,59.23022373862861,59.64884658904549,57.984092675302165,59.03551483154297,1124600,0.0,0.0
2024-04-25 00:00:00-04:00,58.08145017256543,58.67531071808982,56.270663497282506,58.315101623535156,1956700,0.0,0.0
2024-04-26 00:00:00-04:00,59.81435101239987,60.63212550947676,54.83956017842623,58.013301849365234,2147300,0.0,0.0
2024-04-29 00:00:00-04:00,59.09392852131312,59.09392852131312,56.39722000405339,57.39023208618164,1222800,0.0,0.0
2024-04-30 00:00:00-04:00,56.718487555241566,56.72822504332357,54.06072151467997,54.56696319580078,1183400,0.0,0.0
2024-05-01 00:00:00-04:00,54.907705669608845,55.17055843216543,53.61289455074596,54.304107666015625,1035800,0.0,0.0
2024-05-02 00:00:00-04:00,54.518294016369076,55.94940042270326,53.788138292935564,55.93966293334961,776200,0.0,0.0
2024-05-03 00:00:00-04:00,56.75743407953072,57.70176994679647,55.92992579490004,56.80611038208008,610600,0.0,0.0
2024-05-06 00:00:00-04:00,57.66282265457006,58.32483071307838,57.11763845527982,58.12038803100586,738700,0.0,0.0
2024-05-07 00:00:00-04:00,58.34430400198618,59.24969729834546,58.16906635018995,58.889488220214844,786700,0.0,0.0
2024-05-08 00:00:00-04:00,58.18853653584563,58.64610191970574,57.81858997626163,57.8575325012207,809300,0.0,0.0
2024-05-09 00:00:00-04:00,58.1301228959703,59.444405263448346,57.409704751216644,59.39572525024414,448300,0.0,0.0
2024-05-10 00:00:00-04:00,59.755934704609686,60.7197380065918,59.61963958826986,60.7197380065918,522600,0.0,0.0
2024-05-13 00:00:00-04:00,60.88524568617301,61.38174988590953,60.213500122468545,60.369266510009766,481000,0.0,0.0
2024-05-14 00:00:00-04:00,61.225984580379595,62.12164410989282,60.992336851820454,61.7516975402832,554800,0.0,0.0
2024-05-15 00:00:00-04:00,62.79337963179101,62.79337963179101,61.18703587663522,61.410953521728516,806400,0.0,0.0
2024-05-16 00:00:00-04:00,60.90471443353795,60.90471443353795,58.66556759868221,58.73371887207031,591500,0.0,0.0
2024-05-17 00:00:00-04:00,58.78240256643139,59.72673474595399,58.52927984417787,59.54176330566406,466200,0.0,0.0
2024-05-20 00:00:00-04:00,59.493077647206604,60.35952834701811,59.01604103105333,60.31085205078125,373500,0.0,0.0
2024-05-21 00:00:00-04:00,60.184299172892295,60.58345080018608,59.75594250650214,60.50556945800781,351100,0.0,0.0
2024-05-22 00:00:00-04:00,60.106412224730924,60.61265018608373,59.775408195376535,60.223236083984375,352200,0.0,0.0
2024-05-23 00:00:00-04:00,60.554243860920266,60.554243860920266,58.334568115152194,58.928428649902344,608200,0.0,0.0
2024-05-24 00:00:00-04:00,59.32757988349789,59.59043636671964,58.685043051321514,59.356788635253906,477400,0.0,0.0
2024-05-28 00:00:00-04:00,59.57096588386916,59.81435110702991,57.993830677641384,58.25668716430664,625700,0.0,0.0
2024-05-29 00:00:00-04:00,57.53626529637397,57.79912178316111,56.12463397239811,56.61140441894531,718400,0.0,0.0
2024-05-30 00:00:00-04:00,56.91320261404829,58.451399085988825,56.699026132032195,57.71150588989258,705800,0.0,0.0
2024-05-31 00:00:00-04:00,58.13012523536537,58.2274815519282,56.85478905538408,58.091182708740234,759600,0.0,0.0
2024-06-03 00:00:00-04:00,58.67530185800178,58.80186319623952,54.18727837495057,55.77415084838867,1400600,0.0,0.0
2024-06-04 00:00:00-04:00,55.19976873646299,55.783891779991464,54.10940398878676,54.55723190307617,1100100,0.0,0.0
2024-06-05 00:00:00-04:00,54.92717335547128,56.562722291919606,54.323579064137434,55.94939422607422,807000,0.0,0.0
2024-06-06 00:00:00-04:00,55.67599243510645,56.418076974928915,55.304948302804355,55.705284118652344,592400,0.17,0.0
2024-06-07 00:00:00-04:00,55.24636575054569,56.027508363138296,54.91437967459611,55.32447814941406,412500,0.0,0.0
2024-06-10 00:00:00-04:00,54.680031065620014,56.16420378437491,54.65073938376495,55.187774658203125,378800,0.0,0.0
2024-06-11 00:00:00-04:00,54.640973755387655,55.1291883251637,53.850068536210664,54.4359245300293,712100,0.0,0.0
2024-06-12 00:00:00-04:00,56.13491581339736,57.169928371700244,53.86959666412772,53.937950134277344,761300,0.0,0.0
2024-06-13 00:00:00-04:00,53.566906323967274,53.79148459222205,52.72717661888659,53.469261169433594,692800,0.0,0.0
2024-06-14 00:00:00-04:00,52.44401273019799,52.473308139771405,50.43257091249928,51.643341064453125,1218400,0.0,0.0
2024-06-17 00:00:00-04:00,51.477352386978595,52.561189474341745,50.7840847733581,52.492835998535156,809800,0.0,0.0
2024-06-18 00:00:00-04:00,52.58070227321081,53.410669191434295,51.770268107527066,52.18036651611328,856400,0.0,0.0
2024-06-20 00:00:00-04:00,51.97532697904758,52.82481935825103,51.633578241661674,51.877685546875,874500,0.0,0.0
2024-06-21 00:00:00-04:00,51.838628243388136,52.60024185487908,51.116068970469136,52.23896408081055,1226000,0.0,0.0
2024-06-24 00:00:00-04:00,52.56118730214664,54.14300161371425,52.4635421441598,52.65882873535156,770600,0.0,0.0
2024-06-25 00:00:00-04:00,52.336599322336696,52.863871940885275,52.024142302037134,52.453773498535156,529700,0.0,0.0
2024-06-26 00:00:00-04:00,52.0632061607112,52.62953690108293,51.39923398741148,51.9655647277832,1153800,0.0,0.0
2024-06-27 00:00:00-04:00,51.43828765529542,52.33660068077778,51.32111720083719,51.9265022277832,637400,0.0,0.0
2024-06-28 00:00:00-04:00,52.326842015808396,53.674315381497976,52.10226374232378,53.54737854003906,3060600,0.0,0.0
2024-07-01 00:00:00-04:00,53.70360529461167,54.00629968355727,52.01438324777315,52.31707763671875,862500,0.0,0.0
2024-07-02 00:00:00-04:00,52.23895847761424,52.87363890230161,52.05343828375528,52.121788024902344,669500,0.0,0.0
2024-07-03 00:00:00-04:00,52.4244814941728,53.23491950395532,52.04367470876916,52.922462463378906,408400,0.0,0.0
2024-07-05 00:00:00-04:00,52.72716960456137,53.117742721174345,51.86791098288161,52.20966339111328,614700,0.0,0.0
2024-07-08 00:00:00-04:00,52.69787742102958,53.391141157852154,51.83861880755891,51.93626022338867,604100,0.0,0.0
2024-07-09 00:00:00-04:00,51.60428101705791,51.79956759931594,50.43256897307319,50.46186065673828,732600,0.0,0.0
2024-07-10 00:00:00-04:00,50.67667987616485,51.213715222006876,50.1494071839787,50.88172912597656,957000,0.0,0.0
2024-07-11 00:00:00-04:00,51.58475807889708,53.37162163533877,51.58475807889708,53.02987289428711,960000,0.0,0.0
2024-07-12 00:00:00-04:00,54.05511686845679,54.30898680164194,53.195858196909,53.332557678222656,870000,0.0,0.0
2024-07-15 00:00:00-04:00,53.75242434494319,55.27565517070097,52.62953304932381,54.37733840942383,1618300,0.0,0.0
2024-07-16 00:00:00-04:00,54.69956626587249,59.55242076233549,54.42616727163185,59.005619049072266,1915500,0.0,0.0
2024-07-17 00:00:00-04:00,58.41976342570301,59.21066872906676,57.394509740216435,57.79484558105469,1050900,0.0,0.0
2024-07-18 00:00:00-04:00,57.35544834584376,59.806283806606544,56.2716114229345,56.34972381591797,1164300,0.0,0.0
2024-07-19 00:00:00-04:00,56.21302937233599,56.21302937233599,54.78744361839992,55.12919235229492,838800,0.0,0.0
2024-07-22 00:00:00-04:00,56.73053445768669,62.02278260517542,56.300906954942995,61.17329025268555,2776300,0.0,0.0
2024-07-23 00:00:00-04:00,61.17328389377227,65.27428308627296,60.73389005892395,64.26856231689453,2486100,0.0,0.0
2024-07-24 00:00:00-04:00,63.95610779095653,64.91301161281217,61.45644788599169,61.5931510925293,1371400,0.0,0.0
2024-07-25 00:00:00-04:00,61.729850931538834,65.81132500224462,61.72008455433887,64.14163208007812,1448400,0.0,0.0
2024-07-26 00:00:00-04:00,65.42074989540438,66.47529511444928,64.89347728588194,65.18640899658203,1437500,0.0,0.0
2024-07-29 00:00:00-04:00,65.37192744691536,65.56721774317074,64.01469154858363,64.69819641113281,941600,0.0,0.0
2024-07-30 00:00:00-04:00,64.76653748521811,65.49885923665776,63.38976901672176,64.15138244628906,1525500,0.0,0.0
2024-07-31 00:00:00-04:00,61.17328699420133,62.9503877276283,58.3806990631642,61.76890563964844,2440700,0.0,0.0
2024-08-01 00:00:00-04:00,61.77866921699597,62.30594182164071,56.58406673551716,57.345680236816406,1189300,0.0,0.0
2024-08-02 00:00:00-04:00,54.96319957199614,55.26589023468398,52.94199146238301,53.10798263549805,1620400,0.0,0.0
2024-08-05 00:00:00-04:00,49.66118787481387,52.95175311440981,48.948395032099114,52.79552459716797,1880200,0.0,0.0
2024-08-06 00:00:00-04:00,53.20562880206896,54.68003525669367,52.580710984604316,53.79148483276367,954800,0.0,0.0
2024-08-07 00:00:00-04:00,54.894847131956446,55.30494558053962,51.877680957446124,52.072967529296875,713200,0.0,0.0
2024-08-08 00:00:00-04:00,53.039634117627884,54.0355923537019,52.248725120656275,53.7426643371582,507700,0.0,0.0
2024-08-09 00:00:00-04:00,53.69369127336643,53.69369127336643,52.322453583996634,52.929718017578125,512600,0.17,0.0
2024-08-12 00:00:00-04:00,53.243144748292515,53.243144748292515,51.91108609226436,52.13636016845703,494000,0.0,0.0
2024-08-13 00:00:00-04:00,52.635880804625174,52.92971637571196,51.431148611421925,52.195125579833984,880200,0.0,0.0
2024-08-14 00:00:00-04:00,52.43999089698301,52.43999089698301,51.2744377380806,51.607452392578125,485600,0.0,0.0
2024-08-15 00:00:00-04:00,53.73286631669307,54.359716503790146,52.655464288338365,53.41944122314453,730000,0.0,0.0
2024-08-16 00:00:00-04:00,53.35087777991986,54.30094592559467,52.91012259052346,53.037452697753906,513500,0.0,0.0
2024-08-19 00:00:00-04:00,53.2823176904751,53.99731891165767,52.94930306479756,53.49779510498047,528500,0.0,0.0
2024-08-20 00:00:00-04:00,53.3116989014711,53.497793877072986,52.43998515505543,52.61628723144531,610500,0.0,0.0
2024-08-21 00:00:00-04:00,53.04725052295788,53.54677062644534,52.59670239254613,53.086429595947266,717900,0.0,0.0
2024-08-22 00:00:00-04:00,52.92971553020455,53.341084575890385,52.430191704646674,52.55752182006836,428100,0.0,0.0
2024-08-23 00:00:00-04:00,52.890538383312915,54.986570232543784,52.890538383312915,54.39889907836914,603100,0.0,0.0
2024-08-26 00:00:00-04:00,54.908214749829995,55.672187982599894,54.457662888352516,55.18246078491211,653100,0.0,0.0
2024-08-27 00:00:00-04:00,54.555609089686676,54.751500710711994,53.233343450007176,53.9581413269043,434900,0.0,0.0
2024-08-28 00:00:00-04:00,53.86019924268449,54.76129549963738,53.723072487810676,54.271568298339844,533300,0.0,0.0
2024-08-29 00:00:00-04:00,55.25102118032251,55.789720339659375,54.026703210774215,55.133487701416016,440100,0.0,0.0
2024-08-30 00:00:00-04:00,55.29019735166641,55.701566374420615,54.0267003766555,55.60362243652344,491500,0.0,0.0
2024-09-03 00:00:00-04:00,54.72211410898771,54.91800572847388,51.91108113877511,52.018821716308594,651400,0.0,0.0
2024-09-04 00:00:00-04:00,51.65642591242634,52.37142716516677,50.36354268672142,50.81409454345703,975900,0.0,0.0
2024-09-05 00:00:00-04:00,50.696561818175375,51.00019404952012,49.129436157768986,49.41347885131836,777700,0.0,0.0
2024-09-06 00:00:00-04:00,49.43306079641769,50.23621304105568,48.4144274054499,48.78662109375,870700,0.0,0.0
2024-09-09 00:00:00-04:00,49.04128026251004,50.40272124609194,48.904157247807106,49.43306350708008,818500,0.0,0.0
2024-09-10 00:00:00-04:00,49.570186064250535,49.98155510456241,48.56134926282884,48.88456726074219,656100,0.0,0.0
2024-09-11 00:00:00-04:00,48.70826808627638,49.51142041553069,47.121552964618125,49.17840576171875,680000,0.0,0.0
2024-09-12 00:00:00-04:00,49.56038896192649,50.050116140349964,48.69847181805292,49.6583366394043,566600,0.0,0.0
2024-09-13 00:00:00-04:00,50.588818436829904,51.05895607428551,50.05011555777699,50.36354064941406,460300,0.0,0.0
2024-09-16 00:00:00-04:00,50.647586792315025,52.31266004144281,50.647586792315025,52.038414001464844,822400,0.0,0.0
2024-09-17 00:00:00-04:00,52.90033020304738,54.34992599487305,52.76320718562869,54.34992599487305,932300,0.0,0.0
2024-09-18 00:00:00-04:00,54.44787339248934,57.02383965954796,53.68390011195544,54.70252990722656,1664100,0.0,0.0
2024-09-19 00:00:00-04:00,53.674101604822695,53.99732335767681,51.039370553418465,52.72403335571289,1885300,0.0,0.0
2024-09-20 00:00:00-04:00,52.116764112049374,52.12656074771013,50.53984203962571,50.79450225830078,1776700,0.0,0.0
2024-09-23 00:00:00-04:00,50.83368561914595,51.43114967362224,50.157859681734394,51.411563873291016,961800,0.0,0.0
2024-09-24 00:00:00-04:00,52.12656075387414,53.06683601604307,51.71518799147413,52.185325622558594,864300,0.0,0.0
2024-09-25 00:00:00-04:00,52.312657920133624,52.56731441316925,50.53005125991847,50.75532531738281,773600,0.0,0.0
2024-09-26 00:00:00-04:00,52.312659791273155,52.596702466361734,50.73573759629688,51.00019073486328,1248800,0.0,0.0
2024-09-27 00:00:00-04:00,51.685807911755006,52.68485182444307,51.06875060820492,51.65642547607422,826300,0.0,0.0
2024-09-30 00:00:00-04:00,51.205872097163,52.17553354527349,50.85326793421373,51.82292938232422,554000,0.0,0.0
2024-10-01 00:00:00-04:00,51.2646452716776,51.70540051464324,50.19703978819291,50.69655990600586,533500,0.0,0.0
2024-10-02 00:00:00-04:00,50.69655656928839,51.294024333059994,49.84443231318756,50.54964065551758,774500,0.0,0.0
2024-10-03 00:00:00-04:00,49.991352482428994,50.40272152884554,49.33511610454106,49.84443283081055,511300,0.0,0.0
2024-10-04 00:00:00-04:00,51.41155920099633,51.41155920099633,49.795458069030516,50.451690673828125,622600,0.0,0.0
2024-10-07 00:00:00-04:00,50.04032915995044,51.08834514683898,49.71710739052309,51.07855224609375,713400,0.0,0.0
2024-10-08 00:00:00-04:00,50.66717140365071,52.2636829875895,49.34490956935255,51.92087173461914,1470000,0.0,0.0
2024-10-09 00:00:00-04:00,51.63684020234749,53.40965037942772,51.411566125449205,52.410606384277344,825800,0.0,0.0
2024-10-10 00:00:00-04:00,51.41156105859116,52.46936982570147,51.20587280315365,52.018821716308594,827500,0.0,0.0
2024-10-11 00:00:00-04:00,51.999234425979516,54.37930892514822,51.999234425979516,54.34012985229492,847100,0.0,0.0
2024-10-14 00:00:00-04:00,53.92876181156131,54.47725389654531,53.54677144853331,54.25197982788086,648800,0.0,0.0
2024-10-15 00:00:00-04:00,54.06588183590082,55.58403535833547,53.89937265053032,54.584991455078125,663300,0.0,0.0
2024-10-16 00:00:00-04:00,55.074717710541385,56.29903564933962,54.790675052022955,54.810264587402344,466300,0.0,0.0
2024-10-17 00:00:00-04:00,54.86903131619921,55.39793754438079,54.17361964747253,55.1922492980957,390300,0.0,0.0
2024-10-18 00:00:00-04:00,55.5546537863692,55.5546537863692,54.66335044750087,54.986568450927734,308900,0.0,0.0
2024-10-21 00:00:00-04:00,55.11390311706229,55.11390311706229,52.78280044744236,52.82197952270508,564500,0.0,0.0
2024-10-22 00:00:00-04:00,52.675062634176065,53.89938077823053,52.498760522526425,52.910133361816406,493700,0.0,0.0
2024-10-23 00:00:00-04:00,52.74361620817671,53.066837942964845,51.45073674166795,51.803340911865234,598600,0.0,0.0
2024-10-24 00:00:00-04:00,51.81313816623248,52.15594570450325,51.00998587400785,51.86211013793945,603300,0.0,0.0
2024-10-25 00:00:00-04:00,51.97964152961478,52.74361471926119,51.55847586447079,52.665260314941406,657600,0.0,0.0
2024-10-28 00:00:00-04:00,53.194171037615206,54.536022550435604,53.194171037615206,54.32054138183594,858500,0.0,0.0
2024-10-29 00:00:00-04:00,54.25197175610782,54.7416988941645,52.97868194442476,53.14518737792969,1386500,0.0,0.0
2024-10-30 00:00:00-04:00,51.17649130755359,51.96005406356275,50.01094194151009,50.471282958984375,1865700,0.0,0.0
2024-10-31 00:00:00-04:00,50.481077563502424,51.0785453085149,49.276349174062325,50.6475830078125,912700,0.0,0.0
2024-11-01 00:00:00-04:00,51.12752203325297,51.79355134507967,50.20683247708671,50.35375213623047,593000,0.0,0.0
2024-11-04 00:00:00-05:00,49.85423083334841,51.05895930614395,49.6975182776105,50.16765594482422,509500,0.0,0.0
2024-11-05 00:00:00-05:00,49.80525644547929,51.47032972957781,49.21758527994905,51.254852294921875,721400,0.0,0.0
2024-11-06 00:00:00-05:00,55.084513220848926,57.4547909084959,54.69272999391007,57.405818939208984,1171400,0.0,0.0
2024-11-07 00:00:00-05:00,56.97486038556195,57.09239760315886,55.14328171237981,55.18246078491211,715500,0.0,0.0
2024-11-08 00:00:00-05:00,54.88773257007071,55.310172917426215,53.98390915092962,54.75019454956055,939900,0.17,0.0
2024-11-11 00:00:00-05:00,55.33965068063048,55.53613143499135,54.43582347052378,54.60283660888672,555200,0.0,0.0
2024-11-12 00:00:00-05:00,54.33758020742501,54.54388723712488,52.205729657636574,52.29414749145508,727000,0.0,0.0
2024-11-13 00:00:00-05:00,52.78535924076161,52.92289726679995,50.65351234190705,50.692806243896484,620700,0.0,0.0
2024-11-14 00:00:00-05:00,51.085769807654216,52.107486103238436,50.86963650538031,51.645748138427734,586500,0.0,0.0
2024-11-15 00:00:00-05:00,52.303969725268615,52.36291244482805,50.840164311591344,51.06612014770508,475300,0.0,0.0
2024-11-18 00:00:00-05:00,51.2429579737396,52.10748745767732,51.017002128048006,51.35102462768555,573800,0.0,0.0
2024-11-19 00:00:00-05:00,50.447198698777925,51.17419018505533,50.447198698777925,50.49632263183594,538100,0.0,0.0
2024-11-20 00:00:00-05:00,50.73210300913845,51.26261002686421,50.348960301102096,51.22331237792969,526700,0.0,0.0
2024-11-21 00:00:00-05:00,51.82258694971062,52.4415117863137,51.05630155519346,51.96012496948242,559700,0.0,0.0
2024-11-22 00:00:00-05:00,51.85205844021846,53.18814848867718,51.488564565973945,52.8541259765625,480600,0.0,0.0
2024-11-25 00:00:00-05:00,53.54181836307542,55.64419375055522,53.531995825176956,55.03509521484375,739000,0.0,0.0
2024-11-26 00:00:00-05:00,53.97408430900332,54.42599977829336,53.14885241623597,53.3453369140625,695900,0.0,0.0
2024-11-27 00:00:00-05:00,53.571291782088025,54.59300815374705,52.95237068470517,53.31586456298828,461600,0.0,0.0
2024-11-29 00:00:00-05:00,53.944610385454375,54.553708926937944,53.52217004684951,53.82672119140625,333700,0.0,0.0
2024-12-02 00:00:00-05:00,53.54181879014573,54.710895686141605,53.01131179628009,54.2688102722168,521700,0.0,0.0
2024-12-03 00:00:00-05:00,54.367055559766285,54.92703396583987,53.649890298437484,54.19021987915039,843300,0.0,0.0
2024-12-04 00:00:00-05:00,54.16074559337313,54.83861316741487,53.70883012971525,54.66177749633789,603000,0.0,0.0
2024-12-05 00:00:00-05:00,54.89755978670108,54.89755978670108,52.019072602486986,52.21555709838867,644100,0.0,0.0
2024-12-06 00:00:00-05:00,52.99166556767771,52.99166556767771,51.37067689277114,52.009246826171875,514800,0.0,0.0
2024-12-09 00:00:00-05:00,52.71658750107629,53.6498860193021,51.53768430687684,51.61627960205078,613200,0.0,0.0
2024-12-10 00:00:00-05:00,50.948234719548935,51.38049760126927,49.651442326758,49.73003387451172,730200,0.0,0.0
2024-12-11 00:00:00-05:00,50.24089026616647,50.673156880154956,49.74968093036487,49.788978576660156,586000,0.0,0.0
2024-12-12 00:00:00-05:00,49.34689185484067,50.231070201873976,49.111113460718464,49.74968338012695,716500,0.0,0.0
2024-12-13 00:00:00-05:00,49.42548086814833,50.08369952799677,48.551125170509,48.67884063720703,794500,0.0,0.0
2024-12-16 00:00:00-05:00,48.94409611456433,49.38618525000894,47.07749920830025,47.29363250732422,1046500,0.0,0.0
2024-12-17 00:00:00-05:00,47.971505675269036,47.971505675269036,46.07543733365105,46.458580017089844,1157200,0.0,0.0
2024-12-18 00:00:00-05:00,47.057854584373786,47.450819793710956,44.42497231653287,44.97512435913086,1326300,0.0,0.0
2024-12-19 00:00:00-05:00,45.17161224475273,45.66282160419671,44.13024705358469,44.40532684326172,840500,0.0,0.0
2024-12-20 00:00:00-05:00,43.91411690693156,45.31897595629654,43.81587278775537,44.277610778808594,2665800,0.0,0.0
2024-12-23 00:00:00-05:00,44.10077491677837,44.60181055328503,43.64886321345741,44.493743896484375,813500,0.0,0.0
2024-12-24 00:00:00-05:00,44.35620618425819,44.58216203747942,44.00253484960586,44.50356674194336,290100,0.0,0.0
2024-12-26 00:00:00-05:00,43.982887573404675,45.13231570384123,43.982887573404675,44.99477767944336,437200,0.0,0.0
2024-12-27 00:00:00-05:00,44.601812329030814,45.269857372550156,44.06147902351511,44.43479919433594,443500,0.0,0.0
2024-12-30 00:00:00-05:00,44.08112338607413,44.81793736705381,43.76674972066652,44.41514587402344,544000,0.0,0.0
2024-12-31 00:00:00-05:00,44.57233624912511,45.41721694741633,44.57233624912511,45.40739440917969,787900,0.0,0.0
2025-01-02 00:00:00-05:00,45.68246642796533,45.810181899573365,43.275540027933694,43.73727798461914,637700,0.0,0.0
2025-01-03 00:00:00-05:00,43.99270847819929,44.945655822753906,43.46220522488358,44.945655822753906,854200,0.0,0.0
2025-01-06 00:00:00-05:00,45.564576615719204,45.977190636992404,44.297255697300734,44.38567352294922,544200,0.0,0.0
2025-01-07 00:00:00-05:00,44.405323189788675,45.00459915862536,44.100772062843724,44.965301513671875,594300,0.0,0.0
2025-01-08 00:00:00-05:00,44.0811292081832,44.30708507581167,43.56044845876239,44.14007568359375,704100,0.0,0.0
2025-01-10 00:00:00-05:00,43.3934304217571,44.08112423341649,43.02011402917811,43.21659851074219,572500,0.0,0.0
2025-01-13 00:00:00-05:00,42.77450917143529,44.11059914289633,42.73521152577355,44.100772857666016,680800,0.0,0.0
2025-01-14 00:00:00-05:00,44.92600690068855,45.16178903869224,43.77657881544918,45.0537223815918,761800,0.0,0.0
2025-01-15 00:00:00-05:00,46.517524500929134,46.62559115883922,45.74141656686846,46.06561279296875,512700,0.0,0.0
2025-01-16 00:00:00-05:00,46.23262951955621,46.79260792899214,45.89860698167949,46.61577224731445,559500,0.0,0.0
2025-01-17 00:00:00-05:00,47.34275957703998,47.38205722760316,46.02631826421528,46.37998962402344,699000,0.0,0.0
2025-01-21 00:00:00-05:00,47.15609658145225,48.04027489140642,46.62558959547975,48.020626068115234,641700,0.0,0.0
2025-01-22 00:00:00-05:00,47.99115361280327,48.11886909744247,47.450824059125175,47.76519775390625,451000,0.0,0.0
2025-01-23 00:00:00-05:00,47.666955421155286,48.4921872729568,47.666955421155286,48.04027557373047,494900,0.0,0.0
2025-01-24 00:00:00-05:00,47.80449139992336,48.50200774258795,47.36240225751983,47.981327056884766,494000,0.0,0.0
2025-01-27 00:00:00-05:00,47.78484910068437,48.050102622338365,46.75331012600564,47.72590637207031,682700,0.0,0.0
2025-01-28 00:00:00-05:00,47.49011687300568,47.49011687300568,45.78070680248894,46.29156494140625,617900,0.0,0.0
2025-01-29 00:00:00-05:00,46.222799755145765,47.018560262821445,45.99684390058773,46.62559127807617,657200,0.0,0.0
2025-01-30 00:00:00-05:00,47.16592209667187,49.36654172501276,47.00873524804967,48.109046936035156,991800,0.0,0.0
2025-01-31 00:00:00-05:00,47.92238200530245,47.96167965192882,46.66488729429767,47.24451446533203,943100,0.0,0.0
2025-02-03 00:00:00-05:00,45.91825248383174,46.17367970130731,44.20884226720913,45.18143844604492,926800,0.0,0.0
2025-02-04 00:00:00-05:00,45.36809356557705,46.733654889720164,45.30914709741896,46.53717041015625,660300,0.0,0.0
2025-02-05 00:00:00-05:00,46.684536583259714,47.2641637600755,46.50770091930711,47.14627456665039,1491000,0.0,0.0
2025-02-06 00:00:00-05:00,46.22279862651026,49.12093451225955,44.719699229676685,45.702117919921875,1592700,0.0,0.0
2025-02-07 00:00:00-05:00,45.780706924754426,45.89859985933228,43.10853078402774,43.963233947753906,1885400,0.0,0.0
2025-02-10 00:00:00-05:00,44.081125379688665,44.18919203474053,42.46995933470055,43.80604934692383,1341300,0.0,0.0
2025-02-11 00:00:00-05:00,43.46220673987461,44.935834851004266,42.76468658574104,44.768821716308594,841500,0.0,0.0
2025-02-12 00:00:00-05:00,43.83552285741668,44.24814067442358,43.30501958930789,44.0909538269043,955100,0.0,0.0
2025-02-13 00:00:00-05:00,44.25796488678465,44.30708507581167,43.43273296918796,44.14007568359375,871100,0.0,0.0
2025-02-14 00:00:00-05:00,44.70005103582187,44.955478249926536,44.25796186945808,44.71969985961914,711600,0.0,0.0
2025-02-18 00:00:00-05:00,44.945648445980126,46.97925453487314,44.542856992325696,46.72382736206055,965700,0.0,0.0
2025-02-19 00:00:00-05:00,45.68246913065394,46.80242583875242,45.68246913065394,46.37016296386719,647000,0.0,0.0
2025-02-20 00:00:00-05:00,46.3603390269922,46.576472349199506,44.50356820658964,44.768821716308594,733700,0.0,0.0
2025-02-21 00:00:00-05:00,45.3680974178676,45.52528426533981,42.25382808355988,42.420841217041016,877000,0.0,0.0
2025-02-24 00:00:00-05:00,42.411014113913836,43.03976523931883,41.133870534354614,41.17316818237305,998200,0.0,0.0
2025-02-25 00:00:00-05:00,41.25175969620764,42.21452949860701,40.94720857343278,41.50718688964844,839300,0.0,0.0
2025-02-26 00:00:00-05:00,41.84121510315943,42.67626954940593,41.4777212116012,41.67420196533203,647500,0.0,0.0
2025-02-27 00:00:00-05:00,41.26158620930151,41.978751424652344,40.51494963161421,40.62301254272461,679100,0.0,0.0
2025-02-28 00:00:00-05:00,40.46582289022657,41.23211198648348,39.424461518529085,39.984439849853516,1585400,0.0,0.0
2025-03-03 00:00:00-05:00,40.34793649995257,40.603367465631415,37.508747000929226,37.61681365966797,1319700,0.0,0.0
2025-03-04 00:00:00-05:00,36.57544602891878,37.783820523299916,35.514435831650125,36.98806381225586,2177500,0.0,0.0
2025-03-05 00:00:00-05:00,37.400676177733104,38.579579259096484,37.1256001662125,38.383094787597656,1783900,0.0,0.0
2025-03-06 00:00:00-05:00,38.01960748069131,40.38723658717133,37.72488259664243,39.689720153808594,1201000,0.0,0.0
2025-03-07 00:00:00-05:00,39.57132978994165,40.676287317330875,39.33455129519642,40.41978073120117,940300,0.17,0.0
2025-03-10 00:00:00-04:00,40.419777699090446,41.58393070370306,39.5811908664302,40.094207763671875,1337200,0.0,0.0
2025-03-11 00:00:00-04:00,39.946219373294404,40.370440994098544,38.476228475609034,39.83769607543945,1225800,0.0,0.0
2025-03-12 00:00:00-04:00,40.035015928652484,40.330986201998094,38.624220403456654,39.038578033447266,912500,0.0,0.0
2025-03-13 00:00:00-04:00,38.722874248737945,39.50226548716732,37.89415526077408,38.63408279418945,752400,0.0,0.0
2025-03-14 00:00:00-04:00,39.24575770891376,40.153404165669,38.910323721509954,39.76864242553711,865000,0.0,0.0
2025-03-17 00:00:00-04:00,39.11750096414424,39.69957739918898,38.1605268853082,39.07803726196289,1088600,0.0,0.0
2025-03-18 00:00:00-04:00,38.65381418619061,39.38387390292182,38.239452815412186,39.107635498046875,761100,0.0,0.0
2025-03-19 00:00:00-04:00,38.98925038024683,39.40360801128367,38.34797831682365,39.08790588378906,897800,0.0,0.0
2025-03-20 00:00:00-04:00,38.45650125640785,39.295088082261294,38.42690535832501,38.55516052246094,764600,0.0,0.0
2025-03-21 00:00:00-04:00,37.8744292538188,38.70314836968745,37.469935623660696,38.56502914428711,3958100,0.0,0.0
2025-03-24 00:00:00-04:00,39.36414779379718,40.46910523233291,38.94978640217991,40.33098602294922,1002200,0.0,0.0
2025-03-25 00:00:00-04:00,40.30139080250516,40.76507999664823,39.452943599440445,39.90676498413086,1082400,0.0,0.0
2025-03-26 00:00:00-04:00,40.054747344159615,40.78481092492883,39.43321084756945,39.84756851196289,673700,0.0,0.0
2025-03-27 00:00:00-04:00,39.74891161305112,39.95609043801631,38.88072884112117,39.54173278808594,515900,0.0,0.0
2025-03-28 00:00:00-04:00,39.265490977949035,39.403610195952446,37.63765249845201,37.963218688964844,777600,0.0,0.0
2025-03-31 00:00:00-04:00,37.213425542442046,37.47979992224718,36.46363015555361,37.27261734008789,937800,0.0,0.0
2025-04-01 00:00:00-04:00,36.61161705583484,37.57845530334598,36.19725565634934,37.55872344970703,1038600,0.0,0.0
2025-04-02 00:00:00-04:00,36.82865975281396,39.76863788893243,36.75959639071348,39.47266387939453,1418000,0.0,0.0
2025-04-03 00:00:00-04:00,37.47980358659004,37.85469755322078,35.08243769742333,35.348812103271484,1668400,0.0,0.0
2025-04-04 00:00:00-04:00,33.55324366928522,33.96760502165907,31.73795473902337,33.72096252441406,1937000,0.0,0.0
2025-04-07 00:00:00-04:00,31.747823590832994,34.90484841211594,31.185478979692718,32.20164489746094,2170200,0.0,0.0
2025-04-08 00:00:00-04:00,33.375668219646336,33.56311518340637,31.205211369760256,31.777421951293945,2693400,0.0,0.0
2025-04-09 00:00:00-04:00,31.294004377751023,36.90758903969136,31.106557404714852,36.23672103881836,1541600,0.0,0.0
2025-04-10 00:00:00-04:00,35.23041340324441,35.54611549864075,32.80345213358539,33.72096252441406,1535400,0.0,0.0
2025-04-11 00:00:00-04:00,33.66177464420655,34.58915305388323,33.02050626325711,34.49049377441406,872600,0.0,0.0
2025-04-14 00:00:00-04:00,35.03310273829279,35.200821612980896,34.293175160267914,34.825923919677734,796200,0.0,0.0
2025-04-15 00:00:00-04:00,34.71740138692425,35.44746493625416,33.947877892779886,34.115596771240234,801500,0.0,0.0
2025-04-16 00:00:00-04:00,33.632171630859375,34.36223509069864,33.020499281350304,33.632171630859375,744600,0.0,0.0
2025-04-17 00:00:00-04:00,33.671637003831364,34.64833924995459,33.57297774033108,34.03666687011719,666200,0.0,0.0
2025-04-21 00:00:00-04:00,33.4447257006156,33.612440800145684,32.714662218600004,33.069828033447266,761800,0.0,0.0
2025-04-22 00:00:00-04:00,33.47432270959772,34.12545880396399,32.685067407860764,33.563114166259766,742400,0.0,0.0
2025-04-23 00:00:00-04:00,35.20082531150218,36.3748425038068,33.93801664996668,34.007076263427734,690400,0.0,0.0
2025-04-24 00:00:00-04:00,34.52009030431912,36.08873695245555,34.13532479454,35.84209442138672,775700,0.0,0.0
2025-04-25 00:00:00-04:00,35.516525172703915,35.822363272094556,35.151495273310616,35.46719741821289,533300,0.0,0.0
2025-04-28 00:00:00-04:00,35.47705570696285,36.05913214782448,34.73712821926413,35.29947280883789,441300,0.0,0.0
2025-04-29 00:00:00-04:00,35.13176345825195,35.58558482162503,34.52995506777327,35.13176345825195,1047900,0.0,0.0
2025-04-30 00:00:00-04:00,34.391834234974176,34.865387430625965,33.79002587275016,34.72726821899414,968900,0.0,0.0
2025-05-01 00:00:00-04:00,35.013373277009975,36.29591360933817,34.41156493496073,35.91115188598633,1492700,0.0,0.0
2025-05-02 00:00:00-04:00,37.598191559397506,39.82783859314333,37.43047266556114,39.29509353637695,1854400,0.0,0.0
2025-05-05 00:00:00-04:00,38.89059076419457,40.794671320507035,38.2887861764422,39.946224212646484,1172500,0.0,0.0
2025-05-06 00:00:00-04:00,39.64038546096776,40.12380268464491,38.930053810786994,38.9793815612793,1171500,0.0,0.0
2025-05-07 00:00:00-04:00,39.137231398244374,39.393741714336485,38.002678118501585,38.436767578125,1107500,0.0,0.0
2025-05-08 00:00:00-04:00,39.19643230439277,40.686155364905915,38.74261093056045,40.18300247192383,809600,0.0,0.0
2025-05-09 00:00:00-04:00,40.39017466776996,41.031446676690805,40.28165512848318,40.626953125,490300,0.0,0.0
2025-05-12 00:00:00-04:00,43.113114981539326,44.88894044422187,43.113114981539326,44.1884765625,1528800,0.0,0.0
2025-05-13 00:00:00-04:00,45.81630876368395,46.447716715603775,45.362487473665865,46.220802307128906,1160600,0.0,0.0
2025-05-14 00:00:00-04:00,46.02349769008025,46.80288522611395,45.75712330556252,46.349063873291016,1008100,0.0,0.0
2025-05-15 00:00:00-04:00,45.94456785731219,46.506912496116406,45.77685275188145,46.270137786865234,1140900,0.0,0.0
2025-05-16 00:00:00-04:00,46.783150261867426,47.52307780407005,46.437852247559306,47.36522674560547,1047900,0.0,0.0
2025-05-19 00:00:00-04:00,46.33919896316478,47.80918630975811,46.2602715484253,47.68093490600586,1023000,0.0,0.0
2025-05-20 00:00:00-04:00,47.414556479122005,48.430722394621526,47.266569470850875,47.582271575927734,967700,0.0,0.0
2025-05-21 00:00:00-04:00,46.7140937969188,47.58227655852526,44.89880462090514,44.95800018310547,1075500,0.0,0.0
2025-05-22 00:00:00-04:00,44.898806716369876,45.53021478557604,44.52391276200354,45.2243766784668,741000,0.0,0.0
2025-05-23 00:00:00-04:00,43.59652957866103,44.602831491063995,42.827006136485984,44.01089096069336,649300,0.0,0.0
2025-05-27 00:00:00-04:00,45.826178938312715,46.625298259088474,44.98759214938754,46.585838317871094,669900,0.0,0.0
2025-05-28 00:00:00-04:00,46.615435578967585,46.615435578967585,45.43155074807836,45.5006103515625,643000,0.0,0.0
2025-05-29 00:00:00-04:00,45.98403635186433,46.072827817946305,45.06652579017276,45.32303237915039,1155100,0.0,0.0
2025-05-30 00:00:00-04:00,44.819878968104554,45.05665367940757,44.227938426380824,44.405517578125,761400,0.0,0.0
2025-06-02 00:00:00-04:00,44.17860871866523,44.474582765099136,42.827008709584646,43.46828079223633,946900,0.0,0.0
2025-06-03 00:00:00-04:00,43.75438213732588,45.372360251829136,43.48801152395559,45.03692626953125,973400,0.0,0.0
2025-06-04 00:00:00-04:00,45.13558049394748,45.49074631966099,44.85934207993303,45.16517639160156,566600,0.0,0.0
2025-06-05 00:00:00-04:00,45.332894494331114,45.727520255765185,44.55350325255967,45.155311584472656,865200,0.0,0.0
2025-06-06 00:00:00-04:00,46.52185431609074,46.58127056075248,45.670240363422316,45.97721862792969,630600,0.17,0.0
2025-06-09 00:00:00-04:00,46.57136856702608,47.75966708418801,46.15546616364267,47.16551971435547,778200,0.0,0.0
2025-06-10 00:00:00-04:00,47.482393987504366,47.90820094433938,46.7496087802196,47.51210021972656,652500,0.0,0.0
2025-06-11 00:00:00-04:00,47.81908133885262,48.3835224499141,47.50220225115132,47.85869216918945,766100,0.0,0.0
2025-06-12 00:00:00-04:00,47.12590536913483,47.19522243119781,46.343608494427905,46.86844253540039,683400,0.0,0.0
2025-06-13 00:00:00-04:00,45.769270289583005,46.18517269563871,44.97706875472036,45.551414489746094,927100,0.0,0.0
2025-06-16 00:00:00-04:00,46.224778804941664,46.789219885487505,45.69994855259115,46.44263458251953,557200,0.0,0.0
2025-06-17 00:00:00-04:00,45.91780068990487,45.91780068990487,44.23437826153676,44.44233322143555,1114000,0.0,0.0
2025-06-18 00:00:00-04:00,44.40272528883742,45.84848661910477,44.303701989091834,44.94736099243164,918300,0.0,0.0
2025-06-20 00:00:00-04:00,45.39297249441794,45.64053451636012,44.7790197377004,45.06618881225586,2105200,0.0,0.0
2025-06-23 00:00:00-04:00,44.65028675044788,45.284044926788766,43.43228204701211,44.38291931152344,986200,0.0,0.0
2025-06-24 00:00:00-04:00,45.135510809914294,46.264393054489275,44.6601883914121,46.19507598876953,779000,0.0,0.0
2025-06-25 00:00:00-04:00,46.14555660074442,46.482241081414934,45.383068943266565,45.65043258666992,799500,0.0,0.0
2025-06-26 00:00:00-04:00,45.92770723593302,47.27444523581326,45.561312724717865,47.22492980957031,723800,0.0,0.0
2025-06-27 00:00:00-04:00,47.522003310773194,47.8685886007131,46.6307785973615,47.06648635864258,1117000,0.0,0.0
2025-06-30 00:00:00-04:00,47.125908821574484,47.244737539888334,46.17527152007002,46.234683990478516,780000,0.0,0.0
2025-07-01 00:00:00-04:00,46.13565833793747,49.433182490019746,45.818779253578114,48.22508239746094,974100,0.0,0.0
2025-07-02 00:00:00-04:00,48.452840419551535,49.611428897325936,48.017132610195624,49.44308853149414,832200,0.0,0.0
2025-07-03 00:00:00-04:00,49.967915364666496,50.066942435506974,49.12620603875317,49.30445098876953,493000,0.0,0.0
2025-07-07 00:00:00-04:00,48.76971758102014,49.4430865726634,48.363716022308466,48.59147262573242,924400,0.0,0.0
2025-07-08 00:00:00-04:00,48.95786784681174,50.878951701728134,48.85884454145391,50.24519348144531,845000,0.0,0.0
2025-07-09 00:00:00-04:00,50.95816666246417,50.95816666246417,49.55201616419603,50.67099380493164,639000,0.0,0.0
2025-07-10 00:00:00-04:00,50.997773009803204,54.15666283245347,50.750211004901246,52.87924575805664,1938600,0.0,0.0
2025-07-11 00:00:00-04:00,52.09695188759646,52.23558601384987,51.17602087463122,51.61172866821289,1075100,0.0,0.0
2025-07-14 00:00:00-04:00,51.235434939154885,51.473092351907106,50.27489313741545,50.443233489990234,662900,0.0,0.0
2025-07-15 00:00:00-04:00,50.859140929142555,51.13640917694272,49.28464636378371,49.41337966918945,615000,0.0,0.0
2025-07-16 00:00:00-04:00,49.5817222793183,49.74016182490393,48.027033057791584,49.195526123046875,733500,0.0,0.0
2025-07-17 00:00:00-04:00,49.185616899301486,50.34420903661399,49.086593609187695,50.08674621582031,840400,0.0,0.0
2025-07-18 00:00:00-04:00,50.334308838980256,50.334308838980256,48.69049349385857,48.87864303588867,579700,0.0,0.0
2025-07-21 00:00:00-04:00,49.51240222029731,49.57181846286041,47.67054025330281,47.9181022644043,884100,0.0,0.0
2025-07-22 00:00:00-04:00,48.13595943315684,50.06694393101528,47.947809881688116,49.750064849853516,930200,0.0,0.0
2025-07-23 00:00:00-04:00,50.6907967858292,51.4433874261492,50.51255183299007,50.95816421508789,664000,0.0,0.0
2025-07-24 00:00:00-04:00,50.50265275515043,51.84939076635391,50.13626201835135,51.49290084838867,775900,0.0,0.0
2025-07-25 00:00:00-04:00,51.57212220212831,51.918707521700405,50.542263284690264,51.789974212646484,593600,0.0,0.0
2025-07-28 00:00:00-04:00,51.91870614063023,51.98802320270077,50.94826349414606,51.11660385131836,659800,0.0,0.0
2025-07-29 00:00:00-04:00,51.443386719126,51.443386719126,49.32425650615949,49.84908676147461,612500,0.0,0.0
2025-07-30 00:00:00-04:00,49.967915364666496,50.4234285580432,49.04698438208078,49.30445098876953,1265500,0.0,0.0
2025-07-31 00:00:00-04:00,50.552163260130285,51.49289968291361,47.799274832034975,50.364017486572266,1585300,0.0,0.0
2025-08-01 00:00:00-04:00,49.53221214251087,49.690651692935866,47.87849579354672,48.482547760009766,1479800,0.0,0.0
2025-08-04 00:00:00-04:00,48.581573954349416,49.16582049417179,48.25479026271295,48.98757553100586,887200,0.0,0.0
2025-08-05 00:00:00-04:00,49.215327618894534,49.532206684829355,47.82897887230736,49.03708267211914,706500,0.0,0.0
2025-08-06 00:00:00-04:00,48.94796395280049,49.10640349791944,47.90820420186385,48.10625457763672,691600,0.0,0.0
2025-08-07 00:00:00-04:00,48.8192281358598,48.8192281358598,47.00707616767956,48.007225036621094,648000,0.0,0.0
2025-08-08 00:00:00-04:00,48.0666420692002,48.96776765889076,47.37346766693902,48.116153717041016,787200,0.0,0.0
2025-08-11 00:00:00-04:00,48.29502297012008,48.533518586135244,47.559668753028504,48.19565200805664,512100,0.17,0.0
2025-08-12 00:00:00-04:00,49.23906180129977,50.72964896253443,48.36458293862953,50.312286376953125,560500,0.0,0.0
2025-08-13 00:00:00-04:00,50.54084585080402,52.28979989718244,50.52097089915934,52.23017883300781,571600,0.0,0.0
2025-08-14 00:00:00-04:00,51.007897354615224,51.71344107428721,50.54084547137012,51.45507049560547,802200,0.0,0.0
2025-08-15 00:00:00-04:00,51.683625181038586,51.683625181038586,49.86511076819919,49.94460678100586,611400,0.0,0.0
2025-08-18 00:00:00-04:00,50.15328941775607,50.26259974693492,49.725987471380094,50.17316436767578,443400,0.0,0.0
2025-08-19 00:00:00-04:00,50.43153362903862,51.40538347870825,50.202977379798135,50.54084396362305,405600,0.0,0.0
2025-08-20 00:00:00-04:00,50.540843157235265,50.540843157235265,48.95088122723231,49.38812255859375,638000,0.0,0.0
2025-08-21 00:00:00-04:00,49.000569278904756,49.24900046889782,47.95715524832659,48.0565299987793,682800,0.0,0.0
2025-08-22 00:00:00-04:00,48.62295626532618,51.51469537078982,48.424210541051,51.25632858276367,756000,0.0,0.0
2025-08-25 00:00:00-04:00,51.067515360157444,51.067515360157444,50.361971682737035,50.81908416748047,658000,0.0,0.0
2025-08-26 00:00:00-04:00,50.85883542721261,51.842620853678405,50.52096884451261,51.445133209228516,698700,0.0,0.0
2025-08-27 00:00:00-04:00,51.2662620870666,52.389172161602716,50.91845992673911,52.259986877441406,506400,0.0,0.0
2025-08-28 00:00:00-04:00,52.677346745051736,52.85621750132769,51.335819863741115,51.80287170410156,570000,0.0,0.0
2025-08-29 00:00:00-04:00,51.07745858739992,51.13707965205833,49.07013394411162,49.626617431640625,1579500,0.0,0.0
2025-09-02 00:00:00-04:00,48.672639512768825,49.89492054338653,48.38445841534632,49.58686828613281,767500,0.0,0.0
2025-09-03 00:00:00-04:00,49.26887912250312,49.70611668508453,48.46396064174703,48.96082305908203,497700,0.0,0.0
2025-09-04 00:00:00-04:00,49.239063848795006,51.3159488647749,49.06019307874818,51.29607391357422,694800,0.0,0.0
2025-09-05 00:00:00-04:00,51.484883145789084,52.89597053929516,51.24638752635013,52.637603759765625,1036900,0.0,0.0
2025-09-08 00:00:00-04:00,52.498480576319096,52.498480576319096,51.246385263384006,52.35935592651367,721900,0.0,0.0
2025-09-09 00:00:00-04:00,52.23017806636547,52.34942398372383,50.630280494666565,50.87871170043945,1100300,0.0,0.0
2025-09-10 00:00:00-04:00,51.176827445088506,52.31961248686507,51.176827445088506,52.220237731933594,558000,0.0,0.0
2025-09-11 00:00:00-04:00,52.61772634389248,53.43258033676598,52.329545256209165,52.86615753173828,660500,0.0,0.0
2025-09-12 00:00:00-04:00,52.4885442714374,53.05496711106908,52.08111725011006,52.39910888671875,580500,0.0,0.0
2025-09-15 00:00:00-04:00,52.72703820665141,53.5915777040877,52.34942172873013,53.18415069580078,576200,0.0,0.0
2025-09-16 00:00:00-04:00,53.382899857024036,53.61145611635694,51.7730628796644,52.607791900634766,705100,0.0,0.0
2025-09-17 00:00:00-04:00,52.895968003218385,54.54555093707481,51.95192873228798,52.269920349121094,1099100,0.0,0.0
2025-09-18 00:00:00-04:00,52.577978902915085,53.551828749922564,51.69356443934499,53.035091400146484,823100,0.0,0.0
2025-09-19 00:00:00-04:00,53.194087194711095,53.33320805983328,51.51469365168586,51.64387893676758,1502600,0.0,0.0
2025-09-22 00:00:00-04:00,51.465006069310725,51.8426187475838,50.67002702194753,51.653812408447266,509300,0.0,0.0
2025-09-23 00:00:00-04:00,52.130800806632784,53.551827538686375,51.40538217549676,51.504756927490234,464000,0.0,0.0
2025-09-24 00:00:00-04:00,51.58425578494634,51.94199733034605,51.05758283797421,51.45507049560547,729800,0.0,0.0
2025-09-25 00:00:00-04:00,50.91845909571003,51.03770500719623,49.924734321553586,50.312286376953125,510200,0.0,0.0
2025-09-26 00:00:00-04:00,50.361976020405045,51.54450723472535,50.302351164353794,51.484886169433594,500300,0.0,0.0
2025-09-29 00:00:00-04:00,51.673688659614726,51.673688659614726,50.48121816316409,50.88864517211914,471900,0.0,0.0
2025-09-30 00:00:00-04:00,50.829024306108586,51.17682646480845,50.07379134613285,50.97808074951172,459700,0.0,0.0
2025-10-01 00:00:00-04:00,50.520971660297384,51.78300267805255,50.511036079705065,51.395450592041016,482200,0.0,0.0
2025-10-02 00:00:00-04:00,51.56438065382411,52.399109659929145,51.027768337593855,51.96187210083008,489800,0.0,0.0
2025-10-03 00:00:00-04:00,52.220236221303814,52.846283891604244,51.96186944747461,52.29973602294922,605700,0.0,0.0
2025-10-06 00:00:00-04:00,52.57797891261021,53.59157866150105,51.91218511748857,53.23383712768555,496000,0.0,0.0
2025-10-07 00:00:00-04:00,53.31333884129628,53.94932212830684,52.07118279924147,52.33948516845703,442400,0.0,0.0
2025-10-08 00:00:00-04:00,52.587912093558366,54.108313542912455,51.81280799949176,53.85988235473633,672300,0.0,0.0
2025-10-09 00:00:00-04:00,54.06856268604783,55.04241247157073,53.56176473907249,53.81019592285156,1453900,0.0,0.0
2025-10-10 00:00:00-04:00,53.9890698077023,54.3269325980961,50.05391674757884,50.16322708129883,771400,0.0,0.0
2025-10-13 00:00:00-04:00,51.17682762667265,52.42891921717754,51.17682762667265,52.11092758178711,556600,0.0,0.0
2025-10-14 00:00:00-04:00,52.11092704971674,54.297122363773596,51.53456863799115,53.83007049560547,468800,0.0,0.0
2025-10-15 00:00:00-04:00,54.39649732277949,55.151726504273284,53.6313287704417,54.11825180053711,605400,0.0,0.0
2025-10-16 00:00:00-04:00,54.237502264682604,54.40643366380024,53.12452774166545,54.0785026550293,611900,0.0,0.0
2025-10-17 00:00:00-04:00,53.56176733188001,54.24743606762873,52.06124078639214,52.67734909057617,670400,0.0,0.0
2025-10-20 00:00:00-04:00,53.29346313691247,55.032481571223954,52.81647567839244,54.76417541503906,499000,0.0,0.0
2025-10-21 00:00:00-04:00,54.44618226196923,55.906955128452886,54.297122026869616,54.644927978515625,794600,0.0,0.0
2025-10-22 00:00:00-04:00,54.35674739586358,54.64492849805781,52.40904769486126,52.52829360961914,423100,0.0,0.0
2025-10-23 00:00:00-04:00,53.084774278114445,56.63237511995038,53.054963748683925,56.46343994140625,1213200,0.0,0.0
2025-10-24 00:00:00-04:00,57.069615135864595,57.13917556807804,55.7479593422907,56.03614044189453,873500,0.0,0.0
2025-10-27 00:00:00-04:00,57.43729250015997,58.29189643197814,57.12924023922035,58.1130256652832,1267000,0.0,0.0
2025-10-28 00:00:00-04:00,57.894404974236906,58.202461025815026,56.49325316284872,56.7218132019043,916400,0.0,0.0
2025-10-29 00:00:00-04:00,56.88080702290223,57.884467364201576,55.14178869007214,55.62871170043945,1760900,0.0,0.0
2025-10-30 00:00:00-04:00,51.941995042046514,54.54555292110356,44.74742592029564,46.89387130737305,6745200,0.0,0.0
2025-10-31 00:00:00-04:00,47.01311842987299,47.07273948769996,44.628177557059566,45.7312126159668,2412000,0.0,0.0
2025-11-03 00:00:00-05:00,45.27410109197251,45.989580336110045,43.535082774966945,45.78089904785156,1809000,0.0,0.0
2025-11-04 00:00:00-05:00,45.7014049778275,47.21186332995757,44.90642210943156,46.675254821777344,1971900,0.0,0.0
2025-11-05 00:00:00-05:00,47.102557168429655,47.56960524802345,45.86040116494532,46.65538024902344,1369500,0.0,0.0
2025-11-06 00:00:00-05:00,46.556005678822245,47.33111360578506,45.770965962485555,45.94983673095703,1200400,0.0,0.0
2025-11-07 00:00:00-05:00,45.00579814336379,46.01939791771292,44.47912140945846,45.711341857910156,1060600,0.0,0.0
2025-11-10 00:00:00-05:00,46.5292213694727,46.61898850529424,44.873519379180564,45.44204330444336,1203600,0.17,0.0
2025-11-11 00:00:00-05:00,45.711342011366774,45.711342011366774,44.38478372757702,44.584266662597656,1097200,0.0,0.0
2025-11-12 00:00:00-05:00,44.9732569354356,46.459400827499245,44.75382532329746,45.70136642456055,1676700,0.0,0.0
2025-11-13 00:00:00-05:00,45.392169219471306,46.1901009979988,45.063025594926316,45.54178237915039,1063400,0.0,0.0
2025-11-14 00:00:00-05:00,44.8136731807958,46.46937516470003,44.60421779962724,45.63154983520508,1368700,0.0,0.0
2025-11-17 00:00:00-05:00,45.30240257200356,45.99061854814649,43.527012335803235,43.896053314208984,890700,0.0,0.0
2025-11-18 00:00:00-05:00,43.45719098686953,44.454601849647936,43.44721855236276,44.02571487426758,1071200,0.0,0.0
2025-11-19 00:00:00-05:00,44.235171473106504,44.634137351247006,43.14799345023526,43.307579040527344,603000,0.0,0.0
2025-11-20 00:00:00-05:00,44.26509598356659,44.594239595934425,41.5920345169272,41.67182540893555,1218400,0.0,0.0
2025-11-21 00:00:00-05:00,41.971051240785584,43.866129611113244,41.61198271877262,43.17791748046875,1727500,0.0,0.0
2025-11-24 00:00:00-05:00,43.517039138059786,45.21263844872841,43.15797060111576,44.98323059082031,1069100,0.0,0.0
2025-11-25 00:00:00-05:00,45.102923578550644,45.980642459550445,44.63413922280204,45.721317291259766,772900,0.0,0.0
2025-11-26 00:00:00-05:00,45.34229814160326,46.080383874248795,45.10292165872729,45.65149688720703,582100,0.0,0.0
2025-11-28 00:00:00-05:00,45.960694247126874,46.5192418935447,45.69139285839521,46.090354919433594,336900,0.0,0.0
2025-12-01 00:00:00-05:00,45.382194274202114,46.4494235934076,45.34229692651843,45.432064056396484,615300,0.0,0.0
2025-12-02 00:00:00-05:00,45.7911355545549,46.74864913232534,45.32235120082905,46.379608154296875,681200,0.0,0.0
2025-12-03 00:00:00-05:00,46.758622841650315,50.06005039972974,46.309787187355674,49.55137252807617,2029100,0.0,0.0
2025-12-04 00:00:00-05:00,49.52145229806894,50.69839745473748,48.9030548057037,50.149818420410156,1538400,0.0,0.0
2025-12-05 00:00:00-05:00,50.24956016659086,50.76821427010551,49.47157710890865,49.700984954833984,1407600,0.0,0.0
2025-12-08 00:00:00-05:00,49.8705462519671,50.2794845790404,49.01277224766194,49.19230651855469,1093500,0.0,0.0
2025-12-09 00:00:00-05:00,48.81328826655646,50.02015835192496,48.504093321436315,48.78336715698242,957400,0.0,0.0
2025-12-10 00:00:00-05:00,50.34930181068964,52.00500375365658,48.96290126748981,51.92521286010742,2284000,0.0,0.0
2025-12-11 00:00:00-05:00,51.93518527668287,52.7929592597526,51.58609298348968,52.39399337768555,1726100,0.0,0.0
2025-12-12 00:00:00-05:00,52.73311209430462,52.852804139225746,51.06743775310151,51.37663269042969,1021800,0.0,0.0
2025-12-15 00:00:00-05:00,52.244383872885194,52.573527490531326,51.187126951870894,52.11471939086914,1311400,0.0,0.0
2025-12-16 00:00:00-05:00,52.1446404011719,54.08959240843467,51.7755994351727,52.91264724731445,1321800,0.0,0.0
2025-12-17 00:00:00-05:00,52.5735288778198,53.5210700163485,51.92521406027332,52.1446418762207,1005800,0.0,0.0
2025-12-18 00:00:00-05:00,53.01238996938864,53.67068100017463,52.63337276838441,53.20189666748047,1496700,0.0,0.0
2025-12-19 00:00:00-05:00,53.17197563569609,54.08959182335116,53.17197563569609,53.81031799316406,2153400,0.0,0.0
2025-12-22 00:00:00-05:00,54.26912704379536,55.0570825697961,53.959928294336414,54.54840087890625,1592400,0.0,0.0
2025-12-23 00:00:00-05:00,54.30902503340986,55.07703189384111,54.21925789894853,54.727935791015625,773800,0.0,0.0
2025-12-24 00:00:00-05:00,54.55837818304025,54.70798753841676,53.999826697100715,54.48855972290039,317900,0.0,0.0
2025-12-26 00:00:00-05:00,54.60824528351192,55.06705337182377,54.1693858692337,55.037132263183594,434000,0.0,0.0
2025-12-29 00:00:00-05:00,54.9972373105191,55.216668929625804,53.421330041429215,53.93000793457031,577800,0.0,0.0
2025-12-30 00:00:00-05:00,53.9200353509645,54.00980248536803,53.52106946365532,53.650733947753906,671400,0.0,0.0
2025-12-31 00:00:00-05:00,53.49114730967748,53.80034225172714,53.072232755697755,53.24179458618164,788000,0.0,0.0
2026-01-02 00:00:00-05:00,53.42132842135354,55.55578710852069,53.08220856793685,54.88751983642578,976800,0.0,0.0
2026-01-05 00:00:00-05:00,55.01718430241529,57.111745640434066,54.80772892957752,56.29386901855469,930300,0.0,0.0
2026-01-06 00:00:00-05:00,55.89490662092526,58.73752610661909,55.56575920425516,58.54801940917969,1452800,0.0,0.0
2026-01-07 00:00:00-05:00,58.518095243659616,58.837270229732745,57.4408934581375,57.46084213256836,1196700,0.0,0.0
2026-01-08 00:00:00-05:00,56.712782685182674,59.05669670809384,56.672885337219974,58.508121490478516,1637900,0.0,0.0
2026-01-09 00:00:00-05:00,59.08662114631644,59.645168794020485,57.5805286138105,59.54542922973633,1712100,0.0,0.0
2026-01-12 00:00:00-05:00,59.05669853107031,60.84206495689686,58.74750358686637,60.78221893310547,1375000,0.0,0.0
2026-01-13 00:00:00-05:00,61.23105527173062,62.06888058990523,60.31343905911211,60.49297332763672,1863400,0.0,0.0
2026-01-14 00:00:00-05:00,60.572763158108316,61.31084889405827,59.10656792585158,60.55281448364258,1050700,0.0,0.0
2026-01-15 00:00:00-05:00,61.1612337798186,61.96913794812224,60.40320319849286,60.951778411865234,1147500,0.0,0.0
2026-01-16 00:00:00-05:00,61.16123500312356,61.440508832647225,59.82470426854224,60.233642578125,1033600,0.0,0.0
2026-01-20 00:00:00-05:00,58.40838185134171,59.4057927202216,58.0792344382975,58.8372688293457,819200,0.0,0.0
2026-01-21 00:00:00-05:00,59.695039311853975,60.742323773846934,58.82729291646203,60.3333854675293,1260400,0.0,0.0
2026-01-22 00:00:00-05:00,61.550223416805586,62.348151345907446,61.02159687717945,61.420562744140625,1037500,0.0,0.0
2026-01-23 00:00:00-05:00,61.1811837684426,61.27095090018323,59.00682773723229,59.43571472167969,1591800,0.0,0.0
2026-01-26 00:00:00-05:00,60.28351302897126,60.28351302897126,58.50812285621441,59.47561264038086,938500,0.0,0.0
2026-01-27 00:00:00-05:00,59.39581840787978,60.622633359826544,58.80734582395534,60.313438415527344,1226700,0.0,0.0
2026-01-28 00:00:00-05:00,60.3533326711423,60.50294583001966,58.29866862546002,58.61783981323242,1233000,0.0,0.0
2026-01-29 00:00:00-05:00,58.70760773410726,59.335977683061586,56.92224126277239,57.530662536621094,1823400,0.0,0.0
2026-01-30 00:00:00-05:00,56.56317073523665,57.829883023828174,55.72534543431079,56.852420806884766,4009700,0.0,0.0
2026-02-02 00:00:00-05:00,56.32379298318992,60.233641762885235,56.273919395889514,58.8372688293457,10414500,0.0,0.0
2026-02-03 00:00:00-05:00,59.34594694593528,63.066289045799486,59.34594694593528,63.00644302368164,2962600,0.0,0.0
2026-02-04 00:00:00-05:00,64.11356979033073,66.00865197366154,62.5775599353838,64.08364868164062,3006900,0.0,0.0
2026-02-05 00:00:00-05:00,62.986500659698315,63.08624022904125,60.35333265408896,61.10139083862305,4061200,0.0,0.0
2026-02-06 00:00:00-05:00,62.228464333134234,63.6647384386208,61.68986154357677,62.57756042480469,3271000,0.0,0.0
2026-02-09 00:00:00-05:00,62.14867550148892,63.225877311495935,61.320822615483834,61.38066864013672,2230600,0.0,0.0
2026-02-10 00:00:00-05:00,61.25100230792006,61.989088037088884,58.966930467655835,59.1065673828125,3735100,0.0,0.0
2026-02-11 00:00:00-05:00,63.61486518743335,69.46966983654997,63.61486518743335,68.9011459350586,4805800,0.0,0.0
2026-02-12 00:00:00-05:00,69.32006007464969,71.31488194730149,65.4301559010504,65.44013214111328,3602300,0.0,0.0
2026-02-13 00:00:00-05:00,64.462662239979,69.18041903635348,62.896731272320935,69.0507583618164,3389100,0.0,0.0
2026-02-17 00:00:00-05:00,69.1504980859789,69.62925104662861,66.7267893449715,69.33003234863281,2902400,0.0,0.0
2026-02-18 00:00:00-05:00,69.80878751983747,70.70645886153261,68.09323953562927,68.88119506835938,2742100,0.0,0.0
2026-02-19 00:00:00-05:00,68.51215839402857,69.51953794228916,68.1630584850077,68.78145599365234,1935100,0.0,0.0
2026-02-20 00:00:00-05:00,68.6418183678333,69.81876354337876,67.45489695251064,67.99349975585938,1637500,0.0,0.0
2026-02-23 00:00:00-05:00,67.51474323360131,68.14310933299991,65.68947954200037,67.47484588623047,1730500,0.0,0.0
2026-02-24 00:00:00-05:00,67.59453209254023,69.01086132762948,67.3152582632565,68.67173767089844,1365800,0.0,0.0
2026-02-25 00:00:00-05:00,69.22031687917499,69.2701828575958,67.04596084742913,68.0134506225586,1255200,0.0,0.0
2026-02-26 00:00:00-05:00,68.26280196156122,69.25023658613952,66.6070962748314,67.98352813720703,1294700,0.0,0.0
2026-02-27 00:00:00-05:00,66.83650261986128,68.6916873938294,65.84906040783125,68.61189270019531,1941500,0.0,0.0
2026-03-02 00:00:00-05:00,67.10580005347401,69.46966648218829,66.16823142940626,69.27017974853516,1660700,0.0,0.0
2026-03-03 00:00:00-05:00,66.29790309967774,67.30529022963944,64.25320773058615,66.36772155761719,1649800,0.0,0.0
2026-03-04 00:00:00-05:00,67.05593456846557,68.36254034249092,65.99867389646168,66.9661636352539,1580100,0.0,0.0
2026-03-05 00:00:00-05:00,66.06849805079769,68.14311461711036,64.88158421545081,65.49000549316406,2815000,0.0,0.0
2026-03-06 00:00:00-05:00,63.66999816894531,64.16999816894531,61.2400016784668,62.04999923706055,1674600,0.17,0.0
2026-03-09 00:00:00-04:00,62.27000045776367,62.439998626708984,58.45000076293945,61.529998779296875,1689000,0.0,0.0
2026-03-10 00:00:00-04:00,61.65999984741211,64.97000122070312,60.880001068115234,63.81999969482422,1976600,0.0,0.0
2026-03-11 00:00:00-04:00,63.65999984741211,64.25,62.25,62.54999923706055,1560000,0.0,0.0
2026-03-12 00:00:00-04:00,60.77000045776367,61.279998779296875,59.68000030517578,60.04999923706055,1316500,0.0,0.0
2026-03-13 00:00:00-04:00,60.650001525878906,61.61000061035156,58.7400016784668,59.40999984741211,1210500,0.0,0.0
2026-03-16 00:00:00-04:00,60.15999984741211,60.65999984741211,58.83000183105469,59.380001068115234,983800,0.0,0.0
2026-03-17 00:00:00-04:00,59.9900016784668,61.0,59.220001220703125,59.560001373291016,983900,0.0,0.0
2026-03-18 00:00:00-04:00,58.720001220703125,59.79999923706055,57.810001373291016,58.72999954223633,1628000,0.0,0.0
2026-03-19 00:00:00-04:00,57.459999084472656,59.25,56.630001068115234,57.900001525878906,1268800,0.0,0.0
2026-03-20 00:00:00-04:00,58.56999969482422,58.56999969482422,56.33000183105469,57.18000030517578,2752200,0.0,0.0
2026-03-23 00:00:00-04:00,57.279998779296875,61.28499984741211,58.75,59.52000045776367,966956,0.0,0.0
