Date,Open,High,Low,Close,Volume,Dividends,Stock Splits
2022-01-03 00:00:00-05:00,9.258702049271207,9.418852418473106,9.243687594194217,9.388824462890625,792900,0.0,0.0
2022-01-04 00:00:00-05:00,9.478912281827135,9.594020276771394,9.398837071903147,9.548977851867676,1064300,0.0,0.0
2022-01-05 00:00:00-05:00,9.58400482770316,9.664079989090922,9.513939300131671,9.543967247009277,945600,0.0,0.0
2022-01-06 00:00:00-05:00,9.528956478637891,9.568994070793028,9.408842747600982,9.533960342407227,559800,0.0,0.0
2022-01-07 00:00:00-05:00,9.558985141973299,9.604027555804747,9.493923453296068,9.58901309967041,534100,0.0,0.0
2022-01-10 00:00:00-05:00,9.558983932264258,9.56899356842041,9.433866344026693,9.56899356842041,544100,0.0,0.0
2022-01-11 00:00:00-05:00,9.57900017841292,9.6540714787774,9.543967414014157,9.629047393798828,639100,0.0,0.0
2022-01-12 00:00:00-05:00,9.639059196154305,9.669087150312322,9.609031241996286,9.649068832397461,705000,0.0,0.0
2022-01-13 00:00:00-05:00,9.650079235828606,9.685445863475007,9.574293467490847,9.604607582092285,473000,0.182,0.0
2022-01-14 00:00:00-05:00,9.58945150110075,9.624818134124896,9.407565822166799,9.473246574401855,553700,0.0,0.0
2022-01-18 00:00:00-05:00,9.447984695434572,9.483351327434663,9.427774640766835,9.44798469543457,444500,0.0,0.0
2022-01-19 00:00:00-05:00,9.447981725512388,9.523767479356662,9.417666653040165,9.43787670135498,417800,0.0,0.0
2022-01-20 00:00:00-05:00,9.45808766907391,9.493455260666403,9.336830246047514,9.346935272216797,635400,0.0,0.0
2022-01-21 00:00:00-05:00,9.301462756953669,9.336829381603431,9.154943745737764,9.180205345153809,773600,0.0,0.0
2022-01-24 00:00:00-05:00,9.094316079582967,9.144840250536554,8.81643458484085,8.968006134033203,1495900,0.0,0.0
2022-01-25 00:00:00-05:00,8.968009352684021,9.134738502102664,8.892223550888048,9.094319343566895,746000,0.0,0.0
2022-01-26 00:00:00-05:00,9.245884895324705,9.316619099215252,9.134732523022596,9.245884895324707,552300,0.0,0.0
2022-01-27 00:00:00-05:00,9.29641072156419,9.417668139588748,9.245886556470216,9.311568260192871,403800,0.0,0.0
2022-01-28 00:00:00-05:00,9.311569131053954,9.397459930646125,9.255992447885964,9.392407417297363,412100,0.0,0.0
2022-01-31 00:00:00-05:00,9.4732458866258,9.700604173372183,9.437879256169342,9.675341606140137,1119600,0.0,0.0
2022-02-01 00:00:00-05:00,9.700601126099874,9.786491900370951,9.594500304391792,9.746072769165039,779400,0.0,0.0
2022-02-02 00:00:00-05:00,9.786495102708665,9.786495102708665,9.700604300332394,9.776390075683594,495700,0.0,0.0
2022-02-03 00:00:00-05:00,9.720813592487973,9.806704396647069,9.68544696083454,9.705656051635742,630600,0.0,0.0
2022-02-04 00:00:00-05:00,9.705655553113747,9.725865606545318,9.483350747376809,9.660184860229492,570700,0.0,0.0
2022-02-07 00:00:00-05:00,9.700604817999015,9.766285569830155,9.624818074935087,9.735971450805664,547600,0.0,0.0
2022-02-08 00:00:00-05:00,9.715761563299491,9.776390766062955,9.670289902144017,9.751128196716309,561800,0.0,0.0
2022-02-09 00:00:00-05:00,9.781447336479845,9.897652312661313,9.756184756656339,9.867338180541992,600600,0.0,0.0
2022-02-10 00:00:00-05:00,9.821863754284193,9.963330307065496,9.751129514224926,9.786497116088867,674700,0.0,0.0
2022-02-11 00:00:00-05:00,9.786491393775904,9.847119605612317,9.55408067862151,9.614709854125977,875100,0.0,0.0
2022-02-14 00:00:00-05:00,9.605527398502742,9.64633682293982,9.360670851880284,9.37087345123291,759800,0.182,0.0
2022-02-15 00:00:00-05:00,9.437191010809642,9.580024522324859,9.437191010809642,9.488203048706055,545100,0.0,0.0
2022-02-16 00:00:00-05:00,9.478002832024309,9.544317816898692,9.411687847149924,9.513710975646973,510500,0.0,0.0
2022-02-17 00:00:00-05:00,9.46269873975706,9.493306553383826,9.396383756180246,9.472901344299316,377500,0.0,0.0
2022-02-18 00:00:00-05:00,9.442291560746337,9.559618557492938,9.426987658702755,9.529011726379395,352100,0.0,0.0
2022-02-22 00:00:00-05:00,9.452497131554201,9.508609510727464,9.217842091371903,9.268854141235352,838000,0.0,0.0
2022-02-23 00:00:00-05:00,9.294358926386701,9.345370972115703,9.192335807902541,9.20763874053955,593800,0.0,0.0
2022-02-24 00:00:00-05:00,9.05460357632639,9.212740042409836,8.962782088608954,9.20763874053955,869700,0.0,0.0
2022-02-25 00:00:00-05:00,9.294359473271276,9.437193015122107,9.243348397514604,9.43209171295166,527700,0.0,0.0
2022-02-28 00:00:00-05:00,9.411687467769656,9.549418734337493,9.391282259108406,9.48310375213623,449000,0.0,0.0
2022-03-01 00:00:00-05:00,9.467798520917267,9.620834645542311,9.467798520917267,9.554518699645996,449500,0.0,0.0
2022-03-02 00:00:00-05:00,9.590224098318474,9.727956279259086,9.590224098318474,9.7024507522583,441300,0.0,0.0
2022-03-03 00:00:00-05:00,9.743260769146977,9.763664997388275,9.67184353786856,9.722855567932129,525700,0.0,0.0
2022-03-04 00:00:00-05:00,9.671846474774341,9.707555587743578,9.53921651849826,9.615734100341797,533100,0.0,0.0
2022-03-07 00:00:00-05:00,9.600425588515318,9.641235010783168,9.467794722901463,9.50350284576416,406400,0.0,0.0
2022-03-08 00:00:00-05:00,9.564719858174131,9.590225388606482,9.442291560746337,9.529011726379395,600500,0.0,0.0
2022-03-09 00:00:00-05:00,9.600428097139378,9.66164273302343,9.544314761993467,9.625934600830078,466800,0.0,0.0
2022-03-10 00:00:00-05:00,9.610629190526815,9.69224804358226,9.569819763999092,9.656539916992188,467800,0.0,0.0
2022-03-11 00:00:00-05:00,9.66164292379981,9.692249755859375,9.539214622587897,9.564720153808594,519100,0.0,0.0
2022-03-14 00:00:00-04:00,9.534845892063235,9.560601430377556,9.308193421356144,9.354554176330566,614500,0.182,0.0
2022-03-15 00:00:00-04:00,9.3133445969944,9.462729468186168,9.3133445969944,9.37515926361084,406600,0.0,0.0
2022-03-16 00:00:00-04:00,9.416368664292854,9.498787564340471,9.364856606135394,9.473031044006348,432400,0.0,0.0
2022-03-17 00:00:00-04:00,9.400912518441052,9.591506793585323,9.400912518441052,9.534843444824219,378000,0.0,0.0
2022-03-18 00:00:00-04:00,9.529694835511977,9.63271895646779,9.519392226914228,9.565752983093262,301100,0.0,0.0
2022-03-21 00:00:00-04:00,9.643019335907633,9.673927157705123,9.45757731767623,9.529693603515625,451900,0.0,0.0
2022-03-22 00:00:00-04:00,9.519389441400035,9.606959623834896,9.503936515536001,9.555447578430176,409400,0.0,0.0
2022-03-23 00:00:00-04:00,9.555448343800096,9.627565606147353,9.50393727678,9.586356163024902,323700,0.0,0.0
2022-03-24 00:00:00-04:00,9.586353951003405,9.699679647812934,9.581202648987917,9.648167610168457,358700,0.0,0.0
2022-03-25 00:00:00-04:00,9.622410774230957,9.709980931566431,9.60180556897072,9.622410774230957,339500,0.0,0.0
2022-03-28 00:00:00-04:00,9.658476351700969,9.751197881879062,9.622418197189715,9.74089527130127,497500,0.0,0.0
2022-03-29 00:00:00-04:00,9.787249685629495,9.787249685629495,9.70998212145555,9.766644477844238,527300,0.0,0.0
2022-03-30 00:00:00-04:00,9.761496543884277,9.78210077419433,9.72543742144809,9.761496543884277,259400,0.0,0.0
2022-03-31 00:00:00-04:00,9.792401313781738,9.823308143978812,9.746040577230918,9.792401313781738,529700,0.0,0.0
2022-04-01 00:00:00-04:00,9.80270224979793,9.890272405879003,9.766643141109046,9.838760375976562,419100,0.0,0.0
2022-04-04 00:00:00-04:00,9.83876236092763,9.926332534675815,9.80270422747434,9.916029930114746,587400,0.0,0.0
2022-04-05 00:00:00-04:00,9.890277775709873,9.910882009351567,9.813009197648858,9.823311805725098,374900,0.0,0.0
2022-04-06 00:00:00-04:00,9.761496098197023,9.82330976881554,9.715135353977848,9.75634479522705,429600,0.0,0.0
2022-04-07 00:00:00-04:00,9.787250011663822,9.807855220135483,9.720285049151759,9.792401313781738,395300,0.0,0.0
2022-04-08 00:00:00-04:00,9.80785763970236,9.833613174135328,9.735740374770868,9.787252426147461,544200,0.0,0.0
2022-04-11 00:00:00-04:00,9.776951446311612,9.787254054803476,9.704835151890206,9.751195907592773,538300,0.0,0.0
2022-04-12 00:00:00-04:00,9.782101947985582,9.84906791517766,9.76149771520315,9.80785846710205,513100,0.0,0.0
2022-04-13 00:00:00-04:00,9.77248998951952,9.860904322851558,9.730881843961683,9.84010124206543,389500,0.182,0.0
2022-04-14 00:00:00-04:00,9.808899504811723,9.845305652726767,9.71008210904723,9.756890296936035,460800,0.0,0.0
2022-04-18 00:00:00-04:00,9.751687306283308,9.78809344684123,9.652869930488283,9.71008014678955,481100,0.0,0.0
2022-04-19 00:00:00-04:00,9.710078703649797,9.834900163579748,9.673672568502658,9.8088960647583,525000,0.0,0.0
2022-04-20 00:00:00-04:00,9.814102717001326,9.907718121696934,9.632070944772053,9.699682235717773,603900,0.0,0.0
2022-04-21 00:00:00-04:00,9.777691352716,9.777691352716,9.668472931670594,9.678874969482422,383600,0.0,0.0
2022-04-22 00:00:00-04:00,9.725683397722603,9.777691604133192,9.574856821551636,9.621665000915527,650600,0.0,0.0
2022-04-25 00:00:00-04:00,9.569655747569245,9.647669048730176,9.470838370369162,9.590459823608398,588300,0.0,0.0
2022-04-26 00:00:00-04:00,9.585257449223263,9.62166358515093,9.507244159093572,9.522846221923828,356500,0.0,0.0
2022-04-27 00:00:00-04:00,9.606060530327872,9.63726663997399,9.476038049447453,9.522846221923828,437600,0.0,0.0
2022-04-28 00:00:00-04:00,9.569655802511987,9.621665000915526,9.517646604108448,9.621665000915527,427400,0.0,0.0
2022-04-29 00:00:00-04:00,9.658068581074842,9.663269598735285,9.574854282493115,9.611260414123535,409900,0.0,0.0
2022-05-02 00:00:00-04:00,9.595660633522279,9.647668838500977,9.53324939875775,9.647668838500977,556300,0.0,0.0
2022-05-03 00:00:00-04:00,9.632066791322126,9.710080090924976,9.6216647535103,9.678874969482422,290900,0.0,0.0
2022-05-04 00:00:00-04:00,9.673672426463535,9.76208774994814,9.647667336031141,9.715279579162598,380600,0.0,0.0
2022-05-05 00:00:00-04:00,9.689277598158931,9.72568473644786,9.569657119760286,9.658072471618652,364700,0.0,0.0
2022-05-06 00:00:00-04:00,9.658074059856457,9.767293508697838,9.585261755291036,9.652873039245605,687200,0.0,0.0
2022-05-09 00:00:00-04:00,9.60606030028827,9.632065391037283,9.491640876970953,9.595659255981445,618500,0.0,0.0
2022-05-10 00:00:00-04:00,9.762089482959624,9.762089482959624,9.548852663523038,9.590459823608398,752500,0.0,0.0
2022-05-11 00:00:00-04:00,9.569657212671771,9.642470497963481,9.476040840148926,9.476040840148926,565700,0.0,0.0
2022-05-12 00:00:00-04:00,9.429808747175237,9.445568231264078,9.15663300028173,9.182899475097656,1416400,0.182,0.0
2022-05-13 00:00:00-04:00,9.261699612667556,9.282713593466285,9.19865967427488,9.277460098266602,605200,0.0,0.0
2022-05-16 00:00:00-04:00,9.314233633111332,9.314233633111332,9.135618802978197,9.146125793457031,752400,0.0,0.0
2022-05-17 00:00:00-04:00,9.21967601776123,9.277463484045319,9.151382559245407,9.21967601776123,352000,0.0,0.0
2022-05-18 00:00:00-04:00,9.2354352094607,9.261701689346886,9.098847309648187,9.214422225952148,588400,0.0,0.0
2022-05-19 00:00:00-04:00,9.146126977016365,9.261700881234159,9.140873481097117,9.16714096069336,369000,0.0,0.0
2022-05-20 00:00:00-04:00,9.214420229567692,9.235433208523599,9.041057892672212,9.146125793457031,624000,0.0,0.0
2022-05-23 00:00:00-04:00,9.140874061686509,9.18290102970798,9.062073621896495,9.09359359741211,439400,0.0,0.0
2022-05-24 00:00:00-04:00,9.167142707857934,9.182902196617386,8.757378966076752,8.930740356445312,982500,0.0,0.0
2022-05-25 00:00:00-04:00,8.836177018121587,8.899217962059044,8.72060312323836,8.788896560668945,1081100,0.0,0.0
2022-05-26 00:00:00-04:00,8.783642050716292,8.935990396468775,8.783642050716292,8.9202299118042,464100,0.0,0.0
2022-05-27 00:00:00-04:00,8.972766318712349,9.245942115783691,8.95175333540023,9.245942115783691,510800,0.0,0.0
2022-05-31 00:00:00-04:00,9.256448280803188,9.44556912171047,9.182900340781913,9.41404914855957,819800,0.0,0.0
2022-06-01 00:00:00-04:00,9.408796493960006,9.466583951571781,9.21967463414108,9.245942115783691,659700,0.0,0.0
2022-06-02 00:00:00-04:00,9.282717088120252,9.377278033310272,9.214423628817533,9.372024536132812,552600,0.0,0.0
2022-06-03 00:00:00-04:00,9.277460098266602,9.324740553061986,9.245940129070265,9.277460098266602,286200,0.0,0.0
2022-06-06 00:00:00-04:00,9.314232667787165,9.372020107429918,9.230178756671334,9.261698722839355,346800,0.0,0.0
2022-06-07 00:00:00-04:00,9.224929217586915,9.30898316474472,9.198662734850885,9.298477172851562,267900,0.0,0.0
2022-06-08 00:00:00-04:00,9.31423568725586,9.351009160039972,9.287969207267775,9.31423568725586,224200,0.0,0.0
2022-06-09 00:00:00-04:00,9.345752912182599,9.345752912182599,9.282711982727053,9.28271198272705,372000,0.0,0.0
2022-06-10 00:00:00-04:00,9.24068707394108,9.272207044638499,9.088338711900256,9.235433578491211,414200,0.0,0.0
2022-06-13 00:00:00-04:00,9.14087146131655,9.167138935108692,8.809909307548915,8.883456230163574,1092400,0.0,0.0
2022-06-14 00:00:00-04:00,8.964177590887811,8.980109551569656,8.836724944143844,8.87389850616455,650700,0.182,0.0
2022-06-15 00:00:00-04:00,8.921695414885816,8.96949029495409,8.794242739005027,8.820796012878418,559400,0.0,0.0
2022-06-16 00:00:00-04:00,8.709272615064126,8.709272615064126,8.422503896204624,8.470298767089844,1167000,0.0,0.0
2022-06-17 00:00:00-04:00,8.47029889567296,8.512783619900619,8.178219518625239,8.32691478729248,844500,0.0,0.0
2022-06-21 00:00:00-04:00,8.385328915790003,8.411881673622618,8.162286560318819,8.1941499710083,966200,0.0,0.0
2022-06-22 00:00:00-04:00,8.172911332002393,8.172911332002393,7.971110995927425,8.008284568786621,865000,0.0,0.0
2022-06-23 00:00:00-04:00,8.066700255629923,8.087942369614026,7.971110995927425,8.008284568786621,686200,0.0,0.0
2022-06-24 00:00:00-04:00,8.077318599506475,8.326913726996514,8.029523733981598,8.263187408447266,677500,0.0,0.0
2022-06-27 00:00:00-04:00,8.390640198900883,8.528713638388597,8.284429666044268,8.507472038269043,444700,0.0,0.0
2022-06-28 00:00:00-04:00,8.597752386055685,8.624304643347708,8.443746457631626,8.539336204528809,410100,0.0,0.0
2022-06-29 00:00:00-04:00,8.528715080014896,8.603063225259401,8.459678601827546,8.597752571105957,344900,0.0,0.0
2022-06-30 00:00:00-04:00,8.576510129463873,8.587131437987448,8.502162995606302,8.544647216796875,365600,0.0,0.0
2022-07-01 00:00:00-04:00,8.59243949215406,8.650855658453109,8.518092380794124,8.64554500579834,389000,0.0,0.0
2022-07-05 00:00:00-04:00,8.645547445583244,8.65616774098642,8.502162822151387,8.597752571105957,432700,0.0,0.0
2022-07-06 00:00:00-04:00,8.549959304508308,8.597754187973756,8.449058882425263,8.523406028747559,419200,0.0,0.0
2022-07-07 00:00:00-04:00,8.523402625223582,8.555266543412735,8.443744855557693,8.502161026000977,505600,0.0,0.0
2022-07-08 00:00:00-04:00,8.491540025707915,8.571197798242183,8.449055812829403,8.534024238586426,332900,0.0,0.0
2022-07-11 00:00:00-04:00,8.523403305143713,8.64554630880527,8.502161704226644,8.60837173461914,530500,0.0,0.0
2022-07-12 00:00:00-04:00,8.640238522329016,8.672101440729069,8.57120101740767,8.650859832763672,497000,0.0,0.0
2022-07-13 00:00:00-04:00,8.56057917958224,8.629615659178022,8.523404599749723,8.544647216796875,430700,0.0,0.0
2022-07-14 00:00:00-04:00,8.449035721991686,8.556461891074765,8.3845803278894,8.497377395629883,399200,0.182,0.0
2022-07-15 00:00:00-04:00,8.524235842390578,8.55646380276508,8.373839889217026,8.38995361328125,556400,0.0,0.0
2022-07-18 00:00:00-04:00,8.454408575884285,8.513493081413644,8.406066893995181,8.422181129455566,344500,0.0,0.0
2022-07-19 00:00:00-04:00,8.470520331848155,8.470520331848155,8.395322125116506,8.449034690856934,373700,0.0,0.0
2022-07-20 00:00:00-04:00,8.497381791617695,8.502753205299854,8.395327492887697,8.454411506652832,373800,0.0,0.0
2022-07-21 00:00:00-04:00,8.475894108191621,8.680003156709043,8.43829524818048,8.572577476501465,379100,0.0,0.0
2022-07-22 00:00:00-04:00,8.64240201215347,8.680000862225679,8.604803162081263,8.637030601501465,262400,0.0,0.0
2022-07-25 00:00:00-04:00,8.631664589274562,8.663892048850498,8.599437129698627,8.642407417297363,277000,0.0,0.0
2022-07-26 00:00:00-04:00,8.647773342534624,8.65314475313677,8.556461411281772,8.588688850402832,357000,0.0,0.0
2022-07-27 00:00:00-04:00,8.599431905784728,8.728342690271251,8.599431905784728,8.717599868774414,337100,0.0,0.0
2022-07-28 00:00:00-04:00,8.728344381009045,9.018394470657219,8.728344381009045,9.002280235290527,444100,0.0,0.0
2022-07-29 00:00:00-04:00,9.055991882232899,9.190274082031172,8.943194301666573,9.077476501464844,808200,0.0,0.0
2022-08-01 00:00:00-04:00,9.115079301865864,9.206391278261945,9.077480433554356,9.158049583435059,486100,0.0,0.0
2022-08-02 00:00:00-04:00,9.184905562916615,9.33530101836705,9.158048499806036,9.292330741882324,368300,0.0,0.0
2022-08-03 00:00:00-04:00,9.324557131003303,9.474952552798857,9.313814308163057,9.394383430480957,541400,0.0,0.0
2022-08-04 00:00:00-04:00,9.405126890116184,9.469581782537775,9.324557762343172,9.383641242980957,346100,0.0,0.0
2022-08-05 00:00:00-04:00,9.383639972000372,9.46421011335249,9.351412530154668,9.38901138305664,272100,0.0,0.0
2022-08-08 00:00:00-04:00,9.45346991402126,9.464212739114297,9.39975681304826,9.442727088928223,366800,0.0,0.0
2022-08-09 00:00:00-04:00,9.448096520190216,9.448096520190216,9.346041752191821,9.394383430480957,444300,0.0,0.0
2022-08-10 00:00:00-04:00,9.469576929940974,9.625344718373476,9.464206545401215,9.517918586730957,488100,0.0,0.0
2022-08-11 00:00:00-04:00,9.625347614703264,9.646832232801719,9.507179653932198,9.534035682678223,460500,0.0,0.0
2022-08-12 00:00:00-04:00,9.578540167918074,9.578540167918074,9.502563408359183,9.551405906677246,344300,0.182,0.0
2022-08-15 00:00:00-04:00,9.52426942020372,9.55140471315951,9.442865611547521,9.497135162353516,327600,0.0,0.0
2022-08-16 00:00:00-04:00,9.47542507744103,9.524267560116943,9.39402128468297,9.448290824890137,497600,0.0,0.0
2022-08-17 00:00:00-04:00,9.394022894135867,9.49713493468486,9.318046145892168,9.410304069519043,417600,0.0,0.0
2022-08-18 00:00:00-04:00,9.399450555352066,9.442865990719062,9.366889237603228,9.421158790588379,185600,0.0,0.0
2022-08-19 00:00:00-04:00,9.361462389225665,9.361462389225665,9.231216080196942,9.242070198059082,419900,0.0,0.0
2022-08-22 00:00:00-04:00,9.160664874905075,9.198654285455662,9.041272689920026,9.133530616760254,513400,0.0,0.0
2022-08-23 00:00:00-04:00,9.133531089648987,9.26920445760878,9.117249912855778,9.242070198059082,407700,0.0,0.0
2022-08-24 00:00:00-04:00,9.225786709196104,9.372314158296867,9.187798341304513,9.334325790405273,296000,0.0,0.0
2022-08-25 00:00:00-04:00,9.388597369382103,9.453721046447754,9.23121678872419,9.453721046447754,350000,0.0,0.0
2022-08-26 00:00:00-04:00,9.453721224927369,9.453721224927369,9.23121696300308,9.290913581848145,294900,0.0,0.0
2022-08-29 00:00:00-04:00,9.20407981020245,9.345180222141165,9.160664378460194,9.307191848754883,357100,0.0,0.0
2022-08-30 00:00:00-04:00,9.323472194496029,9.497133906017767,9.280056766615594,9.491706848144531,1028500,0.0,0.0
2022-08-31 00:00:00-04:00,9.540547774395824,9.56225600234033,9.415728569030762,9.415728569030762,418200,0.0,0.0
2022-09-01 00:00:00-04:00,9.35603150825984,9.415728097009287,9.187796890544844,9.258346557617188,702100,0.0,0.0
2022-09-02 00:00:00-04:00,9.3017683281468,9.421161587176076,9.198657285483613,9.269207000732422,356800,0.0,0.0
2022-09-06 00:00:00-04:00,9.307195413988874,9.350610862361943,9.231218638112487,9.236645698547363,364400,0.0,0.0
2022-09-07 00:00:00-04:00,9.236643984129254,9.383171483356046,9.220362805846584,9.356036186218262,313700,0.0,0.0
2022-09-08 00:00:00-04:00,9.3451778633164,9.469998103786743,9.334324784449429,9.415728569030762,326300,0.0,0.0
2022-09-09 00:00:00-04:00,9.453717882421392,9.54054873271071,9.442863767358881,9.448290824890137,330200,0.0,0.0
2022-09-12 00:00:00-04:00,9.464571340422893,9.562256298993116,9.432008997495943,9.486278533935547,425200,0.0,0.0
2022-09-13 00:00:00-04:00,9.356034338853114,9.388595653883419,9.263776417012629,9.307191848754883,469300,0.0,0.0
2022-09-14 00:00:00-04:00,9.319261286814118,9.357657134657101,9.23698432054939,9.313776016235352,504300,0.182,0.0
2022-09-15 00:00:00-04:00,9.242468105237416,9.313774518880841,9.198586993870334,9.20955753326416,385700,0.0,0.0
2022-09-16 00:00:00-04:00,9.132764360075313,9.176645469310792,8.9572399231334,9.028546333312988,717600,0.0,0.0
2022-09-19 00:00:00-04:00,8.97369713359267,9.006607709109616,8.91884547692554,8.962726593017578,383500,0.0,0.0
2022-09-20 00:00:00-04:00,8.896903936993533,8.95175559083216,8.809141709335044,8.935300827026367,401300,0.0,0.0
2022-09-21 00:00:00-04:00,9.028546676149208,9.06145829398168,8.913359152360186,8.940784454345703,279200,0.0,0.0
2022-09-22 00:00:00-04:00,8.858506760064072,8.88593310596017,8.721378169207947,8.737833976745605,616300,0.0,0.0
2022-09-23 00:00:00-04:00,8.617159214577908,8.6555550461379,8.304506247637466,8.397753715515137,1002300,0.0,0.0
2022-09-26 00:00:00-04:00,8.309990936484182,8.348387290888004,8.156407088180805,8.216743469238281,853300,0.0,0.0
2022-09-27 00:00:00-04:00,8.29902108317139,8.403238565753544,8.23868470095056,8.342902183532715,549200,0.0,0.0
2022-09-28 00:00:00-04:00,8.359358355481286,8.540368044521326,8.309991981542359,8.436150550842285,388000,0.0,0.0
2022-09-29 00:00:00-04:00,8.39775541527742,8.408725430898976,8.23320099612143,8.36484432220459,391600,0.0,0.0
2022-09-30 00:00:00-04:00,8.381300276655537,8.480033040656345,8.326449147958291,8.42518138885498,374200,0.0,0.0
2022-10-03 00:00:00-04:00,8.512944646093773,8.584251065359446,8.397756588897005,8.501974105834961,553900,0.0,0.0
2022-10-04 00:00:00-04:00,8.644587475436651,8.820111924284788,8.529399425104032,8.776230812072754,532700,0.0,0.0
2022-10-05 00:00:00-04:00,8.655555657544214,8.858505889289155,8.56230818307978,8.814624786376953,354800,0.0,0.0
2022-10-06 00:00:00-04:00,8.809142092514204,8.902389594233453,8.650073440292145,8.885934829711914,629400,0.0,0.0
2022-10-07 00:00:00-04:00,8.748806625494941,8.77623245654248,8.56231160209674,8.666529655456543,793200,0.0,0.0
2022-10-10 00:00:00-04:00,8.672011593491801,8.693952145276878,8.512942462273992,8.562308311462402,341600,0.0,0.0
2022-10-11 00:00:00-04:00,8.529399183172877,8.611676135460675,8.397755850270757,8.534884452819824,414700,0.0,0.0
2022-10-12 00:00:00-04:00,8.53488371309292,8.551338997503464,8.44163622959308,8.491002082824707,378500,0.0,0.0
2022-10-13 00:00:00-04:00,8.35335299857757,8.547616701741847,8.331151417378011,8.475461959838867,500100,0.182,0.0
2022-10-14 00:00:00-04:00,8.519866609884259,8.542068194960416,8.353354457149306,8.414408683776855,234800,0.0,0.0
2022-10-17 00:00:00-04:00,8.469910111060095,8.503212213001206,8.364452219816057,8.370002746582031,460600,0.0,0.0
2022-10-18 00:00:00-04:00,8.442159785698335,8.458810840178012,8.325601345685637,8.375555038452148,481900,0.0,0.0
2022-10-19 00:00:00-04:00,8.32560493910059,8.442163429421106,8.292302286439996,8.403310775756836,503900,0.0,0.0
2022-10-20 00:00:00-04:00,8.447712428880795,8.508766663478808,8.353355547657205,8.408859252929688,297000,0.0,0.0
2022-10-21 00:00:00-04:00,8.364451884217859,8.486560821533203,8.325599257069618,8.486560821533203,289600,0.0,0.0
2022-10-24 00:00:00-04:00,8.464362093042425,8.508765261676118,8.364454698952855,8.425509452819824,302300,0.0,0.0
2022-10-25 00:00:00-04:00,8.486564157870832,8.597572085740364,8.464362572296928,8.586471557617188,234500,0.0,0.0
2022-10-26 00:00:00-04:00,8.586471557617188,8.71413054233526,8.530967329018646,8.586471557617188,316500,0.0,0.0
2022-10-27 00:00:00-04:00,8.580919180336737,8.741880773404096,8.56426812707527,8.625322341918945,405000,0.0,0.0
2022-10-28 00:00:00-04:00,8.625325595304163,8.66417824401156,8.525418179396416,8.56982135772705,380700,0.0,0.0
2022-10-31 00:00:00-04:00,8.619771914434613,8.714128766223814,8.569818224742983,8.641973495483398,572000,0.0,0.0
2022-11-01 00:00:00-04:00,8.714128435641893,8.791834231028494,8.653074222405765,8.675275802612305,415800,0.0,0.0
2022-11-02 00:00:00-04:00,8.6863785740121,8.730781745906114,8.57537064427706,8.580921173095703,367800,0.0,0.0
2022-11-03 00:00:00-04:00,8.542066362953316,8.664174790019958,8.492112674913585,8.653074264526367,278000,0.0,0.0
2022-11-04 00:00:00-04:00,8.719680786132812,8.82513818183101,8.653076031587497,8.719680786132812,574900,0.0,0.0
2022-11-07 00:00:00-05:00,8.77518648820126,8.819589665363194,8.697480663504061,8.797388076782227,507900,0.0,0.0
2022-11-08 00:00:00-05:00,8.841789298165168,8.952796687187856,8.797386130825089,8.88064193725586,288300,0.0,0.0
2022-11-09 00:00:00-05:00,8.875091836691702,8.936146591722132,8.802936553955078,8.802936553955078,319000,0.0,0.0
2022-11-10 00:00:00-05:00,8.947247941787172,9.052704811096191,8.919495298293928,9.052704811096191,606900,0.0,0.0
2022-11-11 00:00:00-05:00,9.019400582859879,9.330222706522767,8.969446894939344,9.180362701416016,634700,0.0,0.0
2022-11-14 00:00:00-05:00,9.181486340202,9.220771255719681,8.872817694117389,8.906490325927734,559700,0.182,0.0
2022-11-15 00:00:00-05:00,8.979448408472594,9.058018239507957,8.861593126702719,8.906490325927734,499200,0.0,0.0
2022-11-16 00:00:00-05:00,8.895266354569104,8.979448469887565,8.78863510426776,8.805471420288086,460200,0.0,0.0
2022-11-17 00:00:00-05:00,8.805471330541538,8.917714863444601,8.788635014692812,8.878429412841797,289900,0.0,0.0
2022-11-18 00:00:00-05:00,8.878427522142047,8.996283313635725,8.811081737871884,8.956997871398926,261500,0.0,0.0
2022-11-21 00:00:00-05:00,9.001898697479481,9.029959049180247,8.811084773482724,8.83914566040039,664600,0.0,0.0
2022-11-22 00:00:00-05:00,8.92332661191629,8.92332661191629,8.833532213767304,8.878429412841797,315600,0.0,0.0
2022-11-23 00:00:00-05:00,8.906492321663501,8.945777245984011,8.867207397342993,8.912104606628418,245700,0.0,0.0
2022-11-25 00:00:00-05:00,8.923326641832908,8.95138752515275,8.867205410410053,8.906490325927734,181100,0.0,0.0
2022-11-28 00:00:00-05:00,8.906488399392126,9.01311909068237,8.884039804635405,8.956997871398926,589600,0.0,0.0
2022-11-29 00:00:00-05:00,8.956998564369949,9.041181202633098,8.912101371382972,9.018732070922852,433100,0.0,0.0
2022-11-30 00:00:00-05:00,9.052403327839498,9.209544014725106,8.99628264792561,9.147809982299805,496300,0.0,0.0
2022-12-01 00:00:00-05:00,9.181487681810806,9.243220670744652,8.996286574141621,9.159038543701172,593800,0.0,0.0
2022-12-02 00:00:00-05:00,9.102914783702714,9.22077059220872,9.024344958321102,9.153424263000488,379000,0.0,0.0
2022-12-05 00:00:00-05:00,9.147813412729477,9.209547468305047,9.10852849388457,9.130977630615234,300600,0.0,0.0
2022-12-06 00:00:00-05:00,9.175875397283397,9.175875397283397,9.069244132130285,9.159038543701172,381000,0.0,0.0
2022-12-07 00:00:00-05:00,9.170261562603342,9.203934193641905,9.119752080828675,9.181486129760742,393800,0.0,0.0
2022-12-08 00:00:00-05:00,9.226380268778849,9.254440606934786,9.170258522033691,9.170258522033691,344200,0.0,0.0
2022-12-09 00:00:00-05:00,9.170262638958157,9.209547558186467,9.125365435492405,9.136590003967285,319800,0.0,0.0
2022-12-12 00:00:00-05:00,9.170261439611453,9.187098290121739,9.007508429312905,9.069242477416992,747700,0.0,0.0
2022-12-13 00:00:00-05:00,9.147812367320418,9.164649217944305,9.091691672774724,9.125364303588867,654900,0.0,0.0
2022-12-14 00:00:00-05:00,9.081094742142726,9.279743906137268,9.081094742142726,9.115148544311523,639600,0.182,0.0
2022-12-15 00:00:00-05:00,9.052715758225743,9.09244591379481,8.990283429867777,9.075418472290039,583000,0.0,0.0
2022-12-16 00:00:00-05:00,9.052715341473153,9.069742240918671,8.967580302970184,9.024336814880371,605800,0.0,0.0
2022-12-19 00:00:00-05:00,9.035688519220178,9.035688519220178,8.888120612697334,8.933526039123535,762400,0.0,0.0
2022-12-20 00:00:00-05:00,8.888118778241243,8.922173111669967,8.808659569032999,8.859740257263184,650800,0.0,0.0
2022-12-21 00:00:00-05:00,8.8881196975708,8.961903643235381,8.848390088857306,8.8881196975708,514700,0.0,0.0
2022-12-22 00:00:00-05:00,8.859742620178647,8.905148049343175,8.77460757581401,8.865418434143066,788400,0.0,0.0
2022-12-23 00:00:00-05:00,8.837038466163014,8.944876748819938,8.837038466163014,8.905146598815918,401200,0.0,0.0
2022-12-27 00:00:00-05:00,8.90514526308294,8.90514526308294,8.71217252014911,8.74622631072998,530200,0.0,0.0
2022-12-28 00:00:00-05:00,8.768934518221068,8.814339961658055,8.553258391257579,8.575961112976074,845000,0.0,0.0
2022-12-29 00:00:00-05:00,8.615685469713315,8.689469400841945,8.587306951390731,8.632712364196777,606000,0.0,0.0
2022-12-30 00:00:00-05:00,8.632713774555505,8.746227325115756,8.587308354331403,8.638389587402344,538300,0.0,0.0
2023-01-03 00:00:00-05:00,8.69514776385155,8.92785072256044,8.69514776385155,8.910823822021484,484400,0.0,0.0
2023-01-04 00:00:00-05:00,8.939199842658745,9.058389195545205,8.939199842658745,9.018659591674805,517500,0.0,0.0
2023-01-05 00:00:00-05:00,9.024336814880371,9.058391155046783,8.995958829562964,9.024336814880371,495400,0.0,0.0
2023-01-06 00:00:00-05:00,9.058392026938387,9.126500172551406,9.030013497614105,9.115148544311523,409500,0.0,0.0
2023-01-09 00:00:00-05:00,9.1548785717635,9.240014704835398,9.11514895369043,9.200284004211426,563800,0.0,0.0
2023-01-10 00:00:00-05:00,9.21731041020103,9.26839165127613,9.200282968992402,9.257040023803711,510400,0.0,0.0
2023-01-11 00:00:00-05:00,9.26271196266677,9.342171156631945,9.234333988407872,9.313793182373047,663300,0.0,0.0
2023-01-12 00:00:00-05:00,9.320684614983067,9.395296620684443,9.246073703973519,9.337903022766113,521100,0.182,0.0
2023-01-13 00:00:00-05:00,9.257549983308056,9.34364091298238,9.2001574897807,9.263289451599121,488200,0.0,0.0
2023-01-17 00:00:00-05:00,9.24033622055216,9.309207677101849,9.171463669310407,9.26903247833252,584300,0.0,0.0
2023-01-18 00:00:00-05:00,9.303463862132674,9.303463862132674,9.182938322106965,9.23459243774414,397900,0.0,0.0
2023-01-19 00:00:00-05:00,9.240330020057558,9.383813402062515,9.182936448317308,9.326419830322266,378300,0.0,0.0
2023-01-20 00:00:00-05:00,9.366600049855363,9.366600049855363,9.240334999734813,9.320685386657715,433300,0.0,0.0
2023-01-23 00:00:00-05:00,9.360858844367392,9.406773499051244,9.33216259569938,9.383816719055176,380500,0.0,0.0
2023-01-24 00:00:00-05:00,9.435473780518441,9.45843056766301,9.314947090260263,9.406776428222656,389100,0.0,0.0
2023-01-25 00:00:00-05:00,9.383816204211977,9.458427103470314,9.332162083690184,9.44120979309082,335000,0.0,0.0
2023-01-26 00:00:00-05:00,9.45842768086625,9.521560741956142,9.441210369435716,9.498602867126465,505700,0.0,0.0
2023-01-27 00:00:00-05:00,9.527299953372284,9.550256732890274,9.458427425434921,9.504342079162598,404900,0.0,0.0
2023-01-30 00:00:00-05:00,9.527302109576311,9.544519424438477,9.498604760319465,9.544519424438477,339800,0.0,0.0
2023-01-31 00:00:00-05:00,9.58469554497683,9.699481655911379,9.58469554497683,9.63634967803955,525500,0.0,0.0
2023-02-01 00:00:00-05:00,9.670783038649933,9.762612342834473,9.64782516525797,9.762612342834473,649400,0.0,0.0
2023-02-02 00:00:00-05:00,9.888878321755682,9.917575666279623,9.762613289925621,9.808527946472168,706300,0.0,0.0
2023-02-03 00:00:00-05:00,9.78557147269177,9.825747760780768,9.733917339840687,9.774093627929688,567400,0.0,0.0
2023-02-06 00:00:00-05:00,9.785568678926628,9.837222797030536,9.710957783160763,9.75113296508789,541800,0.0,0.0
2023-02-07 00:00:00-05:00,9.785567476851146,9.877396765601718,9.762610702009237,9.848700523376465,453200,0.0,0.0
2023-02-08 00:00:00-05:00,9.888877540251293,9.934792193169267,9.84296288733332,9.917574882507324,502900,0.0,0.0
2023-02-09 00:00:00-05:00,9.963490322826168,9.963490322826168,9.7740922277352,9.808527946472168,585900,0.0,0.0
2023-02-10 00:00:00-05:00,9.831482887268066,9.860180226420805,9.774090398345699,9.831482887268066,415400,0.0,0.0
2023-02-13 00:00:00-05:00,9.88313865097093,9.95201118172979,9.84870293293737,9.92905330657959,512100,0.0,0.0
2023-02-14 00:00:00-05:00,9.883811859012072,10.00561886194487,9.866410384451399,9.88961124420166,600800,0.182,0.0
2023-02-15 00:00:00-05:00,9.895411030097572,9.953414834833028,9.779404526957217,9.808405876159668,415600,0.0,0.0
2023-02-16 00:00:00-05:00,9.733000755310059,9.831606881845476,9.680797446771871,9.733000755310059,498300,0.0,0.0
2023-02-17 00:00:00-05:00,9.680801363894632,9.78520802321686,9.657599392342629,9.756205558776855,462700,0.0,0.0
2023-02-21 00:00:00-05:00,9.686599791396514,9.750402986898555,9.564791679382326,9.564791679382324,574300,0.0,0.0
2023-02-22 00:00:00-05:00,9.599592760244294,9.709799880199787,9.57639190181347,9.680798530578613,406200,0.0,0.0
2023-02-23 00:00:00-05:00,9.738803603323312,9.860610615177944,9.709801143597888,9.820008277893066,361900,0.0,0.0
2023-02-24 00:00:00-05:00,9.709800442218006,9.837407936800094,9.686599582444279,9.814207077026367,441100,0.0,0.0
2023-02-27 00:00:00-05:00,9.89541203569614,10.005619165259997,9.860610191850432,9.976617813110352,523000,0.0,0.0
2023-02-28 00:00:00-05:00,9.976617018297217,10.011418859370346,9.84320793257749,9.901211738586426,620700,0.0,0.0
2023-03-01 00:00:00-05:00,9.843209485466907,9.947616131488331,9.837408993317856,9.860610961914062,434200,0.0,0.0
2023-03-02 00:00:00-05:00,9.727197794053648,9.889607062626649,9.721397304986017,9.849004745483398,492800,0.0,0.0
2023-03-03 00:00:00-05:00,9.924412859493396,9.965015188347422,9.889609915049528,9.947613716125488,374500,0.0,0.0
2023-03-06 00:00:00-05:00,9.976617380213977,10.086823398665206,9.866410255432129,9.866410255432129,521700,0.0,0.0
2023-03-07 00:00:00-05:00,9.895410161604643,9.941812980054248,9.825806487095464,9.878009796142578,465800,0.0,0.0
2023-03-08 00:00:00-05:00,9.866410384451399,9.982416895863974,9.866410384451399,9.88961124420166,326200,0.0,0.0
2023-03-09 00:00:00-05:00,9.941812980054248,9.982415307906345,9.837406361960022,9.878009796142578,432100,0.0,0.0
2023-03-10 00:00:00-05:00,9.860610054582146,9.9012123895587,9.674998748214682,9.686599731445312,730400,0.0,0.0
2023-03-13 00:00:00-04:00,9.587993434762883,9.628595769096252,9.31537586481488,9.471985816955566,1050900,0.0,0.0
2023-03-14 00:00:00-04:00,9.608069202386256,9.69605608364081,9.543546906612498,9.631532669067383,468700,0.182,0.0
2023-03-15 00:00:00-04:00,9.455562877913762,9.555280391993245,9.27959020193827,9.297187805175781,989700,0.0,0.0
2023-03-16 00:00:00-04:00,9.332379988885473,9.561143190302136,9.244394228248266,9.514217376708984,427500,0.0,0.0
2023-03-17 00:00:00-04:00,9.514219386772192,9.537682857925706,9.25612735748291,9.25612735748291,508400,0.0,0.0
2023-03-20 00:00:00-04:00,9.261991541896842,9.303051490152928,9.091885322750409,9.127079963684082,927800,0.0,0.0
2023-03-21 00:00:00-04:00,9.168140254314686,9.203334337162804,9.080153928394665,9.150543212890625,503900,0.0,0.0
2023-03-22 00:00:00-04:00,9.238529757207612,9.250261492077927,9.127081072939163,9.144678115844727,541200,0.0,0.0
2023-03-23 00:00:00-04:00,9.185736814173763,9.267857268847287,9.14467686653692,9.203333854675293,453900,0.0,0.0
2023-03-24 00:00:00-04:00,9.20920266410347,9.261994361877441,9.162276834837721,9.261994361877441,278800,0.0,0.0
2023-03-27 00:00:00-04:00,9.33824597733093,9.33824597733093,9.232662615668197,9.32651424407959,264200,0.0,0.0
2023-03-28 00:00:00-04:00,9.361706993693153,9.42622983534465,9.297184152041657,9.314781188964844,310800,0.0,0.0
2023-03-29 00:00:00-04:00,9.373440156884044,9.443829438332841,9.34997724953439,9.385171890258789,284100,0.0,0.0
2023-03-30 00:00:00-04:00,9.426229847472111,9.467289786812279,9.367572871186118,9.43796157836914,315100,0.0,0.0
2023-03-31 00:00:00-04:00,9.43796416647405,9.561144018273275,9.41450069824577,9.48488998413086,446800,0.0,0.0
2023-04-03 00:00:00-04:00,9.52594979210633,9.613935559045544,9.502487443029079,9.56114387512207,409400,0.0,0.0
2023-04-04 00:00:00-04:00,9.602204087089104,9.637398166964429,9.572874754859978,9.619800567626953,362400,0.0,0.0
2023-04-05 00:00:00-04:00,9.649130408557978,9.649130408557978,9.467291895549753,9.555278778076172,351200,0.0,0.0
2023-04-06 00:00:00-04:00,9.561140802967888,9.602201858558997,9.508349136007258,9.584604263305664,249200,0.0,0.0
2023-04-10 00:00:00-04:00,9.578741441153054,9.608069657092765,9.561143840309395,9.590473175048828,311800,0.0,0.0
2023-04-11 00:00:00-04:00,9.578740987834518,9.649130269078228,9.572875121164236,9.631532669067383,433000,0.0,0.0
2023-04-12 00:00:00-04:00,9.678459403644277,9.678459403644277,9.549413681030273,9.549413681030273,439800,0.0,0.0
2023-04-13 00:00:00-04:00,9.580257745577041,9.59212211368425,9.520937036489421,9.574325561523438,353200,0.182,0.0
2023-04-14 00:00:00-04:00,9.568395377461952,9.574327562755506,9.461618870799636,9.515007972717285,396100,0.0,0.0
2023-04-17 00:00:00-04:00,9.550599071711153,9.550599071711153,9.414161651171367,9.479413986206055,349100,0.0,0.0
2023-04-18 00:00:00-04:00,9.538733187799055,9.586189526785185,9.473480863124172,9.52686882019043,350000,0.0,0.0
2023-04-19 00:00:00-04:00,9.5268708503661,9.651444473906555,9.479414501267025,9.633647918701172,420100,0.0,0.0
2023-04-20 00:00:00-04:00,9.62771441840769,9.62771441840769,9.520937364659243,9.56839370727539,276600,0.0,0.0
2023-04-21 00:00:00-04:00,9.58025971372339,9.663309176086914,9.556532104082846,9.627716064453125,318900,0.0,0.0
2023-04-24 00:00:00-04:00,9.60992014273297,9.752289187554005,9.60992014273297,9.728560447692871,382400,0.0,0.0
2023-04-25 00:00:00-04:00,9.722626979901447,9.74042353244918,9.681102822071846,9.734491348266602,317700,0.0,0.0
2023-04-26 00:00:00-04:00,9.752290725708008,9.817542507720608,9.728561982104319,9.752290725708008,343700,0.0,0.0
2023-04-27 00:00:00-04:00,9.752292011817522,9.758224198500766,9.716698891718051,9.746359825134277,341800,0.0,0.0
2023-04-28 00:00:00-04:00,9.758221268569544,9.894658126971898,9.73449252896118,9.876861572265625,518600,0.0,0.0
2023-05-01 00:00:00-04:00,9.88279633045832,9.942117063476632,9.829407783886726,9.864999771118164,457800,0.0,0.0
2023-05-02 00:00:00-04:00,9.805675689273992,9.829403292770701,9.67516990997284,9.69296646118164,499400,0.0,0.0
2023-05-03 00:00:00-04:00,9.698901156272052,9.752289692274084,9.621783879180827,9.627716064453125,318700,0.0,0.0
2023-05-04 00:00:00-04:00,9.6336474863492,9.687036018120693,9.526870422806216,9.603987693786621,514600,0.0,0.0
2023-05-05 00:00:00-04:00,9.657374451456892,9.710762973420684,9.58618937835572,9.621781349182129,357700,0.0,0.0
2023-05-08 00:00:00-04:00,9.692968637937168,9.692968637937168,9.568395014396714,9.633647918701172,381500,0.0,0.0
2023-05-09 00:00:00-04:00,9.55059880519635,9.62178275726647,9.515006829161289,9.538734436035156,471700,0.0,0.0
2023-05-10 00:00:00-04:00,9.62178275726647,9.687035656204515,9.538734436035156,9.538734436035156,418400,0.0,0.0
2023-05-11 00:00:00-04:00,9.556530105201313,9.669238207454557,9.550597921169814,9.592122077941895,429400,0.0,0.0
2023-05-12 00:00:00-04:00,9.593323758174654,9.635320615274996,9.515329186299542,9.545327186584473,405500,0.182,0.0
2023-05-15 00:00:00-04:00,9.539327647197515,9.557326790997422,9.491331074726315,9.515329360961914,316100,0.0,0.0
2023-05-16 00:00:00-04:00,9.521329868465898,9.545328156699993,9.335343277692731,9.40733814239502,522200,0.0,0.0
2023-05-17 00:00:00-04:00,9.461333625134673,9.485331911317209,9.299344764279342,9.401337623596191,706900,0.0,0.0
2023-05-18 00:00:00-04:00,9.389339090999178,9.449335098266602,9.317344225576866,9.449335098266602,632800,0.0,0.0
2023-05-19 00:00:00-04:00,9.449334195961265,9.455333910547969,9.371339622826952,9.401337623596191,394300,0.0,0.0
2023-05-22 00:00:00-04:00,9.419336424039892,9.44333471080548,9.311344419676889,9.323343276977539,544700,0.0,0.0
2023-05-23 00:00:00-04:00,9.311342706745375,9.359339271447016,9.251346714786232,9.2693452835083,482500,0.0,0.0
2023-05-24 00:00:00-04:00,9.251347814554585,9.299344384961893,9.095358674648706,9.125356674194336,612200,0.0,0.0
2023-05-25 00:00:00-04:00,9.203353319655475,9.203353319655475,9.107360157192815,9.119359016418457,567700,0.0,0.0
2023-05-26 00:00:00-04:00,9.125358524967284,9.287346839904785,9.113359093849649,9.287346839904785,446800,0.0,0.0
2023-05-30 00:00:00-04:00,9.299344764279342,9.43733476678786,9.245348477327564,9.401337623596191,479100,0.0,0.0
2023-05-31 00:00:00-04:00,9.413335800170898,9.44933351292478,9.371338945428231,9.413335800170898,400500,0.0,0.0
2023-06-01 00:00:00-04:00,9.46133244718554,9.503329299735244,9.419335022471632,9.479331016540527,482400,0.0,0.0
2023-06-02 00:00:00-04:00,9.479331221369351,9.599322639935705,9.479331221369351,9.563324928283691,487600,0.0,0.0
2023-06-05 00:00:00-04:00,9.587323695014662,9.629320550587671,9.563325410092338,9.60532283782959,394500,0.0,0.0
2023-06-06 00:00:00-04:00,9.641318511001444,9.641318511001444,9.575323380555504,9.587322235107422,395900,0.0,0.0
2023-06-07 00:00:00-04:00,9.629322794167162,9.65932137251488,9.443336185726343,9.45533561706543,862500,0.0,0.0
2023-06-08 00:00:00-04:00,9.473333086289964,9.497331374002952,9.359341362694348,9.461334228515625,473900,0.0,0.0
2023-06-09 00:00:00-04:00,9.491332556575982,9.539329136540726,9.419337686628865,9.509331703186035,263900,0.0,0.0
2023-06-12 00:00:00-04:00,9.509331703186035,9.575326857596467,9.50333198764935,9.509331703186035,478800,0.0,0.0
2023-06-13 00:00:00-04:00,9.563327426523099,9.587325716505472,9.50333198764935,9.509331703186035,574800,0.0,0.0
2023-06-14 00:00:00-04:00,9.522680149525515,9.534818961967911,9.480195463598,9.510541915893555,323200,0.182,0.0
2023-06-15 00:00:00-04:00,9.516612093719969,9.589443237848176,9.498403873580056,9.546957969665527,454700,0.0,0.0
2023-06-16 00:00:00-04:00,9.559097284114953,9.559097284114953,9.486266136169434,9.486266136169434,324800,0.0,0.0
2023-06-20 00:00:00-04:00,9.468057229966039,9.516611322114752,9.395225512932534,9.510541915893555,450200,0.0,0.0
2023-06-21 00:00:00-04:00,9.486265912630644,9.498404147596943,9.443781222032849,9.492335319519043,407400,0.0,0.0
2023-06-22 00:00:00-04:00,9.480196181511817,9.486265588192637,9.431642085686212,9.443780899047852,345700,0.0,0.0
2023-06-23 00:00:00-04:00,9.443780481878589,9.449849309480847,9.407364622212778,9.413434028625488,250300,0.0,0.0
2023-06-26 00:00:00-04:00,9.413434173351844,9.540888815926044,9.40736476684582,9.498403549194336,343800,0.0,0.0
2023-06-27 00:00:00-04:00,9.52875219274838,9.607652759027712,9.510544547856409,9.589445114135742,363400,0.0,0.0
2023-06-28 00:00:00-04:00,9.601579689404213,9.674410820007324,9.577302645869844,9.674410820007324,373700,0.0,0.0
2023-06-29 00:00:00-04:00,9.65013535438873,9.65013535438873,9.577304211876832,9.625858306884766,310300,0.0,0.0
2023-06-30 00:00:00-04:00,9.6865528143053,9.71082986581742,9.631929303700385,9.650136947631836,474400,0.0,0.0
2023-07-03 00:00:00-04:00,9.680482093530939,9.698689734992454,9.619789762389061,9.64406681060791,351300,0.0,0.0
2023-07-05 00:00:00-04:00,9.656206355212507,9.668345170373849,9.619791067349608,9.650136947631836,300700,0.0,0.0
2023-07-06 00:00:00-04:00,9.631928128756426,9.662274584147427,9.601581673365425,9.656205177307129,276800,0.0,0.0
2023-07-07 00:00:00-04:00,9.662276900706928,9.698692192858408,9.63799984633573,9.686553955078125,429800,0.0,0.0
2023-07-10 00:00:00-04:00,9.710829959091607,9.710829959091607,9.62585998857775,9.704760551452637,541400,0.0,0.0
2023-07-11 00:00:00-04:00,9.70475784300885,9.807935428833817,9.698688437063755,9.789727210998535,599400,0.0,0.0
2023-07-12 00:00:00-04:00,9.826145271025121,9.935392280854762,9.80186764323142,9.880768775939941,1087600,0.0,0.0
2023-07-13 00:00:00-04:00,9.851307546480033,9.881997681973212,9.802205085754395,9.802205085754395,517800,0.182,0.0
2023-07-14 00:00:00-04:00,9.79606654447936,9.808342012677834,9.710135925672239,9.746963500976562,460200,0.0,0.0
2023-07-17 00:00:00-04:00,9.746962624863906,9.746962624863906,9.691721559550029,9.703997611999512,477700,0.0,0.0
2023-07-18 00:00:00-04:00,9.710133428714848,9.77151250998696,9.697857963673005,9.734684944152832,346500,0.0,0.0
2023-07-19 00:00:00-04:00,9.75923775976489,9.796065330505371,9.716272748362979,9.796065330505371,332500,0.0,0.0
2023-07-20 00:00:00-04:00,9.777653562714335,9.802205085754395,9.746964012575638,9.802205085754395,271600,0.0,0.0
2023-07-21 00:00:00-04:00,9.802207354340641,9.826758883062816,9.765379768580072,9.789931297302246,318500,0.0,0.0
2023-07-24 00:00:00-04:00,9.839031234786514,9.839031234786514,9.7531006239425,9.765376091003418,463400,0.0,0.0
2023-07-25 00:00:00-04:00,9.759237289428711,9.783788806954336,9.728548331537441,9.759237289428711,345100,0.0,0.0
2023-07-26 00:00:00-04:00,9.734687958378368,9.82061858169582,9.728550516634215,9.802205085754395,286700,0.0,0.0
2023-07-27 00:00:00-04:00,9.851305757192163,9.851305757192163,9.753100268223418,9.7776517868042,480800,0.0,0.0
2023-07-28 00:00:00-04:00,9.777652128210113,9.839031219482422,9.740824556375848,9.839031219482422,449400,0.0,0.0
2023-07-31 00:00:00-04:00,9.881998747635896,9.93110179901123,9.857446636593684,9.93110179901123,479900,0.0,0.0
2023-08-01 00:00:00-04:00,9.931101110102905,9.943377164772436,9.863583980129492,9.881998062133789,423800,0.0,0.0
2023-08-02 00:00:00-04:00,9.881999969026362,9.888137997545561,9.654897596652978,9.789931297302246,796800,0.0,0.0
2023-08-03 00:00:00-04:00,9.759238115101802,9.80834115430738,9.679446115408536,9.78378963470459,510500,0.0,0.0
2023-08-04 00:00:00-04:00,9.789931297302246,9.851309826430374,9.765379768580072,9.789931297302246,380800,0.0,0.0
2023-08-07 00:00:00-04:00,9.863581582521848,9.912684618555156,9.802203080157394,9.906546592712402,472700,0.0,0.0
2023-08-08 00:00:00-04:00,9.851307331764133,9.943376565527991,9.845170475508217,9.869721412658691,467300,0.0,0.0
2023-08-09 00:00:00-04:00,9.931098696083417,9.931098696083417,9.820616572331295,9.906546592712402,492000,0.0,0.0
2023-08-10 00:00:00-04:00,9.931101707122368,9.937239734826127,9.881998656201366,9.894274711608887,392100,0.0,0.0
2023-08-11 00:00:00-04:00,9.900410793771956,9.943376984335632,9.86358380114065,9.88813591003418,578000,0.0,0.0
2023-08-14 00:00:00-04:00,9.827296892192658,9.932833293297383,9.814881158438396,9.883169174194336,528000,0.182,0.0
2023-08-15 00:00:00-04:00,9.839710649529305,9.883166594390412,9.802462273903467,9.8583345413208,523900,0.0,0.0
2023-08-16 00:00:00-04:00,9.839712198109261,9.870751825299175,9.771423597388397,9.777631759643555,409600,0.0,0.0
2023-08-17 00:00:00-04:00,9.790049206330515,9.802464940221038,9.703136700924837,9.709344863891602,549900,0.0,0.0
2023-08-18 00:00:00-04:00,9.665886009085284,9.777630547655058,9.659678439642525,9.771422386169434,355500,0.0,0.0
2023-08-21 00:00:00-04:00,9.77142210483534,9.79625415802002,9.721757998465982,9.79625415802002,409000,0.0,0.0
2023-08-22 00:00:00-04:00,9.81488037109375,9.821087941451413,9.76521566393178,9.81488037109375,458900,0.0,0.0
2023-08-23 00:00:00-04:00,9.845921195609508,9.908001643074542,9.79625707445469,9.901793479919434,504500,0.0,0.0
2023-08-24 00:00:00-04:00,9.8893751942266,9.907999086843999,9.82729476277811,9.845918655395508,334800,0.0,0.0
2023-08-25 00:00:00-04:00,9.833504933796599,9.883169052287046,9.790048978128205,9.839713096618652,339100,0.0,0.0
2023-08-28 00:00:00-04:00,9.839713217989921,9.889377337092967,9.833505055091289,9.883169174194336,234700,0.0,0.0
2023-08-29 00:00:00-04:00,9.89558459084048,9.945249300395,9.858336798728315,9.939041137695312,338600,0.0,0.0
2023-08-30 00:00:00-04:00,9.901791314568486,9.932831531513044,9.839711472722266,9.895583152770996,485400,0.0,0.0
2023-08-31 00:00:00-04:00,9.93283184544167,9.939040007435372,9.746591129931057,9.759007453918457,867800,0.0,0.0
2023-09-01 00:00:00-04:00,9.839713219841066,9.839713219841066,9.703136596260492,9.71555233001709,785000,0.0,0.0
2023-09-05 00:00:00-04:00,9.827294326973076,9.8583345413208,9.78383838211197,9.8583345413208,616800,0.0,0.0
2023-09-06 00:00:00-04:00,9.870753288269043,9.901793512102449,9.814881595820546,9.870753288269043,432900,0.0,0.0
2023-09-07 00:00:00-04:00,9.821088790893555,9.870752910308104,9.81488121999899,9.821088790893555,348900,0.0,0.0
2023-09-08 00:00:00-04:00,9.80867140970289,9.870751252523315,9.80867140970289,9.827295303344727,345300,0.0,0.0
2023-09-11 00:00:00-04:00,9.870751611688677,9.907999992370605,9.845919555248367,9.907999992370605,400300,0.0,0.0
2023-09-12 00:00:00-04:00,9.883169052287046,9.901792948710217,9.82108860815249,9.839713096618652,699500,0.0,0.0
2023-09-13 00:00:00-04:00,9.858336323812152,9.914208601331785,9.79004831353424,9.81488037109375,637400,0.0,0.0
2023-09-14 00:00:00-04:00,9.853816395009867,9.872657775878906,9.834975613078488,9.872657775878906,449200,0.182,0.0
2023-09-15 00:00:00-04:00,9.847538589392137,9.87265983685741,9.797296094461588,9.828697204589844,408800,0.0,0.0
2023-09-18 00:00:00-04:00,9.81613452011928,9.828694841363001,9.765892037269111,9.784732818603516,530600,0.0,0.0
2023-09-19 00:00:00-04:00,9.772173881530762,9.78473420455358,9.73449171458686,9.772173881530762,442500,0.0,0.0
2023-09-20 00:00:00-04:00,9.765892536349027,9.784733318646277,9.70308913010797,9.740771293640137,501200,0.0,0.0
2023-09-21 00:00:00-04:00,9.66541063772894,9.70309221430078,9.615168136341246,9.627728462219238,523500,0.0,0.0
2023-09-22 00:00:00-04:00,9.62144564971177,9.690529521449069,9.596324405153947,9.602604866027832,428900,0.0,0.0
2023-09-25 00:00:00-04:00,9.577482272775917,9.583762732765392,9.433035286643786,9.50839900970459,760600,0.0,0.0
2023-09-26 00:00:00-04:00,9.489559886782613,9.495840348265865,9.244627878313503,9.276029586791992,982800,0.0,0.0
2023-09-27 00:00:00-04:00,9.294871334924624,9.395356333312268,9.294871334924624,9.332552909851074,604400,0.0,0.0
2023-09-28 00:00:00-04:00,9.301149389909279,9.376513119195785,9.200663818589591,9.357671737670898,682700,0.0,0.0
2023-09-29 00:00:00-04:00,9.401635383213298,9.407915245465844,9.276029154096229,9.288589477539062,726200,0.0,0.0
2023-10-02 00:00:00-04:00,9.23206739458501,9.282309890965893,8.541232769878997,8.72336196899414,2641900,0.0,0.0
2023-10-03 00:00:00-04:00,8.817565922589008,8.918050908770892,8.710800475036317,8.836406707763672,1151400,0.0,0.0
2023-10-04 00:00:00-04:00,8.85524566508786,8.911768005121848,8.754760107506373,8.842684745788574,738300,0.0,0.0
2023-10-05 00:00:00-04:00,8.855245256507025,8.86780557628918,8.717078145277908,8.748479843139648,541800,0.0,0.0
2023-10-06 00:00:00-04:00,8.723361082584168,8.767323112715859,8.610315177745258,8.673118591308594,953100,0.0,0.0
2023-10-09 00:00:00-04:00,8.666840472855062,8.779885809312951,8.641719220426875,8.754764556884766,359200,0.0,0.0
2023-10-10 00:00:00-04:00,8.754762061754263,8.84896718071468,8.735921277537273,8.792444229125977,613500,0.0,0.0
2023-10-11 00:00:00-04:00,8.85524566508786,8.85524566508786,8.805003185765916,8.842684745788574,598000,0.0,0.0
2023-10-12 00:00:00-04:00,8.863046382362855,8.863046382362855,8.66580675297147,8.7548828125,575400,0.182,0.0
2023-10-13 00:00:00-04:00,8.767610026815317,8.78033544172299,8.583095758122335,8.589458465576172,676500,0.0,0.0
2023-10-16 00:00:00-04:00,8.57672937927009,8.646717917740276,7.781409491424677,7.813222408294678,4098700,0.0,0.0
2023-10-17 00:00:00-04:00,7.539634422297843,7.565084639983008,6.97336632032662,7.100617408752441,7018000,0.0,0.0
2023-10-18 00:00:00-04:00,7.049716305601128,7.418744730470498,7.017903384812873,7.348756790161133,2487300,0.0,0.0
2023-10-19 00:00:00-04:00,7.348758363422245,7.762324601865026,7.348758363422245,7.755961894989014,2365600,0.0,0.0
2023-10-20 00:00:00-04:00,7.775050120374301,7.8577634905335225,7.514185202754292,7.647799015045166,1187100,0.0,0.0
2023-10-23 00:00:00-04:00,7.660523683256258,7.692336610706866,7.514185066477033,7.654160976409912,832000,0.0,0.0
2023-10-24 00:00:00-04:00,7.654160418256218,7.705060855753,7.603259980759436,7.61598539352417,439700,0.0,0.0
2023-10-25 00:00:00-04:00,7.615985437471892,7.628710243528976,7.367845348157391,7.412383079528809,664600,0.0,0.0
2023-10-26 00:00:00-04:00,7.227868120002243,7.456920673996993,7.1896930988571315,7.304218769073486,889300,0.0,0.0
2023-10-27 00:00:00-04:00,7.323308267001858,7.596897992721789,7.285132631878935,7.533272743225098,757900,0.0,0.0
2023-10-30 00:00:00-04:00,7.596895646537764,7.743234828069712,7.507820203395744,7.724147319793701,799800,0.0,0.0
2023-10-31 00:00:00-04:00,7.755962340425114,7.927751795256804,7.635073936743716,7.87048864364624,987000,0.0,0.0
2023-11-01 00:00:00-04:00,7.895935691601506,8.252239265729704,7.819585055741375,8.21406364440918,1311200,0.0,0.0
2023-11-02 00:00:00-04:00,8.525830871929228,8.602182132296335,8.4367554128027,8.4940185546875,1456000,0.0,0.0
2023-11-03 00:00:00-04:00,8.589455144167877,8.78669475149905,8.50674179959551,8.61490535736084,870000,0.0,0.0
2023-11-06 00:00:00-05:00,8.621267496020074,8.678530623637842,8.373127478603381,8.398577690124512,654400,0.0,0.0
2023-11-07 00:00:00-05:00,8.551280596398962,8.551280596398962,8.341316159456603,8.468567848205566,576900,0.0,0.0
2023-11-08 00:00:00-05:00,8.506748474765988,8.570374361065541,8.341321655812289,8.474935531616211,620000,0.0,0.0
2023-11-09 00:00:00-05:00,8.474932629011164,8.487658044625277,8.239517901180989,8.271330833435059,520900,0.0,0.0
2023-11-10 00:00:00-05:00,8.296778371030515,8.303141076777056,8.11226415184796,8.226790428161621,598600,0.0,0.0
2023-11-13 00:00:00-05:00,8.207704010032701,8.226792131223833,8.01682765237052,8.029552459716797,852000,0.0,0.0
2023-11-14 00:00:00-05:00,8.166411340644258,8.418182354289247,8.159956147212213,8.392359733581543,1303000,0.182,0.0
2023-11-15 00:00:00-05:00,8.347170005987328,8.39235943671233,8.205145289288986,8.224512100219727,662200,0.0,0.0
2023-11-16 00:00:00-05:00,8.321348384631666,8.321348384631666,8.20514627378505,8.276158332824707,470000,0.0,0.0
2023-11-17 00:00:00-05:00,8.263247329208358,8.321348384631666,8.243880515953887,8.276158332824707,436900,0.0,0.0
2023-11-20 00:00:00-05:00,8.327802352341774,8.508561301633078,8.32134715931407,8.437548637390137,686700,0.0,0.0
2023-11-21 00:00:00-05:00,8.437550692618132,8.527930189278523,8.385905441857895,8.39881706237793,638900,0.0,0.0
2023-11-22 00:00:00-05:00,8.444004775720334,8.469827395818628,8.308435866289326,8.353625297546387,458900,0.0,0.0
2023-11-24 00:00:00-05:00,8.34716989610962,8.405270943796848,8.327802469774001,8.372992515563965,194600,0.0,0.0
2023-11-27 00:00:00-05:00,8.366536588806996,8.456916063452649,8.289068731536352,8.437548637390137,534800,0.0,0.0
2023-11-28 00:00:00-05:00,8.489193687757936,8.624762588897225,8.437548450720092,8.482738494873047,661400,0.0,0.0
2023-11-29 00:00:00-05:00,8.57311989053615,8.624765142867213,8.48919620158318,8.566664695739746,618300,0.0,0.0
2023-11-30 00:00:00-05:00,8.631217934210678,8.65058474314552,8.534383273876713,8.605395317077637,799100,0.0,0.0
2023-12-01 00:00:00-05:00,8.60539683653592,8.69577632028978,8.553751593150817,8.611852645874023,711800,0.0,0.0
2023-12-04 00:00:00-05:00,8.63767776690487,8.715145654398093,8.560209879411648,8.66995620727539,684000,0.0,0.0
2023-12-05 00:00:00-05:00,8.715141863111102,8.779698715768427,8.657040818851463,8.721597671508789,757600,0.0,0.0
2023-12-06 00:00:00-05:00,8.779701218737467,8.850713284377242,8.70223272719959,8.753878593444824,959100,0.0,0.0
2023-12-07 00:00:00-05:00,8.837801573438275,8.928181068867383,8.76678950852537,8.895902633666992,682600,0.0,0.0
2023-12-08 00:00:00-05:00,8.915269780110304,8.986281842760507,8.657042922395162,8.702232360839844,1124300,0.0,0.0
2023-12-11 00:00:00-05:00,8.766790923111953,8.766790923111953,8.56666570076574,8.695778846740723,840600,0.0,0.0
2023-12-12 00:00:00-05:00,8.695775657542,8.86362237792123,8.631218800400886,8.779699325561523,1035300,0.0,0.0
2023-12-13 00:00:00-05:00,8.844255796813764,8.863622608195316,8.734509506218586,8.786154747009277,838600,0.0,0.0
2023-12-14 00:00:00-05:00,8.931411296410303,8.970670522822768,8.741659720759229,8.951041221618652,949000,0.182,0.0
2023-12-15 00:00:00-05:00,8.898700824121564,8.944502759750128,8.794009704963372,8.813639640808105,741500,0.0,0.0
2023-12-18 00:00:00-05:00,8.859441012723671,8.859441012723671,8.604257479020244,8.689318656921387,953200,0.0,0.0
2023-12-19 00:00:00-05:00,8.741663426009165,8.78092266906209,8.643516254383597,8.682775497436523,854900,0.0,0.0
2023-12-20 00:00:00-05:00,8.65005815856,8.67623077500327,8.512651766231736,8.525737762451172,1022500,0.0,0.0
2023-12-21 00:00:00-05:00,8.551909446716309,8.597711988502745,8.473391605945128,8.551909446716309,892600,0.0,0.0
2023-12-22 00:00:00-05:00,8.551910183631652,8.584626109439847,8.45376303021145,8.479935646057129,1015300,0.0,0.0
2023-12-26 00:00:00-05:00,8.506108967107274,8.506108967107274,8.335986638004064,8.355616569519043,1223700,0.0,0.0
2023-12-27 00:00:00-05:00,8.38178752419981,8.401416827814991,8.23783784167842,8.290183067321777,1044500,0.0,0.0
2023-12-28 00:00:00-05:00,8.264011470654847,8.381788554836598,8.257468160643775,8.368701934814453,811800,0.0,0.0
2023-12-29 00:00:00-05:00,8.41450370565139,8.440676321220897,8.309813243373359,8.375245094299316,826400,0.0,0.0
2024-01-02 00:00:00-05:00,8.37524520442828,8.584626131737561,8.303270042662426,8.506108283996582,1135800,0.0,0.0
2024-01-03 00:00:00-05:00,8.610801773745031,8.833269399195126,8.558456523522022,8.767837524414062,1052400,0.0,0.0
2024-01-04 00:00:00-05:00,8.774376794081494,8.87252456103355,8.741660871764143,8.859437942504883,860400,0.0,0.0
2024-01-05 00:00:00-05:00,8.859438874044725,8.951043341364345,8.787464336582127,8.833266258239746,1012400,0.0,0.0
2024-01-08 00:00:00-05:00,8.807091556778593,8.957583906017202,8.807091556778593,8.951041221618652,891900,0.0,0.0
2024-01-09 00:00:00-05:00,8.931413349668349,9.009931820544027,8.898698048141924,8.944499969482422,834300,0.0,0.0
2024-01-10 00:00:00-05:00,8.964129598595246,9.04264744829921,8.91178436545927,8.957586288452148,1016300,0.0,0.0
2024-01-11 00:00:00-05:00,8.9323879750386,8.972175539809799,8.846180741485082,8.965544700622559,718800,0.182,0.0
2024-01-12 00:00:00-05:00,8.919122001018994,8.97880396030711,8.839546266105415,8.879334449768066,489900,0.0,0.0
2024-01-16 00:00:00-05:00,8.885966314942879,8.89259778505597,8.773233852667525,8.819653511047363,546800,0.0,0.0
2024-01-17 00:00:00-05:00,8.78649795821083,8.78649795821083,8.600821197301325,8.740078926086426,739400,0.0,0.0
2024-01-18 00:00:00-05:00,8.753342674549643,8.826287602635247,8.720185946548185,8.793130874633789,494600,0.0,0.0
2024-01-19 00:00:00-05:00,8.852811684185506,8.852811684185506,8.620715251376005,8.667134284973145,739700,0.0,0.0
2024-01-22 00:00:00-05:00,8.72681510747863,8.733446577805084,8.620714111902643,8.68039608001709,714600,0.0,0.0
2024-01-23 00:00:00-05:00,8.680396309987954,8.793128778877032,8.627345810794486,8.773234367370605,536400,0.0,0.0
2024-01-24 00:00:00-05:00,8.766603529280298,8.826285498975908,8.660502530893362,8.773234367370605,761600,0.0,0.0
2024-01-25 00:00:00-05:00,8.76660453319268,8.912493106475306,8.76660453319268,8.813023567199707,560700,0.0,0.0
2024-01-26 00:00:00-05:00,8.81302443088999,8.90586314041429,8.799762119479073,8.872706413269043,527300,0.0,0.0
2024-01-29 00:00:00-05:00,8.86607414820723,8.965544320744469,8.86607414820723,8.95891284942627,464800,0.0,0.0
2024-01-30 00:00:00-05:00,8.952280538681325,9.005331039428711,8.919123817611247,9.005331039428711,536400,0.0,0.0
2024-01-31 00:00:00-05:00,9.04511947862081,9.07164472972009,8.972174563788885,9.031856536865234,620300,0.0,0.0
2024-02-01 00:00:00-05:00,9.078277209512093,9.270585472853618,9.038489641875632,9.210904121398926,1240100,0.0,0.0
2024-02-02 00:00:00-05:00,9.204268774560454,9.237425488574035,9.131324509659954,9.171112060546875,786800,0.0,0.0
2024-02-05 00:00:00-05:00,9.210905856302979,9.210905856302979,9.051753658544344,9.08491039276123,663600,0.0,0.0
2024-02-06 00:00:00-05:00,9.084908290548258,9.151221743637352,9.05175156400371,9.09817123413086,470900,0.0,0.0
2024-02-07 00:00:00-05:00,9.118066212580933,9.144591470811958,9.071647168779647,9.1246976852417,641800,0.0,0.0
2024-02-08 00:00:00-05:00,9.137956808139977,9.164482057111183,9.104800088823014,9.157851219177246,552400,0.0,0.0
2024-02-09 00:00:00-05:00,9.151219601634459,9.283845844357199,9.137956661156279,9.244057655334473,1181200,0.0,0.0
2024-02-12 00:00:00-05:00,9.283847151848349,9.370054379862083,9.257321899568115,9.350160598754883,959000,0.0,0.0
2024-02-13 00:00:00-05:00,9.283846474656599,9.33026550465809,9.217533032587168,9.277215003967285,1049400,0.0,0.0
2024-02-14 00:00:00-05:00,9.298717337379525,9.332311097157888,9.164342939013743,9.197936058044434,1046100,0.182,0.0
2024-02-15 00:00:00-05:00,9.204655770776503,9.258405534984867,9.204655770776503,9.24496841430664,520400,0.0,0.0
2024-02-16 00:00:00-05:00,9.231529419883538,9.244967179514697,9.164342543970678,9.191217422485352,496100,0.0,0.0
2024-02-20 00:00:00-05:00,9.20465506483253,9.258404824918596,9.191217945184855,9.238248825073242,604700,0.0,0.0
2024-02-21 00:00:00-05:00,9.244965222693773,9.298714968346264,9.238246344300334,9.27184009552002,477900,0.0,0.0
2024-02-22 00:00:00-05:00,9.312152376458643,9.35246500733616,9.285277502789475,9.325590133666992,496100,0.0,0.0
2024-02-23 00:00:00-05:00,9.372620913759237,9.406214665714867,9.32559004546987,9.345746040344238,537300,0.0,0.0
2024-02-26 00:00:00-05:00,9.352468027355663,9.386061790476818,9.278562261087309,9.339030265808105,938600,0.0,0.0
2024-02-27 00:00:00-05:00,9.35918446300079,9.446527967997822,9.332309587674594,9.433090209960938,500700,0.0,0.0
2024-02-28 00:00:00-05:00,9.43308892685233,9.45996379852295,9.386058061615616,9.45996379852295,594200,0.0,0.0
2024-02-29 00:00:00-05:00,9.527153208235747,9.627933837019881,9.466684574666221,9.601058959960938,732500,0.0,0.0
2024-03-01 00:00:00-05:00,9.540590084204405,9.641371351177828,9.52043408710876,9.60777759552002,580100,0.0,0.0
2024-03-04 00:00:00-05:00,9.61449689756001,9.883245673144428,9.607778017983494,9.816058158874512,1144100,0.0,0.0
2024-03-05 00:00:00-05:00,9.849650801617354,9.869806797318827,9.654807801176334,9.661526679992676,734600,0.0,0.0
2024-03-06 00:00:00-05:00,9.748871619293471,9.869808252075254,9.674965222915423,9.789183616638184,878000,0.0,0.0
2024-03-07 00:00:00-05:00,9.80262046389583,9.863089095032569,9.762307829555475,9.849651336669922,656800,0.0,0.0
2024-03-08 00:00:00-05:00,9.876526832580566,9.88996459178668,9.809339958792883,9.876526832580566,594000,0.0,0.0
2024-03-11 00:00:00-04:00,9.910120100765537,9.916838980037003,9.849651468817521,9.88996410369873,670300,0.0,0.0
2024-03-12 00:00:00-04:00,9.930274339046633,9.936993217128096,9.87652459588989,9.903399467468262,624400,0.0,0.0
2024-03-13 00:00:00-04:00,9.910120817737983,10.071370087433609,9.88996481921294,10.01090145111084,1410600,0.0,0.0
2024-03-14 00:00:00-04:00,9.998657844362786,10.066676185287616,9.910234260628894,9.944243431091309,982800,0.182,0.0
2024-03-15 00:00:00-04:00,9.930641697679688,9.978254154534724,9.876227275939339,9.95104694366455,527200,0.0,0.0
2024-03-18 00:00:00-04:00,9.869424488003293,9.917036940887737,9.801406142164643,9.815010070800781,1076800,0.0,0.0
2024-03-19 00:00:00-04:00,9.828613703646639,9.869424842349293,9.570144888319282,9.583748817443848,1083700,0.0,0.0
2024-03-20 00:00:00-04:00,9.624558226105036,9.644964117499175,9.291269784052432,9.434107780456543,2090100,0.0,0.0
2024-03-21 00:00:00-04:00,9.447711223362786,9.7469904797424,9.406900091339189,9.638161659240723,953000,0.0,0.0
2024-03-22 00:00:00-04:00,9.712981694357323,9.712981694357323,9.52933321468331,9.570143699645996,492200,0.0,0.0
2024-03-25 00:00:00-04:00,9.617756417564392,9.75379244319149,9.583747248989884,9.638161659240723,484000,0.0,0.0
2024-03-26 00:00:00-04:00,9.617756865749373,9.678972593631002,9.522531319037451,9.556540489196777,636900,0.0,0.0
2024-03-27 00:00:00-04:00,9.570144078920311,9.678972908028419,9.570144078920311,9.672171592712402,554900,0.0,0.0
2024-03-28 00:00:00-04:00,9.726584367948172,9.849016455724598,9.699377165256648,9.740187644958496,705900,0.0,0.0
2024-04-01 00:00:00-04:00,9.82861243876974,9.82861243876974,9.69257640838623,9.69257640838623,839900,0.0,0.0
2024-04-02 00:00:00-04:00,9.706184423015893,9.815013293150331,9.631364088295042,9.808211326599121,823400,0.0,0.0
2024-04-03 00:00:00-04:00,9.760595981880972,9.87622678449313,9.746992052787286,9.869424819946289,583500,0.0,0.0
2024-04-04 00:00:00-04:00,9.903431481956808,9.957845887186993,9.828611188262146,9.86262035369873,558700,0.0,0.0
2024-04-05 00:00:00-04:00,9.88302745426811,9.991856285218764,9.869424174734776,9.985054969787598,562400,0.0,0.0
2024-04-08 00:00:00-04:00,10.005458459624714,10.10068399435051,9.964647330836263,10.073476791381836,671600,0.0,0.0
2024-04-09 00:00:00-04:00,10.127890172816878,10.134691486367883,10.019060723280115,10.087079048156738,517000,0.0,0.0
2024-04-10 00:00:00-04:00,9.998656366774194,10.039467495032271,9.76739482021047,9.86262035369873,1191900,0.0,0.0
2024-04-11 00:00:00-04:00,9.821809305923779,9.855818471639045,9.685773291733593,9.787800788879395,1057400,0.0,0.0
2024-04-12 00:00:00-04:00,9.713402252097143,9.754735509674589,9.616956889449298,9.699624061584473,998500,0.182,0.0
2024-04-15 00:00:00-04:00,9.699622980996182,9.713401169973892,9.513622028658581,9.541177749633789,874700,0.0,0.0
2024-04-16 00:00:00-04:00,9.541178713291128,9.610067694196818,9.424066723073151,9.506733894348145,685100,0.0,0.0
2024-04-17 00:00:00-04:00,9.548066572225581,9.644511928018652,9.486066690266002,9.637622833251953,559400,0.0,0.0
2024-04-18 00:00:00-04:00,9.60317895544336,9.692735225226972,9.596290516983313,9.67206859588623,501500,0.0,0.0
2024-04-19 00:00:00-04:00,9.658288703335012,9.727177669974207,9.658288703335012,9.685844421386719,486200,0.0,0.0
2024-04-22 00:00:00-04:00,9.734067596983058,9.871846199035645,9.685845250509702,9.871846199035645,601100,0.0,0.0
2024-04-23 00:00:00-04:00,9.940734813921736,9.982068061828613,9.90629000267925,9.982068061828613,501000,0.0,0.0
2024-04-24 00:00:00-04:00,9.98895881549431,10.002737005073094,9.809846292851569,9.975180625915527,483700,0.0,0.0
2024-04-25 00:00:00-04:00,9.796069501171818,9.968292942051166,9.734068957338406,9.961403846740723,459300,0.0,0.0
2024-04-26 00:00:00-04:00,9.954513536985251,10.037180699684356,9.947624442515274,10.02340316772461,391600,0.0,0.0
2024-04-29 00:00:00-04:00,10.00962662413748,10.050960540771484,9.975181803105864,10.050960540771484,407000,0.0,0.0
2024-04-30 00:00:00-04:00,10.057849636373872,10.112961087232332,10.00962662413748,10.050960540771484,636200,0.0,0.0
2024-05-01 00:00:00-04:00,10.057848690885615,10.106071041608546,9.975180865388799,10.016514778137207,623200,0.0,0.0
2024-05-02 00:00:00-04:00,10.057847722197895,10.112959162567732,10.057847722197895,10.085403442382812,461000,0.0,0.0
2024-05-03 00:00:00-04:00,10.133624327356848,10.168069136866661,10.092290424549056,10.10606861114502,659000,0.0,0.0
2024-05-06 00:00:00-04:00,10.154291857280032,10.154291857280032,10.092291326020334,10.1474027633667,430600,0.0,0.0
2024-05-07 00:00:00-04:00,10.119848747720868,10.15429356610396,10.112960309628463,10.133626937866211,488100,0.0,0.0
2024-05-08 00:00:00-04:00,10.133625033467542,10.140514127245556,10.099180221557617,10.099180221557617,469100,0.0,0.0
2024-05-09 00:00:00-04:00,10.11984755202483,10.140514834800932,10.023402860323774,10.092291831970215,615800,0.0,0.0
2024-05-10 00:00:00-04:00,10.112961087232332,10.12673862145679,10.00273818551541,10.050960540771484,887700,0.0,0.0
2024-05-13 00:00:00-04:00,10.106069876097145,10.106069876097145,9.954513089472039,10.00273609161377,869600,0.0,0.0
2024-05-14 00:00:00-04:00,9.997154362791484,10.059941901024997,9.94831990652967,10.011107444763184,640100,0.182,0.0
2024-05-15 00:00:00-04:00,10.136681048060199,10.143657588490049,10.066917639720252,10.101799011230469,567300,0.0,0.0
2024-05-16 00:00:00-04:00,10.150634868406408,10.150634868406408,10.02505979279888,10.06691837310791,653900,0.0,0.0
2024-05-17 00:00:00-04:00,10.101802494415965,10.115755580086804,10.025062519185587,10.05296802520752,501700,0.0,0.0
2024-05-20 00:00:00-04:00,10.08784969995964,10.136684167357073,10.080873157382944,10.129708290100098,604500,0.0,0.0
2024-05-21 00:00:00-04:00,10.143658659073319,10.248304115287501,10.1227297008944,10.241328239440918,709700,0.0,0.0
2024-05-22 00:00:00-04:00,10.213424932897409,10.25528285824206,10.185519427561065,10.2204008102417,497100,0.0,0.0
2024-05-23 00:00:00-04:00,10.227376097406909,10.248305057510024,10.115754089764103,10.143659591674805,525200,0.0,0.0
2024-05-24 00:00:00-04:00,10.171564032518212,10.227375030517578,10.14365853351853,10.227375030517578,369500,0.0,0.0
2024-05-28 00:00:00-04:00,10.220400682318266,10.241330310048353,10.115755204946705,10.129708290100098,604300,0.0,0.0
2024-05-29 00:00:00-04:00,10.115754666595858,10.143660170097817,10.087849163093898,10.12273120880127,619400,0.0,0.0
2024-05-30 00:00:00-04:00,10.157613586644016,10.164589463757842,10.045990903666636,10.073896408081055,532200,0.0,0.0
2024-05-31 00:00:00-04:00,10.129706242060568,10.241328239440918,10.101800077395895,10.241328239440918,762800,0.0,0.0
2024-06-03 00:00:00-04:00,10.2552791595919,10.29016119501177,10.185515754071648,10.234350204467773,562900,0.0,0.0
2024-06-04 00:00:00-04:00,10.283186588359003,10.338997589396858,10.255281087840077,10.332021713256836,493400,0.0,0.0
2024-06-05 00:00:00-04:00,10.332023579219173,10.359929084777832,10.304118073660515,10.359929084777832,661300,0.0,0.0
2024-06-06 00:00:00-04:00,10.380858421325684,10.429692891481434,10.352952914762433,10.380858421325684,584600,0.0,0.0
2024-06-07 00:00:00-04:00,10.373881878354933,10.415740470859687,10.33899982882093,10.380858421325684,473900,0.0,0.0
2024-06-10 00:00:00-04:00,10.380858421325684,10.39481084194743,10.311094322257679,10.380858421325684,533000,0.0,0.0
2024-06-11 00:00:00-04:00,10.366904422872636,10.380857507585967,10.304117537621742,10.352952003479004,493100,0.0,0.0
2024-06-12 00:00:00-04:00,10.387835293534232,10.44364630842964,10.35992978608653,10.429693222045898,908400,0.0,0.0
2024-06-13 00:00:00-04:00,10.464572817408706,10.464572817408706,10.37387977315281,10.422714233398438,818600,0.0,0.0
2024-06-14 00:00:00-04:00,10.388814741521829,10.49475072005132,10.353502524170489,10.43118953704834,806700,0.182,0.0
2024-06-17 00:00:00-04:00,10.388814490056161,10.431189284556973,10.325252635067198,10.35350227355957,844100,0.0,0.0
2024-06-18 00:00:00-04:00,10.318192577203082,10.395879607174953,10.318192577203082,10.346442222595215,540800,0.0,0.0
2024-06-20 00:00:00-04:00,10.36762573336844,10.417062424260854,10.346438002822207,10.40999984741211,520800,0.0,0.0
2024-06-21 00:00:00-04:00,10.381752734281598,10.424127532138472,10.367628250679015,10.402939796447754,466000,0.0,0.0
2024-06-24 00:00:00-04:00,10.402941509861062,10.466503380353032,10.402941509861062,10.445316314697266,560200,0.0,0.0
2024-06-25 00:00:00-04:00,10.473565766405716,10.487690925598145,10.445316121545522,10.487690925598145,417300,0.0,0.0
2024-06-26 00:00:00-04:00,10.452376365661621,10.480626004209713,10.452376365661621,10.452376365661621,451400,0.0,0.0
2024-06-27 00:00:00-04:00,10.48062801361084,10.501815078202878,10.459440949018804,10.48062801361084,364800,0.0,0.0
2024-06-28 00:00:00-04:00,10.508877518513035,10.544189741382242,10.445315652053388,10.530064582824707,846000,0.0,0.0
2024-07-01 00:00:00-04:00,10.551249504089355,10.579499141942058,10.487688324064147,10.551249504089355,652200,0.0,0.0
2024-07-02 00:00:00-04:00,10.593625355463331,10.643062058260968,10.523000917017086,10.579500198364258,802100,0.0,0.0
2024-07-03 00:00:00-04:00,10.579499164645842,10.657186174050862,10.558312104591971,10.650123596191406,421000,0.0,0.0
2024-07-05 00:00:00-04:00,10.664251475162683,10.699563026428223,10.636001830035449,10.699563026428223,669500,0.0,0.0
2024-07-08 00:00:00-04:00,10.713687041544583,10.770186325764989,10.664250336232877,10.741936683654785,817800,0.0,0.0
2024-07-09 00:00:00-04:00,10.74193740132537,10.798436689320502,10.720750336708354,10.763124465942383,900900,0.0,0.0
2024-07-10 00:00:00-04:00,10.791372832531145,10.854934692382812,10.77018577042211,10.854934692382812,882000,0.0,0.0
2024-07-11 00:00:00-04:00,10.9114336857831,10.9114336857831,10.840809922774927,10.869059562683105,947500,0.0,0.0
2024-07-12 00:00:00-04:00,10.890246911580912,10.890246911580912,10.819622473184713,10.854934692382812,807600,0.0,0.0
2024-07-15 00:00:00-04:00,10.863509383850536,10.956421060222382,10.806333072482538,10.877803802490234,963000,0.182,0.0
2024-07-16 00:00:00-04:00,10.92068751249149,10.92068751249149,10.799187660217285,10.799187660217285,808900,0.0,0.0
2024-07-17 00:00:00-04:00,10.806334053215846,10.827775001525879,10.734863998317252,10.827775001525879,807500,0.0,0.0
2024-07-18 00:00:00-04:00,10.849216631431368,10.856363159804408,10.79918684324735,10.827775001525879,590900,0.0,0.0
2024-07-19 00:00:00-04:00,10.827773674086432,10.856361828860173,10.813479937497249,10.834920883178711,471900,0.0,0.0
2024-07-22 00:00:00-04:00,10.870657953117941,10.977863379945767,10.84206979385749,10.963569641113281,906300,0.0,0.0
2024-07-23 00:00:00-04:00,10.98501134238047,11.006452292895153,10.927835019944304,10.949275970458984,552200,0.0,0.0
2024-07-24 00:00:00-04:00,10.913540295381283,10.934981243961301,10.827775137870276,10.856363296508789,575400,0.0,0.0
2024-07-25 00:00:00-04:00,10.884953123013842,10.956423871359094,10.827776796975868,10.89210033416748,592300,0.0,0.0
2024-07-26 00:00:00-04:00,10.927834136005098,10.949275084785446,10.884951556848927,10.934981346130371,380700,0.0,0.0
2024-07-29 00:00:00-04:00,10.949275324602047,10.970716955447493,10.870658056288539,10.899246215820312,604900,0.0,0.0
2024-07-30 00:00:00-04:00,10.93498209670779,10.93498209670779,10.849217614104047,10.920687675476074,659800,0.0,0.0
2024-07-31 00:00:00-04:00,10.963569843063523,11.063628061520449,10.94212889362211,11.035039901733398,862400,0.0,0.0
2024-08-01 00:00:00-04:00,11.063627172843159,11.0707743826147,10.934980804932604,11.020745277404785,614000,0.0,0.0
2024-08-02 00:00:00-04:00,10.920687368968686,10.970717160280005,10.884951998487885,10.913540840148926,885200,0.0,0.0
2024-08-05 00:00:00-04:00,10.677687540471046,10.84206997008717,10.398953153549893,10.742011070251465,2263700,0.0,0.0
2024-08-06 00:00:00-04:00,10.663392294062543,10.970715478862079,10.663392294062543,10.877803802490234,1644300,0.0,0.0
2024-08-07 00:00:00-04:00,10.934982675471684,10.992159000233725,10.89924730209652,10.927835464477539,734300,0.0,0.0
2024-08-08 00:00:00-04:00,11.03503915266674,11.063627310513205,10.963569098848305,11.049333572387695,844000,0.0,0.0
2024-08-09 00:00:00-04:00,11.07077693939209,11.1351004790005,11.020747822628035,11.07077693939209,833200,0.0,0.0
2024-08-12 00:00:00-04:00,11.099362851119274,11.192274535966465,11.077921902799293,11.170833587646484,859700,0.0,0.0
2024-08-13 00:00:00-04:00,11.206571263032465,11.256600379943848,11.142247723234634,11.256600379943848,1281900,0.0,0.0
2024-08-14 00:00:00-04:00,11.263747591387073,11.306629496855228,11.192276840146015,11.256600379943848,1039700,0.0,0.0
2024-08-15 00:00:00-04:00,11.258043851135545,11.301427754049548,11.207429872372325,11.221891403198242,777700,0.182,0.0
2024-08-16 00:00:00-04:00,11.171278961739583,11.200201339593022,11.120664972887036,11.164048194885254,759200,0.0,0.0
2024-08-19 00:00:00-04:00,11.185738285908963,11.27250540233001,11.142354382916567,11.200199127197266,1236100,0.0,0.0
2024-08-20 00:00:00-04:00,11.11343155679814,11.16404553358526,10.961588936873065,11.055586814880371,1806400,0.0,0.0
2024-08-21 00:00:00-04:00,11.077281061324939,11.185740495448243,11.070050984034491,11.164048194885254,483700,0.0,0.0
2024-08-22 00:00:00-04:00,11.171275432480508,11.192967036626747,11.091739090901857,11.135122299194336,533000,0.0,0.0
2024-08-23 00:00:00-04:00,11.149584999558934,11.229121349492598,10.961589238373469,11.012203216552734,1601200,0.0,0.0
2024-08-26 00:00:00-04:00,10.990512094733113,11.062818372089184,10.773593952228666,10.889284133911133,1586300,0.0,0.0
2024-08-27 00:00:00-04:00,10.882053735667931,10.961590091793942,10.853131361661765,10.947129249572754,494000,0.0,0.0
2024-08-28 00:00:00-04:00,10.968820287240494,11.012203501211655,10.918206307752886,10.990511894226074,396900,0.0,0.0
2024-08-29 00:00:00-04:00,11.04835765436856,11.091741561889648,11.012204513028289,11.091741561889648,541100,0.0,0.0
2024-08-30 00:00:00-04:00,11.156814299658798,11.258042242723015,11.14235277089897,11.17127513885498,660600,0.0,0.0
2024-09-03 00:00:00-04:00,11.142353927757025,11.142353927757025,11.033895209052137,11.055586814880371,688100,0.0,0.0
2024-09-04 00:00:00-04:00,11.113430695048097,11.185736961620444,11.08450832633189,11.135122299194336,606200,0.0,0.0
2024-09-05 00:00:00-04:00,11.192970572738691,11.192970572738691,11.135125817031815,11.164048194885254,376000,0.0,0.0
2024-09-06 00:00:00-04:00,11.113433829947981,11.164047817087722,11.077280686463656,11.120664596557617,610400,0.0,0.0
2024-09-09 00:00:00-04:00,11.17851007877577,11.229124069213867,11.156818467097143,11.229124069213867,472200,0.0,0.0
2024-09-10 00:00:00-04:00,11.229121862789341,11.294197374602355,11.207430255372927,11.265275001525879,780900,0.0,0.0
2024-09-11 00:00:00-04:00,11.286967852486121,11.286967852486121,11.178509113890815,11.243584632873535,839400,0.0,0.0
2024-09-12 00:00:00-04:00,11.265276837417566,11.265276837417566,11.18574047088623,11.18574047088623,1028700,0.0,0.0
2024-09-13 00:00:00-04:00,11.17988604517163,11.231103275994812,11.128669512121379,11.201836585998535,794000,0.182,0.0
2024-09-16 00:00:00-04:00,11.201836221294384,11.216469216929642,11.157935838842793,11.165252685546875,693500,0.0,0.0
2024-09-17 00:00:00-04:00,11.165253515598845,11.304270124446722,11.15793666835081,11.275003433227539,812500,0.0,0.0
2024-09-18 00:00:00-04:00,11.238418431967307,11.406702407903476,11.238418431967307,11.28963565826416,737000,0.0,0.0
2024-09-19 00:00:00-04:00,11.414018630981445,11.414018630981445,11.355485259357772,11.414018630981445,570300,0.0,0.0
2024-09-20 00:00:00-04:00,11.370121026490434,11.450604257659217,11.370121026490434,11.4359712600708,595100,0.0,0.0
2024-09-23 00:00:00-04:00,11.421335403189715,11.450602090600743,11.399385562074661,11.443285942077637,419400,0.0,0.0
2024-09-24 00:00:00-04:00,11.435969974159406,11.472553510676327,11.414020131358422,11.46523666381836,471500,0.0,0.0
2024-09-25 00:00:00-04:00,11.45060164996277,11.472552188006,11.414018815436405,11.428651809692383,451200,0.0,0.0
2024-09-26 00:00:00-04:00,11.443285173278273,11.487184852559048,11.443285173278273,11.457918167114258,449400,0.0,0.0
2024-09-27 00:00:00-04:00,11.487185440400696,11.487185440400696,11.362801846451964,11.421335220336914,785800,0.0,0.0
2024-09-30 00:00:00-04:00,11.479872539633487,11.531089782714844,11.443289691712215,11.531089782714844,746300,0.0,0.0
2024-10-01 00:00:00-04:00,11.567668287947027,11.567668287947027,11.494501228439889,11.53840160369873,662300,0.0,0.0
2024-10-02 00:00:00-04:00,11.538404929129392,11.61888815956471,11.501821388832248,11.611571311950684,578200,0.0,0.0
2024-10-03 00:00:00-04:00,11.626203719863424,11.640836715698242,11.553036647370588,11.640836715698242,840300,0.0,0.0
2024-10-04 00:00:00-04:00,11.648153047928544,11.692052731266582,11.61888635977889,11.65546989440918,782400,0.0,0.0
2024-10-07 00:00:00-04:00,11.633518547691038,11.64083539366394,11.545718489334721,11.604251861572266,917700,0.0,0.0
2024-10-08 00:00:00-04:00,11.633518843228071,11.67010237624911,11.60425215636581,11.662785530090332,626200,0.0,0.0
2024-10-09 00:00:00-04:00,11.677421569824219,11.692054567310475,11.64083802944909,11.677421569824219,533900,0.0,0.0
2024-10-10 00:00:00-04:00,11.684736766311515,11.699369761730015,11.648153231105917,11.670103073120117,598500,0.0,0.0
2024-10-11 00:00:00-04:00,11.670104178849467,11.684737873427391,11.604253948794735,11.626204490661621,840300,0.0,0.0
2024-10-14 00:00:00-04:00,11.618886398458413,11.63351939369551,11.560353021964245,11.567669868469238,1109200,0.0,0.0
2024-10-15 00:00:00-04:00,11.554343845092642,11.65056844824369,11.539540440091868,11.591353416442871,1114700,0.182,0.0
2024-10-16 00:00:00-04:00,11.620962396141655,11.665374028535874,11.561747356881996,11.650569915771484,897300,0.0,0.0
2024-10-17 00:00:00-04:00,11.672776676431019,11.680178027289324,11.606159577413372,11.643168449401855,610800,0.0,0.0
2024-10-18 00:00:00-04:00,11.68017676432247,11.739391800179957,11.650569246393726,11.724588394165039,669600,0.0,0.0
2024-10-21 00:00:00-04:00,11.709783918394184,11.724588029848002,11.657970940103588,11.717185974121094,869200,0.0,0.0
2024-10-22 00:00:00-04:00,11.746792642209737,11.746792642209737,11.62836258273346,11.694979667663574,784700,0.0,0.0
2024-10-23 00:00:00-04:00,11.687578644279752,11.702382755970648,11.576550630193626,11.628363609313965,1044600,0.0,0.0
2024-10-24 00:00:00-04:00,11.672776901034638,11.709785773735234,11.59875774383545,11.59875774383545,956000,0.0,0.0
2024-10-25 00:00:00-04:00,11.68758175025059,11.717189275601674,11.591357116384799,11.61356258392334,818500,0.0,0.0
2024-10-28 00:00:00-04:00,11.672775268554688,11.672775268554688,11.635765695131017,11.672775268554688,551400,0.0,0.0
2024-10-29 00:00:00-04:00,11.65056988329671,11.68017740284401,11.532139805107503,11.57655143737793,1237500,0.0,0.0
2024-10-30 00:00:00-04:00,11.576553706658801,11.61356258392334,11.487731130605553,11.61356258392334,680100,0.0,0.0
2024-10-31 00:00:00-04:00,11.613560560829212,11.650570137545731,11.539542113295138,11.606159210205078,945000,0.0,0.0
2024-11-01 00:00:00-04:00,11.635765634957993,11.680176558117612,11.576550600145904,11.583951950073242,762100,0.0,0.0
2024-11-04 00:00:00-05:00,11.665373212690174,11.680176618520303,11.60615817757186,11.672775268554688,812500,0.0,0.0
2024-11-05 00:00:00-05:00,11.657973538708518,11.709786528548417,11.635768072476996,11.687581062316895,668900,0.0,0.0
2024-11-06 00:00:00-05:00,11.65797009760253,11.717185127340668,11.591353012672416,11.694979667663574,1039000,0.0,0.0
2024-11-07 00:00:00-05:00,11.717185865827684,11.768998843639409,11.702382460409568,11.739391326904297,770700,0.0,0.0
2024-11-08 00:00:00-05:00,11.769000918232283,11.835618019104004,11.74679545324138,11.835618019104004,956200,0.0,0.0
2024-11-11 00:00:00-05:00,11.83561779187519,11.872628075981156,11.80601027048941,11.850421905517578,1005900,0.0,0.0
2024-11-12 00:00:00-05:00,11.865225791931152,11.902234663530386,11.806010044394629,11.865225791931152,934200,0.0,0.0
2024-11-13 00:00:00-05:00,11.872629239890166,11.894834000732562,11.754198436837928,11.761600494384766,1195800,0.0,0.0
2024-11-14 00:00:00-05:00,11.783804616650817,11.820814194263336,11.680177940515563,11.709785461425781,1063100,0.0,0.0
2024-11-15 00:00:00-05:00,11.726259278094739,11.778675279301275,11.65137937838747,11.733747482299805,1265900,0.182,0.0
2024-11-18 00:00:00-05:00,11.688819966920322,11.793652692378243,11.673844271348916,11.741236686706543,1128400,0.0,0.0
2024-11-19 00:00:00-05:00,11.733747382513057,11.77118768910552,11.658866769328132,11.756211280822754,1065800,0.0,0.0
2024-11-20 00:00:00-05:00,11.72625832116378,11.786162521686848,11.696306220902246,11.771186828613281,712900,0.0,0.0
2024-11-21 00:00:00-05:00,11.808626885955011,11.853554678352213,11.778674072204364,11.84606647491455,957600,0.0,0.0
2024-11-22 00:00:00-05:00,11.86853198795146,11.883507681851453,11.831091682029816,11.876019477844238,628300,0.0,0.0
2024-11-25 00:00:00-05:00,11.913460030812375,11.913460030812375,11.816115519043269,11.838580131530762,691300,0.0,0.0
2024-11-26 00:00:00-05:00,11.831090927124023,11.83857913065344,11.793650623591331,11.831090927124023,554000,0.0,0.0
2024-11-27 00:00:00-05:00,11.861042983191822,11.861042983191822,11.77118668351484,11.786162376403809,729700,0.0,0.0
2024-11-29 00:00:00-05:00,11.808627030650165,11.868531230656716,11.793650623591331,11.831090927124023,623900,0.0,0.0
2024-12-02 00:00:00-05:00,11.838580078385057,11.868532180786133,11.816115465998413,11.868532180786133,723800,0.0,0.0
2024-12-03 00:00:00-05:00,11.868532028563457,11.920948028564453,11.853555620497778,11.920948028564453,695400,0.0,0.0
2024-12-04 00:00:00-05:00,11.920948028564453,11.928436232597294,11.876019518481856,11.920948028564453,787900,0.0,0.0
2024-12-05 00:00:00-05:00,11.920947929290397,11.950900031057882,11.89848403149339,11.943411827087402,684000,0.0,0.0
2024-12-06 00:00:00-05:00,11.97336483001709,11.97336483001709,11.943412725995291,11.97336483001709,610300,0.0,0.0
2024-12-09 00:00:00-05:00,11.973365323922238,11.973365323922238,11.718772072177654,11.741236686706543,1753000,0.0,0.0
2024-12-10 00:00:00-05:00,11.763699692729302,11.771187897002939,11.546546767595105,11.673843383789062,1737000,0.0,0.0
2024-12-11 00:00:00-05:00,11.763701323151802,11.82360553741455,11.726261010708942,11.82360553741455,791300,0.0,0.0
2024-12-12 00:00:00-05:00,11.831090883299495,11.838579086801174,11.763698480013161,11.786162376403809,990300,0.0,0.0
2024-12-13 00:00:00-05:00,11.825556426790516,11.840708031341947,11.727073164611026,11.80282974243164,1022300,0.182,0.0
2024-12-16 00:00:00-05:00,11.795251481243948,11.802827281940365,11.666465759277344,11.666465759277344,1013700,0.0,0.0
2024-12-17 00:00:00-05:00,11.689195479980796,11.689195479980796,11.484653155414206,11.567985534667969,1457100,0.0,0.0
2024-12-18 00:00:00-05:00,11.598288902138496,11.605863982444841,11.393746562032465,11.401322364807129,1119400,0.0,0.0
2024-12-19 00:00:00-05:00,11.446774152804107,11.477076637241955,11.378594104670107,11.424047470092773,1101000,0.0,0.0
2024-12-20 00:00:00-05:00,11.386170098899655,11.560409940270041,11.386170098899655,11.53768253326416,616300,0.0,0.0
2024-12-23 00:00:00-05:00,11.5528341827948,11.583136669785368,11.461926721823101,11.530107498168945,634000,0.0,0.0
2024-12-24 00:00:00-05:00,11.62101510167341,11.62101510167341,11.522531837129092,11.545258522033691,405200,0.0,0.0
2024-12-26 00:00:00-05:00,11.590711922713668,11.681619379376068,11.560409437159535,11.613438606262207,469600,0.0,0.0
2024-12-27 00:00:00-05:00,11.651315168750711,11.666466048050445,11.545256123780021,11.621012687683105,612500,0.0,0.0
2024-12-30 00:00:00-05:00,11.552834578812773,11.575561264217672,11.477077997505367,11.507380485534668,854100,0.0,0.0
2024-12-31 00:00:00-05:00,11.567986302274573,11.681620452928602,11.5376830914673,11.560410499572754,810300,0.0,0.0
2025-01-02 00:00:00-05:00,11.704344956906361,11.704344956906361,11.537680940873653,11.598286628723145,809100,0.0,0.0
2025-01-03 00:00:00-05:00,11.621012400035083,11.764949000926402,11.590709919717536,11.666465759277344,629000,0.0,0.0
2025-01-06 00:00:00-05:00,11.75737596826816,11.75737596826816,11.681619393059965,11.719497680664062,856800,0.0,0.0
2025-01-07 00:00:00-05:00,11.749801190884304,11.749801190884304,11.628591237955783,11.674044609069824,637000,0.0,0.0
2025-01-08 00:00:00-05:00,11.643739947656014,11.658891550178346,11.530105818611219,11.60586166381836,956200,0.0,0.0
2025-01-10 00:00:00-05:00,11.5907107837642,11.651315748917181,11.499803336034729,11.60586166381836,1187200,0.0,0.0
2025-01-13 00:00:00-05:00,11.575559722094631,11.583135523709766,11.499803873347899,11.522530555725098,978500,0.0,0.0
2025-01-14 00:00:00-05:00,11.567985929406579,11.63616598412038,11.537682719576063,11.545258522033691,1198800,0.0,0.0
2025-01-15 00:00:00-05:00,11.684801572282375,11.723137682261875,11.61579672055937,11.715470314025879,860400,0.182,0.0
2025-01-16 00:00:00-05:00,11.707804974651092,11.7461403576791,11.638800115279778,11.730806350708008,580900,0.0,0.0
2025-01-17 00:00:00-05:00,11.738473719793834,11.769142464936577,11.707804974651092,11.730806350708008,761600,0.0,0.0
2025-01-21 00:00:00-05:00,11.738470678992435,11.815142156387589,11.730803311892808,11.784473419189453,745100,0.0,0.0
2025-01-22 00:00:00-05:00,11.830479572079824,11.845813578554306,11.784476090255298,11.838146209716797,906500,0.0,0.0
2025-01-23 00:00:00-05:00,11.7538058250478,11.807475937563858,11.585127388453904,11.669466972351074,2333400,0.0,0.0
2025-01-24 00:00:00-05:00,11.70013572195891,11.715469726461377,11.562126025434482,11.608129501342773,862200,0.0,0.0
2025-01-27 00:00:00-05:00,11.500787130502008,11.539123233843753,11.401113554293616,11.516121864318848,1282000,0.0,0.0
2025-01-28 00:00:00-05:00,11.546792339277337,11.585127717190636,11.454785384924122,11.508456230163574,918300,0.0,0.0
2025-01-29 00:00:00-05:00,11.50845510229677,11.562125211075909,11.485453000362517,11.500787734985352,628200,0.0,0.0
2025-01-30 00:00:00-05:00,11.539125072493567,11.646465301513672,11.500788963043329,11.646465301513672,642100,0.0,0.0
2025-01-31 00:00:00-05:00,11.65413365688927,11.753807257423256,11.500789937298727,11.7001371383667,922400,0.0,0.0
2025-02-03 00:00:00-05:00,11.677134350245005,11.89181627633785,11.600462860526552,11.845812797546387,1881400,0.0,0.0
2025-02-04 00:00:00-05:00,11.891816450069832,11.914817824201355,11.79981022234324,11.853480339050293,982400,0.0,0.0
2025-02-05 00:00:00-05:00,11.853479251806839,11.922484099072538,11.84581188406611,11.899482727050781,747000,0.0,0.0
2025-02-06 00:00:00-05:00,11.907149835258739,11.93015193939209,11.8764810942814,11.93015193939209,755300,0.0,0.0
2025-02-07 00:00:00-05:00,11.953153138419324,11.953153138419324,11.884148289424145,11.922484397888184,631300,0.0,0.0
2025-02-10 00:00:00-05:00,11.968486959577241,12.00682306745349,11.922484215086094,11.976154327392578,887600,0.0,0.0
2025-02-11 00:00:00-05:00,11.99148905394456,12.075827906248104,11.945485578287803,12.037491798400879,1234300,0.0,0.0
2025-02-12 00:00:00-05:00,11.976154318325495,12.037491798400879,11.922484206059645,12.037491798400879,954200,0.0,0.0
2025-02-13 00:00:00-05:00,12.045159205771737,12.114164053883295,12.037491837937022,12.09116268157959,1166800,0.0,0.0
2025-02-14 00:00:00-05:00,12.092714586130251,12.11598451588843,12.04617398687616,12.06944465637207,804500,0.182,0.0
2025-02-18 00:00:00-05:00,12.10047060373159,12.10047060373159,12.046173118559421,12.077199935913086,942700,0.0,0.0
2025-02-19 00:00:00-05:00,12.084958669343285,12.123742381888155,12.02290502516661,12.100472450256348,897900,0.0,0.0
2025-02-20 00:00:00-05:00,12.100472862784903,12.17803955078125,12.053932258196841,12.17803955078125,818900,0.0,0.0
2025-02-21 00:00:00-05:00,12.193549128428437,12.216819052831122,12.147008539885507,12.162522315979004,1218200,0.0,0.0
2025-02-24 00:00:00-05:00,12.170279119955365,12.193549785349305,12.077198677592406,12.154766082763672,812100,0.0,0.0
2025-02-25 00:00:00-05:00,12.131497511987353,12.216821075414845,12.11598373332544,12.20130729675293,807400,0.0,0.0
2025-02-26 00:00:00-05:00,12.21682071685791,12.24784753353344,12.170280121975786,12.21682071685791,979800,0.0,0.0
2025-02-27 00:00:00-05:00,12.232334762419079,12.240090911954237,12.046173118559421,12.077199935913086,1302700,0.0,0.0
2025-02-28 00:00:00-05:00,12.16252614865956,12.20906601213067,12.100472504206218,12.19355297088623,1112200,0.0,0.0
2025-03-03 00:00:00-05:00,12.224577964745803,12.26336167166291,12.185794257828695,12.20130729675293,1157000,0.0,0.0
2025-03-04 00:00:00-05:00,12.216819491266113,12.317656820279995,12.084955348689313,12.240089416503906,1530500,0.0,0.0
2025-03-05 00:00:00-05:00,12.263360457605906,12.387467715664043,12.216819865965299,12.340927124023438,1158400,0.0,0.0
2025-03-06 00:00:00-05:00,12.286631239312266,12.33317109445673,12.178037011079082,12.21682071685791,1109600,0.0,0.0
2025-03-07 00:00:00-05:00,12.24009124038048,12.278874948047623,12.131497746597713,12.232335090637207,1196100,0.0,0.0
2025-03-10 00:00:00-04:00,12.18579644150223,12.255606978515413,12.115985904489046,12.17803955078125,1552800,0.0,0.0
2025-03-11 00:00:00-04:00,12.178039499195387,12.185796389883508,12.046175316448572,12.084959030151367,1420500,0.0,0.0
2025-03-12 00:00:00-04:00,12.162526509077107,12.224580155369312,12.084959081342944,12.17803955078125,1156900,0.0,0.0
2025-03-13 00:00:00-04:00,12.193551400437437,12.240091257914521,12.131497763976196,12.147010803222656,1389400,0.0,0.0
2025-03-14 00:00:00-04:00,12.148581318997786,12.234908928785448,12.109342312842742,12.195669174194336,1197600,0.182,0.0
2025-03-17 00:00:00-04:00,12.242754105417147,12.305537398393776,12.21136245892883,12.25844955444336,838900,0.0,0.0
2025-03-18 00:00:00-04:00,12.227060134839311,12.297691539410915,12.156428730267706,12.274147987365723,913200,0.0,0.0
2025-03-19 00:00:00-04:00,12.321236422173167,12.454651145565014,12.274149312997283,12.368324279785156,1598400,0.0,0.0
2025-03-20 00:00:00-04:00,12.36047484857036,12.470346005550176,12.34477864824352,12.43895435333252,1063200,0.0,0.0
2025-03-21 00:00:00-04:00,12.399714095412268,12.470345497131348,12.391865995568816,12.470345497131348,609500,0.0,0.0
2025-03-24 00:00:00-04:00,12.48604138319781,12.501737583431321,12.431106179252565,12.478193283081055,855900,0.0,0.0
2025-03-25 00:00:00-04:00,12.493890189604715,12.493890189604715,12.399715228187922,12.423258781433105,951300,0.0,0.0
2025-03-26 00:00:00-04:00,12.431105856538197,12.431105856538197,12.2898430518479,12.321234703063965,1176900,0.0,0.0
2025-03-27 00:00:00-04:00,12.305539628479586,12.313386980196894,12.187820371487678,12.250603675842285,1155300,0.0,0.0
2025-03-28 00:00:00-04:00,12.289844136151364,12.289844136151364,12.148581318997786,12.195669174194336,948400,0.0,0.0
2025-03-31 00:00:00-04:00,12.172123526037854,12.23490682320444,12.070100481033167,12.219210624694824,1289800,0.0,0.0
2025-04-01 00:00:00-04:00,12.179971367550024,12.219210366121843,12.125035422364817,12.164275169372559,973200,0.0,0.0
2025-04-02 00:00:00-04:00,12.148579806029922,12.313386156038977,12.140732454837853,12.28984260559082,1300200,0.0,0.0
2025-04-03 00:00:00-04:00,12.007319450378418,12.117189866941207,11.968079695133387,12.007319450378418,1978000,0.0,0.0
2025-04-04 00:00:00-04:00,11.818966257334967,11.850357903169174,10.57114702566246,10.877215385437012,5546200,0.0,0.0
2025-04-07 00:00:00-04:00,10.304319101094965,10.93215285390677,9.62155014750927,10.783041954040527,3784700,0.0,0.0
2025-04-08 00:00:00-04:00,11.371633764980798,11.55213628027228,10.98708593681681,11.057717323303223,2188900,0.0,0.0
2025-04-09 00:00:00-04:00,10.735953964567024,11.559984901733563,10.476972684582812,11.505049705505371,2733200,0.0,0.0
2025-04-10 00:00:00-04:00,11.497202390296419,11.505050489845742,11.010631444777957,11.136198043823242,1225000,0.0,0.0
2025-04-11 00:00:00-04:00,11.144049103994956,11.348095255870154,11.026330573224891,11.34024715423584,1464900,0.0,0.0
2025-04-14 00:00:00-04:00,11.442266220933467,11.536441162238923,11.308851533641763,11.528593063354492,1342600,0.0,0.0
2025-04-15 00:00:00-04:00,11.546077603961688,11.689112533795878,11.44277468328422,11.561970710754395,1280700,0.182,0.0
2025-04-16 00:00:00-04:00,11.482503607317915,11.514289054538162,11.267952028037463,11.371254920959473,957000,0.0,0.0
2025-04-17 00:00:00-04:00,11.387150764465332,11.450721678438581,11.323579850492084,11.387150764465332,598500,0.0,0.0
2025-04-21 00:00:00-04:00,11.323577856020796,11.323577856020796,11.077240039394212,11.180542945861816,1023400,0.0,0.0
2025-04-22 00:00:00-04:00,11.204382382219956,11.283845630213582,11.109025272107726,11.17259693145752,1041200,0.0,0.0
2025-04-23 00:00:00-04:00,11.299738072388374,11.395094419088185,11.212327519544887,11.244112968444824,939800,0.0,0.0
2025-04-24 00:00:00-04:00,11.25205892551492,11.418932712877423,11.244112374253648,11.371254920959473,625900,0.0,0.0
2025-04-25 00:00:00-04:00,11.403041499082525,11.466612399827696,11.3792018429344,11.45866584777832,584000,0.0,0.0
2025-04-28 00:00:00-04:00,11.426880958883588,11.51429076224699,11.410987854003906,11.410987854003906,627500,0.0,0.0
2025-04-29 00:00:00-04:00,11.458666897832074,11.506344698847611,11.426881444546721,11.482505798339844,571600,0.0,0.0
2025-04-30 00:00:00-04:00,11.458665409911847,11.522236308227802,11.379201408104459,11.490450859069824,1091500,0.0,0.0
2025-05-01 00:00:00-04:00,11.53018357003478,11.561969021150196,11.164650503295034,11.339470863342285,1697600,0.0,0.0
2025-05-02 00:00:00-04:00,11.418933409008153,11.577860654798041,11.418933409008153,11.490450859069824,892400,0.0,0.0
2025-05-05 00:00:00-04:00,11.522237654843995,11.577862007915112,11.474559096622341,11.538130760192871,739300,0.0,0.0
2025-05-06 00:00:00-04:00,11.5381303445024,11.59375469556951,11.498398340386633,11.530183792114258,658500,0.0,0.0
2025-05-07 00:00:00-04:00,11.55402175738578,11.60170031003519,11.45071885816613,11.490450859069824,1029000,0.0,0.0
2025-05-08 00:00:00-04:00,11.561968750945452,11.561968750945452,11.45866584777832,11.45866584777832,774600,0.0,0.0
2025-05-09 00:00:00-04:00,11.490452201971218,11.593755113263988,11.426881296225663,11.538130760192871,778200,0.0,0.0
2025-05-12 00:00:00-04:00,11.68116525270169,11.736790365185863,11.585808891360962,11.712950706481934,995900,0.0,0.0
2025-05-13 00:00:00-04:00,11.73678791602374,11.792412259075563,11.712948262294526,11.720894813537598,1268800,0.0,0.0
2025-05-14 00:00:00-04:00,11.74473462075933,11.832145175565946,11.697056825251082,11.800359725952148,1343000,0.0,0.0
2025-05-15 00:00:00-04:00,11.818058013916016,11.866328160964647,11.745653944185005,11.818058013916016,800900,0.182,0.0
2025-05-16 00:00:00-04:00,11.858284021743394,11.858284021743394,11.745654947720285,11.793924331665039,633200,0.0,0.0
2025-05-19 00:00:00-04:00,11.665206796306489,11.793926196819573,11.665206796306489,11.785881042480469,685800,0.0,0.0
2025-05-20 00:00:00-04:00,11.745654972916164,11.793924356964462,11.713475127807955,11.729564666748047,605700,0.0,0.0
2025-05-21 00:00:00-04:00,11.68933966302532,11.721519508118304,11.616934819759104,11.624979972839355,1258800,0.0,0.0
2025-05-22 00:00:00-04:00,11.657159930886742,11.657159930886742,11.496260703862763,11.57671070098877,870300,0.0,0.0
2025-05-23 00:00:00-04:00,11.584756923352785,11.721521479810308,11.560622227280327,11.705431938171387,677900,0.0,0.0
2025-05-27 00:00:00-04:00,11.705430868613249,11.761745410046085,11.649115559952326,11.753700256347656,823800,0.0,0.0
2025-05-28 00:00:00-04:00,11.78587927329229,11.78587927329229,11.673250198364258,11.673250198364258,532500,0.0,0.0
2025-05-29 00:00:00-04:00,11.745655003652441,11.785879234721941,11.681295313267608,11.769789695739746,689100,0.0,0.0
2025-05-30 00:00:00-04:00,11.801967516804153,11.882417499601418,11.745652989182805,11.850236892700195,1096800,0.0,0.0
2025-06-02 00:00:00-04:00,11.842194531762683,11.906554222106934,11.818059072462567,11.906554222106934,756500,0.0,0.0
2025-06-03 00:00:00-04:00,11.906554209427572,11.978959052794758,11.882419517381187,11.93873405456543,806200,0.0,0.0
2025-06-04 00:00:00-04:00,11.987002402434364,11.987002402434364,11.890462875366211,11.890462875366211,642900,0.0,0.0
2025-06-05 00:00:00-04:00,11.90655511781884,11.954824505594246,11.86633011652061,11.930689811706543,631900,0.0,0.0
2025-06-06 00:00:00-04:00,11.93873405456543,11.970913899703287,11.914599362519043,11.93873405456543,692500,0.0,0.0
2025-06-09 00:00:00-04:00,11.94677910816107,11.978958953030926,11.914599263291215,11.95482349395752,696100,0.0,0.0
2025-06-10 00:00:00-04:00,11.987003407667038,11.987003407667038,11.86632918051907,11.89850902557373,967600,0.0,0.0
2025-06-11 00:00:00-04:00,11.946779220379097,11.946779220379097,11.86632922383477,11.906554222106934,1093600,0.0,0.0
2025-06-12 00:00:00-04:00,11.93068783081954,12.027227357569698,11.850237841580428,12.019182205200195,1027100,0.0,0.0
2025-06-13 00:00:00-04:00,11.971946996634005,11.996379324368997,11.882361277145908,11.914937973022461,768400,0.182,0.0
2025-06-16 00:00:00-04:00,11.898650465263747,11.971948232726342,11.784632406268402,11.849785804748535,891800,0.0,0.0
2025-06-17 00:00:00-04:00,11.874218135006142,11.90679483424621,11.817209105508468,11.849785804748535,676400,0.0,0.0
2025-06-18 00:00:00-04:00,11.866071701049805,11.939369455756875,11.849783742609144,11.866071701049805,778000,0.0,0.0
2025-06-20 00:00:00-04:00,11.882362503988602,11.91493920322867,11.809064736526008,11.849785804748535,773800,0.0,0.0
2025-06-23 00:00:00-04:00,11.849784705395312,11.89050576983998,11.817208009177518,11.87421703338623,711900,0.0,0.0
2025-06-24 00:00:00-04:00,11.95565875709655,11.980091084259454,11.906793326081067,11.971946716308594,689500,0.0,0.0
2025-06-25 00:00:00-04:00,11.996377967829298,12.012666702270508,11.939368950664283,12.012666702270508,572500,0.0,0.0
2025-06-26 00:00:00-04:00,11.971947408178925,12.069677499168133,11.971947408178925,12.045245170593262,514000,0.0,0.0
2025-06-27 00:00:00-04:00,12.0778216066654,12.134830631005077,12.02895695057131,12.118542671203613,520800,0.0,0.0
2025-06-30 00:00:00-04:00,12.151118422338016,12.175550748484627,12.061532708674015,12.126686096191406,1090100,0.0,0.0
2025-07-01 00:00:00-04:00,12.069677373555951,12.126687175223632,12.020812716914755,12.085966110229492,930000,0.0,0.0
2025-07-02 00:00:00-04:00,12.061533491655567,12.134830474853516,12.037100387233224,12.134830474853516,649600,0.0,0.0
2025-07-03 00:00:00-04:00,12.134830350891514,12.175551414489746,12.110398023408452,12.175551414489746,552300,0.0,0.0
2025-07-07 00:00:00-04:00,12.134830350891514,12.191840150604913,12.134830350891514,12.175551414489746,893300,0.0,0.0
2025-07-08 00:00:00-04:00,12.175553340470808,12.208130041164576,12.151121009122933,12.191842079162598,837400,0.0,0.0
2025-07-09 00:00:00-04:00,12.208128929138184,12.256994364072638,12.175552231411794,12.208128929138184,695000,0.0,0.0
2025-07-10 00:00:00-04:00,12.256991245818961,12.297712301789696,12.216270189848226,12.281423568725586,894000,0.0,0.0
2025-07-11 00:00:00-04:00,12.24070251275485,12.281423568725586,12.232558922912336,12.281423568725586,863800,0.0,0.0
2025-07-14 00:00:00-04:00,12.281426439974535,12.289570808410645,12.216273045865098,12.289570808410645,1096000,0.0,0.0
2025-07-15 00:00:00-04:00,12.315951595329313,12.332439190819292,12.167567166778625,12.225272178649902,1253700,0.182,0.0
2025-07-16 00:00:00-04:00,12.200538635253906,12.225269236365078,12.142832851098994,12.200538635253906,968900,0.0,0.0
2025-07-17 00:00:00-04:00,12.18405050535293,12.28297369159811,12.159319905334536,12.274730682373047,980700,0.0,0.0
2025-07-18 00:00:00-04:00,12.274731871451607,12.299462473865706,12.23351367664699,12.266488075256348,736300,0.0,0.0
2025-07-21 00:00:00-04:00,12.282974161756028,12.299461753180458,12.249999765078801,12.258243560791016,905800,0.0,0.0
2025-07-22 00:00:00-04:00,12.24175731812625,12.29946231842041,12.22526972594411,12.29946231842041,734700,0.0,0.0
2025-07-23 00:00:00-04:00,12.3077061946756,12.34892360305608,12.299462398530833,12.324193000793457,682400,0.0,0.0
2025-07-24 00:00:00-04:00,12.30770533853198,12.390140935730264,12.30770533853198,12.381897926330566,809900,0.0,0.0
2025-07-25 00:00:00-04:00,12.373654446738742,12.398385047912598,12.35716685517508,12.398385047912598,579800,0.0,0.0
2025-07-28 00:00:00-04:00,12.406629172503099,12.456090376161663,12.373654774673504,12.447847366333008,670400,0.0,0.0
2025-07-29 00:00:00-04:00,12.472577948684314,12.530282948253078,12.332436561584473,12.332436561584473,996100,0.0,0.0
2025-07-30 00:00:00-04:00,12.33243799056329,12.348924798276865,12.16756598256881,12.233514785766602,2001700,0.0,0.0
2025-07-31 00:00:00-04:00,12.28297488147519,12.340680668670323,12.167564879428273,12.266488075256348,1299600,0.0,0.0
2025-08-01 00:00:00-04:00,12.241758582709263,12.282975995079072,12.134591580969914,12.233514785766602,1464200,0.0,0.0
2025-08-04 00:00:00-04:00,12.282975443169013,12.315949843286273,12.208783632533963,12.307706832885742,942500,0.0,0.0
2025-08-05 00:00:00-04:00,12.324192281992076,12.365410474140202,12.258243489023725,12.315948486328125,998200,0.0,0.0
2025-08-06 00:00:00-04:00,12.315947783121414,12.357165972916096,12.282973388519986,12.340679168701172,728700,0.0,0.0
2025-08-07 00:00:00-04:00,12.340679485644852,12.357166290283203,12.315948099429923,12.357166290283203,730500,0.0,0.0
2025-08-08 00:00:00-04:00,12.35716747936475,12.365411275562993,12.324193080743449,12.348923683166504,729900,0.0,0.0
2025-08-11 00:00:00-04:00,12.357168678891222,12.381900069886663,12.307707469243844,12.373656272888184,877200,0.0,0.0
2025-08-12 00:00:00-04:00,12.36541065095691,12.41487263947626,12.340680049783055,12.398385047912598,978000,0.0,0.0
2025-08-13 00:00:00-04:00,12.414873123168945,12.447847521409338,12.381898724928552,12.414873123168945,1363100,0.0,0.0
2025-08-14 00:00:00-04:00,12.414873123168945,12.423116133100294,12.3901417348599,12.414873123168945,885300,0.0,0.0
2025-08-15 00:00:00-04:00,12.43323040008545,12.46660816884021,12.408197272466575,12.43323040008545,946000,0.182,0.0
2025-08-18 00:00:00-04:00,12.358131268731578,12.416542166293944,12.358131268731578,12.3748197555542,1080900,0.0,0.0
2025-08-19 00:00:00-04:00,12.391509029184625,12.39985287469549,12.341441977175458,12.366475105285645,1090800,0.0,0.0
2025-08-20 00:00:00-04:00,12.3748197555542,12.3748197555542,12.316408857991831,12.3748197555542,907400,0.0,0.0
2025-08-21 00:00:00-04:00,12.316408988634768,12.383164528210935,12.299719705846325,12.349786758422852,1225900,0.0,0.0
2025-08-22 00:00:00-04:00,12.391510009765625,12.424887781816764,12.366476083885628,12.391510009765625,826600,0.0,0.0
2025-08-25 00:00:00-04:00,12.441576269947905,12.441576269947905,12.391510009765625,12.391510009765625,709700,0.0,0.0
2025-08-26 00:00:00-04:00,12.4248856212102,12.449918746948242,12.399851699683436,12.449918746948242,531900,0.0,0.0
2025-08-27 00:00:00-04:00,12.483297348022461,12.483297348022461,12.441574938476368,12.483297348022461,563400,0.0,0.0
2025-08-28 00:00:00-04:00,12.483298293126964,12.483298293126964,12.416542751114696,12.474953651428223,880700,0.0,0.0
2025-08-29 00:00:00-04:00,12.433232330944367,12.541710295190967,12.433232330944367,12.458266258239746,1078000,0.0,0.0
2025-09-02 00:00:00-04:00,12.433229327934528,12.49998485968754,12.416540842890631,12.466607093811035,1110700,0.0,0.0
2025-09-03 00:00:00-04:00,12.491641868252373,12.533364277394867,12.483297227266121,12.516674995422363,931700,0.0,0.0
2025-09-04 00:00:00-04:00,12.516675703805957,12.60012052681352,12.50833106234744,12.583431243896484,1095900,0.0,0.0
2025-09-05 00:00:00-04:00,12.600117557853789,12.64183916373792,12.600117557853789,12.625150680541992,1112400,0.0,0.0
2025-09-08 00:00:00-04:00,12.641840934753418,12.641840934753418,12.600119323024442,12.641840934753418,964200,0.0,0.0
2025-09-09 00:00:00-04:00,12.650185723888894,12.650185723888894,12.591774830151778,12.63349723815918,870900,0.0,0.0
2025-09-10 00:00:00-04:00,12.64184228363216,12.64184228363216,12.566742897033691,12.566742897033691,983000,0.0,0.0
2025-09-11 00:00:00-04:00,12.5917751727211,12.5917751727211,12.47495258627987,12.516674995422363,1291800,0.0,0.0
2025-09-12 00:00:00-04:00,12.525020354027804,12.608464381304941,12.491642583959187,12.591775894165039,1391600,0.0,0.0
2025-09-15 00:00:00-04:00,12.610357315605691,12.65258827554898,12.593464287225233,12.618803024291992,920700,0.182,0.0
2025-09-16 00:00:00-04:00,12.601910231901686,12.62724896782332,12.585017204284668,12.585017204284668,1279300,0.0,0.0
2025-09-17 00:00:00-04:00,12.585016037991517,12.618801284590674,12.534338570844689,12.568123817443848,1336900,0.0,0.0
2025-09-18 00:00:00-04:00,12.576572835750902,12.601911574371849,12.542787582421646,12.551233291625977,1074000,0.0,0.0
2025-09-19 00:00:00-04:00,12.585017204284668,12.593463718093178,12.517446704824383,12.585017204284668,1003600,0.0,0.0
2025-09-22 00:00:00-04:00,12.585017568576193,12.66103458404541,12.542786609318997,12.66103458404541,1014000,0.0,0.0
2025-09-23 00:00:00-04:00,12.661034193331655,12.669480707124006,12.635695457458496,12.635695457458496,605900,0.0,0.0
2025-09-24 00:00:00-04:00,12.661035925674886,12.669482440622929,12.618804156438676,12.627250671386719,661700,0.0,0.0
2025-09-25 00:00:00-04:00,12.593463897705078,12.627249147917077,12.55967864749308,12.593463897705078,633300,0.0,0.0
2025-09-26 00:00:00-04:00,12.618802633988102,12.627249147917077,12.593463897705078,12.593463897705078,578000,0.0,0.0
2025-09-29 00:00:00-04:00,12.610357315605691,12.618803024291992,12.551232521778017,12.618803024291992,930600,0.0,0.0
2025-09-30 00:00:00-04:00,12.62724820256467,12.686372990137155,12.618801689268052,12.652586936950684,1068300,0.0,0.0
2025-10-01 00:00:00-04:00,12.669480332919042,12.7370508302543,12.661033819376167,12.728604316711426,1016200,0.0,0.0
2025-10-02 00:00:00-04:00,12.75394478175606,12.762390490407219,12.711713016484564,12.720159530639648,921800,0.0,0.0
2025-10-03 00:00:00-04:00,12.737052738599232,12.745499253407615,12.661035716331753,12.669482231140137,1143700,0.0,0.0
2025-10-06 00:00:00-04:00,12.669481456594223,12.728605445630402,12.652588428010207,12.67792797088623,1448000,0.0,0.0
2025-10-07 00:00:00-04:00,12.677926635439642,12.728604104845633,12.677926635439642,12.711711883544922,768600,0.0,0.0
2025-10-08 00:00:00-04:00,12.677927196856006,12.728604668506145,12.661034169303365,12.686373710632324,1092700,0.0,0.0
2025-10-09 00:00:00-04:00,12.677926476840538,12.69481869792993,12.652586936950684,12.652586936950684,1002700,0.0,0.0
2025-10-10 00:00:00-04:00,12.686372583292806,12.686372583292806,12.525892057818945,12.568123817443848,1964900,0.0,0.0
2025-10-13 00:00:00-04:00,12.644143104553223,12.677928357246925,12.593464822760689,12.644143104553223,1384800,0.0,0.0
2025-10-14 00:00:00-04:00,12.601909064043005,12.644140823667906,12.542785083870433,12.568123817443848,1596900,0.0,0.0
2025-10-15 00:00:00-04:00,12.638241908540186,12.672445508226538,12.552733317063376,12.56983470916748,1596900,0.182,0.0
2025-10-16 00:00:00-04:00,12.59548770794519,12.59548770794519,12.313307795397046,12.33041000366211,2776100,0.0,0.0
2025-10-17 00:00:00-04:00,12.25345177887952,12.25345177887952,11.928517158986914,12.048230171203613,5655000,0.0,0.0
2025-10-20 00:00:00-04:00,11.979823133403336,11.988374237710314,10.876755957627156,10.970815658569336,11795800,0.0,0.0
2025-10-21 00:00:00-04:00,10.851102318884008,11.663439263134915,10.816898718161308,11.406911849975586,5051900,0.0,0.0
2025-10-22 00:00:00-04:00,11.389809290848943,11.637785592315595,11.389809290848943,11.577929496765137,2563500,0.0,0.0
2025-10-23 00:00:00-04:00,11.586481156055793,11.877212174916542,11.586481156055793,11.800253868103027,1696500,0.0,0.0
2025-10-24 00:00:00-04:00,11.894312502189127,11.95416859524667,11.817354202270508,11.817354202270508,1316700,0.0,0.0
2025-10-27 00:00:00-04:00,11.919966584243097,11.954170187041626,11.16748732267547,11.560829162597656,4811400,0.0,0.0
2025-10-28 00:00:00-04:00,11.53517574034364,11.552277949321079,11.124732510623584,11.133283615112305,4216000,0.0,0.0
2025-10-29 00:00:00-04:00,11.107629776000977,11.287198884375323,10.987917580736859,11.107629776000977,2683700,0.0,0.0
2025-10-30 00:00:00-04:00,11.116181427577757,11.347056356349297,11.022121724455022,11.329954147338867,1726400,0.0,0.0
2025-10-31 00:00:00-04:00,11.543726389082929,11.66343940076408,11.415463088728833,11.586481094360352,1540800,0.0,0.0
2025-11-03 00:00:00-05:00,11.620685480611227,11.646337979319561,11.167487531198892,11.193140029907227,2082000,0.0,0.0
2025-11-04 00:00:00-05:00,11.07342515626269,11.21879065040371,11.03922155855175,11.14183235168457,2322300,0.0,0.0
2025-11-05 00:00:00-05:00,11.167487384277793,11.3556067929683,11.09052907368703,11.261547088623047,1790100,0.0,0.0
2025-11-06 00:00:00-05:00,11.252994781386395,11.287198380718221,11.150383983390919,11.167486190795898,1370300,0.0,0.0
2025-11-07 00:00:00-05:00,11.099079403761069,11.227343527044813,11.030672197534361,11.210241317749023,1622300,0.0,0.0
2025-11-10 00:00:00-05:00,11.295749204736776,11.415462207173126,11.252994502761071,11.304300308227539,1237000,0.0,0.0
2025-11-11 00:00:00-05:00,11.218792162957113,11.364157676696777,11.218792162957113,11.364157676696777,1052200,0.0,0.0
2025-11-12 00:00:00-05:00,11.4154621722461,11.4154621722461,11.261545571795736,11.287198066711426,1504600,0.0,0.0
2025-11-13 00:00:00-05:00,11.278648166787303,11.287199271164388,11.124732365390749,11.201690673828125,1616300,0.0,0.0
2025-11-14 00:00:00-05:00,11.142722972005286,11.307478818398984,11.142722972005286,11.194750785827637,1375100,0.182,0.0
2025-11-17 00:00:00-05:00,11.203423755334754,11.203423755334754,10.778526306152344,10.778526306152344,3147100,0.0,0.0
2025-11-18 00:00:00-05:00,10.7091570062481,10.735170920467572,10.370972813525267,10.379644393920898,4182900,0.0,0.0
2025-11-19 00:00:00-05:00,10.475027428003552,10.622440960552272,10.370970962728093,10.388313293457031,2492300,0.0,0.0
2025-11-20 00:00:00-05:00,10.587755472127117,10.587755472127117,10.362299383879984,10.388313293457031,2261800,0.0,0.0
2025-11-21 00:00:00-05:00,10.405656814575195,10.50971328348487,10.292928766514553,10.405656814575195,2469100,0.0,0.0
2025-11-24 00:00:00-05:00,10.466356758608912,10.665798954609135,10.457686005974653,10.605098724365234,2046600,0.0,0.0
2025-11-25 00:00:00-05:00,10.570412544112111,10.778526306152344,10.570412544112111,10.778526306152344,1794400,0.0,0.0
2025-11-26 00:00:00-05:00,10.7958684552971,10.839225522781684,10.717825899218308,10.769854545593262,1458300,0.0,0.0
2025-11-28 00:00:00-05:00,10.778526306152344,10.813211795331167,10.657126680542815,10.778526306152344,1606100,0.0,0.0
2025-12-01 00:00:00-05:00,10.709155245988594,10.743840734902458,10.605097952279712,10.61376953125,1431600,0.0,0.0
2025-12-02 00:00:00-05:00,10.63978366507208,10.683139903531409,10.561741112697705,10.579083442687988,1336400,0.0,0.0
2025-12-03 00:00:00-05:00,10.553070241243963,10.579084151455865,10.501041593852865,10.509713172912598,1468600,0.0,0.0
2025-12-04 00:00:00-05:00,10.527056449907686,10.570412691761353,10.440342312265745,10.457685470581055,2770100,0.0,0.0
2025-12-05 00:00:00-05:00,10.475028038024902,10.57908450936017,10.43167096822671,10.475028038024902,1172500,0.0,0.0
2025-12-08 00:00:00-05:00,10.457684222001983,10.509712036801524,10.422998736479888,10.5010404586792,1313900,0.0,0.0
2025-12-09 00:00:00-05:00,10.518385289628597,10.518385289628597,10.440342728036384,10.483699798583984,1343300,0.0,0.0
2025-12-10 00:00:00-05:00,10.509713770231627,10.57041317316501,10.475028278988646,10.54439926147461,1396600,0.0,0.0
2025-12-11 00:00:00-05:00,10.544400936271746,10.561744098131571,10.47502994276739,10.527058601379395,1899000,0.0,0.0
2025-12-12 00:00:00-05:00,10.527055625749897,10.58775502116675,10.492370138802091,10.579083442687988,1907300,0.0,0.0
2025-12-15 00:00:00-05:00,10.607253870662905,10.668872503203701,10.536832336476023,10.642464637756348,2024500,0.182,0.0
2025-12-16 00:00:00-05:00,10.563239275390808,10.633660803400813,10.563239275390808,10.624857902526855,2290300,0.0,0.0
2025-12-17 00:00:00-05:00,10.60725294026977,10.642463704274773,10.563239275390808,10.624857902526855,1677300,0.0,0.0
2025-12-18 00:00:00-05:00,10.651266430819241,10.765700782344426,10.651266430819241,10.677674293518066,2156100,0.0,0.0
2025-12-19 00:00:00-05:00,10.660069920910358,10.783308029174805,10.642464956581682,10.783308029174805,1752400,0.0,0.0
2025-12-22 00:00:00-05:00,10.76570080713559,10.844925234905324,10.712885081616314,10.774503707885742,1991000,0.0,0.0
2025-12-23 00:00:00-05:00,10.739293562860249,10.871334563244423,10.712885698579761,10.862531661987305,1969500,0.0,0.0
2025-12-24 00:00:00-05:00,10.844924764634824,11.073795137269324,10.836122703757177,11.012176513671875,1465500,0.0,0.0
2025-12-26 00:00:00-05:00,11.02978293448868,11.135415234415817,11.003375069379619,11.100204467773438,1824200,0.0,0.0
2025-12-29 00:00:00-05:00,11.056191483000747,11.135415077209473,11.003374914037378,11.135415077209473,2415600,0.0,0.0
2025-12-30 00:00:00-05:00,11.038585523059695,11.373088216424033,11.029782621775952,11.28506088256836,3235300,0.0,0.0
2025-12-31 00:00:00-05:00,11.24985088734982,11.41710266523136,11.24985088734982,11.337878227233887,4183100,0.0,0.0
2026-01-02 00:00:00-05:00,11.443510519094547,11.443510519094547,11.214640107234832,11.241048812866211,1961400,0.0,0.0
2026-01-05 00:00:00-05:00,11.35548254645076,11.390693312506,11.276258952444634,11.381891250610352,1473300,0.0,0.0
2026-01-06 00:00:00-05:00,11.390694276320442,11.478721618652344,11.364286409417252,11.478721618652344,1733500,0.0,0.0
2026-01-07 00:00:00-05:00,11.522735962743795,11.522735962743795,11.249851857171283,11.320273399353027,1468300,0.0,0.0
2026-01-08 00:00:00-05:00,11.267455566326442,11.346679996415176,11.161823272705078,11.161823272705078,2003700,0.0,0.0
2026-01-09 00:00:00-05:00,11.214640926430592,11.355484008789062,11.16182519029166,11.355484008789062,1100500,0.0,0.0
2026-01-12 00:00:00-05:00,11.320271974014391,11.425904273986816,11.29386410889401,11.425904273986816,979900,0.0,0.0
2026-01-13 00:00:00-05:00,11.425904231081022,11.478720800614349,11.390693464555769,11.461115837097168,1171500,0.0,0.0
2026-01-14 00:00:00-05:00,11.452313265054572,11.505128996616415,11.408299595759091,11.487524032592773,1223100,0.0,0.0
2026-01-15 00:00:00-05:00,11.462526665313954,11.525016802303924,11.426817893981934,11.426817893981934,1172300,0.182,0.0
2026-01-16 00:00:00-05:00,11.426819134067303,11.471455315917497,11.36432813893129,11.40003776550293,1160100,0.0,0.0
2026-01-20 00:00:00-05:00,11.310764658174547,11.328618618922198,11.212565745651709,11.275055885314941,1307600,0.0,0.0
2026-01-21 00:00:00-05:00,11.301837490087767,11.462527397021592,11.292910083843818,11.444672584533691,928100,0.0,0.0
2026-01-22 00:00:00-05:00,11.471454275820896,11.54287181976016,11.444672058320462,11.507163047790527,1003100,0.0,0.0
2026-01-23 00:00:00-05:00,11.498235436645974,11.533944207977996,11.426817893981934,11.426817893981934,1086000,0.0,0.0
2026-01-26 00:00:00-05:00,11.417891156388169,11.480381297034542,11.373254976770339,11.45359992980957,1078100,0.0,0.0
2026-01-27 00:00:00-05:00,11.471454742202429,11.525017476652373,11.45359992980957,11.45359992980957,760600,0.0,0.0
2026-01-28 00:00:00-05:00,11.391109182906437,11.44467191450567,11.373254371463847,11.417890548706055,1078100,0.0,0.0
2026-01-29 00:00:00-05:00,11.400038806283291,11.489310326769472,11.346475212900033,11.480382919311523,944300,0.0,0.0
2026-01-30 00:00:00-05:00,11.471454192446055,11.480380746850374,11.400036649025855,11.408963203430176,1424800,0.0,0.0
2026-02-02 00:00:00-05:00,11.391110137567154,11.435746318550208,10.98938621144834,11.025094985961914,2967100,0.0,0.0
2026-02-03 00:00:00-05:00,11.123292983429172,11.176856566453404,11.02509407447639,11.114365577697754,2241100,0.0,0.0
2026-02-04 00:00:00-05:00,11.159001815737698,11.159001815737698,10.900113007667153,11.105438232421875,1645200,0.0,0.0
2026-02-05 00:00:00-05:00,11.025093541065068,11.06080231089882,10.909039826264314,10.971529960632324,1370100,0.0,0.0
2026-02-06 00:00:00-05:00,11.04294866187669,11.069730029228005,10.926894934868569,11.051876068115234,1275900,0.0,0.0
2026-02-09 00:00:00-05:00,11.0697308911437,11.159003257751465,10.989386782833972,11.159003257751465,1129200,0.0,0.0
2026-02-10 00:00:00-05:00,11.21256452819455,11.21256452819455,11.123292180056556,11.20363712310791,1179400,0.0,0.0
2026-02-11 00:00:00-05:00,11.203638361484858,11.257201095196763,11.15900218248207,11.176856994628906,1369900,0.0,0.0
2026-02-12 00:00:00-05:00,11.230419176135717,11.257200541674816,11.114365456980604,11.132220268249512,1324500,0.0,0.0
2026-02-13 00:00:00-05:00,11.13403203010883,11.179329322776159,11.0887347374415,11.161210060119629,1326500,0.182,0.0
2026-02-17 00:00:00-05:00,11.124974101424433,11.197449435194693,10.943785766998783,11.016261100769043,1847800,0.0,0.0
2026-02-18 00:00:00-05:00,11.034379136203697,11.088735198485294,10.961903810512213,11.007200241088867,1097500,0.0,0.0
2026-02-19 00:00:00-05:00,11.043438778514002,11.079676444229566,11.007201112798436,11.07061767578125,1102500,0.0,0.0
2026-02-20 00:00:00-05:00,11.043437903934608,11.079675566780349,10.871309221410844,11.007200241088867,1955300,0.0,0.0
2026-02-23 00:00:00-05:00,10.99814213916101,11.007200907440318,10.907547544575245,10.925666809082031,945400,0.0,0.0
2026-02-24 00:00:00-05:00,10.952844619750977,10.970963019916248,10.880369291141754,10.952844619750977,1259900,0.0,0.0
2026-02-25 00:00:00-05:00,10.998142087010201,11.061557784535083,10.880369460196793,10.889429092407227,1859400,0.0,0.0
2026-02-26 00:00:00-05:00,10.961903241601663,10.961903241601663,10.898486686932339,10.916605949401855,1124600,0.0,0.0
2026-02-27 00:00:00-05:00,10.934724974726123,10.97096263776848,10.85319001688731,10.871309280395508,1959100,0.0,0.0
2026-03-02 00:00:00-05:00,10.780714857369535,10.844131416654003,10.717299162059119,10.807893753051758,1608900,0.0,0.0
2026-03-03 00:00:00-05:00,10.726358580400403,10.735418212114107,10.581407928877267,10.662942886352539,2071600,0.0,0.0
2026-03-04 00:00:00-05:00,10.644822911872746,10.780713922604935,10.617644882521102,10.70823860168457,1731800,0.0,0.0
2026-03-05 00:00:00-05:00,10.753536611567482,10.753536611567482,10.563288665449859,10.662942886352539,1992200,0.0,0.0
2026-03-06 00:00:00-05:00,10.599526717812306,10.608586349858909,10.327743804232695,10.336803436279297,2894800,0.0,0.0
2026-03-09 00:00:00-04:00,10.273386899835579,10.282446531141364,10.028782038423305,10.237149238586426,3621100,0.0,0.0
2026-03-10 00:00:00-04:00,10.30056509532789,10.400218449371172,10.30056509532789,10.34586238861084,1477500,0.0,0.0
2026-03-11 00:00:00-04:00,10.382099498443395,10.3911591294131,10.255267256789399,10.327742576599121,1729100,0.0,0.0
2026-03-12 00:00:00-04:00,10.282447213724,10.318684877378727,10.191852622600155,10.228090286254883,1666000,0.0,0.0
2026-03-13 00:00:00-04:00,10.285178885908095,10.285178885908095,10.045774333879303,10.147061347961426,2208800,0.182,0.0
2026-03-16 00:00:00-04:00,10.16547618946226,10.220723729233892,10.128644788991123,10.156268119812012,1471100,0.0,0.0
2026-03-17 00:00:00-04:00,10.174685164800367,10.266763235109506,10.174685164800367,10.229931831359863,984900,0.0,0.0
2026-03-18 00:00:00-04:00,10.248346713124063,10.266761973671304,10.165475845336914,10.165475845336914,737100,0.0,0.0
2026-03-19 00:00:00-04:00,10.11943682961525,10.22072384061202,10.07339735899216,10.20230770111084,1870900,0.0,0.0
2026-03-20 00:00:00-04:00,10.183892303167374,10.202307564291731,9.916864430890291,9.962903022766113,1898500,0.0,0.0
2026-03-23 00:00:00-04:00,10.101022317503032,10.101022317503032,9.953696703084928,9.990528106689453,1842000,0.0,0.0
2026-03-24 00:00:00-04:00,9.990527195633195,10.027358595878992,9.889240186359867,9.916864395141602,1886500,0.0,0.0
2026-03-25 00:00:00-04:00,9.962903846549612,10.147061741799416,9.962903846549612,10.064190864562988,1037500,0.0,0.0
2026-03-26 00:00:00-04:00,10.036565285049527,10.156267549390167,9.953695297241211,9.953695297241211,1037400,0.0,0.0
2026-03-27 00:00:00-04:00,9.916865373035309,9.962903969284994,9.751123616520644,9.769538879394531,2234300,0.0,0.0
2026-03-30 00:00:00-04:00,9.833993991586384,9.88003258548034,9.70508364554559,9.80636978149414,1321700,0.0,0.0
2026-03-31 00:00:00-04:00,9.990527669952591,10.147061347961426,9.907656795932633,10.147061347961426,2148500,0.0,0.0
2026-04-01 00:00:00-04:00,10.211516177854504,10.404881259674406,10.211516177854504,10.3128023147583,1248300,0.0,0.0
2026-04-02 00:00:00-04:00,10.137853187102095,10.35884159708882,10.091813715489058,10.294386863708496,1172700,0.0,0.0
2026-04-06 00:00:00-04:00,10.294385987279076,10.294385987279076,10.20230705189229,10.266761779785156,896600,0.0,0.0
2026-04-07 00:00:00-04:00,10.2207242946953,10.285179029553284,10.202308154375931,10.239139556884766,811400,0.0,0.0
2026-04-08 00:00:00-04:00,10.404881526049182,10.432504858979238,10.275971175492389,10.331218719482422,1172500,0.0,0.0
2026-04-09 00:00:00-04:00,10.36804968559816,10.487751960754395,10.322010213902702,10.487751960754395,738100,0.0,0.0
2026-04-10 00:00:00-04:00,10.506167023348098,10.625869296234669,10.506167023348098,10.589037895202637,1091800,0.0,0.0
2026-04-13 00:00:00-04:00,10.561414608345087,10.598246009531902,10.49695899767076,10.515375137329102,1084100,0.0,0.0
2026-04-14 00:00:00-04:00,10.561414068055097,10.708739665265623,10.506166530036236,10.625868797302246,1583800,0.0,0.0
2026-04-15 00:00:00-04:00,10.618386268615723,10.665162585303056,10.57160905972734,10.618386268615723,1216900,0.182,0.0
2026-04-16 00:00:00-04:00,10.618385900361067,10.655807487733751,10.515475865935421,10.552897453308105,1040800,0.0,0.0
2026-04-17 00:00:00-04:00,10.627739593152674,10.637095212135074,10.543541698913865,10.562252044677734,1090100,0.0,0.0
2026-04-20 00:00:00-04:00,10.524830943496532,10.842914865874361,10.524830943496532,10.814848899841309,2002800,0.0,0.0
2026-04-21 00:00:00-04:00,10.880336121384312,10.880336121384312,10.637095377271283,10.646450996398926,1339800,0.0,0.0
2026-04-22 00:00:00-04:00,10.711938907169483,10.711938907169483,10.590318531011107,10.609029769897461,841600,0.0,0.0
2026-04-23 00:00:00-04:00,10.618384698876158,10.646450663179714,10.478053092956543,10.478053092956543,813400,0.0,0.0
2026-04-24 00:00:00-04:00,10.534186722730897,10.543542342284182,10.478053897612183,10.49676513671875,567300,0.0,0.0
2026-04-27 00:00:00-04:00,10.506119532558941,10.702583075973715,10.506119532558941,10.627739906311035,1125300,0.0,0.0
2026-04-28 00:00:00-04:00,10.627740116582839,10.665161702154572,10.543542218197173,10.609029769897461,856500,0.0,0.0
2026-04-29 00:00:00-04:00,10.618384717971301,10.637095063473678,10.5341859327083,10.580963134765625,693800,0.0,0.0
2026-04-30 00:00:00-04:00,10.655806185146142,10.777426552290498,10.61838460234795,10.693227767944336,1914400,0.0,0.0
2026-05-01 00:00:00-04:00,10.711939580879905,10.72129520091149,10.571608849210273,10.637096405029297,1398400,0.0,0.0
2026-05-04 00:00:00-04:00,10.665161058977471,10.76807108224434,10.627739475662498,10.674516677856445,1133500,0.0,0.0
2026-05-05 00:00:00-04:00,10.693227767944336,10.74935969604117,10.674516530444784,10.693227767944336,894400,0.0,0.0
2026-05-06 00:00:00-04:00,10.740004391530617,10.796137213470738,10.693228080814942,10.758715629577637,1233400,0.0,0.0
2026-05-07 00:00:00-04:00,10.805493865514507,10.805493865514507,10.73065069057319,10.749361038208008,1035700,0.0,0.0
2026-05-08 00:00:00-04:00,10.749359862980318,10.842914267529169,10.730649517391102,10.777426719665527,1011400,0.0,0.0
2026-05-11 00:00:00-04:00,10.796137661018625,10.86162521249607,10.758716075574233,10.814848899841309,1792600,0.0,0.0
2026-05-12 00:00:00-04:00,10.814848899841309,10.86162521249607,10.740004836751549,10.814848899841309,1576500,0.0,0.0
2026-05-13 00:00:00-04:00,10.85227003541086,10.85227003541086,10.758715629577637,10.758715629577637,1768200,0.0,0.0
2026-05-14 00:00:00-04:00,10.786782625678667,10.796138245596586,10.70258383081943,10.749361038208008,1649900,0.0,0.0
2026-05-15 00:00:00-04:00,10.665708372432972,10.694226054741934,10.580154418945312,10.580154418945312,1559800,0.182,0.0
2026-05-18 00:00:00-04:00,10.599166793348619,10.599166793348619,10.44707126620502,10.542131423950195,2889600,0.0,0.0
2026-05-19 00:00:00-04:00,10.466082602397211,10.513612676465144,10.437564014019998,10.47558879852295,1180500,0.0,0.0
2026-05-20 00:00:00-04:00,10.456576684625542,10.646696079397486,10.44707048824675,10.627684593200684,1541200,0.0,0.0
2026-05-21 00:00:00-04:00,10.627683622488174,10.637188911437988,10.532623480504423,10.637188911437988,880000,0.0,0.0
2026-05-22 00:00:00-04:00,10.618179187521994,10.627685384608682,10.532625226863507,10.542131423950195,939500,0.0,0.0
2026-05-26 00:00:00-04:00,10.54213128921116,10.551637486176348,10.456577329646139,10.466083526611328,1754100,0.0,0.0
2026-05-27 00:00:00-04:00,10.47558873949542,10.48509402900684,10.409046273550965,10.456576347351074,1114000,0.0,0.0
2026-05-28 00:00:00-04:00,10.456576627048733,10.618178338355259,10.447070430722285,10.608672142028809,1335200,0.0,0.0
2026-05-29 00:00:00-04:00,10.63718989430936,10.703732362470758,10.59916601531461,10.646696090698242,1603600,0.0,0.0
2026-06-01 00:00:00-04:00,10.599165904964362,10.6276844938341,10.561142026365488,10.580154418945312,1251400,0.0,0.0
2026-06-02 00:00:00-04:00,10.570648081626512,10.599165763555003,10.494600325443361,10.504106521606445,1200200,0.0,0.0
2026-06-03 00:00:00-04:00,10.532624174005479,10.551636566278345,10.46608261417197,10.494600296020508,1106100,0.0,0.0
2026-06-04 00:00:00-04:00,10.475589857465083,10.551637621036882,10.466083660378397,10.542131423950195,980100,0.0,0.0
2026-06-05 00:00:00-04:00,10.523118895280781,10.53262509224597,10.437564935715761,10.466083526611328,1133800,0.0,0.0
2026-06-08 00:00:00-04:00,10.48509402900684,10.513612617223357,10.437563955206729,10.456576347351074,965600,0.0,0.0
2026-06-09 00:00:00-04:00,10.494600296020508,10.523117977869047,10.361516269792727,10.494600296020508,1932000,0.0,0.0
2026-06-10 00:00:00-04:00,10.475588626200919,10.485093915609536,10.390034675598145,10.390034675598145,924700,0.0,0.0
2026-06-11 00:00:00-04:00,10.409046214684711,10.494600165728926,10.409046214684711,10.4375638961792,1260700,0.0,0.0
2026-06-12 00:00:00-04:00,10.46608261417197,10.504106492156941,10.43756402576267,10.494600296020508,1522000,0.0,0.0
2026-06-15 00:00:00-04:00,10.535195074005674,10.651179688190341,10.535195074005674,10.583521842956543,1320900,0.182,0.0
2026-06-16 00:00:00-04:00,10.57385519720184,10.622181961090472,10.448206901550293,10.448206901550293,1588300,0.0,0.0
2026-06-17 00:00:00-04:00,10.457871516922935,10.525529355069562,10.419210290163301,10.448206901550293,1325600,0.0,0.0
2026-06-18 00:00:00-04:00,10.506198782966921,10.554525549165383,10.293561564747522,10.36121940612793,2333000,0.0,0.0
2026-06-22 00:00:00-04:00,10.35155374019016,10.380549430847168,10.293561437119761,10.380549430847168,1435600,0.0,0.0
2026-06-23 00:00:00-04:00,10.283896670676725,10.3708837413728,10.245235443115234,10.245235443115234,2200100,0.0,0.0
2026-06-24 00:00:00-04:00,10.254899645897153,10.351553171788465,10.148581504821777,10.148581504821777,3262500,0.0,0.0
2026-06-25 00:00:00-04:00,10.148582777899671,10.293562163167085,10.148582777899671,10.254900932312012,2091700,0.0,0.0
2026-06-26 00:00:00-04:00,10.283896144202691,10.409545357784141,10.216238308116479,10.332221984863281,1226800,0.0,0.0
2026-06-29 00:00:00-04:00,10.380549063403667,10.448206901550293,10.37088352627467,10.448206901550293,851800,0.0,0.0
2026-06-30 00:00:00-04:00,10.525529684827157,10.593186603337076,10.46753738199267,10.554525375366211,1633500,0.0,0.0
2026-07-01 00:00:00-04:00,10.525529557025928,10.612516627586889,10.506198482397023,10.57385540008545,1148100,0.0,0.0
2026-07-02 00:00:00-04:00,10.583521616088671,10.622182846069336,10.564191461976554,10.622182846069336,1095700,0.0,0.0
2026-07-06 00:00:00-04:00,10.622182164901341,10.651178776844699,10.564190784527367,10.57385540008545,1340700,0.0,0.0
2026-07-07 00:00:00-04:00,10.544859934492974,10.573855625297538,10.506198706168092,10.535194396972656,812800,0.0,0.0
2026-07-08 00:00:00-04:00,10.525529684827157,10.602852140768887,10.486868456856294,10.554525375366211,1171200,0.0,0.0
2026-07-09 00:00:00-04:00,10.554525423645458,10.564190961121483,10.486868504826061,10.544859886169434,1084300,0.0,0.0
2026-07-10 00:00:00-04:00,10.535194252399949,10.59318655496965,10.525529636768647,10.564190864562988,707100,0.0,0.0
2026-07-13 00:00:00-04:00,10.544860014881804,10.602852318689429,10.506198786262187,10.525529861450195,1751600,0.0,0.0
2026-07-14 00:00:00-04:00,10.50619883461493,10.583521292210026,10.496533296976443,10.515864372253418,1352500,0.0,0.0
2026-07-15 00:00:00-04:00,10.51782958103436,10.635786437908429,10.51782958103436,10.586638450622559,1125800,0.182,0.0
2026-07-16 00:00:00-04:00,10.537489474873562,10.606297406690807,10.5178295301042,10.566978454589844,1474200,0.0,0.0
2026-07-17 00:00:00-04:00,10.488340413091759,10.566978316264287,10.468680468579752,10.507999420166016,3854400,0.0,0.0
2026-07-20 00:00:00-04:00,10.498170801920542,10.547318790275275,10.409702922981559,10.478510856628418,871100,0.0,0.0
2026-07-21 00:00:00-04:00,10.517829809774877,10.52765978242094,10.478510856628418,10.478510856628418,999100,0.0,0.0
2026-07-22 00:00:00-04:00,10.439191645806945,10.488340570386304,10.360553741455078,10.360553741455078,1595300,0.0,0.0
2026-07-23 00:00:00-04:00,10.321235523492772,10.360554478465707,10.213108631676658,10.262256622314453,1736600,0.0,0.0
2026-07-24 00:00:00-04:00,10.301575209133373,10.331065127387548,10.242597247500619,10.311405181884766,1076500,0.0,0.0
2026-07-27 00:00:00-04:00,10.340894596120354,10.340894596120354,10.213107768894027,10.30157470703125,1002200,0.0,0.0
2026-07-28 00:00:00-04:00,10.262256170823433,10.370383995320264,10.252427135591004,10.272086143493652,1542900,0.0,0.0
2026-07-29 00:00:00-04:00,10.272086427131436,10.350724335788996,10.183618545532227,10.183618545532227,1350600,0.0,0.0
2026-07-30 00:00:00-04:00,10.242597297597849,10.33106517791748,10.203278343837768,10.33106517791748,874400,0.0,0.0
2026-07-31 00:00:00-04:00,10.3900431398387,10.46868104735886,10.33106517791748,10.33106517791748,1280700,0.0,0.0
2026-08-03 00:00:00-04:00,10.350724135452534,10.399873061771695,10.29174617381978,10.311405181884766,1231900,0.0,0.0
2026-08-04 00:00:00-04:00,10.350723630954876,10.409702527150777,10.30157470703125,10.30157470703125,1350000,0.0,0.0
2026-08-05 00:00:00-04:00,10.340895150716952,10.36055415887809,10.301575259519067,10.33106517791748,834500,0.0,0.0
2026-08-06 00:00:00-04:00,10.301575377335576,10.40970320449078,10.301575377335576,10.390043258666992,793200,0.0,0.0
2026-08-07 00:00:00-04:00,10.409702922981559,10.478510856628418,10.409702922981559,10.478510856628418,892700,0.0,0.0
2026-08-10 00:00:00-04:00,10.458851899324634,10.498170852661133,10.40970297329456,10.498170852661133,864600,0.0,0.0
2026-08-11 00:00:00-04:00,10.498170471748121,10.547318458557129,10.468680554737407,10.547318458557129,809100,0.0,0.0
2026-08-12 00:00:00-04:00,10.527659918279328,10.557148899160278,10.488340964625461,10.537489891052246,1448600,0.0,0.0
2026-08-13 00:00:00-04:00,10.527659364678023,10.54731837175228,10.488340413091759,10.507999420166016,1298500,0.0,0.0
2026-08-14 00:00:00-04:00,10.510000228881836,10.529999732971191,10.4399995803833,10.460000038146973,1204400,0.182,0.0
2026-08-17 00:00:00-04:00,10.4399995803833,10.460000038146973,10.300000190734863,10.300000190734863,2038300,0.0,0.0
2026-08-18 00:00:00-04:00,10.260000228881836,10.3100004196167,10.119999885559082,10.149999618530273,3011900,0.0,0.0
2026-08-19 00:00:00-04:00,10.199999809265137,10.239999771118164,10.039999961853027,10.09000015258789,2627500,0.0,0.0
2026-08-20 00:00:00-04:00,10.050000190734863,10.100000381469727,9.25,9.420000076293945,15665100,0.0,0.0
2026-08-21 00:00:00-04:00,9.149999618530273,9.704999923706055,8.960000038146973,9.6899995803833,12650334,0.0,0.0
