Date,Open,High,Low,Close,Volume,Dividends,Stock Splits
2022-01-03 00:00:00-05:00,91.25,91.45999908447266,85.33000183105469,91.33000183105469,1267600,0.0,0.0
2022-01-04 00:00:00-05:00,91.5199966430664,92.06500244140625,85.09300231933594,88.04000091552734,1058000,0.0,0.0
2022-01-05 00:00:00-05:00,87.62000274658203,89.51000213623047,82.25,82.38999938964844,1312100,0.0,0.0
2022-01-06 00:00:00-05:00,82.61000061035156,84.87999725341797,80.4800033569336,82.44000244140625,988700,0.0,0.0
2022-01-07 00:00:00-05:00,81.87999725341797,83.27999877929688,74.87000274658203,75.1500015258789,1808600,0.0,0.0
2022-01-10 00:00:00-05:00,74.45999908447266,74.48999786376953,69.30999755859375,74.41999816894531,2408100,0.0,0.0
2022-01-11 00:00:00-05:00,74.77999877929688,77.95999908447266,73.16999816894531,76.54000091552734,1616500,0.0,0.0
2022-01-12 00:00:00-05:00,76.62999725341797,78.5,73.54000091552734,73.5999984741211,1976600,0.0,0.0
2022-01-13 00:00:00-05:00,73.47000122070312,73.5,68.0999984741211,68.3499984741211,1549200,0.0,0.0
2022-01-14 00:00:00-05:00,67.69999694824219,68.16999816894531,63.90999984741211,67.37000274658203,1942600,0.0,0.0
2022-01-18 00:00:00-05:00,65.6500015258789,65.73999786376953,61.029998779296875,61.08000183105469,1947900,0.0,0.0
2022-01-19 00:00:00-05:00,61.54999923706055,65.95999908447266,61.02000045776367,61.16999816894531,1235400,0.0,0.0
2022-01-20 00:00:00-05:00,63.06999969482422,66.5999984741211,62.93000030517578,63.06999969482422,1328000,0.0,0.0
2022-01-21 00:00:00-05:00,63.06999969482422,64.5999984741211,61.685001373291016,62.7400016784668,1790000,0.0,0.0
2022-01-24 00:00:00-05:00,61.720001220703125,64.45999908447266,58.02000045776367,64.4000015258789,1546100,0.0,0.0
2022-01-25 00:00:00-05:00,62.529998779296875,64.52999877929688,60.939998626708984,62.880001068115234,1348900,0.0,0.0
2022-01-26 00:00:00-05:00,64.01000213623047,68.19000244140625,62.89500045776367,63.2400016784668,1834200,0.0,0.0
2022-01-27 00:00:00-05:00,64.20999908447266,65.875,61.72999954223633,61.900001525878906,1155200,0.0,0.0
2022-01-28 00:00:00-05:00,62.0099983215332,65.5,60.25,65.47000122070312,1233100,0.0,0.0
2022-01-31 00:00:00-05:00,65.62999725341797,70.7699966430664,65.62999725341797,70.6500015258789,1582500,0.0,0.0
2022-02-01 00:00:00-05:00,70.93000030517578,73.02999877929688,69.18000030517578,72.80999755859375,897800,0.0,0.0
2022-02-02 00:00:00-05:00,74.69999694824219,74.69999694824219,70.04000091552734,71.19999694824219,883700,0.0,0.0
2022-02-03 00:00:00-05:00,68.76000213623047,70.12000274658203,67.80000305175781,68.26000213623047,1278300,0.0,0.0
2022-02-04 00:00:00-05:00,68.61000061035156,70.77999877929688,67.79000091552734,69.75,821200,0.0,0.0
2022-02-07 00:00:00-05:00,69.63999938964844,73.91500091552734,69.41000366210938,69.9800033569336,534300,0.0,0.0
2022-02-08 00:00:00-05:00,69.36000061035156,70.91300201416016,67.86000061035156,70.19999694824219,1096600,0.0,0.0
2022-02-09 00:00:00-05:00,71.86000061035156,74.79000091552734,71.80999755859375,73.41999816894531,664800,0.0,0.0
2022-02-10 00:00:00-05:00,70.69999694824219,74.81999969482422,70.12999725341797,71.05000305175781,700500,0.0,0.0
2022-02-11 00:00:00-05:00,71.45999908447266,73.38500213623047,68.7699966430664,69.58000183105469,519100,0.0,0.0
2022-02-14 00:00:00-05:00,69.26000213623047,70.77999877929688,67.06999969482422,67.19999694824219,767800,0.0,0.0
2022-02-15 00:00:00-05:00,68.51000213623047,70.83000183105469,67.55999755859375,70.11000061035156,514000,0.0,0.0
2022-02-16 00:00:00-05:00,69.58999633789062,72.37000274658203,68.96499633789062,71.5,1331000,0.0,0.0
2022-02-17 00:00:00-05:00,70.41000366210938,71.0,65.33999633789062,65.69999694824219,821500,0.0,0.0
2022-02-18 00:00:00-05:00,66.06999969482422,66.06999969482422,63.41999816894531,63.88999938964844,788600,0.0,0.0
2022-02-22 00:00:00-05:00,63.150001525878906,64.7300033569336,62.380001068115234,62.9900016784668,975700,0.0,0.0
2022-02-23 00:00:00-05:00,63.84000015258789,64.19000244140625,60.7400016784668,60.7599983215332,736200,0.0,0.0
2022-02-24 00:00:00-05:00,57.86000061035156,66.04000091552734,57.18899917602539,65.2300033569336,1376700,0.0,0.0
2022-02-25 00:00:00-05:00,64.80999755859375,66.98999786376953,63.150001525878906,66.94000244140625,1184900,0.0,0.0
2022-02-28 00:00:00-05:00,66.12999725341797,68.16000366210938,64.9000015258789,65.75,1104900,0.0,0.0
2022-03-01 00:00:00-05:00,65.5999984741211,67.55000305175781,63.81999969482422,64.36000061035156,678900,0.0,0.0
2022-03-02 00:00:00-05:00,65.0,65.63999938964844,61.369998931884766,63.13999938964844,856500,0.0,0.0
2022-03-03 00:00:00-05:00,63.650001525878906,63.650001525878906,59.25,60.04999923706055,841700,0.0,0.0
2022-03-04 00:00:00-05:00,59.75,60.66999816894531,56.07500076293945,56.47999954223633,1137500,0.0,0.0
2022-03-07 00:00:00-05:00,56.599998474121094,57.099998474121094,52.45000076293945,52.529998779296875,1626000,0.0,0.0
2022-03-08 00:00:00-05:00,52.630001068115234,57.150001525878906,52.20000076293945,54.75,1603000,0.0,0.0
2022-03-09 00:00:00-05:00,45.45000076293945,45.529998779296875,26.100000381469727,36.79999923706055,41733200,0.0,0.0
2022-03-10 00:00:00-05:00,42.15999984741211,46.0,39.650001525878906,42.61000061035156,17114800,0.0,0.0
2022-03-11 00:00:00-05:00,42.45000076293945,42.45000076293945,38.790000915527344,38.97999954223633,4434700,0.0,0.0
2022-03-14 00:00:00-04:00,38.439998626708984,39.130001068115234,34.45000076293945,35.88999938964844,3890600,0.0,0.0
2022-03-15 00:00:00-04:00,31.25,31.5,28.920000076293945,30.31999969482422,8020000,0.0,0.0
2022-03-16 00:00:00-04:00,31.43000030517578,35.04999923706055,31.15999984741211,35.02000045776367,5470700,0.0,0.0
2022-03-17 00:00:00-04:00,34.75,38.06999969482422,34.209999084472656,37.5099983215332,4468400,0.0,0.0
2022-03-18 00:00:00-04:00,37.0,40.38999938964844,37.0,39.630001068115234,4358500,0.0,0.0
2022-03-21 00:00:00-04:00,39.97999954223633,41.15999984741211,38.5099983215332,39.25,2587900,0.0,0.0
2022-03-22 00:00:00-04:00,39.310001373291016,42.779998779296875,39.099998474121094,41.59000015258789,2704100,0.0,0.0
2022-03-23 00:00:00-04:00,40.61000061035156,42.16999816894531,38.810001373291016,38.849998474121094,2214600,0.0,0.0
2022-03-24 00:00:00-04:00,39.13999938964844,40.720001220703125,37.04999923706055,40.650001525878906,1857400,0.0,0.0
2022-03-25 00:00:00-04:00,40.5,40.959999084472656,39.154998779296875,39.70000076293945,1742500,0.0,0.0
2022-03-28 00:00:00-04:00,40.290000915527344,41.13999938964844,38.685001373291016,40.25,1316300,0.0,0.0
2022-03-29 00:00:00-04:00,40.720001220703125,42.72800064086914,40.279998779296875,42.43000030517578,1209700,0.0,0.0
2022-03-30 00:00:00-04:00,41.90999984741211,43.06999969482422,40.91999816894531,41.45000076293945,1004000,0.0,0.0
2022-03-31 00:00:00-04:00,41.40999984741211,41.95000076293945,40.5,40.68000030517578,902700,0.0,0.0
2022-04-01 00:00:00-04:00,40.66999816894531,42.9900016784668,40.66999816894531,42.900001525878906,1190700,0.0,0.0
2022-04-04 00:00:00-04:00,43.09000015258789,44.959999084472656,42.7400016784668,44.540000915527344,1537300,0.0,0.0
2022-04-05 00:00:00-04:00,44.470001220703125,44.84000015258789,42.459999084472656,42.79999923706055,1187100,0.0,0.0
2022-04-06 00:00:00-04:00,42.400001525878906,42.564998626708984,40.5,42.290000915527344,1308200,0.0,0.0
2022-04-07 00:00:00-04:00,42.2599983215332,43.709999084472656,40.275001525878906,42.36000061035156,1649500,0.0,0.0
2022-04-08 00:00:00-04:00,41.90999984741211,43.56999969482422,41.22999954223633,42.86000061035156,1988200,0.0,0.0
2022-04-11 00:00:00-04:00,41.790000915527344,42.36000061035156,40.57500076293945,40.779998779296875,1141300,0.0,0.0
2022-04-12 00:00:00-04:00,41.70000076293945,43.68000030517578,39.79999923706055,40.02000045776367,885600,0.0,0.0
2022-04-13 00:00:00-04:00,40.400001525878906,41.858001708984375,39.90999984741211,41.650001525878906,1512600,0.0,0.0
2022-04-14 00:00:00-04:00,41.45000076293945,41.619998931884766,39.06999969482422,39.52000045776367,1428900,0.0,0.0
2022-04-18 00:00:00-04:00,39.900001525878906,39.939998626708984,37.599998474121094,37.939998626708984,1443400,0.0,0.0
2022-04-19 00:00:00-04:00,37.5,39.630001068115234,35.47999954223633,37.40999984741211,5509200,0.0,0.0
2022-04-20 00:00:00-04:00,37.88999938964844,39.060001373291016,37.08000183105469,38.099998474121094,1786200,0.0,0.0
2022-04-21 00:00:00-04:00,38.91999816894531,40.63999938964844,36.61000061035156,36.650001525878906,1925100,0.0,0.0
2022-04-22 00:00:00-04:00,36.13999938964844,37.97999954223633,35.54999923706055,36.290000915527344,1630800,0.0,0.0
2022-04-25 00:00:00-04:00,36.630001068115234,39.75,36.029998779296875,39.66999816894531,1162400,0.0,0.0
2022-04-26 00:00:00-04:00,39.47999954223633,40.400001525878906,37.33000183105469,37.40999984741211,1293000,0.0,0.0
2022-04-27 00:00:00-04:00,37.25,38.400001525878906,35.91999816894531,36.220001220703125,1224200,0.0,0.0
2022-04-28 00:00:00-04:00,37.2599983215332,37.2599983215332,33.88999938964844,36.34000015258789,1145900,0.0,0.0
2022-04-29 00:00:00-04:00,36.27000045776367,37.29999923706055,35.040000915527344,35.119998931884766,966200,0.0,0.0
2022-05-02 00:00:00-04:00,34.880001068115234,37.63999938964844,34.70000076293945,37.560001373291016,1131100,0.0,0.0
2022-05-03 00:00:00-04:00,37.099998474121094,38.58000183105469,35.90999984741211,35.95000076293945,1029100,0.0,0.0
2022-05-04 00:00:00-04:00,36.0099983215332,37.290000915527344,33.310001373291016,36.810001373291016,1284200,0.0,0.0
2022-05-05 00:00:00-04:00,36.22999954223633,36.43000030517578,33.279998779296875,34.099998474121094,1559800,0.0,0.0
2022-05-06 00:00:00-04:00,35.630001068115234,36.61000061035156,32.939998626708984,36.08000183105469,2913100,0.0,0.0
2022-05-09 00:00:00-04:00,35.779998779296875,36.119998931884766,29.43000030517578,29.790000915527344,2395700,0.0,0.0
2022-05-10 00:00:00-04:00,31.309999465942383,31.799999237060547,28.139999389648438,30.010000228881836,2910500,0.0,0.0
2022-05-11 00:00:00-04:00,29.940000534057617,31.059999465942383,27.725000381469727,28.1299991607666,1857600,0.0,0.0
2022-05-12 00:00:00-04:00,27.40999984741211,29.8700008392334,27.350000381469727,28.90999984741211,2734000,0.0,0.0
2022-05-13 00:00:00-04:00,29.290000915527344,34.35499954223633,29.209999084472656,34.20000076293945,1916600,0.0,0.0
2022-05-16 00:00:00-04:00,33.95000076293945,36.11000061035156,33.29499816894531,33.91999816894531,1411600,0.0,0.0
2022-05-17 00:00:00-04:00,34.7400016784668,36.720001220703125,33.84000015258789,36.66999816894531,1280600,0.0,0.0
2022-05-18 00:00:00-04:00,35.400001525878906,38.58000183105469,35.400001525878906,35.93000030517578,1378500,0.0,0.0
2022-05-19 00:00:00-04:00,35.810001373291016,39.849998474121094,35.61000061035156,38.970001220703125,1298500,0.0,0.0
2022-05-20 00:00:00-04:00,38.93000030517578,40.0,37.2599983215332,39.959999084472656,999700,0.0,0.0
2022-05-23 00:00:00-04:00,39.400001525878906,40.560001373291016,37.900001525878906,39.04999923706055,1718300,0.0,0.0
2022-05-24 00:00:00-04:00,38.18000030517578,38.2599983215332,36.775001525878906,37.34000015258789,782100,0.0,0.0
2022-05-25 00:00:00-04:00,37.33000183105469,37.75600051879883,35.07500076293945,37.529998779296875,1424500,0.0,0.0
2022-05-26 00:00:00-04:00,37.58000183105469,39.18000030517578,36.720001220703125,39.119998931884766,1242100,0.0,0.0
2022-05-27 00:00:00-04:00,39.63999938964844,41.790000915527344,39.375,41.189998626708984,1440000,0.0,0.0
2022-05-31 00:00:00-04:00,41.20000076293945,41.34000015258789,36.099998474121094,36.689998626708984,2408200,0.0,0.0
2022-06-01 00:00:00-04:00,36.61000061035156,37.880001068115234,34.619998931884766,35.459999084472656,1089500,0.0,0.0
2022-06-02 00:00:00-04:00,35.40999984741211,39.970001220703125,35.099998474121094,38.939998626708984,1802700,0.0,0.0
2022-06-03 00:00:00-04:00,38.150001525878906,38.349998474121094,35.91999816894531,36.97999954223633,1250400,0.0,0.0
2022-06-06 00:00:00-04:00,37.869998931884766,38.540000915527344,35.404998779296875,35.77000045776367,1313500,0.0,0.0
2022-06-07 00:00:00-04:00,35.06999969482422,37.16999816894531,35.06999969482422,37.150001525878906,974900,0.0,0.0
2022-06-08 00:00:00-04:00,37.2400016784668,39.459999084472656,37.08000183105469,38.869998931884766,782000,0.0,0.0
2022-06-09 00:00:00-04:00,38.150001525878906,38.19499969482422,35.63999938964844,35.7400016784668,915100,0.0,0.0
2022-06-10 00:00:00-04:00,34.41999816894531,35.029998779296875,33.33000183105469,34.20000076293945,975400,0.0,0.0
2022-06-13 00:00:00-04:00,32.38999938964844,33.06999969482422,31.030000686645508,31.690000534057617,820400,0.0,0.0
2022-06-14 00:00:00-04:00,31.989999771118164,32.599998474121094,30.459999084472656,32.45000076293945,1452400,0.0,0.0
2022-06-15 00:00:00-04:00,32.84000015258789,34.599998474121094,32.77000045776367,33.93000030517578,1679300,0.0,0.0
2022-06-16 00:00:00-04:00,32.02000045776367,33.39500045776367,31.889999389648438,32.959999084472656,1827400,0.0,0.0
2022-06-17 00:00:00-04:00,33.63999938964844,34.83000183105469,33.06999969482422,33.529998779296875,2213700,0.0,0.0
2022-06-21 00:00:00-04:00,33.7599983215332,35.084999084472656,33.560001373291016,33.630001068115234,1092500,0.0,0.0
2022-06-22 00:00:00-04:00,33.029998779296875,35.849998474121094,32.95000076293945,35.5,1091900,0.0,0.0
2022-06-23 00:00:00-04:00,35.7599983215332,38.939998626708984,35.12300109863281,38.849998474121094,1027300,0.0,0.0
2022-06-24 00:00:00-04:00,39.279998779296875,41.79999923706055,38.209999084472656,41.380001068115234,1645000,0.0,0.0
2022-06-27 00:00:00-04:00,40.97999954223633,41.63999938964844,38.959999084472656,39.709999084472656,1156900,0.0,0.0
2022-06-28 00:00:00-04:00,39.41999816894531,40.025001525878906,37.2400016784668,37.720001220703125,872200,0.0,0.0
2022-06-29 00:00:00-04:00,37.619998931884766,38.125,36.18000030517578,36.869998931884766,1306000,0.0,0.0
2022-06-30 00:00:00-04:00,36.310001373291016,37.15999984741211,34.810001373291016,35.439998626708984,1039600,0.0,0.0
2022-07-01 00:00:00-04:00,35.58000183105469,37.5099983215332,35.13999938964844,36.93000030517578,743900,0.0,0.0
2022-07-05 00:00:00-04:00,36.349998474121094,38.79999923706055,35.56999969482422,38.790000915527344,819800,0.0,0.0
2022-07-06 00:00:00-04:00,38.529998779296875,39.959999084472656,37.369998931884766,37.709999084472656,954100,0.0,0.0
2022-07-07 00:00:00-04:00,37.61000061035156,40.44499969482422,37.52000045776367,40.33000183105469,1330000,0.0,0.0
2022-07-08 00:00:00-04:00,39.52000045776367,41.20000076293945,39.025001525878906,40.47999954223633,664900,0.0,0.0
2022-07-11 00:00:00-04:00,40.45000076293945,40.459999084472656,37.52000045776367,37.59000015258789,887200,0.0,0.0
2022-07-12 00:00:00-04:00,37.5099983215332,38.7599983215332,35.9900016784668,38.45000076293945,792600,0.0,0.0
2022-07-13 00:00:00-04:00,37.0099983215332,41.369998931884766,36.459999084472656,40.369998931884766,1121900,0.0,0.0
2022-07-14 00:00:00-04:00,40.58000183105469,44.630001068115234,39.45000076293945,43.56999969482422,2717900,0.0,0.0
2022-07-15 00:00:00-04:00,43.54999923706055,45.869998931884766,43.52000045776367,45.81999969482422,1785100,0.0,0.0
2022-07-18 00:00:00-04:00,46.20000076293945,48.459999084472656,43.349998474121094,43.58000183105469,2355600,0.0,0.0
2022-07-19 00:00:00-04:00,43.81999969482422,45.45000076293945,43.81999969482422,45.11000061035156,1452400,0.0,0.0
2022-07-20 00:00:00-04:00,45.52000045776367,47.720001220703125,45.279998779296875,46.130001068115234,1398000,0.0,0.0
2022-07-21 00:00:00-04:00,46.029998779296875,48.06999969482422,45.79999923706055,46.5,779200,0.0,0.0
2022-07-22 00:00:00-04:00,46.2599983215332,47.2599983215332,44.310001373291016,44.79999923706055,788200,0.0,0.0
2022-07-25 00:00:00-04:00,44.790000915527344,45.54999923706055,43.75,45.2400016784668,1018900,0.0,0.0
2022-07-26 00:00:00-04:00,45.34000015258789,45.880001068115234,44.255001068115234,44.88999938964844,1197800,0.0,0.0
2022-07-27 00:00:00-04:00,45.5099983215332,47.310001373291016,44.52000045776367,47.029998779296875,1064800,0.0,0.0
2022-07-28 00:00:00-04:00,47.029998779296875,48.25,46.209999084472656,47.83000183105469,756600,0.0,0.0
2022-07-29 00:00:00-04:00,47.349998474121094,47.93000030517578,46.4900016784668,47.0,1068700,0.0,0.0
2022-08-01 00:00:00-04:00,46.5,48.79999923706055,45.54999923706055,47.7599983215332,1216300,0.0,0.0
2022-08-02 00:00:00-04:00,47.34000015258789,50.459999084472656,47.20000076293945,49.59000015258789,1520400,0.0,0.0
2022-08-03 00:00:00-04:00,49.38999938964844,51.099998474121094,48.29999923706055,48.9900016784668,1375900,0.0,0.0
2022-08-04 00:00:00-04:00,49.15999984741211,51.15999984741211,48.81999969482422,50.9900016784668,1837300,0.0,0.0
2022-08-05 00:00:00-04:00,49.38999938964844,54.77000045776367,45.72999954223633,51.470001220703125,2438400,0.0,0.0
2022-08-08 00:00:00-04:00,51.41999816894531,53.849998474121094,51.05500030517578,52.15999984741211,1269600,0.0,0.0
2022-08-09 00:00:00-04:00,51.029998779296875,51.68000030517578,50.04999923706055,50.81999969482422,1492700,0.0,0.0
2022-08-10 00:00:00-04:00,52.4900016784668,56.08000183105469,52.0,55.290000915527344,1379400,0.0,0.0
2022-08-11 00:00:00-04:00,55.290000915527344,57.880001068115234,52.72999954223633,53.59000015258789,3826600,0.0,0.0
2022-08-12 00:00:00-04:00,54.209999084472656,56.439998626708984,53.4900016784668,55.16999816894531,1287500,0.0,0.0
2022-08-15 00:00:00-04:00,54.7599983215332,56.83000183105469,53.869998931884766,56.68000030517578,1392900,0.0,0.0
2022-08-16 00:00:00-04:00,56.599998474121094,56.90999984741211,53.47999954223633,55.119998931884766,1082300,0.0,0.0
2022-08-17 00:00:00-04:00,54.27000045776367,54.75,51.5099983215332,52.56999969482422,932000,0.0,0.0
2022-08-18 00:00:00-04:00,52.83000183105469,52.88999938964844,50.720001220703125,52.029998779296875,966200,0.0,0.0
2022-08-19 00:00:00-04:00,51.20000076293945,51.619998931884766,49.189998626708984,50.369998931884766,957800,0.0,0.0
2022-08-22 00:00:00-04:00,49.65999984741211,50.7400016784668,48.58399963378906,49.060001373291016,849300,0.0,0.0
2022-08-23 00:00:00-04:00,49.33000183105469,50.54999923706055,47.80500030517578,50.2400016784668,840800,0.0,0.0
2022-08-24 00:00:00-04:00,50.2599983215332,52.86000061035156,50.209999084472656,52.060001373291016,856700,0.0,0.0
2022-08-25 00:00:00-04:00,53.380001068115234,53.45000076293945,50.959999084472656,52.7599983215332,845400,0.0,0.0
2022-08-26 00:00:00-04:00,52.77000045776367,52.77000045776367,48.2599983215332,48.540000915527344,1234800,0.0,0.0
2022-08-29 00:00:00-04:00,47.31999969482422,49.380001068115234,47.0099983215332,48.279998779296875,1591600,0.0,0.0
2022-08-30 00:00:00-04:00,49.02000045776367,49.61000061035156,46.86000061035156,47.52000045776367,705900,0.0,0.0
2022-08-31 00:00:00-04:00,48.58000183105469,49.90999984741211,48.16999816894531,49.2599983215332,959700,0.0,0.0
2022-09-01 00:00:00-04:00,48.58000183105469,49.14500045776367,46.79999923706055,49.04999923706055,863100,0.0,0.0
2022-09-02 00:00:00-04:00,49.65999984741211,49.65999984741211,47.040000915527344,47.650001525878906,942600,0.0,0.0
2022-09-06 00:00:00-04:00,47.970001220703125,48.560001373291016,46.68000030517578,47.7400016784668,881900,0.0,0.0
2022-09-07 00:00:00-04:00,47.86000061035156,50.7400016784668,47.86000061035156,50.27000045776367,924800,0.0,0.0
2022-09-08 00:00:00-04:00,49.599998474121094,51.849998474121094,49.2599983215332,51.77000045776367,1001900,0.0,0.0
2022-09-09 00:00:00-04:00,52.08000183105469,53.54999923706055,51.56999969482422,52.91999816894531,1618100,0.0,0.0
2022-09-12 00:00:00-04:00,53.58000183105469,53.58000183105469,51.90999984741211,53.310001373291016,658900,0.0,0.0
2022-09-13 00:00:00-04:00,51.47999954223633,51.65999984741211,49.95000076293945,50.54999923706055,1023800,0.0,0.0
2022-09-14 00:00:00-04:00,50.849998474121094,51.400001525878906,48.75,49.380001068115234,1071600,0.0,0.0
2022-09-15 00:00:00-04:00,49.0099983215332,52.119998931884766,49.0099983215332,50.689998626708984,1066900,0.0,0.0
2022-09-16 00:00:00-04:00,49.20000076293945,49.689998626708984,46.81800079345703,48.54999923706055,2454700,0.0,0.0
2022-09-19 00:00:00-04:00,48.279998779296875,48.90999984741211,46.65999984741211,48.88999938964844,946100,0.0,0.0
2022-09-20 00:00:00-04:00,48.47999954223633,50.119998931884766,47.619998931884766,48.93000030517578,829700,0.0,0.0
2022-09-21 00:00:00-04:00,49.43000030517578,50.970001220703125,47.939998626708984,48.5099983215332,999700,0.0,0.0
2022-09-22 00:00:00-04:00,47.95000076293945,48.279998779296875,45.19499969482422,46.16999816894531,1580300,0.0,0.0
2022-09-23 00:00:00-04:00,45.29999923706055,45.358001708984375,43.06999969482422,43.63999938964844,1682000,0.0,0.0
2022-09-26 00:00:00-04:00,43.220001220703125,45.130001068115234,42.52000045776367,42.54999923706055,1137900,0.0,0.0
2022-09-27 00:00:00-04:00,43.58000183105469,44.630001068115234,42.540000915527344,43.119998931884766,924200,0.0,0.0
2022-09-28 00:00:00-04:00,43.5099983215332,46.388999938964844,43.349998474121094,46.04999923706055,1041500,0.0,0.0
2022-09-29 00:00:00-04:00,45.439998626708984,45.71500015258789,43.31999969482422,44.470001220703125,1053400,0.0,0.0
2022-09-30 00:00:00-04:00,44.5,45.849998474121094,43.720001220703125,43.81999969482422,988800,0.0,0.0
2022-10-03 00:00:00-04:00,44.43000030517578,44.97999954223633,43.040000915527344,44.06999969482422,813700,0.0,0.0
2022-10-04 00:00:00-04:00,45.81999969482422,48.2599983215332,45.5,47.90999984741211,1641400,0.0,0.0
2022-10-05 00:00:00-04:00,47.41999816894531,47.5099983215332,44.93000030517578,46.63999938964844,1452400,0.0,0.0
2022-10-06 00:00:00-04:00,46.849998474121094,47.66999816894531,45.650001525878906,47.029998779296875,1641300,0.0,0.0
2022-10-07 00:00:00-04:00,45.720001220703125,45.900001525878906,42.689998626708984,42.77000045776367,1748600,0.0,0.0
2022-10-10 00:00:00-04:00,42.119998931884766,42.650001525878906,40.22999954223633,40.279998779296875,1129700,0.0,0.0
2022-10-11 00:00:00-04:00,40.01100158691406,41.3650016784668,38.09000015258789,40.68000030517578,1032300,0.0,0.0
2022-10-12 00:00:00-04:00,40.68000030517578,42.369998931884766,39.970001220703125,42.209999084472656,835300,0.0,0.0
2022-10-13 00:00:00-04:00,40.45000076293945,43.040000915527344,39.29999923706055,42.849998474121094,1221200,0.0,0.0
2022-10-14 00:00:00-04:00,44.0099983215332,44.279998779296875,41.31999969482422,41.5099983215332,998500,0.0,0.0
2022-10-17 00:00:00-04:00,42.68000030517578,44.22999954223633,42.44499969482422,43.40999984741211,812800,0.0,0.0
2022-10-18 00:00:00-04:00,45.060001373291016,46.189998626708984,43.470001220703125,43.91999816894531,820100,0.0,0.0
2022-10-19 00:00:00-04:00,42.90999984741211,43.1150016784668,41.040000915527344,41.540000915527344,1163800,0.0,0.0
2022-10-20 00:00:00-04:00,41.75,44.779998779296875,41.2599983215332,42.79999923706055,836400,0.0,0.0
2022-10-21 00:00:00-04:00,42.70000076293945,43.779998779296875,41.665000915527344,43.58000183105469,711100,0.0,0.0
2022-10-24 00:00:00-04:00,43.720001220703125,44.095001220703125,41.54999923706055,42.66999816894531,562900,0.0,0.0
2022-10-25 00:00:00-04:00,43.189998626708984,45.869998931884766,42.7599983215332,45.310001373291016,983400,0.0,0.0
2022-10-26 00:00:00-04:00,45.310001373291016,47.89699935913086,44.81999969482422,46.32500076293945,839800,0.0,0.0
2022-10-27 00:00:00-04:00,46.68000030517578,47.13999938964844,45.42499923706055,46.650001525878906,707900,0.0,0.0
2022-10-28 00:00:00-04:00,46.619998931884766,47.720001220703125,45.400001525878906,47.65999984741211,731800,0.0,0.0
2022-10-31 00:00:00-04:00,47.2599983215332,48.25,46.779998779296875,46.959999084472656,745500,0.0,0.0
2022-11-01 00:00:00-04:00,47.619998931884766,48.130001068115234,46.38999938964844,46.66999816894531,677100,0.0,0.0
2022-11-02 00:00:00-04:00,46.47999954223633,47.75,44.939998626708984,45.45000076293945,1232400,0.0,0.0
2022-11-03 00:00:00-04:00,44.650001525878906,46.75,43.970001220703125,45.040000915527344,1022700,0.0,0.0
2022-11-04 00:00:00-04:00,46.029998779296875,46.04999923706055,43.61000061035156,44.439998626708984,1541600,0.0,0.0
2022-11-07 00:00:00-05:00,44.61000061035156,44.81999969482422,42.43000030517578,42.689998626708984,1469800,0.0,0.0
2022-11-08 00:00:00-05:00,42.65999984741211,44.220001220703125,41.20000076293945,42.439998626708984,1638100,0.0,0.0
2022-11-09 00:00:00-05:00,43.7400016784668,43.93000030517578,36.099998474121094,37.06999969482422,4189000,0.0,0.0
2022-11-10 00:00:00-05:00,40.040000915527344,40.79999923706055,35.43000030517578,38.130001068115234,3480300,0.0,0.0
2022-11-11 00:00:00-05:00,37.79999923706055,41.75,37.650001525878906,40.439998626708984,2285500,0.0,0.0
2022-11-14 00:00:00-05:00,39.869998931884766,39.95500183105469,35.35499954223633,35.459999084472656,2109900,0.0,0.0
2022-11-15 00:00:00-05:00,36.189998626708984,36.97999954223633,34.00199890136719,34.16999816894531,1548900,0.0,0.0
2022-11-16 00:00:00-05:00,36.65999984741211,39.65999984741211,36.20000076293945,36.72999954223633,8988100,0.0,0.0
2022-11-17 00:00:00-05:00,35.130001068115234,37.310001373291016,35.119998931884766,35.849998474121094,3031100,0.0,0.0
2022-11-18 00:00:00-05:00,36.70000076293945,37.97999954223633,35.0,35.619998931884766,1838400,0.0,0.0
2022-11-21 00:00:00-05:00,35.34000015258789,36.369998931884766,35.0,35.290000915527344,1712900,0.0,0.0
2022-11-22 00:00:00-05:00,35.349998474121094,35.66999816894531,34.70000076293945,35.41999816894531,1869400,0.0,0.0
2022-11-23 00:00:00-05:00,35.47999954223633,37.970001220703125,35.459999084472656,37.22999954223633,1488700,0.0,0.0
2022-11-25 00:00:00-05:00,37.02000045776367,37.65999984741211,36.68000030517578,37.58000183105469,451700,0.0,0.0
2022-11-28 00:00:00-05:00,37.27000045776367,37.880001068115234,36.974998474121094,37.5099983215332,1134400,0.0,0.0
2022-11-29 00:00:00-05:00,37.72999954223633,37.83000183105469,36.58000183105469,37.189998626708984,1218200,0.0,0.0
2022-11-30 00:00:00-05:00,37.779998779296875,41.29999923706055,37.779998779296875,41.119998931884766,2447500,0.0,0.0
2022-12-01 00:00:00-05:00,40.900001525878906,41.834999084472656,40.0099983215332,41.25,1159800,0.0,0.0
2022-12-02 00:00:00-05:00,40.099998474121094,42.18000030517578,39.900001525878906,41.84000015258789,1113700,0.0,0.0
2022-12-05 00:00:00-05:00,41.61000061035156,41.61000061035156,40.0,40.38999938964844,901600,0.0,0.0
2022-12-06 00:00:00-05:00,40.279998779296875,40.470001220703125,37.86000061035156,38.79999923706055,1506400,0.0,0.0
2022-12-07 00:00:00-05:00,38.33000183105469,39.06999969482422,37.685001373291016,38.459999084472656,1193400,0.0,0.0
2022-12-08 00:00:00-05:00,38.900001525878906,39.310001373291016,37.77000045776367,38.7599983215332,1387900,0.0,0.0
2022-12-09 00:00:00-05:00,38.630001068115234,39.308998107910156,38.11000061035156,38.13999938964844,671700,0.0,0.0
2022-12-12 00:00:00-05:00,37.93000030517578,39.2400016784668,37.38999938964844,39.220001220703125,951800,0.0,0.0
2022-12-13 00:00:00-05:00,41.290000915527344,42.0,39.43000030517578,40.56999969482422,1534300,0.0,0.0
2022-12-14 00:00:00-05:00,40.5099983215332,40.529998779296875,37.81999969482422,38.93000030517578,2068600,0.0,0.0
2022-12-15 00:00:00-05:00,38.34000015258789,39.185001373291016,37.875,38.13999938964844,1251000,0.0,0.0
2022-12-16 00:00:00-05:00,37.7400016784668,43.81999969482422,36.189998626708984,43.31999969482422,6552900,0.0,0.0
2022-12-19 00:00:00-05:00,43.15999984741211,43.720001220703125,40.54999923706055,41.040000915527344,2471700,0.0,0.0
2022-12-20 00:00:00-05:00,40.88999938964844,43.04499816894531,40.86000061035156,41.619998931884766,1422700,0.0,0.0
2022-12-21 00:00:00-05:00,41.75,42.97999954223633,40.97999954223633,41.54999923706055,924900,0.0,0.0
2022-12-22 00:00:00-05:00,40.83000183105469,42.7599983215332,40.68000030517578,42.7400016784668,960100,0.0,0.0
2022-12-23 00:00:00-05:00,42.29999923706055,42.58000183105469,40.79999923706055,41.540000915527344,764100,0.0,0.0
2022-12-27 00:00:00-05:00,41.279998779296875,41.494998931884766,40.10300064086914,40.31999969482422,683700,0.0,0.0
2022-12-28 00:00:00-05:00,40.16999816894531,40.5099983215332,38.994998931884766,39.84000015258789,769800,0.0,0.0
2022-12-29 00:00:00-05:00,40.470001220703125,41.64500045776367,39.58000183105469,40.630001068115234,1187300,0.0,0.0
2022-12-30 00:00:00-05:00,39.939998626708984,40.630001068115234,39.119998931884766,40.16999816894531,651000,0.0,0.0
2023-01-03 00:00:00-05:00,40.65999984741211,41.02000045776367,38.369998931884766,38.4900016784668,1097800,0.0,0.0
2023-01-04 00:00:00-05:00,38.83000183105469,40.02000045776367,38.290000915527344,39.880001068115234,1086500,0.0,0.0
2023-01-05 00:00:00-05:00,39.34000015258789,39.849998474121094,38.0099983215332,38.7599983215332,1522500,0.0,0.0
2023-01-06 00:00:00-05:00,38.75,39.06999969482422,36.849998474121094,36.93000030517578,1324900,0.0,0.0
2023-01-09 00:00:00-05:00,37.619998931884766,38.13999938964844,36.400001525878906,36.56999969482422,1673300,0.0,0.0
2023-01-10 00:00:00-05:00,36.31999969482422,37.77000045776367,35.02000045776367,37.75,2070800,0.0,0.0
2023-01-11 00:00:00-05:00,38.0,41.619998931884766,37.27000045776367,41.25,2453200,0.0,0.0
2023-01-12 00:00:00-05:00,41.220001220703125,41.220001220703125,38.88999938964844,40.75,1551400,0.0,0.0
2023-01-13 00:00:00-05:00,39.9900016784668,41.93000030517578,39.9900016784668,41.81999969482422,1105200,0.0,0.0
2023-01-17 00:00:00-05:00,41.380001068115234,41.959999084472656,39.35499954223633,40.0,2046500,0.0,0.0
2023-01-18 00:00:00-05:00,42.13999938964844,43.599998474121094,40.81999969482422,40.97999954223633,2446100,0.0,0.0
2023-01-19 00:00:00-05:00,40.349998474121094,40.9900016784668,38.20000076293945,39.720001220703125,1197400,0.0,0.0
2023-01-20 00:00:00-05:00,39.72999954223633,40.970001220703125,39.099998474121094,40.90999984741211,1067100,0.0,0.0
2023-01-23 00:00:00-05:00,40.709999084472656,44.400001525878906,40.5099983215332,43.22999954223633,1566400,0.0,0.0
2023-01-24 00:00:00-05:00,42.560001373291016,44.189998626708984,42.400001525878906,42.939998626708984,1481800,0.0,0.0
2023-01-25 00:00:00-05:00,42.11000061035156,42.16999816894531,39.47999954223633,42.0,853100,0.0,0.0
2023-01-26 00:00:00-05:00,42.65999984741211,43.040000915527344,41.290000915527344,42.7599983215332,823300,0.0,0.0
2023-01-27 00:00:00-05:00,42.5099983215332,44.209999084472656,41.88999938964844,43.7400016784668,659200,0.0,0.0
2023-01-30 00:00:00-05:00,43.13999938964844,43.15999984741211,41.31999969482422,41.97999954223633,899400,0.0,0.0
2023-01-31 00:00:00-05:00,42.119998931884766,42.939998626708984,41.7599983215332,42.93000030517578,1142400,0.0,0.0
2023-02-01 00:00:00-05:00,43.33000183105469,44.650001525878906,42.08000183105469,43.970001220703125,1515900,0.0,0.0
2023-02-02 00:00:00-05:00,45.0,47.2599983215332,44.65999984741211,46.54999923706055,1853600,0.0,0.0
2023-02-03 00:00:00-05:00,45.439998626708984,46.20500183105469,44.4900016784668,44.790000915527344,663400,0.0,0.0
2023-02-06 00:00:00-05:00,44.27000045776367,44.75899887084961,43.31999969482422,43.779998779296875,586200,0.0,0.0
2023-02-07 00:00:00-05:00,43.790000915527344,46.11000061035156,42.84000015258789,45.91999816894531,1240300,0.0,0.0
2023-02-08 00:00:00-05:00,46.060001373291016,46.43000030517578,43.689998626708984,43.880001068115234,812900,0.0,0.0
2023-02-09 00:00:00-05:00,44.20000076293945,45.93000030517578,43.79999923706055,44.029998779296875,1320800,0.0,0.0
2023-02-10 00:00:00-05:00,43.34000015258789,44.130001068115234,42.141998291015625,42.77000045776367,1848200,0.0,0.0
2023-02-13 00:00:00-05:00,42.560001373291016,43.209999084472656,41.61000061035156,42.70000076293945,612800,0.0,0.0
2023-02-14 00:00:00-05:00,42.40999984741211,43.11000061035156,40.91999816894531,42.06999969482422,695900,0.0,0.0
2023-02-15 00:00:00-05:00,41.939998626708984,42.91999816894531,41.290000915527344,42.34000015258789,895500,0.0,0.0
2023-02-16 00:00:00-05:00,47.25,50.83000183105469,47.25,49.5099983215332,3572600,0.0,0.0
2023-02-17 00:00:00-05:00,49.400001525878906,51.529998779296875,48.69499969482422,49.91999816894531,2100400,0.0,0.0
2023-02-21 00:00:00-05:00,49.189998626708984,49.90999984741211,47.18000030517578,47.36000061035156,1077800,0.0,0.0
2023-02-22 00:00:00-05:00,47.439998626708984,48.81999969482422,46.7400016784668,47.90999984741211,910700,0.0,0.0
2023-02-23 00:00:00-05:00,47.90999984741211,48.16999816894531,46.0,47.380001068115234,1014400,0.0,0.0
2023-02-24 00:00:00-05:00,46.400001525878906,47.959999084472656,46.16999816894531,47.72999954223633,684200,0.0,0.0
2023-02-27 00:00:00-05:00,48.209999084472656,48.65999984741211,47.095001220703125,47.56999969482422,1443000,0.0,0.0
2023-02-28 00:00:00-05:00,47.34000015258789,49.775001525878906,46.994998931884766,48.54999923706055,2663900,0.0,0.0
2023-03-01 00:00:00-05:00,48.93000030517578,54.4900016784668,48.93000030517578,54.279998779296875,2984600,0.0,0.0
2023-03-02 00:00:00-05:00,53.08000183105469,56.939998626708984,52.83000183105469,56.470001220703125,3493300,0.0,0.0
2023-03-03 00:00:00-05:00,56.650001525878906,58.18000030517578,55.88199996948242,58.119998931884766,1890500,0.0,0.0
2023-03-06 00:00:00-05:00,58.290000915527344,58.70000076293945,56.5,56.72999954223633,1161900,0.0,0.0
2023-03-07 00:00:00-05:00,57.18000030517578,58.5099983215332,56.0,57.25,982800,0.0,0.0
2023-03-08 00:00:00-05:00,57.119998931884766,58.869998931884766,55.770999908447266,57.72999954223633,1422800,0.0,0.0
2023-03-09 00:00:00-05:00,58.11000061035156,59.75,57.189998626708984,57.52000045776367,1394400,0.0,0.0
2023-03-10 00:00:00-05:00,55.56999969482422,56.7400016784668,52.650001525878906,54.130001068115234,2333300,0.0,0.0
2023-03-13 00:00:00-04:00,53.34000015258789,56.25,52.4900016784668,55.18000030517578,2186700,0.0,0.0
2023-03-14 00:00:00-04:00,55.779998779296875,57.16999816894531,55.349998474121094,56.43000030517578,1116500,0.0,0.0
2023-03-15 00:00:00-04:00,55.790000915527344,57.439998626708984,55.41999816894531,57.040000915527344,1333200,0.0,0.0
2023-03-16 00:00:00-04:00,57.20000076293945,59.415000915527344,56.6349983215332,58.290000915527344,1101200,0.0,0.0
2023-03-17 00:00:00-04:00,57.97999954223633,58.013999938964844,56.34000015258789,56.630001068115234,1966300,0.0,0.0
2023-03-20 00:00:00-04:00,56.5,57.06800079345703,55.15999984741211,56.2599983215332,1090100,0.0,0.0
2023-03-21 00:00:00-04:00,56.630001068115234,57.59000015258789,56.0,56.630001068115234,1204400,0.0,0.0
2023-03-22 00:00:00-04:00,56.630001068115234,57.415000915527344,55.439998626708984,55.68000030517578,1352000,0.0,0.0
2023-03-23 00:00:00-04:00,56.08000183105469,56.81999969482422,55.060001373291016,55.70000076293945,750600,0.0,0.0
2023-03-24 00:00:00-04:00,55.09000015258789,56.720001220703125,54.31999969482422,56.650001525878906,929500,0.0,0.0
2023-03-27 00:00:00-04:00,56.709999084472656,57.45000076293945,55.540000915527344,55.9900016784668,679700,0.0,0.0
2023-03-28 00:00:00-04:00,55.79999923706055,55.88999938964844,54.060001373291016,54.150001525878906,887300,0.0,0.0
2023-03-29 00:00:00-04:00,55.0,57.415000915527344,54.529998779296875,56.900001525878906,1281100,0.0,0.0
2023-03-30 00:00:00-04:00,57.209999084472656,57.310001373291016,51.755001068115234,54.2599983215332,1978700,0.0,0.0
2023-03-31 00:00:00-04:00,54.459999084472656,56.255001068115234,53.900001525878906,55.52000045776367,963900,0.0,0.0
2023-04-03 00:00:00-04:00,54.720001220703125,54.790000915527344,53.099998474121094,54.27000045776367,1011400,0.0,0.0
2023-04-04 00:00:00-04:00,54.709999084472656,55.150001525878906,53.40999984741211,53.72999954223633,675500,0.0,0.0
2023-04-05 00:00:00-04:00,53.130001068115234,53.83000183105469,52.7400016784668,53.0,1291900,0.0,0.0
2023-04-06 00:00:00-04:00,52.720001220703125,52.77000045776367,51.56999969482422,51.90999984741211,3914300,0.0,0.0
2023-04-10 00:00:00-04:00,51.59000015258789,52.244998931884766,50.7599983215332,51.470001220703125,1591500,0.0,0.0
2023-04-11 00:00:00-04:00,51.54999923706055,52.76499938964844,51.41999816894531,51.970001220703125,842100,0.0,0.0
2023-04-12 00:00:00-04:00,52.58000183105469,53.310001373291016,50.34000015258789,51.16999816894531,916300,0.0,0.0
2023-04-13 00:00:00-04:00,51.470001220703125,52.400001525878906,51.31999969482422,52.04999923706055,1312300,0.0,0.0
2023-04-14 00:00:00-04:00,51.599998474121094,52.595001220703125,51.15999984741211,51.400001525878906,829700,0.0,0.0
2023-04-17 00:00:00-04:00,51.59000015258789,51.59000015258789,50.81999969482422,51.0,809200,0.0,0.0
2023-04-18 00:00:00-04:00,51.36000061035156,51.36000061035156,49.75,50.209999084472656,939700,0.0,0.0
2023-04-19 00:00:00-04:00,49.52000045776367,53.18000030517578,49.31999969482422,53.130001068115234,1138900,0.0,0.0
2023-04-20 00:00:00-04:00,52.470001220703125,54.33000183105469,51.849998474121094,54.2400016784668,1522400,0.0,0.0
2023-04-21 00:00:00-04:00,54.27000045776367,55.72999954223633,54.18000030517578,55.15999984741211,1086700,0.0,0.0
2023-04-24 00:00:00-04:00,54.900001525878906,56.060001373291016,52.880001068115234,53.0,1159300,0.0,0.0
2023-04-25 00:00:00-04:00,52.709999084472656,52.88999938964844,50.45199966430664,50.689998626708984,784200,0.0,0.0
2023-04-26 00:00:00-04:00,50.54999923706055,50.63999938964844,49.369998931884766,49.77000045776367,785400,0.0,0.0
2023-04-27 00:00:00-04:00,49.84000015258789,50.38999938964844,49.380001068115234,50.22999954223633,873300,0.0,0.0
2023-04-28 00:00:00-04:00,49.880001068115234,51.540000915527344,49.619998931884766,50.720001220703125,728800,0.0,0.0
2023-05-01 00:00:00-04:00,50.689998626708984,52.7599983215332,50.32600021362305,52.47999954223633,1001800,0.0,0.0
2023-05-02 00:00:00-04:00,52.33000183105469,52.630001068115234,50.1349983215332,50.31999969482422,1106100,0.0,0.0
2023-05-03 00:00:00-04:00,50.599998474121094,52.790000915527344,50.33000183105469,52.13999938964844,1059300,0.0,0.0
2023-05-04 00:00:00-04:00,52.16999816894531,53.099998474121094,51.45000076293945,52.93000030517578,1129100,0.0,0.0
2023-05-05 00:00:00-04:00,54.0,55.0099983215332,53.29499816894531,54.099998474121094,915900,0.0,0.0
2023-05-08 00:00:00-04:00,54.060001373291016,54.2599983215332,52.34000015258789,53.099998474121094,1434500,0.0,0.0
2023-05-09 00:00:00-04:00,52.40999984741211,53.68000030517578,51.665000915527344,53.0,1450700,0.0,0.0
2023-05-10 00:00:00-04:00,54.38999938964844,55.20000076293945,50.54999923706055,51.209999084472656,2173600,0.0,0.0
2023-05-11 00:00:00-04:00,51.369998931884766,52.720001220703125,50.86000061035156,51.619998931884766,1125900,0.0,0.0
2023-05-12 00:00:00-04:00,51.72999954223633,51.790000915527344,50.14500045776367,51.099998474121094,896500,0.0,0.0
2023-05-15 00:00:00-04:00,51.099998474121094,52.97999954223633,50.689998626708984,52.16999816894531,1051200,0.0,0.0
2023-05-16 00:00:00-04:00,51.27000045776367,51.27000045776367,48.939998626708984,51.0,1474300,0.0,0.0
2023-05-17 00:00:00-04:00,51.22999954223633,51.52000045776367,49.18000030517578,49.63999938964844,849400,0.0,0.0
2023-05-18 00:00:00-04:00,49.220001220703125,50.75,48.7599983215332,49.63999938964844,872200,0.0,0.0
2023-05-19 00:00:00-04:00,49.68000030517578,50.845001220703125,49.119998931884766,50.72999954223633,693400,0.0,0.0
2023-05-22 00:00:00-04:00,50.81999969482422,53.775001525878906,50.779998779296875,53.08000183105469,943500,0.0,0.0
2023-05-23 00:00:00-04:00,53.060001373291016,53.689998626708984,51.279998779296875,51.91999816894531,951400,0.0,0.0
2023-05-24 00:00:00-04:00,51.439998626708984,51.439998626708984,49.540000915527344,50.880001068115234,818100,0.0,0.0
2023-05-25 00:00:00-04:00,51.0,51.0,47.33000183105469,48.2400016784668,1094300,0.0,0.0
2023-05-26 00:00:00-04:00,48.4900016784668,49.720001220703125,48.31999969482422,48.619998931884766,912000,0.0,0.0
2023-05-30 00:00:00-04:00,48.68000030517578,49.25,46.90999984741211,47.08000183105469,659500,0.0,0.0
2023-05-31 00:00:00-04:00,47.08000183105469,48.189998626708984,46.66999816894531,47.11000061035156,811800,0.0,0.0
2023-06-01 00:00:00-04:00,46.9900016784668,49.54999923706055,46.650001525878906,49.290000915527344,895800,0.0,0.0
2023-06-02 00:00:00-04:00,49.81999969482422,50.01499938964844,48.220001220703125,48.810001373291016,786800,0.0,0.0
2023-06-05 00:00:00-04:00,48.52000045776367,48.720001220703125,46.31999969482422,47.75,1555100,0.0,0.0
2023-06-06 00:00:00-04:00,47.75,48.5,47.08000183105469,48.33000183105469,981800,0.0,0.0
2023-06-07 00:00:00-04:00,48.189998626708984,50.290000915527344,48.13999938964844,49.560001373291016,832100,0.0,0.0
2023-06-08 00:00:00-04:00,49.369998931884766,49.525001525878906,47.86000061035156,48.81999969482422,843900,0.0,0.0
2023-06-09 00:00:00-04:00,49.119998931884766,49.349998474121094,47.650001525878906,48.380001068115234,670100,0.0,0.0
2023-06-12 00:00:00-04:00,49.099998474121094,50.18000030517578,48.345001220703125,49.470001220703125,709100,0.0,0.0
2023-06-13 00:00:00-04:00,49.63999938964844,50.81999969482422,49.56999969482422,50.720001220703125,672300,0.0,0.0
2023-06-14 00:00:00-04:00,50.95000076293945,51.2599983215332,49.56999969482422,50.470001220703125,1420400,0.0,0.0
2023-06-15 00:00:00-04:00,50.040000915527344,51.2599983215332,48.70000076293945,50.720001220703125,1453800,0.0,0.0
2023-06-16 00:00:00-04:00,51.099998474121094,51.5,49.880001068115234,50.25,2237300,0.0,0.0
2023-06-20 00:00:00-04:00,49.63999938964844,52.220001220703125,49.18000030517578,52.099998474121094,1146100,0.0,0.0
2023-06-21 00:00:00-04:00,52.0099983215332,53.5099983215332,51.31999969482422,52.68000030517578,1167000,0.0,0.0
2023-06-22 00:00:00-04:00,52.560001373291016,53.33000183105469,51.005001068115234,53.029998779296875,797300,0.0,0.0
2023-06-23 00:00:00-04:00,52.650001525878906,52.810001373291016,51.290000915527344,51.369998931884766,1664100,0.0,0.0
2023-06-26 00:00:00-04:00,51.09000015258789,51.09000015258789,48.90999984741211,49.849998474121094,1200700,0.0,0.0
2023-06-27 00:00:00-04:00,49.939998626708984,50.81999969482422,48.76499938964844,50.790000915527344,1086100,0.0,0.0
2023-06-28 00:00:00-04:00,50.72999954223633,51.55500030517578,50.04999923706055,51.47999954223633,989600,0.0,0.0
2023-06-29 00:00:00-04:00,50.41999816894531,51.45000076293945,48.41999816894531,49.029998779296875,1253700,0.0,0.0
2023-06-30 00:00:00-04:00,49.72999954223633,50.47999954223633,48.54999923706055,48.65999984741211,1188400,0.0,0.0
2023-07-03 00:00:00-04:00,48.630001068115234,49.119998931884766,47.79600143432617,48.75,494900,0.0,0.0
2023-07-05 00:00:00-04:00,48.52000045776367,48.810001373291016,47.095001220703125,48.04999923706055,773700,0.0,0.0
2023-07-06 00:00:00-04:00,47.41999816894531,47.5,46.439998626708984,47.099998474121094,908100,0.0,0.0
2023-07-07 00:00:00-04:00,46.9900016784668,47.59000015258789,46.189998626708984,46.88999938964844,993300,0.0,0.0
2023-07-10 00:00:00-04:00,46.7400016784668,49.11000061035156,46.63999938964844,48.310001373291016,980900,0.0,0.0
2023-07-11 00:00:00-04:00,48.06999969482422,49.369998931884766,47.900001525878906,49.0,682700,0.0,0.0
2023-07-12 00:00:00-04:00,49.720001220703125,51.15999984741211,49.43000030517578,51.119998931884766,752400,0.0,0.0
2023-07-13 00:00:00-04:00,51.25,51.70000076293945,50.689998626708984,50.790000915527344,822800,0.0,0.0
2023-07-14 00:00:00-04:00,50.79999923706055,51.03499984741211,49.189998626708984,49.560001373291016,587200,0.0,0.0
2023-07-17 00:00:00-04:00,49.380001068115234,50.099998474121094,48.75,49.25,500900,0.0,0.0
2023-07-18 00:00:00-04:00,49.189998626708984,49.439998626708984,48.40999984741211,48.66999816894531,429500,0.0,0.0
2023-07-19 00:00:00-04:00,49.099998474121094,50.45000076293945,48.220001220703125,48.33000183105469,894500,0.0,0.0
2023-07-20 00:00:00-04:00,48.20000076293945,48.880001068115234,47.44499969482422,47.47999954223633,648400,0.0,0.0
2023-07-21 00:00:00-04:00,47.560001373291016,49.599998474121094,46.959999084472656,49.310001373291016,675800,0.0,0.0
2023-07-24 00:00:00-04:00,48.970001220703125,49.119998931884766,46.75,46.790000915527344,1094500,0.0,0.0
2023-07-25 00:00:00-04:00,46.58000183105469,47.849998474121094,46.58000183105469,47.09000015258789,547800,0.0,0.0
2023-07-26 00:00:00-04:00,46.81999969482422,47.150001525878906,46.13999938964844,47.119998931884766,435500,0.0,0.0
2023-07-27 00:00:00-04:00,47.70000076293945,47.88999938964844,44.91999816894531,45.31999969482422,1130100,0.0,0.0
2023-07-28 00:00:00-04:00,46.04999923706055,46.474998474121094,45.400001525878906,45.880001068115234,702700,0.0,0.0
2023-07-31 00:00:00-04:00,45.90999984741211,45.91999816894531,44.61000061035156,45.220001220703125,925800,0.0,0.0
2023-08-01 00:00:00-04:00,45.029998779296875,45.66999816894531,44.54999923706055,45.36000061035156,898100,0.0,0.0
2023-08-02 00:00:00-04:00,44.599998474121094,44.92499923706055,43.540000915527344,43.93000030517578,896700,0.0,0.0
2023-08-03 00:00:00-04:00,43.83000183105469,44.34000015258789,43.189998626708984,43.400001525878906,1544100,0.0,0.0
2023-08-04 00:00:00-04:00,49.4900016784668,52.54999923706055,49.185001373291016,51.02000045776367,2889100,0.0,0.0
2023-08-07 00:00:00-04:00,50.7400016784668,51.18000030517578,48.48500061035156,51.02000045776367,2058500,0.0,0.0
2023-08-08 00:00:00-04:00,51.369998931884766,53.41999816894531,50.07500076293945,52.720001220703125,1977800,0.0,0.0
2023-08-09 00:00:00-04:00,52.90999984741211,53.018001556396484,51.505001068115234,52.25,1354000,0.0,0.0
2023-08-10 00:00:00-04:00,52.439998626708984,54.21500015258789,52.22999954223633,53.34000015258789,961700,0.0,0.0
2023-08-11 00:00:00-04:00,53.58000183105469,56.58000183105469,53.2599983215332,56.209999084472656,2269500,0.0,0.0
2023-08-14 00:00:00-04:00,55.58000183105469,57.22999954223633,55.38999938964844,56.90999984741211,1162100,0.0,0.0
2023-08-15 00:00:00-04:00,56.38999938964844,56.470001220703125,54.709999084472656,54.81999969482422,1062200,0.0,0.0
2023-08-16 00:00:00-04:00,54.939998626708984,55.09000015258789,53.040000915527344,53.310001373291016,740700,0.0,0.0
2023-08-17 00:00:00-04:00,53.38999938964844,53.400001525878906,51.869998931884766,51.970001220703125,540600,0.0,0.0
2023-08-18 00:00:00-04:00,51.369998931884766,53.06999969482422,51.189998626708984,52.599998474121094,711400,0.0,0.0
2023-08-21 00:00:00-04:00,52.22999954223633,55.5,52.12200164794922,54.91999816894531,906700,0.0,0.0
2023-08-22 00:00:00-04:00,55.0,55.18000030517578,53.5,53.75,520700,0.0,0.0
2023-08-23 00:00:00-04:00,54.310001373291016,55.474998474121094,53.917999267578125,55.11000061035156,671000,0.0,0.0
2023-08-24 00:00:00-04:00,55.11000061035156,56.790000915527344,54.279998779296875,55.45000076293945,1070700,0.0,0.0
2023-08-25 00:00:00-04:00,55.25,58.08399963378906,55.150001525878906,57.380001068115234,870400,0.0,0.0
2023-08-28 00:00:00-04:00,57.34000015258789,57.380001068115234,55.349998474121094,55.5099983215332,608700,0.0,0.0
2023-08-29 00:00:00-04:00,55.36000061035156,56.599998474121094,54.70000076293945,55.88999938964844,426000,0.0,0.0
2023-08-30 00:00:00-04:00,55.66999816894531,59.88999938964844,55.54999923706055,59.099998474121094,887300,0.0,0.0
2023-08-31 00:00:00-04:00,59.2599983215332,59.65999984741211,58.15999984741211,58.72999954223633,1102300,0.0,0.0
2023-09-01 00:00:00-04:00,59.47999954223633,63.0,59.47999954223633,62.52000045776367,1642600,0.0,0.0
2023-09-05 00:00:00-04:00,62.15999984741211,62.15999984741211,58.459999084472656,59.43000030517578,1156600,0.0,0.0
2023-09-06 00:00:00-04:00,59.650001525878906,59.71500015258789,57.06999969482422,58.0,1177800,0.0,0.0
2023-09-07 00:00:00-04:00,56.36000061035156,56.9900016784668,54.869998931884766,55.25,3183100,0.0,0.0
2023-09-08 00:00:00-04:00,55.5,55.5,53.88999938964844,54.20000076293945,1399900,0.0,0.0
2023-09-11 00:00:00-04:00,54.130001068115234,55.18000030517578,53.31999969482422,54.59000015258789,891800,0.0,0.0
2023-09-12 00:00:00-04:00,54.25,55.0,53.68000030517578,54.56999969482422,588900,0.0,0.0
2023-09-13 00:00:00-04:00,54.38999938964844,56.04999923706055,53.84000015258789,55.5,1300100,0.0,0.0
2023-09-14 00:00:00-04:00,55.68000030517578,55.90999984741211,52.470001220703125,52.61000061035156,1374600,0.0,0.0
2023-09-15 00:00:00-04:00,52.540000915527344,52.6150016784668,51.150001525878906,51.5,1752200,0.0,0.0
2023-09-18 00:00:00-04:00,51.5,51.599998474121094,50.310001373291016,51.060001373291016,997300,0.0,0.0
2023-09-19 00:00:00-04:00,51.099998474121094,51.119998931884766,49.709999084472656,50.529998779296875,1370900,0.0,0.0
2023-09-20 00:00:00-04:00,51.029998779296875,51.310001373291016,48.880001068115234,49.15999984741211,1076600,0.0,0.0
2023-09-21 00:00:00-04:00,48.439998626708984,48.68000030517578,46.5,47.290000915527344,1617900,0.0,0.0
2023-09-22 00:00:00-04:00,47.400001525878906,47.599998474121094,45.7400016784668,45.81999969482422,1040000,0.0,0.0
2023-09-25 00:00:00-04:00,45.75,46.15999984741211,44.93000030517578,45.20000076293945,819100,0.0,0.0
2023-09-26 00:00:00-04:00,44.68000030517578,45.540000915527344,44.64500045776367,44.970001220703125,1012400,0.0,0.0
2023-09-27 00:00:00-04:00,45.20000076293945,47.06999969482422,45.20000076293945,46.619998931884766,1469700,0.0,0.0
2023-09-28 00:00:00-04:00,46.41999816894531,46.540000915527344,45.209999084472656,45.31999969482422,1362700,0.0,0.0
2023-09-29 00:00:00-04:00,45.7599983215332,46.54999923706055,43.439998626708984,44.25,1625600,0.0,0.0
2023-10-02 00:00:00-04:00,43.630001068115234,44.23400115966797,43.0,43.68000030517578,1284700,0.0,0.0
2023-10-03 00:00:00-04:00,43.54999923706055,43.9900016784668,43.02000045776367,43.95000076293945,1368900,0.0,0.0
2023-10-04 00:00:00-04:00,44.25,44.35499954223633,42.119998931884766,43.15999984741211,1833800,0.0,0.0
2023-10-05 00:00:00-04:00,43.16999816894531,43.630001068115234,42.31999969482422,43.11000061035156,1226900,0.0,0.0
2023-10-06 00:00:00-04:00,42.15999984741211,44.12300109863281,42.0099983215332,43.54999923706055,863200,0.0,0.0
2023-10-09 00:00:00-04:00,43.02000045776367,43.540000915527344,42.27000045776367,43.0099983215332,940000,0.0,0.0
2023-10-10 00:00:00-04:00,43.040000915527344,46.11000061035156,42.62900161743164,45.88999938964844,1866200,0.0,0.0
2023-10-11 00:00:00-04:00,46.04999923706055,46.47999954223633,44.369998931884766,44.810001373291016,1332700,0.0,0.0
2023-10-12 00:00:00-04:00,44.779998779296875,45.375,38.75,39.38999938964844,2626600,0.0,0.0
2023-10-13 00:00:00-04:00,39.540000915527344,42.0099983215332,38.470001220703125,41.540000915527344,2103900,0.0,0.0
2023-10-16 00:00:00-04:00,41.2400016784668,42.474998474121094,40.13999938964844,42.33000183105469,1573600,0.0,0.0
2023-10-17 00:00:00-04:00,41.869998931884766,43.415000915527344,41.869998931884766,42.5,1014600,0.0,0.0
2023-10-18 00:00:00-04:00,42.38999938964844,42.38999938964844,40.83000183105469,41.880001068115234,857800,0.0,0.0
2023-10-19 00:00:00-04:00,41.599998474121094,42.11000061035156,41.09000015258789,41.43000030517578,697800,0.0,0.0
2023-10-20 00:00:00-04:00,41.66999816894531,41.66999816894531,40.68000030517578,40.7599983215332,461400,0.0,0.0
2023-10-23 00:00:00-04:00,40.36000061035156,41.189998626708984,39.44499969482422,40.08000183105469,718600,0.0,0.0
2023-10-24 00:00:00-04:00,40.349998474121094,41.32500076293945,40.18000030517578,40.790000915527344,993000,0.0,0.0
2023-10-25 00:00:00-04:00,39.81999969482422,40.61000061035156,38.83000183105469,40.060001373291016,1046600,0.0,0.0
2023-10-26 00:00:00-04:00,40.08000183105469,40.560001373291016,38.810001373291016,39.04999923706055,1229200,0.0,0.0
2023-10-27 00:00:00-04:00,39.459999084472656,39.459999084472656,37.875,38.2599983215332,803200,0.0,0.0
2023-10-30 00:00:00-04:00,38.349998474121094,38.630001068115234,36.900001525878906,37.54999923706055,1199400,0.0,0.0
2023-10-31 00:00:00-04:00,37.68000030517578,39.599998474121094,37.665000915527344,39.470001220703125,867900,0.0,0.0
2023-11-01 00:00:00-04:00,38.880001068115234,39.73500061035156,38.0,39.689998626708984,873400,0.0,0.0
2023-11-02 00:00:00-04:00,40.529998779296875,41.56999969482422,40.165000915527344,40.54999923706055,940600,0.0,0.0
2023-11-03 00:00:00-04:00,40.939998626708984,42.9900016784668,40.939998626708984,42.7400016784668,993700,0.0,0.0
2023-11-06 00:00:00-05:00,42.290000915527344,43.380001068115234,42.119998931884766,43.099998474121094,1788200,0.0,0.0
2023-11-07 00:00:00-05:00,43.380001068115234,44.59000015258789,42.75,43.63999938964844,1418300,0.0,0.0
2023-11-08 00:00:00-05:00,43.599998474121094,43.599998474121094,40.61000061035156,41.34000015258789,1994500,0.0,0.0
2023-11-09 00:00:00-05:00,47.5,48.59000015258789,45.099998474121094,45.38999938964844,3587400,0.0,0.0
2023-11-10 00:00:00-05:00,45.459999084472656,47.44499969482422,44.77000045776367,46.7400016784668,1404700,0.0,0.0
2023-11-13 00:00:00-05:00,48.18000030517578,48.9900016784668,46.959999084472656,48.540000915527344,1797200,0.0,0.0
2023-11-14 00:00:00-05:00,49.970001220703125,52.16999816894531,49.970001220703125,52.119998931884766,1711500,0.0,0.0
2023-11-15 00:00:00-05:00,52.189998626708984,54.15999984741211,52.03499984741211,52.970001220703125,1227900,0.0,0.0
2023-11-16 00:00:00-05:00,52.63999938964844,53.35499954223633,52.01499938964844,52.810001373291016,822200,0.0,0.0
2023-11-17 00:00:00-05:00,53.63999938964844,54.11000061035156,53.060001373291016,53.52000045776367,872100,0.0,0.0
2023-11-20 00:00:00-05:00,53.52000045776367,55.20500183105469,53.310001373291016,54.790000915527344,955700,0.0,0.0
2023-11-21 00:00:00-05:00,54.13999938964844,54.61000061035156,53.720001220703125,53.95000076293945,979600,0.0,0.0
2023-11-22 00:00:00-05:00,54.72999954223633,55.2400016784668,54.2599983215332,54.650001525878906,1222600,0.0,0.0
2023-11-24 00:00:00-05:00,54.189998626708984,55.79499816894531,53.61800003051758,55.0,425000,0.0,0.0
2023-11-27 00:00:00-05:00,54.459999084472656,55.32500076293945,54.202999114990234,55.040000915527344,880800,0.0,0.0
2023-11-28 00:00:00-05:00,54.75,55.189998626708984,53.880001068115234,55.0099983215332,787200,0.0,0.0
2023-11-29 00:00:00-05:00,55.20000076293945,57.31999969482422,55.20000076293945,56.63999938964844,1339100,0.0,0.0
2023-11-30 00:00:00-05:00,56.970001220703125,58.560001373291016,55.790000915527344,55.95000076293945,1962200,0.0,0.0
2023-12-01 00:00:00-05:00,56.04999923706055,58.790000915527344,55.630001068115234,58.459999084472656,2471700,0.0,0.0
2023-12-04 00:00:00-05:00,58.040000915527344,59.369998931884766,57.86000061035156,59.310001373291016,2188500,0.0,0.0
2023-12-05 00:00:00-05:00,57.970001220703125,58.720001220703125,56.900001525878906,58.279998779296875,1317200,0.0,0.0
2023-12-06 00:00:00-05:00,58.90999984741211,59.17499923706055,57.65999984741211,57.900001525878906,826600,0.0,0.0
2023-12-07 00:00:00-05:00,58.0099983215332,58.060001373291016,56.84000015258789,57.939998626708984,678700,0.0,0.0
2023-12-08 00:00:00-05:00,57.52000045776367,58.65999984741211,57.02000045776367,58.150001525878906,942000,0.0,0.0
2023-12-11 00:00:00-05:00,57.91999816894531,57.91999816894531,55.560001373291016,56.70000076293945,1409000,0.0,0.0
2023-12-12 00:00:00-05:00,57.70000076293945,58.775001525878906,56.0,58.52000045776367,1103700,0.0,0.0
2023-12-13 00:00:00-05:00,58.560001373291016,60.650001525878906,58.13999938964844,60.08000183105469,2221100,0.0,0.0
2023-12-14 00:00:00-05:00,60.47999954223633,62.70000076293945,60.060001373291016,60.27000045776367,2765200,0.0,0.0
2023-12-15 00:00:00-05:00,60.0,60.185001373291016,58.36000061035156,59.0099983215332,2356700,0.0,0.0
2023-12-18 00:00:00-05:00,58.95000076293945,59.279998779296875,57.4900016784668,57.54999923706055,1251200,0.0,0.0
2023-12-19 00:00:00-05:00,58.099998474121094,59.58000183105469,58.02000045776367,59.27000045776367,1684800,0.0,0.0
2023-12-20 00:00:00-05:00,59.0,59.7400016784668,57.220001220703125,57.279998779296875,1209700,0.0,0.0
2023-12-21 00:00:00-05:00,58.209999084472656,61.33000183105469,58.209999084472656,60.290000915527344,1748100,0.0,0.0
2023-12-22 00:00:00-05:00,60.29999923706055,61.70500183105469,60.029998779296875,60.84000015258789,673600,0.0,0.0
2023-12-26 00:00:00-05:00,61.16999816894531,61.81999969482422,60.630001068115234,61.16999816894531,480700,0.0,0.0
2023-12-27 00:00:00-05:00,61.099998474121094,62.040000915527344,61.09000015258789,61.220001220703125,683100,0.0,0.0
2023-12-28 00:00:00-05:00,61.9900016784668,63.939998626708984,61.57500076293945,62.040000915527344,1697200,0.0,0.0
2023-12-29 00:00:00-05:00,62.290000915527344,62.779998779296875,61.720001220703125,62.63999938964844,1292900,0.0,0.0
2024-01-02 00:00:00-05:00,61.68000030517578,63.38999938964844,61.68000030517578,61.91999816894531,844200,0.0,0.0
2024-01-03 00:00:00-05:00,61.25,61.25,58.75,59.209999084472656,1214400,0.0,0.0
2024-01-04 00:00:00-05:00,59.06999969482422,60.0,58.625,59.689998626708984,1824100,0.0,0.0
2024-01-05 00:00:00-05:00,59.36000061035156,62.599998474121094,58.529998779296875,62.22999954223633,1101900,0.0,0.0
2024-01-08 00:00:00-05:00,61.810001373291016,65.0999984741211,61.16999816894531,64.8499984741211,1282800,0.0,0.0
2024-01-09 00:00:00-05:00,64.6500015258789,68.0999984741211,63.79999923706055,66.0999984741211,2865500,0.0,0.0
2024-01-10 00:00:00-05:00,66.27999877929688,66.7699966430664,62.650001525878906,63.88999938964844,1557700,0.0,0.0
2024-01-11 00:00:00-05:00,63.41999816894531,63.52000045776367,62.084999084472656,63.0099983215332,1466100,0.0,0.0
2024-01-12 00:00:00-05:00,63.47999954223633,63.959999084472656,60.290000915527344,60.88999938964844,1274700,0.0,0.0
2024-01-16 00:00:00-05:00,60.29999923706055,62.91999816894531,59.79999923706055,62.90999984741211,1010500,0.0,0.0
2024-01-17 00:00:00-05:00,68.23999786376953,68.58999633789062,64.57599639892578,67.5,3808800,0.0,0.0
2024-01-18 00:00:00-05:00,67.88999938964844,68.22000122070312,65.93000030517578,67.55999755859375,2105800,0.0,0.0
2024-01-19 00:00:00-05:00,68.2300033569336,68.2300033569336,66.12999725341797,66.62999725341797,2693100,0.0,0.0
2024-01-22 00:00:00-05:00,68.16000366210938,68.9219970703125,65.94999694824219,66.68000030517578,1374800,0.0,0.0
2024-01-23 00:00:00-05:00,66.80999755859375,67.375,65.26000213623047,66.5199966430664,1068000,0.0,0.0
2024-01-24 00:00:00-05:00,67.0,67.19499969482422,65.31999969482422,65.61000061035156,676400,0.0,0.0
2024-01-25 00:00:00-05:00,66.0,66.41999816894531,63.970001220703125,64.62000274658203,996400,0.0,0.0
2024-01-26 00:00:00-05:00,64.70999908447266,66.12999725341797,64.0,65.44000244140625,957400,0.0,0.0
2024-01-29 00:00:00-05:00,65.1500015258789,66.47000122070312,62.959999084472656,66.41000366210938,2619300,0.0,0.0
2024-01-30 00:00:00-05:00,65.69999694824219,66.83499908447266,65.16999816894531,66.0,930700,0.0,0.0
2024-01-31 00:00:00-05:00,65.5,66.94000244140625,65.5,65.94000244140625,1423700,0.0,0.0
2024-02-01 00:00:00-05:00,66.58000183105469,68.61000061035156,66.0,68.19000244140625,1849300,0.0,0.0
2024-02-02 00:00:00-05:00,67.27999877929688,68.06999969482422,64.73999786376953,67.7300033569336,1034400,0.0,0.0
2024-02-05 00:00:00-05:00,67.12999725341797,68.97000122070312,66.68000030517578,68.81999969482422,886600,0.0,0.0
2024-02-06 00:00:00-05:00,68.87999725341797,70.4000015258789,68.30000305175781,70.22000122070312,1264500,0.0,0.0
2024-02-07 00:00:00-05:00,70.33000183105469,71.29000091552734,69.83000183105469,69.91999816894531,1510500,0.0,0.0
2024-02-08 00:00:00-05:00,69.81999969482422,70.4749984741211,69.16999816894531,69.6500015258789,685100,0.0,0.0
2024-02-09 00:00:00-05:00,69.3499984741211,70.29000091552734,69.3499984741211,69.73999786376953,605100,0.0,0.0
2024-02-12 00:00:00-05:00,69.30999755859375,71.12999725341797,69.30999755859375,70.97000122070312,813700,0.0,0.0
2024-02-13 00:00:00-05:00,68.41000366210938,70.0,67.33000183105469,68.4000015258789,1505300,0.0,0.0
2024-02-14 00:00:00-05:00,69.13999938964844,70.08499908447266,68.73999786376953,69.66999816894531,1176800,0.0,0.0
2024-02-15 00:00:00-05:00,69.94000244140625,70.66500091552734,68.7300033569336,69.69999694824219,905800,0.0,0.0
2024-02-16 00:00:00-05:00,68.87999725341797,70.23999786376953,68.08000183105469,70.01000213623047,1500000,0.0,0.0
2024-02-20 00:00:00-05:00,68.70999908447266,70.63999938964844,68.02999877929688,70.41000366210938,978400,0.0,0.0
2024-02-21 00:00:00-05:00,70.41000366210938,70.95999908447266,69.13999938964844,69.76000213623047,781000,0.0,0.0
2024-02-22 00:00:00-05:00,70.02999877929688,71.73500061035156,69.73999786376953,71.1500015258789,933400,0.0,0.0
2024-02-23 00:00:00-05:00,71.5199966430664,71.73999786376953,69.90499877929688,70.45999908447266,564900,0.0,0.0
2024-02-26 00:00:00-05:00,71.0,74.79000091552734,70.70999908447266,74.19000244140625,1751700,0.0,0.0
2024-02-27 00:00:00-05:00,74.30000305175781,76.56999969482422,73.93000030517578,76.16000366210938,2305600,0.0,0.0
2024-02-28 00:00:00-05:00,75.79000091552734,76.93000030517578,75.18499755859375,76.55000305175781,2350700,0.0,0.0
2024-02-29 00:00:00-05:00,85.7300033569336,90.5999984741211,83.7699966430664,86.48999786376953,3878700,0.0,0.0
2024-03-01 00:00:00-05:00,86.73999786376953,90.37999725341797,86.61000061035156,89.41000366210938,3069300,0.0,0.0
2024-03-04 00:00:00-05:00,90.05000305175781,90.9000015258789,87.72000122070312,90.20999908447266,1732300,0.0,0.0
2024-03-05 00:00:00-05:00,89.2699966430664,89.95999908447266,86.1500015258789,87.62000274658203,1971900,0.0,0.0
2024-03-06 00:00:00-05:00,88.04000091552734,91.12000274658203,87.95500183105469,90.22000122070312,1431400,0.0,0.0
2024-03-07 00:00:00-05:00,90.25,91.98999786376953,89.26000213623047,91.66000366210938,1308500,0.0,0.0
2024-03-08 00:00:00-05:00,92.13999938964844,93.4800033569336,87.62000274658203,89.05999755859375,1068000,0.0,0.0
2024-03-11 00:00:00-04:00,89.06999969482422,90.83999633789062,87.9000015258789,89.27999877929688,1714600,0.0,0.0
2024-03-12 00:00:00-04:00,89.33999633789062,90.83999633789062,88.51000213623047,90.80999755859375,1509800,0.0,0.0
2024-03-13 00:00:00-04:00,90.7699966430664,91.9800033569336,88.5199966430664,88.95999908447266,863100,0.0,0.0
2024-03-14 00:00:00-04:00,88.5,89.16500091552734,86.51000213623047,87.70999908447266,1420100,0.0,0.0
2024-03-15 00:00:00-04:00,87.44000244140625,89.9749984741211,87.3499984741211,89.5199966430664,2078000,0.0,0.0
2024-03-18 00:00:00-04:00,89.69000244140625,91.0,88.69999694824219,90.12000274658203,840300,0.0,0.0
2024-03-19 00:00:00-04:00,89.37000274658203,91.67500305175781,88.0,91.26000213623047,757700,0.0,0.0
2024-03-20 00:00:00-04:00,91.18000030517578,93.45999908447266,90.30000305175781,92.9000015258789,6147000,0.0,0.0
2024-03-21 00:00:00-04:00,93.47000122070312,96.23999786376953,91.81999969482422,91.87000274658203,1517000,0.0,0.0
2024-03-22 00:00:00-04:00,92.30999755859375,92.8550033569336,91.13999938964844,92.31999969482422,452400,0.0,0.0
2024-03-25 00:00:00-04:00,92.0,93.0,91.09500122070312,91.38999938964844,1066900,0.0,0.0
2024-03-26 00:00:00-04:00,92.55999755859375,92.62000274658203,89.91000366210938,90.0,1391400,0.0,0.0
2024-03-27 00:00:00-04:00,90.4000015258789,90.8550033569336,87.88999938964844,90.45999908447266,1617200,0.0,0.0
2024-03-28 00:00:00-04:00,90.12999725341797,92.41999816894531,89.19999694824219,91.45999908447266,971300,0.0,0.0
2024-04-01 00:00:00-04:00,90.91000366210938,93.5,89.5199966430664,92.95999908447266,1092700,0.0,0.0
2024-04-02 00:00:00-04:00,91.8499984741211,92.8499984741211,89.94999694824219,91.91000366210938,972600,0.0,0.0
2024-04-03 00:00:00-04:00,91.29000091552734,93.91999816894531,91.08999633789062,92.61000061035156,1282200,0.0,0.0
2024-04-04 00:00:00-04:00,92.70999908447266,96.80000305175781,92.12999725341797,92.36000061035156,1977300,0.0,0.0
2024-04-05 00:00:00-04:00,94.62000274658203,98.81999969482422,94.43000030517578,96.75,1540900,0.0,0.0
2024-04-08 00:00:00-04:00,97.63999938964844,97.8949966430664,94.75,95.43000030517578,1265300,0.0,0.0
2024-04-09 00:00:00-04:00,95.6500015258789,97.5999984741211,95.1500015258789,97.4800033569336,1197300,0.0,0.0
2024-04-10 00:00:00-04:00,94.7300033569336,97.9800033569336,92.80999755859375,96.5,1041400,0.0,0.0
2024-04-11 00:00:00-04:00,96.12999725341797,96.7699966430664,94.94000244140625,96.70999908447266,1060900,0.0,0.0
2024-04-12 00:00:00-04:00,96.68000030517578,97.16000366210938,93.81999969482422,94.47000122070312,959900,0.0,0.0
2024-04-15 00:00:00-04:00,94.30000305175781,94.5999984741211,90.125,90.41999816894531,1182100,0.0,0.0
2024-04-16 00:00:00-04:00,90.70999908447266,91.49500274658203,89.72000122070312,90.31999969482422,1389500,0.0,0.0
2024-04-17 00:00:00-04:00,91.05999755859375,91.05999755859375,89.05999755859375,90.33000183105469,694100,0.0,0.0
2024-04-18 00:00:00-04:00,89.63999938964844,90.33000183105469,87.19000244140625,87.27999877929688,1172400,0.0,0.0
2024-04-19 00:00:00-04:00,87.01000213623047,87.19499969482422,83.12999725341797,85.27999877929688,2526100,0.0,0.0
2024-04-22 00:00:00-04:00,86.45999908447266,89.27999877929688,85.09500122070312,88.61000061035156,1120900,0.0,0.0
2024-04-23 00:00:00-04:00,89.44000244140625,93.05000305175781,89.44000244140625,91.04000091552734,1178400,0.0,0.0
2024-04-24 00:00:00-04:00,91.87000274658203,93.63999938964844,91.41000366210938,91.5,847300,0.0,0.0
2024-04-25 00:00:00-04:00,89.55000305175781,91.36499786376953,87.19999694824219,91.27999877929688,840800,0.0,0.0
2024-04-26 00:00:00-04:00,92.0,92.83000183105469,91.05000305175781,91.66000366210938,568900,0.0,0.0
2024-04-29 00:00:00-04:00,91.5199966430664,94.87999725341797,90.88200378417969,94.04000091552734,1538700,0.0,0.0
2024-04-30 00:00:00-04:00,93.05999755859375,94.95999908447266,92.0999984741211,92.87999725341797,621700,0.0,0.0
2024-05-01 00:00:00-04:00,93.0,95.9800033569336,92.01000213623047,94.1500015258789,1029400,0.0,0.0
2024-05-02 00:00:00-04:00,95.02999877929688,95.91999816894531,92.7699966430664,93.72000122070312,623100,0.0,0.0
2024-05-03 00:00:00-04:00,95.87999725341797,97.44000244140625,94.9800033569336,96.9800033569336,1069800,0.0,0.0
2024-05-06 00:00:00-04:00,96.55000305175781,97.7699966430664,95.66999816894531,97.20999908447266,1034600,0.0,0.0
2024-05-07 00:00:00-04:00,96.94999694824219,98.16500091552734,95.37999725341797,97.1500015258789,774300,0.0,0.0
2024-05-08 00:00:00-04:00,97.01000213623047,97.79000091552734,94.30000305175781,95.66000366210938,1241400,0.0,0.0
2024-05-09 00:00:00-04:00,94.9800033569336,96.11000061035156,93.05000305175781,95.55000305175781,3191500,0.0,0.0
2024-05-10 00:00:00-04:00,108.11000061035156,108.31500244140625,101.0199966430664,105.29000091552734,3499300,0.0,0.0
2024-05-13 00:00:00-04:00,105.0999984741211,105.75499725341797,102.0,103.33000183105469,1679600,0.0,0.0
2024-05-14 00:00:00-04:00,104.06999969482422,107.55999755859375,103.66999816894531,105.5199966430664,1303900,0.0,0.0
2024-05-15 00:00:00-04:00,106.87000274658203,108.30000305175781,105.875,107.30999755859375,1158700,0.0,0.0
2024-05-16 00:00:00-04:00,106.70999908447266,108.66999816894531,106.0,108.5,1051600,0.0,0.0
2024-05-17 00:00:00-04:00,108.62999725341797,108.75,106.4000015258789,106.45999908447266,938900,0.0,0.0
2024-05-20 00:00:00-04:00,106.41999816894531,108.04499816894531,105.6500015258789,106.30999755859375,1004000,0.0,0.0
2024-05-21 00:00:00-04:00,106.19499969482422,108.47000122070312,105.86000061035156,108.26000213623047,764200,0.0,0.0
2024-05-22 00:00:00-04:00,108.5,110.08999633789062,107.87000274658203,108.51000213623047,735100,0.0,0.0
2024-05-23 00:00:00-04:00,109.0,109.58999633789062,106.37000274658203,107.51000213623047,807700,0.0,0.0
2024-05-24 00:00:00-04:00,108.4000015258789,110.08999633789062,107.41000366210938,109.51000213623047,652300,0.0,0.0
2024-05-28 00:00:00-04:00,110.0,110.66000366210938,108.5199966430664,109.56999969482422,1003300,0.0,0.0
2024-05-29 00:00:00-04:00,108.30000305175781,110.28500366210938,107.8499984741211,109.81999969482422,881500,0.0,0.0
2024-05-30 00:00:00-04:00,109.31999969482422,110.70999908447266,109.2030029296875,110.12000274658203,694000,0.0,0.0
2024-05-31 00:00:00-04:00,110.6500015258789,110.73999786376953,105.2699966430664,106.52999877929688,1297900,0.0,0.0
2024-06-03 00:00:00-04:00,107.75,108.48999786376953,105.69499969482422,108.30999755859375,1107200,0.0,0.0
2024-06-04 00:00:00-04:00,109.0,109.0,104.78500366210938,105.94000244140625,848100,0.0,0.0
2024-06-05 00:00:00-04:00,106.97000122070312,112.05000305175781,106.2300033569336,110.79000091552734,1069400,0.0,0.0
2024-06-06 00:00:00-04:00,110.83000183105469,111.3949966430664,108.87000274658203,109.22000122070312,691900,0.0,0.0
2024-06-07 00:00:00-04:00,109.1500015258789,111.5999984741211,107.16999816894531,111.19000244140625,906800,0.0,0.0
2024-06-10 00:00:00-04:00,110.2300033569336,112.72000122070312,109.5,111.66000366210938,1370500,0.0,0.0
2024-06-11 00:00:00-04:00,111.4000015258789,112.58499908447266,108.9229965209961,112.47000122070312,824700,0.0,0.0
2024-06-12 00:00:00-04:00,113.91999816894531,117.2300033569336,111.54000091552734,112.5999984741211,1041200,0.0,0.0
2024-06-13 00:00:00-04:00,112.2699966430664,112.66000366210938,110.20999908447266,110.79000091552734,646400,0.0,0.0
2024-06-14 00:00:00-04:00,109.68000030517578,110.9000015258789,108.62000274658203,110.19999694824219,806200,0.0,0.0
2024-06-17 00:00:00-04:00,110.37999725341797,113.06999969482422,110.01499938964844,110.41999816894531,792100,0.0,0.0
2024-06-18 00:00:00-04:00,111.28500366210938,111.87000274658203,107.8499984741211,107.98999786376953,847300,0.0,0.0
2024-06-20 00:00:00-04:00,107.98999786376953,109.05000305175781,107.0250015258789,107.19999694824219,936300,0.0,0.0
2024-06-21 00:00:00-04:00,107.2300033569336,109.08000183105469,106.05000305175781,107.11000061035156,2507600,0.0,0.0
2024-06-24 00:00:00-04:00,107.27999877929688,111.12999725341797,107.0999984741211,107.41000366210938,1503400,0.0,0.0
2024-06-25 00:00:00-04:00,107.43000030517578,111.84500122070312,107.43000030517578,111.3499984741211,1183200,0.0,0.0
2024-06-26 00:00:00-04:00,111.3499984741211,112.44000244140625,110.31999969482422,111.38999938964844,847900,0.0,0.0
2024-06-27 00:00:00-04:00,111.01000213623047,112.36000061035156,109.55000305175781,110.01000213623047,949500,0.0,0.0
2024-06-28 00:00:00-04:00,110.16999816894531,110.6500015258789,107.45999908447266,108.29000091552734,1678500,0.0,0.0
2024-07-01 00:00:00-04:00,108.5199966430664,109.83000183105469,106.5999984741211,107.80999755859375,903100,0.0,0.0
2024-07-02 00:00:00-04:00,107.16999816894531,111.79000091552734,107.0,110.69999694824219,1114700,0.0,0.0
2024-07-03 00:00:00-04:00,111.44000244140625,113.18000030517578,110.7300033569336,111.63999938964844,559600,0.0,0.0
2024-07-05 00:00:00-04:00,111.37999725341797,114.30000305175781,110.52799987792969,112.73999786376953,826400,0.0,0.0
2024-07-08 00:00:00-04:00,112.91999816894531,113.57499694824219,109.3499984741211,109.5199966430664,788100,0.0,0.0
2024-07-09 00:00:00-04:00,109.54000091552734,110.95999908447266,108.63999938964844,109.43000030517578,825400,0.0,0.0
2024-07-10 00:00:00-04:00,109.69999694824219,111.6500015258789,109.45999908447266,111.58000183105469,1084800,0.0,0.0
2024-07-11 00:00:00-04:00,113.51000213623047,113.88999938964844,110.06800079345703,110.80999755859375,1459100,0.0,0.0
2024-07-12 00:00:00-04:00,111.0999984741211,112.68000030517578,109.06500244140625,111.5999984741211,1185700,0.0,0.0
2024-07-15 00:00:00-04:00,111.72000122070312,114.87000274658203,111.01000213623047,112.66000366210938,923400,0.0,0.0
2024-07-16 00:00:00-04:00,113.33999633789062,114.75,112.37999725341797,114.44000244140625,1106600,0.0,0.0
2024-07-17 00:00:00-04:00,112.30000305175781,113.75,109.94000244140625,110.37000274658203,1911800,0.0,0.0
2024-07-18 00:00:00-04:00,111.44000244140625,111.4800033569336,99.20999908447266,101.1500015258789,2942500,0.0,0.0
2024-07-19 00:00:00-04:00,101.94999694824219,107.45999908447266,101.4000015258789,105.9800033569336,1717500,0.0,0.0
2024-07-22 00:00:00-04:00,105.16000366210938,107.72000122070312,104.4000015258789,105.51000213623047,1670900,0.0,0.0
2024-07-23 00:00:00-04:00,106.30000305175781,109.18000030517578,105.41000366210938,106.5199966430664,895400,0.0,0.0
2024-07-24 00:00:00-04:00,105.52999877929688,107.7300033569336,105.19999694824219,106.0999984741211,780200,0.0,0.0
2024-07-25 00:00:00-04:00,105.29000091552734,106.95999908447266,102.01499938964844,102.1500015258789,2998500,0.0,0.0
2024-07-26 00:00:00-04:00,102.18000030517578,104.58000183105469,101.15499877929688,102.66999816894531,1047600,0.0,0.0
2024-07-29 00:00:00-04:00,103.31999969482422,104.86499786376953,101.55999755859375,103.7699966430664,7636700,0.0,0.0
2024-07-30 00:00:00-04:00,103.69999694824219,105.55000305175781,96.75,97.75,2545100,0.0,0.0
2024-07-31 00:00:00-04:00,99.6500015258789,103.36000061035156,98.0,102.38999938964844,1370400,0.0,0.0
2024-08-01 00:00:00-04:00,103.08000183105469,106.0,102.29000091552734,103.0,1112300,0.0,0.0
2024-08-02 00:00:00-04:00,100.27999877929688,101.26000213623047,97.2699966430664,99.62000274658203,1177100,0.0,0.0
2024-08-05 00:00:00-04:00,92.2300033569336,100.40499877929688,92.13999938964844,97.91000366210938,1121600,0.0,0.0
2024-08-06 00:00:00-04:00,99.1500015258789,103.12999725341797,97.23999786376953,100.91999816894531,1230600,0.0,0.0
2024-08-07 00:00:00-04:00,103.83000183105469,105.4000015258789,100.22000122070312,100.36000061035156,1078900,0.0,0.0
2024-08-08 00:00:00-04:00,101.69999694824219,108.8499984741211,101.36000061035156,107.69999694824219,2545600,0.0,0.0
2024-08-09 00:00:00-04:00,105.55000305175781,117.38999938964844,104.0,114.56999969482422,4125200,0.0,0.0
2024-08-12 00:00:00-04:00,114.63999938964844,116.9800033569336,112.29000091552734,115.25,1828700,0.0,0.0
2024-08-13 00:00:00-04:00,116.66999816894531,119.2300033569336,115.25,119.0199966430664,1057500,0.0,0.0
2024-08-14 00:00:00-04:00,119.73999786376953,119.9000015258789,116.20999908447266,118.5,830700,0.0,0.0
2024-08-15 00:00:00-04:00,120.0,122.4800033569336,118.02999877929688,122.25,1251800,0.0,0.0
2024-08-16 00:00:00-04:00,122.4000015258789,124.29000091552734,121.2300033569336,123.9800033569336,1020100,0.0,0.0
2024-08-19 00:00:00-04:00,123.04000091552734,123.95999908447266,121.2699966430664,123.77999877929688,1356900,0.0,0.0
2024-08-20 00:00:00-04:00,123.6500015258789,124.72000122070312,118.20999908447266,118.44999694824219,1038800,0.0,0.0
2024-08-21 00:00:00-04:00,118.48999786376953,122.04000091552734,118.48999786376953,121.91000366210938,1482500,0.0,0.0
2024-08-22 00:00:00-04:00,122.8499984741211,124.73999786376953,120.55000305175781,122.61000061035156,3548100,0.0,0.0
2024-08-23 00:00:00-04:00,122.81999969482422,124.83000183105469,121.12999725341797,122.70999908447266,748200,0.0,0.0
2024-08-26 00:00:00-04:00,122.44000244140625,123.19499969482422,117.30999755859375,118.11000061035156,907200,0.0,0.0
2024-08-27 00:00:00-04:00,117.93000030517578,120.44999694824219,116.73999786376953,120.2699966430664,683000,0.0,0.0
2024-08-28 00:00:00-04:00,119.79000091552734,120.66600036621094,117.6500015258789,118.80999755859375,808300,0.0,0.0
2024-08-29 00:00:00-04:00,119.30000305175781,120.80000305175781,115.93000030517578,116.25,882900,0.0,0.0
2024-08-30 00:00:00-04:00,117.58999633789062,119.0,114.66999816894531,118.26000213623047,870800,0.0,0.0
2024-09-03 00:00:00-04:00,118.16000366210938,118.7699966430664,113.51000213623047,113.9800033569336,920200,0.0,0.0
2024-09-04 00:00:00-04:00,113.01000213623047,116.20999908447266,111.62999725341797,113.23999786376953,1083500,0.0,0.0
2024-09-05 00:00:00-04:00,113.04000091552734,118.06999969482422,112.37999725341797,117.5,1041700,0.0,0.0
2024-09-06 00:00:00-04:00,117.4800033569336,118.5199966430664,110.56999969482422,112.9000015258789,946400,0.0,0.0
2024-09-09 00:00:00-04:00,115.22000122070312,117.94999694824219,114.77999877929688,117.66000366210938,1200200,0.0,0.0
2024-09-10 00:00:00-04:00,117.87999725341797,119.01000213623047,114.62000274658203,118.7300033569336,981800,0.0,0.0
2024-09-11 00:00:00-04:00,118.79000091552734,124.97000122070312,117.54000091552734,123.83000183105469,1633300,0.0,0.0
2024-09-12 00:00:00-04:00,123.75,125.44000244140625,122.30999755859375,125.12000274658203,1154700,0.0,0.0
2024-09-13 00:00:00-04:00,125.0,128.27999877929688,124.80999755859375,126.51000213623047,1020700,0.0,0.0
2024-09-16 00:00:00-04:00,127.79000091552734,132.00999450683594,126.18000030517578,129.6699981689453,1343900,0.0,0.0
2024-09-17 00:00:00-04:00,129.47000122070312,130.2550048828125,125.7300033569336,127.20999908447266,908000,0.0,0.0
2024-09-18 00:00:00-04:00,127.73999786376953,130.46499633789062,126.69000244140625,127.0999984741211,867300,0.0,0.0
2024-09-19 00:00:00-04:00,130.0,130.27000427246094,126.83499908447266,127.12999725341797,755700,0.0,0.0
2024-09-20 00:00:00-04:00,126.48999786376953,128.39999389648438,124.79000091552734,127.77999877929688,2190400,0.0,0.0
2024-09-23 00:00:00-04:00,127.88999938964844,127.88999938964844,123.41000366210938,123.54000091552734,655500,0.0,0.0
2024-09-24 00:00:00-04:00,123.08999633789062,124.23999786376953,121.45999908447266,123.08000183105469,1052300,0.0,0.0
2024-09-25 00:00:00-04:00,123.41999816894531,125.12000274658203,122.41000366210938,124.98999786376953,977000,0.0,0.0
2024-09-26 00:00:00-04:00,125.77999877929688,127.0999984741211,120.5199966430664,123.8499984741211,977400,0.0,0.0
2024-09-27 00:00:00-04:00,123.8499984741211,126.13999938964844,121.91500091552734,125.72000122070312,1350500,0.0,0.0
2024-09-30 00:00:00-04:00,124.95999908447266,130.80999755859375,124.95999908447266,126.94999694824219,1416700,0.0,0.0
2024-10-01 00:00:00-04:00,126.7699966430664,127.5199966430664,124.06999969482422,127.19000244140625,1368200,0.0,0.0
2024-10-02 00:00:00-04:00,127.06999969482422,131.25,126.58999633789062,131.11000061035156,1117800,0.0,0.0
2024-10-03 00:00:00-04:00,131.0,131.00999450683594,126.16000366210938,126.30000305175781,1135800,0.0,0.0
2024-10-04 00:00:00-04:00,127.58000183105469,130.85000610351562,127.58000183105469,129.83999633789062,1138200,0.0,0.0
2024-10-07 00:00:00-04:00,129.50999450683594,130.4499969482422,126.95999908447266,128.1999969482422,962200,0.0,0.0
2024-10-08 00:00:00-04:00,128.8800048828125,133.53900146484375,128.6300048828125,131.92999267578125,1248300,0.0,0.0
2024-10-09 00:00:00-04:00,131.0500030517578,132.1300048828125,127.08200073242188,127.4800033569336,1144600,0.0,0.0
2024-10-10 00:00:00-04:00,126.0199966430664,128.07000732421875,124.5,125.75,892800,0.0,0.0
2024-10-11 00:00:00-04:00,125.94000244140625,131.54299926757812,125.84300231933594,130.05999755859375,963200,0.0,0.0
2024-10-14 00:00:00-04:00,130.00999450683594,133.0,128.5800018310547,131.86000061035156,590400,0.0,0.0
2024-10-15 00:00:00-04:00,130.8800048828125,131.25,128.0,129.0,1471900,0.0,0.0
2024-10-16 00:00:00-04:00,127.51000213623047,129.0,123.0,126.7699966430664,1094100,0.0,0.0
2024-10-17 00:00:00-04:00,127.79000091552734,127.79000091552734,122.31999969482422,122.3499984741211,734800,0.0,0.0
2024-10-18 00:00:00-04:00,123.43000030517578,124.47000122070312,121.63999938964844,122.4000015258789,985400,0.0,0.0
2024-10-21 00:00:00-04:00,120.76000213623047,121.44999694824219,118.27999877929688,120.5,993800,0.0,0.0
2024-10-22 00:00:00-04:00,120.06999969482422,121.24500274658203,118.62999725341797,119.94999694824219,718800,0.0,0.0
2024-10-23 00:00:00-04:00,119.08999633789062,120.68000030517578,118.14700317382812,118.6500015258789,632700,0.0,0.0
2024-10-24 00:00:00-04:00,119.19000244140625,120.94999694824219,117.72000122070312,119.16999816894531,597300,0.0,0.0
2024-10-25 00:00:00-04:00,118.80999755859375,119.87899780273438,117.56999969482422,117.66999816894531,404900,0.0,0.0
2024-10-28 00:00:00-04:00,117.8499984741211,121.08000183105469,117.2699966430664,120.70999908447266,780200,0.0,0.0
2024-10-29 00:00:00-04:00,119.93000030517578,125.81500244140625,119.29000091552734,124.73999786376953,985400,0.0,0.0
2024-10-30 00:00:00-04:00,122.79000091552734,127.48999786376953,122.79000091552734,126.7300033569336,795100,0.0,0.0
2024-10-31 00:00:00-04:00,126.44999694824219,126.44999694824219,120.66999816894531,120.95999908447266,985900,0.0,0.0
2024-11-01 00:00:00-04:00,120.80000305175781,124.29000091552734,120.80000305175781,124.16000366210938,1272200,0.0,0.0
2024-11-04 00:00:00-05:00,122.2300033569336,124.76000213623047,121.01000213623047,123.44000244140625,790100,0.0,0.0
2024-11-05 00:00:00-05:00,123.38999938964844,125.26000213623047,122.08499908447266,124.38999938964844,609000,0.0,0.0
2024-11-06 00:00:00-05:00,124.83999633789062,127.0199966430664,123.61499786376953,126.97000122070312,1149800,0.0,0.0
2024-11-07 00:00:00-05:00,128.60000610351562,131.3000030517578,127.56999969482422,130.38999938964844,850700,0.0,0.0
2024-11-08 00:00:00-05:00,131.3699951171875,134.3300018310547,129.41000366210938,134.11000061035156,1228700,0.0,0.0
2024-11-11 00:00:00-05:00,135.0,140.0,133.41000366210938,133.97000122070312,1841400,0.0,0.0
2024-11-12 00:00:00-05:00,133.4600067138672,137.3000030517578,133.00999450683594,135.1199951171875,2496300,0.0,0.0
2024-11-13 00:00:00-05:00,155.55999755859375,167.7899932861328,152.0,160.97000122070312,4524100,0.0,0.0
2024-11-14 00:00:00-05:00,160.7899932861328,162.0500030517578,149.83999633789062,151.11000061035156,2708000,0.0,0.0
2024-11-15 00:00:00-05:00,150.0,150.5,143.1999969482422,146.05999755859375,2242800,0.0,0.0
2024-11-18 00:00:00-05:00,150.60000610351562,155.22999572753906,148.5800018310547,153.4199981689453,1761100,0.0,0.0
2024-11-19 00:00:00-05:00,153.4199981689453,162.1999969482422,152.0,162.10000610351562,2111300,0.0,0.0
2024-11-20 00:00:00-05:00,163.8300018310547,169.7100067138672,160.17999267578125,167.8800048828125,2035000,0.0,0.0
2024-11-21 00:00:00-05:00,170.0,171.9499969482422,164.39999389648438,169.36000061035156,1292700,0.0,0.0
2024-11-22 00:00:00-05:00,169.82000732421875,170.58999633789062,163.07000732421875,167.25999450683594,1481300,0.0,0.0
2024-11-25 00:00:00-05:00,169.94000244140625,169.9600067138672,161.2550048828125,164.38999938964844,2126300,0.0,0.0
2024-11-26 00:00:00-05:00,162.89999389648438,168.47999572753906,162.89999389648438,168.32000732421875,969300,0.0,0.0
2024-11-27 00:00:00-05:00,170.8800048828125,170.93499755859375,166.5800018310547,168.4499969482422,943100,0.0,0.0
2024-11-29 00:00:00-05:00,167.61000061035156,168.8000030517578,165.9199981689453,167.77999877929688,470300,0.0,0.0
2024-12-02 00:00:00-05:00,165.72999572753906,170.97000122070312,165.25999450683594,169.82000732421875,1136400,0.0,0.0
2024-12-03 00:00:00-05:00,168.72999572753906,169.8459930419922,165.49000549316406,169.1699981689453,1139700,0.0,0.0
2024-12-04 00:00:00-05:00,170.58999633789062,174.14500427246094,168.36000061035156,174.0,1040100,0.0,0.0
2024-12-05 00:00:00-05:00,174.6300048828125,175.6300048828125,168.77999877929688,169.02000427246094,1046800,0.0,0.0
2024-12-06 00:00:00-05:00,169.94000244140625,172.50999450683594,168.72000122070312,171.64999389648438,814400,0.0,0.0
2024-12-09 00:00:00-05:00,171.52999877929688,172.75,164.4499969482422,167.8000030517578,1048600,0.0,0.0
2024-12-10 00:00:00-05:00,168.1999969482422,171.27999877929688,166.1300048828125,166.4499969482422,1105700,0.0,0.0
2024-12-11 00:00:00-05:00,168.13999938964844,171.10000610351562,167.07000732421875,167.1199951171875,735400,0.0,0.0
2024-12-12 00:00:00-05:00,167.22000122070312,169.25,164.94000244140625,166.4499969482422,985400,0.0,0.0
2024-12-13 00:00:00-05:00,168.1999969482422,168.98500061035156,163.80999755859375,166.5500030517578,1211200,0.0,0.0
2024-12-16 00:00:00-05:00,168.47000122070312,172.8000030517578,165.5800018310547,170.8000030517578,1378800,0.0,0.0
2024-12-17 00:00:00-05:00,169.13999938964844,170.10499572753906,164.66000366210938,168.2100067138672,1172400,0.0,0.0
2024-12-18 00:00:00-05:00,168.2100067138672,168.75599670410156,154.4199981689453,155.1999969482422,1587100,0.0,0.0
2024-12-19 00:00:00-05:00,156.3300018310547,159.1199951171875,153.52499389648438,158.08999633789062,1596700,0.0,0.0
2024-12-20 00:00:00-05:00,154.67999267578125,163.0500030517578,154.00999450683594,161.8800048828125,3137900,0.0,0.0
2024-12-23 00:00:00-05:00,161.5,162.77499389648438,157.86000061035156,161.99000549316406,641800,0.0,0.0
2024-12-24 00:00:00-05:00,161.99000549316406,163.61500549316406,160.96499633789062,162.38999938964844,286700,0.0,0.0
2024-12-26 00:00:00-05:00,162.0800018310547,162.64500427246094,159.42999267578125,159.63999938964844,519200,0.0,0.0
2024-12-27 00:00:00-05:00,158.5800018310547,161.14999389648438,157.27000427246094,160.25999450683594,684700,0.0,0.0
2024-12-30 00:00:00-05:00,157.4199981689453,161.52999877929688,155.1199951171875,158.5500030517578,774700,0.0,0.0
2024-12-31 00:00:00-05:00,157.42999267578125,159.89999389648438,156.7899932861328,158.3000030517578,759200,0.0,0.0
2025-01-02 00:00:00-05:00,158.8800048828125,163.11000061035156,158.22999572753906,160.60000610351562,805900,0.0,0.0
2025-01-03 00:00:00-05:00,162.64999389648438,167.77000427246094,161.9499969482422,167.60000610351562,1125500,0.0,0.0
2025-01-06 00:00:00-05:00,168.6999969482422,173.85000610351562,167.60000610351562,172.25999450683594,1345800,0.0,0.0
2025-01-07 00:00:00-05:00,172.6199951171875,174.46499633789062,165.49000549316406,170.39999389648438,1260500,0.0,0.0
2025-01-08 00:00:00-05:00,170.4600067138672,177.0,168.94000244140625,176.61000061035156,1365200,0.0,0.0
2025-01-10 00:00:00-05:00,173.02000427246094,176.33999633789062,168.42999267578125,175.0,1556300,0.0,0.0
2025-01-13 00:00:00-05:00,182.38999938964844,183.0,166.16000366210938,169.3000030517578,1734000,0.0,0.0
2025-01-14 00:00:00-05:00,171.75999450683594,171.97000122070312,163.4199981689453,165.75999450683594,1375300,0.0,0.0
2025-01-15 00:00:00-05:00,170.3300018310547,173.8699951171875,167.3699951171875,170.35000610351562,1080000,0.0,0.0
2025-01-16 00:00:00-05:00,171.74000549316406,174.14999389648438,168.0800018310547,168.5,906600,0.0,0.0
2025-01-17 00:00:00-05:00,168.9199981689453,169.5500030517578,157.50999450683594,158.36000061035156,2384600,0.0,0.0
2025-01-21 00:00:00-05:00,160.25,168.05999755859375,155.19000244140625,167.4600067138672,1991800,0.0,0.0
2025-01-22 00:00:00-05:00,168.35000610351562,173.1699981689453,167.1699981689453,171.92999267578125,2052000,0.0,0.0
2025-01-23 00:00:00-05:00,171.08999633789062,173.10000610351562,168.77000427246094,171.82000732421875,1005600,0.0,0.0
2025-01-24 00:00:00-05:00,171.8000030517578,173.3000030517578,167.0,167.61000061035156,909100,0.0,0.0
2025-01-27 00:00:00-05:00,161.8699951171875,170.42999267578125,159.0,165.25999450683594,1574200,0.0,0.0
2025-01-28 00:00:00-05:00,165.49000549316406,170.4600067138672,162.33999633789062,168.0800018310547,1544500,0.0,0.0
2025-01-29 00:00:00-05:00,167.52999877929688,169.52999877929688,164.25,168.22000122070312,1360600,0.0,0.0
2025-01-30 00:00:00-05:00,169.75999450683594,177.89999389648438,169.0399932861328,176.27000427246094,1598800,0.0,0.0
2025-01-31 00:00:00-05:00,176.60000610351562,182.1199951171875,175.57000732421875,176.9199981689453,1237500,0.0,0.0
2025-02-03 00:00:00-05:00,172.58999633789062,178.8300018310547,172.5,176.55999755859375,1423800,0.0,0.0
2025-02-04 00:00:00-05:00,175.0850067138672,176.5500030517578,172.13999938964844,174.24000549316406,1124900,0.0,0.0
2025-02-05 00:00:00-05:00,174.86000061035156,178.22999572753906,174.3000030517578,177.0,930600,0.0,0.0
2025-02-06 00:00:00-05:00,177.77000427246094,179.27000427246094,173.02000427246094,175.13999938964844,742700,0.0,0.0
2025-02-07 00:00:00-05:00,176.6300048828125,177.83999633789062,171.1699981689453,172.82000732421875,858000,0.0,0.0
2025-02-10 00:00:00-05:00,175.0,175.25999450683594,168.67999267578125,172.19000244140625,1477600,0.0,0.0
2025-02-11 00:00:00-05:00,169.13999938964844,172.9600067138672,164.83999633789062,169.7100067138672,1553300,0.0,0.0
2025-02-12 00:00:00-05:00,166.88999938964844,171.9600067138672,165.52999877929688,171.9499969482422,989400,0.0,0.0
2025-02-13 00:00:00-05:00,172.13999938964844,175.72999572753906,168.3000030517578,170.72999572753906,1322900,0.0,0.0
2025-02-14 00:00:00-05:00,171.52000427246094,175.8300018310547,168.14999389648438,173.38999938964844,1572300,0.0,0.0
2025-02-18 00:00:00-05:00,178.0,180.41000366210938,169.0,169.3800048828125,1176200,0.0,0.0
2025-02-19 00:00:00-05:00,170.44000244140625,175.72000122070312,170.0,172.61000061035156,1200200,0.0,0.0
2025-02-20 00:00:00-05:00,171.9600067138672,173.90499877929688,165.33999633789062,168.19000244140625,1458300,0.0,0.0
2025-02-21 00:00:00-05:00,167.5,168.88099670410156,159.1999969482422,162.30999755859375,1605700,0.0,0.0
2025-02-24 00:00:00-05:00,162.3300018310547,164.02000427246094,157.00999450683594,158.3699951171875,1158700,0.0,0.0
2025-02-25 00:00:00-05:00,154.88999938964844,157.9199981689453,149.6300048828125,156.0,2235400,0.0,0.0
2025-02-26 00:00:00-05:00,155.30999755859375,162.97999572753906,155.30999755859375,160.55999755859375,1812800,0.0,0.0
2025-02-27 00:00:00-05:00,162.1999969482422,165.5,156.10000610351562,156.61000061035156,2327800,0.0,0.0
2025-02-28 00:00:00-05:00,159.94000244140625,165.0,150.0,155.58999633789062,9860500,0.0,0.0
2025-03-03 00:00:00-05:00,153.86000061035156,157.97999572753906,142.25999450683594,143.11000061035156,2862800,0.0,0.0
2025-03-04 00:00:00-05:00,140.3699951171875,145.3300018310547,134.30999755859375,142.35000610351562,4311200,0.0,0.0
2025-03-05 00:00:00-05:00,142.08999633789062,148.27999877929688,141.0399932861328,147.9199981689453,1653200,0.0,0.0
2025-03-06 00:00:00-05:00,143.9499969482422,148.27999877929688,140.5,141.5,2079000,0.0,0.0
2025-03-07 00:00:00-05:00,141.52999877929688,143.41000366210938,132.02999877929688,140.66000366210938,1923100,0.0,0.0
2025-03-10 00:00:00-04:00,136.02999877929688,137.24000549316406,127.75,132.6300048828125,2613000,0.0,0.0
2025-03-11 00:00:00-04:00,131.78799438476562,142.17999267578125,131.3000030517578,140.02000427246094,2219500,0.0,0.0
2025-03-12 00:00:00-04:00,145.52999877929688,149.77000427246094,143.35000610351562,144.5,2561500,0.0,0.0
2025-03-13 00:00:00-04:00,144.39999389648438,144.39999389648438,137.24000549316406,142.50999450683594,2025400,0.0,0.0
2025-03-14 00:00:00-04:00,144.30999755859375,150.0500030517578,143.75999450683594,148.22000122070312,1653900,0.0,0.0
2025-03-17 00:00:00-04:00,146.22999572753906,151.8300018310547,145.0500030517578,149.25,1333200,0.0,0.0
2025-03-18 00:00:00-04:00,148.0,148.0,144.03500366210938,146.27999877929688,1082800,0.0,0.0
2025-03-19 00:00:00-04:00,147.63999938964844,153.58999633789062,143.3000030517578,150.8699951171875,2163000,0.0,0.0
2025-03-20 00:00:00-04:00,147.89999389648438,153.13999938964844,147.75,149.6300048828125,1009400,0.0,0.0
2025-03-21 00:00:00-04:00,149.44000244140625,152.10000610351562,146.35000610351562,151.14999389648438,3420500,0.0,0.0
2025-03-24 00:00:00-04:00,152.6999969482422,154.99000549316406,151.7899932861328,153.8300018310547,1051100,0.0,0.0
2025-03-25 00:00:00-04:00,153.74000549316406,155.63999938964844,152.2550048828125,154.5800018310547,1081600,0.0,0.0
2025-03-26 00:00:00-04:00,154.6999969482422,154.6999969482422,148.77999877929688,149.83999633789062,1092000,0.0,0.0
2025-03-27 00:00:00-04:00,148.75,152.75,146.16000366210938,148.3000030517578,641900,0.0,0.0
2025-03-28 00:00:00-04:00,147.19000244140625,148.99000549316406,141.11000061035156,143.94000244140625,1258500,0.0,0.0
2025-03-31 00:00:00-04:00,140.0800018310547,142.9199981689453,136.55999755859375,141.41000366210938,2304300,0.0,0.0
2025-04-01 00:00:00-04:00,142.41000366210938,144.22000122070312,138.57000732421875,140.64999389648438,1591000,0.0,0.0
2025-04-02 00:00:00-04:00,138.5,146.7899932861328,137.25,143.1999969482422,1582600,0.0,0.0
2025-04-03 00:00:00-04:00,137.00999450683594,141.66000366210938,136.0,138.7100067138672,1459300,0.0,0.0
2025-04-04 00:00:00-04:00,134.16000366210938,136.39500427246094,126.40699768066406,133.8699951171875,3247800,0.0,0.0
2025-04-07 00:00:00-04:00,127.16000366210938,141.39999389648438,125.37999725341797,138.25999450683594,2129300,0.0,0.0
2025-04-08 00:00:00-04:00,143.5800018310547,144.75,130.2899932861328,132.22999572753906,1848800,0.0,0.0
2025-04-09 00:00:00-04:00,131.02999877929688,153.0,131.02999877929688,151.97000122070312,2969900,0.0,0.0
2025-04-10 00:00:00-04:00,146.24000549316406,147.24000549316406,137.80999755859375,143.27999877929688,1849100,0.0,0.0
2025-04-11 00:00:00-04:00,143.27999877929688,148.97999572753906,141.17999267578125,148.0399932861328,1364900,0.0,0.0
2025-04-14 00:00:00-04:00,152.0,152.5,146.72000122070312,148.4499969482422,887300,0.0,0.0
2025-04-15 00:00:00-04:00,148.99000549316406,152.66000366210938,148.99000549316406,151.74000549316406,827900,0.0,0.0
2025-04-16 00:00:00-04:00,149.89999389648438,152.0,147.83999633789062,150.1699981689453,622200,0.0,0.0
2025-04-17 00:00:00-04:00,150.08999633789062,150.08999633789062,147.1300048828125,148.0800018310547,602600,0.0,0.0
2025-04-21 00:00:00-04:00,145.5399932861328,147.05999755859375,140.85000610351562,142.22999572753906,812500,0.0,0.0
2025-04-22 00:00:00-04:00,145.32000732421875,147.47000122070312,142.8000030517578,144.6199951171875,668300,0.0,0.0
2025-04-23 00:00:00-04:00,150.74000549316406,153.49000549316406,147.52999877929688,148.55999755859375,811200,0.0,0.0
2025-04-24 00:00:00-04:00,148.35000610351562,154.55999755859375,148.35000610351562,154.47999572753906,793400,0.0,0.0
2025-04-25 00:00:00-04:00,153.82000732421875,155.5,151.2899932861328,153.7899932861328,807000,0.0,0.0
2025-04-28 00:00:00-04:00,152.8000030517578,155.44000244140625,149.99000549316406,152.99000549316406,1076900,0.0,0.0
2025-04-29 00:00:00-04:00,153.10000610351562,155.9550018310547,150.5399932861328,154.88999938964844,931700,0.0,0.0
2025-04-30 00:00:00-04:00,150.0,152.52000427246094,148.0019989013672,150.92999267578125,985700,0.0,0.0
2025-05-01 00:00:00-04:00,152.0399932861328,153.6999969482422,146.33999633789062,151.36000061035156,880600,0.0,0.0
2025-05-02 00:00:00-04:00,154.05999755859375,158.52999877929688,152.3249969482422,156.66000366210938,1072100,0.0,0.0
2025-05-05 00:00:00-04:00,156.6699981689453,159.14999389648438,155.56500244140625,157.3800048828125,883900,0.0,0.0
2025-05-06 00:00:00-04:00,155.8000030517578,158.4459991455078,153.3979949951172,155.5,1421400,0.0,0.0
2025-05-07 00:00:00-04:00,154.5,160.2100067138672,153.63499450683594,160.10000610351562,1248600,0.0,0.0
2025-05-08 00:00:00-04:00,160.63999938964844,163.8000030517578,158.3300018310547,162.57000732421875,2526900,0.0,0.0
2025-05-09 00:00:00-04:00,164.75,166.0,147.6320037841797,151.9499969482422,4379800,0.0,0.0
2025-05-12 00:00:00-04:00,155.49000549316406,160.66000366210938,153.75999450683594,157.2899932861328,1935400,0.0,0.0
2025-05-13 00:00:00-04:00,155.88999938964844,156.52499389648438,151.61000061035156,152.27999877929688,1781600,0.0,0.0
2025-05-14 00:00:00-04:00,152.27999877929688,154.6929931640625,150.24000549316406,151.33999633789062,1189800,0.0,0.0
2025-05-15 00:00:00-04:00,151.33999633789062,151.66000366210938,147.66000366210938,149.39999389648438,811500,0.0,0.0
2025-05-16 00:00:00-04:00,151.25,153.39999389648438,149.13999938964844,152.58999633789062,911000,0.0,0.0
2025-05-19 00:00:00-04:00,150.52999877929688,153.58999633789062,149.60000610351562,153.27000427246094,752300,0.0,0.0
2025-05-20 00:00:00-04:00,153.27000427246094,154.7949981689453,150.77999877929688,154.52999877929688,879400,0.0,0.0
2025-05-21 00:00:00-04:00,153.77999877929688,155.02000427246094,150.41000366210938,151.08999633789062,1342700,0.0,0.0
2025-05-22 00:00:00-04:00,150.35000610351562,154.08999633789062,150.30999755859375,152.47999572753906,1027600,0.0,0.0
2025-05-23 00:00:00-04:00,150.0,154.2899932861328,149.77000427246094,153.32000732421875,1085200,0.0,0.0
2025-05-27 00:00:00-04:00,155.88999938964844,158.3800048828125,154.6999969482422,157.16000366210938,1040300,0.0,0.0
2025-05-28 00:00:00-04:00,156.7899932861328,161.9600067138672,155.875,161.2100067138672,1443800,0.0,0.0
2025-05-29 00:00:00-04:00,164.0,165.91000366210938,156.82000732421875,158.0500030517578,1659700,0.0,0.0
2025-05-30 00:00:00-04:00,157.5,158.05999755859375,153.9250030517578,157.72999572753906,2768200,0.0,0.0
2025-06-02 00:00:00-04:00,157.5399932861328,160.89999389648438,155.3699951171875,160.69000244140625,1434700,0.0,0.0
2025-06-03 00:00:00-04:00,160.6999969482422,162.4199981689453,158.39999389648438,160.14999389648438,931800,0.0,0.0
2025-06-04 00:00:00-04:00,161.6300048828125,169.42999267578125,161.46499633789062,167.22000122070312,1334500,0.0,0.0
2025-06-05 00:00:00-04:00,167.22000122070312,168.22000122070312,164.1999969482422,165.50999450683594,1045300,0.0,0.0
2025-06-06 00:00:00-04:00,168.44000244140625,169.92999267578125,163.74000549316406,163.75999450683594,1016900,0.0,0.0
2025-06-09 00:00:00-04:00,165.30999755859375,165.8699951171875,161.38999938964844,164.19000244140625,785500,0.0,0.0
2025-06-10 00:00:00-04:00,164.0,166.58999633789062,162.83999633789062,165.22000122070312,1188900,0.0,0.0
2025-06-11 00:00:00-04:00,165.9980010986328,168.0,164.8800048828125,166.75999450683594,1208800,0.0,0.0
2025-06-12 00:00:00-04:00,164.02999877929688,166.44000244140625,162.39500427246094,164.35000610351562,1101800,0.0,0.0
2025-06-13 00:00:00-04:00,162.3800048828125,166.99000549316406,161.38999938964844,165.33999633789062,729300,0.0,0.0
2025-06-16 00:00:00-04:00,165.5,169.16900634765625,162.0,168.25,1153500,0.0,0.0
2025-06-17 00:00:00-04:00,166.97999572753906,168.0,165.45399475097656,167.5500030517578,899600,0.0,0.0
2025-06-18 00:00:00-04:00,167.5500030517578,172.72999572753906,166.72000122070312,170.97999572753906,1980700,0.0,0.0
2025-06-20 00:00:00-04:00,171.22000122070312,173.5,169.89999389648438,171.86000061035156,1516400,0.0,0.0
2025-06-23 00:00:00-04:00,170.08999633789062,173.38699340820312,168.93499755859375,170.3699951171875,767200,0.0,0.0
2025-06-24 00:00:00-04:00,171.0800018310547,172.125,167.63999938964844,171.8699951171875,935400,0.0,0.0
2025-06-25 00:00:00-04:00,172.82000732421875,172.82000732421875,159.4969940185547,164.16000366210938,2468000,0.0,0.0
2025-06-26 00:00:00-04:00,166.49000549316406,168.3000030517578,163.7100067138672,168.1699981689453,1444600,0.0,0.0
2025-06-27 00:00:00-04:00,168.49000549316406,170.47999572753906,166.25999450683594,167.9600067138672,3082500,0.0,0.0
2025-06-30 00:00:00-04:00,168.41000366210938,170.14500427246094,166.81500244140625,168.94000244140625,1058700,0.0,0.0
2025-07-01 00:00:00-04:00,166.8000030517578,167.83999633789062,159.57000732421875,160.72000122070312,1362000,0.0,0.0
2025-07-02 00:00:00-04:00,158.0,163.22999572753906,158.0,161.57000732421875,1086900,0.0,0.0
2025-07-03 00:00:00-04:00,161.72999572753906,163.1699981689453,160.72000122070312,161.75999450683594,468900,0.0,0.0
2025-07-07 00:00:00-04:00,160.3000030517578,161.43499755859375,158.67999267578125,158.69000244140625,754200,0.0,0.0
2025-07-08 00:00:00-04:00,159.00999450683594,160.3300018310547,155.86000061035156,158.47999572753906,1057100,0.0,0.0
2025-07-09 00:00:00-04:00,160.02000427246094,164.6300048828125,158.44000244140625,161.75,1186100,0.0,0.0
2025-07-10 00:00:00-04:00,162.8800048828125,163.6199951171875,159.14999389648438,163.36000061035156,1156800,0.0,0.0
2025-07-11 00:00:00-04:00,162.57000732421875,163.39500427246094,160.24000549316406,160.42999267578125,710000,0.0,0.0
2025-07-14 00:00:00-04:00,160.1699981689453,161.4199981689453,157.3699951171875,158.17999267578125,785900,0.0,0.0
2025-07-15 00:00:00-04:00,157.77499389648438,158.2100067138672,148.77999877929688,149.85000610351562,1544900,0.0,0.0
2025-07-16 00:00:00-04:00,149.6699981689453,151.08700561523438,146.83999633789062,148.39999389648438,1539500,0.0,0.0
2025-07-17 00:00:00-04:00,148.1699981689453,149.0,142.93499755859375,143.3800048828125,1346800,0.0,0.0
2025-07-18 00:00:00-04:00,144.0,144.0749969482422,138.5,138.89999389648438,1384600,0.0,0.0
2025-07-21 00:00:00-04:00,139.2899932861328,144.0,139.0,140.6300048828125,1287700,0.0,0.0
2025-07-22 00:00:00-04:00,140.9499969482422,142.38499450683594,138.8249969482422,139.9199981689453,1131400,0.0,0.0
2025-07-23 00:00:00-04:00,141.27999877929688,142.49000549316406,136.9600067138672,137.82000732421875,1861100,0.0,0.0
2025-07-24 00:00:00-04:00,139.14999389648438,141.17999267578125,136.91000366210938,141.06500244140625,1421500,0.0,0.0
2025-07-25 00:00:00-04:00,142.0500030517578,143.36000061035156,138.24000549316406,138.89999389648438,1203100,0.0,0.0
2025-07-28 00:00:00-04:00,139.39999389648438,141.1999969482422,137.89999389648438,138.0,1725900,0.0,0.0
2025-07-29 00:00:00-04:00,138.0,138.44000244140625,134.80999755859375,135.83999633789062,1276000,0.0,0.0
2025-07-30 00:00:00-04:00,136.8300018310547,141.0,136.22000122070312,140.9600067138672,1161600,0.0,0.0
2025-07-31 00:00:00-04:00,140.41000366210938,140.41000366210938,133.22999572753906,133.66000366210938,1511600,0.0,0.0
2025-08-01 00:00:00-04:00,132.22999572753906,136.27999877929688,131.81100463867188,134.5800018310547,1165800,0.0,0.0
2025-08-04 00:00:00-04:00,135.1699981689453,137.0800018310547,133.00999450683594,136.57000732421875,1354100,0.0,0.0
2025-08-05 00:00:00-04:00,136.57000732421875,141.4499969482422,134.85000610351562,140.1199951171875,2254400,0.0,0.0
2025-08-06 00:00:00-04:00,139.99000549316406,140.74000549316406,135.75,138.1300048828125,2241800,0.0,0.0
2025-08-07 00:00:00-04:00,139.1300048828125,141.6199951171875,136.2100067138672,141.0800018310547,3319800,0.0,0.0
2025-08-08 00:00:00-04:00,162.0,165.08999633789062,151.82000732421875,151.9499969482422,3849500,0.0,0.0
2025-08-11 00:00:00-04:00,151.0500030517578,157.9199981689453,149.375,157.0399932861328,1971800,0.0,0.0
2025-08-12 00:00:00-04:00,158.10000610351562,161.9199981689453,157.2899932861328,159.80999755859375,1837700,0.0,0.0
2025-08-13 00:00:00-04:00,159.85000610351562,161.3800048828125,155.27000427246094,157.6999969482422,1202700,0.0,0.0
2025-08-14 00:00:00-04:00,155.4600067138672,158.5,152.6199951171875,158.44000244140625,714100,0.0,0.0
2025-08-15 00:00:00-04:00,158.4600067138672,163.8699951171875,157.83999633789062,163.02000427246094,1502900,0.0,0.0
2025-08-18 00:00:00-04:00,164.74000549316406,165.27999877929688,160.94000244140625,161.14999389648438,1495200,0.0,0.0
2025-08-19 00:00:00-04:00,161.02999877929688,163.5850067138672,159.0800018310547,160.1199951171875,977500,0.0,0.0
2025-08-20 00:00:00-04:00,159.6300048828125,161.30299377441406,156.7100067138672,160.63999938964844,1349700,0.0,0.0
2025-08-21 00:00:00-04:00,160.86000061035156,165.0,158.6999969482422,161.9499969482422,993800,0.0,0.0
2025-08-22 00:00:00-04:00,162.88999938964844,166.30999755859375,161.86000061035156,165.60000610351562,839900,0.0,0.0
2025-08-25 00:00:00-04:00,165.3000030517578,168.52000427246094,161.88999938964844,162.47000122070312,1089900,0.0,0.0
2025-08-26 00:00:00-04:00,162.77000427246094,165.86000061035156,162.16000366210938,165.7100067138672,1012200,0.0,0.0
2025-08-27 00:00:00-04:00,164.82000732421875,166.57000732421875,162.52999877929688,163.0399932861328,752800,0.0,0.0
2025-08-28 00:00:00-04:00,163.02000427246094,168.3300018310547,162.69000244140625,167.8800048828125,842700,0.0,0.0
2025-08-29 00:00:00-04:00,165.83999633789062,168.47999572753906,164.47999572753906,168.25,773700,0.0,0.0
2025-09-02 00:00:00-04:00,166.05999755859375,169.7790069580078,164.92999267578125,169.33999633789062,1041900,0.0,0.0
2025-09-03 00:00:00-04:00,169.89999389648438,170.72000122070312,165.57000732421875,167.52999877929688,1105700,0.0,0.0
2025-09-04 00:00:00-04:00,167.44000244140625,168.55799865722656,166.1199951171875,166.55999755859375,880400,0.0,0.0
2025-09-05 00:00:00-04:00,167.14999389648438,168.94000244140625,164.8300018310547,168.02000427246094,776000,0.0,0.0
2025-09-08 00:00:00-04:00,166.24000549316406,168.2550048828125,165.40499877929688,167.38999938964844,841000,0.0,0.0
2025-09-09 00:00:00-04:00,167.6300048828125,176.55999755859375,167.35000610351562,176.3699951171875,1297000,0.0,0.0
2025-09-10 00:00:00-04:00,176.49000549316406,176.82000732421875,167.49000549316406,169.7899932861328,1298600,0.0,0.0
2025-09-11 00:00:00-04:00,170.5,174.2100067138672,169.57000732421875,173.80999755859375,697800,0.0,0.0
2025-09-12 00:00:00-04:00,172.63999938964844,172.63999938964844,167.58999633789062,168.50999450683594,853100,0.0,0.0
2025-09-15 00:00:00-04:00,168.2899932861328,172.97999572753906,167.0,172.16000366210938,795500,0.0,0.0
2025-09-16 00:00:00-04:00,173.0,175.39999389648438,171.57699584960938,175.00999450683594,800900,0.0,0.0
2025-09-17 00:00:00-04:00,175.00999450683594,177.49000549316406,173.77000427246094,175.42999267578125,618400,0.0,0.0
2025-09-18 00:00:00-04:00,177.10000610351562,180.60000610351562,175.9600067138672,179.86000061035156,856300,0.0,0.0
2025-09-19 00:00:00-04:00,180.0,181.85000610351562,178.4600067138672,181.11000061035156,1489000,0.0,0.0
2025-09-22 00:00:00-04:00,179.38999938964844,180.8300018310547,178.16000366210938,179.19000244140625,1414100,0.0,0.0
2025-09-23 00:00:00-04:00,179.19000244140625,179.64500427246094,171.86000061035156,172.8300018310547,1752800,0.0,0.0
2025-09-24 00:00:00-04:00,173.14999389648438,173.14999389648438,163.64999389648438,163.91000366210938,1100500,0.0,0.0
2025-09-25 00:00:00-04:00,161.30999755859375,166.35000610351562,160.07000732421875,163.66000366210938,1481200,0.0,0.0
2025-09-26 00:00:00-04:00,163.5800018310547,164.69400024414062,160.02000427246094,162.97000122070312,1220300,0.0,0.0
2025-09-29 00:00:00-04:00,163.22000122070312,164.88499450683594,162.38999938964844,163.08999633789062,1087900,0.0,0.0
2025-09-30 00:00:00-04:00,162.44000244140625,164.63999938964844,159.9499969482422,160.97000122070312,1214000,0.0,0.0
2025-10-01 00:00:00-04:00,160.11000061035156,163.39999389648438,157.7899932861328,161.61000061035156,1583800,0.0,0.0
2025-10-02 00:00:00-04:00,161.91000366210938,161.91000366210938,157.4250030517578,160.2100067138672,1042400,0.0,0.0
2025-10-03 00:00:00-04:00,161.5399932861328,167.91000366210938,160.58999633789062,167.35000610351562,1145300,0.0,0.0
2025-10-06 00:00:00-04:00,167.36000061035156,172.67999267578125,167.21499633789062,170.3800048828125,1424700,0.0,0.0
2025-10-07 00:00:00-04:00,170.4600067138672,173.6199951171875,167.3300018310547,168.52999877929688,1052900,0.0,0.0
2025-10-08 00:00:00-04:00,170.5800018310547,173.16000366210938,169.16000366210938,172.08999633789062,946500,0.0,0.0
2025-10-09 00:00:00-04:00,171.4600067138672,174.75,171.02000427246094,173.05499267578125,859800,0.0,0.0
2025-10-10 00:00:00-04:00,173.1699981689453,173.77999877929688,167.98500061035156,169.27000427246094,971300,0.0,0.0
2025-10-13 00:00:00-04:00,170.0,174.57000732421875,169.0800018310547,174.1699981689453,1202700,0.0,0.0
2025-10-14 00:00:00-04:00,173.0,176.36000061035156,170.81500244140625,172.80999755859375,882000,0.0,0.0
2025-10-15 00:00:00-04:00,173.24000549316406,181.8800048828125,172.82000732421875,179.4199981689453,1278300,0.0,0.0
2025-10-16 00:00:00-04:00,179.5800018310547,187.33999633789062,179.14999389648438,180.5399932861328,1189400,0.0,0.0
2025-10-17 00:00:00-04:00,179.08999633789062,182.4199981689453,178.00999450683594,181.69000244140625,998200,0.0,0.0
2025-10-20 00:00:00-04:00,184.72000122070312,196.6300048828125,183.4550018310547,188.60000610351562,1737000,0.0,0.0
2025-10-21 00:00:00-04:00,187.9499969482422,190.1999969482422,185.64999389648438,186.8800048828125,782500,0.0,0.0
2025-10-22 00:00:00-04:00,186.67999267578125,189.02000427246094,183.8800048828125,188.02000427246094,1333600,0.0,0.0
2025-10-23 00:00:00-04:00,187.16000366210938,195.07000732421875,187.16000366210938,195.0,936800,0.0,0.0
2025-10-24 00:00:00-04:00,196.77000427246094,198.99000549316406,191.75,192.50999450683594,1086100,0.0,0.0
2025-10-27 00:00:00-04:00,194.72000122070312,195.43499755859375,189.3800048828125,192.22000122070312,1108800,0.0,0.0
2025-10-28 00:00:00-04:00,191.97000122070312,192.69500732421875,189.00999450683594,189.57000732421875,946600,0.0,0.0
2025-10-29 00:00:00-04:00,188.05999755859375,195.1199951171875,188.05999755859375,192.80999755859375,893300,0.0,0.0
2025-10-30 00:00:00-04:00,194.3000030517578,198.55999755859375,190.55999755859375,193.22000122070312,1044700,0.0,0.0
2025-10-31 00:00:00-04:00,193.41000366210938,199.2100067138672,192.2899932861328,198.92999267578125,1921000,0.0,0.0
2025-11-03 00:00:00-05:00,198.7100067138672,200.75999450683594,194.07000732421875,198.22999572753906,1636700,0.0,0.0
2025-11-04 00:00:00-05:00,196.4499969482422,203.22500610351562,195.62100219726562,196.4499969482422,1849000,0.0,0.0
2025-11-05 00:00:00-05:00,196.6300048828125,202.0,193.1840057373047,199.9199981689453,1230600,0.0,0.0
2025-11-06 00:00:00-05:00,198.69000244140625,201.0800018310547,195.8699951171875,198.47999572753906,1928800,0.0,0.0
2025-11-07 00:00:00-05:00,186.27499389648438,201.1999969482422,182.1999969482422,199.57000732421875,2707200,0.0,0.0
2025-11-10 00:00:00-05:00,201.0,210.89999389648438,199.72999572753906,206.6300048828125,1452700,0.0,0.0
2025-11-11 00:00:00-05:00,207.44000244140625,210.08999633789062,205.67999267578125,206.72000122070312,1230700,0.0,0.0
2025-11-12 00:00:00-05:00,206.72000122070312,212.2100067138672,206.72000122070312,209.5,1538100,0.0,0.0
2025-11-13 00:00:00-05:00,206.4600067138672,209.0,200.33999633789062,200.6699981689453,1490300,0.0,0.0
2025-11-14 00:00:00-05:00,196.27000427246094,205.8000030517578,195.13999938964844,204.27999877929688,1289000,0.0,0.0
2025-11-17 00:00:00-05:00,204.27999877929688,208.5399932861328,203.0,206.0399932861328,1076200,0.0,0.0
2025-11-18 00:00:00-05:00,204.72999572753906,215.80999755859375,204.35000610351562,213.64999389648438,2172000,0.0,0.0
2025-11-19 00:00:00-05:00,214.44000244140625,220.52999877929688,212.3300018310547,218.35000610351562,2143800,0.0,0.0
2025-11-20 00:00:00-05:00,220.0,229.9499969482422,220.0,225.5500030517578,3444900,0.0,0.0
2025-11-21 00:00:00-05:00,225.0,235.88999938964844,223.60000610351562,230.6300048828125,2871400,0.0,0.0
2025-11-24 00:00:00-05:00,230.6300048828125,239.39999389648438,227.7100067138672,238.5800018310547,2404000,0.0,0.0
2025-11-25 00:00:00-05:00,240.39999389648438,240.39999389648438,233.2100067138672,236.49000549316406,1862800,0.0,0.0
2025-11-26 00:00:00-05:00,238.38999938964844,241.27999877929688,236.52999877929688,237.1199951171875,1320800,0.0,0.0
2025-11-28 00:00:00-05:00,236.99000549316406,239.75999450683594,235.77000427246094,238.80999755859375,500600,0.0,0.0
2025-12-01 00:00:00-05:00,239.63999938964844,240.1750030517578,233.6699981689453,234.25,824100,0.0,0.0
2025-12-02 00:00:00-05:00,236.9499969482422,238.72999572753906,233.8300018310547,236.63999938964844,1063100,0.0,0.0
2025-12-03 00:00:00-05:00,237.8000030517578,239.17999267578125,234.6300048828125,238.2100067138672,1576200,0.0,0.0
2025-12-04 00:00:00-05:00,239.11000061035156,243.72999572753906,237.86000061035156,242.05999755859375,1234800,0.0,0.0
2025-12-05 00:00:00-05:00,242.22000122070312,245.58999633789062,239.0,244.5500030517578,1369800,0.0,0.0
2025-12-08 00:00:00-05:00,245.3300018310547,246.89999389648438,238.05999755859375,239.13999938964844,1403700,0.0,0.0
2025-12-09 00:00:00-05:00,239.5,241.4499969482422,234.05999755859375,235.52999877929688,1082300,0.0,0.0
2025-12-10 00:00:00-05:00,235.5800018310547,239.21499633789062,231.67999267578125,233.1300048828125,1299800,0.0,0.0
2025-12-11 00:00:00-05:00,230.00999450683594,234.8249969482422,227.44000244140625,231.0500030517578,1116800,0.0,0.0
2025-12-12 00:00:00-05:00,231.5,232.22999572753906,225.5800018310547,231.9499969482422,1362700,0.0,0.0
2025-12-15 00:00:00-05:00,229.2899932861328,232.75999450683594,227.0,228.39999389648438,1141600,0.0,0.0
2025-12-16 00:00:00-05:00,227.80999755859375,229.22000122070312,225.8000030517578,227.39999389648438,898300,0.0,0.0
2025-12-17 00:00:00-05:00,227.7899932861328,228.3800048828125,221.83999633789062,225.49000549316406,1870900,0.0,0.0
2025-12-18 00:00:00-05:00,225.49000549316406,228.7100067138672,223.97799682617188,224.74000549316406,1288900,0.0,0.0
2025-12-19 00:00:00-05:00,227.0500030517578,232.38999938964844,224.74000549316406,231.9600067138672,2218200,0.0,0.0
2025-12-22 00:00:00-05:00,233.91000366210938,237.0399932861328,231.0659942626953,235.57000732421875,1462900,0.0,0.0
2025-12-23 00:00:00-05:00,234.7100067138672,236.99000549316406,232.0500030517578,235.39999389648438,1003800,0.0,0.0
2025-12-24 00:00:00-05:00,234.67999267578125,236.36500549316406,232.69500732421875,235.5399932861328,468100,0.0,0.0
2025-12-26 00:00:00-05:00,233.4499969482422,236.3300018310547,233.36000061035156,233.74000549316406,410900,0.0,0.0
2025-12-29 00:00:00-05:00,232.64999389648438,233.66000366210938,230.08999633789062,231.3000030517578,491800,0.0,0.0
2025-12-30 00:00:00-05:00,230.6300048828125,232.60000610351562,227.88999938964844,229.97999572753906,660400,0.0,0.0
2025-12-31 00:00:00-05:00,229.97999572753906,231.91000366210938,228.80999755859375,229.08999633789062,621500,0.0,0.0
2026-01-02 00:00:00-05:00,228.9499969482422,230.06500244140625,225.8249969482422,228.83999633789062,827100,0.0,0.0
2026-01-05 00:00:00-05:00,229.8800048828125,237.5,227.69000244140625,237.4199981689453,1088500,0.0,0.0
2026-01-06 00:00:00-05:00,237.5,249.14999389648438,237.4199981689453,248.74000549316406,1550700,0.0,0.0
2026-01-07 00:00:00-05:00,253.0800018310547,256.3599853515625,250.25999450683594,254.39999389648438,1199500,0.0,0.0
2026-01-08 00:00:00-05:00,252.47999572753906,256.0,232.29100036621094,239.55999755859375,1977700,0.0,0.0
2026-01-09 00:00:00-05:00,241.83999633789062,241.89999389648438,232.36000061035156,234.30999755859375,1016100,0.0,0.0
2026-01-12 00:00:00-05:00,236.0,243.47000122070312,226.1199951171875,235.4499969482422,1738600,0.0,0.0
2026-01-13 00:00:00-05:00,236.83999633789062,239.42999267578125,230.9600067138672,237.88999938964844,1144000,0.0,0.0
2026-01-14 00:00:00-05:00,235.86000061035156,239.3800048828125,233.4499969482422,239.19000244140625,904100,0.0,0.0
2026-01-15 00:00:00-05:00,240.24000549316406,243.02999877929688,234.51499938964844,240.33999633789062,1013600,0.0,0.0
2026-01-16 00:00:00-05:00,239.35000610351562,241.0,230.1300048828125,231.25,1470400,0.0,0.0
2026-01-20 00:00:00-05:00,228.0800018310547,235.4600067138672,226.66000366210938,234.85000610351562,1473800,0.0,0.0
2026-01-21 00:00:00-05:00,235.0,243.69000244140625,234.0399932861328,242.77999877929688,1416200,0.0,0.0
2026-01-22 00:00:00-05:00,243.1199951171875,250.0,242.2100067138672,242.91000366210938,971300,0.0,0.0
2026-01-23 00:00:00-05:00,243.6300048828125,249.25999450683594,240.57000732421875,241.5800018310547,961100,0.0,0.0
2026-01-26 00:00:00-05:00,241.14999389648438,246.26499938964844,239.0,241.38999938964844,656000,0.0,0.0
2026-01-27 00:00:00-05:00,240.4600067138672,244.3300018310547,238.8699951171875,240.33999633789062,578700,0.0,0.0
2026-01-28 00:00:00-05:00,240.9600067138672,240.99000549316406,235.61000061035156,235.92999267578125,871600,0.0,0.0
2026-01-29 00:00:00-05:00,234.9199981689453,235.00999450683594,229.13999938964844,231.47999572753906,947100,0.0,0.0
2026-01-30 00:00:00-05:00,231.47000122070312,235.6199951171875,229.30099487304688,231.13999938964844,666000,0.0,0.0
2026-02-02 00:00:00-05:00,228.5,234.22000122070312,226.23699951171875,231.10000610351562,1250300,0.0,0.0
2026-02-03 00:00:00-05:00,232.44000244140625,236.5800018310547,224.2100067138672,227.67999267578125,937200,0.0,0.0
2026-02-04 00:00:00-05:00,226.36000061035156,226.75,204.86000061035156,205.61000061035156,2452200,0.0,0.0
2026-02-05 00:00:00-05:00,204.52999877929688,209.75999450683594,195.46099853515625,197.0800018310547,1783100,0.0,0.0
2026-02-06 00:00:00-05:00,199.72999572753906,203.67999267578125,194.02000427246094,203.0399932861328,1564000,0.0,0.0
2026-02-09 00:00:00-05:00,207.30999755859375,213.49000549316406,207.2949981689453,210.5800018310547,1183800,0.0,0.0
2026-02-10 00:00:00-05:00,210.14999389648438,214.36000061035156,209.9429931640625,211.64999389648438,1054500,0.0,0.0
2026-02-11 00:00:00-05:00,212.58999633789062,212.77000427246094,203.86000061035156,212.4600067138672,898300,0.0,0.0
2026-02-12 00:00:00-05:00,211.3300018310547,213.9550018310547,204.05999755859375,207.8350067138672,931200,0.0,0.0
2026-02-13 00:00:00-05:00,208.8300018310547,213.3000030517578,204.0399932861328,206.22999572753906,790400,0.0,0.0
2026-02-17 00:00:00-05:00,206.06500244140625,211.50999450683594,204.24000549316406,211.25,791000,0.0,0.0
2026-02-18 00:00:00-05:00,211.75999450683594,220.64999389648438,210.57000732421875,215.52999877929688,1002100,0.0,0.0
2026-02-19 00:00:00-05:00,216.72999572753906,218.5,213.1999969482422,216.36000061035156,744500,0.0,0.0
2026-02-20 00:00:00-05:00,216.36000061035156,218.2550048828125,208.57000732421875,212.1199951171875,1180400,0.0,0.0
2026-02-23 00:00:00-05:00,211.74000549316406,212.875,207.00999450683594,209.35000610351562,776300,0.0,0.0
2026-02-24 00:00:00-05:00,208.39999389648438,212.47999572753906,207.22000122070312,209.52999877929688,693400,0.0,0.0
2026-02-25 00:00:00-05:00,211.64999389648438,214.38999938964844,209.02000427246094,211.8300018310547,1014000,0.0,0.0
2026-02-26 00:00:00-05:00,212.6699981689453,216.63999938964844,211.1999969482422,216.10000610351562,1202700,0.0,0.0
2026-02-27 00:00:00-05:00,211.02000427246094,212.99000549316406,196.22000122070312,208.0399932861328,2761800,0.0,0.0
2026-03-02 00:00:00-05:00,200.1699981689453,203.91000366210938,196.22000122070312,200.1699981689453,1486700,0.0,0.0
2026-03-03 00:00:00-05:00,195.6699981689453,210.50999450683594,192.59500122070312,207.0399932861328,1543000,0.0,0.0
2026-03-04 00:00:00-05:00,207.1699981689453,208.5959930419922,201.85000610351562,203.02999877929688,859300,0.0,0.0
2026-03-05 00:00:00-05:00,201.00999450683594,203.27999877929688,193.85000610351562,197.13999938964844,1464900,0.0,0.0
2026-03-06 00:00:00-05:00,193.27000427246094,198.33999633789062,193.27000427246094,198.1300048828125,1226100,0.0,0.0
2026-03-09 00:00:00-04:00,194.19000244140625,205.6199951171875,194.19000244140625,205.22000122070312,1422500,0.0,0.0
2026-03-10 00:00:00-04:00,205.97999572753906,207.0800018310547,198.4499969482422,198.9499969482422,902900,0.0,0.0
2026-03-11 00:00:00-04:00,196.36000061035156,201.27000427246094,194.5500030517578,196.61000061035156,1404600,0.0,0.0
2026-03-12 00:00:00-04:00,193.75,195.39999389648438,186.07000732421875,190.30999755859375,1758700,0.0,0.0
2026-03-13 00:00:00-04:00,191.3800048828125,192.36000061035156,187.00999450683594,187.85000610351562,1261700,0.0,0.0
2026-03-16 00:00:00-04:00,191.44000244140625,198.17999267578125,190.6649932861328,197.67999267578125,1574900,0.0,0.0
2026-03-17 00:00:00-04:00,199.52999877929688,203.2899932861328,197.75,198.3800048828125,1143100,0.0,0.0
2026-03-18 00:00:00-04:00,197.5399932861328,200.42999267578125,195.2899932861328,197.7899932861328,1450800,0.0,0.0
2026-03-19 00:00:00-04:00,196.6300048828125,204.343994140625,196.0,202.72999572753906,1220200,0.0,0.0
2026-03-20 00:00:00-04:00,200.6300048828125,201.2899932861328,194.02000427246094,195.27999877929688,2362700,0.0,0.0
2026-03-23 00:00:00-04:00,197.10000610351562,201.8699951171875,196.74000549316406,200.08999633789062,853800,0.0,0.0
2026-03-24 00:00:00-04:00,198.77000427246094,198.77000427246094,191.4969940185547,194.52000427246094,787200,0.0,0.0
2026-03-25 00:00:00-04:00,196.39999389648438,202.8800048828125,195.78500366210938,197.3699951171875,666700,0.0,0.0
2026-03-26 00:00:00-04:00,195.36000061035156,198.52000427246094,194.55499267578125,196.14999389648438,643500,0.0,0.0
2026-03-27 00:00:00-04:00,195.69000244140625,195.99000549316406,181.0,182.64999389648438,1063200,0.0,0.0
2026-03-30 00:00:00-04:00,184.02999877929688,187.0,181.47999572753906,186.83999633789062,995200,0.0,0.0
2026-03-31 00:00:00-04:00,190.33999633789062,200.55999755859375,190.2899932861328,199.99000549316406,1419700,0.0,0.0
2026-04-01 00:00:00-04:00,201.0,205.97999572753906,199.65499877929688,203.2100067138672,1294500,0.0,0.0
2026-04-02 00:00:00-04:00,198.19000244140625,210.99000549316406,198.02000427246094,207.97999572753906,1279900,0.0,0.0
2026-04-06 00:00:00-04:00,206.33999633789062,208.32000732421875,203.13999938964844,204.8699951171875,808800,0.0,0.0
2026-04-07 00:00:00-04:00,205.27999877929688,209.75,203.1699981689453,209.27000427246094,906500,0.0,0.0
2026-04-08 00:00:00-04:00,215.9600067138672,220.0,209.86000061035156,210.8300018310547,1094600,0.0,0.0
2026-04-09 00:00:00-04:00,209.35000610351562,209.38999938964844,199.54299926757812,203.0,1490700,0.0,0.0
2026-04-10 00:00:00-04:00,202.9199981689453,205.5800018310547,184.0,193.02999877929688,2871600,0.0,0.0
2026-04-13 00:00:00-04:00,193.72999572753906,202.80999755859375,193.72999572753906,201.89999389648438,1203900,0.0,0.0
2026-04-14 00:00:00-04:00,207.52000427246094,215.0,206.36000061035156,214.63999938964844,1734400,0.0,0.0
2026-04-15 00:00:00-04:00,217.6199951171875,219.46499633789062,206.25999450683594,207.19000244140625,1381700,0.0,0.0
2026-04-16 00:00:00-04:00,205.00999450683594,205.66099548339844,194.2899932861328,196.11000061035156,1848700,0.0,0.0
2026-04-17 00:00:00-04:00,200.13999938964844,209.27499389648438,198.27999877929688,208.39999389648438,1427000,0.0,0.0
2026-04-20 00:00:00-04:00,206.32000732421875,210.8699951171875,206.1300048828125,207.74000549316406,824800,0.0,0.0
2026-04-21 00:00:00-04:00,208.0,212.77000427246094,205.2050018310547,205.4199981689453,769900,0.0,0.0
2026-04-22 00:00:00-04:00,207.41000366210938,209.3300018310547,203.47000122070312,207.77999877929688,1001500,0.0,0.0
2026-04-23 00:00:00-04:00,204.88999938964844,204.92999267578125,192.7949981689453,201.13999938964844,1166300,0.0,0.0
2026-04-24 00:00:00-04:00,201.13999938964844,206.44000244140625,198.63999938964844,203.75,1000400,0.0,0.0
2026-04-27 00:00:00-04:00,202.60000610351562,207.79200744628906,201.94000244140625,204.38999938964844,1064400,0.0,0.0
2026-04-28 00:00:00-04:00,200.9600067138672,202.99000549316406,195.97000122070312,200.1699981689453,1664700,0.0,0.0
2026-04-29 00:00:00-04:00,197.52000427246094,199.80999755859375,189.52999877929688,194.75,963700,0.0,0.0
2026-04-30 00:00:00-04:00,196.74000549316406,209.91000366210938,196.69000244140625,206.16000366210938,1772700,0.0,0.0
2026-05-01 00:00:00-04:00,205.2899932861328,208.66200256347656,200.07000732421875,207.27999877929688,946700,0.0,0.0
2026-05-04 00:00:00-04:00,206.8699951171875,212.0,204.52000427246094,211.55999755859375,1291300,0.0,0.0
2026-05-05 00:00:00-04:00,213.0,213.83999633789062,205.0050048828125,206.77000427246094,1065500,0.0,0.0
2026-05-06 00:00:00-04:00,208.5399932861328,218.08999633789062,206.4199981689453,215.08999633789062,2136300,0.0,0.0
2026-05-07 00:00:00-04:00,215.5,221.55999755859375,209.88999938964844,219.82000732421875,2765900,0.0,0.0
2026-05-08 00:00:00-04:00,210.0,217.64500427246094,192.52000427246094,194.24000549316406,3925700,0.0,0.0
2026-05-11 00:00:00-04:00,194.1199951171875,202.4199981689453,190.57000732421875,199.13999938964844,2041700,0.0,0.0
2026-05-12 00:00:00-04:00,199.4600067138672,206.0,198.00999450683594,204.2100067138672,1566700,0.0,0.0
2026-05-13 00:00:00-04:00,204.0800018310547,204.0800018310547,194.02999877929688,195.32000732421875,1664200,0.0,0.0
2026-05-14 00:00:00-04:00,195.50999450683594,200.51499938964844,195.0800018310547,196.91000366210938,1382200,0.0,0.0
2026-05-15 00:00:00-04:00,197.61000061035156,198.64500427246094,184.80999755859375,186.36000061035156,2240000,0.0,0.0
2026-05-18 00:00:00-04:00,190.0,197.52499389648438,188.5,192.5399932861328,2145000,0.0,0.0
2026-05-19 00:00:00-04:00,193.4499969482422,198.11000061035156,190.0500030517578,196.0399932861328,1273600,0.0,0.0
2026-05-20 00:00:00-04:00,199.75,205.36000061035156,197.15499877929688,204.9199981689453,1513900,0.0,0.0
2026-05-21 00:00:00-04:00,204.75,210.0,198.97000122070312,203.69000244140625,1493400,0.0,0.0
2026-05-22 00:00:00-04:00,204.3699951171875,210.6699981689453,202.2550048828125,203.19000244140625,1036200,0.0,0.0
2026-05-26 00:00:00-04:00,205.47000122070312,209.0,197.6300048828125,200.91000366210938,1466300,0.0,0.0
2026-05-27 00:00:00-04:00,200.52000427246094,204.63999938964844,196.44000244140625,203.11000061035156,1273000,0.0,0.0
2026-05-28 00:00:00-04:00,202.64999389648438,214.16000366210938,200.1699981689453,213.94000244140625,1861900,0.0,0.0
2026-05-29 00:00:00-04:00,214.97000122070312,225.6999969482422,211.39700317382812,223.3699951171875,2690800,0.0,0.0
2026-06-01 00:00:00-04:00,220.8300018310547,225.10000610351562,216.60000610351562,218.80999755859375,1334300,0.0,0.0
2026-06-02 00:00:00-04:00,214.8000030517578,216.96499633789062,210.7899932861328,212.72999572753906,1174600,0.0,0.0
2026-06-03 00:00:00-04:00,209.46499633789062,213.25999450683594,204.16000366210938,211.85000610351562,1463500,0.0,0.0
2026-06-04 00:00:00-04:00,213.9499969482422,227.89999389648438,212.1699981689453,222.10000610351562,1266700,0.0,0.0
2026-06-05 00:00:00-04:00,218.19000244140625,222.13499450683594,214.82000732421875,215.30999755859375,849100,0.0,0.0
2026-06-08 00:00:00-04:00,215.86000061035156,220.08999633789062,212.02999877929688,213.47000122070312,1115200,0.0,0.0
2026-06-09 00:00:00-04:00,216.60000610351562,222.97999572753906,211.25,222.82000732421875,1210900,0.0,0.0
2026-06-10 00:00:00-04:00,221.66000366210938,224.6999969482422,215.50999450683594,216.5,1026300,0.0,0.0
2026-06-11 00:00:00-04:00,216.67999267578125,221.6199951171875,213.07000732421875,219.22999572753906,736000,0.0,0.0
2026-06-12 00:00:00-04:00,223.7100067138672,223.7100067138672,208.79400634765625,212.07000732421875,811700,0.0,0.0
2026-06-15 00:00:00-04:00,213.63999938964844,219.44000244140625,209.57000732421875,216.97000122070312,1017200,0.0,0.0
2026-06-16 00:00:00-04:00,216.77999877929688,223.92599487304688,214.77000427246094,220.11000061035156,1378800,0.0,0.0
2026-06-17 00:00:00-04:00,219.17999267578125,231.88999938964844,217.72000122070312,226.44000244140625,1777300,0.0,0.0
2026-06-18 00:00:00-04:00,232.63999938964844,237.1529998779297,227.92999267578125,231.41000366210938,2630800,0.0,0.0
2026-06-22 00:00:00-04:00,231.52000427246094,234.13499450683594,219.5,228.8000030517578,1577700,0.0,0.0
2026-06-23 00:00:00-04:00,225.7100067138672,240.72000122070312,224.35000610351562,234.75999450683594,2063000,0.0,0.0
2026-06-24 00:00:00-04:00,243.0,264.6499938964844,239.0,259.9700012207031,2941700,0.0,0.0
2026-06-25 00:00:00-04:00,258.92999267578125,271.4700012207031,258.5,260.739990234375,2466700,0.0,0.0
2026-06-26 00:00:00-04:00,262.4200134277344,270.42999267578125,257.07000732421875,261.9100036621094,3411700,0.0,0.0
2026-06-29 00:00:00-04:00,265.0,274.8599853515625,263.0,272.30999755859375,1784100,0.0,0.0
2026-06-30 00:00:00-04:00,271.45001220703125,275.239990234375,265.3890075683594,271.45001220703125,1371600,0.0,0.0
2026-07-01 00:00:00-04:00,273.0,279.4200134277344,266.3299865722656,276.2699890136719,1861700,0.0,0.0
2026-07-02 00:00:00-04:00,278.4700012207031,279.6300048828125,271.6400146484375,279.32000732421875,1274000,0.0,0.0
2026-07-06 00:00:00-04:00,277.5,288.0400085449219,276.3999938964844,283.79998779296875,1358500,0.0,0.0
2026-07-07 00:00:00-04:00,284.510009765625,287.635009765625,278.07000732421875,281.2699890136719,1759700,0.0,0.0
2026-07-08 00:00:00-04:00,276.5899963378906,279.8299865722656,269.6600036621094,274.3900146484375,1398500,0.0,0.0
2026-07-09 00:00:00-04:00,273.1400146484375,283.7650146484375,273.0,281.8500061035156,1958200,0.0,0.0
2026-07-10 00:00:00-04:00,281.8500061035156,283.8699951171875,268.9700012207031,269.95001220703125,969700,0.0,0.0
2026-07-13 00:00:00-04:00,266.8800048828125,273.3349914550781,261.6300048828125,272.8900146484375,1527800,0.0,0.0
2026-07-14 00:00:00-04:00,276.7300109863281,278.79998779296875,271.2300109863281,272.6600036621094,954500,0.0,0.0
2026-07-15 00:00:00-04:00,274.82000732421875,278.7099914550781,271.14300537109375,277.3699951171875,867600,0.0,0.0
2026-07-16 00:00:00-04:00,279.69500732421875,282.0,268.1600036621094,269.8299865722656,949000,0.0,0.0
2026-07-17 00:00:00-04:00,265.3999938964844,272.30999755859375,262.0,271.3900146484375,1014400,0.0,0.0
2026-07-20 00:00:00-04:00,268.80999755859375,271.6400146484375,262.010009765625,262.6300048828125,833700,0.0,0.0
2026-07-21 00:00:00-04:00,262.0899963378906,268.7099914550781,255.65499877929688,267.17999267578125,994600,0.0,0.0
2026-07-22 00:00:00-04:00,263.375,266.0,257.8399963378906,264.2200012207031,807100,0.0,0.0
2026-07-23 00:00:00-04:00,264.2200012207031,273.0,261.5899963378906,264.69000244140625,598300,0.0,0.0
2026-07-24 00:00:00-04:00,264.69000244140625,266.8699951171875,260.2699890136719,261.989990234375,699400,0.0,0.0
2026-07-27 00:00:00-04:00,263.8299865722656,267.2699890136719,257.0,258.0299987792969,977800,0.0,0.0
2026-07-28 00:00:00-04:00,256.4599914550781,257.44000244140625,248.5800018310547,252.22000122070312,1024700,0.0,0.0
2026-07-29 00:00:00-04:00,251.33999633789062,258.0299987792969,248.0279998779297,253.82000732421875,925200,0.0,0.0
2026-07-30 00:00:00-04:00,252.38999938964844,271.25,252.38999938964844,269.6600036621094,1184100,0.0,0.0
2026-07-31 00:00:00-04:00,275.0,275.1199951171875,262.2850036621094,267.760009765625,1331400,0.0,0.0
2026-08-03 00:00:00-04:00,265.1000061035156,272.5400085449219,259.79998779296875,270.3599853515625,1156100,0.0,0.0
2026-08-04 00:00:00-04:00,270.3599853515625,276.9700012207031,265.239990234375,275.19000244140625,1922900,0.0,0.0
2026-08-05 00:00:00-04:00,275.19000244140625,279.9700012207031,271.5199890136719,274.6199951171875,1128700,0.0,0.0
2026-08-06 00:00:00-04:00,267.7099914550781,272.364990234375,263.54998779296875,265.3800048828125,1590300,0.0,0.0
2026-08-07 00:00:00-04:00,320.8999938964844,323.010009765625,306.3800048828125,322.1000061035156,3387000,0.0,0.0
2026-08-10 00:00:00-04:00,321.5299987792969,326.0299987792969,310.95001220703125,318.3500061035156,2154600,0.0,0.0
2026-08-11 00:00:00-04:00,317.7799987792969,319.9800109863281,311.7300109863281,312.7200012207031,953300,0.0,0.0
2026-08-12 00:00:00-04:00,313.4700012207031,321.7200012207031,312.0,315.9599914550781,1579700,0.0,0.0
2026-08-13 00:00:00-04:00,317.67999267578125,319.9100036621094,307.9849853515625,310.7799987792969,1522100,0.0,0.0
2026-08-14 00:00:00-04:00,308.010009765625,311.989990234375,305.0,309.92999267578125,1273700,0.0,0.0
2026-08-17 00:00:00-04:00,310.489990234375,318.6050109863281,308.4010009765625,314.17999267578125,1271300,0.0,0.0
2026-08-18 00:00:00-04:00,311.6300048828125,318.57000732421875,310.3800048828125,311.69000244140625,1132500,0.0,0.0
2026-08-19 00:00:00-04:00,321.010009765625,325.8299865722656,313.4649963378906,325.07000732421875,1791900,0.0,0.0
2026-08-20 00:00:00-04:00,321.04998779296875,333.55999755859375,320.0,324.8399963378906,1738300,0.0,0.0
2026-08-21 00:00:00-04:00,321.6099853515625,332.9800109863281,320.41009521484375,332.0299987792969,1214658,0.0,0.0
