Date,Open,High,Low,Close,Volume,Dividends,Stock Splits
2022-01-03 00:00:00-05:00,134.6199951171875,137.39999389648438,131.49000549316406,135.75,146400,0.0,0.0
2022-01-04 00:00:00-05:00,135.6699981689453,135.94000244140625,127.93000030517578,132.9600067138672,243600,0.0,0.0
2022-01-05 00:00:00-05:00,131.25,133.2899932861328,121.58000183105469,123.37000274658203,328000,0.0,0.0
2022-01-06 00:00:00-05:00,121.44999694824219,123.80000305175781,117.0999984741211,121.69999694824219,178600,0.0,0.0
2022-01-07 00:00:00-05:00,121.18000030517578,122.16999816894531,116.33000183105469,116.86000061035156,123900,0.0,0.0
2022-01-10 00:00:00-05:00,114.86000061035156,116.77999877929688,111.95500183105469,116.18000030517578,281600,0.0,0.0
2022-01-11 00:00:00-05:00,116.06999969482422,122.7699966430664,116.06999969482422,118.87999725341797,205100,0.0,0.0
2022-01-12 00:00:00-05:00,118.9000015258789,122.625,117.19000244140625,121.8499984741211,245100,0.0,0.0
2022-01-13 00:00:00-05:00,123.0,128.03500366210938,118.33999633789062,119.05000305175781,488200,0.0,0.0
2022-01-14 00:00:00-05:00,119.05000305175781,128.49000549316406,116.79000091552734,122.95999908447266,246300,0.0,0.0
2022-01-18 00:00:00-05:00,121.63999938964844,121.63999938964844,116.4800033569336,117.51000213623047,369900,0.0,0.0
2022-01-19 00:00:00-05:00,117.86000061035156,122.41500091552734,116.58999633789062,118.29000091552734,145300,0.0,0.0
2022-01-20 00:00:00-05:00,119.80999755859375,126.75,110.56999969482422,111.13999938964844,297600,0.0,0.0
2022-01-21 00:00:00-05:00,110.0199966430664,113.27999877929688,105.71499633789062,107.97000122070312,439600,0.0,0.0
2022-01-24 00:00:00-05:00,107.33999633789062,116.45999908447266,104.58999633789062,115.0199966430664,893000,0.0,0.0
2022-01-25 00:00:00-05:00,113.81999969482422,115.87000274658203,109.33999633789062,113.58000183105469,390200,0.0,0.0
2022-01-26 00:00:00-05:00,114.7699966430664,120.61499786376953,112.80000305175781,116.16000366210938,445900,0.0,0.0
2022-01-27 00:00:00-05:00,118.0,120.0999984741211,112.5999984741211,115.01000213623047,412400,0.0,0.0
2022-01-28 00:00:00-05:00,115.75,120.30000305175781,111.19999694824219,119.76000213623047,278200,0.0,0.0
2022-01-31 00:00:00-05:00,119.16999816894531,123.8550033569336,119.16999816894531,121.63999938964844,308400,0.0,0.0
2022-02-01 00:00:00-05:00,122.11000061035156,125.41999816894531,119.3550033569336,121.2699966430664,260600,0.0,0.0
2022-02-02 00:00:00-05:00,120.9800033569336,121.24500274658203,118.40299987792969,120.47000122070312,170600,0.0,0.0
2022-02-03 00:00:00-05:00,118.75,119.5199966430664,115.39900207519531,115.83999633789062,125500,0.0,0.0
2022-02-04 00:00:00-05:00,115.91999816894531,122.73500061035156,113.8499984741211,121.80999755859375,238000,0.0,0.0
2022-02-07 00:00:00-05:00,122.38999938964844,126.07499694824219,119.81999969482422,120.98999786376953,133700,0.0,0.0
2022-02-08 00:00:00-05:00,120.01000213623047,124.0199966430664,118.12999725341797,123.44000244140625,159800,0.0,0.0
2022-02-09 00:00:00-05:00,124.0999984741211,128.41000366210938,124.0999984741211,125.0,147400,0.0,0.0
2022-02-10 00:00:00-05:00,123.04000091552734,128.5500030517578,122.6449966430664,123.51000213623047,227900,0.0,0.0
2022-02-11 00:00:00-05:00,124.98999786376953,128.97000122070312,121.93000030517578,122.83999633789062,99600,0.0,0.0
2022-02-14 00:00:00-05:00,125.5999984741211,125.86499786376953,121.02999877929688,121.73999786376953,154400,0.0,0.0
2022-02-15 00:00:00-05:00,123.31999969482422,127.0,121.83000183105469,122.58999633789062,223300,0.0,0.0
2022-02-16 00:00:00-05:00,122.31999969482422,124.80000305175781,114.43000030517578,117.70999908447266,334800,0.0,0.0
2022-02-17 00:00:00-05:00,116.37000274658203,119.80999755859375,114.20999908447266,114.73999786376953,222900,0.0,0.0
2022-02-18 00:00:00-05:00,113.22000122070312,114.61000061035156,109.69000244140625,111.98999786376953,208500,0.0,0.0
2022-02-22 00:00:00-05:00,111.5,113.66999816894531,108.08799743652344,111.0199966430664,120500,0.0,0.0
2022-02-23 00:00:00-05:00,111.5999984741211,112.30000305175781,105.5,107.30000305175781,300500,0.0,0.0
2022-02-24 00:00:00-05:00,103.80999755859375,109.80000305175781,103.80999755859375,107.19000244140625,424600,0.0,0.0
2022-02-25 00:00:00-05:00,109.16000366210938,109.16000366210938,106.2300033569336,108.5199966430664,240400,0.0,0.0
2022-02-28 00:00:00-05:00,107.66999816894531,113.93499755859375,107.33999633789062,112.38999938964844,272100,0.0,0.0
2022-03-01 00:00:00-05:00,114.31999969482422,117.0,108.05999755859375,108.83000183105469,302100,0.0,0.0
2022-03-02 00:00:00-05:00,108.73999786376953,109.41000366210938,105.625,106.4800033569336,556400,0.0,0.0
2022-03-03 00:00:00-05:00,107.76000213623047,108.5,102.0,105.5199966430664,422000,0.0,0.0
2022-03-04 00:00:00-05:00,104.55999755859375,106.80000305175781,102.25,104.52999877929688,233500,0.0,0.0
2022-03-07 00:00:00-05:00,104.08000183105469,105.87999725341797,103.22000122070312,105.55999755859375,173600,0.0,0.0
2022-03-08 00:00:00-05:00,105.88999938964844,108.52999877929688,104.98999786376953,105.7699966430664,242500,0.0,0.0
2022-03-09 00:00:00-05:00,106.97000122070312,109.4749984741211,104.29499816894531,104.8499984741211,156600,0.0,0.0
2022-03-10 00:00:00-05:00,102.69000244140625,104.83000183105469,101.625,102.48999786376953,523000,0.0,0.0
2022-03-11 00:00:00-05:00,103.47000122070312,105.81500244140625,101.04000091552734,102.18000030517578,410700,0.0,0.0
2022-03-14 00:00:00-04:00,112.0,113.0,96.97000122070312,102.63999938964844,1712900,0.0,0.0
2022-03-15 00:00:00-04:00,108.94000244140625,111.27999877929688,104.48999786376953,109.44000244140625,914200,0.0,0.0
2022-03-16 00:00:00-04:00,110.27999877929688,123.44000244140625,110.27999877929688,122.93000030517578,714200,0.0,0.0
2022-03-17 00:00:00-04:00,122.47000122070312,124.2699966430664,116.95500183105469,118.48999786376953,380700,0.0,0.0
2022-03-18 00:00:00-04:00,118.48999786376953,121.04000091552734,116.9000015258789,117.44000244140625,500300,0.0,0.0
2022-03-21 00:00:00-04:00,116.91000366210938,126.79199981689453,111.11000061035156,111.58000183105469,327000,0.0,0.0
2022-03-22 00:00:00-04:00,110.86000061035156,125.87999725341797,110.86000061035156,123.33999633789062,450400,0.0,0.0
2022-03-23 00:00:00-04:00,122.38999938964844,122.95999908447266,116.73999786376953,117.13999938964844,237500,0.0,0.0
2022-03-24 00:00:00-04:00,111.72000122070312,122.01000213623047,107.0,116.7300033569336,1869300,0.0,0.0
2022-03-25 00:00:00-04:00,117.05999755859375,117.5,111.91999816894531,114.38999938964844,2425900,0.0,0.0
2022-03-28 00:00:00-04:00,116.98999786376953,116.98999786376953,107.0,111.3499984741211,479200,0.0,0.0
2022-03-29 00:00:00-04:00,112.16000366210938,120.4749984741211,112.16000366210938,119.4000015258789,529400,0.0,0.0
2022-03-30 00:00:00-04:00,119.1500015258789,123.02999877929688,114.80999755859375,116.0199966430664,312600,0.0,0.0
2022-03-31 00:00:00-04:00,115.83000183105469,118.93000030517578,115.26000213623047,117.36000061035156,481200,0.0,0.0
2022-04-01 00:00:00-04:00,117.76000213623047,119.68000030517578,114.04000091552734,115.97000122070312,484800,0.0,0.0
2022-04-04 00:00:00-04:00,116.22000122070312,120.69000244140625,115.2750015258789,117.4000015258789,255400,0.0,0.0
2022-04-05 00:00:00-04:00,117.36000061035156,120.33999633789062,114.87000274658203,115.7300033569336,363300,0.0,0.0
2022-04-06 00:00:00-04:00,114.02999877929688,119.06999969482422,113.04000091552734,117.61000061035156,398300,0.0,0.0
2022-04-07 00:00:00-04:00,117.4000015258789,119.94000244140625,111.26000213623047,114.27999877929688,512400,0.0,0.0
2022-04-08 00:00:00-04:00,112.2300033569336,115.41000366210938,110.64099884033203,111.06999969482422,359200,0.0,0.0
2022-04-11 00:00:00-04:00,110.75,110.87000274658203,105.05999755859375,106.2300033569336,350400,0.0,0.0
2022-04-12 00:00:00-04:00,107.41000366210938,110.6449966430664,106.44000244140625,108.83999633789062,641100,0.0,0.0
2022-04-13 00:00:00-04:00,109.69000244140625,115.5199966430664,107.94000244140625,115.41999816894531,371800,0.0,0.0
2022-04-14 00:00:00-04:00,115.29000091552734,115.29000091552734,111.75499725341797,112.8499984741211,386600,0.0,0.0
2022-04-18 00:00:00-04:00,112.75,112.75,105.93000030517578,107.1500015258789,943200,0.0,0.0
2022-04-19 00:00:00-04:00,106.95999908447266,111.11000061035156,106.0,109.77999877929688,238800,0.0,0.0
2022-04-20 00:00:00-04:00,110.12999725341797,110.79900360107422,108.11000061035156,109.58999633789062,167700,0.0,0.0
2022-04-21 00:00:00-04:00,110.19999694824219,110.83000183105469,105.30000305175781,106.05000305175781,446000,0.0,0.0
2022-04-22 00:00:00-04:00,106.33000183105469,108.0999984741211,104.80000305175781,105.91999816894531,304100,0.0,0.0
2022-04-25 00:00:00-04:00,105.27999877929688,109.20999908447266,105.25,108.29000091552734,474400,0.0,0.0
2022-04-26 00:00:00-04:00,107.20999908447266,107.88500213623047,102.19000244140625,103.22000122070312,564600,0.0,0.0
2022-04-27 00:00:00-04:00,104.30999755859375,105.70500183105469,103.0,103.27999877929688,261500,0.0,0.0
2022-04-28 00:00:00-04:00,104.91000366210938,105.21499633789062,97.5999984741211,98.5,937000,0.0,0.0
2022-04-29 00:00:00-04:00,97.51000213623047,99.89299774169922,89.33999633789062,91.2699966430664,728300,0.0,0.0
2022-05-02 00:00:00-04:00,90.81999969482422,95.76000213623047,89.76000213623047,91.05000305175781,486500,0.0,0.0
2022-05-03 00:00:00-04:00,91.01000213623047,93.63999938964844,89.76000213623047,92.0999984741211,271500,0.0,0.0
2022-05-04 00:00:00-04:00,91.93000030517578,94.5999984741211,88.06999969482422,94.22000122070312,565400,0.0,0.0
2022-05-05 00:00:00-04:00,93.06999969482422,94.30999755859375,88.83000183105469,90.22000122070312,401900,0.0,0.0
2022-05-06 00:00:00-04:00,90.05999755859375,91.56999969482422,82.19999694824219,83.08000183105469,895700,0.0,0.0
2022-05-09 00:00:00-04:00,81.68000030517578,83.08000183105469,75.69999694824219,78.9000015258789,820300,0.0,0.0
2022-05-10 00:00:00-04:00,82.44000244140625,87.3499984741211,79.43000030517578,82.63999938964844,840500,0.0,0.0
2022-05-11 00:00:00-04:00,81.79000091552734,84.88999938964844,75.75,78.08000183105469,1012200,0.0,0.0
2022-05-12 00:00:00-04:00,65.0,81.18000030517578,61.57899856567383,80.01000213623047,3367200,0.0,0.0
2022-05-13 00:00:00-04:00,80.51000213623047,85.94999694824219,79.3550033569336,83.12000274658203,1169600,0.0,0.0
2022-05-16 00:00:00-04:00,83.12000274658203,85.44999694824219,82.62000274658203,84.7300033569336,661800,0.0,0.0
2022-05-17 00:00:00-04:00,86.05999755859375,90.93000030517578,85.02999877929688,88.97000122070312,459000,0.0,0.0
2022-05-18 00:00:00-04:00,87.41999816894531,89.44000244140625,85.33999633789062,86.0,425700,0.0,0.0
2022-05-19 00:00:00-04:00,86.16000366210938,91.29000091552734,85.0,91.12999725341797,538400,0.0,0.0
2022-05-20 00:00:00-04:00,92.72000122070312,95.62999725341797,90.0199966430664,95.4000015258789,420600,0.0,0.0
2022-05-23 00:00:00-04:00,95.52999877929688,98.11000061035156,93.4540023803711,97.01000213623047,573300,0.0,0.0
2022-05-24 00:00:00-04:00,95.69000244140625,95.69000244140625,89.86000061035156,90.5,366600,0.0,0.0
2022-05-25 00:00:00-04:00,90.0,92.19000244140625,88.0999984741211,90.30000305175781,215800,0.0,0.0
2022-05-26 00:00:00-04:00,90.54000091552734,92.4749984741211,88.01000213623047,88.72000122070312,451700,0.0,0.0
2022-05-27 00:00:00-04:00,89.33999633789062,89.33999633789062,83.3499984741211,88.79000091552734,476600,0.0,0.0
2022-05-31 00:00:00-04:00,88.44999694824219,91.83000183105469,84.45999908447266,84.51000213623047,592900,0.0,0.0
2022-06-01 00:00:00-04:00,84.7699966430664,87.0,82.59500122070312,84.83000183105469,396500,0.0,0.0
2022-06-02 00:00:00-04:00,84.72000122070312,85.21499633789062,82.7699966430664,83.31999969482422,265900,0.0,0.0
2022-06-03 00:00:00-04:00,82.5,87.52999877929688,82.44000244140625,86.30000305175781,258700,0.0,0.0
2022-06-06 00:00:00-04:00,86.5,86.63999938964844,83.77999877929688,85.19000244140625,426000,0.0,0.0
2022-06-07 00:00:00-04:00,85.11000061035156,89.4800033569336,85.11000061035156,89.12000274658203,525700,0.0,0.0
2022-06-08 00:00:00-04:00,89.4000015258789,91.63999938964844,88.93000030517578,91.19999694824219,561100,0.0,0.0
2022-06-09 00:00:00-04:00,90.73999786376953,90.83000183105469,86.63999938964844,86.63999938964844,221800,0.0,0.0
2022-06-10 00:00:00-04:00,85.88999938964844,85.88999938964844,81.83000183105469,82.77999877929688,306200,0.0,0.0
2022-06-13 00:00:00-04:00,79.12000274658203,82.06500244140625,77.27999877929688,79.95999908447266,387900,0.0,0.0
2022-06-14 00:00:00-04:00,80.51000213623047,81.33000183105469,78.20999908447266,81.23999786376953,219900,0.0,0.0
2022-06-15 00:00:00-04:00,82.20999908447266,84.44999694824219,81.25,83.19000244140625,360200,0.0,0.0
2022-06-16 00:00:00-04:00,81.36000061035156,83.68000030517578,77.63999938964844,78.5999984741211,393500,0.0,0.0
2022-06-17 00:00:00-04:00,79.20999908447266,85.18499755859375,79.20999908447266,83.91999816894531,342200,0.0,0.0
2022-06-21 00:00:00-04:00,85.25,87.94000244140625,84.3499984741211,85.5,339500,0.0,0.0
2022-06-22 00:00:00-04:00,83.91999816894531,88.41999816894531,83.08000183105469,85.7300033569336,369500,0.0,0.0
2022-06-23 00:00:00-04:00,86.55000305175781,92.56999969482422,84.83999633789062,91.47000122070312,299100,0.0,0.0
2022-06-24 00:00:00-04:00,92.66999816894531,93.88999938964844,86.2300033569336,91.08999633789062,785900,0.0,0.0
2022-06-27 00:00:00-04:00,91.4800033569336,95.77999877929688,90.81999969482422,95.0999984741211,476500,0.0,0.0
2022-06-28 00:00:00-04:00,94.47000122070312,94.94999694824219,91.37000274658203,93.1500015258789,486400,0.0,0.0
2022-06-29 00:00:00-04:00,93.45999908447266,95.4800033569336,90.44000244140625,94.19999694824219,254500,0.0,0.0
2022-06-30 00:00:00-04:00,93.0999984741211,95.33000183105469,91.62000274658203,92.95999908447266,312400,0.0,0.0
2022-07-01 00:00:00-04:00,92.55999755859375,93.88999938964844,91.83000183105469,92.5999984741211,156300,0.0,0.0
2022-07-05 00:00:00-04:00,91.45999908447266,95.72000122070312,91.1500015258789,95.38999938964844,142900,0.0,0.0
2022-07-06 00:00:00-04:00,95.48999786376953,95.80000305175781,88.76000213623047,89.5,347600,0.0,0.0
2022-07-07 00:00:00-04:00,89.4800033569336,95.43000030517578,89.4800033569336,94.0,310300,0.0,0.0
2022-07-08 00:00:00-04:00,92.63999938964844,94.56999969482422,90.5999984741211,93.61000061035156,193100,0.0,0.0
2022-07-11 00:00:00-04:00,93.22000122070312,93.22000122070312,90.5199966430664,90.7699966430664,241200,0.0,0.0
2022-07-12 00:00:00-04:00,91.27999877929688,92.6500015258789,87.70500183105469,90.05999755859375,283600,0.0,0.0
2022-07-13 00:00:00-04:00,89.33000183105469,92.41999816894531,87.76000213623047,88.56999969482422,321900,0.0,0.0
2022-07-14 00:00:00-04:00,87.4800033569336,88.31999969482422,85.20999908447266,85.56999969482422,162800,0.0,0.0
2022-07-15 00:00:00-04:00,86.33999633789062,86.33999633789062,82.69999694824219,85.33000183105469,862300,0.0,0.0
2022-07-18 00:00:00-04:00,85.86000061035156,88.56999969482422,85.16999816894531,85.5,681500,0.0,0.0
2022-07-19 00:00:00-04:00,87.18000030517578,88.0199966430664,85.5,87.94000244140625,156500,0.0,0.0
2022-07-20 00:00:00-04:00,88.31999969482422,91.04000091552734,86.94499969482422,90.25,402900,0.0,0.0
2022-07-21 00:00:00-04:00,90.04000091552734,91.28500366210938,89.58000183105469,90.08999633789062,190800,0.0,0.0
2022-07-22 00:00:00-04:00,90.13999938964844,90.72000122070312,87.86000061035156,88.51000213623047,311800,0.0,0.0
2022-07-25 00:00:00-04:00,89.06999969482422,89.06999969482422,85.0999984741211,87.0199966430664,303500,0.0,0.0
2022-07-26 00:00:00-04:00,86.30000305175781,88.49500274658203,85.05000305175781,87.56999969482422,345000,0.0,0.0
2022-07-27 00:00:00-04:00,87.75,89.18499755859375,84.94000244140625,88.87000274658203,247800,0.0,0.0
2022-07-28 00:00:00-04:00,89.27999877929688,89.9800033569336,85.25,86.23999786376953,207600,0.0,0.0
2022-07-29 00:00:00-04:00,86.29000091552734,87.87999725341797,84.83799743652344,85.52999877929688,239400,0.0,0.0
2022-08-01 00:00:00-04:00,85.08000183105469,87.11000061035156,83.61000061035156,84.02999877929688,164800,0.0,0.0
2022-08-02 00:00:00-04:00,83.91999816894531,87.70999908447266,83.91999816894531,86.87000274658203,320200,0.0,0.0
2022-08-03 00:00:00-04:00,86.95999908447266,89.9800033569336,86.82499694824219,88.97000122070312,197900,0.0,0.0
2022-08-04 00:00:00-04:00,89.48999786376953,92.7699966430664,89.05000305175781,91.55000305175781,507600,0.0,0.0
2022-08-05 00:00:00-04:00,90.06999969482422,95.29000091552734,88.9000015258789,94.91000366210938,1148300,0.0,0.0
2022-08-08 00:00:00-04:00,95.27999877929688,100.04000091552734,94.95999908447266,98.93000030517578,1414100,0.0,0.0
2022-08-09 00:00:00-04:00,98.36000061035156,98.79000091552734,92.79000091552734,93.1500015258789,624400,0.0,0.0
2022-08-10 00:00:00-04:00,94.25,95.31999969482422,91.51000213623047,95.13999938964844,1229800,0.0,0.0
2022-08-11 00:00:00-04:00,99.20999908447266,107.19999694824219,95.1500015258789,104.80999755859375,1011300,0.0,0.0
2022-08-12 00:00:00-04:00,105.9800033569336,110.38999938964844,103.28500366210938,110.2300033569336,519900,0.0,0.0
2022-08-15 00:00:00-04:00,109.06999969482422,110.33999633789062,106.30000305175781,107.66000366210938,583000,0.0,0.0
2022-08-16 00:00:00-04:00,107.66000366210938,107.88999938964844,99.26000213623047,99.94999694824219,531000,0.0,0.0
2022-08-17 00:00:00-04:00,99.87999725341797,100.0,96.66999816894531,96.79000091552734,296200,0.0,0.0
2022-08-18 00:00:00-04:00,96.56999969482422,96.69000244140625,92.6500015258789,94.58000183105469,291500,0.0,0.0
2022-08-19 00:00:00-04:00,94.37000274658203,94.37000274658203,92.0199966430664,92.58999633789062,401600,0.0,0.0
2022-08-22 00:00:00-04:00,92.54000091552734,93.55500030517578,89.20999908447266,89.5999984741211,181900,0.0,0.0
2022-08-23 00:00:00-04:00,89.7699966430664,92.43000030517578,89.05000305175781,91.4800033569336,437100,0.0,0.0
2022-08-24 00:00:00-04:00,92.41000366210938,97.98999786376953,90.1500015258789,96.68000030517578,437300,0.0,0.0
2022-08-25 00:00:00-04:00,97.37000274658203,97.37000274658203,91.88999938964844,93.91000366210938,278500,0.0,0.0
2022-08-26 00:00:00-04:00,93.26000213623047,93.69999694824219,90.23999786376953,90.30999755859375,259700,0.0,0.0
2022-08-29 00:00:00-04:00,90.16999816894531,90.62000274658203,87.02999877929688,87.97000122070312,242000,0.0,0.0
2022-08-30 00:00:00-04:00,90.61000061035156,90.61000061035156,86.08999633789062,86.0999984741211,254900,0.0,0.0
2022-08-31 00:00:00-04:00,86.25,90.48999786376953,85.66999816894531,89.56999969482422,368300,0.0,0.0
2022-09-01 00:00:00-04:00,89.58999633789062,90.18000030517578,87.54000091552734,89.08999633789062,287200,0.0,0.0
2022-09-02 00:00:00-04:00,89.80000305175781,90.03900146484375,87.19000244140625,88.44000244140625,413500,0.0,0.0
2022-09-06 00:00:00-04:00,88.05000305175781,90.30000305175781,86.7699966430664,88.11000061035156,408800,0.0,0.0
2022-09-07 00:00:00-04:00,88.33000183105469,91.44999694824219,88.33000183105469,90.94999694824219,485100,0.0,0.0
2022-09-08 00:00:00-04:00,90.12999725341797,100.69000244140625,90.12999725341797,100.37999725341797,645200,0.0,0.0
2022-09-09 00:00:00-04:00,101.83999633789062,104.19999694824219,100.47000122070312,101.37999725341797,356900,0.0,0.0
2022-09-12 00:00:00-04:00,102.16000366210938,105.27999877929688,100.3499984741211,103.61000061035156,348100,0.0,0.0
2022-09-13 00:00:00-04:00,101.2300033569336,103.04000091552734,100.27999877929688,102.69999694824219,368500,0.0,0.0
2022-09-14 00:00:00-04:00,103.6500015258789,107.2699966430664,101.44999694824219,106.61000061035156,354500,0.0,0.0
2022-09-15 00:00:00-04:00,105.58000183105469,109.9800033569336,105.58000183105469,109.29000091552734,546100,0.0,0.0
2022-09-16 00:00:00-04:00,108.33000183105469,108.52999877929688,105.3479995727539,107.33000183105469,641500,0.0,0.0
2022-09-19 00:00:00-04:00,106.41000366210938,107.58999633789062,103.51000213623047,105.26000213623047,732100,0.0,0.0
2022-09-20 00:00:00-04:00,104.9800033569336,108.97000122070312,102.3499984741211,107.56999969482422,505600,0.0,0.0
2022-09-21 00:00:00-04:00,108.3499984741211,108.91000366210938,105.18000030517578,106.01000213623047,479000,0.0,0.0
2022-09-22 00:00:00-04:00,106.54000091552734,106.5999984741211,99.75,103.87999725341797,596100,0.0,0.0
2022-09-23 00:00:00-04:00,103.06999969482422,103.63200378417969,97.58000183105469,100.6500015258789,388700,0.0,0.0
2022-09-26 00:00:00-04:00,100.11000061035156,102.86000061035156,97.36000061035156,98.6500015258789,503000,0.0,0.0
2022-09-27 00:00:00-04:00,99.41999816894531,101.30000305175781,97.16999816894531,100.13999938964844,310900,0.0,0.0
2022-09-28 00:00:00-04:00,101.2699966430664,103.4000015258789,99.16999816894531,103.29000091552734,464700,0.0,0.0
2022-09-29 00:00:00-04:00,102.83999633789062,103.98999786376953,99.16000366210938,102.62000274658203,444300,0.0,0.0
2022-09-30 00:00:00-04:00,102.27999877929688,105.41500091552734,102.04000091552734,103.26000213623047,420500,0.0,0.0
2022-10-03 00:00:00-04:00,104.75,104.75,97.73999786376953,99.41999816894531,532100,0.0,0.0
2022-10-04 00:00:00-04:00,101.80999755859375,108.66500091552734,101.04000091552734,108.58999633789062,981900,0.0,0.0
2022-10-05 00:00:00-04:00,107.80000305175781,114.22000122070312,106.79499816894531,113.45999908447266,550900,0.0,0.0
2022-10-06 00:00:00-04:00,112.52999877929688,116.25,109.18000030517578,115.9000015258789,714600,0.0,0.0
2022-10-07 00:00:00-04:00,115.7300033569336,117.81999969482422,112.0199966430664,113.0,541600,0.0,0.0
2022-10-10 00:00:00-04:00,113.95999908447266,113.95999908447266,109.61000061035156,110.41999816894531,416200,0.0,0.0
2022-10-11 00:00:00-04:00,109.33000183105469,112.3499984741211,105.20500183105469,110.0,345600,0.0,0.0
2022-10-12 00:00:00-04:00,110.9000015258789,111.5,106.88999938964844,110.9000015258789,212500,0.0,0.0
2022-10-13 00:00:00-04:00,109.43000030517578,113.3499984741211,107.61000061035156,112.2699966430664,379300,0.0,0.0
2022-10-14 00:00:00-04:00,112.68000030517578,113.98999786376953,107.16000366210938,107.33000183105469,287900,0.0,0.0
2022-10-17 00:00:00-04:00,108.4000015258789,112.5199966430664,106.66000366210938,112.05999755859375,404800,0.0,0.0
2022-10-18 00:00:00-04:00,113.98999786376953,114.87000274658203,110.11499786376953,112.19000244140625,229700,0.0,0.0
2022-10-19 00:00:00-04:00,111.31999969482422,111.31999969482422,108.19999694824219,109.0,322400,0.0,0.0
2022-10-20 00:00:00-04:00,112.37999725341797,112.37999725341797,106.70999908447266,106.70999908447266,243500,0.0,0.0
2022-10-21 00:00:00-04:00,106.69000244140625,109.83999633789062,105.0,108.5,137600,0.0,0.0
2022-10-24 00:00:00-04:00,108.5199966430664,108.5199966430664,103.58999633789062,106.86000061035156,216100,0.0,0.0
2022-10-25 00:00:00-04:00,106.75,109.02999877929688,105.92500305175781,106.9000015258789,459200,0.0,0.0
2022-10-26 00:00:00-04:00,106.98999786376953,110.0,101.4800033569336,101.61000061035156,738000,0.0,0.0
2022-10-27 00:00:00-04:00,103.94999694824219,105.19999694824219,100.91000366210938,103.76000213623047,325500,0.0,0.0
2022-10-28 00:00:00-04:00,106.05000305175781,110.02999877929688,103.72000122070312,110.0,436900,0.0,0.0
2022-10-31 00:00:00-04:00,112.29000091552734,116.98999786376953,108.4800033569336,115.0,453400,0.0,0.0
2022-11-01 00:00:00-04:00,116.77999877929688,119.41500091552734,114.8499984741211,116.70999908447266,643600,0.0,0.0
2022-11-02 00:00:00-04:00,115.05999755859375,117.72000122070312,112.43000030517578,113.94000244140625,516000,0.0,0.0
2022-11-03 00:00:00-04:00,120.19000244140625,129.1699981689453,118.38999938964844,119.77999877929688,917200,0.0,0.0
2022-11-04 00:00:00-04:00,119.55000305175781,120.88999938964844,115.20999908447266,118.73999786376953,343600,0.0,0.0
2022-11-07 00:00:00-05:00,118.48999786376953,125.70500183105469,118.48999786376953,124.75,589700,0.0,0.0
2022-11-08 00:00:00-05:00,125.0,125.54499816894531,122.38999938964844,123.91000366210938,438000,0.0,0.0
2022-11-09 00:00:00-05:00,122.0999984741211,124.22000122070312,121.12999725341797,122.2300033569336,241200,0.0,0.0
2022-11-10 00:00:00-05:00,125.79000091552734,129.83999633789062,123.51000213623047,129.3000030517578,798900,0.0,0.0
2022-11-11 00:00:00-05:00,129.75999450683594,134.52499389648438,128.48500061035156,131.97000122070312,609600,0.0,0.0
2022-11-14 00:00:00-05:00,114.26000213623047,118.95999908447266,109.0199966430664,110.26000213623047,1812900,0.0,0.0
2022-11-15 00:00:00-05:00,112.4000015258789,113.4000015258789,109.11000061035156,110.1500015258789,682800,0.0,0.0
2022-11-16 00:00:00-05:00,109.75,115.47000122070312,109.01000213623047,114.8499984741211,562400,0.0,0.0
2022-11-17 00:00:00-05:00,117.08000183105469,117.25599670410156,111.73999786376953,115.58000183105469,381400,0.0,0.0
2022-11-18 00:00:00-05:00,117.19999694824219,121.5199966430664,116.20999908447266,118.62999725341797,427000,0.0,0.0
2022-11-21 00:00:00-05:00,116.6500015258789,119.23500061035156,115.7300033569336,117.37999725341797,244700,0.0,0.0
2022-11-22 00:00:00-05:00,117.66000366210938,120.19499969482422,116.62999725341797,120.08999633789062,199200,0.0,0.0
2022-11-23 00:00:00-05:00,120.61000061035156,122.80000305175781,116.06999969482422,118.83999633789062,461100,0.0,0.0
2022-11-25 00:00:00-05:00,118.86000061035156,120.37000274658203,115.30000305175781,115.94000244140625,193300,0.0,0.0
2022-11-28 00:00:00-05:00,115.81999969482422,120.2300033569336,115.5,119.5,358000,0.0,0.0
2022-11-29 00:00:00-05:00,120.72000122070312,120.73999786376953,116.62000274658203,118.41999816894531,147200,0.0,0.0
2022-11-30 00:00:00-05:00,119.9000015258789,124.18000030517578,119.80000305175781,123.05999755859375,780800,0.0,0.0
2022-12-01 00:00:00-05:00,123.0,123.5,120.7300033569336,121.75,608100,0.0,0.0
2022-12-02 00:00:00-05:00,120.55000305175781,127.12000274658203,119.41000366210938,125.38999938964844,2355000,0.0,0.0
2022-12-05 00:00:00-05:00,125.13999938964844,125.97000122070312,119.0009994506836,119.41999816894531,1142400,0.0,0.0
2022-12-06 00:00:00-05:00,119.45999908447266,122.21499633789062,117.8550033569336,120.66000366210938,263400,0.0,0.0
2022-12-07 00:00:00-05:00,121.1500015258789,122.55999755859375,118.51000213623047,119.9800033569336,306100,0.0,0.0
2022-12-08 00:00:00-05:00,121.52999877929688,121.8550033569336,118.97000122070312,119.44999694824219,364400,0.0,0.0
2022-12-09 00:00:00-05:00,119.22000122070312,119.83999633789062,116.4800033569336,117.06999969482422,223000,0.0,0.0
2022-12-12 00:00:00-05:00,117.55999755859375,122.66000366210938,115.20999908447266,122.52999877929688,3036600,0.0,0.0
2022-12-13 00:00:00-05:00,123.9800033569336,124.66000366210938,121.6449966430664,122.80999755859375,442600,0.0,0.0
2022-12-14 00:00:00-05:00,122.0,122.98999786376953,119.20999908447266,121.47000122070312,421600,0.0,0.0
2022-12-15 00:00:00-05:00,120.61000061035156,121.31999969482422,118.91000366210938,119.01000213623047,246000,0.0,0.0
2022-12-16 00:00:00-05:00,118.37999725341797,120.41000366210938,116.7699966430664,118.5999984741211,249900,0.0,0.0
2022-12-19 00:00:00-05:00,118.33000183105469,118.36000061035156,113.79000091552734,116.26000213623047,418300,0.0,0.0
2022-12-20 00:00:00-05:00,116.5,120.93000030517578,116.5,119.01000213623047,241200,0.0,0.0
2022-12-21 00:00:00-05:00,118.75,121.12000274658203,118.75,120.70999908447266,243700,0.0,0.0
2022-12-22 00:00:00-05:00,119.12999725341797,120.5199966430664,118.0199966430664,119.19999694824219,174600,0.0,0.0
2022-12-23 00:00:00-05:00,119.98999786376953,119.98999786376953,116.30000305175781,119.08999633789062,222600,0.0,0.0
2022-12-27 00:00:00-05:00,119.98999786376953,119.98999786376953,114.11000061035156,114.47000122070312,116600,0.0,0.0
2022-12-28 00:00:00-05:00,113.7300033569336,117.43000030517578,113.5199966430664,116.66999816894531,248700,0.0,0.0
2022-12-29 00:00:00-05:00,118.0,123.8499984741211,117.08499908447266,120.94999694824219,586100,0.0,0.0
2022-12-30 00:00:00-05:00,120.20999908447266,122.9800033569336,119.05999755859375,122.12999725341797,175300,0.0,0.0
2023-01-03 00:00:00-05:00,125.2300033569336,125.2300033569336,118.0999984741211,120.72000122070312,266400,0.0,0.0
2023-01-04 00:00:00-05:00,122.4800033569336,123.19000244140625,118.95999908447266,122.08000183105469,340700,0.0,0.0
2023-01-05 00:00:00-05:00,121.45999908447266,125.02999877929688,118.7300033569336,124.19999694824219,202200,0.0,0.0
2023-01-06 00:00:00-05:00,125.43000030517578,127.7699966430664,122.7040023803711,126.77999877929688,218200,0.0,0.0
2023-01-09 00:00:00-05:00,126.4000015258789,126.4000015258789,107.73999786376953,109.2699966430664,845300,0.0,0.0
2023-01-10 00:00:00-05:00,108.06999969482422,113.07499694824219,108.06999969482422,112.61000061035156,385100,0.0,0.0
2023-01-11 00:00:00-05:00,113.54000091552734,117.12000274658203,111.62999725341797,113.63999938964844,353100,0.0,0.0
2023-01-12 00:00:00-05:00,114.16999816894531,119.44000244140625,113.80000305175781,117.91000366210938,370800,0.0,0.0
2023-01-13 00:00:00-05:00,117.70999908447266,120.8499984741211,115.02999877929688,115.02999877929688,385000,0.0,0.0
2023-01-17 00:00:00-05:00,115.0,122.1449966430664,114.875,119.6500015258789,219700,0.0,0.0
2023-01-18 00:00:00-05:00,119.80999755859375,123.1500015258789,118.91999816894531,119.86000061035156,282400,0.0,0.0
2023-01-19 00:00:00-05:00,120.08000183105469,121.72000122070312,117.30999755859375,121.51000213623047,302000,0.0,0.0
2023-01-20 00:00:00-05:00,122.4800033569336,124.30999755859375,121.38999938964844,123.0199966430664,236600,0.0,0.0
2023-01-23 00:00:00-05:00,122.83000183105469,124.28500366210938,120.66000366210938,123.79000091552734,197100,0.0,0.0
2023-01-24 00:00:00-05:00,123.41999816894531,124.6500015258789,120.69000244140625,122.38999938964844,460700,0.0,0.0
2023-01-25 00:00:00-05:00,120.69999694824219,122.0,118.30999755859375,119.9000015258789,142400,0.0,0.0
2023-01-26 00:00:00-05:00,121.05999755859375,122.58999633789062,119.22000122070312,121.52999877929688,119900,0.0,0.0
2023-01-27 00:00:00-05:00,121.5,124.37999725341797,118.01000213623047,122.5,154000,0.0,0.0
2023-01-30 00:00:00-05:00,122.5,123.5,120.0,120.80000305175781,359100,0.0,0.0
2023-01-31 00:00:00-05:00,120.73999786376953,124.29000091552734,120.73999786376953,124.08000183105469,145700,0.0,0.0
2023-02-01 00:00:00-05:00,125.01000213623047,125.18000030517578,120.04499816894531,123.5,157200,0.0,0.0
2023-02-02 00:00:00-05:00,124.22000122070312,124.6500015258789,116.48999786376953,117.73999786376953,276600,0.0,0.0
2023-02-03 00:00:00-05:00,116.88999938964844,119.4800033569336,115.08000183105469,116.0999984741211,127000,0.0,0.0
2023-02-06 00:00:00-05:00,114.73999786376953,116.52999877929688,113.79900360107422,114.1500015258789,193500,0.0,0.0
2023-02-07 00:00:00-05:00,113.7300033569336,117.0,112.12000274658203,116.3499984741211,398700,0.0,0.0
2023-02-08 00:00:00-05:00,115.56999969482422,117.63500213623047,113.83999633789062,114.58000183105469,175500,0.0,0.0
2023-02-09 00:00:00-05:00,116.01000213623047,119.2300033569336,113.29000091552734,118.41999816894531,243700,0.0,0.0
2023-02-10 00:00:00-05:00,117.9000015258789,119.54000091552734,113.0199966430664,113.94999694824219,380700,0.0,0.0
2023-02-13 00:00:00-05:00,113.51000213623047,115.38999938964844,113.38999938964844,113.88999938964844,114200,0.0,0.0
2023-02-14 00:00:00-05:00,113.44999694824219,114.73999786376953,110.6500015258789,111.0,162300,0.0,0.0
2023-02-15 00:00:00-05:00,110.75,116.45999908447266,109.0199966430664,112.0,330700,0.0,0.0
2023-02-16 00:00:00-05:00,110.05000305175781,111.91000366210938,109.0250015258789,111.36000061035156,348400,0.0,0.0
2023-02-17 00:00:00-05:00,111.27999877929688,120.1050033569336,108.55000305175781,116.6500015258789,566300,0.0,0.0
2023-02-21 00:00:00-05:00,113.62999725341797,117.11499786376953,111.58499908447266,112.31500244140625,228100,0.0,0.0
2023-02-22 00:00:00-05:00,112.19000244140625,115.19000244140625,111.4000015258789,114.3499984741211,251800,0.0,0.0
2023-02-23 00:00:00-05:00,113.9000015258789,117.4000015258789,113.25499725341797,114.91000366210938,272100,0.0,0.0
2023-02-24 00:00:00-05:00,114.4000015258789,115.04000091552734,111.62000274658203,113.38999938964844,234100,0.0,0.0
2023-02-27 00:00:00-05:00,114.20999908447266,114.41999816894531,110.56500244140625,111.72000122070312,161900,0.0,0.0
2023-02-28 00:00:00-05:00,111.62999725341797,113.38999938964844,110.88999938964844,111.08999633789062,231800,0.0,0.0
2023-03-01 00:00:00-05:00,110.79000091552734,114.5,110.79000091552734,113.20999908447266,219200,0.0,0.0
2023-03-02 00:00:00-05:00,112.62000274658203,114.52999877929688,111.2300033569336,113.3499984741211,263400,0.0,0.0
2023-03-03 00:00:00-05:00,113.12999725341797,116.0999984741211,112.09500122070312,114.12000274658203,233300,0.0,0.0
2023-03-06 00:00:00-05:00,114.12000274658203,114.36000061035156,111.55000305175781,113.55999755859375,333400,0.0,0.0
2023-03-07 00:00:00-05:00,113.70999908447266,114.88999938964844,111.13999938964844,112.25,188100,0.0,0.0
2023-03-08 00:00:00-05:00,112.36000061035156,112.9000015258789,107.4000015258789,110.0,331200,0.0,0.0
2023-03-09 00:00:00-05:00,110.08999633789062,111.19999694824219,107.02999877929688,108.79000091552734,267600,0.0,0.0
2023-03-10 00:00:00-05:00,108.58999633789062,109.16000366210938,103.8499984741211,106.20999908447266,408800,0.0,0.0
2023-03-13 00:00:00-04:00,105.91999816894531,109.02999877929688,104.8499984741211,107.6500015258789,219800,0.0,0.0
2023-03-14 00:00:00-04:00,108.87999725341797,110.69999694824219,107.75,109.36000061035156,180300,0.0,0.0
2023-03-15 00:00:00-04:00,107.76000213623047,108.63999938964844,105.76000213623047,108.5199966430664,191400,0.0,0.0
2023-03-16 00:00:00-04:00,108.01000213623047,110.44000244140625,105.69000244140625,109.69000244140625,167900,0.0,0.0
2023-03-17 00:00:00-04:00,109.08000183105469,109.66999816894531,107.55000305175781,108.13999938964844,154300,0.0,0.0
2023-03-20 00:00:00-04:00,108.19999694824219,110.54000091552734,107.17500305175781,109.80000305175781,212200,0.0,0.0
2023-03-21 00:00:00-04:00,110.12000274658203,111.2300033569336,106.91999816894531,108.91999816894531,176900,0.0,0.0
2023-03-22 00:00:00-04:00,109.33000183105469,109.74500274658203,105.41000366210938,105.55000305175781,116400,0.0,0.0
2023-03-23 00:00:00-04:00,105.9000015258789,107.72000122070312,103.83000183105469,105.48999786376953,155700,0.0,0.0
2023-03-24 00:00:00-04:00,105.04000091552734,105.72000122070312,103.33000183105469,104.9000015258789,154800,0.0,0.0
2023-03-27 00:00:00-04:00,105.48999786376953,109.80000305175781,104.51000213623047,108.55999755859375,134300,0.0,0.0
2023-03-28 00:00:00-04:00,109.0199966430664,111.77999877929688,109.0199966430664,109.72000122070312,120200,0.0,0.0
2023-03-29 00:00:00-04:00,110.52999877929688,111.51000213623047,108.04000091552734,110.58499908447266,134800,0.0,0.0
2023-03-30 00:00:00-04:00,111.2300033569336,111.2300033569336,107.37999725341797,108.55999755859375,259500,0.0,0.0
2023-03-31 00:00:00-04:00,109.05000305175781,109.2750015258789,106.19000244140625,107.22000122070312,345400,0.0,0.0
2023-04-03 00:00:00-04:00,67.12000274658203,77.7699966430664,64.33000183105469,72.83000183105469,7860200,0.0,0.0
2023-04-04 00:00:00-04:00,71.01000213623047,72.55500030517578,67.0,71.43000030517578,2278700,0.0,0.0
2023-04-05 00:00:00-04:00,69.27999877929688,72.98999786376953,68.5999984741211,71.19000244140625,1997600,0.0,0.0
2023-04-06 00:00:00-04:00,70.66000366210938,73.13500213623047,69.44000244140625,72.69000244140625,3358000,0.0,0.0
2023-04-10 00:00:00-04:00,72.69000244140625,74.36000061035156,71.33000183105469,73.91999816894531,646400,0.0,0.0
2023-04-11 00:00:00-04:00,74.12000274658203,81.51499938964844,74.12000274658203,80.18000030517578,1563800,0.0,0.0
2023-04-12 00:00:00-04:00,80.5999984741211,84.06999969482422,80.26000213623047,81.96499633789062,1469500,0.0,0.0
2023-04-13 00:00:00-04:00,82.05000305175781,83.12999725341797,79.86199951171875,82.56999969482422,780900,0.0,0.0
2023-04-14 00:00:00-04:00,82.56999969482422,83.88999938964844,80.19999694824219,81.16999816894531,689200,0.0,0.0
2023-04-17 00:00:00-04:00,81.25,84.0,81.0,82.76000213623047,549900,0.0,0.0
2023-04-18 00:00:00-04:00,82.91000366210938,82.91000366210938,79.88999938964844,81.27999877929688,713200,0.0,0.0
2023-04-19 00:00:00-04:00,81.16000366210938,83.54000091552734,79.05000305175781,83.02999877929688,653500,0.0,0.0
2023-04-20 00:00:00-04:00,82.9800033569336,84.44999694824219,81.8499984741211,83.0250015258789,322900,0.0,0.0
2023-04-21 00:00:00-04:00,83.3499984741211,83.7490005493164,80.83000183105469,80.93000030517578,535600,0.0,0.0
2023-04-24 00:00:00-04:00,81.13999938964844,81.13999938964844,78.56999969482422,79.7699966430664,534200,0.0,0.0
2023-04-25 00:00:00-04:00,79.97000122070312,80.41999816894531,77.77999877929688,78.36000061035156,571700,0.0,0.0
2023-04-26 00:00:00-04:00,78.30000305175781,78.92500305175781,76.11499786376953,76.44000244140625,756700,0.0,0.0
2023-04-27 00:00:00-04:00,76.44000244140625,77.55500030517578,74.87000274658203,76.9800033569336,955600,0.0,0.0
2023-04-28 00:00:00-04:00,76.5,76.5,66.02999877929688,69.95999908447266,3298900,0.0,0.0
2023-05-01 00:00:00-04:00,76.20999908447266,87.0,76.0199966430664,86.73999786376953,4721200,0.0,0.0
2023-05-02 00:00:00-04:00,88.06999969482422,89.44999694824219,85.7300033569336,85.98999786376953,2626200,0.0,0.0
2023-05-03 00:00:00-04:00,86.51000213623047,94.44000244140625,85.0,91.55999755859375,1882900,0.0,0.0
2023-05-04 00:00:00-04:00,91.77999877929688,94.81999969482422,91.55500030517578,94.01000213623047,514500,0.0,0.0
2023-05-05 00:00:00-04:00,94.08999633789062,96.98999786376953,93.75,94.44999694824219,695000,0.0,0.0
2023-05-08 00:00:00-04:00,95.08999633789062,95.94999694824219,93.0199966430664,95.22000122070312,498600,0.0,0.0
2023-05-09 00:00:00-04:00,94.11000061035156,97.73999786376953,92.54000091552734,97.19999694824219,649400,0.0,0.0
2023-05-10 00:00:00-04:00,98.45999908447266,100.12000274658203,96.98999786376953,97.83999633789062,689300,0.0,0.0
2023-05-11 00:00:00-04:00,97.70999908447266,99.55500030517578,95.36000061035156,95.9000015258789,519400,0.0,0.0
2023-05-12 00:00:00-04:00,95.83999633789062,97.46499633789062,94.25499725341797,95.4000015258789,501300,0.0,0.0
2023-05-15 00:00:00-04:00,95.51000213623047,97.80999755859375,94.66999816894531,96.58999633789062,359400,0.0,0.0
2023-05-16 00:00:00-04:00,94.33999633789062,95.3499984741211,93.08000183105469,93.36000061035156,481600,0.0,0.0
2023-05-17 00:00:00-04:00,93.26000213623047,93.83000183105469,90.25,90.5999984741211,1111100,0.0,0.0
2023-05-18 00:00:00-04:00,91.08999633789062,92.12999725341797,88.69999694824219,89.37000274658203,401200,0.0,0.0
2023-05-19 00:00:00-04:00,91.38999938964844,91.72000122070312,89.80000305175781,90.38999938964844,358700,0.0,0.0
2023-05-22 00:00:00-04:00,90.37000274658203,91.81999969482422,89.80999755859375,90.1500015258789,271700,0.0,0.0
2023-05-23 00:00:00-04:00,89.83999633789062,91.0999984741211,89.06999969482422,90.22000122070312,261300,0.0,0.0
2023-05-24 00:00:00-04:00,89.73999786376953,89.87999725341797,87.0999984741211,88.80999755859375,197100,0.0,0.0
2023-05-25 00:00:00-04:00,88.48999786376953,89.01499938964844,86.80999755859375,88.45999908447266,222600,0.0,0.0
2023-05-26 00:00:00-04:00,88.45999908447266,90.5999984741211,87.9000015258789,89.75,180800,0.0,0.0
2023-05-30 00:00:00-04:00,89.61000061035156,89.71199798583984,85.66000366210938,85.77999877929688,379300,0.0,0.0
2023-05-31 00:00:00-04:00,85.66999816894531,88.04499816894531,83.75,86.97000122070312,351400,0.0,0.0
2023-06-01 00:00:00-04:00,87.19999694824219,89.76000213623047,85.16000366210938,87.95999908447266,296000,0.0,0.0
2023-06-02 00:00:00-04:00,90.72000122070312,91.37999725341797,89.16999816894531,91.30000305175781,264200,0.0,0.0
2023-06-05 00:00:00-04:00,91.36000061035156,93.02999877929688,90.55000305175781,91.87999725341797,231300,0.0,0.0
2023-06-06 00:00:00-04:00,91.7699966430664,92.69499969482422,91.38500213623047,92.22000122070312,252600,0.0,0.0
2023-06-07 00:00:00-04:00,92.29000091552734,93.45999908447266,89.52999877929688,90.4000015258789,294500,0.0,0.0
2023-06-08 00:00:00-04:00,90.4000015258789,93.11000061035156,89.84500122070312,92.20999908447266,270100,0.0,0.0
2023-06-09 00:00:00-04:00,92.20999908447266,93.08000183105469,91.50299835205078,92.66000366210938,103600,0.0,0.0
2023-06-12 00:00:00-04:00,93.6500015258789,95.04000091552734,91.66000366210938,93.25,146600,0.0,0.0
2023-06-13 00:00:00-04:00,93.38999938964844,95.4800033569336,92.83999633789062,92.93000030517578,142200,0.0,0.0
2023-06-14 00:00:00-04:00,92.43000030517578,93.63999938964844,89.8499984741211,90.37000274658203,161100,0.0,0.0
2023-06-15 00:00:00-04:00,90.25,92.45999908447266,89.61000061035156,92.45999908447266,171800,0.0,0.0
2023-06-16 00:00:00-04:00,93.18000030517578,93.62999725341797,91.80000305175781,92.3499984741211,180500,0.0,0.0
2023-06-20 00:00:00-04:00,93.02999877929688,94.5,91.19999694824219,92.72000122070312,174700,0.0,0.0
2023-06-21 00:00:00-04:00,92.0199966430664,92.68000030517578,88.4000015258789,92.48999786376953,252100,0.0,0.0
2023-06-22 00:00:00-04:00,92.76000213623047,92.76000213623047,88.23999786376953,88.87000274658203,257700,0.0,0.0
2023-06-23 00:00:00-04:00,88.37999725341797,89.54000091552734,87.21600341796875,88.19000244140625,252700,0.0,0.0
2023-06-26 00:00:00-04:00,87.63999938964844,88.48999786376953,86.52999877929688,86.5999984741211,173500,0.0,0.0
2023-06-27 00:00:00-04:00,86.6500015258789,88.41500091552734,85.08000183105469,88.12999725341797,177500,0.0,0.0
2023-06-28 00:00:00-04:00,86.0,88.51000213623047,85.61000061035156,86.9800033569336,252100,0.0,0.0
2023-06-29 00:00:00-04:00,86.7699966430664,87.63999938964844,85.69999694824219,87.5,177200,0.0,0.0
2023-06-30 00:00:00-04:00,88.33000183105469,90.72000122070312,87.01499938964844,89.25,398200,0.0,0.0
2023-07-03 00:00:00-04:00,89.37999725341797,89.71499633789062,86.6500015258789,88.13999938964844,192600,0.0,0.0
2023-07-05 00:00:00-04:00,88.22000122070312,89.02999877929688,87.26000213623047,88.08000183105469,177000,0.0,0.0
2023-07-06 00:00:00-04:00,87.69000244140625,87.9749984741211,86.16000366210938,86.69000244140625,209600,0.0,0.0
2023-07-07 00:00:00-04:00,86.5199966430664,87.69999694824219,85.91000366210938,87.62000274658203,125700,0.0,0.0
2023-07-10 00:00:00-04:00,87.43000030517578,89.4000015258789,86.51000213623047,88.9000015258789,123300,0.0,0.0
2023-07-11 00:00:00-04:00,88.77999877929688,90.23999786376953,87.83999633789062,87.9800033569336,109700,0.0,0.0
2023-07-12 00:00:00-04:00,88.98999786376953,89.49500274658203,85.94000244140625,86.55999755859375,208500,0.0,0.0
2023-07-13 00:00:00-04:00,87.08000183105469,88.23500061035156,86.5,87.52999877929688,192200,0.0,0.0
2023-07-14 00:00:00-04:00,87.98999786376953,88.20999908447266,85.79000091552734,86.52999877929688,170100,0.0,0.0
2023-07-17 00:00:00-04:00,87.08000183105469,88.72000122070312,86.21800231933594,87.19999694824219,208000,0.0,0.0
2023-07-18 00:00:00-04:00,87.36000061035156,89.12999725341797,87.0,89.0,198700,0.0,0.0
2023-07-19 00:00:00-04:00,89.45999908447266,91.1050033569336,89.05999755859375,90.54000091552734,239100,0.0,0.0
2023-07-20 00:00:00-04:00,90.58999633789062,91.23999786376953,88.62000274658203,90.05999755859375,266700,0.0,0.0
2023-07-21 00:00:00-04:00,90.27999877929688,90.73999786376953,87.92500305175781,89.25,232900,0.0,0.0
2023-07-24 00:00:00-04:00,89.25,89.25,85.63999938964844,86.5,292800,0.0,0.0
2023-07-25 00:00:00-04:00,86.44999694824219,88.66000366210938,86.44999694824219,87.25,286900,0.0,0.0
2023-07-26 00:00:00-04:00,86.86000061035156,87.0199966430664,85.31999969482422,86.66999816894531,209800,0.0,0.0
2023-07-27 00:00:00-04:00,86.80999755859375,87.94000244140625,85.76000213623047,87.55000305175781,281400,0.0,0.0
2023-07-28 00:00:00-04:00,88.30999755859375,94.68000030517578,87.73500061035156,93.0999984741211,424600,0.0,0.0
2023-07-31 00:00:00-04:00,93.19999694824219,93.19999694824219,90.0,90.1500015258789,234300,0.0,0.0
2023-08-01 00:00:00-04:00,90.05000305175781,91.66000366210938,88.87000274658203,91.62000274658203,279800,0.0,0.0
2023-08-02 00:00:00-04:00,91.0999984741211,92.48500061035156,89.75499725341797,91.29000091552734,202200,0.0,0.0
2023-08-03 00:00:00-04:00,91.55000305175781,95.81999969482422,90.76499938964844,94.31999969482422,290900,0.0,0.0
2023-08-04 00:00:00-04:00,94.43000030517578,97.23999786376953,93.44999694824219,96.79000091552734,309000,0.0,0.0
2023-08-07 00:00:00-04:00,96.81999969482422,97.0,91.55000305175781,91.69999694824219,286700,0.0,0.0
2023-08-08 00:00:00-04:00,91.77999877929688,96.75,91.51000213623047,94.08999633789062,344500,0.0,0.0
2023-08-09 00:00:00-04:00,94.63999938964844,96.76000213623047,92.69000244140625,94.94000244140625,450400,0.0,0.0
2023-08-10 00:00:00-04:00,94.9800033569336,95.44000244140625,90.37999725341797,90.52999877929688,327700,0.0,0.0
2023-08-11 00:00:00-04:00,90.52999877929688,93.0,90.38899993896484,92.30000305175781,151000,0.0,0.0
2023-08-14 00:00:00-04:00,92.3499984741211,92.91999816894531,88.4749984741211,92.20999908447266,159600,0.0,0.0
2023-08-15 00:00:00-04:00,92.5,95.02999877929688,91.20500183105469,92.5,423100,0.0,0.0
2023-08-16 00:00:00-04:00,92.5,92.58999633789062,89.68000030517578,89.9000015258789,186100,0.0,0.0
2023-08-17 00:00:00-04:00,89.9800033569336,90.94499969482422,86.83000183105469,87.91999816894531,235100,0.0,0.0
2023-08-18 00:00:00-04:00,87.13999938964844,91.55000305175781,86.93000030517578,90.47000122070312,171600,0.0,0.0
2023-08-21 00:00:00-04:00,90.66000366210938,93.62999725341797,90.44999694824219,93.5,273600,0.0,0.0
2023-08-22 00:00:00-04:00,93.91000366210938,95.06999969482422,91.48999786376953,92.51000213623047,168000,0.0,0.0
2023-08-23 00:00:00-04:00,92.51000213623047,96.0199966430664,92.51000213623047,93.98999786376953,212300,0.0,0.0
2023-08-24 00:00:00-04:00,94.41000366210938,96.1500015258789,92.88999938964844,95.87000274658203,271600,0.0,0.0
2023-08-25 00:00:00-04:00,95.27999877929688,99.9800033569336,95.01000213623047,98.91000366210938,296700,0.0,0.0
2023-08-28 00:00:00-04:00,98.91999816894531,98.98999786376953,97.52999877929688,98.47000122070312,194200,0.0,0.0
2023-08-29 00:00:00-04:00,98.47000122070312,101.55999755859375,98.08999633789062,99.91999816894531,231700,0.0,0.0
2023-08-30 00:00:00-04:00,99.70999908447266,100.56999969482422,96.3499984741211,96.55999755859375,236600,0.0,0.0
2023-08-31 00:00:00-04:00,96.33000183105469,98.87999725341797,95.68499755859375,98.0199966430664,151100,0.0,0.0
2023-09-01 00:00:00-04:00,99.08999633789062,99.5,97.44999694824219,98.2699966430664,111900,0.0,0.0
2023-09-05 00:00:00-04:00,97.37000274658203,99.80999755859375,95.55999755859375,99.73999786376953,432800,0.0,0.0
2023-09-06 00:00:00-04:00,103.41999816894531,106.4520034790039,100.0199966430664,103.97000122070312,842300,0.0,0.0
2023-09-07 00:00:00-04:00,102.55999755859375,104.05999755859375,100.96299743652344,103.0999984741211,416700,0.0,0.0
2023-09-08 00:00:00-04:00,103.4000015258789,104.19000244140625,97.05000305175781,97.58000183105469,510700,0.0,0.0
2023-09-11 00:00:00-04:00,97.38999938964844,101.37000274658203,96.55999755859375,100.05999755859375,446100,0.0,0.0
2023-09-12 00:00:00-04:00,99.83000183105469,103.01000213623047,98.51499938964844,102.55999755859375,391800,0.0,0.0
2023-09-13 00:00:00-04:00,102.94999694824219,104.08000183105469,99.5199966430664,100.2300033569336,300700,0.0,0.0
2023-09-14 00:00:00-04:00,100.77999877929688,103.87000274658203,100.19999694824219,103.38999938964844,549700,0.0,0.0
2023-09-15 00:00:00-04:00,103.38999938964844,104.23999786376953,101.36000061035156,102.66000366210938,180600,0.0,0.0
2023-09-18 00:00:00-04:00,102.66000366210938,103.44499969482422,100.2300033569336,102.04000091552734,231300,0.0,0.0
2023-09-19 00:00:00-04:00,101.69000244140625,102.55000305175781,97.19999694824219,98.08999633789062,307700,0.0,0.0
2023-09-20 00:00:00-04:00,98.08999633789062,99.47000122070312,95.58000183105469,95.5999984741211,182300,0.0,0.0
2023-09-21 00:00:00-04:00,94.41999816894531,95.58999633789062,91.65499877929688,95.44000244140625,252500,0.0,0.0
2023-09-22 00:00:00-04:00,96.19999694824219,97.1050033569336,94.57499694824219,95.05999755859375,310900,0.0,0.0
2023-09-25 00:00:00-04:00,94.41000366210938,96.68000030517578,93.01000213623047,95.5,180500,0.0,0.0
2023-09-26 00:00:00-04:00,95.69000244140625,96.54000091552734,92.69000244140625,94.20999908447266,331300,0.0,0.0
2023-09-27 00:00:00-04:00,94.73999786376953,95.31500244140625,92.68499755859375,94.06999969482422,197500,0.0,0.0
2023-09-28 00:00:00-04:00,94.05999755859375,95.27999877929688,91.58499908447266,94.94999694824219,205000,0.0,0.0
2023-09-29 00:00:00-04:00,95.66000366210938,95.79000091552734,92.83000183105469,93.63999938964844,253000,0.0,0.0
2023-10-02 00:00:00-04:00,93.0,93.29000091552734,89.40499877929688,91.12999725341797,304900,0.0,0.0
2023-10-03 00:00:00-04:00,90.7699966430664,91.9000015258789,86.8550033569336,87.91000366210938,329300,0.0,0.0
2023-10-04 00:00:00-04:00,87.91000366210938,88.0,85.77999877929688,86.0999984741211,274100,0.0,0.0
2023-10-05 00:00:00-04:00,85.62000274658203,90.12000274658203,85.62000274658203,90.0199966430664,404600,0.0,0.0
2023-10-06 00:00:00-04:00,89.44999694824219,92.16999816894531,89.16500091552734,90.4800033569336,190400,0.0,0.0
2023-10-09 00:00:00-04:00,89.88999938964844,91.36000061035156,88.81500244140625,91.02999877929688,156800,0.0,0.0
2023-10-10 00:00:00-04:00,91.08000183105469,94.4800033569336,90.6500015258789,93.61000061035156,227100,0.0,0.0
2023-10-11 00:00:00-04:00,93.98999786376953,94.87999725341797,92.08999633789062,94.73999786376953,244600,0.0,0.0
2023-10-12 00:00:00-04:00,95.22000122070312,96.1449966430664,92.0999984741211,93.12999725341797,318600,0.0,0.0
2023-10-13 00:00:00-04:00,93.4800033569336,95.58300018310547,92.0199966430664,93.56999969482422,145900,0.0,0.0
2023-10-16 00:00:00-04:00,94.0,95.08999633789062,92.38999938964844,94.08999633789062,958300,0.0,0.0
2023-10-17 00:00:00-04:00,94.08999633789062,95.98999786376953,93.31999969482422,94.5199966430664,1042300,0.0,0.0
2023-10-18 00:00:00-04:00,94.23999786376953,95.41000366210938,90.66999816894531,91.08000183105469,1207100,0.0,0.0
2023-10-19 00:00:00-04:00,90.91000366210938,92.875,88.44499969482422,89.91999816894531,757800,0.0,0.0
2023-10-20 00:00:00-04:00,88.97000122070312,90.79499816894531,88.61699676513672,90.0,542700,0.0,0.0
2023-10-23 00:00:00-04:00,90.0,90.05999755859375,85.28500366210938,87.13999938964844,574100,0.0,0.0
2023-10-24 00:00:00-04:00,87.41999816894531,89.12000274658203,86.47000122070312,88.05000305175781,466300,0.0,0.0
2023-10-25 00:00:00-04:00,87.27999877929688,87.4540023803711,85.37999725341797,86.30000305175781,436400,0.0,0.0
2023-10-26 00:00:00-04:00,86.19999694824219,90.57499694824219,85.69999694824219,89.0,413900,0.0,0.0
2023-10-27 00:00:00-04:00,89.0199966430664,90.5199966430664,87.38999938964844,88.2699966430664,479300,0.0,0.0
2023-10-30 00:00:00-04:00,89.45999908447266,90.62999725341797,87.13999938964844,87.4000015258789,349800,0.0,0.0
2023-10-31 00:00:00-04:00,87.66000366210938,89.79000091552734,86.9000015258789,89.30999755859375,337400,0.0,0.0
2023-11-01 00:00:00-04:00,89.91999816894531,90.81999969482422,87.97000122070312,90.79000091552734,343700,0.0,0.0
2023-11-02 00:00:00-04:00,91.66999816894531,92.33000183105469,88.54000091552734,89.29000091552734,280000,0.0,0.0
2023-11-03 00:00:00-04:00,89.58999633789062,95.2300033569336,89.2300033569336,94.6500015258789,511400,0.0,0.0
2023-11-06 00:00:00-05:00,94.68000030517578,95.81999969482422,91.58999633789062,94.41000366210938,472200,0.0,0.0
2023-11-07 00:00:00-05:00,93.30000305175781,97.8499984741211,92.01000213623047,96.1500015258789,554500,0.0,0.0
2023-11-08 00:00:00-05:00,94.44000244140625,95.61399841308594,92.58499908447266,94.73999786376953,352400,0.0,0.0
2023-11-09 00:00:00-05:00,96.38999938964844,96.94999694824219,91.69999694824219,92.06999969482422,405300,0.0,0.0
2023-11-10 00:00:00-05:00,92.01000213623047,92.7750015258789,88.20500183105469,90.27999877929688,573400,0.0,0.0
2023-11-13 00:00:00-05:00,88.48999786376953,90.48799896240234,86.54499816894531,89.43000030517578,591200,0.0,0.0
2023-11-14 00:00:00-05:00,90.95999908447266,95.62000274658203,90.95999908447266,94.69999694824219,531500,0.0,0.0
2023-11-15 00:00:00-05:00,94.36000061035156,96.0,92.48999786376953,92.97000122070312,401800,0.0,0.0
2023-11-16 00:00:00-05:00,93.33000183105469,93.98999786376953,91.98999786376953,93.5,386700,0.0,0.0
2023-11-17 00:00:00-05:00,94.05000305175781,95.16999816894531,92.81999969482422,94.98999786376953,322300,0.0,0.0
2023-11-20 00:00:00-05:00,94.9000015258789,96.99800109863281,93.19000244140625,93.76000213623047,238900,0.0,0.0
2023-11-21 00:00:00-05:00,94.58999633789062,95.66000366210938,92.75499725341797,93.4000015258789,202600,0.0,0.0
2023-11-22 00:00:00-05:00,93.86000061035156,95.0,92.4000015258789,93.0,195500,0.0,0.0
2023-11-24 00:00:00-05:00,93.22000122070312,94.25,90.5199966430664,92.23999786376953,191000,0.0,0.0
2023-11-27 00:00:00-05:00,91.41000366210938,92.69999694824219,90.87999725341797,91.41000366210938,378000,0.0,0.0
2023-11-28 00:00:00-05:00,91.43000030517578,91.77999877929688,90.12999725341797,90.62000274658203,461400,0.0,0.0
2023-11-29 00:00:00-05:00,91.19999694824219,98.41000366210938,91.19999694824219,97.06999969482422,857600,0.0,0.0
2023-11-30 00:00:00-05:00,97.87000274658203,101.9800033569336,97.86000061035156,100.43000030517578,777100,0.0,0.0
2023-12-01 00:00:00-05:00,101.0,104.05000305175781,99.54000091552734,104.05000305175781,782100,0.0,0.0
2023-12-04 00:00:00-05:00,104.38999938964844,106.6500015258789,103.01000213623047,105.04000091552734,740500,0.0,0.0
2023-12-05 00:00:00-05:00,104.48999786376953,106.70999908447266,103.4749984741211,105.62000274658203,938000,0.0,0.0
2023-12-06 00:00:00-05:00,106.63999938964844,108.55000305175781,105.0,106.5,879100,0.0,0.0
2023-12-07 00:00:00-05:00,106.75,109.4749984741211,105.56999969482422,108.80000305175781,1126200,0.0,0.0
2023-12-08 00:00:00-05:00,107.66999816894531,111.41000366210938,106.48999786376953,107.69000244140625,1471500,0.0,0.0
2023-12-11 00:00:00-05:00,107.80999755859375,108.9800033569336,101.43000030517578,108.58000183105469,1814600,0.0,0.0
2023-12-12 00:00:00-05:00,107.69999694824219,111.19499969482422,105.5199966430664,110.19000244140625,1123200,0.0,0.0
2023-12-13 00:00:00-05:00,110.23999786376953,118.2300033569336,109.95999908447266,117.69000244140625,1317500,0.0,0.0
2023-12-14 00:00:00-05:00,117.69000244140625,122.11000061035156,117.31999969482422,120.11000061035156,1498300,0.0,0.0
2023-12-15 00:00:00-05:00,121.16999816894531,123.0,120.02999877929688,120.97000122070312,1138100,0.0,0.0
2023-12-18 00:00:00-05:00,121.73999786376953,122.98999786376953,118.06999969482422,120.88999938964844,1032600,0.0,0.0
2023-12-19 00:00:00-05:00,122.08999633789062,123.79000091552734,119.72000122070312,123.2300033569336,448400,0.0,0.0
2023-12-20 00:00:00-05:00,125.3499984741211,125.3499984741211,120.93000030517578,121.16000366210938,516700,0.0,0.0
2023-12-21 00:00:00-05:00,122.01000213623047,123.30999755859375,119.81999969482422,121.80000305175781,198000,0.0,0.0
2023-12-22 00:00:00-05:00,122.04000091552734,125.99500274658203,121.4000015258789,124.55000305175781,588100,0.0,0.0
2023-12-26 00:00:00-05:00,125.22000122070312,127.30000305175781,123.66000366210938,127.12000274658203,444500,0.0,0.0
2023-12-27 00:00:00-05:00,127.80000305175781,129.42999267578125,126.2300033569336,127.0999984741211,329100,0.0,0.0
2023-12-28 00:00:00-05:00,126.86000061035156,128.97999572753906,125.12999725341797,127.36000061035156,416700,0.0,0.0
2023-12-29 00:00:00-05:00,127.33999633789062,128.0,125.76000213623047,125.94999694824219,192000,0.0,0.0
2024-01-02 00:00:00-05:00,123.55000305175781,128.57000732421875,123.06999969482422,127.52999877929688,295000,0.0,0.0
2024-01-03 00:00:00-05:00,125.87999725341797,127.05000305175781,122.61000061035156,123.44999694824219,284600,0.0,0.0
2024-01-04 00:00:00-05:00,123.52999877929688,125.76000213623047,122.76000213623047,123.83000183105469,431700,0.0,0.0
2024-01-05 00:00:00-05:00,122.5999984741211,130.47000122070312,119.02999877929688,129.72000122070312,382700,0.0,0.0
2024-01-08 00:00:00-05:00,131.0,139.05499267578125,127.69999694824219,138.24000549316406,450800,0.0,0.0
2024-01-09 00:00:00-05:00,138.24000549316406,140.0,135.35000610351562,137.10000610351562,365500,0.0,0.0
2024-01-10 00:00:00-05:00,137.16000366210938,138.3800048828125,135.55999755859375,136.89999389648438,360500,0.0,0.0
2024-01-11 00:00:00-05:00,136.85000610351562,138.10000610351562,134.60499572753906,135.42999267578125,250500,0.0,0.0
2024-01-12 00:00:00-05:00,135.82000732421875,138.5,131.0050048828125,131.22999572753906,368300,0.0,0.0
2024-01-16 00:00:00-05:00,130.85000610351562,134.15499877929688,128.67999267578125,133.5,652500,0.0,0.0
2024-01-17 00:00:00-05:00,132.16000366210938,133.80999755859375,130.72000122070312,132.39999389648438,1291400,0.0,0.0
2024-01-18 00:00:00-05:00,132.61000061035156,133.97999572753906,129.5449981689453,132.97999572753906,391200,0.0,0.0
2024-01-19 00:00:00-05:00,132.86000061035156,133.0,130.25999450683594,132.02000427246094,551000,0.0,0.0
2024-01-22 00:00:00-05:00,131.8000030517578,135.5800018310547,131.25,134.16000366210938,330200,0.0,0.0
2024-01-23 00:00:00-05:00,134.6300048828125,137.0800018310547,132.36000061035156,136.5,320200,0.0,0.0
2024-01-24 00:00:00-05:00,137.27999877929688,137.55999755859375,133.77000427246094,134.1199951171875,316300,0.0,0.0
2024-01-25 00:00:00-05:00,135.08999633789062,135.19500732421875,131.00999450683594,131.75,285800,0.0,0.0
2024-01-26 00:00:00-05:00,132.10000610351562,134.64999389648438,131.0,132.4550018310547,376200,0.0,0.0
2024-01-29 00:00:00-05:00,132.61000061035156,135.35000610351562,131.3800048828125,134.38999938964844,212900,0.0,0.0
2024-01-30 00:00:00-05:00,133.52999877929688,133.52999877929688,129.16000366210938,129.1999969482422,291800,0.0,0.0
2024-01-31 00:00:00-05:00,129.16000366210938,132.86000061035156,127.94999694824219,129.92999267578125,747100,0.0,0.0
2024-02-01 00:00:00-05:00,130.60000610351562,141.80999755859375,129.2449951171875,141.6300048828125,636500,0.0,0.0
2024-02-02 00:00:00-05:00,139.42999267578125,143.75999450683594,139.39500427246094,139.77000427246094,465900,0.0,0.0
2024-02-05 00:00:00-05:00,139.77000427246094,143.63999938964844,136.7899932861328,143.08999633789062,469200,0.0,0.0
2024-02-06 00:00:00-05:00,143.63999938964844,144.9499969482422,140.27000427246094,140.83999633789062,363900,0.0,0.0
2024-02-07 00:00:00-05:00,141.94000244140625,142.16000366210938,138.91000366210938,139.2899932861328,657200,0.0,0.0
2024-02-08 00:00:00-05:00,140.82000732421875,143.89999389648438,137.02000427246094,139.25,526500,0.0,0.0
2024-02-09 00:00:00-05:00,140.27000427246094,143.47999572753906,139.83999633789062,141.75,440300,0.0,0.0
2024-02-12 00:00:00-05:00,140.55999755859375,144.74000549316406,138.5,144.58999633789062,433300,0.0,0.0
2024-02-13 00:00:00-05:00,140.57000732421875,146.72999572753906,140.57000732421875,143.35000610351562,623200,0.0,0.0
2024-02-14 00:00:00-05:00,145.30999755859375,148.75999450683594,142.72000122070312,146.61000061035156,441000,0.0,0.0
2024-02-15 00:00:00-05:00,146.1300048828125,149.92999267578125,145.02000427246094,147.1999969482422,452300,0.0,0.0
2024-02-16 00:00:00-05:00,145.10000610351562,156.44000244140625,145.10000610351562,156.38999938964844,507300,0.0,0.0
2024-02-20 00:00:00-05:00,154.50999450683594,157.22000122070312,153.27000427246094,156.75999450683594,352600,0.0,0.0
2024-02-21 00:00:00-05:00,154.5800018310547,158.1300048828125,153.92999267578125,157.13999938964844,351200,0.0,0.0
2024-02-22 00:00:00-05:00,157.1199951171875,160.0500030517578,156.16000366210938,158.1999969482422,361100,0.0,0.0
2024-02-23 00:00:00-05:00,158.6199951171875,160.2100067138672,157.42999267578125,159.39999389648438,243700,0.0,0.0
2024-02-26 00:00:00-05:00,158.1999969482422,161.0,156.7899932861328,157.5399932861328,312000,0.0,0.0
2024-02-27 00:00:00-05:00,158.05999755859375,158.05999755859375,153.0,155.33999633789062,329500,0.0,0.0
2024-02-28 00:00:00-05:00,154.19000244140625,155.27000427246094,146.3699951171875,146.92999267578125,563600,0.0,0.0
2024-02-29 00:00:00-05:00,145.11000061035156,148.47999572753906,142.00999450683594,147.75999450683594,579800,0.0,0.0
2024-03-01 00:00:00-05:00,148.0500030517578,154.75,147.5800018310547,152.47000122070312,552400,0.0,0.0
2024-03-04 00:00:00-05:00,153.99000549316406,153.99000549316406,146.8800048828125,147.99000549316406,321800,0.0,0.0
2024-03-05 00:00:00-05:00,147.35000610351562,151.57000732421875,146.07000732421875,150.5500030517578,275400,0.0,0.0
2024-03-06 00:00:00-05:00,152.5,152.5,143.88999938964844,146.02000427246094,232000,0.0,0.0
2024-03-07 00:00:00-05:00,146.39999389648438,148.99000549316406,145.91700744628906,146.27999877929688,203900,0.0,0.0
2024-03-08 00:00:00-05:00,146.27999877929688,148.8350067138672,144.7449951171875,146.6199951171875,196500,0.0,0.0
2024-03-11 00:00:00-04:00,147.14999389648438,149.24000549316406,146.74000549316406,148.1699981689453,157000,0.0,0.0
2024-03-12 00:00:00-04:00,149.1999969482422,155.0,149.1999969482422,153.8000030517578,300800,0.0,0.0
2024-03-13 00:00:00-04:00,153.47000122070312,154.39999389648438,150.1300048828125,153.97000122070312,229600,0.0,0.0
2024-03-14 00:00:00-04:00,154.0,154.85000610351562,149.0800018310547,149.88999938964844,233900,0.0,0.0
2024-03-15 00:00:00-04:00,152.05999755859375,152.05999755859375,147.4499969482422,148.6999969482422,384500,0.0,0.0
2024-03-18 00:00:00-04:00,149.99000549316406,150.72500610351562,146.77000427246094,147.05999755859375,192000,0.0,0.0
2024-03-19 00:00:00-04:00,146.02000427246094,147.0,144.0,145.3699951171875,619700,0.0,0.0
2024-03-20 00:00:00-04:00,144.83999633789062,146.30499267578125,143.1999969482422,144.22999572753906,284100,0.0,0.0
2024-03-21 00:00:00-04:00,145.10000610351562,148.4709930419922,144.7449951171875,146.19000244140625,341000,0.0,0.0
2024-03-22 00:00:00-04:00,147.02999877929688,147.98500061035156,144.22000122070312,145.02000427246094,180500,0.0,0.0
2024-03-25 00:00:00-04:00,145.72999572753906,147.10000610351562,144.0500030517578,144.4600067138672,153600,0.0,0.0
2024-03-26 00:00:00-04:00,145.55999755859375,150.7899932861328,144.85000610351562,149.9600067138672,313600,0.0,0.0
2024-03-27 00:00:00-04:00,150.16000366210938,150.64999389648438,146.92999267578125,148.44000244140625,243700,0.0,0.0
2024-03-28 00:00:00-04:00,149.14999389648438,151.58999633789062,144.66000366210938,151.1699981689453,295900,0.0,0.0
2024-04-01 00:00:00-04:00,151.07000732421875,153.85000610351562,149.2899932861328,151.97999572753906,330500,0.0,0.0
2024-04-02 00:00:00-04:00,150.5,152.80999755859375,146.25999450683594,146.2899932861328,331800,0.0,0.0
2024-04-03 00:00:00-04:00,146.4499969482422,150.0,144.02000427246094,149.5,235900,0.0,0.0
2024-04-04 00:00:00-04:00,150.99000549316406,152.5500030517578,146.57000732421875,147.64999389648438,211300,0.0,0.0
2024-04-05 00:00:00-04:00,147.92999267578125,150.6199951171875,145.44000244140625,149.8800048828125,156100,0.0,0.0
2024-04-08 00:00:00-04:00,150.97000122070312,150.97000122070312,147.55999755859375,148.8800048828125,164500,0.0,0.0
2024-04-09 00:00:00-04:00,149.74000549316406,153.80999755859375,148.3000030517578,153.6699981689453,572800,0.0,0.0
2024-04-10 00:00:00-04:00,151.5,156.8350067138672,151.5,152.5800018310547,431200,0.0,0.0
2024-04-11 00:00:00-04:00,153.85000610351562,154.41000366210938,150.91000366210938,151.0399932861328,402500,0.0,0.0
2024-04-12 00:00:00-04:00,151.13999938964844,152.52999877929688,144.36000061035156,146.0399932861328,318800,0.0,0.0
2024-04-15 00:00:00-04:00,145.63999938964844,150.19000244140625,145.0,145.22999572753906,379100,0.0,0.0
2024-04-16 00:00:00-04:00,144.52999877929688,148.10000610351562,141.0500030517578,141.5,367500,0.0,0.0
2024-04-17 00:00:00-04:00,142.8000030517578,144.25,140.72000122070312,142.1699981689453,299400,0.0,0.0
2024-04-18 00:00:00-04:00,143.0,143.6699981689453,140.22999572753906,140.88999938964844,222200,0.0,0.0
2024-04-19 00:00:00-04:00,141.38999938964844,144.41000366210938,137.77999877929688,140.1699981689453,280700,0.0,0.0
2024-04-22 00:00:00-04:00,140.47999572753906,144.3300018310547,140.41000366210938,142.10000610351562,245700,0.0,0.0
2024-04-23 00:00:00-04:00,143.3000030517578,147.4499969482422,143.3000030517578,144.8300018310547,220100,0.0,0.0
2024-04-24 00:00:00-04:00,144.0,146.39999389648438,141.00999450683594,143.17999267578125,244200,0.0,0.0
2024-04-25 00:00:00-04:00,140.58999633789062,140.83999633789062,136.19000244140625,136.92999267578125,376800,0.0,0.0
2024-04-26 00:00:00-04:00,137.0,139.80499267578125,133.38999938964844,135.89999389648438,226100,0.0,0.0
2024-04-29 00:00:00-04:00,136.47999572753906,142.42999267578125,136.47999572753906,140.14999389648438,269000,0.0,0.0
2024-04-30 00:00:00-04:00,139.8800048828125,141.47000122070312,137.0,138.44000244140625,260500,0.0,0.0
2024-05-01 00:00:00-04:00,137.80999755859375,142.5500030517578,136.0,141.00999450683594,411200,0.0,0.0
2024-05-02 00:00:00-04:00,141.7899932861328,143.99000549316406,139.25999450683594,141.10000610351562,318500,0.0,0.0
2024-05-03 00:00:00-04:00,141.9600067138672,142.36000061035156,135.15899658203125,137.1999969482422,511400,0.0,0.0
2024-05-06 00:00:00-04:00,138.36000061035156,138.36000061035156,133.52999877929688,134.0,441400,0.0,0.0
2024-05-07 00:00:00-04:00,135.16000366210938,137.64999389648438,134.5,135.97999572753906,504600,0.0,0.0
2024-05-08 00:00:00-04:00,135.0,137.32000732421875,133.52000427246094,133.92999267578125,389400,0.0,0.0
2024-05-09 00:00:00-04:00,134.8000030517578,134.8000030517578,132.8000030517578,133.1300048828125,201500,0.0,0.0
2024-05-10 00:00:00-04:00,133.6199951171875,135.83999633789062,132.58999633789062,133.4600067138672,218300,0.0,0.0
2024-05-13 00:00:00-04:00,134.00999450683594,134.97999572753906,131.42999267578125,132.02000427246094,340200,0.0,0.0
2024-05-14 00:00:00-04:00,131.92999267578125,132.58999633789062,116.625,124.81999969482422,1238100,0.0,0.0
2024-05-15 00:00:00-04:00,125.8499984741211,128.25,123.69000244140625,124.04000091552734,998200,0.0,0.0
2024-05-16 00:00:00-04:00,125.2699966430664,126.0,122.44999694824219,122.80000305175781,503800,0.0,0.0
2024-05-17 00:00:00-04:00,123.05999755859375,124.76000213623047,120.0199966430664,121.12000274658203,690000,0.0,0.0
2024-05-20 00:00:00-04:00,121.0199966430664,122.13500213623047,120.12000274658203,121.06999969482422,386700,0.0,0.0
2024-05-21 00:00:00-04:00,120.8499984741211,123.51000213623047,120.8499984741211,122.8499984741211,682400,0.0,0.0
2024-05-22 00:00:00-04:00,123.0999984741211,133.0850067138672,122.72699737548828,131.13999938964844,1394000,0.0,0.0
2024-05-23 00:00:00-04:00,131.4499969482422,132.25999450683594,127.77999877929688,129.44000244140625,405300,0.0,0.0
2024-05-24 00:00:00-04:00,129.25999450683594,131.1699981689453,126.79000091552734,130.41000366210938,250200,0.0,0.0
2024-05-28 00:00:00-04:00,130.77000427246094,131.97000122070312,125.87000274658203,127.33000183105469,153800,0.0,0.0
2024-05-29 00:00:00-04:00,126.33999633789062,133.2449951171875,126.1500015258789,132.50999450683594,570400,0.0,0.0
2024-05-30 00:00:00-04:00,132.83999633789062,138.36000061035156,131.3699951171875,137.4499969482422,511900,0.0,0.0
2024-05-31 00:00:00-04:00,139.47000122070312,143.75999450683594,134.84500122070312,135.10000610351562,587000,0.0,0.0
2024-06-03 00:00:00-04:00,135.44000244140625,139.02999877929688,133.88999938964844,135.30999755859375,378400,0.0,0.0
2024-06-04 00:00:00-04:00,135.1199951171875,136.06500244140625,133.11000061035156,134.4600067138672,239200,0.0,0.0
2024-06-05 00:00:00-04:00,135.66000366210938,140.08999633789062,134.1999969482422,138.5,250800,0.0,0.0
2024-06-06 00:00:00-04:00,138.5800018310547,139.4199981689453,135.60499572753906,138.5,163300,0.0,0.0
2024-06-07 00:00:00-04:00,138.17999267578125,138.80999755859375,133.75399780273438,137.1699981689453,131300,0.0,0.0
2024-06-10 00:00:00-04:00,136.8699951171875,138.3800048828125,131.25,131.47999572753906,238400,0.0,0.0
2024-06-11 00:00:00-04:00,131.44000244140625,134.91000366210938,130.27999877929688,131.92999267578125,209900,0.0,0.0
2024-06-12 00:00:00-04:00,132.3699951171875,134.01499938964844,124.9000015258789,131.27000427246094,680300,0.0,0.0
2024-06-13 00:00:00-04:00,131.52999877929688,132.0800018310547,127.58000183105469,127.83999633789062,261600,0.0,0.0
2024-06-14 00:00:00-04:00,126.36000061035156,128.6490020751953,124.58000183105469,127.63999938964844,209000,0.0,0.0
2024-06-17 00:00:00-04:00,127.63999938964844,128.97000122070312,123.04000091552734,124.58999633789062,295900,0.0,0.0
2024-06-18 00:00:00-04:00,125.0999984741211,125.72000122070312,123.19000244140625,123.19000244140625,305800,0.0,0.0
2024-06-20 00:00:00-04:00,123.22000122070312,123.4000015258789,121.06999969482422,121.62000274658203,234100,0.0,0.0
2024-06-21 00:00:00-04:00,122.18000030517578,128.27000427246094,121.36000061035156,127.8499984741211,302800,0.0,0.0
2024-06-24 00:00:00-04:00,129.02000427246094,130.13999938964844,126.37000274658203,129.38999938964844,362600,0.0,0.0
2024-06-25 00:00:00-04:00,134.47000122070312,138.75,133.4499969482422,135.7899932861328,620400,0.0,0.0
2024-06-26 00:00:00-04:00,135.69000244140625,135.7899932861328,131.5,132.64999389648438,199200,0.0,0.0
2024-06-27 00:00:00-04:00,132.5,136.64999389648438,132.25999450683594,135.39999389648438,200500,0.0,0.0
2024-06-28 00:00:00-04:00,136.11000061035156,137.73500061035156,133.0,136.3800048828125,260100,0.0,0.0
2024-07-01 00:00:00-04:00,135.67999267578125,138.11000061035156,132.27000427246094,133.97999572753906,215400,0.0,0.0
2024-07-02 00:00:00-04:00,134.27999877929688,137.5800018310547,133.82000732421875,136.27000427246094,245400,0.0,0.0
2024-07-03 00:00:00-04:00,136.05999755859375,136.77999877929688,133.02000427246094,134.17999267578125,147800,0.0,0.0
2024-07-05 00:00:00-04:00,134.4600067138672,136.3000030517578,132.375,135.80999755859375,107300,0.0,0.0
2024-07-08 00:00:00-04:00,136.2899932861328,137.49000549316406,134.80999755859375,136.4600067138672,155000,0.0,0.0
2024-07-09 00:00:00-04:00,136.60000610351562,138.85000610351562,135.83999633789062,136.4499969482422,244500,0.0,0.0
2024-07-10 00:00:00-04:00,136.67999267578125,139.0800018310547,135.94000244140625,137.33999633789062,288000,0.0,0.0
2024-07-11 00:00:00-04:00,137.8000030517578,139.8699951171875,134.73500061035156,135.7100067138672,416500,0.0,0.0
2024-07-12 00:00:00-04:00,136.41000366210938,140.8699951171875,135.22999572753906,138.0800018310547,429300,0.0,0.0
2024-07-15 00:00:00-04:00,138.91000366210938,140.42999267578125,136.88999938964844,137.0399932861328,327100,0.0,0.0
2024-07-16 00:00:00-04:00,138.07000732421875,142.2100067138672,138.02000427246094,140.8000030517578,498000,0.0,0.0
2024-07-17 00:00:00-04:00,139.00999450683594,140.39999389648438,135.77000427246094,138.57000732421875,261900,0.0,0.0
2024-07-18 00:00:00-04:00,139.47000122070312,141.4600067138672,135.1300048828125,136.52000427246094,258600,0.0,0.0
2024-07-19 00:00:00-04:00,137.25,137.25,132.58999633789062,135.2100067138672,447900,0.0,0.0
2024-07-22 00:00:00-04:00,135.6699981689453,137.6199951171875,134.5500030517578,136.32000732421875,342300,0.0,0.0
2024-07-23 00:00:00-04:00,136.25999450683594,136.5850067138672,133.9499969482422,134.75999450683594,224000,0.0,0.0
2024-07-24 00:00:00-04:00,134.35000610351562,135.5050048828125,132.46499633789062,134.00999450683594,180700,0.0,0.0
2024-07-25 00:00:00-04:00,133.97000122070312,136.41000366210938,133.91000366210938,134.3800048828125,177700,0.0,0.0
2024-07-26 00:00:00-04:00,135.47999572753906,136.36000061035156,132.99000549316406,133.75,175700,0.0,0.0
2024-07-29 00:00:00-04:00,133.75,135.55499267578125,132.55999755859375,134.25,167900,0.0,0.0
2024-07-30 00:00:00-04:00,134.16000366210938,134.3000030517578,130.57000732421875,133.94000244140625,316900,0.0,0.0
2024-07-31 00:00:00-04:00,134.11000061035156,138.15499877929688,132.22000122070312,133.5,368400,0.0,0.0
2024-08-01 00:00:00-04:00,133.55999755859375,137.36000061035156,132.1649932861328,136.52999877929688,253500,0.0,0.0
2024-08-02 00:00:00-04:00,135.6999969482422,135.6999969482422,127.93000030517578,132.25999450683594,314700,0.0,0.0
2024-08-05 00:00:00-04:00,121.12000274658203,127.91999816894531,120.18000030517578,124.98999786376953,340900,0.0,0.0
2024-08-06 00:00:00-04:00,126.08999633789062,129.33999633789062,124.79000091552734,125.51000213623047,159400,0.0,0.0
2024-08-07 00:00:00-04:00,126.22000122070312,126.48500061035156,122.63999938964844,123.62000274658203,194800,0.0,0.0
2024-08-08 00:00:00-04:00,123.62000274658203,126.27999877929688,121.4800033569336,125.9800033569336,215400,0.0,0.0
2024-08-09 00:00:00-04:00,126.0,127.83999633789062,124.697998046875,126.97000122070312,293100,0.0,0.0
2024-08-12 00:00:00-04:00,137.00999450683594,139.6999969482422,128.0,128.47999572753906,1524900,0.0,0.0
2024-08-13 00:00:00-04:00,131.0,140.5449981689453,128.97999572753906,139.66000366210938,1027300,0.0,0.0
2024-08-14 00:00:00-04:00,139.17999267578125,142.47999572753906,137.9199981689453,139.64999389648438,505800,0.0,0.0
2024-08-15 00:00:00-04:00,142.08999633789062,142.08999633789062,137.7949981689453,139.5,573100,0.0,0.0
2024-08-16 00:00:00-04:00,139.6699981689453,141.99000549316406,137.23399353027344,138.83999633789062,334800,0.0,0.0
2024-08-19 00:00:00-04:00,138.4499969482422,139.38999938964844,136.1750030517578,137.82000732421875,337900,0.0,0.0
2024-08-20 00:00:00-04:00,137.8000030517578,139.75,137.00999450683594,138.42999267578125,476500,0.0,0.0
2024-08-21 00:00:00-04:00,139.64999389648438,142.3800048828125,136.1750030517578,137.0,437000,0.0,0.0
2024-08-22 00:00:00-04:00,137.16000366210938,143.49000549316406,135.9199981689453,139.38999938964844,677600,0.0,0.0
2024-08-23 00:00:00-04:00,139.66000366210938,144.6179962158203,137.6300048828125,139.67999267578125,237400,0.0,0.0
2024-08-26 00:00:00-04:00,139.8300018310547,141.22000122070312,138.27000427246094,138.52999877929688,207700,0.0,0.0
2024-08-27 00:00:00-04:00,138.1199951171875,139.46499633789062,137.55999755859375,138.7899932861328,87900,0.0,0.0
2024-08-28 00:00:00-04:00,138.8000030517578,141.0399932861328,137.16000366210938,138.91000366210938,215000,0.0,0.0
2024-08-29 00:00:00-04:00,139.0,139.4499969482422,137.2899932861328,137.94000244140625,265500,0.0,0.0
2024-08-30 00:00:00-04:00,138.82000732421875,139.83999633789062,137.10000610351562,138.4499969482422,222700,0.0,0.0
2024-09-03 00:00:00-04:00,136.41000366210938,138.93499755859375,134.2949981689453,134.67999267578125,653300,0.0,0.0
2024-09-04 00:00:00-04:00,117.0199966430664,125.67500305175781,114.5,119.5,3189400,0.0,0.0
2024-09-05 00:00:00-04:00,122.56999969482422,126.94499969482422,118.29000091552734,119.0,817800,0.0,0.0
2024-09-06 00:00:00-04:00,118.98999786376953,121.25,117.4000015258789,119.1500015258789,625900,0.0,0.0
2024-09-09 00:00:00-04:00,119.05999755859375,119.73999786376953,116.5199966430664,116.83999633789062,1050400,0.0,0.0
2024-09-10 00:00:00-04:00,116.02999877929688,119.01000213623047,113.02999877929688,114.76000213623047,696000,0.0,0.0
2024-09-11 00:00:00-04:00,114.19000244140625,116.11000061035156,111.2300033569336,112.93000030517578,758900,0.0,0.0
2024-09-12 00:00:00-04:00,112.93000030517578,116.9000015258789,111.08999633789062,113.80999755859375,2295000,0.0,0.0
2024-09-13 00:00:00-04:00,116.29000091552734,119.48999786376953,114.5250015258789,119.22000122070312,589600,0.0,0.0
2024-09-16 00:00:00-04:00,139.64999389648438,145.0,137.75,139.57000732421875,2913300,0.0,0.0
2024-09-17 00:00:00-04:00,140.24000549316406,148.9199981689453,138.82000732421875,146.58999633789062,1993400,0.0,0.0
2024-09-18 00:00:00-04:00,146.58999633789062,150.42999267578125,145.77200317382812,148.8800048828125,885400,0.0,0.0
2024-09-19 00:00:00-04:00,151.0,154.80999755859375,149.25999450683594,153.42999267578125,1222700,0.0,0.0
2024-09-20 00:00:00-04:00,153.75,155.52999877929688,150.85000610351562,151.25999450683594,1708000,0.0,0.0
2024-09-23 00:00:00-04:00,151.47999572753906,151.86599731445312,145.72000122070312,146.60000610351562,761400,0.0,0.0
2024-09-24 00:00:00-04:00,145.97999572753906,147.5800018310547,143.97999572753906,144.88999938964844,519900,0.0,0.0
2024-09-25 00:00:00-04:00,144.77999877929688,149.55999755859375,144.72500610351562,146.27000427246094,314900,0.0,0.0
2024-09-26 00:00:00-04:00,147.63999938964844,147.63999938964844,144.42999267578125,147.36000061035156,327800,0.0,0.0
2024-09-27 00:00:00-04:00,147.00999450683594,148.30999755859375,142.97999572753906,144.6199951171875,516900,0.0,0.0
2024-09-30 00:00:00-04:00,143.69000244140625,149.6699981689453,143.11500549316406,149.30999755859375,541400,0.0,0.0
2024-10-01 00:00:00-04:00,149.30999755859375,149.30999755859375,144.1199951171875,146.60000610351562,376800,0.0,0.0
2024-10-02 00:00:00-04:00,146.47000122070312,147.9600067138672,144.8800048828125,146.2899932861328,565000,0.0,0.0
2024-10-03 00:00:00-04:00,145.1999969482422,146.22999572753906,140.53500366210938,140.9499969482422,411700,0.0,0.0
2024-10-04 00:00:00-04:00,141.64999389648438,142.8000030517578,139.55999755859375,142.6699981689453,340500,0.0,0.0
2024-10-07 00:00:00-04:00,141.07000732421875,142.0749969482422,139.0,139.13999938964844,223000,0.0,0.0
2024-10-08 00:00:00-04:00,138.9499969482422,143.52999877929688,131.72999572753906,132.0500030517578,977000,0.0,0.0
2024-10-09 00:00:00-04:00,132.0,132.0,127.11000061035156,129.3000030517578,559800,0.0,0.0
2024-10-10 00:00:00-04:00,127.55000305175781,130.78500366210938,127.55000305175781,130.3300018310547,496500,0.0,0.0
2024-10-11 00:00:00-04:00,129.74000549316406,130.52000427246094,128.6300048828125,128.8699951171875,534600,0.0,0.0
2024-10-14 00:00:00-04:00,128.6300048828125,129.6750030517578,128.0,128.4600067138672,606700,0.0,0.0
2024-10-15 00:00:00-04:00,128.0800018310547,128.3699951171875,125.4000015258789,127.30000305175781,282600,0.0,0.0
2024-10-16 00:00:00-04:00,127.48999786376953,132.625,127.47000122070312,130.30999755859375,475100,0.0,0.0
2024-10-17 00:00:00-04:00,129.52000427246094,130.0,126.0,126.66000366210938,464800,0.0,0.0
2024-10-18 00:00:00-04:00,127.69999694824219,131.88999938964844,126.58999633789062,129.89999389648438,381600,0.0,0.0
2024-10-21 00:00:00-04:00,130.44000244140625,130.66000366210938,125.58499908447266,128.66000366210938,271600,0.0,0.0
2024-10-22 00:00:00-04:00,127.36000061035156,129.9499969482422,126.0199966430664,129.07000732421875,150400,0.0,0.0
2024-10-23 00:00:00-04:00,128.72999572753906,130.05099487304688,126.44000244140625,127.69000244140625,286100,0.0,0.0
2024-10-24 00:00:00-04:00,128.0,130.7899932861328,128.0,129.80999755859375,205800,0.0,0.0
2024-10-25 00:00:00-04:00,129.92999267578125,131.4199981689453,129.1699981689453,130.32000732421875,176700,0.0,0.0
2024-10-28 00:00:00-04:00,131.25,133.97000122070312,129.13499450683594,129.44000244140625,249000,0.0,0.0
2024-10-29 00:00:00-04:00,129.55999755859375,129.69000244140625,124.0199966430664,126.7699966430664,317400,0.0,0.0
2024-10-30 00:00:00-04:00,124.91999816894531,126.80999755859375,122.5,122.80000305175781,379100,0.0,0.0
2024-10-31 00:00:00-04:00,121.4000015258789,124.66000366210938,120.7699966430664,122.81999969482422,344900,0.0,0.0
2024-11-01 00:00:00-04:00,124.04000091552734,125.94000244140625,121.51000213623047,125.27999877929688,389300,0.0,0.0
2024-11-04 00:00:00-05:00,127.19999694824219,129.1699981689453,123.02999877929688,125.7699966430664,486100,0.0,0.0
2024-11-05 00:00:00-05:00,124.5199966430664,129.30999755859375,122.12999725341797,128.1300048828125,282000,0.0,0.0
2024-11-06 00:00:00-05:00,130.5,132.4600067138672,126.70999908447266,129.36000061035156,445400,0.0,0.0
2024-11-07 00:00:00-05:00,129.27999877929688,129.27999877929688,126.26000213623047,126.55000305175781,266600,0.0,0.0
2024-11-08 00:00:00-05:00,127.4000015258789,128.1999969482422,124.11000061035156,124.33000183105469,459300,0.0,0.0
2024-11-11 00:00:00-05:00,124.83000183105469,129.80999755859375,124.44999694824219,128.39999389648438,301200,0.0,0.0
2024-11-12 00:00:00-05:00,127.38999938964844,129.50999450683594,125.4000015258789,127.66999816894531,417700,0.0,0.0
2024-11-13 00:00:00-05:00,128.5,129.86000061035156,125.1500015258789,126.02999877929688,594000,0.0,0.0
2024-11-14 00:00:00-05:00,126.0999984741211,127.55999755859375,124.19999694824219,124.27999877929688,974900,0.0,0.0
2024-11-15 00:00:00-05:00,118.9800033569336,133.0,118.05000305175781,126.51000213623047,1448800,0.0,0.0
2024-11-18 00:00:00-05:00,127.33999633789062,127.33999633789062,120.7300033569336,122.0,611100,0.0,0.0
2024-11-19 00:00:00-05:00,120.11000061035156,125.05799865722656,119.08499908447266,124.44000244140625,714100,0.0,0.0
2024-11-20 00:00:00-05:00,124.44000244140625,125.51499938964844,122.30500030517578,124.37999725341797,304200,0.0,0.0
2024-11-21 00:00:00-05:00,123.44999694824219,124.62999725341797,122.42500305175781,122.63999938964844,282600,0.0,0.0
2024-11-22 00:00:00-05:00,124.22000122070312,130.27499389648438,122.63999938964844,129.80999755859375,639900,0.0,0.0
2024-11-25 00:00:00-05:00,131.57000732421875,133.10000610351562,129.4199981689453,130.85000610351562,563800,0.0,0.0
2024-11-26 00:00:00-05:00,131.4199981689453,134.7100067138672,128.6300048828125,134.60000610351562,508100,0.0,0.0
2024-11-27 00:00:00-05:00,134.5399932861328,136.47000122070312,132.38499450683594,136.31500244140625,355500,0.0,0.0
2024-11-29 00:00:00-05:00,135.6300048828125,137.6999969482422,134.4600067138672,136.0800018310547,492000,0.0,0.0
2024-12-02 00:00:00-05:00,135.5,137.5399932861328,133.14500427246094,133.50999450683594,539300,0.0,0.0
2024-12-03 00:00:00-05:00,132.97999572753906,134.46499633789062,130.43499755859375,131.35000610351562,271000,0.0,0.0
2024-12-04 00:00:00-05:00,131.41000366210938,132.27999877929688,129.22999572753906,131.00999450683594,510600,0.0,0.0
2024-12-05 00:00:00-05:00,130.82000732421875,132.66000366210938,129.00999450683594,132.07000732421875,217200,0.0,0.0
2024-12-06 00:00:00-05:00,131.3300018310547,133.9499969482422,131.17999267578125,133.0,334500,0.0,0.0
2024-12-09 00:00:00-05:00,132.60000610351562,133.8000030517578,127.7490005493164,132.4199981689453,495400,0.0,0.0
2024-12-10 00:00:00-05:00,133.49000549316406,133.49000549316406,126.73999786376953,129.6699981689453,306500,0.0,0.0
2024-12-11 00:00:00-05:00,130.0800018310547,134.8249969482422,127.56999969482422,134.27999877929688,399100,0.0,0.0
2024-12-12 00:00:00-05:00,133.97999572753906,135.7100067138672,130.1699981689453,130.63999938964844,403000,0.0,0.0
2024-12-13 00:00:00-05:00,129.57000732421875,131.3699951171875,128.44500732421875,129.8699951171875,239300,0.0,0.0
2024-12-16 00:00:00-05:00,130.1300048828125,137.64999389648438,130.0,136.60000610351562,568800,0.0,0.0
2024-12-17 00:00:00-05:00,136.60000610351562,141.47999572753906,136.02999877929688,140.3000030517578,664700,0.0,0.0
2024-12-18 00:00:00-05:00,140.35000610351562,140.6999969482422,135.02000427246094,135.6999969482422,455600,0.0,0.0
2024-12-19 00:00:00-05:00,136.52999877929688,139.38999938964844,134.52999877929688,137.74000549316406,576000,0.0,0.0
2024-12-20 00:00:00-05:00,137.0,141.3699951171875,135.61000061035156,136.3800048828125,690300,0.0,0.0
2024-12-23 00:00:00-05:00,137.27999877929688,140.47000122070312,135.61000061035156,139.6999969482422,157500,0.0,0.0
2024-12-24 00:00:00-05:00,139.6999969482422,140.21800231933594,136.33999633789062,138.7899932861328,72200,0.0,0.0
2024-12-26 00:00:00-05:00,138.4499969482422,141.47000122070312,136.89999389648438,140.30999755859375,119900,0.0,0.0
2024-12-27 00:00:00-05:00,139.38999938964844,141.25,137.25999450683594,137.5,164600,0.0,0.0
2024-12-30 00:00:00-05:00,136.3300018310547,138.47000122070312,134.4949951171875,136.47999572753906,188800,0.0,0.0
2024-12-31 00:00:00-05:00,138.0,138.0,134.71099853515625,137.6699981689453,244700,0.0,0.0
2025-01-02 00:00:00-05:00,137.77000427246094,140.74000549316406,136.5989990234375,138.0,316100,0.0,0.0
2025-01-03 00:00:00-05:00,137.5,140.99000549316406,137.5,140.39999389648438,314500,0.0,0.0
2025-01-06 00:00:00-05:00,140.77000427246094,141.47999572753906,136.72999572753906,140.27999877929688,480600,0.0,0.0
2025-01-07 00:00:00-05:00,141.99000549316406,141.99000549316406,136.0749969482422,137.2899932861328,393400,0.0,0.0
2025-01-08 00:00:00-05:00,136.47999572753906,138.64999389648438,133.82000732421875,134.42999267578125,500300,0.0,0.0
2025-01-10 00:00:00-05:00,132.6999969482422,135.1699981689453,127.2699966430664,129.19000244140625,618200,0.0,0.0
2025-01-13 00:00:00-05:00,127.62999725341797,136.8800048828125,127.62999725341797,134.0399932861328,720400,0.0,0.0
2025-01-14 00:00:00-05:00,135.3000030517578,137.5399932861328,130.97000122070312,131.57000732421875,462400,0.0,0.0
2025-01-15 00:00:00-05:00,133.60000610351562,137.2899932861328,132.72000122070312,134.8699951171875,261100,0.0,0.0
2025-01-16 00:00:00-05:00,134.72999572753906,135.4199981689453,126.37999725341797,131.6199951171875,402700,0.0,0.0
2025-01-17 00:00:00-05:00,131.57000732421875,133.3800048828125,127.60099792480469,128.1300048828125,359300,0.0,0.0
2025-01-21 00:00:00-05:00,128.5500030517578,131.57000732421875,126.36799621582031,131.05999755859375,631800,0.0,0.0
2025-01-22 00:00:00-05:00,131.4499969482422,131.6999969482422,123.0199966430664,125.81999969482422,551900,0.0,0.0
2025-01-23 00:00:00-05:00,126.05000305175781,129.3800048828125,122.5199966430664,127.48999786376953,829800,0.0,0.0
2025-01-24 00:00:00-05:00,127.54000091552734,131.05999755859375,126.44999694824219,128.1999969482422,473700,0.0,0.0
2025-01-27 00:00:00-05:00,127.9000015258789,129.5399932861328,124.69000244140625,126.05000305175781,563600,0.0,0.0
2025-01-28 00:00:00-05:00,126.68000030517578,130.44000244140625,125.0,129.3699951171875,203500,0.0,0.0
2025-01-29 00:00:00-05:00,129.94000244140625,131.22000122070312,125.2300033569336,127.55000305175781,195400,0.0,0.0
2025-01-30 00:00:00-05:00,128.3699951171875,129.61500549316406,125.41000366210938,127.30000305175781,194500,0.0,0.0
2025-01-31 00:00:00-05:00,127.58999633789062,132.05499267578125,127.58999633789062,130.66000366210938,365500,0.0,0.0
2025-02-03 00:00:00-05:00,127.01000213623047,130.3000030517578,124.37000274658203,125.08999633789062,250900,0.0,0.0
2025-02-04 00:00:00-05:00,125.12999725341797,127.0,122.05000305175781,122.25,444900,0.0,0.0
2025-02-05 00:00:00-05:00,122.80000305175781,131.64999389648438,120.53700256347656,129.41000366210938,668300,0.0,0.0
2025-02-06 00:00:00-05:00,127.6500015258789,130.69000244140625,125.0,125.0199966430664,475400,0.0,0.0
2025-02-07 00:00:00-05:00,124.45999908447266,126.32499694824219,120.45999908447266,120.87000274658203,414500,0.0,0.0
2025-02-10 00:00:00-05:00,121.44999694824219,122.7249984741211,119.0199966430664,119.48999786376953,274000,0.0,0.0
2025-02-11 00:00:00-05:00,118.22000122070312,120.58000183105469,118.22000122070312,119.51000213623047,572600,0.0,0.0
2025-02-12 00:00:00-05:00,118.5,127.62000274658203,118.02999877929688,126.13999938964844,838900,0.0,0.0
2025-02-13 00:00:00-05:00,138.75,147.67999267578125,137.8699951171875,142.49000549316406,1501900,0.0,0.0
2025-02-14 00:00:00-05:00,142.85000610351562,146.90499877929688,141.82200622558594,144.0800018310547,551300,0.0,0.0
2025-02-18 00:00:00-05:00,145.47999572753906,157.3699951171875,145.0,156.19000244140625,924700,0.0,0.0
2025-02-19 00:00:00-05:00,154.89999389648438,156.69000244140625,150.08999633789062,155.11000061035156,803900,0.0,0.0
2025-02-20 00:00:00-05:00,153.13999938964844,156.08999633789062,151.58999633789062,154.5800018310547,472900,0.0,0.0
2025-02-21 00:00:00-05:00,153.64999389648438,155.44500732421875,151.9600067138672,152.42999267578125,444200,0.0,0.0
2025-02-24 00:00:00-05:00,152.42999267578125,153.8419952392578,150.0800018310547,151.05999755859375,269100,0.0,0.0
2025-02-25 00:00:00-05:00,151.94000244140625,152.77999877929688,148.02000427246094,151.52999877929688,414900,0.0,0.0
2025-02-26 00:00:00-05:00,151.55999755859375,155.99000549316406,148.17999267578125,152.61000061035156,527200,0.0,0.0
2025-02-27 00:00:00-05:00,152.5,155.0399932861328,152.1699981689453,153.13999938964844,239800,0.0,0.0
2025-02-28 00:00:00-05:00,153.0,157.49000549316406,153.0,156.5800018310547,429200,0.0,0.0
2025-03-03 00:00:00-05:00,157.77999877929688,158.0,150.9499969482422,151.92999267578125,581900,0.0,0.0
2025-03-04 00:00:00-05:00,150.5500030517578,152.3300018310547,147.3000030517578,150.80999755859375,424400,0.0,0.0
2025-03-05 00:00:00-05:00,150.14999389648438,155.97999572753906,146.22900390625,155.86000061035156,861400,0.0,0.0
2025-03-06 00:00:00-05:00,154.32000732421875,155.38999938964844,149.34500122070312,151.50999450683594,409900,0.0,0.0
2025-03-07 00:00:00-05:00,151.02999877929688,152.41000366210938,144.75,145.74000549316406,351000,0.0,0.0
2025-03-10 00:00:00-04:00,143.6999969482422,144.11500549316406,137.02000427246094,138.17999267578125,458400,0.0,0.0
2025-03-11 00:00:00-04:00,137.89999389648438,145.97000122070312,136.57000732421875,145.6300048828125,397000,0.0,0.0
2025-03-12 00:00:00-04:00,147.63999938964844,150.8000030517578,146.0500030517578,150.30999755859375,465900,0.0,0.0
2025-03-13 00:00:00-04:00,150.1999969482422,153.5,148.56500244140625,152.30999755859375,425100,0.0,0.0
2025-03-14 00:00:00-04:00,153.0,155.38999938964844,151.22000122070312,152.97999572753906,405700,0.0,0.0
2025-03-17 00:00:00-04:00,157.89999389648438,169.3699951171875,157.58999633789062,168.83999633789062,1117200,0.0,0.0
2025-03-18 00:00:00-04:00,168.00999450683594,168.97000122070312,163.92999267578125,164.64999389648438,393000,0.0,0.0
2025-03-19 00:00:00-04:00,164.2899932861328,166.86000061035156,161.00999450683594,166.0500030517578,315600,0.0,0.0
2025-03-20 00:00:00-04:00,164.72000122070312,165.74099731445312,162.7100067138672,163.24000549316406,242500,0.0,0.0
2025-03-21 00:00:00-04:00,161.99000549316406,168.39999389648438,161.5,165.99000549316406,354300,0.0,0.0
2025-03-24 00:00:00-04:00,165.8300018310547,169.0,165.35000610351562,167.99000549316406,242800,0.0,0.0
2025-03-25 00:00:00-04:00,167.36000061035156,167.69500732421875,161.0399932861328,161.0399932861328,402900,0.0,0.0
2025-03-26 00:00:00-04:00,159.80999755859375,161.4250030517578,157.61000061035156,158.27999877929688,352200,0.0,0.0
2025-03-27 00:00:00-04:00,158.47000122070312,161.91000366210938,157.00999450683594,157.94000244140625,264900,0.0,0.0
2025-03-28 00:00:00-04:00,157.94000244140625,158.5449981689453,154.0,154.67999267578125,289100,0.0,0.0
2025-03-31 00:00:00-04:00,151.27999877929688,156.9600067138672,143.80999755859375,155.86000061035156,532000,0.0,0.0
2025-04-01 00:00:00-04:00,156.72999572753906,158.4499969482422,148.39999389648438,151.42999267578125,655900,0.0,0.0
2025-04-02 00:00:00-04:00,149.8800048828125,154.9600067138672,148.89999389648438,152.14500427246094,494300,0.0,0.0
2025-04-03 00:00:00-04:00,147.55999755859375,155.4499969482422,147.55999755859375,150.08999633789062,514500,0.0,0.0
2025-04-04 00:00:00-04:00,145.33999633789062,147.49000549316406,139.57000732421875,142.6699981689453,578600,0.0,0.0
2025-04-07 00:00:00-04:00,136.66000366210938,143.63999938964844,131.77000427246094,140.13999938964844,871200,0.0,0.0
2025-04-08 00:00:00-04:00,144.57000732421875,146.44000244140625,134.33999633789062,137.41000366210938,524300,0.0,0.0
2025-04-09 00:00:00-04:00,133.57000732421875,153.49000549316406,124.05999755859375,137.83999633789062,1175600,0.0,0.0
2025-04-10 00:00:00-04:00,135.0800018310547,146.92999267578125,132.52000427246094,143.3300018310547,705300,0.0,0.0
2025-04-11 00:00:00-04:00,144.10000610351562,153.3350067138672,142.17999267578125,150.99000549316406,427500,0.0,0.0
2025-04-14 00:00:00-04:00,152.52999877929688,159.13999938964844,150.99000549316406,155.5,438800,0.0,0.0
2025-04-15 00:00:00-04:00,155.14999389648438,156.97000122070312,153.11000061035156,153.9199981689453,255000,0.0,0.0
2025-04-16 00:00:00-04:00,153.9199981689453,159.55999755859375,152.07000732421875,158.14999389648438,409700,0.0,0.0
2025-04-17 00:00:00-04:00,158.75999450683594,165.4199981689453,155.64999389648438,165.0500030517578,629200,0.0,0.0
2025-04-21 00:00:00-04:00,164.0,165.27999877929688,156.07000732421875,161.14999389648438,691300,0.0,0.0
2025-04-22 00:00:00-04:00,163.47000122070312,163.47000122070312,153.1699981689453,159.1300048828125,1176200,0.0,0.0
2025-04-23 00:00:00-04:00,161.5,161.875,155.9600067138672,158.13999938964844,432700,0.0,0.0
2025-04-24 00:00:00-04:00,159.47000122070312,161.02000427246094,155.5399932861328,160.4499969482422,373000,0.0,0.0
2025-04-25 00:00:00-04:00,160.35000610351562,167.2899932861328,157.66000366210938,164.14999389648438,560200,0.0,0.0
2025-04-28 00:00:00-04:00,164.14999389648438,167.3699951171875,161.61000061035156,164.8800048828125,352500,0.0,0.0
2025-04-29 00:00:00-04:00,165.10000610351562,168.9600067138672,165.0,166.5800018310547,276900,0.0,0.0
2025-04-30 00:00:00-04:00,166.02000427246094,171.3350067138672,164.24000549316406,170.44000244140625,377800,0.0,0.0
2025-05-01 00:00:00-04:00,171.0,173.0,164.52000427246094,167.47000122070312,928500,0.0,0.0
2025-05-02 00:00:00-04:00,168.0,183.0,166.9600067138672,172.05999755859375,1175400,0.0,0.0
2025-05-05 00:00:00-04:00,175.60000610351562,175.60000610351562,169.44000244140625,170.74000549316406,449200,0.0,0.0
2025-05-06 00:00:00-04:00,169.49000549316406,171.46299743652344,161.77000427246094,162.83999633789062,825100,0.0,0.0
2025-05-07 00:00:00-04:00,162.30999755859375,164.80999755859375,160.00999450683594,160.99000549316406,551100,0.0,0.0
2025-05-08 00:00:00-04:00,161.10000610351562,162.7100067138672,156.02000427246094,159.38999938964844,712600,0.0,0.0
2025-05-09 00:00:00-04:00,159.4499969482422,161.38999938964844,151.11000061035156,151.25,598500,0.0,0.0
2025-05-12 00:00:00-04:00,153.41000366210938,158.3300018310547,152.447998046875,154.42999267578125,441000,0.0,0.0
2025-05-13 00:00:00-04:00,155.1999969482422,162.3000030517578,154.63999938964844,161.52000427246094,495600,0.0,0.0
2025-05-14 00:00:00-04:00,161.77999877929688,165.25999450683594,156.27999877929688,157.1999969482422,287100,0.0,0.0
2025-05-15 00:00:00-04:00,157.13999938964844,159.02999877929688,150.88999938964844,157.5399932861328,342600,0.0,0.0
2025-05-16 00:00:00-04:00,155.00999450683594,160.55999755859375,154.8000030517578,157.60000610351562,502200,0.0,0.0
2025-05-19 00:00:00-04:00,157.0,160.3800048828125,156.4600067138672,160.3300018310547,443100,0.0,0.0
2025-05-20 00:00:00-04:00,160.33999633789062,162.22000122070312,157.6999969482422,161.57000732421875,247000,0.0,0.0
2025-05-21 00:00:00-04:00,160.3800048828125,162.3800048828125,157.02000427246094,158.10000610351562,396900,0.0,0.0
2025-05-22 00:00:00-04:00,157.97000122070312,161.78500366210938,156.10000610351562,160.0500030517578,345800,0.0,0.0
2025-05-23 00:00:00-04:00,157.77000427246094,162.1199951171875,153.49000549316406,162.0,214000,0.0,0.0
2025-05-27 00:00:00-04:00,163.5500030517578,163.5500030517578,156.8300018310547,157.27000427246094,370100,0.0,0.0
2025-05-28 00:00:00-04:00,156.7100067138672,160.3000030517578,156.55999755859375,159.24000549316406,384900,0.0,0.0
2025-05-29 00:00:00-04:00,160.05999755859375,164.82000732421875,158.16000366210938,163.57000732421875,302800,0.0,0.0
2025-05-30 00:00:00-04:00,163.5,165.6649932861328,162.69500732421875,162.83999633789062,470700,0.0,0.0
2025-06-02 00:00:00-04:00,165.5,177.94000244140625,165.02000427246094,175.69000244140625,950800,0.0,0.0
2025-06-03 00:00:00-04:00,176.33999633789062,179.39999389648438,172.60000610351562,174.39999389648438,578200,0.0,0.0
2025-06-04 00:00:00-04:00,173.75,177.97000122070312,168.11000061035156,173.69000244140625,537100,0.0,0.0
2025-06-05 00:00:00-04:00,173.63999938964844,177.8300018310547,167.5500030517578,177.5500030517578,358000,0.0,0.0
2025-06-06 00:00:00-04:00,175.94000244140625,178.1199951171875,171.5500030517578,173.05999755859375,596000,0.0,0.0
2025-06-09 00:00:00-04:00,175.85000610351562,177.05499267578125,172.0,173.14999389648438,484700,0.0,0.0
2025-06-10 00:00:00-04:00,174.80999755859375,175.35000610351562,170.17999267578125,172.35000610351562,381000,0.0,0.0
2025-06-11 00:00:00-04:00,172.58999633789062,174.10800170898438,170.69000244140625,171.72000122070312,232000,0.0,0.0
2025-06-12 00:00:00-04:00,171.3000030517578,174.0800018310547,169.7449951171875,170.9199981689453,249900,0.0,0.0
2025-06-13 00:00:00-04:00,170.17999267578125,173.82000732421875,169.64999389648438,170.8000030517578,369800,0.0,0.0
2025-06-16 00:00:00-04:00,170.66000366210938,178.17999267578125,169.89999389648438,177.7100067138672,547500,0.0,0.0
2025-06-17 00:00:00-04:00,178.10000610351562,178.6199951171875,172.35000610351562,172.89999389648438,394800,0.0,0.0
2025-06-18 00:00:00-04:00,172.5,175.27999877929688,170.49000549316406,170.7100067138672,288900,0.0,0.0
2025-06-20 00:00:00-04:00,171.9600067138672,177.2100067138672,170.3699951171875,176.89999389648438,415700,0.0,0.0
2025-06-23 00:00:00-04:00,177.25,179.1999969482422,174.52499389648438,175.77999877929688,400000,0.0,0.0
2025-06-24 00:00:00-04:00,176.0,180.77999877929688,175.53500366210938,179.10000610351562,377000,0.0,0.0
2025-06-25 00:00:00-04:00,178.22000122070312,179.1999969482422,166.83999633789062,173.0,641900,0.0,0.0
2025-06-26 00:00:00-04:00,174.32000732421875,175.27000427246094,172.0,172.9499969482422,353300,0.0,0.0
2025-06-27 00:00:00-04:00,172.66000366210938,174.80999755859375,170.6649932861328,172.22000122070312,255300,0.0,0.0
2025-06-30 00:00:00-04:00,172.22000122070312,174.30999755859375,169.2050018310547,172.60000610351562,420200,0.0,0.0
2025-07-01 00:00:00-04:00,170.77999877929688,173.6999969482422,167.51499938964844,172.0,802100,0.0,0.0
2025-07-02 00:00:00-04:00,170.19000244140625,174.3350067138672,170.19000244140625,173.10000610351562,270600,0.0,0.0
2025-07-03 00:00:00-04:00,172.86000061035156,174.38999938964844,169.80999755859375,174.17999267578125,157800,0.0,0.0
2025-07-07 00:00:00-04:00,174.0,175.97999572753906,170.72500610351562,175.97999572753906,476900,0.0,0.0
2025-07-08 00:00:00-04:00,177.47999572753906,178.2899932861328,168.00999450683594,168.1699981689453,475400,0.0,0.0
2025-07-09 00:00:00-04:00,169.6699981689453,180.0,168.1699981689453,175.7100067138672,838000,0.0,0.0
2025-07-10 00:00:00-04:00,175.72000122070312,177.8300018310547,172.67999267578125,176.49000549316406,465700,0.0,0.0
2025-07-11 00:00:00-04:00,176.4199981689453,177.17999267578125,173.77999877929688,174.9600067138672,387300,0.0,0.0
2025-07-14 00:00:00-04:00,175.5,179.5,173.80999755859375,174.88499450683594,320500,0.0,0.0
2025-07-15 00:00:00-04:00,176.0,177.0,171.48500061035156,174.75,314300,0.0,0.0
2025-07-16 00:00:00-04:00,175.0,176.22999572753906,171.10000610351562,175.39999389648438,426400,0.0,0.0
2025-07-17 00:00:00-04:00,175.05999755859375,177.92999267578125,173.80999755859375,177.1999969482422,353200,0.0,0.0
2025-07-18 00:00:00-04:00,177.86000061035156,179.95700073242188,169.52000427246094,169.89999389648438,617600,0.0,0.0
2025-07-21 00:00:00-04:00,170.8300018310547,173.32400512695312,167.8300018310547,168.02000427246094,334000,0.0,0.0
2025-07-22 00:00:00-04:00,168.52000427246094,170.16000366210938,165.24000549316406,165.5399932861328,326500,0.0,0.0
2025-07-23 00:00:00-04:00,166.0,171.1999969482422,166.0,170.13999938964844,480600,0.0,0.0
2025-07-24 00:00:00-04:00,170.0,172.0,167.3350067138672,168.30999755859375,518500,0.0,0.0
2025-07-25 00:00:00-04:00,169.97999572753906,175.875,166.82000732421875,167.47000122070312,421900,0.0,0.0
2025-07-28 00:00:00-04:00,170.5,171.88800048828125,164.0399932861328,164.16000366210938,435400,0.0,0.0
2025-07-29 00:00:00-04:00,164.27000427246094,166.0,160.86000061035156,163.32000732421875,337400,0.0,0.0
2025-07-30 00:00:00-04:00,165.67999267578125,170.57000732421875,163.875,166.77999877929688,599700,0.0,0.0
2025-07-31 00:00:00-04:00,167.39999389648438,176.97999572753906,167.27000427246094,173.5,626600,0.0,0.0
2025-08-01 00:00:00-04:00,171.89999389648438,177.97999572753906,171.89999389648438,174.47999572753906,260300,0.0,0.0
2025-08-04 00:00:00-04:00,175.0,184.77999877929688,173.3300018310547,184.14999389648438,456600,0.0,0.0
2025-08-05 00:00:00-04:00,184.9600067138672,186.88999938964844,180.7050018310547,186.58999633789062,650300,0.0,0.0
2025-08-06 00:00:00-04:00,185.47999572753906,186.5,177.85000610351562,182.60000610351562,411500,0.0,0.0
2025-08-07 00:00:00-04:00,185.19000244140625,190.35000610351562,181.42999267578125,190.35000610351562,1005000,0.0,0.0
2025-08-08 00:00:00-04:00,197.5800018310547,199.99000549316406,175.19000244140625,191.49000549316406,1554000,0.0,0.0
2025-08-11 00:00:00-04:00,191.60000610351562,197.0,190.3000030517578,195.97000122070312,588900,0.0,0.0
2025-08-12 00:00:00-04:00,193.4199981689453,197.6699981689453,188.61000061035156,195.97999572753906,803600,0.0,0.0
2025-08-13 00:00:00-04:00,193.27000427246094,194.48300170898438,188.0,191.0800018310547,498600,0.0,0.0
2025-08-14 00:00:00-04:00,187.24000549316406,193.74000549316406,187.24000549316406,192.0399932861328,383700,0.0,0.0
2025-08-15 00:00:00-04:00,190.77999877929688,198.4199981689453,190.77999877929688,198.32000732421875,294600,0.0,0.0
2025-08-18 00:00:00-04:00,195.66000366210938,197.33999633789062,191.09300231933594,194.0800018310547,587800,0.0,0.0
2025-08-19 00:00:00-04:00,192.74000549316406,196.9530029296875,190.0,194.6199951171875,389000,0.0,0.0
2025-08-20 00:00:00-04:00,194.55999755859375,196.97000122070312,192.52000427246094,192.7949981689453,475100,0.0,0.0
2025-08-21 00:00:00-04:00,192.2899932861328,197.35000610351562,191.44000244140625,192.8000030517578,664500,0.0,0.0
2025-08-22 00:00:00-04:00,193.19000244140625,195.5500030517578,192.17999267578125,194.3000030517578,308100,0.0,0.0
2025-08-25 00:00:00-04:00,194.3000030517578,198.6999969482422,190.0,190.3699951171875,354200,0.0,0.0
2025-08-26 00:00:00-04:00,190.47999572753906,196.77999877929688,189.0,196.66000366210938,432300,0.0,0.0
2025-08-27 00:00:00-04:00,195.8300018310547,196.66000366210938,192.94000244140625,193.00999450683594,378600,0.0,0.0
2025-08-28 00:00:00-04:00,193.0,195.49000549316406,192.1199951171875,193.89999389648438,368200,0.0,0.0
2025-08-29 00:00:00-04:00,194.58999633789062,194.75,191.19000244140625,194.27000427246094,357300,0.0,0.0
2025-09-02 00:00:00-04:00,195.5,203.58999633789062,194.2050018310547,199.16000366210938,562400,0.0,0.0
2025-09-03 00:00:00-04:00,199.32000732421875,203.3699951171875,197.6199951171875,200.02000427246094,415600,0.0,0.0
2025-09-04 00:00:00-04:00,199.9600067138672,204.8800048828125,195.0,198.1300048828125,331000,0.0,0.0
2025-09-05 00:00:00-04:00,197.2100067138672,207.0,196.32000732421875,205.91000366210938,461000,0.0,0.0
2025-09-08 00:00:00-04:00,203.74000549316406,208.16000366210938,202.22000122070312,205.22000122070312,608300,0.0,0.0
2025-09-09 00:00:00-04:00,206.64999389648438,206.64999389648438,201.7949981689453,202.90499877929688,330000,0.0,0.0
2025-09-10 00:00:00-04:00,200.99000549316406,201.77999877929688,196.0590057373047,198.4600067138672,486700,0.0,0.0
2025-09-11 00:00:00-04:00,198.24000549316406,202.57000732421875,196.5,197.6699981689453,332200,0.0,0.0
2025-09-12 00:00:00-04:00,196.60000610351562,198.89999389648438,193.2100067138672,195.5800018310547,227300,0.0,0.0
2025-09-15 00:00:00-04:00,196.19000244140625,197.0,193.0500030517578,194.6199951171875,224700,0.0,0.0
2025-09-16 00:00:00-04:00,194.72000122070312,197.5,193.0,197.23500061035156,215200,0.0,0.0
2025-09-17 00:00:00-04:00,197.9600067138672,200.5500030517578,196.9499969482422,199.58999633789062,254700,0.0,0.0
2025-09-18 00:00:00-04:00,200.00999450683594,200.4149932861328,197.76499938964844,199.3699951171875,175900,0.0,0.0
2025-09-19 00:00:00-04:00,200.5,200.5,193.47999572753906,197.67999267578125,688100,0.0,0.0
2025-09-22 00:00:00-04:00,194.0,197.27000427246094,187.5500030517578,196.4199981689453,1061800,0.0,0.0
2025-09-23 00:00:00-04:00,195.02999877929688,198.25999450683594,193.02000427246094,193.97999572753906,220700,0.0,0.0
2025-09-24 00:00:00-04:00,194.1199951171875,198.3699951171875,191.24000549316406,193.27999877929688,200400,0.0,0.0
2025-09-25 00:00:00-04:00,192.4499969482422,192.4499969482422,187.25,189.74000549316406,371200,0.0,0.0
2025-09-26 00:00:00-04:00,190.11000061035156,192.02000427246094,188.5449981689453,191.99000549316406,273300,0.0,0.0
2025-09-29 00:00:00-04:00,192.0,194.06199645996094,189.0,191.60000610351562,487900,0.0,0.0
2025-09-30 00:00:00-04:00,192.67999267578125,199.97999572753906,191.8800048828125,198.80999755859375,571900,0.0,0.0
2025-10-01 00:00:00-04:00,199.89999389648438,205.47999572753906,198.80999755859375,204.11000061035156,498600,0.0,0.0
2025-10-02 00:00:00-04:00,203.92999267578125,204.125,199.99000549316406,200.97000122070312,399900,0.0,0.0
2025-10-03 00:00:00-04:00,202.32000732421875,205.16000366210938,201.71499633789062,204.0500030517578,401000,0.0,0.0
2025-10-06 00:00:00-04:00,202.67999267578125,214.7100067138672,201.5760040283203,210.8300018310547,848500,0.0,0.0
2025-10-07 00:00:00-04:00,212.85000610351562,212.85000610351562,206.39999389648438,209.86000061035156,286600,0.0,0.0
2025-10-08 00:00:00-04:00,213.25,213.25,208.1490020751953,210.1300048828125,560000,0.0,0.0
2025-10-09 00:00:00-04:00,210.0,216.4499969482422,208.80999755859375,214.77000427246094,641800,0.0,0.0
2025-10-10 00:00:00-04:00,214.17999267578125,214.5399932861328,208.46200561523438,209.5500030517578,564800,0.0,0.0
2025-10-13 00:00:00-04:00,214.05999755859375,214.05999755859375,208.34500122070312,208.42999267578125,397000,0.0,0.0
2025-10-14 00:00:00-04:00,208.91000366210938,210.71299743652344,205.39999389648438,208.7100067138672,231200,0.0,0.0
2025-10-15 00:00:00-04:00,207.9499969482422,212.47999572753906,206.02000427246094,207.1199951171875,416700,0.0,0.0
2025-10-16 00:00:00-04:00,207.1199951171875,211.65499877929688,207.02999877929688,207.02999877929688,312600,0.0,0.0
2025-10-17 00:00:00-04:00,208.25,214.47000122070312,206.02000427246094,210.5,448300,0.0,0.0
2025-10-20 00:00:00-04:00,212.2899932861328,212.97999572753906,186.0540008544922,205.2100067138672,1185400,0.0,0.0
2025-10-21 00:00:00-04:00,204.64999389648438,204.99000549316406,197.52000427246094,200.58999633789062,366300,0.0,0.0
2025-10-22 00:00:00-04:00,200.63999938964844,204.9600067138672,199.6199951171875,202.6999969482422,308900,0.0,0.0
2025-10-23 00:00:00-04:00,202.07000732421875,203.60499572753906,199.80999755859375,201.00999450683594,241000,0.0,0.0
2025-10-24 00:00:00-04:00,205.0,208.80999755859375,200.0,202.0,369100,0.0,0.0
2025-10-27 00:00:00-04:00,205.0800018310547,208.89999389648438,200.3000030517578,203.22999572753906,261700,0.0,0.0
2025-10-28 00:00:00-04:00,203.30999755859375,206.9199981689453,199.3800048828125,205.91000366210938,369600,0.0,0.0
2025-10-29 00:00:00-04:00,205.91000366210938,208.61000061035156,203.00999450683594,205.7100067138672,291300,0.0,0.0
2025-10-30 00:00:00-04:00,204.6999969482422,206.88499450683594,203.02499389648438,203.7100067138672,267900,0.0,0.0
2025-10-31 00:00:00-04:00,202.8300018310547,205.375,199.57000732421875,201.60000610351562,314400,0.0,0.0
2025-11-03 00:00:00-05:00,202.05999755859375,203.78599548339844,195.02999877929688,200.97999572753906,396900,0.0,0.0
2025-11-04 00:00:00-05:00,200.97999572753906,208.41000366210938,197.60000610351562,208.24000549316406,406200,0.0,0.0
2025-11-05 00:00:00-05:00,205.69000244140625,209.0,196.86000061035156,197.75,388600,0.0,0.0
2025-11-06 00:00:00-05:00,197.9600067138672,200.5500030517578,196.9499969482422,199.27999877929688,264100,0.0,0.0
2025-11-07 00:00:00-05:00,200.0,202.41000366210938,195.7949981689453,197.74000549316406,316400,0.0,0.0
2025-11-10 00:00:00-05:00,199.33999633789062,201.0,195.8249969482422,196.00999450683594,463600,0.0,0.0
2025-11-11 00:00:00-05:00,195.30999755859375,203.0,195.0,201.16000366210938,518800,0.0,0.0
2025-11-12 00:00:00-05:00,200.3699951171875,205.0,198.25999450683594,199.22000122070312,666900,0.0,0.0
2025-11-13 00:00:00-05:00,192.2899932861328,208.47999572753906,188.0709991455078,206.4499969482422,1907600,0.0,0.0
2025-11-14 00:00:00-05:00,206.9600067138672,219.3000030517578,202.77000427246094,204.39999389648438,1053800,0.0,0.0
2025-11-17 00:00:00-05:00,206.4499969482422,223.18499755859375,202.5,216.55999755859375,913600,0.0,0.0
2025-11-18 00:00:00-05:00,221.88999938964844,222.95700073242188,214.02000427246094,217.1300048828125,520700,0.0,0.0
2025-11-19 00:00:00-05:00,217.72999572753906,217.83999633789062,208.00999450683594,212.14999389648438,542100,0.0,0.0
2025-11-20 00:00:00-05:00,212.47000122070312,214.31500244140625,208.75999450683594,209.5500030517578,342100,0.0,0.0
2025-11-21 00:00:00-05:00,209.1999969482422,211.75,205.78500366210938,210.49000549316406,601000,0.0,0.0
2025-11-24 00:00:00-05:00,208.88999938964844,217.32000732421875,208.4199981689453,209.02999877929688,526300,0.0,0.0
2025-11-25 00:00:00-05:00,210.55999755859375,213.4550018310547,203.02000427246094,206.64999389648438,469000,0.0,0.0
2025-11-26 00:00:00-05:00,210.52000427246094,218.5,207.60000610351562,210.00999450683594,682600,0.0,0.0
2025-11-28 00:00:00-05:00,210.00999450683594,214.7899932861328,209.0,212.3300018310547,273600,0.0,0.0
2025-12-01 00:00:00-05:00,210.00999450683594,213.4499969482422,208.21499633789062,210.85000610351562,492300,0.0,0.0
2025-12-02 00:00:00-05:00,210.16000366210938,212.2480010986328,200.41000366210938,202.16000366210938,995200,0.0,0.0
2025-12-03 00:00:00-05:00,201.16000366210938,204.5,198.3000030517578,200.5,508100,0.0,0.0
2025-12-04 00:00:00-05:00,198.60000610351562,209.4499969482422,198.60000610351562,208.5800018310547,675000,0.0,0.0
2025-12-05 00:00:00-05:00,209.4600067138672,212.0,204.94000244140625,205.44000244140625,470800,0.0,0.0
2025-12-08 00:00:00-05:00,206.05999755859375,208.7949981689453,203.35000610351562,207.1199951171875,590800,0.0,0.0
2025-12-09 00:00:00-05:00,206.30999755859375,209.89999389648438,195.63999938964844,196.6300048828125,894700,0.0,0.0
2025-12-10 00:00:00-05:00,198.00999450683594,201.88999938964844,192.27999877929688,201.24000549316406,1124100,0.0,0.0
2025-12-11 00:00:00-05:00,203.69000244140625,218.88999938964844,201.6439971923828,210.16000366210938,1531900,0.0,0.0
2025-12-12 00:00:00-05:00,209.41000366210938,229.94000244140625,207.52000427246094,220.4199981689453,1467400,0.0,0.0
2025-12-15 00:00:00-05:00,217.33999633789062,221.63800048828125,212.47000122070312,213.24000549316406,685500,0.0,0.0
2025-12-16 00:00:00-05:00,210.32000732421875,212.55999755859375,204.52000427246094,212.11000061035156,672300,0.0,0.0
2025-12-17 00:00:00-05:00,210.6699981689453,213.22000122070312,202.08999633789062,202.82000732421875,681000,0.0,0.0
2025-12-18 00:00:00-05:00,202.50999450683594,204.5500030517578,198.0,199.8000030517578,799200,0.0,0.0
2025-12-19 00:00:00-05:00,200.6699981689453,202.77999877929688,197.15499877929688,199.99000549316406,1816600,0.0,0.0
2025-12-22 00:00:00-05:00,203.41000366210938,210.47000122070312,199.91799926757812,209.42999267578125,646300,0.0,0.0
2025-12-23 00:00:00-05:00,210.72999572753906,212.89999389648438,205.72999572753906,209.22999572753906,386100,0.0,0.0
2025-12-24 00:00:00-05:00,210.1999969482422,216.19000244140625,210.1999969482422,212.80999755859375,244300,0.0,0.0
2025-12-26 00:00:00-05:00,213.85000610351562,213.85000610351562,208.13999938964844,208.97999572753906,267800,0.0,0.0
2025-12-29 00:00:00-05:00,209.8699951171875,211.97999572753906,208.2899932861328,211.02000427246094,292500,0.0,0.0
2025-12-30 00:00:00-05:00,210.52999877929688,213.8699951171875,208.02000427246094,209.33999633789062,211500,0.0,0.0
2025-12-31 00:00:00-05:00,209.24000549316406,215.42999267578125,207.27999877929688,213.24000549316406,460400,0.0,0.0
2026-01-02 00:00:00-05:00,212.83999633789062,215.97999572753906,210.75999450683594,213.2899932861328,343300,0.0,0.0
2026-01-05 00:00:00-05:00,211.2899932861328,213.71499633789062,205.02000427246094,213.14999389648438,503700,0.0,0.0
2026-01-06 00:00:00-05:00,212.77999877929688,214.39500427246094,204.5,209.2899932861328,482400,0.0,0.0
2026-01-07 00:00:00-05:00,209.61000061035156,219.27000427246094,209.17999267578125,213.27999877929688,626200,0.0,0.0
2026-01-08 00:00:00-05:00,214.0,216.97999572753906,205.08999633789062,208.75,442300,0.0,0.0
2026-01-09 00:00:00-05:00,213.24000549316406,214.0,201.1300048828125,202.99000549316406,894000,0.0,0.0
2026-01-12 00:00:00-05:00,203.32000732421875,211.41000366210938,188.0800018310547,208.75999450683594,1210700,0.0,0.0
2026-01-13 00:00:00-05:00,208.0,221.75,206.0,215.0500030517578,1364700,0.0,0.0
2026-01-14 00:00:00-05:00,214.33999633789062,219.75999450683594,211.0,217.32000732421875,482800,0.0,0.0
2026-01-15 00:00:00-05:00,217.32000732421875,219.0,213.49000549316406,215.0399932861328,303300,0.0,0.0
2026-01-16 00:00:00-05:00,214.35000610351562,217.0,205.52000427246094,205.8300018310547,693100,0.0,0.0
2026-01-20 00:00:00-05:00,203.50999450683594,216.17999267578125,200.68499755859375,215.5800018310547,677800,0.0,0.0
2026-01-21 00:00:00-05:00,213.89999389648438,217.0,209.7899932861328,216.66000366210938,730500,0.0,0.0
2026-01-22 00:00:00-05:00,214.8699951171875,236.2449951171875,214.27000427246094,228.64999389648438,1223200,0.0,0.0
2026-01-23 00:00:00-05:00,228.66000366210938,238.83999633789062,228.4550018310547,235.38999938964844,1247200,0.0,0.0
2026-01-26 00:00:00-05:00,234.58999633789062,235.7899932861328,229.0,233.64999389648438,406900,0.0,0.0
2026-01-27 00:00:00-05:00,233.99000549316406,239.64500427246094,232.8300018310547,238.8000030517578,278800,0.0,0.0
2026-01-28 00:00:00-05:00,238.69000244140625,242.0,221.86000061035156,222.4499969482422,853800,0.0,0.0
2026-01-29 00:00:00-05:00,222.25999450683594,227.33999633789062,220.52999877929688,223.9499969482422,623200,0.0,0.0
2026-01-30 00:00:00-05:00,224.0,228.5050048828125,221.52000427246094,226.10000610351562,330400,0.0,0.0
2026-02-02 00:00:00-05:00,225.6699981689453,230.67999267578125,222.0,223.58999633789062,302400,0.0,0.0
2026-02-03 00:00:00-05:00,223.77999877929688,227.9499969482422,222.2100067138672,224.6699981689453,378600,0.0,0.0
2026-02-04 00:00:00-05:00,223.66000366210938,225.89500427246094,216.71299743652344,219.72999572753906,766900,0.0,0.0
2026-02-05 00:00:00-05:00,220.30999755859375,227.17999267578125,215.50999450683594,217.3800048828125,1331300,0.0,0.0
2026-02-06 00:00:00-05:00,217.72999572753906,223.24000549316406,212.69500732421875,222.14999389648438,805300,0.0,0.0
2026-02-09 00:00:00-05:00,220.9199981689453,226.39999389648438,219.44000244140625,222.02999877929688,670300,0.0,0.0
2026-02-10 00:00:00-05:00,221.5399932861328,225.19000244140625,213.02000427246094,224.19000244140625,967200,0.0,0.0
2026-02-11 00:00:00-05:00,221.8300018310547,224.89999389648438,214.60000610351562,221.49000549316406,962600,0.0,0.0
2026-02-12 00:00:00-05:00,211.0,222.99000549316406,211.0,218.10000610351562,1684400,0.0,0.0
2026-02-13 00:00:00-05:00,217.85000610351562,221.7949981689453,213.02099609375,216.32000732421875,698800,0.0,0.0
2026-02-17 00:00:00-05:00,217.42999267578125,225.8699951171875,216.10000610351562,223.41000366210938,633600,0.0,0.0
2026-02-18 00:00:00-05:00,222.5500030517578,228.97999572753906,221.6699981689453,226.8300018310547,497100,0.0,0.0
2026-02-19 00:00:00-05:00,226.05999755859375,230.97999572753906,222.8000030517578,230.2100067138672,476000,0.0,0.0
2026-02-20 00:00:00-05:00,230.51499938964844,230.51499938964844,221.0,225.0,950500,0.0,0.0
2026-02-23 00:00:00-05:00,224.77999877929688,235.0,223.6199951171875,234.9499969482422,802000,0.0,0.0
2026-02-24 00:00:00-05:00,234.0500030517578,237.0,229.11000061035156,234.99000549316406,620100,0.0,0.0
2026-02-25 00:00:00-05:00,233.99000549316406,236.8300018310547,226.47999572753906,228.0,950100,0.0,0.0
2026-02-26 00:00:00-05:00,228.5,231.0,219.55999755859375,228.99000549316406,595900,0.0,0.0
2026-02-27 00:00:00-05:00,229.9499969482422,233.66000366210938,224.2100067138672,233.5,775300,0.0,0.0
2026-03-02 00:00:00-05:00,235.17999267578125,242.44000244140625,227.9550018310547,242.08999633789062,1418700,0.0,0.0
2026-03-03 00:00:00-05:00,235.8000030517578,248.60000610351562,232.5500030517578,239.22000122070312,1051200,0.0,0.0
2026-03-04 00:00:00-05:00,237.97000122070312,242.64999389648438,234.0,241.3800048828125,782400,0.0,0.0
2026-03-05 00:00:00-05:00,238.50999450683594,240.0,234.8800048828125,237.35000610351562,532139,0.0,0.0
