Date,Open,High,Low,Close,Volume,Dividends,Stock Splits
2022-11-15 00:00:00-05:00,6504.0,7320.0,6180.0,7080.0,279,0.0,0.0
2022-11-16 00:00:00-05:00,6996.0,6996.0,6072.0,6660.0,90,0.0,0.0
2022-11-17 00:00:00-05:00,6360.0,6720.0,5856.0,6396.0,42,0.0,0.0
2022-11-18 00:00:00-05:00,6420.0,7200.0,6360.0,6972.0,172,0.0,0.0
2022-11-21 00:00:00-05:00,7020.0,7320.0,6180.0,6180.0,111,0.0,0.0
2022-11-22 00:00:00-05:00,5676.0,6000.0,5064.0,5400.0,67,0.0,0.0
2022-11-23 00:00:00-05:00,5016.0,6033.60009765625,5016.0,5532.0,62,0.0,0.0
2022-11-25 00:00:00-05:00,6288.0,6720.0,5400.0,5472.0,56,0.0,0.0
2022-11-28 00:00:00-05:00,5256.0,5508.0,4560.0,4692.0,39,0.0,0.0
2022-11-29 00:00:00-05:00,4728.0,4728.0,3792.0,3960.0,38,0.0,0.0
2022-11-30 00:00:00-05:00,3828.0,5880.0,3600.0,4644.0,109,0.0,0.0
2022-12-01 00:00:00-05:00,4716.0,5004.0,4320.0,4320.0,23,0.0,0.0
2022-12-02 00:00:00-05:00,4560.0,4620.0,4332.0,4440.0,48,0.0,0.0
2022-12-05 00:00:00-05:00,4788.0,4788.0,4021.199951171875,4440.0,128,0.0,0.0
2022-12-06 00:00:00-05:00,4200.0,4620.0,4104.0,4224.0,16,0.0,0.0
2022-12-07 00:00:00-05:00,4092.0,4368.0,3720.0,3824.39990234375,53,0.0,0.0
2022-12-08 00:00:00-05:00,3828.0,4080.0,3648.0,3696.0,10,0.0,0.0
2022-12-09 00:00:00-05:00,3816.0,3960.0,3600.0,3600.0,23,0.0,0.0
2022-12-12 00:00:00-05:00,3696.0,4008.0,3636.0,3636.0,6,0.0,0.0
2022-12-13 00:00:00-05:00,3972.0,4788.0,3888.0,4068.0,90,0.0,0.0
2022-12-14 00:00:00-05:00,4848.0,4848.0,3816.0,3816.0,18,0.0,0.0
2022-12-15 00:00:00-05:00,4680.0,6120.0,4380.0,4837.2001953125,1075,0.0,0.0
2022-12-16 00:00:00-05:00,5028.0,5340.0,4656.0,4968.0,105,0.0,0.0
2022-12-19 00:00:00-05:00,4884.0,4884.0,4320.0,4690.7998046875,49,0.0,0.0
2022-12-20 00:00:00-05:00,4704.0,4764.0,4452.0,4656.0,34,0.0,0.0
2022-12-21 00:00:00-05:00,4848.0,4848.0,4536.0,4680.0,22,0.0,0.0
2022-12-22 00:00:00-05:00,4800.0,4800.0,4560.0,4632.0,20,0.0,0.0
2022-12-23 00:00:00-05:00,4800.0,4800.0,4356.0,4701.60009765625,39,0.0,0.0
2022-12-27 00:00:00-05:00,4512.0,4740.0,4284.0,4536.0,28,0.0,0.0
2022-12-28 00:00:00-05:00,4260.0,4368.0,3996.0,4020.0,38,0.0,0.0
2022-12-29 00:00:00-05:00,4212.0,4272.0,3732.0,3960.0,23,0.0,0.0
2022-12-30 00:00:00-05:00,3912.0,4200.0,3732.0,3792.0,15,0.0,0.0
2023-01-03 00:00:00-05:00,3792.0,3940.800048828125,3672.0,3756.0,14,0.0,0.0
2023-01-04 00:00:00-05:00,3744.0,4080.0,3744.0,3912.0,15,0.0,0.0
2023-01-05 00:00:00-05:00,4284.0,4296.0,4076.39990234375,4200.0,46,0.0,0.0
2023-01-06 00:00:00-05:00,3912.0,4200.0,3912.0,4200.0,12,0.0,0.0
2023-01-09 00:00:00-05:00,4500.0,5700.0,4284.0,4296.0,370,0.0,0.0
2023-01-10 00:00:00-05:00,4956.0,5520.0,4404.0,5208.0,171,0.0,0.0
2023-01-11 00:00:00-05:00,5388.0,6120.0,5148.0,5880.0,239,0.0,0.0
2023-01-12 00:00:00-05:00,6000.0,6000.0,5220.0,5532.0,54,0.0,0.0
2023-01-13 00:00:00-05:00,5628.0,5952.0,5280.0,5712.0,36,0.0,0.0
2023-01-17 00:00:00-05:00,5760.0,5772.0,4836.0,5076.0,91,0.0,0.0
2023-01-18 00:00:00-05:00,5436.0,5700.0,4860.0,5460.0,26,0.0,0.0
2023-01-19 00:00:00-05:00,5400.0,5464.7998046875,4968.0,5376.0,15,0.0,0.0
2023-01-20 00:00:00-05:00,5400.0,5652.0,5040.0,5604.0,37,0.0,0.0
2023-01-23 00:00:00-05:00,5520.0,5520.0,4512.0,4782.0,51,0.0,0.0
2023-01-24 00:00:00-05:00,4740.0,4896.0,4740.0,4752.0,13,0.0,0.0
2023-01-25 00:00:00-05:00,5052.0,5676.0,4200.0,4680.0,165,0.0,0.0
2023-01-26 00:00:00-05:00,4404.0,4680.0,4404.0,4548.0,17,0.0,0.0
2023-01-27 00:00:00-05:00,4488.0,4932.0,4440.0,4704.0,66,0.0,0.0
2023-01-30 00:00:00-05:00,4560.0,4704.0,4188.0,4356.0,76,0.0,0.0
2023-01-31 00:00:00-05:00,4452.0,4632.0,4020.0,4284.0,106,0.0,0.0
2023-02-01 00:00:00-05:00,4164.0,4284.0,4008.0,4032.0,22,0.0,0.0
2023-02-02 00:00:00-05:00,4284.0,4464.0,4188.0,4416.0,23,0.0,0.0
2023-02-03 00:00:00-05:00,4338.0,4680.0,4272.0,4440.0,30,0.0,0.0
2023-02-06 00:00:00-05:00,4284.0,4872.0,4284.0,4872.0,48,0.0,0.0
2023-02-07 00:00:00-05:00,4740.0,4872.0,4573.2001953125,4776.0,29,0.0,0.0
2023-02-08 00:00:00-05:00,4908.0,4908.0,4560.0,4632.0,3,0.0,0.0
2023-02-09 00:00:00-05:00,4656.0,4872.0,4500.0,4716.0,21,0.0,0.0
2023-02-10 00:00:00-05:00,4452.0,4800.0,4452.0,4800.0,12,0.0,0.0
2023-02-13 00:00:00-05:00,4656.0,4800.0,4512.0,4644.0,27,0.0,0.0
2023-02-14 00:00:00-05:00,4632.0,4632.0,4344.0,4344.0,13,0.0,0.0
2023-02-15 00:00:00-05:00,4356.0,4632.0,4236.0,4380.0,15,0.0,0.0
2023-02-16 00:00:00-05:00,4272.0,4434.0,4224.0,4380.0,8,0.0,0.0
2023-02-17 00:00:00-05:00,4224.0,4440.0,4224.0,4440.0,4,0.0,0.0
2023-02-21 00:00:00-05:00,4320.0,4500.0,4248.0,4500.0,5,0.0,0.0
2023-02-22 00:00:00-05:00,4416.0,4452.0,3900.0,4284.0,95,0.0,0.0
2023-02-23 00:00:00-05:00,4116.0,4440.0,3900.0,3960.0,31,0.0,0.0
2023-02-24 00:00:00-05:00,3960.0,4200.0,3900.0,4104.0,12,0.0,0.0
2023-02-27 00:00:00-05:00,3912.0,4050.0,3480.0,3480.0,28,0.0,0.0
2023-02-28 00:00:00-05:00,3576.0,4146.0,3528.0,3888.0,29,0.0,0.0
2023-03-01 00:00:00-05:00,3768.0,3913.199951171875,3624.0,3720.0,17,0.0,0.0
2023-03-02 00:00:00-05:00,3612.0,3708.0,3612.0,3708.0,2,0.0,0.0
2023-03-03 00:00:00-05:00,3624.0,3780.0,3624.0,3780.0,2,0.0,0.0
2023-03-06 00:00:00-05:00,3996.0,3996.0,3636.0,3648.0,4,0.0,0.0
2023-03-07 00:00:00-05:00,3774.0,3900.0,3684.0,3696.0,6,0.0,0.0
2023-03-08 00:00:00-05:00,3672.0,3946.800048828125,3672.0,3840.0,17,0.0,0.0
2023-03-09 00:00:00-05:00,3858.0,4020.0,3847.199951171875,4020.0,20,0.0,0.0
2023-03-10 00:00:00-05:00,3900.0,4200.0,3840.0,4200.0,23,0.0,0.0
2023-03-13 00:00:00-04:00,4920.0,6050.39990234375,4872.0,5100.0,8255,0.0,0.0
2023-03-14 00:00:00-04:00,5196.0,5208.0,4447.2001953125,4584.0,311,0.0,0.0
2023-03-15 00:00:00-04:00,4536.0,4548.0,4224.0,4284.0,96,0.0,0.0
2023-03-16 00:00:00-04:00,4680.0,4980.0,3762.0,4032.0,241,0.0,0.0
2023-03-17 00:00:00-04:00,4140.0,4327.2001953125,3600.0,4260.0,284,0.0,0.0
2023-03-20 00:00:00-04:00,4140.0,4320.0,3684.0,3840.0,107,0.0,0.0
2023-03-21 00:00:00-04:00,3684.0,3780.0,3480.0,3524.39990234375,68,0.0,0.0
2023-03-22 00:00:00-04:00,3432.0,3528.0,3324.0,3420.0,58,0.0,0.0
2023-03-23 00:00:00-04:00,3372.0,3456.0,3000.0,3054.0,47,0.0,0.0
2023-03-24 00:00:00-04:00,3000.0,3204.0,2976.0,2986.800048828125,33,0.0,0.0
2023-03-27 00:00:00-04:00,2796.0,2892.0,2580.0,2700.0,75,0.0,0.0
2023-03-28 00:00:00-04:00,2640.0,2748.0,1800.0,1908.0,127,0.0,0.0
2023-03-29 00:00:00-04:00,1932.0,2004.0,1512.0,1692.0,179,0.0,0.0
2023-03-30 00:00:00-04:00,1692.0,1848.0,1500.0,1548.0,162,0.0,0.0
2023-03-31 00:00:00-04:00,1524.0,1584.0,1332.0,1380.0,105,0.0,0.0
2023-04-03 00:00:00-04:00,1380.0,1440.0,1102.800048828125,1236.0,202,0.0,0.0
2023-04-04 00:00:00-04:00,480.0,538.7999877929688,444.0,466.79998779296875,3807,0.0,0.0
2023-04-05 00:00:00-04:00,486.0,516.0,457.20001220703125,459.6000061035156,763,0.0,0.0
2023-04-06 00:00:00-04:00,468.0,489.6000061035156,439.20001220703125,460.79998779296875,654,0.0,0.0
2023-04-10 00:00:00-04:00,480.0,530.4000244140625,462.0,514.7999877929688,1049,0.0,0.0
2023-04-11 00:00:00-04:00,745.2000122070312,802.7999877929688,602.4000244140625,642.0,17612,0.0,0.0
2023-04-12 00:00:00-04:00,585.5999755859375,684.0,576.0,648.0,1686,0.0,0.0
2023-04-13 00:00:00-04:00,648.0,684.0,588.0,636.0,709,0.0,0.0
2023-04-14 00:00:00-04:00,586.7999877929688,756.0,565.2000122070312,720.0,1315,0.0,0.0
2023-04-17 00:00:00-04:00,696.0,768.0,642.0,696.0,925,0.0,0.0
2023-04-18 00:00:00-04:00,690.0,696.0,577.2000122070312,601.2000122070312,464,0.0,0.0
2023-04-19 00:00:00-04:00,836.4000244140625,979.2000122070312,663.5999755859375,673.2000122070312,19401,0.0,0.0
2023-04-20 00:00:00-04:00,693.5999755859375,838.7999877929688,672.0,762.0,2943,0.0,0.0
2023-04-21 00:00:00-04:00,730.7999877929688,816.0,720.0,728.4000244140625,1310,0.0,0.0
2023-04-24 00:00:00-04:00,732.0,744.0,636.0,684.0,575,0.0,0.0
2023-04-25 00:00:00-04:00,660.0,700.7999877929688,639.5999755859375,662.4000244140625,265,0.0,0.0
2023-04-26 00:00:00-04:00,847.2000122070312,986.4000244140625,711.5999755859375,834.0,14362,0.0,0.0
2023-04-27 00:00:00-04:00,706.7999877929688,780.0,696.0,708.0,741,0.0,0.0
2023-04-28 00:00:00-04:00,690.0,696.0,655.2000122070312,666.0,517,0.0,0.0
2023-05-01 00:00:00-04:00,657.5999755859375,708.0,655.2000122070312,684.0,276,0.0,0.0
2023-05-02 00:00:00-04:00,708.0,720.0,660.0,673.2000122070312,245,0.0,0.0
2023-05-03 00:00:00-04:00,696.0,732.0,654.0,732.0,231,0.0,0.0
2023-05-04 00:00:00-04:00,760.7999877929688,765.5999755859375,672.0,732.0,314,0.0,0.0
2023-05-05 00:00:00-04:00,710.4000244140625,736.7999877929688,684.0,705.5999755859375,156,0.0,0.0
2023-05-08 00:00:00-04:00,727.2000122070312,727.2000122070312,673.2000122070312,708.0,147,0.0,0.0
2023-05-09 00:00:00-04:00,732.0,732.0,696.0,708.0,142,0.0,0.0
2023-05-10 00:00:00-04:00,708.0,720.0,675.5999755859375,696.0,153,0.0,0.0
2023-05-11 00:00:00-04:00,696.0,708.0,678.0,708.0,153,0.0,0.0
2023-05-12 00:00:00-04:00,852.0,948.0,738.0,775.2000122070312,9554,0.0,0.0
2023-05-15 00:00:00-04:00,744.0,825.5999755859375,720.0,728.4000244140625,764,0.0,0.0
2023-05-16 00:00:00-04:00,728.4000244140625,744.0,696.0,702.0,366,0.0,0.0
2023-05-17 00:00:00-04:00,721.2000122070312,740.4000244140625,696.0,721.2000122070312,191,0.0,0.0
2023-05-18 00:00:00-04:00,716.4000244140625,732.0,696.0,718.7999877929688,165,0.0,0.0
2023-05-19 00:00:00-04:00,788.4000244140625,788.4000244140625,722.4000244140625,740.4000244140625,2235,0.0,0.0
2023-05-22 00:00:00-04:00,721.2000122070312,744.0,699.5999755859375,720.0,399,0.0,0.0
2023-05-23 00:00:00-04:00,720.0,744.0,708.0,739.2000122070312,143,0.0,0.0
2023-05-24 00:00:00-04:00,732.0,739.2000122070312,708.0,732.0,140,0.0,0.0
2023-05-25 00:00:00-04:00,721.2000122070312,732.0,717.5999755859375,730.7999877929688,161,0.0,0.0
2023-05-26 00:00:00-04:00,716.4000244140625,732.0,657.5999755859375,727.2000122070312,234,0.0,0.0
2023-05-30 00:00:00-04:00,726.0,732.0,688.7999877929688,732.0,180,0.0,0.0
2023-05-31 00:00:00-04:00,720.0,722.4000244140625,691.2000122070312,696.0,85,0.0,0.0
2023-06-01 00:00:00-04:00,706.7999877929688,706.7999877929688,673.2000122070312,673.2000122070312,108,0.0,0.0
2023-06-02 00:00:00-04:00,696.0,696.0,660.0,672.0,136,0.0,0.0
2023-06-05 00:00:00-04:00,660.0,684.0,636.0,684.0,150,0.0,0.0
2023-06-06 00:00:00-04:00,627.5999755859375,672.0,612.0,648.0,122,0.0,0.0
2023-06-07 00:00:00-04:00,648.0,660.0,636.0,652.7999877929688,73,0.0,0.0
2023-06-08 00:00:00-04:00,640.7999877929688,670.7999877929688,640.7999877929688,660.0,59,0.0,0.0
2023-06-09 00:00:00-04:00,637.2000122070312,681.5999755859375,612.0,650.4000244140625,187,0.0,0.0
2023-06-12 00:00:00-04:00,660.0,684.0,626.4000244140625,657.5999755859375,88,0.0,0.0
2023-06-13 00:00:00-04:00,645.5999755859375,657.5999755859375,612.0,624.0,215,0.0,0.0
2023-06-14 00:00:00-04:00,624.0,672.0,620.4000244140625,645.5999755859375,59,0.0,0.0
2023-06-15 00:00:00-04:00,636.0,660.0,636.0,654.0,78,0.0,0.0
2023-06-16 00:00:00-04:00,660.0,660.0,636.0,646.7999877929688,262,0.0,0.0
2023-06-20 00:00:00-04:00,634.7999877929688,639.5999755859375,624.0,625.2000122070312,94,0.0,0.0
2023-06-21 00:00:00-04:00,625.2000122070312,633.5999755859375,600.0,600.0,213,0.0,0.0
2023-06-22 00:00:00-04:00,601.2000122070312,606.0,516.0,543.5999755859375,255,0.0,0.0
2023-06-23 00:00:00-04:00,588.0,816.0,576.0,622.7999877929688,4385,0.0,0.0
2023-06-26 00:00:00-04:00,612.0,684.0,548.4000244140625,660.0,576,0.0,0.0
2023-06-27 00:00:00-04:00,648.0,648.0,576.0,583.2000122070312,177,0.0,0.0
2023-06-28 00:00:00-04:00,594.0,594.0,576.0,576.0,66,0.0,0.0
2023-06-29 00:00:00-04:00,572.4000244140625,600.0,560.4000244140625,600.0,66,0.0,0.0
2023-06-30 00:00:00-04:00,576.0,600.0,564.0,570.0,57,0.0,0.0
2023-07-03 00:00:00-04:00,570.0,588.0,564.0,582.0,28,0.0,0.0
2023-07-05 00:00:00-04:00,582.0,600.0,564.0,572.4000244140625,40,0.0,0.0
2023-07-06 00:00:00-04:00,564.0,580.7999877929688,540.0,543.5999755859375,117,0.0,0.0
2023-07-07 00:00:00-04:00,594.0,594.0,543.5999755859375,559.2000122070312,48,0.0,0.0
2023-07-10 00:00:00-04:00,588.0,588.0,546.0,565.2000122070312,54,0.0,0.0
2023-07-11 00:00:00-04:00,559.2000122070312,594.0,541.2000122070312,553.2000122070312,17,0.0,0.0
2023-07-12 00:00:00-04:00,565.2000122070312,571.2000122070312,522.0,555.5999755859375,46,0.0,0.0
2023-07-13 00:00:00-04:00,555.5999755859375,555.5999755859375,540.0,555.5999755859375,43,0.0,0.0
2023-07-14 00:00:00-04:00,540.0,576.0,504.0,537.5999755859375,177,0.0,0.0
2023-07-17 00:00:00-04:00,553.2000122070312,553.2000122070312,504.0,516.0,87,0.0,0.0
2023-07-18 00:00:00-04:00,516.0,540.0,516.0,525.5999755859375,93,0.0,0.0
2023-07-19 00:00:00-04:00,513.5999755859375,524.4000244140625,504.0,506.3999938964844,92,0.0,0.0
2023-07-20 00:00:00-04:00,504.0,530.4000244140625,493.20001220703125,504.0,50,0.0,0.0
2023-07-21 00:00:00-04:00,576.0,576.0,493.20001220703125,538.7999877929688,561,0.0,0.0
2023-07-24 00:00:00-04:00,517.2000122070312,540.0,504.0,510.0,102,0.0,0.0
2023-07-25 00:00:00-04:00,504.0,548.4000244140625,492.0,517.2000122070312,76,0.0,0.0
2023-07-26 00:00:00-04:00,496.79998779296875,534.0,496.79998779296875,528.0,35,0.0,0.0
2023-07-27 00:00:00-04:00,528.0,541.2000122070312,492.0,504.0,90,0.0,0.0
2023-07-28 00:00:00-04:00,504.0,523.2000122070312,495.6000061035156,513.5999755859375,53,0.0,0.0
2023-07-31 00:00:00-04:00,513.5999755859375,540.0,496.79998779296875,528.0,12,0.0,0.0
2023-08-01 00:00:00-04:00,541.2000122070312,600.0,504.0,528.0,210,0.0,0.0
2023-08-02 00:00:00-04:00,516.0,586.7999877929688,504.0,564.0,151,0.0,0.0
2023-08-03 00:00:00-04:00,540.0,558.0,528.0,558.0,33,0.0,0.0
2023-08-04 00:00:00-04:00,555.5999755859375,564.0,492.0,512.4000244140625,131,0.0,0.0
2023-08-07 00:00:00-04:00,504.0,540.0,499.20001220703125,499.20001220703125,21,0.0,0.0
2023-08-08 00:00:00-04:00,513.5999755859375,540.0,492.0,528.0,69,0.0,0.0
2023-08-09 00:00:00-04:00,522.0,540.0,481.20001220703125,528.0,87,0.0,0.0
2023-08-10 00:00:00-04:00,490.79998779296875,504.0,468.0,502.79998779296875,38,0.0,0.0
2023-08-11 00:00:00-04:00,535.2000122070312,535.2000122070312,468.0,492.0,65,0.0,0.0
2023-08-14 00:00:00-04:00,486.0,492.0,444.0,450.0,63,0.0,0.0
2023-08-15 00:00:00-04:00,452.3999938964844,532.7999877929688,452.3999938964844,520.7999877929688,190,0.0,0.0
2023-08-16 00:00:00-04:00,526.7999877929688,564.0,492.0,564.0,173,0.0,0.0
2023-08-17 00:00:00-04:00,510.0,522.0,456.0,480.0,69,0.0,0.0
2023-08-18 00:00:00-04:00,474.0,498.0,462.0,492.0,14,0.0,0.0
2023-08-21 00:00:00-04:00,517.2000122070312,528.0,504.0,510.0,42,0.0,0.0
2023-08-22 00:00:00-04:00,495.6000061035156,524.4000244140625,463.20001220703125,514.7999877929688,14,0.0,0.0
2023-08-23 00:00:00-04:00,505.20001220703125,524.4000244140625,481.20001220703125,504.0,21,0.0,0.0
2023-08-24 00:00:00-04:00,524.4000244140625,524.4000244140625,469.20001220703125,492.0,27,0.0,0.0
2023-08-25 00:00:00-04:00,498.0,514.7999877929688,456.0,480.0,24,0.0,0.0
2023-08-28 00:00:00-04:00,492.0,514.7999877929688,456.0,480.0,22,0.0,0.0
2023-08-29 00:00:00-04:00,468.0,513.5999755859375,462.0,480.0,26,0.0,0.0
2023-08-30 00:00:00-04:00,486.0,486.0,464.3999938964844,471.6000061035156,11,0.0,0.0
2023-08-31 00:00:00-04:00,474.0,504.0,468.0,469.20001220703125,7,0.0,0.0
2023-09-01 00:00:00-04:00,490.79998779296875,492.0,468.0,484.79998779296875,18,0.0,0.0
2023-09-05 00:00:00-04:00,456.0,549.5999755859375,456.0,538.7999877929688,145,0.0,0.0
2023-09-06 00:00:00-04:00,648.0,648.0,494.3999938964844,598.7999877929688,1961,0.0,0.0
2023-09-07 00:00:00-04:00,576.0,576.0,507.6000061035156,534.0,168,0.0,0.0
2023-09-08 00:00:00-04:00,550.7999877929688,550.7999877929688,481.20001220703125,502.79998779296875,101,0.0,0.0
2023-09-11 00:00:00-04:00,487.20001220703125,510.0,474.0,487.20001220703125,61,0.0,0.0
2023-09-12 00:00:00-04:00,478.79998779296875,504.0,474.0,492.0,53,0.0,0.0
2023-09-13 00:00:00-04:00,483.6000061035156,493.20001220703125,471.6000061035156,480.0,294,0.0,0.0
2023-09-14 00:00:00-04:00,270.0,276.0,206.39999389648438,220.8000030517578,5343,0.0,0.0
2023-09-15 00:00:00-04:00,228.0,228.0,205.1999969482422,216.0,1848,0.0,0.0
2023-09-18 00:00:00-04:00,205.1999969482422,228.0,204.0,212.39999389648438,1151,0.0,0.0
2023-09-19 00:00:00-04:00,216.0,220.8000030517578,199.1999969482422,212.39999389648438,913,0.0,0.0
2023-09-20 00:00:00-04:00,207.60000610351562,211.1999969482422,199.1999969482422,200.39999389648438,580,0.0,0.0
2023-09-21 00:00:00-04:00,200.39999389648438,202.8000030517578,183.60000610351562,194.39999389648438,398,0.0,0.0
2023-09-22 00:00:00-04:00,193.1999969482422,193.1999969482422,181.1999969482422,187.1999969482422,618,0.0,0.0
2023-09-25 00:00:00-04:00,189.60000610351562,189.60000610351562,180.0,183.60000610351562,234,0.0,0.0
2023-09-26 00:00:00-04:00,187.1999969482422,207.60000610351562,187.1999969482422,199.1999969482422,1502,0.0,0.0
2023-09-27 00:00:00-04:00,204.0,214.8000030517578,181.1999969482422,193.1999969482422,2123,0.0,0.0
2023-09-28 00:00:00-04:00,192.0,196.8000030517578,187.1999969482422,192.0,395,0.0,0.0
2023-09-29 00:00:00-04:00,192.0,200.39999389648438,187.1999969482422,192.0,492,0.0,0.0
2023-10-02 00:00:00-04:00,193.1999969482422,204.0,183.60000610351562,193.1999969482422,232,0.0,0.0
2023-10-03 00:00:00-04:00,181.1999969482422,216.0,181.1999969482422,216.0,1009,0.0,0.0
2023-10-04 00:00:00-04:00,210.0,218.39999389648438,196.8000030517578,204.0,554,0.0,0.0
2023-10-05 00:00:00-04:00,201.60000610351562,210.0,184.8000030517578,193.1999969482422,262,0.0,0.0
2023-10-06 00:00:00-04:00,192.0,199.1999969482422,177.60000610351562,180.0,532,0.0,0.0
2023-10-09 00:00:00-04:00,189.60000610351562,189.60000610351562,169.1999969482422,175.1999969482422,456,0.0,0.0
2023-10-10 00:00:00-04:00,186.0,190.8000030517578,174.0,183.60000610351562,735,0.0,0.0
2023-10-11 00:00:00-04:00,188.39999389648438,414.0,186.0,271.20001220703125,53141,0.0,0.0
2023-10-12 00:00:00-04:00,222.0,237.60000610351562,177.60000610351562,228.0,8061,0.0,0.0
2023-10-13 00:00:00-04:00,204.0,223.1999969482422,186.0,214.8000030517578,3769,0.0,0.0
2023-10-16 00:00:00-04:00,195.60000610351562,213.60000610351562,195.60000610351562,199.1999969482422,1854,0.0,0.0
2023-10-17 00:00:00-04:00,205.1999969482422,208.8000030517578,196.8000030517578,202.8000030517578,2235,0.0,0.0
2023-10-18 00:00:00-04:00,204.0,212.39999389648438,192.0,195.60000610351562,1482,0.0,0.0
2023-10-19 00:00:00-04:00,204.0,204.0,174.0,178.8000030517578,1632,0.0,0.0
2023-10-20 00:00:00-04:00,176.39999389648438,184.8000030517578,169.1999969482422,174.0,568,0.0,0.0
2023-10-23 00:00:00-04:00,171.60000610351562,178.8000030517578,171.60000610351562,175.1999969482422,860,0.0,0.0
2023-10-24 00:00:00-04:00,174.0,175.1999969482422,150.0,168.0,960,0.0,0.0
2023-10-25 00:00:00-04:00,159.60000610351562,166.8000030517578,145.1999969482422,156.0,785,0.0,0.0
2023-10-26 00:00:00-04:00,163.1999969482422,164.39999389648438,147.60000610351562,158.39999389648438,1752,0.0,0.0
2023-10-27 00:00:00-04:00,159.60000610351562,170.39999389648438,152.39999389648438,158.39999389648438,828,0.0,0.0
2023-10-30 00:00:00-04:00,160.8000030517578,160.8000030517578,146.39999389648438,151.1999969482422,345,0.0,0.0
2023-10-31 00:00:00-04:00,153.60000610351562,156.0,144.0,146.39999389648438,398,0.0,0.0
2023-11-01 00:00:00-04:00,151.1999969482422,176.39999389648438,139.1999969482422,169.1999969482422,1584,0.0,0.0
2023-11-02 00:00:00-04:00,164.39999389648438,172.8000030517578,162.0,166.8000030517578,782,0.0,0.0
2023-11-03 00:00:00-04:00,166.8000030517578,170.39999389648438,162.0,166.8000030517578,498,0.0,0.0
2023-11-06 00:00:00-05:00,168.0,178.8000030517578,162.0,170.39999389648438,853,0.0,0.0
2023-11-07 00:00:00-05:00,174.0,175.1999969482422,165.60000610351562,168.0,211,0.0,0.0
2023-11-08 00:00:00-05:00,170.39999389648438,192.0,162.0,183.60000610351562,1434,0.0,0.0
2023-11-09 00:00:00-05:00,183.60000610351562,186.0,159.60000610351562,171.60000610351562,1521,0.0,0.0
2023-11-10 00:00:00-05:00,168.0,174.0,150.0,159.60000610351562,334,0.0,0.0
2023-11-13 00:00:00-05:00,158.39999389648438,164.39999389648438,148.8000030517578,164.39999389648438,342,0.0,0.0
2023-11-14 00:00:00-05:00,154.8000030517578,168.0,145.1999969482422,158.39999389648438,622,0.0,0.0
2023-11-15 00:00:00-05:00,154.8000030517578,165.60000610351562,145.1999969482422,152.39999389648438,337,0.0,0.0
2023-11-16 00:00:00-05:00,154.8000030517578,154.8000030517578,140.39999389648438,145.1999969482422,503,0.0,0.0
2023-11-17 00:00:00-05:00,146.39999389648438,162.0,141.60000610351562,156.0,605,0.0,0.0
2023-11-20 00:00:00-05:00,156.0,156.0,130.8000030517578,142.8000030517578,964,0.0,0.0
2023-11-21 00:00:00-05:00,138.0,145.1999969482422,133.1999969482422,145.1999969482422,1137,0.0,0.0
2023-11-22 00:00:00-05:00,146.39999389648438,147.60000610351562,138.0,142.8000030517578,505,0.0,0.0
2023-11-24 00:00:00-05:00,138.0,146.39999389648438,138.0,144.0,820,0.0,0.0
2023-11-27 00:00:00-05:00,142.8000030517578,142.8000030517578,120.0,120.0,1597,0.0,0.0
2023-11-28 00:00:00-05:00,130.8000030517578,190.0,100.83999633789062,132.8000030517578,92953,0.0,0.03333333333333333
2023-11-29 00:00:00-05:00,132.8000030517578,192.0,120.4000015258789,162.0,52513,0.0,0.0
2023-11-30 00:00:00-05:00,240.0,259.20001220703125,126.0,140.0,159885,0.0,0.0
2023-12-01 00:00:00-05:00,169.1999969482422,206.0,152.0,165.60000610351562,271085,0.0,0.0
2023-12-04 00:00:00-05:00,165.60000610351562,188.8000030517578,140.0,153.1999969482422,29538,0.0,0.0
2023-12-05 00:00:00-05:00,234.39999389648438,272.0,173.1999969482422,174.8000030517578,1008875,0.0,0.0
2023-12-06 00:00:00-05:00,169.1999969482422,175.60000610351562,155.16000366210938,160.8000030517578,28250,0.0,0.0
2023-12-07 00:00:00-05:00,155.60000610351562,155.60000610351562,144.0,150.39999389648438,11050,0.0,0.0
2023-12-08 00:00:00-05:00,146.39999389648438,148.8000030517578,128.39999389648438,132.0,8245,0.0,0.0
2023-12-11 00:00:00-05:00,125.5999984741211,125.5999984741211,114.0,121.5999984741211,7193,0.0,0.0
2023-12-12 00:00:00-05:00,106.0,115.19999694824219,102.4000015258789,106.4000015258789,4378,0.0,0.0
2023-12-13 00:00:00-05:00,101.5999984741211,114.0,101.5999984741211,111.5999984741211,3258,0.0,0.0
2023-12-14 00:00:00-05:00,116.0,124.0,107.19999694824219,112.4000015258789,5840,0.0,0.0
2023-12-15 00:00:00-05:00,117.19999694824219,119.19999694824219,104.4000015258789,111.5999984741211,7633,0.0,0.0
2023-12-18 00:00:00-05:00,109.19999694824219,113.83999633789062,107.5999984741211,110.80000305175781,2763,0.0,0.0
2023-12-19 00:00:00-05:00,108.4000015258789,114.0,108.0,110.0,2593,0.0,0.0
2023-12-20 00:00:00-05:00,108.4000015258789,124.80000305175781,108.4000015258789,120.0,6170,0.0,0.0
2023-12-21 00:00:00-05:00,116.80000305175781,132.39999389648438,116.0,124.80000305175781,6798,0.0,0.0
2023-12-22 00:00:00-05:00,126.80000305175781,132.0,116.0,121.19999694824219,2983,0.0,0.0
2023-12-26 00:00:00-05:00,120.0,120.0,110.0,110.4000015258789,3003,0.0,0.0
2023-12-27 00:00:00-05:00,107.5999984741211,112.0,102.80000305175781,102.80000305175781,2703,0.0,0.0
2023-12-28 00:00:00-05:00,102.0,107.95999908447266,101.19999694824219,104.0,1515,0.0,0.0
2023-12-29 00:00:00-05:00,107.19999694824219,123.19999694824219,104.80000305175781,112.4000015258789,17983,0.0,0.0
2024-01-02 00:00:00-05:00,115.5999984741211,117.5999984741211,108.0,111.19999694824219,3415,0.0,0.0
2024-01-03 00:00:00-05:00,110.0,111.80000305175781,102.0,104.4000015258789,3268,0.0,0.0
2024-01-04 00:00:00-05:00,104.4000015258789,106.83999633789062,92.0,97.5999984741211,4078,0.0,0.0
2024-01-05 00:00:00-05:00,96.0,96.0,89.5999984741211,91.19999694824219,1195,0.0,0.0
2024-01-08 00:00:00-05:00,86.4000015258789,86.76000213623047,76.76000213623047,80.4000015258789,4243,0.0,0.0
2024-01-09 00:00:00-05:00,83.19999694824219,84.0,78.4000015258789,82.80000305175781,2270,0.0,0.0
2024-01-10 00:00:00-05:00,140.39999389648438,143.1999969482422,106.4000015258789,117.19999694824219,1195780,0.0,0.0
2024-01-11 00:00:00-05:00,68.0,79.19999694824219,56.0,66.80000305175781,141660,0.0,0.0
2024-01-12 00:00:00-05:00,66.0,66.80000305175781,51.79999923706055,54.400001525878906,30550,0.0,0.0
2024-01-16 00:00:00-05:00,55.20000076293945,58.79999923706055,48.79999923706055,51.20000076293945,13643,0.0,0.0
2024-01-17 00:00:00-05:00,49.599998474121094,50.400001525878906,44.0,44.79999923706055,7090,0.0,0.0
2024-01-18 00:00:00-05:00,44.0,48.0,44.0,45.599998474121094,4088,0.0,0.0
2024-01-19 00:00:00-05:00,46.400001525878906,46.79999923706055,40.400001525878906,41.36000061035156,5185,0.0,0.0
2024-01-22 00:00:00-05:00,41.599998474121094,43.20000076293945,40.0,40.400001525878906,7138,0.0,0.0
2024-01-23 00:00:00-05:00,40.0,41.20000076293945,36.84000015258789,39.599998474121094,3768,0.0,0.0
2024-01-24 00:00:00-05:00,40.0,48.0,38.79999923706055,46.0,15978,0.0,0.0
2024-01-25 00:00:00-05:00,47.20000076293945,67.5199966430664,45.880001068115234,59.20000076293945,61420,0.0,0.0
2024-01-26 00:00:00-05:00,53.599998474121094,62.0,52.400001525878906,58.400001525878906,7898,0.0,0.0
2024-01-29 00:00:00-05:00,58.79999923706055,59.599998474121094,57.599998474121094,59.20000076293945,3400,0.0,0.0
2024-01-30 00:00:00-05:00,59.599998474121094,60.400001525878906,56.400001525878906,57.63999938964844,2808,0.0,0.0
2024-01-31 00:00:00-05:00,55.20000076293945,59.20000076293945,54.400001525878906,57.20000076293945,1560,0.0,0.0
2024-02-01 00:00:00-05:00,61.599998474121094,90.0,61.599998474121094,68.80000305175781,318153,0.0,0.0
2024-02-02 00:00:00-05:00,70.0,74.80000305175781,66.0,73.19999694824219,20468,0.0,0.0
2024-02-05 00:00:00-05:00,76.80000305175781,84.0,68.4000015258789,70.19999694824219,53918,0.0,0.0
2024-02-06 00:00:00-05:00,69.5999984741211,70.0,58.0,62.400001525878906,11263,0.0,0.0
2024-02-07 00:00:00-05:00,59.599998474121094,62.0,55.20000076293945,59.599998474121094,4475,0.0,0.0
2024-02-08 00:00:00-05:00,56.0,60.0,55.20000076293945,59.20000076293945,1868,0.0,0.0
2024-02-09 00:00:00-05:00,59.599998474121094,60.400001525878906,55.599998474121094,58.0,2430,0.0,0.0
2024-02-12 00:00:00-05:00,56.79999923706055,62.0,56.599998474121094,60.79999923706055,2440,0.0,0.0
2024-02-13 00:00:00-05:00,61.20000076293945,61.20000076293945,56.79999923706055,56.79999923706055,1700,0.0,0.0
2024-02-14 00:00:00-05:00,58.0,59.599998474121094,55.20000076293945,55.599998474121094,2473,0.0,0.0
2024-02-15 00:00:00-05:00,55.599998474121094,56.0,50.400001525878906,54.0,2878,0.0,0.0
2024-02-16 00:00:00-05:00,53.599998474121094,55.599998474121094,50.79999923706055,54.0,1873,0.0,0.0
2024-02-20 00:00:00-05:00,66.4000015258789,70.0,58.0,61.599998474121094,288535,0.0,0.0
2024-02-21 00:00:00-05:00,56.400001525878906,71.5999984741211,54.880001068115234,71.5999984741211,19190,0.0,0.0
2024-02-22 00:00:00-05:00,66.4000015258789,76.0,65.12000274658203,74.4000015258789,9555,0.0,0.0
2024-02-23 00:00:00-05:00,76.0,76.0,66.4000015258789,75.19999694824219,88443,0.0,0.0
2024-02-26 00:00:00-05:00,68.80000305175781,83.19999694824219,68.4000015258789,69.19999694824219,9398,0.0,0.0
2024-02-27 00:00:00-05:00,68.80000305175781,73.5999984741211,68.0,68.80000305175781,8833,0.0,0.0
2024-02-28 00:00:00-05:00,69.5999984741211,69.5999984741211,64.80000305175781,66.0,5418,0.0,0.0
2024-02-29 00:00:00-05:00,64.80000305175781,64.80000305175781,58.400001525878906,61.599998474121094,3413,0.0,0.0
2024-03-01 00:00:00-05:00,62.599998474121094,63.7599983215332,58.0,63.599998474121094,1935,0.0,0.0
2024-03-04 00:00:00-05:00,60.79999923706055,64.0,56.880001068115234,59.599998474121094,3908,0.0,0.0
2024-03-05 00:00:00-05:00,60.400001525878906,60.400001525878906,54.400001525878906,54.400001525878906,2630,0.0,0.0
2024-03-06 00:00:00-05:00,56.0,58.36000061035156,53.599998474121094,54.400001525878906,3125,0.0,0.0
2024-03-07 00:00:00-05:00,60.79999923706055,62.0,53.599998474121094,55.20000076293945,4983,0.0,0.0
2024-03-08 00:00:00-05:00,55.599998474121094,56.79999923706055,54.0,54.400001525878906,2615,0.0,0.0
2024-03-11 00:00:00-04:00,55.20000076293945,57.599998474121094,53.599998474121094,56.79999923706055,2618,0.0,0.0
2024-03-12 00:00:00-04:00,56.79999923706055,60.0,55.20000076293945,58.79999923706055,2668,0.0,0.0
2024-03-13 00:00:00-04:00,57.20000076293945,58.0,53.599998474121094,54.400001525878906,7650,0.0,0.0
2024-03-14 00:00:00-04:00,54.79999923706055,56.0,46.0,48.0,5245,0.0,0.0
2024-03-15 00:00:00-04:00,49.20000076293945,50.79999923706055,48.400001525878906,50.79999923706055,623,0.0,0.0
2024-03-18 00:00:00-04:00,50.79999923706055,52.400001525878906,49.20000076293945,52.0,1675,0.0,0.0
2024-03-19 00:00:00-04:00,52.79999923706055,53.599998474121094,42.0,51.599998474121094,115985,0.0,0.0
2024-03-20 00:00:00-04:00,48.79999923706055,51.20000076293945,48.400001525878906,48.79999923706055,3793,0.0,0.0
2024-03-21 00:00:00-04:00,49.599998474121094,51.20000076293945,48.0,49.599998474121094,2890,0.0,0.0
2024-03-22 00:00:00-04:00,48.400001525878906,48.400001525878906,46.400001525878906,47.20000076293945,2023,0.0,0.0
2024-03-25 00:00:00-04:00,46.0,48.79999923706055,44.79999923706055,46.400001525878906,1830,0.0,0.0
2024-03-26 00:00:00-04:00,46.0,47.599998474121094,44.79999923706055,45.599998474121094,1430,0.0,0.0
2024-03-27 00:00:00-04:00,45.599998474121094,47.599998474121094,44.400001525878906,46.79999923706055,2403,0.0,0.0
2024-03-28 00:00:00-04:00,46.400001525878906,47.08000183105469,45.20000076293945,46.0,940,0.0,0.0
2024-04-01 00:00:00-04:00,46.0,46.79999923706055,44.400001525878906,46.0,983,0.0,0.0
2024-04-02 00:00:00-04:00,45.20000076293945,45.599998474121094,42.79999923706055,43.20000076293945,2028,0.0,0.0
2024-04-03 00:00:00-04:00,43.20000076293945,44.599998474121094,42.400001525878906,44.599998474121094,1920,0.0,0.0
2024-04-04 00:00:00-04:00,44.0,50.400001525878906,44.0,46.0,5355,0.0,0.0
2024-04-05 00:00:00-04:00,46.400001525878906,46.79999923706055,44.0,46.0,1665,0.0,0.0
2024-04-08 00:00:00-04:00,45.20000076293945,46.79999923706055,44.0,44.79999923706055,878,0.0,0.0
2024-04-09 00:00:00-04:00,45.599998474121094,53.599998474121094,44.79999923706055,52.79999923706055,6870,0.0,0.0
2024-04-10 00:00:00-04:00,51.20000076293945,54.79999923706055,46.91999816894531,50.79999923706055,23213,0.0,0.0
2024-04-11 00:00:00-04:00,49.599998474121094,53.20000076293945,48.0,51.20000076293945,2313,0.0,0.0
2024-04-12 00:00:00-04:00,50.400001525878906,51.599998474121094,48.0,49.599998474121094,1993,0.0,0.0
2024-04-15 00:00:00-04:00,51.599998474121094,51.599998474121094,48.0,50.20000076293945,633,0.0,0.0
2024-04-16 00:00:00-04:00,49.599998474121094,50.400001525878906,48.400001525878906,48.79999923706055,1165,0.0,0.0
2024-04-17 00:00:00-04:00,47.599998474121094,50.79999923706055,45.20000076293945,47.599998474121094,25118,0.0,0.0
2024-04-18 00:00:00-04:00,46.400001525878906,48.0,46.0,47.119998931884766,885,0.0,0.0
2024-04-19 00:00:00-04:00,47.20000076293945,49.599998474121094,45.20000076293945,47.400001525878906,2830,0.0,0.0
2024-04-22 00:00:00-04:00,48.79999923706055,48.79999923706055,45.599998474121094,47.599998474121094,1185,0.0,0.0
2024-04-23 00:00:00-04:00,46.79999923706055,48.79999923706055,46.0,48.400001525878906,808,0.0,0.0
2024-04-24 00:00:00-04:00,47.599998474121094,48.400001525878906,46.400001525878906,48.400001525878906,768,0.0,0.0
2024-04-25 00:00:00-04:00,46.040000915527344,48.0,46.0,48.0,485,0.0,0.0
2024-04-26 00:00:00-04:00,46.47999954223633,48.0,46.0,46.400001525878906,575,0.0,0.0
2024-04-29 00:00:00-04:00,47.599998474121094,50.79999923706055,46.0,48.0,2103,0.0,0.0
2024-04-30 00:00:00-04:00,46.79999923706055,48.400001525878906,46.400001525878906,47.52000045776367,1313,0.0,0.0
2024-05-01 00:00:00-04:00,47.040000915527344,47.560001373291016,46.400001525878906,47.20000076293945,385,0.0,0.0
2024-05-02 00:00:00-04:00,46.79999923706055,48.400001525878906,46.0,46.79999923706055,1198,0.0,0.0
2024-05-03 00:00:00-04:00,47.599998474121094,49.20000076293945,46.0,47.599998474121094,1815,0.0,0.0
2024-05-06 00:00:00-04:00,46.79999923706055,47.599998474121094,45.599998474121094,46.79999923706055,1130,0.0,0.0
2024-05-07 00:00:00-04:00,70.0,72.0,54.400001525878906,59.20000076293945,1238238,0.0,0.0
2024-05-08 00:00:00-04:00,55.599998474121094,62.0,55.20000076293945,58.79999923706055,37838,0.0,0.0
2024-05-09 00:00:00-04:00,54.400001525878906,61.20000076293945,54.040000915527344,60.0,10190,0.0,0.0
2024-05-10 00:00:00-04:00,58.0,58.400001525878906,54.0,56.0,10970,0.0,0.0
2024-05-13 00:00:00-04:00,53.599998474121094,54.79999923706055,50.79999923706055,51.599998474121094,8303,0.0,0.0
2024-05-14 00:00:00-04:00,50.79999923706055,53.599998474121094,49.20000076293945,51.599998474121094,3613,0.0,0.0
2024-05-15 00:00:00-04:00,50.79999923706055,53.20000076293945,50.79999923706055,51.20000076293945,1838,0.0,0.0
2024-05-16 00:00:00-04:00,52.0,54.79999923706055,51.20000076293945,51.599998474121094,2693,0.0,0.0
2024-05-17 00:00:00-04:00,51.20000076293945,52.400001525878906,47.599998474121094,48.79999923706055,4953,0.0,0.0
2024-05-20 00:00:00-04:00,49.20000076293945,49.20000076293945,46.79999923706055,48.0,1300,0.0,0.0
2024-05-21 00:00:00-04:00,47.20000076293945,48.79999923706055,47.20000076293945,48.0,750,0.0,0.0
2024-05-22 00:00:00-04:00,49.20000076293945,49.20000076293945,46.0,46.400001525878906,2443,0.0,0.0
2024-05-23 00:00:00-04:00,46.0,48.720001220703125,44.400001525878906,45.0,2380,0.0,0.0
2024-05-24 00:00:00-04:00,45.599998474121094,47.20000076293945,44.400001525878906,46.0,1983,0.0,0.0
2024-05-28 00:00:00-04:00,45.599998474121094,47.20000076293945,45.2400016784668,45.599998474121094,1203,0.0,0.0
2024-05-29 00:00:00-04:00,45.599998474121094,47.52000045776367,44.400001525878906,45.20000076293945,913,0.0,0.0
2024-05-30 00:00:00-04:00,44.79999923706055,46.79999923706055,44.400001525878906,45.599998474121094,1315,0.0,0.0
2024-05-31 00:00:00-04:00,44.79999923706055,45.959999084472656,44.599998474121094,45.20000076293945,465,0.0,0.0
2024-06-03 00:00:00-04:00,44.79999923706055,44.79999923706055,43.20000076293945,43.599998474121094,1183,0.0,0.0
2024-06-04 00:00:00-04:00,43.20000076293945,44.0,42.400001525878906,42.79999923706055,1188,0.0,0.0
2024-06-05 00:00:00-04:00,42.400001525878906,43.599998474121094,42.0,42.79999923706055,2020,0.0,0.0
2024-06-06 00:00:00-04:00,42.0,42.79999923706055,40.79999923706055,41.68000030517578,1585,0.0,0.0
2024-06-07 00:00:00-04:00,41.599998474121094,41.599998474121094,40.79999923706055,41.31999969482422,890,0.0,0.0
2024-06-10 00:00:00-04:00,40.79999923706055,41.20000076293945,40.400001525878906,40.79999923706055,1203,0.0,0.0
2024-06-11 00:00:00-04:00,41.599998474121094,44.79999923706055,38.040000915527344,40.79999923706055,134730,0.0,0.0
2024-06-12 00:00:00-04:00,40.79999923706055,44.79999923706055,40.439998626708984,43.599998474121094,5323,0.0,0.0
2024-06-13 00:00:00-04:00,43.599998474121094,44.400001525878906,41.599998474121094,43.20000076293945,2613,0.0,0.0
2024-06-14 00:00:00-04:00,44.0,45.599998474121094,42.0,44.400001525878906,2265,0.0,0.0
2024-06-17 00:00:00-04:00,45.599998474121094,46.0,43.599998474121094,44.400001525878906,4558,0.0,0.0
2024-06-18 00:00:00-04:00,45.20000076293945,50.79999923706055,44.400001525878906,49.20000076293945,9130,0.0,0.0
2024-06-20 00:00:00-04:00,57.20000076293945,58.400001525878906,46.0,51.20000076293945,372770,0.0,0.0
2024-06-21 00:00:00-04:00,51.20000076293945,68.0,51.20000076293945,58.0,36360,0.0,0.0
2024-06-24 00:00:00-04:00,56.0,56.79999923706055,51.599998474121094,53.599998474121094,6790,0.0,0.0
2024-06-25 00:00:00-04:00,54.400001525878906,54.439998626708984,48.400001525878906,49.599998474121094,5633,0.0,0.0
2024-06-26 00:00:00-04:00,50.400001525878906,54.0,49.599998474121094,51.20000076293945,3105,0.0,0.0
2024-06-27 00:00:00-04:00,49.599998474121094,54.400001525878906,49.20000076293945,53.599998474121094,2303,0.0,0.0
2024-06-28 00:00:00-04:00,63.599998474121094,89.19999694824219,58.0,67.19999694824219,1920695,0.0,0.0
2024-07-01 00:00:00-04:00,68.0,72.0,62.400001525878906,66.4000015258789,52873,0.0,0.0
2024-07-02 00:00:00-04:00,64.4000015258789,70.80000305175781,62.0,63.20000076293945,17550,0.0,0.0
2024-07-03 00:00:00-04:00,62.79999923706055,64.0,60.0,60.79999923706055,6250,0.0,0.0
2024-07-05 00:00:00-04:00,62.79999923706055,65.5999984741211,60.400001525878906,64.0,6698,0.0,0.0
2024-07-08 00:00:00-04:00,64.0,67.5999984741211,63.599998474121094,66.4000015258789,6060,0.0,0.0
2024-07-09 00:00:00-04:00,66.4000015258789,66.4000015258789,62.400001525878906,63.20000076293945,4328,0.0,0.0
2024-07-10 00:00:00-04:00,64.0,65.87999725341797,61.20000076293945,62.400001525878906,3745,0.0,0.0
2024-07-11 00:00:00-04:00,62.400001525878906,65.19999694824219,61.20000076293945,64.4000015258789,4023,0.0,0.0
2024-07-12 00:00:00-04:00,65.5999984741211,71.5199966430664,63.20000076293945,68.0,88033,0.0,0.0
2024-07-15 00:00:00-04:00,69.19999694824219,92.0,69.19999694824219,88.80000305175781,75348,0.0,0.0
2024-07-16 00:00:00-04:00,84.80000305175781,85.0,70.80000305175781,73.19999694824219,58708,0.0,0.0
2024-07-17 00:00:00-04:00,74.0,75.04000091552734,66.80000305175781,70.4000015258789,13628,0.0,0.0
2024-07-18 00:00:00-04:00,69.19999694824219,71.19999694824219,67.19999694824219,68.4000015258789,5305,0.0,0.0
2024-07-19 00:00:00-04:00,67.5999984741211,69.0,62.91999816894531,65.5999984741211,16915,0.0,0.0
2024-07-22 00:00:00-04:00,67.5999984741211,67.5999984741211,64.0,66.80000305175781,3080,0.0,0.0
2024-07-23 00:00:00-04:00,66.80000305175781,67.19999694824219,64.4000015258789,66.4000015258789,2388,0.0,0.0
2024-07-24 00:00:00-04:00,65.19999694824219,66.80000305175781,64.80000305175781,66.4000015258789,1428,0.0,0.0
2024-07-25 00:00:00-04:00,66.0,66.80000305175781,64.4000015258789,66.0,1023,0.0,0.0
2024-07-26 00:00:00-04:00,66.80000305175781,73.19999694824219,65.19999694824219,71.5999984741211,8528,0.0,0.0
2024-07-29 00:00:00-04:00,70.0,75.5999984741211,68.80000305175781,73.5999984741211,8978,0.0,0.0
2024-07-30 00:00:00-04:00,73.5999984741211,73.5999984741211,65.19999694824219,67.5999984741211,3560,0.0,0.0
2024-07-31 00:00:00-04:00,67.5999984741211,69.80000305175781,65.5999984741211,66.4000015258789,1618,0.0,0.0
2024-08-01 00:00:00-04:00,65.5999984741211,66.4000015258789,58.0,60.0,4230,0.0,0.0
2024-08-02 00:00:00-04:00,58.0,61.20000076293945,56.0,59.20000076293945,3280,0.0,0.0
2024-08-05 00:00:00-04:00,53.20000076293945,58.0,45.20000076293945,50.400001525878906,11505,0.0,0.0
2024-08-06 00:00:00-04:00,52.79999923706055,52.79999923706055,49.20000076293945,51.20000076293945,8628,0.0,0.0
2024-08-07 00:00:00-04:00,51.20000076293945,52.0,50.400001525878906,51.599998474121094,2115,0.0,0.0
2024-08-08 00:00:00-04:00,50.79999923706055,50.79999923706055,46.400001525878906,47.599998474121094,2965,0.0,0.0
2024-08-09 00:00:00-04:00,49.599998474121094,50.400001525878906,47.20000076293945,47.20000076293945,4073,0.0,0.0
2024-08-12 00:00:00-04:00,46.79999923706055,47.20000076293945,44.79999923706055,45.20000076293945,1110,0.0,0.0
2024-08-13 00:00:00-04:00,46.0,48.79999923706055,46.0,47.599998474121094,1503,0.0,0.0
2024-08-14 00:00:00-04:00,48.0,49.20000076293945,44.400001525878906,45.20000076293945,3555,0.0,0.0
2024-08-15 00:00:00-04:00,46.79999923706055,48.0,44.400001525878906,45.599998474121094,3863,0.0,0.0
2024-08-16 00:00:00-04:00,44.79999923706055,47.599998474121094,44.15999984741211,45.599998474121094,86690,0.0,0.0
2024-08-19 00:00:00-04:00,50.400001525878906,54.0,46.0,47.599998474121094,45390,0.0,0.0
2024-08-20 00:00:00-04:00,46.79999923706055,50.0,42.400001525878906,48.79999923706055,7210,0.0,0.0
2024-08-21 00:00:00-04:00,49.599998474121094,55.599998474121094,46.79999923706055,52.0,37648,0.0,0.0
2024-08-22 00:00:00-04:00,54.0,56.400001525878906,51.20000076293945,55.20000076293945,23958,0.0,0.0
2024-08-23 00:00:00-04:00,52.400001525878906,55.20000076293945,51.20000076293945,52.400001525878906,4178,0.0,0.0
2024-08-26 00:00:00-04:00,52.400001525878906,56.0,50.79999923706055,55.20000076293945,3653,0.0,0.0
2024-08-27 00:00:00-04:00,55.20000076293945,58.0,54.0,57.599998474121094,2528,0.0,0.0
2024-08-28 00:00:00-04:00,57.20000076293945,57.20000076293945,54.720001220703125,56.400001525878906,1403,0.0,0.0
2024-08-29 00:00:00-04:00,55.599998474121094,55.599998474121094,52.400001525878906,52.79999923706055,5153,0.0,0.0
2024-08-30 00:00:00-04:00,54.400001525878906,54.400001525878906,52.400001525878906,52.400001525878906,1295,0.0,0.0
2024-09-03 00:00:00-04:00,52.0,52.79999923706055,48.400001525878906,49.20000076293945,2100,0.0,0.0
2024-09-04 00:00:00-04:00,51.20000076293945,51.20000076293945,50.0,50.400001525878906,1215,0.0,0.0
2024-09-05 00:00:00-04:00,49.599998474121094,52.47999954223633,48.400001525878906,51.599998474121094,1563,0.0,0.0
2024-09-06 00:00:00-04:00,51.599998474121094,51.599998474121094,47.279998779296875,51.20000076293945,2315,0.0,0.0
2024-09-09 00:00:00-04:00,50.79999923706055,54.79999923706055,50.7599983215332,54.79999923706055,2355,0.0,0.0
2024-09-10 00:00:00-04:00,54.79999923706055,55.20000076293945,52.880001068115234,53.20000076293945,1310,0.0,0.0
2024-09-11 00:00:00-04:00,52.79999923706055,53.20000076293945,51.599998474121094,52.0,2175,0.0,0.0
2024-09-12 00:00:00-04:00,52.79999923706055,56.0,51.20000076293945,52.79999923706055,4153,0.0,0.0
2024-09-13 00:00:00-04:00,53.20000076293945,54.400001525878906,52.400001525878906,53.599998474121094,403,0.0,0.0
2024-09-16 00:00:00-04:00,54.79999923706055,54.79999923706055,52.0,53.20000076293945,3143,0.0,0.0
2024-09-17 00:00:00-04:00,54.400001525878906,54.400001525878906,50.400001525878906,53.599998474121094,1433,0.0,0.0
2024-09-18 00:00:00-04:00,53.20000076293945,53.599998474121094,52.20000076293945,52.79999923706055,1518,0.0,0.0
2024-09-19 00:00:00-04:00,52.0,53.720001220703125,50.79999923706055,51.599998474121094,1503,0.0,0.0
2024-09-20 00:00:00-04:00,50.400001525878906,51.599998474121094,48.400001525878906,48.400001525878906,765,0.0,0.0
2024-09-23 00:00:00-04:00,49.20000076293945,51.0,48.0,48.400001525878906,890,0.0,0.0
2024-09-24 00:00:00-04:00,48.400001525878906,50.400001525878906,48.20000076293945,49.20000076293945,973,0.0,0.0
2024-09-25 00:00:00-04:00,48.400001525878906,50.400001525878906,48.400001525878906,50.400001525878906,563,0.0,0.0
2024-09-26 00:00:00-04:00,49.599998474121094,50.400001525878906,48.79999923706055,49.599998474121094,825,0.0,0.0
2024-09-27 00:00:00-04:00,48.79999923706055,50.0,48.79999923706055,50.0,643,0.0,0.0
2024-09-30 00:00:00-04:00,49.20000076293945,50.0,48.79999923706055,48.79999923706055,583,0.0,0.0
2024-10-01 00:00:00-04:00,49.400001525878906,49.400001525878906,48.0,48.400001525878906,538,0.0,0.0
2024-10-02 00:00:00-04:00,48.0,50.0,47.599998474121094,48.0,1358,0.0,0.0
2024-10-03 00:00:00-04:00,48.0,50.400001525878906,48.0,49.599998474121094,720,0.0,0.0
2024-10-04 00:00:00-04:00,48.79999923706055,50.0,48.47999954223633,49.20000076293945,198,0.0,0.0
2024-10-07 00:00:00-04:00,48.400001525878906,53.599998474121094,48.400001525878906,53.20000076293945,2730,0.0,0.0
2024-10-08 00:00:00-04:00,51.599998474121094,58.0,51.20000076293945,52.79999923706055,2498,0.0,0.0
2024-10-09 00:00:00-04:00,52.79999923706055,56.400001525878906,52.79999923706055,56.0,705,0.0,0.0
2024-10-10 00:00:00-04:00,52.0,55.20000076293945,50.0,54.400001525878906,116728,0.0,0.0
2024-10-11 00:00:00-04:00,51.599998474121094,55.20000076293945,49.599998474121094,54.400001525878906,8980,0.0,0.0
2024-10-14 00:00:00-04:00,53.20000076293945,58.79999923706055,52.400001525878906,56.400001525878906,8205,0.0,0.0
2024-10-15 00:00:00-04:00,56.79999923706055,67.19999694824219,54.0,63.599998474121094,66430,0.0,0.0
2024-10-16 00:00:00-04:00,64.0,64.08000183105469,52.79999923706055,57.20000076293945,20165,0.0,0.0
2024-10-17 00:00:00-04:00,55.599998474121094,58.0,52.79999923706055,52.79999923706055,3263,0.0,0.0
2024-10-18 00:00:00-04:00,55.599998474121094,72.4000015258789,54.0,70.19999694824219,57853,0.0,0.0
2024-10-21 00:00:00-04:00,71.19999694824219,71.19999694824219,61.20000076293945,61.599998474121094,14188,0.0,0.0
2024-10-22 00:00:00-04:00,60.79999923706055,61.599998474121094,56.400001525878906,59.20000076293945,4278,0.0,0.0
2024-10-23 00:00:00-04:00,59.20000076293945,60.79999923706055,55.599998474121094,57.20000076293945,5033,0.0,0.0
2024-10-24 00:00:00-04:00,57.20000076293945,62.959999084472656,56.79999923706055,61.599998474121094,4073,0.0,0.0
2024-10-25 00:00:00-04:00,61.599998474121094,63.599998474121094,58.0,58.400001525878906,2753,0.0,0.0
2024-10-28 00:00:00-04:00,58.79999923706055,60.0,56.79999923706055,56.79999923706055,1003,0.0,0.0
2024-10-29 00:00:00-04:00,58.400001525878906,60.79999923706055,54.79999923706055,58.79999923706055,2078,0.0,0.0
2024-10-30 00:00:00-04:00,58.0,59.20000076293945,58.0,58.400001525878906,575,0.0,0.0
2024-10-31 00:00:00-04:00,58.79999923706055,60.0,54.400001525878906,55.599998474121094,1290,0.0,0.0
2024-11-01 00:00:00-04:00,56.0,56.79999923706055,53.599998474121094,54.400001525878906,1593,0.0,0.0
2024-11-04 00:00:00-05:00,54.79999923706055,58.0,53.20000076293945,56.0,2195,0.0,0.0
2024-11-05 00:00:00-05:00,57.20000076293945,58.0,55.20000076293945,56.400001525878906,1838,0.0,0.0
2024-11-06 00:00:00-05:00,56.400001525878906,56.400001525878906,54.0,54.0,4078,0.0,0.0
2024-11-07 00:00:00-05:00,56.0,56.0,54.0,56.0,1095,0.0,0.0
2024-11-08 00:00:00-05:00,56.0,62.79999923706055,54.0,61.599998474121094,12510,0.0,0.0
2024-11-11 00:00:00-05:00,59.599998474121094,63.20000076293945,58.20000076293945,62.400001525878906,4713,0.0,0.0
2024-11-12 00:00:00-05:00,61.599998474121094,62.400001525878906,58.0,61.20000076293945,2588,0.0,0.0
2024-11-13 00:00:00-05:00,60.0,61.20000076293945,58.0,58.79999923706055,2228,0.0,0.0
2024-11-14 00:00:00-05:00,60.0,60.79999923706055,55.599998474121094,58.79999923706055,5185,0.0,0.0
2024-11-15 00:00:00-05:00,58.79999923706055,61.20000076293945,53.599998474121094,53.599998474121094,7113,0.0,0.0
2024-11-18 00:00:00-05:00,55.20000076293945,55.599998474121094,52.400001525878906,53.20000076293945,2365,0.0,0.0
2024-11-19 00:00:00-05:00,53.20000076293945,53.84000015258789,52.400001525878906,53.599998474121094,1005,0.0,0.0
2024-11-20 00:00:00-05:00,52.79999923706055,55.560001373291016,51.599998474121094,54.400001525878906,1815,0.0,0.0
2024-11-21 00:00:00-05:00,54.400001525878906,54.79999923706055,52.0,53.599998474121094,875,0.0,0.0
2024-11-22 00:00:00-05:00,53.20000076293945,54.400001525878906,53.20000076293945,53.20000076293945,460,0.0,0.0
2024-11-25 00:00:00-05:00,54.0,54.400001525878906,52.400001525878906,53.20000076293945,778,0.0,0.0
2024-11-26 00:00:00-05:00,53.20000076293945,54.0,52.79999923706055,53.20000076293945,343,0.0,0.0
2024-11-27 00:00:00-05:00,54.0,54.0,50.79999923706055,51.20000076293945,1530,0.0,0.0
2024-11-29 00:00:00-05:00,52.0,53.0,51.20000076293945,52.0,478,0.0,0.0
2024-12-02 00:00:00-05:00,51.599998474121094,52.0,50.0,50.0,1383,0.0,0.0
2024-12-03 00:00:00-05:00,50.400001525878906,53.20000076293945,50.400001525878906,52.400001525878906,1190,0.0,0.0
2024-12-04 00:00:00-05:00,52.400001525878906,54.0,52.0,54.0,2205,0.0,0.0
2024-12-05 00:00:00-05:00,54.400001525878906,55.20000076293945,52.79999923706055,53.20000076293945,1088,0.0,0.0
2024-12-06 00:00:00-05:00,53.20000076293945,56.68000030517578,52.880001068115234,54.79999923706055,2075,0.0,0.0
2024-12-09 00:00:00-05:00,54.79999923706055,57.599998474121094,54.0,57.20000076293945,888,0.0,0.0
2024-12-10 00:00:00-05:00,54.79999923706055,57.599998474121094,52.400001525878906,53.20000076293945,1488,0.0,0.0
2024-12-11 00:00:00-05:00,53.20000076293945,54.0,52.79999923706055,53.20000076293945,488,0.0,0.0
2024-12-12 00:00:00-05:00,52.400001525878906,61.20000076293945,52.400001525878906,58.400001525878906,3915,0.0,0.0
2024-12-13 00:00:00-05:00,59.20000076293945,60.79999923706055,55.84000015258789,58.91999816894531,4378,0.0,0.0
2024-12-16 00:00:00-05:00,57.599998474121094,58.79999923706055,50.400001525878906,52.400001525878906,4190,0.0,0.0
2024-12-17 00:00:00-05:00,52.79999923706055,53.20000076293945,50.79999923706055,50.79999923706055,1138,0.0,0.0
2024-12-18 00:00:00-05:00,50.68000030517578,52.0,45.599998474121094,46.0,2185,0.0,0.0
2024-12-19 00:00:00-05:00,48.400001525878906,54.400001525878906,45.599998474121094,47.599998474121094,7813,0.0,0.0
2024-12-20 00:00:00-05:00,47.599998474121094,50.79999923706055,46.79999923706055,48.0,993,0.0,0.0
2024-12-23 00:00:00-05:00,48.400001525878906,49.20000076293945,46.79999923706055,48.79999923706055,845,0.0,0.0
2024-12-24 00:00:00-05:00,80.0,87.19999694824219,61.79999923706055,68.80000305175781,1294658,0.0,0.0
2024-12-26 00:00:00-05:00,60.0,67.19999694824219,60.0,62.400001525878906,48308,0.0,0.0
2024-12-27 00:00:00-05:00,62.79999923706055,66.80000305175781,60.0,60.0,12898,0.0,0.0
2024-12-30 00:00:00-05:00,58.79999923706055,60.52000045776367,56.0,56.0,8300,0.0,0.0
2024-12-31 00:00:00-05:00,58.0,58.400001525878906,54.400001525878906,55.20000076293945,8183,0.0,0.0
2025-01-02 00:00:00-05:00,56.0,61.599998474121094,54.79999923706055,58.0,23470,0.0,0.0
2025-01-03 00:00:00-05:00,59.599998474121094,62.0,57.52000045776367,59.599998474121094,5940,0.0,0.0
2025-01-06 00:00:00-05:00,65.19999694824219,70.0,62.0,63.20000076293945,21718,0.0,0.0
2025-01-07 00:00:00-05:00,64.4000015258789,64.87999725341797,58.0,59.599998474121094,7130,0.0,0.0
2025-01-08 00:00:00-05:00,60.0,60.0,56.400001525878906,57.599998474121094,4003,0.0,0.0
2025-01-10 00:00:00-05:00,57.599998474121094,64.0,57.20000076293945,61.20000076293945,5310,0.0,0.0
2025-01-13 00:00:00-05:00,62.0,64.80000305175781,58.0,61.20000076293945,5090,0.0,0.0
2025-01-14 00:00:00-05:00,62.0,64.0,58.79999923706055,60.400001525878906,2180,0.0,0.0
2025-01-15 00:00:00-05:00,63.20000076293945,63.20000076293945,59.599998474121094,61.20000076293945,1338,0.0,0.0
2025-01-16 00:00:00-05:00,61.599998474121094,62.79999923706055,58.79999923706055,60.79999923706055,1415,0.0,0.0
2025-01-17 00:00:00-05:00,61.20000076293945,62.0,58.79999923706055,59.599998474121094,3125,0.0,0.0
2025-01-21 00:00:00-05:00,59.599998474121094,61.599998474121094,56.79999923706055,57.599998474121094,2188,0.0,0.0
2025-01-22 00:00:00-05:00,56.79999923706055,60.79999923706055,56.79999923706055,58.0,3223,0.0,0.0
2025-01-23 00:00:00-05:00,60.400001525878906,60.79999923706055,58.0,59.599998474121094,1048,0.0,0.0
2025-01-24 00:00:00-05:00,59.599998474121094,60.400001525878906,58.0,58.79999923706055,1785,0.0,0.0
2025-01-27 00:00:00-05:00,58.79999923706055,60.0,54.400001525878906,55.20000076293945,2370,0.0,0.0
2025-01-28 00:00:00-05:00,55.20000076293945,59.20000076293945,54.0,54.599998474121094,4840,0.0,0.0
2025-01-29 00:00:00-05:00,54.0,56.0,54.0,54.79999923706055,1810,0.0,0.0
2025-01-30 00:00:00-05:00,54.400001525878906,56.79999923706055,54.0,54.0,2035,0.0,0.0
2025-01-31 00:00:00-05:00,54.400001525878906,56.400001525878906,53.599998474121094,55.20000076293945,1123,0.0,0.0
2025-02-03 00:00:00-05:00,54.0,57.599998474121094,53.599998474121094,56.400001525878906,2940,0.0,0.0
2025-02-04 00:00:00-05:00,55.599998474121094,59.2400016784668,54.0,54.79999923706055,3118,0.0,0.0
2025-02-05 00:00:00-05:00,56.79999923706055,60.0,54.040000915527344,59.599998474121094,9298,0.0,0.0
2025-02-06 00:00:00-05:00,58.400001525878906,59.599998474121094,54.68000030517578,57.20000076293945,1293,0.0,0.0
2025-02-07 00:00:00-05:00,56.400001525878906,56.400001525878906,54.0,54.400001525878906,1378,0.0,0.0
2025-02-10 00:00:00-05:00,54.400001525878906,58.0,54.400001525878906,55.79999923706055,1870,0.0,0.0
2025-02-11 00:00:00-05:00,54.79999923706055,57.08000183105469,54.400001525878906,54.79999923706055,1208,0.0,0.0
2025-02-12 00:00:00-05:00,55.599998474121094,57.20000076293945,54.79999923706055,56.400001525878906,608,0.0,0.0
2025-02-13 00:00:00-05:00,56.79999923706055,56.84000015258789,55.20000076293945,56.0,2018,0.0,0.0
2025-02-14 00:00:00-05:00,58.0,58.0,54.79999923706055,56.400001525878906,1443,0.0,0.0
2025-02-18 00:00:00-05:00,54.79999923706055,56.79999923706055,54.79999923706055,54.79999923706055,720,0.0,0.0
2025-02-19 00:00:00-05:00,54.79999923706055,54.79999923706055,50.400001525878906,53.20000076293945,2945,0.0,0.0
2025-02-20 00:00:00-05:00,52.400001525878906,55.20000076293945,50.400001525878906,51.20000076293945,1293,0.0,0.0
2025-02-21 00:00:00-05:00,50.79999923706055,52.79999923706055,49.20000076293945,51.599998474121094,1413,0.0,0.0
2025-02-24 00:00:00-05:00,51.20000076293945,53.720001220703125,49.79999923706055,49.79999923706055,1173,0.0,0.0
2025-02-25 00:00:00-05:00,51.599998474121094,51.599998474121094,48.400001525878906,48.880001068115234,1430,0.0,0.0
2025-02-26 00:00:00-05:00,49.20000076293945,51.20000076293945,49.20000076293945,50.79999923706055,1185,0.0,0.0
2025-02-27 00:00:00-05:00,50.400001525878906,50.400001525878906,48.400001525878906,48.79999923706055,525,0.0,0.0
2025-02-28 00:00:00-05:00,49.20000076293945,49.79999923706055,48.400001525878906,48.400001525878906,335,0.0,0.0
2025-03-03 00:00:00-05:00,48.0,51.20000076293945,45.599998474121094,46.400001525878906,1840,0.0,0.0
2025-03-04 00:00:00-05:00,45.20000076293945,46.0,44.79999923706055,45.599998474121094,1170,0.0,0.0
2025-03-05 00:00:00-05:00,47.20000076293945,47.599998474121094,46.040000915527344,46.400001525878906,600,0.0,0.0
2025-03-06 00:00:00-05:00,46.79999923706055,46.79999923706055,44.0,44.400001525878906,848,0.0,0.0
2025-03-07 00:00:00-05:00,44.400001525878906,44.400001525878906,42.400001525878906,42.400001525878906,1280,0.0,0.0
2025-03-10 00:00:00-04:00,44.0,46.400001525878906,42.0,46.0,5238,0.0,0.0
2025-03-11 00:00:00-04:00,44.79999923706055,46.0,43.20000076293945,43.599998474121094,1298,0.0,0.0
2025-03-12 00:00:00-04:00,45.20000076293945,45.599998474121094,44.040000915527344,45.20000076293945,680,0.0,0.0
2025-03-13 00:00:00-04:00,44.79999923706055,45.20000076293945,43.599998474121094,45.20000076293945,458,0.0,0.0
2025-03-14 00:00:00-04:00,45.20000076293945,45.599998474121094,44.0,45.599998474121094,358,0.0,0.0
2025-03-17 00:00:00-04:00,44.79999923706055,45.599998474121094,44.79999923706055,45.599998474121094,325,0.0,0.0
2025-03-18 00:00:00-04:00,47.20000076293945,48.0,44.0,48.0,995,0.0,0.0
2025-03-19 00:00:00-04:00,47.599998474121094,48.0,46.0,46.400001525878906,368,0.0,0.0
2025-03-20 00:00:00-04:00,45.599998474121094,48.0,45.599998474121094,46.79999923706055,385,0.0,0.0
2025-03-21 00:00:00-04:00,50.0,51.91999816894531,44.0,44.79999923706055,9583,0.0,0.0
2025-03-24 00:00:00-04:00,46.400001525878906,46.400001525878906,43.599998474121094,43.79999923706055,910,0.0,0.0
2025-03-25 00:00:00-04:00,44.0,45.20000076293945,42.400001525878906,43.20000076293945,1430,0.0,0.0
2025-03-26 00:00:00-04:00,44.0,44.119998931884766,41.599998474121094,43.20000076293945,1005,0.0,0.0
2025-03-27 00:00:00-04:00,44.400001525878906,44.400001525878906,42.0,42.0,568,0.0,0.0
2025-03-28 00:00:00-04:00,42.400001525878906,42.79999923706055,42.0,42.79999923706055,325,0.0,0.0
2025-03-31 00:00:00-04:00,41.599998474121094,41.599998474121094,41.20000076293945,41.400001525878906,458,0.0,0.0
2025-04-01 00:00:00-04:00,41.20000076293945,42.0,40.79999923706055,41.20000076293945,380,0.0,0.0
2025-04-02 00:00:00-04:00,40.0,43.20000076293945,40.0,41.20000076293945,703,0.0,0.0
2025-04-03 00:00:00-04:00,41.20000076293945,42.400001525878906,40.79999923706055,41.20000076293945,608,0.0,0.0
2025-04-04 00:00:00-04:00,40.79999923706055,41.599998474121094,39.959999084472656,41.20000076293945,1038,0.0,0.0
2025-04-07 00:00:00-04:00,40.0,40.0,34.959999084472656,38.79999923706055,730,0.0,0.0
2025-04-08 00:00:00-04:00,38.599998474121094,40.0,37.20000076293945,38.31999969482422,1313,0.0,0.0
2025-04-09 00:00:00-04:00,37.0,40.36000061035156,36.400001525878906,39.20000076293945,660,0.0,0.0
2025-04-10 00:00:00-04:00,39.20000076293945,39.20000076293945,36.7599983215332,37.36000061035156,943,0.0,0.0
2025-04-11 00:00:00-04:00,38.36000061035156,38.36000061035156,36.79999923706055,38.0,258,0.0,0.0
2025-04-14 00:00:00-04:00,39.20000076293945,39.20000076293945,34.0,36.959999084472656,1895,0.0,0.0
2025-04-15 00:00:00-04:00,37.20000076293945,37.599998474121094,36.0,36.79999923706055,623,0.0,0.0
2025-04-16 00:00:00-04:00,37.599998474121094,40.0,36.040000915527344,38.79999923706055,5410,0.0,0.0
2025-04-17 00:00:00-04:00,43.20000076293945,47.20000076293945,39.439998626708984,44.79999923706055,249168,0.0,0.0
2025-04-21 00:00:00-04:00,41.20000076293945,43.599998474121094,38.0,42.0,14125,0.0,0.0
2025-04-22 00:00:00-04:00,39.0,40.79999923706055,38.400001525878906,40.0,2063,0.0,0.0
2025-04-23 00:00:00-04:00,40.400001525878906,40.400001525878906,38.47999954223633,39.040000915527344,2760,0.0,0.0
2025-04-24 00:00:00-04:00,38.0,40.0,38.0,39.20000076293945,1773,0.0,0.0
2025-04-25 00:00:00-04:00,40.0,40.79999923706055,38.08000183105469,40.79999923706055,1933,0.0,0.0
2025-04-28 00:00:00-04:00,42.0,42.0,40.79999923706055,41.20000076293945,910,0.0,0.0
2025-04-29 00:00:00-04:00,41.20000076293945,41.20000076293945,40.400001525878906,41.20000076293945,380,0.0,0.0
2025-04-30 00:00:00-04:00,41.599998474121094,46.0,35.63999938964844,40.400001525878906,7675,0.0,0.0
2025-05-01 00:00:00-04:00,39.20000076293945,42.400001525878906,39.20000076293945,40.79999923706055,730,0.0,0.0
2025-05-02 00:00:00-04:00,39.7599983215332,40.400001525878906,39.2400016784668,40.36000061035156,615,0.0,0.0
2025-05-05 00:00:00-04:00,41.20000076293945,42.040000915527344,38.79999923706055,40.0,853,0.0,0.0
2025-05-06 00:00:00-04:00,39.20000076293945,40.0,38.0,38.400001525878906,995,0.0,0.0
2025-05-07 00:00:00-04:00,38.400001525878906,39.68000030517578,38.20000076293945,38.400001525878906,273,0.0,0.0
2025-05-08 00:00:00-04:00,38.400001525878906,39.20000076293945,38.0,39.08000183105469,1188,0.0,0.0
2025-05-09 00:00:00-04:00,39.36000061035156,39.599998474121094,37.599998474121094,38.68000030517578,2353,0.0,0.0
2025-05-12 00:00:00-04:00,40.0,40.0,38.79999923706055,39.52000045776367,1575,0.0,0.0
2025-05-13 00:00:00-04:00,39.52000045776367,40.0,38.79999923706055,39.20000076293945,493,0.0,0.0
2025-05-14 00:00:00-04:00,40.0,40.0,38.0,38.79999923706055,1805,0.0,0.0
2025-05-15 00:00:00-04:00,38.400001525878906,39.0,38.0,38.79999923706055,1093,0.0,0.0
2025-05-16 00:00:00-04:00,38.400001525878906,39.599998474121094,38.0,39.599998474121094,855,0.0,0.0
2025-05-19 00:00:00-04:00,39.20000076293945,42.79999923706055,38.400001525878906,41.599998474121094,3805,0.0,0.0
2025-05-20 00:00:00-04:00,42.400001525878906,42.439998626708984,40.560001373291016,42.0,2663,0.0,0.0
2025-05-21 00:00:00-04:00,42.0,42.0,38.20000076293945,40.0,1943,0.0,0.0
2025-05-22 00:00:00-04:00,38.79999923706055,40.0,38.040000915527344,40.0,1343,0.0,0.0
2025-05-23 00:00:00-04:00,38.79999923706055,39.20000076293945,37.63999938964844,38.599998474121094,620,0.0,0.0
2025-05-27 00:00:00-04:00,38.400001525878906,39.599998474121094,37.400001525878906,38.79999923706055,1500,0.0,0.0
2025-05-28 00:00:00-04:00,38.20000076293945,38.79999923706055,37.599998474121094,38.439998626708984,1565,0.0,0.0
2025-05-29 00:00:00-04:00,38.15999984741211,39.119998931884766,37.63999938964844,38.68000030517578,1350,0.0,0.0
2025-05-30 00:00:00-04:00,37.63999938964844,38.79999923706055,36.79999923706055,38.47999954223633,528,0.0,0.0
2025-06-02 00:00:00-04:00,37.20000076293945,38.47999954223633,36.400001525878906,37.68000030517578,2920,0.0,0.0
2025-06-03 00:00:00-04:00,38.0,38.400001525878906,36.84000015258789,37.7599983215332,2415,0.0,0.0
2025-06-04 00:00:00-04:00,37.599998474121094,37.7599983215332,35.63999938964844,36.15999984741211,1620,0.0,0.0
2025-06-05 00:00:00-04:00,36.52000045776367,42.0,36.400001525878906,37.599998474121094,23873,0.0,0.0
2025-06-06 00:00:00-04:00,37.599998474121094,42.0,36.560001373291016,37.959999084472656,4018,0.0,0.0
2025-06-09 00:00:00-04:00,38.400001525878906,38.79999923706055,36.0,37.959999084472656,3363,0.0,0.0
2025-06-10 00:00:00-04:00,36.79999923706055,36.79999923706055,35.63999938964844,35.84000015258789,2155,0.0,0.0
2025-06-11 00:00:00-04:00,36.0,36.79999923706055,35.279998779296875,35.599998474121094,1503,0.0,0.0
2025-06-12 00:00:00-04:00,35.560001373291016,36.08000183105469,34.2400016784668,34.2400016784668,4370,0.0,0.0
2025-06-13 00:00:00-04:00,34.040000915527344,35.959999084472656,32.0,34.36000061035156,3355,0.0,0.0
2025-06-16 00:00:00-04:00,34.0,34.79999923706055,33.20000076293945,34.79999923706055,1123,0.0,0.0
2025-06-17 00:00:00-04:00,34.79999923706055,34.880001068115234,32.15999984741211,33.68000030517578,970,0.0,0.0
2025-06-18 00:00:00-04:00,33.20000076293945,35.20000076293945,33.20000076293945,34.400001525878906,315,0.0,0.0
2025-06-20 00:00:00-04:00,35.599998474121094,35.599998474121094,34.0,35.47999954223633,988,0.0,0.0
2025-06-23 00:00:00-04:00,35.0,35.599998474121094,33.20000076293945,35.599998474121094,1433,0.0,0.0
2025-06-24 00:00:00-04:00,34.52000045776367,35.959999084472656,33.79999923706055,35.959999084472656,2133,0.0,0.0
2025-06-25 00:00:00-04:00,34.040000915527344,37.31999969482422,34.040000915527344,36.0,2108,0.0,0.0
2025-06-26 00:00:00-04:00,34.91999816894531,36.0,34.91999816894531,35.279998779296875,515,0.0,0.0
2025-06-27 00:00:00-04:00,36.0,36.0,34.040000915527344,35.560001373291016,1420,0.0,0.0
2025-06-30 00:00:00-04:00,36.0,36.400001525878906,34.880001068115234,36.0,2510,0.0,0.0
2025-07-01 00:00:00-04:00,35.79999923706055,35.84000015258789,34.36000061035156,34.880001068115234,1173,0.0,0.0
2025-07-02 00:00:00-04:00,34.400001525878906,36.20000076293945,34.0,36.119998931884766,805,0.0,0.0
2025-07-03 00:00:00-04:00,47.599998474121094,52.400001525878906,37.47999954223633,44.0,1045260,0.0,0.0
2025-07-07 00:00:00-04:00,42.0,43.20000076293945,38.31999969482422,39.68000030517578,29668,0.0,0.0
2025-07-08 00:00:00-04:00,39.20000076293945,41.599998474121094,37.720001220703125,41.47999954223633,10820,0.0,0.0
2025-07-09 00:00:00-04:00,42.0,42.0,38.79999923706055,38.79999923706055,4663,0.0,0.0
2025-07-10 00:00:00-04:00,39.400001525878906,40.400001525878906,38.79999923706055,39.20000076293945,2965,0.0,0.0
2025-07-11 00:00:00-04:00,38.439998626708984,39.79999923706055,37.279998779296875,38.040000915527344,3503,0.0,0.0
2025-07-14 00:00:00-04:00,38.31999969482422,40.0,37.599998474121094,39.560001373291016,2025,0.0,0.0
2025-07-15 00:00:00-04:00,39.0,39.959999084472656,38.599998474121094,38.880001068115234,1560,0.0,0.0
2025-07-16 00:00:00-04:00,38.880001068115234,40.0,38.31999969482422,39.20000076293945,1080,0.0,0.0
2025-07-17 00:00:00-04:00,39.20000076293945,41.20000076293945,38.400001525878906,40.400001525878906,1800,0.0,0.0
2025-07-18 00:00:00-04:00,40.79999923706055,42.0,39.20000076293945,40.0,1908,0.0,0.0
2025-07-21 00:00:00-04:00,40.79999923706055,50.0,40.79999923706055,46.400001525878906,91950,0.0,0.0
2025-07-22 00:00:00-04:00,48.400001525878906,48.400001525878906,45.20000076293945,45.20000076293945,6378,0.0,0.0
2025-07-23 00:00:00-04:00,46.0,47.599998474121094,42.79999923706055,45.20000076293945,17308,0.0,0.0
2025-07-24 00:00:00-04:00,42.79999923706055,44.79999923706055,40.0,41.20000076293945,8270,0.0,0.0
2025-07-25 00:00:00-04:00,41.20000076293945,43.20000076293945,40.68000030517578,41.20000076293945,1273,0.0,0.0
2025-07-28 00:00:00-04:00,41.20000076293945,41.599998474121094,40.400001525878906,40.79999923706055,2673,0.0,0.0
2025-07-29 00:00:00-04:00,39.599998474121094,40.63999938964844,39.20000076293945,39.560001373291016,1278,0.0,0.0
2025-07-30 00:00:00-04:00,40.0,41.20000076293945,38.52000045776367,39.599998474121094,3285,0.0,0.0
2025-07-31 00:00:00-04:00,41.599998474121094,41.599998474121094,39.20000076293945,40.0,910,0.0,0.0
2025-08-01 00:00:00-04:00,39.20000076293945,39.20000076293945,38.040000915527344,38.79999923706055,1025,0.0,0.0
2025-08-04 00:00:00-04:00,40.0,40.0,38.400001525878906,39.20000076293945,865,0.0,0.0
2025-08-05 00:00:00-04:00,40.400001525878906,40.79999923706055,38.79999923706055,39.20000076293945,8188,0.0,0.0
2025-08-06 00:00:00-04:00,39.599998474121094,39.599998474121094,38.0,38.400001525878906,1420,0.0,0.0
2025-08-07 00:00:00-04:00,41.20000076293945,41.20000076293945,38.08000183105469,40.79999923706055,1670,0.0,0.0
2025-08-08 00:00:00-04:00,40.79999923706055,40.79999923706055,38.79999923706055,39.47999954223633,670,0.0,0.0
2025-08-11 00:00:00-04:00,39.2400016784668,41.20000076293945,39.2400016784668,40.0,1828,0.0,0.0
2025-08-12 00:00:00-04:00,39.7599983215332,41.400001525878906,39.20000076293945,40.79999923706055,1735,0.0,0.0
2025-08-13 00:00:00-04:00,40.0,41.599998474121094,39.20000076293945,40.79999923706055,1625,0.0,0.0
2025-08-14 00:00:00-04:00,40.400001525878906,42.0,39.599998474121094,40.79999923706055,1240,0.0,0.0
2025-08-15 00:00:00-04:00,40.0,41.20000076293945,39.599998474121094,41.20000076293945,1055,0.0,0.0
2025-08-18 00:00:00-04:00,42.0,42.0,39.84000015258789,40.79999923706055,1308,0.0,0.0
2025-08-19 00:00:00-04:00,41.20000076293945,41.20000076293945,38.84000015258789,40.0,745,0.0,0.0
2025-08-20 00:00:00-04:00,40.0,40.79999923706055,38.2400016784668,39.599998474121094,1495,0.0,0.0
2025-08-21 00:00:00-04:00,39.599998474121094,40.79999923706055,39.400001525878906,40.0,603,0.0,0.0
2025-08-22 00:00:00-04:00,39.20000076293945,41.20000076293945,38.91999816894531,41.20000076293945,1383,0.0,0.0
2025-08-25 00:00:00-04:00,40.79999923706055,41.20000076293945,40.0,40.7599983215332,778,0.0,0.0
2025-08-26 00:00:00-04:00,40.79999923706055,40.79999923706055,39.599998474121094,40.400001525878906,505,0.0,0.0
2025-08-27 00:00:00-04:00,40.400001525878906,40.79999923706055,40.08000183105469,40.79999923706055,340,0.0,0.0
2025-08-28 00:00:00-04:00,40.599998474121094,42.0,40.0,40.79999923706055,1788,0.0,0.0
2025-08-29 00:00:00-04:00,40.79999923706055,43.20000076293945,40.79999923706055,42.20000076293945,1068,0.0,0.0
2025-09-02 00:00:00-04:00,42.0,42.0,40.400001525878906,41.599998474121094,1095,0.0,0.0
2025-09-03 00:00:00-04:00,41.20000076293945,41.599998474121094,40.400001525878906,40.400001525878906,560,0.0,0.0
2025-09-04 00:00:00-04:00,40.400001525878906,41.20000076293945,40.400001525878906,40.84000015258789,640,0.0,0.0
2025-09-05 00:00:00-04:00,40.79999923706055,42.0,40.400001525878906,41.20000076293945,563,0.0,0.0
2025-09-08 00:00:00-04:00,40.400001525878906,41.599998474121094,40.400001525878906,40.400001525878906,863,0.0,0.0
2025-09-09 00:00:00-04:00,41.599998474121094,41.599998474121094,39.68000030517578,41.279998779296875,1065,0.0,0.0
2025-09-10 00:00:00-04:00,41.599998474121094,42.119998931884766,40.400001525878906,40.959999084472656,988,0.0,0.0
2025-09-11 00:00:00-04:00,40.79999923706055,42.79999923706055,40.400001525878906,42.0,895,0.0,0.0
2025-09-12 00:00:00-04:00,41.599998474121094,42.0,40.400001525878906,40.79999923706055,538,0.0,0.0
2025-09-15 00:00:00-04:00,42.0,42.0,40.400001525878906,41.08000183105469,935,0.0,0.0
2025-09-16 00:00:00-04:00,40.560001373291016,41.20000076293945,39.599998474121094,40.400001525878906,960,0.0,0.0
2025-09-17 00:00:00-04:00,40.0,41.400001525878906,40.0,40.79999923706055,255,0.0,0.0
2025-09-18 00:00:00-04:00,41.20000076293945,41.20000076293945,39.91999816894531,40.0,925,0.0,0.0
2025-09-19 00:00:00-04:00,48.400001525878906,52.400001525878906,42.0,47.599998474121094,939830,0.0,0.0
2025-09-22 00:00:00-04:00,42.79999923706055,45.79999923706055,41.20000076293945,44.0,23273,0.0,0.0
2025-09-23 00:00:00-04:00,43.20000076293945,43.599998474121094,40.79999923706055,40.79999923706055,6133,0.0,0.0
2025-09-24 00:00:00-04:00,42.0,44.400001525878906,40.400001525878906,41.20000076293945,8768,0.0,0.0
2025-09-25 00:00:00-04:00,44.400001525878906,44.79999923706055,42.0,42.400001525878906,5073,0.0,0.0
2025-09-26 00:00:00-04:00,43.20000076293945,43.599998474121094,42.0,42.0,3683,0.0,0.0
2025-09-29 00:00:00-04:00,40.0,41.599998474121094,39.20000076293945,40.0,6838,0.0,0.0
2025-09-30 00:00:00-04:00,40.400001525878906,41.599998474121094,40.400001525878906,41.0,1733,0.0,0.0
2025-10-01 00:00:00-04:00,40.0,41.20000076293945,40.0,40.400001525878906,1775,0.0,0.0
2025-10-02 00:00:00-04:00,42.0,42.0,40.0,40.79999923706055,2043,0.0,0.0
2025-10-03 00:00:00-04:00,40.0,41.560001373291016,39.68000030517578,40.0,1665,0.0,0.0
2025-10-06 00:00:00-04:00,40.79999923706055,40.79999923706055,39.599998474121094,40.400001525878906,2378,0.0,0.0
2025-10-07 00:00:00-04:00,40.0,40.400001525878906,36.79999923706055,38.08000183105469,5273,0.0,0.0
2025-10-08 00:00:00-04:00,38.0,39.119998931884766,37.400001525878906,38.7599983215332,2595,0.0,0.0
2025-10-09 00:00:00-04:00,39.20000076293945,39.599998474121094,38.040000915527344,38.439998626708984,880,0.0,0.0
2025-10-10 00:00:00-04:00,39.20000076293945,39.439998626708984,37.20000076293945,37.2400016784668,2080,0.0,0.0
2025-10-13 00:00:00-04:00,37.599998474121094,38.47999954223633,37.20000076293945,38.119998931884766,1258,0.0,0.0
2025-10-14 00:00:00-04:00,36.79999923706055,38.040000915527344,36.79999923706055,38.040000915527344,1660,0.0,0.0
2025-10-15 00:00:00-04:00,38.0,38.400001525878906,37.20000076293945,37.84000015258789,1585,0.0,0.0
2025-10-16 00:00:00-04:00,37.84000015258789,38.400001525878906,37.560001373291016,37.880001068115234,693,0.0,0.0
2025-10-17 00:00:00-04:00,37.36000061035156,38.68000030517578,37.2400016784668,38.31999969482422,3240,0.0,0.0
2025-10-20 00:00:00-04:00,38.63999938964844,43.20000076293945,38.599998474121094,42.79999923706055,8875,0.0,0.0
2025-10-21 00:00:00-04:00,42.400001525878906,42.400001525878906,38.439998626708984,41.20000076293945,4340,0.0,0.0
2025-10-22 00:00:00-04:00,40.0,41.20000076293945,38.20000076293945,40.0,3743,0.0,0.0
2025-10-23 00:00:00-04:00,39.20000076293945,40.0,39.0,39.279998779296875,513,0.0,0.0
2025-10-24 00:00:00-04:00,40.400001525878906,40.79999923706055,39.279998779296875,40.400001525878906,1318,0.0,0.0
2025-10-27 00:00:00-04:00,40.79999923706055,40.79999923706055,39.560001373291016,40.0,965,0.0,0.0
2025-10-28 00:00:00-04:00,40.0,40.400001525878906,39.599998474121094,39.599998474121094,1140,0.0,0.0
2025-10-29 00:00:00-04:00,39.279998779296875,48.0,39.279998779296875,40.0,36580,0.0,0.0
2025-10-30 00:00:00-04:00,37.20000076293945,38.880001068115234,35.2400016784668,36.279998779296875,127160,0.0,0.0
2025-10-31 00:00:00-04:00,31.639999389648438,32.47999954223633,30.0,31.84000015258789,212480,0.0,0.0
2025-11-03 00:00:00-05:00,31.600000381469727,33.599998474121094,30.239999771118164,32.400001525878906,11315,0.0,0.0
2025-11-04 00:00:00-05:00,31.600000381469727,32.0,30.920000076293945,30.959999084472656,5765,0.0,0.0
2025-11-05 00:00:00-05:00,31.559999465942383,32.79999923706055,30.8799991607666,31.479999542236328,4120,0.0,0.0
2025-11-06 00:00:00-05:00,31.15999984741211,31.639999389648438,28.920000076293945,29.639999389648438,8925,0.0,0.0
2025-11-07 00:00:00-05:00,24.040000915527344,28.0,24.0,27.360000610351562,10568,0.0,0.0
2025-11-10 00:00:00-05:00,26.799999237060547,28.399999618530273,26.399999618530273,27.15999984741211,8805,0.0,0.0
2025-11-11 00:00:00-05:00,27.0,27.15999984741211,17.200000762939453,18.360000610351562,276548,0.0,0.0
2025-11-12 00:00:00-05:00,16.0,16.31999969482422,9.600000381469727,12.399999618530273,1124410,0.0,0.0
2025-11-13 00:00:00-05:00,16.479999542236328,25.959999084472656,12.5600004196167,13.84000015258789,7465290,0.0,0.0
2025-11-14 00:00:00-05:00,11.880000114440918,12.960000038146973,11.199999809265137,11.399999618530273,227133,0.0,0.0
2025-11-17 00:00:00-05:00,10.399999618530273,11.800000190734863,10.0,11.079999923706055,328778,0.0,0.0
2025-11-18 00:00:00-05:00,14.079999923706055,15.920000076293945,8.0,8.640000343322754,2175068,0.0,0.0
2025-11-19 00:00:00-05:00,8.399999618530273,8.399999618530273,7.199999809265137,8.119999885559082,293970,0.0,0.0
2025-11-20 00:00:00-05:00,8.039999961853027,8.960000038146973,7.800000190734863,7.960000038146973,188025,0.0,0.0
2025-11-21 00:00:00-05:00,8.4399995803833,8.680000305175781,6.960000038146973,7.320000171661377,109900,0.0,0.0
2025-11-24 00:00:00-05:00,7.760000228881836,8.119999885559082,7.480000019073486,7.960000038146973,141170,0.0,0.0
2025-11-25 00:00:00-05:00,7.71999979019165,7.760000228881836,6.079999923706055,6.400000095367432,1425963,0.0,0.0
2025-11-26 00:00:00-05:00,6.239999771118164,6.400000095367432,5.599999904632568,6.199999809265137,451290,0.0,0.0
2025-11-28 00:00:00-05:00,6.360000133514404,6.360000133514404,5.920000076293945,6.199999809265137,103450,0.0,0.0
2025-12-01 00:00:00-05:00,6.199999809265137,6.28000020980835,5.239999771118164,5.760000228881836,675303,0.0,0.0
2025-12-02 00:00:00-05:00,5.239999771118164,5.440000057220459,4.840000152587891,5.199999809265137,2985293,0.0,0.0
2025-12-03 00:00:00-05:00,4.320000171661377,4.599999904632568,4.0,4.440000057220459,577868,0.0,0.0
2025-12-04 00:00:00-05:00,4.679999828338623,5.28000020980835,4.480000019073486,5.28000020980835,317645,0.0,0.0
2025-12-05 00:00:00-05:00,5.039999961853027,5.28000020980835,4.880000114440918,5.159999847412109,189288,0.0,0.0
2025-12-08 00:00:00-05:00,4.960000038146973,5.039999961853027,4.400000095367432,5.039999961853027,184315,0.0,0.0
2025-12-09 00:00:00-05:00,4.679999828338623,4.880000114440918,4.559999942779541,4.880000114440918,131480,0.0,0.0
2025-12-10 00:00:00-05:00,4.800000190734863,4.800000190734863,4.559999942779541,4.559999942779541,311285,0.0,0.0
2025-12-11 00:00:00-05:00,3.200000047683716,3.2799999713897705,2.640000104904175,2.880000114440918,401440,0.0,0.0
2025-12-12 00:00:00-05:00,3.1600000858306885,3.200000047683716,2.880000114440918,2.9600000381469727,286803,0.0,0.0
2025-12-15 00:00:00-05:00,3.130000114440918,3.25,2.4200000762939453,2.7200000286102295,372100,0.0,0.025
2025-12-16 00:00:00-05:00,2.490000009536743,2.7200000286102295,2.359999895095825,2.619999885559082,1499000,0.0,0.0
2025-12-17 00:00:00-05:00,2.569999933242798,2.809999942779541,2.559999942779541,2.799999952316284,139700,0.0,0.0
2025-12-18 00:00:00-05:00,2.700000047683716,2.8399999141693115,2.4000000953674316,2.609999895095825,92400,0.0,0.0
2025-12-19 00:00:00-05:00,2.5799999237060547,2.880000114440918,2.5799999237060547,2.740000009536743,79500,0.0,0.0
2025-12-22 00:00:00-05:00,2.7100000381469727,2.7100000381469727,2.569999933242798,2.5899999141693115,57500,0.0,0.0
2025-12-23 00:00:00-05:00,2.509999990463257,2.5799999237060547,2.4200000762939453,2.430000066757202,86300,0.0,0.0
2025-12-24 00:00:00-05:00,2.430000066757202,2.430000066757202,2.2300000190734863,2.2899999618530273,75600,0.0,0.0
2025-12-26 00:00:00-05:00,2.2899999618530273,2.3299999237060547,2.119999885559082,2.2100000381469727,72300,0.0,0.0
2025-12-29 00:00:00-05:00,2.130000114440918,2.1700000762939453,1.940000057220459,1.9500000476837158,116100,0.0,0.0
2025-12-30 00:00:00-05:00,1.9989999532699585,1.9989999532699585,1.850000023841858,1.8600000143051147,72400,0.0,0.0
2025-12-31 00:00:00-05:00,1.8899999856948853,1.906999945640564,1.7430000305175781,1.809999942779541,114400,0.0,0.0
2026-01-02 00:00:00-05:00,1.840000033378601,2.049999952316284,1.840000033378601,1.9900000095367432,65000,0.0,0.0
2026-01-05 00:00:00-05:00,2.069999933242798,2.559999942779541,2.055000066757202,2.490000009536743,182400,0.0,0.0
2026-01-06 00:00:00-05:00,2.430000066757202,2.740000009536743,2.430000066757202,2.690000057220459,143000,0.0,0.0
2026-01-07 00:00:00-05:00,2.680000066757202,2.690000057220459,2.5299999713897705,2.549999952316284,48800,0.0,0.0
2026-01-08 00:00:00-05:00,2.640000104904175,2.640000104904175,2.3550000190734863,2.430000066757202,36200,0.0,0.0
2026-01-09 00:00:00-05:00,2.4600000381469727,2.497999906539917,2.309999942779541,2.3499999046325684,41800,0.0,0.0
2026-01-12 00:00:00-05:00,2.299999952316284,2.299999952316284,2.069999933242798,2.1600000858306885,53500,0.0,0.0
2026-01-13 00:00:00-05:00,2.140000104904175,2.640000104904175,2.140000104904175,2.440000057220459,68900,0.0,0.0
2026-01-14 00:00:00-05:00,2.5199999809265137,2.630000114440918,2.121000051498413,2.450000047683716,1266300,0.0,0.0
2026-01-15 00:00:00-05:00,2.4200000762939453,2.690000057220459,2.265000104904175,2.630000114440918,109300,0.0,0.0
2026-01-16 00:00:00-05:00,2.5299999713897705,2.615999937057495,2.4000000953674316,2.5,49800,0.0,0.0
2026-01-20 00:00:00-05:00,2.4700000286102295,2.690000057220459,2.4600000381469727,2.640000104904175,75600,0.0,0.0
2026-01-21 00:00:00-05:00,2.5799999237060547,2.6500000953674316,2.5,2.559999942779541,35800,0.0,0.0
2026-01-22 00:00:00-05:00,2.559999942779541,2.7799999713897705,2.559999942779541,2.700000047683716,80900,0.0,0.0
2026-01-23 00:00:00-05:00,2.680000066757202,2.75,2.6510000228881836,2.740000009536743,28900,0.0,0.0
2026-01-26 00:00:00-05:00,2.630000114440918,2.680000066757202,2.609999895095825,2.680000066757202,30000,0.0,0.0
2026-01-27 00:00:00-05:00,2.700000047683716,2.700000047683716,2.559999942779541,2.680000066757202,24400,0.0,0.0
2026-01-28 00:00:00-05:00,2.619999885559082,2.619999885559082,2.4100000858306885,2.5199999809265137,56600,0.0,0.0
2026-01-29 00:00:00-05:00,2.509999990463257,2.509999990463257,2.119999885559082,2.190000057220459,73300,0.0,0.0
2026-01-30 00:00:00-05:00,2.2100000381469727,2.4110000133514404,2.119999885559082,2.1700000762939453,33600,0.0,0.0
2026-02-02 00:00:00-05:00,2.2300000190734863,2.26200008392334,2.1700000762939453,2.2300000190734863,46900,0.0,0.0
2026-02-03 00:00:00-05:00,2.309999942779541,2.309999942779541,2.0,2.0999999046325684,96100,0.0,0.0
2026-02-04 00:00:00-05:00,2.0399999618530273,2.0899999141693115,1.7200000286102295,1.7599999904632568,110500,0.0,0.0
2026-02-05 00:00:00-05:00,1.809999942779541,1.8600000143051147,1.3300000429153442,1.4500000476837158,106100,0.0,0.0
2026-02-06 00:00:00-05:00,1.4800000190734863,1.590000033378601,1.309999942779541,1.350000023841858,7289400,0.0,0.0
2026-02-09 00:00:00-05:00,1.3700000047683716,1.3700000047683716,1.2039999961853027,1.2400000095367432,504400,0.0,0.0
2026-02-10 00:00:00-05:00,1.309999942779541,1.3300000429153442,1.190000057220459,1.190000057220459,130600,0.0,0.0
2026-02-11 00:00:00-05:00,1.2050000429153442,1.2280000448226929,1.0499999523162842,1.159999966621399,161300,0.0,0.0
2026-02-12 00:00:00-05:00,1.159999966621399,1.159999966621399,1.059999942779541,1.090000033378601,42300,0.0,0.0
2026-02-13 00:00:00-05:00,1.090000033378601,1.1799999475479126,1.090000033378601,1.1200000047683716,31700,0.0,0.0
2026-02-17 00:00:00-05:00,1.1200000047683716,1.2300000190734863,1.0820000171661377,1.2100000381469727,93700,0.0,0.0
2026-02-18 00:00:00-05:00,1.2300000190734863,1.2799999713897705,1.149999976158142,1.190000057220459,72200,0.0,0.0
2026-02-19 00:00:00-05:00,1.1799999475479126,1.25,1.149999976158142,1.2400000095367432,49400,0.0,0.0
2026-02-20 00:00:00-05:00,1.225000023841858,1.2289999723434448,1.149999976158142,1.1699999570846558,16600,0.0,0.0
2026-02-23 00:00:00-05:00,1.190000057220459,1.190000057220459,1.100000023841858,1.149999976158142,23200,0.0,0.0
2026-02-24 00:00:00-05:00,1.190000057220459,1.190000057220459,1.1200000047683716,1.159999966621399,24400,0.0,0.0
2026-02-25 00:00:00-05:00,1.1799999475479126,1.1799999475479126,1.1100000143051147,1.1699999570846558,25200,0.0,0.0
2026-02-26 00:00:00-05:00,1.159999966621399,1.1799999475479126,1.1100000143051147,1.149999976158142,42500,0.0,0.0
2026-02-27 00:00:00-05:00,1.149999976158142,1.1799999475479126,1.1200000047683716,1.1299999952316284,34800,0.0,0.0
2026-03-02 00:00:00-05:00,1.1399999856948853,1.2450000047683716,1.1200000047683716,1.2200000286102295,63700,0.0,0.0
2026-03-03 00:00:00-05:00,1.2000000476837158,1.25,1.149999976158142,1.25,33700,0.0,0.0
2026-03-04 00:00:00-05:00,1.2400000095367432,1.2699999809265137,1.1699999570846558,1.190000057220459,171700,0.0,0.0
2026-03-05 00:00:00-05:00,1.1200000047683716,1.149999976158142,1.0700000524520874,1.0800000429153442,89262,0.0,0.0
