Date,Open,High,Low,Close,Volume,Dividends,Stock Splits
2022-01-03 00:00:00-05:00,32.9059858130857,33.91919281905426,32.73866696469143,33.56596374511719,571000,0.0,0.0
2022-01-04 00:00:00-05:00,33.72398819308965,33.88201314022487,33.064010201152016,33.305694580078125,496500,0.0,0.0
2022-01-05 00:00:00-05:00,33.35216573047043,33.92848419516834,32.589937054144784,32.66429901123047,617900,0.0,0.0
2022-01-06 00:00:00-05:00,32.87809460112789,33.04541343744446,32.25529946834917,32.366844177246094,466600,0.0,0.0
2022-01-07 00:00:00-05:00,32.190232268993675,32.747959374026394,31.911368716477316,32.00432205200195,475800,0.0,0.0
2022-01-10 00:00:00-05:00,31.76264113129165,31.967142746629463,30.89816508905189,31.502368927001953,604600,0.0,0.0
2022-01-11 00:00:00-05:00,31.60461671054071,32.17164128358062,31.2142084414629,31.762638092041016,649200,0.0,0.0
2022-01-12 00:00:00-05:00,31.967136826722072,31.967136826722072,31.092434447322045,31.32575035095215,479900,0.0,0.0
2022-01-13 00:00:00-05:00,31.548841816080017,31.7068667396915,30.795910587986945,30.87957000732422,277700,0.0,0.0
2022-01-14 00:00:00-05:00,30.48915626750419,30.675066470452947,29.60608723592532,29.987199783325195,629300,0.0,0.0
2022-01-18 00:00:00-05:00,29.596793608662953,29.632116514222563,28.723018430735543,28.918224334716797,581100,0.0,0.0
2022-01-19 00:00:00-05:00,28.95540175702209,29.03906116659799,28.323309228213535,28.3511962890625,305300,0.0,0.0
2022-01-20 00:00:00-05:00,28.434856760816746,29.448063627554305,28.323310286225087,28.86244773864746,736400,0.0,0.0
2022-01-21 00:00:00-05:00,28.760198557623852,29.317927381407305,28.314014434814453,28.314014434814453,663200,0.0,0.0
2022-01-24 00:00:00-05:00,27.70051604330783,28.67654202622215,27.12419756011307,28.574291229248047,631900,0.0,0.0
2022-01-25 00:00:00-05:00,28.053744259769616,28.490630953135653,27.347287936283067,28.01656150817871,559400,0.0,0.0
2022-01-26 00:00:00-05:00,28.47204082567785,28.8345655776991,27.598267400635763,27.858539581298828,500200,0.0,0.0
2022-01-27 00:00:00-05:00,28.193172943353723,28.27683235229607,26.241123022983977,26.36196517944336,611900,0.0,0.0
2022-01-28 00:00:00-05:00,26.18535392727862,26.705900046379572,25.237215023473482,26.678014755249023,575500,0.0,0.0
2022-01-31 00:00:00-05:00,26.436333536734743,27.886427257703353,26.23183193547662,27.765586853027344,609600,0.0,0.0
2022-02-01 00:00:00-05:00,27.765587582437664,28.47204219797685,27.28222240509288,28.17458724975586,667900,0.0,0.0
2022-02-02 00:00:00-05:00,27.997974558582474,28.142053302222894,26.389855859306124,26.482810974121094,806000,0.0,0.0
2022-02-03 00:00:00-05:00,26.06451137351135,26.492102349886924,25.39523607418115,25.432418823242188,777900,0.0,0.0
2022-02-04 00:00:00-05:00,25.19073685060346,26.315488440912063,24.902577630660357,26.036624908447266,413600,0.0,0.0
2022-02-07 00:00:00-05:00,26.03662365737311,26.901103048634813,25.95296424705933,26.41773796081543,411200,0.0,0.0
2022-02-08 00:00:00-05:00,26.32478420670475,27.03124050041781,26.194648127563507,26.88251304626465,324300,0.0,0.0
2022-02-09 00:00:00-05:00,27.282218414712123,27.668910500029185,27.152080564171293,27.598264694213867,457100,0.0,0.0
2022-02-10 00:00:00-05:00,27.02194625627462,27.905017113827483,26.798855063128585,26.9754695892334,543300,0.0,0.0
2022-02-11 00:00:00-05:00,26.994058586630878,27.337990147560955,26.231828194332586,26.4735107421875,357200,0.0,0.0
2022-02-14 00:00:00-05:00,26.640831274673456,26.938286191740694,26.296899691678647,26.668718338012695,461400,0.0,0.0
2022-02-15 00:00:00-05:00,27.068421769059135,27.69586557111876,27.068421769059135,27.607559204101562,506800,0.0,0.0
2022-02-16 00:00:00-05:00,27.579673088347615,27.70051347751118,27.00335288556404,27.347286224365234,381800,0.0,0.0
2022-02-17 00:00:00-05:00,27.003354468212084,27.003354468212084,26.2513505181069,26.39914894104004,318800,0.0,0.0
2022-02-18 00:00:00-05:00,25.460305087386924,25.999442558627546,24.967646054253066,25.097782135009766,761500,0.0,0.0
2022-02-22 00:00:00-05:00,24.809623109316014,24.98902474022858,24.21471150758302,24.354145050048828,680800,0.0,0.0
2022-02-23 00:00:00-05:00,24.521463555229506,24.521463555229506,23.108552628627304,23.155029296875,693100,0.0,0.0
2022-02-24 00:00:00-05:00,22.318435933401293,24.540053915502455,22.08604905584356,24.4099178314209,1085200,0.0,0.0
2022-02-25 00:00:00-05:00,24.56794123904944,24.939759892482048,23.870780598999097,24.512168884277344,779200,0.0,0.0
2022-02-28 00:00:00-05:00,24.19612060744228,25.339463538136773,24.168233545850565,24.958349227905273,651900,0.0,0.0
2022-03-01 00:00:00-05:00,24.911872248193482,25.488192477314847,24.660895771080916,24.97694206237793,674600,0.0,0.0
2022-03-02 00:00:00-05:00,25.153554487766762,25.47889646262963,24.698076432147193,25.097782135009766,538100,0.0,0.0
2022-03-03 00:00:00-05:00,25.33946631326505,25.571853199733397,24.50287387657325,24.67019271850586,449000,0.0,0.0
2022-03-04 00:00:00-05:00,24.512168533773277,24.90722551496433,23.443187482604692,23.712757110595703,519000,0.0,0.0
2022-03-07 00:00:00-05:00,23.815007732006414,23.815007732006414,22.24407196044922,22.24407196044922,524500,0.0,0.0
2022-03-08 00:00:00-05:00,22.132524290739234,22.27195605366185,21.221568215142344,21.732818603515625,996600,0.0,0.0
2022-03-09 00:00:00-05:00,22.550820053621216,23.387412355942864,22.271954770866696,23.006298065185547,487200,0.0,0.0
2022-03-10 00:00:00-05:00,22.364913549589154,23.089961276632554,22.234777459980563,23.080665588378906,467600,0.0,0.0
2022-03-11 00:00:00-05:00,23.331645049648653,23.396713097792116,22.253369978487832,22.299846649169922,327000,0.0,0.0
2022-03-14 00:00:00-04:00,22.420687943982706,22.420687943982706,21.681697562314234,21.890844345092773,339500,0.0,0.0
2022-03-15 00:00:00-04:00,22.095345721839696,22.62518754245147,21.783946370182008,22.086050033569336,851600,0.0,0.0
2022-03-16 00:00:00-04:00,22.52293668006734,23.33164382756449,22.426263649897432,23.155029296875,547500,0.0,0.0
2022-03-17 00:00:00-04:00,22.885461925803043,23.283307817217004,22.68096032594898,22.98771095275879,322600,0.0,0.0
2022-03-18 00:00:00-04:00,22.98770924423498,23.52684672319296,22.52293549434117,23.313051223754883,1002600,0.0,0.0
2022-03-21 00:00:00-04:00,23.39671105073136,23.39671105073136,22.188299989011757,22.448572158813477,420000,0.0,0.0
2022-03-22 00:00:00-04:00,22.708846671043563,23.303756528904216,22.667016960852035,22.97841453552246,385300,0.0,0.0
2022-03-23 00:00:00-04:00,22.801801973017653,22.862221287051476,22.26266446651482,22.38350486755371,338000,0.0,0.0
2022-03-24 00:00:00-04:00,22.541528952862496,22.690256424734397,22.090697806454425,22.643779754638672,273300,0.0,0.0
2022-03-25 00:00:00-04:00,22.866870907387757,22.987711313128475,22.392801427073287,22.79250717163086,312900,0.0,0.0
2022-03-28 00:00:00-04:00,22.88546213915621,22.95053018590864,22.039572212460694,22.39280128479004,236200,0.0,0.0
2022-03-29 00:00:00-04:00,22.801800513597463,23.582620545173246,22.662366972053043,23.359527587890625,492100,0.0,0.0
2022-03-30 00:00:00-04:00,23.266575958996,23.29446125096726,22.522936850603532,22.634483337402344,334300,0.0,0.0
2022-03-31 00:00:00-04:00,22.59729848899737,22.91334477049141,22.21153721106767,22.23477554321289,533300,0.0,0.0
2022-04-01 00:00:00-04:00,22.392799739472363,22.792505453906692,22.216185215495784,22.671663284301758,475300,0.0,0.0
2022-04-04 00:00:00-04:00,22.662367553398234,22.99700522493531,22.132525755445315,22.820390701293945,620900,0.0,0.0
2022-04-05 00:00:00-04:00,22.913343712856072,23.108549594401996,22.132523732614406,22.94123077392578,1482400,0.0,0.0
2022-04-06 00:00:00-04:00,22.62518585741902,22.857572727957034,21.779297790498326,22.18829917907715,610400,0.0,0.0
2022-04-07 00:00:00-04:00,22.169709357192694,22.54152802150995,21.66310587300692,22.38350486755371,1105100,0.0,0.0
2022-04-08 00:00:00-04:00,22.309138771364594,22.838980533509133,21.928024459191466,22.476457595825195,777200,0.0,0.0
2022-04-11 00:00:00-04:00,22.37420757214694,22.37420757214694,21.788593439534328,21.816478729248047,677000,0.0,0.0
2022-04-12 00:00:00-04:00,22.318435220945116,22.76461758609971,21.93732089575418,22.337026596069336,488900,0.0,0.0
2022-04-13 00:00:00-04:00,22.244073090056148,22.560119397968624,22.081401205499617,22.38350486755371,426300,0.0,0.0
2022-04-14 00:00:00-04:00,22.53223149032894,22.8203907227731,21.73282006222513,21.75141143798828,355700,0.0,0.0
2022-04-18 00:00:00-04:00,21.732817901621427,21.78859202336601,21.34240791426435,21.57479476928711,415200,0.0,0.0
2022-04-19 00:00:00-04:00,21.602682191453695,23.424596087247686,21.453954743589414,23.266572952270508,935200,0.0,0.0
2022-04-20 00:00:00-04:00,23.4153011983141,23.44318648763231,22.40209431709366,22.457866668701172,499700,0.0,0.0
2022-04-21 00:00:00-04:00,22.848278502005638,23.210801475885134,21.770003495568623,21.909435272216797,323200,0.0,0.0
2022-04-22 00:00:00-04:00,21.714232535395915,22.048868466269248,21.202980290858623,21.30523109436035,356000,0.0,0.0
2022-04-25 00:00:00-04:00,21.017069763120915,22.02098100274748,20.87763621827934,21.974502563476562,419000,0.0,0.0
2022-04-26 00:00:00-04:00,21.72352840347031,21.72352840347031,20.73820666134408,20.85904884338379,427700,0.0,0.0
2022-04-27 00:00:00-04:00,20.775387585015867,21.175093305339193,20.533705015216384,20.635955810546875,510000,0.0,0.0
2022-04-28 00:00:00-04:00,20.952004319606278,21.24016358693914,20.273433205863043,21.063549041748047,579000,0.0,0.0
2022-04-29 00:00:00-04:00,20.942705339569006,21.463251431362913,20.728908071946787,20.821863174438477,727000,0.0,0.0
2022-05-02 00:00:00-04:00,20.793978323613604,21.370296779876888,20.598772426964253,21.323820114135742,427400,0.0,0.0
2022-05-03 00:00:00-04:00,21.435361946172222,21.588738113895126,20.66383769673714,20.840452194213867,444100,0.0,0.0
2022-05-04 00:00:00-04:00,20.784684658344045,21.667753804151747,20.319910863822727,21.6491641998291,478900,0.0,0.0
2022-05-05 00:00:00-04:00,21.25875367816727,21.35170701666851,20.166534221064847,20.524410247802734,449700,0.0,0.0
2022-05-06 00:00:00-04:00,20.45933969110422,20.505816354651703,19.622747336452047,19.994565963745117,427300,0.0,0.0
2022-05-09 00:00:00-04:00,19.622747913183257,19.845839096115963,18.219131002548608,18.31208610534668,679300,0.0,0.0
2022-05-10 00:00:00-04:00,18.423633532745793,18.981362458977443,16.74487075905764,17.103675842285156,1242000,0.0,0.0
2022-05-11 00:00:00-04:00,17.001424589988595,17.726470503750193,16.598929998542292,16.676082611083984,772700,0.0,0.0
2022-05-12 00:00:00-04:00,16.462285471123057,17.76365339717977,16.28102399122876,17.224515914916992,977600,0.0,0.0
2022-05-13 00:00:00-04:00,17.57774388362327,18.00533667504013,17.41507377290401,17.85660743713379,753100,0.0,0.0
2022-05-16 00:00:00-04:00,17.717174958122794,17.870551147554067,17.2059245392942,17.224515914916992,531300,0.0,0.0
2022-05-17 00:00:00-04:00,17.652106361627343,17.88449323069506,17.131560271347563,17.614925384521484,585200,0.0,0.0
2022-05-18 00:00:00-04:00,17.354653725763335,17.805484878148956,16.82481187857312,16.973539352416992,670100,0.0,0.0
2022-05-19 00:00:00-04:00,16.85269442375388,17.884492656647136,16.85269442375388,17.55915069580078,901700,0.0,0.0
2022-05-20 00:00:00-04:00,17.921676091628647,18.144767274557083,17.089730669707055,17.79153823852539,1347100,0.0,0.0
2022-05-23 00:00:00-04:00,18.014628916505327,18.312085591710005,17.48478715028033,18.033220291137695,1523200,0.0,0.0
2022-05-24 00:00:00-04:00,17.921677689785255,18.014631027899497,17.13156190501526,17.438312530517578,891400,0.0,0.0
2022-05-25 00:00:00-04:00,17.45690220590851,18.079699084618518,17.29423033412069,17.763652801513672,712800,0.0,0.0
2022-05-26 00:00:00-04:00,17.810132075419705,18.470111800822682,17.810132075419705,18.247018814086914,914200,0.0,0.0
2022-05-27 00:00:00-04:00,18.516584530523385,19.362472534179688,18.460812182197415,19.362472534179688,1022000,0.0,0.0
2022-05-31 00:00:00-04:00,19.250928110542503,19.33458752840826,18.776860439931447,18.841928482055664,826100,0.0,0.0
2022-06-01 00:00:00-04:00,18.85122619624324,19.055726032468332,18.27490589710509,18.544475555419922,568000,0.0,0.0
2022-06-02 00:00:00-04:00,18.572357367402507,19.13008618424643,18.544472078991483,19.04642677307129,506200,0.0,0.0
2022-06-03 00:00:00-04:00,18.70249877489153,18.869815856125456,18.479405787303552,18.795452117919922,580700,0.0,0.0
2022-06-06 00:00:00-04:00,19.176565844591504,19.44334661063947,18.916293656224035,19.3345890045166,709200,0.0,0.0
2022-06-07 00:00:00-04:00,18.972064693749953,19.455429828449986,18.804745856894467,19.390361785888672,700600,0.0,0.0
2022-06-08 00:00:00-04:00,19.334590072304177,19.539091686425515,19.046430802281233,19.223045349121094,461200,0.0,0.0
2022-06-09 00:00:00-04:00,19.092906184657245,19.116144517177958,18.628132442358535,18.711790084838867,478500,0.0,0.0
2022-06-10 00:00:00-04:00,18.25631508881985,18.460816704395164,17.893792076440228,18.228429794311523,666800,0.0,0.0
2022-06-13 00:00:00-04:00,17.670695020528306,17.717171678009546,16.787624344618077,16.936351776123047,649500,0.0,0.0
2022-06-14 00:00:00-04:00,16.964242009605616,17.094378093287435,16.50876394374809,16.62960433959961,860100,0.0,0.0
2022-06-15 00:00:00-04:00,16.852696868249403,17.26169830043851,16.5459462373504,17.020015716552734,981400,0.0,0.0
2022-06-16 00:00:00-04:00,16.592423245702896,16.592423245702896,15.932443598117159,16.006807327270508,723500,0.0,0.0
2022-06-17 00:00:00-04:00,16.127647577931956,16.964239874692467,15.90920337383864,16.82480812072754,1147500,0.0,0.0
2022-06-21 00:00:00-04:00,17.215218024941272,17.559149565111483,17.057194898304143,17.2709903717041,650700,0.0,0.0
2022-06-22 00:00:00-04:00,17.047902185033013,17.596335380604913,17.03860649678944,17.48478889465332,761700,0.0,0.0
2022-06-23 00:00:00-04:00,17.59633386502569,18.265607404176713,17.373242685308686,18.209835052490234,624700,0.0,0.0
2022-06-24 00:00:00-04:00,18.507289256371436,19.436836689732015,18.31208514639181,19.418245315551758,2471600,0.0,0.0
2022-06-27 00:00:00-04:00,19.501906539736865,19.613453022219307,18.934883758283753,19.241634368896484,507800,0.0,0.0
2022-06-28 00:00:00-04:00,19.343884002964945,19.422896466594217,18.27490467594908,18.330677032470703,632100,0.0,0.0
2022-06-29 00:00:00-04:00,18.497995033765196,18.497995033765196,17.884493821014082,18.14476776123047,429600,0.0,0.0
2022-06-30 00:00:00-04:00,17.838013856748137,18.31208321039892,17.514530008312548,17.977445602416992,400300,0.0,0.0
2022-07-01 00:00:00-04:00,17.84731066324797,18.31208435996827,17.78224085641153,18.265605926513672,355900,0.0,0.0
2022-07-05 00:00:00-04:00,17.930969124369913,18.981356843426997,17.540559168805952,18.972061157226562,475200,0.0,0.0
2022-07-06 00:00:00-04:00,19.05572343316476,19.408950697184423,19.0371320579608,19.232337951660156,357200,0.0,0.0
2022-07-07 00:00:00-04:00,19.362473899382167,19.84583901354413,19.3578269420986,19.752883911132812,541400,0.0,0.0
2022-07-08 00:00:00-04:00,19.7528848762711,19.87837400471219,19.269519738491613,19.492610931396484,241600,0.0,0.0
2022-07-11 00:00:00-04:00,19.2416343002283,19.511202158061135,18.981360357345572,19.01854133605957,382200,0.0,0.0
2022-07-12 00:00:00-04:00,18.962768106826477,19.36247380414945,18.85587036011912,18.981359481811523,371900,0.0,0.0
2022-07-13 00:00:00-04:00,18.637428060613995,18.89212425069661,18.358564498932648,18.83263397216797,261900,0.0,0.0
2022-07-14 00:00:00-04:00,18.563061988340515,19.10219943987705,18.36785787433968,18.925586700439453,278200,0.0,0.0
2022-07-15 00:00:00-04:00,19.35318003501743,19.47402221142746,18.930235963524886,19.05572509765625,431100,0.0,0.0
2022-07-18 00:00:00-04:00,19.306701200690487,19.561397361160598,18.674608643200926,18.804744720458984,363700,0.0,0.0
2022-07-19 00:00:00-04:00,19.167274057833662,19.483318639814662,19.06502324506329,19.43684196472168,331700,0.0,0.0
2022-07-20 00:00:00-04:00,19.390361909422083,19.622748790319392,19.269519738491613,19.492610931396484,463700,0.0,0.0
2022-07-21 00:00:00-04:00,19.59486200779325,19.59486200779325,19.120792551196896,19.520498275756836,476600,0.0,0.0
2022-07-22 00:00:00-04:00,19.650634196800034,19.72406889129197,18.869814130558993,19.120792388916016,376300,0.0,0.0
2022-07-25 00:00:00-04:00,19.037134710330754,19.037134710330754,18.64672464150885,18.795452117919922,299900,0.0,0.0
2022-07-26 00:00:00-04:00,18.59094933618473,18.730381101611897,18.29349443048115,18.358562469482422,240200,0.0,0.0
2022-07-27 00:00:00-04:00,18.628135694124175,19.00925008749954,18.521236154520277,18.953475952148438,327900,0.0,0.0
2022-07-28 00:00:00-04:00,18.94417715913284,19.157974430340918,18.702496370760475,19.037132263183594,624500,0.0,0.0
2022-07-29 00:00:00-04:00,19.176561429634287,19.65063080026613,18.86981086898673,19.622745513916016,664900,0.0,0.0
2022-08-01 00:00:00-04:00,19.288111786151745,19.73429418749902,18.95347409865566,19.650634765625,379000,0.0,0.0
2022-08-02 00:00:00-04:00,19.446134543720422,19.69711280420753,19.317856529741956,19.520498275756836,373900,0.0,0.0
2022-08-03 00:00:00-04:00,19.827244466689535,20.580177307128906,19.706404093965517,20.580177307128906,324800,0.0,0.0
2022-08-04 00:00:00-04:00,20.63595431604956,20.896226470083256,20.48722686432428,20.766090393066406,431400,0.0,0.0
2022-08-05 00:00:00-04:00,20.821863121670223,21.825774325499843,20.635954690129097,21.565502166748047,618200,0.0,0.0
2022-08-08 00:00:00-04:00,21.825776943297758,22.513641945742222,21.788595961718464,22.123231887817383,825500,0.0,0.0
2022-08-09 00:00:00-04:00,22.35561913401805,22.35561913401805,20.961297730075852,21.230867385864258,785800,0.0,0.0
2022-08-10 00:00:00-04:00,21.88155109708976,22.188301730554976,21.314526500422932,21.6491641998291,478400,0.0,0.0
2022-08-11 00:00:00-04:00,21.67704822529557,22.030277281341657,21.42606996541618,21.509729385375977,345100,0.0,0.0
2022-08-12 00:00:00-04:00,21.63057129795511,21.862958178836525,21.487419830446825,21.853662490844727,245700,0.0,0.0
2022-08-15 00:00:00-04:00,21.60268537295357,22.030278178264677,21.60268537295357,21.918731689453125,296500,0.0,0.0
2022-08-16 00:00:00-04:00,21.72352495386357,21.99309279573501,21.472546713762824,21.83506965637207,436800,0.0,0.0
2022-08-17 00:00:00-04:00,21.453956930213927,21.565503413966663,21.147206316107912,21.33311653137207,288600,0.0,0.0
2022-08-18 00:00:00-04:00,21.230867385864258,21.305231123155654,20.95200381426436,21.230867385864258,306000,0.0,0.0
2022-08-19 00:00:00-04:00,21.026361672915566,21.026361672915566,20.431450167940948,20.533700942993164,381400,0.0,0.0
2022-08-22 00:00:00-04:00,20.11540704747462,20.33849823155533,19.9480882161713,20.152589797973633,472800,0.0,0.0
2022-08-23 00:00:00-04:00,20.068932080938673,20.412863687309002,19.892317547062103,19.901613235473633,338200,0.0,0.0
2022-08-24 00:00:00-04:00,19.883022606891963,20.68243411065461,19.780773576459804,20.608070373535156,456400,0.0,0.0
2022-08-25 00:00:00-04:00,20.812567430809295,21.10537538232921,20.68243135145427,21.044954299926758,308600,0.0,0.0
2022-08-26 00:00:00-04:00,21.147202536397987,21.147202536397987,20.115404394743926,20.29201889038086,405200,0.0,0.0
2022-08-29 00:00:00-04:00,20.050338579469013,20.384976234939,20.050338579469013,20.096817016601562,355300,0.0,0.0
2022-08-30 00:00:00-04:00,20.292022323171672,20.62665999825826,20.013158775913645,20.087522506713867,443700,0.0,0.0
2022-08-31 00:00:00-04:00,20.208362904400026,20.6406026437298,20.00386308794222,20.087522506713867,522200,0.0,0.0
2022-09-01 00:00:00-04:00,19.910906550982794,20.003861651048826,19.418245761712562,19.994565963745117,448700,0.0,0.0
2022-09-02 00:00:00-04:00,20.44075101137658,20.691729282752174,19.929500553067456,20.003864288330078,405800,0.0,0.0
2022-09-06 00:00:00-04:00,20.087521757571484,20.254840588874803,19.790066845463862,20.152589797973633,517000,0.0,0.0
2022-09-07 00:00:00-04:00,20.152591309230814,21.110024157754395,20.152591309230814,20.868343353271484,600800,0.0,0.0
2022-09-08 00:00:00-04:00,20.62665921789391,21.44930895604449,20.49652136418861,21.29593276977539,480600,0.0,0.0
2022-09-09 00:00:00-04:00,21.39818443914766,21.937321932429857,21.39818443914766,21.779298782348633,471600,0.0,0.0
2022-09-12 00:00:00-04:00,21.91872996060682,22.355616646968976,21.788593878067278,22.318435668945312,748100,0.0,0.0
2022-09-13 00:00:00-04:00,21.593386143201972,21.77929633640858,21.42606732391022,21.57479476928711,452600,0.0,0.0
2022-09-14 00:00:00-04:00,21.500433952637426,21.928026745618467,21.323821195487938,21.611980438232422,549800,0.0,0.0
2022-09-15 00:00:00-04:00,21.42606723080171,21.965204661192818,21.24015881137398,21.249454498291016,395700,0.0,0.0
2022-09-16 00:00:00-04:00,20.896230998984375,21.021720146007283,19.93879804261705,20.226957321166992,1657000,0.0,0.0
2022-09-19 00:00:00-04:00,19.975973656305708,20.32455393554714,19.762178177217336,20.254838943481445,930500,0.0,0.0
2022-09-20 00:00:00-04:00,19.994567363496603,20.092169427561746,19.213747305033074,19.241634368896484,735700,0.0,0.0
2022-09-21 00:00:00-04:00,19.38106622142965,20.059635488136696,19.17656463153845,19.492610931396484,787700,0.0,0.0
2022-09-22 00:00:00-04:00,19.455431467490417,19.455431467490417,18.39574777542657,18.590951919555664,536100,0.0,0.0
2022-09-23 00:00:00-04:00,18.27490540235024,18.395747581416842,17.986746147068153,18.33997344970703,735600,0.0,0.0
2022-09-26 00:00:00-04:00,18.29349183818418,19.009243711714046,17.977445602416992,17.977445602416992,635400,0.0,0.0
2022-09-27 00:00:00-04:00,18.22842831088563,18.65601933961597,18.10758613461225,18.28420066833496,329300,0.0,0.0
2022-09-28 00:00:00-04:00,18.29349367395412,19.297404825672526,18.29349367395412,19.167268753051758,601500,0.0,0.0
2022-09-29 00:00:00-04:00,18.888405318511406,19.269519659788703,18.609541771762085,19.241634368896484,557000,0.0,0.0
2022-09-30 00:00:00-04:00,19.195154919834106,19.87837287830858,19.074314528722226,19.204450607299805,733100,0.0,0.0
2022-10-03 00:00:00-04:00,19.436841793293205,19.53909260516175,18.39574938743191,19.185863494873047,687600,0.0,0.0
2022-10-04 00:00:00-04:00,19.576269410774724,20.840454549531035,19.427541955976466,20.821863174438477,614000,0.0,0.0
2022-10-05 00:00:00-04:00,20.403569095904764,20.793979131398594,20.20836319167224,20.5894775390625,450000,0.0,0.0
2022-10-06 00:00:00-04:00,20.45004538324226,20.900876496541787,20.273430858500507,20.384977340698242,302100,0.0,0.0
2022-10-07 00:00:00-04:00,20.068929908890368,20.09681697110677,19.63204323865997,19.72499656677246,338400,0.0,0.0
2022-10-10 00:00:00-04:00,19.817951722049944,19.817951722049944,19.232337597672846,19.50190544128418,281100,0.0,0.0
2022-10-11 00:00:00-04:00,19.44613095235154,19.450777909070695,18.906993551414214,19.102197647094727,374500,0.0,0.0
2022-10-12 00:00:00-04:00,19.20445092779651,19.223042303038174,18.860519350681415,19.08361053466797,352300,0.0,0.0
2022-10-13 00:00:00-04:00,18.5351785437829,19.17656507329537,18.37715539021362,18.99995231628418,642400,0.0,0.0
2022-10-14 00:00:00-04:00,19.334589257872658,19.553033509947493,18.656019939349495,18.665315628051758,453800,0.0,0.0
2022-10-17 00:00:00-04:00,19.24163117026183,19.474018011579144,19.08360804724722,19.102197647094727,486600,0.0,0.0
2022-10-18 00:00:00-04:00,19.73429319731401,19.864431054238963,18.814041375845452,18.99065589904785,645900,0.0,0.0
2022-10-19 00:00:00-04:00,18.79544944854864,18.989726304855353,18.219131002548608,18.31208610534668,473600,0.0,0.0
2022-10-20 00:00:00-04:00,18.377156685178008,18.64672457027907,18.17730380708193,18.247018814086914,691000,0.0,0.0
2022-10-21 00:00:00-04:00,18.312086812626713,18.525882316240068,17.707879507588096,18.3957462310791,649900,0.0,0.0
2022-10-24 00:00:00-04:00,18.442224750821694,18.58165653792841,17.940268189671883,18.544475555419922,447100,0.0,0.0
2022-10-25 00:00:00-04:00,18.67460668936451,20.3199059495775,18.67460668936451,20.29201889038086,472400,0.0,0.0
2022-10-26 00:00:00-04:00,20.459340580706595,21.091433161074665,20.315260080690855,20.552295684814453,419100,0.0,0.0
2022-10-27 00:00:00-04:00,20.72890805319511,21.24016022995136,20.72890805319511,20.89622688293457,479300,0.0,0.0
2022-10-28 00:00:00-04:00,20.86834337238582,21.570150998100914,20.738205508732058,21.268047332763672,342300,0.0,0.0
2022-10-31 00:00:00-04:00,21.12861272530997,21.677045852584765,21.063544688679237,21.528318405151367,521900,0.0,0.0
2022-11-01 00:00:00-04:00,21.90943458603273,22.030276755522046,21.55155858096233,21.75141143798828,292100,0.0,0.0
2022-11-02 00:00:00-04:00,21.704934564949276,21.849013293314332,20.431453704833984,20.431453704833984,480200,0.0,0.0
2022-11-03 00:00:00-04:00,20.10611404830077,20.505819804755454,19.97597795009557,20.013160705566406,277200,0.0,0.0
2022-11-04 00:00:00-04:00,20.3013169147257,20.375680641509742,19.74358807735983,20.347793579101562,518700,0.0,0.0
2022-11-07 00:00:00-05:00,20.589479185734717,21.017072007840156,20.22509633860037,20.85904884338379,520800,0.0,0.0
2022-11-08 00:00:00-05:00,21.01706980317039,21.374945807868134,20.570885650175217,20.831159591674805,379000,0.0,0.0
2022-11-09 00:00:00-05:00,20.71032052378002,20.780035527834464,20.264136342163628,20.375682830810547,272100,0.0,0.0
2022-11-10 00:00:00-05:00,21.928026664736404,23.424598775193044,21.872254308630243,22.75532341003418,1272300,0.0,0.0
2022-11-11 00:00:00-05:00,22.84827764561924,23.926552611640954,22.84827764561924,23.712757110595703,858600,0.0,0.0
2022-11-14 00:00:00-05:00,23.526847986726576,23.731349582364363,23.03418892008191,23.080665588378906,875100,0.0,0.0
2022-11-15 00:00:00-05:00,23.61980135452956,23.750868244378307,23.14108496908106,23.406005859375,952500,0.0,0.0
2022-11-16 00:00:00-05:00,23.192208690147197,23.50825495276748,22.857571053732546,23.062070846557617,674100,0.0,0.0
2022-11-17 00:00:00-05:00,22.69955105392802,22.820391454319907,22.104641194205684,22.75532341003418,614600,0.0,0.0
2022-11-18 00:00:00-05:00,23.480368911173446,23.480368911173446,21.695637727785858,21.881547927856445,993500,0.0,0.0
2022-11-21 00:00:00-05:00,21.788594943995353,21.983799077354323,21.240161750789802,21.686344146728516,945800,0.0,0.0
2022-11-22 00:00:00-05:00,21.695639500868847,22.044219824760738,21.007774541145398,21.33311653137207,1224500,0.0,0.0
2022-11-23 00:00:00-05:00,21.453957053107036,22.151117704884307,21.258752921635587,21.435365676879883,884100,0.0,0.0
2022-11-25 00:00:00-05:00,21.249455179552353,21.551557035671976,21.035657919548147,21.481842041015625,360900,0.0,0.0
2022-11-28 00:00:00-05:00,21.11931915568771,21.407480165331148,20.21765869359913,20.264135360717773,875800,0.0,0.0
2022-11-29 00:00:00-05:00,20.264137516855996,21.137912780833027,20.20836515578511,21.063549041748047,614700,0.0,0.0
2022-11-30 00:00:00-05:00,21.082138644572264,21.58409339788667,20.7772460989169,21.537616729736328,668500,0.0,0.0
2022-12-01 00:00:00-05:00,21.59339060146,22.05630633347208,21.542265199124078,21.807186126708984,396100,0.0,0.0
2022-12-02 00:00:00-05:00,21.370296256231644,21.77929764202218,21.370296256231644,21.63986587524414,348400,0.0,0.0
2022-12-05 00:00:00-05:00,21.416775015376945,21.47254736833136,20.970590872828243,20.998477935791016,411700,0.0,0.0
2022-12-06 00:00:00-05:00,20.914818103936824,21.249455760950564,20.189770438064084,20.347793579101562,318100,0.0,0.0
2022-12-07 00:00:00-05:00,20.319908838714515,20.45469187823484,19.95273715212236,19.95738410949707,447500,0.0,0.0
2022-12-08 00:00:00-05:00,20.050340251478737,20.310614202212136,19.817953365350384,19.920204162597656,348900,0.0,0.0
2022-12-09 00:00:00-05:00,19.67852116711321,20.003863155324268,19.67852116711321,19.864431381225586,533200,0.0,0.0
2022-12-12 00:00:00-05:00,19.762176782904515,20.096814394716773,19.53908563268663,19.938791275024414,526100,0.0,0.0
2022-12-13 00:00:00-05:00,20.951999917889793,21.2029763764679,20.221374517578194,20.459339141845703,426600,0.0,0.0
2022-12-14 00:00:00-05:00,20.292021097672816,20.64524835439856,20.059634231335306,20.24554443359375,508500,0.0,0.0
2022-12-15 00:00:00-05:00,19.9387945273813,19.98062423568097,19.566974110063725,19.883020401000977,809500,0.0,0.0
2022-12-16 00:00:00-05:00,19.511203850934727,19.604158965241673,18.962770626792214,19.28811264038086,1050000,0.0,0.0
2022-12-19 00:00:00-05:00,19.148680080985613,19.288111860321393,18.409689700237582,18.581655502319336,894000,0.0,0.0
2022-12-20 00:00:00-05:00,18.553767577821894,19.19515586062182,18.497995223265303,19.01854133605957,650100,0.0,0.0
2022-12-21 00:00:00-05:00,19.213749931539283,19.26952229391895,18.916294968219137,18.953475952148438,513500,0.0,0.0
2022-12-22 00:00:00-05:00,18.721087987294002,18.869815460587535,18.534248722212592,18.665315628051758,564900,0.0,0.0
2022-12-23 00:00:00-05:00,18.525883145179275,18.683906301218833,18.349268612435946,18.581655502319336,445000,0.0,0.0
2022-12-27 00:00:00-05:00,18.516589113545894,18.730384645854247,18.284202202870354,18.479406356811523,497400,0.0,0.0
2022-12-28 00:00:00-05:00,18.54447390835864,18.767565102509405,18.186597897021617,18.20054054260254,442000,0.0,0.0
2022-12-29 00:00:00-05:00,18.395747880244762,19.083612892431187,18.284201387984453,19.065021514892578,642200,0.0,0.0
2022-12-30 00:00:00-05:00,18.804744196202446,19.223041251400346,18.776858907836605,19.195154190063477,453700,0.0,0.0
2023-01-03 00:00:00-05:00,19.539088282829297,19.808656127707433,18.851223366451006,19.13008689880371,387400,0.0,0.0
2023-01-04 00:00:00-05:00,19.381064526805332,19.920201972427616,19.276955667146943,19.892314910888672,378300,0.0,0.0
2023-01-05 00:00:00-05:00,19.65992998138199,19.771476465523232,19.274168676876425,19.743589401245117,490900,0.0,0.0
2023-01-06 00:00:00-05:00,19.938795023056095,20.180475818161053,19.618099993795823,20.16188621520996,316500,0.0,0.0
2023-01-09 00:00:00-05:00,20.384976852014535,20.849750599582688,20.375681164306638,20.552295684814453,259500,0.0,0.0
2023-01-10 00:00:00-05:00,20.39427198005509,20.710318261566066,20.384976292602285,20.49652099609375,262000,0.0,0.0
2023-01-11 00:00:00-05:00,20.68243192422548,21.026365280151367,20.468636424229707,21.026365280151367,366600,0.0,0.0
2023-01-12 00:00:00-05:00,21.07284226418136,21.509728958546646,20.88693205174399,21.453956604003906,558700,0.0,0.0
2023-01-13 00:00:00-05:00,21.240160831267634,21.94661714740587,21.137910038427407,21.87225341796875,312600,0.0,0.0
2023-01-17 00:00:00-05:00,21.872252763113455,22.09534394474547,21.379591962235814,21.565502166748047,476000,0.0,0.0
2023-01-18 00:00:00-05:00,21.584093446985104,21.64916326470334,21.249457535004705,21.38888931274414,372800,0.0,0.0
2023-01-19 00:00:00-05:00,21.091432999933055,21.221569080907113,20.859046127924447,21.147205352783203,309100,0.0,0.0
2023-01-20 00:00:00-05:00,21.249459399101884,21.546914357165758,20.793981272945153,21.463254928588867,401600,0.0,0.0
2023-01-23 00:00:00-05:00,21.453957308688718,21.639867527232568,21.09143433279658,21.537616729736328,462900,0.0,0.0
2023-01-24 00:00:00-05:00,21.611981247995917,21.825776766011366,21.15650314627858,21.39818572998047,321300,0.0,0.0
2023-01-25 00:00:00-05:00,21.110023563866598,21.33311653137207,20.77538765855081,21.33311653137207,140000,0.0,0.0
2023-01-26 00:00:00-05:00,21.56550293571953,21.983798251330747,21.42606939087795,21.974502563476562,245000,0.0,0.0
2023-01-27 00:00:00-05:00,21.770000874822593,22.16970655327501,21.770000874822593,21.900136947631836,311600,0.0,0.0
2023-01-30 00:00:00-05:00,21.630568245298427,22.113933314829005,21.588738541724226,21.86295509338379,320700,0.0,0.0
2023-01-31 00:00:00-05:00,21.955912884114937,22.746026846280195,21.955912884114937,22.718141555786133,492000,0.0,0.0
2023-02-01 00:00:00-05:00,22.588005097456083,23.145733990486008,22.446715243544755,22.885461807250977,317800,0.0,0.0
2023-02-02 00:00:00-05:00,23.192209360539646,23.71275543103187,23.080662887520077,23.36882209777832,674100,0.0,0.0
2023-02-03 00:00:00-05:00,22.922643604779093,23.275872684573876,22.922643604779093,23.07137107849121,259800,0.0,0.0
2023-02-06 00:00:00-05:00,22.764619098213746,23.04813138229118,22.586146494891292,22.75532341003418,295100,0.0,0.0
2023-02-07 00:00:00-05:00,22.643778854265346,23.28516538634555,22.532232368311128,23.155029296875,287100,0.0,0.0
2023-02-08 00:00:00-05:00,22.85757434086766,23.25728007007307,22.662368433896333,23.229393005371094,357900,0.0,0.0
2023-02-09 00:00:00-05:00,23.554734108787013,23.684870193187336,22.653073659924004,22.74602699279785,250000,0.0,0.0
2023-02-10 00:00:00-05:00,22.485754888647364,22.77391412192138,22.31843605223949,22.52293586730957,166000,0.0,0.0
2023-02-13 00:00:00-05:00,22.662368831661986,22.997006522074198,22.45322204812563,22.885461807250977,162200,0.0,0.0
2023-02-14 00:00:00-05:00,22.61588840608432,23.15502583276769,22.522933310524223,22.811094284057617,220700,0.0,0.0
2023-02-15 00:00:00-05:00,22.625188657354855,23.099258144676483,22.588005902441157,23.07137107849121,219400,0.0,0.0
2023-02-16 00:00:00-05:00,22.615891199790497,22.7925057258745,21.62127563226741,21.779298782348633,589800,0.0,0.0
2023-02-17 00:00:00-05:00,21.86295802996281,21.890843320777133,21.06354659782348,21.379592895507812,446900,0.0,0.0
2023-02-21 00:00:00-05:00,20.942703270180342,21.184385803589176,20.635952703348156,20.793975830078125,382000,0.0,0.0
2023-02-22 00:00:00-05:00,20.840454549531035,21.249455936711804,20.784682197224466,20.821863174438477,254000,0.0,0.0
2023-02-23 00:00:00-05:00,21.86295653707154,22.118581732251076,20.766090258003352,21.361000061035156,307000,0.0,0.0
2023-02-24 00:00:00-05:00,20.82186413942795,21.12861475078711,20.682432365714007,21.007774353027344,384000,0.0,0.0
2023-02-27 00:00:00-05:00,21.28663963766359,21.342411997106524,20.524410891048547,20.756797790527344,266600,0.0,0.0
2023-02-28 00:00:00-05:00,20.728909475892745,21.035660093811423,20.575535053419024,20.98918342590332,505400,0.0,0.0
2023-03-01 00:00:00-05:00,20.924115675700595,21.110024122916897,20.366386788109164,20.570886611938477,352400,0.0,0.0
2023-03-02 00:00:00-05:00,20.12470167665371,20.533703045776086,20.03174657826621,20.338497161865234,403700,0.0,0.0
2023-03-03 00:00:00-05:00,20.450043852717332,20.701022089150097,20.366384440573075,20.66383934020996,424500,0.0,0.0
2023-03-06 00:00:00-05:00,20.710317555415234,20.849749316510966,20.236248149312917,20.338497161865234,264500,0.0,0.0
2023-03-07 00:00:00-05:00,20.329205340287015,20.329205340287015,19.66457871191395,19.743589401245117,308300,0.0,0.0
2023-03-08 00:00:00-05:00,19.80865718648465,20.273430947228817,19.613453057998267,20.087522506713867,341100,0.0,0.0
2023-03-09 00:00:00-05:00,20.068930522080088,20.068930522080088,19.576269712364045,19.632043838500977,345300,0.0,0.0
2023-03-10 00:00:00-05:00,19.390363419447386,19.390363419447386,18.302792661234527,18.590951919555664,684400,0.0,0.0
2023-03-13 00:00:00-04:00,18.07040398982618,18.44222263715364,17.791538674602215,18.293495178222656,816800,0.0,0.0
2023-03-14 00:00:00-04:00,18.99065539400077,18.999951081603278,18.618836754756025,18.711790084838867,512000,0.0,0.0
2023-03-15 00:00:00-04:00,18.116882405417606,18.70249838286081,17.95885924342181,18.665315628051758,311300,0.0,0.0
2023-03-16 00:00:00-04:00,18.367859290552502,19.037132869692442,18.312086935533642,18.497995376586914,577900,0.0,0.0
2023-03-17 00:00:00-04:00,18.070408634557566,18.377159319069847,17.891934219589245,18.005340576171875,784700,0.0,0.0
2023-03-20 00:00:00-04:00,18.256312555704003,18.353916391854597,17.819425863635757,17.847312927246094,232000,0.0,0.0
2023-03-21 00:00:00-04:00,18.228426652311324,18.590949602203533,18.228426652311324,18.460813522338867,256000,0.0,0.0
2023-03-22 00:00:00-04:00,18.395746251419624,18.44222291817959,17.84731307339031,17.875198364257812,270000,0.0,0.0
2023-03-23 00:00:00-04:00,18.01462927212073,18.107584374146466,17.596333972461565,17.763652801513672,358600,0.0,0.0
2023-03-24 00:00:00-04:00,17.50337771068516,17.79153691219791,17.36394595337067,17.772947311401367,337200,0.0,0.0
2023-03-27 00:00:00-04:00,18.061108599665793,18.061108599665793,17.749709258479562,17.80083465576172,372300,0.0,0.0
2023-03-28 00:00:00-04:00,17.70787959368523,17.91238118332812,17.512675464994686,17.65210723876953,394600,0.0,0.0
2023-03-29 00:00:00-04:00,17.903083489626823,18.18659573589021,17.80083270626075,18.023923873901367,314400,0.0,0.0
2023-03-30 00:00:00-04:00,18.21912884194551,18.38644765254551,18.02392297192187,18.135469436645508,260700,0.0,0.0
2023-03-31 00:00:00-04:00,18.25631001176117,18.795447422302868,18.25631001176117,18.75826644897461,549900,0.0,0.0
2023-04-03 00:00:00-04:00,18.646722713465078,18.823337238305804,18.27025710340052,18.3957462310791,315100,0.0,0.0
2023-04-04 00:00:00-04:00,18.48869934593913,18.48869934593913,18.088993634274065,18.14476776123047,267800,0.0,0.0
2023-04-05 00:00:00-04:00,17.968153470748934,18.29349545698227,17.772949342791648,17.875198364257812,290800,0.0,0.0
2023-04-06 00:00:00-04:00,17.754358715938867,17.89379049507245,17.624220852172424,17.810131072998047,244900,0.0,0.0
2023-04-10 00:00:00-04:00,17.698583318769945,17.838015073953148,17.43830940891593,17.670696258544922,396500,0.0,0.0
2023-04-11 00:00:00-04:00,17.763656062727865,17.819428424994065,17.53126915148536,17.707881927490234,403800,0.0,0.0
2023-04-12 00:00:00-04:00,17.986744607789223,17.986744607789223,17.140856518598106,17.1501522064209,378900,0.0,0.0
2023-04-13 00:00:00-04:00,17.178037136634792,17.559151464520077,17.150151846722437,17.419719696044922,293800,0.0,0.0
2023-04-14 00:00:00-04:00,17.438309196636634,17.64280898355119,17.150150003036362,17.196626663208008,296500,0.0,0.0
2023-04-17 00:00:00-04:00,17.001423472340786,17.77294777406772,16.973536410963536,17.67999267578125,644000,0.0,0.0
2023-04-18 00:00:00-04:00,17.754358897367624,17.819426943430134,17.154800290698034,17.28958511352539,250900,0.0,0.0
2023-04-19 00:00:00-04:00,16.945650103164564,17.549855609439263,16.945650103164564,17.466197967529297,278600,0.0,0.0
2023-04-20 00:00:00-04:00,17.4383109049119,17.577742672056658,17.266345117865733,17.466197967529297,271100,0.0,0.0
2023-04-21 00:00:00-04:00,17.540560190103395,17.72646860602401,17.35465000121182,17.670696258544922,274500,0.0,0.0
2023-04-24 00:00:00-04:00,17.726469787213748,17.726469787213748,17.438310570904402,17.661401748657227,279100,0.0,0.0
2023-04-25 00:00:00-04:00,17.456901064944706,17.56844576170827,16.84339991383214,16.954944610595703,398200,0.0,0.0
2023-04-26 00:00:00-04:00,16.80622116512071,17.038608073804888,16.406515398508503,16.434402465820312,324300,0.0,0.0
2023-04-27 00:00:00-04:00,16.592423194423624,16.68537829882082,16.34144494444254,16.676082611083984,262000,0.0,0.0
2023-04-28 00:00:00-04:00,16.63889834814729,17.057195393438125,16.63889834814729,16.954944610595703,292600,0.0,0.0
2023-05-01 00:00:00-04:00,16.927058261901728,17.187332186915945,16.90846866030655,17.038604736328125,197600,0.0,0.0
2023-05-02 00:00:00-04:00,16.880582592104115,16.97818465486548,16.462285504596608,16.62960433959961,261800,0.0,0.0
2023-05-03 00:00:00-04:00,16.722559749515586,16.88987858756613,16.545945223465434,16.583127975463867,292500,0.0,0.0
2023-05-04 00:00:00-04:00,16.406514221958727,16.545946002575967,16.276378129778802,16.443696975708008,228900,0.0,0.0
2023-05-05 00:00:00-04:00,16.71326208384778,16.964240311225524,16.71326208384778,16.88058090209961,259900,0.0,0.0
2023-05-08 00:00:00-04:00,16.88987962252628,17.047902782260394,16.73185646279217,17.020015716552734,183300,0.0,0.0
2023-05-09 00:00:00-04:00,16.843403256046436,17.057198778075588,16.731856764177863,16.973539352416992,309700,0.0,0.0
2023-05-10 00:00:00-04:00,16.676081449128468,16.91776399453277,16.127648321666985,16.611013412475586,503300,0.0,0.0
2023-05-11 00:00:00-04:00,16.536653970544833,16.573834955557544,16.304267052058062,16.518062591552734,321200,0.0,0.0
2023-05-12 00:00:00-04:00,16.545944880334453,16.861991173882135,16.34144506749761,16.778331756591797,651200,0.0,0.0
2023-05-15 00:00:00-04:00,16.83410374955054,17.38253684983647,16.750444342864824,17.196626663208008,1047700,0.0,0.0
2023-05-16 00:00:00-04:00,17.057196287892086,17.679993158555323,17.04790060051251,17.51267433166504,604500,0.0,0.0
2023-05-17 00:00:00-04:00,17.642810783239767,17.912380404051905,17.308174895332677,17.79153823852539,592400,0.0,0.0
2023-05-18 00:00:00-04:00,18.061109093546776,18.26560891529626,17.72647140980104,18.079700469970703,668400,0.0,0.0
2023-05-19 00:00:00-04:00,18.247016928479066,18.37715478612199,18.005336134937593,18.172653198242188,378500,0.0,0.0
2023-05-22 00:00:00-04:00,18.302789608803682,18.711789206284013,18.168933841177687,18.67460823059082,446500,0.0,0.0
2023-05-23 00:00:00-04:00,18.544473165007552,18.925587494692962,18.135471772306943,18.19124412536621,431000,0.0,0.0
2023-05-24 00:00:00-04:00,17.996040042883934,18.172652790123188,17.782242771904553,18.042516708374023,380200,0.0,0.0
2023-05-25 00:00:00-04:00,17.949562072753906,18.16335934931158,17.84731305141365,17.949562072753906,524800,0.0,0.0
2023-05-26 00:00:00-04:00,18.033220046406377,18.49799376808165,18.00533475780733,18.45151710510254,528200,0.0,0.0
2023-05-30 00:00:00-04:00,18.609544232410396,18.711793267487064,18.228429840740223,18.479406356811523,453200,0.0,0.0
2023-05-31 00:00:00-04:00,18.488697088182903,18.683902962750324,18.256310239822753,18.265605926513672,679400,0.0,0.0
2023-06-01 00:00:00-04:00,18.284196823272175,18.61883444353833,18.070401353866977,18.507287979125977,704100,0.0,0.0
2023-06-02 00:00:00-04:00,18.8233389258047,19.21374898925876,18.553769270408903,19.065021514892578,606400,0.0,0.0
2023-06-05 00:00:00-04:00,18.925584802418793,19.136591386339717,18.702493648946596,18.851221084594727,356400,0.0,0.0
2023-06-06 00:00:00-04:00,18.84192869546438,19.418247166210268,18.762916234153504,19.092906951904297,947000,0.0,0.0
2023-06-07 00:00:00-04:00,19.195154221166863,19.771474412265494,19.027835398816585,19.04642677307129,538100,0.0,0.0
2023-06-08 00:00:00-04:00,18.906996567669434,19.0185412764329,18.590950271220983,18.693201065063477,530700,0.0,0.0
2023-06-09 00:00:00-04:00,18.72108654693377,18.776860674856202,18.47940397818348,18.572359085083008,354400,0.0,0.0
2023-06-12 00:00:00-04:00,18.55376952550909,18.8512262513026,18.507292853994894,18.795452117919922,449300,0.0,0.0
2023-06-13 00:00:00-04:00,18.972064303840053,19.31878654203556,18.600245659008948,18.73967742919922,275200,0.0,0.0
2023-06-14 00:00:00-04:00,18.702497506967806,18.934884394727007,18.563063955935284,18.62813377380371,331400,0.0,0.0
2023-06-15 00:00:00-04:00,18.488699434851096,18.851224169926436,18.488699434851096,18.841928482055664,313400,0.0,0.0
2023-06-16 00:00:00-04:00,19.037131350113935,19.055722724626623,18.55376625061035,18.55376625061035,650500,0.0,0.0
2023-06-20 00:00:00-04:00,18.54447499824324,18.618838733997286,18.32603074879077,18.48870086669922,529700,0.0,0.0
2023-06-21 00:00:00-04:00,18.37715478612199,18.637426955465475,18.144767907510346,18.172653198242188,494800,0.0,0.0
2023-06-22 00:00:00-04:00,18.098290145164157,18.507291563255627,17.949562679125666,18.330677032470703,481400,0.0,0.0
2023-06-23 00:00:00-04:00,18.126178741455078,18.256314841991603,17.968155573815846,18.126178741455078,1084000,0.0,0.0
2023-06-26 00:00:00-04:00,18.079701260279855,18.669962417285813,18.079701260279855,18.33997344970703,410700,0.0,0.0
2023-06-27 00:00:00-04:00,18.228424952720943,18.563060808739312,18.14476554547361,18.265605926513672,438100,0.0,0.0
2023-06-28 00:00:00-04:00,18.18194577374776,18.45616231448781,18.07040108397231,18.40503692626953,420200,0.0,0.0
2023-06-29 00:00:00-04:00,18.47011151218594,18.82333881855011,18.405041691171572,18.590951919555664,281900,0.0,0.0
2023-06-30 00:00:00-04:00,18.82333654370669,18.906995959071967,18.525881632617324,18.78615379333496,800000,0.0,0.0
2023-07-03 00:00:00-04:00,18.609539427226267,19.06501744178441,18.609539427226267,18.888402938842773,137000,0.0,0.0
2023-07-05 00:00:00-04:00,18.693203745729026,19.176567174638546,18.625346810059476,18.953475952148438,479600,0.0,0.0
2023-07-06 00:00:00-04:00,18.69320370044577,18.730384684285006,18.442225410888092,18.702499389648438,334800,0.0,0.0
2023-07-07 00:00:00-04:00,18.767561850348397,18.990653005840525,18.721083418180722,18.730379104614258,265800,0.0,0.0
2023-07-10 00:00:00-04:00,18.721086436108,19.018541358048637,18.651371436074452,18.944177627563477,219600,0.0,0.0
2023-07-11 00:00:00-04:00,18.999950375755063,19.1765631147282,18.82333586381087,19.148677825927734,242700,0.0,0.0
2023-07-12 00:00:00-04:00,19.511203487172356,19.55303319918205,19.18586147964931,19.48331642150879,298400,0.0,0.0
2023-07-13 00:00:00-04:00,19.669227178589715,19.734295227259757,19.520499703637803,19.613454818725586,166400,0.0,0.0
2023-07-14 00:00:00-04:00,19.62274911986173,19.62274911986173,19.24163477062745,19.37177085876465,298100,0.0,0.0
2023-07-17 00:00:00-04:00,19.436840306184138,19.622750536635444,19.343885190958485,19.539091110229492,219200,0.0,0.0
2023-07-18 00:00:00-04:00,19.5390874292289,19.780769974096085,19.52979174216043,19.64133644104004,252500,0.0,0.0
2023-07-19 00:00:00-04:00,19.845841272330798,20.07822816832303,19.780773225128385,20.031749725341797,269900,0.0,0.0
2023-07-20 00:00:00-04:00,20.068930522080088,20.133998562935368,19.60415677543251,19.632043838500977,382300,0.0,0.0
2023-07-21 00:00:00-04:00,19.752882518403442,19.938792710117987,19.33458547353121,19.362472534179688,293800,0.0,0.0
2023-07-24 00:00:00-04:00,19.297406506204037,19.455429653706993,18.944177459799235,18.99065589904785,215700,0.0,0.0
2023-07-25 00:00:00-04:00,18.95347290773388,19.06501938754742,18.78615407449914,18.814041137695312,229300,0.0,0.0
2023-07-26 00:00:00-04:00,18.80474690681132,19.06502086455952,18.786155529906885,18.83263397216797,189200,0.0,0.0
2023-07-27 00:00:00-04:00,18.990658624080567,18.99995431326416,18.39574870010204,18.479406356811523,286000,0.0,0.0
2023-07-28 00:00:00-04:00,18.683907397097304,18.94417959433099,18.609543658891766,18.795452117919922,401500,0.0,0.0
2023-07-31 00:00:00-04:00,18.90699664880649,19.2602239253682,18.851224294185418,18.944177627563477,290300,0.0,0.0
2023-08-01 00:00:00-04:00,18.916292757930048,18.93488413420809,18.40504054811121,18.525882720947266,303600,0.0,0.0
2023-08-02 00:00:00-04:00,18.28419935218113,18.35391612370282,17.735766186655347,17.74506187438965,395000,0.0,0.0
2023-08-03 00:00:00-04:00,17.66140201198825,17.949561232594043,17.51267455793551,17.763652801513672,503500,0.0,0.0
2023-08-04 00:00:00-04:00,17.800833312557,18.646721350202743,17.800833312557,18.55376625061035,563700,0.0,0.0
2023-08-07 00:00:00-04:00,18.544473626314797,18.66531402311106,18.191244577886625,18.618837356567383,343300,0.0,0.0
2023-08-08 00:00:00-04:00,18.497997111070106,18.563065160188483,18.084348707699263,18.544475555419922,384000,0.0,0.0
2023-08-09 00:00:00-04:00,18.488699564496255,18.525882316240068,18.247016997075047,18.3957462310791,384300,0.0,0.0
2023-08-10 00:00:00-04:00,17.940265563887543,18.837279019379032,17.308174769986813,17.689289093017578,873500,0.0,0.0
2023-08-11 00:00:00-04:00,17.438309780466117,18.042515247780834,17.438309780466117,18.023923873901367,646500,0.0,0.0
2023-08-14 00:00:00-04:00,17.89379062024708,18.33067733738086,17.89379062024708,18.28420066833496,271600,0.0,0.0
2023-08-15 00:00:00-04:00,18.1354694470174,18.219128852365245,18.05181004166955,18.061105728149414,303200,0.0,0.0
2023-08-16 00:00:00-04:00,17.968152683844654,18.16335857622421,17.466197967529297,17.466197967529297,594800,0.0,0.0
2023-08-17 00:00:00-04:00,17.52197195319742,17.805484244171176,17.19662995088374,17.438312530517578,361900,0.0,0.0
2023-08-18 00:00:00-04:00,17.23381126240176,17.74970862846272,17.23381126240176,17.419719696044922,1445000,0.0,0.0
2023-08-21 00:00:00-04:00,17.46619976700787,17.56844879453044,17.26727593371249,17.391834259033203,286700,0.0,0.0
2023-08-22 00:00:00-04:00,17.391834394464965,17.39648312523523,16.818304770811732,17.020015716552734,666600,0.0,0.0
2023-08-23 00:00:00-04:00,17.01071715580183,17.494082241959404,16.982831867773783,17.429014205932617,346900,0.0,0.0
2023-08-24 00:00:00-04:00,17.336060059543975,17.800833797188428,17.317468684525128,17.689289093017578,380100,0.0,0.0
2023-08-25 00:00:00-04:00,17.661402049146584,17.912380293252784,17.43831086759811,17.614925384521484,367200,0.0,0.0
2023-08-28 00:00:00-04:00,17.7450633054899,18.070405310543993,17.7450633054899,17.8380184173584,324800,0.0,0.0
2023-08-29 00:00:00-04:00,17.78224344546285,18.237723294779936,17.75435815430101,18.20054054260254,353500,0.0,0.0
2023-08-30 00:00:00-04:00,18.079700469970703,18.377155400868585,18.079700469970703,18.079700469970703,326900,0.0,0.0
2023-08-31 00:00:00-04:00,18.116882715967186,18.405041978791456,18.088995649382372,18.247018814086914,465300,0.0,0.0
2023-09-01 00:00:00-04:00,18.395747054195382,18.776861411766443,18.321381547380284,18.581655502319336,321100,0.0,0.0
2023-09-05 00:00:00-04:00,18.451517121220608,18.60954025764708,18.191243198585518,18.377153396606445,355700,0.0,0.0
2023-09-06 00:00:00-04:00,18.386453318950608,18.60954454418005,18.302793887868138,18.43292999267578,295900,0.0,0.0
2023-09-07 00:00:00-04:00,18.395746399700528,18.460814442877446,18.237723249283214,18.349267959594727,406000,0.0,0.0
2023-09-08 00:00:00-04:00,18.274906467139683,18.405042569435665,17.903087765600144,18.228429794311523,459800,0.0,0.0
2023-09-11 00:00:00-04:00,18.349267769523067,18.47940385452888,18.135472266164605,18.470109939575195,653500,0.0,0.0
2023-09-12 00:00:00-04:00,18.54447482668827,18.73503200860588,18.442224026108132,18.535179138183594,364500,0.0,0.0
2023-09-13 00:00:00-04:00,18.497994499598295,18.563062539530627,18.35856273217599,18.460813522338867,488200,0.0,0.0
2023-09-14 00:00:00-04:00,18.59095052923128,18.78615465876203,18.33997227157357,18.349267959594727,503400,0.0,0.0
2023-09-15 00:00:00-04:00,18.358565896607505,18.5305317136374,18.11688329736395,18.228429794311523,808900,0.0,0.0
2023-09-18 00:00:00-04:00,18.181946096047326,18.330673533698235,18.033218658396418,18.135469436645508,443300,0.0,0.0
2023-09-19 00:00:00-04:00,18.172653009734255,18.451518324958222,18.116880655877928,18.293495178222656,453500,0.0,0.0
2023-09-20 00:00:00-04:00,18.423630382555483,18.49799410847309,17.642810373935056,17.661401748657227,390300,0.0,0.0
2023-09-21 00:00:00-04:00,17.47549237270146,17.55915178993118,17.168741767182876,17.298879623413086,449400,0.0,0.0
2023-09-22 00:00:00-04:00,17.28958523151063,17.591687129286875,17.233812873500927,17.391834259033203,354300,0.0,0.0
2023-09-25 00:00:00-04:00,17.27099338396495,17.647460779458925,17.140857294497465,17.48478889465332,393500,0.0,0.0
2023-09-26 00:00:00-04:00,17.270992749482186,17.521971003924673,17.178037643432617,17.178037643432617,531300,0.0,0.0
2023-09-27 00:00:00-04:00,17.3174688099383,17.912380404051905,17.233811167689865,17.79153823852539,855400,0.0,0.0
2023-09-28 00:00:00-04:00,17.847317388818784,18.061112944363668,17.5963390724983,18.005340576171875,352800,0.0,0.0
2023-09-29 00:00:00-04:00,18.12617449293585,18.172651154242164,17.298877865480776,17.326763153076172,752300,0.0,0.0
2023-10-02 00:00:00-04:00,17.317468905109948,17.521970486979896,17.159445761379136,17.419719696044922,588900,0.0,0.0
2023-10-03 00:00:00-04:00,17.31746805631948,17.429014529414992,16.369331013377295,16.638898849487305,446500,0.0,0.0
2023-10-04 00:00:00-04:00,16.64819616019277,17.112969926301943,16.508764384954265,17.05719757080078,401400,0.0,0.0
2023-10-05 00:00:00-04:00,16.917768168587667,17.187336068797766,16.87128972167457,16.964244842529297,391700,0.0,0.0
2023-10-06 00:00:00-04:00,16.815513560446394,17.06649179817749,16.703967086019997,17.038604736328125,286200,0.0,0.0
2023-10-09 00:00:00-04:00,16.880581632034325,17.00142379398421,16.787626531989275,16.889877319335938,193300,0.0,0.0
2023-10-10 00:00:00-04:00,16.787628055359292,17.373243997704268,16.769038452040245,17.159446716308594,278100,0.0,0.0
2023-10-11 00:00:00-04:00,17.140855233284974,17.752496553202654,17.103672484781974,17.67999267578125,694900,0.0,0.0
2023-10-12 00:00:00-04:00,17.856603256277452,17.856603256277452,16.936351617590407,16.982830047607422,595800,0.0,0.0
2023-10-13 00:00:00-04:00,16.992127358164215,17.261695186151986,16.759740504773973,16.954944610595703,281800,0.0,0.0
2023-10-16 00:00:00-04:00,17.150151177231567,17.32676391635247,16.9549452906097,17.187332153320312,298500,0.0,0.0
2023-10-17 00:00:00-04:00,17.020015545657696,17.26169812711678,16.97353887624957,17.06649398803711,327000,0.0,0.0
2023-10-18 00:00:00-04:00,16.843402157016236,16.936355492374958,16.69467291990559,16.759742736816406,239800,0.0,0.0
2023-10-19 00:00:00-04:00,16.778332841949428,16.899175018284144,16.490173593181787,16.592424392700195,412300,0.0,0.0
2023-10-20 00:00:00-04:00,16.601719901544442,16.652845300750673,16.21130985748106,16.26708221435547,319900,0.0,0.0
2023-10-23 00:00:00-04:00,16.174124093266865,16.28567055922139,15.904556274414062,15.904556274414062,247600,0.0,0.0
2023-10-24 00:00:00-04:00,15.969624721182527,16.192715885899915,15.672169834892673,15.700055122375488,378100,0.0,0.0
2023-10-25 00:00:00-04:00,15.634989304803756,15.848784813021354,15.29105770862262,15.393306732177734,449600,0.0,0.0
2023-10-26 00:00:00-04:00,15.449080290624412,15.644284415362911,15.030783204797398,15.0493745803833,374000,0.0,0.0
2023-10-27 00:00:00-04:00,15.049373867855342,15.06331651239906,14.807691315594793,14.965714454650879,455600,0.0,0.0
2023-10-30 00:00:00-04:00,15.142330058006817,15.193453682669503,14.90994317637728,15.067964553833008,206900,0.0,0.0
2023-10-31 00:00:00-04:00,15.021486533145099,15.253873393834809,14.895997415616131,15.198101043701172,507700,0.0,0.0
2023-11-01 00:00:00-04:00,15.123738504008202,15.569920885973769,15.077260064446465,15.374716758728027,1130900,0.0,0.0
2023-11-02 00:00:00-04:00,15.67217054716519,15.83019368430992,15.50485172278006,15.78371524810791,489600,0.0,0.0
2023-11-03 00:00:00-04:00,16.313560968582628,16.713266752055308,15.94639098483186,16.518062591552734,454300,0.0,0.0
2023-11-06 00:00:00-05:00,16.434401057949955,16.434401057949955,16.23454819176446,16.26708221435547,378400,0.0,0.0
2023-11-07 00:00:00-05:00,16.220605888433223,16.54594612121582,16.14624215337273,16.54594612121582,702000,0.0,0.0
2023-11-08 00:00:00-05:00,16.25778540855205,16.38792148997105,15.365420668014087,16.053285598754883,817300,0.0,0.0
2023-11-09 00:00:00-05:00,16.18342232319578,16.541298334288793,16.025399172491998,16.360036849975586,802800,0.0,0.0
2023-11-10 00:00:00-05:00,16.36003769643474,16.54594614790015,16.229899830140525,16.471582412719727,569400,0.0,0.0
2023-11-13 00:00:00-05:00,16.3786267481731,16.638898897867684,16.271727231867345,16.415807723999023,558400,0.0,0.0
2023-11-14 00:00:00-05:00,16.93635421172789,17.16967188831763,16.713263032387857,17.14085578918457,487200,0.0,0.0
2023-11-15 00:00:00-05:00,17.289583278607562,17.401127982027706,16.824809544091075,16.992128372192383,304800,0.0,0.0
2023-11-16 00:00:00-05:00,17.010716583672547,17.010716583672547,16.518057600056125,16.527353286743164,326100,0.0,0.0
2023-11-17 00:00:00-05:00,16.713263735914218,16.84340159240223,16.518059610638943,16.703968048095703,317300,0.0,0.0
2023-11-20 00:00:00-05:00,16.796925319283584,16.815516697317978,16.601721168836615,16.80622100830078,335200,0.0,0.0
2023-11-21 00:00:00-05:00,16.685378055818276,16.690025013133443,16.44834245440901,16.499467849731445,240000,0.0,0.0
2023-11-22 00:00:00-05:00,16.694672662936906,16.87128718874818,16.59707059852983,16.65749168395996,221600,0.0,0.0
2023-11-24 00:00:00-05:00,16.629601227022697,16.992125892665534,16.629601227022697,16.936351776123047,121500,0.0,0.0
2023-11-27 00:00:00-05:00,16.82480888123917,16.852694169510055,16.56174607847314,16.68537712097168,368300,0.0,0.0
2023-11-28 00:00:00-05:00,16.68537753442827,16.84340067277278,16.518987745612556,16.815513610839844,341500,0.0,0.0
2023-11-29 00:00:00-05:00,16.964239874692467,17.252399069282774,16.80621674740663,16.82480812072754,602100,0.0,0.0
2023-11-30 00:00:00-05:00,16.880581833164573,16.917764582814048,16.666786341593355,16.694671630859375,306400,0.0,0.0
2023-12-01 00:00:00-05:00,16.676081029932856,17.382537274208925,16.6184488352116,17.326763153076172,447900,0.0,0.0
2023-12-04 00:00:00-05:00,17.205922659777755,17.484786171772857,16.973535808791514,17.075786590576172,518300,0.0,0.0
2023-12-05 00:00:00-05:00,17.057194968326066,17.057194968326066,16.652842349936492,16.82480812072754,489700,0.0,0.0
2023-12-06 00:00:00-05:00,16.97353602598216,17.178035819197248,16.662136719731077,16.731853485107422,461200,0.0,0.0
2023-12-07 00:00:00-05:00,16.806218971018673,17.26169703981907,16.731855240867002,17.25240135192871,390400,0.0,0.0
2023-12-08 00:00:00-05:00,17.298880072371762,17.382539491772697,17.051619734791252,17.280288696289062,473000,0.0,0.0
2023-12-11 00:00:00-05:00,17.243103717950582,17.624218013586056,17.159444309350505,17.47549057006836,424000,0.0,0.0
2023-12-12 00:00:00-05:00,17.410424993112496,17.605630898395038,17.131561440390275,17.531267166137695,494400,0.0,0.0
2023-12-13 00:00:00-05:00,17.62421994316885,17.96350634462194,17.196628939483528,17.921676635742188,521300,0.0,0.0
2023-12-14 00:00:00-05:00,18.312085062116044,18.767563089610004,18.312085062116044,18.423629760742188,744100,0.0,0.0
2023-12-15 00:00:00-05:00,18.37715620418024,18.56771338842713,18.11688224178174,18.33997344970703,1410600,0.0,0.0
2023-12-18 00:00:00-05:00,18.43292694934906,18.460814012762803,18.145696756180783,18.293495178222656,438200,0.0,0.0
2023-12-19 00:00:00-05:00,18.386452390573282,18.721088325035122,18.27025893915579,18.544475555419922,823100,0.0,0.0
2023-12-20 00:00:00-05:00,18.470109914348324,18.786154438506326,18.098289489746094,18.098289489746094,450000,0.0,0.0
2023-12-21 00:00:00-05:00,18.209836018302422,18.41433583397982,18.023925805525742,18.3957462310791,305800,0.0,0.0
2023-12-22 00:00:00-05:00,18.479404498509194,18.618838049270117,18.237723695925084,18.330677032470703,293200,0.0,0.0
2023-12-26 00:00:00-05:00,18.479402393701587,18.51658514246171,18.312085343194166,18.45151710510254,206700,0.0,0.0
2023-12-27 00:00:00-05:00,18.497994499598295,18.54911989467973,18.228426652311324,18.460813522338867,255000,0.0,0.0
2023-12-28 00:00:00-05:00,18.395743719409158,18.57235644716481,18.219129218682557,18.563060760498047,274700,0.0,0.0
2023-12-29 00:00:00-05:00,18.460811371370962,18.544470776670963,18.126173750170963,18.135469436645508,316100,0.0,0.0
2024-01-02 00:00:00-05:00,17.949561087654452,18.460813258182185,17.80083363480266,18.358562469482422,642400,0.0,0.0
2024-01-03 00:00:00-05:00,18.200541749192823,18.279554216322257,17.889144157433694,18.11688232421875,748100,0.0,0.0
2024-01-04 00:00:00-05:00,18.181948302293716,18.795449500290328,18.079699284608363,18.711790084838867,648500,0.0,0.0
2024-01-05 00:00:00-05:00,18.563062355935426,19.315997083917082,18.497994316646636,19.204450607299805,717800,0.0,0.0
2024-01-08 00:00:00-05:00,19.288112280777746,19.48331642150879,19.139384809848007,19.48331642150879,433700,0.0,0.0
2024-01-09 00:00:00-05:00,19.185859494422726,19.399656763111782,19.148678517023185,19.30670166015625,422400,0.0,0.0
2024-01-10 00:00:00-05:00,19.19515680072674,19.436839379603555,19.120793066685508,19.27881622314453,529900,0.0,0.0
2024-01-11 00:00:00-05:00,19.16727228965479,19.247212021602568,18.934885389684524,19.139385223388672,703500,0.0,0.0
2024-01-12 00:00:00-05:00,19.39965416841129,19.39965416841129,18.628129931122533,18.851221084594727,558600,0.0,0.0
2024-01-16 00:00:00-05:00,18.711791422263474,18.795450843694486,18.4143364896071,18.62813377380371,859400,0.0,0.0
2024-01-17 00:00:00-05:00,18.247016718368307,18.50821969457402,18.19124436457565,18.36785888671875,430800,0.0,0.0
2024-01-18 00:00:00-05:00,18.5258816397631,18.5258816397631,18.023925147377838,18.163358688354492,370700,0.0,0.0
2024-01-19 00:00:00-05:00,18.237723249283214,18.396675436611282,17.912381260427427,18.349267959594727,420300,0.0,0.0
2024-01-22 00:00:00-05:00,18.535176699466717,18.972063363876494,18.479402575776998,18.925586700439453,788300,0.0,0.0
2024-01-23 00:00:00-05:00,19.139379962892665,19.204447993324848,18.79544666536002,18.972061157226562,408200,0.0,0.0
2024-01-24 00:00:00-05:00,19.213747801759617,19.213747801759617,18.9283774433617,19.074316024780273,426500,0.0,0.0
2024-01-25 00:00:00-05:00,19.334588202349384,19.427543311326023,18.999952292193207,19.074316024780273,307500,0.0,0.0
2024-01-26 00:00:00-05:00,19.148680208824437,19.26952061226319,18.9906570517299,19.05572509765625,326600,0.0,0.0
2024-01-29 00:00:00-05:00,19.009247445482814,19.390361785888672,18.85122429656054,19.390361785888672,248300,0.0,0.0
2024-01-30 00:00:00-05:00,19.23233548385263,19.315994888564536,19.09290373365642,19.102197647094727,189800,0.0,0.0
2024-01-31 00:00:00-05:00,19.11149679390853,19.34388367730275,18.82333755493164,18.82333755493164,481600,0.0,0.0
2024-02-01 00:00:00-05:00,18.92558814762747,19.492610931396484,18.888405395657724,19.492610931396484,511800,0.0,0.0
2024-02-02 00:00:00-05:00,19.26022249395516,19.49260935607177,19.204450143479068,19.297405242919922,488400,0.0,0.0
2024-02-05 00:00:00-05:00,19.065021264182512,19.065021264182512,18.79545161233163,18.962770462036133,478900,0.0,0.0
2024-02-06 00:00:00-05:00,18.934886656144037,19.120795124771927,18.795453088458792,18.906999588012695,613500,0.0,0.0
2024-02-07 00:00:00-05:00,19.00925008749954,19.023192734851598,18.742469302948212,18.953475952148438,550000,0.0,0.0
2024-02-08 00:00:00-05:00,18.999955190744508,19.49261432942756,18.95347674268002,19.43684196472168,648800,0.0,0.0
2024-02-09 00:00:00-05:00,19.501909532199267,19.71570506904426,19.316001063496802,19.529796600341797,547500,0.0,0.0
2024-02-12 00:00:00-05:00,19.613452443167898,19.855135003935295,19.56697400476774,19.70640754699707,488100,0.0,0.0
2024-02-13 00:00:00-05:00,19.14867908990638,19.325293613508663,18.814041418443352,18.841928482055664,917400,0.0,0.0
2024-02-14 00:00:00-05:00,19.08360804724722,19.297403515746133,18.934880610641812,19.102197647094727,516300,0.0,0.0
2024-02-15 00:00:00-05:00,19.20445199460702,19.632044784062444,19.176564930195397,19.446134567260742,575700,0.0,0.0
2024-02-16 00:00:00-05:00,19.250927553892993,19.436837759990368,19.20445088885421,19.232337951660156,622800,0.0,0.0
2024-02-20 00:00:00-05:00,18.990656067223693,19.2602239253682,18.925588024670578,18.944177627563477,614300,0.0,0.0
2024-02-21 00:00:00-05:00,18.804747412643028,18.879111149289795,18.326030968790178,18.665315628051758,849900,0.0,0.0
2024-02-22 00:00:00-05:00,21.137911162255513,21.305230005627582,20.53835256449603,20.64525032043457,2624900,0.0,0.0
2024-02-23 00:00:00-05:00,20.793976066668012,20.793976066668012,20.064279728339816,20.301315307617188,1267300,0.0,0.0
2024-02-26 00:00:00-05:00,20.31061312332248,20.635955101214414,20.189770956090918,20.552295684814453,802100,0.0,0.0
2024-02-27 00:00:00-05:00,20.61736422005327,20.61736422005327,20.124703397550984,20.384977340698242,1406000,0.0,0.0
2024-02-28 00:00:00-05:00,20.18047510750704,20.389623646839635,20.068930401843744,20.07822608947754,696400,0.0,0.0
2024-02-29 00:00:00-05:00,20.25484099737627,20.32920472690295,20.027101078404534,20.282726287841797,1125700,0.0,0.0
2024-03-01 00:00:00-05:00,20.542996797684133,20.542996797684133,20.264131528791793,20.412858963012695,928600,0.0,0.0
2024-03-04 00:00:00-05:00,20.45004681791834,20.65454664782785,20.357091705060814,20.477933883666992,567500,0.0,0.0
2024-03-05 00:00:00-05:00,20.450045881600218,20.47793294607204,20.133999576137786,20.21765899658203,820100,0.0,0.0
2024-03-06 00:00:00-05:00,20.422159951430274,20.422159951430274,20.264136789922027,20.357091903686523,789600,0.0,0.0
2024-03-07 00:00:00-05:00,20.459338411331622,20.55229350558313,20.371032046926718,20.450042724609375,734700,0.0,0.0
2024-03-08 00:00:00-05:00,20.60806585294565,20.635952913112387,20.329202343162088,20.450042724609375,563900,0.0,0.0
2024-03-11 00:00:00-04:00,20.34779354279107,20.62201011724997,20.34779354279107,20.49652099609375,628800,0.0,0.0
2024-03-12 00:00:00-04:00,20.505817434207575,20.505817434207575,20.412862329247798,20.431453704833984,629100,0.0,0.0
2024-03-13 00:00:00-04:00,20.375683806912736,20.57088795518204,20.357092429085746,20.48723030090332,473900,0.0,0.0
2024-03-14 00:00:00-04:00,20.468636759103745,20.52440911371702,20.329204986084967,20.384977340698242,520900,0.0,0.0
2024-03-15 00:00:00-04:00,20.23624624298217,20.49651836638331,20.23624624298217,20.412858963012695,1073800,0.0,0.0
2024-03-18 00:00:00-04:00,20.459342706124605,20.48722977214535,20.33850052633936,20.357091903686523,530400,0.0,0.0
2024-03-19 00:00:00-04:00,20.36638184686366,20.589472993180113,20.36638184686366,20.580177307128906,672800,0.0,0.0
2024-03-20 00:00:00-04:00,20.580178291246632,20.88692885372152,20.487224972231324,20.840452194213867,564100,0.0,0.0
2024-03-21 00:00:00-04:00,20.914817362902546,20.979885399911765,20.849749325893324,20.933408737182617,789200,0.0,0.0
2024-03-22 00:00:00-04:00,20.91481933650808,21.01707013172624,20.701023831025754,20.71031951904297,747200,0.0,0.0
2024-03-25 00:00:00-04:00,20.803272288618448,20.854397684839853,20.64524914255736,20.654544830322266,893700,0.0,0.0
2024-03-26 00:00:00-04:00,20.747498752354215,20.868340913438608,20.64524796573989,20.66383934020996,1224400,0.0,0.0
2024-03-27 00:00:00-04:00,20.812569223340418,20.896228645265754,20.75679686638061,20.868343353271484,2096300,0.0,0.0
2024-03-28 00:00:00-04:00,20.905522627614936,20.952001065431336,20.617363405037725,20.67313575744629,1634700,0.0,0.0
2024-04-01 00:00:00-04:00,20.738202129574514,20.961293294238057,20.682429781651372,20.92411231994629,1574300,0.0,0.0
2024-04-02 00:00:00-04:00,20.831161776842773,21.370299319169554,20.635957629969745,20.85904884338379,1685200,0.0,0.0
2024-04-03 00:00:00-04:00,20.701022927228852,20.882284403222737,19.046427764798757,19.157974243164062,2157000,0.0,0.0
2024-04-04 00:00:00-04:00,19.19515642537004,19.51120273210788,18.916292871411354,19.074316024780273,1756800,0.0,0.0
2024-04-05 00:00:00-04:00,18.990656628077605,19.213747826121672,18.930235541220494,18.99995231628418,642000,0.0,0.0
2024-04-08 00:00:00-04:00,19.046429116018814,19.474021911621094,19.037133427747975,19.474021911621094,510200,0.0,0.0
2024-04-09 00:00:00-04:00,19.4833142914371,19.808656263391157,19.185859382097775,19.752883911132812,676100,0.0,0.0
2024-04-10 00:00:00-04:00,19.2881109915945,19.483315119278444,18.879109587388996,19.390361785888672,1016100,0.0,0.0
2024-04-11 00:00:00-04:00,19.45542913519433,19.46007609250976,18.72108577137794,19.232337951660156,909000,0.0,0.0
2024-04-12 00:00:00-04:00,19.018544314595136,19.120795124771927,18.71179365703623,18.906999588012695,627900,0.0,0.0
2024-04-15 00:00:00-04:00,19.018542217030454,19.046429282086116,18.386451365843495,18.581655502319336,712100,0.0,0.0
2024-04-16 00:00:00-04:00,18.516588753608413,18.5909524926602,18.237725175407068,18.274906158447266,492600,0.0,0.0
2024-04-17 00:00:00-04:00,18.386447663060938,18.465458338683398,18.05181004166955,18.061105728149414,658500,0.0,0.0
2024-04-18 00:00:00-04:00,18.05181280147145,18.330676346616954,17.865902589393663,18.172653198242188,646200,0.0,0.0
2024-04-19 00:00:00-04:00,18.16336174316353,18.312089223779346,18.09829191904412,18.228429794311523,504200,0.0,0.0
2024-04-22 00:00:00-04:00,18.358564826943635,18.451519940155336,18.079701260279855,18.33997344970703,393100,0.0,0.0
2024-04-23 00:00:00-04:00,18.45151790484498,18.85122360648549,18.45151790484498,18.78615379333496,302800,0.0,0.0
2024-04-24 00:00:00-04:00,18.748974175331146,18.767565551864983,18.507291599305027,18.62813377380371,358800,0.0,0.0
2024-04-25 00:00:00-04:00,18.423629030184603,18.55376509774512,18.321378249689367,18.41433334350586,288800,0.0,0.0
2024-04-26 00:00:00-04:00,18.470110788039218,18.814042392202726,18.458955252828446,18.581655502319336,244700,0.0,0.0
2024-04-29 00:00:00-04:00,18.628134674421016,18.767566459223417,18.54447524894531,18.590951919555664,438000,0.0,0.0
2024-04-30 00:00:00-04:00,18.442223445381092,18.446870403001455,18.061109093546776,18.079700469970703,787900,0.0,0.0
2024-05-01 00:00:00-04:00,18.163358875402082,18.395745748794816,18.042516708374023,18.042516708374023,564400,0.0,0.0
2024-05-02 00:00:00-04:00,18.19124597775684,18.405041497063827,17.96164796509587,18.33997344970703,360100,0.0,0.0
2024-05-03 00:00:00-04:00,18.674606758983952,18.814038509545167,18.50728794912213,18.730379104614258,333800,0.0,0.0
2024-05-06 00:00:00-04:00,18.9162947009105,19.223045349121094,18.818692624882445,19.223045349121094,293100,0.0,0.0
2024-05-07 00:00:00-04:00,19.204452319770375,19.371771163130646,19.157975651268636,19.325294494628906,327400,0.0,0.0
2024-05-08 00:00:00-04:00,19.0929070445467,19.25092842199281,18.33997227157357,18.349267959594727,754800,0.0,0.0
2024-05-09 00:00:00-04:00,18.30279301717251,18.90699861171391,18.30279301717251,18.795452117919922,668500,0.0,0.0
2024-05-10 00:00:00-04:00,18.6560153372785,19.22303979744343,18.553764559748195,19.102197647094727,455200,0.0,0.0
2024-05-13 00:00:00-04:00,19.232338826779575,19.46472570848991,19.074315676297697,19.269519805908203,342800,0.0,0.0
2024-05-14 00:00:00-04:00,19.51120261124997,19.70640851618888,19.130088262480584,19.446134567260742,402900,0.0,0.0
2024-05-15 00:00:00-04:00,19.632047900649525,19.632047900649525,19.278818787245424,19.43684196472168,280700,0.0,0.0
2024-05-16 00:00:00-04:00,19.464725618035608,19.827248584468276,19.427542866108567,19.566974639892578,379500,0.0,0.0
2024-05-17 00:00:00-04:00,19.622745428192513,19.622745428192513,19.11149331403276,19.250925064086914,323700,0.0,0.0
2024-05-20 00:00:00-04:00,19.130086686575208,19.241633162061458,18.79544903308754,18.804744720458984,248400,0.0,0.0
2024-05-21 00:00:00-04:00,18.758268522851413,18.804745187892834,18.391096840922362,18.711790084838867,370900,0.0,0.0
2024-05-22 00:00:00-04:00,18.665312591560113,18.739676316109318,18.358562006173276,18.45151710510254,317900,0.0,0.0
2024-05-23 00:00:00-04:00,18.479403392082748,18.479403392082748,17.98674435519169,18.042516708374023,491900,0.0,0.0
2024-05-24 00:00:00-04:00,18.181948251892926,18.302790417419445,17.71717451088258,17.79153823852539,463900,0.0,0.0
2024-05-28 00:00:00-04:00,17.735765492143678,17.81012921813495,17.401127838697413,17.587038040161133,688600,0.0,0.0
2024-05-29 00:00:00-04:00,17.326764999178668,17.429015792512182,16.99212910158283,17.00142478942871,362000,0.0,0.0
2024-05-30 00:00:00-04:00,17.066491080330255,17.24310381236773,16.90846794910605,16.954944610595703,336000,0.0,0.0
2024-05-31 00:00:00-04:00,16.973537465226123,17.14085629794009,16.83410569562153,16.899173736572266,568700,0.0,0.0
2024-06-03 00:00:00-04:00,17.187332696322784,17.187332696322784,16.703967581100617,16.79692268371582,502500,0.0,0.0
2024-06-04 00:00:00-04:00,16.722559276797007,16.964241839041257,16.56453613121312,16.676082611083984,731000,0.0,0.0
2024-06-05 00:00:00-04:00,16.87128905844977,16.87128905844977,16.601721168836615,16.80622100830078,547700,0.0,0.0
2024-06-06 00:00:00-04:00,16.741149172022336,16.9270575914076,16.66678544967403,16.731853485107422,428400,0.0,0.0
2024-06-07 00:00:00-04:00,16.443694851405972,16.583126614010524,16.081170141068874,16.11835289001465,375700,0.0,0.0
2024-06-10 00:00:00-04:00,15.96962932208624,16.61101771354174,15.951037943094143,16.518062591552734,530100,0.0,0.0
2024-06-11 00:00:00-04:00,16.38792237358142,16.583128279206246,16.215956574866887,16.536651611328125,339000,0.0,0.0
2024-06-12 00:00:00-04:00,16.992129359608445,16.992129359608445,16.601719329008944,16.65749168395996,531400,0.0,0.0
2024-06-13 00:00:00-04:00,16.611014367282454,16.64819534480512,16.304263767593138,16.350740432739258,301600,0.0,0.0
2024-06-14 00:00:00-04:00,16.144837835722118,16.168235794396097,15.87341651668444,15.985729217529297,374300,0.12,0.0
2024-06-17 00:00:00-04:00,15.882772147447325,16.27586382591532,15.854695318009925,16.266504287719727,361000,0.0,0.0
2024-06-18 00:00:00-04:00,16.31330228152559,16.369457726592195,16.079319177740427,16.16355323791504,644300,0.0,0.0
2024-06-20 00:00:00-04:00,16.051242786079357,16.453694065962022,16.051242786079357,16.33202362060547,427700,0.0,0.0
2024-06-21 00:00:00-04:00,16.36945914299147,16.566005895455294,16.23842916478197,16.46305274963379,732400,0.0,0.0
2024-06-24 00:00:00-04:00,16.5472861381103,16.8421053621339,16.5472861381103,16.771909713745117,349200,0.0,0.0
2024-06-25 00:00:00-04:00,16.668957765320993,16.762551374822355,16.556646862039056,16.715755462646484,471400,0.0,0.0
2024-06-26 00:00:00-04:00,16.566005569807245,17.043329562515837,16.519207874831235,16.753190994262695,727300,0.0,0.0
2024-06-27 00:00:00-04:00,16.734472443987595,16.85614466961258,16.612802003512197,16.818706512451172,434400,0.0,0.0
2024-06-28 00:00:00-04:00,17.024613325931234,17.024613325931234,16.697036581373474,16.977815628051758,1618500,0.0,0.0
2024-07-01 00:00:00-04:00,16.996533652689358,17.043329562515837,16.70171442236385,16.753190994262695,834900,0.0,0.0
2024-07-02 00:00:00-04:00,16.79063066906436,17.04333110419508,16.631522062052586,16.95909881591797,571100,0.0,0.0
2024-07-03 00:00:00-04:00,17.052689639261203,17.07140871784191,16.734472443987595,16.818706512451172,253700,0.0,0.0
2024-07-05 00:00:00-04:00,16.70639472732865,16.837424700161584,16.668956572148097,16.771909713745117,269300,0.0,0.0
2024-07-08 00:00:00-04:00,17.06205091025801,17.06205091025801,16.846786840180535,16.921661376953125,388500,0.0,0.0
2024-07-09 00:00:00-04:00,16.8374262691563,17.071409405389964,16.78127081630213,17.062049865722656,384400,0.0,0.0
2024-07-10 00:00:00-04:00,17.16500073517549,17.277311625954386,16.99653261385772,17.267953872680664,383400,0.0,0.0
2024-07-11 00:00:00-04:00,17.61424965537541,17.88567094173127,17.324111075424007,17.548734664916992,411800,0.0,0.0
2024-07-12 00:00:00-04:00,17.79207610613046,18.044778296313645,17.689122965281868,17.885669708251953,425400,0.0,0.0
2024-07-15 00:00:00-04:00,18.147730205380714,18.1664492834057,17.726561660715777,17.76399803161621,453200,0.0,0.0
2024-07-16 00:00:00-04:00,17.88567092136702,18.213245873286148,17.792077312897437,18.194528579711914,911500,0.0,0.0
2024-07-17 00:00:00-04:00,18.03541880488089,18.475306415311103,17.941825202513968,18.063495635986328,469100,0.0,0.0
2024-07-18 00:00:00-04:00,17.932464175863664,18.110291827091093,17.530012968682854,17.586170196533203,471400,0.0,0.0
2024-07-19 00:00:00-04:00,17.586172315014334,17.913747257855302,17.398985103262735,17.84823226928711,649000,0.0,0.0
2024-07-22 00:00:00-04:00,17.904388908943638,18.26004427788389,17.87631207491918,18.25068473815918,386800,0.0,0.0
2024-07-23 00:00:00-04:00,18.157090093208662,18.653134959503046,18.157090093208662,18.48466682434082,351100,0.0,0.0
2024-07-24 00:00:00-04:00,18.409793358069578,18.58762104268353,18.14773160101479,18.15709114074707,342800,0.0,0.0
2024-07-25 00:00:00-04:00,18.175808171704006,18.793523443217317,18.175808171704006,18.531461715698242,248100,0.0,0.0
2024-07-26 00:00:00-04:00,18.83096056994195,18.89647555195788,18.625054300578324,18.859037399291992,293100,0.0,0.0
2024-07-29 00:00:00-04:00,18.915194410458383,18.915194410458383,18.59697901217782,18.690570831298828,247400,0.0,0.0
2024-07-30 00:00:00-04:00,18.802884561820903,19.03686769296835,18.6344164217708,18.91519546508789,257100,0.0,0.0
2024-07-31 00:00:00-04:00,19.04622350808731,19.21469161519475,18.728006369139763,18.82159996032715,366600,0.0,0.0
2024-08-01 00:00:00-04:00,18.71864635448873,18.746724966674183,17.829509938590824,18.10093116760254,377300,0.0,0.0
2024-08-02 00:00:00-04:00,17.63296873862695,18.99007160045387,17.58617282690172,18.9245548248291,898100,0.0,0.0
2024-08-05 00:00:00-04:00,18.129012746723816,18.531462209683557,17.965223493227285,18.325557708740234,574400,0.0,0.0
2024-08-06 00:00:00-04:00,18.37235380564596,18.428511039780254,17.90438756542406,18.222604751586914,439100,0.0,0.0
2024-08-07 00:00:00-04:00,18.45658769706801,18.522104469604788,18.10093414333023,18.138370513916016,245100,0.0,0.0
2024-08-08 00:00:00-04:00,18.334919622108693,18.72801138219792,18.241326005868448,18.671855926513672,375200,0.0,0.0
2024-08-09 00:00:00-04:00,17.78271419610835,18.01669727763609,17.548731114580608,17.90438461303711,467200,0.0,0.0
2024-08-12 00:00:00-04:00,17.763995488037374,17.941823133512994,17.03396940108881,17.05268669128418,434700,0.0,0.0
2024-08-13 00:00:00-04:00,17.258595420988378,17.94650457948597,17.183720894037975,17.76399803161621,304200,0.0,0.0
2024-08-14 00:00:00-04:00,17.782715860003243,17.810794475067564,17.40740783326872,17.64232635498047,293400,0.0,0.0
2024-08-15 00:00:00-04:00,17.969903771646347,18.119652820980946,17.82951247588937,17.885669708251953,301100,0.0,0.0
2024-08-16 00:00:00-04:00,17.82015454407476,17.983942007287062,17.773356850907344,17.895029067993164,207600,0.0,0.0
2024-08-19 00:00:00-04:00,17.93246430760069,18.348953932229072,17.8201534213736,18.31619644165039,291300,0.0,0.0
2024-08-20 00:00:00-04:00,18.24132382963168,18.297479278616436,18.194527919669305,18.222604751586914,223800,0.0,0.0
2024-08-21 00:00:00-04:00,18.25068110552613,18.362993774718145,18.18048546413746,18.334915161132812,136400,0.0,0.0
2024-08-22 00:00:00-04:00,18.306838644425838,18.306838644425838,18.054138233810622,18.138370513916016,181400,0.0,0.0
2024-08-23 00:00:00-04:00,18.288123583406392,18.709292175926606,18.19452996779643,18.400434494018555,239500,0.0,0.0
2024-08-26 00:00:00-04:00,18.47530626878325,18.690570302915273,18.222604079941586,18.531461715698242,269600,0.0,0.0
2024-08-27 00:00:00-04:00,18.456588576715827,18.484667194855543,18.269403144566546,18.37235450744629,146300,0.0,0.0
2024-08-28 00:00:00-04:00,18.231962029802574,18.564217590723754,18.138368436334115,18.334915161132812,217600,0.0,0.0
2024-08-29 00:00:00-04:00,18.465949613755186,18.68121368150292,18.419153698209936,18.671855926513672,276200,0.0,0.0
2024-08-30 00:00:00-04:00,18.709289014521563,18.765444460338767,18.2506823391906,18.737367630004883,328100,0.0,0.0
2024-09-03 00:00:00-04:00,18.615699484945786,18.65313764710919,17.988624549907325,18.082218170166016,262100,0.0,0.0
2024-09-04 00:00:00-04:00,17.997979048731153,18.278759830852994,17.90438545469054,18.054136276245117,165100,0.0,0.0
2024-09-05 00:00:00-04:00,18.138372046612346,18.362997429706013,18.08221659341376,18.25068473815918,204800,0.0,0.0
2024-09-06 00:00:00-04:00,18.24132361960673,18.316198145774173,17.78271692368747,17.86695098876953,239100,0.0,0.0
2024-09-09 00:00:00-04:00,17.932465807734424,17.969903963041563,17.679763614859738,17.689123153686523,321700,0.0,0.0
2024-09-10 00:00:00-04:00,17.670406144708192,17.81079745839608,17.445782542017167,17.773359298706055,267600,0.0,0.0
2024-09-11 00:00:00-04:00,17.62360674011572,17.62360674011572,17.216476652436988,17.483217239379883,330000,0.0,0.0
2024-09-12 00:00:00-04:00,17.520656202275376,17.829513863712695,17.37090714128453,17.7265625,318600,0.0,0.0
2024-09-13 00:00:00-04:00,17.96990515618969,18.316199190026115,17.838873389064087,18.278762817382812,197000,0.0,0.0
2024-09-16 00:00:00-04:00,18.35410174763503,18.35410174763503,18.08100419169186,18.325849533081055,203600,0.12,0.0
2024-09-17 00:00:00-04:00,18.50477823234916,18.603658297555327,18.109256175338018,18.137508392333984,249200,0.0,0.0
2024-09-18 00:00:00-04:00,18.109253504181638,18.42943806482872,17.96799603241056,17.996248245239258,308300,0.0,0.0
2024-09-19 00:00:00-04:00,18.47652403390272,18.47652403390272,18.099835069052087,18.222259521484375,407100,0.0,0.0
2024-09-20 00:00:00-04:00,18.212843506709184,18.269346137271395,18.015081605462093,18.18459129333496,1370900,0.0,0.0
2024-09-23 00:00:00-04:00,18.241093321999173,18.283470738396197,17.91149139404297,17.91149139404297,573100,0.0,0.0
2024-09-24 00:00:00-04:00,18.0244954018445,18.08099981728211,17.883237955622242,17.967992782592773,286600,0.0,0.0
2024-09-25 00:00:00-04:00,17.91149165507749,18.033914306349697,17.765524597319136,17.930326461791992,503200,0.0,0.0
2024-09-26 00:00:00-04:00,18.099834030601524,18.278761099021295,17.977411381379156,18.062166213989258,297000,0.0,0.0
2024-09-27 00:00:00-04:00,18.278760419204342,18.325845637265,18.03391333367987,18.090415954589844,226200,0.0,0.0
2024-09-30 00:00:00-04:00,17.98683114728748,18.161048638899274,17.826738864237488,17.949161529541016,229100,0.0,0.0
2024-10-01 00:00:00-04:00,17.873822541139933,17.88323994476036,17.34646051169871,17.666645050048828,413400,0.0,0.0
2024-10-02 00:00:00-04:00,17.610142590258473,18.029207176288157,17.605432990310895,17.98682975769043,265400,0.0,0.0
2024-10-03 00:00:00-04:00,17.826740076208175,17.967997559988483,17.591310337845545,17.657230377197266,274200,0.0,0.0
2024-10-04 00:00:00-04:00,17.807899638818384,17.892654461541603,17.4406299378083,17.591304779052734,390400,0.0,0.0
2024-10-07 00:00:00-04:00,17.65722640573162,17.65722640573162,17.18636703491211,17.18636703491211,299900,0.0,0.0
2024-10-08 00:00:00-04:00,17.280540313893674,17.506552610019877,17.224037688908638,17.346460342407227,580900,0.0,0.0
2024-10-09 00:00:00-04:00,17.37471108809353,17.501841534544702,17.17694922304054,17.23345184326172,433500,0.0,0.0
2024-10-10 00:00:00-04:00,17.04511418476487,17.224041296915317,16.95094192593903,17.17695426940918,353300,0.0,0.0
2024-10-11 00:00:00-04:00,17.186368391978604,17.6478103962757,17.176950988276285,17.600725173950195,307300,0.0,0.0
2024-10-14 00:00:00-04:00,17.62897740112372,17.64781221046457,17.478302518769468,17.515972137451172,574700,0.0,0.0
2024-10-15 00:00:00-04:00,17.581889472716693,17.732564331921605,17.271122351083317,17.374711990356445,1258700,0.0,0.0
2024-10-16 00:00:00-04:00,17.54422081055183,17.845572341478032,17.45475816935902,17.83615493774414,882300,0.0,0.0
2024-10-17 00:00:00-04:00,17.883237444745735,18.542441236532422,17.723145197951016,18.533023834228516,466000,0.0,0.0
2024-10-18 00:00:00-04:00,18.627201130944623,18.711955978562106,18.372936588092177,18.561279296875,432600,0.0,0.0
2024-10-21 00:00:00-04:00,18.504773695715375,18.504773695715375,17.845571626431227,18.015079498291016,277900,0.0,0.0
2024-10-22 00:00:00-04:00,17.91149340293937,18.033916066157982,17.685481088868407,17.996248245239258,305400,0.0,0.0
2024-10-23 00:00:00-04:00,17.864403890673785,17.949158721156063,17.56305418059721,17.723146438598633,264400,0.0,0.0
2024-10-24 00:00:00-04:00,17.704312264640876,17.95857676516388,17.650635041639497,17.845571517944336,341700,0.0,0.0
2024-10-25 00:00:00-04:00,17.892656326293945,18.04333118324154,17.737271869712124,17.892656326293945,240900,0.0,0.0
2024-10-28 00:00:00-04:00,18.043330006805423,18.344679701052435,18.043330006805423,18.335262298583984,251100,0.0,0.0
2024-10-29 00:00:00-04:00,18.25050926208496,18.495356361715302,18.128086610362807,18.25050926208496,412100,0.0,0.0
2024-10-30 00:00:00-04:00,18.22225915274402,18.457688852918526,18.08100169187653,18.118669509887695,210200,0.0,0.0
2024-10-31 00:00:00-04:00,18.06216552104668,19.07922167716324,17.949158483173314,18.693117141723633,725500,0.0,0.0
2024-11-01 00:00:00-04:00,18.78729001513812,18.806123025271518,18.316430634269356,18.363515853881836,349800,0.0,0.0
2024-11-04 00:00:00-05:00,18.34468053329913,18.862626915446583,18.34468053329913,18.77787208557129,344600,0.0,0.0
2024-11-05 00:00:00-05:00,18.730784197069827,19.116888716846965,18.721366794613573,19.088638305664062,254800,0.0,0.0
2024-11-06 00:00:00-05:00,19.88910091632656,20.181033227743985,19.26756488489781,19.804346084594727,432900,0.0,0.0
2024-11-07 00:00:00-05:00,19.766679505138846,19.955024003705596,19.620712428940305,19.747844696044922,377300,0.0,0.0
2024-11-08 00:00:00-05:00,19.776093613868213,19.860848444479668,19.53124652501134,19.785511016845703,366800,0.0,0.0
2024-11-11 00:00:00-05:00,19.945605252883908,20.03977749581091,19.785512978763844,20.02094268798828,309000,0.0,0.0
2024-11-12 00:00:00-05:00,19.94560474806378,20.567139020990464,19.926769940717858,20.36937713623047,598700,0.0,0.0
2024-11-13 00:00:00-05:00,21.05683283354304,21.05683283354304,19.554790205776104,19.79492950439453,629700,0.0,0.0
2024-11-14 00:00:00-05:00,19.898515130950937,19.898515130950937,19.201643515838164,19.23931312561035,411100,0.0,0.0
2024-11-15 00:00:00-05:00,19.38057279826748,19.38057279826748,19.10747528076172,19.10747528076172,318200,0.0,0.0
2024-11-18 00:00:00-05:00,19.107474346733742,19.34761183825341,19.06038733140618,19.11688995361328,245700,0.0,0.0
2024-11-19 00:00:00-05:00,18.975633575942418,19.1357258447616,18.843793517921707,19.12630844116211,166000,0.0,0.0
2024-11-20 00:00:00-05:00,19.126308355113995,19.36173805548384,19.032136115728846,19.342905044555664,273700,0.0,0.0
2024-11-21 00:00:00-05:00,19.399407474115794,19.719592007085375,19.267565621831466,19.559499740600586,227000,0.0,0.0
2024-11-22 00:00:00-05:00,19.710173960868122,19.95031145467132,19.700756557713056,19.889101028442383,246800,0.0,0.0
2024-11-25 00:00:00-05:00,20.096278654209282,20.585972844687902,20.08686125098631,20.444713592529297,363200,0.0,0.0
2024-11-26 00:00:00-05:00,20.322292278728153,20.491801955511054,20.162200005787202,20.47296714782715,240400,0.0,0.0
2024-11-27 00:00:00-05:00,20.623640661393793,20.84494514666867,20.35996055589454,20.444713592529297,244900,0.0,0.0
2024-11-29 00:00:00-05:00,20.60480487371237,20.60480487371237,20.143362914877315,20.4352970123291,196800,0.0,0.0
2024-12-02 00:00:00-05:00,20.501220342571738,20.67073002748416,20.289333236431208,20.39763069152832,343000,0.0,0.0
2024-12-03 00:00:00-05:00,20.341127394323713,20.43529963798264,19.936188003920634,19.95502281188965,194900,0.0,0.0
2024-12-04 00:00:00-05:00,19.917353500319827,20.039777957803114,19.710175998053113,19.907936096191406,301500,0.0,0.0
2024-12-05 00:00:00-05:00,19.776093799694436,19.84201382497033,19.56891632080078,19.56891632080078,199300,0.0,0.0
2024-12-06 00:00:00-05:00,19.691341036972293,19.85143331354061,19.44649392009215,19.587751388549805,159500,0.0,0.0
2024-12-09 00:00:00-05:00,19.785511771041662,19.88910141155679,19.286400171324992,19.540664672851562,238700,0.0,0.0
2024-12-10 00:00:00-05:00,19.4747434497295,19.632010303800044,19.234604169861683,19.446491241455078,243800,0.0,0.0
2024-12-11 00:00:00-05:00,19.52183079484055,19.783628513015714,19.38528113424507,19.616003036499023,325700,0.0,0.0
2024-12-12 00:00:00-05:00,19.502993446509926,19.559497861855537,19.26285596794165,19.408823013305664,220400,0.0,0.0
2024-12-13 00:00:00-05:00,19.446491125740454,19.446491125740454,19.18281103482516,19.361736297607422,161800,0.0,0.0
2024-12-16 00:00:00-05:00,19.352318894905316,19.616000782006516,19.300525874322602,19.361736297607422,207100,0.0,0.0
2024-12-17 00:00:00-05:00,19.28595907511415,19.43751852583664,19.04914720751886,19.153343200683594,281900,0.12,0.0
2024-12-18 00:00:00-05:00,19.08703642162867,19.22912318273634,18.50921668555999,18.660776138305664,581800,0.0,0.0
2024-12-19 00:00:00-05:00,18.840750738948227,18.98283929833839,18.518686469331072,18.651302337646484,428400,0.0,0.0
2024-12-20 00:00:00-05:00,18.480796099300914,19.072825695741624,18.480796099300914,18.935474395751953,651200,0.0,0.0
2024-12-23 00:00:00-05:00,18.821805370125563,18.935474038729662,18.64182787031634,18.850221633911133,319900,0.0,0.0
2024-12-24 00:00:00-05:00,18.954421373726944,18.954421373726944,18.783916546506767,18.91653060913086,65400,0.0,0.0
2024-12-26 00:00:00-05:00,18.764970202554853,19.05861819293254,18.727081246631577,18.973365783691406,167100,0.0,0.0
2024-12-27 00:00:00-05:00,18.783914609436923,18.973364799418306,18.589728977734914,18.850221633911133,198400,0.0,0.0
2024-12-30 00:00:00-05:00,18.67971709273282,18.94494700117237,18.499741397067957,18.802860260009766,237600,0.0,0.0
2024-12-31 00:00:00-05:00,18.982840807455876,18.982840807455876,18.74602893195407,18.812335968017578,333300,0.0,0.0
2025-01-02 00:00:00-05:00,18.888114371105466,18.97336678484505,18.575522789637358,18.603939056396484,256400,0.0,0.0
2025-01-03 00:00:00-05:00,18.594465423095368,19.0586182329294,18.49026943903943,19.0396728515625,335800,0.0,0.0
2025-01-06 00:00:00-05:00,19.001782101913314,19.058618246053157,18.698663226758207,18.727081298828125,239700,0.0,0.0
2025-01-07 00:00:00-05:00,18.727080910171615,18.85969496361699,18.196621082928175,18.262929916381836,373100,0.0,0.0
2025-01-08 00:00:00-05:00,18.054537067321334,18.1397894879138,17.869824091614745,17.940868377685547,453200,0.0,0.0
2025-01-10 00:00:00-05:00,17.57143880986422,17.76088901538744,17.410406677188796,17.694581985473633,501800,0.0,0.0
2025-01-13 00:00:00-05:00,17.44829853466463,17.72299936248769,17.410407768492526,17.704055786132812,306300,0.0,0.0
2025-01-14 00:00:00-05:00,17.73246995514088,17.92192015011493,17.66616292891925,17.884029388427734,331300,0.0,0.0
2025-01-15 00:00:00-05:00,18.3008194919937,18.3008194919937,17.893502820625823,18.12084197998047,274400,0.0,0.0
2025-01-16 00:00:00-05:00,18.08295364552813,18.187151441341005,17.969283158574893,18.158733367919922,171500,0.0,0.0
2025-01-17 00:00:00-05:00,18.300821385929403,18.371865671024867,18.01664785900999,18.054536819458008,155900,0.0,0.0
2025-01-21 00:00:00-05:00,18.187152893872824,18.291348891276304,18.064009705944297,18.253459930419922,331700,0.0,0.0
2025-01-22 00:00:00-05:00,18.187151441341005,18.281874739282422,18.092426336668492,18.158733367919922,199700,0.0,0.0
2025-01-23 00:00:00-05:00,18.035591204551157,18.177677951954852,17.95507423675942,18.16820526123047,185600,0.0,0.0
2025-01-24 00:00:00-05:00,18.035591724064147,18.234512814813012,18.026119033066905,18.20609474182129,281500,0.0,0.0
2025-01-27 00:00:00-05:00,18.21556729747798,18.561312386018617,18.182413782599497,18.319765090942383,297500,0.0,0.0
2025-01-28 00:00:00-05:00,18.30082183647728,18.717611252053747,18.30082183647728,18.584997177124023,175600,0.0,0.0
2025-01-29 00:00:00-05:00,18.518688076608306,18.594467805052307,18.139789434388298,18.253459930419922,181400,0.0,0.0
2025-01-30 00:00:00-05:00,18.442908182364263,18.935477316187743,18.38607383822501,18.746028900146484,250200,0.0,0.0
2025-01-31 00:00:00-05:00,18.764971054254065,18.88811423173867,18.55657727039,18.717609405517578,287600,0.0,0.0
2025-02-03 00:00:00-05:00,18.42396406793344,18.57552351903703,18.20609577608225,18.46185302734375,210700,0.0,0.0
2025-02-04 00:00:00-05:00,18.461852302407543,18.660775203376943,18.386072579831367,18.603939056396484,122200,0.0,0.0
2025-02-05 00:00:00-05:00,18.6797212871394,18.717612056880718,18.518689129201505,18.575525283813477,159200,0.0,0.0
2025-02-06 00:00:00-05:00,18.63235518014418,18.869167014255453,18.511107275363806,18.850221633911133,246300,0.0,0.0
2025-02-07 00:00:00-05:00,18.72708403360983,18.72708403360983,18.08295542647536,18.338712692260742,371500,0.0,0.0
2025-02-10 00:00:00-05:00,18.461851200824597,18.632356018130075,18.045061848159097,18.594465255737305,343200,0.0,0.0
2025-02-11 00:00:00-05:00,18.49974475560313,18.641831522560867,18.44290860343502,18.584997177124023,256500,0.0,0.0
2025-02-12 00:00:00-05:00,18.3765999539273,18.442906985575537,18.177678858982592,18.357654571533203,234300,0.0,0.0
2025-02-13 00:00:00-05:00,18.39554286329438,18.594463931496897,18.310290460713055,18.56604766845703,295300,0.0,0.0
2025-02-14 00:00:00-05:00,18.6702462607293,18.82180751401648,18.575522961680097,18.736555099487305,234100,0.0,0.0
2025-02-18 00:00:00-05:00,18.632356660937674,19.068089603101146,18.542368807246795,19.011255264282227,359000,0.0,0.0
2025-02-19 00:00:00-05:00,18.7554988861084,18.92600371708357,18.708137236051357,18.7554988861084,233700,0.0,0.0
2025-02-20 00:00:00-05:00,18.547104642931327,18.64656518965785,17.9503395558411,18.471324920654297,687500,0.0,0.0
2025-02-21 00:00:00-05:00,18.61341024319366,18.61341024319366,18.026117892377002,18.130313873291016,337100,0.0,0.0
2025-02-24 00:00:00-05:00,18.12084481545785,18.27240608547435,17.86508935037118,18.17768096923828,448100,0.0,0.0
2025-02-25 00:00:00-05:00,17.419881520740315,18.38607443618683,17.419881520740315,18.09242820739746,761700,0.0,0.0
2025-02-26 00:00:00-05:00,18.03559041285,18.679717093253835,18.03559041285,18.49026870727539,1306800,0.0,0.0
2025-02-27 00:00:00-05:00,18.53763202498372,18.897587062268876,18.457116860191388,18.603939056396484,1182700,0.0,0.0
2025-02-28 00:00:00-05:00,18.63235910836154,18.98284149169922,18.575524762077237,18.98284149169922,892300,0.0,0.0
2025-03-03 00:00:00-05:00,18.97336557878111,19.08703425205434,17.959809369497375,18.149259567260742,622000,0.0,0.0
2025-03-04 00:00:00-05:00,17.846138796730756,18.01664359522353,17.704052066897038,17.836666107177734,520100,0.0,0.0
2025-03-05 00:00:00-05:00,17.82719567557015,18.139787243488662,17.79877941004275,17.921920776367188,385500,0.0,0.0
2025-03-06 00:00:00-05:00,17.76089193298701,17.76089193298701,17.173597644774446,17.192543029785156,625600,0.0,0.0
2025-03-07 00:00:00-05:00,17.1167639707924,17.1167639707924,16.60525120247152,16.85153579711914,1082200,0.0,0.0
2025-03-10 00:00:00-04:00,16.63366446386429,16.794696600191468,15.828503782228397,15.961119651794434,1903200,0.0,0.0
2025-03-11 00:00:00-04:00,15.980064183643904,16.055843902192365,15.459077037733621,15.468549728393555,1071000,0.0,0.0
2025-03-12 00:00:00-04:00,15.582219852389393,15.714833905126524,15.354878895224365,15.383296966552734,729900,0.0,0.0
2025-03-13 00:00:00-04:00,15.27910036290063,15.48749595533561,15.14648629988281,15.26962947845459,1035700,0.0,0.0
2025-03-14 00:00:00-04:00,15.326462981956569,15.667472618790136,15.184376235519585,15.468549728393555,567600,0.0,0.0
2025-03-17 00:00:00-04:00,15.468549410335969,15.936138281563705,15.468549410335969,15.831169128417969,733800,0.12,0.0
2025-03-18 00:00:00-04:00,15.792997360229492,15.955221582580933,15.640315953322952,15.792997360229492,744300,0.0,0.0
2025-03-19 00:00:00-04:00,15.84071120524283,16.284442106343356,15.84071120524283,16.20332908630371,590800,0.0,0.0
2025-03-20 00:00:00-04:00,16.556406246043647,17.11941961761139,16.336926950715462,16.651832580566406,770700,0.0,0.0
2025-03-21 00:00:00-04:00,16.53732163716945,18.102307067681668,16.308299512224202,17.882827758789062,2190300,0.0,0.0
2025-03-24 00:00:00-04:00,18.178649357406734,18.48401403733762,17.663349986479155,17.892372131347656,1406500,0.0,0.0
2025-03-25 00:00:00-04:00,18.913427602936302,19.199706614689404,18.02596576068188,18.503095626831055,1299600,0.0,0.0
2025-03-26 00:00:00-04:00,18.08322150605588,18.6128340949399,17.9591667294804,18.13093376159668,703500,0.0,0.0
2025-03-27 00:00:00-04:00,18.130937660274483,18.302704729325665,17.9210011426043,17.978256225585938,472800,0.0,0.0
2025-03-28 00:00:00-04:00,17.873283368611023,17.983023013392398,17.424781974273323,17.672889709472656,872400,0.0,0.0
2025-03-31 00:00:00-04:00,17.882827310965183,17.882827310965183,17.405697440917745,17.491580963134766,689000,0.0,0.0
2025-04-01 00:00:00-04:00,17.577464016657455,17.863741203010072,17.434325423481145,17.806486129760742,587800,0.0,0.0
2025-04-02 00:00:00-04:00,17.596549535022728,18.169105724165167,17.596549535022728,18.111848831176758,331300,0.0,0.0
2025-04-03 00:00:00-04:00,17.338898741213224,17.553607536736447,17.070751635711943,17.10987663269043,608100,0.0,0.0
2025-04-04 00:00:00-04:00,16.394183105790603,16.69954594033985,15.955222666046518,16.117446899414062,1024700,0.0,0.0
2025-04-07 00:00:00-04:00,15.487635761922352,16.499152437196802,15.187044332240603,15.735743522644043,895400,0.0,0.0
2025-04-08 00:00:00-04:00,16.241501669434673,16.3521950597916,15.344496978920564,15.363582611083984,845300,0.0,0.0
2025-04-09 00:00:00-04:00,15.258611935001404,16.756799328641257,15.239527214791268,16.565948486328125,1138800,0.0,0.0
2025-04-10 00:00:00-04:00,16.203328787529674,16.255813360686517,15.668943881043958,16.060190200805664,664900,0.0,0.0
2025-04-11 00:00:00-04:00,15.91705343641695,16.29398648669289,15.745286384640263,16.212873458862305,676000,0.0,0.0
2025-04-14 00:00:00-04:00,16.413268218341457,16.82359837670989,16.27012780158544,16.737716674804688,666100,0.0,0.0
2025-04-15 00:00:00-04:00,16.690002502283093,17.004908141190096,16.52777827496094,16.537321090698242,618600,0.0,0.0
2025-04-16 00:00:00-04:00,16.499150600513236,16.699544257957907,16.356010193646032,16.565948486328125,651400,0.0,0.0
2025-04-17 00:00:00-04:00,16.546864608705256,16.756801103517894,16.460981083530523,16.51823616027832,486500,0.0,0.0
2025-04-21 00:00:00-04:00,16.403724265027993,16.403724265027993,15.783455842486696,16.060190200805664,662100,0.0,0.0
2025-04-22 00:00:00-04:00,16.260587123267708,16.47529411238028,16.136532335672047,16.375097274780273,310500,0.0,0.0
2025-04-23 00:00:00-04:00,16.833142669561898,16.914255700848148,16.546865451141848,16.74725914001465,493000,0.0,0.0
2025-04-24 00:00:00-04:00,16.72817405571134,16.8331413904324,16.67091716029328,16.68045997619629,831000,0.0,0.0
2025-04-25 00:00:00-04:00,16.699547220350848,17.100336426443516,16.6804615867021,17.09079360961914,388600,0.0,0.0
2025-04-28 00:00:00-04:00,17.00490852952476,17.386612067203703,17.00490852952476,17.081249237060547,494800,0.0,0.0
2025-04-29 00:00:00-04:00,16.985821158543207,17.272100147571642,16.91902327380166,17.12896156311035,352700,0.0,0.0
2025-04-30 00:00:00-04:00,16.928567029900183,17.014450549372704,16.608890900834872,16.899938583374023,408000,0.0,0.0
2025-05-01 00:00:00-04:00,16.909482254369518,17.176675641813684,16.856999496575277,16.92856788635254,262000,0.0,0.0
2025-05-02 00:00:00-04:00,17.19576129723239,17.400927291064377,17.100334957293274,17.281644821166992,230800,0.0,0.0
2025-05-05 00:00:00-04:00,17.0526226093009,17.32935699157837,17.019221843404583,17.081249237060547,294100,0.0,0.0
2025-05-06 00:00:00-04:00,16.92856823733194,17.119420920907007,16.85222752792313,16.919025421142578,310300,0.0,0.0
2025-05-07 00:00:00-04:00,17.148046074057934,17.219616279267647,16.990594170744853,17.10987663269043,375700,0.0,0.0
2025-05-08 00:00:00-04:00,17.29118757425054,17.7110605562851,17.186218418688878,17.634719848632812,312400,0.0,0.0
2025-05-09 00:00:00-04:00,17.615635558513798,17.672892458693926,17.491582581669217,17.548837661743164,277000,0.0,0.0
2025-05-12 00:00:00-04:00,18.188188369431675,18.188188369431675,17.711058545741714,17.940080642700195,411500,0.0,0.0
2025-05-13 00:00:00-04:00,17.367526080242836,17.816027453330804,16.7949699353799,16.985820770263672,870100,0.0,0.0
2025-05-14 00:00:00-04:00,17.004910078305983,17.806488490491322,16.842685832504042,17.09079360961914,1532500,0.0,0.0
2025-05-15 00:00:00-04:00,16.995366838017375,17.27687355695053,16.957197391777132,17.25301742553711,528000,0.0,0.0
2025-05-16 00:00:00-04:00,17.31026859733056,17.55837631225586,17.21961459038133,17.55837631225586,635100,0.0,0.0
2025-05-19 00:00:00-04:00,17.25301602811105,17.629949062273965,17.023993908900998,17.491580963134766,490900,0.0,0.0
2025-05-20 00:00:00-04:00,17.377068704495656,17.625176451207007,17.25301574119297,17.34844207763672,451300,0.0,0.0
2025-05-21 00:00:00-04:00,16.99536398384594,17.253014528096298,16.823596954345703,16.823596954345703,520900,0.0,0.0
2025-05-22 00:00:00-04:00,16.804513875805576,17.114647185805946,16.747256983409812,16.957195281982422,466300,0.0,0.0
2025-05-23 00:00:00-04:00,16.699544450690546,17.09079077506968,16.63274656410473,17.014450073242188,427500,0.0,0.0
2025-05-27 00:00:00-04:00,17.23393052453541,17.41046988824101,17.076478612704978,17.386611938476562,917100,0.0,0.0
2025-05-28 00:00:00-04:00,17.40570018574568,17.65380797570894,17.272104383498654,17.520212173461914,835600,0.0,0.0
2025-05-29 00:00:00-04:00,17.739687147174518,18.159561905361933,17.45340997847292,17.987794876098633,2249000,0.0,0.0
2025-05-30 00:00:00-04:00,17.901912817662605,17.944854578471443,17.45341139818608,17.79694366455078,822100,0.0,0.0
2025-06-02 00:00:00-04:00,17.71106030100257,18.130935097091207,17.57746451956319,18.04505157470703,671800,0.0,0.0
2025-06-03 00:00:00-04:00,18.07368065736362,18.22636207583314,17.85419952572087,18.178647994995117,561700,0.0,0.0
2025-06-04 00:00:00-04:00,18.150020258777804,18.54603709497834,18.150020258777804,18.359956741333008,781400,0.0,0.0
2025-06-05 00:00:00-04:00,18.398128706611548,18.798917875970606,18.197733211879005,18.340871810913086,1721300,0.0,0.0
2025-06-06 00:00:00-04:00,18.522177712037426,18.684401908272864,18.321784080273112,18.445837020874023,704900,0.0,0.0
2025-06-09 00:00:00-04:00,18.541266702807274,18.894341780937964,18.374270159275426,18.760746002197266,760600,0.0,0.0
2025-06-10 00:00:00-04:00,18.856172501017824,19.018396728075246,18.70349108968213,19.008853912353516,612700,0.0,0.0
2025-06-11 00:00:00-04:00,19.008853688894796,19.094737209274765,18.727346998783993,18.913427352905273,603300,0.0,0.0
2025-06-12 00:00:00-04:00,18.8179997441945,19.1042787328011,18.74165904458724,18.846628189086914,777200,0.0,0.0
2025-06-13 00:00:00-04:00,18.760745144828853,18.932512178277673,18.445839523541313,18.73211669921875,1953600,0.0,0.0
2025-06-16 00:00:00-04:00,18.85693377811517,19.20258081887111,18.75132082889593,19.125770568847656,728100,0.12,0.0
2025-06-17 00:00:00-04:00,18.90494230634654,19.433012573646913,18.88573928502266,19.00095558166504,883800,0.0,0.0
2025-06-18 00:00:00-04:00,19.068164324997714,19.39460836230006,18.972151049679216,19.00095558166504,947800,0.0,0.0
2025-06-20 00:00:00-04:00,19.192979225520624,19.461816015087937,19.039358726139533,19.116168975830078,1812100,0.0,0.0
2025-06-23 00:00:00-04:00,19.07776618172582,19.82666571393296,18.97695123359714,19.807462692260742,1006200,0.0,0.0
2025-06-24 00:00:00-04:00,19.95148385397672,20.018692599641785,19.63944115618779,19.845869064331055,690100,0.0,0.0
2025-06-25 00:00:00-04:00,19.836267976220345,19.961085790517263,19.65384292602539,19.65384292602539,868600,0.0,0.0
2025-06-26 00:00:00-04:00,19.65384275615127,20.02829436450452,19.65384275615127,19.884273529052734,629300,0.0,0.0
2025-06-27 00:00:00-04:00,19.932281166695834,20.153110429389574,19.807463352963893,19.893875122070312,805500,0.0,0.0
2025-06-30 00:00:00-04:00,20.08590076030919,20.133906482585804,19.91307723003191,20.018692016601562,527600,0.0,0.0
2025-07-01 00:00:00-04:00,19.951484263021452,20.364338256471328,19.73257420296631,20.15311050415039,559300,0.0,0.0
2025-07-02 00:00:00-04:00,20.143506767836207,20.393140537349723,19.95148205911099,20.354736328125,1024000,0.0,0.0
2025-07-03 00:00:00-04:00,20.36433783313989,20.484353973593475,20.186714458032856,20.345136642456055,544600,0.0,0.0
2025-07-07 00:00:00-04:00,20.26832638867927,20.402743879989952,20.06669832041228,20.095502853393555,591200,0.0,0.0
2025-07-08 00:00:00-04:00,20.05709622816267,20.22991975843995,19.97068446302403,20.018692016601562,650400,0.0,0.0
2025-07-09 00:00:00-04:00,20.13390624130733,20.277927069013106,19.95052160083089,20.239521026611328,449200,0.0,0.0
2025-07-10 00:00:00-04:00,20.479554222248346,20.55636447921853,20.095502937397423,20.364337921142578,623200,0.0,0.0
2025-07-11 00:00:00-04:00,20.30673207541435,20.565967397160758,20.253924676765884,20.546764373779297,594100,0.0,0.0
2025-07-14 00:00:00-04:00,20.50835809437725,20.930813578447275,20.50835809437725,20.777193069458008,1066200,0.0,0.0
2025-07-15 00:00:00-04:00,20.75799229025748,20.81559952444368,20.39794387181706,20.5755672454834,595900,0.0,0.0
2025-07-16 00:00:00-04:00,20.67158068814623,20.68118219913731,20.393142363307803,20.594770431518555,811900,0.0,0.0
2025-07-17 00:00:00-04:00,20.709986389013554,20.916414311903118,20.57556888808123,20.796398162841797,785000,0.0,0.0
2025-07-18 00:00:00-04:00,20.911611716615692,20.930812906146915,20.633173408453043,20.690780639648438,695500,0.0,0.0
2025-07-21 00:00:00-04:00,20.796394238632352,20.85400146654719,20.48915324801888,20.537158966064453,528700,0.0,0.0
2025-07-22 00:00:00-04:00,20.60436928753567,20.863604580028834,20.54196221553986,20.738788604736328,816200,0.0,0.0
2025-07-23 00:00:00-04:00,20.863606812068852,21.084436085757865,20.681183584917633,21.03643035888672,1008100,0.0,0.0
2025-07-24 00:00:00-04:00,20.90201361661666,21.046032633754024,20.8300031923974,20.882810592651367,679400,0.0,0.0
2025-07-25 00:00:00-04:00,20.92121506308434,21.002825161831538,20.844402973014947,20.930814743041992,489400,0.0,0.0
2025-07-28 00:00:00-04:00,20.959618359322835,20.969219870161208,20.748390614781442,20.805997848510742,434900,0.0,0.0
2025-07-29 00:00:00-04:00,20.98842264279394,20.98842264279394,20.69078130423893,20.777193069458008,443600,0.0,0.0
2025-07-30 00:00:00-04:00,20.757992124440754,20.911612635244122,20.450749271533073,20.556364059448242,478300,0.0,0.0
2025-07-31 00:00:00-04:00,20.479553558083865,20.671580109932275,20.412344814327195,20.527559280395508,449700,0.0,0.0
2025-08-01 00:00:00-04:00,20.12430581307105,20.282727999547614,19.83626780476947,19.884273529052734,531800,0.0,0.0
2025-08-04 00:00:00-04:00,19.980286552769417,20.181914621036412,19.89387478512656,20.095502853393555,424000,0.0,0.0
2025-08-05 00:00:00-04:00,20.028292833294227,20.10510308505572,19.202581253382505,19.433012008666992,686700,0.0,0.0
2025-08-06 00:00:00-04:00,19.442613450242913,19.68264571506073,19.356201688404433,19.673044204711914,426300,0.0,0.0
2025-08-07 00:00:00-04:00,19.625038262372005,19.735452883183658,18.7561208142879,18.895339965820312,661800,0.0,0.0
2025-08-08 00:00:00-04:00,19.096967615084253,19.22658526606956,18.957750284441637,19.087366104125977,580500,0.0,0.0
2025-08-11 00:00:00-04:00,19.087364048480055,19.423409570624933,19.044158169471416,19.308195114135742,688200,0.0,0.0
2025-08-12 00:00:00-04:00,18.70331501229326,18.95775047701984,17.03269054590248,17.099899291992188,2480900,0.0,0.0
2025-08-13 00:00:00-04:00,17.167109330076716,17.695181490083176,16.80706087924095,17.522357940673828,1611900,0.0,0.0
2025-08-14 00:00:00-04:00,17.31112753452578,17.426341995687874,17.061493760273454,17.176708221435547,1026200,0.0,0.0
2025-08-15 00:00:00-04:00,17.19591257124933,17.344733245662955,16.9846848219244,17.099899291992188,703900,0.0,0.0
2025-08-18 00:00:00-04:00,17.138306810143778,17.356255452821696,17.0422935226293,17.291927337646484,666800,0.0,0.0
2025-08-19 00:00:00-04:00,17.33032865629533,17.52235519921805,17.2343172161348,17.41674041748047,719300,0.0,0.0
2025-08-20 00:00:00-04:00,17.47434989307202,17.493551082778463,17.253518814089567,17.46474838256836,685700,0.0,0.0
2025-08-21 00:00:00-04:00,17.311130851953894,17.53196013758402,17.272724803339337,17.3591365814209,690800,0.0,0.0
2025-08-22 00:00:00-04:00,17.483951710621632,18.04082840013663,17.35913572141037,17.752788543701172,642500,0.0,0.0
2025-08-25 00:00:00-04:00,17.743185624099286,17.930410508710413,17.599166622960034,17.819995880126953,559000,0.0,0.0
2025-08-26 00:00:00-04:00,17.839198488550174,18.012022018432617,17.800794277076808,18.012022018432617,706300,0.0,0.0
2025-08-27 00:00:00-04:00,17.78159438021204,18.069632426428583,17.78159438021204,17.925613403320312,634300,0.0,0.0
2025-08-28 00:00:00-04:00,17.95441794046246,17.96401762154194,17.656776550563965,17.925613403320312,767100,0.0,0.0
2025-08-29 00:00:00-04:00,17.98321897819361,18.02162502415396,17.791194242295063,17.954416275024414,849400,0.0,0.0
2025-09-02 00:00:00-04:00,17.60876993846016,17.97841990575736,17.584767074360578,17.810396194458008,622800,0.0,0.0
2025-09-03 00:00:00-04:00,17.800796001178806,18.11763855955087,17.771991466308222,17.992820739746094,632500,0.0,0.0
2025-09-04 00:00:00-04:00,17.992821257956876,18.098436057556405,17.723984418658603,17.810396194458008,699200,0.0,0.0
2025-09-05 00:00:00-04:00,17.944815012929546,18.040828297863733,17.755669079678334,17.992820739746094,573000,0.0,0.0
2025-09-08 00:00:00-04:00,18.040825798115407,18.045625637611558,17.70478026305897,17.91600799560547,846000,0.0,0.0
2025-09-09 00:00:00-04:00,17.88720731548203,18.223252922882327,17.868006122062965,18.175247192382812,850600,0.0,0.0
2025-09-10 00:00:00-04:00,18.05042805979727,18.28086067720161,17.695181284626013,18.002422332763672,558800,0.0,0.0
2025-09-11 00:00:00-04:00,18.040826640312606,18.66491018809379,18.040826640312606,18.520891189575195,725400,0.0,0.0
2025-09-12 00:00:00-04:00,18.4632842999381,18.578500611104985,18.098436005295042,18.309663772583008,602800,0.0,0.0
2025-09-15 00:00:00-04:00,18.376867969986932,18.482482743106615,18.151238906459447,18.463279724121094,698000,0.0,0.0
2025-09-16 00:00:00-04:00,18.424575687752437,18.850352347967597,18.240716493838057,18.840675354003906,694600,0.15,0.0
2025-09-17 00:00:00-04:00,18.96647442983402,19.189039753905288,18.743909105762746,18.840675354003906,902400,0.0,0.0
2025-09-18 00:00:00-04:00,18.918089989234712,19.237423416178128,18.889060852229445,18.908414840698242,787200,0.0,0.0
2025-09-19 00:00:00-04:00,18.976155024345115,19.024538157645942,18.458447746093725,18.48263931274414,1440800,0.0,0.0
2025-09-22 00:00:00-04:00,18.405224404864896,18.51166766271385,18.16330505731104,18.327810287475586,798000,0.0,0.0
2025-09-23 00:00:00-04:00,18.414901861230554,18.494250272264487,17.97944628645361,17.99880027770996,731300,0.0,0.0
2025-09-24 00:00:00-04:00,18.008476265268627,18.139112930388997,17.727848944854923,17.737525939941406,510100,0.0,0.0
2025-09-25 00:00:00-04:00,17.679466148228343,17.89235450704781,17.66978915295953,17.824617385864258,575800,0.0,0.0
2025-09-26 00:00:00-04:00,17.776232130689205,18.0597608599567,17.68914102937674,17.718170166015625,669000,0.0,0.0
2025-09-29 00:00:00-04:00,17.766556462355727,17.960090821949237,17.4762521544184,17.940738677978516,630300,0.0,0.0
2025-09-30 00:00:00-04:00,17.97944346995303,18.095565553602288,17.611726922176533,17.718170166015625,631500,0.0,0.0
2025-10-01 00:00:00-04:00,17.59237536055409,17.843971705083142,17.36497058179361,17.51496124267578,755300,0.0,0.0
2025-10-02 00:00:00-04:00,17.514961697829975,17.669789937610055,17.408516590844343,17.582698822021484,664800,0.0,0.0
2025-10-03 00:00:00-04:00,17.611729051210293,17.99879963400322,17.611729051210293,17.950414657592773,610200,0.0,0.0
2025-10-06 00:00:00-04:00,17.989122747993697,18.395547323819574,17.86816307478002,18.202011108398438,829800,0.0,0.0
2025-10-07 00:00:00-04:00,18.182657267039666,18.395545607582704,17.853646838938083,18.037504196166992,563700,0.0,0.0
2025-10-08 00:00:00-04:00,18.08589083199811,18.226202650011473,17.969768733758006,18.076213836669922,479100,0.0,0.0
2025-10-09 00:00:00-04:00,18.066537193112524,18.13427431603059,17.819780267382676,17.89235496520996,583400,0.0,0.0
2025-10-10 00:00:00-04:00,17.94073902670184,17.97944516109368,17.485929489135742,17.485929489135742,641800,0.0,0.0
2025-10-13 00:00:00-04:00,17.573021252012722,17.960091838812932,17.568183677170662,17.931062698364258,486100,0.0,0.0
2025-10-14 00:00:00-04:00,17.76655694387047,18.385869864471378,17.698819823892006,18.134273529052734,574700,0.0,0.0
2025-10-15 00:00:00-04:00,18.192333315483054,18.30845540878443,17.945576405052467,18.047182083129883,472500,0.0,0.0
2025-10-16 00:00:00-04:00,18.037503798171297,18.066534780844858,17.495605041483614,17.553665161132812,664000,0.0,0.0
2025-10-17 00:00:00-04:00,17.631080258567685,17.795585478219603,17.505283017985878,17.68914222717285,702900,0.0,0.0
2025-10-20 00:00:00-04:00,17.882677498883,18.11491984807261,17.752040831395448,18.09556770324707,524700,0.0,0.0
2025-10-21 00:00:00-04:00,18.008476284192458,18.2600726196111,17.979445298902508,18.134273529052734,383500,0.0,0.0
2025-10-22 00:00:00-04:00,18.124597298673557,18.19233442151,17.718172715956722,17.766557693481445,473100,0.0,0.0
2025-10-23 00:00:00-04:00,17.882677969693354,17.94557751770221,17.660112609905937,17.89235496520996,357600,0.0,0.0
2025-10-24 00:00:00-04:00,18.05685864778055,18.18265773300095,17.81493931772379,18.105241775512695,373200,0.0,0.0
2025-10-27 00:00:00-04:00,18.192333315483054,18.235878869758814,17.960090974578367,18.047182083129883,297400,0.0,0.0
2025-10-28 00:00:00-04:00,18.076212914263778,18.172981016909553,17.90686827320916,17.940738677978516,340800,0.0,0.0
2025-10-29 00:00:00-04:00,17.90203009759923,17.950413224448685,17.21498009870748,17.350454330444336,622500,0.0,0.0
2025-10-30 00:00:00-04:00,17.18594978639326,17.456900106147184,17.113373247586548,17.253686904907227,507900,0.0,0.0
2025-10-31 00:00:00-04:00,17.166594483660727,17.331099692769058,17.05821510232759,17.30206871032715,568100,0.0,0.0
2025-11-03 00:00:00-05:00,17.224655549060852,17.822680162051356,17.01176720321917,17.04079818725586,566100,0.0,0.0
2025-11-04 00:00:00-05:00,17.021443465688733,17.224654808110003,16.953706351548313,17.137563705444336,421200,0.0,0.0
2025-11-05 00:00:00-05:00,17.12788889820845,17.321423250223898,17.002089815985336,17.224655151367188,564600,0.0,0.0
2025-11-06 00:00:00-05:00,17.253685963437796,17.253685963437796,16.731141187916183,16.847261428833008,426200,0.0,0.0
2025-11-07 00:00:00-05:00,16.808554710085897,17.055311597690086,16.663401645462137,16.798877716064453,467500,0.0,0.0
2025-11-10 00:00:00-05:00,16.895644765415135,17.08918096361815,16.644050291728377,16.682756423950195,784700,0.0,0.0
2025-11-11 00:00:00-05:00,17.543989356422145,17.543989356422145,14.960291708478374,14.979644775390625,1181800,0.0,0.0
2025-11-12 00:00:00-05:00,14.998998134997104,15.637665004702432,14.650634639571194,15.473159790039062,1235100,0.0,0.0
2025-11-13 00:00:00-05:00,15.240917760401189,15.734433414126512,15.187695212592867,15.298978805541992,927600,0.0,0.0
2025-11-14 00:00:00-05:00,15.163502775085759,15.163502775085759,14.636118593268977,15.018351554870605,685600,0.0,0.0
2025-11-17 00:00:00-05:00,14.95061393330284,14.96029092767842,14.660310561978235,14.68934154510498,716500,0.0,0.0
2025-11-18 00:00:00-05:00,14.631280776510323,14.800624489867763,14.563543660306944,14.650634765625,404700,0.0,0.0
2025-11-19 00:00:00-05:00,14.61192716279448,14.911906600040984,14.597411671502309,14.728048324584961,650500,0.0,0.0
2025-11-20 00:00:00-05:00,14.882877160188286,15.105442498844477,14.592573782196254,14.640957832336426,726700,0.0,0.0
2025-11-21 00:00:00-05:00,14.708695495527834,15.410261941514209,14.61192831449977,15.231241226196289,672000,0.0,0.0
2025-11-24 00:00:00-05:00,15.173180675394583,15.482837122533573,15.037705518346772,15.424776077270508,840600,0.0,0.0
2025-11-25 00:00:00-05:00,15.453807370992655,15.705402777910093,15.240918097894184,15.250595092773438,751900,0.0,0.0
2025-11-26 00:00:00-05:00,15.221563864829887,15.60379685080949,15.134473680855747,15.55057430267334,844100,0.0,0.0
2025-11-28 00:00:00-05:00,15.560251113318872,15.734433324904584,15.50702856581235,15.579605102539062,438200,0.0,0.0
2025-12-01 00:00:00-05:00,15.657018517611396,15.879583846654338,15.603795972471147,15.811846733093262,674700,0.0,0.0
2025-12-02 00:00:00-05:00,15.811847100324087,15.87958421545836,15.63766489243712,15.763463973999023,659000,0.0,0.0
2025-12-03 00:00:00-05:00,15.831199727141458,16.237624228679493,15.744108630690608,16.227947235107422,675900,0.0,0.0
2025-12-04 00:00:00-05:00,16.227947703192584,16.35374493186247,15.986028394006164,16.295684814453125,623800,0.0,0.0
2025-12-05 00:00:00-05:00,16.305364010182178,16.305364010182178,15.840879316787682,15.850554466247559,619800,0.0,0.0
2025-12-08 00:00:00-05:00,15.918294514811913,15.95216307731889,15.652181744116767,15.840880393981934,892900,0.0,0.0
2025-12-09 00:00:00-05:00,15.840877830162297,16.286008491466472,15.840877830162297,16.198917388916016,571600,0.0,0.0
2025-12-10 00:00:00-05:00,16.150534141951567,16.36632575957634,16.03441205752461,16.218271255493164,769300,0.0,0.0
2025-12-11 00:00:00-05:00,16.27633097209917,16.682755488989663,16.25697698422394,16.54728126525879,775500,0.0,0.0
2025-12-12 00:00:00-05:00,16.63437312758663,16.65856469069077,16.266654723891023,16.305362701416016,863300,0.0,0.0
2025-12-15 00:00:00-05:00,16.42148522938503,16.42148522938503,15.700566581720397,15.72475814819336,983500,0.0,0.0
2025-12-16 00:00:00-05:00,15.753789135379842,15.83120325551225,15.54573834145558,15.72475814819336,879100,0.0,0.0
2025-12-17 00:00:00-05:00,15.705222794152062,15.973812986802347,15.544068492272492,15.597786903381348,778200,0.15,0.0
2025-12-18 00:00:00-05:00,15.812659977989695,15.858563549858347,15.558719577873008,15.607553482055664,716200,0.0,0.0
2025-12-19 00:00:00-05:00,15.558719315051118,15.773591097876784,15.53918500855042,15.724757194519043,2962400,0.0,0.0
2025-12-22 00:00:00-05:00,15.754056607069979,16.086132362120885,15.66615595463319,15.695455551147461,636600,0.0,0.0
2025-12-23 00:00:00-05:00,15.705222246168178,15.793124758934864,15.28524398803711,15.28524398803711,677200,0.0,0.0
2025-12-24 00:00:00-05:00,15.246177065020408,15.59290355687581,15.246177065020408,15.529417991638184,213900,0.0,0.0
2025-12-26 00:00:00-05:00,15.49035036651717,15.514768249946913,15.334079638354865,15.480584144592285,483600,0.0,0.0
2025-12-29 00:00:00-05:00,15.353613819162891,15.52941792117997,15.304778984150978,15.402448654174805,541200,0.0,0.0
2025-12-30 00:00:00-05:00,15.38291419781613,15.441516185549249,15.265711153796882,15.324312210083008,668300,0.0,0.0
2025-12-31 00:00:00-05:00,15.295011270809518,15.470816297836238,15.216875910230302,15.36337947845459,583200,0.0,0.0
2026-01-02 00:00:00-05:00,15.382913784322879,15.441515770480775,15.163157500539478,15.36337947845459,616900,0.0,0.0
2026-01-05 00:00:00-05:00,15.285244213921304,15.832191741412599,15.285244213921304,15.490349769592285,510200,0.0,0.0
2026-01-06 00:00:00-05:00,15.451282300351473,15.754056595777095,15.402448397600043,15.744291305541992,455700,0.0,0.0
2026-01-07 00:00:00-05:00,15.744290913699501,15.822426273893551,15.138740475025164,15.236410140991211,513600,0.0,0.0
2026-01-08 00:00:00-05:00,15.109441309446849,15.798008883916639,15.109441309446849,15.646622657775879,571100,0.0,0.0
2026-01-09 00:00:00-05:00,15.71499052654135,15.75405727785511,15.324312767486436,15.588020324707031,364000,0.0,0.0
2026-01-12 00:00:00-05:00,15.636854107150468,15.754056216086791,15.412214247830605,15.73452377319336,284800,0.0,0.0
2026-01-13 00:00:00-05:00,15.773590780278022,15.922048526063746,15.607552904153243,15.89079475402832,409700,0.0,0.0
2026-01-14 00:00:00-05:00,15.832191835706189,16.066599783206787,15.734524030957232,15.89079475402832,395300,0.0,0.0
2026-01-15 00:00:00-05:00,15.929862092212856,16.017764610051497,15.7833585167798,15.832192420959473,366100,0.0,0.0
2026-01-16 00:00:00-05:00,15.754057409471073,15.773591716738181,15.421982568953597,15.441516876220703,501900,0.0,0.0
2026-01-20 00:00:00-05:00,15.207109255808241,15.614390977201253,15.041071376272692,15.226643562316895,452700,0.0,0.0
2026-01-21 00:00:00-05:00,15.285244495120399,15.490350054564658,15.27547827339219,15.373147010803223,309200,0.0,0.0
2026-01-22 00:00:00-05:00,15.421981561517617,15.646621423179631,15.392681033978041,15.490349769592285,375600,0.0,0.0
2026-01-23 00:00:00-05:00,15.451283428637547,15.451283428637547,15.109441427180547,15.275479316711426,413600,0.0,0.0
2026-01-26 00:00:00-05:00,15.246176684514127,15.334079199451164,14.73829683252356,14.796897888183594,405900,0.0,0.0
2026-01-27 00:00:00-05:00,14.669928940271038,14.816432514028886,14.386687083164391,14.406221389770508,471300,0.0,0.0
2026-01-28 00:00:00-05:00,14.43552205837099,14.508773845961032,13.937409343890488,13.98624324798584,446900,0.0,0.0
2026-01-29 00:00:00-05:00,13.986242896103152,14.259717595681195,13.869039852618414,14.201115608215332,554700,0.0,0.0
2026-01-30 00:00:00-05:00,14.083912470164199,14.1376308806933,13.7811372446097,14.074145317077637,466800,0.0,0.0
2026-02-02 00:00:00-05:00,14.074145661639415,14.240183542387934,13.966709769397964,14.132747650146484,746600,0.0,0.0
2026-02-03 00:00:00-05:00,14.08391220985747,14.142513264399769,13.507663228658714,13.917874336242676,749000,0.0,0.0
2026-02-04 00:00:00-05:00,13.917874347208002,14.42575512135856,13.917874347208002,14.415987968444824,542200,0.0,0.0
2026-02-05 00:00:00-05:00,14.3183185487417,14.32808570182361,13.790904391129352,13.849506378173828,396100,0.0,0.0
2026-02-06 00:00:00-05:00,14.005777427767356,14.083912791347752,13.781137558888465,13.90810775756836,519700,0.0,0.0
2026-02-09 00:00:00-05:00,13.908107975697677,14.044845329831405,13.722536717145564,13.888574600219727,274000,0.0,0.0
2026-02-10 00:00:00-05:00,13.81043927048467,14.11321357701442,13.756720857751608,13.839739799499512,305800,0.0,0.0
2026-02-11 00:00:00-05:00,13.84950689913873,13.986243321641028,13.405111663112217,13.439295768737793,482500,0.0,0.0
2026-02-12 00:00:00-05:00,13.527198827769427,13.644401879506457,12.990017475389413,13.029085159301758,452500,0.0,0.0
2026-02-13 00:00:00-05:00,13.087685295217472,13.273257479281614,12.970482251757115,12.980249404907227,569700,0.0,0.0
2026-02-17 00:00:00-05:00,13.058385091533077,13.097452773656817,12.677474492241352,12.81421184539795,563100,0.0,0.0
2026-02-18 00:00:00-05:00,12.823979178123645,13.087685803284861,12.706776130113434,13.06815242767334,366600,0.0,0.0
2026-02-19 00:00:00-05:00,12.97048213024376,13.141403582981466,12.789794455894429,13.126752853393555,418100,0.0,0.0
2026-02-20 00:00:00-05:00,13.068152372816272,13.273257938834911,12.863046806797632,12.89234733581543,383900,0.0,0.0
2026-02-23 00:00:00-05:00,12.980249102064228,13.209771607054883,12.360048863206982,12.374699592590332,492600,0.0,0.0
2026-02-24 00:00:00-05:00,11.81798482776859,12.208661627262195,10.978028311686895,11.476141929626465,1541800,0.0,0.0
2026-02-25 00:00:00-05:00,11.554278062766599,12.46260284668532,11.329639120886112,12.394233703613281,1519900,0.0,0.0
2026-02-26 00:00:00-05:00,12.433301678757049,12.51143797717051,11.778918213275087,12.277030944824219,832700,0.0,0.0
2026-02-27 00:00:00-05:00,12.130526899068686,12.208662263036357,11.808218289840287,11.915654182434082,586500,0.0,0.0
2026-03-02 00:00:00-05:00,11.554277577305614,11.944954386529739,11.554277577305614,11.85705280303955,627900,0.0,0.0
2026-03-03 00:00:00-05:00,11.603112888416158,11.857053290576832,11.417540697819119,11.49567699432373,869700,0.0,0.0
2026-03-04 00:00:00-05:00,11.446841780734923,11.681247868175967,11.258340195464909,11.485909461975098,720700,0.0,0.0
2026-03-05 00:00:00-05:00,11.388239640094826,11.68124771118164,11.358939112420238,11.68124771118164,865300,0.0,0.0
2026-03-06 00:00:00-05:00,11.485909785271817,11.485909785271817,11.085465808426889,11.31987190246582,764800,0.0,0.0
2026-03-09 00:00:00-04:00,11.79845088274276,11.80333445931659,11.075698315861949,11.759383201599121,925500,0.0,0.0
2026-03-10 00:00:00-04:00,11.63241297148475,11.705664756987018,11.290570995325178,11.310104370117188,685100,0.0,0.0
2026-03-11 00:00:00-04:00,11.3003375939197,11.544510841369629,11.178250970194735,11.544510841369629,714000,0.0,0.0
2026-03-12 00:00:00-04:00,11.388240316832485,11.534744826805303,11.036631169502385,11.075698852539062,869100,0.0,0.0
2026-03-13 00:00:00-04:00,11.192901576808021,11.378472832984821,11.114766213002314,11.24173641204834,545800,0.0,0.0
2026-03-16 00:00:00-04:00,11.388239665433108,11.515209860901464,11.32963860995355,11.407773971557617,551400,0.0,0.0
2026-03-17 00:00:00-04:00,11.486925428457084,11.74812678088454,11.472085042973966,11.5067138671875,500900,0.15,0.0
2026-03-18 00:00:00-04:00,11.378091777356214,11.491872468674252,11.219788042728565,11.249469757080078,649700,0.0,0.0
2026-03-19 00:00:00-04:00,11.120848182190814,11.308834582263467,10.705300390368317,10.962544441223145,1130400,0.0,0.0
2026-03-20 00:00:00-04:00,10.982333129874219,11.0713782785159,10.695407356967259,10.725089073181152,2336900,0.0,0.0
2026-03-23 00:00:00-04:00,10.982332763249902,11.002120258877016,10.636042625910648,10.764664649963379,1006500,0.0,0.0
2026-03-24 00:00:00-04:00,10.636042869272499,10.675618804996969,10.3491170993789,10.527209281921387,1266000,0.0,0.0
2026-03-25 00:00:00-04:00,10.863604471372968,11.437456965689769,10.799293928428668,11.23957633972168,1321900,0.0,0.0
2026-03-26 00:00:00-04:00,11.170318404656351,11.239576055857171,10.690460069001878,10.903181076049805,574800,0.0,0.0
2026-03-27 00:00:00-04:00,10.764664465147446,10.794346179860874,10.532155970023648,10.626148223876953,639400,0.0,0.0
2026-03-30 00:00:00-04:00,10.715194610069977,11.021908815868382,10.655831178989464,10.962544441223145,580500,0.0,0.0
2026-03-31 00:00:00-04:00,11.140636175414741,11.387985996661614,11.002119935833203,11.249469757080078,681200,0.0,0.0
2026-04-01 00:00:00-04:00,11.348410151433624,11.530459636386922,11.204946801081496,11.318727493286133,594800,0.0,0.0
2026-04-02 00:00:00-04:00,11.15053032284632,11.84310962916042,11.110953445879824,11.813426971435547,613200,0.0,0.0
2026-04-06 00:00:00-04:00,11.773851456718855,12.169611748375154,11.665017871884848,12.031095504760742,579600,0.0,0.0
2026-04-07 00:00:00-04:00,11.912367645997163,12.228975123026284,11.833215776739884,12.090459823608398,528400,0.0,0.0
2026-04-08 00:00:00-04:00,12.52579479013127,12.65441681033717,12.060776862242971,12.070671081542969,706500,0.0,0.0
2026-04-09 00:00:00-04:00,11.971731934095358,12.36749127755111,11.902473341317073,12.337809562683105,632900,0.0,0.0
2026-04-10 00:00:00-04:00,12.397172840012542,12.461484322261418,12.199293170717329,12.32791519165039,505600,0.0,0.0
2026-04-13 00:00:00-04:00,12.209187803986945,12.713781685469906,12.149823429403474,12.545583724975586,505800,0.0,0.0
2026-04-14 00:00:00-04:00,12.496113300575109,12.773144841005436,12.496113300575109,12.654417037963867,539300,0.0,0.0
2026-04-15 00:00:00-04:00,12.743463040710997,13.050176293954504,12.684098667805808,12.901766777038574,547300,0.0,0.0
2026-04-16 00:00:00-04:00,12.872085419942847,13.010600721294955,12.778092220050544,12.862191200256348,428500,0.0,0.0
2026-04-17 00:00:00-04:00,13.020495179306453,13.356891106287003,12.931449087627515,12.941343307495117,541600,0.0,0.0
2026-04-20 00:00:00-04:00,12.881979464551387,13.079859137768404,12.84339238572436,13.040283203125,369700,0.0,0.0
2026-04-21 00:00:00-04:00,13.218374959036776,13.302473941419427,12.69399356842041,12.69399356842041,518300,0.0,0.0
2026-04-22 00:00:00-04:00,12.812720775849728,13.015547557332532,12.708834302021089,12.971024513244629,519700,0.0,0.0
2026-04-23 00:00:00-04:00,12.931448936462402,13.084806511923306,12.718727929619309,12.931448936462402,470400,0.0,0.0
2026-04-24 00:00:00-04:00,12.98091861468743,13.178798284631736,12.822614878731988,13.089752197265625,501300,0.0,0.0
2026-04-27 00:00:00-04:00,13.099646328504667,13.436042236928678,12.868126691623646,13.02049446105957,605100,0.0,0.0
2026-04-28 00:00:00-04:00,13.089752010408606,13.475618068965261,13.089752010408606,13.455830574035645,558100,0.0,0.0
2026-04-29 00:00:00-04:00,13.159010618965848,13.376678724867391,13.149116399705623,13.267844200134277,421100,0.0,0.0
2026-04-30 00:00:00-04:00,13.27773895960295,13.47561863503483,13.267844739940175,13.366785049438477,480200,0.0,0.0
2026-05-01 00:00:00-04:00,13.455830662187305,13.70318048359836,13.287632708142612,13.5250883102417,544000,0.0,0.0
2026-05-04 00:00:00-04:00,13.445937281107394,13.59434680578014,13.233216270462314,13.32720947265625,642200,0.0,0.0
2026-05-05 00:00:00-04:00,13.34699613688504,13.619081506576014,13.30742020320186,13.5250883102417,504000,0.0,0.0
2026-05-06 00:00:00-04:00,13.61413433321204,13.722967914440325,13.445936379954437,13.584451675415039,489500,0.0,0.0
2026-05-07 00:00:00-04:00,13.663604555655667,13.910954377170642,13.624028621955858,13.841695785522461,595500,0.0,0.0
2026-05-08 00:00:00-04:00,13.782332477266507,14.316608058667919,13.717032138912609,14.039575576782227,527600,0.0,0.0
2026-05-11 00:00:00-04:00,13.980212664077763,14.07915203106596,13.683392675983713,13.693286895751953,465400,0.0,0.0
2026-05-12 00:00:00-04:00,14.672791745139463,14.672791745139463,12.456537509140565,13.297526359558105,1029700,0.0,0.0
2026-05-13 00:00:00-04:00,13.406361317863327,13.406361317863327,12.995760627296145,13.198587417602539,562600,0.0,0.0
2026-05-14 00:00:00-04:00,13.297526362763588,13.36678495635599,12.971024664683469,12.980918884277344,431800,0.0,0.0
2026-05-15 00:00:00-04:00,12.862191518984936,13.074912529692355,12.66431183817504,13.010601043701172,325100,0.0,0.0
2026-05-18 00:00:00-04:00,12.872085032109238,13.228268438008985,12.763250505966349,13.089752197265625,307100,0.0,0.0
2026-05-19 00:00:00-04:00,13.079859169126394,13.287633062393562,12.916608320385386,13.168905258178711,276200,0.0,0.0
2026-05-20 00:00:00-04:00,13.149116399705623,13.287632638654728,12.990812665800748,13.267844200134277,392000,0.0,0.0
2026-05-21 00:00:00-04:00,13.099646281550445,13.416254693760678,12.921555052219666,13.396466255187988,386500,0.0,0.0
2026-05-22 00:00:00-04:00,13.445936414560983,13.826855365187397,13.445936414560983,13.71307373046875,429700,0.0,0.0
2026-05-26 00:00:00-04:00,13.802120152741065,14.247349652462123,13.653710634022282,14.178092002868652,429200,0.0,0.0
2026-05-27 00:00:00-04:00,14.207773780563594,14.50459376287501,14.123674801301439,14.435336112976074,581100,0.0,0.0
2026-05-28 00:00:00-04:00,14.356184304603135,14.712367718753962,14.316608369697487,14.692580223083496,346500,0.0,0.0
2026-05-29 00:00:00-04:00,14.643109766342608,15.058657546057816,14.57385117401361,14.672791481018066,735300,0.0,0.0
2026-06-01 00:00:00-04:00,14.534275951631077,14.72226235543182,14.019788783282989,14.593640327453613,426800,0.0,0.0
2026-06-02 00:00:00-04:00,14.435335790050374,14.682685612515762,14.098939880527096,14.603533744812012,378500,0.0,0.0
2026-06-03 00:00:00-04:00,14.39575987161924,14.415547366784029,13.881271787429062,14.098939895629883,321900,0.0,0.0
2026-06-04 00:00:00-04:00,14.257243601389481,14.618374115364999,14.143462909627008,14.286925315856934,532000,0.0,0.0
2026-06-05 00:00:00-04:00,14.257243601389481,14.43038866565155,14.069258151676031,14.286925315856934,296500,0.0,0.0
2026-06-08 00:00:00-04:00,14.395760392206384,14.633216004158989,14.03957603071275,14.069258689880371,459900,0.0,0.0
2026-06-09 00:00:00-04:00,14.15830478025378,14.316608521555516,13.77243870315725,14.069258689880371,369100,0.0,0.0
2026-06-10 00:00:00-04:00,14.138516068305996,14.267138091525807,13.995053659353134,14.178092002868652,329100,0.0,0.0
2026-06-11 00:00:00-04:00,14.187986221205833,14.544169632239747,14.079151693494161,14.494699478149414,294300,0.0,0.0
2026-06-12 00:00:00-04:00,14.098940518764435,14.277032700942174,13.594346631637329,14.267138481140137,426900,0.0,0.0
2026-06-15 00:00:00-04:00,14.395760294122603,14.465017944579053,13.940636569198679,14.0,463900,0.0,0.0
2026-06-16 00:00:00-04:00,14.020000457763672,14.3100004196167,13.859999656677246,14.039999961853027,539000,0.15,0.0
2026-06-17 00:00:00-04:00,14.039999961853027,14.260000228881836,13.760000228881836,13.789999961853027,553100,0.0,0.0
2026-06-18 00:00:00-04:00,13.890000343322754,14.029999732971191,13.529999732971191,13.680000305175781,936100,0.0,0.0
2026-06-22 00:00:00-04:00,13.680000305175781,13.8100004196167,13.1899995803833,13.329999923706055,667500,0.0,0.0
2026-06-23 00:00:00-04:00,13.350000381469727,13.975000381469727,13.140000343322754,13.789999961853027,619200,0.0,0.0
2026-06-24 00:00:00-04:00,13.859999656677246,14.164999961853027,13.795000076293945,13.989999771118164,367300,0.0,0.0
2026-06-25 00:00:00-04:00,13.989999771118164,14.229999542236328,13.800000190734863,13.949999809265137,399200,0.0,0.0
2026-06-26 00:00:00-04:00,13.890000343322754,14.550000190734863,13.87399959564209,14.489999771118164,1293400,0.0,0.0
2026-06-29 00:00:00-04:00,14.510000228881836,14.520000457763672,14.255000114440918,14.489999771118164,482400,0.0,0.0
2026-06-30 00:00:00-04:00,14.555000305175781,14.585000038146973,14.170000076293945,14.399999618530273,490600,0.0,0.0
2026-07-01 00:00:00-04:00,14.510000228881836,14.899999618530273,14.300000190734863,14.84000015258789,539700,0.0,0.0
2026-07-02 00:00:00-04:00,14.729999542236328,14.90999984741211,14.484999656677246,14.720000267028809,317400,0.0,0.0
2026-07-06 00:00:00-04:00,14.649999618530273,14.75,14.335000038146973,14.380000114440918,282700,0.0,0.0
2026-07-07 00:00:00-04:00,14.510000228881836,14.680000305175781,14.34000015258789,14.4399995803833,420000,0.0,0.0
2026-07-08 00:00:00-04:00,14.399999618530273,14.399999618530273,14.100000381469727,14.260000228881836,270600,0.0,0.0
2026-07-09 00:00:00-04:00,14.260000228881836,14.5,14.260000228881836,14.40999984741211,298200,0.0,0.0
2026-07-10 00:00:00-04:00,14.510000228881836,14.729000091552734,14.319999694824219,14.59000015258789,332600,0.0,0.0
2026-07-13 00:00:00-04:00,14.649999618530273,15.100000381469727,14.600000381469727,14.890000343322754,515500,0.0,0.0
2026-07-14 00:00:00-04:00,14.819999694824219,14.949999809265137,14.680000305175781,14.869999885559082,434400,0.0,0.0
2026-07-15 00:00:00-04:00,14.8100004196167,15.225000381469727,14.630000114440918,15.1899995803833,688900,0.0,0.0
2026-07-16 00:00:00-04:00,15.199999809265137,15.380000114440918,15.100000381469727,15.270000457763672,516900,0.0,0.0
2026-07-17 00:00:00-04:00,15.1899995803833,15.420000076293945,14.829999923706055,14.949999809265137,396600,0.0,0.0
2026-07-20 00:00:00-04:00,14.9399995803833,14.9399995803833,14.4399995803833,14.710000038146973,383200,0.0,0.0
2026-07-21 00:00:00-04:00,14.539999961853027,14.829999923706055,14.420000076293945,14.789999961853027,267200,0.0,0.0
2026-07-22 00:00:00-04:00,14.869999885559082,14.869999885559082,14.470000267028809,14.8100004196167,559400,0.0,0.0
2026-07-23 00:00:00-04:00,14.619999885559082,14.619999885559082,14.220000267028809,14.359999656677246,467900,0.0,0.0
2026-07-24 00:00:00-04:00,14.380000114440918,14.739999771118164,14.335000038146973,14.729999542236328,311500,0.0,0.0
2026-07-27 00:00:00-04:00,14.930000305175781,15.130000114440918,14.6899995803833,14.789999961853027,354800,0.0,0.0
2026-07-28 00:00:00-04:00,14.930000305175781,15.3100004196167,14.800000190734863,15.130000114440918,625700,0.0,0.0
2026-07-29 00:00:00-04:00,15.140000343322754,15.25,14.829999923706055,14.850000381469727,434500,0.0,0.0
2026-07-30 00:00:00-04:00,14.9399995803833,14.9399995803833,14.449999809265137,14.710000038146973,268900,0.0,0.0
2026-07-31 00:00:00-04:00,14.630000114440918,14.675000190734863,14.350000381469727,14.550000190734863,369100,0.0,0.0
2026-08-03 00:00:00-04:00,14.729999542236328,14.989999771118164,14.649999618530273,14.899999618530273,363000,0.0,0.0
2026-08-04 00:00:00-04:00,15.0,15.0600004196167,14.779999732971191,15.029999732971191,562900,0.0,0.0
2026-08-05 00:00:00-04:00,15.09000015258789,15.114999771118164,14.789999961853027,14.890000343322754,524900,0.0,0.0
2026-08-06 00:00:00-04:00,14.880000114440918,14.920000076293945,14.720000267028809,14.84000015258789,492400,0.0,0.0
2026-08-07 00:00:00-04:00,14.8100004196167,14.989999771118164,14.710000038146973,14.779999732971191,300100,0.0,0.0
2026-08-10 00:00:00-04:00,14.75,14.805000305175781,14.489999771118164,14.649999618530273,374800,0.0,0.0
2026-08-11 00:00:00-04:00,15.0600004196167,15.199999809265137,14.020000457763672,14.84000015258789,894300,0.0,0.0
2026-08-12 00:00:00-04:00,14.789999961853027,15.140000343322754,14.5600004196167,15.020000457763672,663700,0.0,0.0
2026-08-13 00:00:00-04:00,15.140000343322754,15.744999885559082,14.970000267028809,15.5600004196167,821900,0.0,0.0
2026-08-14 00:00:00-04:00,15.619999885559082,15.649999618530273,14.600000381469727,14.630000114440918,432700,0.0,0.0
2026-08-17 00:00:00-04:00,14.539999961853027,14.949999809265137,14.482999801635742,14.880000114440918,521600,0.0,0.0
2026-08-18 00:00:00-04:00,14.930000305175781,15.15999984741211,14.930000305175781,14.989999771118164,550900,0.0,0.0
2026-08-19 00:00:00-04:00,15.09000015258789,15.460000038146973,15.09000015258789,15.119999885559082,367200,0.0,0.0
2026-08-20 00:00:00-04:00,15.079999923706055,15.140000343322754,14.9399995803833,15.020000457763672,292900,0.0,0.0
2026-08-21 00:00:00-04:00,15.079999923706055,15.585000038146973,15.079999923706055,15.5,463800,0.0,0.0
2026-08-24 00:00:00-04:00,15.59000015258789,15.649999618530273,15.289999961853027,15.390000343322754,485500,0.0,0.0
2026-08-25 00:00:00-04:00,15.359999656677246,15.630000114440918,15.164999961853027,15.600000381469727,520800,0.0,0.0
2026-08-26 00:00:00-04:00,15.520000457763672,15.710000038146973,15.25,15.479999542236328,420300,0.0,0.0
2026-08-27 00:00:00-04:00,15.399999618530273,15.630000114440918,15.399999618530273,15.449999809265137,420400,0.0,0.0
2026-08-28 00:00:00-04:00,15.390000343322754,15.680000305175781,15.475000381469727,15.640000343322754,403259,0.0,0.0
