Date,Open,High,Low,Close,Volume,Dividends,Stock Splits
2022-01-04 00:00:00-05:00,28.292875331434793,28.547030753333637,27.83902747673182,27.9842586517334,490600,0.0,0.0
2022-01-05 00:00:00-05:00,28.22932986599316,28.83748590882111,27.22178732590567,27.312557220458984,382100,0.0,0.0
2022-01-06 00:00:00-05:00,26.695329632720316,26.840560802050874,26.07809629741939,26.087173461914062,423600,0.0,0.0
2022-01-07 00:00:00-05:00,26.24148348352413,26.350407733173828,25.696865697860066,25.805789947509766,390600,0.0,0.0
2022-01-10 00:00:00-05:00,25.678708769483755,26.477480117501383,25.50624612465457,26.459325790405273,391700,0.0,0.0
2022-01-11 00:00:00-05:00,26.50471090034267,26.97671127319336,26.29593960689646,26.97671127319336,423800,0.0,0.0
2022-01-12 00:00:00-05:00,27.094716295429972,27.194561642587146,26.604559798997613,27.14917755126953,338400,0.0,0.0
2022-01-13 00:00:00-05:00,27.076562472980953,27.203639316081535,26.640868955528557,26.65902328491211,313800,0.0,0.0
2022-01-14 00:00:00-05:00,26.83148251053745,26.83148251053745,25.93286403881529,26.177942276000977,492300,0.0,0.0
2022-01-17 00:00:00-05:00,26.15070677658555,26.159783939308056,25.715013353655912,26.041784286499023,185400,0.0,0.0
2022-01-18 00:00:00-05:00,26.132558575566282,27.013022732162543,25.77855609504444,25.833017349243164,638800,0.0,0.0
2022-01-19 00:00:00-05:00,26.332251009533167,28.57425864136599,26.168865515555733,28.283796310424805,769900,0.0,0.0
2022-01-20 00:00:00-05:00,28.365491757072988,28.783030964716836,27.84810546443073,27.92072105407715,448900,0.0,0.0
2022-01-21 00:00:00-05:00,27.99333294574571,28.084102853635894,26.66809644564982,26.83148193359375,489200,0.0,0.0
2022-01-24 00:00:00-05:00,26.432096572913824,26.586404893810236,25.488092320067064,26.423019409179688,682400,0.0,0.0
2022-01-25 00:00:00-05:00,26.10532762959645,26.94948487817177,25.92378780340895,26.8677921295166,551600,0.0,0.0
2022-01-26 00:00:00-05:00,26.64993986224504,27.140094521457165,25.787628463229026,25.914705276489258,737100,0.0,0.0
2022-01-27 00:00:00-05:00,25.415477040934505,25.905633500601247,24.834552405440864,24.852705001831055,633000,0.0,0.0
2022-01-28 00:00:00-05:00,24.671167657809804,24.852705746192814,24.072088676691017,24.489627838134766,554000,0.0,0.0
2022-01-31 00:00:00-05:00,24.861784601572705,25.08870852595739,24.444245411725113,24.9707088470459,822000,0.0,0.0
2022-02-01 00:00:00-05:00,25.36101711166336,25.99640303204457,25.07963021179236,25.6787109375,523600,0.0,0.0
2022-02-02 00:00:00-05:00,25.57886020101969,25.89655398139461,24.961626966300834,25.043319702148438,582000,0.0,0.0
2022-02-03 00:00:00-05:00,24.789166317983728,24.870859060377494,24.135626110125553,24.417011260986328,465800,0.0,0.0
2022-02-04 00:00:00-05:00,24.380702985616367,25.007011667522786,24.380702985616367,24.689319610595703,361400,0.0,0.0
2022-02-07 00:00:00-05:00,24.870860347494386,26.069018322887427,24.843630586148574,25.996402740478516,559300,0.0,0.0
2022-02-08 00:00:00-05:00,25.923785350503074,26.622711364512924,25.78763135939137,26.604557037353516,531800,0.0,0.0
2022-02-09 00:00:00-05:00,26.57733073785512,26.94040867185065,26.386713740449874,26.486560821533203,329700,0.0,0.0
2022-02-10 00:00:00-05:00,26.250560529735374,27.103794999035735,25.814866995693905,25.969175338745117,565700,0.0,0.0
2022-02-11 00:00:00-05:00,26.06902303513871,27.884414654804722,25.951023341629057,27.584875106811523,744700,0.0,0.0
2022-02-14 00:00:00-05:00,27.938874507122282,27.966104270327126,27.439640829096774,27.68471908569336,546200,0.0,0.0
2022-02-15 00:00:00-05:00,26.904101298404754,27.67564302707061,26.50471641757133,27.593950271606445,460700,0.0,0.0
2022-02-16 00:00:00-05:00,27.657487642333766,28.183951084537526,27.584872054832978,27.9842586517334,514800,0.0,0.0
2022-02-17 00:00:00-05:00,28.501641956561812,28.547027776073982,28.029639821387196,28.37456512451172,700700,0.0,0.0
2022-02-18 00:00:00-05:00,28.329182207159754,28.3654908664891,27.439640829096774,27.68471908569336,743800,0.0,0.0
2022-02-22 00:00:00-05:00,27.88440767349164,28.093178973266152,27.112867813334976,27.221790313720703,534400,0.0,0.0
2022-02-23 00:00:00-05:00,27.112869743898983,28.456258886258095,27.04025416137395,28.138565063476562,554500,0.0,0.0
2022-02-24 00:00:00-05:00,28.991794210174227,29.354872057095747,26.83147799123063,27.312557220458984,949300,0.0,0.0
2022-02-25 00:00:00-05:00,26.62271208444594,27.103791379428056,26.050864613796083,26.858713150024414,746500,0.0,0.0
2022-02-28 00:00:00-05:00,27.230867568799745,27.639331274848516,26.95855958562852,27.21271324157715,638300,0.0,0.0
2022-03-01 00:00:00-05:00,27.439639320501694,29.93580237951699,27.312562482419832,29.790571212768555,1110500,0.0,0.0
2022-03-02 00:00:00-05:00,29.218722106539076,29.545493098797493,28.80118293313517,29.31856918334961,536000,0.0,0.0
2022-03-03 00:00:00-05:00,29.509183967639864,29.69072378960102,29.00087662124955,29.51826286315918,555300,0.0,0.0
2022-03-04 00:00:00-05:00,29.93046771056933,31.06129740415568,29.77543648711457,30.824186325073242,655800,0.152,0.0
2022-03-07 00:00:00-05:00,30.71474806416092,31.90941438778785,30.249647500486176,31.097768783569336,979700,0.0,0.0
2022-03-08 00:00:00-05:00,31.86381294890648,33.89747897875138,31.426073503270455,31.98236846923828,1842100,0.0,0.0
2022-03-09 00:00:00-05:00,30.24965828118223,31.763512556017012,29.875755478523516,31.416967391967773,1058700,0.0,0.0
2022-03-10 00:00:00-05:00,31.553748116112843,32.48394577339503,31.553748116112843,32.23771667480469,931700,0.0,0.0
2022-03-11 00:00:00-05:00,31.316639303147216,32.11004182565435,31.006573429696495,31.781736373901367,703900,0.0,0.0
2022-03-14 00:00:00-04:00,31.106894936722203,31.143374099853737,30.039902027613863,30.34996795654297,996200,0.0,0.0
2022-03-15 00:00:00-04:00,29.49272461269743,31.252803995332076,29.282974670575687,30.915380477905273,658300,0.0,0.0
2022-03-16 00:00:00-04:00,30.696510434640267,31.26192349965339,30.140215420211344,31.188968658447266,672400,0.0,0.0
2022-03-17 00:00:00-04:00,31.91853702208423,32.775776478293345,31.699665523241237,31.80910301208496,844200,0.0,0.0
2022-03-18 00:00:00-04:00,31.40783787525263,32.00973012356228,31.070414329084393,31.79998016357422,1220500,0.0,0.0
2022-03-21 00:00:00-04:00,31.918539157727416,32.65722660204748,31.763507923092476,32.02797317504883,600600,0.0,0.0
2022-03-22 00:00:00-04:00,31.9641263411349,31.9641263411349,31.234560656603392,31.608463287353516,366600,0.0,0.0
2022-03-23 00:00:00-04:00,31.863814060288494,32.16476189650974,31.33488018292933,31.945890426635742,521900,0.0,0.0
2022-03-24 00:00:00-04:00,32.31067795187143,33.24999374532403,32.009730088622945,32.338035583496094,587400,0.0,0.0
2022-03-25 00:00:00-04:00,32.05533341908898,32.35627782827164,31.863819545415005,32.12828826904297,354600,0.0,0.0
2022-03-28 00:00:00-04:00,31.781742509207792,31.863818887990472,30.495881560842168,30.614437103271484,463200,0.0,0.0
2022-03-29 00:00:00-04:00,29.957821577882324,31.198085125012163,29.720714007445856,31.116008758544922,425100,0.0,0.0
2022-03-30 00:00:00-04:00,31.216317302718444,31.809091306529066,31.070404183466426,31.316633224487305,255800,0.0,0.0
2022-03-31 00:00:00-04:00,31.51727254075987,31.909414794009567,31.07041155025068,31.116008758544922,478500,0.0,0.0
2022-04-01 00:00:00-04:00,30.979221227438895,32.146526612477345,30.970099697268274,32.05533218383789,345500,0.0,0.0
2022-04-04 00:00:00-04:00,32.155639377110774,32.66633713852376,31.608465937545624,31.936771392822266,259400,0.0,0.0
2022-04-05 00:00:00-04:00,31.918532437793026,32.42010868033241,30.924498002719428,31.097768783569336,304800,0.0,0.0
2022-04-06 00:00:00-04:00,31.088654216203516,31.444317346594858,30.769470247607273,31.170730590820312,300400,0.0,0.0
2022-04-07 00:00:00-04:00,31.362237941843023,31.99149124605649,31.024814424950183,31.745262145996094,367300,0.0,0.0
2022-04-08 00:00:00-04:00,31.964132206335368,33.003763932413555,31.90029541465297,32.79401397705078,527800,0.0,0.0
2022-04-11 00:00:00-04:00,33.62389673039618,33.797171009035836,32.711938561031594,33.1861572265625,445200,0.0,0.0
2022-04-12 00:00:00-04:00,33.50535035992381,34.19843715558524,33.10408647083752,33.56918716430664,518800,0.0,0.0
2022-04-13 00:00:00-04:00,33.99780300824499,34.48114325434174,33.8701294077516,34.30786895751953,365500,0.0,0.0
2022-04-14 00:00:00-04:00,34.23491245570148,34.63617282060948,33.84277014231308,34.3717041015625,323500,0.0,0.0
2022-04-18 00:00:00-04:00,34.80032299821304,35.11950696039856,34.05251759065473,34.13459396362305,366800,0.0,0.0
2022-04-19 00:00:00-04:00,33.48710684099268,33.77893319212096,32.76665901465027,32.98552703857422,397400,0.0,0.0
2022-04-20 00:00:00-04:00,32.675462165542385,33.268232875394716,32.538667051583396,33.240875244140625,292800,0.0,0.0
2022-04-21 00:00:00-04:00,32.89432336985289,32.91256294653128,30.90625473687422,31.343994140625,540200,0.0,0.0
2022-04-22 00:00:00-04:00,30.869783755279247,31.453439926960968,30.395568551482317,30.641794204711914,453900,0.0,0.0
2022-04-25 00:00:00-04:00,29.565683364868164,30.09462079412541,28.544291148356116,29.565683364868164,733800,0.0,0.0
2022-04-26 00:00:00-04:00,29.93958211223043,30.112852875809363,28.717556542128943,28.845230102539062,395300,0.0,0.0
2022-04-27 00:00:00-04:00,29.07322636111907,29.29209611820872,28.44397646176966,28.498693466186523,459300,0.0,0.0
2022-04-28 00:00:00-04:00,28.580766496730625,29.410648214162535,28.398374184129807,29.30121421813965,450800,0.0,0.0
2022-04-29 00:00:00-04:00,29.510968730961523,29.793673554378866,29.000270872346523,29.045869827270508,317700,0.0,0.0
2022-05-02 00:00:00-04:00,28.425732495085903,28.699319214384584,27.84207989955701,28.662841796875,509900,0.0,0.0
2022-05-03 00:00:00-04:00,28.671964893268527,29.75719558524992,28.653725312698924,29.4744873046875,345200,0.0,0.0
2022-05-04 00:00:00-04:00,29.41065408171461,30.149341529639443,29.146185349622975,30.058143615722656,346700,0.0,0.0
2022-05-05 00:00:00-04:00,30.313493999132376,30.441167598521492,28.489575745363428,28.89995765686035,322600,0.0,0.0
2022-05-06 00:00:00-04:00,28.890832567589623,29.155299509172618,28.42573373298986,28.580766677856445,416200,0.0,0.0
2022-05-09 00:00:00-04:00,27.823844988486044,27.969758161844915,26.437668102154564,26.50150489807129,590700,0.0,0.0
2022-05-10 00:00:00-04:00,26.775085556584628,27.194585372206685,25.616898560446252,26.100236892700195,764600,0.0,0.0
2022-05-11 00:00:00-04:00,26.60181899732328,27.176351859830834,25.890491022360592,26.00904655456543,436800,0.0,0.0
2022-05-12 00:00:00-04:00,25.480111581391707,26.091123620661392,24.549913836935378,24.96941375732422,567600,0.0,0.0
2022-05-13 00:00:00-04:00,24.94205309917349,25.94520730542782,24.94205309917349,25.49834632873535,492000,0.0,0.0
2022-05-16 00:00:00-04:00,25.48011589050293,25.635148874130973,25.170049923246843,25.48011589050293,398000,0.0,0.0
2022-05-17 00:00:00-04:00,25.954323785039975,26.30086879831458,25.498344786094744,25.80841064453125,337800,0.0,0.0
2022-05-18 00:00:00-04:00,25.616902767474542,25.75369613245052,24.841738046714646,24.951173782348633,307600,0.0,0.0
2022-05-19 00:00:00-04:00,25.443635599627086,26.820692807667537,25.443635599627086,26.364713668823242,422000,0.0,0.0
2022-05-20 00:00:00-04:00,26.515072672819866,26.70760866767909,25.83660975244277,26.240020751953125,687200,0.154,0.0
2022-05-24 00:00:00-04:00,26.185006495141096,26.735112033644597,25.680744104942978,26.423385620117188,282800,0.0,0.0
2022-05-25 00:00:00-04:00,26.047482834268045,26.39588379702401,25.873282352890065,26.26752471923828,343500,0.0,0.0
2022-05-26 00:00:00-04:00,26.21251595120577,26.661768373310405,26.084158615958025,26.515073776245117,289800,0.0,0.0
2022-05-27 00:00:00-04:00,26.900145612042063,27.03767156838938,26.313367265633552,26.487565994262695,264300,0.0,0.0
2022-05-30 00:00:00-04:00,26.63425885611005,26.63425885611005,26.24918515403133,26.423385620117188,76400,0.0,0.0
2022-05-31 00:00:00-04:00,26.331703530942754,26.634261343060146,25.20398820839042,25.506546020507812,720800,0.0,0.0
2022-06-01 00:00:00-04:00,25.891619358403073,26.175839905093632,25.506545626319525,25.634902954101562,278500,0.0,0.0
2022-06-02 00:00:00-04:00,25.964967007087715,27.91784158528841,25.964967007087715,27.6702938079834,395400,0.0,0.0
2022-06-03 00:00:00-04:00,27.477755383808027,27.789481818152804,27.101850286287103,27.211872100830078,358600,0.0,0.0
2022-06-06 00:00:00-04:00,27.54193507897913,27.624449251817268,26.52423987870609,26.771787643432617,244400,0.0,0.0
2022-06-07 00:00:00-04:00,26.66176795370818,27.019335809835233,26.304200097581123,26.670936584472656,195600,0.0,0.0
2022-06-08 00:00:00-04:00,26.542575668272526,26.71677438307004,26.0658174253022,26.560911178588867,291800,0.0,0.0
2022-06-09 00:00:00-04:00,26.450893350545975,26.450893350545975,25.671577262473406,25.726587295532227,338500,0.0,0.0
2022-06-10 00:00:00-04:00,25.534052455833592,27.59694715022116,25.213157375848027,27.413578033447266,463400,0.0,0.0
2022-06-13 00:00:00-04:00,26.267521332298294,26.570079103712683,25.341510759487658,25.369016647338867,551300,0.0,0.0
2022-06-14 00:00:00-04:00,25.51571656643227,25.561557973721968,24.443011197720043,24.800579071044922,423100,0.0,0.0
2022-06-15 00:00:00-04:00,25.43319935753297,25.75409443866416,24.69972638529383,25.25899887084961,526200,0.0,0.0
2022-06-16 00:00:00-04:00,24.983945914677214,26.185008513039065,24.589703552555875,25.67157745361328,561200,0.0,0.0
2022-06-17 00:00:00-04:00,25.662408529516785,25.71741856235555,24.974776998451265,25.08479881286621,916800,0.0,0.0
2022-06-20 00:00:00-04:00,24.97477599412841,25.63490160785989,24.910597333607797,25.479040145874023,183700,0.0,0.0
2022-06-21 00:00:00-04:00,25.185649437542267,25.836608175339723,24.88309164356242,25.39652442932129,604500,0.0,0.0
2022-06-22 00:00:00-04:00,25.286507737609405,25.882454816248856,24.86476116614502,24.90143394470215,431300,0.0,0.0
2022-06-23 00:00:00-04:00,24.837256590579322,25.194824507017383,24.012098918709597,24.44301414489746,449900,0.0,0.0
2022-06-24 00:00:00-04:00,24.543864155006997,25.12147392546703,24.186294536400712,24.919769287109375,344200,0.0,0.0
2022-06-27 00:00:00-04:00,25.057292328046067,25.314008723103367,24.70889313001015,25.295671463012695,378400,0.0,0.0
2022-06-28 00:00:00-04:00,25.295673322783614,25.424030655380573,24.433841271270076,24.617210388183594,441200,0.0,0.0
2022-06-29 00:00:00-04:00,24.791411755541333,25.011453654416023,23.92957967339561,24.259641647338867,356600,0.0,0.0
2022-06-30 00:00:00-04:00,24.01209486471042,24.158789459443348,23.141094178338335,23.18693733215332,399000,0.0,0.0
2022-07-04 00:00:00-04:00,23.333633442575916,23.984590530395508,23.26028614044501,23.984590530395508,186400,0.0,0.0
2022-07-05 00:00:00-04:00,23.370305103730253,23.516999700989842,21.92169464423862,22.334274291992188,509000,0.0,0.0
2022-07-06 00:00:00-04:00,22.343442517375816,22.64600033732444,21.756662390250067,22.471799850463867,542900,0.0,0.0
2022-07-07 00:00:00-04:00,22.581820979393097,23.269452579540406,22.499306796214004,22.792695999145508,400100,0.0,0.0
2022-07-08 00:00:00-04:00,22.866040298793212,22.966891731103537,22.14173426897322,22.453460693359375,277400,0.0,0.0
2022-07-11 00:00:00-04:00,22.27009203332096,22.78352304094086,22.16007022874807,22.2242488861084,195700,0.0,0.0
2022-07-12 00:00:00-04:00,22.178410603580712,22.490137053473,21.674146405819656,21.811674118041992,264200,0.0,0.0
2022-07-13 00:00:00-04:00,21.600796069480904,22.701007120034923,21.56412330045564,22.233417510986328,429200,0.0,0.0
2022-07-14 00:00:00-04:00,21.701648133986644,22.03171178200896,20.913163529816522,21.930858612060547,500400,0.0,0.0
2022-07-15 00:00:00-04:00,22.114231937203623,22.178410603580712,21.21572536171188,21.811674118041992,414200,0.0,0.0
2022-07-18 00:00:00-04:00,22.004209705449632,22.343442041186467,21.9216937791552,21.9583683013916,268000,0.0,0.0
2022-07-19 00:00:00-04:00,22.105062517895075,22.43512446873651,21.93086203770206,22.050050735473633,258000,0.0,0.0
2022-07-20 00:00:00-04:00,22.169239328937064,22.370943934743604,21.279901490238785,21.30740737915039,348000,0.0,0.0
2022-07-21 00:00:00-04:00,21.444932315682742,22.590984735267963,21.32574363349025,22.435121536254883,610500,0.0,0.0
2022-07-22 00:00:00-04:00,22.691840431812405,23.315293297211703,22.196744892088,22.24258804321289,458700,0.0,0.0
2022-07-25 00:00:00-04:00,22.086726694229974,22.160073993493693,21.23406324732828,21.56412696838379,464600,0.0,0.0
2022-07-26 00:00:00-04:00,21.719988580173958,22.178409603612696,21.664976798270363,22.132566452026367,409000,0.0,0.0
2022-07-27 00:00:00-04:00,22.14173348781652,22.89354363231679,22.022544799750232,22.756017684936523,463200,0.0,0.0
2022-07-28 00:00:00-04:00,23.590351081847565,23.993762168489095,23.251120422758653,23.617856979370117,612500,0.0,0.0
2022-07-29 00:00:00-04:00,23.792052841255067,24.094610659813497,23.269451383074596,23.89290428161621,432200,0.0,0.0
2022-08-02 00:00:00-04:00,24.11294290951738,24.42466931660511,23.63618641815137,23.68202781677246,391000,0.0,0.0
2022-08-03 00:00:00-04:00,23.782882612394392,23.810386753945814,22.838534697327333,23.076913833618164,405500,0.0,0.0
2022-08-04 00:00:00-04:00,23.379470182356904,24.61720718881737,23.15942831990084,24.342153549194336,388400,0.0,0.0
2022-08-05 00:00:00-04:00,23.67285969671054,24.27797526496398,23.223607335354945,24.232133865356445,318600,0.0,0.0
2022-08-08 00:00:00-04:00,24.663050082772497,24.81891329671933,24.29631362311447,24.543861389160156,398500,0.0,0.0
2022-08-09 00:00:00-04:00,24.72722833339056,24.80057562410235,24.12211274783394,24.708892822265625,250800,0.0,0.0
2022-08-10 00:00:00-04:00,24.95644057297142,25.16731557859452,24.571366832740615,24.754735946655273,345400,0.0,0.0
2022-08-11 00:00:00-04:00,22.719348247491077,22.719348247491077,20.647284856990556,20.839820861816406,1421800,0.0,0.0
2022-08-12 00:00:00-04:00,20.940673006724655,21.756661888962064,20.940673006724655,21.24323081970215,643900,0.0,0.0
2022-08-15 00:00:00-04:00,20.83982233008529,21.05986424341969,20.518927217362663,21.004854202270508,512200,0.0,0.0
2022-08-16 00:00:00-04:00,20.793976039483862,20.931501984443326,20.418070973850604,20.69312286376953,573400,0.0,0.0
2022-08-17 00:00:00-04:00,20.546434678736045,20.63811925346636,19.721277003638825,19.81296157836914,529100,0.0,0.0
2022-08-18 00:00:00-04:00,19.858798788929764,20.014662008366837,19.675429678272934,19.913808822631836,381100,0.0,0.0
2022-08-19 00:00:00-04:00,19.83259352761607,19.94333935790162,19.21426689578111,19.306554794311523,600000,0.142,0.0
2022-08-22 00:00:00-04:00,19.085067270517158,19.343471306285288,18.91894938452595,19.260414123535156,514800,0.0,0.0
2022-08-23 00:00:00-04:00,19.251187982572702,19.924886832217496,19.251187982572702,19.509592056274414,661600,0.0,0.0
2022-08-24 00:00:00-04:00,19.463444586912505,19.869510302933445,19.325013612886945,19.814136505126953,405100,0.0,0.0
2022-08-25 00:00:00-04:00,19.9341135691774,19.971027678325882,19.638793655007376,19.8695125579834,449700,0.0,0.0
2022-08-26 00:00:00-04:00,19.823364286098005,20.007940080592345,18.909717799866012,19.09429359436035,621000,0.0,0.0
2022-08-29 00:00:00-04:00,18.82665995553856,19.260412569574306,18.69745794807872,18.77128791809082,366200,0.0,0.0
2022-08-30 00:00:00-04:00,18.80820631098895,18.882036297833277,18.254482289779343,18.282167434692383,462600,0.0,0.0
2022-08-31 00:00:00-04:00,18.18064752952437,18.52211046893462,17.977613798825583,18.032987594604492,743800,0.0,0.0
2022-09-01 00:00:00-04:00,17.700754321477763,17.913015287400636,17.48849335555489,17.5992374420166,501300,0.0,0.0
2022-09-02 00:00:00-04:00,17.940700781686086,18.355993713705928,17.67306603328286,18.15296173095703,500100,0.0,0.0
2022-09-06 00:00:00-04:00,18.319079680016088,18.55902752979825,17.84841294701016,17.866870880126953,504400,0.0,0.0
2022-09-07 00:00:00-04:00,17.885327777484232,18.586713422125147,17.756125760923826,18.50365447998047,568900,0.0,0.0
2022-09-08 00:00:00-04:00,18.328310280541913,18.79897705550775,18.24525133435703,18.697460174560547,441300,0.0,0.0
2022-09-09 00:00:00-04:00,18.937407793383628,19.103525683539793,18.715917859923913,19.085067749023438,385900,0.0,0.0
2022-09-12 00:00:00-04:00,19.629562117829423,20.03562606653005,19.389614278917975,19.860280990600586,530900,0.0,0.0
2022-09-13 00:00:00-04:00,19.168128820864425,19.7310818041105,19.103527803135016,19.297330856323242,500100,0.0,0.0
2022-09-14 00:00:00-04:00,19.444990348160378,19.666480300725482,19.29733037978364,19.500362396240234,399900,0.0,0.0
2022-09-15 00:00:00-04:00,19.315790529091817,19.75877048497859,18.928182627629425,19.112756729125977,683800,0.0,0.0
2022-09-16 00:00:00-04:00,18.84511994243476,19.67570763567569,18.743603062509635,19.269641876220703,1345700,0.0,0.0
2022-09-19 00:00:00-04:00,19.112750212178835,19.786450645652373,18.992777175126033,19.7772216796875,577000,0.0,0.0
2022-09-20 00:00:00-04:00,19.45421642313264,19.72185117616843,19.158896530296875,19.694164276123047,517000,0.0,0.0
2022-09-21 00:00:00-04:00,19.897195094916412,20.377090772739304,19.528045250531612,19.860280990600586,660600,0.0,0.0
2022-09-22 00:00:00-04:00,20.063312133460634,20.303259962427845,19.481901372680827,19.537273406982422,443400,0.0,0.0
2022-09-23 00:00:00-04:00,19.01123871975658,19.020467687475232,18.217565098408645,18.577486038208008,747500,0.0,0.0
2022-09-26 00:00:00-04:00,18.540566316133287,19.038918100391182,18.346761573189326,18.448278427124023,624700,0.0,0.0
2022-09-27 00:00:00-04:00,18.771288334331324,19.020465148739483,18.42059464881346,18.43905258178711,503500,0.0,0.0
2022-09-28 00:00:00-04:00,18.679002785365334,19.592649459838867,18.679002785365334,19.592649459838867,592700,0.0,0.0
2022-09-29 00:00:00-04:00,19.426526649205805,19.81413439127298,19.029691702067282,19.75876235961914,558700,0.0,0.0
2022-09-30 00:00:00-04:00,19.731074521991093,20.653949886654278,19.638788393720827,20.266342163085938,834300,0.0,0.0
2022-10-03 00:00:00-04:00,20.783161064999938,21.3830299144451,20.60781419015589,21.22614097595215,587300,0.0,0.0
2022-10-04 00:00:00-04:00,21.62298027749215,21.81678335059073,21.12462650053142,21.493778228759766,622100,0.0,0.0
2022-10-05 00:00:00-04:00,21.106163970752092,21.36456799045428,20.700098248047475,21.327653884887695,432600,0.0,0.0
2022-10-06 00:00:00-04:00,21.336881706687034,21.936750411987305,21.272278944981846,21.936750411987305,488900,0.0,0.0
2022-10-07 00:00:00-04:00,21.493773724726815,21.613746779088476,20.737014248634814,20.75547218322754,424800,0.0,0.0
2022-10-11 00:00:00-04:00,20.36786384917866,20.764700631780862,20.118687019138374,20.174060821533203,578300,0.0,0.0
2022-10-12 00:00:00-04:00,20.257117363643097,20.681639236875284,20.063312598725375,20.66318130493164,388500,0.0,0.0
2022-10-13 00:00:00-04:00,20.00794571938661,20.524755625278807,19.61110888155581,20.395553588867188,643900,0.0,0.0
2022-10-14 00:00:00-04:00,20.31249057754809,20.34940468333148,19.472673988092847,19.61110496520996,612600,0.0,0.0
2022-10-17 00:00:00-04:00,19.88796609786422,20.709326480619726,19.703392056081356,19.731077194213867,539000,0.0,0.0
2022-10-18 00:00:00-04:00,19.98025701120295,20.11868800347198,19.638794014289047,19.952571868896484,310100,0.0,0.0
2022-10-19 00:00:00-04:00,19.67570854753082,19.67570854753082,19.380388621602837,19.46344757080078,380200,0.0,0.0
2022-10-20 00:00:00-04:00,19.500361764843216,20.18329129678032,19.435760750800803,19.80491065979004,384600,0.0,0.0
2022-10-21 00:00:00-04:00,19.804910106547474,20.423236846923828,19.777224964300164,20.423236846923828,633800,0.0,0.0
2022-10-24 00:00:00-04:00,20.28480662448102,20.28480662448102,19.694166764190854,19.989486694335938,610300,0.0,0.0
2022-10-25 00:00:00-04:00,20.035629113358215,20.37709387149419,19.92488502332452,20.13714599609375,547700,0.0,0.0
2022-10-26 00:00:00-04:00,20.284804226046415,21.189221845240617,20.284804226046415,20.764699935913086,471200,0.0,0.0
2022-10-27 00:00:00-04:00,20.792386007601507,21.060018991893756,20.395549254112154,20.41400718688965,382200,0.0,0.0
2022-10-28 00:00:00-04:00,20.22943310002372,20.41400892300526,19.943342158623285,20.386322021484375,343000,0.0,0.0
2022-10-31 00:00:00-04:00,20.174059059161788,20.423234107189085,20.06331322429218,20.072542190551758,347600,0.0,0.0
2022-11-01 00:00:00-04:00,20.718559763057364,20.866219731343875,20.441696002335895,20.543212890625,707400,0.0,0.0
2022-11-02 00:00:00-04:00,20.6631821093424,20.820071016480465,19.528045654296875,19.528045654296875,600800,0.0,0.0
2022-11-03 00:00:00-04:00,19.380385457565,19.72185016632528,19.168124515488643,19.315784454345703,481200,0.0,0.0
2022-11-04 00:00:00-04:00,19.371157644261658,19.629563432763614,17.26700074994826,18.5497989654541,2596800,0.0,0.0
2022-11-07 00:00:00-05:00,18.66054378453786,19.17735538199408,18.346765943312835,18.715917587280273,1259500,0.0,0.0
2022-11-08 00:00:00-05:00,18.743600701830232,19.869509925754663,18.383679824147006,18.845117568969727,2023300,0.0,0.0
2022-11-09 00:00:00-05:00,18.808205348029276,18.808205348029276,16.74096406198281,16.990140914916992,2464900,0.0,0.0
2022-11-10 00:00:00-05:00,17.90378709034861,17.968388103604564,17.16548728135828,17.922245025634766,2067100,0.0,0.0
2022-11-11 00:00:00-05:00,17.82072965118023,18.928181218709852,17.626926594997705,18.90972328186035,1258700,0.0,0.0
2022-11-14 00:00:00-05:00,18.82665943467265,19.011235234719017,18.30062069285938,18.789745330810547,857900,0.0,0.0
2022-11-15 00:00:00-05:00,18.9927778059702,19.03892087708193,18.10681816685857,18.19910430908203,834200,0.0,0.0
2022-11-16 00:00:00-05:00,18.116043090820312,18.365219868023846,17.866868073861887,18.116043090820312,790200,0.0,0.0
2022-11-17 00:00:00-05:00,17.820725298024648,18.079131070058384,17.60846435684264,17.70075225830078,520300,0.0,0.0
2022-11-18 00:00:00-05:00,17.92657921345591,18.493463067809966,17.750007960852127,18.45629119873047,1196000,0.133,0.0
2022-11-21 00:00:00-05:00,18.316889861839837,18.55851318896792,18.131026991189728,18.52134132385254,466000,0.0,0.0
2022-11-22 00:00:00-05:00,18.67932574307383,19.469247817993164,18.58639342145921,19.469247817993164,855500,0.0,0.0
2022-11-23 00:00:00-05:00,19.376317285593124,19.943201131968955,19.16257416691803,19.878149032592773,617900,0.0,0.0
2022-11-24 00:00:00-05:00,20.101183867418847,20.101183867418847,19.840975491844418,19.9617862701416,119100,0.0,0.0
2022-11-25 00:00:00-05:00,19.83168395599585,19.83168395599585,19.450662993589837,19.682992935180664,301200,0.0,0.0
2022-11-28 00:00:00-05:00,19.552884010158415,19.60864268635586,18.58639083587544,18.744375228881836,828500,0.0,0.0
2022-11-29 00:00:00-05:00,19.0603485999602,19.729458192896406,19.0603485999602,19.274091720581055,800400,0.0,0.0
2022-11-30 00:00:00-05:00,19.515718141363458,20.528676986694336,19.39490733278561,20.528676986694336,1680600,0.0,0.0
2022-12-01 00:00:00-05:00,21.002626916250385,21.866894576069587,20.57513890522145,21.857601165771484,1419000,0.0,0.0
2022-12-02 00:00:00-05:00,21.30930072141837,21.987703667994015,21.123436074873734,21.811132431030273,841800,0.0,0.0
2022-12-05 00:00:00-05:00,21.597388583921205,21.690320903990592,20.918985660726854,20.937572479248047,710500,0.0,0.0
2022-12-06 00:00:00-05:00,21.346474460580954,21.45799361280203,20.733123554707007,20.779590606689453,451300,0.0,0.0
2022-12-07 00:00:00-05:00,21.07696809960774,21.736784142501083,21.01191601341109,21.541627883911133,587000,0.0,0.0
2022-12-08 00:00:00-05:00,21.755371264579956,21.79254489866337,20.965449265671754,21.021209716796875,478200,0.0,0.0
2022-12-09 00:00:00-05:00,21.25354465663378,21.504459656104533,20.761004523345157,20.835350036621094,590300,0.0,0.0
2022-12-12 00:00:00-05:00,20.72382685026845,20.826052575844308,20.352099356178744,20.751707077026367,428200,0.0,0.0
2022-12-13 00:00:00-05:00,21.662443485488236,21.773962638541104,20.5472608176436,20.928281784057617,859400,0.0,0.0
2022-12-14 00:00:00-05:00,20.86322968333378,21.067679395971098,20.50079376531457,20.928281784057617,604800,0.0,0.0
2022-12-15 00:00:00-05:00,20.379983305641204,20.482209049890102,20.04542761358068,20.064014434814453,639500,0.0,0.0
2022-12-16 00:00:00-05:00,19.99895938960336,20.528671309045414,19.850268386691084,20.333513259887695,1169600,0.0,0.0
2022-12-19 00:00:00-05:00,20.314929926302543,20.407860481553545,19.868855107428814,19.906028747558594,458800,0.0,0.0
2022-12-20 00:00:00-05:00,20.4171533682654,21.43940540265514,20.305635995807858,21.16061019897461,617000,0.0,0.0
2022-12-21 00:00:00-05:00,21.504455741113002,21.699613785768392,21.16060846951219,21.30929946899414,620100,0.0,0.0
2022-12-22 00:00:00-05:00,20.98403815778963,21.19778125729665,20.27775499318952,21.169902801513672,1160600,0.0,0.0
2022-12-23 00:00:00-05:00,21.244247595878363,21.355764960363757,20.519377636577104,21.262832641601562,630500,0.0,0.0
2022-12-28 00:00:00-05:00,21.578804354659304,21.588097765035027,21.039798960625028,21.123437881469727,428900,0.0,0.0
2022-12-29 00:00:00-05:00,21.41152887986737,21.643858828099244,20.984040853401563,21.030506134033203,309000,0.0,0.0
2022-12-30 00:00:00-05:00,21.086266498943488,21.104851547586883,20.37068983633643,20.537967681884766,492000,0.0,0.0
2023-01-03 00:00:00-05:00,21.244249197202414,22.052756354542147,21.244249197202414,21.84830665588379,692500,0.0,0.0
2023-01-04 00:00:00-05:00,22.14568888777323,22.60105533850779,21.885478727694892,22.405899047851562,1093500,0.0,0.0
2023-01-05 00:00:00-05:00,22.03417197321211,22.03417197321211,21.197784493825484,21.95053482055664,731600,0.0,0.0
2023-01-06 00:00:00-05:00,22.31296456804728,22.54529447595381,21.71820057101826,22.19215202331543,590000,0.0,0.0
2023-01-09 00:00:00-05:00,22.42448418530534,22.45236441516976,21.866893768310547,21.866893768310547,468600,0.0,0.0
2023-01-10 00:00:00-05:00,21.885479953432267,22.563884735107422,21.671736830970065,22.563884735107422,486800,0.0,0.0
2023-01-11 00:00:00-05:00,23.028544415191615,23.05642287371853,22.48953902238423,22.75904083251953,614300,0.0,0.0
2023-01-12 00:00:00-05:00,23.12147262725127,23.186526493131442,22.424482874221706,23.000661849975586,501000,0.0,0.0
2023-01-13 00:00:00-05:00,22.972787299023665,23.428153837500336,22.90773518960372,23.409568786621094,461700,0.0,0.0
2023-01-16 00:00:00-05:00,23.23299352740481,23.706946808068274,23.14006119878784,23.604721069335938,219800,0.0,0.0
2023-01-17 00:00:00-05:00,23.381682073008374,23.381682073008374,22.740451023112296,22.879850387573242,697400,0.0,0.0
2023-01-18 00:00:00-05:00,23.24228117293147,23.864925315938166,22.74044778638743,22.786914825439453,551000,0.0,0.0
2023-01-19 00:00:00-05:00,22.833385791255914,23.372391171043084,22.60105585561426,23.260873794555664,460100,0.0,0.0
2023-01-20 00:00:00-05:00,23.12147595633529,23.799880760756853,22.982078340165902,23.71624183654785,561400,0.0,0.0
2023-01-23 00:00:00-05:00,23.335216681659293,23.474614272877478,22.86126345348823,23.353801727294922,642000,0.0,0.0
2023-01-24 00:00:00-05:00,23.353801280739724,23.679063502387077,22.954195332898326,23.660476684570312,744800,0.0,0.0
2023-01-25 00:00:00-05:00,23.428152362403416,23.91139910557805,23.251582868677133,23.855640411376953,688500,0.0,0.0
2023-01-26 00:00:00-05:00,23.790587417497846,23.790587417497846,22.963491583811003,23.24228858947754,539100,0.0,0.0
2023-01-27 00:00:00-05:00,23.000662205169856,23.056420889963043,22.675399960892452,22.95419692993164,485400,0.0,0.0
2023-01-30 00:00:00-05:00,22.879853599850154,23.065716490998536,22.536004503793606,22.563884735107422,468300,0.0,0.0
2023-01-31 00:00:00-05:00,22.489537836008072,22.805506681248104,22.275792954202153,22.53600311279297,758600,0.0,0.0
2023-02-01 00:00:00-05:00,22.433778863482512,23.33522018215518,22.154983639224316,23.1865291595459,556500,0.0,0.0
2023-02-02 00:00:00-05:00,23.363098554624116,23.52108298712909,22.46165901182325,22.842679977416992,671500,0.0,0.0
2023-02-03 00:00:00-05:00,22.27579457688179,22.443072421551474,21.309302923565692,21.35576820373535,956400,0.0,0.0
2023-02-06 00:00:00-05:00,21.34646836713828,21.34646836713828,20.946862469379248,21.23495101928711,548800,0.0,0.0
2023-02-07 00:00:00-05:00,21.281420623586413,21.56950923221978,21.030503880968652,21.207075119018555,558500,0.0,0.0
2023-02-08 00:00:00-05:00,21.272124303293513,21.36505661442161,20.99332914244562,21.06767463684082,402400,0.0,0.0
2023-02-09 00:00:00-05:00,21.28141926083516,21.34647135159936,20.603016353527774,20.640188217163086,596700,0.0,0.0
2023-02-10 00:00:00-05:00,20.565844517445417,20.640190023759896,20.20341039572941,20.42644691467285,495000,0.0,0.0
2023-02-13 00:00:00-05:00,20.314928690772025,20.519378381441246,20.119770637033422,20.156944274902344,402400,0.0,0.0
2023-02-14 00:00:00-05:00,20.064016030077564,20.50079572857792,19.971083689056623,20.454330444335938,514800,0.0,0.0
2023-02-15 00:00:00-05:00,20.101186823308183,20.203412570194264,19.813098176900084,20.036134719848633,602300,0.0,0.0
2023-02-16 00:00:00-05:00,19.924614235493824,20.42644593593706,19.6551106801817,20.28704833984375,504400,0.0,0.0
2023-02-17 00:00:00-05:00,20.04542501276493,20.435739345348164,19.971079510012725,20.28704833984375,951800,0.0,0.0
2023-02-21 00:00:00-05:00,20.314929989014413,20.379982086905617,19.645818644906647,19.71087074279785,801900,0.0,0.0
2023-02-22 00:00:00-05:00,19.655111259316733,19.92461482256974,19.55288729785581,19.850269317626953,709100,0.0,0.0
2023-02-23 00:00:00-05:00,19.525008917410325,19.84097778646696,18.95812328071398,19.162574768066406,1161500,0.0,0.0
2023-02-24 00:00:00-05:00,18.99529491558712,19.19974460879687,18.697912899086884,18.818723678588867,1359000,0.0,0.0
2023-02-27 00:00:00-05:00,18.88377542827636,18.976707749869714,18.344770090078825,18.52134132385254,676700,0.0,0.0
2023-02-28 00:00:00-05:00,18.52134375751976,18.976710243371176,18.233255118009037,18.90236473083496,1129500,0.0,0.0
2023-03-01 00:00:00-05:00,19.106810916817544,19.45065995660021,18.8558959662048,19.394901275634766,1214700,0.0,0.0
2023-03-02 00:00:00-05:00,19.134693756732492,19.459956023101203,19.03246801722145,19.45066261291504,854400,0.0,0.0
2023-03-03 00:00:00-05:00,19.793016476366166,20.44779562259683,19.540458652751795,20.41973304748535,1108100,0.136,0.0
2023-03-06 00:00:00-05:00,20.279424587705726,20.793892664009316,20.232653627231944,20.531982421875,975000,0.0,0.0
2023-03-07 00:00:00-05:00,20.29813176837352,20.429086881676056,19.306608874675547,19.48433494567871,991900,0.0,0.0
2023-03-08 00:00:00-05:00,19.60593742045821,20.01751296017722,19.21307204943112,19.428213119506836,713700,0.0,0.0
2023-03-09 00:00:00-05:00,19.643351526087365,20.026864436961567,19.587228164140523,19.690120697021484,787800,0.0,0.0
2023-03-10 00:00:00-05:00,20.082990335714943,20.71906113189024,19.91462022860654,20.120407104492188,903100,0.0,0.0
2023-03-13 00:00:00-04:00,21.046452823243737,21.82283301158042,21.02774443698745,21.5889835357666,1550200,0.0,0.0
2023-03-14 00:00:00-04:00,21.523504885754882,22.047327185682633,21.224177857224735,21.888309478759766,1190700,0.0,0.0
2023-03-15 00:00:00-04:00,22.54309065624092,22.664691603129288,21.411258223833908,21.60769271850586,950800,0.0,0.0
2023-03-16 00:00:00-04:00,21.654456776105405,21.673165158623007,20.878076742920566,21.1586971282959,1013800,0.0,0.0
2023-03-17 00:00:00-04:00,21.607690630264226,22.945309837414033,21.514150488704768,22.580503463745117,2002200,0.0,0.0
2023-03-20 00:00:00-04:00,22.73951838092779,23.05755375275584,22.580500695013768,22.814350128173828,706300,0.0,0.0
2023-03-21 00:00:00-04:00,22.41213234717409,22.51502668488994,21.429965286880535,21.878955841064453,905700,0.0,0.0
2023-03-22 00:00:00-04:00,21.850897599068777,22.692755432539528,21.785420025284285,22.430843353271484,759200,0.0,0.0
2023-03-23 00:00:00-04:00,22.515023079173435,23.29140312383012,22.281173646636727,23.06690788269043,904000,0.0,0.0
2023-03-24 00:00:00-04:00,23.384946362565085,23.740396762258953,22.879830664751367,23.141742706298828,1216500,0.0,0.0
2023-03-27 00:00:00-04:00,22.515027038138246,23.141743698901507,22.440195277933526,23.094974517822266,683400,0.0,0.0
2023-03-28 00:00:00-04:00,23.197862934369244,23.525252495905136,22.599208959535325,23.50654411315918,733900,0.0,0.0
2023-03-29 00:00:00-04:00,23.384946655977743,23.553318557361557,23.094973816999975,23.26334571838379,824000,0.0,0.0
2023-03-30 00:00:00-04:00,23.49719574581139,23.702982639009296,23.20722111578221,23.253992080688477,984800,0.0,0.0
2023-03-31 00:00:00-04:00,23.32881988941819,23.497191766305352,22.767580894504178,23.06690788269043,8372000,0.0,0.0
2023-04-03 00:00:00-04:00,23.066909291861272,23.553316569443627,22.64597957392853,23.169803619384766,3529500,0.0,0.0
2023-04-04 00:00:00-04:00,23.19786359048628,24.151969727960488,22.80499646235746,24.03036880493164,1378300,0.0,0.0
2023-04-05 00:00:00-04:00,24.114558285520175,24.47936289228911,23.76846028064281,23.908769607543945,1380900,0.0,0.0
2023-04-06 00:00:00-04:00,23.833934517894427,24.544837030224873,23.57202428670349,24.49806785583496,975200,0.0,0.0
2023-04-10 00:00:00-04:00,24.21745088646079,24.27357604463195,23.83393789294063,24.002309799194336,676500,0.0,0.0
2023-04-11 00:00:00-04:00,24.217452168280488,24.441947460457907,23.787169970972926,23.8245849609375,842300,0.0,0.0
2023-04-12 00:00:00-04:00,24.282924842626883,24.47000510711856,23.61879329352773,24.03036880493164,1385000,0.0,0.0
2023-04-13 00:00:00-04:00,24.40084822208295,24.95562678667025,24.071742020355558,24.44786262512207,1672200,0.134,0.0
2023-04-14 00:00:00-04:00,24.062341259048843,24.297416885422134,23.10323227300949,23.5075626373291,1510500,0.0,0.0
2023-04-17 00:00:00-04:00,23.385327130400718,23.51696892430932,22.43562126159668,22.43562126159668,1358500,0.0,0.0
2023-04-18 00:00:00-04:00,22.482631716576787,22.802334697045055,22.313376986507162,22.454421997070312,980300,0.0,0.0
2023-04-19 00:00:00-04:00,22.087703506126715,22.501437070771168,21.993672905959635,22.162927627563477,965600,0.0,0.0
2023-04-20 00:00:00-04:00,22.30397321509277,22.40740705733339,21.84322523504253,21.95606231689453,1377400,0.0,0.0
2023-04-21 00:00:00-04:00,21.85263275067108,22.144126061723604,21.382481439012533,21.76800537109375,837800,0.0,0.0
2023-04-24 00:00:00-04:00,21.80561404854551,22.153524946400136,21.66456904148324,21.974868774414062,605700,0.0,0.0
2023-04-25 00:00:00-04:00,22.04068951150286,22.12531687387409,21.467104453983293,22.003076553344727,666500,0.0,0.0
2023-04-26 00:00:00-04:00,22.294572550011292,22.44502260768247,21.673973011871205,21.730392456054688,817200,0.0,0.0
2023-04-27 00:00:00-04:00,21.56113932462294,22.567262839248517,21.495318428299385,22.510845184326172,1130100,0.0,0.0
2023-04-28 00:00:00-04:00,22.482633118070662,22.933977897401945,22.426215469025436,22.680097579956055,1510800,0.0,0.0
2023-05-01 00:00:00-04:00,23.13143930516644,23.31949870831534,22.32277867052117,22.350988388061523,990100,0.0,0.0
2023-05-02 00:00:00-04:00,22.303975342835233,23.375921445494164,22.1535270816699,23.310100555419922,1316900,0.0,0.0
2023-05-03 00:00:00-04:00,23.21607081934425,23.33830936359416,22.698903332785857,22.980995178222656,1219100,0.0,0.0
2023-05-04 00:00:00-04:00,23.15024740459451,23.780250125901684,23.04681355985487,23.197261810302734,1047200,0.0,0.0
2023-05-05 00:00:00-04:00,22.614276388057213,23.046816508549064,22.350992812830285,22.821144104003906,586300,0.0,0.0
2023-05-08 00:00:00-04:00,22.708303877025596,22.868155365745224,22.379197659839946,22.53904914855957,423800,0.0,0.0
2023-05-09 00:00:00-04:00,22.435617098318353,22.717707116771997,22.39800413933275,22.53904914855957,473500,0.0,0.0
2023-05-10 00:00:00-04:00,22.57666530704955,22.57666530704955,21.579945067978276,22.078304290771484,515000,0.0,0.0
2023-05-11 00:00:00-04:00,22.031287908089265,23.366517532624513,21.156806294300623,21.410688400268555,1131700,0.0,0.0
2023-05-12 00:00:00-04:00,21.326060346616735,21.47650859862057,20.602027012920388,20.95934295654297,855900,0.0,0.0
2023-05-15 00:00:00-04:00,20.91232845103701,21.495316819895052,20.87471728173137,21.034568786621094,740100,0.0,0.0
2023-05-16 00:00:00-04:00,20.902922699913802,20.902922699913802,20.413965003270487,20.50799560546875,608300,0.0,0.0
2023-05-17 00:00:00-04:00,20.4891908767014,20.639639122508207,20.0848605435389,20.545608520507812,763000,0.0,0.0
2023-05-18 00:00:00-04:00,20.18829619383183,20.216505917510823,19.633517515872512,19.906206130981445,699800,0.0,0.0
2023-05-19 00:00:00-04:00,20.019041130276893,20.254116755798314,19.755755784038413,19.962621688842773,762900,0.0,0.0
2023-05-23 00:00:00-04:00,19.624111907474063,20.141277510879853,19.511274830166425,20.06605339050293,646300,0.0,0.0
2023-05-24 00:00:00-04:00,20.084859171770066,20.197694451676394,19.57709503173828,19.57709503173828,545900,0.0,0.0
2023-05-25 00:00:00-04:00,19.501872085359008,19.51127532483008,19.031720872712498,19.14455795288086,654400,0.0,0.0
2023-05-26 00:00:00-04:00,19.473664590731744,19.577098443240608,18.965902155701784,19.012916564941406,1288800,0.0,0.0
2023-05-29 00:00:00-04:00,19.041122446412125,19.191570677818607,18.965898330708885,19.031719207763672,95900,0.0,0.0
2023-05-30 00:00:00-04:00,19.135156678177005,19.172767846438617,18.759036028137242,19.097543716430664,783400,0.0,0.0
2023-05-31 00:00:00-04:00,19.144559033780425,19.539486146440414,19.00351222723535,19.454858779907227,1976400,0.0,0.0
2023-06-01 00:00:00-04:00,19.577103655786537,20.207106592157963,19.49247626183476,19.878000259399414,513700,0.0,0.0
2023-06-02 00:00:00-04:00,19.812174496573025,20.03784689398168,19.426650593480968,19.56769561767578,483500,0.0,0.0
2023-06-05 00:00:00-04:00,19.530084412350583,19.755756809345186,19.313815256083018,19.595905303955078,347300,0.0,0.0
2023-06-06 00:00:00-04:00,19.558294054490315,19.69934088426782,19.398442535096095,19.652324676513672,494000,0.0,0.0
2023-06-07 00:00:00-04:00,19.624115929290873,20.188296051000084,19.191575803364298,19.257396697998047,525500,0.0,0.0
2023-06-08 00:00:00-04:00,19.595905315928096,19.962622737082796,19.5206811835506,19.586502075195312,567000,0.0,0.0
2023-06-09 00:00:00-04:00,19.417246069637383,19.586500804880654,19.191573687141247,19.342021942138672,359100,0.0,0.0
2023-06-12 00:00:00-04:00,19.29500747846848,19.3890380859375,19.088139783339706,19.3890380859375,422700,0.0,0.0
2023-06-13 00:00:00-04:00,19.342021224633758,19.63351448369255,18.815452351676186,18.909482955932617,824500,0.0,0.0
2023-06-14 00:00:00-04:00,19.21978077637433,19.26679517706813,18.712016640156047,18.890674591064453,696000,0.0,0.0
2023-06-15 00:00:00-04:00,18.693212294954098,18.815452620277892,18.43933199136743,18.77783966064453,660600,0.0,0.0
2023-06-16 00:00:00-04:00,18.853064845533638,19.16336460600203,18.636795695946365,19.097543716430664,2942100,0.0,0.0
2023-06-19 00:00:00-04:00,19.041128426535852,19.07874139294253,18.88127690627739,18.92829132080078,124000,0.0,0.0
2023-06-20 00:00:00-04:00,18.73082712065442,18.824857735621034,18.10082433190835,18.119630813598633,961400,0.0,0.0
2023-06-21 00:00:00-04:00,17.97858472480708,18.035002373057118,17.715299377165735,17.809329986572266,501400,0.0,0.0
2023-06-22 00:00:00-04:00,17.658885551738642,17.846945017778406,17.60246609779013,17.781124114990234,380300,0.0,0.0
2023-06-23 00:00:00-04:00,18.00679229577779,18.27948087831088,17.73410550672936,17.912761688232422,431300,0.0,0.0
2023-06-26 00:00:00-04:00,18.044404814092232,18.22306099121812,17.837537123863864,18.091419219970703,361600,0.0,0.0
2023-06-27 00:00:00-04:00,18.091418094441767,18.18544869383337,17.602460412393057,17.799924850463867,579100,0.0,0.0
2023-06-28 00:00:00-04:00,17.781116888707075,17.85634100324876,17.546041306578758,17.611862182617188,430100,0.0,0.0
2023-06-29 00:00:00-04:00,17.48962517976931,17.818731381873487,17.376788101467913,17.75290870666504,476200,0.0,0.0
2023-06-30 00:00:00-04:00,17.856341549255337,18.176044494204387,17.715296554362382,18.14783477783203,767200,0.0,0.0
2023-07-04 00:00:00-04:00,18.4205225086454,18.486343383789062,18.279477519982645,18.486343383789062,149900,0.0,0.0
2023-07-05 00:00:00-04:00,18.617990291673195,18.71202090799171,17.987987493869408,18.006793975830078,479800,0.0,0.0
2023-07-06 00:00:00-04:00,17.87515131616805,17.922165725289013,17.574254793430505,17.64007568359375,711000,0.0,0.0
2023-07-07 00:00:00-04:00,17.771714709765646,18.15723854396253,17.73410354699458,17.97858238220215,453700,0.0,0.0
2023-07-10 00:00:00-04:00,17.85634815599924,18.505157524743783,17.828138429189448,18.467544555664062,493800,0.0,0.0
2023-07-11 00:00:00-04:00,18.552167699076897,18.683811267259337,18.29828559631576,18.61798858642578,806600,0.0,0.0
2023-07-12 00:00:00-04:00,18.928289324318893,19.79336773209286,18.928289324318893,19.699338912963867,998300,0.0,0.0
2023-07-13 00:00:00-04:00,19.755755331784872,19.849785938537806,19.360828218210262,19.417245864868164,617000,0.0,0.0
2023-07-14 00:00:00-04:00,19.530080063377188,20.09426182697366,19.45485594779662,19.793363571166992,659200,0.0,0.0
2023-07-17 00:00:00-04:00,19.624115894840635,20.019043055434704,19.417248176657875,19.95322036743164,412800,0.0,0.0
2023-07-18 00:00:00-04:00,20.169488092506505,20.68665371806428,20.037844531094766,20.479787826538086,667600,0.0,0.0
2023-07-19 00:00:00-04:00,20.470387321487404,20.89352240070074,20.39516318783938,20.874717712402344,810100,0.0,0.0
2023-07-20 00:00:00-04:00,20.78068931584503,20.884121389727092,20.08486555693248,20.094268798828125,782600,0.0,0.0
2023-07-21 00:00:00-04:00,20.037844749916324,20.42336861175702,19.943814146019538,20.385757446289062,528700,0.0,0.0
2023-07-24 00:00:00-04:00,20.31993200766127,20.32933524529203,19.821571174136274,19.887392044067383,312800,0.0,0.0
2023-07-25 00:00:00-04:00,20.0096393178588,20.29172937121963,19.84038456844837,20.16008758544922,307400,0.0,0.0
2023-07-26 00:00:00-04:00,20.235307921585946,20.36694968265051,19.859187323198277,20.131874084472656,331600,0.0,0.0
2023-07-27 00:00:00-04:00,19.887397291531087,19.94381493871773,19.163363944277954,19.360828399658203,651100,0.0,0.0
2023-07-28 00:00:00-04:00,19.55829384015296,19.793369495892705,19.370234391652115,19.727548599243164,353500,0.0,0.0
2023-07-31 00:00:00-04:00,20.00023386444666,21.241432831503868,20.00023386444666,20.987550735473633,849700,0.0,0.0
2023-08-01 00:00:00-04:00,20.639639572156504,20.846505466276437,20.282323635467552,20.357547760009766,489400,0.0,0.0
2023-08-02 00:00:00-04:00,20.338741175113377,20.35754765452263,19.548888768255253,19.68993377685547,494300,0.0,0.0
2023-08-03 00:00:00-04:00,19.548889603469743,19.736949025143225,19.2385880604134,19.37023162841797,398400,0.0,0.0
2023-08-04 00:00:00-04:00,19.501873038699387,19.89680014836767,19.389037746499667,19.48306655883789,528100,0.0,0.0
2023-08-08 00:00:00-04:00,19.21978546511532,19.483069042804726,19.144561329563363,19.304412841796875,344800,0.0,0.0
2023-08-09 00:00:00-04:00,19.323212618462527,19.323212618462527,18.947092036315492,18.965898513793945,545900,0.0,0.0
2023-08-10 00:00:00-04:00,19.20097607312244,19.76515790100789,19.012914865999093,19.68993377685547,757100,0.0,0.0
2023-08-11 00:00:00-04:00,19.605305429008705,20.06605339050293,19.501871590933746,20.06605339050293,597800,0.0,0.0
2023-08-14 00:00:00-04:00,19.7933669515098,20.131876426175747,19.54888987923405,19.962621688842773,321600,0.0,0.0
2023-08-15 00:00:00-04:00,19.81217450871312,19.990832495994578,19.492471497150426,19.558292388916016,378900,0.0,0.0
2023-08-16 00:00:00-04:00,19.64291839457379,19.840382849607195,19.370231605746763,19.3890380859375,333800,0.0,0.0
2023-08-17 00:00:00-04:00,19.680532514893407,19.736950165306116,19.342023025447613,19.633516311645508,339500,0.0,0.0
2023-08-18 00:00:00-04:00,19.57199927157232,19.695033287156555,19.41110752494311,19.534141540527344,287000,0.135,0.0
2023-08-21 00:00:00-04:00,19.69503463777495,19.799141600131964,19.259681531838506,19.666643142700195,498500,0.0,0.0
2023-08-22 00:00:00-04:00,19.751818331692085,19.827531982676742,19.382712703630528,19.81806755065918,414600,0.0,0.0
2023-08-23 00:00:00-04:00,20.16824618956503,20.925384642720054,20.13985469348767,20.622529983520508,648900,0.0,0.0
2023-08-24 00:00:00-04:00,20.537347836011516,20.84966686738147,20.319669513115763,20.43324089050293,884800,0.0,0.0
2023-08-25 00:00:00-04:00,20.35752951888632,20.698241884021893,20.00735272081298,20.215566635131836,471300,0.0,0.0
2023-08-28 00:00:00-04:00,20.168242763949838,20.991630308306274,20.149315704831782,20.802345275878906,464100,0.0,0.0
2023-08-29 00:00:00-04:00,20.840202683299175,21.34180494273754,20.77395346451719,21.322877883911133,377600,0.0,0.0
2023-08-30 00:00:00-04:00,21.521631635659734,21.710916718780126,20.95377819145489,21.105205535888672,479000,0.0,0.0
2023-08-31 00:00:00-04:00,21.086270181609624,21.285017816107466,20.93484289670966,21.143054962158203,1100500,0.0,0.0
2023-09-01 00:00:00-04:00,21.46484202540476,21.663589693527875,20.94430906598321,20.953773498535156,363800,0.0,0.0
2023-09-05 00:00:00-04:00,20.575201422615383,20.811806777252386,19.950563430786133,19.950563430786133,579500,0.0,0.0
2023-09-06 00:00:00-04:00,19.836996645490704,20.130388652679624,19.780211852713112,20.007352828979492,431800,0.0,0.0
2023-09-07 00:00:00-04:00,19.865387130622953,20.045207721629975,19.751817561154343,19.85592269897461,273100,0.0,0.0
2023-09-08 00:00:00-04:00,19.96003184695516,20.291279770617457,19.84646045978445,19.941102981567383,325100,0.0,0.0
2023-09-11 00:00:00-04:00,20.187168592113423,20.366989165359175,20.0641346031488,20.262882232666016,263300,0.0,0.0
2023-09-12 00:00:00-04:00,20.139850266369052,20.688774666793343,20.111456971376914,20.357526779174805,305100,0.0,0.0
2023-09-13 00:00:00-04:00,20.385923385620117,20.49949297372518,20.243958692754706,20.385923385620117,332100,0.0,0.0
2023-09-14 00:00:00-04:00,20.376459959272324,20.963240405506944,20.348066658265044,20.726634979248047,431700,0.0,0.0
2023-09-15 00:00:00-04:00,21.067342423117935,21.644660105258534,20.972699913809617,21.086271286010742,3154000,0.0,0.0
2023-09-18 00:00:00-04:00,21.228233035946666,21.49322988194863,21.076805751043935,21.3418025970459,413400,0.0,0.0
2023-09-19 00:00:00-04:00,21.351274034898392,21.351274034898392,20.442710027316267,20.584672927856445,543600,0.0,0.0
2023-09-20 00:00:00-04:00,20.613059997558594,20.88752128159728,20.556273410387274,20.613059997558594,448300,0.0,0.0
2023-09-21 00:00:00-04:00,20.168242726583404,20.168242726583404,19.685567519428155,19.704496383666992,540200,0.0,0.0
2023-09-22 00:00:00-04:00,19.912711961722405,19.950567888241373,19.373250116290073,19.42057228088379,414000,0.0,0.0
2023-09-25 00:00:00-04:00,19.42057352177303,19.458429450710828,18.909504942441895,19.155574798583984,782000,0.0,0.0
2023-09-26 00:00:00-04:00,18.994677753792377,18.994677753792377,18.275397252550427,18.332183837890625,578900,0.0,0.0
2023-09-27 00:00:00-04:00,18.21861715431977,18.322724115708688,17.982011736731202,18.086118698120117,567600,0.0,0.0
2023-09-28 00:00:00-04:00,18.05772424819252,18.370043307313935,17.849512143830236,18.341650009155273,583300,0.0,0.0
2023-09-29 00:00:00-04:00,18.691825575197562,18.862181742682523,18.40789983282652,18.606647491455078,1154000,0.0,0.0
2023-10-02 00:00:00-04:00,18.2753993485097,18.44575551375678,17.603440924652705,17.717010498046875,655200,0.0,0.0
2023-10-03 00:00:00-04:00,17.650761236291782,17.944151406192393,17.480405071460517,17.821117401123047,447800,0.0,0.0
2023-10-04 00:00:00-04:00,17.868437251085503,17.896830546140762,17.584511521155953,17.849510192871094,339500,0.0,0.0
2023-10-05 00:00:00-04:00,17.745405596064053,18.000939869884817,17.54665791986302,17.92522621154785,359100,0.0,0.0
2023-10-06 00:00:00-04:00,17.849510051200486,18.180756131770618,17.527726597084566,17.953615188598633,605200,0.0,0.0
2023-10-10 00:00:00-04:00,18.322722611961133,18.502541414858324,18.228080091661813,18.360578536987305,403500,0.0,0.0
2023-10-11 00:00:00-04:00,18.57825544011255,18.795933782683537,18.303794111449253,18.739147186279297,457700,0.0,0.0
2023-10-12 00:00:00-04:00,18.606649604814297,18.87164831824034,17.963082590176807,18.000940322875977,502400,0.0,0.0
2023-10-13 00:00:00-04:00,18.758074660771264,19.25967872754391,18.616111790599632,19.212356567382812,752800,0.0,0.0
2023-10-16 00:00:00-04:00,19.01361190604404,19.373251354155638,18.92843380948885,19.155574798583984,520100,0.0,0.0
2023-10-17 00:00:00-04:00,19.231286746644436,19.723426415041516,19.13664422500562,19.54360580444336,427200,0.0,0.0
2023-10-18 00:00:00-04:00,19.79914290365941,20.490030341691554,19.600393399270473,19.695035934448242,578100,0.0,0.0
2023-10-19 00:00:00-04:00,19.695032576875654,19.865388750122392,19.411106824901697,19.7707462310791,333300,0.0,0.0
2023-10-20 00:00:00-04:00,19.87485453406141,20.69824215902689,19.81806974083635,19.903247833251953,869900,0.0,0.0
2023-10-23 00:00:00-04:00,19.704498629579938,19.94110404406607,19.183967439772875,19.685569763183594,418100,0.0,0.0
2023-10-24 00:00:00-04:00,19.42057059650936,19.950566157899654,19.354321376980053,19.808603286743164,310100,0.0,0.0
2023-10-25 00:00:00-04:00,19.67610537848352,20.10199400344212,19.553069563047824,19.581462860107422,258500,0.0,0.0
2023-10-26 00:00:00-04:00,19.581461082136265,19.78020872803974,19.21235547449938,19.676103591918945,566000,0.0,0.0
2023-10-27 00:00:00-04:00,19.69503509172569,19.846462419468274,19.20289717914036,19.836997985839844,365700,0.0,0.0
2023-10-30 00:00:00-04:00,20.130385857068532,20.139850288743094,19.46789008109547,19.553068161010742,348000,0.0,0.0
2023-10-31 00:00:00-04:00,19.496284900539703,19.77074621993909,18.94736045658502,19.174501419067383,579300,0.0,0.0
2023-11-01 00:00:00-04:00,19.27860725454858,19.40164125850469,18.862181278190707,19.231285095214844,449900,0.0,0.0
2023-11-02 00:00:00-04:00,19.44896467109653,19.44896467109653,18.616114392568132,18.777006149291992,480300,0.0,0.0
2023-11-03 00:00:00-04:00,19.060928492071298,20.054672153278318,18.900036764360966,19.85592269897461,738100,0.0,0.0
2023-11-06 00:00:00-05:00,19.76128448607723,20.035747648112544,19.71396412269825,19.732892990112305,447600,0.0,0.0
2023-11-07 00:00:00-05:00,19.45842788359336,19.57199927157232,19.00414594198946,19.534141540527344,448500,0.0,0.0
2023-11-08 00:00:00-05:00,19.023071681466327,19.0609276011345,17.70754462632838,17.792722702026367,966700,0.0,0.0
2023-11-09 00:00:00-05:00,17.830584023949505,18.332188148123866,17.650763405070993,17.90629768371582,605400,0.0,0.0
2023-11-10 00:00:00-05:00,17.73593977059438,17.830582287373755,17.187015339461045,17.395227432250977,791100,0.0,0.0
2023-11-13 00:00:00-05:00,17.281657713044257,17.508798668339146,17.16808633281889,17.205944061279297,395100,0.0,0.0
2023-11-14 00:00:00-05:00,17.6412973523012,18.360577956621775,17.518263343410258,18.190221786499023,719100,0.0,0.0
2023-11-15 00:00:00-05:00,18.294328228963423,18.360577447695754,18.029329548878277,18.21861457824707,434600,0.0,0.0
2023-11-16 00:00:00-05:00,18.445755546143783,19.09878691235222,18.43629111415168,18.720218658447266,701900,0.0,0.0
2023-11-17 00:00:00-05:00,18.88033343046887,18.966109954217586,18.613474750218128,18.718311309814453,415300,0.138,0.0
2023-11-20 00:00:00-05:00,18.413330334394782,18.842212986031345,18.251308201314142,18.661128997802734,451100,0.0,0.0
2023-11-21 00:00:00-05:00,18.994705759985663,19.252035372216053,18.947051118180752,19.061420440673828,525700,0.0,0.0
2023-11-22 00:00:00-05:00,19.16625636423611,19.16625636423611,18.74690465960174,18.78502655029297,371200,0.0,0.0
2023-11-23 00:00:00-05:00,18.8136172254928,18.90892466830885,18.72784070874218,18.756433486938477,59600,0.0,0.0
2023-11-24 00:00:00-05:00,18.746906802025048,19.24250416251792,18.737375873803412,19.032827377319336,294000,0.0,0.0
2023-11-27 00:00:00-05:00,19.604664691858915,19.69997212875038,19.25202953855009,19.48076629638672,529300,0.0,0.0
2023-11-28 00:00:00-05:00,19.74763125537558,20.205106735229492,19.604670963225683,20.205106735229492,510200,0.0,0.0
2023-11-29 00:00:00-05:00,20.176508905090845,20.37665290049253,19.938241205133625,20.281347274780273,585400,0.0,0.0
2023-11-30 00:00:00-05:00,20.138388803109393,20.29088183077285,19.7952844899228,20.26228904724121,814300,0.0,0.0
2023-12-01 00:00:00-05:00,20.14791697611696,20.834129144341183,19.985894860601615,20.815067291259766,619800,0.0,0.0
2023-12-04 00:00:00-05:00,20.462429710531733,20.757882971547446,20.233692933442295,20.529146194458008,662200,0.0,0.0
2023-12-05 00:00:00-05:00,20.424310256887495,20.538677750140288,19.671383351979394,19.938243865966797,501900,0.0,0.0
2023-12-06 00:00:00-05:00,20.17651314801287,20.338535290768974,19.86199979064381,19.890592575073242,392900,0.0,0.0
2023-12-07 00:00:00-05:00,19.995426278304365,19.995426278304365,19.576076407242507,19.785751342773438,529300,0.0,0.0
2023-12-08 00:00:00-05:00,19.471239108078993,19.642792163842625,19.20437859713129,19.252033233642578,606200,0.0,0.0
2023-12-11 00:00:00-05:00,18.94704987587772,19.194848543499685,18.584883711100133,19.137664794921875,549800,0.0,0.0
2023-12-12 00:00:00-05:00,19.16625253982325,19.25202904906086,18.55628604992935,18.575347900390625,887700,0.0,0.0
2023-12-13 00:00:00-05:00,18.48004319267275,20.02401876892686,18.43239037732646,19.976364135742188,1247100,0.0,0.0
2023-12-14 00:00:00-05:00,20.424311976895225,20.796009088026604,19.99542929648311,20.128860473632812,1012600,0.0,0.0
2023-12-15 00:00:00-05:00,20.03355441099718,20.04308533987747,19.652326344979482,19.85247039794922,1077500,0.0,0.0
2023-12-18 00:00:00-05:00,19.87152709971399,20.014487360147378,19.585604761008884,19.699974060058594,430200,0.0,0.0
2023-12-19 00:00:00-05:00,19.92871056398971,20.595860860545972,19.86199589790175,20.529146194458008,1323200,0.0,0.0
2023-12-20 00:00:00-05:00,20.624453082785305,20.681638643933482,20.24322509765625,20.24322509765625,566300,0.0,0.0
2023-12-21 00:00:00-05:00,20.452899354066233,20.92943477407156,20.452899354066233,20.815067291259766,456700,0.0,0.0
2023-12-22 00:00:00-05:00,21.272543451797908,21.691895181525997,21.100990388825572,21.11052131652832,553400,0.0,0.0
2023-12-27 00:00:00-05:00,21.053333299590392,21.42503031544322,21.015209596508967,21.272539138793945,301000,0.0,0.0
2023-12-28 00:00:00-05:00,21.091461036740117,21.453629045145703,20.843664169311523,20.843664169311523,346700,0.0,0.0
2023-12-29 00:00:00-05:00,20.653047187048383,20.78647653593566,20.35759570686718,20.61492347717285,345700,0.0,0.0
2024-01-02 00:00:00-05:00,20.643512894351268,20.853187810970645,20.18603935745176,20.233692169189453,355200,0.0,0.0
2024-01-03 00:00:00-05:00,19.85246417106966,19.85246417106966,19.290152268377497,19.366397857666016,476400,0.0,0.0
2024-01-04 00:00:00-05:00,19.35687003900794,19.72856893706434,19.232971618214826,19.719038009643555,462400,0.0,0.0
2024-01-05 00:00:00-05:00,19.728567222953775,20.243224534090473,19.52842140018401,19.74762725830078,427500,0.0,0.0
2024-01-08 00:00:00-05:00,19.39499309694905,19.709506419911968,19.299685643782432,19.642791748046875,253600,0.0,0.0
2024-01-09 00:00:00-05:00,19.72856780918748,19.72856780918748,19.26156148146041,19.375930786132812,365800,0.0,0.0
2024-01-10 00:00:00-05:00,19.328276149535697,19.49029825549229,18.899393569698162,19.1662540435791,424100,0.0,0.0
2024-01-11 00:00:00-05:00,19.06141836431962,19.194847711161533,18.575351977888847,18.823150634765625,453900,0.0,0.0
2024-01-12 00:00:00-05:00,19.34733789253198,19.823873326513933,19.34733789253198,19.7952823638916,593200,0.0,0.0
2024-01-15 00:00:00-05:00,19.82387592827797,19.833406856349097,19.642793748442546,19.652324676513672,86900,0.0,0.0
2024-01-16 00:00:00-05:00,19.461707036285677,19.480768889769216,18.880333229906526,18.908926010131836,550200,0.0,0.0
2024-01-17 00:00:00-05:00,18.518165441070444,18.518165441070444,17.526970962938094,17.641340255737305,813400,0.0,0.0
2024-01-18 00:00:00-05:00,17.498383879266896,17.650875091552734,17.30776895499028,17.650875091552734,638700,0.0,0.0
2024-01-19 00:00:00-05:00,17.650876870785975,17.650876870785975,17.221994156850926,17.412609100341797,593600,0.0,0.0
2024-01-22 00:00:00-05:00,17.16480885161903,17.78430463528955,17.098094172770633,17.669937133789062,464300,0.0,0.0
2024-01-23 00:00:00-05:00,17.765241785867744,18.06069508687613,17.698527110749257,18.003509521484375,444600,0.0,0.0
2024-01-24 00:00:00-05:00,18.37520747374359,18.44192214540772,17.62228059561763,17.67946434020996,513100,0.0,0.0
2024-01-25 00:00:00-05:00,18.022571091007343,18.11787854731135,17.812896141409354,17.96538734436035,322700,0.0,0.0
2024-01-26 00:00:00-05:00,17.83195457275443,18.08928413625293,17.76523990470038,17.7843017578125,312000,0.0,0.0
2024-01-29 00:00:00-05:00,17.917733291826153,17.955857002726894,17.155277252197266,17.155277252197266,3699600,0.0,0.0
2024-01-30 00:00:00-05:00,17.5841617193002,17.631814544988984,17.174340874157064,17.364953994750977,790700,0.0,0.0
2024-01-31 00:00:00-05:00,17.479323225329704,17.736652845448177,17.20293174790495,17.34589385986328,1116300,0.0,0.0
2024-02-01 00:00:00-05:00,17.51744089288861,17.965385342245654,17.488849931670643,17.955854415893555,734600,0.0,0.0
2024-02-02 00:00:00-05:00,17.44119510354199,17.612748140271634,17.25058203216107,17.498380661010742,822200,0.0,0.0
2024-02-05 00:00:00-05:00,17.193400896511772,17.27917561002907,16.85029477108825,16.92654037475586,620700,0.0,0.0
2024-02-06 00:00:00-05:00,16.936067318731904,17.174335001377525,16.85982173299883,17.126680374145508,452200,0.0,0.0
2024-02-07 00:00:00-05:00,17.040906141172734,17.14574451726091,16.897945876040566,16.945600509643555,470600,0.0,0.0
2024-02-08 00:00:00-05:00,16.91700658537795,16.964659397919764,16.764515403838228,16.821699142456055,550500,0.0,0.0
2024-02-09 00:00:00-05:00,16.78357974600172,16.821701638123276,16.459535482695035,16.66921043395996,657600,0.0,0.0
2024-02-12 00:00:00-05:00,16.631090120939536,16.95513441501382,16.621559192544563,16.850296020507812,501200,0.0,0.0
2024-02-13 00:00:00-05:00,16.402350402738676,16.41188133051051,15.744732747029426,15.84004020690918,751500,0.0,0.0
2024-02-14 00:00:00-05:00,15.935345258242707,16.059245496845108,15.725670308550571,15.992530822753906,544200,0.0,0.0
2024-02-15 00:00:00-05:00,16.29751279554997,16.70733357445982,16.249858159724123,16.602495193481445,652700,0.0,0.0
2024-02-16 00:00:00-05:00,16.53577881817055,17.040905181032976,16.4404713741729,16.840761184692383,491500,0.0,0.0
2024-02-20 00:00:00-05:00,16.94560187765506,17.040907516878224,16.602495759368328,16.66921043395996,618600,0.0,0.0
2024-02-21 00:00:00-05:00,16.65014638411627,16.678739162817177,16.46906423919212,16.631086349487305,557200,0.0,0.0
2024-02-22 00:00:00-05:00,16.383291851166803,16.678743367539795,16.07830940615742,16.23080062866211,874300,0.0,0.0
2024-02-23 00:00:00-05:00,16.24985769398434,16.564371010066665,15.954406231686013,16.545310974121094,776200,0.0,0.0
2024-02-26 00:00:00-05:00,16.316575062708054,16.364227881901087,16.125960150258866,16.21173667907715,444300,0.0,0.0
2024-02-27 00:00:00-05:00,16.22126656348478,16.29751215999429,15.95440606678228,16.097366333007812,1064300,0.0,0.0
2024-02-28 00:00:00-05:00,16.116430432776788,16.116430432776788,15.782855219867166,15.80191707611084,865400,0.0,0.0
2024-02-29 00:00:00-05:00,16.021120355065893,16.335633660409467,15.982998466637952,16.049713134765625,1804700,0.0,0.0
2024-03-01 00:00:00-05:00,16.238034404865008,16.88179088626719,15.920960426421464,16.785707473754883,857600,0.136,0.0
2024-03-04 00:00:00-05:00,17.06434769637022,17.52554583698167,16.93943872122222,17.429462432861328,811500,0.0,0.0
2024-03-05 00:00:00-05:00,17.67928009738537,17.746537936362856,17.198864867387734,17.2372989654541,732000,0.0,0.0
2024-03-06 00:00:00-05:00,17.45829350393392,17.70810970029328,17.371818596246484,17.50633430480957,722300,0.0,0.0
2024-03-07 00:00:00-05:00,17.679282389503932,18.13087393713929,17.477508846411546,18.121265411376953,615700,0.0,0.0
2024-03-08 00:00:00-05:00,18.246172327469314,18.31343017423219,17.804191144376755,17.957923889160156,767800,0.0,0.0
2024-03-11 00:00:00-04:00,17.91948793736707,18.51520363640449,17.890664196094068,18.198129653930664,592200,0.0,0.0
2024-03-12 00:00:00-04:00,17.957922756488596,18.178913334096194,17.7945814963789,18.102046966552734,597900,0.0,0.0
2024-03-13 00:00:00-04:00,18.10204726644043,18.755412317703183,18.025180897623564,18.505596160888672,710600,0.0,0.0
2024-03-14 00:00:00-04:00,18.35186345773737,18.563245514221233,18.21734593757601,18.399904251098633,814400,0.0,0.0
2024-03-15 00:00:00-04:00,18.351863714304482,18.90914535522461,18.294214394937246,18.90914535522461,1291000,0.0,0.0
2024-03-18 00:00:00-04:00,18.83228033350682,18.83228033350682,18.41912287774372,18.447948455810547,499000,0.0,0.0
2024-03-19 00:00:00-04:00,18.323038740390537,18.486380011164062,17.765757081158316,17.852231979370117,852300,0.0,0.0
2024-03-20 00:00:00-04:00,17.794583946757605,18.668939685205935,17.650459716847035,18.457555770874023,1003700,0.0,0.0
2024-03-21 00:00:00-04:00,18.765022994771943,18.909147223751223,18.169307193648184,18.18852424621582,645500,0.0,0.0
2024-03-22 00:00:00-04:00,18.130872541621066,18.428729486772124,18.025180599009275,18.102046966552734,443600,0.0,0.0
2024-03-25 00:00:00-04:00,18.30382134251675,18.611288659580786,18.28460612421931,18.380687713623047,607900,0.0,0.0
2024-03-26 00:00:00-04:00,18.63050331690932,18.707369685701156,18.159696578979492,18.159696578979492,516900,0.0,0.0
2024-03-27 00:00:00-04:00,18.255779694968634,19.0340518951416,18.255779694968634,19.0340518951416,678000,0.0,0.0
2024-03-28 00:00:00-04:00,19.20699986816514,19.735457698535935,19.139742032014343,19.62015724182129,726300,0.0,0.0
2024-04-01 00:00:00-04:00,20.100576564340745,20.30235011407736,19.71624468438603,19.88919448852539,1085900,0.0,0.0
2024-04-02 00:00:00-04:00,20.244699474264603,20.725114751138992,20.139007526907807,20.590599060058594,953800,0.0,0.0
2024-04-03 00:00:00-04:00,20.782762666302236,22.060667143095724,20.686681083533582,21.95497703552246,2548300,0.0,0.0
2024-04-04 00:00:00-04:00,21.849286447742188,22.137536711806476,21.455346069562612,21.73398780822754,978800,0.0,0.0
2024-04-05 00:00:00-04:00,21.830070052900215,23.059933851391072,21.724379935609118,22.915809631347656,1194600,0.0,0.0
2024-04-08 00:00:00-04:00,23.521132683557138,23.828598182797528,22.915810211007482,23.617216110229492,1088600,0.0,0.0
2024-04-09 00:00:00-04:00,24.09762910608769,25.317884293043377,24.09762910608769,25.183366775512695,1477000,0.0,0.0
2024-04-10 00:00:00-04:00,24.126457610168128,25.39475374352157,23.799775050651157,25.03924560546875,1400200,0.0,0.0
2024-04-11 00:00:00-04:00,25.337103779988905,25.82712577426513,24.866295172307307,25.750259399414062,925900,0.0,0.0
2024-04-12 00:00:00-04:00,26.653438584524572,27.201111691393624,25.058460057185695,25.375534057617188,1437500,0.0,0.0
2024-04-15 00:00:00-04:00,25.471617511635266,25.798300037695043,24.693345297264052,25.26984214782715,1060300,0.0,0.0
2024-04-16 00:00:00-04:00,24.7894244731601,25.135324015970255,24.174493581620816,24.943157196044922,1012100,0.0,0.0
2024-04-17 00:00:00-04:00,25.173763139330376,25.731044829217158,24.76060567684485,25.03924560546875,737100,0.0,0.0
2024-04-18 00:00:00-04:00,25.356318147924437,25.462010097035815,24.81825354203162,25.23141098022461,875300,0.0,0.0
2024-04-19 00:00:00-04:00,25.039246537721347,25.529270395241205,25.02963801118499,25.212196350097656,645100,0.0,0.0
2024-04-22 00:00:00-04:00,24.02076200182733,24.616477705833674,23.80937995596118,24.001544952392578,865200,0.0,0.0
2024-04-23 00:00:00-04:00,23.915071741611136,24.606870908722566,23.75173047522525,24.424312591552734,630500,0.0,0.0
2024-04-24 00:00:00-04:00,24.21292792271332,24.69334314473034,24.21292792271332,24.52039337158203,593400,0.0,0.0
2024-04-25 00:00:00-04:00,24.472352769966193,25.0392429253536,24.174495820866653,24.895118713378906,838900,0.0,0.0
2024-04-26 00:00:00-04:00,25.27944962863487,25.423573835321346,24.722168018845444,24.96237564086914,501900,0.0,0.0
2024-04-29 00:00:00-04:00,24.99120482260783,25.433186031262455,24.63569668433604,25.27945327758789,645300,0.0,0.0
2024-04-30 00:00:00-04:00,24.45313989543879,25.048853850720015,24.347447941298366,24.395488739013672,731500,0.0,0.0
2024-05-01 00:00:00-04:00,24.481962677697833,25.298669035195058,24.31862140619839,24.568437576293945,944100,0.0,0.0
2024-05-02 00:00:00-04:00,24.212929098727674,24.520394562529887,23.972721476052353,24.164886474609375,729400,0.0,0.0
2024-05-03 00:00:00-04:00,24.17449787274821,24.50118042502634,23.847815320470076,23.991939544677734,665700,0.0,0.0
2024-05-06 00:00:00-04:00,24.568438113091833,25.029636360588594,24.55882958718912,24.7894287109375,1065500,0.0,0.0
2024-05-07 00:00:00-04:00,24.789428849862286,24.981595703715673,24.645304625791713,24.923946380615234,535100,0.0,0.0
2024-05-08 00:00:00-04:00,24.62608708083531,25.135327950503925,24.46274580812189,24.59726333618164,750400,0.0,0.0
2024-05-09 00:00:00-04:00,25.0008112711947,27.287587166549223,25.0008112711947,27.11463737487793,1034400,0.0,0.0
2024-05-10 00:00:00-04:00,27.277980662388256,27.37406409072948,26.70148375761885,26.768741607666016,1023000,0.0,0.0
2024-05-13 00:00:00-04:00,26.739914989226683,26.951297057243735,26.00007500220866,26.221067428588867,621100,0.0,0.0
2024-05-14 00:00:00-04:00,26.32675633248562,26.768739332229558,26.173023593263068,26.711088180541992,652700,0.0,0.0
2024-05-15 00:00:00-04:00,26.903256983221397,27.55662208889329,26.47088247722119,27.191505432128906,855700,0.0,0.0
2024-05-16 00:00:00-04:00,26.90325575445258,27.210721241281252,26.586181742080658,26.960905075073242,676200,0.0,0.0
2024-05-17 00:00:00-04:00,27.9997934462023,28.434273736303616,27.43979765094083,28.40530776977539,1013000,0.136,0.0
2024-05-21 00:00:00-04:00,28.965306133233085,29.612198043871206,28.70461793605849,29.274269104003906,1190400,0.0,0.0
2024-05-22 00:00:00-04:00,28.90737576863303,29.380475543435782,28.08669173415293,28.173587799072266,831500,0.0,0.0
2024-05-23 00:00:00-04:00,28.009446986561837,28.289443945598407,27.47841535004568,27.62324333190918,980900,0.0,0.0
2024-05-24 00:00:00-04:00,27.845317017973105,28.260486738919532,27.671524870454625,27.758420944213867,665300,0.0,0.0
2024-05-27 00:00:00-04:00,28.19289988292491,28.91703256647711,28.019107744222037,28.907377243041992,329500,0.0,0.0
2024-05-28 00:00:00-04:00,29.100474607700548,29.969435194333006,28.83013295102771,29.843917846679688,1131700,0.0,0.0
2024-05-29 00:00:00-04:00,29.351509742675567,29.70874932734114,29.206683580835577,29.332199096679688,574700,0.0,0.0
2024-05-30 00:00:00-04:00,29.225991360085654,29.795642470135782,29.19702539393307,29.361162185668945,448900,0.0,0.0
2024-05-31 00:00:00-04:00,29.525298884007313,29.6508143871427,28.424617955592293,28.974958419799805,1632100,0.0,0.0
2024-06-03 00:00:00-04:00,28.926687505404153,28.965308801090018,28.434278876362594,28.588760375976562,539100,0.0,0.0
2024-06-04 00:00:00-04:00,28.07703164482132,28.15427237368553,26.62876659744423,26.696352005004883,704000,0.0,0.0
2024-06-05 00:00:00-04:00,26.754284506664092,27.31428214344202,26.667390290215675,27.23703956604004,1150400,0.0,0.0
2024-06-06 00:00:00-04:00,27.32393580996234,28.588755400059405,27.32393580996234,28.51151466369629,741700,0.0,0.0
2024-06-07 00:00:00-04:00,27.22738730740052,27.43979888009583,26.281185948968982,26.426013946533203,1012500,0.0,0.0
2024-06-10 00:00:00-04:00,26.609459858865932,26.657736472466656,25.769467039422956,26.638425827026367,918100,0.0,0.0
2024-06-11 00:00:00-04:00,26.339117868774906,26.75428569130718,25.962567653524744,26.648080825805664,516800,0.0,0.0
2024-06-12 00:00:00-04:00,27.459110447926516,27.758418092591164,26.734977802032834,26.89911460876465,786800,0.0,0.0
2024-06-13 00:00:00-04:00,26.7832509629238,27.101869234275306,26.030152393563665,26.223255157470703,426200,0.0,0.0
2024-06-14 00:00:00-04:00,26.503256638773486,26.599806188844727,25.83705406220709,26.368083953857422,580200,0.0,0.0
2024-06-17 00:00:00-04:00,26.107394982544918,26.261876457104933,25.750155421647104,26.001188278198242,505500,0.0,0.0
2024-06-18 00:00:00-04:00,25.904638528422495,26.69635659581875,25.759812367092742,26.397048950195312,639800,0.0,0.0
2024-06-19 00:00:00-04:00,26.648081205243535,26.648081205243535,26.155670794877725,26.358427047729492,192400,0.0,0.0
2024-06-20 00:00:00-04:00,26.648079202517707,27.613589305206286,26.590149111994418,27.36255645751953,1106600,0.0,0.0
2024-06-21 00:00:00-04:00,27.16945341073436,27.179108732646046,26.541872218989564,26.870145797729492,1329200,0.0,0.0
2024-06-24 00:00:00-04:00,26.957044297570707,27.18876651976842,26.57084059390785,26.744632720947266,442700,0.0,0.0
2024-06-25 00:00:00-04:00,26.512908651725805,26.512908651725805,25.952912821138842,26.07843017578125,548300,0.0,0.0
2024-06-26 00:00:00-04:00,25.89498164124907,26.619114245720528,25.8370515485294,26.609458923339844,471600,0.0,0.0
2024-06-27 00:00:00-04:00,26.88945920550531,27.198422172179995,26.706011753455513,26.73497772216797,566500,0.0,0.0
2024-06-28 00:00:00-04:00,27.043938141736444,27.101868232140724,26.088083363026158,26.252220153808594,725800,0.0,0.0
2024-07-02 00:00:00-04:00,26.194293216941254,26.358430039023638,25.85636609050522,26.271533966064453,469500,0.0,0.0
2024-07-03 00:00:00-04:00,26.937732126134428,27.78738206762963,26.937732126134428,27.5653133392334,612700,0.0,0.0
2024-07-04 00:00:00-04:00,27.401178118183697,27.71014292292422,27.401178118183697,27.574970245361328,81500,0.0,0.0
2024-07-05 00:00:00-04:00,27.85496866677315,28.6949614801993,27.845313344122165,28.308757781982422,771400,0.0,0.0
2024-07-08 00:00:00-04:00,28.009449406592026,28.385997772216797,27.748761226591284,28.385997772216797,743600,0.0,0.0
2024-07-09 00:00:00-04:00,28.27979300895443,28.752892758647874,28.106000888339604,28.328067779541016,496000,0.0,0.0
2024-07-10 00:00:00-04:00,28.810822715539153,29.84391827035228,28.76254794518066,29.77633285522461,589700,0.0,0.0
2024-07-11 00:00:00-04:00,30.674250810270852,31.7266567775973,30.500458728831397,31.59148597717285,984800,0.0,0.0
2024-07-12 00:00:00-04:00,30.90597593039012,31.755625829046668,30.896322450201037,31.22459602355957,490200,0.0,0.0
2024-07-15 00:00:00-04:00,31.050805018301602,31.214943652376718,30.42322381454802,30.635635375976562,565600,0.0,0.0
2024-07-16 00:00:00-04:00,30.87701979033917,32.054943566921374,30.597022753350885,31.929426193237305,838000,0.0,0.0
2024-07-17 00:00:00-04:00,31.861836856500357,31.958386404025973,30.857705356465715,31.157014846801758,887300,0.0,0.0
2024-07-18 00:00:00-04:00,31.23425038639821,31.282528838093867,30.259086802083168,30.365293502807617,971100,0.0,0.0
2024-07-19 00:00:00-04:00,29.04254696574416,30.123919208350912,28.80116941388739,29.88254165649414,758700,0.0,0.0
2024-07-22 00:00:00-04:00,29.689437875126302,30.490811246548432,29.505990426276075,30.355640411376953,636300,0.0,0.0
2024-07-23 00:00:00-04:00,30.34598771375709,30.597020601908955,30.201161543321504,30.500469207763672,313900,0.0,0.0
2024-07-24 00:00:00-04:00,30.683911239889575,31.3114924283735,30.181845552476695,30.268741607666016,550600,0.0,0.0
2024-07-25 00:00:00-04:00,28.974964125011482,29.264616476396487,28.482553654405184,28.588760375976562,1344200,0.0,0.0
2024-07-26 00:00:00-04:00,28.936341013394706,29.04254772830097,28.36668982873049,28.694963455200195,558400,0.0,0.0
2024-07-29 00:00:00-04:00,28.95565083588877,29.129442967492675,28.44392976411777,29.052202224731445,764600,0.0,0.0
2024-07-30 00:00:00-04:00,29.19702663430696,29.83426318422038,29.003925709779402,29.602540969848633,530300,0.0,0.0
2024-07-31 00:00:00-04:00,30.220467295724138,30.91563579008553,30.152881879119995,30.645292282104492,796900,0.0,0.0
2024-08-01 00:00:00-04:00,30.539085149796666,30.83839462139574,29.07151112544227,29.602540969848633,659200,0.0,0.0
2024-08-02 00:00:00-04:00,29.65081565846834,30.017710544714127,27.497728477858495,28.106000900268555,1018000,0.0,0.0
2024-08-06 00:00:00-04:00,26.136357906520498,27.121178642740283,25.95291047332716,26.870145797729492,900100,0.0,0.0
2024-08-07 00:00:00-04:00,27.323940073699344,27.478421570531484,25.701884356961884,25.837055206298828,858900,0.0,0.0
2024-08-08 00:00:00-04:00,25.277055373792557,25.71153382521808,24.099131842381798,24.620508193969727,1679400,0.0,0.0
2024-08-09 00:00:00-04:00,24.88119507632659,25.34463947038098,24.30188866297645,25.325328826904297,993200,0.0,0.0
2024-08-12 00:00:00-04:00,25.32532940544786,26.464631614698217,25.238433349382028,26.310150146484375,1010700,0.0,0.0
2024-08-13 00:00:00-04:00,26.10739898554679,26.638428905573182,26.04946704253085,26.271533966064453,985000,0.0,0.0
2024-08-14 00:00:00-04:00,26.136357742914928,26.203943154309314,25.711532789281762,26.039806365966797,604900,0.0,0.0
2024-08-15 00:00:00-04:00,26.445323275606068,26.86049294820126,25.972223507772917,26.68670082092285,623200,0.0,0.0
2024-08-16 00:00:00-04:00,26.98601024577958,27.246696594579507,26.619115346400463,26.966699600219727,619500,0.0,0.0
2024-08-19 00:00:00-04:00,26.818248890457685,28.08930329174386,26.789141989323134,27.88554573059082,701200,0.137,0.0
2024-08-20 00:00:00-04:00,28.322165237227196,28.622948242956447,27.73030029152331,28.29305648803711,753200,0.0,0.0
2024-08-21 00:00:00-04:00,28.128113644750222,28.5550327590461,27.807924771688885,28.4774112701416,448300,0.0,0.0
2024-08-22 00:00:00-04:00,28.52591890819795,28.535621823907068,27.4101095106367,27.604164123535156,1130000,0.0,0.0
2024-08-23 00:00:00-04:00,27.94376211728647,28.069898194322565,27.429520443555244,27.93406105041504,614600,0.0,0.0
2024-08-26 00:00:00-04:00,28.41919334760096,28.574436313017898,27.837031301966366,27.953462600708008,341100,0.0,0.0
2024-08-27 00:00:00-04:00,27.720596097014017,27.778811742067965,27.245164319349115,27.652677536010742,332600,0.0,0.0
2024-08-28 00:00:00-04:00,26.93468198687021,27.07051912690789,26.255492585397352,26.585384368896484,893400,0.0,0.0
2024-08-29 00:00:00-04:00,26.68240713203208,26.934677385175593,26.43983979446815,26.769731521606445,474400,0.0,0.0
2024-08-30 00:00:00-04:00,26.70181612658238,26.78914052650216,26.20697847725102,26.410734176635742,1091800,0.0,0.0
2024-09-03 00:00:00-04:00,25.993516064849192,26.03232587545539,24.751570664539262,25.178489685058594,942700,0.0,0.0
2024-09-04 00:00:00-04:00,24.877706294334537,25.197895115494436,24.809787733882736,24.887409210205078,585100,0.0,0.0
2024-09-05 00:00:00-04:00,25.440466217582774,25.906196994941617,25.14938610104546,25.27552032470703,702800,0.0,0.0
2024-09-06 00:00:00-04:00,25.23670513823794,25.304623694274085,24.37316603896378,24.48959732055664,738500,0.0,0.0
2024-09-09 00:00:00-04:00,24.6254393970675,24.97473701354748,24.6254393970675,24.751575469970703,397400,0.0,0.0
2024-09-10 00:00:00-04:00,24.819491368245764,25.052355803953912,24.44108689155028,25.013545989990234,698600,0.0,0.0
2024-09-11 00:00:00-04:00,24.87770715227863,25.411356439710122,24.703058361869857,25.391950607299805,955400,0.0,0.0
2024-09-12 00:00:00-04:00,26.01292371968862,27.50713957727388,26.01292371968862,27.031707763671875,880700,0.0,0.0
2024-09-13 00:00:00-04:00,27.701193744270398,28.11840992928197,27.516843870005648,27.972869873046875,999000,0.0,0.0
2024-09-16 00:00:00-04:00,28.099000948835826,28.67146004315497,27.92435401129342,28.021379470825195,736300,0.0,0.0
2024-09-17 00:00:00-04:00,27.80792219448134,28.32216566746554,27.458624601462475,27.584760665893555,707000,0.0,0.0
2024-09-18 00:00:00-04:00,27.652678871549153,28.516218075683295,26.973489527429713,26.983192443847656,968700,0.0,0.0
2024-09-19 00:00:00-04:00,28.234840531110237,28.234840531110237,27.264571109770653,27.691490173339844,911200,0.0,0.0
2024-09-20 00:00:00-04:00,28.225139878439098,28.47741017029618,27.837032448905966,28.137815475463867,1942900,0.0,0.0
2024-09-23 00:00:00-04:00,27.982570558137375,28.40948962626299,27.419814361779913,27.448923110961914,606300,0.0,0.0
2024-09-24 00:00:00-04:00,27.807922997439036,29.108084241615916,27.594464379231695,28.933435440063477,818400,0.0,0.0
2024-09-25 00:00:00-04:00,28.7587829021297,29.117783375416998,28.57443305834614,28.62294578552246,914300,0.0,0.0
2024-09-26 00:00:00-04:00,28.9625422064989,29.76786574132372,28.807299249229683,29.243919372558594,952900,0.0,0.0
2024-09-27 00:00:00-04:00,29.049867837004374,29.18570496773261,28.05048963776088,28.118408203125,629200,0.0,0.0
2024-09-30 00:00:00-04:00,27.652679983571407,27.74000438420248,26.95408662916499,27.400409698486328,1308700,0.0,0.0
2024-10-01 00:00:00-04:00,27.73030031174017,28.27365067585671,27.701191562528862,28.215435028076172,848600,0.0,0.0
2024-10-02 00:00:00-04:00,28.409487499624557,28.826701769482842,27.982568463456662,28.225135803222656,459700,0.0,0.0
2024-10-03 00:00:00-04:00,27.97286891161669,28.13781479651852,27.545949824110398,28.08930206298828,386900,0.0,0.0
2024-10-04 00:00:00-04:00,28.137814492060663,29.195408357227418,28.031084258678398,28.33186912536621,650400,0.0,0.0
2024-10-07 00:00:00-04:00,28.176623339265632,28.196027320140665,27.68178573943418,28.060190200805664,567100,0.0,0.0
2024-10-08 00:00:00-04:00,27.749706648334826,28.089301326063676,27.507139285763092,28.040786743164062,555900,0.0,0.0
2024-10-09 00:00:00-04:00,27.83703008031349,28.26394729115337,27.50713833061955,28.234840393066406,349600,0.0,0.0
2024-10-10 00:00:00-04:00,28.390084588423665,30.088056141434826,28.254247456388253,29.952219009399414,710300,0.0,0.0
2024-10-11 00:00:00-04:00,30.243300581878273,30.553786527755395,29.709653093732243,29.738759994506836,453200,0.0,0.0
2024-10-15 00:00:00-04:00,29.23421728166606,29.894000794006594,29.156595800840233,29.826082229614258,565100,0.0,0.0
2024-10-16 00:00:00-04:00,30.194786479201213,30.806055426130072,29.370057066168517,29.40886688232422,461700,0.0,0.0
2024-10-17 00:00:00-04:00,29.68054271678194,29.913407163436347,29.311839288264213,29.57381248474121,403600,0.0,0.0
2024-10-18 00:00:00-04:00,30.07835381709222,32.882432016222104,30.039542149665156,32.688377380371094,1423000,0.0,0.0
2024-10-21 00:00:00-04:00,34.05645291724696,34.502779634011006,33.192913782557596,33.31904983520508,1164700,0.0,0.0
2024-10-22 00:00:00-04:00,33.94002211537868,34.92969731684332,33.72656166958712,34.687129974365234,1092400,0.0,0.0
2024-10-23 00:00:00-04:00,33.90121218356226,34.43486332529399,33.58102519980732,34.3087272644043,722200,0.0,0.0
2024-10-24 00:00:00-04:00,34.65802273022863,34.66772379526558,33.30934891177653,34.08556365966797,954800,0.0,0.0
2024-10-25 00:00:00-04:00,33.5616202523612,33.98853747572127,33.14440409488659,33.34815979003906,468100,0.0,0.0
2024-10-28 00:00:00-04:00,33.13470127721281,33.38696969102389,32.76599787122677,32.960052490234375,634100,0.0,0.0
2024-10-29 00:00:00-04:00,33.43548270992067,33.9303221777383,33.192915359382155,33.716861724853516,506800,0.0,0.0
2024-10-30 00:00:00-04:00,33.542208011167126,33.542208011167126,32.42639688201733,32.83391189575195,616700,0.0,0.0
2024-10-31 00:00:00-04:00,32.115920820338985,32.17413832615647,30.912788643721292,31.591978073120117,1069600,0.0,0.0
2024-11-01 00:00:00-04:00,32.00919054346924,32.164433506250994,31.05832323248628,31.126245498657227,782600,0.0,0.0
2024-11-04 00:00:00-05:00,31.07772913834564,31.242676868660272,30.544081683862668,30.66051483154297,842500,0.0,0.0
2024-11-05 00:00:00-05:00,30.835164931812248,31.09713628654845,30.02984133244485,30.223894119262695,639400,0.0,0.0
2024-11-06 00:00:00-05:00,28.42889271271731,30.922486628148874,28.147515548724794,30.40824317932129,959700,0.0,0.0
2024-11-07 00:00:00-05:00,30.806055846555775,31.62108235401209,30.2724083752975,31.465839385986328,635700,0.0,0.0
2024-11-08 00:00:00-05:00,31.097135707976495,31.330002008852844,30.02984077373025,30.55378532409668,689800,0.0,0.0
2024-11-11 00:00:00-05:00,29.243918672262264,29.69024355170476,28.41919117550984,29.273027420043945,856400,0.0,0.0
2024-11-12 00:00:00-05:00,29.098380631254805,29.835785636544003,28.914028917271978,29.729055404663086,706100,0.0,0.0
2024-11-13 00:00:00-05:00,30.12686462681728,30.485865125023047,29.04986683348407,29.234216690063477,521500,0.0,0.0
2024-11-14 00:00:00-05:00,28.81700297887856,29.845488062481234,28.81700297887856,29.826082229614258,664400,0.0,0.0
2024-11-15 00:00:00-05:00,29.991026542880842,30.32091828183861,29.253621588189493,29.273027420043945,766800,0.0,0.0
2024-11-18 00:00:00-05:00,30.424297846889797,31.35038265990801,30.424297846889797,31.009193420410156,848300,0.141,0.0
2024-11-19 00:00:00-05:00,31.369881701859185,31.369881701859185,30.629014173974962,30.950706481933594,533400,0.0,0.0
2024-11-20 00:00:00-05:00,30.61926283010379,30.823977112001128,30.41455040753817,30.57052230834961,555800,0.0,0.0
2024-11-21 00:00:00-05:00,30.892214994694882,31.21390727678886,30.463291332125664,31.19441032409668,598900,0.0,0.0
2024-11-22 00:00:00-05:00,31.389377144035965,31.447864285334056,30.76548765310046,30.775236129760742,792800,0.0,0.0
2024-11-25 00:00:00-05:00,29.83939979019666,29.897888781237306,29.186266835693015,29.624937057495117,2392400,0.0,0.0
2024-11-26 00:00:00-05:00,29.771165747799,30.053864119782222,29.342242092400895,29.8004093170166,800700,0.0,0.0
2024-11-27 00:00:00-05:00,29.99537737472792,30.10260690213181,29.371487867475775,29.67368507385254,807100,0.0,0.0
2024-11-28 00:00:00-05:00,29.624941758602855,30.083110862566215,29.546955805062765,30.053865432739258,149700,0.0,0.0
2024-11-29 00:00:00-05:00,30.07336183746668,30.44379464519306,29.86864755107523,30.278074264526367,543800,0.0,0.0
2024-12-02 00:00:00-05:00,30.073360542198433,30.073360542198433,28.97180692423119,29.205764770507812,833600,0.0,0.0
2024-12-03 00:00:00-05:00,29.517709998175814,31.311386793701068,29.498213046435016,31.028688430786133,1285500,0.0,0.0
2024-12-04 00:00:00-05:00,31.184662260686906,31.496607929897213,30.84347302138284,31.01894187927246,742300,0.0,0.0
2024-12-05 00:00:00-05:00,30.901963622811518,31.535597854433643,30.833724288053745,31.135921478271484,524500,0.0,0.0
2024-12-06 00:00:00-05:00,31.12617425753098,31.23340564285867,30.54127866562006,30.609516143798828,457700,0.0,0.0
2024-12-09 00:00:00-05:00,31.798800471625714,33.45600423718083,31.769556902389382,32.19847869873047,1020800,0.0,0.0
2024-12-10 00:00:00-05:00,32.773624480996084,32.94909332679372,31.837793115850854,31.945024490356445,560500,0.0,0.0
2024-12-11 00:00:00-05:00,32.25697122279742,33.35852491780617,32.24722460543612,33.0855712890625,1006700,0.0,0.0
2024-12-12 00:00:00-05:00,32.14973410021798,32.22772189984317,31.428365546999782,31.467355728149414,635500,0.0,0.0
2024-12-13 00:00:00-05:00,31.184662780785875,31.213908210699156,30.521781244072532,30.81422996520996,767800,0.0,0.0
2024-12-16 00:00:00-05:00,30.80448005881568,31.038437909267643,30.336564357911758,30.59976577758789,372800,0.0,0.0
2024-12-17 00:00:00-05:00,30.131849893403626,30.726493921767695,29.810157618572443,30.677751541137695,624900,0.0,0.0
2024-12-18 00:00:00-05:00,30.49253604850266,30.541276569762218,29.001052670380805,29.079038619995117,827600,0.0,0.0
2024-12-19 00:00:00-05:00,28.971808146049508,29.4884662404482,28.474647004495694,28.708606719970703,514500,0.0,0.0
2024-12-20 00:00:00-05:00,28.82558444655751,29.264256584771868,28.630620497942484,28.806087493896484,1031100,0.0,0.0
2024-12-23 00:00:00-05:00,28.669610152216304,29.166771247607127,28.669610152216304,29.0400447845459,288800,0.0,0.0
2024-12-24 00:00:00-05:00,29.001052856445312,29.137527804313024,28.825584003854416,29.001052856445312,119200,0.0,0.0
2024-12-27 00:00:00-05:00,28.689107365730994,29.030296574630388,28.57212751778518,28.91331672668457,407600,0.0,0.0
2024-12-30 00:00:00-05:00,28.464900333546183,28.542886285446375,27.782521859920692,27.918996810913086,567300,0.0,0.0
2024-12-31 00:00:00-05:00,27.86050681730107,28.47464593417605,27.86050681730107,28.347919464111328,297000,0.0,0.0
2025-01-02 00:00:00-05:00,28.942563342671484,30.18059004625217,28.942563342671484,30.02461814880371,582800,0.0,0.0
2025-01-03 00:00:00-05:00,29.995374180263813,29.995374180263813,29.361738122909614,29.38123321533203,330600,0.0,0.0
2025-01-06 00:00:00-05:00,29.439726519018624,29.780913906432318,28.815837026322562,29.16677474975586,486500,0.0,0.0
2025-01-07 00:00:00-05:00,29.819908316035768,30.33656643321031,29.507964494093343,29.751670837402344,972600,0.0,0.0
2025-01-08 00:00:00-05:00,29.868648025374288,30.190340315384795,29.6346901653059,30.092859268188477,459200,0.0,0.0
2025-01-09 00:00:00-05:00,30.2195841363241,30.765485780754503,30.2195841363241,30.7557373046875,318600,0.0,0.0
2025-01-10 00:00:00-05:00,30.950704969175995,30.950704969175995,29.93688570920246,30.005125045776367,654500,0.0,0.0
2025-01-13 00:00:00-05:00,29.342240356710423,29.351988832316874,28.58187599339163,28.91331672668457,531700,0.0,0.0
2025-01-14 00:00:00-05:00,29.322746624328246,30.3170689333563,29.23501219357096,29.96613121032715,773900,0.0,0.0
2025-01-15 00:00:00-05:00,30.50228512946605,30.560774128003665,29.235011098939463,29.634689331054688,627400,0.0,0.0
2025-01-16 00:00:00-05:00,30.56077296786605,30.853219808784097,30.073360326781525,30.11235237121582,953000,0.0,0.0
2025-01-17 00:00:00-05:00,29.829655586658138,30.551026110562702,29.53720687091406,30.25857925415039,589000,0.0,0.0
2025-01-20 00:00:00-05:00,30.19033897211242,30.677751623734505,30.180590495960175,30.65825653076172,169700,0.0,0.0
2025-01-21 00:00:00-05:00,30.47304113395737,31.184663204189626,30.434047226876896,30.638761520385742,685300,0.0,0.0
2025-01-22 00:00:00-05:00,30.82397886035435,31.04818824807161,30.33656617783936,30.638761520385742,778300,0.0,0.0
2025-01-23 00:00:00-05:00,30.24882993157581,30.65825663469967,30.04411565034802,30.59976577758789,618900,0.0,0.0
2025-01-24 00:00:00-05:00,31.204158364214607,31.779305479541964,31.05793679034989,31.379627227783203,697300,0.0,0.0
2025-01-27 00:00:00-05:00,30.7362447781577,30.83372582830338,30.161097657505316,30.502286911010742,592200,0.0,0.0
2025-01-28 00:00:00-05:00,30.6777495506332,30.892212292826528,30.024616567222917,30.726491928100586,489700,0.0,0.0
2025-01-29 00:00:00-05:00,30.843467519643024,31.789049116416354,30.833719044906744,31.779298782348633,506700,0.0,0.0
2025-01-30 00:00:00-05:00,32.68589096849557,34.050647869675664,32.68589096849557,34.00190734863281,787200,0.0,0.0
2025-01-31 00:00:00-05:00,34.11888412124016,34.382087387843605,32.6761431817816,32.861358642578125,1084200,0.0,0.0
2025-02-03 00:00:00-05:00,33.03682518306349,34.528306537807055,32.88085330099007,33.89467239379883,1139700,0.0,0.0
2025-02-04 00:00:00-05:00,34.02140484461901,34.14812945762345,33.53399218907239,33.7776985168457,856800,0.0,0.0
2025-02-05 00:00:00-05:00,34.10914044245383,35.21069040437168,34.07989315342572,34.869503021240234,1412600,0.0,0.0
2025-02-06 00:00:00-05:00,34.742775243573156,34.86950358162874,34.33335037723555,34.61604690551758,566000,0.0,0.0
2025-02-07 00:00:00-05:00,35.093714101286515,35.21069210706495,34.187126189510174,34.196876525878906,461100,0.0,0.0
2025-02-10 00:00:00-05:00,35.366661653879824,35.62011832121015,34.83050846806129,35.122955322265625,900600,0.0,0.0
2025-02-11 00:00:00-05:00,34.68429005131718,34.811014677831615,33.85568621735314,33.86543655395508,583500,0.0,0.0
2025-02-12 00:00:00-05:00,34.187123901346354,35.288677561468305,34.06039556768119,35.122955322265625,817600,0.0,0.0
2025-02-13 00:00:00-05:00,35.083962382687055,35.12295256650187,34.45032448274028,34.67453384399414,455200,0.0,0.0
2025-02-14 00:00:00-05:00,35.36666113288194,35.42515199032656,33.50474493552452,33.758201599121094,912700,0.0,0.0
2025-02-18 00:00:00-05:00,34.24561330343503,34.26511025537472,33.699709805113685,34.128631591796875,618000,0.0,0.0
2025-02-19 00:00:00-05:00,33.96291409219837,33.96291409219837,33.368270055607574,33.719207763671875,836000,0.0,0.0
2025-02-20 00:00:00-05:00,33.83618964968885,35.668862492103905,33.77770250406387,35.23994064331055,956600,0.0,0.0
2025-02-21 00:00:00-05:00,34.80126393472044,34.927992264876956,33.88492577327646,33.923919677734375,1117200,0.0,0.0
2025-02-24 00:00:00-05:00,34.391838459787984,34.391838459787984,32.871113236171944,34.23586654663086,734700,0.0,0.0
2025-02-25 00:00:00-05:00,34.12862796977331,34.20661576925534,33.02707819206174,34.0408935546875,1215000,0.0,0.0
2025-02-26 00:00:00-05:00,33.836190236596615,35.386162839829794,33.836190236596615,34.99623489379883,1078000,0.0,0.0
2025-02-27 00:00:00-05:00,34.586801805503455,35.08396479969088,33.61197648837428,33.66071701049805,1014000,0.0,0.0
2025-02-28 00:00:00-05:00,32.83211720860488,33.60223010701578,32.44218559155383,33.582733154296875,2038400,0.0,0.0
2025-03-03 00:00:00-05:00,34.40993927796109,34.78193591660355,33.14709855975716,33.4016227722168,756800,0.145,0.0
2025-03-04 00:00:00-05:00,33.43099780190895,34.008575925568614,32.37373463274962,33.558258056640625,751600,0.0,0.0
2025-03-05 00:00:00-05:00,33.382042789368725,35.08540974195769,33.26457036537739,35.016883850097656,870400,0.0,0.0
2025-03-06 00:00:00-05:00,34.5665701813799,35.11477732263406,33.82256944056201,34.312042236328125,703600,0.0,0.0
2025-03-07 00:00:00-05:00,34.409938358890315,35.54551507334324,33.636570460549,34.55677795410156,649500,0.0,0.0
2025-03-10 00:00:00-04:00,34.15540913352337,34.272881552147894,32.73593736027904,33.06877899169922,768900,0.0,0.0
2025-03-11 00:00:00-04:00,33.352679181403104,34.53720256372467,33.284153282219634,34.507835388183594,908400,0.0,0.0
2025-03-12 00:00:00-04:00,34.439311739586486,35.731519829178865,34.390365199025595,35.5553092956543,1003200,0.0,0.0
2025-03-13 00:00:00-04:00,35.64340753562389,36.82793076183468,35.22246064789925,36.17203903198242,787000,0.0,0.0
2025-03-14 00:00:00-04:00,36.80835583733628,36.80835583733628,35.91751542364529,36.230777740478516,585300,0.0,0.0
2025-03-17 00:00:00-04:00,36.416783454329384,37.356570498915254,36.416783454329384,37.34678268432617,544300,0.0,0.0
2025-03-18 00:00:00-04:00,38.27677378949676,38.37467059606737,37.19014724442294,37.23909378051758,909200,0.0,0.0
2025-03-19 00:00:00-04:00,36.99436200974972,37.376150267349566,36.583202839300945,37.1999397277832,515300,0.0,0.0
2025-03-20 00:00:00-04:00,36.61257508254941,37.50341562744699,36.181836532676776,37.01394271850586,548200,0.0,0.0
2025-03-21 00:00:00-04:00,36.3678335860949,36.80835615556296,35.516148153858786,36.13288497924805,1082100,0.0,0.0
2025-03-24 00:00:00-04:00,36.446145420373895,36.75940772377005,36.06435722150866,36.26014709472656,475800,0.0,0.0
2025-03-25 00:00:00-04:00,36.83772651160371,37.44467177979319,36.279727779910246,36.32867431640625,605500,0.0,0.0
2025-03-26 00:00:00-04:00,36.46572398066819,36.46572398066819,35.7902528539941,35.99583053588867,438300,0.0,0.0
2025-03-27 00:00:00-04:00,36.485308777092854,37.2488852718303,36.054573988796655,37.03351974487305,585600,0.0,0.0
2025-03-28 00:00:00-04:00,37.29783067147943,37.80688289718844,36.083940062342364,36.3580436706543,1154200,0.0,0.0
2025-03-31 00:00:00-04:00,36.661516540565295,36.68109590233255,35.056046219464186,36.38740921020508,953800,0.0,0.0
2025-04-01 00:00:00-04:00,36.18183308982696,36.34825580490975,35.37909789429761,35.84899139404297,567000,0.0,0.0
2025-04-02 00:00:00-04:00,36.02519804255483,36.700672909860614,35.555304593427124,36.406986236572266,633300,0.0,0.0
2025-04-03 00:00:00-04:00,32.84363002235441,34.64489039871581,32.14857941797552,33.685523986816406,1273300,0.0,0.0
2025-04-04 00:00:00-04:00,32.549943397229406,32.72615391587469,29.407528705357432,29.926368713378906,1672100,0.0,0.0
2025-04-07 00:00:00-04:00,28.957214212953534,32.06047220825721,28.69289842143143,30.455001831054688,1628900,0.0,0.0
2025-04-08 00:00:00-04:00,31.96257880915978,31.991945985351027,29.945949309507128,30.298370361328125,1297800,0.0,0.0
2025-04-09 00:00:00-04:00,31.384995659968833,34.01835784363106,31.032574664663365,33.73446273803711,1492000,0.0,0.0
2025-04-10 00:00:00-04:00,33.95962656239517,34.56657561327735,33.48973305274493,34.02815246582031,1234200,0.0,0.0
2025-04-11 00:00:00-04:00,35.25183432977426,35.84899182656636,34.68404774445795,35.19309997558594,1488200,0.0,0.0
2025-04-14 00:00:00-04:00,35.153938549359,36.99435743830575,34.99730739291979,36.93561935424805,1065600,0.0,0.0
2025-04-15 00:00:00-04:00,37.19993490644094,37.59151466236653,36.906251956687406,37.542564392089844,738800,0.0,0.0
2025-04-16 00:00:00-04:00,38.47256745715491,38.8641472532387,37.58172696872691,38.05162048339844,883900,0.0,0.0
2025-04-17 00:00:00-04:00,37.591515920483836,37.61109154799209,36.74962203113413,36.84751510620117,786900,0.0,0.0
2025-04-21 00:00:00-04:00,37.924357851547846,37.934145665365904,35.72173003872015,36.495094299316406,699800,0.0,0.0
2025-04-22 00:00:00-04:00,36.61256840149198,36.77898736766052,35.085411859893505,35.349727630615234,921300,0.0,0.0
2025-04-23 00:00:00-04:00,33.9204692403324,35.70215007574568,33.773625894863045,34.86025619506836,1186400,0.0,0.0
2025-04-24 00:00:00-04:00,35.36931018753581,35.574887894101856,34.73299397077623,35.290992736816406,690800,0.0,0.0
2025-04-25 00:00:00-04:00,34.17498977841892,34.91898677021318,34.096676074515784,34.55677795410156,580700,0.0,0.0
2025-04-28 00:00:00-04:00,34.48825695262326,34.742784928753295,33.98899628310901,34.72320556640625,1187400,0.0,0.0
2025-04-29 00:00:00-04:00,34.321838616545776,34.948363285849844,34.1064693610794,34.223941802978516,940500,0.0,0.0
2025-04-30 00:00:00-04:00,33.802991756545076,34.18477995867058,33.65615215116363,33.97920227050781,986000,0.0,0.0
2025-05-01 00:00:00-04:00,33.29394366470815,33.30373521356492,32.500999988868664,32.55973434448242,788900,0.0,0.0
2025-05-02 00:00:00-04:00,33.098154776617854,33.098154776617854,31.49268072495266,31.786367416381836,1046300,0.0,0.0
2025-05-05 00:00:00-04:00,32.90236136365205,32.92194072327206,31.88425706969763,32.32478332519531,763500,0.0,0.0
2025-05-06 00:00:00-04:00,33.16668223151651,33.79320689844785,32.46184011402797,33.76383972167969,974700,0.0,0.0
2025-05-07 00:00:00-04:00,32.92194343797717,33.656152679555014,32.69678638535239,33.27436447143555,1017400,0.0,0.0
2025-05-08 00:00:00-04:00,34.654674857093404,36.02519642179467,33.96941220755227,34.81130599975586,1393400,0.0,0.0
2025-05-09 00:00:00-04:00,35.222465484817285,37.12161877940354,35.046254961833036,37.10204315185547,1263600,0.0,0.0
2025-05-12 00:00:00-04:00,34.44909635529683,34.44909635529683,31.189209256540995,31.218576431274414,2745800,0.0,0.0
2025-05-13 00:00:00-04:00,31.61994494566411,32.05068343798147,31.296892943616804,31.43394660949707,2345000,0.0,0.0
2025-05-14 00:00:00-04:00,30.680160963386733,31.071738902826812,30.171108708519185,30.91510772705078,1149800,0.0,0.0
2025-05-15 00:00:00-04:00,31.218577170933333,31.424154867700647,30.552893809074156,31.22836685180664,1184800,0.0,0.0
2025-05-16 00:00:00-04:00,30.53331933583485,31.110897494177184,30.288582891357283,31.091318130493164,689800,0.0,0.0
2025-05-20 00:00:00-04:00,31.680279446180915,32.57503575809171,31.41480180408034,32.55537033081055,868800,0.139,0.0
2025-05-21 00:00:00-04:00,32.74219143454084,33.155157971068796,32.496379180901954,32.85034942626953,1111500,0.0,0.0
2025-05-22 00:00:00-04:00,32.61436801785221,32.919176562702184,31.906431277796585,32.51604461669922,925800,0.0,0.0
2025-05-23 00:00:00-04:00,32.87984686274309,33.007670289392635,32.28989893340244,32.59470748901367,843500,0.0,0.0
2025-05-26 00:00:00-04:00,32.75202500321774,33.243649495156056,32.74219041293254,33.214149475097656,171800,0.0,0.0
2025-05-27 00:00:00-04:00,32.30956142836641,33.214148671257675,32.07358002759641,32.791351318359375,1040300,0.0,0.0
2025-05-28 00:00:00-04:00,32.93883885499366,33.20431651377134,32.6143649106664,33.16498565673828,946600,0.0,0.0
2025-05-29 00:00:00-04:00,33.2731425704266,33.5681164871147,32.76185269779536,32.86017608642578,498700,0.0,0.0
2025-05-30 00:00:00-04:00,32.65369310570807,33.06665956929541,32.309557511715845,32.909339904785156,1774600,0.0,0.0
2025-06-02 00:00:00-04:00,33.70577005845666,35.54444814566367,33.54845038931135,35.22980880737305,992500,0.0,0.0
2025-06-03 00:00:00-04:00,34.993828288332494,35.446121879392116,34.54153469727288,35.426456451416016,701100,0.0,0.0
2025-06-04 00:00:00-04:00,35.583782423954055,35.829594690977,35.21998131898341,35.80009841918945,809400,0.0,0.0
2025-06-05 00:00:00-04:00,37.34379285596459,38.74000824752183,37.34379285596459,38.43519973754883,1883100,0.0,0.0
2025-06-06 00:00:00-04:00,38.74000801478279,39.28079415759182,38.022233019778014,38.55318832397461,1718500,0.0,0.0
2025-06-09 00:00:00-04:00,39.034982495607956,39.939569692852956,38.82850112460164,39.320125579833984,1429300,0.0,0.0
2025-06-10 00:00:00-04:00,39.457783287180135,39.467614126796185,37.92391350206499,38.32704544067383,867800,0.0,0.0
2025-06-11 00:00:00-04:00,38.563024242313126,38.70067849241223,37.81575295492228,38.513858795166016,950300,0.0,0.0
2025-06-12 00:00:00-04:00,38.828508774990354,39.26113703054876,38.53353104309388,38.75967788696289,718200,0.0,0.0
2025-06-13 00:00:00-04:00,39.03499018667976,39.03499018667976,38.336884222893126,38.75967788696289,765500,0.0,0.0
2025-06-16 00:00:00-04:00,38.563028180110294,39.202137799517274,38.44503559586502,38.62202072143555,1056400,0.0,0.0
2025-06-17 00:00:00-04:00,39.18246969462075,39.43811652557365,38.60235265613179,39.36928939819336,1445300,0.0,0.0
2025-06-18 00:00:00-04:00,39.3692880461883,39.65443113599844,38.93665611660133,39.07431411743164,1157000,0.0,0.0
2025-06-19 00:00:00-04:00,38.98582302645993,39.63476719439156,38.98582302645993,39.477447509765625,438500,0.0,0.0
2025-06-20 00:00:00-04:00,38.966154944736076,39.772418742413954,38.543357617807814,38.661346435546875,5368400,0.0,0.0
2025-06-23 00:00:00-04:00,38.93665618146708,39.772420023599786,38.70067853838743,39.18246841430664,804200,0.0,0.0
2025-06-24 00:00:00-04:00,38.091065972500935,38.464697872918705,37.45195265469636,38.26804733276367,1219000,0.0,0.0
2025-06-25 00:00:00-04:00,38.3958674656207,38.84816104377157,38.07139729026786,38.70067596435547,770500,0.0,0.0
2025-06-26 00:00:00-04:00,38.956322507583934,39.07431508263883,38.317212937956825,39.04481506347656,630300,0.0,0.0
2025-06-27 00:00:00-04:00,37.86491199494202,37.86491199494202,37.16680620367237,37.36345672607422,1211600,0.0,0.0
2025-06-30 00:00:00-04:00,37.481454466101475,38.14023331042856,37.16681505564,37.99274444580078,3829800,0.0,0.0
2025-07-02 00:00:00-04:00,38.45486831665039,38.563026304883735,37.85508583702708,38.45486831665039,824100,0.0,0.0
2025-07-03 00:00:00-04:00,38.38604185202554,38.93665889139816,38.17956046226082,38.769508361816406,506500,0.0,0.0
2025-07-04 00:00:00-04:00,38.84816450728591,38.946491653126444,38.68101398555264,38.71051025390625,132300,0.0,0.0
2025-07-07 00:00:00-04:00,38.258218723036094,39.447949121647426,37.68793624923123,39.42828369140625,710600,0.0,0.0
2025-07-08 00:00:00-04:00,39.290628451694445,39.72326040462782,37.95340923498619,38.45486831665039,1122100,0.0,0.0
2025-07-09 00:00:00-04:00,38.34671410493231,38.907165780248285,38.18939440222603,38.78917694091797,670800,0.0,0.0
2025-07-10 00:00:00-04:00,39.152979984796104,39.46761940575577,38.336885158806275,39.3987922668457,809500,0.0,0.0
2025-07-11 00:00:00-04:00,40.41152824756084,40.97197981991293,39.84124583656962,40.78516387939453,1063800,0.0,0.0
2025-07-14 00:00:00-04:00,41.434113248749576,41.73892179631123,40.037901435809914,40.07722854614258,1202700,0.0,0.0
2025-07-15 00:00:00-04:00,40.224717766445046,40.401702892345206,39.25129957399417,40.06739807128906,1088500,0.0,0.0
2025-07-16 00:00:00-04:00,40.342707582634766,40.36237301385788,38.59252546255011,38.92683029174805,1000000,0.0,0.0
2025-07-17 00:00:00-04:00,38.61218617496092,38.69084413944305,37.982907455915694,38.395870208740234,682700,0.0,0.0
2025-07-18 00:00:00-04:00,38.59252231746376,38.710511144389486,37.63876961025478,37.90424728393555,973400,0.0,0.0
2025-07-21 00:00:00-04:00,38.69084652182109,40.00840032749892,38.61218855249561,39.66426467895508,1020700,0.0,0.0
2025-07-22 00:00:00-04:00,40.12639290896281,40.80483336645542,39.71342637989977,40.3328742980957,831800,0.0,0.0
2025-07-23 00:00:00-04:00,40.12639130733647,40.50002321062628,39.34962373069162,39.48727798461914,1154500,0.0,0.0
2025-07-24 00:00:00-04:00,39.05464858366102,39.82158154652423,38.61218581631802,39.30046081542969,761600,0.0,0.0
2025-07-25 00:00:00-04:00,38.82850273406289,39.60526655492159,38.5630250671376,39.27096176147461,790500,0.0,0.0
2025-07-28 00:00:00-04:00,39.06448059025437,39.06448059025437,37.95340821922586,38.4843635559082,773800,0.0,0.0
2025-07-29 00:00:00-04:00,38.51385806396731,38.63185063392385,37.99273734111522,38.42536926269531,871800,0.0,0.0
2025-07-30 00:00:00-04:00,37.99273951960038,38.445033144643915,36.97999428291654,37.2454719543457,1183300,0.0,0.0
2025-07-31 00:00:00-04:00,37.255298795004016,37.363456769992,36.419538762309735,36.80300521850586,899700,0.0,0.0
2025-08-01 00:00:00-04:00,37.206142181202715,37.3634618706261,36.34088201397551,36.655521392822266,943500,0.0,0.0
2025-08-05 00:00:00-04:00,38.0222360280339,39.51677491876037,37.7764237845091,39.467613220214844,1477300,0.0,0.0
2025-08-06 00:00:00-04:00,39.62493629741794,39.723263453721685,39.08415006553854,39.70359802246094,1502400,0.0,0.0
2025-08-07 00:00:00-04:00,40.80483552141491,42.73200275669275,40.22471843264482,42.49602508544922,1750800,0.0,0.0
2025-08-08 00:00:00-04:00,42.741835273069334,43.42027573346191,42.230545342461504,43.22362518310547,1666100,0.0,0.0
2025-08-11 00:00:00-04:00,41.67992915785404,43.09581027625778,41.64059829327667,42.751670837402344,742100,0.0,0.0
2025-08-12 00:00:00-04:00,43.26295550007272,43.38094432848606,42.446857039120495,43.35144805908203,807300,0.0,0.0
2025-08-13 00:00:00-04:00,43.16463087700732,43.67591703589305,42.16171648695216,42.830326080322266,1222000,0.0,0.0
2025-08-14 00:00:00-04:00,42.417360400626954,43.528432798343275,42.417360400626954,42.69266891479492,853700,0.0,0.0
2025-08-15 00:00:00-04:00,42.77132763822645,43.22362123719804,42.250206915532964,43.11546325683594,778400,0.0,0.0
2025-08-18 00:00:00-04:00,42.95360199315986,43.259568800733724,42.60815486879254,43.2102165222168,701300,0.166,0.0
2025-08-19 00:00:00-04:00,43.30891826424933,43.42735545217754,41.877788752019775,41.966617584228516,831600,0.0,0.0
2025-08-20 00:00:00-04:00,42.19361981531657,42.82528977856478,42.01596216752177,42.80554962158203,682400,0.0,0.0
2025-08-21 00:00:00-04:00,42.87463819379713,44.25641905913805,42.736460860273034,43.980064392089844,926900,0.0,0.0
2025-08-22 00:00:00-04:00,43.73332154191665,44.80913570748782,43.4470948912027,44.5623893737793,860800,0.0,0.0
2025-08-25 00:00:00-04:00,44.58212555692936,44.70056650738693,44.26629055247633,44.47356033325195,864600,0.0,0.0
2025-08-26 00:00:00-04:00,44.749913329793465,45.302626449224455,44.611735991198245,45.19405746459961,2556000,0.0,0.0
2025-08-27 00:00:00-04:00,44.83874400211097,44.9571811879169,44.17746187083981,44.89796447753906,715200,0.0,0.0
2025-08-28 00:00:00-04:00,45.0262660254366,45.036137986359,44.0985012463769,44.73017120361328,783700,0.0,0.0
2025-08-29 00:00:00-04:00,44.819003409372705,46.062603260911104,44.819003409372705,45.983646392822266,813800,0.0,0.0
2025-09-02 00:00:00-04:00,47.47399634106055,47.50360846336169,45.63820665556223,46.65480041503906,1177700,0.0,0.0
2025-09-03 00:00:00-04:00,47.335816527702654,47.552954509726625,45.865210463223015,46.34883117675781,1810000,0.0,0.0
2025-09-04 00:00:00-04:00,45.68755001855631,46.41791702538121,45.490152207369825,45.86520767211914,3590500,0.0,0.0
2025-09-05 00:00:00-04:00,47.05945852819864,47.37529351710869,45.94416410576935,47.28646469116211,1033600,0.0,0.0
2025-09-08 00:00:00-04:00,48.36228062981731,49.30978563242209,47.701002273327575,48.757076263427734,1718600,0.0,0.0
2025-09-09 00:00:00-04:00,49.16174036369616,49.49731552459359,48.046445892912054,48.51033020019531,3490600,0.0,0.0
2025-09-10 00:00:00-04:00,49.0432998730935,49.84275934875902,48.51033065436675,49.615753173828125,1316500,0.0,0.0
2025-09-11 00:00:00-04:00,49.16173936137113,50.3362505180407,49.043298414022,50.25728988647461,982600,0.0,0.0
2025-09-12 00:00:00-04:00,50.721172628028626,51.34297440485744,50.06976249779606,50.138851165771484,993400,0.0,0.0
2025-09-15 00:00:00-04:00,50.2967688333511,51.36271474018109,50.099371024858506,50.563255310058594,1145800,0.0,0.0
2025-09-16 00:00:00-04:00,50.44481949159976,50.71130597549503,48.89525286546996,49.161739349365234,1445300,0.0,0.0
2025-09-17 00:00:00-04:00,48.10566393574657,49.13212575978843,47.68125996650761,48.03657150268555,1165300,0.0,0.0
2025-09-18 00:00:00-04:00,48.09579266224136,48.214229842660735,46.97063003563205,47.96748352050781,925300,0.0,0.0
2025-09-19 00:00:00-04:00,48.224099005497095,49.69470489176018,48.155010340507545,49.58613967895508,5916400,0.0,0.0
2025-09-22 00:00:00-04:00,51.1554500267732,51.6390707164848,49.81314941320202,50.92844009399414,1603500,0.0,0.0
2025-09-23 00:00:00-04:00,51.32323562221012,52.42865810447445,51.2047984403729,51.59959030151367,1146800,0.0,0.0
2025-09-24 00:00:00-04:00,51.64894332336831,52.152304177222696,49.92171902271376,49.93158721923828,868000,0.0,0.0
2025-09-25 00:00:00-04:00,50.701429043242214,50.92843518910833,50.000670449692514,50.65208053588867,1021200,0.0,0.0
2025-09-26 00:00:00-04:00,51.106096176327156,52.96162954179162,50.760652837167555,52.74449157714844,1439900,0.0,0.0
2025-09-29 00:00:00-04:00,54.28418873972809,54.33353724920877,53.02084882478312,53.307071685791016,1435400,0.0,0.0
2025-09-30 00:00:00-04:00,52.09308426632981,53.701871400838826,51.718032553538926,53.228118896484375,1374200,0.0,0.0
2025-10-01 00:00:00-04:00,54.28419139287243,55.43896238436948,53.61304108899291,54.037445068359375,1111500,0.0,0.0
2025-10-02 00:00:00-04:00,54.866511522191985,54.866511522191985,51.846335228888286,54.007835388183594,1162500,0.0,0.0
2025-10-03 00:00:00-04:00,54.56054590494356,54.74807552063305,53.356426405229975,53.78083038330078,971700,0.0,0.0
2025-10-06 00:00:00-04:00,54.718462742535536,55.63635935707101,54.540805090364145,55.113258361816406,1259600,0.0,0.0
2025-10-07 00:00:00-04:00,55.123127340454914,55.132999301854596,53.94861619225066,54.205230712890625,943200,0.0,0.0
2025-10-08 00:00:00-04:00,55.65610138764958,55.85349920393345,54.678988032872205,54.81716537475586,970200,0.0,0.0
2025-10-09 00:00:00-04:00,55.58701134223118,56.24829344567338,52.635927427685665,53.35642623901367,1692100,0.0,0.0
2025-10-10 00:00:00-04:00,53.90913607261269,54.14601420141413,52.626055934651006,53.198509216308594,1094900,0.0,0.0
2025-10-14 00:00:00-04:00,55.21195633524725,56.307510620827216,54.41250065175386,54.79742431640625,1464000,0.0,0.0
2025-10-15 00:00:00-04:00,55.76466979680022,57.12671057348478,55.57714394405205,56.90957260131836,1316800,0.0,0.0
2025-10-16 00:00:00-04:00,57.245148858145775,58.95263301883272,56.77139635388439,58.2814826965332,1118000,0.0,0.0
2025-10-17 00:00:00-04:00,56.79113771386937,57.4326759297552,52.231262704399356,53.16889953613281,1397800,0.0,0.0
2025-10-20 00:00:00-04:00,54.41250249871458,55.16260969567165,53.40577700657859,54.5013313293457,1174500,0.0,0.0
2025-10-21 00:00:00-04:00,50.08950255778184,50.237551854613024,48.06618350303908,49.043296813964844,1525600,0.0,0.0
2025-10-22 00:00:00-04:00,47.49372847629612,49.72431721687187,47.48386028056343,49.507179260253906,1210600,0.0,0.0
2025-10-23 00:00:00-04:00,51.18505831570558,51.18505831570558,49.892106215890706,50.000675201416016,972700,0.0,0.0
2025-10-24 00:00:00-04:00,49.37887559703415,50.6718277541797,49.37887559703415,50.21781539916992,1166800,0.0,0.0
2025-10-27 00:00:00-04:00,48.638633386362514,49.19134649849847,46.664662826655594,47.95761489868164,1708600,0.0,0.0
2025-10-28 00:00:00-04:00,47.03971449915674,48.47084379270697,46.773228043250164,48.46097183227539,941300,0.0,0.0
2025-10-29 00:00:00-04:00,49.85262522474127,49.86249718604624,48.006963790969756,48.30305862426758,855900,0.0,0.0
2025-10-30 00:00:00-04:00,48.46097425596868,49.60587699505928,48.411625746491914,49.102516174316406,985100,0.0,0.0
2025-10-31 00:00:00-04:00,49.32952579060763,49.3393977522255,48.01683727419584,48.757076263427734,882500,0.0,0.0
2025-11-03 00:00:00-05:00,48.72746173468573,49.32952335190493,47.8490454466315,48.11553192138672,995100,0.0,0.0
2025-11-04 00:00:00-05:00,47.118681451654524,47.39503614006444,45.993515009449325,46.16130447387695,1414900,0.0,0.0
2025-11-05 00:00:00-05:00,47.17790159378042,47.444388104867514,46.50675121735007,47.07920455932617,1140400,0.0,0.0
2025-11-06 00:00:00-05:00,47.177896180021314,48.2734504559788,46.990370330057004,47.12854766845703,716000,0.0,0.0
2025-11-07 00:00:00-05:00,47.37529734726647,48.253713716505644,46.72388715934357,48.2142333984375,933700,0.0,0.0
2025-11-10 00:00:00-05:00,50.35598914103173,52.2608710214244,49.78353587477693,51.73776626586914,1204800,0.0,0.0
2025-11-11 00:00:00-05:00,52.2806152356607,52.2806152356607,50.888966041662165,51.994388580322266,734000,0.0,0.0
2025-11-12 00:00:00-05:00,52.211524382951936,54.12627452812457,51.915425778036955,53.040592193603516,1220700,0.0,0.0
2025-11-13 00:00:00-05:00,53.780831866518184,56.36673235662286,53.405776389845684,54.067054748535156,1346700,0.0,0.0
2025-11-14 00:00:00-05:00,50.70143571274696,53.67226368585396,50.64221900215297,53.32681655883789,789000,0.0,0.0
2025-11-17 00:00:00-05:00,52.77410338776882,53.28733617799141,51.569980158206185,51.895687103271484,898900,0.0,0.0
2025-11-18 00:00:00-05:00,52.21152311774968,52.77410442937527,51.23440602831834,52.50761795043945,745400,0.0,0.0
2025-11-19 00:00:00-05:00,53.67226240528209,55.1823487302037,53.168897786941436,54.224971771240234,865000,0.0,0.0
2025-11-20 00:00:00-05:00,54.31380003529063,54.83690480626898,50.72117413371922,50.76065444946289,890000,0.0,0.0
2025-11-21 00:00:00-05:00,50.25729020557468,51.65881130437041,49.9019786564217,51.10609817504883,676800,0.0,0.0
2025-11-24 00:00:00-05:00,51.489521954217615,54.689659118652344,51.410259765652825,54.689659118652344,2565400,0.197,0.0
2025-11-25 00:00:00-05:00,54.184373349004105,55.85875121598696,54.184373349004105,55.16522216796875,719700,0.0,0.0
2025-11-26 00:00:00-05:00,56.47301525859788,59.26694307956367,55.85874843156906,59.247127532958984,1045200,0.0,0.0
2025-11-27 00:00:00-05:00,58.69230587631268,58.91026932464906,58.48424453188713,58.811195373535156,190600,0.0,0.0
2025-11-28 00:00:00-05:00,60.63418773061591,63.586636250690546,60.45585158421825,62.75440216064453,1034700,0.0,0.0
2025-12-01 00:00:00-05:00,64.31979882345038,64.31979882345038,62.14014132015071,63.91359329223633,1649700,0.0,0.0
2025-12-02 00:00:00-05:00,63.814517786641304,63.8541413252869,60.45585597200533,62.090599060058594,1118700,0.0,0.0
2025-12-03 00:00:00-05:00,62.8336592696346,63.43802022220031,61.21873188097605,61.39706802368164,642800,0.0,0.0
2025-12-04 00:00:00-05:00,60.5549268519621,61.32771809622071,60.069459160261886,61.089935302734375,537800,0.0,0.0
2025-12-05 00:00:00-05:00,61.97170608985441,62.922829700327924,60.38650007239854,60.79270935058594,678600,0.0,0.0
2025-12-08 00:00:00-05:00,60.97104407481497,61.278175607589056,59.49481793477886,59.811859130859375,796100,0.0,0.0
2025-12-09 00:00:00-05:00,60.366685498416686,66.846222285707,60.24779599004723,66.43010711669922,1658300,0.0,0.0
2025-12-10 00:00:00-05:00,65.38981206507962,67.35150975292984,64.76563930746572,66.51927185058594,999200,0.0,0.0
2025-12-11 00:00:00-05:00,67.28215863739631,70.7894237972979,66.87594556202656,68.71875,1065100,0.0,0.0
2025-12-12 00:00:00-05:00,69.81847894398794,71.18571759180305,66.94528904807767,67.77752685546875,1762000,0.0,0.0
2025-12-15 00:00:00-05:00,69.50144129323454,69.9076467754636,66.26166930424564,67.31187438964844,1079300,0.0,0.0
2025-12-16 00:00:00-05:00,66.95520023468923,68.32243891362431,66.12296240835543,67.12362670898438,1133800,0.0,0.0
2025-12-17 00:00:00-05:00,68.7682798169783,68.97633737410834,67.17316432012376,68.26299285888672,1260400,0.0,0.0
2025-12-18 00:00:00-05:00,68.75837691253916,69.25375425692509,67.54965498282014,68.25308990478516,1417800,0.0,0.0
2025-12-19 00:00:00-05:00,68.41161748736587,71.48295565463611,68.41161748736587,70.47238159179688,2175100,0.0,0.0
2025-12-22 00:00:00-05:00,72.86010260479162,74.09854599780441,72.51333996651975,73.2266845703125,1155000,0.0,0.0
2025-12-23 00:00:00-05:00,73.69233647727141,73.81122976990208,71.76036771489139,73.09788513183594,897500,0.0,0.0
2025-12-24 00:00:00-05:00,73.19696125794037,73.19696125794037,71.21545167539762,72.70158386230469,346600,0.0,0.0
2025-12-29 00:00:00-05:00,70.8785907547301,71.79999291001049,69.45190159588088,70.84886932373047,999000,0.0,0.0
2025-12-30 00:00:00-05:00,72.91953581110772,73.12759336651497,71.18571529052295,71.44331359863281,593200,0.0,0.0
2025-12-31 00:00:00-05:00,70.08597542376722,71.95850093654616,70.08597542376722,70.5020980834961,535900,0.0,0.0
2026-01-02 00:00:00-05:00,71.86934361378688,72.21610623142459,67.51002161801215,69.4023666381836,913400,0.0,0.0
2026-01-05 00:00:00-05:00,71.51267400514595,74.1678968833313,71.0569277536708,72.45388793945312,1088700,0.0,0.0
2026-01-06 00:00:00-05:00,72.88981523323733,76.11967732859513,72.8204627139593,75.98097229003906,944700,0.0,0.0
2026-01-07 00:00:00-05:00,72.9393602819643,73.22668003842452,69.89774379932025,73.17713928222656,1108500,0.0,0.0
2026-01-08 00:00:00-05:00,70.55164307706931,72.96908702548257,70.42284768397762,72.89973449707031,594400,0.0,0.0
2026-01-09 00:00:00-05:00,74.25706944822547,75.19829104622522,73.45456047677179,74.81189727783203,740700,0.0,0.0
2026-01-12 00:00:00-05:00,77.06089454189208,77.92285379822675,76.28810713359246,76.60514831542969,1060800,0.0,0.0
2026-01-13 00:00:00-05:00,77.35812588666298,78.64610241300657,76.5952405633354,76.96182250976562,855600,0.0,0.0
2026-01-14 00:00:00-05:00,78.51731260930961,78.56685336951513,75.46578621680277,77.18970489501953,997900,0.0,0.0
2026-01-15 00:00:00-05:00,76.10978085101546,77.11044528154054,74.77226342817323,76.882568359375,1247200,0.0,0.0
2026-01-16 00:00:00-05:00,75.60449056321528,76.0899658203125,73.56353825078256,76.0899658203125,1113400,0.0,0.0
2026-01-19 00:00:00-05:00,77.972390108836,79.05231663809916,76.89247113843115,77.81387329101562,471100,0.0,0.0
2026-01-20 00:00:00-05:00,79.26038109669794,80.98429226907061,78.5173150239164,80.24122619628906,1174600,0.0,0.0
2026-01-21 00:00:00-05:00,81.8165223102567,81.92550592846226,77.44729059544701,78.30924987792969,1444800,0.0,0.0
2026-01-22 00:00:00-05:00,79.19102219998126,84.50146791129922,78.79471881458203,84.28350067138672,1004100,0.0,0.0
2026-01-23 00:00:00-05:00,86.23528551613637,89.01930365970408,85.15535901861966,87.52326202392578,1596000,0.0,0.0
2026-01-26 00:00:00-05:00,94.13160631379728,94.50809037920942,87.95920119704296,88.07809448242188,1502500,0.0,0.0
2026-01-27 00:00:00-05:00,87.67187643320433,87.92947475742466,83.3720049014875,86.5126953125,1373100,0.0,0.0
2026-01-28 00:00:00-05:00,88.27624112877969,88.761708809088,85.15536235193802,88.48429870605469,1447200,0.0,0.0
2026-01-29 00:00:00-05:00,89.73264531764762,90.267653717642,81.89578023142457,84.47174072265625,1535800,0.0,0.0
2026-01-30 00:00:00-05:00,75.38651712937711,79.72602730176062,72.74120404768402,73.50408935546875,2633900,0.0,0.0
2026-02-02 00:00:00-05:00,73.3059380954088,75.76301307592858,71.39378122312682,72.54306030273438,1354800,0.0,0.0
2026-02-03 00:00:00-05:00,77.43739113564926,77.5562768622184,74.15798793204456,76.57543182373047,1558100,0.0,0.0
2026-02-04 00:00:00-05:00,78.38850784439961,79.37926245920258,74.4056700599313,77.84358978271484,1140200,0.0,0.0
2026-02-05 00:00:00-05:00,73.13750888269236,75.62430520202375,70.76960584404878,71.0866470336914,1475500,0.0,0.0
2026-02-06 00:00:00-05:00,72.12694094386893,74.95059016112106,71.84952329473461,74.76234436035156,1202100,0.0,0.0
2026-02-09 00:00:00-05:00,76.41690815411633,79.359450855815,76.39709638578998,79.2702865600586,842700,0.0,0.0
2026-02-10 00:00:00-05:00,78.37860371586194,80.35020342204871,77.9327671312645,79.66658782958984,691500,0.0,0.0
2026-02-11 00:00:00-05:00,82.33170978464936,82.67847239987832,78.96314246772936,80.55825805664062,773800,0.0,0.0
2026-02-12 00:00:00-05:00,79.52787522493826,79.88454751618362,73.52390425373848,73.62297821044922,1821700,0.0,0.0
2026-02-13 00:00:00-05:00,75.51532589327073,78.55694257831378,75.01994853375975,78.26962280273438,819600,0.0,0.0
2026-02-17 00:00:00-05:00,76.53580230129124,76.53580230129124,72.59259518045312,75.75310516357422,820200,0.0,0.0
2026-02-18 00:00:00-05:00,77.62563261150882,79.10185506227388,76.71414006196655,78.79472351074219,767400,0.0,0.0
2026-02-19 00:00:00-05:00,79.2603790931111,83.50080816517514,77.75443521623986,83.07478332519531,1001500,0.0,0.0
2026-02-20 00:00:00-05:00,83.6593318622877,88.00874452447572,81.98495394890725,87.77095794677734,1503400,0.0,0.0
2026-02-23 00:00:00-05:00,88.65273728389214,89.67321345463493,86.92881859735971,88.53384399414062,1115700,0.0,0.0
2026-02-24 00:00:00-05:00,85.82907547567731,89.16792147890996,84.9374023079749,88.73198699951172,806700,0.0,0.0
2026-02-25 00:00:00-05:00,90.05960130952417,90.05960130952417,86.99816543859822,87.12696838378906,713100,0.0,0.0
2026-02-26 00:00:00-05:00,86.72075020456465,91.54572789874663,86.0767581933176,91.51600646972656,1649600,0.0,0.0
2026-02-27 00:00:00-05:00,92.13027927593379,93.18048441892529,90.89183587620782,92.71482849121094,1976500,0.0,0.0
2026-03-02 00:00:00-05:00,93.07839330577896,93.12806463843197,88.16123452438227,91.05193328857422,1373700,0.246,0.0
2026-03-03 00:00:00-05:00,85.72748782709648,85.72748782709648,80.2143035601786,83.63148498535156,1303300,0.0,0.0
2026-03-04 00:00:00-05:00,85.55860976291545,86.02549298957939,82.7175824327647,83.85995483398438,940000,0.0,0.0
2026-03-05 00:00:00-05:00,83.48247808712878,83.50234207211714,79.03219515041869,81.41627502441406,1640000,0.0,0.0
2026-03-06 00:00:00-05:00,80.30370299227391,81.65468134495097,77.8997591154266,80.40304565429688,1677300,0.0,0.0
2026-03-09 00:00:00-04:00,78.42624029033298,81.83348587016476,76.21103842162299,81.71428680419922,1001900,0.0,0.0
2026-03-10 00:00:00-04:00,84.24737260451586,86.42284668772736,82.50898201022248,82.95600128173828,999500,0.0,0.0
2026-03-11 00:00:00-04:00,81.40634436878933,82.15136890265421,79.24080608720418,82.11164093017578,1071400,0.0,0.0
2026-03-12 00:00:00-04:00,81.55534833976064,81.84342539364923,78.8732631299833,81.3070068359375,647400,0.0,0.0
2026-03-13 00:00:00-04:00,80.2242380343432,80.52224327872504,75.95276132250861,76.52891540527344,856600,0.0,0.0
2026-03-16 00:00:00-04:00,75.27727765975504,77.24414576305537,73.47928754393882,76.6679916381836,954100,0.0,0.0
2026-03-17 00:00:00-04:00,77.81036026948946,78.74411915196512,75.00906846450026,75.80375671386719,965500,0.0,0.0
2026-03-18 00:00:00-04:00,71.99917206364114,72.168042467194,69.48594968084912,70.5488510131836,1263300,0.0,0.0
2026-03-19 00:00:00-04:00,65.15487485728914,66.08864135911755,62.67146354929061,65.88003540039062,1655600,0.0,0.0
2026-03-20 00:00:00-04:00,65.94956925295597,65.94956925295597,62.84033255915842,63.96283721923828,2048700,0.0,0.0
2026-03-23 00:00:00-04:00,63.66482742316808,67.55882815509788,63.38668992715996,66.88333892822266,1500200,0.0,0.0
2026-03-24 00:00:00-04:00,65.82042974124444,68.57205007855714,65.31381098643931,68.2541732788086,857800,0.0,0.0
2026-03-25 00:00:00-04:00,72.01903403035719,72.49585303860114,69.7740247785246,70.68792724609375,1087200,0.0,0.0
2026-03-26 00:00:00-04:00,67.84689581979575,71.71108866805292,67.84689581979575,68.42304229736328,1281800,0.0,0.0
2026-03-27 00:00:00-04:00,68.16477971605677,71.87996654669372,67.54889004901331,71.29387664794922,901000,0.0,0.0
2026-03-30 00:00:00-04:00,72.80379502491412,73.17134317315144,69.7541617090933,70.84686279296875,878200,0.0,0.0
2026-03-31 00:00:00-04:00,72.26737910442135,75.6348893594795,72.26737910442135,75.59515380859375,1193100,0.0,0.0
2026-04-01 00:00:00-04:00,77.06533622900648,78.57524921689176,75.89316404387641,76.7474594116211,1264100,0.0,0.0
2026-04-02 00:00:00-04:00,73.55875974061784,77.73089415918275,72.91307028615905,77.18453979492188,738000,0.0,0.0
2026-04-06 00:00:00-04:00,77.41301662682326,78.06863427925639,76.68785607521752,77.38321685791016,1009700,0.0,0.0
2026-04-07 00:00:00-04:00,76.54878141827368,77.74082516372792,74.97926890053631,77.6613540649414,1270200,0.0,0.0
2026-04-08 00:00:00-04:00,81.4063392052473,82.42951253303241,77.57194590786622,78.87326049804688,1188200,0.0,0.0
2026-04-09 00:00:00-04:00,78.9924567256658,80.5719125214598,77.1845310063095,78.16796875,706200,0.0,0.0
2026-04-10 00:00:00-04:00,78.41631623030223,79.7176232943837,78.41631623030223,79.25074005126953,656400,0.0,0.0
2026-04-13 00:00:00-04:00,77.3832177930323,78.90306665621969,77.3832177930323,78.58518981933594,910900,0.0,0.0
2026-04-14 00:00:00-04:00,80.03550137837416,80.61165549932073,79.04213534037584,79.538818359375,691900,0.0,0.0
2026-04-15 00:00:00-04:00,79.15140523592338,80.28384189899036,77.50241399534225,78.33684539794922,902100,0.0,0.0
2026-04-16 00:00:00-04:00,79.11167209591652,79.29047828915316,76.89647003508757,77.05540466308594,913300,0.0,0.0
2026-04-17 00:00:00-04:00,79.31034219855219,82.21097683921516,78.73419564648863,80.41297912597656,1117100,0.0,0.0
2026-04-20 00:00:00-04:00,79.96596735784432,80.04543846108267,78.52558961086162,79.59841918945312,593900,0.0,0.0
2026-04-21 00:00:00-04:00,78.8335309437292,79.00240135462711,75.49582038362435,75.555419921875,741800,0.0,0.0
2026-04-22 00:00:00-04:00,77.37327661118839,77.86995960783425,76.18124045075078,76.71765899658203,600200,0.0,0.0
2026-04-23 00:00:00-04:00,75.48588345278031,76.16137266487868,73.38988049665663,75.03887176513672,702500,0.0,0.0
2026-04-24 00:00:00-04:00,75.3964799185673,76.45938122135819,74.46271346570727,76.00243377685547,616000,0.0,0.0
2026-04-27 00:00:00-04:00,75.06866991107425,75.2971474305901,73.64815619775571,74.85012817382812,1147500,0.0,0.0
2026-04-28 00:00:00-04:00,72.71438465656378,73.18126786661946,70.78725986321028,71.15480041503906,980700,0.0,0.0
2026-04-29 00:00:00-04:00,69.98263494976207,70.1515129375539,68.74092739154216,69.724365234375,844100,0.0,0.0
2026-04-30 00:00:00-04:00,72.43624933628881,72.78392593222095,70.05216934038346,70.60845947265625,1416000,0.0,0.0
2026-05-01 00:00:00-04:00,70.6084496218747,71.9494920641097,69.85348941976197,69.9329605102539,616600,0.0,0.0
2026-05-04 00:00:00-04:00,68.63165239863532,70.18130849180494,68.61178841356053,69.18794250488281,1211300,0.0,0.0
2026-05-05 00:00:00-04:00,70.43958288347194,70.51904639929529,68.30384458336715,68.48265075683594,676100,0.0,0.0
2026-05-06 00:00:00-04:00,73.28060214981294,77.08519552362804,73.28060214981294,76.76731872558594,1720300,0.0,0.0
2026-05-07 00:00:00-04:00,79.47921475638239,83.08513056148698,78.37657790430939,78.54544830322266,1896900,0.0,0.0
2026-05-08 00:00:00-04:00,80.13483489574116,81.96263231079884,79.44941749652816,80.39311218261719,962800,0.0,0.0
2026-05-11 00:00:00-04:00,83.44274539315907,85.13146458984146,82.6480495483784,84.66458892822266,1585800,0.0,0.0
2026-05-12 00:00:00-04:00,82.71757952525809,87.45593936252803,82.1215614695485,86.84004974365234,1011800,0.0,0.0
2026-05-13 00:00:00-04:00,86.82019111671615,88.33010412293866,84.84339487143039,86.62151336669922,773800,0.0,0.0
2026-05-14 00:00:00-04:00,86.27383632887795,86.28377211102242,83.00566125121641,83.36327362060547,1187900,0.0,0.0
2026-05-15 00:00:00-04:00,79.34014005844455,79.55867419824877,76.31037092130121,77.09513092041016,996000,0.0,0.0
2026-05-19 00:00:00-04:00,74.63070010707783,74.63070010707783,72.18918603313337,72.44828033447266,1248000,0.247,0.0
2026-05-20 00:00:00-04:00,73.23554322708218,75.63720239845698,72.50807506523958,75.08910369873047,678300,0.0,0.0
2026-05-21 00:00:00-04:00,73.84343345820835,76.33477741835695,73.2953423487627,75.27845001220703,516700,0.0,0.0
2026-05-22 00:00:00-04:00,75.23858300621293,75.23858300621293,73.11596081873886,74.21215057373047,412300,0.0,0.0
2026-05-25 00:00:00-04:00,76.06571127606013,77.0821762084961,75.78668198491998,77.0821762084961,309600,0.0,0.0
2026-05-26 00:00:00-04:00,76.25504833974382,76.98252408089952,75.03927894140782,76.17533111572266,1365000,0.0,0.0
2026-05-27 00:00:00-04:00,73.97298432989076,74.86986202611705,72.84689205306505,73.5843276977539,1392500,0.0,0.0
2026-05-28 00:00:00-04:00,72.74723905288124,76.64370441048551,72.09948814345863,75.89630126953125,598400,0.0,0.0
2026-05-29 00:00:00-04:00,75.68702429952248,78.45740509033203,75.11899819700294,78.45740509033203,1954300,0.0,0.0
2026-06-01 00:00:00-04:00,76.59387618469819,77.80965320397563,74.73034824169348,76.60384368896484,735900,0.0,0.0
2026-06-02 00:00:00-04:00,77.56052364015922,77.7797631297875,75.17879937188572,76.11553955078125,654300,0.0,0.0
2026-06-03 00:00:00-04:00,74.74031857674157,75.228619862609,72.80703323660344,72.92662048339844,681800,0.0,0.0
2026-06-04 00:00:00-04:00,74.08259824622223,75.06917590057496,73.30530016920119,73.51457214355469,672600,0.0,0.0
2026-06-05 00:00:00-04:00,71.65104900171472,71.65104900171472,65.52234175081479,66.0106430053711,1189000,0.0,0.0
2026-06-08 00:00:00-04:00,66.40925898934977,67.4954888276727,65.28317434128861,65.60206604003906,792300,0.0,0.0
2026-06-09 00:00:00-04:00,66.24981950327947,66.69825835846436,61.576055972539535,63.997642517089844,844200,0.0,0.0
2026-06-10 00:00:00-04:00,61.41661307626522,63.369825851125434,61.017996517461846,61.36678695678711,1107900,0.0,0.0
2026-06-11 00:00:00-04:00,61.69564046316274,64.82477160879283,61.32692262873246,64.68525695800781,939000,0.0,0.0
2026-06-12 00:00:00-04:00,65.2632432015862,67.83431195182374,64.5457349361266,67.16663360595703,1211200,0.0,0.0
2026-06-15 00:00:00-04:00,71.55139749886098,73.5245375451792,70.80399435341178,71.10295104980469,975600,0.0,0.0
2026-06-16 00:00:00-04:00,72.04966904674865,73.1956811650077,71.21257353794867,72.49810791015625,755000,0.0,0.0
2026-06-17 00:00:00-04:00,72.56786902449412,75.44786213171439,70.86379061040375,71.06309509277344,1013400,0.0,0.0
2026-06-18 00:00:00-04:00,71.02322701976861,72.54793584009326,68.53188317365247,69.17963409423828,649700,0.0,0.0
2026-06-19 00:00:00-04:00,67.83431344883239,68.78102111816406,67.16663508823096,68.78102111816406,1010800,0.0,0.0
2026-06-22 00:00:00-04:00,69.0600544793194,69.52842073604901,68.12330675990408,69.05008697509766,416800,0.0,0.0
2026-06-23 00:00:00-04:00,65.27320976432408,66.86766832957454,64.9842129614071,65.44261932373047,1024900,0.0,0.0
2026-06-24 00:00:00-04:00,62.81176345941554,64.99418322760907,62.05439655911066,62.93135070800781,1337000,0.0,0.0
2026-06-25 00:00:00-04:00,64.18698742196791,64.61549127079078,62.61245626391034,63.61895751953125,804600,0.0,0.0
2026-06-26 00:00:00-04:00,63.93785617194629,65.74158679799807,63.87805874582128,64.24678039550781,812200,0.0,0.0
2026-06-29 00:00:00-04:00,63.77840491233329,63.82823483236239,62.024500449899364,63.15058517456055,891300,0.0,0.0
2026-06-30 00:00:00-04:00,63.4794429085375,63.808298324367875,61.98463657851616,63.359859466552734,854800,0.0,0.0
2026-07-02 00:00:00-04:00,64.96428555564442,66.55874412089487,64.06740023676036,65.44261932373047,1036900,0.0,0.0
2026-07-03 00:00:00-04:00,66.91749913079335,67.9538991126162,66.61853481956392,67.68482971191406,265000,0.0,0.0
2026-07-06 00:00:00-04:00,66.87763698887555,67.10683637250627,63.419650401503304,63.78837203979492,1090800,0.0,0.0
2026-07-07 00:00:00-04:00,63.57909705037057,64.29660152529023,61.56609067604845,62.38325119018555,731600,0.0,0.0
2026-07-08 00:00:00-04:00,60.78879174280785,61.526231216933205,58.83557901883896,60.14104080200195,759900,0.0,0.0
2026-07-09 00:00:00-04:00,61.316954565485794,62.52276789661611,60.589482606243834,62.32345962524414,963300,0.0,0.0
2026-07-10 00:00:00-04:00,61.316956986865186,62.15404871849256,60.669209831188404,61.625885009765625,585100,0.0,0.0
2026-07-13 00:00:00-04:00,60.868518060356514,60.89841297169707,59.59294735514702,60.19087219238281,608100,0.0,0.0
2026-07-14 00:00:00-04:00,61.7952914084025,62.04442579431226,60.54961947885368,60.99806213378906,553300,0.0,0.0
2026-07-15 00:00:00-04:00,61.49633179825342,62.03446299198708,59.363742032148664,61.02796173095703,858100,0.0,0.0
2026-07-16 00:00:00-04:00,59.44346566609533,59.911835723972736,58.187826239301216,58.77578353881836,657300,0.0,0.0
2026-07-17 00:00:00-04:00,57.320842004187256,58.955163025621,56.9620878674844,58.337310791015625,609600,0.0,0.0
2026-07-20 00:00:00-04:00,58.12803637596477,59.602911475003815,58.05827525098322,59.164432525634766,856700,0.0,0.0
2026-07-21 00:00:00-04:00,61.077789373071404,62.572595747538216,60.60941549259526,62.51280212402344,1185200,0.0,0.0
2026-07-22 00:00:00-04:00,63.21037641841148,64.93438970661518,62.94131082663672,63.459510803222656,1211800,0.0,0.0
2026-07-23 00:00:00-04:00,61.60595228737808,62.36332296958531,60.868516614243255,61.96470642089844,936100,0.0,0.0
2026-07-24 00:00:00-04:00,62.17397958998713,62.88152036605318,61.56609105225827,61.87501907348633,782300,0.0,0.0
2026-07-27 00:00:00-04:00,62.45300679608472,62.90144945648402,60.878479434724966,62.06435775756836,996700,0.0,0.0
2026-07-28 00:00:00-04:00,60.78879252796862,61.19737278470359,59.632809084414355,60.818687438964844,1138500,0.0,0.0
2026-07-29 00:00:00-04:00,60.55958774484175,61.416610651389206,58.49675530768175,59.59294509887695,664400,0.0,0.0
2026-07-30 00:00:00-04:00,60.629345713379415,61.52623104405376,59.24415910382947,61.43654251098633,658100,0.0,0.0
2026-07-31 00:00:00-04:00,60.41010670267568,60.84858566841529,58.89536913323434,60.15100860595703,882700,0.0,0.0
2026-08-04 00:00:00-04:00,62.861592765779434,63.90795266956179,62.2835991410358,63.04096603393555,867700,0.0,0.0
2026-08-05 00:00:00-04:00,66.18006348711108,67.95389914024867,65.54227244936375,67.55528259277344,1823100,0.0,0.0
2026-08-06 00:00:00-04:00,66.58863999178365,67.8044170412593,66.05050879268894,67.16663360595703,595000,0.0,0.0
2026-08-07 00:00:00-04:00,71.00330172873866,71.75070490483064,69.88717691536911,71.20260620117188,1313500,0.0,0.0
2026-08-10 00:00:00-04:00,70.72427346542095,72.37852189926471,69.6978409716479,72.01976776123047,1286400,0.0,0.0
2026-08-11 00:00:00-04:00,71.87029089334376,72.68745138079623,71.40191702803965,71.94004821777344,805400,0.0,0.0
2026-08-12 00:00:00-04:00,73.81353594954332,74.36163464267888,72.4183818603622,72.84689331054688,809900,0.0,0.0
2026-08-13 00:00:00-04:00,66.5786720814438,67.88414145763363,65.17355807263205,65.72164916992188,2474400,0.0,0.0
2026-08-14 00:00:00-04:00,66.77798418294928,67.37590519977297,65.07390586366158,65.59210205078125,1045700,0.0,0.0
2026-08-17 00:00:00-04:00,66.18006070080432,67.26628295388957,65.21341808484233,66.54877471923828,824000,0.0,0.0
2026-08-18 00:00:00-04:00,65.28317797684147,66.05050855616798,64.17702067204867,64.55570220947266,858900,0.0,0.0
2026-08-19 00:00:00-04:00,67.99375900782881,69.79748950392698,67.46558773050019,69.28925323486328,1462000,0.0,0.0
2026-08-20 00:00:00-04:00,68.63154617886646,71.6311188339481,68.63154617886646,71.37202453613281,867200,0.0,0.0
2026-08-21 00:00:00-04:00,72.7472440156447,72.95651599703092,71.60122426740529,72.81700134277344,1011400,0.0,0.0
2026-08-24 00:00:00-04:00,73.48999786376953,74.2300033569336,72.38999938964844,74.1500015258789,992700,0.253,0.0
2026-08-25 00:00:00-04:00,72.52999877929688,74.95999908447266,72.44999694824219,74.86000061035156,700700,0.0,0.0
2026-08-26 00:00:00-04:00,73.41000366210938,74.06999969482422,72.91000366210938,73.06999969482422,765800,0.0,0.0
2026-08-27 00:00:00-04:00,73.18000030517578,76.16999816894531,72.75,76.11000061035156,938500,0.0,0.0
2026-08-28 00:00:00-04:00,77.23999786376953,77.36000061035156,72.4800033569336,73.51000213623047,1112737,0.0,0.0
