Date,Open,High,Low,Close,Volume,Dividends,Stock Splits
2022-01-03 00:00:00-05:00,461.1098949364868,463.7843266983355,454.7004561393038,463.2125549316406,3033600,0.0,0.0
2022-01-04 00:00:00-05:00,464.0610020027633,464.56821162140966,452.69924762107604,452.7176818847656,3908100,0.0,0.0
2022-01-05 00:00:00-05:00,456.28667074303183,458.34323098570235,451.601806640625,451.601806640625,3921100,0.0,0.0
2022-01-06 00:00:00-05:00,442.66546307476966,446.4834662028674,427.0983897869476,433.1204833984375,6555200,0.0,0.0
2022-01-07 00:00:00-05:00,431.3129670182177,431.5711874283817,420.1172054874413,422.92999267578125,5494200,0.0,0.0
2022-01-10 00:00:00-05:00,420.53220608618955,429.62527931397483,419.09354552740774,428.8321838378906,5831800,0.0,0.0
2022-01-11 00:00:00-05:00,430.86110325849876,433.8583176185224,424.8390090701156,432.5210876464844,3332800,0.0,0.0
2022-01-12 00:00:00-05:00,432.49335795304665,438.3494584617855,430.0679157280861,436.8739013671875,3502300,0.0,0.0
2022-01-13 00:00:00-05:00,438.8752738946752,439.4839143066478,429.7360706383966,431.0732727050781,3005300,0.0,0.0
2022-01-14 00:00:00-05:00,433.34184339303334,436.36672298833787,428.90594058956543,432.23516845703125,3665400,0.0,0.0
2022-01-18 00:00:00-05:00,428.98899437027836,429.4869727958981,422.69944861461875,425.13409423828125,3938800,0.0,0.0
2022-01-19 00:00:00-05:00,431.59884889371136,438.50626590948355,425.61365164053257,426.5450744628906,4030900,0.0,0.0
2022-01-20 00:00:00-05:00,428.26039965491,434.94649264955046,426.0655122101951,426.98773193359375,3228600,0.0,0.0
2022-01-21 00:00:00-05:00,427.4489002468895,434.1718908300983,425.2079127671253,425.3001403808594,4273200,0.0,0.0
2022-01-24 00:00:00-05:00,422.4412080923297,428.03908873540206,413.27434151593695,426.31451416015625,4780700,0.0,0.0
2022-01-25 00:00:00-05:00,418.7523157509653,423.75073088155995,412.4812047575954,421.3068542480469,3428900,0.0,0.0
2022-01-26 00:00:00-05:00,422.79162524757396,427.7992713754996,418.1805268290986,422.7731628417969,4435900,0.0,0.0
2022-01-27 00:00:00-05:00,422.45048421157946,432.22602089150257,421.46373029673845,425.69671630859375,3508100,0.0,0.0
2022-01-28 00:00:00-05:00,425.51220581587864,430.0126428976868,419.68376998390033,429.80975341796875,3364400,0.0,0.0
2022-01-31 00:00:00-05:00,428.83220492065504,436.37595609353696,428.2788674145552,435.81341552734375,3500500,0.0,0.0
2022-02-01 00:00:00-05:00,438.0543840424881,438.0543840424881,426.7571920329713,431.9769592285156,3148600,0.0,0.0
2022-02-02 00:00:00-05:00,432.5764185526744,444.49151079100506,432.5764185526744,442.4626159667969,3026800,0.0,0.0
2022-02-03 00:00:00-05:00,459.86486183356686,461.27585689194234,445.95780071577093,450.7533264160156,4370900,0.0,0.0
2022-02-04 00:00:00-05:00,444.2794246523689,451.5465217682875,442.8407638992996,445.5889892578125,3066400,0.0,0.0
2022-02-07 00:00:00-05:00,447.1936675364103,449.36088999053067,443.8644389698853,446.0777893066406,2937200,0.0,0.0
2022-02-08 00:00:00-05:00,443.9105022691032,457.1166964379761,443.9105022691032,455.032470703125,3534700,0.0,0.0
2022-02-09 00:00:00-05:00,458.3431577550458,461.9674741594156,457.6883896956905,459.35760498046875,2818100,0.0,0.0
2022-02-10 00:00:00-05:00,453.953404937946,455.77941003076717,447.34110561244313,448.8627624511719,2626100,0.0,0.0
2022-02-11 00:00:00-05:00,446.98138398866547,452.2841466295284,439.38230357546223,440.94085693359375,2493800,0.0,0.0
2022-02-14 00:00:00-05:00,438.15583629387214,440.58127887435796,432.82540696802585,437.5010681152344,2549500,0.0,0.0
2022-02-15 00:00:00-05:00,438.92122070198974,443.7444395838415,438.2387871697938,441.0331115722656,3001000,0.0,0.0
2022-02-16 00:00:00-05:00,438.51552000543154,444.26095955813236,434.7344131526269,442.71160888671875,2651800,0.0,0.0
2022-02-17 00:00:00-05:00,440.97783237554745,442.0107139975214,432.4196341798747,433.7568359375,2403100,0.0,0.0
2022-02-18 00:00:00-05:00,433.67383292002626,437.98061149098544,430.5198290245589,431.4236145019531,2992300,0.0,0.0
2022-02-22 00:00:00-05:00,427.7531974184079,430.85187058100985,422.2106755586881,426.535888671875,3029800,0.0,0.0
2022-02-23 00:00:00-05:00,430.8518462318042,431.34062157238805,423.1513057087913,423.8706359863281,2840300,0.0,0.0
2022-02-24 00:00:00-05:00,414.5562827159014,421.076384216912,411.07029259107003,420.43084716796875,3933000,0.0,0.0
2022-02-25 00:00:00-05:00,421.1316303969314,438.77369818074555,420.74431387430593,438.74603271484375,3314400,0.0,0.0
2022-02-28 00:00:00-05:00,429.61614770396096,440.1847799185046,429.3947957892414,438.8567810058594,3918300,0.0,0.0
2022-03-01 00:00:00-05:00,434.2640689988462,439.8619214586151,431.3498512289421,439.2071533203125,2917600,0.0,0.0
2022-03-02 00:00:00-05:00,440.99625209275723,449.27779534649295,440.7195974331086,447.62701416015625,3675900,0.0,0.0
2022-03-03 00:00:00-05:00,448.1988136282791,453.1603605537748,444.7128239813713,448.742919921875,3139400,0.0,0.0
2022-03-04 00:00:00-05:00,443.30183891646357,460.7963496878007,440.3507242922209,459.8648986816406,4170100,0.0,0.0
2022-03-07 00:00:00-05:00,461.10994175916943,461.10994175916943,445.4506380052178,449.0011901855469,4123300,0.0,0.0
2022-03-08 00:00:00-05:00,441.55886708831406,446.806300454673,434.8451074906831,436.63421630859375,3849500,0.0,0.0
2022-03-09 00:00:00-05:00,445.04475960247674,449.78498225409413,436.7540137074708,447.8022155761719,3115500,0.0,0.0
2022-03-10 00:00:00-05:00,442.047631657049,455.30915770327255,440.66430187159733,453.2157287597656,2834800,0.0,0.0
2022-03-11 00:00:00-05:00,451.21780450793125,456.7397505093304,446.2970978666844,446.63006591796875,2615000,1.45,0.0
2022-03-14 00:00:00-04:00,453.59497233920973,458.3954597844584,448.8592380968317,451.3011169433594,2704100,0.0,0.0
2022-03-15 00:00:00-04:00,453.2249714458906,462.41896598196905,450.7368565893687,460.54132080078125,3043000,0.0,0.0
2022-03-16 00:00:00-04:00,462.31713837285594,467.56161039907926,453.23416276495385,460.864990234375,3497100,0.0,0.0
2022-03-17 00:00:00-04:00,458.77457385266706,469.05999929849656,458.0161091133031,468.9674987792969,2357200,0.0,0.0
2022-03-18 00:00:00-04:00,470.5584320817326,472.3528349684455,463.917306633117,468.13507080078125,5065600,0.0,0.0
2022-03-21 00:00:00-04:00,467.10840061279475,474.4987324619058,466.5071613134927,469.55950927734375,2617700,0.0,0.0
2022-03-22 00:00:00-04:00,471.048703237739,473.43508714160083,466.95118649751066,467.3951721191406,2752500,0.0,0.0
2022-03-23 00:00:00-04:00,464.5740344229928,469.0045471816884,463.7045802725883,465.4620056152344,2753200,0.0,0.0
2022-03-24 00:00:00-04:00,467.09916780078856,477.07014347096367,466.04471256600465,474.92425537109375,2789200,0.0,0.0
2022-03-25 00:00:00-04:00,475.5994967388033,477.76390209388995,471.0209882043374,474.5265808105469,2551100,0.0,0.0
2022-03-28 00:00:00-04:00,475.71971508547756,478.32807770352093,470.623237720231,474.68377685546875,2643000,0.0,0.0
2022-03-29 00:00:00-04:00,478.2910308736859,480.59420094690614,469.2265433754273,472.3991394042969,3478400,0.0,0.0
2022-03-30 00:00:00-04:00,476.45036405572387,482.0833271022796,474.0177441890577,481.7318420410156,3041200,0.0,0.0
2022-03-31 00:00:00-04:00,478.2910285934253,482.72156972352263,471.4186936275796,471.6961669921875,3979700,0.0,0.0
2022-04-01 00:00:00-04:00,472.3528839083802,476.14520816208,468.57910492475617,474.11956787109375,2344100,0.0,0.0
2022-04-04 00:00:00-04:00,473.7681002334234,474.0177980494553,466.66447117116206,471.742431640625,2657500,0.0,0.0
2022-04-05 00:00:00-04:00,471.7238476337325,485.348324226455,469.8739501920316,478.9014587402344,3268600,0.0,0.0
2022-04-06 00:00:00-04:00,479.3268784280809,493.4786384126139,479.12341681634194,491.8414611816406,3955600,0.0,0.0
2022-04-07 00:00:00-04:00,490.2228098586979,497.88141217497406,488.733656004218,496.6512145996094,2867000,0.0,0.0
2022-04-08 00:00:00-04:00,498.5474429371731,507.7691561100887,497.71496636906204,504.985107421875,3986700,0.0,0.0
2022-04-11 00:00:00-04:00,502.80218290152425,506.5112369010933,496.3645749003239,497.1045227050781,3574000,0.0,0.0
2022-04-12 00:00:00-04:00,495.22684789037305,500.14758263584883,490.9443865755083,493.65447998046875,3575700,0.0,0.0
2022-04-13 00:00:00-04:00,493.29376554449595,497.8815325183076,488.946494322957,496.69757080078125,3012000,0.0,0.0
2022-04-14 00:00:00-04:00,498.08486516562476,511.76483584631563,493.9873492796429,494.6810607910156,4211300,0.0,0.0
2022-04-18 00:00:00-04:00,497.5299540577735,500.3972725943952,490.5743214084314,493.99664306640625,2087100,0.0,0.0
2022-04-19 00:00:00-04:00,495.6708460829836,501.7662273077208,495.0696067568425,497.3450012207031,2207600,0.0,0.0
2022-04-20 00:00:00-04:00,501.4518545446589,507.20501011336944,498.5475011927348,505.0314025878906,2986300,0.0,0.0
2022-04-21 00:00:00-04:00,504.55960833541445,506.8719805092706,495.8003696389587,497.1045227050781,2539900,0.0,0.0
2022-04-22 00:00:00-04:00,492.12822953599243,493.32139309959433,481.1398338725624,481.8428039550781,3453300,0.0,0.0
2022-04-25 00:00:00-04:00,481.3434259374304,486.7636128950312,473.3241066245076,484.9229736328125,3030400,0.0,0.0
2022-04-26 00:00:00-04:00,484.89511188527916,486.76352638028555,474.9704301043351,475.2201843261719,2895300,0.0,0.0
2022-04-27 00:00:00-04:00,476.26531528605443,481.80580547901127,471.55735796799735,475.2478942871094,3353700,0.0,0.0
2022-04-28 00:00:00-04:00,477.9765322982106,486.78206259654365,474.65594139565087,485.0616149902344,2582700,0.0,0.0
2022-04-29 00:00:00-04:00,479.90971383709206,480.880955344912,468.9120861021686,470.38275146484375,2873200,0.0,0.0
2022-05-02 00:00:00-04:00,472.4731880591621,474.97056160578774,456.31432818642395,463.5381774902344,3184300,0.0,0.0
2022-05-03 00:00:00-04:00,463.519575945394,467.5800863177849,460.1435186217114,462.1228942871094,2763400,0.0,0.0
2022-05-04 00:00:00-04:00,462.01191193753016,471.5111256708314,456.0829869175948,469.5224914550781,4002600,0.0,0.0
2022-05-05 00:00:00-04:00,469.14326910947193,472.3436122548934,452.5127078868212,457.5906677246094,3359700,0.0,0.0
2022-05-06 00:00:00-04:00,448.6094064720897,463.92655565738164,448.6001479518003,462.1228942871094,3260300,0.0,0.0
2022-05-09 00:00:00-04:00,453.5949136378206,457.50745746308735,448.07296783475005,449.91363525390625,3862700,0.0,0.0
2022-05-10 00:00:00-04:00,456.74900002571775,459.0983780631929,445.011396586961,451.3843078613281,4275500,0.0,0.0
2022-05-11 00:00:00-04:00,448.03592779299447,462.9553270610618,448.03592779299447,449.663818359375,3936300,0.0,0.0
2022-05-12 00:00:00-04:00,449.6176217585172,450.3483392213371,436.0393800151677,442.865478515625,3997600,0.0,0.0
2022-05-13 00:00:00-04:00,444.8818958111546,450.45007757337095,440.099897968078,448.97015380859375,2453400,0.0,0.0
2022-05-16 00:00:00-04:00,448.97942613207306,458.367651344794,447.8139815445632,452.50347900390625,2338800,0.0,0.0
2022-05-17 00:00:00-04:00,456.92470882891945,457.59067309638147,451.8004845550366,455.5650329589844,2289000,0.0,0.0
2022-05-18 00:00:00-04:00,451.6154577870219,452.4941421088807,433.20895621822916,436.0023193359375,3240500,0.0,0.0
2022-05-19 00:00:00-04:00,429.47230239411596,445.4369020452297,428.55658374091917,442.6343078613281,3813800,0.0,0.0
2022-05-20 00:00:00-04:00,445.2518274567258,450.88476187682215,436.86253563905376,449.2753601074219,3068200,0.0,0.0
2022-05-23 00:00:00-04:00,449.7934005159779,458.53415052980466,449.7934005159779,455.1488342285156,2279800,0.0,0.0
2022-05-24 00:00:00-04:00,453.9556660948403,460.6985230674811,451.9855204754763,460.2175598144531,2658100,0.0,0.0
2022-05-25 00:00:00-04:00,461.10548489798066,464.6110489002012,454.39037552364397,460.707763671875,3161600,0.0,0.0
2022-05-26 00:00:00-04:00,464.08386520665766,469.1896013447759,461.92874662854405,464.537109375,2705800,0.0,0.0
2022-05-27 00:00:00-04:00,454.14983980241897,469.0507507324219,452.66068585232455,469.0507507324219,3349100,0.0,0.0
2022-05-31 00:00:00-04:00,465.82270963023956,466.2759255090408,458.4601250939063,459.4960632324219,4003100,0.0,0.0
2022-06-01 00:00:00-04:00,460.9205302035154,463.7508715030788,451.1715611565749,455.58355712890625,1765900,0.0,0.0
2022-06-02 00:00:00-04:00,456.92467887915325,458.91331303045536,446.72249537658706,455.3152770996094,2093500,0.0,0.0
2022-06-03 00:00:00-04:00,451.6802295098207,454.7695833036284,448.5076619395009,449.16436767578125,1756900,0.0,0.0
2022-06-06 00:00:00-04:00,452.69770682268535,456.58250326590183,449.7933821250339,453.39141845703125,1781500,0.0,0.0
2022-06-07 00:00:00-04:00,452.7624667620236,460.26378846412234,450.561083959883,459.7920837402344,2341900,0.0,0.0
2022-06-08 00:00:00-04:00,456.9247173090809,460.5320120634498,451.88373494667445,456.489990234375,3268100,0.0,0.0
2022-06-09 00:00:00-04:00,455.8888083143168,459.2001128834674,451.0143096531955,452.6977233886719,3148800,0.0,0.0
2022-06-10 00:00:00-04:00,448.41516005666534,453.372900226604,444.83561277203705,448.2579345703125,2599900,0.0,0.0
2022-06-13 00:00:00-04:00,439.4709209409415,445.21484499488895,432.19157851590535,434.4484558105469,3764600,0.0,0.0
2022-06-14 00:00:00-04:00,432.41357907644783,433.96748634009873,423.0901072673443,427.0951232910156,3814200,0.0,0.0
2022-06-15 00:00:00-04:00,429.36128670261564,433.8195189067393,422.2391689475599,429.48150634765625,2550700,0.0,0.0
2022-06-16 00:00:00-04:00,420.8673616160158,424.96093601163585,418.34252757816836,423.3643493652344,3135600,1.65,0.0
2022-06-17 00:00:00-04:00,418.4075332769598,428.34905542035756,417.4328847968112,419.62353515625,5277400,0.0,0.0
2022-06-21 00:00:00-04:00,424.9609170135329,450.31134987438793,424.30186932687076,445.85577392578125,5726800,0.0,0.0
2022-06-22 00:00:00-04:00,441.5858634123828,460.33647261210876,440.49053825637066,454.544189453125,5061000,0.0,0.0
2022-06-23 00:00:00-04:00,459.43602771224704,467.4467783816769,456.6605489302,463.9472961425781,4687700,0.0,0.0
2022-06-24 00:00:00-04:00,463.6038359940748,463.90088193018084,451.6480061804731,460.0765075683594,15861100,0.0,0.0
2022-06-27 00:00:00-04:00,457.46816372692365,475.1605856212059,457.23610187182595,469.3775939941406,3907100,0.0,0.0
2022-06-28 00:00:00-04:00,475.33690268410624,481.3983282124653,468.83914312725165,471.95806884765625,4978200,0.0,0.0
2022-06-29 00:00:00-04:00,472.338659995534,481.48190187050005,469.7024409751129,478.7064514160156,3823400,0.0,0.0
2022-06-30 00:00:00-04:00,476.70148117406535,479.2727448189207,473.1463057962561,476.7757568359375,3568900,0.0,0.0
2022-07-01 00:00:00-04:00,475.5596950593406,480.3958842089884,466.2679299054783,480.27520751953125,2426600,0.0,0.0
2022-07-05 00:00:00-04:00,471.2155178103025,474.33441543772466,456.92977690649695,468.9877014160156,3029600,0.0,0.0
2022-07-06 00:00:00-04:00,469.35903580770946,480.2844693398327,468.11515934497237,478.31658935546875,2506700,0.0,0.0
2022-07-07 00:00:00-04:00,478.2794640011477,480.18235980479636,475.47613877518114,477.4718933105469,2385400,0.0,0.0
2022-07-08 00:00:00-04:00,475.5504613505195,490.4581135233702,474.343750964928,481.4169921875,3092100,0.0,0.0
2022-07-11 00:00:00-04:00,477.9174210039807,484.0531224412088,475.0862778940458,479.85748291015625,1743600,0.0,0.0
2022-07-12 00:00:00-04:00,476.4229691115257,481.8903597923225,473.9816739628704,477.5090026855469,2706500,0.0,0.0
2022-07-13 00:00:00-04:00,471.6146339312762,475.132670962013,465.2282876847393,465.2746887207031,3467700,0.0,0.0
2022-07-14 00:00:00-04:00,459.48246212590107,469.5910898900449,456.9576280695897,466.37933349609375,3765500,0.0,0.0
2022-07-15 00:00:00-04:00,488.3138091283982,493.81830923304966,478.4651181314346,491.7390441894531,5742500,0.0,0.0
2022-07-18 00:00:00-04:00,492.8993731959567,493.97611525972997,481.5283424583852,482.1038513183594,3212000,0.0,0.0
2022-07-19 00:00:00-04:00,483.7004299739147,495.53558352575567,483.23630630521507,495.1735534667969,2953500,0.0,0.0
2022-07-20 00:00:00-04:00,495.17352992403227,495.73045563770455,478.7249584263804,482.19659423828125,4327500,0.0,0.0
2022-07-21 00:00:00-04:00,482.12228989633553,484.9812502613536,474.46425108259933,484.9720153808594,2667600,0.0,0.0
2022-07-22 00:00:00-04:00,488.25808609631923,489.74325913318364,481.2034291876337,483.9974060058594,1850300,0.0,0.0
2022-07-25 00:00:00-04:00,488.34173219595493,494.6538036062005,486.6058573188017,491.4791564941406,2337200,0.0,0.0
2022-07-26 00:00:00-04:00,495.4983811729191,499.06287561663805,492.9271747620584,493.4469909667969,2637800,0.0,0.0
2022-07-27 00:00:00-04:00,495.2570432501129,499.26707837835545,490.1516831083167,496.2502746582031,2268100,0.0,0.0
2022-07-28 00:00:00-04:00,498.92363795453036,505.2821660261463,493.5862159180984,502.6366271972656,2344500,0.0,0.0
2022-07-29 00:00:00-04:00,501.2627967482469,504.82723439143604,498.18100913974524,503.4256286621094,2945700,0.0,0.0
2022-08-01 00:00:00-04:00,503.3607259497601,504.6417118693342,492.8993598251461,496.965087890625,2335000,0.0,0.0
2022-08-02 00:00:00-04:00,498.9793117196293,501.74552712709345,493.56761423871654,497.039306640625,2114200,0.0,0.0
2022-08-03 00:00:00-04:00,498.7101919242713,504.6138316101972,497.2528367521914,501.8569641113281,1802900,0.0,0.0
2022-08-04 00:00:00-04:00,500.5945271587588,501.6527428073717,494.5331010104482,495.4520568847656,2368000,0.0,0.0
2022-08-05 00:00:00-04:00,491.9710097265441,497.0763692614422,489.7060843211972,496.6679382324219,2373400,0.0,0.0
2022-08-08 00:00:00-04:00,501.1699387023335,502.46021595373423,495.1456232243348,498.0974426269531,1656400,0.0,0.0
2022-08-09 00:00:00-04:00,501.2536245516598,506.58175586623685,497.89337330471625,498.7102355957031,2147200,0.0,0.0
2022-08-10 00:00:00-04:00,501.49496122498334,503.0915195959166,495.5077540225309,499.1371765136719,2291400,0.0,0.0
2022-08-11 00:00:00-04:00,499.6198912692959,499.98192136698697,491.66480393801316,494.62591552734375,3006200,0.0,0.0
2022-08-12 00:00:00-04:00,497.1785340774594,505.3378642899252,496.10179211345604,504.6880798339844,1981000,0.0,0.0
2022-08-15 00:00:00-04:00,502.80371440200827,507.94624085989255,499.91687880868204,505.5606384277344,1447300,0.0,0.0
2022-08-16 00:00:00-04:00,506.0897985322831,508.1597721583681,503.4721339974133,506.9344787597656,1773000,0.0,0.0
2022-08-17 00:00:00-04:00,506.11760673837375,508.4846262932575,502.7109546209079,505.89483642578125,1471700,0.0,0.0
2022-08-18 00:00:00-04:00,505.9040118197913,508.80013853005505,502.94290100731956,506.0989074707031,1486400,0.0,0.0
2022-08-19 00:00:00-04:00,506.3588983350355,513.4414297131325,505.72769697447734,508.9765625,2258000,0.0,0.0
2022-08-22 00:00:00-04:00,502.54390740649336,510.0905638103718,502.5067412483205,505.4957275390625,1672900,0.0,0.0
2022-08-23 00:00:00-04:00,504.30745208486553,504.30745208486553,494.95076015116854,497.3548889160156,2039600,0.0,0.0
2022-08-24 00:00:00-04:00,498.17165543250576,501.12347446279745,496.6307901484067,497.96746826171875,1761200,0.0,0.0
2022-08-25 00:00:00-04:00,496.6216369883782,503.12866014974725,493.13141779469436,502.7109375,1965800,0.0,0.0
2022-08-26 00:00:00-04:00,503.3514405120275,504.2147037890345,490.31881085156436,491.2749328613281,1906700,0.0,0.0
2022-08-29 00:00:00-04:00,488.25817926595136,494.6631096030251,485.3527600926138,491.7576904296875,1594000,0.0,0.0
2022-08-30 00:00:00-04:00,492.35161110052917,492.98286910314545,484.35012414042353,485.3248291015625,2013400,0.0,0.0
2022-08-31 00:00:00-04:00,483.44979091031917,489.2791547987179,481.90886858439495,482.06671142578125,2891300,0.0,0.0
2022-09-01 00:00:00-04:00,482.0666213310679,486.64287310584183,478.1308623733717,486.4015197753906,2085300,0.0,0.0
2022-09-02 00:00:00-04:00,491.6183986170908,491.7761848163539,476.94280903672353,479.300537109375,1944200,0.0,0.0
2022-09-06 00:00:00-04:00,482.62368246282483,489.6041213093821,479.8296486163472,480.5351257324219,2711900,0.0,0.0
2022-09-07 00:00:00-04:00,479.90379580225346,485.9374025193031,477.7502555291749,484.24798583984375,2504400,0.0,0.0
2022-09-08 00:00:00-04:00,483.57051956153686,490.5694849262141,481.584056424642,489.6598205566406,1557500,0.0,0.0
2022-09-09 00:00:00-04:00,491.4942157375632,491.4942157375632,486.60562556823413,488.2444763183594,2495500,1.65,0.0
2022-09-12 00:00:00-04:00,488.8589613970588,498.1892020470114,486.53106158088235,494.6787109375,2792000,0.0,0.0
2022-09-13 00:00:00-04:00,487.92780475686106,489.10107536547486,476.72595190264343,478.5789794921875,3172500,0.0,0.0
2022-09-14 00:00:00-04:00,478.616277051747,479.9012824979045,471.26011816562465,474.6774597167969,2648100,0.0,0.0
2022-09-15 00:00:00-04:00,480.75785781629475,491.6337989181378,478.7465773854264,486.9128112792969,3058100,0.0,0.0
2022-09-16 00:00:00-04:00,482.8250239573037,486.8289999484971,481.48415149899614,485.1529235839844,3981700,0.0,0.0
2022-09-19 00:00:00-04:00,482.89024177393475,487.9277918702872,477.65707080332385,487.5087585449219,2130800,0.0,0.0
2022-09-20 00:00:00-04:00,488.15126684381073,488.55165878896224,479.3704356276487,486.8103942871094,2421700,0.0,0.0
2022-09-21 00:00:00-04:00,488.8869635794632,491.6618022012547,476.77256284894975,476.82843017578125,2427700,0.0,0.0
2022-09-22 00:00:00-04:00,475.8506631994729,485.10636686351654,471.2693437893988,481.8380432128906,2285600,0.0,0.0
2022-09-23 00:00:00-04:00,478.2065051266726,479.2307583457248,471.5207834570663,478.2530517578125,2536900,0.0,0.0
2022-09-26 00:00:00-04:00,472.46133445822085,477.2847369325071,464.6488876175565,473.3645324707031,2867400,0.0,0.0
2022-09-27 00:00:00-04:00,475.23606855948054,481.2140991404929,468.91348494906856,473.3737487792969,2583400,0.0,0.0
2022-09-28 00:00:00-04:00,471.6139182554621,480.72998244254353,466.3249079571378,478.56036376953125,3027300,0.0,0.0
2022-09-29 00:00:00-04:00,479.33318329261783,479.33318329261783,467.87989986962316,473.80206298828125,2392000,0.0,0.0
2022-09-30 00:00:00-04:00,475.91583705137515,480.9906415254049,470.08676690467314,470.27301025390625,3116000,0.0,0.0
2022-10-03 00:00:00-04:00,472.17257780914906,482.1639343633345,470.60823590367124,480.02227783203125,2562400,0.0,0.0
2022-10-04 00:00:00-04:00,482.66673994101984,488.4772258003563,481.2514154561948,487.1549377441406,3189800,0.0,0.0
2022-10-05 00:00:00-04:00,485.1344114392714,492.90957553028113,484.32430670005493,490.78656005859375,2281800,0.0,0.0
2022-10-06 00:00:00-04:00,491.9597492600675,492.19253924613054,481.16758049944934,483.39306640625,2187300,0.0,0.0
2022-10-07 00:00:00-04:00,478.7745510310994,478.7745510310994,466.5670563127323,470.0961608886719,3273700,0.0,0.0
2022-10-10 00:00:00-04:00,470.7945317769017,471.45564746247123,460.94284243379514,464.51849365234375,2459100,0.0,0.0
2022-10-11 00:00:00-04:00,462.7585548442738,471.93977817941925,461.09177060101507,465.4030456542969,2844500,0.0,0.0
2022-10-12 00:00:00-04:00,467.563354221449,473.26204861729354,463.9131946829997,465.542724609375,2254300,0.0,0.0
2022-10-13 00:00:00-04:00,459.4808850757791,478.1226684811995,454.16394134309263,474.8077697753906,3999700,0.0,0.0
2022-10-14 00:00:00-04:00,484.2031553723141,493.4309251150774,476.68868804488255,477.80609130859375,5628900,0.0,0.0
2022-10-17 00:00:00-04:00,482.09878025910035,488.2165084181042,479.80816298049893,485.95379638671875,3282300,0.0,0.0
2022-10-18 00:00:00-04:00,495.3770826152607,495.3770826152607,482.6481422892575,486.26104736328125,2345500,0.0,0.0
2022-10-19 00:00:00-04:00,485.8234521062307,487.76028099023847,479.174955480479,484.501220703125,2500500,0.0,0.0
2022-10-20 00:00:00-04:00,487.04315347333596,492.97463723567336,483.9982993774884,485.0225524902344,2390800,0.0,0.0
2022-10-21 00:00:00-04:00,482.396804607727,499.5953614033469,482.35025796889914,496.9880676269531,2896000,0.0,0.0
2022-10-24 00:00:00-04:00,501.0292882825962,508.8603191925597,500.77785688570907,504.3162536621094,2627100,0.0,0.0
2022-10-25 00:00:00-04:00,500.7685379206999,506.4765535179275,497.1463685551653,503.03125,2411900,0.0,0.0
2022-10-26 00:00:00-04:00,504.1114725974713,509.9405440684556,503.0220311655137,505.7782287597656,2863500,0.0,0.0
2022-10-27 00:00:00-04:00,508.89760741965824,508.89760741965824,502.6029564042925,504.50250244140625,2212100,0.0,0.0
2022-10-28 00:00:00-04:00,507.45409077497175,514.9313306868969,506.2622358739883,513.29248046875,2761900,0.0,0.0
2022-10-31 00:00:00-04:00,516.7938359717217,519.6804094392447,512.2590910027579,516.9335327148438,2770400,0.0,0.0
2022-11-01 00:00:00-04:00,516.7936776182605,517.4361801394496,506.7557479152613,509.633056640625,3338900,0.0,0.0
2022-11-02 00:00:00-04:00,506.9327516975628,516.4026890910751,505.6850292200553,506.0202331542969,2696200,0.0,0.0
2022-11-03 00:00:00-04:00,504.4465711716745,510.15458608684185,501.08509746583303,506.1878356933594,2245300,0.0,0.0
2022-11-04 00:00:00-04:00,509.39108106929365,510.05222514808884,490.85170995063163,501.12237548828125,3513100,0.0,0.0
2022-11-07 00:00:00-05:00,501.1223742273749,509.2979865185763,498.60823079575164,507.5008544921875,2540300,0.0,0.0
2022-11-08 00:00:00-05:00,509.3910069630522,516.6074961177101,504.6886608805859,514.9779663085938,2797000,0.0,0.0
2022-11-09 00:00:00-05:00,515.657663873982,516.4304855317466,502.3048083050119,503.4407958984375,2672600,0.0,0.0
2022-11-10 00:00:00-05:00,511.14165075106223,513.7209821315796,497.19289217131745,506.7093200683594,3426400,0.0,0.0
2022-11-11 00:00:00-05:00,508.6741292953451,508.6741292953451,474.565704377572,486.1400451660156,7034300,0.0,0.0
2022-11-14 00:00:00-05:00,486.06552342324363,492.56500208229915,478.06683396017246,478.3834533691406,5238400,0.0,0.0
2022-11-15 00:00:00-05:00,477.50816936332586,481.0745281666029,466.2969947240336,468.3828125,5103800,0.0,0.0
2022-11-16 00:00:00-05:00,471.0644785863751,478.7372267943233,470.6733789390091,476.306884765625,3430800,0.0,0.0
2022-11-17 00:00:00-05:00,476.9028221611428,490.70261849035387,476.9028221611428,479.83599853515625,4246300,0.0,0.0
2022-11-18 00:00:00-05:00,486.1772857273103,496.30831172151386,483.70042497574013,493.51483154296875,3566000,0.0,0.0
2022-11-21 00:00:00-05:00,492.59298856464034,495.33060139287636,479.9012724998538,481.586669921875,3349600,0.0,0.0
2022-11-22 00:00:00-05:00,484.1472679943925,488.54231532716443,484.1193059180499,487.0804443359375,2567400,0.0,0.0
2022-11-23 00:00:00-05:00,488.8590277031224,493.9245406635195,486.9967075975867,493.24481201171875,2238300,0.0,0.0
2022-11-25 00:00:00-05:00,497.2393742494352,503.6177966726102,495.8612758183815,500.61016845703125,1419200,0.0,0.0
2022-11-28 00:00:00-05:00,498.9435594548951,502.4354100199636,495.08854279101814,495.6286315917969,2699900,0.0,0.0
2022-11-29 00:00:00-05:00,495.0698070083745,496.2803036067635,487.60194267053157,491.6524658203125,3751000,0.0,0.0
2022-11-30 00:00:00-05:00,493.2539345918987,510.3500714574167,491.16814576448047,510.0520935058594,9688900,0.0,0.0
2022-12-01 00:00:00-05:00,514.3354360342912,514.9313919724516,498.9154313436817,499.9490051269531,2997800,0.0,0.0
2022-12-02 00:00:00-05:00,497.6794535785841,503.07811985850714,497.3151680261632,500.78973388671875,2346200,1.65,0.0
2022-12-05 00:00:00-05:00,496.42788582441904,504.7314310613215,495.85814087338713,499.7436828613281,2424800,0.0,0.0
2022-12-06 00:00:00-05:00,499.1644398212019,504.9274476205414,498.9963212140177,503.7412109375,3097700,0.0,0.0
2022-12-07 00:00:00-05:00,505.1611502236134,509.8966353426524,504.03095263994555,507.09454345703125,2849100,0.0,0.0
2022-12-08 00:00:00-05:00,508.91576466266474,514.9215729938805,507.90705292726585,511.7738952636719,2272300,0.0,0.0
2022-12-09 00:00:00-05:00,511.7833717451248,512.306426592527,503.3210569229403,503.6293029785156,2852400,0.0,0.0
2022-12-12 00:00:00-05:00,506.10429136724696,510.05527827182965,503.7038836823128,509.8497619628906,2714100,0.0,0.0
2022-12-13 00:00:00-05:00,514.2398286147694,514.6414548878003,499.7996965949104,502.7138671875,3369700,0.0,0.0
2022-12-14 00:00:00-05:00,506.17916138090294,507.6268973095267,496.5026187129468,502.84466552734375,2654600,0.0,0.0
2022-12-15 00:00:00-05:00,498.7629317661838,498.83767016774885,490.80497375606035,492.86920166015625,2963800,0.0,0.0
2022-12-16 00:00:00-05:00,490.5061194864499,491.12255450699564,481.6981620699732,489.1517639160156,7109100,0.0,0.0
2022-12-19 00:00:00-05:00,489.9922272350538,492.43008941906686,486.56435231368437,489.0581970214844,1808100,0.0,0.0
2022-12-20 00:00:00-05:00,492.2246023173078,492.2246023173078,485.4155421797228,485.89190673828125,2086100,0.0,0.0
2022-12-21 00:00:00-05:00,489.08627846860975,493.0559071455546,483.9210636730285,492.7383117675781,2182000,0.0,0.0
2022-12-22 00:00:00-05:00,491.7482219093414,494.1113457778104,487.2181980543697,492.3180236816406,1851600,0.0,0.0
2022-12-23 00:00:00-05:00,489.5252644716414,496.2596435546875,488.40447370245954,496.2596435546875,1292300,0.0,0.0
2022-12-27 00:00:00-05:00,498.706918987455,500.4909492423186,494.8960584248275,496.8948974609375,1596700,0.0,0.0
2022-12-28 00:00:00-05:00,499.7716247265547,502.6484541584164,492.9158168941576,493.5883483886719,1694200,0.0,0.0
2022-12-29 00:00:00-05:00,497.40850690180076,498.4733151932383,493.97128202142585,494.92401123046875,1379700,0.0,0.0
2022-12-30 00:00:00-05:00,495.0361050042313,495.5031201976315,490.2165332921649,495.2042236328125,1849600,0.0,0.0
2023-01-03 00:00:00-05:00,490.4873543441228,490.9543695115894,478.3729512555228,484.4255065917969,3525600,0.0,0.0
2023-01-04 00:00:00-05:00,484.4254945253933,484.4254945253933,467.57557972169286,471.2182922363281,5070400,0.0,0.0
2023-01-05 00:00:00-05:00,467.95856490046214,468.9673051583776,456.2738358477407,457.63751220703125,5497100,0.0,0.0
2023-01-06 00:00:00-05:00,459.1600011564924,460.35555892894615,455.3771894362451,457.6748962402344,4841300,0.0,0.0
2023-01-09 00:00:00-05:00,459.92593427515953,467.0058724976061,456.31124101816766,457.73095703125,3702800,0.0,0.0
2023-01-10 00:00:00-05:00,456.60080481872325,458.11392963221374,450.837824228212,453.9388122558594,3164000,0.0,0.0
2023-01-11 00:00:00-05:00,453.2756432184685,462.90549483846087,453.0047664078528,460.8506164550781,4274200,0.0,0.0
2023-01-12 00:00:00-05:00,457.67492103091257,465.8290171304365,453.21025661490734,462.97088623046875,3726800,0.0,0.0
2023-01-13 00:00:00-05:00,454.0414887960613,475.8884727996046,453.9387591376012,457.27325439453125,5390100,0.0,0.0
2023-01-17 00:00:00-05:00,458.79572703764353,460.42093075258566,451.86520918217644,453.0794372558594,4495600,0.0,0.0
2023-01-18 00:00:00-05:00,455.85352866046566,457.2078841521337,443.43093565112457,444.8226318359375,4398200,0.0,0.0
2023-01-19 00:00:00-05:00,446.3450736070506,454.3030303393554,445.89675728704054,452.40692138671875,4549600,0.0,0.0
2023-01-20 00:00:00-05:00,453.4997686587727,454.86344503054454,447.40055142564904,454.61126708984375,3525900,0.0,0.0
2023-01-23 00:00:00-05:00,454.5738933646357,457.76828977007875,449.6328932333544,453.76129150390625,3418700,0.0,0.0
2023-01-24 00:00:00-05:00,467.2580796345017,467.2580796345017,448.3346136934656,459.16937255859375,3036300,0.0,0.0
2023-01-25 00:00:00-05:00,457.0023698544328,462.68126185725487,453.68657350390015,460.00994873046875,3037300,0.0,0.0
2023-01-26 00:00:00-05:00,460.00994231788707,463.69937356156504,458.21659152369085,459.99127197265625,3005000,0.0,0.0
2023-01-27 00:00:00-05:00,460.8225831391224,460.8225831391224,452.50971811309626,453.9854736328125,3177100,0.0,0.0
2023-01-30 00:00:00-05:00,455.6293458041639,462.578533935045,452.81790531044766,453.74261474609375,3606900,0.0,0.0
2023-01-31 00:00:00-05:00,465.1471380210788,472.15236600332395,460.5984145453029,466.2586364746094,5567000,0.0,0.0
2023-02-01 00:00:00-05:00,466.96844390532755,471.1061911516761,462.97079549831574,464.2130432128906,3451200,0.0,0.0
2023-02-02 00:00:00-05:00,461.65382163833505,462.34499493361386,433.2873262068402,439.76947021484375,11169900,0.0,0.0
2023-02-03 00:00:00-05:00,443.87920857093474,447.1950045761344,438.760712509369,440.8809509277344,5440100,0.0,0.0
2023-02-06 00:00:00-05:00,440.86230075984435,447.3724930786115,439.9376198859961,443.8885498046875,4174200,0.0,0.0
2023-02-07 00:00:00-05:00,439.96570632614663,446.5412600989329,438.0882960208364,445.4204406738281,3394600,0.0,0.0
2023-02-08 00:00:00-05:00,444.103427613317,453.04210522506673,443.7671618529745,451.3421630859375,3466400,0.0,0.0
2023-02-09 00:00:00-05:00,453.5931757342538,457.3946862029069,450.5762473603601,453.68658447265625,3664600,0.0,0.0
2023-02-10 00:00:00-05:00,456.86230010002265,462.961517551781,456.50736398267577,461.64453125,3418100,0.0,0.0
2023-02-13 00:00:00-05:00,461.4109589370235,466.8937121272606,459.31874022841515,462.6719055175781,2589000,0.0,0.0
2023-02-14 00:00:00-05:00,461.68194235346846,465.1004973930852,456.82497236722253,460.3182373046875,2072600,0.0,0.0
2023-02-15 00:00:00-05:00,457.3479225547126,459.3841017314325,456.17106378061015,458.8423767089844,2242500,0.0,0.0
2023-02-16 00:00:00-05:00,458.74901103949554,461.4110032978521,455.12496863913304,455.19970703125,2611500,0.0,0.0
2023-02-17 00:00:00-05:00,455.22774511088863,466.5108199050311,455.19972533880406,466.1558837890625,3891500,0.0,0.0
2023-02-21 00:00:00-05:00,463.93290549503917,468.32283121956806,458.1419056830363,458.8984680175781,2877300,0.0,0.0
2023-02-22 00:00:00-05:00,460.2995364191537,461.30830525144734,456.43266524028587,456.6381530761719,2982800,0.0,0.0
2023-02-23 00:00:00-05:00,454.5552159065051,460.7851824108489,453.81732394496584,459.2533874511719,2511800,0.0,0.0
2023-02-24 00:00:00-05:00,457.28250388398044,460.01923409976865,451.145946984188,452.37884521484375,2940400,0.0,0.0
2023-02-27 00:00:00-05:00,456.52602594317335,458.55288444241563,450.1652812330055,451.4355773925781,3006200,0.0,0.0
2023-02-28 00:00:00-05:00,450.82848507474597,451.47293985442974,442.6557187236939,444.5424499511719,3902100,0.0,0.0
2023-03-01 00:00:00-05:00,442.36606946621083,446.849431935493,440.8622943898889,443.869873046875,2996900,0.0,0.0
2023-03-02 00:00:00-05:00,443.86055485886425,448.73619442841704,442.0298633531873,446.1863098144531,2188800,0.0,0.0
2023-03-03 00:00:00-05:00,446.4104992087575,447.49397791160936,442.9359049218002,446.9895935058594,2863300,0.0,0.0
2023-03-06 00:00:00-05:00,449.614215392347,452.397636284944,447.4005678739998,449.0631408691406,3812700,0.0,0.0
2023-03-07 00:00:00-05:00,451.11806093228506,451.90264313138186,441.3854505851025,442.6183776855469,2589200,0.0,0.0
2023-03-08 00:00:00-05:00,440.6288166994053,444.0287008484451,435.9680143839538,439.5546875,3036600,0.0,0.0
2023-03-09 00:00:00-05:00,442.68372468354414,442.68372468354414,433.15660308985633,434.2400817871094,2780400,0.0,0.0
2023-03-10 00:00:00-05:00,433.7807756536834,439.4892774967021,428.92527228456925,431.4936218261719,3787500,1.65,0.0
2023-03-13 00:00:00-04:00,429.918853201894,440.90468019716633,429.918853201894,434.6337585449219,2971600,0.0,0.0
2023-03-14 00:00:00-04:00,435.5430083426752,440.40789439955415,430.29380240895915,435.4773864746094,3258200,0.0,0.0
2023-03-15 00:00:00-04:00,432.11230152048694,439.5080638168294,430.47192636336825,436.274169921875,3770200,0.0,0.0
2023-03-16 00:00:00-04:00,435.599185696425,443.7354666122162,434.09005458020374,442.4512634277344,2940500,0.0,0.0
2023-03-17 00:00:00-04:00,441.8608217095367,442.4419785932706,437.08964841568064,440.0892028808594,5290000,0.0,0.0
2023-03-20 00:00:00-04:00,440.5578505377015,449.76270440796173,440.5578505377015,447.08184814453125,3119400,0.0,0.0
2023-03-21 00:00:00-04:00,448.4223042723964,451.29061488565384,445.9195480754829,450.0251770019531,3163300,0.0,0.0
2023-03-22 00:00:00-04:00,451.75931472805195,455.3118779256885,445.0759533040805,445.7320861816406,2632200,0.0,0.0
2023-03-23 00:00:00-04:00,447.5036585054276,450.55945181870123,437.4364523611739,440.4734802246094,3284900,0.0,0.0
2023-03-24 00:00:00-04:00,439.6017835156829,447.0068995660529,438.29884329594745,446.1726379394531,2533200,0.0,0.0
2023-03-27 00:00:00-04:00,455.13378094971205,455.82744473569755,448.609782790993,451.7124328613281,2271800,0.0,0.0
2023-03-28 00:00:00-04:00,451.8062059470985,453.48408347675417,441.2046974694653,442.9762878417969,2369500,0.0,0.0
2023-03-29 00:00:00-04:00,445.3477224684308,446.0695057503474,435.8241994111132,437.3614501953125,3733200,0.0,0.0
2023-03-30 00:00:00-04:00,437.34270759253,440.9421554121398,432.1965976782468,440.61407470703125,3324600,0.0,0.0
2023-03-31 00:00:00-04:00,441.9826776212732,446.1820483746785,440.65164635339386,442.98565673828125,3996700,0.0,0.0
2023-04-03 00:00:00-04:00,454.8056521830386,465.0509578759482,453.20275103102995,463.23248291015625,4729100,0.0,0.0
2023-04-04 00:00:00-04:00,462.1452207007703,465.02291417970036,461.02976334061015,462.3514404296875,2624700,0.0,0.0
2023-04-05 00:00:00-04:00,466.23210808294795,479.683160921432,465.02290929400755,477.3304138183594,4964800,0.0,0.0
2023-04-06 00:00:00-04:00,478.9894821146555,482.0265099902325,475.38065152823435,480.68609619140625,3472600,0.0,0.0
2023-04-10 00:00:00-04:00,478.81131682879925,483.1044278179493,476.2617046980942,482.9075622558594,2714500,0.0,0.0
2023-04-11 00:00:00-04:00,483.8075667805732,489.5066574564913,482.9451569501398,488.3349609375,3065300,0.0,0.0
2023-04-12 00:00:00-04:00,492.0937619031455,493.7060460285856,487.46321507156586,488.54119873046875,3422400,0.0,0.0
2023-04-13 00:00:00-04:00,491.0908575586685,497.22121116196644,487.8944942106894,493.2655334472656,4224400,0.0,0.0
2023-04-14 00:00:00-04:00,489.30038809600404,494.2121299643929,476.64606771421086,479.72998046875,4872000,0.0,0.0
2023-04-17 00:00:00-04:00,476.8523092882521,477.6678053955506,471.25628620735324,473.69342041015625,3660900,0.0,0.0
2023-04-18 00:00:00-04:00,472.11876411532205,475.23076861242436,466.9351793879468,472.8780212402344,3232000,0.0,0.0
2023-04-19 00:00:00-04:00,469.2878351771753,470.52515343774184,453.33402733469114,455.7430419921875,5809100,0.0,0.0
2023-04-20 00:00:00-04:00,455.0587104452346,458.97685589588787,452.9871594552371,456.9240417480469,3283000,0.0,0.0
2023-04-21 00:00:00-04:00,459.34250864955277,459.9892873755408,451.93739283971854,453.51214599609375,3165300,0.0,0.0
2023-04-24 00:00:00-04:00,453.12781753799953,459.51121735965813,452.4154169592024,458.3114013671875,2322400,0.0,0.0
2023-04-25 00:00:00-04:00,461.8171388663827,467.2725646409399,459.8486830233509,461.1047668457031,2937300,0.0,0.0
2023-04-26 00:00:00-04:00,455.4336914798703,457.1490709992369,448.39413047593644,452.6966247558594,2930000,0.0,0.0
2023-04-27 00:00:00-04:00,451.99361140591094,460.2236057151811,451.99361140591094,459.74554443359375,2473200,0.0,0.0
2023-04-28 00:00:00-04:00,458.07706006932335,463.01692186702786,457.54275963757385,461.2640686035156,2398900,0.0,0.0
2023-05-01 00:00:00-04:00,463.60749835974906,468.1068301244646,461.0016464641266,464.6479797363281,2105600,0.0,0.0
2023-05-02 00:00:00-04:00,464.22616724676396,465.5947007902348,458.62076072424674,462.4826965332031,2152300,0.0,0.0
2023-05-03 00:00:00-04:00,463.42940465931633,464.41364690556526,457.4584437343875,458.7801208496094,1749700,0.0,0.0
2023-05-04 00:00:00-04:00,456.53982966683543,459.0144664969834,451.75933065510225,456.75543212890625,2555700,0.0,0.0
2023-05-05 00:00:00-04:00,463.1106748124247,469.4753379196579,461.20784092748323,463.31689453125,2329400,0.0,0.0
2023-05-08 00:00:00-04:00,461.2172401912859,463.38253301366007,457.73027029712074,461.7608947753906,1738500,0.0,0.0
2023-05-09 00:00:00-04:00,461.96705370644753,468.11611378067767,459.5861587453935,459.6611633300781,2038600,0.0,0.0
2023-05-10 00:00:00-04:00,458.7426245705804,462.55767537813824,457.09289529083395,459.37066650390625,2018700,0.0,0.0
2023-05-11 00:00:00-04:00,457.43033006137483,459.41752281994775,455.2369175671459,458.1427307128906,2384200,0.0,0.0
2023-05-12 00:00:00-04:00,458.1426735546453,462.02331714309116,457.19593371281246,460.45794677734375,1536500,0.0,0.0
2023-05-15 00:00:00-04:00,460.6173346648541,460.9829177134396,453.39970119554806,456.3617248535156,2169700,0.0,0.0
2023-05-16 00:00:00-04:00,457.0740916381673,458.56448608287155,449.0034602592437,449.6689758300781,2178900,0.0,0.0
2023-05-17 00:00:00-04:00,449.93146905494524,454.9931923606389,447.62557828568293,454.4401550292969,2682000,0.0,0.0
2023-05-18 00:00:00-04:00,451.8530117547168,452.321690339093,444.20420243086386,449.2096862792969,3040100,0.0,0.0
2023-05-19 00:00:00-04:00,449.5376893012608,454.4306943319264,447.8785775919051,448.8253173828125,2317900,0.0,0.0
2023-05-22 00:00:00-04:00,450.3438558264437,451.9936135071448,447.97234346337046,450.5125732421875,2242800,0.0,0.0
2023-05-23 00:00:00-04:00,446.3507311247873,453.1090969285183,442.9387658950807,449.4065246582031,2874200,0.0,0.0
2023-05-24 00:00:00-04:00,450.50319191036834,453.0059480084507,448.8909651248942,450.70941162109375,1904700,0.0,0.0
2023-05-25 00:00:00-04:00,447.7098908307669,451.5905344760984,444.58847556682355,447.7755126953125,2684100,0.0,0.0
2023-05-26 00:00:00-04:00,448.112923168643,457.7958378198413,448.0566840323385,451.3561706542969,3135200,0.0,0.0
2023-05-30 00:00:00-04:00,446.8193674622399,455.43368134354114,446.21009107945906,449.7908020019531,3180800,0.0,0.0
2023-05-31 00:00:00-04:00,448.16920274768046,456.8678760867814,447.2224628580078,456.7178955078125,4944100,0.0,0.0
2023-06-01 00:00:00-04:00,457.23347895800794,467.53502548530844,455.6586971134161,462.7076416015625,3376600,0.0,0.0
2023-06-02 00:00:00-04:00,461.1797268420732,469.63467820273115,459.64244735511505,468.2848815917969,3064500,0.0,0.0
2023-06-05 00:00:00-04:00,469.3347397281532,471.3969083090464,466.260209398896,466.9819641113281,2688800,0.0,0.0
2023-06-06 00:00:00-04:00,468.5848537685299,468.5848537685299,453.37156487581166,457.0272521972656,3816600,0.0,0.0
2023-06-07 00:00:00-04:00,459.25817985218384,459.71747573457543,451.43124137007027,451.92803955078125,4381700,0.0,0.0
2023-06-08 00:00:00-04:00,454.0464672743229,461.011024396255,452.2092265683795,459.5206298828125,2725900,0.0,0.0
2023-06-09 00:00:00-04:00,459.2956007865607,467.01006009344877,456.7085146171396,462.6982116699219,3174100,0.0,0.0
2023-06-12 00:00:00-04:00,461.46091598375415,463.4762567517859,458.10518995529446,461.7327575683594,2207700,0.0,0.0
2023-06-13 00:00:00-04:00,460.12048904183035,463.673080568118,458.04893779770504,460.5329284667969,3016600,0.0,0.0
2023-06-14 00:00:00-04:00,426.1599722408166,431.77473114842826,417.7612334758248,431.0529479980469,14672400,0.0,0.0
2023-06-15 00:00:00-04:00,434.827293835922,444.2487651873894,433.8108050623034,438.4980163574219,6798100,1.88,0.0
2023-06-16 00:00:00-04:00,438.7332603932327,440.9733038996867,431.0059475799781,431.53302001953125,7699100,0.0,0.0
2023-06-20 00:00:00-04:00,429.8953614407464,442.82750827818256,429.8953614407464,441.7922058105469,4597700,0.0,0.0
2023-06-21 00:00:00-04:00,441.3781249512106,451.18546560413716,439.72159485199734,448.7195129394531,4886500,0.0,0.0
2023-06-22 00:00:00-04:00,450.06537260417656,454.77139731765027,449.8959626080824,450.88421630859375,3179000,0.0,0.0
2023-06-23 00:00:00-04:00,450.20659353003583,453.9243649222773,448.53124971005604,448.9548034667969,4862600,0.0,0.0
2023-06-26 00:00:00-04:00,450.02784513822826,453.0114493848453,445.19003687004545,450.89373779296875,2968300,0.0,0.0
2023-06-27 00:00:00-04:00,450.01836534150607,454.77143925106617,449.6795165947779,454.1878967285156,3693200,0.0,0.0
2023-06-28 00:00:00-04:00,453.6231479451677,453.77374419003377,446.1123505243143,446.5547180175781,3670100,0.0,0.0
2023-06-29 00:00:00-04:00,447.1476805764364,451.50546453476414,445.26527048460053,448.427734375,2979300,0.0,0.0
2023-06-30 00:00:00-04:00,449.89597292936486,453.75491902760234,447.1852980364899,452.3807678222656,3970400,0.0,0.0
2023-07-03 00:00:00-04:00,449.990147317918,451.9760762178701,448.2959609669507,449.7830810546875,1915700,0.0,0.0
2023-07-05 00:00:00-04:00,448.0418116380771,449.22773912063064,442.92165417864516,443.5146179199219,5053100,0.0,0.0
2023-07-06 00:00:00-04:00,441.7546150492966,444.6252790865115,439.2133498151753,441.7640075683594,3913600,0.0,0.0
2023-07-07 00:00:00-04:00,437.6603093556102,441.05804549697376,433.7260794898325,434.4413757324219,4131600,0.0,0.0
2023-07-10 00:00:00-04:00,432.9543481272468,435.87208969624265,432.1637392861583,435.82501220703125,4339200,0.0,0.0
2023-07-11 00:00:00-04:00,435.18493247961163,439.0626923165905,434.0272687624655,435.67437744140625,3086800,0.0,0.0
2023-07-12 00:00:00-04:00,435.7779395953303,437.4909396856034,424.7187802211507,425.142333984375,7287600,0.0,0.0
2023-07-13 00:00:00-04:00,425.4247128110169,428.1542019051885,420.88809725426296,421.4245910644531,7276800,0.0,0.0
2023-07-14 00:00:00-04:00,435.3543887694541,456.4844538439201,433.0578461264785,451.9384460449219,11379300,0.0,0.0
2023-07-17 00:00:00-04:00,452.82308945116296,456.1079141841048,450.1783058994293,455.61846923828125,4582000,0.0,0.0
2023-07-18 00:00:00-04:00,460.55980850799006,474.7626165713556,458.83741607666013,470.60247802734375,8816400,0.0,0.0
2023-07-19 00:00:00-04:00,477.6991846216971,484.400530774722,472.9366897104923,474.0849609375,4956500,0.0,0.0
2023-07-20 00:00:00-04:00,476.87096008912624,478.77218397369717,471.1013684641925,474.5932312011719,2963100,0.0,0.0
2023-07-21 00:00:00-04:00,475.3555719387801,480.40044565555905,474.8567344396239,476.7485656738281,2887300,0.0,0.0
2023-07-24 00:00:00-04:00,475.6190829290219,479.8074564298462,474.90378670159436,478.7721252441406,2279000,0.0,0.0
2023-07-25 00:00:00-04:00,480.014548307225,482.3675607989271,477.45446956732127,480.8898620605469,2730600,0.0,0.0
2023-07-26 00:00:00-04:00,481.46401486356234,485.5299986433238,476.84269485600646,478.13214111328125,3697200,0.0,0.0
2023-07-27 00:00:00-04:00,478.66867646541743,480.4851953839529,473.54851851057265,475.5250549316406,3028300,0.0,0.0
2023-07-28 00:00:00-04:00,475.5061601121165,477.64271380056465,468.0424115110296,473.3414001464844,2930000,0.0,0.0
2023-07-31 00:00:00-04:00,473.42607492244196,478.0191595293451,469.717725238506,476.5979309082031,2441600,0.0,0.0
2023-08-01 00:00:00-04:00,477.6615166161608,480.05218525416154,472.94607058086973,475.06378173828125,2161200,0.0,0.0
2023-08-02 00:00:00-04:00,479.72280679927934,480.45694559327563,473.4167214412171,475.12030029296875,3220500,0.0,0.0
2023-08-03 00:00:00-04:00,473.32258107866755,476.2497147477413,471.5813461397725,475.1767272949219,2442900,0.0,0.0
2023-08-04 00:00:00-04:00,480.01457799659175,480.86165680133774,472.2496362937057,473.1720275878906,2411200,0.0,0.0
2023-08-07 00:00:00-04:00,476.0050040865658,483.4028615462003,474.9790940907367,480.7110290527344,2430900,0.0,0.0
2023-08-08 00:00:00-04:00,473.42614825513004,478.29219108518885,470.62134681772386,476.11798095703125,2422600,0.0,0.0
2023-08-09 00:00:00-04:00,474.3673312206667,475.9956262495693,471.43077614693306,472.58843994140625,1916900,0.0,0.0
2023-08-10 00:00:00-04:00,474.80968291947994,481.9345828710558,473.2190441869576,473.8778991699219,2179700,0.0,0.0
2023-08-11 00:00:00-04:00,475.9014681286609,480.6451491656777,474.6026006892031,478.14154052734375,2029600,0.0,0.0
2023-08-14 00:00:00-04:00,479.2145183153869,483.30876579560794,478.36743956303354,480.8898620605469,2127200,0.0,0.0
2023-08-15 00:00:00-04:00,481.5015858711481,483.4499156139061,476.5037901939444,476.89910888671875,1817500,0.0,0.0
2023-08-16 00:00:00-04:00,478.13213852008533,480.4851510128023,473.266096046896,473.95318603515625,1454100,0.0,0.0
2023-08-17 00:00:00-04:00,466.34822187596404,471.76015014013126,462.9034084384118,464.9175720214844,3009500,0.0,0.0
2023-08-18 00:00:00-04:00,465.6894329007355,471.48725944819415,464.48469158719206,469.1342468261719,2364400,0.0,0.0
2023-08-21 00:00:00-04:00,468.2589260240633,470.8378186277906,467.04476348672756,468.4189147949219,1533500,0.0,0.0
2023-08-22 00:00:00-04:00,466.29181089247516,467.5812571941845,462.442257024354,463.39288330078125,2079400,0.0,0.0
2023-08-23 00:00:00-04:00,464.014109454002,464.9553145441724,459.2421927532462,460.6634216308594,2011400,0.0,0.0
2023-08-24 00:00:00-04:00,462.53642206963366,466.2918500046347,458.56453534142315,459.4022216796875,2311100,0.0,0.0
2023-08-25 00:00:00-04:00,461.11522498224844,462.27288889681944,456.1550556174351,460.36224365234375,1923500,0.0,0.0
2023-08-28 00:00:00-04:00,461.6516426258867,464.0705464290392,460.37161758155105,462.39520263671875,1344500,0.0,0.0
2023-08-29 00:00:00-04:00,462.5740703138546,463.95764295580227,459.27985247334095,463.8540954589844,2113700,0.0,0.0
2023-08-30 00:00:00-04:00,464.94584942485744,467.50592817745815,461.463408153845,462.6304931640625,2283400,0.0,0.0
2023-08-31 00:00:00-04:00,463.41169292465446,464.7858729437166,448.286549982935,448.5594787597656,4927700,0.0,0.0
2023-09-01 00:00:00-04:00,450.83723718766646,452.39021983832936,445.5288267037426,448.239501953125,3165900,0.0,0.0
2023-09-05 00:00:00-04:00,449.8959877454922,456.10794645902246,449.463041490185,452.540771484375,3443300,0.0,0.0
2023-09-06 00:00:00-04:00,453.74554628679755,454.75264259982333,448.3712734087903,448.8983459472656,2596100,0.0,0.0
2023-09-07 00:00:00-04:00,451.6843131451174,458.47039374438407,450.46075802773436,456.3056335449219,2928000,0.0,0.0
2023-09-08 00:00:00-04:00,453.71660663662726,456.34334106713106,452.3559930921105,454.2646179199219,1858400,1.88,0.0
2023-09-11 00:00:00-04:00,455.40798973095264,457.1654323023794,451.6474005756438,452.9513244628906,2059200,0.0,0.0
2023-09-12 00:00:00-04:00,451.0615674557605,456.9764566180419,446.0915472926876,453.442626953125,2195200,0.0,0.0
2023-09-13 00:00:00-04:00,454.88826350230664,457.3543865201686,453.0268704690177,453.38592529296875,2197800,0.0,0.0
2023-09-14 00:00:00-04:00,456.02216602989665,458.5166053922636,452.3844143261255,456.9386901855469,2334300,0.0,0.0
2023-09-15 00:00:00-04:00,458.96070276345563,462.81578480011905,457.44893528684344,459.8677978515625,5334300,0.0,0.0
2023-09-18 00:00:00-04:00,461.4834789575605,461.79527304498015,456.93866130338967,459.2630310058594,1997500,0.0,0.0
2023-09-19 00:00:00-04:00,457.0898357450979,458.9512288247472,450.26788042545604,454.1607360839844,3230700,0.0,0.0
2023-09-20 00:00:00-04:00,456.13553672812475,467.8141044179988,452.7245732772379,464.9984130859375,3724800,0.0,0.0
2023-09-21 00:00:00-04:00,466.9448067249095,477.2911336606792,465.8959871556813,473.51165771484375,4703900,0.0,0.0
2023-09-22 00:00:00-04:00,471.4896058432629,481.34458206701487,470.5730818087603,478.19818115234375,4558500,0.0,0.0
2023-09-25 00:00:00-04:00,480.23917145548444,482.7714136885837,478.6990302298326,482.1477966308594,2758500,0.0,0.0
2023-09-26 00:00:00-04:00,480.88165970620327,481.3352072337613,476.57305911730526,477.5840759277344,2420200,0.0,0.0
2023-09-27 00:00:00-04:00,478.3210654268436,478.4438741807852,473.4266218754708,475.9588928222656,2593700,0.0,0.0
2023-09-28 00:00:00-04:00,478.07537799403894,485.80442847278357,477.1683118109643,481.9776916503906,2922000,0.0,0.0
2023-09-29 00:00:00-04:00,481.74145554294216,481.76980045895664,476.02498090904254,476.39349365234375,3006200,0.0,0.0
2023-10-02 00:00:00-04:00,477.65960934582364,486.45636598657916,475.40138750133247,486.20123291015625,3550400,0.0,0.0
2023-10-03 00:00:00-04:00,485.0012513930363,485.6437553995336,480.33359617592174,481.3824157714844,3143200,0.0,0.0
2023-10-04 00:00:00-04:00,481.40134847927897,483.60290962970424,478.68012085795704,482.46905517578125,2801700,0.0,0.0
2023-10-05 00:00:00-04:00,483.41388202648864,489.640594225513,483.04539810399405,487.76971435546875,2790700,0.0,0.0
2023-10-06 00:00:00-04:00,487.977527709273,496.95378175838647,487.53340936254045,495.8766174316406,3647200,0.0,0.0
2023-10-09 00:00:00-04:00,492.4185175541656,497.8231407185852,491.56811235993484,497.4830017089844,2341600,0.0,0.0
2023-10-10 00:00:00-04:00,497.4734867183567,499.023085589064,494.24205115742103,495.33807373046875,2455700,0.0,0.0
2023-10-11 00:00:00-04:00,492.20108099224643,496.6136601859314,491.54911915801205,495.234130859375,2819300,0.0,0.0
2023-10-12 00:00:00-04:00,495.5554200104954,499.4388754554325,493.4578384983962,496.5664367675781,2377300,0.0,0.0
2023-10-13 00:00:00-04:00,503.8513861904853,514.4433882723393,502.67029995937776,509.662353515625,5245400,0.0,0.0
2023-10-16 00:00:00-04:00,513.2339609010929,516.6355240649552,506.56318775074254,508.367919921875,3827600,0.0,0.0
2023-10-17 00:00:00-04:00,510.1725630490984,512.5252775990381,505.09862120350607,507.06396484375,2586000,0.0,0.0
2023-10-18 00:00:00-04:00,513.1016677535622,513.9898469666839,505.88291204652455,506.5065002441406,2551400,0.0,0.0
2023-10-19 00:00:00-04:00,507.22455081171046,508.66077005362416,500.0718860222456,502.3206787109375,2351200,0.0,0.0
2023-10-20 00:00:00-04:00,501.72543694975946,504.9663306860887,497.7286595505645,497.9743347167969,2811100,0.0,0.0
2023-10-23 00:00:00-04:00,497.9743437081156,498.682995468015,491.6058781161612,492.8153381347656,2357700,0.0,0.0
2023-10-24 00:00:00-04:00,494.03411913905825,501.4135426414013,493.28769349966734,496.05615234375,1978200,0.0,0.0
2023-10-25 00:00:00-04:00,498.20105644290004,503.0104069748956,491.4074465666546,500.9789733886719,2380100,0.0,0.0
2023-10-26 00:00:00-04:00,496.71775239223206,501.2247392824109,493.713075242033,499.2310791015625,2675800,0.0,0.0
2023-10-27 00:00:00-04:00,496.9916467786937,498.6451675642797,492.5224347669829,495.7349548339844,2585600,0.0,0.0
2023-10-30 00:00:00-04:00,496.0562007937945,502.5002139797713,494.109773055584,500.7710876464844,2555400,0.0,0.0
2023-10-31 00:00:00-04:00,505.5049027792103,507.0922757404076,502.3112410228002,506.0340270996094,2464200,0.0,0.0
2023-11-01 00:00:00-04:00,500.7615534695416,506.28907061017316,497.7568775741662,502.292236328125,2747400,0.0,0.0
2023-11-02 00:00:00-04:00,502.67031817334197,507.24350960079687,497.8987411608174,506.5726318359375,2350900,0.0,0.0
2023-11-03 00:00:00-04:00,505.0986960281193,506.43093612198874,499.6467827120706,501.63104248046875,2739500,0.0,0.0
2023-11-06 00:00:00-05:00,502.32080003395737,506.46878951933263,500.82789060193124,504.0499267578125,2684900,0.0,0.0
2023-11-07 00:00:00-05:00,505.8450376996529,509.8985624879843,502.2167731518911,508.17889404296875,2604800,0.0,0.0
2023-11-08 00:00:00-05:00,510.2293586014849,511.5521985252136,504.6924390323333,507.1396179199219,1769200,0.0,0.0
2023-11-09 00:00:00-05:00,507.9616145130751,511.0891289852718,505.0136274800174,509.2844543457031,1819600,0.0,0.0
2023-11-10 00:00:00-05:00,512.7615495058787,512.7615495058787,506.4687467577634,511.37261962890625,2480800,0.0,0.0
2023-11-13 00:00:00-05:00,511.3158949083266,514.1505019775693,508.2544708305525,512.6575927734375,1507900,0.0,0.0
2023-11-14 00:00:00-05:00,509.3127237537221,512.7520028074989,506.9316356109191,510.66387939453125,2454000,0.0,0.0
2023-11-15 00:00:00-05:00,510.27658904189866,510.6640177009689,502.386954458278,508.72698974609375,2473700,0.0,0.0
2023-11-16 00:00:00-05:00,508.72693691857336,514.821354029769,507.83875767493925,510.0592346191406,2360300,0.0,0.0
2023-11-17 00:00:00-05:00,510.484403311485,510.72062056621735,499.21212283608406,506.7237854003906,2676900,0.0,0.0
2023-11-20 00:00:00-05:00,504.1915805546771,506.7711123824548,502.48136981102647,505.59942626953125,2518400,0.0,0.0
2023-11-21 00:00:00-05:00,508.12228075881177,511.80723569306605,504.73963319055844,509.8419494628906,2115700,0.0,0.0
2023-11-22 00:00:00-05:00,513.0355599410458,514.3867735364985,510.47500152712786,513.7820434570312,2234500,0.0,0.0
2023-11-24 00:00:00-05:00,514.8874556000136,517.4008394272885,512.8843379400491,516.9378051757812,1135000,0.0,0.0
2023-11-27 00:00:00-05:00,516.9378408913003,520.5189315461923,511.6749709643464,513.6213989257812,2675800,0.0,0.0
2023-11-28 00:00:00-05:00,515.5490349165403,515.7285623883109,510.2955639750239,510.730224609375,2859300,0.0,0.0
2023-11-29 00:00:00-05:00,500.7805935622956,511.9867265887024,499.5050434203704,505.48602294921875,4550000,0.0,0.0
2023-11-30 00:00:00-05:00,506.2514082652126,523.4008059704422,504.56957120943156,522.4842529296875,7121200,0.0,0.0
2023-12-01 00:00:00-05:00,521.8491531910056,525.907017610095,516.8621764692394,518.7583618164062,3462200,1.88,0.0
2023-12-04 00:00:00-05:00,519.8012100620092,523.2238101434021,514.8521370568841,519.8201904296875,2709200,0.0,0.0
2023-12-05 00:00:00-05:00,520.5975679911003,523.8495761852137,517.0422211202806,521.6973876953125,2645600,0.0,0.0
2023-12-06 00:00:00-05:00,519.1375377042026,523.2333043328067,518.7013943130867,521.0053100585938,2239700,0.0,0.0
2023-12-07 00:00:00-05:00,522.7308134212224,522.8825406373782,516.2553828559016,519.8107299804688,2511700,0.0,0.0
2023-12-08 00:00:00-05:00,521.6594444663288,523.0910734464038,516.2742858359824,521.2328491210938,2039900,0.0,0.0
2023-12-11 00:00:00-05:00,521.2232802235806,521.4508131378715,511.07868010368674,515.4588623046875,3655300,0.0,0.0
2023-12-12 00:00:00-05:00,517.4688079288679,519.0710863610967,514.4823516607148,517.3929443359375,2706100,0.0,0.0
2023-12-13 00:00:00-05:00,515.7623154248258,520.9009605264897,510.63316050679356,520.5122680664062,2876600,0.0,0.0
2023-12-14 00:00:00-05:00,516.046687959383,516.6345006251023,501.9201457494917,506.5088806152344,5386800,0.0,0.0
2023-12-15 00:00:00-05:00,502.4890138556425,505.8073375320477,495.81446363578334,503.5508728027344,9030100,0.0,0.0
2023-12-18 00:00:00-05:00,501.6451623563788,503.8826465612113,497.9665591674998,499.2180480957031,3260300,0.0,0.0
2023-12-19 00:00:00-05:00,497.35978443233614,500.23247412207064,494.6956472805587,496.8382873535156,3645600,0.0,0.0
2023-12-20 00:00:00-05:00,496.6581983839898,497.5873683188117,489.09243927840674,489.1493225097656,3847800,0.0,0.0
2023-12-21 00:00:00-05:00,491.9461946986648,493.78549629012133,489.68973013181704,492.894287109375,2491600,0.0,0.0
2023-12-22 00:00:00-05:00,492.89432912580406,495.8618632536498,491.13089097963245,493.302001953125,1759500,0.0,0.0
2023-12-26 00:00:00-05:00,492.8943230398312,494.4112478607592,491.08343399786423,493.03656005859375,1390800,0.0,0.0
2023-12-27 00:00:00-05:00,492.7710485575031,496.0040183352493,492.4012786156785,495.6532287597656,1851800,0.0,0.0
2023-12-28 00:00:00-05:00,496.2978940047893,500.4695236540234,495.7954351305446,497.6537170410156,2001000,0.0,0.0
2023-12-29 00:00:00-05:00,498.6776253760864,500.8203234731589,496.72455733367804,499.1421813964844,2080100,0.0,0.0
2024-01-02 00:00:00-05:00,499.4930521312739,511.64754642492693,499.3318347504542,511.3442077636719,3415700,0.0,0.0
2024-01-03 00:00:00-05:00,514.8520559282988,518.4074022892511,511.47684943098005,513.89453125,2891400,0.0,0.0
2024-01-04 00:00:00-05:00,516.7103989061969,520.5027688064259,514.8142139560825,517.1085815429688,2994400,0.0,0.0
2024-01-05 00:00:00-05:00,518.6065451793949,518.6065451793949,506.0253404562419,509.48590087890625,2815400,0.0,0.0
2024-01-08 00:00:00-05:00,511.40104285659504,512.2068982169526,500.5927667904692,508.6705322265625,2648900,0.0,0.0
2024-01-09 00:00:00-05:00,510.0738319403527,511.6002471776005,504.6981629626209,510.42462158203125,2677000,0.0,0.0
2024-01-10 00:00:00-05:00,510.16850735273937,513.1076285708738,508.31977342986016,509.732421875,2180000,0.0,0.0
2024-01-11 00:00:00-05:00,508.30078743058027,512.1215697447499,506.7838627242686,511.66650390625,2814100,0.0,0.0
2024-01-12 00:00:00-05:00,491.9272595172598,501.04790471667906,486.4947080223325,494.4397277832031,6327300,0.0,0.0
2024-01-16 00:00:00-05:00,496.52550865012034,497.2744808396763,489.73713442800704,492.20220947265625,3736700,0.0,0.0
2024-01-17 00:00:00-05:00,494.2215968937999,503.1146496996321,493.0080109368898,497.69158935546875,3791300,0.0,0.0
2024-01-18 00:00:00-05:00,479.0047039465094,490.0120710729299,471.63800793817245,489.53802490234375,7367000,0.0,0.0
2024-01-19 00:00:00-05:00,488.2675656370954,490.68518958287626,475.7717152702634,477.42138671875,6143400,0.0,0.0
2024-01-22 00:00:00-05:00,477.781743324727,486.9118788544437,470.72793271319773,486.3619689941406,5922900,0.0,0.0
2024-01-23 00:00:00-05:00,485.8973321687181,491.18770371488574,485.4991495821788,488.7605895996094,2672900,0.0,0.0
2024-01-24 00:00:00-05:00,491.01711101705735,494.6482634956126,486.3240417395544,486.5894775390625,2918800,0.0,0.0
2024-01-25 00:00:00-05:00,462.2803732716326,469.78927786604146,454.1362629672648,467.7887878417969,14671000,0.0,0.0
2024-01-26 00:00:00-05:00,467.6749893605001,477.54463411392146,464.4704326147987,477.080078125,6212200,0.0,0.0
2024-01-29 00:00:00-05:00,476.9947612763026,480.21829863580473,475.13650824328977,478.3505554199219,4554100,0.0,0.0
2024-01-30 00:00:00-05:00,478.3505589775812,479.7821588608707,473.30670034554913,477.46881103515625,4931200,0.0,0.0
2024-01-31 00:00:00-05:00,478.32209889705035,488.2675787670073,478.32209889705035,485.1767883300781,5358100,0.0,0.0
2024-02-01 00:00:00-05:00,482.4178317747676,483.73569406773436,476.8904659439628,480.8155822753906,4242600,0.0,0.0
2024-02-02 00:00:00-05:00,481.86791452315026,486.2859992076346,479.1563844160687,483.7451477050781,3804500,0.0,0.0
2024-02-05 00:00:00-05:00,483.48918577426065,487.5091171715816,474.09358674316434,476.8525390625,3646300,0.0,0.0
2024-02-06 00:00:00-05:00,477.78171143048064,484.4183585785749,476.36906293910164,484.1623840332031,2745400,0.0,0.0
2024-02-07 00:00:00-05:00,487.32897635397535,493.9561328702375,486.07748746101663,492.4297180175781,4109100,0.0,0.0
2024-02-08 00:00:00-05:00,493.6053633835405,495.0559147015748,490.4292769096254,493.0934143066406,3343000,0.0,0.0
2024-02-09 00:00:00-05:00,492.05042313785646,493.37777553059084,489.4905623044189,491.32037353515625,2715400,0.0,0.0
2024-02-12 00:00:00-05:00,491.32045133283737,492.0505010511366,486.19129653885443,490.7705993652344,3194000,0.0,0.0
2024-02-13 00:00:00-05:00,494.9043061760236,499.5783954569822,487.5186861171174,490.0216064453125,3436000,0.0,0.0
2024-02-14 00:00:00-05:00,488.51411473781707,491.6143955013302,487.59443498989793,490.1069030761719,1918500,0.0,0.0
2024-02-15 00:00:00-05:00,490.4861201161075,494.66718190369977,489.0260208672939,493.84234619140625,2292100,0.0,0.0
2024-02-16 00:00:00-05:00,495.1886694270653,496.60131790277603,491.95569967081906,494.47760009765625,2135500,0.0,0.0
2024-02-20 00:00:00-05:00,496.9995452572407,498.0993069961964,492.4486553757132,494.0130310058594,2600200,0.0,0.0
2024-02-21 00:00:00-05:00,496.4874703611435,496.5064507242586,490.6756600285066,494.8757019042969,2095900,0.0,0.0
2024-02-22 00:00:00-05:00,496.9900229411184,499.39815668526825,491.6712387296613,499.1706237792969,3186800,0.0,0.0
2024-02-23 00:00:00-05:00,499.4077278660153,502.9630747658683,496.9521428123815,499.8722839355469,2502000,0.0,0.0
2024-02-26 00:00:00-05:00,500.8961569307382,505.1530823204193,497.09429735129646,498.0518798828125,2308900,0.0,0.0
2024-02-27 00:00:00-05:00,497.52098574991976,498.3079186583797,485.47071030388616,486.76959228515625,3780600,0.0,0.0
2024-02-28 00:00:00-05:00,469.722887442161,472.67144083316725,459.2464782972862,472.41546630859375,9558600,0.0,0.0
2024-02-29 00:00:00-05:00,472.6240403207932,475.70534048336606,466.08220883925804,467.9783935546875,6833200,0.0,0.0
2024-03-01 00:00:00-05:00,464.01538315059446,464.58421542911117,452.47708620996093,464.1196594238281,7315000,0.0,0.0
2024-03-04 00:00:00-05:00,458.1562124235274,461.7589812992072,455.17921700606047,456.8573303222656,5239800,0.0,0.0
2024-03-05 00:00:00-05:00,457.3502980701625,457.8338055102446,446.1912322158829,448.58990478515625,5296200,0.0,0.0
2024-03-06 00:00:00-05:00,449.8129680181777,454.89472947824356,443.88739042006864,448.0684814453125,5577500,0.0,0.0
2024-03-07 00:00:00-05:00,449.3957324470543,456.2125181294422,449.0165013287316,453.9276123046875,5102000,0.0,0.0
2024-03-08 00:00:00-05:00,455.2887566819859,460.9236021416415,451.9002447597918,453.6135559082031,4673600,1.88,0.0
2024-03-11 00:00:00-04:00,454.0228878407399,466.69174219861395,453.07105788719537,465.5876159667969,4410100,0.0,0.0
2024-03-12 00:00:00-04:00,464.61672049475163,468.5668086576801,463.87429435580975,465.7779541015625,4153800,0.0,0.0
2024-03-13 00:00:00-04:00,469.74710229482906,472.10765100698006,461.95161274976107,464.4930114746094,3669000,0.0,0.0
2024-03-14 00:00:00-04:00,465.17834350696984,466.0920921436917,461.8183848790573,465.4448547363281,3378500,0.0,0.0
2024-03-15 00:00:00-04:00,463.9694924527324,467.55788068828923,463.9694924527324,467.1771545410156,5713500,0.0,0.0
2024-03-18 00:00:00-04:00,468.39550358157817,468.39550358157817,462.95103534539027,463.5887451171875,2970500,0.0,0.0
2024-03-19 00:00:00-04:00,466.0824982765311,469.6708860678668,464.29305365357044,469.5566711425781,2511700,0.0,0.0
2024-03-20 00:00:00-04:00,468.74765223156675,470.7750544806079,465.86360891818856,470.4228820800781,3548200,0.0,0.0
2024-03-21 00:00:00-04:00,468.5667946283372,472.297980399216,467.6149647839595,468.0052185058594,3693400,0.0,0.0
2024-03-22 00:00:00-04:00,471.3462102386499,471.94583871660035,466.1777514530959,466.46331787109375,2847300,0.0,0.0
2024-03-25 00:00:00-04:00,466.9677665775257,467.805381558349,460.75231833499384,462.4751281738281,2786100,0.0,0.0
2024-03-26 00:00:00-04:00,464.61672549163785,469.57575104934546,461.85642464011823,468.5953674316406,3113300,0.0,0.0
2024-03-27 00:00:00-04:00,469.91848540469164,471.85069915424396,467.64359774838385,469.3473815917969,2653100,0.0,0.0
2024-03-28 00:00:00-04:00,471.15583766647563,471.9839250971913,465.7303951894798,470.87030029296875,3820000,0.0,0.0
2024-04-01 00:00:00-04:00,470.65133267614567,471.8982275236239,465.1592846002114,466.1111145019531,2928700,0.0,0.0
2024-04-02 00:00:00-04:00,437.4609829581616,441.3444357707306,427.9426849349098,436.0713195800781,11867000,0.0,0.0
2024-04-03 00:00:00-04:00,439.7454136673933,440.554474891658,433.6060991952273,437.5942687988281,4460400,0.0,0.0
2024-04-04 00:00:00-04:00,438.62229329274334,439.4789344553474,430.151012378022,433.4443359375,5182000,0.0,0.0
2024-04-05 00:00:00-04:00,428.98022732850427,435.7001442142088,428.3329899567894,433.7869567871094,5747400,0.0,0.0
2024-04-08 00:00:00-04:00,434.0058395781518,435.17660070143296,431.74047998300335,434.0343933105469,4532300,0.0,0.0
2024-04-09 00:00:00-04:00,432.39732936387446,437.61336819838226,430.66499179997214,437.5752868652344,3521200,0.0,0.0
2024-04-10 00:00:00-04:00,433.5490514414462,436.6424990416002,428.1141100987966,428.37109375,4493500,0.0,0.0
2024-04-11 00:00:00-04:00,428.69470012861535,429.0563711054638,420.2138918872195,420.44232177734375,5844100,0.0,0.0
2024-04-12 00:00:00-04:00,419.12877214659306,420.9372431361519,415.35953389869087,418.043701171875,6045700,0.0,0.0
2024-04-15 00:00:00-04:00,420.7088236977966,426.75294948576925,420.6992961034039,424.1639709472656,5376800,0.0,0.0
2024-04-16 00:00:00-04:00,453.8039229109645,456.6403864197335,443.17199938330305,446.30352783203125,11816500,0.0,0.0
2024-04-17 00:00:00-04:00,455.54579363311007,464.49298883810593,451.72894645830445,455.9169921875,8759800,0.0,0.0
2024-04-18 00:00:00-04:00,462.71310283651474,477.81863964542725,462.5608065572968,469.4234924316406,8880400,0.0,0.0
2024-04-19 00:00:00-04:00,473.05947727511335,482.8633139778937,471.68883984612637,476.99053955078125,6618600,0.0,0.0
2024-04-22 00:00:00-04:00,473.80185664617926,475.3628715267734,467.0058066925423,467.5673828125,4697700,0.0,0.0
2024-04-23 00:00:00-04:00,467.3484468725602,470.4990012883662,461.60891415535485,462.7606201171875,3646700,0.0,0.0
2024-04-24 00:00:00-04:00,460.47622964343054,465.311512353213,457.5541051215383,463.82666015625,3724400,0.0,0.0
2024-04-25 00:00:00-04:00,465.4067484411355,473.1832116499287,464.04563863018865,470.0707092285156,4329700,0.0,0.0
2024-04-26 00:00:00-04:00,468.30028631137395,473.2783668851729,467.72918259172974,471.4889221191406,2727000,0.0,0.0
2024-04-29 00:00:00-04:00,471.8316056214705,473.3926206466944,464.27407366701,465.473388671875,2192100,0.0,0.0
2024-04-30 00:00:00-04:00,465.4066904402175,466.1205627895511,459.3435392674841,460.40008544921875,3367500,0.0,0.0
2024-05-01 00:00:00-04:00,456.17399260866455,465.6256562425679,454.08948287039624,460.79034423828125,2729200,0.0,0.0
2024-05-02 00:00:00-04:00,460.95216789026426,469.90889044506343,460.6285492204442,469.22357177734375,3561400,0.0,0.0
2024-05-03 00:00:00-04:00,467.2152330379245,469.0522869086086,462.3799496964016,468.7286682128906,2487600,0.0,0.0
2024-05-06 00:00:00-04:00,468.7572028152643,471.0320611871011,468.30031400302374,470.565673828125,2029500,0.0,0.0
2024-05-07 00:00:00-04:00,472.1076366012838,477.4854697974147,471.19388801859355,476.8287048339844,3752100,0.0,0.0
2024-05-08 00:00:00-04:00,479.8841451482873,482.57781127448084,475.9911348761651,478.9703674316406,3078900,0.0,0.0
2024-05-09 00:00:00-04:00,477.9518598142138,483.5010151167585,477.9518598142138,482.6062927246094,2342900,0.0,0.0
2024-05-10 00:00:00-04:00,484.4814101107621,488.8408072385006,482.5777503460833,488.1078796386719,2784600,0.0,0.0
2024-05-13 00:00:00-04:00,487.38451198078974,489.878301790426,482.87284733427356,487.0894470214844,2454500,0.0,0.0
2024-05-14 00:00:00-04:00,489.7926353076256,491.3060122816948,482.863285904206,489.1263427734375,2949700,0.0,0.0
2024-05-15 00:00:00-04:00,490.0306183512428,497.41682789154106,490.0306183512428,492.61956787109375,2981200,0.0,0.0
2024-05-16 00:00:00-04:00,494.95155780325433,502.7184643792514,494.4851704382307,496.160400390625,3655800,0.0,0.0
2024-05-17 00:00:00-04:00,497.7498952484812,500.5196945009846,494.96104080888927,499.3584899902344,2657200,0.0,0.0
2024-05-20 00:00:00-04:00,499.35853658406523,499.35853658406523,491.6582069539004,492.3149719238281,2476200,0.0,0.0
2024-05-21 00:00:00-04:00,493.35245385578406,499.4441300267861,491.06803898223114,498.33050537109375,2521900,0.0,0.0
2024-05-22 00:00:00-04:00,497.63570083469284,500.92905310726275,495.5702462783119,496.2364807128906,2299100,0.0,0.0
2024-05-23 00:00:00-04:00,493.3524517917122,495.1704212322038,490.4112720114492,491.9342346191406,3055400,0.0,0.0
2024-05-24 00:00:00-04:00,491.2488778313909,492.2292904383639,483.0726631071397,483.6913757324219,2527800,0.0,0.0
2024-05-28 00:00:00-04:00,482.2445994595967,482.2445994595967,477.7234075617812,479.41766357421875,2912800,0.0,0.0
2024-05-29 00:00:00-04:00,468.62394157484727,470.10879393336586,450.4725379419736,461.3710021972656,7521600,0.0,0.0
2024-05-30 00:00:00-04:00,459.0866218949469,462.6179028256715,454.9747095982964,458.4488830566406,5169700,0.0,0.0
2024-05-31 00:00:00-04:00,459.17228764115754,474.4015667740263,459.17228764115754,471.50799560546875,6694800,0.0,0.0
2024-06-03 00:00:00-04:00,470.32774712904023,474.6585618680463,469.3188096859195,473.4783020019531,2795100,0.0,0.0
2024-06-04 00:00:00-04:00,474.54432847373346,483.786588978186,470.76556248259106,481.1405029296875,3178400,0.0,0.0
2024-06-05 00:00:00-04:00,484.1959013964054,484.5766275623456,474.7727617660047,478.8846740722656,2464400,0.0,0.0
2024-06-06 00:00:00-04:00,479.3891398691792,480.3885787271958,473.32598784454717,477.74249267578125,2419600,0.0,0.0
2024-06-07 00:00:00-04:00,477.85671192392545,478.63719039975615,466.7964526522295,467.0534362792969,3416300,0.0,0.0
2024-06-10 00:00:00-04:00,467.3485029740767,471.52705037526107,462.7702032626353,471.15582275390625,3332800,0.0,0.0
2024-06-11 00:00:00-04:00,467.21528398609365,473.8019607071771,466.6727629342109,472.3171081542969,4599700,0.0,0.0
2024-06-12 00:00:00-04:00,475.9148991162795,475.9148991162795,463.9408930354316,469.3187255859375,4048200,0.0,0.0
2024-06-13 00:00:00-04:00,466.6631657294278,477.8186134034581,461.04737508658513,473.3450012207031,4951700,0.0,0.0
2024-06-14 00:00:00-04:00,472.8976062328493,473.86849125926807,468.0432972909211,473.17364501953125,3188400,0.0,0.0
2024-06-17 00:00:00-04:00,469.64652026439023,471.35753181943693,467.1326124167665,467.63922119140625,2407200,2.1,0.0
2024-06-18 00:00:00-04:00,469.05393907689734,469.9620252696357,457.8989767808627,459.82025146484375,3692700,0.0,0.0
2024-06-20 00:00:00-04:00,458.8547853826249,464.4752926956091,457.00993836485907,463.1370544433594,5258100,0.0,0.0
2024-06-21 00:00:00-04:00,463.06059758548076,466.7502332773267,459.3805007354744,461.292236328125,6368600,0.0,0.0
2024-06-24 00:00:00-04:00,467.28554364014525,469.22598338162555,463.1179738117356,468.35614013671875,5139800,0.0,0.0
2024-06-25 00:00:00-04:00,468.9870545590456,468.9870545590456,459.3901323866776,463.1180114746094,2916100,0.0,0.0
2024-06-26 00:00:00-04:00,463.1179441893502,465.92819782521343,460.22166595289156,462.6782531738281,3153100,0.0,0.0
2024-06-27 00:00:00-04:00,463.6436807842184,467.4002635381473,460.7760772848728,464.97235107421875,2991900,0.0,0.0
2024-06-28 00:00:00-04:00,474.4641275370803,486.9190846526262,467.8112953637344,486.7852783203125,22734200,0.0,0.0
2024-07-01 00:00:00-04:00,484.3860449465043,486.4507230539717,471.1377302203872,472.8200378417969,4523100,0.0,0.0
2024-07-02 00:00:00-04:00,472.4472515510228,476.4714470204239,471.6156511911779,476.2515869140625,3312000,0.0,0.0
2024-07-03 00:00:00-04:00,475.18098594386066,476.0986108444929,465.04878164559636,468.27008056640625,2239200,0.0,0.0
2024-07-05 00:00:00-04:00,467.41938334244674,468.0598276435158,463.1179779742647,466.47308349609375,3499000,0.0,0.0
2024-07-08 00:00:00-04:00,467.60101041782036,472.08403310740664,464.71429992251984,467.744384765625,3450600,0.0,0.0
2024-07-09 00:00:00-04:00,466.77894100369645,473.5369338004358,464.6378063238472,470.3921203613281,3056800,0.0,0.0
2024-07-10 00:00:00-04:00,469.2737654722186,479.3677276530457,468.48994683279767,478.8228759765625,3189800,0.0,0.0
2024-07-11 00:00:00-04:00,475.73544716643227,486.27866853033134,475.73544716643227,482.10150146484375,3535100,0.0,0.0
2024-07-12 00:00:00-04:00,484.5485111141139,491.860893845876,481.21251270347443,488.9550476074219,3570600,0.0,0.0
2024-07-15 00:00:00-04:00,501.1041535337792,507.40334835044735,491.1248908225301,492.6256103515625,5128000,0.0,0.0
2024-07-16 00:00:00-04:00,510.3377834007367,525.6507441334895,503.86654046541463,524.6470947265625,11062000,0.0,0.0
2024-07-17 00:00:00-04:00,529.55076027775,548.2953138011353,526.9699055539367,547.9799194335938,10330800,0.0,0.0
2024-07-18 00:00:00-04:00,539.5874835215144,555.8372394468745,536.6433937594028,539.4345703125,6834800,0.0,0.0
2024-07-19 00:00:00-04:00,542.0917808212022,544.749121499107,536.7580217802763,540.3807983398438,4290400,0.0,0.0
2024-07-22 00:00:00-04:00,538.2012805409446,539.3483334145634,532.4947785484514,533.8807983398438,3377300,0.0,0.0
2024-07-23 00:00:00-04:00,534.1293765150359,534.1772165809156,528.4133054240308,530.2199096679688,2785600,0.0,0.0
2024-07-24 00:00:00-04:00,535.2859640185351,536.3660992918242,528.6140254934539,535.0469970703125,3156200,0.0,0.0
2024-07-25 00:00:00-04:00,537.1977229157853,544.7395341309327,533.9286712578729,534.9801025390625,3102900,0.0,0.0
2024-07-26 00:00:00-04:00,535.2859584851213,553.5717138414094,535.2859584851213,544.5769653320312,3201900,0.0,0.0
2024-07-29 00:00:00-04:00,540.7440775173663,546.1351284010325,536.9683874568909,541.7381591796875,2965000,0.0,0.0
2024-07-30 00:00:00-04:00,541.881558076396,553.8585530171277,541.0116855804448,550.8953857421875,4139100,0.0,0.0
2024-07-31 00:00:00-04:00,540.4859128625338,555.2636506467152,537.5036098741377,550.7327880859375,4713200,0.0,0.0
2024-08-01 00:00:00-04:00,551.7269190954652,561.5723460039061,542.0726190783878,547.492431640625,3680800,0.0,0.0
2024-08-02 00:00:00-04:00,556.630551541595,565.4340572614902,549.8629907049781,563.799560546875,5094000,0.0,0.0
2024-08-05 00:00:00-04:00,556.4297224981716,560.922312531211,541.7476080571012,544.806396484375,4587400,0.0,0.0
2024-08-06 00:00:00-04:00,543.1336788985003,552.0328060328302,537.7043566429662,543.2674560546875,3216500,0.0,0.0
2024-08-07 00:00:00-04:00,541.604296934662,546.4219084902983,532.4471244565867,541.0977172851562,4320700,0.0,0.0
2024-08-08 00:00:00-04:00,539.4630812783791,547.1865090895334,539.4630812783791,541.2505493164062,2860800,0.0,0.0
2024-08-09 00:00:00-04:00,539.6255936239853,540.9542638847348,533.0205727128482,534.1007080078125,2976700,0.0,0.0
2024-08-12 00:00:00-04:00,537.5036297160539,543.8888201111004,536.2896588472145,540.342529296875,2532400,0.0,0.0
2024-08-13 00:00:00-04:00,544.8351443628984,550.3218168686759,543.8888444602602,548.8975830078125,2369400,0.0,0.0
2024-08-14 00:00:00-04:00,549.8534031242244,555.4739106516726,547.9703714964564,554.087890625,2344400,0.0,0.0
2024-08-15 00:00:00-04:00,554.0878673120516,557.595944118773,548.1997473766057,554.030517578125,2751800,0.0,0.0
2024-08-16 00:00:00-04:00,555.2827324652027,555.9805556646583,548.7637067579899,552.1857299804688,2728900,0.0,0.0
2024-08-19 00:00:00-04:00,552.5681854244584,557.5577883412226,551.6027494174123,553.2373046875,1847900,0.0,0.0
2024-08-20 00:00:00-04:00,554.2599782453655,558.0452361307309,550.1019762187321,555.0247192382812,1677500,0.0,0.0
2024-08-21 00:00:00-04:00,555.8467204386064,557.643756656334,551.9467632914592,552.5585327148438,2844300,0.0,0.0
2024-08-22 00:00:00-04:00,553.6864475305608,557.223170214602,545.4373033860018,553.1798095703125,2282000,0.0,0.0
2024-08-23 00:00:00-04:00,555.3592498056723,559.3834746669456,552.9217983293958,558.71435546875,2376400,0.0,0.0
2024-08-26 00:00:00-04:00,562.0981321718622,565.9598759998921,559.8900795573551,561.21875,1800000,0.0,0.0
2024-08-27 00:00:00-04:00,563.4553902409526,566.1987846286318,558.0165582141361,561.428955078125,1581900,0.0,0.0
2024-08-28 00:00:00-04:00,563.015633363503,566.6766229254451,558.1024594703475,562.5663452148438,1657000,0.0,0.0
2024-08-29 00:00:00-04:00,564.6119102531862,566.4567278616364,558.5803875684386,565.462646484375,1953200,0.0,0.0
2024-08-30 00:00:00-04:00,563.9620130101468,567.0781514336293,560.7025294187903,564.1531982421875,2944700,0.0,0.0
2024-09-03 00:00:00-04:00,566.3708517306774,574.1515718903937,565.7017325501444,572.2589721679688,3175500,0.0,0.0
2024-09-04 00:00:00-04:00,573.5207753196446,581.1103692467033,571.4943399141725,577.5162963867188,2935000,0.0,0.0
2024-09-05 00:00:00-04:00,577.5258403968296,579.255958996805,563.6466195416702,569.2097778320312,2144800,0.0,0.0
2024-09-06 00:00:00-04:00,569.5728943450996,574.1036980087905,566.1222258736514,570.538330078125,2926400,0.0,0.0
2024-09-09 00:00:00-04:00,571.9148964442353,573.0236775525248,549.8821527280232,567.881103515625,3411400,0.0,0.0
2024-09-10 00:00:00-04:00,568.9421445745099,578.1088849162165,565.0613232968404,572.5935668945312,2863500,0.0,0.0
2024-09-11 00:00:00-04:00,563.1400180899551,565.3002888382542,553.418799722609,563.7230834960938,3563600,0.0,0.0
2024-09-12 00:00:00-04:00,562.5569109902209,564.4495105873082,557.4716872331029,562.4517211914062,3395800,0.0,0.0
2024-09-13 00:00:00-04:00,564.9944279300125,571.3031328814811,561.3143014236992,568.0914306640625,2241900,0.0,0.0
2024-09-16 00:00:00-04:00,570.7581360004227,574.3937003607072,563.8131219990224,565.1369018554688,2548600,2.1,0.0
2024-09-17 00:00:00-04:00,562.1343628387594,562.8153980302942,552.9063125740977,554.412353515625,3416000,0.0,0.0
2024-09-18 00:00:00-04:00,553.3571750622259,560.7051190732301,548.9925658752144,556.9927978515625,2988300,0.0,0.0
2024-09-19 00:00:00-04:00,559.9376193964466,561.0024394512586,551.1700525416585,553.55859375,2945700,0.0,0.0
2024-09-20 00:00:00-04:00,548.407399691596,555.2565107349792,546.4409339736726,551.5729370117188,5398700,0.0,0.0
2024-09-23 00:00:00-04:00,553.0022585140234,555.82247745568,548.695202394444,550.0477294921875,2386100,0.0,0.0
2024-09-24 00:00:00-04:00,547.5632990001743,553.7888699640787,542.9396714507021,551.7552490234375,3188500,0.0,0.0
2024-09-25 00:00:00-04:00,554.3260289375156,557.4340133208425,549.7312074014762,552.82958984375,2658800,0.0,0.0
2024-09-26 00:00:00-04:00,551.5728862086837,553.1076742987689,547.6494985263499,551.390625,2751900,0.0,0.0
2024-09-27 00:00:00-04:00,554.1437125512816,562.8058334875446,553.0981549521266,558.143798828125,2986200,0.0,0.0
2024-09-30 00:00:00-04:00,559.7266039814406,562.5276187509104,555.1605301150622,560.8585205078125,3009700,0.0,0.0
2024-10-01 00:00:00-04:00,561.1655392131267,564.7148030511676,557.1078994343112,559.5347900390625,2648400,0.0,0.0
2024-10-02 00:00:00-04:00,579.6408094681548,579.8902257270182,560.4460620571664,568.1776733398438,3667000,0.0,0.0
2024-10-03 00:00:00-04:00,566.5469677061005,569.0602172715711,560.5612112280816,568.5997924804688,2645800,0.0,0.0
2024-10-04 00:00:00-04:00,568.0050172826981,571.8420463985938,564.4653555813477,567.1129150390625,2462600,0.0,0.0
2024-10-07 00:00:00-04:00,564.8010149775142,568.3023271103432,559.5635082360283,559.7841186523438,2591100,0.0,0.0
2024-10-08 00:00:00-04:00,564.1007946685813,565.2039638835496,555.9471083532574,557.8848266601562,2231400,0.0,0.0
2024-10-09 00:00:00-04:00,558.4412111705723,568.6477230251255,556.9543740461825,567.132080078125,2207700,0.0,0.0
2024-10-10 00:00:00-04:00,570.9307364338447,574.5471550867463,568.6093502278983,573.3480834960938,2143200,0.0,0.0
2024-10-11 00:00:00-04:00,572.1873987889091,577.0124912905957,571.9092352389952,573.683837890625,1909700,0.0,0.0
2024-10-14 00:00:00-04:00,574.7006696983685,583.8328186091238,573.0411731814271,580.7344360351562,2447100,0.0,0.0
2024-10-15 00:00:00-04:00,529.52925511521,546.4889178462803,520.8767351802204,533.625244140625,11939400,0.0,0.0
2024-10-16 00:00:00-04:00,534.3158997226136,552.7048451396217,532.5028894361491,548.0620727539062,5103900,0.0,0.0
2024-10-17 00:00:00-04:00,537.7404807601907,546.268233773505,535.9562176617255,542.9684448242188,5588700,0.0,0.0
2024-10-18 00:00:00-04:00,543.7550281263591,547.6880185545891,540.1002598122332,546.402587890625,3687000,0.0,0.0
2024-10-21 00:00:00-04:00,546.4314296289978,555.6786855283945,545.5297252811573,548.1868286132812,3018000,0.0,0.0
2024-10-22 00:00:00-04:00,544.7142175033857,549.6927650780232,542.450384397169,546.642333984375,2593800,0.0,0.0
2024-10-23 00:00:00-04:00,548.8198988073808,550.7480154010877,537.1841027549053,541.6350708007812,2911900,0.0,0.0
2024-10-24 00:00:00-04:00,541.9707478758861,548.4073851431685,537.4814309421565,537.9610595703125,2590200,0.0,0.0
2024-10-25 00:00:00-04:00,543.093076805457,548.2155364506569,540.6469824469881,541.5582885742188,2513700,0.0,0.0
2024-10-28 00:00:00-04:00,543.179430501943,545.1747020221119,539.8795831429172,542.2105712890625,1826500,0.0,0.0
2024-10-29 00:00:00-04:00,539.8891847814041,544.551161071087,537.8171562870446,539.227294921875,2600300,0.0,0.0
2024-10-30 00:00:00-04:00,538.3832083613911,547.0740779441832,538.0954428550253,540.0235595703125,2323600,0.0,0.0
2024-10-31 00:00:00-04:00,538.028286409613,545.2898718348389,538.028286409613,541.5007934570312,2490000,0.0,0.0
2024-11-01 00:00:00-04:00,542.0954451557476,547.0931964385574,540.9251794297041,544.43603515625,2548300,0.0,0.0
2024-11-04 00:00:00-05:00,543.6494931088067,545.4241543090415,532.7906930420345,535.0449829101562,2656600,0.0,0.0
2024-11-05 00:00:00-05:00,535.5341722978878,545.5679657867706,531.8122494376958,543.9276733398438,2608100,0.0,0.0
2024-11-06 00:00:00-05:00,579.2954772827356,580.8302654649281,566.7771233187883,572.3792114257812,6591300,0.0,0.0
2024-11-07 00:00:00-05:00,574.2977598652795,582.883124478526,571.8612673812526,580.7823486328125,5254300,0.0,0.0
2024-11-08 00:00:00-05:00,584.1877959222874,594.5477648299426,580.5426292666125,590.7203369140625,3875800,0.0,0.0
2024-11-11 00:00:00-05:00,591.7658596239486,605.0323461037261,588.9072330191773,599.775634765625,3003200,0.0,0.0
2024-11-12 00:00:00-05:00,594.3366339175891,599.0369593971249,588.7729534783339,589.6266479492188,2809400,0.0,0.0
2024-11-13 00:00:00-05:00,588.0247512384434,588.0343531796206,578.4897309074198,581.1852416992188,3409400,0.0,0.0
2024-11-14 00:00:00-05:00,578.8925446792239,581.3098916771368,564.9929165380566,568.9834594726562,3079200,0.0,0.0
2024-11-15 00:00:00-05:00,567.8035237136426,574.5279262699136,565.9138150720325,568.1008911132812,3423900,0.0,0.0
2024-11-18 00:00:00-05:00,565.4246335194365,569.9331546050269,561.4724980695369,565.6260986328125,2577100,0.0,0.0
2024-11-19 00:00:00-05:00,558.9783170210582,562.930510475644,553.270783626589,553.4913940429688,3198300,0.0,0.0
2024-11-20 00:00:00-05:00,558.968830649979,578.086821212645,557.856059418177,576.0339965820312,3928600,0.0,0.0
2024-11-21 00:00:00-05:00,575.5542902253445,579.3913188268468,572.4175006081252,573.1465454101562,2722900,0.0,0.0
2024-11-22 00:00:00-05:00,574.1730780953073,576.7630846545985,564.686008835312,566.79638671875,3197900,0.0,0.0
2024-11-25 00:00:00-05:00,573.2329780770041,584.9934816216629,570.767679857502,581.1468505859375,5146200,0.0,0.0
2024-11-26 00:00:00-05:00,583.458622716052,583.679233148945,574.479988871604,582.0676879882812,2693600,0.0,0.0
2024-11-27 00:00:00-05:00,586.1350730895588,592.2934891605468,581.9814721833069,583.593017578125,2269800,0.0,0.0
2024-11-29 00:00:00-05:00,583.9958225359595,590.6914781882969,581.9046486835576,585.3388061523438,2010800,0.0,0.0
2024-12-02 00:00:00-05:00,588.9840064064243,588.9840064064243,576.2930505413378,583.727294921875,3364900,0.0,0.0
2024-12-03 00:00:00-05:00,585.9623105171601,590.6626948046447,580.1780193225952,580.5712890625,2329900,0.0,0.0
2024-12-04 00:00:00-05:00,586.1253931050838,597.4542190687752,582.2403543410501,585.9047241210938,4147600,0.0,0.0
2024-12-05 00:00:00-05:00,580.9645347584743,584.1780229043428,550.5081191775307,555.381103515625,5943700,0.0,0.0
2024-12-06 00:00:00-05:00,558.3932498900633,558.3932498900633,521.9702785054657,527.2269897460938,13003600,0.0,0.0
2024-12-09 00:00:00-05:00,531.5409231243573,542.1139465921956,524.453724921547,539.8414306640625,7684700,2.1,0.0
2024-12-10 00:00:00-05:00,541.1703564323952,546.7072417517659,536.384589854337,544.2421264648438,5360600,0.0,0.0
2024-12-11 00:00:00-05:00,535.0652219343982,537.4147891354388,512.9273231805754,513.7554931640625,10363000,0.0,0.0
2024-12-12 00:00:00-05:00,511.8296932584886,514.2081183288656,495.13234760095565,496.6441650390625,9403800,0.0,0.0
2024-12-13 00:00:00-05:00,496.52859864755936,507.97792791521283,491.7909380642051,501.1891784667969,8202900,0.0,0.0
2024-12-16 00:00:00-05:00,498.80115897007425,502.36403614588625,477.6935757608204,480.0238952636719,8880000,0.0,0.0
2024-12-17 00:00:00-05:00,468.9500895030202,477.2313495275996,458.1844661643123,467.5249328613281,14132700,0.0,0.0
2024-12-18 00:00:00-05:00,470.3270773777629,487.7658730347115,467.9871486870852,481.1986389160156,10147600,0.0,0.0
2024-12-19 00:00:00-05:00,481.603123375475,484.98301084564815,468.21828117780865,471.1167297363281,7418100,0.0,0.0
2024-12-20 00:00:00-05:00,471.1552165090232,484.0104248849392,470.6159744105622,481.59344482421875,10956900,0.0,0.0
2024-12-23 00:00:00-05:00,482.2000998679191,489.92284015850703,480.5534572648544,487.5732727050781,4286000,0.0,0.0
2024-12-24 00:00:00-05:00,485.7051592996193,487.3421630859375,482.03637362650187,487.3421630859375,1824400,0.0,0.0
2024-12-26 00:00:00-05:00,486.90883581715934,493.23530629452677,486.0229506927395,492.2049865722656,3387000,0.0,0.0
2024-12-27 00:00:00-05:00,490.5391306998208,494.1597520008485,488.97914886628007,491.0879821777344,3471800,0.0,0.0
2024-12-30 00:00:00-05:00,488.07399380814104,490.8376463243684,482.1038049746117,488.9791564941406,5408600,0.0,0.0
2024-12-31 00:00:00-05:00,490.47172190141004,492.06056128069343,484.6844640176999,487.1110534667969,4214000,0.0,0.0
2025-01-02 00:00:00-05:00,489.17173512550124,493.12938997936783,484.6363125024563,485.81109619140625,4234900,0.0,0.0
2025-01-03 00:00:00-05:00,487.58286777056287,497.15442886024164,486.6488182569253,493.98638916015625,3019500,0.0,0.0
2025-01-06 00:00:00-05:00,493.9864102992775,501.01583479260535,490.9242793700627,494.6315612792969,4444800,0.0,0.0
2025-01-07 00:00:00-05:00,499.61957837483317,500.24551060759563,492.2723975812633,495.1900939941406,3914500,0.0,0.0
2025-01-08 00:00:00-05:00,495.4308253127627,505.2238729835021,490.6257816196256,505.0794677734375,4141700,0.0,0.0
2025-01-10 00:00:00-05:00,507.1209024999974,515.6043708819419,499.2536688227818,501.39141845703125,5467500,0.0,0.0
2025-01-13 00:00:00-05:00,515.2094875580235,527.1114265282164,513.3799436005152,521.0834350585938,6472500,0.0,0.0
2025-01-14 00:00:00-05:00,519.6487196900669,524.3670734029969,516.6635811961091,523.5870971679688,3978300,0.0,0.0
2025-01-15 00:00:00-05:00,517.1931046723931,526.0424923295654,514.525810873235,523.2788696289062,4103900,0.0,0.0
2025-01-16 00:00:00-05:00,510.6933144076471,519.8316305382002,491.09758147937606,491.66571044921875,9059900,0.0,0.0
2025-01-17 00:00:00-05:00,486.8799449264382,502.4795278688393,484.1644569632109,490.86651611328125,7495700,0.0,0.0
2025-01-21 00:00:00-05:00,494.9974556217826,505.5416211897641,493.8130626309186,505.531982421875,5682100,0.0,0.0
2025-01-22 00:00:00-05:00,502.3254662437891,505.0024581247384,496.87527110687705,500.4573669433594,3756100,0.0,0.0
2025-01-23 00:00:00-05:00,508.30531524681885,511.781502109372,500.0722194454623,510.1349182128906,4580800,0.0,0.0
2025-01-24 00:00:00-05:00,508.53637139972756,514.814736069674,505.06982357374477,512.7733154296875,3671200,0.0,0.0
2025-01-27 00:00:00-05:00,519.9664114536503,531.4542363817326,519.9664114536503,523.375244140625,4263000,0.0,0.0
2025-01-28 00:00:00-05:00,522.8841027635708,526.2447413881561,517.9057380434676,522.3737182617188,3162700,0.0,0.0
2025-01-29 00:00:00-05:00,521.6516537136645,523.3367928547713,514.217810970788,518.1561889648438,2737600,0.0,0.0
2025-01-30 00:00:00-05:00,519.4753559405915,526.8322053380022,515.1710577439311,525.3493041992188,2924700,0.0,0.0
2025-01-31 00:00:00-05:00,523.1055641213613,528.8061311920404,521.3433740408383,522.3833618164062,4120500,0.0,0.0
2025-02-03 00:00:00-05:00,521.9116080255365,533.3801564303395,521.0160840903538,527.862548828125,4083600,0.0,0.0
2025-02-04 00:00:00-05:00,524.9930915127583,528.4692788341057,521.4398528003059,525.2338256835938,2869900,0.0,0.0
2025-02-05 00:00:00-05:00,511.059314765079,520.659823076013,502.5662070356889,519.8027954101562,4621600,0.0,0.0
2025-02-06 00:00:00-05:00,517.9538612032514,519.1189766030843,505.80160884440124,510.394775390625,3926800,0.0,0.0
2025-02-07 00:00:00-05:00,509.58607702954123,512.6578472342534,505.9172908152727,507.49652099609375,3349100,0.0,0.0
2025-02-10 00:00:00-05:00,508.11263019810576,514.3620779869708,503.98165422910347,513.6013793945312,3143100,0.0,0.0
2025-02-11 00:00:00-05:00,515.171030362682,527.2462329815083,508.69048648902475,514.1310424804688,2631900,0.0,0.0
2025-02-12 00:00:00-05:00,519.8412343045003,522.2485755002663,506.0327581184549,507.85272216796875,3859200,0.0,0.0
2025-02-13 00:00:00-05:00,511.22299258036804,514.5258576012859,507.56378699639833,511.4925842285156,2835100,0.0,0.0
2025-02-14 00:00:00-05:00,509.39344596387537,513.4377913159169,503.5291363874675,504.10693359375,3705300,0.0,0.0
2025-02-18 00:00:00-05:00,492.0027770376086,496.8752333705166,478.5794398936952,482.17120361328125,8759300,0.0,0.0
2025-02-19 00:00:00-05:00,482.74895574852115,492.8886761939209,479.686824647971,492.0990905761719,4380300,0.0,0.0
2025-02-20 00:00:00-05:00,486.46590759141816,489.5858125426951,481.69936001675325,483.798583984375,4144300,0.0,0.0
2025-02-21 00:00:00-05:00,423.25877280218174,452.2913349403988,422.2477011219374,449.1329040527344,19864900,0.0,0.0
2025-02-24 00:00:00-05:00,449.383215277445,450.6542985569018,440.06199666774387,444.4144592285156,6919300,0.0,0.0
2025-02-25 00:00:00-05:00,443.6922702902772,453.31202655341684,433.38886668098314,452.94610595703125,9101000,0.0,0.0
2025-02-26 00:00:00-05:00,447.4284251515861,455.51708562668824,441.217502548601,446.40771484375,5108400,0.0,0.0
2025-02-27 00:00:00-05:00,448.89213943263456,457.7800248825658,447.7847389033032,451.19354248046875,4216800,0.0,0.0
2025-02-28 00:00:00-05:00,449.69138674496446,458.7044591061137,447.2647971215379,457.3563537597656,6146300,0.0,0.0
2025-03-03 00:00:00-05:00,456.78820452101087,459.5807146264819,447.96770223526414,449.739501953125,5700200,0.0,0.0
2025-03-04 00:00:00-05:00,452.33942973324366,461.44880097341695,449.17136035798563,457.019287109375,5864100,0.0,0.0
2025-03-05 00:00:00-05:00,453.61050969453044,461.32361117171365,453.55273585473805,458.3385314941406,3637100,0.0,0.0
2025-03-06 00:00:00-05:00,458.35778487635383,470.0285708314511,454.5060387849559,469.6434020996094,4964000,0.0,0.0
2025-03-07 00:00:00-05:00,465.89758014784377,481.3912551670068,465.454637561073,475.18994140625,5434100,0.0,0.0
2025-03-10 00:00:00-04:00,476.0602870797816,481.44677300726056,461.9703344375419,464.39764404296875,5108900,2.1,0.0
2025-03-11 00:00:00-04:00,466.60247687526225,470.7317772897896,461.4190935777406,470.0258483886719,4101000,0.0,0.0
2025-03-12 00:00:00-04:00,467.221383073096,471.5344254892827,463.0437125516921,465.25823974609375,3680800,0.0,0.0
2025-03-13 00:00:00-04:00,463.65294953057736,468.1110437033266,459.349557659255,465.65472412109375,2876600,0.0,0.0
2025-03-14 00:00:00-04:00,465.1518951656696,473.3234943180056,462.48282287220553,472.5498352050781,3915900,0.0,0.0
2025-03-17 00:00:00-04:00,471.4474099004604,484.1157642645455,469.93881152562165,482.5781555175781,5152300,0.0,0.0
2025-03-18 00:00:00-04:00,485.6920851511796,489.2991989788561,481.4177327345897,487.20068359375,3617600,0.0,0.0
2025-03-19 00:00:00-04:00,488.39982456115075,489.6666599939238,483.5838962170918,486.6204528808594,3317600,0.0,0.0
2025-03-20 00:00:00-04:00,488.60290091282957,497.44176815006324,486.92024029714304,494.45355224609375,4965400,0.0,0.0
2025-03-21 00:00:00-04:00,494.82106784916925,501.8998942498113,488.4481999010114,499.8207092285156,10244900,0.0,0.0
2025-03-24 00:00:00-04:00,498.10907221777006,501.1746099865333,494.27952572923346,499.4822692871094,3840900,0.0,0.0
2025-03-25 00:00:00-04:00,501.2036338483094,501.8998828107865,494.6760047042984,496.5133972167969,3015100,0.0,0.0
2025-03-26 00:00:00-04:00,498.22509584006315,505.7197472400497,495.95248871073414,501.1262512207031,3253800,0.0,0.0
2025-03-27 00:00:00-04:00,499.27916241077554,503.91137839950665,496.04924238866363,498.7279357910156,2822200,0.0,0.0
2025-03-28 00:00:00-04:00,499.84005354497594,503.8146222326559,498.0800122057926,499.0373840332031,2379100,0.0,0.0
2025-03-31 00:00:00-04:00,502.0739136477288,510.7193585360107,501.50338617652153,506.49334716796875,5238700,0.0,0.0
2025-04-01 00:00:00-04:00,508.41776503874496,510.76769365028247,503.7856085193956,505.88409423828125,2962500,0.0,0.0
2025-04-02 00:00:00-04:00,505.71972387918737,507.7021681595509,499.7723320139422,505.96148681640625,2378900,0.0,0.0
2025-04-03 00:00:00-04:00,512.5277806416825,530.4279191341781,511.850832568129,522.6334838867188,6457900,0.0,0.0
2025-04-04 00:00:00-04:00,522.826850403371,533.5611007694373,507.54744519770713,507.75048828125,9919000,0.0,0.0
2025-04-07 00:00:00-04:00,496.48434586876306,511.763750292398,486.99754193276584,507.4120178222656,7356700,0.0,0.0
2025-04-08 00:00:00-04:00,562.9884967836524,565.73494970483,529.4221685543281,534.8569946289062,11762300,0.0,0.0
2025-04-09 00:00:00-04:00,541.6844557590055,569.9804032915944,536.1916081479902,559.4395141601562,12691900,0.0,0.0
2025-04-10 00:00:00-04:00,561.1221262689903,582.0491413599677,560.890043281153,574.8156127929688,8646000,0.0,0.0
2025-04-11 00:00:00-04:00,569.5161213212456,586.3815068311443,567.2049124109151,579.718505859375,6121500,0.0,0.0
2025-04-14 00:00:00-04:00,575.3958006073989,576.0050479417391,560.2033961191361,567.7174072265625,4839300,0.0,0.0
2025-04-15 00:00:00-04:00,572.7267175736165,573.3262849352159,562.8337970830722,564.3617553710938,3871300,0.0,0.0
2025-04-16 00:00:00-04:00,566.0347798927083,575.2120922454072,563.752551757148,565.7639770507812,4192100,0.0,0.0
2025-04-17 00:00:00-04:00,466.07063684565765,473.65231957938204,432.36887498790867,439.14788818359375,29120200,0.0,0.0
2025-04-21 00:00:00-04:00,434.94122963760134,438.5579939475705,410.81327527710954,411.3161315917969,13029900,0.0,0.0
2025-04-22 00:00:00-04:00,410.64887335358304,417.2828342585003,403.37662523381647,413.10516357421875,10156900,0.0,0.0
2025-04-23 00:00:00-04:00,412.99880582511463,424.39067447670425,409.78818687103757,413.8594665527344,8345700,0.0,0.0
2025-04-24 00:00:00-04:00,413.4823783494326,415.7355962387129,409.69152200428147,410.2717590332031,7629100,0.0,0.0
2025-04-25 00:00:00-04:00,409.6044665629202,409.6044665629202,398.4446802955204,404.8465881347656,9263800,0.0,0.0
2025-04-28 00:00:00-04:00,405.91998022170293,410.1459917322156,401.85835098523114,406.1617431640625,6614300,0.0,0.0
2025-04-29 00:00:00-04:00,407.3125436325536,407.85409027111746,395.6208910948618,395.7466125488281,9909100,0.0,0.0
2025-04-30 00:00:00-04:00,395.5532210563757,399.64386104791527,387.78779580221607,397.8838195800781,9192800,0.0,0.0
2025-05-01 00:00:00-04:00,397.7677158287574,398.415623946699,386.6852820004955,387.478271484375,9316800,0.0,0.0
2025-05-02 00:00:00-04:00,386.7820079891054,388.75480181393084,380.15769762792024,386.74334716796875,11392900,0.0,0.0
2025-05-05 00:00:00-04:00,385.96970201048,396.20112637756483,384.49011396641765,391.47222900390625,8157200,0.0,0.0
2025-05-06 00:00:00-04:00,389.52843446671955,391.3851868185713,380.45751380992533,381.5115966796875,7858600,0.0,0.0
2025-05-07 00:00:00-04:00,382.32392280385983,382.48830507783794,372.9918791347592,378.1752624511719,8517200,0.0,0.0
2025-05-08 00:00:00-04:00,377.15019398114663,378.0398946035448,372.6727395204123,372.8468017578125,7218300,0.0,0.0
2025-05-09 00:00:00-04:00,372.96287154920515,373.8138523221996,366.06778766228564,368.0986022949219,8381100,0.0,0.0
2025-05-12 00:00:00-04:00,368.4467099029239,374.45209289544044,364.4237711562354,366.2708435058594,11004800,0.0,0.0
2025-05-13 00:00:00-04:00,324.6779082219895,330.7316609332275,298.9156678745219,301.12054443359375,59478300,0.0,0.0
2025-05-14 00:00:00-04:00,310.85877995823597,312.2996775436098,296.9912326458149,297.8616027832031,40029600,0.0,0.0
2025-05-15 00:00:00-04:00,265.84250505515826,267.53484552142146,240.67983057540926,265.3106384277344,121849200,0.0,0.0
2025-05-16 00:00:00-04:00,270.0878952104499,284.7870643040033,260.27232571627866,282.2920837402344,71094300,0.0,0.0
2025-05-19 00:00:00-04:00,294.7283542676769,305.8688094304866,287.4561356569032,305.48199462890625,62524700,0.0,0.0
2025-05-20 00:00:00-04:00,310.3462384139784,313.9436718473426,302.281001424796,310.9844665527344,41487000,0.0,0.0
2025-05-21 00:00:00-04:00,291.0825719131725,299.74734718581095,290.1832208835153,292.9973449707031,45506900,0.0,0.0
2025-05-22 00:00:00-04:00,284.20686091226094,295.59872966499546,282.8626447764148,286.895263671875,27159600,0.0,0.0
2025-05-23 00:00:00-04:00,286.3440487333716,289.8254411747657,282.0310058956864,285.8315124511719,16873600,0.0,0.0
2025-05-27 00:00:00-04:00,289.63200642213985,290.0671915254351,279.60368424391345,285.2802734375,20144600,0.0,0.0
2025-05-28 00:00:00-04:00,284.3132122662428,293.7709771264531,283.6169338312301,288.28778076171875,16114200,0.0,0.0
2025-05-29 00:00:00-04:00,287.0209699221844,293.3841874589347,285.28028844160985,288.3458557128906,16221100,0.0,0.0
2025-05-30 00:00:00-04:00,288.1523993490038,295.56969895361647,286.0925744837722,291.96258544921875,16309300,0.0,0.0
2025-06-02 00:00:00-04:00,293.13273442398184,303.21907753009026,291.05357897391764,294.6800231933594,19074400,0.0,0.0
2025-06-03 00:00:00-04:00,293.1134112566389,295.64708229197464,290.1252246874169,291.29534912109375,12805700,0.0,0.0
2025-06-04 00:00:00-04:00,293.53891953828514,297.5038379274478,290.3089699807752,290.4830322265625,11255600,0.0,0.0
2025-06-05 00:00:00-04:00,290.48304459005874,292.4558386625198,284.41961049501236,286.0926208496094,13529000,0.0,0.0
2025-06-06 00:00:00-04:00,287.43680064656314,294.36089467874035,287.3594199802387,293.22943115234375,12589000,0.0,0.0
2025-06-09 00:00:00-04:00,294.9895219006205,297.27175023476826,291.2180253666836,293.2004699707031,12170300,0.0,0.0
2025-06-10 00:00:00-04:00,293.79029009707625,295.06680540416954,290.68606245161885,293.7806396484375,11384100,0.0,0.0
2025-06-11 00:00:00-04:00,292.7072629990446,301.31401903573646,292.272107349822,300.32763671875,14711400,0.0,0.0
2025-06-12 00:00:00-04:00,301.13993797590155,308.29611571092784,298.3451734962091,308.0060119628906,15957200,0.0,0.0
2025-06-13 00:00:00-04:00,305.49164550124414,306.9615830661931,301.63311841740847,303.1997375488281,13762400,0.0,0.0
2025-06-16 00:00:00-04:00,304.8359351372026,305.09888195336697,296.8400871414289,299.6352233886719,14240100,2.21,0.0
2025-06-17 00:00:00-04:00,299.4307145369339,301.86550639453924,297.5510326344616,300.81365966796875,11593900,0.0,0.0
2025-06-18 00:00:00-04:00,299.52807241319425,303.65749947621657,298.24252494378794,299.1872253417969,12205600,0.0,0.0
2025-06-20 00:00:00-04:00,301.42722561766743,301.514874556104,293.7235407760027,294.1325988769531,16177900,0.0,0.0
2025-06-23 00:00:00-04:00,294.02545989331065,294.5805995721258,287.81186629372377,292.8372802734375,12274700,0.0,0.0
2025-06-24 00:00:00-04:00,293.58719112553393,297.843202204433,291.52246282558116,297.6484069824219,8781400,0.0,0.0
2025-06-25 00:00:00-04:00,296.44076227488523,296.44076227488523,291.9802072595582,294.1423034667969,8722100,0.0,0.0
2025-06-26 00:00:00-04:00,294.6779701085044,298.7099696141785,293.43135797612473,294.7266540527344,6532700,0.0,0.0
2025-06-27 00:00:00-04:00,295.0480628350502,302.35243775532797,294.3176253430224,301.04736328125,15304400,0.0,0.0
2025-06-30 00:00:00-04:00,300.94026040062283,304.2321036031761,298.3496384111671,303.8327941894531,10074100,0.0,0.0
2025-07-01 00:00:00-04:00,303.83279640669696,318.0324889235734,302.9659962707237,317.6332092285156,17865500,0.0,0.0
2025-07-02 00:00:00-04:00,312.3740577948609,314.01026056993635,298.4373110825284,299.537841796875,18177200,0.0,0.0
2025-07-03 00:00:00-04:00,301.7583751433657,304.10551817771625,300.1903833752458,300.50201416015625,6161100,0.0,0.0
2025-07-07 00:00:00-04:00,299.9663495736371,300.5604245061098,293.34372777038345,295.7882385253906,9031200,0.0,0.0
2025-07-08 00:00:00-04:00,296.2947020418024,300.2585206056943,295.8758952530363,299.6741943359375,9613800,0.0,0.0
2025-07-09 00:00:00-04:00,295.28178970977297,295.6810991004532,290.9575974321349,295.00909423828125,12816700,0.0,0.0
2025-07-10 00:00:00-04:00,295.1552075109834,296.97642707577035,288.86371363583373,291.69781494140625,11355600,0.0,0.0
2025-07-11 00:00:00-04:00,292.194493820114,296.1875584556225,290.22719267690536,296.1680908203125,9808200,0.0,0.0
2025-07-14 00:00:00-04:00,293.7722165831461,296.1096104716127,291.20106250072973,292.7398376464844,10681400,0.0,0.0
2025-07-15 00:00:00-04:00,291.8925916122791,292.8372920835697,283.43900104291316,284.10125732421875,16019000,0.0,0.0
2025-07-16 00:00:00-04:00,284.9193029823791,288.2695786233296,283.166264907695,284.8608703613281,9714000,0.0,0.0
2025-07-17 00:00:00-04:00,284.7050476737463,285.3575849215391,276.4267559610054,280.5561828613281,14792700,0.0,0.0
2025-07-18 00:00:00-04:00,280.3809012411879,280.5561991191431,273.48555415915195,275.2775573730469,14979700,0.0,0.0
2025-07-21 00:00:00-04:00,277.215675643485,279.0271465168168,273.8653996740732,274.7808837890625,10319200,0.0,0.0
2025-07-22 00:00:00-04:00,275.25807936420296,279.62120712174084,274.6445070929045,277.69287109375,14600300,0.0,0.0
2025-07-23 00:00:00-04:00,280.00103912709983,285.0069850147208,277.5175635382558,284.88037109375,13111100,0.0,0.0
2025-07-24 00:00:00-04:00,275.7158435252399,281.6664607234498,270.9631249322917,271.313720703125,22585200,0.0,0.0
2025-07-25 00:00:00-04:00,273.670601797612,278.6765480683822,272.63825243902,273.7290344238281,16486600,0.0,0.0
2025-07-28 00:00:00-04:00,276.1053928992219,277.5662679939268,272.3947725363979,274.7613830566406,15779400,0.0,0.0
2025-07-29 00:00:00-04:00,258.7696760351364,265.7916070375065,253.75398131186483,254.26043701171875,41706000,0.0,0.0
2025-07-30 00:00:00-04:00,257.89315305276926,259.67543741529437,251.38739605525183,259.100830078125,22371800,0.0,0.0
2025-07-31 00:00:00-04:00,254.58181382832618,254.58181382832618,241.28785711045148,243.05064392089844,29606900,0.0,0.0
2025-08-01 00:00:00-04:00,244.07326304181245,244.9303144871565,228.48086213583068,231.56817626953125,39989200,0.0,0.0
2025-08-04 00:00:00-04:00,232.02593558103644,235.9313364611171,230.76957463139894,234.6944580078125,17427900,0.0,0.0
2025-08-05 00:00:00-04:00,234.8697576119316,245.49519249646224,233.78870946819526,244.45309448242188,23795900,0.0,0.0
2025-08-06 00:00:00-04:00,244.10248323446783,246.5567575010141,238.91150539464564,239.36924743652344,12946400,0.0,0.0
2025-08-07 00:00:00-04:00,239.99254694214704,242.26177459400063,233.25304528749007,238.28819274902344,11369900,0.0,0.0
2025-08-08 00:00:00-04:00,238.40506465525084,244.53100907684876,237.9960214207692,244.34596252441406,10185700,0.0,0.0
2025-08-11 00:00:00-04:00,247.24822856973847,251.66007004429798,245.56335683501533,245.787353515625,11779500,0.0,0.0
2025-08-12 00:00:00-04:00,247.39431690942763,256.023219208256,247.0534401302882,254.7473907470703,12171800,0.0,0.0
2025-08-13 00:00:00-04:00,257.49386083864647,265.09039951268255,256.032985730441,264.7203063964844,19480300,0.0,0.0
2025-08-14 00:00:00-04:00,265.002735002078,266.70708919484196,260.0357539817072,264.40863037109375,25011100,0.0,0.0
2025-08-15 00:00:00-04:00,293.84041795031777,302.206359369574,287.02300061610106,296.0804443359375,68198500,0.0,0.0
2025-08-18 00:00:00-04:00,305.0112449986687,308.14725816743027,299.40150464902877,300.4435729980469,39600500,0.0,0.0
2025-08-19 00:00:00-04:00,300.8428683153138,302.40114100878935,291.4056129379895,296.3044128417969,22348600,0.0,0.0
2025-08-20 00:00:00-04:00,298.40805589123585,299.1872070449018,287.9871655595596,292.0191650390625,16679000,0.0,0.0
2025-08-21 00:00:00-04:00,294.40527279782094,298.5736348758748,290.03236682349,295.4376220703125,13359000,0.0,0.0
2025-08-22 00:00:00-04:00,298.11588167577366,302.57640669318397,296.6355093997609,299.4014587402344,14930000,0.0,0.0
2025-08-25 00:00:00-04:00,300.4435869326935,300.81368007561,294.8338463228724,296.90826416015625,8917100,0.0,0.0
2025-08-26 00:00:00-04:00,296.37258198469374,300.90128859430416,286.52629863380554,292.5937805175781,16303200,0.0,0.0
2025-08-27 00:00:00-04:00,292.7009183419864,297.9892786188307,292.6619533539408,295.95379638671875,9982800,0.0,0.0
2025-08-28 00:00:00-04:00,296.3141417558576,296.52840460843896,291.5906400432071,294.4052734375,11235000,0.0,0.0
2025-08-29 00:00:00-04:00,294.41501048718345,301.91418106683005,293.0612817111696,301.7875671386719,12065400,0.0,0.0
2025-09-02 00:00:00-04:00,300.2682736972622,304.7288290991673,299.2846082594135,300.7454833984375,10957100,0.0,0.0
2025-09-03 00:00:00-04:00,300.0734385901907,301.51484590229705,295.7784924070608,299.8494567871094,9654600,0.0,0.0
2025-09-04 00:00:00-04:00,298.11590893739424,303.77436260798476,296.1680755300563,302.2842712402344,7725700,0.0,0.0
2025-09-05 00:00:00-04:00,302.34270514413464,309.64708045256157,300.1611412295898,307.1636047363281,14126700,0.0,0.0
2025-09-08 00:00:00-04:00,311.3708967335557,313.2602974904627,305.61504552729724,311.8968200683594,18438600,0.0,0.0
2025-09-09 00:00:00-04:00,323.8273141699113,342.5362463146478,318.6266023750954,338.8451232910156,46408900,0.0,0.0
2025-09-10 00:00:00-04:00,336.54665319825267,339.4781519824642,332.49515615094765,337.7348327636719,17804300,0.0,0.0
2025-09-11 00:00:00-04:00,339.89691615463136,351.56444850348964,336.81933592601155,344.38665771484375,18943500,0.0,0.0
2025-09-12 00:00:00-04:00,346.6169614598537,352.8597713233265,343.2666855000246,343.3153991699219,14016200,0.0,0.0
2025-09-15 00:00:00-04:00,344.2562617205344,344.6972712574788,335.7003177947291,340.9534606933594,11035900,2.21,0.0
2025-09-16 00:00:00-04:00,340.57119910514825,342.0805014268064,331.5742462609258,333.005126953125,12695800,0.0,0.0
2025-09-17 00:00:00-04:00,330.9568525731296,336.1609748937723,330.9568525731296,334.7986755371094,8467700,0.0,0.0
2025-09-18 00:00:00-04:00,336.6803662104043,338.05244567780335,327.45798828050584,328.14404296875,11255600,0.0,0.0
2025-09-19 00:00:00-04:00,329.7905316198508,334.16159537316497,327.18356573028825,329.97674560546875,13656800,0.0,0.0
2025-09-22 00:00:00-04:00,327.7911982671105,335.6513067387905,325.9682991379935,334.49481201171875,8903700,0.0,0.0
2025-09-23 00:00:00-04:00,334.2008052062361,345.66753101419107,333.1815333788629,340.7574157714844,12504100,0.0,0.0
2025-09-24 00:00:00-04:00,343.2174040946968,347.4316547985749,340.904444380264,344.7952880859375,9016300,0.0,0.0
2025-09-25 00:00:00-04:00,341.9432916493518,343.2075787683629,336.7489800892123,338.6698913574219,8104900,0.0,0.0
2025-09-26 00:00:00-04:00,340.99260101141846,342.9919337348455,334.49479209209557,337.2193603515625,6774700,0.0,0.0
2025-09-29 00:00:00-04:00,337.1213995584671,338.6600726249961,334.6418463806178,338.2974548339844,6878900,0.0,0.0
2025-09-30 00:00:00-04:00,336.8959869118207,342.3549341542898,335.50428705679644,338.4150695800781,7429700,0.0,0.0
2025-10-01 00:00:00-04:00,337.042992446128,341.74730347810174,334.8182646079004,341.3552551269531,8825500,0.0,0.0
2025-10-02 00:00:00-04:00,340.36542025529764,348.00007452066336,337.77804465223784,346.6672058105469,8564200,0.0,0.0
2025-10-03 00:00:00-04:00,350.12681328377096,360.6624696666976,349.49955984972655,353.01800537109375,13494800,0.0,0.0
2025-10-06 00:00:00-04:00,353.8314330983794,355.2917144647868,349.98958069389806,351.6164855957031,7181700,0.0,0.0
2025-10-07 00:00:00-04:00,352.24373721828493,357.4478588776738,350.9206488503359,356.40899658203125,7236200,0.0,0.0
2025-10-08 00:00:00-04:00,359.613786634634,367.16026853084173,358.50631288504906,362.544189453125,9438300,0.0,0.0
2025-10-09 00:00:00-04:00,365.0923241938757,368.71856196916235,358.7807287668154,360.358642578125,8759800,0.0,0.0
2025-10-10 00:00:00-04:00,362.0345124206696,362.0345124206696,345.481298369123,347.4316101074219,13141900,0.0,0.0
2025-10-13 00:00:00-04:00,347.6668450586018,351.9987280315978,346.27517512568846,351.5086975097656,5659400,0.0,0.0
2025-10-14 00:00:00-04:00,347.8726721794402,355.1054974076654,346.35355964789164,352.75335693359375,5974800,0.0,0.0
2025-10-15 00:00:00-04:00,352.224118197926,356.9577994132716,348.7546940700243,353.9490051269531,6579600,0.0,0.0
2025-10-16 00:00:00-04:00,354.62527889422057,354.7820922478407,347.3336224508748,349.5583801269531,5872100,0.0,0.0
2025-10-17 00:00:00-04:00,344.0014287463771,351.2440942663747,343.83480520778255,349.4897766113281,8608400,0.0,0.0
2025-10-20 00:00:00-04:00,351.3911117321571,358.2809400014152,350.3816500053927,357.2126770019531,5996500,0.0,0.0
2025-10-21 00:00:00-04:00,357.85950500338544,363.6516394702736,354.2920684364863,358.08489990234375,6885300,0.0,0.0
2025-10-22 00:00:00-04:00,356.7029783280342,356.74218914094564,350.8618233858751,354.2822265625,7833000,0.0,0.0
2025-10-23 00:00:00-04:00,348.4900782801277,355.05649896373836,346.58878745070496,353.26300048828125,5756700,0.0,0.0
2025-10-24 00:00:00-04:00,354.1646514889598,358.1339166267961,352.8513732909411,355.2721252441406,5462100,0.0,0.0
2025-10-27 00:00:00-04:00,356.2521771853968,358.91794432933744,354.194043082288,358.6827392578125,7766400,0.0,0.0
2025-10-28 00:00:00-04:00,373.0896257903608,373.4032524981995,351.4792920385495,360.5056457519531,18858700,0.0,0.0
2025-10-29 00:00:00-04:00,357.01662267617155,358.8493319750526,346.82399417826383,348.1764831542969,11874900,0.0,0.0
2025-10-30 00:00:00-04:00,340.5908266262187,347.47087476925253,336.7490038190758,337.8760681152344,11441900,0.0,0.0
2025-10-31 00:00:00-04:00,337.52322317661793,339.3755229195461,330.398160543053,334.7496337890625,8390800,0.0,0.0
2025-11-03 00:00:00-05:00,332.36810487769543,333.9068078868114,320.08794125774733,327.13458251953125,11181400,0.0,0.0
2025-11-04 00:00:00-05:00,321.09740415229965,329.79054081416064,320.6759850821896,324.23358154296875,9646600,0.0,0.0
2025-11-05 00:00:00-05:00,319.7939098851405,323.62595219451543,317.7553960532753,321.2052001953125,9697100,0.0,0.0
2025-11-06 00:00:00-05:00,322.36167136274133,325.7428638052234,315.04061463076283,315.1484069824219,7922100,0.0,0.0
2025-11-07 00:00:00-05:00,313.2863092733651,318.0787921089143,307.8959736628304,317.7455749511719,9402900,0.0,0.0
2025-11-10 00:00:00-05:00,313.60970588621075,317.78477526476075,310.8459566317771,315.1679992675781,9283800,0.0,0.0
2025-11-11 00:00:00-05:00,316.8537128676349,321.3227886847148,313.5019209593692,320.9209899902344,7157800,0.0,0.0
2025-11-12 00:00:00-05:00,321.9010364932658,336.3275351202159,320.55832784518265,332.2994689941406,10403300,0.0,0.0
2025-11-13 00:00:00-05:00,331.6036653013031,332.2700996432553,324.6844366173477,325.889892578125,7788700,0.0,0.0
2025-11-14 00:00:00-05:00,320.4309500487702,321.6658065479886,314.09973457010733,315.4424133300781,8676500,0.0,0.0
2025-11-17 00:00:00-05:00,314.2075720220705,321.34241512007077,313.06088745762,314.129150390625,6485400,0.0,0.0
2025-11-18 00:00:00-05:00,310.6891466030926,311.16936692129127,302.61342363993174,307.3275146484375,9182100,0.0,0.0
2025-11-19 00:00:00-05:00,307.67052383301655,308.7191962173961,298.4579569753306,302.9270324707031,8181100,0.0,0.0
2025-11-20 00:00:00-05:00,304.61276124553154,308.4742040318584,303.8189142172394,305.3282165527344,7337600,0.0,0.0
2025-11-21 00:00:00-05:00,305.69085891391086,317.3829805678444,305.23022900412775,313.59014892578125,8406300,0.0,0.0
2025-11-24 00:00:00-05:00,318.0592531062754,319.35294104025695,311.2870267728116,312.6885070800781,10773800,0.0,0.0
2025-11-25 00:00:00-05:00,314.71717379952673,321.45999805640776,314.50155918983273,319.7742919921875,6149100,0.0,0.0
2025-11-26 00:00:00-05:00,320.07813955631997,328.50667069521734,319.3921147564304,323.13592529296875,5504200,0.0,0.0
2025-11-28 00:00:00-05:00,325.05687265152045,325.43908092127253,322.3323040363653,323.1947326660156,2464500,0.0,0.0
2025-12-01 00:00:00-05:00,320.6367557882569,323.4789266660114,316.58909913037786,316.7655029296875,6154600,0.0,0.0
2025-12-02 00:00:00-05:00,316.92234613997925,322.1460884369951,316.3637041471038,318.06903076171875,7978100,0.0,0.0
2025-12-03 00:00:00-05:00,319.4998951185618,334.60263914868636,318.529644271779,332.9365234375,9770000,0.0,0.0
2025-12-04 00:00:00-05:00,332.63270997198805,334.4556390535126,322.16566527513515,326.8405456542969,8061600,0.0,0.0
2025-12-05 00:00:00-05:00,328.3204578992349,329.0162928832224,321.9598711365138,324.31201171875,5906000,0.0,0.0
2025-12-08 00:00:00-05:00,324.3120056919803,324.7066598386667,318.5203424234218,319.2998046875,4782800,2.21,0.0
2025-12-09 00:00:00-05:00,318.8459617269979,322.00322508793437,318.1750466501944,319.28009033203125,4628400,0.0,0.0
2025-12-10 00:00:00-05:00,318.44144868860934,324.341629514822,315.33350563746524,323.9864196777344,5910500,0.0,0.0
2025-12-11 00:00:00-05:00,325.9596900029746,334.72115043100086,324.3711973012736,332.23480224609375,7513200,0.0,0.0
2025-12-12 00:00:00-05:00,332.9945516695081,340.3747084246943,332.8662822838281,337.276611328125,7979000,0.0,0.0
2025-12-15 00:00:00-05:00,336.4379310634787,340.35493459808333,332.50120535931967,336.5464782714844,6447200,0.0,0.0
2025-12-16 00:00:00-05:00,335.875584402924,336.43795231748607,326.61092153589937,329.7386169433594,6334000,0.0,0.0
2025-12-17 00:00:00-05:00,329.15646010386473,331.04096617925336,326.0682693196749,327.2029113769531,4685600,0.0,0.0
2025-12-18 00:00:00-05:00,324.5389537288393,325.77226689940477,320.2371718427956,323.759521484375,6354900,0.0,0.0
2025-12-19 00:00:00-05:00,323.6805434123363,330.1332457701224,321.71711865698285,323.0491027832031,10553000,0.0,0.0
2025-12-22 00:00:00-05:00,318.58943517385893,325.3973174895482,317.3561220691985,320.81927490234375,7872400,0.0,0.0
2025-12-23 00:00:00-05:00,319.6747419864576,323.42400160765817,319.4379555165406,320.46405029296875,4463300,0.0,0.0
2025-12-24 00:00:00-05:00,320.8587369294642,324.59812043868055,319.8030137263066,323.2069396972656,2842700,0.0,0.0
2025-12-26 00:00:00-05:00,322.8320412014528,327.4594342482506,321.90458736412984,327.40020751953125,4359300,0.0,0.0
2025-12-29 00:00:00-05:00,326.4727780063231,329.78790902637104,323.89760470487346,324.5487976074219,4346800,0.0,0.0
2025-12-30 00:00:00-05:00,325.3282766160162,331.66255589444074,325.11121230400323,327.725830078125,4432500,0.0,0.0
2025-12-31 00:00:00-05:00,327.88370534581946,328.8802018879278,325.47627568793376,325.70318603515625,4285200,0.0,0.0
2026-01-02 00:00:00-05:00,326.4826326508298,335.71769665499096,323.1280270938765,331.9092102050781,6863600,0.0,0.0
2026-01-05 00:00:00-05:00,330.97192221503246,342.3085268229226,329.3932753932535,337.4541931152344,7956600,0.0,0.0
2026-01-06 00:00:00-05:00,343.6996829189171,347.90279327098006,340.5127911940015,344.3114013671875,9441900,0.0,0.0
2026-01-07 00:00:00-05:00,344.3213032237757,345.4361929991165,333.52734431693204,337.13848876953125,7461400,0.0,0.0
2026-01-08 00:00:00-05:00,336.4576913463828,343.2556975271264,336.2504730653109,342.2197265625,5059300,0.0,0.0
2026-01-09 00:00:00-05:00,342.6143979299363,344.40023298765334,337.9080857224443,339.3880615234375,4129100,0.0,0.0
2026-01-12 00:00:00-05:00,336.86221099442224,338.0757717813934,329.48205476450516,335.96435546875,7146400,0.0,0.0
2026-01-13 00:00:00-05:00,336.9411188846722,337.27657641470313,328.4065987621919,329.47216796875,5605900,0.0,0.0
2026-01-14 00:00:00-05:00,330.8929641448377,335.56967774923123,329.639928884428,330.4884338378906,5740900,0.0,0.0
2026-01-15 00:00:00-05:00,330.72527303842884,334.9185378332558,323.6805737302307,334.43505859375,6943500,0.0,0.0
2026-01-16 00:00:00-05:00,330.38977807791053,331.7119162692861,326.01892350864483,326.6010437011719,8039100,0.0,0.0
2026-01-20 00:00:00-05:00,323.0293559592084,335.35264073207316,322.14137656345895,333.912109375,7596500,0.0,0.0
2026-01-21 00:00:00-05:00,334.8987575018528,343.4332779356386,334.168645798694,343.1076965332031,8933300,0.0,0.0
2026-01-22 00:00:00-05:00,342.54531596139657,350.2116096750548,342.14078564010657,349.7380065917969,7491400,0.0,0.0
2026-01-23 00:00:00-05:00,349.5505106781399,353.09258208371216,348.2777232015386,351.50408935546875,9082200,0.0,0.0
2026-01-26 00:00:00-05:00,349.2249303389971,350.05371308364437,342.6340826093485,346.9457702636719,10399500,0.0,0.0
2026-01-27 00:00:00-05:00,290.04562584533727,295.50180147620006,276.6567723884028,278.92608642578125,65836900,0.0,0.0
2026-01-28 00:00:00-05:00,279.9324825435024,291.0027024164021,279.9324825435024,290.094970703125,23396900,0.0,0.0
2026-01-29 00:00:00-05:00,290.4008067136846,291.65387202555553,285.3590374883647,288.3880615234375,13456400,0.0,0.0
2026-01-30 00:00:00-05:00,288.200605503728,289.03926441710115,280.8993981188336,283.099609375,12022200,0.0,0.0
2026-02-02 00:00:00-05:00,282.201779365365,286.52331359037186,278.5117159450099,281.77752685546875,8664200,0.0,0.0
2026-02-03 00:00:00-05:00,280.899399533992,284.2441289542904,274.88082567321817,280.3863220214844,10809100,0.0,0.0
2026-02-04 00:00:00-05:00,278.2453003524489,280.7020503139632,270.39154116696983,272.2366027832031,12944100,0.0,0.0
2026-02-05 00:00:00-05:00,270.6283598679102,273.19365705526934,262.73515628230206,264.9649658203125,13035300,0.0,0.0
2026-02-06 00:00:00-05:00,263.49487369356603,274.10136630983425,262.85355690624687,272.95684814453125,9572800,0.0,0.0
2026-02-09 00:00:00-05:00,270.49023538782427,276.4397368487514,269.6713287006126,272.0195617675781,10371600,0.0,0.0
2026-02-10 00:00:00-05:00,273.81524764104677,275.7589504136547,269.01026431799795,269.5726623535156,7284700,0.0,0.0
2026-02-11 00:00:00-05:00,268.8030465161297,275.9562621591264,266.19827491875816,275.1866760253906,6333100,0.0,0.0
2026-02-12 00:00:00-05:00,274.4467004687212,282.4878958393087,272.1280658242715,280.57379150390625,12336900,0.0,0.0
2026-02-13 00:00:00-05:00,281.81695692254965,289.5424162609187,280.71191329863694,289.2760314941406,10281900,0.0,0.0
2026-02-17 00:00:00-05:00,290.07523123064414,290.3021716729731,284.4907860910092,285.23077392578125,6091700,0.0,0.0
2026-02-18 00:00:00-05:00,286.1286505407075,286.25691992582074,282.46818554567625,284.3526916503906,6632000,0.0,0.0
2026-02-19 00:00:00-05:00,287.00677646545466,287.00677646545466,283.0601744920274,286.0595703125,4931800,0.0,0.0
2026-02-20 00:00:00-05:00,285.04331007061916,286.9179399107358,281.73802502847053,286.1286315917969,6974100,0.0,0.0
2026-02-23 00:00:00-05:00,284.6979833712643,287.8749991147026,277.90985337545374,278.5708923339844,7247500,0.0,0.0
2026-02-24 00:00:00-05:00,278.4327740747045,278.63008610216724,268.1715851207944,270.29290771484375,9684500,0.0,0.0
2026-02-25 00:00:00-05:00,273.5883087457124,280.93883645242494,273.17390231272435,280.40606689453125,11380600,0.0,0.0
2026-02-26 00:00:00-05:00,283.1489568057956,291.31842132234294,281.42231851936197,282.8332214355469,10210000,0.0,0.0
2026-02-27 00:00:00-05:00,280.899378965855,290.2034849465505,280.06072010966534,289.3549499511719,9723300,0.0,0.0
2026-03-02 00:00:00-05:00,284.31321524046825,291.36776038144785,283.6620222891216,290.9928283691406,8141400,0.0,0.0
2026-03-03 00:00:00-05:00,285.13211781491367,289.8187076809586,280.56392119101315,285.34918212890625,7051100,0.0,0.0
2026-03-04 00:00:00-05:00,285.15183838518783,290.4106717068518,283.83957650692196,288.06243896484375,7796000,0.0,0.0
2026-03-05 00:00:00-05:00,286.1779504316799,287.5000885291143,282.91213985723385,284.9150390625,5397900,0.0,0.0
2026-03-06 00:00:00-05:00,283.5041446062434,287.44087037641276,279.27140562669894,282.6556396484375,6816900,0.0,0.0
2026-03-09 00:00:00-04:00,280.39852614134315,283.5803655260448,277.0774975936055,283.550537109375,10348800,2.21,0.0
2026-03-10 00:00:00-04:00,285.74795833009716,285.9468043127463,277.3161057836816,280.736572265625,6075600,0.0,0.0
2026-03-11 00:00:00-04:00,280.7763694963311,284.59455850401093,279.00647932593364,283.63006591796875,6878800,0.0,0.0
2026-03-12 00:00:00-04:00,283.1627358622739,285.9269470548217,274.7209602020642,275.47662353515625,10512300,0.0,0.0
2026-03-13 00:00:00-04:00,276.48089418495215,281.2735286763525,276.2323139355343,280.4880065917969,4737600,0.0,0.0
2026-03-16 00:00:00-04:00,282.36727883683284,285.767839547621,279.44397276937343,283.8686828613281,4854000,0.0,0.0
2026-03-17 00:00:00-04:00,286.16556405202414,287.3488084380985,283.22238246669014,285.9368896484375,5752000,0.0,0.0
2026-03-18 00:00:00-04:00,283.5803557381978,286.7621646688093,281.4624471949345,282.71527099609375,4544100,0.0,0.0
2026-03-19 00:00:00-04:00,282.3871618979052,285.91698928392157,278.4794876796185,278.8473815917969,5542100,0.0,0.0
2026-03-20 00:00:00-04:00,277.40561834190976,281.4922936115716,273.43828708670907,274.0249328613281,38893000,0.0,0.0
2026-03-23 00:00:00-04:00,277.55476453204625,279.15560669620453,267.5618207785692,268.00927734375,10424200,0.0,0.0
2026-03-24 00:00:00-04:00,267.34306557553816,271.8274627132414,266.0703359894755,270.73370361328125,5911700,0.0,0.0
2026-03-25 00:00:00-04:00,273.43825962603756,274.5121128941823,265.5930528118823,269.0135192871094,8121200,0.0,0.0
2026-03-26 00:00:00-04:00,268.4567257080549,273.08034278207333,265.66268603579573,266.5277404785156,6218800,0.0,0.0
2026-03-27 00:00:00-04:00,265.98086412749376,266.1499120468286,254.516344356629,257.54901123046875,10735300,0.0,0.0
2026-03-30 00:00:00-04:00,258.70244155156036,260.84022572405274,255.21239532653578,260.3033142089844,7774700,0.0,0.0
2026-03-31 00:00:00-04:00,261.506421503485,270.33599678803927,261.11862175045525,269.0533142089844,9170800,0.0,0.0
2026-04-01 00:00:00-04:00,272.6527466700565,273.7365528939259,269.22235750517115,272.424072265625,5473400,0.0,0.0
2026-04-02 00:00:00-04:00,270.74367864614135,277.45534552157113,269.98798496185265,275.6854553222656,6407000,0.0,0.0
2026-04-06 00:00:00-04:00,276.3019282869355,281.6911311912249,275.6755011928929,279.76214599609375,7097000,0.0,0.0
2026-04-07 00:00:00-04:00,307.0960565749332,310.6557125153819,299.0420501528358,305.982421875,22099800,0.0,0.0
2026-04-08 00:00:00-04:00,310.22814137902384,311.1926339297742,303.09884670162427,304.2423400878906,9645000,0.0,0.0
2026-04-09 00:00:00-04:00,304.08324700425817,306.1414986993597,302.41279505356766,305.16705322265625,5742000,0.0,0.0
2026-04-10 00:00:00-04:00,306.20115193665987,308.607391668382,302.4724483346268,302.6016845703125,5212900,0.0,0.0
2026-04-13 00:00:00-04:00,301.5278433900291,311.5406631473035,301.199730811355,311.22247314453125,7972200,0.0,0.0
2026-04-14 00:00:00-04:00,310.7352487756957,317.8048561417646,310.7352487756957,312.40570068359375,5864500,0.0,0.0
2026-04-15 00:00:00-04:00,314.20541746552016,315.9554320324556,309.3829548311358,312.2664794921875,5041200,0.0,0.0
2026-04-16 00:00:00-04:00,313.2111061223722,316.80059026538316,311.33182492038935,314.6031494140625,5205600,0.0,0.0
2026-04-17 00:00:00-04:00,318.2324307180975,323.42278766287063,315.33898324917396,322.78643798828125,9414700,0.0,0.0
2026-04-20 00:00:00-04:00,322.3489342821542,323.5520542213801,318.3020404433487,321.6429748535156,9050600,0.0,0.0
2026-04-21 00:00:00-04:00,351.00526031661906,355.648722319699,343.26944427388656,344.0450134277344,26097300,0.0,0.0
2026-04-22 00:00:00-04:00,348.8873678788304,356.52374610698536,347.11747765911315,351.5123596191406,11807300,0.0,0.0
2026-04-23 00:00:00-04:00,352.66576141761215,354.8234513171886,348.50950696242506,352.54644775390625,7255800,0.0,0.0
2026-04-24 00:00:00-04:00,354.4654798371856,356.24532290478834,349.3944670661433,352.9044189453125,8554600,0.0,0.0
2026-04-27 00:00:00-04:00,351.9001510435625,354.4654858887946,346.96832734783226,352.67572021484375,7256100,0.0,0.0
2026-04-28 00:00:00-04:00,354.8135029963465,367.5308771185002,353.6998683282982,364.6871032714844,10604100,0.0,0.0
2026-04-29 00:00:00-04:00,363.9214802466298,368.7339901692348,362.9371121823581,368.6345520019531,9046600,0.0,0.0
2026-04-30 00:00:00-04:00,366.4172241064422,369.87744160261,360.9385059451532,368.37603759765625,6879900,0.0,0.0
2026-05-01 00:00:00-04:00,369.8476329800702,370.78229715346583,364.9356847817637,366.6856994628906,4945400,0.0,0.0
2026-05-04 00:00:00-04:00,366.4569824541582,368.7240330587824,362.57913672838885,368.6445007324219,4916900,0.0,0.0
2026-05-05 00:00:00-04:00,368.3760355922912,369.6885161814855,359.75525962508635,361.8035583496094,6489000,0.0,0.0
2026-05-06 00:00:00-04:00,361.0379593902868,366.45699060703,356.21549649518977,365.1942138671875,6695500,0.0,0.0
2026-05-07 00:00:00-04:00,364.5578575186544,367.70983802248844,362.64874789161854,367.6402282714844,5235400,0.0,0.0
2026-05-08 00:00:00-04:00,369.87746743357553,377.8221130371094,369.87746743357553,377.8221130371094,6455100,0.0,0.0
2026-05-11 00:00:00-04:00,378.28944374742184,382.6246688242237,373.9343128299113,382.25677490234375,6949600,0.0,0.0
2026-05-12 00:00:00-04:00,380.6758011703357,395.1630654325308,379.8405751710962,394.138916015625,9236300,0.0,0.0
2026-05-13 00:00:00-04:00,394.24826604152645,401.85481542088894,390.7681426338459,398.8818054199219,8454100,0.0,0.0
2026-05-14 00:00:00-04:00,398.72270403378167,399.6175868268494,393.7510992453305,396.82354736328125,5342500,0.0,0.0
2026-05-15 00:00:00-04:00,392.0607685404387,395.3718745508767,388.0337805215488,391.61334228515625,9811200,0.0,0.0
2026-05-18 00:00:00-04:00,387.78519535837574,389.9130568930274,381.32210876906953,388.9087829589844,8400700,0.0,0.0
2026-05-19 00:00:00-04:00,387.78517361871184,392.74682548894975,385.3093241434657,387.02947998046875,5016800,0.0,0.0
2026-05-20 00:00:00-04:00,387.3377362764213,391.14600272737164,378.53801963676773,381.12322998046875,7783900,0.0,0.0
2026-05-21 00:00:00-04:00,378.95559956058275,383.9172514426562,378.3789067550467,380.3078918457031,4732500,0.0,0.0
2026-05-22 00:00:00-04:00,379.7510949944643,388.322137279522,378.846259230469,386.2638854980469,5598600,0.0,0.0
2026-05-26 00:00:00-04:00,383.8078958628703,384.32493184527755,374.27236136603494,374.71978759765625,6498100,0.0,0.0
2026-05-27 00:00:00-04:00,376.2808953624811,382.3462596379654,374.9485088403697,381.8292236328125,4544000,0.0,0.0
2026-05-28 00:00:00-04:00,382.77379769013777,387.0493961299752,378.7965137522062,380.35760498046875,4330800,0.0,0.0
2026-05-29 00:00:00-04:00,381.6005025160485,382.9328889810419,373.317822146985,378.15020751953125,10257900,0.0,0.0
2026-06-01 00:00:00-04:00,373.97405505590115,381.17295969749404,373.7851619834815,377.7027587890625,6623700,0.0,0.0
2026-06-02 00:00:00-04:00,375.83346054308475,377.9215103567756,372.5919643898307,375.7738037109375,3874400,0.0,0.0
2026-06-03 00:00:00-04:00,377.8419717237235,385.25959772485203,374.6700853756592,374.8590087890625,6808400,0.0,0.0
2026-06-04 00:00:00-04:00,387.78518679364066,399.1005645351637,387.606216297745,394.21844482421875,12666100,0.0,0.0
2026-06-05 00:00:00-04:00,397.2710257691138,401.7454703246708,394.9443182415365,397.201416015625,10897300,0.0,0.0
2026-06-08 00:00:00-04:00,394.87468563988523,406.3889089451397,392.74682423133754,404.2610778808594,6963200,0.0,0.0
2026-06-09 00:00:00-04:00,407.66165562372737,410.6545715332031,405.12614922049136,410.6545715332031,8590400,0.0,0.0
2026-06-10 00:00:00-04:00,411.1517339543602,413.61766096102207,402.2525488568183,405.1460266113281,6512900,0.0,0.0
2026-06-11 00:00:00-04:00,406.38891459163034,407.6517216421196,400.82071109845896,403.2468566894531,4938100,0.0,0.0
2026-06-12 00:00:00-04:00,406.6872501409831,407.5622574937536,402.5110897188582,406.20001220703125,7269600,0.0,0.0
2026-06-15 00:00:00-04:00,406.70001220703125,414.1600036621094,399.6499938964844,411.0400085449219,6777900,2.32,0.0
2026-06-16 00:00:00-04:00,410.67999267578125,411.75,406.5400085449219,407.6499938964844,4815100,0.0,0.0
2026-06-17 00:00:00-04:00,409.1199951171875,411.1600036621094,398.5899963378906,399.5299987792969,5838800,0.0,0.0
2026-06-18 00:00:00-04:00,402.7699890136719,406.20001220703125,399.1499938964844,400.9599914550781,11896900,0.0,0.0
2026-06-22 00:00:00-04:00,402.1400146484375,409.4599914550781,402.1400146484375,406.67999267578125,5818600,0.0,0.0
2026-06-23 00:00:00-04:00,409.5199890136719,409.8999938964844,402.8399963378906,409.25,6675900,0.0,0.0
2026-06-24 00:00:00-04:00,410.5400085449219,413.42999267578125,400.0,405.79998779296875,6858800,0.0,0.0
2026-06-25 00:00:00-04:00,406.6499938964844,417.5799865722656,406.6499938964844,415.5299987792969,6014400,0.0,0.0
2026-06-26 00:00:00-04:00,416.1600036621094,427.92999267578125,416.1600036621094,427.8900146484375,10588200,0.0,0.0
2026-06-29 00:00:00-04:00,426.5299987792969,426.70001220703125,415.80999755859375,419.82000732421875,5167400,0.0,0.0
2026-06-30 00:00:00-04:00,422.7200012207031,422.739990234375,413.25,415.6300048828125,5779800,0.0,0.0
2026-07-01 00:00:00-04:00,417.1099853515625,428.0199890136719,413.7300109863281,426.5400085449219,4985900,0.0,0.0
2026-07-02 00:00:00-04:00,428.1300048828125,430.20001220703125,420.5400085449219,425.3599853515625,3928800,0.0,0.0
2026-07-06 00:00:00-04:00,423.489990234375,424.44000244140625,415.04998779296875,417.989990234375,6379000,0.0,0.0
2026-07-07 00:00:00-04:00,423.95001220703125,428.6000061035156,422.1300048828125,428.19000244140625,5800500,0.0,0.0
2026-07-08 00:00:00-04:00,427.1499938964844,430.7699890136719,423.8299865722656,425.6000061035156,3859200,0.0,0.0
2026-07-09 00:00:00-04:00,427.1099853515625,434.29998779296875,423.5199890136719,431.67999267578125,5566000,0.0,0.0
2026-07-10 00:00:00-04:00,431.6700134277344,432.8599853515625,423.6499938964844,424.6199951171875,3798600,0.0,0.0
2026-07-13 00:00:00-04:00,426.4700012207031,431.54998779296875,425.5299987792969,429.0899963378906,3863800,0.0,0.0
2026-07-14 00:00:00-04:00,431.0,432.1499938964844,421.7900085449219,425.19000244140625,5135900,0.0,0.0
2026-07-15 00:00:00-04:00,419.489990234375,424.1099853515625,414.3699951171875,418.5199890136719,6764800,0.0,0.0
2026-07-16 00:00:00-04:00,449.3900146484375,461.6199951171875,420.3699951171875,423.3800048828125,13281900,0.0,0.0
2026-07-17 00:00:00-04:00,426.7200012207031,437.4700012207031,425.1000061035156,426.0899963378906,10718100,0.0,0.0
2026-07-20 00:00:00-04:00,427.25,431.0199890136719,417.3800048828125,421.54998779296875,4818800,0.0,0.0
2026-07-21 00:00:00-04:00,422.4800109863281,437.0,420.5,436.3500061035156,6833600,0.0,0.0
2026-07-22 00:00:00-04:00,434.95001220703125,436.32000732421875,429.70001220703125,431.30999755859375,4234100,0.0,0.0
2026-07-23 00:00:00-04:00,428.2699890136719,430.489990234375,420.3999938964844,423.55999755859375,4868700,0.0,0.0
2026-07-24 00:00:00-04:00,425.239990234375,429.0,418.9200134277344,420.739990234375,3752500,0.0,0.0
2026-07-27 00:00:00-04:00,422.510009765625,422.8800048828125,412.5400085449219,417.6400146484375,4615700,0.0,0.0
2026-07-28 00:00:00-04:00,419.92999267578125,430.4599914550781,415.1099853515625,428.7900085449219,5917300,0.0,0.0
2026-07-29 00:00:00-04:00,428.260009765625,431.67999267578125,420.3500061035156,420.57000732421875,5257900,0.0,0.0
2026-07-30 00:00:00-04:00,415.19000244140625,427.3399963378906,411.2900085449219,421.4700012207031,3647500,0.0,0.0
2026-07-31 00:00:00-04:00,422.0,422.80999755859375,414.05999755859375,414.3999938964844,3920900,0.0,0.0
2026-08-03 00:00:00-04:00,417.42999267578125,419.3399963378906,413.32000732421875,415.3599853515625,3209600,0.0,0.0
2026-08-04 00:00:00-04:00,415.55999755859375,416.0,406.6700134277344,407.54998779296875,5266300,0.0,0.0
2026-08-05 00:00:00-04:00,403.19000244140625,416.3599853515625,397.79998779296875,412.75,5399000,0.0,0.0
2026-08-06 00:00:00-04:00,415.2699890136719,416.9700012207031,402.3999938964844,403.9700012207031,4712400,0.0,0.0
2026-08-07 00:00:00-04:00,401.5899963378906,410.6400146484375,400.6600036621094,407.0799865722656,4095900,0.0,0.0
2026-08-10 00:00:00-04:00,408.6000061035156,413.07000732421875,407.989990234375,408.739990234375,3182200,0.0,0.0
2026-08-11 00:00:00-04:00,409.0,410.8999938964844,401.32000732421875,402.19000244140625,3398900,0.0,0.0
2026-08-12 00:00:00-04:00,400.9800109863281,407.20001220703125,400.5,405.5899963378906,3317200,0.0,0.0
2026-08-13 00:00:00-04:00,405.5899963378906,407.32000732421875,398.5899963378906,399.05999755859375,4170200,0.0,0.0
2026-08-14 00:00:00-04:00,398.0,403.17999267578125,396.55999755859375,401.7300109863281,3476400,0.0,0.0
2026-08-17 00:00:00-04:00,398.57000732421875,398.8999938964844,391.42999267578125,395.6199951171875,5295100,0.0,0.0
2026-08-18 00:00:00-04:00,397.42999267578125,398.7900085449219,393.510009765625,393.92999267578125,3605100,0.0,0.0
2026-08-19 00:00:00-04:00,394.57000732421875,396.79998779296875,386.3299865722656,388.6099853515625,5268500,0.0,0.0
2026-08-20 00:00:00-04:00,388.25,392.7099914550781,383.8299865722656,384.8500061035156,4497200,0.0,0.0
2026-08-21 00:00:00-04:00,386.0,393.6600036621094,386.0,390.1099853515625,4879600,0.0,0.0
2026-08-24 00:00:00-04:00,391.0400085449219,399.5799865722656,390.8599853515625,398.760009765625,4683900,0.0,0.0
2026-08-25 00:00:00-04:00,397.79998779296875,399.0299987792969,395.6199951171875,396.5899963378906,2655000,0.0,0.0
2026-08-26 00:00:00-04:00,396.3299865722656,406.25,396.010009765625,401.010009765625,3557000,0.0,0.0
2026-08-27 00:00:00-04:00,396.8699951171875,399.8800048828125,393.7699890136719,395.04998779296875,3668200,0.0,0.0
2026-08-28 00:00:00-04:00,396.4200134277344,396.739990234375,392.81500244140625,392.95001220703125,2453364,0.0,0.0
