Date,Open,High,Low,Close,Volume,Dividends,Stock Splits
2022-01-03 00:00:00-05:00,3.758635739911041,3.768055870603805,3.655014302290634,3.6644344329833984,3836900,0.0,0.0
2022-01-04 00:00:00-05:00,3.7303753740155745,3.7680558970511044,3.6455939725919997,3.6738545894622803,4808800,0.0,0.0
2022-01-05 00:00:00-05:00,3.720954961533393,3.7774759664009663,3.5608125261635637,3.579652786254883,6044700,0.0,0.0
2022-01-06 00:00:00-05:00,3.466611212919513,3.4854514729413353,3.3158889081513205,3.3253090381622314,5954200,0.0,0.0
2022-01-07 00:00:00-05:00,3.3535698581346547,3.3535698581346547,3.2782088083858087,3.306469202041626,3624600,0.0,0.0
2022-01-10 00:00:00-05:00,3.287628491876195,3.3347291415547855,3.221687582326169,3.3158888816833496,4629700,0.0,0.0
2022-01-11 00:00:00-05:00,3.4289306031658913,3.5419721603393555,3.3912498595144602,3.5419721603393555,5619400,0.0,0.0
2022-01-12 00:00:00-05:00,3.598493502884738,3.6550145149230957,3.5702331091623813,3.6550145149230957,4726500,0.0,0.0
2022-01-13 00:00:00-05:00,3.645593615171396,3.664434099435639,3.5419721869829215,3.5513923168182373,3025000,0.0,0.0
2022-01-14 00:00:00-05:00,3.5608123112870502,3.5608123112870502,3.476031145992217,3.504291534423828,3155700,0.0,0.0
2022-01-18 00:00:00-05:00,3.4289309063792905,3.4760315593665823,3.3818300287983694,3.400670289993286,4512800,0.0,0.0
2022-01-19 00:00:00-05:00,3.5137119802682886,3.9941388514559093,3.494871719617543,3.956458330154419,12109000,0.0,0.0
2022-01-20 00:00:00-05:00,4.012979578771251,4.012979578771251,3.8716773986816406,3.8716773986816406,7705300,0.0,0.0
2022-01-21 00:00:00-05:00,3.937618236493693,3.9752987593931723,3.8245766677952555,3.843416929244995,5561600,0.0,0.0
2022-01-24 00:00:00-05:00,3.786895751953125,3.805736011447928,3.6079130621588886,3.786895751953125,8884500,0.0,0.0
2022-01-25 00:00:00-05:00,3.71153506842308,3.928198297898119,3.683274676482027,3.9187779426574707,7615800,0.0,0.0
2022-01-26 00:00:00-05:00,3.739795222180703,3.7868958724160033,3.438350836081165,3.4948716163635254,10410000,0.0,0.0
2022-01-27 00:00:00-05:00,3.381829791233376,3.457191055312734,3.2970486218119133,3.3158888816833496,7266100,0.0,0.0
2022-01-28 00:00:00-05:00,3.2593685058080615,3.2687886369106542,3.1463267079833073,3.202847719192505,7067000,0.0,0.0
2022-01-31 00:00:00-05:00,3.231107661990474,3.400669998195252,3.231107661990474,3.3818297386169434,4696200,0.0,0.0
2022-02-01 00:00:00-05:00,3.4383506505501087,3.5042915573214026,3.391249778262723,3.4289305210113525,4527200,0.0,0.0
2022-02-02 00:00:00-05:00,3.3912501335144043,3.4760315328381224,3.353569611412142,3.3912501335144043,4218400,0.0,0.0
2022-02-03 00:00:00-05:00,3.3347292471309657,3.4195106438301868,3.2876285959611877,3.353569507598877,4027600,0.0,0.0
2022-02-04 00:00:00-05:00,3.334729375811077,3.4289309063792905,3.334729375811077,3.400670289993286,2459100,0.0,0.0
2022-02-07 00:00:00-05:00,3.4195103954067676,3.560812338650681,3.362989393515598,3.51371169090271,5108200,0.0,0.0
2022-02-08 00:00:00-05:00,3.523131953673914,3.560812473297119,3.457191044333304,3.560812473297119,6116200,0.0,0.0
2022-02-09 00:00:00-05:00,3.5137118764576454,3.560812526692946,3.4948716163635254,3.4948716163635254,4030100,0.0,0.0
2022-02-10 00:00:00-05:00,3.48545129824389,3.5984928527089655,3.4006699078014795,3.4289305210113525,5167400,0.0,0.0
2022-02-11 00:00:00-05:00,3.3912500352856205,3.645593776702361,3.3912500352856205,3.6079132556915283,8100000,0.0,0.0
2022-02-14 00:00:00-05:00,3.607913343074152,3.7397953943998323,3.607913343074152,3.7209551334381104,9504000,0.0,0.0
2022-02-15 00:00:00-05:00,3.4571912981716655,3.466611428769124,3.353569637005994,3.400670289993286,13199500,0.0,0.0
2022-02-16 00:00:00-05:00,3.4100901955918315,3.617333279655576,3.4100901955918315,3.570232629776001,10840800,0.0,0.0
2022-02-17 00:00:00-05:00,3.6644339060898443,3.909357493478813,3.598492776128261,3.890517234802246,15545000,0.0,0.0
2022-02-18 00:00:00-05:00,3.852836717449112,3.9470380108319465,3.777475682742845,3.890517234802246,13276600,0.0,0.0
2022-02-22 00:00:00-05:00,3.7492152036250057,3.833996595281793,3.664434036561826,3.6926944255828857,11205800,0.0,0.0
2022-02-23 00:00:00-05:00,3.6455936082913074,3.9281979520046644,3.6455936082913074,3.8810970783233643,10158500,0.0,0.0
2022-02-24 00:00:00-05:00,4.097760950571025,4.126021569181768,3.702115209738023,3.758635997772217,15045200,0.0,0.0
2022-02-25 00:00:00-05:00,3.673854532113041,3.739795446395874,3.617333523848412,3.739795446395874,7951300,0.0,0.0
2022-02-28 00:00:00-05:00,3.994138282135442,4.144860795044813,3.9281976038505757,4.00355863571167,10875600,0.0,0.0
2022-03-01 00:00:00-05:00,4.135440603816111,4.549926744511046,4.135440603816111,4.540506839752197,17791200,0.0,0.0
2022-03-02 00:00:00-05:00,4.540507691993314,4.597028478716806,4.408625407117884,4.502827167510986,12082200,0.0,0.0
2022-03-03 00:00:00-05:00,4.512246854901167,4.5970282554626465,4.465145976992065,4.5970282554626465,9659200,0.0,0.0
2022-03-04 00:00:00-05:00,4.606447779441721,4.936152549895677,4.606447779441721,4.794850826263428,12331300,0.0,0.0
2022-03-07 00:00:00-05:00,4.926733029004997,5.011514429149007,4.794851200371072,4.936152935028076,14631600,0.0,0.0
2022-03-08 00:00:00-05:00,5.068034709953617,5.181076266137132,4.681808719212452,4.926732540130615,21134100,0.0,0.0
2022-03-09 00:00:00-05:00,4.531086938348973,4.936152765553857,4.48398651147617,4.870212078094482,13230200,0.0,0.0
2022-03-10 00:00:00-05:00,4.8796320171492225,5.115135500684774,4.8796320171492225,5.049194812774658,9848800,0.0,0.0
2022-03-11 00:00:00-05:00,4.823111367627569,5.020934335172086,4.747750322693897,4.936152935028076,7799800,0.0,0.0
2022-03-14 00:00:00-04:00,4.747750515992008,4.804271301993428,4.568767802393874,4.66296911239624,11322700,0.0,0.0
2022-03-15 00:00:00-04:00,4.408625398780142,4.766590829872541,4.399205492271017,4.681809425354004,11610100,0.0,0.0
2022-03-16 00:00:00-04:00,4.662968515966285,4.7006490351476,4.4934061796503695,4.615868091583252,8565100,0.0,0.0
2022-03-17 00:00:00-04:00,4.710069696267118,4.870212137810159,4.653548913814382,4.719490051269531,7070700,0.0,0.0
2022-03-18 00:00:00-04:00,4.672389030456543,4.75717042611318,4.606447895036132,4.672389030456543,13958700,0.0,0.0
2022-03-21 00:00:00-04:00,4.597027874153609,4.860791510841884,4.578187614390161,4.794850826263428,7156900,0.0,0.0
2022-03-22 00:00:00-04:00,4.710070043255944,4.7289103054614765,4.531087327709744,4.681809425354004,9004900,0.0,0.0
2022-03-23 00:00:00-04:00,4.7477503607935345,4.9644135913101435,4.644128698584566,4.945573329925537,8550400,0.0,0.0
2022-03-24 00:00:00-04:00,4.983253263805591,5.086874913769212,4.889051968014667,4.907892227172852,8470900,0.0,0.0
2022-03-25 00:00:00-04:00,4.804271004934855,4.973833801641954,4.766590483263778,4.898472309112549,5273200,0.0,0.0
2022-03-28 00:00:00-04:00,4.757171307832027,4.766591215102457,4.625289012547456,4.644129276275635,5435200,0.0,0.0
2022-03-29 00:00:00-04:00,4.455726170197945,4.644128787657516,4.399205384960074,4.634708881378174,7815800,0.0,0.0
2022-03-30 00:00:00-04:00,4.681808818495514,4.879631770605332,4.681808818495514,4.794850826263428,5813400,0.0,0.0
2022-03-31 00:00:00-04:00,4.79485114730198,4.860791836295486,4.72891000912122,4.738330364227295,4748500,0.0,0.0
2022-04-01 00:00:00-04:00,4.7194901554374,4.945573290238415,4.700649445016723,4.936152935028076,4663600,0.0,0.0
2022-04-04 00:00:00-04:00,4.832531188805532,4.851371447956954,4.5216666882134575,4.578187465667725,8511800,0.0,0.0
2022-04-05 00:00:00-04:00,4.59702817278549,4.6912294777222305,4.370944591750058,4.399205207824707,6757200,0.0,0.0
2022-04-06 00:00:00-04:00,4.352103977669345,4.5216667619858235,4.352103977669345,4.446305274963379,8106400,0.0,0.0
2022-04-07 00:00:00-04:00,4.44251657691093,4.556184268663492,4.395154812843066,4.480405807495117,5308200,0.026,0.0
2022-04-08 00:00:00-04:00,4.499350530147734,4.6414353740664005,4.499350530147734,4.603546142578125,4278700,0.0,0.0
2022-04-11 00:00:00-04:00,4.707741648850493,4.707741648850493,4.461461626101371,4.508823394775391,4768000,0.0,0.0
2022-04-12 00:00:00-04:00,4.631963027295821,4.650907643804535,4.461461478717394,4.489878177642822,5083500,0.0,0.0
2022-04-13 00:00:00-04:00,4.5656569110898495,4.660379989810538,4.499350530147734,4.603546142578125,4367000,0.0,0.0
2022-04-14 00:00:00-04:00,4.546712522135369,4.575129221331364,4.433044370325518,4.565657138824463,4842800,0.0,0.0
2022-04-18 00:00:00-04:00,4.679324838959024,4.774047922404493,4.5561846046422705,4.565657138824463,6348200,0.0,0.0
2022-04-19 00:00:00-04:00,4.499350913290208,4.508823447806545,4.253070435969123,4.300432205200195,5937200,0.0,0.0
2022-04-20 00:00:00-04:00,4.300431936944642,4.376210401647147,4.215180938316686,4.366738319396973,4094000,0.0,0.0
2022-04-21 00:00:00-04:00,4.281487321151485,4.290959855077784,4.0920411593783,4.186764240264893,9992200,0.0,0.0
2022-04-22 00:00:00-04:00,4.073097151620994,4.129931008642522,3.9594289859025915,4.025735378265381,5377100,0.0,0.0
2022-04-25 00:00:00-04:00,3.8078720174982745,3.9404843499792137,3.741565851257805,3.874178409576416,6966700,0.0,0.0
2022-04-26 00:00:00-04:00,3.9120670404026296,3.9594283545306443,3.8173439604713266,3.8552331924438477,4854600,0.0,0.0
2022-04-27 00:00:00-04:00,3.8741779733226593,3.9499564404929806,3.836288739737499,3.8457608222961426,4052800,0.0,0.0
2022-04-28 00:00:00-04:00,3.845760688262863,3.9783730011890923,3.7983993737697053,3.9689009189605713,4874900,0.0,0.0
2022-04-29 00:00:00-04:00,4.006790742057355,4.082569217760748,3.8741784095764156,3.874178409576416,4282400,0.0,0.0
2022-05-02 00:00:00-04:00,3.779455089109502,3.883650493201668,3.675259685017336,3.874178409576416,6429200,0.0,0.0
2022-05-03 00:00:00-04:00,3.8173448373704453,3.997318504744829,3.8173448373704453,3.9594292640686035,5123900,0.0,0.0
2022-05-04 00:00:00-04:00,3.9025945463097775,4.035207311239196,3.8362886155203464,4.0067901611328125,5284400,0.0,0.0
2022-05-05 00:00:00-04:00,3.978372959886925,3.9973175758225663,3.7510375686592248,3.8173439502716064,8807300,0.0,0.0
2022-05-06 00:00:00-04:00,3.722620725631714,3.7605099583261614,3.6847314929372663,3.722620725631714,8506000,0.0,0.0
2022-05-09 00:00:00-04:00,3.4858129906897615,3.533174534210481,3.391089677810669,3.391089677810669,9008700,0.0,0.0
2022-05-10 00:00:00-04:00,3.4763402854389134,3.5142295159334584,3.2300600613867436,3.2963662147521973,5970900,0.0,0.0
2022-05-11 00:00:00-04:00,3.391089844258802,3.4384516159418785,3.2868944433988956,3.3058390617370605,4957500,0.0,0.0
2022-05-12 00:00:00-04:00,3.211115928768119,3.239532855910073,3.031141831031412,3.1163926124572754,9709700,0.0,0.0
2022-05-13 00:00:00-04:00,3.1163923198810237,3.353200249669401,3.1069200117229943,3.3247833251953125,6812600,0.0,0.0
2022-05-16 00:00:00-04:00,3.2679497824236283,3.466868498216721,3.258477473378132,3.410034418106079,6331500,0.0,0.0
2022-05-17 00:00:00-04:00,3.457395875054225,3.4952851077938374,3.3342556428128445,3.3626725673675537,4777800,0.0,0.0
2022-05-18 00:00:00-04:00,3.3342556137724477,3.39108946238686,3.239532532748428,3.24900484085083,3380000,0.0,0.0
2022-05-19 00:00:00-04:00,3.3910895229353137,3.4952851397598046,3.362672598120719,3.4384512901306152,6674700,0.0,0.0
2022-05-20 00:00:00-04:00,3.4195061862153353,3.4289784937623953,3.3153108031976783,3.400561571121216,5589500,0.0,0.0
2022-05-23 00:00:00-04:00,3.495285148895435,3.542646690376882,3.4384512991176988,3.4763405323028564,4276700,0.0,0.0
2022-05-24 00:00:00-04:00,3.4384512991176988,3.542646690376882,3.4195064566874764,3.4763405323028564,4393400,0.0,0.0
2022-05-25 00:00:00-04:00,3.410034139478377,3.447923598402147,3.343727981577656,3.4384512901306152,3799500,0.0,0.0
2022-05-26 00:00:00-04:00,3.419506373498482,3.476340447731215,3.3816171412350853,3.428978681564331,3212300,0.0,0.0
2022-05-27 00:00:00-04:00,3.4858128405991455,3.495285148895435,3.410034148391187,3.4763405323028564,3146500,0.0,0.0
2022-05-31 00:00:00-04:00,3.4952849170120044,3.5142295323477635,3.18269831229672,3.1921706199645996,7838200,0.0,0.0
2022-06-01 00:00:00-04:00,3.2016432679450935,3.211115575951656,3.1069199620418297,3.1732261180877686,3992600,0.0,0.0
2022-06-02 00:00:00-04:00,3.2774218322431357,3.5142297654880137,3.2679495239468466,3.4763405323028564,6818200,0.0,0.0
2022-06-03 00:00:00-04:00,3.419506541791097,3.4479236932248463,3.3342557650027977,3.381617307662964,4124700,0.0,0.0
2022-06-06 00:00:00-04:00,3.3816171643284347,3.391089472458971,3.2300602342398532,3.2868940830230713,3561900,0.0,0.0
2022-06-07 00:00:00-04:00,3.220588084140128,3.2584773185214573,3.1448093895398177,3.201643466949463,5621300,0.0,0.0
2022-06-08 00:00:00-04:00,3.1258646911629957,3.1921708496081935,3.078503149416426,3.1542816162109375,6737800,0.0,0.0
2022-06-09 00:00:00-04:00,3.106919984137939,3.106919984137939,3.0121969033986513,3.031141519546509,3627000,0.0,0.0
2022-06-10 00:00:00-04:00,2.983780274499871,3.3437282427730577,2.983780274499871,3.3342559337615967,9329400,0.0,0.0
2022-06-13 00:00:00-04:00,3.154281635218942,3.182698560438127,2.9648354670910417,2.9743077754974365,6665800,0.0,0.0
2022-06-14 00:00:00-04:00,3.021669350849903,3.021669350849903,2.8701121888386885,2.90800142288208,4214600,0.0,0.0
2022-06-15 00:00:00-04:00,3.078502933035795,3.1258644714534354,2.898528861211133,3.0121967792510986,8709300,0.0,0.0
2022-06-16 00:00:00-04:00,2.974307699126093,3.1637538623895813,2.9458905487989293,3.1448092460632324,11393900,0.0,0.0
2022-06-17 00:00:00-04:00,3.08797540632041,3.2016433304561276,3.0406138653628783,3.1826984882354736,12960700,0.0,0.0
2022-06-21 00:00:00-04:00,3.163753670845434,3.258476972579956,3.135336748076366,3.258476972579956,6962900,0.0,0.0
2022-06-22 00:00:00-04:00,3.1448093529244314,3.2679495890676673,3.08797550201416,3.08797550201416,4699800,0.0,0.0
2022-06-23 00:00:00-04:00,3.069030625352267,3.1353367791369635,2.936418091945245,3.0121967792510986,4717900,0.0,0.0
2022-06-24 00:00:00-04:00,3.0121966913997498,3.144808995101477,2.974307461770685,3.106919765472412,4044800,0.0,0.0
2022-06-27 00:00:00-04:00,3.1353370287596087,3.2679495727246963,3.106920103446586,3.230060338973999,5045700,0.0,0.0
2022-06-28 00:00:00-04:00,3.220588237815437,3.239532855910073,3.087975685315321,3.1163926124572754,3427000,0.0,0.0
2022-06-29 00:00:00-04:00,3.182698211722804,3.2205876670346365,3.03114129382596,3.069030523300171,3573100,0.0,0.0
2022-06-30 00:00:00-04:00,3.0785031038593953,3.0879754120685337,2.955362871302951,2.9648354053497314,3795100,0.0,0.0
2022-07-01 00:00:00-04:00,2.9364182815990993,3.087975440161769,2.879584431827215,3.078503131866455,4457700,0.0,0.0
2022-07-05 00:00:00-04:00,3.002724471567571,3.040613702301683,2.9269457842617173,3.0121967792510986,7294200,0.0,0.0
2022-07-06 00:00:00-04:00,3.0121966790888544,3.106919752774382,2.9743074496146433,3.069030523300171,5454400,0.0,0.0
2022-07-07 00:00:00-04:00,3.106920056752397,3.173226214819596,3.059558515275827,3.078503131866455,5456500,0.0,0.0
2022-07-08 00:00:00-04:00,3.1258649215045935,3.2016436197208007,3.069031067220685,3.1163926124572754,4416100,0.0,0.0
2022-07-11 00:00:00-04:00,3.06903063686144,3.1542814063328914,3.0406137137042895,3.05008602142334,2685300,0.0,0.0
2022-07-12 00:00:00-04:00,3.0216694146880796,3.059558649531949,2.8985291756078504,2.917473793029785,3952700,0.0,0.0
2022-07-13 00:00:00-04:00,2.889056740122529,3.1163923650477114,2.879584431827215,3.078503131866455,5045900,0.0,0.0
2022-07-14 00:00:00-04:00,2.889056921005249,2.9080015387819924,2.7659169054564177,2.889056921005249,6418900,0.0,0.0
2022-07-15 00:00:00-04:00,2.889056797677879,2.889056797677879,2.822750638289739,2.870112180709839,4475100,0.0,0.0
2022-07-18 00:00:00-04:00,2.898528802105039,2.945890339556894,2.8606395721435547,2.8606395721435547,4847000,0.0,0.0
2022-07-19 00:00:00-04:00,2.8890565067855203,2.9553626594974487,2.8511672766644187,2.898528814315796,3055500,0.0,0.0
2022-07-20 00:00:00-04:00,2.870111930755373,2.908001161391727,2.8132780848008414,2.8322227001190186,4868100,0.0,0.0
2022-07-21 00:00:00-04:00,2.8322229626104938,2.9458906650543213,2.803806036999537,2.9458906650543213,5057200,0.0,0.0
2022-07-22 00:00:00-04:00,3.0216693591878556,3.135337061631683,2.936418356517336,2.9458906650543213,3673300,0.0,0.0
2022-07-25 00:00:00-04:00,2.9837799688186455,2.9837799688186455,2.8132781982421875,2.8132781982421875,5364600,0.0,0.0
2022-07-26 00:00:00-04:00,2.841695382989366,2.9269461631774902,2.832223074079575,2.9269461631774902,3192400,0.0,0.0
2022-07-27 00:00:00-04:00,2.9458905210435113,3.0500861356943663,2.8890566725999385,3.031141519546509,4120700,0.0,0.0
2022-07-28 00:00:00-04:00,3.1258643675114874,3.1637535969856985,3.0216689864574073,3.069030523300171,5351000,0.0,0.0
2022-07-29 00:00:00-04:00,3.0879755634882495,3.116392489509097,2.993252476752091,3.0974478721618652,2878100,0.0,0.0
2022-08-01 00:00:00-04:00,3.0879755634882495,3.125864798182713,3.0311417114465544,3.0974478721618652,2483500,0.0,0.0
2022-08-02 00:00:00-04:00,3.097447445405829,3.239532281771742,3.0500859085630654,3.069030523300171,5533300,0.0,0.0
2022-08-03 00:00:00-04:00,3.0406139972595354,3.0500863058619347,2.9553629940002937,2.9837801456451416,4196300,0.0,0.0
2022-08-04 00:00:00-04:00,2.955362957385879,3.125864735954341,2.936418340415789,3.08797550201416,6161400,0.0,0.0
2022-08-05 00:00:00-04:00,3.0311415286579453,3.24900484085083,3.0216692205555433,3.24900484085083,4332500,0.0,0.0
2022-08-08 00:00:00-04:00,3.3058387182581352,3.4100341082920687,3.3058387182581352,3.3626725673675537,3340200,0.0,0.0
2022-08-09 00:00:00-04:00,3.372144675741287,3.410033906235832,3.2395323690103797,3.2963662147521973,2957600,0.0,0.0
2022-08-10 00:00:00-04:00,3.410034405853286,3.4195067148647476,3.2868943887042903,3.3342559337615967,3140600,0.0,0.0
2022-08-11 00:00:00-04:00,3.3437277408871613,3.391089278835609,3.239532357400577,3.258476972579956,2796500,0.0,0.0
2022-08-12 00:00:00-04:00,3.2963663390857745,3.3626724949521885,3.2584771071621095,3.3153109550476074,1908600,0.0,0.0
2022-08-15 00:00:00-04:00,3.2584775158916486,3.315311370906143,3.2395328975534836,3.3058390617370605,1757100,0.0,0.0
2022-08-16 00:00:00-04:00,3.249004850500926,3.2868940830230713,3.2111156179787805,3.2868940830230713,2182300,0.0,0.0
2022-08-17 00:00:00-04:00,3.23953267214394,3.2490049806539307,3.087975510146438,3.1258647441864014,3539800,0.0,0.0
2022-08-18 00:00:00-04:00,3.1448091322990406,3.173226055760575,3.1069199010169943,3.1637537479400635,2181600,0.0,0.0
2022-08-19 00:00:00-04:00,3.0974476760640104,3.0974476760640104,3.0121969033986513,3.031141519546509,3035900,0.0,0.0
2022-08-22 00:00:00-04:00,3.002724778086835,3.069030938640089,2.9837801607859054,3.059558629989624,2983200,0.0,0.0
2022-08-23 00:00:00-04:00,3.059558515275827,3.173226214819596,3.0500862069805126,3.078503131866455,3862300,0.0,0.0
2022-08-24 00:00:00-04:00,3.0311413062142822,3.116392072879678,3.0027243839924838,3.106919765472412,3827500,0.0,0.0
2022-08-25 00:00:00-04:00,3.1258649215045935,3.135337230551912,3.069031067220685,3.1163926124572754,2857200,0.0,0.0
2022-08-26 00:00:00-04:00,3.1163925301559576,3.173226382938932,2.9553630547665413,2.9932525157928467,3480600,0.0,0.0
2022-08-29 00:00:00-04:00,2.9364184029787093,2.9932524809375276,2.879584550857544,2.879584550857544,3423200,0.0,0.0
2022-08-30 00:00:00-04:00,2.8322229282989277,2.841695236721159,2.5480534497943412,2.576470375061035,8910000,0.0,0.0
2022-08-31 00:00:00-04:00,2.4912193828915554,2.557525536088299,2.3680791582599756,2.4722745418548584,13794800,0.0,0.0
2022-09-01 00:00:00-04:00,2.3870239612022464,2.4154408862358867,2.2828285694122314,2.2828285694122314,8549400,0.0,0.0
2022-09-02 00:00:00-04:00,2.3112455719317495,2.4249132758770884,2.273356337283303,2.368079423904419,8641700,0.0,0.0
2022-09-06 00:00:00-04:00,2.3301904585245166,2.377552007308007,2.2070502058497627,2.225994825363159,6428100,0.0,0.0
2022-09-07 00:00:00-04:00,2.20704981681765,2.3017731235256282,2.1786328925565486,2.2733561992645264,5938400,0.0,0.0
2022-09-08 00:00:00-04:00,2.1502160950088247,2.169160712299309,2.046020699911162,2.1123268604278564,10025200,0.0,0.0
2022-09-09 00:00:00-04:00,2.1502159093507953,2.2733561369441873,2.1407436015234294,2.2638838291168213,9356800,0.0,0.0
2022-09-12 00:00:00-04:00,2.2070497946974137,2.2923007924639265,2.1786328707211218,2.235466718673706,9429200,0.0,0.0
2022-09-13 00:00:00-04:00,2.1028547857719353,2.1596886439674177,2.0744378566741943,2.0744378566741943,5830700,0.0,0.0
2022-09-14 00:00:00-04:00,2.0744378566741943,2.1217994051704294,2.0460209275764534,2.0744378566741943,6453900,0.0,0.0
2022-09-15 00:00:00-04:00,2.0270758624386067,2.0554927852876714,1.9607694832864944,1.989186406135559,11252200,0.0,0.0
2022-09-16 00:00:00-04:00,1.913408031471314,2.055492877960205,1.8944634153844802,2.055492877960205,14989700,0.0,0.0
2022-09-19 00:00:00-04:00,1.989186495818649,2.074437494047039,1.9702418797318153,2.055492877960205,7245500,0.0,0.0
2022-09-20 00:00:00-04:00,1.9891866481030982,2.008131265640259,1.9702420305659376,2.008131265640259,6614600,0.0,0.0
2022-09-21 00:00:00-04:00,2.0081313392530693,2.112326965364645,1.9702421027898287,2.017603874206543,7542800,0.0,0.0
2022-09-22 00:00:00-04:00,1.9891867210214491,2.046020801553974,1.979714411905639,2.017603874206543,6481700,0.0,0.0
2022-09-23 00:00:00-04:00,1.8471018795839171,1.9228803441124427,1.8376295715178514,1.8944634199142456,19660300,0.0,0.0
2022-09-26 00:00:00-04:00,1.8755187475071147,1.9891864408893003,1.8660464397252658,1.9039356708526611,10862800,0.0,0.0
2022-09-27 00:00:00-04:00,2.036548443951857,2.121799223964491,2.036548443951857,2.0839099884033203,8592500,0.0,0.0
2022-09-28 00:00:00-04:00,2.131271320864658,2.2259944003458108,2.131271320864658,2.197577476501465,8542200,0.0,0.0
2022-09-29 00:00:00-04:00,2.188105178713219,2.235466718673706,2.15021594674483,2.235466718673706,6418200,0.0,0.0
2022-09-30 00:00:00-04:00,2.2544115319287186,2.330189994905269,2.216522074602809,2.3017730712890625,7377800,0.0,0.0
2022-10-03 00:00:00-04:00,2.3491345918669886,2.4533299776266557,2.311245360681655,2.4438576698303223,9414300,0.0,0.0
2022-10-04 00:00:00-04:00,2.576470122763689,2.746971883505346,2.5575255077743524,2.718554735183716,12729800,0.0,0.0
2022-10-05 00:00:00-04:00,2.642776364592355,2.6806655958522607,2.5669979020725444,2.6238317489624023,7167700,0.0,0.0
2022-10-06 00:00:00-04:00,2.6996102953453573,2.756444369838393,2.6522487547991935,2.70908260345459,5623300,0.0,0.0
2022-10-07 00:00:00-04:00,2.7564444869983142,2.794333721045689,2.6711934845540717,2.690138101577759,9047700,0.0,0.0
2022-10-10 00:00:00-04:00,2.6333042341392123,2.69013808485702,2.5954150003273404,2.6143596172332764,4412900,0.0,0.0
2022-10-11 00:00:00-04:00,2.6617210964573133,2.7469720963525686,2.6048872470855713,2.6048872470855713,5874600,0.0,0.0
2022-10-12 00:00:00-04:00,2.6143594187548267,2.652248649690202,2.529108649150232,2.54805326461792,4719800,0.0,0.0
2022-10-13 00:00:00-04:00,2.4271705069394818,2.531872108828944,2.3795789728689694,2.4842803478240967,6082000,0.013,0.0
2022-10-14 00:00:00-04:00,2.512835676614631,2.5318722916171823,2.351024222158594,2.3890974521636963,7722600,0.0,0.0
2022-10-17 00:00:00-04:00,2.52235394798754,2.7032017879214436,2.5033173332576553,2.617537021636963,8740100,0.0,0.0
2022-10-18 00:00:00-04:00,2.6460918700202063,2.6556101771199994,2.5509087990222765,2.5794637203216553,4744500,0.0,0.0
2022-10-19 00:00:00-04:00,2.512835495200739,2.550908722457149,2.474762041009994,2.4842803478240967,2965500,0.0,0.0
2022-10-20 00:00:00-04:00,2.4271705069394818,2.5794636428994564,2.4271705069394818,2.4842803478240967,4938900,0.0,0.0
2022-10-21 00:00:00-04:00,2.541390557230487,2.646091938018799,2.503317327852919,2.646091938018799,4812200,0.0,0.0
2022-10-24 00:00:00-04:00,2.569945490483235,2.598500412641073,2.5128356461675594,2.588982105255127,4377100,0.0,0.0
2022-10-25 00:00:00-04:00,2.5699453274589388,2.6746467020626197,2.5699453274589388,2.6270551681518555,4372500,0.0,0.0
2022-10-26 00:00:00-04:00,2.6651286935646983,2.741275383278679,2.6651286935646983,2.722238540649414,3598700,0.0,0.0
2022-10-27 00:00:00-04:00,2.7507936911261317,2.7888669225159424,2.703201924954509,2.722238540649414,2931400,0.0,0.0
2022-10-28 00:00:00-04:00,2.6651286935646983,2.731756848496867,2.6365737700223404,2.722238540649414,2352000,0.0,0.0
2022-10-31 00:00:00-04:00,2.636573548325848,2.693683390608478,2.6080186271845327,2.665128469467163,2857300,0.0,0.0
2022-11-01 00:00:00-04:00,2.807903372920854,2.807903372920854,2.750793529197965,2.7888667583465576,4686000,0.0,0.0
2022-11-02 00:00:00-04:00,2.760311694247833,2.779348307841184,2.5889819449733444,2.5985002517700195,7760900,0.0,0.0
2022-11-03 00:00:00-04:00,2.51283597946167,2.5794641400006264,2.4937991352304465,2.51283597946167,3527100,0.0,0.0
2022-11-04 00:00:00-04:00,2.6651288927276613,2.865013599395752,2.655610584168913,2.865013599395752,7490800,0.0,0.0
2022-11-07 00:00:00-05:00,2.8554949699580785,2.903086507403843,2.817421740001467,2.884049892425537,4267000,0.0,0.0
2022-11-08 00:00:00-05:00,2.855494946566015,3.102971166191029,2.855494946566015,3.055379629135132,6344400,0.0,0.0
2022-11-09 00:00:00-05:00,3.08393455136867,3.141044395835747,3.0268247069015937,3.055379629135132,5408000,0.0,0.0
2022-11-10 00:00:00-05:00,3.264782497051442,3.3790021817151388,3.1886358136746367,3.3314106464385986,8736400,0.0,0.0
2022-11-11 00:00:00-05:00,3.3790019455468525,3.3885202519368987,3.226709043306118,3.2743005752563477,5266600,0.0,0.0
2022-11-14 00:00:00-05:00,3.321892183179388,3.3694837162180526,3.274300650140724,3.3123738765716553,6224000,0.0,0.0
2022-11-15 00:00:00-05:00,3.3409288793435596,3.359965493031667,3.2267091972149147,3.293337345123291,5309100,0.0,0.0
2022-11-16 00:00:00-05:00,3.255264276682072,3.3885205790049286,3.255264276682072,3.2838191986083984,4258900,0.0,0.0
2022-11-17 00:00:00-05:00,3.160080909729004,3.2171909793064044,3.131525988407475,3.160080909729004,3416100,0.0,0.0
2022-11-18 00:00:00-05:00,3.1505627568763424,3.217191136823107,3.131526141729939,3.1791176795959473,3577900,0.0,0.0
2022-11-21 00:00:00-05:00,3.198154288423388,3.2552643606841123,3.1791176733145976,3.207672595977783,2498300,0.0,0.0
2022-11-22 00:00:00-05:00,3.2933374949861554,3.369483953203619,3.2552642658774236,3.3409290313720703,3841400,0.0,0.0
2022-11-23 00:00:00-05:00,3.417075478629047,3.4456304003690046,3.2838191771759133,3.398038864135742,5631200,0.0,0.0
2022-11-25 00:00:00-05:00,3.4456304003690046,3.474185549043307,3.38852055688909,3.398038864135742,2493500,0.0,0.0
2022-11-28 00:00:00-05:00,3.445630351597442,3.4646671927556327,3.217190980911255,3.217190980911255,8797500,0.0,0.0
2022-11-29 00:00:00-05:00,3.3314106464385986,3.398038795825755,3.3028557252726745,3.3314106464385986,4310900,0.0,0.0
2022-11-30 00:00:00-05:00,3.474185560186978,3.4837038674641607,3.3218924168177044,3.3409290313720703,9471300,0.0,0.0
2022-12-01 00:00:00-05:00,3.4932223156241746,3.57888708457371,3.379002396757105,3.4456305503845215,7187100,0.0,0.0
2022-12-02 00:00:00-05:00,3.3409291088077446,3.398038953794528,3.3409291088077446,3.350447416305542,4440200,0.0,0.0
2022-12-05 00:00:00-05:00,3.350447026376715,3.3980385583269443,3.2647822688663015,3.2743005752563477,2788800,0.0,0.0
2022-12-06 00:00:00-05:00,3.359965567604523,3.388520488770447,3.3218923393832904,3.3314106464385986,3513700,0.0,0.0
2022-12-07 00:00:00-05:00,3.407557102881063,3.4646671721472524,3.3314106464385986,3.3314106464385986,4555900,0.0,0.0
2022-12-08 00:00:00-05:00,3.407557182312351,3.4361121041439,3.331410724094887,3.3409290313720703,3171900,0.0,0.0
2022-12-09 00:00:00-05:00,3.379002271696153,3.455148957100704,3.2838191986083984,3.2838191986083984,4364400,0.0,0.0
2022-12-12 00:00:00-05:00,3.2743009757929027,3.293337590901693,3.1600810582058068,3.207672595977783,4196100,0.0,0.0
2022-12-13 00:00:00-05:00,3.4361121041439,3.464667252909795,3.2933374949861554,3.3409290313720703,4078700,0.0,0.0
2022-12-14 00:00:00-05:00,3.445630411421083,3.474185560186978,3.331410724094887,3.3409290313720703,6574900,0.0,0.0
2022-12-15 00:00:00-05:00,3.2267095521955262,3.2362278600867196,3.0648980911108823,3.074416399002075,3898100,0.0,0.0
2022-12-16 00:00:00-05:00,3.074416243957491,3.1315260884245673,3.0268247069015937,3.055379629135132,10204200,0.0,0.0
2022-12-19 00:00:00-05:00,3.169599226927701,3.2552642180993745,3.0744161555528886,3.102971076965332,4073700,0.0,0.0
2022-12-20 00:00:00-05:00,3.1791176795959473,3.2647826746891155,3.1695993720227458,3.1791176795959473,3271700,0.0,0.0
2022-12-21 00:00:00-05:00,3.2457458192280866,3.2933373535704233,3.2267092054911517,3.236227512359619,3450100,0.0,0.0
2022-12-22 00:00:00-05:00,3.217190890370861,3.321892265655452,3.1505625155281494,3.293337345123291,5264700,0.0,0.0
2022-12-23 00:00:00-05:00,3.2838190467019563,3.3123739673073582,3.2171908986226843,3.236227512359619,3718800,0.0,0.0
2022-12-27 00:00:00-05:00,3.2362274237097925,3.3599654096103198,3.2171908104943268,3.3123738765716553,3730500,0.0,0.0
2022-12-28 00:00:00-05:00,3.3409288879127605,3.37900211538663,3.198154057951413,3.236227512359619,3687900,0.0,0.0
2022-12-29 00:00:00-05:00,3.359965493031667,3.4265936409400433,3.2743007314351833,3.293337345123291,4016500,0.0,0.0
2022-12-30 00:00:00-05:00,3.2647824329650215,3.2933373535704233,3.160080830477544,3.236227512359619,2927200,0.0,0.0
2023-01-03 00:00:00-05:00,3.3028558788165556,3.4456304912835143,3.3028558788165556,3.350447416305542,4257400,0.0,0.0
2023-01-04 00:00:00-05:00,3.5122587526268867,3.6074418244049826,3.4646672167378387,3.597923517227173,4766600,0.0,0.0
2023-01-05 00:00:00-05:00,3.5408135203033653,3.5788867473602295,3.455148759425421,3.5788867473602295,2805500,0.0,0.0
2023-01-06 00:00:00-05:00,3.655033272005264,3.6835881928489376,3.588405123370026,3.645514965057373,4123100,0.0,0.0
2023-01-09 00:00:00-05:00,3.740698342636354,3.797808185562871,3.683588272775494,3.7121434211730957,4786000,0.0,0.0
2023-01-10 00:00:00-05:00,3.759734869003296,3.7882897897986423,3.693106720480822,3.759734869003296,2567100,0.0,0.0
2023-01-11 00:00:00-05:00,3.8358818665265515,3.8549184819540576,3.721661947027158,3.7978084087371826,3552900,0.0,0.0
2023-01-12 00:00:00-05:00,3.8834731044005495,3.9120282539338054,3.778771721537902,3.816845178604126,3794900,0.0,0.0
2023-01-13 00:00:00-05:00,3.8549183963629634,3.931064856382301,3.7978083244141083,3.873955011367798,3757800,0.0,0.0
2023-01-17 00:00:00-05:00,3.7216618117876803,3.740698426523425,3.5884052817031185,3.6359968185424805,3881300,0.0,0.0
2023-01-18 00:00:00-05:00,3.731180055507971,3.7502166699189834,3.5312953772579947,3.540813684463501,3899900,0.0,0.0
2023-01-19 00:00:00-05:00,3.569368595693744,3.645515053116221,3.5408136741603156,3.597923517227173,3457300,0.0,0.0
2023-01-20 00:00:00-05:00,3.559850278481061,3.6550333499908447,3.5503319713300825,3.6550333499908447,2648900,0.0,0.0
2023-01-23 00:00:00-05:00,3.597923589070991,3.645515125910353,3.5217771301280116,3.6359968185424805,2835900,0.0,0.0
2023-01-24 00:00:00-05:00,3.5408135203033653,3.6074416676528775,3.483703679718069,3.5788867473602295,3001800,0.0,0.0
2023-01-25 00:00:00-05:00,3.5027404454490774,3.616960131582792,3.5027404454490774,3.597923517227173,2321300,0.0,0.0
2023-01-26 00:00:00-05:00,3.6455150583777143,3.6645516727608083,3.5408136792706957,3.569368600845337,2273200,0.0,0.0
2023-01-27 00:00:00-05:00,3.502740385656413,3.512258692671743,3.4170753955841064,3.4170753955841064,3371100,0.0,0.0
2023-01-30 00:00:00-05:00,3.4170755687901226,3.436112183785717,3.3409291088077446,3.350447416305542,3797800,0.0,0.0
2023-01-31 00:00:00-05:00,3.3409290313720703,3.369483953203619,3.302855802263338,3.3409290313720703,3734200,0.0,0.0
2023-02-01 00:00:00-05:00,3.4551490010070305,3.5693686901637838,3.3599656997753864,3.5217771530151367,5279800,0.0,0.0
2023-02-02 00:00:00-05:00,3.597923369338496,3.626478289698206,3.3980386998861905,3.4361119270324707,4639800,0.0,0.0
2023-02-03 00:00:00-05:00,3.331410413596623,3.4075568647169905,3.255263962476256,3.2743005752563477,3975700,0.0,0.0
2023-02-06 00:00:00-05:00,3.2552640473407095,3.264782353978897,3.1981539805772545,3.2267091274261475,3057700,0.0,0.0
2023-02-07 00:00:00-05:00,3.3504471738418573,3.464667082483959,3.3409288670328765,3.379002094268799,6854600,0.0,0.0
2023-02-08 00:00:00-05:00,3.3599654096103198,3.407556942648984,3.3028555699639224,3.3123738765716553,3192000,0.0,0.0
2023-02-09 00:00:00-05:00,3.350447355164268,3.37900227713657,3.1791175963961105,3.1981542110443115,3162500,0.0,0.0
2023-02-10 00:00:00-05:00,3.1791176859911583,3.188635993583507,3.1124895328447155,3.1505627632141113,2583600,0.0,0.0
2023-02-13 00:00:00-05:00,3.1791177710000795,3.1981543866938122,3.1220079239188805,3.131526231765747,2031200,0.0,0.0
2023-02-14 00:00:00-05:00,3.1315260652989205,3.1886359093442533,3.122007757958032,3.1695992946624756,2431200,0.0,0.0
2023-02-15 00:00:00-05:00,3.05537938712661,3.0839343070983887,3.0268244671548317,3.0839343070983887,2603300,0.0,0.0
2023-02-16 00:00:00-05:00,3.0363431674373027,3.1124896305668477,3.0268248595461094,3.074416399002075,3065600,0.0,0.0
2023-02-17 00:00:00-05:00,3.05537938712661,3.1220075337274267,2.998269547183053,3.0839343070983887,2418300,0.0,0.0
2023-02-21 00:00:00-05:00,3.0458610876943926,3.083934314413743,2.988751247615366,3.026824474334717,2151500,0.0,0.0
2023-02-22 00:00:00-05:00,2.8459769822782555,2.93164175930699,2.836458673719507,2.865013599395752,3937900,0.0,0.0
2023-02-23 00:00:00-05:00,2.9126048148929957,2.9316414298713016,2.8650132774472317,2.884049892425537,1713200,0.0,0.0
2023-02-24 00:00:00-05:00,2.8364582838597343,2.8650132056112203,2.826939976609239,2.8459765911102295,2317400,0.0,0.0
2023-02-27 00:00:00-05:00,2.8745315128617155,2.903086434613201,2.8459765911102295,2.8459765911102295,1840200,0.0,0.0
2023-02-28 00:00:00-05:00,2.8650132655910987,2.9601963400887366,2.845976650691571,2.941159725189209,5154600,0.0,0.0
2023-03-01 00:00:00-05:00,2.9030864135489796,2.9982697122976463,2.8650131848232503,2.9601962566375732,3108700,0.0,0.0
2023-03-02 00:00:00-05:00,2.903086341432297,2.9411595692122345,2.8935680344873127,2.9221229553222656,2999800,0.0,0.0
2023-03-03 00:00:00-05:00,2.998269547183053,3.1029709204129077,2.998269547183053,3.0839343070983887,2450000,0.0,0.0
2023-03-06 00:00:00-05:00,3.036343020519856,3.0553796353811307,2.9506780267097703,2.969714641571045,1932500,0.0,0.0
2023-03-07 00:00:00-05:00,2.9221229738593086,2.931641280864674,2.7888666757841905,2.807903289794922,3482800,0.0,0.0
2023-03-08 00:00:00-05:00,2.8364583671919985,2.9030865199029328,2.798385137071465,2.8269400596618652,2747700,0.0,0.0
2023-03-09 00:00:00-05:00,2.8269398991869434,2.865013127146201,2.817421592197129,2.836458206176758,3359700,0.0,0.0
2023-03-10 00:00:00-05:00,2.9221231851287253,3.131526181320938,2.9221231851287253,3.0077881813049316,5802400,0.0,0.0
2023-03-13 00:00:00-04:00,3.3504471861876133,3.493222015782755,3.2267091972149147,3.293337345123291,13312600,0.0,0.0
2023-03-14 00:00:00-04:00,3.350447404287287,3.4456304789238317,3.29333755950536,3.407557249069214,4962400,0.0,0.0
2023-03-15 00:00:00-04:00,3.493221994686225,3.5503318354056455,3.3980386998861905,3.4361119270324707,5655400,0.0,0.0
2023-03-16 00:00:00-04:00,3.3694837162180526,3.407556942648984,3.274300650140724,3.3123738765716553,4378600,0.0,0.0
2023-03-17 00:00:00-04:00,3.3694836211403048,3.674069650927489,3.331410395783697,3.588404893875122,25267200,0.0,0.0
2023-03-20 00:00:00-04:00,3.7121434931326793,3.7692533371662655,3.6455151148258143,3.7502167224884033,4734100,0.0,0.0
2023-03-21 00:00:00-04:00,3.635996836122001,3.655033450949785,3.4837039174997284,3.5503320693969727,5471100,0.0,0.0
2023-03-22 00:00:00-04:00,3.6455151148258143,3.80732656652199,3.635996807486883,3.7502167224884033,5433900,0.0,0.0
2023-03-23 00:00:00-04:00,3.8073263992265174,3.8453996269092885,3.7216616369402824,3.788289785385132,4232400,0.0,0.0
2023-03-24 00:00:00-04:00,3.873955334932846,3.902510032890725,3.788290333321726,3.8549187183380127,5152700,0.0,0.0
2023-03-27 00:00:00-04:00,3.7216617182929888,3.797808175323035,3.6645516485861114,3.7692532539367676,3146200,0.0,0.0
2023-03-28 00:00:00-04:00,3.8358817640491365,3.9215463042499885,3.7692533848985175,3.9025096893310547,3639600,0.0,0.0
2023-03-29 00:00:00-04:00,3.816845178604126,3.8929916388678696,3.807326644136806,3.816845178604126,2034000,0.0,0.0
2023-03-30 00:00:00-04:00,3.8834736793766114,3.978656768798828,3.854918979484332,3.978656768798828,3529000,0.0,0.0
2023-03-31 00:00:00-04:00,3.9691380684816737,3.97865614900679,3.8549183789680703,3.9025096893310547,3690600,0.0,0.0
2023-04-03 00:00:00-04:00,3.902509765004175,4.016729456732599,3.8644365344280334,3.9691381454467773,3011800,0.0,0.0
2023-04-04 00:00:00-04:00,4.035766033712885,4.207096023547954,3.9786561883907634,4.140467643737793,4699300,0.0,0.0
2023-04-05 00:00:00-04:00,4.3308345587770525,4.42601764112923,4.2261329412552895,4.292761325836182,5730400,0.0,0.0
2023-04-06 00:00:00-04:00,4.283243007351064,4.3308347778691365,4.216614619399516,4.321316242218018,3259200,0.0,0.0
2023-04-10 00:00:00-04:00,4.235650383127853,4.283242144053695,4.18805907607068,4.21661376953125,3009700,0.0,0.0
2023-04-11 00:00:00-04:00,4.3022786823064765,4.397461748622594,4.254686922214087,4.264205455780029,5506800,0.0,0.0
2023-04-12 00:00:00-04:00,4.397462398955213,4.397462398955213,4.22613285424859,4.283242702484131,4202000,0.0,0.0
2023-04-13 00:00:00-04:00,4.483126707196977,4.559273159773532,4.4355349474023,4.492644786834717,6350100,0.0,0.0
2023-04-14 00:00:00-04:00,4.387944545533087,4.435535861264437,4.273724389266593,4.368907928466797,4818800,0.0,0.0
2023-04-17 00:00:00-04:00,4.292760677786331,4.34987051857614,4.197577155934646,4.21661376953125,4009500,0.0,0.0
2023-04-18 00:00:00-04:00,4.321316023607466,4.42601764112923,4.283242790666595,4.292761325836182,3855800,0.0,0.0
2023-04-19 00:00:00-04:00,4.149986502534921,4.188059735724979,4.10239473411298,4.121431350708008,3867400,0.0,0.0
2023-04-20 00:00:00-04:00,4.24516933075881,4.292761096324786,4.178540949740188,4.207096099853516,3855100,0.0,0.0
2023-04-21 00:00:00-04:00,4.197577320979627,4.27372377836005,4.149986012051206,4.1785407066345215,4190300,0.0,0.0
2023-04-24 00:00:00-04:00,4.311797853536265,4.340352550719672,4.245169470327103,4.283242702484131,5073300,0.0,0.0
2023-04-25 00:00:00-04:00,4.273724558244374,4.368908101208018,4.226133240631322,4.330834865570068,3056100,0.0,0.0
2023-04-26 00:00:00-04:00,4.378425692333094,4.387944227109876,4.254687463447234,4.27372407913208,3203000,0.0,0.0
2023-04-27 00:00:00-04:00,4.245169541478799,4.359389239864275,4.169023075888482,4.3498711585998535,3611600,0.0,0.0
2023-04-28 00:00:00-04:00,4.349870990175595,4.435535533713456,4.330834374515101,4.387944221496582,2502200,0.0,0.0
2023-05-01 00:00:00-04:00,4.445054482469995,4.445054482469995,4.25468785426647,4.321316242218018,3207400,0.0,0.0
2023-05-02 00:00:00-04:00,4.349870634051573,4.635419845581055,4.34035210006625,4.635419845581055,5010800,0.0,0.0
2023-05-03 00:00:00-04:00,4.6830120591016655,4.825786905560858,4.654456908262337,4.749639987945557,6700000,0.0,0.0
2023-05-04 00:00:00-04:00,4.911451018488667,5.168445537970779,4.892414404225869,4.930487632751465,9746800,0.0,0.0
2023-05-05 00:00:00-04:00,4.873378030623166,4.997116256376209,4.787713489144581,4.959043025970459,8628400,0.0,0.0
2023-05-08 00:00:00-04:00,5.101818428110719,5.1113365098247625,4.9780801887468495,5.02567195892334,6678800,0.0,0.0
2023-05-09 00:00:00-04:00,4.987598130505211,5.016153282583578,4.863860348482272,4.8924150466918945,5488500,0.0,0.0
2023-05-10 00:00:00-04:00,4.987597721840418,5.03518948678196,4.901933180361833,4.959043025970459,5446900,0.0,0.0
2023-05-11 00:00:00-04:00,4.863860070243869,4.892414766820012,4.740121841430664,4.740121841430664,4426100,0.0,0.0
2023-05-12 00:00:00-04:00,4.759158429148775,4.901933272796982,4.721085198025082,4.854341506958008,3618900,0.0,0.0
2023-05-15 00:00:00-04:00,4.901933193206787,4.9590430389650635,4.873378043393295,4.901933193206787,2393400,0.0,0.0
2023-05-16 00:00:00-04:00,4.863859989103824,4.940006450528206,4.74012176235485,4.787713527679443,4812600,0.0,0.0
2023-05-17 00:00:00-04:00,4.740121450076205,4.7591580641781706,4.616383231479089,4.635419845581055,6063100,0.0,0.0
2023-05-18 00:00:00-04:00,4.578310167897859,4.663975161371308,4.511681789210877,4.597346782684326,5389700,0.0,0.0
2023-05-19 00:00:00-04:00,4.616383331003652,4.71156640356553,4.549755407144683,4.587828636169434,4266400,0.0,0.0
2023-05-22 00:00:00-04:00,4.59734656016575,4.644938321762752,4.549755252437425,4.56879186630249,3166500,0.0,0.0
2023-05-23 00:00:00-04:00,4.511681954147241,4.606865485427955,4.511681954147241,4.559273719787598,3116100,0.0,0.0
2023-05-24 00:00:00-04:00,4.549755247018627,4.56879186086102,4.426017030108737,4.454571723937988,2967400,0.0,0.0
2023-05-25 00:00:00-04:00,4.368907840390375,4.416499155162293,4.321316071749715,4.359389305114746,2398300,0.0,0.0
2023-05-26 00:00:00-04:00,4.454572046127473,4.492645276566012,4.387944119794383,4.435535430908203,3118200,0.0,0.0
2023-05-30 00:00:00-04:00,4.483127299799049,4.483127299799049,4.378425686731976,4.387944221496582,5033600,0.0,0.0
2023-05-31 00:00:00-04:00,4.387944042732261,4.559273576696759,4.368907427847318,4.483127117156982,3940900,0.0,0.0
2023-06-01 00:00:00-04:00,4.502163873340398,4.644938716392755,4.473608723182441,4.559273719787598,4077700,0.0,0.0
2023-06-02 00:00:00-04:00,4.521200598585466,4.568792365381224,4.378425752066916,4.397462368011475,3344500,0.0,0.0
2023-06-05 00:00:00-04:00,4.368907671029,4.416498983956033,4.330834439139884,4.397462368011475,2357000,0.0,0.0
2023-06-06 00:00:00-04:00,4.378425856261854,4.387944391395012,4.302279390671537,4.3498711585998535,2432800,0.0,0.0
2023-06-07 00:00:00-04:00,4.426017047981678,4.578309959335803,4.3403520584106445,4.3403520584106445,3855600,0.0,0.0
2023-06-08 00:00:00-04:00,4.416498828695193,4.483127209093206,4.340352367593869,4.378425598144531,3704600,0.0,0.0
2023-06-09 00:00:00-04:00,4.3784254541103,4.387943988369194,4.292760915123715,4.302278995513916,3964800,0.0,0.0
2023-06-12 00:00:00-04:00,4.397462200469664,4.435535430908203,4.321315739592585,4.435535430908203,2990000,0.0,0.0
2023-06-13 00:00:00-04:00,4.435534975149041,4.473608201675488,4.245168842516806,4.264205455780029,3316500,0.0,0.0
2023-06-14 00:00:00-04:00,4.378426028785635,4.435535880228681,4.2737244075390075,4.311798095703125,4423900,0.0,0.0
2023-06-15 00:00:00-04:00,4.3403520584106445,4.368907206223882,4.283242216652847,4.3403520584106445,3455400,0.0,0.0
2023-06-16 00:00:00-04:00,4.3308345587770525,4.349871175247488,4.178541173144832,4.292761325836182,10391400,0.0,0.0
2023-06-20 00:00:00-04:00,4.1499859652442606,4.159504045375117,4.026247746462351,4.054802894592285,3228900,0.0,0.0
2023-06-21 00:00:00-04:00,3.9881746713209885,3.997692751817276,3.9215462923721773,3.9596195220947266,2904700,0.0,0.0
2023-06-22 00:00:00-04:00,3.9405833634349774,4.026248367162505,3.921546746369833,4.016729831695557,2230300,0.0,0.0
2023-06-23 00:00:00-04:00,4.064321208662709,4.121431054341098,4.00721136298432,4.026247978210449,2868900,0.0,0.0
2023-06-26 00:00:00-04:00,4.045284437326496,4.06432105181799,3.9786560596719185,4.007211208343506,2124400,0.0,0.0
2023-06-27 00:00:00-04:00,4.026247931406474,4.035766011974539,3.8453998619261944,3.873955011367798,3226800,0.0,0.0
2023-06-28 00:00:00-04:00,3.8834730919358638,3.9215463219455327,3.8549183963629634,3.873955011367798,3033100,0.0,0.0
2023-06-29 00:00:00-04:00,3.835881688321156,3.9596194559170446,3.7882899250290274,3.950101375579834,2320300,0.0,0.0
2023-06-30 00:00:00-04:00,3.9120280486248955,4.007211118959229,3.883472900590255,3.997692584991455,2524700,0.0,0.0
2023-07-03 00:00:00-04:00,4.026247900379541,4.0738396644592285,4.0072112855214055,4.0738396644592285,1837100,0.0,0.0
2023-07-05 00:00:00-04:00,4.07383967747016,4.07383967747016,3.9025096893310547,3.9025096893310547,2701000,0.0,0.0
2023-07-06 00:00:00-04:00,3.854918341914692,3.854918341914692,3.683588355422406,3.6931068897247314,3846900,0.0,0.0
2023-07-07 00:00:00-04:00,3.73117995262146,3.769253180393624,3.674069884028876,3.73117995262146,3207800,0.0,0.0
2023-07-10 00:00:00-04:00,3.674070181524036,3.8358818665265515,3.674070181524036,3.7978084087371826,2668200,0.0,0.0
2023-07-11 00:00:00-04:00,3.8453999272264845,3.9405830038669993,3.8358818464967883,3.8834731578826904,3556300,0.0,0.0
2023-07-12 00:00:00-04:00,4.016729491458327,4.23565079609813,3.99769287600568,4.207096099853516,3924800,0.0,0.0
2023-07-13 00:00:00-04:00,4.340351908832924,4.349870442398866,4.226132229253582,4.264205455780029,2944500,0.0,0.0
2023-07-14 00:00:00-04:00,4.283242521767876,4.435535443970524,4.283242521767876,4.378425598144531,3112900,0.0,0.0
2023-07-17 00:00:00-04:00,4.302279455067199,4.387944457072891,4.235651069744024,4.359389305114746,2683200,0.0,0.0
2023-07-18 00:00:00-04:00,4.435535208992287,4.473608437525971,4.3879439002595255,4.406980514526367,3443800,0.0,0.0
2023-07-19 00:00:00-04:00,4.4069810077925915,4.4260176241901705,4.2927613094071155,4.3498711585998535,2702800,0.0,0.0
2023-07-20 00:00:00-04:00,4.416499105959643,4.416499105959643,4.273724255497009,4.292761325836182,3062900,0.0,0.0
2023-07-21 00:00:00-04:00,4.245169470327103,4.302279318562644,4.245169470327103,4.283242702484131,1551800,0.0,0.0
2023-07-24 00:00:00-04:00,4.302279490099986,4.311798025453123,4.216614487396737,4.245169639587402,1901900,0.0,0.0
2023-07-25 00:00:00-04:00,4.27372407913208,4.292761148685646,4.216614232077542,4.27372407913208,1920000,0.0,0.0
2023-07-26 00:00:00-04:00,4.2737242491194065,4.2737242491194065,4.149986469180597,4.235651016235352,2315900,0.0,0.0
2023-07-27 00:00:00-04:00,4.149985882284595,4.178540575975028,3.9786559046673027,3.9881744384765625,3400300,0.0,0.0
2023-07-28 00:00:00-04:00,4.092876434326172,4.121431130760472,4.05480320316796,4.092876434326172,1692900,0.0,0.0
2023-07-31 00:00:00-04:00,4.035766046124965,4.121431041305964,4.016729430959043,4.083357810974121,4941700,0.0,0.0
2023-08-01 00:00:00-04:00,3.9215462317162326,3.9405828462830614,3.8453997734489183,3.864436388015747,2916000,0.0,0.0
2023-08-02 00:00:00-04:00,3.7882899634045035,3.8168451124427833,3.6645517406864516,3.6931068897247314,3786700,0.0,0.0
2023-08-03 00:00:00-04:00,3.702625269454129,3.7502168072241098,3.655033504749796,3.674070119857788,2562200,0.0,0.0
2023-08-04 00:00:00-04:00,3.7502165665075418,3.8168449420431667,3.7216616456784193,3.73117995262146,2456900,0.0,0.0
2023-08-07 00:00:00-04:00,3.778771408149451,3.788289714893028,3.693106647457257,3.7216615676879883,1747200,0.0,0.0
2023-08-08 00:00:00-04:00,3.6931068018474833,3.7692532589794006,3.674069960630161,3.7406983375549316,2296000,0.0,0.0
2023-08-09 00:00:00-04:00,3.7216616456784193,3.740698259564501,3.6835881909719173,3.73117995262146,1780700,0.0,0.0
2023-08-10 00:00:00-04:00,3.788289794279706,3.8073264081657876,3.712143338735378,3.73117995262146,2421700,0.0,0.0
2023-08-11 00:00:00-04:00,3.6931068068642565,3.740698342636354,3.683588272775494,3.7121434211730957,1893300,0.0,0.0
2023-08-14 00:00:00-04:00,3.607441575779648,3.6931065614102363,3.578886656214228,3.6835880279541016,3010300,0.0,0.0
2023-08-15 00:00:00-04:00,3.674069721432295,3.74069809401927,3.635996495345068,3.6835880279541016,3467700,0.0,0.0
2023-08-16 00:00:00-04:00,3.6455150428398664,3.731180034133015,3.6264784285379097,3.6550333499908447,3527700,0.0,0.0
2023-08-17 00:00:00-04:00,3.5503320126622304,3.5598503199240183,3.321892411444965,3.3694839477539062,5070600,0.0,0.0
2023-08-18 00:00:00-04:00,3.2647825731546063,3.350447338649253,3.2457459586002404,3.3409290313720703,2783300,0.0,0.0
2023-08-21 00:00:00-04:00,3.350447416305542,3.359965723803339,3.2933375713187587,3.350447416305542,2501900,0.0,0.0
2023-08-22 00:00:00-04:00,3.3885204010777796,3.39803870788676,3.331410560223896,3.379002094268799,2260900,0.0,0.0
2023-08-23 00:00:00-04:00,3.626478478996043,3.8739549222335072,3.626478478996043,3.864436388015747,6802000,0.0,0.0
2023-08-24 00:00:00-04:00,3.82636315888209,3.9120281513671644,3.7597350078981897,3.864436388015747,5486300,0.0,0.0
2023-08-25 00:00:00-04:00,3.912028568122512,3.9786564992700577,3.816845485148346,3.8549187183380127,3543700,0.0,0.0
2023-08-28 00:00:00-04:00,3.8168451491302027,3.95010145356274,3.7882899998174513,3.9025096893310547,2767300,0.0,0.0
2023-08-29 00:00:00-04:00,3.835881933948424,3.912028396996847,3.7978084754898522,3.892991781234741,3074600,0.0,0.0
2023-08-30 00:00:00-04:00,4.016729456732599,4.111912987041663,3.9501015301587064,3.9691381454467773,2418400,0.0,0.0
2023-08-31 00:00:00-04:00,3.988174598511845,4.035765907861843,3.9025096062656814,3.921546220779419,2721400,0.0,0.0
2023-09-01 00:00:00-04:00,4.064321130766087,4.092876279992349,3.9596195220947266,3.9596195220947266,3258600,0.0,0.0
2023-09-05 00:00:00-04:00,3.902509459542854,3.940582687138888,3.8453996181488037,3.8453996181488037,2726200,0.0,0.0
2023-09-06 00:00:00-04:00,3.8834728359180706,4.111912654784901,3.8739547559774836,3.9881744384765625,5374600,0.0,0.0
2023-09-07 00:00:00-04:00,4.026247901043537,4.026247901043537,3.9215462923721773,3.9596195220947266,2258000,0.0,0.0
2023-09-08 00:00:00-04:00,3.9405832290649414,4.007211613455361,3.9215466126489265,3.9405832290649414,2051500,0.0,0.0
2023-09-11 00:00:00-04:00,4.026247665976256,4.054802813535362,3.9786559046673027,3.9881744384765625,1735100,0.0,0.0
2023-09-12 00:00:00-04:00,3.9691379793605166,4.054802971506588,3.9501013648690217,4.007211208343506,1709500,0.0,0.0
2023-09-13 00:00:00-04:00,4.007211516169692,4.054803282988681,3.9976929812584037,4.045284748077393,1534600,0.0,0.0
2023-09-14 00:00:00-04:00,3.978656597565267,4.064321601292795,3.9310652818367813,4.016729831695557,2435800,0.0,0.0
2023-09-15 00:00:00-04:00,4.0738398839497405,4.2356508920276,4.064321349073483,4.1023945808410645,7117300,0.0,0.0
2023-09-18 00:00:00-04:00,4.130949885939892,4.16902311912995,4.092876652749835,4.121431350708008,2993600,0.0,0.0
2023-09-19 00:00:00-04:00,4.083357507225795,4.102394120975641,3.94058267716761,3.9881744384765625,2995600,0.0,0.0
2023-09-20 00:00:00-04:00,4.064321618914506,4.406981181441535,4.064321618914506,4.311798095703125,5182700,0.0,0.0
2023-09-21 00:00:00-04:00,4.15950434791299,4.264205960179883,4.111913036059831,4.149986267089844,3215500,0.0,0.0
2023-09-22 00:00:00-04:00,4.254687347467413,4.273723962633334,4.073839730325514,4.083357810974121,2350400,0.0,0.0
2023-09-25 00:00:00-04:00,4.054802982501302,4.054802982501302,3.8644363832014794,3.950101375579834,4485900,0.0,0.0
2023-09-26 00:00:00-04:00,3.9501013026477936,4.035765839575803,3.9120280742645264,3.9120280742645264,3962200,0.0,0.0
2023-09-27 00:00:00-04:00,3.8739549566506466,3.8739549566506466,3.6645517406864516,3.6931068897247314,4321200,0.0,0.0
2023-09-28 00:00:00-04:00,3.645515125950497,3.712143504460686,3.626478511214543,3.6931068897247314,4981800,0.0,0.0
2023-09-29 00:00:00-04:00,3.664551508238173,3.6740698150023894,3.512258600010717,3.5788867473602295,5770500,0.0,0.0
2023-10-02 00:00:00-04:00,3.3980388695392714,3.445630405848213,3.3409290259685416,3.3694839477539062,5167700,0.0,0.0
2023-10-03 00:00:00-04:00,3.4170753054342233,3.6074416676528775,3.398038691905791,3.5788867473602295,6552300,0.0,0.0
2023-10-04 00:00:00-04:00,3.5693686842247567,3.588405299052541,3.5027405323275125,3.5503320693969727,3567200,0.0,0.0
2023-10-05 00:00:00-04:00,3.4932220670260965,3.6074417508302714,3.4837037600424154,3.5598502159118652,3251000,0.0,0.0
2023-10-06 00:00:00-04:00,3.5884050426357996,3.6835881099732215,3.5788867359020573,3.6645514965057373,3452500,0.0,0.0
2023-10-09 00:00:00-04:00,3.8453996181488037,3.873954765780166,3.7787714698557444,3.8453996181488037,3363700,0.0,0.0
2023-10-10 00:00:00-04:00,4.035766213166105,4.092876514896382,3.9786563653045532,4.045284748077393,5107600,0.0,0.0
2023-10-11 00:00:00-04:00,4.31179816043566,4.359389477084971,4.216614619399516,4.321316242218018,7674200,0.0,0.0
2023-10-12 00:00:00-04:00,4.378933641108351,4.417345303564317,4.24449282251247,4.292507171630859,4124500,0.04,0.0
2023-10-13 00:00:00-04:00,4.494167887282028,4.72463828191096,4.407741889961357,4.667020797729492,8519800,0.0,0.0
2023-10-16 00:00:00-04:00,4.75344705581665,4.801461857553419,4.628609395526607,4.75344705581665,5742000,0.0,0.0
2023-10-17 00:00:00-04:00,4.753447071533609,4.868682504502254,4.743844385896356,4.859079360961914,4110400,0.0,0.0
2023-10-18 00:00:00-04:00,4.830270648113858,4.8782849901377885,4.657417734699121,4.695829391479492,7125000,0.0,0.0
2023-10-19 00:00:00-04:00,4.676624081557012,4.676624081557012,4.542183267921112,4.657418251037598,5032100,0.0,0.0
2023-10-20 00:00:00-04:00,4.667020975688164,4.897490921202109,4.657417832340211,4.72463846206665,6822800,0.0,0.0
2023-10-23 00:00:00-04:00,4.657418033602267,4.734241352093365,4.551785741725458,4.638212203979492,5012400,0.0,0.0
2023-10-24 00:00:00-04:00,4.455756886766509,4.599800847365865,4.426948369388514,4.580595016479492,3823700,0.0,0.0
2023-10-25 00:00:00-04:00,4.5325799410460075,4.6190064038519285,4.4845655956340185,4.494168281555176,4107700,0.0,0.0
2023-10-26 00:00:00-04:00,4.551785728400781,4.580594701702157,4.484565553869396,4.5325798988342285,4287900,0.0,0.0
2023-10-27 00:00:00-04:00,4.522976995048189,4.570991795602369,4.369330365919731,4.513373851776123,5040400,0.0,0.0
2023-10-30 00:00:00-04:00,4.54218290560028,4.54218290560028,4.407742102688453,4.436550617218018,3048700,0.0,0.0
2023-10-31 00:00:00-04:00,4.378932891760989,4.455756203526489,4.292506437073274,4.311712265014648,3385400,0.0,0.0
2023-11-01 00:00:00-04:00,4.292506417664204,4.388536014839927,4.282903732688465,4.350124359130859,3206500,0.0,0.0
2023-11-02 00:00:00-04:00,4.398139472336334,4.417345303564317,4.24449282251247,4.292507171630859,2975300,0.0,0.0
2023-11-03 00:00:00-04:00,4.417344502702885,4.782255687779558,4.398138674956904,4.743844032287598,6913000,0.0,0.0
2023-11-06 00:00:00-05:00,4.715035577818264,4.782256211238596,4.676623918121817,4.705432891845703,3036900,0.0,0.0
2023-11-07 00:00:00-05:00,4.542182783770577,4.580594440715113,4.436550498221567,4.551785469055176,3747300,0.0,0.0
2023-11-08 00:00:00-05:00,4.5325799410460075,4.6190064038519285,4.455756622064344,4.494168281555176,3161200,0.0,0.0
2023-11-09 00:00:00-05:00,4.494167696540233,4.5421824936051385,4.330918393906243,4.359726905822754,6735900,0.0,0.0
2023-11-10 00:00:00-05:00,4.321316147424402,4.3501251232179445,4.24449282251247,4.292507171630859,3026800,0.0,0.0
2023-11-13 00:00:00-05:00,4.647815211135382,4.686226869251947,4.532579778882598,4.542182922363281,4587300,0.0,0.0
2023-11-14 00:00:00-05:00,4.926300225395346,5.2527993368807895,4.9070943953079675,5.195181846618652,10854100,0.0,0.0
2023-11-15 00:00:00-05:00,5.233593066387287,5.243196209574427,5.108755410275949,5.156769752502441,5955700,0.0,0.0
2023-11-16 00:00:00-05:00,5.118358017979922,5.377636927362859,5.108755332841401,5.233592987060547,5917300,0.0,0.0
2023-11-17 00:00:00-05:00,5.300813755125047,5.300813755125047,5.15676981100527,5.223990440368652,3650600,0.0,0.0
2023-11-20 00:00:00-05:00,5.214387591852231,5.310417198629543,5.195181762077389,5.272005081176758,3240700,0.0,0.0
2023-11-21 00:00:00-05:00,5.377637048045508,5.569695792059713,5.368034362691488,5.473666191101074,7109900,0.0,0.0
2023-11-22 00:00:00-05:00,5.540886919599596,5.560092748555277,5.406446116909824,5.502475261688232,3335500,0.0,0.0
2023-11-24 00:00:00-05:00,5.521681188675515,5.61771033515882,5.483269530082194,5.531284332275391,2917700,0.0,0.0
2023-11-27 00:00:00-05:00,5.694533746641141,5.71373957625583,5.569696083097205,5.665725231170654,3953900,0.0,0.0
2023-11-28 00:00:00-05:00,5.809768855802159,5.9826213126224035,5.800165712582832,5.973018169403076,5946800,0.0,0.0
2023-11-29 00:00:00-05:00,6.001827239990234,6.069047869923233,5.905798095731007,6.001827239990234,4698900,0.0,0.0
2023-11-30 00:00:00-05:00,5.857783411809359,6.001827360030713,5.819371753337409,5.992224216461182,4085100,0.0,0.0
2023-12-01 00:00:00-05:00,5.963416013148512,6.08825413865671,5.93460703883773,6.040239334106445,7057000,0.0,0.0
2023-12-04 00:00:00-05:00,5.876988926926701,5.925003726401844,5.761753957670035,5.8385772705078125,6393700,0.0,0.0
2023-12-05 00:00:00-05:00,5.771357559575598,5.828975048784785,5.656122123254125,5.732945442199707,5413000,0.0,0.0
2023-12-06 00:00:00-05:00,5.819371400707682,5.91540054106859,5.723342260346776,5.77135705947876,4031900,0.0,0.0
2023-12-07 00:00:00-05:00,5.80976839230007,5.828974219303416,5.656121318370268,5.723341941833496,3348900,0.0,0.0
2023-12-08 00:00:00-05:00,5.579298982356079,5.723342938927351,5.569696296132989,5.68493127822876,4374100,0.0,0.0
2023-12-11 00:00:00-05:00,5.665725028296117,5.867386460980948,5.636916055954106,5.857783317565918,5668300,0.0,0.0
2023-12-12 00:00:00-05:00,5.406446281189829,5.454460626086453,5.195181698354774,5.3488287925720215,8577900,0.0,0.0
2023-12-13 00:00:00-05:00,5.195181718756109,5.665725231170654,5.195181718756109,5.665725231170654,6147700,0.0,0.0
2023-12-14 00:00:00-05:00,6.001827405937022,6.107459696494379,5.742548480316667,5.848180770874023,6124100,0.0,0.0
2023-12-15 00:00:00-05:00,5.8097697516031,5.8673872460938155,5.742549112412361,5.800166606903076,11228300,0.0,0.0
2023-12-18 00:00:00-05:00,5.723341941833496,5.771356738293378,5.627312806816766,5.723341941833496,3786600,0.0,0.0
2023-12-19 00:00:00-05:00,5.896195008636757,6.193885587633563,5.886592323070709,6.069047927856445,6921200,0.0,0.0
2023-12-20 00:00:00-05:00,6.059444667393898,6.1074594680063345,5.92500386674338,5.934606552124023,4170900,0.0,0.0
2023-12-21 00:00:00-05:00,6.088254017349118,6.117062533182781,6.0114306979218775,6.049842357635498,2751500,0.0,0.0
2023-12-22 00:00:00-05:00,6.2322968786259505,6.3187233331453365,6.049841742489779,6.059444427490234,3133900,0.0,0.0
2023-12-26 00:00:00-05:00,6.069047570393747,6.14587088200962,5.973017972970848,6.059444427490234,1844100,0.0,0.0
2023-12-27 00:00:00-05:00,6.165077031856209,6.261106176390729,6.088253716228594,6.107459545135498,3348000,0.0,0.0
2023-12-28 00:00:00-05:00,6.107459509491008,6.1266653382858225,5.876989106050156,5.896194934844971,3362500,0.0,0.0
2023-12-29 00:00:00-05:00,5.982621755034562,6.030636558875727,5.828975115387801,5.905798435211182,4618300,0.0,0.0
2024-01-02 00:00:00-05:00,6.040238695658509,6.088253495133651,5.819371442298368,5.8385772705078125,4428400,0.0,0.0
2024-01-03 00:00:00-05:00,5.675327737129796,5.771357340062393,5.627313393566579,5.713739395141602,4627400,0.0,0.0
2024-01-04 00:00:00-05:00,5.7137396124633115,5.838577734701432,5.6753279529905205,5.732945442199707,2566800,0.0,0.0
2024-01-05 00:00:00-05:00,5.6849310607853445,5.809769182232376,5.598504598567692,5.665725231170654,3195900,0.0,0.0
2024-01-08 00:00:00-05:00,5.540886681515952,5.646518965184879,5.512077710368766,5.627313137054443,2797800,0.0,0.0
2024-01-09 00:00:00-05:00,5.598504714281424,5.627313688250451,5.396843270207556,5.444858074188232,4715200,0.0,0.0
2024-01-10 00:00:00-05:00,5.435254671809885,5.4928721591053895,5.377637184514381,5.46406364440918,2594200,0.0,0.0
2024-01-11 00:00:00-05:00,5.368034105323617,5.444857416084813,5.320019307146344,5.387239933013916,3602800,0.0,0.0
2024-01-12 00:00:00-05:00,5.742548450594117,5.838577597011459,5.608107645609838,5.636916160583496,3531000,0.0,0.0
2024-01-16 00:00:00-05:00,5.512077988203892,5.560092789901688,5.435254671809885,5.46406364440918,4209900,0.0,0.0
2024-01-17 00:00:00-05:00,5.2335930078442185,5.37763694871856,5.185578666154815,5.3392252922058105,6352300,0.0,0.0
2024-01-18 00:00:00-05:00,5.329623125904763,5.377637472268694,5.252799347496874,5.300814151763916,3904000,0.0,0.0
2024-01-19 00:00:00-05:00,5.339226154998463,5.435255311798175,5.300814492278579,5.416049480438232,3293000,0.0,0.0
2024-01-22 00:00:00-05:00,5.310417210906224,5.406446360002437,5.291211381086981,5.3776373863220215,2831500,0.0,0.0
2024-01-23 00:00:00-05:00,5.444857989889146,5.531284452555037,5.377637356937553,5.521681308746338,3818200,0.0,0.0
2024-01-24 00:00:00-05:00,5.8577833263198835,5.8577833263198835,5.47366628930317,5.502475261688232,6185100,0.0,0.0
2024-01-25 00:00:00-05:00,5.973018169403076,6.107459427055226,5.896194855260745,5.973018169403076,6466900,0.0,0.0
2024-01-26 00:00:00-05:00,6.069048308417226,6.165077459614644,6.0210335038669625,6.040239334106445,3568900,0.0,0.0
2024-01-29 00:00:00-05:00,6.145871285567914,6.145871285567914,5.963415679548046,6.030636310577393,4122600,0.0,0.0
2024-01-30 00:00:00-05:00,6.222694397935775,6.222694397935775,5.79056302695675,5.867386341094971,7544800,0.0,0.0
2024-01-31 00:00:00-05:00,5.925003747375646,6.126665173240199,5.896194776007967,5.944209575653076,7318800,0.0,0.0
2024-02-01 00:00:00-05:00,6.078650472557497,6.491576474099421,6.078650472557497,6.433958530426025,12630700,0.0,0.0
2024-02-02 00:00:00-05:00,6.126665929350377,6.165077590645737,6.0114309454643,6.136268615722656,6456900,0.0,0.0
2024-02-05 00:00:00-05:00,5.915400861923628,5.963415663659964,5.8193717163540395,5.925004005432129,4133100,0.0,0.0
2024-02-06 00:00:00-05:00,5.905798217400595,5.91540090307281,5.809769071163002,5.886592388153076,3229200,0.0,0.0
2024-02-07 00:00:00-05:00,5.838577668923454,5.8961951574835165,5.809769153594971,5.809769153594971,2827100,0.0,0.0
2024-02-08 00:00:00-05:00,5.732945363708325,5.800165995816922,5.694533704761438,5.704136848449707,2873400,0.0,0.0
2024-02-09 00:00:00-05:00,5.684930621445751,5.704136449576187,5.588901480793572,5.627313137054443,3111700,0.0,0.0
2024-02-12 00:00:00-05:00,5.665725133460243,5.684930962743711,5.627313474893306,5.636916160583496,4962500,0.0,0.0
2024-02-13 00:00:00-05:00,5.444857781825621,5.4544604673642745,5.214387376157875,5.252799034118652,5365200,0.0,0.0
2024-02-14 00:00:00-05:00,5.223990616693754,5.3104170776633834,5.195181643736181,5.2816081047058105,3304600,0.0,0.0
2024-02-15 00:00:00-05:00,5.387240530183194,5.464063849460164,5.348828870544709,5.3776373863220215,3516100,0.0,0.0
2024-02-16 00:00:00-05:00,5.339225648850839,5.4160489670079155,5.32001981931157,5.3488287925720215,2345400,0.0,0.0
2024-02-20 00:00:00-05:00,5.473666755749463,5.48326989999719,5.320020111010792,5.396843433380127,2509900,0.0,0.0
2024-02-21 00:00:00-05:00,5.4064459200546535,5.4064459200546535,5.2816078074366875,5.3392252922058105,2767900,0.0,0.0
2024-02-22 00:00:00-05:00,5.483269473507682,5.5216811317046846,5.368034498916672,5.46406364440918,3935200,0.0,0.0
2024-02-23 00:00:00-05:00,5.454460402574276,5.464063545901942,5.281607943803981,5.4352545738220215,4560000,0.0,0.0
2024-02-26 00:00:00-05:00,5.348828177712521,5.368034005044038,5.29121069571797,5.358430862426758,2649500,0.0,0.0
2024-02-27 00:00:00-05:00,5.3968431799484105,5.4352548393292945,5.310417175292969,5.310417175292969,2547900,0.0,0.0
2024-02-28 00:00:00-05:00,5.377637129339847,5.483269417249362,5.195181525824534,5.291211128234863,4526300,0.0,0.0
2024-02-29 00:00:00-05:00,5.569695670444538,5.656121668355886,5.454460243390969,5.483269214630127,5327400,0.0,0.0
2024-03-01 00:00:00-05:00,5.598504557394223,5.713739534234882,5.49287226633874,5.704136848449707,10049200,0.0,0.0
2024-03-04 00:00:00-05:00,5.963415445265853,6.520384927075033,5.886592131623631,6.510782241821289,11019600,0.0,0.0
2024-03-05 00:00:00-05:00,6.616414208894092,6.712443352975407,6.510782379356186,6.6068115234375,9180400,0.0,0.0
2024-03-06 00:00:00-05:00,6.606812043496429,6.914105328745398,6.5299887221841875,6.779664516448975,7828800,0.0,0.0
2024-03-07 00:00:00-05:00,6.798870183505267,6.914105162706314,6.693237890286087,6.82767915725708,5645700,0.0,0.0
2024-03-08 00:00:00-05:00,6.85648775100708,6.942914215341368,6.750855914490848,6.85648775100708,5207700,0.0,0.0
2024-03-11 00:00:00-04:00,6.8948992095842065,7.682339135854397,6.866090694250486,7.615118503570557,14037200,0.0,0.0
2024-03-12 00:00:00-04:00,7.269413405678592,7.5478981563437975,7.21179591842749,7.451869010925293,10639600,0.0,0.0
2024-03-13 00:00:00-04:00,7.490280666416009,7.749559130001774,7.480677522926048,7.557500839233398,8309600,0.0,0.0
2024-03-14 00:00:00-04:00,7.403854587111445,7.509486881414161,7.346237096919902,7.423060417175293,7861500,0.0,0.0
2024-03-15 00:00:00-04:00,7.355839686961945,7.451869293930523,7.2694136817545685,7.394251346588135,25761900,0.0,0.0
2024-03-18 00:00:00-04:00,7.288619682079483,7.346237172866687,7.173384242601963,7.240604877471924,6646100,0.0,0.0
2024-03-19 00:00:00-04:00,7.202192645431304,7.298221789123106,6.92370789977354,7.106163501739502,7125600,0.0,0.0
2024-03-20 00:00:00-04:00,7.2598105208923975,7.720750893230157,7.231002005191781,7.643927574157715,9548900,0.0,0.0
2024-03-21 00:00:00-04:00,7.807176951368597,7.855191752251057,7.471074718900608,7.567103862762451,7347300,0.0,0.0
2024-03-22 00:00:00-04:00,7.442265889471491,7.499883376893223,7.365442572909182,7.413456916809082,4479200,0.0,0.0
2024-03-25 00:00:00-04:00,7.480677386343364,7.69194196023438,7.4422657288910115,7.4614715576171875,3693400,0.0,0.0
2024-03-26 00:00:00-04:00,7.682339184067903,7.682339184067903,7.451869228339353,7.471075057983398,2700600,0.0,0.0
2024-03-27 00:00:00-04:00,7.547898148090194,7.768765411262779,7.528692319027495,7.701545238494873,4559000,0.0,0.0
2024-03-28 00:00:00-04:00,7.884000821166523,7.96082414166119,7.730354180177188,7.8455891609191895,6040100,0.0,0.0
2024-04-01 00:00:00-04:00,8.03764656438518,8.114469876299014,7.711147030848335,7.768764972686768,6534800,0.0,0.0
2024-04-02 00:00:00-04:00,8.047249874142997,8.268116671522238,7.9896319311101625,8.076058387756348,7344100,0.0,0.0
2024-04-03 00:00:00-04:00,8.220104292391616,8.344941512840338,8.124074675024271,8.248912811279297,6726000,0.0,0.0
2024-04-04 00:00:00-04:00,8.354544657738334,8.517794457779036,8.162486338809948,8.248912811279297,9760700,0.0,0.0
2024-04-05 00:00:00-04:00,8.37375008219678,8.58501375328301,8.296926762564295,8.488985061645508,8208600,0.0,0.0
2024-04-08 00:00:00-04:00,8.66183729955723,8.767469126695927,8.402557929572062,8.575410842895508,5934800,0.0,0.0
2024-04-09 00:00:00-04:00,8.930718530176383,8.940321672923627,8.585012717724409,8.671439170837402,6258000,0.0,0.0
2024-04-10 00:00:00-04:00,8.450573125094847,8.690646220036141,8.412161466536485,8.508190155029297,7234100,0.0,0.0
2024-04-11 00:00:00-04:00,8.767834349077217,8.971286891504517,8.535317421714629,8.951910018920898,7698800,0.078,0.0
2024-04-12 00:00:00-04:00,9.368504447679355,9.494451359854079,8.748458324036152,8.825963973999023,10437700,0.0,0.0
2024-04-15 00:00:00-04:00,9.077857459884099,9.087545896753284,8.622511090374466,8.738770484924316,9731900,0.0,0.0
2024-04-16 00:00:00-04:00,8.56438234480579,8.700016765653357,8.409371050157029,8.593446731567383,8025800,0.0,0.0
2024-04-17 00:00:00-04:00,8.767835407089745,8.971287974067616,8.622511616996839,8.796899795532227,5906600,0.0,0.0
2024-04-18 00:00:00-04:00,8.893782050427909,9.029416474974074,8.709705440057796,8.835652351379395,5822400,0.0,0.0
2024-04-19 00:00:00-04:00,8.796899349168282,9.039104729759787,8.767834962200556,9.000351905822754,6157500,0.0,0.0
2024-04-22 00:00:00-04:00,8.399682730302201,8.496565252777788,8.099347649780047,8.438435554504395,6293700,0.0,0.0
2024-04-23 00:00:00-04:00,8.176852925106171,8.506252377765692,8.138100102672121,8.496564865112305,6767500,0.0,0.0
2024-04-24 00:00:00-04:00,8.399681577237683,8.496564086413743,8.322175939472865,8.467498779296875,4248700,0.0,0.0
2024-04-25 00:00:00-04:00,8.428746886729407,8.893781688365472,8.39968250035846,8.748457908630371,6536100,0.0,0.0
2024-04-26 00:00:00-04:00,8.796898624080171,8.864715829395065,8.54500482728181,8.690328598022461,4270000,0.0,0.0
2024-04-29 00:00:00-04:00,8.80658802347842,8.942222448943332,8.651576723552676,8.825963973999023,4797400,0.0,0.0
2024-04-30 00:00:00-04:00,8.477188348792428,8.670952469119642,8.283424228465213,8.302800178527832,5590700,0.0,0.0
2024-05-01 00:00:00-04:00,8.409370867264023,8.61282341805074,8.234982702606787,8.341552734375,3649800,0.0,0.0
2024-05-02 00:00:00-04:00,8.234981741134517,8.331864248841539,8.138099233427495,8.205917358398438,4968300,0.0,0.0
2024-05-03 00:00:00-04:00,8.205918580334327,8.3609298765961,8.050907284072556,8.302800178527832,3675000,0.0,0.0
2024-05-06 00:00:00-04:00,8.63220003119152,8.748458508588346,8.564382817028433,8.661264419555664,3179700,0.0,0.0
2024-05-07 00:00:00-04:00,8.506252170863307,8.60313468656199,8.438434964238315,8.525629043579102,2806400,0.0,0.0
2024-05-08 00:00:00-04:00,8.37061822649484,8.632199555229572,8.360929789594241,8.593446731567383,2388500,0.0,0.0
2024-05-09 00:00:00-04:00,8.700015948437574,8.913156920528817,8.641887180374578,8.85502815246582,5148300,0.0,0.0
2024-05-10 00:00:00-04:00,9.145674336680978,9.18442715880479,8.913157403938108,8.922845840454102,4241500,0.0,0.0
2024-05-13 00:00:00-04:00,8.884093284606934,8.980975804790335,8.748457941138211,8.884093284606934,2488900,0.0,0.0
2024-05-14 00:00:00-04:00,8.913157139100804,9.058480910702201,8.874404318128457,8.96159839630127,2551400,0.0,0.0
2024-05-15 00:00:00-04:00,9.116609720880419,9.28130944173302,8.971286872570541,9.097233772277832,5079700,0.0,0.0
2024-05-16 00:00:00-04:00,9.116609987880993,9.252245327832036,9.01972839415039,9.058481216430664,3983500,0.0,0.0
2024-05-17 00:00:00-04:00,9.25224546239031,9.5332036589934,9.174739816702573,9.455698013305664,6248500,0.0,0.0
2024-05-20 00:00:00-04:00,9.678526082545535,9.843225803280514,9.571956055457074,9.794784545898438,4955300,0.0,0.0
2024-05-21 00:00:00-04:00,9.81416251909915,9.930420995490604,9.775409693635334,9.911044120788574,3648300,0.0,0.0
2024-05-22 00:00:00-04:00,9.726968048999451,9.756032435971363,9.329751372602553,9.416945457458496,4916600,0.0,0.0
2024-05-23 00:00:00-04:00,9.38787919678376,9.446008888786867,8.835651280484749,8.85502815246582,6695700,0.0,0.0
2024-05-24 00:00:00-04:00,9.019728089729854,9.116609680190654,8.893781190584697,8.96159839630127,3214100,0.0,0.0
2024-05-28 00:00:00-04:00,9.126298543927216,9.232868575608256,8.961598816094588,9.039104461669922,2754300,0.0,0.0
2024-05-29 00:00:00-04:00,8.864716317941673,8.971287273812779,8.641887817375133,8.758146286010742,3556400,0.0,0.0
2024-05-30 00:00:00-04:00,8.81627581059866,9.058481179857521,8.81627581059866,8.922845840454102,3391900,0.0,0.0
2024-05-31 00:00:00-04:00,8.903469714432019,8.971287851793816,8.670952762180747,8.816276550292969,3320900,0.0,0.0
2024-06-03 00:00:00-04:00,8.961597910352124,9.010039164925828,8.787209763462824,8.893780708312988,2683200,0.0,0.0
2024-06-04 00:00:00-04:00,8.738770297280821,8.738770297280821,8.40937084232307,8.486876487731934,4120000,0.0,0.0
2024-06-05 00:00:00-04:00,8.496565602865346,8.76783538345794,8.399683076397867,8.661264419555664,3144700,0.0,0.0
2024-06-06 00:00:00-04:00,8.661263598163254,8.961598662577913,8.622510776039443,8.922845840454102,2467400,0.0,0.0
2024-06-07 00:00:00-04:00,8.419057959262025,8.457810780144676,7.886206903110605,7.983088493347168,7777600,0.0,0.0
2024-06-10 00:00:00-04:00,8.031529632357568,8.041218068420825,7.8571414789793925,8.00246524810791,3711200,0.0,0.0
2024-06-11 00:00:00-04:00,7.905583530469317,8.041218877176268,7.789325057837734,7.954024791717529,2679500,0.0,0.0
2024-06-12 00:00:00-04:00,8.331865825933718,8.389994602408748,8.079971997367947,8.118724822998047,2751900,0.0,0.0
2024-06-13 00:00:00-04:00,8.070283264115462,8.176853299706275,7.983089178659247,8.021842002868652,2830700,0.0,0.0
2024-06-14 00:00:00-04:00,8.244671464614331,8.273735851890631,8.070283293076098,8.157477378845215,3384900,0.0,0.0
2024-06-17 00:00:00-04:00,8.060595242032926,8.157477769514003,7.983089589624167,8.099348068237305,2341500,0.0,0.0
2024-06-18 00:00:00-04:00,8.147788539265676,8.59344645922735,8.147788539265676,8.496564865112305,3093600,0.0,0.0
2024-06-20 00:00:00-04:00,8.709705174316758,8.81627613199742,8.632199527243653,8.738770484924316,3033700,0.0,0.0
2024-06-21 00:00:00-04:00,8.825963644926412,8.825963644926412,8.612823577445473,8.738770484924316,8550000,0.0,0.0
2024-06-24 00:00:00-04:00,8.903469987827437,8.990664078584159,8.738771167880621,8.7775239944458,3343700,0.0,0.0
2024-06-25 00:00:00-04:00,8.855027889442042,8.961597910352124,8.79689819916558,8.893780708312988,2689000,0.0,0.0
2024-06-26 00:00:00-04:00,8.680640846808078,8.806587755145252,8.680640846808078,8.729082107543945,2429900,0.0,0.0
2024-06-27 00:00:00-04:00,8.980975804790335,9.077857401033548,8.855028898127989,8.884093284606934,3501900,0.0,0.0
2024-06-28 00:00:00-04:00,9.000351754462901,9.06816896422717,8.767834814750966,8.884093284606934,2766100,0.0,0.0
2024-07-01 00:00:00-04:00,8.864716410994179,9.01004019126928,8.825963587708856,8.884093284606934,2375100,0.0,0.0
2024-07-02 00:00:00-04:00,8.83565214297757,9.00035187513342,8.758146495367784,8.864716529846191,2584600,0.0,0.0
2024-07-03 00:00:00-04:00,8.893782338889839,9.271622161169308,8.893782338889839,9.068169593811035,3583700,0.0,0.0
2024-07-05 00:00:00-04:00,9.368504255890025,9.5332039896745,9.213492959137628,9.407257080078125,4513100,0.0,0.0
2024-07-08 00:00:00-04:00,9.300686836242676,9.407256869388096,9.155363055836897,9.300686836242676,2974200,0.0,0.0
2024-07-09 00:00:00-04:00,9.387880746039615,9.446010447635704,9.2716222667877,9.329751968383789,3435300,0.0,0.0
2024-07-10 00:00:00-04:00,9.446010024308363,9.504139723299343,9.339439987421825,9.387880325317383,2808100,0.0,0.0
2024-07-11 00:00:00-04:00,9.756031447497623,9.785096755464865,9.455697323357002,9.69790267944336,4524300,0.0,0.0
2024-07-12 00:00:00-04:00,9.397568282733653,9.513826750840483,9.31037420066849,9.320062637329102,5316500,0.0,0.0
2024-07-15 00:00:00-04:00,9.223181216851545,9.378192510590194,9.010040225990807,9.155363082885742,5305400,0.0,0.0
2024-07-16 00:00:00-04:00,9.707592320272763,10.695789815304593,9.639774183872182,10.627972602844238,11679600,0.0,0.0
2024-07-17 00:00:00-04:00,10.589218797557924,10.618283182501246,10.133872455058562,10.21137809753418,5328400,0.0,0.0
2024-07-18 00:00:00-04:00,10.192001994977199,10.259819200134231,9.746344095502147,9.81416130065918,5264600,0.0,0.0
2024-07-19 00:00:00-04:00,9.300687473606382,9.484763166006605,9.010040816817387,9.068169593811035,5951900,0.0,0.0
2024-07-22 00:00:00-04:00,9.029416046160494,9.05848135627453,8.70001658972285,8.758146286010742,4256100,0.0,0.0
2024-07-23 00:00:00-04:00,8.835652561156795,8.874405386795805,8.748458472483959,8.806588172912598,4283500,0.0,0.0
2024-07-24 00:00:00-04:00,8.951911075017854,9.000352338251593,8.622511593756721,8.661264419555664,5590700,0.0,0.0
2024-07-25 00:00:00-04:00,8.370617949233267,8.399682335032155,8.147788527601348,8.215605735778809,7424200,0.0,0.0
2024-07-26 00:00:00-04:00,8.457811710774704,8.680641148323417,8.419058885628003,8.545005798339844,5286300,0.0,0.0
2024-07-29 00:00:00-04:00,8.65157588463048,8.719393090786868,8.360929263482891,8.535317420959473,2581300,0.0,0.0
2024-07-30 00:00:00-04:00,8.690329755282962,8.874405447339011,8.622511616996839,8.796899795532227,3662700,0.0,0.0
2024-07-31 00:00:00-04:00,9.290998548659934,9.475074231402324,9.203804463803989,9.416945457458496,4279700,0.0,0.0
2024-08-01 00:00:00-04:00,9.504138594843376,9.65914987516072,9.1650507261941,9.271620750427246,3408300,0.0,0.0
2024-08-02 00:00:00-04:00,9.300685615684646,9.329749998375517,8.825962437386735,8.913156509399414,3812700,0.0,0.0
2024-08-05 00:00:00-04:00,8.380306085574977,8.942222513854858,8.205918833862754,8.680641174316406,5443400,0.0,0.0
2024-08-06 00:00:00-04:00,8.622510576520495,9.039104097666904,8.622510576520495,8.951910018920898,3879300,0.0,0.0
2024-08-07 00:00:00-04:00,9.300686730250424,9.300686730250424,8.68064064025367,8.758146286010742,3817900,0.0,0.0
2024-08-08 00:00:00-04:00,8.874404100035092,9.22318040415497,8.76783407596519,9.135986328125,3721700,0.0,0.0
2024-08-09 00:00:00-04:00,9.25224527467033,9.290998096727938,9.03910429138341,9.203804016113281,2729000,0.0,0.0
2024-08-12 00:00:00-04:00,9.252246166953055,9.378193081771586,9.165052077929436,9.349127769470215,2903300,0.0,0.0
2024-08-13 00:00:00-04:00,9.484762698409213,9.775409340869373,9.465386748346646,9.688215255737305,3258600,0.0,0.0
2024-08-14 00:00:00-04:00,9.726968079802646,9.7560324668666,9.562268346539895,9.688215255737305,2987900,0.0,0.0
2024-08-15 00:00:00-04:00,9.901355378112578,9.930419762617003,9.67852596640499,9.81416130065918,2973100,0.0,0.0
2024-08-16 00:00:00-04:00,9.949796074212049,10.327635823297523,9.87228951333444,10.317947387695312,4672300,0.0,0.0
2024-08-19 00:00:00-04:00,10.17262556042543,10.637659428267886,10.153248687295246,10.589219093322754,4265900,0.0,0.0
2024-08-20 00:00:00-04:00,10.850800395882315,11.015500121468417,10.763606314814359,10.870177268981934,3424400,0.0,0.0
2024-08-21 00:00:00-04:00,10.812047958374023,10.87986516875566,10.618283840183487,10.812047958374023,3340700,0.0,0.0
2024-08-22 00:00:00-04:00,10.511713215786786,10.52140072819708,10.114495640880163,10.201689720153809,3516300,0.0,0.0
2024-08-23 00:00:00-04:00,10.240443624564127,10.250132061939137,9.911044145335723,10.046679496765137,5757500,0.0,0.0
2024-08-26 00:00:00-04:00,10.172625346242457,10.201689731385624,9.891667159351462,9.920731544494629,3780000,0.0,0.0
2024-08-27 00:00:00-04:00,10.16293782552384,10.16293782552384,9.843226788323813,9.930420875549316,5244500,0.0,0.0
2024-08-28 00:00:00-04:00,9.81416266760174,9.940109583249967,9.746345452998948,9.891668319702148,5004300,0.0,0.0
2024-08-29 00:00:00-04:00,10.036990047674335,10.162936949033453,9.94979689190893,10.056366920471191,4150300,0.0,0.0
2024-08-30 00:00:00-04:00,9.891668127725312,9.940109390332985,9.281310436325192,9.368504524230957,6257700,0.0,0.0
2024-09-03 00:00:00-04:00,9.281309954266538,9.290998391072915,8.806587638036289,8.884093284606934,6162600,0.0,0.0
2024-09-04 00:00:00-04:00,8.884093342201338,9.000351812810994,8.709705174316758,8.738770484924316,6140500,0.0,0.0
2024-09-05 00:00:00-04:00,8.409370674131775,8.767834507963363,8.399682237664397,8.651576042175293,5587200,0.0,0.0
2024-09-06 00:00:00-04:00,8.661263456829085,8.777522845243563,8.515940607221204,8.525629043579102,4506300,0.0,0.0
2024-09-09 00:00:00-04:00,8.535317693234937,8.690328983074453,8.486876434175045,8.63219928741455,3013100,0.0,0.0
2024-09-10 00:00:00-04:00,8.419058149829082,8.53531753904872,8.283423735639756,8.51594066619873,2814800,0.0,0.0
2024-09-11 00:00:00-04:00,8.244670913879927,8.545005051533565,8.16716527036027,8.51594066619873,3092400,0.0,0.0
2024-09-12 00:00:00-04:00,8.641888417090499,9.310374889120798,8.641888417090499,9.22318172454834,7115600,0.0,0.0
2024-09-13 00:00:00-04:00,9.668837805076148,9.688214677923266,9.368503667467012,9.494450569152832,4377100,0.0,0.0
2024-09-16 00:00:00-04:00,9.542891872281073,9.804473189368268,9.504139050344445,9.76572036743164,5034200,0.0,0.0
2024-09-17 00:00:00-04:00,9.697903160027582,9.881978833241522,9.562267821279308,9.76572036743164,3469600,0.0,0.0
2024-09-18 00:00:00-04:00,9.571956212661005,10.085431331887698,9.436320874551626,9.494450569152832,4709900,0.0,0.0
2024-09-19 00:00:00-04:00,9.688214258321365,9.736655514400994,9.49445015794296,9.552578926086426,2718100,0.0,0.0
2024-09-20 00:00:00-04:00,9.814162135598476,10.075743466272565,9.775409311648973,9.969173431396484,10113000,0.0,0.0
2024-09-23 00:00:00-04:00,10.298572385138295,10.47296054621474,10.182313919067383,10.182313919067383,4631900,0.0,0.0
2024-09-24 00:00:00-04:00,10.269507984886102,10.502024916694655,10.104808260536672,10.463272094726562,2632100,0.0,0.0
2024-09-25 00:00:00-04:00,10.27919620164506,10.453584374418789,10.259820251303656,10.356701850891113,3018200,0.0,0.0
2024-09-26 00:00:00-04:00,10.463272988476621,10.618284289589718,10.327637638032545,10.47296142578125,2230000,0.0,0.0
2024-09-27 00:00:00-04:00,10.657036204567023,10.734541848503207,10.405142399804346,10.463272094726562,3629000,0.0,0.0
2024-09-30 00:00:00-04:00,10.05636736381632,10.09512018717834,9.775409163456624,9.852914810180664,3512100,0.0,0.0
2024-10-01 00:00:00-04:00,10.201689594976381,10.550465907791386,10.162936773990284,10.50202465057373,3645100,0.0,0.0
2024-10-02 00:00:00-04:00,10.308261304785784,10.424519776305825,10.12418469859057,10.250131607055664,2955300,0.0,0.0
2024-10-03 00:00:00-04:00,9.765720329679008,9.901355667902939,9.542891835389858,9.630084991455078,4235200,0.0,0.0
2024-10-04 00:00:00-04:00,9.42663211713677,9.678525911931041,9.339438964114247,9.542891502380371,3690000,0.0,0.0
2024-10-07 00:00:00-04:00,9.261934525126664,9.290998913239065,9.058481960459376,9.087546348571777,3382300,0.0,0.0
2024-10-08 00:00:00-04:00,8.951910320745961,9.068168788347057,8.855028726381798,9.048792839050293,2497500,0.0,0.0
2024-10-09 00:00:00-04:00,8.855028051213147,9.029415277348216,8.835651179453638,9.010039329528809,2155200,0.0,0.0
2024-10-10 00:00:00-04:00,9.126298732717972,9.756032347029558,9.126298732717972,9.707592010498047,5637300,0.0,0.0
2024-10-11 00:00:00-04:00,9.787449439219406,9.884836436724218,9.651106528200554,9.699800491333008,2593200,0.052,0.0
2024-10-14 00:00:00-04:00,9.3394658705911,9.563456782039427,9.30051088908878,9.52450180053711,3413300,0.0,0.0
2024-10-15 00:00:00-04:00,9.651106034770017,9.806925965819213,9.53424108648312,9.7777099609375,3434400,0.0,0.0
2024-10-16 00:00:00-04:00,10.14778323399871,10.469162088939775,10.14778323399871,10.303603172302246,4010300,0.0,0.0
2024-10-17 00:00:00-04:00,10.780801341450832,11.296956018151434,10.722369332349658,11.150874137878418,6275300,0.0,0.0
2024-10-18 00:00:00-04:00,11.004793063148588,11.530685782971121,10.985315107826258,11.47225284576416,5741100,0.0,0.0
2024-10-21 00:00:00-04:00,11.68650697374346,11.900759861648261,11.56964201545724,11.725461959838867,5227600,0.0,0.0
2024-10-22 00:00:00-04:00,11.73519975634122,11.96892964936756,11.705983751902936,11.910496711730957,2929500,0.0,0.0
2024-10-23 00:00:00-04:00,11.287217639369366,11.345649651571403,11.092442717429103,11.209307670593262,4662100,0.0,0.0
2024-10-24 00:00:00-04:00,11.37486698751445,11.384605037384764,11.004794158399001,11.296957015991211,3473700,0.0,0.0
2024-10-25 00:00:00-04:00,11.170352187020297,11.180090236112067,10.926883313285172,10.985315322875977,2992600,0.0,0.0
2024-10-28 00:00:00-04:00,10.810018992890228,11.0437489023421,10.771064007981582,10.88792896270752,2648500,0.0,0.0
2024-10-29 00:00:00-04:00,10.829495785694217,11.121658630541884,10.829495785694217,11.072964668273926,3677600,0.0,0.0
2024-10-30 00:00:00-04:00,11.150874231316664,11.170352187020297,10.829495392287104,10.985315322875977,2197000,0.0,0.0
2024-10-31 00:00:00-04:00,10.654197370023468,10.693152352173534,10.36203546827799,10.55681037902832,2728900,0.0,0.0
2024-11-01 00:00:00-04:00,10.64445905588552,10.79054000311915,10.284125247783889,10.293863296508789,2489300,0.0,0.0
2024-11-04 00:00:00-05:00,10.371773395799641,10.488639269641462,10.19647644255696,10.274386405944824,1856300,0.0,0.0
2024-11-05 00:00:00-05:00,10.5178557561081,10.654197733909976,10.352296844125764,10.498377799987793,2660700,0.0,0.0
2024-11-06 00:00:00-05:00,9.748494107665175,10.089349979946295,9.71927717356903,9.904314041137695,5090800,0.0,0.0
2024-11-07 00:00:00-05:00,10.13804405228815,10.303602965604448,10.040657057182141,10.186738014221191,3234400,0.0,0.0
2024-11-08 00:00:00-05:00,9.933530006395362,10.060133934020996,9.777710073551523,10.060133934020996,3391000,0.0,0.0
2024-11-11 00:00:00-05:00,9.524502501170653,9.690061416924221,9.02782668267004,9.115474700927734,5835000,0.0,0.0
2024-11-12 00:00:00-05:00,9.037564664013706,9.086258626296253,8.725924791421535,8.979132652282715,4022900,0.0,0.0
2024-11-13 00:00:00-05:00,9.251816760187655,9.319987744375311,8.755140058580444,8.794095039367676,4979900,0.0,0.0
2024-11-14 00:00:00-05:00,8.686969491233448,8.79409546134873,8.531149560607563,8.579843521118164,8631300,0.0,0.0
2024-11-15 00:00:00-05:00,8.80383445260956,8.80383445260956,8.31689670428213,8.424022674560547,23130700,0.0,0.0
2024-11-18 00:00:00-05:00,9.037564111168027,9.183645989079551,8.920699166094824,9.066781044006348,5813000,0.0,0.0
2024-11-19 00:00:00-05:00,9.407637026019135,9.466069963708462,9.125213172834131,9.349205017089844,5077900,0.0,0.0
2024-11-20 00:00:00-05:00,9.349204610029672,9.466069551560043,9.183645710671646,9.261555671691895,4209000,0.0,0.0
2024-11-21 00:00:00-05:00,9.466070133191208,9.475808182347084,9.125213336214095,9.319988250732422,5529500,0.0,0.0
2024-11-22 00:00:00-05:00,9.699800644946945,9.699800644946945,9.3394667980764,9.378421783447266,5224900,0.0,0.0
2024-11-25 00:00:00-05:00,9.08625874006016,9.105736696721083,8.862267811020093,8.959654808044434,4501200,0.0,0.0
2024-11-26 00:00:00-05:00,8.881744482214541,9.066781348021543,8.881744482214541,9.018087387084961,3220800,0.0,0.0
2024-11-27 00:00:00-05:00,9.06678156005376,9.125213571536083,8.803834722103078,8.833050727844238,3640900,0.0,0.0
2024-11-29 00:00:00-05:00,8.8525288882893,9.027826784298227,8.813573903482881,8.949915885925293,2873700,0.0,0.0
2024-12-02 00:00:00-05:00,8.852528670626677,8.862267648778849,8.667491800775737,8.686969757080078,3799600,0.0,0.0
2024-12-03 00:00:00-05:00,8.774618062346038,9.105735865266267,8.755140107463667,8.940176963806152,3871700,0.0,0.0
2024-12-04 00:00:00-05:00,8.85252836146596,8.901222321766179,8.570104506236753,8.735663414001465,5653800,0.0,0.0
2024-12-05 00:00:00-05:00,8.667491664408322,8.764879586877655,8.589581697936882,8.706446647644043,4192900,0.0,0.0
2024-12-06 00:00:00-05:00,8.589581413345659,8.677230354912048,8.41428445897291,8.453239440917969,3180900,0.0,0.0
2024-12-09 00:00:00-05:00,9.037564720529392,9.232339642117509,8.959654751894146,8.969393730163574,6379500,0.0,0.0
2024-12-10 00:00:00-05:00,9.105736137401504,9.212862106176097,8.969393235430173,9.047303199768066,4827800,0.0,0.0
2024-12-11 00:00:00-05:00,9.115474437320696,9.456331237252712,9.047303448838317,9.310250282287598,5303100,0.0,0.0
2024-12-12 00:00:00-05:00,9.076519183993806,9.222601063372096,8.901222229003906,8.901222229003906,4546200,0.0,0.0
2024-12-13 00:00:00-05:00,8.813573491608157,8.910960484693076,8.589581642868739,8.716185569763184,6036500,0.0,0.0
2024-12-16 00:00:00-05:00,8.76487997718914,8.78435793405441,8.59932105887476,8.648015022277832,2541600,0.0,0.0
2024-12-17 00:00:00-05:00,8.346113405143907,8.570105271009306,8.316897397860638,8.46297836303711,5541600,0.0,0.0
2024-12-18 00:00:00-05:00,8.424022953990406,8.51167190019832,8.03447311391088,8.08316707611084,5172100,0.0,0.0
2024-12-19 00:00:00-05:00,8.26820373509747,8.307158722484166,8.053951768850725,8.122122764587402,5759600,0.0,0.0
2024-12-20 00:00:00-05:00,8.200031225398101,8.365590123414643,8.170815222442238,8.209770202636719,8306300,0.0,0.0
2024-12-23 00:00:00-05:00,8.044211655577614,8.238986565047767,7.995517696020068,8.151337623596191,5375000,0.0,0.0
2024-12-24 00:00:00-05:00,8.180553933372826,8.190292911400096,7.976040038600503,8.102643966674805,2471000,0.0,0.0
2024-12-26 00:00:00-05:00,8.09290599822998,8.190292993195062,8.06368906385639,8.09290599822998,2545800,0.0,0.0
2024-12-27 00:00:00-05:00,7.976039584790242,8.102643505661199,7.86891361886559,8.024733543395996,3914500,0.0,0.0
2024-12-30 00:00:00-05:00,7.94682373294877,7.9955176924847855,7.761787336843931,7.927346706390381,4501600,0.0,0.0
2024-12-31 00:00:00-05:00,7.898130282204361,8.063689198035977,7.86891427610469,7.995518207550049,3123300,0.0,0.0
2025-01-02 00:00:00-05:00,8.200031849201265,8.355851781832918,8.151337888063859,8.258463859558105,5216800,0.0,0.0
2025-01-03 00:00:00-05:00,8.258464756060757,8.297420672207613,8.112383785550689,8.122122764587402,4393000,0.0,0.0
2025-01-06 00:00:00-05:00,8.277942310680043,8.287681289242093,8.024734440627402,8.034473419189453,5545100,0.0,0.0
2025-01-07 00:00:00-05:00,8.336374949635175,8.453239901842574,8.180554084598564,8.229248046875,6969300,0.0,0.0
2025-01-08 00:00:00-05:00,8.570104809699165,8.579843787856069,8.268202988155686,8.3850679397583,7955100,0.0,0.0
2025-01-10 00:00:00-05:00,9.047304322209165,9.154430304274193,8.83305142931896,8.8720064163208,10197500,0.0,0.0
2025-01-13 00:00:00-05:00,8.96939316929487,8.96939316929487,8.716185322683716,8.75514030456543,7424100,0.0,0.0
2025-01-14 00:00:00-05:00,8.910961241385582,9.251818068027491,8.86226820508828,9.193385124206543,8480300,0.0,0.0
2025-01-15 00:00:00-05:00,9.534241261021009,9.553719217138756,9.134952448207883,9.300511360168457,7706400,0.0,0.0
2025-01-16 00:00:00-05:00,9.54398081225153,9.553719790895284,9.16416900398617,9.212862968444824,7125000,0.0,0.0
2025-01-17 00:00:00-05:00,9.43685388553483,9.612151785726105,9.32972790695134,9.514764785766602,9414100,0.0,0.0
2025-01-21 00:00:00-05:00,9.894574871208173,10.108827739957654,9.855619888595543,9.9335298538208,7584300,0.0,0.0
2025-01-22 00:00:00-05:00,10.284125994696439,10.352296984521901,10.099089124084356,10.17699909210205,8937000,0.0,0.0
2025-01-23 00:00:00-05:00,10.089350090355108,10.245170954292856,10.021179100904895,10.186738014221191,8924200,0.0,0.0
2025-01-24 00:00:00-05:00,10.54707216043187,10.673676093721978,10.459423212095633,10.586027145385742,7656100,0.0,0.0
2025-01-27 00:00:00-05:00,10.410729541069141,10.469162484520924,10.108828631388628,10.245171546936035,7123200,0.0,0.0
2025-01-28 00:00:00-05:00,10.46916248983537,10.508117475902957,10.089350679106301,10.391252517700195,7512200,0.0,0.0
2025-01-29 00:00:00-05:00,10.46916105879901,10.771062856125756,10.439945055431908,10.615242004394531,7645000,0.0,0.0
2025-01-30 00:00:00-05:00,10.946360873639833,11.141135796367212,10.839234898329796,11.053487777709961,6811300,0.0,0.0
2025-01-31 00:00:00-05:00,11.08270428829069,11.228785254794186,10.878190377929714,10.975578308105469,8684500,0.0,0.0
2025-02-03 00:00:00-05:00,11.335911704713292,11.686506567381091,11.209307772115451,11.491731643676758,9742500,0.0,0.0
2025-02-04 00:00:00-05:00,11.472253382540318,11.618335268012743,11.404082393242563,11.540425300598145,7214700,0.0,0.0
2025-02-05 00:00:00-05:00,11.618335018270331,11.82284891052753,11.481992113845514,11.57938003540039,8303700,0.0,0.0
2025-02-06 00:00:00-05:00,11.647551381002382,11.82284927368164,11.452776460669917,11.82284927368164,8150700,0.0,0.0
2025-02-07 00:00:00-05:00,11.8520642173227,11.959190181714575,11.637811359778954,11.686505317687988,9212300,0.0,0.0
2025-02-10 00:00:00-05:00,12.056579784489971,12.163705763870917,11.910497890323084,12.027363777160645,8845400,0.0,0.0
2025-02-11 00:00:00-05:00,11.764416582054091,12.06631841152559,11.705984569098382,11.783894538879395,5296900,0.0,0.0
2025-02-12 00:00:00-05:00,11.59885711838457,11.744939001421287,11.326172236980113,11.56964111328125,9451400,0.0,0.0
2025-02-13 00:00:00-05:00,11.53068574860614,11.637811716279602,11.35538786626773,11.628072738647461,6339900,0.0,0.0
2025-02-14 00:00:00-05:00,11.46251512295267,11.511208155123672,11.082703342202477,11.121658325195312,7602300,0.0,0.0
2025-02-18 00:00:00-05:00,11.092442184185085,11.209307131731226,11.014532219154324,11.141135215759277,6021900,0.0,0.0
2025-02-19 00:00:00-05:00,10.810018101137599,10.897666113381613,10.732108137747348,10.878189086914062,4411000,0.0,0.0
2025-02-20 00:00:00-05:00,11.219046304437587,11.705984058718522,11.209307326449553,11.41382122039795,7736200,0.0,0.0
2025-02-21 00:00:00-05:00,11.043748236845923,11.043748236845923,10.49837755222882,10.537332534790039,7717900,0.0,0.0
2025-02-24 00:00:00-05:00,10.771063364782574,10.946360322023489,10.624981483528424,10.839234352111816,8323500,0.0,0.0
2025-02-25 00:00:00-05:00,10.751585038793365,10.800278997534244,10.37177327512653,10.595765113830566,6467700,0.0,0.0
2025-02-26 00:00:00-05:00,10.274386048316352,10.712629809308805,10.235431067978356,10.634719848632812,5456900,0.0,0.0
2025-02-27 00:00:00-05:00,9.923791627521595,10.099089526934026,9.816665649414062,9.816665649414062,5861900,0.0,0.0
2025-02-28 00:00:00-05:00,9.485546732331741,9.719276619209236,9.436852773708926,9.69006061553955,5191500,0.0,0.0
2025-03-03 00:00:00-05:00,9.943269123034497,10.089350079922497,9.690061264252563,9.738755226135254,5947200,0.0,0.0
2025-03-04 00:00:00-05:00,9.943268837010736,10.439945562158863,9.670583958575703,10.235431671142578,8084900,0.0,0.0
2025-03-05 00:00:00-05:00,10.040656633349935,10.595765361178387,10.040656633349935,10.55681037902832,7134800,0.0,0.0
2025-03-06 00:00:00-05:00,10.420468362773297,10.751586203571048,10.400991334422901,10.566550254821777,4930800,0.0,0.0
2025-03-07 00:00:00-05:00,11.024270659064687,11.676767335900784,11.004793631496485,11.530686378479004,10404700,0.0,0.0
2025-03-10 00:00:00-04:00,11.25800163326835,11.579380486659808,11.111919745243085,11.209307670593262,7018300,0.0,0.0
2025-03-11 00:00:00-04:00,11.452776071215489,11.832586920758215,11.44303709334002,11.735199928283691,7468200,0.0,0.0
2025-03-12 00:00:00-04:00,11.413821819199184,11.667028758851574,11.365127855464454,11.618335723876953,5927000,0.0,0.0
2025-03-13 00:00:00-04:00,11.569640982386266,12.095533712096548,11.540424977613485,11.891019821166992,7916700,0.0,0.0
2025-03-14 00:00:00-04:00,12.037100420041387,12.066317352715577,11.69624456434932,11.793631553649902,5614700,0.0,0.0
2025-03-17 00:00:00-04:00,11.667028311851965,12.037101121793123,11.667028311851965,11.988408088684082,7017800,0.0,0.0
2025-03-18 00:00:00-04:00,12.387696975682687,12.426651959650616,12.066318125757245,12.124750137329102,7492800,0.0,0.0
2025-03-19 00:00:00-04:00,12.21239892943815,12.339002857927358,12.056578995531455,12.300047874450684,6805200,0.0,0.0
2025-03-20 00:00:00-04:00,12.407174394191783,12.679860219318712,12.348742380778946,12.514301300048828,7460200,0.0,0.0
2025-03-21 00:00:00-04:00,12.43639014486324,12.465606148786298,12.202659327198734,12.39743423461914,12644800,0.0,0.0
2025-03-24 00:00:00-04:00,12.387696625815394,12.514300552325494,12.270831677212236,12.329263687133789,3715400,0.0,0.0
2025-03-25 00:00:00-04:00,12.46560672976842,12.77724659616561,12.300047818554896,12.309786796569824,3024800,0.0,0.0
2025-03-26 00:00:00-04:00,12.300048318319565,12.416913272966864,12.173444385261632,12.231877326965332,3768400,0.0,0.0
2025-03-27 00:00:00-04:00,12.368218521475626,12.592210366845206,12.23187654745592,12.504561424255371,3675800,0.0,0.0
2025-03-28 00:00:00-04:00,13.127841252945476,14.004329757447445,13.098625248090093,13.692689895629883,10586900,0.0,0.0
2025-03-31 00:00:00-04:00,13.936159144220504,14.403618949503839,13.61477936713812,14.38414192199707,9134100,0.0,0.0
2025-04-01 00:00:00-04:00,14.510744784114777,14.773691618645586,14.413357789990824,14.705520629882812,7118200,0.0,0.0
2025-04-02 00:00:00-04:00,14.501006600157918,14.822385442426317,14.296492707008934,14.724997520446777,7773500,0.0,0.0
2025-04-03 00:00:00-04:00,13.595302118868512,14.569177626154909,13.566086113702736,14.2672758102417,9796400,0.0,0.0
2025-04-04 00:00:00-04:00,13.605040798547213,13.741382772171514,12.562993397041282,12.660381317138672,9648500,0.0,0.0
2025-04-07 00:00:00-04:00,12.689597570485294,13.634257070417002,12.24161480102119,12.621426582336426,7098200,0.0,0.0
2025-04-08 00:00:00-04:00,13.390788134968222,13.420004139937156,12.465606595031518,12.631165504455566,6418000,0.0,0.0
2025-04-09 00:00:00-04:00,14.130933588332176,14.569177373251662,13.634256865335404,14.306230545043945,11549500,0.0,0.0
2025-04-10 00:00:00-04:00,15.026899098028212,16.049467618848194,14.74447524326421,15.8157377243042,13118000,0.0,0.0
2025-04-11 00:00:00-04:00,16.67912927088819,17.032334960161858,16.286679544666285,16.836109161376953,10439600,0.12,0.0
2025-04-14 00:00:00-04:00,16.33573568418997,16.993089702537457,16.227813174938994,16.757619857788086,7132900,0.0,0.0
2025-04-15 00:00:00-04:00,17.21874781201727,17.307049236394626,16.708564091706705,17.022523880004883,4352000,0.0,0.0
2025-04-16 00:00:00-04:00,18.317607558827785,18.415720453097205,17.38553787028999,17.650442123413086,8196300,0.0,0.0
2025-04-17 00:00:00-04:00,17.13044476926752,17.42478344650083,16.875353868885533,17.218746185302734,6179000,0.0,0.0
2025-04-21 00:00:00-04:00,18.258741009555656,18.29798504539776,17.05195556233446,17.365917205810547,5928300,0.0,0.0
2025-04-22 00:00:00-04:00,17.473839467751823,17.473839467751823,16.541771640973618,16.688940048217773,7489300,0.0,0.0
2025-04-23 00:00:00-04:00,15.47234519089193,15.815739392657946,15.305553828396885,15.727437973022461,12575300,0.0,0.0
2025-04-24 00:00:00-04:00,15.796116742816098,15.854983733255633,15.364421113114437,15.688192367553711,5708600,0.0,0.0
2025-04-25 00:00:00-04:00,15.040649802809485,15.217252644820018,14.86404696079895,15.109328269958496,5784200,0.0,0.0
2025-04-28 00:00:00-04:00,14.844425019520337,15.344799117359818,14.844425019520337,15.33498764038086,3656400,0.0,0.0
2025-04-29 00:00:00-04:00,15.246686234403679,15.266309188381523,14.932726456149727,15.099517822265625,4429600,0.0,0.0
2025-04-30 00:00:00-04:00,15.256497367711429,15.67838057631798,15.256497367711429,15.609702110290527,5000700,0.0,0.0
2025-05-01 00:00:00-04:00,14.87385887003425,14.981783248032583,14.412729733422928,14.589332580566406,5252300,0.0,0.0
2025-05-02 00:00:00-04:00,15.050461224302966,15.128951168091007,14.746311990368852,14.765934944152832,5182000,0.0,0.0
2025-05-05 00:00:00-04:00,15.80592775044744,15.854983262465776,15.4625335522756,15.629324913024902,5378200,0.0,0.0
2025-05-06 00:00:00-04:00,16.22781226655439,16.22781226655439,15.835360675925731,16.168943405151367,6139900,0.0,0.0
2025-05-07 00:00:00-04:00,15.648947555662152,15.97271974909178,15.511590619446988,15.78630542755127,3788900,0.0,0.0
2025-05-08 00:00:00-04:00,15.590079869644963,15.639135381435608,14.93272590637207,14.93272590637207,4629500,0.0,0.0
2025-05-09 00:00:00-04:00,15.344798959778066,15.482155893377115,14.903291856998447,15.472345352172852,5609100,0.0,0.0
2025-05-12 00:00:00-04:00,14.187070769580522,14.294994207325523,13.76518662404965,13.843676567077637,6593200,0.0,0.0
2025-05-13 00:00:00-04:00,13.863299750896905,14.118392537811104,13.765186852645616,14.049713134765625,4664600,0.0,0.0
2025-05-14 00:00:00-04:00,13.392358708382096,13.931977759653025,13.362925214145182,13.8731107711792,5994400,0.0,0.0
2025-05-15 00:00:00-04:00,14.020279316050331,14.226315649084723,13.873110907743161,14.206692695617676,4811300,0.0,0.0
2025-05-16 00:00:00-04:00,13.765186698737658,14.187070846557617,13.735753203860943,14.187070846557617,2416800,0.0,0.0
2025-05-19 00:00:00-04:00,14.51084264471643,14.569710572364876,14.206693400601733,14.471597671508789,3260200,0.0,0.0
2025-05-20 00:00:00-04:00,14.481408807072699,15.119139840569526,14.471597330083776,15.099517822265625,3665600,0.0,0.0
2025-05-21 00:00:00-04:00,15.305553593647728,15.452722000333724,14.962159397148525,15.050460815429688,4117800,0.0,0.0
2025-05-22 00:00:00-04:00,14.83461332922434,15.099517589803277,14.63838847083657,14.893481254577637,2692100,0.0,0.0
2025-05-23 00:00:00-04:00,15.531212730945,15.639136172285438,15.217252948373575,15.541024208068848,3862000,0.0,0.0
2025-05-27 00:00:00-04:00,14.09876950131867,14.39310725867474,14.079147483187697,14.17725944519043,6143400,0.0,0.0
2025-05-28 00:00:00-04:00,14.138014774872474,14.422541061396126,14.059524829326223,14.37348461151123,5115200,0.0,0.0
2025-05-29 00:00:00-04:00,14.559898616445606,14.589332111465135,14.255749382330698,14.294994354248047,4399600,0.0,0.0
2025-05-30 00:00:00-04:00,14.000657384956826,14.334239174897057,13.892733011567582,14.314617156982422,5872100,0.0,0.0
2025-06-02 00:00:00-04:00,14.726689641967956,15.374232131533155,14.569709757912625,15.158384323120117,6922700,0.0,0.0
2025-06-03 00:00:00-04:00,14.785556650866255,14.785556650866255,14.383295463506027,14.569709777832031,5537200,0.0,0.0
2025-06-04 00:00:00-04:00,14.903291789590037,14.913103266423859,14.569709998305486,14.658010482788086,4475900,0.0,0.0
2025-06-05 00:00:00-04:00,15.207441414644627,15.580269122897434,14.834613706391819,15.07989501953125,5476100,0.0,0.0
2025-06-06 00:00:00-04:00,14.922914938306073,15.128951276139645,14.21650450349469,14.285183906555176,6024900,0.0,0.0
2025-06-09 00:00:00-04:00,14.402918801042468,14.736501531850648,14.304805902919847,14.638388633728027,4786900,0.0,0.0
2025-06-10 00:00:00-04:00,14.795368291815096,14.854236216906859,14.245938690770304,14.314617156982422,4555200,0.0,0.0
2025-06-11 00:00:00-04:00,14.039902367333594,14.118392310400782,13.853488050793578,14.079147338867188,8873800,0.0,0.0
2025-06-12 00:00:00-04:00,14.510842072976487,14.68744491328955,14.334239232663425,14.658010482788086,5122600,0.0,0.0
2025-06-13 00:00:00-04:00,14.73650176946365,14.8542366877048,14.579520942801494,14.726690292358398,8186700,0.0,0.0
2025-06-16 00:00:00-04:00,14.491220142777841,14.638388553481061,14.167447955017677,14.412729263305664,4336300,0.0,0.0
2025-06-17 00:00:00-04:00,14.216504101117843,14.2753720255501,13.961411321367926,14.098769187927246,4870800,0.0,0.0
2025-06-18 00:00:00-04:00,14.157637036780446,14.314616920196555,13.990845676732354,14.108580589294434,3391600,0.0,0.0
2025-06-20 00:00:00-04:00,13.99084632197588,14.196882662380185,13.863299926899504,13.91235637664795,7559100,0.0,0.0
2025-06-23 00:00:00-04:00,13.981034670448876,14.559898711775292,13.90254472610027,14.285183906555176,4197800,0.0,0.0
2025-06-24 00:00:00-04:00,13.676885371286993,13.95160111091451,13.392359090416589,13.824054718017578,4488400,0.0,0.0
2025-06-25 00:00:00-04:00,13.58858450194601,13.882921315739221,13.578773025306527,13.755375862121582,4446200,0.0,0.0
2025-06-26 00:00:00-04:00,13.608206430130695,13.725941342009119,13.441415071051118,13.647451400756836,3875900,0.0,0.0
2025-06-27 00:00:00-04:00,13.029342646424832,13.25500193334689,12.980286198339694,13.147077560424805,4698900,0.0,0.0
2025-06-30 00:00:00-04:00,13.372737079010884,13.706319808959961,13.284435658062723,13.706319808959961,4131000,0.0,0.0
2025-07-01 00:00:00-04:00,14.128202927817624,14.19688233012771,13.686696761762185,13.716130256652832,3684800,0.0,0.0
2025-07-02 00:00:00-04:00,13.833865796781387,14.039902127735115,13.735752901784789,13.990845680236816,3376900,0.0,0.0
2025-07-03 00:00:00-04:00,14.030090722484545,14.157637112359502,13.922166350304394,14.098769187927246,2144700,0.0,0.0
2025-07-07 00:00:00-04:00,14.020279324355025,14.442163467407227,13.824054467937927,14.442163467407227,3442000,0.0,0.0
2025-07-08 00:00:00-04:00,14.432352586992058,14.461786082752294,13.598395743169087,13.784810066223145,5013600,0.0,0.0
2025-07-09 00:00:00-04:00,13.774998255542593,14.138014480042257,13.696508311633147,14.059524536132812,2724400,0.0,0.0
2025-07-10 00:00:00-04:00,14.138014083516477,14.138014083516477,13.89273278176033,14.108580589294434,2118300,0.0,0.0
2025-07-11 00:00:00-04:00,14.245938448159498,14.442163302333752,14.118392059027753,14.344050407409668,2748600,0.0,0.0
2025-07-14 00:00:00-04:00,14.088958418993826,14.393107661770406,14.049713445958846,14.128203392028809,2548300,0.0,0.0
2025-07-15 00:00:00-04:00,14.177259940179045,14.255749886791225,13.676885828770923,13.882922172546387,3135500,0.0,0.0
2025-07-16 00:00:00-04:00,13.902544492185589,14.049712901444583,13.598395261196696,13.843676567077637,2054300,0.0,0.0
2025-07-17 00:00:00-04:00,13.618018070764386,13.82405440295226,13.451226709675444,13.745564460754395,2595900,0.0,0.0
2025-07-18 00:00:00-04:00,14.030091294504635,14.030091294504635,13.667075063447967,13.676885604858398,2883600,0.0,0.0
2025-07-21 00:00:00-04:00,14.226316334602652,14.903292355380302,14.20669338019004,14.707067489624023,6531300,0.0,0.0
2025-07-22 00:00:00-04:00,14.736501600099912,14.903292030602518,14.49122028933133,14.746312141418457,3287700,0.0,0.0
2025-07-23 00:00:00-04:00,14.697255384205883,14.795368280727319,14.44216353746322,14.550086975097656,3299400,0.0,0.0
2025-07-24 00:00:00-04:00,13.981034523344935,14.088957961770245,13.686696767297622,13.951601028442383,3182200,0.0,0.0
2025-07-25 00:00:00-04:00,13.578773874056255,13.833866668584092,13.539528900719201,13.76518726348877,3366800,0.0,0.0
2025-07-28 00:00:00-04:00,13.686696692053655,13.696508168858543,13.382548396493533,13.608206748962402,2124700,0.0,0.0
2025-07-29 00:00:00-04:00,13.618018772372533,13.774998664855957,13.480660898612555,13.774998664855957,2686000,0.0,0.0
2025-07-30 00:00:00-04:00,13.402170755664667,13.559150645844069,13.137267424905417,13.215757369995117,3009100,0.0,0.0
2025-07-31 00:00:00-04:00,13.294247391278414,13.33349236404819,13.098022527429537,13.20594596862793,2724100,0.0,0.0
2025-08-01 00:00:00-04:00,14.079147420585349,14.187070859010658,13.725941739059001,13.951601028442383,5560100,0.0,0.0
2025-08-04 00:00:00-04:00,14.677633577534229,15.148573241997067,14.658010623677972,15.109328269958496,4533600,0.0,0.0
2025-08-05 00:00:00-04:00,14.942536822646618,15.648947251127407,14.82480190717881,15.590080261230469,4405700,0.0,0.0
2025-08-06 00:00:00-04:00,15.531212254714013,15.737249525301271,15.452722311477881,15.717626571655273,2875500,0.0,0.0
2025-08-07 00:00:00-04:00,15.874606124472955,15.913850159592256,15.423288492514086,15.521400451660156,3332400,0.0,0.0
2025-08-08 00:00:00-04:00,15.668570287884348,15.717626736840977,15.31536460393578,15.462533950805664,3151700,0.0,0.0
2025-08-11 00:00:00-04:00,14.962160259695313,15.295742998799634,14.765935394243938,15.178008079528809,3540600,0.0,0.0
2025-08-12 00:00:00-04:00,15.207441254339342,15.344799125092123,15.060272842276603,15.217252731323242,2072800,0.0,0.0
2025-08-13 00:00:00-04:00,15.285930712833553,15.423288579218925,15.12895082877822,15.158384323120117,2785300,0.0,0.0
2025-08-14 00:00:00-04:00,15.050461456841578,15.246686319343473,14.942537080710073,14.97197151184082,2455400,0.0,0.0
2025-08-15 00:00:00-04:00,14.854236197122345,15.168195968729774,14.79536827210899,15.138762474060059,2267100,0.0,0.0
2025-08-18 00:00:00-04:00,15.23687498679084,15.276119959663378,14.87385875380137,15.070083618164062,2756000,0.0,0.0
2025-08-19 00:00:00-04:00,15.030838181407924,15.109328124730634,14.618765511126732,14.658010482788086,3453700,0.0,0.0
2025-08-20 00:00:00-04:00,14.824802220556073,15.256497855404131,14.795368724985417,15.197629928588867,3140000,0.0,0.0
2025-08-21 00:00:00-04:00,15.227063873081653,15.805927902952838,15.217252396313752,15.609702110290527,2699700,0.0,0.0
2025-08-22 00:00:00-04:00,15.433099580518542,15.894229641113913,15.227064178306225,15.688192367553711,3514300,0.0,0.0
2025-08-25 00:00:00-04:00,15.62932564036788,15.864795477440062,15.227064434784413,15.42328929901123,4229400,0.0,0.0
2025-08-26 00:00:00-04:00,14.422541190244871,14.854236830279914,14.422541190244871,14.82480239868164,6786400,0.0,0.0
2025-08-27 00:00:00-04:00,14.245939001813838,14.412729432588666,14.187071075436762,14.393107414245605,6005600,0.0,0.0
2025-08-28 00:00:00-04:00,13.225568118133188,13.28443604570773,12.342555754232817,12.371989250183105,13988700,0.0,0.0
2025-08-29 00:00:00-04:00,12.62708146112954,13.215756967026634,12.538780041677583,13.029342651367188,8701500,0.0,0.0
2025-09-02 00:00:00-04:00,13.843677113534419,14.088958429097442,13.48066087878202,14.010468482971191,9598700,0.0,0.0
2025-09-03 00:00:00-04:00,14.795368044054493,15.285930647466575,14.677633131516462,14.814990997314453,13313200,0.0,0.0
2025-09-04 00:00:00-04:00,14.285183515120153,14.402918428416951,13.745564460754395,13.745564460754395,9042900,0.0,0.0
2025-09-05 00:00:00-04:00,14.481408523772437,14.481408523772437,13.735753129332636,13.843676567077637,8219800,0.0,0.0
2025-09-08 00:00:00-04:00,14.43235182570656,14.481408273168602,14.079147088192903,14.344050407409668,6542600,0.0,0.0
2025-09-09 00:00:00-04:00,14.736501219869833,14.962159570831016,14.314617076817632,14.442163467407227,6040400,0.0,0.0
2025-09-10 00:00:00-04:00,14.677633194282187,15.207440770805887,14.677633194282187,15.158384323120117,6019400,0.0,0.0
2025-09-11 00:00:00-04:00,14.805179662093892,15.040649489419007,14.73650119637588,15.030838012695312,4533500,0.0,0.0
2025-09-12 00:00:00-04:00,14.8542366877048,14.991593624482498,14.648200346864298,14.726690292358398,5342500,0.0,0.0
2025-09-15 00:00:00-04:00,14.687445150811406,14.971971433876005,14.451974381361369,14.746312141418457,7353100,0.0,0.0
2025-09-16 00:00:00-04:00,14.962160282944168,15.050461706452985,14.45197469630388,14.707067489624023,7001300,0.0,0.0
2025-09-17 00:00:00-04:00,14.442164090032259,15.04065016182459,14.373484685569954,14.599143981933594,5756600,0.0,0.0
2025-09-18 00:00:00-04:00,14.677633360938614,14.74631182707415,14.383295607155869,14.667821884155273,5458500,0.0,0.0
2025-09-19 00:00:00-04:00,15.040650317502857,16.56139373779297,15.021028298649073,16.56139373779297,26534600,0.0,0.0
2025-09-22 00:00:00-04:00,17.316860538320345,17.473840430879616,17.051956267871102,17.277616500854492,6470900,0.0,0.0
2025-09-23 00:00:00-04:00,17.709310455676924,18.356852987120483,17.611199425308104,17.7191219329834,10364600,0.0,0.0
2025-09-24 00:00:00-04:00,17.660253773564875,17.827045134058014,16.865542877731848,16.924409866333008,5514300,0.0,0.0
2025-09-25 00:00:00-04:00,16.865543441097227,16.95384486262244,16.600639176521593,16.855731964111328,4950000,0.0,0.0
2025-09-26 00:00:00-04:00,17.189314817321133,17.797611423948645,16.983277541861693,17.777990341186523,6550500,0.0,0.0
2025-09-29 00:00:00-04:00,18.40590881647232,18.40590881647232,17.738743386859486,17.905534744262695,7450900,0.0,0.0
2025-09-30 00:00:00-04:00,17.37572701063577,17.984025479624957,17.287427461140894,17.807422637939453,5181700,0.0,0.0
2025-10-01 00:00:00-04:00,18.00364804395817,18.46477622066824,17.92515810172352,18.091949462890625,4045200,0.0,0.0
2025-10-02 00:00:00-04:00,18.5138344162742,18.582512884823647,17.346294836889868,17.993837356567383,5010100,0.0,0.0
2025-10-03 00:00:00-04:00,18.09194962441808,18.190062520924315,17.679876956170183,17.836856842041016,3833200,0.0,0.0
2025-10-06 00:00:00-04:00,18.25874202258213,18.562890334787546,18.150817643169773,18.180252075195312,4373400,0.0,0.0
2025-10-07 00:00:00-04:00,18.131194370047254,18.141005847216782,17.71912168566673,17.984025955200195,3566000,0.0,0.0
2025-10-08 00:00:00-04:00,18.543267014417964,18.670814345998693,18.19987279961713,18.454965591430664,4086500,0.0,0.0
2025-10-09 00:00:00-04:00,19.122130966264105,19.3085452884076,17.473840240958882,17.768178939819336,7536800,0.0,0.0
2025-10-10 00:00:00-04:00,17.895725022031165,18.170440776256243,17.69950108731152,17.925159454345703,4212100,0.0,0.0
2025-10-13 00:00:00-04:00,18.984773389224873,19.66175031528595,18.857226062616633,19.48514747619629,5379100,0.0,0.0
2025-10-14 00:00:00-04:00,18.935716721670108,19.602882196201957,18.935716721670108,19.161376953125,4827300,0.0,0.0
2025-10-15 00:00:00-04:00,19.769673832373428,20.829289049984745,19.7500508778339,20.760610580444336,7469800,0.0,0.0
2025-10-16 00:00:00-04:00,21.26098447666104,21.830037053078378,20.986268729948282,21.486642837524414,6032800,0.0,0.0
2025-10-17 00:00:00-04:00,20.740987705948456,20.740987705948456,19.151565809071556,19.58325958251953,9202500,0.0,0.0
2025-10-20 00:00:00-04:00,19.838352391263356,19.956088247682857,19.51458112529467,19.8187313079834,6585700,0.0,0.0
2025-10-21 00:00:00-04:00,17.92515792950526,18.15081627734335,17.513085268895445,17.6406307220459,6767800,0.0,0.0
2025-10-22 00:00:00-04:00,16.59082826362211,17.562142062076127,16.59082826362211,17.483652114868164,7892900,0.0,0.0
2025-10-23 00:00:00-04:00,17.660254581398902,17.7878000410937,17.454219176196244,17.5327091217041,4682200,0.0,0.0
2025-10-24 00:00:00-04:00,17.19912559106343,17.464027975324658,17.101012695873283,17.159879684448242,3539800,0.0,0.0
2025-10-27 00:00:00-04:00,16.414224867164986,16.669317654920697,15.727438319836128,16.149320602416992,7050000,0.0,0.0
2025-10-28 00:00:00-04:00,15.962908950049787,16.40441420864338,15.90404008515892,16.286680221557617,4550700,0.0,0.0
2025-10-29 00:00:00-04:00,16.92440946315724,16.99308792678049,15.93347280046282,16.031585693359375,4178100,0.0,0.0
2025-10-30 00:00:00-04:00,16.090454004298458,16.443659699244705,16.07083104983524,16.335735321044922,3890100,0.0,0.0
2025-10-31 00:00:00-04:00,16.345546018005994,16.551583287338563,16.110076189731522,16.19837760925293,2409600,0.0,0.0
2025-11-03 00:00:00-05:00,16.188566283915893,16.257244750553212,15.77649361274412,15.825549125671387,2948700,0.0,0.0
2025-11-04 00:00:00-05:00,15.364420818345085,15.442910761207918,14.844424712960345,14.903291702270508,4952600,0.0,0.0
2025-11-05 00:00:00-05:00,15.609702818427058,15.747059756713185,15.46253440292793,15.63913631439209,3029200,0.0,0.0
2025-11-06 00:00:00-05:00,15.972719922688714,16.25724527527643,15.501779310860512,15.53121280670166,2720500,0.0,0.0
2025-11-07 00:00:00-05:00,15.972719966214571,16.159132418941148,15.776494164941623,16.110076904296875,2782900,0.0,0.0
2025-11-10 00:00:00-05:00,17.150068358453858,17.316859720337984,16.855731541645557,17.140256881713867,4965900,0.0,0.0
2025-11-11 00:00:00-05:00,17.80742288187978,17.993837203029003,17.179503321816586,17.542518615722656,4919500,0.0,0.0
2025-11-12 00:00:00-05:00,18.376475494834285,18.768925220809397,17.866289915392684,18.47458839416504,5579400,0.0,0.0
2025-11-13 00:00:00-05:00,18.70024706997286,18.70024706997286,17.336483547314646,17.50327491760254,7205900,0.0,0.0
2025-11-14 00:00:00-05:00,16.620261797521444,17.120635885690472,16.620261797521444,16.894975662231445,5017200,0.0,0.0
2025-11-17 00:00:00-05:00,16.63988389881947,16.944034083872236,16.13951165135427,16.306303024291992,3979700,0.0,0.0
2025-11-18 00:00:00-05:00,16.482902638066676,16.630072915382478,16.05120889674028,16.473093032836914,3306700,0.0,0.0
2025-11-19 00:00:00-05:00,16.82629785583499,17.012712179446222,16.36516965674187,16.581016540527344,3237500,0.0,0.0
2025-11-20 00:00:00-05:00,16.65950606230646,16.87535481194287,15.776493723956074,15.815739631652832,3343900,0.0,0.0
2025-11-21 00:00:00-05:00,16.198378533132242,16.551584231363066,15.992341252048277,16.316112518310547,4744200,0.0,0.0
2025-11-24 00:00:00-05:00,16.728183844358476,17.46402774140676,16.728183844358476,17.42478370666504,3610500,0.0,0.0
2025-11-25 00:00:00-05:00,17.51308581602887,18.15081684440039,17.47383990838859,17.807422637939453,4003900,0.0,0.0
2025-11-26 00:00:00-05:00,18.504022865200387,19.004396968651225,18.454965479755455,18.93571662902832,5649700,0.0,0.0
2025-11-28 00:00:00-05:00,19.033828578662,19.328167262598498,18.88666017236766,19.288921356201172,2780000,0.0,0.0
2025-12-01 00:00:00-05:00,19.681371888415853,19.681371888415853,18.945527954752098,18.955339431762695,3894500,0.0,0.0
2025-12-02 00:00:00-05:00,19.190808207767773,19.33797661211589,18.317607386800844,18.847414016723633,4159900,0.0,0.0
2025-12-03 00:00:00-05:00,19.1613769554386,19.23005542405789,18.621756940926605,18.6904354095459,3364900,0.0,0.0
2025-12-04 00:00:00-05:00,18.5236433327058,18.817982021554215,18.435343784533906,18.778736114501953,2195100,0.0,0.0
2025-12-05 00:00:00-05:00,19.171188449638624,19.61269369316182,18.837605712035543,18.925907135009766,2795600,0.0,0.0
2025-12-08 00:00:00-05:00,18.95533831552964,18.95533831552964,18.37647430542753,18.38628578186035,3253300,0.0,0.0
2025-12-09 00:00:00-05:00,18.64138002033475,19.40665840011796,18.61194558872265,19.37722396850586,4015200,0.0,0.0
2025-12-10 00:00:00-05:00,19.180997924700776,19.88740930367969,18.857226666451407,19.642127990722656,5299000,0.0,0.0
2025-12-11 00:00:00-05:00,19.553825912512856,20.72136544700634,19.504768528758095,20.191556930541992,4335400,0.0,0.0
2025-12-12 00:00:00-05:00,20.829287450665927,20.868533356731596,19.7108053266635,20.01495361328125,4465400,0.0,0.0
2025-12-15 00:00:00-05:00,20.3191036294622,20.3191036294622,19.337978350480586,19.80891990661621,3565700,0.0,0.0
2025-12-16 00:00:00-05:00,19.916842149789424,20.387783699659064,19.573449803793142,19.83835220336914,3809100,0.0,0.0
2025-12-17 00:00:00-05:00,20.171935163585765,20.407405005415796,19.87759832913521,20.27985954284668,3193900,0.0,0.0
2025-12-18 00:00:00-05:00,19.89722042449717,20.26023571321891,19.720617582914542,19.916841506958008,3933400,0.0,0.0
2025-12-19 00:00:00-05:00,19.857975374479054,20.54476381666095,19.848163897150975,20.27985954284668,9420100,0.0,0.0
2025-12-22 00:00:00-05:00,21.00589131015838,21.221738190007496,20.672308577715636,21.06475830078125,3110900,0.0,0.0
2025-12-23 00:00:00-05:00,21.16287191102159,21.54551016995893,20.83910064468662,21.447399139404297,3553100,0.0,0.0
2025-12-24 00:00:00-05:00,21.339473395627667,21.37871930241831,20.819476358738644,21.143247604370117,1797900,0.0,0.0
2025-12-26 00:00:00-05:00,21.467019256671712,21.50626516420583,20.966647035046822,21.329662322998047,2690200,0.0,0.0
2025-12-29 00:00:00-05:00,20.18174671426924,20.230804101087948,19.387035761285816,19.573450088500977,4612700,0.0,0.0
2025-12-30 00:00:00-05:00,20.27985875886512,20.27985875886512,19.56363778373471,19.671560287475586,4055200,0.0,0.0
2025-12-31 00:00:00-05:00,19.70099401035243,19.92665235802166,19.416468674453803,19.524391174316406,2024000,0.0,0.0
2026-01-02 00:00:00-05:00,19.82854020614005,19.82854020614005,18.641379563748327,19.200620651245117,3414300,0.0,0.0
2026-01-05 00:00:00-05:00,19.740240722322408,20.603630113196623,19.691183337339396,19.897220611572266,3663400,0.0,0.0
2026-01-06 00:00:00-05:00,20.544762062119666,21.06475721666412,20.495704679668815,20.966646194458008,3540800,0.0,0.0
2026-01-07 00:00:00-05:00,20.230803387899144,20.39759475450699,19.779484801817016,20.358348846435547,3033600,0.0,0.0
2026-01-08 00:00:00-05:00,19.897219890874563,20.250423693219393,19.81872994909262,20.220991134643555,2340400,0.0,0.0
2026-01-09 00:00:00-05:00,20.37797229227031,20.43683928445027,19.916842218041477,20.299482345581055,2916100,0.0,0.0
2026-01-12 00:00:00-05:00,21.85947018099566,22.54625669979906,21.751545809911033,21.879091262817383,6097900,0.0,0.0
2026-01-13 00:00:00-05:00,22.32059828091452,22.536445151044745,21.565131428437017,21.653432846069336,3609800,0.0,0.0
2026-01-14 00:00:00-05:00,22.036072323176818,22.036072323176818,20.829288708972122,21.270795822143555,3969300,0.0,0.0
2026-01-15 00:00:00-05:00,21.53569984436035,21.771169678249496,21.241361148488004,21.53569984436035,3124500,0.0,0.0
2026-01-16 00:00:00-05:00,21.722111544872895,21.820224440116736,20.77042076510766,21.38852882385254,4234600,0.0,0.0
2026-01-20 00:00:00-05:00,22.762105612244973,22.762105612244973,21.928148809779287,22.565879821777344,4100000,0.0,0.0
2026-01-21 00:00:00-05:00,23.2821009506161,23.35077941639142,21.68286767027651,22.0753173828125,5566200,0.0,0.0
2026-01-22 00:00:00-05:00,21.73192272978127,22.899462237678318,21.702490171546728,22.605125427246094,4633100,0.0,0.0
2026-01-23 00:00:00-05:00,23.056442673723666,23.252668466294498,22.70323699563531,23.007387161254883,4926300,0.0,0.0
2026-01-26 00:00:00-05:00,23.870777492201082,24.30247313042035,23.05644360155333,23.1251220703125,6258000,0.0,0.0
2026-01-27 00:00:00-05:00,23.125121183535285,23.733419644579147,22.60512601352867,23.7039852142334,4621900,0.0,0.0
2026-01-28 00:00:00-05:00,24.449640883909574,25.56812305082157,24.067002641828704,25.54850196838379,8369100,0.0,0.0
2026-01-29 00:00:00-05:00,25.13643016866025,25.38171148545638,23.17417963429123,24.037569046020508,10014100,0.0,0.0
2026-01-30 00:00:00-05:00,21.937960146952346,22.70323660794513,20.603629271491144,20.937211990356445,9861200,0.0,0.0
2026-02-02 00:00:00-05:00,20.633065141065906,21.319851708564627,20.103256596010258,20.5251407623291,6211500,0.0,0.0
2026-02-03 00:00:00-05:00,21.6338102200494,21.64362169675109,20.289669724831114,20.907777786254883,7592000,0.0,0.0
2026-02-04 00:00:00-05:00,21.584755448145597,21.624001356298308,20.113067576681125,20.819477081298828,5846500,0.0,0.0
2026-02-05 00:00:00-05:00,19.58325833000241,20.27004672682684,19.01420578199136,19.033828735351562,6874400,0.0,0.0
2026-02-06 00:00:00-05:00,19.87759694478367,20.250423700545827,19.75986109639425,19.98552131652832,5482400,0.0,0.0
2026-02-09 00:00:00-05:00,20.387783010962668,21.20211687932051,20.358348580293878,21.094192504882812,4117000,0.0,0.0
2026-02-10 00:00:00-05:00,21.074569411954673,21.22173782163118,20.662496742051744,20.878345489501953,3313000,0.0,0.0
2026-02-11 00:00:00-05:00,21.40815291157848,21.496454334842202,20.56438458765755,21.25117301940918,3097900,0.0,0.0
2026-02-12 00:00:00-05:00,21.23155045211683,21.496454726737383,19.318357279669186,19.33797836303711,7811700,0.0,0.0
2026-02-13 00:00:00-05:00,20.13269047316299,20.69193156330398,19.769673309180515,20.59381866455078,5227000,0.0,0.0
2026-02-17 00:00:00-05:00,19.328168151865793,19.59307054684434,18.82779405036513,19.41646957397461,5253600,0.0,0.0
2026-02-18 00:00:00-05:00,19.593069558489766,20.142501017528588,19.494958535627227,19.769672393798828,4553400,0.0,0.0
2026-02-19 00:00:00-05:00,19.43609062338451,19.92665324699284,19.367412155495007,19.887409210205078,3405900,0.0,0.0
2026-02-20 00:00:00-05:00,19.975711134060536,20.544763716889964,19.544015490461263,20.5251407623291,5836600,0.0,0.0
2026-02-23 00:00:00-05:00,21.02551339631001,21.712299915490405,21.005890443129704,21.408151626586914,6292400,0.0,0.0
2026-02-24 00:00:00-05:00,20.61344096213127,21.290417883487198,20.564383578642964,21.143247604370117,3356000,0.0,0.0
2026-02-25 00:00:00-05:00,21.192305099499805,21.516076346836908,20.966646748308335,21.133438110351562,4057200,0.0,0.0
2026-02-26 00:00:00-05:00,20.878344902166468,22.143995435397414,20.68211911388598,22.124372482299805,5344400,0.0,0.0
2026-02-27 00:00:00-05:00,22.016450310153132,22.37946559111479,21.761357530136593,22.320598602294922,3822500,0.0,0.0
2026-03-02 00:00:00-05:00,22.34022133599486,22.507012695467488,21.349284655757227,22.11456298828125,4328000,0.0,0.0
2026-03-03 00:00:00-05:00,20.38778249484866,20.49570499520644,19.33797695041192,20.220991134643555,5763600,0.0,0.0
2026-03-04 00:00:00-05:00,20.47608473280465,20.564384283414082,19.661750852468742,19.887409210205078,2856400,0.0,0.0
2026-03-05 00:00:00-05:00,19.661750866783056,19.740240811763613,18.817982554731117,19.180997848510742,4503600,0.0,0.0
2026-03-06 00:00:00-05:00,18.690434930193632,19.38703481835491,18.43534401653511,19.220243453979492,4027400,0.0,0.0
2026-03-09 00:00:00-04:00,18.150817670320208,18.680626219484687,17.57195360572108,18.641380310058594,4587800,0.0,0.0
2026-03-10 00:00:00-04:00,18.945527102985093,19.033828520762654,18.53345444380574,18.592323303222656,4397000,0.0,0.0
2026-03-11 00:00:00-04:00,16.551584243774414,16.669318229041004,15.992341264040272,16.551584243774414,8449500,0.0,0.0
2026-03-12 00:00:00-04:00,16.34554652990221,16.34554652990221,15.639136087282097,15.668570518493652,4935800,0.0,0.0
2026-03-13 00:00:00-04:00,15.47234570065431,15.47234570065431,14.726690283247702,14.844425201416016,5954500,0.0,0.0
2026-03-16 00:00:00-04:00,14.864046818147559,15.168196050282985,14.67763343667186,15.011216163635254,4282100,0.0,0.0
2026-03-17 00:00:00-04:00,15.648947402902554,15.904039254386577,15.423289046652467,15.570457458496094,7120800,0.0,0.0
2026-03-18 00:00:00-04:00,14.373484392191898,14.677633628298198,14.128203082184024,14.285183906555176,5775900,0.0,0.0
2026-03-19 00:00:00-04:00,12.813495690344796,13.490471675452813,12.784061260276768,13.392358779907227,7466900,0.0,0.0
2026-03-20 00:00:00-04:00,13.735753737801991,13.902545108043503,12.950853337078511,13.068588256835938,12947600,0.0,0.0
2026-03-23 00:00:00-04:00,13.6572634278184,14.088958122106375,13.470849108074955,13.81424331665039,7992900,0.0,0.0
2026-03-24 00:00:00-04:00,13.362925517015178,13.745564693463187,13.176512135057799,13.598395347595215,4313600,0.0,0.0
2026-03-25 00:00:00-04:00,14.658010751995201,14.697255724377325,14.04971321223532,14.275372505187988,6872900,0.0,0.0
2026-03-26 00:00:00-04:00,13.755376485859527,14.255749653401772,13.657263586363582,13.676885604858398,4579700,0.0,0.0
2026-03-27 00:00:00-04:00,13.647451789496431,14.285183749929027,13.588584799717381,14.0693359375,5363000,0.0,0.0
2026-03-30 00:00:00-04:00,14.402919159780236,14.402919159780236,13.774998654638337,13.892733573913574,3631200,0.0,0.0
2026-03-31 00:00:00-04:00,14.579520916165064,15.099517973705902,14.530465402076342,15.07989501953125,6555400,0.0,0.0
2026-04-01 00:00:00-04:00,15.884417759917602,16.345545937430153,15.658758473844852,15.85498332977295,8688300,0.0,0.0
2026-04-02 00:00:00-04:00,14.91310354644676,16.011963709271896,14.873858574048503,15.796116828918457,4185500,0.0,0.0
2026-04-06 00:00:00-04:00,15.648946930697454,15.884417692485476,15.482155569948151,15.629324913024902,2174400,0.0,0.0
2026-04-07 00:00:00-04:00,15.501779235247419,15.57045770376643,14.981783111445008,15.541024208068848,4715000,0.0,0.0
2026-04-08 00:00:00-04:00,17.405160658053788,17.45421804039633,16.090452752838367,16.257244110107422,6289800,0.0,0.0
2026-04-09 00:00:00-04:00,16.463282084621348,16.72818447532621,16.119887878776822,16.4044132232666,6228300,0.0,0.0
2026-04-10 00:00:00-04:00,16.443658344396837,16.600638224472643,16.139510060668435,16.26705551147461,3629300,0.0,0.0
2026-04-13 00:00:00-04:00,16.090452901679658,16.33573420161791,15.933473019427003,16.237621307373047,3009300,0.0,0.0
2026-04-14 00:00:00-04:00,16.394602677540316,16.78705429013725,16.27686869083962,16.757619857788086,6500700,0.0,0.0
2026-04-15 00:00:00-04:00,17.061768043860496,17.228559416544066,16.522149887656695,16.541772842407227,7577900,0.0,0.0
2026-04-16 00:00:00-04:00,17.444406740469862,17.591575146291284,17.15987953404701,17.179502487182617,6166600,0.0,0.0
2026-04-17 00:00:00-04:00,18.082138052076772,18.95533889653729,17.98402515608902,18.317607879638672,8042500,0.0,0.0
2026-04-20 00:00:00-04:00,17.90553593376155,18.12138281653808,17.728933088149876,17.993837356567383,5818400,0.0,0.0
2026-04-21 00:00:00-04:00,17.532708319704398,17.591575308305554,16.90478691301668,16.924409866333008,8167900,0.0,0.0
2026-04-22 00:00:00-04:00,17.22855939102844,17.326672293287817,16.71837566770602,16.77724266052246,4972500,0.0,0.0
2026-04-23 00:00:00-04:00,16.522148703428766,16.659505634141457,15.845171783841668,16.218000411987305,5868400,0.0,0.0
2026-04-24 00:00:00-04:00,16.479999542236328,16.829999923706055,16.260000228881836,16.770000457763672,3745300,0.312,0.0
2026-04-27 00:00:00-04:00,16.6200008392334,16.65999984741211,16.31999969482422,16.459999084472656,2340100,0.0,0.0
2026-04-28 00:00:00-04:00,15.960000038146973,16.1200008392334,15.520000457763672,15.680000305175781,5452100,0.0,0.0
2026-04-29 00:00:00-04:00,15.239999771118164,15.399999618530273,15.010000228881836,15.0600004196167,4070000,0.0,0.0
2026-04-30 00:00:00-04:00,15.729999542236328,15.880000114440918,15.600000381469727,15.770000457763672,3755300,0.0,0.0
2026-05-01 00:00:00-04:00,15.760000228881836,15.869999885559082,15.510000228881836,15.609999656677246,2870600,0.0,0.0
2026-05-04 00:00:00-04:00,15.819999694824219,15.970000267028809,15.420000076293945,15.489999771118164,5113600,0.0,0.0
2026-05-05 00:00:00-04:00,15.930000305175781,15.989999771118164,15.529999732971191,15.579999923706055,2995700,0.0,0.0
2026-05-06 00:00:00-04:00,16.989999771118164,17.579999923706055,16.959999084472656,17.530000686645508,7486500,0.0,0.0
2026-05-07 00:00:00-04:00,18.34000015258789,18.600000381469727,17.540000915527344,17.59000015258789,8938900,0.0,0.0
2026-05-08 00:00:00-04:00,17.709999084472656,18.09000015258789,17.559999465942383,17.790000915527344,4385500,0.0,0.0
2026-05-11 00:00:00-04:00,17.959999084472656,18.40999984741211,17.93000030517578,18.1299991607666,4423500,0.0,0.0
2026-05-12 00:00:00-04:00,17.579999923706055,18.079999923706055,17.149999618530273,17.920000076293945,4257900,0.0,0.0
2026-05-13 00:00:00-04:00,17.479999542236328,17.59000015258789,17.209999084472656,17.549999237060547,3670300,0.0,0.0
2026-05-14 00:00:00-04:00,17.56999969482422,17.56999969482422,17.229999542236328,17.3700008392334,3329500,0.0,0.0
2026-05-15 00:00:00-04:00,16.170000076293945,16.18000030517578,15.65999984741211,15.710000038146973,4478400,0.0,0.0
2026-05-18 00:00:00-04:00,16.139999389648438,16.790000915527344,15.899999618530273,16.450000762939453,5964700,0.0,0.0
2026-05-19 00:00:00-04:00,16.329999923706055,16.540000915527344,15.970000267028809,16.3700008392334,6139400,0.0,0.0
2026-05-20 00:00:00-04:00,17.030000686645508,17.520000457763672,16.56999969482422,17.43000030517578,7605500,0.0,0.0
2026-05-21 00:00:00-04:00,16.950000762939453,17.479999542236328,16.780000686645508,17.190000534057617,3619800,0.0,0.0
2026-05-22 00:00:00-04:00,17.040000915527344,17.059999465942383,16.540000915527344,16.760000228881836,2817600,0.0,0.0
2026-05-26 00:00:00-04:00,17.760000228881836,18.139999389648438,17.56999969482422,18.030000686645508,4374400,0.0,0.0
2026-05-27 00:00:00-04:00,17.530000686645508,17.799999237060547,17.530000686645508,17.559999465942383,4145200,0.0,0.0
2026-05-28 00:00:00-04:00,17.389999389648438,18.549999237060547,17.260000228881836,18.260000228881836,5699400,0.0,0.0
2026-05-29 00:00:00-04:00,18.489999771118164,18.639999389648438,18.110000610351562,18.270000457763672,4627200,0.0,0.0
2026-06-01 00:00:00-04:00,17.479999542236328,17.68000030517578,17.059999465942383,17.610000610351562,5095700,0.0,0.0
2026-06-02 00:00:00-04:00,17.729999542236328,17.790000915527344,17.450000762939453,17.670000076293945,2707500,0.0,0.0
2026-06-03 00:00:00-04:00,17.360000610351562,17.40999984741211,17.049999237060547,17.1200008392334,2757200,0.0,0.0
2026-06-04 00:00:00-04:00,17.469999313354492,17.639999389648438,17.09000015258789,17.309999465942383,2006700,0.0,0.0
2026-06-05 00:00:00-04:00,16.6200008392334,16.649999618530273,15.640000343322754,15.710000038146973,6446300,0.0,0.0
2026-06-08 00:00:00-04:00,15.5600004196167,15.6899995803833,15.279999732971191,15.34000015258789,3614900,0.0,0.0
2026-06-09 00:00:00-04:00,15.460000038146973,15.510000228881836,14.479999542236328,15.020000457763672,4575300,0.0,0.0
2026-06-10 00:00:00-04:00,14.399999618530273,14.84000015258789,14.380000114440918,14.420000076293945,7236700,0.0,0.0
2026-06-11 00:00:00-04:00,14.479999542236328,15.329999923706055,14.329999923706055,15.210000038146973,5059800,0.0,0.0
2026-06-12 00:00:00-04:00,15.670000076293945,16.020000457763672,15.479999542236328,15.859999656677246,4459400,0.0,0.0
2026-06-15 00:00:00-04:00,17.520000457763672,17.850000381469727,17.329999923706055,17.520000457763672,5479400,0.0,0.0
2026-06-16 00:00:00-04:00,17.59000015258789,17.920000076293945,17.520000457763672,17.780000686645508,2991400,0.0,0.0
2026-06-17 00:00:00-04:00,17.850000381469727,18.18000030517578,17.06999969482422,17.100000381469727,5804900,0.0,0.0
2026-06-18 00:00:00-04:00,17.280000686645508,17.649999618530273,16.709999084472656,17.010000228881836,6909100,0.0,0.0
2026-06-22 00:00:00-04:00,16.1299991607666,16.299999237060547,15.949999809265137,16.139999389648438,3291100,0.0,0.0
2026-06-23 00:00:00-04:00,15.399999618530273,15.84000015258789,15.380000114440918,15.40999984741211,3427000,0.0,0.0
2026-06-24 00:00:00-04:00,14.5,14.920000076293945,14.460000038146973,14.59000015258789,4251700,0.0,0.0
2026-06-25 00:00:00-04:00,15.149999618530273,15.390000343322754,14.779999732971191,15.119999885559082,3544600,0.0,0.0
2026-06-26 00:00:00-04:00,15.510000228881836,15.869999885559082,15.460000038146973,15.529999732971191,3741200,0.0,0.0
2026-06-29 00:00:00-04:00,15.420000076293945,15.4399995803833,15.029999732971191,15.180000305175781,2821700,0.0,0.0
2026-06-30 00:00:00-04:00,15.470000267028809,15.470000267028809,15.0,15.210000038146973,3808400,0.0,0.0
2026-07-01 00:00:00-04:00,15.199999809265137,15.8100004196167,15.140000343322754,15.180000305175781,3164400,0.0,0.0
2026-07-02 00:00:00-04:00,16.049999237060547,16.5,15.75,16.09000015258789,5477500,0.0,0.0
2026-07-06 00:00:00-04:00,16.420000076293945,16.489999771118164,15.989999771118164,16.290000915527344,3198500,0.0,0.0
2026-07-07 00:00:00-04:00,16.0,16.239999771118164,15.270000457763672,15.399999618530273,3541400,0.0,0.0
2026-07-08 00:00:00-04:00,14.800000190734863,14.9399995803833,14.1899995803833,14.430000305175781,4793900,0.0,0.0
2026-07-09 00:00:00-04:00,15.029999732971191,15.079999923706055,14.84000015258789,15.020000457763672,3439400,0.0,0.0
2026-07-10 00:00:00-04:00,14.979999542236328,15.260000228881836,14.9399995803833,15.109999656677246,2662400,0.0,0.0
2026-07-13 00:00:00-04:00,14.989999771118164,15.130000114440918,14.779999732971191,14.989999771118164,3716700,0.0,0.0
2026-07-14 00:00:00-04:00,15.420000076293945,15.569999694824219,15.119999885559082,15.239999771118164,2834800,0.0,0.0
2026-07-15 00:00:00-04:00,15.210000038146973,15.369999885559082,14.880000114440918,15.149999618530273,2372500,0.0,0.0
2026-07-16 00:00:00-04:00,14.984999656677246,15.020000457763672,14.720000267028809,14.779999732971191,2929689,0.0,0.0
