Date,Open,High,Low,Close,Volume,Dividends,Stock Splits
2022-01-03 00:00:00-05:00,126.71717218285539,127.2643482413119,124.95484328261398,126.30502319335938,2309117,0.0,0.0
2022-01-04 00:00:00-05:00,126.83089836820955,128.80641523398938,126.51111033545719,128.07447814941406,3016551,0.0,0.0
2022-01-05 00:00:00-05:00,125.87156026242408,129.1759242094357,125.7791862749022,127.54862213134766,3531070,0.0,0.0
2022-01-06 00:00:00-05:00,128.53637797839096,128.82061960690467,126.16291239718142,126.48980712890625,2996458,0.0,0.0
2022-01-07 00:00:00-05:00,126.58218449157724,128.259246456038,125.93552763685463,127.8755111694336,3349039,0.0,0.0
2022-01-10 00:00:00-05:00,127.52020225196837,127.79023050858736,125.62285886110092,126.07054138183594,2772328,0.0,0.0
2022-01-11 00:00:00-05:00,126.48981455938112,127.59126066088284,125.36703542081523,127.18621826171875,2707983,0.0,0.0
2022-01-12 00:00:00-05:00,127.20039302771231,127.91811658082948,126.90903181298472,127.49884796142578,2067286,0.0,0.0
2022-01-13 00:00:00-05:00,127.825736178004,128.86323478004275,127.22170662390334,128.63583374023438,2505261,0.0,0.0
2022-01-14 00:00:00-05:00,128.5221722465768,128.5221722465768,126.2553068675004,127.01567077636719,2734176,0.0,0.0
2022-01-18 00:00:00-05:00,126.61768968234888,126.88061119179386,125.1893491945187,126.6887435913086,2883078,0.0,0.0
2022-01-19 00:00:00-05:00,127.79019657245139,128.52924018985837,126.22684205707924,126.83087158203125,2354446,0.0,0.0
2022-01-20 00:00:00-05:00,126.90194260502408,127.35674472403977,123.15699016935945,123.34175109863281,3369491,0.0,0.0
2022-01-21 00:00:00-05:00,123.22094334419273,125.08276590759372,122.62402046014788,122.68798065185547,4161004,0.0,0.0
2022-01-24 00:00:00-05:00,122.12659411165669,123.08593216803902,119.97342322720559,122.79457092285156,5635193,0.0,0.0
2022-01-25 00:00:00-05:00,123.31333135910899,124.04525538407808,119.39072487195472,123.46966552734375,6041116,0.0,0.0
2022-01-26 00:00:00-05:00,123.84630568470814,124.53560261463251,119.52575019905184,120.30743408203125,5274360,0.0,0.0
2022-01-27 00:00:00-05:00,120.1653066746713,122.31137115380866,119.69630410108108,120.91856384277344,3328229,0.0,0.0
2022-01-28 00:00:00-05:00,119.66074622611312,119.91657401210371,114.08241143175636,115.90158081054688,7441034,0.0,0.0
2022-01-31 00:00:00-05:00,115.61734127484578,118.16846061834177,114.82856377695818,117.97659301757812,6088118,0.0,0.0
2022-02-01 00:00:00-05:00,117.67104423599861,119.35521288598284,117.08124089718827,118.97858428955078,3573528,0.0,0.0
2022-02-02 00:00:00-05:00,119.24150711211352,120.27189914989826,117.82027313767668,118.431396484375,3816795,0.0,0.0
2022-02-03 00:00:00-05:00,118.1471506538866,118.48113906973224,116.6122097165763,116.81829071044922,3120005,0.0,0.0
2022-02-04 00:00:00-05:00,116.3919209935578,117.06700447114208,113.7697347133867,114.2174301147461,4839614,0.0,0.0
2022-02-07 00:00:00-05:00,114.23165061690067,115.34021618918705,113.70579458416113,114.53010559082031,2919556,0.0,0.0
2022-02-08 00:00:00-05:00,114.71487413998227,115.90870708337593,113.9260965226796,115.4112777709961,2839184,0.0,0.0
2022-02-09 00:00:00-05:00,116.22138449723752,116.72592048139722,115.07017875725921,116.28533172607422,2563746,0.0,0.0
2022-02-10 00:00:00-05:00,115.12702513778399,115.68130790770566,113.00228100395546,113.51392364501953,4345307,0.0,0.0
2022-02-11 00:00:00-05:00,113.81240968118223,114.83569524266903,112.84597764035999,113.37183380126953,4344709,0.0,0.0
2022-02-14 00:00:00-05:00,113.23677958999886,113.40734011117422,110.40143138841941,112.28456115722656,5542742,0.0,0.0
2022-02-15 00:00:00-05:00,112.78910164649348,113.04492947009783,111.0338792298283,111.80845642089844,3989617,0.0,0.0
2022-02-16 00:00:00-05:00,111.5668514537773,112.27746850722062,109.51316090701594,110.59329986572266,5346120,0.0,0.0
2022-02-17 00:00:00-05:00,108.23277542188991,108.67761664367151,106.53233323817317,106.64713287353516,7424409,1.245819,0.0
2022-02-18 00:00:00-05:00,106.33140751096664,107.4148120079903,105.6426229739548,105.91526794433594,6002485,0.0,0.0
2022-02-22 00:00:00-05:00,106.33142135624324,106.55384521096364,104.66685632609591,105.29106903076172,5392884,0.0,0.0
2022-02-23 00:00:00-05:00,105.29107157606623,105.7072112069417,103.41125803119105,103.59062957763672,4600534,0.0,0.0
2022-02-24 00:00:00-05:00,101.95475435001677,103.23905665266231,100.26148782277338,103.10273742675781,7304092,0.0,0.0
2022-02-25 00:00:00-05:00,103.61217304086647,108.88569607783181,103.56912072002382,107.98883819580078,8052309,0.0,0.0
2022-02-28 00:00:00-05:00,107.1134888205456,107.35743229112508,105.29107180961225,106.654296875,5041499,0.0,0.0
2022-03-01 00:00:00-05:00,106.60406396684739,106.91976127824675,103.42560397833823,103.85609436035156,3963424,0.0,0.0
2022-03-02 00:00:00-05:00,104.47312875225806,106.4533910011799,103.97806646346972,105.62828063964844,4466582,0.0,0.0
2022-03-03 00:00:00-05:00,106.56102074002075,107.61572383779408,105.84353457061557,106.4031753540039,4549823,0.0,0.0
2022-03-04 00:00:00-05:00,104.86774630497804,105.96550163313266,104.56639977953833,105.2767105102539,3869299,0.0,0.0
2022-03-07 00:00:00-05:00,104.56641320703302,104.56641320703302,102.29198611845361,102.80139923095703,5446584,0.0,0.0
2022-03-08 00:00:00-05:00,104.20765674820697,107.24262197055997,102.78703528641485,104.32245635986328,5507939,0.0,0.0
2022-03-09 00:00:00-05:00,106.08746653189071,107.09194836951767,105.1045108482641,105.18343353271484,3991411,0.0,0.0
2022-03-10 00:00:00-05:00,104.27941201728648,104.72425318119568,102.83727083747348,103.26776123046875,4537624,0.0,0.0
2022-03-11 00:00:00-05:00,102.93770976764583,103.66237129998163,101.04355210052326,101.13682556152344,4962682,0.0,0.0
2022-03-14 00:00:00-04:00,101.48840087091935,104.24354604960114,101.48840087091935,102.94489288330078,4676480,0.0,0.0
2022-03-15 00:00:00-04:00,103.94219412086508,104.37985989524357,102.30632409582503,103.5404052734375,3991411,0.0,0.0
2022-03-16 00:00:00-04:00,103.86329061212575,104.94669544353505,102.48571456603882,104.40140533447266,4561305,0.0,0.0
2022-03-17 00:00:00-04:00,104.25790520850171,105.97986699190385,103.42561931526711,105.96552276611328,3332893,0.0,0.0
2022-03-18 00:00:00-04:00,105.52066847717215,106.51079971485886,104.19332028999048,106.41752624511719,9426992,0.0,0.0
2022-03-21 00:00:00-04:00,106.68299526829934,107.43635840778946,105.75744250899092,106.60407257080078,5399820,0.0,0.0
2022-03-22 00:00:00-04:00,107.22828914074535,108.22559579419615,106.54667983544661,107.5798568725586,5085392,0.0,0.0
2022-03-23 00:00:00-04:00,107.4004770767775,107.46505554680817,105.87223779664194,105.95833587646484,3154091,0.0,0.0
2022-03-24 00:00:00-04:00,106.27403774002967,107.07044669819417,105.75744920720166,106.89107513427734,2425608,0.0,0.0
2022-03-25 00:00:00-04:00,107.09914405557258,108.46953803655386,106.84084979925855,107.95294952392578,2688369,0.0,0.0
2022-03-28 00:00:00-04:00,107.57267809476048,107.71617270991806,105.60676651392528,107.24263000488281,3205160,0.0,0.0
2022-03-29 00:00:00-04:00,108.34038220926742,109.71795797092635,107.65159760188013,109.11526489257812,3221067,0.0,0.0
2022-03-30 00:00:00-04:00,108.57716320846329,109.9619145202238,108.17537432194543,108.64891052246094,2864540,0.0,0.0
2022-03-31 00:00:00-04:00,107.94577885404108,108.51977047996218,106.7619317642675,106.81932830810547,3819785,0.0,0.0
2022-04-01 00:00:00-04:00,107.35743640922078,107.52245719114526,105.36282316055758,107.40048217773438,2626894,0.0,0.0
2022-04-04 00:00:00-04:00,106.94846574864957,107.6300749932662,104.81035145679925,107.28568267822266,3147633,0.0,0.0
2022-04-05 00:00:00-04:00,106.65429240111037,108.07491394501793,106.55384355346541,106.83366394042969,2569726,0.0,0.0
2022-04-06 00:00:00-04:00,105.70720360094113,107.90271431396609,105.50631245900915,107.83814239501953,3235778,0.0,0.0
2022-04-07 00:00:00-04:00,107.185232028847,107.96011472468443,105.872234713068,107.58702087402344,2630004,0.0,0.0
2022-04-08 00:00:00-04:00,108.34039958221173,108.80676696278312,107.17807209741827,107.48658752441406,3337438,0.0,0.0
2022-04-11 00:00:00-04:00,107.94577536410642,109.21572704890688,107.59420763233383,107.7090072631836,2964645,0.0,0.0
2022-04-12 00:00:00-04:00,108.58433503477235,108.72066081909524,106.25250485154136,106.60407257080078,3125028,0.0,0.0
2022-04-13 00:00:00-04:00,106.56101203532738,107.02737931672131,105.87940284882515,106.66146087646484,2382552,0.0,0.0
2022-04-14 00:00:00-04:00,106.6543039639811,107.32873788243565,105.62112038110983,105.74309539794922,2787996,0.0,0.0
2022-04-18 00:00:00-04:00,105.7932971892736,106.42468522243479,104.57357343167956,104.88209533691406,2123857,0.0,0.0
2022-04-19 00:00:00-04:00,105.36282610841802,108.04622410345478,105.36282610841802,107.69465637207031,2746016,0.0,0.0
2022-04-20 00:00:00-04:00,108.20407081175352,109.41661934763864,108.00317310443657,108.04621887207031,2367960,0.0,0.0
2022-04-21 00:00:00-04:00,109.04353042648322,109.84712129223321,108.56281229362602,108.89286041259766,2795291,0.0,0.0
2022-04-22 00:00:00-04:00,108.19689226040154,108.33321149195227,106.36012449904602,107.02738952636719,3776250,0.0,0.0
2022-04-25 00:00:00-04:00,106.69733088941686,106.92693011034221,104.6668475596793,106.618408203125,4104911,0.0,0.0
2022-04-26 00:00:00-04:00,104.32963435225703,105.45608470159473,102.50721747756265,103.47582244873047,5789118,0.0,0.0
2022-04-27 00:00:00-04:00,103.8776215951952,104.81034967476535,103.12425850868307,103.4686508178711,3736663,0.0,0.0
2022-04-28 00:00:00-04:00,103.85611456943268,105.99422267188459,103.40409794364088,105.57090759277344,3035089,0.0,0.0
2022-04-29 00:00:00-04:00,105.68568393064567,106.58971698290475,103.22470361129943,103.47582244873047,4966151,0.0,0.0
2022-05-02 00:00:00-04:00,103.68390304032532,105.8291862119956,103.16013917222239,104.68838500976562,4445891,0.0,0.0
2022-05-03 00:00:00-04:00,104.90360924317386,106.79777323971486,104.69554273627995,106.24530792236328,3000405,0.0,0.0
2022-05-04 00:00:00-04:00,106.90542309026222,110.96639047658789,106.1018387669622,110.65787506103516,4418263,0.0,0.0
2022-05-05 00:00:00-04:00,109.89733788005205,110.2417302304981,106.35295896867865,107.23546600341797,3965816,0.0,0.0
2022-05-06 00:00:00-04:00,107.09913574975998,107.45787883574444,105.24802378295868,107.28568267822266,2954479,0.0,0.0
2022-05-09 00:00:00-04:00,106.50362904515379,110.32783492702112,106.14488592208993,109.33052825927734,4979068,0.0,0.0
2022-05-10 00:00:00-04:00,110.4928490448586,110.52155058797406,106.2883806820312,106.99151611328125,4189827,0.0,0.0
2022-05-11 00:00:00-04:00,107.61573274152252,107.71618159917615,104.8749382282607,105.04713439941406,3286608,0.0,0.0
2022-05-12 00:00:00-04:00,105.17627669712911,107.35026150935923,104.76013704748391,107.3287353515625,3371524,0.0,0.0
2022-05-13 00:00:00-04:00,107.77357423466457,107.87402308867773,106.1664056642236,107.12066650390625,3292947,0.0,0.0
2022-05-16 00:00:00-04:00,107.06325979702511,108.21841175878446,104.97537973134614,107.98164367675781,3245585,0.0,0.0
2022-05-17 00:00:00-04:00,109.05070760082849,109.41662610930976,107.99600439256376,109.30182647705078,2519733,0.0,0.0
2022-05-18 00:00:00-04:00,108.7637026277583,108.84980070797548,106.52514599522716,106.85519409179688,3538605,0.0,0.0
2022-05-19 00:00:00-04:00,105.95651498597778,107.91330202044414,104.44181006512515,106.50730895996094,3285053,1.245819,0.0
2022-05-20 00:00:00-04:00,106.92767813592774,107.21756766037957,102.25312027800867,104.23889923095703,5017698,0.0,0.0
2022-05-23 00:00:00-04:00,104.78245594921223,105.78983458577605,104.36935214522576,104.63750457763672,3391976,0.0,0.0
2022-05-24 00:00:00-04:00,104.61575327743161,105.97101113946093,102.18788576370586,105.63038635253906,3156005,0.0,0.0
2022-05-25 00:00:00-04:00,105.39845831616975,105.9275151674326,104.03595275085588,105.65936279296875,2244772,0.0,0.0
2022-05-26 00:00:00-04:00,106.34786102339741,107.84807004338245,106.31886943250444,106.5652847290039,2544251,0.0,0.0
2022-05-27 00:00:00-04:00,107.4132318020546,108.36264035439667,107.16682309756456,108.35539245605469,2124933,0.0,0.0
2022-05-31 00:00:00-04:00,107.45672820998193,108.59456237556626,105.76084550350755,108.19596099853516,4956224,0.0,0.0
2022-06-01 00:00:00-04:00,108.22493891110982,108.34089867369178,105.52167117066317,106.11595916748047,2882838,0.0,0.0
2022-06-02 00:00:00-04:00,106.91317412090963,107.4712226547736,104.7244673786077,107.3915023803711,2274074,0.0,0.0
2022-06-03 00:00:00-04:00,106.536306091345,106.87693087357077,105.31875170843908,105.78982543945312,2244055,0.0,0.0
2022-06-06 00:00:00-04:00,106.0942312136573,106.7537437815737,105.5579263250804,105.96377563476562,1884418,0.0,0.0
2022-06-07 00:00:00-04:00,105.40571516853771,106.52905343243462,104.23164161667658,106.44208526611328,2159139,0.0,0.0
2022-06-08 00:00:00-04:00,105.49269169308955,106.25366155543185,104.57227466898684,105.39122772216797,2046834,0.0,0.0
2022-06-09 00:00:00-04:00,105.45645150881619,106.67401253886234,104.46356211570776,104.4925537109375,2593287,0.0,0.0
2022-06-10 00:00:00-04:00,102.91262184779707,103.25324663179971,99.70928871756973,99.76001739501953,7037144,0.0,0.0
2022-06-13 00:00:00-04:00,99.09324854486817,100.2600807700294,98.28879138172186,98.83234405517578,4922736,0.0,0.0
2022-06-14 00:00:00-04:00,99.05702959045304,100.26734276081868,97.40462764377395,98.0206527709961,3199539,0.0,0.0
2022-06-15 00:00:00-04:00,98.3902595706304,99.0570199260932,96.43347250729559,97.35388946533203,3912236,0.0,0.0
2022-06-16 00:00:00-04:00,96.06385166993861,96.06385166993861,94.4549373494217,94.89702606201172,4458927,0.0,0.0
2022-06-17 00:00:00-04:00,94.77382465180068,95.57828186504824,93.28811788632488,94.09982299804688,8588356,0.0,0.0
2022-06-21 00:00:00-04:00,94.46219752923855,94.99850237247367,93.68672524709692,94.22303009033203,4459166,0.0,0.0
2022-06-22 00:00:00-04:00,93.32435473752057,95.3681167072796,92.90400967334391,94.50567626953125,3468639,0.0,0.0
2022-06-23 00:00:00-04:00,94.36798843444976,94.99126149800107,93.12869020682247,94.32450103759766,2680236,0.0,0.0
2022-06-24 00:00:00-04:00,95.3246234186511,97.51333000260163,95.11445420608513,97.35388946533203,4376523,0.0,0.0
2022-06-27 00:00:00-04:00,97.4118820058752,97.60031416736942,95.87543972887792,96.24505615234375,2856766,0.0,0.0
2022-06-28 00:00:00-04:00,97.01326371691678,97.5278248152067,94.32448524023766,94.45494079589844,2880327,0.0,0.0
2022-06-29 00:00:00-04:00,94.21577596290724,94.46219128446293,93.35334217660042,94.04908752441406,3374036,0.0,0.0
2022-06-30 00:00:00-04:00,93.28086430620039,94.36796965459808,92.25898342705376,93.78817749023438,3995956,0.0,0.0
2022-07-01 00:00:00-04:00,93.78817551458772,94.09256738642351,91.7589162081524,93.12142181396484,4450077,0.0,0.0
2022-07-05 00:00:00-04:00,92.02707200055823,93.80992268426188,91.02693479951931,93.64323425292969,4670739,0.0,0.0
2022-07-06 00:00:00-04:00,93.85341428905431,94.93327180519215,92.73731728054432,94.09982299804688,3625794,0.0,0.0
2022-07-07 00:00:00-04:00,94.30999734704136,94.44044629144099,92.45466762763643,94.25201416015625,4125722,0.0,0.0
2022-07-08 00:00:00-04:00,94.08532575762028,94.33173446283239,92.86776480219437,93.28811645507812,2620795,0.0,0.0
2022-07-11 00:00:00-04:00,93.29537730182356,94.5854041938316,93.16492172622549,93.49829864501953,3221067,0.0,0.0
2022-07-12 00:00:00-04:00,93.60701958800178,95.68701480831346,93.53454720033832,94.36074829101562,3155168,0.0,0.0
2022-07-13 00:00:00-04:00,92.76630956867504,93.84616709289418,92.52714214332102,93.03446197509766,2978399,0.0,0.0
2022-07-14 00:00:00-04:00,92.02708421740931,93.15767050912461,91.22987483261511,92.99098205566406,3020498,0.0,0.0
2022-07-15 00:00:00-04:00,94.1215654268863,94.46219019841668,92.9474918594263,94.30999755859375,3155766,0.0,0.0
2022-07-18 00:00:00-04:00,94.3534689072674,94.81005339415667,93.14315596886688,93.4258041381836,3037601,0.0,0.0
2022-07-19 00:00:00-04:00,94.50568172878722,95.86093968378331,94.2592729950734,95.75947570800781,3363989,0.0,0.0
2022-07-20 00:00:00-04:00,95.7522154016284,96.73061553659848,95.55654198768025,96.39723205566406,2398339,0.0,0.0
2022-07-21 00:00:00-04:00,96.41897873992875,97.10748280488613,95.93340921956566,97.0784912109375,1996244,0.0,0.0
2022-07-22 00:00:00-04:00,97.58581815428577,97.80324191339362,96.73788004246859,97.20170593261719,2104960,0.0,0.0
2022-07-25 00:00:00-04:00,97.11473775158346,97.91195379294753,96.95529718852944,97.20170593261719,2815504,0.0,0.0
2022-07-26 00:00:00-04:00,104.00697310665853,105.5941438427529,100.3905362783146,102.00669860839844,15011235,0.0,0.0
2022-07-27 00:00:00-04:00,101.18774825382913,101.61534782422268,99.70204144462208,100.63694763183594,6016239,0.0,0.0
2022-07-28 00:00:00-04:00,101.39067556995002,101.91973249263928,100.23109775661044,101.7313003540039,3700663,0.0,0.0
2022-07-29 00:00:00-04:00,102.02118836433938,104.1591595813601,101.33269095222646,103.81128692626953,4781967,0.0,0.0
2022-08-01 00:00:00-04:00,103.02133999460769,104.40558952397578,102.6082428120458,103.89826965332031,3415656,0.0,0.0
2022-08-02 00:00:00-04:00,103.3402225527858,104.04322248248786,102.64447713531631,102.7314453125,3226449,0.0,0.0
2022-08-03 00:00:00-04:00,102.84014752432026,104.2243969430552,102.58649091578879,103.99247741699219,3271658,0.0,0.0
2022-08-04 00:00:00-04:00,103.99249712923567,107.5002227616905,103.78232787189476,107.34803009033203,7062260,0.0,0.0
2022-08-05 00:00:00-04:00,106.54354660304682,107.61615616558909,106.09420998595355,106.83344268798828,5008130,0.0,0.0
2022-08-08 00:00:00-04:00,107.28280345928523,108.81924578104726,106.95666781040609,107.60893249511719,3765606,0.0,0.0
2022-08-09 00:00:00-04:00,107.48571960669196,108.0220244497379,106.67401444318625,107.14508819580078,3628066,0.0,0.0
2022-08-10 00:00:00-04:00,108.62354553015473,109.1526024341304,107.86981700227379,108.26117706298828,3046212,0.0,0.0
2022-08-11 00:00:00-04:00,108.71052004854033,109.75413812068504,108.25393548871543,108.464111328125,2748767,0.0,0.0
2022-08-12 00:00:00-04:00,108.97866554406342,110.37741072994437,108.71051314424739,110.33392333984375,2806773,0.0,0.0
2022-08-15 00:00:00-04:00,109.71790222563216,110.23246334875864,109.05838974332549,109.74688720703125,2796487,0.0,0.0
2022-08-16 00:00:00-04:00,109.05114895349452,109.65992618520667,107.89881896877772,108.89895629882812,5253430,0.0,0.0
2022-08-17 00:00:00-04:00,107.5799320921723,107.8335953360017,106.58704265341667,106.84795379638672,5832772,0.0,0.0
2022-08-18 00:00:00-04:00,106.82620662588981,106.85519822150984,105.36223685582108,106.30439758300781,6762543,0.0,0.0
2022-08-19 00:00:00-04:00,105.87971786616703,106.64118141894825,104.85467899854476,106.31169891357422,15204987,1.245819,0.0
2022-08-22 00:00:00-04:00,104.90593552065867,105.19880665204172,103.2585429226548,103.66856384277344,12179346,0.0,0.0
2022-08-23 00:00:00-04:00,103.23658229675607,104.27627253740911,103.02425622547909,103.78571319580078,18368646,0.0,0.0
2022-08-24 00:00:00-04:00,103.17067856395566,103.66856013760348,102.2920718821202,103.26586151123047,18454878,0.0,0.0
2022-08-25 00:00:00-04:00,103.28784333572042,104.89862471311602,102.9730053318475,104.52521514892578,56637298,0.0,0.0
2022-08-26 00:00:00-04:00,105.16954153165155,105.44044588678922,94.2162108297653,94.55300903320312,45907384,0.0,0.0
2022-08-29 00:00:00-04:00,94.29671939855335,94.29671939855335,91.7194710402978,92.57611083984375,60436750,0.0,0.0
2022-08-30 00:00:00-04:00,92.90560449659198,93.52795149500628,90.07940500380906,91.4192886352539,41236286,0.0,0.0
2022-08-31 00:00:00-04:00,91.41196279068446,92.59076290618016,90.50406696656464,91.0458755493164,37843952,0.0,0.0
2022-09-01 00:00:00-04:00,91.00927393108542,92.5395235746743,90.54800369016515,91.98307037353516,37093222,0.0,0.0
2022-09-02 00:00:00-04:00,92.27593362552622,92.52487778334768,88.7029282270995,89.06901550292969,14735438,0.0,0.0
2022-09-06 00:00:00-04:00,88.85668785571008,88.95919310054768,84.91758827398074,85.37153625488281,36757386,0.0,0.0
2022-09-07 00:00:00-04:00,85.40081339025537,88.77613699209711,84.94686547306631,88.26361083984375,44932165,0.0,0.0
2022-09-08 00:00:00-04:00,86.68211746464033,87.7071563921293,85.78154392299436,87.32643127441406,30786714,0.0,0.0
2022-09-09 00:00:00-04:00,88.79077654349217,90.26976331995654,87.76573097770492,90.13065338134766,31359240,0.0,0.0
2022-09-12 00:00:00-04:00,91.02391315608737,92.63469442439607,90.767653410799,90.97266387939453,22690392,0.0,0.0
2022-09-13 00:00:00-04:00,89.40580695441643,91.22892091686565,88.02931863327889,88.20503997802734,9287538,0.0,0.0
2022-09-14 00:00:00-04:00,88.29291045150062,88.29291045150062,85.15920165410408,86.05245971679688,6781918,0.0,0.0
2022-09-15 00:00:00-04:00,86.26477742939008,86.93838038093487,84.98347204218483,85.23973846435547,4847149,0.0,0.0
2022-09-16 00:00:00-04:00,83.98039008826495,85.89136467815783,83.54840901599098,85.37884521484375,8685113,0.0,0.0
2022-09-19 00:00:00-04:00,84.93956282669227,85.59852135709495,84.40507639365995,85.40083312988281,3815599,0.0,0.0
2022-09-20 00:00:00-04:00,84.41969220481195,85.8108250317712,84.01700025550247,85.31295013427734,4969619,0.0,0.0
2022-09-21 00:00:00-04:00,85.53992962360608,86.41854308593904,84.05362037511223,84.0609359741211,4468017,0.0,0.0
2022-09-22 00:00:00-04:00,83.58502572401812,84.23665517301731,83.0505393889333,83.57038116455078,4398888,0.0,0.0
2022-09-23 00:00:00-04:00,83.27018690529749,83.59234716762002,81.72529947245295,82.72837829589844,4405705,0.0,0.0
2022-09-26 00:00:00-04:00,82.55996593412286,83.32874504649237,82.17191189824179,82.73568725585938,4303088,0.0,0.0
2022-09-27 00:00:00-04:00,83.5630803601431,83.5630803601431,81.57888902245853,82.30374145507812,3975863,0.0,0.0
2022-09-28 00:00:00-04:00,83.10911423315382,83.98772102682445,82.77963835575544,83.67288970947266,4398649,0.0,0.0
2022-09-29 00:00:00-04:00,82.70640538546999,83.02856562414284,81.71064891478304,82.22317504882812,2769697,0.0,0.0
2022-09-30 00:00:00-04:00,82.00351987402468,82.84552184328086,80.82471978943066,80.90525817871094,3722909,0.0,0.0
2022-10-03 00:00:00-04:00,81.7765749762332,83.48253960754099,81.20547711168919,82.89679718017578,3487536,0.0,0.0
2022-10-04 00:00:00-04:00,84.00970061397575,84.91759666549775,83.97308920830413,84.65401458740234,3352029,0.0,0.0
2022-10-05 00:00:00-04:00,83.71681478329936,85.00544250498746,83.04321848394804,84.32452392578125,3061880,0.0,0.0
2022-10-06 00:00:00-04:00,83.7241374840117,84.15611859306006,80.69293407895692,81.35921478271484,5176408,0.0,0.0
2022-10-07 00:00:00-04:00,80.81007697235438,81.0956258209978,78.40854307677257,78.72338104248047,5138614,0.0,0.0
2022-10-10 00:00:00-04:00,79.46289231676496,79.89487346781844,78.48178020591176,79.41163635253906,3088550,0.0,0.0
2022-10-11 00:00:00-04:00,79.44092000227253,80.86865772702984,79.03822132046278,79.68985748291016,3462898,0.0,0.0
2022-10-12 00:00:00-04:00,79.49218200817786,80.31953291318844,79.2578823890083,79.7704086303711,3290196,0.0,0.0
2022-10-13 00:00:00-04:00,78.70874815291627,84.07558547684951,78.39391682144478,83.65824890136719,5708149,0.0,0.0
2022-10-14 00:00:00-04:00,83.65824594932343,84.31720439133325,82.62587794620514,83.19697570800781,4137323,0.0,0.0
2022-10-17 00:00:00-04:00,84.42702210740322,84.72721553738505,82.94803515878576,83.36537170410156,3592186,0.0,0.0
2022-10-18 00:00:00-04:00,84.74186010955472,85.2250971733436,83.79735282144743,84.89561462402344,3066544,0.0,0.0
2022-10-19 00:00:00-04:00,84.2732696519926,84.69792848750645,82.9114257854354,83.61431121826172,3084006,0.0,0.0
2022-10-20 00:00:00-04:00,83.45322996302713,84.67596380608111,82.65516161371906,82.81623840332031,3758908,0.0,0.0
2022-10-21 00:00:00-04:00,82.84552243851904,85.62045913226291,82.77230632782106,85.52527618408203,3997630,0.0,0.0
2022-10-24 00:00:00-04:00,86.05245764732204,87.2312578878953,85.80351348652087,86.6748046875,4059344,0.0,0.0
2022-10-25 00:00:00-04:00,83.10909968074458,86.83586564263315,82.84551768879662,86.76264953613281,5997581,0.0,0.0
2022-10-26 00:00:00-04:00,87.56073690935644,90.2697802077596,87.56073690935644,89.83779907226562,5535088,0.0,0.0
2022-10-27 00:00:00-04:00,90.41622232832599,91.11910781849535,89.34724953187457,89.91101837158203,4444934,0.0,0.0
2022-10-28 00:00:00-04:00,90.04279647095325,92.7445170962828,89.69867606864888,92.69326782226562,4559870,0.0,0.0
2022-10-31 00:00:00-04:00,92.32718176640374,92.58344150160015,91.785373178533,92.10020446777344,5174135,0.0,0.0
2022-11-01 00:00:00-04:00,92.81774243832844,93.05936431662639,91.20696109393336,91.74144744873047,2549633,0.0,0.0
2022-11-02 00:00:00-04:00,91.55106974542677,92.84701960648866,89.8011719871313,89.9549331665039,3063793,0.0,0.0
2022-11-03 00:00:00-04:00,89.31062502491582,90.9946223781835,88.68095575220754,89.94761657714844,2400252,0.0,0.0
2022-11-04 00:00:00-04:00,91.1264212342038,91.79270193747612,90.17459165810047,91.40464782714844,2775438,0.0,0.0
2022-11-07 00:00:00-05:00,91.2508861290882,91.63161124865071,90.2770897899724,91.28749084472656,2289503,0.0,0.0
2022-11-08 00:00:00-05:00,91.78537556325114,92.72256053777603,90.81890147048732,91.7780532836914,2182461,0.0,0.0
2022-11-09 00:00:00-05:00,91.73412622532467,92.01967510602151,90.58461510336181,90.66515350341797,2131750,0.0,0.0
2022-11-10 00:00:00-05:00,93.46938598664882,94.64086402805852,92.89097258698342,94.5603256225586,3779001,0.0,0.0
2022-11-11 00:00:00-05:00,94.88246784021463,97.73794293409213,94.560307598708,97.36454010009766,4101443,0.0,0.0
2022-11-14 00:00:00-05:00,97.04970438702722,98.04546088955094,95.87090426240184,95.93679809570312,3127899,0.0,0.0
2022-11-15 00:00:00-05:00,97.02774298468553,97.73063507595373,95.01426302876703,96.07592010498047,3008060,0.0,0.0
2022-11-16 00:00:00-05:00,96.2443305363516,96.2443305363516,94.0185175663223,94.26013946533203,3837127,0.0,0.0
2022-11-17 00:00:00-05:00,93.44530266749857,94.23790654248569,92.34899708260114,94.18605041503906,2689804,1.245819,0.0
2022-11-18 00:00:00-05:00,94.81569774814926,95.06755010659516,93.26012196697928,93.89717102050781,3798616,0.0,0.0
2022-11-21 00:00:00-05:00,93.80827859196033,94.72680529058688,93.50457011219385,94.54161834716797,2575586,0.0,0.0
2022-11-22 00:00:00-05:00,94.92679131809463,95.31198120050495,94.31197316525677,95.2601318359375,2101492,0.0,0.0
2022-11-23 00:00:00-05:00,95.2527436838282,95.64534166578983,94.25273544002197,94.81570434570312,2810241,0.0,0.0
2022-11-25 00:00:00-05:00,95.46755328408972,96.16385975700024,95.20088487716912,95.58607482910156,1055350,0.0,0.0
2022-11-28 00:00:00-05:00,94.89715967265236,95.24530944346287,91.94157711107255,92.32676696777344,3317106,0.0,0.0
2022-11-29 00:00:00-05:00,91.91196808917452,93.58605872668011,91.86011871506659,93.43050384521484,2228268,0.0,0.0
2022-11-30 00:00:00-05:00,93.26011744337836,93.51938456709165,89.89712720399733,93.31197357177734,6973398,0.0,0.0
2022-12-01 00:00:00-05:00,94.29716591087667,95.46014368407677,92.8230784030209,93.32678985595703,3156005,0.0,0.0
2022-12-02 00:00:00-05:00,92.41566900908084,94.26013035498771,92.03047909988669,94.06753540039062,2178992,0.0,0.0
2022-12-05 00:00:00-05:00,92.64529220084836,92.93418461685759,92.05269133326937,92.31936645507812,2563148,0.0,0.0
2022-12-06 00:00:00-05:00,92.70455662386003,93.13419465118028,91.34158263589357,92.28233337402344,2295722,0.0,0.0
2022-12-07 00:00:00-05:00,92.097133475752,94.30456041194954,91.92676259611983,93.59344482421875,3230994,0.0,0.0
2022-12-08 00:00:00-05:00,94.0749457621379,95.8823670621324,92.92678402414047,93.33419799804688,4527219,0.0,0.0
2022-12-09 00:00:00-05:00,93.91195949586114,94.46752022060218,93.08973043434115,93.15640258789062,2792540,0.0,0.0
2022-12-12 00:00:00-05:00,93.39344461708788,93.99345348120478,92.00083871080649,93.96382141113281,4637849,0.0,0.0
2022-12-13 00:00:00-05:00,95.88976605795357,96.31198926973525,93.68233901012816,94.28974914550781,3895252,0.0,0.0
2022-12-14 00:00:00-05:00,93.70456446988574,95.16383582755131,92.47492138617602,93.4008560180664,3702457,0.0,0.0
2022-12-15 00:00:00-05:00,92.43786867388107,92.65268764206874,90.18600055285535,90.65267181396484,3990454,0.0,0.0
2022-12-16 00:00:00-05:00,89.86007902127162,90.22304485081976,88.8971110739738,90.14156341552734,9089361,0.0,0.0
2022-12-19 00:00:00-05:00,89.87490548074452,91.68233357958385,89.74898268393302,90.4675064086914,2918360,0.0,0.0
2022-12-20 00:00:00-05:00,90.36380093124392,90.61565328407173,89.40823413140821,89.48971557617188,3471988,0.0,0.0
2022-12-21 00:00:00-05:00,90.24527861170654,91.73418217844178,90.00824229800652,91.45269775390625,3083408,0.0,0.0
2022-12-22 00:00:00-05:00,90.53416860887894,90.7415796022262,88.29710930997528,90.06749725341797,2617326,0.0,0.0
2022-12-23 00:00:00-05:00,89.47488879535624,89.63045040680865,87.2600537381879,88.993408203125,3120723,0.0,0.0
2022-12-27 00:00:00-05:00,88.99341595264568,89.50452865997353,88.2674842331211,89.05267333984375,2166195,0.0,0.0
2022-12-28 00:00:00-05:00,89.14896755289237,89.63045492855423,87.59339867387297,87.6230239868164,2345356,0.0,0.0
2022-12-29 00:00:00-05:00,88.05267444061606,89.52676208888893,87.77859801252364,89.31194305419922,2464717,0.0,0.0
2022-12-30 00:00:00-05:00,88.63044051169184,88.91192489894978,87.78598734991803,88.83043670654297,2506816,0.0,0.0
2023-01-03 00:00:00-05:00,90.015645081326,90.8452822697372,89.16378383878954,90.71935272216797,3124909,0.0,0.0
2023-01-04 00:00:00-05:00,91.37120985304692,92.80825718892423,90.89713050000705,92.70455169677734,3312561,0.0,0.0
2023-01-05 00:00:00-05:00,92.00826356416421,92.27493196618717,90.71195488927572,91.08232879638672,3117494,0.0,0.0
2023-01-06 00:00:00-05:00,92.34158724844156,94.1712392858323,91.6675116780171,93.8675308227539,2890732,0.0,0.0
2023-01-09 00:00:00-05:00,94.07494180812485,95.89717906827424,93.4156755146962,93.91938018798828,3434075,0.0,0.0
2023-01-10 00:00:00-05:00,94.12679902726076,94.95643628701356,93.85272261356941,94.91199493408203,1971128,0.0,0.0
2023-01-11 00:00:00-05:00,95.50458674416319,95.69718170674929,94.53421067187868,95.64533233642578,2408146,0.0,0.0
2023-01-12 00:00:00-05:00,96.0008989360647,96.16386183952173,94.66014209427532,95.81571197509766,2200042,0.0,0.0
2023-01-13 00:00:00-05:00,95.12679860021935,96.00829191104899,94.96383572229807,95.93421173095703,2025306,0.0,0.0
2023-01-17 00:00:00-05:00,96.11939870125669,96.22310419428628,93.62308588709617,93.77864074707031,4199036,0.0,0.0
2023-01-18 00:00:00-05:00,93.96382984525334,94.21568218605093,90.56379958749369,90.92676544189453,5093166,0.0,0.0
2023-01-19 00:00:00-05:00,90.37119569098729,90.58600791961501,87.64524128447601,87.72672271728516,5955721,0.0,0.0
2023-01-20 00:00:00-05:00,87.8156323157665,89.41564954667402,86.48969827511115,89.37120819091797,5230706,0.0,0.0
2023-01-23 00:00:00-05:00,89.34156372774201,91.77862595239903,89.19341688357261,90.8304672241211,4080991,0.0,0.0
2023-01-24 00:00:00-05:00,85.95633857571039,88.88969708577095,84.81558503995807,85.18595886230469,12290694,0.0,0.0
2023-01-25 00:00:00-05:00,84.8155970301512,86.10449757339529,83.51928846868174,83.65262603759766,7167867,0.0,0.0
2023-01-26 00:00:00-05:00,84.0822453727078,84.51928459031116,82.7859369951072,84.11187744140625,5532218,0.0,0.0
2023-01-27 00:00:00-05:00,84.2452171649075,85.76375270047939,84.04521419826588,85.37115478515625,4920942,0.0,0.0
2023-01-30 00:00:00-05:00,84.79337809464263,85.92672384185806,83.3785479152915,83.39336395263672,7059868,0.0,0.0
2023-01-31 00:00:00-05:00,83.8155922012105,85.24523162841797,83.2452153303742,85.24523162841797,6065155,0.0,0.0
2023-02-01 00:00:00-05:00,84.85262972389077,86.47486390928844,84.18595545571277,85.82300567626953,3708557,0.0,0.0
2023-02-02 00:00:00-05:00,85.99338483320358,89.51934469286982,85.56375356796856,89.10452270507812,5880971,0.0,0.0
2023-02-03 00:00:00-05:00,88.09711490954551,88.31934196106744,86.51192050948376,87.03044128417969,3208150,0.0,0.0
2023-02-06 00:00:00-05:00,86.51191527196447,86.86006510701557,85.83783289835627,86.2970962524414,2974811,0.0,0.0
2023-02-07 00:00:00-05:00,85.79337953767484,86.8230197018789,85.01559847030845,86.59339141845703,2610509,0.0,0.0
2023-02-08 00:00:00-05:00,86.05264512350168,86.43782826172425,85.19337587239492,85.37115478515625,3003993,0.0,0.0
2023-02-09 00:00:00-05:00,86.24523640139586,86.5119115392277,83.30446945842748,83.65262603759766,4307872,0.0,0.0
2023-02-10 00:00:00-05:00,83.87485108460477,84.60819085756293,83.48225313286,84.35633850097656,2720302,0.0,0.0
2023-02-13 00:00:00-05:00,84.71929688810087,85.64523154574589,84.29707365823657,85.39337921142578,2688130,0.0,0.0
2023-02-14 00:00:00-05:00,85.03040701788868,85.24521924620863,83.6674264370158,84.60076904296875,2944911,0.0,0.0
2023-02-15 00:00:00-05:00,84.18597268080227,85.05264332353495,83.8526320989392,85.03042602539062,3022651,0.0,0.0
2023-02-16 00:00:00-05:00,84.43746490795245,85.06792954839054,83.13149901415686,84.06218719482422,3223340,1.254181,0.0
2023-02-17 00:00:00-05:00,84.03216308097831,84.84276732730406,83.07145733696142,84.80523681640625,3381929,0.0,0.0
2023-02-21 00:00:00-05:00,84.06219659840944,84.36242017222308,81.94563307299632,81.9981689453125,4651364,0.0,0.0
2023-02-22 00:00:00-05:00,82.20832110663453,82.8462918815945,81.4427534372291,81.76549530029297,3175380,0.0,0.0
2023-02-23 00:00:00-05:00,82.33590746080728,82.77874009592756,81.0674720702934,81.74297332763672,3520785,0.0,0.0
2023-02-24 00:00:00-05:00,81.14254263161638,81.46528454539238,80.129293965277,80.90987396240234,3424028,0.0,0.0
2023-02-27 00:00:00-05:00,81.705460157816,83.07897442197647,81.21009155080942,81.26263427734375,4252976,0.0,0.0
2023-02-28 00:00:00-05:00,81.15004138646991,81.75048853736507,80.49705836297265,80.86483001708984,4043078,0.0,0.0
2023-03-01 00:00:00-05:00,83.3416543380145,84.30986615944836,82.36592956595983,82.71868896484375,5877981,0.0,0.0
2023-03-02 00:00:00-05:00,82.37343826448925,82.74120987894109,80.84980909111253,82.48602294921875,9076803,0.0,0.0
2023-03-03 00:00:00-05:00,83.14653219083439,84.0547022941133,82.26837965510651,83.50679779052734,3636797,0.0,0.0
2023-03-06 00:00:00-05:00,83.61184435142097,83.77696487988626,82.320890831112,82.50852966308594,3373677,0.0,0.0
2023-03-07 00:00:00-05:00,82.5610868703269,82.56859297343729,80.33944471687131,80.37696838378906,4033869,0.0,0.0
2023-03-08 00:00:00-05:00,80.63966921614802,80.88735007571647,79.69396869978223,80.42951202392578,4107901,0.0,0.0
2023-03-09 00:00:00-05:00,80.80478265502224,81.48028394259195,79.12353896294817,79.19859313964844,4142585,0.0,0.0
2023-03-10 00:00:00-05:00,79.21361965391166,80.30942863813064,77.86261683472625,78.10279846191406,4417904,0.0,0.0
2023-03-13 00:00:00-04:00,77.8100767690154,78.56813843196264,77.10455098183128,77.68247985839844,5036476,0.0,0.0
2023-03-14 00:00:00-04:00,78.50059107691922,78.93591083993402,76.0837969480864,77.14208221435547,5707312,0.0,0.0
2023-03-15 00:00:00-04:00,76.04627327894622,77.17210662857534,75.25818719475198,77.14208221435547,5850473,0.0,0.0
2023-03-16 00:00:00-04:00,76.39150990868062,78.38048309358612,76.16634054864107,78.21536254882812,4356550,0.0,0.0
2023-03-17 00:00:00-04:00,78.3204486211367,78.40301575726936,76.53412616341073,77.32221221923828,13617297,0.0,0.0
2023-03-20 00:00:00-04:00,77.61491926784255,78.39549911545372,77.47231702187007,78.29042053222656,3255392,0.0,0.0
2023-03-21 00:00:00-04:00,78.98843848754868,79.16857125683319,77.58489999850364,78.2754135131836,3137826,0.0,0.0
2023-03-22 00:00:00-04:00,78.29794142042356,78.4705681080982,76.18137084889898,76.21139526367188,3355378,0.0,0.0
2023-03-23 00:00:00-04:00,76.30145989773588,77.25466655842051,75.62595852138473,75.80609130859375,3800051,0.0,0.0
2023-03-24 00:00:00-04:00,75.33323450094004,76.06127853883167,75.1756200379511,75.91116333007812,4249268,0.0,0.0
2023-03-27 00:00:00-04:00,76.72176307647989,76.76679969503115,75.50586340784055,76.17385864257812,3345690,0.0,0.0
2023-03-28 00:00:00-04:00,76.24891050670975,77.1795986918713,76.0387533426711,76.36148834228516,2945509,0.0,0.0
2023-03-29 00:00:00-04:00,77.16460244648667,77.487337512848,76.48159494641982,77.44981384277344,3853034,0.0,0.0
2023-03-30 00:00:00-04:00,77.87011947010998,77.99771638190975,76.95444332275062,77.14208221435547,2810241,0.0,0.0
2023-03-31 00:00:00-04:00,77.68246055324083,78.95090269479606,77.31468896839156,78.89085388183594,4319354,0.0,0.0
2023-04-03 00:00:00-04:00,78.92089254437292,79.43877255790518,78.19285534478374,78.4855728149414,4804691,0.0,0.0
2023-04-04 00:00:00-04:00,78.73325919031748,78.73325919031748,76.60918941772127,76.7442855834961,4154067,0.0,0.0
2023-04-05 00:00:00-04:00,76.82685075959492,77.13458047686305,76.31647678077631,76.7743148803711,3171792,0.0,0.0
2023-04-06 00:00:00-04:00,76.81933649367824,77.15709059097986,76.19637786998555,76.22640228271484,2893363,0.0,0.0
2023-04-10 00:00:00-04:00,76.25642806744702,77.40477284275747,75.84361977952923,77.12706756591797,3444719,0.0,0.0
2023-04-11 00:00:00-04:00,77.78005342680048,78.64319370180169,77.53987865786254,78.47807312011719,3530592,0.0,0.0
2023-04-12 00:00:00-04:00,78.80829941244541,78.9208840963983,77.82507536282588,78.33544921875,3258861,0.0,0.0
2023-04-13 00:00:00-04:00,78.68821675409457,79.88911104212222,78.12530697345345,79.67144775390625,4108499,0.0,0.0
2023-04-14 00:00:00-04:00,79.55885712640855,80.39947895617063,78.81580777905786,79.38623046875,3341146,0.0,0.0
2023-04-17 00:00:00-04:00,79.67895061809587,80.38446947743209,79.51383005722575,80.14429473876953,2911184,0.0,0.0
2023-04-18 00:00:00-04:00,80.48205153606703,80.53459426081508,79.46129679022863,79.76152038574219,2286872,0.0,0.0
2023-04-19 00:00:00-04:00,79.33369959958591,79.81404909088863,79.1535668281889,79.61890411376953,2293928,0.0,0.0
2023-04-20 00:00:00-04:00,79.15357077788971,79.25113642268371,78.14031532742835,78.60565948486328,4419579,0.0,0.0
2023-04-21 00:00:00-04:00,78.7932845986316,78.89836317693208,78.10277801070436,78.41800689697266,7644593,0.0,0.0
2023-04-24 00:00:00-04:00,78.84584930369742,79.04099431088036,78.32796236967037,78.85335540771484,4229056,0.0,0.0
2023-04-25 00:00:00-04:00,79.3186801170029,80.53457963670061,78.17783477039599,78.33544921875,6065394,0.0,0.0
2023-04-26 00:00:00-04:00,78.0577517130204,78.95842242518839,77.13456954073959,77.24715423583984,3795386,0.0,0.0
2023-04-27 00:00:00-04:00,77.36724230541869,79.10102189373649,77.36724230541869,79.05599212646484,2862148,0.0,0.0
2023-04-28 00:00:00-04:00,79.04098318428913,79.8665928722694,78.92089238555056,79.72398376464844,4764505,0.0,0.0
2023-05-01 00:00:00-04:00,79.81405309722115,80.18182476133683,79.2286249851118,79.44628143310547,2738003,0.0,0.0
2023-05-02 00:00:00-04:00,79.19109777757627,79.33370689641876,77.05201578401604,77.29219055175781,3602352,0.0,0.0
2023-05-03 00:00:00-04:00,77.6824790424863,78.50808877949592,77.05952040018445,77.17961120605469,2459096,0.0,0.0
2023-05-04 00:00:00-04:00,76.96944615073716,77.29218116973519,75.6259496589953,76.43655395507812,3543987,0.0,0.0
2023-05-05 00:00:00-04:00,77.15709903565882,77.6674730161103,76.59418232718039,77.56990051269531,2324785,0.0,0.0
2023-05-08 00:00:00-04:00,77.72752005304216,78.0052253488659,76.29395695094041,76.81184387207031,2504424,0.0,0.0
2023-05-09 00:00:00-04:00,76.15884998398488,76.36900031554602,75.35575177703737,75.65597534179688,3733194,0.0,0.0
2023-05-10 00:00:00-04:00,76.09880498469478,76.33148048487793,74.75531525150389,75.73103332519531,3281944,0.0,0.0
2023-05-11 00:00:00-04:00,75.43081873634637,75.80609654372076,74.90543254547626,75.64097595214844,3317704,0.0,0.0
2023-05-12 00:00:00-04:00,75.96372752788254,76.00875730919635,74.50764588904582,75.2582015991211,2937496,0.0,0.0
2023-05-15 00:00:00-04:00,75.10808036492172,75.67850315501744,74.50763315998891,75.42330932617188,2878772,0.0,0.0
2023-05-16 00:00:00-04:00,75.0555327582725,75.08555717115716,73.554421692189,73.56192779541016,4476748,0.0,0.0
2023-05-17 00:00:00-04:00,73.86964990126883,75.28820053498599,73.55441414423159,75.19062805175781,4279288,0.0,0.0
2023-05-18 00:00:00-04:00,75.00775702775157,76.07450856030182,74.71821028252702,75.92211151123047,3485503,1.254181,0.0
2023-05-19 00:00:00-04:00,76.38690841470589,76.55454586277665,75.18300719448722,75.45731353759766,3229080,0.0,0.0
2023-05-22 00:00:00-04:00,75.34302576152093,77.7508354190434,74.91632927630442,77.4993896484375,5008011,0.0,0.0
2023-05-23 00:00:00-04:00,77.49938965908389,78.36040978324654,76.69932418917827,76.72980499267578,4324975,0.0,0.0
2023-05-24 00:00:00-04:00,76.53931067002044,76.7298017784241,73.88767555347951,73.90291595458984,4942590,0.0,0.0
2023-05-25 00:00:00-04:00,73.56764147415421,74.0705399025761,72.65328701587542,73.94862365722656,3731042,0.0,0.0
2023-05-26 00:00:00-04:00,73.94863001145029,74.24579697411,73.43049113874515,73.86481475830078,3333730,0.0,0.0
2023-05-30 00:00:00-04:00,73.8571912797145,74.06292277955839,72.53899398395906,73.19428253173828,3433477,0.0,0.0
2023-05-31 00:00:00-04:00,72.38660115255483,72.97331488550122,71.00744912756281,71.09888458251953,7405273,0.0,0.0
2023-06-01 00:00:00-04:00,71.2208097763098,72.06658957896623,70.39027037684808,71.83799743652344,3982082,0.0,0.0
2023-06-02 00:00:00-04:00,73.22477835359842,79.66337605470186,73.1790571430374,78.12420654296875,16938828,0.0,0.0
2023-06-05 00:00:00-04:00,76.88219654063441,78.09371811669428,74.60392330235574,74.65726470947266,7070752,0.0,0.0
2023-06-06 00:00:00-04:00,74.71822765619959,75.91450896297498,74.13151382923589,74.89347839355469,5351024,0.0,0.0
2023-06-07 00:00:00-04:00,75.22110069038703,77.08029025912516,74.36770094604655,76.9583740234375,3996075,0.0,0.0
2023-06-08 00:00:00-04:00,76.80600112863313,77.22508437166452,75.87640613626827,76.77552032470703,3768476,0.0,0.0
2023-06-09 00:00:00-04:00,76.72980598986224,77.40795520732911,74.82489480127154,76.12023162841797,5398266,0.0,0.0
2023-06-12 00:00:00-04:00,76.46311215699242,78.0556229019576,76.35644324982337,77.15650177001953,4185880,0.0,0.0
2023-06-13 00:00:00-04:00,77.15648883453129,78.58898207310554,76.83646826120034,78.28419494628906,3926827,0.0,0.0
2023-06-14 00:00:00-04:00,78.60424108095613,78.9928435429151,77.0879322402686,77.68226623535156,3888196,0.0,0.0
2023-06-15 00:00:00-04:00,77.64416366949321,79.31286955253623,77.43081193922261,79.09951782226562,3375590,0.0,0.0
2023-06-16 00:00:00-04:00,79.4347745404506,79.92243263190285,78.61185542204005,79.65574645996094,7412210,0.0,0.0
2023-06-20 00:00:00-04:00,78.31468591035667,78.42898196684105,77.01934914416776,77.94894409179688,3284455,0.0,0.0
2023-06-21 00:00:00-04:00,77.4689108067677,77.94132850918771,76.80600198316642,77.31652069091797,3011648,0.0,0.0
2023-06-22 00:00:00-04:00,77.17936701708433,77.1946074198079,75.9221241779909,76.52407836914062,3103500,0.0,0.0
2023-06-23 00:00:00-04:00,78.71091442117942,78.86330453940316,75.80021310339006,76.74504852294922,9342315,0.0,0.0
2023-06-26 00:00:00-04:00,76.19642745402034,76.87457667832781,75.79259156204651,76.50883483886719,4371858,0.0,0.0
2023-06-27 00:00:00-04:00,76.13548390073625,76.36407606010245,74.72585079194921,74.87062072753906,6493562,0.0,0.0
2023-06-28 00:00:00-04:00,74.87059922973411,75.64018380515769,74.49723724198255,75.1068115234375,4539538,0.0,0.0
2023-06-29 00:00:00-04:00,74.74869154084348,75.78496227938084,74.6115348911127,75.61732482910156,4182292,0.0,0.0
2023-06-30 00:00:00-04:00,76.20404541243481,76.50121238643567,75.58685781469299,76.26500701904297,6084052,0.0,0.0
2023-07-03 00:00:00-04:00,76.3488202399156,77.29365558977284,76.13546852795098,77.0650634765625,1913002,0.0,0.0
2023-07-05 00:00:00-04:00,76.79836408048861,77.24030087677933,75.10680498295147,75.15251922607422,4716306,0.0,0.0
2023-07-06 00:00:00-04:00,74.67249750602129,74.73345911362202,72.82092772991082,73.38478088378906,6137035,0.0,0.0
2023-07-07 00:00:00-04:00,73.29334831066973,75.42684474771463,73.27810790816953,74.13150787353516,4770126,0.0,0.0
2023-07-10 00:00:00-04:00,74.0019793252864,75.0611109322844,73.81910838118853,74.0553207397461,4506408,0.0,0.0
2023-07-11 00:00:00-04:00,75.23635824148761,77.74322383549494,74.96205183785665,77.65940856933594,7477392,0.0,0.0
2023-07-12 00:00:00-04:00,78.84807815413848,79.45003243833663,77.35462970019219,77.39273071289062,4345307,0.0,0.0
2023-07-13 00:00:00-04:00,77.49176712174268,78.42136207300835,77.33937006158807,78.37564086914062,2980552,0.0,0.0
2023-07-14 00:00:00-04:00,78.29182530851224,78.36802036192256,77.37747076211275,77.94894409179688,2650097,0.0,0.0
2023-07-17 00:00:00-04:00,77.64417328101118,77.8118038243725,76.80601361146532,77.49178314208984,2753312,0.0,0.0
2023-07-18 00:00:00-04:00,77.4308129468866,78.89378731997446,77.22508836795383,78.48994445800781,2978877,0.0,0.0
2023-07-19 00:00:00-04:00,78.36801513548562,79.06140467602614,78.17752403829495,78.84805297851562,2498324,0.0,0.0
2023-07-20 00:00:00-04:00,78.61184071630223,79.80050144275741,78.10894231720282,79.46524047851562,3428095,0.0,0.0
2023-07-21 00:00:00-04:00,79.37382652660465,79.65575312385536,78.6499630060994,79.49574279785156,2992392,0.0,0.0
2023-07-24 00:00:00-04:00,79.64812351713663,80.46342240661814,79.22904029512807,79.45001220703125,3986746,0.0,0.0
2023-07-25 00:00:00-04:00,81.94924248610306,84.4637205074748,81.53777953873423,83.68651580810547,10499564,0.0,0.0
2023-07-26 00:00:00-04:00,83.69414882709047,86.15529278358531,83.69414882709047,85.82765197753906,6691620,0.0,0.0
2023-07-27 00:00:00-04:00,84.15895566225673,86.20864378941646,84.15895566225673,84.72280883789062,6713746,0.0,0.0
2023-07-28 00:00:00-04:00,85.24093784407583,85.65240085244531,84.61613008390137,85.2485580444336,3479762,0.0,0.0
2023-07-31 00:00:00-04:00,85.24855400484583,85.54572094650473,84.4713492270821,84.9590072631836,8661312,0.0,0.0
2023-08-01 00:00:00-04:00,84.9590105393946,85.27903809338453,84.06750968003959,84.24276733398438,3414819,0.0,0.0
2023-08-02 00:00:00-04:00,83.43508410485066,83.73987126695278,82.41405371690941,82.98552703857422,3810934,0.0,0.0
2023-08-03 00:00:00-04:00,82.67312715207247,82.93219313455457,81.47684594974598,81.67495727539062,3374514,0.0,0.0
2023-08-04 00:00:00-04:00,81.956858310982,82.27687885053346,80.05956785919257,80.39482879638672,3487775,0.0,0.0
2023-08-07 00:00:00-04:00,80.76821708015304,81.1873003411173,79.92243730965534,80.18150329589844,3001242,0.0,0.0
2023-08-08 00:00:00-04:00,79.48049310638348,79.54906795912275,78.13943513760557,79.3357162475586,3483350,0.0,0.0
2023-08-09 00:00:00-04:00,79.16808533503472,79.77003946360794,78.7947233180745,79.0233154296875,2565540,0.0,0.0
2023-08-10 00:00:00-04:00,79.29761200247755,80.6539032453653,78.76423279214022,79.16807556152344,2633951,0.0,0.0
2023-08-11 00:00:00-04:00,79.11474789186437,79.84623149698271,78.81758093910067,79.66336059570312,1947925,0.0,0.0
2023-08-14 00:00:00-04:00,79.36619841417756,79.48049447253278,78.40612264837436,78.8023452758789,3653062,0.0,0.0
2023-08-15 00:00:00-04:00,78.13943528427066,78.3908810466118,76.89743296833507,77.0650634765625,4000859,0.0,0.0
2023-08-16 00:00:00-04:00,76.78312996146194,77.51461353314201,76.5469246217474,76.79837036132812,3412666,0.0,0.0
2023-08-17 00:00:00-04:00,77.13363143137924,78.2689647425376,77.03458273761551,77.56795501708984,4071304,0.0,0.0
2023-08-18 00:00:00-04:00,77.3205011622635,77.71490818645059,77.01115581651392,77.34369659423828,3150742,1.254181,0.0
2023-08-21 00:00:00-04:00,77.33595909142639,77.41329366034444,76.19912187519341,76.70954132080078,2754029,0.0,0.0
2023-08-22 00:00:00-04:00,77.08075414661529,77.11942496006009,75.87431650446906,76.18365478515625,3097879,0.0,0.0
2023-08-23 00:00:00-04:00,76.36925193339819,77.47515944886581,75.55722845341596,77.06527709960938,3904820,0.0,0.0
2023-08-24 00:00:00-04:00,76.77139906083545,77.85410407591284,76.16817678800015,76.17591094970703,2272400,0.0,0.0
2023-08-25 00:00:00-04:00,76.54712120926725,76.87966898697118,75.80469815151287,76.52392578125,2617566,0.0,0.0
2023-08-28 00:00:00-04:00,81.4425110931946,81.70545147623362,79.33897391544569,80.52220916748047,9135646,0.0,0.0
2023-08-29 00:00:00-04:00,81.19503195897242,82.63348048706114,81.1099632190913,81.64358520507812,6270867,0.0,0.0
2023-08-30 00:00:00-04:00,81.58170179046542,81.86011046559557,80.12778511586292,80.77741241455078,3915584,0.0,0.0
2023-08-31 00:00:00-04:00,81.92971880602013,83.7780424976847,81.58170266583511,82.49427032470703,7781296,0.0,0.0
2023-09-01 00:00:00-04:00,82.98146699100381,83.75482659341263,82.0611653946451,82.7107925415039,4354038,0.0,0.0
2023-09-05 00:00:00-04:00,82.59478962191119,83.7238924165269,82.26997603891722,82.63345336914062,5817583,0.0,0.0
2023-09-06 00:00:00-04:00,82.37825817815026,82.60253475739972,81.46569059423602,82.26225280761719,3210423,0.0,0.0
2023-09-07 00:00:00-04:00,82.11531820336066,82.58706679264257,81.1718139680798,81.93744659423828,3476652,0.0,0.0
2023-09-08 00:00:00-04:00,82.03796550092054,82.27771037245383,81.52755322806472,82.16170501708984,3317824,0.0,0.0
2023-09-11 00:00:00-04:00,82.74948353858592,83.69298087062462,82.58708022674662,83.43777465820312,3398314,0.0,0.0
2023-09-12 00:00:00-04:00,83.17481822512848,84.14151785986338,82.80360669446495,82.87320709228516,3823134,0.0,0.0
2023-09-13 00:00:00-04:00,82.85773026828484,83.11293640525399,77.730355649424,78.1479721069336,9059820,0.0,0.0
2023-09-14 00:00:00-04:00,78.57332495722831,80.09684177493085,78.27171384676112,79.13014221191406,5004184,0.0,0.0
2023-09-15 00:00:00-04:00,78.79760197303148,79.19975015867813,77.83863647958957,78.15571594238281,7178631,0.0,0.0
2023-09-18 00:00:00-04:00,78.15571948392714,78.80533970579178,77.42102347863701,78.14025115966797,5141006,0.0,0.0
2023-09-19 00:00:00-04:00,78.11703964224058,78.30264539845848,77.23540877184732,77.51382446289062,3192483,0.0,0.0
2023-09-20 00:00:00-04:00,77.37462773104696,78.03198213346394,76.54712881372788,76.55486297607422,2936300,0.0,0.0
2023-09-21 00:00:00-04:00,76.21457047402413,76.73272394808359,75.32520551986302,75.39480590820312,4252856,0.0,0.0
2023-09-22 00:00:00-04:00,75.47214932026964,75.63455258252232,74.70652386005554,75.04679870605469,4172724,0.0,0.0
2023-09-25 00:00:00-04:00,74.68333717603718,74.93854336452186,72.51019279421465,73.30675506591797,5315263,0.0,0.0
2023-09-26 00:00:00-04:00,72.9742001194228,73.55421984504538,72.40191455467917,72.60298156738281,4159927,0.0,0.0
2023-09-27 00:00:00-04:00,72.79632179486522,72.98192754334035,71.99203257037841,72.2781753540039,3669089,0.0,0.0
2023-09-28 00:00:00-04:00,71.96110136067175,72.57205777862148,71.46615030845783,72.12350463867188,4883866,0.0,0.0
2023-09-29 00:00:00-04:00,72.69580877579283,72.95874913802182,72.19312348276843,72.40193176269531,3640744,0.0,0.0
2023-10-02 00:00:00-04:00,71.65176711286807,71.79097498454706,69.06874730621905,69.77250671386719,9823466,0.0,0.0
2023-10-03 00:00:00-04:00,69.40901792911365,69.55595288270396,68.17937094356849,68.66658782958984,6428620,0.0,0.0
2023-10-04 00:00:00-04:00,68.51965971007316,68.72073381367444,67.52202335426043,68.07111358642578,7799475,0.0,0.0
2023-10-05 00:00:00-04:00,68.0556451481092,68.2412509270124,66.93426925579202,67.9241714477539,5812799,0.0,0.0
2023-10-06 00:00:00-04:00,67.59163793591226,68.99142279255894,66.76414591806127,68.36499786376953,5331888,0.0,0.0
2023-10-09 00:00:00-04:00,68.10976917211362,68.89086300625928,68.01696629363673,68.86766052246094,2822082,0.0,0.0
2023-10-10 00:00:00-04:00,69.60236128272317,70.36798684754353,68.9914048405408,70.09730529785156,4435844,0.0,0.0
2023-10-11 00:00:00-04:00,70.22106361845914,70.36027151145363,69.40903992226772,69.90398406982422,2536955,0.0,0.0
2023-10-12 00:00:00-04:00,70.01224098844435,70.01224098844435,68.41138935836723,68.84446716308594,2796128,0.0,0.0
2023-10-13 00:00:00-04:00,68.98368360161001,69.4863689294282,68.25672870962549,68.58153533935547,2809284,0.0,0.0
2023-10-16 00:00:00-04:00,68.76713349858291,69.71063074330344,68.48099066020971,69.55596160888672,3186862,0.0,0.0
2023-10-17 00:00:00-04:00,68.96048069189364,70.40666336052148,68.89088027976368,70.02771759033203,2535759,0.0,0.0
2023-10-18 00:00:00-04:00,69.38583692030365,69.44770317411346,68.15619661089187,68.36499786376953,3214130,0.0,0.0
2023-10-19 00:00:00-04:00,68.05564377914628,68.6820615061646,67.29774529770012,67.32868194580078,3667295,0.0,0.0
2023-10-20 00:00:00-04:00,67.0580046672785,67.52975324768624,66.81053266287589,66.93426513671875,3056258,0.0,0.0
2023-10-23 00:00:00-04:00,66.50891496969226,67.15080093089063,66.00622979202308,66.19956970214844,4158014,0.0,0.0
2023-10-24 00:00:00-04:00,69.68743337932591,70.24425071583791,68.38045170856925,69.6951675415039,7675928,0.0,0.0
2023-10-25 00:00:00-04:00,69.13834233974532,69.91943625685025,68.59699333392005,69.130615234375,4618593,0.0,0.0
2023-10-26 00:00:00-04:00,69.416762979938,70.0277195499483,68.28765980097882,68.55833435058594,4623975,0.0,0.0
2023-10-27 00:00:00-04:00,68.921807183897,69.01461007251646,67.25908229414084,67.68443298339844,3962109,0.0,0.0
2023-10-30 00:00:00-04:00,68.10203723557879,69.39355047189623,67.88549482648664,69.23114013671875,3161626,0.0,0.0
2023-10-31 00:00:00-04:00,69.20021426782222,70.81653414796057,69.1460751342801,70.33705139160156,5555659,0.0,0.0
2023-11-01 00:00:00-04:00,70.49944527882408,70.6463872792718,69.26980543249951,70.03543090820312,4181934,0.0,0.0
2023-11-02 00:00:00-04:00,70.83973369918897,71.45841723130707,70.40664887566118,71.3888168334961,3144404,0.0,0.0
2023-11-03 00:00:00-04:00,72.32459224623095,73.32996286162029,71.97658314067512,72.58753967285156,3266396,0.0,0.0
2023-11-06 00:00:00-05:00,72.56432987457995,72.63393027733663,71.89924132551634,72.3245849609375,2578217,0.0,0.0
2023-11-07 00:00:00-05:00,71.86055767570117,72.2704399702803,71.58988321848109,72.0384292602539,2636223,0.0,0.0
2023-11-08 00:00:00-05:00,72.23177900734946,72.23177900734946,70.58452250054208,71.39655303955078,4142466,0.0,0.0
2023-11-09 00:00:00-05:00,71.59763301122553,72.08484996328252,70.87840529848708,70.91707611083984,2540543,0.0,0.0
2023-11-10 00:00:00-05:00,71.14908729906197,71.96884501540845,70.88613988691823,71.77550506591797,2864420,0.0,0.0
2023-11-13 00:00:00-05:00,71.69042001280694,72.02296069845738,71.08719781412323,71.68268585205078,2551307,0.0,0.0
2023-11-14 00:00:00-05:00,72.69579616940838,73.84810153382249,72.6416570397769,73.44595336914062,3972394,0.0,0.0
2023-11-15 00:00:00-05:00,73.80944166267773,75.17055547247367,73.80944166267773,74.87667846679688,4533079,0.0,0.0
2023-11-16 00:00:00-05:00,75.32441285976059,75.76431287721545,74.55459499697865,75.18302154541016,3661913,1.254181,0.0
2023-11-17 00:00:00-05:00,75.61506244435034,75.68576527295376,74.63315039139191,74.89237976074219,9073693,0.0,0.0
2023-11-20 00:00:00-05:00,74.6410201993173,74.82169090395685,74.20112724468609,74.60960388183594,3986627,0.0,0.0
2023-11-21 00:00:00-05:00,74.32679360695522,74.43676861795966,73.63553439680936,73.83191680908203,3239605,0.0,0.0
2023-11-22 00:00:00-05:00,74.60174126906378,75.23801661346046,74.33465600412997,74.91595458984375,2863463,0.0,0.0
2023-11-24 00:00:00-05:00,74.86097097117651,75.39513438662004,74.71957962175365,75.37156677246094,1267640,0.0,0.0
2023-11-27 00:00:00-05:00,75.41082206554518,76.55770018556761,75.36369401555207,76.2513427734375,3939504,0.0,0.0
2023-11-28 00:00:00-05:00,76.13353216093466,77.8459903432574,75.83503053897991,77.38252258300781,5184182,0.0,0.0
2023-11-29 00:00:00-05:00,77.96380485397778,78.12091510195641,77.07615596491232,77.3510971069336,3087594,0.0,0.0
2023-11-30 00:00:00-05:00,77.48462205938809,78.61578845381605,77.18612051328003,77.82240295410156,7190950,0.0,0.0
2023-12-01 00:00:00-05:00,77.641734110548,78.71790944221743,77.10757079578387,78.43511962890625,3329425,0.0,0.0
2023-12-04 00:00:00-05:00,78.82003214286726,81.52225081505368,78.73362473776692,81.25517272949219,6016119,0.0,0.0
2023-12-05 00:00:00-05:00,80.71314316557181,80.9095255613598,79.68410313887998,79.88048553466797,3675786,0.0,0.0
2023-12-06 00:00:00-05:00,79.8647825575529,81.36514623294113,79.83335907709512,80.74457550048828,4285029,0.0,0.0
2023-12-07 00:00:00-05:00,80.94882301568059,81.40442769543138,80.43822723885998,81.1294937133789,2831650,0.0,0.0
2023-12-08 00:00:00-05:00,81.20018005371094,82.40989803704758,80.90953436303761,81.20018005371094,4119024,0.0,0.0
2023-12-11 00:00:00-05:00,81.45941324916106,81.86003397234519,80.68959528469429,81.03522491455078,4169136,0.0,0.0
2023-12-12 00:00:00-05:00,81.37300161632304,81.48297663918991,80.39109661681117,80.56391143798828,5590463,0.0,0.0
2023-12-13 00:00:00-05:00,80.12400842305107,81.86003394553545,78.3251502723143,81.84432220458984,7142512,0.0,0.0
2023-12-14 00:00:00-05:00,82.46488940254841,84.5465446457759,82.44917766091595,84.08308410644531,6894342,0.0,0.0
2023-12-15 00:00:00-05:00,83.54105809510918,84.46798626648759,83.2347078291412,84.03594207763672,13255507,0.0,0.0
2023-12-18 00:00:00-05:00,84.051657958442,84.28731973992674,82.99905014785803,83.16400909423828,3616704,0.0,0.0
2023-12-19 00:00:00-05:00,83.55676479458951,83.85526634013382,83.17971171974708,83.4625015258789,3151101,0.0,0.0
2023-12-20 00:00:00-05:00,83.10902295564559,83.47822019141378,81.40442093995456,81.43584442138672,3883890,0.0,0.0
2023-12-21 00:00:00-05:00,81.86787915875037,82.97547800279084,81.78147175499753,82.92049407958984,2624263,0.0,0.0
2023-12-22 00:00:00-05:00,83.17186696506411,84.37372917756355,83.06974781300013,83.52535247802734,2728913,0.0,0.0
2023-12-26 00:00:00-05:00,83.50178661564674,85.30064471453657,83.47821900490759,84.92359161376953,3332176,0.0,0.0
2023-12-27 00:00:00-05:00,84.83719607587359,85.70127741396013,84.58582969612264,85.41848754882812,2922785,0.0,0.0
2023-12-28 00:00:00-05:00,85.35564414382169,86.54965052472471,85.34778827280795,86.16474151611328,3360282,0.0,0.0
2023-12-29 00:00:00-05:00,86.01548297630241,86.376824354404,85.42633568534626,85.87408447265625,2887622,0.0,0.0
2024-01-02 00:00:00-05:00,85.32421758594353,86.92670053076944,85.19068211905154,86.40824890136719,3321053,0.0,0.0
2024-01-03 00:00:00-05:00,85.80340072620892,85.98407144036203,83.89456725224686,84.6722412109375,3547575,0.0,0.0
2024-01-04 00:00:00-05:00,84.90003080469641,85.88979885738641,84.60938508559,84.97073364257812,3319976,0.0,0.0
2024-01-05 00:00:00-05:00,84.82147167915147,86.00762206214132,84.48369793275899,85.30064392089844,1991579,0.0,0.0
2024-01-08 00:00:00-05:00,85.04141711336598,85.59128498919637,84.51510967901764,85.51273345947266,2535042,0.0,0.0
2024-01-09 00:00:00-05:00,84.99428529639846,85.85837366123383,84.32658651537858,85.70126342773438,2939768,0.0,0.0
2024-01-10 00:00:00-05:00,85.6384327867827,85.71698432804455,84.71150453014975,85.0728530883789,2391761,0.0,0.0
2024-01-11 00:00:00-05:00,85.07286253584317,85.62273055350515,84.21662985448346,85.55989074707031,3212217,0.0,0.0
2024-01-12 00:00:00-05:00,85.95263365232046,86.53392500821444,84.75077159171627,84.93144226074219,3490526,0.0,0.0
2024-01-16 00:00:00-05:00,84.57794993159672,84.89216319334486,83.80027623023423,84.55438232421875,3631534,0.0,0.0
2024-01-17 00:00:00-05:00,83.93383091761802,84.57011345615311,82.89693480060753,83.32897186279297,3156842,0.0,0.0
2024-01-18 00:00:00-05:00,83.52534842636302,83.84741760844415,82.74767460135524,83.61176300048828,2981748,0.0,0.0
2024-01-19 00:00:00-05:00,83.84743243343084,85.11999047824018,82.55916264509347,84.64867401123047,3910322,0.0,0.0
2024-01-22 00:00:00-05:00,85.22995841563728,85.94479251225434,84.3658771034685,84.8529052734375,5879656,0.0,0.0
2024-01-23 00:00:00-05:00,79.22850224584397,79.22850224584397,73.92618400103127,75.48938751220703,32544236,0.0,0.0
2024-01-24 00:00:00-05:00,75.91357814026254,76.22779148931002,72.84216182709692,73.24278259277344,11202454,0.0,0.0
2024-01-25 00:00:00-05:00,73.6669566741698,75.630780955925,73.5334212103801,75.39512634277344,7322988,0.0,0.0
2024-01-26 00:00:00-05:00,75.58364720157304,76.1178033519879,75.24586629676239,75.40296936035156,4449359,0.0,0.0
2024-01-29 00:00:00-05:00,75.41082613912542,76.10994839927544,74.97093325511558,75.7093276977539,4544800,0.0,0.0
2024-01-30 00:00:00-05:00,75.54436441192163,75.8114424749678,74.4524773831781,75.21443939208984,3827798,0.0,0.0
2024-01-31 00:00:00-05:00,75.36370586213829,75.36370586213829,73.96546119757619,74.11471557617188,8260533,0.0,0.0
2024-02-01 00:00:00-05:00,74.14612738191357,75.42654107344327,73.79264188572594,75.34013366699219,3943571,0.0,0.0
2024-02-02 00:00:00-05:00,74.84526259741571,74.9395258905293,74.06758863728697,74.523193359375,4440030,0.0,0.0
2024-02-05 00:00:00-05:00,74.03616177783975,74.03616177783975,72.72432456498457,72.84215545654297,5354372,0.0,0.0
2024-02-06 00:00:00-05:00,72.8500183755473,73.7219555890168,72.58293308410319,73.65125274658203,4453186,0.0,0.0
2024-02-07 00:00:00-05:00,74.31110694938259,74.39751437148142,73.44702556062806,73.71410369873047,4521956,0.0,0.0
2024-02-08 00:00:00-05:00,73.95759982143741,74.13827050226334,72.82644051482383,73.21134948730469,4741303,0.0,0.0
2024-02-09 00:00:00-05:00,73.21135453804163,73.28990607845925,72.57507200835171,72.97569274902344,4388244,0.0,0.0
2024-02-12 00:00:00-05:00,73.14850497799527,74.67242902913992,73.09351388960546,74.33464813232422,4893673,0.0,0.0
2024-02-13 00:00:00-05:00,73.28989496870285,73.83191413417579,71.78953138632329,72.78715515136719,5496338,0.0,0.0
2024-02-14 00:00:00-05:00,73.05424511568185,73.24277884968792,72.40225800474674,72.59864044189453,6024132,0.0,0.0
2024-02-15 00:00:00-05:00,73.06979665806756,73.91628467116828,72.75835068659599,73.77254486083984,4559391,1.262542,0.0
2024-02-16 00:00:00-05:00,73.35729423517887,73.50902042224043,72.83821754056117,72.87016296386719,5345522,0.0,0.0
2024-02-20 00:00:00-05:00,72.75036643938638,73.86038961494468,72.28718700268396,73.3253402709961,5174614,0.0,0.0
2024-02-21 00:00:00-05:00,73.1736122078788,73.44513372072318,72.6545428222861,73.23750305175781,4061855,0.0,0.0
2024-02-22 00:00:00-05:00,73.11771399074755,73.80448954516307,72.78230892550344,73.65276336669922,5083837,0.0,0.0
2024-02-23 00:00:00-05:00,73.78053276536517,74.21975317726067,73.3972168428197,73.93226623535156,3774217,0.0,0.0
2024-02-26 00:00:00-05:00,73.61282718680096,73.86837596984094,73.02188064539872,73.3253402709961,3914388,0.0,0.0
2024-02-27 00:00:00-05:00,73.46910273330761,73.7486033526545,73.05384133915945,73.70867156982422,2736807,0.0,0.0
2024-02-28 00:00:00-05:00,73.46907574574914,73.97217959049595,73.00589638234536,73.037841796875,3543030,0.0,0.0
2024-02-29 00:00:00-05:00,73.46908954329973,73.70067198167398,72.95799924893736,73.5649185180664,6169446,0.0,0.0
2024-03-01 00:00:00-05:00,73.50103200249178,73.50103200249178,72.58266668962081,73.35729217529297,4064128,0.0,0.0
2024-03-04 00:00:00-05:00,72.75036689579989,73.3492997958559,72.25524932322638,73.02188110351562,6678703,0.0,0.0
2024-03-05 00:00:00-05:00,73.20554598982055,74.5790968993288,73.12568973448998,74.02009582519531,5251636,0.0,0.0
2024-03-06 00:00:00-05:00,74.65897147388696,74.81868400814894,73.41318747408943,73.88434600830078,3591349,0.0,0.0
2024-03-07 00:00:00-05:00,74.30760231417902,74.5072466485689,73.55694311454735,73.96421813964844,3751613,0.0,0.0
2024-03-08 00:00:00-05:00,74.65897011281153,75.65719165080219,74.41140767371601,74.98638153076172,4925846,0.0,0.0
2024-03-11 00:00:00-04:00,75.05028107728184,75.43359702643694,74.63501970342337,75.1061782836914,4206571,0.0,0.0
2024-03-12 00:00:00-04:00,80.01742635633991,80.53649576140471,77.58176272577953,78.83553314208984,16737302,0.0,0.0
2024-03-13 00:00:00-04:00,79.63410084661108,83.12388286589754,79.21883954305514,83.10791015625,12935338,0.0,0.0
2024-03-14 00:00:00-04:00,82.54092401438385,83.48324840057857,81.646517762134,82.3492660522461,8282539,0.0,0.0
2024-03-15 00:00:00-04:00,82.25343150325313,84.28181996652917,82.07774626432285,83.8505859375,32098966,0.0,0.0
2024-03-18 00:00:00-04:00,83.47524757126361,84.88074390779072,83.38740496108312,83.69086456298828,6622491,0.0,0.0
2024-03-19 00:00:00-04:00,84.48146970406846,85.44774586714944,83.491234474096,84.10614013671875,6987869,0.0,0.0
2024-03-20 00:00:00-04:00,83.84260664464631,87.12475840906869,83.40339351032466,86.33416748046875,8390299,0.0,0.0
2024-03-21 00:00:00-04:00,86.40602968814039,87.19662783303816,86.07861827725763,86.14250183105469,7886663,0.0,0.0
2024-03-22 00:00:00-04:00,85.92688670254032,86.34214802838132,85.24809751383275,85.27205657958984,5321243,0.0,0.0
2024-03-25 00:00:00-04:00,84.56930415837027,85.29601144278695,83.6748979955575,83.72280883789062,6680019,0.0,0.0
2024-03-26 00:00:00-04:00,83.09993071593155,83.58706196661416,81.77429043354338,81.95796203613281,7279693,0.0,0.0
2024-03-27 00:00:00-04:00,82.25342751108148,83.65892392794856,82.24544115635223,83.5231704711914,4641676,0.0,0.0
2024-03-28 00:00:00-04:00,83.53915028864662,84.85680431735992,83.52318486325711,84.705078125,5245776,0.0,0.0
2024-04-01 00:00:00-04:00,86.96168920897732,90.1039557005629,84.26831272560355,89.79832458496094,13004800,0.0,1.196
2024-04-02 00:00:00-04:00,88.91963033804855,90.18035951993713,87.77351554972078,88.67130279541016,8912000,0.0,0.0
2024-04-03 00:00:00-04:00,89.14885887031193,90.44779295251257,88.34657991256366,89.00559997558594,6060200,0.0,0.0
2024-04-04 00:00:00-04:00,90.24722122582104,91.37423732271279,86.17850839514146,86.4745864868164,5864200,0.0,0.0
2024-04-05 00:00:00-04:00,86.36953891717944,87.31508418682678,85.51950201945638,86.94259643554688,3514000,0.0,0.0
2024-04-08 00:00:00-04:00,87.10495254008121,88.71907082272607,87.10495254008121,87.80217742919922,3706700,0.0,0.0
2024-04-09 00:00:00-04:00,87.9645351877026,89.015141659867,87.86902683329134,88.4516372680664,4236600,0.0,0.0
2024-04-10 00:00:00-04:00,87.65890928109171,88.54715087476212,86.50324136447894,88.47074127197266,3494900,0.0,0.0
2024-04-11 00:00:00-04:00,88.67130320439487,89.35897499529138,88.32747459576677,88.99604034423828,2993700,0.0,0.0
2024-04-12 00:00:00-04:00,88.59491110587906,88.64266164380456,87.05720242035073,87.21001434326172,3590800,0.0,0.0
2024-04-15 00:00:00-04:00,87.84994473479124,88.61401900178139,86.67517062099927,87.20047760009766,3674800,0.0,0.0
2024-04-16 00:00:00-04:00,86.85662380640319,87.22911148357525,86.12119418657716,86.96168518066406,3037000,0.0,0.0
2024-04-17 00:00:00-04:00,87.61115443118602,87.9740890963368,86.27401559548356,86.87572479248047,3421600,0.0,0.0
2024-04-18 00:00:00-04:00,87.29597351583358,88.27972345738455,86.78977265556529,87.37238311767578,3069400,0.0,0.0
2024-04-19 00:00:00-04:00,87.1431573725335,88.25107477769218,87.00944420802412,88.12690734863281,3588500,0.0,0.0
2024-04-22 00:00:00-04:00,88.38478729544757,88.5471522387607,87.58250102744113,88.46119689941406,2992900,0.0,0.0
2024-04-23 00:00:00-04:00,88.80502081287446,89.81742242455384,88.62354984971687,88.8241195678711,3729800,0.0,0.0
2024-04-24 00:00:00-04:00,88.43252817546623,89.04379765362314,87.315065165068,87.88812255859375,3813400,0.0,0.0
2024-04-25 00:00:00-04:00,87.47743740769752,87.8690311529007,86.5796500879125,87.30552673339844,2954800,0.0,0.0
2024-04-26 00:00:00-04:00,87.39148090009407,88.05050095669705,86.99034142512731,87.7066650390625,4520900,0.0,0.0
2024-04-29 00:00:00-04:00,87.4487858561667,88.46119486842657,87.4487858561667,88.0218505859375,4905000,0.0,0.0
2024-04-30 00:00:00-04:00,91.43154593598734,93.44679625874848,89.56910023596154,92.17652130126953,16731900,0.0,0.0
2024-05-01 00:00:00-04:00,93.69512977379874,95.2232854007349,92.91194955956766,94.01986694335938,11062600,0.0,0.0
2024-05-02 00:00:00-04:00,93.56140746724229,93.98165295613305,92.31023130854314,92.46304321289062,6317100,0.0,0.0
2024-05-03 00:00:00-04:00,93.19848089443904,93.78109135931561,92.49170300427424,92.78778839111328,4818500,0.0,0.0
2024-05-06 00:00:00-04:00,92.7304864462794,93.36085479474171,92.2051867760489,92.25293731689453,4329500,0.0,0.0
2024-05-07 00:00:00-04:00,92.2529326724673,92.81644440591887,91.23097787850632,91.25008392333984,4409000,0.0,0.0
2024-05-08 00:00:00-04:00,91.1068187402403,92.10967478726087,90.74388403942828,92.02371215820312,3489900,0.0,0.0
2024-05-09 00:00:00-04:00,91.77538215790436,93.00745970518891,91.59391845569878,92.95970916748047,2584200,0.0,0.0
2024-05-10 00:00:00-04:00,94.1249269543234,95.18508649905445,93.7619849885253,94.48786163330078,4157900,0.0,0.0
2024-05-13 00:00:00-04:00,94.55472384968094,97.17169093409956,94.55472384968094,95.15643310546875,5578700,0.0,0.0
2024-05-14 00:00:00-04:00,95.44296123290717,96.65593271294259,95.31880109300458,95.58622741699219,2973100,0.0,0.0
2024-05-15 00:00:00-04:00,95.69128885767931,97.10483008156436,95.65308405611204,96.69413757324219,4203300,0.0,0.0
2024-05-16 00:00:00-04:00,97.15259575808697,100.49543965380744,97.02842832125167,100.15160369873047,8384500,0.0,0.0
2024-05-17 00:00:00-04:00,100.48587255026129,100.97297463283492,99.97967171144691,100.53363037109375,5396500,0.0,0.0
2024-05-20 00:00:00-04:00,100.49543101277044,101.27861122381083,99.93191930108364,100.48587799072266,3962700,0.0,0.0
2024-05-21 00:00:00-04:00,100.18024129120175,100.32350746666215,98.04082354127321,98.50881958007812,4603000,0.0,0.0
2024-05-22 00:00:00-04:00,98.03127141057558,98.48016869724779,96.41715324024032,96.93290710449219,3807800,0.0,0.0
2024-05-23 00:00:00-04:00,96.57707615260652,96.67324783580143,95.12486686027644,95.701904296875,3845500,0.7,0.0
2024-05-24 00:00:00-04:00,95.9904157446879,96.67324420840835,95.5384007794604,95.85577392578125,2602000,0.0,0.0
2024-05-28 00:00:00-04:00,95.7499924015951,96.27894769808022,94.07658153056055,94.90367126464844,4360900,0.0,0.0
2024-05-29 00:00:00-04:00,94.05733602202031,94.15350769675041,93.05713446248461,93.8265151977539,4826600,0.0,0.0
2024-05-30 00:00:00-04:00,93.95155407053463,94.47088996924889,93.1821659233811,94.44203186035156,4520300,0.0,0.0
2024-05-31 00:00:00-04:00,94.30737442328216,96.41356844094152,93.691866942424,96.30777740478516,21754400,0.0,0.0
2024-06-03 00:00:00-04:00,96.52898616539332,96.93291160457035,95.18256069737473,95.94232940673828,4508100,0.0,0.0
2024-06-04 00:00:00-04:00,95.2114088886585,95.59610291731046,93.94192373030685,94.83633422851562,4988100,0.0,0.0
2024-06-05 00:00:00-04:00,95.03829053724277,95.83652930884591,94.1246487010218,95.26910400390625,3115400,0.0,0.0
2024-06-06 00:00:00-04:00,95.01907157404352,95.74037017201218,94.40356402410457,94.46126556396484,2510000,0.0,0.0
2024-06-07 00:00:00-04:00,95.70188544153756,98.0581242340139,94.63436309231206,97.0002212524414,5636700,0.0,0.0
2024-06-10 00:00:00-04:00,96.58669038243954,97.94272791941522,96.44242919660927,96.80789184570312,3506200,0.0,0.0
2024-06-11 00:00:00-04:00,96.26929837442223,97.58687285189419,95.4325968679535,97.44261169433594,2831500,0.0,0.0
2024-06-12 00:00:00-04:00,98.69288261544042,99.71231558974358,96.90406155727504,97.33683776855469,3704600,0.0,0.0
2024-06-13 00:00:00-04:00,98.11584760717672,98.86600436512627,96.88483242094559,97.65422058105469,5034700,0.0,0.0
2024-06-14 00:00:00-04:00,96.65400227520792,97.53879337087386,95.5095396017832,97.0386962890625,2685000,0.0,0.0
2024-06-17 00:00:00-04:00,96.15392102164692,97.5580481665409,96.09621214074086,96.68286895751953,3490000,0.0,0.0
2024-06-18 00:00:00-04:00,96.24047190827258,97.58689748970342,96.23085253869283,96.91368103027344,3446200,0.0,0.0
2024-06-20 00:00:00-04:00,96.42318977990573,98.42358546486956,96.35586887710542,97.76961517333984,3476600,0.0,0.0
2024-06-21 00:00:00-04:00,98.02928411397963,98.51976919355963,97.08678409218163,98.4716796875,7865800,0.0,0.0
2024-06-24 00:00:00-04:00,98.2697211764742,99.53920641405485,97.78885544500534,99.04872131347656,2948000,0.0,0.0
2024-06-25 00:00:00-04:00,98.94293063747259,99.23145301240993,97.41378112761953,98.14469909667969,5115700,0.0,0.0
2024-06-26 00:00:00-04:00,97.73115740169787,97.90426936471718,96.72133639451376,97.56765747070312,2356100,0.0,0.0
2024-06-27 00:00:00-04:00,98.05813809739597,100.058541281231,97.75038432583894,99.22183227539062,4338300,0.0,0.0
2024-06-28 00:00:00-04:00,99.06796217437635,99.99122351808738,97.76962613907735,98.27934265136719,6196500,0.0,0.0
2024-07-01 00:00:00-04:00,98.92369957921052,99.49111762447595,96.3751097165335,96.75980377197266,2705600,0.0,0.0
2024-07-02 00:00:00-04:00,96.71170748998503,98.02928215291912,96.61553581721815,97.73114776611328,2291300,0.0,0.0
2024-07-03 00:00:00-04:00,97.41377464229708,98.24086423546325,96.82711789976227,97.73114776611328,1230800,0.0,0.0
2024-07-05 00:00:00-04:00,97.51955195669063,97.76960414062978,96.78863413917554,97.44261169433594,3059600,0.0,0.0
2024-07-08 00:00:00-04:00,97.62536200230132,98.80828758239474,96.76942159477723,97.23104858398438,2338700,0.0,0.0
2024-07-09 00:00:00-04:00,96.9906199795537,97.57727677956431,95.66343315551586,95.87501525878906,2809300,0.0,0.0
2024-07-10 00:00:00-04:00,95.99040724628507,97.93310875410678,94.4997280011004,97.77922821044922,4519500,0.0,0.0
2024-07-11 00:00:00-04:00,98.46205584493181,100.27972756248246,97.90425722209885,99.27953338623047,4581100,0.0,0.0
2024-07-12 00:00:00-04:00,99.81809987210454,101.27031629672926,99.72192820249447,100.05853271484375,3381000,0.0,0.0
2024-07-15 00:00:00-04:00,100.88563749843004,100.98180918254664,98.64480130511053,98.7890625,3316600,0.0,0.0
2024-07-16 00:00:00-04:00,97.00984858323584,99.7219308272203,97.00984858323584,99.3564682006836,3609000,0.0,0.0
2024-07-17 00:00:00-04:00,98.92368610224156,100.7894472476089,98.76019353561786,100.63556671142578,3567900,0.0,0.0
2024-07-18 00:00:00-04:00,100.2316573416194,101.4819038796525,99.48150795131373,100.039306640625,3023800,0.0,0.0
2024-07-19 00:00:00-04:00,100.74136166707852,100.74136166707852,99.18335419600376,99.94312286376953,2884900,0.0,0.0
2024-07-22 00:00:00-04:00,100.07777039942181,101.0202704306239,98.48130003882581,100.95294952392578,2686600,0.0,0.0
2024-07-23 00:00:00-04:00,100.98179406375866,101.24145830573997,100.18355526398621,100.72212982177734,2172600,0.0,0.0
2024-07-24 00:00:00-04:00,100.55864060256566,101.07797647916743,99.13528212959389,99.29877471923828,3252000,0.0,0.0
2024-07-25 00:00:00-04:00,98.78904477598952,100.77982836349068,97.87539559722926,99.43340301513672,4598100,0.0,0.0
2024-07-26 00:00:00-04:00,108.37750837361449,123.13046378707618,108.37750837361449,122.29376220703125,32748900,0.0,0.0
2024-07-29 00:00:00-04:00,123.10162163032037,123.7267411827191,119.37971839736691,120.37030792236328,10816700,0.0,0.0
2024-07-30 00:00:00-04:00,121.03390007666762,122.80348973910101,119.36048942803417,121.89945983886719,6746500,0.0,0.0
2024-07-31 00:00:00-04:00,121.7840476433824,123.67866706107098,120.53380119398514,122.6688461303711,6889900,0.0,0.0
2024-08-01 00:00:00-04:00,122.62074721735527,123.04391135965092,119.66823226412862,121.63016510009766,5563700,0.0,0.0
2024-08-02 00:00:00-04:00,120.99543702480412,122.86119847287834,120.00485475905057,120.44725036621094,4021400,0.0,0.0
2024-08-05 00:00:00-04:00,114.99422707066309,120.52418280658281,114.74417484377629,119.84135437011719,6669700,0.0,0.0
2024-08-06 00:00:00-04:00,118.63919351934895,121.30318643568107,118.02368597180444,120.11064147949219,4334300,0.0,0.0
2024-08-07 00:00:00-04:00,120.59150867467933,121.72635210501973,117.99483663551801,118.12947845458984,3410100,0.0,0.0
2024-08-08 00:00:00-04:00,117.76400550985956,120.92810265644725,117.50434126360274,120.34144592285156,2932900,0.0,0.0
2024-08-09 00:00:00-04:00,119.87018963236395,119.87018963236395,118.61993599709474,119.41817474365234,3247700,0.0,0.0
2024-08-12 00:00:00-04:00,119.2546982066099,119.34125051398769,117.8505711888622,118.63919067382812,2585800,0.0,0.0
2024-08-13 00:00:00-04:00,118.70650935762575,120.60112142731496,118.04291233044385,120.55303192138672,3056600,0.0,0.0
2024-08-14 00:00:00-04:00,120.1875771435179,122.17836089624726,119.86058464413384,121.3416519165039,3252800,0.0,0.0
2024-08-15 00:00:00-04:00,122.44763540784437,123.04391148738654,121.34164288587762,122.29376220703125,3359900,0.0,0.0
2024-08-16 00:00:00-04:00,121.88983130945914,122.46686866174916,121.1973835517399,122.18797302246094,3812600,0.0,0.0
2024-08-19 00:00:00-04:00,122.2168197631836,122.95734966236483,121.68786459417714,122.2168197631836,2243600,0.0,0.0
2024-08-20 00:00:00-04:00,122.1302666890072,123.16894568459875,122.02447564952233,122.81309509277344,2792900,0.0,0.0
2024-08-21 00:00:00-04:00,122.94773227934894,125.01546348705361,122.77462768025535,124.28453826904297,3664600,0.0,0.0
2024-08-22 00:00:00-04:00,124.15953086599747,124.78465041237884,123.39014280324268,123.67866516113281,2300400,0.0,0.0
2024-08-23 00:00:00-04:00,124.28456159587468,125.65021860840295,123.91911359313463,125.5540542602539,2618800,0.0,0.0
2024-08-26 00:00:00-04:00,125.31230845448526,127.5555457046662,125.31230845448526,127.48786926269531,3915800,0.7,0.0
2024-08-27 00:00:00-04:00,126.97540934145896,128.2323882703709,126.61764040809135,127.05274963378906,2878500,0.0,0.0
2024-08-28 00:00:00-04:00,127.05276236690257,128.23240112170674,126.81103335573725,127.25582122802734,3274000,0.0,0.0
2024-08-29 00:00:00-04:00,127.29449370175998,128.77387409677954,126.99475208307823,128.5128173828125,2992600,0.0,0.0
2024-08-30 00:00:00-04:00,128.66751805160146,130.52399498452826,128.2227302038323,130.23391723632812,6092800,0.0,0.0
2024-09-03 00:00:00-04:00,128.60947743022388,129.35400679786588,125.90212473691776,126.52095031738281,4024100,0.0,0.0
2024-09-04 00:00:00-04:00,126.84970777881558,128.46445566950553,126.52095989174579,127.77793884277344,3300700,0.0,0.0
2024-09-05 00:00:00-04:00,127.55555005773374,128.55147230360697,126.3759114211519,127.05274963378906,2726000,0.0,0.0
2024-09-06 00:00:00-04:00,126.18252462348406,127.72959596106709,123.78457732879951,124.34539031982422,3562200,0.0,0.0
2024-09-09 00:00:00-04:00,125.10926203952943,126.64665495565431,123.94896577743454,124.21003723144531,3616300,0.0,0.0
2024-09-10 00:00:00-04:00,124.58712830841942,125.8537858651534,124.21003167126987,125.78609466552734,2732500,0.0,0.0
2024-09-11 00:00:00-04:00,125.21561848362806,126.06650926100242,122.91436112396731,125.92146301269531,3283800,0.0,0.0
2024-09-12 00:00:00-04:00,125.98915808678657,128.32909304255074,125.79577783706432,127.66191864013672,3978800,0.0,0.0
2024-09-13 00:00:00-04:00,127.5169008693823,128.95759642578582,127.0044365131628,128.7738800048828,2670100,0.0,0.0
2024-09-16 00:00:00-04:00,129.54740860014417,130.80440241935568,129.402377093837,130.1565704345703,3069300,0.0,0.0
2024-09-17 00:00:00-04:00,129.65374081168605,129.98248865472956,127.9326318052056,129.1509552001953,3969000,0.0,0.0
2024-09-18 00:00:00-04:00,128.85122424879106,129.837482725928,127.40085021051753,128.9479217529297,2960900,0.0,0.0
2024-09-19 00:00:00-04:00,129.95348835436428,130.843063947344,128.90923218758286,129.41201782226562,2691500,0.0,0.0
2024-09-20 00:00:00-04:00,128.60948255847492,130.48530182361003,128.37743217777614,130.31126403808594,11579600,0.0,0.0
2024-09-23 00:00:00-04:00,130.2435625570989,131.58757500373295,130.23389870998824,131.1524658203125,2638400,0.0,0.0
2024-09-24 00:00:00-04:00,131.95500416935846,133.3763716162096,131.83897899131824,132.68019104003906,3145300,0.0,0.0
2024-09-25 00:00:00-04:00,132.6898659837594,133.32803402427993,131.5392336920843,132.08071899414062,3579900,0.0,0.0
2024-09-26 00:00:00-04:00,133.00896019930505,136.06441824512345,132.99929635090766,134.82676696777344,4111100,0.0,0.0
2024-09-27 00:00:00-04:00,134.40129169591825,134.68169077677717,132.51580889989773,132.75753784179688,2956100,0.0,0.0
2024-09-30 00:00:00-04:00,133.2700029693008,133.38602814097194,130.75601605402488,132.17738342285156,3814000,0.0,0.0
2024-10-01 00:00:00-04:00,131.50058403333466,132.79624801153426,130.4369704667719,132.5255126953125,3050500,0.0,0.0
2024-10-02 00:00:00-04:00,132.68018942801814,132.68018942801814,130.89138926715347,130.94940185546875,2624900,0.0,0.0
2024-10-03 00:00:00-04:00,130.53367609568815,131.1138316688122,129.41204985643188,130.32095336914062,2504900,0.0,0.0
2024-10-04 00:00:00-04:00,131.34582727904944,131.43284615251088,129.6150546396992,130.79469299316406,2387300,0.0,0.0
2024-10-07 00:00:00-04:00,130.26290705560137,130.79471373435916,129.4023525223262,130.38861083984375,2254200,0.0,0.0
2024-10-08 00:00:00-04:00,130.03085838639788,130.57232898092232,128.88990459850245,130.23391723632812,2882100,0.0,0.0
2024-10-09 00:00:00-04:00,130.1372015542025,131.0557686668644,129.7891112557873,130.54330444335938,2671400,0.0,0.0
2024-10-10 00:00:00-04:00,129.98249628203848,130.0405236288907,128.53212244401192,129.0446014404297,3060100,0.0,0.0
2024-10-11 00:00:00-04:00,128.98657354331317,130.3982772313815,128.6965105801178,130.2919158935547,3103600,0.0,0.0
2024-10-14 00:00:00-04:00,129.95350258038278,131.40387655897618,129.5957483869325,131.2685089111328,2207900,0.0,0.0
2024-10-15 00:00:00-04:00,131.50054282078617,132.4191098382269,130.533627064751,131.23947143554688,2465800,0.0,0.0
2024-10-16 00:00:00-04:00,131.11380233066055,132.51582743902782,130.85273090577542,131.8389892578125,2021100,0.0,0.0
2024-10-17 00:00:00-04:00,132.09038634131892,132.13873508881488,130.64967628815012,131.19114685058594,2328500,0.0,0.0
2024-10-18 00:00:00-04:00,131.20081301175244,131.6165797420682,129.84712198005622,130.66900634765625,2791400,0.0,0.0
2024-10-21 00:00:00-04:00,130.804382125363,131.34585267019256,129.3250019746802,130.37893676757812,5940600,0.0,0.0
2024-10-22 00:00:00-04:00,135.5519492196673,136.66389665917413,126.4919515008971,127.37183380126953,13082300,0.0,0.0
2024-10-23 00:00:00-04:00,126.8787199156667,127.77794472237592,121.74439826712069,123.67823028564453,8116200,0.0,0.0
2024-10-24 00:00:00-04:00,123.80390075962464,124.67413388977816,121.70570248178261,122.28585052490234,5084900,0.0,0.0
2024-10-25 00:00:00-04:00,122.41156535944482,122.83701076437131,120.38104321435841,120.62277221679688,3774600,0.0,0.0
2024-10-28 00:00:00-04:00,122.45988105287226,126.47258288552503,121.88939692508724,125.97944641113281,5239200,0.0,0.0
2024-10-29 00:00:00-04:00,124.74182512999081,125.90213610787721,123.54285138167626,124.99323272705078,2820400,0.0,0.0
2024-10-30 00:00:00-04:00,124.7321593220485,125.16726855493673,123.20443032886834,123.33979797363281,2737200,0.0,0.0
2024-10-31 00:00:00-04:00,122.79832838643088,124.87719182366955,122.76932208760182,124.21969604492188,3408800,0.0,0.0
2024-11-01 00:00:00-04:00,124.21969999554835,124.26804874645671,122.65329341611138,123.01105499267578,3068700,0.0,0.0
2024-11-04 00:00:00-05:00,123.03038343014407,124.54844117678313,121.3286166693272,121.68637084960938,3642900,0.0,0.0
2024-11-05 00:00:00-05:00,121.34794701321438,123.66854667850511,120.70011512234484,122.33419799804688,3943800,0.0,0.0
2024-11-06 00:00:00-05:00,126.37592429240053,129.95351071268433,125.31232549392047,129.48939514160156,4803200,0.0,0.0
2024-11-07 00:00:00-05:00,128.94792540872052,130.34028688557265,128.09703456087354,128.6675262451172,3906400,0.0,0.0
2024-11-08 00:00:00-05:00,129.03492274183256,130.5529877730611,128.79319376901012,129.89547729492188,3465700,0.0,0.0
2024-11-11 00:00:00-05:00,130.38862343005752,130.86240280909058,128.38710030600345,128.59982299804688,3791300,0.0,0.0
2024-11-12 00:00:00-05:00,128.4064395724472,128.79320004622707,124.21969178862966,126.0374984741211,3144600,0.0,0.0
2024-11-13 00:00:00-05:00,127.64256767161147,128.6675109592847,126.49195009865416,127.1010971069336,2675500,0.0,0.0
2024-11-14 00:00:00-05:00,127.50720541307064,128.8995667832864,127.41052266756324,127.94232940673828,2283900,0.0,0.0
2024-11-15 00:00:00-05:00,126.47450265697837,127.58264849633497,126.08568528024813,126.16343688964844,1928800,0.7,0.0
2024-11-18 00:00:00-05:00,126.15371952797676,126.73696041570945,124.97753734203945,126.53282165527344,2433000,0.0,0.0
2024-11-19 00:00:00-05:00,125.40524973646885,125.64826433819768,124.42347608516069,124.60816955566406,2600500,0.0,0.0
2024-11-20 00:00:00-05:00,124.42346196438773,124.60815541393032,123.54860801420737,124.26792907714844,1700600,0.0,0.0
2024-11-21 00:00:00-05:00,124.16101390623653,124.98726200450608,122.79040809947247,123.76246643066406,2544800,0.0,0.0
2024-11-22 00:00:00-05:00,124.1221276627967,124.89004719948184,122.83901099349437,124.83172607421875,3052400,0.0,0.0
2024-11-25 00:00:00-05:00,125.5996721167903,126.95083269655092,123.98605161651962,126.67865753173828,5074700,0.0,0.0
2024-11-26 00:00:00-05:00,126.35786882108323,129.50732834655633,126.02735771318764,129.2351531982422,3080300,0.0,0.0
2024-11-27 00:00:00-05:00,130.16834098865732,131.76251613565833,128.66164753591298,128.77828979492188,2579600,0.0,0.0
2024-11-29 00:00:00-05:00,129.1476576989473,130.00307369214894,128.35056282665826,129.79893493652344,1618300,0.0,0.0
2024-12-02 00:00:00-05:00,129.79895085988466,130.03225020458692,128.68108968544055,129.1768341064453,3001900,0.0,0.0
2024-12-03 00:00:00-05:00,129.17682993675453,129.50732620675632,127.08691047549479,127.48544311523438,2378400,0.0,0.0
2024-12-04 00:00:00-05:00,127.27158412887049,127.71873746621748,125.36635819653156,126.80500030517578,2503400,0.0,0.0
2024-12-05 00:00:00-05:00,127.16466194168413,131.79165367396487,126.80499031852513,129.60452270507812,4171800,0.0,0.0
2024-12-06 00:00:00-05:00,129.52675833441566,130.46965599819129,128.50609423283643,129.3906707763672,1912300,0.0,0.0
2024-12-09 00:00:00-05:00,129.38096290931674,130.11000661880027,127.60209447828505,127.81594848632812,3442400,0.0,0.0
2024-12-10 00:00:00-05:00,126.48423161398446,126.9508303155699,124.03464776039598,126.1440200805664,3225700,0.0,0.0
2024-12-11 00:00:00-05:00,126.63004927039258,127.01886668928002,125.6482608141861,126.1440200805664,4089500,0.0,0.0
2024-12-12 00:00:00-05:00,126.02736098451363,127.01886466907082,125.17195971007952,126.12457275390625,2915300,0.0,0.0
2024-12-13 00:00:00-05:00,126.07596378856717,126.5231171514401,125.30804422589024,126.2898178100586,2382000,0.0,0.0
2024-12-16 00:00:00-05:00,126.27036441469932,126.56198486466769,125.25943033156551,125.85238647460938,3097800,0.0,0.0
2024-12-17 00:00:00-05:00,124.82201036933853,125.74546279159959,124.0832439817999,124.4720687866211,2693200,0.0,0.0
2024-12-18 00:00:00-05:00,124.62760792373898,125.75518434020174,121.86695834568701,122.0224838256836,3748900,0.0,0.0
2024-12-19 00:00:00-05:00,123.11119019790846,124.17073022832572,122.19745298546304,123.57777404785156,3038100,0.0,0.0
2024-12-20 00:00:00-05:00,122.8390008768591,126.7077958853762,122.23632210598201,125.66768646240234,8351300,0.0,0.0
2024-12-23 00:00:00-05:00,124.90949951335841,125.58022215630822,124.18045574187967,125.37608337402344,2067400,0.0,0.0
2024-12-24 00:00:00-05:00,125.14279195436079,126.71752166748047,124.51094515448526,126.71752166748047,803200,0.0,0.0
2024-12-26 00:00:00-05:00,126.6883468328008,127.72844139267981,125.6190768811205,127.51458740234375,1484900,0.0,0.0
2024-12-27 00:00:00-05:00,126.28009644406312,127.51459979721915,125.59965860523059,126.54254150390625,1842600,0.0,0.0
2024-12-30 00:00:00-05:00,125.51215102868294,126.28980056130956,124.34568414595856,125.52188110351562,2154000,0.0,0.0
2024-12-31 00:00:00-05:00,125.58992107880803,126.41617651207865,125.06501615782979,125.48299407958984,2220300,0.0,0.0
2025-01-02 00:00:00-05:00,126.64947675194314,127.94231614608049,125.37608267801868,126.07596588134766,3248900,0.0,0.0
2025-01-03 00:00:00-05:00,126.0759551814041,127.20354633911806,125.68713780474584,126.24120330810547,2273700,0.0,0.0
2025-01-06 00:00:00-05:00,127.16465668445869,127.73816744391772,126.25091963315484,126.64945220947266,3067000,0.0,0.0
2025-01-07 00:00:00-05:00,126.45505678753561,129.08934122556863,126.3772903460419,129.0601806640625,3414500,0.0,0.0
2025-01-08 00:00:00-05:00,128.34085045187933,130.9167988992895,127.98119364326067,130.77099609375,4676000,0.0,0.0
2025-01-10 00:00:00-05:00,130.09057327506605,130.15860964801587,126.97998946142457,127.54378509521484,4661700,0.0,0.0
2025-01-13 00:00:00-05:00,127.07718948706456,130.9654230567164,125.9204376269037,130.8390655517578,4207200,0.0,0.0
2025-01-14 00:00:00-05:00,130.8584718480464,133.8524129230713,130.71266904911306,133.37611389160156,4629000,0.0,0.0
2025-01-15 00:00:00-05:00,134.3482144336426,134.9703312924884,133.28865937530986,133.9302215576172,4114300,0.0,0.0
2025-01-16 00:00:00-05:00,134.1732154689259,135.6021424577637,132.62764622220212,135.29107666015625,4122700,0.0,0.0
2025-01-17 00:00:00-05:00,135.74794073581117,137.70178748459597,135.6021379183346,137.08938598632812,5724500,0.0,0.0
2025-01-21 00:00:00-05:00,141.4344689595467,145.8087308861306,140.94843985659293,142.78562927246094,11368500,0.0,0.0
2025-01-22 00:00:00-05:00,143.74799574336544,147.83063790933306,143.29112712528183,144.95333862304688,7077700,0.0,0.0
2025-01-23 00:00:00-05:00,145.27410322215928,146.25589155232305,144.26316916337618,145.44908142089844,4439100,0.0,0.0
2025-01-24 00:00:00-05:00,144.73947946094518,145.90596132335028,144.25345029575405,145.25466918945312,4858400,0.0,0.0
2025-01-27 00:00:00-05:00,144.836709209402,147.75288456261143,144.74922750859008,147.2863006591797,4929600,0.0,0.0
2025-01-28 00:00:00-05:00,147.0918955913215,148.68607089740075,145.6046324783797,147.16964721679688,4286800,0.0,0.0
2025-01-29 00:00:00-05:00,147.2668187779576,148.51105209985016,146.43084812427065,147.30569458007812,3996100,0.0,0.0
2025-01-30 00:00:00-05:00,147.75285109101335,150.32879946982484,147.58760297165858,150.08578491210938,3962300,0.0,0.0
2025-01-31 00:00:00-05:00,150.65933204108376,150.66904728510346,147.87924451078385,147.94728088378906,4164200,0.0,0.0
2025-02-03 00:00:00-05:00,145.01167014421432,147.39322517477032,144.01045114323907,145.84764099121094,3556300,0.0,0.0
2025-02-04 00:00:00-05:00,145.28383205818486,148.49161240591081,145.14774449696273,147.44178771972656,3110400,0.0,0.0
2025-02-05 00:00:00-05:00,148.2000071748561,149.32758347109396,146.52806579991335,148.19027709960938,2841400,0.0,0.0
2025-02-06 00:00:00-05:00,148.43330641145727,149.1817954906749,147.33489056694816,148.06393432617188,2760200,0.0,0.0
2025-02-07 00:00:00-05:00,148.238906655345,148.6277240840903,145.36160725235382,145.68238830566406,3356600,0.0,0.0
2025-02-10 00:00:00-05:00,145.96428437939775,146.39199242360885,143.99100712923286,145.50741577148438,3531400,0.0,0.0
2025-02-11 00:00:00-05:00,145.13801153287775,146.17812095556917,144.41869793749183,145.8767852783203,2187700,0.0,0.0
2025-02-12 00:00:00-05:00,144.545063761378,145.8767936955636,144.020158814662,144.71031188964844,2102900,0.0,0.0
2025-02-13 00:00:00-05:00,144.94363160947404,145.5365878390122,143.40777752587618,144.5645294189453,2047000,0.0,0.0
2025-02-14 00:00:00-05:00,144.46683291027915,146.08841295405588,144.3203108785637,145.179931640625,2388300,0.73,0.0
2025-02-18 00:00:00-05:00,144.75011812427783,146.0298084970219,144.57429168097488,145.5413818359375,2601400,0.0,0.0
2025-02-19 00:00:00-05:00,144.64268586767088,146.8796735298644,144.64268586767088,146.72337341308594,3216900,0.0,0.0
2025-02-20 00:00:00-05:00,146.51822777545257,146.61590415938852,144.61335196872596,145.62928771972656,2231500,0.0,0.0
2025-02-21 00:00:00-05:00,145.62929589020985,146.07864007384123,141.21391467519496,141.6241912841797,4278500,0.0,0.0
2025-02-24 00:00:00-05:00,141.6241832271909,143.01131308501573,140.53987549884638,142.11260986328125,3447500,0.0,0.0
2025-02-25 00:00:00-05:00,142.06376356570092,144.14446579567533,141.97585034895218,143.1480712890625,4358800,0.0,0.0
2025-02-26 00:00:00-05:00,141.0478439131578,145.805114597073,138.4787150277097,144.01747131347656,5783400,0.0,0.0
2025-02-27 00:00:00-05:00,145.3264565852962,149.0287237019054,144.77942117123652,147.03594970703125,6576000,0.0,0.0
2025-02-28 00:00:00-05:00,147.99326088162596,151.90067371018372,147.50483427805622,151.5294647216797,8323100,0.0,0.0
2025-03-03 00:00:00-05:00,151.90067668980748,152.73100789440227,148.3839991128849,149.8688201904297,5672700,0.0,0.0
2025-03-04 00:00:00-05:00,147.01640874263958,147.54390291986473,142.2493602873729,142.4838104248047,6787400,0.0,0.0
2025-03-05 00:00:00-05:00,143.36298234642643,145.5902066376551,142.62057921788292,144.1933135986328,3909700,0.0,0.0
2025-03-06 00:00:00-05:00,143.00154609292838,144.70127610706925,142.37636061168075,143.538818359375,4492400,0.0,0.0
2025-03-07 00:00:00-05:00,141.3409009053981,143.81233846653979,137.5214010725071,142.91363525390625,5891100,0.0,0.0
2025-03-10 00:00:00-04:00,140.14914399516152,145.7269679851247,139.8072393782839,144.2030792236328,4966500,0.0,0.0
2025-03-11 00:00:00-04:00,142.35682168686483,146.0297994912881,142.25914530403097,144.1249237060547,5818300,0.0,0.0
2025-03-12 00:00:00-04:00,144.87711647470877,147.73930451190336,143.79280867105334,146.762451171875,4196600,0.0,0.0
2025-03-13 00:00:00-04:00,146.80150103266163,147.73928668439103,142.53265722164542,142.71826171875,3295000,0.0,0.0
2025-03-14 00:00:00-04:00,144.4961274154589,147.29969140456345,143.65603304479237,146.92849731445312,4094400,0.0,0.0
2025-03-17 00:00:00-04:00,146.8894216696723,150.41586257610746,146.52799072899882,149.6636962890625,4562100,0.0,0.0
2025-03-18 00:00:00-04:00,149.03852907524495,149.66371464949458,147.0164354004315,147.4267120361328,3038500,0.0,0.0
2025-03-19 00:00:00-04:00,147.6904485070112,150.4060994094075,147.42669395013158,149.6636962890625,2344100,0.0,0.0
2025-03-20 00:00:00-04:00,148.1397945760297,150.0935011442891,147.59275912181278,147.7686004638672,2579000,0.0,0.0
2025-03-21 00:00:00-04:00,146.43027966918027,147.27037396549096,144.64265154057108,146.879638671875,5538500,0.0,0.0
2025-03-24 00:00:00-04:00,148.1886226497816,150.46469232058897,147.21176948148297,149.6050567626953,3207800,0.0,0.0
2025-03-25 00:00:00-04:00,149.5855447708808,151.41225560091993,149.14594887852888,149.9469757080078,4118900,0.0,0.0
2025-03-26 00:00:00-04:00,149.89813150990162,150.85544354227227,148.54030605892763,149.1459503173828,3836700,0.0,0.0
2025-03-27 00:00:00-04:00,149.13618985345101,149.13618985345101,144.69150440706863,145.0041046142578,2825300,0.0,0.0
2025-03-28 00:00:00-04:00,144.43752786325086,145.4046179850782,140.9892369465914,141.4874267578125,2581500,0.0,0.0
2025-03-31 00:00:00-04:00,140.65709890230838,144.32029843533914,138.888982073664,143.46066284179688,4508600,0.0,0.0
2025-04-01 00:00:00-04:00,142.32752044619022,145.24831713030892,140.8426992814799,144.25192260742188,3641300,0.0,0.0
2025-04-02 00:00:00-04:00,142.33729128596966,144.74034189449816,142.22005876208226,144.33982849121094,4411100,0.0,0.0
2025-04-03 00:00:00-04:00,139.5337296205451,141.14554659930454,135.63609427452533,136.5054931640625,6712300,0.0,0.0
2025-04-04 00:00:00-04:00,131.08394076528782,132.17801164186392,123.50355741438727,123.97245025634766,9609100,0.0,0.0
2025-04-07 00:00:00-04:00,121.84290673590792,131.2597638301737,119.15656035167109,125.5744857788086,7174700,0.0,0.0
2025-04-08 00:00:00-04:00,129.17909158105132,130.7713523960191,121.93083410419253,124.2166748046875,5496800,0.0,0.0
2025-04-09 00:00:00-04:00,122.10666865969327,136.007287646345,120.58277981971618,135.1183624267578,6428100,0.0,0.0
2025-04-10 00:00:00-04:00,132.60783231328838,132.64689988589362,125.7014724922665,129.89218139648438,4757100,0.0,0.0
2025-04-11 00:00:00-04:00,130.04847381207003,133.33070122405337,128.61249838772747,132.80319213867188,3337600,0.0,0.0
2025-04-14 00:00:00-04:00,134.91319887264592,135.08902529764035,131.31837127047743,132.86180114746094,3815800,0.0,0.0
2025-04-15 00:00:00-04:00,132.86182093264244,134.2880334053481,132.01196327408465,132.12918090820312,2541700,0.0,0.0
2025-04-16 00:00:00-04:00,130.41965967574583,131.3672084308518,126.86391477910766,127.44026947021484,5635500,0.0,0.0
2025-04-17 00:00:00-04:00,127.323056233333,129.8726439563474,127.06907973997473,127.19607543945312,4952000,0.0,0.0
2025-04-21 00:00:00-04:00,126.01407145019854,126.83462461718192,121.7647612290656,123.17142486572266,5971800,0.0,0.0
2025-04-22 00:00:00-04:00,130.20476567392132,134.09265241679205,127.34259275027624,133.17440795898438,7943800,0.0,0.0
2025-04-23 00:00:00-04:00,136.1538199538458,138.85969290713425,132.07056534205526,132.91065979003906,4655800,0.0,0.0
2025-04-24 00:00:00-04:00,132.50036507853366,136.5249954206566,131.99239725006484,135.66537475585938,2921100,0.0,0.0
2025-04-25 00:00:00-04:00,135.7826319387373,135.7826319387373,133.92661631332587,134.1415252685547,2141300,0.0,0.0
2025-04-28 00:00:00-04:00,134.14149953137667,135.20626602897187,132.89111362013313,134.73736572265625,2499900,0.0,0.0
2025-04-29 00:00:00-04:00,134.31732055541198,135.99750932135294,133.6725938394026,135.1769561767578,1917200,0.0,0.0
2025-04-30 00:00:00-04:00,134.44433105544164,136.08543752539902,131.72867994044128,135.6947021484375,3062800,0.0,0.0
2025-05-01 00:00:00-04:00,135.07926258367226,137.0036646268501,134.48338152097864,134.7080535888672,2236300,0.0,0.0
2025-05-02 00:00:00-04:00,136.75944908125618,139.7290762742722,136.06587674530996,138.7913055419922,2734200,0.0,0.0
2025-05-05 00:00:00-04:00,137.36509799674207,138.58616454814418,136.63245806590078,137.5409393310547,2623500,0.0,0.0
2025-05-06 00:00:00-04:00,135.90959454585004,136.47617120744712,134.44431470207738,134.82528686523438,2850000,0.0,0.0
2025-05-07 00:00:00-04:00,135.06950777535272,136.55431403525603,134.51269424869034,135.43093872070312,2555400,0.0,0.0
2025-05-08 00:00:00-04:00,136.75945997379017,139.06483432385798,135.987752436687,137.85353088378906,2899500,0.0,0.0
2025-05-09 00:00:00-04:00,137.99029114455863,139.31881222254938,137.6972470804123,139.29928588867188,2634100,0.0,0.0
2025-05-12 00:00:00-04:00,142.7084937349354,147.3290205343704,141.90748178705763,146.85035705566406,4974800,0.0,0.0
2025-05-13 00:00:00-04:00,147.31924173011024,148.23748620417845,146.69405622306778,147.25086975097656,3455700,0.0,0.0
2025-05-14 00:00:00-04:00,147.26064134892314,147.2801825893365,143.55837374014018,144.4570770263672,3778700,0.0,0.0
2025-05-15 00:00:00-04:00,142.9429298798099,145.7269525435026,141.99538108776943,145.29714965820312,4472100,0.0,0.0
2025-05-16 00:00:00-04:00,145.97118162267324,149.7320727939927,145.50229621173213,149.56600952148438,4204500,0.0,0.0
2025-05-19 00:00:00-04:00,148.43284781882846,150.68937643326078,147.61229466914358,150.57215881347656,2613600,0.0,0.0
2025-05-20 00:00:00-04:00,149.71252563115434,151.14850111934692,149.70276246454546,150.58192443847656,2529700,0.0,0.0
2025-05-21 00:00:00-04:00,148.79430406867374,149.6246204429149,145.87350729133456,145.94187927246094,2661800,0.0,0.0
2025-05-22 00:00:00-04:00,146.25447102338273,147.08480225516698,144.26168202933968,146.31307983398438,2862800,0.0,0.0
2025-05-23 00:00:00-04:00,144.74245568709142,145.95969165766286,144.31053276274022,144.90933227539062,2369800,0.73,0.0
2025-05-27 00:00:00-04:00,147.24562484937957,147.24562484937957,143.96695919759725,146.7449951171875,3155300,0.0,0.0
2025-05-28 00:00:00-04:00,146.90206373196543,147.24564289014964,145.4688811958514,145.9302520751953,2297500,0.0,0.0
2025-05-29 00:00:00-04:00,147.11799917211428,147.59900691273157,145.45902949255125,146.88241577148438,2621400,0.0,0.0
2025-05-30 00:00:00-04:00,145.99895815283546,146.70573843328404,144.88971783433803,145.62594604492188,5339800,0.0,0.0
2025-06-02 00:00:00-04:00,145.15475476209122,145.57686674119043,141.26747804942005,143.7117462158203,2825700,0.0,0.0
2025-06-03 00:00:00-04:00,143.62338563751763,145.63574558402632,142.5435933340106,145.40997314453125,2343300,0.0,0.0
2025-06-04 00:00:00-04:00,146.1756724414078,146.21493135853785,144.01607251279552,144.11422729492188,2346900,0.0,0.0
2025-06-05 00:00:00-04:00,144.33998643414768,144.55594790491563,142.2294715808984,143.57431030273438,3568300,0.0,0.0
2025-06-06 00:00:00-04:00,145.28235618355347,145.73391604335671,142.76936647317075,142.82826232910156,2297100,0.0,0.0
2025-06-09 00:00:00-04:00,142.87735758415346,143.3485394444388,140.05023646523887,141.5815887451172,3401900,0.0,0.0
2025-06-10 00:00:00-04:00,141.59141200736968,142.6417564444964,140.52141564574586,142.39634704589844,3129200,0.0,0.0
2025-06-11 00:00:00-04:00,142.37669805821514,145.3314365537363,141.76808759431896,144.47740173339844,2904400,0.0,0.0
2025-06-12 00:00:00-04:00,143.73137512036425,144.5657730690518,141.83682174834334,142.11167907714844,2069700,0.0,0.0
2025-06-13 00:00:00-04:00,140.50178906785152,141.79754286105572,139.12748749364042,139.7066650390625,2450400,0.0,0.0
2025-06-16 00:00:00-04:00,141.041683063706,142.72028994892696,140.87480646927366,142.4061737060547,1681300,0.0,0.0
2025-06-17 00:00:00-04:00,141.41469901733782,142.219648975075,139.36308019130024,139.5986785888672,1739900,0.0,0.0
2025-06-18 00:00:00-04:00,139.52016110393242,141.0318764631022,138.97044642787068,139.89317321777344,2629100,0.0,0.0
2025-06-20 00:00:00-04:00,140.6784888605814,141.40490611199672,139.21585835217462,141.38526916503906,5566700,0.0,0.0
2025-06-23 00:00:00-04:00,141.7386612495636,145.00751645759348,140.71776467287472,144.8897247314453,2904700,0.0,0.0
2025-06-24 00:00:00-04:00,145.91060150961724,147.53029743878716,145.29216507405056,147.11801147460938,2700500,0.0,0.0
2025-06-25 00:00:00-04:00,146.95114712969615,147.10821274206256,144.41852030004242,145.03695678710938,2378000,0.0,0.0
2025-06-26 00:00:00-04:00,144.97806421957247,148.33526312248998,144.60503712638112,147.99168395996094,2740100,0.0,0.0
2025-06-27 00:00:00-04:00,148.36470029617809,150.06292908185046,147.79534871365087,149.22854614257812,3938200,0.0,0.0
2025-06-30 00:00:00-04:00,149.48377795780985,149.6604805210989,148.22728298247173,149.44451904296875,2302800,0.0,0.0
2025-07-01 00:00:00-04:00,149.2089254740929,153.2238199396826,148.63957382945688,150.98568725585938,3781900,0.0,0.0
2025-07-02 00:00:00-04:00,151.378344393434,152.5955654593276,150.39670677069324,151.1427459716797,2864700,0.0,0.0
2025-07-03 00:00:00-04:00,151.4175956562636,152.15382383611578,146.7548171838665,150.13165283203125,3182900,0.0,0.0
2025-07-07 00:00:00-04:00,149.99422805040322,151.63356104250855,148.1781925016908,149.05184936523438,3877000,0.0,0.0
2025-07-08 00:00:00-04:00,148.94387567603277,151.78080787082806,148.74755114276078,150.91697692871094,3252200,0.0,0.0
2025-07-09 00:00:00-04:00,151.5452182865866,153.77352486583683,151.01512559175265,153.11582946777344,2855900,0.0,0.0
2025-07-10 00:00:00-04:00,153.24345573702604,156.54175887452948,153.09621607943293,154.43124389648438,4043400,0.0,0.0
2025-07-11 00:00:00-04:00,153.1845593119525,153.6753781402647,151.9771491883131,152.97840881347656,2401300,0.0,0.0
2025-07-14 00:00:00-04:00,152.73298489847664,155.2067157523165,152.07528952841375,155.01039123535156,2961300,0.0,0.0
2025-07-15 00:00:00-04:00,155.010414352433,155.37361551191327,153.16493066481982,153.7146453857422,3058900,0.0,0.0
2025-07-16 00:00:00-04:00,154.7257202027122,154.78461606460408,152.00659472135857,154.6668243408203,3194600,0.0,0.0
2025-07-17 00:00:00-04:00,154.3723152706323,156.5417408403915,153.9109444251894,156.11962890625,5024200,0.0,0.0
2025-07-18 00:00:00-04:00,159.55534800374798,161.13578493177636,147.4910300713567,150.4163055419922,11701900,0.0,0.0
2025-07-21 00:00:00-04:00,149.45431439693937,150.8286009516781,146.59774558108953,150.01385498046875,5194000,0.0,0.0
2025-07-22 00:00:00-04:00,150.17092837738093,151.23109887122516,147.55978352736332,148.42361450195312,4927800,0.0,0.0
2025-07-23 00:00:00-04:00,149.13039057661345,149.84698186992097,147.04932354358797,148.05059814453125,4976700,0.0,0.0
2025-07-24 00:00:00-04:00,147.2456608777636,148.51196697072697,145.09587183237176,146.5585174560547,4860900,0.0,0.0
2025-07-25 00:00:00-04:00,147.24564087567916,148.61992753241168,146.46032779528863,148.49232482910156,2818000,0.0,0.0
2025-07-28 00:00:00-04:00,147.83462412381868,151.05439415709904,147.39287523416814,149.25799560546875,3970300,0.0,0.0
2025-07-29 00:00:00-04:00,149.60154604431042,150.28870426357452,148.3744991936235,149.00274658203125,3918100,0.0,0.0
2025-07-30 00:00:00-04:00,149.68008507334534,149.69972201778185,143.8098968892134,143.9276885986328,3529500,0.0,0.0
2025-07-31 00:00:00-04:00,143.5055895040957,146.81370310859305,142.88715308170967,146.47994995117188,4390400,0.0,0.0
2025-08-01 00:00:00-04:00,143.80990445532115,144.02586591968546,141.60121991590498,141.75828552246094,4074400,0.0,0.0
2025-08-04 00:00:00-04:00,142.72029745856176,145.45905991386041,142.33745937387263,145.15475463867188,3641300,0.0,0.0
2025-08-05 00:00:00-04:00,145.73394035916357,148.4432550342334,145.28238042401725,147.33399963378906,3743900,0.0,0.0
2025-08-06 00:00:00-04:00,147.5106944391892,148.6101238183571,145.9106202702487,148.05059814453125,2636900,0.0,0.0
2025-08-07 00:00:00-04:00,149.18927300460138,149.68009178733138,147.2259978736814,148.9536895751953,2293900,0.0,0.0
2025-08-08 00:00:00-04:00,149.60157873280937,150.8678997474297,148.6395779856779,150.4850616455078,2376400,0.0,0.0
2025-08-11 00:00:00-04:00,150.92677765730474,152.75262415201033,150.34761508099618,152.4581298828125,3354500,0.0,0.0
2025-08-12 00:00:00-04:00,152.92932144659082,155.55030712830114,152.75263386100227,154.95150756835938,2748200,0.0,0.0
2025-08-13 00:00:00-04:00,155.48156974363678,157.52337762928767,153.7440670995579,157.25833129882812,3132000,0.0,0.0
2025-08-14 00:00:00-04:00,156.6693720498532,157.13074293515544,153.7539070846886,153.77352905273438,6344900,0.0,0.0
2025-08-15 00:00:00-04:00,154.4803020818339,154.4803020818339,148.82607498000857,149.5917510986328,3921100,0.0,0.0
2025-08-18 00:00:00-04:00,149.56231228072232,152.57593206380034,149.3954356784048,150.05313110351562,2585500,0.0,0.0
2025-08-19 00:00:00-04:00,150.03347934592009,152.86060027928062,149.25799227304424,151.5059356689453,2146200,0.0,0.0
2025-08-20 00:00:00-04:00,151.28998027443404,152.48757933012192,150.35742756152325,151.90841674804688,3258200,0.0,0.0
2025-08-21 00:00:00-04:00,151.53538583005638,152.35997276683736,150.33778680472736,151.5452117919922,2236900,0.0,0.0
2025-08-22 00:00:00-04:00,152.89004678387758,156.18834951588727,152.15381862922007,155.80551147460938,1958200,0.0,0.0
2025-08-25 00:00:00-04:00,155.411030610312,155.73646957128219,153.64578720750754,153.69509887695312,1606300,0.73,0.0
2025-08-26 00:00:00-04:00,153.60635358269568,154.55308660742992,152.4426762677668,154.40516662597656,2960600,0.0,0.0
2025-08-27 00:00:00-04:00,153.88246184611515,155.0461540646649,153.59647823480384,154.36569213867188,2155000,0.0,0.0
2025-08-28 00:00:00-04:00,155.5787013858683,156.27889108138655,154.41502406249637,155.3814697265625,2982200,0.0,0.0
2025-08-29 00:00:00-04:00,155.42090234863568,156.05205259476196,153.17242865632278,153.3795166015625,3279100,0.0,0.0
2025-09-02 00:00:00-04:00,151.82136497689228,152.35390694515738,149.60247522067584,152.13694763183594,2745100,0.0,0.0
2025-09-03 00:00:00-04:00,151.37759053079705,151.9594291239689,148.35003149723266,149.89833068847656,3964400,0.0,0.0
2025-09-04 00:00:00-04:00,150.0955721281492,153.44857035176452,149.9180681584254,153.3696746826172,2741200,0.0,0.0
2025-09-05 00:00:00-04:00,153.64579658988592,155.3814561065728,152.14680902449604,153.1527099609375,2053300,0.0,0.0
2025-09-08 00:00:00-04:00,152.47226337133907,152.83714269823395,149.89835030691964,151.87069702148438,2715500,0.0,0.0
2025-09-09 00:00:00-04:00,152.01859165651283,152.01859165651283,149.45455038382502,150.96339416503906,1669200,0.0,0.0
2025-09-10 00:00:00-04:00,151.04230535254823,153.06396361523903,150.35198705616386,151.44664001464844,2811600,0.0,0.0
2025-09-11 00:00:00-04:00,151.66358814659665,157.29464442055738,151.27898115400114,157.2650604248047,3663900,0.0,0.0
2025-09-12 00:00:00-04:00,156.9100245392774,159.85868793884515,155.62799631999536,155.68716430664062,2865100,0.0,0.0
2025-09-15 00:00:00-04:00,155.81538034473994,156.19013101150125,153.1034037881068,154.49391174316406,3219500,0.0,0.0
2025-09-16 00:00:00-04:00,154.7305839041861,155.30256622079344,151.50580806525562,154.33612060546875,2208600,0.0,0.0
2025-09-17 00:00:00-04:00,154.33611701000908,156.3479038630968,151.41703750494955,153.0146484375,2757300,0.0,0.0
2025-09-18 00:00:00-04:00,153.00478418528266,154.7503151705794,152.17640221008816,153.25132751464844,1795000,0.0,0.0
2025-09-19 00:00:00-04:00,153.75429139534322,155.2335514278992,152.55115869837277,154.43475341796875,6507100,0.0,0.0
2025-09-22 00:00:00-04:00,153.44856714983337,153.55704681167109,151.5156609155824,151.7326202392578,2484800,0.0,0.0
2025-09-23 00:00:00-04:00,151.7128765507423,155.9534241826228,151.7128765507423,154.12899780273438,2254000,0.0,0.0
2025-09-24 00:00:00-04:00,153.8430235851915,154.3361101992466,152.3243234349379,152.46238708496094,1739300,0.0,0.0
2025-09-25 00:00:00-04:00,151.870682285147,151.870682285147,149.72083179782544,150.91409301757812,2949300,0.0,0.0
2025-09-26 00:00:00-04:00,151.89040452069926,152.36376345591356,150.26320966869812,150.69712829589844,2104000,0.0,0.0
2025-09-29 00:00:00-04:00,151.3775874357421,152.26513730386392,150.43085453497775,151.94956970214844,2043400,0.0,0.0
2025-09-30 00:00:00-04:00,151.72275044098265,153.073802888329,150.32237127704536,153.0343475341797,2177100,0.0,0.0
2025-10-01 00:00:00-04:00,152.31444612467806,154.375544479475,152.12707081100402,153.843017578125,2297900,0.0,0.0
2025-10-02 00:00:00-04:00,155.08560901952416,157.37353831733793,154.37556303384474,156.6043243408203,2167500,0.0,0.0
2025-10-03 00:00:00-04:00,156.72266246378837,158.1723384503731,155.52940117141983,156.4662628173828,3411600,0.0,0.0
2025-10-06 00:00:00-04:00,156.50570644734503,157.00866448262602,152.49198876817644,153.7740020751953,2421400,0.0,0.0
2025-10-07 00:00:00-04:00,154.66155666679558,155.75620960496872,153.0343617328571,153.1822967529297,1696700,0.0,0.0
2025-10-08 00:00:00-04:00,153.55703397417585,153.9317695537152,150.66753870377747,153.843017578125,2084200,0.0,0.0
2025-10-09 00:00:00-04:00,153.94165344928365,154.43474008422973,149.2770430482708,150.76617431640625,2512200,0.0,0.0
2025-10-10 00:00:00-04:00,151.12119103794402,152.11722058208048,146.40728420687512,146.69326782226562,3504400,0.0,0.0
2025-10-13 00:00:00-04:00,148.48811733161844,150.3223851783563,148.34018231159087,149.0107879638672,2724800,0.0,0.0
2025-10-14 00:00:00-04:00,147.2060858577626,151.58469751376094,147.2060858577626,150.42100524902344,2604800,0.0,0.0
2025-10-15 00:00:00-04:00,151.56496651713258,153.50772898906638,150.59852096262736,151.34800720214844,2381500,0.0,0.0
2025-10-16 00:00:00-04:00,152.3341855887659,152.3341855887659,148.52755618044532,149.31649780273438,4279200,0.0,0.0
2025-10-17 00:00:00-04:00,149.35593143882403,150.95354229072277,149.17842748184037,150.52947998046875,4494000,0.0,0.0
2025-10-20 00:00:00-04:00,151.11133615560394,153.9120798679171,150.9141044978438,152.63990783691406,4230400,0.0,0.0
2025-10-21 00:00:00-04:00,155.81537084928473,164.5134259892629,150.68727304608535,164.33590698242188,7302200,0.0,0.0
2025-10-22 00:00:00-04:00,164.84873082149198,166.84079003351656,163.24126354296988,164.91775512695312,5275800,0.0,0.0
2025-10-23 00:00:00-04:00,164.9078969208536,169.25692469278786,164.40495396576713,169.2273406982422,4779100,0.0,0.0
2025-10-24 00:00:00-04:00,169.62180298938242,170.46005629072138,165.43056657830758,166.17019653320312,3612300,0.0,0.0
2025-10-27 00:00:00-04:00,167.6297192092723,168.2707408289963,165.0853905037208,166.07156372070312,2922300,0.0,0.0
2025-10-28 00:00:00-04:00,165.99268847011382,166.170192431959,164.04992596604598,164.52328491210938,2448100,0.0,0.0
2025-10-29 00:00:00-04:00,164.8388598523888,165.67711317029116,161.34781301733702,162.3537139892578,3163400,0.0,0.0
2025-10-30 00:00:00-04:00,162.72843721180342,166.91967338641896,162.32411762894014,164.14852905273438,2143700,0.0,0.0
2025-10-31 00:00:00-04:00,163.2018158977359,165.02622737415,162.9256885926807,164.19784545898438,2096600,0.0,0.0
2025-11-03 00:00:00-05:00,163.71460726507297,163.9808782420533,159.2571152422944,159.9474334716797,3141200,0.0,0.0
2025-11-04 00:00:00-05:00,159.58257187398084,159.9868914937994,157.14672260015197,158.36956787109375,3520900,0.0,0.0
2025-11-05 00:00:00-05:00,158.4681902500949,162.55094711702137,157.92579192462426,162.04800415039062,2656200,0.0,0.0
2025-11-06 00:00:00-05:00,161.92963951292404,163.20181139191402,157.3636677425164,161.58448791503906,5193100,0.0,0.0
2025-11-07 00:00:00-05:00,161.64365713809295,162.99470964285663,160.4109406051891,162.560791015625,2506400,0.0,0.0
2025-11-10 00:00:00-05:00,162.71858850329815,166.83092920700798,161.7028312455569,165.35166931152344,2754900,0.0,0.0
2025-11-11 00:00:00-05:00,165.35165640317405,167.82694568450393,163.70474898717265,166.33782958984375,2365800,0.0,0.0
2025-11-12 00:00:00-05:00,166.328000872242,169.40485690986307,166.328000872242,168.71453857421875,2694300,0.0,0.0
2025-11-13 00:00:00-05:00,168.06363263008305,170.1740426471864,166.90981180766664,168.2608642578125,3878900,0.0,0.0
2025-11-14 00:00:00-05:00,167.29028584993895,167.71615522466658,165.38869899569465,165.97303771972656,2748800,0.73,0.0
2025-11-17 00:00:00-05:00,165.3094599254938,166.21073732416943,163.38806067555893,163.8040313720703,2908400,0.0,0.0
2025-11-18 00:00:00-05:00,162.41746801209237,164.99252695294174,161.74398082835273,164.2001953125,2325700,0.0,0.0
2025-11-19 00:00:00-05:00,164.0021233499836,165.70563116203934,162.98200141877774,164.98263549804688,2219100,0.0,0.0
2025-11-20 00:00:00-05:00,167.11201237492082,168.12223563645168,162.38776367424435,163.03152465820312,3303500,0.0,0.0
2025-11-21 00:00:00-05:00,163.77433213444635,167.7557878218546,163.58615166256462,166.4781494140625,3183500,0.0,0.0
2025-11-24 00:00:00-05:00,166.6267171264034,169.12254144186213,165.04205381383684,167.93405151367188,7138100,0.0,0.0
2025-11-25 00:00:00-05:00,168.6570517833874,170.50913029211463,168.5877308845148,169.8950653076172,2605800,0.0,0.0
2025-11-26 00:00:00-05:00,169.46919534514808,170.71710753292862,169.0433108357464,169.16217041015625,2031600,0.0,0.0
2025-11-28 00:00:00-05:00,169.0235066280651,170.58835746735357,168.37973055630204,170.40017700195312,1596300,0.0,0.0
2025-12-01 00:00:00-05:00,169.04329396470456,170.33083091961146,167.9835623557402,168.84521484375,2244600,0.0,0.0
2025-12-02 00:00:00-05:00,169.24139913854538,170.2813183688982,168.02318299661164,169.9148712158203,1928500,0.0,0.0
2025-12-03 00:00:00-05:00,170.40017052184533,173.01485426607246,169.51870556938724,171.43019104003906,2883300,0.0,0.0
2025-12-04 00:00:00-05:00,170.2516208725355,170.36056667168776,167.1219340388776,167.6468505859375,2860400,0.0,0.0
2025-12-05 00:00:00-05:00,167.57750066761318,167.71615757207786,164.07145316188104,165.87399291992188,3021400,0.0,0.0
2025-12-08 00:00:00-05:00,164.18039742169395,164.2299209826417,160.73375706432182,162.38775634765625,3254000,0.0,0.0
2025-12-09 00:00:00-05:00,161.83311559332327,164.15068830666797,161.83311559332327,163.5069122314453,2335000,0.0,0.0
2025-12-10 00:00:00-05:00,163.00179627136706,165.1311732503464,161.84301755554185,164.07144165039062,3382000,0.0,0.0
2025-12-11 00:00:00-05:00,164.96281468379448,168.36983013511178,164.6260786505168,166.98326110839844,2525200,0.0,0.0
2025-12-12 00:00:00-05:00,166.8545108534741,168.21136883111788,166.1909374223465,167.28038024902344,2423500,0.0,0.0
2025-12-15 00:00:00-05:00,167.93405506905628,168.72638674211427,163.60596465134043,164.11106872558594,2576400,0.0,0.0
2025-12-16 00:00:00-05:00,164.40819355849086,165.3986043630601,161.27849178905942,161.63504028320312,2786500,0.0,0.0
2025-12-17 00:00:00-05:00,160.63472638746694,162.65515772366226,159.46603381177493,160.6149139404297,2638500,0.0,0.0
2025-12-18 00:00:00-05:00,161.80340905311164,162.6551629534703,159.88200966538608,160.20884704589844,2606000,0.0,0.0
2025-12-19 00:00:00-05:00,160.12960772351997,162.36794575923824,160.12960772351997,160.4069366455078,3715700,0.0,0.0
2025-12-22 00:00:00-05:00,160.6248015934427,161.08039716924395,157.54463879523684,158.46571350097656,2334600,0.0,0.0
2025-12-23 00:00:00-05:00,158.44590505993503,158.9510242064656,156.93057784528028,158.61427307128906,1828900,0.0,0.0
2025-12-24 00:00:00-05:00,158.57466947049681,159.13919575262634,157.54464891605693,158.80245971679688,854400,0.0,0.0
2025-12-26 00:00:00-05:00,158.78265465950585,160.62480409972903,158.46571597357388,160.52577209472656,1245700,0.0,0.0
2025-12-29 00:00:00-05:00,160.31779080398917,161.13983357863447,159.27787155757144,160.1692352294922,2185100,0.0,0.0
2025-12-30 00:00:00-05:00,159.93153665817243,160.1296158017543,159.0995951876465,159.62451171875,1293600,0.0,0.0
2025-12-31 00:00:00-05:00,159.62450524662407,159.79287326746552,158.50533621768272,158.5647735595703,1201700,0.0,0.0
2026-01-02 00:00:00-05:00,158.56477227491843,160.33760092556676,157.53473659844957,160.26828002929688,1961200,0.0,0.0
2026-01-05 00:00:00-05:00,159.4363264417155,162.82352956611433,159.25805975160108,161.981689453125,2894500,0.0,0.0
2026-01-06 00:00:00-05:00,161.31811074856176,164.93310400723874,160.26827775234187,164.61618041992188,2854800,0.0,0.0
2026-01-07 00:00:00-05:00,164.25963421328674,164.27943154794573,160.21875640987992,161.3478240966797,2734400,0.0,0.0
2026-01-08 00:00:00-05:00,160.21874541560226,164.2001856044164,159.50564849261235,163.6554718017578,2526900,0.0,0.0
2026-01-09 00:00:00-05:00,163.90307448022742,164.65578118228646,162.3778335178725,163.6554718017578,2306800,0.0,0.0
2026-01-12 00:00:00-05:00,162.72449518666875,166.65642721667527,161.54590393315712,166.32958984375,3247700,0.0,0.0
2026-01-13 00:00:00-05:00,166.3890133835487,168.7659932440402,166.18102046733273,167.79539489746094,2827900,0.0,0.0
2026-01-14 00:00:00-05:00,167.77558570993438,169.2116934790402,166.51777485815722,168.3599395751953,3121900,0.0,0.0
2026-01-15 00:00:00-05:00,168.86503704113272,171.40048620569075,168.30049564571974,169.45928955078125,2909200,0.0,0.0
2026-01-16 00:00:00-05:00,167.19124268280157,169.786114111038,165.398601574747,166.19093322753906,7328100,0.0,0.0
2026-01-20 00:00:00-05:00,157.92099448715288,162.15995138001355,151.60218404170305,154.6229248046875,11902100,0.0,0.0
2026-01-21 00:00:00-05:00,155.61333835401678,157.11876698500419,152.8599975691993,154.38523864746094,6969100,0.0,0.0
2026-01-22 00:00:00-05:00,155.05871196423246,160.94175451655582,154.7021634728047,159.08969116210938,5559600,0.0,0.0
2026-01-23 00:00:00-05:00,158.34688741684562,162.69479033079787,158.34688741684562,161.12002563476562,4461300,0.0,0.0
2026-01-26 00:00:00-05:00,160.44655583447312,161.29830976006852,157.9606300703665,157.99034118652344,3891000,0.0,0.0
2026-01-27 00:00:00-05:00,158.11907197854313,159.3768978767421,156.40566559318063,156.534423828125,4661100,0.0,0.0
2026-01-28 00:00:00-05:00,156.34624321826254,158.16859539013817,153.63251229467662,154.4446563720703,4323000,0.0,0.0
2026-01-29 00:00:00-05:00,155.96989021180374,157.22771617267665,153.14722846925636,154.8804473876953,4137000,0.0,0.0
2026-01-30 00:00:00-05:00,154.1772402491142,155.2270732302736,150.54243459572677,151.69131469726562,4738200,0.0,0.0
2026-02-02 00:00:00-05:00,152.07758455055688,152.16671789743276,149.10635208826977,151.95872497558594,5393500,0.0,0.0
2026-02-03 00:00:00-05:00,151.53285530691846,155.57373326193266,149.77982392579787,154.18714904785156,5178800,0.0,0.0
2026-02-04 00:00:00-05:00,154.50408225492845,162.24910183733382,154.31590178803313,162.21937561035156,6514900,0.0,0.0
2026-02-05 00:00:00-05:00,161.6053211079721,164.22991867666002,159.66412449081685,163.49700927734375,3514000,0.0,0.0
2026-02-06 00:00:00-05:00,165.37878796880577,171.32125265440752,164.4180883023026,170.99441528320312,7257700,0.0,0.0
2026-02-09 00:00:00-05:00,169.99411510171305,170.9449161527261,167.1318283932839,168.64715576171875,4694500,0.0,0.0
2026-02-10 00:00:00-05:00,168.43917148617865,172.08387596485912,167.8152078481288,171.76693725585938,3215900,0.0,0.0
2026-02-11 00:00:00-05:00,172.33147120498435,173.25254595226735,170.7864328466588,171.1925048828125,2996900,0.0,0.0
2026-02-12 00:00:00-05:00,171.72732083441878,175.70877631560407,170.74680874288592,172.9356231689453,4525600,0.0,0.0
2026-02-13 00:00:00-05:00,173.60217793406198,173.8011458755807,169.70234859522853,170.93597412109375,3178200,0.78,0.0
2026-02-17 00:00:00-05:00,169.12532780635374,170.61761011052747,166.38947691536862,166.757568359375,4748900,0.0,0.0
2026-02-18 00:00:00-05:00,165.98157798595727,166.33972633583525,161.67385470391523,163.3253173828125,4211100,0.0,0.0
2026-02-19 00:00:00-05:00,163.2457382726946,164.77782333255624,162.6886219528472,164.2008056640625,3373800,0.0,0.0
2026-02-20 00:00:00-05:00,164.15105607700966,168.49856706814725,163.24573448810543,166.20045471191406,2292400,0.0,0.0
2026-02-23 00:00:00-05:00,165.84230975022953,166.5785078453758,163.46460713273038,165.48416137695312,2922000,0.0,0.0
2026-02-24 00:00:00-05:00,164.65842188439194,167.42411717187898,164.64847880072486,165.60354614257812,2468500,0.0,0.0
2026-02-25 00:00:00-05:00,166.39941447249518,166.76752108455614,164.1510480071167,164.68826293945312,2987900,0.0,0.0
2026-02-26 00:00:00-05:00,165.0265317242056,167.29479962755295,163.56409384174734,165.31503295898438,3474100,0.0,0.0
2026-02-27 00:00:00-05:00,164.39977425632327,165.19566122221346,162.0320147073773,164.46942138671875,5367000,0.0,0.0
2026-03-02 00:00:00-05:00,161.43510246912413,163.38500949481121,158.40079210844323,160.6292724609375,3984400,0.0,0.0
2026-03-03 00:00:00-05:00,156.70954437725325,158.8186318574809,156.03303516757148,157.6645965576172,4050400,0.0,0.0
2026-03-04 00:00:00-05:00,158.47042100588078,160.95755810935876,157.95310741815908,160.06219482421875,3865900,0.0,0.0
2026-03-05 00:00:00-05:00,158.7489933717424,160.14178406919413,154.0035315563931,155.40628051757812,4538000,0.0,0.0
2026-03-06 00:00:00-05:00,153.3170771014754,153.3270201847866,150.9791621995567,152.6206817626953,4938100,0.0,0.0
2026-03-09 00:00:00-04:00,150.71057443667843,152.13320965875556,146.95996720894973,150.849853515625,6235100,0.0,0.0
2026-03-10 00:00:00-04:00,151.61587521657287,155.7047293152309,150.8299465532581,154.4512176513672,5891100,0.0,0.0
2026-03-11 00:00:00-04:00,153.08827170920182,154.59049709266176,152.12326127430907,154.3716278076172,3551100,0.0,0.0
2026-03-12 00:00:00-04:00,151.9740278514507,152.69032458818117,147.50713910132632,148.33287048339844,5683000,0.0,0.0
2026-03-13 00:00:00-04:00,150.37231351439618,151.60593906720527,149.62617233219385,150.1833038330078,4010700,0.0,0.0
2026-03-16 00:00:00-04:00,151.8048982583371,151.964078677961,147.36785411835328,149.17848205566406,5104700,0.0,0.0
2026-03-17 00:00:00-04:00,150.86973069995275,150.86973069995275,147.23851659917966,148.29306030273438,4412200,0.0,0.0
2026-03-18 00:00:00-04:00,147.07933576097741,147.56682009700975,143.35858837833266,144.3335418701172,4239600,0.0,0.0
2026-03-19 00:00:00-04:00,142.69202003237433,143.22925013796197,140.3939078191869,141.97573852539062,4275900,0.0,0.0
2026-03-20 00:00:00-04:00,140.8814048999669,142.5627121325317,138.62307999597104,140.4735107421875,6900600,0.0,0.0
2026-03-23 00:00:00-04:00,143.29888500534452,147.45738614570166,142.4433092325625,145.80592346191406,4924500,0.0,0.0
2026-03-24 00:00:00-04:00,144.2837981450351,147.03955033887496,144.1544621564295,145.9153594970703,3036500,0.0,0.0
2026-03-25 00:00:00-04:00,147.7160493578049,148.4025016586172,145.71639650001845,147.28826904296875,2238500,0.0,0.0
2026-03-26 00:00:00-04:00,146.3332018107719,146.64160439716082,142.9706026124257,143.24916076660156,2812100,0.0,0.0
2026-03-27 00:00:00-04:00,142.95069613413537,145.43783326450787,141.9259968508443,142.3040313720703,3428000,0.0,0.0
2026-03-30 00:00:00-04:00,142.96063404299306,143.16956023370517,141.03061327084032,141.78671264648438,2483600,0.0,0.0
2026-03-31 00:00:00-04:00,143.66699970317336,144.54246169228307,141.05052645937752,144.48277282714844,3384900,0.0,0.0
2026-04-01 00:00:00-04:00,145.26871279069414,146.52222446564156,144.4230800766206,144.50267028808594,2419700,0.0,0.0
2026-04-02 00:00:00-04:00,141.60763883529143,145.41793481663342,141.4186139807691,143.7266845703125,1782800,0.0,0.0
2026-04-06 00:00:00-04:00,143.2790046677986,144.4031803643131,142.77161896149514,143.75653076171875,2151000,0.0,0.0
2026-04-07 00:00:00-04:00,143.08997104613195,143.95548988464841,141.90609137764903,143.6072998046875,2887000,0.0,0.0
2026-04-08 00:00:00-04:00,148.2134714873101,149.46699831525237,146.263564479836,148.40249633789062,4223600,0.0,0.0
2026-04-09 00:00:00-04:00,147.4175915802795,150.66082826492521,146.92016413100558,149.7256622314453,2825800,0.0,0.0
2026-04-10 00:00:00-04:00,150.44194835640425,150.7205064939178,148.92976476684495,149.5465850830078,1826300,0.0,0.0
2026-04-13 00:00:00-04:00,149.15859006926723,152.00387573242188,147.94488103923408,152.00387573242188,2489100,0.0,0.0
2026-04-14 00:00:00-04:00,152.37196825007905,153.36682307253147,151.59598270298855,151.76510620117188,2232900,0.0,0.0
2026-04-15 00:00:00-04:00,151.21793724868627,151.89443126036952,149.3177608413072,150.46185302734375,2837300,0.0,0.0
2026-04-16 00:00:00-04:00,150.7105719039782,152.08346132187128,149.65601297506905,149.77540588378906,2143800,0.0,0.0
2026-04-17 00:00:00-04:00,152.0536132860009,155.57540799429643,151.12840555196357,153.75482177734375,4950500,0.0,0.0
2026-04-20 00:00:00-04:00,153.22754747246162,154.13285384436958,150.24298293755737,150.6210174560547,4672700,0.0,0.0
2026-04-21 00:00:00-04:00,150.9891244975872,157.32634502023674,146.10438355173508,147.7061004638672,7233600,0.0,0.0
2026-04-22 00:00:00-04:00,149.8450315392013,150.13354794452084,144.0052384706544,145.02993774414062,4583000,0.0,0.0
2026-04-23 00:00:00-04:00,145.44777553745993,146.61175388635309,142.85120378061208,144.0947723388672,5138200,0.0,0.0
2026-04-24 00:00:00-04:00,143.66698864191,145.52736230334972,143.25909452118665,145.23886108398438,5931000,0.0,0.0
2026-04-27 00:00:00-04:00,144.9304557936761,146.44263950517845,143.91571471673902,145.02000427246094,2991000,0.0,0.0
2026-04-28 00:00:00-04:00,144.6916952735877,145.31845870176835,143.01038810802925,145.27865600585938,3726200,0.0,0.0
2026-04-29 00:00:00-04:00,145.04983847403534,145.81588095007788,142.63233332299004,143.1297607421875,3757600,0.0,0.0
2026-04-30 00:00:00-04:00,143.25910520722303,146.14417833720054,143.08998169632045,145.76614379882812,5017900,0.0,0.0
2026-05-01 00:00:00-04:00,146.52222012261157,146.56202281730478,141.46835569646865,141.76681518554688,2757900,0.0,0.0
2026-05-04 00:00:00-04:00,141.13010927057317,143.50781174883662,140.66252627783564,140.83164978027344,4053300,0.0,0.0
2026-05-05 00:00:00-04:00,141.66732217196704,143.54759719945605,141.58774714395952,142.08517456054688,3386100,0.0,0.0
2026-05-06 00:00:00-04:00,144.24401309637844,147.5568816358052,143.7366273971927,145.78602600097656,4910100,0.0,0.0
2026-05-07 00:00:00-04:00,145.6765950688914,146.18398078100188,142.73183307901996,143.01039123535156,2764000,0.0,0.0
2026-05-08 00:00:00-04:00,143.97540001150293,144.5524176657949,142.06528045606092,142.55274963378906,2566000,0.0,0.0
2026-05-11 00:00:00-04:00,142.76167370844792,144.06493115805642,142.1448685473277,142.6024932861328,3319300,0.0,0.0
2026-05-12 00:00:00-04:00,142.88105401549106,143.85602273456857,141.2892953044346,142.47317504882812,2798600,0.0,0.0
2026-05-13 00:00:00-04:00,146.2536064334687,148.98945727844875,145.26870984465532,146.34315490722656,7625900,0.0,0.0
2026-05-14 00:00:00-04:00,147.2783112494177,147.29821259769813,143.9355982115082,144.3733367919922,4105600,0.0,0.0
2026-05-15 00:00:00-04:00,143.63715254736394,146.10438840126537,143.63715254736394,145.46768188476562,5276200,0.0,0.0
2026-05-18 00:00:00-04:00,145.8457267785481,151.90438915917034,145.74623522164308,151.74520874023438,5520500,0.0,0.0
2026-05-19 00:00:00-04:00,150.58123193304735,150.58123193304735,147.59666735867165,148.59152221679688,4629300,0.0,0.0
2026-05-20 00:00:00-04:00,149.029254984562,150.0937417475915,146.79083164087615,149.0093536376953,3873100,0.0,0.0
2026-05-21 00:00:00-04:00,148.00456616522712,152.13320788464668,146.56202961147093,150.82000732421875,2834400,0.0,0.0
2026-05-22 00:00:00-04:00,152.89999389648438,153.4600067138672,151.6999969482422,152.44000244140625,3209100,0.78,0.0
2026-05-26 00:00:00-04:00,153.1199951171875,154.58999633789062,152.0500030517578,154.02999877929688,2319100,0.0,0.0
2026-05-27 00:00:00-04:00,154.7100067138672,156.69000244140625,154.64999389648438,155.1699981689453,2877500,0.0,0.0
2026-05-28 00:00:00-04:00,153.94000244140625,154.2899932861328,151.24000549316406,152.85000610351562,3224200,0.0,0.0
2026-05-29 00:00:00-04:00,152.5,154.4199981689453,151.77999877929688,153.1300048828125,7901700,0.0,0.0
2026-06-01 00:00:00-04:00,150.3300018310547,151.05999755859375,148.39999389648438,150.92999267578125,2691100,0.0,0.0
2026-06-02 00:00:00-04:00,150.17999267578125,153.16000366210938,149.17999267578125,152.89999389648438,3391700,0.0,0.0
2026-06-03 00:00:00-04:00,152.66000366210938,153.85000610351562,151.50999450683594,151.64999389648438,3330500,0.0,0.0
2026-06-04 00:00:00-04:00,153.25,154.32000732421875,152.42999267578125,152.77000427246094,2473200,0.0,0.0
2026-06-05 00:00:00-04:00,153.58999633789062,154.63999938964844,152.69000244140625,153.75999450683594,2488400,0.0,0.0
2026-06-08 00:00:00-04:00,152.8000030517578,156.0800018310547,152.25,153.85000610351562,3054400,0.0,0.0
2026-06-09 00:00:00-04:00,154.27999877929688,157.92999267578125,153.66000366210938,156.38999938964844,3434300,0.0,0.0
2026-06-10 00:00:00-04:00,154.36000061035156,163.00999450683594,151.72000122070312,156.85000610351562,7862100,0.0,0.0
2026-06-11 00:00:00-04:00,158.47999572753906,159.61000061035156,155.13999938964844,157.91000366210938,4873700,0.0,0.0
2026-06-12 00:00:00-04:00,159.8699951171875,159.99000549316406,156.27000427246094,158.32000732421875,4576700,0.0,0.0
2026-06-15 00:00:00-04:00,161.41000366210938,162.39999389648438,157.2100067138672,158.22999572753906,4426200,0.0,0.0
2026-06-16 00:00:00-04:00,159.6300048828125,163.14999389648438,158.4199981689453,161.6300048828125,3430500,0.0,0.0
2026-06-17 00:00:00-04:00,161.5,164.3000030517578,158.8699951171875,159.22999572753906,3781500,0.0,0.0
2026-06-18 00:00:00-04:00,161.61000061035156,162.22000122070312,159.91000366210938,160.60000610351562,6934500,0.0,0.0
2026-06-22 00:00:00-04:00,161.02999877929688,163.55999755859375,160.52000427246094,163.22000122070312,2642100,0.0,0.0
2026-06-23 00:00:00-04:00,162.02999877929688,164.1699981689453,161.0,161.83999633789062,2816100,0.0,0.0
2026-06-24 00:00:00-04:00,162.4499969482422,168.42999267578125,161.5800018310547,165.91000366210938,4556000,0.0,0.0
2026-06-25 00:00:00-04:00,167.1699981689453,169.75999450683594,166.6199951171875,167.97000122070312,2381800,0.0,0.0
2026-06-26 00:00:00-04:00,167.16000366210938,167.8000030517578,163.3699951171875,164.00999450683594,6334000,0.0,0.0
2026-06-29 00:00:00-04:00,164.2100067138672,165.58999633789062,161.75999450683594,162.42999267578125,5260400,0.0,0.0
2026-06-30 00:00:00-04:00,163.69000244140625,165.25,160.91000366210938,161.91000366210938,4024600,0.0,0.0
2026-07-01 00:00:00-04:00,162.11000061035156,163.0,159.22000122070312,159.9600067138672,2662100,0.0,0.0
2026-07-02 00:00:00-04:00,161.36000061035156,162.0,159.61000061035156,160.44000244140625,1837600,0.0,0.0
2026-07-06 00:00:00-04:00,160.4199981689453,160.4499969482422,156.0500030517578,159.14999389648438,2180100,0.0,0.0
2026-07-07 00:00:00-04:00,159.80999755859375,159.89999389648438,156.42999267578125,158.00999450683594,1839300,0.0,0.0
2026-07-08 00:00:00-04:00,156.0,156.49000549316406,153.55999755859375,154.6999969482422,2310900,0.0,0.0
2026-07-09 00:00:00-04:00,156.44000244140625,157.30999755859375,154.60000610351562,155.33999633789062,3829900,0.0,0.0
2026-07-10 00:00:00-04:00,155.52999877929688,158.41000366210938,155.39999389648438,157.52000427246094,1945300,0.0,0.0
2026-07-13 00:00:00-04:00,157.22000122070312,159.39999389648438,156.75999450683594,157.6999969482422,1726400,0.0,0.0
2026-07-14 00:00:00-04:00,158.77000427246094,159.77000427246094,155.9199981689453,156.5800018310547,3579200,0.0,0.0
2026-07-15 00:00:00-04:00,157.64999389648438,163.02000427246094,157.0,160.52999877929688,3287100,0.0,0.0
2026-07-16 00:00:00-04:00,159.8800048828125,163.3249969482422,159.1199951171875,161.77000427246094,3462954,0.0,0.0
