Date,Open,High,Low,Close,Volume,Dividends,Stock Splits
2022-01-03 00:00:00-05:00,9.5600004196167,9.779999732971191,9.359999656677246,9.729999542236328,188500,0.0,0.0
2022-01-04 00:00:00-05:00,9.890000343322754,9.890000343322754,8.9399995803833,9.0600004196167,167900,0.0,0.0
2022-01-05 00:00:00-05:00,9.010000228881836,9.229999542236328,8.819999694824219,9.029999732971191,237300,0.0,0.0
2022-01-06 00:00:00-05:00,9.149999618530273,9.1850004196167,8.119999885559082,8.8100004196167,259700,0.0,0.0
2022-01-07 00:00:00-05:00,8.729999542236328,9.09000015258789,8.609999656677246,8.770000457763672,66700,0.0,0.0
2022-01-10 00:00:00-05:00,8.59000015258789,8.779999732971191,8.239999771118164,8.5600004196167,110200,0.0,0.0
2022-01-11 00:00:00-05:00,8.40999984741211,9.135000228881836,8.359999656677246,8.760000228881836,93100,0.0,0.0
2022-01-12 00:00:00-05:00,8.8100004196167,8.994999885559082,8.369999885559082,8.489999771118164,70500,0.0,0.0
2022-01-13 00:00:00-05:00,8.630000114440918,8.800000190734863,8.319999694824219,8.350000381469727,84000,0.0,0.0
2022-01-14 00:00:00-05:00,8.449999809265137,8.529000282287598,8.0600004196167,8.489999771118164,95500,0.0,0.0
2022-01-18 00:00:00-05:00,8.479999542236328,8.53499984741211,7.650000095367432,8.039999961853027,148700,0.0,0.0
2022-01-19 00:00:00-05:00,8.15999984741211,8.229999542236328,7.460000038146973,7.46999979019165,345100,0.0,0.0
2022-01-20 00:00:00-05:00,7.690000057220459,8.180000305175781,7.5229997634887695,7.829999923706055,259000,0.0,0.0
2022-01-21 00:00:00-05:00,7.670000076293945,7.96999979019165,7.489999771118164,7.610000133514404,120700,0.0,0.0
2022-01-24 00:00:00-05:00,7.489999771118164,8.109999656677246,6.840000152587891,8.020000457763672,259600,0.0,0.0
2022-01-25 00:00:00-05:00,8.010000228881836,8.085000038146973,7.690000057220459,8.010000228881836,272800,0.0,0.0
2022-01-26 00:00:00-05:00,8.09000015258789,8.390000343322754,7.760000228881836,7.809999942779541,192100,0.0,0.0
2022-01-27 00:00:00-05:00,7.889999866485596,7.889999866485596,7.03000020980835,7.099999904632568,79700,0.0,0.0
2022-01-28 00:00:00-05:00,7.070000171661377,7.320000171661377,6.710000038146973,7.28000020980835,102800,0.0,0.0
2022-01-31 00:00:00-05:00,7.210000038146973,8.170000076293945,7.210000038146973,7.71999979019165,149300,0.0,0.0
2022-02-01 00:00:00-05:00,7.739999771118164,7.949999809265137,7.489999771118164,7.789999961853027,84500,0.0,0.0
2022-02-02 00:00:00-05:00,7.659999847412109,7.96999979019165,7.210000038146973,7.360000133514404,75600,0.0,0.0
2022-02-03 00:00:00-05:00,7.099999904632568,7.230000019073486,6.840000152587891,7.090000152587891,102100,0.0,0.0
2022-02-04 00:00:00-05:00,7.070000171661377,7.519999980926514,6.940000057220459,7.329999923706055,46200,0.0,0.0
2022-02-07 00:00:00-05:00,7.300000190734863,7.757999897003174,7.25,7.650000095367432,85100,0.0,0.0
2022-02-08 00:00:00-05:00,7.480000019073486,7.855000019073486,7.449999809265137,7.53000020980835,48300,0.0,0.0
2022-02-09 00:00:00-05:00,7.610000133514404,7.940000057220459,7.434999942779541,7.849999904632568,102400,0.0,0.0
2022-02-10 00:00:00-05:00,7.570000171661377,8.0,7.389999866485596,7.460000038146973,140400,0.0,0.0
2022-02-11 00:00:00-05:00,7.440000057220459,7.610000133514404,7.0,7.070000171661377,80800,0.0,0.0
2022-02-14 00:00:00-05:00,7.269999980926514,7.269999980926514,6.840000152587891,6.929999828338623,90000,0.0,0.0
2022-02-15 00:00:00-05:00,6.989999771118164,7.320000171661377,6.960000038146973,7.150000095367432,96300,0.0,0.0
2022-02-16 00:00:00-05:00,7.039999961853027,7.061999797821045,6.829999923706055,6.920000076293945,49700,0.0,0.0
2022-02-17 00:00:00-05:00,6.809999942779541,6.889999866485596,6.420000076293945,6.539999961853027,127500,0.0,0.0
2022-02-18 00:00:00-05:00,6.460000038146973,6.561999797821045,6.110000133514404,6.139999866485596,100400,0.0,0.0
2022-02-22 00:00:00-05:00,6.110000133514404,6.179999828338623,5.880000114440918,5.940000057220459,111600,0.0,0.0
2022-02-23 00:00:00-05:00,6.139999866485596,6.340000152587891,5.909999847412109,5.960000038146973,107900,0.0,0.0
2022-02-24 00:00:00-05:00,5.730000019073486,6.059999942779541,5.730000019073486,5.920000076293945,236600,0.0,0.0
2022-02-25 00:00:00-05:00,5.96999979019165,6.130000114440918,5.610000133514404,6.0,87600,0.0,0.0
2022-02-28 00:00:00-05:00,5.920000076293945,6.210000038146973,5.840000152587891,6.0,157700,0.0,0.0
2022-03-01 00:00:00-05:00,5.960000038146973,6.190000057220459,5.829999923706055,5.940000057220459,110200,0.0,0.0
2022-03-02 00:00:00-05:00,5.96999979019165,6.150000095367432,5.664999961853027,6.070000171661377,103200,0.0,0.0
2022-03-03 00:00:00-05:00,6.110000133514404,6.23199987411499,5.985000133514404,6.050000190734863,116800,0.0,0.0
2022-03-04 00:00:00-05:00,6.119999885559082,6.139999866485596,5.965000152587891,6.039999961853027,67800,0.0,0.0
2022-03-07 00:00:00-05:00,6.079999923706055,6.28000020980835,5.860000133514404,6.21999979019165,70800,0.0,0.0
2022-03-08 00:00:00-05:00,6.440000057220459,8.270000457763672,6.309999942779541,7.670000076293945,305100,0.0,0.0
2022-03-09 00:00:00-05:00,7.679999828338623,8.600000381469727,7.579999923706055,8.539999961853027,265300,0.0,0.0
2022-03-10 00:00:00-05:00,8.479999542236328,9.09000015258789,7.994999885559082,9.079999923706055,137800,0.0,0.0
2022-03-11 00:00:00-05:00,9.079999923706055,9.079999923706055,8.46500015258789,8.670000076293945,133300,0.0,0.0
2022-03-14 00:00:00-04:00,8.789999961853027,8.805000305175781,8.149999618530273,8.399999618530273,87600,0.0,0.0
2022-03-15 00:00:00-04:00,8.34000015258789,8.59000015258789,8.020000457763672,8.430000305175781,110300,0.0,0.0
2022-03-16 00:00:00-04:00,8.5,8.880000114440918,8.260000228881836,8.8100004196167,90300,0.0,0.0
2022-03-17 00:00:00-04:00,8.710000038146973,9.109999656677246,8.710000038146973,9.09000015258789,53300,0.0,0.0
2022-03-18 00:00:00-04:00,9.069999694824219,9.347999572753906,8.729999542236328,9.010000228881836,141600,0.0,0.0
2022-03-21 00:00:00-04:00,9.5,10.0,8.571999549865723,9.020000457763672,201100,0.0,0.0
2022-03-22 00:00:00-04:00,8.890000343322754,9.079999923706055,8.619999885559082,8.84000015258789,62000,0.0,0.0
2022-03-23 00:00:00-04:00,8.720000267028809,8.720000267028809,8.260000228881836,8.3100004196167,131000,0.0,0.0
2022-03-24 00:00:00-04:00,8.460000038146973,8.859999656677246,8.369999885559082,8.6899995803833,188500,0.0,0.0
2022-03-25 00:00:00-04:00,8.699999809265137,8.699999809265137,8.489999771118164,8.609999656677246,144500,0.0,0.0
2022-03-28 00:00:00-04:00,8.529999732971191,9.170000076293945,8.010000228881836,8.989999771118164,180200,0.0,0.0
2022-03-29 00:00:00-04:00,8.930000305175781,9.829999923706055,8.930000305175781,9.640000343322754,167400,0.0,0.0
2022-03-30 00:00:00-04:00,9.600000381469727,9.630000114440918,9.029999732971191,9.069999694824219,154500,0.0,0.0
2022-03-31 00:00:00-04:00,9.15999984741211,9.15999984741211,8.369999885559082,8.710000038146973,109000,0.0,0.0
2022-04-01 00:00:00-04:00,8.670000076293945,8.789999961853027,8.489999771118164,8.739999771118164,163700,0.0,0.0
2022-04-04 00:00:00-04:00,8.739999771118164,9.130000114440918,8.539999961853027,8.569999694824219,148400,0.0,0.0
2022-04-05 00:00:00-04:00,8.619999885559082,8.84000015258789,8.53499984741211,8.579999923706055,109900,0.0,0.0
2022-04-06 00:00:00-04:00,8.489999771118164,8.729999542236328,8.380000114440918,8.600000381469727,148400,0.0,0.0
2022-04-07 00:00:00-04:00,8.609999656677246,8.720000267028809,8.336000442504883,8.359999656677246,122800,0.0,0.0
2022-04-08 00:00:00-04:00,8.449999809265137,8.449999809265137,7.965000152587891,8.020000457763672,148900,0.0,0.0
2022-04-11 00:00:00-04:00,8.050000190734863,8.149999618530273,7.650000095367432,7.900000095367432,101400,0.0,0.0
2022-04-12 00:00:00-04:00,8.0,8.0,7.28000020980835,7.409999847412109,200000,0.0,0.0
2022-04-13 00:00:00-04:00,7.449999809265137,8.149999618530273,7.300000190734863,8.079999923706055,139200,0.0,0.0
2022-04-14 00:00:00-04:00,8.09000015258789,8.28499984741211,7.630000114440918,7.829999923706055,91200,0.0,0.0
2022-04-18 00:00:00-04:00,7.809999942779541,7.809999942779541,7.190000057220459,7.269999980926514,184400,0.0,0.0
2022-04-19 00:00:00-04:00,7.260000228881836,7.550000190734863,7.03000020980835,7.349999904632568,150500,0.0,0.0
2022-04-20 00:00:00-04:00,7.400000095367432,7.849999904632568,7.289999961853027,7.449999809265137,157700,0.0,0.0
2022-04-21 00:00:00-04:00,7.550000190734863,7.650000095367432,7.010000228881836,7.059999942779541,147300,0.0,0.0
2022-04-22 00:00:00-04:00,7.03000020980835,7.550000190734863,6.880000114440918,7.46999979019165,172800,0.0,0.0
2022-04-25 00:00:00-04:00,7.420000076293945,7.764999866485596,7.190000057220459,7.489999771118164,84900,0.0,0.0
2022-04-26 00:00:00-04:00,7.309999942779541,7.75,7.099999904632568,7.28000020980835,200700,0.0,0.0
2022-04-27 00:00:00-04:00,7.199999809265137,7.789999961853027,7.199999809265137,7.400000095367432,193900,0.0,0.0
2022-04-28 00:00:00-04:00,7.559999942779541,7.579999923706055,6.880000114440918,7.480000019073486,186100,0.0,0.0
2022-04-29 00:00:00-04:00,7.400000095367432,7.699999809265137,7.039999961853027,7.059999942779541,90400,0.0,0.0
2022-05-02 00:00:00-04:00,7.059999942779541,7.079999923706055,6.159999847412109,6.659999847412109,242600,0.0,0.0
2022-05-03 00:00:00-04:00,6.630000114440918,6.840000152587891,6.400000095367432,6.75,237100,0.0,0.0
2022-05-04 00:00:00-04:00,6.75,7.010000228881836,6.340000152587891,6.909999847412109,119900,0.0,0.0
2022-05-05 00:00:00-04:00,6.840000152587891,6.900000095367432,6.21999979019165,6.320000171661377,84900,0.0,0.0
2022-05-06 00:00:00-04:00,6.25,6.25,5.940000057220459,6.210000038146973,99500,0.0,0.0
2022-05-09 00:00:00-04:00,6.03000020980835,6.239999771118164,5.909999847412109,6.199999809265137,181200,0.0,0.0
2022-05-10 00:00:00-04:00,6.179999828338623,6.849999904632568,6.010000228881836,6.570000171661377,184000,0.0,0.0
2022-05-11 00:00:00-04:00,6.550000190734863,6.724999904632568,5.678999900817871,6.03000020980835,190300,0.0,0.0
2022-05-12 00:00:00-04:00,6.019999980926514,6.710000038146973,6.005000114440918,6.230000019073486,140800,0.0,0.0
2022-05-13 00:00:00-04:00,6.300000190734863,6.389999866485596,5.739999771118164,5.949999809265137,246600,0.0,0.0
2022-05-16 00:00:00-04:00,5.880000114440918,5.880000114440918,5.349999904632568,5.590000152587891,271300,0.0,0.0
2022-05-17 00:00:00-04:00,5.690000057220459,5.920000076293945,5.400000095367432,5.880000114440918,188800,0.0,0.0
2022-05-18 00:00:00-04:00,5.78000020980835,5.889999866485596,5.400000095367432,5.53000020980835,144900,0.0,0.0
2022-05-19 00:00:00-04:00,5.460000038146973,5.574999809265137,5.244999885559082,5.510000228881836,206100,0.0,0.0
2022-05-20 00:00:00-04:00,5.550000190734863,5.650000095367432,5.269999980926514,5.610000133514404,131900,0.0,0.0
2022-05-23 00:00:00-04:00,5.639999866485596,5.730000019073486,5.349999904632568,5.510000228881836,116200,0.0,0.0
2022-05-24 00:00:00-04:00,5.579999923706055,5.820000171661377,5.050000190734863,5.150000095367432,174500,0.0,0.0
2022-05-25 00:00:00-04:00,5.090000152587891,5.179999828338623,4.849999904632568,5.119999885559082,149700,0.0,0.0
2022-05-26 00:00:00-04:00,5.090000152587891,5.329999923706055,5.039999961853027,5.170000076293945,146500,0.0,0.0
2022-05-27 00:00:00-04:00,5.110000133514404,5.539999961853027,5.059999942779541,5.429999828338623,135100,0.0,0.0
2022-05-31 00:00:00-04:00,5.449999809265137,5.78000020980835,5.300000190734863,5.320000171661377,863900,0.0,0.0
2022-06-01 00:00:00-04:00,5.440000057220459,5.590000152587891,4.940000057220459,5.190000057220459,226700,0.0,0.0
2022-06-02 00:00:00-04:00,5.139999866485596,5.659999847412109,5.139999866485596,5.480000019073486,122100,0.0,0.0
2022-06-03 00:00:00-04:00,5.449999809265137,6.046000003814697,5.394999980926514,5.949999809265137,134600,0.0,0.0
2022-06-06 00:00:00-04:00,5.989999771118164,6.440000057220459,5.949999809265137,6.190000057220459,171400,0.0,0.0
2022-06-07 00:00:00-04:00,6.139999866485596,7.590000152587891,6.139999866485596,7.570000171661377,323500,0.0,0.0
2022-06-08 00:00:00-04:00,7.619999885559082,8.25,6.920000076293945,7.059999942779541,170400,0.0,0.0
2022-06-09 00:00:00-04:00,7.050000190734863,7.235000133514404,6.835000038146973,7.010000228881836,142200,0.0,0.0
2022-06-10 00:00:00-04:00,6.940000057220459,6.989999771118164,6.71999979019165,6.75,90200,0.0,0.0
2022-06-13 00:00:00-04:00,6.510000228881836,6.670000076293945,6.195000171661377,6.559999942779541,152500,0.0,0.0
2022-06-14 00:00:00-04:00,6.599999904632568,6.739999771118164,6.465000152587891,6.610000133514404,87300,0.0,0.0
2022-06-15 00:00:00-04:00,6.619999885559082,6.949999809265137,6.619999885559082,6.75,93000,0.0,0.0
2022-06-16 00:00:00-04:00,6.570000171661377,7.010000228881836,6.050000190734863,6.179999828338623,127500,0.0,0.0
2022-06-17 00:00:00-04:00,6.25,6.820000171661377,6.239999771118164,6.599999904632568,209000,0.0,0.0
2022-06-21 00:00:00-04:00,6.619999885559082,7.130000114440918,6.619999885559082,6.940000057220459,155300,0.0,0.0
2022-06-22 00:00:00-04:00,6.840000152587891,7.690000057220459,6.159999847412109,7.449999809265137,142800,0.0,0.0
2022-06-23 00:00:00-04:00,7.610000133514404,8.079999923706055,7.460000038146973,7.889999866485596,167900,0.0,0.0
2022-06-24 00:00:00-04:00,8.0,8.880000114440918,7.28000020980835,8.199999809265137,2537000,0.0,0.0
2022-06-27 00:00:00-04:00,8.149999618530273,8.800000190734863,7.820000171661377,8.350000381469727,139200,0.0,0.0
2022-06-28 00:00:00-04:00,8.449999809265137,8.460000038146973,7.579999923706055,7.980000019073486,85700,0.0,0.0
2022-06-29 00:00:00-04:00,8.039999961853027,8.039999961853027,7.550000190734863,7.809999942779541,79700,0.0,0.0
2022-06-30 00:00:00-04:00,7.619999885559082,8.387999534606934,7.619999885559082,8.1899995803833,63700,0.0,0.0
2022-07-01 00:00:00-04:00,8.239999771118164,8.557000160217285,8.100000381469727,8.180000305175781,58800,0.0,0.0
2022-07-05 00:00:00-04:00,8.130000114440918,8.529999732971191,8.109999656677246,8.149999618530273,85500,0.0,0.0
2022-07-06 00:00:00-04:00,8.140000343322754,8.899999618530273,8.140000343322754,8.460000038146973,157100,0.0,0.0
2022-07-07 00:00:00-04:00,8.600000381469727,8.859999656677246,8.449999809265137,8.699999809265137,96400,0.0,0.0
2022-07-08 00:00:00-04:00,8.579999923706055,8.989999771118164,8.579999923706055,8.739999771118164,90600,0.0,0.0
2022-07-11 00:00:00-04:00,8.744999885559082,8.989999771118164,8.300000190734863,8.520000457763672,40300,0.0,0.0
2022-07-12 00:00:00-04:00,8.489999771118164,8.949999809265137,8.241000175476074,8.869999885559082,50500,0.0,0.0
2022-07-13 00:00:00-04:00,8.8100004196167,9.309000015258789,8.8100004196167,8.9399995803833,90700,0.0,0.0
2022-07-14 00:00:00-04:00,8.850000381469727,9.1899995803833,8.350000381469727,9.029999732971191,42200,0.0,0.0
2022-07-15 00:00:00-04:00,9.199999809265137,9.270000457763672,9.020000457763672,9.0600004196167,48600,0.0,0.0
2022-07-18 00:00:00-04:00,9.039999961853027,9.3100004196167,8.890000343322754,8.989999771118164,28900,0.0,0.0
2022-07-19 00:00:00-04:00,9.10200023651123,9.243000030517578,8.90999984741211,9.079999923706055,94400,0.0,0.0
2022-07-20 00:00:00-04:00,9.15999984741211,9.236000061035156,8.550000190734863,8.649999618530273,127400,0.0,0.0
2022-07-21 00:00:00-04:00,8.399999618530273,8.819999694824219,8.399999618530273,8.640000343322754,36600,0.0,0.0
2022-07-22 00:00:00-04:00,8.529999732971191,8.649999618530273,8.335000038146973,8.369999885559082,27900,0.0,0.0
2022-07-25 00:00:00-04:00,8.479999542236328,8.479999542236328,7.650000095367432,8.140000343322754,76700,0.0,0.0
2022-07-26 00:00:00-04:00,8.050000190734863,8.369999885559082,7.820000171661377,8.0600004196167,42200,0.0,0.0
2022-07-27 00:00:00-04:00,8.15999984741211,8.489999771118164,8.050000190734863,8.319999694824219,35800,0.0,0.0
2022-07-28 00:00:00-04:00,8.229999542236328,8.420000076293945,8.100000381469727,8.15999984741211,29100,0.0,0.0
2022-07-29 00:00:00-04:00,8.140000343322754,8.180000305175781,7.699999809265137,7.840000152587891,31700,0.0,0.0
2022-08-01 00:00:00-04:00,7.820000171661377,7.96999979019165,7.349999904632568,7.440000057220459,35200,0.0,0.0
2022-08-02 00:00:00-04:00,7.579999923706055,7.690000057220459,7.309999942779541,7.519999980926514,59800,0.0,0.0
2022-08-03 00:00:00-04:00,7.730000019073486,7.869999885559082,7.590000152587891,7.599999904632568,17700,0.0,0.0
2022-08-04 00:00:00-04:00,7.699999809265137,8.479000091552734,7.690000057220459,8.300000190734863,124200,0.0,0.0
2022-08-05 00:00:00-04:00,8.1899995803833,8.710000038146973,8.1899995803833,8.569999694824219,71400,0.0,0.0
2022-08-08 00:00:00-04:00,8.529999732971191,8.9399995803833,8.449999809265137,8.630000114440918,58900,0.0,0.0
2022-08-09 00:00:00-04:00,8.619999885559082,8.880000114440918,8.050000190734863,8.199999809265137,55400,0.0,0.0
2022-08-10 00:00:00-04:00,8.345000267028809,8.90999984741211,8.210000038146973,8.90999984741211,37700,0.0,0.0
2022-08-11 00:00:00-04:00,8.359999656677246,8.979999542236328,8.140000343322754,8.329999923706055,64500,0.0,0.0
2022-08-12 00:00:00-04:00,8.630000114440918,8.649999618530273,8.260000228881836,8.529999732971191,55000,0.0,0.0
2022-08-15 00:00:00-04:00,8.569999694824219,8.776000022888184,8.5,8.65999984741211,73100,0.0,0.0
2022-08-16 00:00:00-04:00,8.720000267028809,8.720000267028809,8.350000381469727,8.420000076293945,62000,0.0,0.0
2022-08-17 00:00:00-04:00,8.380000114440918,8.600000381469727,8.229999542236328,8.300000190734863,30100,0.0,0.0
2022-08-18 00:00:00-04:00,8.210000038146973,8.359999656677246,8.140000343322754,8.180000305175781,31000,0.0,0.0
2022-08-19 00:00:00-04:00,8.270000457763672,8.449999809265137,8.069999694824219,8.229999542236328,31100,0.0,0.0
2022-08-22 00:00:00-04:00,8.020000457763672,8.149999618530273,7.789999961853027,7.849999904632568,44800,0.0,0.0
2022-08-23 00:00:00-04:00,7.900000095367432,7.925000190734863,7.659999847412109,7.849999904632568,53000,0.0,0.0
2022-08-24 00:00:00-04:00,7.949999809265137,8.270000457763672,7.929999828338623,8.199999809265137,33000,0.0,0.0
2022-08-25 00:00:00-04:00,8.3100004196167,8.630000114440918,8.100000381469727,8.40999984741211,51700,0.0,0.0
2022-08-26 00:00:00-04:00,8.479999542236328,8.539999961853027,7.800000190734863,7.840000152587891,37200,0.0,0.0
2022-08-29 00:00:00-04:00,7.840000152587891,7.840000152587891,7.599999904632568,7.710000038146973,42300,0.0,0.0
2022-08-30 00:00:00-04:00,7.690000057220459,7.699999809265137,7.175000190734863,7.210000038146973,54900,0.0,0.0
2022-08-31 00:00:00-04:00,7.380000114440918,7.650000095367432,7.130000114440918,7.449999809265137,36700,0.0,0.0
2022-09-01 00:00:00-04:00,7.539999961853027,7.670000076293945,7.159999847412109,7.670000076293945,38000,0.0,0.0
2022-09-02 00:00:00-04:00,7.659999847412109,7.710000038146973,7.440000057220459,7.579999923706055,22900,0.0,0.0
2022-09-06 00:00:00-04:00,7.539999961853027,7.539999961853027,6.869999885559082,7.289999961853027,51800,0.0,0.0
2022-09-07 00:00:00-04:00,7.230000019073486,7.75,7.099999904632568,7.510000228881836,58700,0.0,0.0
2022-09-08 00:00:00-04:00,7.409999847412109,7.769999980926514,7.409999847412109,7.730000019073486,16000,0.0,0.0
2022-09-09 00:00:00-04:00,7.599999904632568,7.945000171661377,7.429999828338623,7.889999866485596,31800,0.0,0.0
2022-09-12 00:00:00-04:00,7.849999904632568,8.399999618530273,7.679999828338623,8.34000015258789,88100,0.0,0.0
2022-09-13 00:00:00-04:00,8.100000381469727,9.760000228881836,7.789999961853027,8.5600004196167,126500,0.0,0.0
2022-09-14 00:00:00-04:00,8.390000343322754,9.069999694824219,8.289999961853027,8.59000015258789,22000,0.0,0.0
2022-09-15 00:00:00-04:00,8.600000381469727,9.40999984741211,8.600000381469727,9.40999984741211,37800,0.0,0.0
2022-09-16 00:00:00-04:00,8.710000038146973,8.916000366210938,7.849999904632568,8.720000267028809,102900,0.0,0.0
2022-09-19 00:00:00-04:00,8.579999923706055,8.680000305175781,8.210000038146973,8.510000228881836,24400,0.0,0.0
2022-09-20 00:00:00-04:00,8.520000457763672,8.5600004196167,8.039999961853027,8.529999732971191,24500,0.0,0.0
2022-09-21 00:00:00-04:00,8.720000267028809,8.970000267028809,8.600000381469727,8.670000076293945,57300,0.0,0.0
2022-09-22 00:00:00-04:00,8.779999732971191,8.800000190734863,8.069999694824219,8.119999885559082,22800,0.0,0.0
2022-09-23 00:00:00-04:00,8.140000343322754,8.140000343322754,7.855000019073486,7.929999828338623,36800,0.0,0.0
2022-09-26 00:00:00-04:00,7.980000019073486,8.0,7.65500020980835,7.900000095367432,59300,0.0,0.0
2022-09-27 00:00:00-04:00,7.78000020980835,8.1899995803833,7.75,8.050000190734863,16200,0.0,0.0
2022-09-28 00:00:00-04:00,8.210000038146973,9.029999732971191,7.909999847412109,8.65999984741211,49200,0.0,0.0
2022-09-29 00:00:00-04:00,8.543000221252441,8.625,8.109999656677246,8.220000267028809,14500,0.0,0.0
2022-09-30 00:00:00-04:00,8.265000343322754,8.538999557495117,8.239999771118164,8.319999694824219,18400,0.0,0.0
2022-10-03 00:00:00-04:00,8.489999771118164,8.510000228881836,8.050000190734863,8.260000228881836,31000,0.0,0.0
2022-10-04 00:00:00-04:00,8.5,8.800000190734863,8.420000076293945,8.800000190734863,35100,0.0,0.0
2022-10-05 00:00:00-04:00,8.779999732971191,9.039999961853027,8.619999885559082,8.859999656677246,26700,0.0,0.0
2022-10-06 00:00:00-04:00,8.899999618530273,9.406000137329102,8.899999618530273,9.329999923706055,23900,0.0,0.0
2022-10-07 00:00:00-04:00,9.329999923706055,9.899999618530273,9.324999809265137,9.65999984741211,47300,0.0,0.0
2022-10-10 00:00:00-04:00,9.770000457763672,11.15999984741211,9.569999694824219,10.649999618530273,188600,0.0,0.0
2022-10-11 00:00:00-04:00,10.630000114440918,10.800000190734863,10.369999885559082,10.770000457763672,311500,0.0,0.0
2022-10-12 00:00:00-04:00,10.779999732971191,12.114999771118164,10.555000305175781,11.4399995803833,77800,0.0,0.0
2022-10-13 00:00:00-04:00,11.15999984741211,11.399999618530273,10.40999984741211,11.3100004196167,33500,0.0,0.0
2022-10-14 00:00:00-04:00,11.470000267028809,11.84000015258789,11.039999961853027,11.5,92100,0.0,0.0
2022-10-17 00:00:00-04:00,11.649999618530273,12.199999809265137,11.359999656677246,11.789999961853027,89900,0.0,0.0
2022-10-18 00:00:00-04:00,11.649999618530273,12.3100004196167,11.640000343322754,11.869999885559082,146000,0.0,0.0
2022-10-19 00:00:00-04:00,11.9399995803833,12.100000381469727,10.510000228881836,10.619999885559082,125400,0.0,0.0
2022-10-20 00:00:00-04:00,10.619999885559082,11.1899995803833,10.34000015258789,11.149999618530273,77100,0.0,0.0
2022-10-21 00:00:00-04:00,11.069999694824219,11.699999809265137,11.029999732971191,11.350000381469727,35900,0.0,0.0
2022-10-24 00:00:00-04:00,11.399999618530273,11.399999618530273,11.010000228881836,11.289999961853027,62600,0.0,0.0
2022-10-25 00:00:00-04:00,11.210000038146973,11.390000343322754,11.119999885559082,11.390000343322754,40800,0.0,0.0
2022-10-26 00:00:00-04:00,11.399999618530273,12.631999969482422,11.100000381469727,11.65999984741211,126200,0.0,0.0
2022-10-27 00:00:00-04:00,11.59000015258789,11.989999771118164,11.109999656677246,11.65999984741211,99300,0.0,0.0
2022-10-28 00:00:00-04:00,11.664999961853027,11.960000038146973,11.430000305175781,11.960000038146973,50500,0.0,0.0
2022-10-31 00:00:00-04:00,11.960000038146973,12.229999542236328,11.6899995803833,11.850000381469727,46700,0.0,0.0
2022-11-01 00:00:00-04:00,11.979999542236328,12.149999618530273,11.5,11.720000267028809,54600,0.0,0.0
2022-11-02 00:00:00-04:00,11.630000114440918,12.0600004196167,11.520000457763672,11.670000076293945,55000,0.0,0.0
2022-11-03 00:00:00-04:00,11.555000305175781,11.710000038146973,11.550000190734863,11.699999809265137,15100,0.0,0.0
2022-11-04 00:00:00-04:00,11.829999923706055,11.829999923706055,11.210000038146973,11.6899995803833,46400,0.0,0.0
2022-11-07 00:00:00-05:00,11.489999771118164,12.239999771118164,11.253000259399414,12.0600004196167,78400,0.0,0.0
2022-11-08 00:00:00-05:00,10.9399995803833,12.319999694824219,10.9399995803833,11.880000114440918,59000,0.0,0.0
2022-11-09 00:00:00-05:00,11.880000114440918,11.899999618530273,10.920000076293945,10.970000267028809,28400,0.0,0.0
2022-11-10 00:00:00-05:00,10.8100004196167,10.871999740600586,9.010000228881836,9.180000305175781,236600,0.0,0.0
2022-11-11 00:00:00-05:00,9.079999923706055,9.473999977111816,8.600000381469727,8.90999984741211,127700,0.0,0.0
2022-11-14 00:00:00-05:00,8.850000381469727,9.309000015258789,8.520000457763672,9.15999984741211,98000,0.0,0.0
2022-11-15 00:00:00-05:00,9.5,9.585000038146973,8.920000076293945,9.079999923706055,48300,0.0,0.0
2022-11-16 00:00:00-05:00,9.15999984741211,9.15999984741211,8.510000228881836,8.680000305175781,44000,0.0,0.0
2022-11-17 00:00:00-05:00,8.6899995803833,8.6899995803833,7.849999904632568,7.869999885559082,35800,0.0,0.0
2022-11-18 00:00:00-05:00,8.100000381469727,8.5,7.65500020980835,8.390000343322754,41900,0.0,0.0
2022-11-21 00:00:00-05:00,8.329999923706055,8.494999885559082,7.71999979019165,7.760000228881836,42600,0.0,0.0
2022-11-22 00:00:00-05:00,7.690000057220459,7.71999979019165,7.074999809265137,7.599999904632568,132700,0.0,0.0
2022-11-23 00:00:00-05:00,7.46999979019165,8.079999923706055,7.349999904632568,7.679999828338623,106800,0.0,0.0
2022-11-25 00:00:00-05:00,7.699999809265137,7.78000020980835,7.449999809265137,7.590000152587891,54900,0.0,0.0
2022-11-28 00:00:00-05:00,7.5,8.869999885559082,7.5,8.170000076293945,68600,0.0,0.0
2022-11-29 00:00:00-05:00,8.0600004196167,8.600000381469727,7.829999923706055,8.319999694824219,33400,0.0,0.0
2022-11-30 00:00:00-05:00,8.420000076293945,8.84000015258789,7.960000038146973,8.569999694824219,52600,0.0,0.0
2022-12-01 00:00:00-05:00,8.470000267028809,8.996999740600586,8.430000305175781,8.729999542236328,27500,0.0,0.0
2022-12-02 00:00:00-05:00,8.600000381469727,8.930000305175781,8.199999809265137,8.390000343322754,45200,0.0,0.0
2022-12-05 00:00:00-05:00,8.399999618530273,8.869999885559082,8.029999732971191,8.3100004196167,28400,0.0,0.0
2022-12-06 00:00:00-05:00,8.359999656677246,8.899999618530273,8.329999923706055,8.59000015258789,75000,0.0,0.0
2022-12-07 00:00:00-05:00,8.520000457763672,8.800000190734863,8.098999977111816,8.399999618530273,33000,0.0,0.0
2022-12-08 00:00:00-05:00,8.289999961853027,8.4399995803833,8.140000343322754,8.3100004196167,27700,0.0,0.0
2022-12-09 00:00:00-05:00,8.319999694824219,8.489999771118164,7.755000114440918,7.940000057220459,38500,0.0,0.0
2022-12-12 00:00:00-05:00,7.849999904632568,7.989999771118164,7.650000095367432,7.949999809265137,29900,0.0,0.0
2022-12-13 00:00:00-05:00,8.100000381469727,8.3100004196167,7.758999824523926,8.100000381469727,90300,0.0,0.0
2022-12-14 00:00:00-05:00,8.039999961853027,8.3100004196167,7.400000095367432,7.550000190734863,79200,0.0,0.0
2022-12-15 00:00:00-05:00,7.550000190734863,8.039999961853027,7.150000095367432,7.909999847412109,81500,0.0,0.0
2022-12-16 00:00:00-05:00,7.789999961853027,8.09000015258789,7.409999847412109,7.75,38600,0.0,0.0
2022-12-19 00:00:00-05:00,7.820000171661377,8.149999618530273,7.570000171661377,7.929999828338623,50200,0.0,0.0
2022-12-20 00:00:00-05:00,7.980000019073486,8.15999984741211,7.78000020980835,7.78000020980835,51800,0.0,0.0
2022-12-21 00:00:00-05:00,7.730000019073486,8.199999809265137,7.505000114440918,7.650000095367432,63000,0.0,0.0
2022-12-22 00:00:00-05:00,7.590000152587891,8.109999656677246,7.539999961853027,8.029999732971191,57400,0.0,0.0
2022-12-23 00:00:00-05:00,8.079999923706055,8.229999542236328,7.75,8.140000343322754,37100,0.0,0.0
2022-12-27 00:00:00-05:00,8.199999809265137,8.34000015258789,7.559999942779541,7.96999979019165,70900,0.0,0.0
2022-12-28 00:00:00-05:00,7.840000152587891,8.21500015258789,7.755000114440918,8.15999984741211,85500,0.0,0.0
2022-12-29 00:00:00-05:00,8.130000114440918,8.399999618530273,8.130000114440918,8.359999656677246,44300,0.0,0.0
2022-12-30 00:00:00-05:00,8.359999656677246,8.899999618530273,8.300000190734863,8.869999885559082,81400,0.0,0.0
2023-01-03 00:00:00-05:00,8.949999809265137,9.010000228881836,8.376999855041504,8.640000343322754,110900,0.0,0.0
2023-01-04 00:00:00-05:00,8.779999732971191,9.279999732971191,8.677000045776367,8.779999732971191,83500,0.0,0.0
2023-01-05 00:00:00-05:00,8.899999618530273,9.239999771118164,8.1899995803833,8.479999542236328,103400,0.0,0.0
2023-01-06 00:00:00-05:00,8.609999656677246,8.850000381469727,8.109999656677246,8.1899995803833,49200,0.0,0.0
2023-01-09 00:00:00-05:00,8.289999961853027,8.4350004196167,8.029999732971191,8.34000015258789,69300,0.0,0.0
2023-01-10 00:00:00-05:00,8.300000190734863,9.050000190734863,8.300000190734863,8.5,149400,0.0,0.0
2023-01-11 00:00:00-05:00,8.75,8.845000267028809,8.1899995803833,8.229999542236328,128600,0.0,0.0
2023-01-12 00:00:00-05:00,8.170000076293945,9.100000381469727,7.949999809265137,8.729999542236328,87200,0.0,0.0
2023-01-13 00:00:00-05:00,8.529999732971191,8.970000267028809,8.25,8.5600004196167,269700,0.0,0.0
2023-01-17 00:00:00-05:00,8.65999984741211,8.90999984741211,8.329999923706055,8.699999809265137,126100,0.0,0.0
2023-01-18 00:00:00-05:00,8.569999694824219,8.920000076293945,8.265000343322754,8.289999961853027,73300,0.0,0.0
2023-01-19 00:00:00-05:00,8.170000076293945,8.380000114440918,8.029999732971191,8.279999732971191,112000,0.0,0.0
2023-01-20 00:00:00-05:00,8.449999809265137,8.829999923706055,8.399999618530273,8.399999618530273,54800,0.0,0.0
2023-01-23 00:00:00-05:00,8.3100004196167,8.350000381469727,8.020000457763672,8.239999771118164,105500,0.0,0.0
2023-01-24 00:00:00-05:00,8.180000305175781,8.350000381469727,7.920000076293945,8.0,90600,0.0,0.0
2023-01-25 00:00:00-05:00,8.0,8.300000190734863,7.599999904632568,7.989999771118164,103900,0.0,0.0
2023-01-26 00:00:00-05:00,8.119999885559082,8.670000076293945,8.010000228881836,8.399999618530273,138300,0.0,0.0
2023-01-27 00:00:00-05:00,8.399999618530273,9.670000076293945,8.399999618530273,9.350000381469727,194200,0.0,0.0
2023-01-30 00:00:00-05:00,9.420000076293945,10.720000267028809,9.420000076293945,10.119999885559082,191800,0.0,0.0
2023-01-31 00:00:00-05:00,10.0,10.899999618530273,9.899999618530273,10.390000343322754,198300,0.0,0.0
2023-02-01 00:00:00-05:00,10.399999618530273,11.65999984741211,10.09000015258789,11.0,252900,0.0,0.0
2023-02-02 00:00:00-05:00,11.010000228881836,11.680000305175781,10.789999961853027,11.020000457763672,77800,0.0,0.0
2023-02-03 00:00:00-05:00,10.710000038146973,11.119999885559082,8.890000343322754,9.270000457763672,141400,0.0,0.0
2023-02-06 00:00:00-05:00,9.270000457763672,9.600000381469727,9.15999984741211,9.229999542236328,47400,0.0,0.0
2023-02-07 00:00:00-05:00,9.069999694824219,9.829999923706055,8.920000076293945,9.569999694824219,88000,0.0,0.0
2023-02-08 00:00:00-05:00,8.90999984741211,9.760000228881836,8.869999885559082,9.140000343322754,95100,0.0,0.0
2023-02-09 00:00:00-05:00,9.109999656677246,9.729999542236328,8.800000190734863,8.850000381469727,80400,0.0,0.0
2023-02-10 00:00:00-05:00,8.800000190734863,9.34000015258789,8.670000076293945,9.180000305175781,93800,0.0,0.0
2023-02-13 00:00:00-05:00,9.15999984741211,9.774999618530273,9.085000038146973,9.460000038146973,66900,0.0,0.0
2023-02-14 00:00:00-05:00,9.4399995803833,9.65999984741211,9.1850004196167,9.359999656677246,35100,0.0,0.0
2023-02-15 00:00:00-05:00,9.289999961853027,9.569999694824219,9.109999656677246,9.170000076293945,52100,0.0,0.0
2023-02-16 00:00:00-05:00,9.029999732971191,9.569999694824219,9.029999732971191,9.40999984741211,48100,0.0,0.0
2023-02-17 00:00:00-05:00,9.420000076293945,10.390000343322754,9.359999656677246,10.220000267028809,241700,0.0,0.0
2023-02-21 00:00:00-05:00,10.119999885559082,10.204999923706055,9.194999694824219,9.430000305175781,117500,0.0,0.0
2023-02-22 00:00:00-05:00,9.489999771118164,10.350000381469727,9.4399995803833,9.880000114440918,54600,0.0,0.0
2023-02-23 00:00:00-05:00,9.9399995803833,10.779999732971191,9.829999923706055,10.399999618530273,191300,0.0,0.0
2023-02-24 00:00:00-05:00,10.420000076293945,10.609999656677246,9.670000076293945,9.6899995803833,55900,0.0,0.0
2023-02-27 00:00:00-05:00,9.779999732971191,10.369999885559082,9.779999732971191,10.130000114440918,88300,0.0,0.0
2023-02-28 00:00:00-05:00,10.199999809265137,10.489999771118164,10.069999694824219,10.300000190734863,35700,0.0,0.0
2023-03-01 00:00:00-05:00,10.359999656677246,10.78499984741211,10.28499984741211,10.600000381469727,79700,0.0,0.0
2023-03-02 00:00:00-05:00,10.619999885559082,10.635000228881836,10.3100004196167,10.34000015258789,36600,0.0,0.0
2023-03-03 00:00:00-05:00,10.510000228881836,10.510000228881836,10.050000190734863,10.300000190734863,48100,0.0,0.0
2023-03-06 00:00:00-05:00,10.390000343322754,10.390000343322754,9.720000267028809,10.119999885559082,46100,0.0,0.0
2023-03-07 00:00:00-05:00,10.239999771118164,10.630000114440918,9.8100004196167,10.210000038146973,60600,0.0,0.0
2023-03-08 00:00:00-05:00,10.359999656677246,10.539999961853027,10.0600004196167,10.430000305175781,83100,0.0,0.0
2023-03-09 00:00:00-05:00,10.430000305175781,10.765000343322754,10.109999656677246,10.15999984741211,70100,0.0,0.0
2023-03-10 00:00:00-05:00,10.109999656677246,10.300000190734863,9.270000457763672,9.319999694824219,147400,0.0,0.0
2023-03-13 00:00:00-04:00,9.609999656677246,9.770000457763672,9.270000457763672,9.449999809265137,84500,0.0,0.0
2023-03-14 00:00:00-04:00,9.539999961853027,10.119999885559082,9.281000137329102,10.020000457763672,114700,0.0,0.0
2023-03-15 00:00:00-04:00,9.90999984741211,9.90999984741211,9.404999732971191,9.630000114440918,42100,0.0,0.0
2023-03-16 00:00:00-04:00,9.789999961853027,9.800000190734863,9.1899995803833,9.329999923706055,123300,0.0,0.0
2023-03-17 00:00:00-04:00,9.180000305175781,9.199999809265137,8.369999885559082,8.5,224900,0.0,0.0
2023-03-20 00:00:00-04:00,8.5600004196167,8.8100004196167,8.40999984741211,8.5,80200,0.0,0.0
2023-03-21 00:00:00-04:00,8.510000228881836,9.220000267028809,8.510000228881836,8.75,135000,0.0,0.0
2023-03-22 00:00:00-04:00,8.829999923706055,9.020000457763672,7.75,8.170000076293945,184600,0.0,0.0
2023-03-23 00:00:00-04:00,8.149999618530273,8.600000381469727,7.989999771118164,8.359999656677246,70900,0.0,0.0
2023-03-24 00:00:00-04:00,8.289999961853027,8.550000190734863,8.050000190734863,8.390000343322754,46100,0.0,0.0
2023-03-27 00:00:00-04:00,8.390000343322754,8.6899995803833,8.119999885559082,8.180000305175781,187700,0.0,0.0
2023-03-28 00:00:00-04:00,8.109999656677246,8.369999885559082,7.789999961853027,8.010000228881836,180700,0.0,0.0
2023-03-29 00:00:00-04:00,8.09000015258789,9.65999984741211,8.0,8.829999923706055,342800,0.0,0.0
2023-03-30 00:00:00-04:00,8.770000457763672,8.800000190734863,8.260000228881836,8.380000114440918,139200,0.0,0.0
2023-03-31 00:00:00-04:00,8.489999771118164,9.779999732971191,8.420000076293945,9.239999771118164,262900,0.0,0.0
2023-04-03 00:00:00-04:00,9.199999809265137,9.975000381469727,9.050000190734863,9.75,206600,0.0,0.0
2023-04-04 00:00:00-04:00,9.75,9.8100004196167,8.930000305175781,8.960000038146973,125000,0.0,0.0
2023-04-05 00:00:00-04:00,9.0,9.34000015258789,8.680000305175781,8.75,52300,0.0,0.0
2023-04-06 00:00:00-04:00,8.800000190734863,9.0,8.600000381469727,8.800000190734863,113200,0.0,0.0
2023-04-10 00:00:00-04:00,8.789999961853027,9.510000228881836,8.569999694824219,9.390000343322754,83300,0.0,0.0
2023-04-11 00:00:00-04:00,9.479999542236328,9.484999656677246,9.010000228881836,9.279999732971191,52900,0.0,0.0
2023-04-12 00:00:00-04:00,9.390000343322754,9.390000343322754,8.899999618530273,9.170000076293945,85000,0.0,0.0
2023-04-13 00:00:00-04:00,9.09000015258789,10.100000381469727,9.039999961853027,9.850000381469727,174500,0.0,0.0
2023-04-14 00:00:00-04:00,9.899999618530273,10.420000076293945,9.430000305175781,9.630000114440918,133800,0.0,0.0
2023-04-17 00:00:00-04:00,9.75,10.131999969482422,9.40999984741211,9.600000381469727,104700,0.0,0.0
2023-04-18 00:00:00-04:00,9.789999961853027,9.789999961853027,9.420000076293945,9.529999732971191,54000,0.0,0.0
2023-04-19 00:00:00-04:00,9.489999771118164,10.300000190734863,9.34000015258789,10.199999809265137,219400,0.0,0.0
2023-04-20 00:00:00-04:00,10.140000343322754,10.319999694824219,9.520000457763672,9.65999984741211,210200,0.0,0.0
2023-04-21 00:00:00-04:00,9.75,10.350000381469727,9.505000114440918,10.039999961853027,163400,0.0,0.0
2023-04-24 00:00:00-04:00,9.890000343322754,11.59000015258789,9.6850004196167,11.550000190734863,302000,0.0,0.0
2023-04-25 00:00:00-04:00,11.5,12.260000228881836,11.239999771118164,11.609999656677246,644600,0.0,0.0
2023-04-26 00:00:00-04:00,11.619999885559082,12.449999809265137,11.350000381469727,12.25,177600,0.0,0.0
2023-04-27 00:00:00-04:00,12.40999984741211,12.9399995803833,12.079999923706055,12.460000038146973,220600,0.0,0.0
2023-04-28 00:00:00-04:00,12.569999694824219,12.699999809265137,10.25,11.59000015258789,280300,0.0,0.0
2023-05-01 00:00:00-04:00,11.59000015258789,16.110000610351562,11.260000228881836,14.289999961853027,1827400,0.0,0.0
2023-05-02 00:00:00-04:00,14.239999771118164,14.760000228881836,12.899999618530273,13.0600004196167,513400,0.0,0.0
2023-05-03 00:00:00-04:00,13.0600004196167,13.670000076293945,12.270000457763672,12.800000190734863,341800,0.0,0.0
2023-05-04 00:00:00-04:00,12.789999961853027,12.949999809265137,12.390000343322754,12.510000228881836,174800,0.0,0.0
2023-05-05 00:00:00-04:00,12.399999618530273,13.164999961853027,11.640000343322754,11.850000381469727,307400,0.0,0.0
2023-05-08 00:00:00-04:00,11.9399995803833,12.925000190734863,11.770000457763672,12.40999984741211,215000,0.0,0.0
2023-05-09 00:00:00-04:00,12.4399995803833,12.65999984741211,11.9399995803833,11.949999809265137,118100,0.0,0.0
2023-05-10 00:00:00-04:00,11.960000038146973,12.057999610900879,11.050000190734863,11.5,263100,0.0,0.0
2023-05-11 00:00:00-04:00,11.670000076293945,12.420000076293945,11.609999656677246,12.420000076293945,217100,0.0,0.0
2023-05-12 00:00:00-04:00,12.420000076293945,12.869000434875488,11.8100004196167,12.050000190734863,86900,0.0,0.0
2023-05-15 00:00:00-04:00,12.100000381469727,12.420000076293945,11.75,11.8100004196167,96600,0.0,0.0
2023-05-16 00:00:00-04:00,11.609999656677246,11.989999771118164,11.369999885559082,11.75,86900,0.0,0.0
2023-05-17 00:00:00-04:00,11.75,12.210000038146973,11.3100004196167,11.899999618530273,87900,0.0,0.0
2023-05-18 00:00:00-04:00,11.90999984741211,12.074999809265137,11.680000305175781,11.850000381469727,86700,0.0,0.0
2023-05-19 00:00:00-04:00,11.859999656677246,12.100000381469727,11.479999542236328,11.529999732971191,66200,0.0,0.0
2023-05-22 00:00:00-04:00,11.510000228881836,11.90999984741211,11.420000076293945,11.510000228881836,70700,0.0,0.0
2023-05-23 00:00:00-04:00,11.510000228881836,12.074999809265137,11.420000076293945,11.430000305175781,102100,0.0,0.0
2023-05-24 00:00:00-04:00,11.289999961853027,11.289999961853027,10.770000457763672,11.199999809265137,103000,0.0,0.0
2023-05-25 00:00:00-04:00,11.199999809265137,11.199999809265137,9.770999908447266,10.699999809265137,151900,0.0,0.0
2023-05-26 00:00:00-04:00,10.760000228881836,10.822999954223633,9.829999923706055,9.970000267028809,148000,0.0,0.0
2023-05-30 00:00:00-04:00,9.850000381469727,10.14900016784668,9.369999885559082,9.520000457763672,104100,0.0,0.0
2023-05-31 00:00:00-04:00,9.529999732971191,10.109999656677246,9.199999809265137,9.899999618530273,305900,0.0,0.0
2023-06-01 00:00:00-04:00,9.90999984741211,9.970000267028809,9.600000381469727,9.770000457763672,110100,0.0,0.0
2023-06-02 00:00:00-04:00,9.859999656677246,9.989999771118164,9.699999809265137,9.739999771118164,109200,0.0,0.0
2023-06-05 00:00:00-04:00,9.729999542236328,9.920000076293945,9.539999961853027,9.59000015258789,71700,0.0,0.0
2023-06-06 00:00:00-04:00,9.59000015258789,10.8100004196167,9.545000076293945,10.489999771118164,118700,0.0,0.0
2023-06-07 00:00:00-04:00,10.529999732971191,10.680000305175781,10.25,10.619999885559082,186700,0.0,0.0
2023-06-08 00:00:00-04:00,10.699999809265137,11.149999618530273,10.449999809265137,11.0600004196167,113000,0.0,0.0
2023-06-09 00:00:00-04:00,10.989999771118164,11.75,10.774999618530273,11.649999618530273,129600,0.0,0.0
2023-06-12 00:00:00-04:00,11.8100004196167,12.40999984741211,11.520000457763672,12.010000228881836,202100,0.0,0.0
2023-06-13 00:00:00-04:00,11.890000343322754,12.90999984741211,11.890000343322754,12.34000015258789,221300,0.0,0.0
2023-06-14 00:00:00-04:00,12.5,13.100000381469727,12.385000228881836,12.489999771118164,141100,0.0,0.0
2023-06-15 00:00:00-04:00,12.489999771118164,13.170000076293945,11.890000343322754,12.289999961853027,133600,0.0,0.0
2023-06-16 00:00:00-04:00,12.210000038146973,12.489999771118164,11.539999961853027,12.0,195000,0.0,0.0
2023-06-20 00:00:00-04:00,12.300000190734863,12.300000190734863,11.619999885559082,11.6899995803833,245300,0.0,0.0
2023-06-21 00:00:00-04:00,11.5,12.199999809265137,11.390000343322754,11.979999542236328,248800,0.0,0.0
2023-06-22 00:00:00-04:00,11.829999923706055,12.09000015258789,11.699999809265137,11.920000076293945,198500,0.0,0.0
2023-06-23 00:00:00-04:00,11.699999809265137,12.020000457763672,11.050000190734863,11.460000038146973,2611600,0.0,0.0
2023-06-26 00:00:00-04:00,11.460000038146973,11.654999732971191,10.329999923706055,11.029999732971191,445400,0.0,0.0
2023-06-27 00:00:00-04:00,10.989999771118164,10.989999771118164,10.399999618530273,10.420000076293945,162700,0.0,0.0
2023-06-28 00:00:00-04:00,10.350000381469727,10.510000228881836,10.081000328063965,10.420000076293945,170000,0.0,0.0
2023-06-29 00:00:00-04:00,10.34000015258789,10.795000076293945,10.170000076293945,10.739999771118164,99100,0.0,0.0
2023-06-30 00:00:00-04:00,10.670000076293945,10.890000343322754,10.329999923706055,10.350000381469727,160300,0.0,0.0
2023-07-03 00:00:00-04:00,10.350000381469727,10.420000076293945,10.0,10.109999656677246,90500,0.0,0.0
2023-07-05 00:00:00-04:00,10.109999656677246,10.699999809265137,10.109999656677246,10.640000343322754,151200,0.0,0.0
2023-07-06 00:00:00-04:00,10.640000343322754,11.1850004196167,10.430000305175781,11.180000305175781,178000,0.0,0.0
2023-07-07 00:00:00-04:00,11.229999542236328,11.779999732971191,11.03499984741211,11.739999771118164,153200,0.0,0.0
2023-07-10 00:00:00-04:00,11.649999618530273,11.979999542236328,10.949999809265137,11.119999885559082,212800,0.0,0.0
2023-07-11 00:00:00-04:00,11.100000381469727,11.119999885559082,9.460000038146973,9.579999923706055,314100,0.0,0.0
2023-07-12 00:00:00-04:00,9.609999656677246,9.800000190734863,9.079999923706055,9.600000381469727,286800,0.0,0.0
2023-07-13 00:00:00-04:00,9.539999961853027,9.626999855041504,8.829999923706055,8.989999771118164,321100,0.0,0.0
2023-07-14 00:00:00-04:00,8.989999771118164,9.28499984741211,8.789999961853027,9.1899995803833,133700,0.0,0.0
2023-07-17 00:00:00-04:00,9.199999809265137,9.593000411987305,9.199999809265137,9.399999618530273,149300,0.0,0.0
2023-07-18 00:00:00-04:00,9.270000457763672,9.829999923706055,9.180000305175781,9.350000381469727,178000,0.0,0.0
2023-07-19 00:00:00-04:00,9.40999984741211,9.829999923706055,9.267000198364258,9.739999771118164,96400,0.0,0.0
2023-07-20 00:00:00-04:00,9.779999732971191,10.329999923706055,9.609999656677246,10.140000343322754,254700,0.0,0.0
2023-07-21 00:00:00-04:00,10.180000305175781,10.1850004196167,9.25,9.289999961853027,115700,0.0,0.0
2023-07-24 00:00:00-04:00,9.640000343322754,9.640000343322754,9.050000190734863,9.09000015258789,192300,0.0,0.0
2023-07-25 00:00:00-04:00,9.100000381469727,9.100000381469727,8.699999809265137,8.84000015258789,133800,0.0,0.0
2023-07-26 00:00:00-04:00,8.859999656677246,9.350000381469727,8.6899995803833,9.010000228881836,222300,0.0,0.0
2023-07-27 00:00:00-04:00,9.319999694824219,18.100000381469727,8.770000457763672,17.889999389648438,9466000,0.0,0.0
2023-07-28 00:00:00-04:00,16.530000686645508,23.93000030517578,16.049999237060547,22.610000610351562,7931000,0.0,0.0
2023-07-31 00:00:00-04:00,22.25,22.459999084472656,20.709999084472656,21.65999984741211,1493100,0.0,0.0
2023-08-01 00:00:00-04:00,21.65999984741211,21.90999984741211,17.850000381469727,20.299999237060547,1744900,0.0,0.0
2023-08-02 00:00:00-04:00,20.5,20.889999389648438,18.65999984741211,18.989999771118164,1005400,0.0,0.0
2023-08-03 00:00:00-04:00,18.829999923706055,20.149999618530273,18.670000076293945,19.850000381469727,546300,0.0,0.0
2023-08-04 00:00:00-04:00,20.06999969482422,20.80299949645996,19.674999237060547,20.68000030517578,421100,0.0,0.0
2023-08-07 00:00:00-04:00,20.68000030517578,21.350000381469727,19.530000686645508,20.0,908000,0.0,0.0
2023-08-08 00:00:00-04:00,19.739999771118164,21.075000762939453,19.700000762939453,20.84000015258789,444400,0.0,0.0
2023-08-09 00:00:00-04:00,20.799999237060547,21.829999923706055,20.610000610351562,20.700000762939453,451700,0.0,0.0
2023-08-10 00:00:00-04:00,21.18000030517578,21.889999389648438,20.209999084472656,21.209999084472656,528300,0.0,0.0
2023-08-11 00:00:00-04:00,21.3700008392334,22.579999923706055,20.920000076293945,22.15999984741211,536700,0.0,0.0
2023-08-14 00:00:00-04:00,21.90999984741211,22.75,21.290000915527344,22.639999389648438,509200,0.0,0.0
2023-08-15 00:00:00-04:00,22.84000015258789,24.1299991607666,22.290000915527344,22.360000610351562,481200,0.0,0.0
2023-08-16 00:00:00-04:00,22.329999923706055,23.700000762939453,21.440000534057617,21.469999313354492,400600,0.0,0.0
2023-08-17 00:00:00-04:00,21.479999542236328,21.479999542236328,17.799999237060547,18.43000030517578,1218700,0.0,0.0
2023-08-18 00:00:00-04:00,18.350000381469727,19.670000076293945,18.350000381469727,19.079999923706055,643800,0.0,0.0
2023-08-21 00:00:00-04:00,19.040000915527344,20.829999923706055,18.579999923706055,20.34000015258789,496800,0.0,0.0
2023-08-22 00:00:00-04:00,20.34000015258789,20.799999237060547,19.670000076293945,20.270000457763672,462000,0.0,0.0
2023-08-23 00:00:00-04:00,20.489999771118164,20.920000076293945,19.81999969482422,19.899999618530273,552200,0.0,0.0
2023-08-24 00:00:00-04:00,19.899999618530273,19.9950008392334,18.84000015258789,19.09000015258789,388200,0.0,0.0
2023-08-25 00:00:00-04:00,19.270000457763672,19.344999313354492,18.56999969482422,18.719999313354492,269100,0.0,0.0
2023-08-28 00:00:00-04:00,18.700000762939453,18.700000762939453,17.860000610351562,18.280000686645508,542600,0.0,0.0
2023-08-29 00:00:00-04:00,18.309999465942383,19.18000030517578,18.299999237060547,18.989999771118164,331200,0.0,0.0
2023-08-30 00:00:00-04:00,18.90999984741211,19.152000427246094,18.059999465942383,18.1200008392334,242200,0.0,0.0
2023-08-31 00:00:00-04:00,18.389999389648438,18.389999389648438,17.459999084472656,17.479999542236328,255900,0.0,0.0
2023-09-01 00:00:00-04:00,17.959999084472656,18.25,17.59000015258789,18.139999389648438,182300,0.0,0.0
2023-09-05 00:00:00-04:00,18.139999389648438,18.450000762939453,17.770000457763672,17.940000534057617,162800,0.0,0.0
2023-09-06 00:00:00-04:00,17.889999389648438,18.100000381469727,17.170000076293945,17.940000534057617,184300,0.0,0.0
2023-09-07 00:00:00-04:00,17.8799991607666,17.8799991607666,16.81999969482422,16.850000381469727,169700,0.0,0.0
2023-09-08 00:00:00-04:00,16.979999542236328,17.110000610351562,16.3799991607666,16.56999969482422,127800,0.0,0.0
2023-09-11 00:00:00-04:00,16.65999984741211,17.100000381469727,16.299999237060547,16.68000030517578,198000,0.0,0.0
2023-09-12 00:00:00-04:00,16.760000228881836,16.889999389648438,16.059999465942383,16.149999618530273,172000,0.0,0.0
2023-09-13 00:00:00-04:00,16.209999084472656,16.469999313354492,15.375,15.65999984741211,251500,0.0,0.0
2023-09-14 00:00:00-04:00,15.670000076293945,16.3799991607666,15.65999984741211,15.779999732971191,201300,0.0,0.0
2023-09-15 00:00:00-04:00,15.779999732971191,16.165000915527344,15.510000228881836,15.90999984741211,303200,0.0,0.0
2023-09-18 00:00:00-04:00,15.930000305175781,16.489999771118164,15.5,16.3799991607666,127500,0.0,0.0
2023-09-19 00:00:00-04:00,16.280000686645508,16.489999771118164,15.78499984741211,16.290000915527344,87000,0.0,0.0
2023-09-20 00:00:00-04:00,16.25,16.25,15.770000457763672,15.789999961853027,79700,0.0,0.0
2023-09-21 00:00:00-04:00,15.670000076293945,16.15999984741211,15.444999694824219,15.800000190734863,120800,0.0,0.0
2023-09-22 00:00:00-04:00,15.8100004196167,16.049999237060547,15.4399995803833,15.6899995803833,111000,0.0,0.0
2023-09-25 00:00:00-04:00,15.65999984741211,15.880000114440918,15.220000267028809,15.8100004196167,96400,0.0,0.0
2023-09-26 00:00:00-04:00,15.800000190734863,16.530000686645508,15.3100004196167,15.4399995803833,272300,0.0,0.0
2023-09-27 00:00:00-04:00,15.460000038146973,15.555000305175781,14.592000007629395,15.09000015258789,190500,0.0,0.0
2023-09-28 00:00:00-04:00,15.039999961853027,15.074999809265137,13.989999771118164,14.289999961853027,449600,0.0,0.0
2023-09-29 00:00:00-04:00,14.300000190734863,14.729999542236328,13.9399995803833,14.010000228881836,200000,0.0,0.0
2023-10-02 00:00:00-04:00,14.0,14.25,13.645000457763672,13.6899995803833,267500,0.0,0.0
2023-10-03 00:00:00-04:00,13.9399995803833,14.520000457763672,13.579999923706055,13.869999885559082,295900,0.0,0.0
2023-10-04 00:00:00-04:00,14.199999809265137,14.199999809265137,13.279999732971191,13.380000114440918,330600,0.0,0.0
2023-10-05 00:00:00-04:00,13.289999961853027,13.982000350952148,13.289999961853027,13.550000190734863,216000,0.0,0.0
2023-10-06 00:00:00-04:00,13.550000190734863,14.050000190734863,13.489999771118164,13.699999809265137,238900,0.0,0.0
2023-10-09 00:00:00-04:00,13.640000343322754,13.640000343322754,12.930000305175781,13.380000114440918,130800,0.0,0.0
2023-10-10 00:00:00-04:00,13.25,13.9399995803833,13.229999542236328,13.75,190100,0.0,0.0
2023-10-11 00:00:00-04:00,13.729999542236328,13.777000427246094,13.220000267028809,13.470000267028809,136200,0.0,0.0
2023-10-12 00:00:00-04:00,13.289999961853027,13.300000190734863,12.739999771118164,13.079999923706055,176300,0.0,0.0
2023-10-13 00:00:00-04:00,13.020000457763672,13.225000381469727,12.819999694824219,13.100000381469727,148400,0.0,0.0
2023-10-16 00:00:00-04:00,13.010000228881836,13.34000015258789,12.859999656677246,13.069999694824219,237800,0.0,0.0
2023-10-17 00:00:00-04:00,13.119999885559082,13.899999618530273,11.829999923706055,12.069999694824219,772700,0.0,0.0
2023-10-18 00:00:00-04:00,11.899999618530273,12.16100025177002,11.510000228881836,11.670000076293945,242900,0.0,0.0
2023-10-19 00:00:00-04:00,11.710000038146973,11.760000228881836,11.220000267028809,11.329999923706055,317000,0.0,0.0
2023-10-20 00:00:00-04:00,11.470000267028809,12.0600004196167,11.399999618530273,11.890000343322754,538700,0.0,0.0
2023-10-23 00:00:00-04:00,11.800000190734863,11.939000129699707,11.194999694824219,11.220000267028809,224900,0.0,0.0
2023-10-24 00:00:00-04:00,11.25,11.869999885559082,11.25,11.550000190734863,251500,0.0,0.0
2023-10-25 00:00:00-04:00,11.5,11.5,11.15999984741211,11.3100004196167,145400,0.0,0.0
2023-10-26 00:00:00-04:00,11.289999961853027,11.5,11.0,11.180000305175781,205900,0.0,0.0
2023-10-27 00:00:00-04:00,11.130000114440918,11.270000457763672,10.9399995803833,11.0600004196167,140600,0.0,0.0
2023-10-30 00:00:00-04:00,11.180000305175781,11.210000038146973,10.630000114440918,10.869999885559082,133400,0.0,0.0
2023-10-31 00:00:00-04:00,10.850000381469727,11.380000114440918,10.850000381469727,11.210000038146973,173600,0.0,0.0
2023-11-01 00:00:00-04:00,11.140000343322754,11.380000114440918,10.899999618530273,11.359999656677246,105200,0.0,0.0
2023-11-02 00:00:00-04:00,11.359999656677246,11.611000061035156,11.0600004196167,11.470000267028809,119800,0.0,0.0
2023-11-03 00:00:00-04:00,11.680000305175781,12.0,11.520000457763672,11.569999694824219,219400,0.0,0.0
2023-11-06 00:00:00-05:00,11.600000381469727,11.640000343322754,11.329999923706055,11.40999984741211,124900,0.0,0.0
2023-11-07 00:00:00-05:00,11.350000381469727,11.880000114440918,11.25,11.630000114440918,216700,0.0,0.0
2023-11-08 00:00:00-05:00,11.75,12.125,11.392999649047852,11.569999694824219,644000,0.0,0.0
2023-11-09 00:00:00-05:00,11.75,11.760000228881836,11.359999656677246,11.470000267028809,345000,0.0,0.0
2023-11-10 00:00:00-05:00,11.40999984741211,11.59000015258789,11.199999809265137,11.460000038146973,210400,0.0,0.0
2023-11-13 00:00:00-05:00,11.479999542236328,11.800000190734863,11.3100004196167,11.760000228881836,290400,0.0,0.0
2023-11-14 00:00:00-05:00,12.170000076293945,12.170000076293945,11.170000076293945,11.680000305175781,325900,0.0,0.0
2023-11-15 00:00:00-05:00,11.550000190734863,11.739999771118164,10.920000076293945,11.579999923706055,370600,0.0,0.0
2023-11-16 00:00:00-05:00,11.579999923706055,12.029999732971191,11.569999694824219,11.989999771118164,256900,0.0,0.0
2023-11-17 00:00:00-05:00,12.194999694824219,12.699999809265137,12.052000045776367,12.460000038146973,291500,0.0,0.0
2023-11-20 00:00:00-05:00,12.600000381469727,13.210000038146973,12.194999694824219,12.430000305175781,407100,0.0,0.0
2023-11-21 00:00:00-05:00,12.289999961853027,12.859999656677246,12.25,12.670000076293945,225600,0.0,0.0
2023-11-22 00:00:00-05:00,12.800000190734863,12.989999771118164,12.300000190734863,12.529999732971191,639800,0.0,0.0
2023-11-24 00:00:00-05:00,12.609999656677246,13.220000267028809,12.609999656677246,12.949999809265137,142900,0.0,0.0
2023-11-27 00:00:00-05:00,12.930000305175781,13.039999961853027,12.170000076293945,12.779999732971191,309300,0.0,0.0
2023-11-28 00:00:00-05:00,12.8100004196167,13.069999694824219,12.414999961853027,13.0,145500,0.0,0.0
2023-11-29 00:00:00-05:00,13.130000114440918,13.460000038146973,12.800000190734863,12.84000015258789,148500,0.0,0.0
2023-11-30 00:00:00-05:00,12.970000267028809,13.779999732971191,12.970000267028809,13.1899995803833,243100,0.0,0.0
2023-12-01 00:00:00-05:00,13.25,13.289999961853027,12.760000228881836,13.029999732971191,226900,0.0,0.0
2023-12-04 00:00:00-05:00,13.020000457763672,13.350000381469727,12.930000305175781,13.329999923706055,121800,0.0,0.0
2023-12-05 00:00:00-05:00,13.3100004196167,13.59000015258789,13.175000190734863,13.229999542236328,126100,0.0,0.0
2023-12-06 00:00:00-05:00,13.25,13.649999618530273,13.220000267028809,13.420000076293945,199300,0.0,0.0
2023-12-07 00:00:00-05:00,13.390000343322754,14.529999732971191,13.274999618530273,14.4399995803833,227500,0.0,0.0
2023-12-08 00:00:00-05:00,14.369999885559082,14.61400032043457,13.930000305175781,14.270000457763672,144700,0.0,0.0
2023-12-11 00:00:00-05:00,14.350000381469727,14.385000228881836,13.930000305175781,14.25,140800,0.0,0.0
2023-12-12 00:00:00-05:00,14.199999809265137,15.109999656677246,14.14900016784668,15.050000190734863,207700,0.0,0.0
2023-12-13 00:00:00-05:00,14.989999771118164,16.030000686645508,14.949999809265137,15.930000305175781,386700,0.0,0.0
2023-12-14 00:00:00-05:00,16.200000762939453,16.31999969482422,15.039999961853027,15.239999771118164,237900,0.0,0.0
2023-12-15 00:00:00-05:00,15.380000114440918,15.890000343322754,14.829999923706055,15.0,1621400,0.0,0.0
2023-12-18 00:00:00-05:00,15.0,15.239999771118164,14.571000099182129,15.010000228881836,194700,0.0,0.0
2023-12-19 00:00:00-05:00,15.149999618530273,16.209999084472656,14.899999618530273,15.100000381469727,312400,0.0,0.0
2023-12-20 00:00:00-05:00,15.079999923706055,15.545000076293945,14.739999771118164,14.869999885559082,304900,0.0,0.0
2023-12-21 00:00:00-05:00,14.899999618530273,15.239999771118164,14.829999923706055,15.069999694824219,102700,0.0,0.0
2023-12-22 00:00:00-05:00,15.149999618530273,16.110000610351562,14.390000343322754,14.5,301800,0.0,0.0
2023-12-26 00:00:00-05:00,14.670000076293945,14.670000076293945,14.25,14.4399995803833,305400,0.0,0.0
2023-12-27 00:00:00-05:00,14.359999656677246,14.640000343322754,14.279999732971191,14.399999618530273,142900,0.0,0.0
2023-12-28 00:00:00-05:00,14.460000038146973,15.0600004196167,14.399999618530273,15.0600004196167,443000,0.0,0.0
2023-12-29 00:00:00-05:00,15.210000038146973,15.300000190734863,14.75,15.0,298200,0.0,0.0
2024-01-02 00:00:00-05:00,14.970000267028809,15.479999542236328,14.6899995803833,15.210000038146973,255700,0.0,0.0
2024-01-03 00:00:00-05:00,15.329999923706055,15.329999923706055,13.949999809265137,14.020000457763672,264100,0.0,0.0
2024-01-04 00:00:00-05:00,14.100000381469727,14.489999771118164,13.84000015258789,14.09000015258789,173600,0.0,0.0
2024-01-05 00:00:00-05:00,13.890000343322754,13.90999984741211,13.399999618530273,13.8100004196167,178800,0.0,0.0
2024-01-08 00:00:00-05:00,13.84000015258789,14.579999923706055,13.670000076293945,14.5600004196167,111900,0.0,0.0
2024-01-09 00:00:00-05:00,14.399999618530273,14.760000228881836,14.220000267028809,14.609999656677246,92500,0.0,0.0
2024-01-10 00:00:00-05:00,14.550000190734863,15.0,14.109999656677246,14.220000267028809,69900,0.0,0.0
2024-01-11 00:00:00-05:00,14.289999961853027,14.289999961853027,13.720000267028809,14.069999694824219,109100,0.0,0.0
2024-01-12 00:00:00-05:00,14.100000381469727,14.59000015258789,13.90999984741211,14.59000015258789,107800,0.0,0.0
2024-01-16 00:00:00-05:00,14.539999961853027,14.739999771118164,14.239999771118164,14.670000076293945,121000,0.0,0.0
2024-01-17 00:00:00-05:00,14.670000076293945,15.59000015258789,14.329999923706055,15.59000015258789,422300,0.0,0.0
2024-01-18 00:00:00-05:00,15.670000076293945,15.670000076293945,14.149999618530273,14.270000457763672,343900,0.0,0.0
2024-01-19 00:00:00-05:00,14.319999694824219,14.84000015258789,13.442999839782715,14.770000457763672,405700,0.0,0.0
2024-01-22 00:00:00-05:00,14.869999885559082,15.470000267028809,14.600000381469727,15.029999732971191,299200,0.0,0.0
2024-01-23 00:00:00-05:00,15.220000267028809,15.390000343322754,14.755000114440918,15.109999656677246,128400,0.0,0.0
2024-01-24 00:00:00-05:00,15.75,15.75,14.850000381469727,15.039999961853027,212300,0.0,0.0
2024-01-25 00:00:00-05:00,15.260000228881836,15.430000305175781,14.520000457763672,15.319999694824219,406200,0.0,0.0
2024-01-26 00:00:00-05:00,15.489999771118164,16.450000762939453,15.119999885559082,16.06999969482422,412000,0.0,0.0
2024-01-29 00:00:00-05:00,16.200000762939453,16.315000534057617,15.762999534606934,16.1200008392334,332100,0.0,0.0
2024-01-30 00:00:00-05:00,15.970000267028809,16.030000686645508,15.479999542236328,15.829999923706055,309700,0.0,0.0
2024-01-31 00:00:00-05:00,15.84000015258789,16.399999618530273,15.670000076293945,15.699999809265137,421200,0.0,0.0
2024-02-01 00:00:00-05:00,15.760000228881836,16.045000076293945,15.399999618530273,15.899999618530273,265900,0.0,0.0
2024-02-02 00:00:00-05:00,15.75,16.790000915527344,15.739999771118164,16.469999313354492,545200,0.0,0.0
2024-02-05 00:00:00-05:00,16.299999237060547,16.3799991607666,15.824999809265137,15.989999771118164,370000,0.0,0.0
2024-02-06 00:00:00-05:00,15.899999618530273,16.309999465942383,15.84000015258789,16.010000228881836,193000,0.0,0.0
2024-02-07 00:00:00-05:00,15.949999809265137,16.09000015258789,15.630999565124512,16.020000457763672,823700,0.0,0.0
2024-02-08 00:00:00-05:00,16.31999969482422,18.6299991607666,16.100000381469727,18.5,466200,0.0,0.0
2024-02-09 00:00:00-05:00,18.530000686645508,19.270000457763672,18.530000686645508,18.979999542236328,316400,0.0,0.0
2024-02-12 00:00:00-05:00,18.979999542236328,19.590999603271484,18.969999313354492,19.299999237060547,325100,0.0,0.0
2024-02-13 00:00:00-05:00,18.780000686645508,19.315000534057617,18.440000534057617,18.75,269000,0.0,0.0
2024-02-14 00:00:00-05:00,19.010000228881836,19.329999923706055,18.875,19.219999313354492,250300,0.0,0.0
2024-02-15 00:00:00-05:00,19.219999313354492,19.65999984741211,18.68000030517578,18.799999237060547,1676900,0.0,0.0
2024-02-16 00:00:00-05:00,18.59000015258789,19.8700008392334,18.149999618530273,19.329999923706055,450900,0.0,0.0
2024-02-20 00:00:00-05:00,19.18000030517578,19.739999771118164,18.950000762939453,19.239999771118164,312700,0.0,0.0
2024-02-21 00:00:00-05:00,19.100000381469727,19.209999084472656,17.520000457763672,17.690000534057617,215900,0.0,0.0
2024-02-22 00:00:00-05:00,17.68000030517578,18.040000915527344,17.34000015258789,17.790000915527344,98900,0.0,0.0
2024-02-23 00:00:00-05:00,17.790000915527344,17.790000915527344,16.940000534057617,17.09000015258789,121900,0.0,0.0
2024-02-26 00:00:00-05:00,17.049999237060547,17.959999084472656,17.049999237060547,17.959999084472656,108000,0.0,0.0
2024-02-27 00:00:00-05:00,18.15999984741211,18.7189998626709,18.0,18.59000015258789,92800,0.0,0.0
2024-02-28 00:00:00-05:00,18.31999969482422,18.549999237060547,17.440000534057617,18.170000076293945,157100,0.0,0.0
2024-02-29 00:00:00-05:00,18.450000762939453,18.649999618530273,17.899999618530273,18.329999923706055,327000,0.0,0.0
2024-03-01 00:00:00-05:00,17.31999969482422,18.190000534057617,16.299999237060547,17.770000457763672,370600,0.0,0.0
2024-03-04 00:00:00-05:00,17.899999618530273,18.6299991607666,17.469999313354492,18.420000076293945,151600,0.0,0.0
2024-03-05 00:00:00-05:00,18.3700008392334,18.479999542236328,17.959999084472656,18.010000228881836,307800,0.0,0.0
2024-03-06 00:00:00-05:00,18.0,18.459999084472656,17.8799991607666,18.049999237060547,477600,0.0,0.0
2024-03-07 00:00:00-05:00,17.799999237060547,18.59000015258789,17.799999237060547,18.030000686645508,197300,0.0,0.0
2024-03-08 00:00:00-05:00,18.09000015258789,18.6200008392334,17.700000762939453,17.989999771118164,197800,0.0,0.0
2024-03-11 00:00:00-04:00,18.100000381469727,18.290000915527344,16.96500015258789,17.100000381469727,272300,0.0,0.0
2024-03-12 00:00:00-04:00,17.15999984741211,17.75,16.84000015258789,17.6200008392334,246500,0.0,0.0
2024-03-13 00:00:00-04:00,17.829999923706055,17.829999923706055,16.8799991607666,17.469999313354492,124600,0.0,0.0
2024-03-14 00:00:00-04:00,16.770000457763672,16.885000228881836,14.140000343322754,14.329999923706055,640400,0.0,0.0
2024-03-15 00:00:00-04:00,14.489999771118164,14.84000015258789,13.859999656677246,14.460000038146973,407100,0.0,0.0
2024-03-18 00:00:00-04:00,14.5,14.579999923706055,13.824999809265137,14.5,294600,0.0,0.0
2024-03-19 00:00:00-04:00,14.390000343322754,15.229999542236328,14.180000305175781,15.020000457763672,274500,0.0,0.0
2024-03-20 00:00:00-04:00,14.979999542236328,15.180000305175781,14.3100004196167,14.960000038146973,205500,0.0,0.0
2024-03-21 00:00:00-04:00,14.880000114440918,15.15999984741211,14.569999694824219,14.9399995803833,400300,0.0,0.0
2024-03-22 00:00:00-04:00,14.890000343322754,16.172000885009766,14.729999542236328,15.760000228881836,2253900,0.0,0.0
2024-03-25 00:00:00-04:00,16.190000534057617,18.229999542236328,16.0,16.65999984741211,895400,0.0,0.0
2024-03-26 00:00:00-04:00,16.799999237060547,16.850000381469727,14.989999771118164,15.170000076293945,390100,0.0,0.0
2024-03-27 00:00:00-04:00,15.59000015258789,15.670000076293945,14.454999923706055,14.960000038146973,249000,0.0,0.0
2024-03-28 00:00:00-04:00,14.920000076293945,15.24899959564209,14.5600004196167,15.0,175800,0.0,0.0
2024-04-01 00:00:00-04:00,14.75,14.75,14.15999984741211,14.199999809265137,195500,0.0,0.0
2024-04-02 00:00:00-04:00,14.279999732971191,14.515000343322754,13.0,14.09000015258789,194200,0.0,0.0
2024-04-03 00:00:00-04:00,14.0,14.260000228881836,13.470000267028809,13.65999984741211,176400,0.0,0.0
2024-04-04 00:00:00-04:00,13.770000457763672,14.300000190734863,13.5,13.640000343322754,236500,0.0,0.0
2024-04-05 00:00:00-04:00,13.539999961853027,13.979999542236328,13.21399974822998,13.600000381469727,128800,0.0,0.0
2024-04-08 00:00:00-04:00,13.640000343322754,13.640000343322754,13.180000305175781,13.210000038146973,125200,0.0,0.0
2024-04-09 00:00:00-04:00,13.319999694824219,13.90999984741211,13.210000038146973,13.369999885559082,204200,0.0,0.0
2024-04-10 00:00:00-04:00,13.199999809265137,13.199999809265137,12.579999923706055,12.949999809265137,378500,0.0,0.0
2024-04-11 00:00:00-04:00,13.140000343322754,13.25,12.369999885559082,13.25,258700,0.0,0.0
2024-04-12 00:00:00-04:00,13.09000015258789,15.210000038146973,13.0,15.100000381469727,1228800,0.0,0.0
2024-04-15 00:00:00-04:00,15.319999694824219,15.5,14.210000038146973,15.100000381469727,661700,0.0,0.0
2024-04-16 00:00:00-04:00,14.859999656677246,15.050000190734863,14.149999618530273,14.489999771118164,410000,0.0,0.0
2024-04-17 00:00:00-04:00,14.609999656677246,14.65999984741211,14.020000457763672,14.239999771118164,187500,0.0,0.0
2024-04-18 00:00:00-04:00,14.359999656677246,14.539999961853027,13.960000038146973,14.260000228881836,315300,0.0,0.0
2024-04-19 00:00:00-04:00,14.0600004196167,14.279999732971191,13.170000076293945,13.729999542236328,389400,0.0,0.0
2024-04-22 00:00:00-04:00,13.800000190734863,14.520000457763672,13.579999923706055,14.369999885559082,278600,0.0,0.0
2024-04-23 00:00:00-04:00,14.399999618530273,14.850000381469727,14.109999656677246,14.529999732971191,216800,0.0,0.0
2024-04-24 00:00:00-04:00,14.65999984741211,14.758000373840332,14.1899995803833,14.210000038146973,97000,0.0,0.0
2024-04-25 00:00:00-04:00,14.050000190734863,14.5,13.770000457763672,13.819999694824219,185400,0.0,0.0
2024-04-26 00:00:00-04:00,13.970000267028809,14.319999694824219,13.6899995803833,14.149999618530273,135600,0.0,0.0
2024-04-29 00:00:00-04:00,14.220000267028809,14.680000305175781,13.914999961853027,14.039999961853027,198400,0.0,0.0
2024-04-30 00:00:00-04:00,14.0,14.149999618530273,13.779999732971191,13.819999694824219,217800,0.0,0.0
2024-05-01 00:00:00-04:00,14.0600004196167,14.699999809265137,13.890000343322754,14.399999618530273,179900,0.0,0.0
2024-05-02 00:00:00-04:00,14.5600004196167,14.600000381469727,14.180000305175781,14.260000228881836,157600,0.0,0.0
2024-05-03 00:00:00-04:00,14.5,14.699999809265137,14.140000343322754,14.300000190734863,164400,0.0,0.0
2024-05-06 00:00:00-04:00,14.65999984741211,14.890000343322754,13.770000457763672,13.850000381469727,398000,0.0,0.0
2024-05-07 00:00:00-04:00,13.850000381469727,14.260000228881836,13.154999732971191,13.449999809265137,424300,0.0,0.0
2024-05-08 00:00:00-04:00,13.3100004196167,13.5,13.0,13.270000457763672,195600,0.0,0.0
2024-05-09 00:00:00-04:00,13.15999984741211,13.206000328063965,12.600000381469727,12.970000267028809,216800,0.0,0.0
2024-05-10 00:00:00-04:00,12.970000267028809,13.079999923706055,12.25,12.739999771118164,351000,0.0,0.0
2024-05-13 00:00:00-04:00,10.899999618530273,13.300000190734863,10.600000381469727,13.069999694824219,572300,0.0,0.0
2024-05-14 00:00:00-04:00,12.739999771118164,13.15999984741211,12.595000267028809,12.970000267028809,481600,0.0,0.0
2024-05-15 00:00:00-04:00,13.130000114440918,14.050000190734863,13.130000114440918,13.779999732971191,619700,0.0,0.0
2024-05-16 00:00:00-04:00,13.720000267028809,13.720000267028809,13.1899995803833,13.210000038146973,207400,0.0,0.0
2024-05-17 00:00:00-04:00,13.220000267028809,13.345000267028809,13.039999961853027,13.220000267028809,232100,0.0,0.0
2024-05-20 00:00:00-04:00,13.300000190734863,13.460000038146973,12.84000015258789,12.90999984741211,208200,0.0,0.0
2024-05-21 00:00:00-04:00,12.869999885559082,13.579999923706055,12.869999885559082,13.270000457763672,224700,0.0,0.0
2024-05-22 00:00:00-04:00,13.220000267028809,13.510000228881836,13.069999694824219,13.3100004196167,231100,0.0,0.0
2024-05-23 00:00:00-04:00,13.3100004196167,13.354999542236328,12.5649995803833,12.850000381469727,255800,0.0,0.0
2024-05-24 00:00:00-04:00,12.930000305175781,13.369000434875488,12.670000076293945,13.239999771118164,272400,0.0,0.0
2024-05-28 00:00:00-04:00,13.0,13.75,12.949999809265137,13.609999656677246,300900,0.0,0.0
2024-05-29 00:00:00-04:00,13.399999618530273,13.569999694824219,13.119999885559082,13.260000228881836,377800,0.0,0.0
2024-05-30 00:00:00-04:00,13.399999618530273,13.829999923706055,13.210000038146973,13.550000190734863,332200,0.0,0.0
2024-05-31 00:00:00-04:00,13.609999656677246,13.84000015258789,13.239999771118164,13.300000190734863,112200,0.0,0.0
2024-06-03 00:00:00-04:00,13.5,13.760000228881836,13.09000015258789,13.130000114440918,206700,0.0,0.0
2024-06-04 00:00:00-04:00,13.15999984741211,13.239999771118164,12.869999885559082,13.079999923706055,315500,0.0,0.0
2024-06-05 00:00:00-04:00,13.229999542236328,13.729999542236328,13.100000381469727,13.59000015258789,314300,0.0,0.0
2024-06-06 00:00:00-04:00,13.600000381469727,13.649999618530273,13.09000015258789,13.1899995803833,220500,0.0,0.0
2024-06-07 00:00:00-04:00,13.149999618530273,13.380000114440918,13.050000190734863,13.210000038146973,159500,0.0,0.0
2024-06-10 00:00:00-04:00,13.180000305175781,13.390000343322754,12.479999542236328,12.770000457763672,596400,0.0,0.0
2024-06-11 00:00:00-04:00,12.770000457763672,13.199999809265137,12.300000190734863,13.09000015258789,498900,0.0,0.0
2024-06-12 00:00:00-04:00,13.399999618530273,13.600000381469727,12.630000114440918,12.720000267028809,874900,0.0,0.0
2024-06-13 00:00:00-04:00,12.869999885559082,19.940000534057617,12.729999542236328,17.5,7292500,0.0,0.0
2024-06-14 00:00:00-04:00,18.649999618530273,20.700000762939453,17.950000762939453,19.200000762939453,3387000,0.0,0.0
2024-06-17 00:00:00-04:00,18.90999984741211,19.010000228881836,18.09000015258789,18.280000686645508,770500,0.0,0.0
2024-06-18 00:00:00-04:00,17.09000015258789,17.34000015258789,16.520000457763672,16.8700008392334,3246600,0.0,0.0
2024-06-20 00:00:00-04:00,16.799999237060547,16.850000381469727,15.079999923706055,15.470000267028809,1731100,0.0,0.0
2024-06-21 00:00:00-04:00,15.520000457763672,16.979999542236328,15.40999984741211,16.510000228881836,783700,0.0,0.0
2024-06-24 00:00:00-04:00,16.530000686645508,17.549999237060547,16.530000686645508,17.469999313354492,880600,0.0,0.0
2024-06-25 00:00:00-04:00,17.479999542236328,17.600000381469727,16.31999969482422,16.489999771118164,363100,0.0,0.0
2024-06-26 00:00:00-04:00,16.530000686645508,17.239999771118164,15.890000343322754,17.18000030517578,700700,0.0,0.0
2024-06-27 00:00:00-04:00,17.229999542236328,17.229999542236328,16.549999237060547,16.969999313354492,443600,0.0,0.0
2024-06-28 00:00:00-04:00,17.040000915527344,17.24799919128418,16.739999771118164,16.780000686645508,1796600,0.0,0.0
2024-07-01 00:00:00-04:00,16.920000076293945,16.920000076293945,16.344999313354492,16.479999542236328,292300,0.0,0.0
2024-07-02 00:00:00-04:00,16.420000076293945,16.420000076293945,15.0600004196167,15.140000343322754,545400,0.0,0.0
2024-07-03 00:00:00-04:00,15.180000305175781,15.859999656677246,14.890000343322754,15.010000228881836,366200,0.0,0.0
2024-07-05 00:00:00-04:00,15.670000076293945,15.930000305175781,15.100000381469727,15.880000114440918,402600,0.0,0.0
2024-07-08 00:00:00-04:00,15.979999542236328,16.459999084472656,15.899999618530273,16.100000381469727,357500,0.0,0.0
2024-07-09 00:00:00-04:00,16.059999465942383,16.670000076293945,15.95199966430664,16.65999984741211,366100,0.0,0.0
2024-07-10 00:00:00-04:00,16.68000030517578,16.760000228881836,16.280000686645508,16.389999389648438,373700,0.0,0.0
2024-07-11 00:00:00-04:00,16.540000915527344,17.299999237060547,16.450000762939453,16.889999389648438,726300,0.0,0.0
2024-07-12 00:00:00-04:00,17.100000381469727,17.3799991607666,16.459999084472656,16.93000030517578,568900,0.0,0.0
2024-07-15 00:00:00-04:00,17.139999389648438,18.06999969482422,16.969999313354492,17.920000076293945,625600,0.0,0.0
2024-07-16 00:00:00-04:00,18.149999618530273,18.149999618530273,17.010000228881836,17.219999313354492,788500,0.0,0.0
2024-07-17 00:00:00-04:00,17.219999313354492,17.270000457763672,16.549999237060547,16.889999389648438,276900,0.0,0.0
2024-07-18 00:00:00-04:00,16.729999542236328,16.84000015258789,16.06999969482422,16.639999389648438,500900,0.0,0.0
2024-07-19 00:00:00-04:00,16.739999771118164,16.850000381469727,15.779999732971191,15.789999961853027,393200,0.0,0.0
2024-07-22 00:00:00-04:00,15.850000381469727,16.27899932861328,15.579999923706055,16.200000762939453,357200,0.0,0.0
2024-07-23 00:00:00-04:00,16.049999237060547,16.950000762939453,15.779999732971191,16.940000534057617,303400,0.0,0.0
2024-07-24 00:00:00-04:00,16.760000228881836,16.920000076293945,16.239999771118164,16.3700008392334,397600,0.0,0.0
2024-07-25 00:00:00-04:00,16.6200008392334,17.0,16.079999923706055,16.360000610351562,569100,0.0,0.0
2024-07-26 00:00:00-04:00,16.6200008392334,16.77899932861328,15.989999771118164,16.350000381469727,314800,0.0,0.0
2024-07-29 00:00:00-04:00,16.3799991607666,16.549999237060547,15.920000076293945,16.1299991607666,306100,0.0,0.0
2024-07-30 00:00:00-04:00,16.1200008392334,16.299999237060547,15.630000114440918,15.680000305175781,270300,0.0,0.0
2024-07-31 00:00:00-04:00,15.989999771118164,17.0,15.569999694824219,16.450000762939453,393700,0.0,0.0
2024-08-01 00:00:00-04:00,16.5,16.5,15.6899995803833,15.819999694824219,305700,0.0,0.0
2024-08-02 00:00:00-04:00,15.25,15.84000015258789,15.199999809265137,15.680000305175781,291200,0.0,0.0
2024-08-05 00:00:00-04:00,14.609999656677246,15.460000038146973,14.59000015258789,15.300000190734863,392000,0.0,0.0
2024-08-06 00:00:00-04:00,15.170000076293945,15.729999542236328,15.010000228881836,15.15999984741211,236100,0.0,0.0
2024-08-07 00:00:00-04:00,15.319999694824219,15.319999694824219,14.420000076293945,14.470000267028809,275700,0.0,0.0
2024-08-08 00:00:00-04:00,14.460000038146973,15.010000228881836,14.399999618530273,14.989999771118164,367500,0.0,0.0
2024-08-09 00:00:00-04:00,15.039999961853027,15.229999542236328,14.520000457763672,14.65999984741211,251000,0.0,0.0
2024-08-12 00:00:00-04:00,14.5600004196167,15.020000457763672,14.220000267028809,14.510000228881836,326000,0.0,0.0
2024-08-13 00:00:00-04:00,14.180000305175781,15.770000457763672,14.020000457763672,14.960000038146973,869300,0.0,0.0
2024-08-14 00:00:00-04:00,15.359999656677246,15.359999656677246,14.470000267028809,14.9350004196167,517800,0.0,0.0
2024-08-15 00:00:00-04:00,15.390000343322754,16.190000534057617,15.140000343322754,15.489999771118164,462400,0.0,0.0
2024-08-16 00:00:00-04:00,15.510000228881836,15.630000114440918,14.75,14.800000190734863,359200,0.0,0.0
2024-08-19 00:00:00-04:00,14.720000267028809,14.930000305175781,14.40999984741211,14.720000267028809,421500,0.0,0.0
2024-08-20 00:00:00-04:00,14.720000267028809,15.369999885559082,14.609999656677246,15.0,490300,0.0,0.0
2024-08-21 00:00:00-04:00,15.029999732971191,15.390000343322754,14.699999809265137,14.869999885559082,476800,0.0,0.0
2024-08-22 00:00:00-04:00,15.430000305175781,15.890000343322754,14.399999618530273,14.449999809265137,1254100,0.0,0.0
2024-08-23 00:00:00-04:00,14.489999771118164,15.020000457763672,13.989999771118164,14.15999984741211,1047400,0.0,0.0
2024-08-26 00:00:00-04:00,14.329999923706055,14.5,14.149999618530273,14.289999961853027,411300,0.0,0.0
2024-08-27 00:00:00-04:00,14.220000267028809,14.380000114440918,13.949999809265137,14.270000457763672,419200,0.0,0.0
2024-08-28 00:00:00-04:00,14.220000267028809,14.4350004196167,14.029999732971191,14.079999923706055,356000,0.0,0.0
2024-08-29 00:00:00-04:00,14.239999771118164,14.289999961853027,13.899999618530273,14.0,403100,0.0,0.0
2024-08-30 00:00:00-04:00,14.119999885559082,14.380000114440918,13.6899995803833,13.90999984741211,924700,0.0,0.0
2024-09-03 00:00:00-04:00,13.829999923706055,14.270000457763672,13.430000305175781,13.5600004196167,356000,0.0,0.0
2024-09-04 00:00:00-04:00,13.399999618530273,14.130000114440918,13.399999618530273,13.970000267028809,242700,0.0,0.0
2024-09-05 00:00:00-04:00,13.430000305175781,13.989999771118164,13.430000305175781,13.729999542236328,405700,0.0,0.0
2024-09-06 00:00:00-04:00,13.619999885559082,13.760000228881836,13.140000343322754,13.229999542236328,562500,0.0,0.0
2024-09-09 00:00:00-04:00,13.079999923706055,13.680000305175781,13.079999923706055,13.350000381469727,281200,0.0,0.0
2024-09-10 00:00:00-04:00,13.430000305175781,13.510000228881836,13.00100040435791,13.420000076293945,214700,0.0,0.0
2024-09-11 00:00:00-04:00,13.380000114440918,13.819999694824219,13.34000015258789,13.8100004196167,222500,0.0,0.0
2024-09-12 00:00:00-04:00,13.850000381469727,13.899999618530273,12.829999923706055,13.050000190734863,967100,0.0,0.0
2024-09-13 00:00:00-04:00,13.020000457763672,13.637999534606934,13.0,13.119999885559082,505600,0.0,0.0
2024-09-16 00:00:00-04:00,13.25,13.956999778747559,13.119999885559082,13.199999809265137,480700,0.0,0.0
2024-09-17 00:00:00-04:00,13.239999771118164,13.40999984741211,12.8100004196167,12.84000015258789,610600,0.0,0.0
2024-09-18 00:00:00-04:00,13.0,13.404999732971191,12.75,13.100000381469727,1201900,0.0,0.0
2024-09-19 00:00:00-04:00,13.270000457763672,14.569999694824219,13.239999771118164,13.850000381469727,986800,0.0,0.0
2024-09-20 00:00:00-04:00,13.850000381469727,14.0,13.34000015258789,13.539999961853027,1224400,0.0,0.0
2024-09-23 00:00:00-04:00,13.550000190734863,13.65999984741211,12.821000099182129,12.970000267028809,355800,0.0,0.0
2024-09-24 00:00:00-04:00,13.100000381469727,13.265000343322754,12.770000457763672,13.0600004196167,346500,0.0,0.0
2024-09-25 00:00:00-04:00,13.020000457763672,13.149999618530273,12.710000038146973,12.859999656677246,349100,0.0,0.0
2024-09-26 00:00:00-04:00,13.140000343322754,13.3100004196167,12.699999809265137,12.75,399800,0.0,0.0
2024-09-27 00:00:00-04:00,12.920000076293945,13.079999923706055,12.609999656677246,12.899999618530273,377000,0.0,0.0
2024-09-30 00:00:00-04:00,12.9399995803833,13.079999923706055,12.600000381469727,12.699999809265137,331200,0.0,0.0
2024-10-01 00:00:00-04:00,12.630000114440918,12.78499984741211,12.220000267028809,12.479999542236328,922500,0.0,0.0
2024-10-02 00:00:00-04:00,12.40999984741211,12.800000190734863,12.300000190734863,12.579999923706055,205400,0.0,0.0
2024-10-03 00:00:00-04:00,12.489999771118164,12.609999656677246,12.270000457763672,12.380000114440918,203100,0.0,0.0
2024-10-04 00:00:00-04:00,12.489999771118164,12.892999649047852,12.430000305175781,12.699999809265137,254500,0.0,0.0
2024-10-07 00:00:00-04:00,12.710000038146973,12.739999771118164,12.220000267028809,12.420000076293945,634100,0.0,0.0
2024-10-08 00:00:00-04:00,12.460000038146973,13.25,12.324999809265137,13.109999656677246,810300,0.0,0.0
2024-10-09 00:00:00-04:00,13.0,13.0,11.295000076293945,11.890000343322754,2385400,0.0,0.0
2024-10-10 00:00:00-04:00,11.710000038146973,12.149999618530273,11.399999618530273,11.90999984741211,1275300,0.0,0.0
2024-10-11 00:00:00-04:00,11.819999694824219,12.630000114440918,11.579999923706055,12.600000381469727,735900,0.0,0.0
2024-10-14 00:00:00-04:00,12.9399995803833,13.640000343322754,12.180000305175781,12.260000228881836,983000,0.0,0.0
2024-10-15 00:00:00-04:00,12.210000038146973,12.3100004196167,11.835000038146973,12.260000228881836,774300,0.0,0.0
2024-10-16 00:00:00-04:00,12.4399995803833,13.539999961853027,12.149999618530273,12.600000381469727,2028000,0.0,0.0
2024-10-17 00:00:00-04:00,12.789999961853027,13.119999885559082,12.220000267028809,12.84000015258789,712900,0.0,0.0
2024-10-18 00:00:00-04:00,12.880000114440918,13.0,12.430000305175781,12.729999542236328,540900,0.0,0.0
2024-10-21 00:00:00-04:00,12.789999961853027,12.819999694824219,12.420000076293945,12.520000457763672,543400,0.0,0.0
2024-10-22 00:00:00-04:00,12.449999809265137,12.520000457763672,12.279999732971191,12.470000267028809,389000,0.0,0.0
2024-10-23 00:00:00-04:00,12.449999809265137,12.59000015258789,12.0,12.130000114440918,421100,0.0,0.0
2024-10-24 00:00:00-04:00,12.130000114440918,12.414999961853027,11.920000076293945,12.100000381469727,401500,0.0,0.0
2024-10-25 00:00:00-04:00,12.170000076293945,12.380000114440918,11.890000343322754,12.100000381469727,448900,0.0,0.0
2024-10-28 00:00:00-04:00,12.260000228881836,12.539999961853027,12.149999618530273,12.149999618530273,246300,0.0,0.0
2024-10-29 00:00:00-04:00,12.100000381469727,12.449999809265137,12.029999732971191,12.25,423400,0.0,0.0
2024-10-30 00:00:00-04:00,12.220000267028809,13.329999923706055,12.15999984741211,13.020000457763672,943400,0.0,0.0
2024-10-31 00:00:00-04:00,13.020000457763672,13.130000114440918,12.239999771118164,12.260000228881836,395100,0.0,0.0
2024-11-01 00:00:00-04:00,12.329999923706055,12.663000106811523,12.069999694824219,12.199999809265137,603200,0.0,0.0
2024-11-04 00:00:00-05:00,12.149999618530273,12.329999923706055,11.835000038146973,11.930000305175781,345400,0.0,0.0
2024-11-05 00:00:00-05:00,11.930000305175781,12.300000190734863,11.654999732971191,12.210000038146973,534500,0.0,0.0
2024-11-06 00:00:00-05:00,13.25,13.369999885559082,11.760000228881836,12.239999771118164,687300,0.0,0.0
2024-11-07 00:00:00-05:00,12.239999771118164,12.529999732971191,12.010000228881836,12.100000381469727,304000,0.0,0.0
2024-11-08 00:00:00-05:00,12.050000190734863,12.300000190734863,11.930000305175781,12.119999885559082,212800,0.0,0.0
2024-11-11 00:00:00-05:00,12.279999732971191,12.8100004196167,12.079999923706055,12.789999961853027,433900,0.0,0.0
2024-11-12 00:00:00-05:00,12.649999618530273,12.670000076293945,12.220000267028809,12.350000381469727,455700,0.0,0.0
2024-11-13 00:00:00-05:00,12.510000228881836,12.774999618530273,12.109999656677246,12.15999984741211,427800,0.0,0.0
2024-11-14 00:00:00-05:00,12.09000015258789,12.34000015258789,11.760000228881836,11.859999656677246,364000,0.0,0.0
2024-11-15 00:00:00-05:00,11.949999809265137,11.949999809265137,11.15999984741211,11.1899995803833,546100,0.0,0.0
2024-11-18 00:00:00-05:00,11.210000038146973,11.604000091552734,10.619999885559082,11.039999961853027,797200,0.0,0.0
2024-11-19 00:00:00-05:00,10.970000267028809,11.229999542236328,10.859999656677246,11.15999984741211,335700,0.0,0.0
2024-11-20 00:00:00-05:00,11.130000114440918,11.479999542236328,10.859999656677246,11.449999809265137,431800,0.0,0.0
2024-11-21 00:00:00-05:00,11.529999732971191,11.819999694824219,11.3100004196167,11.550000190734863,549700,0.0,0.0
2024-11-22 00:00:00-05:00,11.600000381469727,12.039999961853027,11.5,11.90999984741211,390600,0.0,0.0
2024-11-25 00:00:00-05:00,12.199999809265137,12.569999694824219,12.010000228881836,12.479999542236328,480100,0.0,0.0
2024-11-26 00:00:00-05:00,12.399999618530273,12.649999618530273,12.0600004196167,12.479999542236328,440700,0.0,0.0
2024-11-27 00:00:00-05:00,12.460000038146973,12.904999732971191,12.335000038146973,12.65999984741211,313800,0.0,0.0
2024-11-29 00:00:00-05:00,12.399999618530273,12.779999732971191,12.0,12.699999809265137,271500,0.0,0.0
2024-12-02 00:00:00-05:00,12.760000228881836,13.133000373840332,12.699999809265137,12.880000114440918,489200,0.0,0.0
2024-12-03 00:00:00-05:00,12.859999656677246,12.90999984741211,12.229999542236328,12.34000015258789,340700,0.0,0.0
2024-12-04 00:00:00-05:00,12.350000381469727,12.789999961853027,12.229999542236328,12.460000038146973,293000,0.0,0.0
2024-12-05 00:00:00-05:00,12.460000038146973,12.75,12.109999656677246,12.210000038146973,479900,0.0,0.0
2024-12-06 00:00:00-05:00,12.460000038146973,12.680000305175781,12.25,12.289999961853027,309200,0.0,0.0
2024-12-09 00:00:00-05:00,12.289999961853027,12.5649995803833,12.09000015258789,12.170000076293945,300100,0.0,0.0
2024-12-10 00:00:00-05:00,12.140000343322754,12.210000038146973,11.824999809265137,12.039999961853027,278400,0.0,0.0
2024-12-11 00:00:00-05:00,12.039999961853027,12.039999961853027,11.329999923706055,11.4399995803833,365600,0.0,0.0
2024-12-12 00:00:00-05:00,11.300000190734863,11.680000305175781,11.239999771118164,11.470000267028809,325300,0.0,0.0
2024-12-13 00:00:00-05:00,11.430000305175781,11.5,11.100000381469727,11.350000381469727,318300,0.0,0.0
2024-12-16 00:00:00-05:00,11.300000190734863,11.5,11.1899995803833,11.300000190734863,218200,0.0,0.0
2024-12-17 00:00:00-05:00,11.239999771118164,11.670000076293945,11.081000328063965,11.329999923706055,274600,0.0,0.0
2024-12-18 00:00:00-05:00,11.40999984741211,11.489999771118164,10.609999656677246,10.789999961853027,424000,0.0,0.0
2024-12-19 00:00:00-05:00,10.859999656677246,11.130000114440918,10.539999961853027,10.710000038146973,298800,0.0,0.0
2024-12-20 00:00:00-05:00,10.649999618530273,11.079999923706055,10.510000228881836,10.640000343322754,1397000,0.0,0.0
2024-12-23 00:00:00-05:00,10.640000343322754,10.800000190734863,10.260000228881836,10.710000038146973,331000,0.0,0.0
2024-12-24 00:00:00-05:00,10.649999618530273,10.880000114440918,10.506999969482422,10.819999694824219,228800,0.0,0.0
2024-12-26 00:00:00-05:00,10.699999809265137,11.079999923706055,10.579999923706055,11.039999961853027,602800,0.0,0.0
2024-12-27 00:00:00-05:00,10.970000267028809,11.15999984741211,10.600000381469727,10.760000228881836,447600,0.0,0.0
2024-12-30 00:00:00-05:00,10.699999809265137,10.90999984741211,10.380000114440918,10.520000457763672,426400,0.0,0.0
2024-12-31 00:00:00-05:00,10.6899995803833,10.829999923706055,10.420000076293945,10.649999618530273,478300,0.0,0.0
2025-01-02 00:00:00-05:00,10.800000190734863,11.210000038146973,10.510000228881836,10.699999809265137,560500,0.0,0.0
2025-01-03 00:00:00-05:00,10.829999923706055,11.350000381469727,10.774999618530273,11.210000038146973,525800,0.0,0.0
2025-01-06 00:00:00-05:00,11.149999618530273,11.420000076293945,10.819999694824219,11.010000228881836,669000,0.0,0.0
2025-01-07 00:00:00-05:00,11.119999885559082,11.760000228881836,10.944999694824219,11.079999923706055,360200,0.0,0.0
2025-01-08 00:00:00-05:00,11.020000457763672,11.149999618530273,10.869999885559082,11.039999961853027,340400,0.0,0.0
2025-01-10 00:00:00-05:00,10.949999809265137,10.949999809265137,10.220000267028809,10.239999771118164,481500,0.0,0.0
2025-01-13 00:00:00-05:00,10.0,10.199999809265137,9.800000190734863,10.180000305175781,402600,0.0,0.0
2025-01-14 00:00:00-05:00,10.239999771118164,10.416000366210938,9.779999732971191,9.930000305175781,530800,0.0,0.0
2025-01-15 00:00:00-05:00,10.680000305175781,10.960000038146973,10.345000267028809,10.390000343322754,662800,0.0,0.0
2025-01-16 00:00:00-05:00,10.399999618530273,10.59000015258789,10.119999885559082,10.520000457763672,314100,0.0,0.0
2025-01-17 00:00:00-05:00,10.59000015258789,10.90999984741211,10.220000267028809,10.270000457763672,262700,0.0,0.0
2025-01-21 00:00:00-05:00,10.420000076293945,10.460000038146973,10.0,10.1899995803833,254900,0.0,0.0
2025-01-22 00:00:00-05:00,10.130000114440918,10.470000267028809,9.880000114440918,10.050000190734863,371900,0.0,0.0
2025-01-23 00:00:00-05:00,10.050000190734863,10.1899995803833,9.850000381469727,10.149999618530273,181300,0.0,0.0
2025-01-24 00:00:00-05:00,10.180000305175781,10.34000015258789,10.0,10.239999771118164,143700,0.0,0.0
2025-01-27 00:00:00-05:00,10.210000038146973,10.600000381469727,10.210000038146973,10.479999542236328,223000,0.0,0.0
2025-01-28 00:00:00-05:00,10.34000015258789,10.899999618530273,10.244999885559082,10.739999771118164,184200,0.0,0.0
2025-01-29 00:00:00-05:00,10.680000305175781,11.069999694824219,10.529999732971191,11.010000228881836,211600,0.0,0.0
2025-01-30 00:00:00-05:00,11.069999694824219,11.645000457763672,10.975000381469727,11.350000381469727,312600,0.0,0.0
2025-01-31 00:00:00-05:00,11.260000228881836,11.399999618530273,10.836999893188477,11.010000228881836,318000,0.0,0.0
2025-02-03 00:00:00-05:00,10.8100004196167,11.34000015258789,10.770999908447266,11.210000038146973,263900,0.0,0.0
2025-02-04 00:00:00-05:00,11.130000114440918,11.539999961853027,11.079999923706055,11.300000190734863,260000,0.0,0.0
2025-02-05 00:00:00-05:00,11.289999961853027,11.869999885559082,11.28499984741211,11.640000343322754,371800,0.0,0.0
2025-02-06 00:00:00-05:00,11.640000343322754,11.640000343322754,10.90999984741211,10.949999809265137,433700,0.0,0.0
2025-02-07 00:00:00-05:00,10.90999984741211,10.920000076293945,10.574999809265137,10.720000267028809,231900,0.0,0.0
2025-02-10 00:00:00-05:00,10.739999771118164,10.800000190734863,10.520000457763672,10.729999542236328,509400,0.0,0.0
2025-02-11 00:00:00-05:00,10.529999732971191,10.760000228881836,10.15999984741211,10.239999771118164,462500,0.0,0.0
2025-02-12 00:00:00-05:00,10.0600004196167,10.430000305175781,9.859999656677246,10.369999885559082,343000,0.0,0.0
2025-02-13 00:00:00-05:00,10.40999984741211,10.649999618530273,10.380000114440918,10.539999961853027,215500,0.0,0.0
2025-02-14 00:00:00-05:00,10.600000381469727,10.829999923706055,10.484999656677246,10.770000457763672,236500,0.0,0.0
2025-02-18 00:00:00-05:00,10.819999694824219,11.09000015258789,10.539999961853027,10.5600004196167,206600,0.0,0.0
2025-02-19 00:00:00-05:00,10.760000228881836,11.09000015258789,10.595999717712402,10.819999694824219,218700,0.0,0.0
2025-02-20 00:00:00-05:00,10.90999984741211,11.048999786376953,10.609999656677246,10.710000038146973,214800,0.0,0.0
2025-02-21 00:00:00-05:00,10.829999923706055,10.854999542236328,10.074999809265137,10.079999923706055,801800,0.0,0.0
2025-02-24 00:00:00-05:00,10.079999923706055,10.279999732971191,9.449999809265137,9.739999771118164,487500,0.0,0.0
2025-02-25 00:00:00-05:00,9.770000457763672,9.8100004196167,9.289999961853027,9.510000228881836,413100,0.0,0.0
2025-02-26 00:00:00-05:00,9.510000228881836,9.600000381469727,9.210000038146973,9.359999656677246,251500,0.0,0.0
2025-02-27 00:00:00-05:00,9.359999656677246,9.520000457763672,9.25,9.289999961853027,228800,0.0,0.0
2025-02-28 00:00:00-05:00,9.25,9.489999771118164,9.029999732971191,9.460000038146973,754900,0.0,0.0
2025-03-03 00:00:00-05:00,9.5,9.569999694824219,9.15999984741211,9.270000457763672,337200,0.0,0.0
2025-03-04 00:00:00-05:00,9.100000381469727,9.65999984741211,9.0600004196167,9.600000381469727,509900,0.0,0.0
2025-03-05 00:00:00-05:00,9.670000076293945,10.324999809265137,9.649999618530273,10.170000076293945,579000,0.0,0.0
2025-03-06 00:00:00-05:00,10.050000190734863,10.289999961853027,9.9399995803833,10.1899995803833,279400,0.0,0.0
2025-03-07 00:00:00-05:00,10.180000305175781,10.427000045776367,9.770000457763672,9.819999694824219,390800,0.0,0.0
2025-03-10 00:00:00-04:00,9.109999656677246,9.994999885559082,9.109999656677246,9.920000076293945,461700,0.0,0.0
2025-03-11 00:00:00-04:00,9.770000457763672,10.890000343322754,9.329999923706055,10.819999694824219,713900,0.0,0.0
2025-03-12 00:00:00-04:00,10.930000305175781,11.729999542236328,10.729999542236328,10.819999694824219,429500,0.0,0.0
2025-03-13 00:00:00-04:00,10.779999732971191,11.140000343322754,10.680000305175781,10.899999618530273,222600,0.0,0.0
2025-03-14 00:00:00-04:00,10.949999809265137,11.229999542236328,10.904999732971191,11.069999694824219,272400,0.0,0.0
2025-03-17 00:00:00-04:00,11.069999694824219,11.539999961853027,10.9350004196167,11.449999809265137,283100,0.0,0.0
2025-03-18 00:00:00-04:00,11.359999656677246,11.539999961853027,11.1899995803833,11.529999732971191,368000,0.0,0.0
2025-03-19 00:00:00-04:00,11.550000190734863,11.930000305175781,11.510000228881836,11.65999984741211,374100,0.0,0.0
2025-03-20 00:00:00-04:00,11.600000381469727,12.164999961853027,11.34000015258789,12.020000457763672,431500,0.0,0.0
2025-03-21 00:00:00-04:00,11.890000343322754,12.199999809265137,11.800000190734863,12.130000114440918,468300,0.0,0.0
2025-03-24 00:00:00-04:00,12.220000267028809,12.369999885559082,11.770000457763672,11.899999618530273,364500,0.0,0.0
2025-03-25 00:00:00-04:00,11.869999885559082,11.885000228881836,11.25,11.399999618530273,479200,0.0,0.0
2025-03-26 00:00:00-04:00,11.350000381469727,11.6899995803833,11.119999885559082,11.520000457763672,435600,0.0,0.0
2025-03-27 00:00:00-04:00,11.59000015258789,11.913000106811523,11.130000114440918,11.449999809265137,729500,0.0,0.0
2025-03-28 00:00:00-04:00,11.470000267028809,11.553000450134277,11.050000190734863,11.199999809265137,177900,0.0,0.0
2025-03-31 00:00:00-04:00,10.880000114440918,11.157999992370605,10.59000015258789,11.0600004196167,602900,0.0,0.0
2025-04-01 00:00:00-04:00,11.0,11.319999694824219,10.5600004196167,10.630000114440918,578800,0.0,0.0
2025-04-02 00:00:00-04:00,10.569999694824219,11.399999618530273,10.510000228881836,11.199999809265137,363900,0.0,0.0
2025-04-03 00:00:00-04:00,10.779999732971191,11.1899995803833,10.295000076293945,10.529999732971191,574700,0.0,0.0
2025-04-04 00:00:00-04:00,10.289999961853027,10.520000457763672,10.0,10.25,523700,0.0,0.0
2025-04-07 00:00:00-04:00,10.050000190734863,10.4399995803833,9.5649995803833,9.960000038146973,571500,0.0,0.0
2025-04-08 00:00:00-04:00,10.149999618530273,10.489999771118164,9.529999732971191,9.65999984741211,545000,0.0,0.0
2025-04-09 00:00:00-04:00,9.4399995803833,10.199999809265137,8.96500015258789,10.100000381469727,711900,0.0,0.0
2025-04-10 00:00:00-04:00,9.84000015258789,9.947999954223633,8.9399995803833,9.390000343322754,888200,0.0,0.0
2025-04-11 00:00:00-04:00,9.34000015258789,10.140000343322754,9.210000038146973,10.119999885559082,251300,0.0,0.0
2025-04-14 00:00:00-04:00,10.380000114440918,10.75,10.229999542236328,10.600000381469727,541100,0.0,0.0
2025-04-15 00:00:00-04:00,10.5600004196167,10.829999923706055,10.510000228881836,10.75,157900,0.0,0.0
2025-04-16 00:00:00-04:00,10.739999771118164,10.739999771118164,10.130000114440918,10.390000343322754,274200,0.0,0.0
2025-04-17 00:00:00-04:00,10.319999694824219,10.600000381469727,9.609999656677246,9.670000076293945,741500,0.0,0.0
2025-04-21 00:00:00-04:00,9.670000076293945,10.055000305175781,9.359999656677246,9.65999984741211,469300,0.0,0.0
2025-04-22 00:00:00-04:00,9.789999961853027,10.25,9.789999961853027,10.050000190734863,378500,0.0,0.0
2025-04-23 00:00:00-04:00,10.390000343322754,10.510000228881836,10.074999809265137,10.199999809265137,1180300,0.0,0.0
2025-04-24 00:00:00-04:00,10.199999809265137,10.220000267028809,9.970000267028809,10.109999656677246,565700,0.0,0.0
2025-04-25 00:00:00-04:00,10.010000228881836,10.050000190734863,9.720000267028809,9.869999885559082,264500,0.0,0.0
2025-04-28 00:00:00-04:00,10.0600004196167,11.680000305175781,10.050000190734863,11.260000228881836,2322900,0.0,0.0
2025-04-29 00:00:00-04:00,11.21500015258789,11.430000305175781,10.704999923706055,10.760000228881836,977400,0.0,0.0
2025-04-30 00:00:00-04:00,10.720000267028809,11.920000076293945,10.350000381469727,11.640000343322754,773000,0.0,0.0
2025-05-01 00:00:00-04:00,11.529999732971191,11.600000381469727,11.149999618530273,11.40999984741211,534600,0.0,0.0
2025-05-02 00:00:00-04:00,11.489999771118164,11.75,11.199999809265137,11.510000228881836,484900,0.0,0.0
2025-05-05 00:00:00-04:00,11.59000015258789,11.640000343322754,10.885000228881836,10.949999809265137,387700,0.0,0.0
2025-05-06 00:00:00-04:00,10.789999961853027,11.399999618530273,9.625,9.6899995803833,805100,0.0,0.0
2025-05-07 00:00:00-04:00,9.949999809265137,10.569999694824219,9.630000114440918,10.119999885559082,818200,0.0,0.0
2025-05-08 00:00:00-04:00,10.119999885559082,10.859999656677246,9.949999809265137,10.670000076293945,603200,0.0,0.0
2025-05-09 00:00:00-04:00,10.920000076293945,10.920000076293945,10.149999618530273,10.380000114440918,502600,0.0,0.0
2025-05-12 00:00:00-04:00,9.899999618530273,11.40999984741211,9.710000038146973,11.140000343322754,959200,0.0,0.0
2025-05-13 00:00:00-04:00,11.140000343322754,11.729999542236328,9.961000442504883,10.140000343322754,918800,0.0,0.0
2025-05-14 00:00:00-04:00,10.520000457763672,10.800000190734863,9.8100004196167,9.869999885559082,778700,0.0,0.0
2025-05-15 00:00:00-04:00,10.0,10.119999885559082,9.5600004196167,9.850000381469727,845400,0.0,0.0
2025-05-16 00:00:00-04:00,8.75,8.75,6.460000038146973,7.309999942779541,9676000,0.0,0.0
2025-05-19 00:00:00-04:00,7.179999828338623,8.1899995803833,7.0,7.96999979019165,3418400,0.0,0.0
2025-05-20 00:00:00-04:00,8.0,8.510000228881836,7.300000190734863,7.539999961853027,3157100,0.0,0.0
2025-05-21 00:00:00-04:00,3.690000057220459,4.179999828338623,3.4200000762939453,4.170000076293945,9681600,0.0,0.0
2025-05-22 00:00:00-04:00,4.130000114440918,4.139999866485596,3.859999895095825,4.079999923706055,3962900,0.0,0.0
2025-05-23 00:00:00-04:00,3.9200000762939453,4.230000019073486,3.7100000381469727,4.190000057220459,2339100,0.0,0.0
2025-05-27 00:00:00-04:00,4.190000057220459,4.25,3.880000114440918,3.930000066757202,2683100,0.0,0.0
2025-05-28 00:00:00-04:00,3.930000066757202,4.059999942779541,3.9000000953674316,4.050000190734863,1612600,0.0,0.0
2025-05-29 00:00:00-04:00,4.050000190734863,4.110000133514404,3.8510000705718994,3.9700000286102295,2334300,0.0,0.0
2025-05-30 00:00:00-04:00,3.9700000286102295,4.239999771118164,3.6050000190734863,4.239999771118164,2900700,0.0,0.0
2025-06-02 00:00:00-04:00,4.385000228881836,4.954999923706055,4.360000133514404,4.840000152587891,3524100,0.0,0.0
2025-06-03 00:00:00-04:00,4.809999942779541,5.230000019073486,4.710000038146973,5.0,3922900,0.0,0.0
2025-06-04 00:00:00-04:00,5.010000228881836,5.369999885559082,4.869999885559082,4.920000076293945,1764900,0.0,0.0
2025-06-05 00:00:00-04:00,4.96999979019165,5.150000095367432,4.800000190734863,5.139999866485596,1478900,0.0,0.0
2025-06-06 00:00:00-04:00,5.329999923706055,8.25,5.230000019073486,7.369999885559082,20720800,0.0,0.0
2025-06-09 00:00:00-04:00,7.34499979019165,7.71999979019165,6.639999866485596,7.019999980926514,5077400,0.0,0.0
2025-06-10 00:00:00-04:00,7.110000133514404,7.460000038146973,6.730000019073486,7.050000190734863,2561300,0.0,0.0
2025-06-11 00:00:00-04:00,7.119999885559082,7.570000171661377,7.013000011444092,7.300000190734863,2686700,0.0,0.0
2025-06-12 00:00:00-04:00,7.329999923706055,12.5,6.920000076293945,11.079999923706055,21079900,0.0,0.0
2025-06-13 00:00:00-04:00,11.954999923706055,14.288000106811523,11.510000228881836,12.029999732971191,19687100,0.0,0.0
2025-06-16 00:00:00-04:00,12.960000038146973,14.6899995803833,12.609999656677246,14.34000015258789,8847000,0.0,0.0
2025-06-17 00:00:00-04:00,14.420000076293945,14.569999694824219,13.109999656677246,13.239999771118164,4278800,0.0,0.0
2025-06-18 00:00:00-04:00,13.609999656677246,15.215999603271484,13.270000457763672,14.869999885559082,3984600,0.0,0.0
2025-06-20 00:00:00-04:00,15.100000381469727,15.609999656677246,14.319999694824219,14.649999618530273,3391700,0.0,0.0
2025-06-23 00:00:00-04:00,14.699999809265137,14.779999732971191,13.90999984741211,14.300000190734863,2094400,0.0,0.0
2025-06-24 00:00:00-04:00,14.359999656677246,14.543000221252441,13.350000381469727,13.789999961853027,2488800,0.0,0.0
2025-06-25 00:00:00-04:00,13.789999961853027,14.0,13.0,13.720000267028809,2016800,0.0,0.0
2025-06-26 00:00:00-04:00,13.75,13.75,12.869999885559082,13.109999656677246,2018600,0.0,0.0
2025-06-27 00:00:00-04:00,13.229999542236328,13.850000381469727,13.0,13.489999771118164,2270900,0.0,0.0
2025-06-30 00:00:00-04:00,13.8100004196167,13.927000045776367,13.46500015258789,13.699999809265137,2100100,0.0,0.0
2025-07-01 00:00:00-04:00,13.760000228881836,13.805000305175781,12.949999809265137,13.020000457763672,1238500,0.0,0.0
2025-07-02 00:00:00-04:00,12.880000114440918,13.640000343322754,12.729999542236328,12.960000038146973,1845300,0.0,0.0
2025-07-03 00:00:00-04:00,12.920000076293945,13.619999885559082,12.890000343322754,13.579999923706055,737400,0.0,0.0
2025-07-07 00:00:00-04:00,13.479999542236328,13.9399995803833,13.350000381469727,13.489999771118164,745900,0.0,0.0
2025-07-08 00:00:00-04:00,13.600000381469727,13.890000343322754,13.260000228881836,13.710000038146973,828000,0.0,0.0
2025-07-09 00:00:00-04:00,13.84000015258789,14.3100004196167,13.5649995803833,13.8100004196167,1583700,0.0,0.0
2025-07-10 00:00:00-04:00,13.739999771118164,14.654999732971191,13.550000190734863,14.640000343322754,1457500,0.0,0.0
2025-07-11 00:00:00-04:00,14.40999984741211,14.640000343322754,13.90999984741211,14.239999771118164,725400,0.0,0.0
2025-07-14 00:00:00-04:00,14.149999618530273,15.239999771118164,14.09000015258789,14.489999771118164,1172700,0.0,0.0
2025-07-15 00:00:00-04:00,14.550000190734863,14.609999656677246,13.789999961853027,14.039999961853027,584400,0.0,0.0
2025-07-16 00:00:00-04:00,14.300000190734863,14.489999771118164,14.0,14.34000015258789,775800,0.0,0.0
2025-07-17 00:00:00-04:00,14.329999923706055,15.5,14.329999923706055,15.40999984741211,2030000,0.0,0.0
2025-07-18 00:00:00-04:00,15.550000190734863,15.800000190734863,14.890000343322754,15.270000457763672,1201100,0.0,0.0
2025-07-21 00:00:00-04:00,15.399999618530273,15.65999984741211,15.039999961853027,15.460000038146973,2314800,0.0,0.0
2025-07-22 00:00:00-04:00,15.479999542236328,17.280000686645508,15.350000381469727,16.959999084472656,2119000,0.0,0.0
2025-07-23 00:00:00-04:00,17.260000228881836,19.149999618530273,16.889999389648438,18.65999984741211,2565200,0.0,0.0
2025-07-24 00:00:00-04:00,18.56999969482422,18.84000015258789,17.969999313354492,18.0,1007900,0.0,0.0
2025-07-25 00:00:00-04:00,17.950000762939453,19.0,17.68000030517578,18.950000762939453,1307800,0.0,0.0
2025-07-28 00:00:00-04:00,18.979999542236328,19.354999542236328,18.670000076293945,18.899999618530273,1292800,0.0,0.0
2025-07-29 00:00:00-04:00,18.899999618530273,19.04599952697754,18.3700008392334,18.899999618530273,909300,0.0,0.0
2025-07-30 00:00:00-04:00,19.0,19.739999771118164,18.889999389648438,19.219999313354492,1159700,0.0,0.0
2025-07-31 00:00:00-04:00,19.170000076293945,19.514999389648438,18.8799991607666,19.059999465942383,921300,0.0,0.0
2025-08-01 00:00:00-04:00,18.639999389648438,19.579999923706055,18.47599983215332,19.399999618530273,1008100,0.0,0.0
2025-08-04 00:00:00-04:00,19.5,20.1299991607666,19.099000930786133,19.8799991607666,1068200,0.0,0.0
2025-08-05 00:00:00-04:00,19.920000076293945,21.014999389648438,19.55500030517578,20.719999313354492,1789000,0.0,0.0
2025-08-06 00:00:00-04:00,20.450000762939453,20.479999542236328,19.15999984741211,20.010000228881836,1078000,0.0,0.0
2025-08-07 00:00:00-04:00,19.329999923706055,19.760000228881836,17.06999969482422,18.59000015258789,1826000,0.0,0.0
2025-08-08 00:00:00-04:00,18.969999313354492,18.969999313354492,17.450000762939453,17.7450008392334,1177800,0.0,0.0
2025-08-11 00:00:00-04:00,17.479999542236328,18.385000228881836,17.209999084472656,18.239999771118164,888900,0.0,0.0
2025-08-12 00:00:00-04:00,18.270000457763672,19.34000015258789,17.969999313354492,19.200000762939453,1197000,0.0,0.0
2025-08-13 00:00:00-04:00,19.31999969482422,20.549999237060547,19.054000854492188,20.110000610351562,1224700,0.0,0.0
2025-08-14 00:00:00-04:00,19.770000457763672,20.25,19.56599998474121,20.079999923706055,953600,0.0,0.0
2025-08-15 00:00:00-04:00,20.200000762939453,20.39900016784668,19.510000228881836,19.709999084472656,684200,0.0,0.0
2025-08-18 00:00:00-04:00,19.969999313354492,20.100000381469727,19.344999313354492,19.399999618530273,581900,0.0,0.0
2025-08-19 00:00:00-04:00,19.860000610351562,19.989999771118164,18.889999389648438,18.920000076293945,655100,0.0,0.0
2025-08-20 00:00:00-04:00,18.649999618530273,19.40999984741211,18.649999618530273,19.309999465942383,817000,0.0,0.0
2025-08-21 00:00:00-04:00,19.309999465942383,20.110000610351562,19.104999542236328,19.780000686645508,730400,0.0,0.0
2025-08-22 00:00:00-04:00,19.84000015258789,19.989999771118164,19.40999984741211,19.440000534057617,1040300,0.0,0.0
2025-08-25 00:00:00-04:00,19.3700008392334,19.56999969482422,18.40999984741211,18.5,1414500,0.0,0.0
2025-08-26 00:00:00-04:00,18.719999313354492,19.523000717163086,18.639999389648438,19.5,969700,0.0,0.0
2025-08-27 00:00:00-04:00,19.440000534057617,19.799999237060547,19.209999084472656,19.540000915527344,1130000,0.0,0.0
2025-08-28 00:00:00-04:00,19.530000686645508,19.6299991607666,19.100000381469727,19.239999771118164,882700,0.0,0.0
2025-08-29 00:00:00-04:00,19.200000762939453,19.670000076293945,18.75,19.450000762939453,1286600,0.0,0.0
2025-09-02 00:00:00-04:00,19.399999618530273,20.200000762939453,18.81999969482422,19.530000686645508,1128300,0.0,0.0
2025-09-03 00:00:00-04:00,19.290000915527344,19.81999969482422,18.969999313354492,19.3700008392334,1012300,0.0,0.0
2025-09-04 00:00:00-04:00,19.350000381469727,19.479999542236328,18.170000076293945,18.799999237060547,1891600,0.0,0.0
2025-09-05 00:00:00-04:00,19.030000686645508,19.31999969482422,18.579999923706055,18.8799991607666,1029100,0.0,0.0
2025-09-08 00:00:00-04:00,19.110000610351562,21.709999084472656,18.760000228881836,21.420000076293945,2285300,0.0,0.0
2025-09-09 00:00:00-04:00,21.260000228881836,21.690000534057617,20.360000610351562,20.690000534057617,1406900,0.0,0.0
2025-09-10 00:00:00-04:00,20.729999542236328,20.937999725341797,18.450000762939453,19.110000610351562,1671900,0.0,0.0
2025-09-11 00:00:00-04:00,19.139999389648438,19.979999542236328,19.139999389648438,19.25,895300,0.0,0.0
2025-09-12 00:00:00-04:00,19.100000381469727,19.200000762939453,18.670000076293945,18.790000915527344,886400,0.0,0.0
2025-09-15 00:00:00-04:00,18.809999465942383,18.84000015258789,17.94300079345703,18.059999465942383,1391200,0.0,0.0
2025-09-16 00:00:00-04:00,17.950000762939453,18.75,17.889999389648438,18.06999969482422,1329400,0.0,0.0
2025-09-17 00:00:00-04:00,18.15999984741211,18.649999618530273,17.940000534057617,18.100000381469727,1355500,0.0,0.0
2025-09-18 00:00:00-04:00,18.209999084472656,18.93000030517578,18.16200065612793,18.8700008392334,767500,0.0,0.0
2025-09-19 00:00:00-04:00,18.889999389648438,18.889999389648438,17.889999389648438,17.950000762939453,1112700,0.0,0.0
2025-09-22 00:00:00-04:00,17.860000610351562,18.43000030517578,17.649999618530273,17.989999771118164,1162700,0.0,0.0
2025-09-23 00:00:00-04:00,18.1299991607666,18.21500015258789,17.729999542236328,17.8799991607666,643500,0.0,0.0
2025-09-24 00:00:00-04:00,17.860000610351562,18.450000762939453,17.610000610351562,17.989999771118164,1668400,0.0,0.0
2025-09-25 00:00:00-04:00,17.989999771118164,17.989999771118164,17.049999237060547,17.260000228881836,919400,0.0,0.0
2025-09-26 00:00:00-04:00,17.510000228881836,18.389999389648438,17.15999984741211,18.34000015258789,1200100,0.0,0.0
2025-09-29 00:00:00-04:00,18.489999771118164,19.549999237060547,18.260000228881836,19.139999389648438,1346000,0.0,0.0
2025-09-30 00:00:00-04:00,19.1299991607666,20.030000686645508,19.010000228881836,19.950000762939453,1679300,0.0,0.0
2025-10-01 00:00:00-04:00,19.84000015258789,20.170000076293945,17.71500015258789,17.815000534057617,1320500,0.0,0.0
2025-10-02 00:00:00-04:00,17.959999084472656,18.0310001373291,16.71500015258789,17.06999969482422,1374700,0.0,0.0
2025-10-03 00:00:00-04:00,17.25,17.655000686645508,17.014999389648438,17.399999618530273,1014900,0.0,0.0
2025-10-06 00:00:00-04:00,17.510000228881836,17.610000610351562,16.600000381469727,17.049999237060547,1240300,0.0,0.0
2025-10-07 00:00:00-04:00,17.049999237060547,17.399999618530273,16.709999084472656,16.84000015258789,841700,0.0,0.0
2025-10-08 00:00:00-04:00,16.850000381469727,17.399999618530273,16.56999969482422,17.329999923706055,939500,0.0,0.0
2025-10-09 00:00:00-04:00,17.18000030517578,17.43000030517578,16.399999618530273,16.420000076293945,1030700,0.0,0.0
2025-10-10 00:00:00-04:00,16.5,16.895000457763672,15.859999656677246,16.68000030517578,1407600,0.0,0.0
2025-10-13 00:00:00-04:00,16.600000381469727,17.09000015258789,16.18000030517578,16.760000228881836,1360900,0.0,0.0
2025-10-14 00:00:00-04:00,16.600000381469727,16.979999542236328,16.270000457763672,16.649999618530273,1104900,0.0,0.0
2025-10-15 00:00:00-04:00,16.43000030517578,17.639999389648438,16.43000030517578,17.290000915527344,787800,0.0,0.0
2025-10-16 00:00:00-04:00,17.5,17.639999389648438,16.90999984741211,16.93000030517578,821600,0.0,0.0
2025-10-17 00:00:00-04:00,16.93000030517578,17.18000030517578,16.68000030517578,16.950000762939453,682100,0.0,0.0
2025-10-20 00:00:00-04:00,16.979999542236328,18.0049991607666,16.364999771118164,17.9950008392334,917200,0.0,0.0
2025-10-21 00:00:00-04:00,18.0,18.25,17.56999969482422,18.139999389648438,695100,0.0,0.0
2025-10-22 00:00:00-04:00,18.200000762939453,18.565000534057617,17.600000381469727,17.65999984741211,844800,0.0,0.0
2025-10-23 00:00:00-04:00,17.700000762939453,17.854999542236328,16.950000762939453,17.329999923706055,572300,0.0,0.0
2025-10-24 00:00:00-04:00,17.65999984741211,19.09000015258789,17.374000549316406,18.969999313354492,989000,0.0,0.0
2025-10-27 00:00:00-04:00,19.0,21.0,19.0,20.850000381469727,1705600,0.0,0.0
2025-10-28 00:00:00-04:00,20.649999618530273,20.979999542236328,20.0,20.18000030517578,752200,0.0,0.0
2025-10-29 00:00:00-04:00,20.049999237060547,20.18000030517578,19.56999969482422,19.780000686645508,581500,0.0,0.0
2025-10-30 00:00:00-04:00,19.729999542236328,20.197999954223633,19.170000076293945,19.850000381469727,688100,0.0,0.0
2025-10-31 00:00:00-04:00,19.989999771118164,20.719999313354492,19.735000610351562,20.469999313354492,813500,0.0,0.0
2025-11-03 00:00:00-05:00,20.469999313354492,21.479999542236328,19.719999313354492,20.6200008392334,1508900,0.0,0.0
2025-11-04 00:00:00-05:00,20.270000457763672,20.579999923706055,19.5,19.809999465942383,881300,0.0,0.0
2025-11-05 00:00:00-05:00,19.899999618530273,19.899999618530273,18.299999237060547,19.309999465942383,1286800,0.0,0.0
2025-11-06 00:00:00-05:00,18.280000686645508,23.639999389648438,18.149999618530273,23.540000915527344,4249900,0.0,0.0
2025-11-07 00:00:00-05:00,22.6200008392334,23.895000457763672,21.75,23.239999771118164,2073000,0.0,0.0
2025-11-10 00:00:00-05:00,23.239999771118164,24.889999389648438,22.6200008392334,23.1299991607666,2591500,0.0,0.0
2025-11-11 00:00:00-05:00,23.100000381469727,24.21500015258789,22.860000610351562,23.6299991607666,893300,0.0,0.0
2025-11-12 00:00:00-05:00,23.579999923706055,25.190000534057617,23.520000457763672,25.139999389648438,1201400,0.0,0.0
2025-11-13 00:00:00-05:00,25.049999237060547,25.190000534057617,23.639999389648438,23.920000076293945,1003500,0.0,0.0
2025-11-14 00:00:00-05:00,23.0,25.0,23.0,23.760000228881836,1030300,0.0,0.0
2025-11-17 00:00:00-05:00,23.829999923706055,24.1200008392334,23.360000610351562,23.700000762939453,1190200,0.0,0.0
2025-11-18 00:00:00-05:00,23.65999984741211,24.079999923706055,22.700000762939453,23.549999237060547,1285300,0.0,0.0
2025-11-19 00:00:00-05:00,23.549999237060547,25.600000381469727,23.25,25.270000457763672,2384300,0.0,0.0
2025-11-20 00:00:00-05:00,25.780000686645508,26.280000686645508,24.701000213623047,24.84000015258789,723200,0.0,0.0
2025-11-21 00:00:00-05:00,24.719999313354492,26.09000015258789,24.68600082397461,25.8700008392334,773700,0.0,0.0
2025-11-24 00:00:00-05:00,25.889999389648438,27.06999969482422,25.889999389648438,26.93000030517578,1481000,0.0,0.0
2025-11-25 00:00:00-05:00,26.940000534057617,27.979999542236328,26.700000762939453,27.690000534057617,653000,0.0,0.0
2025-11-26 00:00:00-05:00,27.700000762939453,30.0,27.170000076293945,29.420000076293945,1121400,0.0,0.0
2025-11-28 00:00:00-05:00,29.270000457763672,29.459999084472656,28.415000915527344,28.809999465942383,379800,0.0,0.0
2025-12-01 00:00:00-05:00,28.1299991607666,28.8700008392334,27.389999389648438,28.459999084472656,807000,0.0,0.0
2025-12-02 00:00:00-05:00,28.450000762939453,28.684999465942383,24.0,24.3799991607666,1396500,0.0,0.0
2025-12-03 00:00:00-05:00,24.5,25.829999923706055,24.270000457763672,24.350000381469727,730100,0.0,0.0
2025-12-04 00:00:00-05:00,24.420000076293945,24.915000915527344,23.915000915527344,24.280000686645508,715600,0.0,0.0
2025-12-05 00:00:00-05:00,23.770000457763672,24.649999618530273,22.510000228881836,22.979999542236328,847700,0.0,0.0
2025-12-08 00:00:00-05:00,23.3700008392334,23.739999771118164,22.815000534057617,23.079999923706055,971800,0.0,0.0
2025-12-09 00:00:00-05:00,23.149999618530273,23.559999465942383,22.670000076293945,22.700000762939453,534700,0.0,0.0
2025-12-10 00:00:00-05:00,22.739999771118164,23.239999771118164,22.110000610351562,22.190000534057617,904100,0.0,0.0
2025-12-11 00:00:00-05:00,22.350000381469727,22.6200008392334,21.739999771118164,22.360000610351562,982400,0.0,0.0
2025-12-12 00:00:00-05:00,22.3799991607666,22.65999984741211,21.780000686645508,21.799999237060547,1055300,0.0,0.0
2025-12-15 00:00:00-05:00,21.899999618530273,22.920000076293945,21.399999618530273,22.850000381469727,1486200,0.0,0.0
2025-12-16 00:00:00-05:00,22.8799991607666,24.709999084472656,22.8799991607666,23.469999313354492,2189000,0.0,0.0
2025-12-17 00:00:00-05:00,23.440000534057617,23.799999237060547,22.420000076293945,22.6200008392334,711300,0.0,0.0
2025-12-18 00:00:00-05:00,22.719999313354492,22.924999237060547,21.6200008392334,21.719999313354492,726600,0.0,0.0
2025-12-19 00:00:00-05:00,21.899999618530273,23.200000762939453,21.719999313354492,22.799999237060547,540800,0.0,0.0
2025-12-22 00:00:00-05:00,23.0,24.040000915527344,22.78499984741211,23.579999923706055,817900,0.0,0.0
2025-12-23 00:00:00-05:00,23.239999771118164,23.700000762939453,22.600000381469727,23.399999618530273,472800,0.0,0.0
2025-12-24 00:00:00-05:00,23.469999313354492,24.139999389648438,23.100000381469727,23.760000228881836,217700,0.0,0.0
2025-12-26 00:00:00-05:00,23.5,23.709999084472656,22.889999389648438,23.030000686645508,250900,0.0,0.0
2025-12-29 00:00:00-05:00,23.0,23.34000015258789,22.5,23.329999923706055,460600,0.0,0.0
2025-12-30 00:00:00-05:00,23.540000915527344,23.540000915527344,22.6200008392334,23.170000076293945,783600,0.0,0.0
2025-12-31 00:00:00-05:00,23.079999923706055,23.6299991607666,22.809999465942383,23.420000076293945,654500,0.0,0.0
2026-01-02 00:00:00-05:00,23.700000762939453,23.809999465942383,22.440000534057617,22.709999084472656,437100,0.0,0.0
2026-01-05 00:00:00-05:00,22.59000015258789,22.59000015258789,20.989999771118164,22.1299991607666,714600,0.0,0.0
2026-01-06 00:00:00-05:00,22.0,22.43000030517578,21.65999984741211,21.889999389648438,488200,0.0,0.0
2026-01-07 00:00:00-05:00,21.889999389648438,23.709999084472656,21.8799991607666,23.139999389648438,423700,0.0,0.0
2026-01-08 00:00:00-05:00,22.940000534057617,23.5,22.724000930786133,23.469999313354492,439300,0.0,0.0
2026-01-09 00:00:00-05:00,23.59000015258789,24.100000381469727,21.18000030517578,21.25,852100,0.0,0.0
2026-01-12 00:00:00-05:00,21.0,21.59000015258789,20.488000869750977,21.450000762939453,512200,0.0,0.0
2026-01-13 00:00:00-05:00,21.530000686645508,21.649999618530273,19.760000228881836,19.829999923706055,987600,0.0,0.0
2026-01-14 00:00:00-05:00,19.399999618530273,19.96500015258789,18.1200008392334,18.739999771118164,1491200,0.0,0.0
2026-01-15 00:00:00-05:00,18.729999542236328,19.64299964904785,18.350000381469727,19.540000915527344,1036900,0.0,0.0
2026-01-16 00:00:00-05:00,19.329999923706055,20.149999618530273,18.655000686645508,18.799999237060547,1012800,0.0,0.0
2026-01-20 00:00:00-05:00,18.20199966430664,19.3799991607666,18.200000762939453,19.329999923706055,569200,0.0,0.0
2026-01-21 00:00:00-05:00,19.395000457763672,19.610000610351562,18.1299991607666,19.229999542236328,813900,0.0,0.0
2026-01-22 00:00:00-05:00,19.139999389648438,20.1200008392334,19.09000015258789,20.0,781300,0.0,0.0
2026-01-23 00:00:00-05:00,19.760000228881836,20.010000228881836,18.969999313354492,20.0,1109500,0.0,0.0
2026-01-26 00:00:00-05:00,19.459999084472656,21.290000915527344,19.1200008392334,21.079999923706055,646100,0.0,0.0
2026-01-27 00:00:00-05:00,20.90999984741211,21.889999389648438,20.75,21.850000381469727,536900,0.0,0.0
2026-01-28 00:00:00-05:00,21.829999923706055,22.06999969482422,20.969999313354492,21.31999969482422,651400,0.0,0.0
2026-01-29 00:00:00-05:00,21.1299991607666,21.63599967956543,20.225000381469727,20.690000534057617,410900,0.0,0.0
2026-01-30 00:00:00-05:00,20.579999923706055,20.850000381469727,19.375,19.610000610351562,649000,0.0,0.0
2026-02-02 00:00:00-05:00,19.489999771118164,19.959999084472656,19.209999084472656,19.700000762939453,455900,0.0,0.0
2026-02-03 00:00:00-05:00,19.510000228881836,20.15999984741211,19.1299991607666,20.0,706700,0.0,0.0
2026-02-04 00:00:00-05:00,20.25,21.3799991607666,19.905000686645508,20.709999084472656,1010900,0.0,0.0
2026-02-05 00:00:00-05:00,20.56999969482422,22.209999084472656,20.3799991607666,20.520000457763672,1029100,0.0,0.0
2026-02-06 00:00:00-05:00,20.68000030517578,21.770000457763672,20.68000030517578,21.350000381469727,751200,0.0,0.0
2026-02-09 00:00:00-05:00,21.239999771118164,22.040000915527344,20.940000534057617,21.899999618530273,323200,0.0,0.0
2026-02-10 00:00:00-05:00,21.899999618530273,22.2450008392334,21.44499969482422,21.670000076293945,305400,0.0,0.0
2026-02-11 00:00:00-05:00,21.68000030517578,22.114999771118164,20.200000762939453,21.139999389648438,594300,0.0,0.0
2026-02-12 00:00:00-05:00,21.190000534057617,21.200000762939453,19.649999618530273,20.209999084472656,359300,0.0,0.0
2026-02-13 00:00:00-05:00,20.260000228881836,21.6200008392334,19.950000762939453,20.100000381469727,792500,0.0,0.0
2026-02-17 00:00:00-05:00,19.719999313354492,20.81999969482422,19.450000762939453,20.600000381469727,807600,0.0,0.0
2026-02-18 00:00:00-05:00,20.670000076293945,22.34000015258789,20.459999084472656,22.270000457763672,892900,0.0,0.0
2026-02-19 00:00:00-05:00,22.190000534057617,22.5,21.280000686645508,21.799999237060547,1402200,0.0,0.0
2026-02-20 00:00:00-05:00,21.5,22.020000457763672,20.760000228881836,21.06999969482422,579100,0.0,0.0
2026-02-23 00:00:00-05:00,20.790000915527344,21.559999465942383,20.31999969482422,20.920000076293945,336400,0.0,0.0
2026-02-24 00:00:00-05:00,20.885000228881836,21.389999389648438,20.610000610351562,20.75,390200,0.0,0.0
2026-02-25 00:00:00-05:00,21.040000915527344,21.899999618530273,20.399999618530273,20.670000076293945,627300,0.0,0.0
2026-02-26 00:00:00-05:00,20.670000076293945,21.354999542236328,19.90999984741211,21.18000030517578,520300,0.0,0.0
2026-02-27 00:00:00-05:00,21.149999618530273,21.75,20.545000076293945,21.700000762939453,1531400,0.0,0.0
2026-03-02 00:00:00-05:00,21.65999984741211,21.690000534057617,18.042999267578125,19.020000457763672,2696900,0.0,0.0
2026-03-03 00:00:00-05:00,19.540000915527344,19.829999923706055,18.239999771118164,18.81999969482422,1734800,0.0,0.0
2026-03-04 00:00:00-05:00,18.90999984741211,20.709999084472656,18.110000610351562,20.15999984741211,1506300,0.0,0.0
2026-03-05 00:00:00-05:00,20.139999389648438,20.354999542236328,18.959999084472656,19.610000610351562,828700,0.0,0.0
2026-03-06 00:00:00-05:00,19.100000381469727,20.81999969482422,18.68000030517578,20.459999084472656,1226400,0.0,0.0
2026-03-09 00:00:00-04:00,20.110000610351562,21.05500030517578,19.15999984741211,19.90999984741211,878800,0.0,0.0
2026-03-10 00:00:00-04:00,20.18000030517578,20.829999923706055,19.3700008392334,19.450000762939453,474200,0.0,0.0
2026-03-11 00:00:00-04:00,19.010000228881836,19.239999771118164,18.540000915527344,18.84000015258789,453100,0.0,0.0
2026-03-12 00:00:00-04:00,18.690000534057617,18.860000610351562,18.020000457763672,18.790000915527344,636500,0.0,0.0
2026-03-13 00:00:00-04:00,18.940000534057617,19.09000015258789,17.940000534057617,18.440000534057617,786200,0.0,0.0
2026-03-16 00:00:00-04:00,18.829999923706055,19.079999923706055,18.510000228881836,18.729999542236328,767100,0.0,0.0
2026-03-17 00:00:00-04:00,19.2450008392334,19.2450008392334,18.18000030517578,18.59000015258789,1166700,0.0,0.0
2026-03-18 00:00:00-04:00,18.3700008392334,19.040000915527344,17.954999923706055,18.479999542236328,920000,0.0,0.0
2026-03-19 00:00:00-04:00,18.399999618530273,18.889999389648438,18.209999084472656,18.59000015258789,350800,0.0,0.0
2026-03-20 00:00:00-04:00,18.6299991607666,19.030000686645508,17.5,17.6200008392334,975300,0.0,0.0
2026-03-23 00:00:00-04:00,17.989999771118164,18.184999465942383,17.2549991607666,17.299999237060547,414800,0.0,0.0
2026-03-24 00:00:00-04:00,17.200000762939453,17.770000457763672,16.700000762939453,17.65999984741211,750100,0.0,0.0
2026-03-25 00:00:00-04:00,17.690000534057617,18.3700008392334,17.690000534057617,18.1200008392334,346900,0.0,0.0
2026-03-26 00:00:00-04:00,17.8799991607666,18.15999984741211,17.65999984741211,17.899999618530273,326900,0.0,0.0
2026-03-27 00:00:00-04:00,17.899999618530273,18.1299991607666,17.049999237060547,17.170000076293945,827400,0.0,0.0
2026-03-30 00:00:00-04:00,17.0,17.209999084472656,16.5,17.0,1059300,0.0,0.0
2026-03-31 00:00:00-04:00,17.360000610351562,18.524999618530273,17.34000015258789,17.979999542236328,691600,0.0,0.0
2026-04-01 00:00:00-04:00,18.18000030517578,18.979999542236328,18.079999923706055,18.940000534057617,599900,0.0,0.0
2026-04-02 00:00:00-04:00,18.489999771118164,19.219999313354492,18.440000534057617,18.81999969482422,382300,0.0,0.0
2026-04-06 00:00:00-04:00,19.059999465942383,19.399999618530273,18.604999542236328,18.610000610351562,442800,0.0,0.0
2026-04-07 00:00:00-04:00,18.450000762939453,18.579999923706055,17.75,18.030000686645508,507000,0.0,0.0
2026-04-08 00:00:00-04:00,19.549999237060547,19.549999237060547,18.25,19.100000381469727,817100,0.0,0.0
2026-04-09 00:00:00-04:00,18.959999084472656,20.610000610351562,18.700000762939453,20.530000686645508,1151100,0.0,0.0
2026-04-10 00:00:00-04:00,21.399999618530273,22.020000457763672,20.540000915527344,21.56999969482422,1068000,0.0,0.0
2026-04-13 00:00:00-04:00,21.40999984741211,21.889999389648438,20.010000228881836,20.280000686645508,689500,0.0,0.0
2026-04-14 00:00:00-04:00,20.420000076293945,21.649999618530273,20.420000076293945,21.219999313354492,617200,0.0,0.0
2026-04-15 00:00:00-04:00,21.389999389648438,21.530000686645508,20.649999618530273,21.510000228881836,816500,0.0,0.0
2026-04-16 00:00:00-04:00,21.510000228881836,22.520000457763672,21.25,21.389999389648438,996800,0.0,0.0
2026-04-17 00:00:00-04:00,22.020000457763672,22.69499969482422,22.0,22.540000915527344,602800,0.0,0.0
2026-04-20 00:00:00-04:00,22.690000534057617,24.940000534057617,22.06999969482422,24.920000076293945,1276100,0.0,0.0
2026-04-21 00:00:00-04:00,25.0,25.860000610351562,24.329999923706055,25.030000686645508,1115200,0.0,0.0
2026-04-22 00:00:00-04:00,25.479999542236328,27.760000228881836,25.360000610351562,26.059999465942383,1779100,0.0,0.0
2026-04-23 00:00:00-04:00,26.524999618530273,26.729999542236328,23.780000686645508,24.309999465942383,927100,0.0,0.0
2026-04-24 00:00:00-04:00,24.559999465942383,24.600000381469727,23.790000915527344,24.110000610351562,585400,0.0,0.0
2026-04-27 00:00:00-04:00,24.280000686645508,25.0,23.6299991607666,23.770000457763672,442400,0.0,0.0
2026-04-28 00:00:00-04:00,23.850000381469727,24.579999923706055,22.610000610351562,24.1200008392334,498100,0.0,0.0
2026-04-29 00:00:00-04:00,24.010000228881836,24.280000686645508,23.170000076293945,23.34000015258789,492300,0.0,0.0
2026-04-30 00:00:00-04:00,23.56999969482422,23.979999542236328,23.110000610351562,23.829999923706055,410000,0.0,0.0
2026-05-01 00:00:00-04:00,23.649999618530273,24.420000076293945,22.90999984741211,23.0,836100,0.0,0.0
2026-05-04 00:00:00-04:00,23.200000762939453,23.670000076293945,22.674999237060547,23.290000915527344,625900,0.0,0.0
2026-05-05 00:00:00-04:00,23.329999923706055,23.889999389648438,22.989999771118164,23.829999923706055,759300,0.0,0.0
2026-05-06 00:00:00-04:00,25.219999313354492,27.43000030517578,23.6299991607666,26.25,2835000,0.0,0.0
2026-05-07 00:00:00-04:00,26.40999984741211,26.649999618530273,24.56999969482422,26.59000015258789,1346400,0.0,0.0
2026-05-08 00:00:00-04:00,26.950000762939453,30.450000762939453,26.950000762939453,29.399999618530273,1696600,0.0,0.0
2026-05-11 00:00:00-04:00,30.459999084472656,32.369998931884766,29.940000534057617,31.329999923706055,1288700,0.0,0.0
2026-05-12 00:00:00-04:00,31.309999465942383,31.309999465942383,29.299999237060547,29.799999237060547,927500,0.0,0.0
2026-05-13 00:00:00-04:00,29.799999237060547,31.31999969482422,28.709999084472656,30.940000534057617,936600,0.0,0.0
2026-05-14 00:00:00-04:00,30.719999313354492,31.209999084472656,28.780000686645508,29.68000030517578,825700,0.0,0.0
2026-05-15 00:00:00-04:00,29.260000228881836,29.59000015258789,28.260000228881836,28.780000686645508,944000,0.0,0.0
2026-05-18 00:00:00-04:00,29.0,29.25,28.18000030517578,28.579999923706055,830700,0.0,0.0
2026-05-19 00:00:00-04:00,28.049999237060547,28.829999923706055,27.34000015258789,28.260000228881836,555500,0.0,0.0
2026-05-20 00:00:00-04:00,28.780000686645508,30.31999969482422,28.424999237060547,30.219999313354492,789300,0.0,0.0
2026-05-21 00:00:00-04:00,29.809999465942383,30.510000228881836,28.889999389648438,29.8799991607666,789700,0.0,0.0
2026-05-22 00:00:00-04:00,29.84000015258789,30.19499969482422,28.799999237060547,28.889999389648438,364400,0.0,0.0
2026-05-26 00:00:00-04:00,29.469999313354492,30.200000762939453,29.280000686645508,29.459999084472656,611200,0.0,0.0
2026-05-27 00:00:00-04:00,29.360000610351562,30.68600082397461,29.209999084472656,29.329999923706055,496900,0.0,0.0
2026-05-28 00:00:00-04:00,29.260000228881836,29.649999618530273,28.610000610351562,28.690000534057617,374300,0.0,0.0
2026-05-29 00:00:00-04:00,28.469999313354492,28.81999969482422,27.540000915527344,28.1299991607666,878200,0.0,0.0
2026-06-01 00:00:00-04:00,27.8799991607666,27.93400001525879,26.0,27.030000686645508,1068000,0.0,0.0
2026-06-02 00:00:00-04:00,26.90999984741211,29.0,26.434999465942383,26.540000915527344,758500,0.0,0.0
2026-06-03 00:00:00-04:00,26.770000457763672,27.239999771118164,26.229999542236328,26.600000381469727,489100,0.0,0.0
2026-06-04 00:00:00-04:00,26.729999542236328,28.100000381469727,26.665000915527344,27.600000381469727,329800,0.0,0.0
2026-06-05 00:00:00-04:00,27.389999389648438,27.639999389648438,26.389999389648438,26.850000381469727,704100,0.0,0.0
2026-06-08 00:00:00-04:00,27.299999237060547,27.940000534057617,26.65999984741211,27.25,671600,0.0,0.0
2026-06-09 00:00:00-04:00,27.979999542236328,28.459999084472656,26.600000381469727,28.18000030517578,830900,0.0,0.0
2026-06-10 00:00:00-04:00,28.010000228881836,29.1200008392334,27.809999465942383,28.0,618800,0.0,0.0
2026-06-11 00:00:00-04:00,27.950000762939453,30.084999084472656,27.81999969482422,29.5,528600,0.0,0.0
2026-06-12 00:00:00-04:00,29.479999542236328,31.28499984741211,29.31999969482422,29.719999313354492,585000,0.0,0.0
2026-06-15 00:00:00-04:00,29.549999237060547,31.149999618530273,29.459999084472656,30.864999771118164,804900,0.0,0.0
2026-06-16 00:00:00-04:00,30.649999618530273,32.040000915527344,30.139999389648438,31.950000762939453,572000,0.0,0.0
2026-06-17 00:00:00-04:00,32.5,33.400001525878906,32.16999816894531,32.810001373291016,547600,0.0,0.0
2026-06-18 00:00:00-04:00,33.45000076293945,33.790000915527344,32.209999084472656,33.56999969482422,847100,0.0,0.0
2026-06-22 00:00:00-04:00,33.959999084472656,35.349998474121094,33.69499969482422,34.9900016784668,643400,0.0,0.0
2026-06-23 00:00:00-04:00,34.22999954223633,35.58000183105469,34.189998626708984,35.150001525878906,465300,0.0,0.0
2026-06-24 00:00:00-04:00,35.11000061035156,36.08000183105469,34.61000061035156,35.41999816894531,581800,0.0,0.0
2026-06-25 00:00:00-04:00,35.41999816894531,36.0,34.220001220703125,34.380001068115234,414600,0.0,0.0
2026-06-26 00:00:00-04:00,34.290000915527344,35.099998474121094,33.72999954223633,34.540000915527344,1348400,0.0,0.0
2026-06-29 00:00:00-04:00,34.540000915527344,36.66999816894531,34.099998474121094,36.06999969482422,600200,0.0,0.0
2026-06-30 00:00:00-04:00,36.18000030517578,37.880001068115234,35.81999969482422,36.79999923706055,670500,0.0,0.0
2026-07-01 00:00:00-04:00,37.11000061035156,39.584999084472656,37.11000061035156,37.939998626708984,1133400,0.0,0.0
2026-07-02 00:00:00-04:00,37.540000915527344,38.58000183105469,36.880001068115234,38.02000045776367,821800,0.0,0.0
2026-07-06 00:00:00-04:00,38.02000045776367,38.584999084472656,37.22999954223633,37.40999984741211,845600,0.0,0.0
2026-07-07 00:00:00-04:00,37.5,39.1150016784668,36.67499923706055,37.75,914000,0.0,0.0
2026-07-08 00:00:00-04:00,37.369998931884766,38.560001373291016,36.54999923706055,38.029998779296875,715900,0.0,0.0
2026-07-09 00:00:00-04:00,38.18000030517578,40.334999084472656,38.11000061035156,40.22999954223633,617900,0.0,0.0
2026-07-10 00:00:00-04:00,40.040000915527344,40.349998474121094,38.275001525878906,38.560001373291016,1281200,0.0,0.0
2026-07-13 00:00:00-04:00,37.869998931884766,40.0,36.810001373291016,39.5099983215332,577200,0.0,0.0
2026-07-14 00:00:00-04:00,39.529998779296875,40.400001525878906,38.87799835205078,39.189998626708984,556100,0.0,0.0
2026-07-15 00:00:00-04:00,39.08000183105469,40.869998931884766,38.29999923706055,39.79999923706055,907800,0.0,0.0
2026-07-16 00:00:00-04:00,40.0,41.36000061035156,39.540000915527344,40.0,1115558,0.0,0.0
