Date,Open,High,Low,Close,Volume,Dividends,Stock Splits
2022-01-03 00:00:00-05:00,38.409049348569276,38.77049545495333,38.34266140306539,38.681976318359375,18240100,0.0,0.0
2022-01-04 00:00:00-05:00,38.8295048819363,39.61878221581898,38.76311693731612,39.441749572753906,26376800,0.0,0.0
2022-01-05 00:00:00-05:00,39.714681978316555,40.30479555916186,39.47125854340839,39.84745788574219,28697300,0.0,0.0
2022-01-06 00:00:00-05:00,40.18675834532969,40.23839308915833,39.58189179143779,39.65565490722656,21563800,0.0,0.0
2022-01-07 00:00:00-05:00,39.76018882354305,40.5813735792336,39.76018882354305,40.491790771484375,26512500,0.64,0.0
2022-01-10 00:00:00-05:00,40.67841531402696,40.932235592752846,40.17077475657517,40.2155647277832,24929400,0.0,0.0
2022-01-11 00:00:00-05:00,40.252884106654726,40.372331604545,39.685522730601356,40.00653076171875,18598500,0.0,0.0
2022-01-12 00:00:00-05:00,39.857226686271154,40.05879007966895,39.63326830953537,39.90201950073242,12778300,0.0,0.0
2022-01-13 00:00:00-05:00,39.95428466796875,40.33501370280507,39.70046436214925,39.95428466796875,18178200,0.0,0.0
2022-01-14 00:00:00-05:00,40.006537446252324,40.08865619088024,39.62580845036038,39.77511215209961,18695800,0.0,0.0
2022-01-18 00:00:00-05:00,39.6407325664598,39.991602495484045,39.252539563529716,39.887088775634766,21570300,0.0,0.0
2022-01-19 00:00:00-05:00,39.91695514219708,40.073725739605486,39.46903548816303,39.93935012817383,18374200,0.0,0.0
2022-01-20 00:00:00-05:00,39.93188430541197,40.26782047125863,39.62580717027724,39.86469650268555,24297100,0.0,0.0
2022-01-21 00:00:00-05:00,40.11104959987203,40.23796115870433,39.618339999257856,39.68552780151367,25294800,0.0,0.0
2022-01-24 00:00:00-05:00,39.64819734272007,40.09611407467068,38.96885535218338,39.536216735839844,32500600,0.0,0.0
2022-01-25 00:00:00-05:00,39.663129891058304,40.200629421672346,39.01364690123075,39.49142837524414,32075900,0.0,0.0
2022-01-26 00:00:00-05:00,39.28240216429655,39.46157059160577,37.931184880823906,38.087955474853516,41504700,0.0,0.0
2022-01-27 00:00:00-05:00,38.005831578421436,38.87180602281107,37.93117973837162,38.21485900878906,35339600,0.0,0.0
2022-01-28 00:00:00-05:00,38.40149268040278,39.51382335841569,38.21486022654583,39.49142837524414,29490800,0.0,0.0
2022-01-31 00:00:00-05:00,39.20774604195836,39.804969321605036,38.97632077518924,39.7377815246582,25182400,0.0,0.0
2022-02-01 00:00:00-05:00,39.86469962279365,40.01400333139535,38.976327178570756,39.71539306640625,33045600,0.0,0.0
2022-02-02 00:00:00-05:00,39.98414541022014,40.521645041261515,39.790046027183315,40.16331100463867,24160200,0.0,0.0
2022-02-03 00:00:00-05:00,40.31261241442462,40.738134206531825,40.08865402612379,40.15584182739258,21219800,0.0,0.0
2022-02-04 00:00:00-05:00,39.95427499864225,40.18570026046003,39.737780674469334,39.79750442504883,16199800,0.0,0.0
2022-02-07 00:00:00-05:00,39.73779118678753,39.834840883260355,39.20028868052073,39.56608963012695,15438900,0.0,0.0
2022-02-08 00:00:00-05:00,39.57354511764604,39.69298977678325,39.252539910040355,39.431705474853516,13911700,0.0,0.0
2022-02-09 00:00:00-05:00,39.67806579915983,40.05879479969246,39.47650238201234,39.93935012817383,16449300,0.0,0.0
2022-02-10 00:00:00-05:00,39.8199018336753,39.96920837143546,39.49142972883123,39.595943450927734,18644400,0.0,0.0
2022-02-11 00:00:00-05:00,39.52875833971344,39.90948733149951,39.34212586676653,39.80497360229492,18833100,0.0,0.0
2022-02-14 00:00:00-05:00,39.75271203704904,39.90201856730861,39.19281468441454,39.767642974853516,16081700,0.0,0.0
2022-02-15 00:00:00-05:00,39.790042234262515,40.006536584018235,39.67806446037147,39.834835052490234,12824100,0.0,0.0
2022-02-16 00:00:00-05:00,39.7079230644669,40.163306744303185,39.63327121600886,39.86469650268555,17277700,0.0,0.0
2022-02-17 00:00:00-05:00,39.64073239339796,40.00653325905871,39.40184307827532,39.99906921386719,17462500,0.0,0.0
2022-02-18 00:00:00-05:00,39.98414746705357,40.28275775570726,39.77511713243147,40.18571090698242,20298500,0.0,0.0
2022-02-22 00:00:00-05:00,40.31261648450249,40.335011471258014,40.00653932510566,40.23796463012695,19858400,0.0,0.0
2022-02-23 00:00:00-05:00,40.23795891975024,40.26035390332758,39.74524934655182,39.87215805053711,17841900,0.0,0.0
2022-02-24 00:00:00-05:00,39.543691940978974,39.6855316047631,38.60306261925264,39.260009765625,30079700,0.0,0.0
2022-02-25 00:00:00-05:00,39.62581357429298,40.715746685525545,39.62581357429298,40.40220260620117,31444200,0.0,0.0
2022-02-28 00:00:00-05:00,40.16330333509528,40.38726170924447,39.86469311882476,40.066253662109375,30593900,0.0,0.0
2022-03-01 00:00:00-05:00,39.93934656321468,40.454451129201075,39.76017814803638,40.02146530151367,24693100,0.0,0.0
2022-03-02 00:00:00-05:00,40.06625954201211,40.618692937251744,39.961745808590315,40.41712951660156,20712900,0.0,0.0
2022-03-03 00:00:00-05:00,40.59630468233454,41.17113315925488,40.446998103638094,40.80533218383789,27577700,0.0,0.0
2022-03-04 00:00:00-05:00,40.63362150930638,41.35028950910489,40.50670994912939,41.14126205444336,26913800,0.0,0.0
2022-03-07 00:00:00-05:00,40.87251214487143,41.2383130499699,40.68587966932407,40.820255279541016,24962800,0.0,0.0
2022-03-08 00:00:00-05:00,41.029277537124635,41.31295966135721,39.70791943610275,39.75271224975586,36526700,0.0,0.0
2022-03-09 00:00:00-05:00,40.10358739927193,40.17077520461891,39.5735490025188,39.62580871582031,23049800,0.0,0.0
2022-03-10 00:00:00-05:00,39.566080009746365,39.81990025956935,39.40184253992407,39.7377815246582,17501800,0.0,0.0
2022-03-11 00:00:00-05:00,39.83483277222985,39.999070248544555,39.57354561920324,39.595943450927734,20838500,0.0,0.0
2022-03-14 00:00:00-04:00,39.88709068628405,40.06625625809787,39.14802487114211,39.19281768798828,23124100,0.0,0.0
2022-03-15 00:00:00-04:00,39.33465643832574,39.56608171506944,38.97632245509331,39.38691329956055,20477600,0.0,0.0
2022-03-16 00:00:00-04:00,39.46902777026136,39.56607743682584,38.78222175527593,39.18534851074219,28500700,0.0,0.0
2022-03-17 00:00:00-04:00,39.17788921855558,39.22268203822519,38.819555204555485,39.08830642700195,22931500,0.0,0.0
2022-03-18 00:00:00-04:00,38.909136716826616,39.036048277825024,37.9237174987793,37.9237174987793,70390600,0.0,0.0
2022-03-21 00:00:00-04:00,38.34923412885467,38.677709055730375,38.0506239245319,38.14767074584961,39892800,0.0,0.0
2022-03-22 00:00:00-04:00,38.214852918266985,38.41641627161937,38.035687391588,38.07301330566406,28676600,0.0,0.0
2022-03-23 00:00:00-04:00,38.110341929926605,38.41641900357228,38.04315414069781,38.050621032714844,25988800,0.0,0.0
2022-03-24 00:00:00-04:00,38.10287517603879,38.214852918266985,38.02075645640063,38.07301330566406,21087300,0.0,0.0
2022-03-25 00:00:00-04:00,38.11781645038679,38.416426691775705,38.05062864771183,38.28205108642578,18765800,0.0,0.0
2022-03-28 00:00:00-04:00,38.341774596336066,38.36416958115494,38.035697463407864,38.19993209838867,21688600,0.0,0.0
2022-03-29 00:00:00-04:00,38.311915680618455,38.3268466209141,38.043164450868325,38.25965881347656,28193400,0.0,0.0
2022-03-30 00:00:00-04:00,38.23725806342356,38.54333517388494,38.132744344893126,38.528404235839844,23821200,0.0,0.0
2022-03-31 00:00:00-04:00,38.56573502073189,38.63292282651552,38.02076852839165,38.02823257446289,31027600,0.0,0.0
2022-04-01 00:00:00-04:00,38.08795223790303,38.96139077136824,37.938645702465266,38.90913391113281,30550300,0.0,0.0
2022-04-04 00:00:00-04:00,38.83448790339226,39.192821933622525,38.55080572820699,39.162960052490234,25793000,0.0,0.0
2022-04-05 00:00:00-04:00,38.96885819851813,39.49142965581988,38.91660133756648,39.4018440246582,23150600,0.0,0.0
2022-04-06 00:00:00-04:00,39.42424684773296,39.88709460952677,39.245078410510935,39.71539306640625,28661700,0.0,0.0
2022-04-07 00:00:00-04:00,39.632273235157555,40.03275094974008,39.32246912185636,39.79850769042969,22790600,0.64,0.0
2022-04-08 00:00:00-04:00,39.843838375570314,40.56167788218569,39.67004613838323,40.448333740234375,24852200,0.0,0.0
2022-04-11 00:00:00-04:00,40.70525378395885,41.33241984752145,40.58435468383933,40.72792434692383,33614900,0.0,0.0
2022-04-12 00:00:00-04:00,40.7052474972291,40.84125932416494,40.365217929889525,40.55412292480469,21136400,0.0,0.0
2022-04-13 00:00:00-04:00,40.49368076693389,41.08306351516141,40.49368076693389,40.909271240234375,19798000,0.0,0.0
2022-04-14 00:00:00-04:00,40.803487609710636,40.94705439879919,40.63725025632024,40.67503356933594,16915100,0.0,0.0
2022-04-18 00:00:00-04:00,40.62213078383399,41.01505353797158,40.2140981659456,40.342552185058594,14394300,0.0,0.0
2022-04-19 00:00:00-04:00,40.486124220382166,40.73547734143754,40.395447737760406,40.61457824707031,12890000,0.0,0.0
2022-04-20 00:00:00-04:00,40.62213843825629,41.173743690332174,40.57680307353816,41.1132926940918,19563400,0.0,0.0
2022-04-21 00:00:00-04:00,41.26440794008107,41.94446419871988,41.15862160312358,41.566654205322266,32821100,0.0,0.0
2022-04-22 00:00:00-04:00,40.38033325501668,40.455896987286906,38.8842059456061,39.22423553466797,44958400,0.0,0.0
2022-04-25 00:00:00-04:00,38.79353491948038,38.86909577429498,37.433419355584604,37.992576599121094,46028400,0.0,0.0
2022-04-26 00:00:00-04:00,37.97746188468267,38.27215612110482,37.30496051129358,37.33518600463867,29507700,0.0,0.0
2022-04-27 00:00:00-04:00,37.41074431297338,37.41074431297338,36.58711841129703,36.61734390258789,30582000,0.0,0.0
2022-04-28 00:00:00-04:00,36.791145330036215,37.15384266860382,36.496453922603926,36.572017669677734,33011700,0.0,0.0
2022-04-29 00:00:00-04:00,36.39066428056593,36.4208897766723,34.88697899758644,34.98521041870117,41014200,0.0,0.0
2022-05-02 00:00:00-04:00,35.14388852566455,35.559481874133944,34.41849394327372,34.932315826416016,33309400,0.0,0.0
2022-05-03 00:00:00-04:00,35.05321821987342,35.82395111706632,34.803865069804544,35.642601013183594,33263100,0.0,0.0
2022-05-04 00:00:00-04:00,35.69549075341726,36.587119718666436,35.51414068165337,36.549339294433594,29564600,0.0,0.0
2022-05-05 00:00:00-04:00,36.29242769377426,36.51911599984445,35.82394410065486,36.148860931396484,20664300,0.0,0.0
2022-05-06 00:00:00-04:00,35.96751839526395,36.60223944376683,35.90707028145813,36.473785400390625,19322000,0.0,0.0
2022-05-09 00:00:00-04:00,36.367990922142916,36.91959316889223,36.08085451888248,36.738243103027344,24391300,0.0,0.0
2022-05-10 00:00:00-04:00,36.94981628719521,37.35784886487785,36.09596494632981,36.36798858642578,23007300,0.0,0.0
2022-05-11 00:00:00-04:00,36.405770191131374,36.66268109486033,35.9826219725009,36.17908477783203,20133200,0.0,0.0
2022-05-12 00:00:00-04:00,36.126192811068684,36.405771400677885,35.82394366165335,36.31509780883789,21623900,0.0,0.0
2022-05-13 00:00:00-04:00,36.45867779489914,36.6098024244275,35.97508128637842,36.405784606933594,21080500,0.0,0.0
2022-05-16 00:00:00-04:00,36.2546448429267,37.17650210400468,36.08840753159491,37.05560302734375,22754700,0.0,0.0
2022-05-17 00:00:00-04:00,36.987599318031904,37.18405924837601,36.67023742136955,36.98004150390625,22043100,0.0,0.0
2022-05-18 00:00:00-04:00,36.987602798520385,37.37296776380684,36.74580460805402,36.942264556884766,22365100,0.0,0.0
2022-05-19 00:00:00-04:00,36.61735566232171,37.16140315043319,36.36800248524556,37.1009521484375,23186400,0.0,0.0
2022-05-20 00:00:00-04:00,37.05560535944614,37.47875071315948,36.96492888439768,37.42585754394531,24181800,0.0,0.0
2022-05-23 00:00:00-04:00,37.62232321044036,37.98502049075407,37.40319270281487,37.531646728515625,16761800,0.0,0.0
2022-05-24 00:00:00-04:00,37.546761347923606,38.40061285929427,36.91959817020778,38.29482650756836,25414700,0.0,0.0
2022-05-25 00:00:00-04:00,38.158811708440105,38.74063948038499,38.07569304352488,38.71797180175781,19831500,0.0,0.0
2022-05-26 00:00:00-04:00,38.770870019560206,38.997555482720145,38.468620813705584,38.52907180786133,15500400,0.0,0.0
2022-05-27 00:00:00-04:00,38.347724358741246,38.86154631473614,38.18148699578341,38.8388786315918,13347300,0.0,0.0
2022-05-31 00:00:00-04:00,38.733082002190855,38.9597703202777,38.42327790092876,38.75575256347656,25016600,0.0,0.0
2022-06-01 00:00:00-04:00,38.869101248296836,39.012670928110325,38.5744098375714,38.8388786315918,15358100,0.0,0.0
2022-06-02 00:00:00-04:00,38.95221250569523,38.982437999101705,38.075693374139426,38.75575256347656,13527800,0.0,0.0
2022-06-03 00:00:00-04:00,38.49127966674079,38.72552289167409,38.302374677025306,38.39305114746094,10819800,0.0,0.0
2022-06-06 00:00:00-04:00,38.48372855358415,38.80108758421136,38.32504903827055,38.71797180175781,12898100,0.0,0.0
2022-06-07 00:00:00-04:00,38.649968582192024,39.065559053325536,38.48373124075387,39.02777862548828,15383000,0.0,0.0
2022-06-08 00:00:00-04:00,39.08821747191575,39.262009704758015,38.86908700693416,38.952205657958984,13249700,0.0,0.0
2022-06-09 00:00:00-04:00,39.00510526943008,39.11844942728647,38.47617067020308,38.49128341674805,12078400,0.0,0.0
2022-06-10 00:00:00-04:00,38.272154046682466,38.838869045108396,38.13614221646332,38.40060806274414,19868500,0.0,0.0
2022-06-13 00:00:00-04:00,38.24949067199698,38.37794759465135,37.3276360614571,37.4712028503418,23762500,0.0,0.0
2022-06-14 00:00:00-04:00,37.471202901920876,37.66010793714281,36.9498260423947,37.14628601074219,20278700,0.0,0.0
2022-06-15 00:00:00-04:00,37.199173383717316,37.65254712696167,36.723131962172324,37.13872528076172,22005600,0.0,0.0
2022-06-16 00:00:00-04:00,36.66268181719068,37.00271138506968,36.277314012773985,36.90447998046875,22029300,0.0,0.0
2022-06-17 00:00:00-04:00,36.73069089107285,37.39563733853023,36.67023990382139,37.04804992675781,36469500,0.0,0.0
2022-06-21 00:00:00-04:00,37.2596248038595,38.46861570169368,37.191618885702475,38.27215576171875,34258500,0.0,0.0
2022-06-22 00:00:00-04:00,37.97746433973174,38.665078504244114,37.939683911838905,38.37794494628906,23650600,0.0,0.0
2022-06-23 00:00:00-04:00,38.559290274054064,39.42825448555156,38.559290274054064,39.36024856567383,21736400,0.0,0.0
2022-06-24 00:00:00-04:00,39.31490657943621,39.40558305227568,38.211702102042594,38.50639343261719,28490700,0.0,0.0
2022-06-27 00:00:00-04:00,38.755749409233516,38.90687398150449,38.27215308393557,38.50639343261719,16974900,0.0,0.0
2022-06-28 00:00:00-04:00,38.58951835323862,38.763310630689226,38.10592194946964,38.12858963012695,16615700,0.0,0.0
2022-06-29 00:00:00-04:00,38.14369889359892,38.536621656382934,38.02279980370089,38.49128341674805,13901400,0.0,0.0
2022-06-30 00:00:00-04:00,38.28726629797241,38.702859628707024,38.1285867803074,38.34771728515625,18880500,0.0,0.0
2022-07-01 00:00:00-04:00,38.5063960444121,39.11844930651596,38.219262508329294,39.02021789550781,14189300,0.0,0.0
2022-07-05 00:00:00-04:00,38.853981018066406,38.88420651141431,38.143699219160844,38.853981018066406,19675600,0.0,0.0
2022-07-06 00:00:00-04:00,38.853983517740865,39.20912588127261,38.6348558830252,38.92198944091797,14938900,0.0,0.0
2022-07-07 00:00:00-04:00,38.9908459877903,39.06736038951311,38.53177125235741,38.799564361572266,13617100,0.64,0.0
2022-07-08 00:00:00-04:00,38.654197524228266,38.96024642361774,38.570033128310065,38.63124465942383,13959200,0.0,0.0
2022-07-11 00:00:00-04:00,38.53942965751941,38.82252862768756,38.45526525658978,38.63889694213867,12259000,0.0,0.0
2022-07-12 00:00:00-04:00,38.753658367727894,39.296897481886546,38.47055946142609,38.85312271118164,20528700,0.0,0.0
2022-07-13 00:00:00-04:00,38.59298296929407,39.09031640508398,38.40935422779327,38.646541595458984,13362500,0.0,0.0
2022-07-14 00:00:00-04:00,38.195119797054375,38.684803289785144,38.04974678874886,38.63124465942383,10271700,0.0,0.0
2022-07-15 00:00:00-04:00,39.02145172781784,39.05205748849075,38.52411833242388,39.0367546081543,13021300,0.0,0.0
2022-07-18 00:00:00-04:00,39.067362674643206,39.15152414337209,38.386397593746125,38.47056198120117,16173100,0.0,0.0
2022-07-19 00:00:00-04:00,38.62359220833338,38.68480374015977,38.43996345030715,38.60063934326172,14638500,0.0,0.0
2022-07-20 00:00:00-04:00,38.61594397815983,38.67715259403668,37.49885682145951,37.54476547241211,29611400,0.0,0.0
2022-07-21 00:00:00-04:00,36.44297426411677,36.634255879941215,35.716103540238706,36.46592712402344,32321000,0.0,0.0
2022-07-22 00:00:00-04:00,35.15757003719489,35.33354881587683,33.48959371210764,34.00988006591797,58265000,0.0,0.0
2022-07-25 00:00:00-04:00,33.95631291676285,34.277664627126384,33.703819785426525,34.2470588684082,27180700,0.0,0.0
2022-07-26 00:00:00-04:00,34.04813219098488,34.56076558927629,33.87215343103143,34.369483947753906,20571800,0.0,0.0
2022-07-27 00:00:00-04:00,34.285323987248056,34.499558501196304,34.00987794432811,34.36183547973633,21560500,0.0,0.0
2022-07-28 00:00:00-04:00,34.30828128280531,34.98159359483313,34.23941976318057,34.85152053833008,22051900,0.0,0.0
2022-07-29 00:00:00-04:00,34.97393376054366,35.57838443312763,34.87446941092312,35.34119415283203,23129800,0.0,0.0
2022-08-01 00:00:00-04:00,35.41770828340518,35.57838415652101,35.13460936175221,35.394752502441406,18612100,0.0,0.0
2022-08-02 00:00:00-04:00,35.3871067944436,35.52482982195253,34.66788880979536,34.69084167480469,18710300,0.0,0.0
2022-08-03 00:00:00-04:00,34.78264992071316,34.89742006297656,34.56841543512918,34.68318557739258,17314100,0.0,0.0
2022-08-04 00:00:00-04:00,34.59903010513602,34.59903010513602,33.941020679997706,33.99457931518555,29704300,0.0,0.0
2022-08-05 00:00:00-04:00,34.03283413950375,34.41539747684357,33.941019755785646,34.3924446105957,17297500,0.0,0.0
2022-08-08 00:00:00-04:00,34.39243710295306,34.43834282542788,33.933359447122925,34.0787353515625,20597000,0.0,0.0
2022-08-09 00:00:00-04:00,34.13230104703856,34.31592981244429,33.9639722464778,34.18585968017578,14554000,0.0,0.0
2022-08-10 00:00:00-04:00,34.43834725215958,34.47660591744105,34.16290412572702,34.30827713012695,16402700,0.0,0.0
2022-08-11 00:00:00-04:00,34.40008643612135,34.6296238003518,34.23176059233952,34.26236343383789,15407300,0.0,0.0
2022-08-12 00:00:00-04:00,34.39244147199264,34.62962885151292,34.285324214309114,34.545467376708984,15090900,0.0,0.0
2022-08-15 00:00:00-04:00,34.4536461525997,34.920373795319186,34.38478464926853,34.85916519165039,15713600,0.0,0.0
2022-08-16 00:00:00-04:00,34.8132559066382,35.234074899786435,34.721441543468366,35.04279327392578,14112800,0.0,0.0
2022-08-17 00:00:00-04:00,34.75970318855915,34.981590612737584,34.62963014314451,34.69084167480469,11294400,0.0,0.0
2022-08-18 00:00:00-04:00,33.986918537758804,34.07108292175772,33.59670529771278,33.81093978881836,25957400,0.0,0.0
2022-08-19 00:00:00-04:00,33.742075357298006,34.040477125233274,33.63495812104084,33.986915588378906,19485400,0.0,0.0
2022-08-22 00:00:00-04:00,33.971616882281914,34.025175502388244,33.7344266227211,33.79563522338867,15031400,0.0,0.0
2022-08-23 00:00:00-04:00,33.66556399950857,33.76503125584125,33.221789254890304,33.260047912597656,19014200,0.0,0.0
2022-08-24 00:00:00-04:00,33.321266174316406,33.38247770941874,33.06877588883588,33.321266174316406,17384400,0.0,0.0
2022-08-25 00:00:00-04:00,33.39777515130844,33.52784526411711,33.22179347592728,33.466636657714844,14327600,0.0,0.0
2022-08-26 00:00:00-04:00,33.35186754821327,33.43603193852815,33.08407441423526,33.09172439575195,16795700,0.0,0.0
2022-08-29 00:00:00-04:00,32.91574095788706,33.33655993095737,32.91574095788706,33.152931213378906,15039500,0.0,0.0
2022-08-30 00:00:00-04:00,33.191187972951795,33.191187972951795,32.51787584411279,32.540828704833984,20705100,0.0,0.0
2022-08-31 00:00:00-04:00,32.49492015155322,32.58673450516257,31.951678172444183,31.98993682861328,28368200,0.0,0.0
2022-09-01 00:00:00-04:00,31.85986381883483,32.17356553583198,31.85986381883483,31.98993682861328,21641700,0.0,0.0
2022-09-02 00:00:00-04:00,32.135318767839834,32.29599466118467,31.484962293600336,31.599729537963867,21155700,0.0,0.0
2022-09-06 00:00:00-04:00,31.63798845031373,31.898131649772683,31.439056788951845,31.446706771850586,23898600,0.0,0.0
2022-09-07 00:00:00-04:00,31.477309844683454,31.867526069810967,31.370192580915596,31.43140411376953,25548300,0.0,0.0
2022-09-08 00:00:00-04:00,31.370190014762105,31.92108209047717,31.14830260440728,31.61503028869629,28753200,0.0,0.0
2022-09-09 00:00:00-04:00,31.890478682672025,32.38015926671876,31.72980278829291,32.31895065307617,20259500,0.0,0.0
2022-09-12 00:00:00-04:00,32.58674581230106,32.78567746726873,32.449022774736264,32.71681594848633,18553200,0.0,0.0
2022-09-13 00:00:00-04:00,32.441362207617075,32.602038059444276,31.806305861739443,31.944028854370117,21284500,0.0,0.0
2022-09-14 00:00:00-04:00,31.944037335980948,32.08176036517911,31.354889470794717,31.584426879882812,23152200,0.0,0.0
2022-09-15 00:00:00-04:00,31.393138885498047,31.576770526956015,31.148298642704702,31.393138885498047,22763400,0.0,0.0
2022-09-16 00:00:00-04:00,31.354883619146523,31.783355509879588,31.110043372649336,31.56146812438965,45069300,0.0,0.0
2022-09-19 00:00:00-04:00,31.416098545297608,31.5614715453103,31.13299960813554,31.553821563720703,18960900,0.0,0.0
2022-09-20 00:00:00-04:00,31.36253983697594,31.36253983697594,30.964673664639914,31.056488037109375,15561200,0.0,0.0
2022-09-21 00:00:00-04:00,31.132999655576604,31.293678456465916,30.199547207729797,30.207197189331055,25612100,0.0,0.0
2022-09-22 00:00:00-04:00,30.199546613869266,30.91111455657146,30.038867816139632,30.551504135131836,19806400,0.0,0.0
2022-09-23 00:00:00-04:00,30.268406359618442,30.505593714226073,29.924098839852128,30.23780059814453,19439700,0.0,0.0
2022-09-26 00:00:00-04:00,30.015918179460908,30.130688344643502,29.556843356183624,29.786380767822266,21345700,0.0,0.0
2022-09-27 00:00:00-04:00,29.992958077678338,30.37552131101932,29.671603443934472,29.755767822265625,20357700,0.0,0.0
2022-09-28 00:00:00-04:00,29.885840248320328,30.230144816537617,29.847581590762157,30.138330459594727,20567400,0.0,0.0
2022-09-29 00:00:00-04:00,29.92410749857734,29.992969022456105,29.419123963041997,29.564496994018555,17806900,0.0,0.0
2022-09-30 00:00:00-04:00,29.487980844980648,29.679262501340833,29.03655601922155,29.05185890197754,23523600,0.0,0.0
2022-10-03 00:00:00-04:00,29.457367518904718,30.123026694945864,29.373203144711734,29.962350845336914,21495300,0.0,0.0
2022-10-04 00:00:00-04:00,30.222501696778433,30.49029484812007,30.03122004046971,30.459692001342773,25922500,0.0,0.0
2022-10-05 00:00:00-04:00,30.100079818745684,30.314314327472115,29.740469391618085,30.14598846435547,17797900,0.0,0.0
2022-10-06 00:00:00-04:00,30.708500276162702,30.85632324804807,29.38586353221398,29.440324783325195,36663300,0.653,0.0
2022-10-07 00:00:00-04:00,29.27693484689568,29.331396086505045,28.63895778183031,28.670076370239258,31838700,0.0,0.0
2022-10-10 00:00:00-04:00,28.88792130374274,29.03574422909411,28.296623666507937,28.49112892150879,21622200,0.0,0.0
2022-10-11 00:00:00-04:00,28.44445720818594,28.54559783108347,27.954303002770438,27.962081909179688,27708900,0.0,0.0
2022-10-12 00:00:00-04:00,27.93096942959815,28.16437525586812,27.697560635412078,27.759803771972656,23336800,0.0,0.0
2022-10-13 00:00:00-04:00,27.324103833373144,28.46779595214514,27.261863680414894,28.31997299194336,33118100,0.0,0.0
2022-10-14 00:00:00-04:00,28.631178400542765,28.71676120392425,28.273289375415846,28.304410934448242,26019000,0.0,0.0
2022-10-17 00:00:00-04:00,28.568937461802697,29.020188183655684,28.46779388169689,28.92682647705078,21962900,0.0,0.0
2022-10-18 00:00:00-04:00,29.308057184154702,29.33139983834092,28.654522225247423,28.841245651245117,27488600,0.0,0.0
2022-10-19 00:00:00-04:00,28.45223617553711,29.074652566651206,28.444457269111197,28.45223617553711,29563600,0.0,0.0
2022-10-20 00:00:00-04:00,28.452235763864998,29.199135422395113,28.436674983322863,28.786785125732422,35523700,0.0,0.0
2022-10-21 00:00:00-04:00,27.635309255995367,27.77535328852913,26.88062785488731,27.50304412841797,51671100,0.0,0.0
2022-10-24 00:00:00-04:00,27.744238287658384,28.312193456933464,27.67421625484827,27.98542594909668,28844800,0.0,0.0
2022-10-25 00:00:00-04:00,27.93874182753919,28.38221368449097,27.8531590186686,28.343313217163086,25496500,0.0,0.0
2022-10-26 00:00:00-04:00,28.3044127498352,28.561158208531563,28.16436869312249,28.343313217163086,20328200,0.0,0.0
2022-10-27 00:00:00-04:00,28.54559510135412,28.568937754180592,28.109905154128906,28.148805618286133,20268000,0.0,0.0
2022-10-28 00:00:00-04:00,28.63117829476531,29.59592584579887,28.452233782862958,29.308055877685547,31824300,0.0,0.0
2022-10-31 00:00:00-04:00,29.18357038342812,29.20691303479291,28.802341703478046,29.074647903442383,26630600,0.0,0.0
2022-11-01 00:00:00-04:00,29.549241253021645,29.634824049557576,29.020186663449515,29.074647903442383,22968900,0.0,0.0
2022-11-02 00:00:00-04:00,28.98128528544477,29.83710728791611,28.91126326939421,29.339174270629883,30648900,0.0,0.0
2022-11-03 00:00:00-04:00,29.06687381357359,29.206917873302526,28.880147411296512,28.90349006652832,22329800,0.0,0.0
2022-11-04 00:00:00-04:00,29.059092493968336,29.074653275114795,28.63118140014518,28.973512649536133,17599400,0.0,0.0
2022-11-07 00:00:00-05:00,29.03574822230194,29.13689179982849,28.77122092040447,28.93460464477539,19697600,0.0,0.0
2022-11-08 00:00:00-05:00,28.942390302542936,29.557027785543674,28.91126874109381,29.46366310119629,17392700,0.0,0.0
2022-11-09 00:00:00-05:00,29.50256125908187,29.665947959939345,29.245815817017647,29.269155502319336,17574600,0.0,0.0
2022-11-10 00:00:00-05:00,29.798213797352243,29.99271911321997,29.424763947036084,29.969379425048828,23049000,0.0,0.0
2022-11-11 00:00:00-05:00,29.992717355862716,30.101639851500074,29.41698331666085,29.7982120513916,22981000,0.0,0.0
2022-11-14 00:00:00-05:00,29.91491461552746,30.335046760124907,29.79821025272309,29.805992126464844,23028500,0.0,0.0
2022-11-15 00:00:00-05:00,29.946031537711868,30.21055881358154,29.144667837566086,29.33139419555664,25074100,0.0,0.0
2022-11-16 00:00:00-05:00,29.30027756666453,29.619266132255042,29.27693788096031,29.47144317626953,18962200,0.0,0.0
2022-11-17 00:00:00-05:00,29.214695682638595,29.704849873282587,29.012411475024216,29.689289093017578,18780400,0.0,0.0
2022-11-18 00:00:00-05:00,29.790429740573007,30.163879526328948,29.790429740573007,29.992713928222656,17821700,0.0,0.0
2022-11-21 00:00:00-05:00,30.031617488098696,30.443970747159142,29.96937733467839,30.047178268432617,19184200,0.0,0.0
2022-11-22 00:00:00-05:00,30.218340268063944,30.59179004764243,30.218340268063944,30.498428344726562,19809500,0.0,0.0
2022-11-23 00:00:00-05:00,30.366170969526312,30.498436136369907,30.039403441881742,30.280588150024414,14170000,0.0,0.0
2022-11-25 00:00:00-05:00,30.420629056148336,30.622916238980537,30.31948843264771,30.358388900756836,7725700,0.0,0.0
2022-11-28 00:00:00-05:00,30.35060725102944,30.412850374797117,29.665950697077974,29.75153350830078,21560900,0.0,0.0
2022-11-29 00:00:00-05:00,29.580362027058822,29.85266821981969,29.52590078850665,29.829328536987305,14008800,0.0,0.0
2022-11-30 00:00:00-05:00,29.728186260323138,30.45174613880683,29.681506892624213,30.32726287841797,31358800,0.0,0.0
2022-12-01 00:00:00-05:00,30.482876869353323,30.52177734344742,29.41698844601219,29.82155990600586,26276600,0.0,0.0
2022-12-02 00:00:00-05:00,29.510340156131583,29.79820712817152,29.33139566173298,29.704845428466797,21677100,0.0,0.0
2022-12-05 00:00:00-05:00,29.54924482464335,29.65038841167605,28.70898347182303,28.841245651245117,27561000,0.0,0.0
2022-12-06 00:00:00-05:00,28.779004382975366,28.841244533256834,28.49891628692068,28.701200485229492,26293700,0.0,0.0
2022-12-07 00:00:00-05:00,28.584498133228447,29.02796994782537,28.53003392267265,28.919044494628906,23065900,0.0,0.0
2022-12-08 00:00:00-05:00,28.87236202705544,28.9735055959262,28.685635666672106,28.864580154418945,19549100,0.0,0.0
2022-12-09 00:00:00-05:00,28.950167924341855,29.27693836922701,28.75566262578877,29.097993850708008,20671200,0.0,0.0
2022-12-12 00:00:00-05:00,29.323618431840202,29.533684515373395,29.00462985341915,29.52590560913086,19629600,0.0,0.0
2022-12-13 00:00:00-05:00,29.868229443160942,30.047173939346298,29.4403184333338,29.45587921142578,30176800,0.0,0.0
2022-12-14 00:00:00-05:00,29.463663630765534,29.634829253896754,28.97351238475151,29.13689613342285,23329800,0.0,0.0
2022-12-15 00:00:00-05:00,29.370301569641356,29.829334216201374,29.300279539897776,29.385862350463867,33007200,0.0,0.0
2022-12-16 00:00:00-05:00,29.18357189144931,29.230254228676152,28.53003400984924,28.880144119262695,62763800,0.0,0.0
2022-12-19 00:00:00-05:00,29.043534095530422,29.152456593445365,28.46001816991568,28.81012535095215,26127200,0.0,0.0
2022-12-20 00:00:00-05:00,28.779001235961914,28.950163856455568,28.491131297653897,28.779001235961914,24147300,0.0,0.0
2022-12-21 00:00:00-05:00,28.996847241688688,29.44809794397558,28.97350755802825,29.39363670349121,24504300,0.0,0.0
2022-12-22 00:00:00-05:00,29.315837957767823,29.813771032291356,29.07465032633257,29.805992126464844,26865300,0.0,0.0
2022-12-23 00:00:00-05:00,29.8059919477377,29.984936459826876,29.502561199848863,29.883792877197266,16918300,0.0,0.0
2022-12-27 00:00:00-05:00,29.94603397942072,30.65403307434194,29.813768846744,30.537328720092773,25315900,0.0,0.0
2022-12-28 00:00:00-05:00,30.490649425382248,30.856320335107515,30.023837897664496,30.195003509521484,21793200,0.0,0.0
2022-12-29 00:00:00-05:00,30.26501989677017,30.755171019178757,30.194997883866833,30.54510498046875,17347000,0.0,0.0
2022-12-30 00:00:00-05:00,30.584013543574084,30.879659454005225,30.397287155167078,30.654035568237305,44007200,0.0,0.0
2023-01-03 00:00:00-05:00,30.941904270464825,31.299793319306307,30.638476469581157,31.214210510253906,31330700,0.0,0.0
2023-01-04 00:00:00-05:00,31.54098259661545,32.225639168601234,31.323134625605817,32.00001525878906,28779500,0.0,0.0
2023-01-05 00:00:00-05:00,32.054474652498655,32.63799056376532,31.758825759773895,32.443485260009766,29987200,0.0,0.0
2023-01-06 00:00:00-05:00,32.61464478188356,33.128141583760474,32.58352619188218,32.824710845947266,26010400,0.0,0.0
2023-01-09 00:00:00-05:00,32.70064560631305,32.92981651439236,32.64532817871732,32.69274139404297,23062200,0.653,0.0
2023-01-10 00:00:00-05:00,32.68482839583957,33.17478386961162,32.534678562655095,33.15107727050781,16695300,0.0,0.0
2023-01-11 00:00:00-05:00,33.30123650967105,33.33284732998128,32.41615464300079,32.54259490966797,20674800,0.0,0.0
2023-01-12 00:00:00-05:00,32.70064230625278,33.15108589383119,32.495175011997794,33.04045104980469,16980300,0.0,0.0
2023-01-13 00:00:00-05:00,32.91401900604888,33.12738453584209,32.692746248237825,33.07997131347656,17229800,0.0,0.0
2023-01-17 00:00:00-05:00,33.07205537925364,33.12737279545831,32.23438992554129,32.281803131103516,28697000,0.0,0.0
2023-01-18 00:00:00-05:00,32.28971369861109,32.28971369861109,31.467850475237476,31.586389541625977,22976500,0.0,0.0
2023-01-19 00:00:00-05:00,31.380920621561135,31.831364227453513,31.191261742539886,31.65751075744629,24812600,0.0,0.0
2023-01-20 00:00:00-05:00,31.64170870651469,31.704927334706554,31.183360840184832,31.610097885131836,23377900,0.0,0.0
2023-01-23 00:00:00-05:00,31.6021907421533,31.87877784078784,31.151744158619042,31.317699432373047,34249300,0.0,0.0
2023-01-24 00:00:00-05:00,30.574865019062116,32.186980678015736,30.353595306310194,31.942001342773438,32143900,0.0,0.0
2023-01-25 00:00:00-05:00,32.03683240426853,32.471470613007085,31.538972557748707,31.870880126953125,26527000,0.0,0.0
2023-01-26 00:00:00-05:00,31.910389770792232,32.06053662749913,31.554775621145996,31.823461532592773,19568100,0.0,0.0
2023-01-27 00:00:00-05:00,31.78395161877525,32.14746698928285,31.428337445638004,32.1158561706543,17254000,0.0,0.0
2023-01-30 00:00:00-05:00,32.27390142223571,32.60580591419007,32.16326659158426,32.43985366821289,22272600,0.0,0.0
2023-01-31 00:00:00-05:00,32.46357371417373,32.858699958905696,32.408253266503166,32.85079574584961,18665200,0.0,0.0
2023-02-01 00:00:00-05:00,33.18270346442739,33.19060466293457,32.503085838997364,32.94562530517578,19542000,0.0,0.0
2023-02-02 00:00:00-05:00,32.98514012557546,33.135287012821415,32.558403059204004,33.0562629699707,18443800,0.0,0.0
2023-02-03 00:00:00-05:00,33.01674758979943,33.1668974900542,32.5109864858494,32.80337905883789,18314400,0.0,0.0
2023-02-06 00:00:00-05:00,32.803377880012164,32.86659952302096,32.32132641765244,32.621620178222656,15530700,0.0,0.0
2023-02-07 00:00:00-05:00,32.39244023598631,32.56629367668671,31.70491862535395,32.04472732543945,21668500,0.0,0.0
2023-02-08 00:00:00-05:00,32.02892780866935,32.16327228005878,31.704924455354774,32.021026611328125,14080200,0.0,0.0
2023-02-09 00:00:00-05:00,32.1000520154905,32.131662835354085,31.41253326361282,31.459949493408203,17485700,0.0,0.0
2023-02-10 00:00:00-05:00,31.61009501847807,31.66541244359452,31.388825318012266,31.617996215820312,15398500,0.0,0.0
2023-02-13 00:00:00-05:00,31.61799296308431,31.981511309475373,31.515262335335755,31.862972259521484,14486000,0.0,0.0
2023-02-14 00:00:00-05:00,31.973610766487266,32.068443223159164,31.538972557748707,31.870880126953125,12292400,0.0,0.0
2023-02-15 00:00:00-05:00,31.791851795118557,31.926196262688507,31.68911814516195,31.910390853881836,11265200,0.0,0.0
2023-02-16 00:00:00-05:00,31.657518176938396,31.77605425046429,31.373026777157467,31.483661651611328,16625900,0.0,0.0
2023-02-17 00:00:00-05:00,31.483654065522312,31.91829225953825,31.341408399906406,31.783950805664062,15029200,0.0,0.0
2023-02-21 00:00:00-05:00,31.531067214201183,31.594285829096037,30.946279199914404,30.977890014648438,17805500,0.0,0.0
2023-02-22 00:00:00-05:00,31.120139947486884,31.28609222581032,30.843549802374188,31.041112899780273,15086800,0.0,0.0
2023-02-23 00:00:00-05:00,30.91467241268288,31.072723492370418,30.440522188193864,30.448423385620117,16738200,0.0,0.0
2023-02-24 00:00:00-05:00,30.211347580771548,30.6301803699541,30.10071273189869,30.614377975463867,16431500,0.0,0.0
2023-02-27 00:00:00-05:00,30.811940065299726,30.938380319126175,30.527448740546856,30.725011825561523,14210900,0.0,0.0
2023-02-28 00:00:00-05:00,30.582774267134415,30.796142817238344,30.464235178885264,30.669702529907227,16685300,0.0,0.0
2023-03-01 00:00:00-05:00,30.590667849023692,30.590667849023692,30.148128460845896,30.266664505004883,18411700,0.0,0.0
2023-03-02 00:00:00-05:00,30.108618286906047,30.39310966208263,29.98217801066912,30.35359764099121,18818900,0.0,0.0
2023-03-03 00:00:00-05:00,30.37729776598728,30.432615186621266,30.077004058138016,30.23505210876465,23407500,0.0,0.0
2023-03-06 00:00:00-05:00,30.32198197748339,30.52744927767495,30.069101465381078,30.148128509521484,22925600,0.0,0.0
2023-03-07 00:00:00-05:00,30.10861434986409,30.148129380362448,29.579146704410206,29.958467483520508,23713500,0.0,0.0
2023-03-08 00:00:00-05:00,29.871541124365585,29.879445336793374,29.5159269294594,29.658172607421875,20295600,0.0,0.0
2023-03-09 00:00:00-05:00,29.713488618113136,29.75300364921877,28.860017605642007,28.883724212646484,26506900,0.0,0.0
2023-03-10 00:00:00-05:00,28.954843195161214,29.176112869954608,28.773085531641897,28.986454010009766,23940700,0.0,0.0
2023-03-13 00:00:00-04:00,28.87582015991211,29.500120208937005,28.75728110746367,28.87582015991211,21834500,0.0,0.0
2023-03-14 00:00:00-04:00,28.97064808314259,29.19191775396862,28.84420784058869,29.14450454711914,22433200,0.0,0.0
2023-03-15 00:00:00-04:00,28.994357165559506,29.44480075658113,28.860015715235672,29.286752700805664,21722200,0.0,0.0
2023-03-16 00:00:00-04:00,29.09709335281268,29.144509582427453,28.79679659439984,28.907434463500977,29164400,0.0,0.0
2023-03-17 00:00:00-04:00,28.883727134402616,29.1049998755974,28.575529153873877,29.073389053344727,47352500,0.0,0.0
2023-03-20 00:00:00-04:00,29.207722098950374,29.8004112796007,29.18401549638774,29.57914161682129,19247800,0.0,0.0
2023-03-21 00:00:00-04:00,29.808317974684876,29.847829987106934,29.523826661928762,29.82412338256836,16648100,0.0,0.0
2023-03-22 00:00:00-04:00,29.863636633406156,29.99007688714408,29.468510463653466,29.484315872192383,15321800,0.0,0.0
2023-03-23 00:00:00-04:00,29.47641703386946,29.73720180043974,29.36578216850291,29.531734466552734,15799000,0.0,0.0
2023-03-24 00:00:00-04:00,29.65817065933696,29.792515130621055,29.436900959073242,29.76090431213379,14957700,0.0,0.0
2023-03-27 00:00:00-04:00,30.02169383493851,30.203451548392596,29.792519886184813,30.069107055664062,14472800,0.0,0.0
2023-03-28 00:00:00-04:00,30.045396016126016,30.274569931095787,29.966368968943193,30.029590606689453,13092600,0.0,0.0
2023-03-29 00:00:00-04:00,30.274571194733713,30.432619266548944,30.156032126298552,30.408912658691406,12308900,0.0,0.0
2023-03-30 00:00:00-04:00,30.46422875324312,30.622279832713783,30.377300508805575,30.551156997680664,13918700,0.0,0.0
2023-03-31 00:00:00-04:00,30.65388613544367,30.859350398284022,30.46422426510606,30.73291015625,22801500,0.0,0.0
2023-04-03 00:00:00-04:00,30.859359350332298,31.27819522291155,30.835652740127937,30.993703842163086,19354900,0.0,0.0
2023-04-04 00:00:00-04:00,31.04901053347461,31.3335018157959,30.985788908704105,31.3335018157959,18577100,0.0,0.0
2023-04-05 00:00:00-04:00,31.396726643739537,31.799757045034376,31.27028638373154,31.697023391723633,23561300,0.0,0.0
2023-04-06 00:00:00-04:00,31.731570678427683,31.95650235070951,31.45843804874366,31.715503692626953,21546600,0.653,0.0
2023-04-10 00:00:00-04:00,31.498599092203264,31.611064910888672,31.321868404753506,31.611064910888672,16114300,0.0,0.0
2023-04-11 00:00:00-04:00,31.595003591991706,31.892235146471368,31.546802638104204,31.691402435302734,12539700,0.0,0.0
2023-04-12 00:00:00-04:00,31.627134842504134,31.83600258050248,31.41023514433539,31.490570068359375,13095200,0.0,0.0
2023-04-13 00:00:00-04:00,31.482533604038274,31.58696746826172,31.26563391578829,31.58696746826172,13515800,0.0,0.0
2023-04-14 00:00:00-04:00,31.62713153528454,31.667297460864415,31.241533133683113,31.506633758544922,11008400,0.0,0.0
2023-04-17 00:00:00-04:00,31.506632802976753,31.739596390059916,31.44236487242719,31.699430465698242,11572900,0.0,0.0
2023-04-18 00:00:00-04:00,31.707465607245005,31.723532589942188,31.249567325997955,31.28169822692871,16588500,0.0,0.0
2023-04-19 00:00:00-04:00,31.265627652710954,31.321863617923,30.944297229069758,31.008562088012695,17701200,0.0,0.0
2023-04-20 00:00:00-04:00,30.253434255958634,30.365900064449455,29.7071691308917,29.87586784362793,31521300,0.0,0.0
2023-04-21 00:00:00-04:00,30.068671594879188,30.068671594879188,29.763405037847384,29.980304718017578,23823800,0.0,0.0
2023-04-24 00:00:00-04:00,29.875865860300255,30.116867507596908,29.70716715876319,29.803565979003906,20362500,0.0,0.0
2023-04-25 00:00:00-04:00,29.490271934594926,30.012438162710644,29.37780611671491,29.964237213134766,24959400,0.0,0.0
2023-04-26 00:00:00-04:00,29.803571576248206,30.076704171945128,29.578639931955617,29.658971786499023,21499300,0.0,0.0
2023-04-27 00:00:00-04:00,29.883903593903003,31.17726655194369,29.82767068828937,31.16119956970215,28841000,0.0,0.0
2023-04-28 00:00:00-04:00,30.97643680272005,31.329901252100882,30.89610188390817,31.193336486816406,19197500,0.0,0.0
2023-05-01 00:00:00-04:00,31.466470573563473,31.474505598839993,31.072840140013007,31.096939086914062,17043500,0.0,0.0
2023-05-02 00:00:00-04:00,30.904137908114972,30.936268812215708,30.11687406506466,30.261470794677734,17268700,0.0,0.0
2023-05-03 00:00:00-04:00,30.49443487865532,30.767567459316137,30.213270338767853,30.510501861572266,16703200,0.0,0.0
2023-05-04 00:00:00-04:00,30.414108357701295,30.494440221898152,29.95620998995799,30.00440788269043,16163100,0.0,0.0
2023-05-05 00:00:00-04:00,30.14096957305648,30.39803516333923,29.851770017872493,30.390003204345703,15817400,0.0,0.0
2023-05-08 00:00:00-04:00,30.269502368197855,30.45426806968461,30.07670164325401,30.390003204345703,10672400,0.0,0.0
2023-05-09 00:00:00-04:00,30.381977459627713,30.381977459627713,30.068678867317335,30.18114471435547,12226800,0.0,0.0
2023-05-10 00:00:00-04:00,30.373939392294538,30.39000637642221,29.956206998366714,30.229339599609375,14427500,0.0,0.0
2023-05-11 00:00:00-04:00,30.052602790551667,30.23736849258401,29.980302901542178,30.20523452758789,11068700,0.0,0.0
2023-05-12 00:00:00-04:00,30.237370516545656,30.31770543441324,30.052604802145876,30.19720458984375,10670700,0.0,0.0
2023-05-15 00:00:00-04:00,30.229338089940793,30.229338089940793,29.49830720319113,29.53847312927246,20408700,0.0,0.0
2023-05-16 00:00:00-04:00,29.41797757457181,29.546510399814636,28.952047232240677,28.960079193115234,20244700,0.0,0.0
2023-05-17 00:00:00-04:00,29.096640495957256,29.193039327080267,28.95204071704094,29.06450653076172,16741100,0.0,0.0
2023-05-18 00:00:00-04:00,28.927943486448218,29.056476303985455,28.69497986148104,29.02434539794922,20365900,0.0,0.0
2023-05-19 00:00:00-04:00,29.09664704369689,29.337645707969152,28.944012206901846,28.960079193115234,16829200,0.0,0.0
2023-05-22 00:00:00-04:00,29.120742093360793,29.185010029612936,28.847609493216925,28.887775421142578,16634300,0.0,0.0
2023-05-23 00:00:00-04:00,28.87170924949562,29.650941143928247,28.75924342235358,29.11271095275879,21539700,0.0,0.0
2023-05-24 00:00:00-04:00,29.104675047459637,29.120742031488536,28.79940847983829,28.815475463867188,16044200,0.0,0.0
2023-05-25 00:00:00-04:00,28.550378317102243,28.566445301372315,27.907714268618978,27.97197914123535,32465900,0.0,0.0
2023-05-26 00:00:00-04:00,27.988046245538236,28.164780008803064,27.851478410888895,28.116579055786133,18216700,0.0,0.0
2023-05-30 00:00:00-04:00,28.092474432959733,28.221007217226298,27.93983964482467,28.03624153137207,19353300,0.0,0.0
2023-05-31 00:00:00-04:00,28.004109908419217,28.903839473441067,28.004109908419217,28.6226749420166,53756700,0.0,0.0
2023-06-01 00:00:00-04:00,28.598580608224943,28.839582344914515,28.45398079199695,28.694982528686523,20565300,0.0,0.0
2023-06-02 00:00:00-04:00,27.63457884019877,28.03624421250129,27.088313688710254,27.779178619384766,61527900,0.0,0.0
2023-06-05 00:00:00-04:00,27.939841079166577,28.23707564791851,27.67474353871022,27.682775497436523,30125600,0.0,0.0
2023-06-06 00:00:00-04:00,27.714913058434014,27.907713801987217,27.578348291117713,27.875579833984375,18406700,0.0,0.0
2023-06-07 00:00:00-04:00,27.891645077362437,28.34150834347237,27.81934518609996,28.325441360473633,25494100,0.0,0.0
2023-06-08 00:00:00-04:00,28.309377686818863,28.47004138926865,28.10050997049223,28.46200942993164,17749700,0.0,0.0
2023-06-09 00:00:00-04:00,28.486105601980743,28.61463839011829,28.32543885069296,28.494140625,14953900,0.0,0.0
2023-06-12 00:00:00-04:00,28.646775270278486,28.743174105081785,28.405776651038387,28.606609344482422,14044500,0.0,0.0
2023-06-13 00:00:00-04:00,28.518247085299237,28.751213782875904,28.45397914205152,28.502180099487305,17706700,0.0,0.0
2023-06-14 00:00:00-04:00,28.62267489680853,28.90383942778891,28.614639873372774,28.703006744384766,16538700,0.0,0.0
2023-06-15 00:00:00-04:00,28.727109343916556,29.29747656640801,28.662844470564693,29.273374557495117,18890900,0.0,0.0
2023-06-16 00:00:00-04:00,29.337637285133702,29.474202032043344,29.056469703819044,29.28943634033203,36102100,0.0,0.0
2023-06-20 00:00:00-04:00,28.9841802889449,29.056477127924587,28.74317856782254,28.76728057861328,17687900,0.0,0.0
2023-06-21 00:00:00-04:00,28.67890660504397,28.89580626179585,28.51823985213923,28.783340454101562,17121200,0.0,0.0
2023-06-22 00:00:00-04:00,28.775312827113982,28.85564469198232,28.574480100478922,28.79941177368164,12431200,0.0,0.0
2023-06-23 00:00:00-04:00,28.879743151431576,28.984177014488683,28.502176691161612,28.526275634765625,18991500,0.0,0.0
2023-06-26 00:00:00-04:00,28.646776508994165,29.032374929344734,28.518243702210643,29.008275985717773,15840000,0.0,0.0
2023-06-27 00:00:00-04:00,29.217142221175862,29.466175888434595,29.096644432087317,29.36174201965332,17757800,0.0,0.0
2023-06-28 00:00:00-04:00,29.321572481009916,29.610772042369675,29.112707833618774,29.578638076782227,16756400,0.0,0.0
2023-06-29 00:00:00-04:00,29.55453748439022,29.739303179504603,29.450103634294802,29.7152042388916,16740800,0.0,0.0
2023-06-30 00:00:00-04:00,29.72323611274231,29.924068789179756,29.60273528109446,29.87586784362793,19098300,0.0,0.0
2023-07-03 00:00:00-04:00,29.85980283446736,30.02850462281233,29.691104110586036,29.948169708251953,10367100,0.0,0.0
2023-07-05 00:00:00-04:00,29.94817225670506,30.269505813363303,29.90800632823876,30.10883903503418,19868300,0.0,0.0
2023-07-06 00:00:00-04:00,30.044576480883897,30.05260844141141,29.77144385598626,29.82767677307129,21558200,0.0,0.0
2023-07-07 00:00:00-04:00,29.617521553450207,29.723821838520195,29.331320559980625,29.355854034423828,20482700,0.653,0.0
2023-07-10 00:00:00-04:00,29.37220832193384,29.404917544757605,28.61991491292633,28.734394073486328,30326400,0.0,0.0
2023-07-11 00:00:00-04:00,28.71803849657471,28.79981155088491,28.382776772210562,28.611738204956055,28340300,0.0,0.0
2023-07-12 00:00:00-04:00,28.701681202256335,28.816163467587128,28.382774118570364,28.50543212890625,27299600,0.0,0.0
2023-07-13 00:00:00-04:00,28.4727193521399,28.505428566718326,28.145633445000424,28.325531005859375,25641900,0.0,0.0
2023-07-14 00:00:00-04:00,28.15381383938025,28.211053408344128,27.761312601061125,27.810373306274414,31576000,0.0,0.0
2023-07-17 00:00:00-04:00,27.516002908929234,27.516002908929234,25.553493370356673,25.72521209716797,97510600,0.0,0.0
2023-07-18 00:00:00-04:00,26.183128157691183,27.107143222082456,26.142241638222714,26.387556076049805,79722200,0.0,0.0
2023-07-19 00:00:00-04:00,27.565061206221348,27.933032102399327,27.115320386147214,27.777667999267578,61881000,0.0,0.0
2023-07-20 00:00:00-04:00,27.72042883288959,27.802198757978093,27.401518638669952,27.507822036743164,32839900,0.0,0.0
2023-07-21 00:00:00-04:00,27.401521153858763,27.753137478795086,27.278866254967497,27.704076766967773,25179400,0.0,0.0
2023-07-24 00:00:00-04:00,27.704074875844015,28.292825212843617,27.56506225673556,27.785844802856445,30784200,0.0,0.0
2023-07-25 00:00:00-04:00,28.325534055947458,28.579025817242616,27.573240755571213,27.998451232910156,35719500,0.0,0.0
2023-07-26 00:00:00-04:00,27.679542932608026,28.301005641823444,27.614127611245998,28.080223083496094,27916000,0.0,0.0
2023-07-27 00:00:00-04:00,27.990271196885203,28.301002517185903,27.426051245224606,27.434226989746094,28097500,0.0,0.0
2023-07-28 00:00:00-04:00,27.53235210264262,28.063865968130706,27.524176357948296,27.82672882080078,30642100,0.0,0.0
2023-07-31 00:00:00-04:00,27.802202024923584,27.90032657042462,27.671368257814514,27.86762046813965,24500400,0.0,0.0
2023-08-01 00:00:00-04:00,28.039336027660358,28.047511772475083,27.246154649755532,27.336103439331055,27289500,0.0,0.0
2023-08-02 00:00:00-04:00,27.36881087731042,27.55688418904488,27.16438295768742,27.246152877807617,20481600,0.0,0.0
2023-08-03 00:00:00-04:00,27.025375212071566,27.18891820105531,26.763707677426805,27.033554077148438,20465700,0.0,0.0
2023-08-04 00:00:00-04:00,26.9844889048088,27.009019260175293,26.600163367678192,26.673757553100586,24584000,0.0,0.0
2023-08-07 00:00:00-04:00,26.698290163036976,26.84547852911436,26.313964638354605,26.600162506103516,24314000,0.0,0.0
2023-08-08 00:00:00-04:00,26.534747090555353,26.82912382163494,26.518392481126174,26.632871627807617,22178900,0.0,0.0
2023-08-09 00:00:00-04:00,26.58380771827984,26.845478349024205,26.444798217540846,26.747350692749023,20798500,0.0,0.0
2023-08-10 00:00:00-04:00,26.861832322530457,27.246157880166567,26.837301965855158,27.000844955444336,19031600,0.0,0.0
2023-08-11 00:00:00-04:00,26.951783619428525,27.32793034680155,26.9436078728871,27.27886962890625,15271400,0.0,0.0
2023-08-14 00:00:00-04:00,27.139853899229998,27.46693987154114,27.098968932521856,27.44240951538086,17934000,0.0,0.0
2023-08-15 00:00:00-04:00,27.27068624023524,27.401519998463055,27.15620709170126,27.197092056274414,15528600,0.0,0.0
2023-08-16 00:00:00-04:00,27.22980303102121,27.507825175093267,27.098969264359248,27.205272674560547,17395100,0.0,0.0
2023-08-17 00:00:00-04:00,27.27886700096252,27.37699154662354,26.861832223087823,27.033554077148438,19128000,0.0,0.0
2023-08-18 00:00:00-04:00,26.870008213563736,27.32792479054181,26.870008213563736,27.131675720214844,21722700,0.0,0.0
2023-08-21 00:00:00-04:00,27.10714745883315,27.16438703537411,26.79641610095154,26.98448944091797,27074400,0.0,0.0
2023-08-22 00:00:00-04:00,27.049908596759725,27.24615768741996,26.89454135405373,27.148033142089844,21722000,0.0,0.0
2023-08-23 00:00:00-04:00,27.148031388324647,27.287040891952035,26.99266415565539,27.13985252380371,15766400,0.0,0.0
2023-08-24 00:00:00-04:00,26.99266382428342,27.458762397246346,26.984488079185706,27.29521942138672,18561400,0.0,0.0
2023-08-25 00:00:00-04:00,27.254329893768062,27.409693979192888,27.000838167664334,27.270681381225586,14912100,0.0,0.0
2023-08-28 00:00:00-04:00,27.376987420127886,27.4914665593643,27.197089847429176,27.434226989746094,16050400,0.0,0.0
2023-08-29 00:00:00-04:00,27.7940249908564,28.41548457598742,27.761315770764526,28.36642074584961,28782800,0.0,0.0
2023-08-30 00:00:00-04:00,28.52995891799095,28.579022739858587,28.251936832719114,28.325531005859375,15021400,0.0,0.0
2023-08-31 00:00:00-04:00,28.497254182243836,28.734391346224,28.423659997536987,28.603557586669922,24333200,0.0,0.0
2023-09-01 00:00:00-04:00,28.61173552990917,28.742569285250152,28.489077519573282,28.50543212890625,14748700,0.0,0.0
2023-09-05 00:00:00-04:00,28.497252887519608,28.677150468479205,28.04751205444336,28.04751205444336,17486000,0.0,0.0
2023-09-06 00:00:00-04:00,27.883968162372327,28.161990269533337,27.794022494183658,27.949386596679688,19187100,0.0,0.0
2023-09-07 00:00:00-04:00,27.9493858723236,28.22740797227919,27.597769595340857,27.646833419799805,26605800,0.0,0.0
2023-09-08 00:00:00-04:00,27.64683375822079,27.663188366573966,27.172559473946432,27.35245704650879,24872400,0.0,0.0
2023-09-11 00:00:00-04:00,27.556888501770004,27.87579560720008,27.458763958404518,27.753137588500977,18883900,0.0,0.0
2023-09-12 00:00:00-04:00,27.90850362326466,27.949388587958328,27.638657241505307,27.834909439086914,15784400,0.0,0.0
2023-09-13 00:00:00-04:00,28.04751331115894,28.04751331115894,27.401520259061726,27.687721252441406,21027900,0.0,0.0
2023-09-14 00:00:00-04:00,28.02298277213607,28.112931566055856,27.75313639037672,27.834909439086914,26570100,0.0,0.0
2023-09-15 00:00:00-04:00,27.76949122491906,27.941209949616283,27.52417831544833,27.630481719970703,38205200,0.0,0.0
2023-09-18 00:00:00-04:00,27.720428969395652,27.777668541104013,27.409697637748323,27.41787338256836,16233700,0.0,0.0
2023-09-19 00:00:00-04:00,27.45876330713177,27.581418203598723,27.188916920123212,27.311574935913086,23379300,0.0,0.0
2023-09-20 00:00:00-04:00,27.458763331635843,27.753136955012984,27.27886574013627,27.475114822387695,23742000,0.0,0.0
2023-09-21 00:00:00-04:00,27.409697698897087,27.67954094907812,27.197090901229398,27.22162437438965,17993800,0.0,0.0
2023-09-22 00:00:00-04:00,27.197092960563168,27.401520909548925,26.927249689949903,27.21344757080078,22740000,0.0,0.0
2023-09-25 00:00:00-04:00,27.123499766142086,27.18891820948509,26.878186842251946,27.115324020385742,17616900,0.0,0.0
2023-09-26 00:00:00-04:00,26.894537687251766,27.123495968246882,26.82912237239143,26.97631072998047,18841600,0.0,0.0
2023-09-27 00:00:00-04:00,26.94360493393072,26.992665646474574,26.420269871309436,26.493864059448242,22083500,0.0,0.0
2023-09-28 00:00:00-04:00,26.493857428599227,26.673751861774655,26.493857428599227,26.616512298583984,18772100,0.0,0.0
2023-09-29 00:00:00-04:00,26.67375384331989,26.780057233994896,26.469325925503135,26.50203514099121,19787600,0.0,0.0
2023-10-02 00:00:00-04:00,26.526568429478065,26.551101903471253,25.94599382724537,25.97052574157715,24722600,0.0,0.0
2023-10-03 00:00:00-04:00,25.921462852933665,26.174951496662104,25.84786867135898,26.150421142578125,21389400,0.0,0.0
2023-10-04 00:00:00-04:00,25.99505828597835,26.1422450965523,25.67614963058117,25.790630340576172,23694100,0.0,0.0
2023-10-05 00:00:00-04:00,25.80698132971307,26.101358046672587,25.659792971233315,26.01958656311035,22774400,0.0,0.0
2023-10-06 00:00:00-04:00,25.84002710068243,25.89013659645542,25.17189358758326,25.764862060546875,31291800,0.665,0.0
2023-10-09 00:00:00-04:00,25.672994109603252,26.307720249637665,25.672994109603252,26.265962600708008,20344300,0.0,0.0
2023-10-10 00:00:00-04:00,26.291019105737686,26.558271907922958,26.15739270464505,26.524866104125977,19151900,0.0,0.0
2023-10-11 00:00:00-04:00,26.58332499251414,26.70024768439911,26.232555323907032,26.27431297302246,15694200,0.0,0.0
2023-10-12 00:00:00-04:00,26.165745451667746,26.199152849563404,25.597832431060844,25.81497573852539,21718300,0.0,0.0
2023-10-13 00:00:00-04:00,25.95695028545358,26.215851210348564,25.589476925860833,25.614532470703125,24528400,0.0,0.0
2023-10-16 00:00:00-04:00,25.75650875536585,26.157387884776107,25.572772885957498,26.098926544189453,21087900,0.0,0.0
2023-10-17 00:00:00-04:00,25.982002722777498,26.341124191137574,25.973650875495636,26.316068649291992,21186000,0.0,0.0
2023-10-18 00:00:00-04:00,26.24090824180266,26.291017741373896,25.881786710145562,25.931896209716797,22024300,0.0,0.0
2023-10-19 00:00:00-04:00,26.240908212922523,26.700248743216548,26.224204515433073,26.374534606933594,28806600,0.0,0.0
2023-10-20 00:00:00-04:00,26.366182327270508,26.842226547273707,26.349478630054055,26.366182327270508,27271200,0.0,0.0
2023-10-23 00:00:00-04:00,26.291017783379836,26.441347875285995,26.107281889356905,26.215852737426758,31725800,0.0,0.0
2023-10-24 00:00:00-04:00,27.68574436572796,28.77980939913802,27.535414284115163,28.646183013916016,61617900,0.0,0.0
2023-10-25 00:00:00-04:00,28.81322139138286,28.905090143245086,28.06157086333268,28.136735916137695,30832800,0.0,0.0
2023-10-26 00:00:00-04:00,28.111680603551417,28.98025379717113,28.0949769053005,28.788166046142578,34367000,0.0,0.0
2023-10-27 00:00:00-04:00,28.71299425797031,28.888378269584972,27.844421268206364,27.927936553955078,23924800,0.0,0.0
2023-10-30 00:00:00-04:00,28.26200863502673,29.063766977007976,28.26200863502673,28.913436889648438,31497700,0.0,0.0
2023-10-31 00:00:00-04:00,28.988601375826565,29.40618423581567,28.955193982410385,29.339372634887695,28903400,0.0,0.0
2023-11-01 00:00:00-04:00,29.57321727484562,29.698493404060272,29.356075594898435,29.56486701965332,26071200,0.0,0.0
2023-11-02 00:00:00-04:00,29.489700709244797,30.015852783115715,29.489700709244797,29.98244857788086,24946000,0.0,0.0
2023-11-03 00:00:00-04:00,30.057610541905422,30.374971167566766,30.015849714299172,30.082664489746094,23323200,0.0,0.0
2023-11-06 00:00:00-05:00,30.049261026355175,30.091018673510987,29.74860086938651,29.765304565429688,15544000,0.0,0.0
2023-11-07 00:00:00-05:00,29.815415899473145,30.149480265379225,29.773658251972922,30.015853881835938,17654600,0.0,0.0
2023-11-08 00:00:00-05:00,30.015858956385692,30.049266354395517,29.731902445111828,29.873882293701172,16971500,0.0,0.0
2023-11-09 00:00:00-05:00,29.95739526319869,30.107725356597552,29.614977425102303,29.74860382080078,15685800,0.0,0.0
2023-11-10 00:00:00-05:00,29.990804323442877,29.999154579804316,29.564871159104843,29.82377052307129,12791200,0.0,0.0
2023-11-13 00:00:00-05:00,29.76530028371669,30.216290454295137,29.573212585708195,29.915630340576172,17236700,0.0,0.0
2023-11-14 00:00:00-05:00,30.074320914807465,30.149485968888886,29.907290293208657,29.96575164794922,17667100,0.0,0.0
2023-11-15 00:00:00-05:00,29.965748560001682,30.157836303769727,29.93234116476257,30.065967559814453,22855500,0.0,0.0
2023-11-16 00:00:00-05:00,30.13277994677788,30.383329019277262,30.007503817576037,30.21629524230957,19110800,0.0,0.0
2023-11-17 00:00:00-05:00,30.38332895486399,30.38332895486399,30.13277988289578,30.258052825927734,19355200,0.0,0.0
2023-11-20 00:00:00-05:00,30.29980919905969,30.792557067095192,30.232997602767234,30.675634384155273,18656400,0.0,0.0
2023-11-21 00:00:00-05:00,30.784208294922244,31.276956186689798,30.77585485379326,31.109922409057617,22946400,0.0,0.0
2023-11-22 00:00:00-05:00,31.176738972240948,31.335419317792457,31.084870230009468,31.193439483642578,14613100,0.0,0.0
2023-11-24 00:00:00-05:00,31.276956740222364,31.377175734213598,31.15168060830504,31.243549346923828,6766700,0.0,0.0
2023-11-27 00:00:00-05:00,31.276957970173243,31.35212301509859,31.143331577628683,31.193439483642578,15245300,0.0,0.0
2023-11-28 00:00:00-05:00,31.193438935478124,31.32706532567446,31.06816598674031,31.29366111755371,14521700,0.0,0.0
2023-11-29 00:00:00-05:00,31.343776096205087,31.644436338474563,31.343776096205087,31.535863876342773,16387400,0.0,0.0
2023-11-30 00:00:00-05:00,31.594322782859315,32.10377122921363,31.585969341006606,32.011905670166016,36623500,0.0,0.0
2023-12-01 00:00:00-05:00,32.070361611953416,32.245745630432644,31.96178918750739,32.2206916809082,20762500,0.0,0.0
2023-12-04 00:00:00-05:00,32.07037076448619,32.21234743351538,31.761357097943318,31.769710540771484,22109200,0.0,0.0
2023-12-05 00:00:00-05:00,32.028605302645246,32.19563909016256,31.81146360900589,32.087066650390625,23003300,0.0,0.0
2023-12-06 00:00:00-05:00,31.9450896374591,32.4712449470705,31.80311299052676,32.15388107299805,20218500,0.0,0.0
2023-12-07 00:00:00-05:00,32.1956448589201,32.34597497603111,31.986853383588702,32.2791633605957,15223200,0.0,0.0
2023-12-08 00:00:00-05:00,32.28750716387145,32.304210860867684,31.744648162159706,31.94508934020996,21850400,0.0,0.0
2023-12-11 00:00:00-05:00,31.978496497360997,32.06201179581914,31.302011110594126,31.460691452026367,21914500,0.0,0.0
2023-12-12 00:00:00-05:00,31.37717319297283,31.435634533558293,31.043105658852387,31.15167808532715,17096700,0.0,0.0
2023-12-13 00:00:00-05:00,30.967939607593774,31.02640094024805,30.450134681364933,30.89277458190918,32473200,0.0,0.0
2023-12-14 00:00:00-05:00,31.109919983524374,31.71959051632925,31.05145864379679,31.627721786499023,28551600,0.0,0.0
2023-12-15 00:00:00-05:00,31.360476053507313,31.594324650638754,31.01805819310909,31.210145950317383,51721600,0.0,0.0
2023-12-18 00:00:00-05:00,31.50245228715986,31.56926388874549,31.126627072289374,31.460691452026367,22057200,0.0,0.0
2023-12-19 00:00:00-05:00,31.402235963866197,31.51916186378577,31.31037039278691,31.377182006835938,17642500,0.0,0.0
2023-12-20 00:00:00-05:00,31.31871185238737,31.510799569440184,31.134974390030713,31.15167808532715,18134600,0.0,0.0
2023-12-21 00:00:00-05:00,31.19343721453715,31.36047098954343,31.07651452780403,31.260251998901367,15421000,0.0,0.0
2023-12-22 00:00:00-05:00,31.251901142773406,31.552561325471707,31.23520063120531,31.310365676879883,13171600,0.0,0.0
2023-12-26 00:00:00-05:00,31.268607906344347,31.43564171154492,31.160038640983093,31.30201530456543,11856600,0.0,0.0
2023-12-27 00:00:00-05:00,31.176734059664334,31.285303296189987,31.06816163723468,31.160030364990234,15267600,0.0,0.0
2023-12-28 00:00:00-05:00,31.051463144910898,31.502453418958346,31.026409191654217,31.310365676879883,14931700,0.0,0.0
2023-12-29 00:00:00-05:00,31.218491733086594,31.53585237448431,31.168380649016637,31.48574447631836,16222700,0.0,0.0
2024-01-02 00:00:00-05:00,31.510799236300286,32.546406032401684,31.46904159145273,32.47124099731445,23810900,0.0,0.0
2024-01-03 00:00:00-05:00,33.01409614365595,33.17277965141766,32.680031805128586,32.70508575439453,26263900,0.0,0.0
2024-01-04 00:00:00-05:00,33.13937661531775,33.28135326101496,32.87212383502522,32.88047409057617,24214600,0.0,0.0
2024-01-05 00:00:00-05:00,32.96398747959166,33.71563461325051,32.82200766993915,33.57365798950195,30276700,0.0,0.0
2024-01-08 00:00:00-05:00,33.53190747485284,33.62377303485867,32.9723447433548,33.49014663696289,28483000,0.0,0.0
2024-01-09 00:00:00-05:00,33.333042850266686,33.333042850266686,32.92540347932473,33.154701232910156,17880100,0.665,0.0
2024-01-10 00:00:00-05:00,33.188663482666016,33.205645617425965,32.83197709975779,33.188663482666016,16354700,0.0,0.0
2024-01-11 00:00:00-05:00,33.146195599581326,33.146195599581326,31.897801464960114,32.186546325683594,31289800,0.0,0.0
2024-01-12 00:00:00-05:00,32.43283047173935,32.925396633989465,32.415845096527725,32.74705505371094,18774800,0.0,0.0
2024-01-16 00:00:00-05:00,32.76404193974234,33.41796109758389,32.56871173561602,33.367008209228516,31039400,0.0,0.0
2024-01-17 00:00:00-05:00,32.88293330730356,33.48589952132521,32.84046825140799,33.010318756103516,21377100,0.0,0.0
2024-01-18 00:00:00-05:00,32.721571135894806,33.12921036932562,32.662123950162936,33.06976318359375,17112800,0.0,0.0
2024-01-19 00:00:00-05:00,33.180167656365924,33.48589790210845,32.85745203701229,33.40097427368164,20561700,0.0,0.0
2024-01-22 00:00:00-05:00,33.46042754343503,33.73218709135165,33.38399496810664,33.6132926940918,26039200,0.0,0.0
2024-01-23 00:00:00-05:00,34.87866350195505,35.88077779175908,34.47102428502895,35.863792419433594,49713700,0.0,0.0
2024-01-24 00:00:00-05:00,35.86380204947188,35.9572200025321,34.98058188915816,35.05701446533203,27910400,0.0,0.0
2024-01-25 00:00:00-05:00,35.20138343280807,35.92324402759945,35.09947442593105,35.91475296020508,24613200,0.0,0.0
2024-01-26 00:00:00-05:00,35.91474933678793,36.084599824199465,35.7533899159141,36.0081672668457,20367200,0.0,0.0
2024-01-29 00:00:00-05:00,35.7703770581961,35.999674741600856,35.37972318556373,35.71092987060547,23905700,0.0,0.0
2024-01-30 00:00:00-05:00,35.66847111033825,36.178019401777185,35.50711490729603,36.06761932373047,20044600,0.0,0.0
2024-01-31 00:00:00-05:00,35.829826115764845,36.696060773960276,35.702440666977495,35.96570587158203,23392300,0.0,0.0
2024-02-01 00:00:00-05:00,36.2459585485233,36.27992929631477,35.64299235355435,36.08460235595703,19586500,0.0,0.0
2024-02-02 00:00:00-05:00,35.83831681361269,36.06761448589266,35.52409551736026,35.77886962890625,21548600,0.0,0.0
2024-02-05 00:00:00-05:00,35.668470919479375,35.82133605401889,35.057010381321305,35.141937255859375,20466200,0.0,0.0
2024-02-06 00:00:00-05:00,35.15043119866854,35.303296345711836,34.77676263902341,34.90414810180664,17517600,0.0,0.0
2024-02-07 00:00:00-05:00,34.904146144752524,34.93811689544171,34.27570345514805,34.326656341552734,21815600,0.0,0.0
2024-02-08 00:00:00-05:00,34.224749989298715,34.28419718781089,33.49439499085844,33.8935432434082,19523500,0.0,0.0
2024-02-09 00:00:00-05:00,33.88505433858181,34.04641056775674,33.34153196948979,33.7321891784668,18479400,0.0,0.0
2024-02-12 00:00:00-05:00,33.740679738497434,34.114348324458135,33.57082920319548,34.054901123046875,15060500,0.0,0.0
2024-02-13 00:00:00-05:00,34.13982668518747,34.36063010476766,33.698216606397715,34.080379486083984,14483600,0.0,0.0
2024-02-14 00:00:00-05:00,34.29268947902368,34.42856924472104,33.944497376947375,34.09736251831055,12443200,0.0,0.0
2024-02-15 00:00:00-05:00,34.14831552940343,34.49650763274129,34.122839085626985,34.471031188964844,12081400,0.0,0.0
2024-02-16 00:00:00-05:00,34.21625408074751,34.53896647284191,33.74916762723918,34.386104583740234,12645500,0.0,0.0
2024-02-20 00:00:00-05:00,34.31816734071106,34.74279203101415,34.19927294576687,34.39459991455078,12069500,0.0,0.0
2024-02-21 00:00:00-05:00,34.38610870308133,34.92113347810359,34.28419644529961,34.90414810180664,16268200,0.0,0.0
2024-02-22 00:00:00-05:00,34.606913050095415,34.75977820126619,34.063393952434616,34.589927673339844,22068900,0.0,0.0
2024-02-23 00:00:00-05:00,34.50499917472066,34.94660918934777,34.36062511242482,34.53047561645508,15228600,0.0,0.0
2024-02-26 00:00:00-05:00,34.47951991108831,34.504999592760335,33.48589979586095,33.706703186035156,25108400,0.0,0.0
2024-02-27 00:00:00-05:00,33.69821394144704,33.95298809454649,33.48590160725931,33.910526275634766,17074100,0.0,0.0
2024-02-28 00:00:00-05:00,33.936006720224356,34.14831907944443,33.851083072388136,34.054901123046875,12437000,0.0,0.0
2024-02-29 00:00:00-05:00,34.05490345443747,34.16530679588636,33.84259108068255,33.98696517944336,20486500,0.0,0.0
2024-03-01 00:00:00-05:00,33.961486125512096,34.21626030654401,33.77465021426161,34.139827728271484,12130900,0.0,0.0
2024-03-04 00:00:00-05:00,33.902032071282484,34.25022741045433,33.55383997173978,34.23324203491211,18753900,0.0,0.0
2024-03-05 00:00:00-05:00,34.2672119140625,34.78525456519248,33.902034413745604,34.2672119140625,20640100,0.0,0.0
2024-03-06 00:00:00-05:00,34.26720944204818,34.28419481753869,33.77464651133978,33.910526275634766,16331100,0.0,0.0
2024-03-07 00:00:00-05:00,34.05489937919433,34.20776452917536,33.44344201889956,33.57082748413086,17100600,0.0,0.0
2024-03-08 00:00:00-05:00,33.63876751660248,33.868065231526394,33.45193162156169,33.55384063720703,17807900,0.0,0.0
2024-03-11 00:00:00-04:00,33.6047986536267,34.16530313062343,33.596307585024505,34.080379486083984,12344600,0.0,0.0
2024-03-12 00:00:00-04:00,33.99545260191516,34.19077957605939,33.885052511939755,34.080379486083984,12452700,0.0,0.0
2024-03-13 00:00:00-04:00,34.216252690426266,34.39459425348901,34.02092575379154,34.190773010253906,13751800,0.0,0.0
2024-03-14 00:00:00-04:00,33.969973719162894,34.02092984600813,33.49439292082812,33.7746467590332,17475400,0.0,0.0
2024-03-15 00:00:00-04:00,33.63026465973027,33.91051843104841,33.239610832706546,33.53684997558594,54893900,0.0,0.0
2024-03-18 00:00:00-04:00,33.528363426171026,33.93600271905598,33.3415275354045,33.910526275634766,16200800,0.0,0.0
2024-03-19 00:00:00-04:00,33.868059780747764,34.01243059304096,33.80861259455307,33.94449234008789,15226900,0.0,0.0
2024-03-20 00:00:00-04:00,33.936000584826644,34.19926902892901,33.800120829077116,34.07188034057617,15198800,0.0,0.0
2024-03-21 00:00:00-04:00,34.07187960311355,34.471027794326154,33.952985224359715,34.428565979003906,21868300,0.0,0.0
2024-03-22 00:00:00-04:00,34.59841568493984,34.65786287295081,33.97846088489034,34.2841911315918,17816400,0.0,0.0
2024-03-25 00:00:00-04:00,34.42006786588169,34.71730701952548,34.37760605525501,34.70881271362305,14587200,0.0,0.0
2024-03-26 00:00:00-04:00,34.67484754770316,34.81921836149735,34.57293530777099,34.691829681396484,17854100,0.0,0.0
2024-03-27 00:00:00-04:00,34.904141232034675,35.48163095395345,34.904141232034675,35.27781295776367,19260100,0.0,0.0
2024-03-28 00:00:00-04:00,35.3627428745326,35.79586186284517,35.35425180635926,35.63450241088867,19771400,0.0,0.0
2024-04-01 00:00:00-04:00,35.65997780643292,35.9572137511946,35.26932068522337,35.90625762939453,15031600,0.0,0.0
2024-04-02 00:00:00-04:00,35.92324250646833,36.24595812748093,35.88927175907147,36.1270637512207,17260800,0.0,0.0
2024-04-03 00:00:00-04:00,36.16103257045158,36.432792055878224,36.11856751865542,36.3818359375,18211800,0.0,0.0
2024-04-04 00:00:00-04:00,36.5092240009314,36.87439817114684,36.04213435604125,36.050628662109375,16461400,0.0,0.0
2024-04-05 00:00:00-04:00,35.880777597800304,36.0421337745774,35.3372586448369,35.7703742980957,14338700,0.0,0.0
2024-04-08 00:00:00-04:00,35.77037752678284,35.79585720724742,35.42218546363555,35.439170837402344,14457800,0.0,0.0
2024-04-09 00:00:00-04:00,35.43485657459412,35.5384158731383,34.98609522478167,35.2449951171875,17224100,0.665,0.0
2024-04-10 00:00:00-04:00,35.04651186467942,35.089661306406356,34.48555924595505,34.968841552734375,17900400,0.0,0.0
2024-04-11 00:00:00-04:00,34.908424855985274,34.925685287722224,34.59774366890158,34.65815353393555,14782200,0.0,0.0
2024-04-12 00:00:00-04:00,34.67541481684025,34.744453253391995,34.24391388909669,34.27843475341797,21555000,0.0,0.0
2024-04-15 00:00:00-04:00,34.61500549316406,34.8221240981582,34.39062316364774,34.61500549316406,16442800,0.0,0.0
2024-04-16 00:00:00-04:00,34.61500739213446,34.64089639615627,34.14898556719551,34.32158660888672,14016800,0.0,0.0
2024-04-17 00:00:00-04:00,34.390621503953106,34.502812663296915,34.05405131801239,34.3302116394043,21009200,0.0,0.0
2024-04-18 00:00:00-04:00,34.39062422885875,34.66678457213193,34.2698044901881,34.632266998291016,20173700,0.0,0.0
2024-04-19 00:00:00-04:00,34.52007878871072,35.09828852821782,34.502818354265415,34.94295120239258,24706500,0.0,0.0
2024-04-22 00:00:00-04:00,35.72828251498353,35.935401142126345,33.27735681318545,33.31187438964844,51243200,0.0,0.0
2024-04-23 00:00:00-04:00,33.5794084912808,34.51145225377206,33.380918421585385,34.26118087768555,25972800,0.0,0.0
2024-04-24 00:00:00-04:00,34.08858081192867,34.22666100758447,33.60529848108761,34.079952239990234,15946600,0.0,0.0
2024-04-25 00:00:00-04:00,33.90734896282113,34.36473896385792,33.62255672603808,33.84693908691406,16837700,0.0,0.0
2024-04-26 00:00:00-04:00,33.70885154807761,34.48555119408879,33.57077139153625,34.24391174316406,18246200,0.0,0.0
2024-04-29 00:00:00-04:00,34.43377102654141,35.22773105367959,34.40787873550662,34.597740173339844,19438600,0.0,0.0
2024-04-30 00:00:00-04:00,34.44241151905237,34.45104009099081,34.03679950402341,34.079952239990234,20222200,0.0,0.0
2024-05-01 00:00:00-04:00,33.94186493132751,34.22665383489592,33.769263899905916,33.829673767089844,17754000,0.0,0.0
2024-05-02 00:00:00-04:00,33.93323464496338,34.07131481809492,33.441323822426575,33.59666442871094,17394900,0.0,0.0
2024-05-03 00:00:00-04:00,33.700221582768016,33.82967317709929,33.44132168619627,33.56214141845703,13195600,0.0,0.0
2024-05-06 00:00:00-04:00,33.76063491925771,33.95912497010248,33.70885690987542,33.94186782836914,13348800,0.0,0.0
2024-05-07 00:00:00-04:00,34.11446450513363,34.157617234377675,33.734744849259705,33.92460632324219,11935200,0.0,0.0
2024-05-08 00:00:00-04:00,33.864200937478344,34.1489898940759,33.74337788852176,34.071319580078125,10438000,0.0,0.0
2024-05-09 00:00:00-04:00,34.09720533126765,34.373368981847555,33.98501744894427,34.33884811401367,12881000,0.0,0.0
2024-05-10 00:00:00-04:00,34.356108868387174,34.88253729335394,34.26980669799749,34.86528015136719,16888500,0.0,0.0
2024-05-13 00:00:00-04:00,34.81349819770557,35.081029982770794,34.597747713905235,34.98609924316406,21365700,0.0,0.0
2024-05-14 00:00:00-04:00,35.02925008252785,35.11554896266313,34.88253803578838,34.94295120239258,17664400,0.0,0.0
2024-05-15 00:00:00-04:00,35.16733026599905,35.30541044947024,34.899798470233684,34.94295120239258,14926000,0.0,0.0
2024-05-16 00:00:00-04:00,34.770349267672785,34.89979758459072,34.64089765866368,34.7358283996582,12913200,0.0,0.0
2024-05-17 00:00:00-04:00,34.85665021488878,34.873910649920745,34.37337120235934,34.571861267089844,14670400,0.0,0.0
2024-05-20 00:00:00-04:00,34.563224470434825,34.78760680173361,34.52870360529795,34.623634338378906,8665000,0.0,0.0
2024-05-21 00:00:00-04:00,34.60637924110866,34.62363967633816,33.8987178571564,34.192138671875,18327000,0.0,0.0
2024-05-22 00:00:00-04:00,34.261177807433015,34.675418345166136,34.19213607176525,34.33884811401367,12374100,0.0,0.0
2024-05-23 00:00:00-04:00,34.17487647837493,34.34747752969828,33.7520073593285,34.028167724609375,14105000,0.0,0.0
2024-05-24 00:00:00-04:00,34.09720292853295,34.29569625854492,34.08857435822809,34.29569625854492,10420000,0.0,0.0
2024-05-28 00:00:00-04:00,34.27843556608918,34.338845434038205,33.80378190064554,33.96775436401367,15071300,0.0,0.0
2024-05-29 00:00:00-04:00,33.8814502165321,34.06268310185422,33.65707119044902,33.743370056152344,17652000,0.0,0.0
2024-05-30 00:00:00-04:00,33.84693419402132,34.830755793248784,33.81241332932436,34.804866790771484,19633200,0.0,0.0
2024-05-31 00:00:00-04:00,34.64089747428996,35.624719162831106,34.60637660645911,35.51253128051758,38917400,0.0,0.0
2024-06-03 00:00:00-04:00,35.53842289813164,35.823211848445965,35.29678338973265,35.365821838378906,20688100,0.0,0.0
2024-06-04 00:00:00-04:00,35.27951441021851,35.866355895996094,35.14143425427617,35.866355895996094,16040200,0.0,0.0
2024-06-05 00:00:00-04:00,35.90087773336207,36.004440331697005,35.49526907886872,35.68512725830078,11964000,0.0,0.0
2024-06-06 00:00:00-04:00,35.65061294793242,36.00444362774089,35.503900899572606,35.66787338256836,10259100,0.0,0.0
2024-06-07 00:00:00-04:00,35.521160311562944,35.63335148742093,35.21911094435821,35.331298828125,10410200,0.0,0.0
2024-06-10 00:00:00-04:00,35.305406113752724,35.322666546078345,34.804866744673134,34.873905181884766,15210700,0.0,0.0
2024-06-11 00:00:00-04:00,34.770346154234595,35.02924605697899,34.70993628666393,34.88253402709961,12083300,0.0,0.0
2024-06-12 00:00:00-04:00,35.18458852525171,35.210477529273525,34.15761742993015,34.32158660888672,15065300,0.0,0.0
2024-06-13 00:00:00-04:00,34.30432263805215,34.34747207100263,33.91597115731644,34.3302116394043,12297400,0.0,0.0
2024-06-14 00:00:00-04:00,34.07131372638782,34.38199492900175,34.04542472353363,34.23528289794922,10480600,0.0,0.0
2024-06-17 00:00:00-04:00,34.17487399979025,34.17487399979025,33.613924738787084,34.054054260253906,22286600,0.0,0.0
2024-06-18 00:00:00-04:00,34.26980965238388,34.67542165795509,34.26118108064664,34.5891227722168,17125700,0.0,0.0
2024-06-20 00:00:00-04:00,34.381997461206076,34.925689605822896,34.35610845644518,34.72719955444336,17704700,0.0,0.0
2024-06-21 00:00:00-04:00,34.839387436468,34.848019299449064,34.43377876281901,34.72719955444336,30375300,0.0,0.0
2024-06-24 00:00:00-04:00,34.856648498307685,35.572941702447714,34.79623862471651,35.529788970947266,20773800,0.0,0.0
2024-06-25 00:00:00-04:00,35.56430961796671,35.92677214934911,35.236371246824504,35.45212173461914,17475700,0.0,0.0
2024-06-26 00:00:00-04:00,35.38308441240504,35.529793182203726,35.132813025239706,35.40034484863281,19709900,0.0,0.0
2024-06-27 00:00:00-04:00,35.38307420118912,35.41759506368228,35.0033545900363,35.22773361206055,15560800,0.0,0.0
2024-06-28 00:00:00-04:00,35.26226066447254,35.883623130060464,35.11554861916819,35.59020233154297,27639200,0.0,0.0
2024-07-01 00:00:00-04:00,35.74553816790746,36.228820431257795,35.685128296500054,36.02170181274414,16412100,0.0,0.0
2024-07-02 00:00:00-04:00,35.92677270486793,35.98718257901722,35.14144104883587,35.46937942504883,21659400,0.0,0.0
2024-07-03 00:00:00-04:00,35.4952689780274,35.71964802293365,35.33992837305731,35.486637115478516,6653900,0.0,0.0
2024-07-05 00:00:00-04:00,35.52978670178961,35.71101960307968,35.339928522096244,35.6160888671875,17552200,0.0,0.0
2024-07-08 00:00:00-04:00,35.64197931005747,35.89225066168133,35.45212112269724,35.84046936035156,15380400,0.0,0.0
2024-07-09 00:00:00-04:00,35.78868742780428,36.05621589178598,35.56430510539749,35.64197540283203,20475200,0.0,0.0
2024-07-10 00:00:00-04:00,35.85687336069649,36.076154625519294,35.69021745801255,36.03229904174805,13826800,0.665,0.0
2024-07-11 00:00:00-04:00,36.03230025862608,36.27789421281249,35.742847373220656,36.22526550292969,12487800,0.0,0.0
2024-07-12 00:00:00-04:00,36.23404035477753,36.46209141654049,36.137556055043135,36.33929443359375,11129100,0.0,0.0
2024-07-15 00:00:00-04:00,36.33929845317584,36.3656111392987,35.69899743843765,35.77793884277344,15874900,0.0,0.0
2024-07-16 00:00:00-04:00,35.83056488691914,36.444553227048075,35.80425220030286,36.356842041015625,16016900,0.0,0.0
2024-07-17 00:00:00-04:00,36.44454661435731,37.00590613343038,36.41823393251534,36.86556625366211,20401700,0.0,0.0
2024-07-18 00:00:00-04:00,36.75154417352924,37.29536081560336,36.593661382932424,36.90065383911133,15752800,0.0,0.0
2024-07-19 00:00:00-04:00,37.102388594367554,37.102388594367554,36.33929074496635,36.505943298339844,17608000,0.0,0.0
2024-07-22 00:00:00-04:00,35.04115145961838,35.08500704923653,33.94474498932974,34.28682327270508,54985800,0.0,0.0
2024-07-23 00:00:00-04:00,33.97983382368391,34.44470913775168,33.962290917081894,34.11140060424805,25257700,0.0,0.0
2024-07-24 00:00:00-04:00,34.418398129985306,34.93590218910632,34.25174218211927,34.79555892944336,22889000,0.0,0.0
2024-07-25 00:00:00-04:00,34.962203938828424,35.9358132493425,34.9008054549191,35.04114532470703,19740300,0.0,0.0
2024-07-26 00:00:00-04:00,34.99728788875739,35.23410868788103,34.77800664470745,35.1639404296875,15911500,0.0,0.0
2024-07-29 00:00:00-04:00,35.155175612679855,35.19025807374376,34.79555110956596,35.1113166809082,12937200,0.0,0.0
2024-07-30 00:00:00-04:00,35.0937782676929,35.31305957074163,34.93589880778759,35.120094299316406,16089200,0.0,0.0
2024-07-31 00:00:00-04:00,35.11131443402967,35.77793134108597,35.06745885103119,35.541107177734375,23605400,0.0,0.0
2024-08-01 00:00:00-04:00,35.672675992146466,36.12001166414421,35.330597740599195,35.83055877685547,18166800,0.0,0.0
2024-08-02 00:00:00-04:00,36.13755609729233,36.786626821045886,35.444626440177814,35.93581771850586,26124900,0.0,0.0
2024-08-05 00:00:00-04:00,35.085009763420715,35.32183398083988,34.76924414019516,34.909584045410156,26855000,0.0,0.0
2024-08-06 00:00:00-04:00,35.05868940888743,35.5060217133064,34.874490604981695,35.313053131103516,18104200,0.0,0.0
2024-08-07 00:00:00-04:00,35.40077235811335,35.716537954325176,35.26043246490442,35.33060073852539,12176300,0.0,0.0
2024-08-08 00:00:00-04:00,35.33059569498857,35.77793134108597,35.30428301438278,35.541107177734375,13237100,0.0,0.0
2024-08-09 00:00:00-04:00,35.51480018165022,35.78670684734225,35.11132005397002,35.74285125732422,11818700,0.0,0.0
2024-08-12 00:00:00-04:00,35.91827913570204,35.96213472837246,35.35691951919928,35.54988479614258,11099000,0.0,0.0
2024-08-13 00:00:00-04:00,35.6551373681754,35.78670412823293,35.391997156126784,35.769161224365234,15349400,0.0,0.0
2024-08-14 00:00:00-04:00,35.61127615611284,36.049838686833276,35.51479520996626,35.87441635131836,10931100,0.0,0.0
2024-08-15 00:00:00-04:00,35.821793799878904,35.89196207695158,35.08500848779649,35.120094299316406,17489600,0.0,0.0
2024-08-16 00:00:00-04:00,35.17272041096693,35.628825932424746,35.13763794467573,35.62005615234375,13377500,0.0,0.0
2024-08-19 00:00:00-04:00,35.63759315885869,35.83933152699707,35.57619467055426,35.73407745361328,9401400,0.0,0.0
2024-08-20 00:00:00-04:00,35.66390621342561,35.92704307261838,35.63759353129634,35.83055877685547,8784000,0.0,0.0
2024-08-21 00:00:00-04:00,35.88318827940614,36.02352816380554,35.72530549121098,36.005985260009766,13683400,0.0,0.0
2024-08-22 00:00:00-04:00,36.04983710866665,36.102465814597124,35.62004772111695,35.84809875488281,13529600,0.0,0.0
2024-08-23 00:00:00-04:00,35.953358913162326,36.163867061031745,35.891957078569845,36.146324157714844,11757300,0.0,0.0
2024-08-26 00:00:00-04:00,36.28666457561029,36.6112032728286,36.17264072131203,36.39192199707031,10309500,0.0,0.0
2024-08-27 00:00:00-04:00,36.444553227048075,36.52349463286418,36.1200178235673,36.356842041015625,9778200,0.0,0.0
2024-08-28 00:00:00-04:00,36.39192199707031,36.58488724448022,36.27789479680532,36.39192199707031,12732700,0.0,0.0
2024-08-29 00:00:00-04:00,36.43577883481471,36.46209151810035,36.08492744316093,36.18141174316406,17338100,0.0,0.0
2024-08-30 00:00:00-04:00,36.225270130494245,36.742774132899896,36.11124291749853,36.64628982543945,20009900,0.0,0.0
2024-09-03 00:00:00-04:00,36.804167313065605,37.65497970581055,36.76908150706308,37.65497970581055,23319900,0.0,0.0
2024-09-04 00:00:00-04:00,37.716378726606585,37.95320290152221,36.137554239802434,36.383148193359375,31272700,0.0,0.0
2024-09-05 00:00:00-04:00,36.234039306640625,36.67260185931664,35.87441814728496,36.234039306640625,28199800,0.0,0.0
2024-09-06 00:00:00-04:00,36.27789588305576,36.65505995633058,36.076157504833596,36.09370040893555,18100300,0.0,0.0
2024-09-09 00:00:00-04:00,36.19018568719796,37.52341644456289,36.19018568719796,37.47956085205078,27850300,0.0,0.0
2024-09-10 00:00:00-04:00,37.53218611498864,38.3215967454258,37.172564935952764,38.28651428222656,36980400,0.0,0.0
2024-09-11 00:00:00-04:00,38.163712289782964,38.435622280040555,37.66375124180081,38.4180793762207,22395500,0.0,0.0
2024-09-12 00:00:00-04:00,38.154945155682434,38.48825365943043,38.09354666104031,38.47071075439453,18397000,0.0,0.0
2024-09-13 00:00:00-04:00,38.53210246721989,39.00575078192388,38.26019250597136,38.970664978027344,20029700,0.0,0.0
2024-09-16 00:00:00-04:00,39.12855238217679,39.51448623283165,38.9969822749709,39.47063064575195,24714500,0.0,0.0
2024-09-17 00:00:00-04:00,39.25134557209552,39.25134557209552,38.523330182236315,38.663673400878906,18769600,0.0,0.0
2024-09-18 00:00:00-04:00,38.681212147385125,39.032063494712936,38.400532407909445,38.48824691772461,16897900,0.0,0.0
2024-09-19 00:00:00-04:00,38.558417384167214,38.56719050863354,38.005830997586756,38.54087448120117,23097200,0.0,0.0
2024-09-20 00:00:00-04:00,38.40053974198883,39.00575826442104,38.28651587640145,38.88296127319336,52671900,0.0,0.0
2024-09-23 00:00:00-04:00,38.90049748544365,39.058380273713766,38.549649447262,38.821556091308594,18083200,0.0,0.0
2024-09-24 00:00:00-04:00,38.77769829474001,39.286432438164475,38.70753002948946,39.17240524291992,15154000,0.0,0.0
2024-09-25 00:00:00-04:00,39.29520136633947,39.36537297603827,38.96189291220316,39.07592010498047,21990100,0.0,0.0
2024-09-26 00:00:00-04:00,39.119778568451586,39.36537587451424,38.909270415788455,39.13732147216797,15779600,0.0,0.0
2024-09-27 00:00:00-04:00,39.22503584572465,39.51448539105796,39.023297472682216,39.3741455078125,15659300,0.0,0.0
2024-09-30 00:00:00-04:00,39.58465789909246,39.786396276688144,39.286435222219104,39.39168930053711,13509700,0.0,0.0
2024-10-01 00:00:00-04:00,39.43554583103123,39.68114314760406,39.17240895595817,39.65482711791992,17536400,0.0,0.0
2024-10-02 00:00:00-04:00,39.584656018373515,39.71622277352841,39.35660162255839,39.51448440551758,12040800,0.0,0.0
2024-10-03 00:00:00-04:00,39.40923129772013,39.43554398020244,38.93558293723824,39.04961013793945,12258400,0.0,0.0
2024-10-04 00:00:00-04:00,38.39176737998396,38.8127870412887,38.19879878048173,38.75138854980469,14531200,0.0,0.0
2024-10-07 00:00:00-04:00,38.66367847127401,38.71630383919983,38.39176846844517,38.45316696166992,12885000,0.0,0.0
2024-10-08 00:00:00-04:00,38.59350225540409,38.72507235147958,38.32159228496579,38.602272033691406,10855100,0.0,0.0
2024-10-09 00:00:00-04:00,38.64613540889963,38.81278798326272,38.4268541208586,38.68999099731445,12614200,0.0,0.0
2024-10-10 00:00:00-04:00,38.697115020108484,38.902002658733295,38.13590238317074,38.260616302490234,12352800,0.678,0.0
2024-10-11 00:00:00-04:00,38.4387807067217,38.518954426456624,38.12699250855279,38.30515670776367,10658700,0.0,0.0
2024-10-14 00:00:00-04:00,38.30516068761356,38.5634986334003,38.20717019795653,38.47441482543945,9923500,0.0,0.0
2024-10-15 00:00:00-04:00,38.72384193972519,39.16925073719817,38.45659394268184,38.96436309814453,15444500,0.0,0.0
2024-10-16 00:00:00-04:00,38.9643615960283,39.285053063358326,38.893094560044304,39.11579895019531,9459000,0.0,0.0
2024-10-17 00:00:00-04:00,39.08907806614749,39.195975228912296,38.77728986063415,39.06235122680664,10539500,0.0,0.0
2024-10-18 00:00:00-04:00,39.044542055522086,39.347416816163516,38.90200795893803,39.18707275390625,13058400,0.0,0.0
2024-10-21 00:00:00-04:00,39.24050712289999,39.37413109671711,38.83963859964745,38.9287223815918,18760000,0.0,0.0
2024-10-22 00:00:00-04:00,37.325265382291015,37.984468619562186,36.30082360233169,36.968936920166016,42576300,0.0,0.0
2024-10-23 00:00:00-04:00,37.28962893737733,38.21608014781896,37.2005451297196,38.18044662475586,27174700,0.0,0.0
2024-10-24 00:00:00-04:00,37.75284879519856,37.815205751966005,37.09364231168649,37.28962326049805,23506400,0.0,0.0
2024-10-25 00:00:00-04:00,37.325255548739946,37.574683367594226,36.853119951081126,36.862030029296875,19717400,0.0,0.0
2024-10-28 00:00:00-04:00,36.92438738821502,37.21835540676856,36.87093711293292,37.07582473754883,13575000,0.0,0.0
2024-10-29 00:00:00-04:00,36.8085833596323,37.12927824282476,36.781859918766095,36.8174934387207,15072300,0.0,0.0
2024-10-30 00:00:00-04:00,36.81749663635893,36.97784069368171,36.6304223394494,36.772953033447266,16372600,0.0,0.0
2024-10-31 00:00:00-04:00,36.75512629895857,37.99336540244928,36.74621961971281,37.5301399230957,31077900,0.0,0.0
2024-11-01 00:00:00-04:00,37.52123525389131,37.72612288806463,36.79076511529101,36.844215393066406,16682400,0.0,0.0
2024-11-04 00:00:00-05:00,37.1025593664138,37.209456541228896,36.434446076969614,36.57697677612305,14760900,0.0,0.0
2024-11-05 00:00:00-05:00,36.532430170996705,36.76404466197224,36.372086121043935,36.75513458251953,12322800,0.0,0.0
2024-11-06 00:00:00-05:00,36.915477782050296,37.12036540928671,36.46116233003897,36.66604995727539,21957100,0.0,0.0
2024-11-07 00:00:00-05:00,36.59479132443871,36.6927784131414,36.08702212883542,36.140472412109375,24225500,0.0,0.0
2024-11-08 00:00:00-05:00,36.29191341716415,36.389900506501,36.00684863605785,36.060298919677734,21305900,0.0,0.0
2024-11-11 00:00:00-05:00,36.051388856224854,36.41662393119899,35.997938577619095,36.024662017822266,17116400,0.0,0.0
2024-11-12 00:00:00-05:00,36.078113146938165,36.16719354851501,35.69506130339867,35.98903274536133,16984600,0.0,0.0
2024-11-13 00:00:00-05:00,35.98903220362047,36.879849798777414,35.908858484128366,36.64823532104492,19953500,0.0,0.0
2024-11-14 00:00:00-05:00,36.648236006726414,36.75513316864943,36.39880816283954,36.40771484375,13636600,0.0,0.0
2024-11-15 00:00:00-05:00,36.34535358711494,37.20944765588062,36.34535358711494,37.1025505065918,21482500,0.0,0.0
2024-11-18 00:00:00-05:00,37.12036716837861,37.931014433711184,37.12036716837861,37.63704299926758,17405400,0.0,0.0
2024-11-19 00:00:00-05:00,37.6014137966239,37.619230558168695,37.23617868045527,37.351985931396484,10520600,0.0,0.0
2024-11-20 00:00:00-05:00,37.414336286064334,37.663764107214355,37.19163190340919,37.61031723022461,14706500,0.0,0.0
2024-11-21 00:00:00-05:00,37.61032099421958,38.08245324527516,37.4232467114357,37.85974884033203,12534100,0.0,0.0
2024-11-22 00:00:00-05:00,37.94882932775288,38.60803586306407,37.71721824130273,38.43878173828125,17017400,0.0,0.0
2024-11-25 00:00:00-05:00,38.608038842875715,39.24051858757386,38.581315399584184,39.17816162109375,28365900,0.0,0.0
2024-11-26 00:00:00-05:00,39.17815921094921,39.641384789304816,38.97327156251878,39.525577545166016,17247000,0.0,0.0
2024-11-27 00:00:00-05:00,39.62356143805851,39.846265809943866,39.52557097071711,39.534481048583984,12372400,0.0,0.0
2024-11-29 00:00:00-05:00,39.534489113158564,39.6592030431427,39.24051765116761,39.49885559082031,9023100,0.0,0.0
2024-12-02 00:00:00-05:00,39.43649639378275,39.48103659508478,38.768383179653554,39.06235122680664,12783900,0.0,0.0
2024-12-03 00:00:00-05:00,39.11580405235355,39.57011957231359,38.92873315579352,39.04454040527344,15415900,0.0,0.0
2024-12-04 00:00:00-05:00,38.95545584373055,38.99999604706741,37.77957680499885,37.877567291259766,21431600,0.0,0.0
2024-12-05 00:00:00-05:00,37.939918947872535,38.189346770224425,37.87756199228456,37.9042854309082,16176900,0.0,0.0
2024-12-06 00:00:00-05:00,37.886472946479486,38.011186871724675,37.432157447629216,37.74394226074219,15685900,0.0,0.0
2024-12-09 00:00:00-05:00,37.8330215999764,38.39423419737253,37.55686694222649,37.73503112792969,15570300,0.0,0.0
2024-12-10 00:00:00-05:00,37.74394036403004,37.993371600185576,37.47669576647716,37.681583404541016,16337200,0.0,0.0
2024-12-11 00:00:00-05:00,37.5835944616343,37.82411562872013,37.316349853161014,37.405433654785156,13986100,0.0,0.0
2024-12-12 00:00:00-05:00,37.4677865741171,37.55686696793006,37.24508219138549,37.48560333251953,11232300,0.0,0.0
2024-12-13 00:00:00-05:00,37.41433333742352,37.770661680869026,37.24507924329631,37.663761138916016,13360400,0.0,0.0
2024-12-16 00:00:00-05:00,37.55687146526596,37.63704518857789,36.35426901378651,36.4166259765625,30228300,0.0,0.0
2024-12-17 00:00:00-05:00,36.22064038525062,36.63041563067008,36.08701639738815,36.327537536621094,15374000,0.0,0.0
2024-12-18 00:00:00-05:00,36.25627566204287,36.56806045126046,35.819773558938905,35.846500396728516,19199600,0.0,0.0
2024-12-19 00:00:00-05:00,35.677243559088964,36.042478632596165,35.57034640050621,35.605979919433594,17859100,0.0,0.0
2024-12-20 00:00:00-05:00,35.57034683227539,35.98012211031617,35.56143675333569,35.57034683227539,47590900,0.0,0.0
2024-12-23 00:00:00-05:00,35.570347469490805,35.74851167128265,35.48126706769464,35.579254150390625,21292300,0.0,0.0
2024-12-24 00:00:00-05:00,35.543620228459595,35.59706710454324,35.1605684249308,35.45453643798828,11712200,0.0,0.0
2024-12-26 00:00:00-05:00,35.48126495083499,35.78413965815185,35.4010912347219,35.597068786621094,12946400,0.0,0.0
2024-12-27 00:00:00-05:00,35.507996438134334,35.77524108634998,35.32092552420339,35.56144332885742,15168100,0.0,0.0
2024-12-30 00:00:00-05:00,35.454535178612204,35.490168693535,35.09821022398135,35.276371002197266,15672000,0.0,0.0
2024-12-31 00:00:00-05:00,35.3120101622417,35.659428492781075,35.231836439948026,35.62379837036133,13549900,0.0,0.0
2025-01-02 00:00:00-05:00,35.65942718896101,36.13156282440522,35.61488698891518,35.81977462768555,22470200,0.0,0.0
2025-01-03 00:00:00-05:00,35.9177653122395,36.193919991223,35.73069443205688,35.864315032958984,15229900,0.0,0.0
2025-01-06 00:00:00-05:00,35.8910421941981,35.92667571403863,35.25856250892638,35.28528594970703,27115000,0.0,0.0
2025-01-07 00:00:00-05:00,35.37436669642214,35.61488786039438,34.590449641475054,34.67061996459961,31517100,0.0,0.0
2025-01-08 00:00:00-05:00,34.66171497318323,34.73298201703378,34.24302958606048,34.688438415527344,22901600,0.0,0.0
2025-01-10 00:00:00-05:00,34.6140981018116,34.65942755395398,34.07920226633429,34.278656005859375,27338400,0.678,0.0
2025-01-13 00:00:00-05:00,34.396511220935125,34.58690044969598,34.21519341589118,34.55970001220703,19734000,0.0,0.0
2025-01-14 00:00:00-05:00,34.75009060188149,34.76821961636351,34.29678915468814,34.70475769042969,15740100,0.0,0.0
2025-01-15 00:00:00-05:00,34.72288131707388,34.98579691948347,34.51436311949842,34.61408996582031,27817100,0.0,0.0
2025-01-16 00:00:00-05:00,34.56876190712987,34.75914764404297,34.39650518080529,34.75914764404297,24678300,0.0,0.0
2025-01-17 00:00:00-05:00,34.83168058019325,35.33031492506536,34.768218656012344,35.158058166503906,24082100,0.0,0.0
2025-01-21 00:00:00-05:00,35.2396490688571,35.88333967066196,35.16712264487699,35.375640869140625,25717600,0.0,0.0
2025-01-22 00:00:00-05:00,35.257785961507956,35.665757955111474,34.98580578524414,35.31218338012695,31488900,0.0,0.0
2025-01-23 00:00:00-05:00,35.57509596126061,35.7201522732382,35.43003964928302,35.52069854736328,25153500,0.0,0.0
2025-01-24 00:00:00-05:00,36.36383974794174,36.880603079867846,35.692952137881974,35.847076416015625,37123900,0.0,0.0
2025-01-27 00:00:00-05:00,36.400107794085244,36.99846556934948,36.30944542909636,36.84434127807617,35520300,0.0,0.0
2025-01-28 00:00:00-05:00,36.80807255528413,36.99846177301756,36.58142185369145,36.62675476074219,21031900,0.0,0.0
2025-01-29 00:00:00-05:00,37.00752206980134,37.061919477025405,36.30943757329265,36.5179557800293,24238100,0.0,0.0
2025-01-30 00:00:00-05:00,36.58141921970988,36.58141921970988,35.5025632028394,35.78361129760742,27913500,0.0,0.0
2025-01-31 00:00:00-05:00,35.87427506544865,36.20971715689988,35.61135940476896,35.71108627319336,45178700,0.0,0.0
2025-02-03 00:00:00-05:00,35.63855709680663,36.372903146965534,35.49350078802331,36.24597930908203,27967100,0.0,0.0
2025-02-04 00:00:00-05:00,36.06465366321664,36.15531600666649,35.9014649034217,36.091854095458984,19190200,0.0,0.0
2025-02-05 00:00:00-05:00,36.38197326660156,36.545162055950705,36.09186063185096,36.38197326660156,16830500,0.0,0.0
2025-02-06 00:00:00-05:00,36.47263245494058,36.527029871289976,35.96493361092588,36.209716796875,15370600,0.0,0.0
2025-02-07 00:00:00-05:00,36.22784945899525,36.363841271374255,35.874274896908396,36.15532302856445,15754800,0.0,0.0
2025-02-10 00:00:00-05:00,36.2822462547221,36.39103762771425,36.10092499412492,36.21878433227539,16737500,0.0,0.0
2025-02-11 00:00:00-05:00,36.245974209010804,36.73554047917469,36.100917920637954,36.708343505859375,15182700,0.0,0.0
2025-02-12 00:00:00-05:00,36.70835597156207,36.80807939372129,36.4001108217917,36.7446174621582,14440300,0.0,0.0
2025-02-13 00:00:00-05:00,36.8171459329061,37.2704474027357,36.644889160984775,37.20698547363281,17056700,0.0,0.0
2025-02-14 00:00:00-05:00,37.29763996110067,37.43363176928857,37.11631870298859,37.161651611328125,12438200,0.0,0.0
2025-02-18 00:00:00-05:00,37.09818439033528,37.370167993213855,36.817139739702995,37.35203552246094,16357700,0.0,0.0
2025-02-19 00:00:00-05:00,37.488026083000086,38.122648763231076,37.42456416081852,38.08638381958008,21039600,0.0,0.0
2025-02-20 00:00:00-05:00,38.0773237040287,38.55782215836268,37.96853231894504,38.52156066894531,19771700,0.0,0.0
2025-02-21 00:00:00-05:00,38.467157405540675,39.192438959982866,38.23143873883743,38.766334533691406,25465100,0.0,0.0
2025-02-24 00:00:00-05:00,38.7572730435631,39.555084544746016,38.594084248811704,39.2740364074707,27560600,0.0,0.0
2025-02-25 00:00:00-05:00,39.509753373947724,39.863327927724356,39.437223486806175,39.62760925292969,24356900,0.0,0.0
2025-02-26 00:00:00-05:00,39.47348755340677,39.57321441680311,38.77540296804764,39.14710998535156,18651400,0.0,0.0
2025-02-27 00:00:00-05:00,39.05644926269998,39.364690886560744,38.88419252181881,39.228702545166016,19212300,0.0,0.0
2025-02-28 00:00:00-05:00,39.37376174444134,39.67293888422706,38.63034768992485,39.074581146240234,25197500,0.0,0.0
2025-03-03 00:00:00-05:00,38.94765845794228,39.772666931152344,38.9204614785403,39.772666931152344,22334000,0.0,0.0
2025-03-04 00:00:00-05:00,39.8905243255696,40.325693266838705,38.82073271471065,38.86606216430664,32627500,0.0,0.0
2025-03-05 00:00:00-05:00,38.78446977013266,39.30123313066817,38.42183069626353,38.8388671875,18038400,0.0,0.0
2025-03-06 00:00:00-05:00,38.98392367707496,40.1806391970003,38.8569998277519,40.09904479980469,22845900,0.0,0.0
2025-03-07 00:00:00-05:00,40.16250247515332,41.88504914106992,40.16250247515332,41.75812530517578,44992100,0.0,0.0
2025-03-10 00:00:00-04:00,41.75812500811451,42.936707922423906,41.75812500811451,42.14796447753906,39837000,0.0,0.0
2025-03-11 00:00:00-04:00,39.20150693491883,39.80892915616662,38.657543175134954,39.37376022338867,64142300,0.0,0.0
2025-03-12 00:00:00-04:00,38.1679762440033,38.88419328128237,37.324835368910755,38.612213134765625,49650800,0.0,0.0
2025-03-13 00:00:00-04:00,38.7754038295087,39.727336118541636,38.7754038295087,39.62760925292969,30708600,0.0,0.0
2025-03-14 00:00:00-04:00,39.12897960830864,39.682007910623,38.992987794868384,39.50068664550781,17432100,0.0,0.0
2025-03-17 00:00:00-04:00,39.51881425955011,39.72733247835262,39.06551288169724,39.573211669921875,15560900,0.0,0.0
2025-03-18 00:00:00-04:00,39.63667885463988,40.28036606673,39.455357587714566,40.09904479980469,16254400,0.0,0.0
2025-03-19 00:00:00-04:00,40.162505816265316,40.18063828838937,39.6366779583296,39.83612823486328,14373300,0.0,0.0
2025-03-20 00:00:00-04:00,39.85426135259747,39.85426135259747,39.32843348614372,39.663875579833984,18109300,0.0,0.0
2025-03-21 00:00:00-04:00,39.70014462736478,40.10811665288684,39.45536141205154,39.881465911865234,68445500,0.0,0.0
2025-03-24 00:00:00-04:00,39.55508485009619,40.01745079985077,39.4644224865258,39.49162292480469,18050000,0.0,0.0
2025-03-25 00:00:00-04:00,39.43721849723739,39.73639905622112,39.11990892717731,39.42815399169922,21483200,0.0,0.0
2025-03-26 00:00:00-04:00,39.62761030002002,40.189706564973335,39.500686452583935,40.053714752197266,21684400,0.0,0.0
2025-03-27 00:00:00-04:00,40.32569529466045,41.0237799204717,40.18063897360977,40.7608642578125,21905200,0.0,0.0
2025-03-28 00:00:00-04:00,40.91499055583759,41.10537633812386,40.688339826901846,40.73366928100586,19530600,0.0,0.0
2025-03-31 00:00:00-04:00,41.06911103386858,41.52241248779299,40.914990199573786,41.12350845336914,27786900,0.0,0.0
2025-04-01 00:00:00-04:00,41.24136275578833,41.34108615838606,40.90591723085113,41.14163589477539,15710800,0.0,0.0
2025-04-02 00:00:00-04:00,41.13257398204358,41.28669827858083,40.43448931065706,40.56141662597656,21924100,0.0,0.0
2025-04-03 00:00:00-04:00,41.241366527783185,41.87598577697198,40.9784508625961,41.359222412109375,30474800,0.0,0.0
2025-04-04 00:00:00-04:00,40.57953840256723,41.522406111971144,38.80259780605493,39.01111602783203,42663400,0.0,0.0
2025-04-07 00:00:00-04:00,37.6512136942602,39.28310152339828,37.397366013467725,38.6031494140625,38812000,0.0,0.0
2025-04-08 00:00:00-04:00,38.983927432278946,39.18338119095112,37.7872117970776,38.2314453125,29790200,0.0,0.0
2025-04-09 00:00:00-04:00,37.78720857284389,39.45535802176002,37.06192695557939,38.88419723510742,49426000,0.0,0.0
2025-04-10 00:00:00-04:00,39.14027946800488,39.83115281329543,38.550731261627554,39.536376953125,36501700,0.678,0.0
2025-04-11 00:00:00-04:00,40.393059042406456,40.43912007529671,39.702185716614125,40.28252029418945,30144300,0.0,0.0
2025-04-14 00:00:00-04:00,40.439119197841755,41.1299925086434,40.17198067431391,40.80758285522461,24323000,0.0,0.0
2025-04-15 00:00:00-04:00,40.99182382925113,41.16684383450628,40.73389887119848,40.9734001159668,21795300,0.0,0.0
2025-04-16 00:00:00-04:00,41.21289861317448,41.35107117086825,40.08907687132179,40.17198181152344,17271600,0.0,0.0
2025-04-17 00:00:00-04:00,40.31015627179377,40.97339582471084,40.144349897528144,40.568084716796875,16504800,0.0,0.0
2025-04-21 00:00:00-04:00,40.715468700299674,40.79837363994816,39.315298338438296,39.545589447021484,23802500,0.0,0.0
2025-04-22 00:00:00-04:00,38.67969686938147,40.22724991524519,38.26517216336284,39.785091400146484,37633800,0.0,0.0
2025-04-23 00:00:00-04:00,39.19554889456909,39.600863524771185,38.79023777833071,39.33372497558594,29402100,0.0,0.0
2025-04-24 00:00:00-04:00,39.342936217710125,39.72982714742145,39.13106879756784,39.435054779052734,16597300,0.0,0.0
2025-04-25 00:00:00-04:00,39.177123795262354,39.28766606174613,38.0809393406918,38.60600280761719,23361900,0.0,0.0
2025-04-28 00:00:00-04:00,38.68891075858032,39.13106931700272,38.559948284952604,39.04816436767578,16188500,0.0,0.0
2025-04-29 00:00:00-04:00,38.97446974004062,39.61928205372227,38.900774896212106,39.56401443481445,14712800,0.0,0.0
2025-04-30 00:00:00-04:00,40.116710064635896,40.72467844546663,39.950900186776295,40.58650588989258,29563000,0.0,0.0
2025-05-01 00:00:00-04:00,40.31937348894341,40.37464462794887,39.84957759230691,39.88642501831055,18921900,0.0,0.0
2025-05-02 00:00:00-04:00,40.033804364120265,40.43911895293917,39.904841909119106,40.29173278808594,15366500,0.0,0.0
2025-05-05 00:00:00-04:00,40.356216812940595,40.531236797722045,39.81272963350351,40.10750198364258,9210000,0.0,0.0
2025-05-06 00:00:00-04:00,40.13513741778501,40.81680070129852,40.00617494862498,40.66941452026367,12131500,0.0,0.0
2025-05-07 00:00:00-04:00,40.54044750691757,40.86285718558823,40.33779370937187,40.429908752441406,12826600,0.0,0.0
2025-05-08 00:00:00-04:00,40.3470017901876,40.586506512531685,40.07986325909746,40.17198181152344,14967400,0.0,0.0
2025-05-09 00:00:00-04:00,40.08907687132179,40.42069663212838,39.9048432804333,40.17198181152344,10878400,0.0,0.0
2025-05-12 00:00:00-04:00,39.65612679219677,39.80351295591694,38.96525349089034,39.610069274902344,20160000,0.0,0.0
2025-05-13 00:00:00-04:00,39.80352004338998,39.80352004338998,39.14028394553407,39.28767013549805,20069600,0.0,0.0
2025-05-14 00:00:00-04:00,39.407411546884624,39.55479770897725,38.91919554382092,39.01131057739258,20447500,0.0,0.0
2025-05-15 00:00:00-04:00,39.24160511540623,40.098288355784405,39.24160511540623,40.05223083496094,14608000,0.0,0.0
2025-05-16 00:00:00-04:00,40.06144760425428,40.522029876708984,39.94169522950617,40.522029876708984,13407700,0.0,0.0
2025-05-19 00:00:00-04:00,40.60493175618409,40.87206678339728,40.411484545767046,40.81679916381836,14778600,0.0,0.0
2025-05-20 00:00:00-04:00,40.770742074805746,41.03788064183706,40.715474449877846,40.7338981628418,12189900,0.0,0.0
2025-05-21 00:00:00-04:00,40.568083819774245,40.74310380282911,40.13513539741947,40.30094528198242,16038600,0.0,0.0
2025-05-22 00:00:00-04:00,40.30094891587156,40.383853865628474,39.67455674303347,39.729827880859375,14947700,0.0,0.0
2025-05-23 00:00:00-04:00,40.04302227314314,40.052232372075856,39.481111361226596,39.90484619140625,12393400,0.0,0.0
2025-05-27 00:00:00-04:00,39.86799850791757,40.25488942588115,39.83115459846309,40.070655822753906,12873700,0.0,0.0
2025-05-28 00:00:00-04:00,40.024600254669785,40.098291591140445,39.66534664371109,39.729827880859375,12783000,0.0,0.0
2025-05-29 00:00:00-04:00,39.748252596302834,39.96933012525641,39.59165279216042,39.9140625,9960400,0.0,0.0
2025-05-30 00:00:00-04:00,39.950901411557005,40.58650713415915,39.87721008245103,40.494388580322266,26569500,0.0,0.0
2025-06-02 00:00:00-04:00,40.34700341033338,40.641775762006255,39.93247869267977,40.62335205078125,11873300,0.0,0.0
2025-06-03 00:00:00-04:00,40.466756462179696,40.57729521743963,40.17198410551077,40.37464141845703,13140900,0.0,0.0
2025-06-04 00:00:00-04:00,40.448332387753716,40.46675609912569,39.831153869628906,39.831153869628906,14360100,0.0,0.0
2025-06-05 00:00:00-04:00,39.93248254383312,39.98775368283857,39.63771016373192,39.88642501831055,12095900,0.0,0.0
2025-06-06 00:00:00-04:00,39.97854402921075,40.45754651674468,39.96012031600345,40.347007751464844,10135200,0.0,0.0
2025-06-09 00:00:00-04:00,40.20882797241211,40.485176593102786,40.07986200305733,40.20882797241211,13399400,0.0,0.0
2025-06-10 00:00:00-04:00,40.20883100324425,40.85364332880556,40.135136158058025,40.6509895324707,13724100,0.0,0.0
2025-06-11 00:00:00-04:00,40.70625396088585,40.89970115735095,40.24567175647408,40.29173278808594,14602100,0.0,0.0
2025-06-12 00:00:00-04:00,40.420697265154445,40.42990736355954,39.52716661942797,39.7574577331543,22370500,0.0,0.0
2025-06-13 00:00:00-04:00,39.60086157193773,39.867996593986064,39.536376827069745,39.61928176879883,13544100,0.0,0.0
2025-06-16 00:00:00-04:00,39.57322517342263,39.71140125085435,38.99289408172207,39.14949035644531,20449300,0.0,0.0
2025-06-17 00:00:00-04:00,39.42583860811524,39.44426231918849,38.51388775075263,38.55073165893555,23028200,0.0,0.0
2025-06-18 00:00:00-04:00,38.642850470358916,38.652060568974775,38.32044079538604,38.38492202758789,18654200,0.0,0.0
2025-06-20 00:00:00-04:00,38.51388816428642,38.78102319280789,38.366501988081474,38.412559509277344,37068100,0.0,0.0
2025-06-23 00:00:00-04:00,38.51388713839982,39.04816069517505,38.43098219687013,39.02052688598633,16014400,0.0,0.0
2025-06-24 00:00:00-04:00,39.03895401373959,39.36136019570574,38.93762535256056,39.26924514770508,16716300,0.0,0.0
2025-06-25 00:00:00-04:00,39.05737070442633,39.12185192922718,38.633632423496685,38.799442291259766,15599700,0.0,0.0
2025-06-26 00:00:00-04:00,38.84550234718149,38.937620898608834,38.57836733295077,38.78102111816406,15870000,0.0,0.0
2025-06-27 00:00:00-04:00,38.82708206321355,39.10343068894491,38.67048228312228,38.97446823120117,21439600,0.0,0.0
2025-06-30 00:00:00-04:00,38.97446674765916,39.90484123879866,38.94682942636362,39.85878372192383,22796000,0.0,0.0
2025-07-01 00:00:00-04:00,39.99696071739509,40.420699056038,39.803517016645486,40.23646545410156,19233200,0.0,0.0
2025-07-02 00:00:00-04:00,40.3654242166254,40.558867899621205,40.00617065850081,40.15355682373047,18313900,0.0,0.0
2025-07-03 00:00:00-04:00,40.291737986734525,40.31937179809641,39.996962105031194,40.11671447753906,10301300,0.0,0.0
2025-07-07 00:00:00-04:00,40.254884001129696,40.254884001129696,39.306082302772296,39.42583465576172,22039300,0.0,0.0
2025-07-08 00:00:00-04:00,39.42584329452079,39.8311579583834,39.18634205002706,39.665348052978516,16736200,0.0,0.0
2025-07-09 00:00:00-04:00,39.600863656075354,39.66534489037336,39.1218576913161,39.25082015991211,23519800,0.0,0.0
2025-07-10 00:00:00-04:00,39.19278291241439,39.48296244037928,38.94004659530582,39.342552185058594,19359300,0.678,0.0
2025-07-11 00:00:00-04:00,39.2957486824719,39.342550909133905,38.83708186209085,38.95876693725586,20174300,0.0,0.0
2025-07-14 00:00:00-04:00,38.93068470022545,39.16469939460748,38.827717663372425,38.92132568359375,15757300,0.0,0.0
2025-07-15 00:00:00-04:00,38.79027507852976,38.96812853441744,38.472014946225464,38.62178421020508,15653200,0.0,0.0
2025-07-16 00:00:00-04:00,38.63114836291607,38.79963923806719,38.52818132023694,38.6124267578125,17971300,0.0,0.0
2025-07-17 00:00:00-04:00,38.64986794716154,38.70602918875475,38.219281764636236,38.331607818603516,18411200,0.0,0.0
2025-07-18 00:00:00-04:00,38.35969299837377,38.490740672040495,38.088235062474794,38.22864532470703,21079700,0.0,0.0
2025-07-21 00:00:00-04:00,39.26767111121784,40.325418655701185,39.01493478267148,39.77314376831055,47574000,0.0,0.0
2025-07-22 00:00:00-04:00,40.016513683628396,40.70919876648862,39.8293012095488,40.21308517456055,23521000,0.0,0.0
2025-07-23 00:00:00-04:00,39.68889680365098,40.12884203652001,39.36127406256511,40.10076141357422,23357200,0.0,0.0
2025-07-24 00:00:00-04:00,40.156925687979616,40.57814930960299,40.02587445084626,40.325416564941406,20411000,0.0,0.0
2025-07-25 00:00:00-04:00,40.26925174902711,40.44710164325073,40.01651543358442,40.325416564941406,16571500,0.0,0.0
2025-07-28 00:00:00-04:00,40.269249772448646,40.269249772448646,39.539125055305774,39.651451110839844,18243700,0.0,0.0
2025-07-29 00:00:00-04:00,39.70761464769159,40.23180888844232,39.68889661300508,39.97907257080078,13118500,0.0,0.0
2025-07-30 00:00:00-04:00,39.94163009716276,40.14756419032717,39.73569957477955,39.87610626220703,13313300,0.0,0.0
2025-07-31 00:00:00-04:00,39.58592608481431,40.353493987537234,39.45487842885393,40.02587127685547,25538700,0.0,0.0
2025-08-01 00:00:00-04:00,40.52198663549747,40.690477506517574,39.894825377637964,40.13820266723633,20841300,0.0,0.0
2025-08-04 00:00:00-04:00,40.06331746844921,40.278610572245185,39.81058115422409,40.20372772216797,13629900,0.0,0.0
2025-08-05 00:00:00-04:00,40.20372639601883,40.34413307432509,39.941627502441406,39.941627502441406,14863700,0.0,0.0
2025-08-06 00:00:00-04:00,40.06331317427887,40.06331317427887,39.604646393417624,39.642086029052734,17812000,0.0,0.0
2025-08-07 00:00:00-04:00,39.78250053179277,40.278610572245185,39.473599401923934,40.20372772216797,15543400,0.0,0.0
2025-08-08 00:00:00-04:00,40.34413581980479,40.587513125347385,40.27861198464668,40.39094161987305,13057000,0.0,0.0
2025-08-11 00:00:00-04:00,40.46582383499494,40.74664077707389,40.24117170964425,40.41902160644531,12914900,0.0,0.0
2025-08-12 00:00:00-04:00,40.56878828098378,40.85896779264921,40.44709963792655,40.48454284667969,12469300,0.0,0.0
2025-08-13 00:00:00-04:00,40.43774218292727,41.03681926299151,40.25052970271194,40.915130615234375,14327700,0.0,0.0
2025-08-14 00:00:00-04:00,40.961932990750185,40.99001718389175,40.55943097738581,40.71855926513672,10582800,0.0,0.0
2025-08-15 00:00:00-04:00,40.78408217750056,41.59845234460756,40.65303451506736,41.4112434387207,21239200,0.0,0.0
2025-08-18 00:00:00-04:00,41.5142039794315,41.74821866605914,41.39251891334725,41.5516471862793,12692100,0.0,0.0
2025-08-19 00:00:00-04:00,41.663976961294544,42.1881711916907,41.62653732187994,42.06648254394531,17944200,0.0,0.0
2025-08-20 00:00:00-04:00,42.197527907424174,42.8246855224116,42.075839276612975,42.17880630493164,20982100,0.0,0.0
2025-08-21 00:00:00-04:00,42.10392409285199,42.3192171868107,42.0009570542672,42.150726318359375,11866800,0.0,0.0
2025-08-22 00:00:00-04:00,42.263061886888295,42.52515724320615,41.42060742617887,41.59845733642578,19123700,0.0,0.0
2025-08-25 00:00:00-04:00,41.59845367155106,41.63589688223523,41.14914585568441,41.40188217163086,16021200,0.0,0.0
2025-08-26 00:00:00-04:00,41.28955346467222,41.57972940192828,40.952571731669536,41.14914321899414,17328200,0.0,0.0
2025-08-27 00:00:00-04:00,41.20530872574023,41.448682442131464,41.074261065315646,41.43932342529297,12046600,0.0,0.0
2025-08-28 00:00:00-04:00,41.28019151391593,41.364436948466,40.89640755002804,41.121063232421875,15842800,0.0,0.0
2025-08-29 00:00:00-04:00,41.15850844374601,41.458046987657106,41.12106523306184,41.40188217163086,14792700,0.0,0.0
2025-09-02 00:00:00-04:00,41.33635997226113,41.63589852801234,40.727920272327026,40.9993782043457,21123700,0.0,0.0
2025-09-03 00:00:00-04:00,40.71855493447294,40.94321060180664,40.13819951913353,40.94321060180664,21828500,0.0,0.0
2025-09-04 00:00:00-04:00,41.25210880241767,41.57972793641143,41.12106114882017,41.35507583618164,14480500,0.0,0.0
2025-09-05 00:00:00-04:00,41.28019084686571,41.62653516707546,41.205308001131755,41.54228973388672,13406700,0.0,0.0
2025-09-08 00:00:00-04:00,40.23180775915698,40.8308848341814,40.19436454927269,40.55006790161133,30273900,0.0,0.0
2025-09-09 00:00:00-04:00,40.587512816091795,40.94321618336927,40.578150227837,40.78408432006836,15595500,0.0,0.0
2025-09-10 00:00:00-04:00,40.709197998046875,40.87768529367904,40.25988664042483,40.709197998046875,14807800,0.0,0.0
2025-09-11 00:00:00-04:00,40.82152456450931,41.326997170093826,40.72791654267092,41.31763458251953,15510600,0.0,0.0
2025-09-12 00:00:00-04:00,41.195944122386976,41.27083053655448,40.97129202144598,41.158504486083984,13723500,0.0,0.0
2025-09-15 00:00:00-04:00,41.23339031788769,41.42060279609403,40.97129499086741,41.06489944458008,15034700,0.0,0.0
2025-09-16 00:00:00-04:00,41.0648956662809,41.1397820789857,40.53134247349164,40.94321060180664,16173600,0.0,0.0
2025-09-17 00:00:00-04:00,41.064903280701344,41.57037594784344,41.0555442627682,41.38316345214844,14414000,0.0,0.0
2025-09-18 00:00:00-04:00,41.07426443913666,41.13978827473105,40.79344749076339,40.877689361572266,16507300,0.0,0.0
2025-09-19 00:00:00-04:00,40.9900162482558,40.9900162482558,40.681115126217016,40.69983673095703,29164200,0.0,0.0
2025-09-22 00:00:00-04:00,40.60623315808798,40.737280823327275,40.231808196734804,40.400299072265625,18507700,0.0,0.0
2025-09-23 00:00:00-04:00,40.40030179816774,40.60623589788495,40.213089304859494,40.57815170288086,16796400,0.0,0.0
2025-09-24 00:00:00-04:00,40.437743212021395,40.61559310882246,40.21308751588955,40.41902160644531,21162400,0.0,0.0
2025-09-25 00:00:00-04:00,40.47518822380356,40.971298295906315,40.47518822380356,40.57815170288086,19012200,0.0,0.0
2025-09-26 00:00:00-04:00,40.858968783391525,40.915130027102094,40.67175630586726,40.82152557373047,12456200,0.0,0.0
2025-09-29 00:00:00-04:00,40.81216199631733,40.85896779264921,40.334773582448065,40.48454284667969,15854500,0.0,0.0
2025-09-30 00:00:00-04:00,40.47518486278727,41.1585073714559,40.428379065260934,41.13978576660156,24399100,0.0,0.0
2025-10-01 00:00:00-04:00,41.11170387600539,41.27083574078741,40.67175863502708,41.027462005615234,19921900,0.0,0.0
2025-10-02 00:00:00-04:00,40.79344509692566,40.92449276042431,40.45646335033997,40.62495422363281,21550100,0.0,0.0
2025-10-03 00:00:00-04:00,40.66239624879338,41.12106666873534,40.62495660758318,40.877689361572266,18016000,0.0,0.0
2025-10-06 00:00:00-04:00,40.48454329538857,40.60623193979453,38.70603013849264,38.79027557373047,75944200,0.0,0.0
2025-10-07 00:00:00-04:00,38.94940963788334,39.183424352294296,38.69667331782578,38.752838134765625,34001300,0.0,0.0
2025-10-08 00:00:00-04:00,38.883882069603224,38.883882069603224,38.43457428957368,38.677947998046875,35601000,0.0,0.0
2025-10-09 00:00:00-04:00,38.70602764765839,38.71539023473839,38.125672226023504,38.21928024291992,34868200,0.0,0.0
2025-10-10 00:00:00-04:00,38.32401845968932,38.666792870536845,37.914593872528364,37.94315719604492,38107700,0.69,0.0
2025-10-13 00:00:00-04:00,37.84794235229492,38.23832349919564,37.52421137934101,37.84794235229492,26453700,0.0,0.0
2025-10-14 00:00:00-04:00,37.895552728766084,38.63823187439168,37.85746587367505,38.60966491699219,22346100,0.0,0.0
2025-10-15 00:00:00-04:00,38.485882904012016,38.619186891461844,38.31449932732963,38.44779968261719,18233200,0.0,0.0
2025-10-16 00:00:00-04:00,38.485883362721445,38.628707249181716,38.257369502979785,38.42875671386719,16751200,0.0,0.0
2025-10-17 00:00:00-04:00,38.562058164209596,38.714401952411336,38.285933913043195,38.60966491699219,20523500,0.0,0.0
2025-10-20 00:00:00-04:00,38.75248471615703,38.91434838496135,38.41923021753786,38.84769821166992,28079200,0.0,0.0
2025-10-21 00:00:00-04:00,38.685838916222316,38.82865917563719,38.20976412051451,38.37162780761719,29881700,0.0,0.0
2025-10-22 00:00:00-04:00,37.67655582271434,38.285930928010245,37.05765718830698,37.89554977416992,31009500,0.0,0.0
2025-10-23 00:00:00-04:00,37.88602917498334,37.952679348879556,36.553018432734994,36.56254196166992,52663600,0.0,0.0
2025-10-24 00:00:00-04:00,36.75297024742687,37.05765780514648,36.695843600455824,36.96244430541992,27485700,0.0,0.0
2025-10-27 00:00:00-04:00,36.952927884427844,37.40995926399961,36.91484102808956,37.35282897949219,27487200,0.0,0.0
2025-10-28 00:00:00-04:00,37.2766548505552,37.62894915301712,37.086224221708,37.43851852416992,30719200,0.0,0.0
2025-10-29 00:00:00-04:00,38.971479437811176,39.3428171627347,37.771769030345226,38.28593063354492,53730200,0.0,0.0
2025-10-30 00:00:00-04:00,38.10502490338314,38.2668885812216,36.9148379822336,37.09574508666992,47371000,0.0,0.0
2025-10-31 00:00:00-04:00,37.11478899122851,38.04789511356673,36.924358354959786,37.83842468261719,52181800,0.0,0.0
2025-11-03 00:00:00-05:00,37.61942782676195,37.714644962842236,36.981489359754626,37.58134460449219,39851100,0.0,0.0
2025-11-04 00:00:00-05:00,37.676555902188376,37.77176940053091,37.29569464449399,37.43851852416992,33632800,0.0,0.0
2025-11-05 00:00:00-05:00,37.44804266709633,37.86698715169719,37.3813888585695,37.79081344604492,22947100,0.0,0.0
2025-11-06 00:00:00-05:00,37.62894861977806,37.98124291724762,37.49564827112266,37.91459274291992,30949700,0.0,0.0
2025-11-07 00:00:00-05:00,38.02885031317724,38.39066814580325,37.762249611327626,38.11454391479492,28389500,0.0,0.0
2025-11-10 00:00:00-05:00,37.990767578122124,38.228804959859325,37.676556490791164,37.94315719604492,22414400,0.0,0.0
2025-11-11 00:00:00-05:00,38.13358852590658,38.828657257443055,38.1240686286142,38.75248718261719,25360900,0.0,0.0
2025-11-12 00:00:00-05:00,38.82865478613493,39.00004198378776,38.790571567227,38.84769821166992,17834000,0.0,0.0
2025-11-13 00:00:00-05:00,38.88578723117703,39.73319973784798,38.79057373035463,39.14286804199219,30487400,0.0,0.0
2025-11-14 00:00:00-05:00,39.342817897300954,39.43803139648806,38.7048794619906,39.09526062011719,29368500,0.0,0.0
2025-11-17 00:00:00-05:00,39.095263583606865,39.30473402412915,38.92387636634889,39.04765319824219,21620800,0.0,0.0
2025-11-18 00:00:00-05:00,39.066694939221684,39.51420639075835,39.02861171760165,39.49516296386719,24067500,0.0,0.0
2025-11-19 00:00:00-05:00,39.51420375114689,39.61894077597056,38.980998730300065,39.21903610229492,21895000,0.0,0.0
2025-11-20 00:00:00-05:00,39.180957483797734,39.45707810729035,38.704882683907904,38.80961608886719,32173600,0.0,0.0
2025-11-21 00:00:00-05:00,38.72392079424344,39.61894370366677,38.48588340465848,39.25712585449219,32037600,0.0,0.0
2025-11-24 00:00:00-05:00,39.371380485525094,39.47611751197267,38.228803987964135,38.28593063354492,44805100,0.0,0.0
2025-11-25 00:00:00-05:00,38.64775085449219,38.847701390729206,38.47636364281408,38.64775085449219,24375300,0.0,0.0
2025-11-26 00:00:00-05:00,38.64774966525332,39.00956750456935,38.61918634157334,38.92387390136719,15186100,0.0,0.0
2025-11-28 00:00:00-05:00,38.8667438045801,39.16191146858912,38.76200677437812,39.14286804199219,9926300,0.0,0.0
2025-12-01 00:00:00-05:00,39.00004354506361,39.12382399991525,38.73344284122516,38.79057312011719,19655900,0.0,0.0
2025-12-02 00:00:00-05:00,38.80009417915344,38.80961407650612,38.42875643564002,38.66679382324219,23194100,0.0,0.0
2025-12-03 00:00:00-05:00,38.79057272223303,39.34281755054277,38.71439901782499,38.72391891479492,19910700,0.0,0.0
2025-12-04 00:00:00-05:00,38.904832652636706,39.37138391561622,38.72392190677074,39.28569030761719,28382300,0.0,0.0
2025-12-05 00:00:00-05:00,39.28568953140984,40.04741209064551,39.26664973637506,39.69511413574219,27802700,0.0,0.0
2025-12-08 00:00:00-05:00,39.75224041885192,39.75224041885192,38.96195461439268,39.32377243041992,22932000,0.0,0.0
2025-12-09 00:00:00-05:00,39.25712334032977,39.495160714669986,38.19071692029096,38.21928024291992,31770600,0.0,0.0
2025-12-10 00:00:00-05:00,38.27641192558908,38.333538572944306,37.7812937329246,38.00980758666992,40053400,0.0,0.0
2025-12-11 00:00:00-05:00,38.085981870040044,38.60966339432064,38.05741854592944,38.29545593261719,21895000,0.0,0.0
2025-12-12 00:00:00-05:00,38.2954569164676,39.01908899243783,38.18119635276517,38.93339538574219,20600000,0.0,0.0
2025-12-15 00:00:00-05:00,38.94291533934484,39.333296482406936,38.84769821166992,38.84769821166992,34725800,0.0,0.0
2025-12-16 00:00:00-05:00,38.94291466274485,39.03812815660348,38.704877295936285,38.80009078979492,22709800,0.0,0.0
2025-12-17 00:00:00-05:00,38.82865676883023,38.94291732787458,38.53349273837119,38.92387390136719,22316100,0.0,0.0
2025-12-18 00:00:00-05:00,38.82865846107725,38.95243892268884,38.457320708404836,38.47636413574219,18822600,0.0,0.0
2025-12-19 00:00:00-05:00,38.21928029189286,38.3144974210482,37.90507284608543,37.91459274291992,53345100,0.0,0.0
2025-12-22 00:00:00-05:00,37.81937922159944,38.1431101961952,37.76224894414298,38.06693649291992,21111600,0.0,0.0
2025-12-23 00:00:00-05:00,38.08598129269318,38.27641192558908,37.9622008364865,38.00980758666992,19761800,0.0,0.0
2025-12-24 00:00:00-05:00,38.019329243501,38.40971038723782,37.9812423923652,38.39066696166992,7949500,0.0,0.0
2025-12-26 00:00:00-05:00,38.34306019156615,38.60014098834044,38.34306019156615,38.54301071166992,11875400,0.0,0.0
2025-12-29 00:00:00-05:00,38.571574033924165,38.75248476063313,38.44779721604775,38.54301071166992,16846700,0.0,0.0
2025-12-30 00:00:00-05:00,38.54301312056211,38.81913736015067,38.48588284032101,38.75248718261719,15581300,0.0,0.0
2025-12-31 00:00:00-05:00,38.762004395616664,39.000041765226925,38.723917544760134,38.78104782104492,17454800,0.0,0.0
2026-01-02 00:00:00-05:00,38.81913785298372,38.942918312329766,38.3716263991527,38.58110046386719,30856800,0.0,0.0
2026-01-05 00:00:00-05:00,38.49540422700302,38.58109782651356,37.924115985040785,38.30497360229492,43091700,0.0,0.0
2026-01-06 00:00:00-05:00,38.4097146629928,38.52397159695719,38.07646375886231,38.37162780761719,32758400,0.0,0.0
2026-01-07 00:00:00-05:00,38.609663642005124,38.8477010302199,38.07646221698788,38.20976257324219,26834100,0.0,0.0
2026-01-08 00:00:00-05:00,38.247846603680145,38.78105167213453,38.14311320166733,38.62870788574219,28103000,0.0,0.0
2026-01-09 00:00:00-05:00,38.628704768643466,38.80961186533554,38.362104072010496,38.52396774291992,32108600,0.0,0.0
2026-01-12 00:00:00-05:00,38.57240397573586,38.804886189890155,38.272115218948954,38.59177780151367,31259300,0.69,0.0
2026-01-13 00:00:00-05:00,38.59177790535377,38.669269513494086,37.584361133273546,37.78778076171875,37255500,0.0,0.0
2026-01-14 00:00:00-05:00,37.89433441121248,38.601462415528175,37.87496058566117,38.58209228515625,25714700,0.0,0.0
2026-01-15 00:00:00-05:00,38.58209144853353,38.611150338640684,38.01057654029051,38.12681579589844,26483000,0.0,0.0
2026-01-16 00:00:00-05:00,37.874963784261354,38.117131081335096,37.681232902746125,37.69091796875,38980200,0.0,0.0
2026-01-20 00:00:00-05:00,37.67154132339002,37.991203905299955,37.468121695908835,37.8555908203125,30650900,0.0,0.0
2026-01-21 00:00:00-05:00,37.87496137383621,38.08806976415604,37.73934828733431,38.01057815551758,21158800,0.0,0.0
2026-01-22 00:00:00-05:00,38.088070336192466,38.446476883784534,38.02026379192314,38.24305725097656,18880500,0.0,0.0
2026-01-23 00:00:00-05:00,38.21399658997349,38.32055078180049,37.836216233626374,38.281803131103516,21849400,0.0,0.0
2026-01-26 00:00:00-05:00,38.436791216596106,38.5530304770698,38.2914893696194,38.37866973876953,21081800,0.0,0.0
2026-01-27 00:00:00-05:00,38.41741756794975,38.43679139398135,37.96214189415581,38.088069915771484,26108800,0.0,0.0
2026-01-28 00:00:00-05:00,38.17525100708008,38.611152863083746,38.126818288675125,38.17525100708008,24412500,0.0,0.0
2026-01-29 00:00:00-05:00,38.33992399257685,39.037363218045975,38.24305486738719,38.56271743774414,44347500,0.0,0.0
2026-01-30 00:00:00-05:00,40.693787263018535,43.23170296541655,40.08352839057921,43.12514877319336,123584700,0.0,0.0
2026-02-02 00:00:00-05:00,43.18327097347365,44.05507096093774,42.505201853104175,43.21232986450195,64539400,0.0,0.0
2026-02-03 00:00:00-05:00,43.241391142301666,45.294968747326195,43.105778049778294,44.80094909667969,60299100,0.0,0.0
2026-02-04 00:00:00-05:00,45.31433881606088,46.060214458260916,44.72345008034531,45.537132263183594,46213100,0.0,0.0
2026-02-05 00:00:00-05:00,45.73086754724068,46.089277776518216,45.18841521350929,45.62431335449219,42866500,0.0,0.0
2026-02-06 00:00:00-05:00,45.49839131765557,45.769617498150104,44.616902535868746,44.85906982421875,36094600,0.0,0.0
2026-02-09 00:00:00-05:00,44.71376557575092,45.595254310275585,44.38441793344613,45.54682159423828,26954800,0.0,0.0
2026-02-10 00:00:00-05:00,45.546824916793696,46.2927006227524,45.30465762376216,45.90523147583008,32147000,0.0,0.0
2026-02-11 00:00:00-05:00,45.701807620767696,47.60039813615655,45.692118860639575,47.435726165771484,48933100,0.0,0.0
2026-02-12 00:00:00-05:00,47.367921346598145,48.66593811247946,47.367921346598145,47.91037368774414,56131100,0.0,0.0
2026-02-13 00:00:00-05:00,47.6197700659054,47.881311151265514,47.106376654927665,47.47446823120117,31998500,0.0,0.0
2026-02-17 00:00:00-05:00,47.75538682500433,47.94912138782943,47.25167843973085,47.39698028564453,24327500,0.0,0.0
2026-02-18 00:00:00-05:00,47.116066794823965,47.4163555611428,46.33144714940371,46.544551849365234,29318100,0.0,0.0
2026-02-19 00:00:00-05:00,47.358233261951234,47.61008930551697,46.9707678263432,47.116065979003906,26530600,0.0,0.0
2026-02-20 00:00:00-05:00,47.49384656364127,47.79413532611659,47.00951199555949,47.70695495605469,25456700,0.0,0.0
2026-02-23 00:00:00-05:00,47.8038191700367,48.898416300580806,47.706953736967414,48.12348175048828,30113000,0.0,0.0
2026-02-24 00:00:00-05:00,48.22034862818484,48.51095232645768,47.84256825464557,48.29784393310547,23816700,0.0,0.0
2026-02-25 00:00:00-05:00,48.094423058611746,48.28815392555195,47.62945863145286,47.68758010864258,21693000,0.0,0.0
2026-02-26 00:00:00-05:00,47.71664095828387,47.93943811573328,47.33886057899243,47.35823440551758,23662600,0.0,0.0
2026-02-27 00:00:00-05:00,47.813508180300445,48.57875766915661,47.68758016050881,48.569068908691406,34693500,0.0,0.0
2026-03-02 00:00:00-05:00,48.41408157348633,48.6853077412637,48.075048863764614,48.41408157348633,23725700,0.0,0.0
2026-03-03 00:00:00-05:00,48.171917085026514,49.49899280513138,47.82319559473803,49.27619934082031,31586900,0.0,0.0
2026-03-04 00:00:00-05:00,48.830610038343345,49.79927915530725,48.578757693811674,49.59585952758789,22816000,0.0,0.0
2026-03-05 00:00:00-05:00,49.37306885569341,49.71210158765947,48.76280624297486,49.57648849487305,27534300,0.0,0.0
2026-03-06 00:00:00-05:00,49.48930506174478,49.64429197180079,48.8306097702119,49.51836395263672,23562600,0.0,0.0
2026-03-09 00:00:00-04:00,49.40212534210348,49.498990776467195,48.78217769374501,48.86935806274414,29057400,0.0,0.0
2026-03-10 00:00:00-04:00,48.73374656038847,49.22776620398596,48.45283161835284,49.121212005615234,20031300,0.0,0.0
2026-03-11 00:00:00-04:00,49.28588620624163,49.28588620624163,48.491577817879865,49.0921516418457,21554200,0.0,0.0
2026-03-12 00:00:00-04:00,48.86935570109193,49.35369023986355,48.24940808269295,49.04371643066406,26296100,0.0,0.0
2026-03-13 00:00:00-04:00,49.353693682195065,50.05113295394942,49.353693682195065,49.77022171020508,21780900,0.0,0.0
2026-03-16 00:00:00-04:00,49.75084631191235,49.84771174529051,49.159957560839075,49.37306594848633,20017500,0.0,0.0
2026-03-17 00:00:00-04:00,49.6927250365607,49.6927250365607,48.78217739549858,48.937164306640625,23765200,0.0,0.0
2026-03-18 00:00:00-04:00,48.79186137224297,48.89841556412202,47.83288103569024,48.03630065917969,32972500,0.0,0.0
2026-03-19 00:00:00-04:00,48.03629890845457,48.71436799055259,47.37760365100841,47.929744720458984,31234700,0.0,0.0
2026-03-20 00:00:00-04:00,48.18160305687127,48.87904230189585,47.93943577987593,48.41408157348633,67321800,0.0,0.0
2026-03-23 00:00:00-04:00,48.47220283138831,49.15995700810695,48.06535988637966,48.99528503417969,26390300,0.0,0.0
2026-03-24 00:00:00-04:00,48.96622374319819,50.06082089387069,48.898417199766925,49.314945220947266,20264600,0.0,0.0
2026-03-25 00:00:00-04:00,49.06309235382617,49.237453090854856,48.7143708797688,48.79186248779297,21920200,0.0,0.0
2026-03-26 00:00:00-04:00,48.98559669884938,49.64429199063211,48.84998361439636,49.150272369384766,24423300,0.0,0.0
2026-03-27 00:00:00-04:00,49.40212208168274,49.8380238979099,48.704679175719285,48.733741760253906,26273400,0.0,0.0
2026-03-30 00:00:00-04:00,49.27619734948037,49.324630066689934,48.57875809226778,48.724056243896484,23797600,0.0,0.0
2026-03-31 00:00:00-04:00,48.96622234369693,48.96622234369693,48.18160273636616,48.62718963623047,30514900,0.0,0.0
2026-04-01 00:00:00-04:00,48.50126274379188,48.59812817812154,47.62945905410704,47.842567443847656,28398900,0.0,0.0
2026-04-02 00:00:00-04:00,48.249410972676145,48.33659134268403,47.7360138181055,47.852256774902344,22737800,0.0,0.0
2026-04-06 00:00:00-04:00,47.852255626467596,48.171914512038484,47.49384539438161,47.61008834838867,17542700,0.0,0.0
2026-04-07 00:00:00-04:00,47.56165186134584,47.68757988039779,47.009510763814205,47.0966911315918,21945900,0.0,0.0
2026-04-08 00:00:00-04:00,46.37987561655413,46.65110177083306,45.64368506182672,46.53486251831055,34143200,0.0,0.0
2026-04-09 00:00:00-04:00,46.31207116126183,46.66078893451589,45.77930019827773,46.28300857543945,29376900,0.0,0.0
2026-04-10 00:00:00-04:00,46.30070652771681,46.31053726353288,45.179815106802515,45.268306732177734,25248600,0.708,0.0
2026-04-13 00:00:00-04:00,45.31746703052831,45.31746703052831,44.2850672550881,44.658695220947266,32920900,0.0,0.0
2026-04-14 00:00:00-04:00,44.01959478789915,44.71769332885742,43.52797546315258,44.71769332885742,31187400,0.0,0.0
2026-04-15 00:00:00-04:00,44.570208811443685,44.62920072864384,44.17691185990672,44.27523422241211,26230300,0.0,0.0
2026-04-16 00:00:00-04:00,44.47188385220923,46.074563907788416,44.28506985829816,45.99590301513672,26004100,0.0,0.0
2026-04-17 00:00:00-04:00,45.3371326811685,46.10405759290214,45.30763672325801,45.76975631713867,20004700,0.0,0.0
2026-04-20 00:00:00-04:00,45.80908931956724,46.18272106058055,45.484618761402515,45.66160202026367,16608100,0.0,0.0
2026-04-21 00:00:00-04:00,45.740263096158515,46.23188242812399,45.3568006173467,45.49445343017578,28978400,0.0,0.0
2026-04-22 00:00:00-04:00,45.11099007478545,45.37646495897914,44.412887786383756,45.209312438964844,22129500,0.0,0.0
2026-04-23 00:00:00-04:00,45.700929618641496,46.723498661497196,45.523946370810414,46.42852783203125,22750200,0.0,0.0
2026-04-24 00:00:00-04:00,46.271210281105574,46.54651589133133,45.60260772705078,45.60260772705078,26602300,0.0,0.0
2026-04-27 00:00:00-04:00,46.635009802787685,47.83456216460149,45.956576479712794,46.31053924560547,37920100,0.0,0.0
2026-04-28 00:00:00-04:00,47.185625413474035,47.372439410460984,45.81892051183169,46.44819641113281,28369800,0.0,0.0
2026-04-29 00:00:00-04:00,46.38920015974917,46.73333218956243,45.484618644477756,45.82875442504883,24195700,0.0,0.0
2026-04-30 00:00:00-04:00,46.074561518368036,47.24461410519973,46.04506556053221,47.22494888305664,34708800,0.0,0.0
2026-05-01 00:00:00-04:00,47.48059501132332,47.67724349024332,47.00864091236998,47.303611755371094,24123000,0.0,0.0
2026-05-04 00:00:00-04:00,47.018472783348685,47.077468453675976,46.536687936661615,46.77266311645508,18080100,0.0,0.0
2026-05-05 00:00:00-04:00,46.743164892598536,46.988974547586004,46.40886361178528,46.54651641845703,15148100,0.0,0.0
2026-05-06 00:00:00-04:00,46.379365354689796,46.811992761497095,46.12372495583276,46.644840240478516,19336400,0.0,0.0
2026-05-07 00:00:00-04:00,46.4383615833914,46.85132377206755,46.271212811117174,46.30070877075195,18839600,0.0,0.0
2026-05-08 00:00:00-04:00,46.41869334561975,46.66450299530097,46.163052960284624,46.42852783203125,16349800,0.0,0.0
2026-05-11 00:00:00-04:00,46.70383701364528,47.18562561422477,46.18272171668291,46.43836212158203,18560100,0.0,0.0
2026-05-12 00:00:00-04:00,46.90048443593384,47.37243853865581,46.47769151564499,47.12662887573242,18131900,0.0,0.0
2026-05-13 00:00:00-04:00,47.087296092509526,47.47075854751726,46.37936309818285,46.41869354248047,21212800,0.0,0.0
2026-05-14 00:00:00-04:00,46.664506752193006,46.70383719949026,46.12372622950838,46.27121353149414,16585100,0.0,0.0
2026-05-15 00:00:00-04:00,46.684168898120696,46.694003384675604,45.56327747935057,45.5927734375,23356600,0.0,0.0
2026-05-18 00:00:00-04:00,45.81892021461709,46.23188240364349,45.042164521098904,45.97623825073242,25427400,0.0,0.0
2026-05-19 00:00:00-04:00,46.02540326265545,46.988976704342655,46.005738039262916,46.939815521240234,24593800,0.0,0.0
2026-05-20 00:00:00-04:00,46.92997913784838,47.28394564309549,46.694003968188774,47.018470764160156,16714600,0.0,0.0
2026-05-21 00:00:00-04:00,46.811992514575294,47.47076060672751,46.58584807619061,47.46092987060547,15841900,0.0,0.0
2026-05-22 00:00:00-04:00,47.68707240477103,47.706737626987625,47.24461428179173,47.53958511352539,14717700,0.0,0.0
2026-05-26 00:00:00-04:00,47.480593805128386,47.87388700221941,47.057800898956216,47.677242279052734,23013700,0.0,0.0
2026-05-27 00:00:00-04:00,47.61824862656391,48.13936391636986,47.31344329154577,47.431434631347656,15109800,0.0,0.0
2026-05-28 00:00:00-04:00,47.667407466602,47.677241953147714,46.9693089521623,47.205284118652344,20714100,0.0,0.0
2026-05-29 00:00:00-04:00,47.254449947009185,47.35277230978711,46.546516932583394,47.00864028930664,40404700,0.0,0.0
2026-06-01 00:00:00-04:00,46.70383678786023,47.234786569419896,46.6743408280262,46.92998123168945,14647700,0.0,0.0
2026-06-02 00:00:00-04:00,46.97913914372421,47.33310564011642,46.477689107673655,47.067630767822266,14902900,0.0,0.0
2026-06-03 00:00:00-04:00,46.654674113949035,46.752996477426336,45.36663014815307,45.86808395385742,27861900,0.0,0.0
2026-06-04 00:00:00-04:00,46.349868238732334,46.546516714122966,43.557470390306946,44.117916107177734,33072500,0.0,0.0
2026-06-05 00:00:00-04:00,44.48171689700691,45.33713344769233,44.24573797746041,44.609535217285156,23121400,0.0,0.0
2026-06-08 00:00:00-04:00,44.540710986414695,45.06183003186117,44.34406250232684,44.67836380004883,18994700,0.0,0.0
2026-06-09 00:00:00-04:00,44.5308799504439,45.31747013074518,44.039260618910866,45.012664794921875,24758100,0.0,0.0
2026-06-10 00:00:00-04:00,45.68126683054292,46.241712561616886,45.17981676880856,46.163055419921875,25239500,0.0,0.0
2026-06-11 00:00:00-04:00,46.55634882902131,47.254451124873285,46.11389443473429,46.153221130371094,26889400,0.0,0.0
2026-06-12 00:00:00-04:00,46.615343954529976,47.401934119452214,46.212216260584974,47.303611755371094,21956900,0.0,0.0
2026-06-15 00:00:00-04:00,46.52685367442928,46.9496466035903,46.23188282288291,46.281044006347656,24208500,0.0,0.0
2026-06-16 00:00:00-04:00,46.31053642752694,46.60551100729116,45.53378078631957,45.946739196777344,20698400,0.0,0.0
2026-06-17 00:00:00-04:00,45.7304271719013,45.82875328565895,44.47188292186511,45.071659088134766,33481500,0.0,0.0
2026-06-18 00:00:00-04:00,45.022497388802115,45.2879722667578,44.599704481401325,44.609535217285156,66305300,0.0,0.0
2026-06-22 00:00:00-04:00,44.60953547837301,45.120820014751445,44.39322553084354,44.59970474243164,19293000,0.0,0.0
2026-06-23 00:00:00-04:00,44.94383537754871,46.064726778228476,44.63903381290348,45.946739196777344,23019100,0.0,0.0
2026-06-24 00:00:00-04:00,45.6812659049875,46.015567189623006,44.66853131510245,44.91434097290039,25280100,0.0,0.0
2026-06-25 00:00:00-04:00,44.7766867140289,45.48461595503701,44.57020750834977,45.29780197143555,17584000,0.0,0.0
2026-06-26 00:00:00-04:00,45.42562456461594,45.80908702266876,45.22897609232387,45.759925842285156,38132700,0.0,0.0
2026-06-29 00:00:00-04:00,44.80618271285833,45.081488320682986,42.062946118008,43.36082077026367,55387600,0.0,0.0
2026-06-30 00:00:00-04:00,43.478815061846845,43.61646787512733,41.296024020519724,41.63032531738281,60542600,0.0,0.0
2026-07-01 00:00:00-04:00,41.6794870694313,42.08261477843653,40.794574507369006,41.28619384765625,57139600,0.0,0.0
2026-07-02 00:00:00-04:00,41.5320016621647,42.35792226697575,40.076805179265165,41.84663772583008,59019100,0.0,0.0
2026-07-06 00:00:00-04:00,42.180938958309234,42.436579353175865,40.93222544127966,41.36484909057617,55342900,0.0,0.0
2026-07-07 00:00:00-04:00,41.98428981338137,42.77087995902806,41.70898044933678,41.87613296508789,34682400,0.0,0.0
2026-07-08 00:00:00-04:00,41.76797557222322,42.515239013912996,41.54183114272063,41.73847961425781,23082100,0.0,0.0
2026-07-09 00:00:00-04:00,41.49267104987168,41.63032385832771,40.96172128803464,41.53200149536133,28215800,0.0,0.0
2026-07-10 00:00:00-04:00,41.61000061035156,42.439998626708984,41.34000015258789,42.119998931884766,27705400,0.708,0.0
2026-07-13 00:00:00-04:00,42.65999984741211,42.849998474121094,42.349998474121094,42.68000030517578,24782000,0.0,0.0
2026-07-14 00:00:00-04:00,42.63999938964844,42.810001373291016,42.209999084472656,42.470001220703125,17515400,0.0,0.0
2026-07-15 00:00:00-04:00,42.27000045776367,43.34000015258789,42.209999084472656,42.83000183105469,23029200,0.0,0.0
2026-07-16 00:00:00-04:00,43.0,44.21500015258789,42.88999938964844,43.880001068115234,20450705,0.0,0.0
