Date,Open,High,Low,Close,Volume,Dividends,Stock Splits
2022-01-03 00:00:00-05:00,2508.75,2508.75,2505.0,2505.0,22,0.0,0.0
2022-01-04 00:00:00-05:00,2510.0,2510.0,2502.5,2502.5,21,0.0,0.0
2022-01-05 00:00:00-05:00,2502.5,2502.5,2502.5,2502.5,1,0.0,0.0
2022-01-06 00:00:00-05:00,2502.5,2502.5,2502.5,2502.5,0,0.0,0.0
2022-01-07 00:00:00-05:00,2502.5,2502.5,2502.5,2502.5,0,0.0,0.0
2022-01-10 00:00:00-05:00,2505.0,2505.0,2502.5,2502.5,40,0.0,0.0
2022-01-11 00:00:00-05:00,2500.0,2500.0,2497.5,2500.0,220,0.0,0.0
2022-01-12 00:00:00-05:00,2512.5,2512.5,2512.5,2512.5,1,0.0,0.0
2022-01-13 00:00:00-05:00,2502.5,2502.5,2502.5,2502.5,0,0.0,0.0
2022-01-14 00:00:00-05:00,2502.5,2502.5,2502.5,2502.5,0,0.0,0.0
2022-01-18 00:00:00-05:00,2502.5,2502.5,2502.5,2502.5,0,0.0,0.0
2022-01-19 00:00:00-05:00,2502.5,2502.5,2502.5,2502.5,0,0.0,0.0
2022-01-20 00:00:00-05:00,2502.5,2502.5,2502.5,2502.5,0,0.0,0.0
2022-01-21 00:00:00-05:00,2502.5,2510.0,2502.5,2507.5,21,0.0,0.0
2022-01-24 00:00:00-05:00,2507.5,2511.25,2507.5,2507.5,15,0.0,0.0
2022-01-25 00:00:00-05:00,2505.0,2510.0,2505.0,2510.0,12,0.0,0.0
2022-01-26 00:00:00-05:00,2510.0,2510.0,2510.0,2510.0,0,0.0,0.0
2022-01-27 00:00:00-05:00,2505.0,2505.0,2505.0,2505.0,28,0.0,0.0
2022-01-28 00:00:00-05:00,2507.5,2507.5,2507.5,2507.5,0,0.0,0.0
2022-01-31 00:00:00-05:00,2505.0,2507.5,2502.5,2502.5,33,0.0,0.0
2022-02-01 00:00:00-05:00,2502.5,2515.0,2502.5,2510.0,404,0.0,0.0
2022-02-02 00:00:00-05:00,2510.0,2510.0,2510.0,2510.0,0,0.0,0.0
2022-02-03 00:00:00-05:00,2510.0,2515.0,2510.0,2515.0,104,0.0,0.0
2022-02-04 00:00:00-05:00,2515.0,2515.0,2515.0,2515.0,0,0.0,0.0
2022-02-07 00:00:00-05:00,2515.0,2515.0,2515.0,2515.0,0,0.0,0.0
2022-02-08 00:00:00-05:00,2515.0,2515.0,2515.0,2515.0,0,0.0,0.0
2022-02-09 00:00:00-05:00,2515.0,2515.0,2512.5,2515.0,291,0.0,0.0
2022-02-10 00:00:00-05:00,2515.0,2515.0,2515.0,2515.0,0,0.0,0.0
2022-02-11 00:00:00-05:00,2515.0,2515.0,2515.0,2515.0,123,0.0,0.0
2022-02-14 00:00:00-05:00,2515.0,2515.0,2515.0,2515.0,10,0.0,0.0
2022-02-15 00:00:00-05:00,2517.5,2517.5,2517.5,2517.5,4,0.0,0.0
2022-02-16 00:00:00-05:00,2515.25,2520.0,2515.0,2520.0,5,0.0,0.0
2022-02-17 00:00:00-05:00,2520.0,2520.0,2520.0,2520.0,0,0.0,0.0
2022-02-18 00:00:00-05:00,2520.0,2520.0,2520.0,2520.0,0,0.0,0.0
2022-02-22 00:00:00-05:00,2515.0,2517.5,2515.0,2517.5,4,0.0,0.0
2022-02-23 00:00:00-05:00,2517.5,2518.75,2517.5,2518.5,8,0.0,0.0
2022-02-24 00:00:00-05:00,2515.0,2515.0,2515.0,2515.0,650,0.0,0.0
2022-02-25 00:00:00-05:00,2517.5,2522.5,2517.5,2520.0,25,0.0,0.0
2022-02-28 00:00:00-05:00,2520.0,2520.0,2520.0,2520.0,0,0.0,0.0
2022-03-01 00:00:00-05:00,2517.5,2517.5,2517.5,2517.5,19,0.0,0.0
2022-03-02 00:00:00-05:00,2520.0,2522.5,2520.0,2522.5,31,0.0,0.0
2022-03-03 00:00:00-05:00,2521.25,2521.25,2517.5,2517.5,50,0.0,0.0
2022-03-04 00:00:00-05:00,2519.75,2525.0,2519.75,2525.0,35,0.0,0.0
2022-03-07 00:00:00-05:00,2517.5,2520.0,2517.5,2517.5,22,0.0,0.0
2022-03-08 00:00:00-05:00,2521.25,2522.5,2520.0,2522.5,21,0.0,0.0
2022-03-09 00:00:00-05:00,2522.5,2522.5,2522.5,2522.5,0,0.0,0.0
2022-03-10 00:00:00-05:00,2517.5,2525.0,2517.5,2525.0,35,0.0,0.0
2022-03-11 00:00:00-05:00,2522.5,2525.0,2522.5,2525.0,76,0.0,0.0
2022-03-14 00:00:00-04:00,2527.5,2527.5,2523.75,2525.0,39,0.0,0.0
2022-03-15 00:00:00-04:00,2525.0,2525.0,2525.0,2525.0,30,0.0,0.0
2022-03-16 00:00:00-04:00,2525.0,2525.0,2525.0,2525.0,2,0.0,0.0
2022-03-17 00:00:00-04:00,2522.5,2525.0,2522.5,2525.0,50,0.0,0.0
2022-03-18 00:00:00-04:00,2522.5,2527.5,2522.5,2527.5,28,0.0,0.0
2022-03-21 00:00:00-04:00,2527.5,2527.5,2527.5,2527.5,0,0.0,0.0
2022-03-22 00:00:00-04:00,2527.5,2527.5,2527.5,2527.5,0,0.0,0.0
2022-03-23 00:00:00-04:00,2527.5,2527.5,2527.5,2527.5,0,0.0,0.0
2022-03-24 00:00:00-04:00,2527.5,2527.5,2527.5,2527.5,0,0.0,0.0
2022-03-25 00:00:00-04:00,2527.5,2527.5,2527.5,2527.5,0,0.0,0.0
2022-03-28 00:00:00-04:00,2527.5,2527.5,2527.5,2527.5,17,0.0,0.0
2022-03-29 00:00:00-04:00,2527.5,2527.5,2526.25,2527.5,7,0.0,0.0
2022-03-30 00:00:00-04:00,2527.5,2527.5,2527.5,2527.5,1,0.0,0.0
2022-03-31 00:00:00-04:00,2525.0,2530.0,2525.0,2530.0,34,0.0,0.0
2022-04-01 00:00:00-04:00,2530.0,2530.0,2530.0,2530.0,10,0.0,0.0
2022-04-04 00:00:00-04:00,2530.0,2530.0,2528.75,2530.0,3,0.0,0.0
2022-04-05 00:00:00-04:00,2530.0,2530.0,2529.75,2530.0,2,0.0,0.0
2022-04-06 00:00:00-04:00,2525.0,2532.5,2525.0,2532.5,3,0.0,0.0
2022-04-07 00:00:00-04:00,2530.0,2537.5,2530.0,2532.5,60,0.0,0.0
2022-04-08 00:00:00-04:00,2535.0,2535.0,2535.0,2535.0,2,0.0,0.0
2022-04-11 00:00:00-04:00,2530.0,2532.5,2530.0,2530.0,6,0.0,0.0
2022-04-12 00:00:00-04:00,2530.0,2532.5,2530.0,2530.0,5,0.0,0.0
2022-04-13 00:00:00-04:00,2535.0,2535.0,2535.0,2535.0,2,0.0,0.0
2022-04-14 00:00:00-04:00,2535.0,2535.0,2535.0,2535.0,0,0.0,0.0
2022-04-18 00:00:00-04:00,2535.0,2535.0,2535.0,2535.0,0,0.0,0.0
2022-04-19 00:00:00-04:00,2532.5,2532.5,2532.5,2532.5,85,0.0,0.0
2022-04-20 00:00:00-04:00,2532.5,2532.5,2532.5,2532.5,0,0.0,0.0
2022-04-21 00:00:00-04:00,2532.5,2532.5,2532.5,2532.5,0,0.0,0.0
2022-04-22 00:00:00-04:00,2762.5,3040.0,2535.0,2537.5,638,0.0,0.0
2022-04-25 00:00:00-04:00,2537.5,2540.0,2535.0,2537.5,107,0.0,0.0
2022-04-26 00:00:00-04:00,2537.5,2540.0,2535.0,2536.25,45,0.0,0.0
2022-04-27 00:00:00-04:00,2537.5,2537.5,2537.5,2537.5,7,0.0,0.0
2022-04-28 00:00:00-04:00,2537.5,2537.5,2535.0,2537.5,372,0.0,0.0
2022-04-29 00:00:00-04:00,2540.0,2540.0,2537.5,2538.75,23,0.0,0.0
2022-05-02 00:00:00-04:00,2538.75,2538.75,2537.5,2537.5,5,0.0,0.0
2022-05-03 00:00:00-04:00,2540.0,2540.0,2537.5,2540.0,11,0.0,0.0
2022-05-04 00:00:00-04:00,2537.5,2538.75,2537.5,2538.75,32,0.0,0.0
2022-05-05 00:00:00-04:00,2538.75,2538.75,2538.75,2538.75,1,0.0,0.0
2022-05-06 00:00:00-04:00,2537.5,2537.5,2537.5,2537.5,5,0.0,0.0
2022-05-09 00:00:00-04:00,2532.5,2532.5,2532.5,2532.5,2,0.0,0.0
2022-05-10 00:00:00-04:00,2532.5,2532.5,2532.5,2532.5,230,0.0,0.0
2022-05-11 00:00:00-04:00,2540.0,2540.0,2532.5,2532.5,4,0.0,0.0
2022-05-12 00:00:00-04:00,2530.0,2531.25,2530.0,2530.0,102,0.0,0.0
2022-05-13 00:00:00-04:00,2530.0,2530.0,2530.0,2530.0,0,0.0,0.0
2022-05-16 00:00:00-04:00,2530.0,2530.0,2530.0,2530.0,2,0.0,0.0
2022-05-17 00:00:00-04:00,2530.0,2530.0,2530.0,2530.0,3,0.0,0.0
2022-05-18 00:00:00-04:00,2535.0,2535.0,2535.0,2535.0,0,0.0,0.0
2022-05-19 00:00:00-04:00,2530.0,2530.0,2530.0,2530.0,1,0.0,0.0
2022-05-20 00:00:00-04:00,2530.0,2530.0,2530.0,2530.0,1,0.0,0.0
2022-05-23 00:00:00-04:00,2530.0,2530.0,2530.0,2530.0,0,0.0,0.0
2022-05-24 00:00:00-04:00,2532.5,2532.5,2532.5,2532.5,40,0.0,0.0
2022-05-25 00:00:00-04:00,2532.5,2532.5,2532.5,2532.5,4,0.0,0.0
2022-05-26 00:00:00-04:00,2535.0,2535.0,2535.0,2535.0,47,0.0,0.0
2022-05-27 00:00:00-04:00,2535.0,2535.0,2535.0,2535.0,0,0.0,0.0
2022-05-31 00:00:00-04:00,2535.0,2535.0,2535.0,2535.0,0,0.0,0.0
2022-06-01 00:00:00-04:00,2535.0,2535.0,2535.0,2535.0,0,0.0,0.0
2022-06-02 00:00:00-04:00,2535.0,2535.0,2535.0,2535.0,2,0.0,0.0
2022-06-03 00:00:00-04:00,2537.5,2537.5,2537.5,2537.5,0,0.0,0.0
2022-06-06 00:00:00-04:00,2537.5,2537.5,2537.5,2537.5,0,0.0,0.0
2022-06-07 00:00:00-04:00,2537.5,2537.5,2537.5,2537.5,0,0.0,0.0
2022-06-08 00:00:00-04:00,2537.5,2537.5,2537.5,2537.5,0,0.0,0.0
2022-06-09 00:00:00-04:00,2540.0,2540.0,2540.0,2540.0,2,0.0,0.0
2022-06-10 00:00:00-04:00,2540.0,2540.0,2540.0,2540.0,0,0.0,0.0
2022-06-13 00:00:00-04:00,2542.5,2542.5,2537.5,2537.5,7,0.0,0.0
2022-06-14 00:00:00-04:00,2537.5,2537.5,2537.5,2537.5,0,0.0,0.0
2022-06-15 00:00:00-04:00,2537.5,2537.5,2537.5,2537.5,2,0.0,0.0
2022-06-16 00:00:00-04:00,2537.5,2537.5,2537.5,2537.5,20,0.0,0.0
2022-06-17 00:00:00-04:00,2537.5,2537.5,2537.5,2537.5,0,0.0,0.0
2022-06-21 00:00:00-04:00,2540.0,2540.0,2540.0,2540.0,6,0.0,0.0
2022-06-22 00:00:00-04:00,2540.0,2540.0,2540.0,2540.0,6,0.0,0.0
2022-06-23 00:00:00-04:00,2540.0,2540.0,2540.0,2540.0,1,0.0,0.0
2022-06-24 00:00:00-04:00,2540.0,2540.0,2540.0,2540.0,12,0.0,0.0
2022-06-27 00:00:00-04:00,2540.0,2540.0,2540.0,2540.0,0,0.0,0.0
2022-06-28 00:00:00-04:00,2540.0,2540.0,2540.0,2540.0,0,0.0,0.0
2022-06-29 00:00:00-04:00,2540.0,2540.0,2540.0,2540.0,0,0.0,0.0
2022-06-30 00:00:00-04:00,2542.5,2542.5,2540.0,2540.0,90,0.0,0.0
2022-07-01 00:00:00-04:00,2542.5,2542.5,2542.5,2542.5,17,0.0,0.0
2022-07-05 00:00:00-04:00,2542.5,2542.5,2542.5,2542.5,1,0.0,0.0
2022-07-06 00:00:00-04:00,2542.5,2542.5,2542.5,2542.5,0,0.0,0.0
2022-07-07 00:00:00-04:00,2542.5,2542.5,2542.5,2542.5,0,0.0,0.0
2022-07-08 00:00:00-04:00,2542.5,2547.5,2542.5,2544.75,7,0.0,0.0
2022-07-11 00:00:00-04:00,2544.75,2544.75,2544.75,2544.75,0,0.0,0.0
2022-07-12 00:00:00-04:00,2544.75,2544.75,2544.75,2544.75,0,0.0,0.0
2022-07-13 00:00:00-04:00,2547.5,2547.5,2547.5,2547.5,27,0.0,0.0
2022-07-14 00:00:00-04:00,2547.5,2547.5,2547.5,2547.5,0,0.0,0.0
2022-07-15 00:00:00-04:00,2550.0,2550.0,2550.0,2550.0,0,0.0,0.0
2022-07-18 00:00:00-04:00,2549.75,2550.0,2547.5,2547.5,64,0.0,0.0
2022-07-19 00:00:00-04:00,2549.75,2550.0,2547.5,2550.0,45,0.0,0.0
2022-07-20 00:00:00-04:00,2550.0,2550.0,2550.0,2550.0,0,0.0,0.0
2022-07-21 00:00:00-04:00,2552.5,2552.5,2550.0,2552.5,42,0.0,0.0
2022-07-22 00:00:00-04:00,2552.5,2552.5,2552.5,2552.5,21,0.0,0.0
2022-07-25 00:00:00-04:00,2552.5,2552.5,2552.5,2552.5,0,0.0,0.0
2022-07-26 00:00:00-04:00,2552.5,2552.5,2552.5,2552.5,31,0.0,0.0
2022-07-27 00:00:00-04:00,2553.75,2553.75,2552.5,2552.5,824,0.0,0.0
2022-07-28 00:00:00-04:00,2555.0,2555.0,2555.0,2555.0,76,0.0,0.0
2022-07-29 00:00:00-04:00,2555.0,2555.0,2555.0,2555.0,2,0.0,0.0
2022-08-01 00:00:00-04:00,2555.0,2555.0,2555.0,2555.0,2,0.0,0.0
2022-08-02 00:00:00-04:00,2555.0,2555.0,2555.0,2555.0,0,0.0,0.0
2022-08-03 00:00:00-04:00,2555.0,2555.0,2555.0,2555.0,66,0.0,0.0
2022-08-04 00:00:00-04:00,2555.0,2555.0,2555.0,2555.0,0,0.0,0.0
2022-08-05 00:00:00-04:00,2562.5,2562.5,2562.5,2562.5,8,0.0,0.0
2022-08-08 00:00:00-04:00,2557.5,2560.0,2557.5,2560.0,4,0.0,0.0
2022-08-09 00:00:00-04:00,2560.0,2560.0,2560.0,2560.0,1,0.0,0.0
2022-08-10 00:00:00-04:00,2562.5,2562.5,2557.5,2560.0,48,0.0,0.0
2022-08-11 00:00:00-04:00,2562.5,2562.5,2562.25,2562.25,2,0.0,0.0
2022-08-12 00:00:00-04:00,2562.5,2562.5,2557.5,2557.5,2,0.0,0.0
2022-08-15 00:00:00-04:00,2562.5,2562.5,2562.5,2562.5,3,0.0,0.0
2022-08-16 00:00:00-04:00,2562.5,2562.5,2562.5,2562.5,0,0.0,0.0
2022-08-17 00:00:00-04:00,2562.5,2562.5,2562.5,2562.5,0,0.0,0.0
2022-08-18 00:00:00-04:00,2560.0,2560.0,2560.0,2560.0,4,0.0,0.0
2022-08-19 00:00:00-04:00,2557.5,2557.5,2557.5,2557.5,3,0.0,0.0
2022-08-22 00:00:00-04:00,2555.0,2555.0,2555.0,2555.0,1,0.0,0.0
2022-08-23 00:00:00-04:00,2555.0,2555.0,2555.0,2555.0,0,0.0,0.0
2022-08-24 00:00:00-04:00,2555.0,2555.0,2555.0,2555.0,3,0.0,0.0
2022-08-25 00:00:00-04:00,2555.0,2555.0,2555.0,2555.0,0,0.0,0.0
2022-08-26 00:00:00-04:00,2555.0,2555.0,2555.0,2555.0,0,0.0,0.0
2022-08-29 00:00:00-04:00,2555.0,2555.0,2555.0,2555.0,0,0.0,0.0
2022-08-30 00:00:00-04:00,2555.0,2555.0,2555.0,2555.0,0,0.0,0.0
2022-08-31 00:00:00-04:00,2555.0,2555.0,2555.0,2555.0,4,0.0,0.0
2022-09-01 00:00:00-04:00,2545.0,2545.0,2545.0,2545.0,5,0.0,0.0
2022-09-02 00:00:00-04:00,2545.0,2545.0,2545.0,2545.0,0,0.0,0.0
2022-09-06 00:00:00-04:00,2545.0,2545.0,2545.0,2545.0,0,0.0,0.0
2022-09-07 00:00:00-04:00,2557.5,2557.5,2557.5,2557.5,8,0.0,0.0
2022-09-08 00:00:00-04:00,2557.5,2557.5,2557.5,2557.5,0,0.0,0.0
2022-09-09 00:00:00-04:00,2557.5,2557.5,2557.5,2557.5,2,0.0,0.0
2022-09-12 00:00:00-04:00,2557.5,2557.5,2557.5,2557.5,0,0.0,0.0
2022-09-13 00:00:00-04:00,2560.0,2560.0,2560.0,2560.0,1,0.0,0.0
2022-09-14 00:00:00-04:00,2560.0,2560.0,2560.0,2560.0,0,0.0,0.0
2022-09-15 00:00:00-04:00,2560.0,2560.0,2560.0,2560.0,0,0.0,0.0
2022-09-16 00:00:00-04:00,2562.5,2565.0,2562.5,2565.0,64,0.0,0.0
2022-09-19 00:00:00-04:00,2562.5,2565.0,2562.5,2562.5,5,0.0,0.0
2022-09-20 00:00:00-04:00,2562.5,2562.5,2562.5,2562.5,9,0.0,0.0
2022-09-21 00:00:00-04:00,2565.0,2565.75,2565.0,2565.75,13,0.0,0.0
2022-09-22 00:00:00-04:00,2567.25,2567.5,2567.25,2567.5,9,0.0,0.0
2022-09-23 00:00:00-04:00,2567.5,2567.5,2567.5,2567.5,0,0.0,0.0
2022-09-26 00:00:00-04:00,2567.5,2567.5,2567.5,2567.5,0,0.0,0.0
2022-09-27 00:00:00-04:00,2567.5,2567.5,2567.5,2567.5,0,0.0,0.0
2022-09-28 00:00:00-04:00,2567.5,2567.5,2567.5,2567.5,5,0.0,0.0
2022-09-29 00:00:00-04:00,2570.0,2572.5,2570.0,2570.0,24,0.0,0.0
2022-09-30 00:00:00-04:00,2570.0,2570.0,2570.0,2570.0,158,0.0,0.0
2022-10-03 00:00:00-04:00,2570.0,2945.0,2567.5,2572.5,369,0.0,0.0
2022-10-04 00:00:00-04:00,2580.0,2580.0,2577.5,2578.75,3,0.0,0.0
2022-10-05 00:00:00-04:00,2580.0,2580.0,2567.5,2570.0,107,0.0,0.0
2022-10-06 00:00:00-04:00,2580.0,2582.5,2567.5,2572.5,1180,0.0,0.0
2022-10-07 00:00:00-04:00,2572.5,2572.5,2572.5,2572.5,0,0.0,0.0
2022-10-10 00:00:00-04:00,2577.5,2577.5,2575.0,2575.0,12,0.0,0.0
2022-10-11 00:00:00-04:00,2577.5,2590.0,2577.5,2590.0,190,0.0,0.0
2022-10-12 00:00:00-04:00,2577.5,2587.5,2575.0,2575.0,304,0.0,0.0
2022-10-13 00:00:00-04:00,2560.0,2560.0,1982.5,2250.0,170,0.0,0.0
2022-10-14 00:00:00-04:00,2237.5,2475.0,2207.5,2475.0,98,0.0,0.0
2022-10-17 00:00:00-04:00,2401.25,2416.0,2227.5,2305.0,144,0.0,0.0
2022-10-18 00:00:00-04:00,2265.0,2350.0,2110.0,2110.0,108,0.0,0.0
2022-10-19 00:00:00-04:00,2525.0,3200.0,2172.5,2605.0,15548,0.0,0.0
2022-10-20 00:00:00-04:00,2297.5,2445.0,1593.75,1705.0,1239,0.0,0.0
2022-10-21 00:00:00-04:00,1795.0,1795.0,1430.0,1705.0,632,0.0,0.0
2022-10-24 00:00:00-04:00,1657.5,1900.0,1575.0,1832.5,394,0.0,0.0
2022-10-25 00:00:00-04:00,1820.0,1872.5,1700.0,1757.5,454,0.0,0.0
2022-10-26 00:00:00-04:00,1825.0,2462.5,1762.5,2250.0,413,0.0,0.0
2022-10-27 00:00:00-04:00,2285.0,2722.5,2000.0,2722.5,167,0.0,0.0
2022-10-28 00:00:00-04:00,2625.0,5500.0,2450.0,3087.5,2241,0.0,0.0
2022-10-31 00:00:00-04:00,2825.0,3050.0,2157.5,2720.0,641,0.0,0.0
2022-11-01 00:00:00-04:00,2300.0,2376.75,2050.0,2120.0,512,0.0,0.0
2022-11-02 00:00:00-04:00,2090.0,2415.0,1887.5,2110.0,249,0.0,0.0
2022-11-03 00:00:00-04:00,2092.5,2375.0,1780.0,1955.0,286,0.0,0.0
2022-11-04 00:00:00-04:00,1792.5,2062.5,1494.25,1632.5,213,0.0,0.0
2022-11-07 00:00:00-05:00,1632.5,1711.25,1332.5,1467.5,76,0.0,0.0
2022-11-08 00:00:00-05:00,1467.5,1735.0,1467.5,1550.0,96,0.0,0.0
2022-11-09 00:00:00-05:00,1540.0,1550.0,1302.5,1302.5,82,0.0,0.0
2022-11-10 00:00:00-05:00,1400.0,1680.0,1400.0,1517.5,92,0.0,0.0
2022-11-11 00:00:00-05:00,1497.5,1595.0,1331.5,1416.5,33,0.0,0.0
2022-11-14 00:00:00-05:00,1372.5,1445.0,1310.0,1332.5,24,0.0,0.0
2022-11-15 00:00:00-05:00,1383.75,1465.0,1175.0,1210.0,188,0.0,0.0
2022-11-16 00:00:00-05:00,1260.0,1375.0,1175.0,1202.5,206,0.0,0.0
2022-11-17 00:00:00-05:00,1212.5,1300.0,1031.25,1050.0,123,0.0,0.0
2022-11-18 00:00:00-05:00,1055.0,1060.0,975.0,982.5,166,0.0,0.0
2022-11-21 00:00:00-05:00,1570.0,1625.0,1227.5,1312.5,48260,0.0,0.0
2022-11-22 00:00:00-05:00,1207.5,1375.0,1152.5,1360.0,1863,0.0,0.0
2022-11-23 00:00:00-05:00,1282.5,1375.0,1237.5,1370.0,843,0.0,0.0
2022-11-25 00:00:00-05:00,1327.5,1405.5,1297.5,1320.0,169,0.0,0.0
2022-11-28 00:00:00-05:00,1280.0,1317.5,1190.0,1295.0,168,0.0,0.0
2022-11-29 00:00:00-05:00,1175.5,1246.25,1040.0,1172.5,112,0.0,0.0
2022-11-30 00:00:00-05:00,1172.5,1172.5,1007.5,1065.0,89,0.0,0.0
2022-12-01 00:00:00-05:00,1107.5,1312.5,1077.5,1225.0,243,0.0,0.0
2022-12-02 00:00:00-05:00,1200.0,1200.0,1087.5,1180.0,24,0.0,0.0
2022-12-05 00:00:00-05:00,1182.5,1182.5,1080.0,1162.5,36,0.0,0.0
2022-12-06 00:00:00-05:00,1117.5,1187.5,1043.5,1067.5,101,0.0,0.0
2022-12-07 00:00:00-05:00,1075.0,1137.5,1030.0,1062.5,50,0.0,0.0
2022-12-08 00:00:00-05:00,1062.5,1100.0,1000.5,1100.0,40,0.0,0.0
2022-12-09 00:00:00-05:00,1077.5,1150.0,1000.5,1107.5,93,0.0,0.0
2022-12-12 00:00:00-05:00,1085.0,1122.5,1045.0,1082.5,47,0.0,0.0
2022-12-13 00:00:00-05:00,1062.5,1142.5,1050.0,1075.0,48,0.0,0.0
2022-12-14 00:00:00-05:00,1047.5,1102.5,1047.5,1080.0,26,0.0,0.0
2022-12-15 00:00:00-05:00,1075.0,1137.5,1062.5,1137.5,53,0.0,0.0
2022-12-16 00:00:00-05:00,1112.5,1137.5,1057.5,1085.0,162,0.0,0.0
2022-12-19 00:00:00-05:00,1085.0,1102.5,1085.0,1090.0,170,0.0,0.0
2022-12-20 00:00:00-05:00,1090.0,1120.0,1085.0,1092.5,59,0.0,0.0
2022-12-21 00:00:00-05:00,1122.5,1134.75,1025.0,1070.0,235,0.0,0.0
2022-12-22 00:00:00-05:00,1070.0,1070.0,1070.0,1070.0,1,0.0,0.0
2022-12-23 00:00:00-05:00,1015.5,1025.25,975.0,995.0,55,0.0,0.0
2022-12-27 00:00:00-05:00,1007.5,1100.0,980.25,1037.5,140,0.0,0.0
2022-12-28 00:00:00-05:00,1037.5,1037.5,975.0,982.5,21,0.0,0.0
2022-12-29 00:00:00-05:00,1220.0,1252.5,1005.0,1080.0,996,0.0,0.0
2022-12-30 00:00:00-05:00,1022.5,1042.5,975.0,1025.0,131,0.0,0.0
2023-01-03 00:00:00-05:00,978.25,1047.5,938.75,954.5,129,0.0,0.0
2023-01-04 00:00:00-05:00,940.0,995.0,882.5,940.0,54,0.0,0.0
2023-01-05 00:00:00-05:00,975.0,975.0,905.0,912.5,32,0.0,0.0
2023-01-06 00:00:00-05:00,977.0,1170.0,914.25,1050.25,651,0.0,0.0
2023-01-09 00:00:00-05:00,1090.0,1335.0,1037.5,1142.5,562,0.0,0.0
2023-01-10 00:00:00-05:00,1150.0,1475.0,1150.0,1475.0,596,0.0,0.0
2023-01-11 00:00:00-05:00,1410.0,1585.0,1375.0,1561.25,522,0.0,0.0
2023-01-12 00:00:00-05:00,1557.5,1557.5,1395.0,1450.0,531,0.0,0.0
2023-01-13 00:00:00-05:00,1500.0,1500.0,1252.5,1350.0,328,0.0,0.0
2023-01-17 00:00:00-05:00,1347.5,1380.25,1260.0,1277.5,298,0.0,0.0
2023-01-18 00:00:00-05:00,1300.0,1392.5,1225.0,1237.5,169,0.0,0.0
2023-01-19 00:00:00-05:00,1200.0,1226.0,1047.5,1075.0,444,0.0,0.0
2023-01-20 00:00:00-05:00,1070.0,1260.0,1070.0,1095.0,314,0.0,0.0
2023-01-23 00:00:00-05:00,1077.5,1124.25,1025.0,1025.0,418,0.0,0.0
2023-01-24 00:00:00-05:00,1025.0,1100.0,1025.0,1072.5,313,0.0,0.0
2023-01-25 00:00:00-05:00,1017.5,1142.5,1017.5,1092.5,106,0.0,0.0
2023-01-26 00:00:00-05:00,1082.5,1120.0,1050.0,1077.5,196,0.0,0.0
2023-01-27 00:00:00-05:00,1072.25,1142.5,1062.5,1075.0,155,0.0,0.0
2023-01-30 00:00:00-05:00,1075.0,1107.0,1025.0,1035.0,162,0.0,0.0
2023-01-31 00:00:00-05:00,1032.5,1092.5,990.0,996.25,186,0.0,0.0
2023-02-01 00:00:00-05:00,970.0,993.0,920.0,947.5,343,0.0,0.0
2023-02-02 00:00:00-05:00,1005.0,1067.5,952.5,1005.0,229,0.0,0.0
2023-02-03 00:00:00-05:00,1005.0,1200.0,1005.0,1050.0,820,0.0,0.0
2023-02-06 00:00:00-05:00,1120.0,1120.0,1055.0,1085.0,508,0.0,0.0
2023-02-07 00:00:00-05:00,1145.0,1165.5,1090.0,1157.5,483,0.0,0.0
2023-02-08 00:00:00-05:00,1100.0,1375.0,1002.5,1200.0,5076,0.0,0.0
2023-02-09 00:00:00-05:00,1347.5,1477.5,990.0,1017.5,36290,0.0,0.0
2023-02-10 00:00:00-05:00,947.5,970.0,817.5,866.25,3140,0.0,0.0
2023-02-13 00:00:00-05:00,860.0,871.0,767.5,792.5,1532,0.0,0.0
2023-02-14 00:00:00-05:00,797.5,832.5,700.0,775.0,738,0.0,0.0
2023-02-15 00:00:00-05:00,797.5,827.5,742.5,820.0,732,0.0,0.0
2023-02-16 00:00:00-05:00,762.5,807.5,745.0,777.5,336,0.0,0.0
2023-02-17 00:00:00-05:00,762.5,797.5,722.5,760.0,276,0.0,0.0
2023-02-21 00:00:00-05:00,770.0,774.75,662.5,700.0,623,0.0,0.0
2023-02-22 00:00:00-05:00,705.0,722.5,660.0,685.0,565,0.0,0.0
2023-02-23 00:00:00-05:00,682.5,822.5,647.5,722.5,1513,0.0,0.0
2023-02-24 00:00:00-05:00,705.0,786.75,675.0,720.0,1129,0.0,0.0
2023-02-27 00:00:00-05:00,737.5,768.75,712.5,750.0,944,0.0,0.0
2023-02-28 00:00:00-05:00,747.5,766.5,725.0,742.5,635,0.0,0.0
2023-03-01 00:00:00-05:00,737.5,767.75,700.0,760.0,404,0.0,0.0
2023-03-02 00:00:00-05:00,805.0,805.0,700.0,712.5,1101,0.0,0.0
2023-03-03 00:00:00-05:00,712.5,739.75,700.0,722.5,440,0.0,0.0
2023-03-06 00:00:00-05:00,725.0,765.0,682.5,752.5,828,0.0,0.0
2023-03-07 00:00:00-05:00,742.5,755.0,677.5,695.0,1209,0.0,0.0
2023-03-08 00:00:00-05:00,692.5,692.5,660.0,677.5,354,0.0,0.0
2023-03-09 00:00:00-05:00,692.5,692.5,652.5,680.0,522,0.0,0.0
2023-03-10 00:00:00-05:00,660.0,670.0,580.0,600.0,595,0.0,0.0
2023-03-13 00:00:00-04:00,575.0,590.75,537.5,577.5,389,0.0,0.0
2023-03-14 00:00:00-04:00,580.0,625.0,580.0,582.5,267,0.0,0.0
2023-03-15 00:00:00-04:00,590.0,590.0,540.0,540.0,182,0.0,0.0
2023-03-16 00:00:00-04:00,555.0,565.0,462.5,487.5,482,0.0,0.0
2023-03-17 00:00:00-04:00,525.0,525.0,465.0,475.0,352,0.0,0.0
2023-03-20 00:00:00-04:00,470.0,495.0,465.0,482.5,274,0.0,0.0
2023-03-21 00:00:00-04:00,465.0,505.0,465.0,492.5,137,0.0,0.0
2023-03-22 00:00:00-04:00,505.0,592.5,500.0,527.5,705,0.0,0.0
2023-03-23 00:00:00-04:00,542.5,552.0,505.0,505.0,345,0.0,0.0
2023-03-24 00:00:00-04:00,505.0,535.0,500.0,535.0,128,0.0,0.0
2023-03-27 00:00:00-04:00,535.0,552.5,512.5,527.5,134,0.0,0.0
2023-03-28 00:00:00-04:00,511.5,537.75,495.0,515.0,130,0.0,0.0
2023-03-29 00:00:00-04:00,513.5,522.5,487.75,505.0,188,0.0,0.0
2023-03-30 00:00:00-04:00,530.0,530.0,480.0,502.5,152,0.0,0.0
2023-03-31 00:00:00-04:00,518.25,518.25,452.5,465.0,234,0.0,0.0
2023-04-03 00:00:00-04:00,465.0,476.25,410.0,440.0,177,0.0,0.0
2023-04-04 00:00:00-04:00,440.0,447.5,425.5,445.0,106,0.0,0.0
2023-04-05 00:00:00-04:00,462.5,462.5,425.0,430.0,82,0.0,0.0
2023-04-06 00:00:00-04:00,455.0,475.0,425.0,460.0,383,0.0,0.0
2023-04-10 00:00:00-04:00,490.0,490.0,455.0,483.0,337,0.0,0.0
2023-04-11 00:00:00-04:00,477.5,565.0,477.5,547.0,386,0.0,0.0
2023-04-12 00:00:00-04:00,522.5,537.5,487.5,525.0,304,0.0,0.0
2023-04-13 00:00:00-04:00,522.5,552.5,517.5,517.5,138,0.0,0.0
2023-04-14 00:00:00-04:00,517.5,565.0,517.5,552.5,186,0.0,0.0
2023-04-17 00:00:00-04:00,537.5,625.0,537.5,580.0,459,0.0,0.0
2023-04-18 00:00:00-04:00,577.5,577.5,525.0,543.75,275,0.0,0.0
2023-04-19 00:00:00-04:00,549.25,560.0,522.5,532.5,146,0.0,0.0
2023-04-20 00:00:00-04:00,550.0,555.75,487.5,487.5,441,0.0,0.0
2023-04-21 00:00:00-04:00,495.0,533.0,492.5,530.0,114,0.0,0.0
2023-04-24 00:00:00-04:00,525.0,557.5,510.0,557.5,141,0.0,0.0
2023-04-25 00:00:00-04:00,555.0,560.0,520.0,520.0,47,0.0,0.0
2023-04-26 00:00:00-04:00,517.5,530.0,505.0,517.5,77,0.0,0.0
2023-04-27 00:00:00-04:00,502.75,550.0,502.75,541.25,70,0.0,0.0
2023-04-28 00:00:00-04:00,540.0,570.0,521.25,537.5,167,0.0,0.0
2023-05-01 00:00:00-04:00,547.5,567.5,515.0,538.75,79,0.0,0.0
2023-05-02 00:00:00-04:00,550.0,550.0,480.0,487.5,335,0.0,0.0
2023-05-03 00:00:00-04:00,500.0,515.0,480.0,487.5,116,0.0,0.0
2023-05-04 00:00:00-04:00,500.0,525.0,467.5,502.5,79,0.0,0.0
2023-05-05 00:00:00-04:00,500.0,512.5,480.0,497.5,140,0.0,0.0
2023-05-08 00:00:00-04:00,510.0,511.25,477.5,490.0,87,0.0,0.0
2023-05-09 00:00:00-04:00,500.0,502.5,470.0,485.0,799,0.0,0.0
2023-05-10 00:00:00-04:00,300.0,367.5,265.0,292.5,2626,0.0,0.0
2023-05-11 00:00:00-04:00,302.5,304.75,237.5,247.25,1818,0.0,0.0
2023-05-12 00:00:00-04:00,252.5,252.5,200.0,202.5,1325,0.0,0.0
2023-05-15 00:00:00-04:00,205.0,222.5,200.5,219.75,926,0.0,0.0
2023-05-16 00:00:00-04:00,220.5,220.5,163.0,169.0,1868,0.0,0.0
2023-05-17 00:00:00-04:00,168.0,169.5,146.25,147.5,7297,0.0,0.0
2023-05-18 00:00:00-04:00,220.0,220.0,148.75,162.0,86460,0.0,0.0
2023-05-19 00:00:00-04:00,163.0,165.0,145.5,150.0,7045,0.0,0.0
2023-05-22 00:00:00-04:00,145.0,163.5,138.75,154.5,5648,0.0,0.0
2023-05-23 00:00:00-04:00,157.5,161.75,146.5,151.75,1542,0.0,0.0
2023-05-24 00:00:00-04:00,145.0,145.75,138.75,142.5,1536,0.0,0.0
2023-05-25 00:00:00-04:00,140.0,140.0,112.5,119.25,2767,0.0,0.0
2023-05-26 00:00:00-04:00,117.25,124.0,115.5,120.75,801,0.0,0.0
2023-05-30 00:00:00-04:00,117.5,136.25,115.0,132.25,1955,0.0,0.0
2023-05-31 00:00:00-04:00,132.0,135.0,127.5,130.0,1084,0.0,0.0
2023-06-01 00:00:00-04:00,135.0,137.5,128.0,137.5,724,0.0,0.0
2023-06-02 00:00:00-04:00,137.5,140.75,130.0,133.0,1066,0.0,0.0
2023-06-05 00:00:00-04:00,128.25,137.5,123.75,135.0,738,0.0,0.0
2023-06-06 00:00:00-04:00,131.0,132.5,128.0,129.0,471,0.0,0.0
2023-06-07 00:00:00-04:00,131.75,131.75,125.5,127.5,484,0.0,0.0
2023-06-08 00:00:00-04:00,128.0,131.0,124.0,127.5,1088,0.0,0.0
2023-06-09 00:00:00-04:00,129.25,151.75,125.0,146.0,3218,0.0,0.0
2023-06-12 00:00:00-04:00,159.5,159.5,131.0,135.0,3797,0.0,0.0
2023-06-13 00:00:00-04:00,125.0,137.0,120.0,128.0,2814,0.0,0.0
2023-06-14 00:00:00-04:00,129.0,130.5,120.25,124.0,1121,0.0,0.0
2023-06-15 00:00:00-04:00,125.0,127.0,120.0,121.0,1170,0.0,0.0
2023-06-16 00:00:00-04:00,122.5,135.0,120.0,135.0,1394,0.0,0.0
2023-06-20 00:00:00-04:00,136.25,155.75,130.0,140.5,6509,0.0,0.0
2023-06-21 00:00:00-04:00,141.25,143.75,128.5,133.0,2202,0.0,0.0
2023-06-22 00:00:00-04:00,132.5,133.0,115.0,123.25,1462,0.0,0.0
2023-06-23 00:00:00-04:00,123.25,125.75,105.5,122.5,980,0.0,0.0
2023-06-26 00:00:00-04:00,122.5,135.0,118.75,131.75,1250,0.0,0.0
2023-06-27 00:00:00-04:00,127.5,142.5,127.25,140.0,1159,0.0,0.0
2023-06-28 00:00:00-04:00,135.0,140.0,132.5,134.5,655,0.0,0.0
2023-06-29 00:00:00-04:00,132.5,134.5,125.75,134.5,454,0.0,0.0
2023-06-30 00:00:00-04:00,131.75,133.75,125.5,130.0,897,0.0,0.0
2023-07-03 00:00:00-04:00,126.0,132.0,125.0,130.0,205,0.0,0.0
2023-07-05 00:00:00-04:00,130.0,137.25,115.0,133.5,1546,0.0,0.0
2023-07-06 00:00:00-04:00,132.0,137.5,125.0,132.5,1308,0.0,0.0
2023-07-07 00:00:00-04:00,138.75,140.0,132.5,135.25,1152,0.0,0.0
2023-07-10 00:00:00-04:00,141.25,144.5,133.5,139.75,2295,0.0,0.0
2023-07-11 00:00:00-04:00,139.75,147.5,132.5,137.5,1540,0.0,0.0
2023-07-12 00:00:00-04:00,134.0,145.75,131.25,135.25,981,0.0,0.0
2023-07-13 00:00:00-04:00,140.0,141.25,131.5,140.25,983,0.0,0.0
2023-07-14 00:00:00-04:00,142.25,143.75,133.75,135.75,820,0.0,0.0
2023-07-17 00:00:00-04:00,138.0,140.0,135.0,135.75,610,0.0,0.0
2023-07-18 00:00:00-04:00,137.5,140.0,130.0,130.25,639,0.0,0.0
2023-07-19 00:00:00-04:00,131.5,138.5,125.0,130.0,362,0.0,0.0
2023-07-20 00:00:00-04:00,132.5,134.25,125.75,128.0,248,0.0,0.0
2023-07-21 00:00:00-04:00,125.75,130.0,125.0,125.25,648,0.0,0.0
2023-07-24 00:00:00-04:00,131.5,132.5,125.0,127.5,548,0.0,0.0
2023-07-25 00:00:00-04:00,127.5,127.5,123.75,125.0,300,0.0,0.0
2023-07-26 00:00:00-04:00,124.75,137.5,117.5,137.5,543,0.0,0.0
2023-07-27 00:00:00-04:00,128.75,132.75,121.25,129.75,227,0.0,0.0
2023-07-28 00:00:00-04:00,127.75,129.5,122.75,127.25,204,0.0,0.0
2023-07-31 00:00:00-04:00,131.25,131.5,125.0,130.25,516,0.0,0.0
2023-08-01 00:00:00-04:00,125.0,131.5,125.0,130.0,330,0.0,0.0
2023-08-02 00:00:00-04:00,125.5,130.0,125.0,127.0,151,0.0,0.0
2023-08-03 00:00:00-04:00,130.5,131.75,125.0,131.0,374,0.0,0.0
2023-08-04 00:00:00-04:00,125.25,126.75,118.5,119.5,745,0.0,0.0
2023-08-07 00:00:00-04:00,127.5,127.5,112.5,117.0,444,0.0,0.0
2023-08-08 00:00:00-04:00,117.0,120.0,110.25,110.75,590,0.0,0.0
2023-08-09 00:00:00-04:00,112.0,116.25,95.25,105.0,1352,0.0,0.0
2023-08-10 00:00:00-04:00,102.75,105.0,95.0,95.0,1401,0.0,0.0
2023-08-11 00:00:00-04:00,95.25,95.25,90.25,95.0,475,0.0,0.0
2023-08-14 00:00:00-04:00,92.5,100.0,90.0,90.5,1270,0.0,0.0
2023-08-15 00:00:00-04:00,91.0,93.75,82.5,85.75,877,0.0,0.0
2023-08-16 00:00:00-04:00,89.25,92.5,75.0,77.5,1753,0.0,0.0
2023-08-17 00:00:00-04:00,81.25,81.5,70.25,72.5,1026,0.0,0.0
2023-08-18 00:00:00-04:00,75.25,84.0,67.5,70.25,1148,0.0,0.0
2023-08-21 00:00:00-04:00,77.5,80.0,65.25,65.5,1158,0.0,0.0
2023-08-22 00:00:00-04:00,65.75,70.0,60.0,69.0,1826,0.0,0.0
2023-08-23 00:00:00-04:00,65.25,67.75,61.0,61.25,1589,0.0,0.0
2023-08-24 00:00:00-04:00,62.0,70.0,54.0,62.5,3310,0.0,0.0
2023-08-25 00:00:00-04:00,60.75,64.5,57.75,59.5,743,0.0,0.0
2023-08-28 00:00:00-04:00,63.0,65.0,55.75,64.25,2364,0.0,0.0
2023-08-29 00:00:00-04:00,65.0,68.75,62.5,62.75,1847,0.0,0.0
2023-08-30 00:00:00-04:00,65.0,70.0,64.5,67.75,578,0.0,0.0
2023-08-31 00:00:00-04:00,71.25,72.5,63.25,65.5,1826,0.0,0.0
2023-09-01 00:00:00-04:00,65.0,67.0,60.25,62.75,1084,0.0,0.0
2023-09-05 00:00:00-04:00,66.75,66.75,55.0,58.0,1772,0.0,0.0
2023-09-06 00:00:00-04:00,56.25,60.0,55.0,56.25,932,0.0,0.0
2023-09-07 00:00:00-04:00,57.0,62.25,54.5,54.75,1223,0.0,0.0
2023-09-08 00:00:00-04:00,59.5,60.0,45.5,47.25,3618,0.0,0.0
2023-09-11 00:00:00-04:00,49.75,49.75,40.5,42.5,1822,0.0,0.0
2023-09-12 00:00:00-04:00,45.0,48.5,41.75,48.25,1254,0.0,0.0
2023-09-13 00:00:00-04:00,50.0,50.5,46.25,48.75,2305,0.0,0.0
2023-09-14 00:00:00-04:00,47.5,65.0,47.5,59.75,6933,0.0,0.0
2023-09-15 00:00:00-04:00,57.25,57.25,47.5,54.0,1913,0.0,0.0
2023-09-18 00:00:00-04:00,51.0,55.0,47.5,51.75,607,0.0,0.0
2023-09-19 00:00:00-04:00,50.75,55.0,47.5,52.5,719,0.0,0.0
2023-09-20 00:00:00-04:00,55.0,55.0,49.0,52.0,976,0.0,0.0
2023-09-21 00:00:00-04:00,52.0,52.0,45.0,46.5,1345,0.0,0.0
2023-09-22 00:00:00-04:00,48.75,48.75,45.0,45.5,1505,0.0,0.0
2023-09-25 00:00:00-04:00,46.75,47.25,42.75,44.0,645,0.0,0.0
2023-09-26 00:00:00-04:00,49.0,49.0,43.25,46.75,1527,0.0,0.0
2023-09-27 00:00:00-04:00,51.75,94.75,42.5,47.25,79991,0.0,0.0
2023-09-28 00:00:00-04:00,42.5,47.75,41.25,46.75,8150,0.0,0.0
2023-09-29 00:00:00-04:00,83.25,90.0,53.5,66.0,238569,0.0,0.0
2023-10-02 00:00:00-04:00,81.75,122.25,72.5,104.25,242810,0.0,0.0
2023-10-03 00:00:00-04:00,149.0,200.0,136.0,147.5,710828,0.0,0.0
2023-10-04 00:00:00-04:00,150.0,157.25,117.5,147.75,148252,0.0,0.0
2023-10-05 00:00:00-04:00,129.5,177.25,124.75,141.5,148693,0.0,0.0
2023-10-06 00:00:00-04:00,140.0,162.5,130.0,134.0,62325,0.0,0.0
2023-10-09 00:00:00-04:00,125.25,129.75,101.5,117.5,32553,0.0,0.0
2023-10-10 00:00:00-04:00,116.75,137.25,110.0,125.0,23180,0.0,0.0
2023-10-11 00:00:00-04:00,125.25,143.5,125.0,135.5,28469,0.0,0.0
2023-10-12 00:00:00-04:00,145.0,167.5,142.5,148.75,43368,0.0,0.0
2023-10-13 00:00:00-04:00,145.0,146.5,120.25,129.75,22281,0.0,0.0
2023-10-16 00:00:00-04:00,125.25,131.25,119.25,120.0,15051,0.0,0.0
2023-10-17 00:00:00-04:00,120.0,122.5,106.5,113.25,13028,0.0,0.0
2023-10-18 00:00:00-04:00,137.25,214.25,135.0,192.75,718063,0.0,0.0
2023-10-19 00:00:00-04:00,280.0,310.0,244.5,297.5,567275,0.0,0.0
2023-10-20 00:00:00-04:00,237.5,277.5,219.0,255.0,147688,0.0,0.0
2023-10-23 00:00:00-04:00,228.75,236.25,178.0,181.75,51489,0.0,0.0
2023-10-24 00:00:00-04:00,175.0,212.5,162.5,204.25,53340,0.0,0.0
2023-10-25 00:00:00-04:00,187.5,227.5,180.0,212.25,26206,0.0,0.0
2023-10-26 00:00:00-04:00,200.0,203.75,180.75,198.0,46469,0.0,0.0
2023-10-27 00:00:00-04:00,270.0,295.0,232.0,255.0,187360,0.0,0.0
2023-10-30 00:00:00-04:00,300.0,312.5,240.25,250.0,207785,0.0,0.0
2023-10-31 00:00:00-04:00,235.0,242.0,200.0,205.25,41973,0.0,0.0
2023-11-01 00:00:00-04:00,190.0,233.5,190.0,221.5,35000,0.0,0.0
2023-11-02 00:00:00-04:00,229.25,242.5,215.5,222.25,19920,0.0,0.0
2023-11-03 00:00:00-04:00,217.0,234.0,202.75,209.0,17283,0.0,0.0
2023-11-06 00:00:00-05:00,200.0,207.25,185.0,189.25,21157,0.0,0.0
2023-11-07 00:00:00-05:00,186.25,191.25,152.5,185.0,17706,0.0,0.0
2023-11-08 00:00:00-05:00,177.25,184.0,155.75,167.5,11914,0.0,0.0
2023-11-09 00:00:00-05:00,162.5,165.25,137.75,150.5,16343,0.0,0.0
2023-11-10 00:00:00-05:00,150.0,151.25,132.5,142.5,11793,0.0,0.0
2023-11-13 00:00:00-05:00,142.25,159.75,132.75,147.5,14757,0.0,0.0
2023-11-14 00:00:00-05:00,145.25,156.25,140.0,151.0,9915,0.0,0.0
2023-11-15 00:00:00-05:00,145.75,147.5,135.0,141.25,12246,0.0,0.0
2023-11-16 00:00:00-05:00,143.5,152.0,135.0,150.0,17870,0.0,0.0
2023-11-17 00:00:00-05:00,147.5,148.25,135.75,137.5,8641,0.0,0.0
2023-11-20 00:00:00-05:00,137.5,138.0,122.5,125.0,12945,0.0,0.0
2023-11-21 00:00:00-05:00,122.5,125.0,105.0,105.75,12421,0.0,0.0
2023-11-22 00:00:00-05:00,107.25,112.5,95.75,97.5,12423,0.0,0.0
2023-11-24 00:00:00-05:00,94.75,97.25,90.0,92.75,6368,0.0,0.0
2023-11-27 00:00:00-05:00,93.25,121.25,91.5,109.0,24369,0.0,0.0
2023-11-28 00:00:00-05:00,108.5,119.5,97.5,117.75,15922,0.0,0.0
2023-11-29 00:00:00-05:00,118.75,152.5,115.75,129.75,25138,0.0,0.0
2023-11-30 00:00:00-05:00,130.0,132.5,117.75,127.25,9258,0.0,0.0
2023-12-01 00:00:00-05:00,125.75,140.0,123.75,136.0,13170,0.0,0.0
2023-12-04 00:00:00-05:00,125.0,136.5,125.0,128.5,6257,0.0,0.0
2023-12-05 00:00:00-05:00,127.5,128.0,115.0,117.75,7481,0.0,0.0
2023-12-06 00:00:00-05:00,121.5,130.0,120.25,123.5,7037,0.0,0.0
2023-12-07 00:00:00-05:00,125.0,125.0,118.0,120.0,6092,0.0,0.0
2023-12-08 00:00:00-05:00,125.0,146.25,118.25,140.0,16987,0.0,0.0
2023-12-11 00:00:00-05:00,140.0,140.75,125.0,126.0,9849,0.0,0.0
2023-12-12 00:00:00-05:00,132.5,132.5,120.25,122.5,5234,0.0,0.0
2023-12-13 00:00:00-05:00,125.5,125.5,112.75,120.0,7663,0.0,0.0
2023-12-14 00:00:00-05:00,125.0,132.5,116.5,124.25,7651,0.0,0.0
2023-12-15 00:00:00-05:00,132.5,132.5,120.25,126.25,7506,0.0,0.0
2023-12-18 00:00:00-05:00,125.0,126.25,112.5,114.0,9703,0.0,0.0
2023-12-19 00:00:00-05:00,115.25,118.25,105.0,109.25,5935,0.0,0.0
2023-12-20 00:00:00-05:00,109.5,120.0,102.25,114.75,12303,0.0,0.0
2023-12-21 00:00:00-05:00,112.5,113.5,107.5,111.75,4041,0.0,0.0
2023-12-22 00:00:00-05:00,113.75,113.75,106.25,112.0,3634,0.0,0.0
2023-12-26 00:00:00-05:00,113.0,113.0,105.0,109.75,6330,0.0,0.0
2023-12-27 00:00:00-05:00,110.0,114.25,107.5,114.25,5946,0.0,0.0
2023-12-28 00:00:00-05:00,106.25,111.75,102.0,107.5,12693,0.0,0.0
2023-12-29 00:00:00-05:00,107.5,115.0,105.0,110.75,6426,0.0,0.0
2024-01-02 00:00:00-05:00,110.0,117.25,107.5,116.0,7517,0.0,0.0
2024-01-03 00:00:00-05:00,117.25,117.25,110.25,115.5,4737,0.0,0.0
2024-01-04 00:00:00-05:00,122.5,126.25,115.5,125.25,7600,0.0,0.0
2024-01-05 00:00:00-05:00,127.5,130.5,121.25,130.5,6491,0.0,0.0
2024-01-08 00:00:00-05:00,139.0,152.0,133.0,143.25,24592,0.0,0.0
2024-01-09 00:00:00-05:00,155.0,157.5,145.25,148.5,17249,0.0,0.0
2024-01-10 00:00:00-05:00,152.5,153.25,132.75,139.5,11906,0.0,0.0
2024-01-11 00:00:00-05:00,137.5,137.5,125.5,127.75,9175,0.0,0.0
2024-01-12 00:00:00-05:00,134.25,134.25,120.0,125.0,9482,0.0,0.0
2024-01-16 00:00:00-05:00,132.5,135.0,123.75,131.5,10602,0.0,0.0
2024-01-17 00:00:00-05:00,135.0,155.0,128.25,152.5,24094,0.0,0.0
2024-01-18 00:00:00-05:00,155.0,156.25,143.75,150.0,12829,0.0,0.0
2024-01-19 00:00:00-05:00,143.75,174.75,142.5,167.0,29204,0.0,0.0
2024-01-22 00:00:00-05:00,170.0,187.25,163.75,178.25,26030,0.0,0.0
2024-01-23 00:00:00-05:00,176.25,205.0,176.25,200.75,25338,0.0,0.0
2024-01-24 00:00:00-05:00,217.0,247.5,203.75,205.0,60293,0.0,0.0
2024-01-25 00:00:00-05:00,176.0,212.5,154.25,207.5,31239,0.0,0.0
2024-01-26 00:00:00-05:00,193.25,219.5,187.5,196.0,27453,0.0,0.0
2024-01-29 00:00:00-05:00,204.5,219.0,200.0,210.5,20620,0.0,0.0
2024-01-30 00:00:00-05:00,212.5,215.0,196.75,204.0,17922,0.0,0.0
2024-01-31 00:00:00-05:00,206.25,211.25,192.75,200.5,11491,0.0,0.0
2024-02-01 00:00:00-05:00,212.5,212.5,197.5,207.5,11434,0.0,0.0
2024-02-02 00:00:00-05:00,210.0,224.75,201.25,202.5,17798,0.0,0.0
2024-02-05 00:00:00-05:00,211.25,212.5,190.5,195.5,18666,0.0,0.0
2024-02-06 00:00:00-05:00,212.5,212.5,162.5,202.0,11386,0.0,0.0
2024-02-07 00:00:00-05:00,194.25,219.75,192.5,206.0,16097,0.0,0.0
2024-02-08 00:00:00-05:00,205.0,205.75,192.75,202.5,16319,0.0,0.0
2024-02-09 00:00:00-05:00,202.75,218.5,202.75,215.0,28384,0.0,0.0
2024-02-12 00:00:00-05:00,240.0,262.5,220.25,225.0,88148,0.0,0.0
2024-02-13 00:00:00-05:00,222.5,255.0,215.0,232.25,45395,0.0,0.0
2024-02-14 00:00:00-05:00,238.25,247.75,209.25,213.5,52703,0.0,0.0
2024-02-15 00:00:00-05:00,210.5,235.75,209.25,232.5,28446,0.0,0.0
2024-02-16 00:00:00-05:00,230.0,300.0,225.0,290.0,61133,0.0,0.0
2024-02-20 00:00:00-05:00,290.0,372.5,287.5,355.0,61456,0.0,0.0
2024-02-21 00:00:00-05:00,357.5,367.5,312.5,362.5,31338,0.0,0.0
2024-02-22 00:00:00-05:00,426.25,429.25,257.5,277.5,158200,0.0,0.0
2024-02-23 00:00:00-05:00,225.25,239.5,190.0,191.75,89353,0.0,0.0
2024-02-26 00:00:00-05:00,197.5,225.0,190.0,209.5,39811,0.0,0.0
2024-02-27 00:00:00-05:00,206.0,209.25,181.25,193.0,27330,0.0,0.0
2024-02-28 00:00:00-05:00,193.0,194.5,137.5,163.25,39561,0.0,0.0
2024-02-29 00:00:00-05:00,165.0,192.5,165.0,183.5,24890,0.0,0.0
2024-03-01 00:00:00-05:00,198.25,211.75,194.0,197.5,18747,0.0,0.0
2024-03-04 00:00:00-05:00,207.75,208.5,189.0,196.25,13927,0.0,0.0
2024-03-05 00:00:00-05:00,190.0,191.5,178.5,183.75,10327,0.0,0.0
2024-03-06 00:00:00-05:00,185.0,187.5,165.25,168.75,17684,0.0,0.0
2024-03-07 00:00:00-05:00,170.5,198.75,162.75,197.5,18514,0.0,0.0
2024-03-08 00:00:00-05:00,200.0,210.0,190.25,203.75,14630,0.0,0.0
2024-03-11 00:00:00-04:00,203.5,231.0,201.0,227.5,22746,0.0,0.0
2024-03-12 00:00:00-04:00,230.0,275.0,230.0,252.5,32077,0.0,0.0
2024-03-13 00:00:00-04:00,252.5,265.0,217.5,222.5,20638,0.0,0.0
2024-03-14 00:00:00-04:00,222.5,225.0,203.25,205.0,9690,0.0,0.0
2024-03-15 00:00:00-04:00,215.0,234.75,207.5,213.25,19289,0.0,0.0
2024-03-18 00:00:00-04:00,221.5,221.75,197.5,204.5,10440,0.0,0.0
2024-03-19 00:00:00-04:00,209.75,215.0,198.5,212.5,8147,0.0,0.0
2024-03-20 00:00:00-04:00,212.5,220.0,197.75,200.75,6786,0.0,0.0
2024-03-21 00:00:00-04:00,204.0,207.5,191.25,193.25,7876,0.0,0.0
2024-03-22 00:00:00-04:00,197.0,200.0,188.0,199.5,4820,0.0,0.0
2024-03-25 00:00:00-04:00,200.75,203.75,187.75,195.0,6712,0.0,0.0
2024-03-26 00:00:00-04:00,192.5,193.75,183.0,186.0,6429,0.0,0.0
2024-03-27 00:00:00-04:00,185.0,187.25,165.0,177.0,12728,0.0,0.0
2024-03-28 00:00:00-04:00,175.0,186.5,173.0,183.5,7556,0.0,0.0
2024-04-01 00:00:00-04:00,187.5,207.0,185.0,199.75,8468,0.0,0.0
2024-04-02 00:00:00-04:00,200.0,201.25,185.5,187.75,4727,0.0,0.0
2024-04-03 00:00:00-04:00,188.75,195.0,182.5,185.75,5983,0.0,0.0
2024-04-04 00:00:00-04:00,183.5,186.75,172.0,178.75,7210,0.0,0.0
2024-04-05 00:00:00-04:00,175.0,180.0,172.75,174.5,4105,0.0,0.0
2024-04-08 00:00:00-04:00,173.75,177.5,161.5,165.25,10198,0.0,0.0
2024-04-09 00:00:00-04:00,165.0,168.25,150.5,157.0,8332,0.0,0.0
2024-04-10 00:00:00-04:00,160.0,175.0,155.25,172.5,5893,0.0,0.0
2024-04-11 00:00:00-04:00,177.5,180.5,166.25,179.75,4609,0.0,0.0
2024-04-12 00:00:00-04:00,182.25,200.0,171.25,179.25,9132,0.0,0.0
2024-04-15 00:00:00-04:00,185.0,185.0,162.5,165.75,6730,0.0,0.0
2024-04-16 00:00:00-04:00,169.25,180.0,162.5,177.5,5052,0.0,0.0
2024-04-17 00:00:00-04:00,180.0,180.0,162.0,174.75,9930,0.0,0.0
2024-04-18 00:00:00-04:00,157.5,160.0,125.0,135.0,24324,0.0,0.0
2024-04-19 00:00:00-04:00,125.0,127.25,95.0,101.25,30033,0.0,0.0
2024-04-22 00:00:00-04:00,107.5,120.0,105.5,109.0,10667,0.0,0.0
2024-04-23 00:00:00-04:00,110.75,125.75,110.75,122.5,9391,0.0,0.0
2024-04-24 00:00:00-04:00,131.25,132.0,120.75,127.0,7180,0.0,0.0
2024-04-25 00:00:00-04:00,125.0,125.75,113.75,120.75,6164,0.0,0.0
2024-04-26 00:00:00-04:00,122.25,122.25,109.25,110.0,6930,0.0,0.0
2024-04-29 00:00:00-04:00,111.25,130.0,110.5,128.5,9476,0.0,0.0
2024-04-30 00:00:00-04:00,138.0,149.75,115.5,120.0,18134,0.0,0.0
2024-05-01 00:00:00-04:00,122.5,125.0,111.0,116.5,6877,0.0,0.0
2024-05-02 00:00:00-04:00,117.5,127.5,115.0,123.25,7180,0.0,0.0
2024-05-03 00:00:00-04:00,122.5,127.25,110.5,112.25,10128,0.0,0.0
2024-05-06 00:00:00-04:00,112.5,115.5,103.5,110.5,6429,0.0,0.0
2024-05-07 00:00:00-04:00,110.0,121.25,107.5,118.25,6302,0.0,0.0
2024-05-08 00:00:00-04:00,116.75,117.5,108.75,109.75,3245,0.0,0.0
2024-05-09 00:00:00-04:00,111.0,112.25,106.5,107.75,5158,0.0,0.0
2024-05-10 00:00:00-04:00,105.0,109.5,96.5,100.75,10695,0.0,0.0
2024-05-13 00:00:00-04:00,97.0,100.0,95.25,97.75,4938,0.0,0.0
2024-05-14 00:00:00-04:00,89.5,97.5,82.5,97.0,11978,0.0,0.0
2024-05-15 00:00:00-04:00,91.25,94.75,85.0,85.5,6709,0.0,0.0
2024-05-16 00:00:00-04:00,92.0,107.5,91.75,100.5,12134,0.0,0.0
2024-05-17 00:00:00-04:00,101.25,103.0,95.5,96.5,4280,0.0,0.0
2024-05-20 00:00:00-04:00,96.5,102.5,91.5,102.5,3518,0.0,0.0
2024-05-21 00:00:00-04:00,102.75,106.25,100.0,101.5,4087,0.0,0.0
2024-05-22 00:00:00-04:00,105.0,125.0,97.75,101.25,17202,0.0,0.0
2024-05-23 00:00:00-04:00,100.0,102.25,93.0,94.5,4312,0.0,0.0
2024-05-24 00:00:00-04:00,93.75,94.25,90.75,93.25,2604,0.0,0.0
2024-05-28 00:00:00-04:00,93.75,102.5,93.75,96.5,3969,0.0,0.0
2024-05-29 00:00:00-04:00,97.5,97.5,90.75,92.0,3278,0.0,0.0
2024-05-30 00:00:00-04:00,91.25,97.0,91.25,91.5,2648,0.0,0.0
2024-05-31 00:00:00-04:00,92.5,96.5,91.25,92.75,2822,0.0,0.0
2024-06-03 00:00:00-04:00,96.25,96.25,88.0,90.0,5644,0.0,0.0
2024-06-04 00:00:00-04:00,90.0,91.5,82.5,88.75,5597,0.0,0.0
2024-06-05 00:00:00-04:00,86.25,89.5,85.0,88.5,4638,0.0,0.0
2024-06-06 00:00:00-04:00,78.5,78.5,50.0,53.75,42934,0.0,0.0
2024-06-07 00:00:00-04:00,52.5,63.0,46.5,54.75,29623,0.0,0.0
2024-06-10 00:00:00-04:00,48.79999923706055,48.79999923706055,38.29999923706055,42.099998474121094,38990,0.0,0.04
2024-06-11 00:00:00-04:00,42.900001525878906,46.400001525878906,39.84000015258789,41.79999923706055,25220,0.0,0.0
2024-06-12 00:00:00-04:00,40.0,40.65999984741211,36.16999816894531,37.400001525878906,26380,0.0,0.0
2024-06-13 00:00:00-04:00,36.900001525878906,37.20000076293945,35.20000076293945,35.29999923706055,15490,0.0,0.0
2024-06-14 00:00:00-04:00,35.599998474121094,38.599998474121094,32.5,38.5,20240,0.0,0.0
2024-06-17 00:00:00-04:00,36.900001525878906,47.400001525878906,36.900001525878906,39.0,38190,0.0,0.0
2024-06-18 00:00:00-04:00,38.900001525878906,44.099998474121094,38.79999923706055,41.20000076293945,16850,0.0,0.0
2024-06-20 00:00:00-04:00,43.0,53.599998474121094,41.20000076293945,52.79999923706055,45980,0.0,0.0
2024-06-21 00:00:00-04:00,54.29999923706055,77.4000015258789,54.20000076293945,72.0999984741211,368130,0.0,0.0
2024-06-24 00:00:00-04:00,74.19999694824219,92.5,74.0,79.4000015258789,186270,0.0,0.0
2024-06-25 00:00:00-04:00,79.80000305175781,85.0,63.099998474121094,63.599998474121094,53540,0.0,0.0
2024-06-26 00:00:00-04:00,65.30000305175781,85.5,64.83000183105469,75.5999984741211,85980,0.0,0.0
2024-06-27 00:00:00-04:00,77.69999694824219,79.68000030517578,68.30000305175781,68.9000015258789,29530,0.0,0.0
2024-06-28 00:00:00-04:00,68.5999984741211,77.19999694824219,66.5,75.9000015258789,22130,0.0,0.0
2024-07-01 00:00:00-04:00,79.30000305175781,103.02999877929688,79.30000305175781,93.4000015258789,74890,0.0,0.0
2024-07-02 00:00:00-04:00,95.5,95.94999694824219,83.37000274658203,88.69999694824219,22140,0.0,0.0
2024-07-03 00:00:00-04:00,92.30000305175781,98.9000015258789,86.0999984741211,91.0999984741211,30140,0.0,0.0
2024-07-05 00:00:00-04:00,90.0999984741211,99.5999984741211,88.0999984741211,95.4000015258789,22350,0.0,0.0
2024-07-08 00:00:00-04:00,96.0999984741211,116.4000015258789,96.0999984741211,115.4000015258789,46270,0.0,0.0
2024-07-09 00:00:00-04:00,114.0999984741211,138.47000122070312,113.13999938964844,130.0,44950,0.0,0.0
2024-07-10 00:00:00-04:00,92.80000305175781,96.80000305175781,77.0,80.69999694824219,111680,0.0,0.0
2024-07-11 00:00:00-04:00,80.0,84.19999694824219,74.0,76.5999984741211,37600,0.0,0.0
2024-07-12 00:00:00-04:00,82.80000305175781,88.80000305175781,79.30000305175781,86.0,42220,0.0,0.0
2024-07-15 00:00:00-04:00,85.30000305175781,86.4000015258789,70.94999694824219,73.0,45210,0.0,0.0
2024-07-16 00:00:00-04:00,73.5999984741211,79.80000305175781,71.5999984741211,77.9000015258789,39480,0.0,0.0
2024-07-17 00:00:00-04:00,77.19999694824219,81.9000015258789,76.0999984741211,77.69999694824219,18110,0.0,0.0
2024-07-18 00:00:00-04:00,77.9000015258789,78.9000015258789,72.0,72.80000305175781,15870,0.0,0.0
2024-07-19 00:00:00-04:00,72.19999694824219,74.5999984741211,71.30000305175781,73.69999694824219,7440,0.0,0.0
2024-07-22 00:00:00-04:00,73.4000015258789,74.80000305175781,65.69999694824219,68.5,17860,0.0,0.0
2024-07-23 00:00:00-04:00,68.19999694824219,78.30000305175781,68.0,75.19999694824219,42300,0.0,0.0
2024-07-24 00:00:00-04:00,71.69999694824219,74.0,68.19999694824219,70.0,17090,0.0,0.0
2024-07-25 00:00:00-04:00,70.0,79.4000015258789,70.0,78.9000015258789,20550,0.0,0.0
2024-07-26 00:00:00-04:00,78.5999984741211,95.4000015258789,77.5999984741211,88.0,48510,0.0,0.0
2024-07-29 00:00:00-04:00,88.30000305175781,95.5999984741211,87.5,88.5999984741211,20080,0.0,0.0
2024-07-30 00:00:00-04:00,91.0,91.0,81.9000015258789,83.5,10040,0.0,0.0
2024-07-31 00:00:00-04:00,82.0,89.69999694824219,81.5999984741211,88.0,7960,0.0,0.0
2024-08-01 00:00:00-04:00,90.0,90.87000274658203,81.19999694824219,82.80000305175781,8000,0.0,0.0
2024-08-02 00:00:00-04:00,80.0,84.69999694824219,76.19999694824219,82.19999694824219,13530,0.0,0.0
2024-08-05 00:00:00-04:00,75.0,79.9000015258789,73.0999984741211,75.5,7810,0.0,0.0
2024-08-06 00:00:00-04:00,79.30000305175781,81.69999694824219,75.0,80.0,7490,0.0,0.0
2024-08-07 00:00:00-04:00,82.30000305175781,83.7699966430664,77.0999984741211,78.0,6080,0.0,0.0
2024-08-08 00:00:00-04:00,78.0999984741211,79.5999984741211,75.5,78.4000015258789,4450,0.0,0.0
2024-08-09 00:00:00-04:00,78.69999694824219,79.30000305175781,73.5999984741211,74.30000305175781,7010,0.0,0.0
2024-08-12 00:00:00-04:00,75.0,75.0,70.5,72.69999694824219,5320,0.0,0.0
2024-08-13 00:00:00-04:00,72.69999694824219,72.69999694824219,60.099998474121094,60.70000076293945,30310,0.0,0.0
2024-08-14 00:00:00-04:00,50.400001525878906,56.04999923706055,48.0,50.099998474121094,25150,0.0,0.0
2024-08-15 00:00:00-04:00,50.900001525878906,63.68000030517578,50.900001525878906,61.79999923706055,20870,0.0,0.0
2024-08-16 00:00:00-04:00,60.099998474121094,69.0,60.099998474121094,65.0999984741211,13670,0.0,0.0
2024-08-19 00:00:00-04:00,64.5999984741211,68.19999694824219,61.5,63.0,9140,0.0,0.0
2024-08-20 00:00:00-04:00,62.5,63.20000076293945,59.970001220703125,60.5,6200,0.0,0.0
2024-08-21 00:00:00-04:00,57.599998474121094,64.30000305175781,56.599998474121094,62.099998474121094,8980,0.0,0.0
2024-08-22 00:00:00-04:00,63.0,64.9000015258789,61.599998474121094,63.79999923706055,5690,0.0,0.0
2024-08-23 00:00:00-04:00,63.900001525878906,66.5,63.70000076293945,64.0,7480,0.0,0.0
2024-08-26 00:00:00-04:00,65.0,65.0,56.0,57.099998474121094,10040,0.0,0.0
2024-08-27 00:00:00-04:00,56.70000076293945,57.400001525878906,52.599998474121094,54.29999923706055,10790,0.0,0.0
2024-08-28 00:00:00-04:00,54.400001525878906,54.79999923706055,50.0,51.599998474121094,6200,0.0,0.0
2024-08-29 00:00:00-04:00,50.79999923706055,54.29999923706055,50.79999923706055,52.79999923706055,2240,0.0,0.0
2024-08-30 00:00:00-04:00,53.400001525878906,53.54999923706055,47.630001068115234,49.29999923706055,8270,0.0,0.0
2024-09-03 00:00:00-04:00,49.79999923706055,50.900001525878906,46.900001525878906,48.900001525878906,5950,0.0,0.0
2024-09-04 00:00:00-04:00,48.79999923706055,54.900001525878906,48.70000076293945,52.5,7800,0.0,0.0
2024-09-05 00:00:00-04:00,51.70000076293945,52.29999923706055,48.79999923706055,49.79999923706055,5960,0.0,0.0
2024-09-06 00:00:00-04:00,50.400001525878906,51.5,47.5,48.400001525878906,2360,0.0,0.0
2024-09-09 00:00:00-04:00,48.099998474121094,53.599998474121094,48.099998474121094,52.79999923706055,3160,0.0,0.0
2024-09-10 00:00:00-04:00,51.900001525878906,57.900001525878906,51.900001525878906,55.70000076293945,4280,0.0,0.0
2024-09-11 00:00:00-04:00,55.0,55.0,50.29999923706055,51.900001525878906,6150,0.0,0.0
2024-09-12 00:00:00-04:00,52.5,53.400001525878906,50.70000076293945,51.70000076293945,2890,0.0,0.0
2024-09-13 00:00:00-04:00,50.400001525878906,53.099998474121094,48.599998474121094,48.95000076293945,7120,0.0,0.0
2024-09-16 00:00:00-04:00,49.29999923706055,51.70000076293945,45.5,48.70000076293945,7170,0.0,0.0
2024-09-17 00:00:00-04:00,50.0,51.70000076293945,49.099998474121094,50.70000076293945,3590,0.0,0.0
2024-09-18 00:00:00-04:00,49.70000076293945,52.20000076293945,48.79999923706055,49.20000076293945,7160,0.0,0.0
2024-09-19 00:00:00-04:00,50.0,51.220001220703125,48.900001525878906,49.599998474121094,2100,0.0,0.0
2024-09-20 00:00:00-04:00,49.0,49.61000061035156,45.29999923706055,45.29999923706055,10110,0.0,0.0
2024-09-23 00:00:00-04:00,46.5,47.70000076293945,45.5,47.400001525878906,3750,0.0,0.0
2024-09-24 00:00:00-04:00,46.70000076293945,49.70000076293945,46.599998474121094,47.900001525878906,3790,0.0,0.0
2024-09-25 00:00:00-04:00,48.20000076293945,48.5,44.20000076293945,44.900001525878906,6620,0.0,0.0
2024-09-26 00:00:00-04:00,44.900001525878906,45.59000015258789,40.599998474121094,40.599998474121094,13770,0.0,0.0
2024-09-27 00:00:00-04:00,40.5,44.900001525878906,39.599998474121094,42.79999923706055,7580,0.0,0.0
2024-09-30 00:00:00-04:00,43.400001525878906,44.599998474121094,41.599998474121094,42.599998474121094,4200,0.0,0.0
2024-10-01 00:00:00-04:00,42.0,42.599998474121094,40.0,40.900001525878906,4880,0.0,0.0
2024-10-02 00:00:00-04:00,40.599998474121094,43.0,40.599998474121094,42.900001525878906,2470,0.0,0.0
2024-10-03 00:00:00-04:00,43.0,43.70000076293945,42.900001525878906,42.900001525878906,1680,0.0,0.0
2024-10-04 00:00:00-04:00,43.79999923706055,43.79999923706055,41.0,42.79999923706055,5230,0.0,0.0
2024-10-07 00:00:00-04:00,42.599998474121094,42.599998474121094,39.29999923706055,40.599998474121094,9640,0.0,0.0
2024-10-08 00:00:00-04:00,40.79999923706055,42.79999923706055,39.0,39.400001525878906,6180,0.0,0.0
2024-10-09 00:00:00-04:00,40.5,41.0,39.0,40.0,3310,0.0,0.0
2024-10-10 00:00:00-04:00,39.0,40.349998474121094,38.22999954223633,39.5,2940,0.0,0.0
2024-10-11 00:00:00-04:00,39.79999923706055,41.79999923706055,39.02000045776367,40.599998474121094,4810,0.0,0.0
2024-10-14 00:00:00-04:00,40.0,41.099998474121094,40.0,41.0,2770,0.0,0.0
2024-10-15 00:00:00-04:00,41.38999938964844,42.38999938964844,40.099998474121094,41.0,5670,0.0,0.0
2024-10-16 00:00:00-04:00,41.099998474121094,42.70000076293945,41.099998474121094,42.0,5280,0.0,0.0
2024-10-17 00:00:00-04:00,41.900001525878906,42.79999923706055,39.20000076293945,40.20000076293945,5430,0.0,0.0
2024-10-18 00:00:00-04:00,40.20000076293945,42.79999923706055,40.20000076293945,41.0,4300,0.0,0.0
2024-10-21 00:00:00-04:00,40.900001525878906,42.0,40.130001068115234,40.5,10740,0.0,0.0
2024-10-22 00:00:00-04:00,40.29999923706055,42.0,40.20000076293945,40.5,7000,0.0,0.0
2024-10-23 00:00:00-04:00,40.5,42.20000076293945,38.29999923706055,38.400001525878906,8690,0.0,0.0
2024-10-24 00:00:00-04:00,40.0,40.099998474121094,36.20000076293945,36.5,12140,0.0,0.0
2024-10-25 00:00:00-04:00,37.70000076293945,37.900001525878906,35.0,35.70000076293945,15250,0.0,0.0
2024-10-28 00:00:00-04:00,37.900001525878906,37.900001525878906,35.29999923706055,35.599998474121094,6510,0.0,0.0
2024-10-29 00:00:00-04:00,35.29999923706055,35.70000076293945,33.5,33.5,9200,0.0,0.0
2024-10-30 00:00:00-04:00,33.79999923706055,34.59000015258789,32.599998474121094,32.599998474121094,7210,0.0,0.0
2024-10-31 00:00:00-04:00,32.70000076293945,33.900001525878906,30.100000381469727,31.0,14120,0.0,0.0
2024-11-01 00:00:00-04:00,31.5,31.889999389648438,29.0,30.299999237060547,21110,0.0,0.0
2024-11-04 00:00:00-05:00,30.0,30.520000457763672,27.700000762939453,28.200000762939453,12450,0.0,0.0
2024-11-05 00:00:00-05:00,28.100000381469727,29.40999984741211,26.0,26.799999237060547,21670,0.0,0.0
2024-11-06 00:00:00-05:00,28.600000381469727,29.0,23.989999771118164,26.0,132870,0.0,0.0
2024-11-07 00:00:00-05:00,26.0,26.239999771118164,24.0,25.0,22730,0.0,0.0
2024-11-08 00:00:00-05:00,25.100000381469727,27.399999618530273,25.100000381469727,26.100000381469727,34460,0.0,0.0
2024-11-11 00:00:00-05:00,27.0,28.079999923706055,26.799999237060547,27.0,19200,0.0,0.0
2024-11-12 00:00:00-05:00,27.600000381469727,27.899999618530273,25.399999618530273,26.700000762939453,12040,0.0,0.0
2024-11-13 00:00:00-05:00,26.5,26.5,24.600000381469727,25.200000762939453,15400,0.0,0.0
2024-11-14 00:00:00-05:00,26.0,26.0,18.75,19.600000381469727,65590,0.0,0.0
2024-11-15 00:00:00-05:00,19.899999618530273,22.600000381469727,19.899999618530273,21.899999618530273,45650,0.0,0.0
2024-11-18 00:00:00-05:00,21.600000381469727,22.5,18.299999237060547,22.5,41410,0.0,0.0
2024-11-19 00:00:00-05:00,22.0,22.100000381469727,20.600000381469727,21.200000762939453,11890,0.0,0.0
2024-11-20 00:00:00-05:00,21.100000381469727,22.15999984741211,20.889999389648438,21.5,9350,0.0,0.0
2024-11-21 00:00:00-05:00,22.200000762939453,22.5,21.5,22.0,12330,0.0,0.0
2024-11-22 00:00:00-05:00,21.799999237060547,22.139999389648438,20.100000381469727,20.5,14310,0.0,0.0
2024-11-25 00:00:00-05:00,20.799999237060547,22.5,20.5,21.299999237060547,14790,0.0,0.0
2024-11-26 00:00:00-05:00,21.399999618530273,23.600000381469727,21.0,23.0,21820,0.0,0.0
2024-11-27 00:00:00-05:00,25.0,25.709999084472656,24.100000381469727,25.399999618530273,45340,0.0,0.0
2024-11-29 00:00:00-05:00,25.399999618530273,25.5,24.360000610351562,25.0,11310,0.0,0.0
2024-12-02 00:00:00-05:00,25.100000381469727,25.100000381469727,23.100000381469727,23.799999237060547,10510,0.0,0.0
2024-12-03 00:00:00-05:00,23.700000762939453,24.0,22.0,23.700000762939453,10260,0.0,0.0
2024-12-04 00:00:00-05:00,23.700000762939453,26.100000381469727,23.700000762939453,25.399999618530273,14090,0.0,0.0
2024-12-05 00:00:00-05:00,25.399999618530273,25.899999618530273,23.600000381469727,23.899999618530273,15320,0.0,0.0
2024-12-06 00:00:00-05:00,23.899999618530273,24.0,22.0,22.5,13690,0.0,0.0
2024-12-09 00:00:00-05:00,22.5,23.399999618530273,21.510000228881836,21.649999618530273,13850,0.0,0.0
2024-12-10 00:00:00-05:00,22.299999237060547,22.799999237060547,21.399999618530273,22.5,11770,0.0,0.0
2024-12-11 00:00:00-05:00,20.899999618530273,21.799999237060547,19.049999237060547,20.899999618530273,259990,0.0,0.0
2024-12-12 00:00:00-05:00,19.700000762939453,20.100000381469727,18.600000381469727,18.899999618530273,39690,0.0,0.0
2024-12-13 00:00:00-05:00,19.8799991607666,20.399999618530273,19.600000381469727,19.899999618530273,15480,0.0,0.0
2024-12-16 00:00:00-05:00,20.0,20.149999618530273,18.100000381469727,18.399999618530273,24410,0.0,0.0
2024-12-17 00:00:00-05:00,17.899999618530273,19.899999618530273,16.950000762939453,19.899999618530273,26360,0.0,0.0
2024-12-18 00:00:00-05:00,19.899999618530273,20.399999618530273,19.299999237060547,20.0,14670,0.0,0.0
2024-12-19 00:00:00-05:00,20.0,20.799999237060547,19.649999618530273,20.399999618530273,33850,0.0,0.0
2024-12-20 00:00:00-05:00,20.100000381469727,21.0,20.100000381469727,20.600000381469727,21450,0.0,0.0
2024-12-23 00:00:00-05:00,20.5,20.799999237060547,19.399999618530273,19.899999618530273,13550,0.0,0.0
2024-12-24 00:00:00-05:00,19.700000762939453,20.799999237060547,19.700000762939453,20.299999237060547,7510,0.0,0.0
2024-12-26 00:00:00-05:00,20.200000762939453,21.100000381469727,19.700000762939453,20.899999618530273,28840,0.0,0.0
2024-12-27 00:00:00-05:00,20.899999618530273,21.299999237060547,20.200000762939453,20.399999618530273,12990,0.0,0.0
2024-12-30 00:00:00-05:00,20.100000381469727,20.299999237060547,19.100000381469727,20.0,12680,0.0,0.0
2024-12-31 00:00:00-05:00,19.899999618530273,20.799999237060547,19.299999237060547,19.399999618530273,13070,0.0,0.0
2025-01-02 00:00:00-05:00,19.799999237060547,20.600000381469727,19.100000381469727,19.5,17360,0.0,0.0
2025-01-03 00:00:00-05:00,19.600000381469727,21.020000457763672,19.549999237060547,21.0,22960,0.0,0.0
2025-01-06 00:00:00-05:00,21.200000762939453,21.799999237060547,20.700000762939453,20.799999237060547,13680,0.0,0.0
2025-01-07 00:00:00-05:00,20.899999618530273,21.200000762939453,20.100000381469727,20.5,8420,0.0,0.0
2025-01-08 00:00:00-05:00,20.5,20.700000762939453,19.600000381469727,19.899999618530273,18620,0.0,0.0
2025-01-10 00:00:00-05:00,20.200000762939453,20.299999237060547,19.600000381469727,19.899999618530273,12950,0.0,0.0
2025-01-13 00:00:00-05:00,20.100000381469727,20.479999542236328,18.700000762939453,19.5,21890,0.0,0.0
2025-01-14 00:00:00-05:00,19.5,19.989999771118164,18.739999771118164,19.100000381469727,14540,0.0,0.0
2025-01-15 00:00:00-05:00,19.549999237060547,20.100000381469727,17.600000381469727,18.100000381469727,79680,0.0,0.0
2025-01-16 00:00:00-05:00,18.200000762939453,18.200000762939453,16.799999237060547,17.100000381469727,21340,0.0,0.0
2025-01-17 00:00:00-05:00,17.5,17.600000381469727,16.799999237060547,17.5,15500,0.0,0.0
2025-01-21 00:00:00-05:00,17.799999237060547,18.399999618530273,17.31999969482422,17.5,14240,0.0,0.0
2025-01-22 00:00:00-05:00,17.600000381469727,17.799999237060547,16.0,16.5,24110,0.0,0.0
2025-01-23 00:00:00-05:00,16.399999618530273,16.700000762939453,15.0,15.699999809265137,17800,0.0,0.0
2025-01-24 00:00:00-05:00,15.899999618530273,16.0,15.0,15.699999809265137,20180,0.0,0.0
2025-01-27 00:00:00-05:00,15.699999809265137,17.799999237060547,15.260000228881836,16.200000762939453,39110,0.0,0.0
2025-01-28 00:00:00-05:00,16.100000381469727,17.600000381469727,16.100000381469727,17.5,15040,0.0,0.0
2025-01-29 00:00:00-05:00,17.600000381469727,17.770000457763672,16.600000381469727,16.899999618530273,19420,0.0,0.0
2025-01-30 00:00:00-05:00,17.0,17.899999618530273,16.600000381469727,17.299999237060547,15160,0.0,0.0
2025-01-31 00:00:00-05:00,16.0,27.5,15.5,22.399999618530273,676320,0.0,0.0
2025-02-03 00:00:00-05:00,23.200000762939453,30.700000762939453,22.0,22.799999237060547,518590,0.0,0.0
2025-02-04 00:00:00-05:00,21.299999237060547,21.549999237060547,18.299999237060547,19.100000381469727,81060,0.0,0.0
2025-02-05 00:00:00-05:00,18.899999618530273,19.200000762939453,18.100000381469727,18.399999618530273,31610,0.0,0.0
2025-02-06 00:00:00-05:00,18.799999237060547,22.100000381469727,18.049999237060547,19.700000762939453,57520,0.0,0.0
2025-02-07 00:00:00-05:00,20.100000381469727,21.5,19.0,19.600000381469727,26970,0.0,0.0
2025-02-10 00:00:00-05:00,19.5,19.5,17.5,18.0,27570,0.0,0.0
2025-02-11 00:00:00-05:00,18.0,18.200000762939453,17.299999237060547,18.200000762939453,12720,0.0,0.0
2025-02-12 00:00:00-05:00,18.100000381469727,18.75,17.709999084472656,18.399999618530273,12950,0.0,0.0
2025-02-13 00:00:00-05:00,18.799999237060547,19.399999618530273,17.5,18.200000762939453,16320,0.0,0.0
2025-02-14 00:00:00-05:00,18.0,18.399999618530273,17.100000381469727,17.899999618530273,23610,0.0,0.0
2025-02-18 00:00:00-05:00,18.200000762939453,19.09000015258789,17.600000381469727,18.600000381469727,17850,0.0,0.0
2025-02-19 00:00:00-05:00,18.600000381469727,19.899999618530273,18.200000762939453,18.399999618530273,20360,0.0,0.0
2025-02-20 00:00:00-05:00,18.600000381469727,19.299999237060547,17.700000762939453,18.299999237060547,15210,0.0,0.0
2025-02-21 00:00:00-05:00,18.100000381469727,18.5,17.229999542236328,17.5,16660,0.0,0.0
2025-02-24 00:00:00-05:00,17.299999237060547,18.5,16.200000762939453,16.5,15470,0.0,0.0
2025-02-25 00:00:00-05:00,17.299999237060547,17.399999618530273,15.619999885559082,15.899999618530273,11490,0.0,0.0
2025-02-26 00:00:00-05:00,16.299999237060547,16.40999984741211,15.5,15.899999618530273,9990,0.0,0.0
2025-02-27 00:00:00-05:00,15.800000190734863,16.700000762939453,15.399999618530273,16.100000381469727,20070,0.0,0.0
2025-02-28 00:00:00-05:00,16.5,17.299999237060547,15.899999618530273,17.299999237060547,8260,0.0,0.0
2025-03-03 00:00:00-05:00,17.299999237060547,18.299999237060547,16.799999237060547,17.700000762939453,13150,0.0,0.0
2025-03-04 00:00:00-05:00,17.5,17.700000762939453,16.0,17.0,16750,0.0,0.0
2025-03-05 00:00:00-05:00,17.0,17.399999618530273,16.5,17.100000381469727,9620,0.0,0.0
2025-03-06 00:00:00-05:00,17.200000762939453,18.299999237060547,16.899999618530273,17.5,17950,0.0,0.0
2025-03-07 00:00:00-05:00,17.799999237060547,18.5,17.399999618530273,18.100000381469727,10150,0.0,0.0
2025-03-10 00:00:00-04:00,18.0,19.299999237060547,17.200000762939453,19.0,22480,0.0,0.0
2025-03-11 00:00:00-04:00,19.700000762939453,21.0,18.299999237060547,19.299999237060547,20160,0.0,0.0
2025-03-12 00:00:00-04:00,19.299999237060547,19.329999923706055,18.299999237060547,18.799999237060547,14960,0.0,0.0
2025-03-13 00:00:00-04:00,18.700000762939453,19.299999237060547,18.0,18.8799991607666,5000,0.0,0.0
2025-03-14 00:00:00-04:00,18.200000762939453,21.600000381469727,18.200000762939453,20.299999237060547,29150,0.0,0.0
2025-03-17 00:00:00-04:00,21.200000762939453,22.399999618530273,19.600000381469727,21.700000762939453,18580,0.0,0.0
2025-03-18 00:00:00-04:00,21.799999237060547,22.5,20.5,21.799999237060547,10650,0.0,0.0
2025-03-19 00:00:00-04:00,22.100000381469727,23.700000762939453,20.299999237060547,21.0,32670,0.0,0.0
2025-03-20 00:00:00-04:00,21.0,21.0,20.200000762939453,20.600000381469727,5020,0.0,0.0
2025-03-21 00:00:00-04:00,21.1299991607666,22.700000762939453,20.350000381469727,22.200000762939453,25380,0.0,0.0
2025-03-24 00:00:00-04:00,22.700000762939453,22.700000762939453,21.110000610351562,21.799999237060547,17150,0.0,0.0
2025-03-25 00:00:00-04:00,22.0,22.200000762939453,21.200000762939453,22.100000381469727,4760,0.0,0.0
2025-03-26 00:00:00-04:00,22.100000381469727,25.700000762939453,22.100000381469727,24.299999237060547,53820,0.0,0.0
2025-03-27 00:00:00-04:00,24.299999237060547,25.100000381469727,21.799999237060547,22.0,38900,0.0,0.0
2025-03-28 00:00:00-04:00,18.0,19.06999969482422,15.609999656677246,17.0,64490,0.0,0.0
2025-03-31 00:00:00-04:00,17.0,17.25,16.0,16.600000381469727,17660,0.0,0.0
2025-04-01 00:00:00-04:00,16.799999237060547,16.799999237060547,14.800000190734863,15.0,26980,0.0,0.0
2025-04-02 00:00:00-04:00,14.699999809265137,14.710000038146973,13.300000190734863,13.5,22050,0.0,0.0
2025-04-03 00:00:00-04:00,13.100000381469727,14.300000190734863,12.100000381469727,13.899999618530273,34000,0.0,0.0
2025-04-04 00:00:00-04:00,14.100000381469727,14.100000381469727,12.600000381469727,13.899999618530273,21590,0.0,0.0
2025-04-07 00:00:00-04:00,13.199999809265137,14.0,12.100000381469727,13.399999618530273,16510,0.0,0.0
2025-04-08 00:00:00-04:00,14.0,14.699999809265137,12.199999809265137,12.5,68470,0.0,0.0
2025-04-09 00:00:00-04:00,12.5,12.800000190734863,11.100000381469727,12.5,24440,0.0,0.0
2025-04-10 00:00:00-04:00,12.600000381469727,13.300000190734863,12.300000190734863,12.699999809265137,10160,0.0,0.0
2025-04-11 00:00:00-04:00,12.899999618530273,13.300000190734863,11.899999618530273,13.100000381469727,9630,0.0,0.0
2025-04-14 00:00:00-04:00,13.5,13.5,12.600000381469727,12.899999618530273,12430,0.0,0.0
2025-04-15 00:00:00-04:00,12.899999618530273,13.399999618530273,12.399999618530273,13.0,6950,0.0,0.0
2025-04-16 00:00:00-04:00,13.300000190734863,13.300000190734863,12.399999618530273,12.800000190734863,6010,0.0,0.0
2025-04-17 00:00:00-04:00,12.800000190734863,12.850000381469727,12.199999809265137,12.5,4350,0.0,0.0
2025-04-21 00:00:00-04:00,12.699999809265137,13.0,11.699999809265137,12.100000381469727,5080,0.0,0.0
2025-04-22 00:00:00-04:00,11.800000190734863,13.100000381469727,11.5,12.5,12950,0.0,0.0
2025-04-23 00:00:00-04:00,12.5,13.100000381469727,12.300000190734863,12.5,17440,0.0,0.0
2025-04-24 00:00:00-04:00,12.800000190734863,12.899999618530273,12.600000381469727,12.800000190734863,9350,0.0,0.0
2025-04-25 00:00:00-04:00,13.0,13.149999618530273,12.5,12.600000381469727,7610,0.0,0.0
2025-04-28 00:00:00-04:00,13.199999809265137,13.199999809265137,12.399999618530273,12.699999809265137,7370,0.0,0.0
2025-04-29 00:00:00-04:00,12.399999618530273,12.970000267028809,12.399999618530273,12.600000381469727,12480,0.0,0.0
2025-04-30 00:00:00-04:00,13.0,13.050000190734863,12.75,12.899999618530273,9590,0.0,0.0
2025-05-01 00:00:00-04:00,12.800000190734863,13.199999809265137,12.5,13.0,18950,0.0,0.0
2025-05-02 00:00:00-04:00,13.029999732971191,13.170000076293945,12.699999809265137,12.850000381469727,15400,0.0,0.0
2025-05-05 00:00:00-04:00,12.899999618530273,13.0,12.350000381469727,12.800000190734863,6930,0.0,0.0
2025-05-06 00:00:00-04:00,12.5,13.0,12.399999618530273,12.800000190734863,12160,0.0,0.0
2025-05-07 00:00:00-04:00,12.5,13.0,12.399999618530273,12.399999618530273,13680,0.0,0.0
2025-05-08 00:00:00-04:00,12.399999618530273,12.600000381469727,12.199999809265137,12.399999618530273,5640,0.0,0.0
2025-05-09 00:00:00-04:00,12.300000190734863,12.600000381469727,12.0,12.449999809265137,11710,0.0,0.0
2025-05-12 00:00:00-04:00,12.399999618530273,13.0,12.399999618530273,12.699999809265137,14620,0.0,0.0
2025-05-13 00:00:00-04:00,12.5,12.899999618530273,12.5,12.699999809265137,14360,0.0,0.0
2025-05-14 00:00:00-04:00,12.899999618530273,12.9399995803833,12.199999809265137,12.300000190734863,16620,0.0,0.0
2025-05-15 00:00:00-04:00,12.800000190734863,13.199999809265137,12.399999618530273,12.399999618530273,24610,0.0,0.0
2025-05-16 00:00:00-04:00,12.5,12.800000190734863,12.300000190734863,12.399999618530273,10680,0.0,0.0
2025-05-19 00:00:00-04:00,12.5,12.800000190734863,12.199999809265137,12.600000381469727,13040,0.0,0.0
2025-05-20 00:00:00-04:00,12.699999809265137,13.149999618530273,12.199999809265137,12.850000381469727,17630,0.0,0.0
2025-05-21 00:00:00-04:00,12.800000190734863,13.300000190734863,12.699999809265137,13.0,12030,0.0,0.0
2025-05-22 00:00:00-04:00,13.0,13.399999618530273,12.600000381469727,12.800000190734863,19560,0.0,0.0
2025-05-23 00:00:00-04:00,13.100000381469727,13.100000381469727,12.5,12.600000381469727,5310,0.0,0.0
2025-05-27 00:00:00-04:00,12.600000381469727,12.800000190734863,12.100000381469727,12.100000381469727,15370,0.0,0.0
2025-05-28 00:00:00-04:00,12.5,12.5,11.300000190734863,11.699999809265137,34320,0.0,0.0
2025-05-29 00:00:00-04:00,12.199999809265137,12.199999809265137,11.5,12.0,16480,0.0,0.0
2025-05-30 00:00:00-04:00,12.0,12.100000381469727,11.600000381469727,11.899999618530273,6450,0.0,0.0
2025-06-02 00:00:00-04:00,11.899999618530273,11.899999618530273,11.399999618530273,11.800000190734863,9000,0.0,0.0
2025-06-03 00:00:00-04:00,11.699999809265137,11.960000038146973,11.199999809265137,11.5,13760,0.0,0.0
2025-06-04 00:00:00-04:00,11.600000381469727,12.100000381469727,11.5600004196167,12.100000381469727,9050,0.0,0.0
2025-06-05 00:00:00-04:00,12.100000381469727,12.100000381469727,11.75,11.920000076293945,9120,0.0,0.0
2025-06-06 00:00:00-04:00,12.0,12.699999809265137,11.800000190734863,12.699999809265137,14940,0.0,0.0
2025-06-09 00:00:00-04:00,12.899999618530273,13.0,12.5,12.699999809265137,16540,0.0,0.0
2025-06-10 00:00:00-04:00,12.899999618530273,12.899999618530273,12.199999809265137,12.5,9460,0.0,0.0
2025-06-11 00:00:00-04:00,12.600000381469727,12.899999618530273,12.199999809265137,12.399999618530273,34680,0.0,0.0
2025-06-12 00:00:00-04:00,12.600000381469727,12.600000381469727,12.100000381469727,12.399999618530273,9670,0.0,0.0
2025-06-13 00:00:00-04:00,12.100000381469727,12.5,11.5,11.800000190734863,16570,0.0,0.0
2025-06-16 00:00:00-04:00,11.0,11.5,10.300000190734863,10.899999618530273,34190,0.0,0.0
2025-06-17 00:00:00-04:00,10.899999618530273,10.899999618530273,9.5,9.710000038146973,41030,0.0,0.0
2025-06-18 00:00:00-04:00,10.0,10.100000381469727,9.600000381469727,9.760000228881836,10650,0.0,0.0
2025-06-20 00:00:00-04:00,8.100000381469727,8.15999984741211,3.049999952316284,3.5299999713897705,2190370,0.0,0.0
2025-06-23 00:00:00-04:00,3.5899999141693115,3.5999999046325684,3.0999999046325684,3.319999933242798,360760,0.0,0.0
2025-06-24 00:00:00-04:00,3.4100000858306885,3.7699999809265137,3.299999952316284,3.5999999046325684,341400,0.0,0.0
2025-06-25 00:00:00-04:00,3.799999952316284,6.710000038146973,3.5999999046325684,4.230000019073486,27773740,0.0,0.0
2025-06-26 00:00:00-04:00,4.199999809265137,4.440000057220459,3.75,4.199999809265137,694030,0.0,0.0
2025-06-27 00:00:00-04:00,4.199999809265137,4.480000019073486,4.0,4.050000190734863,291600,0.0,0.0
2025-06-30 00:00:00-04:00,4.0,4.5,3.890000104904175,4.260000228881836,189330,0.0,0.0
2025-07-01 00:00:00-04:00,4.130000114440918,4.940000057220459,4.099999904632568,4.849999904632568,286230,0.0,0.0
2025-07-02 00:00:00-04:00,5.0,6.119999885559082,4.849999904632568,5.599999904632568,1927420,0.0,0.0
2025-07-03 00:00:00-04:00,5.550000190734863,5.800000190734863,5.25,5.539999961853027,288110,0.0,0.0
2025-07-07 00:00:00-04:00,5.269999980926514,5.599999904632568,5.199999809265137,5.489999771118164,132020,0.0,0.0
2025-07-08 00:00:00-04:00,5.739999771118164,8.300000190734863,5.650000095367432,8.100000381469727,2292550,0.0,0.0
2025-07-09 00:00:00-04:00,8.140000343322754,8.199999809265137,7.0,7.150000095367432,277580,0.0,0.0
2025-07-10 00:00:00-04:00,7.199999809265137,9.119999885559082,5.0,6.139999866485596,933060,0.0,0.0
2025-07-11 00:00:00-04:00,6.5,6.5,5.800000190734863,5.920000076293945,292610,0.0,0.0
2025-07-14 00:00:00-04:00,5.800000190734863,5.900000095367432,5.110000133514404,5.599999904632568,163490,0.0,0.0
2025-07-15 00:00:00-04:00,5.599999904632568,6.199999809265137,5.380000114440918,5.579999923706055,291900,0.0,0.0
2025-07-16 00:00:00-04:00,5.449999809265137,6.130000114440918,5.409999847412109,6.090000152587891,119010,0.0,0.0
2025-07-17 00:00:00-04:00,6.25,6.75,5.940000057220459,6.650000095367432,189290,0.0,0.0
2025-07-18 00:00:00-04:00,6.699999809265137,7.25,6.699999809265137,7.099999904632568,151170,0.0,0.0
2025-07-21 00:00:00-04:00,7.010000228881836,7.699999809265137,6.699999809265137,6.809999942779541,190760,0.0,0.0
2025-07-22 00:00:00-04:00,7.550000190734863,7.860000133514404,6.900000095367432,7.659999847412109,3839920,0.0,0.0
2025-07-23 00:00:00-04:00,7.21999979019165,8.180000305175781,7.0,7.409999847412109,374970,0.0,0.0
2025-07-24 00:00:00-04:00,7.300000190734863,8.100000381469727,7.300000190734863,7.789999961853027,231730,0.0,0.0
2025-07-25 00:00:00-04:00,7.699999809265137,8.029999732971191,7.5,7.710000038146973,108920,0.0,0.0
2025-07-28 00:00:00-04:00,7.519999980926514,7.75,7.340000152587891,7.590000152587891,107310,0.0,0.0
2025-07-29 00:00:00-04:00,7.599999904632568,7.699999809265137,6.900000095367432,7.159999847412109,155770,0.0,0.0
2025-07-30 00:00:00-04:00,7.210000038146973,8.100000381469727,7.099999904632568,7.840000152587891,188830,0.0,0.0
2025-07-31 00:00:00-04:00,7.880000114440918,9.350000381469727,5.300000190734863,6.090000152587891,934320,0.0,0.0
2025-08-01 00:00:00-04:00,6.119999885559082,6.550000190734863,5.5,6.550000190734863,436560,0.0,0.0
2025-08-04 00:00:00-04:00,6.599999904632568,7.0,6.550000190734863,6.96999979019165,134020,0.0,0.0
2025-08-05 00:00:00-04:00,7.130000114440918,7.699999809265137,7.0,7.480000019073486,165830,0.0,0.0
2025-08-06 00:00:00-04:00,7.480000019073486,8.069999694824219,7.409999847412109,8.010000228881836,143680,0.0,0.0
2025-08-07 00:00:00-04:00,7.690000057220459,8.050000190734863,7.5,7.900000095367432,76600,0.0,0.0
2025-08-08 00:00:00-04:00,8.0,8.0,7.610000133514404,7.769999980926514,83500,0.0,0.0
2025-08-11 00:00:00-04:00,7.400000095367432,8.0,7.130000114440918,7.78000020980835,108390,0.0,0.0
2025-08-12 00:00:00-04:00,7.800000190734863,7.800000190734863,7.0,7.300000190734863,134550,0.0,0.0
2025-08-13 00:00:00-04:00,7.300000190734863,7.550000190734863,6.400000095367432,7.269999980926514,117500,0.0,0.0
2025-08-14 00:00:00-04:00,7.699999809265137,9.380000114440918,7.289999961853027,8.800000190734863,457520,0.0,0.0
2025-08-15 00:00:00-04:00,8.5,8.5,7.900000095367432,8.039999961853027,246660,0.0,0.0
2025-08-18 00:00:00-04:00,8.25,8.5,8.119999885559082,8.300000190734863,94950,0.0,0.0
2025-08-19 00:00:00-04:00,8.199999809265137,8.300000190734863,7.570000171661377,8.0,135540,0.0,0.0
2025-08-20 00:00:00-04:00,7.989999771118164,8.050000190734863,7.679999828338623,8.0,50080,0.0,0.0
2025-08-21 00:00:00-04:00,8.09000015258789,8.09000015258789,7.840000152587891,8.0,48560,0.0,0.0
2025-08-22 00:00:00-04:00,8.0,8.050000190734863,7.809999942779541,8.0,66970,0.0,0.0
2025-08-25 00:00:00-04:00,8.0,9.050000190734863,7.809999942779541,8.890000343322754,208330,0.0,0.0
2025-08-26 00:00:00-04:00,8.899999618530273,9.199999809265137,8.4399995803833,8.989999771118164,175270,0.0,0.0
2025-08-27 00:00:00-04:00,9.100000381469727,9.100000381469727,8.479999542236328,8.479999542236328,87550,0.0,0.0
2025-08-28 00:00:00-04:00,8.489999771118164,8.600000381469727,8.079999923706055,8.460000038146973,65340,0.0,0.0
2025-08-29 00:00:00-04:00,8.680000305175781,9.449999809265137,8.329999923706055,9.15999984741211,145510,0.0,0.0
2025-09-02 00:00:00-04:00,9.289999961853027,9.449999809265137,8.619999885559082,9.15999984741211,188650,0.0,0.0
2025-09-03 00:00:00-04:00,9.25,9.25,8.369999885559082,8.640000343322754,172990,0.0,0.0
2025-09-04 00:00:00-04:00,8.640000343322754,8.720000267028809,7.900000095367432,8.1899995803833,137330,0.0,0.0
2025-09-05 00:00:00-04:00,8.199999809265137,8.300000190734863,7.849999904632568,7.949999809265137,91430,0.0,0.0
2025-09-08 00:00:00-04:00,8.09000015258789,8.579999923706055,7.900000095367432,8.369999885559082,69240,0.0,0.0
2025-09-09 00:00:00-04:00,8.25,8.789999961853027,8.210000038146973,8.75,68610,0.0,0.0
2025-09-10 00:00:00-04:00,8.979999542236328,9.050000190734863,8.649999618530273,8.699999809265137,89020,0.0,0.0
2025-09-11 00:00:00-04:00,8.699999809265137,9.0,8.300000190734863,8.84000015258789,75140,0.0,0.0
2025-09-12 00:00:00-04:00,8.869999885559082,8.90999984741211,8.390000343322754,8.699999809265137,85130,0.0,0.0
2025-09-15 00:00:00-04:00,8.649999618530273,8.890000343322754,8.210000038146973,8.430000305175781,102510,0.0,0.0
2025-09-16 00:00:00-04:00,8.399999618530273,8.899999618530273,8.399999618530273,8.850000381469727,85280,0.0,0.0
2025-09-17 00:00:00-04:00,8.779999732971191,9.390000343322754,8.510000228881836,8.619999885559082,137580,0.0,0.0
2025-09-18 00:00:00-04:00,8.600000381469727,9.020000457763672,8.600000381469727,9.0,66810,0.0,0.0
2025-09-19 00:00:00-04:00,9.109999656677246,9.210000038146973,8.710000038146973,9.020000457763672,126890,0.0,0.0
2025-09-22 00:00:00-04:00,9.180000305175781,10.199999809265137,8.9399995803833,10.0,211700,0.0,0.0
2025-09-23 00:00:00-04:00,10.699999809265137,12.199999809265137,10.600000381469727,11.600000381469727,385560,0.0,0.0
2025-09-24 00:00:00-04:00,11.850000381469727,12.5,10.949999809265137,12.399999618530273,913450,0.0,0.0
2025-09-25 00:00:00-04:00,6.510000228881836,6.690000057220459,5.400000095367432,6.079999923706055,2490250,0.0,0.0
2025-09-26 00:00:00-04:00,5.980000019073486,6.150000095367432,5.619999885559082,6.019999980926514,373860,0.0,0.0
2025-09-29 00:00:00-04:00,6.300000190734863,6.340000152587891,5.960000038146973,6.0,590720,0.0,0.0
2025-09-30 00:00:00-04:00,6.0,6.0,5.599999904632568,5.699999809265137,261640,0.0,0.0
2025-10-01 00:00:00-04:00,5.599999904632568,6.5,5.579999923706055,6.239999771118164,390980,0.0,0.0
2025-10-02 00:00:00-04:00,6.199999809265137,7.179999828338623,6.179999828338623,6.849999904632568,639140,0.0,0.0
2025-10-03 00:00:00-04:00,6.900000095367432,7.099999904632568,6.150000095367432,6.489999771118164,253580,0.0,0.0
2025-10-06 00:00:00-04:00,6.329999923706055,6.78000020980835,6.300000190734863,6.590000152587891,152420,0.0,0.0
2025-10-07 00:00:00-04:00,6.449999809265137,6.829999923706055,6.050000190734863,6.420000076293945,146690,0.0,0.0
2025-10-08 00:00:00-04:00,6.349999904632568,6.690000057220459,6.349999904632568,6.590000152587891,103850,0.0,0.0
2025-10-09 00:00:00-04:00,6.5,6.5,6.010000228881836,6.039999961853027,124180,0.0,0.0
2025-10-10 00:00:00-04:00,6.0,6.199999809265137,5.5,5.71999979019165,256240,0.0,0.0
2025-10-13 00:00:00-04:00,5.849999904632568,5.849999904632568,5.329999923706055,5.449999809265137,167980,0.0,0.0
2025-10-14 00:00:00-04:00,5.099999904632568,5.699999809265137,5.099999904632568,5.690000057220459,157880,0.0,0.0
2025-10-15 00:00:00-04:00,5.699999809265137,6.659999847412109,5.599999904632568,6.369999885559082,216370,0.0,0.0
2025-10-16 00:00:00-04:00,6.420000076293945,7.349999904632568,6.300000190734863,6.300000190734863,332550,0.0,0.0
2025-10-17 00:00:00-04:00,6.150000095367432,6.460000038146973,5.860000133514404,6.130000114440918,98690,0.0,0.0
2025-10-20 00:00:00-04:00,6.199999809265137,6.5,5.900000095367432,6.289999961853027,146210,0.0,0.0
2025-10-21 00:00:00-04:00,6.340000152587891,6.429999828338623,6.150000095367432,6.300000190734863,177170,0.0,0.0
2025-10-22 00:00:00-04:00,6.199999809265137,6.400000095367432,5.940000057220459,6.150000095367432,70280,0.0,0.0
2025-10-23 00:00:00-04:00,6.099999904632568,6.389999866485596,6.03000020980835,6.309999942779541,38910,0.0,0.0
2025-10-24 00:00:00-04:00,6.369999885559082,6.480000019073486,6.139999866485596,6.139999866485596,97160,0.0,0.0
2025-10-27 00:00:00-04:00,6.099999904632568,6.139999866485596,5.849999904632568,5.949999809265137,55220,0.0,0.0
2025-10-28 00:00:00-04:00,5.889999866485596,6.0,5.670000076293945,5.71999979019165,56020,0.0,0.0
2025-10-29 00:00:00-04:00,5.789999961853027,5.789999961853027,5.519999980926514,5.699999809265137,51450,0.0,0.0
2025-10-30 00:00:00-04:00,5.639999866485596,5.699999809265137,5.5,5.550000190734863,58940,0.0,0.0
2025-10-31 00:00:00-04:00,5.5,5.739999771118164,5.449999809265137,5.699999809265137,46950,0.0,0.0
2025-11-03 00:00:00-05:00,6.0,6.0,5.5,5.610000133514404,83120,0.0,0.0
2025-11-04 00:00:00-05:00,5.480000019073486,5.630000114440918,4.909999847412109,5.199999809265137,166710,0.0,0.0
2025-11-05 00:00:00-05:00,4.420000076293945,5.400000095367432,4.21999979019165,5.059999942779541,130120,0.0,0.0
2025-11-06 00:00:00-05:00,5.21999979019165,5.309999942779541,4.510000228881836,4.610000133514404,51020,0.0,0.0
2025-11-07 00:00:00-05:00,4.590000152587891,4.900000095367432,4.25,4.900000095367432,65120,0.0,0.0
2025-11-10 00:00:00-05:00,5.010000228881836,5.039999961853027,4.699999809265137,4.800000190734863,34210,0.0,0.0
2025-11-11 00:00:00-05:00,4.789999961853027,5.019999980926514,4.659999847412109,4.900000095367432,10810,0.0,0.0
2025-11-12 00:00:00-05:00,4.760000228881836,5.0,4.710000038146973,4.989999771118164,30900,0.0,0.0
2025-11-13 00:00:00-05:00,5.170000076293945,5.170000076293945,4.440000057220459,4.599999904632568,121930,0.0,0.0
2025-11-14 00:00:00-05:00,4.0,4.170000076293945,3.609999895095825,3.799999952316284,190980,0.0,0.0
2025-11-17 00:00:00-05:00,3.950000047683716,3.950000047683716,3.009999990463257,3.0299999713897705,241810,0.0,0.0
2025-11-18 00:00:00-05:00,3.200000047683716,3.450000047683716,3.109999895095825,3.3499999046325684,202230,0.0,0.0
2025-11-19 00:00:00-05:00,3.3499999046325684,3.3499999046325684,3.0,3.109999895095825,79210,0.0,0.0
2025-11-20 00:00:00-05:00,3.200000047683716,3.299999952316284,3.009999990463257,3.0999999046325684,83460,0.0,0.0
2025-11-21 00:00:00-05:00,3.1700000762939453,3.25,3.009999990463257,3.049999952316284,71990,0.0,0.0
2025-11-24 00:00:00-05:00,3.0,3.140000104904175,2.9000000953674316,3.049999952316284,69440,0.0,0.0
2025-11-25 00:00:00-05:00,3.069999933242798,3.2799999713897705,3.0399999618530273,3.180000066757202,2197950,0.0,0.0
2025-11-26 00:00:00-05:00,3.450000047683716,3.450000047683716,3.009999990463257,3.0399999618530273,1727850,0.0,0.0
2025-11-28 00:00:00-05:00,3.0999999046325684,3.2100000381469727,3.0199999809265137,3.1700000762939453,166740,0.0,0.0
2025-12-01 00:00:00-05:00,3.0999999046325684,3.2899999618530273,3.0199999809265137,3.140000104904175,169470,0.0,0.0
2025-12-02 00:00:00-05:00,3.200000047683716,3.4000000953674316,3.0199999809265137,3.4000000953674316,667760,0.0,0.0
2025-12-03 00:00:00-05:00,3.369999885559082,3.5,3.2100000381469727,3.4000000953674316,154650,0.0,0.0
2025-12-04 00:00:00-05:00,3.25,3.5899999141693115,3.25,3.5899999141693115,134020,0.0,0.0
2025-12-05 00:00:00-05:00,3.440000057220459,3.630000114440918,3.4200000762939453,3.5999999046325684,99540,0.0,0.0
2025-12-08 00:00:00-05:00,3.5,3.9000000953674316,3.390000104904175,3.390000104904175,204990,0.0,0.0
2025-12-09 00:00:00-05:00,3.390000104904175,3.5999999046325684,3.319999933242798,3.559999942779541,73230,0.0,0.0
2025-12-10 00:00:00-05:00,3.5399999618530273,3.630000114440918,3.200000047683716,3.4000000953674316,89250,0.0,0.0
2025-12-11 00:00:00-05:00,3.4000000953674316,3.5199999809265137,3.4000000953674316,3.4100000858306885,50920,0.0,0.0
2025-12-12 00:00:00-05:00,3.5,3.5,3.2100000381469727,3.2100000381469727,65610,0.0,0.0
2025-12-15 00:00:00-05:00,3.299999952316284,3.369999885559082,3.049999952316284,3.0999999046325684,75270,0.0,0.0
2025-12-16 00:00:00-05:00,3.109999895095825,3.190000057220459,3.049999952316284,3.140000104904175,31430,0.0,0.0
2025-12-17 00:00:00-05:00,3.130000114440918,3.1500000953674316,2.930000066757202,2.930000066757202,62270,0.0,0.0
2025-12-18 00:00:00-05:00,3.119999885559082,3.1500000953674316,2.940000057220459,2.940000057220459,112270,0.0,0.0
2025-12-19 00:00:00-05:00,2.5,2.549999952316284,2.319999933242798,2.450000047683716,300080,0.0,0.0
2025-12-22 00:00:00-05:00,2.4000000953674316,2.700000047683716,2.4000000953674316,2.569999933242798,102500,0.0,0.0
2025-12-23 00:00:00-05:00,2.75,2.75,2.3499999046325684,2.3499999046325684,279180,0.0,0.0
2025-12-24 00:00:00-05:00,2.200000047683716,2.490000009536743,2.200000047683716,2.4200000762939453,127670,0.0,0.0
2025-12-26 00:00:00-05:00,2.440000057220459,2.7899999618530273,2.440000057220459,2.559999942779541,172920,0.0,0.0
2025-12-29 00:00:00-05:00,2.5,2.5,2.299999952316284,2.319999933242798,85260,0.0,0.0
2025-12-30 00:00:00-05:00,2.319999933242798,2.319999933242798,2.25,2.2799999713897705,52040,0.0,0.0
2025-12-31 00:00:00-05:00,2.25,2.4000000953674316,2.2200000286102295,2.4000000953674316,67810,0.0,0.0
2026-01-02 00:00:00-05:00,2.359999895095825,2.680000066757202,2.2899999618530273,2.630000114440918,102930,0.0,0.0
2026-01-05 00:00:00-05:00,2.572999954223633,2.7100000381469727,2.5,2.5899999141693115,175500,0.0,0.1
2026-01-06 00:00:00-05:00,2.549999952316284,2.809999942779541,2.509999990463257,2.5799999237060547,114100,0.0,0.0
2026-01-07 00:00:00-05:00,2.640000104904175,2.6600000858306885,2.3989999294281006,2.4600000381469727,131000,0.0,0.0
2026-01-08 00:00:00-05:00,2.450000047683716,2.569999933242798,2.4000000953674316,2.4100000858306885,57200,0.0,0.0
2026-01-09 00:00:00-05:00,2.4100000858306885,2.4700000286102295,2.259999990463257,2.259999990463257,107800,0.0,0.0
2026-01-12 00:00:00-05:00,2.3399999141693115,2.3499999046325684,2.240000009536743,2.299999952316284,97300,0.0,0.0
2026-01-13 00:00:00-05:00,2.299999952316284,2.9800000190734863,2.299999952316284,2.869999885559082,667000,0.0,0.0
2026-01-14 00:00:00-05:00,2.859999895095825,2.9600000381469727,2.759999990463257,2.7899999618530273,229300,0.0,0.0
2026-01-15 00:00:00-05:00,2.700000047683716,2.7920000553131104,2.490000009536743,2.569999933242798,159500,0.0,0.0
2026-01-16 00:00:00-05:00,2.5799999237060547,2.630000114440918,2.5169999599456787,2.5299999713897705,71600,0.0,0.0
2026-01-20 00:00:00-05:00,2.490000009536743,2.490000009536743,2.2699999809265137,2.2799999713897705,142400,0.0,0.0
2026-01-21 00:00:00-05:00,2.319999933242798,2.3949999809265137,2.259999990463257,2.2699999809265137,66100,0.0,0.0
2026-01-22 00:00:00-05:00,2.3499999046325684,2.5999999046325684,2.309999942779541,2.5899999141693115,224900,0.0,0.0
2026-01-23 00:00:00-05:00,2.5899999141693115,2.700000047683716,2.5399999618530273,2.5799999237060547,107500,0.0,0.0
2026-01-26 00:00:00-05:00,2.5799999237060547,2.7100000381469727,2.4800000190734863,2.4800000190734863,59200,0.0,0.0
2026-01-27 00:00:00-05:00,2.4800000190734863,2.5899999141693115,2.369999885559082,2.4700000286102295,106600,0.0,0.0
2026-01-28 00:00:00-05:00,2.4700000286102295,2.559999942779541,2.3499999046325684,2.390000104904175,82400,0.0,0.0
2026-01-29 00:00:00-05:00,2.390000104904175,2.4030001163482666,2.2950000762939453,2.3350000381469727,89800,0.0,0.0
2026-01-30 00:00:00-05:00,2.3299999237060547,2.380000114440918,2.2699999809265137,2.380000114440918,168400,0.0,0.0
2026-02-02 00:00:00-05:00,2.390000104904175,2.572999954223633,2.309999942779541,2.5199999809265137,89700,0.0,0.0
2026-02-03 00:00:00-05:00,2.5199999809265137,2.5299999713897705,2.359999895095825,2.450000047683716,67900,0.0,0.0
2026-02-04 00:00:00-05:00,2.4600000381469727,2.700000047683716,2.4600000381469727,2.569999933242798,85000,0.0,0.0
2026-02-05 00:00:00-05:00,2.549999952316284,2.572000026702881,2.3440001010894775,2.4100000858306885,44400,0.0,0.0
2026-02-06 00:00:00-05:00,2.4200000762939453,2.5199999809265137,2.36299991607666,2.4800000190734863,52700,0.0,0.0
2026-02-09 00:00:00-05:00,2.4000000953674316,2.740000009536743,2.309999942779541,2.430000066757202,604300,0.0,0.0
2026-02-10 00:00:00-05:00,2.430000066757202,2.450000047683716,2.319999933242798,2.359999895095825,42200,0.0,0.0
2026-02-11 00:00:00-05:00,2.369999885559082,2.4200000762939453,2.25,2.3399999141693115,59200,0.0,0.0
2026-02-12 00:00:00-05:00,2.319999933242798,2.3519999980926514,2.2300000190734863,2.309999942779541,69600,0.0,0.0
2026-02-13 00:00:00-05:00,2.240000009536743,2.440000057220459,2.2300000190734863,2.4000000953674316,28800,0.0,0.0
2026-02-17 00:00:00-05:00,2.4100000858306885,2.4839999675750732,2.359999895095825,2.4200000762939453,43600,0.0,0.0
2026-02-18 00:00:00-05:00,2.4600000381469727,2.490000009536743,2.380000114440918,2.450000047683716,58900,0.0,0.0
2026-02-19 00:00:00-05:00,2.4100000858306885,2.4600000381469727,2.369999885559082,2.4100000858306885,37600,0.0,0.0
2026-02-20 00:00:00-05:00,2.4000000953674316,2.4700000286102295,2.359999895095825,2.440000057220459,28400,0.0,0.0
2026-02-23 00:00:00-05:00,2.4700000286102295,2.4700000286102295,2.2799999713897705,2.380000114440918,78700,0.0,0.0
2026-02-24 00:00:00-05:00,2.3399999141693115,2.4200000762939453,2.319999933242798,2.380000114440918,33000,0.0,0.0
2026-02-25 00:00:00-05:00,2.3499999046325684,2.5199999809265137,2.299999952316284,2.4700000286102295,38000,0.0,0.0
2026-02-26 00:00:00-05:00,2.4700000286102295,2.740000009536743,2.4700000286102295,2.740000009536743,51100,0.0,0.0
2026-02-27 00:00:00-05:00,2.5999999046325684,2.7799999713897705,2.5999999046325684,2.759999990463257,81300,0.0,0.0
2026-03-02 00:00:00-05:00,2.6500000953674316,2.884999990463257,2.549999952316284,2.7100000381469727,91000,0.0,0.0
2026-03-03 00:00:00-05:00,2.640000104904175,2.690000057220459,2.4749999046325684,2.559999942779541,55100,0.0,0.0
2026-03-04 00:00:00-05:00,2.5799999237060547,2.609999895095825,2.5,2.509999990463257,48700,0.0,0.0
2026-03-05 00:00:00-05:00,2.5399999618530273,2.7100000381469727,2.5399999618530273,2.5799999237060547,76800,0.0,0.0
2026-03-06 00:00:00-05:00,2.559999942779541,2.680000066757202,2.4700000286102295,2.5199999809265137,39700,0.0,0.0
2026-03-09 00:00:00-04:00,2.4800000190734863,2.686000108718872,2.440000057220459,2.640000104904175,28300,0.0,0.0
2026-03-10 00:00:00-04:00,2.680000066757202,2.8399999141693115,2.6700000762939453,2.690000057220459,42400,0.0,0.0
2026-03-11 00:00:00-04:00,2.7899999618530273,2.930000066757202,2.700000047683716,2.7699999809265137,71600,0.0,0.0
2026-03-12 00:00:00-04:00,2.759999990463257,2.880000114440918,2.609999895095825,2.640000104904175,69200,0.0,0.0
2026-03-13 00:00:00-04:00,2.619999885559082,2.6600000858306885,2.5199999809265137,2.559999942779541,61200,0.0,0.0
2026-03-16 00:00:00-04:00,2.569999933242798,2.5999999046325684,2.3299999237060547,2.4000000953674316,114200,0.0,0.0
2026-03-17 00:00:00-04:00,2.490000009536743,2.5299999713897705,2.4200000762939453,2.4800000190734863,28800,0.0,0.0
2026-03-18 00:00:00-04:00,2.450000047683716,2.4649999141693115,2.315000057220459,2.3499999046325684,58900,0.0,0.0
2026-03-19 00:00:00-04:00,2.3399999141693115,2.3399999141693115,2.259999990463257,2.2699999809265137,64000,0.0,0.0
2026-03-20 00:00:00-04:00,2.259999990463257,2.2699999809265137,2.0899999141693115,2.2300000190734863,125700,0.0,0.0
2026-03-23 00:00:00-04:00,2.2300000190734863,2.259999990463257,2.1700000762939453,2.2100000381469727,53700,0.0,0.0
2026-03-24 00:00:00-04:00,2.25,2.2699999809265137,2.069999933242798,2.240000009536743,177000,0.0,0.0
2026-03-25 00:00:00-04:00,2.2100000381469727,2.3399999141693115,2.2100000381469727,2.2799999713897705,156500,0.0,0.0
2026-03-26 00:00:00-04:00,2.380000114440918,3.140000104904175,2.380000114440918,2.7899999618530273,578100,0.0,0.0
2026-03-27 00:00:00-04:00,2.799999952316284,2.9700000286102295,2.6500000953674316,2.740000009536743,144900,0.0,0.0
2026-03-30 00:00:00-04:00,2.740000009536743,3.7699999809265137,2.740000009536743,3.619999885559082,1798700,0.0,0.0
2026-03-31 00:00:00-04:00,3.8299999237060547,3.940000057220459,3.252000093460083,3.7200000286102295,544700,0.0,0.0
2026-04-01 00:00:00-04:00,3.640000104904175,3.7300000190734863,3.4700000286102295,3.559999942779541,121300,0.0,0.0
2026-04-02 00:00:00-04:00,3.4100000858306885,4.550000190734863,3.369999885559082,4.309999942779541,422900,0.0,0.0
2026-04-06 00:00:00-04:00,4.360000133514404,4.929999828338623,4.269999980926514,4.579999923706055,346300,0.0,0.0
2026-04-07 00:00:00-04:00,4.380000114440918,4.380000114440918,3.819999933242798,4.170000076293945,241700,0.0,0.0
2026-04-08 00:00:00-04:00,4.320000171661377,4.480000019073486,4.150000095367432,4.179999828338623,64600,0.0,0.0
2026-04-09 00:00:00-04:00,4.199999809265137,4.28000020980835,4.0,4.059999942779541,71800,0.0,0.0
2026-04-10 00:00:00-04:00,4.03000020980835,4.059999942779541,3.5999999046325684,3.7100000381469727,166200,0.0,0.0
2026-04-13 00:00:00-04:00,3.7100000381469727,4.28000020980835,3.700000047683716,4.210000038146973,78100,0.0,0.0
2026-04-14 00:00:00-04:00,4.233500003814697,4.288599967956543,3.7200000286102295,3.75,136612,0.0,0.0
