Date,Open,High,Low,Close,Volume,Dividends,Stock Splits
2023-09-08 00:00:00-04:00,4.300000190734863,5.800000190734863,3.890000104904175,4.389999866485596,1054400,0.0,0.0
2023-09-11 00:00:00-04:00,3.6500000953674316,4.0,3.2200000286102295,3.3499999046325684,153800,0.0,0.0
2023-09-12 00:00:00-04:00,3.119999885559082,3.1500000953674316,2.7100000381469727,2.740000009536743,261900,0.0,0.0
2023-09-13 00:00:00-04:00,2.75,2.75,2.490000009536743,2.630000114440918,73200,0.0,0.0
2023-09-14 00:00:00-04:00,2.619999885559082,3.0,2.5999999046325684,2.8299999237060547,34400,0.0,0.0
2023-09-15 00:00:00-04:00,2.8299999237060547,2.881999969482422,2.6500000953674316,2.6700000762939453,97300,0.0,0.0
2023-09-18 00:00:00-04:00,2.890000104904175,2.890000104904175,2.440000057220459,2.4700000286102295,102600,0.0,0.0
2023-09-19 00:00:00-04:00,2.4100000858306885,2.450000047683716,2.25,2.25,45600,0.0,0.0
2023-09-20 00:00:00-04:00,2.3499999046325684,2.559999942779541,2.0299999713897705,2.25,132200,0.0,0.0
2023-09-21 00:00:00-04:00,2.200000047683716,2.2799999713897705,2.109999895095825,2.119999885559082,35000,0.0,0.0
2023-09-22 00:00:00-04:00,2.119999885559082,2.1500000953674316,1.899999976158142,2.049999952316284,92500,0.0,0.0
2023-09-25 00:00:00-04:00,2.130000114440918,2.3289999961853027,2.069999933242798,2.069999933242798,60400,0.0,0.0
2023-09-26 00:00:00-04:00,2.009999990463257,2.069999933242798,1.7699999809265137,1.909999966621399,81900,0.0,0.0
2023-09-27 00:00:00-04:00,1.8899999856948853,2.059999942779541,1.7699999809265137,1.9950000047683716,154900,0.0,0.0
2023-09-28 00:00:00-04:00,2.1600000858306885,2.1600000858306885,1.909999966621399,1.9700000286102295,32800,0.0,0.0
2023-09-29 00:00:00-04:00,2.0199999809265137,2.0799999237060547,1.9199999570846558,1.9800000190734863,21700,0.0,0.0
2023-10-02 00:00:00-04:00,1.909999966621399,1.9900000095367432,1.850000023841858,1.940000057220459,33800,0.0,0.0
2023-10-03 00:00:00-04:00,1.8799999952316284,1.940999984741211,1.7699999809265137,1.7999999523162842,36900,0.0,0.0
2023-10-04 00:00:00-04:00,1.7699999809265137,1.7999999523162842,1.7699999809265137,1.7799999713897705,87500,0.0,0.0
2023-10-05 00:00:00-04:00,1.7799999713897705,1.8899999856948853,1.7300000190734863,1.7999999523162842,28200,0.0,0.0
2023-10-06 00:00:00-04:00,1.9359999895095825,2.0,1.784999966621399,1.8600000143051147,51600,0.0,0.0
2023-10-09 00:00:00-04:00,1.899999976158142,1.899999976158142,1.8200000524520874,1.8200000524520874,17100,0.0,0.0
2023-10-10 00:00:00-04:00,1.8700000047683716,1.909999966621399,1.75,1.840000033378601,28500,0.0,0.0
2023-10-11 00:00:00-04:00,1.8799999952316284,2.0,1.75,1.940000057220459,35900,0.0,0.0
2023-10-12 00:00:00-04:00,1.9119999408721924,2.2100000381469727,1.8799999952316284,2.1700000762939453,59300,0.0,0.0
2023-10-13 00:00:00-04:00,2.299999952316284,2.3399999141693115,2.109999895095825,2.200000047683716,33700,0.0,0.0
2023-10-16 00:00:00-04:00,2.0899999141693115,2.1700000762939453,1.9700000286102295,2.0999999046325684,32900,0.0,0.0
2023-10-17 00:00:00-04:00,2.0399999618530273,2.630000114440918,2.0399999618530273,2.5799999237060547,113400,0.0,0.0
2023-10-18 00:00:00-04:00,2.5899999141693115,2.940000057220459,2.5899999141693115,2.680000066757202,168900,0.0,0.0
2023-10-19 00:00:00-04:00,2.700000047683716,3.559999942779541,2.2100000381469727,2.380000114440918,712200,0.0,0.0
2023-10-20 00:00:00-04:00,2.509999990463257,2.700000047683716,2.0199999809265137,2.200000047683716,389600,0.0,0.0
2023-10-23 00:00:00-04:00,2.1500000953674316,2.940000057220459,2.1500000953674316,2.6600000858306885,773100,0.0,0.0
2023-10-24 00:00:00-04:00,2.630000114440918,3.2899999618530273,2.380000114440918,3.0399999618530273,398400,0.0,0.0
2023-10-25 00:00:00-04:00,3.309999942779541,3.680000066757202,3.059999942779541,3.0999999046325684,658600,0.0,0.0
2023-10-26 00:00:00-04:00,3.2100000381469727,3.450000047683716,3.0299999713897705,3.0999999046325684,386300,0.0,0.0
2023-10-27 00:00:00-04:00,3.1700000762939453,3.440000057220459,3.059999942779541,3.140000104904175,528500,0.0,0.0
2023-10-30 00:00:00-04:00,3.0999999046325684,3.390000104904175,3.0299999713897705,3.069999933242798,400900,0.0,0.0
2023-10-31 00:00:00-04:00,3.119999885559082,3.2799999713897705,3.049999952316284,3.1600000858306885,207200,0.0,0.0
2023-11-01 00:00:00-04:00,3.1700000762939453,3.2699999809265137,3.0,3.0799999237060547,249600,0.0,0.0
2023-11-02 00:00:00-04:00,3.180000066757202,3.609999895095825,3.0399999618530273,3.065000057220459,558900,0.0,0.0
2023-11-03 00:00:00-04:00,3.0999999046325684,3.2799999713897705,2.7279999256134033,2.809999942779541,374800,0.0,0.0
2023-11-06 00:00:00-05:00,2.819999933242798,3.0899999141693115,2.509999990463257,2.549999952316284,178200,0.0,0.0
2023-11-07 00:00:00-05:00,2.509999990463257,2.5840001106262207,2.4600000381469727,2.509999990463257,24900,0.0,0.0
2023-11-08 00:00:00-05:00,2.5,2.575000047683716,2.4000000953674316,2.4700000286102295,34400,0.0,0.0
2023-11-09 00:00:00-05:00,2.4600000381469727,2.5409998893737793,2.309999942779541,2.4200000762939453,97000,0.0,0.0
2023-11-10 00:00:00-05:00,2.3239998817443848,2.4860000610351562,2.309999942779541,2.3550000190734863,30800,0.0,0.0
2023-11-13 00:00:00-05:00,2.2899999618530273,2.4100000858306885,2.0799999237060547,2.3499999046325684,36000,0.0,0.0
2023-11-14 00:00:00-05:00,2.640000104904175,3.0,2.25,2.2899999618530273,262000,0.0,0.0
2023-11-15 00:00:00-05:00,2.180000066757202,2.309999942779541,2.1579999923706055,2.240000009536743,38300,0.0,0.0
2023-11-16 00:00:00-05:00,2.25,2.4149999618530273,2.25,2.369999885559082,7800,0.0,0.0
2023-11-17 00:00:00-05:00,2.4600000381469727,2.490000009536743,2.200000047683716,2.369999885559082,49400,0.0,0.0
2023-11-20 00:00:00-05:00,2.4200000762939453,2.5999999046325684,2.319999933242798,2.3399999141693115,19500,0.0,0.0
2023-11-21 00:00:00-05:00,2.359999895095825,2.690000057220459,2.25,2.2799999713897705,105300,0.0,0.0
2023-11-22 00:00:00-05:00,2.309999942779541,2.4100000858306885,2.299999952316284,2.380000114440918,22500,0.0,0.0
2023-11-24 00:00:00-05:00,2.36299991607666,2.5999999046325684,2.36299991607666,2.5250000953674316,1300,0.0,0.0
2023-11-27 00:00:00-05:00,2.309999942779541,2.430000066757202,2.2119998931884766,2.319999933242798,11800,0.0,0.0
2023-11-28 00:00:00-05:00,2.3399999141693115,2.5899999141693115,2.319000005722046,2.359999895095825,82500,0.0,0.0
2023-11-29 00:00:00-05:00,2.299999952316284,2.4100000858306885,2.2100000381469727,2.240000009536743,37000,0.0,0.0
2023-11-30 00:00:00-05:00,2.4100000858306885,2.6500000953674316,2.25,2.319999933242798,43400,0.0,0.0
2023-12-01 00:00:00-05:00,2.4200000762939453,2.4200000762939453,2.200000047683716,2.2100000381469727,38200,0.0,0.0
2023-12-04 00:00:00-05:00,2.2100000381469727,2.4189999103546143,1.9299999475479126,1.9299999475479126,201700,0.0,0.0
2023-12-05 00:00:00-05:00,1.8799999952316284,1.9299999475479126,1.7999999523162842,1.9199999570846558,97800,0.0,0.0
2023-12-06 00:00:00-05:00,1.850000023841858,2.4000000953674316,1.805999994277954,2.200000047683716,141900,0.0,0.0
2023-12-07 00:00:00-05:00,2.2300000190734863,2.2300000190734863,2.0399999618530273,2.0799999237060547,35400,0.0,0.0
2023-12-08 00:00:00-05:00,2.0199999809265137,2.1500000953674316,1.8700000047683716,1.9900000095367432,33600,0.0,0.0
2023-12-11 00:00:00-05:00,1.940000057220459,2.049999952316284,1.659999966621399,1.8600000143051147,110700,0.0,0.0
2023-12-12 00:00:00-05:00,1.8600000143051147,1.9800000190734863,1.7200000286102295,1.8700000047683716,65200,0.0,0.0
2023-12-13 00:00:00-05:00,1.909999966621399,1.9700000286102295,1.7309999465942383,1.8300000429153442,84300,0.0,0.0
2023-12-14 00:00:00-05:00,1.7400000095367432,1.850000023841858,1.7100000381469727,1.75,98900,0.0,0.0
2023-12-15 00:00:00-05:00,1.9900000095367432,1.9900000095367432,1.7000000476837158,1.7000000476837158,52700,0.0,0.0
2023-12-18 00:00:00-05:00,1.7999999523162842,1.8799999952316284,1.5099999904632568,1.5099999904632568,299900,0.0,0.0
2023-12-19 00:00:00-05:00,1.4900000095367432,1.7020000219345093,1.4299999475479126,1.4600000381469727,121600,0.0,0.0
2023-12-20 00:00:00-05:00,1.5,1.6399999856948853,1.4299999475479126,1.4500000476837158,126800,0.0,0.0
2023-12-21 00:00:00-05:00,1.4950000047683716,1.649999976158142,1.4299999475479126,1.5199999809265137,106100,0.0,0.0
2023-12-22 00:00:00-05:00,1.590000033378601,1.659999966621399,1.5199999809265137,1.600000023841858,44900,0.0,0.0
2023-12-26 00:00:00-05:00,1.600000023841858,1.6699999570846558,1.5499999523162842,1.590000033378601,35600,0.0,0.0
2023-12-27 00:00:00-05:00,1.590000033378601,1.8200000524520874,1.5800000429153442,1.7799999713897705,72400,0.0,0.0
2023-12-28 00:00:00-05:00,1.7200000286102295,1.8600000143051147,1.659999966621399,1.809999942779541,53100,0.0,0.0
2023-12-29 00:00:00-05:00,1.7599999904632568,2.0999999046325684,1.7549999952316284,1.850000023841858,127200,0.0,0.0
2024-01-02 00:00:00-05:00,1.850000023841858,1.940000057220459,1.8300000429153442,1.8799999952316284,27600,0.0,0.0
2024-01-03 00:00:00-05:00,1.8040000200271606,1.8700000047683716,1.6699999570846558,1.7699999809265137,22300,0.0,0.0
2024-01-04 00:00:00-05:00,1.8200000524520874,1.8200000524520874,1.6699999570846558,1.7200000286102295,10200,0.0,0.0
2024-01-05 00:00:00-05:00,1.7200000286102295,1.899999976158142,1.5820000171661377,1.659999966621399,81800,0.0,0.0
2024-01-08 00:00:00-05:00,1.6100000143051147,1.75,1.4500000476837158,1.7200000286102295,224700,0.0,0.0
2024-01-09 00:00:00-05:00,1.7899999618530273,1.9700000286102295,1.7100000381469727,1.8799999952316284,64100,0.0,0.0
2024-01-10 00:00:00-05:00,1.909999966621399,2.0399999618530273,1.809999942779541,1.8899999856948853,236800,0.0,0.0
2024-01-11 00:00:00-05:00,1.8600000143051147,2.0,1.5670000314712524,1.6799999475479126,263500,0.0,0.0
2024-01-12 00:00:00-05:00,1.649999976158142,1.7400000095367432,1.649999976158142,1.649999976158142,31500,0.0,0.0
2024-01-16 00:00:00-05:00,1.7400000095367432,1.7400000095367432,1.5800000429153442,1.600000023841858,15400,0.0,0.0
2024-01-17 00:00:00-05:00,1.600000023841858,1.7200000286102295,1.600000023841858,1.6799999475479126,8400,0.0,0.0
2024-01-18 00:00:00-05:00,1.6699999570846558,1.75,1.5499999523162842,1.600000023841858,28000,0.0,0.0
2024-01-19 00:00:00-05:00,1.6200000047683716,1.6640000343322754,1.5800000429153442,1.5800000429153442,18000,0.0,0.0
2024-01-22 00:00:00-05:00,1.5800000429153442,1.6399999856948853,1.5399999618530273,1.5800000429153442,49700,0.0,0.0
2024-01-23 00:00:00-05:00,1.659999966621399,1.7280000448226929,1.659999966621399,1.6699999570846558,14700,0.0,0.0
2024-01-24 00:00:00-05:00,1.6399999856948853,1.7599999904632568,1.6299999952316284,1.7200000286102295,18000,0.0,0.0
2024-01-25 00:00:00-05:00,1.7450000047683716,1.8300000429153442,1.6699999570846558,1.7000000476837158,18500,0.0,0.0
2024-01-26 00:00:00-05:00,1.600000023841858,1.7000000476837158,1.5959999561309814,1.649999976158142,10900,0.0,0.0
2024-01-29 00:00:00-05:00,1.649999976158142,1.850000023841858,1.649999976158142,1.7999999523162842,60500,0.0,0.0
2024-01-30 00:00:00-05:00,1.7000000476837158,1.7799999713897705,1.7000000476837158,1.75,19500,0.0,0.0
2024-01-31 00:00:00-05:00,1.75,1.7999999523162842,1.659999966621399,1.659999966621399,35600,0.0,0.0
2024-02-01 00:00:00-05:00,1.725000023841858,1.7400000095367432,1.7000000476837158,1.7000000476837158,21700,0.0,0.0
2024-02-02 00:00:00-05:00,1.7100000381469727,1.8200000524520874,1.7100000381469727,1.75,157300,0.0,0.0
2024-02-05 00:00:00-05:00,1.7300000190734863,1.7999999523162842,1.7100000381469727,1.7999999523162842,69500,0.0,0.0
2024-02-06 00:00:00-05:00,1.8300000429153442,2.140000104904175,1.8300000429153442,1.8899999856948853,172700,0.0,0.0
2024-02-07 00:00:00-05:00,1.8700000047683716,1.9800000190734863,1.75,1.8600000143051147,79100,0.0,0.0
2024-02-08 00:00:00-05:00,1.8300000429153442,1.8960000276565552,1.690000057220459,1.8200000524520874,76000,0.0,0.0
2024-02-09 00:00:00-05:00,1.899999976158142,1.9299999475479126,1.8200000524520874,1.8600000143051147,29400,0.0,0.0
2024-02-12 00:00:00-05:00,1.9299999475479126,1.9299999475479126,1.7599999904632568,1.7699999809265137,34500,0.0,0.0
2024-02-13 00:00:00-05:00,1.7200000286102295,1.809999942779541,1.6699999570846558,1.7400000095367432,22100,0.0,0.0
2024-02-14 00:00:00-05:00,1.7799999713897705,1.840000033378601,1.6820000410079956,1.8200000524520874,40200,0.0,0.0
2024-02-15 00:00:00-05:00,1.8799999952316284,1.934999942779541,1.850000023841858,1.850000023841858,11300,0.0,0.0
2024-02-16 00:00:00-05:00,1.7999999523162842,1.9199999570846558,1.7999999523162842,1.899999976158142,14300,0.0,0.0
2024-02-20 00:00:00-05:00,1.899999976158142,1.899999976158142,1.7799999713897705,1.850000023841858,7500,0.0,0.0
2024-02-21 00:00:00-05:00,1.8240000009536743,1.909999966621399,1.7899999618530273,1.909999966621399,17200,0.0,0.0
2024-02-22 00:00:00-05:00,1.8300000429153442,1.899999976158142,1.8300000429153442,1.8899999856948853,6200,0.0,0.0
2024-02-23 00:00:00-05:00,1.8700000047683716,1.8700000047683716,1.75,1.7999999523162842,27800,0.0,0.0
2024-02-26 00:00:00-05:00,1.9500000476837158,1.9900000095367432,1.7100000381469727,1.7300000190734863,39300,0.0,0.0
2024-02-27 00:00:00-05:00,1.7300000190734863,1.8600000143051147,1.590000033378601,1.590000033378601,84300,0.0,0.0
2024-02-28 00:00:00-05:00,1.559999942779541,1.7400000095367432,1.559999942779541,1.6100000143051147,77400,0.0,0.0
2024-02-29 00:00:00-05:00,1.6699999570846558,2.1500000953674316,1.6299999952316284,1.8700000047683716,187100,0.0,0.0
2024-03-01 00:00:00-05:00,1.8899999856948853,2.1500000953674316,1.8899999856948853,2.1500000953674316,93700,0.0,0.0
2024-03-04 00:00:00-05:00,2.200000047683716,2.25,2.0199999809265137,2.0199999809265137,110700,0.0,0.0
2024-03-05 00:00:00-05:00,2.0199999809265137,2.1700000762939453,1.8600000143051147,1.9199999570846558,75600,0.0,0.0
2024-03-06 00:00:00-05:00,2.015000104904175,2.188999891281128,1.8799999952316284,2.005000114440918,81700,0.0,0.0
2024-03-07 00:00:00-05:00,2.0,2.2300000190734863,1.9500000476837158,2.0,64500,0.0,0.0
2024-03-08 00:00:00-05:00,2.069999933242798,2.2899999618530273,2.0299999713897705,2.259999990463257,112900,0.0,0.0
2024-03-11 00:00:00-04:00,2.2699999809265137,2.549999952316284,2.2699999809265137,2.4800000190734863,103300,0.0,0.0
2024-03-12 00:00:00-04:00,2.4700000286102295,2.5999999046325684,2.365000009536743,2.5199999809265137,45100,0.0,0.0
2024-03-13 00:00:00-04:00,2.5799999237060547,2.700000047683716,2.259999990463257,2.3499999046325684,184900,0.0,0.0
2024-03-14 00:00:00-04:00,2.315000057220459,2.380000114440918,2.2100000381469727,2.299999952316284,20200,0.0,0.0
2024-03-15 00:00:00-04:00,2.2899999618530273,2.299999952316284,1.9199999570846558,2.109999895095825,80700,0.0,0.0
2024-03-18 00:00:00-04:00,2.1600000858306885,2.3440001010894775,2.0,2.0899999141693115,56000,0.0,0.0
2024-03-19 00:00:00-04:00,2.0899999141693115,2.2300000190734863,2.055000066757202,2.190000057220459,29000,0.0,0.0
2024-03-20 00:00:00-04:00,2.1600000858306885,2.499000072479248,2.119999885559082,2.134999990463257,106000,0.0,0.0
2024-03-21 00:00:00-04:00,2.109999895095825,2.4200000762939453,2.0899999141693115,2.119999885559082,80800,0.0,0.0
2024-03-22 00:00:00-04:00,2.119999885559082,2.299999952316284,2.0799999237060547,2.25,61700,0.0,0.0
2024-03-25 00:00:00-04:00,2.309999942779541,2.309999942779541,1.9500000476837158,2.009999990463257,63400,0.0,0.0
2024-03-26 00:00:00-04:00,2.0,2.1600000858306885,2.0,2.0299999713897705,49900,0.0,0.0
2024-03-27 00:00:00-04:00,2.2200000286102295,2.2200000286102295,2.0299999713897705,2.140000104904175,15600,0.0,0.0
2024-03-28 00:00:00-04:00,2.109999895095825,2.140000104904175,2.049999952316284,2.0899999141693115,5200,0.0,0.0
2024-04-01 00:00:00-04:00,2.0199999809265137,2.130000114440918,2.0,2.0399999618530273,16600,0.0,0.0
2024-04-02 00:00:00-04:00,2.0,2.0799999237060547,1.9500000476837158,2.049999952316284,36500,0.0,0.0
2024-04-03 00:00:00-04:00,2.059999942779541,2.180000066757202,2.0399999618530273,2.130000114440918,35500,0.0,0.0
2024-04-04 00:00:00-04:00,2.1700000762939453,2.2320001125335693,2.0999999046325684,2.109999895095825,12300,0.0,0.0
2024-04-05 00:00:00-04:00,2.072999954223633,2.2100000381469727,2.072999954223633,2.109999895095825,13800,0.0,0.0
2024-04-08 00:00:00-04:00,2.0999999046325684,2.319999933242798,2.0999999046325684,2.319999933242798,59500,0.0,0.0
2024-04-09 00:00:00-04:00,2.2100000381469727,2.450000047683716,2.2100000381469727,2.2200000286102295,31100,0.0,0.0
2024-04-10 00:00:00-04:00,2.119999885559082,2.2899999618530273,2.0869998931884766,2.259999990463257,18800,0.0,0.0
2024-04-11 00:00:00-04:00,2.2100000381469727,2.2899999618530273,2.1700000762939453,2.259999990463257,15700,0.0,0.0
2024-04-12 00:00:00-04:00,2.2799999713897705,2.322000026702881,2.0999999046325684,2.309999942779541,20000,0.0,0.0
2024-04-15 00:00:00-04:00,2.3399999141693115,2.3399999141693115,1.9700000286102295,2.069999933242798,142900,0.0,0.0
2024-04-16 00:00:00-04:00,2.0199999809265137,2.180000066757202,1.9900000095367432,2.180000066757202,211400,0.0,0.0
2024-04-17 00:00:00-04:00,2.119999885559082,2.1630001068115234,2.069999933242798,2.069999933242798,9800,0.0,0.0
2024-04-18 00:00:00-04:00,2.01200008392334,2.1600000858306885,1.9900000095367432,2.0399999618530273,64400,0.0,0.0
2024-04-19 00:00:00-04:00,2.0399999618530273,2.0799999237060547,1.9900000095367432,2.0299999713897705,50500,0.0,0.0
2024-04-22 00:00:00-04:00,1.9950000047683716,2.055000066757202,1.899999976158142,1.9800000190734863,10100,0.0,0.0
2024-04-23 00:00:00-04:00,2.0,2.049999952316284,1.9700000286102295,2.0199999809265137,18700,0.0,0.0
2024-04-24 00:00:00-04:00,2.009999990463257,2.119999885559082,1.9800000190734863,2.0299999713897705,38200,0.0,0.0
2024-04-25 00:00:00-04:00,1.9950000047683716,2.005000114440918,1.909999966621399,1.940000057220459,14400,0.0,0.0
2024-04-26 00:00:00-04:00,2.009999990463257,2.0399999618530273,1.909999966621399,1.9950000047683716,26600,0.0,0.0
2024-04-29 00:00:00-04:00,2.009999990463257,2.0889999866485596,1.9500000476837158,1.9500000476837158,46200,0.0,0.0
2024-04-30 00:00:00-04:00,1.9500000476837158,1.9700000286102295,1.909999966621399,1.9199999570846558,4200,0.0,0.0
2024-05-01 00:00:00-04:00,1.8799999952316284,2.072000026702881,1.8799999952316284,1.9800000190734863,26300,0.0,0.0
2024-05-02 00:00:00-04:00,1.9299999475479126,2.0959999561309814,1.9299999475479126,1.9700000286102295,115600,0.0,0.0
2024-05-03 00:00:00-04:00,1.9869999885559082,2.049999952316284,1.9800000190734863,1.9900000095367432,14300,0.0,0.0
2024-05-06 00:00:00-04:00,1.9700000286102295,2.0299999713897705,1.899999976158142,1.909999966621399,22600,0.0,0.0
2024-05-07 00:00:00-04:00,2.003999948501587,2.009999990463257,1.8899999856948853,1.8899999856948853,36800,0.0,0.0
2024-05-08 00:00:00-04:00,1.8899999856948853,1.937999963760376,1.7400000095367432,1.7699999809265137,70500,0.0,0.0
2024-05-09 00:00:00-04:00,1.75,1.809999942779541,1.75,1.7799999713897705,10000,0.0,0.0
2024-05-10 00:00:00-04:00,1.7790000438690186,1.8849999904632568,1.7599999904632568,1.8700000047683716,38800,0.0,0.0
2024-05-13 00:00:00-04:00,1.8300000429153442,1.840000033378601,1.8109999895095825,1.840000033378601,9300,0.0,0.0
2024-05-14 00:00:00-04:00,1.809999942779541,1.940000057220459,1.809999942779541,1.8849999904632568,26600,0.0,0.0
2024-05-15 00:00:00-04:00,1.8200000524520874,1.899999976158142,1.7799999713897705,1.7799999713897705,10500,0.0,0.0
2024-05-16 00:00:00-04:00,1.8350000381469727,1.8600000143051147,1.7699999809265137,1.8600000143051147,8100,0.0,0.0
2024-05-17 00:00:00-04:00,1.8969999551773071,1.8969999551773071,1.75,1.75,4300,0.0,0.0
2024-05-20 00:00:00-04:00,1.75,1.815000057220459,1.75,1.7599999904632568,5400,0.0,0.0
2024-05-21 00:00:00-04:00,1.7799999713897705,1.9299999475479126,1.7699999809265137,1.899999976158142,53300,0.0,0.0
2024-05-22 00:00:00-04:00,1.899999976158142,1.899999976158142,1.7599999904632568,1.7899999618530273,27800,0.0,0.0
2024-05-23 00:00:00-04:00,1.8300000429153442,1.8650000095367432,1.690000057220459,1.7400000095367432,15600,0.0,0.0
2024-05-24 00:00:00-04:00,1.7400000095367432,1.8990000486373901,1.7000000476837158,1.875,30500,0.0,0.0
2024-05-28 00:00:00-04:00,1.8300000429153442,1.9199999570846558,1.8250000476837158,1.909999966621399,8600,0.0,0.0
2024-05-29 00:00:00-04:00,1.8300000429153442,1.909999966621399,1.75,1.899999976158142,6200,0.0,0.0
2024-05-30 00:00:00-04:00,1.8799999952316284,2.0799999237060547,1.8799999952316284,1.899999976158142,58600,0.0,0.0
2024-05-31 00:00:00-04:00,1.9299999475479126,1.9299999475479126,1.781000018119812,1.899999976158142,16300,0.0,0.0
2024-06-03 00:00:00-04:00,1.8600000143051147,2.049999952316284,1.75,1.850000023841858,111300,0.0,0.0
2024-06-04 00:00:00-04:00,1.850000023841858,1.850000023841858,1.7339999675750732,1.774999976158142,83300,0.0,0.0
2024-06-05 00:00:00-04:00,1.850000023841858,2.0,1.7999999523162842,1.9800000190734863,52300,0.0,0.0
2024-06-06 00:00:00-04:00,1.9900000095367432,1.9900000095367432,1.899999976158142,1.9800000190734863,75700,0.0,0.0
2024-06-07 00:00:00-04:00,1.8799999952316284,1.940000057220459,1.7400000095367432,1.7999999523162842,49000,0.0,0.0
2024-06-10 00:00:00-04:00,1.809999942779541,1.9199999570846558,1.809999942779541,1.8899999856948853,17300,0.0,0.0
2024-06-11 00:00:00-04:00,1.909999966621399,1.9119999408721924,1.850000023841858,1.899999976158142,32000,0.0,0.0
2024-06-12 00:00:00-04:00,1.9199999570846558,1.9479999542236328,1.850000023841858,1.8600000143051147,22200,0.0,0.0
2024-06-13 00:00:00-04:00,1.8899999856948853,1.9199999570846558,1.8200000524520874,1.8200000524520874,16000,0.0,0.0
2024-06-14 00:00:00-04:00,1.9199999570846558,1.9199999570846558,1.7200000286102295,1.7699999809265137,46100,0.0,0.0
2024-06-17 00:00:00-04:00,1.7999999523162842,1.7999999523162842,1.7100000381469727,1.7300000190734863,19300,0.0,0.0
2024-06-18 00:00:00-04:00,1.7200000286102295,1.7599999904632568,1.649999976158142,1.649999976158142,22300,0.0,0.0
2024-06-20 00:00:00-04:00,1.7000000476837158,1.7000000476837158,1.5700000524520874,1.5800000429153442,39200,0.0,0.0
2024-06-21 00:00:00-04:00,1.6100000143051147,1.7000000476837158,1.3700000047683716,1.659999966621399,69400,0.0,0.0
2024-06-24 00:00:00-04:00,1.6200000047683716,1.680999994277954,1.4900000095367432,1.5299999713897705,24000,0.0,0.0
2024-06-25 00:00:00-04:00,1.4700000286102295,1.6050000190734863,1.4299999475479126,1.5399999618530273,44700,0.0,0.0
2024-06-26 00:00:00-04:00,1.590000033378601,1.6670000553131104,1.5499999523162842,1.5499999523162842,18600,0.0,0.0
2024-06-27 00:00:00-04:00,1.6399999856948853,1.649999976158142,1.590000033378601,1.6100000143051147,7900,0.0,0.0
2024-06-28 00:00:00-04:00,1.690000057220459,1.690000057220459,1.5839999914169312,1.6799999475479126,13400,0.0,0.0
2024-07-01 00:00:00-04:00,1.6200000047683716,1.649999976158142,1.5499999523162842,1.649999976158142,19500,0.0,0.0
2024-07-02 00:00:00-04:00,1.5499999523162842,1.6299999952316284,1.5499999523162842,1.5800000429153442,2600,0.0,0.0
2024-07-03 00:00:00-04:00,1.559999942779541,1.590000033378601,1.4800000190734863,1.590000033378601,35100,0.0,0.0
2024-07-05 00:00:00-04:00,1.5499999523162842,1.559999942779541,1.4700000286102295,1.5,12500,0.0,0.0
2024-07-08 00:00:00-04:00,1.4600000381469727,1.4600000381469727,1.315000057220459,1.399999976158142,52000,0.0,0.0
2024-07-09 00:00:00-04:00,1.3899999856948853,1.399999976158142,1.2400000095367432,1.2799999713897705,27100,0.0,0.0
2024-07-10 00:00:00-04:00,1.3450000286102295,1.3450000286102295,1.2599999904632568,1.281000018119812,23400,0.0,0.0
2024-07-11 00:00:00-04:00,1.2000000476837158,1.3600000143051147,1.2000000476837158,1.350000023841858,20900,0.0,0.0
2024-07-12 00:00:00-04:00,1.409999966621399,1.6699999570846558,1.409999966621399,1.5700000524520874,32600,0.0,0.0
2024-07-15 00:00:00-04:00,1.559999942779541,1.7300000190734863,1.5010000467300415,1.600000023841858,24300,0.0,0.0
2024-07-16 00:00:00-04:00,1.690000057220459,1.690000057220459,1.4249999523162842,1.600000023841858,121900,0.0,0.0
2024-07-17 00:00:00-04:00,1.559999942779541,1.5800000429153442,1.4609999656677246,1.4800000190734863,18900,0.0,0.0
2024-07-18 00:00:00-04:00,1.5199999809265137,1.5759999752044678,1.4500000476837158,1.4500000476837158,19600,0.0,0.0
2024-07-19 00:00:00-04:00,1.4500000476837158,1.4500000476837158,1.350000023841858,1.3700000047683716,30400,0.0,0.0
2024-07-22 00:00:00-04:00,1.3899999856948853,1.5099999904632568,1.340000033378601,1.5,2000,0.0,0.0
2024-07-23 00:00:00-04:00,1.5,1.5,1.3949999809265137,1.399999976158142,2900,0.0,0.0
2024-07-24 00:00:00-04:00,1.4049999713897705,1.5399999618530273,1.3799999952316284,1.5099999904632568,27200,0.0,0.0
2024-07-25 00:00:00-04:00,1.5099999904632568,1.5800000429153442,1.5099999904632568,1.5499999523162842,13400,0.0,0.0
2024-07-26 00:00:00-04:00,1.524999976158142,1.6449999809265137,1.524999976158142,1.5700000524520874,16400,0.0,0.0
2024-07-29 00:00:00-04:00,1.5829999446868896,1.6339999437332153,1.5399999618530273,1.590000033378601,12500,0.0,0.0
2024-07-30 00:00:00-04:00,1.5299999713897705,1.5399999618530273,1.4500000476837158,1.4700000286102295,16600,0.0,0.0
2024-07-31 00:00:00-04:00,1.4500000476837158,1.5800000429153442,1.4500000476837158,1.5099999904632568,6900,0.0,0.0
2024-08-01 00:00:00-04:00,1.5169999599456787,1.590000033378601,1.4500000476837158,1.4500000476837158,15800,0.0,0.0
2024-08-02 00:00:00-04:00,1.4500000476837158,1.5299999713897705,1.399999976158142,1.4199999570846558,15200,0.0,0.0
2024-08-05 00:00:00-04:00,1.3600000143051147,1.4630000591278076,1.350000023841858,1.440000057220459,16200,0.0,0.0
2024-08-06 00:00:00-04:00,1.4500000476837158,1.4500000476837158,1.3899999856948853,1.409999966621399,5600,0.0,0.0
2024-08-07 00:00:00-04:00,1.4700000286102295,1.4800000190734863,1.3700000047683716,1.3799999952316284,25500,0.0,0.0
2024-08-08 00:00:00-04:00,1.4450000524520874,1.4450000524520874,1.399999976158142,1.440000057220459,4300,0.0,0.0
2024-08-09 00:00:00-04:00,1.409999966621399,1.649999976158142,1.340000033378601,1.6399999856948853,47900,0.0,0.0
2024-08-12 00:00:00-04:00,1.6399999856948853,1.6440000534057617,1.5199999809265137,1.6200000047683716,54400,0.0,0.0
2024-08-13 00:00:00-04:00,1.6299999952316284,1.6299999952316284,1.5,1.5,39000,0.0,0.0
2024-08-14 00:00:00-04:00,1.5099999904632568,1.5099999904632568,1.350000023841858,1.3600000143051147,23500,0.0,0.0
2024-08-15 00:00:00-04:00,1.3600000143051147,1.4889999628067017,1.3600000143051147,1.4199999570846558,6100,0.0,0.0
2024-08-16 00:00:00-04:00,1.4199999570846558,1.4989999532699585,1.4199999570846558,1.4600000381469727,14300,0.0,0.0
2024-08-19 00:00:00-04:00,1.4299999475479126,1.440000057220459,1.350000023841858,1.409999966621399,15700,0.0,0.0
2024-08-20 00:00:00-04:00,1.399999976158142,1.399999976158142,1.350000023841858,1.3700000047683716,5000,0.0,0.0
2024-08-21 00:00:00-04:00,1.3600000143051147,1.3899999856948853,1.350000023841858,1.3600000143051147,9500,0.0,0.0
2024-08-22 00:00:00-04:00,1.3700000047683716,1.399999976158142,1.350000023841858,1.350000023841858,12700,0.0,0.0
2024-08-23 00:00:00-04:00,1.350000023841858,1.3600000143051147,1.350000023841858,1.3600000143051147,1200,0.0,0.0
2024-08-26 00:00:00-04:00,1.4199999570846558,1.4199999570846558,1.340999960899353,1.3799999952316284,1800,0.0,0.0
2024-08-27 00:00:00-04:00,1.399999976158142,1.4299999475479126,1.3600000143051147,1.399999976158142,2600,0.0,0.0
2024-08-28 00:00:00-04:00,1.4800000190734863,1.7300000190734863,1.4700000286102295,1.5499999523162842,89900,0.0,0.0
2024-08-29 00:00:00-04:00,1.5449999570846558,1.5859999656677246,1.5449999570846558,1.5750000476837158,3300,0.0,0.0
2024-08-30 00:00:00-04:00,1.590000033378601,1.600000023841858,1.5470000505447388,1.590000033378601,10200,0.0,0.0
2024-09-03 00:00:00-04:00,1.600000023841858,1.600000023841858,1.590000033378601,1.590000033378601,800,0.0,0.0
2024-09-04 00:00:00-04:00,1.531999945640564,1.5700000524520874,1.5,1.5,5000,0.0,0.0
2024-09-05 00:00:00-04:00,1.4700000286102295,1.4800000190734863,1.4700000286102295,1.4800000190734863,1100,0.0,0.0
2024-09-06 00:00:00-04:00,1.4600000381469727,1.5499999523162842,1.4600000381469727,1.5399999618530273,2600,0.0,0.0
2024-09-09 00:00:00-04:00,1.5299999713897705,1.7300000190734863,1.5299999713897705,1.649999976158142,35000,0.0,0.0
2024-09-10 00:00:00-04:00,1.649999976158142,1.7300000190734863,1.6200000047683716,1.6319999694824219,32300,0.0,0.0
2024-09-11 00:00:00-04:00,1.6100000143051147,1.7300000190734863,1.6100000143051147,1.6799999475479126,49800,0.0,0.0
2024-09-12 00:00:00-04:00,1.659999966621399,1.659999966621399,1.600000023841858,1.649999976158142,13900,0.0,0.0
2024-09-13 00:00:00-04:00,1.7100000381469727,1.7100000381469727,1.5950000286102295,1.600000023841858,22000,0.0,0.0
2024-09-16 00:00:00-04:00,1.649999976158142,1.6699999570846558,1.6100000143051147,1.649999976158142,13000,0.0,0.0
2024-09-17 00:00:00-04:00,1.6890000104904175,1.7100000381469727,1.6510000228881836,1.6699999570846558,5300,0.0,0.0
2024-09-18 00:00:00-04:00,1.649999976158142,1.7300000190734863,1.649999976158142,1.690000057220459,11500,0.0,0.0
2024-09-19 00:00:00-04:00,1.7100000381469727,1.840000033378601,1.7100000381469727,1.8200000524520874,24500,0.0,0.0
2024-09-20 00:00:00-04:00,1.840000033378601,1.9299999475479126,1.8200000524520874,1.8799999952316284,83700,0.0,0.0
2024-09-23 00:00:00-04:00,1.8300000429153442,1.9199999570846558,1.8200000524520874,1.8200000524520874,36300,0.0,0.0
2024-09-24 00:00:00-04:00,1.8799999952316284,1.8799999952316284,1.6119999885559082,1.6200000047683716,57200,0.0,0.0
2024-09-25 00:00:00-04:00,1.600000023841858,1.6200000047683716,1.5700000524520874,1.5700000524520874,11100,0.0,0.0
2024-09-26 00:00:00-04:00,1.590000033378601,1.6050000190734863,1.5199999809265137,1.6050000190734863,22200,0.0,0.0
2024-09-27 00:00:00-04:00,1.6100000143051147,1.6540000438690186,1.600000023841858,1.6200000047683716,18600,0.0,0.0
2024-09-30 00:00:00-04:00,1.590000033378601,1.6100000143051147,1.4500000476837158,1.5299999713897705,18700,0.0,0.0
2024-10-01 00:00:00-04:00,1.409999966621399,1.4800000190734863,1.2649999856948853,1.2949999570846558,71800,0.0,0.0
2024-10-02 00:00:00-04:00,1.2699999809265137,1.4600000381469727,1.2300000190734863,1.309999942779541,57600,0.0,0.0
2024-10-03 00:00:00-04:00,1.3899999856948853,1.3899999856948853,1.2899999618530273,1.2940000295639038,9800,0.0,0.0
2024-10-04 00:00:00-04:00,1.3009999990463257,1.3899999856948853,1.2599999904632568,1.3600000143051147,24000,0.0,0.0
2024-10-07 00:00:00-04:00,1.399999976158142,1.4259999990463257,1.3600000143051147,1.409999966621399,13500,0.0,0.0
2024-10-08 00:00:00-04:00,1.399999976158142,1.4700000286102295,1.3849999904632568,1.4700000286102295,7600,0.0,0.0
2024-10-09 00:00:00-04:00,1.5399999618530273,1.5399999618530273,1.440000057220459,1.4500000476837158,12900,0.0,0.0
2024-10-10 00:00:00-04:00,1.4329999685287476,1.4329999685287476,1.409999966621399,1.409999966621399,5400,0.0,0.0
2024-10-11 00:00:00-04:00,1.3899999856948853,1.4800000190734863,1.371999979019165,1.4199999570846558,15700,0.0,0.0
2024-10-14 00:00:00-04:00,1.3899999856948853,1.409999966621399,1.350000023841858,1.3700000047683716,3200,0.0,0.0
2024-10-15 00:00:00-04:00,1.3600000143051147,1.4299999475479126,1.3600000143051147,1.3799999952316284,6100,0.0,0.0
2024-10-16 00:00:00-04:00,1.4299999475479126,1.4299999475479126,1.350000023841858,1.3799999952316284,9600,0.0,0.0
2024-10-17 00:00:00-04:00,1.350000023841858,1.4199999570846558,1.350000023841858,1.409999966621399,9500,0.0,0.0
2024-10-18 00:00:00-04:00,1.4520000219345093,1.4700000286102295,1.3300000429153442,1.3650000095367432,25900,0.0,0.0
2024-10-21 00:00:00-04:00,1.3799999952316284,1.3799999952316284,1.25,1.2799999713897705,33100,0.0,0.0
2024-10-22 00:00:00-04:00,1.350000023841858,1.3700000047683716,1.2200000286102295,1.2400000095367432,29500,0.0,0.0
2024-10-23 00:00:00-04:00,1.2200000286102295,1.2549999952316284,1.100000023841858,1.2100000381469727,40200,0.0,0.0
2024-10-24 00:00:00-04:00,1.2000000476837158,1.2000000476837158,1.100000023841858,1.1200000047683716,29500,0.0,0.0
2024-10-25 00:00:00-04:00,1.100000023841858,1.340000033378601,1.100000023841858,1.340000033378601,27900,0.0,0.0
2024-10-28 00:00:00-04:00,1.3899999856948853,1.4700000286102295,1.3799999952316284,1.440000057220459,30100,0.0,0.0
2024-10-29 00:00:00-04:00,1.3700000047683716,1.5,1.2699999809265137,1.4199999570846558,27600,0.0,0.0
2024-10-30 00:00:00-04:00,1.3799999952316284,1.4299999475479126,1.309999942779541,1.309999942779541,10300,0.0,0.0
2024-10-31 00:00:00-04:00,1.25,1.3799999952316284,1.25,1.3700000047683716,2800,0.0,0.0
2024-11-01 00:00:00-04:00,1.309999942779541,1.4500000476837158,1.309999942779541,1.340000033378601,10100,0.0,0.0
2024-11-04 00:00:00-05:00,1.3200000524520874,1.3799999952316284,1.3200000524520874,1.350000023841858,1900,0.0,0.0
2024-11-05 00:00:00-05:00,1.3300000429153442,1.350000023841858,1.2100000381469727,1.3200000524520874,15100,0.0,0.0
2024-11-06 00:00:00-05:00,1.3600000143051147,1.690000057220459,1.3320000171661377,1.440000057220459,70600,0.0,0.0
2024-11-07 00:00:00-05:00,1.600000023841858,1.600000023841858,1.3589999675750732,1.440000057220459,59600,0.0,0.0
2024-11-08 00:00:00-05:00,1.399999976158142,1.468000054359436,1.3300000429153442,1.4500000476837158,42900,0.0,0.0
2024-11-11 00:00:00-05:00,1.5099999904632568,1.694000005722046,1.340000033378601,1.5,69300,0.0,0.0
2024-11-12 00:00:00-05:00,1.4700000286102295,1.649999976158142,1.4149999618530273,1.649999976158142,28100,0.0,0.0
2024-11-13 00:00:00-05:00,1.690000057220459,1.690000057220459,1.503000020980835,1.656000018119812,51900,0.0,0.0
2024-11-14 00:00:00-05:00,1.6200000047683716,1.850000023841858,1.590000033378601,1.8109999895095825,89600,0.0,0.0
2024-11-15 00:00:00-05:00,1.8700000047683716,1.8700000047683716,1.649999976158142,1.7350000143051147,27100,0.0,0.0
2024-11-18 00:00:00-05:00,1.75,1.8300000429153442,1.6699999570846558,1.6699999570846558,34500,0.0,0.0
2024-11-19 00:00:00-05:00,1.6100000143051147,1.8200000524520874,1.4800000190734863,1.7599999904632568,47600,0.0,0.0
2024-11-20 00:00:00-05:00,1.7339999675750732,1.9500000476837158,1.7230000495910645,1.809999942779541,76500,0.0,0.0
2024-11-21 00:00:00-05:00,1.7699999809265137,1.9800000190734863,1.7369999885559082,1.9149999618530273,105600,0.0,0.0
2024-11-22 00:00:00-05:00,1.899999976158142,1.9600000381469727,1.815000057220459,1.8600000143051147,59100,0.0,0.0
2024-11-25 00:00:00-05:00,1.9199999570846558,1.9299999475479126,1.8200000524520874,1.8799999952316284,23900,0.0,0.0
2024-11-26 00:00:00-05:00,1.7949999570846558,2.2300000190734863,1.6729999780654907,2.1500000953674316,266800,0.0,0.0
2024-11-27 00:00:00-05:00,2.1500000953674316,2.4000000953674316,2.010999917984009,2.259999990463257,203400,0.0,0.0
2024-11-29 00:00:00-05:00,2.200000047683716,2.240000009536743,2.0950000286102295,2.1700000762939453,37700,0.0,0.0
2024-12-02 00:00:00-05:00,2.1700000762939453,2.2790000438690186,2.0199999809265137,2.180000066757202,65200,0.0,0.0
2024-12-03 00:00:00-05:00,2.180000066757202,2.200000047683716,2.059999942779541,2.109999895095825,37100,0.0,0.0
2024-12-04 00:00:00-05:00,2.1089999675750732,2.1600000858306885,2.0490000247955322,2.0999999046325684,23700,0.0,0.0
2024-12-05 00:00:00-05:00,2.140000104904175,2.4200000762939453,2.130000114440918,2.309999942779541,189300,0.0,0.0
2024-12-06 00:00:00-05:00,2.3399999141693115,2.4700000286102295,2.2209999561309814,2.4700000286102295,72200,0.0,0.0
2024-12-09 00:00:00-05:00,2.450000047683716,2.552999973297119,2.3550000190734863,2.4800000190734863,61700,0.0,0.0
2024-12-10 00:00:00-05:00,2.5,2.5,2.309999942779541,2.380000114440918,55700,0.0,0.0
2024-12-11 00:00:00-05:00,2.380000114440918,2.4000000953674316,2.2100000381469727,2.3399999141693115,21200,0.0,0.0
2024-12-12 00:00:00-05:00,2.259999990463257,2.4800000190734863,2.180000066757202,2.359999895095825,57900,0.0,0.0
2024-12-13 00:00:00-05:00,2.322000026702881,2.4700000286102295,2.111999988555908,2.240000009536743,22500,0.0,0.0
2024-12-16 00:00:00-05:00,2.5,2.5,2.0999999046325684,2.490000009536743,111900,0.0,0.0
2024-12-17 00:00:00-05:00,2.490000009536743,2.690000057220459,2.450000047683716,2.6700000762939453,77100,0.0,0.0
2024-12-18 00:00:00-05:00,2.690000057220459,2.690000057220459,2.319999933242798,2.319999933242798,48300,0.0,0.0
2024-12-19 00:00:00-05:00,2.2899999618530273,2.3499999046325684,2.118000030517578,2.1500000953674316,30300,0.0,0.0
2024-12-20 00:00:00-05:00,2.109999895095825,2.390000104904175,2.109999895095825,2.25,78500,0.0,0.0
2024-12-23 00:00:00-05:00,2.25,2.3299999237060547,2.0799999237060547,2.130000114440918,37700,0.0,0.0
2024-12-24 00:00:00-05:00,2.059999942779541,2.5850000381469727,2.059999942779541,2.4159998893737793,83600,0.0,0.0
2024-12-26 00:00:00-05:00,2.4200000762939453,2.4200000762939453,2.299999952316284,2.4010000228881836,49300,0.0,0.0
2024-12-27 00:00:00-05:00,2.4000000953674316,2.4130001068115234,2.009999990463257,2.3289999961853027,37300,0.0,0.0
2024-12-30 00:00:00-05:00,2.2100000381469727,2.2929999828338623,2.0,2.2200000286102295,72300,0.0,0.0
2024-12-31 00:00:00-05:00,2.1500000953674316,2.2699999809265137,2.119999885559082,2.1600000858306885,27100,0.0,0.0
2025-01-02 00:00:00-05:00,2.140000104904175,2.312000036239624,2.0769999027252197,2.0769999027252197,3400,0.0,0.0
2025-01-03 00:00:00-05:00,2.0999999046325684,2.1649999618530273,1.9800000190734863,2.0799999237060547,17900,0.0,0.0
2025-01-06 00:00:00-05:00,2.1600000858306885,2.190000057220459,1.9900000095367432,2.190000057220459,61100,0.0,0.0
2025-01-07 00:00:00-05:00,2.2100000381469727,2.2300000190734863,2.0769999027252197,2.180000066757202,32600,0.0,0.0
2025-01-08 00:00:00-05:00,2.069999933242798,2.299999952316284,2.069999933242798,2.2799999713897705,35400,0.0,0.0
2025-01-10 00:00:00-05:00,2.299999952316284,2.428999900817871,2.119999885559082,2.4200000762939453,49300,0.0,0.0
2025-01-13 00:00:00-05:00,2.4000000953674316,2.5360000133514404,2.240000009536743,2.440000057220459,40500,0.0,0.0
2025-01-14 00:00:00-05:00,2.5299999713897705,2.690000057220459,2.299999952316284,2.6700000762939453,63700,0.0,0.0
2025-01-15 00:00:00-05:00,2.680000066757202,2.8469998836517334,2.130000114440918,2.440000057220459,127600,0.0,0.0
2025-01-16 00:00:00-05:00,2.5,2.740000009536743,2.25,2.4100000858306885,102900,0.0,0.0
2025-01-17 00:00:00-05:00,2.369999885559082,2.378999948501587,2.2290000915527344,2.3499999046325684,25400,0.0,0.0
2025-01-21 00:00:00-05:00,2.2699999809265137,2.5460000038146973,2.259999990463257,2.4800000190734863,50500,0.0,0.0
2025-01-22 00:00:00-05:00,2.568000078201294,2.568000078201294,2.259999990463257,2.390000104904175,24400,0.0,0.0
2025-01-23 00:00:00-05:00,2.2709999084472656,2.4700000286102295,2.2709999084472656,2.438999891281128,9900,0.0,0.0
2025-01-24 00:00:00-05:00,2.309999942779541,2.450000047683716,2.2300000190734863,2.25,4600,0.0,0.0
2025-01-27 00:00:00-05:00,2.240000009536743,2.255000114440918,2.059999942779541,2.130000114440918,7600,0.0,0.0
2025-01-28 00:00:00-05:00,2.075000047683716,2.2200000286102295,2.009999990463257,2.1700000762939453,28600,0.0,0.0
2025-01-29 00:00:00-05:00,2.1700000762939453,2.174999952316284,2.0999999046325684,2.0999999046325684,1600,0.0,0.0
2025-01-30 00:00:00-05:00,2.240000009536743,2.299999952316284,2.0799999237060547,2.2100000381469727,75400,0.0,0.0
2025-01-31 00:00:00-05:00,2.309999942779541,2.4800000190734863,2.25,2.3399999141693115,73000,0.0,0.0
2025-02-03 00:00:00-05:00,2.2799999713897705,2.5,2.1500000953674316,2.3299999237060547,64500,0.0,0.0
2025-02-04 00:00:00-05:00,2.309999942779541,2.3499999046325684,2.1600000858306885,2.25,24200,0.0,0.0
2025-02-05 00:00:00-05:00,2.25,2.25,2.2200000286102295,2.2320001125335693,4700,0.0,0.0
2025-02-06 00:00:00-05:00,2.4100000858306885,2.4100000858306885,2.069999933242798,2.180000066757202,11900,0.0,0.0
2025-02-07 00:00:00-05:00,2.0899999141693115,2.2780001163482666,2.069999933242798,2.180000066757202,30600,0.0,0.0
2025-02-10 00:00:00-05:00,2.190000057220459,2.299999952316284,1.7999999523162842,2.1700000762939453,47000,0.0,0.0
2025-02-11 00:00:00-05:00,2.2799999713897705,2.2799999713897705,2.049999952316284,2.180000066757202,15400,0.0,0.0
2025-02-12 00:00:00-05:00,2.069999933242798,2.190000057220459,1.909999966621399,1.9850000143051147,118800,0.0,0.0
2025-02-13 00:00:00-05:00,1.9500000476837158,2.0889999866485596,1.8799999952316284,1.9600000381469727,10200,0.0,0.0
2025-02-14 00:00:00-05:00,1.9600000381469727,2.0399999618530273,1.9600000381469727,1.9700000286102295,31400,0.0,0.0
2025-02-18 00:00:00-05:00,1.9700000286102295,2.059999942779541,1.9700000286102295,1.9700000286102295,8500,0.0,0.0
2025-02-19 00:00:00-05:00,1.9500000476837158,2.134999990463257,1.8700000047683716,2.0299999713897705,55500,0.0,0.0
2025-02-20 00:00:00-05:00,2.0399999618530273,2.140000104904175,1.9299999475479126,2.140000104904175,12700,0.0,0.0
2025-02-21 00:00:00-05:00,2.2200000286102295,2.2200000286102295,2.009999990463257,2.009999990463257,32200,0.0,0.0
2025-02-24 00:00:00-05:00,1.9800000190734863,2.078000068664551,1.8700000047683716,2.0399999618530273,123800,0.0,0.0
2025-02-25 00:00:00-05:00,1.9800000190734863,2.049999952316284,1.899999976158142,1.9500000476837158,18600,0.0,0.0
2025-02-26 00:00:00-05:00,1.899999976158142,2.109999895095825,1.7619999647140503,1.7999999523162842,59300,0.0,0.0
2025-02-27 00:00:00-05:00,1.75,1.899999976158142,1.7319999933242798,1.7699999809265137,70400,0.0,0.0
2025-02-28 00:00:00-05:00,1.7200000286102295,1.8539999723434448,1.649999976158142,1.7100000381469727,20100,0.0,0.0
2025-03-03 00:00:00-05:00,1.690000057220459,1.8669999837875366,1.659999966621399,1.7599999904632568,70000,0.0,0.0
2025-03-04 00:00:00-05:00,1.7200000286102295,1.850000023841858,1.6749999523162842,1.75,35500,0.0,0.0
2025-03-05 00:00:00-05:00,1.781000018119812,1.9299999475479126,1.7300000190734863,1.75,72600,0.0,0.0
2025-03-06 00:00:00-05:00,1.7100000381469727,1.899999976158142,1.7100000381469727,1.7200000286102295,13800,0.0,0.0
2025-03-07 00:00:00-05:00,1.6699999570846558,1.850000023841858,1.6699999570846558,1.7200000286102295,14900,0.0,0.0
2025-03-10 00:00:00-04:00,1.75,1.8259999752044678,1.659999966621399,1.659999966621399,11900,0.0,0.0
2025-03-11 00:00:00-04:00,1.6549999713897705,1.809999942779541,1.6549999713897705,1.7200000286102295,11800,0.0,0.0
2025-03-12 00:00:00-04:00,1.7699999809265137,1.7699999809265137,1.6699999570846558,1.6699999570846558,6900,0.0,0.0
2025-03-13 00:00:00-04:00,1.659999966621399,1.6699999570846558,1.5800000429153442,1.590000033378601,15500,0.0,0.0
2025-03-14 00:00:00-04:00,1.6200000047683716,1.7200000286102295,1.6200000047683716,1.7100000381469727,14100,0.0,0.0
2025-03-17 00:00:00-04:00,1.7200000286102295,2.0899999141693115,1.7200000286102295,1.8600000143051147,14500,0.0,0.0
2025-03-18 00:00:00-04:00,1.809999942779541,1.909999966621399,1.7000000476837158,1.7100000381469727,15800,0.0,0.0
2025-03-19 00:00:00-04:00,1.7230000495910645,1.7999999523162842,1.7230000495910645,1.7699999809265137,6400,0.0,0.0
2025-03-20 00:00:00-04:00,1.690000057220459,1.7999999523162842,1.690000057220459,1.7200000286102295,25300,0.0,0.0
2025-03-21 00:00:00-04:00,1.690000057220459,1.7300000190734863,1.690000057220459,1.7300000190734863,6700,0.0,0.0
2025-03-24 00:00:00-04:00,1.7300000190734863,1.809999942779541,1.3609999418258667,1.4800000190734863,89300,0.0,0.0
2025-03-25 00:00:00-04:00,1.4500000476837158,1.559999942779541,1.2799999713897705,1.3899999856948853,47600,0.0,0.0
2025-03-26 00:00:00-04:00,1.409999966621399,1.4600000381469727,1.340000033378601,1.4600000381469727,15200,0.0,0.0
2025-03-27 00:00:00-04:00,1.440000057220459,1.600000023841858,1.309999942779541,1.5700000524520874,18500,0.0,0.0
2025-03-28 00:00:00-04:00,1.5099999904632568,1.5499999523162842,1.4299999475479126,1.5099999904632568,13300,0.0,0.0
2025-03-31 00:00:00-04:00,1.4500000476837158,1.6100000143051147,1.399999976158142,1.6100000143051147,39000,0.0,0.0
2025-04-01 00:00:00-04:00,1.6200000047683716,1.840000033378601,1.6200000047683716,1.7599999904632568,99300,0.0,0.0
2025-04-02 00:00:00-04:00,1.7200000286102295,1.9500000476837158,1.7100000381469727,1.850000023841858,47600,0.0,0.0
2025-04-03 00:00:00-04:00,1.809999942779541,1.8109999895095825,1.649999976158142,1.6699999570846558,21300,0.0,0.0
2025-04-04 00:00:00-04:00,1.6699999570846558,1.6699999570846558,1.440000057220459,1.5199999809265137,36000,0.0,0.0
2025-04-07 00:00:00-04:00,1.409999966621399,1.5889999866485596,1.3799999952316284,1.5889999866485596,29900,0.0,0.0
2025-04-08 00:00:00-04:00,1.5,1.5499999523162842,1.4700000286102295,1.4700000286102295,16600,0.0,0.0
2025-04-09 00:00:00-04:00,1.4500000476837158,1.7699999809265137,1.4500000476837158,1.6299999952316284,18800,0.0,0.0
2025-04-10 00:00:00-04:00,1.5499999523162842,1.8949999809265137,1.5499999523162842,1.8200000524520874,73900,0.0,0.0
2025-04-11 00:00:00-04:00,1.7699999809265137,2.0399999618530273,1.6200000047683716,1.9700000286102295,49900,0.0,0.0
2025-04-14 00:00:00-04:00,2.0399999618530273,2.0999999046325684,1.7949999570846558,1.8799999952316284,14600,0.0,0.0
2025-04-15 00:00:00-04:00,1.940000057220459,1.940000057220459,1.8700000047683716,1.8700000047683716,30700,0.0,0.0
2025-04-16 00:00:00-04:00,1.8700000047683716,1.9930000305175781,1.8700000047683716,1.9800000190734863,37800,0.0,0.0
2025-04-17 00:00:00-04:00,1.899999976158142,1.9299999475479126,1.809999942779541,1.809999942779541,16500,0.0,0.0
2025-04-21 00:00:00-04:00,1.7400000095367432,1.840000033378601,1.6740000247955322,1.7799999713897705,10700,0.0,0.0
2025-04-22 00:00:00-04:00,1.7200000286102295,1.7799999713897705,1.6299999952316284,1.75,14300,0.0,0.0
2025-04-23 00:00:00-04:00,1.7899999618530273,1.8799999952316284,1.6720000505447388,1.8049999475479126,12400,0.0,0.0
2025-04-24 00:00:00-04:00,1.840000033378601,1.8899999856948853,1.809999942779541,1.809999942779541,31200,0.0,0.0
2025-04-25 00:00:00-04:00,1.75,1.840000033378601,1.6799999475479126,1.7799999713897705,26000,0.0,0.0
2025-04-28 00:00:00-04:00,1.7799999713897705,1.7899999618530273,1.6699999570846558,1.7899999618530273,6400,0.0,0.0
2025-04-29 00:00:00-04:00,1.7869999408721924,1.8140000104904175,1.684000015258789,1.7599999904632568,11600,0.0,0.0
2025-04-30 00:00:00-04:00,1.7699999809265137,2.430000066757202,1.7599999904632568,2.109999895095825,45800,0.0,0.0
2025-05-01 00:00:00-04:00,2.259999990463257,2.3299999237060547,1.9520000219345093,2.0199999809265137,108600,0.0,0.0
2025-05-02 00:00:00-04:00,1.9199999570846558,1.9900000095367432,1.75,1.8200000524520874,17900,0.0,0.0
2025-05-05 00:00:00-04:00,1.7999999523162842,1.8200000524520874,1.7799999713897705,1.7899999618530273,5100,0.0,0.0
2025-05-06 00:00:00-04:00,1.7100000381469727,1.9900000095367432,1.7100000381469727,1.8899999856948853,11600,0.0,0.0
2025-05-07 00:00:00-04:00,1.86899995803833,1.9500000476837158,1.850000023841858,1.9500000476837158,4300,0.0,0.0
2025-05-08 00:00:00-04:00,1.940000057220459,1.940000057220459,1.8739999532699585,1.8739999532699585,800,0.0,0.0
2025-05-09 00:00:00-04:00,1.9600000381469727,1.9700000286102295,1.8799999952316284,1.9700000286102295,22600,0.0,0.0
2025-05-12 00:00:00-04:00,1.9700000286102295,2.11299991607666,1.7999999523162842,1.8700000047683716,19100,0.0,0.0
2025-05-13 00:00:00-04:00,1.9500000476837158,1.9700000286102295,1.809999942779541,1.8600000143051147,6600,0.0,0.0
2025-05-14 00:00:00-04:00,1.940000057220459,2.130000114440918,1.8849999904632568,1.9800000190734863,18700,0.0,0.0
2025-05-15 00:00:00-04:00,2.0799999237060547,2.0899999141693115,1.899999976158142,2.0899999141693115,4500,0.0,0.0
2025-05-16 00:00:00-04:00,2.0999999046325684,2.130000114440918,1.9500000476837158,2.0199999809265137,31400,0.0,0.0
2025-05-19 00:00:00-04:00,2.009999990463257,2.1449999809265137,2.009999990463257,2.140000104904175,3600,0.0,0.0
2025-05-20 00:00:00-04:00,2.0399999618530273,2.130000114440918,2.009999990463257,2.109999895095825,8100,0.0,0.0
2025-05-21 00:00:00-04:00,2.0,2.0799999237060547,1.899999976158142,2.009999990463257,23800,0.0,0.0
2025-05-22 00:00:00-04:00,1.8880000114440918,2.130000114440918,1.8869999647140503,2.119999885559082,14900,0.0,0.0
2025-05-23 00:00:00-04:00,2.0399999618530273,2.0399999618530273,2.0399999618530273,2.0399999618530273,600,0.0,0.0
2025-05-27 00:00:00-04:00,2.0399999618530273,2.138000011444092,1.8799999952316284,1.9500000476837158,6600,0.0,0.0
2025-05-28 00:00:00-04:00,1.940000057220459,1.940000057220459,1.899999976158142,1.899999976158142,36000,0.0,0.0
2025-05-29 00:00:00-04:00,1.9900000095367432,2.069999933242798,1.8799999952316284,1.8799999952316284,6200,0.0,0.0
2025-05-30 00:00:00-04:00,1.899999976158142,2.119999885559082,1.8700000047683716,2.069999933242798,3300,0.0,0.0
2025-06-02 00:00:00-04:00,2.0399999618530273,2.0399999618530273,1.9299999475479126,1.9800000190734863,29000,0.0,0.0
2025-06-03 00:00:00-04:00,1.9800000190734863,1.9800000190734863,1.8799999952316284,1.8799999952316284,6000,0.0,0.0
2025-06-04 00:00:00-04:00,1.8700000047683716,2.0,1.8700000047683716,1.8700000047683716,12100,0.0,0.0
2025-06-05 00:00:00-04:00,1.9900000095367432,2.049999952316284,1.9500000476837158,2.015000104904175,47000,0.0,0.0
2025-06-06 00:00:00-04:00,2.049999952316284,2.140000104904175,1.909999966621399,1.9700000286102295,44600,0.0,0.0
2025-06-09 00:00:00-04:00,2.0880000591278076,2.140000104904175,1.940000057220459,2.0,49200,0.0,0.0
2025-06-10 00:00:00-04:00,2.0899999141693115,2.109999895095825,1.7999999523162842,1.940000057220459,37800,0.0,0.0
2025-06-11 00:00:00-04:00,1.8700000047683716,2.109999895095825,1.850000023841858,2.058000087738037,19500,0.0,0.0
2025-06-12 00:00:00-04:00,2.0,2.065000057220459,1.8899999856948853,2.0,6000,0.0,0.0
2025-06-13 00:00:00-04:00,1.9600000381469727,2.0789999961853027,1.909999966621399,1.909999966621399,13600,0.0,0.0
2025-06-16 00:00:00-04:00,2.009999990463257,2.0199999809265137,1.8799999952316284,1.8899999856948853,7700,0.0,0.0
2025-06-17 00:00:00-04:00,1.8700000047683716,1.9900000095367432,1.8600000143051147,1.9700000286102295,31900,0.0,0.0
2025-06-18 00:00:00-04:00,2.049999952316284,2.059999942779541,1.8600000143051147,2.0299999713897705,133900,0.0,0.0
2025-06-20 00:00:00-04:00,1.8600000143051147,1.996999979019165,1.8600000143051147,1.8700000047683716,36800,0.0,0.0
2025-06-23 00:00:00-04:00,1.9600000381469727,2.1500000953674316,1.8309999704360962,2.0799999237060547,93800,0.0,0.0
2025-06-24 00:00:00-04:00,2.190000057220459,2.450000047683716,1.9600000381469727,2.259999990463257,404300,0.0,0.0
2025-06-25 00:00:00-04:00,2.2899999618530273,2.75,2.240000009536743,2.549999952316284,364100,0.0,0.0
2025-06-26 00:00:00-04:00,2.5399999618530273,2.5999999046325684,2.3499999046325684,2.559999942779541,85400,0.0,0.0
2025-06-27 00:00:00-04:00,2.5899999141693115,2.5899999141693115,2.299999952316284,2.299999952316284,128600,0.0,0.0
2025-06-30 00:00:00-04:00,2.299999952316284,2.4800000190734863,2.25,2.4230000972747803,210500,0.0,0.0
2025-07-01 00:00:00-04:00,2.430000066757202,2.569999933242798,2.309999942779541,2.5299999713897705,98400,0.0,0.0
2025-07-02 00:00:00-04:00,2.5399999618530273,2.940000057220459,2.5399999618530273,2.869999885559082,175800,0.0,0.0
2025-07-03 00:00:00-04:00,2.8499999046325684,2.937000036239624,2.2200000286102295,2.3299999237060547,201400,0.0,0.0
2025-07-07 00:00:00-04:00,2.440000057220459,2.4590001106262207,2.259999990463257,2.2799999713897705,61500,0.0,0.0
2025-07-08 00:00:00-04:00,2.259999990463257,2.3989999294281006,2.109999895095825,2.119999885559082,82700,0.0,0.0
2025-07-09 00:00:00-04:00,2.130000114440918,2.4000000953674316,2.005000114440918,2.2699999809265137,83400,0.0,0.0
2025-07-10 00:00:00-04:00,2.0999999046325684,2.4000000953674316,2.0999999046325684,2.1500000953674316,27900,0.0,0.0
2025-07-11 00:00:00-04:00,2.190000057220459,2.240000009536743,2.049999952316284,2.2300000190734863,184200,0.0,0.0
2025-07-14 00:00:00-04:00,2.1600000858306885,2.369999885559082,2.0999999046325684,2.119999885559082,115000,0.0,0.0
2025-07-15 00:00:00-04:00,2.190000057220459,2.190000057220459,2.0,2.130000114440918,63000,0.0,0.0
2025-07-16 00:00:00-04:00,2.140000104904175,2.1500000953674316,1.9199999570846558,1.9900000095367432,104400,0.0,0.0
2025-07-17 00:00:00-04:00,1.9700000286102295,2.069999933242798,1.940000057220459,2.009999990463257,78600,0.0,0.0
2025-07-18 00:00:00-04:00,1.9600000381469727,2.0899999141693115,1.9450000524520874,2.0299999713897705,22600,0.0,0.0
2025-07-21 00:00:00-04:00,2.0,2.0399999618530273,1.9500000476837158,1.9759999513626099,32800,0.0,0.0
2025-07-22 00:00:00-04:00,1.9500000476837158,2.059999942779541,1.899999976158142,1.899999976158142,36000,0.0,0.0
2025-07-23 00:00:00-04:00,1.899999976158142,2.0199999809265137,1.8700000047683716,1.9600000381469727,148300,0.0,0.0
2025-07-24 00:00:00-04:00,1.909999966621399,2.0199999809265137,1.8600000143051147,1.9199999570846558,162900,0.0,0.0
2025-07-25 00:00:00-04:00,1.9199999570846558,2.0199999809265137,1.8200000524520874,1.8949999809265137,88300,0.0,0.0
2025-07-28 00:00:00-04:00,1.8899999856948853,1.9700000286102295,1.8300000429153442,1.871000051498413,36600,0.0,0.0
2025-07-29 00:00:00-04:00,1.9500000476837158,1.9500000476837158,1.6100000143051147,1.6100000143051147,129500,0.0,0.0
2025-07-30 00:00:00-04:00,1.7799999713897705,1.8539999723434448,1.6699999570846558,1.6759999990463257,109500,0.0,0.0
2025-07-31 00:00:00-04:00,1.8700000047683716,1.8700000047683716,1.649999976158142,1.659999966621399,15900,0.0,0.0
2025-08-01 00:00:00-04:00,1.6100000143051147,1.7300000190734863,1.5499999523162842,1.559999942779541,65200,0.0,0.0
2025-08-04 00:00:00-04:00,1.6200000047683716,1.6349999904632568,1.5299999713897705,1.6150000095367432,40500,0.0,0.0
2025-08-05 00:00:00-04:00,1.6299999952316284,1.6720000505447388,1.5850000381469727,1.6200000047683716,34900,0.0,0.0
2025-08-06 00:00:00-04:00,1.625,1.649999976158142,1.4600000381469727,1.590000033378601,146000,0.0,0.0
2025-08-07 00:00:00-04:00,1.5950000286102295,1.6699999570846558,1.5859999656677246,1.6150000095367432,24100,0.0,0.0
2025-08-08 00:00:00-04:00,1.6399999856948853,1.6799999475479126,1.5199999809265137,1.590000033378601,25500,0.0,0.0
2025-08-11 00:00:00-04:00,1.6399999856948853,1.6729999780654907,1.5199999809265137,1.5299999713897705,17100,0.0,0.0
2025-08-12 00:00:00-04:00,1.5,1.6799999475479126,1.5,1.5800000429153442,16100,0.0,0.0
2025-08-13 00:00:00-04:00,1.6100000143051147,1.6799999475479126,1.5700000524520874,1.6699999570846558,36900,0.0,0.0
2025-08-14 00:00:00-04:00,1.6100000143051147,1.687999963760376,1.590000033378601,1.590000033378601,37000,0.0,0.0
2025-08-15 00:00:00-04:00,1.6299999952316284,1.6299999952316284,1.4800000190734863,1.5,42300,0.0,0.0
2025-08-18 00:00:00-04:00,1.5399999618530273,1.715000033378601,1.5160000324249268,1.6299999952316284,54200,0.0,0.0
2025-08-19 00:00:00-04:00,1.6299999952316284,1.7300000190734863,1.559999942779541,1.600000023841858,19300,0.0,0.0
2025-08-20 00:00:00-04:00,1.6299999952316284,1.6299999952316284,1.5709999799728394,1.6100000143051147,3200,0.0,0.0
2025-08-21 00:00:00-04:00,1.6100000143051147,1.6100000143051147,1.4600000381469727,1.4600000381469727,39800,0.0,0.0
2025-08-22 00:00:00-04:00,1.4700000286102295,1.5199999809265137,1.4299999475479126,1.4500000476837158,85100,0.0,0.0
2025-08-25 00:00:00-04:00,1.4500000476837158,1.4800000190734863,1.2999999523162842,1.2999999523162842,110000,0.0,0.0
2025-08-26 00:00:00-04:00,1.309999942779541,1.649999976158142,1.309999942779541,1.6399999856948853,132300,0.0,0.0
2025-08-27 00:00:00-04:00,1.690000057220459,1.7799999713897705,1.600000023841858,1.600000023841858,53500,0.0,0.0
2025-08-28 00:00:00-04:00,1.5499999523162842,1.6200000047683716,1.5399999618530273,1.559999942779541,424200,0.0,0.0
2025-08-29 00:00:00-04:00,1.4900000095367432,1.6679999828338623,1.409999966621399,1.5800000429153442,191600,0.0,0.0
2025-09-02 00:00:00-04:00,1.5399999618530273,1.6699999570846558,1.5299999713897705,1.5800000429153442,71800,0.0,0.0
2025-09-03 00:00:00-04:00,1.600000023841858,1.6100000143051147,1.5410000085830688,1.600000023841858,34600,0.0,0.0
2025-09-04 00:00:00-04:00,1.559999942779541,1.600000023841858,1.5399999618530273,1.600000023841858,25200,0.0,0.0
2025-09-05 00:00:00-04:00,1.6009999513626099,1.6009999513626099,1.5,1.5099999904632568,19400,0.0,0.0
2025-09-08 00:00:00-04:00,1.5099999904632568,1.5700000524520874,1.5099999904632568,1.5700000524520874,10000,0.0,0.0
2025-09-09 00:00:00-04:00,1.600000023841858,1.8899999856948853,1.5950000286102295,1.8799999952316284,102300,0.0,0.0
2025-09-10 00:00:00-04:00,1.899999976158142,1.899999976158142,1.7000000476837158,1.840000033378601,81400,0.0,0.0
2025-09-11 00:00:00-04:00,1.7799999713897705,1.809999942779541,1.600000023841858,1.6699999570846558,71500,0.0,0.0
2025-09-12 00:00:00-04:00,1.7899999618530273,1.850000023841858,1.690000057220459,1.8200000524520874,97700,0.0,0.0
2025-09-15 00:00:00-04:00,1.8799999952316284,1.9500000476837158,1.8200000524520874,1.899999976158142,74300,0.0,0.0
2025-09-16 00:00:00-04:00,1.940000057220459,1.944000005722046,1.7100000381469727,1.8200000524520874,61800,0.0,0.0
2025-09-17 00:00:00-04:00,1.809999942779541,1.8700000047683716,1.7400000095367432,1.809999942779541,20700,0.0,0.0
2025-09-18 00:00:00-04:00,1.75,1.809999942779541,1.7059999704360962,1.7400000095367432,27500,0.0,0.0
2025-09-19 00:00:00-04:00,1.7430000305175781,1.8200000524520874,1.725000023841858,1.8200000524520874,25300,0.0,0.0
2025-09-22 00:00:00-04:00,1.8600000143051147,1.8600000143051147,1.7100000381469727,1.7999999523162842,10900,0.0,0.0
2025-09-23 00:00:00-04:00,1.774999976158142,1.7999999523162842,1.7389999628067017,1.7799999713897705,14900,0.0,0.0
2025-09-24 00:00:00-04:00,1.7599999904632568,1.7599999904632568,1.7000000476837158,1.7400000095367432,26800,0.0,0.0
2025-09-25 00:00:00-04:00,1.7300000190734863,1.809999942779541,1.690000057220459,1.809999942779541,21300,0.0,0.0
2025-09-26 00:00:00-04:00,1.8899999856948853,1.8899999856948853,1.7400000095367432,1.75,31600,0.0,0.0
2025-09-29 00:00:00-04:00,1.7100000381469727,1.7200000286102295,1.6699999570846558,1.684999942779541,33300,0.0,0.0
2025-09-30 00:00:00-04:00,1.7100000381469727,1.7100000381469727,1.659999966621399,1.6799999475479126,8100,0.0,0.0
2025-10-01 00:00:00-04:00,1.7400000095367432,1.7400000095367432,1.6100000143051147,1.6699999570846558,26000,0.0,0.0
2025-10-02 00:00:00-04:00,1.600000023841858,1.6699999570846558,1.5499999523162842,1.659999966621399,19500,0.0,0.0
2025-10-03 00:00:00-04:00,1.559999942779541,1.6799999475479126,1.5110000371932983,1.6399999856948853,33700,0.0,0.0
2025-10-06 00:00:00-04:00,1.6100000143051147,1.7999999523162842,1.6100000143051147,1.659999966621399,69300,0.0,0.0
2025-10-07 00:00:00-04:00,1.6399999856948853,1.6649999618530273,1.590000033378601,1.659999966621399,9500,0.0,0.0
2025-10-08 00:00:00-04:00,1.6200000047683716,1.649999976158142,1.6200000047683716,1.649999976158142,7600,0.0,0.0
2025-10-09 00:00:00-04:00,1.6299999952316284,1.690000057220459,1.6299999952316284,1.6699999570846558,19400,0.0,0.0
2025-10-10 00:00:00-04:00,1.6399999856948853,1.7050000429153442,1.600000023841858,1.6399999856948853,46800,0.0,0.0
2025-10-13 00:00:00-04:00,1.6200000047683716,1.6399999856948853,1.5,1.6399999856948853,31800,0.0,0.0
2025-10-14 00:00:00-04:00,1.649999976158142,1.6799999475479126,1.6100000143051147,1.6799999475479126,13200,0.0,0.0
2025-10-15 00:00:00-04:00,1.6299999952316284,1.7999999523162842,1.6299999952316284,1.7999999523162842,33100,0.0,0.0
2025-10-16 00:00:00-04:00,1.899999976158142,1.909999966621399,1.7999999523162842,1.840000033378601,35400,0.0,0.0
2025-10-17 00:00:00-04:00,1.809999942779541,1.8200000524520874,1.7100000381469727,1.75,71400,0.0,0.0
2025-10-20 00:00:00-04:00,1.7899999618530273,1.8200000524520874,1.7200000286102295,1.7549999952316284,34600,0.0,0.0
2025-10-21 00:00:00-04:00,1.7300000190734863,1.9700000286102295,1.7300000190734863,1.909999966621399,161200,0.0,0.0
2025-10-22 00:00:00-04:00,1.8799999952316284,2.0199999809265137,1.8700000047683716,2.0199999809265137,45400,0.0,0.0
2025-10-23 00:00:00-04:00,2.009999990463257,2.0999999046325684,1.9880000352859497,2.059999942779541,42800,0.0,0.0
2025-10-24 00:00:00-04:00,2.0299999713897705,2.3499999046325684,2.0230000019073486,2.1600000858306885,190700,0.0,0.0
2025-10-27 00:00:00-04:00,2.119999885559082,2.119999885559082,1.9600000381469727,2.009999990463257,33400,0.0,0.0
2025-10-28 00:00:00-04:00,1.9630000591278076,2.015000104904175,1.9600000381469727,1.9900000095367432,30400,0.0,0.0
2025-10-29 00:00:00-04:00,1.9500000476837158,2.009000062942505,1.9199999570846558,2.0,47900,0.0,0.0
2025-10-30 00:00:00-04:00,2.0,2.0999999046325684,1.9600000381469727,2.0999999046325684,24300,0.0,0.0
2025-10-31 00:00:00-04:00,2.0880000591278076,2.299999952316284,2.009999990463257,2.240000009536743,118800,0.0,0.0
2025-11-03 00:00:00-05:00,2.2100000381469727,2.239000082015991,2.0920000076293945,2.1700000762939453,82800,0.0,0.0
2025-11-04 00:00:00-05:00,2.130000114440918,2.2899999618530273,2.130000114440918,2.1600000858306885,42100,0.0,0.0
2025-11-05 00:00:00-05:00,2.200000047683716,2.249000072479248,2.1500000953674316,2.2200000286102295,21800,0.0,0.0
2025-11-06 00:00:00-05:00,2.2200000286102295,2.2699999809265137,2.0799999237060547,2.2660000324249268,70200,0.0,0.0
2025-11-07 00:00:00-05:00,2.25,2.319999933242798,2.1500000953674316,2.309999942779541,27600,0.0,0.0
2025-11-10 00:00:00-05:00,2.309999942779541,2.309999942779541,2.1700000762939453,2.240000009536743,9300,0.0,0.0
2025-11-11 00:00:00-05:00,2.180000066757202,2.430000066757202,2.180000066757202,2.390000104904175,176000,0.0,0.0
2025-11-12 00:00:00-05:00,2.200000047683716,2.440000057220459,2.0869998931884766,2.369999885559082,42300,0.0,0.0
2025-11-13 00:00:00-05:00,2.380000114440918,2.380000114440918,2.059999942779541,2.063999891281128,56300,0.0,0.0
2025-11-14 00:00:00-05:00,2.059999942779541,2.4800000190734863,2.059999942779541,2.319999933242798,107100,0.0,0.0
2025-11-17 00:00:00-05:00,2.4100000858306885,2.4100000858306885,2.2200000286102295,2.4000000953674316,30000,0.0,0.0
2025-11-18 00:00:00-05:00,2.4200000762939453,2.490000009536743,2.2699999809265137,2.3399999141693115,66200,0.0,0.0
2025-11-19 00:00:00-05:00,2.2699999809265137,2.359999895095825,2.1619999408721924,2.2899999618530273,27400,0.0,0.0
2025-11-20 00:00:00-05:00,2.2899999618530273,2.3499999046325684,2.109999895095825,2.1500000953674316,25400,0.0,0.0
2025-11-21 00:00:00-05:00,2.190000057220459,2.450000047683716,2.190000057220459,2.359999895095825,68700,0.0,0.0
2025-11-24 00:00:00-05:00,2.4700000286102295,2.7699999809265137,2.4100000858306885,2.609999895095825,301400,0.0,0.0
2025-11-25 00:00:00-05:00,2.6500000953674316,2.759999990463257,2.4600000381469727,2.5,138200,0.0,0.0
2025-11-26 00:00:00-05:00,2.5,2.619999885559082,2.430000066757202,2.4700000286102295,61200,0.0,0.0
2025-11-28 00:00:00-05:00,2.450000047683716,2.690000057220459,2.4000000953674316,2.4700000286102295,11400,0.0,0.0
2025-12-01 00:00:00-05:00,2.5,2.505000114440918,2.200000047683716,2.2200000286102295,169500,0.0,0.0
2025-12-02 00:00:00-05:00,2.2899999618530273,2.299999952316284,1.909999966621399,2.1600000858306885,110800,0.0,0.0
2025-12-03 00:00:00-05:00,2.140000104904175,2.253000020980835,2.059999942779541,2.1700000762939453,34100,0.0,0.0
2025-12-04 00:00:00-05:00,2.1600000858306885,2.3949999809265137,2.1600000858306885,2.2100000381469727,26000,0.0,0.0
2025-12-05 00:00:00-05:00,2.2300000190734863,2.259999990463257,2.1500000953674316,2.1600000858306885,40000,0.0,0.0
2025-12-08 00:00:00-05:00,2.190000057220459,2.255000114440918,2.1500000953674316,2.240000009536743,14500,0.0,0.0
2025-12-09 00:00:00-05:00,2.200000047683716,2.25,2.140000104904175,2.240000009536743,21600,0.0,0.0
2025-12-10 00:00:00-05:00,2.200000047683716,2.390000104904175,2.1600000858306885,2.259999990463257,23400,0.0,0.0
2025-12-11 00:00:00-05:00,2.2300000190734863,2.3329999446868896,2.2300000190734863,2.2899999618530273,11200,0.0,0.0
2025-12-12 00:00:00-05:00,2.390000104904175,2.450000047683716,2.2799999713897705,2.390000104904175,25400,0.0,0.0
2025-12-15 00:00:00-05:00,2.390000104904175,2.4600000381469727,2.200000047683716,2.200000047683716,17200,0.0,0.0
2025-12-16 00:00:00-05:00,2.1700000762939453,2.240000009536743,2.069999933242798,2.1700000762939453,38000,0.0,0.0
2025-12-17 00:00:00-05:00,2.1500000953674316,2.184999942779541,2.1059999465942383,2.130000114440918,19700,0.0,0.0
2025-12-18 00:00:00-05:00,2.0869998931884766,2.25,2.0869998931884766,2.25,20400,0.0,0.0
2025-12-19 00:00:00-05:00,2.2300000190734863,2.3499999046325684,2.2039999961853027,2.2200000286102295,44800,0.0,0.0
2025-12-22 00:00:00-05:00,2.259999990463257,2.259999990463257,2.1700000762939453,2.2100000381469727,23500,0.0,0.0
2025-12-23 00:00:00-05:00,2.2200000286102295,2.2200000286102295,1.9839999675750732,2.0199999809265137,30400,0.0,0.0
2025-12-24 00:00:00-05:00,2.0199999809265137,2.0899999141693115,1.9700000286102295,2.069999933242798,26400,0.0,0.0
2025-12-26 00:00:00-05:00,2.069999933242798,2.0999999046325684,2.059999942779541,2.0999999046325684,7100,0.0,0.0
2025-12-29 00:00:00-05:00,2.059999942779541,2.0999999046325684,1.9800000190734863,2.0899999141693115,46600,0.0,0.0
2025-12-30 00:00:00-05:00,2.059999942779541,2.2100000381469727,2.059999942779541,2.119999885559082,45900,0.0,0.0
2025-12-31 00:00:00-05:00,2.1600000858306885,2.630000114440918,2.1600000858306885,2.4700000286102295,149700,0.0,0.0
2026-01-02 00:00:00-05:00,2.4800000190734863,2.559999942779541,2.299999952316284,2.3499999046325684,55300,0.0,0.0
2026-01-05 00:00:00-05:00,2.4000000953674316,2.4600000381469727,2.3499999046325684,2.4200000762939453,33400,0.0,0.0
2026-01-06 00:00:00-05:00,2.4700000286102295,2.559999942779541,2.319999933242798,2.5399999618530273,60100,0.0,0.0
2026-01-07 00:00:00-05:00,2.5399999618530273,2.5899999141693115,2.3399999141693115,2.5899999141693115,46000,0.0,0.0
2026-01-08 00:00:00-05:00,2.5399999618530273,2.7100000381469727,2.319999933242798,2.700000047683716,101600,0.0,0.0
2026-01-09 00:00:00-05:00,2.6600000858306885,2.7100000381469727,2.4709999561309814,2.619999885559082,42700,0.0,0.0
2026-01-12 00:00:00-05:00,2.6700000762939453,2.805000066757202,2.5,2.609999895095825,114000,0.0,0.0
2026-01-13 00:00:00-05:00,2.6500000953674316,2.678999900817871,2.369999885559082,2.5299999713897705,58500,0.0,0.0
2026-01-14 00:00:00-05:00,2.559999942779541,2.700000047683716,2.5199999809265137,2.6500000953674316,88200,0.0,0.0
2026-01-15 00:00:00-05:00,2.569999933242798,2.6700000762939453,2.4200000762939453,2.430000066757202,48200,0.0,0.0
2026-01-16 00:00:00-05:00,2.490000009536743,2.609999895095825,2.3010001182556152,2.5199999809265137,62200,0.0,0.0
2026-01-20 00:00:00-05:00,2.4200000762939453,2.6500000953674316,2.4100000858306885,2.4800000190734863,18600,0.0,0.0
2026-01-21 00:00:00-05:00,2.509999990463257,2.5299999713897705,2.4200000762939453,2.4200000762939453,28100,0.0,0.0
2026-01-22 00:00:00-05:00,2.4200000762939453,2.9600000381469727,2.4200000762939453,2.7799999713897705,154200,0.0,0.0
2026-01-23 00:00:00-05:00,2.7899999618530273,2.8399999141693115,2.640000104904175,2.7200000286102295,85400,0.0,0.0
2026-01-26 00:00:00-05:00,2.690000057220459,2.8499999046325684,2.5799999237060547,2.740000009536743,56600,0.0,0.0
2026-01-27 00:00:00-05:00,2.6500000953674316,2.688999891281128,2.489000082015991,2.609999895095825,50900,0.0,0.0
2026-01-28 00:00:00-05:00,2.5999999046325684,2.5999999046325684,2.440000057220459,2.450000047683716,58000,0.0,0.0
2026-01-29 00:00:00-05:00,2.450000047683716,2.4800000190734863,2.3299999237060547,2.450000047683716,569500,0.0,0.0
2026-01-30 00:00:00-05:00,2.5299999713897705,2.950000047683716,2.4700000286102295,2.890000104904175,364300,0.0,0.0
2026-02-02 00:00:00-05:00,2.9000000953674316,3.2100000381469727,2.5999999046325684,2.6600000858306885,584400,0.0,0.0
2026-02-03 00:00:00-05:00,2.809999942779541,3.0999999046325684,2.765000104904175,2.8299999237060547,198100,0.0,0.0
2026-02-04 00:00:00-05:00,2.9000000953674316,2.9000000953674316,2.569999933242798,2.700000047683716,248700,0.0,0.0
2026-02-05 00:00:00-05:00,2.7300000190734863,2.940000057220459,2.630000114440918,2.690000057220459,226200,0.0,0.0
2026-02-06 00:00:00-05:00,2.700000047683716,2.8499999046325684,2.630000114440918,2.8299999237060547,163000,0.0,0.0
2026-02-09 00:00:00-05:00,2.9600000381469727,3.190000057220459,2.880000114440918,3.0,161500,0.0,0.0
2026-02-10 00:00:00-05:00,3.25,3.3489999771118164,2.9600000381469727,3.140000104904175,482500,0.0,0.0
2026-02-11 00:00:00-05:00,3.190000057220459,3.25,2.940000057220459,3.0,427300,0.0,0.0
2026-02-12 00:00:00-05:00,2.890000104904175,3.0209999084472656,2.4000000953674316,2.680000066757202,954200,0.0,0.0
2026-02-13 00:00:00-05:00,2.680000066757202,3.069999933242798,2.5199999809265137,2.859999895095825,421100,0.0,0.0
2026-02-17 00:00:00-05:00,2.9700000286102295,2.9800000190734863,2.7200000286102295,2.8499999046325684,232100,0.0,0.0
2026-02-18 00:00:00-05:00,2.799999952316284,2.869999885559082,2.6500000953674316,2.680000066757202,146300,0.0,0.0
2026-02-19 00:00:00-05:00,2.700000047683716,2.700000047683716,2.5199999809265137,2.640000104904175,113600,0.0,0.0
2026-02-20 00:00:00-05:00,2.5299999713897705,2.630000114440918,2.4800000190734863,2.490000009536743,166100,0.0,0.0
2026-02-23 00:00:00-05:00,2.5,2.6500000953674316,2.369999885559082,2.369999885559082,112600,0.0,0.0
2026-02-24 00:00:00-05:00,2.369999885559082,2.630000114440918,2.299999952316284,2.5799999237060547,89600,0.0,0.0
2026-02-25 00:00:00-05:00,2.5399999618530273,2.6449999809265137,2.5199999809265137,2.630000114440918,30000,0.0,0.0
2026-02-26 00:00:00-05:00,2.5999999046325684,2.609999895095825,2.5,2.5399999618530273,46700,0.0,0.0
2026-02-27 00:00:00-05:00,2.4800000190734863,2.6600000858306885,2.4800000190734863,2.5999999046325684,70600,0.0,0.0
2026-03-02 00:00:00-05:00,2.490000009536743,2.5399999618530273,2.390000104904175,2.490000009536743,64100,0.0,0.0
2026-03-03 00:00:00-05:00,2.4000000953674316,2.490000009536743,2.25,2.4000000953674316,147600,0.0,0.0
2026-03-04 00:00:00-05:00,2.4100000858306885,2.505000114440918,2.359999895095825,2.369999885559082,44900,0.0,0.0
2026-03-05 00:00:00-05:00,2.4200000762939453,2.4200000762939453,2.309999942779541,2.309999942779541,37500,0.0,0.0
2026-03-06 00:00:00-05:00,2.2799999713897705,2.380000114440918,2.25,2.3299999237060547,37100,0.0,0.0
2026-03-09 00:00:00-04:00,2.2799999713897705,2.3399999141693115,2.0999999046325684,2.25,162800,0.0,0.0
2026-03-10 00:00:00-04:00,2.240000009536743,2.3450000286102295,2.240000009536743,2.299999952316284,40000,0.0,0.0
2026-03-11 00:00:00-04:00,2.2699999809265137,2.2939999103546143,2.1649999618530273,2.240000009536743,25300,0.0,0.0
2026-03-12 00:00:00-04:00,2.2699999809265137,2.369999885559082,2.200000047683716,2.2200000286102295,31000,0.0,0.0
2026-03-13 00:00:00-04:00,2.200000047683716,2.3299999237060547,2.200000047683716,2.2899999618530273,26100,0.0,0.0
2026-03-16 00:00:00-04:00,2.390000104904175,2.549999952316284,2.3499999046325684,2.4100000858306885,114000,0.0,0.0
2026-03-17 00:00:00-04:00,2.450000047683716,2.6510000228881836,2.3989999294281006,2.509999990463257,50400,0.0,0.0
2026-03-18 00:00:00-04:00,2.450000047683716,2.450000047683716,2.309999942779541,2.369999885559082,35500,0.0,0.0
2026-03-19 00:00:00-04:00,2.3299999237060547,2.4639999866485596,2.309999942779541,2.3299999237060547,17800,0.0,0.0
2026-03-20 00:00:00-04:00,2.380000114440918,2.569999933242798,2.3329999446868896,2.430000066757202,63700,0.0,0.0
2026-03-23 00:00:00-04:00,2.369999885559082,2.430000066757202,2.25,2.380000114440918,39300,0.0,0.0
2026-03-24 00:00:00-04:00,2.2799999713897705,2.450000047683716,2.2799999713897705,2.309999942779541,24000,0.0,0.0
2026-03-25 00:00:00-04:00,2.3299999237060547,2.4000000953674316,2.3299999237060547,2.3499999046325684,14100,0.0,0.0
2026-03-26 00:00:00-04:00,2.3499999046325684,2.390000104904175,2.240000009536743,2.240000009536743,19800,0.0,0.0
2026-03-27 00:00:00-04:00,2.319999933242798,2.319999933242798,2.119999885559082,2.180000066757202,42600,0.0,0.0
2026-03-30 00:00:00-04:00,2.140000104904175,2.2899999618530273,2.0,2.009999990463257,72600,0.0,0.0
2026-03-31 00:00:00-04:00,2.0399999618530273,2.125,2.0199999809265137,2.0399999618530273,49700,0.0,0.0
2026-04-01 00:00:00-04:00,2.0799999237060547,2.140000104904175,2.059999942779541,2.0799999237060547,17900,0.0,0.0
2026-04-02 00:00:00-04:00,2.0399999618530273,2.190000057220459,2.0399999618530273,2.1600000858306885,23400,0.0,0.0
2026-04-06 00:00:00-04:00,2.009999990463257,2.200000047683716,1.9980000257492065,2.140000104904175,52600,0.0,0.0
2026-04-07 00:00:00-04:00,2.1050000190734863,2.140000104904175,2.0799999237060547,2.0799999237060547,28200,0.0,0.0
2026-04-08 00:00:00-04:00,2.0799999237060547,2.2899999618530273,2.0799999237060547,2.2300000190734863,28300,0.0,0.0
2026-04-09 00:00:00-04:00,2.259999990463257,2.3299999237060547,2.2300000190734863,2.299999952316284,11600,0.0,0.0
2026-04-10 00:00:00-04:00,2.299999952316284,2.299999952316284,2.200000047683716,2.25,11300,0.0,0.0
2026-04-13 00:00:00-04:00,2.2300000190734863,2.25,2.130000114440918,2.2300000190734863,28500,0.0,0.0
2026-04-14 00:00:00-04:00,2.2200000286102295,2.268899917602539,2.140000104904175,2.180000066757202,50247,0.0,0.0
