Date,Open,High,Low,Close,Volume,Dividends,Stock Splits
2022-01-03 00:00:00-05:00,41.599998474121094,42.11000061035156,41.040000915527344,42.08000183105469,595400,0.0,0.0
2022-01-04 00:00:00-05:00,42.27000045776367,43.16999816894531,42.22999954223633,42.349998474121094,929300,0.0,0.0
2022-01-05 00:00:00-05:00,41.849998474121094,42.97999954223633,38.22999954223633,38.88999938964844,1621500,0.0,0.0
2022-01-06 00:00:00-05:00,39.939998626708984,40.70000076293945,38.79999923706055,38.97999954223633,954100,0.0,0.0
2022-01-07 00:00:00-05:00,38.84000015258789,39.845001220703125,38.79499816894531,39.310001373291016,640700,0.0,0.0
2022-01-10 00:00:00-05:00,39.150001525878906,39.150001525878906,37.25,37.66999816894531,996100,0.0,0.0
2022-01-11 00:00:00-05:00,37.83000183105469,39.099998474121094,36.97999954223633,39.040000915527344,561400,0.0,0.0
2022-01-12 00:00:00-05:00,39.040000915527344,39.06999969482422,38.17499923706055,38.52000045776367,898000,0.0,0.0
2022-01-13 00:00:00-05:00,38.400001525878906,39.25,38.400001525878906,38.5,468700,0.0,0.0
2022-01-14 00:00:00-05:00,38.13999938964844,39.2599983215332,38.11000061035156,39.150001525878906,572600,0.0,0.0
2022-01-18 00:00:00-05:00,38.72999954223633,38.72999954223633,36.779998779296875,36.900001525878906,691000,0.0,0.0
2022-01-19 00:00:00-05:00,37.02000045776367,37.45000076293945,36.58000183105469,36.66999816894531,546800,0.0,0.0
2022-01-20 00:00:00-05:00,37.040000915527344,37.61000061035156,36.400001525878906,36.45000076293945,429800,0.0,0.0
2022-01-21 00:00:00-05:00,36.25,37.125,35.40999984741211,35.43000030517578,627500,0.0,0.0
2022-01-24 00:00:00-05:00,34.970001220703125,36.08000183105469,34.290000915527344,35.939998626708984,698600,0.0,0.0
2022-01-25 00:00:00-05:00,35.439998626708984,35.459999084472656,34.0,34.5,659900,0.0,0.0
2022-01-26 00:00:00-05:00,34.900001525878906,35.779998779296875,33.22999954223633,33.810001373291016,617700,0.0,0.0
2022-01-27 00:00:00-05:00,34.66999816894531,35.029998779296875,33.75,33.869998931884766,753200,0.0,0.0
2022-01-28 00:00:00-05:00,33.7400016784668,34.36000061035156,32.935001373291016,34.33000183105469,540100,0.0,0.0
2022-01-31 00:00:00-05:00,34.470001220703125,35.310001373291016,34.15999984741211,35.22999954223633,449200,0.0,0.0
2022-02-01 00:00:00-05:00,35.38999938964844,36.06999969482422,34.52000045776367,35.939998626708984,426400,0.0,0.0
2022-02-02 00:00:00-05:00,35.9900016784668,36.3650016784668,35.68000030517578,35.90999984741211,529300,0.0,0.0
2022-02-03 00:00:00-05:00,35.5099983215332,35.93000030517578,35.29999923706055,35.38999938964844,320100,0.0,0.0
2022-02-04 00:00:00-05:00,35.290000915527344,35.880001068115234,34.619998931884766,35.540000915527344,332600,0.0,0.0
2022-02-07 00:00:00-05:00,35.290000915527344,36.11000061035156,34.5099983215332,35.63999938964844,317000,0.0,0.0
2022-02-08 00:00:00-05:00,35.63999938964844,36.40999984741211,35.27000045776367,35.869998931884766,407100,0.0,0.0
2022-02-09 00:00:00-05:00,36.290000915527344,36.400001525878906,35.849998474121094,36.099998474121094,436700,0.0,0.0
2022-02-10 00:00:00-05:00,35.59000015258789,36.560001373291016,35.41999816894531,36.130001068115234,716100,0.0,0.0
2022-02-11 00:00:00-05:00,36.29999923706055,36.439998626708984,35.619998931884766,36.189998626708984,418800,0.0,0.0
2022-02-14 00:00:00-05:00,36.34000015258789,37.45000076293945,36.20000076293945,37.25,596800,0.0,0.0
2022-02-15 00:00:00-05:00,37.63999938964844,38.81999969482422,37.61000061035156,38.79999923706055,547100,0.0,0.0
2022-02-16 00:00:00-05:00,38.790000915527344,39.74800109863281,38.404998779296875,39.61000061035156,561800,0.0,0.0
2022-02-17 00:00:00-05:00,39.31999969482422,39.619998931884766,38.58000183105469,38.75,363000,0.0,0.0
2022-02-18 00:00:00-05:00,38.41999816894531,38.619998931884766,37.34000015258789,37.97999954223633,498000,0.0,0.0
2022-02-22 00:00:00-05:00,37.720001220703125,38.18000030517578,37.0099983215332,37.869998931884766,323900,0.0,0.0
2022-02-23 00:00:00-05:00,38.04999923706055,38.4900016784668,37.709999084472656,37.810001373291016,351300,0.0,0.0
2022-02-24 00:00:00-05:00,36.959999084472656,37.68000030517578,36.22999954223633,37.58000183105469,635900,0.0,0.0
2022-02-25 00:00:00-05:00,37.83000183105469,39.03499984741211,37.43000030517578,38.9900016784668,650100,0.0,0.0
2022-02-28 00:00:00-05:00,38.40999984741211,39.95000076293945,38.40999984741211,39.630001068115234,530500,0.0,0.0
2022-03-01 00:00:00-05:00,39.7400016784668,40.47999954223633,39.2400016784668,39.619998931884766,653100,0.0,0.0
2022-03-02 00:00:00-05:00,40.09000015258789,40.380001068115234,39.220001220703125,39.45000076293945,449300,0.0,0.0
2022-03-03 00:00:00-05:00,39.869998931884766,40.5880012512207,38.7599983215332,39.310001373291016,471900,0.0,0.0
2022-03-04 00:00:00-05:00,38.83000183105469,39.900001525878906,38.619998931884766,38.880001068115234,693400,0.0,0.0
2022-03-07 00:00:00-05:00,38.75,39.03499984741211,36.18000030517578,36.90999984741211,1172500,0.0,0.0
2022-03-08 00:00:00-05:00,37.0,37.70000076293945,35.540000915527344,36.79999923706055,877600,0.0,0.0
2022-03-09 00:00:00-05:00,37.68000030517578,38.8650016784668,36.58000183105469,38.04999923706055,912200,0.0,0.0
2022-03-10 00:00:00-05:00,37.439998626708984,38.834999084472656,36.91999816894531,37.20000076293945,413800,0.0,0.0
2022-03-11 00:00:00-05:00,37.77000045776367,37.77000045776367,35.93000030517578,36.72999954223633,520200,0.0,0.0
2022-03-14 00:00:00-04:00,36.84000015258789,36.84000015258789,34.939998626708984,35.02000045776367,565700,0.0,0.0
2022-03-15 00:00:00-04:00,35.099998474121094,36.20000076293945,34.529998779296875,36.119998931884766,616900,0.0,0.0
2022-03-16 00:00:00-04:00,36.63999938964844,36.84000015258789,35.15999984741211,35.97999954223633,531200,0.0,0.0
2022-03-17 00:00:00-04:00,35.81999969482422,36.494998931884766,35.560001373291016,36.18000030517578,482300,0.0,0.0
2022-03-18 00:00:00-04:00,36.25,37.349998474121094,36.02000045776367,37.2599983215332,779300,0.0,0.0
2022-03-21 00:00:00-04:00,37.310001373291016,37.75,36.90999984741211,37.02000045776367,409600,0.0,0.0
2022-03-22 00:00:00-04:00,37.209999084472656,37.689998626708984,36.54999923706055,36.97999954223633,637600,0.0,0.0
2022-03-23 00:00:00-04:00,37.060001373291016,37.38999938964844,36.2400016784668,36.2599983215332,340300,0.0,0.0
2022-03-24 00:00:00-04:00,36.5099983215332,37.56999969482422,35.99700164794922,36.779998779296875,324100,0.0,0.0
2022-03-25 00:00:00-04:00,36.869998931884766,37.02000045776367,36.42499923706055,36.68000030517578,331000,0.0,0.0
2022-03-28 00:00:00-04:00,36.66999816894531,37.29899978637695,36.470001220703125,37.25,332700,0.0,0.0
2022-03-29 00:00:00-04:00,37.560001373291016,38.72999954223633,37.540000915527344,38.52000045776367,465800,0.0,0.0
2022-03-30 00:00:00-04:00,38.58000183105469,38.70000076293945,38.08000183105469,38.29999923706055,319700,0.0,0.0
2022-03-31 00:00:00-04:00,38.689998626708984,39.11000061035156,37.900001525878906,37.95000076293945,549500,0.0,0.0
2022-04-01 00:00:00-04:00,38.029998779296875,39.290000915527344,38.02000045776367,39.040000915527344,568700,0.0,0.0
2022-04-04 00:00:00-04:00,39.84000015258789,40.790000915527344,39.5,39.83000183105469,815000,0.0,0.0
2022-04-05 00:00:00-04:00,39.599998474121094,40.189998626708984,38.16999816894531,38.400001525878906,858200,0.0,0.0
2022-04-06 00:00:00-04:00,38.11000061035156,40.63999938964844,37.61000061035156,40.209999084472656,1453600,0.0,0.0
2022-04-07 00:00:00-04:00,40.75,42.43000030517578,40.2599983215332,42.290000915527344,1475900,0.0,0.0
2022-04-08 00:00:00-04:00,42.93000030517578,43.5,41.689998626708984,41.77000045776367,919100,0.0,0.0
2022-04-11 00:00:00-04:00,41.72999954223633,42.11000061035156,40.790000915527344,40.81999969482422,761400,0.0,0.0
2022-04-12 00:00:00-04:00,41.220001220703125,42.04999923706055,40.70000076293945,41.400001525878906,708200,0.0,0.0
2022-04-13 00:00:00-04:00,41.290000915527344,42.38999938964844,41.165000915527344,42.09000015258789,607200,0.0,0.0
2022-04-14 00:00:00-04:00,42.790000915527344,43.845001220703125,42.150001525878906,43.470001220703125,1162300,0.0,0.0
2022-04-18 00:00:00-04:00,43.36000061035156,43.5,42.599998474121094,43.13999938964844,811100,0.0,0.0
2022-04-19 00:00:00-04:00,43.33000183105469,45.13999938964844,43.22999954223633,44.56999969482422,1464000,0.0,0.0
2022-04-20 00:00:00-04:00,44.75,45.77000045776367,44.13999938964844,44.31999969482422,732300,0.0,0.0
2022-04-21 00:00:00-04:00,44.15999984741211,44.77000045776367,43.04999923706055,43.189998626708984,742500,0.0,0.0
2022-04-22 00:00:00-04:00,42.91999816894531,43.290000915527344,42.0099983215332,42.25,923600,0.0,0.0
2022-04-25 00:00:00-04:00,42.15999984741211,43.150001525878906,41.36000061035156,43.150001525878906,659500,0.0,0.0
2022-04-26 00:00:00-04:00,42.72999954223633,43.13999938964844,41.5099983215332,41.5099983215332,551900,0.0,0.0
2022-04-27 00:00:00-04:00,41.529998779296875,41.91999816894531,41.1150016784668,41.36000061035156,544400,0.0,0.0
2022-04-28 00:00:00-04:00,41.7400016784668,42.439998626708984,41.09000015258789,42.13999938964844,322100,0.0,0.0
2022-04-29 00:00:00-04:00,41.34000015258789,42.66999816894531,41.34000015258789,41.650001525878906,503200,0.0,0.0
2022-05-02 00:00:00-04:00,41.77000045776367,42.03499984741211,39.939998626708984,40.29999923706055,919200,0.0,0.0
2022-05-03 00:00:00-04:00,40.45000076293945,40.77000045776367,39.529998779296875,40.04999923706055,674400,0.0,0.0
2022-05-04 00:00:00-04:00,40.029998779296875,40.54999923706055,39.22999954223633,40.25,647100,0.0,0.0
2022-05-05 00:00:00-04:00,39.97999954223633,40.505001068115234,38.04999923706055,38.31999969482422,515100,0.0,0.0
2022-05-06 00:00:00-04:00,38.33000183105469,39.34000015258789,37.65999984741211,38.31999969482422,954300,0.0,0.0
2022-05-09 00:00:00-04:00,37.900001525878906,38.22999954223633,36.869998931884766,37.040000915527344,831500,0.0,0.0
2022-05-10 00:00:00-04:00,37.5,38.2400016784668,36.08000183105469,36.61000061035156,1052300,0.0,0.0
2022-05-11 00:00:00-04:00,36.869998931884766,37.56999969482422,36.119998931884766,36.25,818400,0.0,0.0
2022-05-12 00:00:00-04:00,35.93000030517578,36.88999938964844,34.987998962402344,36.619998931884766,583500,0.0,0.0
2022-05-13 00:00:00-04:00,37.15999984741211,39.400001525878906,37.02000045776367,39.220001220703125,523100,0.0,0.0
2022-05-16 00:00:00-04:00,38.97999954223633,40.04999923706055,38.650001525878906,38.880001068115234,893900,0.0,0.0
2022-05-17 00:00:00-04:00,39.79999923706055,41.040000915527344,39.20000076293945,40.130001068115234,885100,0.0,0.0
2022-05-18 00:00:00-04:00,39.66999816894531,39.869998931884766,36.9739990234375,37.540000915527344,892300,0.0,0.0
2022-05-19 00:00:00-04:00,37.90999984741211,38.52000045776367,36.96799850463867,37.5099983215332,795500,0.0,0.0
2022-05-20 00:00:00-04:00,37.810001373291016,38.18000030517578,36.76499938964844,37.650001525878906,440000,0.0,0.0
2022-05-23 00:00:00-04:00,38.09000015258789,38.499000549316406,37.59000015258789,38.400001525878906,379100,0.0,0.0
2022-05-24 00:00:00-04:00,38.06999969482422,38.5,37.11000061035156,37.90999984741211,275300,0.0,0.0
2022-05-25 00:00:00-04:00,37.970001220703125,39.154998779296875,37.5099983215332,39.060001373291016,358600,0.0,0.0
2022-05-26 00:00:00-04:00,39.279998779296875,39.95500183105469,38.525001525878906,39.7400016784668,461500,0.0,0.0
2022-05-27 00:00:00-04:00,40.0,41.02000045776367,40.0,41.0099983215332,314300,0.0,0.0
2022-05-31 00:00:00-04:00,41.04999923706055,41.540000915527344,39.779998779296875,39.959999084472656,591000,0.0,0.0
2022-06-01 00:00:00-04:00,40.15999984741211,40.720001220703125,39.18000030517578,39.470001220703125,414200,0.0,0.0
2022-06-02 00:00:00-04:00,39.619998931884766,39.900001525878906,38.849998474121094,39.849998474121094,570800,0.0,0.0
2022-06-03 00:00:00-04:00,39.369998931884766,39.709999084472656,38.5,38.79999923706055,307600,0.0,0.0
2022-06-06 00:00:00-04:00,39.40999984741211,39.41999816894531,38.65999984741211,38.84000015258789,384300,0.0,0.0
2022-06-07 00:00:00-04:00,38.20000076293945,39.220001220703125,37.81999969482422,39.09000015258789,335600,0.0,0.0
2022-06-08 00:00:00-04:00,38.959999084472656,39.5,38.43000030517578,38.5,267200,0.0,0.0
2022-06-09 00:00:00-04:00,38.5099983215332,38.869998931884766,37.869998931884766,37.970001220703125,251800,0.0,0.0
2022-06-10 00:00:00-04:00,37.290000915527344,38.900001525878906,37.0,38.56999969482422,456100,0.0,0.0
2022-06-13 00:00:00-04:00,37.869998931884766,38.84000015258789,36.959999084472656,37.130001068115234,566600,0.0,0.0
2022-06-14 00:00:00-04:00,36.970001220703125,37.22999954223633,36.220001220703125,37.130001068115234,537900,0.0,0.0
2022-06-15 00:00:00-04:00,37.689998626708984,38.23500061035156,36.9379997253418,37.54999923706055,410800,0.0,0.0
2022-06-16 00:00:00-04:00,36.86000061035156,39.5,35.0,36.400001525878906,586100,0.0,0.0
2022-06-17 00:00:00-04:00,36.709999084472656,37.25,36.415000915527344,37.02000045776367,1557600,0.0,0.0
2022-06-21 00:00:00-04:00,37.33000183105469,38.06999969482422,37.249000549316406,37.310001373291016,527600,0.0,0.0
2022-06-22 00:00:00-04:00,36.77000045776367,37.3849983215332,36.52000045776367,36.849998474121094,512100,0.0,0.0
2022-06-23 00:00:00-04:00,37.38999938964844,38.4900016784668,36.7400016784668,38.47999954223633,899800,0.0,0.0
2022-06-24 00:00:00-04:00,38.72999954223633,39.220001220703125,38.279998779296875,38.79999923706055,2551300,0.0,0.0
2022-06-27 00:00:00-04:00,39.970001220703125,41.56999969482422,39.54999923706055,41.54999923706055,967300,0.0,0.0
2022-06-28 00:00:00-04:00,41.380001068115234,41.90999984741211,40.36000061035156,40.38999938964844,672800,0.0,0.0
2022-06-29 00:00:00-04:00,40.41999816894531,41.47999954223633,40.27000045776367,41.20000076293945,790400,0.0,0.0
2022-06-30 00:00:00-04:00,39.5,40.47999954223633,36.9900016784668,37.77000045776367,1934300,0.0,0.0
2022-07-01 00:00:00-04:00,37.41999816894531,39.029998779296875,37.04999923706055,38.81999969482422,929700,0.0,0.0
2022-07-05 00:00:00-04:00,38.2400016784668,38.599998474121094,37.22999954223633,37.54999923706055,828700,0.0,0.0
2022-07-06 00:00:00-04:00,37.52000045776367,38.20000076293945,37.07099914550781,37.77000045776367,437000,0.0,0.0
2022-07-07 00:00:00-04:00,37.560001373291016,38.4379997253418,37.560001373291016,38.150001525878906,463300,0.0,0.0
2022-07-08 00:00:00-04:00,37.939998626708984,38.2599983215332,36.880001068115234,37.029998779296875,559800,0.0,0.0
2022-07-11 00:00:00-04:00,36.849998474121094,37.11000061035156,36.380001068115234,36.56999969482422,337300,0.0,0.0
2022-07-12 00:00:00-04:00,36.279998779296875,36.709999084472656,35.68199920654297,35.90999984741211,680700,0.0,0.0
2022-07-13 00:00:00-04:00,35.779998779296875,36.02000045776367,35.17399978637695,35.5,396600,0.0,0.0
2022-07-14 00:00:00-04:00,35.209999084472656,35.35499954223633,34.599998474121094,35.06999969482422,442600,0.0,0.0
2022-07-15 00:00:00-04:00,35.560001373291016,35.790000915527344,34.84000015258789,35.40999984741211,462900,0.0,0.0
2022-07-18 00:00:00-04:00,35.4900016784668,36.27000045776367,35.20000076293945,35.43000030517578,375700,0.0,0.0
2022-07-19 00:00:00-04:00,35.83000183105469,36.17499923706055,34.209999084472656,34.25,1211800,0.0,0.0
2022-07-20 00:00:00-04:00,34.369998931884766,35.0099983215332,33.91999816894531,34.290000915527344,1052800,0.0,0.0
2022-07-21 00:00:00-04:00,34.08000183105469,35.16999816894531,33.5099983215332,34.33000183105469,966400,0.0,0.0
2022-07-22 00:00:00-04:00,34.2599983215332,34.95000076293945,33.560001373291016,33.880001068115234,950500,0.0,0.0
2022-07-25 00:00:00-04:00,33.880001068115234,34.61000061035156,33.380001068115234,34.349998474121094,610500,0.0,0.0
2022-07-26 00:00:00-04:00,34.0099983215332,34.04999923706055,32.380001068115234,32.470001220703125,777000,0.0,0.0
2022-07-27 00:00:00-04:00,32.66999816894531,33.400001525878906,32.1150016784668,33.29999923706055,1122100,0.0,0.0
2022-07-28 00:00:00-04:00,33.2599983215332,33.54600143432617,32.060001373291016,32.5,1040500,0.0,0.0
2022-07-29 00:00:00-04:00,32.4900016784668,32.619998931884766,31.770000457763672,32.619998931884766,1026700,0.0,0.0
2022-08-01 00:00:00-04:00,32.81999969482422,33.81999969482422,32.779998779296875,32.849998474121094,704500,0.0,0.0
2022-08-02 00:00:00-04:00,32.630001068115234,33.17399978637695,32.349998474121094,32.779998779296875,665500,0.0,0.0
2022-08-03 00:00:00-04:00,32.779998779296875,33.66999816894531,32.75,33.59000015258789,756200,0.0,0.0
2022-08-04 00:00:00-04:00,33.70000076293945,34.084999084472656,33.29999923706055,33.59000015258789,516800,0.0,0.0
2022-08-05 00:00:00-04:00,32.90999984741211,33.81999969482422,32.750999450683594,33.7400016784668,335100,0.0,0.0
2022-08-08 00:00:00-04:00,33.689998626708984,34.1150016784668,33.34000015258789,33.400001525878906,525900,0.0,0.0
2022-08-09 00:00:00-04:00,33.2599983215332,33.44499969482422,32.79999923706055,33.16999816894531,641300,0.0,0.0
2022-08-10 00:00:00-04:00,33.790000915527344,33.939998626708984,33.439998626708984,33.540000915527344,492400,0.0,0.0
2022-08-11 00:00:00-04:00,33.83000183105469,34.34000015258789,33.56999969482422,33.66999816894531,421800,0.0,0.0
2022-08-12 00:00:00-04:00,33.83000183105469,34.46500015258789,33.400001525878906,34.16999816894531,451300,0.0,0.0
2022-08-15 00:00:00-04:00,34.04999923706055,34.279998779296875,33.70000076293945,33.810001373291016,561300,0.0,0.0
2022-08-16 00:00:00-04:00,33.619998931884766,33.720001220703125,33.27000045776367,33.59000015258789,915700,0.0,0.0
2022-08-17 00:00:00-04:00,33.25,33.439998626708984,32.95000076293945,33.20000076293945,504700,0.0,0.0
2022-08-18 00:00:00-04:00,33.099998474121094,33.52000045776367,32.9900016784668,33.5,454400,0.0,0.0
2022-08-19 00:00:00-04:00,33.369998931884766,33.369998931884766,32.689998626708984,32.81999969482422,499900,0.0,0.0
2022-08-22 00:00:00-04:00,32.540000915527344,32.619998931884766,31.65999984741211,32.029998779296875,576400,0.0,0.0
2022-08-23 00:00:00-04:00,32.11000061035156,32.40999984741211,31.809999465942383,32.33000183105469,1179300,0.0,0.0
2022-08-24 00:00:00-04:00,32.47999954223633,32.689998626708984,32.15999984741211,32.38999938964844,497000,0.0,0.0
2022-08-25 00:00:00-04:00,32.52000045776367,33.040000915527344,32.244998931884766,32.810001373291016,495300,0.0,0.0
2022-08-26 00:00:00-04:00,32.81999969482422,32.81999969482422,31.3700008392334,31.510000228881836,578000,0.0,0.0
2022-08-29 00:00:00-04:00,31.09000015258789,31.53499984741211,30.68000030517578,31.139999389648438,554200,0.0,0.0
2022-08-30 00:00:00-04:00,31.209999084472656,31.360000610351562,30.6299991607666,30.90999984741211,781300,0.0,0.0
2022-08-31 00:00:00-04:00,31.09000015258789,31.100000381469727,30.329999923706055,30.549999237060547,620700,0.0,0.0
2022-09-01 00:00:00-04:00,30.25,30.5,29.700000762939453,30.34000015258789,613800,0.0,0.0
2022-09-02 00:00:00-04:00,30.6200008392334,30.6200008392334,29.510000228881836,29.65999984741211,556400,0.0,0.0
2022-09-06 00:00:00-04:00,29.959999084472656,30.075000762939453,29.3700008392334,29.56999969482422,643200,0.0,0.0
2022-09-07 00:00:00-04:00,29.5,29.815000534057617,29.299999237060547,29.670000076293945,724500,0.0,0.0
2022-09-08 00:00:00-04:00,29.479999542236328,29.84000015258789,29.225000381469727,29.559999465942383,469000,0.0,0.0
2022-09-09 00:00:00-04:00,29.65999984741211,30.5,29.65999984741211,30.440000534057617,429200,0.0,0.0
2022-09-12 00:00:00-04:00,30.579999923706055,30.8799991607666,30.415000915527344,30.860000610351562,402100,0.0,0.0
2022-09-13 00:00:00-04:00,30.190000534057617,30.915000915527344,29.969999313354492,30.579999923706055,635600,0.0,0.0
2022-09-14 00:00:00-04:00,30.56999969482422,30.56999969482422,29.649999618530273,30.309999465942383,537700,0.0,0.0
2022-09-15 00:00:00-04:00,30.170000076293945,30.270000457763672,29.649999618530273,29.690000534057617,640800,0.0,0.0
2022-09-16 00:00:00-04:00,29.639999389648438,29.989999771118164,29.209999084472656,29.399999618530273,2329400,0.0,0.0
2022-09-19 00:00:00-04:00,29.399999618530273,30.5,29.395000457763672,30.270000457763672,703700,0.0,0.0
2022-09-20 00:00:00-04:00,30.049999237060547,30.690000534057617,29.719999313354492,30.600000381469727,714800,0.0,0.0
2022-09-21 00:00:00-04:00,30.799999237060547,31.8799991607666,30.69499969482422,31.020000457763672,614300,0.0,0.0
2022-09-22 00:00:00-04:00,30.950000762939453,31.06999969482422,30.334999084472656,30.510000228881836,463300,0.0,0.0
2022-09-23 00:00:00-04:00,30.049999237060547,30.489999771118164,29.809999465942383,30.200000762939453,478900,0.0,0.0
2022-09-26 00:00:00-04:00,30.059999465942383,30.559999465942383,29.899999618530273,30.0,445600,0.0,0.0
2022-09-27 00:00:00-04:00,30.09000015258789,31.399999618530273,30.09000015258789,31.079999923706055,1038000,0.0,0.0
2022-09-28 00:00:00-04:00,31.079999923706055,32.08000183105469,30.844999313354492,31.989999771118164,900600,0.0,0.0
2022-09-29 00:00:00-04:00,31.639999389648438,32.279998779296875,31.540000915527344,32.11000061035156,730100,0.0,0.0
2022-09-30 00:00:00-04:00,32.099998474121094,32.65999984741211,31.950000762939453,31.989999771118164,1254800,0.0,0.0
2022-10-03 00:00:00-04:00,32.099998474121094,32.939998626708984,32.060001373291016,32.4900016784668,939800,0.0,0.0
2022-10-04 00:00:00-04:00,32.66999816894531,34.19499969482422,32.66999816894531,33.560001373291016,1090100,0.0,0.0
2022-10-05 00:00:00-04:00,33.40999984741211,33.744998931884766,32.9900016784668,33.540000915527344,698100,0.0,0.0
2022-10-06 00:00:00-04:00,33.349998474121094,33.630001068115234,32.689998626708984,32.959999084472656,495100,0.0,0.0
2022-10-07 00:00:00-04:00,32.72999954223633,32.869998931884766,32.38999938964844,32.630001068115234,507700,0.0,0.0
2022-10-10 00:00:00-04:00,32.88999938964844,33.220001220703125,32.21500015258789,33.08000183105469,473200,0.0,0.0
2022-10-11 00:00:00-04:00,32.900001525878906,33.52000045776367,32.900001525878906,33.310001373291016,563400,0.0,0.0
2022-10-12 00:00:00-04:00,33.45000076293945,33.56999969482422,33.20000076293945,33.380001068115234,499400,0.0,0.0
2022-10-13 00:00:00-04:00,32.95000076293945,34.470001220703125,32.51499938964844,34.279998779296875,643100,0.0,0.0
2022-10-14 00:00:00-04:00,34.290000915527344,34.43000030517578,32.150001525878906,32.16999816894531,628400,0.0,0.0
2022-10-17 00:00:00-04:00,32.66999816894531,33.380001068115234,32.45800018310547,33.349998474121094,466200,0.0,0.0
2022-10-18 00:00:00-04:00,33.900001525878906,34.13999938964844,33.08000183105469,33.75,865500,0.0,0.0
2022-10-19 00:00:00-04:00,33.58000183105469,33.72999954223633,32.310001373291016,32.84000015258789,476300,0.0,0.0
2022-10-20 00:00:00-04:00,32.970001220703125,33.2400016784668,32.060001373291016,32.380001068115234,1091100,0.0,0.0
2022-10-21 00:00:00-04:00,33.720001220703125,36.189998626708984,33.5,35.630001068115234,1403800,0.0,0.0
2022-10-24 00:00:00-04:00,36.45000076293945,37.83000183105469,36.08000183105469,37.83000183105469,1227100,0.0,0.0
2022-10-25 00:00:00-04:00,37.83000183105469,38.470001220703125,37.68000030517578,37.79999923706055,693500,0.0,0.0
2022-10-26 00:00:00-04:00,38.099998474121094,39.33000183105469,37.47999954223633,37.47999954223633,813900,0.0,0.0
2022-10-27 00:00:00-04:00,37.540000915527344,38.58000183105469,36.63999938964844,36.68000030517578,632000,0.0,0.0
2022-10-28 00:00:00-04:00,36.7400016784668,37.4900016784668,36.58000183105469,37.08000183105469,604900,0.0,0.0
2022-10-31 00:00:00-04:00,37.02000045776367,38.439998626708984,36.93000030517578,38.29999923706055,574300,0.0,0.0
2022-11-01 00:00:00-04:00,38.560001373291016,38.560001373291016,37.560001373291016,37.66999816894531,733500,0.0,0.0
2022-11-02 00:00:00-04:00,37.58000183105469,37.915000915527344,36.290000915527344,36.47999954223633,525600,0.0,0.0
2022-11-03 00:00:00-04:00,36.290000915527344,37.040000915527344,35.77000045776367,36.77000045776367,546500,0.0,0.0
2022-11-04 00:00:00-04:00,37.5,37.91999816894531,36.63999938964844,37.83000183105469,586600,0.0,0.0
2022-11-07 00:00:00-05:00,37.880001068115234,38.880001068115234,37.30500030517578,38.689998626708984,721200,0.0,0.0
2022-11-08 00:00:00-05:00,38.75,39.029998779296875,38.11000061035156,38.61000061035156,775300,0.0,0.0
2022-11-09 00:00:00-05:00,38.380001068115234,38.75,37.04999923706055,37.810001373291016,600300,0.0,0.0
2022-11-10 00:00:00-05:00,39.099998474121094,39.20000076293945,37.709999084472656,38.5,591600,0.0,0.0
2022-11-11 00:00:00-05:00,38.38999938964844,38.630001068115234,37.369998931884766,37.4900016784668,635800,0.0,0.0
2022-11-14 00:00:00-05:00,37.45000076293945,38.16999816894531,36.689998626708984,37.400001525878906,642700,0.0,0.0
2022-11-15 00:00:00-05:00,37.900001525878906,39.23500061035156,37.4900016784668,38.310001373291016,659500,0.0,0.0
2022-11-16 00:00:00-05:00,38.099998474121094,38.41999816894531,37.790000915527344,38.08000183105469,384900,0.0,0.0
2022-11-17 00:00:00-05:00,37.72999954223633,38.540000915527344,37.415000915527344,38.5099983215332,294800,0.0,0.0
2022-11-18 00:00:00-05:00,39.209999084472656,39.45000076293945,37.939998626708984,38.150001525878906,415800,0.0,0.0
2022-11-21 00:00:00-05:00,38.0,38.61000061035156,37.68000030517578,38.279998779296875,326300,0.0,0.0
2022-11-22 00:00:00-05:00,38.59000015258789,38.779998779296875,37.89500045776367,38.380001068115234,325700,0.0,0.0
2022-11-23 00:00:00-05:00,38.40999984741211,38.81999969482422,38.255001068115234,38.68000030517578,337900,0.0,0.0
2022-11-25 00:00:00-05:00,38.56999969482422,38.959999084472656,38.56999969482422,38.61000061035156,209900,0.0,0.0
2022-11-28 00:00:00-05:00,38.43000030517578,38.720001220703125,38.04999923706055,38.33000183105469,390800,0.0,0.0
2022-11-29 00:00:00-05:00,38.2400016784668,38.630001068115234,37.66999816894531,38.029998779296875,577000,0.0,0.0
2022-11-30 00:00:00-05:00,38.13999938964844,39.90999984741211,37.84000015258789,39.900001525878906,586600,0.0,0.0
2022-12-01 00:00:00-05:00,39.81999969482422,40.130001068115234,39.02000045776367,39.41999816894531,395500,0.0,0.0
2022-12-02 00:00:00-05:00,39.22999954223633,40.154998779296875,38.845001220703125,40.04999923706055,353400,0.0,0.0
2022-12-05 00:00:00-05:00,39.75,39.75,38.459999084472656,38.70000076293945,330500,0.0,0.0
2022-12-06 00:00:00-05:00,38.970001220703125,39.119998931884766,38.33000183105469,38.470001220703125,485800,0.0,0.0
2022-12-07 00:00:00-05:00,38.459999084472656,39.119998931884766,38.04499816894531,38.16999816894531,391900,0.0,0.0
2022-12-08 00:00:00-05:00,38.43000030517578,39.005001068115234,37.97999954223633,38.5,377600,0.0,0.0
2022-12-09 00:00:00-05:00,38.52000045776367,38.52000045776367,37.775001525878906,37.810001373291016,384000,0.0,0.0
2022-12-12 00:00:00-05:00,37.90999984741211,38.36000061035156,37.630001068115234,37.689998626708984,384400,0.0,0.0
2022-12-13 00:00:00-05:00,38.560001373291016,38.81999969482422,37.0,37.790000915527344,505600,0.0,0.0
2022-12-14 00:00:00-05:00,38.41999816894531,38.439998626708984,37.470001220703125,38.0,628300,0.0,0.0
2022-12-15 00:00:00-05:00,37.5099983215332,38.029998779296875,36.7400016784668,37.279998779296875,645600,0.0,0.0
2022-12-16 00:00:00-05:00,36.77000045776367,38.06999969482422,36.470001220703125,37.529998779296875,1450700,0.0,0.0
2022-12-19 00:00:00-05:00,37.54999923706055,37.939998626708984,36.959999084472656,37.22999954223633,583300,0.0,0.0
2022-12-20 00:00:00-05:00,37.040000915527344,38.119998931884766,36.45000076293945,37.720001220703125,648600,0.0,0.0
2022-12-21 00:00:00-05:00,37.84000015258789,38.779998779296875,37.779998779296875,38.150001525878906,545200,0.0,0.0
2022-12-22 00:00:00-05:00,38.11000061035156,38.11000061035156,37.279998779296875,37.810001373291016,288200,0.0,0.0
2022-12-23 00:00:00-05:00,37.849998474121094,38.7599983215332,37.63999938964844,37.9900016784668,245100,0.0,0.0
2022-12-27 00:00:00-05:00,38.209999084472656,38.33000183105469,37.83000183105469,37.849998474121094,270300,0.0,0.0
2022-12-28 00:00:00-05:00,37.9900016784668,38.26499938964844,36.81999969482422,37.70000076293945,529900,0.0,0.0
2022-12-29 00:00:00-05:00,37.90999984741211,38.20000076293945,36.9900016784668,37.95000076293945,682300,0.0,0.0
2022-12-30 00:00:00-05:00,37.83000183105469,38.2400016784668,37.55500030517578,38.029998779296875,368000,0.0,0.0
2023-01-03 00:00:00-05:00,38.0099983215332,38.290000915527344,37.029998779296875,37.470001220703125,746100,0.0,0.0
2023-01-04 00:00:00-05:00,38.25,38.7400016784668,37.279998779296875,38.20000076293945,849400,0.0,0.0
2023-01-05 00:00:00-05:00,36.0,36.22999954223633,33.005001068115234,34.86000061035156,2623200,0.0,0.0
2023-01-06 00:00:00-05:00,35.349998474121094,36.060001373291016,34.959999084472656,35.459999084472656,1134700,0.0,0.0
2023-01-09 00:00:00-05:00,35.75,36.61000061035156,35.459999084472656,35.720001220703125,879900,0.0,0.0
2023-01-10 00:00:00-05:00,35.83000183105469,37.45000076293945,35.68000030517578,36.13999938964844,1039700,0.0,0.0
2023-01-11 00:00:00-05:00,36.2400016784668,36.7599983215332,35.65999984741211,35.72999954223633,671100,0.0,0.0
2023-01-12 00:00:00-05:00,35.75,36.68000030517578,35.400001525878906,36.38999938964844,683600,0.0,0.0
2023-01-13 00:00:00-05:00,36.2400016784668,37.09000015258789,35.869998931884766,36.15999984741211,462600,0.0,0.0
2023-01-17 00:00:00-05:00,36.119998931884766,36.779998779296875,35.9900016784668,36.189998626708984,412800,0.0,0.0
2023-01-18 00:00:00-05:00,36.08000183105469,36.29499816894531,34.79999923706055,35.06999969482422,748900,0.0,0.0
2023-01-19 00:00:00-05:00,35.08000183105469,35.35499954223633,34.52000045776367,34.529998779296875,464400,0.0,0.0
2023-01-20 00:00:00-05:00,34.84000015258789,34.84000015258789,34.13999938964844,34.5099983215332,851700,0.0,0.0
2023-01-23 00:00:00-05:00,34.470001220703125,35.68000030517578,34.470001220703125,35.40999984741211,495000,0.0,0.0
2023-01-24 00:00:00-05:00,35.58000183105469,35.73500061035156,35.11000061035156,35.66999816894531,289000,0.0,0.0
2023-01-25 00:00:00-05:00,35.47999954223633,35.915000915527344,35.209999084472656,35.869998931884766,379900,0.0,0.0
2023-01-26 00:00:00-05:00,35.970001220703125,36.959999084472656,35.41999816894531,35.86000061035156,516100,0.0,0.0
2023-01-27 00:00:00-05:00,35.88999938964844,36.20000076293945,35.5,35.9900016784668,486000,0.0,0.0
2023-01-30 00:00:00-05:00,36.119998931884766,36.650001525878906,35.93000030517578,36.099998474121094,453100,0.0,0.0
2023-01-31 00:00:00-05:00,36.18000030517578,36.40999984741211,35.209999084472656,36.29999923706055,1016900,0.0,0.0
2023-02-01 00:00:00-05:00,36.29999923706055,36.90999984741211,36.04999923706055,36.459999084472656,835600,0.0,0.0
2023-02-02 00:00:00-05:00,36.38999938964844,37.2400016784668,35.970001220703125,36.4900016784668,632700,0.0,0.0
2023-02-03 00:00:00-05:00,36.2599983215332,37.0,35.689998626708984,36.04999923706055,670700,0.0,0.0
2023-02-06 00:00:00-05:00,35.83000183105469,36.38999938964844,35.79999923706055,36.29999923706055,577100,0.0,0.0
2023-02-07 00:00:00-05:00,36.04999923706055,37.779998779296875,35.2599983215332,37.650001525878906,805600,0.0,0.0
2023-02-08 00:00:00-05:00,37.459999084472656,37.459999084472656,36.68000030517578,37.11000061035156,513200,0.0,0.0
2023-02-09 00:00:00-05:00,37.4900016784668,37.65999984741211,36.93000030517578,37.02000045776367,421900,0.0,0.0
2023-02-10 00:00:00-05:00,37.09000015258789,37.224998474121094,36.790000915527344,37.0,419500,0.0,0.0
2023-02-13 00:00:00-05:00,37.040000915527344,37.7400016784668,37.040000915527344,37.70000076293945,837500,0.0,0.0
2023-02-14 00:00:00-05:00,37.650001525878906,38.099998474121094,37.060001373291016,37.41999816894531,421100,0.0,0.0
2023-02-15 00:00:00-05:00,37.189998626708984,37.63999938964844,36.91999816894531,37.540000915527344,270300,0.0,0.0
2023-02-16 00:00:00-05:00,37.13999938964844,37.400001525878906,36.75,36.880001068115234,300100,0.0,0.0
2023-02-17 00:00:00-05:00,37.08000183105469,38.150001525878906,36.90999984741211,37.7400016784668,498500,0.0,0.0
2023-02-21 00:00:00-05:00,37.540000915527344,38.40999984741211,37.30699920654297,37.88999938964844,592300,0.0,0.0
2023-02-22 00:00:00-05:00,38.029998779296875,38.63999938964844,37.459999084472656,38.119998931884766,458500,0.0,0.0
2023-02-23 00:00:00-05:00,38.25,38.70000076293945,37.98500061035156,38.52000045776367,299500,0.0,0.0
2023-02-24 00:00:00-05:00,38.349998474121094,38.63999938964844,38.02000045776367,38.540000915527344,335300,0.0,0.0
2023-02-27 00:00:00-05:00,38.720001220703125,38.95000076293945,38.34000015258789,38.439998626708984,278400,0.0,0.0
2023-02-28 00:00:00-05:00,38.22999954223633,38.54999923706055,37.790000915527344,38.290000915527344,428100,0.0,0.0
2023-03-01 00:00:00-05:00,38.13999938964844,38.23500061035156,37.22999954223633,37.29999923706055,551400,0.0,0.0
2023-03-02 00:00:00-05:00,37.11000061035156,37.720001220703125,36.93000030517578,37.540000915527344,748100,0.0,0.0
2023-03-03 00:00:00-05:00,37.65999984741211,37.70000076293945,37.0099983215332,37.66999816894531,336600,0.0,0.0
2023-03-06 00:00:00-05:00,37.47999954223633,37.47999954223633,36.459999084472656,36.560001373291016,891100,0.0,0.0
2023-03-07 00:00:00-05:00,36.47999954223633,36.7400016784668,36.130001068115234,36.2599983215332,906100,0.0,0.0
2023-03-08 00:00:00-05:00,36.189998626708984,36.505001068115234,35.97999954223633,36.439998626708984,400900,0.0,0.0
2023-03-09 00:00:00-05:00,36.470001220703125,36.7400016784668,35.959999084472656,36.16999816894531,306500,0.0,0.0
2023-03-10 00:00:00-05:00,35.97999954223633,36.18000030517578,35.5099983215332,35.95000076293945,501600,0.0,0.0
2023-03-13 00:00:00-04:00,35.68000030517578,36.91999816894531,35.68000030517578,35.90999984741211,543500,0.0,0.0
2023-03-14 00:00:00-04:00,36.5,37.11000061035156,36.27000045776367,36.91999816894531,553400,0.0,0.0
2023-03-15 00:00:00-04:00,36.459999084472656,37.540000915527344,36.459999084472656,37.369998931884766,630500,0.0,0.0
2023-03-16 00:00:00-04:00,37.15999984741211,37.83000183105469,37.15999984741211,37.720001220703125,433300,0.0,0.0
2023-03-17 00:00:00-04:00,37.56999969482422,37.630001068115234,36.81999969482422,36.849998474121094,1079700,0.0,0.0
2023-03-20 00:00:00-04:00,37.130001068115234,37.75,36.88999938964844,37.43000030517578,414800,0.0,0.0
2023-03-21 00:00:00-04:00,37.650001525878906,38.15999984741211,37.130001068115234,37.56999969482422,453800,0.0,0.0
2023-03-22 00:00:00-04:00,37.45000076293945,38.31999969482422,37.439998626708984,37.560001373291016,557700,0.0,0.0
2023-03-23 00:00:00-04:00,37.560001373291016,37.75,36.43000030517578,37.040000915527344,341100,0.0,0.0
2023-03-24 00:00:00-04:00,37.029998779296875,38.959999084472656,37.029998779296875,38.900001525878906,620100,0.0,0.0
2023-03-27 00:00:00-04:00,38.970001220703125,39.369998931884766,38.654998779296875,39.040000915527344,418400,0.0,0.0
2023-03-28 00:00:00-04:00,38.91999816894531,39.0099983215332,38.494998931884766,38.58000183105469,266600,0.0,0.0
2023-03-29 00:00:00-04:00,39.97800064086914,39.97800064086914,38.70500183105469,38.75,367300,0.0,0.0
2023-03-30 00:00:00-04:00,38.81999969482422,39.09000015258789,38.474998474121094,38.72999954223633,407800,0.0,0.0
2023-03-31 00:00:00-04:00,39.16999816894531,40.025001525878906,38.97999954223633,39.77000045776367,756300,0.0,0.0
2023-04-03 00:00:00-04:00,39.61000061035156,39.709999084472656,39.01499938964844,39.470001220703125,828500,0.0,0.0
2023-04-04 00:00:00-04:00,39.400001525878906,39.400001525878906,38.26499938964844,38.689998626708984,1098900,0.0,0.0
2023-04-05 00:00:00-04:00,36.880001068115234,37.20000076293945,35.387001037597656,36.84000015258789,1968100,0.0,0.0
2023-04-06 00:00:00-04:00,36.849998474121094,37.04999923706055,35.66999816894531,36.38999938964844,774100,0.0,0.0
2023-04-10 00:00:00-04:00,36.18000030517578,37.04999923706055,36.06999969482422,36.939998626708984,832400,0.0,0.0
2023-04-11 00:00:00-04:00,38.040000915527344,38.36000061035156,36.970001220703125,37.20000076293945,1236100,0.0,0.0
2023-04-12 00:00:00-04:00,37.08000183105469,37.08000183105469,36.20000076293945,36.22999954223633,838800,0.0,0.0
2023-04-13 00:00:00-04:00,36.2400016784668,37.27000045776367,35.959999084472656,35.97999954223633,475100,0.0,0.0
2023-04-14 00:00:00-04:00,35.97999954223633,36.23500061035156,35.65999984741211,35.70000076293945,769200,0.0,0.0
2023-04-17 00:00:00-04:00,35.900001525878906,36.2400016784668,35.79999923706055,35.959999084472656,464300,0.0,0.0
2023-04-18 00:00:00-04:00,36.0,36.15999984741211,35.470001220703125,35.52000045776367,618900,0.0,0.0
2023-04-19 00:00:00-04:00,35.52000045776367,35.65999984741211,35.33000183105469,35.650001525878906,445900,0.0,0.0
2023-04-20 00:00:00-04:00,35.400001525878906,37.01499938964844,35.380001068115234,36.810001373291016,813900,0.0,0.0
2023-04-21 00:00:00-04:00,36.939998626708984,36.95000076293945,36.06999969482422,36.22999954223633,473400,0.0,0.0
2023-04-24 00:00:00-04:00,36.11000061035156,36.36000061035156,35.939998626708984,36.02000045776367,344200,0.0,0.0
2023-04-25 00:00:00-04:00,35.79999923706055,36.27000045776367,35.619998931884766,35.95000076293945,492000,0.0,0.0
2023-04-26 00:00:00-04:00,35.79999923706055,36.25,35.79999923706055,35.95000076293945,427600,0.0,0.0
2023-04-27 00:00:00-04:00,35.959999084472656,36.38999938964844,35.79999923706055,36.06999969482422,389700,0.0,0.0
2023-04-28 00:00:00-04:00,36.0,36.630001068115234,36.0,36.369998931884766,418800,0.0,0.0
2023-05-01 00:00:00-04:00,36.369998931884766,37.20000076293945,36.369998931884766,36.810001373291016,454500,0.0,0.0
2023-05-02 00:00:00-04:00,36.72999954223633,37.290000915527344,36.38999938964844,37.27000045776367,559100,0.0,0.0
2023-05-03 00:00:00-04:00,37.47999954223633,37.75,37.04499816894531,37.099998474121094,565200,0.0,0.0
2023-05-04 00:00:00-04:00,37.06999969482422,37.349998474121094,36.63999938964844,36.970001220703125,495500,0.0,0.0
2023-05-05 00:00:00-04:00,37.2400016784668,38.02000045776367,37.13999938964844,37.83000183105469,409000,0.0,0.0
2023-05-08 00:00:00-04:00,37.63999938964844,38.729000091552734,37.59000015258789,38.619998931884766,566200,0.0,0.0
2023-05-09 00:00:00-04:00,38.619998931884766,38.768001556396484,38.119998931884766,38.4900016784668,358500,0.0,0.0
2023-05-10 00:00:00-04:00,38.810001373291016,39.4900016784668,38.6510009765625,39.369998931884766,470100,0.0,0.0
2023-05-11 00:00:00-04:00,39.349998474121094,39.709999084472656,39.2400016784668,39.68000030517578,577800,0.0,0.0
2023-05-12 00:00:00-04:00,39.599998474121094,39.75,38.97999954223633,39.540000915527344,485300,0.0,0.0
2023-05-15 00:00:00-04:00,39.7400016784668,40.0,39.57500076293945,39.869998931884766,405400,0.0,0.0
2023-05-16 00:00:00-04:00,39.79999923706055,39.8650016784668,39.31999969482422,39.68000030517578,337100,0.0,0.0
2023-05-17 00:00:00-04:00,39.7400016784668,39.77000045776367,38.29999923706055,38.40999984741211,1297700,0.0,0.0
2023-05-18 00:00:00-04:00,38.22999954223633,38.79999923706055,38.22999954223633,38.45000076293945,462900,0.0,0.0
2023-05-19 00:00:00-04:00,38.77000045776367,38.77000045776367,37.45000076293945,37.720001220703125,609600,0.0,0.0
2023-05-22 00:00:00-04:00,37.83000183105469,37.83000183105469,36.619998931884766,36.75,501000,0.0,0.0
2023-05-23 00:00:00-04:00,36.630001068115234,37.60200119018555,36.2400016784668,37.41999816894531,643800,0.0,0.0
2023-05-24 00:00:00-04:00,37.31999969482422,37.439998626708984,36.540000915527344,36.709999084472656,412500,0.0,0.0
2023-05-25 00:00:00-04:00,36.45000076293945,36.709999084472656,36.244998931884766,36.5,365600,0.0,0.0
2023-05-26 00:00:00-04:00,36.41999816894531,37.099998474121094,36.099998474121094,36.27000045776367,352200,0.0,0.0
2023-05-30 00:00:00-04:00,36.099998474121094,36.43000030517578,35.790000915527344,35.95000076293945,385100,0.0,0.0
2023-05-31 00:00:00-04:00,36.09000015258789,36.38999938964844,35.869998931884766,36.189998626708984,689500,0.0,0.0
2023-06-01 00:00:00-04:00,36.189998626708984,36.5099983215332,35.099998474121094,35.790000915527344,429400,0.0,0.0
2023-06-02 00:00:00-04:00,36.09000015258789,36.83000183105469,36.08000183105469,36.810001373291016,495000,0.0,0.0
2023-06-05 00:00:00-04:00,36.400001525878906,36.41999816894531,35.689998626708984,35.95000076293945,361700,0.0,0.0
2023-06-06 00:00:00-04:00,36.060001373291016,36.189998626708984,35.23500061035156,35.599998474121094,715500,0.0,0.0
2023-06-07 00:00:00-04:00,35.45000076293945,36.18000030517578,34.970001220703125,35.91999816894531,624400,0.0,0.0
2023-06-08 00:00:00-04:00,35.81999969482422,35.88999938964844,35.35499954223633,35.880001068115234,409200,0.0,0.0
2023-06-09 00:00:00-04:00,35.779998779296875,35.933998107910156,35.54999923706055,35.83000183105469,490300,0.0,0.0
2023-06-12 00:00:00-04:00,35.91999816894531,35.91999816894531,35.45000076293945,35.599998474121094,729400,0.0,0.0
2023-06-13 00:00:00-04:00,35.630001068115234,35.97999954223633,35.54999923706055,35.880001068115234,578700,0.0,0.0
2023-06-14 00:00:00-04:00,35.810001373291016,35.90999984741211,35.2400016784668,35.40999984741211,540200,0.0,0.0
2023-06-15 00:00:00-04:00,35.459999084472656,36.09000015258789,35.459999084472656,35.849998474121094,433500,0.0,0.0
2023-06-16 00:00:00-04:00,36.40999984741211,37.060001373291016,36.0099983215332,37.060001373291016,1435800,0.0,0.0
2023-06-20 00:00:00-04:00,37.06999969482422,37.35499954223633,36.68000030517578,36.7400016784668,488700,0.0,0.0
2023-06-21 00:00:00-04:00,36.7599983215332,37.025001525878906,36.43000030517578,36.63999938964844,557300,0.0,0.0
2023-06-22 00:00:00-04:00,36.70000076293945,36.83000183105469,36.5099983215332,36.70000076293945,383300,0.0,0.0
2023-06-23 00:00:00-04:00,36.529998779296875,36.654998779296875,35.83000183105469,36.060001373291016,1457300,0.0,0.0
2023-06-26 00:00:00-04:00,35.9900016784668,36.0,35.0,35.099998474121094,882100,0.0,0.0
2023-06-27 00:00:00-04:00,35.119998931884766,35.88999938964844,34.88999938964844,34.959999084472656,862400,0.0,0.0
2023-06-28 00:00:00-04:00,34.75,34.88999938964844,34.0,34.599998474121094,1601300,0.0,0.0
2023-06-29 00:00:00-04:00,35.95000076293945,36.869998931884766,35.040000915527344,35.77000045776367,1615100,0.0,0.0
2023-06-30 00:00:00-04:00,36.150001525878906,36.77000045776367,36.13999938964844,36.59000015258789,788500,0.0,0.0
2023-07-03 00:00:00-04:00,36.59000015258789,36.90999984741211,36.220001220703125,36.66999816894531,289200,0.0,0.0
2023-07-05 00:00:00-04:00,36.5099983215332,37.01499938964844,36.13999938964844,36.86000061035156,661700,0.0,0.0
2023-07-06 00:00:00-04:00,37.189998626708984,37.869998931884766,37.0099983215332,37.29999923706055,506500,0.0,0.0
2023-07-07 00:00:00-04:00,37.150001525878906,37.25,36.5099983215332,36.529998779296875,445900,0.0,0.0
2023-07-10 00:00:00-04:00,36.56999969482422,37.060001373291016,36.369998931884766,36.5099983215332,459700,0.0,0.0
2023-07-11 00:00:00-04:00,36.5099983215332,36.630001068115234,36.15999984741211,36.41999816894531,455200,0.0,0.0
2023-07-12 00:00:00-04:00,35.974998474121094,36.689998626708984,35.974998474121094,36.400001525878906,459300,0.0,0.0
2023-07-13 00:00:00-04:00,36.5,36.68000030517578,36.2400016784668,36.2599983215332,439100,0.0,0.0
2023-07-14 00:00:00-04:00,36.31999969482422,36.83000183105469,35.9900016784668,36.790000915527344,469900,0.0,0.0
2023-07-17 00:00:00-04:00,36.72999954223633,37.119998931884766,36.45000076293945,36.59000015258789,415500,0.0,0.0
2023-07-18 00:00:00-04:00,36.630001068115234,37.869998931884766,36.125,37.849998474121094,529100,0.0,0.0
2023-07-19 00:00:00-04:00,38.04999923706055,38.43000030517578,37.18000030517578,37.529998779296875,503200,0.0,0.0
2023-07-20 00:00:00-04:00,37.68000030517578,37.880001068115234,37.18000030517578,37.310001373291016,376600,0.0,0.0
2023-07-21 00:00:00-04:00,37.459999084472656,37.8849983215332,37.25,37.72999954223633,586700,0.0,0.0
2023-07-24 00:00:00-04:00,37.720001220703125,38.189998626708984,37.540000915527344,37.77000045776367,979200,0.0,0.0
2023-07-25 00:00:00-04:00,37.7599983215332,38.75,37.59000015258789,38.72999954223633,484600,0.0,0.0
2023-07-26 00:00:00-04:00,38.61000061035156,39.06999969482422,38.310001373291016,38.439998626708984,624200,0.0,0.0
2023-07-27 00:00:00-04:00,38.439998626708984,38.439998626708984,36.900001525878906,37.04999923706055,593200,0.0,0.0
2023-07-28 00:00:00-04:00,37.38999938964844,38.18000030517578,37.20000076293945,38.099998474121094,393400,0.0,0.0
2023-07-31 00:00:00-04:00,38.02000045776367,38.76499938964844,37.9900016784668,38.709999084472656,550000,0.0,0.0
2023-08-01 00:00:00-04:00,38.75,38.9900016784668,38.5099983215332,38.880001068115234,496000,0.0,0.0
2023-08-02 00:00:00-04:00,38.599998474121094,39.334999084472656,38.599998474121094,38.77000045776367,386500,0.0,0.0
2023-08-03 00:00:00-04:00,38.81999969482422,38.8849983215332,38.41999816894531,38.540000915527344,402200,0.0,0.0
2023-08-04 00:00:00-04:00,38.56999969482422,38.79999923706055,38.2599983215332,38.310001373291016,400300,0.0,0.0
2023-08-07 00:00:00-04:00,38.2599983215332,38.869998931884766,38.2599983215332,38.849998474121094,541700,0.0,0.0
2023-08-08 00:00:00-04:00,38.66999816894531,38.66999816894531,36.97999954223633,37.20000076293945,504900,0.0,0.0
2023-08-09 00:00:00-04:00,37.11000061035156,37.58000183105469,36.89500045776367,37.2400016784668,638200,0.0,0.0
2023-08-10 00:00:00-04:00,37.27000045776367,37.529998779296875,36.45000076293945,36.47999954223633,591500,0.0,0.0
2023-08-11 00:00:00-04:00,36.459999084472656,37.04999923706055,36.459999084472656,36.91999816894531,278600,0.0,0.0
2023-08-14 00:00:00-04:00,37.0099983215332,37.19499969482422,36.45000076293945,36.810001373291016,380700,0.0,0.0
2023-08-15 00:00:00-04:00,36.619998931884766,36.93000030517578,36.470001220703125,36.58000183105469,329500,0.0,0.0
2023-08-16 00:00:00-04:00,36.540000915527344,36.81999969482422,35.98500061035156,36.04999923706055,288200,0.0,0.0
2023-08-17 00:00:00-04:00,36.04999923706055,36.46500015258789,34.970001220703125,35.189998626708984,438000,0.0,0.0
2023-08-18 00:00:00-04:00,35.099998474121094,35.34000015258789,34.97999954223633,35.029998779296875,567900,0.0,0.0
2023-08-21 00:00:00-04:00,35.13999938964844,35.16999816894531,34.099998474121094,34.13999938964844,418800,0.0,0.0
2023-08-22 00:00:00-04:00,34.2599983215332,34.540000915527344,33.88999938964844,34.0,564500,0.0,0.0
2023-08-23 00:00:00-04:00,34.15999984741211,34.33000183105469,33.75,33.79999923706055,611600,0.0,0.0
2023-08-24 00:00:00-04:00,33.81999969482422,34.084999084472656,33.650001525878906,33.75,482400,0.0,0.0
2023-08-25 00:00:00-04:00,33.869998931884766,34.54999923706055,33.599998474121094,34.459999084472656,631300,0.0,0.0
2023-08-28 00:00:00-04:00,34.689998626708984,35.040000915527344,34.2400016784668,34.619998931884766,666400,0.0,0.0
2023-08-29 00:00:00-04:00,34.619998931884766,35.97999954223633,34.59000015258789,35.7599983215332,555800,0.0,0.0
2023-08-30 00:00:00-04:00,35.709999084472656,36.540000915527344,35.66999816894531,36.470001220703125,496100,0.0,0.0
2023-08-31 00:00:00-04:00,36.400001525878906,36.43000030517578,35.869998931884766,36.08000183105469,521900,0.0,0.0
2023-09-01 00:00:00-04:00,36.189998626708984,36.38999938964844,35.900001525878906,36.18000030517578,639600,0.0,0.0
2023-09-05 00:00:00-04:00,36.060001373291016,36.279998779296875,33.08000183105469,33.36000061035156,1191100,0.0,0.0
2023-09-06 00:00:00-04:00,33.5,33.81999969482422,32.939998626708984,33.13999938964844,605400,0.0,0.0
2023-09-07 00:00:00-04:00,33.220001220703125,33.220001220703125,32.66999816894531,33.0,807000,0.0,0.0
2023-09-08 00:00:00-04:00,33.06999969482422,33.119998931884766,32.29800033569336,32.650001525878906,876800,0.0,0.0
2023-09-11 00:00:00-04:00,32.88999938964844,33.099998474121094,32.22999954223633,33.02000045776367,680400,0.0,0.0
2023-09-12 00:00:00-04:00,33.06999969482422,33.52000045776367,32.810001373291016,33.439998626708984,458400,0.0,0.0
2023-09-13 00:00:00-04:00,33.369998931884766,34.29999923706055,33.25,33.93000030517578,832800,0.0,0.0
2023-09-14 00:00:00-04:00,34.09000015258789,34.58000183105469,33.915000915527344,34.41999816894531,848400,0.0,0.0
2023-09-15 00:00:00-04:00,34.34000015258789,34.415000915527344,33.58000183105469,33.86000061035156,1179000,0.0,0.0
2023-09-18 00:00:00-04:00,34.79999923706055,35.70000076293945,34.72999954223633,35.08000183105469,939400,0.0,0.0
2023-09-19 00:00:00-04:00,35.08000183105469,35.2400016784668,34.93000030517578,34.959999084472656,484900,0.0,0.0
2023-09-20 00:00:00-04:00,35.099998474121094,35.38999938964844,34.84000015258789,35.0,409000,0.0,0.0
2023-09-21 00:00:00-04:00,34.849998474121094,34.93000030517578,34.29499816894531,34.869998931884766,361800,0.0,0.0
2023-09-22 00:00:00-04:00,34.849998474121094,35.290000915527344,34.08000183105469,34.91999816894531,407700,0.0,0.0
2023-09-25 00:00:00-04:00,34.720001220703125,35.2599983215332,34.70000076293945,34.939998626708984,336700,0.0,0.0
2023-09-26 00:00:00-04:00,34.900001525878906,35.5,34.5099983215332,35.0,711900,0.0,0.0
2023-09-27 00:00:00-04:00,35.0,35.529998779296875,34.939998626708984,35.04999923706055,489800,0.0,0.0
2023-09-28 00:00:00-04:00,35.0099983215332,35.34000015258789,35.0099983215332,35.09000015258789,642400,0.0,0.0
2023-09-29 00:00:00-04:00,35.189998626708984,35.33000183105469,34.43000030517578,34.52000045776367,463500,0.0,0.0
2023-10-02 00:00:00-04:00,34.47999954223633,34.47999954223633,33.529998779296875,33.90999984741211,499300,0.0,0.0
2023-10-03 00:00:00-04:00,33.86000061035156,34.56100082397461,33.099998474121094,33.220001220703125,635800,0.0,0.0
2023-10-04 00:00:00-04:00,33.2599983215332,34.11000061035156,33.0099983215332,34.0099983215332,674000,0.0,0.0
2023-10-05 00:00:00-04:00,34.060001373291016,34.25,33.51499938964844,33.90999984741211,570800,0.0,0.0
2023-10-06 00:00:00-04:00,33.709999084472656,33.83000183105469,33.04999923706055,33.45000076293945,413600,0.0,0.0
2023-10-09 00:00:00-04:00,33.45000076293945,34.08000183105469,33.06999969482422,34.02000045776367,374700,0.0,0.0
2023-10-10 00:00:00-04:00,34.040000915527344,34.53499984741211,33.97999954223633,34.08000183105469,461400,0.0,0.0
2023-10-11 00:00:00-04:00,34.310001373291016,34.380001068115234,33.470001220703125,33.83000183105469,380200,0.0,0.0
2023-10-12 00:00:00-04:00,33.84000015258789,33.84000015258789,31.729999542236328,32.13999938964844,431800,0.0,0.0
2023-10-13 00:00:00-04:00,32.34000015258789,32.790000915527344,32.29999923706055,32.65999984741211,337400,0.0,0.0
2023-10-16 00:00:00-04:00,32.970001220703125,33.42499923706055,32.619998931884766,33.22999954223633,355800,0.0,0.0
2023-10-17 00:00:00-04:00,33.2400016784668,33.630001068115234,32.81999969482422,32.939998626708984,658300,0.0,0.0
2023-10-18 00:00:00-04:00,32.95000076293945,33.369998931884766,32.90999984741211,32.91999816894531,680600,0.0,0.0
2023-10-19 00:00:00-04:00,32.970001220703125,33.31999969482422,32.540000915527344,33.290000915527344,755000,0.0,0.0
2023-10-20 00:00:00-04:00,33.31999969482422,33.650001525878906,32.709999084472656,32.77000045776367,668200,0.0,0.0
2023-10-23 00:00:00-04:00,32.720001220703125,33.20000076293945,32.5099983215332,32.560001373291016,692300,0.0,0.0
2023-10-24 00:00:00-04:00,31.600000381469727,35.005001068115234,31.059999465942383,34.79999923706055,1448800,0.0,0.0
2023-10-25 00:00:00-04:00,34.540000915527344,36.58000183105469,34.32500076293945,36.25,894500,0.0,0.0
2023-10-26 00:00:00-04:00,36.220001220703125,36.95500183105469,35.560001373291016,36.65999984741211,761800,0.0,0.0
2023-10-27 00:00:00-04:00,36.59000015258789,37.11000061035156,35.95000076293945,36.33000183105469,541400,0.0,0.0
2023-10-30 00:00:00-04:00,36.599998474121094,37.119998931884766,36.529998779296875,36.93000030517578,432500,0.0,0.0
2023-10-31 00:00:00-04:00,37.11000061035156,37.71900177001953,36.64099884033203,37.290000915527344,463400,0.0,0.0
2023-11-01 00:00:00-04:00,37.189998626708984,37.369998931884766,36.20000076293945,36.41999816894531,545700,0.0,0.0
2023-11-02 00:00:00-04:00,37.0,37.099998474121094,36.470001220703125,36.810001373291016,469600,0.0,0.0
2023-11-03 00:00:00-04:00,37.630001068115234,37.84000015258789,37.099998474121094,37.540000915527344,326300,0.0,0.0
2023-11-06 00:00:00-05:00,37.41999816894531,37.47999954223633,36.709999084472656,37.06999969482422,635700,0.0,0.0
2023-11-07 00:00:00-05:00,37.11000061035156,38.23899841308594,37.11000061035156,38.02000045776367,390200,0.0,0.0
2023-11-08 00:00:00-05:00,38.040000915527344,38.19499969482422,37.814998626708984,38.13999938964844,487600,0.0,0.0
2023-11-09 00:00:00-05:00,38.20000076293945,38.40999984741211,37.93000030517578,38.06999969482422,381400,0.0,0.0
2023-11-10 00:00:00-05:00,38.310001373291016,38.31999969482422,37.689998626708984,38.09000015258789,464600,0.0,0.0
2023-11-13 00:00:00-05:00,38.0099983215332,38.56999969482422,38.0099983215332,38.27000045776367,309200,0.0,0.0
2023-11-14 00:00:00-05:00,38.790000915527344,39.2400016784668,38.36000061035156,39.11000061035156,621000,0.0,0.0
2023-11-15 00:00:00-05:00,39.13999938964844,39.52000045776367,38.560001373291016,38.72999954223633,473300,0.0,0.0
2023-11-16 00:00:00-05:00,38.650001525878906,38.95000076293945,38.33000183105469,38.619998931884766,500800,0.0,0.0
2023-11-17 00:00:00-05:00,38.77000045776367,39.0,38.36000061035156,38.709999084472656,586700,0.0,0.0
2023-11-20 00:00:00-05:00,38.72999954223633,38.900001525878906,38.46500015258789,38.83000183105469,342800,0.0,0.0
2023-11-21 00:00:00-05:00,38.77000045776367,39.41999816894531,38.70000076293945,39.2400016784668,449000,0.0,0.0
2023-11-22 00:00:00-05:00,39.5,39.849998474121094,39.15999984741211,39.630001068115234,478700,0.0,0.0
2023-11-24 00:00:00-05:00,39.459999084472656,40.0099983215332,39.29999923706055,39.31999969482422,175100,0.0,0.0
2023-11-27 00:00:00-05:00,39.380001068115234,40.04499816894531,39.20000076293945,39.619998931884766,567400,0.0,0.0
2023-11-28 00:00:00-05:00,39.52000045776367,39.619998931884766,39.119998931884766,39.13999938964844,481100,0.0,0.0
2023-11-29 00:00:00-05:00,39.060001373291016,39.27000045776367,38.77000045776367,38.959999084472656,373200,0.0,0.0
2023-11-30 00:00:00-05:00,39.029998779296875,39.029998779296875,38.36000061035156,38.7400016784668,595500,0.0,0.0
2023-12-01 00:00:00-05:00,38.5099983215332,39.31999969482422,38.5099983215332,39.08000183105469,455900,0.0,0.0
2023-12-04 00:00:00-05:00,39.130001068115234,40.310001373291016,38.349998474121094,39.959999084472656,871000,0.0,0.0
2023-12-05 00:00:00-05:00,39.9900016784668,40.23500061035156,38.840999603271484,40.029998779296875,394100,0.0,0.0
2023-12-06 00:00:00-05:00,40.25,40.40999984741211,39.959999084472656,40.11000061035156,399600,0.0,0.0
2023-12-07 00:00:00-05:00,40.06999969482422,40.46500015258789,39.68000030517578,40.369998931884766,429300,0.0,0.0
2023-12-08 00:00:00-05:00,40.06999969482422,40.279998779296875,39.4900016784668,39.790000915527344,406400,0.0,0.0
2023-12-11 00:00:00-05:00,39.959999084472656,40.244998931884766,39.56999969482422,39.63999938964844,491100,0.0,0.0
2023-12-12 00:00:00-05:00,39.88999938964844,39.88999938964844,39.0099983215332,39.20000076293945,469700,0.0,0.0
2023-12-13 00:00:00-05:00,39.25,40.88999938964844,39.04999923706055,40.880001068115234,920700,0.0,0.0
2023-12-14 00:00:00-05:00,41.119998931884766,41.290000915527344,40.08000183105469,40.09000015258789,1069800,0.0,0.0
2023-12-15 00:00:00-05:00,40.459999084472656,40.459999084472656,38.86000061035156,39.4900016784668,2021900,0.0,0.0
2023-12-18 00:00:00-05:00,39.66999816894531,39.66999816894531,38.93000030517578,39.25,578500,0.0,0.0
2023-12-19 00:00:00-05:00,39.459999084472656,39.849998474121094,39.25,39.68000030517578,489800,0.0,0.0
2023-12-20 00:00:00-05:00,39.33000183105469,39.869998931884766,38.709999084472656,38.75,555500,0.0,0.0
2023-12-21 00:00:00-05:00,38.79999923706055,39.279998779296875,38.55500030517578,38.91999816894531,633900,0.0,0.0
2023-12-22 00:00:00-05:00,39.27000045776367,39.76499938964844,39.189998626708984,39.439998626708984,384500,0.0,0.0
2023-12-26 00:00:00-05:00,39.540000915527344,40.064998626708984,39.27000045776367,39.72999954223633,382300,0.0,0.0
2023-12-27 00:00:00-05:00,39.619998931884766,40.150001525878906,39.279998779296875,40.0099983215332,435200,0.0,0.0
2023-12-28 00:00:00-05:00,40.0099983215332,40.380001068115234,39.849998474121094,40.16999816894531,307800,0.0,0.0
2023-12-29 00:00:00-05:00,40.099998474121094,40.19499969482422,39.560001373291016,39.599998474121094,555900,0.0,0.0
2024-01-02 00:00:00-05:00,39.189998626708984,39.970001220703125,39.189998626708984,39.709999084472656,656100,0.0,0.0
2024-01-03 00:00:00-05:00,39.97999954223633,40.29999923706055,39.0620002746582,39.59000015258789,727500,0.0,0.0
2024-01-04 00:00:00-05:00,41.0,43.0,40.025001525878906,42.689998626708984,1036300,0.0,0.0
2024-01-05 00:00:00-05:00,42.25,42.52000045776367,41.06999969482422,41.09000015258789,1248900,0.0,0.0
2024-01-08 00:00:00-05:00,41.38999938964844,41.52000045776367,40.45100021362305,40.9900016784668,782100,0.0,0.0
2024-01-09 00:00:00-05:00,40.779998779296875,41.58000183105469,40.625,41.34000015258789,849900,0.0,0.0
2024-01-10 00:00:00-05:00,41.31999969482422,41.59000015258789,40.43000030517578,41.27000045776367,889200,0.0,0.0
2024-01-11 00:00:00-05:00,41.09000015258789,42.03900146484375,40.209999084472656,40.83000183105469,664000,0.0,0.0
2024-01-12 00:00:00-05:00,41.34000015258789,41.790000915527344,40.720001220703125,41.720001220703125,613700,0.0,0.0
2024-01-16 00:00:00-05:00,41.36000061035156,42.279998779296875,41.2400016784668,42.119998931884766,783100,0.0,0.0
2024-01-17 00:00:00-05:00,41.86000061035156,42.31999969482422,41.56999969482422,42.25,651600,0.0,0.0
2024-01-18 00:00:00-05:00,42.36000061035156,42.36000061035156,41.334999084472656,42.2400016784668,615300,0.0,0.0
2024-01-19 00:00:00-05:00,42.369998931884766,42.369998931884766,41.09000015258789,41.380001068115234,617000,0.0,0.0
2024-01-22 00:00:00-05:00,41.650001525878906,41.790000915527344,40.90999984741211,41.189998626708984,816400,0.0,0.0
2024-01-23 00:00:00-05:00,41.630001068115234,41.790000915527344,40.119998931884766,40.400001525878906,837700,0.0,0.0
2024-01-24 00:00:00-05:00,40.59000015258789,41.237998962402344,39.290000915527344,39.43000030517578,846600,0.0,0.0
2024-01-25 00:00:00-05:00,39.65999984741211,39.880001068115234,39.25,39.43000030517578,597200,0.0,0.0
2024-01-26 00:00:00-05:00,39.86000061035156,39.86000061035156,38.33000183105469,38.52000045776367,612900,0.0,0.0
2024-01-29 00:00:00-05:00,38.84000015258789,39.224998474121094,38.529998779296875,39.20000076293945,524800,0.0,0.0
2024-01-30 00:00:00-05:00,39.18000030517578,39.18000030517578,38.650001525878906,38.90999984741211,497700,0.0,0.0
2024-01-31 00:00:00-05:00,38.90999984741211,39.040000915527344,37.66999816894531,37.79999923706055,761800,0.0,0.0
2024-02-01 00:00:00-05:00,37.84000015258789,38.2400016784668,37.560001373291016,37.90999984741211,690800,0.0,0.0
2024-02-02 00:00:00-05:00,37.97999954223633,38.029998779296875,37.17499923706055,37.880001068115234,624900,0.0,0.0
2024-02-05 00:00:00-05:00,37.7400016784668,37.85499954223633,36.97999954223633,37.130001068115234,675700,0.0,0.0
2024-02-06 00:00:00-05:00,37.0,37.77000045776367,36.619998931884766,37.25,1021600,0.0,0.0
2024-02-07 00:00:00-05:00,37.45000076293945,37.4900016784668,35.9900016784668,36.15999984741211,852100,0.0,0.0
2024-02-08 00:00:00-05:00,36.27000045776367,36.52000045776367,35.63999938964844,35.880001068115234,1310800,0.0,0.0
2024-02-09 00:00:00-05:00,35.689998626708984,35.81999969482422,34.86000061035156,35.16999816894531,1192300,0.0,0.0
2024-02-12 00:00:00-05:00,35.27000045776367,36.06999969482422,35.11000061035156,35.959999084472656,979000,0.0,0.0
2024-02-13 00:00:00-05:00,35.560001373291016,35.88999938964844,34.959999084472656,35.459999084472656,1115500,0.0,0.0
2024-02-14 00:00:00-05:00,35.63999938964844,35.63999938964844,34.880001068115234,35.529998779296875,1085600,0.0,0.0
2024-02-15 00:00:00-05:00,35.68000030517578,36.38999938964844,35.52000045776367,36.36000061035156,835000,0.0,0.0
2024-02-16 00:00:00-05:00,36.36000061035156,36.41999816894531,35.650001525878906,35.66999816894531,627500,0.0,0.0
2024-02-20 00:00:00-05:00,35.56999969482422,36.334999084472656,35.04499816894531,35.18000030517578,1029200,0.0,0.0
2024-02-21 00:00:00-05:00,35.16999816894531,35.43000030517578,34.79999923706055,35.43000030517578,988900,0.0,0.0
2024-02-22 00:00:00-05:00,35.08000183105469,35.77000045776367,34.86000061035156,35.63999938964844,705400,0.0,0.0
2024-02-23 00:00:00-05:00,35.709999084472656,35.720001220703125,35.2599983215332,35.59000015258789,484700,0.0,0.0
2024-02-26 00:00:00-05:00,35.5,35.540000915527344,34.970001220703125,35.09000015258789,624000,0.0,0.0
2024-02-27 00:00:00-05:00,35.20000076293945,35.22999954223633,34.77000045776367,35.060001373291016,690800,0.0,0.0
2024-02-28 00:00:00-05:00,35.060001373291016,35.7599983215332,34.83000183105469,35.38999938964844,686600,0.0,0.0
2024-02-29 00:00:00-05:00,35.880001068115234,35.880001068115234,35.25,35.47999954223633,855000,0.0,0.0
2024-03-01 00:00:00-05:00,35.5099983215332,35.904998779296875,35.11000061035156,35.150001525878906,528400,0.0,0.0
2024-03-04 00:00:00-05:00,35.31999969482422,35.41999816894531,34.20000076293945,34.5099983215332,779100,0.0,0.0
2024-03-05 00:00:00-05:00,34.619998931884766,34.70500183105469,33.84000015258789,33.869998931884766,1005200,0.0,0.0
2024-03-06 00:00:00-05:00,34.04999923706055,34.1349983215332,33.189998626708984,33.20000076293945,1240700,0.0,0.0
2024-03-07 00:00:00-05:00,33.29999923706055,33.650001525878906,32.85499954223633,33.040000915527344,1473500,0.0,0.0
2024-03-08 00:00:00-05:00,33.25,33.7599983215332,32.93000030517578,33.47999954223633,941300,0.0,0.0
2024-03-11 00:00:00-04:00,33.40999984741211,33.849998474121094,33.40999984741211,33.779998779296875,604400,0.0,0.0
2024-03-12 00:00:00-04:00,33.61000061035156,34.16999816894531,33.56999969482422,33.9900016784668,804000,0.0,0.0
2024-03-13 00:00:00-04:00,34.02000045776367,34.45500183105469,33.97999954223633,34.04999923706055,597800,0.0,0.0
2024-03-14 00:00:00-04:00,34.029998779296875,34.16999816894531,33.20000076293945,33.56999969482422,729800,0.0,0.0
2024-03-15 00:00:00-04:00,33.36000061035156,33.82500076293945,32.880001068115234,33.380001068115234,1488400,0.0,0.0
2024-03-18 00:00:00-04:00,33.470001220703125,34.5,33.43000030517578,34.209999084472656,880700,0.0,0.0
2024-03-19 00:00:00-04:00,34.09000015258789,35.810001373291016,34.09000015258789,35.7400016784668,1164400,0.0,0.0
2024-03-20 00:00:00-04:00,35.310001373291016,35.57500076293945,33.43000030517578,33.4900016784668,2014700,0.0,0.0
2024-03-21 00:00:00-04:00,33.40999984741211,33.81999969482422,33.244998931884766,33.459999084472656,1724700,0.0,0.0
2024-03-22 00:00:00-04:00,33.599998474121094,33.66999816894531,32.83000183105469,33.369998931884766,954300,0.0,0.0
2024-03-25 00:00:00-04:00,33.4900016784668,33.64500045776367,32.97999954223633,33.20000076293945,622200,0.0,0.0
2024-03-26 00:00:00-04:00,33.27000045776367,33.630001068115234,33.04999923706055,33.599998474121094,490400,0.0,0.0
2024-03-27 00:00:00-04:00,33.849998474121094,34.12900161743164,33.75,33.88999938964844,433900,0.0,0.0
2024-03-28 00:00:00-04:00,33.79999923706055,34.22999954223633,33.7599983215332,34.029998779296875,601200,0.0,0.0
2024-04-01 00:00:00-04:00,33.9900016784668,34.2400016784668,33.52000045776367,34.150001525878906,866100,0.0,0.0
2024-04-02 00:00:00-04:00,34.25,34.25,33.10499954223633,33.209999084472656,1593900,0.0,0.0
2024-04-03 00:00:00-04:00,33.130001068115234,33.22999954223633,32.47999954223633,32.59000015258789,1732600,0.0,0.0
2024-04-04 00:00:00-04:00,31.6299991607666,33.20000076293945,30.0,32.72999954223633,2744000,0.0,0.0
2024-04-05 00:00:00-04:00,32.900001525878906,32.900001525878906,31.700000762939453,32.20000076293945,1881500,0.0,0.0
2024-04-08 00:00:00-04:00,32.29999923706055,32.869998931884766,32.15999984741211,32.27000045776367,1352300,0.0,0.0
2024-04-09 00:00:00-04:00,32.40999984741211,32.81999969482422,32.25,32.79999923706055,1149900,0.0,0.0
2024-04-10 00:00:00-04:00,32.400001525878906,32.57500076293945,31.829999923706055,32.400001525878906,714800,0.0,0.0
2024-04-11 00:00:00-04:00,32.47999954223633,32.650001525878906,31.94499969482422,32.13999938964844,534000,0.0,0.0
2024-04-12 00:00:00-04:00,32.0099983215332,32.0099983215332,31.454999923706055,31.899999618530273,558100,0.0,0.0
2024-04-15 00:00:00-04:00,31.90999984741211,32.31999969482422,31.739999771118164,31.75,834600,0.0,0.0
2024-04-16 00:00:00-04:00,32.029998779296875,33.060001373291016,31.940000534057617,33.0,1347400,0.0,0.0
2024-04-17 00:00:00-04:00,33.0,33.09000015258789,32.470001220703125,32.7400016784668,1007100,0.0,0.0
2024-04-18 00:00:00-04:00,32.79999923706055,32.93000030517578,32.1510009765625,32.40999984741211,625500,0.0,0.0
2024-04-19 00:00:00-04:00,32.29999923706055,33.310001373291016,32.290000915527344,33.16999816894531,938800,0.0,0.0
2024-04-22 00:00:00-04:00,32.849998474121094,33.119998931884766,32.75,32.90999984741211,984300,0.0,0.0
2024-04-23 00:00:00-04:00,32.68000030517578,33.97999954223633,32.400001525878906,33.810001373291016,1986200,0.0,0.0
2024-04-24 00:00:00-04:00,33.369998931884766,34.400001525878906,33.130001068115234,34.34000015258789,1095900,0.0,0.0
2024-04-25 00:00:00-04:00,34.470001220703125,35.439998626708984,34.41999816894531,34.619998931884766,1213500,0.0,0.0
2024-04-26 00:00:00-04:00,34.2400016784668,34.7400016784668,34.22999954223633,34.400001525878906,611100,0.0,0.0
2024-04-29 00:00:00-04:00,34.52000045776367,34.650001525878906,34.06999969482422,34.25,543900,0.0,0.0
2024-04-30 00:00:00-04:00,34.65999984741211,37.09000015258789,34.150001525878906,36.45000076293945,2578400,0.0,0.0
2024-05-01 00:00:00-04:00,36.290000915527344,36.959999084472656,35.880001068115234,36.75,1371800,0.0,0.0
2024-05-02 00:00:00-04:00,36.75,37.119998931884766,36.47999954223633,37.029998779296875,910000,0.0,0.0
2024-05-03 00:00:00-04:00,37.209999084472656,37.5,36.630001068115234,37.34000015258789,789400,0.0,0.0
2024-05-06 00:00:00-04:00,37.36000061035156,37.630001068115234,36.38999938964844,36.77000045776367,853700,0.0,0.0
2024-05-07 00:00:00-04:00,36.939998626708984,37.58000183105469,36.939998626708984,37.29999923706055,716100,0.0,0.0
2024-05-08 00:00:00-04:00,37.0,37.56999969482422,37.0,37.29999923706055,521800,0.0,0.0
2024-05-09 00:00:00-04:00,37.36000061035156,37.599998474121094,36.90999984741211,37.58000183105469,557000,0.0,0.0
2024-05-10 00:00:00-04:00,37.59000015258789,38.41999816894531,37.584999084472656,37.709999084472656,723300,0.0,0.0
2024-05-13 00:00:00-04:00,37.650001525878906,38.220001220703125,37.4900016784668,38.13999938964844,422200,0.0,0.0
2024-05-14 00:00:00-04:00,38.25,38.82500076293945,37.689998626708984,37.849998474121094,599600,0.0,0.0
2024-05-15 00:00:00-04:00,37.970001220703125,37.970001220703125,36.90999984741211,37.150001525878906,710800,0.0,0.0
2024-05-16 00:00:00-04:00,37.27000045776367,37.63999938964844,36.97999954223633,37.5,537300,0.0,0.0
2024-05-17 00:00:00-04:00,37.43000030517578,37.54999923706055,36.849998474121094,37.529998779296875,908300,0.0,0.0
2024-05-20 00:00:00-04:00,37.47999954223633,37.9900016784668,37.22999954223633,37.7400016784668,601500,0.0,0.0
2024-05-21 00:00:00-04:00,37.72999954223633,37.869998931884766,37.18000030517578,37.790000915527344,573800,0.0,0.0
2024-05-22 00:00:00-04:00,37.630001068115234,37.77000045776367,37.439998626708984,37.4900016784668,507400,0.0,0.0
2024-05-23 00:00:00-04:00,37.41999816894531,37.5099983215332,36.9900016784668,37.119998931884766,532700,0.0,0.0
2024-05-24 00:00:00-04:00,37.310001373291016,37.314998626708984,36.93000030517578,37.209999084472656,436400,0.0,0.0
2024-05-28 00:00:00-04:00,37.119998931884766,37.52000045776367,36.470001220703125,36.959999084472656,541600,0.0,0.0
2024-05-29 00:00:00-04:00,36.79999923706055,37.08000183105469,36.65999984741211,36.7400016784668,486900,0.0,0.0
2024-05-30 00:00:00-04:00,37.11000061035156,37.959999084472656,36.959999084472656,37.630001068115234,665900,0.0,0.0
2024-05-31 00:00:00-04:00,37.58000183105469,38.56999969482422,37.58000183105469,38.4900016784668,607700,0.0,0.0
2024-06-03 00:00:00-04:00,38.47999954223633,38.84000015258789,37.599998474121094,37.75,758400,0.0,0.0
2024-06-04 00:00:00-04:00,37.77000045776367,37.78499984741211,37.119998931884766,37.560001373291016,614300,0.0,0.0
2024-06-05 00:00:00-04:00,37.560001373291016,37.564998626708984,37.13999938964844,37.349998474121094,348400,0.0,0.0
2024-06-06 00:00:00-04:00,37.220001220703125,37.54999923706055,37.060001373291016,37.099998474121094,321300,0.0,0.0
2024-06-07 00:00:00-04:00,36.91999816894531,37.400001525878906,36.790000915527344,37.18000030517578,422400,0.0,0.0
2024-06-10 00:00:00-04:00,36.869998931884766,36.880001068115234,35.959999084472656,36.7400016784668,491700,0.0,0.0
2024-06-11 00:00:00-04:00,36.54999923706055,37.04999923706055,36.130001068115234,37.029998779296875,506000,0.0,0.0
2024-06-12 00:00:00-04:00,37.27000045776367,37.27000045776367,36.63999938964844,36.75,777800,0.0,0.0
2024-06-13 00:00:00-04:00,36.66999816894531,36.81999969482422,36.34000015258789,36.599998474121094,427200,0.0,0.0
2024-06-14 00:00:00-04:00,36.66999816894531,36.939998626708984,36.33000183105469,36.41999816894531,506200,0.0,0.0
2024-06-17 00:00:00-04:00,36.470001220703125,36.59000015258789,35.88999938964844,36.09000015258789,707100,0.0,0.0
2024-06-18 00:00:00-04:00,35.95000076293945,36.65999984741211,35.7400016784668,36.5,633200,0.0,0.0
2024-06-20 00:00:00-04:00,36.34000015258789,36.779998779296875,36.17300033569336,36.290000915527344,541300,0.0,0.0
2024-06-21 00:00:00-04:00,36.2599983215332,37.06999969482422,36.16999816894531,36.939998626708984,1283600,0.0,0.0
2024-06-24 00:00:00-04:00,37.040000915527344,37.29999923706055,36.59000015258789,36.7599983215332,915100,0.0,0.0
2024-06-25 00:00:00-04:00,36.86000061035156,37.43000030517578,36.349998474121094,37.02000045776367,1005900,0.0,0.0
2024-06-26 00:00:00-04:00,36.72999954223633,36.90999984741211,36.099998474121094,36.15999984741211,1284100,0.0,0.0
2024-06-27 00:00:00-04:00,38.27000045776367,38.439998626708984,35.22999954223633,35.689998626708984,1761500,0.0,0.0
2024-06-28 00:00:00-04:00,35.790000915527344,36.33000183105469,35.529998779296875,36.130001068115234,1687400,0.0,0.0
2024-07-01 00:00:00-04:00,36.11000061035156,36.400001525878906,35.41999816894531,35.77000045776367,817600,0.0,0.0
2024-07-02 00:00:00-04:00,36.189998626708984,36.189998626708984,35.459999084472656,35.79999923706055,813600,0.0,0.0
2024-07-03 00:00:00-04:00,35.650001525878906,35.959999084472656,35.439998626708984,35.869998931884766,422800,0.0,0.0
2024-07-05 00:00:00-04:00,35.849998474121094,36.36000061035156,35.619998931884766,36.220001220703125,910900,0.0,0.0
2024-07-08 00:00:00-04:00,36.220001220703125,36.43000030517578,35.869998931884766,35.959999084472656,799500,0.0,0.0
2024-07-09 00:00:00-04:00,35.90999984741211,36.04999923706055,35.58000183105469,35.84000015258789,731300,0.0,0.0
2024-07-10 00:00:00-04:00,35.900001525878906,36.290000915527344,35.810001373291016,36.189998626708984,695300,0.0,0.0
2024-07-11 00:00:00-04:00,36.31999969482422,37.04999923706055,36.20000076293945,36.65999984741211,847100,0.0,0.0
2024-07-12 00:00:00-04:00,37.040000915527344,37.2400016784668,36.61000061035156,36.65999984741211,684600,0.0,0.0
2024-07-15 00:00:00-04:00,36.81999969482422,37.27000045776367,36.189998626708984,36.58000183105469,1382300,0.0,0.0
2024-07-16 00:00:00-04:00,36.86000061035156,37.31999969482422,36.459999084472656,37.18000030517578,835000,0.0,0.0
2024-07-17 00:00:00-04:00,37.29999923706055,38.08000183105469,36.720001220703125,37.0099983215332,1133700,0.0,0.0
2024-07-18 00:00:00-04:00,36.95000076293945,37.869998931884766,36.71500015258789,37.209999084472656,1458300,0.0,0.0
2024-07-19 00:00:00-04:00,37.439998626708984,37.439998626708984,35.56999969482422,35.88999938964844,828500,0.0,0.0
2024-07-22 00:00:00-04:00,35.790000915527344,35.790000915527344,34.04999923706055,34.95000076293945,1465400,0.0,0.0
2024-07-23 00:00:00-04:00,34.95000076293945,35.25,33.47999954223633,33.54999923706055,1498800,0.0,0.0
2024-07-24 00:00:00-04:00,33.58000183105469,34.150001525878906,33.33000183105469,33.45000076293945,1125800,0.0,0.0
2024-07-25 00:00:00-04:00,33.70000076293945,33.9900016784668,33.150001525878906,33.15999984741211,1394100,0.0,0.0
2024-07-26 00:00:00-04:00,33.40999984741211,33.959999084472656,33.349998474121094,33.77000045776367,1160700,0.0,0.0
2024-07-29 00:00:00-04:00,34.029998779296875,34.60499954223633,33.93000030517578,34.4900016784668,877500,0.0,0.0
2024-07-30 00:00:00-04:00,34.220001220703125,34.43000030517578,33.974998474121094,34.08000183105469,575300,0.0,0.0
2024-07-31 00:00:00-04:00,34.290000915527344,34.4900016784668,33.849998474121094,33.91999816894531,916300,0.0,0.0
2024-08-01 00:00:00-04:00,33.869998931884766,34.459999084472656,33.75,34.029998779296875,854700,0.0,0.0
2024-08-02 00:00:00-04:00,33.7599983215332,34.27000045776367,33.599998474121094,34.13999938964844,1549300,0.0,0.0
2024-08-05 00:00:00-04:00,33.88999938964844,34.040000915527344,32.209999084472656,32.220001220703125,1207800,0.0,0.0
2024-08-06 00:00:00-04:00,32.2400016784668,32.459999084472656,31.81999969482422,32.11000061035156,891300,0.0,0.0
2024-08-07 00:00:00-04:00,32.34000015258789,32.619998931884766,32.09000015258789,32.34000015258789,669800,0.0,0.0
2024-08-08 00:00:00-04:00,32.380001068115234,32.7400016784668,31.860000610351562,32.02000045776367,613900,0.0,0.0
2024-08-09 00:00:00-04:00,32.0,32.775001525878906,31.639999389648438,32.56999969482422,733000,0.0,0.0
2024-08-12 00:00:00-04:00,32.439998626708984,32.595001220703125,31.889999389648438,32.20000076293945,875400,0.0,0.0
2024-08-13 00:00:00-04:00,32.33000183105469,32.7400016784668,32.13999938964844,32.529998779296875,569500,0.0,0.0
2024-08-14 00:00:00-04:00,32.5,33.494998931884766,32.5,33.0,603400,0.0,0.0
2024-08-15 00:00:00-04:00,33.5099983215332,33.869998931884766,33.060001373291016,33.27000045776367,911800,0.0,0.0
2024-08-16 00:00:00-04:00,33.290000915527344,33.72999954223633,32.59000015258789,32.959999084472656,785500,0.0,0.0
2024-08-19 00:00:00-04:00,33.06999969482422,33.13999938964844,32.61000061035156,32.7599983215332,1014800,0.0,0.0
2024-08-20 00:00:00-04:00,32.68000030517578,32.80500030517578,32.224998474121094,32.470001220703125,669700,0.0,0.0
2024-08-21 00:00:00-04:00,33.0,33.07500076293945,32.61000061035156,32.88999938964844,758200,0.0,0.0
2024-08-22 00:00:00-04:00,32.810001373291016,32.85499954223633,31.790000915527344,31.860000610351562,839600,0.0,0.0
2024-08-23 00:00:00-04:00,32.04999923706055,32.40999984741211,31.889999389648438,31.959999084472656,912200,0.0,0.0
2024-08-26 00:00:00-04:00,32.220001220703125,32.349998474121094,31.610000610351562,31.700000762939453,762400,0.0,0.0
2024-08-27 00:00:00-04:00,31.84000015258789,32.38999938964844,31.579999923706055,32.16999816894531,1143900,0.0,0.0
2024-08-28 00:00:00-04:00,32.22999954223633,32.23500061035156,31.520000457763672,31.780000686645508,961500,0.0,0.0
2024-08-29 00:00:00-04:00,31.899999618530273,31.899999618530273,31.25,31.309999465942383,965400,0.0,0.0
2024-08-30 00:00:00-04:00,31.40999984741211,31.68000030517578,31.299999237060547,31.59000015258789,849900,0.0,0.0
2024-09-03 00:00:00-04:00,31.399999618530273,32.558998107910156,31.360000610351562,32.290000915527344,1155300,0.0,0.0
2024-09-04 00:00:00-04:00,32.20000076293945,32.8489990234375,32.20000076293945,32.75,1002400,0.0,0.0
2024-09-05 00:00:00-04:00,32.81999969482422,33.77000045776367,32.52000045776367,33.63999938964844,1605000,0.0,0.0
2024-09-06 00:00:00-04:00,33.54999923706055,33.72999954223633,32.540000915527344,32.65999984741211,957600,0.0,0.0
2024-09-09 00:00:00-04:00,32.45000076293945,33.599998474121094,32.11000061035156,33.40999984741211,1107800,0.0,0.0
2024-09-10 00:00:00-04:00,33.2599983215332,33.790000915527344,33.029998779296875,33.529998779296875,1301700,0.0,0.0
2024-09-11 00:00:00-04:00,33.29999923706055,33.36000061035156,32.61000061035156,33.34000015258789,640600,0.0,0.0
2024-09-12 00:00:00-04:00,33.380001068115234,33.599998474121094,33.08000183105469,33.369998931884766,469100,0.0,0.0
2024-09-13 00:00:00-04:00,33.689998626708984,34.290000915527344,33.47999954223633,34.150001525878906,672700,0.0,0.0
2024-09-16 00:00:00-04:00,34.310001373291016,34.41999816894531,33.82500076293945,33.88999938964844,1089000,0.0,0.0
2024-09-17 00:00:00-04:00,33.9900016784668,34.13999938964844,33.474998474121094,33.5099983215332,738000,0.0,0.0
2024-09-18 00:00:00-04:00,33.369998931884766,34.33000183105469,33.31999969482422,33.599998474121094,1297500,0.0,0.0
2024-09-19 00:00:00-04:00,33.70000076293945,34.34000015258789,33.38999938964844,34.310001373291016,742100,0.0,0.0
2024-09-20 00:00:00-04:00,34.380001068115234,34.61000061035156,33.880001068115234,33.88999938964844,2132200,0.0,0.0
2024-09-23 00:00:00-04:00,33.66999816894531,34.13999938964844,33.22999954223633,34.11000061035156,1045200,0.0,0.0
2024-09-24 00:00:00-04:00,34.2400016784668,34.494998931884766,33.81999969482422,34.38999938964844,753300,0.0,0.0
2024-09-25 00:00:00-04:00,34.5,34.57500076293945,33.77000045776367,34.029998779296875,769400,0.0,0.0
2024-09-26 00:00:00-04:00,34.209999084472656,34.52399826049805,33.9900016784668,34.2599983215332,743900,0.0,0.0
2024-09-27 00:00:00-04:00,34.529998779296875,34.849998474121094,34.3849983215332,34.70000076293945,749900,0.0,0.0
2024-09-30 00:00:00-04:00,34.619998931884766,34.97999954223633,34.4900016784668,34.77000045776367,552400,0.0,0.0
2024-10-01 00:00:00-04:00,34.79999923706055,35.005001068115234,34.22999954223633,34.849998474121094,891600,0.0,0.0
2024-10-02 00:00:00-04:00,34.63999938964844,34.63999938964844,33.18000030517578,33.779998779296875,1272500,0.0,0.0
2024-10-03 00:00:00-04:00,33.61000061035156,34.33000183105469,33.47999954223633,34.099998474121094,599900,0.0,0.0
2024-10-04 00:00:00-04:00,34.09000015258789,34.560001373291016,33.98500061035156,34.209999084472656,512800,0.0,0.0
2024-10-07 00:00:00-04:00,34.27000045776367,34.279998779296875,33.61000061035156,33.79999923706055,719500,0.0,0.0
2024-10-08 00:00:00-04:00,33.90999984741211,34.10499954223633,33.36000061035156,33.380001068115234,524500,0.0,0.0
2024-10-09 00:00:00-04:00,33.290000915527344,33.65999984741211,33.099998474121094,33.31999969482422,541300,0.0,0.0
2024-10-10 00:00:00-04:00,33.22999954223633,33.93899917602539,33.13999938964844,33.869998931884766,604100,0.0,0.0
2024-10-11 00:00:00-04:00,33.84000015258789,34.27000045776367,33.70000076293945,33.90999984741211,559400,0.0,0.0
2024-10-14 00:00:00-04:00,33.88999938964844,34.2599983215332,33.66999816894531,34.150001525878906,689900,0.0,0.0
2024-10-15 00:00:00-04:00,34.099998474121094,34.380001068115234,33.97999954223633,34.220001220703125,945200,0.0,0.0
2024-10-16 00:00:00-04:00,34.220001220703125,34.40999984741211,33.750999450683594,33.86000061035156,664500,0.0,0.0
2024-10-17 00:00:00-04:00,33.95000076293945,33.98500061035156,32.970001220703125,33.04999923706055,680400,0.0,0.0
2024-10-18 00:00:00-04:00,33.189998626708984,33.470001220703125,33.064998626708984,33.15999984741211,697500,0.0,0.0
2024-10-21 00:00:00-04:00,33.209999084472656,33.33000183105469,32.4900016784668,32.599998474121094,506600,0.0,0.0
2024-10-22 00:00:00-04:00,32.59000015258789,32.79499816894531,32.41999816894531,32.5099983215332,552100,0.0,0.0
2024-10-23 00:00:00-04:00,32.310001373291016,32.59000015258789,32.099998474121094,32.25,1393000,0.0,0.0
2024-10-24 00:00:00-04:00,32.689998626708984,33.72999954223633,32.310001373291016,33.33000183105469,1590600,0.0,0.0
2024-10-25 00:00:00-04:00,33.20000076293945,33.97999954223633,33.029998779296875,33.459999084472656,933700,0.0,0.0
2024-10-28 00:00:00-04:00,33.720001220703125,34.310001373291016,33.63999938964844,33.84000015258789,818900,0.0,0.0
2024-10-29 00:00:00-04:00,33.66999816894531,33.994998931884766,33.45000076293945,33.77000045776367,667700,0.0,0.0
2024-10-30 00:00:00-04:00,33.75,33.9900016784668,33.689998626708984,33.939998626708984,484600,0.0,0.0
2024-10-31 00:00:00-04:00,33.810001373291016,34.0099983215332,33.65999984741211,33.65999984741211,570900,0.0,0.0
2024-11-01 00:00:00-04:00,33.83000183105469,34.130001068115234,33.77000045776367,34.099998474121094,539200,0.0,0.0
2024-11-04 00:00:00-05:00,34.16999816894531,34.40999984741211,33.959999084472656,34.310001373291016,639300,0.0,0.0
2024-11-05 00:00:00-05:00,34.33000183105469,34.86000061035156,34.060001373291016,34.84000015258789,787600,0.0,0.0
2024-11-06 00:00:00-05:00,35.959999084472656,36.45000076293945,35.529998779296875,36.04999923706055,1225100,0.0,0.0
2024-11-07 00:00:00-05:00,36.099998474121094,36.11000061035156,35.47999954223633,35.66999816894531,1171600,0.0,0.0
2024-11-08 00:00:00-05:00,35.529998779296875,36.25,35.33000183105469,36.22999954223633,730600,0.0,0.0
2024-11-11 00:00:00-05:00,36.630001068115234,36.90999984741211,36.119998931884766,36.880001068115234,778300,0.0,0.0
2024-11-12 00:00:00-05:00,36.90999984741211,37.154998779296875,36.619998931884766,36.709999084472656,995200,0.0,0.0
2024-11-13 00:00:00-05:00,36.779998779296875,36.779998779296875,36.28499984741211,36.470001220703125,724400,0.0,0.0
2024-11-14 00:00:00-05:00,36.91999816894531,37.744998931884766,36.77000045776367,37.31999969482422,1477600,0.0,0.0
2024-11-15 00:00:00-05:00,37.459999084472656,37.63999938964844,36.25,36.709999084472656,892800,0.0,0.0
2024-11-18 00:00:00-05:00,36.93000030517578,38.33000183105469,36.77000045776367,37.779998779296875,1619300,0.0,0.0
2024-11-19 00:00:00-05:00,37.779998779296875,38.040000915527344,36.64799880981445,38.0,936100,0.0,0.0
2024-11-20 00:00:00-05:00,37.95000076293945,39.540000915527344,37.68000030517578,39.13999938964844,2184000,0.0,0.0
2024-11-21 00:00:00-05:00,39.119998931884766,39.2599983215332,38.45199966430664,39.11000061035156,1582400,0.0,0.0
2024-11-22 00:00:00-05:00,39.11000061035156,39.415000915527344,38.755001068115234,39.0099983215332,1032700,0.0,0.0
2024-11-25 00:00:00-05:00,38.97999954223633,40.0,38.97999954223633,39.84000015258789,1210900,0.0,0.0
2024-11-26 00:00:00-05:00,39.81999969482422,40.279998779296875,39.709999084472656,40.0099983215332,1021200,0.0,0.0
2024-11-27 00:00:00-05:00,40.27000045776367,40.525001525878906,39.709999084472656,39.91999816894531,583800,0.0,0.0
2024-11-29 00:00:00-05:00,40.209999084472656,40.255001068115234,39.720001220703125,39.790000915527344,523300,0.0,0.0
2024-12-02 00:00:00-05:00,39.79999923706055,39.8650016784668,39.375,39.80500030517578,599100,0.0,0.0
2024-12-03 00:00:00-05:00,39.84000015258789,40.0,39.619998931884766,39.70000076293945,588000,0.0,0.0
2024-12-04 00:00:00-05:00,39.560001373291016,39.959999084472656,39.36000061035156,39.45000076293945,748200,0.0,0.0
2024-12-05 00:00:00-05:00,39.54999923706055,39.654998779296875,38.91999816894531,39.02000045776367,705100,0.0,0.0
2024-12-06 00:00:00-05:00,39.209999084472656,39.529998779296875,38.900001525878906,39.16999816894531,700500,0.0,0.0
2024-12-09 00:00:00-05:00,39.380001068115234,39.939998626708984,39.33000183105469,39.880001068115234,626500,0.0,0.0
2024-12-10 00:00:00-05:00,39.849998474121094,39.849998474121094,39.189998626708984,39.54999923706055,817200,0.0,0.0
2024-12-11 00:00:00-05:00,39.72999954223633,40.060001373291016,39.470001220703125,39.540000915527344,735100,0.0,0.0
2024-12-12 00:00:00-05:00,39.630001068115234,40.11000061035156,39.40399932861328,39.61000061035156,844600,0.0,0.0
2024-12-13 00:00:00-05:00,39.560001373291016,39.66999816894531,39.209999084472656,39.66999816894531,944100,0.0,0.0
2024-12-16 00:00:00-05:00,39.720001220703125,40.314998626708984,39.44499969482422,39.900001525878906,652300,0.0,0.0
2024-12-17 00:00:00-05:00,39.72999954223633,40.25,39.400001525878906,39.7400016784668,1071900,0.0,0.0
2024-12-18 00:00:00-05:00,39.529998779296875,39.845001220703125,38.79999923706055,39.060001373291016,969400,0.0,0.0
2024-12-19 00:00:00-05:00,38.90999984741211,39.11000061035156,38.459999084472656,38.849998474121094,809800,0.0,0.0
2024-12-20 00:00:00-05:00,38.54999923706055,39.400001525878906,38.27000045776367,38.349998474121094,1908700,0.0,0.0
2024-12-23 00:00:00-05:00,38.43000030517578,38.68000030517578,37.93000030517578,38.130001068115234,479300,0.0,0.0
2024-12-24 00:00:00-05:00,38.16999816894531,38.65999984741211,38.0,38.58000183105469,173600,0.0,0.0
2024-12-26 00:00:00-05:00,38.45000076293945,39.13999938964844,38.220001220703125,39.0,463100,0.0,0.0
2024-12-27 00:00:00-05:00,38.720001220703125,39.310001373291016,38.43000030517578,38.790000915527344,876100,0.0,0.0
2024-12-30 00:00:00-05:00,38.70000076293945,38.970001220703125,38.154998779296875,38.720001220703125,829100,0.0,0.0
2024-12-31 00:00:00-05:00,38.689998626708984,39.130001068115234,38.689998626708984,38.97999954223633,624900,0.0,0.0
2025-01-02 00:00:00-05:00,39.06999969482422,39.22999954223633,38.525001525878906,39.0099983215332,707800,0.0,0.0
2025-01-03 00:00:00-05:00,39.189998626708984,39.54999923706055,38.849998474121094,39.5,868100,0.0,0.0
2025-01-06 00:00:00-05:00,39.25,39.60499954223633,36.95000076293945,37.040000915527344,1845900,0.0,0.0
2025-01-07 00:00:00-05:00,37.209999084472656,38.01499938964844,36.72999954223633,36.7599983215332,2103700,0.0,0.0
2025-01-08 00:00:00-05:00,35.77000045776367,37.1349983215332,35.70000076293945,35.84000015258789,2736000,0.0,0.0
2025-01-10 00:00:00-05:00,35.20000076293945,35.3650016784668,33.86000061035156,34.36000061035156,1929400,0.0,0.0
2025-01-13 00:00:00-05:00,34.27000045776367,34.95000076293945,34.154998779296875,34.470001220703125,1421700,0.0,0.0
2025-01-14 00:00:00-05:00,34.47999954223633,34.61000061035156,33.939998626708984,34.099998474121094,1117000,0.0,0.0
2025-01-15 00:00:00-05:00,34.369998931884766,34.55500030517578,32.849998474121094,32.97999954223633,1026900,0.0,0.0
2025-01-16 00:00:00-05:00,33.040000915527344,33.347999572753906,32.61000061035156,33.310001373291016,1090300,0.0,0.0
2025-01-17 00:00:00-05:00,33.72999954223633,34.130001068115234,33.400001525878906,33.869998931884766,1008700,0.0,0.0
2025-01-21 00:00:00-05:00,34.11000061035156,36.150001525878906,34.11000061035156,36.040000915527344,1055300,0.0,0.0
2025-01-22 00:00:00-05:00,36.06999969482422,37.209999084472656,36.040000915527344,37.15999984741211,1148100,0.0,0.0
2025-01-23 00:00:00-05:00,36.88999938964844,37.77000045776367,36.32500076293945,37.619998931884766,1663400,0.0,0.0
2025-01-24 00:00:00-05:00,37.38999938964844,37.810001373291016,37.130001068115234,37.5,1089200,0.0,0.0
2025-01-27 00:00:00-05:00,37.31999969482422,40.0099983215332,37.31999969482422,39.33000183105469,1893900,0.0,0.0
2025-01-28 00:00:00-05:00,39.150001525878906,39.28900146484375,38.060001373291016,38.13999938964844,852500,0.0,0.0
2025-01-29 00:00:00-05:00,37.38999938964844,38.810001373291016,37.38999938964844,38.45000076293945,1029900,0.0,0.0
2025-01-30 00:00:00-05:00,38.63999938964844,38.66999816894531,37.93000030517578,38.29999923706055,1217100,0.0,0.0
2025-01-31 00:00:00-05:00,38.029998779296875,38.380001068115234,37.68000030517578,38.0,1123900,0.0,0.0
2025-02-03 00:00:00-05:00,37.65999984741211,38.38999938964844,37.4900016784668,37.4900016784668,788800,0.0,0.0
2025-02-04 00:00:00-05:00,37.4900016784668,37.689998626708984,36.9900016784668,37.0,820200,0.0,0.0
2025-02-05 00:00:00-05:00,37.040000915527344,37.38999938964844,36.70000076293945,36.849998474121094,1203800,0.0,0.0
2025-02-06 00:00:00-05:00,37.13999938964844,37.33000183105469,36.70000076293945,37.0,1594400,0.0,0.0
2025-02-07 00:00:00-05:00,37.060001373291016,37.470001220703125,36.4900016784668,36.86000061035156,803500,0.0,0.0
2025-02-10 00:00:00-05:00,37.0099983215332,37.7400016784668,36.665000915527344,37.689998626708984,799300,0.0,0.0
2025-02-11 00:00:00-05:00,37.41999816894531,38.18000030517578,37.41999816894531,38.11000061035156,664100,0.0,0.0
2025-02-12 00:00:00-05:00,37.5,38.32500076293945,37.5,38.08000183105469,530000,0.0,0.0
2025-02-13 00:00:00-05:00,38.22999954223633,38.5,37.90999984741211,38.369998931884766,494100,0.0,0.0
2025-02-14 00:00:00-05:00,38.400001525878906,38.790000915527344,37.685001373291016,37.689998626708984,403400,0.0,0.0
2025-02-18 00:00:00-05:00,37.52000045776367,37.52000045776367,36.70000076293945,37.20000076293945,886000,0.0,0.0
2025-02-19 00:00:00-05:00,37.15999984741211,37.79999923706055,37.05400085449219,37.38999938964844,867100,0.0,0.0
2025-02-20 00:00:00-05:00,37.20000076293945,37.310001373291016,36.709999084472656,37.11000061035156,803400,0.0,0.0
2025-02-21 00:00:00-05:00,37.310001373291016,37.60499954223633,36.91999816894531,37.310001373291016,757400,0.0,0.0
2025-02-24 00:00:00-05:00,37.439998626708984,38.13999938964844,37.150001525878906,37.38999938964844,726800,0.0,0.0
2025-02-25 00:00:00-05:00,37.52000045776367,37.78499984741211,37.27000045776367,37.279998779296875,807800,0.0,0.0
2025-02-26 00:00:00-05:00,37.04999923706055,37.470001220703125,36.779998779296875,37.04999923706055,600600,0.0,0.0
2025-02-27 00:00:00-05:00,36.869998931884766,37.439998626708984,36.869998931884766,37.0099983215332,580200,0.0,0.0
2025-02-28 00:00:00-05:00,37.34000015258789,38.09000015258789,37.11000061035156,37.75,925200,0.0,0.0
2025-03-03 00:00:00-05:00,37.619998931884766,38.11000061035156,37.57500076293945,37.880001068115234,676400,0.0,0.0
2025-03-04 00:00:00-05:00,37.90999984741211,38.15999984741211,36.459999084472656,36.5099983215332,896900,0.0,0.0
2025-03-05 00:00:00-05:00,36.15999984741211,36.689998626708984,35.369998931884766,35.41999816894531,1180900,0.0,0.0
2025-03-06 00:00:00-05:00,35.22999954223633,35.7400016784668,34.439998626708984,35.720001220703125,1009700,0.0,0.0
2025-03-07 00:00:00-05:00,35.869998931884766,37.119998931884766,35.529998779296875,36.529998779296875,955400,0.0,0.0
2025-03-10 00:00:00-04:00,36.4900016784668,37.255001068115234,35.904998779296875,36.09000015258789,1287700,0.0,0.0
2025-03-11 00:00:00-04:00,36.099998474121094,36.400001525878906,35.38999938964844,35.86000061035156,773500,0.0,0.0
2025-03-12 00:00:00-04:00,35.599998474121094,35.75,35.02000045776367,35.04999923706055,842200,0.0,0.0
2025-03-13 00:00:00-04:00,35.0099983215332,35.2400016784668,33.650001525878906,34.27000045776367,789600,0.0,0.0
2025-03-14 00:00:00-04:00,34.13999938964844,34.650001525878906,33.790000915527344,34.529998779296875,583600,0.0,0.0
2025-03-17 00:00:00-04:00,34.540000915527344,34.96500015258789,34.404998779296875,34.45000076293945,592600,0.0,0.0
2025-03-18 00:00:00-04:00,34.45000076293945,34.54999923706055,33.25,33.310001373291016,869700,0.0,0.0
2025-03-19 00:00:00-04:00,33.06999969482422,33.654998779296875,32.625,33.38999938964844,871000,0.0,0.0
2025-03-20 00:00:00-04:00,33.38999938964844,33.7400016784668,33.04999923706055,33.31999969482422,629600,0.0,0.0
2025-03-21 00:00:00-04:00,33.220001220703125,33.47700119018555,32.935001373291016,33.0,1093900,0.0,0.0
2025-03-24 00:00:00-04:00,33.06999969482422,33.42499923706055,32.900001525878906,33.400001525878906,685300,0.0,0.0
2025-03-25 00:00:00-04:00,33.22999954223633,33.75,32.83000183105469,33.209999084472656,692800,0.0,0.0
2025-03-26 00:00:00-04:00,33.25,33.66999816894531,33.119998931884766,33.36000061035156,607200,0.0,0.0
2025-03-27 00:00:00-04:00,33.540000915527344,34.06999969482422,33.33000183105469,34.04999923706055,503200,0.0,0.0
2025-03-28 00:00:00-04:00,34.290000915527344,34.41999816894531,33.75,34.400001525878906,539000,0.0,0.0
2025-03-31 00:00:00-04:00,34.25,34.79999923706055,34.04499816894531,34.4900016784668,1024000,0.0,0.0
2025-04-01 00:00:00-04:00,34.36000061035156,35.040000915527344,34.16999816894531,34.81999969482422,1069200,0.0,0.0
2025-04-02 00:00:00-04:00,34.66999816894531,34.85499954223633,34.130001068115234,34.619998931884766,760600,0.0,0.0
2025-04-03 00:00:00-04:00,34.31999969482422,35.400001525878906,33.73699951171875,34.720001220703125,1457200,0.0,0.0
2025-04-04 00:00:00-04:00,34.29999923706055,34.720001220703125,33.630001068115234,33.849998474121094,1161200,0.0,0.0
2025-04-07 00:00:00-04:00,32.459999084472656,34.6150016784668,32.459999084472656,33.88999938964844,1909400,0.0,0.0
2025-04-08 00:00:00-04:00,34.18000030517578,34.375,32.470001220703125,33.189998626708984,2236800,0.0,0.0
2025-04-09 00:00:00-04:00,35.45000076293945,37.39500045776367,34.334999084472656,36.22999954223633,3349500,0.0,0.0
2025-04-10 00:00:00-04:00,35.810001373291016,37.71500015258789,35.560001373291016,36.27000045776367,1505200,0.0,0.0
2025-04-11 00:00:00-04:00,36.68000030517578,38.099998474121094,36.67499923706055,38.0,1731200,0.0,0.0
2025-04-14 00:00:00-04:00,37.81999969482422,38.150001525878906,36.72999954223633,37.56999969482422,1427200,0.0,0.0
2025-04-15 00:00:00-04:00,37.369998931884766,37.95000076293945,36.90999984741211,37.689998626708984,960100,0.0,0.0
2025-04-16 00:00:00-04:00,37.75,38.029998779296875,36.310001373291016,36.4900016784668,843500,0.0,0.0
2025-04-17 00:00:00-04:00,36.459999084472656,37.38999938964844,36.459999084472656,37.310001373291016,884600,0.0,0.0
2025-04-21 00:00:00-04:00,37.02000045776367,37.20000076293945,36.04499816894531,36.189998626708984,940200,0.0,0.0
2025-04-22 00:00:00-04:00,36.52000045776367,36.85499954223633,36.20000076293945,36.2400016784668,712700,0.0,0.0
2025-04-23 00:00:00-04:00,36.20000076293945,36.47999954223633,35.970001220703125,36.189998626708984,1005200,0.0,0.0
2025-04-24 00:00:00-04:00,36.13999938964844,36.48500061035156,35.34000015258789,35.41999816894531,741000,0.0,0.0
2025-04-25 00:00:00-04:00,35.47999954223633,35.494998931884766,34.67499923706055,35.22999954223633,645500,0.0,0.0
2025-04-28 00:00:00-04:00,35.349998474121094,35.689998626708984,35.15999984741211,35.47999954223633,2256900,0.0,0.0
2025-04-29 00:00:00-04:00,35.310001373291016,35.81999969482422,34.970001220703125,35.79999923706055,922100,0.0,0.0
2025-04-30 00:00:00-04:00,35.939998626708984,36.268001556396484,35.459999084472656,36.11000061035156,1151000,0.0,0.0
2025-05-01 00:00:00-04:00,35.88999938964844,36.150001525878906,35.435001373291016,35.959999084472656,820300,0.0,0.0
2025-05-02 00:00:00-04:00,36.22999954223633,36.869998931884766,36.10499954223633,36.70000076293945,722200,0.0,0.0
2025-05-05 00:00:00-04:00,36.400001525878906,36.970001220703125,36.3650016784668,36.90999984741211,695600,0.0,0.0
2025-05-06 00:00:00-04:00,36.720001220703125,36.9900016784668,36.099998474121094,36.189998626708984,678600,0.0,0.0
2025-05-07 00:00:00-04:00,36.220001220703125,36.220001220703125,35.13999938964844,35.369998931884766,932100,0.0,0.0
2025-05-08 00:00:00-04:00,35.45000076293945,35.970001220703125,35.349998474121094,35.83000183105469,630600,0.0,0.0
2025-05-09 00:00:00-04:00,35.66999816894531,36.20500183105469,35.66999816894531,35.81999969482422,778400,0.0,0.0
2025-05-12 00:00:00-04:00,36.18000030517578,36.91999816894531,35.84000015258789,35.959999084472656,1226200,0.0,0.0
2025-05-13 00:00:00-04:00,36.11000061035156,36.36000061035156,35.779998779296875,35.91999816894531,692200,0.0,0.0
2025-05-14 00:00:00-04:00,35.83000183105469,36.150001525878906,35.369998931884766,35.380001068115234,692000,0.0,0.0
2025-05-15 00:00:00-04:00,35.47999954223633,36.060001373291016,35.27000045776367,36.060001373291016,760700,0.0,0.0
2025-05-16 00:00:00-04:00,36.02000045776367,36.61000061035156,35.900001525878906,36.58000183105469,507400,0.0,0.0
2025-05-19 00:00:00-04:00,36.40999984741211,36.40999984741211,35.994998931884766,36.099998474121094,1023100,0.0,0.0
2025-05-20 00:00:00-04:00,36.040000915527344,36.25,35.683998107910156,36.22999954223633,465400,0.0,0.0
2025-05-21 00:00:00-04:00,35.90999984741211,36.13999938964844,34.58000183105469,34.61000061035156,768200,0.0,0.0
2025-05-22 00:00:00-04:00,34.59000015258789,34.849998474121094,34.13999938964844,34.349998474121094,684700,0.0,0.0
2025-05-23 00:00:00-04:00,34.20000076293945,34.630001068115234,33.900001525878906,34.40999984741211,600800,0.0,0.0
2025-05-27 00:00:00-04:00,34.68000030517578,34.95000076293945,34.36000061035156,34.900001525878906,661500,0.0,0.0
2025-05-28 00:00:00-04:00,34.7599983215332,34.97999954223633,34.22999954223633,34.33000183105469,628000,0.0,0.0
2025-05-29 00:00:00-04:00,34.31999969482422,34.58000183105469,34.165000915527344,34.43000030517578,757900,0.0,0.0
2025-05-30 00:00:00-04:00,34.4900016784668,34.79999923706055,34.20500183105469,34.5099983215332,764100,0.0,0.0
2025-06-02 00:00:00-04:00,34.33000183105469,34.599998474121094,33.94499969482422,34.13999938964844,829700,0.0,0.0
2025-06-03 00:00:00-04:00,34.04999923706055,34.540000915527344,33.619998931884766,34.4900016784668,882200,0.0,0.0
2025-06-04 00:00:00-04:00,34.58000183105469,35.154998779296875,33.81999969482422,33.869998931884766,731200,0.0,0.0
2025-06-05 00:00:00-04:00,33.72999954223633,33.97999954223633,32.939998626708984,33.34000015258789,1131100,0.0,0.0
2025-06-06 00:00:00-04:00,33.220001220703125,33.34000015258789,32.709999084472656,33.16999816894531,1611800,0.0,0.0
2025-06-09 00:00:00-04:00,33.20000076293945,34.14500045776367,33.20000076293945,34.119998931884766,1005300,0.0,0.0
2025-06-10 00:00:00-04:00,34.08000183105469,34.31999969482422,33.68000030517578,33.970001220703125,907600,0.0,0.0
2025-06-11 00:00:00-04:00,34.11000061035156,34.15999984741211,32.880001068115234,33.04999923706055,901600,0.0,0.0
2025-06-12 00:00:00-04:00,32.91999816894531,33.23500061035156,32.558998107910156,33.08000183105469,1337600,0.0,0.0
2025-06-13 00:00:00-04:00,32.77000045776367,33.13999938964844,32.2599983215332,32.31999969482422,1768200,0.0,0.0
2025-06-16 00:00:00-04:00,32.52000045776367,32.9900016784668,32.400001525878906,32.970001220703125,1545100,0.0,0.0
2025-06-17 00:00:00-04:00,32.68000030517578,33.040000915527344,32.619998931884766,32.779998779296875,1288600,0.0,0.0
2025-06-18 00:00:00-04:00,32.66999816894531,33.15999984741211,32.64500045776367,32.790000915527344,1031500,0.0,0.0
2025-06-20 00:00:00-04:00,32.93000030517578,33.10499954223633,32.255001068115234,32.290000915527344,941900,0.0,0.0
2025-06-23 00:00:00-04:00,32.40999984741211,32.77000045776367,32.10499954223633,32.599998474121094,757200,0.0,0.0
2025-06-24 00:00:00-04:00,32.84000015258789,32.86000061035156,32.4900016784668,32.720001220703125,1145700,0.0,0.0
2025-06-25 00:00:00-04:00,32.47999954223633,32.560001373291016,31.579999923706055,31.709999084472656,1775900,0.0,0.0
2025-06-26 00:00:00-04:00,31.920000076293945,32.145999908447266,31.600000381469727,31.75,890700,0.0,0.0
2025-06-27 00:00:00-04:00,31.81999969482422,32.01499938964844,31.559999465942383,31.90999984741211,2805900,0.0,0.0
2025-06-30 00:00:00-04:00,31.969999313354492,32.08000183105469,31.450000762939453,31.59000015258789,1499000,0.0,0.0
2025-07-01 00:00:00-04:00,31.520000457763672,33.470001220703125,31.510000228881836,32.43000030517578,1182900,0.0,0.0
2025-07-02 00:00:00-04:00,32.43000030517578,32.53499984741211,31.950000762939453,32.040000915527344,1410400,0.0,0.0
2025-07-03 00:00:00-04:00,32.119998931884766,32.16999816894531,31.510000228881836,32.060001373291016,754400,0.0,0.0
2025-07-07 00:00:00-04:00,31.8799991607666,32.130001068115234,31.290000915527344,31.579999923706055,1879700,0.0,0.0
2025-07-08 00:00:00-04:00,31.520000457763672,32.09000015258789,31.489999771118164,31.8700008392334,1239000,0.0,0.0
2025-07-09 00:00:00-04:00,31.780000686645508,32.36000061035156,31.30500030517578,32.34000015258789,2369000,0.0,0.0
2025-07-10 00:00:00-04:00,31.184999465942383,33.84000015258789,30.46500015258789,32.310001373291016,3376300,0.0,0.0
2025-07-11 00:00:00-04:00,32.47999954223633,32.93000030517578,31.899999618530273,32.88999938964844,2722500,0.0,0.0
2025-07-14 00:00:00-04:00,32.970001220703125,34.10499954223633,32.689998626708984,34.04999923706055,1874300,0.0,0.0
2025-07-15 00:00:00-04:00,34.119998931884766,34.189998626708984,33.040000915527344,33.060001373291016,1507000,0.0,0.0
2025-07-16 00:00:00-04:00,33.0099983215332,33.72999954223633,33.0,33.06999969482422,1294800,0.0,0.0
2025-07-17 00:00:00-04:00,33.06999969482422,33.540000915527344,32.72999954223633,33.36000061035156,1355700,0.0,0.0
2025-07-18 00:00:00-04:00,33.59000015258789,33.63999938964844,32.630001068115234,32.72999954223633,832700,0.0,0.0
2025-07-21 00:00:00-04:00,33.0,33.2400016784668,32.65999984741211,32.75,1453100,0.0,0.0
2025-07-22 00:00:00-04:00,32.72999954223633,33.47999954223633,32.72999954223633,32.869998931884766,2273200,0.0,0.0
2025-07-23 00:00:00-04:00,33.16999816894531,33.439998626708984,32.470001220703125,32.61000061035156,781100,0.0,0.0
2025-07-24 00:00:00-04:00,33.31999969482422,33.439998626708984,32.72200012207031,32.869998931884766,1151800,0.0,0.0
2025-07-25 00:00:00-04:00,32.97999954223633,33.319000244140625,32.86000061035156,33.189998626708984,818700,0.0,0.0
2025-07-28 00:00:00-04:00,32.9900016784668,33.189998626708984,32.06999969482422,32.06999969482422,867200,0.0,0.0
2025-07-29 00:00:00-04:00,32.099998474121094,32.369998931884766,31.5,31.530000686645508,1001600,0.0,0.0
2025-07-30 00:00:00-04:00,31.135000228881836,31.81999969482422,31.0,31.100000381469727,1742500,0.0,0.0
2025-07-31 00:00:00-04:00,30.8700008392334,31.045000076293945,30.329999923706055,30.459999084472656,1282200,0.0,0.0
2025-08-01 00:00:00-04:00,30.479999542236328,30.6299991607666,30.014999389648438,30.049999237060547,916100,0.0,0.0
2025-08-04 00:00:00-04:00,30.030000686645508,30.905000686645508,30.030000686645508,30.65999984741211,1001400,0.0,0.0
2025-08-05 00:00:00-04:00,30.639999389648438,30.780000686645508,29.989999771118164,30.020000457763672,1146600,0.0,0.0
2025-08-06 00:00:00-04:00,30.020000457763672,30.239999771118164,29.729999542236328,29.790000915527344,824400,0.0,0.0
2025-08-07 00:00:00-04:00,29.790000915527344,30.100000381469727,29.510000228881836,30.010000228881836,775100,0.0,0.0
2025-08-08 00:00:00-04:00,30.020000457763672,30.290000915527344,29.40999984741211,29.450000762939453,1061100,0.0,0.0
2025-08-11 00:00:00-04:00,29.469999313354492,29.639999389648438,28.6299991607666,28.889999389648438,1453300,0.0,0.0
2025-08-12 00:00:00-04:00,28.940000534057617,29.309999465942383,28.540000915527344,29.09000015258789,2340600,0.0,0.0
2025-08-13 00:00:00-04:00,29.1200008392334,29.882999420166016,28.934999465942383,29.739999771118164,3481600,0.0,0.0
2025-08-14 00:00:00-04:00,29.5,29.575000762939453,28.920000076293945,29.040000915527344,965300,0.0,0.0
2025-08-15 00:00:00-04:00,29.149999618530273,29.33099937438965,28.280000686645508,28.40999984741211,1281500,0.0,0.0
2025-08-18 00:00:00-04:00,28.40999984741211,28.6200008392334,28.135000228881836,28.309999465942383,1082100,0.0,0.0
2025-08-19 00:00:00-04:00,28.450000762939453,28.979999542236328,28.290000915527344,28.709999084472656,819200,0.0,0.0
2025-08-20 00:00:00-04:00,28.68000030517578,29.260000228881836,28.649999618530273,28.84000015258789,768100,0.0,0.0
2025-08-21 00:00:00-04:00,28.75,29.520000457763672,28.56999969482422,29.3700008392334,1179400,0.0,0.0
2025-08-22 00:00:00-04:00,29.6299991607666,30.360000610351562,29.5049991607666,30.170000076293945,1122000,0.0,0.0
2025-08-25 00:00:00-04:00,29.979999542236328,29.979999542236328,29.229999542236328,29.280000686645508,935900,0.0,0.0
2025-08-26 00:00:00-04:00,29.25,29.44499969482422,28.56399917602539,28.739999771118164,930200,0.0,0.0
2025-08-27 00:00:00-04:00,28.610000610351562,29.139999389648438,28.540000915527344,29.1200008392334,612200,0.0,0.0
2025-08-28 00:00:00-04:00,29.040000915527344,29.31999969482422,28.6200008392334,28.639999389648438,989100,0.0,0.0
2025-08-29 00:00:00-04:00,28.729999542236328,28.969999313354492,28.510000228881836,28.6299991607666,1012800,0.0,0.0
2025-09-02 00:00:00-04:00,28.68000030517578,28.8799991607666,28.479999542236328,28.65999984741211,1133000,0.0,0.0
2025-09-03 00:00:00-04:00,28.8700008392334,28.920000076293945,28.489999771118164,28.65999984741211,1214400,0.0,0.0
2025-09-04 00:00:00-04:00,28.684999465942383,28.709999084472656,28.325000762939453,28.530000686645508,1513000,0.0,0.0
2025-09-05 00:00:00-04:00,28.600000381469727,28.950000762939453,28.225000381469727,28.450000762939453,1302500,0.0,0.0
2025-09-08 00:00:00-04:00,28.3799991607666,28.3799991607666,27.489999771118164,28.18000030517578,1595500,0.0,0.0
2025-09-09 00:00:00-04:00,28.149999618530273,28.280000686645508,27.825000762939453,28.149999618530273,1143100,0.0,0.0
2025-09-10 00:00:00-04:00,27.8799991607666,27.94499969482422,27.084999084472656,27.149999618530273,1148700,0.0,0.0
2025-09-11 00:00:00-04:00,27.1200008392334,27.815000534057617,27.1200008392334,27.670000076293945,1470300,0.0,0.0
2025-09-12 00:00:00-04:00,27.469999313354492,27.524999618530273,27.010000228881836,27.139999389648438,929800,0.0,0.0
2025-09-15 00:00:00-04:00,27.149999618530273,27.190000534057617,26.125,26.139999389648438,2079600,0.0,0.0
2025-09-16 00:00:00-04:00,26.309999465942383,27.1299991607666,26.270000457763672,27.0,1905500,0.0,0.0
2025-09-17 00:00:00-04:00,27.030000686645508,27.30500030517578,26.479999542236328,26.530000686645508,1355300,0.0,0.0
2025-09-18 00:00:00-04:00,26.540000915527344,27.06999969482422,26.40999984741211,26.8799991607666,1188700,0.0,0.0
2025-09-19 00:00:00-04:00,26.90999984741211,26.96500015258789,26.329999923706055,26.360000610351562,2342200,0.0,0.0
2025-09-22 00:00:00-04:00,26.360000610351562,26.405000686645508,26.100000381469727,26.200000762939453,883700,0.0,0.0
2025-09-23 00:00:00-04:00,26.280000686645508,26.290000915527344,25.575000762939453,25.6299991607666,1521000,0.0,0.0
2025-09-24 00:00:00-04:00,25.6299991607666,25.790000915527344,25.25,25.299999237060547,1258300,0.0,0.0
2025-09-25 00:00:00-04:00,25.440000534057617,25.459999084472656,24.6299991607666,24.780000686645508,1542700,0.0,0.0
2025-09-26 00:00:00-04:00,24.790000915527344,24.975000381469727,24.489999771118164,24.709999084472656,1052500,0.0,0.0
2025-09-29 00:00:00-04:00,24.649999618530273,24.709999084472656,24.299999237060547,24.59000015258789,1238000,0.0,0.0
2025-09-30 00:00:00-04:00,24.559999465942383,25.020000457763672,24.489999771118164,24.81999969482422,1018500,0.0,0.0
2025-10-01 00:00:00-04:00,24.899999618530273,25.094999313354492,24.55500030517578,24.81999969482422,1326300,0.0,0.0
2025-10-02 00:00:00-04:00,24.729999542236328,24.735000610351562,23.889999389648438,24.31999969482422,1693400,0.0,0.0
2025-10-03 00:00:00-04:00,24.31999969482422,25.0,24.1200008392334,24.68000030517578,1574600,0.0,0.0
2025-10-06 00:00:00-04:00,24.649999618530273,24.81999969482422,23.610000610351562,23.709999084472656,1374300,0.0,0.0
2025-10-07 00:00:00-04:00,23.790000915527344,24.31999969482422,23.5,24.260000228881836,1495400,0.0,0.0
2025-10-08 00:00:00-04:00,24.0,24.299999237060547,23.579999923706055,24.049999237060547,1140300,0.0,0.0
2025-10-09 00:00:00-04:00,24.149999618530273,24.639999389648438,23.940000534057617,24.579999923706055,1462700,0.0,0.0
2025-10-10 00:00:00-04:00,24.760000228881836,24.760000228881836,23.950000762939453,23.989999771118164,1690400,0.0,0.0
2025-10-13 00:00:00-04:00,23.899999618530273,24.309999465942383,23.68000030517578,24.1200008392334,1192400,0.0,0.0
2025-10-14 00:00:00-04:00,23.989999771118164,24.229999542236328,23.760000228881836,24.18000030517578,724800,0.0,0.0
2025-10-15 00:00:00-04:00,24.1299991607666,24.399999618530273,23.989999771118164,24.3799991607666,1060500,0.0,0.0
2025-10-16 00:00:00-04:00,24.329999923706055,25.139999389648438,24.0,24.100000381469727,1346600,0.0,0.0
2025-10-17 00:00:00-04:00,24.260000228881836,24.709999084472656,24.170000076293945,24.559999465942383,877300,0.0,0.0
2025-10-20 00:00:00-04:00,24.719999313354492,25.15999984741211,24.670000076293945,25.149999618530273,935100,0.0,0.0
2025-10-21 00:00:00-04:00,25.15999984741211,25.530000686645508,25.020000457763672,25.440000534057617,1012300,0.0,0.0
2025-10-22 00:00:00-04:00,25.440000534057617,25.65999984741211,24.8700008392334,24.959999084472656,1462700,0.0,0.0
2025-10-23 00:00:00-04:00,19.420000076293945,20.90999984741211,18.469999313354492,20.6299991607666,8015800,0.0,0.0
2025-10-24 00:00:00-04:00,20.780000686645508,21.128000259399414,20.239999771118164,20.260000228881836,3276100,0.0,0.0
2025-10-27 00:00:00-04:00,20.260000228881836,20.65999984741211,20.020000457763672,20.309999465942383,2973900,0.0,0.0
2025-10-28 00:00:00-04:00,20.25,20.325000762939453,19.719999313354492,19.780000686645508,1863000,0.0,0.0
2025-10-29 00:00:00-04:00,19.549999237060547,20.0,19.375,19.690000534057617,2106300,0.0,0.0
2025-10-30 00:00:00-04:00,19.68000030517578,19.780000686645508,18.959999084472656,19.229999542236328,2334000,0.0,0.0
2025-10-31 00:00:00-04:00,19.18000030517578,19.975000381469727,19.06999969482422,19.56999969482422,2175800,0.0,0.0
2025-11-03 00:00:00-05:00,19.3700008392334,19.899999618530273,19.0,19.829999923706055,2490500,0.0,0.0
2025-11-04 00:00:00-05:00,19.959999084472656,20.280000686645508,19.6299991607666,20.200000762939453,1974800,0.0,0.0
2025-11-05 00:00:00-05:00,20.200000762939453,20.760000228881836,20.184999465942383,20.579999923706055,2136100,0.0,0.0
2025-11-06 00:00:00-05:00,20.56999969482422,20.856000900268555,19.940000534057617,20.100000381469727,2599800,0.0,0.0
2025-11-07 00:00:00-05:00,20.299999237060547,20.565000534057617,19.59000015258789,19.989999771118164,1826300,0.0,0.0
2025-11-10 00:00:00-05:00,20.489999771118164,20.52199935913086,19.190000534057617,19.219999313354492,1595800,0.0,0.0
2025-11-11 00:00:00-05:00,19.360000610351562,19.670000076293945,18.959999084472656,19.040000915527344,1686400,0.0,0.0
2025-11-12 00:00:00-05:00,19.139999389648438,19.799999237060547,19.1299991607666,19.559999465942383,1433400,0.0,0.0
2025-11-13 00:00:00-05:00,19.549999237060547,20.030000686645508,19.31999969482422,19.56999969482422,1616300,0.0,0.0
2025-11-14 00:00:00-05:00,19.440000534057617,19.780000686645508,19.354999542236328,19.75,1271400,0.0,0.0
2025-11-17 00:00:00-05:00,19.719999313354492,20.299999237060547,19.670000076293945,20.190000534057617,1913400,0.0,0.0
2025-11-18 00:00:00-05:00,20.190000534057617,20.399999618530273,19.610000610351562,19.690000534057617,1644600,0.0,0.0
2025-11-19 00:00:00-05:00,19.670000076293945,19.670000076293945,19.121000289916992,19.389999389648438,1536600,0.0,0.0
2025-11-20 00:00:00-05:00,19.690000534057617,20.209999084472656,19.520000457763672,20.110000610351562,1681300,0.0,0.0
2025-11-21 00:00:00-05:00,20.110000610351562,20.709999084472656,19.940000534057617,20.18000030517578,1626100,0.0,0.0
2025-11-24 00:00:00-05:00,20.030000686645508,20.65999984741211,19.690000534057617,19.739999771118164,3893400,0.0,0.0
2025-11-25 00:00:00-05:00,19.940000534057617,20.5049991607666,19.8700008392334,19.940000534057617,1824200,0.0,0.0
2025-11-26 00:00:00-05:00,19.899999618530273,20.059999465942383,19.545000076293945,19.719999313354492,2240000,0.0,0.0
2025-11-28 00:00:00-05:00,19.719999313354492,19.799999237060547,19.405000686645508,19.68000030517578,681000,0.0,0.0
2025-12-01 00:00:00-05:00,19.68000030517578,19.760000228881836,19.3700008392334,19.389999389648438,1241200,0.0,0.0
2025-12-02 00:00:00-05:00,19.56999969482422,19.56999969482422,18.719999313354492,18.989999771118164,1224800,0.0,0.0
2025-12-03 00:00:00-05:00,19.1299991607666,19.389999389648438,18.979999542236328,18.989999771118164,1583400,0.0,0.0
2025-12-04 00:00:00-05:00,19.06999969482422,19.145000457763672,18.579999923706055,18.739999771118164,1345500,0.0,0.0
2025-12-05 00:00:00-05:00,18.739999771118164,19.100000381469727,18.559999465942383,18.93000030517578,1853500,0.0,0.0
2025-12-08 00:00:00-05:00,18.850000381469727,19.139999389648438,18.540000915527344,18.600000381469727,1475700,0.0,0.0
2025-12-09 00:00:00-05:00,18.6299991607666,18.93000030517578,18.454999923706055,18.6200008392334,1763900,0.0,0.0
2025-12-10 00:00:00-05:00,18.65999984741211,18.809999465942383,18.450000762939453,18.639999389648438,1431200,0.0,0.0
2025-12-11 00:00:00-05:00,18.670000076293945,19.0,18.559999465942383,18.670000076293945,1984000,0.0,0.0
2025-12-12 00:00:00-05:00,18.760000228881836,19.260000228881836,18.6299991607666,18.8700008392334,1312000,0.0,0.0
2025-12-15 00:00:00-05:00,18.93000030517578,19.350000381469727,18.81999969482422,19.299999237060547,1318800,0.0,0.0
2025-12-16 00:00:00-05:00,19.260000228881836,19.475000381469727,19.06999969482422,19.110000610351562,1335600,0.0,0.0
2025-12-17 00:00:00-05:00,19.299999237060547,20.139999389648438,19.219999313354492,19.65999984741211,1670400,0.0,0.0
2025-12-18 00:00:00-05:00,19.6299991607666,19.841999053955078,19.420000076293945,19.489999771118164,1691000,0.0,0.0
2025-12-19 00:00:00-05:00,19.829999923706055,20.170000076293945,19.540000915527344,19.639999389648438,3376300,0.0,0.0
2025-12-22 00:00:00-05:00,19.40999984741211,19.68000030517578,19.3700008392334,19.65999984741211,1722700,0.0,0.0
2025-12-23 00:00:00-05:00,19.65999984741211,19.860000610351562,19.530000686645508,19.600000381469727,1491100,0.0,0.0
2025-12-24 00:00:00-05:00,19.59000015258789,19.920000076293945,19.59000015258789,19.760000228881836,737900,0.0,0.0
2025-12-26 00:00:00-05:00,19.700000762939453,20.02899932861328,19.520000457763672,19.979999542236328,963400,0.0,0.0
2025-12-29 00:00:00-05:00,19.979999542236328,20.06999969482422,19.84000015258789,19.989999771118164,1329400,0.0,0.0
2025-12-30 00:00:00-05:00,19.950000762939453,20.184999465942383,19.645000457763672,19.850000381469727,2680400,0.0,0.0
2025-12-31 00:00:00-05:00,19.860000610351562,20.399999618530273,19.809999465942383,20.079999923706055,1891500,0.0,0.0
2026-01-02 00:00:00-05:00,20.049999237060547,20.049999237060547,19.459999084472656,19.559999465942383,1877000,0.0,0.0
2026-01-05 00:00:00-05:00,19.43000030517578,19.56999969482422,18.690000534057617,18.84000015258789,3307400,0.0,0.0
2026-01-06 00:00:00-05:00,18.860000610351562,19.264999389648438,18.709999084472656,19.149999618530273,1762800,0.0,0.0
2026-01-07 00:00:00-05:00,19.290000915527344,19.600000381469727,19.1299991607666,19.3700008392334,2152700,0.0,0.0
2026-01-08 00:00:00-05:00,21.545000076293945,22.0,20.020000457763672,20.649999618530273,4205500,0.0,0.0
2026-01-09 00:00:00-05:00,20.670000076293945,21.559999465942383,20.299999237060547,21.399999618530273,2616100,0.0,0.0
2026-01-12 00:00:00-05:00,21.459999084472656,21.4950008392334,20.25,20.65999984741211,2611900,0.0,0.0
2026-01-13 00:00:00-05:00,20.6299991607666,21.280000686645508,20.44499969482422,21.260000228881836,2788900,0.0,0.0
2026-01-14 00:00:00-05:00,21.190000534057617,21.395000457763672,20.809999465942383,20.989999771118164,1806400,0.0,0.0
2026-01-15 00:00:00-05:00,20.93000030517578,21.270000457763672,20.68899917602539,21.149999618530273,2294900,0.0,0.0
2026-01-16 00:00:00-05:00,21.020000457763672,21.045000076293945,20.469999313354492,20.93000030517578,2243000,0.0,0.0
2026-01-20 00:00:00-05:00,20.799999237060547,21.56999969482422,20.670000076293945,21.010000228881836,3627100,0.0,0.0
2026-01-21 00:00:00-05:00,21.040000915527344,21.34000015258789,20.7450008392334,21.18000030517578,3021300,0.0,0.0
2026-01-22 00:00:00-05:00,21.049999237060547,21.489999771118164,20.8799991607666,20.889999389648438,2124900,0.0,0.0
2026-01-23 00:00:00-05:00,20.829999923706055,20.950000762939453,20.2450008392334,20.270000457763672,1740500,0.0,0.0
2026-01-26 00:00:00-05:00,20.239999771118164,20.565000534057617,19.520000457763672,20.209999084472656,2270200,0.0,0.0
2026-01-27 00:00:00-05:00,20.049999237060547,20.139999389648438,19.510000228881836,19.600000381469727,2064200,0.0,0.0
2026-01-28 00:00:00-05:00,19.6200008392334,19.780000686645508,19.170000076293945,19.229999542236328,1979800,0.0,0.0
2026-01-29 00:00:00-05:00,19.190000534057617,19.299999237060547,18.670000076293945,18.75,1794500,0.0,0.0
2026-01-30 00:00:00-05:00,18.860000610351562,18.905000686645508,18.489999771118164,18.770000457763672,1733300,0.0,0.0
2026-02-02 00:00:00-05:00,18.780000686645508,18.829999923706055,18.059999465942383,18.1299991607666,2161300,0.0,0.0
2026-02-03 00:00:00-05:00,18.0,18.209999084472656,16.915000915527344,17.079999923706055,4060600,0.0,0.0
2026-02-04 00:00:00-05:00,17.260000228881836,18.510000228881836,17.15999984741211,17.729999542236328,3465800,0.0,0.0
2026-02-05 00:00:00-05:00,18.079999923706055,18.299999237060547,17.309999465942383,17.3700008392334,3006500,0.0,0.0
2026-02-06 00:00:00-05:00,17.290000915527344,17.780000686645508,17.110000610351562,17.329999923706055,3489300,0.0,0.0
2026-02-09 00:00:00-05:00,17.309999465942383,17.399999618530273,16.18000030517578,16.469999313354492,2665300,0.0,0.0
2026-02-10 00:00:00-05:00,16.540000915527344,16.81999969482422,16.399999618530273,16.40999984741211,2009200,0.0,0.0
2026-02-11 00:00:00-05:00,16.280000686645508,16.479999542236328,16.010000228881836,16.420000076293945,1344600,0.0,0.0
2026-02-12 00:00:00-05:00,16.479999542236328,16.610000610351562,15.859999656677246,16.040000915527344,1291300,0.0,0.0
2026-02-13 00:00:00-05:00,16.170000076293945,16.350000381469727,15.845000267028809,15.949999809265137,1654000,0.0,0.0
2026-02-17 00:00:00-05:00,16.06999969482422,16.219999313354492,15.300000190734863,15.510000228881836,2235100,0.0,0.0
2026-02-18 00:00:00-05:00,15.59000015258789,16.260000228881836,15.359999656677246,16.1200008392334,1638500,0.0,0.0
2026-02-19 00:00:00-05:00,16.110000610351562,16.799999237060547,16.110000610351562,16.770000457763672,2169500,0.0,0.0
2026-02-20 00:00:00-05:00,16.84000015258789,17.309999465942383,16.770000457763672,16.90999984741211,1979700,0.0,0.0
2026-02-23 00:00:00-05:00,16.780000686645508,17.15999984741211,16.610000610351562,17.020000457763672,2183700,0.0,0.0
2026-02-24 00:00:00-05:00,17.020000457763672,17.360000610351562,16.829999923706055,17.309999465942383,2038900,0.0,0.0
2026-02-25 00:00:00-05:00,17.299999237060547,17.520000457763672,16.44300079345703,16.8700008392334,1329900,0.0,0.0
2026-02-26 00:00:00-05:00,17.020000457763672,17.309999465942383,16.575000762939453,17.049999237060547,2670800,0.0,0.0
2026-02-27 00:00:00-05:00,17.010000228881836,17.190000534057617,16.670000076293945,17.059999465942383,2017700,0.0,0.0
2026-03-02 00:00:00-05:00,16.8799991607666,16.899999618530273,16.059999465942383,16.260000228881836,2317900,0.0,0.0
2026-03-03 00:00:00-05:00,16.329999923706055,16.43000030517578,15.800000190734863,16.260000228881836,2096000,0.0,0.0
2026-03-04 00:00:00-05:00,16.219999313354492,16.71500015258789,15.880000114440918,16.3799991607666,1546800,0.0,0.0
2026-03-05 00:00:00-05:00,16.360000610351562,16.540000915527344,16.209999084472656,16.389999389648438,1404200,0.0,0.0
2026-03-06 00:00:00-05:00,16.31999969482422,16.399999618530273,15.680000305175781,15.989999771118164,1244200,0.0,0.0
2026-03-09 00:00:00-04:00,15.710000038146973,15.930000305175781,15.199999809265137,15.489999771118164,2035400,0.0,0.0
2026-03-10 00:00:00-04:00,15.369999885559082,15.489999771118164,14.819999694824219,15.010000228881836,1734700,0.0,0.0
2026-03-11 00:00:00-04:00,15.100000381469727,15.104999542236328,14.574999809265137,14.829999923706055,1193200,0.0,0.0
2026-03-12 00:00:00-04:00,14.864999771118164,15.041000366210938,14.359999656677246,14.40999984741211,1520200,0.0,0.0
2026-03-13 00:00:00-04:00,14.510000228881836,14.574999809265137,14.279999732971191,14.414999961853027,1454900,0.0,0.0
2026-03-16 00:00:00-04:00,14.960000038146973,15.390000343322754,14.800000190734863,15.220000267028809,2873900,0.0,0.0
2026-03-17 00:00:00-04:00,15.329999923706055,15.65999984741211,15.0600004196167,15.109999656677246,1604400,0.0,0.0
2026-03-18 00:00:00-04:00,14.899999618530273,15.100000381469727,14.3149995803833,14.350000381469727,1816900,0.0,0.0
2026-03-19 00:00:00-04:00,14.3100004196167,14.734999656677246,14.25,14.579999923706055,1570800,0.0,0.0
2026-03-20 00:00:00-04:00,14.5600004196167,14.604999542236328,14.0600004196167,14.130000114440918,4957900,0.0,0.0
2026-03-23 00:00:00-04:00,14.430000305175781,14.454999923706055,14.020000457763672,14.050000190734863,2086900,0.0,0.0
2026-03-24 00:00:00-04:00,14.050000190734863,14.119999885559082,13.710000038146973,13.90999984741211,2242200,0.0,0.0
2026-03-25 00:00:00-04:00,14.029999732971191,14.390000343322754,13.729999542236328,14.390000343322754,1593600,0.0,0.0
2026-03-26 00:00:00-04:00,14.130000114440918,14.529999732971191,14.079999923706055,14.460000038146973,1834100,0.0,0.0
2026-03-27 00:00:00-04:00,14.399999618530273,14.505000114440918,14.210000038146973,14.350000381469727,2183500,0.0,0.0
2026-03-30 00:00:00-04:00,14.350000381469727,14.710000038146973,14.270000457763672,14.59000015258789,1769800,0.0,0.0
2026-03-31 00:00:00-04:00,14.630000114440918,14.675000190734863,14.204999923706055,14.350000381469727,1873100,0.0,0.0
2026-04-01 00:00:00-04:00,14.3100004196167,14.4399995803833,13.9399995803833,14.199999809265137,1612600,0.0,0.0
2026-04-02 00:00:00-04:00,14.199999809265137,14.220000267028809,13.619999885559082,14.15999984741211,2591900,0.0,0.0
2026-04-06 00:00:00-04:00,14.180000305175781,14.375,14.020000457763672,14.220000267028809,2049700,0.0,0.0
2026-04-07 00:00:00-04:00,14.239999771118164,14.489999771118164,14.109999656677246,14.449999809265137,2746300,0.0,0.0
2026-04-08 00:00:00-04:00,14.619999885559082,14.885000228881836,14.270000457763672,14.40999984741211,3277100,0.0,0.0
2026-04-09 00:00:00-04:00,10.470000267028809,12.520000457763672,10.210000038146973,11.800000190734863,16524800,0.0,0.0
2026-04-10 00:00:00-04:00,11.5600004196167,11.579999923706055,10.375,10.4399995803833,8671000,0.0,0.0
2026-04-13 00:00:00-04:00,10.670000076293945,11.119999885559082,10.545000076293945,11.109999656677246,6652800,0.0,0.0
2026-04-14 00:00:00-04:00,11.0600004196167,11.4350004196167,10.968999862670898,11.390000343322754,5635829,0.0,0.0
