Date,Open,High,Low,Close,Volume,Dividends,Stock Splits
2022-01-03 00:00:00-05:00,14.289999961853027,15.579999923706055,14.289999961853027,15.300000190734863,634900,0.0,0.0
2022-01-04 00:00:00-05:00,15.180000305175781,16.0,15.0600004196167,15.390000343322754,819100,0.0,0.0
2022-01-05 00:00:00-05:00,15.75,15.970000267028809,14.869999885559082,15.09000015258789,494700,0.0,0.0
2022-01-06 00:00:00-05:00,15.34000015258789,15.930000305175781,15.170000076293945,15.720000267028809,388500,0.0,0.0
2022-01-07 00:00:00-05:00,15.8100004196167,15.989999771118164,15.489999771118164,15.569999694824219,276800,0.0,0.0
2022-01-10 00:00:00-05:00,15.380000114440918,15.760000228881836,14.9399995803833,15.59000015258789,282300,0.0,0.0
2022-01-11 00:00:00-05:00,15.779999732971191,16.700000762939453,15.109999656677246,16.469999313354492,790700,0.0,0.0
2022-01-12 00:00:00-05:00,16.540000915527344,16.6200008392334,16.0,16.420000076293945,742700,0.0,0.0
2022-01-13 00:00:00-05:00,16.420000076293945,16.799999237060547,15.670000076293945,15.729999542236328,299200,0.0,0.0
2022-01-14 00:00:00-05:00,15.609999656677246,16.579999923706055,15.390000343322754,16.530000686645508,995900,0.0,0.0
2022-01-18 00:00:00-05:00,16.610000610351562,17.020000457763672,15.630000114440918,15.8100004196167,525600,0.0,0.0
2022-01-19 00:00:00-05:00,16.0,16.0,15.170000076293945,15.210000038146973,348100,0.0,0.0
2022-01-20 00:00:00-05:00,14.989999771118164,15.600000381469727,14.3100004196167,14.390000343322754,356300,0.0,0.0
2022-01-21 00:00:00-05:00,14.170000076293945,14.899999618530273,13.949999809265137,14.399999618530273,602300,0.0,0.0
2022-01-24 00:00:00-05:00,13.850000381469727,15.3100004196167,13.65999984741211,15.239999771118164,649400,0.0,0.0
2022-01-25 00:00:00-05:00,14.979999542236328,16.239999771118164,14.510000228881836,16.200000762939453,358100,0.0,0.0
2022-01-26 00:00:00-05:00,16.65999984741211,17.040000915527344,15.6899995803833,16.0,754700,0.0,0.0
2022-01-27 00:00:00-05:00,16.420000076293945,16.540000915527344,14.869999885559082,15.430000305175781,258800,0.0,0.0
2022-01-28 00:00:00-05:00,15.399999618530273,15.670000076293945,14.859999656677246,15.350000381469727,229500,0.0,0.0
2022-01-31 00:00:00-05:00,15.180000305175781,15.930000305175781,14.819999694824219,15.65999984741211,224300,0.0,0.0
2022-02-01 00:00:00-05:00,15.449999809265137,16.59000015258789,15.4399995803833,16.450000762939453,630500,0.0,0.0
2022-02-02 00:00:00-05:00,16.309999465942383,16.309999465942383,15.739999771118164,15.979999542236328,348600,0.0,0.0
2022-02-03 00:00:00-05:00,15.710000038146973,15.880000114440918,15.170000076293945,15.279999732971191,249400,0.0,0.0
2022-02-04 00:00:00-05:00,15.34000015258789,15.890000343322754,14.970000267028809,15.59000015258789,343700,0.0,0.0
2022-02-07 00:00:00-05:00,15.350000381469727,15.470000267028809,15.050000190734863,15.279999732971191,413300,0.0,0.0
2022-02-08 00:00:00-05:00,15.100000381469727,15.420000076293945,14.600000381469727,15.3100004196167,406900,0.0,0.0
2022-02-09 00:00:00-05:00,15.399999618530273,15.869999885559082,15.1899995803833,15.279999732971191,529500,0.0,0.0
2022-02-10 00:00:00-05:00,15.140000343322754,15.960000038146973,14.960000038146973,15.140000343322754,658900,0.0,0.0
2022-02-11 00:00:00-05:00,15.34000015258789,16.200000762939453,15.149999618530273,15.430000305175781,979800,0.0,0.0
2022-02-14 00:00:00-05:00,15.300000190734863,15.319999694824219,14.140000343322754,14.300000190734863,385100,0.0,0.0
2022-02-15 00:00:00-05:00,13.90999984741211,14.8100004196167,13.90999984741211,14.550000190734863,441100,0.0,0.0
2022-02-16 00:00:00-05:00,14.649999618530273,15.460000038146973,14.550000190734863,14.8100004196167,553200,0.0,0.0
2022-02-17 00:00:00-05:00,14.899999618530273,15.399999618530273,14.539999961853027,15.050000190734863,558100,0.0,0.0
2022-02-18 00:00:00-05:00,14.779999732971191,15.069999694824219,14.4399995803833,14.859999656677246,416800,0.0,0.0
2022-02-22 00:00:00-05:00,15.130000114440918,15.279999732971191,14.680000305175781,14.779999732971191,524600,0.0,0.0
2022-02-23 00:00:00-05:00,14.720000267028809,15.550000190734863,14.420000076293945,14.760000228881836,463500,0.0,0.0
2022-02-24 00:00:00-05:00,14.65999984741211,15.460000038146973,14.390000343322754,15.369999885559082,619700,0.0,0.0
2022-02-25 00:00:00-05:00,15.5,16.239999771118164,15.350000381469727,16.010000228881836,774800,0.0,0.0
2022-02-28 00:00:00-05:00,16.0,16.229999542236328,15.470000267028809,16.09000015258789,1896500,0.0,0.0
2022-03-01 00:00:00-05:00,16.440000534057617,16.920000076293945,15.470000267028809,15.829999923706055,597800,0.0,0.0
2022-03-02 00:00:00-05:00,15.850000381469727,16.700000762939453,15.609999656677246,16.530000686645508,392800,0.0,0.0
2022-03-03 00:00:00-05:00,16.280000686645508,16.59000015258789,15.319999694824219,16.270000457763672,525300,0.0,0.0
2022-03-04 00:00:00-05:00,16.020000457763672,16.6299991607666,15.869999885559082,16.549999237060547,462500,0.0,0.0
2022-03-07 00:00:00-05:00,16.399999618530273,17.649999618530273,15.920000076293945,17.09000015258789,1063300,0.0,0.0
2022-03-08 00:00:00-05:00,17.5,18.610000610351562,17.149999618530273,17.940000534057617,831900,0.0,0.0
2022-03-09 00:00:00-05:00,17.020000457763672,17.540000915527344,15.930000305175781,16.299999237060547,725900,0.0,0.0
2022-03-10 00:00:00-05:00,16.510000228881836,17.190000534057617,16.25,17.06999969482422,374400,0.0,0.0
2022-03-11 00:00:00-05:00,16.65999984741211,17.139999389648438,16.100000381469727,16.670000076293945,478600,0.0,0.0
2022-03-14 00:00:00-04:00,16.219999313354492,16.219999313354492,15.359999656677246,15.920000076293945,555100,0.0,0.0
2022-03-15 00:00:00-04:00,15.270000457763672,16.440000534057617,15.020000457763672,16.0,700300,0.0,0.0
2022-03-16 00:00:00-04:00,16.209999084472656,16.209999084472656,15.199999809265137,15.390000343322754,597600,0.0,0.0
2022-03-17 00:00:00-04:00,15.6899995803833,16.8799991607666,15.630000114440918,16.6200008392334,471000,0.0,0.0
2022-03-18 00:00:00-04:00,16.600000381469727,17.0,16.360000610351562,16.809999465942383,722400,0.0,0.0
2022-03-21 00:00:00-04:00,17.229999542236328,17.860000610351562,17.040000915527344,17.309999465942383,405800,0.0,0.0
2022-03-22 00:00:00-04:00,17.329999923706055,17.719999313354492,16.610000610351562,17.170000076293945,281900,0.0,0.0
2022-03-23 00:00:00-04:00,17.479999542236328,17.809999465942383,17.079999923706055,17.479999542236328,350400,0.0,0.0
2022-03-24 00:00:00-04:00,17.3799991607666,17.600000381469727,16.90999984741211,17.469999313354492,342000,0.0,0.0
2022-03-25 00:00:00-04:00,17.43000030517578,18.440000534057617,17.260000228881836,18.399999618530273,555000,0.0,0.0
2022-03-28 00:00:00-04:00,17.860000610351562,18.31999969482422,17.360000610351562,17.68000030517578,488900,0.0,0.0
2022-03-29 00:00:00-04:00,17.110000610351562,18.489999771118164,16.75,18.280000686645508,583500,0.0,0.0
2022-03-30 00:00:00-04:00,18.610000610351562,18.860000610351562,17.670000076293945,17.81999969482422,286500,0.0,0.0
2022-03-31 00:00:00-04:00,17.440000534057617,18.18000030517578,17.440000534057617,17.780000686645508,247700,0.0,0.0
2022-04-01 00:00:00-04:00,17.81999969482422,18.450000762939453,17.81999969482422,18.350000381469727,346800,0.0,0.0
2022-04-04 00:00:00-04:00,18.6299991607666,19.030000686645508,17.649999618530273,18.09000015258789,419200,0.0,0.0
2022-04-05 00:00:00-04:00,18.31999969482422,18.540000915527344,17.34000015258789,17.5,290700,0.0,0.0
2022-04-06 00:00:00-04:00,17.649999618530273,17.729999542236328,16.979999542236328,17.260000228881836,209500,0.0,0.0
2022-04-07 00:00:00-04:00,17.420000076293945,17.6299991607666,16.440000534057617,17.290000915527344,441900,0.0,0.0
2022-04-08 00:00:00-04:00,17.290000915527344,18.100000381469727,17.079999923706055,17.889999389648438,394800,0.0,0.0
2022-04-11 00:00:00-04:00,17.420000076293945,17.420000076293945,16.559999465942383,16.649999618530273,300400,0.0,0.0
2022-04-12 00:00:00-04:00,17.139999389648438,17.860000610351562,17.139999389648438,17.559999465942383,499200,0.0,0.0
2022-04-13 00:00:00-04:00,17.809999465942383,18.06999969482422,17.479999542236328,17.920000076293945,299200,0.0,0.0
2022-04-14 00:00:00-04:00,17.8700008392334,18.690000534057617,17.540000915527344,18.549999237060547,233000,0.0,0.0
2022-04-18 00:00:00-04:00,18.93000030517578,19.68000030517578,18.5,19.6200008392334,396200,0.0,0.0
2022-04-19 00:00:00-04:00,19.479999542236328,19.5,17.989999771118164,18.3700008392334,464000,0.0,0.0
2022-04-20 00:00:00-04:00,18.3700008392334,18.6299991607666,17.690000534057617,18.25,342600,0.0,0.0
2022-04-21 00:00:00-04:00,18.579999923706055,18.579999923706055,16.950000762939453,17.260000228881836,280800,0.0,0.0
2022-04-22 00:00:00-04:00,17.149999618530273,17.489999771118164,16.450000762939453,16.549999237060547,393600,0.0,0.0
2022-04-25 00:00:00-04:00,15.720000267028809,15.720000267028809,14.819999694824219,15.529999732971191,331600,0.0,0.0
2022-04-26 00:00:00-04:00,15.479999542236328,15.739999771118164,14.859999656677246,14.930000305175781,318300,0.0,0.0
2022-04-27 00:00:00-04:00,15.09000015258789,15.470000267028809,14.800000190734863,15.199999809265137,281100,0.0,0.0
2022-04-28 00:00:00-04:00,15.479999542236328,16.0,14.75,15.760000228881836,320100,0.0,0.0
2022-04-29 00:00:00-04:00,15.670000076293945,15.989999771118164,14.960000038146973,15.279999732971191,314500,0.0,0.0
2022-05-02 00:00:00-04:00,14.989999771118164,15.329999923706055,14.270000457763672,14.75,401000,0.0,0.0
2022-05-03 00:00:00-04:00,14.819999694824219,15.220000267028809,14.510000228881836,14.619999885559082,344500,0.0,0.0
2022-05-04 00:00:00-04:00,15.069999694824219,15.449999809265137,14.34000015258789,15.3100004196167,337700,0.0,0.0
2022-05-05 00:00:00-04:00,15.59000015258789,15.899999618530273,13.529999732971191,14.010000228881836,309200,0.0,0.0
2022-05-06 00:00:00-04:00,14.199999809265137,14.520000457763672,13.640000343322754,14.380000114440918,323900,0.0,0.0
2022-05-09 00:00:00-04:00,13.90999984741211,13.90999984741211,11.850000381469727,12.039999961853027,603700,0.0,0.0
2022-05-10 00:00:00-04:00,12.329999923706055,12.6899995803833,11.350000381469727,11.979999542236328,530300,0.0,0.0
2022-05-11 00:00:00-04:00,12.140000343322754,12.59000015258789,11.880000114440918,12.149999618530273,572000,0.0,0.0
2022-05-12 00:00:00-04:00,12.0600004196167,12.25,11.460000038146973,12.210000038146973,598900,0.0,0.0
2022-05-13 00:00:00-04:00,12.539999961853027,12.970000267028809,12.300000190734863,12.420000076293945,448600,0.0,0.0
2022-05-16 00:00:00-04:00,12.40999984741211,13.15999984741211,12.270000457763672,12.819999694824219,361000,0.0,0.0
2022-05-17 00:00:00-04:00,13.09000015258789,13.579999923706055,13.020000457763672,13.270000457763672,258500,0.0,0.0
2022-05-18 00:00:00-04:00,13.470000267028809,13.569999694824219,12.579999923706055,12.8100004196167,306200,0.0,0.0
2022-05-19 00:00:00-04:00,12.5,13.229999542236328,12.5,12.869999885559082,366500,0.0,0.0
2022-05-20 00:00:00-04:00,13.140000343322754,13.34000015258789,12.640000343322754,13.029999732971191,305300,0.0,0.0
2022-05-23 00:00:00-04:00,13.25,13.609999656677246,13.010000228881836,13.510000228881836,384600,0.0,0.0
2022-05-24 00:00:00-04:00,13.300000190734863,13.970000267028809,13.210000038146973,13.90999984741211,394700,0.0,0.0
2022-05-25 00:00:00-04:00,13.789999961853027,14.449999809265137,13.789999961853027,14.350000381469727,361000,0.0,0.0
2022-05-26 00:00:00-04:00,14.600000381469727,14.680000305175781,13.949999809265137,14.100000381469727,416500,0.0,0.0
2022-05-27 00:00:00-04:00,13.850000381469727,14.289999961853027,13.800000190734863,14.119999885559082,377500,0.0,0.0
2022-05-31 00:00:00-04:00,14.420000076293945,15.069999694824219,13.369999885559082,13.670000076293945,560700,0.0,0.0
2022-06-01 00:00:00-04:00,13.800000190734863,14.260000228881836,13.609999656677246,14.09000015258789,430000,0.0,0.0
2022-06-02 00:00:00-04:00,14.149999618530273,14.149999618530273,13.640000343322754,13.829999923706055,567600,0.0,0.0
2022-06-03 00:00:00-04:00,13.699999809265137,14.140000343322754,13.539999961853027,14.109999656677246,372300,0.0,0.0
2022-06-06 00:00:00-04:00,14.319999694824219,14.380000114440918,13.6899995803833,14.0600004196167,458200,0.0,0.0
2022-06-07 00:00:00-04:00,13.90999984741211,14.300000190734863,13.760000228881836,14.229999542236328,658000,0.0,0.0
2022-06-08 00:00:00-04:00,14.40999984741211,14.430000305175781,13.819999694824219,14.079999923706055,397900,0.0,0.0
2022-06-09 00:00:00-04:00,13.90999984741211,14.050000190734863,13.479999542236328,13.609999656677246,326000,0.0,0.0
2022-06-10 00:00:00-04:00,13.34000015258789,13.59000015258789,12.460000038146973,12.979999542236328,753900,0.0,0.0
2022-06-13 00:00:00-04:00,12.319999694824219,12.460000038146973,11.75,11.819999694824219,692900,0.0,0.0
2022-06-14 00:00:00-04:00,12.119999885559082,12.369999885559082,11.109999656677246,11.359999656677246,516000,0.0,0.0
2022-06-15 00:00:00-04:00,11.4399995803833,11.569999694824219,11.100000381469727,11.3100004196167,583100,0.0,0.0
2022-06-16 00:00:00-04:00,10.869999885559082,11.029999732971191,10.350000381469727,10.420000076293945,474200,0.0,0.0
2022-06-17 00:00:00-04:00,10.670000076293945,11.34000015258789,10.600000381469727,11.210000038146973,2253400,0.0,0.0
2022-06-21 00:00:00-04:00,11.680000305175781,12.279999732971191,11.470000267028809,11.770000457763672,771200,0.0,0.0
2022-06-22 00:00:00-04:00,11.020000457763672,11.649999618530273,10.970000267028809,11.180000305175781,695900,0.0,0.0
2022-06-23 00:00:00-04:00,11.15999984741211,11.460000038146973,10.6899995803833,10.800000190734863,720200,0.0,0.0
2022-06-24 00:00:00-04:00,10.859999656677246,11.890000343322754,10.84000015258789,11.25,4333800,0.0,0.0
2022-06-27 00:00:00-04:00,11.460000038146973,12.470000267028809,11.199999809265137,12.1899995803833,928600,0.0,0.0
2022-06-28 00:00:00-04:00,12.460000038146973,12.65999984741211,12.0,12.210000038146973,717900,0.0,0.0
2022-06-29 00:00:00-04:00,12.319999694824219,12.449999809265137,11.829999923706055,11.920000076293945,491000,0.0,0.0
2022-06-30 00:00:00-04:00,11.529999732971191,11.760000228881836,11.260000228881836,11.520000457763672,430900,0.0,0.0
2022-07-01 00:00:00-04:00,11.640000343322754,11.6899995803833,10.8100004196167,11.369999885559082,336000,0.0,0.0
2022-07-05 00:00:00-04:00,10.930000305175781,10.930000305175781,10.140000343322754,10.380000114440918,494000,0.0,0.0
2022-07-06 00:00:00-04:00,10.140000343322754,10.529999732971191,9.640000343322754,9.890000343322754,367200,0.0,0.0
2022-07-07 00:00:00-04:00,10.199999809265137,10.670000076293945,10.140000343322754,10.180000305175781,431800,0.0,0.0
2022-07-08 00:00:00-04:00,10.359999656677246,10.460000038146973,9.989999771118164,10.359999656677246,482100,0.0,0.0
2022-07-11 00:00:00-04:00,10.149999618530273,10.359999656677246,9.770000457763672,9.949999809265137,279400,0.0,0.0
2022-07-12 00:00:00-04:00,9.59000015258789,9.880000114440918,9.460000038146973,9.619999885559082,367700,0.0,0.0
2022-07-13 00:00:00-04:00,9.4399995803833,9.789999961853027,9.399999618530273,9.539999961853027,343900,0.0,0.0
2022-07-14 00:00:00-04:00,9.09000015258789,9.199999809265137,8.819999694824219,9.130000114440918,265000,0.0,0.0
2022-07-15 00:00:00-04:00,9.5,9.5,9.140000343322754,9.4399995803833,455300,0.0,0.0
2022-07-18 00:00:00-04:00,9.779999732971191,10.069999694824219,9.710000038146973,10.0,350200,0.0,0.0
2022-07-19 00:00:00-04:00,10.09000015258789,10.699999809265137,10.0600004196167,10.65999984741211,349500,0.0,0.0
2022-07-20 00:00:00-04:00,10.569999694824219,10.899999618530273,10.399999618530273,10.720000267028809,301300,0.0,0.0
2022-07-21 00:00:00-04:00,10.279999732971191,10.5,9.850000381469727,10.180000305175781,487000,0.0,0.0
2022-07-22 00:00:00-04:00,10.239999771118164,10.470000267028809,9.930000305175781,10.170000076293945,566500,0.0,0.0
2022-07-25 00:00:00-04:00,10.300000190734863,10.930000305175781,10.210000038146973,10.930000305175781,326800,0.0,0.0
2022-07-26 00:00:00-04:00,11.079999923706055,11.359999656677246,10.760000228881836,10.869999885559082,245000,0.0,0.0
2022-07-27 00:00:00-04:00,10.880000114440918,11.649999618530273,10.859999656677246,11.579999923706055,356500,0.0,0.0
2022-07-28 00:00:00-04:00,11.75,11.779999732971191,11.210000038146973,11.600000381469727,373100,0.0,0.0
2022-07-29 00:00:00-04:00,11.829999923706055,12.329999923706055,11.680000305175781,12.180000305175781,331000,0.0,0.0
2022-08-01 00:00:00-04:00,11.760000228881836,12.0,11.260000228881836,11.579999923706055,418400,0.0,0.0
2022-08-02 00:00:00-04:00,11.600000381469727,11.819999694824219,11.449999809265137,11.470000267028809,332400,0.0,0.0
2022-08-03 00:00:00-04:00,11.720000267028809,11.760000228881836,11.15999984741211,11.399999618530273,282800,0.0,0.0
2022-08-04 00:00:00-04:00,12.119999885559082,12.119999885559082,11.020000457763672,11.050000190734863,640400,0.0,0.0
2022-08-05 00:00:00-04:00,10.8100004196167,11.970000267028809,10.8100004196167,11.770000457763672,287700,0.0,0.0
2022-08-08 00:00:00-04:00,11.699999809265137,11.920000076293945,11.329999923706055,11.890000343322754,386900,0.0,0.0
2022-08-09 00:00:00-04:00,12.0,12.510000228881836,11.930000305175781,12.479999542236328,338500,0.0,0.0
2022-08-10 00:00:00-04:00,12.489999771118164,12.699999809265137,12.15999984741211,12.609999656677246,276600,0.0,0.0
2022-08-11 00:00:00-04:00,13.010000228881836,13.380000114440918,13.010000228881836,13.210000038146973,340000,0.0,0.0
2022-08-12 00:00:00-04:00,13.09000015258789,13.229999542236328,12.579999923706055,13.039999961853027,287500,0.0,0.0
2022-08-15 00:00:00-04:00,12.40999984741211,12.40999984741211,11.869999885559082,12.350000381469727,365800,0.0,0.0
2022-08-16 00:00:00-04:00,12.34000015258789,12.569999694824219,11.699999809265137,11.75,443200,0.0,0.0
2022-08-17 00:00:00-04:00,11.619999885559082,12.460000038146973,11.59000015258789,12.399999618530273,347100,0.0,0.0
2022-08-18 00:00:00-04:00,12.5600004196167,13.289999961853027,12.520000457763672,13.220000267028809,1057700,0.0,0.0
2022-08-19 00:00:00-04:00,13.09000015258789,13.09000015258789,12.390000343322754,12.75,462200,0.0,0.0
2022-08-22 00:00:00-04:00,12.520000457763672,12.619999885559082,12.149999618530273,12.350000381469727,210800,0.0,0.0
2022-08-23 00:00:00-04:00,12.539999961853027,13.119999885559082,12.539999961853027,12.729999542236328,227900,0.0,0.0
2022-08-24 00:00:00-04:00,12.75,13.359999656677246,12.430000305175781,13.239999771118164,449300,0.0,0.0
2022-08-25 00:00:00-04:00,13.319999694824219,13.470000267028809,13.0600004196167,13.369999885559082,246500,0.0,0.0
2022-08-26 00:00:00-04:00,13.390000343322754,13.40999984741211,12.6899995803833,13.260000228881836,397600,0.0,0.0
2022-08-29 00:00:00-04:00,13.34000015258789,14.0,13.34000015258789,13.960000038146973,820300,0.0,0.0
2022-08-30 00:00:00-04:00,13.65999984741211,13.65999984741211,12.760000228881836,13.270000457763672,507500,0.0,0.0
2022-08-31 00:00:00-04:00,12.899999618530273,13.609999656677246,12.8100004196167,13.520000457763672,748900,0.0,0.0
2022-09-01 00:00:00-04:00,13.109999656677246,13.460000038146973,12.420000076293945,12.789999961853027,425600,0.0,0.0
2022-09-02 00:00:00-04:00,13.1899995803833,13.4399995803833,12.960000038146973,13.4399995803833,307600,0.0,0.0
2022-09-06 00:00:00-04:00,13.609999656677246,14.15999984741211,13.4399995803833,13.819999694824219,1931900,0.0,0.0
2022-09-07 00:00:00-04:00,13.25,13.59000015258789,12.899999618530273,13.4399995803833,1192500,0.0,0.0
2022-09-08 00:00:00-04:00,13.390000343322754,13.979999542236328,12.789999961853027,13.850000381469727,627100,0.0,0.0
2022-09-09 00:00:00-04:00,14.279999732971191,14.449999809265137,13.899999618530273,14.15999984741211,2989600,0.0,0.0
2022-09-12 00:00:00-04:00,14.15999984741211,14.550000190734863,13.979999542236328,14.449999809265137,590000,0.0,0.0
2022-09-13 00:00:00-04:00,14.079999923706055,14.649999618530273,13.640000343322754,13.930000305175781,584000,0.0,0.0
2022-09-14 00:00:00-04:00,13.890000343322754,14.859999656677246,13.890000343322754,14.609999656677246,624700,0.0,0.0
2022-09-15 00:00:00-04:00,14.170000076293945,14.920000076293945,13.930000305175781,14.5600004196167,1369500,0.0,0.0
2022-09-16 00:00:00-04:00,14.520000457763672,14.520000457763672,13.529999732971191,13.680000305175781,3193700,0.0,0.0
2022-09-19 00:00:00-04:00,13.069999694824219,13.970000267028809,12.979999542236328,13.850000381469727,337800,0.0,0.0
2022-09-20 00:00:00-04:00,13.609999656677246,13.609999656677246,12.739999771118164,13.0,651100,0.0,0.0
2022-09-21 00:00:00-04:00,13.329999923706055,13.329999923706055,12.6899995803833,12.699999809265137,491300,0.0,0.0
2022-09-22 00:00:00-04:00,12.9399995803833,13.119999885559082,12.579999923706055,12.84000015258789,512200,0.0,0.0
2022-09-23 00:00:00-04:00,12.100000381469727,12.100000381469727,11.569999694824219,11.670000076293945,544300,0.0,0.0
2022-09-26 00:00:00-04:00,11.630000114440918,12.020000457763672,11.399999618530273,11.5600004196167,389200,0.0,0.0
2022-09-27 00:00:00-04:00,11.8100004196167,12.170000076293945,11.729999542236328,11.890000343322754,632300,0.0,0.0
2022-09-28 00:00:00-04:00,12.170000076293945,12.699999809265137,11.960000038146973,12.670000076293945,554500,0.0,0.0
2022-09-29 00:00:00-04:00,12.510000228881836,13.0,12.25,13.0,424600,0.0,0.0
2022-09-30 00:00:00-04:00,12.869999885559082,13.170000076293945,12.539999961853027,12.739999771118164,640400,0.0,0.0
2022-10-03 00:00:00-04:00,13.529999732971191,14.0,13.239999771118164,13.829999923706055,448500,0.0,0.0
2022-10-04 00:00:00-04:00,14.1899995803833,14.6899995803833,13.989999771118164,14.6899995803833,718200,0.0,0.0
2022-10-05 00:00:00-04:00,14.619999885559082,14.979999542236328,14.420000076293945,14.819999694824219,850800,0.0,0.0
2022-10-06 00:00:00-04:00,14.65999984741211,15.380000114440918,14.65999984741211,15.329999923706055,393900,0.0,0.0
2022-10-07 00:00:00-04:00,15.510000228881836,15.8100004196167,15.149999618530273,15.40999984741211,601000,0.0,0.0
2022-10-10 00:00:00-04:00,15.4399995803833,15.680000305175781,14.979999542236328,15.350000381469727,667300,0.0,0.0
2022-10-11 00:00:00-04:00,14.9399995803833,15.4399995803833,14.6899995803833,15.180000305175781,471800,0.0,0.0
2022-10-12 00:00:00-04:00,15.109999656677246,15.260000228881836,14.470000267028809,14.920000076293945,390600,0.0,0.0
2022-10-13 00:00:00-04:00,14.649999618530273,15.970000267028809,14.609999656677246,15.90999984741211,529500,0.0,0.0
2022-10-14 00:00:00-04:00,15.739999771118164,15.989999771118164,15.279999732971191,15.359999656677246,576200,0.0,0.0
2022-10-17 00:00:00-04:00,15.770000457763672,16.1299991607666,15.4399995803833,15.739999771118164,670300,0.0,0.0
2022-10-18 00:00:00-04:00,15.930000305175781,16.1200008392334,15.300000190734863,15.699999809265137,559200,0.0,0.0
2022-10-19 00:00:00-04:00,15.75,16.25,15.630000114440918,16.110000610351562,995800,0.0,0.0
2022-10-20 00:00:00-04:00,16.270000457763672,16.520000457763672,15.859999656677246,16.190000534057617,922100,0.0,0.0
2022-10-21 00:00:00-04:00,16.34000015258789,17.270000457763672,15.989999771118164,17.260000228881836,1163400,0.0,0.0
2022-10-24 00:00:00-04:00,17.219999313354492,17.959999084472656,16.84000015258789,17.899999618530273,690600,0.0,0.0
2022-10-25 00:00:00-04:00,17.719999313354492,18.219999313354492,17.610000610351562,18.06999969482422,492900,0.0,0.0
2022-10-26 00:00:00-04:00,18.399999618530273,19.0,18.190000534057617,18.530000686645508,636600,0.0,0.0
2022-10-27 00:00:00-04:00,18.860000610351562,19.0,18.260000228881836,18.40999984741211,947600,0.0,0.0
2022-10-28 00:00:00-04:00,18.559999465942383,18.860000610351562,17.469999313354492,18.860000610351562,722300,0.0,0.0
2022-10-31 00:00:00-04:00,18.520000457763672,19.40999984741211,18.489999771118164,18.93000030517578,771000,0.0,0.0
2022-11-01 00:00:00-04:00,19.309999465942383,19.459999084472656,18.690000534057617,18.739999771118164,559200,0.0,0.0
2022-11-02 00:00:00-04:00,18.950000762939453,19.030000686645508,18.170000076293945,18.219999313354492,622100,0.0,0.0
2022-11-03 00:00:00-04:00,18.200000762939453,18.68000030517578,16.940000534057617,18.6200008392334,898700,0.0,0.0
2022-11-04 00:00:00-04:00,19.360000610351562,19.3700008392334,17.25,18.40999984741211,974300,0.0,0.0
2022-11-07 00:00:00-05:00,18.969999313354492,19.280000686645508,18.600000381469727,19.0,1054800,0.0,0.0
2022-11-08 00:00:00-05:00,18.950000762939453,19.1299991607666,18.649999618530273,18.899999618530273,956100,0.0,0.0
2022-11-09 00:00:00-05:00,18.5,18.600000381469727,17.65999984741211,17.729999542236328,624300,0.0,0.0
2022-11-10 00:00:00-05:00,18.299999237060547,18.639999389648438,17.81999969482422,17.93000030517578,494000,0.0,0.0
2022-11-11 00:00:00-05:00,18.639999389648438,19.219999313354492,18.639999389648438,18.950000762939453,461900,0.0,0.0
2022-11-14 00:00:00-05:00,19.0,19.450000762939453,18.579999923706055,18.59000015258789,788700,0.0,0.0
2022-11-15 00:00:00-05:00,18.700000762939453,19.020000457763672,18.440000534057617,19.0,694800,0.0,0.0
2022-11-16 00:00:00-05:00,18.93000030517578,18.959999084472656,18.350000381469727,18.56999969482422,504600,0.0,0.0
2022-11-17 00:00:00-05:00,18.1200008392334,18.700000762939453,18.1200008392334,18.700000762939453,349200,0.0,0.0
2022-11-18 00:00:00-05:00,18.510000228881836,18.530000686645508,17.75,17.799999237060547,474300,0.0,0.0
2022-11-21 00:00:00-05:00,17.309999465942383,17.809999465942383,16.360000610351562,17.770000457763672,656400,0.0,0.0
2022-11-22 00:00:00-05:00,18.049999237060547,18.309999465942383,17.6200008392334,17.770000457763672,526200,0.0,0.0
2022-11-23 00:00:00-05:00,17.149999618530273,17.8700008392334,17.100000381469727,17.84000015258789,491100,0.0,0.0
2022-11-25 00:00:00-05:00,17.780000686645508,18.06999969482422,17.68000030517578,17.68000030517578,130100,0.0,0.0
2022-11-28 00:00:00-05:00,17.100000381469727,17.690000534057617,16.989999771118164,17.18000030517578,317800,0.0,0.0
2022-11-29 00:00:00-05:00,17.469999313354492,17.700000762939453,17.260000228881836,17.299999237060547,420900,0.0,0.0
2022-11-30 00:00:00-05:00,17.700000762939453,17.700000762939453,17.0,17.3700008392334,875500,0.0,0.0
2022-12-01 00:00:00-05:00,17.530000686645508,17.690000534057617,17.239999771118164,17.3799991607666,396300,0.0,0.0
2022-12-02 00:00:00-05:00,17.049999237060547,18.56999969482422,16.940000534057617,18.540000915527344,685300,0.0,0.0
2022-12-05 00:00:00-05:00,18.81999969482422,18.8799991607666,16.639999389648438,16.700000762939453,566200,0.0,0.0
2022-12-06 00:00:00-05:00,16.59000015258789,16.829999923706055,16.170000076293945,16.260000228881836,384500,0.0,0.0
2022-12-07 00:00:00-05:00,16.1299991607666,16.56999969482422,15.600000381469727,15.609999656677246,372700,0.0,0.0
2022-12-08 00:00:00-05:00,16.09000015258789,16.209999084472656,15.319999694824219,15.460000038146973,365100,0.0,0.0
2022-12-09 00:00:00-05:00,15.34000015258789,15.770000457763672,14.609999656677246,14.670000076293945,318300,0.0,0.0
2022-12-12 00:00:00-05:00,14.819999694824219,15.609999656677246,14.729999542236328,15.260000228881836,455600,0.0,0.0
2022-12-13 00:00:00-05:00,15.729999542236328,16.170000076293945,15.699999809265137,15.970000267028809,340400,0.0,0.0
2022-12-14 00:00:00-05:00,16.079999923706055,16.200000762939453,15.350000381469727,15.5600004196167,315500,0.0,0.0
2022-12-15 00:00:00-05:00,15.289999961853027,15.699999809265137,15.119999885559082,15.369999885559082,274700,0.0,0.0
2022-12-16 00:00:00-05:00,14.949999809265137,15.25,14.699999809265137,15.210000038146973,1174900,0.0,0.0
2022-12-19 00:00:00-05:00,15.359999656677246,15.779999732971191,14.979999542236328,15.130000114440918,376400,0.0,0.0
2022-12-20 00:00:00-05:00,15.229999542236328,16.270000457763672,15.210000038146973,16.219999313354492,417300,0.0,0.0
2022-12-21 00:00:00-05:00,16.59000015258789,16.90999984741211,16.260000228881836,16.90999984741211,387800,0.0,0.0
2022-12-22 00:00:00-05:00,16.8700008392334,16.8700008392334,15.979999542236328,16.559999465942383,377300,0.0,0.0
2022-12-23 00:00:00-05:00,16.729999542236328,17.09000015258789,16.489999771118164,17.010000228881836,287900,0.0,0.0
2022-12-27 00:00:00-05:00,17.190000534057617,17.350000381469727,16.8799991607666,17.260000228881836,363400,0.0,0.0
2022-12-28 00:00:00-05:00,17.209999084472656,17.290000915527344,16.5,16.700000762939453,228300,0.0,0.0
2022-12-29 00:00:00-05:00,16.65999984741211,18.139999389648438,16.65999984741211,17.899999618530273,421300,0.0,0.0
2022-12-30 00:00:00-05:00,17.690000534057617,18.190000534057617,17.670000076293945,18.1299991607666,413700,0.0,0.0
2023-01-03 00:00:00-05:00,18.040000915527344,18.31999969482422,16.690000534057617,17.040000915527344,325300,0.0,0.0
2023-01-04 00:00:00-05:00,16.739999771118164,17.360000610351562,16.6299991607666,17.239999771118164,340200,0.0,0.0
2023-01-05 00:00:00-05:00,17.170000076293945,17.700000762939453,16.8799991607666,17.469999313354492,515200,0.0,0.0
2023-01-06 00:00:00-05:00,17.899999618530273,18.920000076293945,17.65999984741211,17.860000610351562,729600,0.0,0.0
2023-01-09 00:00:00-05:00,18.350000381469727,19.0,18.15999984741211,18.600000381469727,577600,0.0,0.0
2023-01-10 00:00:00-05:00,18.469999313354492,19.020000457763672,18.15999984741211,18.850000381469727,450700,0.0,0.0
2023-01-11 00:00:00-05:00,19.0,19.020000457763672,18.299999237060547,18.450000762939453,264400,0.0,0.0
2023-01-12 00:00:00-05:00,17.360000610351562,18.649999618530273,16.43000030517578,17.690000534057617,791000,0.0,0.0
2023-01-13 00:00:00-05:00,18.25,18.3799991607666,17.450000762939453,18.200000762939453,3616600,0.0,0.0
2023-01-17 00:00:00-05:00,18.399999618530273,18.93000030517578,18.25,18.8799991607666,1238900,0.0,0.0
2023-01-18 00:00:00-05:00,19.0,19.1299991607666,17.899999618530273,18.010000228881836,1608700,0.0,0.0
2023-01-19 00:00:00-05:00,17.959999084472656,18.200000762939453,17.709999084472656,18.020000457763672,682300,0.0,0.0
2023-01-20 00:00:00-05:00,18.219999313354492,18.649999618530273,17.81999969482422,18.459999084472656,732700,0.0,0.0
2023-01-23 00:00:00-05:00,18.40999984741211,18.5,17.93000030517578,18.139999389648438,823500,0.0,0.0
2023-01-24 00:00:00-05:00,17.950000762939453,18.15999984741211,17.75,18.0,620300,0.0,0.0
2023-01-25 00:00:00-05:00,17.889999389648438,19.31999969482422,17.709999084472656,18.860000610351562,861100,0.0,0.0
2023-01-26 00:00:00-05:00,19.0,19.100000381469727,18.149999618530273,18.700000762939453,727700,0.0,0.0
2023-01-27 00:00:00-05:00,18.6200008392334,18.8799991607666,18.219999313354492,18.420000076293945,478100,0.0,0.0
2023-01-30 00:00:00-05:00,18.110000610351562,18.540000915527344,18.059999465942383,18.229999542236328,327200,0.0,0.0
2023-01-31 00:00:00-05:00,18.139999389648438,19.030000686645508,18.139999389648438,18.889999389648438,716300,0.0,0.0
2023-02-01 00:00:00-05:00,18.850000381469727,19.6299991607666,18.190000534057617,19.450000762939453,885300,0.0,0.0
2023-02-02 00:00:00-05:00,19.450000762939453,19.649999618530273,18.719999313354492,19.190000534057617,947600,0.0,0.0
2023-02-03 00:00:00-05:00,19.260000228881836,20.059999465942383,19.200000762939453,19.649999618530273,989700,0.0,0.0
2023-02-06 00:00:00-05:00,19.700000762939453,19.899999618530273,19.309999465942383,19.75,836100,0.0,0.0
2023-02-07 00:00:00-05:00,19.799999237060547,20.700000762939453,19.770000457763672,20.649999618530273,599800,0.0,0.0
2023-02-08 00:00:00-05:00,20.6200008392334,21.040000915527344,20.200000762939453,20.899999618530273,1069100,0.0,0.0
2023-02-09 00:00:00-05:00,21.0,21.049999237060547,19.809999465942383,19.920000076293945,579900,0.0,0.0
2023-02-10 00:00:00-05:00,20.40999984741211,21.06999969482422,20.229999542236328,20.950000762939453,479600,0.0,0.0
2023-02-13 00:00:00-05:00,20.829999923706055,21.649999618530273,20.5,21.459999084472656,479300,0.0,0.0
2023-02-14 00:00:00-05:00,21.25,21.93000030517578,20.719999313354492,21.489999771118164,674000,0.0,0.0
2023-02-15 00:00:00-05:00,21.1200008392334,22.010000228881836,20.799999237060547,21.959999084472656,653200,0.0,0.0
2023-02-16 00:00:00-05:00,21.739999771118164,22.479999542236328,21.510000228881836,21.8799991607666,743000,0.0,0.0
2023-02-17 00:00:00-05:00,21.610000610351562,21.75,20.280000686645508,20.770000457763672,770500,0.0,0.0
2023-02-21 00:00:00-05:00,20.829999923706055,21.18000030517578,20.25,20.270000457763672,732000,0.0,0.0
2023-02-22 00:00:00-05:00,19.959999084472656,20.360000610351562,19.290000915527344,19.739999771118164,795500,0.0,0.0
2023-02-23 00:00:00-05:00,20.5,22.299999237060547,20.149999618530273,20.549999237060547,1103400,0.0,0.0
2023-02-24 00:00:00-05:00,20.729999542236328,23.049999237060547,20.510000228881836,23.049999237060547,1289700,0.0,0.0
2023-02-27 00:00:00-05:00,23.110000610351562,23.15999984741211,22.559999465942383,22.90999984741211,576500,0.0,0.0
2023-02-28 00:00:00-05:00,23.209999084472656,23.81999969482422,22.670000076293945,22.729999542236328,1037100,0.0,0.0
2023-03-01 00:00:00-05:00,22.75,23.489999771118164,22.700000762939453,23.229999542236328,727800,0.0,0.0
2023-03-02 00:00:00-05:00,23.059999465942383,24.040000915527344,22.850000381469727,23.610000610351562,1044300,0.0,0.0
2023-03-03 00:00:00-05:00,23.06999969482422,23.829999923706055,22.950000762939453,23.6200008392334,1459200,0.0,0.0
2023-03-06 00:00:00-05:00,23.299999237060547,23.299999237060547,22.760000228881836,22.809999465942383,686100,0.0,0.0
2023-03-07 00:00:00-05:00,22.479999542236328,22.850000381469727,22.149999618530273,22.559999465942383,909400,0.0,0.0
2023-03-08 00:00:00-05:00,22.540000915527344,23.049999237060547,22.139999389648438,22.56999969482422,673400,0.0,0.0
2023-03-09 00:00:00-05:00,22.600000381469727,22.979999542236328,21.31999969482422,21.3700008392334,860800,0.0,0.0
2023-03-10 00:00:00-05:00,21.489999771118164,21.739999771118164,20.389999389648438,20.610000610351562,936700,0.0,0.0
2023-03-13 00:00:00-04:00,19.90999984741211,20.450000762939453,19.329999923706055,19.420000076293945,726000,0.0,0.0
2023-03-14 00:00:00-04:00,19.889999389648438,20.18000030517578,19.09000015258789,19.459999084472656,677800,0.0,0.0
2023-03-15 00:00:00-04:00,18.709999084472656,18.850000381469727,17.989999771118164,18.239999771118164,503900,0.0,0.0
2023-03-16 00:00:00-04:00,17.700000762939453,18.65999984741211,17.40999984741211,18.290000915527344,584200,0.0,0.0
2023-03-17 00:00:00-04:00,18.06999969482422,18.06999969482422,17.270000457763672,17.719999313354492,2576200,0.0,0.0
2023-03-20 00:00:00-04:00,17.969999313354492,18.690000534057617,17.969999313354492,18.09000015258789,681600,0.0,0.0
2023-03-21 00:00:00-04:00,18.809999465942383,19.1299991607666,18.440000534057617,18.670000076293945,587100,0.0,0.0
2023-03-22 00:00:00-04:00,18.579999923706055,18.690000534057617,17.940000534057617,17.969999313354492,672900,0.0,0.0
2023-03-23 00:00:00-04:00,18.06999969482422,18.450000762939453,17.299999237060547,17.6200008392334,759900,0.0,0.0
2023-03-24 00:00:00-04:00,17.020000457763672,17.959999084472656,16.8799991607666,17.709999084472656,1126100,0.0,0.0
2023-03-27 00:00:00-04:00,18.059999465942383,18.420000076293945,17.700000762939453,18.290000915527344,701600,0.0,0.0
2023-03-28 00:00:00-04:00,18.079999923706055,18.75,18.079999923706055,18.350000381469727,398400,0.0,0.0
2023-03-29 00:00:00-04:00,18.559999465942383,18.719999313354492,18.309999465942383,18.469999313354492,487100,0.0,0.0
2023-03-30 00:00:00-04:00,18.770000457763672,18.829999923706055,18.049999237060547,18.200000762939453,690600,0.0,0.0
2023-03-31 00:00:00-04:00,18.329999923706055,18.520000457763672,18.1299991607666,18.360000610351562,573400,0.0,0.0
2023-04-03 00:00:00-04:00,19.600000381469727,19.719999313354492,18.950000762939453,19.209999084472656,909500,0.0,0.0
2023-04-04 00:00:00-04:00,19.219999313354492,19.280000686645508,18.170000076293945,18.389999389648438,450900,0.0,0.0
2023-04-05 00:00:00-04:00,18.3700008392334,18.5,18.059999465942383,18.479999542236328,522100,0.0,0.0
2023-04-06 00:00:00-04:00,18.459999084472656,18.719999313354492,18.25,18.56999969482422,441000,0.0,0.0
2023-04-10 00:00:00-04:00,18.579999923706055,18.989999771118164,18.56999969482422,18.950000762939453,433900,0.0,0.0
2023-04-11 00:00:00-04:00,19.049999237060547,19.200000762939453,18.610000610351562,19.059999465942383,408800,0.0,0.0
2023-04-12 00:00:00-04:00,19.219999313354492,19.350000381469727,18.639999389648438,18.959999084472656,302100,0.0,0.0
2023-04-13 00:00:00-04:00,18.969999313354492,19.40999984741211,18.969999313354492,19.09000015258789,370200,0.0,0.0
2023-04-14 00:00:00-04:00,19.059999465942383,19.25,18.690000534057617,18.959999084472656,283700,0.0,0.0
2023-04-17 00:00:00-04:00,18.90999984741211,19.1299991607666,18.739999771118164,19.059999465942383,343100,0.0,0.0
2023-04-18 00:00:00-04:00,18.959999084472656,19.200000762939453,18.600000381469727,19.170000076293945,612000,0.0,0.0
2023-04-19 00:00:00-04:00,18.940000534057617,19.600000381469727,18.780000686645508,19.40999984741211,557900,0.0,0.0
2023-04-20 00:00:00-04:00,18.959999084472656,19.239999771118164,18.959999084472656,19.079999923706055,545600,0.0,0.0
2023-04-21 00:00:00-04:00,19.219999313354492,19.239999771118164,18.93000030517578,19.170000076293945,463800,0.0,0.0
2023-04-24 00:00:00-04:00,19.15999984741211,20.040000915527344,19.09000015258789,19.969999313354492,421800,0.0,0.0
2023-04-25 00:00:00-04:00,19.610000610351562,19.68000030517578,18.93000030517578,19.34000015258789,591200,0.0,0.0
2023-04-26 00:00:00-04:00,19.100000381469727,19.670000076293945,18.950000762939453,19.149999618530273,1439200,0.0,0.0
2023-04-27 00:00:00-04:00,19.06999969482422,19.350000381469727,18.889999389648438,19.25,368500,0.0,0.0
2023-04-28 00:00:00-04:00,19.209999084472656,19.969999313354492,18.959999084472656,19.889999389648438,428000,0.0,0.0
2023-05-01 00:00:00-04:00,19.639999389648438,20.06999969482422,19.399999618530273,19.969999313354492,365400,0.0,0.0
2023-05-02 00:00:00-04:00,19.549999237060547,19.670000076293945,18.479999542236328,18.510000228881836,551500,0.0,0.0
2023-05-03 00:00:00-04:00,18.06999969482422,19.190000534057617,18.06999969482422,18.489999771118164,551100,0.0,0.0
2023-05-04 00:00:00-04:00,17.25,18.0,16.200000762939453,17.530000686645508,1492200,0.0,0.0
2023-05-05 00:00:00-04:00,18.18000030517578,18.489999771118164,17.3799991607666,17.559999465942383,913900,0.0,0.0
2023-05-08 00:00:00-04:00,17.950000762939453,18.389999389648438,17.610000610351562,17.75,418000,0.0,0.0
2023-05-09 00:00:00-04:00,17.59000015258789,18.350000381469727,17.43000030517578,18.18000030517578,303400,0.0,0.0
2023-05-10 00:00:00-04:00,18.360000610351562,18.360000610351562,17.329999923706055,18.149999618530273,520900,0.0,0.0
2023-05-11 00:00:00-04:00,17.719999313354492,18.049999237060547,17.079999923706055,17.31999969482422,461700,0.0,0.0
2023-05-12 00:00:00-04:00,17.450000762939453,17.899999618530273,17.18000030517578,17.459999084472656,416100,0.0,0.0
2023-05-15 00:00:00-04:00,17.690000534057617,18.299999237060547,17.6299991607666,18.010000228881836,382700,0.0,0.0
2023-05-16 00:00:00-04:00,17.780000686645508,17.780000686645508,17.1299991607666,17.139999389648438,284800,0.0,0.0
2023-05-17 00:00:00-04:00,17.209999084472656,17.389999389648438,16.979999542236328,17.360000610351562,462500,0.0,0.0
2023-05-18 00:00:00-04:00,17.239999771118164,17.690000534057617,17.0,17.579999923706055,360800,0.0,0.0
2023-05-19 00:00:00-04:00,17.979999542236328,17.979999542236328,17.270000457763672,17.299999237060547,622200,0.0,0.0
2023-05-22 00:00:00-04:00,17.489999771118164,17.8799991607666,17.3799991607666,17.579999923706055,387000,0.0,0.0
2023-05-23 00:00:00-04:00,17.579999923706055,18.010000228881836,17.440000534057617,17.6200008392334,629900,0.0,0.0
2023-05-24 00:00:00-04:00,17.579999923706055,18.0,17.450000762939453,17.889999389648438,311200,0.0,0.0
2023-05-25 00:00:00-04:00,17.489999771118164,17.56999969482422,16.979999542236328,17.450000762939453,295700,0.0,0.0
2023-05-26 00:00:00-04:00,17.59000015258789,17.68000030517578,17.350000381469727,17.5,390100,0.0,0.0
2023-05-30 00:00:00-04:00,17.229999542236328,17.399999618530273,16.760000228881836,17.0,304600,0.0,0.0
2023-05-31 00:00:00-04:00,16.579999923706055,16.989999771118164,16.229999542236328,16.59000015258789,1069500,0.0,0.0
2023-06-01 00:00:00-04:00,16.540000915527344,17.65999984741211,16.540000915527344,17.469999313354492,525600,0.0,0.0
2023-06-02 00:00:00-04:00,18.059999465942383,19.09000015258789,17.780000686645508,18.65999984741211,669400,0.0,0.0
2023-06-05 00:00:00-04:00,18.93000030517578,19.030000686645508,18.280000686645508,18.299999237060547,417800,0.0,0.0
2023-06-06 00:00:00-04:00,18.059999465942383,18.809999465942383,18.059999465942383,18.3799991607666,445100,0.0,0.0
2023-06-07 00:00:00-04:00,18.68000030517578,19.239999771118164,18.670000076293945,19.0,834000,0.0,0.0
2023-06-08 00:00:00-04:00,18.969999313354492,19.479999542236328,18.530000686645508,18.579999923706055,546600,0.0,0.0
2023-06-09 00:00:00-04:00,18.540000915527344,18.75,18.270000457763672,18.450000762939453,355800,0.0,0.0
2023-06-12 00:00:00-04:00,18.06999969482422,18.440000534057617,17.899999618530273,18.100000381469727,350800,0.0,0.0
2023-06-13 00:00:00-04:00,18.3799991607666,19.010000228881836,18.229999542236328,18.280000686645508,389000,0.0,0.0
2023-06-14 00:00:00-04:00,17.530000686645508,17.559999465942383,16.969999313354492,17.200000762939453,1226600,0.0,0.0
2023-06-15 00:00:00-04:00,17.190000534057617,17.459999084472656,17.110000610351562,17.290000915527344,608200,0.0,0.0
2023-06-16 00:00:00-04:00,17.520000457763672,17.520000457763672,16.610000610351562,16.739999771118164,756200,0.0,0.0
2023-06-20 00:00:00-04:00,16.5,16.5,15.869999885559082,16.030000686645508,706600,0.0,0.0
2023-06-21 00:00:00-04:00,15.949999809265137,16.450000762939453,15.9399995803833,16.34000015258789,748600,0.0,0.0
2023-06-22 00:00:00-04:00,16.149999618530273,16.510000228881836,15.800000190734863,16.290000915527344,773000,0.0,0.0
2023-06-23 00:00:00-04:00,15.949999809265137,16.020000457763672,15.720000267028809,15.9399995803833,2062400,0.0,0.0
2023-06-26 00:00:00-04:00,15.920000076293945,16.530000686645508,15.920000076293945,16.290000915527344,325600,0.0,0.0
2023-06-27 00:00:00-04:00,16.139999389648438,16.610000610351562,16.020000457763672,16.469999313354492,356500,0.0,0.0
2023-06-28 00:00:00-04:00,16.43000030517578,16.81999969482422,16.200000762939453,16.719999313354492,357000,0.0,0.0
2023-06-29 00:00:00-04:00,16.739999771118164,17.280000686645508,16.739999771118164,17.059999465942383,434600,0.0,0.0
2023-06-30 00:00:00-04:00,17.290000915527344,17.770000457763672,17.09000015258789,17.719999313354492,1294100,0.0,0.0
2023-07-03 00:00:00-04:00,17.770000457763672,17.969999313354492,17.450000762939453,17.780000686645508,882200,0.0,0.0
2023-07-05 00:00:00-04:00,17.81999969482422,18.440000534057617,17.56999969482422,18.139999389648438,1032100,0.0,0.0
2023-07-06 00:00:00-04:00,17.84000015258789,18.209999084472656,17.6299991607666,18.110000610351562,621500,0.0,0.0
2023-07-07 00:00:00-04:00,18.1299991607666,19.600000381469727,18.1299991607666,19.329999923706055,803900,0.0,0.0
2023-07-10 00:00:00-04:00,19.229999542236328,19.719999313354492,19.229999542236328,19.649999618530273,530300,0.0,0.0
2023-07-11 00:00:00-04:00,19.84000015258789,20.420000076293945,19.690000534057617,20.40999984741211,846900,0.0,0.0
2023-07-12 00:00:00-04:00,20.6299991607666,20.81999969482422,20.299999237060547,20.479999542236328,1356500,0.0,0.0
2023-07-13 00:00:00-04:00,20.559999465942383,20.81999969482422,20.190000534057617,20.579999923706055,1109400,0.0,0.0
2023-07-14 00:00:00-04:00,20.540000915527344,20.600000381469727,20.25,20.329999923706055,434200,0.0,0.0
2023-07-17 00:00:00-04:00,20.239999771118164,20.739999771118164,20.200000762939453,20.6200008392334,519300,0.0,0.0
2023-07-18 00:00:00-04:00,20.8700008392334,21.600000381469727,20.799999237060547,21.510000228881836,1069500,0.0,0.0
2023-07-19 00:00:00-04:00,21.549999237060547,21.790000915527344,21.360000610351562,21.549999237060547,954200,0.0,0.0
2023-07-20 00:00:00-04:00,21.760000228881836,21.889999389648438,21.399999618530273,21.799999237060547,1163200,0.0,0.0
2023-07-21 00:00:00-04:00,21.799999237060547,22.139999389648438,21.399999618530273,22.0,750200,0.0,0.0
2023-07-24 00:00:00-04:00,21.979999542236328,22.93000030517578,21.979999542236328,22.520000457763672,675200,0.0,0.0
2023-07-25 00:00:00-04:00,22.489999771118164,22.81999969482422,22.420000076293945,22.809999465942383,367300,0.0,0.0
2023-07-26 00:00:00-04:00,22.610000610351562,23.239999771118164,22.610000610351562,23.0,1263300,0.0,0.0
2023-07-27 00:00:00-04:00,23.690000534057617,23.719999313354492,21.309999465942383,21.739999771118164,2119600,0.0,0.0
2023-07-28 00:00:00-04:00,21.860000610351562,22.31999969482422,21.780000686645508,22.190000534057617,1056500,0.0,0.0
2023-07-31 00:00:00-04:00,22.469999313354492,22.809999465942383,22.059999465942383,22.190000534057617,811900,0.0,0.0
2023-08-01 00:00:00-04:00,22.219999313354492,22.31999969482422,21.610000610351562,22.15999984741211,743500,0.0,0.0
2023-08-02 00:00:00-04:00,21.860000610351562,22.190000534057617,21.450000762939453,22.1200008392334,531600,0.0,0.0
2023-08-03 00:00:00-04:00,22.239999771118164,22.790000915527344,22.010000228881836,22.65999984741211,694700,0.0,0.0
2023-08-04 00:00:00-04:00,22.729999542236328,23.1200008392334,22.700000762939453,23.010000228881836,589400,0.0,0.0
2023-08-07 00:00:00-04:00,23.200000762939453,23.489999771118164,22.700000762939453,22.959999084472656,668700,0.0,0.0
2023-08-08 00:00:00-04:00,22.610000610351562,23.329999923706055,21.850000381469727,23.299999237060547,577600,0.0,0.0
2023-08-09 00:00:00-04:00,23.360000610351562,23.799999237060547,23.200000762939453,23.34000015258789,829300,0.0,0.0
2023-08-10 00:00:00-04:00,23.34000015258789,24.5,23.34000015258789,23.850000381469727,2723400,0.0,0.0
2023-08-11 00:00:00-04:00,23.899999618530273,24.31999969482422,22.93000030517578,23.209999084472656,1252500,0.0,0.0
2023-08-14 00:00:00-04:00,23.049999237060547,23.329999923706055,22.790000915527344,23.200000762939453,616000,0.0,0.0
2023-08-15 00:00:00-04:00,22.8700008392334,23.09000015258789,22.450000762939453,22.81999969482422,380100,0.0,0.0
2023-08-16 00:00:00-04:00,22.81999969482422,23.25,22.81999969482422,23.0,938500,0.0,0.0
2023-08-17 00:00:00-04:00,23.3700008392334,23.549999237060547,22.780000686645508,22.950000762939453,492600,0.0,0.0
2023-08-18 00:00:00-04:00,22.780000686645508,23.5,22.559999465942383,23.280000686645508,491000,0.0,0.0
2023-08-21 00:00:00-04:00,23.389999389648438,23.600000381469727,22.84000015258789,22.989999771118164,435700,0.0,0.0
2023-08-22 00:00:00-04:00,23.030000686645508,23.1299991607666,22.729999542236328,23.049999237060547,444800,0.0,0.0
2023-08-23 00:00:00-04:00,22.860000610351562,23.479999542236328,22.729999542236328,23.239999771118164,434300,0.0,0.0
2023-08-24 00:00:00-04:00,22.950000762939453,23.3799991607666,22.8799991607666,22.90999984741211,510900,0.0,0.0
2023-08-25 00:00:00-04:00,23.389999389648438,23.389999389648438,22.780000686645508,22.899999618530273,639700,0.0,0.0
2023-08-28 00:00:00-04:00,23.3700008392334,23.75,23.079999923706055,23.559999465942383,470400,0.0,0.0
2023-08-29 00:00:00-04:00,23.479999542236328,23.579999923706055,23.260000228881836,23.5,607800,0.0,0.0
2023-08-30 00:00:00-04:00,23.420000076293945,23.90999984741211,23.350000381469727,23.5,518900,0.0,0.0
2023-08-31 00:00:00-04:00,23.530000686645508,23.799999237060547,23.18000030517578,23.510000228881836,848600,0.0,0.0
2023-09-01 00:00:00-04:00,23.940000534057617,24.059999465942383,23.56999969482422,23.579999923706055,594900,0.0,0.0
2023-09-05 00:00:00-04:00,23.700000762939453,24.18000030517578,23.700000762939453,23.969999313354492,645200,0.0,0.0
2023-09-06 00:00:00-04:00,23.93000030517578,24.459999084472656,23.899999618530273,24.350000381469727,1186400,0.0,0.0
2023-09-07 00:00:00-04:00,24.290000915527344,24.329999923706055,23.450000762939453,23.479999542236328,830500,0.0,0.0
2023-09-08 00:00:00-04:00,23.34000015258789,23.530000686645508,22.860000610351562,22.959999084472656,1177400,0.0,0.0
2023-09-11 00:00:00-04:00,23.239999771118164,23.350000381469727,22.6200008392334,22.709999084472656,1044200,0.0,0.0
2023-09-12 00:00:00-04:00,22.959999084472656,23.450000762939453,22.959999084472656,23.440000534057617,1134700,0.0,0.0
2023-09-13 00:00:00-04:00,23.8700008392334,24.020000457763672,22.850000381469727,22.889999389648438,1010600,0.0,0.0
2023-09-14 00:00:00-04:00,23.229999542236328,23.649999618530273,23.09000015258789,23.34000015258789,1044800,0.0,0.0
2023-09-15 00:00:00-04:00,23.549999237060547,24.989999771118164,23.280000686645508,24.829999923706055,5809000,0.0,0.0
2023-09-18 00:00:00-04:00,24.729999542236328,24.979999542236328,24.15999984741211,24.360000610351562,1252300,0.0,0.0
2023-09-19 00:00:00-04:00,24.530000686645508,24.649999618530273,23.450000762939453,23.479999542236328,1602800,0.0,0.0
2023-09-20 00:00:00-04:00,23.459999084472656,24.18000030517578,23.1200008392334,23.649999618530273,1181500,0.0,0.0
2023-09-21 00:00:00-04:00,23.639999389648438,23.719999313354492,22.979999542236328,22.979999542236328,1136400,0.0,0.0
2023-09-22 00:00:00-04:00,23.200000762939453,23.510000228881836,23.100000381469727,23.280000686645508,732800,0.0,0.0
2023-09-25 00:00:00-04:00,23.280000686645508,24.520000457763672,23.270000457763672,23.959999084472656,989400,0.0,0.0
2023-09-26 00:00:00-04:00,23.65999984741211,24.260000228881836,23.559999465942383,24.1200008392334,674700,0.0,0.0
2023-09-27 00:00:00-04:00,24.25,25.040000915527344,24.25,24.780000686645508,676500,0.0,0.0
2023-09-28 00:00:00-04:00,23.950000762939453,24.06999969482422,22.31999969482422,23.399999618530273,2717000,0.0,0.0
2023-09-29 00:00:00-04:00,23.34000015258789,23.399999618530273,22.780000686645508,23.229999542236328,1196800,0.0,0.0
2023-10-02 00:00:00-04:00,23.290000915527344,23.290000915527344,22.010000228881836,22.18000030517578,718800,0.0,0.0
2023-10-03 00:00:00-04:00,22.059999465942383,22.850000381469727,22.020000457763672,22.649999618530273,1025400,0.0,0.0
2023-10-04 00:00:00-04:00,22.260000228881836,22.260000228881836,21.06999969482422,21.149999618530273,1023400,0.0,0.0
2023-10-05 00:00:00-04:00,20.8799991607666,21.40999984741211,20.649999618530273,20.8700008392334,813200,0.0,0.0
2023-10-06 00:00:00-04:00,20.979999542236328,21.68000030517578,20.809999465942383,21.149999618530273,594500,0.0,0.0
2023-10-09 00:00:00-04:00,21.809999465942383,22.110000610351562,21.75,21.989999771118164,381600,0.0,0.0
2023-10-10 00:00:00-04:00,22.030000686645508,22.209999084472656,21.959999084472656,22.010000228881836,358500,0.0,0.0
2023-10-11 00:00:00-04:00,21.75,22.06999969482422,21.549999237060547,21.799999237060547,519800,0.0,0.0
2023-10-12 00:00:00-04:00,22.0,22.0,21.1200008392334,21.299999237060547,418700,0.0,0.0
2023-10-13 00:00:00-04:00,21.65999984741211,21.899999618530273,21.290000915527344,21.549999237060547,528000,0.0,0.0
2023-10-16 00:00:00-04:00,21.729999542236328,21.729999542236328,20.989999771118164,21.079999923706055,552600,0.0,0.0
2023-10-17 00:00:00-04:00,20.959999084472656,21.56999969482422,20.719999313354492,20.969999313354492,1464300,0.0,0.0
2023-10-18 00:00:00-04:00,21.100000381469727,21.190000534057617,20.729999542236328,20.8799991607666,755900,0.0,0.0
2023-10-19 00:00:00-04:00,20.68000030517578,21.209999084472656,20.360000610351562,20.93000030517578,567900,0.0,0.0
2023-10-20 00:00:00-04:00,20.889999389648438,20.959999084472656,20.170000076293945,20.389999389648438,783100,0.0,0.0
2023-10-23 00:00:00-04:00,20.350000381469727,20.670000076293945,20.110000610351562,20.559999465942383,755300,0.0,0.0
2023-10-24 00:00:00-04:00,20.540000915527344,20.690000534057617,20.299999237060547,20.600000381469727,568900,0.0,0.0
2023-10-25 00:00:00-04:00,20.489999771118164,20.600000381469727,19.940000534057617,20.139999389648438,1172900,0.0,0.0
2023-10-26 00:00:00-04:00,18.0,18.0,16.200000762939453,16.639999389648438,3384600,0.0,0.0
2023-10-27 00:00:00-04:00,16.709999084472656,16.709999084472656,15.25,15.899999618530273,2014400,0.0,0.0
2023-10-30 00:00:00-04:00,16.010000228881836,16.290000915527344,15.510000228881836,15.8100004196167,1254800,0.0,0.0
2023-10-31 00:00:00-04:00,15.789999961853027,16.020000457763672,15.510000228881836,15.75,976000,0.0,0.0
2023-11-01 00:00:00-04:00,15.649999618530273,16.200000762939453,15.4399995803833,15.4399995803833,1615300,0.0,0.0
2023-11-02 00:00:00-04:00,15.369999885559082,16.139999389648438,15.329999923706055,16.010000228881836,785800,0.0,0.0
2023-11-03 00:00:00-04:00,16.15999984741211,16.3700008392334,15.930000305175781,16.100000381469727,863400,0.0,0.0
2023-11-06 00:00:00-05:00,16.139999389648438,16.139999389648438,15.460000038146973,15.510000228881836,654700,0.0,0.0
2023-11-07 00:00:00-05:00,15.289999961853027,15.5,14.800000190734863,14.880000114440918,780100,0.0,0.0
2023-11-08 00:00:00-05:00,14.720000267028809,14.880000114440918,14.40999984741211,14.520000457763672,814300,0.0,0.0
2023-11-09 00:00:00-05:00,14.5600004196167,14.869999885559082,14.329999923706055,14.460000038146973,783900,0.0,0.0
2023-11-10 00:00:00-05:00,14.569999694824219,14.920000076293945,14.510000228881836,14.739999771118164,1276200,0.0,0.0
2023-11-13 00:00:00-05:00,14.880000114440918,15.170000076293945,14.619999885559082,14.979999542236328,689000,0.0,0.0
2023-11-14 00:00:00-05:00,15.010000228881836,15.970000267028809,14.880000114440918,15.960000038146973,1068900,0.0,0.0
2023-11-15 00:00:00-05:00,15.890000343322754,16.229999542236328,15.670000076293945,15.75,1178100,0.0,0.0
2023-11-16 00:00:00-05:00,15.520000457763672,15.579999923706055,14.380000114440918,15.069999694824219,1240900,0.0,0.0
2023-11-17 00:00:00-05:00,15.329999923706055,15.9399995803833,15.329999923706055,15.630000114440918,1514600,0.0,0.0
2023-11-20 00:00:00-05:00,15.770000457763672,16.389999389648438,15.739999771118164,15.970000267028809,1100600,0.0,0.0
2023-11-21 00:00:00-05:00,15.800000190734863,15.930000305175781,15.390000343322754,15.4399995803833,644600,0.0,0.0
2023-11-22 00:00:00-05:00,15.170000076293945,15.760000228881836,14.789999961853027,15.710000038146973,643900,0.0,0.0
2023-11-24 00:00:00-05:00,15.649999618530273,15.949999809265137,15.649999618530273,15.800000190734863,293200,0.0,0.0
2023-11-27 00:00:00-05:00,15.6899995803833,15.819999694824219,15.489999771118164,15.59000015258789,827700,0.0,0.0
2023-11-28 00:00:00-05:00,15.65999984741211,15.819999694824219,15.319999694824219,15.479999542236328,835900,0.0,0.0
2023-11-29 00:00:00-05:00,15.5600004196167,15.899999618530273,15.4399995803833,15.609999656677246,820400,0.0,0.0
2023-11-30 00:00:00-05:00,15.9399995803833,16.170000076293945,15.449999809265137,15.550000190734863,824900,0.0,0.0
2023-12-01 00:00:00-05:00,15.4399995803833,15.899999618530273,15.279999732971191,15.649999618530273,756900,0.0,0.0
2023-12-04 00:00:00-05:00,15.569999694824219,15.949999809265137,15.470000267028809,15.949999809265137,536300,0.0,0.0
2023-12-05 00:00:00-05:00,15.930000305175781,15.930000305175781,15.449999809265137,15.579999923706055,596500,0.0,0.0
2023-12-06 00:00:00-05:00,15.619999885559082,15.880000114440918,14.949999809265137,15.010000228881836,633800,0.0,0.0
2023-12-07 00:00:00-05:00,15.069999694824219,15.199999809265137,14.859999656677246,15.119999885559082,459500,0.0,0.0
2023-12-08 00:00:00-05:00,15.279999732971191,15.770000457763672,14.890000343322754,15.210000038146973,1429700,0.0,0.0
2023-12-11 00:00:00-05:00,15.289999961853027,15.470000267028809,14.84000015258789,15.100000381469727,897300,0.0,0.0
2023-12-12 00:00:00-05:00,14.819999694824219,14.979999542236328,14.4399995803833,14.819999694824219,734900,0.0,0.0
2023-12-13 00:00:00-05:00,14.890000343322754,15.5600004196167,14.779999732971191,15.489999771118164,681600,0.0,0.0
2023-12-14 00:00:00-05:00,15.829999923706055,16.270000457763672,15.829999923706055,16.18000030517578,911500,0.0,0.0
2023-12-15 00:00:00-05:00,16.280000686645508,16.450000762939453,15.979999542236328,16.270000457763672,1944400,0.0,0.0
2023-12-18 00:00:00-05:00,16.540000915527344,16.770000457763672,16.239999771118164,16.260000228881836,538800,0.0,0.0
2023-12-19 00:00:00-05:00,16.3700008392334,16.760000228881836,16.360000610351562,16.75,705100,0.0,0.0
2023-12-20 00:00:00-05:00,16.760000228881836,17.0,16.1299991607666,16.190000534057617,772400,0.0,0.0
2023-12-21 00:00:00-05:00,16.190000534057617,16.43000030517578,16.1299991607666,16.40999984741211,644300,0.0,0.0
2023-12-22 00:00:00-05:00,16.479999542236328,16.649999618530273,16.010000228881836,16.110000610351562,514600,0.0,0.0
2023-12-26 00:00:00-05:00,16.399999618530273,16.469999313354492,16.239999771118164,16.31999969482422,700000,0.0,0.0
2023-12-27 00:00:00-05:00,16.239999771118164,16.549999237060547,16.239999771118164,16.360000610351562,507200,0.0,0.0
2023-12-28 00:00:00-05:00,16.209999084472656,16.489999771118164,16.18000030517578,16.260000228881836,428600,0.0,0.0
2023-12-29 00:00:00-05:00,16.260000228881836,16.3799991607666,15.819999694824219,15.920000076293945,1249500,0.0,0.0
2024-01-02 00:00:00-05:00,16.170000076293945,16.3700008392334,15.760000228881836,15.850000381469727,450400,0.0,0.0
2024-01-03 00:00:00-05:00,15.9399995803833,16.139999389648438,15.5600004196167,15.920000076293945,935600,0.0,0.0
2024-01-04 00:00:00-05:00,16.06999969482422,16.06999969482422,15.5,15.579999923706055,725400,0.0,0.0
2024-01-05 00:00:00-05:00,15.579999923706055,16.90999984741211,15.569999694824219,16.799999237060547,1752300,0.0,0.0
2024-01-08 00:00:00-05:00,16.299999237060547,16.43000030517578,15.84000015258789,16.25,1610200,0.0,0.0
2024-01-09 00:00:00-05:00,16.139999389648438,16.309999465942383,15.5,15.6899995803833,1165200,0.0,0.0
2024-01-10 00:00:00-05:00,15.59000015258789,15.75,15.4399995803833,15.649999618530273,809000,0.0,0.0
2024-01-11 00:00:00-05:00,15.640000343322754,16.049999237060547,15.260000228881836,16.030000686645508,1163800,0.0,0.0
2024-01-12 00:00:00-05:00,16.399999618530273,16.549999237060547,16.040000915527344,16.549999237060547,800400,0.0,0.0
2024-01-16 00:00:00-05:00,16.350000381469727,16.760000228881836,16.270000457763672,16.40999984741211,1099200,0.0,0.0
2024-01-17 00:00:00-05:00,16.059999465942383,16.329999923706055,15.970000267028809,16.239999771118164,819500,0.0,0.0
2024-01-18 00:00:00-05:00,16.469999313354492,17.049999237060547,16.34000015258789,16.780000686645508,1081800,0.0,0.0
2024-01-19 00:00:00-05:00,16.81999969482422,17.110000610351562,16.479999542236328,17.100000381469727,1022800,0.0,0.0
2024-01-22 00:00:00-05:00,17.239999771118164,17.6299991607666,17.079999923706055,17.350000381469727,1497700,0.0,0.0
2024-01-23 00:00:00-05:00,17.43000030517578,17.84000015258789,17.350000381469727,17.770000457763672,681600,0.0,0.0
2024-01-24 00:00:00-05:00,18.100000381469727,18.610000610351562,17.93000030517578,18.540000915527344,1645700,0.0,0.0
2024-01-25 00:00:00-05:00,19.1200008392334,19.25,18.18000030517578,18.25,1565500,0.0,0.0
2024-01-26 00:00:00-05:00,18.260000228881836,18.350000381469727,17.90999984741211,18.06999969482422,1106600,0.0,0.0
2024-01-29 00:00:00-05:00,17.959999084472656,18.6299991607666,17.729999542236328,18.540000915527344,1039400,0.0,0.0
2024-01-30 00:00:00-05:00,17.959999084472656,18.030000686645508,17.31999969482422,17.780000686645508,1309000,0.0,0.0
2024-01-31 00:00:00-05:00,17.829999923706055,18.09000015258789,17.329999923706055,17.600000381469727,1091300,0.0,0.0
2024-02-01 00:00:00-05:00,17.65999984741211,17.950000762939453,17.479999542236328,17.829999923706055,734600,0.0,0.0
2024-02-02 00:00:00-05:00,17.729999542236328,17.75,17.170000076293945,17.170000076293945,673800,0.0,0.0
2024-02-05 00:00:00-05:00,17.020000457763672,17.31999969482422,16.790000915527344,17.139999389648438,870800,0.0,0.0
2024-02-06 00:00:00-05:00,17.280000686645508,17.540000915527344,17.139999389648438,17.399999618530273,680300,0.0,0.0
2024-02-07 00:00:00-05:00,17.34000015258789,17.399999618530273,17.049999237060547,17.299999237060547,569000,0.0,0.0
2024-02-08 00:00:00-05:00,17.350000381469727,17.729999542236328,17.290000915527344,17.549999237060547,653600,0.0,0.0
2024-02-09 00:00:00-05:00,17.59000015258789,17.719999313354492,17.479999542236328,17.639999389648438,882300,0.0,0.0
2024-02-12 00:00:00-05:00,17.770000457763672,18.360000610351562,17.770000457763672,18.209999084472656,616800,0.0,0.0
2024-02-13 00:00:00-05:00,17.959999084472656,18.100000381469727,17.489999771118164,17.700000762939453,747700,0.0,0.0
2024-02-14 00:00:00-05:00,17.950000762939453,18.079999923706055,17.639999389648438,17.809999465942383,679300,0.0,0.0
2024-02-15 00:00:00-05:00,17.979999542236328,18.8799991607666,17.8799991607666,18.739999771118164,700900,0.0,0.0
2024-02-16 00:00:00-05:00,18.75,19.3700008392334,18.6200008392334,19.09000015258789,1498800,0.0,0.0
2024-02-20 00:00:00-05:00,19.079999923706055,19.360000610351562,18.969999313354492,19.229999542236328,1491200,0.0,0.0
2024-02-21 00:00:00-05:00,19.299999237060547,20.81999969482422,19.059999465942383,19.31999969482422,2126100,0.0,0.0
2024-02-22 00:00:00-05:00,19.010000228881836,19.3700008392334,18.75,18.920000076293945,1129600,0.0,0.0
2024-02-23 00:00:00-05:00,18.600000381469727,18.8799991607666,18.420000076293945,18.700000762939453,794200,0.0,0.0
2024-02-26 00:00:00-05:00,18.510000228881836,18.719999313354492,18.280000686645508,18.510000228881836,676300,0.0,0.0
2024-02-27 00:00:00-05:00,18.639999389648438,18.770000457763672,18.450000762939453,18.559999465942383,471300,0.0,0.0
2024-02-28 00:00:00-05:00,18.3799991607666,18.56999969482422,18.1200008392334,18.1299991607666,785900,0.0,0.0
2024-02-29 00:00:00-05:00,18.469999313354492,18.75,17.790000915527344,17.889999389648438,1078400,0.0,0.0
2024-03-01 00:00:00-05:00,18.18000030517578,18.959999084472656,17.940000534057617,18.860000610351562,690700,0.0,0.0
2024-03-04 00:00:00-05:00,18.940000534057617,18.940000534057617,18.299999237060547,18.309999465942383,522700,0.0,0.0
2024-03-05 00:00:00-05:00,18.190000534057617,18.469999313354492,17.959999084472656,17.979999542236328,466200,0.0,0.0
2024-03-06 00:00:00-05:00,18.200000762939453,18.360000610351562,17.920000076293945,18.18000030517578,476600,0.0,0.0
2024-03-07 00:00:00-05:00,18.280000686645508,18.68000030517578,18.25,18.600000381469727,549100,0.0,0.0
2024-03-08 00:00:00-05:00,18.690000534057617,18.739999771118164,18.15999984741211,18.260000228881836,459700,0.0,0.0
2024-03-11 00:00:00-04:00,18.149999618530273,18.469999313354492,17.989999771118164,18.299999237060547,471500,0.0,0.0
2024-03-12 00:00:00-04:00,18.290000915527344,18.350000381469727,17.969999313354492,18.34000015258789,741100,0.0,0.0
2024-03-13 00:00:00-04:00,18.510000228881836,18.790000915527344,18.299999237060547,18.389999389648438,621900,0.0,0.0
2024-03-14 00:00:00-04:00,18.59000015258789,18.719999313354492,18.31999969482422,18.520000457763672,602900,0.0,0.0
2024-03-15 00:00:00-04:00,18.299999237060547,18.700000762939453,18.299999237060547,18.450000762939453,2000100,0.0,0.0
2024-03-18 00:00:00-04:00,18.5,18.68000030517578,18.3700008392334,18.56999969482422,1021400,0.0,0.0
2024-03-19 00:00:00-04:00,18.6299991607666,19.190000534057617,18.6200008392334,19.18000030517578,1410700,0.0,0.0
2024-03-20 00:00:00-04:00,18.969999313354492,19.6200008392334,18.899999618530273,19.350000381469727,879800,0.0,0.0
2024-03-21 00:00:00-04:00,19.420000076293945,19.719999313354492,19.420000076293945,19.56999969482422,890500,0.0,0.0
2024-03-22 00:00:00-04:00,19.520000457763672,19.770000457763672,19.239999771118164,19.479999542236328,703200,0.0,0.0
2024-03-25 00:00:00-04:00,19.489999771118164,20.040000915527344,19.399999618530273,19.540000915527344,498800,0.0,0.0
2024-03-26 00:00:00-04:00,19.68000030517578,19.770000457763672,19.100000381469727,19.459999084472656,601900,0.0,0.0
2024-03-27 00:00:00-04:00,19.280000686645508,20.049999237060547,19.219999313354492,20.020000457763672,783000,0.0,0.0
2024-03-28 00:00:00-04:00,20.299999237060547,20.56999969482422,19.93000030517578,19.969999313354492,1606300,0.0,0.0
2024-04-01 00:00:00-04:00,19.940000534057617,19.950000762939453,19.510000228881836,19.6200008392334,481400,0.0,0.0
2024-04-02 00:00:00-04:00,19.799999237060547,20.049999237060547,19.299999237060547,19.6299991607666,785500,0.0,0.0
2024-04-03 00:00:00-04:00,19.690000534057617,19.850000381469727,19.389999389648438,19.600000381469727,799200,0.0,0.0
2024-04-04 00:00:00-04:00,19.729999542236328,20.360000610351562,19.65999984741211,19.770000457763672,1018900,0.0,0.0
2024-04-05 00:00:00-04:00,19.760000228881836,19.940000534057617,19.600000381469727,19.799999237060547,564800,0.0,0.0
2024-04-08 00:00:00-04:00,19.989999771118164,19.989999771118164,19.530000686645508,19.579999923706055,421000,0.0,0.0
2024-04-09 00:00:00-04:00,19.610000610351562,19.81999969482422,19.40999984741211,19.790000915527344,641800,0.0,0.0
2024-04-10 00:00:00-04:00,19.299999237060547,20.149999618530273,19.229999542236328,20.1200008392334,1036000,0.0,0.0
2024-04-11 00:00:00-04:00,20.200000762939453,20.68000030517578,19.959999084472656,20.6200008392334,2137800,0.0,0.0
2024-04-12 00:00:00-04:00,20.770000457763672,21.010000228881836,19.469999313354492,19.559999465942383,683800,0.0,0.0
2024-04-15 00:00:00-04:00,19.899999618530273,20.020000457763672,19.09000015258789,19.110000610351562,550000,0.0,0.0
2024-04-16 00:00:00-04:00,18.950000762939453,19.219999313354492,18.579999923706055,19.209999084472656,630400,0.0,0.0
2024-04-17 00:00:00-04:00,19.190000534057617,19.309999465942383,18.520000457763672,18.6200008392334,604300,0.0,0.0
2024-04-18 00:00:00-04:00,18.729999542236328,18.989999771118164,18.270000457763672,18.43000030517578,772000,0.0,0.0
2024-04-19 00:00:00-04:00,18.270000457763672,18.850000381469727,18.25,18.809999465942383,849300,0.0,0.0
2024-04-22 00:00:00-04:00,18.739999771118164,19.290000915527344,18.3799991607666,19.09000015258789,949200,0.0,0.0
2024-04-23 00:00:00-04:00,18.979999542236328,19.43000030517578,18.700000762939453,19.389999389648438,618500,0.0,0.0
2024-04-24 00:00:00-04:00,19.209999084472656,19.68000030517578,19.06999969482422,19.219999313354492,842800,0.0,0.0
2024-04-25 00:00:00-04:00,19.510000228881836,20.40999984741211,18.700000762939453,19.950000762939453,1507900,0.0,0.0
2024-04-26 00:00:00-04:00,19.920000076293945,20.200000762939453,19.520000457763672,20.149999618530273,836900,0.0,0.0
2024-04-29 00:00:00-04:00,20.100000381469727,20.209999084472656,19.469999313354492,19.5,889200,0.0,0.0
2024-04-30 00:00:00-04:00,19.329999923706055,19.389999389648438,18.610000610351562,18.760000228881836,771200,0.0,0.0
2024-05-01 00:00:00-04:00,18.850000381469727,19.09000015258789,18.68000030517578,18.969999313354492,829200,0.0,0.0
2024-05-02 00:00:00-04:00,19.18000030517578,19.389999389648438,19.020000457763672,19.270000457763672,506000,0.0,0.0
2024-05-03 00:00:00-04:00,19.649999618530273,19.790000915527344,19.260000228881836,19.440000534057617,592200,0.0,0.0
2024-05-06 00:00:00-04:00,19.68000030517578,20.079999923706055,19.540000915527344,19.6200008392334,546900,0.0,0.0
2024-05-07 00:00:00-04:00,19.520000457763672,20.020000457763672,19.440000534057617,19.65999984741211,446500,0.0,0.0
2024-05-08 00:00:00-04:00,19.399999618530273,19.889999389648438,19.3700008392334,19.799999237060547,328800,0.0,0.0
2024-05-09 00:00:00-04:00,19.8700008392334,20.200000762939453,19.8700008392334,20.040000915527344,483700,0.0,0.0
2024-05-10 00:00:00-04:00,20.100000381469727,20.25,19.639999389648438,19.959999084472656,468200,0.0,0.0
2024-05-13 00:00:00-04:00,20.15999984741211,20.280000686645508,19.969999313354492,20.18000030517578,488400,0.0,0.0
2024-05-14 00:00:00-04:00,21.0,21.389999389648438,20.639999389648438,20.989999771118164,1805900,0.0,0.0
2024-05-15 00:00:00-04:00,21.149999618530273,21.559999465942383,20.68000030517578,21.31999969482422,1481800,0.0,0.0
2024-05-16 00:00:00-04:00,21.110000610351562,21.719999313354492,20.959999084472656,21.6200008392334,1162200,0.0,0.0
2024-05-17 00:00:00-04:00,21.809999465942383,22.040000915527344,21.549999237060547,21.780000686645508,891600,0.0,0.0
2024-05-20 00:00:00-04:00,22.65999984741211,22.75,21.81999969482422,22.729999542236328,1428300,0.0,0.0
2024-05-21 00:00:00-04:00,22.709999084472656,23.100000381469727,22.549999237060547,23.100000381469727,1980600,0.0,0.0
2024-05-22 00:00:00-04:00,23.010000228881836,23.010000228881836,21.969999313354492,22.270000457763672,2171500,0.0,0.0
2024-05-23 00:00:00-04:00,22.329999923706055,22.56999969482422,21.729999542236328,21.889999389648438,1064500,0.0,0.0
2024-05-24 00:00:00-04:00,22.049999237060547,22.079999923706055,21.56999969482422,21.670000076293945,935300,0.0,0.0
2024-05-28 00:00:00-04:00,22.059999465942383,22.510000228881836,21.84000015258789,22.5,668800,0.0,0.0
2024-05-29 00:00:00-04:00,22.239999771118164,22.280000686645508,21.639999389648438,21.68000030517578,624400,0.0,0.0
2024-05-30 00:00:00-04:00,21.790000915527344,22.040000915527344,21.639999389648438,21.709999084472656,611100,0.0,0.0
2024-05-31 00:00:00-04:00,21.770000457763672,22.040000915527344,21.68000030517578,21.950000762939453,759200,0.0,0.0
2024-06-03 00:00:00-04:00,22.18000030517578,22.18000030517578,20.520000457763672,20.670000076293945,775900,0.0,0.0
2024-06-04 00:00:00-04:00,20.43000030517578,20.43000030517578,19.690000534057617,19.93000030517578,1189500,0.0,0.0
2024-06-05 00:00:00-04:00,20.1200008392334,20.43000030517578,20.0,20.260000228881836,400500,0.0,0.0
2024-06-06 00:00:00-04:00,20.270000457763672,20.559999465942383,20.18000030517578,20.34000015258789,479700,0.0,0.0
2024-06-07 00:00:00-04:00,20.190000534057617,20.579999923706055,20.09000015258789,20.329999923706055,450200,0.0,0.0
2024-06-10 00:00:00-04:00,20.40999984741211,21.729999542236328,20.34000015258789,21.3799991607666,766800,0.0,0.0
2024-06-11 00:00:00-04:00,21.110000610351562,21.350000381469727,20.90999984741211,21.299999237060547,482000,0.0,0.0
2024-06-12 00:00:00-04:00,21.950000762939453,22.020000457763672,21.6299991607666,21.6299991607666,610200,0.0,0.0
2024-06-13 00:00:00-04:00,21.43000030517578,21.6299991607666,20.790000915527344,21.139999389648438,479200,0.0,0.0
2024-06-14 00:00:00-04:00,21.0,21.219999313354492,20.639999389648438,21.020000457763672,962000,0.0,0.0
2024-06-17 00:00:00-04:00,21.010000228881836,21.510000228881836,20.93000030517578,21.149999618530273,647900,0.0,0.0
2024-06-18 00:00:00-04:00,21.31999969482422,22.280000686645508,21.229999542236328,21.790000915527344,757300,0.0,0.0
2024-06-20 00:00:00-04:00,21.850000381469727,22.5,21.799999237060547,22.469999313354492,977300,0.0,0.0
2024-06-21 00:00:00-04:00,22.510000228881836,23.25,22.350000381469727,23.18000030517578,2179800,0.0,0.0
2024-06-24 00:00:00-04:00,23.229999542236328,23.81999969482422,23.209999084472656,23.690000534057617,695400,0.0,0.0
2024-06-25 00:00:00-04:00,23.559999465942383,24.030000686645508,23.530000686645508,23.549999237060547,562200,0.0,0.0
2024-06-26 00:00:00-04:00,23.520000457763672,23.549999237060547,22.989999771118164,23.010000228881836,888500,0.0,0.0
2024-06-27 00:00:00-04:00,23.170000076293945,23.559999465942383,23.0,23.219999313354492,977100,0.0,0.0
2024-06-28 00:00:00-04:00,23.440000534057617,23.729999542236328,22.8799991607666,22.920000076293945,3526800,0.0,0.0
2024-07-01 00:00:00-04:00,23.40999984741211,23.459999084472656,22.209999084472656,22.469999313354492,1024100,0.0,0.0
2024-07-02 00:00:00-04:00,22.65999984741211,22.860000610351562,22.399999618530273,22.579999923706055,1081700,0.0,0.0
2024-07-03 00:00:00-04:00,22.709999084472656,22.709999084472656,22.350000381469727,22.59000015258789,469700,0.0,0.0
2024-07-05 00:00:00-04:00,22.670000076293945,22.75,22.309999465942383,22.5,830500,0.0,0.0
2024-07-08 00:00:00-04:00,22.389999389648438,22.639999389648438,21.979999542236328,22.5,687700,0.0,0.0
2024-07-09 00:00:00-04:00,22.200000762939453,22.200000762939453,21.100000381469727,21.459999084472656,4081300,0.0,0.0
2024-07-10 00:00:00-04:00,21.510000228881836,22.170000076293945,21.350000381469727,22.149999618530273,1144500,0.0,0.0
2024-07-11 00:00:00-04:00,22.479999542236328,22.90999984741211,22.31999969482422,22.709999084472656,653300,0.0,0.0
2024-07-12 00:00:00-04:00,22.93000030517578,23.010000228881836,22.530000686645508,22.649999618530273,619100,0.0,0.0
2024-07-15 00:00:00-04:00,22.899999618530273,23.8700008392334,22.540000915527344,23.649999618530273,978300,0.0,0.0
2024-07-16 00:00:00-04:00,23.690000534057617,24.280000686645508,23.420000076293945,24.229999542236328,1768300,0.0,0.0
2024-07-17 00:00:00-04:00,24.170000076293945,24.350000381469727,23.75,23.850000381469727,786200,0.0,0.0
2024-07-18 00:00:00-04:00,23.700000762939453,24.100000381469727,23.31999969482422,23.350000381469727,638200,0.0,0.0
2024-07-19 00:00:00-04:00,23.260000228881836,23.81999969482422,22.829999923706055,23.540000915527344,819700,0.0,0.0
2024-07-22 00:00:00-04:00,23.520000457763672,23.670000076293945,23.260000228881836,23.579999923706055,1359900,0.0,0.0
2024-07-23 00:00:00-04:00,23.5,23.969999313354492,23.31999969482422,23.850000381469727,1104000,0.0,0.0
2024-07-24 00:00:00-04:00,23.790000915527344,23.989999771118164,23.34000015258789,23.56999969482422,1047300,0.0,0.0
2024-07-25 00:00:00-04:00,22.860000610351562,24.5,22.15999984741211,23.84000015258789,1809100,0.0,0.0
2024-07-26 00:00:00-04:00,23.600000381469727,23.959999084472656,22.34000015258789,22.700000762939453,5364100,0.0,0.0
2024-07-29 00:00:00-04:00,22.68000030517578,22.829999923706055,22.049999237060547,22.1200008392334,1330100,0.0,0.0
2024-07-30 00:00:00-04:00,22.18000030517578,22.510000228881836,22.020000457763672,22.200000762939453,906700,0.0,0.0
2024-07-31 00:00:00-04:00,22.639999389648438,23.329999923706055,22.15999984741211,23.219999313354492,1152700,0.0,0.0
2024-08-01 00:00:00-04:00,23.040000915527344,23.1299991607666,21.559999465942383,22.09000015258789,1117000,0.0,0.0
2024-08-02 00:00:00-04:00,21.360000610351562,21.549999237060547,20.3799991607666,20.399999618530273,1350700,0.0,0.0
2024-08-05 00:00:00-04:00,19.469999313354492,19.56999969482422,18.729999542236328,19.079999923706055,1281500,0.0,0.0
2024-08-06 00:00:00-04:00,19.079999923706055,19.780000686645508,18.809999465942383,19.31999969482422,718100,0.0,0.0
2024-08-07 00:00:00-04:00,19.84000015258789,19.90999984741211,18.950000762939453,19.020000457763672,712300,0.0,0.0
2024-08-08 00:00:00-04:00,19.3700008392334,19.700000762939453,19.059999465942383,19.43000030517578,693800,0.0,0.0
2024-08-09 00:00:00-04:00,19.40999984741211,19.899999618530273,19.40999984741211,19.84000015258789,973300,0.0,0.0
2024-08-12 00:00:00-04:00,19.90999984741211,20.190000534057617,19.579999923706055,19.850000381469727,869100,0.0,0.0
2024-08-13 00:00:00-04:00,19.690000534057617,19.979999542236328,19.389999389648438,19.8799991607666,598600,0.0,0.0
2024-08-14 00:00:00-04:00,19.8799991607666,19.989999771118164,19.709999084472656,19.8799991607666,478600,0.0,0.0
2024-08-15 00:00:00-04:00,20.389999389648438,21.170000076293945,20.18000030517578,21.15999984741211,755200,0.0,0.0
2024-08-16 00:00:00-04:00,20.969999313354492,21.25,20.829999923706055,21.100000381469727,801400,0.0,0.0
2024-08-19 00:00:00-04:00,21.110000610351562,21.56999969482422,20.959999084472656,21.309999465942383,941400,0.0,0.0
2024-08-20 00:00:00-04:00,21.25,21.280000686645508,19.979999542236328,19.979999542236328,933300,0.0,0.0
2024-08-21 00:00:00-04:00,20.290000915527344,20.360000610351562,19.799999237060547,19.979999542236328,845500,0.0,0.0
2024-08-22 00:00:00-04:00,20.020000457763672,20.239999771118164,19.790000915527344,19.8799991607666,419400,0.0,0.0
2024-08-23 00:00:00-04:00,20.190000534057617,20.68000030517578,20.030000686645508,20.450000762939453,1022800,0.0,0.0
2024-08-26 00:00:00-04:00,20.850000381469727,21.0,20.389999389648438,20.450000762939453,624700,0.0,0.0
2024-08-27 00:00:00-04:00,20.350000381469727,20.469999313354492,20.139999389648438,20.170000076293945,564400,0.0,0.0
2024-08-28 00:00:00-04:00,19.940000534057617,20.110000610351562,19.770000457763672,19.979999542236328,523100,0.0,0.0
2024-08-29 00:00:00-04:00,20.15999984741211,20.18000030517578,19.84000015258789,19.93000030517578,436700,0.0,0.0
2024-08-30 00:00:00-04:00,19.780000686645508,19.8799991607666,19.40999984741211,19.860000610351562,769600,0.0,0.0
2024-09-03 00:00:00-04:00,19.389999389648438,19.389999389648438,18.3799991607666,18.600000381469727,550900,0.0,0.0
2024-09-04 00:00:00-04:00,18.68000030517578,18.790000915527344,18.299999237060547,18.3700008392334,618700,0.0,0.0
2024-09-05 00:00:00-04:00,18.450000762939453,18.450000762939453,18.09000015258789,18.299999237060547,555700,0.0,0.0
2024-09-06 00:00:00-04:00,18.309999465942383,18.6299991607666,17.610000610351562,17.719999313354492,1266600,0.0,0.0
2024-09-09 00:00:00-04:00,17.90999984741211,18.760000228881836,17.8799991607666,18.209999084472656,2517600,0.0,0.0
2024-09-10 00:00:00-04:00,18.25,18.25,17.31999969482422,17.670000076293945,1535300,0.0,0.0
2024-09-11 00:00:00-04:00,17.709999084472656,17.81999969482422,17.209999084472656,17.56999969482422,1849900,0.0,0.0
2024-09-12 00:00:00-04:00,17.809999465942383,17.93000030517578,17.209999084472656,17.229999542236328,1103200,0.0,0.0
2024-09-13 00:00:00-04:00,17.600000381469727,17.600000381469727,16.899999618530273,17.030000686645508,1376700,0.0,0.0
2024-09-16 00:00:00-04:00,17.3799991607666,17.59000015258789,17.1299991607666,17.360000610351562,1117100,0.0,0.0
2024-09-17 00:00:00-04:00,17.510000228881836,18.209999084472656,17.510000228881836,18.059999465942383,1168300,0.0,0.0
2024-09-18 00:00:00-04:00,18.030000686645508,18.299999237060547,17.59000015258789,17.68000030517578,3084800,0.0,0.0
2024-09-19 00:00:00-04:00,18.360000610351562,18.360000610351562,17.770000457763672,18.0,2827700,0.0,0.0
2024-09-20 00:00:00-04:00,18.0,18.559999465942383,17.770000457763672,17.979999542236328,5783700,0.0,0.0
2024-09-23 00:00:00-04:00,17.889999389648438,18.40999984741211,17.850000381469727,17.8799991607666,2628200,0.0,0.0
2024-09-24 00:00:00-04:00,18.290000915527344,18.34000015258789,17.780000686645508,17.809999465942383,2579300,0.0,0.0
2024-09-25 00:00:00-04:00,17.520000457763672,17.6200008392334,17.049999237060547,17.049999237060547,1023600,0.0,0.0
2024-09-26 00:00:00-04:00,16.75,16.860000610351562,16.25,16.5,1394000,0.0,0.0
2024-09-27 00:00:00-04:00,16.760000228881836,17.290000915527344,16.649999618530273,17.030000686645508,1255100,0.0,0.0
2024-09-30 00:00:00-04:00,16.829999923706055,17.579999923706055,16.829999923706055,17.170000076293945,1045600,0.0,0.0
2024-10-01 00:00:00-04:00,17.040000915527344,17.59000015258789,16.940000534057617,17.229999542236328,1051500,0.0,0.0
2024-10-02 00:00:00-04:00,17.270000457763672,17.5,16.979999542236328,17.170000076293945,692300,0.0,0.0
2024-10-03 00:00:00-04:00,17.190000534057617,17.719999313354492,16.920000076293945,17.700000762939453,887000,0.0,0.0
2024-10-04 00:00:00-04:00,18.010000228881836,18.059999465942383,17.610000610351562,17.799999237060547,781700,0.0,0.0
2024-10-07 00:00:00-04:00,17.809999465942383,17.93000030517578,17.31999969482422,17.459999084472656,818400,0.0,0.0
2024-10-08 00:00:00-04:00,17.219999313354492,17.219999313354492,16.68000030517578,16.8799991607666,894000,0.0,0.0
2024-10-09 00:00:00-04:00,16.829999923706055,17.030000686645508,16.670000076293945,16.920000076293945,936000,0.0,0.0
2024-10-10 00:00:00-04:00,16.899999618530273,17.110000610351562,16.68000030517578,17.010000228881836,1123300,0.0,0.0
2024-10-11 00:00:00-04:00,16.850000381469727,17.90999984741211,16.780000686645508,17.829999923706055,1223000,0.0,0.0
2024-10-14 00:00:00-04:00,17.56999969482422,17.770000457763672,17.40999984741211,17.559999465942383,1150900,0.0,0.0
2024-10-15 00:00:00-04:00,17.020000457763672,17.209999084472656,16.829999923706055,16.889999389648438,1119100,0.0,0.0
2024-10-16 00:00:00-04:00,16.920000076293945,17.3799991607666,16.799999237060547,17.260000228881836,917100,0.0,0.0
2024-10-17 00:00:00-04:00,17.34000015258789,17.34000015258789,16.68000030517578,17.079999923706055,1171600,0.0,0.0
2024-10-18 00:00:00-04:00,17.040000915527344,17.040000915527344,16.229999542236328,16.25,979400,0.0,0.0
2024-10-21 00:00:00-04:00,16.3799991607666,16.389999389648438,15.859999656677246,16.18000030517578,1453700,0.0,0.0
2024-10-22 00:00:00-04:00,16.219999313354492,16.219999313354492,15.819999694824219,15.890000343322754,1226000,0.0,0.0
2024-10-23 00:00:00-04:00,15.729999542236328,15.930000305175781,15.270000457763672,15.350000381469727,1302100,0.0,0.0
2024-10-24 00:00:00-04:00,14.4399995803833,14.520000457763672,13.020000457763672,14.0,3188200,0.0,0.0
2024-10-25 00:00:00-04:00,14.210000038146973,14.210000038146973,13.359999656677246,13.369999885559082,1725400,0.0,0.0
2024-10-28 00:00:00-04:00,12.979999542236328,13.289999961853027,12.899999618530273,13.260000228881836,3089400,0.0,0.0
2024-10-29 00:00:00-04:00,13.15999984741211,13.260000228881836,12.8100004196167,13.25,1875500,0.0,0.0
2024-10-30 00:00:00-04:00,13.369999885559082,13.579999923706055,13.229999542236328,13.460000038146973,1509200,0.0,0.0
2024-10-31 00:00:00-04:00,13.460000038146973,13.529999732971191,12.710000038146973,12.75,1822900,0.0,0.0
2024-11-01 00:00:00-04:00,12.859999656677246,13.039999961853027,12.65999984741211,12.770000457763672,951900,0.0,0.0
2024-11-04 00:00:00-05:00,12.8100004196167,13.199999809265137,12.770000457763672,12.779999732971191,799600,0.0,0.0
2024-11-05 00:00:00-05:00,12.770000457763672,12.90999984741211,12.699999809265137,12.869999885559082,1220100,0.0,0.0
2024-11-06 00:00:00-05:00,13.979999542236328,14.430000305175781,13.520000457763672,14.319999694824219,2164200,0.0,0.0
2024-11-07 00:00:00-05:00,14.319999694824219,14.75,14.069999694824219,14.619999885559082,1391300,0.0,0.0
2024-11-08 00:00:00-05:00,14.4399995803833,14.539999961853027,14.069999694824219,14.239999771118164,1223900,0.0,0.0
2024-11-11 00:00:00-05:00,14.270000457763672,14.399999618530273,14.119999885559082,14.130000114440918,1039900,0.0,0.0
2024-11-12 00:00:00-05:00,14.149999618530273,14.229999542236328,13.739999771118164,13.8100004196167,790100,0.0,0.0
2024-11-13 00:00:00-05:00,13.9399995803833,13.979999542236328,13.449999809265137,13.449999809265137,978100,0.0,0.0
2024-11-14 00:00:00-05:00,13.600000381469727,13.65999984741211,13.010000228881836,13.260000228881836,761600,0.0,0.0
2024-11-15 00:00:00-05:00,13.399999618530273,13.449999809265137,12.65999984741211,12.699999809265137,798800,0.0,0.0
2024-11-18 00:00:00-05:00,12.930000305175781,13.0600004196167,12.800000190734863,12.970000267028809,807000,0.0,0.0
2024-11-19 00:00:00-05:00,12.760000228881836,12.989999771118164,12.640000343322754,12.819999694824219,494500,0.0,0.0
2024-11-20 00:00:00-05:00,12.770000457763672,13.039999961853027,12.579999923706055,12.9399995803833,966700,0.0,0.0
2024-11-21 00:00:00-05:00,13.199999809265137,13.729999542236328,13.09000015258789,13.609999656677246,1067600,0.0,0.0
2024-11-22 00:00:00-05:00,13.670000076293945,14.149999618530273,13.619999885559082,13.800000190734863,1069300,0.0,0.0
2024-11-25 00:00:00-05:00,13.899999618530273,13.979999542236328,13.470000267028809,13.859999656677246,1333600,0.0,0.0
2024-11-26 00:00:00-05:00,13.850000381469727,13.850000381469727,13.399999618530273,13.779999732971191,1164000,0.0,0.0
2024-11-27 00:00:00-05:00,13.789999961853027,14.359999656677246,13.739999771118164,14.149999618530273,2921800,0.0,0.0
2024-11-29 00:00:00-05:00,14.270000457763672,14.289999961853027,13.869999885559082,13.890000343322754,482200,0.0,0.0
2024-12-02 00:00:00-05:00,13.930000305175781,13.949999809265137,13.239999771118164,13.800000190734863,1539700,0.0,0.0
2024-12-03 00:00:00-05:00,14.020000457763672,14.020000457763672,13.609999656677246,13.699999809265137,896800,0.0,0.0
2024-12-04 00:00:00-05:00,13.8100004196167,13.819999694824219,13.020000457763672,13.109999656677246,893300,0.0,0.0
2024-12-05 00:00:00-05:00,13.100000381469727,13.300000190734863,13.0600004196167,13.109999656677246,695000,0.0,0.0
2024-12-06 00:00:00-05:00,13.020000457763672,13.100000381469727,11.829999923706055,11.890000343322754,1781400,0.0,0.0
2024-12-09 00:00:00-05:00,12.180000305175781,12.289999961853027,11.960000038146973,12.010000228881836,1109500,0.0,0.0
2024-12-10 00:00:00-05:00,12.079999923706055,12.289999961853027,11.859999656677246,12.020000457763672,1691300,0.0,0.0
2024-12-11 00:00:00-05:00,12.079999923706055,12.149999618530273,11.600000381469727,11.970000267028809,1425000,0.0,0.0
2024-12-12 00:00:00-05:00,11.899999618530273,11.899999618530273,11.399999618530273,11.399999618530273,873300,0.0,0.0
2024-12-13 00:00:00-05:00,11.369999885559082,11.40999984741211,11.09000015258789,11.119999885559082,1546500,0.0,0.0
2024-12-16 00:00:00-05:00,11.149999618530273,11.510000228881836,10.960000038146973,11.050000190734863,1421200,0.0,0.0
2024-12-17 00:00:00-05:00,10.850000381469727,11.119999885559082,10.710000038146973,11.09000015258789,1170000,0.0,0.0
2024-12-18 00:00:00-05:00,12.399999618530273,12.399999618530273,11.300000190734863,11.539999961853027,3732000,0.0,0.0
2024-12-19 00:00:00-05:00,11.720000267028809,11.869999885559082,11.470000267028809,11.600000381469727,1937000,0.0,0.0
2024-12-20 00:00:00-05:00,11.40999984741211,12.020000457763672,11.180000305175781,11.449999809265137,2684200,0.0,0.0
2024-12-23 00:00:00-05:00,11.40999984741211,11.800000190734863,11.399999618530273,11.800000190734863,1339400,0.0,0.0
2024-12-24 00:00:00-05:00,11.800000190734863,11.819999694824219,11.40999984741211,11.75,555400,0.0,0.0
2024-12-26 00:00:00-05:00,11.779999732971191,11.850000381469727,11.449999809265137,11.75,596900,0.0,0.0
2024-12-27 00:00:00-05:00,11.65999984741211,11.829999923706055,11.529999732971191,11.710000038146973,615800,0.0,0.0
2024-12-30 00:00:00-05:00,11.710000038146973,12.149999618530273,11.579999923706055,12.0600004196167,757800,0.0,0.0
2024-12-31 00:00:00-05:00,12.140000343322754,12.710000038146973,12.010000228881836,12.470000267028809,1461100,0.0,0.0
2025-01-02 00:00:00-05:00,12.699999809265137,12.890000343322754,12.479999542236328,12.800000190734863,1223700,0.0,0.0
2025-01-03 00:00:00-05:00,12.920000076293945,12.949999809265137,12.579999923706055,12.75,1103700,0.0,0.0
2025-01-06 00:00:00-05:00,12.8100004196167,13.15999984741211,12.770000457763672,12.9399995803833,1173100,0.0,0.0
2025-01-07 00:00:00-05:00,12.979999542236328,13.350000381469727,12.90999984741211,13.350000381469727,1104900,0.0,0.0
2025-01-08 00:00:00-05:00,13.130000114440918,13.630000114440918,13.039999961853027,13.600000381469727,1323000,0.0,0.0
2025-01-10 00:00:00-05:00,13.859999656677246,14.220000267028809,13.5600004196167,13.720000267028809,1883800,0.0,0.0
2025-01-13 00:00:00-05:00,13.75,14.130000114440918,13.520000457763672,14.010000228881836,1769100,0.0,0.0
2025-01-14 00:00:00-05:00,13.899999618530273,14.109999656677246,13.729999542236328,14.050000190734863,803400,0.0,0.0
2025-01-15 00:00:00-05:00,14.039999961853027,14.779999732971191,14.020000457763672,14.569999694824219,1246000,0.0,0.0
2025-01-16 00:00:00-05:00,14.399999618530273,14.59000015258789,14.109999656677246,14.479999542236328,1315500,0.0,0.0
2025-01-17 00:00:00-05:00,14.600000381469727,14.850000381469727,14.5,14.829999923706055,1140400,0.0,0.0
2025-01-21 00:00:00-05:00,14.960000038146973,14.970000267028809,14.520000457763672,14.550000190734863,1397700,0.0,0.0
2025-01-22 00:00:00-05:00,14.420000076293945,14.460000038146973,14.010000228881836,14.029999732971191,1283400,0.0,0.0
2025-01-23 00:00:00-05:00,14.039999961853027,14.170000076293945,13.800000190734863,13.979999542236328,1176200,0.0,0.0
2025-01-24 00:00:00-05:00,13.970000267028809,14.140000343322754,13.789999961853027,13.90999984741211,1009300,0.0,0.0
2025-01-27 00:00:00-05:00,13.84000015258789,14.170000076293945,13.569999694824219,13.770000457763672,1090900,0.0,0.0
2025-01-28 00:00:00-05:00,13.670000076293945,13.880000114440918,12.869999885559082,13.09000015258789,1132900,0.0,0.0
2025-01-29 00:00:00-05:00,13.100000381469727,13.260000228881836,12.850000381469727,12.989999771118164,855500,0.0,0.0
2025-01-30 00:00:00-05:00,13.140000343322754,13.210000038146973,12.609999656677246,12.8100004196167,968400,0.0,0.0
2025-01-31 00:00:00-05:00,12.880000114440918,13.010000228881836,12.420000076293945,12.630000114440918,930900,0.0,0.0
2025-02-03 00:00:00-05:00,12.5,12.630000114440918,12.140000343322754,12.350000381469727,898900,0.0,0.0
2025-02-04 00:00:00-05:00,12.1899995803833,13.15999984741211,12.1899995803833,13.119999885559082,884100,0.0,0.0
2025-02-05 00:00:00-05:00,13.199999809265137,13.25,12.6899995803833,12.899999618530273,665400,0.0,0.0
2025-02-06 00:00:00-05:00,13.0600004196167,13.100000381469727,12.520000457763672,12.850000381469727,1002200,0.0,0.0
2025-02-07 00:00:00-05:00,12.819999694824219,13.319999694824219,12.649999618530273,13.109999656677246,677600,0.0,0.0
2025-02-10 00:00:00-05:00,13.260000228881836,13.489999771118164,13.140000343322754,13.350000381469727,706000,0.0,0.0
2025-02-11 00:00:00-05:00,13.4399995803833,13.680000305175781,13.319999694824219,13.359999656677246,513000,0.0,0.0
2025-02-12 00:00:00-05:00,13.239999771118164,13.430000305175781,13.079999923706055,13.25,623800,0.0,0.0
2025-02-13 00:00:00-05:00,13.199999809265137,13.300000190734863,13.020000457763672,13.289999961853027,583300,0.0,0.0
2025-02-14 00:00:00-05:00,13.520000457763672,13.59000015258789,13.1899995803833,13.479999542236328,467800,0.0,0.0
2025-02-18 00:00:00-05:00,13.619999885559082,14.229999542236328,13.539999961853027,14.029999732971191,1124100,0.0,0.0
2025-02-19 00:00:00-05:00,13.960000038146973,14.149999618530273,13.510000228881836,13.569999694824219,609100,0.0,0.0
2025-02-20 00:00:00-05:00,13.460000038146973,13.6899995803833,13.329999923706055,13.390000343322754,593900,0.0,0.0
2025-02-21 00:00:00-05:00,13.489999771118164,13.489999771118164,12.880000114440918,13.0600004196167,937900,0.0,0.0
2025-02-24 00:00:00-05:00,13.050000190734863,13.260000228881836,12.90999984741211,13.020000457763672,647000,0.0,0.0
2025-02-25 00:00:00-05:00,13.899999618530273,14.75,12.479999542236328,12.970000267028809,1642100,0.0,0.0
2025-02-26 00:00:00-05:00,12.8100004196167,13.0,11.989999771118164,12.020000457763672,1099500,0.0,0.0
2025-02-27 00:00:00-05:00,12.149999618530273,12.420000076293945,11.989999771118164,12.0,1011800,0.0,0.0
2025-02-28 00:00:00-05:00,12.020000457763672,12.0600004196167,11.649999618530273,11.890000343322754,991200,0.0,0.0
2025-03-03 00:00:00-05:00,12.010000228881836,12.010000228881836,10.699999809265137,10.819999694824219,1180700,0.0,0.0
2025-03-04 00:00:00-05:00,10.529999732971191,10.529999732971191,10.010000228881836,10.09000015258789,1269800,0.0,0.0
2025-03-05 00:00:00-05:00,9.899999618530273,10.329999923706055,9.850000381469727,10.239999771118164,2473500,0.0,0.0
2025-03-06 00:00:00-05:00,10.100000381469727,10.329999923706055,9.869999885559082,10.220000267028809,2106400,0.0,0.0
2025-03-07 00:00:00-05:00,10.319999694824219,10.979999542236328,10.279999732971191,10.6899995803833,1483500,0.0,0.0
2025-03-10 00:00:00-04:00,10.600000381469727,10.789999961853027,10.0600004196167,10.119999885559082,1461700,0.0,0.0
2025-03-11 00:00:00-04:00,10.15999984741211,10.720000267028809,9.930000305175781,10.470000267028809,2077100,0.0,0.0
2025-03-12 00:00:00-04:00,10.470000267028809,11.109999656677246,10.289999961853027,10.850000381469727,1234100,0.0,0.0
2025-03-13 00:00:00-04:00,10.869999885559082,11.1899995803833,10.270000457763672,10.319999694824219,833300,0.0,0.0
2025-03-14 00:00:00-04:00,10.460000038146973,10.770000457763672,10.4399995803833,10.670000076293945,1199200,0.0,0.0
2025-03-17 00:00:00-04:00,10.680000305175781,10.890000343322754,10.460000038146973,10.59000015258789,1117400,0.0,0.0
2025-03-18 00:00:00-04:00,10.649999618530273,10.6899995803833,10.390000343322754,10.579999923706055,1749500,0.0,0.0
2025-03-19 00:00:00-04:00,10.640000343322754,10.930000305175781,10.460000038146973,10.8100004196167,1099400,0.0,0.0
2025-03-20 00:00:00-04:00,10.619999885559082,10.779999732971191,10.550000190734863,10.65999984741211,1359900,0.0,0.0
2025-03-21 00:00:00-04:00,10.479999542236328,10.5600004196167,10.239999771118164,10.25,2219500,0.0,0.0
2025-03-24 00:00:00-04:00,10.489999771118164,10.699999809265137,10.399999618530273,10.630000114440918,1435800,0.0,0.0
2025-03-25 00:00:00-04:00,10.720000267028809,10.960000038146973,10.510000228881836,10.6899995803833,981000,0.0,0.0
2025-03-26 00:00:00-04:00,10.84000015258789,10.90999984741211,10.609999656677246,10.6899995803833,876000,0.0,0.0
2025-03-27 00:00:00-04:00,10.649999618530273,10.739999771118164,10.4399995803833,10.539999961853027,1345800,0.0,0.0
2025-03-28 00:00:00-04:00,10.449999809265137,10.609999656677246,10.029999732971191,10.100000381469727,820800,0.0,0.0
2025-03-31 00:00:00-04:00,9.960000038146973,10.029999732971191,9.699999809265137,9.9399995803833,1859800,0.0,0.0
2025-04-01 00:00:00-04:00,9.880000114440918,10.079999923706055,9.65999984741211,9.9399995803833,1167600,0.0,0.0
2025-04-02 00:00:00-04:00,9.75,10.010000228881836,9.649999618530273,10.010000228881836,1324100,0.0,0.0
2025-04-03 00:00:00-04:00,9.279999732971191,9.40999984741211,8.6899995803833,8.75,1661300,0.0,0.0
2025-04-04 00:00:00-04:00,8.119999885559082,8.15999984741211,7.440000057220459,7.920000076293945,2570400,0.0,0.0
2025-04-07 00:00:00-04:00,7.510000228881836,8.350000381469727,7.340000152587891,7.809999942779541,2305600,0.0,0.0
2025-04-08 00:00:00-04:00,8.15999984741211,8.199999809265137,6.730000019073486,6.909999847412109,2477300,0.0,0.0
2025-04-09 00:00:00-04:00,6.739999771118164,8.6899995803833,6.699999809265137,8.420000076293945,2534100,0.0,0.0
2025-04-10 00:00:00-04:00,7.960000038146973,7.96999979019165,7.260000228881836,7.699999809265137,1718000,0.0,0.0
2025-04-11 00:00:00-04:00,7.769999980926514,7.980000019073486,7.349999904632568,7.949999809265137,1538000,0.0,0.0
2025-04-14 00:00:00-04:00,8.170000076293945,8.229999542236328,7.670000076293945,7.989999771118164,1402500,0.0,0.0
2025-04-15 00:00:00-04:00,7.940000057220459,8.149999618530273,7.909999847412109,8.069999694824219,1237200,0.0,0.0
2025-04-16 00:00:00-04:00,8.15999984741211,8.359999656677246,8.09000015258789,8.329999923706055,1323000,0.0,0.0
2025-04-17 00:00:00-04:00,8.4399995803833,8.760000228881836,8.350000381469727,8.65999984741211,1114600,0.0,0.0
2025-04-21 00:00:00-04:00,8.460000038146973,8.579999923706055,8.239999771118164,8.5,1318000,0.0,0.0
2025-04-22 00:00:00-04:00,8.539999961853027,8.619999885559082,7.989999771118164,8.0600004196167,1031800,0.0,0.0
2025-04-23 00:00:00-04:00,8.300000190734863,8.399999618530273,7.849999904632568,8.079999923706055,1196400,0.0,0.0
2025-04-24 00:00:00-04:00,8.1899995803833,8.380000114440918,7.960000038146973,8.34000015258789,957100,0.0,0.0
2025-04-25 00:00:00-04:00,8.100000381469727,8.300000190734863,8.029999732971191,8.180000305175781,1039100,0.0,0.0
2025-04-28 00:00:00-04:00,8.140000343322754,8.34000015258789,8.0,8.029999732971191,1184100,0.0,0.0
2025-04-29 00:00:00-04:00,8.020000457763672,8.279999732971191,7.869999885559082,8.039999961853027,1305900,0.0,0.0
2025-04-30 00:00:00-04:00,8.770000457763672,9.220000267028809,7.599999904632568,8.270000457763672,1960000,0.0,0.0
2025-05-01 00:00:00-04:00,8.25,8.59000015258789,8.1899995803833,8.329999923706055,1060300,0.0,0.0
2025-05-02 00:00:00-04:00,8.470000267028809,8.630000114440918,8.3100004196167,8.449999809265137,1082100,0.0,0.0
2025-05-05 00:00:00-04:00,8.350000381469727,8.420000076293945,7.96999979019165,7.980000019073486,1453800,0.0,0.0
2025-05-06 00:00:00-04:00,8.09000015258789,8.34000015258789,7.679999828338623,7.690000057220459,1558700,0.0,0.0
2025-05-07 00:00:00-04:00,7.769999980926514,7.909999847412109,7.599999904632568,7.730000019073486,1254700,0.0,0.0
2025-05-08 00:00:00-04:00,7.900000095367432,8.279999732971191,7.840000152587891,8.180000305175781,914900,0.0,0.0
2025-05-09 00:00:00-04:00,8.34000015258789,8.4399995803833,8.199999809265137,8.270000457763672,782400,0.0,0.0
2025-05-12 00:00:00-04:00,8.930000305175781,9.170000076293945,8.619999885559082,8.65999984741211,978000,0.0,0.0
2025-05-13 00:00:00-04:00,8.680000305175781,8.800000190734863,8.579999923706055,8.649999618530273,803400,0.0,0.0
2025-05-14 00:00:00-04:00,8.5600004196167,8.8100004196167,8.489999771118164,8.539999961853027,925800,0.0,0.0
2025-05-15 00:00:00-04:00,8.350000381469727,8.420000076293945,8.119999885559082,8.279999732971191,699600,0.0,0.0
2025-05-16 00:00:00-04:00,8.3100004196167,8.529999732971191,8.220000267028809,8.4399995803833,1214700,0.0,0.0
2025-05-19 00:00:00-04:00,8.300000190734863,8.579999923706055,8.1899995803833,8.279999732971191,1131500,0.0,0.0
2025-05-20 00:00:00-04:00,8.300000190734863,8.460000038146973,8.199999809265137,8.210000038146973,1371000,0.0,0.0
2025-05-21 00:00:00-04:00,8.119999885559082,8.149999618530273,7.769999980926514,7.769999980926514,839100,0.0,0.0
2025-05-22 00:00:00-04:00,7.679999828338623,7.900000095367432,7.570000171661377,7.869999885559082,965300,0.0,0.0
2025-05-23 00:00:00-04:00,7.590000152587891,7.889999866485596,7.590000152587891,7.849999904632568,813200,0.0,0.0
2025-05-27 00:00:00-04:00,8.229999542236328,8.260000228881836,7.860000133514404,8.260000228881836,1353500,0.0,0.0
2025-05-28 00:00:00-04:00,8.420000076293945,8.550000190734863,8.270000457763672,8.4399995803833,1190200,0.0,0.0
2025-05-29 00:00:00-04:00,8.539999961853027,8.699999809265137,8.4399995803833,8.600000381469727,1120200,0.0,0.0
2025-05-30 00:00:00-04:00,8.520000457763672,8.520000457763672,8.140000343322754,8.319999694824219,1539000,0.0,0.0
2025-06-02 00:00:00-04:00,8.539999961853027,8.569999694824219,8.279999732971191,8.289999961853027,861900,0.0,0.0
2025-06-03 00:00:00-04:00,8.229999542236328,8.90999984741211,8.0600004196167,8.800000190734863,1058500,0.0,0.0
2025-06-04 00:00:00-04:00,8.770000457763672,8.890000343322754,8.420000076293945,8.579999923706055,971600,0.0,0.0
2025-06-05 00:00:00-04:00,8.65999984741211,8.65999984741211,8.390000343322754,8.520000457763672,955600,0.0,0.0
2025-06-06 00:00:00-04:00,8.680000305175781,8.920000076293945,8.649999618530273,8.800000190734863,791400,0.0,0.0
2025-06-09 00:00:00-04:00,8.920000076293945,9.170000076293945,8.84000015258789,8.899999618530273,826600,0.0,0.0
2025-06-10 00:00:00-04:00,9.069999694824219,9.619999885559082,8.9399995803833,9.470000267028809,1079500,0.0,0.0
2025-06-11 00:00:00-04:00,9.510000228881836,9.8100004196167,9.430000305175781,9.770000457763672,1515800,0.0,0.0
2025-06-12 00:00:00-04:00,9.569999694824219,9.670000076293945,9.239999771118164,9.510000228881836,1145100,0.0,0.0
2025-06-13 00:00:00-04:00,9.75,9.869999885559082,9.350000381469727,9.550000190734863,876500,0.0,0.0
2025-06-16 00:00:00-04:00,9.399999618530273,9.609999656677246,9.239999771118164,9.529999732971191,1026500,0.0,0.0
2025-06-17 00:00:00-04:00,9.609999656677246,9.869999885559082,9.539999961853027,9.539999961853027,806200,0.0,0.0
2025-06-18 00:00:00-04:00,9.539999961853027,9.720000267028809,9.40999984741211,9.600000381469727,2290900,0.0,0.0
2025-06-20 00:00:00-04:00,9.640000343322754,9.760000228881836,9.109999656677246,9.170000076293945,1397700,0.0,0.0
2025-06-23 00:00:00-04:00,9.220000267028809,9.220000267028809,8.359999656677246,8.420000076293945,1237600,0.0,0.0
2025-06-24 00:00:00-04:00,8.270000457763672,8.739999771118164,8.199999809265137,8.619999885559082,896600,0.0,0.0
2025-06-25 00:00:00-04:00,8.609999656677246,8.649999618530273,8.399999618530273,8.489999771118164,842500,0.0,0.0
2025-06-26 00:00:00-04:00,8.550000190734863,8.819999694824219,8.470000267028809,8.770000457763672,1274000,0.0,0.0
2025-06-27 00:00:00-04:00,8.789999961853027,8.850000381469727,8.40999984741211,8.449999809265137,3201400,0.0,0.0
2025-06-30 00:00:00-04:00,8.460000038146973,8.680000305175781,8.430000305175781,8.59000015258789,1184600,0.0,0.0
2025-07-01 00:00:00-04:00,8.539999961853027,9.270000457763672,8.420000076293945,9.029999732971191,1208000,0.0,0.0
2025-07-02 00:00:00-04:00,9.15999984741211,9.319999694824219,8.949999809265137,9.270000457763672,913100,0.0,0.0
2025-07-03 00:00:00-04:00,9.289999961853027,9.319999694824219,8.960000038146973,9.010000228881836,454200,0.0,0.0
2025-07-07 00:00:00-04:00,8.8100004196167,9.0600004196167,8.529999732971191,8.729999542236328,853800,0.0,0.0
2025-07-08 00:00:00-04:00,8.8100004196167,9.550000190734863,8.739999771118164,9.430000305175781,1247500,0.0,0.0
2025-07-09 00:00:00-04:00,9.399999618530273,9.569999694824219,9.300000190734863,9.420000076293945,1090900,0.0,0.0
2025-07-10 00:00:00-04:00,9.289999961853027,9.609999656677246,9.119999885559082,9.569999694824219,757300,0.0,0.0
2025-07-11 00:00:00-04:00,9.40999984741211,9.579999923706055,9.289999961853027,9.489999771118164,829100,0.0,0.0
2025-07-14 00:00:00-04:00,9.350000381469727,9.430000305175781,9.029999732971191,9.09000015258789,839700,0.0,0.0
2025-07-15 00:00:00-04:00,9.0,9.010000228881836,8.489999771118164,8.510000228881836,1240300,0.0,0.0
2025-07-16 00:00:00-04:00,8.569999694824219,8.6899995803833,8.239999771118164,8.270000457763672,846700,0.0,0.0
2025-07-17 00:00:00-04:00,8.279999732971191,8.59000015258789,8.279999732971191,8.5600004196167,759700,0.0,0.0
2025-07-18 00:00:00-04:00,8.609999656677246,8.710000038146973,8.319999694824219,8.40999984741211,568100,0.0,0.0
2025-07-21 00:00:00-04:00,8.529999732971191,8.600000381469727,8.3100004196167,8.350000381469727,688000,0.0,0.0
2025-07-22 00:00:00-04:00,8.359999656677246,8.609999656677246,8.319999694824219,8.59000015258789,736800,0.0,0.0
2025-07-23 00:00:00-04:00,8.710000038146973,9.140000343322754,8.640000343322754,9.0,1276300,0.0,0.0
2025-07-24 00:00:00-04:00,8.800000190734863,9.020000457763672,8.510000228881836,8.90999984741211,1020900,0.0,0.0
2025-07-25 00:00:00-04:00,8.880000114440918,8.880000114440918,8.569999694824219,8.649999618530273,1014300,0.0,0.0
2025-07-28 00:00:00-04:00,8.729999542236328,9.239999771118164,8.6899995803833,9.0,1497100,0.0,0.0
2025-07-29 00:00:00-04:00,11.0,12.100000381469727,10.510000228881836,11.890000343322754,6398900,0.0,0.0
2025-07-30 00:00:00-04:00,11.680000305175781,11.6899995803833,10.720000267028809,10.880000114440918,3952900,0.0,0.0
2025-07-31 00:00:00-04:00,10.680000305175781,11.010000228881836,10.520000457763672,10.779999732971191,1905700,0.0,0.0
2025-08-01 00:00:00-04:00,11.0600004196167,11.270000457763672,10.359999656677246,10.529999732971191,1595500,0.0,0.0
2025-08-04 00:00:00-04:00,10.5600004196167,10.59000015258789,10.180000305175781,10.420000076293945,1076900,0.0,0.0
2025-08-05 00:00:00-04:00,10.5600004196167,11.020000457763672,10.239999771118164,10.829999923706055,1621900,0.0,0.0
2025-08-06 00:00:00-04:00,10.869999885559082,11.149999618530273,10.430000305175781,10.510000228881836,1164100,0.0,0.0
2025-08-07 00:00:00-04:00,10.649999618530273,10.90999984741211,10.119999885559082,10.300000190734863,839000,0.0,0.0
2025-08-08 00:00:00-04:00,10.329999923706055,10.479999542236328,10.039999961853027,10.279999732971191,1332000,0.0,0.0
2025-08-11 00:00:00-04:00,10.369999885559082,10.609999656677246,9.8100004196167,9.890000343322754,693700,0.0,0.0
2025-08-12 00:00:00-04:00,9.989999771118164,10.579999923706055,9.949999809265137,10.390000343322754,821500,0.0,0.0
2025-08-13 00:00:00-04:00,10.369999885559082,10.899999618530273,10.319999694824219,10.84000015258789,1351900,0.0,0.0
2025-08-14 00:00:00-04:00,10.670000076293945,10.720000267028809,10.180000305175781,10.449999809265137,1274500,0.0,0.0
2025-08-15 00:00:00-04:00,10.529999732971191,11.170000076293945,10.5,10.9399995803833,1105700,0.0,0.0
2025-08-18 00:00:00-04:00,10.829999923706055,11.390000343322754,10.6899995803833,11.119999885559082,1468700,0.0,0.0
2025-08-19 00:00:00-04:00,11.119999885559082,11.390000343322754,11.039999961853027,11.229999542236328,1104400,0.0,0.0
2025-08-20 00:00:00-04:00,11.3100004196167,11.369999885559082,11.100000381469727,11.229999542236328,1134300,0.0,0.0
2025-08-21 00:00:00-04:00,11.229999542236328,11.619999885559082,11.220000267028809,11.550000190734863,960600,0.0,0.0
2025-08-22 00:00:00-04:00,11.680000305175781,12.5,11.619999885559082,12.34000015258789,1518700,0.0,0.0
2025-08-25 00:00:00-04:00,12.260000228881836,12.550000190734863,12.220000267028809,12.420000076293945,1507100,0.0,0.0
2025-08-26 00:00:00-04:00,12.140000343322754,12.520000457763672,12.039999961853027,12.170000076293945,1223900,0.0,0.0
2025-08-27 00:00:00-04:00,12.149999618530273,12.710000038146973,12.149999618530273,12.40999984741211,1234000,0.0,0.0
2025-08-28 00:00:00-04:00,12.430000305175781,12.59000015258789,12.199999809265137,12.5600004196167,1042700,0.0,0.0
2025-08-29 00:00:00-04:00,12.510000228881836,12.640000343322754,12.40999984741211,12.470000267028809,1101800,0.0,0.0
2025-09-02 00:00:00-04:00,12.369999885559082,12.470000267028809,12.09000015258789,12.319999694824219,1219300,0.0,0.0
2025-09-03 00:00:00-04:00,12.260000228881836,12.430000305175781,11.920000076293945,12.0,1045500,0.0,0.0
2025-09-04 00:00:00-04:00,12.15999984741211,12.569999694824219,12.0,12.529999732971191,1358200,0.0,0.0
2025-09-05 00:00:00-04:00,12.350000381469727,12.630000114440918,12.199999809265137,12.40999984741211,1766700,0.0,0.0
2025-09-08 00:00:00-04:00,12.449999809265137,12.489999771118164,11.989999771118164,12.3100004196167,790800,0.0,0.0
2025-09-09 00:00:00-04:00,12.369999885559082,12.520000457763672,12.029999732971191,12.09000015258789,565300,0.0,0.0
2025-09-10 00:00:00-04:00,12.119999885559082,12.430000305175781,12.010000228881836,12.270000457763672,637400,0.0,0.0
2025-09-11 00:00:00-04:00,12.130000114440918,12.550000190734863,12.029999732971191,12.520000457763672,813200,0.0,0.0
2025-09-12 00:00:00-04:00,12.619999885559082,12.670000076293945,12.319999694824219,12.329999923706055,622300,0.0,0.0
2025-09-15 00:00:00-04:00,12.449999809265137,12.569999694824219,12.130000114440918,12.15999984741211,781600,0.0,0.0
2025-09-16 00:00:00-04:00,12.229999542236328,12.460000038146973,12.100000381469727,12.25,1097900,0.0,0.0
2025-09-17 00:00:00-04:00,12.199999809265137,12.579999923706055,11.979999542236328,12.09000015258789,891100,0.0,0.0
2025-09-18 00:00:00-04:00,12.260000228881836,12.420000076293945,12.050000190734863,12.350000381469727,1274600,0.0,0.0
2025-09-19 00:00:00-04:00,12.300000190734863,12.300000190734863,11.800000190734863,12.0,2867200,0.0,0.0
2025-09-22 00:00:00-04:00,11.9399995803833,12.069999694824219,11.770000457763672,12.039999961853027,828700,0.0,0.0
2025-09-23 00:00:00-04:00,12.149999618530273,12.75,12.069999694824219,12.09000015258789,1022100,0.0,0.0
2025-09-24 00:00:00-04:00,12.1899995803833,12.5600004196167,12.1899995803833,12.350000381469727,864700,0.0,0.0
2025-09-25 00:00:00-04:00,12.3100004196167,12.369999885559082,12.020000457763672,12.279999732971191,853100,0.0,0.0
2025-09-26 00:00:00-04:00,12.420000076293945,12.710000038146973,12.329999923706055,12.65999984741211,1040200,0.0,0.0
2025-09-29 00:00:00-04:00,12.539999961853027,12.59000015258789,11.989999771118164,12.279999732971191,1108300,0.0,0.0
2025-09-30 00:00:00-04:00,12.100000381469727,12.1899995803833,11.600000381469727,11.880000114440918,1063800,0.0,0.0
2025-10-01 00:00:00-04:00,11.829999923706055,12.300000190734863,11.789999961853027,12.270000457763672,715800,0.0,0.0
2025-10-02 00:00:00-04:00,12.220000267028809,12.25,11.779999732971191,11.869999885559082,613200,0.0,0.0
2025-10-03 00:00:00-04:00,12.100000381469727,12.529999732971191,11.960000038146973,12.5,937900,0.0,0.0
2025-10-06 00:00:00-04:00,12.670000076293945,13.25,12.460000038146973,13.180000305175781,1571500,0.0,0.0
2025-10-07 00:00:00-04:00,13.0600004196167,13.199999809265137,12.350000381469727,12.710000038146973,2126700,0.0,0.0
2025-10-08 00:00:00-04:00,13.109999656677246,13.170000076293945,12.729999542236328,13.149999618530273,1322100,0.0,0.0
2025-10-09 00:00:00-04:00,13.140000343322754,13.350000381469727,12.6899995803833,12.710000038146973,1777800,0.0,0.0
2025-10-10 00:00:00-04:00,12.75,12.859999656677246,12.020000457763672,12.029999732971191,1816800,0.0,0.0
2025-10-13 00:00:00-04:00,12.300000190734863,12.5,12.029999732971191,12.430000305175781,1013500,0.0,0.0
2025-10-14 00:00:00-04:00,12.010000228881836,12.529999732971191,11.920000076293945,12.359999656677246,632700,0.0,0.0
2025-10-15 00:00:00-04:00,12.630000114440918,12.850000381469727,12.390000343322754,12.569999694824219,962100,0.0,0.0
2025-10-16 00:00:00-04:00,12.479999542236328,12.75,12.380000114440918,12.649999618530273,1786800,0.0,0.0
2025-10-17 00:00:00-04:00,12.479999542236328,12.670000076293945,12.3100004196167,12.4399995803833,684600,0.0,0.0
2025-10-20 00:00:00-04:00,12.569999694824219,12.899999618530273,12.569999694824219,12.729999542236328,845900,0.0,0.0
2025-10-21 00:00:00-04:00,12.869999885559082,13.210000038146973,12.75,12.800000190734863,890800,0.0,0.0
2025-10-22 00:00:00-04:00,13.020000457763672,13.630000114440918,12.8100004196167,13.510000228881836,1654400,0.0,0.0
2025-10-23 00:00:00-04:00,13.020000457763672,14.109999656677246,12.5,13.529999732971191,2061600,0.0,0.0
2025-10-24 00:00:00-04:00,13.550000190734863,13.989999771118164,13.479999542236328,13.710000038146973,1041500,0.0,0.0
2025-10-27 00:00:00-04:00,13.920000076293945,13.9399995803833,13.510000228881836,13.800000190734863,698700,0.0,0.0
2025-10-28 00:00:00-04:00,13.789999961853027,13.90999984741211,13.600000381469727,13.880000114440918,1177100,0.0,0.0
2025-10-29 00:00:00-04:00,13.890000343322754,14.529999732971191,13.890000343322754,14.109999656677246,1738400,0.0,0.0
2025-10-30 00:00:00-04:00,13.90999984741211,14.3100004196167,13.800000190734863,13.960000038146973,770100,0.0,0.0
2025-10-31 00:00:00-04:00,13.970000267028809,14.069999694824219,13.5,13.579999923706055,1328200,0.0,0.0
2025-11-03 00:00:00-05:00,13.640000343322754,14.069999694824219,13.390000343322754,14.0600004196167,1348100,0.0,0.0
2025-11-04 00:00:00-05:00,13.569999694824219,13.880000114440918,13.569999694824219,13.760000228881836,1109900,0.0,0.0
2025-11-05 00:00:00-05:00,13.760000228881836,14.050000190734863,13.739999771118164,13.90999984741211,1453800,0.0,0.0
2025-11-06 00:00:00-05:00,13.880000114440918,14.079999923706055,13.0600004196167,13.069999694824219,1369000,0.0,0.0
2025-11-07 00:00:00-05:00,12.989999771118164,13.210000038146973,12.699999809265137,12.949999809265137,1878600,0.0,0.0
2025-11-10 00:00:00-05:00,13.079999923706055,13.949999809265137,12.760000228881836,13.819999694824219,1599100,0.0,0.0
2025-11-11 00:00:00-05:00,13.760000228881836,14.229999542236328,13.760000228881836,14.1899995803833,1101400,0.0,0.0
2025-11-12 00:00:00-05:00,13.970000267028809,14.149999618530273,13.390000343322754,13.699999809265137,1580900,0.0,0.0
2025-11-13 00:00:00-05:00,13.630000114440918,13.859999656677246,13.170000076293945,13.449999809265137,1193400,0.0,0.0
2025-11-14 00:00:00-05:00,13.470000267028809,13.829999923706055,13.149999618530273,13.510000228881836,1237400,0.0,0.0
2025-11-17 00:00:00-05:00,13.520000457763672,13.8100004196167,13.1899995803833,13.460000038146973,992400,0.0,0.0
2025-11-18 00:00:00-05:00,13.279999732971191,13.899999618530273,13.199999809265137,13.880000114440918,791500,0.0,0.0
2025-11-19 00:00:00-05:00,13.4399995803833,13.670000076293945,13.25,13.430000305175781,897900,0.0,0.0
2025-11-20 00:00:00-05:00,13.600000381469727,14.0600004196167,13.119999885559082,13.170000076293945,1867300,0.0,0.0
2025-11-21 00:00:00-05:00,13.149999618530273,13.960000038146973,12.9399995803833,13.800000190734863,820400,0.0,0.0
2025-11-24 00:00:00-05:00,13.550000190734863,13.930000305175781,13.430000305175781,13.729999542236328,1098400,0.0,0.0
2025-11-25 00:00:00-05:00,13.760000228881836,14.0,13.430000305175781,13.989999771118164,597900,0.0,0.0
2025-11-26 00:00:00-05:00,13.899999618530273,14.029999732971191,13.760000228881836,13.770000457763672,564000,0.0,0.0
2025-11-28 00:00:00-05:00,13.84000015258789,14.130000114440918,13.680000305175781,13.949999809265137,386400,0.0,0.0
2025-12-01 00:00:00-05:00,13.970000267028809,14.3100004196167,13.970000267028809,14.239999771118164,841200,0.0,0.0
2025-12-02 00:00:00-05:00,14.1899995803833,14.239999771118164,13.600000381469727,14.140000343322754,1120100,0.0,0.0
2025-12-03 00:00:00-05:00,14.369999885559082,15.0,14.329999923706055,14.979999542236328,1175500,0.0,0.0
2025-12-04 00:00:00-05:00,15.010000228881836,15.039999961853027,14.699999809265137,14.850000381469727,692600,0.0,0.0
2025-12-05 00:00:00-05:00,14.850000381469727,14.970000267028809,14.75,14.869999885559082,674200,0.0,0.0
2025-12-08 00:00:00-05:00,14.760000228881836,14.880000114440918,14.460000038146973,14.489999771118164,606400,0.0,0.0
2025-12-09 00:00:00-05:00,14.470000267028809,14.8100004196167,14.470000267028809,14.699999809265137,839400,0.0,0.0
2025-12-10 00:00:00-05:00,14.640000343322754,14.789999961853027,14.40999984741211,14.630000114440918,1436500,0.0,0.0
2025-12-11 00:00:00-05:00,14.4399995803833,14.90999984741211,14.4399995803833,14.640000343322754,942500,0.0,0.0
2025-12-12 00:00:00-05:00,14.65999984741211,14.680000305175781,13.949999809265137,14.039999961853027,873600,0.0,0.0
2025-12-15 00:00:00-05:00,14.100000381469727,14.100000381469727,13.720000267028809,13.779999732971191,966300,0.0,0.0
2025-12-16 00:00:00-05:00,13.539999961853027,13.539999961853027,12.4399995803833,12.649999618530273,1430700,0.0,0.0
2025-12-17 00:00:00-05:00,12.779999732971191,13.199999809265137,12.729999542236328,13.170000076293945,1422900,0.0,0.0
2025-12-18 00:00:00-05:00,12.899999618530273,13.09000015258789,12.489999771118164,12.520000457763672,1709900,0.0,0.0
2025-12-19 00:00:00-05:00,12.579999923706055,13.0,12.529999732971191,12.970000267028809,5694700,0.0,0.0
2025-12-22 00:00:00-05:00,13.149999618530273,13.569999694824219,13.149999618530273,13.329999923706055,1273200,0.0,0.0
2025-12-23 00:00:00-05:00,13.460000038146973,13.630000114440918,13.1899995803833,13.59000015258789,823800,0.0,0.0
2025-12-24 00:00:00-05:00,13.6899995803833,13.6899995803833,13.420000076293945,13.470000267028809,359700,0.0,0.0
2025-12-26 00:00:00-05:00,13.510000228881836,13.510000228881836,13.289999961853027,13.380000114440918,415900,0.0,0.0
2025-12-29 00:00:00-05:00,13.520000457763672,13.680000305175781,13.380000114440918,13.5600004196167,888000,0.0,0.0
2025-12-30 00:00:00-05:00,13.539999961853027,13.739999771118164,13.510000228881836,13.529999732971191,1171500,0.0,0.0
2025-12-31 00:00:00-05:00,13.489999771118164,13.630000114440918,13.300000190734863,13.350000381469727,572900,0.0,0.0
2026-01-02 00:00:00-05:00,13.430000305175781,13.720000267028809,13.1899995803833,13.640000343322754,800700,0.0,0.0
2026-01-05 00:00:00-05:00,14.5600004196167,14.9399995803833,14.289999961853027,14.3100004196167,1703400,0.0,0.0
2026-01-06 00:00:00-05:00,14.170000076293945,14.270000457763672,14.0,14.1899995803833,816000,0.0,0.0
2026-01-07 00:00:00-05:00,14.220000267028809,14.260000228881836,13.960000038146973,14.069999694824219,755500,0.0,0.0
2026-01-08 00:00:00-05:00,14.119999885559082,14.6899995803833,14.039999961853027,14.640000343322754,664400,0.0,0.0
2026-01-09 00:00:00-05:00,14.640000343322754,14.850000381469727,14.1899995803833,14.569999694824219,996800,0.0,0.0
2026-01-12 00:00:00-05:00,14.600000381469727,14.670000076293945,14.15999984741211,14.430000305175781,634600,0.0,0.0
2026-01-13 00:00:00-05:00,14.59000015258789,15.479999542236328,14.59000015258789,15.319999694824219,1095500,0.0,0.0
2026-01-14 00:00:00-05:00,15.739999771118164,16.780000686645508,15.460000038146973,16.260000228881836,2154100,0.0,0.0
2026-01-15 00:00:00-05:00,16.280000686645508,16.510000228881836,16.049999237060547,16.239999771118164,1474300,0.0,0.0
2026-01-16 00:00:00-05:00,16.350000381469727,16.5,16.149999618530273,16.209999084472656,756900,0.0,0.0
2026-01-20 00:00:00-05:00,16.190000534057617,16.270000457763672,15.119999885559082,15.220000267028809,1482000,0.0,0.0
2026-01-21 00:00:00-05:00,15.550000190734863,16.270000457763672,15.470000267028809,16.09000015258789,1517200,0.0,0.0
2026-01-22 00:00:00-05:00,15.989999771118164,16.110000610351562,15.770000457763672,16.09000015258789,1109100,0.0,0.0
2026-01-23 00:00:00-05:00,16.389999389648438,16.780000686645508,15.890000343322754,15.949999809265137,1012300,0.0,0.0
2026-01-26 00:00:00-05:00,16.200000762939453,16.200000762939453,15.850000381469727,15.920000076293945,922400,0.0,0.0
2026-01-27 00:00:00-05:00,16.0,16.31999969482422,15.90999984741211,16.079999923706055,684000,0.0,0.0
2026-01-28 00:00:00-05:00,16.219999313354492,16.229999542236328,15.229999542236328,15.5,1348700,0.0,0.0
2026-01-29 00:00:00-05:00,16.040000915527344,16.450000762939453,15.869999885559082,16.229999542236328,1939800,0.0,0.0
2026-01-30 00:00:00-05:00,15.989999771118164,16.420000076293945,15.579999923706055,16.010000228881836,1407500,0.0,0.0
2026-02-02 00:00:00-05:00,15.520000457763672,16.3700008392334,15.489999771118164,16.09000015258789,1005900,0.0,0.0
2026-02-03 00:00:00-05:00,16.100000381469727,16.459999084472656,15.640000343322754,16.18000030517578,780900,0.0,0.0
2026-02-04 00:00:00-05:00,16.239999771118164,16.420000076293945,15.630000114440918,16.079999923706055,934300,0.0,0.0
2026-02-05 00:00:00-05:00,15.6899995803833,15.989999771118164,15.170000076293945,15.5,665400,0.0,0.0
2026-02-06 00:00:00-05:00,15.699999809265137,16.790000915527344,15.59000015258789,16.65999984741211,777500,0.0,0.0
2026-02-09 00:00:00-05:00,16.65999984741211,16.889999389648438,16.510000228881836,16.65999984741211,678300,0.0,0.0
2026-02-10 00:00:00-05:00,16.670000076293945,16.690000534057617,16.059999465942383,16.309999465942383,493300,0.0,0.0
2026-02-11 00:00:00-05:00,16.760000228881836,16.989999771118164,16.309999465942383,16.860000610351562,743200,0.0,0.0
2026-02-12 00:00:00-05:00,16.93000030517578,17.0,15.729999542236328,16.200000762939453,770200,0.0,0.0
2026-02-13 00:00:00-05:00,16.329999923706055,16.68000030517578,16.1299991607666,16.329999923706055,718600,0.0,0.0
2026-02-17 00:00:00-05:00,16.360000610351562,16.3700008392334,15.859999656677246,16.309999465942383,678700,0.0,0.0
2026-02-18 00:00:00-05:00,16.5,17.100000381469727,16.5,16.75,1145100,0.0,0.0
2026-02-19 00:00:00-05:00,15.84000015258789,18.3799991607666,15.279999732971191,17.780000686645508,3282900,0.0,0.0
2026-02-20 00:00:00-05:00,17.56999969482422,18.079999923706055,17.200000762939453,17.790000915527344,1411300,0.0,0.0
2026-02-23 00:00:00-05:00,17.979999542236328,18.729999542236328,17.3799991607666,18.18000030517578,1911700,0.0,0.0
2026-02-24 00:00:00-05:00,18.110000610351562,18.190000534057617,17.489999771118164,17.729999542236328,1004200,0.0,0.0
2026-02-25 00:00:00-05:00,17.899999618530273,17.90999984741211,17.020000457763672,17.299999237060547,1208300,0.0,0.0
2026-02-26 00:00:00-05:00,17.010000228881836,17.56999969482422,16.649999618530273,17.399999618530273,888000,0.0,0.0
2026-02-27 00:00:00-05:00,17.399999618530273,18.09000015258789,17.209999084472656,17.860000610351562,1481900,0.0,0.0
2026-03-02 00:00:00-05:00,18.219999313354492,18.270000457763672,17.059999465942383,17.450000762939453,1059600,0.0,0.0
2026-03-03 00:00:00-05:00,17.329999923706055,17.329999923706055,16.489999771118164,16.8700008392334,944700,0.0,0.0
2026-03-04 00:00:00-05:00,16.8799991607666,17.34000015258789,16.360000610351562,16.440000534057617,1547100,0.0,0.0
2026-03-05 00:00:00-05:00,16.450000762939453,16.90999984741211,16.34000015258789,16.799999237060547,1093000,0.0,0.0
2026-03-06 00:00:00-05:00,16.600000381469727,16.90999984741211,16.270000457763672,16.639999389648438,1189700,0.0,0.0
2026-03-09 00:00:00-04:00,16.559999465942383,17.010000228881836,16.18000030517578,16.989999771118164,1198400,0.0,0.0
2026-03-10 00:00:00-04:00,16.860000610351562,17.229999542236328,16.540000915527344,17.09000015258789,1359000,0.0,0.0
2026-03-11 00:00:00-04:00,16.780000686645508,17.309999465942383,16.65999984741211,16.979999542236328,986400,0.0,0.0
2026-03-12 00:00:00-04:00,16.700000762939453,16.899999618530273,15.710000038146973,15.960000038146973,1593300,0.0,0.0
2026-03-13 00:00:00-04:00,15.989999771118164,16.229999542236328,15.729999542236328,16.139999389648438,1054200,0.0,0.0
2026-03-16 00:00:00-04:00,16.139999389648438,16.56999969482422,15.920000076293945,16.459999084472656,801000,0.0,0.0
2026-03-17 00:00:00-04:00,16.700000762939453,17.190000534057617,16.649999618530273,16.959999084472656,606800,0.0,0.0
2026-03-18 00:00:00-04:00,16.8799991607666,17.100000381469727,16.479999542236328,16.479999542236328,1143500,0.0,0.0
2026-03-19 00:00:00-04:00,16.360000610351562,16.979999542236328,16.010000228881836,16.75,1167800,0.0,0.0
2026-03-20 00:00:00-04:00,16.799999237060547,16.90999984741211,16.389999389648438,16.649999618530273,2755100,0.0,0.0
2026-03-23 00:00:00-04:00,16.540000915527344,17.959999084472656,16.540000915527344,17.809999465942383,1470800,0.0,0.0
2026-03-24 00:00:00-04:00,17.610000610351562,18.469999313354492,17.559999465942383,18.389999389648438,1482500,0.0,0.0
2026-03-25 00:00:00-04:00,18.229999542236328,18.389999389648438,17.799999237060547,17.81999969482422,899600,0.0,0.0
2026-03-26 00:00:00-04:00,17.690000534057617,17.969999313354492,17.43000030517578,17.81999969482422,1279600,0.0,0.0
2026-03-27 00:00:00-04:00,17.799999237060547,17.979999542236328,17.3700008392334,17.90999984741211,1316500,0.0,0.0
2026-03-30 00:00:00-04:00,18.219999313354492,18.219999313354492,17.170000076293945,17.200000762939453,1644500,0.0,0.0
2026-03-31 00:00:00-04:00,17.530000686645508,17.90999984741211,17.219999313354492,17.40999984741211,1899300,0.0,0.0
2026-04-01 00:00:00-04:00,17.1200008392334,17.3799991607666,16.25,16.25,1191800,0.0,0.0
2026-04-02 00:00:00-04:00,16.43000030517578,16.8799991607666,16.25,16.65999984741211,836200,0.0,0.0
2026-04-06 00:00:00-04:00,16.56999969482422,16.799999237060547,16.43000030517578,16.6200008392334,672600,0.0,0.0
2026-04-07 00:00:00-04:00,16.670000076293945,17.25,16.510000228881836,17.190000534057617,732700,0.0,0.0
2026-04-08 00:00:00-04:00,16.649999618530273,17.200000762939453,16.299999237060547,17.110000610351562,1013700,0.0,0.0
2026-04-09 00:00:00-04:00,17.110000610351562,17.260000228881836,16.600000381469727,16.690000534057617,859500,0.0,0.0
2026-04-10 00:00:00-04:00,16.65999984741211,16.84000015258789,16.540000915527344,16.690000534057617,528500,0.0,0.0
2026-04-13 00:00:00-04:00,16.84000015258789,17.3700008392334,16.84000015258789,17.079999923706055,588400,0.0,0.0
2026-04-14 00:00:00-04:00,16.860000610351562,16.850000381469727,16.229999542236328,16.270000457763672,430361,0.0,0.0
