Date,Open,High,Low,Close,Volume,Dividends,Stock Splits
2022-01-03 00:00:00-05:00,211.33306685058966,215.85458361662336,210.55951583456658,215.67041015625,1434400,0.0,0.0
2022-01-04 00:00:00-05:00,215.58755601055765,218.20285594635075,214.45487576574862,214.84164428710938,1614000,0.0,0.0
2022-01-05 00:00:00-05:00,216.2413739598239,220.64318586392747,214.9245062701045,217.80686950683594,1559300,0.0,0.0
2022-01-06 00:00:00-05:00,214.39962037292696,216.5452617304247,208.19287450235635,209.537353515625,2258300,0.0,0.0
2022-01-07 00:00:00-05:00,209.1689923656814,215.56911503238345,207.38248027205495,214.73110961914062,2049800,0.0,0.0
2022-01-10 00:00:00-05:00,215.56912208335808,217.32800891773013,211.92243963308962,215.20077514648438,1675100,0.0,0.0
2022-01-11 00:00:00-05:00,217.07938181638733,222.10740075178643,214.197032412453,221.14047241210938,1926500,0.0,0.0
2022-01-12 00:00:00-05:00,221.0943985774185,221.78505958563352,217.40166944538126,219.88804626464844,1352600,0.0,0.0
2022-01-13 00:00:00-05:00,219.10534711675675,223.04673319815456,218.60807724729528,221.51806640625,1139000,0.0,0.0
2022-01-14 00:00:00-05:00,220.6616368859844,223.17565368439585,219.98939727559724,223.0098876953125,1327700,0.0,0.0
2022-01-18 00:00:00-05:00,222.23629847376958,222.6230669556159,218.1475830206309,220.99310302734375,1445700,0.0,0.0
2022-01-19 00:00:00-05:00,221.75746080558105,224.85162305470223,219.6210231379813,219.906494140625,1452300,0.0,0.0
2022-01-20 00:00:00-05:00,219.5381529617415,225.3212878942343,218.93038182604246,221.37071228027344,1429100,0.0,0.0
2022-01-21 00:00:00-05:00,221.57327094586597,223.01904741572955,217.02411464876127,217.5582275390625,1782000,0.0,0.0
2022-01-24 00:00:00-05:00,215.3665322934098,218.09234746782477,210.2740591863437,217.71478271484375,1980300,0.0,0.0
2022-01-25 00:00:00-05:00,215.40336088180942,217.4385008052458,209.97015246240736,216.16769409179688,1557800,0.0,0.0
2022-01-26 00:00:00-05:00,216.73866223940018,220.05384113516084,212.49339812222092,215.5046844482422,1761800,0.0,0.0
2022-01-27 00:00:00-05:00,212.76043283677947,214.23384869991048,206.65499869939347,209.43605041503906,2338800,0.0,0.0
2022-01-28 00:00:00-05:00,209.6478844334236,215.9098814070234,208.13763934433803,214.9797821044922,2682700,0.0,0.0
2022-01-31 00:00:00-05:00,212.47496147904886,214.53774087351874,209.6386450809784,212.22633361816406,2622200,0.0,0.0
2022-02-01 00:00:00-05:00,211.3054631256847,211.71985696675188,205.8077997599957,208.0363311767578,2318800,0.0,0.0
2022-02-02 00:00:00-05:00,208.03632847133807,212.3644684079884,207.4930117967481,211.82115173339844,2044200,0.0,0.0
2022-02-03 00:00:00-05:00,207.19831418293097,207.19831418293097,200.07990492343163,200.34695434570312,3029400,0.0,0.0
2022-02-04 00:00:00-05:00,196.4608525866445,205.39340017852356,196.29510066412487,203.85552978515625,2036700,0.0,0.0
2022-02-07 00:00:00-05:00,200.899488786555,208.67173001947117,200.7613481461908,206.71945190429688,1473200,0.0,0.0
2022-02-08 00:00:00-05:00,208.64411284417733,214.02205703600853,206.79313217242037,213.4326934814453,1613900,0.0,0.0
2022-02-09 00:00:00-05:00,214.31674589235058,215.3941755527796,212.20793345644142,213.99444580078125,1112600,0.0,0.0
2022-02-10 00:00:00-05:00,211.8579698098885,216.86756680731364,211.15810501377624,212.05136108398438,1358000,0.0,0.0
2022-02-11 00:00:00-05:00,211.80272230211196,214.9705565708761,208.83748306575959,209.50051879882812,1215500,0.0,0.0
2022-02-14 00:00:00-05:00,210.61478629021167,211.02918010029032,205.85381719731984,207.41932678222656,1472000,0.0,0.0
2022-02-15 00:00:00-05:00,208.97561685612868,211.56330548627452,208.26654826978972,210.33853149414062,1683400,0.0,0.0
2022-02-16 00:00:00-05:00,209.78595448849015,211.72901448040315,209.09529355370876,210.88180541992188,1241900,0.0,0.0
2022-02-17 00:00:00-05:00,209.49132738906602,211.6830156983085,208.2297102398733,209.14138793945312,1222800,0.0,0.0
2022-02-18 00:00:00-05:00,209.03087210547997,212.53942795868727,207.24435995780692,210.5595245361328,1339800,0.0,0.0
2022-02-22 00:00:00-05:00,209.36237019157127,211.1949149944825,207.56664040663046,209.71229553222656,1598300,0.0,0.0
2022-02-23 00:00:00-05:00,210.49503908780918,211.0475594102405,207.06935969291027,207.28115844726562,1596100,0.0,0.0
2022-02-24 00:00:00-05:00,203.45953386330442,207.08780874015198,201.23100261516956,206.67340087890625,3009900,0.0,0.0
2022-02-25 00:00:00-05:00,207.66796718570683,215.59675689691053,207.33644930730497,214.41802978515625,1863600,0.0,0.0
2022-02-28 00:00:00-05:00,210.60560289200566,220.21040454718764,210.06228616221293,218.9672088623047,3367700,0.0,0.0
2022-03-01 00:00:00-05:00,218.33178561023243,220.4129867374291,215.1179182543638,218.34100341796875,1546300,0.0,0.0
2022-03-02 00:00:00-05:00,220.09064486038406,222.8072420598602,219.05004442794228,221.48117065429688,1462200,0.0,0.0
2022-03-03 00:00:00-05:00,222.12581732453688,222.8441037203786,217.43852013688317,218.99481201171875,1285600,0.0,0.0
2022-03-04 00:00:00-05:00,215.78097696701892,222.7980900579875,214.08654419324034,222.5126190185547,1345600,0.0,0.0
2022-03-07 00:00:00-05:00,222.05212112880793,222.79803276300007,218.11995388819503,219.03163146972656,1733900,0.0,0.0
2022-03-08 00:00:00-05:00,217.50499687675367,219.0223869539399,211.87954694918136,211.97207641601562,1816100,1.12,0.0
2022-03-09 00:00:00-05:00,215.7007707068048,216.21890180298573,212.90654758895639,213.97056579589844,1298100,0.0,0.0
2022-03-10 00:00:00-05:00,211.8980839205081,212.84181684158477,208.6319937815661,212.30519104003906,2156200,0.0,0.0
2022-03-11 00:00:00-05:00,213.73003720801154,214.65527546432327,209.51095301811247,209.89955139160156,1757100,0.0,0.0
2022-03-14 00:00:00-04:00,212.406926263193,212.406926263193,207.45689657428773,209.2888641357422,1984000,0.0,0.0
2022-03-15 00:00:00-04:00,211.1486052085566,216.73703744341046,210.89878695408385,215.65451049804688,1683900,0.0,0.0
2022-03-16 00:00:00-04:00,216.96834983424137,220.391728223375,215.85806685911885,219.7440643310547,1536100,0.0,0.0
2022-03-17 00:00:00-04:00,217.32922172490854,224.72188075645187,217.32922172490854,224.2685089111328,2136500,0.0,0.0
2022-03-18 00:00:00-04:00,223.6393312205852,225.4898076179925,221.279970990288,223.1304473876953,3473700,0.0,0.0
2022-03-21 00:00:00-04:00,222.50130806222285,227.59938025977982,222.2144864408463,225.30477905273438,1519700,0.0,0.0
2022-03-22 00:00:00-04:00,226.44281721347667,228.33029705510558,225.2400046498626,225.32327270507812,1561600,0.0,0.0
2022-03-23 00:00:00-04:00,224.32399960347223,225.38803200825143,220.65080280632438,220.6693115234375,1530300,0.0,0.0
2022-03-24 00:00:00-04:00,221.10422808681125,224.75891705080278,220.66936489656734,224.00022888183594,1120700,0.0,0.0
2022-03-25 00:00:00-04:00,224.64785263923287,225.72113241053074,223.3062599841182,225.36953735351562,1327300,0.0,0.0
2022-03-28 00:00:00-04:00,225.75816591938303,225.75816591938303,223.32478444928972,225.44358825683594,1470800,0.0,0.0
2022-03-29 00:00:00-04:00,227.08122078335714,227.19225897549623,222.18671656953154,225.14747619628906,1238100,0.0,0.0
2022-03-30 00:00:00-04:00,225.64709753132738,227.6733714553717,224.9624161784221,227.45130920410156,943400,0.0,0.0
2022-03-31 00:00:00-04:00,224.9069126551382,226.590838907439,221.59455806793585,221.6963348388672,1784200,0.0,0.0
2022-04-01 00:00:00-04:00,224.09267227603644,229.31101476483352,222.7788358255181,227.8398895263672,1584700,0.0,0.0
2022-04-04 00:00:00-04:00,226.63710171686628,227.78440220506786,223.3154998579954,224.14820861816406,1405100,0.0,0.0
2022-04-05 00:00:00-04:00,222.7696252986145,230.3565763938288,222.7696252986145,226.7666473388672,1433100,0.0,0.0
2022-04-06 00:00:00-04:00,225.4712916843232,231.60562526315167,224.86987840360655,230.94869995117188,1372900,0.0,0.0
2022-04-07 00:00:00-04:00,230.82844080957807,237.01830124396358,230.06975276572354,236.05604553222656,1648000,0.0,0.0
2022-04-08 00:00:00-04:00,237.1293070478212,239.91425483946549,235.7414356247514,238.61892700195312,1493000,0.0,0.0
2022-04-11 00:00:00-04:00,238.65595309666273,240.05307186998044,234.51088974819012,235.1215362548828,1172700,0.0,0.0
2022-04-12 00:00:00-04:00,235.35284232057256,238.20259186024097,234.46462153237775,235.7692108154297,1102500,0.0,0.0
2022-04-13 00:00:00-04:00,236.76850387912293,239.97908229678774,235.75075009718265,239.6274871826172,1500600,0.0,0.0
2022-04-14 00:00:00-04:00,240.56192445471655,245.39166883667158,239.516400803745,239.8309783935547,1381000,0.0,0.0
2022-04-18 00:00:00-04:00,238.80399433934463,241.97755471191877,238.52640592694917,239.5996856689453,1157000,0.0,0.0
2022-04-19 00:00:00-04:00,240.6822143736692,242.6992268469584,239.32211310780326,241.51492309570312,1501700,0.0,0.0
2022-04-20 00:00:00-04:00,242.84729468829923,249.6662963561126,241.9127949814754,248.76881408691406,1463000,0.0,0.0
2022-04-21 00:00:00-04:00,249.01865776820713,249.78659315849535,244.58675826001704,244.82730102539062,1132000,0.0,0.0
2022-04-22 00:00:00-04:00,243.33766612912527,243.33766612912527,235.66744704747632,235.99127197265625,1262100,0.0,0.0
2022-04-25 00:00:00-04:00,236.09306873640327,236.09306873640327,228.3303195228881,235.3436279296875,1402200,0.0,0.0
2022-04-26 00:00:00-04:00,233.34507568546235,237.24033479399142,233.30807236868006,233.71517944335938,889100,0.0,0.0
2022-04-27 00:00:00-04:00,233.7799348519852,236.16705110778489,230.05122602661982,232.02198791503906,1208100,0.0,0.0
2022-04-28 00:00:00-04:00,233.99275967395528,235.6952088701992,231.0875119859735,235.2325897216797,917600,0.0,0.0
2022-04-29 00:00:00-04:00,233.70589242774628,234.71439858627576,227.6640886572351,228.33026123046875,1423800,0.0,0.0
2022-05-02 00:00:00-04:00,228.72817124133218,230.8284520622297,223.54683100343485,227.7104034423828,1497500,0.0,0.0
2022-05-03 00:00:00-04:00,228.2932695866188,231.91094007688102,227.90467125203875,228.80213928222656,1115900,0.0,0.0
2022-05-04 00:00:00-04:00,229.5885914805964,237.51787499853603,227.51605296464044,236.55563354492188,1130700,0.0,0.0
2022-05-05 00:00:00-04:00,234.91796543264365,236.68517372353696,231.11523599380658,233.23403930664062,1628500,0.0,0.0
2022-05-06 00:00:00-04:00,236.67596890964322,247.5105160241019,235.97277873953328,246.94610595703125,2208100,0.0,0.0
2022-05-09 00:00:00-04:00,246.85351964921767,248.39867973677204,240.30284616946787,241.8665008544922,2228400,0.0,0.0
2022-05-10 00:00:00-04:00,242.43091722754448,244.67000622681167,239.29437422819274,241.16334533691406,1612900,0.0,0.0
2022-05-11 00:00:00-04:00,240.66366722476272,247.52894631030787,240.27508303721868,240.74696350097656,1410700,0.0,0.0
2022-05-12 00:00:00-04:00,240.03452736406518,241.23735390512257,235.26030922212914,240.5896759033203,1675400,0.0,0.0
2022-05-13 00:00:00-04:00,241.5334602975941,242.39395342363574,238.7392506418121,239.81253051757812,1520100,0.0,0.0
2022-05-16 00:00:00-04:00,245.61368683841698,249.29614447224418,242.69919260449035,246.56668090820312,1542700,0.0,0.0
2022-05-17 00:00:00-04:00,248.49122400680244,251.39645720023663,247.5104737979334,251.06338500976562,1436300,0.0,0.0
2022-05-18 00:00:00-04:00,249.41648844489276,249.81433412629826,236.79622482684698,238.31362915039062,2537200,0.0,0.0
2022-05-19 00:00:00-04:00,236.3613648214998,239.77548203646614,234.20555804802888,237.67520141601562,1692000,0.0,0.0
2022-05-20 00:00:00-04:00,237.56417509613328,242.29212886083903,235.3991069253226,240.09005737304688,1623700,0.0,0.0
2022-05-23 00:00:00-04:00,242.66220976147787,245.89131024288372,241.8202396208264,243.6799774169922,1092300,0.0,0.0
2022-05-24 00:00:00-04:00,244.48498080058093,246.71480868748603,241.86656860577054,245.15115356445312,1383100,0.0,0.0
2022-05-25 00:00:00-04:00,245.5119751667199,246.61301094257323,243.7447667217455,245.88206481933594,1097500,0.0,0.0
2022-05-26 00:00:00-04:00,249.15741197740658,250.739561451696,247.69551975528995,248.77806091308594,1695800,0.0,0.0
2022-05-27 00:00:00-04:00,248.0656468385945,252.56232001786208,246.38173445771636,252.03492736816406,1248100,0.0,0.0
2022-05-31 00:00:00-04:00,250.01785004121515,253.12663662241837,247.34389827700133,248.23214721679688,3557100,0.0,0.0
2022-06-01 00:00:00-04:00,251.00783659263476,251.27613529516844,242.5511473262868,244.79946899414062,2622900,0.0,0.0
2022-06-02 00:00:00-04:00,245.38242709736488,245.38242709736488,238.33211618687923,243.73550415039062,1656300,0.0,0.0
2022-06-03 00:00:00-04:00,243.17113745189044,243.6244951846079,234.72370723187674,234.98277282714844,2331300,0.0,0.0
2022-06-06 00:00:00-04:00,237.0367608313183,240.3213449267827,235.49161483503156,239.0075225830078,1615000,0.0,0.0
2022-06-07 00:00:00-04:00,238.98894185582543,244.23002269908017,237.10253049394166,243.72821044921875,1792300,1.12,0.0
2022-06-08 00:00:00-04:00,241.16338866585957,244.0255472277434,240.57797421177472,242.3342742919922,1235600,0.0,0.0
2022-06-09 00:00:00-04:00,241.79537628032062,243.96985848043923,239.2398910628879,239.3606719970703,1101600,0.0,0.0
2022-06-10 00:00:00-04:00,235.32763245592957,237.9760354865032,234.06382848803204,235.37408447265625,1403000,0.0,0.0
2022-06-13 00:00:00-04:00,231.27608786581138,232.13101221964834,224.09284025650865,225.09645080566406,2242000,0.0,0.0
2022-06-14 00:00:00-04:00,225.022042886561,228.94355153657705,223.12634407057544,228.3302459716797,2205400,0.0,0.0
2022-06-15 00:00:00-04:00,229.5754667870565,232.04732096572698,226.70403451472856,229.62193298339844,1643400,0.0,0.0
2022-06-16 00:00:00-04:00,229.79852194482882,230.9415310204409,223.19143036957402,230.73709106445312,1904200,0.0,0.0
2022-06-17 00:00:00-04:00,232.4748116519352,234.00811128979632,224.45522987006123,227.22445678710938,3822900,0.0,0.0
2022-06-21 00:00:00-04:00,232.13098943299644,236.76802448590018,227.53111883552614,234.34263610839844,2324600,0.0,0.0
2022-06-22 00:00:00-04:00,234.9466260852396,240.69877809858565,232.54911502599003,237.79946899414062,1506200,0.0,0.0
2022-06-23 00:00:00-04:00,239.09121473225332,241.86971515369305,236.888841375725,241.31214904785156,1774200,0.0,0.0
2022-06-24 00:00:00-04:00,242.9755111225267,246.99922587235713,237.80878743593829,246.3766326904297,3406200,0.0,0.0
2022-06-27 00:00:00-04:00,245.64252978028696,250.11230349935624,243.75611817967555,248.93214416503906,1637100,0.0,0.0
2022-06-28 00:00:00-04:00,249.47113130027878,252.20317986776868,246.03285875599676,247.38027954101562,1494900,0.0,0.0
2022-06-29 00:00:00-04:00,249.22021128342507,250.79067536367648,246.10716000888573,248.43032836914062,1439600,0.0,0.0
2022-06-30 00:00:00-04:00,245.79116995403484,247.25012623780094,242.95691638889568,244.88047790527344,2029700,0.0,0.0
2022-07-01 00:00:00-04:00,245.10357172403886,249.9264716654497,242.21353544324649,249.071533203125,1302800,0.0,0.0
2022-07-05 00:00:00-04:00,245.80972915492828,246.46952923069367,238.2362077746382,246.1071014404297,2331900,0.0,0.0
2022-07-06 00:00:00-04:00,246.29298390818983,253.87580757951505,244.7782738514824,251.9150390625,3259600,0.0,0.0
2022-07-07 00:00:00-04:00,252.8071083494299,257.8251734786016,252.8071083494299,256.2732849121094,5021100,0.0,0.0
2022-07-08 00:00:00-04:00,256.1154362495056,261.5795344163038,255.2512241653072,259.4422302246094,2325200,0.0,0.0
2022-07-11 00:00:00-04:00,257.58365837723386,261.9698020738512,257.2212304430356,260.11126708984375,1550500,0.0,0.0
2022-07-12 00:00:00-04:00,259.4235895061892,262.3600494999832,258.6801585794774,259.5908508300781,2599300,0.0,0.0
2022-07-13 00:00:00-04:00,257.27692473381757,259.74877909406104,254.1174216633739,254.3869171142578,1563400,0.0,0.0
2022-07-14 00:00:00-04:00,247.94709932000177,247.94709932000177,242.53875701264354,246.1721954345703,2260800,0.0,0.0
2022-07-15 00:00:00-04:00,249.99146858688647,254.972355857339,248.38385437355205,254.721435546875,1880600,0.0,0.0
2022-07-18 00:00:00-04:00,255.05596125021128,255.4090873122015,248.383829776658,249.3688507080078,1597100,0.0,0.0
2022-07-19 00:00:00-04:00,251.0880632119199,256.8309289466439,250.97652730219536,255.1768341064453,2084800,0.0,0.0
2022-07-20 00:00:00-04:00,254.32187978245872,254.7865134542444,245.5960741729976,247.85418701171875,1669200,0.0,0.0
2022-07-21 00:00:00-04:00,246.06069077231376,248.81131397792126,244.82474941008363,247.51034545898438,1705900,0.0,0.0
2022-07-22 00:00:00-04:00,248.11433803499,250.17731231705602,246.92487717427525,250.1587371826172,1787200,0.0,0.0
2022-07-25 00:00:00-04:00,251.13446981823554,255.4741602760269,251.13446981823554,253.34613037109375,1323500,0.0,0.0
2022-07-26 00:00:00-04:00,254.75862323407907,256.15252417647855,253.5227102097726,255.39051818847656,1731400,0.0,0.0
2022-07-27 00:00:00-04:00,254.62853385278655,257.0353326801917,250.93934165471296,255.297607421875,1120100,0.0,0.0
2022-07-28 00:00:00-04:00,255.9295221871606,256.2454696805149,251.45044679039555,253.89442443847656,1650700,0.0,0.0
2022-07-29 00:00:00-04:00,253.82004970232038,258.076080884367,253.15097620219694,255.88299560546875,1836900,0.0,0.0
2022-08-01 00:00:00-04:00,254.60065777993398,257.33270583249794,252.88150765231583,254.0709686279297,1434600,0.0,0.0
2022-08-02 00:00:00-04:00,255.5020324135845,255.57636131292008,251.61767389740788,252.24029541015625,1415400,0.0,0.0
2022-08-03 00:00:00-04:00,252.86291311101837,254.4333771274219,252.09163372472548,252.5190887451172,3548800,0.0,0.0
2022-08-04 00:00:00-04:00,260.7802607292862,264.33934165266135,259.50716919366374,260.2877502441406,3654700,0.0,0.0
2022-08-05 00:00:00-04:00,258.85669011176384,262.6666916148362,258.5964964088655,261.8396301269531,2039800,0.0,0.0
2022-08-08 00:00:00-04:00,262.0533718096501,263.77252194190083,260.873212578466,261.8396301269531,2392000,0.0,0.0
2022-08-09 00:00:00-04:00,264.20931378928043,268.05646607591336,263.326498416302,264.8783874511719,1690700,0.0,0.0
2022-08-10 00:00:00-04:00,266.74619752751806,268.79059716415196,265.49170921671026,266.7648010253906,1400000,0.0,0.0
2022-08-11 00:00:00-04:00,266.6067510587163,269.1436606958847,264.26500794985753,265.7704162597656,1844900,0.0,0.0
2022-08-12 00:00:00-04:00,265.90981486278076,270.77919448098567,265.90981486278076,270.3424377441406,4395400,0.0,0.0
2022-08-15 00:00:00-04:00,269.5247105664535,272.7399676620893,267.7033261390625,270.2959899902344,1057100,0.0,0.0
2022-08-16 00:00:00-04:00,270.45398885434975,272.4612098178116,268.7720171488591,270.05438232421875,1491700,0.0,0.0
2022-08-17 00:00:00-04:00,268.2144400674336,272.62845998486245,267.2015420578813,270.974365234375,1107700,0.0,0.0
2022-08-18 00:00:00-04:00,271.3460482733529,271.4947344426085,267.5918004868627,270.3145751953125,1845000,0.0,0.0
2022-08-19 00:00:00-04:00,270.76057893180206,273.1673775714371,270.1751360596506,272.2567138671875,1162600,0.0,0.0
2022-08-22 00:00:00-04:00,270.03580249653965,271.9500910160555,269.84996603734754,270.8814392089844,1348800,0.0,0.0
2022-08-23 00:00:00-04:00,270.4168090866565,270.7792369791909,265.593909088866,266.0771179199219,1255000,0.0,0.0
2022-08-24 00:00:00-04:00,266.41161517276277,269.1157861211015,265.61243063608265,268.335205078125,1808400,0.0,0.0
2022-08-25 00:00:00-04:00,268.3816845288134,271.29029569232483,266.52314994346295,271.2066650390625,1443300,0.0,0.0
2022-08-26 00:00:00-04:00,271.346047723421,271.50403564011833,264.51592749420183,264.7203674316406,1724100,0.0,0.0
2022-08-29 00:00:00-04:00,263.79107728992346,268.8277180255449,262.09980416846156,266.8762512207031,1158700,0.0,0.0
2022-08-30 00:00:00-04:00,267.3315625747379,268.10287017777216,263.54943852935713,264.90618896484375,1235700,0.0,0.0
2022-08-31 00:00:00-04:00,265.222204500398,266.4302407424737,263.12205116120003,263.4008483886719,2452000,0.0,0.0
2022-09-01 00:00:00-04:00,264.69253160806426,268.02859828183546,263.4566184029534,267.66619873046875,1267800,0.0,0.0
2022-09-02 00:00:00-04:00,269.36668318533174,272.0708541851714,266.0120421501156,267.3501892089844,2035300,0.0,0.0
2022-09-06 00:00:00-04:00,267.35011784138123,270.7458830406329,264.7380126648885,266.109375,1242600,1.12,0.0
2022-09-07 00:00:00-04:00,266.2121054751092,272.2573026181038,265.7736701764937,270.540771484375,2674900,0.0,0.0
2022-09-08 00:00:00-04:00,270.3261670343682,271.89345918886477,267.6487511222599,271.2030944824219,1985300,0.0,0.0
2022-09-09 00:00:00-04:00,271.706879304561,274.7667873987946,271.3617111718608,273.190185546875,1362900,0.0,0.0
2022-09-12 00:00:00-04:00,273.1155774038918,276.408710423031,272.37857906838457,274.41229248046875,3001400,0.0,0.0
2022-09-13 00:00:00-04:00,271.60422717236554,272.07998630051895,266.9397321956043,267.5740966796875,2276200,0.0,0.0
2022-09-14 00:00:00-04:00,269.3839024199891,269.8783377109448,262.7323285363181,265.0179138183594,2454300,0.0,0.0
2022-09-15 00:00:00-04:00,269.92493371873593,272.5463770530597,265.47501671918326,270.5033264160156,2369400,0.0,0.0
2022-09-16 00:00:00-04:00,270.5033128054526,271.56683104292244,268.0777703684218,270.8671569824219,4982700,0.0,0.0
2022-09-19 00:00:00-04:00,268.292476727471,270.027684038708,266.58528372318335,269.9064025878906,2042900,0.0,0.0
2022-09-20 00:00:00-04:00,270.1302123868066,270.90453444321844,266.51989807628024,268.74951171875,1768500,0.0,0.0
2022-09-21 00:00:00-04:00,271.5389273491146,274.53352526225797,265.7642800789285,265.82958984375,1802100,0.0,0.0
2022-09-22 00:00:00-04:00,265.652290436894,266.21200698115774,262.4897496127338,263.9170837402344,1176000,0.0,0.0
2022-09-23 00:00:00-04:00,261.8368083962298,262.0420473413122,255.2598525218757,259.1313781738281,1892200,0.0,0.0
2022-09-26 00:00:00-04:00,258.413001084212,259.90564505158574,254.81202491512042,258.2264099121094,1994100,0.0,0.0
2022-09-27 00:00:00-04:00,260.34410886712914,263.4040161909901,257.61072185977054,258.99139404296875,2295400,0.0,0.0
2022-09-28 00:00:00-04:00,260.7919096297039,265.18588451177965,258.4130285168446,263.5906066894531,1561800,0.0,0.0
2022-09-29 00:00:00-04:00,262.78834188354165,262.78834188354165,259.06608369640196,261.7341613769531,1472300,0.0,0.0
2022-09-30 00:00:00-04:00,261.0437583820334,264.93393057402665,258.739497124855,258.8514404296875,2327200,0.0,0.0
2022-10-03 00:00:00-04:00,261.911377817327,269.24394983175887,260.5866487937223,267.9472351074219,2315000,0.0,0.0
2022-10-04 00:00:00-04:00,269.74768783442977,273.4046637318244,269.1413092960096,273.3580017089844,1838300,0.0,0.0
2022-10-05 00:00:00-04:00,272.4438027503573,275.35444276343054,271.5109038502792,274.3002624511719,1220400,0.0,0.0
2022-10-06 00:00:00-04:00,272.77035785149656,274.9066761068982,272.1453029819992,273.4140319824219,1673100,0.0,0.0
2022-10-07 00:00:00-04:00,269.94361112596226,271.3709737691596,267.15425253473234,269.0293884277344,1956100,0.0,0.0
2022-10-10 00:00:00-04:00,268.67489077253697,270.2421541359543,264.74739426438964,266.5572204589844,2891200,0.0,0.0
2022-10-11 00:00:00-04:00,265.4097317453075,274.11366578162506,265.06456371437673,271.42694091796875,1815600,0.0,0.0
2022-10-12 00:00:00-04:00,272.3972010170995,275.121278935006,268.8615339014697,269.0107727050781,2332900,0.0,0.0
2022-10-13 00:00:00-04:00,266.43594884539016,279.0487325437606,265.7362746249295,277.6680603027344,2205200,0.0,0.0
2022-10-14 00:00:00-04:00,279.86968280526105,280.5693570122742,273.43268579470333,275.48504638671875,2500600,0.0,0.0
2022-10-17 00:00:00-04:00,275.205209440449,277.2109366288479,269.8690259355567,270.4660949707031,2596100,0.0,0.0
2022-10-18 00:00:00-04:00,275.20521653829627,276.3526926055401,270.9138752644132,274.0297546386719,2221800,0.0,0.0
2022-10-19 00:00:00-04:00,274.50553636145446,276.4086583319072,270.70863052108155,273.4140319824219,1548200,0.0,0.0
2022-10-20 00:00:00-04:00,273.1528367292853,277.05237648496194,272.3319094610684,274.5615234375,1509500,0.0,0.0
2022-10-21 00:00:00-04:00,273.544646162561,282.00604693285766,272.32255074905737,281.1197814941406,1881200,0.0,0.0
2022-10-24 00:00:00-04:00,283.1347897095864,287.5940448963683,283.0881561568673,286.3533020019531,1875200,0.0,0.0
2022-10-25 00:00:00-04:00,287.3328684176354,290.7006198657201,284.39424250278176,290.05694580078125,1650900,0.0,0.0
2022-10-26 00:00:00-04:00,292.0159814243507,296.40995541051484,291.8294187402979,293.8164978027344,1770300,0.0,0.0
2022-10-27 00:00:00-04:00,294.7121622579792,298.0612666578816,292.94896926857314,295.3371887207031,1422600,0.0,0.0
2022-10-28 00:00:00-04:00,296.9883762380172,303.3414155919853,296.9883762380172,302.96826171875,1420000,0.0,0.0
2022-10-31 00:00:00-04:00,300.7200044045285,302.39921125044316,299.740443352896,301.3823547363281,1835800,0.0,0.0
2022-11-01 00:00:00-04:00,301.51301826677457,304.42365907503734,299.10612250391074,303.3041687011719,1713600,0.0,0.0
2022-11-02 00:00:00-04:00,302.3805231419228,306.5505823379233,299.3112778083581,299.3299255371094,2190200,0.0,0.0
2022-11-03 00:00:00-04:00,299.6751477438917,306.46665113755813,296.08348099910853,302.483154296875,2902600,0.0,0.0
2022-11-04 00:00:00-04:00,305.05798425019015,305.05798425019015,296.73651233658376,300.5147705078125,2230400,0.0,0.0
2022-11-07 00:00:00-05:00,302.2593240577908,305.40318963247955,299.90842845314415,302.6044921875,1566600,0.0,0.0
2022-11-08 00:00:00-05:00,301.4103166168753,307.28759705018274,299.62847621617874,305.748291015625,1349300,0.0,0.0
2022-11-09 00:00:00-05:00,306.65324702653845,308.8362274460504,302.80970739202235,303.182861328125,1278000,0.0,0.0
2022-11-10 00:00:00-05:00,306.9704309819929,306.9704309819929,294.45094126758033,301.6435852050781,2063000,0.0,0.0
2022-11-11 00:00:00-05:00,302.62308674597847,302.7256919590975,270.17683578987936,283.433349609375,5494500,0.0,0.0
2022-11-14 00:00:00-05:00,285.8682406845388,291.5589304168001,284.3662869235504,286.26007080078125,1973300,0.0,0.0
2022-11-15 00:00:00-05:00,287.63140548219036,287.94858770262096,281.1757323474858,284.6927795410156,2121100,0.0,0.0
2022-11-16 00:00:00-05:00,285.60700540834927,288.6482650697065,284.6554587366131,286.11077880859375,1375000,0.0,0.0
2022-11-17 00:00:00-05:00,284.9539735199242,291.8854053469846,284.9539735199242,291.1577453613281,1616400,0.0,0.0
2022-11-18 00:00:00-05:00,293.9751565887546,300.6453793860924,293.9751565887546,297.79071044921875,1909700,0.0,0.0
2022-11-21 00:00:00-05:00,298.098548701127,300.52409174846383,293.39672985996214,294.13372802734375,1930700,0.0,0.0
2022-11-22 00:00:00-05:00,296.316707780497,299.79640275765547,296.15810242706596,297.9212951660156,1519300,0.0,0.0
2022-11-23 00:00:00-05:00,297.6881427009465,300.39354470776584,297.57619935125837,298.37847900390625,1542800,0.0,0.0
2022-11-25 00:00:00-05:00,300.4588227827381,302.3619164662842,298.4810812273933,302.166015625,921400,0.0,0.0
2022-11-28 00:00:00-05:00,301.3637814039233,305.1046880333714,297.57621273012427,298.0706481933594,1989800,0.0,0.0
2022-11-29 00:00:00-05:00,297.202955273858,301.2890575092554,297.202955273858,299.18072509765625,2131500,0.0,0.0
2022-11-30 00:00:00-05:00,299.1807218743045,306.84915282350573,297.71606360574015,306.8211669921875,4833900,0.0,0.0
2022-12-01 00:00:00-05:00,306.5506093372027,307.45552248309804,300.94387737873006,301.7461853027344,2181500,0.0,0.0
2022-12-02 00:00:00-05:00,300.9905205650768,306.0841406857415,300.9252108080619,305.2445373535156,1301200,0.0,0.0
2022-12-05 00:00:00-05:00,303.1289602652561,307.2946025733695,302.6983322030103,306.4708557128906,1476900,1.12,0.0
2022-12-06 00:00:00-05:00,306.8546929864695,310.7395450758106,305.16034806324967,308.5771484375,1300500,0.0,0.0
2022-12-07 00:00:00-05:00,308.4459915397068,311.6287365734855,307.640956533721,310.964111328125,1951700,0.0,0.0
2022-12-08 00:00:00-05:00,312.1061838242425,314.2030459344834,310.96413673185697,312.1904296875,1039500,0.0,0.0
2022-12-09 00:00:00-05:00,311.92833993965075,314.8208956823039,310.86116847487887,310.89862060546875,1323600,0.0,0.0
2022-12-12 00:00:00-05:00,311.05774784704437,317.8164142571456,311.05774784704437,317.61981201171875,1566500,0.0,0.0
2022-12-13 00:00:00-05:00,318.27514001584973,318.37809767222694,308.97964057690666,309.14813232421875,2003900,0.0,0.0
2022-12-14 00:00:00-05:00,311.24494512576746,314.53067651311767,309.54125900603276,313.2950134277344,1217900,0.0,0.0
2022-12-15 00:00:00-05:00,311.2449807321838,312.6585058734251,308.3056311908043,310.2714538574219,2013400,0.0,0.0
2022-12-16 00:00:00-05:00,306.99505933028524,308.5489655203248,301.0507982297069,306.3772277832031,3188400,0.0,0.0
2022-12-19 00:00:00-05:00,306.8546583999406,310.74885165868255,305.84367937904324,309.6442565917969,1041400,0.0,0.0
2022-12-20 00:00:00-05:00,309.49443836856506,312.1717084012838,308.3243093573914,308.48345947265625,983600,0.0,0.0
2022-12-21 00:00:00-05:00,310.9734803154801,312.4431405612219,306.4614562405855,311.87213134765625,1283200,0.0,0.0
2022-12-22 00:00:00-05:00,311.93776435979805,313.1733992080865,308.58649799555224,311.98455810546875,888500,0.0,0.0
2022-12-23 00:00:00-05:00,311.9845146701865,314.35285493712763,310.5616479020896,312.9486999511719,618900,0.0,0.0
2022-12-27 00:00:00-05:00,313.969059163414,314.399658707249,311.9096489255369,312.75213623046875,563600,0.0,0.0
2022-12-28 00:00:00-05:00,313.6039637672328,314.5306968574114,310.3088619930788,310.6458740234375,553500,0.0,0.0
2022-12-29 00:00:00-05:00,312.415033721115,312.7052233913835,309.27911124772305,309.5880126953125,583500,0.0,0.0
2022-12-30 00:00:00-05:00,309.56936578785326,310.6177968895013,306.4521258709697,310.16845703125,699700,0.0,0.0
2023-01-03 00:00:00-05:00,306.44273955624317,306.9576134731303,297.7182791669857,300.9384765625,1560400,0.0,0.0
2023-01-04 00:00:00-05:00,300.55472164520427,301.64060500341105,287.49606795539506,290.4728698730469,2482800,0.0,0.0
2023-01-05 00:00:00-05:00,289.19035489229543,289.36821678580975,283.920089302335,284.75323486328125,1949800,0.0,0.0
2023-01-06 00:00:00-05:00,285.8485022931457,285.8485022931457,280.37232060625416,283.3397521972656,3554000,0.0,0.0
2023-01-09 00:00:00-05:00,283.4052493626646,285.16512798402385,280.35354372913304,283.6767272949219,2531400,0.0,0.0
2023-01-10 00:00:00-05:00,284.0324305847086,287.3275033911793,282.94654750167143,284.3787841796875,1393300,0.0,0.0
2023-01-11 00:00:00-05:00,284.0606061077702,291.380913446982,283.88274416512184,289.4712829589844,1608300,0.0,0.0
2023-01-12 00:00:00-05:00,288.8627261876079,292.05484167470854,287.2152039057136,290.39794921875,1278600,0.0,0.0
2023-01-13 00:00:00-05:00,289.69587532065214,297.156619401923,289.69587532065214,294.13299560546875,1524900,0.0,0.0
2023-01-17 00:00:00-05:00,294.6666147117104,297.8681007747612,293.65563565199335,294.87255859375,1813000,0.0,0.0
2023-01-18 00:00:00-05:00,294.33892207431415,296.052006926743,288.2823332326609,288.6567687988281,1106000,0.0,0.0
2023-01-19 00:00:00-05:00,289.72396175056906,293.70240064375133,289.4805657589997,290.8098449707031,1207600,0.0,0.0
2023-01-20 00:00:00-05:00,290.83790525086664,292.382469816058,286.45694913474466,288.6567687988281,1118300,0.0,0.0
2023-01-23 00:00:00-05:00,288.6662074499408,292.4761552307852,287.95475970813146,288.47900390625,1482000,0.0,0.0
2023-01-24 00:00:00-05:00,288.82529169320424,289.32142525056486,284.4255951901176,289.24652099609375,1296700,0.0,0.0
2023-01-25 00:00:00-05:00,289.25593192183084,295.24698758144774,287.8236949550193,293.5526428222656,1193300,0.0,0.0
2023-01-26 00:00:00-05:00,294.0768726277487,295.27508381761425,291.6898204235004,293.1875915527344,1051100,0.0,0.0
2023-01-27 00:00:00-05:00,293.18751416649536,294.2359451099455,287.9359607086344,288.6005859375,1217000,0.0,0.0
2023-01-30 00:00:00-05:00,289.9954650182683,291.9238356353415,288.9189518784625,290.5290222167969,1551200,0.0,0.0
2023-01-31 00:00:00-05:00,293.23427555038757,296.75403210165786,291.3433577050761,296.4357604980469,1583500,0.0,0.0
2023-02-01 00:00:00-05:00,294.87255004817564,295.94906316816355,291.3808743299335,293.262451171875,1253700,0.0,0.0
2023-02-02 00:00:00-05:00,290.1920098456207,290.3417897949439,280.30676173112664,282.2632141113281,2146000,0.0,0.0
2023-02-03 00:00:00-05:00,284.9311364872978,289.9580068044218,272.7337112259291,273.89447021484375,2842000,0.0,0.0
2023-02-06 00:00:00-05:00,275.0458528937536,275.91642202559945,268.2965281594999,270.0096130371094,2245600,0.0,0.0
2023-02-07 00:00:00-05:00,268.64295598459154,271.18915829917086,266.1060952777591,270.53387451171875,2078500,0.0,0.0
2023-02-08 00:00:00-05:00,269.55093328500857,273.9038075389807,268.1935721906846,271.65716552734375,2000200,0.0,0.0
2023-02-09 00:00:00-05:00,271.6571604607715,274.43738811150513,269.2232864237234,272.8834533691406,1781200,0.0,0.0
2023-02-10 00:00:00-05:00,274.8492427500604,277.8167024196526,274.1097418017373,277.56396484375,1267600,0.0,0.0
2023-02-13 00:00:00-05:00,277.23632920816783,281.4113415123828,276.57170393013877,279.48297119140625,1232500,0.0,0.0
2023-02-14 00:00:00-05:00,279.52039259030823,282.78738328189803,279.30507859203516,280.2318115234375,1347500,0.0,0.0
2023-02-15 00:00:00-05:00,279.7451049824763,284.4630735836992,279.20217764164124,279.501708984375,1760200,0.0,0.0
2023-02-16 00:00:00-05:00,278.3034589729565,283.45202637019827,277.95710537341284,280.29736328125,1525500,0.0,0.0
2023-02-17 00:00:00-05:00,280.02600059109034,283.3585265977453,278.96819911857835,281.82330322265625,2116900,0.0,0.0
2023-02-21 00:00:00-05:00,281.13981871989796,282.06658017289084,274.8960273235469,275.1955871582031,1191900,0.0,0.0
2023-02-22 00:00:00-05:00,275.57942798234444,277.50779824150635,274.06291683885814,276.0755615234375,1865300,0.0,0.0
2023-02-23 00:00:00-05:00,276.5904876621997,280.68125517007087,274.858690565251,275.8228759765625,2163300,0.0,0.0
2023-02-24 00:00:00-05:00,274.5684329648711,277.41419475044495,273.52000193008155,274.96160888671875,1473800,0.0,0.0
2023-02-27 00:00:00-05:00,275.27046679520527,279.3986847667623,274.9334834020652,277.4234924316406,1275200,0.0,0.0
2023-02-28 00:00:00-05:00,276.8899837185969,277.55460901613145,271.82566179207885,273.4357604980469,1753500,0.0,0.0
2023-03-01 00:00:00-05:00,270.4589548045939,273.34214015151514,268.5492962374832,270.2998046875,1557000,0.0,0.0
2023-03-02 00:00:00-05:00,270.53383722338106,271.9005399592137,268.60546682823514,269.21392822265625,1498700,0.0,0.0
2023-03-03 00:00:00-05:00,270.63682172307534,270.72109616279823,266.5554248911009,268.6335754394531,2179000,0.0,0.0
2023-03-06 00:00:00-05:00,268.0344752460189,270.71174583809824,266.22780253152445,270.0377502441406,1316300,0.0,0.0
2023-03-07 00:00:00-05:00,271.15647050067497,271.4103190771727,262.93049131290053,264.84832763671875,1234600,1.23,0.0
2023-03-08 00:00:00-05:00,264.8106603690295,266.6438896849148,260.7117870724958,262.5920104980469,1317800,0.0,0.0
2023-03-09 00:00:00-05:00,264.3500524236823,264.5474678782734,254.68570378885207,255.6446075439453,1807200,0.0,0.0
2023-03-10 00:00:00-05:00,255.40023114354884,263.35357036504575,255.39082084308149,259.1324768066406,2599900,0.0,0.0
2023-03-13 00:00:00-04:00,256.62231344688047,260.61778850740706,256.3308810906015,256.697509765625,1404300,0.0,0.0
2023-03-14 00:00:00-04:00,257.5530336585858,258.31452195972,252.3824184983262,255.8326416015625,1731200,0.0,0.0
2023-03-15 00:00:00-04:00,252.82425664584002,254.47886257601613,251.1696794055989,254.16860961914062,1585000,0.0,0.0
2023-03-16 00:00:00-04:00,253.28490250207125,258.4648983712509,252.78664445719727,257.9948425292969,1473000,0.0,0.0
2023-03-17 00:00:00-04:00,258.38973894901613,258.38973894901613,251.16968707141828,253.31314086914062,3738100,0.0,0.0
2023-03-20 00:00:00-04:00,254.13104260121648,258.0607032551823,254.13104260121648,256.5565185546875,1626400,0.0,0.0
2023-03-21 00:00:00-04:00,258.2768843175396,260.95617957208543,257.71281158871335,260.0536804199219,1704900,0.0,0.0
2023-03-22 00:00:00-04:00,260.91863491370174,262.73304378757325,254.06521191345573,254.24383544921875,1183900,0.0,0.0
2023-03-23 00:00:00-04:00,251.88417346500898,252.89951037927736,239.97295746146958,241.21389770507812,3386100,0.0,0.0
2023-03-24 00:00:00-04:00,239.71910977095766,245.41617056095745,236.66374646270242,244.62648010253906,2216500,0.0,0.0
2023-03-27 00:00:00-04:00,247.80407817430117,249.8723357125605,244.28806904919705,246.10247802734375,1666800,0.0,0.0
2023-03-28 00:00:00-04:00,245.75462416343055,246.76055065488723,239.97292810213727,241.138671875,2127500,0.0,0.0
2023-03-29 00:00:00-04:00,241.40189669666245,241.9471488941432,236.90816362938497,238.81658935546875,3023100,0.0,0.0
2023-03-30 00:00:00-04:00,240.9882526245418,241.58052764218587,235.60141608848454,238.8730010986328,2834000,0.0,0.0
2023-03-31 00:00:00-04:00,240.42419064891348,240.66861454637393,238.2337284904352,240.2267608642578,1876900,0.0,0.0
2023-04-03 00:00:00-04:00,244.18463377054525,248.5185641586489,242.71806163360003,246.30929565429688,2168700,0.0,0.0
2023-04-04 00:00:00-04:00,245.38796721537844,246.14007385557105,240.7720149190891,241.17628479003906,1417400,0.0,0.0
2023-04-05 00:00:00-04:00,243.20692874955637,250.99105313356029,241.74973827786826,249.95692443847656,2695800,0.0,0.0
2023-04-06 00:00:00-04:00,251.6961579423892,253.13452793679835,248.70658043112127,249.40228271484375,1709000,0.0,0.0
2023-04-10 00:00:00-04:00,248.50914372952985,249.11082903807565,245.5759995752056,247.34341430664062,1199000,0.0,0.0
2023-04-11 00:00:00-04:00,249.30824387099565,251.79012403786683,247.88866591017413,250.52099609375,1496100,0.0,0.0
2023-04-12 00:00:00-04:00,248.6971631398874,248.81938225421965,243.0940766162121,245.15292358398438,2293400,0.0,0.0
2023-04-13 00:00:00-04:00,246.15884306886187,250.03209866648072,245.10592255959835,248.0108642578125,2994400,0.0,0.0
2023-04-14 00:00:00-04:00,248.33054604654873,249.0262483432155,243.21633515128605,243.58299255371094,2823900,0.0,0.0
2023-04-17 00:00:00-04:00,244.42906223723907,244.97431444481245,240.98824968756887,243.17872619628906,2468200,0.0,0.0
2023-04-18 00:00:00-04:00,244.42906663852565,244.69229679346205,241.65572536799908,244.13763427734375,1367500,0.0,0.0
2023-04-19 00:00:00-04:00,240.98825192534022,241.19507766598198,236.15607791619362,240.76263427734375,1960200,0.0,0.0
2023-04-20 00:00:00-04:00,241.10103052374748,242.21976570470486,240.17972510500374,240.46176147460938,1822500,0.0,0.0
2023-04-21 00:00:00-04:00,241.13869060559213,241.33610606179448,235.7988621592481,237.02099609375,1449500,0.0,0.0
2023-04-24 00:00:00-04:00,238.3277338479645,241.23269017062637,237.02097903843753,240.76263427734375,1208700,0.0,0.0
2023-04-25 00:00:00-04:00,240.77201048327487,243.1129082884497,237.4440354902648,238.51576232910156,1606800,0.0,0.0
2023-04-26 00:00:00-04:00,237.04918179620262,238.7695880910176,232.23581402817442,233.3075408935547,1339100,0.0,0.0
2023-04-27 00:00:00-04:00,234.50149684703374,236.06208592547412,232.95030372269184,235.33819580078125,1138700,0.0,0.0
2023-04-28 00:00:00-04:00,234.67071711017022,238.6191983848084,234.29467810542778,238.1209259033203,1111900,0.0,0.0
2023-05-01 00:00:00-04:00,238.12092556445353,241.39251080495626,236.90818758266175,239.63450622558594,1133500,0.0,0.0
2023-05-02 00:00:00-04:00,237.83888469061858,239.2114398579926,232.80928092319806,235.42279052734375,1370700,0.0,0.0
2023-05-03 00:00:00-04:00,235.30996989760345,235.9492389911623,230.4777961584694,231.26748657226562,1540200,0.0,0.0
2023-05-04 00:00:00-04:00,229.00185404378826,229.86675526950657,226.62337208682052,229.0958709716797,1564000,0.0,0.0
2023-05-05 00:00:00-04:00,237.07735640329244,248.37751715017777,236.9081431865999,245.1247100830078,3767900,0.0,0.0
2023-05-08 00:00:00-04:00,243.54537668587372,250.24837885263602,242.0882147756807,248.8382110595703,2357900,0.0,0.0
2023-05-09 00:00:00-04:00,249.2048220485954,253.22849938446288,246.9015653643114,247.05198669433594,2177700,0.0,0.0
2023-05-10 00:00:00-04:00,249.51501973485665,252.55159048907544,246.78870187069106,247.6724090576172,2772500,0.0,0.0
2023-05-11 00:00:00-04:00,246.9109245095975,247.23055901095412,243.20688250868653,244.42901611328125,1964300,0.0,0.0
2023-05-12 00:00:00-04:00,245.44436759377848,245.44436759377848,239.98233486569004,241.20448303222656,1161300,0.0,0.0
2023-05-15 00:00:00-04:00,241.07286097838852,243.37614635471255,238.3747447140825,242.54884338378906,1979500,0.0,0.0
2023-05-16 00:00:00-04:00,243.36672682917666,244.48546211926953,239.99172905206595,240.17974853515625,1601300,0.0,0.0
2023-05-17 00:00:00-04:00,240.39600309237977,247.71946795857207,239.13624233417175,247.45623779296875,1639100,0.0,0.0
2023-05-18 00:00:00-04:00,245.29398964395008,245.29398964395008,238.4123642094264,241.1292724609375,1718800,0.0,0.0
2023-05-19 00:00:00-04:00,241.85318133661514,243.41377043508152,239.1738568524406,239.85073852539062,1079500,0.0,0.0
2023-05-22 00:00:00-04:00,241.19507137091978,242.2009978418748,236.74834675311422,240.2173614501953,1025500,0.0,0.0
2023-05-23 00:00:00-04:00,239.2208694448931,239.65331286593235,236.6825559550089,236.83297729492188,963900,0.0,0.0
2023-05-24 00:00:00-04:00,237.26545594197168,237.89532922020112,234.7083503182813,234.80235290527344,1013300,0.0,0.0
2023-05-25 00:00:00-04:00,233.0160889212398,233.9373943800809,228.860796886097,232.27340698242188,1323200,0.0,0.0
2023-05-26 00:00:00-04:00,232.0008008520852,233.74001350999887,228.35316228909315,229.48130798339844,1683200,0.0,0.0
2023-05-30 00:00:00-04:00,227.08400048748032,230.86325381239783,226.09688026183437,228.1087188720703,1475400,0.0,0.0
2023-05-31 00:00:00-04:00,227.35661883949257,233.17591278175695,227.35661883949257,232.59304809570312,4134900,0.0,0.0
2023-06-01 00:00:00-04:00,233.9562448594307,240.659247206618,233.9562448594307,238.21495056152344,1966500,0.0,0.0
2023-06-02 00:00:00-04:00,240.0857384958189,243.00009060042325,238.32771980395933,241.6369171142578,1282800,0.0,0.0
2023-06-05 00:00:00-04:00,242.13518698720424,247.5314194063668,242.13518698720424,247.0049591064453,1882100,0.0,0.0
2023-06-06 00:00:00-04:00,252.19051994437268,254.91078185013603,244.85150283081472,248.60130310058594,1606600,1.23,0.0
2023-06-07 00:00:00-04:00,247.45832910742928,247.98726557568853,241.08274222311195,247.26943969726562,1440100,0.0,0.0
2023-06-08 00:00:00-04:00,247.685026813135,251.51983046653524,246.57045539093966,249.83856201171875,1285600,0.0,0.0
2023-06-09 00:00:00-04:00,249.3568407902524,252.9649656317782,248.06283452388894,251.132568359375,1275400,0.0,0.0
2023-06-12 00:00:00-04:00,250.6225403496689,253.4466865715054,250.6225403496689,252.18101501464844,1167800,0.0,0.0
2023-06-13 00:00:00-04:00,252.5210527998213,257.68765252128696,251.567064681134,257.1492614746094,1837900,0.0,0.0
2023-06-14 00:00:00-04:00,245.65427157586325,251.25537740177387,241.32832062490635,249.1396026611328,3507500,0.0,0.0
2023-06-15 00:00:00-04:00,251.5198680812394,258.8494294397259,251.00981185072715,254.5423583984375,2514100,0.0,0.0
2023-06-16 00:00:00-04:00,256.7336811379474,257.67821475865287,252.04880245021462,253.91896057128906,2896200,0.0,0.0
2023-06-20 00:00:00-04:00,253.93783564695704,256.92256494721806,252.43603085036324,255.07125854492188,1347100,0.0,0.0
2023-06-21 00:00:00-04:00,254.93904629939016,260.9273853679445,254.61790836099928,258.6416015625,1825200,0.0,0.0
2023-06-22 00:00:00-04:00,259.1327558009145,260.8706938767069,256.9508858540047,260.0583801269531,1300200,0.0,0.0
2023-06-23 00:00:00-04:00,260.1339168050531,261.2767940147578,258.4337395884773,259.60498046875,2060300,0.0,0.0
2023-06-26 00:00:00-04:00,260.1339881795502,263.2037222136878,258.81164697597393,261.0785217285156,1396100,0.0,0.0
2023-06-27 00:00:00-04:00,258.0654356677798,261.10683459230546,257.98043111451693,260.5023193359375,1168900,0.0,0.0
2023-06-28 00:00:00-04:00,260.38899296206563,260.74792031038646,257.94265461283356,259.5011291503906,803800,0.0,0.0
2023-06-29 00:00:00-04:00,259.8695415637319,263.0809501324746,258.2354880110894,261.8719482421875,1164500,0.0,0.0
2023-06-30 00:00:00-04:00,262.2403214392011,266.45293320655304,261.1257498889722,265.0361328125,1525000,0.0,0.0
2023-07-03 00:00:00-04:00,263.47763486008614,265.3477927670456,262.26863311699736,264.78106689453125,627700,0.0,0.0
2023-07-05 00:00:00-04:00,264.38442110967884,266.70796585004723,263.1470843169503,265.1778259277344,1279500,0.0,0.0
2023-07-06 00:00:00-04:00,264.26163747687707,265.7351077431312,262.3347806575905,263.52490234375,1794900,0.0,0.0
2023-07-07 00:00:00-04:00,262.25917114356497,264.8377579369244,261.3713073608643,261.7491149902344,999700,0.0,0.0
2023-07-10 00:00:00-04:00,262.21193888779794,265.20612285468206,260.3417809501667,262.9014587402344,994700,0.0,0.0
2023-07-11 00:00:00-04:00,263.8554642294822,266.68906500053475,262.96760034856226,266.1128845214844,934300,0.0,0.0
2023-07-12 00:00:00-04:00,262.1080663731479,262.5803331594058,253.6167187801911,253.78672790527344,2350800,0.0,0.0
2023-07-13 00:00:00-04:00,254.20229453609377,256.8942206603139,252.67215494387088,255.08070373535156,1940900,0.0,0.0
2023-07-14 00:00:00-04:00,262.52363568925773,269.09758058780994,262.52363568925773,267.0762939453125,2063800,0.0,0.0
2023-07-17 00:00:00-04:00,265.54621369742176,268.07755705201487,264.19550862268903,265.5650939941406,1154800,0.0,0.0
2023-07-18 00:00:00-04:00,268.01140634901043,272.02567410930396,265.42339353457027,269.0220642089844,1301900,0.0,0.0
2023-07-19 00:00:00-04:00,278.835795585866,280.9232358922406,274.93486665186754,276.42724609375,2197400,0.0,0.0
2023-07-20 00:00:00-04:00,276.918372719164,278.7318900371589,272.9796834818524,277.90069580078125,1516800,0.0,0.0
2023-07-21 00:00:00-04:00,278.2879303141355,280.3658868730081,276.7672162776467,277.4756164550781,1497100,0.0,0.0
2023-07-24 00:00:00-04:00,276.8144617676072,278.23126213023204,274.3019989989006,275.8604736328125,1638200,0.0,0.0
2023-07-25 00:00:00-04:00,275.567703659189,278.9585761424021,273.943104561742,278.3446350097656,1291500,0.0,0.0
2023-07-26 00:00:00-04:00,278.12734848675996,279.1568866247587,273.6691488587514,274.56646728515625,1416100,0.0,0.0
2023-07-27 00:00:00-04:00,275.2842945185395,277.20169633163425,274.33976103770715,276.5121765136719,1283400,0.0,0.0
2023-07-28 00:00:00-04:00,276.98449284456314,276.98449284456314,269.125965959101,275.8982849121094,1397400,0.0,0.0
2023-07-31 00:00:00-04:00,276.59718710379286,279.0907693835442,273.97138512277434,278.7318420410156,1245100,0.0,0.0
2023-08-01 00:00:00-04:00,279.3835871094656,281.4615436266521,277.9667867830254,279.2419128417969,1498100,0.0,0.0
2023-08-02 00:00:00-04:00,282.63274990146914,286.5053139219121,281.2914997419191,282.7933044433594,2039700,0.0,0.0
2023-08-03 00:00:00-04:00,276.38942800554133,277.03170396016935,266.2546005373064,271.6856689453125,2410900,0.0,0.0
2023-08-04 00:00:00-04:00,271.78950404194467,274.33030136400004,269.8437674136986,270.68438720703125,1213200,0.0,0.0
2023-08-07 00:00:00-04:00,271.18495521249156,275.6998522795517,271.18495521249156,275.63372802734375,1142100,0.0,0.0
2023-08-08 00:00:00-04:00,274.33029048323016,277.6928271729399,272.28064026639066,275.9454345703125,1152900,0.0,0.0
2023-08-09 00:00:00-04:00,274.575940766593,275.2560061406078,272.0068081119685,272.3373718261719,899800,0.0,0.0
2023-08-10 00:00:00-04:00,273.91466972176937,276.68214550133433,272.0350575914302,272.8851318359375,1074700,0.0,0.0
2023-08-11 00:00:00-04:00,272.469581380565,274.65145147144705,271.69505698838066,273.451904296875,947900,0.0,0.0
2023-08-14 00:00:00-04:00,273.1024241813398,275.83211094898746,273.0173908022697,273.7635803222656,825100,0.0,0.0
2023-08-15 00:00:00-04:00,272.3278810246558,274.33974180980147,271.73282036145815,273.24407958984375,869700,0.0,0.0
2023-08-16 00:00:00-04:00,272.8851884174179,276.29494065984073,272.77184900463254,272.9324035644531,993400,0.0,0.0
2023-08-17 00:00:00-04:00,254.99575217950732,262.43868199832184,250.83035529893078,255.52468872070312,4554900,0.0,0.0
2023-08-18 00:00:00-04:00,255.64742393261807,260.97457753701633,255.49629512346786,260.70068359375,2103700,0.0,0.0
2023-08-21 00:00:00-04:00,261.50360478309835,265.9712598760429,260.70077414140036,265.6595764160156,1345200,0.0,0.0
2023-08-22 00:00:00-04:00,265.2250135154491,266.89685637337874,264.03492082449503,264.5355224609375,1044200,0.0,0.0
2023-08-23 00:00:00-04:00,265.31946669876464,267.1707443737193,264.8849893395651,266.1978759765625,1203300,0.0,0.0
2023-08-24 00:00:00-04:00,265.7634190499818,268.8520624237121,264.8283399936524,266.7174072265625,1340800,0.0,0.0
2023-08-25 00:00:00-04:00,267.6336002695166,268.8331475598299,263.54375365571394,263.74212646484375,1209400,0.0,0.0
2023-08-28 00:00:00-04:00,265.0266360899772,266.94403783189796,264.70549817739976,265.9333801269531,531900,0.0,0.0
2023-08-29 00:00:00-04:00,266.5662493721529,268.19084816860675,263.52485030524076,266.0184326171875,1117400,0.0,0.0
2023-08-30 00:00:00-04:00,267.24637725685443,268.76706273409013,266.36796780137485,266.9913635253906,744800,0.0,0.0
2023-08-31 00:00:00-04:00,266.9724450131966,267.29358301278006,260.81409565523893,260.9368896484375,1747500,0.0,0.0
2023-09-01 00:00:00-04:00,262.40084988302596,264.5827199666426,260.8518299286904,261.3240966796875,1118600,0.0,0.0
2023-09-05 00:00:00-04:00,262.2823304301888,266.58964084630054,261.9976876441974,264.4644470214844,1236300,1.23,0.0
2023-09-06 00:00:00-04:00,263.0887320018223,263.89517642234887,260.8117346024946,261.50433349609375,1004100,0.0,0.0
2023-09-07 00:00:00-04:00,262.54796386437823,268.3258559432164,261.788945434322,266.874267578125,1029500,0.0,0.0
2023-09-08 00:00:00-04:00,266.0963172113022,269.62567372195343,265.0621816173915,267.0545654296875,1065200,0.0,0.0
2023-09-11 00:00:00-04:00,267.5574599084734,272.54787385849005,266.5138273112296,270.22344970703125,1191800,0.0,0.0
2023-09-12 00:00:00-04:00,268.8192445808755,273.61045699319544,266.59916956145025,271.84576416015625,970900,0.0,0.0
2023-09-13 00:00:00-04:00,272.6806484898561,273.06964004562195,268.02227555359053,270.5933837890625,1177900,0.0,0.0
2023-09-14 00:00:00-04:00,272.841898782601,274.0278379626647,267.3676139507204,268.7907409667969,892700,0.0,0.0
2023-09-15 00:00:00-04:00,268.5725442017983,272.5952699854515,267.65225414923185,268.70538330078125,1595000,0.0,0.0
2023-09-18 00:00:00-04:00,270.39416382059466,271.53267714443575,268.32589260409327,270.71673583984375,626300,0.0,0.0
2023-09-19 00:00:00-04:00,270.0715769093871,271.9406183249146,269.02794457901217,270.0526123046875,735700,0.0,0.0
2023-09-20 00:00:00-04:00,271.1626445741916,274.09428302583535,269.72055282025815,272.604736328125,768000,0.0,0.0
2023-09-21 00:00:00-04:00,272.576287160094,277.4908418048597,271.4283059824606,275.93487548828125,1696000,0.0,0.0
2023-09-22 00:00:00-04:00,274.5402088660543,277.2156949664058,273.9994135780604,274.60662841796875,1170900,0.0,0.0
2023-09-25 00:00:00-04:00,274.6066469451309,279.2744882890683,274.36945906108855,279.2555236816406,806600,0.0,0.0
2023-09-26 00:00:00-04:00,278.64828992011434,278.75263867345234,273.21193412780235,273.6863098144531,1051400,0.0,0.0
2023-09-27 00:00:00-04:00,274.3314561674648,276.33333663828034,271.5326569642224,273.8191223144531,1217600,0.0,0.0
2023-09-28 00:00:00-04:00,274.578191447025,278.5155046158651,274.578191447025,275.4415588378906,1016900,0.0,0.0
2023-09-29 00:00:00-04:00,273.5534600896728,274.06579391834424,270.6502833165227,271.4093017578125,1358500,0.0,0.0
2023-10-02 00:00:00-04:00,271.0677543201183,273.41117143568397,269.0374413804886,272.8039855957031,978600,0.0,0.0
2023-10-03 00:00:00-04:00,271.44727176326086,272.1873257123461,269.20823217051213,269.83441162109375,989100,0.0,0.0
2023-10-04 00:00:00-04:00,269.77749219788257,270.9254733947355,267.2633065379991,270.4700622558594,992900,0.0,0.0
2023-10-05 00:00:00-04:00,270.678710838444,273.297273464542,268.54402059853953,270.7261657714844,1095400,0.0,0.0
2023-10-06 00:00:00-04:00,271.2670048127194,274.4832569054513,270.507986343548,273.4586181640625,1051200,0.0,0.0
2023-10-09 00:00:00-04:00,272.46244869677224,275.4700036899826,272.2821835955667,274.8248596191406,762100,0.0,0.0
2023-10-10 00:00:00-04:00,274.3978721554836,277.43388811833154,273.54400171393075,276.8077087402344,1070800,0.0,0.0
2023-10-11 00:00:00-04:00,276.25742765107344,279.6634417266584,274.96713963570096,279.35986328125,1220600,0.0,0.0
2023-10-12 00:00:00-04:00,279.88163553591573,283.022000045472,277.37691818797174,280.640625,1527600,0.0,0.0
2023-10-13 00:00:00-04:00,284.53050727650486,291.5607578393924,284.53050727650486,289.45452880859375,2387900,0.0,0.0
2023-10-16 00:00:00-04:00,291.2571928049565,296.684052153403,290.28947676774254,296.1337890625,2283000,0.0,0.0
2023-10-17 00:00:00-04:00,297.90793890314166,299.93828079211795,293.9326682301529,294.68218994140625,1183400,0.0,0.0
2023-10-18 00:00:00-04:00,297.4999605062625,298.85666795478227,294.01803039717674,295.9534912109375,1049400,0.0,0.0
2023-10-19 00:00:00-04:00,295.3368278797437,297.4715185042053,291.1053758397783,294.27423095703125,1190400,0.0,0.0
2023-10-20 00:00:00-04:00,294.5304173555509,296.02943198280855,290.3559165550685,291.0579833984375,1263100,0.0,0.0
2023-10-23 00:00:00-04:00,290.70690431769157,290.9820503159041,284.7961729902058,285.62158203125,1595100,0.0,0.0
2023-10-24 00:00:00-04:00,287.56659398295005,292.02570879325026,287.00683405575404,289.0276794433594,864400,0.0,0.0
2023-10-25 00:00:00-04:00,289.50194849456574,289.99528868407583,285.014344997134,288.3160095214844,1144600,0.0,0.0
2023-10-26 00:00:00-04:00,286.5987782057814,290.0617435924054,286.1433961148746,288.6291198730469,968900,0.0,0.0
2023-10-27 00:00:00-04:00,287.69940185546875,288.6196919886391,285.944234705153,287.69940185546875,1269800,0.0,0.0
2023-10-30 00:00:00-04:00,288.3919417019589,290.7543232383821,286.3141739818785,289.577880859375,1725200,0.0,0.0
2023-10-31 00:00:00-04:00,291.4565007217428,294.1983777674833,290.46029417771604,293.35400390625,1592500,0.0,0.0
2023-11-01 00:00:00-04:00,291.9782308898723,295.85862047584584,289.985847244178,293.55316162109375,1755300,0.0,0.0
2023-11-02 00:00:00-04:00,290.61202453255765,303.52454549882026,290.61202453255765,302.5473327636719,2231400,0.0,0.0
2023-11-03 00:00:00-04:00,301.4277967718569,302.8888820231568,294.5683427351178,294.7296142578125,1580400,0.0,0.0
2023-11-06 00:00:00-05:00,295.24191148203374,299.17922348121186,286.7411081679618,291.1148376464844,2272600,0.0,0.0
2023-11-07 00:00:00-05:00,291.94028659351864,292.0256707454986,278.2687753792199,279.9101257324219,3558000,0.0,0.0
2023-11-08 00:00:00-05:00,281.2858695171258,283.3731055516256,278.84757108866415,280.2137756347656,1565700,0.0,0.0
2023-11-09 00:00:00-05:00,280.40345376023396,281.6273511255409,273.72426501113426,274.103759765625,1389700,0.0,0.0
2023-11-10 00:00:00-05:00,274.41686614733476,278.9329324134658,271.7793382166711,278.18341064453125,1224600,0.0,0.0
2023-11-13 00:00:00-05:00,278.6767854222472,280.82094409997933,276.7697856632823,279.0467834472656,1002800,0.0,0.0
2023-11-14 00:00:00-05:00,278.1644073544654,279.51161804162393,270.66927756824896,275.2137756347656,2766800,0.0,0.0
2023-11-15 00:00:00-05:00,275.0999581401087,275.8874380456148,266.63711154916916,268.4776916503906,2401900,0.0,0.0
2023-11-16 00:00:00-05:00,268.11716983135756,269.9197918243509,265.7452911685777,267.7756042480469,1774300,0.0,0.0
2023-11-17 00:00:00-05:00,268.4682152253046,268.4682152253046,262.8610903417591,268.0792236328125,1517200,0.0,0.0
2023-11-20 00:00:00-05:00,266.9596731169861,271.1815994677506,266.9596731169861,269.7300109863281,1394900,0.0,0.0
2023-11-21 00:00:00-05:00,270.5933995654119,272.187324045128,266.33351471587855,271.80780029296875,1274500,0.0,0.0
2023-11-22 00:00:00-05:00,271.90266180539015,274.3409598661869,271.2954759617897,273.5345153808594,905900,0.0,0.0
2023-11-24 00:00:00-05:00,273.71479667299565,275.8779488473108,272.6047447233354,273.0981140136719,416200,0.0,0.0
2023-11-27 00:00:00-05:00,273.21198718334097,274.8153796318739,270.4036906800264,271.5896301269531,1220100,0.0,0.0
2023-11-28 00:00:00-05:00,272.3200875335719,274.22708693309886,270.72619228056635,271.41876220703125,1437000,0.0,0.0
2023-11-29 00:00:00-05:00,268.6389464063796,272.86090161231704,249.0567330555804,249.3982696533203,7568700,0.0,0.0
2023-11-30 00:00:00-05:00,250.36603938782116,253.23125840474782,246.12511915756116,249.4077911376953,7046800,0.0,0.0
2023-12-01 00:00:00-05:00,250.43241345531598,259.13247660301465,250.27114193002942,255.23309326171875,3401900,0.0,0.0
2023-12-04 00:00:00-05:00,254.50253137392943,256.0490005960269,247.7189654989493,249.4362030029297,3027800,0.0,0.0
2023-12-05 00:00:00-05:00,250.0177102098266,250.41804252178554,245.09913817793023,245.71871948242188,3121000,1.23,0.0
2023-12-06 00:00:00-05:00,246.5956821846873,247.82530335456,243.8027665629683,245.44227600097656,2035000,0.0,0.0
2023-12-07 00:00:00-05:00,245.4994800868488,246.4050421678294,243.8599705569706,245.87124633789062,2919500,0.0,0.0
2023-12-08 00:00:00-05:00,247.3296278332399,247.54887680760476,242.0678997108263,246.6909637451172,2781400,0.0,0.0
2023-12-11 00:00:00-05:00,284.838516670253,289.48064956420615,277.79427345012454,287.84112548828125,9029500,0.0,0.0
2023-12-12 00:00:00-05:00,287.84110831884954,287.84110831884954,282.4554723332068,282.82720947265625,2933200,0.0,0.0
2023-12-13 00:00:00-05:00,283.0750718721956,284.3428297029044,279.6530478724918,283.2752380371094,2443600,0.0,0.0
2023-12-14 00:00:00-05:00,279.7578415126303,285.963253420556,276.8029111657003,284.6669006347656,2817400,0.0,0.0
2023-12-15 00:00:00-05:00,283.12263828121036,283.6469216323145,275.4111670281308,276.90771484375,4357000,0.0,0.0
2023-12-18 00:00:00-05:00,277.8514792118118,280.0152869092575,275.36361233833975,278.40435791015625,1364700,0.0,0.0
2023-12-19 00:00:00-05:00,278.0039558212851,280.62528582131205,276.5169491302631,280.5490417480469,1182000,0.0,0.0
2023-12-20 00:00:00-05:00,283.10363298943423,285.3818209687966,280.7777961016726,282.0074462890625,2105500,0.0,0.0
2023-12-21 00:00:00-05:00,283.1036666475016,285.27698656120793,282.0742115682475,283.3324279785156,1089700,0.0,0.0
2023-12-22 00:00:00-05:00,283.4944931651661,285.7250034629041,283.26573182889297,284.1426696777344,1167500,0.0,0.0
2023-12-26 00:00:00-05:00,283.3324754802997,286.77358288956947,282.2267470455339,286.0777282714844,752500,0.0,0.0
2023-12-27 00:00:00-05:00,285.74405318675974,286.89745945017347,284.0092312616348,285.1435546875,992200,0.0,0.0
2023-12-28 00:00:00-05:00,285.62966016339124,287.51702834848805,285.28651817865915,285.391357421875,825800,0.0,0.0
2023-12-29 00:00:00-05:00,285.9728522495259,286.668677688477,284.05688875826024,285.4390563964844,1187000,0.0,0.0
2024-01-02 00:00:00-05:00,287.1929424087161,296.45815423658803,286.2683266006474,295.5907287597656,2881800,0.0,0.0
2024-01-03 00:00:00-05:00,298.6124006676019,299.19387450651936,288.8801244645867,289.4520568847656,3004600,0.0,0.0
2024-01-04 00:00:00-05:00,290.81510946224614,294.4563820751603,290.0716061251835,291.8922424316406,1769800,0.0,0.0
2024-01-05 00:00:00-05:00,293.07426155499553,299.089020958802,292.4928167770181,298.9174499511719,2341100,0.0,0.0
2024-01-08 00:00:00-05:00,299.3082192633902,300.1661032458891,294.3038620941774,298.9555358886719,1597700,0.0,0.0
2024-01-09 00:00:00-05:00,299.022291009399,299.0985350870469,293.7319527059737,298.2311096191406,1215500,0.0,0.0
2024-01-10 00:00:00-05:00,297.7735595934836,297.7735595934836,291.58720122566075,293.3220520019531,1151700,0.0,0.0
2024-01-11 00:00:00-05:00,293.1504831387487,293.3887858595278,290.567260700928,293.00750732421875,1226800,0.0,0.0
2024-01-12 00:00:00-05:00,288.8229282146062,292.34982049204694,287.4217069042348,290.7388916015625,1344400,0.0,0.0
2024-01-16 00:00:00-05:00,291.28213992961196,293.93206475786576,288.8228688949185,292.5785217285156,1144000,0.0,0.0
2024-01-17 00:00:00-05:00,293.8082060641559,298.0785722770821,293.3316006143427,294.0465087890625,1356500,0.0,0.0
2024-01-18 00:00:00-05:00,287.5074929110461,294.9806635496934,285.26744127625665,294.6184387207031,2249300,0.0,0.0
2024-01-19 00:00:00-05:00,295.3428907670303,296.4962679241758,286.9165090743473,287.9269104003906,1760600,0.0,0.0
2024-01-22 00:00:00-05:00,288.0222238014052,292.5309220618498,286.96414452152055,290.7579345703125,1234300,0.0,0.0
2024-01-23 00:00:00-05:00,290.6816625757289,293.4268854094747,289.0611924824095,290.1573791503906,1032500,0.0,0.0
2024-01-24 00:00:00-05:00,293.05518922103306,295.1045870324918,289.394862508594,290.25274658203125,1697300,0.0,0.0
2024-01-25 00:00:00-05:00,283.1037018086088,287.14530763683746,277.80385032414847,284.6002502441406,2464100,0.0,0.0
2024-01-26 00:00:00-05:00,285.572426588408,287.57417513195765,283.6183560397558,283.88525390625,1157600,0.0,0.0
2024-01-29 00:00:00-05:00,283.1036193675526,284.99098730229,281.7691300100199,284.8956604003906,1219100,0.0,0.0
2024-01-30 00:00:00-05:00,285.7440743546304,286.8879392840072,283.0655535528615,284.96246337890625,1079800,0.0,0.0
2024-01-31 00:00:00-05:00,286.09673693808577,288.8800965094152,281.7119609272875,286.86883544921875,2463500,0.0,0.0
2024-02-01 00:00:00-05:00,289.4234753197615,294.60894575094454,287.6123801454915,292.9408264160156,2981900,0.0,0.0
2024-02-02 00:00:00-05:00,301.0621182027935,313.00584926064806,300.30907346909856,308.68780517578125,3376600,0.0,0.0
2024-02-05 00:00:00-05:00,312.0431809416591,315.3317709695864,305.98077212980445,306.2381286621094,2305400,0.0,0.0
2024-02-06 00:00:00-05:00,306.933903700352,313.86373633334887,306.47635200515714,312.2528076171875,1857900,0.0,0.0
2024-02-07 00:00:00-05:00,314.0639487144201,318.238988166117,313.37763567899106,315.0838623046875,1809800,0.0,0.0
2024-02-08 00:00:00-05:00,315.04577825218723,317.8958698455496,314.4738458318282,316.74249267578125,1417000,0.0,0.0
2024-02-09 00:00:00-05:00,316.0942742638312,320.11682570128704,315.1982827188968,319.2589416503906,1508300,0.0,0.0
2024-02-12 00:00:00-05:00,318.87763268936055,322.07089493693775,317.5717384456191,321.4703674316406,1021100,0.0,0.0
2024-02-13 00:00:00-05:00,321.23208489714585,325.96000298672084,320.35511803802274,321.6324462890625,1140800,0.0,0.0
2024-02-14 00:00:00-05:00,323.04319347814146,324.1489216994545,319.9262040634481,322.7667541503906,1198400,0.0,0.0
2024-02-15 00:00:00-05:00,325.99814159471975,326.0457905058608,321.61336545123885,323.32916259765625,1572300,0.0,0.0
2024-02-16 00:00:00-05:00,324.26331180177567,326.70352964064557,322.70006088454244,325.1307373046875,1282600,0.0,0.0
2024-02-20 00:00:00-05:00,324.51114508283337,328.30493521722826,324.12986651262,325.3785705566406,1624900,0.0,0.0
2024-02-21 00:00:00-05:00,326.0267579617351,328.2668096351378,323.8153014548145,327.3135986328125,1396200,0.0,0.0
2024-02-22 00:00:00-05:00,327.9617602877039,328.08568236674745,325.2451032361078,326.1506652832031,1373900,0.0,0.0
2024-02-23 00:00:00-05:00,327.1038458404813,329.4868730169421,325.40713165442867,328.13330078125,998800,0.0,0.0
2024-02-26 00:00:00-05:00,328.60993577909335,330.89766534605525,326.1316105643677,326.29364013671875,2311200,0.0,0.0
2024-02-27 00:00:00-05:00,325.9981437244164,329.0865378825787,324.6159762160248,324.7970886230469,1697100,0.0,0.0
2024-02-28 00:00:00-05:00,324.5111326932258,324.5111326932258,316.95217696824557,319.4495849609375,1981200,0.0,0.0
2024-02-29 00:00:00-05:00,319.3828389451103,320.96517251559584,315.5318587987441,320.4123229980469,2185000,0.0,0.0
2024-03-01 00:00:00-05:00,320.2788728916625,320.2788728916625,315.23637892036834,317.381103515625,1473100,0.0,0.0
2024-03-04 00:00:00-05:00,317.0570581391928,322.8907051723427,316.25636433951473,321.0414733886719,1294100,0.0,0.0
2024-03-05 00:00:00-05:00,321.81674984492565,322.5442233847967,317.7965705193252,318.4857482910156,1468200,1.4,0.0
2024-03-06 00:00:00-05:00,319.1558203684357,326.24860101103747,319.1558203684357,325.27227783203125,2449800,0.0,0.0
2024-03-07 00:00:00-05:00,329.04358253810324,333.09247678980125,324.228918902183,328.0672302246094,2072700,0.0,0.0
2024-03-08 00:00:00-05:00,327.3876446842622,331.0441169382051,326.2677197018864,327.1579284667969,1485400,0.0,0.0
2024-03-11 00:00:00-04:00,326.2772802192845,329.6848735470748,325.0807929774728,327.6173400878906,1326500,0.0,0.0
2024-03-12 00:00:00-04:00,327.4354626735103,330.2783174502144,326.40171057794225,329.2158508300781,1313500,0.0,0.0
2024-03-13 00:00:00-04:00,330.996252432624,334.18371112604297,329.69448820295037,333.791259765625,1584200,0.0,0.0
2024-03-14 00:00:00-04:00,333.59023449360046,335.2270209114861,332.5181865658364,334.54742431640625,1527700,0.0,0.0
2024-03-15 00:00:00-04:00,331.21633595662195,337.9836738445944,331.04404882896944,336.9786071777344,3818800,0.0,0.0
2024-03-18 00:00:00-04:00,335.5046366251469,338.99837387031954,334.9494501324857,337.53387451171875,1499100,0.0,0.0
2024-03-19 00:00:00-04:00,338.8260639488285,339.2567818423661,336.270354269378,337.28497314453125,1134600,0.0,0.0
2024-03-20 00:00:00-04:00,336.50004263534527,339.5917760227807,336.050162287466,338.68243408203125,1049400,0.0,0.0
2024-03-21 00:00:00-04:00,338.9504372379822,340.13737235262295,337.61037747414144,338.5771484375,1290800,0.0,0.0
2024-03-22 00:00:00-04:00,338.52934820505646,340.53942352771094,336.2894982429787,336.7202453613281,1102300,0.0,0.0
2024-03-25 00:00:00-04:00,337.9645365881638,340.57767506376,337.2179297681524,340.32879638671875,1034000,0.0,0.0
2024-03-26 00:00:00-04:00,339.8406237959241,344.42554121819626,339.36202896771204,342.41546630859375,1205100,0.0,0.0
2024-03-27 00:00:00-04:00,344.57871743847716,349.09665407854607,344.06185602245296,347.7853088378906,1467500,0.0,0.0
2024-03-28 00:00:00-04:00,348.3692277215717,350.05386184956643,347.60345838056173,347.6417541503906,1162700,0.0,0.0
2024-04-01 00:00:00-04:00,347.1632041018596,348.75214282716075,344.52135065363393,348.4936828613281,1036800,0.0,0.0
2024-04-02 00:00:00-04:00,344.5404901562693,349.0392648196753,343.7172917146883,347.5460510253906,2054800,0.0,0.0
2024-04-03 00:00:00-04:00,348.77120208016856,348.9147746912029,344.90414756001417,345.61248779296875,1567500,0.0,0.0
2024-04-04 00:00:00-04:00,348.52232394003784,348.55106767339925,344.4255532360408,344.94244384765625,1147900,0.0,0.0
2024-04-05 00:00:00-04:00,345.3923808364589,348.665982965619,343.9853105931267,346.9334716796875,992500,0.0,0.0
2024-04-08 00:00:00-04:00,345.4402415016639,346.3782688120667,342.04220017950297,342.6548156738281,1612500,0.0,0.0
2024-04-09 00:00:00-04:00,344.08097609781254,345.0285845352741,341.1232634862745,342.1761779785156,1129200,0.0,0.0
2024-04-10 00:00:00-04:00,340.9988542476053,344.32030390514234,340.29054316809294,342.5207824707031,1005700,0.0,0.0
2024-04-11 00:00:00-04:00,342.0900532037692,342.9993659247956,337.5529539990875,337.96453857421875,1081100,0.0,0.0
2024-04-12 00:00:00-04:00,336.7202625141104,338.2038951775738,333.5806808043961,334.8633117675781,1442000,0.0,0.0
2024-04-15 00:00:00-04:00,338.960032685546,339.91722244426995,332.5851453871109,333.9635009765625,1357000,0.0,0.0
2024-04-16 00:00:00-04:00,340.8840017470471,340.8840017470471,331.6088304223165,332.00128173828125,1799900,0.0,0.0
2024-04-17 00:00:00-04:00,332.0107974536929,334.94937677373014,330.97704545507656,331.2641906738281,1426500,0.0,0.0
2024-04-18 00:00:00-04:00,334.7388734485052,338.251773252223,332.1448969854551,333.84869384765625,1621700,0.0,0.0
2024-04-19 00:00:00-04:00,336.2416118611639,337.6965297549931,333.1211639504203,337.3041076660156,1305100,0.0,0.0
2024-04-22 00:00:00-04:00,337.6486876309189,341.1328723764958,337.55296281275554,338.0602722167969,1404000,0.0,0.0
2024-04-23 00:00:00-04:00,338.84519059316085,341.91776168468164,336.825534128192,337.552978515625,1188500,0.0,0.0
2024-04-24 00:00:00-04:00,336.0119160154714,338.8356084025369,335.0738594942296,337.1988220214844,1120800,0.0,0.0
2024-04-25 00:00:00-04:00,337.4668421812583,340.6255569175913,337.28497377771816,339.3333740234375,922200,0.0,0.0
2024-04-26 00:00:00-04:00,337.4093790133043,339.9459259494797,336.3756269602806,339.2950439453125,830500,0.0,0.0
2024-04-29 00:00:00-04:00,338.864312993613,342.8941029708029,338.864312993613,341.18072509765625,1073600,0.0,0.0
2024-04-30 00:00:00-04:00,341.3242883298555,342.6260815753729,340.47240464492285,341.7550354003906,1216200,0.0,0.0
2024-05-01 00:00:00-04:00,334.9877378633767,343.9757354963107,333.51365729374436,341.8890686035156,1904100,0.0,0.0
2024-05-02 00:00:00-04:00,344.58830236869557,346.2250886258354,328.00976925517915,329.7518615722656,3108800,0.0,0.0
2024-05-03 00:00:00-04:00,327.636467576166,328.9382315348496,320.3905346031992,326.8802795410156,2413500,0.0,0.0
2024-05-06 00:00:00-04:00,327.79919057605,329.63700773195285,324.91806931873697,327.7513427734375,1339300,0.0,0.0
2024-05-07 00:00:00-04:00,328.7946474264801,332.20224027107093,328.50750221360846,331.857666015625,1567900,0.0,0.0
2024-05-08 00:00:00-04:00,333.66679494203447,333.8582445899604,330.65165285944835,332.4798889160156,1355200,0.0,0.0
2024-05-09 00:00:00-04:00,332.71919071847066,336.26077556246344,331.6375615368954,335.9449157714844,1388800,0.0,0.0
2024-05-10 00:00:00-04:00,336.5479126302481,336.94991595590176,332.4798563053075,333.475341796875,1675300,0.0,0.0
2024-05-13 00:00:00-04:00,332.8149425360968,334.9877531102101,331.99174402583117,334.19329833984375,1361100,0.0,0.0
2024-05-14 00:00:00-04:00,333.55191849542825,336.11718005432607,330.85263634812924,331.5896911621094,1853000,0.0,0.0
2024-05-15 00:00:00-04:00,330.2305047055193,330.8239577503419,327.43549743599,328.5841369628906,2244500,0.0,0.0
2024-05-16 00:00:00-04:00,329.1871325790514,330.03901627233967,323.68329148058416,324.7362060546875,2275000,0.0,0.0
2024-05-17 00:00:00-04:00,324.20977783203125,324.8319454151783,319.92158584151565,324.20977783203125,2010200,0.0,0.0
2024-05-20 00:00:00-04:00,324.05659429523104,324.10447131178,318.00717697480496,319.0983581542969,1306700,0.0,0.0
2024-05-21 00:00:00-04:00,320.6489844161091,324.30545626506154,319.66308014386414,321.9794921875,1175800,0.0,0.0
2024-05-22 00:00:00-04:00,321.0701577699235,322.9366895072031,319.8641185224187,322.0656433105469,968800,0.0,0.0
2024-05-23 00:00:00-04:00,321.3476841133514,324.89884924451655,321.1179679637451,323.3673400878906,1510900,0.0,0.0
2024-05-24 00:00:00-04:00,324.41074344342945,324.41074344342945,316.877636025925,318.370849609375,1311600,0.0,0.0
2024-05-28 00:00:00-04:00,318.6197189315298,321.280705030255,317.4232318509679,318.9451599121094,1445800,0.0,0.0
2024-05-29 00:00:00-04:00,317.1361235729244,320.00769290072463,315.2121627757419,318.6676330566406,2930700,0.0,0.0
2024-05-30 00:00:00-04:00,317.3467552394682,320.3714789013769,316.4757089042344,316.8298645019531,3686500,0.0,0.0
2024-05-31 00:00:00-04:00,318.72508562951947,329.9146372729047,317.33714866753513,329.86676025390625,3915500,0.0,0.0
2024-06-03 00:00:00-04:00,326.02839586168176,329.97204227952005,324.6979172616797,326.8707275390625,1500500,0.0,0.0
2024-06-04 00:00:00-04:00,325.1022125878084,325.1022125878084,318.3935148330635,323.9584655761719,1654900,1.4,0.0
2024-06-05 00:00:00-04:00,324.49671937119535,325.4193959966988,316.71156018189686,321.1904296875,1552000,0.0,0.0
2024-06-06 00:00:00-04:00,321.15203218675873,326.2940548606403,320.46960868337885,324.7754821777344,1632300,0.0,0.0
2024-06-07 00:00:00-04:00,325.2848800861973,328.1298170279761,323.82397286341654,324.9580993652344,1208100,0.0,0.0
2024-06-10 00:00:00-04:00,324.3910213017243,326.3613262247664,323.1319432488094,325.4866943359375,1002700,0.0,0.0
2024-06-11 00:00:00-04:00,324.67933917222507,326.4670563138342,322.71862566150065,324.8042907714844,896500,0.0,0.0
2024-06-12 00:00:00-04:00,324.9388247036283,325.82307722904557,320.95976166765183,322.98773193359375,1249600,0.0,0.0
2024-06-13 00:00:00-04:00,321.382691578825,324.50636444316757,316.6923719387325,321.16162109375,1177600,0.0,0.0
2024-06-14 00:00:00-04:00,319.5661308276228,321.7959596521529,315.83694142520307,320.3350524902344,907500,0.0,0.0
2024-06-17 00:00:00-04:00,318.4992884576021,321.12315478625254,316.480909436928,320.92132568359375,1157000,0.0,0.0
2024-06-18 00:00:00-04:00,322.5167841122907,324.4294234479535,320.4888138683371,321.78631591796875,1206200,0.0,0.0
2024-06-20 00:00:00-04:00,321.78634593115305,325.0061376342637,318.47046468307786,324.74664306640625,1692600,0.0,0.0
2024-06-21 00:00:00-04:00,321.8151712790618,326.7842266907171,321.60372148853685,326.7650146484375,4073500,0.0,0.0
2024-06-24 00:00:00-04:00,328.8602670342456,332.512549553966,326.8899327993381,329.80218505859375,1276100,0.0,0.0
2024-06-25 00:00:00-04:00,330.6095354812896,330.98436096018526,324.19878494182035,325.630859375,986200,0.0,0.0
2024-06-26 00:00:00-04:00,325.4290638553094,325.4290638553094,319.96985147698535,324.45831298828125,1491600,0.0,0.0
2024-06-27 00:00:00-04:00,323.8528030064631,323.8528030064631,318.5281339726174,321.16162109375,1300700,0.0,0.0
2024-06-28 00:00:00-04:00,326.30367971434583,326.78424478019906,315.5005864200015,317.7207946777344,2645300,0.0,0.0
2024-07-01 00:00:00-04:00,317.7303278702506,321.9785351805197,313.16496058037757,313.5878601074219,1386200,0.0,0.0
2024-07-02 00:00:00-04:00,314.2510570933,314.6066705008551,311.6175702750941,313.24188232421875,1056400,0.0,0.0
2024-07-03 00:00:00-04:00,314.69324756284686,315.1449799079566,309.1859612275344,312.78057861328125,900700,0.0,0.0
2024-07-05 00:00:00-04:00,311.91556849618166,312.3769215305641,304.24573928850015,306.7158508300781,1612000,0.0,0.0
2024-07-08 00:00:00-04:00,307.64812973812883,311.42536398606313,305.65858339451904,311.1947021484375,1753500,0.0,0.0
2024-07-09 00:00:00-04:00,309.67610636724226,315.91383085513354,307.24444857269475,315.60626220703125,1379400,0.0,0.0
2024-07-10 00:00:00-04:00,316.70197961847026,319.87369712560564,310.70450801993053,317.08642578125,1982000,0.0,0.0
2024-07-11 00:00:00-04:00,314.29918315618,320.863689246282,314.29918315618,320.5945739746094,1144000,0.0,0.0
2024-07-12 00:00:00-04:00,320.5945328932759,322.56483773718423,317.68231005352953,321.7767333984375,820200,0.0,0.0
2024-07-15 00:00:00-04:00,323.51642811086293,325.60206419947156,317.7015728573205,318.53778076171875,1266500,0.0,0.0
2024-07-16 00:00:00-04:00,320.8540435677569,329.14860089944364,320.8540435677569,326.5054931640625,1166600,0.0,0.0
2024-07-17 00:00:00-04:00,326.3901668930576,332.0608286125079,326.1979584720203,331.3592224121094,1441900,0.0,0.0
2024-07-18 00:00:00-04:00,329.72527514057475,333.8677433414025,327.226331125097,327.28399658203125,1028800,0.0,0.0
2024-07-19 00:00:00-04:00,330.31158406312557,330.31158406312557,322.48797121426173,322.7859191894531,1169200,0.0,0.0
2024-07-22 00:00:00-04:00,322.7090517917362,324.9388513321056,321.58451666883303,322.7378845214844,756300,0.0,0.0
2024-07-23 00:00:00-04:00,322.9877281393596,324.1987613380376,320.81559426200783,323.10308837890625,603400,0.0,0.0
2024-07-24 00:00:00-04:00,324.54481563485837,329.3888902480697,321.9112992004219,328.9083251953125,1029800,0.0,0.0
2024-07-25 00:00:00-04:00,330.6191015482929,335.6938668093338,327.2167224438787,327.8894958496094,775000,0.0,0.0
2024-07-26 00:00:00-04:00,329.36969051200526,333.1853783467236,329.17745275117426,330.28277587890625,1135700,0.0,0.0
2024-07-29 00:00:00-04:00,330.29232747084797,334.9153605480305,329.74447631666357,333.07000732421875,1021500,0.0,0.0
2024-07-30 00:00:00-04:00,332.5605818071296,341.7393610535218,332.5605818071296,339.05780029296875,909700,0.0,0.0
2024-07-31 00:00:00-04:00,335.67469109344864,340.24005911834166,334.1080443203093,335.11724853515625,1466100,0.0,0.0
2024-08-01 00:00:00-04:00,322.93968062244846,325.9672342620119,311.93473036869307,319.6718444824219,2495500,0.0,0.0
2024-08-02 00:00:00-04:00,320.3158315519287,325.53479050972373,309.0129610383853,324.218017578125,3193700,0.0,0.0
2024-08-05 00:00:00-04:00,324.58327567865615,326.4767033695328,308.86879084633205,313.0497131347656,2507400,0.0,0.0
2024-08-06 00:00:00-04:00,311.1081751138643,317.0864049460607,310.5891566959663,316.4905090332031,2441900,0.0,0.0
2024-08-07 00:00:00-04:00,317.0767955157888,322.35341940045214,313.0881117011409,316.2214050292969,1933700,0.0,0.0
2024-08-08 00:00:00-04:00,316.2695053978889,324.16037623020907,315.5198250053482,321.9978332519531,1164900,0.0,0.0
2024-08-09 00:00:00-04:00,320.8252095820768,324.8619676583048,320.1331947499052,323.07427978515625,969000,0.0,0.0
2024-08-12 00:00:00-04:00,318.0955890690431,318.8837227394952,313.77050389933015,315.3467712402344,1720500,0.0,0.0
2024-08-13 00:00:00-04:00,315.9618926555838,320.4215502993792,315.69277740682804,319.7872009277344,1057600,0.0,0.0
2024-08-14 00:00:00-04:00,321.9785956865512,323.99697483921733,319.81605287970126,321.8824768066406,621100,0.0,0.0
2024-08-15 00:00:00-04:00,324.3621680314373,324.85232439377734,319.96017613704055,323.61248779296875,1003000,0.0,0.0
2024-08-16 00:00:00-04:00,323.72788298867783,329.58116242280715,322.6898459407475,329.01409912109375,865300,0.0,0.0
2024-08-19 00:00:00-04:00,329.3599914235857,330.34036270654605,327.9952033731984,329.0235900878906,907600,0.0,0.0
2024-08-20 00:00:00-04:00,328.4181918356021,331.0132257037958,326.4766901141337,329.283203125,900800,0.0,0.0
2024-08-21 00:00:00-04:00,330.6191357313785,331.589886524341,326.99568579154817,329.0909423828125,694500,0.0,0.0
2024-08-22 00:00:00-04:00,329.8502410304877,333.3391479829622,325.65010719077173,333.00274658203125,734000,0.0,0.0
2024-08-23 00:00:00-04:00,333.9927132049329,340.711003287393,332.6951816902382,340.2304382324219,1425800,0.0,0.0
2024-08-26 00:00:00-04:00,340.9032511683223,342.96967509980783,338.5580912838921,340.1824035644531,1361100,0.0,0.0
2024-08-27 00:00:00-04:00,340.9609267610925,341.6913950740875,338.69267364590894,340.1343688964844,1058200,0.0,0.0
2024-08-28 00:00:00-04:00,342.65248469905123,345.83382282906774,340.28808364927687,344.01727294921875,1314600,0.0,0.0
2024-08-29 00:00:00-04:00,346.09333738675707,347.6503634701242,341.31651957237005,347.025634765625,1024700,0.0,0.0
2024-08-30 00:00:00-04:00,346.6988317294637,348.42885408153103,345.92993942440296,347.7464599609375,1148200,0.0,0.0
2024-09-03 00:00:00-04:00,348.1982062221895,352.8116189003162,346.6892249483387,351.2738342285156,1433500,0.0,0.0
2024-09-04 00:00:00-04:00,353.5122266786781,357.60310878063086,351.20630793986527,353.7438049316406,1194400,1.4,0.0
2024-09-05 00:00:00-04:00,349.3248924691636,351.5922394142776,336.5312905337071,342.6289978027344,2528300,0.0,0.0
2024-09-06 00:00:00-04:00,344.88660328997025,346.8162547840358,340.573831022968,341.0562438964844,2363500,0.0,0.0
2024-09-09 00:00:00-04:00,344.0086589833912,346.68124554047284,339.0880705042658,345.0313720703125,1102400,0.0,0.0
2024-09-10 00:00:00-04:00,345.89973253114357,347.9258433054915,343.14031522835387,345.504150390625,868400,0.0,0.0
2024-09-11 00:00:00-04:00,344.29809260778023,345.61024156254774,338.10389801655447,345.19537353515625,748700,0.0,0.0
2024-09-12 00:00:00-04:00,344.6937011810337,349.90375501201044,342.66756095672355,349.4309997558594,961900,0.0,0.0
2024-09-13 00:00:00-04:00,349.43100216859307,355.2102997718591,348.08022238029355,351.89129638671875,882700,0.0,0.0
2024-09-16 00:00:00-04:00,354.58316923049887,357.7863687804135,352.72103290113415,353.9463806152344,668000,0.0,0.0
2024-09-17 00:00:00-04:00,351.8334266840111,354.00428502353043,342.1658814785795,343.699951171875,863300,0.0,0.0
2024-09-18 00:00:00-04:00,343.6998849049838,349.5081252758595,342.37804890446813,342.8894348144531,824400,0.0,0.0
2024-09-19 00:00:00-04:00,344.5972371028723,346.2084799378715,342.2912889674643,344.6937255859375,753300,0.0,0.0
2024-09-20 00:00:00-04:00,344.20159721991337,346.2856244392516,339.62833244211754,343.6130676269531,2900900,0.0,0.0
2024-09-23 00:00:00-04:00,344.4718049514402,346.0927054676719,342.11762729703895,342.455322265625,807800,0.0,0.0
2024-09-24 00:00:00-04:00,341.92470855518343,342.9377641020602,337.6891081793967,340.74761962890625,968100,0.0,0.0
2024-09-25 00:00:00-04:00,342.50356024588535,342.8412552228134,335.50857199243285,336.58917236328125,892500,0.0,0.0
2024-09-26 00:00:00-04:00,332.69128172639927,334.33146812847133,329.98012323919005,332.85528564453125,1663100,0.0,0.0
2024-09-27 00:00:00-04:00,333.3762855852942,338.76000104748175,332.8552713650344,335.469970703125,1379600,0.0,0.0
2024-09-30 00:00:00-04:00,337.3802988174196,337.3802988174196,331.890437332169,334.2542724609375,1294800,0.0,0.0
2024-10-01 00:00:00-04:00,333.81045354182316,339.26171362970297,332.4693314957781,335.8462219238281,1005800,0.0,0.0
2024-10-02 00:00:00-04:00,336.20323093809174,336.6374143785887,327.8574926412815,328.725830078125,1627900,0.0,0.0
2024-10-03 00:00:00-04:00,328.92846836773526,330.2599034154448,325.60946481949424,328.58111572265625,1145900,0.0,0.0
2024-10-04 00:00:00-04:00,329.1793019482979,330.1730714730506,327.3847398614078,329.6810302734375,720000,0.0,0.0
2024-10-07 00:00:00-04:00,328.021521736205,330.83879688968943,326.776888074566,328.3013000488281,851800,0.0,0.0
2024-10-08 00:00:00-04:00,329.7003234699465,332.99038347935476,327.33648812440634,331.83258056640625,1127700,0.0,0.0
2024-10-09 00:00:00-04:00,332.18955289532107,335.40243970167825,330.5686524142825,334.5244445800781,846600,0.0,0.0
2024-10-10 00:00:00-04:00,335.30594416799426,338.5863463422828,334.01308099406316,338.1714782714844,800600,0.0,0.0
2024-10-11 00:00:00-04:00,339.01088644929206,342.50355164744184,337.3899859337117,337.978515625,786700,0.0,0.0
2024-10-14 00:00:00-04:00,337.81452688109204,339.8117237368868,336.10676604317234,339.0881042480469,952400,0.0,0.0
2024-10-15 00:00:00-04:00,336.24181747209224,342.51318566023747,332.0448190265807,336.5698547363281,1317800,0.0,0.0
2024-10-16 00:00:00-04:00,336.56988958198247,346.25675061523805,336.56988958198247,345.96728515625,970300,0.0,0.0
2024-10-17 00:00:00-04:00,339.04946629099743,346.1023411238175,337.6890582658286,340.6993103027344,1614400,0.0,0.0
2024-10-18 00:00:00-04:00,341.1141379426699,341.1141379426699,324.1428562445134,324.18145751953125,2712300,0.0,0.0
2024-10-21 00:00:00-04:00,321.59581665056265,321.59581665056265,307.04622375320173,308.96624755859375,4638600,0.0,0.0
2024-10-22 00:00:00-04:00,308.9179679181405,310.9537659988469,304.0070073291565,306.29364013671875,2636400,0.0,0.0
2024-10-23 00:00:00-04:00,305.71467175880446,309.4485721290826,303.92011000434934,306.39971923828125,1352800,0.0,0.0
2024-10-24 00:00:00-04:00,307.4611011529947,311.09848441667316,306.8628843256327,307.04620361328125,1646500,0.0,0.0
2024-10-25 00:00:00-04:00,307.8469927014224,310.03713679294793,304.4122150122619,305.705078125,1390100,0.0,0.0
2024-10-28 00:00:00-04:00,306.100706890048,307.05587521012814,302.5694401885829,303.843017578125,1545500,0.0,0.0
2024-10-29 00:00:00-04:00,303.75613321805497,304.0262832994719,297.03129533848426,297.3883056640625,2556000,0.0,0.0
2024-10-30 00:00:00-04:00,297.16641652312836,305.3963813614086,297.16641652312836,301.8844299316406,2412100,0.0,0.0
2024-10-31 00:00:00-04:00,321.65373604314993,330.3468287915206,302.90717163040733,303.7369079589844,3506400,0.0,0.0
2024-11-01 00:00:00-04:00,302.279930201431,307.5382429168052,295.87350180111736,305.35772705078125,2810700,0.0,0.0
2024-11-04 00:00:00-05:00,305.57967035049853,306.79536044690576,300.4467893258355,301.3344421386719,1695700,0.0,0.0
2024-11-05 00:00:00-05:00,301.2572453359451,307.5768729776645,300.3117347487937,307.1909484863281,2046200,0.0,0.0
2024-11-06 00:00:00-05:00,313.4140674963113,314.57187044881374,297.7259876550795,304.1324462890625,2655100,0.0,0.0
2024-11-07 00:00:00-05:00,305.3673774348919,310.1818489397792,303.61138734481614,308.252197265625,1752400,0.0,0.0
2024-11-08 00:00:00-05:00,308.44516575776134,310.43270457213976,306.3129089606169,308.5223388671875,1315200,0.0,0.0
2024-11-11 00:00:00-05:00,330.4721803124391,335.39279864332514,327.77067937681437,330.9931945800781,2585700,0.0,0.0
2024-11-12 00:00:00-05:00,329.9704586391496,334.53409575764937,327.53910796486036,327.9153747558594,2244500,0.0,0.0
2024-11-13 00:00:00-05:00,327.2206763689087,328.71617408109836,319.41523888948313,320.36077880859375,1675500,0.0,0.0
2024-11-14 00:00:00-05:00,319.8397922810919,320.34149115928574,311.3782795678482,312.4878234863281,1827000,0.0,0.0
2024-11-15 00:00:00-05:00,311.6966249090474,313.3464688055344,305.62786229864207,310.2107849121094,1650200,0.0,0.0
2024-11-18 00:00:00-05:00,309.95032091960263,312.2658971948413,309.274931010756,311.1081237792969,1194400,0.0,0.0
2024-11-19 00:00:00-05:00,308.74430717054264,315.5849196929918,307.95314281682175,311.1563720703125,1322700,0.0,0.0
2024-11-20 00:00:00-05:00,311.3396857461718,312.97990162611023,308.20400143299327,312.01507568359375,1527300,0.0,0.0
2024-11-21 00:00:00-05:00,313.4912356500665,319.424908880934,310.87653633412,318.4600830078125,1520400,0.0,0.0
2024-11-22 00:00:00-05:00,318.72056976602903,319.2994711685101,314.02187255795576,316.8970642089844,1475200,0.0,0.0
2024-11-25 00:00:00-05:00,319.16434476251146,323.3517144078946,318.4600408127065,321.296630859375,2588600,0.0,0.0
2024-11-26 00:00:00-05:00,321.96238251977337,323.43856482188596,318.0741357080555,323.2166442871094,1694900,0.0,0.0
2024-11-27 00:00:00-05:00,323.64122725221677,328.17592111017336,322.049270283071,324.6639404296875,1770200,0.0,0.0
2024-11-29 00:00:00-05:00,323.4192867860064,327.65488668687647,323.2263392694589,325.9181823730469,900400,0.0,0.0
2024-12-02 00:00:00-05:00,324.3455134342937,326.8636947267798,323.1105375450609,325.2041931152344,1107900,0.0,0.0
2024-12-03 00:00:00-05:00,326.85404963136386,327.3750638459262,322.3772729020785,323.12017822265625,1524600,0.0,0.0
2024-12-04 00:00:00-05:00,322.92641708742576,326.07526465409904,319.5741138031078,319.84539794921875,1523700,1.4,0.0
2024-12-05 00:00:00-05:00,318.77965314290157,319.9810797990224,311.87159031705073,312.56915283203125,1460400,0.0,0.0
2024-12-06 00:00:00-05:00,313.4023604668198,313.8383665489611,305.2928720539128,307.91851806640625,1746000,0.0,0.0
2024-12-09 00:00:00-05:00,309.29438457026527,310.1469708571618,303.32610315544457,309.21685791015625,2146100,0.0,0.0
2024-12-10 00:00:00-05:00,309.2168101670973,309.5849878263747,300.92323288141193,301.678955078125,2610400,0.0,0.0
2024-12-11 00:00:00-05:00,298.99516312272226,300.18686177346143,284.48138885230003,284.8786315917969,4300600,0.0,0.0
2024-12-12 00:00:00-05:00,283.88069186121317,287.5914742433085,273.4846408629973,274.1531677246094,4474100,0.0,0.0
2024-12-13 00:00:00-05:00,273.58156918740156,277.0985945412662,271.1690768994058,273.0874328613281,3277200,0.0,0.0
2024-12-16 00:00:00-05:00,273.1455671328892,274.87016543350444,263.4180426670722,264.7550964355469,4009300,0.0,0.0
2024-12-17 00:00:00-05:00,255.46359630715145,262.255398247251,253.8746251737272,257.3238220214844,4482800,0.0,0.0
2024-12-18 00:00:00-05:00,267.8458369455291,275.4418227948608,263.76684686040403,273.6203308105469,4913400,0.0,0.0
2024-12-19 00:00:00-05:00,272.12821616979267,275.81963161913177,261.8096919712208,266.24713134765625,3826600,0.0,0.0
2024-12-20 00:00:00-05:00,267.99116101793305,271.6438136227948,264.7551180799876,268.30120849609375,3481200,0.0,0.0
2024-12-23 00:00:00-05:00,267.3225908748019,273.51369337502916,264.60972023097804,272.86456298828125,1945400,0.0,0.0
2024-12-24 00:00:00-05:00,271.37250992521814,272.011971714958,268.407751352267,271.34344482421875,669300,0.0,0.0
2024-12-26 00:00:00-05:00,271.343450497448,273.0971139525011,269.4735266359664,272.8161315917969,1090100,0.0,0.0
2024-12-27 00:00:00-05:00,271.3240525901751,273.97876345920747,267.99111667086794,270.0354309082031,977000,0.0,0.0
2024-12-30 00:00:00-05:00,269.06658836460576,269.06658836460576,265.06512511899086,266.57659912109375,1271100,0.0,0.0
2024-12-31 00:00:00-05:00,267.4098143394371,269.337868394189,265.3267365543291,267.54547119140625,1222300,0.0,0.0
2025-01-02 00:00:00-05:00,270.142058194667,270.30675058402676,265.52049998524393,265.9468078613281,1020300,0.0,0.0
2025-01-03 00:00:00-05:00,266.9544290768535,273.2424254671112,265.2104639342333,271.9635314941406,1333100,0.0,0.0
2025-01-06 00:00:00-05:00,269.8998306659007,275.4030399887646,269.35726239844945,270.9559020996094,1373700,0.0,0.0
2025-01-07 00:00:00-05:00,272.6223810508652,274.13382550845733,269.5316637076182,271.2174987792969,1033500,0.0,0.0
2025-01-08 00:00:00-05:00,269.63819235135617,270.87835251017844,267.40978926789063,270.62646484375,1013300,0.0,0.0
2025-01-10 00:00:00-05:00,268.43680841136865,272.9227094603225,266.4409260218614,270.3067321777344,1527200,0.0,0.0
2025-01-13 00:00:00-05:00,272.55452470559914,273.90127663452694,270.99464842645375,273.6590576171875,1892500,0.0,0.0
2025-01-14 00:00:00-05:00,273.2231194397605,276.80797361412317,272.10891759673166,276.1588134765625,2173100,0.0,0.0
2025-01-15 00:00:00-05:00,275.4030621814182,276.36224016585646,271.4306638142389,275.7227783203125,1711900,0.0,0.0
2025-01-16 00:00:00-05:00,271.3531759878175,272.87431878286776,266.88664114034486,272.22515869140625,2013300,0.0,0.0
2025-01-17 00:00:00-05:00,272.3414183857977,277.47648019151893,270.77184360995767,275.1511535644531,1900000,0.0,0.0
2025-01-21 00:00:00-05:00,275.1511649136188,279.61769993345337,274.1919868594325,279.6080017089844,1634100,0.0,0.0
2025-01-22 00:00:00-05:00,278.2418507826724,281.7491777793954,276.7982347542791,280.0439758300781,1384000,0.0,0.0
2025-01-23 00:00:00-05:00,282.7471547480057,287.3687135754409,279.6855316907224,285.8088073730469,1693100,0.0,0.0
2025-01-24 00:00:00-05:00,285.1402256662425,288.72507907922636,284.15198268425473,284.50079345703125,1398100,0.0,0.0
2025-01-27 00:00:00-05:00,285.8184504572995,296.8926972211303,285.5762314314882,296.2048034667969,1918000,0.0,0.0
2025-01-28 00:00:00-05:00,296.59232915939225,299.03391570787784,291.7673453950046,293.3950500488281,1610200,0.0,0.0
2025-01-29 00:00:00-05:00,293.85047564938077,296.24360108414317,292.08711384108096,293.8698425292969,1793800,0.0,0.0
2025-01-30 00:00:00-05:00,266.4409644279022,274.1822760781436,260.6180087981777,274.172607421875,5487900,0.0,0.0
2025-01-31 00:00:00-05:00,275.84874579556225,290.39158760826376,273.25216457065574,285.0530700683594,3531900,0.0,0.0
2025-02-03 00:00:00-05:00,283.0280990815194,292.92031639451113,281.69104525010005,283.3575134277344,1966300,0.0,0.0
2025-02-04 00:00:00-05:00,280.31526172057056,286.7873474657667,277.77681087586967,282.3886413574219,1836800,0.0,0.0
2025-02-05 00:00:00-05:00,281.59414779232094,284.68483517223444,279.86952004790936,284.1810302734375,1781800,0.0,0.0
2025-02-06 00:00:00-05:00,280.4799537648668,282.1173568621013,277.21484579380603,278.2903137207031,1820700,0.0,0.0
2025-02-07 00:00:00-05:00,279.26887849076627,280.6931277490042,276.391314869745,277.7864990234375,1271900,0.0,0.0
2025-02-10 00:00:00-05:00,279.42385357511097,284.68484355590834,277.99960456491016,283.706298828125,2125900,0.0,0.0
2025-02-11 00:00:00-05:00,282.9118153184107,286.4094437741758,281.65228824169645,286.05096435546875,1202800,0.0,0.0
2025-02-12 00:00:00-05:00,286.4094544842385,293.5403980738772,281.1484642701416,283.5803527832031,1712700,0.0,0.0
2025-02-13 00:00:00-05:00,284.5782838274691,291.2150908989814,284.20040796318114,290.4884338378906,1670800,0.0,0.0
2025-02-14 00:00:00-05:00,289.8102395371435,292.2130631187664,282.766520321184,283.2218933105469,1579600,0.0,0.0
2025-02-18 00:00:00-05:00,282.2626937735696,287.4655838678445,279.5110888801913,285.5762634277344,1791200,0.0,0.0
2025-02-19 00:00:00-05:00,285.02403539075954,290.30442328542154,284.19081592858686,287.9791259765625,1734500,0.0,0.0
2025-02-20 00:00:00-05:00,286.9714452303987,292.27119924902985,286.9714452303987,290.3528137207031,1270000,0.0,0.0
2025-02-21 00:00:00-05:00,285.32430151143564,294.54802052805593,284.7042362081276,290.4787292480469,2213700,0.0,0.0
2025-02-24 00:00:00-05:00,289.44202576948715,293.8891633531474,284.8592609121575,291.65106201171875,2494800,0.0,0.0
2025-02-25 00:00:00-05:00,292.80405391214055,305.3510119202913,291.9320712880122,304.1302185058594,3039600,0.0,0.0
2025-02-26 00:00:00-05:00,300.7876118945052,303.22916914243103,293.92795221052927,295.8366394042969,1910800,0.0,0.0
2025-02-27 00:00:00-05:00,297.5999683116727,299.60554881287004,293.2109610285055,293.491943359375,1729100,0.0,0.0
2025-02-28 00:00:00-05:00,294.0055010781663,299.4699475891617,293.2013172568242,299.2374267578125,2025700,0.0,0.0
2025-03-03 00:00:00-05:00,298.53010151590223,304.8568613152486,297.5515271856339,301.8146057128906,2036300,0.0,0.0
2025-03-04 00:00:00-05:00,302.56067057555526,307.4922470813811,298.80142603934064,299.2471008300781,1547300,0.0,0.0
2025-03-05 00:00:00-05:00,297.80612133455145,303.9984634663428,297.69903560703546,301.6617126464844,1313800,1.51,0.0
2025-03-06 00:00:00-05:00,301.40854427723207,308.75948518284207,300.06492166204646,307.30877685546875,1607400,0.0,0.0
2025-03-07 00:00:00-05:00,305.858109146615,316.6362399688382,305.62441623923263,312.55670166015625,2193500,0.0,0.0
2025-03-10 00:00:00-04:00,313.41349440537573,324.1234928639895,310.77494855930814,318.0674743652344,2746800,0.0,0.0
2025-03-11 00:00:00-04:00,319.01190730901635,319.01190730901635,307.9903379681911,309.48974609375,1964000,0.0,0.0
2025-03-12 00:00:00-04:00,308.5745654265408,310.57053779871256,299.6560527749709,302.8495788574219,1844100,0.0,0.0
2025-03-13 00:00:00-04:00,304.22235017989055,306.7538101713285,301.5351345482878,303.7647399902344,1463200,0.0,0.0
2025-03-14 00:00:00-04:00,302.1679964453849,307.40616388322803,301.38906966831587,304.6507568359375,1352600,0.0,0.0
2025-03-17 00:00:00-04:00,304.79677109665784,309.79152907449685,303.8231349906624,308.4479064941406,1139500,0.0,0.0
2025-03-18 00:00:00-04:00,310.288144776193,314.4650526875812,308.04879324391715,313.9295349121094,1348400,0.0,0.0
2025-03-19 00:00:00-04:00,312.3522420733067,314.4845078316215,308.91530730936427,312.3717041015625,1432100,0.0,0.0
2025-03-20 00:00:00-04:00,312.5372292786423,315.5165537601448,310.82362000869904,312.9169616699219,1181000,0.0,0.0
2025-03-21 00:00:00-04:00,313.2285074128818,315.45814272897604,307.6787986556471,308.3019104003906,3555000,0.0,0.0
2025-03-24 00:00:00-04:00,309.0905406338751,312.5469669817677,307.35746938134105,311.9530334472656,1287800,0.0,0.0
2025-03-25 00:00:00-04:00,312.98510271015107,313.0338023507908,305.1375968594189,308.4869079589844,1172100,0.0,0.0
2025-03-26 00:00:00-04:00,309.6065679184411,314.37740910258117,308.5453080185013,312.76116943359375,1200100,0.0,0.0
2025-03-27 00:00:00-04:00,313.99768374074813,318.64191785473815,311.38834577908153,316.1786193847656,1285300,0.0,0.0
2025-03-28 00:00:00-04:00,317.20093023890604,321.2901842489694,315.7015222453741,316.470703125,1105900,0.0,0.0
2025-03-31 00:00:00-04:00,317.2982997754334,323.4808655690096,317.0451448677974,320.3262939453125,2128600,0.0,0.0
2025-04-01 00:00:00-04:00,321.8841110602629,324.46424086648534,319.84921511071326,322.2735595703125,1669100,0.0,0.0
2025-04-02 00:00:00-04:00,320.93973712030356,323.8801080385961,318.84642502575304,323.16937255859375,1108200,0.0,0.0
2025-04-03 00:00:00-04:00,323.052486516553,333.5385676419481,321.2609994339561,329.5271911621094,2403800,0.0,0.0
2025-04-04 00:00:00-04:00,327.40465999033563,334.8432554047815,312.53724474539644,313.90032958984375,3801000,0.0,0.0
2025-04-07 00:00:00-04:00,309.18787745691617,312.49823425343465,299.7143875097443,307.0751037597656,2918200,0.0,0.0
2025-04-08 00:00:00-04:00,316.24680080548353,317.40543036699376,303.08324886854626,305.5660095214844,2483500,0.0,0.0
2025-04-09 00:00:00-04:00,303.5700638624219,316.69466189190956,300.9120261230716,311.5538635253906,2463500,0.0,0.0
2025-04-10 00:00:00-04:00,312.21593162376695,322.8285602032433,309.684471574979,318.64190673828125,2021200,0.0,0.0
2025-04-11 00:00:00-04:00,315.1952729968359,324.0066691486227,314.60133943528456,321.4849548339844,1728200,0.0,0.0
2025-04-14 00:00:00-04:00,321.1343924156913,322.42934511083047,317.43458699847014,320.5210266113281,1442400,0.0,0.0
2025-04-15 00:00:00-04:00,321.2707640183842,321.40705764660885,317.9117069722126,319.9660949707031,1082600,0.0,0.0
2025-04-16 00:00:00-04:00,321.3096794507043,326.3238997442878,319.0995063458013,320.75469970703125,1311500,0.0,0.0
2025-04-17 00:00:00-04:00,315.8962973479222,324.71743951177183,315.8962973479222,321.4265441894531,2847300,0.0,0.0
2025-04-21 00:00:00-04:00,322.07884992946106,323.1206478167577,313.61794879434973,316.20782470703125,1408900,0.0,0.0
2025-04-22 00:00:00-04:00,316.6362223733944,328.495133949604,316.6362223733944,328.1835632324219,1852300,0.0,0.0
2025-04-23 00:00:00-04:00,327.70648319217514,332.5844104206229,324.61032697988827,327.8135986328125,1782700,0.0,0.0
2025-04-24 00:00:00-04:00,326.84967041015625,328.3198408051634,323.2764126334599,326.84967041015625,1341300,0.0,0.0
2025-04-25 00:00:00-04:00,327.88173014782654,327.88173014782654,322.4780315100912,326.51861572265625,1400100,0.0,0.0
2025-04-28 00:00:00-04:00,326.80096380760676,330.715000099063,324.240296010345,325.99285888671875,1347200,0.0,0.0
2025-04-29 00:00:00-04:00,326.3823282061756,329.9945101891242,324.7758344185153,328.3198547363281,1272200,0.0,0.0
2025-04-30 00:00:00-04:00,332.02940079170406,333.8695874418276,326.8399330043884,331.07525634765625,1562800,0.0,0.0
2025-05-01 00:00:00-04:00,330.7539547136405,332.3994023160986,325.83710364715984,326.3433837890625,1987800,0.0,0.0
2025-05-02 00:00:00-04:00,334.96008711234794,340.77269687324963,321.2999713376353,325.92474365234375,2471800,0.0,0.0
2025-05-05 00:00:00-04:00,328.1251355044018,328.1640595578698,323.8508584513652,324.2305908203125,1472600,0.0,0.0
2025-05-06 00:00:00-04:00,324.1040361496512,328.11541270219425,323.18881570750557,325.0192565917969,1825900,0.0,0.0
2025-05-07 00:00:00-04:00,326.16815875272493,327.0152175751038,322.5851843190441,325.6229248046875,1325100,0.0,0.0
2025-05-08 00:00:00-04:00,324.2987034820804,328.3587791474903,321.50437259152756,324.3279113769531,1322300,0.0,0.0
2025-05-09 00:00:00-04:00,324.4058301089417,326.57704941285544,323.0914153682409,324.668701171875,787900,0.0,0.0
2025-05-12 00:00:00-04:00,315.5360161421124,319.6058381627947,301.4280366866353,307.4158935546875,3560500,0.0,0.0
2025-05-13 00:00:00-04:00,301.42801076715546,302.0706141888485,293.53183588815773,293.9310302734375,3144400,0.0,0.0
2025-05-14 00:00:00-04:00,297.20247255757016,299.0621214059663,294.14524039579254,295.3525695800781,2517200,0.0,0.0
2025-05-15 00:00:00-04:00,295.22599202474953,300.8244005971007,288.4494918811669,300.71728515625,2723300,0.0,0.0
2025-05-16 00:00:00-04:00,301.24305014359595,312.50802869979304,299.66576417091886,312.47882080078125,2056000,0.0,0.0
2025-05-19 00:00:00-04:00,312.0990627438089,314.3676516616377,309.616302392847,313.4718933105469,1242600,0.0,0.0
2025-05-20 00:00:00-04:00,315.31211742566467,316.8991493272466,313.86137915346484,316.4317932128906,1329700,0.0,0.0
2025-05-21 00:00:00-04:00,314.1242693279858,317.4054187493173,308.65243833553177,308.7303161621094,984400,0.0,0.0
2025-05-22 00:00:00-04:00,307.58140951650955,308.1168975308718,302.02195524244155,304.4365539550781,1699800,0.0,0.0
2025-05-23 00:00:00-04:00,305.91651430544437,308.2434894364194,302.32379425198434,307.6593017578125,1667800,0.0,0.0
2025-05-27 00:00:00-04:00,308.5453034558676,308.632927147629,303.48241308275715,306.968017578125,1573800,0.0,0.0
2025-05-28 00:00:00-04:00,306.67595709507106,307.47431623914764,302.1096006999698,302.66455078125,1157200,0.0,0.0
2025-05-29 00:00:00-04:00,301.8272083999087,303.87185027038254,300.25966845078983,303.8231506347656,1745700,0.0,0.0
2025-05-30 00:00:00-04:00,304.04710608369135,310.8333514687258,301.8758866985936,308.29217529296875,2732200,0.0,0.0
2025-06-02 00:00:00-04:00,307.27960250096436,311.51492607673964,303.94975349494916,306.6856689453125,1247800,0.0,0.0
2025-06-03 00:00:00-04:00,305.54103018797156,308.17272985682774,303.574585119681,304.9149169921875,1321100,1.51,0.0
2025-06-04 00:00:00-04:00,304.51380466855574,306.02040543158193,302.99738123399385,303.39849853515625,991200,0.0,0.0
2025-06-05 00:00:00-04:00,303.8484953256902,306.20626471882827,302.5081933971752,304.2789611816406,1682900,0.0,0.0
2025-06-06 00:00:00-04:00,304.8855742549106,305.7367132243459,302.79194197300086,305.4138488769531,2048300,0.0,0.0
2025-06-09 00:00:00-04:00,304.102866118276,307.3411229586817,302.35165412721926,304.6507263183594,2312900,0.0,0.0
2025-06-10 00:00:00-04:00,306.02039725504756,311.23489217468847,304.308326551417,306.8226318359375,2228200,0.0,0.0
2025-06-11 00:00:00-04:00,307.8792436885293,309.0140757208914,302.77238011832395,303.4767761230469,2210100,0.0,0.0
2025-06-12 00:00:00-04:00,304.3181454692105,308.98475069631206,301.6962384179472,308.53472900390625,2074400,0.0,0.0
2025-06-13 00:00:00-04:00,308.202093181799,311.80232633408383,306.94983687421535,310.5207214355469,1866300,0.0,0.0
2025-06-16 00:00:00-04:00,310.45222498658757,311.1370652361274,303.095223064434,307.6248779296875,1225800,0.0,0.0
2025-06-17 00:00:00-04:00,306.5095810412821,308.8086535414349,304.39642276044555,305.7367248535156,1114500,0.0,0.0
2025-06-18 00:00:00-04:00,305.4921215208656,309.1901930328099,304.33767401715306,307.5857238769531,1170300,0.0,0.0
2025-06-20 00:00:00-04:00,307.32157127088635,309.71845221407585,305.19859057523763,307.53680419921875,3249800,0.0,0.0
2025-06-23 00:00:00-04:00,308.1727329383131,310.56964391473554,306.313919250549,310.10003662109375,1248100,0.0,0.0
2025-06-24 00:00:00-04:00,308.1238152354045,310.8826721297052,306.4508561183086,309.9630432128906,1328300,0.0,0.0
2025-06-25 00:00:00-04:00,308.0553415056224,310.39352546842724,304.0833397429507,309.15106201171875,1434900,0.0,0.0
2025-06-26 00:00:00-04:00,310.72615054442804,324.67709083458914,309.86524862163617,322.8476257324219,2453600,0.0,0.0
2025-06-27 00:00:00-04:00,321.86927887760106,325.3619101330237,318.8951592480091,319.2375793457031,3402300,0.0,0.0
2025-06-30 00:00:00-04:00,318.885414157747,323.6596205951088,318.5038526359282,323.4150390625,4328600,0.0,0.0
2025-07-01 00:00:00-04:00,324.7260198544215,331.54495412538,323.4541779809466,327.1424865722656,2684000,0.0,0.0
2025-07-02 00:00:00-04:00,323.2879127981968,325.08802946837056,313.3089733667729,313.4459533691406,2925600,0.0,0.0
2025-07-03 00:00:00-04:00,313.3969719864026,316.09716151343065,311.7729471155193,312.81976318359375,852400,0.0,0.0
2025-07-07 00:00:00-04:00,313.9644025769176,313.9644025769176,303.80937361200836,306.8323974609375,1397200,0.0,0.0
2025-07-08 00:00:00-04:00,305.0616404075677,307.78138567093544,303.87784437383885,305.23773193359375,1599400,0.0,0.0
2025-07-09 00:00:00-04:00,305.71714307953636,305.71714307953636,300.13090886657557,303.0658874511719,983900,0.0,0.0
2025-07-10 00:00:00-04:00,301.32446170986793,305.06167486148473,299.69064386194486,302.0875549316406,989300,0.0,0.0
2025-07-11 00:00:00-04:00,299.3677707918178,300.5711225794861,295.52295658731845,296.6969299316406,1590800,0.0,0.0
2025-07-14 00:00:00-04:00,296.8535225611191,297.76335879493104,294.4761969736181,296.4915466308594,926200,0.0,0.0
2025-07-15 00:00:00-04:00,297.176315700042,298.4676833310532,293.0477787804328,295.8849182128906,1139700,0.0,0.0
2025-07-16 00:00:00-04:00,295.1023152696679,299.81782463881956,293.50763886249604,299.19171142578125,1416200,0.0,0.0
2025-07-17 00:00:00-04:00,296.6382652935767,297.64594003964584,289.5258448902455,291.81512451171875,1696500,0.0,0.0
2025-07-18 00:00:00-04:00,292.3140729697623,292.3140729697623,286.9136936200301,289.3008117675781,2071600,0.0,0.0
2025-07-21 00:00:00-04:00,289.89759724150537,291.1107120520586,287.16805906161744,288.4105224609375,2004300,0.0,0.0
2025-07-22 00:00:00-04:00,289.38883665637894,296.3251946964024,288.958370801412,293.5467224121094,1392300,0.0,0.0
2025-07-23 00:00:00-04:00,294.66205303860704,298.19379607957217,294.2217943323372,297.7437744140625,1443500,0.0,0.0
2025-07-24 00:00:00-04:00,293.49786502577274,296.4328436760305,286.6887229168959,287.5594177246094,1652500,0.0,0.0
2025-07-25 00:00:00-04:00,288.28336622231785,292.37276217184626,287.62787459588947,289.9465026855469,1325700,0.0,0.0
2025-07-28 00:00:00-04:00,288.3029335976009,289.604094231667,284.61465478505977,286.05279541015625,1193600,0.0,0.0
2025-07-29 00:00:00-04:00,283.9004584704742,290.9541814190385,279.61538529816715,285.8375549316406,1808300,0.0,0.0
2025-07-30 00:00:00-04:00,283.5287216496399,292.2358191045841,281.2296490434096,291.40423583984375,2649700,0.0,0.0
2025-07-31 00:00:00-04:00,286.83546672522465,291.0520503433884,258.4933549479604,261.5848693847656,5452400,0.0,0.0
2025-08-01 00:00:00-04:00,263.6491058517715,265.1263878991983,251.32222018860654,256.5464782714844,3429100,0.0,0.0
2025-08-04 00:00:00-04:00,256.53667041558674,261.7413724184401,254.48217964012952,260.81195068359375,2498200,0.0,0.0
2025-08-05 00:00:00-04:00,262.43598674558206,270.59522316082484,261.5163577865748,264.87200927734375,3150000,0.0,0.0
2025-08-06 00:00:00-04:00,264.9111518391593,268.6483648713435,260.51847701052714,264.1089172363281,2153900,0.0,0.0
2025-08-07 00:00:00-04:00,264.1480775952779,266.29061439093135,261.7707520623956,265.12640380859375,1964200,0.0,0.0
2025-08-08 00:00:00-04:00,264.14804167397966,269.6658150976735,264.13824885921133,268.94183349609375,1518200,0.0,0.0
2025-08-11 00:00:00-04:00,269.46034093583006,273.46169095921556,268.7559449747364,271.03546142578125,1609600,0.0,0.0
2025-08-12 00:00:00-04:00,269.09839560350895,275.6238443346529,268.80490969314377,274.3911437988281,1600500,0.0,0.0
2025-08-13 00:00:00-04:00,276.83694966184567,281.16116434721795,275.24227327302316,280.87744140625,1410000,0.0,0.0
2025-08-14 00:00:00-04:00,275.2618343458004,285.6712390304628,275.0172528055346,284.0570068359375,1990800,0.0,0.0
2025-08-15 00:00:00-04:00,288.8507821067842,293.67392263237315,287.54962152561416,290.4258728027344,2918000,0.0,0.0
2025-08-18 00:00:00-04:00,291.7759652397756,296.5502013639737,291.0520134828932,291.854248046875,1961600,0.0,0.0
2025-08-19 00:00:00-04:00,292.56842759614676,296.0317105787287,291.54119706572226,295.5621032714844,1482000,0.0,0.0
2025-08-20 00:00:00-04:00,296.77525190440645,299.04497580159386,294.7696653269215,297.96881103515625,1588100,0.0,0.0
2025-08-21 00:00:00-04:00,297.7927210681398,298.6732086612967,294.1729022498722,294.4272766113281,999100,0.0,0.0
2025-08-22 00:00:00-04:00,296.10019697002406,301.7353651637537,295.86540824733356,297.7535705566406,1127500,0.0,0.0
2025-08-25 00:00:00-04:00,297.5481104769426,297.5481104769426,292.304267124621,294.2413635253906,1051900,0.0,0.0
2025-08-26 00:00:00-04:00,293.6347910471906,294.5837386410915,291.4922546378805,293.8108825683594,2487000,0.0,0.0
2025-08-27 00:00:00-04:00,294.75007409702704,295.05335278706826,291.8150959176795,293.44891357421875,994800,0.0,0.0
2025-08-28 00:00:00-04:00,292.66627420749154,293.0086943457358,288.46924648635763,292.51953125,1949100,0.0,0.0
2025-08-29 00:00:00-04:00,293.3412938185572,296.40345928412745,291.8835974856235,294.3489685058594,1588800,0.0,0.0
2025-09-02 00:00:00-04:00,294.750100243821,299.7004281569645,293.6348239619284,294.2022399902344,1431100,0.0,0.0
2025-09-03 00:00:00-04:00,293.4880071843899,294.6033131553309,291.3161222701565,293.9674072265625,1514100,0.0,0.0
2025-09-04 00:00:00-04:00,294.25260495346674,298.9526218170098,291.3224573664111,298.9427795410156,1556400,1.51,0.0
2025-09-05 00:00:00-04:00,298.54947301898795,302.40386426244316,298.2053234419448,300.20135498046875,1157700,0.0,0.0
2025-09-08 00:00:00-04:00,301.4599529367991,301.4599529367991,294.2526159933351,295.8553466796875,1210100,0.0,0.0
2025-09-09 00:00:00-04:00,297.6055641038786,299.6704016864973,295.12771099363147,296.95660400390625,1230100,0.0,0.0
2025-09-10 00:00:00-04:00,295.61927681131607,298.88373110740275,294.0263887530987,297.37933349609375,1574100,0.0,0.0
2025-09-11 00:00:00-04:00,299.3852576110578,302.43336243205226,297.93001111072533,300.7519836425781,1443800,0.0,0.0
2025-09-12 00:00:00-04:00,299.63106863026223,303.1413102441313,297.5465166545237,297.69403076171875,1107100,0.0,0.0
2025-09-15 00:00:00-04:00,297.92015000961527,298.4216259354828,290.7816498071111,292.1680603027344,1053700,0.0,0.0
2025-09-16 00:00:00-04:00,292.27622000559506,293.7609633074232,287.42871916814306,289.2870788574219,1660800,0.0,0.0
2025-09-17 00:00:00-04:00,290.0343700027288,294.685235347843,289.90654044674767,291.62725830078125,1256600,0.0,0.0
2025-09-18 00:00:00-04:00,291.253591313327,292.26635540695156,288.352970854371,288.8446044921875,1179500,0.0,0.0
2025-09-19 00:00:00-04:00,288.91340340794585,290.0048456611053,282.25669491542004,285.50146484375,2573900,0.0,0.0
2025-09-22 00:00:00-04:00,285.2458347087621,285.2458347087621,282.5516620439352,283.79058837890625,1340100,0.0,0.0
2025-09-23 00:00:00-04:00,283.9380576266113,287.19266964756974,282.21734003215573,285.22613525390625,1447200,0.0,0.0
2025-09-24 00:00:00-04:00,283.88894282261936,287.6056921049286,283.88894282261936,286.5535888671875,1348500,0.0,0.0
2025-09-25 00:00:00-04:00,288.0678307919504,288.10716988708225,278.0679888455204,279.3069152832031,1571300,0.0,0.0
2025-09-26 00:00:00-04:00,280.496657720441,281.9814009766366,279.8968790582575,281.3816223144531,1468600,0.0,0.0
2025-09-29 00:00:00-04:00,280.32954032727355,282.9155383773389,278.82514241314004,281.8437805175781,1218000,0.0,0.0
2025-09-30 00:00:00-04:00,282.02072334679207,287.55652283410586,281.6569192608865,283.4267883300781,1692600,0.0,0.0
2025-10-01 00:00:00-04:00,283.1613233314882,287.63517747221994,281.57824740017924,286.7698974609375,1788200,0.0,0.0
2025-10-02 00:00:00-04:00,285.1573677036564,292.09923264628316,283.2793235043144,292.0107421875,1699500,0.0,0.0
2025-10-03 00:00:00-04:00,291.80423753483404,310.1913487858759,290.99798112173363,305.796142578125,2837000,0.0,0.0
2025-10-06 00:00:00-04:00,304.81287977006514,306.0911153276159,296.34696225462045,297.920166015625,1555100,0.0,0.0
2025-10-07 00:00:00-04:00,297.7235437579775,304.07544274531404,297.7235437579775,302.0007629394531,1037900,0.0,0.0
2025-10-08 00:00:00-04:00,302.84634764013055,305.6781624451484,300.07352647630563,301.6271057128906,1172200,0.0,0.0
2025-10-09 00:00:00-04:00,302.54152401277787,306.9563846762113,300.02436207478667,301.00762939453125,1153800,0.0,0.0
2025-10-10 00:00:00-04:00,302.35470713811736,303.29863538284985,294.9802020859682,295.697998046875,1108400,0.0,0.0
2025-10-13 00:00:00-04:00,293.75108897266995,296.30758980695714,290.18182407793427,290.46697998046875,845600,0.0,0.0
2025-10-14 00:00:00-04:00,291.3715860935678,298.79527222005794,291.1651083623063,297.0745544433594,1073900,0.0,0.0
2025-10-15 00:00:00-04:00,294.2820750460239,296.13062234869034,287.19269629410263,289.64105224609375,986400,0.0,0.0
2025-10-16 00:00:00-04:00,289.1002667882457,291.29296386728066,284.86238674401443,286.19964599609375,1029000,0.0,0.0
2025-10-17 00:00:00-04:00,286.8682011912736,294.90150729486476,285.6587717513646,294.2623596191406,1729700,0.0,0.0
2025-10-20 00:00:00-04:00,294.9113387047044,303.5346116803523,294.38039599539286,301.7057189941406,1608900,0.0,0.0
2025-10-21 00:00:00-04:00,301.3812807501574,304.41957321746986,299.021415138281,302.3547058105469,1381100,0.0,0.0
2025-10-22 00:00:00-04:00,302.3940713307823,305.8453195769058,298.59864347866807,302.7185363769531,923300,0.0,0.0
2025-10-23 00:00:00-04:00,300.87979393657844,300.87979393657844,295.47182378412356,299.9653625488281,1214000,0.0,0.0
2025-10-24 00:00:00-04:00,301.3026256943583,301.3026256943583,295.05887163015086,296.7304382324219,1318300,0.0,0.0
2025-10-27 00:00:00-04:00,296.4059246380861,304.5276917217354,295.9634423726288,304.0065612792969,1375000,0.0,0.0
2025-10-28 00:00:00-04:00,304.4490991837527,306.1304780872846,301.11580819237366,303.24951171875,1173600,0.0,0.0
2025-10-29 00:00:00-04:00,300.80113406906855,300.8896245218383,293.22996414700714,294.1148986816406,1992400,0.0,0.0
2025-10-30 00:00:00-04:00,260.56585806819413,268.74664994581195,241.5003039968526,242.9653778076172,9349000,0.0,0.0
2025-10-31 00:00:00-04:00,243.90927782862227,244.37141464813584,236.64293326672916,240.3203582763672,5144700,0.0,0.0
2025-11-03 00:00:00-05:00,238.6783125771631,256.69176192071154,235.50234835875492,254.29258728027344,5479600,0.0,0.0
2025-11-04 00:00:00-05:00,253.38800460549692,260.3691786887295,251.71643813075974,260.2315368652344,3686500,0.0,0.0
2025-11-05 00:00:00-05:00,257.08508928476124,261.7261126722998,255.12839673599703,255.23654174804688,3202200,0.0,0.0
2025-11-06 00:00:00-05:00,255.23652540517045,260.14304988437425,251.39196147088518,252.090087890625,2882000,0.0,0.0
2025-11-07 00:00:00-05:00,252.6996795873287,261.43109744188365,251.2542755505012,260.15283203125,3025500,0.0,0.0
2025-11-10 00:00:00-05:00,256.7311099099805,259.17943599804147,252.22772866373077,253.84030151367188,2543300,0.0,0.0
2025-11-11 00:00:00-05:00,255.90517566567146,264.64640699322473,255.16772513717078,263.5156555175781,3298600,0.0,0.0
2025-11-12 00:00:00-05:00,262.0407557028325,271.51946761076096,262.0407557028325,266.08197021484375,2459700,0.0,0.0
2025-11-13 00:00:00-05:00,266.21962797599605,270.8016573067201,265.7673334088934,266.3572998046875,2678100,0.0,0.0
2025-11-14 00:00:00-05:00,267.4487302770563,269.02196410360335,263.210850223589,265.14788818359375,1960300,0.0,0.0
2025-11-17 00:00:00-05:00,265.43303325440655,270.0150327013575,263.85979949231285,266.7899169921875,2003300,0.0,0.0
2025-11-18 00:00:00-05:00,265.67887482020467,269.62175685774196,263.7909881285886,268.04852294921875,2048200,0.0,0.0
2025-11-19 00:00:00-05:00,270.15266991511317,271.3817539456642,266.48507236545254,267.4388427734375,1732700,0.0,0.0
2025-11-20 00:00:00-05:00,266.8686093029787,269.8380660559149,263.0436847040714,265.0888977050781,2005800,0.0,0.0
2025-11-21 00:00:00-05:00,267.065215230228,275.403332683042,265.69848929563443,273.4367980957031,1928700,0.0,0.0
2025-11-24 00:00:00-05:00,273.9284403365657,276.298118189486,265.0298830524551,266.9275817871094,2640400,0.0,0.0
2025-11-25 00:00:00-05:00,269.11043765447727,275.5016752925002,266.7014206958321,273.54498291015625,1862100,0.0,0.0
2025-11-26 00:00:00-05:00,273.54499026331837,275.8949836390156,271.38179007875584,273.6924743652344,1103100,0.0,0.0
2025-11-28 00:00:00-05:00,274.27257762828935,275.5508130901885,272.4141880647807,272.6403503417969,562900,0.0,0.0
2025-12-01 00:00:00-05:00,272.43386705216994,274.0267552129754,268.6974334583313,268.992431640625,1978700,0.0,0.0
2025-12-02 00:00:00-05:00,269.87735387336,271.49973877775733,266.77022587114726,269.5135498046875,1534600,0.0,0.0
2025-12-03 00:00:00-05:00,271.3817648218314,273.30896025703,265.5411548740241,265.79681396484375,1925700,0.0,0.0
2025-12-04 00:00:00-05:00,266.9735004610835,269.04006949174095,263.522630426098,265.4112243652344,1551400,1.51,0.0
2025-12-05 00:00:00-05:00,265.4507365895126,266.06378198092193,260.9121910050019,262.464599609375,1095700,0.0,0.0
2025-12-08 00:00:00-05:00,262.46460325897624,262.5239282863571,255.3749607319903,260.5859069824219,2547000,0.0,0.0
2025-12-09 00:00:00-05:00,262.19764461543065,263.51272297633,259.49823512664034,259.76519775390625,1160200,0.0,0.0
2025-12-10 00:00:00-05:00,259.22136280144065,261.1890465568204,258.3215596806323,259.65643310546875,1373700,0.0,0.0
2025-12-11 00:00:00-05:00,261.9405131679742,270.4638830418484,260.8330725591404,269.2081298828125,2084100,0.0,0.0
2025-12-12 00:00:00-05:00,270.79017791980795,272.1843762801125,269.3465520999406,271.62078857421875,1758600,0.0,0.0
2025-12-15 00:00:00-05:00,272.9161292604029,274.8838130864091,271.13628790490475,274.0433349609375,1713700,0.0,0.0
2025-12-16 00:00:00-05:00,274.37952011713253,274.56739276309753,271.60102068006796,273.0149841308594,1600200,0.0,0.0
2025-12-17 00:00:00-05:00,272.49093297165626,274.3993219920524,270.61223664129807,270.77044677734375,1681100,0.0,0.0
2025-12-18 00:00:00-05:00,270.0684068274487,272.44149845572747,267.58653253167324,270.92864990234375,1678900,0.0,0.0
2025-12-19 00:00:00-05:00,270.4144892527076,272.30308309507774,267.68541728722016,268.8423156738281,4195300,0.0,0.0
2025-12-22 00:00:00-05:00,265.97478972232796,272.6491266709312,265.7869170830683,272.5107116699219,1420100,0.0,0.0
2025-12-23 00:00:00-05:00,272.34261867424397,272.8469115937273,270.2266222409666,270.68145751953125,1013000,0.0,0.0
2025-12-24 00:00:00-05:00,270.92864619903685,272.61946981194285,269.50478520643287,271.77899169921875,578400,0.0,0.0
2025-12-26 00:00:00-05:00,272.07561863008726,273.6774545358163,270.8692929198293,273.4104919433594,760200,0.0,0.0
2025-12-29 00:00:00-05:00,273.8950002299792,274.775038361165,272.22394167735234,272.9161071777344,992300,0.0,0.0
2025-12-30 00:00:00-05:00,272.92599393367027,274.2114399291065,271.9174382984332,273.380859375,787700,0.0,0.0
2025-12-31 00:00:00-05:00,273.41051779382826,274.3300858747283,271.5219239932347,272.1448669433594,1200600,0.0,0.0
2026-01-02 00:00:00-05:00,273.55882490473084,277.3557773804302,270.9286381541457,275.9912414550781,1099400,0.0,0.0
2026-01-05 00:00:00-05:00,274.5080687837962,281.97345665989525,274.04333594866023,280.7868957519531,1498900,0.0,0.0
2026-01-06 00:00:00-05:00,281.74599874927253,285.79014872199116,277.61286124273795,281.5680236816406,1720000,0.0,0.0
2026-01-07 00:00:00-05:00,283.78291660671465,283.78291660671465,274.6761631675335,275.9912414550781,1947300,0.0,0.0
2026-01-08 00:00:00-05:00,277.1679170462556,283.5159665795305,276.3768965611827,280.7275695800781,1398600,0.0,0.0
2026-01-09 00:00:00-05:00,283.3181701244218,283.66425287039215,275.08155768289816,275.8231506347656,1696400,0.0,0.0
2026-01-12 00:00:00-05:00,276.366966428562,276.366966428562,267.5271762511188,272.92596435546875,1616600,0.0,0.0
2026-01-13 00:00:00-05:00,273.390716583839,273.40061414647676,267.27999762188847,268.76318359375,1014100,0.0,0.0
2026-01-14 00:00:00-05:00,269.1389436229953,273.5687368316541,267.92272019621356,267.9622802734375,1822500,0.0,0.0
2026-01-15 00:00:00-05:00,268.4962388749691,274.8838184369914,265.9352745472813,274.8244934082031,1656800,0.0,0.0
2026-01-16 00:00:00-05:00,273.222636623997,273.8554469417303,267.7348304719805,269.15869140625,1702700,0.0,0.0
2026-01-20 00:00:00-05:00,267.5371120774974,271.4032874097828,265.3518628621852,268.1995849609375,1512800,0.0,0.0
2026-01-21 00:00:00-05:00,268.4962407921326,273.33141172589103,267.58654005171996,271.8284606933594,1212800,0.0,0.0
2026-01-22 00:00:00-05:00,271.6702457438217,277.5832250129992,271.18574795534226,277.2470397949219,1427800,0.0,0.0
2026-01-23 00:00:00-05:00,276.8514964562098,277.8798472259922,274.6267173971262,276.07037353515625,1024000,0.0,0.0
2026-01-26 00:00:00-05:00,276.36698157202363,278.33466527303267,273.99389009094074,277.26678466796875,1324000,0.0,0.0
2026-01-27 00:00:00-05:00,275.872598007595,278.2358222023644,266.55817658259315,267.0624694824219,2225100,0.0,0.0
2026-01-28 00:00:00-05:00,265.8858102826509,270.5133434658461,262.7711256468655,269.3268127441406,1583500,0.0,0.0
2026-01-29 00:00:00-05:00,270.45399639862654,272.9951955048241,267.1415720002425,268.2292175292969,1554600,0.0,0.0
2026-01-30 00:00:00-05:00,268.4665525457661,271.0373840332031,265.4408556439713,271.0373840332031,1752400,0.0,0.0
2026-02-02 00:00:00-05:00,269.04006917539834,272.7480344552202,265.747409284136,268.4962463378906,1890600,0.0,0.0
2026-02-03 00:00:00-05:00,268.7137853161235,273.6082814495524,268.28858235796577,272.3031005859375,1419900,0.0,0.0
2026-02-04 00:00:00-05:00,266.7757128247936,278.71042354905717,266.14290248220163,268.664306640625,4096100,0.0,0.0
2026-02-05 00:00:00-05:00,274.0927843926331,281.8053395089966,270.87921473156564,281.3406066894531,3927100,0.0,0.0
2026-02-06 00:00:00-05:00,280.539693061496,294.46185256487456,280.3221579047793,288.77630615234375,2865800,0.0,0.0
2026-02-09 00:00:00-05:00,291.6932560401016,293.6708374369836,285.4638867101221,291.0999755859375,1730900,0.0,0.0
2026-02-10 00:00:00-05:00,293.32473742680577,293.57193508689505,284.2674115400762,284.5838317871094,1814200,0.0,0.0
2026-02-11 00:00:00-05:00,283.7334797348511,293.03797289020605,280.02551491957854,291.42626953125,2434200,0.0,0.0
2026-02-12 00:00:00-05:00,291.4262929909401,293.6708370099584,283.2885346914245,284.3860778808594,1412700,0.0,0.0
2026-02-13 00:00:00-05:00,284.4058666805417,290.0320880353752,284.4058666805417,288.17315673828125,1071500,0.0,0.0
2026-02-17 00:00:00-05:00,291.12962692694583,293.9180238316563,286.16590867444773,287.4513244628906,1048200,0.0,0.0
2026-02-18 00:00:00-05:00,287.0854855984889,288.85542938448486,284.38607614893067,286.8679504394531,932700,0.0,0.0
2026-02-19 00:00:00-05:00,286.75917686316933,286.75917686316933,282.09208393787395,282.71502685546875,830400,0.0,0.0
2026-02-20 00:00:00-05:00,282.4381788351863,283.0314290912694,274.0532231684226,277.16790771484375,1943700,0.0,0.0
2026-02-23 00:00:00-05:00,275.9714846106123,281.17250306406993,275.59573932442214,280.0057373046875,1632400,0.0,0.0
2026-02-24 00:00:00-05:00,280.3320327543809,281.52846093163606,274.0631039693779,277.85015869140625,2287500,0.0,0.0
2026-02-25 00:00:00-05:00,280.63857205120183,283.8719066426272,278.67085812065284,281.2516174316406,1759500,0.0,0.0
2026-02-26 00:00:00-05:00,283.5357156668802,286.34387745992336,282.6556775141383,285.58251953125,1215700,0.0,0.0
2026-02-27 00:00:00-05:00,284.55417816161525,287.1250399419312,281.52848112166924,286.5713195800781,2245800,0.0,0.0
2026-03-02 00:00:00-05:00,285.67152633223355,289.0433062588732,284.1784427108468,287.58978271484375,1295500,0.0,0.0
2026-03-03 00:00:00-05:00,279.82774641550384,283.2192910115659,268.7335144142015,280.747314453125,2673700,0.0,0.0
2026-03-04 00:00:00-05:00,277.94906591060254,282.70514666270003,277.6524106015953,281.5482482910156,1422100,0.0,0.0
2026-03-05 00:00:00-05:00,279.2217464928533,280.9616626826206,277.5017041365175,279.6492614746094,1577700,1.56,0.0
2026-03-06 00:00:00-05:00,280.7628278076456,280.7628278076456,266.22704563791376,270.0648193359375,2109000,0.0,0.0
2026-03-09 00:00:00-04:00,267.12188493480244,269.6870051262876,262.94607400905824,268.1061706542969,1677700,0.0,0.0
2026-03-10 00:00:00-04:00,268.3149443012991,268.44420006711914,260.51017167544626,260.9277648925781,2044800,0.0,0.0
2026-03-11 00:00:00-04:00,260.897925365471,262.0313405956074,256.65254119774386,259.3667907714844,2055800,0.0,0.0
2026-03-12 00:00:00-04:00,261.7629067574928,267.3306440801626,261.5640470760045,264.3479309082031,2086600,0.0,0.0
2026-03-13 00:00:00-04:00,268.44419631486454,269.40860815973895,263.83091852527565,265.650390625,1331700,0.0,0.0
2026-03-16 00:00:00-04:00,267.2610518147983,268.2851155015026,264.4871199481996,266.8037109375,1166200,0.0,0.0
2026-03-17 00:00:00-04:00,269.1103678011361,270.0350017044727,259.63528245953177,261.95184326171875,2092600,0.0,0.0
2026-03-18 00:00:00-04:00,261.47457530069227,267.04231275067315,257.7163578317576,263.0852355957031,1650500,0.0,0.0
2026-03-19 00:00:00-04:00,264.9047215380527,267.16163041829276,261.81262620610346,263.0455017089844,1522500,0.0,0.0
2026-03-20 00:00:00-04:00,261.7629064785511,264.6461898066939,259.50599777052867,261.325439453125,3839900,0.0,0.0
2026-03-23 00:00:00-04:00,263.68178091586344,263.9701183543825,257.5075730839362,259.98321533203125,2044800,0.0,0.0
2026-03-24 00:00:00-04:00,260.5101608234416,265.2228683273463,259.10828197381466,264.3379821777344,1319800,0.0,0.0
2026-03-25 00:00:00-04:00,264.83512480778757,269.38875104139146,262.7671234804528,268.8021240234375,1771900,0.0,0.0
2026-03-26 00:00:00-04:00,268.29507615794364,271.5362707506632,268.29507615794364,270.51220703125,1676900,0.0,0.0
2026-03-27 00:00:00-04:00,270.2239057743706,270.2239057743706,258.3228778473349,260.4505310058594,2261600,0.0,0.0
2026-03-30 00:00:00-04:00,262.5085917352895,263.26422213411416,256.3642097266003,256.5928649902344,2393000,0.0,0.0
2026-03-31 00:00:00-04:00,258.00469741892795,265.4614805813247,256.5232928733515,265.2129211425781,1509500,0.0,0.0
2026-04-01 00:00:00-04:00,265.01408054075597,267.3604975892072,263.74145733639057,265.7796630859375,1157900,0.0,0.0
2026-04-02 00:00:00-04:00,265.93873863539665,269.62735239114386,264.1192664634027,268.4640808105469,904500,0.0,0.0
2026-04-06 00:00:00-04:00,269.6273400014072,275.04594791883784,268.08628361330125,274.1014099121094,1045100,0.0,0.0
2026-04-07 00:00:00-04:00,276.7560109200674,277.39233765649925,271.09882592669635,272.6697082519531,1515300,0.0,0.0
2026-04-08 00:00:00-04:00,274.36984582784845,276.18931793376964,270.9099178156015,275.96063232421875,1067600,0.0,0.0
2026-04-09 00:00:00-04:00,274.34002141294627,277.75024969221033,274.2008439024298,276.84552001953125,908000,0.0,0.0
2026-04-10 00:00:00-04:00,276.2688613067574,276.80575823130147,269.58758186728176,269.68701171875,906700,0.0,0.0
2026-04-13 00:00:00-04:00,268.4740317289433,273.55460266102097,267.45992009668896,273.5346984863281,1173100,0.0,0.0
2026-04-14 00:00:00-04:00,272.2819548608497,274.70789756934164,269.9455202568935,271.02923583984375,939500,0.0,0.0
2026-04-15 00:00:00-04:00,269.4086049847933,269.9653756988059,263.3735745456367,267.08209228515625,1886900,0.0,0.0
2026-04-16 00:00:00-04:00,269.03080305905684,274.8769261863837,268.2354249545719,274.7774963378906,1270600,0.0,0.0
2026-04-17 00:00:00-04:00,273.96220245102563,278.3169686916365,273.2264762184629,277.034423828125,1899100,0.0,0.0
2026-04-20 00:00:00-04:00,278.16786001028925,279.38083138155815,276.50746947698394,278.30706787109375,1271600,0.0,0.0
2026-04-21 00:00:00-04:00,282.3635175255758,284.02390789800546,274.3201378680553,275.09564208984375,1975000,0.0,0.0
2026-04-22 00:00:00-04:00,275.44363919634407,279.2018567382643,273.09722229081683,273.11712646484375,1357900,0.0,0.0
2026-04-23 00:00:00-04:00,274.6780524381554,278.7444811971452,273.832974623519,278.1081848144531,1694500,0.0,0.0
2026-04-24 00:00:00-04:00,277.7204369366792,278.5953710730394,270.76077219601666,274.0517272949219,1594700,0.0,0.0
2026-04-27 00:00:00-04:00,273.72359313816304,282.8009886706683,273.72359313816304,280.9516906738281,1467900,0.0,0.0
2026-04-28 00:00:00-04:00,283.0296693260567,287.2352755257062,282.65185413214266,283.2782287597656,1800000,0.0,0.0
2026-04-29 00:00:00-04:00,281.7371495012921,291.5701755223587,281.7371495012921,290.6355895996094,2120400,0.0,0.0
2026-04-30 00:00:00-04:00,292.07723016827106,292.07723016827106,278.50589014649154,288.9056091308594,2412500,0.0,0.0
2026-05-01 00:00:00-04:00,287.414249252056,288.468169232168,279.6890324857858,281.2698669433594,1520000,0.0,0.0
2026-05-04 00:00:00-04:00,281.3692877043386,282.4132252216738,275.81150223486105,277.7403259277344,1598000,0.0,0.0
2026-05-05 00:00:00-04:00,277.6309521943783,279.1620868945167,272.43110794471215,274.07159423828125,1840300,0.0,0.0
2026-05-06 00:00:00-04:00,274.9266336965576,283.1788258866333,274.17103357849726,280.3551940917969,2579100,0.0,0.0
2026-05-07 00:00:00-04:00,281.6675636896133,283.92450297110133,279.13226937252125,282.4033203125,1201000,0.0,0.0
2026-05-08 00:00:00-04:00,284.0239338516778,286.80778763511603,282.16468362510835,286.400146484375,1659200,0.0,0.0
2026-05-11 00:00:00-04:00,288.71672856723495,291.3116746545645,285.34624786982937,287.4043273925781,1695800,0.0,0.0
2026-05-12 00:00:00-04:00,288.32895065085904,296.98875305230945,284.779514562556,296.77001953125,2291500,0.0,0.0
2026-05-13 00:00:00-04:00,296.57119545403924,301.5821320117963,294.80145342192117,298.97723388671875,2224300,0.0,0.0
2026-05-14 00:00:00-04:00,299.1661303149038,299.1661303149038,292.52462948445555,293.23052978515625,1409800,0.0,0.0
2026-05-15 00:00:00-04:00,292.30589660994593,294.5628053648306,283.2682791618907,283.6261901855469,2177800,0.0,0.0
2026-05-18 00:00:00-04:00,284.5906057751269,288.6471128139259,282.10501138331864,285.03802490234375,1375000,0.0,0.0
2026-05-19 00:00:00-04:00,284.43154418079496,291.56024275032024,279.70891450282727,289.6015930175781,1259600,0.0,0.0
2026-05-20 00:00:00-04:00,289.5916250929364,290.67534062402837,281.36928963681925,281.4687194824219,1291400,0.0,0.0
2026-05-21 00:00:00-04:00,279.89780908818597,283.8350125456418,278.05849346734954,280.3949279785156,1158400,0.0,0.0
2026-05-22 00:00:00-04:00,282.44304948702376,284.9087700546416,280.33527029067506,284.5906066894531,1435100,0.0,0.0
2026-05-26 00:00:00-04:00,281.3693013992141,282.60214657938354,278.05850282851753,279.2117919921875,2321800,0.0,0.0
2026-05-27 00:00:00-04:00,279.8779438916571,284.98834080596504,279.4703027480009,284.10345458984375,1422900,0.0,0.0
2026-05-28 00:00:00-04:00,284.48126611523213,287.00663861889115,282.36353474993086,282.6916198730469,1531800,0.0,0.0
2026-05-29 00:00:00-04:00,282.5623790554598,285.65444387607977,274.54882526406027,275.8015441894531,2400100,0.0,0.0
2026-06-01 00:00:00-04:00,274.0317990626235,276.37821588975527,271.49650498064716,272.61004638671875,1077900,0.0,0.0
2026-06-02 00:00:00-04:00,272.1228930018726,275.48339121713764,269.8957797383751,271.1485290527344,1300500,0.0,0.0
2026-06-03 00:00:00-04:00,270.9198513422803,273.17679059139306,268.8717238794709,269.1700134277344,1408300,0.0,0.0
2026-06-04 00:00:00-04:00,277.0,284.1199951171875,275.55999755859375,280.67999267578125,2551000,1.56,0.0
2026-06-05 00:00:00-04:00,283.0,290.32000732421875,283.0,289.4800109863281,1703900,0.0,0.0
2026-06-08 00:00:00-04:00,287.510009765625,291.3999938964844,286.260009765625,289.6099853515625,1512300,0.0,0.0
2026-06-09 00:00:00-04:00,290.79998779296875,295.0400085449219,289.3800048828125,295.0,1685500,0.0,0.0
2026-06-10 00:00:00-04:00,298.0,298.0,290.3900146484375,295.80999755859375,1472400,0.0,0.0
2026-06-11 00:00:00-04:00,296.8699951171875,297.2200012207031,293.3999938964844,294.8399963378906,1132500,0.0,0.0
2026-06-12 00:00:00-04:00,296.2200012207031,299.2699890136719,295.25,298.0,1324100,0.0,0.0
2026-06-15 00:00:00-04:00,296.6000061035156,298.0,291.489990234375,293.8299865722656,1125100,0.0,0.0
2026-06-16 00:00:00-04:00,295.67999267578125,295.7200012207031,288.3699951171875,291.8800048828125,1081900,0.0,0.0
2026-06-17 00:00:00-04:00,290.1300048828125,291.1499938964844,284.1099853515625,285.0899963378906,1047600,0.0,0.0
2026-06-18 00:00:00-04:00,284.8299865722656,286.19000244140625,279.20001220703125,279.2699890136719,2445700,0.0,0.0
2026-06-22 00:00:00-04:00,282.260009765625,284.25,279.3900146484375,282.0799865722656,1498600,0.0,0.0
2026-06-23 00:00:00-04:00,286.7300109863281,286.7300109863281,281.0400085449219,283.0799865722656,1401900,0.0,0.0
2026-06-24 00:00:00-04:00,283.6400146484375,283.6400146484375,275.2900085449219,279.4599914550781,2698100,0.0,0.0
2026-06-25 00:00:00-04:00,278.8999938964844,285.5,278.8999938964844,281.8699951171875,1264300,0.0,0.0
2026-06-26 00:00:00-04:00,284.1600036621094,289.0,280.7099914550781,282.7900085449219,3279700,0.0,0.0
2026-06-29 00:00:00-04:00,283.1000061035156,284.3450012207031,278.44000244140625,278.739990234375,1009659,0.0,0.0
