Date,Open,High,Low,Close,Volume,Dividends,Stock Splits
2022-01-03 00:00:00-05:00,39.06380914137148,39.43141682638711,38.996289479301325,39.34138870239258,18240100,0.0,0.0
2022-01-04 00:00:00-05:00,39.49143498689729,40.29416720335054,39.42391532094086,40.11411666870117,26376800,0.0,0.0
2022-01-05 00:00:00-05:00,40.39169787577218,40.99187111857713,40.14412480332352,40.526737213134766,28697300,0.0,0.0
2022-01-06 00:00:00-05:00,40.87182993149505,40.9243449029736,40.25665209830233,40.33167266845703,21563800,0.0,0.0
2022-01-07 00:00:00-05:00,40.437967839648664,41.2731510649698,40.437967839648664,41.18204116821289,26512500,0.64,0.0
2022-01-10 00:00:00-05:00,41.3718600297466,41.63000718132794,40.85556572658392,40.901119232177734,24929400,0.0,0.0
2022-01-11 00:00:00-05:00,40.93908294717186,41.06056669007599,40.362049650036504,40.68852996826172,18598500,0.0,0.0
2022-01-12 00:00:00-05:00,40.536680837083885,40.7416803221439,40.308904596905656,40.582237243652344,12778300,0.0,0.0
2022-01-13 00:00:00-05:00,40.63539123535156,41.022610614044,40.377244017445776,40.63539123535156,18178200,0.0,0.0
2022-01-14 00:00:00-05:00,40.68853357521674,40.77205220770115,40.3013142475451,40.453163146972656,18695800,0.0,0.0
2022-01-18 00:00:00-05:00,40.31649504740346,40.67334631729541,39.921684450656066,40.56705093383789,21570300,0.0,0.0
2022-01-19 00:00:00-05:00,40.59742054224197,40.756863612209976,40.14186518990666,40.62019729614258,18374200,0.0,0.0
2022-01-20 00:00:00-05:00,40.61260653538205,40.95426943363617,40.30131167727742,40.544273376464844,24297100,0.0,0.0
2022-01-21 00:00:00-05:00,40.79483250504936,40.92390755636726,40.29372356296999,40.362056732177734,25294800,0.0,0.0
2022-01-24 00:00:00-05:00,40.32408700835038,40.779639454166414,39.63316415760804,40.21019744873047,32500600,0.0,0.0
2022-01-25 00:00:00-05:00,40.339270861100445,40.88593319492807,39.6787160758807,40.164642333984375,32075900,0.0,0.0
2022-01-26 00:00:00-05:00,39.95206003098037,40.13428279153294,38.577808176462604,38.73725128173828,41504700,0.0,0.0
2022-01-27 00:00:00-05:00,38.65372697314064,39.53446391136776,38.57780252356311,38.86631774902344,35339600,0.0,0.0
2022-01-28 00:00:00-05:00,39.056126406568886,40.18741908646378,38.86631241235598,40.164642333984375,29490800,0.0,0.0
2022-01-31 00:00:00-05:00,39.87612441444421,40.4835286191365,39.640754017980825,40.41519546508789,25182400,0.0,0.0
2022-02-01 00:00:00-05:00,40.544269679945266,40.69611855584404,39.64075322815666,40.392417907714844,33045600,0.0,0.0
2022-02-02 00:00:00-05:00,40.66575304892309,41.21241540810481,40.46834486384016,40.84797286987305,24160200,0.0,0.0
2022-02-03 00:00:00-05:00,40.99982468987767,41.43260038545316,40.77204846531138,40.84038162231445,21219800,0.0,0.0
2022-02-04 00:00:00-05:00,40.635387608016956,40.87075804626348,40.41520263962494,40.47594451904297,16199800,0.0,0.0
2022-02-07 00:00:00-05:00,40.41519477852386,40.51389886521326,39.86852955542157,40.24056625366211,15438900,0.0,0.0
2022-02-08 00:00:00-05:00,40.24815850394272,40.36963934573013,39.92168109490858,40.10390090942383,13911700,0.0,0.0
2022-02-09 00:00:00-05:00,40.35445884619589,40.74167814416561,40.14945937209478,40.62019729614258,16449300,0.0,0.0
2022-02-10 00:00:00-05:00,40.49872276622205,40.650574574023835,40.164651106124,40.27094650268555,18644400,0.0,0.0
2022-02-11 00:00:00-05:00,40.20260802716951,40.589827334434645,40.012794016556185,40.4835319519043,18833100,0.0,0.0
2022-02-14 00:00:00-05:00,40.43037880366025,40.582230570921524,39.86093684867912,40.44556427001953,16081700,0.0,0.0
2022-02-15 00:00:00-05:00,40.46834435400647,40.688529289851225,40.35445769143048,40.51390075683594,12824100,0.0,0.0
2022-02-16 00:00:00-05:00,40.38482740810341,40.84797405228316,40.308902963231816,40.544273376464844,17277700,0.0,0.0
2022-02-17 00:00:00-05:00,40.316493284312166,40.688530006475844,40.07353159093942,40.680938720703125,17462500,0.0,0.0
2022-02-18 00:00:00-05:00,40.66575476248756,40.96945544231204,40.45316110064527,40.87075424194336,20298500,0.0,0.0
2022-02-22 00:00:00-05:00,40.999817404106366,41.02259415361596,40.688522610039556,40.923892974853516,19858400,0.0,0.0
2022-02-23 00:00:00-05:00,40.923901354738625,40.94667810891215,40.422792488597544,40.55186462402344,17841900,0.0,0.0
2022-02-24 00:00:00-05:00,40.21779362069811,40.36205122653353,39.26112938228481,39.92927551269531,30079700,0.0,0.0
2022-02-25 00:00:00-05:00,40.30131443979601,41.40982763036494,40.30131443979601,41.090938568115234,31444200,0.0,0.0
2022-02-28 00:00:00-05:00,40.84797549169905,41.07575173067223,40.544274805178816,40.749271392822266,30593900,0.0,0.0
2022-03-01 00:00:00-05:00,40.62019765126794,41.14408326988518,40.43797492947434,40.70371627807617,24693100,0.0,0.0
2022-03-02 00:00:00-05:00,40.74926980176411,41.31112053920367,40.64297442081574,41.10612106323242,20712900,0.0,0.0
2022-03-03 00:00:00-05:00,41.28834763381382,41.87297517985819,41.1364958341618,41.500938415527344,27577700,0.0,0.0
2022-03-04 00:00:00-05:00,41.32630365788747,42.055188711236234,41.19722863383703,41.84259796142578,26913800,0.0,0.0
2022-03-07 00:00:00-05:00,41.569272421845795,41.94130919370603,41.379458392522295,41.5161247253418,24962800,0.0,0.0
2022-03-08 00:00:00-05:00,41.72870883255423,42.017226921920795,40.38482537247654,40.430381774902344,36526700,0.0,0.0
2022-03-09 00:00:00-05:00,40.78723102837986,40.85556418051644,40.248157096488306,40.301307678222656,23049800,0.0,0.0
2022-03-10 00:00:00-05:00,40.24056693725959,40.49871408629527,40.073529694844815,40.41519546508789,17501800,0.0,0.0
2022-03-11 00:00:00-05:00,40.513908236635466,40.68094551485066,40.24816684889927,40.27094650268555,20838500,0.0,0.0
2022-03-14 00:00:00-04:00,40.567047320329586,40.749267133930694,39.81538262431277,39.860939025878906,23124100,0.0,0.0
2022-03-15 00:00:00-04:00,40.00519429607279,40.24056467932935,39.64075179370657,40.05834197998047,20477600,0.0,0.0
2022-03-16 00:00:00-04:00,40.14186296618485,40.24056705483941,39.44334885283064,39.85334777832031,28500700,0.0,0.0
2022-03-17 00:00:00-04:00,39.845760037581755,39.89131644655534,39.48131745478972,39.7546501159668,22931500,0.0,0.0
2022-03-18 00:00:00-04:00,39.572423414908215,39.701498445912534,38.57020568847656,38.57020568847656,70390600,0.0,0.0
2022-03-21 00:00:00-04:00,39.002980734103446,39.33705523482286,38.69928006547797,38.79798126220703,39892800,0.0,0.0
2022-03-22 00:00:00-04:00,38.866314944851396,39.07131441951873,38.68409512047947,38.7220573425293,28676600,0.0,0.0
2022-03-23 00:00:00-04:00,38.760014939224156,39.071309757015975,38.69168178915613,38.699275970458984,25988800,0.0,0.0
2022-03-24 00:00:00-04:00,38.75242827870191,38.866314944851396,38.66890965239316,38.7220573425293,21087300,0.0,0.0
2022-03-25 00:00:00-04:00,38.767619853243914,39.07132057381164,38.69928668425802,38.934654235839844,18765800,0.0,0.0
2022-03-28 00:00:00-04:00,38.99538045856429,39.01815720696913,38.68408567959643,38.85111999511719,21688600,0.0,0.0
2022-03-29 00:00:00-04:00,38.965024375882024,38.980209846048126,38.6916917055567,38.9118766784668,28193400,0.0,0.0
2022-03-30 00:00:00-04:00,38.88909795451118,39.200392836341436,38.78280256505678,39.18520736694336,23821200,0.0,0.0
2022-03-31 00:00:00-04:00,39.223171380404466,39.29150454764496,38.66891475560142,38.67650604248047,31027600,0.0,0.0
2022-04-01 00:00:00-04:00,38.73723784943072,39.62556589621999,38.58538608434759,39.572418212890625,30550300,0.0,0.0
2022-04-04 00:00:00-04:00,39.49649483122822,39.860937339342414,39.207976759513464,39.83056640625,25793000,0.0,0.0
2022-04-05 00:00:00-04:00,39.63316888851277,40.164648736294005,39.58002119336787,40.07353591918945,23150600,0.0,0.0
2022-04-06 00:00:00-04:00,40.09630854484793,40.56704643206375,39.91408583890509,40.392417907714844,28661700,0.0,0.0
2022-04-07 00:00:00-04:00,40.30788714908268,40.71519183305411,39.992801785112476,40.47695541381836,22790600,0.64,0.0
2022-04-08 00:00:00-04:00,40.52306661998402,41.25314332280659,40.346311701464764,41.13786697387695,24852200,0.0,0.0
2022-04-11 00:00:00-04:00,41.39915747931747,42.03701486178007,41.27619740857279,41.42221450805664,33614900,0.0,0.0
2022-04-12 00:00:00-04:00,41.39915368811464,41.53748412148446,41.05332760469007,41.245452880859375,21136400,0.0,0.0
2022-04-13 00:00:00-04:00,41.18397248896287,41.78340238589367,41.18397248896287,41.60664749145508,19798000,0.0,0.0
2022-04-14 00:00:00-04:00,41.4990634397669,41.64507760760514,41.329992243196806,41.3684196472168,16915100,0.0,0.0
2022-04-18 00:00:00-04:00,41.31462186601632,41.71424282869139,40.899633459653145,41.030277252197266,14394300,0.0,0.0
2022-04-19 00:00:00-04:00,41.17629057612422,41.42989441611517,41.08406833285563,41.30693435668945,12890000,0.0,0.0
2022-04-20 00:00:00-04:00,41.3146172540403,41.87562562880797,41.26850906492444,41.814144134521484,19563400,0.0,0.0
2022-04-21 00:00:00-04:00,41.96785076191246,42.659500079011615,41.86026106358144,42.27524948120117,32821100,0.0,0.0
2022-04-22 00:00:00-04:00,41.06869664401138,41.14554851094117,39.54706485798914,39.89289093017578,44958400,0.0,0.0
2022-04-25 00:00:00-04:00,39.45484815453086,39.53169709493612,38.07154670604196,38.640235900878906,46028400,0.0,0.0
2022-04-26 00:00:00-04:00,38.62487410321411,38.92459207318565,37.94090841429406,37.971649169921875,29507700,0.0,0.0
2022-04-27 00:00:00-04:00,38.04849523758806,38.04849523758806,37.21082876574992,37.24156951904297,30582000,0.0,0.0
2022-04-28 00:00:00-04:00,37.41832824283799,37.78720852491626,37.118613196874385,37.195465087890625,33011700,0.0,0.0
2022-04-29 00:00:00-04:00,37.01101666600363,37.041757416749654,35.48169802978134,35.58160400390625,41014200,0.0,0.0
2022-05-02 00:00:00-04:00,35.74298853501216,36.16566652861896,35.00522810697014,35.527809143066406,33309400,0.0,0.0
2022-05-03 00:00:00-04:00,35.65076839667291,36.43463993283739,35.39716453792518,36.25019836425781,33263100,0.0,0.0
2022-05-04 00:00:00-04:00,36.303997201545016,37.210825901081066,36.11955562758554,37.172401428222656,29564600,0.0,0.0
2022-05-05 00:00:00-04:00,36.91110891871032,37.14166160663067,36.43463903143339,36.76509475708008,20664300,0.0,0.0
2022-05-06 00:00:00-04:00,36.58064948494327,37.22619049616457,36.51917092423591,37.09554672241211,19322000,0.0,0.0
2022-05-09 00:00:00-04:00,36.98795336952757,37.5489587389187,36.695922173269636,37.36451721191406,24391300,0.0,0.0
2022-05-10 00:00:00-04:00,37.57970704704349,37.99469543604605,36.711299935028514,36.98796081542969,23007300,0.0,0.0
2022-05-11 00:00:00-04:00,37.026379493346894,37.28766995822393,36.596017865432145,36.79582977294922,20133200,0.0,0.0
2022-05-12 00:00:00-04:00,36.74203687415955,37.02638144659674,36.43463527634715,36.93416213989258,21623900,0.0,0.0
2022-05-13 00:00:00-04:00,37.08017728761883,37.23387809067487,36.588337063118686,37.02638244628906,21080500,0.0,0.0
2022-05-16 00:00:00-04:00,36.87268926331724,37.81026171727807,36.70361805185556,37.68730163574219,22754700,0.0,0.0
2022-05-17 00:00:00-04:00,37.61812976799864,37.817938765883326,37.29535777867835,37.610443115234375,22043100,0.0,0.0
2022-05-18 00:00:00-04:00,37.61813260964655,38.010066913857194,37.37221247139687,37.572021484375,22365100,0.0,0.0
2022-05-19 00:00:00-04:00,37.24156955482883,37.79489138823696,36.987965668916495,37.7334098815918,23186400,0.0,0.0
2022-05-20 00:00:00-04:00,37.68729791695242,38.1176566940626,37.595075666200835,38.06386184692383,24181800,0.0,0.0
2022-05-23 00:00:00-04:00,38.263669995507726,38.6325501671166,38.04080397570268,38.17144775390625,16761800,0.0,0.0
2022-05-24 00:00:00-04:00,38.18682201839408,39.05522915989715,37.5489675727869,38.94763946533203,25414700,0.0,0.0
2022-05-25 00:00:00-04:00,38.80930247845876,39.401048630417215,38.72476689509344,39.377994537353516,19831500,0.0,0.0
2022-05-26 00:00:00-04:00,39.431795072503185,39.66234483124548,39.12439343978064,39.185874938964844,15500400,0.0,0.0
2022-05-27 00:00:00-04:00,39.001438137115656,39.52401921761877,38.83236692530594,39.5009651184082,13347300,0.0,0.0
2022-05-31 00:00:00-04:00,39.39336677014025,39.62391945521696,39.07828142301448,39.41642379760742,25016600,0.0,0.0
2022-06-01 00:00:00-04:00,39.53170294015576,39.67772005275491,39.23198792402007,39.5009651184082,15358100,0.0,0.0
2022-06-02 00:00:00-04:00,39.616232802194844,39.64697355108496,38.72477160557565,39.41642379760742,13527800,0.0,0.0
2022-06-03 00:00:00-04:00,39.147441781413725,39.38567815833238,38.95531652210479,39.04753875732422,10819800,0.0,0.0
2022-06-06 00:00:00-04:00,39.13975815983295,39.462527189120024,38.97837364518941,39.377994537353516,12898100,0.0,0.0
2022-06-07 00:00:00-04:00,39.30883792782662,39.731513005541004,39.139766724101094,39.69308853149414,15383000,0.0,0.0
2022-06-08 00:00:00-04:00,39.754560439646454,39.931315335912394,39.53169442329415,39.61623001098633,13249700,0.0,0.0
2022-06-09 00:00:00-04:00,39.67003053620418,39.78530688713835,39.13207911784369,39.1474494934082,12078400,0.0,0.0
2022-06-10 00:00:00-04:00,38.92458159346933,39.5009574141134,38.786251161986826,39.05522537231445,19868500,0.0,0.0
2022-06-13 00:00:00-04:00,38.90152529652047,39.03217200941411,37.96395593751497,38.10997009277344,23762500,0.0,0.0
2022-06-14 00:00:00-04:00,38.10996617530431,38.3020914327052,37.57970152025341,37.779510498046875,20278700,0.0,0.0
2022-06-15 00:00:00-04:00,37.83331007809459,38.294412512616375,37.34915354790642,37.77183151245117,22005600,0.0,0.0
2022-06-16 00:00:00-04:00,37.28767211724454,37.63349818366436,36.89573493143577,37.533592224121094,22029300,0.0,0.0
2022-06-17 00:00:00-04:00,37.356842123714905,38.03312397019735,37.29536062330773,37.67961120605469,36469500,0.0,0.0
2022-06-21 00:00:00-04:00,37.894791802856005,39.12439243909828,37.82562658384243,38.924583435058594,34258500,0.0,0.0
2022-06-22 00:00:00-04:00,38.62486556372,39.32420147583919,38.58644109348032,39.03217315673828,23650600,0.0,0.0
2022-06-23 00:00:00-04:00,39.216614794888976,40.10039233619326,39.216614794888976,40.031227111816406,21736400,0.0,0.0
2022-06-24 00:00:00-04:00,39.985114925834075,40.07733717695985,38.8631039215309,39.162818908691406,28490700,0.0,0.0
2022-06-27 00:00:00-04:00,39.41642570188833,39.57012652216532,38.924585422281424,39.162818908691406,16974900,0.0,0.0
2022-06-28 00:00:00-04:00,39.2473544497707,39.42410936677433,38.75551417087375,38.778568267822266,16615700,0.0,0.0
2022-06-29 00:00:00-04:00,38.79393965022251,39.19356062010175,38.67097957730577,39.1474494934082,13901400,0.0,0.0
2022-06-30 00:00:00-04:00,38.93995663416893,39.362634663733886,38.77857207648027,39.00143814086914,18880500,0.0,0.0
2022-07-01 00:00:00-04:00,39.162828389407444,39.785315543004074,38.870799984944846,39.68540954589844,14189300,0.0,0.0
2022-07-05 00:00:00-04:00,39.516326904296875,39.5470676532416,38.79393689369092,39.516326904296875,19675600,0.0,0.0
2022-07-06 00:00:00-04:00,39.516329770773964,39.87752626807738,39.29346665375638,39.58549499511719,14938900,0.0,0.0
2022-07-07 00:00:00-04:00,39.655533360988485,39.73335212416857,39.18863265583716,39.46099090576172,13617100,0.64,0.0
2022-07-08 00:00:00-04:00,39.31313143227896,39.62439751402497,39.227532295042266,39.28978729248047,13959200,0.0,0.0
2022-07-11 00:00:00-04:00,39.196410189085064,39.484335139127836,39.11081104007138,39.29757308959961,12259000,0.0,0.0
2022-07-12 00:00:00-04:00,39.4143010326715,39.96680087088036,39.12637607319745,39.51546096801758,20528700,0.0,0.0
2022-07-13 00:00:00-04:00,39.25088723321537,39.75669883686956,39.064128126484505,39.30535888671875,13362500,0.0,0.0
2022-07-14 00:00:00-04:00,38.84622785693745,39.34425893099806,38.698376690744226,39.28978729248047,10271700,0.0,0.0
2022-07-15 00:00:00-04:00,39.686660978765175,39.71778848412545,39.18084940634878,39.70222473144531,13021300,0.0,0.0
2022-07-18 00:00:00-04:00,39.73335157621776,39.818947761811984,39.04077795163642,39.12637710571289,16173100,0.0,0.0
2022-07-19 00:00:00-04:00,39.28201113626635,39.34426614511956,39.095252046671135,39.2586669921875,14638500,0.0,0.0
2022-07-20 00:00:00-04:00,39.274226540710295,39.336478574418194,38.1380964986018,38.18478775024414,29611400,0.0,0.0
2022-07-21 00:00:00-04:00,37.06422604782872,37.2587684854555,36.32496419115056,37.08757019042969,32321000,0.0,0.0
2022-07-22 00:00:00-04:00,35.756899990648115,35.93587867384919,34.06048972737294,34.58964538574219,58265000,0.0,0.0
2022-07-25 00:00:00-04:00,34.53517682244452,34.862006716102414,34.278379361585685,34.83087921142578,27180700,0.0,0.0
2022-07-26 00:00:00-04:00,34.62854965577706,35.14992189988049,34.449570991302075,34.955379486083984,20571800,0.0,0.0
2022-07-27 00:00:00-04:00,34.869789341487596,35.08767593266666,34.58964774226756,34.94760513305664,21560500,0.0,0.0
2022-07-28 00:00:00-04:00,34.89312559196482,35.57791568309589,34.82309020800276,35.44562530517578,22051900,0.0,0.0
2022-07-29 00:00:00-04:00,35.57013960136713,36.18489443429954,35.46897966821277,35.943660736083984,23129800,0.0,0.0
2022-08-01 00:00:00-04:00,36.02148172623488,36.18489667620781,35.73355675515996,35.99813461303711,18612100,0.0,0.0
2022-08-02 00:00:00-04:00,35.99034555149845,36.13041632301525,35.258867164618664,35.28221130371094,18710300,0.0,0.0
2022-08-03 00:00:00-04:00,35.37559688305123,35.492323535453366,35.15771029828146,35.274436950683594,17314100,0.0,0.0
2022-08-04 00:00:00-04:00,35.18884398649929,35.18884398649929,34.519617394526094,34.57408905029297,29704300,0.0,0.0
2022-08-05 00:00:00-04:00,34.61298853244758,35.00207338955938,34.519608997915675,34.978729248046875,17297500,0.0,0.0
2022-08-08 00:00:00-04:00,34.978736573142704,35.02542486594498,34.51183286574246,34.65968704223633,20597000,0.0,0.0
2022-08-09 00:00:00-04:00,34.71415932653185,34.90091843809728,34.54296100052807,34.76863098144531,14554000,0.0,0.0
2022-08-10 00:00:00-04:00,35.025422516175716,35.06433338221051,34.74528387270839,34.89313507080078,16402700,0.0,0.0
2022-08-11 00:00:00-04:00,34.98650631962423,35.21995661804575,34.815311017305305,34.846435546875,15407300,0.0,0.0
2022-08-12 00:00:00-04:00,34.97873433729914,35.21996508397806,34.86979103641416,35.134368896484375,15090900,0.0,0.0
2022-08-15 00:00:00-04:00,35.04097916015779,35.51566313205343,34.9709437713784,35.45341110229492,15713600,0.0,0.0
2022-08-16 00:00:00-04:00,35.406724528462185,35.83471730818673,35.31334498725441,35.640174865722656,14112800,0.0,0.0
2022-08-17 00:00:00-04:00,35.35224668946933,35.577916595633226,35.21995630815611,35.28221130371094,11294400,0.0,0.0
2022-08-18 00:00:00-04:00,34.56629249605166,34.651891627724176,34.169427302866296,34.38731384277344,25957400,0.0,0.0
2022-08-19 00:00:00-04:00,34.31728535186077,34.6207740528757,34.208342060026624,34.56629943847656,19485400,0.0,0.0
2022-08-22 00:00:00-04:00,34.55074300224586,34.60521465501591,34.309509276776765,34.371761322021484,15031400,0.0,0.0
2022-08-23 00:00:00-04:00,34.239462941186794,34.34062582196057,33.78812314118185,33.82703399658203,19014200,0.0,0.0
2022-08-24 00:00:00-04:00,33.88928985595703,33.95154485685523,33.63249539845655,33.88928985595703,17384400,0.0,0.0
2022-08-25 00:00:00-04:00,33.967112122953864,34.099399560832616,33.788130461086396,34.037147521972656,14327600,0.0,0.0
2022-08-26 00:00:00-04:00,33.92041966223159,34.00601881004451,33.648061435992325,33.65584182739258,16795700,0.0,0.0
2022-08-29 00:00:00-04:00,33.476867775905006,33.9048606057517,33.476867775905006,33.718101501464844,15039500,0.0,0.0
2022-08-30 00:00:00-04:00,33.75700422807641,33.75700422807641,33.07221402416579,33.095558166503906,20705100,0.0,0.0
2022-08-31 00:00:00-04:00,33.04887023663887,33.14224977547585,32.496367458021915,32.5352783203125,28368200,0.0,0.0
2022-09-01 00:00:00-04:00,32.402987919184945,32.72203739798645,32.402987919184945,32.5352783203125,21641700,0.0,0.0
2022-09-02 00:00:00-04:00,32.68312029680377,32.846535185852304,32.0216773829514,32.13840103149414,21155700,0.0,0.0
2022-09-06 00:00:00-04:00,32.17732100501299,32.44189886366566,31.974998157093797,31.982778549194336,23898600,0.0,0.0
2022-09-07 00:00:00-04:00,32.01389713887007,32.41076530056466,31.904953868908883,31.967208862304688,25548300,0.0,0.0
2022-09-08 00:00:00-04:00,31.904958552556874,32.465241701442814,31.679288621090937,32.15397262573242,28753200,0.0,0.0
2022-09-09 00:00:00-04:00,32.43411221997139,32.932140335916316,32.270697301017286,32.86988830566406,20259500,0.0,0.0
2022-09-12 00:00:00-04:00,33.14225250397342,33.344575349523794,33.00218169994536,33.274539947509766,18553200,0.0,0.0
2022-09-13 00:00:00-04:00,32.99439794076105,33.15781287262272,32.34851563604783,32.48858642578125,21284500,0.0,0.0
2022-09-14 00:00:00-04:00,32.48859312611493,32.62866394473607,31.889401950565084,32.12285232543945,23152200,0.0,0.0
2022-09-15 00:00:00-04:00,31.928302764892578,32.115064804428314,31.679288691166207,31.928302764892578,22763400,0.0,0.0
2022-09-16 00:00:00-04:00,31.889400162026075,32.325176347571315,31.6403860469952,32.09950637817383,45069300,0.0,0.0
2022-09-19 00:00:00-04:00,31.95164979387958,32.09950097212801,31.663724859974124,32.09172058105469,18960900,0.0,0.0
2022-09-20 00:00:00-04:00,31.89718181583927,31.89718181583927,31.492533158449223,31.585912704467773,15561200,0.0,0.0
2022-09-21 00:00:00-04:00,31.663731845043582,31.82714977845274,30.714366595125345,30.72214698791504,25612100,0.0,0.0
2022-09-22 00:00:00-04:00,30.714355994285143,31.438053981732377,30.5509381172785,31.07231330871582,19806400,0.0,0.0
2022-09-23 00:00:00-04:00,30.78439669831555,31.025627423491972,30.434219713482943,30.75326919555664,19439700,0.0,0.0
2022-09-26 00:00:00-04:00,30.527601658271507,30.64432831857223,30.060700954033177,30.294151306152344,21345700,0.0,0.0
2022-09-27 00:00:00-04:00,30.50425708574434,30.893341989979643,30.17742422257592,30.263023376464844,20357700,0.0,0.0
2022-09-28 00:00:00-04:00,30.395312754313988,30.745486781436806,30.35640189042733,30.65210723876953,20567400,0.0,0.0
2022-09-29 00:00:00-04:00,30.434226072642502,30.504261484242758,29.920634043734857,30.068485260009766,17806900,0.0,0.0
2022-09-30 00:00:00-04:00,29.990660364694385,30.185202785894816,29.531540131922092,29.547103881835938,23523600,0.0,0.0
2022-10-03 00:00:00-04:00,29.959527946797635,30.636534630264798,29.873928820564064,30.473119735717773,21495300,0.0,0.0
2022-10-04 00:00:00-04:00,30.737697793387916,31.010055953531744,30.543155402290527,30.978931427001953,25922500,0.0,0.0
2022-10-05 00:00:00-04:00,30.613192254382916,30.83107879297877,30.247451591612915,30.659883499145508,17797900,0.0,0.0
2022-10-06 00:00:00-04:00,31.23198806480651,31.382330974818686,29.886804332954043,29.94219398498535,36663300,0.653,0.0
2022-10-07 00:00:00-04:00,29.77602677259936,29.831416427874327,29.12717393779841,29.158823013305664,31838700,0.0,0.0
2022-10-10 00:00:00-04:00,29.380380400800593,29.530723297858394,28.779002775550616,28.976823806762695,21622200,0.0,0.0
2022-10-11 00:00:00-04:00,28.92934762602483,29.03221238514117,28.430837800541415,28.438749313354492,27708900,0.0,0.0
2022-10-12 00:00:00-04:00,28.407098516823268,28.644483127406293,28.16971088773115,28.233015060424805,23336800,0.0,0.0
2022-10-13 00:00:00-04:00,27.789894479109687,28.95308297711429,27.726593325900012,28.8027400970459,33118100,0.0,0.0
2022-10-14 00:00:00-04:00,29.11926039781435,29.20630215007395,28.75527035973778,28.786922454833984,26019000,0.0,0.0
2022-10-17 00:00:00-04:00,29.05595101329369,29.514894188425917,28.953083242562176,29.419940948486328,21962900,0.0,0.0
2022-10-18 00:00:00-04:00,29.80767024799623,29.831410823303695,29.1429945095724,29.332901000976562,27488600,0.0,0.0
2022-10-19 00:00:00-04:00,28.93726348876953,29.57029025679852,28.929351974767176,28.93726348876953,29563600,0.0,0.0
2022-10-20 00:00:00-04:00,28.937262963763963,29.696895071616826,28.92143691753665,29.277515411376953,35523700,0.0,0.0
2022-10-21 00:00:00-04:00,28.10641510130557,28.24884649855873,27.338868462609057,27.971895217895508,51671100,0.0,0.0
2022-10-24 00:00:00-04:00,28.21719092378882,28.79482795535644,28.145975233951205,28.46249008178711,28844800,0.0,0.0
2022-10-25 00:00:00-04:00,28.41501463909076,28.866046377924775,28.327972896770234,28.82648277282715,25496500,0.0,0.0
2022-10-26 00:00:00-04:00,28.786919167729522,29.04804137618152,28.644487774570404,28.82648277282715,20328200,0.0,0.0
2022-10-27 00:00:00-04:00,29.032213782115452,29.055954358715578,28.58909659903872,28.628660202026367,20268000,0.0,0.0
2022-10-28 00:00:00-04:00,29.11925427155642,30.100447883540735,28.937259290807173,29.80767059326172,31824300,0.0,0.0
2022-10-31 00:00:00-04:00,29.68106700199732,29.7048075789747,29.2933394606439,29.570287704467773,26630600,0.0,0.0
2022-11-01 00:00:00-04:00,30.052971516711782,30.140013255773418,29.514898055703,29.570287704467773,22968900,0.0,0.0
2022-11-02 00:00:00-04:00,29.475334961989592,30.345746330644534,29.404119266844404,29.839324951171875,30648900,0.0,0.0
2022-11-03 00:00:00-04:00,29.56238251332517,29.7048139316118,29.372472949439626,29.39621353149414,22329800,0.0,0.0
2022-11-04 00:00:00-04:00,29.554463117546884,29.57028916347618,29.11925741927497,29.467424392700195,17599400,0.0,0.0
2022-11-07 00:00:00-05:00,29.53072805800424,29.633595855998713,29.2616912914486,29.427860260009766,19697600,0.0,0.0
2022-11-08 00:00:00-05:00,29.435771988999146,30.0608872132905,29.40411989747588,29.965930938720703,17392700,0.0,0.0
2022-11-09 00:00:00-05:00,30.00549492771058,30.17166690107866,29.74437271557724,29.768110275268555,17574600,0.0,0.0
2022-11-10 00:00:00-05:00,30.306184984288766,30.504006039040664,29.926368921386292,30.480268478393555,23049000,0.0,0.0
2022-11-11 00:00:00-05:00,30.504009661618646,30.614788982474014,29.918460960380223,30.306188583374023,22981000,0.0,0.0
2022-11-14 00:00:00-05:00,30.42487574730069,30.852169906789594,30.306181919050623,30.314096450805664,23028500,0.0,0.0
2022-11-15 00:00:00-05:00,30.456528476392926,30.725565210030283,29.641503743559742,29.83141326904297,25074100,0.0,0.0
2022-11-16 00:00:00-05:00,29.799762945075727,30.124189347356705,29.77602538492409,29.973846435546875,18962200,0.0,0.0
2022-11-17 00:00:00-05:00,29.712718345277047,30.211228190136286,29.506985800538768,30.195402145385742,18780400,0.0,0.0
2022-11-18 00:00:00-05:00,30.29827476190913,30.6780908410038,30.29827476190913,30.50400733947754,17821700,0.0,0.0
2022-11-21 00:00:00-05:00,30.543566883907143,30.96294953463853,30.480265721736608,30.55939292907715,19184200,0.0,0.0
2022-11-22 00:00:00-05:00,30.733478271137745,31.113294322721703,30.733478271137745,31.018341064453125,19809500,0.0,0.0
2022-11-23 00:00:00-05:00,30.883819464839814,31.018339340209806,30.551481570118927,30.796777725219727,14170000,0.0,0.0
2022-11-25 00:00:00-05:00,30.93921288284796,31.144948477649937,30.83634810395683,30.875911712646484,7725700,0.0,0.0
2022-11-28 00:00:00-05:00,30.867993182143596,30.93129736265652,30.171665307558257,30.25870704650879,21560900,0.0,0.0
2022-11-29 00:00:00-05:00,30.084618943736753,30.361567144632218,30.02922930355766,30.33782958984375,14008800,0.0,0.0
2022-11-30 00:00:00-05:00,30.23497564508326,30.970870365068645,30.18750051380058,30.84426498413086,31358800,0.0,0.0
2022-12-01 00:00:00-05:00,31.002510066341056,31.042073666091056,29.91845173694326,30.329919815063477,26276600,0.0,0.0
2022-12-02 00:00:00-05:00,30.013410180155873,30.30618449124286,29.83141517496614,30.211231231689453,21677100,0.0,0.0
2022-12-05 00:00:00-05:00,30.052969402778306,30.15583717975263,29.19838415444105,29.332901000976562,27561000,0.0,0.0
2022-12-06 00:00:00-05:00,29.269598049799935,29.33289920355268,28.984735311639884,29.190467834472656,26293700,0.0,0.0
2022-12-07 00:00:00-05:00,29.07177987207708,29.522811578610533,29.016387206695843,29.412029266357422,23065900,0.0,0.0
2022-12-08 00:00:00-05:00,29.364554393684422,29.467422175229053,29.17464487533351,29.356639862060547,19549100,0.0,0.0
2022-12-09 00:00:00-05:00,29.443680654613612,29.776021546442248,29.2458596294923,29.594026565551758,20671200,0.0,0.0
2022-12-12 00:00:00-05:00,29.82349646997034,30.03714353795667,29.49907011158575,30.029232025146484,19629600,0.0,0.0
2022-12-13 00:00:00-05:00,30.377389231885473,30.55938417142049,29.94218367921403,29.958009719848633,30176800,0.0,0.0
2022-12-14 00:00:00-05:00,29.9659266487814,30.14001010872789,29.46741986194963,29.633588790893555,23329800,0.0,0.0
2022-12-15 00:00:00-05:00,29.87097472179828,30.337832460707155,29.79975903218475,29.88680076599121,33007200,0.0,0.0
2022-12-16 00:00:00-05:00,29.681067379056724,29.728545515105168,29.016388566926082,29.372467041015625,62763800,0.0,0.0
2022-12-19 00:00:00-05:00,29.538636189497364,29.6494154778642,28.94517312880999,29.30124855041504,26127200,0.0,0.0
2022-12-20 00:00:00-05:00,29.26959991455078,29.44368036234322,28.97682262695078,29.26959991455078,24147300,0.0,0.0
2022-12-21 00:00:00-05:00,29.49115888369772,29.95010209385438,29.46742132652855,29.894712448120117,24504300,0.0,0.0
2022-12-22 00:00:00-05:00,29.815586598068606,30.322007964051263,29.570287428322874,30.314096450805664,26865300,0.0,0.0
2022-12-23 00:00:00-05:00,30.31409940931896,30.496094416823993,30.00549602945244,30.393226623535156,16918300,0.0,0.0
2022-12-27 00:00:00-05:00,30.45652865614945,31.176597121236163,30.32200877928208,31.057903289794922,25315900,0.0,0.0
2022-12-28 00:00:00-05:00,31.010423569922963,31.382328072171443,30.535654305421843,30.70973777770996,21793200,0.0,0.0
2022-12-29 00:00:00-05:00,30.780958987953536,31.279465899504196,30.70974328365917,31.065818786621094,17347000,0.0,0.0
2022-12-30 00:00:00-05:00,31.10538189896931,31.40606771110862,30.915472369478028,31.176597595214844,44007200,0.0,0.0
2023-01-03 00:00:00-05:00,31.469370575843232,31.833360555405648,31.160770244539904,31.746318817138672,31330700,0.0,0.0
2023-01-04 00:00:00-05:00,32.078659212403146,32.7749870703888,31.857097604399165,32.54551696777344,28779500,0.0,0.0
2023-01-05 00:00:00-05:00,32.60090564747254,33.19436872472564,32.300216843148355,32.99654769897461,29987200,0.0,0.0
2023-01-06 00:00:00-05:00,33.17063026012067,33.69288069910981,33.138981188053336,33.38427734375,26010400,0.0,0.0
2023-01-09 00:00:00-05:00,33.25809617647968,33.491173779702336,33.20183574818835,33.250057220458984,23062200,0.653,0.0
2023-01-10 00:00:00-05:00,33.24202359497931,33.74033159349072,33.08931407981674,33.71622085571289,16695300,0.0,0.0
2023-01-11 00:00:00-05:00,33.86892920062947,33.90107889677515,32.968759170297105,33.097354888916016,20674800,0.0,0.0
2023-01-12 00:00:00-05:00,33.25809341866065,33.71621576302373,33.049123502938066,33.603694915771484,16980300,0.0,0.0
2023-01-13 00:00:00-05:00,33.47510146926472,33.69210422297154,33.25005669370121,33.643882751464844,17229800,0.0,0.0
2023-01-17 00:00:00-05:00,33.635842861095185,33.69210328693219,32.78389751787011,32.83211898803711,28697000,0.0,0.0
2023-01-18 00:00:00-05:00,32.840157340746174,32.840157340746174,32.004283792281626,32.12484359741211,22976500,0.0,0.0
2023-01-19 00:00:00-05:00,31.915876486913085,32.37399888119693,31.72298446087961,32.197181701660156,24812600,0.0,0.0
2023-01-20 00:00:00-05:00,32.181105990958166,32.24540230925486,31.714944652962732,32.148956298828125,23377900,0.0,0.0
2023-01-23 00:00:00-05:00,32.140922691277595,32.42222485248377,31.682797210799013,31.851581573486328,34249300,0.0,0.0
2023-01-24 00:00:00-05:00,31.09608051964181,32.735678218815394,30.871038780291464,32.48652267456055,32143900,0.0,0.0
2023-01-25 00:00:00-05:00,32.58296967872979,33.025017238171365,32.076622731606165,32.414188385009766,26527000,0.0,0.0
2023-01-26 00:00:00-05:00,32.45436927978654,32.60707570452051,32.09269294124492,32.36595916748047,19568100,0.0,0.0
2023-01-27 00:00:00-05:00,32.32577515252857,32.695487398270075,31.96409879649308,32.66333770751953,17254000,0.0,0.0
2023-01-30 00:00:00-05:00,32.82408902283576,33.16165163878534,32.711568150852564,32.99287033081055,22272600,0.0,0.0
2023-01-31 00:00:00-05:00,33.01698172535045,33.41884370506914,32.96071822750333,33.410804748535156,18665200,0.0,0.0
2023-02-01 00:00:00-05:00,33.74837138711518,33.75640727791924,33.057168271346455,33.50725173950195,19542000,0.0,0.0
2023-02-02 00:00:00-05:00,33.54743858754438,33.70014503231977,33.1134269243341,33.619773864746094,18443800,0.0,0.0
2023-02-03 00:00:00-05:00,33.57958517706313,33.732294687629526,33.06520234686024,33.362579345703125,18314400,0.0,0.0
2023-02-06 00:00:00-05:00,33.36257523139574,33.426874610223386,32.872306264669,33.17771911621094,15530700,0.0,0.0
2023-02-07 00:00:00-05:00,32.944643894950055,33.121461067477355,32.24540189689885,32.59100341796875,21668500,0.0,0.0
2023-02-08 00:00:00-05:00,32.57492660601577,32.71156125459274,32.24539995069425,32.566890716552734,14080200,0.0,0.0
2023-02-09 00:00:00-05:00,32.647260669059264,32.67941035765015,31.948021805004295,31.996246337890625,17485700,0.0,0.0
2023-02-10 00:00:00-05:00,32.148957975496884,32.20521840667692,31.923916250776742,32.1569938659668,15398500,0.0,0.0
2023-02-13 00:00:00-05:00,32.15698770813109,32.52670298418375,32.05250582221203,32.40614318847656,14486000,0.0,0.0
2023-02-14 00:00:00-05:00,32.51867029104775,32.61511937257081,32.076622731606165,32.414188385009766,12292400,0.0,0.0
2023-02-15 00:00:00-05:00,32.333812592891164,32.47044725215204,32.22932762592266,32.45437240600586,11265200,0.0,0.0
2023-02-16 00:00:00-05:00,32.19717927146073,32.31773601214133,31.90783818828612,32.02035903930664,16625900,0.0,0.0
2023-02-17 00:00:00-05:00,32.02035543768204,32.462402902382884,31.875684912367163,32.32577133178711,15029200,0.0,0.0
2023-02-21 00:00:00-05:00,32.06858497626189,32.132881294241386,31.473827938643797,31.505977630615234,17805500,0.0,0.0
2023-02-22 00:00:00-05:00,31.650642847372016,31.819424102847925,31.369337688949305,31.570268630981445,15086800,0.0,0.0
2023-02-23 00:00:00-05:00,31.441674974823414,31.602420351989917,30.959441909286962,30.967477798461914,16738200,0.0,0.0
2023-02-24 00:00:00-05:00,30.726369547516022,31.152342305753088,30.61384867296011,31.13627052307129,16431500,0.0,0.0
2023-02-27 00:00:00-05:00,31.33719704818834,31.46579275298931,31.047855945895304,31.24878692626953,14210900,0.0,0.0
2023-02-28 00:00:00-05:00,31.104113841581338,31.321119650625214,30.983554036791453,31.192523956298828,16685300,0.0,0.0
2023-03-01 00:00:00-05:00,31.11215766275273,31.11215766275273,30.662074150849108,30.782630920410156,18411700,0.0,0.0
2023-03-02 00:00:00-05:00,30.62187911149693,30.91122020366885,30.493283411194227,30.871034622192383,18818900,0.0,0.0
2023-03-03 00:00:00-05:00,30.89514547645073,30.95140590392636,30.58973260328682,30.75047492980957,23407500,0.0,0.0
2023-03-06 00:00:00-05:00,30.83888650137385,31.047856441236505,30.581695087668653,30.66206932067871,22925600,0.0,0.0
2023-03-07 00:00:00-05:00,30.62188178808877,30.662070439041383,30.083388204116194,30.469175338745117,23713500,0.0,0.0
2023-03-08 00:00:00-05:00,30.380765068638954,30.388804025176935,30.01908867351967,30.163759231567383,20295600,0.0,0.0
2023-03-09 00:00:00-05:00,30.22001373390803,30.260202376785195,29.35199362190249,29.3761043548584,26506900,0.0,0.0
2023-03-10 00:00:00-05:00,29.448443036014897,29.673484745611848,29.263586907994068,29.480592727661133,23940700,0.0,0.0
2023-03-13 00:00:00-04:00,29.368064880371094,30.00300734237034,29.247505098384487,29.368064880371094,21834500,0.0,0.0
2023-03-14 00:00:00-04:00,29.464514316993537,29.689555999363208,29.335918631930443,29.641334533691406,22433200,0.0,0.0
2023-03-15 00:00:00-04:00,29.488632560986048,29.946754997336036,29.35200095216338,29.786012649536133,21722200,0.0,0.0
2023-03-16 00:00:00-04:00,29.593107124784478,29.64133165173049,29.28769125271842,29.40021514892578,29164400,0.0,0.0
2023-03-17 00:00:00-04:00,29.37610896701642,29.601153751802048,29.06265712552457,29.56900405883789,47352500,0.0,0.0
2023-03-20 00:00:00-04:00,29.705638024672375,30.308431019000775,29.681527286007626,30.083389282226562,19247800,0.0,0.0
2023-03-21 00:00:00-04:00,30.316467572943303,30.356653156187296,30.02712646804502,30.332542419433594,16648100,0.0,0.0
2023-03-22 00:00:00-04:00,30.372725563456655,30.50132125908804,29.970863631363173,29.9869384765625,15321800,0.0,0.0
2023-03-23 00:00:00-04:00,29.97889773548339,30.24412806653072,29.866376891752903,30.035158157348633,15799000,0.0,0.0
2023-03-24 00:00:00-04:00,30.163755016328263,30.30038966470756,29.938713320130795,30.268239974975586,14957700,0.0,0.0
2023-03-27 00:00:00-04:00,30.533468369035276,30.71832447426009,30.300387732288044,30.581689834594727,14472800,0.0,0.0
2023-03-28 00:00:00-04:00,30.557580658258207,30.790661306877347,30.477206434960333,30.541505813598633,13092600,0.0,0.0
2023-03-29 00:00:00-04:00,30.79066219287258,30.951404512167404,30.670102387438252,30.92729377746582,12308900,0.0,0.0
2023-03-30 00:00:00-04:00,30.983556050800278,31.144301445647915,30.89514593033591,31.07196617126465,13918700,0.0,0.0
2023-03-31 00:00:00-04:00,31.176455225776163,31.385422120304185,30.98356011347324,31.256826400756836,22801500,0.0,0.0
2023-04-03 00:00:00-04:00,31.385420004827125,31.81139578821119,31.361309267150826,31.52205467224121,19354900,0.0,0.0
2023-04-04 00:00:00-04:00,31.578317477396894,31.867658615112305,31.51401808414288,31.867658615112305,18577100,0.0,0.0
2023-04-05 00:00:00-04:00,31.931953564503633,32.341854513900735,31.803357849508476,32.237369537353516,23561300,0.0,0.0
2023-04-06 00:00:00-04:00,32.27250543386626,32.501271563646874,31.99471665483061,32.25616455078125,21546600,0.653,0.0
2023-04-10 00:00:00-04:00,32.035557460977564,32.149940490722656,31.855814035679764,32.149940490722656,16114300,0.0,0.0
2023-04-11 00:00:00-04:00,32.13360533183377,32.43590380874351,32.08458269367108,32.23164749145508,12539700,0.0,0.0
2023-04-12 00:00:00-04:00,32.16627848771896,32.37870676682206,31.945681328667373,32.02738571166992,13095200,0.0,0.0
2023-04-13 00:00:00-04:00,32.01922071272394,32.12543487548828,31.798623505461485,32.12543487548828,13515800,0.0,0.0
2023-04-14 00:00:00-04:00,32.16627977912458,32.20713041391415,31.774108075078097,32.04372787475586,11008400,0.0,0.0
2023-04-17 00:00:00-04:00,32.04373044887762,32.28066539637195,31.978366934600626,32.23981475830078,11572900,0.0,0.0
2023-04-18 00:00:00-04:00,32.24798982598343,32.26433070610835,31.782285650887957,31.814964294433594,16588500,0.0,0.0
2023-04-19 00:00:00-04:00,31.798622062327844,31.855816698685416,31.471813823836968,31.537174224853516,17701200,0.0,0.0
2023-04-20 00:00:00-04:00,30.76917480521022,30.883557856462716,30.213597313380046,30.38517189025879,31521300,0.0,0.0
2023-04-21 00:00:00-04:00,30.581257789547564,30.581257789547564,30.270787297172802,30.491384506225586,23823800,0.0,0.0
2023-04-24 00:00:00-04:00,30.385168369311558,30.63027844125498,30.213593812314386,30.311635971069336,20362500,0.0,0.0
2023-04-25 00:00:00-04:00,29.99300105727343,30.524068802822935,29.87861800234387,30.475046157836914,24959400,0.0,0.0
2023-04-26 00:00:00-04:00,30.31163464478596,30.58942334635705,30.082868578799378,30.164569854736328,21499300,0.0,0.0
2023-04-27 00:00:00-04:00,30.393339271091115,31.70875039403466,30.336147754154783,31.69240951538086,28841000,0.0,0.0
2023-04-28 00:00:00-04:00,31.50449474283392,31.86398473060163,31.422790347861266,31.7250919342041,19197500,0.0,0.0
2023-05-01 00:00:00-04:00,32.00287359092406,32.01104558776824,31.602533013260427,31.627042770385742,17043500,0.0,0.0
2023-05-02 00:00:00-04:00,31.430964582123984,31.46364322573425,30.630280154644655,30.777341842651367,17268700,0.0,0.0
2023-05-03 00:00:00-04:00,31.01427397588509,31.292062651820988,30.728316419790904,31.030614852905273,16703200,0.0,0.0
2023-05-04 00:00:00-04:00,30.93257665422977,31.01427793305149,30.466872508197163,30.515892028808594,16163100,0.0,0.0
2023-05-05 00:00:00-04:00,30.6547811786665,30.91622895325059,30.360651653083565,30.90806007385254,15817400,0.0,0.0
2023-05-08 00:00:00-04:00,30.785505065958546,30.973420459146904,30.589417676668816,30.90806007385254,10672400,0.0,0.0
2023-05-09 00:00:00-04:00,30.899896890909886,30.899896890909886,30.58125751954829,30.695640563964844,12226800,0.0,0.0
2023-05-10 00:00:00-04:00,30.891724210480593,30.908065088631293,30.466870728673886,30.744659423828125,14427500,0.0,0.0
2023-05-11 00:00:00-04:00,30.564916309109194,30.752831753863546,30.491383907535386,30.720149993896484,11068700,0.0,0.0
2023-05-12 00:00:00-04:00,30.75283146091976,30.834535860059123,30.56491601795544,30.71198081970215,10670700,0.0,0.0
2023-05-15 00:00:00-04:00,30.744659153822425,30.744659153822425,30.001166346366148,30.042016983032227,20408700,0.0,0.0
2023-05-16 00:00:00-04:00,29.91946429828956,30.05018821587576,29.445591265803607,29.453760147094727,20244700,0.0,0.0
2023-05-17 00:00:00-04:00,29.592658338845123,29.69070050539984,29.445593530660908,29.55997657775879,16741100,0.0,0.0
2023-05-18 00:00:00-04:00,29.421079704637595,29.551803628071568,29.184144736147648,29.51912498474121,20365900,0.0,0.0
2023-05-19 00:00:00-04:00,29.592656062676085,29.837763018562203,29.437419267808448,29.453760147094727,16829200,0.0,0.0
2023-05-22 00:00:00-04:00,29.61716227410701,29.68252578341935,29.33937359293689,29.380224227905273,16634300,0.0,0.0
2023-05-23 00:00:00-04:00,29.363887269044348,30.156402783343637,29.24950422918756,29.608997344970703,21539700,0.0,0.0
2023-05-24 00:00:00-04:00,29.60082361126423,29.6171644898148,29.290353152211146,29.30669403076172,16044200,0.0,0.0
2023-05-25 00:00:00-04:00,29.03707736864726,29.053418247221586,28.383457809193708,28.44881820678711,32465900,0.0,0.0
2023-05-26 00:00:00-04:00,28.46515850653897,28.64490505049762,28.32626259983351,28.595882415771484,18216700,0.0,0.0
2023-05-30 00:00:00-04:00,28.571374563746055,28.70209848170369,28.416137768437327,28.514183044433594,19353300,0.0,0.0
2023-05-31 00:00:00-04:00,28.481501136079313,29.39656855697348,28.481501136079313,29.110610961914062,53756700,0.0,0.0
2023-06-01 00:00:00-04:00,29.08609589097138,29.331205944483177,28.93903110554582,29.184141159057617,20565300,0.0,0.0
2023-06-02 00:00:00-04:00,28.105670341016495,28.514182973201596,27.550092911908436,28.252735137939453,61527900,0.0,0.0
2023-06-05 00:00:00-04:00,28.416141473520184,28.718443105535325,28.146524721136185,28.154693603515625,30125600,0.0,0.0
2023-06-06 00:00:00-04:00,28.187369103393355,28.38345652067966,28.0484763168727,28.35077476501465,18406700,0.0,0.0
2023-06-07 00:00:00-04:00,28.36711640124715,28.82464852597446,28.29358400738685,28.808307647705078,25494100,0.0,0.0
2023-06-08 00:00:00-04:00,28.791976607149554,28.955379194579308,28.57954825676355,28.94721031188965,17749700,0.0,0.0
2023-06-09 00:00:00-04:00,28.971718824323272,29.10244275863911,28.808313127252365,28.979890823364258,14953900,0.0,0.0
2023-06-12 00:00:00-04:00,29.13512325684397,29.23316542414942,28.890016280228192,29.09427261352539,14044500,0.0,0.0
2023-06-13 00:00:00-04:00,29.004397062253002,29.241335138376154,28.939033544686314,28.988056182861328,17706700,0.0,0.0
2023-06-14 00:00:00-04:00,29.11061096107284,29.39656855612399,29.102438963097644,29.192312240600586,16538700,0.0,0.0
2023-06-15 00:00:00-04:00,29.216818722432894,29.79690896211722,29.151458329486186,29.772396087646484,18890900,0.0,0.0
2023-06-16 00:00:00-04:00,29.837762795573532,29.97665559341285,29.551802085256785,29.788740158081055,36102100,0.0,0.0
2023-06-20 00:00:00-04:00,29.47827043951502,29.551799714799653,29.233160388417826,29.257673263549805,17687900,0.0,0.0
2023-06-21 00:00:00-04:00,29.167803174705615,29.388400374728832,29.004397495054626,29.274017333984375,17121200,0.0,0.0
2023-06-22 00:00:00-04:00,29.265842109276754,29.34754338174269,29.061585811408154,29.29035186767578,12431200,0.0,0.0
2023-06-23 00:00:00-04:00,29.37206258386763,29.4782767543159,28.98805966381157,29.012569427490234,18991500,0.0,0.0
2023-06-26 00:00:00-04:00,29.135115178278614,29.52728685546361,29.004391285883614,29.502777099609375,15840000,0.0,0.0
2023-06-27 00:00:00-04:00,29.71520367233397,29.968482589479336,29.592651770518028,29.862268447875977,17757800,0.0,0.0
2023-06-28 00:00:00-04:00,29.821416971486745,30.11554651426164,29.608991810984598,30.08286476135254,16756400,0.0,0.0
2023-06-29 00:00:00-04:00,30.058361741076038,30.2462771873598,29.952147578670708,30.22176742553711,16740800,0.0,0.0
2023-06-30 00:00:00-04:00,30.229938194516745,30.434194533668887,30.107383144343704,30.38517189025879,19098300,0.0,0.0
2023-07-03 00:00:00-04:00,30.36882690430184,30.54040457469358,30.19725235061407,30.45870018005371,10367100,0.0,0.0
2023-07-05 00:00:00-04:00,30.458697081474334,30.78550839337918,30.417846446662143,30.622102737426758,19868300,0.0,0.0
2023-07-06 00:00:00-04:00,30.556746413096636,30.564915294465138,30.27895769600652,30.336149215698242,21558200,0.0,0.0
2023-07-07 00:00:00-04:00,30.12241327663474,30.23052566924408,29.83133339711424,29.856285095214844,20482700,0.653,0.0
2023-07-10 00:00:00-04:00,29.872914942494102,29.906181757863912,29.10779722397723,29.224227905273438,30326400,0.0,0.0
2023-07-11 00:00:00-04:00,29.207593971900447,29.290761008828106,28.866617051742228,29.0994815826416,28340300,0.0,0.0
2023-07-12 00:00:00-04:00,29.190965733760347,29.307399606077613,28.866622163551686,28.991371154785156,27299600,0.0,0.0
2023-07-13 00:00:00-04:00,28.95809668135957,28.991363493230217,28.625434907648685,28.808399200439453,25641900,0.0,0.0
2023-07-14 00:00:00-04:00,28.633759134524347,28.691974481120948,28.234566826791173,28.28446388244629,31576000,0.0,0.0
2023-07-17 00:00:00-04:00,27.98506811108213,27.98506811108213,25.989103679497518,26.16374969482422,97510600,0.0,0.0
2023-07-18 00:00:00-04:00,26.629474265746023,27.569241096896835,26.587890750153687,26.837387084960938,79722200,0.0,0.0
2023-07-19 00:00:00-04:00,28.03496857672292,28.409212349821093,27.577560930713332,28.25119972229004,61881000,0.0,0.0
2023-07-20 00:00:00-04:00,28.192982458368377,28.27614632562093,27.868635762087784,27.97675132751465,32839900,0.0,0.0
2023-07-21 00:00:00-04:00,27.868636345124493,28.22624669228873,27.743890541635867,28.176349639892578,25179400,0.0,0.0
2023-07-24 00:00:00-04:00,28.17634998496954,28.77513682854445,28.03496759895302,28.25951385498047,30784200,0.0,0.0
2023-07-25 00:00:00-04:00,28.80840289126865,29.06621595754956,28.043285155206384,28.475744247436523,35719500,0.0,0.0
2023-07-26 00:00:00-04:00,28.151399771322104,28.783456637748248,28.084869306302664,28.558910369873047,27916000,0.0,0.0
2023-07-27 00:00:00-04:00,28.46742634442176,28.783454756984963,27.893588034568634,27.90190315246582,28097500,0.0,0.0
2023-07-28 00:00:00-04:00,28.00170095266255,28.542275628524067,27.993385834610077,28.301095962524414,30642100,0.0,0.0
2023-07-31 00:00:00-04:00,28.276148248440652,28.375945530429714,28.143084148289102,28.342681884765625,24500400,0.0,0.0
2023-08-01 00:00:00-04:00,28.517325620239777,28.525640737860236,27.710622793635444,27.802104949951172,27289500,0.0,0.0
2023-08-02 00:00:00-04:00,27.835375591112136,28.026655047653414,27.627462724545712,27.71062660217285,20481600,0.0,0.0
2023-08-03 00:00:00-04:00,27.486077919183202,27.65240883237383,27.219949727077513,27.494396209716797,20465700,0.0,0.0
2023-08-04 00:00:00-04:00,27.444494047984495,27.469442572828733,27.053616905435028,27.12846565246582,24584000,0.0,0.0
2023-08-07 00:00:00-04:00,27.153419838284947,27.303117346065562,26.762542659913517,27.053619384765625,24314000,0.0,0.0
2023-08-08 00:00:00-04:00,26.98708627369273,27.286481259878226,26.970452866404862,27.086883544921875,22178900,0.0,0.0
2023-08-09 00:00:00-04:00,27.036982929554856,27.303114269789326,26.895603728412738,27.20331382751465,20798500,0.0,0.0
2023-08-10 00:00:00-04:00,27.319747751766027,27.710624932559412,27.29479922448079,27.461130142211914,19031600,0.0,0.0
2023-08-11 00:00:00-04:00,27.411228938716732,27.79378781512217,27.402913820750644,27.7438907623291,15271400,0.0,0.0
2023-08-14 00:00:00-04:00,27.6025078089692,27.93516962573671,27.560925874997814,27.910221099853516,17934000,0.0,0.0
2023-08-15 00:00:00-04:00,27.735569569049485,27.86863365006824,27.619138894720315,27.660720825195312,15528600,0.0,0.0
2023-08-16 00:00:00-04:00,27.693989205128304,27.976750789850257,27.56092511658257,27.66904067993164,17395100,0.0,0.0
2023-08-17 00:00:00-04:00,27.743890993253594,27.843688272168652,27.31974700599257,27.494396209716797,19128000,0.0,0.0
2023-08-18 00:00:00-04:00,27.32806432226475,27.79378705559727,27.32806432226475,27.594192504882812,21722700,0.0,0.0
2023-08-21 00:00:00-04:00,27.569243217560473,27.627458557618823,27.25321481974507,27.444494247436523,27074400,0.0,0.0
2023-08-22 00:00:00-04:00,27.511025413948634,27.710619941275976,27.35300964294186,27.610822677612305,21722000,0.0,0.0
2023-08-23 00:00:00-04:00,27.61082492751343,27.75220413151593,27.45280914363055,27.602506637573242,15766400,0.0,0.0
2023-08-24 00:00:00-04:00,27.452809559915597,27.926853746254412,27.44449444234739,27.760522842407227,18561400,0.0,0.0
2023-08-25 00:00:00-04:00,27.718940672598535,27.87695328502853,27.461127615214558,27.735570907592773,14912100,0.0,0.0
2023-08-28 00:00:00-04:00,27.84368780969079,27.960118495240852,27.660723490970266,27.90190315246582,16050400,0.0,0.0
2023-08-29 00:00:00-04:00,28.267831696846848,28.899885347394232,28.234564880371135,28.849985122680664,28782800,0.0,0.0
2023-08-30 00:00:00-04:00,29.016312015884306,29.06621223369028,28.733550459979394,28.808399200439453,15021400,0.0,0.0
2023-08-31 00:00:00-04:00,28.98304997248399,29.22422963947986,28.90820121970935,29.09116554260254,24333200,0.0,0.0
2023-09-01 00:00:00-04:00,29.099486735687588,29.23255084583726,28.974737744454117,28.991371154785156,14748700,0.0,0.0
2023-09-05 00:00:00-04:00,28.983048092739608,29.166012403766338,28.5256404876709,28.5256404876709,17486000,0.0,0.0
2023-09-06 00:00:00-04:00,28.359308656959065,28.64207023180109,28.267829676934944,28.42584228515625,19187100,0.0,0.0
2023-09-07 00:00:00-04:00,28.42584365896029,28.708605247468014,28.06823332136234,28.118133544921875,26605800,0.0,0.0
2023-09-08 00:00:00-04:00,28.118133937923417,28.13476734600908,27.635774620933866,27.81873893737793,24872400,0.0,0.0
2023-09-11 00:00:00-04:00,28.026649437427533,28.35099293674602,27.926852169752138,28.22624397277832,18883900,0.0,0.0
2023-09-12 00:00:00-04:00,28.384266486253416,28.425848426611505,28.109819969392376,28.309417724609375,15784400,0.0,0.0
2023-09-13 00:00:00-04:00,28.525637245736533,28.525637245736533,27.868631996716477,28.159711837768555,21027900,0.0,0.0
2023-09-14 00:00:00-04:00,28.500697188255543,28.59217936054256,28.226250671394503,28.309417724609375,26570100,0.0,0.0
2023-09-15 00:00:00-04:00,28.24287684563951,28.417522853894855,27.993382094917894,28.101497650146484,38205200,0.0,0.0
2023-09-18 00:00:00-04:00,28.192982453314347,28.251197794880333,27.87695404731457,27.885269165039062,16233700,0.0,0.0
2023-09-19 00:00:00-04:00,27.92685816442682,28.05160398267405,27.652411653785403,27.77716064453125,23379300,0.0,0.0
2023-09-20 00:00:00-04:00,27.9268550241124,28.226246857738957,27.743890704258728,27.943485260009766,23742000,0.0,0.0
2023-09-21 00:00:00-04:00,27.87695217984111,28.151395461338964,27.66072106351144,27.685672760009766,17993800,0.0,0.0
2023-09-22 00:00:00-04:00,27.66071949938111,27.868632314288508,27.386276233402196,27.677352905273438,22740000,0.0,0.0
2023-09-25 00:00:00-04:00,27.5858736350202,27.652407265525824,27.336378865620343,27.577558517456055,17616900,0.0,0.0
2023-09-26 00:00:00-04:00,27.35301117261192,27.58587252501546,27.286480717281474,27.43617820739746,18841600,0.0,0.0
2023-09-27 00:00:00-04:00,27.402910812747194,27.452807860063086,26.87065449139152,26.94550323486328,22083500,0.0,0.0
2023-09-28 00:00:00-04:00,26.94550756137489,27.1284687184069,26.94550756137489,27.070253372192383,18772100,0.0,0.0
2023-09-29 00:00:00-04:00,27.128467211191467,27.236582779225305,26.920554365548526,26.953821182250977,19787600,0.0,0.0
2023-10-02 00:00:00-04:00,26.97876772081886,27.00371941775646,26.38829604409656,26.413246154785156,24722600,0.0,0.0
2023-10-03 00:00:00-04:00,26.36334911091693,26.621159005681776,26.28850036058238,26.596210479736328,21389400,0.0,0.0
2023-10-04 00:00:00-04:00,26.43819656990125,26.587892477009486,26.11385147221084,26.230283737182617,23694100,0.0,0.0
2023-10-05 00:00:00-04:00,26.24691666422818,26.546311663558438,26.09721916456305,26.463146209716797,22774400,0.0,0.0
2023-10-06 00:00:00-04:00,26.280526974586053,26.33149069649756,25.60100366196677,26.20408058166504,31291800,0.665,0.0
2023-10-09 00:00:00-04:00,26.110645319060506,26.756191726558626,26.110645319060506,26.713722229003906,20344300,0.0,0.0
2023-10-10 00:00:00-04:00,26.73920402459633,27.011012704778587,26.6032996845052,26.97703742980957,19151900,0.0,0.0
2023-10-11 00:00:00-04:00,27.036491592818738,27.15540746873147,26.679742344973235,26.722211837768555,15694200,0.0,0.0
2023-10-12 00:00:00-04:00,26.61179230607264,26.645769199103558,26.03419808540648,26.255043029785156,21718300,0.0,0.0
2023-10-13 00:00:00-04:00,26.3994425814339,26.662757031932948,26.025704844523723,26.05118751525879,24528400,0.0,0.0
2023-10-16 00:00:00-04:00,26.195583469452338,26.60329644000158,26.008715429644102,26.543838500976562,21087900,0.0,0.0
2023-10-17 00:00:00-04:00,26.424925735659382,26.790169255673973,26.41643151192561,26.764686584472656,21186000,0.0,0.0
2023-10-18 00:00:00-04:00,26.688240293926942,26.739204016418647,26.322996772503412,26.373960494995117,22024300,0.0,0.0
2023-10-19 00:00:00-04:00,26.688238127039547,27.155409055515666,26.671249680885808,26.824142456054688,28806600,0.0,0.0
2023-10-20 00:00:00-04:00,26.815650939941406,27.299810363445783,26.79866249207273,26.815650939941406,27271200,0.0,0.0
2023-10-23 00:00:00-04:00,26.739202355228564,26.892095133312644,26.55233430429659,26.662755966186523,31725800,0.0,0.0
2023-10-24 00:00:00-04:00,28.15770447404013,29.270420082448204,28.00481170887932,29.1345157623291,61617900,0.0,0.0
2023-10-25 00:00:00-04:00,29.30440011590158,29.39783495354609,28.53993620809644,28.616382598876953,30832800,0.0,0.0
2023-10-26 00:00:00-04:00,28.590894249207793,29.47427381931221,28.573905806681083,29.278911590576172,34367000,0.0,0.0
2023-10-27 00:00:00-04:00,29.202470590739477,29.380844409758417,28.319090858148492,28.404029846191406,23924800,0.0,0.0
2023-10-30 00:00:00-04:00,28.743791231402714,29.559217151674453,28.743791231402714,29.40632438659668,31497700,0.0,0.0
2023-10-31 00:00:00-04:00,29.48277243007875,29.90747385917311,29.44879553809966,29.839523315429688,28903400,0.0,0.0
2023-11-01 00:00:00-04:00,30.077357425937805,30.204769160694582,29.856514091269744,30.068864822387695,26071200,0.0,0.0
2023-11-02 00:00:00-04:00,29.992420530262514,30.52754207720515,29.992420530262514,30.493568420410156,24946000,0.0,0.0
2023-11-03 00:00:00-04:00,30.570010360367757,30.892781114247683,30.527537625191396,30.595491409301758,23323200,0.0,0.0
2023-11-06 00:00:00-05:00,30.561519392370663,30.603988894106923,30.255733795525135,30.272722244262695,15544000,0.0,0.0
2023-11-07 00:00:00-05:00,30.323687212379447,30.66344646224847,30.281217711172726,30.527542114257812,17654600,0.0,0.0
2023-11-08 00:00:00-05:00,30.527541327084638,30.56151822326,30.238744190024416,30.38314437866211,16971500,0.0,0.0
2023-11-09 00:00:00-05:00,30.468084236742413,30.620977033621205,30.11982914167745,30.255733489990234,15685800,0.0,0.0
2023-11-10 00:00:00-05:00,30.502059351361815,30.510551955040892,30.068865278997546,30.332178115844727,12791200,0.0,0.0
2023-11-13 00:00:00-05:00,30.272713022079778,30.731391277617785,30.077350781435285,30.42560577392578,17236700,0.0,0.0
2023-11-14 00:00:00-05:00,30.586999719990274,30.66344611738871,30.417121717073936,30.476579666137695,17667100,0.0,0.0
2023-11-15 00:00:00-05:00,30.476579022087712,30.671941313485146,30.442602126136382,30.578506469726562,22855500,0.0,0.0
2023-11-16 00:00:00-05:00,30.646454829479346,30.901275023516614,30.51904311235343,30.731393814086914,19110800,0.0,0.0
2023-11-17 00:00:00-05:00,30.90127455393486,30.90127455393486,30.64645436376989,30.773862838745117,19355200,0.0,0.0
2023-11-20 00:00:00-05:00,30.816332620466422,31.31748040326761,30.748382081216278,31.198564529418945,18656400,0.0,0.0
2023-11-21 00:00:00-05:00,31.30899216849732,31.810140021207847,31.300496324771803,31.6402587890625,22946400,0.0,0.0
2023-11-22 00:00:00-05:00,31.70821163186469,31.86959701546894,31.614776794962,31.725196838378906,14613100,0.0,0.0
2023-11-24 00:00:00-05:00,31.81013999564105,31.91206743876034,31.682728261580696,31.77616310119629,6766700,0.0,0.0
2023-11-27 00:00:00-05:00,31.810139072024487,31.886585462198056,31.674234738406458,31.725196838378906,15245300,0.0,0.0
2023-11-28 00:00:00-05:00,31.72519107276892,31.861095381688237,31.597782605777606,31.82712173461914,14521700,0.0,0.0
2023-11-29 00:00:00-05:00,31.878089718177645,32.183875279825905,31.878089718177645,32.07345199584961,16387400,0.0,0.0
2023-11-30 00:00:00-05:00,32.132911940275996,32.6510449661782,32.12441609710518,32.557613372802734,36623500,0.0,0.0
2023-12-01 00:00:00-05:00,32.61707334106026,32.79544717615462,32.50665005448114,32.76996612548828,20762500,0.0,0.0
2023-12-04 00:00:00-05:00,32.6170686363213,32.7614655562225,32.30278726909895,32.311283111572266,22109200,0.0,0.0
2023-12-05 00:00:00-05:00,32.57459434300615,32.74447554196997,32.353751052503235,32.63405227661133,23003300,0.0,0.0
2023-12-06 00:00:00-05:00,32.48965659698883,33.024781259963994,32.345259678527384,32.70200729370117,20218500,0.0,0.0
2023-12-07 00:00:00-05:00,32.744487376176714,32.897380186479815,32.5321366107797,32.829429626464844,15223200,0.0,0.0
2023-12-08 00:00:00-05:00,32.83790953197742,32.8548979754651,32.285796459377714,32.489654541015625,21850400,0.0,0.0
2023-12-11 00:00:00-05:00,32.523631773673294,32.608570751800215,31.835614386073715,31.996999740600586,21914500,0.0,0.0
2023-12-12 00:00:00-05:00,31.91206698765846,31.97152493198881,31.57230452844365,31.682727813720703,17096700,0.0,0.0
2023-12-13 00:00:00-05:00,31.495857086464213,31.555315022694227,30.969225022406206,31.419410705566406,32473200,0.0,0.0
2023-12-14 00:00:00-05:00,31.640252758201473,32.260316383160635,31.580794824315962,32.1668815612793,28551600,0.0,0.0
2023-12-15 00:00:00-05:00,31.89507070833677,32.13290566746898,31.546815731257837,31.742177963256836,51721600,0.0,0.0
2023-12-18 00:00:00-05:00,32.03947246987836,32.10742300433703,31.657240587878594,31.996999740600586,22057200,0.0,0.0
2023-12-19 00:00:00-05:00,31.93754655516424,32.05646567851848,31.8441149614224,31.912065505981445,17642500,0.0,0.0
2023-12-20 00:00:00-05:00,31.852609043328112,32.0479713233014,31.665739366738467,31.682727813720703,18134600,0.0,0.0
2023-12-21 00:00:00-05:00,31.725201872466787,31.895083126499443,31.60628596670855,31.793155670166016,15421000,0.0,0.0
2023-12-22 00:00:00-05:00,31.784649315458456,32.090434823563356,31.76766411186538,31.8441104888916,13171600,0.0,0.0
2023-12-26 00:00:00-05:00,31.801640175233622,31.971521385999356,31.6912201424183,31.835617065429688,11856600,0.0,0.0
2023-12-27 00:00:00-05:00,31.708207774496422,31.818627804480503,31.597784504297834,31.691219329833984,15267600,0.0,0.0
2023-12-28 00:00:00-05:00,31.580794470198082,32.039472732355435,31.555313424594125,31.8441104888916,14931700,0.0,0.0
2023-12-29 00:00:00-05:00,31.75067899144026,32.073449736923045,31.699713654683393,32.02248764038086,16222700,0.0,0.0
2024-01-02 00:00:00-05:00,32.0479695035199,33.10123047510649,32.00550000858333,33.024784088134766,23810900,0.0,0.0
2024-01-03 00:00:00-05:00,33.57689334852229,33.73828196243739,33.23713415543491,33.26261520385742,26263900,0.0,0.0
2024-01-04 00:00:00-05:00,33.70430650703648,33.84870344120234,33.43249784490028,33.44099044799805,24214600,0.0,0.0
2024-01-05 00:00:00-05:00,33.525932386173636,34.29039302665013,33.3815322130587,34.14599609375,30276700,0.0,0.0
2024-01-08 00:00:00-05:00,34.10352696595537,34.196958561078645,33.5344253508117,34.06105422973633,28483000,0.0,0.0
2024-01-09 00:00:00-05:00,33.901268572464886,33.901268572464886,33.486680205687456,33.719886779785156,17880100,0.665,0.0
2024-01-10 00:00:00-05:00,33.75443649291992,33.771708125131575,33.391669614221925,33.75443649291992,16354700,0.0,0.0
2024-01-11 00:00:00-05:00,33.71124573762695,33.71124573762695,32.44156996674725,32.73523712158203,31289800,0.0,0.0
2024-01-12 00:00:00-05:00,32.98571286906222,33.48667580571234,32.96843794419273,33.305294036865234,18774800,0.0,0.0
2024-01-16 00:00:00-05:00,33.322572644707755,33.98763920398687,33.12391263417927,33.93581771850586,31039400,0.0,0.0
2024-01-17 00:00:00-05:00,33.44349444173729,34.056739526618735,33.400305476582034,33.57305145263672,21377100,0.0,0.0
2024-01-18 00:00:00-05:00,33.27938661128159,33.6939750059198,33.21892600965867,33.633514404296875,17112800,0.0,0.0
2024-01-19 00:00:00-05:00,33.745796679299936,34.0567387703222,33.41757966157029,33.970367431640625,20561700,0.0,0.0
2024-01-22 00:00:00-05:00,34.03082732804654,34.30721955997166,33.95309180688914,34.18629837036133,26039200,0.0,0.0
2024-01-23 00:00:00-05:00,35.473251225232005,36.49244887759103,35.058662852301204,36.47517395019531,49713700,0.0,0.0
2024-01-24 00:00:00-05:00,36.47516958505597,36.57018002693438,35.57689323711205,35.65462875366211,27910400,0.0,0.0
2024-01-25 00:00:00-05:00,35.801469917238485,36.535636243916905,35.69782364291044,36.527000427246094,24613200,0.0,0.0
2024-01-26 00:00:00-05:00,36.526995019056514,36.69974098059691,36.36288487290831,36.622005462646484,20367200,0.0,0.0
2024-01-29 00:00:00-05:00,36.380162745646174,36.61336931838912,35.98284930831617,36.3197021484375,23905700,0.0,0.0
2024-01-30 00:00:00-05:00,36.276515872804865,36.79475049590278,36.11240901095678,36.68246841430664,20044600,0.0,0.0
2024-01-31 00:00:00-05:00,36.440623154161614,37.321624659454564,36.31106614432335,36.578819274902344,23392300,0.0,0.0
2024-02-01 00:00:00-05:00,36.86385204828583,36.898401903516664,36.25060694478839,36.699745178222656,19586500,0.0,0.0
2024-02-02 00:00:00-05:00,36.4492583504119,36.68246489690088,36.129680473307026,36.388797760009766,21548600,0.0,0.0
2024-02-05 00:00:00-05:00,36.27651447303296,36.431985512934375,35.65463031342728,35.741004943847656,20466200,0.0,0.0
2024-02-06 00:00:00-05:00,35.74963457984547,35.90510559287245,35.36959615625433,35.49915313720703,17517600,0.0,0.0
2024-02-07 00:00:00-05:00,35.4991575516542,35.533707402146526,34.86000179182169,34.91182327270508,21815600,0.0,0.0
2024-02-08 00:00:00-05:00,34.80818158472659,34.86864218359619,34.06537617592242,34.47132873535156,19523500,0.0,0.0
2024-02-09 00:00:00-05:00,34.46269150537325,34.62679836773688,33.909903732182045,34.307220458984375,18479400,0.0,0.0
2024-02-12 00:00:00-05:00,34.315859076872485,34.69589761304492,34.143113089573866,34.63543701171875,15060500,0.0,0.0
2024-02-13 00:00:00-05:00,34.72180702882138,34.946374476004515,34.272668839599895,34.661346435546875,14483600,0.0,0.0
2024-02-14 00:00:00-05:00,34.8772799157303,35.01547603551873,34.523152152843984,34.67862319946289,12443200,0.0,0.0
2024-02-15 00:00:00-05:00,34.73044160885697,35.0845693403765,34.70453086833399,35.058658599853516,12081400,0.0,0.0
2024-02-16 00:00:00-05:00,34.79954786308191,35.12776162102854,34.32449885985961,34.972293853759766,12645500,0.0,0.0
2024-02-20 00:00:00-05:00,34.90319098962505,35.335054279917294,34.782269795520094,34.980926513671875,12069500,0.0,0.0
2024-02-21 00:00:00-05:00,34.972282809565236,35.516428060304996,34.86863327097746,35.49915313720703,16268200,0.0,0.0
2024-02-22 00:00:00-05:00,35.196855614221995,35.352326651075686,34.64407116978896,35.17958068847656,22068900,0.0,0.0
2024-02-23 00:00:00-05:00,35.09321462113189,35.54235287335084,34.94637937768739,35.11912536621094,15228600,0.0,0.0
2024-02-26 00:00:00-05:00,35.067298286699845,35.09321232493898,34.05673975647108,34.281307220458984,25108400,0.0,0.0
2024-02-27 00:00:00-05:00,34.2726738361341,34.531791172923135,34.05674217300062,34.48860549926758,17074100,0.0,0.0
2024-02-28 00:00:00-05:00,34.51451580906642,34.73044746947577,34.428144462844934,34.63543701171875,12437000,0.0,0.0
2024-02-29 00:00:00-05:00,34.63543017511925,34.74771553892797,34.419498557332076,34.56633377075195,20486500,0.0,0.0
2024-03-01 00:00:00-05:00,34.540420005523984,34.79953726520111,34.350399144161884,34.7218017578125,12130900,0.0,0.0
2024-03-04 00:00:00-05:00,34.479962116861394,34.83409316359834,34.12583436497974,34.81681823730469,18753900,0.0,0.0
2024-03-05 00:00:00-05:00,34.85136795043945,35.378241718104896,34.47996523863777,34.85136795043945,20640100,0.0,0.0
2024-03-06 00:00:00-05:00,34.85136911180109,34.86864404023445,34.35040936665638,34.48860549926758,16331100,0.0,0.0
2024-03-07 00:00:00-05:00,34.63543609168428,34.79090714663763,34.01355516672644,34.14311218261719,17100600,0.0,0.0
2024-03-08 00:00:00-05:00,34.21220240413147,34.4454089218765,34.02218154637151,34.12582778930664,17807900,0.0,0.0
2024-03-11 00:00:00-04:00,34.17765839449561,34.74771777026611,34.16902257896577,34.661346435546875,12344600,0.0,0.0
2024-03-12 00:00:00-04:00,34.574971805972424,34.77362851171083,34.46268972980847,34.661346435546875,12452700,0.0,0.0
2024-03-13 00:00:00-04:00,34.799546088496975,34.980927886774175,34.60088936254734,34.77363204956055,13751800,0.0,0.0
2024-03-14 00:00:00-04:00,34.54905952894005,34.60088430438128,34.06537150938706,34.35040283203125,17475400,0.0,0.0
2024-03-15 00:00:00-04:00,34.203565795756205,34.488597103234035,33.80625242307943,34.108558654785156,54893900,0.0,0.0
2024-03-18 00:00:00-04:00,34.09992784665618,34.514516244489776,33.909906928744896,34.48860549926758,16200800,0.0,0.0
2024-03-19 00:00:00-04:00,34.445415876095964,34.592247808660225,34.384955280939465,34.52315139770508,15226900,0.0,0.0
2024-03-20 00:00:00-04:00,34.51451003847791,34.78226643876653,34.37631393071559,34.652706146240234,15198800,0.0,0.0
2024-03-21 00:00:00-04:00,34.65270557591932,35.05865807728901,34.53178439547432,35.015472412109375,21868300,0.0,0.0
2024-03-22 00:00:00-04:00,35.18822595426764,35.248686557525446,34.557702586254855,34.86864471435547,17816400,0.0,0.0
2024-03-25 00:00:00-04:00,35.00683562162338,35.309141887620974,34.963649953582376,35.30050277709961,14587200,0.0,0.0
2024-03-26 00:00:00-04:00,35.265954382751005,35.41278630541373,35.16230483102485,35.283226013183594,17854100,0.0,0.0
2024-03-27 00:00:00-04:00,35.49915820894733,36.086492498771385,35.49915820894733,35.87919998168945,19260100,0.0,0.0
2024-03-28 00:00:00-04:00,35.96557022191302,36.406072573324735,35.95693440681997,36.24196243286133,19771400,0.0,0.0
2024-04-01 00:00:00-04:00,36.267874347231576,36.57017728063813,35.87055768422671,36.51835250854492,15031600,0.0,0.0
2024-04-02 00:00:00-04:00,36.535631733349845,36.86384873886633,36.501081881220685,36.74292755126953,17260800,0.0,0.0
2024-04-03 00:00:00-04:00,36.77747722966618,37.05386945568329,36.73428826728113,37.002044677734375,18211800,0.0,0.0
2024-04-04 00:00:00-04:00,37.1316009014981,37.50300023739277,36.65654872622204,36.66518783569336,16461400,0.0,0.0
2024-04-05 00:00:00-04:00,36.49244283274789,36.656549673540276,35.93965842707359,36.380157470703125,14338700,0.0,0.0
2024-04-08 00:00:00-04:00,36.3801610827811,36.40607511958279,36.02603333180728,36.04330825805664,14457800,0.0,0.0
2024-04-09 00:00:00-04:00,36.03891943231399,36.14424412041719,35.58250798625151,35.845821380615234,17224100,0.665,0.0
2024-04-10 00:00:00-04:00,35.643951025613454,35.68783603744106,35.07343582721929,35.56495666503906,17900400,0.0,0.0
2024-04-11 00:00:00-04:00,35.50351156370908,35.52106623540497,35.187534169605556,35.24897384643555,14782200,0.0,0.0
2024-04-12 00:00:00-04:00,35.26652893378855,35.336744273188415,34.827672180852616,34.8627815246582,21555000,0.0,0.0
2024-04-15 00:00:00-04:00,35.20509719848633,35.41574661241964,34.976889760477825,35.20509719848633,16442800,0.0,0.0
2024-04-16 00:00:00-04:00,35.205092369010146,35.23142270508677,34.731126230361326,34.90666961669922,14016800,0.0,0.0
2024-04-17 00:00:00-04:00,34.976883100125605,35.09098679740205,34.63457535650769,34.915443420410156,21009200,0.0,0.0
2024-04-18 00:00:00-04:00,34.97688274135584,35.257750802377345,34.85400338318535,35.2226448059082,20173700,0.0,0.0
2024-04-19 00:00:00-04:00,35.10855022573039,35.69661683486949,35.090995548832055,35.538631439208984,24706500,0.0,0.0
2024-04-22 00:00:00-04:00,36.337338194262095,36.54798754740868,33.84463186062021,33.879737854003906,51243200,0.0,0.0
2024-04-23 00:00:00-04:00,34.15183556466126,35.099767846551664,33.94996184126866,34.84523010253906,25972800,0.0,0.0
2024-04-24 00:00:00-04:00,34.669683407188145,34.81011743389641,34.17816263960359,34.66090774536133,15946600,0.0,0.0
2024-04-25 00:00:00-04:00,34.48536698920822,34.95055411015486,34.195719903795855,34.423927307128906,16837700,0.0,0.0
2024-04-26 00:00:00-04:00,34.283493387630244,35.07343359488473,34.14305934979312,34.827674865722656,18246200,0.0,0.0
2024-04-29 00:00:00-04:00,35.0207775659469,35.828272553505116,34.994443878465994,35.18754196166992,19438600,0.0,0.0
2024-04-30 00:00:00-04:00,35.02954580989127,35.03832147171809,34.61701939159331,34.66090774536133,20222200,0.0,0.0
2024-05-01 00:00:00-04:00,34.520479597458014,34.81012336202741,34.34493619712499,34.406375885009766,17754000,0.0,0.0
2024-05-02 00:00:00-04:00,34.511695556632134,34.65212958679112,34.01139911492753,34.16938781738281,17394900,0.0,0.0
2024-05-03 00:00:00-04:00,34.2747228604386,34.40638126834103,34.01140939284614,34.1342887878418,13195600,0.0,0.0
2024-05-06 00:00:00-04:00,34.336154895350084,34.53802862039381,34.28349422251099,34.520477294921875,13348800,0.0,0.0
2024-05-07 00:00:00-04:00,34.69601676905002,34.73990512664849,34.30982399894933,34.50292205810547,11935200,0.0,0.0
2024-05-08 00:00:00-04:00,34.441480752536705,34.731124479412145,34.31859804454712,34.652130126953125,10438000,0.0,0.0
2024-05-09 00:00:00-04:00,34.678466557246765,34.959338019524054,34.564366187803515,34.92422866821289,12881000,0.0,0.0
2024-05-10 00:00:00-04:00,34.9417741670472,35.47717656697464,34.854000811821365,35.459625244140625,16888500,0.0,0.0
2024-05-13 00:00:00-04:00,35.40696470768075,35.67905711328138,35.18753632038679,35.5825080871582,21365700,0.0,0.0
2024-05-14 00:00:00-04:00,35.62640147548841,35.71417151176783,35.47718839595868,35.538631439208984,17664400,0.0,0.0
2024-05-15 00:00:00-04:00,35.766835542462836,35.90726960943727,35.49474307285701,35.538631439208984,14926000,0.0,0.0
2024-05-16 00:00:00-04:00,35.36308175969221,35.494736790810336,35.231423380362415,35.327972412109375,12913200,0.0,0.0
2024-05-17 00:00:00-04:00,35.450852862313766,35.46840753664091,34.95933537400081,35.16120910644531,14670400,0.0,0.0
2024-05-20 00:00:00-04:00,35.15242750598629,35.380634907218536,35.117318159918014,35.2138671875,8665000,0.0,0.0
2024-05-21 00:00:00-04:00,35.196311248302074,35.21386592070469,34.476586420851724,34.77500915527344,18327000,0.0,0.0
2024-05-22 00:00:00-04:00,34.84523430186878,35.26653647296668,34.77501559924645,34.92422866821289,12374100,0.0,0.0
2024-05-23 00:00:00-04:00,34.75745554728393,34.93299892847456,34.327377778988975,34.608245849609375,14105000,0.0,0.0
2024-05-24 00:00:00-04:00,34.67845970542857,34.88033676147461,34.669684043440704,34.88033676147461,10420000,0.0,0.0
2024-05-28 00:00:00-04:00,34.862783753477714,34.92422343495976,34.380038615816666,34.54680633544922,15071300,0.0,0.0
2024-05-29 00:00:00-04:00,34.45903374005385,34.6433561368288,34.23082968205326,34.318599700927734,17652000,0.0,0.0
2024-05-30 00:00:00-04:00,34.42392695563721,35.42451988009671,34.38881760960422,35.398189544677734,19633200,0.0,0.0
2024-05-31 00:00:00-04:00,35.231419771972334,36.23201263812106,35.19631042798539,36.11791229248047,38917400,0.0,0.0
2024-06-03 00:00:00-04:00,36.14424378629243,36.43388751295157,35.898485066919655,35.96870040893555,20688100,0.0,0.0
2024-06-04 00:00:00-04:00,35.88093010446608,36.47777557373047,35.740496073357484,36.47777557373047,16040200,0.0,0.0
2024-06-05 00:00:00-04:00,36.512881599598906,36.61820963417329,36.10035851625586,36.293453216552734,11964000,0.0,0.0
2024-06-06 00:00:00-04:00,36.25834712205191,36.61820953534798,36.10913408091327,36.275901794433594,10259100,0.0,0.0
2024-06-07 00:00:00-04:00,36.12669564954505,36.24079936770165,35.81949719475271,35.933597564697266,10410200,0.0,0.0
2024-06-10 00:00:00-04:00,35.907263480155954,35.924818154057746,35.3981913298506,35.468406677246094,15210700,0.0,0.0
2024-06-11 00:00:00-04:00,35.36307632646358,35.626389696455696,35.30163665173912,35.477176666259766,12083300,0.0,0.0
2024-06-12 00:00:00-04:00,35.78438320017706,35.81071353625368,34.739905241194606,34.90666961669922,15065300,0.0,0.0
2024-06-13 00:00:00-04:00,34.88911308573537,34.93299809293049,34.49414132455646,34.915443420410156,12297400,0.0,0.0
2024-06-14 00:00:00-04:00,34.65213666345732,34.968114132896865,34.62580632374138,34.81890106201172,10480600,0.0,0.0
2024-06-17 00:00:00-04:00,34.75745807614435,34.75745807614435,34.18694623103027,34.634578704833984,22286600,0.0,0.0
2024-06-18 00:00:00-04:00,34.854004105853036,35.26653054387424,34.84522844360664,35.17876052856445,17125700,0.0,0.0
2024-06-20 00:00:00-04:00,34.96811181051345,35.52107234530816,34.94178147254622,35.31919860839844,17704700,0.0,0.0
2024-06-21 00:00:00-04:00,35.43329897173099,35.44207798319463,35.02077583465975,35.31919860839844,30375300,0.0,0.0
2024-06-24 00:00:00-04:00,35.450851988472444,36.17935588813881,35.38941230394777,36.135467529296875,20773800,0.0,0.0
2024-06-25 00:00:00-04:00,36.1705769512478,36.53921840736336,35.8370481912048,36.05647659301758,17475700,0.0,0.0
2024-06-26 00:00:00-04:00,35.98626002229859,36.13546973720056,35.731722257594406,36.003814697265625,19709900,0.0,0.0
2024-06-27 00:00:00-04:00,35.98625484757191,36.021364192457355,35.600062098466275,35.82826614379883,15560800,0.0,0.0
2024-06-28 00:00:00-04:00,35.86337496830769,36.49532977423037,35.71416192881534,36.19690704345703,27639200,0.0,0.0
2024-07-01 00:00:00-04:00,36.354893659133765,36.84641445283162,36.293453978447964,36.635765075683594,16412100,0.0,0.0
2024-07-02 00:00:00-04:00,36.53921077722796,36.600650449048736,35.740491695346805,36.07402038574219,21659400,0.0,0.0
2024-07-03 00:00:00-04:00,36.100366078809714,36.32857017177049,35.94237734206298,36.09158706665039,6653900,0.0,0.0
2024-07-05 00:00:00-04:00,36.13546653163281,36.31978892832956,35.94237182054858,36.22323989868164,17552200,0.0,0.0
2024-07-08 00:00:00-04:00,36.24956900346763,36.50410673694642,36.05647429894189,36.45144271850586,15380400,0.0,0.0
2024-07-09 00:00:00-04:00,36.39878198375364,36.67087104135214,36.17057458579392,36.249568939208984,20475200,0.0,0.0
2024-07-10 00:00:00-04:00,36.4681330253068,36.691152423988704,36.298636104384734,36.646549224853516,13826800,0.665,0.0
2024-07-11 00:00:00-04:00,36.64654540404656,36.896326015566,36.3521581950367,36.84280014038086,12487800,0.0,0.0
2024-07-12 00:00:00-04:00,36.85171860214652,37.083657228717634,36.753589543710774,36.95876693725586,11129100,0.0,0.0
2024-07-15 00:00:00-04:00,36.9587731732826,36.98553441082404,36.30755697006326,36.38784408569336,15874900,0.0,0.0
2024-07-16 00:00:00-04:00,36.44136732270135,37.06582230143551,36.414606084600386,36.97661590576172,16016900,0.0,0.0
2024-07-17 00:00:00-04:00,37.06582173656826,37.63675082739391,37.03906049887512,37.4940185546875,20401700,0.0,0.0
2024-07-18 00:00:00-04:00,37.37804968698813,37.93113680006508,37.21747546012616,37.529701232910156,15752800,0.0,0.0
2024-07-19 00:00:00-04:00,37.73488224292713,37.73488224292713,36.9587756746466,37.12826919555664,17608000,0.0,0.0
2024-07-22 00:00:00-04:00,35.63850231553421,35.68310551682902,34.5234052681333,34.871315002441406,54985800,0.0,0.0
2024-07-23 00:00:00-04:00,34.55908819659424,35.03188824213448,34.541246235988154,34.69289779663086,25257700,0.0,0.0
2024-07-24 00:00:00-04:00,35.00512363110674,35.53144950777062,34.83562672317751,35.38871383666992,22889000,0.0,0.0
2024-07-25 00:00:00-04:00,35.55820928872173,36.548415846903254,35.495764136674744,35.63849639892578,19740300,0.0,0.0
2024-07-26 00:00:00-04:00,35.593892279130245,35.83475020047141,35.370872912476564,35.76338577270508,15911500,0.0,0.0
2024-07-29 00:00:00-04:00,35.75447217288665,35.790152690932864,35.388717086610356,35.70986557006836,12937200,0.0,0.0
2024-07-30 00:00:00-04:00,35.69202350475906,35.91504290617171,35.53145266650746,35.718788146972656,16089200,0.0,0.0
2024-07-31 00:00:00-04:00,35.709864587000666,36.387845456304554,35.66526138841628,36.1469841003418,23605400,0.0,0.0
2024-08-01 00:00:00-04:00,36.280793864971415,36.73575534046519,35.932884150185544,36.441368103027344,18166800,0.0,0.0
2024-08-02 00:00:00-04:00,36.75359738973821,37.413732900675306,36.04885527689498,36.54841995239258,26124900,0.0,0.0
2024-08-05 00:00:00-04:00,35.68310446587001,35.923965829375355,35.36195598119622,35.50468826293945,26855000,0.0,0.0
2024-08-06 00:00:00-04:00,35.65634674527144,36.11130487478672,35.46900784205329,35.91504669189453,18104200,0.0,0.0
2024-08-07 00:00:00-04:00,36.00425205691186,36.3254005336147,35.86151977871126,35.932884216308594,12176300,0.0,0.0
2024-08-08 00:00:00-04:00,35.93288398292849,36.387845456304554,35.90612274437904,36.1469841003418,13237100,0.0,0.0
2024-08-09 00:00:00-04:00,36.120218943491686,36.39676078651929,35.70986071321542,36.35215759277344,11818700,0.0,0.0
2024-08-12 00:00:00-04:00,36.53057335769228,36.57517655093378,35.959644316987855,36.15589904785156,11099000,0.0,0.0
2024-08-13 00:00:00-04:00,36.26295387710656,36.39676346820309,35.99532788890188,36.37892150878906,15349400,0.0,0.0
2024-08-14 00:00:00-04:00,36.218347369268336,36.664386146737186,36.12022169675007,36.4859733581543,10931100,0.0,0.0
2024-08-15 00:00:00-04:00,36.43244955089196,36.50381398978089,35.68310422602519,35.718788146972656,17489600,0.0,0.0
2024-08-16 00:00:00-04:00,35.772314316874215,36.23619512804296,35.73663379525074,36.22727584838867,13377500,0.0,0.0
2024-08-19 00:00:00-04:00,36.24511736992543,36.45029482954226,36.182672204085804,36.34324645996094,9401400,0.0,0.0
2024-08-20 00:00:00-04:00,36.271874586415386,36.53949718217329,36.24511334774138,36.441368103027344,8784000,0.0,0.0
2024-08-21 00:00:00-04:00,36.494894987581425,36.63762726944682,36.33432074510711,36.61978530883789,13683400,0.0,0.0
2024-08-22 00:00:00-04:00,36.66439071165664,36.71791659669926,36.22727456099704,36.45921325683594,13529600,0.0,0.0
2024-08-23 00:00:00-04:00,36.566261269418256,36.780357981575975,36.50381270844922,36.762516021728516,11757300,0.0,0.0
2024-08-26 00:00:00-04:00,36.905246829158884,37.23531796869552,36.789279199273224,37.012298583984375,10309500,0.0,0.0
2024-08-27 00:00:00-04:00,37.06582230143551,37.146109418744274,36.735754553835434,36.97661590576172,9778200,0.0,0.0
2024-08-28 00:00:00-04:00,37.012298583984375,37.208553328486275,36.896327551092966,37.012298583984375,12732700,0.0,0.0
2024-08-29 00:00:00-04:00,37.05690200450252,37.08366324186791,36.70006962560371,36.79819869995117,17338100,0.0,0.0
2024-08-30 00:00:00-04:00,36.84280685266825,37.36913281069235,36.726835803474806,37.27100372314453,20009900,0.0,0.0
2024-09-03 00:00:00-04:00,37.43157392904098,38.29689025878906,37.39589000960674,38.29689025878906,23319900,0.0,0.0
2024-09-04 00:00:00-04:00,38.35933427830167,38.60019562282844,36.75359538446229,37.00337600708008,31272700,0.0,0.0
2024-09-05 00:00:00-04:00,36.85173034667969,37.297769188625914,36.48597863240403,36.85173034667969,28199800,0.0,0.0
2024-09-06 00:00:00-04:00,36.896331304585566,37.279924957552474,36.69115385813914,36.7089958190918,18100300,0.0,0.0
2024-09-09 00:00:00-04:00,36.807114290659,38.16307243042372,36.807114290659,38.11846923828125,27850300,0.0,0.0
2024-09-10 00:00:00-04:00,38.17200260460403,38.97487042980421,37.80625091242252,38.93918991088867,36980400,0.0,0.0
2024-09-11 00:00:00-04:00,38.81429093772337,39.0908361907269,38.305807029592046,39.072994232177734,22395500,0.0,0.0
2024-09-12 00:00:00-04:00,38.805373600277484,39.14436402365027,38.74292844373589,39.126522064208984,18397000,0.0,0.0
2024-09-13 00:00:00-04:00,39.18896340267217,39.670686051636444,38.91241816278406,39.63500213623047,20029700,0.0,0.0
2024-09-16 00:00:00-04:00,39.79558391850441,40.188096853578465,39.66177091179416,40.14349365234375,24714500,0.0,0.0
2024-09-17 00:00:00-04:00,39.920474815556624,39.920474815556624,39.18004873302066,39.322784423828125,18769600,0.0,0.0
2024-09-18 00:00:00-04:00,39.340618148052734,39.69745052521199,39.05515360752762,39.14436340332031,16897900,0.0,0.0
2024-09-19 00:00:00-04:00,39.21572556408149,39.22464824464649,38.65371919668621,39.19788360595703,23097200,0.0,0.0
2024-09-20 00:00:00-04:00,39.05515764993859,39.67069339409917,38.939190007913474,39.54580307006836,52671900,0.0,0.0
2024-09-23 00:00:00-04:00,39.563635957949764,39.724210180978204,39.206806998002044,39.48334884643555,18083200,0.0,0.0
2024-09-24 00:00:00-04:00,39.43874767984286,39.956154292430796,39.36738324538585,39.84018325805664,15154000,0.0,0.0
2024-09-25 00:00:00-04:00,39.96507337205023,40.036441209158454,39.626082951797734,39.7420539855957,21990100,0.0,0.0
2024-09-26 00:00:00-04:00,39.786662432899604,40.03644649273641,39.572565699332316,39.80450439453125,15779600,0.0,0.0
2024-09-27 00:00:00-04:00,39.89370521529323,40.18808900837998,39.68852780726176,40.04535675048828,15659300,0.0,0.0
2024-09-30 00:00:00-04:00,40.25946005068226,40.46463747508256,39.956153553089266,40.063201904296875,13509700,0.0,0.0
2024-10-01 00:00:00-04:00,40.107806414918734,40.35759044659747,39.840183826625506,40.33082580566406,17536400,0.0,0.0
2024-10-02 00:00:00-04:00,40.259466755498536,40.39327636604128,40.02752465241437,40.1880989074707,12040800,0.0,0.0
2024-10-03 00:00:00-04:00,40.08104940223333,40.107810642982,39.59932665072003,39.71529769897461,12258400,0.0,0.0
2024-10-04 00:00:00-04:00,39.04623563720195,39.474432462330945,38.84997748289064,39.4119873046875,14531200,0.0,0.0
2024-10-07 00:00:00-04:00,39.32278083878325,39.376303314950256,39.04623556756558,39.108680725097656,12885000,0.0,0.0
2024-10-08 00:00:00-04:00,39.25141473613883,39.38522773848716,38.97486945268842,39.26033401489258,10855100,0.0,0.0
2024-10-09 00:00:00-04:00,39.30493751419028,39.47443102117654,39.08191812988985,39.34954071044922,12614200,0.0,0.0
2024-10-10 00:00:00-04:00,39.356793045915616,39.56517344809373,38.78601329669571,38.9128532409668,12352800,0.678,0.0
2024-10-11 00:00:00-04:00,39.09405468636989,39.1755951443683,38.77695136920747,38.958152770996094,10658700,0.0,0.0
2024-10-14 00:00:00-04:00,38.958147761715935,39.220889587719356,38.85848683074023,39.130287170410156,9923500,0.0,0.0
2024-10-15 00:00:00-04:00,39.38397209228548,39.83697382895818,39.11216828537869,39.62859344482422,15444500,0.0,0.0
2024-10-16 00:00:00-04:00,39.62858911751809,39.95474742915873,39.55610718862333,39.78260803222656,9459000,0.0,0.0
2024-10-17 00:00:00-04:00,39.75543104896693,39.86415049168274,39.438327778196744,39.728248596191406,10539500,0.0,0.0
2024-10-18 00:00:00-04:00,39.71013068918576,40.018168527366164,39.565166827272115,39.8550910949707,13058400,0.0,0.0
2024-10-21 00:00:00-04:00,39.909457510037015,40.0453594311991,39.50175520268018,39.59235763549805,18760000,0.0,0.0
2024-10-22 00:00:00-04:00,37.961542900697275,38.631983464632846,36.919637634093505,37.59914016723633,42576300,0.0,0.0
2024-10-23 00:00:00-04:00,37.925306779000834,38.86755124141641,37.83470435600181,38.8313102722168,27174700,0.0,0.0
2024-10-24 00:00:00-04:00,38.39642661465628,38.4598465787343,37.72598255080867,37.9253044128418,23506400,0.0,0.0
2024-10-25 00:00:00-04:00,37.96154733595489,38.21522720533921,37.48136313959726,37.49042510986328,19717400,0.0,0.0
2024-10-28 00:00:00-04:00,37.553843925495215,37.852823268653395,37.49948247395332,37.707862854003906,13575000,0.0,0.0
2024-10-29 00:00:00-04:00,37.436063609579364,37.76222541616564,37.4088846110735,37.445125579833984,15072300,0.0,0.0
2024-10-30 00:00:00-04:00,37.44512517363108,37.60820261902615,37.25486181776704,37.39982223510742,16372600,0.0,0.0
2024-10-31 00:00:00-04:00,37.38170021272236,38.64104789069976,37.37264169906775,38.169925689697266,31077900,0.0,0.0
2024-11-01 00:00:00-04:00,38.16086643687677,38.369246827057154,37.41794384366705,37.47230529785156,16682400,0.0,0.0
2024-11-04 00:00:00-05:00,37.73504649686604,37.843765947246666,37.05554388376134,37.200504302978516,14760900,0.0,0.0
2024-11-05 00:00:00-05:00,37.15519775933703,37.39076057779295,36.99212032765119,37.38169860839844,12322800,0.0,0.0
2024-11-06 00:00:00-05:00,37.54478323327502,37.75316362041745,37.08272297589468,37.29110336303711,21957100,0.0,0.0
2024-11-07 00:00:00-05:00,37.21862885685936,37.31828634786284,36.702203634795474,36.75656509399414,24225500,0.0,0.0
2024-11-08 00:00:00-05:00,36.91058113700107,37.010238610823755,36.620656860720025,36.675018310546875,21305900,0.0,0.0
2024-11-11 00:00:00-05:00,36.66596495802469,37.03742627713919,36.611603500545996,36.6387825012207,17116400,0.0,0.0
2024-11-12 00:00:00-05:00,36.69313419670127,36.783733145599804,36.30355249540652,36.602535247802734,16984600,0.0,0.0
2024-11-13 00:00:00-05:00,36.60254289440701,37.508546397178186,36.52100244091244,37.27298355102539,19953500,0.0,0.0
2024-11-14 00:00:00-05:00,37.2729836352061,37.38170308806804,37.01930375981855,37.02836227416992,13636600,0.0,0.0
2024-11-15 00:00:00-05:00,36.96494135377059,37.843765836782026,36.96494135377059,37.73504638671875,21482500,0.0,0.0
2024-11-18 00:00:00-05:00,37.75315715597954,38.57762350533819,37.75315715597954,38.27864074707031,17405400,0.0,0.0
2024-11-19 00:00:00-05:00,38.24240360704109,38.26052409021365,37.87094234232557,37.98872375488281,10520600,0.0,0.0
2024-11-20 00:00:00-05:00,38.05214298879986,38.30582283609734,37.82564213767605,38.25146484375,14706500,0.0,0.0
2024-11-21 00:00:00-05:00,38.251462380949626,38.731643048454735,38.06119905159782,38.50514221191406,12534100,0.0,0.0
2024-11-22 00:00:00-05:00,38.59574668451805,39.26619077727014,38.36018730151968,39.094051361083984,17017400,0.0,0.0
2024-11-25 00:00:00-05:00,39.26618577661236,39.90944733300309,39.23900678176244,39.84602737426758,28365900,0.0,0.0
2024-11-26 00:00:00-05:00,39.84603433331436,40.317156577722116,39.63765393877174,40.19937515258789,17247000,0.0,0.0
2024-11-27 00:00:00-05:00,40.29903402335009,40.5255348913699,40.19937308844074,40.20843505859375,12372400,0.0,0.0
2024-11-29 00:00:00-05:00,40.20843640413721,40.33527634149227,39.909453589403924,40.17219543457031,9023100,0.0,0.0
2024-12-02 00:00:00-05:00,40.10877182988988,40.154071309677406,39.429269264690745,39.728248596191406,12783900,0.0,0.0
2024-12-03 00:00:00-05:00,39.78261489885043,40.244675178857726,39.59235498685503,39.71013641357422,15415900,0.0,0.0
2024-12-04 00:00:00-05:00,39.6195291475083,39.664828627289005,38.42360490942824,38.52326583862305,21431600,0.0,0.0
2024-12-05 00:00:00-05:00,38.58668270531142,38.84036253663085,38.52326274748156,38.55044174194336,16176900,0.0,0.0
2024-12-06 00:00:00-05:00,38.53232766999262,38.659167606751765,38.07026740663729,38.387367248535156,15685900,0.0,0.0
2024-12-09 00:00:00-05:00,38.47796827669148,39.04874797140932,38.197105958246155,38.3783073425293,15570300,0.0,0.0
2024-12-10 00:00:00-05:00,38.38736023389025,38.64104351718125,38.115559925340584,38.32394027709961,16337200,0.0,0.0
2024-12-11 00:00:00-05:00,38.224284933662396,38.46890628388079,37.95248458546271,38.043087005615234,13986100,0.0,0.0
2024-12-12 00:00:00-05:00,38.10650567625346,38.19710463719719,37.880004817765304,38.12462615966797,11232300,0.0,0.0
2024-12-13 00:00:00-05:00,38.05214442292687,38.41454718083485,37.88000501379144,38.305824279785156,13360400,0.0,0.0
2024-12-16 00:00:00-05:00,38.19710549573969,38.27864594487333,36.97400221486394,37.03742218017578,30228300,0.0,0.0
2024-12-17 00:00:00-05:00,36.83809985995881,37.25486061433377,36.702197961035786,36.94681930541992,15374000,0.0,0.0
2024-12-18 00:00:00-05:00,36.87434132642404,37.19144115336607,36.430398112576285,36.45758056640625,19199600,0.0,0.0
2024-12-19 00:00:00-05:00,36.28543776893836,36.65689904813808,36.176718321792535,36.21295928955078,17859100,0.0,0.0
2024-12-20 00:00:00-05:00,36.176719665527344,36.59348044184042,36.16765769518673,36.176719665527344,47590900,0.0,0.0
2024-12-23 00:00:00-05:00,36.1767172432309,36.35791862049093,36.08611828266529,36.18577575683594,21292300,0.0,0.0
2024-12-24 00:00:00-05:00,36.14953949257191,36.203897488333794,35.75995772767679,36.058937072753906,11712200,0.0,0.0
2024-12-26 00:00:00-05:00,36.08612141580943,36.394159290929124,36.004580961769186,36.20389938354492,12946400,0.0,0.0
2024-12-27 00:00:00-05:00,36.113294140963426,36.385094455166595,35.923034266634055,36.16765213012695,15168100,0.0,0.0
2024-12-30 00:00:00-05:00,36.05893651866215,36.09517748603247,35.69653721334563,35.87773513793945,15672000,0.0,0.0
2024-12-31 00:00:00-05:00,35.913975823751585,36.26731661251985,35.83243537587207,36.2310791015625,13549900,0.0,0.0
2025-01-02 00:00:00-05:00,36.26731614005688,36.74750030737135,36.22201665985369,36.430397033691406,22470200,0.0,0.0
2025-01-03 00:00:00-05:00,36.53006183409856,36.8109241709212,36.33980192341024,36.47570037841797,15229900,0.0,0.0
2025-01-06 00:00:00-05:00,36.50288150947903,36.53912247861742,35.85961985985331,35.88679885864258,27115000,0.0,0.0
2025-01-07 00:00:00-05:00,35.97739748120223,36.22201883635277,35.18011690455865,35.261653900146484,31517100,0.0,0.0
2025-01-08 00:00:00-05:00,35.2525985259054,35.32508046994467,34.82677574499797,35.27977752685547,22901600,0.0,0.0
2025-01-10 00:00:00-05:00,35.20416314000122,35.2502653213602,34.66014895827493,34.86300277709961,27338400,0.678,0.0
2025-01-13 00:00:00-05:00,34.98286737816493,35.176502165634844,34.798458654663584,35.14883804321289,19734000,0.0,0.0
2025-01-14 00:00:00-05:00,35.34247716386002,35.36091522457401,34.88144826384016,35.29637145996094,15740100,0.0,0.0
2025-01-15 00:00:00-05:00,35.31481618806097,35.582213818092974,35.10274329721991,35.20417022705078,27817100,0.0,0.0
2025-01-16 00:00:00-05:00,35.15806472154998,35.3516960144043,34.982871489315855,35.3516960144043,24678300,0.0,0.0
2025-01-17 00:00:00-05:00,35.42545914048393,35.932593746568756,35.360915375595205,35.75740051269531,24082100,0.0,0.0
2025-01-21 00:00:00-05:00,35.84038484213786,36.49504853764956,35.76662204893886,35.978694915771484,25717600,0.0,0.0
2025-01-22 00:00:00-05:00,35.85882931533926,36.2737560523737,35.58221266310682,35.914154052734375,31488900,0.0,0.0
2025-01-23 00:00:00-05:00,36.181549251513054,36.329078357317165,36.03402014570895,36.126224517822266,25153500,0.0,0.0
2025-01-24 00:00:00-05:00,36.98374071996349,37.50931341014183,36.30141636712639,36.458168029785156,37123900,0.0,0.0
2025-01-27 00:00:00-05:00,37.02062102868523,37.62917901875865,36.92841314087333,37.47242736816406,35520300,0.0,0.0
2025-01-28 00:00:00-05:00,37.43553785997647,37.629172632834695,37.20502345562349,37.251129150390625,21031900,0.0,0.0
2025-01-29 00:00:00-05:00,37.638395869440494,37.69372059892411,36.928411002570584,37.14048385620117,24238100,0.0,0.0
2025-01-30 00:00:00-05:00,37.20502780298111,37.20502780298111,36.10778037630245,36.393619537353516,27913500,0.0,0.0
2025-01-31 00:00:00-05:00,36.48582924725353,36.826989670668425,36.218431623622465,36.31985855102539,45178700,0.0,0.0
2025-02-03 00:00:00-05:00,36.246095455118684,36.99296006467197,36.09856633938469,36.86387252807617,27967100,0.0,0.0
2025-02-04 00:00:00-05:00,36.67945867653109,36.77166656825633,36.51348798879708,36.707122802734375,19190200,0.0,0.0
2025-02-05 00:00:00-05:00,37.00217819213867,37.16814886718173,36.70711999592238,37.00217819213867,16830500,0.0,0.0
2025-02-06 00:00:00-05:00,37.09438199091883,37.149706720875635,36.578028396768595,36.82698440551758,15370600,0.0,0.0
2025-02-07 00:00:00-05:00,36.84542645595796,36.98373652394293,36.48582450004241,36.771663665771484,15754800,0.0,0.0
2025-02-10 00:00:00-05:00,36.900748284159185,37.011394219421504,36.71633604714141,36.836204528808594,16737500,0.0,0.0
2025-02-11 00:00:00-05:00,36.863874025106995,37.361786129943624,36.71634490338189,37.33412551879883,15182700,0.0,0.0
2025-02-12 00:00:00-05:00,37.334118746855374,37.435542141779926,37.020618980383,37.37099838256836,14440300,0.0,0.0
2025-02-13 00:00:00-05:00,37.444766254486055,37.90579513520148,37.26957302869661,37.841251373291016,17056700,0.0,0.0
2025-02-14 00:00:00-05:00,37.93345731636625,38.071767393267926,37.749045052954465,37.79515075683594,12438200,0.0,0.0
2025-02-18 00:00:00-05:00,37.73060240692441,38.00722255289813,37.444766748229426,37.9887809753418,16357700,0.0,0.0
2025-02-19 00:00:00-05:00,38.12708730787622,38.772528449086316,38.06254354549233,38.73564529418945,21039600,0.0,0.0
2025-02-20 00:00:00-05:00,38.726428040259286,39.21511755425609,38.6157820878654,39.17823791503906,19771700,0.0,0.0
2025-02-21 00:00:00-05:00,39.12290785161031,39.86055329605449,38.883170883809115,39.42718505859375,25465100,0.0,0.0
2025-02-24 00:00:00-05:00,39.41796983078137,40.229381656606435,39.25199915010417,39.94354248046875,27560600,0.0,0.0
2025-02-25 00:00:00-05:00,40.183277575174536,40.5428795272154,40.10951126841174,40.30314254760742,24356900,0.0,0.0
2025-02-26 00:00:00-05:00,40.146394471098034,40.24782138433589,39.43640959580414,39.814453125,18651400,0.0,0.0
2025-02-27 00:00:00-05:00,39.7222521463532,40.03574842510202,39.54705891132132,39.89744186401367,19212300,0.0,0.0
2025-02-28 00:00:00-05:00,40.04497291912287,40.34925018220229,39.28888575950543,39.740692138671875,25197500,0.0,0.0
2025-03-03 00:00:00-05:00,39.61160348084723,40.45067596435547,39.58394287154227,40.45067596435547,22334000,0.0,0.0
2025-03-04 00:00:00-05:00,40.570544182995846,41.01313151563486,39.482515671243966,39.52861785888672,32627500,0.0,0.0
2025-03-05 00:00:00-05:00,39.44562513437557,39.97119771339176,39.07680418486411,39.50094985961914,18038400,0.0,0.0
2025-03-06 00:00:00-05:00,39.6484850011156,40.865601003481075,39.51939747319371,40.782615661621094,22845900,0.0,0.0
2025-03-07 00:00:00-05:00,40.847158502489,42.599069672221475,40.847158502489,42.4699821472168,44992100,0.0,0.0
2025-03-10 00:00:00-04:00,42.4699814066893,43.668655783166564,42.4699814066893,42.8664665222168,39837000,0.0,0.0
2025-03-11 00:00:00-04:00,39.869777948237974,40.487554941407666,39.31654119765904,40.04496765136719,64142300,0.0,0.0
2025-03-12 00:00:00-04:00,38.8186293093091,39.547055765493454,37.961115332762176,39.27043914794922,49650800,0.0,0.0
2025-03-13 00:00:00-04:00,39.4364095473712,40.404569460720715,39.4364095473712,40.30314254760742,30708600,0.0,0.0
2025-03-14 00:00:00-04:00,39.7960134594846,40.35846926545468,39.65770338617773,40.17405700683594,17432100,0.0,0.0
2025-03-17 00:00:00-04:00,40.19250088659268,40.40457376507146,39.73147197232453,40.247825622558594,15560900,0.0,0.0
2025-03-18 00:00:00-04:00,40.31236773599544,40.96702792324009,40.12795547437645,40.782615661621094,16254400,0.0,0.0
2025-03-19 00:00:00-04:00,40.84715818474896,40.86559976208778,40.312366511407966,40.51521682739258,14373300,0.0,0.0
2025-03-20 00:00:00-04:00,40.53366197321365,40.53366197321365,39.99887025279093,40.340030670166016,18109300,0.0,0.0
2025-03-21 00:00:00-04:00,40.37690900830597,40.79183569200083,40.12795299808906,40.56132125854492,68445500,0.0,0.0
2025-03-24 00:00:00-04:00,40.229384465526465,40.69963241536495,40.13717657128356,40.16484069824219,18050000,0.0,0.0
2025-03-25 00:00:00-04:00,40.10951123546277,40.41379197455269,39.78679243706841,40.10029220581055,21483200,0.0,0.0
2025-03-26 00:00:00-04:00,40.303142967153825,40.87482129840321,40.174055446346266,40.73651123046875,21684400,0.0,0.0
2025-03-27 00:00:00-04:00,41.01312788597332,41.72311276842666,40.86559878814997,41.45571517944336,21905200,0.0,0.0
2025-03-28 00:00:00-04:00,41.61246706224633,41.80609834473912,41.3819526257441,41.42805480957031,19530600,0.0,0.0
2025-03-31 00:00:00-04:00,41.769218264182534,42.230247171110314,41.61247012416537,41.82454299926758,27786900,0.0,0.0
2025-04-01 00:00:00-04:00,41.944410164924925,42.045833566628936,41.603246252149525,41.84298324584961,15710800,0.0,0.0
2025-04-02 00:00:00-04:00,41.83376254978626,41.990514209123376,41.123777602207284,41.25286865234375,21924100,0.0,0.0
2025-04-03 00:00:00-04:00,41.94441266231024,42.58985033599858,41.677015044712775,42.06427764892578,30474800,0.0,0.0
2025-04-04 00:00:00-04:00,41.271303123184566,42.230244022261175,39.46407078695099,39.676143646240234,42663400,0.0,0.0
2025-04-07 00:00:00-04:00,38.29305561416354,39.95276230794238,38.03488058062951,39.2612190246582,38812000,0.0,0.0
2025-04-08 00:00:00-04:00,39.64848454201739,39.85133837918653,38.43136855374517,38.883174896240234,29790200,0.0,0.0
2025-04-09 00:00:00-04:00,38.43136531510381,40.12795162811233,37.6937198567025,39.547054290771484,49426000,0.0,0.0
2025-04-10 00:00:00-04:00,39.80751164252046,40.510162443944665,39.20791328992371,40.21036148071289,36501700,0.678,0.0
2025-04-11 00:00:00-04:00,41.08164231767787,41.128488556186156,40.37899162644826,40.96921920776367,30144300,0.0,0.0
2025-04-14 00:00:00-04:00,41.128489959492214,41.83114067469629,40.85679749188538,41.50323486328125,24323000,0.0,0.0
2025-04-15 00:00:00-04:00,41.6906089665112,41.868612527192056,41.42828717732543,41.671871185302734,21795300,0.0,0.0
2025-04-16 00:00:00-04:00,41.91545764443894,42.055985638938836,40.77247803840201,40.85679626464844,17271600,0.0,0.0
2025-04-17 00:00:00-04:00,40.99732581808134,41.671871653702574,40.82869293304241,41.25965118408203,16504800,0.0,0.0
2025-04-21 00:00:00-04:00,41.409552777082354,41.49387101247159,39.985513453767915,40.219730377197266,23802500,0.0,0.0
2025-04-22 00:00:00-04:00,39.33907569271629,40.91301011664188,38.917484519402926,40.463314056396484,37633800,0.0,0.0
2025-04-23 00:00:00-04:00,39.86371419369771,40.27593820975529,39.45149375150628,40.00424575805664,29402100,0.0,0.0
2025-04-24 00:00:00-04:00,40.01361471418483,40.40710096829194,39.79813559302444,40.107303619384766,16597300,0.0,0.0
2025-04-25 00:00:00-04:00,39.84497893592437,39.95740562407517,38.73010774909331,39.264122009277344,23361900,0.0,0.0
2025-04-28 00:00:00-04:00,39.34843979869485,39.79813582467312,39.21727890451781,39.71381759643555,16188500,0.0,0.0
2025-04-29 00:00:00-04:00,39.6388734178531,40.29467794452871,39.56392228688067,40.238468170166016,14712800,0.0,0.0
2025-04-30 00:00:00-04:00,40.8005844853966,41.41891697693361,40.6319480264441,41.27838897705078,29563000,0.0,0.0
2025-05-01 00:00:00-04:00,41.00670089363158,41.06291424391761,40.52889635086726,40.56637191772461,18921900,0.0,0.0
2025-05-02 00:00:00-04:00,40.71626655097029,41.128490597559725,40.58510565391598,40.97859191894531,15366500,0.0,0.0
2025-05-05 00:00:00-04:00,41.04417249500282,41.222176059577265,40.49142044579474,40.79121780395508,9210000,0.0,0.0
2025-05-06 00:00:00-04:00,40.8193278461298,41.5126115581242,40.68816693209848,41.36271286010742,12131500,0.0,0.0
2025-05-07 00:00:00-04:00,41.231544671468995,41.55945050098296,41.025436213861994,41.11912155151367,12826600,0.0,0.0
2025-05-08 00:00:00-04:00,41.03479982056147,41.27838739588061,40.7631073611156,40.85679626464844,14967400,0.0,0.0
2025-05-09 00:00:00-04:00,40.77247803840201,41.10975094338774,40.58510380520257,40.85679626464844,10878400,0.0,0.0
2025-05-12 00:00:00-04:00,40.33215532461987,40.482054019442266,39.62950452253985,40.28531265258789,20160000,0.0,0.0
2025-05-13 00:00:00-04:00,40.48204866589557,40.48204866589557,39.80750641533297,39.95740509033203,20069600,0.0,0.0
2025-05-14 00:00:00-04:00,40.07919537029682,40.22909404553361,39.58265667867493,39.67634201049805,20447500,0.0,0.0
2025-05-15 00:00:00-04:00,39.91055616637307,40.78184327303835,39.91055616637307,40.73500061035156,14608000,0.0,0.0
2025-05-16 00:00:00-04:00,40.74437290842125,41.212806701660156,40.62257912149659,41.212806701660156,13407700,0.0,0.0
2025-05-19 00:00:00-04:00,41.29712844010841,41.56881734715835,41.10038351407472,41.51260757446289,14778600,0.0,0.0
2025-05-20 00:00:00-04:00,41.46575949495148,41.737451963830814,41.40954972474635,41.428287506103516,12189900,0.0,0.0
2025-05-21 00:00:00-04:00,41.259657139117564,41.43766072749061,40.81932814688222,40.98796463012695,16038600,0.0,0.0
2025-05-22 00:00:00-04:00,40.9879614596183,41.07227969471846,40.35089114416519,40.4071044921875,14947700,0.0,0.0
2025-05-23 00:00:00-04:00,40.72563747160189,40.73500457550462,40.1541476391424,40.585105895996094,12393400,0.0,0.0
2025-05-27 00:00:00-04:00,40.547633989601685,40.94112029246619,40.51016199674481,40.753746032714844,12873700,0.0,0.0
2025-05-28 00:00:00-04:00,40.70690186723995,40.781849424069755,40.34152403976144,40.4071044921875,12783000,0.0,0.0
2025-05-29 00:00:00-04:00,40.4258421375502,40.65068838114251,40.26657277229459,40.594478607177734,9960400,0.0,0.0
2025-05-30 00:00:00-04:00,40.63194796949666,41.27838891919732,40.5570004177708,41.18470001220703,26569500,0.0,0.0
2025-06-02 00:00:00-04:00,41.03480496488723,41.33460234604391,40.61321378080231,41.31586456298828,11873300,0.0,0.0
2025-06-03 00:00:00-04:00,41.15659732543283,41.2690204459599,40.85679995478291,41.06291198730469,13140900,0.0,0.0
2025-06-04 00:00:00-04:00,41.137862019264006,41.156599802790836,40.510162353515625,40.510162353515625,14360100,0.0,0.0
2025-06-05 00:00:00-04:00,40.61321458936292,40.66942793964895,40.31341720223763,40.56637191772461,12095900,0.0,0.0
2025-06-06 00:00:00-04:00,40.66005657543826,41.14722459808247,40.6413187939725,41.0348014831543,10135200,0.0,0.0
2025-06-09 00:00:00-04:00,40.8942756652832,41.17533525453557,40.763111188023295,40.8942756652832,13399400,0.0,0.0
2025-06-10 00:00:00-04:00,40.89427142677601,41.55007587577149,40.81932030468155,41.34396743774414,13724100,0.0,0.0
2025-06-11 00:00:00-04:00,41.4001794955152,41.59692441496306,40.93174567811186,40.97859191894531,14602100,0.0,0.0
2025-06-12 00:00:00-04:00,41.10975321417484,41.119120318112415,40.20099045597314,40.43520736694336,22370500,0.0,0.0
2025-06-13 00:00:00-04:00,40.27593971267253,40.54762860064325,40.21035569268923,40.294673919677734,13544100,0.0,0.0
2025-06-16 00:00:00-04:00,40.24782986665172,40.388361431409,39.6576058719499,39.816871643066406,20449300,0.0,0.0
2025-06-17 00:00:00-04:00,40.09793358784262,40.11667136918444,39.17043664155381,39.207908630371094,23028200,0.0,0.0
2025-06-18 00:00:00-04:00,39.30160151451409,39.3109686191998,38.973695668646755,39.039276123046875,18654200,0.0,0.0
2025-06-20 00:00:00-04:00,39.17043882870114,39.44212773866185,39.02054014346309,39.0673828125,37068100,0.0,0.0
2025-06-23 00:00:00-04:00,39.170438222514754,39.71381960789358,39.086119990006566,39.68571472167969,16014400,0.0,0.0
2025-06-24 00:00:00-04:00,39.70445039438017,40.03235262901,39.60139438524898,39.93866729736328,16716300,0.0,0.0
2025-06-25 00:00:00-04:00,39.72319039699262,39.78877084758616,39.29222855526385,39.46086502075195,15599700,0.0,0.0
2025-06-26 00:00:00-04:00,39.507707678358756,39.601396589085624,39.236018771917124,39.4421272277832,15870000,0.0,0.0
2025-06-27 00:00:00-04:00,39.48897156319978,39.77003113407529,39.32970220958831,39.63887023925781,21439600,0.0,0.0
2025-06-30 00:00:00-04:00,39.63887310685846,40.58510789782842,39.61076464603102,40.538265228271484,22796000,0.0,0.0
2025-07-01 00:00:00-04:00,40.67878716183732,41.10974894945307,40.48204583476021,40.9223747253418,19233200,0.0,0.0
2025-07-02 00:00:00-04:00,41.0535414237664,41.250282778704594,40.68816360063357,40.83806228637695,18313900,0.0,0.0
2025-07-03 00:00:00-04:00,40.97859384670121,41.0066987334303,40.67879290150245,40.80058670043945,10301300,0.0,0.0
2025-07-07 00:00:00-04:00,40.94111703781862,40.94111703781862,39.9761409276641,40.09793472290039,22039300,0.0,0.0
2025-07-08 00:00:00-04:00,40.09793462690743,40.510158679376815,39.854350610884445,40.341522216796875,16736200,0.0,0.0
2025-07-09 00:00:00-04:00,40.27594019750561,40.34152064441208,39.788768610581585,39.91992950439453,23519800,0.0,0.0
2025-07-10 00:00:00-04:00,39.86090316262254,40.15602938751535,39.60385844384216,40.01322555541992,19359300,0.678,0.0
2025-07-11 00:00:00-04:00,39.965624384041604,40.01322444954042,39.49913865784018,39.62289810180664,20174300,0.0,0.0
2025-07-14 00:00:00-04:00,39.59434216965007,39.8323461491186,39.489619837619514,39.58482360839844,15757300,0.0,0.0
2025-07-15 00:00:00-04:00,39.45153740711496,39.632422751540396,39.12785185733792,39.280174255371094,15653200,0.0,0.0
2025-07-16 00:00:00-04:00,39.289697339836245,39.46106049546965,39.18497500787666,39.27065658569336,17971300,0.0,0.0
2025-07-17 00:00:00-04:00,39.30873573914924,39.36585436650361,38.87080931505496,38.985050201416016,18411200,0.0,0.0
2025-07-18 00:00:00-04:00,39.01361077575012,39.14689241942016,38.737525295775086,38.88032913208008,21079700,0.0,0.0
2025-07-21 00:00:00-04:00,39.937067165892934,41.012846134524516,39.680022440733936,40.45115661621094,47574000,0.0,0.0
2025-07-22 00:00:00-04:00,40.69867906780731,41.4031724203584,40.50827516455142,40.89860153198242,23521000,0.0,0.0
2025-07-23 00:00:00-04:00,40.36547331352524,40.81291829151602,40.032265588512615,40.784358978271484,23357200,0.0,0.0
2025-07-24 00:00:00-04:00,40.841484742906346,41.2698890049645,40.70819946246658,41.012847900390625,20411000,0.0,0.0
2025-07-25 00:00:00-04:00,40.95572563734501,41.13660735617729,40.69868090111859,41.012847900390625,16571500,0.0,0.0
2025-07-28 00:00:00-04:00,40.955722903068065,40.955722903068065,40.21315169131326,40.327392578125,18243700,0.0,0.0
2025-07-29 00:00:00-04:00,40.38451326863674,40.9176434870789,40.365476146239246,40.66059875488281,13118500,0.0,0.0
2025-07-30 00:00:00-04:00,40.62251851096946,40.83196318038482,40.41307747320672,40.555877685546875,13313300,0.0,0.0
2025-07-31 00:00:00-04:00,40.260749768247024,41.041402447571876,40.12746813494554,40.708194732666016,25538700,0.0,0.0
2025-08-01 00:00:00-04:00,41.212771309650726,41.38413447102724,40.574918735270906,40.822444915771484,20841300,0.0,0.0
2025-08-04 00:00:00-04:00,40.74628002383704,40.96524324627562,40.48923529358675,40.88908386230469,13629900,0.0,0.0
2025-08-05 00:00:00-04:00,40.8890835530937,41.03188375882899,40.62251663208008,40.62251663208008,14863700,0.0,0.0
2025-08-06 00:00:00-04:00,40.74628282161367,40.74628282161367,40.279797029673475,40.317874908447266,17812000,0.0,0.0
2025-08-07 00:00:00-04:00,40.46067597855421,40.96524324627562,40.14650898658636,40.88908386230469,15543400,0.0,0.0
2025-08-08 00:00:00-04:00,41.031883147402304,41.27940931096561,40.96524232605505,41.07948684692383,13057000,0.0,0.0
2025-08-11 00:00:00-04:00,41.155647554753834,41.441251602819946,40.92716576896194,41.10804748535156,12914900,0.0,0.0
2025-08-12 00:00:00-04:00,41.26037182819941,41.55549808302652,41.13660873660705,41.17469024658203,12469300,0.0,0.0
2025-08-13 00:00:00-04:00,41.1270871720327,41.73637676053428,40.93668326771286,41.612613677978516,14327700,0.0,0.0
2025-08-14 00:00:00-04:00,41.66021556796502,41.688778515436134,41.25085205850647,41.41269302368164,10582800,0.0,0.0
2025-08-15 00:00:00-04:00,41.47933116396509,42.30758395397443,41.34604952323397,42.117183685302734,21239200,0.0,0.0
2025-08-18 00:00:00-04:00,42.221905368351194,42.459909352686104,42.09814591128691,42.259986877441406,12692100,0.0,0.0
2025-08-19 00:00:00-04:00,42.3742251062958,42.90735530504911,42.33614723125457,42.783592224121094,17944200,0.0,0.0
2025-08-20 00:00:00-04:00,42.916879346696504,43.55472826886148,42.79311626043594,42.8978385925293,20982100,0.0,0.0
2025-08-21 00:00:00-04:00,42.82167026102319,43.040633459290504,42.71694794192751,42.86927032470703,11866800,0.0,0.0
2025-08-22 00:00:00-04:00,42.98351686540317,43.25008013994262,42.12670115202316,42.30758285522461,19123700,0.0,0.0
2025-08-25 00:00:00-04:00,42.30758466538615,42.34566617242177,41.85061747591588,42.107662200927734,16021200,0.0,0.0
2025-08-26 00:00:00-04:00,41.993420287152176,42.2885428803485,41.6506939954963,41.850616455078125,17328200,0.0,0.0
2025-08-27 00:00:00-04:00,41.907740348759084,42.15526288480225,41.77445870383951,42.14574432373047,12046600,0.0,0.0
2025-08-28 00:00:00-04:00,41.983896764999336,42.069578335199424,41.593570418899425,41.82205581665039,15842800,0.0,0.0
2025-08-29 00:00:00-04:00,41.860139668500985,42.16478446148117,41.822058161465364,42.107662200927734,14792700,0.0,0.0
2025-09-02 00:00:00-04:00,42.041018051449846,42.34566282031417,41.422206321889874,41.69829177856445,21123700,0.0,0.0
2025-09-03 00:00:00-04:00,41.41268891755484,41.64117431640625,40.82244011536265,41.64117431640625,21828500,0.0,0.0
2025-09-04 00:00:00-04:00,41.95534007923958,42.288544188852725,41.822058435394325,42.060062408447266,14480500,0.0,0.0
2025-09-05 00:00:00-04:00,41.98389847952891,42.33614696676554,41.90773909826987,42.250465393066406,13406700,0.0,0.0
2025-09-08 00:00:00-04:00,40.91764363638929,41.52693324160224,40.87956212815036,41.241329193115234,30273900,0.0,0.0
2025-09-09 00:00:00-04:00,41.279409505232195,41.641176559714424,41.269887312622124,41.479331970214844,15595500,0.0,0.0
2025-09-10 00:00:00-04:00,41.40317153930664,41.574531053772816,40.946200728555795,41.40317153930664,14807800,0.0,0.0
2025-09-11 00:00:00-04:00,41.517416801185085,42.0315062937142,41.42221302572449,42.0219841003418,15510600,0.0,0.0
2025-09-12 00:00:00-04:00,41.89821963143082,41.97438264929683,41.66973784113795,41.86014175415039,13723500,0.0,0.0
2025-09-15 00:00:00-04:00,41.93629768421811,42.12670158153857,41.66973440696083,41.76493453979492,15034700,0.0,0.0
2025-09-16 00:00:00-04:00,41.76493376045073,41.841096770618606,41.222285023787364,41.64117431640625,16173600,0.0,0.0
2025-09-17 00:00:00-04:00,41.76493748807621,42.2790269576365,41.75541892678177,42.088623046875,14414000,0.0,0.0
2025-09-18 00:00:00-04:00,41.77445764916007,41.841098469937386,41.48885361273555,41.57453155517578,16507300,0.0,0.0
2025-09-19 00:00:00-04:00,41.68877628532848,41.68877628532848,41.37460930152033,41.39365005493164,29164200,0.0,0.0
2025-09-22 00:00:00-04:00,41.298449168665684,41.431730808469275,40.91764137066771,41.08900451660156,18507700,0.0,0.0
2025-09-23 00:00:00-04:00,41.08900431111005,41.298448962126706,40.8986004130633,41.2698860168457,16796400,0.0,0.0
2025-09-24 00:00:00-04:00,41.12708823944297,41.30796995583259,40.89860282199858,41.10804748535156,21162400,0.0,0.0
2025-09-25 00:00:00-04:00,41.16516732298967,41.66973456590912,41.16516732298967,41.2698860168457,19012200,0.0,0.0
2025-09-26 00:00:00-04:00,41.55549560071777,41.6126142306156,41.36509169386926,41.51741409301758,12456200,0.0,0.0
2025-09-29 00:00:00-04:00,41.507894379731454,41.55549808302652,41.02236783833477,41.17469024658203,15854500,0.0,0.0
2025-09-30 00:00:00-04:00,41.165172133119235,41.860143355292465,41.117568429305855,41.841102600097656,24399100,0.0,0.0
2025-10-01 00:00:00-04:00,41.81253799388771,41.97438259080114,41.365092975332495,41.72686004638672,19921900,0.0,0.0
2025-10-02 00:00:00-04:00,41.48885276872256,41.62213440756582,41.146126479324316,41.31748962402344,21550100,0.0,0.0
2025-10-03 00:00:00-04:00,41.35556833952857,41.8220577166221,41.31749046455036,41.57453155517578,18016000,0.0,0.0
2025-10-06 00:00:00-04:00,41.17469217536893,41.29845527275885,39.36586031500372,39.451541900634766,75944200,0.0,0.0
2025-10-07 00:00:00-04:00,39.61338224556602,39.85138622095956,39.3563375163427,39.41345977783203,34001300,0.0,0.0
2025-10-08 00:00:00-04:00,39.546740186151226,39.546740186151226,39.0897730034857,39.33729553222656,35601000,0.0,0.0
2025-10-09 00:00:00-04:00,39.36585654119886,39.375378734052155,38.775607692131864,38.870811462402344,34868200,0.0,0.0
2025-10-10 00:00:00-04:00,38.97733110080202,39.325948814743974,38.56092701960245,38.5899772644043,38107700,0.69,0.0
2025-10-13 00:00:00-04:00,38.493141174316406,38.89017719967194,38.16389151713767,38.493141174316406,26453700,0.0,0.0
2025-10-14 00:00:00-04:00,38.54155947145425,39.29689909307717,38.50282334848282,39.267845153808594,22346100,0.0,0.0
2025-10-15 00:00:00-04:00,39.14195432192563,39.27753075135835,38.96764915795781,39.10322189331055,18233200,0.0,0.0
2025-10-16 00:00:00-04:00,39.14195516650924,39.28721378271005,38.90954581348403,39.08385467529297,16751200,0.0,0.0
2025-10-17 00:00:00-04:00,39.2194268471343,39.37436764494003,38.93859549671142,39.267845153808594,20523500,0.0,0.0
2025-10-20 00:00:00-04:00,39.41310448596142,39.57772747046919,39.074168944906475,39.50994110107422,28079200,0.0,0.0
2025-10-21 00:00:00-04:00,39.34531667404299,39.49057159138668,38.861126228070795,39.02574920654297,29881700,0.0,0.0
2025-10-22 00:00:00-04:00,38.31883395117773,38.93859716901777,37.68938485513885,38.541561126708984,31009500,0.0,0.0
2025-10-23 00:00:00-04:00,38.531878063266255,38.59966443279057,37.17614328461985,37.185829162597656,52663600,0.0,0.0
2025-10-24 00:00:00-04:00,37.379503378196546,37.689384988210676,37.32140288511901,37.59254837036133,27485700,0.0,0.0
2025-10-27 00:00:00-04:00,37.58286385908797,38.047686245327505,37.54412773671469,37.98958206176758,27487200,0.0,0.0
2025-10-28 00:00:00-04:00,37.91211726960578,38.270417201879646,37.71844033261871,38.07674026489258,30719200,0.0,0.0
2025-10-29 00:00:00-04:00,39.635830243130044,40.013498200319745,38.41566824935413,38.938594818115234,53730200,0.0,0.0
2025-10-30 00:00:00-04:00,38.75460397815109,38.919226957639545,37.544127855747874,37.728118896484375,47371000,0.0,0.0
2025-10-31 00:00:00-04:00,37.747487903117914,38.69650076356046,37.55381097986677,38.48345947265625,52181800,0.0,0.0
2025-11-03 00:00:00-05:00,38.26072873688792,38.35756904587527,37.61191529003295,38.22199630737305,39851100,0.0,0.0
2025-11-04 00:00:00-05:00,38.318835512606334,38.415672134059704,37.9314816386322,38.07674026489258,33632800,0.0,0.0
2025-11-05 00:00:00-05:00,38.08642169262585,38.51250794893979,38.0186316326342,38.435035705566406,22947100,0.0,0.0
2025-11-06 00:00:00-05:00,38.27041101852714,38.628710892910476,38.13483829276478,38.5609245300293,30949700,0.0,0.0
2025-11-07 00:00:00-05:00,38.67713541907502,39.045121229696896,38.40598992392222,38.76428985595703,28389500,0.0,0.0
2025-11-10 00:00:00-05:00,38.638399264513986,38.88049448874257,38.318831795373875,38.5899772644043,22414400,0.0,0.0
2025-11-11 00:00:00-05:00,38.78365592212797,39.490573565292515,38.77397373811974,39.41310501098633,25360900,0.0,0.0
2025-11-12 00:00:00-05:00,39.49057303923564,39.66488190170274,39.45184060963857,39.50994110107422,17834000,0.0,0.0
2025-11-13 00:00:00-05:00,39.54867542061937,40.410533815679266,39.45183880992406,39.81013870239258,30487400,0.0,0.0
2025-11-14 00:00:00-05:00,40.013499982678916,40.11033659865337,39.36468652867382,39.761722564697266,29368500,0.0,0.0
2025-11-17 00:00:00-05:00,39.761720797522685,39.974762082014074,39.58741194125158,39.71329879760742,21620800,0.0,0.0
2025-11-18 00:00:00-05:00,39.732665828386615,40.18780601841153,39.69393340117076,40.16843795776367,24067500,0.0,0.0
2025-11-19 00:00:00-05:00,40.18781082397926,40.29433332324025,39.64551614323257,39.887611389160156,21895000,0.0,0.0
2025-11-20 00:00:00-05:00,39.84887449472163,40.12970214104731,39.36468405708992,39.4712028503418,32173600,0.0,0.0
2025-11-21 00:00:00-05:00,39.384047404516764,40.29432776791677,39.14195219196651,39.92634201049805,32037600,0.0,0.0
2025-11-24 00:00:00-05:00,40.04254844500205,40.149070934277084,38.88049432875063,38.938594818115234,44805100,0.0,0.0
2025-11-25 00:00:00-05:00,39.30657958984375,39.50993868559612,39.13227073803319,39.30657958984375,24375300,0.0,0.0
2025-11-26 00:00:00-05:00,39.3065824291854,39.674568220042744,39.27753218314512,39.5874137878418,15186100,0.0,0.0
2025-11-28 00:00:00-05:00,39.52930735966432,39.829506763347624,39.42278487145155,39.81013870239258,9926300,0.0,0.0
2025-12-01 00:00:00-05:00,39.66488073280749,39.79077128400828,39.39373526321805,39.451839447021484,19655900,0.0,0.0
2025-12-02 00:00:00-05:00,39.461523363306085,39.47120554732514,39.083855387200884,39.325950622558594,23194100,0.0,0.0
2025-12-03 00:00:00-05:00,39.451842343064925,40.013501384741346,39.37437009230666,39.38405227661133,19910700,0.0,0.0
2025-12-04 00:00:00-05:00,39.5680445970916,40.042549174587876,39.3840498598714,39.95539474487305,28382300,0.0,0.0
2025-12-05 00:00:00-05:00,39.95539159999882,40.730099222744784,39.93602723410192,40.371795654296875,27802700,0.0,0.0
2025-12-08 00:00:00-05:00,40.42990131110131,40.42990131110131,39.62614341606959,39.9941291809082,22932000,0.0,0.0
2025-12-09 00:00:00-05:00,39.92634294694426,40.168438165172695,38.84175740362323,38.87080764770508,31770600,0.0,0.0
2025-12-10 00:00:00-05:00,38.92891360355823,38.98701409436901,38.42535508341126,38.65776443481445,40053400,0.0,0.0
2025-12-11 00:00:00-05:00,38.73523915172972,39.26784795124995,38.70618890447161,38.94828414916992,21895000,0.0,0.0
2025-12-12 00:00:00-05:00,38.948282041971424,39.684249920641285,38.8320736710656,39.59709548950195,20600000,0.0,0.0
2025-12-15 00:00:00-05:00,39.6067814102671,40.00381744275769,39.50994110107422,39.50994110107422,34725800,0.0,0.0
2025-12-16 00:00:00-05:00,39.60677975937624,39.70361637045269,39.364684537605186,39.46152114868164,22709800,0.0,0.0
2025-12-17 00:00:00-05:00,39.49057347757401,39.606781849895356,39.19037775094417,39.5874137878418,22316100,0.0,0.0
2025-12-18 00:00:00-05:00,39.49057455020812,39.61646510993559,39.11290656510592,39.13227462768555,18822600,0.0,0.0
2025-12-19 00:00:00-05:00,38.87080610150889,38.967646401396095,38.55124234708044,38.5609245300293,53345100,0.0,0.0
2025-12-22 00:00:00-05:00,38.46409248218178,38.7933421526546,38.40598829536417,38.71586990356445,21111600,0.0,0.0
2025-12-23 00:00:00-05:00,38.73523668133554,38.92891360355823,38.60934612777879,38.65776443481445,19761800,0.0,0.0
2025-12-24 00:00:00-05:00,38.6674484759101,39.0644844852708,38.62871235448958,39.04511642456055,7949500,0.0,0.0
2025-12-26 00:00:00-05:00,38.99670267798795,39.258165987018046,38.99670267798795,39.2000617980957,11875400,0.0,0.0
2025-12-29 00:00:00-05:00,39.22911204551673,39.413106796730666,39.103225177305426,39.2000617980957,16846700,0.0,0.0
2025-12-30 00:00:00-05:00,39.20006002200409,39.48089138128429,39.141955835714356,39.41310501098633,15581300,0.0,0.0
2025-12-31 00:00:00-05:00,39.42278586921883,39.66488109616428,39.38404974632835,39.44215393066406,17454800,0.0,0.0
2026-01-02 00:00:00-05:00,39.480887631527274,39.60677817615833,39.02574745068563,39.238792419433594,30856800,0.0,0.0
2026-01-05 00:00:00-05:00,39.15164278300491,39.23879721777957,38.57061568056064,38.95796585083008,43091700,0.0,0.0
2026-01-06 00:00:00-05:00,39.06448532879993,39.18069000149087,38.72555349425137,39.02574920654297,32758400,0.0,0.0
2026-01-07 00:00:00-05:00,39.26784414455153,39.509939365780674,38.72555321320939,38.86112594604492,26834100,0.0,0.0
2026-01-08 00:00:00-05:00,38.89985853858806,39.44215316630543,38.793339743823516,39.28721237182617,28103000,0.0,0.0
2026-01-09 00:00:00-05:00,39.28721325662436,39.471204299812214,39.0160677836991,39.18069076538086,32108600,0.0,0.0
2026-01-12 00:00:00-05:00,39.2299525834307,39.466397951043795,38.92454476654953,39.249656677246094,31259300,0.69,0.0
2026-01-13 00:00:00-05:00,39.24965640609328,39.328469022638764,38.22506608380085,38.43195343017578,37255500,0.0,0.0
2026-01-14 00:00:00-05:00,38.54032119432056,39.2595036482486,38.52061710210963,39.239803314208984,25714700,0.0,0.0
2026-01-15 00:00:00-05:00,39.23980451642787,39.26935877656408,38.65854693199661,38.77676773071289,26483000,0.0,0.0
2026-01-16 00:00:00-05:00,38.52061830317696,38.76691382623608,38.32358489126682,38.33343505859375,38980200,0.0,0.0
2026-01-20 00:00:00-05:00,38.31373233260849,38.63884423856715,38.10684498781928,38.500919342041016,30650900,0.0,0.0
2026-01-21 00:00:00-05:00,38.52061779977929,38.73735905985373,38.38269290997605,38.658546447753906,21158800,0.0,0.0
2026-01-22 00:00:00-05:00,38.73736002736387,39.10187635354398,38.668397580739835,38.894989013671875,18880500,0.0,0.0
2026-01-23 00:00:00-05:00,38.86543620192835,38.97380683871191,38.48121576836598,38.93439865112305,21849400,0.0,0.0
2026-01-26 00:00:00-05:00,39.09202548612917,39.21024628420047,38.94424666991148,39.03291320800781,21081800,0.0,0.0
2026-01-27 00:00:00-05:00,39.07232398989644,39.09202808391296,38.60928717593746,38.737361907958984,26108800,0.0,0.0
2026-01-28 00:00:00-05:00,38.826026916503906,39.269359618913995,38.77676856249646,38.826026916503906,24412500,0.0,0.0
2026-01-29 00:00:00-05:00,38.99350897284112,39.70283752293441,38.89498850882022,39.22010040283203,44347500,0.0,0.0
2026-01-30 00:00:00-05:00,41.38750030923414,43.96868023822207,40.76683826299721,43.86030960083008,123584700,0.0,0.0
2026-02-02 00:00:00-05:00,43.919420348635434,44.80608199436603,43.22979211873062,43.948974609375,64539400,0.0,0.0
2026-02-03 00:00:00-05:00,43.97852683482012,46.06711176292172,43.84060194685652,45.56467056274414,60299100,0.0,0.0
2026-02-04 00:00:00-05:00,46.086816470672915,46.8454071227743,45.48585480094511,46.31340789794922,46213100,0.0,0.0
2026-02-05 00:00:00-05:00,46.51044735656872,46.874967449778154,45.95874777017013,46.402076721191406,42866500,0.0,0.0
2026-02-06 00:00:00-05:00,46.27400312882685,46.54985290639807,45.377487593549,45.623783111572266,36094600,0.0,0.0
2026-02-09 00:00:00-05:00,45.47600408169923,46.372519612722975,45.14104202845017,46.32326126098633,26954800,0.0,0.0
2026-02-10 00:00:00-05:00,46.323262153222636,47.081852810726524,46.07696663162416,46.68777847290039,32147000,0.0,0.0
2026-02-11 00:00:00-05:00,46.48089261417525,48.41184866292417,46.4710386884221,48.24436950683594,48933100,0.0,0.0
2026-02-12 00:00:00-05:00,48.17540463409692,49.49554875569801,48.17540463409692,48.72710418701172,56131100,0.0,0.0
2026-02-13 00:00:00-05:00,48.43155032840949,48.697549937837145,47.909405034813375,48.28377151489258,31998500,0.0,0.0
2026-02-17 00:00:00-05:00,48.56947618967863,48.76651335892473,48.05718105290734,48.204959869384766,24327500,0.0,0.0
2026-02-18 00:00:00-05:00,47.91925886630687,48.224666683783205,47.12126373517225,47.3380012512207,29318100,0.0,0.0
2026-02-19 00:00:00-05:00,48.165553649742925,48.42170310766883,47.771483053338436,47.91925811767578,26530600,0.0,0.0
2026-02-20 00:00:00-05:00,48.3034766332582,48.60888443386707,47.81088558863376,48.52021789550781,25456700,0.0,0.0
2026-02-23 00:00:00-05:00,48.61873575515886,49.731992594721916,48.52021904716418,48.94384765625,30113000,0.0,0.0
2026-02-24 00:00:00-05:00,49.042365113899386,49.33792275874428,48.6581446854069,49.12118148803711,23816700,0.0,0.0
2026-02-25 00:00:00-05:00,48.91429342594346,49.11132684205549,48.44140270439434,48.50051498413086,21693000,0.0,0.0
2026-02-26 00:00:00-05:00,48.53007038480584,48.75666558336575,48.14584995292254,48.16555404663086,23662600,0.0,0.0
2026-02-27 00:00:00-05:00,48.628589041572496,49.40688380228182,48.50051431632593,49.397029876708984,34693500,0.0,0.0
2026-03-02 00:00:00-05:00,49.239402770996094,49.51525256682363,48.89459052621168,49.239402770996094,23725700,0.0,0.0
2026-03-03 00:00:00-05:00,48.99310397701543,50.34280236302133,48.63843782987897,50.1162109375,31586900,0.0,0.0
2026-03-04 00:00:00-05:00,49.66303135154699,50.648213488065025,49.40688564964781,50.44132614135742,22816000,0.0,0.0
2026-03-05 00:00:00-05:00,50.214732079376574,50.55954430588762,49.594066313485285,50.4216194152832,27534300,0.0,0.0
2026-03-06 00:00:00-05:00,50.332952606676294,50.49058158911546,49.663028491767,50.36250686645508,23562600,0.0,0.0
2026-03-09 00:00:00-04:00,50.244287765029775,50.34280447306515,49.61377181399175,49.70243835449219,29057400,0.0,0.0
2026-03-10 00:00:00-04:00,49.56451324319761,50.066954465054955,49.27880952970447,49.95858383178711,20031300,0.0,0.0
2026-03-11 00:00:00-04:00,50.126064722806525,50.126064722806525,49.31821572688348,49.92902755737305,21554200,0.0,0.0
2026-03-12 00:00:00-04:00,49.702439102609205,50.195030166543546,49.071923142080706,49.8797721862793,26296100,0.0,0.0
2026-03-13 00:00:00-04:00,50.19502756476809,50.90435610451001,50.19502756476809,50.618656158447266,21780900,0.0,0.0
2026-03-16 00:00:00-04:00,50.59895354364616,50.697470250935076,49.99799185793789,50.2147331237793,20017500,0.0,0.0
2026-03-17 00:00:00-04:00,50.539841291811115,50.539841291811115,49.61377146500941,49.771400451660156,23765200,0.0,0.0
2026-03-18 00:00:00-04:00,49.62362351703924,49.73199415413439,48.64829529952613,48.85518264770508,32972500,0.0,0.0
2026-03-19 00:00:00-04:00,48.85518154774115,49.54480978431577,48.185257404573974,48.74681091308594,31234700,0.0,0.0
2026-03-20 00:00:00-04:00,49.002961162621524,49.712289745916834,48.75666562829791,49.239402770996094,67321800,0.0,0.0
2026-03-23 00:00:00-04:00,49.29851375835025,49.997992155510524,48.88473531729685,49.83051300048828,26390300,0.0,0.0
2026-03-24 00:00:00-04:00,49.80095441754277,50.9142112431477,49.73199197117686,50.15562057495117,20264600,0.0,0.0
2026-03-25 00:00:00-04:00,49.89947644656884,50.076809530831525,49.54481027804346,49.62362289428711,21920200,0.0,0.0
2026-03-26 00:00:00-04:00,49.82065719931227,50.490581310525144,49.682732310210454,49.98814010620117,24423300,0.0,0.0
2026-03-27 00:00:00-04:00,50.24428847481492,50.68762118357996,49.53495614079087,49.56451416015625,26273400,0.0,0.0
2026-03-30 00:00:00-04:00,50.11621431520874,50.165472670481726,49.40688573130017,49.55466079711914,23797600,0.0,0.0
2026-03-31 00:00:00-04:00,49.80095465903876,49.80095465903876,49.002959559171664,49.45614242553711,30514900,0.0,0.0
2026-04-01 00:00:00-04:00,49.32806620159248,49.426582905837904,48.44140083069817,48.65814208984375,28398900,0.0,0.0
2026-04-02 00:00:00-04:00,49.071923795052214,49.16059033806709,48.54977470477721,48.667999267578125,22737800,0.0,0.0
2026-04-06 00:00:00-04:00,48.66799887186493,48.99310702149499,48.3034787767834,48.42170333862305,17542700,0.0,0.0
2026-04-07 00:00:00-04:00,48.37243833620033,48.50051305812438,47.810884854603586,47.89955139160156,21945900,0.0,0.0
2026-04-08 00:00:00-04:00,47.17051890616666,47.44636868515345,46.42177842295769,47.328147888183594,34143200,0.0,0.0
2026-04-09 00:00:00-04:00,47.10155661415825,47.4562190062179,46.559703463432285,47.071998596191406,29376900,0.0,0.0
2026-04-10 00:00:00-04:00,47.09000015258789,47.099998474121094,45.95000076293945,46.040000915527344,25248600,0.708,0.0
2026-04-13 00:00:00-04:00,46.09000015258789,46.09000015258789,45.040000915527344,45.41999816894531,32920900,0.0,0.0
2026-04-14 00:00:00-04:00,44.77000045776367,45.47999954223633,44.27000045776367,45.47999954223633,31187400,0.0,0.0
2026-04-15 00:00:00-04:00,45.33000183105469,45.38999938964844,44.93000030517578,45.029998779296875,26230300,0.0,0.0
2026-04-16 00:00:00-04:00,45.22999954223633,46.86000061035156,45.040000915527344,46.779998779296875,26004100,0.0,0.0
2026-04-17 00:00:00-04:00,46.11000061035156,46.88999938964844,46.08000183105469,46.54999923706055,20004700,0.0,0.0
2026-04-20 00:00:00-04:00,46.59000015258789,46.970001220703125,46.2599983215332,46.439998626708984,16608100,0.0,0.0
2026-04-21 00:00:00-04:00,46.52000045776367,47.02000045776367,46.130001068115234,46.27000045776367,28978400,0.0,0.0
2026-04-22 00:00:00-04:00,45.880001068115234,46.150001525878906,45.16999816894531,45.97999954223633,22129500,0.0,0.0
2026-04-23 00:00:00-04:00,46.47999954223633,47.52000045776367,46.29999923706055,47.220001220703125,22750200,0.0,0.0
2026-04-24 00:00:00-04:00,47.060001373291016,47.34000015258789,46.380001068115234,46.380001068115234,26602300,0.0,0.0
2026-04-27 00:00:00-04:00,47.43000030517578,48.650001525878906,46.7400016784668,47.099998474121094,37920100,0.0,0.0
2026-04-28 00:00:00-04:00,47.9900016784668,48.18000030517578,46.599998474121094,47.2400016784668,28369800,0.0,0.0
2026-04-29 00:00:00-04:00,47.18000030517578,47.529998779296875,46.2599983215332,46.61000061035156,24195700,0.0,0.0
2026-04-30 00:00:00-04:00,46.86000061035156,48.04999923706055,46.83000183105469,48.029998779296875,34708800,0.0,0.0
2026-05-01 00:00:00-04:00,48.290000915527344,48.4900016784668,47.810001373291016,48.11000061035156,24123000,0.0,0.0
2026-05-04 00:00:00-04:00,47.81999969482422,47.880001068115234,47.33000183105469,47.56999969482422,18080100,0.0,0.0
2026-05-05 00:00:00-04:00,47.540000915527344,47.790000915527344,47.20000076293945,47.34000015258789,15148100,0.0,0.0
2026-05-06 00:00:00-04:00,47.16999816894531,47.61000061035156,46.90999984741211,47.439998626708984,19336400,0.0,0.0
2026-05-07 00:00:00-04:00,47.22999954223633,47.650001525878906,47.060001373291016,47.09000015258789,18839600,0.0,0.0
2026-05-08 00:00:00-04:00,47.209999084472656,47.459999084472656,46.95000076293945,47.220001220703125,16349800,0.0,0.0
2026-05-11 00:00:00-04:00,47.5,47.9900016784668,46.970001220703125,47.22999954223633,18560100,0.0,0.0
2026-05-12 00:00:00-04:00,47.70000076293945,48.18000030517578,47.27000045776367,47.93000030517578,18131900,0.0,0.0
2026-05-13 00:00:00-04:00,47.88999938964844,48.279998779296875,47.16999816894531,47.209999084472656,21212800,0.0,0.0
2026-05-14 00:00:00-04:00,47.459999084472656,47.5,46.90999984741211,47.060001373291016,16585100,0.0,0.0
2026-05-15 00:00:00-04:00,47.47999954223633,47.4900016784668,46.34000015258789,46.369998931884766,23356600,0.0,0.0
2026-05-18 00:00:00-04:00,46.599998474121094,47.02000045776367,45.810001373291016,46.7599983215332,25427400,0.0,0.0
2026-05-19 00:00:00-04:00,46.810001373291016,47.790000915527344,46.790000915527344,47.7400016784668,24593800,0.0,0.0
2026-05-20 00:00:00-04:00,47.72999954223633,48.09000015258789,47.4900016784668,47.81999969482422,16714600,0.0,0.0
2026-05-21 00:00:00-04:00,47.61000061035156,48.279998779296875,47.380001068115234,48.27000045776367,15841900,0.0,0.0
2026-05-22 00:00:00-04:00,48.5,48.52000045776367,48.04999923706055,48.349998474121094,14717700,0.0,0.0
2026-05-26 00:00:00-04:00,48.290000915527344,48.689998626708984,47.86000061035156,48.4900016784668,23013700,0.0,0.0
2026-05-27 00:00:00-04:00,48.43000030517578,48.959999084472656,48.119998931884766,48.2400016784668,15109800,0.0,0.0
2026-05-28 00:00:00-04:00,48.47999954223633,48.4900016784668,47.77000045776367,48.0099983215332,20714100,0.0,0.0
2026-05-29 00:00:00-04:00,48.060001373291016,48.15999984741211,47.34000015258789,47.810001373291016,40404700,0.0,0.0
2026-06-01 00:00:00-04:00,47.5,48.040000915527344,47.470001220703125,47.72999954223633,14647700,0.0,0.0
2026-06-02 00:00:00-04:00,47.779998779296875,48.13999938964844,47.27000045776367,47.869998931884766,14902900,0.0,0.0
2026-06-03 00:00:00-04:00,47.45000076293945,47.54999923706055,46.13999938964844,46.650001525878906,27861900,0.0,0.0
2026-06-04 00:00:00-04:00,47.13999938964844,47.34000015258789,44.29999923706055,44.869998931884766,33072500,0.0,0.0
2026-06-05 00:00:00-04:00,45.2400016784668,46.11000061035156,45.0,45.369998931884766,23121400,0.0,0.0
2026-06-08 00:00:00-04:00,45.29999923706055,45.83000183105469,45.099998474121094,45.439998626708984,18994700,0.0,0.0
2026-06-09 00:00:00-04:00,45.290000915527344,46.09000015258789,44.790000915527344,45.779998779296875,24758100,0.0,0.0
2026-06-10 00:00:00-04:00,46.459999084472656,47.029998779296875,45.95000076293945,46.95000076293945,25239500,0.0,0.0
2026-06-11 00:00:00-04:00,47.349998474121094,48.060001373291016,46.900001525878906,46.939998626708984,26889400,0.0,0.0
2026-06-12 00:00:00-04:00,47.40999984741211,48.209999084472656,47.0,48.11000061035156,21956900,0.0,0.0
2026-06-15 00:00:00-04:00,47.31999969482422,47.75,47.02000045776367,47.06999969482422,24208500,0.0,0.0
2026-06-16 00:00:00-04:00,47.099998474121094,47.400001525878906,46.310001373291016,46.72999954223633,20698400,0.0,0.0
2026-06-17 00:00:00-04:00,46.5099983215332,46.61000061035156,45.22999954223633,45.84000015258789,33481500,0.0,0.0
2026-06-18 00:00:00-04:00,45.790000915527344,46.060001373291016,45.36000061035156,45.369998931884766,66305300,0.0,0.0
2026-06-22 00:00:00-04:00,45.369998931884766,45.88999938964844,45.150001525878906,45.36000061035156,19293000,0.0,0.0
2026-06-23 00:00:00-04:00,45.709999084472656,46.849998474121094,45.400001525878906,46.72999954223633,23019100,0.0,0.0
2026-06-24 00:00:00-04:00,46.459999084472656,46.79999923706055,45.43000030517578,45.68000030517578,25280100,0.0,0.0
2026-06-25 00:00:00-04:00,45.540000915527344,46.2599983215332,45.33000183105469,46.06999969482422,17584000,0.0,0.0
2026-06-26 00:00:00-04:00,46.20000076293945,46.59000015258789,46.0,46.540000915527344,38130400,0.0,0.0
2026-06-29 00:00:00-04:00,45.56999969482422,45.85049819946289,42.779998779296875,44.099998474121094,53798611,0.0,0.0
