Date,Open,High,Low,Close,Volume,Dividends,Stock Splits
2022-01-03 00:00:00-05:00,27.143990727172728,27.455148047656067,26.954854424979807,27.44294548034668,13800,0.0,0.0
2022-01-04 00:00:00-05:00,27.656482142872306,28.065257603862886,27.522256253041927,27.894426345825195,17900,0.0,0.0
2022-01-05 00:00:00-05:00,27.76020725262486,27.99815151383448,27.534465559605717,27.72970199584961,19200,0.0,0.0
2022-01-06 00:00:00-05:00,27.61987454153733,28.925518766484974,27.24160432856216,27.973739624023438,31900,0.0,0.0
2022-01-07 00:00:00-05:00,28.059158231404044,28.49233883432405,27.49175173508292,28.156776428222656,30700,0.0,0.0
2022-01-10 00:00:00-05:00,28.1628847558125,28.571662674223813,27.180600054859212,28.09577178955078,39000,0.0,0.0
2022-01-11 00:00:00-05:00,28.18728149259,28.52894401550293,27.82121151138151,28.52894401550293,19700,0.0,0.0
2022-01-12 00:00:00-05:00,28.657077860860664,29.12686628959304,28.339818052077682,28.736391067504883,36600,0.0,0.0
2022-01-13 00:00:00-05:00,28.87671352096904,28.93772402546968,28.01645004665972,28.5838565826416,27100,0.0,0.0
2022-01-14 00:00:00-05:00,28.466452043365056,29.036394102628137,28.012948879832457,28.98736572265625,20100,0.208415,0.0
2022-01-18 00:00:00-05:00,28.93220179645164,28.97510044791572,28.282592309823475,28.527727127075195,33000,0.0,0.0
2022-01-19 00:00:00-05:00,28.58900718066519,28.61964873480445,27.479765153538466,28.031322479248047,52700,0.0,0.0
2022-01-20 00:00:00-05:00,27.98230313350974,28.5890163871698,27.528800037684878,27.773937225341797,34500,0.0,0.0
2022-01-21 00:00:00-05:00,27.608469470704733,27.608469470704733,26.431816602139794,26.891447067260742,40000,0.0,0.0
2022-01-24 00:00:00-05:00,26.585026234347406,26.658566452736082,25.187748058154224,26.35214614868164,48100,0.0,0.0
2022-01-25 00:00:00-05:00,25.978315356799552,26.848550314796654,25.745435250039538,26.198938369750977,39800,0.0,0.0
2022-01-26 00:00:00-05:00,26.45019613849033,27.087550825634917,25.739301245229367,25.831228256225586,48200,0.0,0.0
2022-01-27 00:00:00-05:00,26.14991052334418,26.437946389166974,24.568782794886637,24.82004737854004,110400,0.0,0.0
2022-01-28 00:00:00-05:00,24.813919979560872,25.010028808696212,24.274619530537862,24.881330490112305,54500,0.0,0.0
2022-01-31 00:00:00-05:00,25.028404885689287,25.690271377563477,24.89970894807498,25.690271377563477,18800,0.0,0.0
2022-02-01 00:00:00-05:00,25.800586769466637,26.180549601777198,25.506423579736705,26.07023811340332,16300,0.0,0.0
2022-02-02 00:00:00-05:00,26.0763573981289,26.254081667333796,25.82509293876354,26.113128662109375,14000,0.0,0.0
2022-02-03 00:00:00-05:00,25.782198888743284,25.849611715806272,25.561575941192018,25.72704315185547,12200,0.0,0.0
2022-02-04 00:00:00-05:00,25.78220891107423,25.9231619961801,25.291936802488202,25.82510757446289,10900,0.0,0.0
2022-02-07 00:00:00-05:00,25.733176216623452,25.947669478116367,25.402241752204766,25.708662033081055,13400,0.0,0.0
2022-02-08 00:00:00-05:00,25.592226050425346,25.751565938151646,25.30419251735374,25.530942916870117,15100,0.0,0.0
2022-02-09 00:00:00-05:00,25.66575789327145,26.382780075073242,25.66575789327145,26.382780075073242,15900,0.0,0.0
2022-02-10 00:00:00-05:00,26.303121649820042,26.707598755001992,25.788337707519528,25.78833770751953,15700,0.0,0.0
2022-02-11 00:00:00-05:00,25.966049736973456,26.419552707776052,25.843481176934848,26.082490921020508,10700,0.0,0.0
2022-02-14 00:00:00-05:00,25.91524243840903,25.91524243840903,25.26859123918566,25.453350067138672,15000,0.208415,0.0
2022-02-15 00:00:00-05:00,25.484132433260626,26.087671279907227,25.484132433260626,26.087671279907227,9600,0.0,0.0
2022-02-16 00:00:00-05:00,26.08151573751142,26.358651567579262,25.804382256749133,26.18621253967285,13300,0.0,0.0
2022-02-17 00:00:00-05:00,26.056879315285975,26.081511780317012,25.434863174474604,25.558034896850586,9100,0.0,0.0
2022-02-18 00:00:00-05:00,25.570351260857542,25.699680506888903,24.991447243403996,25.43486213684082,11400,0.0,0.0
2022-02-22 00:00:00-05:00,25.508778018679404,25.508778018679404,24.529568327062997,24.819019317626953,9200,0.0,0.0
2022-02-23 00:00:00-05:00,24.74510361616072,24.917542609527455,24.418700564629372,24.42485809326172,7100,0.0,0.0
2022-02-24 00:00:00-05:00,24.751271540772684,24.960662841796875,23.611937971535987,24.960662841796875,13500,0.0,0.0
2022-02-25 00:00:00-05:00,24.905232968201542,25.859812305896074,24.905232968201542,25.68121337890625,13000,0.0,0.0
2022-02-28 00:00:00-05:00,25.859815580917125,26.432559967041016,25.63194698342786,26.432559967041016,12500,0.0,0.0
2022-03-01 00:00:00-05:00,26.35248933533286,26.86364879797427,25.921389493187426,26.1800479888916,12700,0.0,0.0
2022-03-02 00:00:00-05:00,26.568050693502173,26.974515914916992,26.568050693502173,26.974515914916992,7500,0.0,0.0
2022-03-03 00:00:00-05:00,26.882139842087177,26.919089732211347,26.38945271357242,26.42640495300293,10300,0.0,0.0
2022-03-04 00:00:00-05:00,26.962189380330123,26.962189380330123,25.970660312968118,26.574201583862305,9000,0.0,0.0
2022-03-07 00:00:00-05:00,26.752801893925685,27.005302930783724,26.1246280670166,26.1246280670166,7500,0.0,0.0
2022-03-08 00:00:00-05:00,26.149266686251,27.39945699121373,26.149266686251,26.999149322509766,10600,0.0,0.0
2022-03-09 00:00:00-05:00,27.06072942463903,27.17774364442988,26.512617603426303,27.091524124145508,5600,0.0,0.0
2022-03-10 00:00:00-05:00,26.931399292620537,27.09152326749033,26.57420381283639,27.085363388061523,3500,0.0,0.0
2022-03-11 00:00:00-05:00,27.233173159478433,27.233173159478433,26.056887425800102,26.167741775512695,3800,0.0,0.0
2022-03-14 00:00:00-04:00,26.042985159753844,26.042985159753844,25.15177887221333,25.244613647460938,9100,0.208415,0.0
2022-03-15 00:00:00-04:00,24.959921222422583,25.770668417551356,24.867086456759424,25.41790008544922,7000,0.0,0.0
2022-03-16 00:00:00-04:00,25.238414564479612,26.148186544100945,25.238414564479612,25.733530044555664,16800,0.0,0.0
2022-03-17 00:00:00-04:00,25.999658194335343,26.8289737701416,25.999658194335343,26.8289737701416,11200,0.0,0.0
2022-03-18 00:00:00-04:00,26.77326998490066,26.95274925231934,26.699003597339306,26.952749252319336,5500,0.0,0.0
2022-03-21 00:00:00-04:00,26.890869607923364,27.262204025627337,26.890869607923364,26.958948135375977,5200,0.0,0.0
2022-03-22 00:00:00-04:00,27.21268516653351,27.355030059814453,27.126040654178663,27.355030059814453,5000,0.0,0.0
2022-03-23 00:00:00-04:00,27.35502842944873,27.64590608060564,27.218871426214164,27.26219367980957,5200,0.0,0.0
2022-03-24 00:00:00-04:00,27.472619724410592,27.565454483032227,27.24363031026614,27.565454483032227,2100,0.0,0.0
2022-03-25 00:00:00-04:00,27.454063052472588,27.825397491455078,27.454063052472588,27.825397491455078,5400,0.0,0.0
2022-03-28 00:00:00-04:00,27.64591083911069,27.64591083911069,27.30552063332095,27.454055786132812,7500,0.0,0.0
2022-03-29 00:00:00-04:00,27.670663865784434,27.819199001281344,27.336461581580803,27.54069709777832,9000,0.0,0.0
2022-03-30 00:00:00-04:00,27.72017791293914,27.843956805952807,27.689233779907227,27.689233779907227,2000,0.0,0.0
2022-03-31 00:00:00-04:00,27.850138558244304,27.850138558244304,27.54069257426381,27.63971519470215,9200,0.0,0.0
2022-04-01 00:00:00-04:00,27.62734157766649,27.81919896894241,27.52213105917981,27.670663833618164,7600,0.0,0.0
2022-04-04 00:00:00-04:00,27.84395573134644,28.65470284556836,27.454053059711345,28.345256805419922,7200,0.0,0.0
2022-04-05 00:00:00-04:00,28.673275413183745,28.673275413183745,27.769691049328067,28.59900665283203,12700,0.0,0.0
2022-04-06 00:00:00-04:00,28.456666552412365,28.456666552412365,27.72637347824025,27.8377742767334,9100,0.0,0.0
2022-04-07 00:00:00-04:00,27.93059929028098,27.961543421061084,27.49118413401449,27.87489891052246,4700,0.0,0.0
2022-04-08 00:00:00-04:00,28.116268931660652,28.116268931660652,27.68923422286238,27.887279510498047,2100,0.0,0.0
2022-04-11 00:00:00-04:00,27.763506597733883,27.763506597733883,27.348847564290555,27.37360382080078,2900,0.0,0.0
2022-04-12 00:00:00-04:00,27.6954232580329,27.701611140641432,27.249820161861425,27.509756088256836,4900,0.0,0.0
2022-04-13 00:00:00-04:00,27.509752369602865,27.65828514099121,27.3426512311266,27.65828514099121,3200,0.0,0.0
2022-04-14 00:00:00-04:00,27.61377368726809,28.030375425838123,27.61377368726809,27.806529998779297,2500,0.208415,0.0
2022-04-18 00:00:00-04:00,27.806533359091805,27.818969481203204,27.551598785677495,27.76300811767578,4000,0.0,0.0
2022-04-19 00:00:00-04:00,27.850054139376816,27.999282836914062,27.682170075686876,27.999282836914062,5800,0.0,0.0
2022-04-20 00:00:00-04:00,28.049040934222564,28.123655319213867,27.88737366613478,28.123655319213867,6600,0.0,0.0
2022-04-21 00:00:00-04:00,28.086339028131125,28.086339028131125,27.284229278564453,27.284229278564453,6800,0.0,0.0
2022-04-22 00:00:00-04:00,27.159879066394822,27.159879066394822,26.345330563033684,26.45103645324707,6300,0.0,0.0
2022-04-25 00:00:00-04:00,26.16500892726227,26.16500892726227,25.2323209119797,25.530780792236328,11300,0.0,0.0
2022-04-26 00:00:00-04:00,25.325577703045944,25.779485396094717,25.325577703045944,25.655126571655273,5500,0.0,0.0
2022-04-27 00:00:00-04:00,25.735960724071642,26.164998559138294,25.34423124873389,25.835447311401367,6100,0.0,0.0
2022-04-28 00:00:00-04:00,25.785714966091433,26.475904464721683,25.661356091860608,26.47590446472168,6600,0.0,0.0
2022-04-29 00:00:00-04:00,26.426152232746198,26.426152232746198,25.406414031982422,25.406414031982422,7700,0.0,0.0
2022-05-02 00:00:00-04:00,25.369113053413713,25.717317426324144,25.03334480510168,25.350460052490234,2900,0.0,0.0
2022-05-03 00:00:00-04:00,25.08308217508055,26.07794814073693,25.08308217508055,25.636476516723633,7900,0.0,0.0
2022-05-04 00:00:00-04:00,25.92872886676712,26.4261620306005,25.77328085482241,26.258277893066406,7600,0.0,0.0
2022-05-05 00:00:00-04:00,26.395072902601246,26.463470407368664,25.990907122765634,26.258277893066406,10400,0.0,0.0
2022-05-06 00:00:00-04:00,26.239618785484208,26.239618785484208,25.6240437577517,25.972248077392578,2300,0.0,0.0
2022-05-09 00:00:00-04:00,25.692445050582645,25.692445050582645,24.498605558395383,24.535911560058594,11400,0.0,0.0
2022-05-10 00:00:00-04:00,24.741095920951174,24.741095920951174,23.87058646520167,24.249879837036133,6200,0.0,0.0
2022-05-11 00:00:00-04:00,24.237448322673107,24.747317498181296,24.175270080566406,24.175270080566406,13200,0.0,0.0
2022-05-12 00:00:00-04:00,23.93899573891062,24.34316155081453,23.298550637906175,23.82085609436035,10600,0.0,0.0
2022-05-13 00:00:00-04:00,23.99491392357131,24.763901216969586,23.99491392357131,24.645112991333008,4700,0.208415,0.0
2022-05-16 00:00:00-04:00,24.732638643535854,25.32031926923749,24.22623139957908,25.295310974121094,8300,0.0,0.0
2022-05-17 00:00:00-04:00,25.53288788337704,25.96427029056658,25.239046344972863,25.67043113708496,7900,0.0,0.0
2022-05-18 00:00:00-04:00,25.75795253661737,25.75795253661737,25.013971326991438,25.145263671875,4300,0.0,0.0
2022-05-19 00:00:00-04:00,25.12651061958785,25.501627922322776,25.12651061958785,25.376588821411133,1100,0.0,0.0
2022-05-20 00:00:00-04:00,25.626671310855155,26.201847932390535,25.289066397385493,25.507883071899414,5800,0.0,0.0
2022-05-23 00:00:00-04:00,25.920515454337252,26.301883775536623,25.139023774805207,26.28312873840332,8100,0.0,0.0
2022-05-24 00:00:00-04:00,26.13933407210029,26.17059326171875,25.66418580417584,26.17059326171875,4700,0.0,0.0
2022-05-25 00:00:00-04:00,25.958017654938565,26.626974077453063,25.101503780443604,26.508188247680664,12500,0.0,0.0
2022-05-26 00:00:00-04:00,26.570712299739437,27.089623825885578,26.420664875033655,26.9958438873291,10200,0.0,0.0
2022-05-27 00:00:00-04:00,27.00834426041931,27.87111146572402,27.00834426041931,27.852354049682617,4400,0.0,0.0
2022-05-31 00:00:00-04:00,27.971144554935282,27.971144554935282,27.38971469359655,27.395965576171875,6600,0.0,0.0
2022-06-01 00:00:00-04:00,27.54600726056898,27.7960830552352,27.05210416758896,27.646038055419922,9600,0.0,0.0
2022-06-02 00:00:00-04:00,27.56476989804367,28.077428161279556,27.40222070588814,27.76483154296875,3900,0.0,0.0
2022-06-03 00:00:00-04:00,27.81484477110012,28.09617978549917,27.47098662474992,27.527254104614258,12300,0.0,0.0
2022-06-06 00:00:00-04:00,27.652286577893744,28.021150549614607,27.239659286216337,27.245912551879883,8200,0.0,0.0
2022-06-07 00:00:00-04:00,27.408470666659273,27.671050672442156,27.039606574066994,27.63979148864746,7600,0.0,0.0
2022-06-08 00:00:00-04:00,27.664793084166266,27.939877173775788,27.420968170774735,27.646038055419922,7800,0.0,0.0
2022-06-09 00:00:00-04:00,27.34594855684808,28.002400866394353,27.020847843042134,27.13338279724121,10500,0.0,0.0
2022-06-10 00:00:00-04:00,26.88955802400367,27.008346256328196,25.526639065378685,25.870494842529297,43400,0.0,0.0
2022-06-13 00:00:00-04:00,25.172017252634358,25.172017252634358,24.078673499052236,24.179210662841797,15600,0.208415,0.0
2022-06-14 00:00:00-04:00,24.191785600903028,24.725888999527243,23.75193447421472,23.78335189819336,11500,0.0,0.0
2022-06-15 00:00:00-04:00,23.758215765309217,24.12894706437366,23.67652855785558,24.01584243774414,7800,0.0,0.0
2022-06-16 00:00:00-04:00,23.506873454670814,23.506873454670814,22.545486450195312,22.545486450195312,7300,0.0,0.0
2022-06-17 00:00:00-04:00,22.52663428828236,22.828248250319106,22.09935063855856,22.539201736450195,11400,0.0,0.0
2022-06-21 00:00:00-04:00,22.884796063889354,23.94043764280635,22.834528672843287,23.27437973022461,11000,0.0,0.0
2022-06-22 00:00:00-04:00,22.897361324719974,23.123570555317958,22.821959046852378,22.865943908691406,3400,0.0,0.0
2022-06-23 00:00:00-04:00,22.884796714883336,23.26809547011923,22.545485223932744,22.941349029541016,8600,0.0,0.0
2022-06-24 00:00:00-04:00,23.198976167682844,23.909021377563477,23.198976167682844,23.909021377563477,5300,0.0,0.0
2022-06-27 00:00:00-04:00,23.959279900033305,24.24832386829733,23.959279900033305,24.128936767578125,2700,0.0,0.0
2022-06-28 00:00:00-04:00,24.41797954114742,24.575068959299948,24.141500631122632,24.166635513305664,6800,0.0,0.0
2022-06-29 00:00:00-04:00,23.90272417779707,23.95299154040856,23.161262002573512,23.632530212402344,9900,0.0,0.0
2022-06-30 00:00:00-04:00,23.500585851650285,23.532003266493046,22.78425584946179,23.312076568603516,8200,0.0,0.0
2022-07-01 00:00:00-04:00,23.3372067631906,24.392847989050125,23.123565029457254,24.12265396118164,5700,0.0,0.0
2022-07-05 00:00:00-04:00,24.399140457972656,24.399140457972656,22.903647859138253,23.575990676879883,8000,0.0,0.0
2022-07-06 00:00:00-04:00,23.192689878497564,23.75192802321448,22.94134576094169,23.387481689453125,13600,0.0,0.0
2022-07-07 00:00:00-04:00,23.632539063017404,24.191777164601994,23.12985326367142,24.10380744934082,5100,0.0,0.0
2022-07-08 00:00:00-04:00,24.229482266754026,24.719600677490234,24.229482266754026,24.719600677490234,1000,0.0,0.0
2022-07-11 00:00:00-04:00,24.5122453131972,24.5122453131972,24.1352314598774,24.374008178710938,2600,0.0,0.0
2022-07-12 00:00:00-04:00,24.091241939583146,24.091241939583146,23.286944596033692,23.400049209594727,4800,0.0,0.0
2022-07-13 00:00:00-04:00,23.274382708404335,23.745651245117188,23.274382708404335,23.745651245117188,2600,0.0,0.0
2022-07-14 00:00:00-04:00,23.4251803094238,23.4251803094238,22.82824225860138,23.24924087524414,3900,0.0,0.0
2022-07-15 00:00:00-04:00,23.368302302454264,23.57051565285749,23.368302302454264,23.564197540283203,1400,0.208415,0.0
2022-07-18 00:00:00-04:00,23.91807240537826,24.423608249178876,23.861199743479368,24.06341552734375,4700,0.0,0.0
2022-07-19 00:00:00-04:00,24.32881747391061,24.87226676940918,24.32881747391061,24.87226676940918,5700,0.0,0.0
2022-07-20 00:00:00-04:00,25.04288599362184,25.04288599362184,24.81539535522461,24.81539535522461,2300,0.0,0.0
2022-07-21 00:00:00-04:00,24.575267046339185,24.72060775756836,24.379374197130698,24.72060775756836,5300,0.0,0.0
2022-07-22 00:00:00-04:00,24.524715125377,24.644778563392165,24.21507453918457,24.21507453918457,2800,0.0,0.0
2022-07-25 00:00:00-04:00,24.499440542034684,24.88491058349609,24.499440542034684,24.884910583496094,2400,0.0,0.0
2022-07-26 00:00:00-04:00,25.011293966941682,25.21982547310112,24.903866746346875,24.910184860229492,2700,0.0,0.0
2022-07-27 00:00:00-04:00,25.162956870064537,25.70640635354905,25.162956870064537,25.662172317504883,6900,0.0,0.0
2022-07-28 00:00:00-04:00,25.73167729658313,26.888084884959017,25.73167729658313,26.793298721313477,15700,0.0,0.0
2022-07-29 00:00:00-04:00,27.102930611264835,27.3177825738329,26.61635403690266,27.09029197692871,6100,0.0,0.0
2022-08-01 00:00:00-04:00,27.16612271282023,27.343058765410074,26.83752546474414,27.014461517333984,4000,0.0,0.0
2022-08-02 00:00:00-04:00,26.793298060500177,27.425215444846188,26.6479549407959,26.6479549407959,5900,0.0,0.0
2022-08-03 00:00:00-04:00,26.768020473252594,27.15349045888326,26.768020473252594,26.79961585998535,4000,0.0,0.0
2022-08-04 00:00:00-04:00,26.963918706184646,26.963918706184646,26.477344349994773,26.508939743041992,8800,0.0,0.0
2022-08-05 00:00:00-04:00,26.3193635143217,27.05870579502796,26.3193635143217,26.69851303100586,1600,0.0,0.0
2022-08-08 00:00:00-04:00,26.93232056607087,27.437854034984404,26.85649114837727,27.027109146118164,3300,0.0,0.0
2022-08-09 00:00:00-04:00,27.20404235699032,27.38098086017446,26.546847712188598,27.033424377441406,5400,0.0,0.0
2022-08-10 00:00:00-04:00,27.349382525290405,27.956025021947436,27.311469026518566,27.791725158691406,3000,0.0,0.0
2022-08-11 00:00:00-04:00,27.956021669258092,28.49946850792551,27.753805920907983,28.170873641967773,6600,0.0,0.0
2022-08-12 00:00:00-04:00,28.24670430855152,28.43627901990289,28.120320364126194,28.39836311340332,12300,0.0,0.0
2022-08-15 00:00:00-04:00,28.638611480509134,28.638611480509134,28.41006088256836,28.41006088256836,2600,0.208415,0.0
2022-08-16 00:00:00-04:00,28.333875249990136,28.721141232120416,28.333875249990136,28.57512092590332,15900,0.0,0.0
2022-08-17 00:00:00-04:00,28.568774090911734,28.568774090911734,28.11802290315499,28.321178436279297,4900,0.0,0.0
2022-08-18 00:00:00-04:00,28.505296668900954,28.917955398559574,28.505296668900954,28.91795539855957,13200,0.0,0.0
2022-08-19 00:00:00-04:00,28.575116703226698,28.784622172818214,28.50528396850076,28.581466674804688,7400,0.0,0.0
2022-08-22 00:00:00-04:00,28.53702486204293,28.53702486204293,27.7117053977723,27.959300994873047,4900,0.0,0.0
2022-08-23 00:00:00-04:00,28.11801422113074,28.308472171901283,28.0545266230044,28.276729583740234,12700,0.0,0.0
2022-08-24 00:00:00-04:00,28.308481862560892,28.936995979243523,28.308481862560892,28.765583038330078,10800,0.0,0.0
2022-08-25 00:00:00-04:00,29.019521921307454,29.521063145222865,28.892549122343404,29.30521011352539,17100,0.0,0.0
2022-08-26 00:00:00-04:00,29.33695687281939,29.33695687281939,28.733837808468117,28.886205673217773,4900,0.0,0.0
2022-08-29 00:00:00-04:00,28.68939580648946,28.72748837563288,28.40371001423095,28.47989273071289,9500,0.0,0.0
2022-08-30 00:00:00-04:00,28.454483855712297,28.96872239110603,27.59107208251953,27.59107208251953,9900,0.0,0.0
2022-08-31 00:00:00-04:00,27.749806061563937,27.825991214029184,27.616485677457767,27.724411010742188,8900,0.0,0.0
2022-09-01 00:00:00-04:00,27.426019557669576,27.527597309217054,26.63244261689097,27.146678924560547,5100,0.0,0.0
2022-09-02 00:00:00-04:00,27.495859155276765,27.781544962638616,27.05780306328589,27.3942813873291,5300,0.0,0.0
2022-09-06 00:00:00-04:00,27.88947148180058,27.88947148180058,27.26095740516213,27.476810455322266,30300,0.0,0.0
2022-09-07 00:00:00-04:00,27.635532088087285,28.333881488548727,27.33714870285342,27.927570343017578,13100,0.0,0.0
2022-09-08 00:00:00-04:00,28.22595250041014,28.257695103185423,27.99740188553956,28.010099411010742,3000,0.0,0.0
2022-09-09 00:00:00-04:00,27.946608380883653,28.511634826660156,27.946608380883653,28.511634826660156,2900,0.0,0.0
2022-09-12 00:00:00-04:00,28.771924507041092,29.19093302231627,28.771924507041092,29.108400344848633,3300,0.0,0.0
2022-09-13 00:00:00-04:00,28.29578854715941,28.740192265054997,28.00375271778433,28.143423080444336,6400,0.0,0.0
2022-09-14 00:00:00-04:00,28.45449786007452,29.22267984566689,28.048186807258887,28.96873664855957,2500,0.0,0.0
2022-09-15 00:00:00-04:00,28.886209009975715,28.917951612438795,28.187862068566563,28.30213737487793,5000,0.0,0.0
2022-09-16 00:00:00-04:00,28.071490106922216,28.071490106922216,27.61862182617188,27.618621826171875,3300,0.208415,0.0
2022-09-19 00:00:00-04:00,27.248679259992237,27.57397842407227,27.248679259992237,27.573978424072266,1100,0.0,0.0
2022-09-20 00:00:00-04:00,27.395389078587634,27.395389078587634,26.98078967493655,27.17852210998535,6700,0.0,0.0
2022-09-21 00:00:00-04:00,27.063707637219125,27.778091880172557,26.98078727722168,26.98078727722168,5900,0.0,0.0
2022-09-22 00:00:00-04:00,26.98078269946011,27.229541304065652,26.08780315557305,26.1324520111084,6700,0.0,0.0
2022-09-23 00:00:00-04:00,25.641308563248256,25.641308563248256,24.40389064609707,24.824867248535156,17900,0.0,0.0
2022-09-26 00:00:00-04:00,24.199782490948316,24.199782490948316,22.93685260194814,23.2238826751709,17300,0.0,0.0
2022-09-27 00:00:00-04:00,23.05804818522451,23.912758746286613,23.05804818522451,23.389724731445312,12500,0.0,0.0
2022-09-28 00:00:00-04:00,23.65124019554764,24.659031747544315,23.536428160953324,24.33373260498047,8900,0.0,0.0
2022-09-29 00:00:00-04:00,24.23805539767235,24.23805539767235,23.089937470734416,23.536428451538086,17100,0.0,0.0
2022-09-30 00:00:00-04:00,23.300425394198943,23.848971266908325,23.02615245784425,23.396102905273438,6000,0.0,0.0
2022-10-03 00:00:00-04:00,24.13600154598156,24.58886991097562,23.906377464243672,24.576112747192383,6800,0.0,0.0
2022-10-04 00:00:00-04:00,25.06725013972289,25.89644623869165,25.06725013972289,25.71147346496582,15000,0.0,0.0
2022-10-05 00:00:00-04:00,25.392551964215826,25.83266312672637,25.009844383911886,25.62855339050293,9200,0.0,0.0
2022-10-06 00:00:00-04:00,25.373422725198516,25.74337325542324,24.748336163642243,25.060880661010742,18800,0.0,0.0
2022-10-07 00:00:00-04:00,24.926932574588854,24.926932574588854,24.372006812366283,24.429412841796875,52500,0.0,0.0
2022-10-10 00:00:00-04:00,24.512334206791998,24.512334206791998,23.7277867278934,23.810707092285156,24100,0.0,0.0
2022-10-11 00:00:00-04:00,24.72919211079481,24.72919211079481,23.689506552933267,23.982913970947266,17900,0.0,0.0
2022-10-12 00:00:00-04:00,23.98292252372832,23.98292252372832,23.568325572119416,23.63848876953125,7400,0.0,0.0
2022-10-13 00:00:00-04:00,23.007019988192248,24.206166717271827,23.007019988192248,23.8808650970459,19700,0.0,0.0
2022-10-14 00:00:00-04:00,24.149243758730268,24.149243758730268,23.424445083150314,23.539899826049805,10200,0.208415,0.0
2022-10-17 00:00:00-04:00,23.854190678289378,24.578989332251492,23.854190678289378,24.251869201660156,12000,0.0,0.0
2022-10-18 00:00:00-04:00,24.61747209245308,24.886864820831146,24.61747209245308,24.7072696685791,7300,0.0,0.0
2022-10-19 00:00:00-04:00,24.54692215781633,24.54692215781633,23.963235323458893,24.24545669555664,9400,0.0,0.0
2022-10-20 00:00:00-04:00,24.200554711844084,24.309596385742296,23.687423899736743,23.732322692871094,5100,0.0,0.0
2022-10-21 00:00:00-04:00,23.623276462487237,24.444285518465076,23.488577676215883,24.264690399169922,13200,0.0,0.0
2022-10-24 00:00:00-04:00,24.373734749179018,24.373734749179018,23.70025046257496,23.79646110534668,5600,0.0,0.0
2022-10-25 00:00:00-04:00,24.264707030573863,24.51485824584961,24.25829151660175,24.51485824584961,2500,0.0,0.0
2022-10-26 00:00:00-04:00,24.675201377853785,25.43207021674719,24.675201377853785,25.01515007019043,4500,0.0,0.0
2022-10-27 00:00:00-04:00,25.22681388118958,25.797671951664057,25.22681388118958,25.476964950561523,3600,0.0,0.0
2022-10-28 00:00:00-04:00,25.611658463801035,25.900295222147395,25.335850277692284,25.7335262298584,5300,0.0,0.0
2022-10-31 00:00:00-04:00,25.586019113514055,26.18895019399964,25.586019113514055,26.156877517700195,17900,0.0,0.0
2022-11-01 00:00:00-04:00,26.073481605733566,27.118984725268092,26.073481605733566,26.297975540161133,4900,0.0,0.0
2022-11-02 00:00:00-04:00,26.0799027114209,26.657176501955508,25.925962218344626,26.047832489013672,7600,0.0,0.0
2022-11-03 00:00:00-04:00,25.220404870845652,26.516061782836914,25.14984892093114,26.516061782836914,5800,0.0,0.0
2022-11-04 00:00:00-04:00,27.362724724923243,27.362724724923243,26.060654917410098,27.112573623657227,3000,0.0,0.0
2022-11-07 00:00:00-05:00,26.573783769306235,26.779036065561723,26.227419601824966,26.637924194335938,4100,0.0,0.0
2022-11-08 00:00:00-05:00,26.554536127279476,26.93938348404592,26.554536127279476,26.855998992919922,3600,0.0,0.0
2022-11-09 00:00:00-05:00,26.50964898310847,26.875254866506115,26.221012115478516,26.221012115478516,6300,0.0,0.0
2022-11-10 00:00:00-05:00,26.881660161448917,27.420448009686698,26.188934326171875,26.188934326171875,3100,0.0,0.0
2022-11-11 00:00:00-05:00,27.40121353142329,27.40121353142329,26.291567334992262,26.932981491088867,13900,0.0,0.0
2022-11-14 00:00:00-05:00,27.879534887863045,27.879534887863045,26.628985537672538,26.78369140625,19300,0.208415,0.0
2022-11-15 00:00:00-05:00,26.04883405953901,27.531444767024407,26.04883405953901,27.08666229248047,17800,0.0,0.0
2022-11-16 00:00:00-05:00,26.93195665594066,27.241370903046523,26.454943947112977,27.17046546936035,8200,0.0,0.0
2022-11-17 00:00:00-05:00,26.500070857929988,26.931960877101222,26.100411033486928,26.899730682373047,8100,0.0,0.0
2022-11-18 00:00:00-05:00,26.51941161395265,27.06088730993592,26.319582907641664,27.041549682617188,4800,0.0,0.0
2022-11-21 00:00:00-05:00,27.26070763410155,27.26070763410155,26.293787308589366,26.55807876586914,6000,0.0,0.0
2022-11-22 00:00:00-05:00,26.33245959133613,27.041535892502623,26.33245959133613,27.02219581604004,7500,0.0,0.0
2022-11-23 00:00:00-05:00,27.898882108120024,27.898882108120024,26.68701003750927,26.95130157470703,4000,0.0,0.0
2022-11-25 00:00:00-05:00,26.938410555826565,27.5636842526109,26.938410555826565,27.299392700195312,1100,0.0,0.0
2022-11-28 00:00:00-05:00,26.661219641921708,26.906173505356843,26.59675680469888,26.777250289916992,7300,0.0,0.0
2022-11-29 00:00:00-05:00,27.89888064195244,27.89888064195244,26.944852644180248,27.009315490722656,3900,0.0,0.0
2022-11-30 00:00:00-05:00,27.924667900390403,27.924667900390403,26.828824016043228,27.415422439575195,2600,0.0,0.0
2022-12-01 00:00:00-05:00,27.66681393986292,27.66681393986292,27.376739793272417,27.64103126525879,2400,0.0,0.0
2022-12-02 00:00:00-05:00,27.2026933368086,28.079368191605194,27.2026933368086,27.918214797973633,3700,0.0,0.0
2022-12-05 00:00:00-05:00,27.905322440301152,27.950445194135327,27.234923727613914,27.376739501953125,10000,0.0,0.0
2022-12-06 00:00:00-05:00,27.28005621829171,27.28005621829171,26.377595901489258,26.377595901489258,8200,0.0,0.0
2022-12-07 00:00:00-05:00,26.2744550930437,26.71924014965253,25.971488305838896,26.390485763549805,9500,0.0,0.0
2022-12-08 00:00:00-05:00,26.248669392947452,26.280899584601634,25.90702247619629,25.90702247619629,6000,0.0,0.0
2022-12-09 00:00:00-05:00,25.829665843530776,26.293788406029776,25.674959962034876,25.90057373046875,16800,0.0,0.0
2022-12-12 00:00:00-05:00,25.718112326029658,26.366086959838864,25.413565928981736,26.366086959838867,3400,0.208415,0.0
2022-12-13 00:00:00-05:00,26.586401591157355,27.344533288087067,26.586401591157355,26.910388946533203,6200,0.0,0.0
2022-12-14 00:00:00-05:00,26.6447206836813,27.17605977407105,26.6447206836813,26.79375457763672,2800,0.0,0.0
2022-12-15 00:00:00-05:00,26.33368679176763,26.437362626702665,25.97082260540845,26.191131591796875,7700,0.0,0.0
2022-12-16 00:00:00-05:00,25.34876825894012,25.65979580221106,25.34876825894012,25.38764762878418,8000,0.0,0.0
2022-12-19 00:00:00-05:00,25.38765607177968,25.38765607177968,24.895193777288885,24.914634704589844,3200,0.0,0.0
2022-12-20 00:00:00-05:00,24.09817938371239,25.400609978741784,24.09817938371239,25.083101272583008,3100,0.0,0.0
2022-12-21 00:00:00-05:00,25.076626347497093,25.62740396277532,25.076626347497093,25.433012008666992,10500,0.0,0.0
2022-12-22 00:00:00-05:00,25.16086135107204,25.42004977438389,24.836873968061546,24.901670455932617,16200,0.0,0.0
2022-12-23 00:00:00-05:00,24.856318069280295,25.121987684855892,24.63600649988872,25.076629638671875,3300,0.0,0.0
2022-12-27 00:00:00-05:00,25.167337410234563,25.25805347261013,24.383288617614536,24.849828720092773,7800,0.0,0.0
2022-12-28 00:00:00-05:00,24.759122476633934,24.759122476633934,23.988033168817463,24.26666259765625,7400,0.0,0.0
2022-12-29 00:00:00-05:00,24.188900474091817,24.849832594982203,24.188900474091817,24.823915481567383,8400,0.0,0.0
2022-12-30 00:00:00-05:00,24.305534276293677,24.83687589983926,24.279617162225993,24.797996520996094,8300,0.0,0.0
2023-01-03 00:00:00-05:00,24.765591907688908,25.02478028452674,24.12409591674805,24.124095916748047,3200,0.0,0.0
2023-01-04 00:00:00-05:00,24.33793816912318,24.83039800623239,23.929713289419812,24.61008644104004,3600,0.0,0.0
2023-01-05 00:00:00-05:00,24.6619173298378,24.6619173298378,23.98802306614263,24.247211456298828,4200,0.0,0.0
2023-01-06 00:00:00-05:00,24.370327598775816,24.83687014956812,24.370327598775816,24.65543556213379,5000,0.0,0.0
2023-01-09 00:00:00-05:00,24.733188055212345,25.58851675840042,24.733188055212345,25.173810958862305,2600,0.0,0.0
2023-01-10 00:00:00-05:00,25.096059787094063,25.374689105315248,23.94266561425206,24.95350456237793,3800,0.0,0.0
2023-01-11 00:00:00-05:00,25.024777787659072,26.1133752885128,25.024777787659072,25.569076538085938,5900,0.0,0.0
2023-01-12 00:00:00-05:00,25.776432647907505,26.625280390579533,25.776432647907505,26.521604537963867,6000,0.0,0.0
2023-01-13 00:00:00-05:00,26.27537723641017,26.696561838581534,26.27537723641017,26.592885971069336,5900,0.0,0.0
2023-01-17 00:00:00-05:00,26.279227667170368,27.19102345959286,26.279227667170368,26.578819274902344,3300,0.208415,0.0
2023-01-18 00:00:00-05:00,26.513692859020836,27.093333512239496,26.0903609980307,26.21410369873047,10700,0.0,0.0
2023-01-19 00:00:00-05:00,25.999181067665795,26.22061708809736,25.953591517969073,26.04477310180664,10400,0.0,0.0
2023-01-20 00:00:00-05:00,25.862407699722908,26.305279659779657,25.862407699722908,26.194562911987305,4500,0.0,0.0
2023-01-23 00:00:00-05:00,26.08384023815758,27.17799405576143,26.08384023815758,26.696046829223633,8200,0.0,0.0
2023-01-24 00:00:00-05:00,26.402974003950174,26.95656273381675,26.383433853693912,26.604869842529297,7500,0.0,0.0
2023-01-25 00:00:00-05:00,26.409481510425202,26.617891527263826,25.556303780380645,26.520200729370117,9600,0.0,0.0
2023-01-26 00:00:00-05:00,26.051279320286937,26.79374038340414,26.051279320286937,26.59184455871582,4800,0.0,0.0
2023-01-27 00:00:00-05:00,26.539748482635265,26.84585189819336,26.46159531771731,26.84585189819336,5400,0.0,0.0
2023-01-30 00:00:00-05:00,26.559288395982627,26.89795545182373,26.064314997103796,26.41600799560547,6100,0.0,0.0
2023-01-31 00:00:00-05:00,26.552773838233488,26.839337092905026,26.259696370703352,26.819799423217773,21500,0.0,0.0
2023-02-01 00:00:00-05:00,26.943541891827046,27.353850342610592,26.337849292627986,27.210567474365234,11700,0.0,0.0
2023-02-02 00:00:00-05:00,27.223589441813015,27.72507692302763,27.080309078925897,27.295230865478516,6400,0.0,0.0
2023-02-03 00:00:00-05:00,27.158461465851232,27.568769845199245,26.79374263038146,27.054256439208984,16600,0.0,0.0
2023-02-06 00:00:00-05:00,26.976098901323116,27.028202653187506,26.331331120884908,26.383432388305664,9900,0.0,0.0
2023-02-07 00:00:00-05:00,26.240154085823633,27.015178821917104,26.070819363502952,26.630922317504883,8400,0.0,0.0
2023-02-08 00:00:00-05:00,26.442058533515013,27.529701190218812,26.383443031244216,26.474624633789062,13000,0.0,0.0
2023-02-09 00:00:00-05:00,26.650462064122262,26.930513562984377,26.175026434167606,26.246667861938477,7600,0.0,0.0
2023-02-10 00:00:00-05:00,26.181548386883296,26.852368346256352,26.181548386883296,26.45508575439453,8900,0.0,0.0
2023-02-13 00:00:00-05:00,26.06431191064428,27.093336414529567,26.06431191064428,26.663490295410156,7600,0.0,0.0
2023-02-14 00:00:00-05:00,26.07627344273358,27.059541702270508,26.07627344273358,27.059541702270508,9300,0.264188,0.0
2023-02-15 00:00:00-05:00,26.489245860726328,27.046430187557693,26.489245860726328,27.00710105895996,5900,0.0,0.0
2023-02-16 00:00:00-05:00,26.699013702295304,26.99399471557287,26.574467274725126,26.58757781982422,7700,0.0,0.0
2023-02-17 00:00:00-05:00,26.548241953629365,26.554795974844023,26.043497300367257,26.181154251098633,9400,0.0,0.0
2023-02-21 00:00:00-05:00,26.122160316523626,26.122160316523626,25.70918942862156,25.761629104614258,13000,0.0,0.0
2023-02-22 00:00:00-05:00,25.578081375387377,25.95172305675899,25.492864105778732,25.774734497070312,7200,0.0,0.0
2023-02-23 00:00:00-05:00,25.80095706521202,25.853396733741832,25.499422094569912,25.617414474487305,6000,0.0,0.0
2023-02-24 00:00:00-05:00,25.41420803220964,25.63708227793644,25.24377346164061,25.48631477355957,6800,0.0,0.0
2023-02-27 00:00:00-05:00,25.564974430801183,26.017276924367927,25.55186388743368,25.873065948486328,2600,0.0,0.0
2023-02-28 00:00:00-05:00,25.932061905551297,25.958280491465413,25.42731724314308,25.49942398071289,4500,0.0,0.0
2023-03-01 00:00:00-05:00,25.505979535271276,26.076274447617223,25.446983337402344,25.446983337402344,1400,0.0,0.0
2023-03-02 00:00:00-05:00,25.427316023181064,26.08938217163086,25.315877661216057,26.08938217163086,7700,0.0,0.0
2023-03-03 00:00:00-05:00,26.082835001390556,26.738347300994757,26.082835001390556,26.174606323242188,27500,0.0,0.0
2023-03-06 00:00:00-05:00,26.45646779325285,26.646566895473754,26.095936651489833,26.364696502685547,4700,0.0,0.0
2023-03-07 00:00:00-05:00,26.364704724463333,26.364704724463333,25.630529169813588,26.082834243774414,4400,0.0,0.0
2023-03-08 00:00:00-05:00,25.70262705721416,25.977943420410156,25.637076851995136,25.977943420410156,1000,0.0,0.0
2023-03-09 00:00:00-05:00,26.02383593785507,26.220489106034183,25.709190368652344,25.709190368652344,5600,0.0,0.0
2023-03-10 00:00:00-05:00,25.650191412940714,25.905840754171216,24.712808828041922,24.909461975097656,6900,0.0,0.0
2023-03-13 00:00:00-04:00,24.66036447543036,25.217551260181835,23.89341651953014,24.41782569885254,4700,0.0,0.0
2023-03-14 00:00:00-04:00,24.592243181864422,25.140205782419848,24.592243181864422,24.757291793823242,6100,0.264188,0.0
2023-03-15 00:00:00-04:00,24.367776907630287,24.367776907630287,23.720786652590526,23.872631072998047,5300,0.0,0.0
2023-03-16 00:00:00-04:00,23.81321396800056,23.879232406616207,23.384086561672852,23.87923240661621,7300,0.0,0.0
2023-03-17 00:00:00-04:00,23.608549752258057,23.641561485775902,23.159619894027163,23.410491943359375,3400,0.0,0.0
2023-03-20 00:00:00-04:00,23.364283108788634,23.60195353333379,23.186030290379765,23.436904907226562,14600,0.0,0.0
2023-03-21 00:00:00-04:00,23.502920813531183,23.971660775098844,23.285057960174353,23.37088394165039,15000,0.0,0.0
2023-03-22 00:00:00-04:00,23.17282760501149,23.50292487869224,22.86253788029238,22.869138717651367,19100,0.0,0.0
2023-03-23 00:00:00-04:00,22.948356656856088,23.298261407815236,22.354183197021484,22.354183197021484,10000,0.0,0.0
2023-03-24 00:00:00-04:00,21.238454217314647,22.677678317734475,21.238454217314647,22.552242279052734,9700,0.0,0.0
2023-03-27 00:00:00-04:00,22.638070845867478,23.186030991523833,22.558845689661883,23.00777816772461,16000,0.0,0.0
2023-03-28 00:00:00-04:00,22.981369626750663,23.219037512386688,22.84272687874387,23.21243667602539,14700,0.0,0.0
2023-03-29 00:00:00-04:00,23.18602801343214,23.588747024536133,23.10680538584441,23.588747024536133,9100,0.0,0.0
2023-03-30 00:00:00-04:00,23.582141665592104,24.057479858398438,23.582141665592104,24.057479858398438,14100,0.0,0.0
2023-03-31 00:00:00-04:00,24.242337522910475,24.88272433475741,23.918841180827364,24.209325790405273,5500,0.0,0.0
2023-04-03 00:00:00-04:00,24.22913361344396,24.99495897339612,24.22913361344396,24.65825843811035,11100,0.0,0.0
2023-04-04 00:00:00-04:00,24.546038238572997,24.69788271173728,24.169727474982647,24.387590408325195,22900,0.0,0.0
2023-04-05 00:00:00-04:00,24.26874961893894,24.413993220268964,24.024478349973013,24.281953811645508,5200,0.0,0.0
2023-04-06 00:00:00-04:00,24.215932860917242,24.33476806453817,23.377485599121567,24.050884246826172,5600,0.0,0.0
2023-04-10 00:00:00-04:00,23.94524858598528,24.46680270968833,23.94524858598528,24.4601993560791,5300,0.0,0.0
2023-04-11 00:00:00-04:00,24.301751594211314,25.034565106626285,24.301751594211314,24.99495506286621,4600,0.0,0.0
2023-04-12 00:00:00-04:00,25.00156250222653,25.04777591111604,25.00156250222653,25.014766693115234,7300,0.0,0.0
2023-04-13 00:00:00-04:00,24.994958372013855,25.28544297795777,24.994958372013855,25.087385177612305,5600,0.0,0.0
2023-04-14 00:00:00-04:00,24.902535229997348,25.529717936953528,24.783700028619094,25.027971267700195,4600,0.0,0.0
2023-04-17 00:00:00-04:00,25.263446528686423,25.296687398474692,25.030757904052734,25.030757904052734,5100,0.264188,0.0
2023-04-18 00:00:00-04:00,25.063995176183443,25.097236041200357,24.931029180000355,24.99751091003418,3400,0.0,0.0
2023-04-19 00:00:00-04:00,24.365928167329493,24.804714202880856,24.365928167329493,24.80471420288086,4900,0.0,0.0
2023-04-20 00:00:00-04:00,24.611910791528214,24.944324493408203,24.45900079299725,24.944324493408203,3400,0.0,0.0
2023-04-21 00:00:00-04:00,24.964274309391122,24.997515180086207,24.60526681920609,24.751529693603516,1400,0.0,0.0
2023-04-24 00:00:00-04:00,24.631852449379434,25.11052894592285,24.631852449379434,25.11052894592285,1700,0.0,0.0
2023-04-25 00:00:00-04:00,24.86455392433106,24.86455392433106,24.419118101550083,24.439062118530273,1000,0.0,0.0
2023-04-26 00:00:00-04:00,24.379228282328764,24.379228282328764,23.774235232840915,24.066761016845703,9200,0.0,0.0
2023-04-27 00:00:00-04:00,23.933786047105006,24.19306832350354,23.887248332680407,24.173124313354492,7100,0.0,0.0
2023-04-28 00:00:00-04:00,24.173125902511103,25.097235629858556,24.093347320554987,24.219663619995117,5800,0.0,0.0
2023-05-01 00:00:00-04:00,24.100000924534267,24.43241473038991,23.880606595333827,23.933794021606445,7400,0.0,0.0
2023-05-02 00:00:00-04:00,23.767579061120724,23.767579061120724,22.657318543293183,22.969785690307617,9400,0.0,0.0
2023-05-03 00:00:00-04:00,22.909955039489965,23.082811609700826,22.670616733730707,22.770341873168945,13300,0.0,0.0
2023-05-04 00:00:00-04:00,22.23848440949379,22.85012460292305,22.23848440949379,22.457876205444336,11100,0.0,0.0
2023-05-05 00:00:00-04:00,22.504412440736697,23.62132297168233,22.504412440736697,23.30220603942871,7700,0.0,0.0
2023-05-08 00:00:00-04:00,23.222417626435536,23.71438840470604,23.222417626435536,23.541534423828125,8400,0.0,0.0
2023-05-09 00:00:00-04:00,23.58807926088049,24.239609902823677,23.554838393293565,23.707748413085938,7400,0.0,0.0
2023-05-10 00:00:00-04:00,23.701096741372055,24.000267028808594,23.701096741372055,24.000267028808594,9800,0.0,0.0
2023-05-11 00:00:00-04:00,23.78087363152636,24.266197272645474,23.78087363152636,23.87394905090332,12600,0.0,0.0
2023-05-12 00:00:00-04:00,22.84534087687799,24.28531243118943,22.84534087687799,24.04420280456543,9600,0.264188,0.0
2023-05-15 00:00:00-04:00,24.030808252756774,24.874698363185644,24.030808252756774,24.86800193786621,7000,0.0,0.0
2023-05-16 00:00:00-04:00,24.58000442327733,24.760838546115274,24.204940773512106,24.34558868408203,2200,0.0,0.0
2023-05-17 00:00:00-04:00,24.472843264543872,24.646978404459063,23.98392252199548,24.459447860717773,3000,0.0,0.0
2023-05-18 00:00:00-04:00,24.392474949342425,24.955069230220644,24.164760710687222,24.37238311767578,6900,0.0,0.0
2023-05-19 00:00:00-04:00,24.533116195142636,24.533116195142636,24.10447358162296,24.178144454956055,3200,0.0,0.0
2023-05-22 00:00:00-04:00,24.077686199145575,24.439354413759975,24.077686199145575,24.32549476623535,6700,0.0,0.0
2023-05-23 00:00:00-04:00,24.312100973542737,24.801021716091128,24.312100973542737,24.459447860717773,6000,0.0,0.0
2023-05-24 00:00:00-04:00,24.312093440100565,24.312093440100565,24.13125937685027,24.211631774902344,8800,0.0,0.0
2023-05-25 00:00:00-04:00,24.077688821022143,24.077688821022143,23.789694013755263,23.809785842895508,5400,0.0,0.0
2023-05-26 00:00:00-04:00,23.742811239967715,24.218336596255078,23.742811239967715,24.057594299316406,7600,0.0,0.0
2023-05-30 00:00:00-04:00,24.0040148219962,24.486239149564046,24.0040148219962,24.34558868408203,12200,0.0,0.0
2023-05-31 00:00:00-04:00,24.46614509248129,24.46614509248129,24.03750237555045,24.07098960876465,9500,0.0,0.0
2023-06-01 00:00:00-04:00,24.037499618932635,24.653675370041846,24.037499618932635,24.42595863342285,9100,0.0,0.0
2023-06-02 00:00:00-04:00,24.787626159679704,25.062225549144255,24.76083790710445,24.894786834716797,7800,0.0,0.0
2023-06-05 00:00:00-04:00,25.048836441722713,25.410502177172955,24.901489533446288,24.908185958862305,7600,0.0,0.0
2023-06-06 00:00:00-04:00,24.86799838223084,25.216271212029675,24.86129940295686,25.015342712402344,5600,0.0,0.0
2023-06-07 00:00:00-04:00,24.995246352404553,25.477470576216714,24.995246352404553,25.356914520263672,11600,0.0,0.0
2023-06-08 00:00:00-04:00,25.3368321136445,25.443992808222145,25.3368321136445,25.41720199584961,5900,0.0,0.0
2023-06-09 00:00:00-04:00,25.417196579507113,25.48417104125386,24.995250316749143,25.142597198486328,16600,0.0,0.0
2023-06-12 00:00:00-04:00,25.082318973832024,25.276548488325343,24.99525013028124,25.169387817382812,19800,0.0,0.0
2023-06-13 00:00:00-04:00,25.249757629334912,25.819048213486845,25.249757629334912,25.731979370117188,2300,0.0,0.0
2023-06-14 00:00:00-04:00,25.79550300022002,25.876429348127385,25.5931858441505,25.782014846801758,6100,0.264188,0.0
2023-06-15 00:00:00-04:00,25.79550085392816,25.997817993164062,25.73480545489719,25.997817993164062,4800,0.0,0.0
2023-06-16 00:00:00-04:00,25.957350706280266,26.119203354941202,25.87642180934833,25.991069793701172,6900,0.0,0.0
2023-06-20 00:00:00-04:00,25.782013243832917,26.119209340518047,25.782013243832917,25.802244186401367,8300,0.0,0.0
2023-06-21 00:00:00-04:00,25.79550834328093,25.883180072358105,25.79550834328093,25.829227447509766,6000,0.0,0.0
2023-06-22 00:00:00-04:00,25.795500285199285,25.82247658919651,25.512256811034266,25.640390396118164,12000,0.0,0.0
2023-06-23 00:00:00-04:00,25.5122630009273,25.5122630009273,24.54113640222395,24.554624557495117,7700,0.0,0.0
2023-06-26 00:00:00-04:00,24.628799280590055,24.925530872186933,24.628799280590055,24.804140090942383,3700,0.0,0.0
2023-06-27 00:00:00-04:00,24.75019346864404,25.44481658935547,24.662521765099235,25.44481658935547,15500,0.0,0.0
2023-06-28 00:00:00-04:00,25.42458359751842,25.42458359751842,25.276216506958004,25.276216506958008,1200,0.0,0.0
2023-06-29 00:00:00-04:00,25.262725843138018,25.90339881194381,25.262725843138018,25.57969093322754,8700,0.0,0.0
2023-06-30 00:00:00-04:00,25.903399752167203,25.930376052856445,25.707825431072656,25.930376052856445,3200,0.0,0.0
2023-07-03 00:00:00-04:00,25.869689086517663,26.281068801879883,25.869689086517663,26.281068801879883,4300,0.0,0.0
2023-07-05 00:00:00-04:00,26.065260115772755,26.25408911257332,25.57295153536763,25.916893005371094,5500,0.0,0.0
2023-07-06 00:00:00-04:00,25.72131690833073,25.72131690833073,24.952510247457806,25.492023468017578,6300,0.0,0.0
2023-07-07 00:00:00-04:00,25.51899879384046,25.76852316642014,25.492022490696208,25.498767852783203,3400,0.0,0.0
2023-07-10 00:00:00-04:00,25.404353240072435,25.930380911672792,25.404353240072435,25.856197357177734,3000,0.0,0.0
2023-07-11 00:00:00-04:00,25.829219645302746,26.645233555120726,25.498768922035218,25.97758674621582,12800,0.0,0.0
2023-07-12 00:00:00-04:00,26.26082642744925,26.786853994378607,26.26082642744925,26.571048736572266,7200,0.0,0.0
2023-07-13 00:00:00-04:00,26.847555283146615,27.171263240984587,26.30129665720632,26.49012565612793,6200,0.0,0.0
2023-07-14 00:00:00-04:00,26.658723282797904,26.867785794385455,26.098979085311814,26.30129623413086,6600,0.0,0.0
2023-07-17 00:00:00-04:00,26.175126418713806,27.037446086461827,25.930689021223348,26.41277503967285,5400,0.264188,0.0
2023-07-18 00:00:00-04:00,26.33129956611681,26.9356018167658,26.33129956611681,26.718324661254883,4400,0.0,0.0
2023-07-19 00:00:00-04:00,26.718318621064157,27.45841957413039,26.691160925375815,27.3022518157959,8800,0.0,0.0
2023-07-20 00:00:00-04:00,27.11213842121425,27.322626777818222,26.82017178695457,27.22756576538086,5100,0.0,0.0
2023-07-21 00:00:00-04:00,27.295464344491066,27.295464344491066,26.84732996736402,27.023866653442383,2400,0.0,0.0
2023-07-24 00:00:00-04:00,26.874499401269162,27.14609459460808,26.643642062349446,26.854127883911133,11800,0.0,0.0
2023-07-25 00:00:00-04:00,26.91523551905076,26.91523551905076,26.63006019592285,26.63006019592285,6000,0.0,0.0
2023-07-26 00:00:00-04:00,26.480673401099356,27.152876250176774,26.480673401099356,26.616472244262695,9800,0.0,0.0
2023-07-27 00:00:00-04:00,26.636843670535452,26.738693460028223,26.188709259033203,26.188709259033203,9800,0.0,0.0
2023-07-28 00:00:00-04:00,26.51462452106427,27.07139749008951,26.39919717901773,26.534996032714844,6800,0.0,0.0
2023-07-31 00:00:00-04:00,27.227556228436658,27.227556228436658,26.86090281233909,26.908432006835938,10100,0.0,0.0
2023-08-01 00:00:00-04:00,26.75906628757231,26.820175652157833,26.175132934899096,26.331300735473633,8900,0.0,0.0
2023-08-02 00:00:00-04:00,26.15476021924064,26.15476021924064,25.46897716160559,25.530086517333984,8200,0.0,0.0
2023-08-03 00:00:00-04:00,25.536879418962286,25.91711313065188,25.360340118408203,25.360340118408203,7700,0.0,0.0
2023-08-04 00:00:00-04:00,25.380711991144565,25.733788007105964,25.380711991144565,25.435029983520508,7000,0.0,0.0
2023-08-07 00:00:00-04:00,25.339970376693998,25.66588608624804,25.339970376693998,25.584407806396484,4800,0.0,0.0
2023-08-08 00:00:00-04:00,25.272072024325933,25.333181381225586,24.966525239827664,25.333181381225586,3700,0.0,0.0
2023-08-09 00:00:00-04:00,25.27206979074277,25.509715829822472,25.27206979074277,25.401077270507812,6200,0.0,0.0
2023-08-10 00:00:00-04:00,25.360340636759755,25.828846598450294,25.30602264404297,25.30602264404297,2300,0.0,0.0
2023-08-11 00:00:00-04:00,25.170221536133504,25.32638931274414,25.03442268120973,25.32638931274414,2200,0.0,0.0
2023-08-14 00:00:00-04:00,25.377122622742156,25.377122622742156,24.836892232667097,24.8984375,1600,0.264188,0.0
2023-08-15 00:00:00-04:00,24.830055943589585,24.871084384240028,24.406076260291222,24.638580322265625,3800,0.0,0.0
2023-08-16 00:00:00-04:00,24.542839277113465,24.542839277113465,24.27614402770996,24.27614402770996,1500,0.0,0.0
2023-08-17 00:00:00-04:00,24.276147317131656,24.39923785024647,24.064157485961914,24.064157485961914,2000,0.0,0.0
2023-08-18 00:00:00-04:00,24.064162021410766,24.49497896851005,23.852174758911133,23.852174758911133,2700,0.0,0.0
2023-08-21 00:00:00-04:00,23.78378486633301,24.029965929267572,23.688048365997123,23.783784866333008,3500,0.0,0.0
2023-08-22 00:00:00-04:00,23.592307947102125,23.96841668250513,23.592307947102125,23.62649917602539,8300,0.0,0.0
2023-08-23 00:00:00-04:00,23.5854765895648,23.968422622202205,23.5854765895648,23.947908401489258,5600,0.0,0.0
2023-08-24 00:00:00-04:00,23.906876565436562,24.03680691534462,23.811140060424805,23.811140060424805,3200,0.0,0.0
2023-08-25 00:00:00-04:00,24.009450810746067,24.412913624634918,23.688047478553152,24.043642044067383,5500,0.0,0.0
2023-08-28 00:00:00-04:00,24.04363952810903,24.32401178580351,24.04363952810903,24.228275299072266,3700,0.0,0.0
2023-08-29 00:00:00-04:00,24.139378364755885,24.80953644573663,24.139378364755885,24.665931701660156,10500,0.0,0.0
2023-08-30 00:00:00-04:00,24.84372613305694,25.424984823953288,24.563351286329333,25.16512680053711,5200,0.0,0.0
2023-08-31 00:00:00-04:00,25.308739180358316,25.308739180358316,24.618066787719727,24.618066787719727,7400,0.0,0.0
2023-09-01 00:00:00-04:00,25.089914709959796,27.059360986008507,24.95998694987349,26.75163459777832,67300,0.0,0.0
2023-09-05 00:00:00-04:00,27.326052085188014,28.11930075824693,26.94310606906418,27.216638565063477,70900,0.0,0.0
2023-09-06 00:00:00-04:00,27.33972452169319,27.620096783087074,26.77214279631595,26.854202270507812,47800,0.0,0.0
2023-09-07 00:00:00-04:00,26.772147280830584,27.31921488145327,26.772147280830584,27.216638565063477,8800,0.0,0.0
2023-09-08 00:00:00-04:00,27.10038255481413,27.16192781091774,26.669565762088858,26.881555557250977,22100,0.0,0.0
2023-09-11 00:00:00-04:00,27.148255139893127,27.99620923892587,27.052518639224008,27.674808502197266,29300,0.0,0.0
2023-09-12 00:00:00-04:00,27.592739973388287,28.297091765773697,27.40126701670503,28.119293212890625,33800,0.0,0.0
2023-09-13 00:00:00-04:00,28.39966008285114,28.39966008285114,27.69531103210267,27.975683212280273,15400,0.0,0.0
2023-09-14 00:00:00-04:00,28.037246668640748,28.919394811845933,27.565401261370916,27.688491821289062,71600,0.0,0.0
2023-09-15 00:00:00-04:00,27.867509313750254,28.019940431969946,27.029126269521864,27.036056518554688,16700,0.528376,0.0
2023-09-18 00:00:00-04:00,27.188488801875526,28.06151247134663,27.18155855321944,27.569570541381836,25800,0.0,0.0
2023-09-19 00:00:00-04:00,27.38248900963488,27.805144242816713,27.070693948835576,27.09840965270996,25500,0.0,0.0
2023-09-20 00:00:00-04:00,27.257769422621113,27.590349920701787,27.257769422621113,27.333986282348633,10300,0.0,0.0
2023-09-21 00:00:00-04:00,27.042975611768494,27.631922367735477,27.042975611768494,27.38248634338379,7500,0.0,0.0
2023-09-22 00:00:00-04:00,27.59035600615289,27.77743307316985,27.236989974975586,27.236989974975586,24300,0.0,0.0
2023-09-25 00:00:00-04:00,27.555718512852245,27.555718512852245,27.1954221569116,27.209280014038086,15500,0.0,0.0
2023-09-26 00:00:00-04:00,27.036054834204727,27.077628396464917,25.844305813900025,25.920522689819336,20900,0.0,0.0
2023-09-27 00:00:00-04:00,26.211539079766613,27.139991754292563,26.211539079766613,26.537189483642578,22500,0.0,0.0
2023-09-28 00:00:00-04:00,26.668837095721624,26.668837095721624,25.92052866133691,26.15610694885254,23300,0.0,0.0
2023-09-29 00:00:00-04:00,26.509474566399003,26.74505286731408,25.87895656146691,25.98288917541504,33700,0.0,0.0
2023-10-02 00:00:00-04:00,25.982873417503225,26.412456184600533,25.38007149428923,25.44243049621582,36100,0.0,0.0
2023-10-03 00:00:00-04:00,25.44244459337153,25.44244459337153,22.851083419073454,23.93197250366211,52300,0.0,0.0
2023-10-04 00:00:00-04:00,23.627100900829205,24.02204051683166,23.135158943087983,23.36380958557129,31000,0.0,0.0
2023-10-05 00:00:00-04:00,23.356876998268643,23.356876998268643,22.109699249267578,22.109699249267578,30800,0.0,0.0
2023-10-06 00:00:00-04:00,21.47918396625507,21.971125932424776,21.305964740720757,21.555400848388672,68900,0.0,0.0
2023-10-09 00:00:00-04:00,21.804832458496094,22.13048540086433,21.804832458496094,21.804832458496094,26000,0.0,0.0
2023-10-10 00:00:00-04:00,22.054269624677772,22.41456457481234,21.881050415774695,21.95033836364746,25900,0.0,0.0
2023-10-11 00:00:00-04:00,22.061197908918846,22.705573558715137,22.061197908918846,22.5323543548584,24400,0.0,0.0
2023-10-12 00:00:00-04:00,22.8995821702282,23.30145206117289,22.17206191719344,22.85801124572754,25700,0.0,0.0
2023-10-13 00:00:00-04:00,23.096273972348815,23.23006508650151,22.892068461585158,23.131481170654297,9400,0.528376,0.0
2023-10-16 00:00:00-04:00,23.131480479189577,23.68072296365747,23.131480479189577,23.230064392089844,25800,0.0,0.0
2023-10-17 00:00:00-04:00,23.230067949920393,24.159552067669182,23.230067949920393,23.58918571472168,18400,0.0,0.0
2023-10-18 00:00:00-04:00,23.934221557967405,23.934221557967405,23.06106847061473,23.089235305786133,18400,0.0,0.0
2023-10-19 00:00:00-04:00,23.096276779277574,23.20190107316776,22.828697204589844,22.828697204589844,12000,0.0,0.0
2023-10-20 00:00:00-04:00,22.828693210606097,23.272311406739533,22.6033639301243,22.63153076171875,14500,0.0,0.0
2023-10-23 00:00:00-04:00,22.751240084935972,22.751240084935972,22.356912472738163,22.44845199584961,11700,0.0,0.0
2023-10-24 00:00:00-04:00,22.708993434804594,23.18781893762326,22.708993434804594,22.772367477416992,7100,0.0,0.0
2023-10-25 00:00:00-04:00,22.814614321372574,22.962486169966724,22.399161580251075,22.53295135498047,11100,0.0,0.0
2023-10-26 00:00:00-04:00,22.561118643268447,22.899112598064505,22.561118643268447,22.877988815307617,4600,0.0,0.0
2023-10-27 00:00:00-04:00,23.054026114947387,23.63847312055165,22.81461340893025,22.990652084350586,8900,0.0,0.0
2023-10-30 00:00:00-04:00,23.159651154906754,23.44131415194839,23.159651154906754,23.40610694885254,5700,0.0,0.0
2023-10-31 00:00:00-04:00,23.722969345203218,23.722969345203218,23.03994115685059,23.38497543334961,16600,0.0,0.0
2023-11-01 00:00:00-04:00,23.180776052442393,23.180776052442393,22.88503230887374,23.14556884765625,10400,0.0,0.0
2023-11-02 00:00:00-04:00,23.145570158162837,23.65960289833028,23.145570158162837,23.441316604614258,13400,0.0,0.0
2023-11-03 00:00:00-04:00,23.84972131189984,24.42008764270775,23.58918479907329,23.63847541809082,19200,0.0,0.0
2023-11-06 00:00:00-05:00,23.589183449745178,23.814512748404013,22.293538639388316,22.53295135498047,53700,0.0,0.0
2023-11-07 00:00:00-05:00,22.53295436742203,22.83574115662526,22.314666748046875,22.314666748046875,30800,0.0,0.0
2023-11-08 00:00:00-05:00,22.32170717987056,22.835739849620186,21.828798294067383,21.828798294067383,26900,0.0,0.0
2023-11-09 00:00:00-05:00,21.871046433444068,22.173833194635318,21.77246519698873,21.786548614501953,17000,0.0,0.0
2023-11-10 00:00:00-05:00,21.997798217707185,22.708994805337166,21.90625867455844,22.05413055419922,11800,0.0,0.0
2023-11-13 00:00:00-05:00,22.145669866828058,22.518871065918695,21.709093282734653,21.79359245300293,58200,0.0,0.0
2023-11-14 00:00:00-05:00,22.043162674518364,22.63776205917564,22.043162674518364,22.279569625854492,24200,0.528376,0.0
2023-11-15 00:00:00-05:00,22.25807824207004,22.508813226042548,22.150620782194892,22.207931518554688,56200,0.0,0.0
2023-11-16 00:00:00-05:00,22.207931518554688,22.379863727634074,21.720789576298557,21.84973907470703,70600,0.0,0.0
2023-11-17 00:00:00-05:00,21.950028063002236,22.207927007431863,21.763767866069223,22.114797592163086,23000,0.0,0.0
2023-11-20 00:00:00-05:00,22.13629089183058,22.480155281023546,22.13629089183058,22.372697830200195,9000,0.0,0.0
2023-11-21 00:00:00-05:00,22.329714478627007,22.494482656226666,22.2222570309053,22.250911712646484,21400,0.0,0.0
2023-11-22 00:00:00-05:00,22.207927734374998,22.51597340221703,22.207927734374998,22.38702392578125,16700,0.0,0.0
2023-11-24 00:00:00-05:00,22.42284456449149,22.55895806436979,22.37269784516676,22.551794052124023,4400,0.0,0.0
2023-11-27 00:00:00-05:00,22.551792690998074,22.558956702811454,22.351205825805664,22.351205825805664,17800,0.0,0.0
2023-11-28 00:00:00-05:00,22.351211560447254,23.03177782697979,22.351211560447254,22.845516204833984,11800,0.0,0.0
2023-11-29 00:00:00-05:00,23.02460339951054,23.189371549561162,22.709395121082057,22.831180572509766,32900,0.0,0.0
2023-11-30 00:00:00-05:00,23.275346238343023,23.289671531261785,22.781038916109903,22.90282440185547,18100,0.0,0.0
2023-12-01 00:00:00-05:00,23.017445265836784,23.798304836888683,23.017445265836784,23.69801139831543,52800,0.0,0.0
2023-12-04 00:00:00-05:00,23.91292385303587,24.163657423812506,23.6335342362302,23.884267807006836,20000,0.0,0.0
2023-12-05 00:00:00-05:00,23.970232580401557,24.185147454371812,23.841283109461227,23.948741912841797,31000,0.0,0.0
2023-12-06 00:00:00-05:00,24.163662024554768,24.80840951901262,24.070531223623856,24.299774169921875,70600,0.0,0.0
2023-12-07 00:00:00-05:00,24.3570836376568,24.72960406828532,24.07052861939142,24.421558380126953,8900,0.0,0.0
2023-12-08 00:00:00-05:00,24.486034450435945,24.958848343259938,24.19231677054212,24.263954162597656,33600,0.0,0.0
2023-12-11 00:00:00-05:00,24.32126746110179,24.521854354975886,24.185152583580248,24.371414184570312,52000,0.0,0.0
2023-12-12 00:00:00-05:00,24.364247494263754,24.457378289747293,23.99889242396883,24.335594177246094,72000,0.0,0.0
2023-12-13 00:00:00-05:00,24.521844984309553,24.837053230343955,23.99888454455704,24.657957077026367,23500,0.0,0.0
2023-12-14 00:00:00-05:00,25.056939020621204,25.42071573403241,24.8750506639156,25.369787216186523,21900,0.528376,0.0
2023-12-15 00:00:00-05:00,25.51529750584753,25.79176857484874,24.998735258147462,25.231552124023438,10900,0.0,0.0
2023-12-18 00:00:00-05:00,25.318856317565007,25.44254183170041,24.925976837928985,25.20244789123535,45100,0.0,0.0
2023-12-19 00:00:00-05:00,25.297031164769905,25.369785392062585,25.100591420604626,25.311582565307617,15700,0.0,0.0
2023-12-20 00:00:00-05:00,25.398886090778994,25.668080039954784,24.86049541703178,24.955078125,29400,0.0,0.0
2023-12-21 00:00:00-05:00,25.158797577935267,25.246103207692233,24.9187036268587,25.107866287231445,22100,0.0,0.0
2023-12-22 00:00:00-05:00,25.340685925576572,25.624431303833656,25.100591974500006,25.107866287231445,15400,0.0,0.0
2023-12-26 00:00:00-05:00,25.30430311649308,25.85724518375404,25.100589078763047,25.617151260375977,18700,0.0,0.0
2023-12-27 00:00:00-05:00,25.740835405953295,26.293774668609714,25.45709007541938,26.177366256713867,21700,0.0,0.0
2023-12-28 00:00:00-05:00,26.2719514995254,26.359257123041996,25.719009407996914,25.915449142456055,15600,0.0,0.0
2023-12-29 00:00:00-05:00,26.228297381571117,26.228297381571117,25.49346972851454,25.85724639892578,27000,0.0,0.0
2024-01-02 00:00:00-05:00,25.922726403614874,26.402911499264572,25.85724649169011,26.27195167541504,18900,0.0,0.0
2024-01-03 00:00:00-05:00,26.42473840763282,26.446564120797163,26.06096171944911,26.199195861816406,23600,0.0,0.0
2024-01-04 00:00:00-05:00,26.34470375030656,26.40290934522251,26.15554111762076,26.286500930786133,32100,0.0,0.0
2024-01-05 00:00:00-05:00,26.162813297194976,26.482938492353625,26.162813297194976,26.301050186157227,15900,0.0,0.0
2024-01-08 00:00:00-05:00,26.301050925634236,26.62844766567656,26.301050925634236,26.45383644104004,47700,0.0,0.0
2024-01-09 00:00:00-05:00,26.410189962229424,26.45384416883868,26.119170244356297,26.27923011779785,19000,0.0,0.0
2024-01-10 00:00:00-05:00,26.410178845745797,26.439281637902116,26.184639145021865,26.228290557861328,8200,0.0,0.0
2024-01-11 00:00:00-05:00,26.228297468356335,26.228297468356335,25.922726396389763,26.075511932373047,16300,0.0,0.0
2024-01-12 00:00:00-05:00,26.286507056709606,26.410189811636293,26.082790202424224,26.235578536987305,26700,0.0,0.0
2024-01-16 00:00:00-05:00,26.98013320812,26.98013320812,26.42635380475137,26.581411361694336,12300,0.528376,0.0
2024-01-17 00:00:00-05:00,26.2639072252499,26.322978371909937,25.459081160344358,25.60675621032715,47000,0.0,0.0
2024-01-18 00:00:00-05:00,25.466469225875652,25.510769774011298,23.65745600475646,24.27030372619629,97700,0.0,0.0
2024-01-19 00:00:00-05:00,24.558266645354294,24.565651947247467,24.366291046142578,24.366291046142578,17300,0.0,0.0
2024-01-22 00:00:00-05:00,24.3662938224004,24.66164396509658,24.3662938224004,24.46966552734375,16600,0.0,0.0
2024-01-23 00:00:00-05:00,24.425358680997327,24.558263112614718,24.29245143271296,24.432741165161133,7800,0.0,0.0
2024-01-24 00:00:00-05:00,24.661642625793686,24.83885044845358,24.477049500800224,24.506582260131836,19400,0.0,0.0
2024-01-25 00:00:00-05:00,24.705941012556313,24.89791942309457,24.624719593995305,24.72809410095215,14700,0.0,0.0
2024-01-26 00:00:00-05:00,24.920070413593425,25.761814563563576,24.80931341842161,25.621524810791016,34700,0.0,0.0
2024-01-29 00:00:00-05:00,25.93163887877273,25.93163887877273,25.547684878270704,25.820884704589844,32500,0.0,0.0
2024-01-30 00:00:00-05:00,25.724890344723594,26.071926217614543,25.68058699392899,25.761808395385742,10200,0.0,0.0
2024-01-31 00:00:00-05:00,25.909490547523152,25.93902612285063,25.112046913686196,25.141582489013672,20000,0.0,0.0
2024-02-01 00:00:00-05:00,25.400018977989568,25.64368047526804,25.171122454282408,25.466472625732422,18900,0.0,0.0
2024-02-02 00:00:00-05:00,25.51815639199681,25.67321395180035,25.4517027496999,25.577224731445312,12600,0.0,0.0
2024-02-05 00:00:00-05:00,25.87995443053404,25.975943640005564,25.843036370481123,25.87257194519043,21200,0.0,0.0
2024-02-06 00:00:00-05:00,26.04978283332376,26.04978283332376,25.806121354894714,25.850421905517578,28300,0.0,0.0
2024-02-07 00:00:00-05:00,25.83565284079363,25.998092861793697,25.687977789883945,25.879953384399414,20300,0.0,0.0
2024-02-08 00:00:00-05:00,25.916873857871675,25.93902694840609,25.687980183467502,25.732280731201172,13500,0.0,0.0
2024-02-09 00:00:00-05:00,25.702747408166758,25.857804955170717,25.577222620115325,25.791351318359375,13700,0.0,0.0
2024-02-12 00:00:00-05:00,25.975948620533476,25.998098897478744,25.79135546820829,25.946413040161133,19100,0.0,0.0
2024-02-13 00:00:00-05:00,25.857800082980855,25.887335653035738,25.783961157843653,25.798728942871094,22000,0.0,0.0
2024-02-14 00:00:00-05:00,26.022430176527664,26.022430176527664,25.722547929781896,25.797517776489258,6800,0.528376,0.0
2024-02-15 00:00:00-05:00,25.969945491422965,26.262331838689608,25.88747696067273,26.23984146118164,14700,0.0,0.0
2024-02-16 00:00:00-05:00,26.239842959085678,26.239842959085678,26.05991134900323,26.164873123168945,18000,0.0,0.0
2024-02-20 00:00:00-05:00,26.17237345462647,26.202362538106406,26.052419980623135,26.112398147583008,18100,0.0,0.0
2024-02-21 00:00:00-05:00,26.127386581544684,26.239844200656776,26.119890741564703,26.21735382080078,8000,0.0,0.0
2024-02-22 00:00:00-05:00,26.164868546983648,26.17986022361224,26.02992057800293,26.02992057800293,21000,0.0,0.0
2024-02-23 00:00:00-05:00,26.164868759051927,26.164868759051927,25.954948105649713,26.067405700683594,24200,0.0,0.0
2024-02-26 00:00:00-05:00,25.96245372068487,26.13488664840393,25.939960479736328,25.939960479736328,9600,0.0,0.0
2024-02-27 00:00:00-05:00,26.089908765632345,26.322319907117947,26.089908765632345,26.30732536315918,28900,0.0,0.0
2024-02-28 00:00:00-05:00,26.239842959085678,26.374790951668537,26.14237988446119,26.164873123168945,17800,0.0,0.0
2024-02-29 00:00:00-05:00,26.389791321838533,26.62969828168026,26.232352915676756,26.53973388671875,21400,0.0,0.0
2024-03-01 00:00:00-05:00,26.487258790849005,27.221974334149962,26.487258790849005,27.214475631713867,43600,0.0,0.0
2024-03-04 00:00:00-05:00,27.289435552264727,27.35690954294561,27.176977947824696,27.319421768188477,47300,0.0,0.0
2024-03-05 00:00:00-05:00,27.326927422573878,27.67179330275832,27.28194379736514,27.37190818786621,32400,0.0,0.0
2024-03-06 00:00:00-05:00,27.027040838720385,27.806739807128906,26.802128444733842,27.806739807128906,89300,0.0,0.0
2024-03-07 00:00:00-05:00,27.731767324212353,28.369019523202756,27.686783705728,28.19658660888672,18800,0.0,0.0
2024-03-08 00:00:00-05:00,28.48897361755371,28.923806692897127,28.48897361755371,28.48897361755371,32600,0.0,0.0
2024-03-11 00:00:00-04:00,28.63891955216564,28.901316880530597,28.526461920057006,28.766368865966797,32500,0.0,0.0
2024-03-12 00:00:00-04:00,29.013773792947642,29.111236881029775,28.61642559995878,28.811351776123047,16700,0.0,0.0
2024-03-13 00:00:00-04:00,29.20870254060023,29.20870254060023,28.871332449824735,29.111242294311523,44100,0.0,0.0
2024-03-14 00:00:00-04:00,29.1404016961896,29.52042779921796,28.55516114960163,29.049196243286133,18600,0.528376,0.0
2024-03-15 00:00:00-04:00,28.980794050408022,29.436824255547535,28.562765879135245,28.866785049438477,27600,0.0,0.0
2024-03-18 00:00:00-04:00,28.874386579015237,29.55843187211185,28.874386579015237,29.216407775878906,21900,0.0,0.0
2024-03-19 00:00:00-04:00,29.20120121019435,29.25440752628962,29.12519715754755,29.2240047454834,18200,0.0,0.0
2024-03-20 00:00:00-04:00,29.201202953746098,29.38361675010628,28.767973449180708,28.88958168029785,29000,0.0,0.0
2024-03-21 00:00:00-04:00,29.208803697880263,29.43681875786545,28.881981048799606,28.973186492919922,11900,0.0,0.0
2024-03-22 00:00:00-04:00,29.087201609580777,29.231610501520223,28.881987142486153,28.92759132385254,11300,0.0,0.0
2024-03-25 00:00:00-04:00,28.927590818575162,29.110001742115724,28.775579782711787,28.843984603881836,34700,0.0,0.0
2024-03-26 00:00:00-04:00,29.018796704879907,29.33801727543065,28.859186419604534,29.079599380493164,31000,0.0,0.0
2024-03-27 00:00:00-04:00,29.03399377065906,29.307613018555024,29.03399377065906,29.277210235595703,18400,0.0,0.0
2024-03-28 00:00:00-04:00,29.46722408929742,29.634436500796884,29.43682130550315,29.543228149414062,31800,0.0,0.0
2024-04-01 00:00:00-04:00,29.8700537586085,29.961259219574345,29.67244144328761,29.748445510864258,27800,0.0,0.0
2024-04-02 00:00:00-04:00,29.71044365197705,29.82445265338251,29.695242258498368,29.763647079467773,23100,0.0,0.0
2024-04-03 00:00:00-04:00,29.99926105084522,30.690908432006836,29.809248002181377,30.690908432006836,22500,0.0,0.0
2024-04-04 00:00:00-04:00,30.68330911100298,31.06333524331443,30.68330911100298,31.048133850097656,33100,0.0,0.0
2024-04-05 00:00:00-04:00,31.162132256904115,31.54215826003709,31.12413023646448,31.20013427734375,44700,0.0,0.0
2024-04-08 00:00:00-04:00,31.390161885205746,31.47376810869711,31.200148795223424,31.3825626373291,27800,0.0,0.0
2024-04-09 00:00:00-04:00,31.390158968656184,31.450964543498344,31.177345255447406,31.215347290039062,19600,0.0,0.0
2024-04-10 00:00:00-04:00,31.23814533432274,31.31415229655754,30.93412618349099,31.11653709411621,40200,0.0,0.0
2024-04-11 00:00:00-04:00,31.086132049560543,31.200138124938658,30.918919659763578,31.086132049560547,67200,0.0,0.0
2024-04-12 00:00:00-04:00,31.215796496063707,31.223495202606237,30.44579659988443,30.8384952545166,29800,0.528376,0.0
2024-04-15 00:00:00-04:00,30.83848289266905,30.83848289266905,29.25998432571836,29.267683029174805,48600,0.0,0.0
2024-04-16 00:00:00-04:00,29.290786264672008,29.33698436201365,28.112684848097558,28.397586822509766,33900,0.0,0.0
2024-04-17 00:00:00-04:00,28.61318359505065,28.813382188672353,28.397584657717246,28.682483673095703,17600,0.0,0.0
2024-04-18 00:00:00-04:00,28.882691076151872,29.329292368062305,28.80569227142337,28.87499237060547,14100,0.0,0.0
2024-04-19 00:00:00-04:00,28.94428402988447,29.660383866852253,28.728685089658562,29.306184768676758,21000,0.0,0.0
2024-04-22 00:00:00-04:00,29.483289331060934,30.46118930629029,29.483289331060934,30.060789108276367,31200,0.0,0.0
2024-04-23 00:00:00-04:00,30.268692876645606,30.515092575065246,30.237892180014125,30.345691680908203,9900,0.0,0.0
2024-04-24 00:00:00-04:00,30.4072881212891,30.653687779574007,30.20708656311035,30.20708656311035,23000,0.0,0.0
2024-04-25 00:00:00-04:00,30.36878602151456,30.40728835498643,30.029987223097855,30.21478843688965,8700,0.0,0.0
2024-04-26 00:00:00-04:00,30.33799363522153,30.4072937354915,30.222492488999524,30.39189338684082,9700,0.0,0.0
2024-04-29 00:00:00-04:00,30.4149860693013,30.4149860693013,30.307186588646417,30.399585723876953,13200,0.0,0.0
2024-04-30 00:00:00-04:00,30.414980005558448,30.645979266238935,30.2532808168136,30.52277946472168,31800,0.0,0.0
2024-05-01 00:00:00-04:00,30.453489561302156,30.507389308881066,29.629590062806294,29.952991485595703,32000,0.0,0.0
2024-05-02 00:00:00-04:00,30.19939012181175,30.30718961322474,29.544888593879406,30.02998924255371,22300,0.0,0.0
2024-05-03 00:00:00-04:00,30.03768565658666,30.792287913560408,30.029986952351084,30.553586959838867,11700,0.0,0.0
2024-05-06 00:00:00-04:00,30.96939058361022,31.92418861942315,30.584390712356253,30.799989700317383,43700,0.0,0.0
2024-05-07 00:00:00-04:00,30.87699035337746,32.2937900821439,30.87699035337746,31.978090286254883,41700,0.0,0.0
2024-05-08 00:00:00-04:00,31.954985449454092,31.954985449454092,31.3235859719441,31.415985107421875,14200,0.0,0.0
2024-05-09 00:00:00-04:00,31.29278949380198,31.439091326762853,31.192688703457588,31.400588989257812,27100,0.0,0.0
2024-05-10 00:00:00-04:00,31.57768927838087,31.747090167738623,31.43139037950027,31.554590225219727,9900,0.0,0.0
2024-05-13 00:00:00-04:00,31.9780832949015,32.05508501932987,31.53148504247869,31.569984436035156,19700,0.0,0.0
2024-05-14 00:00:00-04:00,32.09915782761596,32.16936266346782,31.794934888482025,32.067955017089844,10700,0.528376,0.0
2024-05-15 00:00:00-04:00,32.13815873224968,32.169361541687714,31.826136589196658,32.145957946777344,18100,0.0,0.0
2024-05-16 00:00:00-04:00,32.138165656227756,32.301975977573896,32.04456018341058,32.13036346435547,13600,0.0,0.0
2024-05-17 00:00:00-04:00,32.208368785999646,32.3643798828125,32.138163941217066,32.3643798828125,10400,0.0,0.0
2024-05-20 00:00:00-04:00,32.52818366712832,32.74659737343298,32.31756917505016,32.356571197509766,25000,0.0,0.0
2024-05-21 00:00:00-04:00,32.457993829836155,32.457993829836155,32.42679100718944,32.434593200683594,23000,0.0,0.0
2024-05-22 00:00:00-04:00,32.41117492374907,32.89480655317955,32.41117492374907,32.46577835083008,12200,0.0,0.0
2024-05-23 00:00:00-04:00,32.52038015300292,32.84800367478259,31.732528619011457,32.122554779052734,24200,0.0,0.0
2024-05-24 00:00:00-04:00,32.53597996305685,32.53597996305685,31.82613250557256,32.036746978759766,6100,0.0,0.0
2024-05-28 00:00:00-04:00,32.36436180567862,32.36436180567862,31.904130963758206,32.099143981933594,11300,0.0,0.0
2024-05-29 00:00:00-04:00,32.153759284276944,32.153759284276944,31.592120631941192,31.623323440551758,14800,0.0,0.0
2024-05-30 00:00:00-04:00,31.77932849651056,32.76219297651424,31.740323505293794,32.551578521728516,21200,0.0,0.0
2024-05-31 00:00:00-04:00,32.79340432354526,32.863609160099045,32.41117732993826,32.62179183959961,20700,0.0,0.0
2024-06-03 00:00:00-04:00,32.50478321962553,33.019620678318105,32.43458135780075,32.78560256958008,27200,0.0,0.0
2024-06-04 00:00:00-04:00,32.78560271912283,33.06642207035826,32.676395854901024,33.02742004394531,27600,0.0,0.0
2024-06-05 00:00:00-04:00,33.1600271113711,33.36284240722703,32.89480916917293,33.12102508544922,15400,0.0,0.0
2024-06-06 00:00:00-04:00,33.34724142660713,33.85427669704331,33.12102550744859,33.21463394165039,27900,0.0,0.0
2024-06-07 00:00:00-04:00,33.24582823431357,33.83086746004385,33.24582823431357,33.72166061401367,34800,0.0,0.0
2024-06-10 00:00:00-04:00,33.768466496645004,34.049285815017164,33.54225060399371,33.60465621948242,38900,0.0,0.0
2024-06-11 00:00:00-04:00,33.23022892894689,33.3706385900389,31.8105338896064,31.911941528320312,74000,0.0,0.0
2024-06-12 00:00:00-04:00,32.09914423082133,32.48917027019626,31.982135228743843,32.02113723754883,112300,0.0,0.0
2024-06-13 00:00:00-04:00,31.997750760300264,32.465781024006745,31.997750760300264,32.28636932373047,40100,0.0,0.0
2024-06-14 00:00:00-04:00,32.27857573592223,32.69200264012457,32.27857573592223,32.481388092041016,20900,0.0,0.0
2024-06-17 00:00:00-04:00,32.5195964654663,32.88303146685091,32.20356419492753,32.440589904785156,46400,0.528376,0.0
2024-06-18 00:00:00-04:00,32.314175650046295,32.77241909938683,32.092951868451316,32.219364166259766,103100,0.0,0.0
2024-06-20 00:00:00-04:00,31.28707458812477,31.36608416362483,30.789327825056514,30.978944778442383,157400,0.0,0.0
2024-06-21 00:00:00-04:00,31.168562304931516,31.871730895327797,31.089552735618682,31.38188362121582,22400,0.0,0.0
2024-06-24 00:00:00-04:00,31.60311864088414,31.95865432837574,31.60311864088414,31.705829620361328,26900,0.0,0.0
2024-06-25 00:00:00-04:00,31.70581552499721,32.39318220596148,31.70581552499721,32.219364166259766,23200,0.0,0.0
2024-06-26 00:00:00-04:00,32.34578327944468,32.72502025277667,31.816432612681556,32.50379943847656,31200,0.0,0.0
2024-06-27 00:00:00-04:00,33.33338059904709,33.33338059904709,32.63811431961831,32.81983184814453,27200,0.0,0.0
2024-06-28 00:00:00-04:00,33.048956303392615,33.1042615090878,32.74872589111328,32.74872589111328,16200,0.0,0.0
2024-07-01 00:00:00-04:00,32.82772661526602,33.025246032943805,32.54329817158488,32.94623947143555,23200,0.0,0.0
2024-07-02 00:00:00-04:00,33.03315353393555,33.10426065569739,32.804030251157656,33.03315353393555,24600,0.0,0.0
2024-07-03 00:00:00-04:00,33.222774574795416,33.40449212729632,32.71712520889586,32.772430419921875,21900,0.0,0.0
2024-07-05 00:00:00-04:00,32.77242819183084,33.06475614650935,32.59861010390471,32.780330657958984,27100,0.0,0.0
2024-07-08 00:00:00-04:00,32.76301987027541,32.867055720805155,31.970755073738484,32.22684097290039,33500,0.528376,0.0
2024-07-09 00:00:00-04:00,32.36288833761925,32.36288833761925,30.962417108289674,31.138477325439453,78600,0.0,0.0
2024-07-10 00:00:00-04:00,31.32254078810974,31.362553643669916,31.05845349918443,31.146480560302734,40000,0.0,0.0
2024-07-11 00:00:00-04:00,31.34655200805087,31.842721251078213,31.330549305953106,31.6906681060791,20700,0.0,0.0
2024-07-12 00:00:00-04:00,31.86672141039132,31.962752865972003,31.77068995481064,31.842714309692383,18600,0.0,0.0
2024-07-15 00:00:00-04:00,31.85072107630365,32.37089740034395,31.658658132475395,31.946752548217773,50300,0.0,0.0
2024-07-16 00:00:00-04:00,31.594628132529618,31.642645384265972,31.330540879941605,31.45858383178711,46300,0.0,0.0
2024-07-17 00:00:00-04:00,31.6186356961207,31.634641446934424,31.034439528951395,31.290525436401367,37600,0.0,0.0
2024-07-18 00:00:00-04:00,31.21049690246582,31.29052259648653,31.170484055455464,31.21049690246582,58900,0.0,0.0
2024-07-19 00:00:00-04:00,31.210499954102012,31.82670762722231,31.210499954102012,31.62664031982422,31900,0.0,0.0
2024-07-22 00:00:00-04:00,31.71466657483263,31.72266792293223,31.40256210161222,31.490589141845703,29700,0.0,0.0
2024-07-23 00:00:00-04:00,31.378552691580037,31.570618631128102,31.138472556733362,31.21049690246582,25900,0.0,0.0
2024-07-24 00:00:00-04:00,31.0904570178949,31.17048576909985,30.586289622834883,30.858381271362305,82000,0.0,0.0
2024-07-25 00:00:00-04:00,30.730341074627678,31.586628946114764,30.650312316254826,31.370555877685547,105300,0.0,0.0
2024-07-26 00:00:00-04:00,31.40256857690094,31.514605790104522,31.042446782471494,31.218503952026367,19000,0.0,0.0
2024-07-29 00:00:00-04:00,31.082457007362724,31.53060887505066,30.69032374153767,31.34654426574707,48200,0.0,0.0
2024-07-30 00:00:00-04:00,31.33054969453809,31.490601139785564,31.162490792571223,31.30653953552246,22800,0.0,0.0
2024-07-31 00:00:00-04:00,31.61063173289421,31.61063173289421,31.290522848662466,31.402563095092773,26900,0.0,0.0
2024-08-01 00:00:00-04:00,31.402562841343844,31.402562841343844,31.138472556068958,31.35454559326172,29100,0.0,0.0
2024-08-02 00:00:00-04:00,31.346548459305225,31.346548459305225,30.60230078459175,30.818370819091797,39900,0.0,0.0
2024-08-05 00:00:00-04:00,29.609968053411432,30.81837351452773,27.873384905886244,27.985422134399414,168500,0.0,0.0
2024-08-06 00:00:00-04:00,28.625633062335478,29.449909459693096,28.297522773338116,29.361879348754883,44200,0.0,0.0
2024-08-07 00:00:00-04:00,29.810034471824363,30.81037119906679,29.73801010535149,29.970088958740234,53000,0.0,0.0
2024-08-08 00:00:00-04:00,30.850382711102057,30.850382711102057,30.09012622102292,30.290193557739258,17400,0.0,0.0
2024-08-09 00:00:00-04:00,30.34620867383433,30.802364957589706,29.609962424824122,29.898059844970703,37500,0.0,0.0
2024-08-12 00:00:00-04:00,30.12213526774323,30.850380191809613,30.058115312670328,30.76235008239746,28800,0.0,0.0
2024-08-13 00:00:00-04:00,30.44224137551896,30.842375979131614,30.44224137551896,30.690322875976562,31500,0.0,0.0
2024-08-14 00:00:00-04:00,30.69032073232273,31.354545593261715,30.666313634673937,31.35454559326172,39700,0.0,0.0
2024-08-15 00:00:00-04:00,31.28022773124117,31.904859183891762,31.28022773124117,31.702056884765625,33600,0.528376,0.0
2024-08-16 00:00:00-04:00,31.63714825810655,31.702046457850066,30.809714778475634,31.288328170776367,38300,0.0,0.0
2024-08-19 00:00:00-04:00,31.15854336424951,32.083321301210944,31.15854336424951,32.07521057128906,28400,0.0,0.0
2024-08-20 00:00:00-04:00,32.14010873898959,32.27801591686483,31.620935328320105,31.710168838500977,34600,0.0,0.0
2024-08-21 00:00:00-04:00,32.10765637560896,32.24556043170974,31.637153631111445,32.14010238647461,12400,0.0,0.0
2024-08-22 00:00:00-04:00,32.245559138340106,32.602489999681815,32.14821492061362,32.172550201416016,21800,0.0,0.0
2024-08-23 00:00:00-04:00,32.39158010262397,32.529484166350656,32.140104163777615,32.278011322021484,11800,0.0,0.0
2024-08-26 00:00:00-04:00,32.56192800294897,32.57815255391133,32.3347904785092,32.39157485961914,22600,0.0,0.0
2024-08-27 00:00:00-04:00,32.3753547668457,32.5457079336337,32.3753547668457,32.3753547668457,21900,0.0,0.0
2024-08-28 00:00:00-04:00,32.47270083502414,32.610607997765335,32.415916442871094,32.415916442871094,21400,0.0,0.0
2024-08-29 00:00:00-04:00,32.60249024507049,32.618714797233174,32.432137089137726,32.50514602661133,27600,0.0,0.0
2024-08-30 00:00:00-04:00,32.57004524576436,32.77284751231453,32.52948231684072,32.74039840698242,30200,0.0,0.0
2024-09-03 00:00:00-04:00,32.943204370425356,33.05677315731544,32.63494402421129,32.8215217590332,39800,0.0,0.0
2024-09-04 00:00:00-04:00,32.82964219283827,32.97566011809842,32.618726036565626,32.683624267578125,33800,0.0,0.0
2024-09-05 00:00:00-04:00,32.78907265005965,32.878306152478245,32.699842242158404,32.8215217590332,32900,0.0,0.0
2024-09-06 00:00:00-04:00,32.81340883794964,32.853968674199535,32.44836412266621,32.529483795166016,41700,0.0,0.0
2024-09-09 00:00:00-04:00,32.48081346351866,33.12978013174479,32.18877768918761,32.359130859375,32600,0.0,0.0
2024-09-10 00:00:00-04:00,32.20499716532695,32.51325744457855,32.20499716532695,32.39157485961914,31700,0.0,0.0
2024-09-11 00:00:00-04:00,32.48892588753152,33.008099249190735,32.36724637155864,32.99187469482422,30900,0.0,0.0
2024-09-12 00:00:00-04:00,33.259571392321355,33.259571392321355,32.88641596816475,32.99998474121094,23900,0.0,0.0
2024-09-13 00:00:00-04:00,33.25957336425781,33.47860019434011,33.16222913794918,33.46237564086914,43500,0.0,0.0
2024-09-16 00:00:00-04:00,33.66517213832382,33.66517213832382,33.46236989652669,33.511043548583984,64600,0.0,0.0
2024-09-17 00:00:00-04:00,33.443970742741016,33.78087547601721,33.37001589228479,33.731571197509766,15600,0.528376,0.0
2024-09-18 00:00:00-04:00,33.81374986761117,33.85483520498288,33.45219137567546,33.71514129638672,39700,0.0,0.0
2024-09-19 00:00:00-04:00,33.88770849200098,33.88770849200098,32.876990899675754,32.9180793762207,46500,0.0,0.0
2024-09-20 00:00:00-04:00,33.08241610543816,33.583665356743474,33.049549717265364,33.42753982543945,19800,0.0,0.0
2024-09-23 00:00:00-04:00,33.50149945634603,33.7151451156469,33.279634847873595,33.690494537353516,16900,0.0,0.0
2024-09-24 00:00:00-04:00,33.73157396717542,33.8712678671117,33.69048863235068,33.748008728027344,29600,0.0,0.0
2024-09-25 00:00:00-04:00,33.86304682294659,33.87126577016879,33.7480066387153,33.7562255859375,21900,0.0,0.0
2024-09-26 00:00:00-04:00,34.01096459361015,34.052049935636006,33.56723537666527,33.690494537353516,22100,0.0,0.0
2024-09-27 00:00:00-04:00,33.690497954305975,34.060272339263236,33.690497954305975,33.805538177490234,17800,0.0,0.0
2024-09-30 00:00:00-04:00,33.813751428360874,34.32321653142815,33.813751428360874,34.30678176879883,58900,0.0,0.0
2024-10-01 00:00:00-04:00,34.71764456561533,35.391454221208704,34.51221471611464,35.284629821777344,82100,0.0,0.0
2024-10-02 00:00:00-04:00,35.52293044886248,36.46790904364525,35.51471463382223,36.45969009399414,59000,0.0,0.0
2024-10-03 00:00:00-04:00,36.410381376639684,36.410381376639684,35.950217464632715,36.13099670410156,36900,0.0,0.0
2024-10-04 00:00:00-04:00,36.11456841132748,36.44325429196631,36.11456841132748,36.426822662353516,37400,0.0,0.0
2024-10-07 00:00:00-04:00,36.4268105026847,36.97736081464566,36.4268105026847,36.9609260559082,38800,0.0,0.0
2024-10-08 00:00:00-04:00,37.34714419682224,37.34714419682224,36.68976935936765,36.85411071777344,28500,0.0,0.0
2024-10-09 00:00:00-04:00,37.16636276078892,37.363576767761565,37.08419208640633,37.19101333618164,30900,0.0,0.0
2024-10-10 00:00:00-04:00,37.14171725958521,37.149933074301764,36.25425880888188,36.591163635253906,40500,0.0,0.0
2024-10-11 00:00:00-04:00,36.459690761176034,36.7719450268042,36.14743963015878,36.508995056152344,37600,0.0,0.0
2024-10-14 00:00:00-04:00,36.85410100747669,36.97736012841528,36.508980484224125,36.558284759521484,41800,0.0,0.0
2024-10-15 00:00:00-04:00,36.59019977374899,37.13073808477515,36.23261347672275,36.415565490722656,34100,0.528376,0.0
2024-10-16 00:00:00-04:00,36.50704701384645,36.78978963625671,36.440517845145045,36.5319938659668,24100,0.0,0.0
2024-10-17 00:00:00-04:00,36.94779272019802,36.94779272019802,36.45715118985881,36.57357406616211,22600,0.0,0.0
2024-10-18 00:00:00-04:00,36.57357930739388,36.956112576434336,36.57357930739388,36.83137512207031,18700,0.0,0.0
2024-10-21 00:00:00-04:00,36.83968545343358,36.98937291931169,36.63178654774571,36.73989486694336,20900,0.0,0.0
2024-10-22 00:00:00-04:00,36.90621584797782,37.26380223138409,36.90621584797782,37.08916473388672,24900,0.0,0.0
2024-10-23 00:00:00-04:00,37.039271684748165,37.114115421498276,36.81474047449781,36.96442794799805,17700,0.0,0.0
2024-10-24 00:00:00-04:00,36.831368972726466,37.35527190369946,36.45715032754191,36.839683532714844,56100,0.0,0.0
2024-10-25 00:00:00-04:00,37.030942631820345,37.0642072096043,36.457142940328445,36.498722076416016,20800,0.0,0.0
2024-10-28 00:00:00-04:00,36.748211998291396,36.823055736466564,36.390625601708464,36.5902099609375,19800,0.0,0.0
2024-10-29 00:00:00-04:00,36.56525568281504,36.681678546945484,35.62555186588558,35.9249267578125,33000,0.0,0.0
2024-10-30 00:00:00-04:00,36.07461420377596,36.25756305928731,35.75860702093253,35.9249267578125,35200,0.0,0.0
2024-10-31 00:00:00-04:00,36.082925998521,36.73988716410557,35.88334486738448,35.96650314331055,25800,0.0,0.0
2024-11-01 00:00:00-04:00,35.89997568987574,36.290826584319184,35.89997568987574,36.20766830444336,12300,0.0,0.0
2024-11-04 00:00:00-05:00,36.42387451054968,36.681670202685126,36.166081990698636,36.299137115478516,14900,0.0,0.0
2024-11-05 00:00:00-05:00,36.29914369295048,36.56525399072992,36.27419367158774,36.45714569091797,21600,0.0,0.0
2024-11-06 00:00:00-05:00,36.80641600680347,38.54445075573402,36.71494316509986,38.120338439941406,52200,0.0,0.0
2024-11-07 00:00:00-05:00,38.12034055334203,38.46960916544241,37.97896765871666,38.20349884033203,18200,0.0,0.0
2024-11-08 00:00:00-05:00,38.170238041479614,38.6691941159977,38.170238041479614,38.602664947509766,40700,0.0,0.0
2024-11-11 00:00:00-05:00,38.89372233463091,39.500786675495895,38.89372233463091,39.35941696166992,28100,0.0,0.0
2024-11-12 00:00:00-05:00,39.309529614764536,39.675430585350036,39.20142128416291,39.334476470947266,23600,0.0,0.0
2024-11-13 00:00:00-05:00,39.08499187504312,39.55900109719167,39.08499187504312,39.17646789550781,25700,0.0,0.0
2024-11-14 00:00:00-05:00,39.23468081376292,39.334471397909546,39.184783935546875,39.184783935546875,11600,0.0,0.0
2024-11-15 00:00:00-05:00,39.09090422408795,39.57028898522344,39.03203263645804,39.47777557373047,24400,0.528376,0.0
2024-11-18 00:00:00-05:00,39.32638551272163,39.70484796181513,39.32638551272163,39.553462982177734,25900,0.0,0.0
2024-11-19 00:00:00-05:00,39.54505855450101,39.93192989761867,39.292751296305184,39.906700134277344,24300,0.0,0.0
2024-11-20 00:00:00-05:00,40.15060296456678,40.226295471191406,39.822599963685946,40.226295471191406,15900,0.0,0.0
2024-11-21 00:00:00-05:00,40.36926828339016,41.3616797186844,40.36926828339016,41.26075744628906,26300,0.0,0.0
2024-11-22 00:00:00-05:00,41.218700992942985,41.78219032928741,41.2102921408756,41.60557556152344,26200,0.0,0.0
2024-11-25 00:00:00-05:00,42.05132229603088,42.2027073129575,41.76537317608742,42.026092529296875,31200,0.0,0.0
2024-11-26 00:00:00-05:00,42.00926525746135,42.976443598934914,41.841059352082226,42.75777816772461,36500,0.0,0.0
2024-11-27 00:00:00-05:00,42.65685777259402,43.39695865539923,42.429780271644375,43.228755950927734,22700,0.0,0.0
2024-11-29 00:00:00-05:00,44.06978160627588,45.045372034713516,43.102600029623865,44.9444465637207,31300,0.0,0.0
2024-12-02 00:00:00-05:00,45.163113285585666,45.28085645513454,43.93521564848923,44.76782989501953,46900,0.0,0.0
2024-12-03 00:00:00-05:00,43.9184020291205,44.153888407315904,41.50465381957244,42.152244567871094,105200,0.0,0.0
2024-12-04 00:00:00-05:00,41.49624806159709,41.941991084500046,39.44414453563953,39.57870864868164,133900,0.0,0.0
2024-12-05 00:00:00-05:00,39.96557412915885,41.43737030029297,39.95716206869761,41.43737030029297,32000,0.0,0.0
2024-12-06 00:00:00-05:00,41.73172505931234,41.84105937911853,40.789776480145704,41.65603256225586,30100,0.0,0.0
2024-12-09 00:00:00-05:00,41.86628655869761,41.86628655869761,41.117773694137554,41.19346618652344,22100,0.0,0.0
2024-12-10 00:00:00-05:00,41.159828910263194,41.159828910263194,39.6712118678246,39.76372528076172,38000,0.0,0.0
2024-12-11 00:00:00-05:00,39.57870562577448,39.93193519243329,38.49378074258879,38.72926712036133,43200,0.0,0.0
2024-12-12 00:00:00-05:00,38.788136758793314,39.22547087278932,38.43490720994719,39.006805419921875,30700,0.0,0.0
2024-12-13 00:00:00-05:00,40.01603769528763,40.01603769528763,38.838599450708465,39.42731857299805,24600,0.0,0.0
2024-12-16 00:00:00-05:00,39.84273880800198,39.84273880800198,37.42699619643853,37.5886116027832,66000,0.528376,0.0
2024-12-17 00:00:00-05:00,37.426994309917056,37.682177713063524,35.58116455715236,35.73427200317383,117200,0.0,0.0
2024-12-18 00:00:00-05:00,36.15107792020724,36.59339738061096,34.705034154432276,34.78158950805664,36400,0.0,0.0
2024-12-19 00:00:00-05:00,34.88366124924646,35.77680809799827,34.21167899172041,34.636985778808594,53800,0.0,0.0
2024-12-20 00:00:00-05:00,35.13033987316112,36.16808946930428,34.79009639127534,35.8703727722168,42700,0.0,0.0
2024-12-23 00:00:00-05:00,35.86186440995959,36.550862501182934,35.725766382106784,36.49982452392578,23300,0.0,0.0
2024-12-24 00:00:00-05:00,36.465799284055166,37.56309146119307,36.465799284055166,37.40998077392578,24900,0.0,0.0
2024-12-26 00:00:00-05:00,37.45250277311728,37.631134033203125,37.09524674261008,37.631134033203125,17300,0.0,0.0
2024-12-27 00:00:00-05:00,37.23985625608021,37.461017572879406,37.12927884251346,37.418487548828125,15000,0.0,0.0
2024-12-30 00:00:00-05:00,37.42699768285307,38.651880075242815,37.078246243328906,38.60084533691406,33600,0.0,0.0
2024-12-31 00:00:00-05:00,39.20477598904991,39.20477598904991,38.107483805246794,38.94959259033203,25500,0.0,0.0
2025-01-02 00:00:00-05:00,39.0856843624315,40.70184779214974,39.0856843624315,39.851234436035156,53900,0.0,0.0
2025-01-03 00:00:00-05:00,40.54874230842357,41.34832104200745,40.242524186763276,41.16969299316406,37200,0.0,0.0
2025-01-06 00:00:00-05:00,41.05061394506955,41.237749989259974,40.24253356115699,40.42116165161133,42600,0.0,0.0
2025-01-07 00:00:00-05:00,40.49771186983971,41.025091365348864,39.64709831490028,39.7576789855957,21500,0.0,0.0
2025-01-08 00:00:00-05:00,39.90228084544361,40.2680449255238,38.71142059706628,38.87303924560547,28900,0.0,0.0
2025-01-10 00:00:00-05:00,39.978841559028766,40.472199033660296,38.949599821056374,39.2983512878418,18800,0.0,0.0
2025-01-13 00:00:00-05:00,39.68962876360717,40.531737619633546,39.187766631089744,40.404144287109375,29900,0.0,0.0
2025-01-14 00:00:00-05:00,40.82944787680791,42.31802149731653,40.70185455425969,41.722591400146484,44600,0.0,0.0
2025-01-15 00:00:00-05:00,42.36054574417675,42.87091571990933,42.02880704460847,42.624237060546875,41600,0.0,0.0
2025-01-16 00:00:00-05:00,42.485290479451,43.809195551465216,42.485290479451,43.49111557006836,39600,0.528376,0.0
2025-01-17 00:00:00-05:00,43.473925078809216,43.83499161786433,42.863554361177066,42.99250411987305,28700,0.0,0.0
2025-01-21 00:00:00-05:00,42.476701310983685,43.551299100959405,42.34774826442172,43.28479766845703,48200,0.0,0.0
2025-01-22 00:00:00-05:00,43.57708466574364,43.57708466574364,42.57985813324395,43.39655303955078,29500,0.0,0.0
2025-01-23 00:00:00-05:00,43.499713431738755,44.24763578949336,43.11286088462448,44.00692367553711,22200,0.0,0.0
2025-01-24 00:00:00-05:00,44.03271029469569,45.382404556261086,44.015516340352065,45.21046829223633,36400,0.0,0.0
2025-01-27 00:00:00-05:00,44.9181921703658,44.9181921703658,40.63699453502599,40.783138275146484,67500,0.0,0.0
2025-01-28 00:00:00-05:00,40.361889962577905,40.740147169528406,39.90625831122428,40.181358337402344,56100,0.0,0.0
2025-01-29 00:00:00-05:00,40.1899521368976,40.83471072732911,40.14696888675119,40.310306549072266,28000,0.0,0.0
2025-01-30 00:00:00-05:00,41.204370231750595,41.677192515220845,41.161386984055405,41.402095794677734,25100,0.0,0.0
2025-01-31 00:00:00-05:00,41.513859911641575,42.11563529080432,41.28174641056115,41.496665954589844,20800,0.0,0.0
2025-02-03 00:00:00-05:00,40.71435336385756,42.28756250517774,40.559611051017995,42.081241607666016,33100,0.0,0.0
2025-02-04 00:00:00-05:00,42.12422720100016,42.717403913650514,41.96088954142124,42.15861511230469,25100,0.0,0.0
2025-02-05 00:00:00-05:00,42.3047668574485,42.95812417877667,42.235994301179,42.261783599853516,23300,0.0,0.0
2025-02-06 00:00:00-05:00,42.76899201693281,42.76899201693281,42.150022640843694,42.235992431640625,18700,0.0,0.0
2025-02-07 00:00:00-05:00,42.50248319852905,42.536871108871914,41.73737023016423,42.227386474609375,16200,0.0,0.0
2025-02-10 00:00:00-05:00,42.33055108201894,43.35356684031177,41.737371094264425,42.38212966918945,22600,0.0,0.0
2025-02-11 00:00:00-05:00,42.44231293192721,43.41375024170979,42.347747802734375,42.347747802734375,16100,0.0,0.0
2025-02-12 00:00:00-05:00,42.34774618950331,42.726006691864896,42.124231303081324,42.150020599365234,23900,0.0,0.0
2025-02-13 00:00:00-05:00,43.671648494856484,43.671648494856484,42.20159967467588,42.579856872558594,19500,0.0,0.0
2025-02-14 00:00:00-05:00,42.9839082786063,43.62007156407093,42.59705244821646,42.777584075927734,32600,0.0,0.0
2025-02-18 00:00:00-05:00,43.019468428426315,43.2888300673513,42.64584247258722,43.15849304199219,36400,0.528376,0.0
2025-02-19 00:00:00-05:00,43.175868471817324,43.40178552447436,42.79355164026974,43.02815628051758,15300,0.0,0.0
2025-02-20 00:00:00-05:00,42.819623869408076,42.819623869408076,41.92465306161718,42.37648391723633,23800,0.0,0.0
2025-02-21 00:00:00-05:00,42.37647987561178,42.56763995792119,41.10787989117774,41.33379364013672,18100,0.0,0.0
2025-02-24 00:00:00-05:00,41.768245192343926,41.837759153578425,40.19552662279838,40.85589599609375,35000,0.0,0.0
2025-02-25 00:00:00-05:00,41.377248208250485,41.377248208250485,39.28318764325858,40.09996032714844,60300,0.0,0.0
2025-02-26 00:00:00-05:00,40.40407027463691,41.22953043779313,40.3693132896473,40.46489334106445,18800,0.0,0.0
2025-02-27 00:00:00-05:00,41.020991584103825,41.40331178736448,40.360625446503114,40.49095916748047,36800,0.0,0.0
2025-02-28 00:00:00-05:00,40.62129059683537,41.5249521885062,39.89141059042556,41.44675064086914,51500,0.0,0.0
2025-03-03 00:00:00-05:00,42.2809032279385,42.576330963124114,40.977546157638784,41.18608474731445,104100,0.0,0.0
2025-03-04 00:00:00-05:00,40.9775431342845,41.35117239870578,40.41275378631517,40.89934158325195,64900,0.0,0.0
2025-03-05 00:00:00-05:00,40.760313669997736,41.168699882819226,39.891409090961666,40.74293518066406,63900,0.0,0.0
2025-03-06 00:00:00-05:00,40.621288692477904,40.74293480207534,38.388204210273955,38.73576736450195,67700,0.0,0.0
2025-03-07 00:00:00-05:00,37.92768907213921,40.47357994662395,37.7625950682746,39.500404357910156,58800,0.0,0.0
2025-03-10 00:00:00-04:00,39.11809010358679,41.39461949600475,38.857419355763234,41.34248733520508,101600,0.0,0.0
2025-03-11 00:00:00-04:00,41.27297613237558,41.551025390625,40.508339014885365,41.551025390625,66600,0.0,0.0
2025-03-12 00:00:00-04:00,41.55101725880631,41.829066462639595,40.79507119304756,41.6552848815918,43600,0.0,0.0
2025-03-13 00:00:00-04:00,42.38517160197286,42.57633170294652,41.03836993551563,41.611846923828125,38700,0.0,0.0
2025-03-14 00:00:00-04:00,42.341723136204735,42.5676402010623,41.19476926501336,41.96809387207031,50900,0.0,0.0
2025-03-17 00:00:00-04:00,42.203866622544474,42.520132597851756,41.430772388601035,42.212650299072266,59300,0.528376,0.0
2025-03-18 00:00:00-04:00,42.57284404343416,42.73097704105682,41.29021270828981,41.54498291015625,50600,0.0,0.0
2025-03-19 00:00:00-04:00,41.84368039743848,42.0105970809085,41.290214876693284,41.78218460083008,48700,0.0,0.0
2025-03-20 00:00:00-04:00,41.50984516793039,42.03695297241211,41.50984516793039,42.03695297241211,27900,0.0,0.0
2025-03-21 00:00:00-04:00,41.64161964708024,42.159943722077806,41.36927874283767,41.826107025146484,38400,0.0,0.0
2025-03-24 00:00:00-04:00,42.61676792608003,42.61676792608003,41.94909789487713,42.370784759521484,51500,0.0,0.0
2025-03-25 00:00:00-04:00,42.34442590975978,43.0999493859208,42.045730659911676,42.91545867919922,35800,0.0,0.0
2025-03-26 00:00:00-04:00,43.310795904383724,43.310795904383724,41.73825299321091,42.353214263916016,37400,0.0,0.0
2025-03-27 00:00:00-04:00,42.43228101635669,42.43228101635669,41.74704027270581,42.08966064453125,36800,0.0,0.0
2025-03-28 00:00:00-04:00,41.75582519582365,42.247794900286294,40.9212384605796,41.64162063598633,54600,0.0,0.0
2025-03-31 00:00:00-04:00,41.55376958443083,42.04573931821609,41.070586879630284,41.33414077758789,74500,0.0,0.0
2025-04-01 00:00:00-04:00,41.54498370584927,41.54498370584927,40.701609936555236,41.09693908691406,44000,0.0,0.0
2025-04-02 00:00:00-04:00,41.11450641329375,42.43227907622797,41.11450641329375,42.212650299072266,37500,0.0,0.0
2025-04-03 00:00:00-04:00,41.26385468668009,41.9578790580736,40.45561906441335,40.903663635253906,62400,0.0,0.0
2025-04-04 00:00:00-04:00,39.8845848390198,39.9548643007626,36.08061304211647,36.29145812988281,124400,0.0,0.0
2025-04-07 00:00:00-04:00,33.269369769168925,35.31631179891725,30.941306494085925,33.374794006347656,129100,0.0,0.0
2025-04-08 00:00:00-04:00,34.92098522132497,36.897644762154684,33.44507916273717,33.4977912902832,59000,0.0,0.0
2025-04-09 00:00:00-04:00,32.58412742317087,36.41445405752882,32.58412742317087,36.106971740722656,95000,0.0,0.0
2025-04-10 00:00:00-04:00,36.03669801895733,37.222692333804964,34.745279455163754,36.36174774169922,39500,0.0,0.0
2025-04-11 00:00:00-04:00,35.64136331887273,36.84492826945373,35.06154338964023,35.74678421020508,52700,0.0,0.0
2025-04-14 00:00:00-04:00,35.79950081579959,37.46868133544922,35.75557571818147,37.46868133544922,48500,0.0,0.0
2025-04-15 00:00:00-04:00,37.502810835424306,37.71630081598172,36.91571763052657,37.129207611083984,36900,0.528376,0.0
2025-04-16 00:00:00-04:00,36.70222388446504,37.04024823845592,36.3375145581328,36.559898376464844,49800,0.0,0.0
2025-04-17 00:00:00-04:00,36.93350200964282,37.57396844120838,36.631059905104365,37.27152633666992,51600,0.0,0.0
2025-04-21 00:00:00-04:00,36.91571473268284,37.02245801792825,34.95873640554169,35.421295166015625,43100,0.0,0.0
2025-04-22 00:00:00-04:00,36.204087043256095,36.66664580203999,36.132922591147256,36.28414535522461,26200,0.0,0.0
2025-04-23 00:00:00-04:00,37.28042389908288,37.93868150728419,37.00466673736338,37.5650749206543,38800,0.0,0.0
2025-04-24 00:00:00-04:00,37.72518759329852,38.93495600492571,37.60954706748806,38.721466064453125,28200,0.0,0.0
2025-04-25 00:00:00-04:00,38.89048835412289,39.326358795166016,38.605837300659715,39.326358795166016,33200,0.0,0.0
2025-04-28 00:00:00-04:00,39.32635526765893,40.32263725872345,39.31746140760832,39.97571563720703,28600,0.0,0.0
2025-04-29 00:00:00-04:00,40.5983968332371,40.60729408786671,39.38862809504952,40.02909469604492,47800,0.0,0.0
2025-04-30 00:00:00-04:00,39.90454965599045,39.90454965599045,38.05431480929899,39.24629211425781,44200,0.0,0.0
2025-05-01 00:00:00-04:00,39.75333467876381,40.402695095179695,39.29077587666451,39.77112579345703,29300,0.0,0.0
2025-05-02 00:00:00-04:00,39.993515254923075,40.90973912712821,39.717761421714265,40.28706359863281,35000,0.0,0.0
2025-05-05 00:00:00-04:00,40.78518993008162,40.78518993008162,39.744435314457895,39.94902801513672,28900,0.0,0.0
2025-05-06 00:00:00-04:00,40.029092731382036,41.05205979184065,39.86897608899185,40.43827819824219,25900,0.0,0.0
2025-05-07 00:00:00-04:00,40.829667072420236,41.301119642967095,40.51832771616811,40.57170104980469,32700,0.0,0.0
2025-05-08 00:00:00-04:00,41.754783515076596,41.754783515076596,40.79408720725743,41.229957580566406,19200,0.0,0.0
2025-05-09 00:00:00-04:00,41.541299310063486,41.541299310063486,40.60728792099547,41.06984329223633,27800,0.0,0.0
2025-05-12 00:00:00-04:00,41.959378964058295,42.74217098736035,41.58577576246671,42.35077667236328,44100,0.0,0.0
2025-05-13 00:00:00-04:00,43.178049600529796,43.960838317871094,42.69769966490561,43.960838317871094,53600,0.0,0.0
2025-05-14 00:00:00-04:00,44.07647422178621,44.07647422178621,42.7243801344948,43.46269607543945,24600,0.0,0.0
2025-05-15 00:00:00-04:00,43.38929648948829,43.60512040627524,42.552984386346594,42.60694122314453,48800,0.528376,0.0
2025-05-16 00:00:00-04:00,43.074553305036076,43.083544395226546,42.11234542564431,42.400108337402344,49500,0.0,0.0
2025-05-19 00:00:00-04:00,42.0943592858402,42.71484741331966,42.0943592858402,42.70585632324219,16500,0.0,0.0
2025-05-20 00:00:00-04:00,42.46305283773826,42.831749253114296,42.40909600973047,42.62491989135742,18100,0.0,0.0
2025-05-21 00:00:00-04:00,42.624925275104154,42.81376905137703,41.80659881418368,41.815589904785156,17400,0.0,0.0
2025-05-22 00:00:00-04:00,41.79760378220756,41.860551706862324,40.97927733129102,41.26704025268555,26500,0.0,0.0
2025-05-23 00:00:00-04:00,40.664535007586686,41.78860991663847,40.53863916663759,41.50983810424805,21900,0.0,0.0
2025-05-27 00:00:00-04:00,42.40909674642403,42.49902136426155,41.85155656894196,42.220252990722656,29400,0.0,0.0
2025-05-28 00:00:00-04:00,42.445071638724585,42.47204834032943,42.26521895708162,42.43607711791992,24300,0.0,0.0
2025-05-29 00:00:00-04:00,42.44507264200648,42.44507264200648,41.815589956579196,42.24723434448242,27100,0.0,0.0
2025-05-30 00:00:00-04:00,42.40909736406397,42.436074063727254,42.02241532700332,42.34614944458008,21700,0.0,0.0
2025-06-02 00:00:00-04:00,42.229247341203425,43.25440315749054,42.17529393849645,43.06555938720703,35500,0.0,0.0
2025-06-03 00:00:00-04:00,43.119519152569474,44.01877918315318,43.119519152569474,43.57814025878906,39900,0.0,0.0
2025-06-04 00:00:00-04:00,43.955829938505374,44.50437908959138,43.497205415621636,43.749000549316406,44200,0.0,0.0
2025-06-05 00:00:00-04:00,43.740002524993734,44.243589321644926,43.7310114350555,44.081722259521484,32500,0.0,0.0
2025-06-06 00:00:00-04:00,44.08172142016443,44.58530820722686,43.704030472266524,44.054744720458984,25400,0.0,0.0
2025-06-09 00:00:00-04:00,44.16265831852698,44.50437807261534,43.389294184202875,43.937843322753906,23600,0.0,0.0
2025-06-10 00:00:00-04:00,43.93784924311453,44.495389547243654,43.80295885531318,44.108707427978516,29100,0.0,0.0
2025-06-11 00:00:00-04:00,43.865896554409794,44.45041685797557,43.74899523802005,44.243587493896484,32700,0.0,0.0
2025-06-12 00:00:00-04:00,44.288550513804964,44.86407630664251,44.0277643169241,44.80112838745117,28700,0.0,0.0
2025-06-13 00:00:00-04:00,44.873072890927496,46.230953906466084,44.58530998127157,44.85508728027344,50000,0.0,0.0
2025-06-16 00:00:00-04:00,45.02630223995789,45.762499135655546,44.5082364736774,44.78998947143555,32900,0.528376,0.0
2025-06-17 00:00:00-04:00,45.444392375496435,45.444392375496435,44.09014795716857,44.51732635498047,28800,0.0,0.0
2025-06-18 00:00:00-04:00,44.51732014706428,44.88996397389309,43.85383252696086,44.31736373901367,30000,0.0,0.0
2025-06-20 00:00:00-04:00,44.04469319600249,44.82633710328532,43.85382762807467,44.33553695678711,33000,0.0,0.0
2025-06-23 00:00:00-04:00,44.39007716505245,44.49005537075379,43.64478949890084,44.30827713012695,27600,0.0,0.0
2025-06-24 00:00:00-04:00,44.380991060704474,44.853609645634556,44.09923460645661,44.52641296386719,23900,0.0,0.0
2025-06-25 00:00:00-04:00,44.699100577892914,44.699100577892914,43.82656915525662,44.10832214355469,30000,0.0,0.0
2025-06-26 00:00:00-04:00,44.34463210578321,44.953585205924945,44.226475732945474,44.56276321411133,29500,0.0,0.0
2025-06-27 00:00:00-04:00,44.59003440621727,45.20807835557056,44.59003440621727,45.1171875,23200,0.0,0.0
2025-06-30 00:00:00-04:00,45.44438377810827,46.33509328410343,45.008118109894184,45.70796203613281,54200,0.0,0.0
2025-07-01 00:00:00-04:00,45.80794424375962,45.80794424375962,44.80816563287354,45.35350036621094,58200,0.0,0.0
2025-07-02 00:00:00-04:00,45.83887178027106,45.83887178027106,44.92025714342584,45.52654266357422,21500,0.528376,0.0
2025-07-03 00:00:00-04:00,46.33492089612697,46.33492089612697,45.24177074275119,45.737823486328125,25400,0.0,0.0
2025-07-07 00:00:00-04:00,45.73782204880755,45.92154567075466,45.140721153538614,45.48979568481445,26400,0.0,0.0
2025-07-08 00:00:00-04:00,45.333632950189624,45.70108022302428,45.067237356833246,45.25095748901367,26500,0.0,0.0
2025-07-09 00:00:00-04:00,45.81131376530842,45.81131376530842,45.33363370437132,45.600032806396484,18000,0.0,0.0
2025-07-10 00:00:00-04:00,45.15909498897845,45.85724056465198,45.15909498897845,45.4714241027832,27600,0.0,0.0
2025-07-11 00:00:00-04:00,44.32315623161336,45.177468124292204,43.25756339295026,44.86513900756836,70000,0.0,0.0
2025-07-14 00:00:00-04:00,44.92025584183964,45.443865889330624,44.332339547734996,45.06723403930664,72400,0.0,0.0
2025-07-15 00:00:00-04:00,45.36118952417856,45.60002777618199,44.72734321312644,44.929439544677734,98800,0.0,0.0
2025-07-16 00:00:00-04:00,45.01212128527479,45.370380465438835,44.58037124546833,44.70897674560547,157700,0.0,0.0
2025-07-17 00:00:00-04:00,45.17747034998358,45.4163086254863,44.55281208576178,44.800838470458984,70300,0.0,0.0
2025-07-18 00:00:00-04:00,45.00293070363479,45.3979317569276,44.69060160010541,45.195838928222656,46500,0.0,0.0
2025-07-21 00:00:00-04:00,43.66174956469889,43.98326676802175,42.485924031769905,42.99116134643555,137300,0.0,0.0
2025-07-22 00:00:00-04:00,43.037099374734076,43.45047671057389,42.66965557950537,43.01873016357422,52800,0.0,0.0
2025-07-23 00:00:00-04:00,43.56070759474102,43.579080309334984,43.220821135345204,43.37698745727539,40500,0.0,0.0
2025-07-24 00:00:00-04:00,43.60663941649288,44.54362679847255,43.58826670262228,44.21292495727539,76200,0.0,0.0
2025-07-25 00:00:00-04:00,44.405827970474675,45.2785125033201,44.27722249275278,44.89269256591797,36700,0.0,0.0
2025-07-28 00:00:00-04:00,45.287699291060434,45.7470065932096,44.635483763025405,45.728633880615234,50800,0.0,0.0
2025-07-29 00:00:00-04:00,45.884804110383854,46.380856880152464,45.728637792092144,46.17876052856445,36500,0.0,0.0
2025-07-30 00:00:00-04:00,46.23387359161025,47.308650970458984,46.23387359161025,47.308650970458984,57100,0.0,0.0
2025-07-31 00:00:00-04:00,47.3086553174214,49.03565187136019,47.23516446207909,48.76925277709961,69300,0.0,0.0
2025-08-01 00:00:00-04:00,48.78762280116837,48.851925543929305,47.584236393059804,47.82307815551758,60100,0.0,0.0
2025-08-04 00:00:00-04:00,47.878771848744925,47.878771848744925,46.969090664721044,47.340389251708984,25600,0.54,0.0
2025-08-05 00:00:00-04:00,46.84842673017512,47.423936415744045,45.112609719286326,45.19615173339844,57800,0.0,0.0
2025-08-06 00:00:00-04:00,45.112608593220905,45.48390721133249,44.56494507903765,44.64848709106445,53800,0.0,0.0
2025-08-07 00:00:00-04:00,44.137950436288975,45.19614680569049,43.683113385353955,43.6923942565918,96800,0.0,0.0
2025-08-08 00:00:00-04:00,43.41392755339003,44.18436743790829,43.41392755339003,43.9058952331543,64600,0.0,0.0
2025-08-11 00:00:00-04:00,43.90589465836807,44.37001617387083,43.90589465836807,44.063697814941406,45100,0.0,0.0
2025-08-12 00:00:00-04:00,42.754870857337465,43.72952523081429,42.48567955637778,43.441768646240234,158500,0.0,0.0
2025-08-13 00:00:00-04:00,43.72024154663086,43.840914121651025,43.54387666080588,43.72024154663086,40900,0.0,0.0
2025-08-14 00:00:00-04:00,43.67383064842218,43.67383064842218,43.163297727579476,43.20970916748047,42300,0.0,0.0
2025-08-15 00:00:00-04:00,43.47890275315088,43.47890275315088,42.8198510655324,42.91267395019531,29800,0.0,0.0
2025-08-18 00:00:00-04:00,42.96836754476037,43.32109732069316,42.70845710764066,43.03334426879883,31300,0.0,0.0
2025-08-19 00:00:00-04:00,43.33037758882682,43.33037758882682,42.606349281097565,42.856971740722656,30700,0.0,0.0
2025-08-20 00:00:00-04:00,42.69918390068974,43.14474017734617,42.318604359735296,42.3371696472168,46900,0.0,0.0
2025-08-21 00:00:00-04:00,42.04940878283653,42.78272163041485,41.81734802405601,42.587791442871094,158500,0.0,0.0
2025-08-22 00:00:00-04:00,42.986932255750496,43.19114329673459,42.60635278818569,42.847694396972656,46700,0.0,0.0
2025-08-25 00:00:00-04:00,43.098319159091474,43.61813647024784,43.07047300453576,43.07975387573242,55200,0.0,0.0
2025-08-26 00:00:00-04:00,43.033343164269496,43.441768782166214,43.033343164269496,43.35822677612305,39300,0.0,0.0
2025-08-27 00:00:00-04:00,43.469620744257114,43.74809293192935,43.36751344921857,43.58100891113281,45700,0.0,0.0
2025-08-28 00:00:00-04:00,44.09154355604041,44.12867412676158,43.66455261564537,43.97087097167969,42500,0.0,0.0
2025-08-29 00:00:00-04:00,44.212215996810116,44.4999690665493,43.423207305895396,43.701683044433594,53100,0.0,0.0
2025-09-02 00:00:00-04:00,43.62741978283235,43.65526593894633,43.02406043327914,43.39535903930664,70300,0.0,0.0
2025-09-03 00:00:00-04:00,43.571722928291045,43.581007340759626,43.23755843970505,43.28396987915039,36800,0.0,0.0
2025-09-04 00:00:00-04:00,43.534602409848056,43.66455587610974,43.36751837009264,43.60886001586914,32800,0.0,0.0
2025-09-05 00:00:00-04:00,43.6738313558182,43.6738313558182,42.51352763467018,43.13545227050781,75000,0.0,0.0
2025-09-08 00:00:00-04:00,43.16330267760668,43.30254055424354,42.838419020075726,43.061195373535156,55400,0.0,0.0
2025-09-09 00:00:00-04:00,43.06119043521775,43.618138336927345,43.024059866910605,43.20970916748047,25900,0.0,0.0
2025-09-10 00:00:00-04:00,43.228275459011996,44.13795315794069,43.228275459011996,44.01728057861328,61100,0.0,0.0
2025-09-11 00:00:00-04:00,44.1101058847858,44.70418081264029,44.100821472244775,44.50925064086914,39500,0.0,0.0
2025-09-12 00:00:00-04:00,44.815569419728206,45.10332601492704,44.53709723716225,44.95480728149414,39700,0.0,0.0
2025-09-15 00:00:00-04:00,44.74131308766807,45.483906775814695,44.74131308766807,45.2425651550293,59400,0.0,0.0
2025-09-16 00:00:00-04:00,45.054835098975026,45.28011084995,44.867105903268644,44.95158386230469,44900,0.54,0.0
2025-09-17 00:00:00-04:00,44.91403735042044,45.30826901984831,44.80140126514245,45.19563293457031,44200,0.0,0.0
2025-09-18 00:00:00-04:00,45.24256164320044,45.524153629938766,45.054832458496094,45.054832458496094,43200,0.0,0.0
2025-09-19 00:00:00-04:00,45.14869707208778,45.51477060823605,44.960971460487464,45.44906234741211,42000,0.0,0.0
2025-09-22 00:00:00-04:00,45.44906287451678,45.899614373365154,45.092381343830276,45.805747985839844,57900,0.0,0.0
2025-09-23 00:00:00-04:00,46.3219965971578,46.3219965971578,45.57108346478394,45.749427795410156,75900,0.0,0.0
2025-09-24 00:00:00-04:00,45.85267738874045,46.275067162584165,45.51476915030189,45.65556335449219,30900,0.0,0.0
2025-09-25 00:00:00-04:00,45.80575234291023,45.80575234291023,45.16747516957105,45.37397766113281,49300,0.0,0.0
2025-09-26 00:00:00-04:00,45.467834832205575,45.86206648709521,45.43029185892179,45.52415466308594,30600,0.0,0.0
2025-09-29 00:00:00-04:00,45.66494833237432,45.73065300549195,45.51476571087173,45.71187973022461,47700,0.0,0.0
2025-09-30 00:00:00-04:00,45.77758904255073,45.88084027666676,45.054833984375,45.75881576538086,39800,0.0,0.0
2025-10-01 00:00:00-04:00,45.72126824123427,46.115499892166376,45.627405438012374,46.07795333862305,33500,0.0,0.0
2025-10-02 00:00:00-04:00,46.096727816412375,46.33138841121746,46.012249859057086,46.30323028564453,40400,0.0,0.0
2025-10-03 00:00:00-04:00,46.40648169181113,46.93212275570427,46.40648169181113,46.72562026977539,46100,0.0,0.0
2025-10-06 00:00:00-04:00,46.922735910101046,46.95089403675258,46.45341470251332,46.575435638427734,32500,0.0,0.0
2025-10-07 00:00:00-04:00,46.6974593361888,47.06352929878672,46.36893592889236,46.52850341796875,58000,0.0,0.0
2025-10-08 00:00:00-04:00,46.6974557296455,47.119845492573575,46.68807088186323,46.950889587402344,36100,0.0,0.0
2025-10-09 00:00:00-04:00,47.166777715981425,47.40143830163307,46.697456544678126,46.99782180786133,37100,0.0,0.0
2025-10-10 00:00:00-04:00,46.93212176439661,47.29819174125703,46.11550384827439,46.25629806518555,42900,0.0,0.0
2025-10-13 00:00:00-04:00,46.48156842429033,47.194935016740615,46.48156842429033,46.950889587402344,55000,0.0,0.0
2025-10-14 00:00:00-04:00,46.93211542348666,47.04475149792488,46.218748844529614,46.659908294677734,59800,0.0,0.0
2025-10-15 00:00:00-04:00,46.72633901593867,47.8840565311378,46.72633901593867,47.077449798583984,33400,0.54,0.0
2025-10-16 00:00:00-04:00,47.11540991087724,47.27672981355201,45.89126247779412,46.20441436767578,48700,0.0,0.0
2025-10-17 00:00:00-04:00,46.03360594602553,46.55553182996216,45.55913050241794,45.84381866455078,35900,0.0,0.0
2025-10-20 00:00:00-04:00,46.11901265287251,46.96358200124756,46.11901265287251,46.30880355834961,57000,0.0,0.0
2025-10-21 00:00:00-04:00,46.375229832272524,46.688385369303795,46.090545284037105,46.30880355834961,53100,0.0,0.0
2025-10-22 00:00:00-04:00,46.318286026138864,46.963572806446734,44.695577540975414,45.9007453918457,66400,0.0,0.0
2025-10-23 00:00:00-04:00,45.87228260372257,46.204413941436165,45.41678664630389,45.89126205444336,48800,0.0,0.0
2025-10-24 00:00:00-04:00,45.94820081932255,46.44165572149124,45.89126608212335,46.261356353759766,28100,0.0,0.0
2025-10-27 00:00:00-04:00,46.498590692045724,46.783275217188674,46.413184972506826,46.7358283996582,33300,0.0,0.0
2025-10-28 00:00:00-04:00,46.83072147695621,47.06795918174314,46.45114332127318,46.849700927734375,38600,0.0,0.0
2025-10-29 00:00:00-04:00,46.87817215645906,47.55192637274995,46.87817215645906,47.219791412353516,45100,0.0,0.0
2025-10-30 00:00:00-04:00,46.878173064582676,47.42856267081932,46.83072262649247,46.88766098022461,37100,0.0,0.0
2025-10-31 00:00:00-04:00,47.447543150572734,47.60886305970376,47.05847344153645,47.51396942138672,30400,0.0,0.0
2025-11-03 00:00:00-05:00,47.52346271485346,48.27313117318925,47.08694255055366,48.13079071044922,53500,0.0,0.0
2025-11-04 00:00:00-05:00,48.064362221075555,48.064362221075555,46.982555206344024,47.039493560791016,43400,0.0,0.0
2025-11-05 00:00:00-05:00,47.40009843770572,47.93150862783155,47.30520117521152,47.7512092590332,37800,0.0,0.0
2025-11-06 00:00:00-05:00,47.969463432149915,48.13078695461907,46.95408634000445,47.219791412353516,56400,0.0,0.0
2025-11-07 00:00:00-05:00,47.580397567887275,47.580397567887275,46.47961466819798,46.9540901184082,59700,0.0,0.0
2025-11-10 00:00:00-05:00,47.542437937839715,47.82712609959137,47.162859755438085,47.55192947387695,27300,0.0,0.0
2025-11-11 00:00:00-05:00,47.978956575139094,47.978956575139094,47.2577518975127,47.73222732543945,43000,0.0,0.0
2025-11-12 00:00:00-05:00,47.741716168963315,48.064359586557664,47.28622021823482,47.60886001586914,38100,0.0,0.0
2025-11-13 00:00:00-05:00,47.81763240300688,48.00742329561253,46.87817309554719,47.15336608886719,48600,0.0,0.0
2025-11-14 00:00:00-05:00,47.058471228281995,47.058471228281995,46.17594667759142,46.5839958190918,62900,0.0,0.0
2025-11-17 00:00:00-05:00,47.20767539354333,47.20767539354333,46.07545851331554,46.57440185546875,49000,0.54,0.0
2025-11-18 00:00:00-05:00,46.305738180740576,46.58399568040137,45.413401349102294,45.89315414428711,62800,0.0,0.0
2025-11-19 00:00:00-05:00,45.8451760396222,46.57440233966707,45.77801094096325,46.459259033203125,35300,0.0,0.0
2025-11-20 00:00:00-05:00,47.23646275647438,47.81216834317162,45.75882317557547,45.941131591796875,53000,0.0,0.0
2025-11-21 00:00:00-05:00,45.960319242795116,47.10212957765459,45.864366487624146,45.89315414428711,26400,0.0,0.0
2025-11-24 00:00:00-05:00,46.037078582334786,46.248170987135744,45.816392731962615,45.969913482666016,63100,0.0,0.0
2025-11-25 00:00:00-05:00,45.96991403123719,46.468857392033115,45.758821623917214,46.104244232177734,31100,0.0,0.0
2025-11-26 00:00:00-05:00,46.104245891913514,47.48593637469594,46.104245891913514,47.38039016723633,30600,0.0,0.0
2025-11-28 00:00:00-05:00,47.90811859999011,48.311109226199356,47.50512431355719,48.27273178100586,30400,0.0,0.0
2025-12-01 00:00:00-05:00,48.608555427692394,48.608555427692394,47.821761098110684,48.24394226074219,39600,0.0,0.0
2025-12-02 00:00:00-05:00,48.48381867001036,48.550983771787564,47.88892619988789,48.24394226074219,58900,0.0,0.0
2025-12-03 00:00:00-05:00,48.570172337849634,48.771671295166016,48.0712289877455,48.771671295166016,52600,0.0,0.0
2025-12-04 00:00:00-05:00,48.46463073012173,49.08831089192263,48.46463073012173,48.97317123413086,71400,0.0,0.0
2025-12-05 00:00:00-05:00,48.78126053271404,49.88469333913708,48.55097759859841,49.70238494873047,73100,0.0,0.0
2025-12-08 00:00:00-05:00,49.72157853570276,49.759959637103876,48.49341257265336,48.627742767333984,49200,0.0,0.0
2025-12-09 00:00:00-05:00,48.627746122698724,48.627746122698724,47.3228178668057,47.49552917480469,72000,0.0,0.0
2025-12-10 00:00:00-05:00,47.90811461216857,47.90811461216857,47.246057069837924,47.33241271972656,47700,0.0,0.0
2025-12-11 00:00:00-05:00,47.15970275519699,47.7162141122845,47.09253765451787,47.54350280761719,31900,0.0,0.0
2025-12-12 00:00:00-05:00,47.735403414184745,47.927305265482424,47.35159971158939,47.89851760864258,47900,0.0,0.0
2025-12-15 00:00:00-05:00,48.50961517677152,48.50961517677152,47.78211642444876,47.888816833496094,44300,0.54,0.0
2025-12-16 00:00:00-05:00,48.03432093840596,48.03432093840596,46.76362170955432,47.01582336425781,39500,0.0,0.0
2025-12-17 00:00:00-05:00,47.40382006857383,47.52992089477287,46.55992250916526,47.238922119140625,44700,0.0,0.0
2025-12-18 00:00:00-05:00,47.161320441597105,47.52992086395909,46.92852290134231,47.4038200378418,40200,0.0,0.0
2025-12-19 00:00:00-05:00,47.75301856470328,47.85971897577561,47.35531938722922,47.77241897583008,43800,0.0,0.0
2025-12-22 00:00:00-05:00,47.96642387255333,48.499922277556365,47.80152221267942,48.1798210144043,46000,0.0,0.0
2025-12-23 00:00:00-05:00,48.40291774447419,48.432016510052144,48.01491693560167,48.335018157958984,45500,0.0,0.0
2025-12-24 00:00:00-05:00,48.67451767651665,49.198317675486756,48.373816854830096,48.790916442871094,23000,0.0,0.0
2025-12-26 00:00:00-05:00,48.98491742817313,49.178917841206015,48.80061907092944,49.06251907348633,27300,0.0,0.0
2025-12-29 00:00:00-05:00,49.50871969508055,49.50871969508055,49.08191802685985,49.26622009277344,41800,0.0,0.0
2025-12-30 00:00:00-05:00,49.469916387833834,49.75121680045213,49.28561803142017,49.5863151550293,44600,0.0,0.0
2025-12-31 00:00:00-05:00,49.70271709429776,49.70271709429776,48.548416689354674,48.98491668701172,48200,0.0,0.0
2026-01-02 00:00:00-05:00,49.71241347335734,49.71241347335734,48.994613094607686,49.2468147277832,64600,0.0,0.0
2026-01-05 00:00:00-05:00,49.68331536414062,49.8579153585677,48.81031539200521,49.159515380859375,79600,0.0,0.0
2026-01-06 00:00:00-05:00,49.51841356350499,49.64451438134701,48.98491522682716,49.353515625,48000,0.0,0.0
2026-01-07 00:00:00-05:00,49.557216984995996,49.68331780945531,48.984917797373114,49.16921615600586,28500,0.0,0.0
2026-01-08 00:00:00-05:00,49.343816643925656,49.36321705559082,49.09161869277882,49.275917053222656,32800,0.0,0.0
2026-01-09 00:00:00-05:00,49.45051388188493,49.56691264414978,48.98491513257559,49.18861389160156,57000,0.0,0.0
2026-01-12 00:00:00-05:00,49.372916524423125,49.499013643264,48.98491571195124,49.4602165222168,25800,0.0,0.0
2026-01-13 00:00:00-05:00,49.27591444989412,49.62511444091797,49.27591444989412,49.62511444091797,53100,0.0,0.0
2026-01-14 00:00:00-05:00,49.62511558012536,49.64451599121094,49.4796143471086,49.64451599121094,35200,0.0,0.0
2026-01-15 00:00:00-05:00,49.71241720356305,49.90641762050504,49.46991760744811,49.7706184387207,30600,0.0,0.0
2026-01-16 00:00:00-05:00,49.486325898939675,49.701996505211575,49.33928081797807,49.574554443359375,27400,0.54,0.0
2026-01-20 00:00:00-05:00,49.32947429188595,49.91766207972037,48.79030152976994,48.86872482299805,59500,0.0,0.0
2026-01-21 00:00:00-05:00,49.064788779692364,49.319672897392216,48.90793845326428,48.966758728027344,29400,0.0,0.0
2026-01-22 00:00:00-05:00,49.01577519676804,49.13341201015036,48.81971134805959,48.858924865722656,39600,0.0,0.0
2026-01-23 00:00:00-05:00,48.868721106566746,49.16281871772479,48.77069106258504,48.91773986816406,35300,0.0,0.0
2026-01-26 00:00:00-05:00,48.94714813343728,49.16281871772479,48.868721106566746,48.91773986816406,30700,0.0,0.0
2026-01-27 00:00:00-05:00,49.01577537869278,49.309869283043554,48.868726556713945,49.153018951416016,40200,0.0,0.0
2026-01-28 00:00:00-05:00,49.01577169219859,49.44710913683156,49.01577169219859,49.25104904174805,23000,0.0,0.0
2026-01-29 00:00:00-05:00,49.28045570984769,49.69218638369792,49.01577010254119,49.162818908691406,37100,0.0,0.0
2026-01-30 00:00:00-05:00,49.13340885685331,49.86864543761862,49.13340885685331,49.741207122802734,46500,0.0,0.0
2026-02-02 00:00:00-05:00,49.75101248172843,49.99609136094877,49.57455538952124,49.83924102783203,52000,0.0,0.0
2026-02-03 00:00:00-05:00,49.849043322274305,50.46664315472146,49.81963505297915,49.858848571777344,58900,0.0,0.0
2026-02-04 00:00:00-05:00,50.17254717207423,50.466641071708004,49.751011211409995,50.19215393066406,51100,0.0,0.0
2026-02-05 00:00:00-05:00,50.19215301168222,50.37841160546509,49.800025326278885,50.02549743652344,44800,0.0,0.0
2026-02-06 00:00:00-05:00,50.299989270101634,50.48624786743176,50.192153967581675,50.290184020996094,42100,0.0,0.0
2026-02-09 00:00:00-05:00,50.36861090503374,51.584200018013334,50.30979062939661,51.152862548828125,76100,0.0,0.0
2026-02-10 00:00:00-05:00,51.19207674387687,52.19199900530964,51.19207674387687,52.182193756103516,48000,0.0,0.0
2026-02-11 00:00:00-05:00,52.152784182451015,52.74097197346391,52.12337217517563,52.437076568603516,61700,0.0,0.0
2026-02-12 00:00:00-05:00,52.77038342407465,53.07427882572931,52.55471282449517,52.809593200683594,52400,0.0,0.0
2026-02-13 00:00:00-05:00,52.93703335572375,53.79971198342539,52.466482396870106,53.289947509765625,61400,0.0,0.0
2026-02-17 00:00:00-05:00,53.85433589979229,53.85433589979229,53.15132928804718,53.527587890625,38100,0.54,0.0
2026-02-18 00:00:00-05:00,53.46817438502093,53.82462948526151,53.16122609822982,53.29985046386719,43100,0.0,0.0
2026-02-19 00:00:00-05:00,53.84443327641907,54.33950896802281,53.43847136038911,53.458274841308594,23400,0.0,0.0
2026-02-20 00:00:00-05:00,53.71571380445768,54.319706766783746,53.71571380445768,53.87413787841797,27900,0.0,0.0
2026-02-23 00:00:00-05:00,53.864238787554434,54.26029708948874,53.468176708492216,53.64640426635742,45100,0.0,0.0
2026-02-24 00:00:00-05:00,53.64640415664516,54.07216956877154,53.64640415664516,53.97315216064453,25600,0.0,0.0
2026-02-25 00:00:00-05:00,54.07216893801112,54.1909860492496,53.43847264190204,53.765220642089844,58900,0.0,0.0
2026-02-26 00:00:00-05:00,53.765220642089844,54.16128271572195,53.171131308769546,53.765220642089844,35000,0.0,0.0
2026-02-27 00:00:00-05:00,53.181029483652715,53.76521894641529,53.181029483652715,53.6265983581543,32500,0.0,0.0
2026-03-02 00:00:00-05:00,53.76522219971394,54.65636000263927,53.60679812109699,54.448429107666016,41600,0.0,0.0
2026-03-03 00:00:00-05:00,54.458327382382095,55.092023678491174,53.131524345980765,53.765220642089844,73100,0.0,0.0
2026-03-04 00:00:00-05:00,53.715715655574094,53.77512610177951,53.240443417314694,53.468177795410156,38200,0.0,0.0
2026-03-05 00:00:00-05:00,54.43852447640984,54.43852447640984,51.79482200492403,53.05231475830078,50300,0.0,0.0
2026-03-06 00:00:00-05:00,52.9830000143051,53.18103105071083,51.5967903137207,51.5967903137207,40200,0.0,0.0
2026-03-09 00:00:00-04:00,51.161119456083014,51.695802102197234,50.29968882209525,50.53732681274414,79600,0.0,0.0
2026-03-10 00:00:00-04:00,50.54722890526437,52.804776696558996,50.54722890526437,52.458221435546875,59400,0.0,0.0
2026-03-11 00:00:00-04:00,52.84437860812272,53.61669926049805,52.57703727966138,53.39886474609375,34600,0.0,0.0
2026-03-12 00:00:00-04:00,53.240439964524285,53.93354668345901,52.923591826233164,53.40876388549805,31400,0.0,0.0
2026-03-13 00:00:00-04:00,53.428570266429006,54.705866517882114,53.428570266429006,54.29000473022461,50900,0.0,0.0
2026-03-16 00:00:00-04:00,54.290000915527344,54.81999969482422,53.56999969482422,54.45000076293945,37300,0.54,0.0
2026-03-17 00:00:00-04:00,54.939998626708984,55.79999923706055,54.459999084472656,55.04999923706055,35600,0.0,0.0
2026-03-18 00:00:00-04:00,55.11000061035156,56.900001525878906,55.060001373291016,56.29999923706055,85100,0.0,0.0
2026-03-19 00:00:00-04:00,56.630001068115234,56.79999923706055,55.349998474121094,56.41999816894531,91100,0.0,0.0
2026-03-20 00:00:00-04:00,55.880001068115234,57.0,55.0,55.349998474121094,29900,0.0,0.0
2026-03-23 00:00:00-04:00,55.369998931884766,56.2599983215332,55.0,56.08000183105469,39000,0.0,0.0
2026-03-24 00:00:00-04:00,55.70000076293945,56.720001220703125,55.4900016784668,56.52000045776367,31600,0.0,0.0
2026-03-25 00:00:00-04:00,56.619998931884766,56.91999816894531,56.060001373291016,56.529998779296875,22400,0.0,0.0
2026-03-26 00:00:00-04:00,56.72999954223633,57.04999923706055,55.0,56.5,18028,0.0,0.0
