Date,Open,High,Low,Close,Volume,Dividends,Stock Splits
2022-01-03 00:00:00-05:00,14.18008283755851,14.362533720405143,14.18008283755851,14.260361671447754,3418400,0.0,0.0
2022-01-04 00:00:00-05:00,14.52309013575143,14.887991904951164,14.52309013575143,14.807714462280273,5776600,0.0,0.0
2022-01-05 00:00:00-05:00,15.158018289759577,15.355065559226313,14.807712960922917,14.85879898071289,8238600,0.0,0.0
2022-01-06 00:00:00-05:00,15.201807137885034,15.303979184387783,15.019356259421704,15.230999946594238,5817400,0.0,0.0
2022-01-07 00:00:00-05:00,14.917182922363281,15.019354960026646,14.771221675424519,14.917182922363281,4807800,0.0,0.0
2022-01-10 00:00:00-05:00,14.946374593073658,15.019355217795566,14.712837707555263,14.990163803100586,3172400,0.0,0.0
2022-01-11 00:00:00-05:00,14.880694061777794,15.07774135598031,14.785820211970925,15.070443153381348,2707800,0.0,0.0
2022-01-12 00:00:00-05:00,15.223700225703254,15.442640701221892,15.209103822804785,15.41344928741455,3535700,0.0,0.0
2022-01-13 00:00:00-05:00,15.756458282470703,15.99729339105544,15.705372258223905,15.756458282470703,4540700,0.0,0.0
2022-01-14 00:00:00-05:00,15.610495785139321,15.895120085124946,15.581304370160332,15.880523681640625,3958300,0.0,0.0
2022-01-18 00:00:00-05:00,15.82214071135652,15.938909164489132,15.734563675512177,15.756458282470703,4524000,0.0,0.0
2022-01-19 00:00:00-05:00,15.989994368445073,15.989994368445073,15.646987228963095,15.654285430908203,4066700,0.0,0.0
2022-01-20 00:00:00-05:00,15.362362639386395,15.559409912322309,14.975567687315523,15.012057304382324,8798500,0.0,0.0
2022-01-21 00:00:00-05:00,14.968270352587796,15.019356376236498,14.720137044588602,14.771223068237305,6406400,0.0,0.0
2022-01-24 00:00:00-05:00,14.1071006152215,14.238465458775957,13.661920065840196,14.216570854187012,6586500,0.0,0.0
2022-01-25 00:00:00-05:00,13.66192026802413,13.895458544460212,13.472171201413978,13.720304489135742,6370500,0.0,0.0
2022-01-26 00:00:00-05:00,14.31144773237131,14.515791830806458,13.983035585615148,14.128996849060059,4680700,0.0,0.0
2022-01-27 00:00:00-05:00,14.413619508893714,14.4501091280697,13.99763172553261,14.121698379516602,5736900,0.0,0.0
2022-01-28 00:00:00-05:00,13.939247382357383,14.019524822266957,13.756796504033307,14.012228012084961,4881800,0.0,0.0
2022-01-31 00:00:00-05:00,13.793286106871033,14.085207233452325,13.734901881554775,14.077910423278809,3232600,0.0,0.0
2022-02-01 00:00:00-05:00,14.21657287444541,14.362534141801117,14.04871839137921,14.326043128967285,3156000,0.0,0.0
2022-02-02 00:00:00-05:00,14.493897992634242,14.544984015046996,14.37712954369374,14.523089408874512,2932100,0.0,0.0
2022-02-03 00:00:00-05:00,14.46470369630154,14.566875730615775,14.340637058067296,14.362531661987305,2875500,0.0,0.0
2022-02-04 00:00:00-05:00,13.800583825432497,13.975736495243549,13.632729357528948,13.866266250610352,4555200,0.0,0.0
2022-02-07 00:00:00-05:00,13.683814595096848,13.749497016512482,13.581642558223464,13.632728576660156,3765300,0.0,0.0
2022-02-08 00:00:00-05:00,13.588942622606503,13.78598852187661,13.508663787206588,13.764095306396484,2192300,0.0,0.0
2022-02-09 00:00:00-05:00,14.143590886243416,14.377129170044674,14.114399470761805,14.340638160705566,3226100,0.0,0.0
2022-02-10 00:00:00-05:00,13.953842580755325,14.304147902785262,13.90275516996838,13.93924617767334,3264200,0.0,0.0
2022-02-11 00:00:00-05:00,14.004928775910583,14.070611198617009,13.515960402423659,13.640027046203613,5084300,0.0,0.0
2022-02-14 00:00:00-05:00,13.508663615261876,13.574346044845806,13.326212731304244,13.428384780883789,3733800,0.0,0.0
2022-02-15 00:00:00-05:00,13.858968275537743,14.209273620893427,13.829776859419622,14.15088939666748,3296300,0.0,0.0
2022-02-16 00:00:00-05:00,14.143591413701838,14.399022920642718,14.121698199271584,14.35523509979248,2862900,0.0,0.0
2022-02-17 00:00:00-05:00,13.990333880021556,14.04141990496641,13.74220056572673,13.80058479309082,5092400,0.0,0.0
2022-02-18 00:00:00-05:00,13.844371390296446,13.946544823132902,13.69111332902625,13.793285369873047,2530900,0.0,0.0
2022-02-22 00:00:00-05:00,13.494066520956501,13.713008405712173,13.275126028190536,13.43568229675293,3449400,0.0,0.0
2022-02-23 00:00:00-05:00,14.391723955958481,14.49389738851502,13.953842986677747,13.99033260345459,5473600,0.0,0.0
2022-02-24 00:00:00-05:00,12.873732755581893,13.442979962865655,12.84454134063869,13.421085357666016,8624400,0.0,0.0
2022-02-25 00:00:00-05:00,13.60353759770321,14.004930381594884,13.58164438228407,13.975737571716309,4819000,0.0,0.0
2022-02-28 00:00:00-05:00,13.019693998609622,13.494065975072274,12.99779939342286,13.340807914733887,6488700,0.0,0.0
2022-03-01 00:00:00-05:00,12.917522145442675,12.954011762626035,12.165824060354291,12.275294303894043,9598100,0.0,0.0
2022-03-02 00:00:00-05:00,12.406659648686748,12.654792953019662,12.370170030045324,12.567215919494629,6477900,0.0,0.0
2022-03-03 00:00:00-05:00,12.486938314623622,12.516129730752006,11.983373510504203,12.01986312866211,5804300,0.0,0.0
2022-03-04 00:00:00-05:00,11.158695806676914,11.20978183042135,10.81568795697671,10.976244926452637,11139500,0.0,0.0
2022-03-07 00:00:00-05:00,10.706217779180845,10.830284434246611,10.042096682061079,10.063990592956543,8200100,0.0,0.0
2022-03-08 00:00:00-05:00,10.509170818769734,10.859476883926005,10.136971538034501,10.450786590576172,9830100,0.0,0.0
2022-03-09 00:00:00-05:00,11.538193142405973,11.852008160562278,11.377636184468788,11.654961585998535,9340900,0.0,0.0
2022-03-10 00:00:00-05:00,10.954351032818773,11.144100115587243,10.742708039267747,10.910562515258789,6728900,0.0,0.0
2022-03-11 00:00:00-05:00,11.005437393875024,11.085715533200881,10.633237419192161,10.647833824157715,5814700,0.0,0.0
2022-03-14 00:00:00-04:00,11.085714748832556,11.33384804773116,10.976244503316043,11.063820838928223,6297900,0.0,0.0
2022-03-15 00:00:00-04:00,11.246271804526378,11.450616589300509,11.107609445999788,11.304656028747559,6631700,0.0,0.0
2022-03-16 00:00:00-04:00,11.793624663932023,12.231507050323456,11.771730057416045,12.158526420593262,10093100,0.0,0.0
2022-03-17 00:00:00-04:00,11.720643672251592,11.976075172424315,11.669557650614985,11.976075172424316,4505500,0.0,0.0
2022-03-18 00:00:00-04:00,11.501703600289872,11.939585989090782,11.479808993653418,11.895796775817871,5562600,0.0,0.0
2022-03-21 00:00:00-04:00,11.859307154159357,11.91769137985409,11.691452679285716,11.815519332885742,6803700,0.0,0.0
2022-03-22 00:00:00-04:00,11.961478919506993,12.10744017630219,11.86660507698291,11.954180717468262,4053100,0.0,0.0
2022-03-23 00:00:00-04:00,11.589280683148283,11.742539459471837,11.530896453691206,11.53819465637207,5711500,0.0,0.0
2022-03-24 00:00:00-04:00,11.545490658173579,11.698750110515611,11.472510728862181,11.662259101867676,4878100,0.0,0.0
2022-03-25 00:00:00-04:00,11.618471705364819,11.684154131326485,11.501703257430675,11.57468318939209,5781900,0.0,0.0
2022-03-28 00:00:00-04:00,11.662259920766761,11.720644146713425,11.545491468873431,11.6184720993042,4013600,0.0,0.0
2022-03-29 00:00:00-04:00,12.545321894141487,12.603706115387483,12.348274625440135,12.465043067932129,6224600,0.0,0.0
2022-03-30 00:00:00-04:00,12.340976438591548,12.370169245244389,12.216909794296257,12.253400802612305,3463500,0.0,0.0
2022-03-31 00:00:00-04:00,12.11473934678186,12.129335752026146,11.866606025588306,11.87390422821045,3879700,0.0,0.0
2022-04-01 00:00:00-04:00,12.005267842827815,12.049055662016718,11.852008387682137,11.932287216186523,3059600,0.0,0.0
2022-04-04 00:00:00-04:00,11.88849939699762,11.990671439101622,11.822816972219426,11.932287216186523,2607800,0.0,0.0
2022-04-05 00:00:00-04:00,11.538194021959518,11.603875754491119,11.333848534100506,11.348444938659668,5526600,0.0,0.0
2022-04-06 00:00:00-04:00,10.80109200057149,10.990841078688423,10.735409573839103,10.903264045715332,6145500,0.0,0.0
2022-04-07 00:00:00-04:00,10.998138584773798,11.093013123832264,10.691621057352558,10.903264045715332,4008900,0.0,0.0
2022-04-08 00:00:00-04:00,10.866774701257818,10.983543153505888,10.830284385931577,10.8375825881958,4036300,0.0,0.0
2022-04-11 00:00:00-04:00,10.881370631664586,11.114907540922587,10.859476720420371,11.049225807189941,5270600,0.0,0.0
2022-04-12 00:00:00-04:00,11.085715066006955,11.158695695769252,10.837582456003855,10.874072074890137,3302800,0.0,0.0
2022-04-13 00:00:00-04:00,10.808390417550083,11.122205457296143,10.7937940130994,11.107609748840332,3931700,0.0,0.0
2022-04-14 00:00:00-04:00,11.107609927188545,11.187888064971654,10.932456550942394,10.947052955627441,3808700,0.0,0.0
2022-04-18 00:00:00-04:00,10.947053203278264,11.078418064435972,10.903264684227397,11.020033836364746,4127700,0.0,0.0
2022-04-19 00:00:00-04:00,11.179287555244668,11.423686222181031,11.179287555244668,11.407918930053711,4080600,1.122,0.0
2022-04-20 00:00:00-04:00,11.541943323047112,11.57347865650373,11.336963279648264,11.392149925231934,3588100,0.0,0.0
2022-04-21 00:00:00-04:00,11.739039732293866,11.786342358108103,11.313312340657335,11.336963653564453,5362200,0.0,0.0
2022-04-22 00:00:00-04:00,11.289660036407874,11.321195370235653,11.03737736578565,11.053145408630371,4058900,0.0,0.0
2022-04-25 00:00:00-04:00,10.942771356070741,11.04526137889934,10.761442622801171,11.03737735748291,4887200,0.0,0.0
2022-04-26 00:00:00-04:00,10.722024271800803,10.737791563143105,10.30418014923541,10.312064170837402,6549900,0.0,0.0
2022-04-27 00:00:00-04:00,10.383018889296638,10.595882210087854,10.327832241658486,10.477624893188477,5316700,0.0,0.0
2022-04-28 00:00:00-04:00,10.674721153974062,10.824513808750867,10.414554449666866,10.761443138122559,4603100,0.0,0.0
2022-04-29 00:00:00-04:00,10.745675234225011,10.903351901813085,10.51704387825689,10.540695190429688,4808300,0.0,0.0
2022-05-02 00:00:00-04:00,10.46185704527535,10.572230334680238,10.296296359306371,10.564346313476562,6898600,0.0,0.0
2022-05-03 00:00:00-04:00,10.745675475728719,10.903352146860497,10.682604807276007,10.82451343536377,5813900,0.0,0.0
2022-05-04 00:00:00-04:00,10.72990766900323,11.124099731445312,10.611650351015284,11.124099731445312,6113700,0.0,0.0
2022-05-05 00:00:00-04:00,10.832397028456914,10.856049092087481,10.430320969077012,10.580114364624023,5799100,0.0,0.0
2022-05-06 00:00:00-04:00,10.93488675799876,11.139866792846252,10.824512719574349,10.982190132141113,11020900,0.0,0.0
2022-05-09 00:00:00-04:00,10.72202430451176,10.808746286813198,10.446089562493668,10.485508918762207,6788000,0.0,0.0
2022-05-10 00:00:00-04:00,10.87181718765295,10.87181718765295,10.564347104443673,10.761443138122559,8949500,0.0,0.0
2022-05-11 00:00:00-04:00,10.91123595292795,11.053145330075228,10.682604596336034,10.698371887207031,6457200,0.0,0.0
2022-05-12 00:00:00-04:00,10.627417782526441,10.966423201287663,10.540695798317113,10.77721118927002,8218100,0.0,0.0
2022-05-13 00:00:00-04:00,11.171402955562584,11.360614962476351,11.163518933975757,11.329079627990723,6740300,0.0,0.0
2022-05-16 00:00:00-04:00,11.234473232716459,11.32907923287383,11.131983211247226,11.24235725402832,5484600,0.0,0.0
2022-05-17 00:00:00-04:00,11.392150321110641,11.502524367975147,11.289660295849677,11.486756324768066,6301400,0.0,0.0
2022-05-18 00:00:00-04:00,11.336962608087697,11.360613918813728,10.96642189802568,10.997957229614258,5219000,0.0,0.0
2022-05-19 00:00:00-04:00,11.045261232401716,11.368498587571484,11.045261232401716,11.24235725402832,6002900,0.0,0.0
2022-05-20 00:00:00-04:00,11.557710618147457,11.581361930283313,11.05314528265372,11.400033950805664,6691100,0.0,0.0
2022-05-23 00:00:00-04:00,11.415801061375907,11.470988457970478,11.336963104880537,11.439453125,4927200,0.0,0.0
2022-05-24 00:00:00-04:00,11.28177660444616,11.297543895202246,11.10044787365041,11.23447322845459,4231000,0.0,0.0
2022-05-25 00:00:00-04:00,11.013726471840258,11.384266470429683,11.005842450118347,11.313312530517578,5653900,0.0,0.0
2022-05-26 00:00:00-04:00,11.392150352331385,11.69173640733177,11.392150352331385,11.660201072692871,5615900,0.0,0.0
2022-05-27 00:00:00-04:00,11.636548812520209,11.715386766769587,11.58136141749786,11.668084144592285,4846300,0.0,0.0
2022-05-31 00:00:00-04:00,11.77845900015117,11.959787747620148,11.636550362851233,11.904601097106934,7249500,0.0,0.0
2022-06-01 00:00:00-04:00,12.180534522120526,12.196302565438076,11.857297152727647,11.983438491821289,5214100,0.0,0.0
2022-06-02 00:00:00-04:00,12.03074227085613,12.18053492805649,11.975554869267187,12.093812942504883,5270500,0.0,0.0
2022-06-03 00:00:00-04:00,11.731155763595817,11.770575119859862,11.61289769480368,11.660201072692871,3816000,0.0,0.0
2022-06-06 00:00:00-04:00,11.87306422013546,11.93613488449817,11.754806160559157,11.83364486694336,4656200,0.0,0.0
2022-06-07 00:00:00-04:00,11.612897901320386,11.809993934283964,11.589246587886032,11.78634262084961,3122800,0.0,0.0
2022-06-08 00:00:00-04:00,11.84941348674558,11.912484158185555,11.715388121970204,11.770575523376465,3378900,0.0,0.0
2022-06-09 00:00:00-04:00,11.581362110200413,11.668084842481884,11.344847481444283,11.352730751037598,3754200,0.0,0.0
2022-06-10 00:00:00-04:00,10.879700444941623,10.97430644423622,10.72202377945063,10.753559112548828,4850500,0.0,0.0
2022-06-13 00:00:00-04:00,10.375135216357963,10.453973931514925,10.17015515843923,10.248993873596191,6489200,0.0,0.0
2022-06-14 00:00:00-04:00,10.304179754288105,10.367250420963252,10.114967754262667,10.225341796875,4477300,0.0,0.0
2022-06-15 00:00:00-04:00,10.49339203249851,10.722023376840802,10.39878528489473,10.658952713012695,5719500,0.0,0.0
2022-06-16 00:00:00-04:00,10.130736901826772,10.16227223860392,9.902105522227016,10.004594802856445,8865800,0.0,0.0
2022-06-17 00:00:00-04:00,10.138619237662622,10.217457948269907,9.99671061117584,10.170154571533203,6075000,0.0,0.0
2022-06-21 00:00:00-04:00,10.548579031644913,10.635301009372057,10.48550836568669,10.580114364624023,3980500,0.0,0.0
2022-06-22 00:00:00-04:00,10.272644638196885,10.517044040627887,10.24899332565894,10.359367370605469,5666800,0.0,0.0
2022-06-23 00:00:00-04:00,10.304180128880915,10.319948172053751,9.99671080562741,10.162271499633789,4562300,0.0,0.0
2022-06-24 00:00:00-04:00,10.130735467762175,10.446088790893555,10.114967425674791,10.446088790893555,4379100,0.0,0.0
2022-06-27 00:00:00-04:00,10.359367552574582,10.414554200086402,10.256877527294288,10.319948196411133,4543000,0.0,0.0
2022-06-28 00:00:00-04:00,10.485508066611795,10.603765373945034,10.122851371765137,10.122851371765137,7611900,0.0,0.0
2022-06-29 00:00:00-04:00,10.130736901826772,10.138620172124758,9.95729217362159,10.004594802856445,7848300,0.0,0.0
2022-06-30 00:00:00-04:00,9.712891394916426,9.83114945523201,9.555214733023943,9.744426727294922,8288000,0.0,0.0
2022-07-01 00:00:00-04:00,9.570983528917068,9.799614894632683,9.500028837511932,9.775962829589844,5891900,0.0,0.0
2022-07-05 00:00:00-04:00,9.121603422621238,9.247744753154379,9.042765466968842,9.231977462768555,6356100,0.0,0.0
2022-07-06 00:00:00-04:00,9.082185361516752,9.145256030538812,8.96392729320413,9.121603965759277,5969200,0.0,0.0
2022-07-07 00:00:00-04:00,9.500028454091451,9.705008498352937,9.492144432728704,9.689240455627441,5903800,0.0,0.0
2022-07-08 00:00:00-04:00,9.925755308237123,10.012477283053304,9.815381270584297,9.941522598266602,6102600,0.0,0.0
2022-07-11 00:00:00-04:00,9.81538215921101,9.81538215921101,9.61040210723877,9.61040210723877,6365000,0.0,0.0
2022-07-12 00:00:00-04:00,9.594634646674006,9.799614695033423,9.586750625153641,9.673473358154297,4761100,0.0,0.0
2022-07-13 00:00:00-04:00,9.405423000964488,9.626170348943063,9.366003643717173,9.602519035339355,4769500,0.0,0.0
2022-07-14 00:00:00-04:00,9.231978052283207,9.318700034597027,9.034882022774054,9.310816764831543,8409600,0.0,0.0
2022-07-15 00:00:00-04:00,9.444841027845506,9.570983113682942,9.342351757886428,9.531563758850098,5304400,0.0,0.0
2022-07-18 00:00:00-04:00,9.768079356717294,9.82326600361335,9.610401933822837,9.665589332580566,4206200,0.0,0.0
2022-07-19 00:00:00-04:00,9.980942962678158,10.351483714194593,9.9651756710507,10.280529022216797,9584100,0.0,0.0
2022-07-20 00:00:00-04:00,10.130736534325747,10.23322581123729,9.988827148045596,10.091317176818848,4275500,0.0,0.0
2022-07-21 00:00:00-04:00,9.957291830494166,10.256877895484228,9.94152378671809,10.248993873596191,5810000,0.0,0.0
2022-07-22 00:00:00-04:00,10.154387664344675,10.241109647801277,10.051897637425949,10.130736351013184,4882100,0.0,0.0
2022-07-25 00:00:00-04:00,10.359367548587674,10.430321487420555,10.280528836291117,10.312064170837402,3900300,0.0,0.0
2022-07-26 00:00:00-04:00,10.162271686075737,10.256877691263401,10.107084285819996,10.130736351013184,2333400,0.0,0.0
2022-07-27 00:00:00-04:00,10.29629748205374,10.564347465453118,10.248994101535187,10.556464195251465,4741800,0.0,0.0
2022-07-28 00:00:00-04:00,10.8718166670462,11.04526137889934,10.777210665634032,11.03737735748291,10024300,0.0,0.0
2022-07-29 00:00:00-04:00,11.131983603404947,11.344847675154053,11.045261621504393,11.336963653564453,5678700,0.0,0.0
2022-08-01 00:00:00-04:00,11.415801453840354,11.557710833017035,11.36849882868924,11.526175498962402,5850900,0.0,0.0
2022-08-02 00:00:00-04:00,11.431568920075605,11.597129603475302,11.368498255148257,11.470988273620605,6439900,0.0,0.0
2022-08-03 00:00:00-04:00,11.305428543444927,11.636549938163023,11.305428543444927,11.612897872924805,5286700,0.0,0.0
2022-08-04 00:00:00-04:00,11.549826807432094,11.652316831038632,11.494640160821524,11.518291473388672,4169000,0.0,0.0
2022-08-05 00:00:00-04:00,11.447337539756656,11.597130188550743,11.447337539756656,11.526175498962402,2790100,0.0,0.0
2022-08-08 00:00:00-04:00,11.715387384979687,11.928251451595052,11.707504115441893,11.896716117858887,6638100,0.0,0.0
2022-08-09 00:00:00-04:00,11.746922470231171,11.754806491463857,11.549826450583925,11.605013847351074,3693600,0.0,0.0
2022-08-10 00:00:00-04:00,11.865180775785253,11.999206132035196,11.841529463465164,11.880948066711426,3911900,0.0,0.0
2022-08-11 00:00:00-04:00,12.007088853927733,12.046508207237752,11.936134920203653,11.991321563720703,3711400,0.0,0.0
2022-08-12 00:00:00-04:00,12.03862592586683,12.164767265319824,11.983438525959876,12.164767265319824,3454000,0.0,0.0
2022-08-15 00:00:00-04:00,11.833645668174695,12.062277029935077,11.825761646630138,12.038625717163086,2562600,0.0,0.0
2022-08-16 00:00:00-04:00,11.888832120068553,12.062276831892728,11.88094809865344,12.0465087890625,3373000,0.0,0.0
2022-08-17 00:00:00-04:00,11.817877769470215,11.904600503796509,11.6917364306629,11.817877769470215,3782200,0.0,0.0
2022-08-18 00:00:00-04:00,11.857296758560063,11.91248340461356,11.786342069713188,11.888832092285156,2069400,0.0,0.0
2022-08-19 00:00:00-04:00,11.557711203071962,11.589246538136294,11.415801819351625,11.455221176147461,3612600,0.0,0.0
2022-08-22 00:00:00-04:00,10.903351561251018,10.919119603448145,10.75355891968648,10.769326210021973,4895900,0.0,0.0
2022-08-23 00:00:00-04:00,10.942771360189466,11.124099341665621,10.93488733877007,11.04526138305664,4307300,0.0,0.0
2022-08-24 00:00:00-04:00,10.950655007754309,11.179286358079727,10.927002944303595,11.09256362915039,2942800,0.0,0.0
2022-08-25 00:00:00-04:00,11.013726263073702,11.187170226497896,10.9900741983563,11.17928695678711,3278500,0.0,0.0
2022-08-26 00:00:00-04:00,11.187170735444115,11.195054757375257,10.722024719432527,10.729907989501953,4909400,0.0,0.0
2022-08-29 00:00:00-04:00,10.816629997408555,10.966422644687716,10.792977933210533,10.887584686279297,4100200,0.0,0.0
2022-08-30 00:00:00-04:00,10.927003064251197,10.958538397336678,10.651069087718657,10.745675086975098,4333800,0.0,0.0
2022-08-31 00:00:00-04:00,10.643185021790035,10.674720354743094,10.532810980523502,10.564346313476562,5344200,0.0,0.0
2022-09-01 00:00:00-04:00,10.398786373423388,10.477625087392044,10.24899371911698,10.461857795715332,7050200,0.0,0.0
2022-09-02 00:00:00-04:00,10.619534250646991,10.698372211112206,10.256877527294288,10.319948196411133,10443800,0.0,0.0
2022-09-06 00:00:00-04:00,10.114968490578304,10.193807205592101,10.01247846180505,10.091317176818848,9013200,0.0,0.0
2022-09-07 00:00:00-04:00,10.075548988485924,10.446089740754726,10.067665718587037,10.43820571899414,4712900,0.0,0.0
2022-09-08 00:00:00-04:00,10.146503472593018,10.319948188461577,10.114968138058886,10.304180145263672,4805600,0.0,0.0
2022-09-09 00:00:00-04:00,10.493393329128569,10.587999336560845,10.485509307210451,10.57223129272461,5564800,0.0,0.0
2022-09-12 00:00:00-04:00,10.911235446858393,11.021608733421179,10.879700114717366,10.982190132141113,6654200,0.0,0.0
2022-09-13 00:00:00-04:00,10.74567601561464,10.911236716586552,10.54069595691385,10.57223129272461,6322000,0.0,0.0
2022-09-14 00:00:00-04:00,10.698372657268322,10.824514000762507,10.603766649647683,10.737792015075684,5110000,0.0,0.0
2022-09-15 00:00:00-04:00,10.67471981048584,10.86393179855711,10.651068499942333,10.67471981048584,6613300,0.0,0.0
2022-09-16 00:00:00-04:00,10.595881475588682,10.698371493999057,10.54069483177603,10.61953353881836,8519100,0.0,0.0
2022-09-19 00:00:00-04:00,10.422438652804608,10.753560055295376,10.406670608942326,10.729907989501953,6686700,0.0,0.0
2022-09-20 00:00:00-04:00,10.501275993528186,10.509160014991597,10.288412677047797,10.351483345031738,8259000,0.0,0.0
2022-09-21 00:00:00-04:00,10.351483902555557,10.556463960474291,10.241109851708153,10.248993873596191,8409300,0.0,0.0
2022-09-22 00:00:00-04:00,10.233224835122682,10.272644188869494,10.044012839371947,10.07554817199707,8155900,0.0,0.0
2022-09-23 00:00:00-04:00,9.720776347610837,9.728660369426468,9.460609642588587,9.586750984191895,10713200,0.0,0.0
2022-09-26 00:00:00-04:00,9.689240637123577,9.878452642203833,9.59463463458345,9.649821281433105,9796700,0.0,0.0
2022-09-27 00:00:00-04:00,9.791730486255405,9.8548011534888,9.58675044181604,9.705008506774902,8687900,0.0,0.0
2022-09-28 00:00:00-04:00,9.626169461461691,9.973058119161031,9.570982817520386,9.917871475219727,8361400,0.0,0.0
2022-09-29 00:00:00-04:00,9.460609428161574,9.500028784484584,9.24774535513433,9.444841384887695,8004500,0.0,0.0
2022-09-30 00:00:00-04:00,9.310816575339938,9.507912600837837,9.27928124133474,9.334467887878418,11057100,0.0,0.0
2022-10-03 00:00:00-04:00,9.52367994069947,9.760195322880953,9.405422625539565,9.641937255859375,10162400,0.0,0.0
2022-10-04 00:00:00-04:00,9.949407424063757,10.201690099836632,9.949407424063757,10.154387474060059,7259200,0.0,0.0
2022-10-05 00:00:00-04:00,9.72865966533519,9.949406997164855,9.610401602244488,9.894220352172852,6505000,0.0,0.0
2022-10-06 00:00:00-04:00,9.752311122806104,9.815381789984768,9.665589143400858,9.689240455627441,7548400,0.0,0.0
2022-10-07 00:00:00-04:00,9.55521582227582,9.57098386619337,9.34235249242091,9.405423164367676,7648300,0.0,0.0
2022-10-10 00:00:00-04:00,9.46060902801527,9.468493049318747,9.263513006598284,9.350234985351562,8447700,0.0,0.0
2022-10-11 00:00:00-04:00,9.263513386930205,9.523680085733352,9.192558696009039,9.310816764831543,7033200,0.0,0.0
2022-10-12 00:00:00-04:00,9.310816951490139,9.397538935542519,9.247745529070036,9.279281616210938,6275800,0.0,0.0
2022-10-13 00:00:00-04:00,9.176791100820417,9.73654383617037,9.121603703118877,9.697124481201172,7599700,0.0,0.0
2022-10-14 00:00:00-04:00,9.744427076294636,9.775962409802581,9.523679741739027,9.539447784423828,6997100,0.0,0.0
2022-10-17 00:00:00-04:00,9.870569797793305,9.965175804409194,9.83903371039297,9.909988403320312,6569100,0.0,0.0
2022-10-18 00:00:00-04:00,10.288412645808794,10.319947979705015,10.051897265656313,10.185922622680664,9586100,0.0,0.0
2022-10-19 00:00:00-04:00,10.075548729242973,10.12285210672767,9.878452701469806,9.980942726135254,5949400,0.0,0.0
2022-10-20 00:00:00-04:00,10.130735762256503,10.264761116448781,10.012477698748324,10.059781074523926,5415300,0.0,0.0
2022-10-21 00:00:00-04:00,9.973058940933582,10.288413043961373,9.933640335934092,10.280529022216797,5864300,0.0,0.0
2022-10-24 00:00:00-04:00,10.46185799331781,10.603766628535368,10.390903299778174,10.57223129272461,7300000,0.0,0.0
2022-10-25 00:00:00-04:00,10.501276410043186,10.666837108033134,10.501276410043186,10.595882415771484,5467600,0.0,0.0
2022-10-26 00:00:00-04:00,10.690489387196221,10.863933358569868,10.65107002938886,10.737792015075684,5576600,0.0,0.0
2022-10-27 00:00:00-04:00,10.698372080890335,10.82451341758862,10.658953477068376,10.682604789733887,5364300,0.0,0.0
2022-10-28 00:00:00-04:00,10.564346531426082,10.714139929939689,10.556463261921413,10.698371887207031,4822500,0.0,0.0
2022-10-31 00:00:00-04:00,10.54069465443878,10.690488044926749,10.532810633494863,10.658952713012695,6216300,0.0,0.0
2022-11-01 00:00:00-04:00,10.911236168382505,10.934887481086852,10.666836764231991,10.82451343536377,8426300,0.0,0.0
2022-11-02 00:00:00-04:00,10.75355925556983,10.879700589640288,10.501275835567254,10.540695190429688,12782000,0.0,0.0
2022-11-03 00:00:00-04:00,10.146503263223522,10.296296663065972,10.083432595456703,10.178038597106934,11610000,0.0,0.0
2022-11-04 00:00:00-04:00,10.493391843216274,10.729906452374559,10.43820444946595,10.67471981048584,10135700,0.0,0.0
2022-11-07 00:00:00-05:00,10.84028130558565,10.919120015825483,10.737791283018531,10.879700660705566,5769600,0.0,0.0
2022-11-08 00:00:00-05:00,10.824513262793017,10.919120015825483,10.761442595345816,10.879700660705566,8459200,0.0,0.0
2022-11-09 00:00:00-05:00,10.753559293355435,10.90335194012503,10.706255916981972,10.714139938354492,6302900,0.0,0.0
2022-11-10 00:00:00-05:00,11.195053907330506,11.400033950805664,11.139867261726291,11.400033950805664,6825200,0.0,0.0
2022-11-11 00:00:00-05:00,11.49464001309223,11.786342037210341,11.447337388565865,11.723271369934082,6892400,0.0,0.0
2022-11-14 00:00:00-05:00,11.72327078775301,11.833644825936087,11.66020012360886,11.668084144592285,6028800,0.0,0.0
2022-11-15 00:00:00-05:00,11.920367393137806,11.951902726775936,11.565594701743436,11.723271369934082,6897300,0.0,0.0
2022-11-16 00:00:00-05:00,11.66020088717631,11.73115557695035,11.597130218901983,11.691736221313477,7224500,0.0,0.0
2022-11-17 00:00:00-05:00,11.447336996159905,11.652316281850382,11.439452975055215,11.62866497039795,5956100,0.0,0.0
2022-11-18 00:00:00-05:00,11.754807479585617,11.802110859096453,11.652317450530228,11.770575523376465,4804700,0.0,0.0
2022-11-21 00:00:00-05:00,11.707504844609481,11.794226829819745,11.66020146512825,11.754807472229004,4242100,0.0,0.0
2022-11-22 00:00:00-05:00,11.841529857400644,11.983438487903754,11.833645835744447,11.975554466247559,3668900,0.0,0.0
2022-11-23 00:00:00-05:00,11.809993566407625,11.888832277881942,11.754806919492607,11.85729694366455,4603600,0.0,0.0
2022-11-25 00:00:00-05:00,11.880947524824975,12.02285689599639,11.880947524824975,11.991321563720703,2063900,0.0,0.0
2022-11-28 00:00:00-05:00,11.920367612099335,11.999206323573652,11.833645630966926,11.85729694366455,3939200,0.0,0.0
2022-11-29 00:00:00-05:00,11.896715566893635,12.05439222827208,11.888831545859304,11.991321563720703,4881800,0.0,0.0
2022-11-30 00:00:00-05:00,12.13323100912,12.322443003931683,12.022856969549032,12.314558982849121,7217300,0.0,0.0
2022-12-01 00:00:00-05:00,12.401281554511483,12.511655599381093,12.306675552563961,12.39339828491211,5118500,0.0,0.0
2022-12-02 00:00:00-05:00,12.125347133054294,12.180533777568982,12.062276467362752,12.117463111877441,4926300,0.0,0.0
2022-12-05 00:00:00-05:00,12.172650315953403,12.196302380571218,11.999206353259487,12.022857666015625,5142200,0.0,0.0
2022-12-06 00:00:00-05:00,12.085928709872725,12.13323208871544,11.825762005892035,11.959787368774414,4839200,0.0,0.0
2022-12-07 00:00:00-05:00,11.983437542686373,12.06227624930641,11.920366878134994,11.991321563720703,4891400,0.0,0.0
2022-12-08 00:00:00-05:00,11.86518093913039,11.86518093913039,11.668084912739062,11.699620246887207,5272800,0.0,0.0
2022-12-09 00:00:00-05:00,11.360615539232986,11.470989591467003,11.305428889046839,11.38426685333252,7766700,0.0,0.0
2022-12-12 00:00:00-05:00,11.439453702821325,11.518291663298902,11.368499012088327,11.494640350341797,5608600,0.0,0.0
2022-12-13 00:00:00-05:00,11.809994489656031,11.817878511792133,11.447338493736162,11.54194450378418,8477700,0.0,0.0
2022-12-14 00:00:00-05:00,11.636549176064365,11.699619842178944,11.486755780146007,11.597129821777344,6183300,0.0,0.0
2022-12-15 00:00:00-05:00,11.46310556947992,11.470989591467003,11.313312911033922,11.38426685333252,5446600,0.0,0.0
2022-12-16 00:00:00-05:00,11.273892183516217,11.321194805969414,11.13198281243337,11.147750854492188,5421900,0.0,0.0
2022-12-19 00:00:00-05:00,11.250241456605655,11.28177679049955,11.14775143348509,11.202938079833984,3846300,0.0,0.0
2022-12-20 00:00:00-05:00,11.084680359861792,11.139867004190178,11.045261005972243,11.09256362915039,4093300,0.0,0.0
2022-12-21 00:00:00-05:00,11.234473809361235,11.352731127662466,11.210822496073328,11.297544479370117,4149400,0.0,0.0
2022-12-22 00:00:00-05:00,11.092563600100815,11.100447621230407,10.808745606190284,10.942770957946777,5846500,0.0,0.0
2022-12-23 00:00:00-05:00,11.005841843812304,11.100447843678342,10.958538467948458,11.076796531677246,4230700,0.0,0.0
2022-12-27 00:00:00-05:00,11.02160931465005,11.076796712703397,10.997958002262424,11.03737735748291,3001200,0.0,0.0
2022-12-28 00:00:00-05:00,11.068912479639584,11.116215855372017,10.911235813634221,10.919119834899902,5638700,0.0,0.0
2022-12-29 00:00:00-05:00,11.147750889494414,11.313311572323695,11.13986686844025,11.305427551269531,4721200,0.0,0.0
2022-12-30 00:00:00-05:00,11.226589388142498,11.281776786332678,11.16351872037801,11.195054054260254,4211400,0.0,0.0
2023-01-03 00:00:00-05:00,11.557711023455035,11.636549735821488,11.423685663549074,11.502524375915527,5361400,0.0,0.0
2023-01-04 00:00:00-05:00,11.786341315050176,11.920366662765783,11.691735319932386,11.873064041137695,5575200,0.0,0.0
2023-01-05 00:00:00-05:00,11.904600720009329,12.0149740175395,11.865181362950683,11.959787368774414,4698900,0.0,0.0
2023-01-06 00:00:00-05:00,11.865181019183845,12.219953718709528,11.833645684822933,12.180534362792969,5227100,0.0,0.0
2023-01-09 00:00:00-05:00,12.330327025014245,12.409164980254964,12.275139629297946,12.314558982849121,7173600,0.0,0.0
2023-01-10 00:00:00-05:00,12.440702065154772,12.511656761169434,12.361864098808722,12.511656761169434,5060100,0.0,0.0
2023-01-11 00:00:00-05:00,12.47223587274448,12.49588793642369,12.36186258302142,12.45646858215332,3526800,0.0,0.0
2023-01-12 00:00:00-05:00,12.551074625578662,12.685099979453916,12.440700583604439,12.637797355651855,5612300,0.0,0.0
2023-01-13 00:00:00-05:00,12.078043579192736,12.164766307132007,12.054392267873675,12.156882286071777,4883000,0.0,0.0
2023-01-17 00:00:00-05:00,12.17265034123732,12.314559721792264,12.141115006876408,12.180534362792969,4135100,0.0,0.0
2023-01-18 00:00:00-05:00,12.353978857496944,12.377630169880621,12.03862551950905,12.0465087890625,3995700,0.0,0.0
2023-01-19 00:00:00-05:00,11.90459995450983,11.95978659972626,11.809993202907881,11.928251266479492,4132300,0.0,0.0
2023-01-20 00:00:00-05:00,11.849413131068873,12.0149738265947,11.809993774636688,11.983438491821289,4852700,0.0,0.0
2023-01-23 00:00:00-05:00,11.93613549669757,12.10169618710663,11.904600162898781,12.0465087890625,4587000,0.0,0.0
2023-01-24 00:00:00-05:00,11.928251655113458,12.038625701004058,11.865180986565022,12.007089614868164,3291200,0.0,0.0
2023-01-25 00:00:00-05:00,11.865180994538575,12.078044313067174,11.841529681782436,12.022857666015625,3917400,0.0,0.0
2023-01-26 00:00:00-05:00,12.109580051292461,12.14111538663977,12.014974045250531,12.133232116699219,4158500,0.0,0.0
2023-01-27 00:00:00-05:00,12.085927997213412,12.298792061661333,12.078043975894232,12.25148868560791,5385100,0.0,0.0
2023-01-30 00:00:00-05:00,12.07804507068038,12.10958040695389,11.896717075073125,11.904601097106934,6570400,0.0,0.0
2023-01-31 00:00:00-05:00,12.093812236147453,12.401281554511483,12.078044193225367,12.39339828491211,5840300,0.0,0.0
2023-02-01 00:00:00-05:00,12.448585166195622,12.756055242220187,12.440701144585885,12.677216529846191,6263400,0.0,0.0
2023-02-02 00:00:00-05:00,12.874312255658356,13.181781572578638,12.787589523717422,13.087176322937012,6898700,0.0,0.0
2023-02-03 00:00:00-05:00,12.88219642233079,13.095060492009514,12.827009775463715,12.874312400817871,5478000,0.0,0.0
2023-02-06 00:00:00-05:00,12.756054874043313,12.787589455848712,12.60626147522853,12.748170852661133,4661200,0.0,0.0
2023-02-07 00:00:00-05:00,12.740287419241218,12.858544737984836,12.637798143989654,12.827010154724121,4834100,0.0,0.0
2023-02-08 00:00:00-05:00,12.85066012740547,12.913730794760315,12.740286835465321,12.756054878234863,3724700,0.0,0.0
2023-02-09 00:00:00-05:00,13.244852449539692,13.34734322594821,13.189665802422807,13.20543384552002,8500500,0.0,0.0
2023-02-10 00:00:00-05:00,13.071409012294609,13.071409012294609,12.890081020554813,12.929499626159668,5102900,0.0,0.0
2023-02-13 00:00:00-05:00,13.024105284061307,13.173897175678473,12.98468517806472,13.142362594604492,3231300,0.0,0.0
2023-02-14 00:00:00-05:00,13.134478779217536,13.339458822441886,13.118710736571822,13.25273609161377,3981700,0.0,0.0
2023-02-15 00:00:00-05:00,13.252736320333666,13.457716367095625,13.252736320333666,13.41041374206543,4086600,0.0,0.0
2023-02-16 00:00:00-05:00,13.268504735639224,13.505019371151443,13.268504735639224,13.35522747039795,4418800,0.0,0.0
2023-02-17 00:00:00-05:00,13.38676153824749,13.6311616897583,13.307922828202818,13.6311616897583,6618000,0.0,0.0
2023-02-21 00:00:00-05:00,13.363111642839899,13.402530247962193,13.12659550093594,13.134479522705078,6751000,0.0,0.0
2023-02-22 00:00:00-05:00,13.512902864498956,13.796721618995468,13.512902864498956,13.61539363861084,9501200,0.0,0.0
2023-02-23 00:00:00-05:00,14.151495557388529,14.29340343587994,13.93074746241849,14.206682205200195,11726400,0.0,0.0
2023-02-24 00:00:00-05:00,13.702115280626698,13.859792705387218,13.607510028749079,13.851908683776855,8537000,0.0,0.0
2023-02-27 00:00:00-05:00,13.867676742833046,14.001702102915521,13.84402467797495,13.883444786071777,6180600,0.0,0.0
2023-02-28 00:00:00-05:00,13.914979739592694,14.001702475993085,13.796722419597964,13.812490463256836,5638200,0.0,0.0
2023-03-01 00:00:00-05:00,14.403777117960145,14.474731803563753,14.317054390283902,14.395893096923828,8047800,0.0,0.0
2023-03-02 00:00:00-05:00,14.277637313184226,14.490499888998162,14.261869269428106,14.466849327087402,4795200,0.0,0.0
2023-03-03 00:00:00-05:00,14.782201398391447,14.868924127786794,14.711246711381303,14.845272064208984,7643900,0.0,0.0
2023-03-06 00:00:00-05:00,14.84527279962944,14.84527279962944,14.695479396995932,14.703363418579102,4683300,0.0,0.0
2023-03-07 00:00:00-05:00,14.813738389738425,14.837388951040325,14.514151580978428,14.529919624328613,4817400,0.0,0.0
2023-03-08 00:00:00-05:00,14.585105900095945,14.648176568163644,14.498383167606608,14.592989921569824,3559100,0.0,0.0
2023-03-09 00:00:00-05:00,14.38012518235545,14.451079868588192,14.15149458516805,14.167261123657227,4756400,0.0,0.0
2023-03-10 00:00:00-05:00,14.096307350883894,14.198798128183068,13.836140652412453,13.875560760498047,6964000,0.0,0.0
2023-03-13 00:00:00-04:00,13.623277291464634,13.796721245785557,13.52078652012519,13.67846393585205,7881600,0.0,0.0
2023-03-14 00:00:00-04:00,13.788838401504277,13.899211699699473,13.709999686911962,13.820374488830566,8088600,0.0,0.0
2023-03-15 00:00:00-04:00,13.110826740391357,13.31580678400879,13.0398735557962,13.300040245056152,10241600,0.0,0.0
2023-03-16 00:00:00-04:00,13.039875252345025,13.497138023376465,13.00833916289013,13.497138023376465,5687700,0.0,0.0
2023-03-17 00:00:00-04:00,13.284271616358462,13.292155637348642,13.03987298055585,13.236968994140625,6207800,0.0,0.0
2023-03-20 00:00:00-04:00,13.363110143361219,13.512902028996463,13.323690038938869,13.370992660522461,7153000,0.0,0.0
2023-03-21 00:00:00-04:00,13.820374853580857,13.867677482095303,13.733652114868164,13.733652114868164,4637900,0.0,0.0
2023-03-22 00:00:00-04:00,13.828258278871328,13.938631575216434,13.639044765532025,13.646928787231445,3762500,0.0,0.0
2023-03-23 00:00:00-04:00,13.844024838141511,13.962282156353417,13.544439531756456,13.686348915100098,4240300,0.0,0.0
2023-03-24 00:00:00-04:00,13.473483308208296,13.607508654603262,13.36311002425593,13.599624633789062,3944400,0.0,0.0
2023-03-27 00:00:00-04:00,13.796721081862081,13.914978390390532,13.717882374935359,13.844023704528809,3274400,0.0,0.0
2023-03-28 00:00:00-04:00,13.883444778154054,13.930747404119902,13.83614064846484,13.867676734924316,3194500,0.0,0.0
2023-03-29 00:00:00-04:00,13.946515664052926,14.041120917454613,13.930747620578181,14.009586334228516,3195200,0.0,0.0
2023-03-30 00:00:00-04:00,14.230332762485823,14.277636892359922,14.167262093043732,14.198798179626465,3584500,0.0,0.0
2023-03-31 00:00:00-04:00,14.261868116572085,14.403777491459099,14.246100074090574,14.340706825256348,3713800,0.0,0.0
2023-04-03 00:00:00-04:00,14.380125419037496,14.458964127674063,14.246100065472318,14.324938774108887,4762100,0.0,0.0
2023-04-04 00:00:00-04:00,14.435311830925246,14.435311830925246,14.080539903373,14.175145149230957,4481500,0.0,0.0
2023-04-05 00:00:00-04:00,14.009586112543579,14.017470134156195,13.804606061785632,13.859792709350586,3520700,0.0,0.0
2023-04-06 00:00:00-04:00,13.820373731669047,14.04900433736528,13.773069603271212,13.914978981018066,3518800,0.0,0.0
2023-04-10 00:00:00-04:00,13.914978260827965,14.072655673213271,13.8440235756269,14.06477165222168,2935100,0.0,0.0
2023-04-11 00:00:00-04:00,14.348590469904195,14.506266379411064,14.33282242783653,14.388009071350098,4457900,0.0,0.0
2023-04-12 00:00:00-04:00,14.648176930197911,14.687595534818213,14.46684894298712,14.506267547607422,4679500,0.0,0.0
2023-04-13 00:00:00-04:00,14.750665110134014,14.82950381724917,14.62452378023907,14.742782592773438,5999100,0.0,0.0
2023-04-14 00:00:00-04:00,14.876809116309735,14.955646325915403,14.797970402980685,14.868925094604492,4516100,0.0,0.0
2023-04-17 00:00:00-04:00,14.711247448139119,14.750666052352981,14.616642196536503,14.719131469726562,6268200,0.0,0.0
2023-04-18 00:00:00-04:00,14.75066568975339,14.82950439996647,14.703363065114873,14.797969818115234,4595000,0.0,0.0
2023-04-19 00:00:00-04:00,14.663944611111402,14.695479193283582,14.529919253502127,14.592989921569824,5773800,0.0,0.0
2023-04-20 00:00:00-04:00,13.891328992713536,13.978050224234883,13.749419609121565,13.962282180786133,10768900,0.0,0.0
2023-04-21 00:00:00-04:00,13.81248972267836,13.938631057739258,13.694232409024183,13.938631057739258,7323900,0.0,0.0
2023-04-24 00:00:00-04:00,14.147621218420317,14.199223022559606,14.070217692015497,14.121819496154785,7348700,1.473,0.0
2023-04-25 00:00:00-04:00,14.035814630300568,14.044415203920096,13.795005130520506,13.829405784606934,6544000,0.0,0.0
2023-04-26 00:00:00-04:00,13.95841200620273,13.992814302894294,13.812205526047165,13.855208396911621,5396800,0.0,0.0
2023-04-27 00:00:00-04:00,14.01861424748443,14.173421300294073,13.94121072107961,14.121819496154785,6470400,0.0,0.0
2023-04-28 00:00:00-04:00,13.958411583653147,14.319627486020869,13.949811009740612,14.3024263381958,4615500,0.0,0.0
2023-05-01 00:00:00-04:00,14.328227381671908,14.526035651121232,14.293826728041955,14.319626808166504,3831600,0.0,0.0
2023-05-02 00:00:00-04:00,14.147620718964873,14.173420799927804,13.872407279023754,14.044415473937988,6124900,0.0,0.0
2023-05-03 00:00:00-04:00,13.69180031400311,13.863808510968694,13.631597937182677,13.665999412536621,6815000,0.0,0.0
2023-05-04 00:00:00-04:00,13.545594511378921,13.700401568257371,13.442390080191924,13.648798942565918,5655500,0.0,0.0
2023-05-05 00:00:00-04:00,13.863808407662216,14.070217258247812,13.81220496472202,14.018613815307617,5411100,0.0,0.0
2023-05-08 00:00:00-04:00,14.078817653030853,14.147620602351086,14.018613637032908,14.113218307495117,3359700,0.0,0.0
2023-05-09 00:00:00-04:00,14.001414308052613,14.113218486972913,13.975612586582516,14.018613815307617,3941900,0.0,0.0
2023-05-10 00:00:00-04:00,14.216423273094872,14.225023846640331,13.984212708542458,14.096016883850098,3158200,0.0,0.0
2023-05-11 00:00:00-04:00,13.9240104382902,14.035814614434317,13.863808063413238,14.010014533996582,3712900,0.0,0.0
2023-05-12 00:00:00-04:00,14.070217366907181,14.078817940796966,13.872407448225607,13.932611465454102,2846500,0.0,0.0
2023-05-15 00:00:00-04:00,13.975612534336717,13.975612534336717,13.820805486878312,13.846607208251953,4624300,0.0,0.0
2023-05-16 00:00:00-04:00,13.700400808079976,13.734802283233517,13.605796136260844,13.622997283935547,5161500,0.0,0.0
2023-05-17 00:00:00-04:00,13.90681020992026,13.949811440418783,13.786405452210964,13.872407913208008,3807300,0.0,0.0
2023-05-18 00:00:00-04:00,13.906809065123815,14.164819707659325,13.863807838165116,14.14762020111084,5472300,0.0,0.0
2023-05-19 00:00:00-04:00,14.397031381138364,14.457233759682786,14.319627854326455,14.43143367767334,4055700,0.0,0.0
2023-05-22 00:00:00-04:00,14.250824304255547,14.285226599348382,14.173420780688383,14.225024223327637,3326100,0.0,0.0
2023-05-23 00:00:00-04:00,14.053016164697384,14.190622065617488,13.97561264038086,13.97561264038086,3045000,0.0,0.0
2023-05-24 00:00:00-04:00,13.665999172188716,13.665999172188716,13.459589503499378,13.536993026733398,4495100,0.0,0.0
2023-05-25 00:00:00-04:00,13.382187252537937,13.502592008128719,13.321984054546663,13.459589958190918,4729400,0.0,0.0
2023-05-26 00:00:00-04:00,13.511191896610184,13.743401642178787,13.511191896610184,13.674598693847656,4336100,0.0,0.0
2023-05-30 00:00:00-04:00,13.752002448963074,13.769203596435458,13.493990978248291,13.536993026733398,3366700,0.0,0.0
2023-05-31 00:00:00-04:00,13.287582292168322,13.304783439850954,12.960767867961074,13.158576965332031,5468000,0.0,0.0
2023-06-01 00:00:00-04:00,13.167177449094154,13.38218687248096,13.141375727746718,13.313383102416992,4621300,0.0,0.0
2023-06-02 00:00:00-04:00,13.597197137070374,13.726202471005143,13.588596562755814,13.648798942565918,4370500,0.0,0.0
2023-06-05 00:00:00-04:00,13.631598316267569,13.657399218451562,13.493991590829186,13.545594215393066,3139700,0.0,0.0
2023-06-06 00:00:00-04:00,13.416588433014308,13.665999332926438,13.407987859176957,13.622997283935547,3494700,0.0,0.0
2023-06-07 00:00:00-04:00,13.700400177202757,13.838006071480429,13.691799603761448,13.795004844665527,4007100,0.0,0.0
2023-06-08 00:00:00-04:00,14.078817769077524,14.190621947497572,14.00141424540529,14.044415473937988,4601700,0.0,0.0
2023-06-09 00:00:00-04:00,13.958410878243301,14.027213825674767,13.915409651245506,13.967011451721191,4144700,0.0,0.0
2023-06-12 00:00:00-04:00,14.113218245097586,14.207822915141527,14.087416524069685,14.139019966125488,3160500,0.0,0.0
2023-06-13 00:00:00-04:00,14.37122932997688,14.517435806122293,14.345429248557643,14.457233428955078,4168400,0.0,0.0
2023-06-14 00:00:00-04:00,14.68084285305324,14.766846948650711,14.517435235457217,14.603439331054688,3684600,0.0,0.0
2023-06-15 00:00:00-04:00,14.58623823007401,14.801247649553108,14.569038723213366,14.758246421813965,3486300,0.0,0.0
2023-06-16 00:00:00-04:00,14.947454166792957,14.96465531409866,14.878651217961833,14.913053512573242,4580000,0.0,0.0
2023-06-20 00:00:00-04:00,14.500236519782305,14.534637175663178,14.379830123219815,14.517436027526855,5324600,0.0,0.0
2023-06-21 00:00:00-04:00,14.543237187167978,14.594838989189107,14.457233090204957,14.46583366394043,2629700,0.0,0.0
2023-06-22 00:00:00-04:00,14.29382740467501,14.405631584754468,14.27662625684994,14.3024263381958,2709900,0.0,0.0
2023-06-23 00:00:00-04:00,14.147620549131936,14.22502407187499,14.113218254405378,14.156219482421875,3287400,0.0,0.0
2023-06-26 00:00:00-04:00,14.207822685336563,14.354029154679786,14.199222111799704,14.276625633239746,2751700,0.0,0.0
2023-06-27 00:00:00-04:00,14.285226422725087,14.54323707116443,14.259424701724475,14.534636497497559,3335300,0.0,0.0
2023-06-28 00:00:00-04:00,14.491635544723051,14.560438494972757,14.457233249402334,14.551837921142578,3297300,0.0,0.0
2023-06-29 00:00:00-04:00,14.999057431209671,15.11946218014133,14.95605456345431,15.007658004760742,5635100,0.0,0.0
2023-06-30 00:00:00-04:00,15.110861152789953,15.145263445961092,15.02485706025373,15.085061073303223,3502500,0.0,0.0
2023-07-03 00:00:00-04:00,15.291471151026316,15.351673528565545,15.274270003046034,15.31727123260498,2141000,0.0,0.0
2023-07-05 00:00:00-04:00,15.119462075088197,15.145263795562139,15.059259701040666,15.093660354614258,2977800,0.0,0.0
2023-07-06 00:00:00-04:00,14.947454443450614,14.9904573125108,14.784048462197076,14.930254936218262,3696900,0.0,0.0
2023-07-07 00:00:00-04:00,15.11946178789501,15.411874719478654,15.10226064123912,15.257067680358887,5891600,0.0,0.0
2023-07-10 00:00:00-04:00,15.317270777925604,15.403274874882303,15.28287012337795,15.394674301147461,2813000,0.0,0.0
2023-07-11 00:00:00-04:00,15.48067855834961,15.506480279821213,15.403275034326523,15.48067855834961,2723500,0.0,0.0
2023-07-12 00:00:00-04:00,15.85049433285828,16.05690317436695,15.85049433285828,15.893495559692383,6796100,0.0,0.0
2023-07-13 00:00:00-04:00,16.237511571094696,16.297715589940143,16.168708618520252,16.26331329345703,4492700,0.0,0.0
2023-07-14 00:00:00-04:00,16.16870660578852,16.194508324938976,16.08270415607016,16.134305953979492,3127000,0.0,0.0
2023-07-17 00:00:00-04:00,16.117104640070615,16.134305785991824,15.945098102033219,16.048301696777344,3857600,0.0,0.0
2023-07-18 00:00:00-04:00,15.96230033242318,16.125707965786194,15.96230033242318,16.117107391357422,2472800,0.0,0.0
2023-07-19 00:00:00-04:00,15.97950083417994,16.03110263827109,15.910697881927815,15.953699111938477,2966000,0.0,0.0
2023-07-20 00:00:00-04:00,15.988100505298487,16.06550402725957,15.884895262553146,15.910696983337402,2328200,0.0,0.0
2023-07-21 00:00:00-04:00,15.979500786974347,15.996701935084507,15.71288955283394,15.781692504882812,4049800,0.0,0.0
2023-07-24 00:00:00-04:00,15.970899975167608,16.03970292619224,15.91929817199707,15.91929817199707,2823700,0.0,0.0
2023-07-25 00:00:00-04:00,15.970899975167608,15.979500549094656,15.88489587628888,15.91929817199707,3748800,0.0,0.0
2023-07-26 00:00:00-04:00,16.185907814079236,16.58152597394839,16.16870666791284,16.486921310424805,8199100,0.0,0.0
2023-07-27 00:00:00-04:00,16.985744422787153,17.32975917162602,16.94274319432919,17.028745651245117,9543000,0.0,0.0
2023-07-28 00:00:00-04:00,17.415764056046164,17.759778820432917,17.415764056046164,17.67377471923828,10210400,0.0,0.0
2023-07-31 00:00:00-04:00,17.80278169122613,17.81138062499298,17.579171684276794,17.67377471923828,4855500,0.0,0.0
2023-08-01 00:00:00-04:00,17.243754877121198,17.372761841803218,17.21795479649815,17.303958892822266,6231200,0.0,0.0
2023-08-02 00:00:00-04:00,17.063149079450273,17.123351459446013,16.865340790780888,16.916942596435547,5598800,0.0,0.0
2023-08-03 00:00:00-04:00,16.839538913495694,16.934143589989112,16.7191341546072,16.8309383392334,5189700,0.0,0.0
2023-08-04 00:00:00-04:00,16.93414314586959,17.028746179490117,16.676130845942915,16.710533142089844,6751600,0.0,0.0
2023-08-07 00:00:00-04:00,16.88253789205282,16.925540757627115,16.779334295457694,16.839536666870117,5235300,0.0,0.0
2023-08-08 00:00:00-04:00,16.435320844105448,16.64172969365317,16.357917320476087,16.633129119873047,6156200,0.0,0.0
2023-08-09 00:00:00-04:00,16.547125651346995,16.615928603811135,16.340716793954584,16.44392204284668,6108000,0.0,0.0
2023-08-10 00:00:00-04:00,16.68473112801209,16.753534078710196,16.099905226882324,16.142908096313477,13368500,0.0,0.0
2023-08-11 00:00:00-04:00,15.970899815468211,15.988100963150305,15.764490964458277,15.833293914794922,10507700,0.0,0.0
2023-08-14 00:00:00-04:00,15.790292685981418,15.867696210159108,15.70428858796268,15.833293914794922,6810400,0.0,0.0
2023-08-15 00:00:00-04:00,15.721490152065336,15.738689659811268,15.506480721519324,15.601083755493164,5697900,0.0,0.0
2023-08-16 00:00:00-04:00,15.583883921788203,15.687087527672245,15.403275150903522,15.41187572479248,5352200,0.0,0.0
2023-08-17 00:00:00-04:00,15.497879437058197,15.515080584407437,15.239867147994696,15.265668869018555,6384100,0.0,0.0
2023-08-18 00:00:00-04:00,15.13666470706833,15.33447299559973,15.110862984063086,15.325872421264648,7532600,0.0,0.0
2023-08-21 00:00:00-04:00,15.644086966043133,15.661286474163097,15.506481058732566,15.592483520507812,6781500,0.0,0.0
2023-08-22 00:00:00-04:00,15.773091045018965,15.833293419631822,15.506479825851308,15.55808162689209,6613500,0.0,0.0
2023-08-23 00:00:00-04:00,15.48927944755666,15.67848715435911,15.48927944755666,15.652687072753906,3394600,0.0,0.0
2023-08-24 00:00:00-04:00,15.53227991153186,15.583883352982115,15.34307221405597,15.360273361206055,3689600,0.0,0.0
2023-08-25 00:00:00-04:00,15.575283272569077,15.712889173343425,15.36027384756019,15.635485649108887,5563200,0.0,0.0
2023-08-28 00:00:00-04:00,15.73009048905994,15.816092947668748,15.678487045424555,15.738689422607422,3514600,0.0,0.0
2023-08-29 00:00:00-04:00,15.850495963642992,16.237511966143174,15.81609366632289,16.211711883544922,4918100,0.0,0.0
2023-08-30 00:00:00-04:00,16.125706735355674,16.211710832689246,16.056903785567158,16.099905014038086,4705000,0.0,0.0
2023-08-31 00:00:00-04:00,16.05690436051255,16.06550493459304,15.884896159686352,15.953699111938477,8193700,0.0,0.0
2023-09-01 00:00:00-04:00,15.816093686381228,15.824694260722161,15.497880637725858,15.678487777709961,7247500,0.0,0.0
2023-09-05 00:00:00-04:00,15.566681637597446,15.78169104794992,15.472076972117039,15.7042875289917,7280800,0.0,0.0
2023-09-06 00:00:00-04:00,15.687087174635403,15.790292418588558,15.463477179729988,15.618284225463867,6687400,0.0,0.0
2023-09-07 00:00:00-04:00,15.618284001504946,15.695687523261956,15.515080399423386,15.55808162689209,5817900,0.0,0.0
2023-09-08 00:00:00-04:00,15.575284166402424,15.721490649414623,15.540881869038694,15.678487777709961,5532200,0.0,0.0
2023-09-11 00:00:00-04:00,15.945098988285785,16.160108403076748,15.87629440077669,16.07410430908203,5437500,0.0,0.0
2023-09-12 00:00:00-04:00,16.340716299090296,16.564326297924854,16.340716299090296,16.366518020629883,7252000,0.0,0.0
2023-09-13 00:00:00-04:00,16.443922624958013,16.51272557985776,16.23751211986693,16.29771614074707,5073200,0.0,0.0
2023-09-14 00:00:00-04:00,16.20311164855957,16.246112880718453,16.02250286463017,16.20311164855957,5007200,0.0,0.0
2023-09-15 00:00:00-04:00,16.271914607677616,16.59872823717283,16.254713458653697,16.555727005004883,12395100,0.0,0.0
2023-09-18 00:00:00-04:00,16.29771457199668,16.383717027049244,16.14290752827537,16.289113998413086,6028800,0.0,0.0
2023-09-19 00:00:00-04:00,16.590127891364165,16.719133217282526,16.538524448683447,16.633129119873047,5405200,0.0,0.0
2023-09-20 00:00:00-04:00,17.04594793076811,17.20075498812392,16.908342022094466,16.916942596435547,7769300,0.0,0.0
2023-09-21 00:00:00-04:00,16.63312945884309,16.74493363947969,16.547125359680912,16.624528884887695,8057000,0.0,0.0
2023-09-22 00:00:00-04:00,16.73633238373034,16.8739399210191,16.598726486833257,16.6417293548584,8424200,0.0,0.0
2023-09-25 00:00:00-04:00,16.332115441419365,16.555725436367965,16.21171069044385,16.5471248626709,5700900,0.0,0.0
2023-09-26 00:00:00-04:00,16.349318134448374,16.48692404582703,16.048304588160615,16.20311164855957,7266400,0.0,0.0
2023-09-27 00:00:00-04:00,16.203110758367792,16.263313136239482,15.98810132860218,16.177309036254883,5251700,0.0,0.0
2023-09-28 00:00:00-04:00,16.18590797694671,16.64172851259326,16.142906751489615,16.572925567626953,11694200,0.0,0.0
2023-09-29 00:00:00-04:00,16.581527336944102,16.75353389157217,16.392317994343987,16.4525203704834,9225500,0.0,0.0
2023-10-02 00:00:00-04:00,16.39231862448514,16.426720920968254,16.16010968479126,16.26331329345703,5722700,0.0,0.0
2023-10-03 00:00:00-04:00,16.211709862148773,16.237509941530078,15.979499305367302,16.082704544067383,5975400,0.0,0.0
2023-10-04 00:00:00-04:00,16.048304098504985,16.134308200590507,15.919298765572604,16.125707626342773,8234700,0.0,0.0
2023-10-05 00:00:00-04:00,16.14290731527965,16.271912636548034,16.048302647500062,16.246110916137695,6730600,0.0,0.0
2023-10-06 00:00:00-04:00,16.220312508760166,16.84813967329515,16.065505451117712,16.7363338470459,11286600,0.0,0.0
2023-10-09 00:00:00-04:00,16.340715234754587,16.49552227312545,16.271912288855496,16.435319900512695,5905800,0.0,0.0
2023-10-10 00:00:00-04:00,16.83093609375526,16.994343702154396,16.787934868572552,16.839536666870117,7018700,0.0,0.0
2023-10-11 00:00:00-04:00,17.441565577158517,17.561970333205853,17.235156720909462,17.41576385498047,9199300,0.0,0.0
2023-10-12 00:00:00-04:00,17.286759247899685,17.30396039673783,16.89974160100068,17.002946853637695,6309700,0.0,0.0
2023-10-13 00:00:00-04:00,17.226554424486125,17.25235450369283,16.873939125267253,16.925540924072266,6696300,0.0,0.0
2023-10-16 00:00:00-04:00,16.822336133261032,17.088948988356155,16.762133759656212,17.04594612121582,5078700,0.0,0.0
2023-10-17 00:00:00-04:00,16.968543203913608,17.415763195719933,16.959942630179828,17.252355575561523,7107900,0.0,0.0
2023-10-18 00:00:00-04:00,17.16635104577637,17.174951619293292,16.90834040183538,16.95134162902832,7349000,0.0,0.0
2023-10-19 00:00:00-04:00,16.426721476135118,16.547126237111716,16.194510888201528,16.29771614074707,9760400,0.0,0.0
2023-10-20 00:00:00-04:00,16.194509453297037,16.263312402100542,16.03970240839123,16.237510681152344,8856500,0.0,0.0
2023-10-23 00:00:00-04:00,16.323514652355776,16.538524070770553,16.23751055691153,16.289113998413086,7918200,0.0,0.0
2023-10-24 00:00:00-04:00,16.17730717883867,16.22031004408943,16.005300639010372,16.134305953979492,6607600,0.0,0.0
2023-10-25 00:00:00-04:00,16.160108462219878,16.349316157387396,16.056903220970177,16.246110916137695,8358600,0.0,0.0
2023-10-26 00:00:00-04:00,16.0913038277559,16.18590849526091,15.833293185967978,15.893495559692383,8904500,0.0,0.0
2023-10-27 00:00:00-04:00,16.048303878556613,16.05690445268647,15.420476730602989,15.515081405639648,12414800,0.0,0.0
2023-10-30 00:00:00-04:00,15.807492161697963,15.841894456993435,15.325871510303436,15.48067855834961,11038800,0.0,0.0
2023-10-31 00:00:00-04:00,15.807491786676968,16.142907596283425,15.747289411729874,16.06550407409668,9218600,0.0,0.0
2023-11-01 00:00:00-04:00,16.194509329385248,16.40951874780002,16.125706381108184,16.289113998413086,11607600,0.0,0.0
2023-11-02 00:00:00-04:00,16.848138132034347,16.90834050663427,16.65032986109411,16.865339279174805,8677500,0.0,0.0
2023-11-03 00:00:00-04:00,17.08894980685206,17.346960460485196,17.08894980685206,17.295358657836914,7237400,0.0,0.0
2023-11-06 00:00:00-05:00,17.063147676117445,17.131950624795675,16.744933013235833,16.813735961914062,5514300,0.0,0.0
2023-11-07 00:00:00-05:00,16.62452943521733,16.701932962986437,16.52992475896802,16.658931732177734,3692700,0.0,0.0
2023-11-08 00:00:00-05:00,16.908341710718904,16.96854408960599,16.736333507848553,16.74493408203125,5875200,0.0,0.0
2023-11-09 00:00:00-05:00,16.805137389238496,16.822336896483314,16.40091862173837,16.40951919555664,5727700,0.0,0.0
2023-11-10 00:00:00-05:00,16.547123412045746,16.744931668562028,16.418118098682584,16.66752815246582,5282800,0.0,0.0
2023-11-13 00:00:00-05:00,16.701930942061733,16.985743296076716,16.641728570057282,16.925540924072266,5282000,0.0,0.0
2023-11-14 00:00:00-05:00,17.338360328838103,17.561970333205853,17.295359098933133,17.41576385498047,7639400,0.0,0.0
2023-11-15 00:00:00-05:00,17.493167693434692,17.68237540494304,17.475966545008895,17.587772369384766,7014800,0.0,0.0
2023-11-16 00:00:00-05:00,17.450165036723277,17.553368638060583,17.123349804907914,17.13195037841797,7150900,0.0,0.0
2023-11-17 00:00:00-05:00,17.295357877023783,17.407162051112856,17.235155503253385,17.398561477661133,6255200,0.0,0.0
2023-11-20 00:00:00-05:00,17.51896729421601,17.837180299592994,17.4587632820175,17.72537612915039,4937300,0.0,0.0
2023-11-21 00:00:00-05:00,17.579172223896396,17.639374604463107,17.338361061237705,17.355562210083008,4698900,0.0,0.0
2023-11-22 00:00:00-05:00,17.475966416704974,17.48456699085473,17.312558788643216,17.32115936279297,2941500,0.0,0.0
2023-11-24 00:00:00-05:00,17.561970041746775,17.72537766537894,17.561970041746775,17.596370697021484,2645500,0.0,0.0
2023-11-27 00:00:00-05:00,17.553369183302873,17.69957565673191,17.553369183302873,17.561969757080078,4362100,0.0,0.0
2023-11-28 00:00:00-05:00,17.570570489978135,17.699575817021046,17.527567620702673,17.647974014282227,3673500,0.0,0.0
2023-11-29 00:00:00-05:00,18.4822090920913,18.714419653677957,18.35320377134037,18.55101203918457,10588000,0.0,0.0
2023-11-30 00:00:00-05:00,18.843425481907286,18.860626629241764,18.611214914066885,18.628416061401367,7461800,0.0,0.0
2023-12-01 00:00:00-05:00,18.714420582547387,18.938030581797065,18.654218205901653,18.92943000793457,5451700,0.0,0.0
2023-12-04 00:00:00-05:00,18.73162084765993,18.998232063267935,18.73162084765993,18.903627395629883,6692700,0.0,0.0
2023-12-05 00:00:00-05:00,18.72302182738357,19.015434787620627,18.714421253212855,18.912229537963867,4485200,0.0,0.0
2023-12-06 00:00:00-05:00,19.565857216936443,19.694862540837907,19.37664951790708,19.385250091552734,7314000,0.0,0.0
2023-12-07 00:00:00-05:00,19.368048339449842,19.445451859451957,19.256242525939392,19.393848419189453,5362300,0.0,0.0
2023-12-08 00:00:00-05:00,19.35084740713259,19.548655675822612,19.35084740713259,19.436851501464844,4611700,0.0,0.0
2023-12-11 00:00:00-05:00,19.43685189303498,19.47985312087157,19.316445502387484,19.385250091552734,4836400,0.0,0.0
2023-12-12 00:00:00-05:00,19.591659782262028,19.600260356278365,19.35084863097991,19.45405387878418,5038800,0.0,0.0
2023-12-13 00:00:00-05:00,19.669062499088778,19.74646438126897,19.247642591578845,19.737865447998047,6310300,0.0,0.0
2023-12-14 00:00:00-05:00,19.91847305160921,20.228087149324836,19.90127190387129,20.210886001586914,7329200,0.0,0.0
2023-12-15 00:00:00-05:00,20.21088735943263,20.314092612402142,20.09908317240818,20.176485061645508,4752800,0.0,0.0
2023-12-18 00:00:00-05:00,20.193684907944416,20.32269023554093,20.12488195720016,20.167884826660156,4118600,0.0,0.0
2023-12-19 00:00:00-05:00,19.97867566120297,20.142083285834676,19.97007508723375,20.073280334472656,3769300,0.0,0.0
2023-12-20 00:00:00-05:00,19.88407238773225,20.047478369995027,19.66906296227853,19.677661895751953,5328600,0.0,0.0
2023-12-21 00:00:00-05:00,19.970074024904697,20.150682787867176,19.866870423547567,20.14208221435547,6859000,0.0,0.0
2023-12-22 00:00:00-05:00,20.193685430421613,20.27968953117508,20.03887837714373,20.064680099487305,3781300,0.0,0.0
2023-12-26 00:00:00-05:00,20.11628138330816,20.28828958036467,20.0646795803479,20.167884826660156,1880100,0.0,0.0
2023-12-27 00:00:00-05:00,20.20228402413248,20.34849048896341,20.20228402413248,20.288288116455078,2034900,0.0,0.0
2023-12-28 00:00:00-05:00,20.228087203512413,20.262487858688672,20.142083104984156,20.167884826660156,2247400,0.0,0.0
2023-12-29 00:00:00-05:00,20.176484623357663,20.23668864317733,20.047479290242,20.056079864501953,2116700,0.0,0.0
2024-01-02 00:00:00-05:00,19.87547315186503,19.987277338855154,19.780868473371342,19.823869705200195,4421900,0.0,0.0
2024-01-03 00:00:00-05:00,19.28204401984341,19.307845739671944,19.058434035837667,19.13583755493164,5758900,0.0,0.0
2024-01-04 00:00:00-05:00,19.213242435109347,19.359448910378518,19.101436614990234,19.101436614990234,3120100,0.0,0.0
2024-01-05 00:00:00-05:00,19.16163960192782,19.53145441676797,19.16163960192782,19.307846069335938,3897800,0.0,0.0
2024-01-08 00:00:00-05:00,19.273443995442776,19.574457507114857,19.247642274879453,19.56585693359375,3862200,0.0,0.0
2024-01-09 00:00:00-05:00,19.316445178381837,19.3680486193902,19.20464100364704,19.213241577148438,2962100,0.0,0.0
2024-01-10 00:00:00-05:00,19.454053254696245,19.660462103291405,19.42825153347496,19.643260955810547,4105200,0.0,0.0
2024-01-11 00:00:00-05:00,19.74646371485143,19.78086600834088,19.376648902189686,19.5744571685791,3350000,0.0,0.0
2024-01-12 00:00:00-05:00,19.350848838595706,19.47985416944132,19.11863825883853,19.17884063720703,4461300,0.0,0.0
2024-01-16 00:00:00-05:00,18.422006161235245,18.69721794128418,18.387603868533326,18.69721794128418,8069500,0.0,0.0
2024-01-17 00:00:00-05:00,18.327403005522253,18.361805301056382,18.224199399703345,18.35320472717285,7923000,0.0,0.0
2024-01-18 00:00:00-05:00,18.585414672162216,18.628415899733533,18.38760476031579,18.54241180419922,3596700,0.0,0.0
2024-01-19 00:00:00-05:00,18.43060939566276,18.594017028808594,18.36180644071586,18.594017028808594,6115700,0.0,0.0
2024-01-22 00:00:00-05:00,18.49940962072308,18.551011419220618,18.327401438542488,18.344602584838867,4131800,0.0,0.0
2024-01-23 00:00:00-05:00,18.284400550404307,18.361804069773935,18.172594737807458,18.336002349853516,3573300,0.0,0.0
2024-01-24 00:00:00-05:00,18.32740273935646,18.361805034390972,18.095193809440374,18.138195037841797,5578000,0.0,0.0
2024-01-25 00:00:00-05:00,18.060791124939815,18.189796447753906,17.974787029599863,18.189796447753906,6096600,0.0,0.0
2024-01-26 00:00:00-05:00,18.250000339302687,18.336004441791246,18.198398533966277,18.24139976501465,3249400,0.0,0.0
2024-01-29 00:00:00-05:00,18.08659267084558,18.284400939941406,17.95758570888671,18.284400939941406,4372300,0.0,0.0
2024-01-30 00:00:00-05:00,18.559613095839428,18.981031362806743,18.559613095839428,18.809024810791016,8140400,0.0,0.0
2024-01-31 00:00:00-05:00,19.0154338917502,19.204641593416394,18.87782799228538,18.88642692565918,7382500,0.0,0.0
2024-02-01 00:00:00-05:00,19.316445715241095,19.643260955810547,19.2218426848798,19.643260955810547,7394100,0.0,0.0
2024-02-02 00:00:00-05:00,19.85827098415914,19.892671639778946,19.608859259250565,19.84967041015625,7967000,0.0,0.0
2024-02-05 00:00:00-05:00,19.52285661710718,19.52285661710718,19.22184309139303,19.41105079650879,7240000,0.0,0.0
2024-02-06 00:00:00-05:00,19.660462757560108,19.90987284276567,19.651862183533467,19.806669235229492,4826300,0.0,0.0
2024-02-07 00:00:00-05:00,20.314090907153496,20.339890987936226,20.004476814627083,20.219486236572266,8451800,0.0,0.0
2024-02-08 00:00:00-05:00,20.5549012249714,20.735509999570954,20.425895894767013,20.68390655517578,7049300,0.0,0.0
2024-02-09 00:00:00-05:00,20.804311137570963,21.002119402661595,20.71830704480367,20.993518829345703,5009500,0.0,0.0
2024-02-12 00:00:00-05:00,21.019321050827525,21.13972579933969,20.96771760970088,21.0709228515625,6253600,0.0,0.0
2024-02-13 00:00:00-05:00,20.778509705527767,20.855913226051662,20.47749619686725,20.63230323791504,6205300,0.0,0.0
2024-02-14 00:00:00-05:00,20.640904191193446,20.976318359375,20.563500669245137,20.976318359375,6209100,0.0,0.0
2024-02-15 00:00:00-05:00,21.853558927041863,22.446985429256273,21.715953019338784,22.352380752563477,10157400,0.0,0.0
2024-02-16 00:00:00-05:00,22.18897292376137,22.197573497964942,21.93956283342494,22.094369888305664,10527900,0.0,0.0
2024-02-20 00:00:00-05:00,22.042765629893918,22.051366203780205,21.681549728628628,21.84495735168457,6654900,0.0,0.0
2024-02-21 00:00:00-05:00,21.896558194821566,22.04276466369629,21.836355820648148,22.04276466369629,3802400,0.0,0.0
2024-02-22 00:00:00-05:00,22.644792271355726,22.825401038934576,22.532988093629168,22.61039161682129,5943900,0.0,0.0
2024-02-23 00:00:00-05:00,22.894205277177058,22.988808312766025,22.7910000269806,22.79960060119629,4813700,0.0,0.0
2024-02-26 00:00:00-05:00,22.618991069944247,22.782398693815125,22.498586315719262,22.507186889648438,5628800,0.0,0.0
2024-02-27 00:00:00-05:00,22.59319132891752,22.68779436278018,22.489986080604343,22.498586654663086,4732000,0.0,0.0
2024-02-28 00:00:00-05:00,22.713595400851897,22.756596629458713,22.498585977034374,22.51578712463379,6025700,0.0,0.0
2024-02-29 00:00:00-05:00,22.63619080447808,22.704993751223938,22.395381311063407,22.5845890045166,5198100,0.0,0.0
2024-03-01 00:00:00-05:00,22.636191750880272,22.808199945132266,22.61039167001667,22.782398223876953,4741100,0.0,0.0
2024-03-04 00:00:00-05:00,22.877004128745682,23.04901069188404,22.7910000269806,22.79960060119629,5272800,0.0,0.0
2024-03-05 00:00:00-05:00,23.00600869975927,23.17801689759641,22.87700337157729,23.0404109954834,6204900,0.0,0.0
2024-03-06 00:00:00-05:00,23.31562193833596,23.530631357493196,23.298420791109375,23.367223739624023,5674000,0.0,0.0
2024-03-07 00:00:00-05:00,23.56503306194697,23.75424240908987,23.530632406352108,23.69403839111328,5587300,0.0,0.0
2024-03-08 00:00:00-05:00,23.745641571544173,23.814444522362024,23.44462804656917,23.479028701782227,4262500,0.0,0.0
2024-03-11 00:00:00-04:00,23.76284032381709,23.823044339212316,23.659636721065798,23.719839096069336,6262900,0.0,0.0
2024-03-12 00:00:00-04:00,23.797243306575933,24.270263387048374,23.70263863432475,24.235862731933594,5011200,0.0,0.0
2024-03-13 00:00:00-04:00,23.92624703256865,24.08965464450433,23.823043433739947,23.874645233154297,3862400,0.0,0.0
2024-03-14 00:00:00-04:00,23.909047875115487,23.986451400872532,23.565033116412945,23.651037216186523,5042100,0.0,0.0
2024-03-15 00:00:00-04:00,24.175659893339976,24.51107406616211,24.149858172203,24.51107406616211,7000800,0.0,0.0
2024-03-18 00:00:00-04:00,24.760484539362466,24.79488519209272,24.442269889551575,24.493871688842773,5287900,0.0,0.0
2024-03-19 00:00:00-04:00,24.69168073171394,24.889490642618977,24.674481225002275,24.786285400390625,5662700,0.0,0.0
2024-03-20 00:00:00-04:00,24.803487624585504,25.267907133801323,24.777685902810056,25.250707626342773,5975500,0.0,0.0
2024-03-21 00:00:00-04:00,25.30230905584268,25.379712579634194,25.00989610827289,25.121700286865234,5183000,0.0,0.0
2024-03-22 00:00:00-04:00,25.12170157157991,25.147503294293813,25.00989738726994,25.095901489257812,3413900,0.0,0.0
2024-03-25 00:00:00-04:00,25.009894872559965,25.37971132564902,25.009894872559965,25.285106658935547,2745400,0.0,0.0
2024-03-26 00:00:00-04:00,24.812087907145255,24.898092004995064,24.562676187419985,24.683082580566406,4799200,0.0,0.0
2024-03-27 00:00:00-04:00,24.889490076102327,24.96689359591387,24.72608246312333,24.932491302490234,3411500,0.0,0.0
2024-03-28 00:00:00-04:00,24.640079066153113,24.734683735349495,24.33046661855058,24.339065551757812,6241200,0.0,0.0
2024-04-01 00:00:00-04:00,24.339065943878857,24.5024735641075,24.184260537779398,24.287464141845703,3151900,0.0,0.0
2024-04-02 00:00:00-04:00,23.831644007862494,23.840244581755783,23.530632123555975,23.659637451171875,8629400,0.0,0.0
2024-04-03 00:00:00-04:00,22.997407786094737,23.32422302907902,22.95440655746657,23.264019012451172,5298300,0.0,0.0
2024-04-04 00:00:00-04:00,23.401625281145193,23.547831757332368,22.851201672154296,22.85980224609375,5850700,0.0,0.0
2024-04-05 00:00:00-04:00,22.877003001230378,23.049009555891228,22.765197182328695,22.91140365600586,5278200,0.0,0.0
2024-04-08 00:00:00-04:00,23.195217188357145,23.324224161287372,23.109214726926062,23.1522159576416,2555100,0.0,0.0
2024-04-09 00:00:00-04:00,23.702636827795246,23.702636827795246,23.264017435867572,23.436025619506836,4456000,0.0,0.0
2024-04-10 00:00:00-04:00,23.221017891425085,23.36722436598676,23.04041076187981,23.178016662597656,4389400,0.0,0.0
2024-04-11 00:00:00-04:00,23.40162620496884,23.40162620496884,23.01461020476583,23.23822021484375,5881300,0.0,0.0
2024-04-12 00:00:00-04:00,22.57598888929003,22.57598888929003,22.163171200437016,22.309377670288086,6754300,0.0,0.0
2024-04-15 00:00:00-04:00,23.2382181671315,23.255419314173714,22.464184594540193,22.57598876953125,6527600,0.0,0.0
2024-04-16 00:00:00-04:00,22.171772965478475,22.39538296905488,21.99976476568377,22.18897247314453,4617600,0.0,0.0
2024-04-17 00:00:00-04:00,22.43838481185733,22.43838481185733,22.07716889473292,22.180374145507812,3462800,0.0,0.0
2024-04-18 00:00:00-04:00,22.18037359441859,22.335179006146948,22.034167116348666,22.145971298217773,6328100,0.0,0.0
2024-04-19 00:00:00-04:00,22.19757242294496,22.32657774896728,21.930961197113266,22.163171768188477,5980400,0.0,0.0
2024-04-22 00:00:00-04:00,22.606104052428726,22.66124039995518,22.385556909570017,22.587724685668945,7453700,1.652,0.0
2024-04-23 00:00:00-04:00,22.927736050049685,22.99206208120948,22.725566520401316,22.93692398071289,5395600,0.0,0.0
2024-04-24 00:00:00-04:00,22.92773714020567,22.97368380671792,22.70718823323856,22.84503173828125,5338200,0.0,0.0
2024-04-25 00:00:00-04:00,22.49583134809109,22.661242156242984,22.376368960399734,22.60610580444336,4610500,0.0,0.0
2024-04-26 00:00:00-04:00,22.707187419155815,22.946113932510208,22.569345671807913,22.734756469726562,4322900,0.0,0.0
2024-04-29 00:00:00-04:00,22.71637729865855,23.019629846541328,22.69799968420575,22.90016746520996,3936500,0.0,0.0
2024-04-30 00:00:00-04:00,20.970378140962477,21.163357994922265,20.271977948148937,20.492525100708008,13373400,0.0,0.0
2024-05-01 00:00:00-04:00,20.7774002337469,20.841726268083097,20.345493855627318,20.657936096191406,5640800,0.0,0.0
2024-05-02 00:00:00-04:00,19.81250389259087,19.95034564118241,19.555199762620774,19.803314208984375,14592600,0.0,0.0
2024-05-03 00:00:00-04:00,20.115757378086673,20.271978501171876,20.005484675175364,20.08819007873535,9286100,0.0,0.0
2024-05-06 00:00:00-04:00,20.005483900057474,20.170894700768564,19.950345797985147,20.161705017089844,5365400,0.0,0.0
2024-05-07 00:00:00-04:00,20.088188948420886,20.106566562703364,19.849262435219522,20.014673233032227,4493300,0.0,0.0
2024-05-08 00:00:00-04:00,19.490873130887657,19.738989344688246,19.41735741043782,19.702232360839844,10884400,0.0,0.0
2024-05-09 00:00:00-04:00,19.738988139367354,20.11575640276032,19.693041474174233,19.996294021606445,6564800,0.0,0.0
2024-05-10 00:00:00-04:00,20.088189611706742,20.161705329522793,19.922778808432383,20.12494659423828,4624400,0.0,0.0
2024-05-13 00:00:00-04:00,20.7314520048846,20.970378529437937,20.713074389728952,20.823347091674805,6453200,0.0,0.0
2024-05-14 00:00:00-04:00,21.292009782538866,21.4757999502989,21.24606311697533,21.429851531982422,7694400,0.0,0.0
2024-05-15 00:00:00-04:00,21.273630064413044,21.41147181158361,21.14497800075424,21.282819747924805,5853900,0.0,0.0
2024-05-16 00:00:00-04:00,21.09903086887184,21.21849500905138,20.970378797373577,20.979568481445312,4834000,0.0,0.0
2024-05-17 00:00:00-04:00,20.786588979792775,20.89686167575026,20.685504214537666,20.74983024597168,5033200,0.0,0.0
2024-05-20 00:00:00-04:00,20.70388400729523,20.722261621830878,20.51090415627099,20.52928352355957,4750000,0.0,0.0
2024-05-21 00:00:00-04:00,20.446578631893114,20.510904666249605,20.29035751156179,20.29954719543457,7365800,0.0,0.0
2024-05-22 00:00:00-04:00,20.26278838196039,20.391442202931213,20.207652031688877,20.30873680114746,5199400,0.0,0.0
2024-05-23 00:00:00-04:00,20.483337093397033,20.501714708143794,20.097379139667723,20.143325805664062,4944400,0.0,0.0
2024-05-24 00:00:00-04:00,20.35468327194142,20.566040739911553,20.290357238450767,20.5017147064209,8235600,0.0,0.0
2024-05-28 00:00:00-04:00,20.65793664278774,20.77740078350418,20.474148218786098,20.611989974975586,7525800,0.0,0.0
2024-05-29 00:00:00-04:00,20.14332482882439,20.373061653171042,20.033050381926735,20.051429748535156,6828400,0.0,0.0
2024-05-30 00:00:00-04:00,20.437389295463177,20.501715330913232,20.327116592621085,20.446578979492188,5355100,0.0,0.0
2024-05-31 00:00:00-04:00,20.3454940522082,20.492525490040997,20.0881899123773,20.46495819091797,6816400,0.0,0.0
2024-06-03 00:00:00-04:00,20.363872329483904,20.40981899406348,20.078999153034125,20.198461532592773,4608000,0.0,0.0
2024-06-04 00:00:00-04:00,20.04224107797473,20.088189496817577,19.858452660862216,19.950345993041992,3970900,0.0,0.0
2024-06-05 00:00:00-04:00,20.30873594690989,20.41900864281456,20.12494578339824,20.391441345214844,5556600,0.0,0.0
2024-06-06 00:00:00-04:00,20.226030660887435,20.373062091411825,20.189271926879883,20.189271926879883,3423500,0.0,0.0
2024-06-07 00:00:00-04:00,19.987105385069242,20.16170587690506,19.94115871746914,20.07900047302246,3978700,0.0,0.0
2024-06-10 00:00:00-04:00,19.88601895456511,20.07899879844779,19.83088260749272,20.051429748535156,4775200,0.0,0.0
2024-06-11 00:00:00-04:00,19.775747455487657,19.812504438172887,19.619526335381227,19.757368087768555,4760500,0.0,0.0
2024-06-12 00:00:00-04:00,20.10656695441278,20.180082671233645,19.95953552077105,19.968725204467773,5286200,0.0,0.0
2024-06-13 00:00:00-04:00,19.71142166588483,19.720609597105447,19.251947983722044,19.371410369873047,9211200,0.0,0.0
2024-06-14 00:00:00-04:00,18.56273627895892,18.654629607340066,18.369756433302165,18.571924209594727,11407900,0.0,0.0
2024-06-17 00:00:00-04:00,18.691388890556922,18.902746356453612,18.61787317403838,18.884366989135742,5535000,0.0,0.0
2024-06-18 00:00:00-04:00,18.783283544585625,18.902745923912313,18.709767829749303,18.746524810791016,4383900,0.0,0.0
2024-06-20 00:00:00-04:00,18.78328459514684,18.902746981155133,18.691389508273463,18.82923126220703,6481700,0.0,0.0
2024-06-21 00:00:00-04:00,18.74652578142825,18.884367534789263,18.663820378861047,18.838420867919922,3822200,0.0,0.0
2024-06-24 00:00:00-04:00,19.12329409267253,19.26113584627938,19.00383170694739,19.0222110748291,5100700,0.0,0.0
2024-06-25 00:00:00-04:00,19.031398108571562,19.086536209616604,18.90274604497229,18.921125411987305,5837400,0.0,0.0
2024-06-26 00:00:00-04:00,18.85679988406363,19.068157352125272,18.82923083280443,19.04977798461914,6272300,0.0,0.0
2024-06-27 00:00:00-04:00,18.360567286162162,18.498409035512644,18.15839950396498,18.16758918762207,8013100,0.0,0.0
2024-06-28 00:00:00-04:00,18.038934599650815,18.2686714230189,18.00217761934341,18.241104125976562,8359800,0.0,0.0
2024-07-01 00:00:00-04:00,18.525978362602956,18.54435773019107,18.305431209804464,18.323810577392578,5936200,0.0,0.0
2024-07-02 00:00:00-04:00,17.89190493836994,18.10326416881628,17.8551479544356,18.066505432128906,6578600,0.0,0.0
2024-07-03 00:00:00-04:00,18.130831419446828,18.30543191273265,18.130831419446828,18.259485244750977,5132500,0.0,0.0
2024-07-05 00:00:00-04:00,18.204346208662713,18.24110494337016,17.891903974661187,17.974609375,6642500,0.0,0.0
2024-07-08 00:00:00-04:00,18.04812587636207,18.057315560438486,17.827578716787226,17.901094436645508,6869900,0.0,0.0
2024-07-09 00:00:00-04:00,17.882713550050074,18.03893466057813,17.855146252914626,17.873525619506836,5717700,0.0,0.0
2024-07-10 00:00:00-04:00,18.19515710068049,18.470842361450195,18.185969169465867,18.470842361450195,4900800,0.0,0.0
2024-07-11 00:00:00-04:00,18.507599688599473,18.663820813447018,18.46165302066027,18.617874145507812,8472200,0.0,0.0
2024-07-12 00:00:00-04:00,18.645442651738108,18.764905036532422,18.6086839162611,18.663820266723633,5323400,0.0,0.0
2024-07-15 00:00:00-04:00,18.645441520891893,18.75571421512892,18.58111373770861,18.590303421020508,4467100,0.0,0.0
2024-07-16 00:00:00-04:00,18.42489278088143,18.581113892983417,18.360566749913474,18.571924209594727,5703400,0.0,0.0
2024-07-17 00:00:00-04:00,18.51678859804271,18.77409448489512,18.47084193202579,18.691389083862305,7044300,0.0,0.0
2024-07-18 00:00:00-04:00,19.297894387543117,19.343841054031316,18.801661976256295,18.856800079345703,6327600,0.0,0.0
2024-07-19 00:00:00-04:00,18.590303576372108,18.68219865750614,18.4616515144362,18.571924209594727,7659800,0.0,0.0
2024-07-22 00:00:00-04:00,18.792474004666005,19.04058845702179,18.645442568917034,19.03139877319336,6611500,0.0,0.0
2024-07-23 00:00:00-04:00,18.608684115458548,18.64544285132904,18.19515710068049,18.470842361450195,9692700,0.0,0.0
2024-07-24 00:00:00-04:00,18.204345893465533,18.2962409758901,17.965419380262823,18.011367797851562,9057300,0.0,0.0
2024-07-25 00:00:00-04:00,16.513483858753613,16.835115793689898,16.237800344667104,16.62375831604004,16457100,0.0,0.0
2024-07-26 00:00:00-04:00,16.201040035249445,16.302124798552974,16.008061944673102,16.228609085083008,12017100,0.0,0.0
2024-07-29 00:00:00-04:00,15.511830271151938,15.631294406455865,15.355609153814228,15.6129150390625,13861800,0.0,0.0
2024-07-30 00:00:00-04:00,15.59453610534069,15.640484525101892,15.291283545928744,15.39236831665039,9554900,0.0,0.0
2024-07-31 00:00:00-04:00,15.272905602517232,15.521020052883024,15.2269571837436,15.337231636047363,9700100,0.0,0.0
2024-08-01 00:00:00-04:00,15.272905288074725,15.373988301789682,14.905324956465327,14.997220039367676,9718400,0.0,0.0
2024-08-02 00:00:00-04:00,14.785862456957188,14.886947222613822,14.537746260937945,14.822619438171387,11846100,0.0,0.0
2024-08-05 00:00:00-04:00,14.271251566080812,14.583693793609385,14.252873075484313,14.46423053741455,11632900,0.0,0.0
2024-08-06 00:00:00-04:00,14.105842313299355,14.418283679249587,14.050705086145495,14.30801010131836,8691300,0.0,0.0
2024-08-07 00:00:00-04:00,14.445852615489123,14.500988965825556,14.078273148948123,14.142600059509277,10214200,0.0,0.0
2024-08-08 00:00:00-04:00,14.197736117193013,14.344767550228115,14.133410084334276,14.262063026428223,9259400,0.0,0.0
2024-08-09 00:00:00-04:00,14.087462658573159,14.179357743166042,14.041515116276718,14.069084167480469,9604800,0.0,0.0
2024-08-12 00:00:00-04:00,14.15178883104049,14.15178883104049,13.958809852600098,13.958809852600098,6479400,0.0,0.0
2024-08-13 00:00:00-04:00,13.940431090080255,14.206925781181514,13.894483548226285,14.170167922973633,9174500,0.0,0.0
2024-08-14 00:00:00-04:00,14.409094871704356,14.436663047093038,14.27125224200795,14.30801010131836,5834000,0.0,0.0
2024-08-15 00:00:00-04:00,14.583693814992538,14.638831039615788,14.528557466745742,14.55612564086914,5028900,0.0,0.0
2024-08-16 00:00:00-04:00,14.528557951732822,14.620452160670544,14.50098890031267,14.602073669433594,5004400,0.0,0.0
2024-08-19 00:00:00-04:00,14.905325342950968,15.061546462109801,14.905325342950968,14.969653129577637,6491000,0.0,0.0
2024-08-20 00:00:00-04:00,15.052356544477387,15.162630995657095,14.969652897033779,14.978840827941895,5704900,0.0,0.0
2024-08-21 00:00:00-04:00,15.236147083223784,15.245336767108626,15.14425199712835,15.217767715454102,6150000,0.0,0.0
2024-08-22 00:00:00-04:00,15.162630995657095,15.171820679318149,14.960463213372726,14.978840827941895,5306800,0.0,0.0
2024-08-23 00:00:00-04:00,15.208577605441102,15.447504121493568,15.190199990939321,15.438314437866211,6475500,0.0,0.0
2024-08-26 00:00:00-04:00,15.392368299864998,15.419937351691654,15.282093845311364,15.3004732131958,4261600,0.0,0.0
2024-08-27 00:00:00-04:00,15.54858920165613,15.54858920165613,15.373988714727275,15.419937133789062,5036900,0.0,0.0
2024-08-28 00:00:00-04:00,15.309662506928278,15.373988540131288,15.254526157433263,15.346421241760254,3945300,0.0,0.0
2024-08-29 00:00:00-04:00,15.3831787109375,15.53939983341414,15.31885267569765,15.3831787109375,4874600,0.0,0.0
2024-08-30 00:00:00-04:00,15.383178398539632,15.42912681760142,15.263716014484924,15.419937133789062,6507200,0.0,0.0
2024-09-03 00:00:00-04:00,15.024789244458605,15.052356542685546,14.565315577978236,14.620451927185059,8913500,0.0,0.0
2024-09-04 00:00:00-04:00,14.638831565014877,14.822619983351473,14.638831565014877,14.776673316955566,4952300,0.0,0.0
2024-09-05 00:00:00-04:00,14.785862549173856,14.804241916272037,14.519367860885437,14.54693603515625,7340700,0.0,0.0
2024-09-06 00:00:00-04:00,14.546936368050439,14.62964176913198,14.243683815002441,14.243683815002441,6651500,0.0,0.0
2024-09-09 00:00:00-04:00,14.225303982057993,14.38152509535042,14.206925491517005,14.289630889892578,5468200,0.0,0.0
2024-09-10 00:00:00-04:00,13.885293727044774,13.940430951998689,13.70150443782582,13.912862777709961,16087600,0.0,0.0
2024-09-11 00:00:00-04:00,13.857725804766934,13.99556755509377,13.664746828483482,13.977189064025879,8636500,0.0,0.0
2024-09-12 00:00:00-04:00,13.692315119827011,13.820968063903274,13.56366305212723,13.784210205078125,11287300,0.0,0.0
2024-09-13 00:00:00-04:00,13.802589824307336,14.00475761334304,13.793400140339397,13.848536491394043,13101900,0.0,0.0
2024-09-16 00:00:00-04:00,13.894483818578795,13.986378904074787,13.8117784169077,13.958809852600098,10700600,0.0,0.0
2024-09-17 00:00:00-04:00,14.013947060213733,14.087462777960472,13.83015776584688,13.876105308532715,11883400,0.0,0.0
2024-09-18 00:00:00-04:00,14.050704859521577,14.24368383688279,13.912863108424915,13.967999458312988,8489600,0.0,0.0
2024-09-19 00:00:00-04:00,14.335578723097333,14.381525388574834,14.13341006476575,14.170167922973633,8234500,0.0,0.0
2024-09-20 00:00:00-04:00,13.96799949920387,14.00475735802902,13.775020521277716,13.784210205078125,10152500,0.0,0.0
2024-09-23 00:00:00-04:00,13.931241101176099,14.326388725534796,13.894483243773646,14.197735786437988,14950900,0.0,0.0
2024-09-24 00:00:00-04:00,14.28044208123645,14.491800431852297,14.234494537504611,14.298821449279785,13345600,0.0,0.0
2024-09-25 00:00:00-04:00,14.252873045083165,14.26206272855004,14.00475684973625,14.013946533203125,8291100,0.0,0.0
2024-09-26 00:00:00-04:00,14.35395702058977,14.473420277249703,14.317199162877209,14.372336387634277,5850100,0.0,0.0
2024-09-27 00:00:00-04:00,14.896135858929691,14.969653330346164,14.749104421602725,14.758294105529785,7646300,0.0,0.0
2024-09-30 00:00:00-04:00,12.883641885822096,12.966346408714694,12.644715371572918,12.911210060119629,33500100,0.0,0.0
2024-10-01 00:00:00-04:00,12.773367845572702,12.791747213278198,12.580388866547434,12.59876823425293,13124200,0.0,0.0
2024-10-02 00:00:00-04:00,12.663094092594942,12.727421002294271,12.506872974773891,12.525252342224121,8532200,0.0,0.0
2024-10-03 00:00:00-04:00,11.964694356094025,12.14848364219252,11.92793562249788,12.019830703735352,10279200,0.0,0.0
2024-10-04 00:00:00-04:00,12.304705290038443,12.378221007677647,12.139294487161992,12.240378379821777,11240100,0.0,0.0
2024-10-07 00:00:00-04:00,12.185241797101497,12.350651720442936,12.176052113477954,12.26794719696045,6460000,0.0,0.0
2024-10-08 00:00:00-04:00,12.240378026802096,12.240378026802096,12.047399054470691,12.09334659576416,7154400,0.0,0.0
2024-10-09 00:00:00-04:00,12.185242202348245,12.479305077069586,12.148484343008079,12.313894271850586,9079000,0.0,0.0
2024-10-10 00:00:00-04:00,12.25875798159208,12.28632615713928,12.157673210624845,12.222000122070312,5539400,0.0,0.0
2024-10-11 00:00:00-04:00,11.744147022451333,11.973883862588984,11.707389163084368,11.95550537109375,14645700,0.0,0.0
2024-10-14 00:00:00-04:00,12.001452563663848,12.176052171460274,11.964694705371102,12.166862487792969,5936100,0.0,0.0
2024-10-15 00:00:00-04:00,11.946315670191494,12.047399564212961,11.845231776170028,11.86361026763916,7912900,0.0,0.0
2024-10-16 00:00:00-04:00,11.927936086439333,12.047399346144033,11.927936086439333,11.973883628845215,6406300,0.0,0.0
2024-10-17 00:00:00-04:00,11.98307362498851,11.992263308984548,11.845231870553947,11.94631576538086,6540200,0.0,0.0
2024-10-18 00:00:00-04:00,12.176051783223791,12.221999323718792,12.102536068982367,12.203619956970215,5519600,0.0,0.0
2024-10-21 00:00:00-04:00,11.992263213429068,12.029021072743827,11.845231776170028,11.86361026763916,5511800,0.0,0.0
2024-10-22 00:00:00-04:00,11.87279983186599,12.07496849424725,11.836041972921805,12.056589126586914,6980400,0.0,0.0
2024-10-23 00:00:00-04:00,12.1760525006651,12.313894253895617,12.139294641378529,12.231189727783203,9366700,0.0,0.0
2024-10-24 00:00:00-04:00,12.617146471818879,12.672283697449929,12.451736547678673,12.534441947937012,9321200,0.0,0.0
2024-10-25 00:00:00-04:00,12.58038861352367,12.66309401378201,12.497684089641801,12.534441947937012,5207600,0.0,0.0
2024-10-28 00:00:00-04:00,12.433357046789885,12.663093877761343,12.424168239597137,12.635525703430176,5904000,0.0,0.0
2024-10-29 00:00:00-04:00,12.405789024652838,12.405789024652838,12.221999732896238,12.258757591247559,7053800,0.0,0.0
2024-10-30 00:00:00-04:00,11.96469478208815,12.221999791787198,11.927936047183238,12.157672882080078,5413700,0.0,0.0
2024-10-31 00:00:00-04:00,12.58957845401742,12.672283855306004,12.433357335222647,12.51606273651123,7389600,0.0,0.0
2024-11-01 00:00:00-04:00,12.653905539532046,12.71823157414756,12.525252593924527,12.589578628540039,7359400,0.0,0.0
2024-11-04 00:00:00-05:00,12.681473793710124,12.75498951269238,12.552820847302927,12.580389022827148,6346400,0.0,0.0
2024-11-05 00:00:00-05:00,12.479304990682301,12.699852145196582,12.451736815462137,12.69066333770752,5590600,0.0,0.0
2024-11-06 00:00:00-05:00,12.56200977819845,12.80093628875579,12.350651441512667,12.74579906463623,24313800,0.0,0.0
2024-11-07 00:00:00-05:00,13.039862676576497,13.076620535988477,12.82850520405174,12.856073379516602,6819700,0.0,0.0
2024-11-08 00:00:00-05:00,12.350652131190753,12.369031499049084,12.194431886277412,12.313894271850586,8197900,0.0,0.0
2024-11-11 00:00:00-05:00,12.46092669738853,12.562010592386802,12.433357645353679,12.488494873046875,7181500,0.0,0.0
2024-11-12 00:00:00-05:00,12.25875798159208,12.31389433268648,12.139294719052211,12.222000122070312,5832100,0.0,0.0
2024-11-13 00:00:00-05:00,12.029020951472898,12.111726353191434,11.964694917414695,12.056589126586914,6821700,0.0,0.0
2024-11-14 00:00:00-05:00,12.359841169552446,12.50687259923351,12.258757280740827,12.286325454711914,9046600,0.0,0.0
2024-11-15 00:00:00-05:00,12.304705133280827,12.378220849983466,12.240378223883662,12.258757591247559,5883400,0.0,0.0
2024-11-18 00:00:00-05:00,12.176052672307186,12.35065228728555,12.166862988261876,12.304705619812012,4524100,0.0,0.0
2024-11-19 00:00:00-05:00,11.863609898484325,12.102536414783941,11.790094182142361,11.992262840270996,8858100,0.0,0.0
2024-11-20 00:00:00-05:00,11.863609936280028,11.881989303612308,11.753336361415768,11.808473587036133,7115000,0.0,0.0
2024-11-21 00:00:00-05:00,11.652252470217647,11.863609936280028,11.652252470217647,11.808473587036133,7018200,0.0,0.0
2024-11-22 00:00:00-05:00,11.698199098526674,12.102536414783941,11.698199098526674,11.992262840270996,12220800,0.0,0.0
2024-11-25 00:00:00-05:00,12.23118910676974,12.451736251291337,12.221999423320561,12.286325454711914,10557900,0.0,0.0
2024-11-26 00:00:00-05:00,11.8819896625132,11.891178470080423,11.56035773549505,11.587925910949707,14663200,0.0,0.0
2024-11-27 00:00:00-05:00,11.606305466462722,11.799284450517979,11.606305466462722,11.753336906433105,6365600,0.0,0.0
2024-11-29 00:00:00-05:00,11.94631572125631,12.15767319412551,11.937126037294215,12.130105018615723,4756200,0.0,0.0
2024-12-02 00:00:00-05:00,11.27548402875683,11.385757601910445,11.137641405032472,11.367378234863281,23214500,0.0,0.0
2024-12-03 00:00:00-05:00,11.569547480353249,11.606305339945155,11.496031761169434,11.496031761169434,12518600,0.0,0.0
2024-12-04 00:00:00-05:00,11.799284040908649,11.799284040908649,11.61549474732587,11.698199272155762,8226200,0.0,0.0
2024-12-05 00:00:00-05:00,12.212810029753019,12.30470511367312,12.120914945832919,12.166862487792969,11732400,0.0,0.0
2024-12-06 00:00:00-05:00,12.580388457815843,12.5987678249242,12.359841310774303,12.543630599975586,17147300,0.0,0.0
2024-12-09 00:00:00-05:00,12.791746976468326,12.938778409884392,12.589578317333,12.617146492004395,10853300,0.0,0.0
2024-12-10 00:00:00-05:00,12.810125896936931,12.846883756523313,12.653905650977181,12.764179229736328,12271800,0.0,0.0
2024-12-11 00:00:00-05:00,12.791746995975764,12.8009366796724,12.626336194942203,12.709041595458984,8752900,0.0,0.0
2024-12-12 00:00:00-05:00,12.718231495209189,12.828505072312701,12.59876823425293,12.59876823425293,5588900,0.0,0.0
2024-12-13 00:00:00-05:00,12.856072814461422,12.865262498004633,12.72742075036231,12.819314956665039,9559800,0.0,0.0
2024-12-16 00:00:00-05:00,12.277135726793784,12.341462634328588,12.084156756942262,12.111725807189941,13863800,0.0,0.0
2024-12-17 00:00:00-05:00,12.31389386232523,12.396599262184184,12.231189338842745,12.26794719696045,10274000,0.0,0.0
2024-12-18 00:00:00-05:00,12.222000115866082,12.341463378345308,11.744147065949182,11.771716117858887,8628800,0.0,0.0
2024-12-19 00:00:00-05:00,11.973883590251049,12.01064144878198,11.76252612279231,11.799283981323242,6671400,0.0,0.0
2024-12-20 00:00:00-05:00,11.670630577798166,11.927935577362414,11.652252087446083,11.845231056213379,6840600,0.0,0.0
2024-12-23 00:00:00-05:00,11.698199462534491,11.872799951561973,11.689010654988172,11.86361026763916,5567500,0.0,0.0
2024-12-24 00:00:00-05:00,11.86360966819265,12.010641098022461,11.845231177652149,12.010641098022461,1991100,0.0,0.0
2024-12-26 00:00:00-05:00,11.946315609055072,12.074968554186587,11.918747433804208,11.96469497680664,4528900,0.0,0.0
2024-12-27 00:00:00-05:00,11.983072924023483,12.102536179854319,11.964694433482983,12.010641098022461,5267900,0.0,0.0
2024-12-30 00:00:00-05:00,12.047399267681508,12.065778635074752,11.92793600875485,11.983073234558105,8086800,0.0,0.0
2024-12-31 00:00:00-05:00,12.047399189339234,12.166862447489041,11.964694665736875,11.992262840270996,6214500,0.0,0.0
2025-01-02 00:00:00-05:00,11.909557142872718,11.964694366940472,11.72576785660761,11.744146347045898,8667000,0.0,0.0
2025-01-03 00:00:00-05:00,11.477652160075538,11.56954724537718,11.404136442384818,11.514410018920898,8469800,0.0,0.0
2025-01-06 00:00:00-05:00,12.01983148459616,12.157673239030723,11.918747589769247,11.94631576538086,12111700,0.0,0.0
2025-01-07 00:00:00-05:00,12.19443183398063,12.267947552345687,12.03821071336076,12.047399520874023,8232200,0.0,0.0
2025-01-08 00:00:00-05:00,11.799283726955602,11.808473410484345,11.689010153740073,11.734957695007324,9259100,0.0,0.0
2025-01-10 00:00:00-05:00,11.707388996953158,11.71657868075862,11.49603152768646,11.514410018920898,6398800,0.0,0.0
2025-01-13 00:00:00-05:00,11.284673222868985,11.35818894082567,11.229536872589716,11.330620765686035,7318600,0.0,0.0
2025-01-14 00:00:00-05:00,11.505221036173609,11.541978894458847,11.385757777652469,11.44089412689209,11672800,0.0,0.0
2025-01-15 00:00:00-05:00,11.670630941703969,11.771715709109925,11.615494592552054,11.716578483581543,6857200,0.0,0.0
2025-01-16 00:00:00-05:00,11.707388759317977,11.707388759317977,11.477651927103528,11.54197883605957,7835300,0.0,0.0
2025-01-17 00:00:00-05:00,11.95550470589032,12.0657782778556,11.780904226329625,11.836041450500488,9025900,0.0,0.0
2025-01-21 00:00:00-05:00,12.120915178510367,12.166862721352443,12.038210653046415,12.148484230041504,6044800,0.0,0.0
2025-01-22 00:00:00-05:00,12.130104923128835,12.148484290908346,12.047399520874023,12.047399520874023,8184600,0.0,0.0
2025-01-23 00:00:00-05:00,12.120914945832919,12.176052171460274,12.065778596582035,12.166862487792969,6958900,0.0,0.0
2025-01-24 00:00:00-05:00,12.378221104412013,12.405789279648037,12.286326018456617,12.323083877563477,8346000,0.0,0.0
2025-01-27 00:00:00-05:00,12.433356949354332,12.56200988918567,12.433356949354332,12.552820205688477,8846500,0.0,0.0
2025-01-28 00:00:00-05:00,12.479304662043136,12.479304662043136,12.120914888113163,12.26794719696045,15083200,0.0,0.0
2025-01-29 00:00:00-05:00,12.267947041868112,12.350651564305043,12.221999500707737,12.277135848999023,7545900,0.0,0.0
2025-01-30 00:00:00-05:00,12.543630970962633,12.59876819754197,12.258757783369427,12.424168586730957,9740100,0.0,0.0
2025-01-31 00:00:00-05:00,12.286325884537028,12.543630895480456,11.93712578863985,12.065778732299805,16066000,0.0,0.0
2025-02-03 00:00:00-05:00,11.505221306974802,11.826852355446825,11.385758045641825,11.597115516662598,18099400,0.0,0.0
2025-02-04 00:00:00-05:00,11.900367853004559,12.084157145347486,11.881989361958503,12.074968338012695,9284000,0.0,0.0
2025-02-05 00:00:00-05:00,11.955505196726667,12.019831230586558,11.881989479064941,11.881989479064941,8996900,0.0,0.0
2025-02-06 00:00:00-05:00,12.084157106537935,12.084157106537935,11.872799640116485,11.891178131103516,12975800,0.0,0.0
2025-02-07 00:00:00-05:00,12.010641389836866,12.065778615550903,11.790094239733666,11.891178131103516,12958300,0.0,0.0
2025-02-10 00:00:00-05:00,11.927935755367136,11.992262663500501,11.872799407111629,11.918746948242188,5558700,0.0,0.0
2025-02-11 00:00:00-05:00,12.010641894986048,12.093347298847329,11.973884035089535,12.029021263122559,7787000,0.0,0.0
2025-02-12 00:00:00-05:00,12.038210901604291,12.258758060148194,12.010641849503923,12.212810516357422,14089300,0.0,0.0
2025-02-13 00:00:00-05:00,12.598768040063506,12.782557332403215,12.001452620865336,12.433357238769531,24495700,0.0,0.0
2025-02-14 00:00:00-05:00,12.892830693003633,13.039862124425754,12.846883151590106,12.911210060119629,12555300,0.0,0.0
2025-02-18 00:00:00-05:00,13.03067366913524,13.067431527983409,12.9571579514389,13.058241844177246,7417800,0.0,0.0
2025-02-19 00:00:00-05:00,12.856073205315607,12.892831064229513,12.718231453482577,12.782557487487793,8701600,0.0,0.0
2025-02-20 00:00:00-05:00,12.828504989329044,12.97553642451596,12.745799587942285,12.966346740722656,6728800,0.0,0.0
2025-02-21 00:00:00-05:00,13.067431233466602,13.076620040689182,12.773367492932437,12.810125350952148,8185500,0.0,0.0
2025-02-24 00:00:00-05:00,12.902020199360406,13.012293771412459,12.791746627308354,12.83769416809082,11899700,0.0,0.0
2025-02-25 00:00:00-05:00,13.094999507528827,13.122567682159264,12.773367590126654,12.892830848693848,15918600,0.0,0.0
2025-02-26 00:00:00-05:00,12.295515919905512,12.49768458675901,12.111726621118926,12.212810516357422,24085400,0.0,0.0
2025-02-27 00:00:00-05:00,11.76252598465509,11.790094159135414,11.54197883605957,11.54197883605957,16523400,0.0,0.0
2025-02-28 00:00:00-05:00,11.771716022422794,11.909557775347807,11.56954735860648,11.689010620117188,21867100,0.0,0.0
2025-03-03 00:00:00-05:00,11.983073337276393,12.07496842227738,11.22953679522363,11.339810371398926,24619200,0.0,0.0
2025-03-04 00:00:00-05:00,10.91709405267122,11.018177940393352,10.475998892005734,10.843578338623047,33070900,0.0,0.0
2025-03-05 00:00:00-05:00,11.560357006556346,11.946314944090938,11.459273118678787,11.845231056213379,25205100,0.0,0.0
2025-03-06 00:00:00-05:00,11.643062767128011,11.881989283790222,11.560357367023672,11.716578483581543,22798700,0.0,0.0
2025-03-07 00:00:00-05:00,11.459273628686388,11.817662532078687,11.431704577366611,11.698199272155762,19774700,0.0,0.0
2025-03-10 00:00:00-04:00,11.85442001886595,12.029020499573907,11.633872873486224,11.826851844787598,25405200,0.0,0.0
2025-03-11 00:00:00-04:00,11.780904215492209,11.799283582324405,11.211156989340825,11.468461990356445,27469900,0.0,0.0
2025-03-12 00:00:00-04:00,11.257105125411272,11.367378703107265,11.119263372385404,11.321431159973145,19176200,0.0,0.0
2025-03-13 00:00:00-04:00,11.01817859256088,11.07331581954881,10.861957471867647,10.871147155761719,19391800,0.0,0.0
2025-03-14 00:00:00-04:00,11.119262838310926,11.39494633112118,11.054935930462277,11.376567840576172,11070400,0.0,0.0
2025-03-17 00:00:00-04:00,11.431704231786588,11.57873653858451,11.404136057676675,11.551167488098145,12009200,0.0,0.0
2025-03-18 00:00:00-04:00,11.652252665098173,11.707389015264207,11.569547263472636,11.606305122375488,14938900,0.0,0.0
2025-03-19 00:00:00-04:00,11.523599335023114,11.716578306897663,11.496031160862879,11.643062591552734,6514800,0.0,0.0
2025-03-20 00:00:00-04:00,11.12845175668908,11.275484064401832,11.091693898855006,11.183588981628418,25832800,0.0,0.0
2025-03-21 00:00:00-04:00,10.98142030487722,11.137641419474862,10.972230621341723,11.091693878173828,14538400,0.0,0.0
2025-03-24 00:00:00-04:00,11.128451624094025,11.321430594517688,11.128451624094025,11.284672737121582,12709800,0.0,0.0
2025-03-25 00:00:00-04:00,11.40413673604405,11.413326420086147,11.266294980918614,11.394947052001953,11601600,0.0,0.0
2025-03-26 00:00:00-04:00,11.30305235569293,11.496031330413656,10.926284089899244,10.990610122680664,30806600,0.0,0.0
2025-03-27 00:00:00-04:00,10.733305633944768,10.944663109799967,10.531136965804983,10.852768898010254,37994000,0.0,0.0
2025-03-28 00:00:00-04:00,10.705736421363667,10.74249428080445,10.37491568639662,10.411673545837402,15818100,0.0,0.0
2025-03-31 00:00:00-04:00,10.181935977222077,10.365725261284917,10.126799630191442,10.301399230957031,19999800,0.0,0.0
2025-04-01 00:00:00-04:00,10.227883727318211,10.29220975896676,10.062472930077428,10.191125869750977,16400300,0.0,0.0
2025-04-02 00:00:00-04:00,10.062473122691138,10.365725672519735,10.044094631743949,10.356536865234375,16806200,0.0,0.0
2025-04-03 00:00:00-04:00,10.044094315529884,10.053283122525956,9.33650447062227,9.382452011108398,31988000,0.0,0.0
2025-04-04 00:00:00-04:00,8.886220466593333,9.09757792506306,8.60134641781192,8.932168006896973,32363300,0.0,0.0
2025-04-07 00:00:00-04:00,8.19701057515172,8.978116186832967,8.123494855978956,8.509452819824219,32821500,0.0,0.0
2025-04-08 00:00:00-04:00,8.41755759928311,8.481883633445827,7.709968594363778,7.838620662689209,30846600,0.0,0.0
2025-04-09 00:00:00-04:00,7.9764627951496125,9.308936196640257,7.856999541722668,9.2997465133667,51190500,0.0,0.0
2025-04-10 00:00:00-04:00,8.481883294863067,8.610536234429372,7.99484146340908,8.187820434570312,36101000,0.0,0.0
2025-04-11 00:00:00-04:00,7.930515809665479,8.187820824680998,7.884568266461442,8.151062965393066,21461800,0.0,0.0
2025-04-14 00:00:00-04:00,8.233768301557062,8.711620468450779,8.013221147606114,8.610536575317383,45521500,0.0,0.0
2025-04-15 00:00:00-04:00,8.610536653530044,8.766757774758432,8.518642443404017,8.601346969604492,29954500,0.0,0.0
2025-04-16 00:00:00-04:00,8.417557019280826,8.60134630163657,8.380799162809678,8.48188304901123,16442300,0.0,0.0
2025-04-17 00:00:00-04:00,8.592157542569401,8.748378652534402,8.509452145955407,8.66567325592041,18249100,0.0,0.0
2025-04-21 00:00:00-04:00,8.665673942160469,8.69324211775613,8.32566352189231,8.509452819824219,17602800,0.0,0.0
2025-04-22 00:00:00-04:00,8.582968111218896,8.79432557421234,8.555399936997242,8.729999542236328,23625800,0.0,0.0
2025-04-23 00:00:00-04:00,9.140000343322754,9.25,8.890000343322754,8.9399995803833,18614300,0.77,0.0
2025-04-24 00:00:00-04:00,9.140000343322754,9.34000015258789,9.100000381469727,9.329999923706055,11394200,0.0,0.0
2025-04-25 00:00:00-04:00,9.25,9.430000305175781,9.210000038146973,9.420000076293945,6554900,0.0,0.0
2025-04-28 00:00:00-04:00,9.4399995803833,9.529999732971191,9.3100004196167,9.359999656677246,10522100,0.0,0.0
2025-04-29 00:00:00-04:00,9.430000305175781,9.789999961853027,9.369999885559082,9.59000015258789,18464100,0.0,0.0
2025-04-30 00:00:00-04:00,9.289999961853027,9.319999694824219,9.170000076293945,9.279999732971191,14367000,0.0,0.0
2025-05-01 00:00:00-04:00,9.460000038146973,9.630000114440918,9.430000305175781,9.460000038146973,11581800,0.0,0.0
2025-05-02 00:00:00-04:00,9.5,9.600000381469727,9.369999885559082,9.59000015258789,15780100,0.0,0.0
2025-05-05 00:00:00-04:00,9.59000015258789,9.59000015258789,9.4399995803833,9.449999809265137,7740600,0.0,0.0
2025-05-06 00:00:00-04:00,9.380000114440918,9.479999542236328,9.34000015258789,9.380000114440918,11635100,0.0,0.0
2025-05-07 00:00:00-04:00,9.460000038146973,9.460000038146973,9.319999694824219,9.4399995803833,9315100,0.0,0.0
2025-05-08 00:00:00-04:00,9.619999885559082,9.949999809265137,9.600000381469727,9.880000114440918,12555700,0.0,0.0
2025-05-09 00:00:00-04:00,9.84000015258789,9.970000267028809,9.729999542236328,9.829999923706055,17687400,0.0,0.0
2025-05-12 00:00:00-04:00,10.630000114440918,10.699999809265137,10.3100004196167,10.470000267028809,19298800,0.0,0.0
2025-05-13 00:00:00-04:00,10.6899995803833,10.989999771118164,10.670000076293945,10.960000038146973,17602000,0.0,0.0
2025-05-14 00:00:00-04:00,10.850000381469727,10.930000305175781,10.789999961853027,10.829999923706055,9791200,0.0,0.0
2025-05-15 00:00:00-04:00,10.75,10.760000228881836,10.630000114440918,10.699999809265137,9410600,0.0,0.0
2025-05-16 00:00:00-04:00,10.729999542236328,10.770000457763672,10.619999885559082,10.75,7690600,0.0,0.0
2025-05-19 00:00:00-04:00,10.65999984741211,10.739999771118164,10.609999656677246,10.670000076293945,10630000,0.0,0.0
2025-05-20 00:00:00-04:00,10.75,10.859999656677246,10.720000267028809,10.75,8429700,0.0,0.0
2025-05-21 00:00:00-04:00,10.710000038146973,10.8100004196167,10.529999732971191,10.569999694824219,10676500,0.0,0.0
2025-05-22 00:00:00-04:00,10.380000114440918,10.430000305175781,10.279999732971191,10.350000381469727,10328900,0.0,0.0
2025-05-23 00:00:00-04:00,9.930000305175781,10.020000457763672,9.890000343322754,9.890000343322754,15791400,0.0,0.0
2025-05-27 00:00:00-04:00,10.569999694824219,10.569999694824219,10.40999984741211,10.479999542236328,12369800,0.0,0.0
2025-05-28 00:00:00-04:00,10.479999542236328,10.489999771118164,10.149999618530273,10.149999618530273,15364400,0.0,0.0
2025-05-29 00:00:00-04:00,10.399999618530273,10.399999618530273,10.210000038146973,10.3100004196167,10089900,0.0,0.0
2025-05-30 00:00:00-04:00,10.170000076293945,10.25,10.0600004196167,10.140000343322754,15337900,0.0,0.0
2025-06-02 00:00:00-04:00,9.829999923706055,9.850000381469727,9.729999542236328,9.779999732971191,15192600,0.0,0.0
2025-06-03 00:00:00-04:00,9.699999809265137,9.989999771118164,9.649999618530273,9.899999618530273,9932700,0.0,0.0
2025-06-04 00:00:00-04:00,9.880000114440918,9.960000038146973,9.819999694824219,9.90999984741211,11236600,0.0,0.0
2025-06-05 00:00:00-04:00,9.819999694824219,9.869999885559082,9.630000114440918,9.680000305175781,14085400,0.0,0.0
2025-06-06 00:00:00-04:00,9.779999732971191,9.9399995803833,9.770000457763672,9.869999885559082,10853500,0.0,0.0
2025-06-09 00:00:00-04:00,9.920000076293945,10.020000457763672,9.90999984741211,9.960000038146973,8817100,0.0,0.0
2025-06-10 00:00:00-04:00,10.210000038146973,10.5,10.130000114440918,10.430000305175781,22183000,0.0,0.0
2025-06-11 00:00:00-04:00,10.4399995803833,10.489999771118164,10.289999961853027,10.3100004196167,14675600,0.0,0.0
2025-06-12 00:00:00-04:00,10.130000114440918,10.25,10.050000190734863,10.119999885559082,14697100,0.0,0.0
2025-06-13 00:00:00-04:00,9.8100004196167,9.869999885559082,9.649999618530273,9.699999809265137,21782700,0.0,0.0
2025-06-16 00:00:00-04:00,9.90999984741211,10.010000228881836,9.850000381469727,9.869999885559082,17945100,0.0,0.0
2025-06-17 00:00:00-04:00,9.899999618530273,9.920000076293945,9.550000190734863,9.579999923706055,14203300,0.0,0.0
2025-06-18 00:00:00-04:00,9.529999732971191,9.640000343322754,9.489999771118164,9.550000190734863,9307200,0.0,0.0
2025-06-20 00:00:00-04:00,9.550000190734863,9.59000015258789,9.399999618530273,9.40999984741211,14728200,0.0,0.0
2025-06-23 00:00:00-04:00,9.199999809265137,9.359999656677246,9.119999885559082,9.359999656677246,15879800,0.0,0.0
2025-06-24 00:00:00-04:00,9.520000457763672,9.630000114440918,9.470000267028809,9.59000015258789,11042000,0.0,0.0
2025-06-25 00:00:00-04:00,10.039999961853027,10.050000190734863,9.800000190734863,9.859999656677246,27760200,0.0,0.0
2025-06-26 00:00:00-04:00,9.789999961853027,9.9399995803833,9.729999542236328,9.930000305175781,11252900,0.0,0.0
2025-06-27 00:00:00-04:00,10.0600004196167,10.390000343322754,10.050000190734863,10.1899995803833,31049200,0.0,0.0
2025-06-30 00:00:00-04:00,10.100000381469727,10.119999885559082,9.970000267028809,10.029999732971191,15856100,0.0,0.0
2025-07-01 00:00:00-04:00,9.869999885559082,10.420000076293945,9.8100004196167,10.220000267028809,35637900,0.0,0.0
2025-07-02 00:00:00-04:00,10.199999809265137,10.34000015258789,10.119999885559082,10.329999923706055,23580500,0.0,0.0
2025-07-03 00:00:00-04:00,10.329999923706055,10.460000038146973,10.239999771118164,10.3100004196167,28350700,0.0,0.0
2025-07-07 00:00:00-04:00,9.90999984741211,10.069999694824219,9.720000267028809,9.800000190734863,31163800,0.0,0.0
2025-07-08 00:00:00-04:00,9.869999885559082,10.1899995803833,9.859999656677246,10.109999656677246,38377100,0.0,0.0
2025-07-09 00:00:00-04:00,10.25,10.289999961853027,10.109999656677246,10.279999732971191,22738500,0.0,0.0
2025-07-10 00:00:00-04:00,10.380000114440918,10.539999961853027,10.319999694824219,10.369999885559082,28844700,0.0,0.0
2025-07-11 00:00:00-04:00,10.0600004196167,10.119999885559082,9.949999809265137,10.069999694824219,27162300,0.0,0.0
2025-07-14 00:00:00-04:00,9.979999542236328,10.020000457763672,9.819999694824219,9.869999885559082,29224500,0.0,0.0
2025-07-15 00:00:00-04:00,10.039999961853027,10.050000190734863,9.470000267028809,9.489999771118164,43600000,0.0,0.0
2025-07-16 00:00:00-04:00,9.479999542236328,9.479999542236328,9.3100004196167,9.420000076293945,31175700,0.0,0.0
2025-07-17 00:00:00-04:00,9.4399995803833,9.550000190734863,9.380000114440918,9.40999984741211,21890800,0.0,0.0
2025-07-18 00:00:00-04:00,9.329999923706055,9.350000381469727,9.170000076293945,9.199999809265137,21216600,0.0,0.0
2025-07-21 00:00:00-04:00,9.100000381469727,9.479999542236328,9.029999732971191,9.260000228881836,42201000,0.0,0.0
2025-07-22 00:00:00-04:00,9.1899995803833,9.350000381469727,9.140000343322754,9.270000457763672,24564500,0.0,0.0
2025-07-23 00:00:00-04:00,9.869999885559082,10.390000343322754,9.760000228881836,10.34000015258789,56235300,0.0,0.0
2025-07-24 00:00:00-04:00,9.760000228881836,9.90999984741211,9.579999923706055,9.579999923706055,30771100,0.0,0.0
2025-07-25 00:00:00-04:00,9.859999656677246,10.140000343322754,9.779999732971191,10.130000114440918,22608200,0.0,0.0
2025-07-28 00:00:00-04:00,9.720000267028809,9.770000457763672,9.550000190734863,9.699999809265137,41729600,0.0,0.0
2025-07-29 00:00:00-04:00,9.600000381469727,9.890000343322754,9.4399995803833,9.59000015258789,32850700,0.0,0.0
2025-07-30 00:00:00-04:00,9.399999618530273,9.399999618530273,8.930000305175781,9.010000228881836,22840600,0.0,0.0
2025-07-31 00:00:00-04:00,8.920000076293945,9.069999694824219,8.819999694824219,8.890000343322754,28149800,0.0,0.0
2025-08-01 00:00:00-04:00,8.890000343322754,8.899999618530273,8.6899995803833,8.789999961853027,14703100,0.0,0.0
2025-08-04 00:00:00-04:00,8.800000190734863,8.819999694824219,8.710000038146973,8.739999771118164,11870100,0.0,0.0
2025-08-05 00:00:00-04:00,8.770000457763672,8.84000015258789,8.65999984741211,8.819999694824219,9975900,0.0,0.0
2025-08-06 00:00:00-04:00,8.90999984741211,8.989999771118164,8.869999885559082,8.960000038146973,12456000,0.0,0.0
2025-08-07 00:00:00-04:00,9.119999885559082,9.300000190734863,9.100000381469727,9.220000267028809,20429700,0.0,0.0
2025-08-08 00:00:00-04:00,9.319999694824219,9.479999542236328,9.279999732971191,9.430000305175781,12909100,0.0,0.0
2025-08-11 00:00:00-04:00,9.420000076293945,9.520000457763672,9.289999961853027,9.350000381469727,10153800,0.0,0.0
2025-08-12 00:00:00-04:00,9.4399995803833,9.699999809265137,9.430000305175781,9.630000114440918,12666100,0.0,0.0
2025-08-13 00:00:00-04:00,9.569999694824219,9.75,9.539999961853027,9.739999771118164,14420200,0.0,0.0
2025-08-14 00:00:00-04:00,9.6899995803833,9.739999771118164,9.619999885559082,9.739999771118164,12587700,0.0,0.0
2025-08-15 00:00:00-04:00,9.850000381469727,9.90999984741211,9.789999961853027,9.789999961853027,8955600,0.0,0.0
2025-08-18 00:00:00-04:00,9.619999885559082,9.739999771118164,9.59000015258789,9.680000305175781,8522600,0.0,0.0
2025-08-19 00:00:00-04:00,9.899999618530273,10.039999961853027,9.869999885559082,9.9399995803833,12018800,0.0,0.0
2025-08-20 00:00:00-04:00,9.850000381469727,9.949999809265137,9.760000228881836,9.770000457763672,8289400,0.0,0.0
2025-08-21 00:00:00-04:00,9.680000305175781,9.6899995803833,9.569999694824219,9.640000343322754,7772100,0.0,0.0
2025-08-22 00:00:00-04:00,9.729999542236328,10.1899995803833,9.720000267028809,10.130000114440918,16261300,0.0,0.0
2025-08-25 00:00:00-04:00,10.050000190734863,10.100000381469727,9.920000076293945,9.930000305175781,10704700,0.0,0.0
2025-08-26 00:00:00-04:00,9.899999618530273,10.010000228881836,9.789999961853027,9.829999923706055,8807700,0.0,0.0
2025-08-27 00:00:00-04:00,9.609999656677246,9.739999771118164,9.449999809265137,9.520000457763672,13222700,0.0,0.0
2025-08-28 00:00:00-04:00,9.779999732971191,9.789999961853027,9.550000190734863,9.640000343322754,10597800,0.0,0.0
2025-08-29 00:00:00-04:00,9.5600004196167,9.699999809265137,9.5600004196167,9.630000114440918,8431500,0.0,0.0
2025-09-02 00:00:00-04:00,9.430000305175781,9.510000228881836,9.34000015258789,9.40999984741211,11864200,0.0,0.0
2025-09-03 00:00:00-04:00,9.300000190734863,9.350000381469727,9.09000015258789,9.140000343322754,12135900,0.0,0.0
2025-09-04 00:00:00-04:00,8.970000267028809,9.09000015258789,8.9399995803833,9.079999923706055,16373400,0.0,0.0
2025-09-05 00:00:00-04:00,9.130000114440918,9.380000114440918,9.050000190734863,9.079999923706055,11701100,0.0,0.0
2025-09-08 00:00:00-04:00,9.0,9.010000228881836,8.800000190734863,8.960000038146973,13996900,0.0,0.0
2025-09-09 00:00:00-04:00,9.0,9.109999656677246,8.890000343322754,8.920000076293945,9202900,0.0,0.0
2025-09-10 00:00:00-04:00,8.8100004196167,8.819999694824219,8.6899995803833,8.75,11974700,0.0,0.0
2025-09-11 00:00:00-04:00,9.020000457763672,9.579999923706055,8.989999771118164,9.569999694824219,27745200,0.0,0.0
2025-09-12 00:00:00-04:00,9.390000343322754,9.4399995803833,9.270000457763672,9.319999694824219,11962100,0.0,0.0
2025-09-15 00:00:00-04:00,9.520000457763672,9.640000343322754,9.449999809265137,9.630000114440918,14482700,0.0,0.0
2025-09-16 00:00:00-04:00,9.680000305175781,9.789999961853027,9.59000015258789,9.720000267028809,19206100,0.0,0.0
2025-09-17 00:00:00-04:00,9.630000114440918,10.029999732971191,9.579999923706055,9.680000305175781,18552000,0.0,0.0
2025-09-18 00:00:00-04:00,9.880000114440918,9.989999771118164,9.8100004196167,9.979999542236328,18817700,0.0,0.0
2025-09-19 00:00:00-04:00,10.100000381469727,10.149999618530273,9.819999694824219,9.880000114440918,20911900,0.0,0.0
2025-09-22 00:00:00-04:00,9.640000343322754,9.770000457763672,9.600000381469727,9.739999771118164,17149500,0.0,0.0
2025-09-23 00:00:00-04:00,9.850000381469727,10.029999732971191,9.819999694824219,9.890000343322754,18904300,0.0,0.0
2025-09-24 00:00:00-04:00,9.630000114440918,9.760000228881836,9.550000190734863,9.630000114440918,19785900,0.0,0.0
2025-09-25 00:00:00-04:00,9.4399995803833,9.479999542236328,9.220000267028809,9.3100004196167,17417900,0.0,0.0
2025-09-26 00:00:00-04:00,9.239999771118164,9.289999961853027,9.15999984741211,9.229999542236328,18005600,0.0,0.0
2025-09-29 00:00:00-04:00,9.359999656677246,9.399999618530273,9.220000267028809,9.350000381469727,19208400,0.0,0.0
2025-09-30 00:00:00-04:00,9.25,9.34000015258789,9.180000305175781,9.34000015258789,14437000,0.0,0.0
2025-10-01 00:00:00-04:00,9.4399995803833,9.649999618530273,9.430000305175781,9.640000343322754,20288700,0.0,0.0
2025-10-02 00:00:00-04:00,10.3100004196167,10.510000228881836,10.229999542236328,10.399999618530273,32588000,0.0,0.0
2025-10-03 00:00:00-04:00,10.420000076293945,10.75,10.390000343322754,10.729999542236328,16068200,0.0,0.0
2025-10-06 00:00:00-04:00,10.819999694824219,10.989999771118164,10.699999809265137,10.789999961853027,16406200,0.0,0.0
2025-10-07 00:00:00-04:00,11.039999961853027,11.09000015258789,10.8100004196167,10.850000381469727,22631600,0.0,0.0
2025-10-08 00:00:00-04:00,10.819999694824219,10.869999885559082,10.75,10.800000190734863,11310800,0.0,0.0
2025-10-09 00:00:00-04:00,10.9399995803833,10.9399995803833,10.569999694824219,10.59000015258789,19051000,0.0,0.0
2025-10-10 00:00:00-04:00,10.670000076293945,10.670000076293945,9.8100004196167,9.8100004196167,21041900,0.0,0.0
2025-10-13 00:00:00-04:00,10.130000114440918,10.229999542236328,10.0600004196167,10.170000076293945,19063900,0.0,0.0
2025-10-14 00:00:00-04:00,9.680000305175781,9.930000305175781,9.649999618530273,9.90999984741211,21744600,0.0,0.0
2025-10-15 00:00:00-04:00,9.949999809265137,10.149999618530273,9.899999618530273,10.119999885559082,19476900,0.0,0.0
2025-10-16 00:00:00-04:00,10.1899995803833,10.369999885559082,10.119999885559082,10.229999542236328,20241000,0.0,0.0
2025-10-17 00:00:00-04:00,10.350000381469727,10.5600004196167,10.319999694824219,10.5600004196167,21951400,0.0,0.0
2025-10-20 00:00:00-04:00,10.489999771118164,10.75,10.470000267028809,10.6899995803833,16631500,0.0,0.0
2025-10-21 00:00:00-04:00,10.84000015258789,11.140000343322754,10.770000457763672,11.119999885559082,21514000,0.0,0.0
2025-10-22 00:00:00-04:00,10.800000190734863,10.9399995803833,10.720000267028809,10.800000190734863,19989500,0.0,0.0
2025-10-23 00:00:00-04:00,10.770000457763672,10.8100004196167,10.630000114440918,10.760000228881836,12123700,0.0,0.0
2025-10-24 00:00:00-04:00,10.869999885559082,11.0,10.819999694824219,10.880000114440918,13328800,0.0,0.0
2025-10-27 00:00:00-04:00,11.020000457763672,11.0600004196167,10.899999618530273,10.9399995803833,13183300,0.0,0.0
2025-10-28 00:00:00-04:00,11.020000457763672,11.3100004196167,11.010000228881836,11.3100004196167,25328000,0.0,0.0
2025-10-29 00:00:00-04:00,11.270000457763672,11.430000305175781,11.100000381469727,11.210000038146973,20943200,0.0,0.0
2025-10-30 00:00:00-04:00,10.15999984741211,10.359999656677246,9.970000267028809,10.140000343322754,25420100,0.0,0.0
2025-10-31 00:00:00-04:00,10.300000190734863,10.300000190734863,10.069999694824219,10.140000343322754,11774900,0.0,0.0
2025-11-03 00:00:00-05:00,10.199999809265137,10.239999771118164,10.09000015258789,10.220000267028809,14273400,0.0,0.0
2025-11-04 00:00:00-05:00,9.890000343322754,9.979999542236328,9.8100004196167,9.819999694824219,15759800,0.0,0.0
2025-11-05 00:00:00-05:00,10.0600004196167,10.359999656677246,10.029999732971191,10.25,17474800,0.0,0.0
2025-11-06 00:00:00-05:00,10.229999542236328,10.300000190734863,10.010000228881836,10.079999923706055,18248400,0.0,0.0
2025-11-07 00:00:00-05:00,10.100000381469727,10.270000457763672,10.050000190734863,10.239999771118164,13064000,0.0,0.0
2025-11-10 00:00:00-05:00,10.420000076293945,10.449999809265137,10.25,10.359999656677246,15996300,0.0,0.0
2025-11-11 00:00:00-05:00,10.550000190734863,10.890000343322754,10.520000457763672,10.760000228881836,22595800,0.0,0.0
2025-11-12 00:00:00-05:00,10.770000457763672,10.880000114440918,10.65999984741211,10.720000267028809,11809100,0.0,0.0
2025-11-13 00:00:00-05:00,10.75,10.859999656677246,10.600000381469727,10.619999885559082,12743100,0.0,0.0
2025-11-14 00:00:00-05:00,10.319999694824219,10.520000457763672,10.300000190734863,10.380000114440918,9880500,0.0,0.0
2025-11-17 00:00:00-05:00,10.3100004196167,10.3100004196167,9.90999984741211,9.979999542236328,15865700,0.0,0.0
2025-11-18 00:00:00-05:00,9.710000038146973,9.8100004196167,9.619999885559082,9.739999771118164,11149900,0.0,0.0
2025-11-19 00:00:00-05:00,9.770000457763672,9.84000015258789,9.65999984741211,9.6899995803833,7814900,0.0,0.0
2025-11-20 00:00:00-05:00,9.579999923706055,9.65999984741211,9.220000267028809,9.229999542236328,16922800,0.0,0.0
2025-11-21 00:00:00-05:00,9.619999885559082,9.960000038146973,9.59000015258789,9.869999885559082,20068000,0.0,0.0
2025-11-24 00:00:00-05:00,9.9399995803833,10.170000076293945,9.9399995803833,10.130000114440918,9029400,0.0,0.0
2025-11-25 00:00:00-05:00,10.199999809265137,10.569999694824219,10.180000305175781,10.539999961853027,19701000,0.0,0.0
2025-11-26 00:00:00-05:00,10.289999961853027,10.430000305175781,10.279999732971191,10.319999694824219,11528600,0.0,0.0
2025-11-28 00:00:00-05:00,10.470000267028809,10.680000305175781,10.470000267028809,10.65999984741211,6294600,0.0,0.0
2025-12-01 00:00:00-05:00,10.539999961853027,10.84000015258789,10.529999732971191,10.649999618530273,9176800,0.0,0.0
2025-12-02 00:00:00-05:00,10.649999618530273,10.970000267028809,10.5600004196167,10.949999809265137,21868400,0.0,0.0
2025-12-03 00:00:00-05:00,11.180000305175781,11.510000228881836,11.170000076293945,11.460000038146973,15786800,0.0,0.0
2025-12-04 00:00:00-05:00,11.930000305175781,11.989999771118164,11.819999694824219,11.84000015258789,13709800,0.0,0.0
2025-12-05 00:00:00-05:00,12.079999923706055,12.220000267028809,12.029999732971191,12.050000190734863,14051200,0.0,0.0
2025-12-08 00:00:00-05:00,11.949999809265137,12.029999732971191,11.899999618530273,11.9399995803833,5970800,0.0,0.0
2025-12-09 00:00:00-05:00,11.789999961853027,11.890000343322754,11.65999984741211,11.680000305175781,9434100,0.0,0.0
2025-12-10 00:00:00-05:00,11.84000015258789,12.149999618530273,11.75,12.119999885559082,11751200,0.0,0.0
2025-12-11 00:00:00-05:00,11.760000228881836,11.84000015258789,11.710000038146973,11.800000190734863,11625500,0.0,0.0
2025-12-12 00:00:00-05:00,11.890000343322754,11.9399995803833,11.75,11.779999732971191,8065300,0.0,0.0
2025-12-15 00:00:00-05:00,11.899999618530273,11.979999542236328,11.770000457763672,11.930000305175781,9161400,0.0,0.0
2025-12-16 00:00:00-05:00,11.930000305175781,12.0,11.770000457763672,11.829999923706055,10103600,0.0,0.0
2025-12-17 00:00:00-05:00,11.670000076293945,11.850000381469727,11.65999984741211,11.670000076293945,7697100,0.0,0.0
2025-12-18 00:00:00-05:00,11.739999771118164,11.779999732971191,11.619999885559082,11.649999618530273,10213000,0.0,0.0
2025-12-19 00:00:00-05:00,11.619999885559082,11.699999809265137,11.529999732971191,11.539999961853027,9881700,0.0,0.0
2025-12-22 00:00:00-05:00,11.399999618530273,11.4399995803833,11.010000228881836,11.079999923706055,19037800,0.0,0.0
2025-12-23 00:00:00-05:00,11.1899995803833,11.210000038146973,11.020000457763672,11.020000457763672,7996100,0.0,0.0
2025-12-24 00:00:00-05:00,11.010000228881836,11.0600004196167,10.920000076293945,11.029999732971191,3709400,0.0,0.0
2025-12-26 00:00:00-05:00,11.010000228881836,11.079999923706055,11.010000228881836,11.050000190734863,3039100,0.0,0.0
2025-12-29 00:00:00-05:00,11.069999694824219,11.100000381469727,11.010000228881836,11.050000190734863,6688200,0.0,0.0
2025-12-30 00:00:00-05:00,11.069999694824219,11.199999809265137,11.039999961853027,11.039999961853027,6540800,0.0,0.0
2025-12-31 00:00:00-05:00,10.949999809265137,10.979999542236328,10.880000114440918,10.890000343322754,5951600,0.0,0.0
2026-01-02 00:00:00-05:00,11.300000190734863,11.470000267028809,11.229999542236328,11.420000076293945,11321900,0.0,0.0
2026-01-05 00:00:00-05:00,11.300000190734863,11.350000381469727,11.260000228881836,11.3100004196167,9647400,0.0,0.0
2026-01-06 00:00:00-05:00,10.949999809265137,11.119999885559082,10.9399995803833,11.09000015258789,13585200,0.0,0.0
2026-01-07 00:00:00-05:00,10.960000038146973,11.0,10.779999732971191,10.779999732971191,8128200,0.0,0.0
2026-01-08 00:00:00-05:00,10.680000305175781,11.130000114440918,10.649999618530273,11.050000190734863,24100600,0.0,0.0
2026-01-09 00:00:00-05:00,11.260000228881836,11.319999694824219,10.760000228881836,10.90999984741211,17008500,0.0,0.0
2026-01-12 00:00:00-05:00,10.640000343322754,10.640000343322754,10.4399995803833,10.449999809265137,13372200,0.0,0.0
2026-01-13 00:00:00-05:00,10.329999923706055,10.359999656677246,10.069999694824219,10.100000381469727,18693700,0.0,0.0
2026-01-14 00:00:00-05:00,10.210000038146973,10.260000228881836,10.100000381469727,10.170000076293945,10912800,0.0,0.0
2026-01-15 00:00:00-05:00,10.069999694824219,10.09000015258789,9.9399995803833,10.020000457763672,10265900,0.0,0.0
2026-01-16 00:00:00-05:00,9.84000015258789,9.859999656677246,9.59000015258789,9.600000381469727,19977700,0.0,0.0
2026-01-20 00:00:00-05:00,9.5,9.569999694824219,9.319999694824219,9.359999656677246,17917300,0.0,0.0
2026-01-21 00:00:00-05:00,9.510000228881836,9.9399995803833,9.5,9.920000076293945,22674700,0.0,0.0
2026-01-22 00:00:00-05:00,9.75,9.9399995803833,9.739999771118164,9.789999961853027,17329700,0.0,0.0
2026-01-23 00:00:00-05:00,9.65999984741211,9.779999732971191,9.630000114440918,9.739999771118164,8730300,0.0,0.0
2026-01-26 00:00:00-05:00,9.779999732971191,9.789999961853027,9.640000343322754,9.680000305175781,9775900,0.0,0.0
2026-01-27 00:00:00-05:00,9.619999885559082,9.789999961853027,9.609999656677246,9.75,11539700,0.0,0.0
2026-01-28 00:00:00-05:00,9.850000381469727,9.869999885559082,9.670000076293945,9.699999809265137,9145400,0.0,0.0
2026-01-29 00:00:00-05:00,9.770000457763672,9.859999656677246,9.640000343322754,9.859999656677246,11628800,0.0,0.0
2026-01-30 00:00:00-05:00,9.850000381469727,9.899999618530273,9.710000038146973,9.869999885559082,15459700,0.0,0.0
2026-02-02 00:00:00-05:00,9.869999885559082,10.039999961853027,9.800000190734863,9.899999618530273,20512500,0.0,0.0
2026-02-03 00:00:00-05:00,9.819999694824219,10.109999656677246,9.75,9.920000076293945,18069000,0.0,0.0
2026-02-04 00:00:00-05:00,10.239999771118164,10.420000076293945,10.119999885559082,10.229999542236328,20549500,0.0,0.0
2026-02-05 00:00:00-05:00,9.729999542236328,9.819999694824219,9.510000228881836,9.539999961853027,16080000,0.0,0.0
2026-02-06 00:00:00-05:00,7.159999847412109,7.449999809265137,7.03000020980835,7.28000020980835,93075400,0.0,0.0
2026-02-09 00:00:00-05:00,7.5,7.579999923706055,7.300000190734863,7.309999942779541,30715400,0.0,0.0
2026-02-10 00:00:00-05:00,7.409999847412109,7.579999923706055,7.389999866485596,7.480000019073486,19243100,0.0,0.0
2026-02-11 00:00:00-05:00,7.489999771118164,7.659999847412109,7.480000019073486,7.619999885559082,14876400,0.0,0.0
2026-02-12 00:00:00-05:00,7.829999923706055,8.050000190734863,7.789999961853027,7.900000095367432,19936800,0.0,0.0
2026-02-13 00:00:00-05:00,7.920000076293945,7.929999828338623,7.730000019073486,7.75,12166000,0.0,0.0
2026-02-17 00:00:00-05:00,7.889999866485596,7.909999847412109,7.679999828338623,7.829999923706055,13786500,0.0,0.0
2026-02-18 00:00:00-05:00,7.820000171661377,7.949999809265137,7.789999961853027,7.840000152587891,11844300,0.0,0.0
2026-02-19 00:00:00-05:00,7.670000076293945,7.679999828338623,7.480000019073486,7.510000228881836,12944900,0.0,0.0
2026-02-20 00:00:00-05:00,7.679999828338623,7.849999904632568,7.599999904632568,7.730000019073486,16776900,0.0,0.0
2026-02-23 00:00:00-05:00,7.710000038146973,7.75,7.570000171661377,7.599999904632568,10406200,0.0,0.0
2026-02-24 00:00:00-05:00,7.71999979019165,7.800000190734863,7.679999828338623,7.769999980926514,11098300,0.0,0.0
2026-02-25 00:00:00-05:00,7.78000020980835,7.820000171661377,7.670000076293945,7.710000038146973,11286200,0.0,0.0
2026-02-26 00:00:00-05:00,8.130000114440918,8.220000267028809,7.909999847412109,8.050000190734863,21349300,0.0,0.0
2026-02-27 00:00:00-05:00,8.020000457763672,8.270000457763672,8.0,8.09000015258789,16353200,0.0,0.0
2026-03-02 00:00:00-05:00,7.630000114440918,7.690000057220459,7.53000020980835,7.630000114440918,22842100,0.0,0.0
2026-03-03 00:00:00-05:00,7.159999847412109,7.510000228881836,7.110000133514404,7.489999771118164,23639200,0.0,0.0
2026-03-04 00:00:00-05:00,7.579999923706055,7.670000076293945,7.460000038146973,7.46999979019165,13329400,0.0,0.0
2026-03-05 00:00:00-05:00,7.380000114440918,7.510000228881836,7.210000038146973,7.269999980926514,19205000,0.0,0.0
2026-03-06 00:00:00-05:00,7.170000076293945,7.260000228881836,7.130000114440918,7.150000095367432,11919400,0.0,0.0
2026-03-09 00:00:00-04:00,6.989999771118164,7.079999923706055,6.849999904632568,7.070000171661377,23294800,0.0,0.0
2026-03-10 00:00:00-04:00,7.119999885559082,7.179999828338623,6.900000095367432,6.900000095367432,18642500,0.0,0.0
2026-03-11 00:00:00-04:00,6.960000038146973,7.079999923706055,6.860000133514404,6.889999866485596,14362400,0.0,0.0
2026-03-12 00:00:00-04:00,6.75,6.909999847412109,6.630000114440918,6.860000133514404,25488100,0.0,0.0
2026-03-13 00:00:00-04:00,6.800000190734863,6.809999942779541,6.5,6.5,23406900,0.0,0.0
2026-03-16 00:00:00-04:00,6.5,6.639999866485596,6.46999979019165,6.570000171661377,19955400,0.0,0.0
2026-03-17 00:00:00-04:00,6.789999961853027,6.920000076293945,6.699999809265137,6.710000038146973,29104600,0.0,0.0
2026-03-18 00:00:00-04:00,6.619999885559082,6.670000076293945,6.480000019073486,6.5,22335500,0.0,0.0
2026-03-19 00:00:00-04:00,6.440000057220459,6.550000190734863,6.380000114440918,6.5,24407200,0.0,0.0
2026-03-20 00:00:00-04:00,6.449999809265137,6.5,6.28000020980835,6.329999923706055,22786500,0.0,0.0
2026-03-23 00:00:00-04:00,6.559999942779541,6.71999979019165,6.510000228881836,6.590000152587891,24624200,0.0,0.0
2026-03-24 00:00:00-04:00,6.550000190734863,6.820000171661377,6.53000020980835,6.75,30936000,0.0,0.0
2026-03-25 00:00:00-04:00,6.900000095367432,6.989999771118164,6.840000152587891,6.880000114440918,23107200,0.0,0.0
2026-03-26 00:00:00-04:00,6.739999771118164,6.90500020980835,6.704999923706055,6.75,25751707,0.0,0.0
