Date,Open,High,Low,Close,Volume,Dividends,Stock Splits
2022-01-04 00:00:00-05:00,13.879158476559288,14.037212797435553,13.592684784451546,13.790252685546875,529500,0.0,0.0
2022-01-05 00:00:00-05:00,13.889035537841188,14.26441403647007,13.355601794116305,13.404993057250977,557800,0.0,0.0
2022-01-06 00:00:00-05:00,12.990098446753944,13.138275044208843,12.76289564956541,12.901193618774414,608100,0.0,0.0
2022-01-07 00:00:00-05:00,12.940707189680152,13.148153672454738,12.703624822167882,12.901193618774414,487300,0.0,0.0
2022-01-10 00:00:00-05:00,12.851802888575465,13.049370765686035,12.66411269876196,13.049370765686035,359900,0.0,0.0
2022-01-11 00:00:00-05:00,12.999977772721845,13.484019277815598,12.920950626668901,13.464262962341309,450600,0.0,0.0
2022-01-12 00:00:00-05:00,13.602560579346658,13.810006125692745,13.424749034389594,13.770492553710938,434400,0.0,0.0
2022-01-13 00:00:00-05:00,13.701345383270802,13.859399686713614,13.484020244997954,13.503777503967285,322600,0.0,0.0
2022-01-14 00:00:00-05:00,13.42475124387188,13.434629874012652,13.0493717772248,13.26669692993164,461800,0.0,0.0
2022-01-17 00:00:00-05:00,13.23706006365223,13.246938693064731,13.11851933693606,13.207425117492676,85300,0.0,0.0
2022-01-18 00:00:00-05:00,13.296330847593737,13.553169558876453,12.920951410044678,13.049370765686035,661700,0.0,0.0
2022-01-19 00:00:00-05:00,13.434629324320282,14.80772682705286,13.26669638711043,14.669429779052734,1449000,0.0,0.0
2022-01-20 00:00:00-05:00,14.81760635574011,14.936147093536668,14.363199723147627,14.432348251342773,1137700,0.0,0.0
2022-01-21 00:00:00-05:00,14.44222369045552,14.521250831524341,13.612437767155072,13.701343536376953,887100,0.0,0.0
2022-01-24 00:00:00-05:00,13.365478859736402,13.404992433652748,12.318368679914276,12.999978065490723,1462500,0.0,0.0
2022-01-25 00:00:00-05:00,12.753018502906539,13.167911516656073,12.6838699813076,13.108641624450684,862300,0.0,0.0
2022-01-26 00:00:00-05:00,12.960464406058904,13.375357400481956,12.65423444574726,12.762896537780762,874700,0.0,0.0
2022-01-27 00:00:00-05:00,12.466544471812382,12.614721082045607,12.012137896170755,12.022016525268555,878700,0.0,0.0
2022-01-28 00:00:00-05:00,11.923232118446405,12.04177284138623,11.72566424688003,12.022016525268555,789300,0.0,0.0
2022-01-31 00:00:00-05:00,12.16031566186834,12.772776592958662,12.071409875696228,12.753019332885742,713200,0.0,0.0
2022-02-01 00:00:00-05:00,12.91107227467764,13.23705949465395,12.762896608171284,12.960464477539062,1316600,0.0,0.0
2022-02-02 00:00:00-05:00,12.980220640892059,13.069125468051777,12.614719877864893,12.644354820251465,1002500,0.0,0.0
2022-02-03 00:00:00-05:00,12.387518401163488,12.575207659965024,12.091166096986006,12.35788345336914,599100,0.0,0.0
2022-02-04 00:00:00-05:00,12.288733076556621,12.693748396144777,12.239341814579618,12.476423263549805,502800,0.0,0.0
2022-02-07 00:00:00-05:00,12.61472011084477,13.286450822454247,12.594962854170273,13.197545051574707,618700,0.0,0.0
2022-02-08 00:00:00-05:00,13.158033008868278,13.57292602645223,13.088884486630274,13.523533821105957,569100,0.0,0.0
2022-02-09 00:00:00-05:00,13.474141592780564,13.701344402191348,13.345722244909204,13.48401927947998,382200,0.0,0.0
2022-02-10 00:00:00-05:00,13.395113881148802,13.89891168050766,13.177788767613345,13.256815910339355,706000,0.0,0.0
2022-02-11 00:00:00-05:00,13.276571665406612,14.224898280226927,13.237058095709008,14.086601257324219,1005900,0.0,0.0
2022-02-14 00:00:00-05:00,14.264413349104201,14.481738476320647,14.09648136679821,14.23477840423584,918500,0.0,0.0
2022-02-15 00:00:00-05:00,13.780373722422695,14.471861830608292,13.612440775024732,14.432348251342773,604700,0.0,0.0
2022-02-16 00:00:00-05:00,14.481740095649025,14.906511768597213,14.412591569198117,14.8571195602417,956200,0.0,0.0
2022-02-17 00:00:00-05:00,15.153469569349001,15.380672374405977,14.876874563429853,15.163348197937012,1222200,0.0,0.0
2022-02-18 00:00:00-05:00,15.272012061814099,15.281890691550673,14.56076673610637,14.669429779052734,668200,0.0,0.0
2022-02-22 00:00:00-05:00,14.768213653493452,14.936146595289427,14.264414828105526,14.40271282196045,623600,0.0,0.0
2022-02-23 00:00:00-05:00,14.392832849773061,14.995416034875559,14.323684330332942,14.629915237426758,890600,0.0,0.0
2022-02-24 00:00:00-05:00,15.59799817504603,15.59799817504603,14.007575643865142,14.373076438903809,1564900,0.0,0.0
2022-02-25 00:00:00-05:00,14.056967315136298,14.254536132991678,13.671710192889783,14.205143928527832,933100,0.0,0.0
2022-02-28 00:00:00-05:00,14.491617060525805,14.491617060525805,13.859398938794108,14.096481323242188,707700,0.0,0.0
2022-03-01 00:00:00-05:00,14.205142952646911,15.370794752771436,14.185385695387502,15.341158866882324,994700,0.0,0.0
2022-03-02 00:00:00-05:00,14.995415205994833,15.09419866515213,14.659549372288714,15.005292892456055,888600,0.0,0.0
2022-03-03 00:00:00-05:00,15.054686962692063,15.163350005961016,14.58052403886459,14.847240447998047,659500,0.0,0.0
2022-03-04 00:00:00-05:00,14.995417218739446,15.568364561819795,14.975659959009368,15.360918045043945,886200,0.0,0.0
2022-03-07 00:00:00-05:00,15.410310375070024,16.190703299065866,15.14359301905691,15.854837417602539,1056500,0.0,0.0
2022-03-08 00:00:00-05:00,16.3388820295389,17.850276719777536,16.269731615000097,16.704381942749023,2063700,0.0,0.0
2022-03-09 00:00:00-05:00,15.884468710553325,16.358631505696895,15.607873746719575,16.151185989379883,1218300,0.0,0.0
2022-03-10 00:00:00-05:00,16.3388758238721,17.524282789108774,16.3388758238721,17.27732276916504,1796500,0.0,0.0
2022-03-11 00:00:00-05:00,16.50681358962153,17.040248355582566,16.38827378662321,16.852558135986328,1210400,0.0,0.0
2022-03-14 00:00:00-04:00,16.43766254631708,16.69450125912277,16.02276953088571,16.269729614257812,953300,0.0,0.0
2022-03-15 00:00:00-04:00,15.706657955013863,17.198296802564474,15.558482309846436,16.77352523803711,1215500,0.0,0.0
2022-03-16 00:00:00-04:00,16.496931272076225,16.971094092264444,16.309241115860054,16.892066955566406,1075700,0.0,0.0
2022-03-17 00:00:00-04:00,17.17854411285888,18.097235994869195,17.11927421587126,17.395870208740234,1445700,0.0,0.0
2022-03-18 00:00:00-04:00,17.316794334197354,17.554010462514636,16.9510849581085,17.18830108642578,866500,0.01,0.0
2022-03-21 00:00:00-04:00,17.297027842859972,17.870300690242846,17.267375116447845,17.445287704467773,805700,0.0,0.0
2022-03-22 00:00:00-04:00,17.435400162398203,17.435400162398203,16.872011663783113,17.119112014770508,602700,0.0,0.0
2022-03-23 00:00:00-04:00,17.356326132441236,17.504585948963587,16.951081754174744,17.277254104614258,483000,0.0,0.0
2022-03-24 00:00:00-04:00,17.484824335857986,17.90983731343755,17.208071217027335,17.247608184814453,748000,0.0,0.0
2022-03-25 00:00:00-04:00,17.079579121487146,17.099345719320254,16.783057531274874,17.059810638427734,602200,0.0,0.0
2022-03-28 00:00:00-04:00,16.822596997438207,16.990625357961683,16.447003304396755,16.52607536315918,458600,0.0,0.0
2022-03-29 00:00:00-04:00,15.774885685812716,16.545838479871332,15.517901106922183,16.516185760498047,905700,0.0,0.0
2022-03-30 00:00:00-04:00,16.50630714022814,16.931318236041506,16.338278796217686,16.46677017211914,518200,0.0,0.0
2022-03-31 00:00:00-04:00,16.535956802041024,16.81270990339186,16.21966862062651,16.239437103271484,529100,0.0,0.0
2022-04-01 00:00:00-04:00,16.08129144137638,16.81270826074251,16.08129144137638,16.802824020385742,452700,0.0,0.0
2022-04-04 00:00:00-04:00,16.8324792967742,16.911551346406096,16.486538372674758,16.733638763427734,563900,0.0,0.0
2022-04-05 00:00:00-04:00,16.723760124354143,17.129004750135717,15.94292172307009,15.992342948913574,633300,0.0,0.0
2022-04-06 00:00:00-04:00,16.021987380490096,16.348161684704674,15.863843291600372,16.140596389770508,500200,0.0,0.0
2022-04-07 00:00:00-04:00,16.150482603095888,16.545842873597174,16.091179033827316,16.3975830078125,581200,0.0,0.0
2022-04-08 00:00:00-04:00,16.447001405245626,16.852245895262396,16.39758208118558,16.733638763427734,568100,0.0,0.0
2022-04-11 00:00:00-04:00,17.109229954813323,17.257489807253993,16.56560986745542,16.852245330810547,673600,0.0,0.0
2022-04-12 00:00:00-04:00,17.049926837190256,17.445287082456645,16.7435228827621,17.099346160888672,1032200,0.0,0.0
2022-04-13 00:00:00-04:00,17.336561144857423,17.781340635613315,17.297024184669688,17.702268600463867,887200,0.0,0.0
2022-04-14 00:00:00-04:00,17.67261670660378,17.850529265314822,17.435400590064425,17.731922149658203,650100,0.0,0.0
2022-04-18 00:00:00-04:00,18.048217062758415,18.196476955454543,17.316799958260926,17.346450805664062,833300,0.0,0.0
2022-04-19 00:00:00-04:00,17.089464062691658,17.089464062691658,16.09117825003529,16.16036605834961,1030600,0.0,0.0
2022-04-20 00:00:00-04:00,15.91326368220675,16.16036404408814,15.695815099819466,16.110942840576172,659500,0.0,0.0
2022-04-21 00:00:00-04:00,15.84407834327043,15.942916995192762,15.05335593130667,15.2411527633667,882600,0.0,0.0
2022-04-22 00:00:00-04:00,15.033587789445512,15.399296254119186,14.588807275253918,14.687646865844727,755000,0.0,0.0
2022-04-25 00:00:00-04:00,14.104490823039376,14.341706973051902,13.66959360540322,13.985881805419922,923900,0.0,0.0
2022-04-26 00:00:00-04:00,14.124260975745077,14.242869072681435,13.432379938976306,13.452147483825684,627000,0.0,0.0
2022-04-27 00:00:00-04:00,13.570752152756716,13.689361162345511,13.155624389648438,13.155624389648438,749700,0.0,0.0
2022-04-28 00:00:00-04:00,13.185279145721017,13.550987670397078,13.007366533808698,13.462031364440918,845700,0.0,0.0
2022-04-29 00:00:00-04:00,13.521333347118498,13.60040539478244,13.037015876910395,13.1160888671875,1297100,0.0,0.0
2022-05-02 00:00:00-04:00,12.770148176364959,12.948060758045454,12.503279303844218,12.928292274475098,789600,0.0,0.0
2022-05-03 00:00:00-04:00,12.918407757375869,13.313768936838548,12.888755975265443,13.195160865783691,617700,0.0,0.0
2022-05-04 00:00:00-04:00,13.175391793584959,13.442260648486995,12.809683355196073,13.392840385437012,547500,0.0,0.0
2022-05-05 00:00:00-04:00,13.550985390441994,13.570752931432283,12.364903710016055,12.513163566589355,817100,0.0,0.0
2022-05-06 00:00:00-04:00,12.443975315575116,12.572467626577367,12.028846600833424,12.05849838256836,733300,0.0,0.0
2022-05-09 00:00:00-04:00,11.752093483947027,11.761976781980442,10.941603660583496,10.941603660583496,957200,0.0,0.0
2022-05-10 00:00:00-04:00,11.267778049102244,11.317198318441326,10.526476836855695,10.734041213989258,1138700,0.0,0.0
2022-05-11 00:00:00-04:00,10.971260411682461,11.287548687621292,10.4968270551608,10.575899124145508,1119400,0.0,0.0
2022-05-12 00:00:00-04:00,10.388100673674977,10.397984915551474,9.350278841972491,9.557843208312988,1913600,0.0,0.0
2022-05-13 00:00:00-04:00,9.547958460982853,10.575895996391475,9.547958460982853,10.42763614654541,1181600,0.0,0.0
2022-05-16 00:00:00-04:00,10.556129611474713,10.595665638601039,10.239840451850863,10.318912506103516,632800,0.0,0.0
2022-05-17 00:00:00-04:00,10.536360288507867,10.694504384433865,10.33868016860037,10.496824264526367,817900,0.0,0.0
2022-05-18 00:00:00-04:00,10.437521762400973,10.447405062442595,9.972972726367363,10.00262451171875,721200,0.0,0.0
2022-05-19 00:00:00-04:00,10.269493027480696,10.822997399074303,10.150884947853495,10.556129455566406,903000,0.0,0.0
2022-05-20 00:00:00-04:00,10.63520127616356,10.753809353197965,10.29914458659281,10.536360740661621,741900,0.0,0.0
2022-05-24 00:00:00-04:00,10.564056689530817,10.653079787549283,10.148616194325374,10.425576210021973,697500,0.008,0.0
2022-05-25 00:00:00-04:00,10.227749027763123,10.40579524817811,10.12883425123897,10.336554527282715,1298600,0.0,0.0
2022-05-26 00:00:00-04:00,10.257422310738077,10.524491621243211,10.24753064516652,10.504708290100098,444200,0.0,0.0
2022-05-27 00:00:00-04:00,10.682754507165725,10.781668333011012,10.455250915411382,10.564057350158691,427600,0.0,0.0
2022-05-30 00:00:00-04:00,10.623405930790772,10.623405930790772,10.41568566093414,10.475034713745117,106600,0.0,0.0
2022-05-31 00:00:00-04:00,10.425576801832074,10.643188726749878,9.881547461198139,9.97057056427002,1074000,0.0,0.0
2022-06-01 00:00:00-04:00,10.148615390496822,10.54427252443936,10.09915801292375,10.29698657989502,535800,0.0,0.0
2022-06-02 00:00:00-04:00,10.484926561099686,11.394939097798355,10.484926561099686,11.296024322509766,778500,0.0,0.0
2022-06-03 00:00:00-04:00,11.127868481467171,11.26634896216547,10.90036584530686,11.019062995910645,612300,0.0,0.0
2022-06-06 00:00:00-04:00,11.325700185927904,11.51363810031647,10.791562389400516,10.890477180480957,500100,0.0,0.0
2022-06-07 00:00:00-04:00,10.82123518691273,10.95971568960494,10.623406571153321,10.850910186767578,545800,0.0,0.0
2022-06-08 00:00:00-04:00,10.78166851472243,11.00917211031106,10.613513970298143,10.910257339477539,524800,0.0,0.0
2022-06-09 00:00:00-04:00,10.87069257532106,10.87069257532106,10.47503534385181,10.494817733764648,469600,0.0,0.0
2022-06-10 00:00:00-04:00,10.296987074370525,11.296022564701769,10.188181593141591,11.22678279876709,865500,0.0,0.0
2022-06-13 00:00:00-04:00,10.643188235792481,10.791559438520668,10.099158920253961,10.118941307067871,1389600,0.0,0.0
2022-06-14 00:00:00-04:00,10.207963718311545,10.237638711514826,9.713391818109303,9.861763954162598,552800,0.0,0.0
2022-06-15 00:00:00-04:00,10.14861663538906,10.435468328514663,9.851873276871267,10.15850830078125,875800,0.0,0.0
2022-06-16 00:00:00-04:00,9.950787742748007,10.395902295381902,9.812307261415219,10.237639427185059,641900,0.0,0.0
2022-06-17 00:00:00-04:00,10.18818203220658,10.277205131285415,9.960678451969438,10.178290367126465,647100,0.0,0.0
2022-06-20 00:00:00-04:00,10.14861742179485,10.247531253418089,10.079376702005257,10.168399810791016,162400,0.0,0.0
2022-06-21 00:00:00-04:00,10.188183305817706,10.67286363547937,10.089268529293554,10.336554527282715,420200,0.0,0.0
2022-06-22 00:00:00-04:00,10.227747561804524,10.455250194552068,10.000243985735894,10.010135650634766,664600,0.0,0.0
2022-06-23 00:00:00-04:00,9.990352232662017,10.118940089786417,9.545236791381452,9.713391304016113,695500,0.0,0.0
2022-06-24 00:00:00-04:00,9.723284457376987,10.296987843666003,9.68371873912675,10.217856407165527,472700,0.0,0.0
2022-06-27 00:00:00-04:00,10.34644380270722,10.445358556373808,10.138723574664187,10.306878089904785,462500,0.0,0.0
2022-06-28 00:00:00-04:00,10.32666218578975,10.386011236488136,9.713393064071848,9.841981887817383,654500,0.0,0.0
2022-06-29 00:00:00-04:00,9.931004814134162,9.990353863768377,9.43643285935991,9.614479064941406,640300,0.0,0.0
2022-06-30 00:00:00-04:00,9.475997695230083,9.60458650469066,9.030883166064116,9.129796981811523,729400,0.0,0.0
2022-07-04 00:00:00-04:00,9.258387097741423,9.347410204801053,9.15947326803609,9.28806209564209,281600,0.0,0.0
2022-07-05 00:00:00-04:00,9.119909164207128,9.20893228704819,8.457182520080716,8.833057403564453,1244400,0.0,0.0
2022-07-06 00:00:00-04:00,8.882512728766951,8.941861784239617,8.516529559429015,8.842947006225586,671300,0.0,0.0
2022-07-07 00:00:00-04:00,8.941859936833794,9.416649452558962,8.902294222466782,9.199037551879883,569500,0.0,0.0
2022-07-08 00:00:00-04:00,9.258386917982655,9.337518357538997,8.88251210842944,9.060558319091797,480400,0.0,0.0
2022-07-11 00:00:00-04:00,8.922077004665075,9.159471276322257,8.862727965090288,8.87261962890625,443300,0.0,0.0
2022-07-12 00:00:00-04:00,8.84294829006733,9.01110287111155,8.565988192068003,8.763816833496094,878300,0.0,0.0
2022-07-13 00:00:00-04:00,8.655009315519504,9.386975591234934,8.655009315519504,9.189146995544434,577200,0.0,0.0
2022-07-14 00:00:00-04:00,8.724249374516333,8.941861308578623,8.437397665520162,8.93196964263916,756700,0.0,0.0
2022-07-15 00:00:00-04:00,9.020991614685254,9.119906374994862,8.575877079934148,8.882511138916016,550500,0.0,0.0
2022-07-18 00:00:00-04:00,9.020990853472908,9.278168453919788,9.020990853472908,9.050664901733398,354400,0.0,0.0
2022-07-19 00:00:00-04:00,9.100125155825996,9.288063055330824,9.011102039568055,9.110016822814941,489400,0.0,0.0
2022-07-20 00:00:00-04:00,9.179256450122317,9.406760070420715,8.941862106323242,8.941862106323242,488400,0.0,0.0
2022-07-21 00:00:00-04:00,8.971534015324531,8.981425679778017,8.506637105863199,8.595659255981445,1264500,0.0,0.0
2022-07-22 00:00:00-04:00,8.684681035460656,9.169362143819546,8.476960829969961,8.496744155883789,859900,0.0,0.0
2022-07-25 00:00:00-04:00,8.457180476714754,8.476962864054553,8.031848300716119,8.308808326721191,703200,0.0,0.0
2022-07-26 00:00:00-04:00,8.328592147518727,8.575878135406287,8.289026427189565,8.516529083251953,442400,0.0,0.0
2022-07-27 00:00:00-04:00,8.526420180990664,9.06055784150169,8.486854463298037,9.0308837890625,642800,0.0,0.0
2022-07-28 00:00:00-04:00,9.446323719538398,9.58480325134406,9.100123003382123,9.485889434814453,1060200,0.0,0.0
2022-07-29 00:00:00-04:00,9.594694329827991,9.782632173398426,9.27816862695695,9.703500747680664,1103800,0.0,0.0
2022-08-02 00:00:00-04:00,9.792523843064817,10.020027421540316,9.634260976292866,9.644152641296387,718500,0.0,0.0
2022-08-03 00:00:00-04:00,9.673827138918218,9.673827138918218,9.238604235232977,9.377083778381348,762100,0.0,0.0
2022-08-04 00:00:00-04:00,9.565022627841758,10.494817579815937,9.436433793670211,10.267314910888672,1077900,0.0,0.0
2022-08-05 00:00:00-04:00,9.921114130940568,10.287097300511322,9.634262406502884,10.267314910888672,910400,0.0,0.0
2022-08-08 00:00:00-04:00,10.494816176282507,10.821233579633008,10.494816176282507,10.712428092956543,675900,0.0,0.0
2022-08-09 00:00:00-04:00,10.781668005506376,10.79155967078678,10.306879391900448,10.583839416503906,387800,0.0,0.0
2022-08-10 00:00:00-04:00,10.761885475380794,10.870690962057258,10.504707841431578,10.712428092956543,585400,0.0,0.0
2022-08-11 00:00:00-04:00,10.672861488751337,10.801450295040032,10.267312684552163,10.287095069885254,715400,0.0,0.0
2022-08-12 00:00:00-04:00,10.42557951927158,10.702539622879847,10.346448061097787,10.57395076751709,486500,0.0,0.0
2022-08-15 00:00:00-04:00,10.294799565840004,10.423484678416445,10.0473284133532,10.403687477111816,421500,0.008,0.0
2022-08-16 00:00:00-04:00,10.255204589383235,10.3937887796282,10.166115764255288,10.314598083496094,347300,0.0,0.0
2022-08-17 00:00:00-04:00,10.225508882472623,10.225508882472623,9.760262808826635,9.809757232666016,521000,0.0,0.0
2022-08-18 00:00:00-04:00,9.908745953910946,10.086924555820527,9.869150604150196,9.93844223022461,395800,0.0,0.0
2022-08-19 00:00:00-04:00,9.75036422553845,9.799857703046989,9.552386539394009,9.591981887817383,470100,0.0,0.0
2022-08-22 00:00:00-04:00,9.413801650069852,9.552384873367648,9.295015625517136,9.48309326171875,519900,0.0,0.0
2022-08-23 00:00:00-04:00,9.502892094098701,10.067125987676366,9.502892094098701,9.879047393798828,678200,0.0,0.0
2022-08-24 00:00:00-04:00,9.839452589792918,10.26510327339289,9.740464695392886,10.255204200744629,433900,0.0,0.0
2022-08-25 00:00:00-04:00,10.364091986397868,10.453181751099034,10.156216183437651,10.235406875610352,354900,0.0,0.0
2022-08-26 00:00:00-04:00,10.255205296528358,10.34429507182703,9.700870385379597,9.82955551147461,673000,0.0,0.0
2022-08-29 00:00:00-04:00,9.651374258241189,10.007732352541748,9.582082642578502,9.71076774597168,484300,0.0,0.0
2022-08-30 00:00:00-04:00,9.700868112079096,9.750362524982913,9.423700721456095,9.48309326171875,408400,0.0,0.0
2022-08-31 00:00:00-04:00,9.403904535511888,9.681071983809773,9.354410112308935,9.49299430847168,644600,0.0,0.0
2022-09-01 00:00:00-04:00,9.295016843193796,9.32471311721543,9.057443818938141,9.087141036987305,500200,0.0,0.0
2022-09-02 00:00:00-04:00,9.36431030866509,9.661275939465474,9.196029816012462,9.52269172668457,597500,0.0,0.0
2022-09-06 00:00:00-04:00,9.601881151432876,9.799857897477635,9.304915560351944,9.324713706970215,582700,0.0,0.0
2022-09-07 00:00:00-04:00,9.334613744979693,9.928544044494629,9.205928610744536,9.928544044494629,623100,0.0,0.0
2022-09-08 00:00:00-04:00,9.819657232875956,10.11662285990792,9.770162804366011,10.10672378540039,455000,0.0,0.0
2022-09-09 00:00:00-04:00,10.284901304997428,10.383889198303223,10.067126429280652,10.383889198303223,453900,0.0,0.0
2022-09-12 00:00:00-04:00,10.799642310238305,11.16589954898749,10.720451606942678,10.908530235290527,808600,0.0,0.0
2022-09-13 00:00:00-04:00,10.482881640170879,10.690757514826851,10.284904841457534,10.344297409057617,718000,0.0,0.0
2022-09-14 00:00:00-04:00,10.472982564228252,10.562072359656216,10.304702049314947,10.344297409057617,610600,0.0,0.0
2022-09-15 00:00:00-04:00,10.235407822498267,10.48287899443864,9.928543153920058,10.08692455291748,677800,0.0,0.0
2022-09-16 00:00:00-04:00,9.888947684061437,10.34429467266227,9.760262562932114,10.067127227783203,1289600,0.0,0.0
2022-09-19 00:00:00-04:00,9.908746687327184,10.373991845445186,9.859252260455913,10.354194641113281,609700,0.0,0.0
2022-09-20 00:00:00-04:00,10.195812802485584,10.21561000598671,9.87904905021887,9.987936973571777,734500,0.0,0.0
2022-09-21 00:00:00-04:00,10.146317548443587,10.443283128910862,9.89884638872545,10.156216621398926,906400,0.0,0.0
2022-09-22 00:00:00-04:00,10.255205962199726,10.413588319693405,9.760263573104664,9.780061721801758,701600,0.0,0.0
2022-09-23 00:00:00-04:00,9.403904592958236,9.50289343996884,8.918861319467016,9.05744457244873,931900,0.0,0.0
2022-09-26 00:00:00-04:00,9.077241683347125,9.225723992887023,8.780276120239828,8.899062156677246,959700,0.0,0.0
2022-09-27 00:00:00-04:00,9.14653356640326,9.275218678938305,8.938657760620117,8.938657760620117,683100,0.0,0.0
2022-09-28 00:00:00-04:00,9.106938996247955,9.80975716676862,9.106938996247955,9.799858093261719,761300,0.0,0.0
2022-09-29 00:00:00-04:00,9.611779863087417,9.859251022338867,9.463297545147569,9.859251022338867,603100,0.0,0.0
2022-09-30 00:00:00-04:00,9.81965391885211,10.581864462167955,9.750362308739957,10.453180313110352,633600,0.0,0.0
2022-10-03 00:00:00-04:00,10.849136348163126,11.423269398556352,10.769945647697,11.294584274291992,1139900,0.0,0.0
2022-10-04 00:00:00-04:00,11.611346632469589,11.97760478816467,11.433168035243082,11.670740127563477,1056100,0.0,0.0
2022-10-05 00:00:00-04:00,11.324280365051075,11.740032007686724,11.136202690538568,11.710335731506348,765100,0.0,0.0
2022-10-06 00:00:00-04:00,11.730134431686782,12.274570278130629,11.650943728784853,12.244874000549316,735400,0.0,0.0
2022-10-07 00:00:00-04:00,11.888514863614336,11.938009284880499,11.175797651853284,11.205493927001953,722700,0.0,0.0
2022-10-11 00:00:00-04:00,11.096608541861654,11.52225930396508,10.997619685177419,11.156002044677734,664200,0.0,0.0
2022-10-12 00:00:00-04:00,11.165898905084875,11.571751472077619,10.977821231610527,11.55195426940918,524000,0.0,0.0
2022-10-13 00:00:00-04:00,11.08670946738769,11.185698324071925,10.542272643679803,11.156002044677734,874800,0.0,0.0
2022-10-14 00:00:00-04:00,11.007518153595365,11.08670885697156,10.40368880434496,10.463081359863281,739200,0.0,0.0
2022-10-17 00:00:00-04:00,10.75014596286074,11.136201280432285,10.51257389544478,10.611562728881836,634100,0.0,0.0
2022-10-18 00:00:00-04:00,10.809541262385238,10.908530112403463,10.443284027762024,10.740249633789062,569000,0.0,0.0
2022-10-19 00:00:00-04:00,10.542270957339497,10.542270957339497,10.096823061569633,10.146317481994629,602800,0.0,0.0
2022-10-20 00:00:00-04:00,10.166115423199223,10.898629809860353,10.077025657032527,10.700653076171875,754900,0.0,0.0
2022-10-21 00:00:00-04:00,10.67095567492722,11.433167266578634,10.651158473911963,11.403470993041992,1087700,0.0,0.0
2022-10-24 00:00:00-04:00,11.33417969053714,11.383674114623634,11.037214090045781,11.304483413696289,577800,0.0,0.0
2022-10-25 00:00:00-04:00,11.254987850241964,11.48266180038085,11.165898084710552,11.274785995483398,764900,0.0,0.0
2022-10-26 00:00:00-04:00,11.393573681349586,11.928111407757271,11.393573681349586,11.68064022064209,867200,0.0,0.0
2022-10-27 00:00:00-04:00,11.631144902151028,11.769729096154249,11.304483035740484,11.393572807312012,555700,0.0,0.0
2022-10-28 00:00:00-04:00,11.215393573825866,11.334179624525056,10.958023325297146,11.294584274291992,462100,0.0,0.0
2022-10-31 00:00:00-04:00,11.086707829822926,11.452965035012165,11.037213408791393,11.344078063964844,976800,0.0,0.0
2022-11-01 00:00:00-04:00,11.829121780255447,12.234974349488438,11.611346885534966,11.710335731506348,475500,0.0,0.0
2022-11-02 00:00:00-04:00,11.789526075994237,11.789526075994237,10.888731192059204,10.918427467346191,945700,0.0,0.0
2022-11-03 00:00:00-04:00,10.829337139582405,11.155999927021453,10.690753899363893,10.97782039642334,702200,0.0,0.0
2022-11-04 00:00:00-04:00,11.571752090413092,11.987503752969506,11.423269758369079,11.947908401489258,1323800,0.0,0.0
2022-11-07 00:00:00-05:00,12.07659218851323,12.432951256283868,11.868716380322871,12.036996841430664,882000,0.0,0.0
2022-11-08 00:00:00-05:00,12.096391533465493,12.769512500611292,11.938010129431188,12.522041320800781,876400,0.0,0.0
2022-11-09 00:00:00-05:00,12.284468642502414,12.769511905769633,11.89841422415926,11.987503051757812,789200,0.0,0.0
2022-11-10 00:00:00-05:00,12.769511350118185,12.878399263602033,12.333962528265433,12.640827178955078,840200,0.0,0.0
2022-11-11 00:00:00-05:00,12.640829620125785,12.640829620125785,12.155785340266409,12.423054695129395,1015400,0.0,0.0
2022-11-14 00:00:00-05:00,12.353760529461821,12.89819730003235,12.333963326473814,12.769512176513672,926400,0.0,0.0
2022-11-15 00:00:00-05:00,12.858601345566662,12.90809576675144,11.997401815450743,12.086491584777832,1009500,0.0,0.0
2022-11-16 00:00:00-05:00,12.086491584777832,12.234973904304603,11.92811019220859,12.086491584777832,560500,0.0,0.0
2022-11-17 00:00:00-05:00,11.749931644088026,12.046897252203697,11.542055812809819,11.947908401489258,564200,0.0,0.0
2022-11-18 00:00:00-05:00,11.9380098262149,12.106289355706453,11.829121905686259,12.027098655700684,568500,0.0,0.0
2022-11-21 00:00:00-05:00,11.945875476058175,12.173698510511509,11.76757853107758,12.134077072143555,430500,0.008,0.0
2022-11-22 00:00:00-05:00,12.282658264171186,12.668968029276694,12.223226573939375,12.530292510986328,590100,0.0,0.0
2022-11-23 00:00:00-05:00,12.52038627810165,12.768020493648086,12.292562308581156,12.718493461608887,689700,0.0,0.0
2022-11-24 00:00:00-05:00,12.817546497096476,12.876979124084208,12.70858778304345,12.7581148147583,198700,0.0,0.0
2022-11-25 00:00:00-05:00,12.659062432688163,12.738305316097035,12.480766417343046,12.530292510986328,288800,0.0,0.0
2022-11-28 00:00:00-05:00,12.510480485922402,12.510480485922402,11.648713542737903,11.668523788452148,698400,0.0,0.0
2022-11-29 00:00:00-05:00,12.035023862461715,12.34209074020631,11.995402421267219,12.173699378967285,613500,0.0,0.0
2022-11-30 00:00:00-05:00,12.40152102111003,12.60953283942323,11.965684306021775,12.371804237365723,1607600,0.0,0.0
2022-12-01 00:00:00-05:00,12.688777788004058,12.797736504211194,12.193509350363222,12.639250755310059,948100,0.0,0.0
2022-12-02 00:00:00-05:00,12.282656925333336,12.886885026275829,12.183603804194107,12.728399276733398,791900,0.0,0.0
2022-12-05 00:00:00-05:00,12.55010143307751,12.58972286761199,12.114264708548728,12.124170303344727,953900,0.0,0.0
2022-12-06 00:00:00-05:00,12.312375032404752,12.322279684326277,11.975592306181179,12.005308151245117,650200,0.0,0.0
2022-12-07 00:00:00-05:00,12.18360513223494,12.668968029276694,12.18360513223494,12.530292510986328,1061400,0.0,0.0
2022-12-08 00:00:00-05:00,12.728398793113312,12.787830474608805,12.233130372286327,12.272751808166504,813100,0.0,0.0
2022-12-09 00:00:00-05:00,12.381711247804432,12.678872506681659,12.044928550720215,12.044928550720215,873000,0.0,0.0
2022-12-12 00:00:00-05:00,11.995401993745217,12.025118782069223,11.708146319160639,11.935970306396484,626800,0.0,0.0
2022-12-13 00:00:00-05:00,12.500576912659472,12.6392524336876,11.876538485007451,12.104362487792969,930500,0.0,0.0
2022-12-14 00:00:00-05:00,12.114266051912129,12.19350987441803,11.856727171204021,12.054834365844727,1062100,0.0,0.0
2022-12-15 00:00:00-05:00,11.718053414283524,11.727959011658685,11.440703300327339,11.480324745178223,906400,0.0,0.0
2022-12-16 00:00:00-05:00,11.311930231224595,11.70814456985,11.282214391990063,11.63880729675293,1224500,0.0,0.0
2022-12-19 00:00:00-05:00,11.638808843824599,11.668524687009064,11.113824539200788,11.143540382385254,687700,0.0,0.0
2022-12-20 00:00:00-05:00,11.519943774019502,11.935969330028083,11.430795305639155,11.718050956726074,986200,0.0,0.0
2022-12-21 00:00:00-05:00,11.817105241901917,12.015212428321774,11.718051176367197,11.727956771850586,679200,0.0,0.0
2022-12-22 00:00:00-05:00,11.549659236449687,11.807199037846049,11.282214784730025,11.78738784790039,903200,0.0,0.0
2022-12-23 00:00:00-05:00,11.78739089358324,11.817107686180094,11.401082036321883,11.708148002624512,676100,0.0,0.0
2022-12-28 00:00:00-05:00,11.718053414283524,11.718053414283524,11.401081855476455,11.480324745178223,455400,0.0,0.0
2022-12-29 00:00:00-05:00,11.63881188203074,11.688338930033185,11.302029089193956,11.321840286254883,992900,0.0,0.0
2022-12-30 00:00:00-05:00,11.29211927073149,11.361457489882756,11.044485067911506,11.17325496673584,524700,0.0,0.0
2023-01-03 00:00:00-05:00,11.569470951822801,11.975590917657406,11.302025543307577,11.420889854431152,1012300,0.0,0.0
2023-01-04 00:00:00-05:00,11.589282374113672,11.906254847259547,11.43079660986557,11.866632461547852,1313400,0.0,0.0
2023-01-05 00:00:00-05:00,11.589281654635085,11.66852453183963,11.351553023021454,11.65861988067627,1035700,0.0,0.0
2023-01-06 00:00:00-05:00,11.836915070690894,12.015212004504418,11.450606306960987,11.926063537597656,840700,0.0,0.0
2023-01-09 00:00:00-05:00,12.025118373597468,12.035023024719388,11.559565763481404,11.56947135925293,777200,0.0,0.0
2023-01-10 00:00:00-05:00,11.579374631501942,11.896347045898438,11.401078652094002,11.896347045898438,706600,0.0,0.0
2023-01-11 00:00:00-05:00,11.955778767653255,11.985495551537284,11.61899610749691,11.63880729675293,625400,0.0,0.0
2023-01-12 00:00:00-05:00,11.945874402195843,12.015211676944357,11.50013207981391,11.737861633300781,727800,0.0,0.0
2023-01-13 00:00:00-05:00,11.72795575910602,11.945874117674743,11.61899610749691,11.63880729675293,933300,0.0,0.0
2023-01-16 00:00:00-05:00,11.638808030555271,11.78738818074509,11.609092189447217,11.628902435302734,277000,0.0,0.0
2023-01-17 00:00:00-05:00,11.589282120269136,11.589282120269136,11.193067718327317,11.331742286682129,762100,0.0,0.0
2023-01-18 00:00:00-05:00,11.500133696274522,11.63880920991332,11.183162173271153,11.202973365783691,1034700,0.0,0.0
2023-01-19 00:00:00-05:00,11.074202432345455,11.143539710478349,10.777041184469454,10.895905494689941,1362800,0.0,0.0
2023-01-20 00:00:00-05:00,10.777041162668661,10.786946757996056,10.410542637401154,10.677987098693848,920700,0.0,0.0
2023-01-23 00:00:00-05:00,10.489785414285155,10.618555318408763,10.202529764978507,10.499691009521484,1134800,0.0,0.0
2023-01-24 00:00:00-05:00,10.420447811762836,10.707703452105752,10.301582561935156,10.65817642211914,763600,0.0,0.0
2023-01-25 00:00:00-05:00,10.450165292204174,11.084108352661133,10.430354099240057,11.084108352661133,858300,0.0,0.0
2023-01-26 00:00:00-05:00,11.044483869484225,11.094010893603992,10.747323614064456,10.81666088104248,996700,0.0,0.0
2023-01-27 00:00:00-05:00,10.658178469253587,10.727515757762857,10.469975908085981,10.489787101745605,723100,0.0,0.0
2023-01-30 00:00:00-05:00,10.400639133237238,10.687894842940658,10.38082793859919,10.469976425170898,666300,0.0,0.0
2023-01-31 00:00:00-05:00,10.40063784567971,10.569029200657925,10.341205213772843,10.410543441772461,768200,0.0,0.0
2023-02-01 00:00:00-05:00,10.361014397862155,10.767134312457367,10.232244507562548,10.70770263671875,904300,0.0,0.0
2023-02-02 00:00:00-05:00,10.836471734041114,11.054390085648185,10.440257408073226,10.628458976745605,1226000,0.0,0.0
2023-02-03 00:00:00-05:00,10.321393029522092,10.519500190955926,10.153001706140968,10.192623138427734,1009500,0.0,0.0
2023-02-06 00:00:00-05:00,10.182717544193677,10.29167719146938,10.093569085386088,10.192623138427734,628600,0.0,0.0
2023-02-07 00:00:00-05:00,10.172814972371329,10.321395137631324,10.01432826620444,10.113382339477539,781000,0.0,0.0
2023-02-08 00:00:00-05:00,10.242151375944939,10.271867217511147,10.014327404871821,10.073760032653809,603900,0.0,0.0
2023-02-09 00:00:00-05:00,10.13319169488594,10.182718727160516,9.776598762878223,9.855841636657715,649600,0.0,0.0
2023-02-10 00:00:00-05:00,9.826127413368688,9.84593766275123,9.598303405246272,9.667641639709473,529100,0.0,0.0
2023-02-13 00:00:00-05:00,9.588398715263404,9.687451851086955,9.499250231767403,9.578493118286133,451000,0.0,0.0
2023-02-14 00:00:00-05:00,9.479437576063246,9.717167143610745,9.449721734363399,9.598301887512207,689200,0.0,0.0
2023-02-15 00:00:00-05:00,9.439818173748254,9.459629368918344,9.2516165428813,9.429913520812988,720200,0.0,0.0
2023-02-16 00:00:00-05:00,9.320952634757267,9.65773535202304,9.301142386791451,9.548776626586914,808400,0.0,0.0
2023-02-17 00:00:00-05:00,9.449724010301797,9.568588350378887,9.320954072389165,9.528966903686523,715200,0.0,0.0
2023-02-21 00:00:00-05:00,9.509155185522383,9.60820831464574,9.311047037976355,9.33085823059082,447400,0.0,0.0
2023-02-22 00:00:00-05:00,9.291236790011546,9.360574074862862,9.211993908852998,9.33085823059082,874900,0.0,0.0
2023-02-23 00:00:00-05:00,9.3209528573568,9.37047989542861,9.053508363208513,9.122845649719238,701000,0.0,0.0
2023-02-24 00:00:00-05:00,8.895021688628942,8.895021688628942,7.963917336620333,8.033254623413086,2928500,0.0,0.0
2023-02-27 00:00:00-05:00,8.122402107480868,8.231361767252347,7.993632201618847,8.162023544311523,1219500,0.0,0.0
2023-02-28 00:00:00-05:00,8.122401220264168,8.29079254456332,8.033252760970564,8.251171112060547,854800,0.0,0.0
2023-03-01 00:00:00-05:00,8.290793942390932,8.508712330221949,8.28088834643279,8.488901138305664,773000,0.0,0.0
2023-03-02 00:00:00-05:00,8.370037122740328,8.498807040893215,8.320510085812348,8.459185600280762,492800,0.0,0.0
2023-03-03 00:00:00-05:00,8.587953400302887,8.815776391471868,8.518616132494836,8.795966148376465,573500,0.0,0.0
2023-03-06 00:00:00-05:00,8.766251510348043,8.875210223898351,8.607764820661838,8.677103042602539,674800,0.0,0.0
2023-03-07 00:00:00-05:00,8.568141579379802,8.5780471725202,8.270981342362655,8.379940032958984,786800,0.0,0.0
2023-03-08 00:00:00-05:00,8.409656859904391,8.459183886800245,8.013442534036486,8.122401237487793,909800,0.0,0.0
2023-03-09 00:00:00-05:00,8.20865351100165,8.307792219809121,8.139256982110497,8.238395690917969,817100,0.007,0.0
2023-03-10 00:00:00-05:00,8.416842343074043,8.664688119575327,8.33753177023016,8.357359886169434,1012900,0.0,0.0
2023-03-13 00:00:00-04:00,8.853050719340672,9.388397515236754,8.853050719340672,9.229776382446289,1683600,0.0,0.0
2023-03-14 00:00:00-04:00,9.23969058701509,9.507364489351609,8.981931688471374,9.457795143127441,942500,0.0,0.0
2023-03-15 00:00:00-04:00,9.804781544817986,9.864264015591406,9.269434580573073,9.428055763244629,982500,0.0,0.0
2023-03-16 00:00:00-04:00,9.41814170296345,9.566848825353826,9.209951164342828,9.428055763244629,1035000,0.0,0.0
2023-03-17 00:00:00-04:00,9.59659070028061,10.102195467564494,9.477624817069294,9.95348834991455,1632600,0.0,0.0
2023-03-20 00:00:00-04:00,10.02288387420893,10.171591922411338,9.824607422062419,10.092281341552734,828100,0.0,0.0
2023-03-21 00:00:00-04:00,8.644861159560456,8.704343617913226,7.5245981090459315,7.8319268226623535,3246100,0.0,0.0
2023-03-22 00:00:00-04:00,7.8319271705502755,8.555636906609202,7.7922718814014305,8.48624038696289,1814100,0.0,0.0
2023-03-23 00:00:00-04:00,8.515980936837725,8.892706626371046,8.387101021040277,8.773740768432617,1134400,0.0,0.0
2023-03-24 00:00:00-04:00,8.952189662601725,9.041414298200333,8.753913219858514,8.902620315551758,793900,0.0,0.0
2023-03-27 00:00:00-04:00,8.585379198534126,9.071156787029294,8.476327376256677,9.051329612731934,821200,0.0,0.0
2023-03-28 00:00:00-04:00,9.090983317913306,9.428053731168275,8.991844627383037,9.368570327758789,624100,0.0,0.0
2023-03-29 00:00:00-04:00,9.249605178833008,9.467709747524795,9.219863947565804,9.249605178833008,493700,0.0,0.0
2023-03-30 00:00:00-04:00,9.41813834536922,9.695725316083864,9.338827782307893,9.636242866516113,587500,0.0,0.0
2023-03-31 00:00:00-04:00,9.685815134261084,9.963402188931726,9.606503601755556,9.665987014770508,1295000,0.0,0.0
2023-04-03 00:00:00-04:00,9.656073292779734,9.8345225926097,9.477624938406578,9.675901412963867,684700,0.0,0.0
2023-04-04 00:00:00-04:00,9.685815020259728,10.24098912306665,9.596590374515852,10.112109184265137,953300,0.0,0.0
2023-04-05 00:00:00-04:00,10.181506655507393,10.231075062733453,9.715556253019672,9.943573951721191,895300,0.0,0.0
2023-04-06 00:00:00-04:00,9.864260926376211,10.11210668304625,9.64615639577875,9.983226776123047,599200,0.0,0.0
2023-04-10 00:00:00-04:00,9.834522461810003,10.14185075692212,9.804781227386172,10.122023582458496,580900,0.0,0.0
2023-04-11 00:00:00-04:00,10.19141909489764,10.300471852670746,10.062539164638231,10.092281341552734,468300,0.0,0.0
2023-04-12 00:00:00-04:00,10.280641023094667,10.409520919360572,9.983225950593074,10.181503295898438,696800,0.0,0.0
2023-04-13 00:00:00-04:00,10.409521865617851,10.697022907897606,10.270727900378592,10.320297241210938,1115900,0.0,0.0
2023-04-14 00:00:00-04:00,10.181505022421645,10.231073421697069,9.61641600520702,9.784951210021973,1066600,0.0,0.0
2023-04-17 00:00:00-04:00,9.715555805692448,9.75521109692153,9.487537172032681,9.705641746520996,1021900,0.0,0.0
2023-04-18 00:00:00-04:00,9.715554666656232,9.83452052639611,9.457794831158187,9.616415977478027,637100,0.0,0.0
2023-04-19 00:00:00-04:00,9.418140467124303,9.646158150930201,9.31900176823505,9.447881698608398,823300,0.0,0.0
2023-04-20 00:00:00-04:00,9.497451509532137,9.755211382803328,9.497451509532137,9.68581485748291,786400,0.0,0.0
2023-04-21 00:00:00-04:00,9.685812204793566,9.784949935891978,9.437966458862796,9.636242866516113,841200,0.0,0.0
2023-04-24 00:00:00-04:00,9.586676544505162,9.656073072654006,9.477624722348866,9.55693531036377,749900,0.0,0.0
2023-04-25 00:00:00-04:00,9.547021865844727,9.547021865844727,9.259520729395806,9.547021865844727,512700,0.0,0.0
2023-04-26 00:00:00-04:00,9.64615724539974,9.725468764339816,9.447880811691086,9.477622985839844,473700,0.0,0.0
2023-04-27 00:00:00-04:00,9.428055642327495,9.537107467651367,9.229779166530996,9.537107467651367,633600,0.0,0.0
2023-04-28 00:00:00-04:00,9.527190760827565,9.646156613256549,9.418138965798468,9.48753547668457,2433900,0.0,0.0
2023-05-01 00:00:00-04:00,9.725471664094831,9.76512696266022,9.279348373413086,9.279348373413086,709000,0.0,0.0
2023-05-02 00:00:00-04:00,9.259519529046514,9.646158384053958,9.120725536338593,9.566847801208496,941300,0.0,0.0
2023-05-03 00:00:00-04:00,9.517278363554192,9.556933650674976,9.259518524540791,9.368570327758789,936000,0.0,0.0
2023-05-04 00:00:00-04:00,9.39831256866455,9.646158376219503,9.259519521526082,9.39831256866455,1154100,0.0,0.0
2023-05-05 00:00:00-04:00,9.071155548095703,9.090983665141737,8.684516720264623,9.071155548095703,1016100,0.0,0.0
2023-05-08 00:00:00-04:00,9.071154662661227,9.22977674717644,8.952188808367243,9.100896835327148,491900,0.0,0.0
2023-05-09 00:00:00-04:00,9.051328376506328,9.130638953777147,9.021587146393935,9.071155548095703,322300,0.0,0.0
2023-05-10 00:00:00-04:00,9.10089679871923,9.10089679871923,8.763826406847176,8.932361602783203,373400,0.0,0.0
2023-05-11 00:00:00-04:00,8.75391243035308,8.902619512634603,8.48623949315503,8.51598072052002,652600,0.0,0.0
2023-05-12 00:00:00-04:00,8.466412045424104,8.615119139429542,8.41684269893674,8.535808563232422,490100,0.0,0.0
2023-05-15 00:00:00-04:00,8.525895572566126,8.704343898840369,8.515981514035152,8.595292091369629,369100,0.0,0.0
2023-05-16 00:00:00-04:00,8.496154564911716,8.525896744593199,8.337533388437631,8.377188682556152,327300,0.0,0.0
2023-05-17 00:00:00-04:00,8.33550837683175,8.454587906127236,8.21642979388872,8.395048141479492,422000,0.008,0.0
2023-05-18 00:00:00-04:00,8.236279014247446,8.305741303914381,8.077507525664325,8.24620246887207,393600,0.0,0.0
2023-05-19 00:00:00-04:00,8.305742268438655,8.454591266035317,8.256125935906434,8.325589179992676,507400,0.0,0.0
2023-05-23 00:00:00-04:00,8.166816241824213,8.266048900998051,8.077507984191088,8.216432571411133,523300,0.0,0.0
2023-05-24 00:00:00-04:00,8.21643157197505,8.21643157197505,8.008043770140231,8.017967224121094,528000,0.0,0.0
2023-05-25 00:00:00-04:00,7.988197752146131,7.998121206056948,7.779809951782227,7.779809951782227,737500,0.0,0.0
2023-05-26 00:00:00-04:00,7.988197747291154,7.99812120119594,7.730193623882622,7.759963512420654,541000,0.0,0.0
2023-05-29 00:00:00-04:00,7.759963029620389,7.789732443129937,7.710346709536079,7.740116596221924,110200,0.0,0.0
2023-05-30 00:00:00-04:00,7.829425286755674,7.829425286755674,7.591268086678926,7.670653820037842,406500,0.0,0.0
2023-05-31 00:00:00-04:00,7.640883973578468,7.799655914306641,7.621037540134483,7.799655914306641,1326000,0.0,0.0
2023-06-01 00:00:00-04:00,7.80957989016278,8.14696977490406,7.7996569087637555,8.027891159057617,467900,0.0,0.0
2023-06-02 00:00:00-04:00,8.047736119945444,8.176738174307042,7.839348804745715,7.87904167175293,423200,0.0,0.0
2023-06-05 00:00:00-04:00,7.8889646401265034,7.90881107360045,7.819502359555838,7.839348793029785,405800,0.0,0.0
2023-06-06 00:00:00-04:00,7.8393502159979285,7.849273197947934,7.670655264260384,7.78973388671875,512200,0.0,0.0
2023-06-07 00:00:00-04:00,7.77980942771589,7.958427800667838,7.630960941314697,7.630960941314697,498900,0.0,0.0
2023-06-08 00:00:00-04:00,7.769886493682861,7.9187349900305986,7.750040059048251,7.769886493682861,397200,0.0,0.0
2023-06-09 00:00:00-04:00,7.740116548755367,7.779809415308877,7.591268062591553,7.591268062591553,339800,0.0,0.0
2023-06-12 00:00:00-04:00,7.571422100067139,7.591268534577845,7.492036362024317,7.571422100067139,268900,0.0,0.0
2023-06-13 00:00:00-04:00,7.621037420935312,7.7103466066245225,7.422573089599609,7.422573089599609,446100,0.0,0.0
2023-06-14 00:00:00-04:00,7.561498597150772,7.59126848531179,7.293571496406889,7.382880687713623,414500,0.0,0.0
2023-06-15 00:00:00-04:00,7.283648971480961,7.343188278351553,7.2340326458339606,7.303495407104492,381600,0.0,0.0
2023-06-16 00:00:00-04:00,7.363034713975083,7.462266892092736,7.253879081457491,7.303495407104492,2215300,0.0,0.0
2023-06-19 00:00:00-04:00,7.2836480140686035,7.35311029303219,7.2836480140686035,7.2836480140686035,132100,0.0,0.0
2023-06-20 00:00:00-04:00,7.214186168441136,7.243956058292243,7.075261119880782,7.095107555389404,566500,0.0,0.0
2023-06-21 00:00:00-04:00,7.04549072591073,7.0653371599993,6.976028443188891,6.9859514236450195,383400,0.0,0.0
2023-06-22 00:00:00-04:00,6.9462585502099,6.9760284379083775,6.8470263798421644,6.966104984283447,517600,0.0,0.0
2023-06-23 00:00:00-04:00,7.075260613631741,7.204262671795603,6.9561820091003215,6.9859514236450195,318100,0.0,0.0
2023-06-26 00:00:00-04:00,7.055414230605308,7.19433927023074,6.985951474204434,7.174492835998535,342100,0.0,0.0
2023-06-27 00:00:00-04:00,7.214185679096778,7.2836484352534105,7.015721337472563,7.085183620452881,345000,0.0,0.0
2023-06-28 00:00:00-04:00,7.0752606399598275,7.144722922940145,7.025644317965616,7.085183620452881,315700,0.0,0.0
2023-06-29 00:00:00-04:00,7.025644805871492,7.204263198914008,7.015721824689323,7.154646873474121,419800,0.0,0.0
2023-06-30 00:00:00-04:00,7.194338873217845,7.432496070861816,7.164568986924203,7.432496070861816,411000,0.0,0.0
2023-07-04 00:00:00-04:00,7.5019589000619975,7.700423706635583,7.44241960004281,7.670653820037842,210200,0.0,0.0
2023-07-05 00:00:00-04:00,7.680577714730767,7.690501169170473,7.442420486294007,7.46226692199707,373600,0.0,0.0
2023-07-06 00:00:00-04:00,7.432496025091311,7.442419478186844,7.273724560973069,7.2836480140686035,372700,0.0,0.0
2023-07-07 00:00:00-04:00,7.353111270797595,7.511883229204511,7.313418399489954,7.372957706451416,265800,0.0,0.0
2023-07-10 00:00:00-04:00,7.313418908418067,7.690501685257543,7.313418908418067,7.650808811187744,376000,0.0,0.0
2023-07-11 00:00:00-04:00,7.710346674548322,7.789732407781946,7.601191054763941,7.630960941314697,479600,0.0,0.0
2023-07-12 00:00:00-04:00,7.839350725592828,8.325589175336868,7.839350725592828,8.305742263793945,1104300,0.0,0.0
2023-07-13 00:00:00-04:00,8.41489600259057,8.484359234787128,8.27597143090279,8.375203132629395,773400,0.0,0.0
2023-07-14 00:00:00-04:00,8.345433297974914,8.692746602471606,8.295816976425012,8.56374454498291,639400,0.0,0.0
2023-07-17 00:00:00-04:00,8.494283690845894,8.712594028207775,8.375204120563149,8.672901153564453,472500,0.0,0.0
2023-07-18 00:00:00-04:00,8.84159428298243,9.139291254555937,8.77213200327789,9.030136108398438,774900,0.0,0.0
2023-07-19 00:00:00-04:00,9.079751508567973,9.24844642808039,8.990443268548976,9.12936782836914,551400,0.0,0.0
2023-07-20 00:00:00-04:00,9.079751434105392,9.159137166595187,8.891210556030273,8.891210556030273,518000,0.0,0.0
2023-07-21 00:00:00-04:00,8.911057487700496,8.980520720968258,8.821749238675114,8.950751304626465,735200,0.0,0.0
2023-07-24 00:00:00-04:00,8.920981362699672,8.960674235145117,8.643131255581572,8.66297721862793,521900,0.0,0.0
2023-07-25 00:00:00-04:00,8.682825563013871,8.80190420003,8.623285771329364,8.752287864685059,423600,0.0,0.0
2023-07-26 00:00:00-04:00,8.821749699348999,8.901135444641113,8.682824171911433,8.901135444641113,448900,0.0,0.0
2023-07-27 00:00:00-04:00,8.762206773619736,8.772130224809235,8.256122119184036,8.266045570373535,776400,0.0,0.0
2023-07-28 00:00:00-04:00,8.335508844618452,8.47443433902468,8.285893475372129,8.385125160217285,649700,0.0,0.0
2023-07-31 00:00:00-04:00,8.434742072826253,8.9110564650425,8.424818619733605,8.732439041137695,595600,0.0,0.0
2023-08-01 00:00:00-04:00,8.524052606635948,8.533976061298691,8.355357662780195,8.464512825012207,620800,0.0,0.0
2023-08-02 00:00:00-04:00,8.404972964461967,8.404972964461967,8.04773621100244,8.186661720275879,663000,0.0,0.0
2023-08-03 00:00:00-04:00,8.06758302662535,8.06758302662535,7.7698860508949394,7.87904167175293,735500,0.0,0.0
2023-08-04 00:00:00-04:00,7.978274371726032,8.246201951670164,7.978274371726032,8.077507019042969,557500,0.0,0.0
2023-08-08 00:00:00-04:00,7.779810930589666,8.017968176296835,7.730194601145813,7.988198757171631,424200,0.0,0.0
2023-08-09 00:00:00-04:00,7.978274354550303,8.077507001653611,7.9584283929412365,8.017967224121094,466700,0.0,0.0
2023-08-10 00:00:00-04:00,8.057660120038914,8.146969313453383,7.8889651872232855,8.117199897766113,470800,0.0,0.0
2023-08-11 00:00:00-04:00,8.087429164175996,8.533975110733266,8.087429164175996,8.504204750061035,563400,0.0,0.0
2023-08-14 00:00:00-04:00,8.404971520890747,8.42481747803402,8.156890905308927,8.236276626586914,457800,0.0,0.0
2023-08-15 00:00:00-04:00,8.173708225736313,8.183640055337422,7.875760441338513,7.915486812591553,429100,0.007,0.0
2023-08-16 00:00:00-04:00,7.855898080592604,7.9452826620853045,7.776445329743872,7.796308517456055,373700,0.0,0.0
2023-08-17 00:00:00-04:00,7.965146143759473,7.9750770270279965,7.756581967121037,7.855897903442383,392400,0.0,0.0
2023-08-18 00:00:00-04:00,7.845966430130929,7.9154873477360175,7.756581851980692,7.895624160766602,370600,0.0,0.0
2023-08-21 00:00:00-04:00,7.905555667603003,7.9750765823638154,7.776444720796188,7.925418853759766,422600,0.0,0.0
2023-08-22 00:00:00-04:00,7.975077572390271,8.01480394963543,7.836035252032212,7.994941234588623,273500,0.0,0.0
2023-08-23 00:00:00-04:00,8.124051774955026,8.322683650851538,8.064461738610325,8.13398265838623,931000,0.0,0.0
2023-08-24 00:00:00-04:00,8.074394226074219,8.342547043561837,8.014804184881651,8.074394226074219,535400,0.0,0.0
2023-08-25 00:00:00-04:00,8.09425498789407,8.143913185709337,7.91548632819532,8.004871368408203,383700,0.0,0.0
2023-08-28 00:00:00-04:00,8.044598309866332,8.402135654714302,8.024734650465739,8.30281925201416,447400,0.0,0.0
2023-08-29 00:00:00-04:00,8.302819478413202,8.491520459258636,8.263093105680179,8.471656799316406,536200,0.0,0.0
2023-08-30 00:00:00-04:00,8.531246527272302,8.60076744028408,8.332614670701929,8.412067413330078,488200,0.0,0.0
2023-08-31 00:00:00-04:00,8.382271957931199,8.402135617243205,8.213435589536177,8.233298301696777,510100,0.0,0.0
2023-09-01 00:00:00-04:00,8.332615725282384,8.40213664709277,8.044599260015968,8.054530143737793,345900,0.0,0.0
2023-09-05 00:00:00-04:00,7.945282272806261,8.06446139324018,7.746650405416395,7.845966339111328,545200,0.0,0.0
2023-09-06 00:00:00-04:00,7.746650122291612,7.895623780601454,7.696991920471191,7.696991920471191,398800,0.0,0.0
2023-09-07 00:00:00-04:00,7.677129506035174,7.716855882053859,7.597676753997803,7.597676753997803,474500,0.0,0.0
2023-09-08 00:00:00-04:00,7.637402032758622,7.736717958536716,7.478496551513672,7.478496551513672,325200,0.0,0.0
2023-09-11 00:00:00-04:00,7.6076075966696415,7.746650376906558,7.4884284766743345,7.5281548500061035,262800,0.0,0.0
2023-09-12 00:00:00-04:00,7.448702932625212,7.577813897115568,7.3990447236440655,7.4089765548706055,273800,0.0,0.0
2023-09-13 00:00:00-04:00,7.389113246526358,7.5182242089292535,7.369250057970203,7.448702812194824,285100,0.0,0.0
2023-09-14 00:00:00-04:00,7.4487021033425656,7.637402613456331,7.359317526558223,7.5281548500061035,351200,0.0,0.0
2023-09-15 00:00:00-04:00,7.677128136492825,7.915486350083611,7.64733312300614,7.826102256774902,1648200,0.0,0.0
2023-09-18 00:00:00-04:00,7.806240155459235,7.806240155459235,7.518223703952313,7.538086891174316,668000,0.0,0.0
2023-09-19 00:00:00-04:00,7.498360018993536,7.518223204897033,7.130890369415283,7.130890369415283,661000,0.0,0.0
2023-09-20 00:00:00-04:00,7.160685232866101,7.2500698043199225,7.081232490940792,7.101095676422119,804200,0.0,0.0
2023-09-21 00:00:00-04:00,6.962054006980289,7.04150675608308,6.872669427451779,6.882600784301758,563500,0.0,0.0
2023-09-22 00:00:00-04:00,6.991848183667025,7.071300928594376,6.823010863908543,6.842874050140381,924800,0.0,0.0
2023-09-25 00:00:00-04:00,6.803147968068927,6.803147968068927,6.693900202342721,6.743558406829834,643700,0.0,0.0
2023-09-26 00:00:00-04:00,6.703832202968018,6.743558578136583,6.515131684129457,6.525063514709473,463400,0.0,0.0
2023-09-27 00:00:00-04:00,6.515131714321528,6.634310840379518,6.465473981918574,6.5945844650268555,421600,0.0,0.0
2023-09-28 00:00:00-04:00,6.594584097064181,6.813079622888029,6.544926367432014,6.803147792816162,526300,0.0,0.0
2023-09-29 00:00:00-04:00,6.95212184998018,7.1209591706803845,6.813079545581777,6.912395477294922,960800,0.0,0.0
2023-10-02 00:00:00-04:00,6.7832846302831795,6.803147816921571,6.5747209337922,6.71376371383667,610200,0.0,0.0
2023-10-03 00:00:00-04:00,6.723694951514036,7.0315745757546235,6.703831765226763,7.001780033111572,663500,0.0,0.0
2023-10-04 00:00:00-04:00,6.991848399217981,7.011711586062179,6.7832847005660355,6.852806091308594,402100,0.0,0.0
2023-10-05 00:00:00-04:00,6.823010959063959,6.922326891608234,6.783284586046249,6.8925323486328125,396700,0.0,0.0
2023-10-06 00:00:00-04:00,6.922327521332092,7.140823066381751,6.882601144700476,7.081233501434326,518600,0.0,0.0
2023-10-10 00:00:00-04:00,6.981916499059849,7.041506054953552,6.8528055578356435,6.872668743133545,501100,0.0,0.0
2023-10-11 00:00:00-04:00,6.962053679939354,7.091164154378583,6.8329427319244065,6.912395477294922,693100,0.0,0.0
2023-10-12 00:00:00-04:00,6.872669539836205,6.962054120826365,6.594584439853347,6.683969020843506,567700,0.0,0.0
2023-10-13 00:00:00-04:00,6.912395542589651,7.4586338825353105,6.832942796468622,7.299727916717529,1156700,0.0,0.0
2023-10-16 00:00:00-04:00,7.250070396573924,7.36924951919756,7.160685817818329,7.309659957885742,554600,0.0,0.0
2023-10-17 00:00:00-04:00,7.309659556429324,7.696991920471191,7.309659556429324,7.696991920471191,630900,0.0,0.0
2023-10-18 00:00:00-04:00,7.8062395816499075,7.985008253507281,7.597675894361786,7.64733362197876,903700,0.0,0.0
2023-10-19 00:00:00-04:00,7.64733392839027,7.746650334755012,7.528154809043448,7.706923961639404,561500,0.0,0.0
2023-10-20 00:00:00-04:00,7.7565818307335865,7.9552141734593755,7.557949961583529,7.577813148498535,764600,0.0,0.0
2023-10-23 00:00:00-04:00,7.50829237786329,7.647334697756378,7.2103445495209595,7.448702812194824,460800,0.0,0.0
2023-10-24 00:00:00-04:00,7.359316911558325,7.587743775914792,7.359316911558325,7.498359680175781,408700,0.0,0.0
2023-10-25 00:00:00-04:00,7.438769836331759,7.736718092396808,7.349385738372803,7.349385738372803,637400,0.0,0.0
2023-10-26 00:00:00-04:00,7.369249018185672,7.448701761199689,7.210343532157637,7.399043560028076,551900,0.0,0.0
2023-10-27 00:00:00-04:00,7.418907086555876,7.557949866792793,7.240138406562916,7.5281548500061035,516100,0.0,0.0
2023-10-30 00:00:00-04:00,7.6175388476030035,7.657265217914241,7.399043337315507,7.478496551513672,468200,0.0,0.0
2023-10-31 00:00:00-04:00,7.389111882157082,7.557949190497171,7.091163635253906,7.091163635253906,1367600,0.0,0.0
2023-11-01 00:00:00-04:00,7.111027336629745,7.210343741861465,7.0315745913049446,7.1606855392456055,610800,0.0,0.0
2023-11-02 00:00:00-04:00,7.061369160245006,7.1209587154635505,6.008619404232676,6.058277130126953,2864900,0.0,0.0
2023-11-03 00:00:00-04:00,6.187388238030351,6.713763367128585,6.088072309967203,6.584652423858643,1565000,0.0,0.0
2023-11-06 00:00:00-05:00,6.4853363316420936,6.644241812520998,6.306567192077637,6.306567192077637,1029000,0.0,0.0
2023-11-07 00:00:00-05:00,6.207252039785201,6.604516265046604,6.088072914279505,6.525063514709473,1013300,0.0,0.0
2023-11-08 00:00:00-05:00,6.505199909210205,6.733626788542452,6.505199909210205,6.505199909210205,763300,0.0,0.0
2023-11-09 00:00:00-05:00,6.564789820341087,6.823011256201575,6.37608930350132,6.386020660400391,549300,0.0,0.0
2023-11-10 00:00:00-05:00,6.3065679974405695,6.356226203344536,6.187388871561948,6.276773452758789,476300,0.0,0.0
2023-11-13 00:00:00-05:00,6.246978434501259,6.594584455101779,6.227115246854822,6.276773452758789,633000,0.0,0.0
2023-11-14 00:00:00-05:00,6.45173544787304,6.859318455405673,6.421912590020518,6.819554328918457,644300,0.006,0.0
2023-11-15 00:00:00-05:00,6.869258633202843,6.988551475978601,6.740025470736521,6.968669414520264,428200,0.0,0.0
2023-11-16 00:00:00-05:00,7.127725525233565,7.3663102499820425,7.087961404442153,7.2171950340271,718800,0.0,0.0
2023-11-17 00:00:00-05:00,7.237077797669417,7.28678271647579,7.00843384388798,7.147608280181885,751100,0.0,0.0
2023-11-20 00:00:00-05:00,6.998492575711251,7.197313198988258,6.968669719232579,7.147608280181885,393500,0.0,0.0
2023-11-21 00:00:00-05:00,7.326546533241102,7.604895868157344,7.326546533241102,7.4756622314453125,676400,0.0,0.0
2023-11-22 00:00:00-05:00,7.4358995978230595,7.515427859720766,7.286783869751943,7.416017532348633,468500,0.0,0.0
2023-11-23 00:00:00-05:00,7.445838815829772,7.445838815829772,7.356369777165588,7.396133899688721,36800,0.0,0.0
2023-11-24 00:00:00-05:00,7.406074837559422,7.763952421263959,7.406074837559422,7.5850138664245605,394400,0.0,0.0
2023-11-27 00:00:00-05:00,7.8335397932965485,7.9031267713372255,7.644659972566916,7.843480587005615,673900,0.0,0.0
2023-11-28 00:00:00-05:00,7.873304088135501,8.002537727355957,7.773893778745052,8.002537727355957,654500,0.0,0.0
2023-11-29 00:00:00-05:00,7.992596459404039,8.022419315208301,7.883244882061672,8.002537727355957,451500,0.0,0.0
2023-11-30 00:00:00-05:00,7.9428910097290055,8.07212464800632,7.803716577598067,8.062183380126953,960100,0.0,0.0
2023-12-01 00:00:00-05:00,7.982654980267215,8.410120010375977,7.91306800254773,8.410120010375977,673800,0.0,0.0
2023-12-04 00:00:00-05:00,8.241122921099304,8.370356567395378,8.002538165499573,8.201358795166016,892700,0.0,0.0
2023-12-05 00:00:00-05:00,8.141711627058918,8.23118114187025,7.893186092409399,8.062183380126953,569000,0.0,0.0
2023-12-06 00:00:00-05:00,8.15165347204699,8.191417598328133,7.962774109224442,7.972715377807617,344000,0.0,0.0
2023-12-07 00:00:00-05:00,8.022419315208301,8.082065974868316,7.883244882061672,8.002537727355957,393800,0.0,0.0
2023-12-08 00:00:00-05:00,7.773894199021764,7.893186576739556,7.624778489861638,7.724188804626465,566300,0.0,0.0
2023-12-11 00:00:00-05:00,7.555191199230078,7.734130243781098,7.455780882271613,7.714248180389404,536200,0.0,0.0
2023-12-12 00:00:00-05:00,7.744070208779001,7.744070208779001,7.336487715904021,7.396133899688721,612600,0.0,0.0
2023-12-13 00:00:00-05:00,7.346429139548767,8.201358795166016,7.316606282111686,8.201358795166016,790300,0.0,0.0
2023-12-14 00:00:00-05:00,8.370355772557081,8.688468749815788,8.300768795794603,8.360414505004883,855400,0.0,0.0
2023-12-15 00:00:00-05:00,8.290828373043636,8.330592499252775,8.03236107865846,8.141712188720703,1006300,0.0,0.0
2023-12-18 00:00:00-05:00,8.18147637821574,8.221241452784023,8.02241987214884,8.082066535949707,403000,0.0,0.0
2023-12-19 00:00:00-05:00,8.092008050931534,8.61888298033034,8.00253852653235,8.459826469421387,805000,0.0,0.0
2023-12-20 00:00:00-05:00,8.509530073375737,8.529411659025074,8.101946664973369,8.11188793182373,686600,0.0,0.0
2023-12-21 00:00:00-05:00,8.251063570581175,8.479707040531324,8.141711521429823,8.350473403930664,510000,0.0,0.0
2023-12-22 00:00:00-05:00,8.5492937467835,8.688467683223529,8.20135700958075,8.251062393188477,813700,0.0,0.0
2023-12-27 00:00:00-05:00,8.261004455188838,8.52941203564042,8.25106318789952,8.430001258850098,751300,0.0,0.0
2023-12-28 00:00:00-05:00,8.330592499252775,8.43994360931502,8.141712188720703,8.141712188720703,490900,0.0,0.0
2023-12-29 00:00:00-05:00,8.052243678075053,8.171536057625227,7.94289161911539,8.082066535949707,534600,0.0,0.0
2024-01-02 00:00:00-05:00,8.092006983795486,8.181475548344386,7.883244629719395,7.932950019836426,589100,0.0,0.0
2024-01-03 00:00:00-05:00,7.535308184594827,7.624777695575869,7.326546308322877,7.376251697540283,881500,0.0,0.0
2024-01-04 00:00:00-05:00,7.376251923984419,7.5054855606964495,7.316605739507882,7.4756622314453125,550400,0.0,0.0
2024-01-05 00:00:00-05:00,7.485604998522042,7.644661522317456,7.316607204976499,7.416017532348633,699600,0.0,0.0
2024-01-08 00:00:00-05:00,7.356369520031964,7.455779822865021,7.247017949902744,7.3265461921691895,486300,0.0,0.0
2024-01-09 00:00:00-05:00,7.3861933961455275,7.3861933961455275,7.247018952916989,7.266901016235352,408500,0.0,0.0
2024-01-10 00:00:00-05:00,7.266900679150524,7.346428928734951,7.1277262423777765,7.286782741546631,512100,0.0,0.0
2024-01-11 00:00:00-05:00,7.266900395054069,7.326546579910547,6.938846141330573,7.0780205726623535,668400,0.0,0.0
2024-01-12 00:00:00-05:00,7.3563701672900965,7.69436522666135,7.3563701672900965,7.4856038093566895,907700,0.0,0.0
2024-01-15 00:00:00-05:00,7.336487741482603,7.465721377146223,7.336487741482603,7.3663105964660645,102700,0.0,0.0
2024-01-16 00:00:00-05:00,7.266900180046244,7.286782241076814,6.749966119225706,6.779789447784424,1337300,0.0,0.0
2024-01-17 00:00:00-05:00,6.710201912468865,6.720143179871536,6.302619429473802,6.332442283630371,1487100,0.0,0.0
2024-01-18 00:00:00-05:00,6.292678552738849,6.322501882772657,6.143562850621306,6.2529144287109375,674000,0.0,0.0
2024-01-19 00:00:00-05:00,6.292678665883431,6.312560728254873,6.083916773970409,6.302619934082031,608100,0.0,0.0
2024-01-22 00:00:00-05:00,6.123680683371034,6.630673967052778,6.073975766203206,6.541204452514648,611600,0.0,0.0
2024-01-23 00:00:00-05:00,6.620732448662615,6.730084020734951,6.451734693830565,6.6406145095825195,506700,0.0,0.0
2024-01-24 00:00:00-05:00,6.779790546323205,6.849377534192611,6.4119716466208745,6.491500377655029,565300,0.0,0.0
2024-01-25 00:00:00-05:00,6.571027952654634,6.600850808924543,6.471617641712018,6.531263828277588,389500,0.0,0.0
2024-01-26 00:00:00-05:00,6.511382441907117,6.580969429776523,6.441794980011908,6.491500377655029,325800,0.0,0.0
2024-01-29 00:00:00-05:00,6.5610865661842235,6.5610865661842235,6.0640345464123016,6.1435627937316895,1402900,0.0,0.0
2024-01-30 00:00:00-05:00,6.213150334258265,6.332442706909844,6.10379875564811,6.2230916023254395,734600,0.0,0.0
2024-01-31 00:00:00-05:00,6.213150361297906,6.32250194038396,6.163444968797221,6.193268299102783,683400,0.0,0.0
2024-02-01 00:00:00-05:00,6.282737650775013,6.551145720363659,6.242973527430453,6.541204452514648,669100,0.0,0.0
2024-02-02 00:00:00-05:00,6.312560615200946,6.441794255313707,6.193268243108743,6.42191219329834,666300,0.0,0.0
2024-02-05 00:00:00-05:00,6.262855582317806,6.332442561082526,6.143562738387623,6.203208923339844,471600,0.0,0.0
2024-02-06 00:00:00-05:00,6.22309195889219,6.392089259485482,6.203209421618625,6.342384338378906,297600,0.0,0.0
2024-02-07 00:00:00-05:00,6.302620132617789,6.4119712420924575,6.252914738110559,6.2628560066223145,378500,0.0,0.0
2024-02-08 00:00:00-05:00,6.233031749725342,6.302619196899004,6.19326762963345,6.233031749725342,292000,0.0,0.0
2024-02-09 00:00:00-05:00,6.19326818531918,6.20320897922123,6.0839166082421485,6.1435627937316895,292100,0.0,0.0
2024-02-12 00:00:00-05:00,6.153504371643066,6.252914685800109,6.1137402459802495,6.153504371643066,268600,0.0,0.0
2024-02-13 00:00:00-05:00,6.0441532523962955,6.0441532523962955,5.636570696094656,5.706157684326172,980800,0.0,0.0
2024-02-14 00:00:00-05:00,5.716098226165817,5.825449803219676,5.636569978863282,5.805567741394043,411700,0.0,0.0
2024-02-15 00:00:00-05:00,5.9049782710444685,6.0938581024546075,5.895037002747521,6.073976039886475,576300,0.0,0.0
2024-02-16 00:00:00-05:00,6.044152513594829,6.193268215047321,5.994447595794497,6.113739967346191,518200,0.0,0.0
2024-02-20 00:00:00-05:00,6.163445395243716,6.203209522385228,5.984506823106915,6.083917140960693,364600,0.0,0.0
2024-02-21 00:00:00-05:00,6.083916267503317,6.083916267503317,5.924859781772737,5.994447231292725,526800,0.0,0.0
2024-02-22 00:00:00-05:00,6.034211158752441,6.312559999833285,5.9745649785208315,6.034211158752441,1188800,0.0,0.0
2024-02-23 00:00:00-05:00,5.944742230481749,6.26285569673079,5.745921610342192,6.2529144287109375,716300,0.0,0.0
2024-02-26 00:00:00-05:00,6.183326890813668,6.213150220443122,5.994447541254851,6.173386096954346,549600,0.0,0.0
2024-02-27 00:00:00-05:00,6.23303242349303,6.262855753798591,6.153504174712537,6.193268299102783,479100,0.0,0.0
2024-02-28 00:00:00-05:00,6.113739765478591,6.113739765478591,5.9049778851432935,5.984506130218506,472800,0.0,0.0
2024-02-29 00:00:00-05:00,6.08391683415766,6.233032540431534,6.054093977318343,6.073976039886475,602600,0.0,0.0
2024-03-01 00:00:00-05:00,6.1137394288280165,6.411970331438099,6.014329127957989,6.372206211090088,744700,0.0,0.0
2024-03-04 00:00:00-05:00,6.481557786887626,6.749965836573704,6.4517344595777475,6.740025043487549,1072300,0.0,0.0
2024-03-05 00:00:00-05:00,6.839435767344772,6.889140683900105,6.551145639636337,6.630673885345459,812500,0.0,0.0
2024-03-06 00:00:00-05:00,6.7201425783063415,6.938845227304612,6.7201425783063415,6.8493757247924805,904400,0.0,0.0
2024-03-07 00:00:00-05:00,6.938846115735497,7.137666731190372,6.839435808008059,7.10784387588501,843600,0.0,0.0
2024-03-08 00:00:00-05:00,7.167490201908818,7.237077655703589,6.978610376487935,7.127726078033447,780800,0.0,0.0
2024-03-11 00:00:00-04:00,7.06807926784449,7.425956351108883,7.05813800074096,7.306663990020752,633900,0.0,0.0
2024-03-12 00:00:00-04:00,7.1177845612535,7.237077402735543,6.968669338945976,7.227136135101318,709900,0.0,0.0
2024-03-13 00:00:00-04:00,7.183360009676222,7.501736256629111,7.1236645523258035,7.342548370361328,719200,0.006,0.0
2024-03-14 00:00:00-04:00,7.322649210091641,7.342547694042273,7.18335934801994,7.262953758239746,588000,0.0,0.0
2024-03-15 00:00:00-04:00,7.292801684563531,7.611177921295166,7.2530047142742395,7.611177921295166,808200,0.0,0.0
2024-03-18 00:00:00-04:00,7.591278552135178,7.611177034962616,7.451988697925857,7.521633625030518,400600,0.0,0.0
2024-03-19 00:00:00-04:00,7.432090713552306,7.451989197714291,7.073917998636562,7.103765487670898,609500,0.0,0.0
2024-03-20 00:00:00-04:00,7.0838668517426715,7.5912788986283335,7.054019363347794,7.491786479949951,863200,0.0,0.0
2024-03-21 00:00:00-04:00,7.650974215142435,7.820111561126715,7.312699523173878,7.322649002075195,1007900,0.0,0.0
2024-03-22 00:00:00-04:00,7.272902147179192,7.402242519115144,7.183358739774727,7.233105182647705,454900,0.0,0.0
2024-03-25 00:00:00-04:00,7.292801937874086,7.4917872706494695,7.163461542732684,7.203258514404297,592600,0.0,0.0
2024-03-26 00:00:00-04:00,7.362446256193998,7.422141708679955,7.103765487670898,7.103765487670898,609300,0.0,0.0
2024-03-27 00:00:00-04:00,7.123664330460826,7.561431478480389,7.123664330460826,7.54153299331665,720700,0.0,0.0
2024-03-28 00:00:00-04:00,7.621126826146029,7.979300502860417,7.511685396502524,7.9096550941467285,993500,0.0,0.0
2024-04-01 00:00:00-04:00,8.168333966579889,8.476761121932329,8.078790568289362,8.39716625213623,1298300,0.0,0.0
2024-04-02 00:00:00-04:00,8.496660497845742,8.695645332336426,8.387219076084499,8.695645332336426,1034500,0.0,0.0
2024-04-03 00:00:00-04:00,8.805088199153044,10.14823661928573,8.765291230012103,10.118389129638672,2339200,0.0,0.0
2024-04-04 00:00:00-04:00,9.899504592844073,10.367119657294337,9.7900631730087,10.128337860107422,2048900,0.0,0.0
2024-04-05 00:00:00-04:00,10.07859173354384,10.635749277914446,9.989048319561356,10.516358375549316,1616900,0.0,0.0
2024-04-08 00:00:00-04:00,10.755141053098756,11.063567311486805,10.34722095352448,10.74519157409668,1776600,0.0,0.0
2024-04-09 00:00:00-04:00,10.974023135665515,11.252602835360785,10.834734234652355,10.894429206848145,1751600,0.0,0.0
2024-04-10 00:00:00-04:00,10.317374577000724,11.282452320990243,10.217882622763796,10.755142211914062,1641300,0.0,0.0
2024-04-11 00:00:00-04:00,10.934227821986001,11.05361873323638,10.506410627214132,10.834735870361328,988900,0.0,0.0
2024-04-12 00:00:00-04:00,11.362046931388697,11.521234826587152,10.138288326589858,10.317375183105469,2736200,0.0,0.0
2024-04-15 00:00:00-04:00,10.396966936405502,10.695444651325676,10.048743726360714,10.257678031921387,1341900,0.0,0.0
2024-04-16 00:00:00-04:00,9.889555695509685,9.889555695509685,9.24285471956585,9.411992073059082,2488500,0.0,0.0
2024-04-17 00:00:00-04:00,9.451788220320228,9.75026593283408,9.302549838480548,9.372194290161133,1591900,0.0,0.0
2024-04-18 00:00:00-04:00,9.461738738193446,9.680621595758518,9.232905452222292,9.282651901245117,919000,0.0,0.0
2024-04-19 00:00:00-04:00,9.272701399267437,9.541331625070816,9.203056947615224,9.232904434204102,1134900,0.0,0.0
2024-04-22 00:00:00-04:00,8.5762540335635,9.093615528059773,8.466812616882128,8.954325675964355,1456300,0.0,0.0
2024-04-23 00:00:00-04:00,8.844884851216186,9.352295952364493,8.705594989798962,9.2627534866333,1128800,0.0,0.0
2024-04-24 00:00:00-04:00,9.173210072067555,9.382144389776112,9.153311113793142,9.2627534866333,645500,0.0,0.0
2024-04-25 00:00:00-04:00,9.252804400032462,9.521433706291344,9.093616522422074,9.421941757202148,900700,0.0,0.0
2024-04-26 00:00:00-04:00,9.561230459515881,9.670672834524494,9.183158784322059,9.551281929016113,993800,0.0,0.0
2024-04-29 00:00:00-04:00,9.56122977626749,9.700519630490858,9.242854050996371,9.3323974609375,793900,0.0,0.0
2024-04-30 00:00:00-04:00,8.984173032734562,9.322447705196893,8.904579103782776,9.13341236114502,847700,0.0,0.0
2024-05-01 00:00:00-04:00,9.20305708360194,9.551281244677439,9.073716708026314,9.193107604980469,685000,0.0,0.0
2024-05-02 00:00:00-04:00,9.03391913928452,9.302549351123913,9.00407165424718,9.163259506225586,544400,0.0,0.0
2024-05-03 00:00:00-04:00,9.242855500044763,9.392093907453821,9.004073668656408,9.123464584350586,710700,0.0,0.0
2024-05-06 00:00:00-04:00,9.382143245078385,9.859706799382993,9.382143245078385,9.670671463012695,1233400,0.0,0.0
2024-05-07 00:00:00-04:00,9.680620871535444,10.088540963937756,9.650773383888527,9.899504661560059,838900,0.0,0.0
2024-05-08 00:00:00-04:00,9.630877205186227,9.879608530123187,9.481637840923227,9.710471153259277,874900,0.0,0.0
2024-05-09 00:00:00-04:00,9.869657365955451,10.416866377247237,9.869657365955451,10.188033103942871,1140000,0.0,0.0
2024-05-10 00:00:00-04:00,10.396968646892958,10.396968646892958,9.869658531377214,9.919404983520508,987300,0.0,0.0
2024-05-13 00:00:00-04:00,9.889556298702812,10.028846171497225,9.561231051033857,9.720419883728027,703100,0.0,0.0
2024-05-14 00:00:00-04:00,9.859709193618228,9.939303138663478,9.56123142528121,9.879608154296875,630000,0.0,0.0
2024-05-15 00:00:00-04:00,10.078590800210641,10.24772813344016,9.72041812628402,10.098488807678223,948900,0.0,0.0
2024-05-16 00:00:00-04:00,9.984017850985152,10.113421988349346,9.874522480585723,10.05369758605957,603200,0.005,0.0
2024-05-17 00:00:00-04:00,10.431954520997769,10.780350343641567,10.033788680235352,10.730579376220703,2064400,0.0,0.0
2024-05-21 00:00:00-04:00,10.770396314811071,10.770396314811071,10.252780704782298,10.362276077270508,1363700,0.0,0.0
2024-05-22 00:00:00-04:00,10.222917815690218,10.242825632393915,9.784934456582336,9.844659805297852,1025800,0.0,0.0
2024-05-23 00:00:00-04:00,9.784932996416067,9.934244921970318,9.55598791732594,9.635621070861816,1024800,0.0,0.0
2024-05-24 00:00:00-04:00,9.735162945194322,9.864567069072734,9.625667586205893,9.765026092529297,543900,0.0,0.0
2024-05-27 00:00:00-04:00,10.013880458603346,10.67085454399142,9.98401730977501,10.113421440124512,260900,0.0,0.0
2024-05-28 00:00:00-04:00,10.193055152622408,10.402092459138984,9.984017846105832,10.332413673400879,385400,0.0,0.0
2024-05-29 00:00:00-04:00,10.06365129532851,10.193055436229953,9.914339336220383,9.954155921936035,446300,0.0,0.0
2024-05-30 00:00:00-04:00,9.844659805297852,10.163192466974703,9.755072256875685,9.844659805297852,485600,0.0,0.0
2024-05-31 00:00:00-04:00,9.884477422531273,10.093514740960408,9.655531336012546,9.715256690979004,632900,0.0,0.0
2024-06-03 00:00:00-04:00,9.854613785187597,9.854613785187597,9.555989872965515,9.645576477050781,304200,0.0,0.0
2024-06-04 00:00:00-04:00,9.466401052629639,9.476355434852055,9.018464294944462,9.04832649230957,758800,0.0,0.0
2024-06-05 00:00:00-04:00,9.068235936625705,9.197640080859072,8.908969589662272,9.147869110107422,616700,0.0,0.0
2024-06-06 00:00:00-04:00,9.177730712100791,9.446492389884495,9.118005367425441,9.336997032165527,350000,0.0,0.0
2024-06-07 00:00:00-04:00,8.958738202386332,8.978646965167734,8.570525871867517,8.67006778717041,781300,0.0,0.0
2024-06-10 00:00:00-04:00,8.70988655090332,8.739748753273203,8.42121606318833,8.70988655090332,387800,0.0,0.0
2024-06-11 00:00:00-04:00,8.590434634648918,8.719838744821857,8.45107614308528,8.67006778717041,475700,0.0,0.0
2024-06-12 00:00:00-04:00,8.918923090591575,9.048327222012365,8.351536548386909,8.461031913757324,749100,0.0,0.0
2024-06-13 00:00:00-04:00,8.411262043601505,8.570528395541997,8.172362515690768,8.341583251953125,525800,0.0,0.0
2024-06-14 00:00:00-04:00,8.331627098636641,8.461031219438427,8.222131742251502,8.361489295959473,555200,0.0,0.0
2024-06-17 00:00:00-04:00,8.291810713460034,8.401306072411671,8.162406589625101,8.251994132995605,332800,0.0,0.0
2024-06-18 00:00:00-04:00,8.24203996594952,8.51080260308481,8.19226900174274,8.421215057373047,341700,0.0,0.0
2024-06-19 00:00:00-04:00,8.271903045398698,8.470985951271253,8.271903045398698,8.411260604858398,67100,0.0,0.0
2024-06-20 00:00:00-04:00,8.510803619600276,8.70988655090332,8.42121606318833,8.70988655090332,471500,0.0,0.0
2024-06-21 00:00:00-04:00,8.540663622529143,8.640205537197206,8.331626361167853,8.391351699829102,432900,0.0,0.0
2024-06-24 00:00:00-04:00,8.371443118471928,8.520755993707636,8.261947769407401,8.281855583190918,267200,0.0,0.0
2024-06-25 00:00:00-04:00,8.212177400312003,8.212177400312003,8.042956699149281,8.092727661132812,340500,0.0,0.0
2024-06-26 00:00:00-04:00,8.033003332018586,8.142499652079776,7.95337016250259,8.102683067321777,271600,0.0,0.0
2024-06-27 00:00:00-04:00,8.20222226345471,8.261947602200676,8.112634729986787,8.122589111328125,294000,0.0,0.0
2024-06-28 00:00:00-04:00,8.281855965501377,8.29181034750369,7.963323335844283,8.062865257263184,470200,0.0,0.0
2024-07-02 00:00:00-04:00,7.973278930330025,8.102683068132023,7.794103824249987,7.963324546813965,411700,0.0,0.0
2024-07-03 00:00:00-04:00,8.202222524584084,8.640205824526175,8.202222524584084,8.431168556213379,435100,0.0,0.0
2024-07-04 00:00:00-04:00,8.38139894962459,8.53071090138256,8.38139894962459,8.490894317626953,99100,0.0,0.0
2024-07-05 00:00:00-04:00,8.580480253258218,8.819379710822691,8.540663676997472,8.67006778717041,579600,0.0,0.0
2024-07-08 00:00:00-04:00,8.560572871172026,8.998555232111483,8.560572871172026,8.86915111541748,561000,0.0,0.0
2024-07-09 00:00:00-04:00,8.869151074666112,8.928876416443579,8.520756253754213,8.590435028076172,465100,0.0,0.0
2024-07-10 00:00:00-04:00,8.670070021596754,8.918923924685865,8.640207819030705,8.859198570251465,573000,0.0,0.0
2024-07-11 00:00:00-04:00,9.118006090420213,9.157822673593577,8.83929000820667,9.02841854095459,675500,0.0,0.0
2024-07-12 00:00:00-04:00,8.908968247443912,9.058281137203497,8.819380703448594,8.948784828186035,580900,0.0,0.0
2024-07-15 00:00:00-04:00,8.948784819158298,9.028417980562208,8.70988533494657,8.809427261352539,372300,0.0,0.0
2024-07-16 00:00:00-04:00,8.889061763538326,9.317089833320425,8.789519822117946,9.287227630615234,654300,0.0,0.0
2024-07-17 00:00:00-04:00,9.257364673427112,9.356905657432511,8.889061039072448,8.899014472961426,580200,0.0,0.0
2024-07-18 00:00:00-04:00,9.01846465439741,9.038372470333579,8.31171962657321,8.411260604858398,821600,0.0,0.0
2024-07-19 00:00:00-04:00,8.162407396715261,8.490894455352787,8.092728611338288,8.371444702148438,527800,0.0,0.0
2024-07-22 00:00:00-04:00,8.291812267824492,8.500849591773948,8.251995679896137,8.480941772460938,449200,0.0,0.0
2024-07-23 00:00:00-04:00,8.461030751886039,8.570526102220521,8.361488833907723,8.431168556213379,376500,0.0,0.0
2024-07-24 00:00:00-04:00,8.461032750223502,8.57052812641874,8.152453491051748,8.162407875061035,457500,0.0,0.0
2024-07-25 00:00:00-04:00,7.843874459959756,8.152452741456283,7.814011785328837,8.052911758422852,646600,0.0,0.0
2024-07-26 00:00:00-04:00,8.162407054098656,8.18231582011484,7.973278523455993,8.042957305908203,412800,0.0,0.0
2024-07-29 00:00:00-04:00,8.132545939694214,8.22213350011839,7.883692027094765,8.202224731445312,556000,0.0,0.0
2024-07-30 00:00:00-04:00,8.301764166488256,8.411259513181482,8.16240567581338,8.391351699829102,451800,0.0,0.0
2024-07-31 00:00:00-04:00,8.510802198696098,8.620297555306617,8.401305892783439,8.500847816467285,516900,0.0,0.0
2024-08-01 00:00:00-04:00,7.97327813078005,7.97327813078005,7.0873580220371,7.366074562072754,2134400,0.0,0.0
2024-08-02 00:00:00-04:00,7.385983539966716,7.465616708917658,6.7489177137080585,6.977863311767578,1345700,0.0,0.0
2024-08-06 00:00:00-04:00,6.599604824234561,6.957954059516631,6.549833859786504,6.838504314422607,872600,0.0,0.0
2024-08-07 00:00:00-04:00,6.9479999223240325,6.987816502709184,6.589650224206591,6.599604606628418,623500,0.0,0.0
2024-08-08 00:00:00-04:00,6.7389631271362305,6.878321168599816,6.599605085672646,6.7389631271362305,482000,0.0,0.0
2024-08-09 00:00:00-04:00,6.778779106323444,6.878320555641124,6.72900861899014,6.858412265777588,500500,0.0,0.0
2024-08-12 00:00:00-04:00,6.977863107947768,7.176946024510012,6.868367266512978,7.087358474731445,502200,0.0,0.0
2024-08-13 00:00:00-04:00,7.087358149156034,7.435753474461111,7.037587659627361,7.316303730010986,507700,0.0,0.0
2024-08-14 00:00:00-04:00,7.276487691469322,7.336212568150811,7.11722135365202,7.326258659362793,573000,0.0,0.0
2024-08-15 00:00:00-04:00,7.435753488107987,7.585065906270223,7.286441544596844,7.525341033935547,541900,0.0,0.0
2024-08-16 00:00:00-04:00,7.63093909749695,7.670787306228412,7.451622158205366,7.58112907409668,633400,0.006,0.0
2024-08-19 00:00:00-04:00,7.571167273317399,7.850105227478528,7.531319062012687,7.830181121826172,645200,0.0,0.0
2024-08-20 00:00:00-04:00,7.969649861392662,8.06927086468259,7.760446514528852,7.830181121826172,572400,0.0,0.0
2024-08-21 00:00:00-04:00,7.830179996462308,7.969648715984168,7.710634904701204,7.929800510406494,431500,0.0,0.0
2024-08-22 00:00:00-04:00,7.810255968068715,7.820217782043983,7.650862669211663,7.720597267150879,488100,0.0,0.0
2024-08-23 00:00:00-04:00,7.840141650351664,7.8600657527339175,7.650862440206225,7.800293445587158,485000,0.0,0.0
2024-08-26 00:00:00-04:00,7.899913957498423,7.939762162262929,7.740521138440399,7.800293445587158,372700,0.0,0.0
2024-08-27 00:00:00-04:00,7.7006739078661175,7.760446222574501,7.630939303192271,7.730560302734375,323600,0.0,0.0
2024-08-28 00:00:00-04:00,7.5512422559016255,7.571166359148275,7.332077120188478,7.441659450531006,406300,0.0,0.0
2024-08-29 00:00:00-04:00,7.511393816975347,7.611014330125933,7.49146971434523,7.521356105804443,289800,0.0,0.0
2024-08-30 00:00:00-04:00,7.521356105804443,7.541280208434561,7.451621509084995,7.521356105804443,1068600,0.0,0.0
2024-09-03 00:00:00-04:00,7.451621723481199,7.491469929887935,7.033215081182368,7.122873783111572,1018000,0.0,0.0
2024-09-04 00:00:00-04:00,7.073063967800639,7.302191414188447,7.043178047635524,7.112912178039551,491500,0.0,0.0
2024-09-05 00:00:00-04:00,6.853897524381153,6.973442132648394,6.345832226703307,6.535111427307129,1262200,0.0,0.0
2024-09-06 00:00:00-04:00,6.674580730504645,6.674580730504645,6.206364068973353,6.256174564361572,1191000,0.0,0.0
2024-09-09 00:00:00-04:00,6.296023039786807,6.455415871797475,6.226288438268085,6.266136646270752,1206000,0.0,0.0
2024-09-10 00:00:00-04:00,6.405606082873291,6.505227088928223,6.276099630052572,6.505227088928223,670500,0.0,0.0
2024-09-11 00:00:00-04:00,6.475340013083814,6.9933671951293945,6.415567700735644,6.9933671951293945,861200,0.0,0.0
2024-09-12 00:00:00-04:00,7.1627228699300325,7.939763465400054,7.122874658625321,7.830181121826172,1176100,0.0,0.0
2024-09-13 00:00:00-04:00,8.119078722053684,8.388054804775159,8.029420977869293,8.298396110534668,1120700,0.0,0.0
2024-09-16 00:00:00-04:00,8.328283846549136,8.477715352980695,8.178853290173882,8.3482084274292,1060900,0.0,0.0
2024-09-17 00:00:00-04:00,8.28843349047628,8.527523648898528,8.23862395127537,8.268509864807129,637600,0.0,0.0
2024-09-18 00:00:00-04:00,8.298397273114688,8.557411103861796,7.949725210594295,7.969649314880371,1174700,0.0,0.0
2024-09-19 00:00:00-04:00,8.30835974522399,8.348207954671214,8.059308198664787,8.188815116882324,793400,0.0,0.0
2024-09-20 00:00:00-04:00,8.308358851188075,8.388055261506643,8.188814235710222,8.368130683898926,1099500,0.0,0.0
2024-09-23 00:00:00-04:00,8.31832094096014,8.537485589064193,8.129041258440305,8.148965835571289,2133200,0.0,0.0
2024-09-24 00:00:00-04:00,8.268512381220766,8.756653234375031,8.168891372388472,8.64707088470459,848700,0.0,0.0
2024-09-25 00:00:00-04:00,8.597259313734952,8.766614437706286,8.557411105156769,8.607221603393555,683200,0.0,0.0
2024-09-26 00:00:00-04:00,8.736729523848211,8.866235504083322,8.706842651434254,8.786539077758789,687900,0.0,0.0
2024-09-27 00:00:00-04:00,8.776577344166954,8.806463265186862,8.417942491702863,8.487677574157715,673500,0.0,0.0
2024-09-30 00:00:00-04:00,8.288435349449156,8.348208139974883,8.009497877127076,8.089194297790527,865800,0.0,0.0
2024-10-01 00:00:00-04:00,8.178852559274485,8.407979518581556,8.089193853439118,8.338245391845703,620400,0.0,0.0
2024-10-02 00:00:00-04:00,8.31832173809014,8.62714511276536,8.308359448569979,8.567373275756836,984900,0.0,0.0
2024-10-03 00:00:00-04:00,8.417941169738254,8.597258567810059,8.358169337085087,8.597258567810059,860000,0.0,0.0
2024-10-04 00:00:00-04:00,8.607222136716427,9.125248880330904,8.587297556164646,8.627145767211914,1017700,0.0,0.0
2024-10-07 00:00:00-04:00,8.587295780273465,8.587295780273465,8.298396072412453,8.437865257263184,766800,0.0,0.0
2024-10-08 00:00:00-04:00,8.30835872421978,8.55741024017334,8.2087377378159,8.55741024017334,779000,0.0,0.0
2024-10-09 00:00:00-04:00,8.407978963936529,8.54744815826416,8.328282552908213,8.54744815826416,483400,0.0,0.0
2024-10-10 00:00:00-04:00,8.56737322529494,9.095362216022735,8.527525017505225,9.025628089904785,1171400,0.0,0.0
2024-10-11 00:00:00-04:00,9.105323711585715,9.18502012021637,8.916044028545807,8.926006317138672,623000,0.0,0.0
2024-10-15 00:00:00-04:00,8.906081490982219,9.095361168730786,8.78653688137812,9.07543659210205,709800,0.0,0.0
2024-10-16 00:00:00-04:00,9.224868324531698,9.394223430385876,8.916044028545807,8.926006317138672,687900,0.0,0.0
2024-10-17 00:00:00-04:00,9.025628080865719,9.025628080865719,8.597259135013115,8.706841468811035,775900,0.0,0.0
2024-10-18 00:00:00-04:00,8.866234903543276,10.131417248348779,8.866234903543276,10.04175853729248,2007200,0.0,0.0
2024-10-21 00:00:00-04:00,10.639482231118807,10.749064568123007,10.221075562475512,10.47012710571289,1594900,0.0,0.0
2024-10-22 00:00:00-04:00,10.69925254419589,11.028000458398951,10.579707934490786,10.908455848693848,1736000,0.0,0.0
2024-10-23 00:00:00-04:00,10.579709526658844,10.768989233052533,10.48008947860723,10.739102363586426,965200,0.0,0.0
2024-10-24 00:00:00-04:00,10.768987239883415,10.938341385232013,10.440238386996178,10.788910865783691,995900,0.0,0.0
2024-10-25 00:00:00-04:00,10.699253256550127,10.82876016320056,10.390429898431234,10.59963321685791,632300,0.0,0.0
2024-10-28 00:00:00-04:00,10.549822928281394,10.749063961618077,10.500012432433177,10.58967113494873,691400,0.0,0.0
2024-10-29 00:00:00-04:00,10.768989839389972,11.137586033052516,10.768989839389972,11.028002738952637,973200,0.0,0.0
2024-10-30 00:00:00-04:00,10.749064837923653,10.818798967762444,10.430279158596312,10.639482498168945,805700,0.0,0.0
2024-10-31 00:00:00-04:00,10.310733131839973,10.320694470427085,9.952098341132132,10.250960350036621,2072100,0.0,0.0
2024-11-01 00:00:00-04:00,10.350581987335717,10.430278401381774,9.962061256319043,9.991947174072266,555000,0.0,0.0
2024-11-04 00:00:00-05:00,10.081606422494964,10.081606422494964,9.623351541924455,9.693085670471191,482300,0.0,0.0
2024-11-05 00:00:00-05:00,9.752858190635571,9.862440525341599,9.463958444541296,9.523731231689453,552100,0.0,0.0
2024-11-06 00:00:00-05:00,8.95589251506823,9.384261437498342,8.866233815019495,9.095361709594727,1139900,0.0,0.0
2024-11-07 00:00:00-05:00,9.463957414883806,9.493843330178251,9.125247208026353,9.344412803649902,904100,0.0,0.0
2024-11-08 00:00:00-05:00,9.284641827069693,9.284641827069693,8.89612200258167,8.985780715942383,774300,0.0,0.0
2024-11-11 00:00:00-05:00,8.51756268765462,8.72676601507267,8.298397070822325,8.617182731628418,1004200,0.0,0.0
2024-11-12 00:00:00-05:00,8.557411044555858,8.756652086035809,8.497638257083759,8.746689796447754,542500,0.0,0.0
2024-11-13 00:00:00-05:00,8.886159399672323,8.945931239773106,8.547449138913649,8.637107849121094,613600,0.0,0.0
2024-11-14 00:00:00-05:00,8.557410539707009,9.204944123829327,8.527524622762208,9.045551300048828,621100,0.0,0.0
2024-11-15 00:00:00-05:00,9.142257616665386,9.30177340854091,8.803286083535335,8.893013954162598,637100,0.007,0.0
2024-11-18 00:00:00-05:00,9.57095787345335,9.57095787345335,9.162197431854333,9.222016334533691,710700,0.0,0.0
2024-11-19 00:00:00-05:00,9.241955916302585,9.271864891052246,9.002681265937802,9.271864891052246,533300,0.0,0.0
2024-11-20 00:00:00-05:00,9.14225917427284,9.27186601495068,8.972773378831764,9.122319221496582,443100,0.0,0.0
2024-11-21 00:00:00-05:00,9.172169032518193,9.202078013762417,8.902986299741434,8.982744216918945,473800,0.0,0.0
2024-11-22 00:00:00-05:00,9.072470726837187,9.072470726837187,8.783348083496094,8.783348083496094,491800,0.0,0.0
2024-11-25 00:00:00-05:00,8.384558192322027,8.573983943009594,8.384558192322027,8.474286079406738,832000,0.0,0.0
2024-11-26 00:00:00-05:00,8.583953743752907,8.65374263489161,8.474286844519767,8.623832702636719,360800,0.0,0.0
2024-11-27 00:00:00-05:00,8.71355877706068,8.8232266041673,8.564012950192426,8.583951950073242,514200,0.0,0.0
2024-11-28 00:00:00-05:00,8.544073577757004,8.65374141228558,8.544073577757004,8.633801460266113,121700,0.0,0.0
2024-11-29 00:00:00-05:00,8.743469723456002,8.803287680868575,8.514165017936364,8.653741836547852,675900,0.0,0.0
2024-12-02 00:00:00-05:00,8.514165213732726,8.514165213732726,8.254951523545783,8.324740409851074,630700,0.0,0.0
2024-12-03 00:00:00-05:00,8.394526629157022,8.95283190072136,8.384556654467522,8.893013954162598,797100,0.0,0.0
2024-12-04 00:00:00-05:00,8.823227458704714,9.042561232582267,8.753438575389792,8.803287506103516,488300,0.0,0.0
2024-12-05 00:00:00-05:00,8.713558300174912,8.793316196911455,8.534103507912254,8.67367935180664,559500,0.0,0.0
2024-12-06 00:00:00-05:00,8.7634064612258,8.7634064612258,8.444374902024101,8.593920707702637,403600,0.0,0.0
2024-12-09 00:00:00-05:00,8.972772079400851,9.63077521309732,8.922923155468574,9.17216682434082,1089600,0.0,0.0
2024-12-10 00:00:00-05:00,9.261895015780661,9.361592867073858,9.00268136304969,9.052530288696289,587200,0.0,0.0
2024-12-11 00:00:00-05:00,9.132288608761465,9.531079081457168,9.102379632315783,9.431381225585938,736400,0.0,0.0
2024-12-12 00:00:00-05:00,9.03259247927865,9.112350390508498,8.763408815785937,8.793317794799805,720400,0.0,0.0
2024-12-13 00:00:00-05:00,8.673679131766463,8.693619080839312,8.474284394983496,8.573982238769531,490800,0.0,0.0
2024-12-16 00:00:00-05:00,8.60389162640416,8.633800600666312,8.32473898144938,8.41446590423584,388000,0.0,0.0
2024-12-17 00:00:00-05:00,8.26492018483759,8.394527009302976,8.185162285287992,8.374587059020996,472400,0.0,0.0
2024-12-18 00:00:00-05:00,8.334708371170212,8.344678346624516,7.866130458893651,7.915979385375977,765100,0.0,0.0
2024-12-19 00:00:00-05:00,7.846191460368758,7.985768272846647,7.766433553464036,7.826251983642578,580500,0.0,0.0
2024-12-20 00:00:00-05:00,7.866130937094939,8.095435157143328,7.786373030190217,7.826251983642578,1264800,0.0,0.0
2024-12-23 00:00:00-05:00,7.816282322057299,7.94588868041186,7.786372869886484,7.886070251464844,553200,0.0,0.0
2024-12-24 00:00:00-05:00,8.025647163391113,8.025647163391113,7.81628242170998,8.025647163391113,266800,0.0,0.0
2024-12-27 00:00:00-05:00,7.935918965924955,8.025646844622887,7.866130563004941,7.965827941894531,437800,0.0,0.0
2024-12-30 00:00:00-05:00,7.826251720599767,7.915979600549109,7.686675388207707,7.746493816375732,794400,0.0,0.0
2024-12-31 00:00:00-05:00,7.7066147583177464,7.93591896750681,7.7066147583177464,7.876100540161133,484800,0.0,0.0
2025-01-02 00:00:00-05:00,8.025646246209451,8.593921501205303,8.025646246209451,8.56401252746582,771000,0.0,0.0
2025-01-03 00:00:00-05:00,8.554043351624394,8.593922303931695,8.264920709699158,8.35464859008789,836400,0.0,0.0
2025-01-06 00:00:00-05:00,8.414466492082074,8.54407332399145,8.175192779690557,8.284860610961914,569800,0.0,0.0
2025-01-07 00:00:00-05:00,8.374587429445405,8.793316895996595,8.374587429445405,8.504194259643555,667900,0.0,0.0
2025-01-08 00:00:00-05:00,8.514163486306375,8.623830355694091,8.244980824795025,8.42443561553955,743900,0.0,0.0
2025-01-09 00:00:00-05:00,8.50419362919772,8.853135142385183,8.50419362919772,8.56401252746582,317000,0.0,0.0
2025-01-10 00:00:00-05:00,8.653740279809112,8.693619227840019,8.36461766888775,8.42443561553955,718200,0.0,0.0
2025-01-13 00:00:00-05:00,8.23501103292619,8.274889981842502,7.955857915117433,7.985767364501953,750800,0.0,0.0
2025-01-14 00:00:00-05:00,8.045585485681618,8.514163858627372,8.045585485681618,8.374587059020996,765400,0.0,0.0
2025-01-15 00:00:00-05:00,8.603893197033734,8.623832199918626,7.955859439856267,8.03561782836914,9457400,0.0,0.0
2025-01-16 00:00:00-05:00,8.145284291768617,8.274891131449829,7.975798497630819,8.015677452087402,1696900,0.0,0.0
2025-01-17 00:00:00-05:00,7.886069588588434,8.534103702862751,7.776402715767772,8.41446590423584,1411400,0.0,0.0
2025-01-20 00:00:00-05:00,8.41446537805596,8.434405326843262,8.235010592915696,8.434405326843262,392600,0.0,0.0
2025-01-21 00:00:00-05:00,8.374587755187179,8.74346925975505,8.175192989737816,8.20510196685791,1094400,0.0,0.0
2025-01-22 00:00:00-05:00,8.24498150063095,8.294829476663752,7.985767841787908,8.075495719909668,668800,0.0,0.0
2025-01-23 00:00:00-05:00,7.925948780819265,8.095434558148577,7.846190879815963,8.045585632324219,707800,0.0,0.0
2025-01-24 00:00:00-05:00,8.205101165410495,8.304799013791637,8.015676394433301,8.05555534362793,963600,0.0,0.0
2025-01-27 00:00:00-05:00,7.906009131014637,7.906009131014637,7.467340209787094,7.567038059234619,1172900,0.0,0.0
2025-01-28 00:00:00-05:00,7.596947195461425,7.746493497421368,7.377612967876205,7.686675071716309,826200,0.0,0.0
2025-01-29 00:00:00-05:00,7.696644477005717,8.06552547741005,7.696644477005717,7.995737552642822,878200,0.0,0.0
2025-01-30 00:00:00-05:00,8.274890627609457,8.663710172189436,8.264920651905044,8.643771171569824,1245300,0.0,0.0
2025-01-31 00:00:00-05:00,8.663710011797892,8.71355893860789,8.195132571835826,8.254950523376465,1307100,0.0,0.0
2025-02-03 00:00:00-05:00,8.264921764106395,8.593923400311708,8.185163849316583,8.314770698547363,1024500,0.0,0.0
2025-02-04 00:00:00-05:00,8.414467241063376,8.922924638245632,8.344679306434584,8.793317794799805,1269900,0.0,0.0
2025-02-05 00:00:00-05:00,8.743468703065673,8.873074579263932,8.494225024425798,8.583951950073242,1294700,0.0,0.0
2025-02-06 00:00:00-05:00,8.593921974837265,8.593921974837265,8.254950417811127,8.294829368591309,1291900,0.0,0.0
2025-02-07 00:00:00-05:00,8.454346230968559,8.52413511666971,7.985768738290008,8.005707740783691,1012000,0.0,0.0
2025-02-10 00:00:00-05:00,8.28485980280653,8.464314594200452,8.065525112448265,8.135313034057617,1204400,0.0,0.0
2025-02-11 00:00:00-05:00,7.995737339428316,8.165222159230789,7.876100017284808,7.985767364501953,1428100,0.0,0.0
2025-02-12 00:00:00-05:00,7.985768098569054,8.434406552814558,7.965828146883409,8.24498176574707,1033800,0.0,0.0
2025-02-13 00:00:00-05:00,8.26492050088623,8.26492050088623,7.975797866265668,8.075495719909668,1228600,0.0,0.0
2025-02-14 00:00:00-05:00,8.434406396190779,8.434406396190779,7.61688693265031,7.676705360412598,1700200,0.0,0.0
2025-02-18 00:00:00-05:00,7.796342638958674,7.806312139154781,7.547098953926174,7.606917381286621,1305900,0.0,0.0
2025-02-19 00:00:00-05:00,7.606917381286621,7.636826357269544,7.427461623810675,7.606917381286621,1985500,0.0,0.0
2025-02-20 00:00:00-05:00,7.676705056403109,8.205101385075297,7.527159230616941,8.155253410339355,1459900,0.0,0.0
2025-02-21 00:00:00-05:00,8.01567708521402,8.175192895739396,7.816282322057299,7.886070251464844,1305200,0.0,0.0
2025-02-24 00:00:00-05:00,7.886069830317615,8.12534353332752,7.686675077809359,8.045585632324219,1441100,0.0,0.0
2025-02-25 00:00:00-05:00,8.015676326557033,8.015676326557033,7.577007413736179,7.80631160736084,855900,0.0,0.0
2025-02-26 00:00:00-05:00,7.846191492709192,8.294829958594766,7.78637306228409,8.165223121643066,950600,0.0,0.0
2025-02-27 00:00:00-05:00,8.055555822502232,8.07549577367948,7.6966447830200195,7.6966447830200195,752900,0.0,0.0
2025-02-28 00:00:00-05:00,7.564907947815241,7.754529710007773,7.425186824684657,7.734569549560547,1977700,0.008,0.0
2025-03-03 00:00:00-05:00,7.934170914773625,8.073892509578593,7.734569316320455,7.7545294761657715,674600,0.0,0.0
2025-03-04 00:00:00-05:00,7.784469837433706,7.904230794714166,7.385266170611101,7.764509677886963,893700,0.0,0.0
2025-03-05 00:00:00-05:00,7.744550440233201,8.353335616821088,7.724589802422649,8.333375930786133,1177000,0.0,0.0
2025-03-06 00:00:00-05:00,8.183673180085387,8.483076054724895,8.183673180085387,8.323394775390625,792900,0.0,0.0
2025-03-07 00:00:00-05:00,8.323394929653357,8.61281749175465,8.223593652332008,8.473095893859863,755100,0.0,0.0
2025-03-10 00:00:00-04:00,8.343354616848728,8.353334934939312,7.874290612009759,7.984071731567383,1284400,0.0,0.0
2025-03-11 00:00:00-04:00,8.15373307668188,8.86231945874106,8.15373307668188,8.822399139404297,1336800,0.0,0.0
2025-03-12 00:00:00-04:00,8.872300853519206,8.982081507077604,8.752539880971243,8.812419891357422,1527100,0.0,0.0
2025-03-13 00:00:00-04:00,8.782479779253281,9.68068753831672,8.782479779253281,9.630786895751953,1706500,0.0,0.0
2025-03-14 00:00:00-04:00,9.740567514187214,9.780487833844722,9.481084960525655,9.550945281982422,1168000,0.0,0.0
2025-03-17 00:00:00-04:00,9.600846169976798,10.17969129600005,9.600846169976798,10.09985065460205,1281600,0.0,0.0
2025-03-18 00:00:00-04:00,10.38927243380968,10.68867529235191,10.24955179779197,10.329392433166504,1667800,0.0,0.0
2025-03-19 00:00:00-04:00,10.219611557149262,10.449154113662603,10.049949957223255,10.349352836608887,988600,0.0,0.0
2025-03-20 00:00:00-04:00,10.099851963246826,10.269513586144626,10.010030992092032,10.06991195678711,1299300,0.0,0.0
2025-03-21 00:00:00-04:00,9.960129252454555,10.029990528885518,9.680687002057327,9.920208930969238,3094500,0.0,0.0
2025-03-24 00:00:00-04:00,9.980089654960443,10.059930296058084,9.770507734135252,9.940169334411621,1084500,0.0,0.0
2025-03-25 00:00:00-04:00,10.239571687512903,10.359332642996769,9.790467866504542,9.82040786743164,1141800,0.0,0.0
2025-03-26 00:00:00-04:00,9.860328991128153,9.950149953019766,9.64076674559038,9.670706748962402,626500,0.0,0.0
2025-03-27 00:00:00-04:00,9.90024889808646,10.11981113442511,9.730587299794161,9.950149536132812,862500,0.0,0.0
2025-03-28 00:00:00-04:00,10.010030325124482,10.069911285829695,9.540966765331897,9.640767097473145,1116400,0.0,0.0
2025-03-31 00:00:00-04:00,9.660727248276899,9.680686932989383,9.201643078583356,9.600846290588379,1001100,0.0,0.0
2025-04-01 00:00:00-04:00,9.560926659937625,9.620807621951123,9.251544386232098,9.461125373840332,810200,0.0,0.0
2025-04-02 00:00:00-04:00,9.361324001553127,9.590865601639932,9.251543360438852,9.550945281982422,478600,0.0,0.0
2025-04-03 00:00:00-04:00,8.592856760562892,9.161722512163406,8.483076118143744,9.05194091796875,1354200,0.0,0.0
2025-04-04 00:00:00-04:00,8.572897153532288,8.682677796939354,7.81441011242297,7.904231071472168,2197200,0.0,0.0
2025-04-07 00:00:00-04:00,7.694649344661059,8.33337544037647,7.475087100543958,7.7245893478393555,1903300,0.0,0.0
2025-04-08 00:00:00-04:00,8.11381300317926,8.12379332125971,7.385266439378028,7.455126762390137,1569900,0.0,0.0
2025-04-09 00:00:00-04:00,7.6247887771483045,8.463116030080394,7.6247887771483045,8.3533353805542,1979000,0.0,0.0
2025-04-10 00:00:00-04:00,8.283473649178804,8.592855859827388,8.153732384405865,8.393254280090332,1365800,0.0,0.0
2025-04-11 00:00:00-04:00,8.692658189616324,8.982080753605938,8.63277723247772,8.712617874145508,1367300,0.0,0.0
2025-04-14 00:00:00-04:00,8.622797751620627,9.301443196786819,8.582877431316733,9.21162223815918,1493800,0.0,0.0
2025-04-15 00:00:00-04:00,9.271503431035782,9.341363755405983,9.121802464020913,9.191662788391113,804700,0.0,0.0
2025-04-16 00:00:00-04:00,9.471104817821956,9.600846097052116,9.15174225465573,9.291463851928711,1148900,0.0,0.0
2025-04-17 00:00:00-04:00,9.111822228211539,9.201643189943585,8.972100626431073,9.022001266479492,1066200,0.0,0.0
2025-04-21 00:00:00-04:00,9.2814833099991,9.431184269928323,8.712617568361972,8.902239799499512,921500,0.0,0.0
2025-04-22 00:00:00-04:00,8.992060868294011,9.022000870298095,8.393255117559312,8.40323543548584,1104600,0.0,0.0
2025-04-23 00:00:00-04:00,8.203633319146688,8.772498080273223,8.203633319146688,8.61281681060791,1343700,0.0,0.0
2025-04-24 00:00:00-04:00,8.662717445322182,8.732577762856895,8.522995858477312,8.61281681060791,798200,0.0,0.0
2025-04-25 00:00:00-04:00,8.393254929857218,8.642757161787697,8.323394609484838,8.582877159118652,887300,0.0,0.0
2025-04-28 00:00:00-04:00,8.542956378566599,8.622797012329102,8.413215110758676,8.622797012329102,910300,0.0,0.0
2025-04-29 00:00:00-04:00,8.542956262445621,8.792458477505914,8.45313531273985,8.632776260375977,1000500,0.0,0.0
2025-04-30 00:00:00-04:00,8.433175133204683,8.672697044145949,8.433175133204683,8.592856407165527,4601800,0.0,0.0
2025-05-01 00:00:00-04:00,8.383275218619584,8.413216173895586,8.113813283564411,8.123793601989746,943600,0.0,0.0
2025-05-02 00:00:00-04:00,8.233575094659493,8.273495420683787,7.934172173589473,8.133773803710938,884100,0.0,0.0
2025-05-05 00:00:00-04:00,8.393255214452353,8.463115537193529,8.033972330929217,8.313414573669434,822000,0.0,0.0
2025-05-06 00:00:00-04:00,8.493056717697456,8.792459604501612,8.333375431875384,8.782479286193848,1334000,0.0,0.0
2025-05-07 00:00:00-04:00,8.513015427074087,8.732577645808684,8.383274159266165,8.622797012329102,1319800,0.0,0.0
2025-05-08 00:00:00-04:00,8.772498957209411,8.772498957209411,7.644748687744141,7.644748687744141,3027300,0.0,0.0
2025-05-09 00:00:00-04:00,7.804430566148875,8.203634262084961,7.644748802241775,8.203634262084961,1676500,0.0,0.0
2025-05-12 00:00:00-04:00,8.073893790562323,8.243555414109478,7.884272004003019,8.133773803710938,1402200,0.0,0.0
2025-05-13 00:00:00-04:00,8.213612622115924,8.263513256450162,7.924190560995588,8.043951988220215,1332400,0.0,0.0
2025-05-14 00:00:00-04:00,7.964111295597113,7.964111295597113,7.704628744877009,7.844350337982178,1135400,0.0,0.0
2025-05-15 00:00:00-04:00,7.894250869750977,7.9441515090443575,7.684668946139202,7.894250869750977,816600,0.0,0.0
2025-05-16 00:00:00-04:00,7.740440690477222,7.850305143304682,7.6605394434205225,7.840317249298096,747900,0.006,0.0
2025-05-20 00:00:00-04:00,7.91023139944203,8.239824295043945,7.760416317009609,8.239824295043945,1482900,0.0,0.0
2025-05-21 00:00:00-04:00,8.249812189455648,8.34968827607857,8.099996630774209,8.239824295043945,1577900,0.0,0.0
2025-05-22 00:00:00-04:00,8.189885519722369,8.229836143623531,7.950181776315394,8.129960060119629,1139100,0.0,0.0
2025-05-23 00:00:00-04:00,8.1798969172769,8.249811217423145,7.9401931946272875,8.090008735656738,1654800,0.0,0.0
2025-05-26 00:00:00-04:00,8.099996819281596,8.289763007528151,8.020095567124539,8.209861755371094,622800,0.0,0.0
2025-05-27 00:00:00-04:00,8.040071229186067,8.569417254474667,8.040071229186067,8.52946662902832,2100200,0.0,0.0
2025-05-28 00:00:00-04:00,8.49950358686442,9.028849592771369,8.419602338897258,8.729219436645508,1920900,0.0,0.0
2025-05-29 00:00:00-04:00,8.889021856767725,8.928972480410579,8.42958920862592,8.439577102661133,949700,0.0,0.0
2025-05-30 00:00:00-04:00,8.299750272698288,8.49950338794115,8.249811755763076,8.459552764892578,2071900,0.0,0.0
2025-06-02 00:00:00-04:00,8.829096014485815,9.568182996060935,8.739206877064902,9.408380508422852,3027100,0.0,0.0
2025-06-03 00:00:00-04:00,9.348455411547908,9.688036221694619,9.268554156513163,9.648085594177246,2142000,0.0,0.0
2025-06-04 00:00:00-04:00,9.658072668663799,9.947714931682238,9.64808477450847,9.927739143371582,1950700,0.0,0.0
2025-06-05 00:00:00-04:00,10.62687629511986,11.61565493801455,10.586925671745266,11.465839385986328,5145900,0.0,0.0
2025-06-06 00:00:00-04:00,11.545740669211133,11.585691289416102,11.076320167429305,11.306035995483398,2876700,0.0,0.0
2025-06-09 00:00:00-04:00,11.595679600151056,11.835384302200472,11.345987956243857,11.395926475524902,1889300,0.0,0.0
2025-06-10 00:00:00-04:00,11.435875830508213,11.635628932951995,11.286061241799857,11.445863723754883,2101000,0.0,0.0
2025-06-11 00:00:00-04:00,11.445865187044491,11.675581046098243,11.14623501882382,11.36596393585205,1624400,0.0,0.0
2025-06-12 00:00:00-04:00,11.475827919111804,11.59567979591085,11.186185645389594,11.216148376464844,1185300,0.0,0.0
2025-06-13 00:00:00-04:00,11.246110541424905,11.425887856098306,11.036369547224336,11.306035995483398,1201300,0.0,0.0
2025-06-16 00:00:00-04:00,11.16620979718497,11.505790560265424,11.10628338796573,11.22613525390625,1137000,0.0,0.0
2025-06-17 00:00:00-04:00,11.565716239548482,11.685568107795339,11.276073986494083,11.645617485046387,1753000,0.0,0.0
2025-06-18 00:00:00-04:00,11.605667300606685,11.875334728720082,11.345987766682233,11.425889015197754,1239200,0.0,0.0
2025-06-19 00:00:00-04:00,11.33600133148346,11.465840151748866,11.306037647577853,11.345988273620605,306300,0.0,0.0
2025-06-20 00:00:00-04:00,11.326012989215727,11.395926343902879,10.876568225873426,11.11627197265625,4452900,0.0,0.0
2025-06-23 00:00:00-04:00,11.086308415752754,11.495802524096232,11.036369900772293,11.096295356750488,1097000,0.0,0.0
2025-06-24 00:00:00-04:00,10.826630204877668,11.166211004679806,10.716765268178117,11.036371231079102,864500,0.0,0.0
2025-06-25 00:00:00-04:00,11.176198198278156,11.316025869723743,10.986432957207368,11.146235466003418,1067900,0.0,0.0
2025-06-26 00:00:00-04:00,11.296049382341549,11.425888187399016,10.98643135240203,11.405913352966309,958500,0.0,0.0
2025-06-27 00:00:00-04:00,11.016394805370592,11.096296053356209,10.826629579529254,10.986432075500488,1389200,0.0,0.0
2025-06-30 00:00:00-04:00,10.986432269832786,11.276074537028457,10.866580395734374,11.256099700927734,2076700,0.0,0.0
2025-07-02 00:00:00-04:00,11.52576630938448,11.56571693453407,11.186185519363937,11.535754203796387,1375100,0.0,0.0
2025-07-03 00:00:00-04:00,11.555729167153707,11.845371440796775,11.415902453842047,11.515778541564941,870600,0.0,0.0
2025-07-04 00:00:00-04:00,11.585692595257935,11.625643219965804,11.47582766293778,11.555728912353516,178300,0.0,0.0
2025-07-07 00:00:00-04:00,11.465838910108012,11.855358186217183,11.236123073362725,11.845370292663574,1430200,0.0,0.0
2025-07-08 00:00:00-04:00,11.925272560380668,11.925272560380668,10.886555354036787,10.936493873596191,1972800,0.0,0.0
2025-07-09 00:00:00-04:00,10.946481950243342,11.805420881472084,10.946481950243342,11.505791664123535,1683500,0.0,0.0
2025-07-10 00:00:00-04:00,11.605666809046772,11.875334225738362,11.266086040989796,11.805419921875,1331800,0.0,0.0
2025-07-11 00:00:00-04:00,12.24487796100992,12.724285441132007,12.005174220948875,12.674346923828125,2457700,0.0,0.0
2025-07-14 00:00:00-04:00,12.694322705364243,12.95400223321543,12.464605906881117,12.524532318115234,2328700,0.0,0.0
2025-07-15 00:00:00-04:00,12.424655205601939,12.494569510352745,12.025148974874412,12.23488998413086,1209700,0.0,0.0
2025-07-16 00:00:00-04:00,12.294816173734425,12.334766796088235,11.685567992216345,11.815407752990723,1654100,0.0,0.0
2025-07-17 00:00:00-04:00,11.695556064625983,11.825395827384185,11.525765678903563,11.635629653930664,1473000,0.0,0.0
2025-07-18 00:00:00-04:00,11.735507526268611,11.755483315427282,11.316025478917037,11.355976104736328,1071200,0.0,0.0
2025-07-21 00:00:00-04:00,11.64561874460508,12.075088699980116,11.64561874460508,11.895310401916504,1233200,0.0,0.0
2025-07-22 00:00:00-04:00,11.91528530423072,12.065099906459906,11.685568501314888,12.035137176513672,1033800,0.0,0.0
2025-07-23 00:00:00-04:00,11.9752110170071,12.224902660993893,11.815408517255236,11.995186805725098,978600,0.0,0.0
2025-07-24 00:00:00-04:00,11.925271789571937,11.995186093435299,11.69555594794397,11.805419921875,1011300,0.0,0.0
2025-07-25 00:00:00-04:00,11.745494842529297,11.915285232025742,11.435876793301073,11.745494842529297,1227300,0.0,0.0
2025-07-28 00:00:00-04:00,11.605667108912488,11.605667108912488,11.166210249335757,11.455852508544922,1450100,0.0,0.0
2025-07-29 00:00:00-04:00,11.395926413522044,11.565716806654988,11.236123914690575,11.555728912353516,777400,0.0,0.0
2025-07-30 00:00:00-04:00,11.43587664391593,11.615654925151514,11.0363704106124,11.166210174560547,1246100,0.0,0.0
2025-07-31 00:00:00-04:00,11.086309945400286,11.226136663640807,10.866581020667649,11.00640869140625,1119800,0.0,0.0
2025-08-01 00:00:00-04:00,11.056345618798096,11.196173281417678,10.67681420811468,10.80665397644043,1437400,0.0,0.0
2025-08-05 00:00:00-04:00,11.266086956747422,11.595679857829268,11.06633382768237,11.505791664123535,1203600,0.0,0.0
2025-08-06 00:00:00-04:00,11.505791599541284,11.625643476307584,11.415902453842047,11.515778541564941,745700,0.0,0.0
2025-08-07 00:00:00-04:00,11.855359142193203,12.115038680538994,11.635630228785375,11.995186805725098,1929800,0.0,0.0
2025-08-08 00:00:00-04:00,12.055111487113589,12.125025790606236,11.665593157288425,11.815407752990723,957200,0.0,0.0
2025-08-11 00:00:00-04:00,11.505790376615515,12.125025483673246,11.415901240470403,12.01516056060791,1369600,0.0,0.0
2025-08-12 00:00:00-04:00,12.03513730767439,12.324779573639256,11.945248164358048,12.314791679382324,1003700,0.0,0.0
2025-08-13 00:00:00-04:00,12.42465585148385,12.454619534719534,12.095062955875624,12.284829139709473,1251100,0.0,0.0
2025-08-14 00:00:00-04:00,11.975210519403728,12.934026430571462,11.73550677973629,12.224902153015137,1787100,0.0,0.0
2025-08-15 00:00:00-04:00,12.274840607203613,12.57447075649825,11.885321317870783,12.23488998413086,1365200,0.0,0.0
2025-08-18 00:00:00-04:00,12.364729482510965,12.614421109494227,11.825395606327033,12.125025749206543,957400,0.0,0.0
2025-08-19 00:00:00-04:00,12.08507568262747,12.324779426952807,11.555728723286508,11.585692405700684,1298200,0.0,0.0
2025-08-20 00:00:00-04:00,11.655606141858385,11.885321999578046,11.615655516494183,11.825396537780762,811000,0.0,0.0
2025-08-21 00:00:00-04:00,11.835383683665583,12.25486569970676,11.815407895997916,12.095062255859375,847100,0.0,0.0
2025-08-22 00:00:00-04:00,12.005173842469434,12.624408961020565,11.885321023719442,12.434642791748047,1356100,0.0,0.0
2025-08-25 00:00:00-04:00,12.42465546688093,12.54450829111757,12.204927511609108,12.344754219055176,1055000,0.0,0.0
2025-08-26 00:00:00-04:00,12.394692994291866,12.664360425673571,12.324779639117954,12.454619407653809,1580300,0.0,0.0
2025-08-27 00:00:00-04:00,12.384704785873993,12.51454455111678,12.065099796044368,12.504557609558105,896500,0.0,0.0
2025-08-28 00:00:00-04:00,12.654372399304078,12.764236378073416,12.204927637522946,12.324779510498047,1224300,0.0,0.0
2025-08-29 00:00:00-04:00,12.291801186010057,12.781474330268363,12.271814060266315,12.561620712280273,1463700,0.007,0.0
2025-09-02 00:00:00-04:00,12.991334653517756,13.251161575317383,12.431707510644609,13.251161575317383,2680400,0.0,0.0
2025-09-03 00:00:00-04:00,13.381075221547828,13.540968420857958,12.811454507707186,13.071281433105469,2706600,0.0,0.0
2025-09-04 00:00:00-04:00,12.86142095771588,13.111254311874399,12.501661270821515,12.531641006469727,2232100,0.0,0.0
2025-09-05 00:00:00-04:00,12.84143463453765,13.111254158288084,12.511654687154564,12.681540489196777,2312800,0.0,0.0
2025-09-08 00:00:00-04:00,12.831440716926988,13.211187514662917,12.751494122986642,13.051294326782227,1948500,0.0,0.0
2025-09-09 00:00:00-04:00,13.091267996361834,13.091267996361834,12.591601293493651,12.671547889709473,1698100,0.0,0.0
2025-09-10 00:00:00-04:00,12.661553966544108,13.071280498748026,12.54163407563359,13.051294326782227,2523800,0.0,0.0
2025-09-11 00:00:00-04:00,12.931374080207972,14.370414743688945,12.90139434435505,14.360421180725098,3551700,0.0,0.0
2025-09-12 00:00:00-04:00,14.770147510179484,14.970014001263648,14.450361124444822,14.58027458190918,2556900,0.0,0.0
2025-09-15 00:00:00-04:00,14.590268811356571,14.95002851174559,14.390401358101801,14.860088348388672,2350400,0.0,0.0
2025-09-16 00:00:00-04:00,14.88007511169598,14.970014319818766,14.210521637537283,14.27048110961914,2064800,0.0,0.0
2025-09-17 00:00:00-04:00,13.830775260925293,14.440368329402753,13.700861796553639,13.830775260925293,2089200,0.0,0.0
2025-09-18 00:00:00-04:00,13.830774433775023,13.940700764882124,13.361087468065417,13.700860977172852,1398200,0.0,0.0
2025-09-19 00:00:00-04:00,13.900727475666082,14.670214653015137,13.80079470724372,14.670214653015137,4082000,0.0,0.0
2025-09-22 00:00:00-04:00,15.129907939618585,16.78880026937988,15.059953953919797,16.758821487426758,3014300,0.0,0.0
2025-09-23 00:00:00-04:00,16.97867358851033,17.488333831765313,16.239167129496362,16.3291072845459,3049000,0.0,0.0
2025-09-24 00:00:00-04:00,16.648895127637616,16.78880120071913,15.819448440225079,15.849428176879883,1609900,0.0,0.0
2025-09-25 00:00:00-04:00,15.899394630686857,16.279142399385258,15.859421331829965,16.2591552734375,2187900,0.0,0.0
2025-09-26 00:00:00-04:00,16.489002721436073,17.468349092280977,16.339103077911222,16.918716430664062,2530800,0.0,0.0
2025-09-29 00:00:00-04:00,17.518316541566865,17.608256707001374,17.138568752826185,17.25848960876465,3075500,0.0,0.0
2025-09-30 00:00:00-04:00,16.489002556003392,17.628242122655237,16.199194929495896,17.078609466552734,2227200,0.0,0.0
2025-10-01 00:00:00-04:00,17.23850072815902,18.07794091610337,16.938701477926244,17.098594665527344,2904600,0.0,0.0
2025-10-02 00:00:00-04:00,17.35842182571157,17.41838129541942,16.21918046479942,16.838768005371094,2395300,0.0,0.0
2025-10-03 00:00:00-04:00,17.09859581161021,17.4783416810971,16.75882228866428,16.908721923828125,2389000,0.0,0.0
2025-10-06 00:00:00-04:00,17.44836094202899,18.907388755133116,17.428375721853964,17.898061752319336,4093400,0.0,0.0
2025-10-07 00:00:00-04:00,17.858088658173703,18.017981849342814,17.448360211466017,17.688201904296875,2842900,0.0,0.0
2025-10-08 00:00:00-04:00,18.61758033256198,19.76681526305558,18.37774054620286,19.68686866760254,3980500,0.0,0.0
2025-10-09 00:00:00-04:00,20.326441860184417,20.53630096289845,18.887401205583803,19.267148971557617,3831300,0.0,0.0
2025-10-10 00:00:00-04:00,19.91671607559108,19.97667554922697,18.40772232886711,18.54762840270996,3811100,0.0,0.0
2025-10-14 00:00:00-04:00,18.597594485142103,20.096594528817338,18.597594485142103,19.377073287963867,2977600,0.0,0.0
2025-10-15 00:00:00-04:00,19.636900685519738,20.9060545452558,19.636900685519738,20.856088638305664,3318300,0.0,0.0
2025-10-16 00:00:00-04:00,21.08593516441703,22.005321970543786,20.836101813905163,21.52564239501953,3915500,0.0,0.0
2025-10-17 00:00:00-04:00,20.736169007378734,21.065948968361425,19.167215801913287,19.656888961791992,2892600,0.0,0.0
2025-10-20 00:00:00-04:00,20.206521104016524,20.28646770152301,19.646894921471148,20.136568069458008,1965300,0.0,0.0
2025-10-21 00:00:00-04:00,18.267815984041267,18.487668654829804,17.668215538344846,17.878074645996094,2555600,0.0,0.0
2025-10-22 00:00:00-04:00,17.28846702029691,18.067947756804216,17.158554517250952,17.688201904296875,2377100,0.0,0.0
2025-10-23 00:00:00-04:00,18.25782225677418,18.30778816593418,17.87807448528006,18.037967681884766,2038400,0.0,0.0
2025-10-24 00:00:00-04:00,17.798128880750784,18.26781683982012,17.798128880750784,17.98800277709961,2423900,0.0,0.0
2025-10-27 00:00:00-04:00,17.208520692704816,17.638234365442784,16.748828237454017,17.408388137817383,2163100,0.0,0.0
2025-10-28 00:00:00-04:00,17.05862162767025,17.868081185675727,17.05862162767025,17.77814292907715,1908400,0.0,0.0
2025-10-29 00:00:00-04:00,18.18786965671068,18.19786131391995,17.398395311767146,17.618247985839844,2796900,0.0,0.0
2025-10-30 00:00:00-04:00,17.538302628422752,18.347764157299444,17.518317406510715,18.217849731445312,1770800,0.0,0.0
2025-10-31 00:00:00-04:00,18.117914402711445,18.18786934451668,17.598262463270576,17.918048858642578,5316700,0.0,0.0
2025-11-03 00:00:00-05:00,17.988002245878597,18.077942409594176,17.278476405541603,17.578275680541992,1621600,0.0,0.0
2025-11-04 00:00:00-05:00,16.77881008504594,16.998662764994386,16.169216050814196,16.269149780273438,2590700,0.0,0.0
2025-11-05 00:00:00-05:00,15.859421607953415,15.979341506611977,14.410388307864157,15.039968490600586,3640000,0.0,0.0
2025-11-06 00:00:00-05:00,15.119914740694592,16.019315389430975,15.119914740694592,15.389734268188477,1472300,0.0,0.0
2025-11-07 00:00:00-05:00,15.459689504761496,16.019316683841893,15.189869002426654,16.009323120117188,1818700,0.0,0.0
2025-11-10 00:00:00-05:00,16.868746981764907,16.988667828641045,16.379073843668635,16.638900756835938,2008800,0.0,0.0
2025-11-11 00:00:00-05:00,16.868745931850963,16.868745931850963,16.249160328772764,16.728839874267578,1132800,0.0,0.0
2025-11-12 00:00:00-05:00,16.978673364685122,17.908053683893794,16.748827151956142,17.5982608795166,1750400,0.0,0.0
2025-11-13 00:00:00-05:00,17.68820246422216,17.738168373265246,16.768815632857716,17.12857437133789,1715700,0.0,0.0
2025-11-14 00:00:00-05:00,16.035858222087565,17.155567888887365,15.875898744831014,16.85564613342285,1878300,0.007,0.0
2025-11-17 00:00:00-05:00,16.705682744054553,16.925627136498374,15.955877429109753,16.225807189941406,1407500,0.0,0.0
2025-11-18 00:00:00-05:00,16.335779865568927,16.57571764966695,15.955877897366396,16.34577751159668,1241100,0.0,0.0
2025-11-19 00:00:00-05:00,16.805657745221367,17.345519188218148,16.3357798242418,16.655696868896484,1840000,0.0,0.0
2025-11-20 00:00:00-05:00,16.69568784276158,16.975614309942895,15.466005005157237,15.545984268188477,2753400,0.0,0.0
2025-11-21 00:00:00-05:00,15.446009788221435,15.815914119906875,15.146087073673556,15.645957946777344,2202700,0.0,0.0
2025-11-24 00:00:00-05:00,15.845907422979623,17.055594048404544,15.765928157718935,17.035600662231445,1922900,0.0,0.0
2025-11-25 00:00:00-05:00,16.95561869478507,17.845390124287224,16.945622955595432,17.47548484802246,1740700,0.0,0.0
2025-11-26 00:00:00-05:00,17.725419857357682,19.17504608297398,17.515475015956458,18.965099334716797,2155200,0.0,0.0
2025-11-27 00:00:00-05:00,18.84513195218698,19.005090476101657,18.645182843865626,18.945106506347656,395600,0.0,0.0
2025-11-28 00:00:00-05:00,19.524956860388357,21.344486521319794,19.374994073967116,21.09455108642578,2441800,0.0,0.0
2025-12-01 00:00:00-05:00,21.59442253196522,22.324233563668535,21.42446635543167,21.724388122558594,3467700,0.0,0.0
2025-12-02 00:00:00-05:00,21.594421193355018,22.234255273886554,20.814621977565228,22.184268951416016,2759100,0.0,0.0
2025-12-03 00:00:00-05:00,22.154276171866194,22.704133350388602,21.82436148338155,21.904340744018555,2621700,0.0,0.0
2025-12-04 00:00:00-05:00,21.41446765416507,21.464453977272086,20.744640627508623,20.974580764770508,1877000,0.0,0.0
2025-12-05 00:00:00-05:00,21.49444630071883,21.904340240416623,20.71464709729438,20.82461929321289,1817600,0.0,0.0
2025-12-08 00:00:00-05:00,20.844615392961867,20.844615392961867,19.844873665787254,19.904857635498047,1448200,0.0,0.0
2025-12-09 00:00:00-05:00,20.014829183280927,21.51444172516171,19.934849923988192,21.334487915039062,2058300,0.0,0.0
2025-12-10 00:00:00-05:00,21.124541134327192,21.94433092435604,20.5846816116658,21.644407272338867,2160500,0.0,0.0
2025-12-11 00:00:00-05:00,22.004315147494275,23.663886224613893,21.894342949792236,23.144020080566406,3174300,0.0,0.0
2025-12-12 00:00:00-05:00,23.853838579361888,23.853838579361888,21.634410691264343,21.914339065551758,2647800,0.0,0.0
2025-12-15 00:00:00-05:00,22.71413173239698,22.794110995625783,21.62441307911949,22.08429527282715,1721000,0.0,0.0
2025-12-16 00:00:00-05:00,21.874348386180113,22.724129244764175,21.724387506866698,22.5341796875,1998800,0.0,0.0
2025-12-17 00:00:00-05:00,23.233997881575323,23.403954054182083,22.324233047873282,22.564170837402344,2456300,0.0,0.0
2025-12-18 00:00:00-05:00,22.294239481576533,23.05404341379308,22.094292282691754,22.244253158569336,2868500,0.0,0.0
2025-12-19 00:00:00-05:00,22.304236665408588,23.503927461283823,22.304236665408588,23.084035873413086,4247000,0.0,0.0
2025-12-22 00:00:00-05:00,23.883829272994628,24.603644537580713,23.74386604126112,24.083778381347656,2201100,0.0,0.0
2025-12-23 00:00:00-05:00,24.443686059370805,24.473677090880653,23.024052726605262,23.77385902404785,2170800,0.0,0.0
2025-12-24 00:00:00-05:00,23.713873431930264,23.713873431930264,22.944073739860638,23.523923873901367,987900,0.0,0.0
2025-12-29 00:00:00-05:00,22.78411586467161,23.44394528064402,22.17427277448107,22.88408851623535,2693500,0.0,0.0
2025-12-30 00:00:00-05:00,23.523924488057247,23.753864637057152,22.994060664536686,23.19400978088379,2126700,0.0,0.0
2025-12-31 00:00:00-05:00,22.654147147241336,23.55391431087503,22.554172594202928,22.894084930419922,1950000,0.0,0.0
2026-01-02 00:00:00-05:00,23.333972327219083,23.69387996324341,21.35448414279736,22.054302215576172,2837700,0.0,0.0
2026-01-05 00:00:00-05:00,22.854096599649953,24.88357109486121,22.80410836894523,23.463937759399414,3345300,0.0,0.0
2026-01-06 00:00:00-05:00,23.653888454303548,25.843323309821102,23.37396009201467,25.823328018188477,2900300,0.0,0.0
2026-01-07 00:00:00-05:00,24.343711292717714,24.973547738060347,23.134022818494305,24.843582153320312,3303200,0.0,0.0
2026-01-08 00:00:00-05:00,23.713873358684616,24.92356185423942,23.623896449641034,24.793594360351562,1891700,0.0,0.0
2026-01-09 00:00:00-05:00,25.2234826234614,26.363189457676437,24.913563230502625,26.303203582763672,2068100,0.0,0.0
2026-01-12 00:00:00-05:00,27.822811960238017,28.60261118743487,27.342936392819645,28.032758712768555,2289700,0.0,0.0
2026-01-13 00:00:00-05:00,28.512633707351878,29.29243101202616,27.372926874060603,27.5728759765625,2101400,0.0,0.0
2026-01-14 00:00:00-05:00,28.34267868729662,28.592614122093142,26.853063724732085,27.532888412475586,2433500,0.0,0.0
2026-01-15 00:00:00-05:00,26.7230959497518,28.472643974927454,26.463162871474413,28.262699127197266,1890600,0.0,0.0
2026-01-16 00:00:00-05:00,27.892793342826568,29.942264993556844,26.91304692413818,29.892276763916016,2567600,0.0,0.0
2026-01-19 00:00:00-05:00,30.592097396522053,31.051977678190944,30.19220108488475,30.862028121948242,1065200,0.0,0.0
2026-01-20 00:00:00-05:00,31.651822568420105,31.72180418342636,30.102223671734162,31.051977157592773,2287100,0.0,0.0
2026-01-21 00:00:00-05:00,31.16195052694515,31.52185816833067,30.062234216933,30.702068328857422,3647700,0.0,0.0
2026-01-22 00:00:00-05:00,30.652079898003123,33.571327600233445,28.92252724125017,33.351383209228516,2500300,0.0,0.0
2026-01-23 00:00:00-05:00,33.7512807942761,34.890989626302456,33.35138637074622,34.81100845336914,2457700,0.0,0.0
2026-01-26 00:00:00-05:00,36.97044697117287,38.19013304453953,35.01095418823538,35.24089431762695,4730400,0.0,0.0
2026-01-27 00:00:00-05:00,35.31087845175736,35.9107219787672,33.24141332574764,34.910980224609375,3314100,0.0,0.0
2026-01-28 00:00:00-05:00,35.290881831603755,35.89072914976318,33.991218362826324,35.54081726074219,2640400,0.0,0.0
2026-01-29 00:00:00-05:00,36.37060600034523,36.790495705542746,32.26166679002487,33.92123794555664,3536700,0.0,0.0
2026-01-30 00:00:00-05:00,30.412143120019127,31.721804235912263,28.01276337959586,28.34267807006836,4869400,0.0,0.0
2026-02-02 00:00:00-05:00,27.83281091565756,29.01250650453574,27.192976795665093,27.882797241210938,2731900,0.0,0.0
2026-02-03 00:00:00-05:00,30.292173787811617,30.382150696450854,28.842549417129746,30.07223129272461,2597000,0.0,0.0
2026-02-04 00:00:00-05:00,30.991993310758367,31.231931094664102,28.752572087448872,30.602094650268555,1827600,0.0,0.0
2026-02-05 00:00:00-05:00,28.422656967727153,29.602352484287483,27.432912908966195,27.772825241088867,2321400,0.0,0.0
2026-02-06 00:00:00-05:00,28.192718193352146,30.332164934275397,28.152727607946897,30.052236557006836,1439400,0.0,0.0
2026-02-09 00:00:00-05:00,30.432139258361012,32.57158788979003,30.192201468331376,32.25166702270508,1681400,0.0,0.0
2026-02-10 00:00:00-05:00,31.88176364481374,32.85151435806325,31.7018098255775,32.25166702270508,1350100,0.0,0.0
2026-02-11 00:00:00-05:00,33.66130041198611,33.72128628550313,31.441876483822178,32.33164596557617,1711600,0.0,0.0
2026-02-12 00:00:00-05:00,31.90175769996512,32.31165164705721,29.282435496930585,29.382408142089844,1792200,0.0,0.0
2026-02-13 00:00:00-05:00,29.99225109146621,31.42188203192305,29.742315665703988,31.271921157836914,1645500,0.0,0.0
2026-02-17 00:00:00-05:00,29.932267792096034,29.99225176169975,28.112738156983212,29.362415313720703,1400800,0.0,0.0
2026-02-18 00:00:00-05:00,30.47212735170736,31.101965706944767,29.872281934718977,30.97199821472168,1599000,0.0,0.0
2026-02-19 00:00:00-05:00,31.381893089377296,34.101191884242205,31.071973679147042,33.951229095458984,3681600,0.0,0.0
2026-02-20 00:00:00-05:00,34.35112797665957,37.720256688359996,33.8412575360652,37.69026565551758,2564500,0.0,0.0
2026-02-23 00:00:00-05:00,38.16013998175944,40.289590933284614,38.010181010572175,39.189876556396484,2436100,0.0,0.0
2026-02-24 00:00:00-05:00,37.720254826167945,41.03939704803257,37.720254826167945,40.4295539855957,2793800,0.0,0.0
2026-02-25 00:00:00-05:00,41.04939826748244,41.26933886258485,39.92968474416467,40.199615478515625,1671700,0.0,0.0
2026-02-26 00:00:00-05:00,39.599772346377414,42.65897973929817,39.12989249140212,42.579002380371094,2615000,0.0,0.0
2026-02-27 00:00:00-05:00,42.900001525878906,43.689998626708984,42.09000015258789,43.63999938964844,2621700,0.011,0.0
2026-03-02 00:00:00-05:00,43.61000061035156,43.61000061035156,41.060001373291016,43.189998626708984,1722100,0.0,0.0
2026-03-03 00:00:00-05:00,39.279998779296875,39.709999084472656,37.04999923706055,38.75,2108800,0.0,0.0
2026-03-04 00:00:00-05:00,39.880001068115234,40.25,38.75,39.060001373291016,1585900,0.0,0.0
2026-03-05 00:00:00-05:00,38.220001220703125,38.220001220703125,34.93000030517578,35.900001525878906,1641900,0.0,0.0
2026-03-06 00:00:00-05:00,34.970001220703125,35.84000015258789,34.2400016784668,35.06999969482422,1190700,0.0,0.0
2026-03-09 00:00:00-04:00,33.97999954223633,35.52000045776367,32.5,35.470001220703125,2257400,0.0,0.0
2026-03-10 00:00:00-04:00,36.63999938964844,37.439998626708984,36.06999969482422,36.27000045776367,1153400,0.0,0.0
2026-03-11 00:00:00-04:00,35.529998779296875,35.70000076293945,33.880001068115234,34.90999984741211,1658600,0.0,0.0
2026-03-12 00:00:00-04:00,34.93000030517578,34.93000030517578,33.33000183105469,33.61000061035156,1451400,0.0,0.0
2026-03-13 00:00:00-04:00,33.47999954223633,33.47999954223633,30.809999465942383,30.959999084472656,2038600,0.0,0.0
2026-03-16 00:00:00-04:00,30.579999923706055,31.649999618530273,29.350000381469727,30.389999389648438,2014800,0.0,0.0
2026-03-17 00:00:00-04:00,30.469999313354492,31.059999465942383,29.350000381469727,29.729999542236328,1563400,0.0,0.0
2026-03-18 00:00:00-04:00,28.760000228881836,28.899999618530273,27.5,27.8799991607666,1950100,0.0,0.0
2026-03-19 00:00:00-04:00,25.100000381469727,26.200000762939453,24.6299991607666,26.010000228881836,2576300,0.0,0.0
2026-03-20 00:00:00-04:00,25.920000076293945,26.09000015258789,24.530000686645508,25.059999465942383,8708500,0.0,0.0
2026-03-23 00:00:00-04:00,25.0,26.8700008392334,24.950000762939453,26.31999969482422,1942700,0.0,0.0
2026-03-24 00:00:00-04:00,26.309999465942383,27.959999084472656,26.209999084472656,27.639999389648438,1726100,0.0,0.0
2026-03-25 00:00:00-04:00,29.329999923706055,29.399999618530273,28.15999984741211,28.770000457763672,1820300,0.0,0.0
2026-03-26 00:00:00-04:00,27.56999969482422,28.600000381469727,26.709999084472656,26.760000228881836,1480700,0.0,0.0
2026-03-27 00:00:00-04:00,26.56999969482422,28.93000030517578,26.520000457763672,28.690000534057617,2297600,0.0,0.0
2026-03-30 00:00:00-04:00,29.3700008392334,29.489999771118164,26.850000381469727,27.350000381469727,1761200,0.0,0.0
2026-03-31 00:00:00-04:00,28.34000015258789,30.15999984741211,28.299999237060547,29.81999969482422,1629600,0.0,0.0
2026-04-01 00:00:00-04:00,30.34000015258789,31.729999542236328,29.889999389648438,30.770000457763672,1675200,0.0,0.0
2026-04-02 00:00:00-04:00,28.3799991607666,31.0,28.3799991607666,30.43000030517578,1771000,0.0,0.0
2026-04-06 00:00:00-04:00,30.1299991607666,30.600000381469727,29.530000686645508,29.790000915527344,862500,0.0,0.0
2026-04-07 00:00:00-04:00,29.6299991607666,29.979999542236328,28.59000015258789,29.59000015258789,1407300,0.0,0.0
2026-04-08 00:00:00-04:00,32.0099983215332,32.20000076293945,28.459999084472656,28.90999984741211,1982200,0.0,0.0
2026-04-09 00:00:00-04:00,29.299999237060547,29.56999969482422,27.729999542236328,28.530000686645508,1574400,0.0,0.0
2026-04-10 00:00:00-04:00,28.8700008392334,29.059999465942383,28.25,28.489999771118164,1384200,0.0,0.0
2026-04-13 00:00:00-04:00,28.049999237060547,28.770000457763672,27.850000381469727,28.700000762939453,1707900,0.0,0.0
2026-04-14 00:00:00-04:00,29.110000610351562,29.889999389648438,28.920000076293945,29.649999618530273,1328100,0.0,0.0
2026-04-15 00:00:00-04:00,29.270000457763672,29.790000915527344,28.649999618530273,29.09000015258789,1341300,0.0,0.0
2026-04-16 00:00:00-04:00,29.200000762939453,29.559999465942383,28.700000762939453,28.860000610351562,1527500,0.0,0.0
2026-04-17 00:00:00-04:00,29.850000381469727,31.200000762939453,29.360000610351562,29.479999542236328,2413400,0.0,0.0
2026-04-20 00:00:00-04:00,29.040000915527344,29.510000228881836,28.549999237060547,29.440000534057617,2820600,0.0,0.0
2026-04-21 00:00:00-04:00,29.0,29.149999618530273,27.399999618530273,27.459999084472656,2040300,0.0,0.0
2026-04-22 00:00:00-04:00,28.280000686645508,28.850000381469727,27.690000534057617,28.540000915527344,1046500,0.0,0.0
2026-04-23 00:00:00-04:00,28.110000610351562,28.239999771118164,26.65999984741211,27.729999542236328,1013100,0.0,0.0
2026-04-24 00:00:00-04:00,27.940000534057617,28.280000686645508,27.389999389648438,28.06999969482422,1034500,0.0,0.0
2026-04-27 00:00:00-04:00,27.790000915527344,28.0,27.049999237060547,27.989999771118164,1328900,0.0,0.0
2026-04-28 00:00:00-04:00,27.260000228881836,27.450000762939453,26.3799991607666,26.65999984741211,1849800,0.0,0.0
2026-04-29 00:00:00-04:00,26.40999984741211,26.459999084472656,25.709999084472656,25.959999084472656,1866800,0.0,0.0
2026-04-30 00:00:00-04:00,27.059999465942383,27.34000015258789,26.200000762939453,26.760000228881836,3295800,0.0,0.0
2026-05-01 00:00:00-04:00,26.549999237060547,27.510000228881836,26.399999618530273,26.969999313354492,1044500,0.0,0.0
2026-05-04 00:00:00-04:00,26.350000381469727,27.100000381469727,26.200000762939453,26.43000030517578,1126200,0.0,0.0
2026-05-05 00:00:00-04:00,26.780000686645508,26.950000762939453,25.959999084472656,26.049999237060547,640000,0.0,0.0
2026-05-06 00:00:00-04:00,27.799999237060547,29.200000762939453,27.68000030517578,28.8700008392334,1552548,0.0,0.0
