Date,Open,High,Low,Close,Volume,Dividends,Stock Splits
2022-01-03 00:00:00-05:00,118.43484562673146,120.21731290334024,116.65238590519101,117.44458770751953,110690,0.0,0.0
2022-01-04 00:00:00-05:00,118.23679978976199,121.10854933267159,117.24654184772892,120.21731567382812,158210,0.0,0.0
2022-01-05 00:00:00-05:00,120.9105029035184,123.93079289085584,117.93972883927928,118.53388214111328,168780,0.0,0.0
2022-01-06 00:00:00-05:00,119.227070730443,119.77170812489878,117.74168365545012,119.02901458740234,109250,0.0,0.0
2022-01-07 00:00:00-05:00,118.63290594595902,120.71244613895412,116.85043860620974,116.949462890625,80890,0.0,0.0
2022-01-10 00:00:00-05:00,115.86017830321487,117.14751663972241,115.06796893381507,117.0484848022461,82420,0.0,0.0
2022-01-11 00:00:00-05:00,117.34556290419506,117.74166758113006,113.87966020238339,117.14751434326172,86790,0.0,0.0
2022-01-12 00:00:00-05:00,118.53388000757214,119.32608943247091,115.56310599680522,117.34557342529297,90540,0.0,0.0
2022-01-13 00:00:00-05:00,118.83095581950256,119.37560072236944,115.95920620951752,116.25628662109375,129160,0.0,0.0
2022-01-14 00:00:00-05:00,114.67187658824719,115.66213456377587,112.39428022250374,115.56310272216797,143580,0.0,0.0
2022-01-18 00:00:00-05:00,114.12724077717924,115.56311193412684,112.5428294010479,113.58259582519531,152260,0.0,0.0
2022-01-19 00:00:00-05:00,113.78064324273255,115.46407878418563,110.90889359401658,112.98843383789062,204020,0.0,0.0
2022-01-20 00:00:00-05:00,112.49329877972548,115.11748379223967,108.33421851635579,108.43324279785156,190010,0.0,0.0
2022-01-21 00:00:00-05:00,107.83910784825035,107.83910784825035,102.39268833626872,102.8878173828125,221820,0.0,0.0
2022-01-24 00:00:00-05:00,100.4121724969319,106.6507939718909,98.43165630391577,106.056640625,292960,0.0,0.0
2022-01-25 00:00:00-05:00,103.6800068500134,104.67026482395839,100.85777313528392,103.08585357666016,364060,0.0,0.0
2022-01-26 00:00:00-05:00,103.38294192544349,103.58099051340508,97.09480481929617,98.9267807006836,272370,0.0,0.0
2022-01-27 00:00:00-05:00,99.81801469190647,102.0956036791101,97.19382934234916,97.63944244384766,259810,0.0,0.0
2022-01-28 00:00:00-05:00,96.9462601811486,98.23359105435004,94.86671988207779,97.83749389648438,201690,0.0,0.0
2022-01-31 00:00:00-05:00,96.9462560244047,103.87806176080652,96.9462560244047,103.77903747558594,465950,0.0,0.0
2022-02-01 00:00:00-05:00,104.07612335218523,108.73034089052707,103.7790504593568,108.33423614501953,220540,0.0,0.0
2022-02-02 00:00:00-05:00,108.82935635590889,113.43405759420897,108.43325164254787,111.89915466308594,284770,0.0,0.0
2022-02-03 00:00:00-05:00,110.71084229812394,114.77089839920319,109.86911699302537,111.50304412841797,244210,0.0,0.0
2022-02-04 00:00:00-05:00,117.84070946603312,119.1280479696226,97.19383036892272,98.23359680175781,614320,0.0,0.0
2022-02-07 00:00:00-05:00,98.62969759699055,101.7985278041848,96.30259275354847,97.44139099121094,768740,0.0,0.0
2022-02-08 00:00:00-05:00,97.1443065423673,97.46118879446712,94.32207280412382,96.64917755126953,514730,0.0,0.0
2022-02-09 00:00:00-05:00,98.23359929165235,102.68976068693019,97.54042165219253,102.59073638916016,458400,0.0,0.0
2022-02-10 00:00:00-05:00,100.31313256078988,104.37318861254938,99.32287461865008,101.30339050292969,443380,0.0,0.0
2022-02-11 00:00:00-05:00,100.21409201951471,101.40240597992549,94.7181654509689,95.55988311767578,310170,0.0,0.0
2022-02-14 00:00:00-05:00,95.16378547152578,97.34235744849595,94.3220677428396,95.26280975341797,391640,0.0,0.0
2022-02-15 00:00:00-05:00,96.25308588384931,99.61996499033636,96.15406158323172,98.33263397216797,213050,0.0,0.0
2022-02-16 00:00:00-05:00,98.23360211648053,100.16460997633787,96.74821494200711,98.33263397216797,210470,0.0,0.0
2022-02-17 00:00:00-05:00,96.94625209518827,98.2335828610178,95.85696989177302,96.25306701660156,154920,0.0,0.0
2022-02-18 00:00:00-05:00,95.36185239050076,96.55015901792441,94.07451391490072,94.17353820800781,198850,0.0,0.0
2022-02-22 00:00:00-05:00,93.08425845008769,97.78798427602297,92.5891294157787,95.65892791748047,243160,0.0,0.0
2022-02-23 00:00:00-05:00,96.64917659509463,97.14430558129395,94.37158779161898,94.76768493652344,167850,0.0,0.0
2022-02-24 00:00:00-05:00,91.59886806299673,95.55990019545064,91.10373904643998,95.1637954711914,360750,0.0,0.0
2022-02-25 00:00:00-05:00,95.36204418957344,101.40891601965362,94.3211947816454,99.92198181152344,323210,0.1,0.0
2022-02-28 00:00:00-05:00,98.93069233943665,101.65673838767532,98.7324299072562,99.92198181152344,191170,0.0,0.0
2022-03-01 00:00:00-05:00,97.93940584655829,99.72372241282835,95.5107420283053,97.24549865722656,219480,0.0,0.0
2022-03-02 00:00:00-05:00,98.7324363070955,100.7150153797799,97.34462944362862,100.41763305664062,201070,0.0,0.0
2022-03-03 00:00:00-05:00,101.01240479946897,101.9045668906455,97.79071382123183,98.63330841064453,192330,0.0,0.0
2022-03-04 00:00:00-05:00,96.8489761352539,99.07937739534567,95.70899931933542,96.8489761352539,161840,0.0,0.0
2022-03-07 00:00:00-05:00,97.54288719645866,99.82284848260711,91.99166757256592,92.48731231689453,211900,0.0,0.0
2022-03-08 00:00:00-05:00,93.1812102276346,95.95682377022888,90.60385911690473,91.1986312866211,357060,0.0,0.0
2022-03-09 00:00:00-05:00,93.18121573272687,98.43505326198171,92.48731608755234,97.44376373291016,322390,0.0,0.0
2022-03-10 00:00:00-05:00,95.65943585501334,99.32720394552234,95.5603084185285,97.74114227294922,182170,0.0,0.0
2022-03-11 00:00:00-05:00,98.53418154023842,98.93069886782682,95.65944036889624,95.7585678100586,130640,0.0,0.0
2022-03-14 00:00:00-04:00,96.84898714543468,97.04724959552287,94.07338091065253,94.76728057861328,122300,0.0,0.0
2022-03-15 00:00:00-04:00,95.46118561433158,97.19594230728094,94.37076107126937,96.35334014892578,110800,0.0,0.0
2022-03-16 00:00:00-04:00,97.84026293249657,100.31848648765543,96.79941357709271,100.12023162841797,202130,0.0,0.0
2022-03-17 00:00:00-04:00,99.62459322813743,101.11152745542306,98.0385315649538,100.02111053466797,306590,0.0,0.0
2022-03-18 00:00:00-04:00,100.41763305664062,100.7150153797799,97.34462944362862,100.41763305664062,334910,0.0,0.0
2022-03-21 00:00:00-04:00,100.21937471466478,102.54890370785382,99.92199237935044,101.90457153320312,239740,0.0,0.0
2022-03-22 00:00:00-04:00,102.3010776414378,104.63061411394541,101.80543287076621,102.79672241210938,215820,0.0,0.0
2022-03-23 00:00:00-04:00,101.60716576151329,102.94540496871144,99.32719706559189,100.12023162841797,155270,0.0,0.0
2022-03-24 00:00:00-04:00,100.51676712929185,102.94542362838554,99.92199488083416,102.10282897949219,93550,0.0,0.0
2022-03-25 00:00:00-04:00,102.10281579579586,102.40020566309494,100.16980434716736,100.51675415039062,135810,0.0,0.0
2022-03-28 00:00:00-04:00,100.2193684744126,102.30107494375068,100.02111359654758,102.00369262695312,225620,0.0,0.0
2022-03-29 00:00:00-04:00,102.79672793420798,105.07669702694963,102.59847304046497,104.97756958007812,168540,0.0,0.0
2022-03-30 00:00:00-04:00,105.17581766567321,105.37408010952188,97.69158624871582,98.03853607177734,167340,0.0,0.0
2022-03-31 00:00:00-04:00,98.03853143131482,98.63330360883062,94.96553554503446,95.36204528808594,190260,0.0,0.0
2022-04-01 00:00:00-04:00,96.45246887207031,97.2454959137267,93.47860044924724,96.45246887207031,188040,0.0,0.0
2022-04-04 00:00:00-04:00,96.74985040009382,98.23678459957151,95.56030606568704,98.13765716552734,109910,0.0,0.0
2022-04-05 00:00:00-04:00,98.13766261297388,99.2280795738636,94.27163196714774,94.46989440917969,233950,0.0,0.0
2022-04-06 00:00:00-04:00,93.18121322891245,93.97424785603613,91.39688909935354,92.58644104003906,120840,0.0,0.0
2022-04-07 00:00:00-04:00,92.18992260186562,93.96433169713157,90.30647105762688,93.08208465576172,116460,0.0,0.0
2022-04-08 00:00:00-04:00,92.88382350252148,96.20464939137604,91.99166899924464,93.18121337890625,124810,0.0,0.0
2022-04-11 00:00:00-04:00,91.99167812276083,95.26292927273455,91.99167812276083,95.0646743774414,178290,0.0,0.0
2022-04-12 00:00:00-04:00,95.85769057304633,98.53417673144236,95.75856313672172,97.14636993408203,227580,0.0,0.0
2022-04-13 00:00:00-04:00,96.2542088541452,96.55159872906341,91.4960237960246,96.05595397949219,181490,0.0,0.0
2022-04-14 00:00:00-04:00,96.05595413052644,98.3359154443758,96.0063866303159,96.65072631835938,108880,0.0,0.0
2022-04-18 00:00:00-04:00,96.05595269234585,97.34462448619969,95.16379064248486,95.95682525634766,91360,0.0,0.0
2022-04-19 00:00:00-04:00,95.56031984965121,99.82286063190173,95.36205739002637,99.22808837890625,107390,0.0,0.0
2022-04-20 00:00:00-04:00,100.41762277629702,101.30977721731873,99.0298160549081,100.2193603515625,100510,0.0,0.0
2022-04-21 00:00:00-04:00,101.40892080478842,101.60717568338535,96.60116058795522,98.5341796875,106730,0.0,0.0
2022-04-22 00:00:00-04:00,97.14638340012087,97.6420282133868,93.08209744392823,93.4786148071289,127600,0.0,0.0
2022-04-25 00:00:00-04:00,92.58644896665403,94.51946063671842,90.70299723819114,94.37076568603516,134480,0.0,0.0
2022-04-26 00:00:00-04:00,92.98295883976891,93.42903609302162,89.36475062437448,89.71170043945312,166350,0.0,0.0
2022-04-27 00:00:00-04:00,89.6125741444237,91.17881340154564,88.3238947429054,89.21605682373047,167390,0.0,0.0
2022-04-28 00:00:00-04:00,90.40559668504031,92.18992075712784,88.52215274142824,91.1986312866211,217760,0.0,0.0
2022-04-29 00:00:00-04:00,91.09951123157907,93.62729504836871,89.61257690537138,90.00909423828125,136010,0.0,0.0
2022-05-02 00:00:00-04:00,89.21606095110783,91.14907257987284,88.12564394095992,90.70299530029297,236080,0.0,0.0
2022-05-03 00:00:00-04:00,90.603864414501,92.78469835195355,89.90995720681053,92.18992614746094,135650,0.0,0.0
2022-05-04 00:00:00-04:00,92.28905455231795,96.65073003574985,91.39689245478476,96.35334014892578,156520,0.0,0.0
2022-05-05 00:00:00-04:00,94.76727422010242,95.56030884136734,88.12563762802868,90.20734405517578,273560,0.0,0.0
2022-05-06 00:00:00-04:00,91.0003782551219,92.2890500550377,83.36744464033708,84.35873413085938,228220,0.0,0.0
2022-05-09 00:00:00-04:00,81.7813849034992,83.31788667534653,78.06404922606743,82.17790222167969,362510,0.0,0.0
2022-05-10 00:00:00-04:00,83.96221010959042,85.05263451234038,81.1370368000519,83.268310546875,270650,0.0,0.0
2022-05-11 00:00:00-04:00,82.27702727566448,84.45786111803679,78.3118693346686,78.51012420654297,290260,0.0,0.0
2022-05-12 00:00:00-04:00,77.81623756594774,81.38487879523764,77.41972019315112,81.28575134277344,294300,0.0,0.0
2022-05-13 00:00:00-04:00,82.97093317125925,84.5074350148874,82.27703350423056,82.47528839111328,191320,0.0,0.0
2022-05-16 00:00:00-04:00,82.27703222606732,84.60656114397659,81.38487012307637,82.37615966796875,293790,0.0,0.0
2022-05-17 00:00:00-04:00,82.77267327484437,84.35873496273268,78.85708277384457,82.67354583740234,237500,0.0,0.0
2022-05-18 00:00:00-04:00,81.58312157288725,83.71438775677234,79.50140775886497,79.79879760742188,174780,0.0,0.0
2022-05-19 00:00:00-04:00,79.50141093744897,83.71439110379751,79.1049012074374,81.78137969970703,202820,0.0,0.0
2022-05-20 00:00:00-04:00,82.77267661484622,83.66483871370183,78.21274624206525,80.59184265136719,212550,0.0,0.0
2022-05-23 00:00:00-04:00,81.78138720275754,82.07877709048863,80.09619800678541,81.18661499023438,175730,0.0,0.0
2022-05-24 00:00:00-04:00,80.39358428612401,82.39599349440826,79.40229469551103,82.07878112792969,183570,0.0,0.0
2022-05-25 00:00:00-04:00,81.88050915420344,84.6561227104565,81.731814220308,84.25960540771484,164610,0.0,0.0
2022-05-26 00:00:00-04:00,85.44915413693839,87.48130069091133,85.44915413693839,86.34131622314453,102520,0.0,0.0
2022-05-27 00:00:00-04:00,86.34132153800364,88.82239399599226,86.34132153800364,88.32617950439453,99140,0.1,0.0
2022-05-31 00:00:00-04:00,87.1848833987222,87.73072236023991,84.15797958672371,86.14283752441406,347800,0.0,0.0
2022-06-01 00:00:00-04:00,86.341311089033,90.31102654140234,86.29168661722585,89.41783905029297,189180,0.0,0.0
2022-06-02 00:00:00-04:00,90.4102742584883,91.99815903654945,88.27655053876619,88.921630859375,123050,0.0,0.0
2022-06-03 00:00:00-04:00,87.92919477682993,89.21935531314048,87.452833167962,88.52465057373047,103570,0.0,0.0
2022-06-06 00:00:00-04:00,89.71558734867959,90.11256048174221,88.27656068778167,89.91407012939453,128390,0.0,0.0
2022-06-07 00:00:00-04:00,86.63904629754141,90.01329851187667,86.04358289818188,89.6163330078125,121190,0.0,0.0
2022-06-08 00:00:00-04:00,88.42542180030821,88.42542180030821,86.34132242843117,87.53223419189453,150720,0.0,0.0
2022-06-09 00:00:00-04:00,87.03600925726037,87.03600925726037,84.75342738909214,84.85266876220703,148010,0.0,0.0
2022-06-10 00:00:00-04:00,83.76099654783634,84.55493508574394,82.96705043829749,83.06629180908203,131670,0.0,0.0
2022-06-13 00:00:00-04:00,80.38674299556054,82.27235946904203,79.4439385446357,80.8829574584961,176310,0.0,0.0
2022-06-14 00:00:00-04:00,81.18069053303516,81.57765605276815,79.49355678764218,79.69204711914062,197980,0.0,0.0
2022-06-15 00:00:00-04:00,80.28750610351562,81.37917646864663,78.94772849305338,80.28750610351562,257400,0.0,0.0
2022-06-16 00:00:00-04:00,78.50111851871586,78.69960882663264,75.12685900044093,75.82156372070312,148350,0.0,0.0
2022-06-17 00:00:00-04:00,76.41703220808536,77.01248808758814,74.33293284400949,74.82914733886719,182270,0.0,0.0
2022-06-21 00:00:00-04:00,76.51627269082378,76.61551407429909,73.73747609535407,73.93595886230469,296500,0.0,0.0
2022-06-22 00:00:00-04:00,72.34807620260608,73.93596110119107,71.25640580805592,73.63822937011719,196680,0.0,0.0
2022-06-23 00:00:00-04:00,73.43973946755926,73.83671254657511,71.80223024888869,73.24125671386719,149910,0.0,0.0
2022-06-24 00:00:00-04:00,74.53140983082096,76.71475798178034,73.73747124362532,76.61550903320312,356030,0.0,0.0
2022-06-27 00:00:00-04:00,77.40945296748991,78.00490878368277,75.72232689300492,76.91323852539062,96930,0.0,0.0
2022-06-28 00:00:00-04:00,77.90567569265845,78.84848020423516,74.68028147608342,74.82914733886719,95340,0.0,0.0
2022-06-29 00:00:00-04:00,75.42460335625543,75.42460335625543,70.41283392037764,71.45488739013672,287600,0.0,0.0
2022-06-30 00:00:00-04:00,70.36320894645759,71.10753060476645,69.5196459147005,70.16471862792969,182080,0.0,0.0
2022-07-01 00:00:00-04:00,69.7677554290814,71.95109600328709,69.56926510402435,71.55412292480469,93240,0.0,0.0
2022-07-05 00:00:00-04:00,69.96623588103324,70.56169169335404,68.17986087243938,70.16471862792969,180630,0.0,0.0
2022-07-06 00:00:00-04:00,70.06547898572474,70.66093481275863,66.88970952712296,68.57683563232422,293660,0.0,0.0
2022-07-07 00:00:00-04:00,69.76775443421764,71.30601468040832,68.67607659105003,68.97380828857422,191670,0.0,0.0
2022-07-08 00:00:00-04:00,68.77532689645055,70.21434579576764,67.28668352268869,69.47002410888672,232370,0.0,0.0
2022-07-11 00:00:00-04:00,68.5768392323295,69.66850956780515,66.88971303856097,67.08819580078125,121860,0.0,0.0
2022-07-12 00:00:00-04:00,66.6912280555895,68.87457647335084,66.6912280555895,67.38593292236328,181560,0.0,0.0
2022-07-13 00:00:00-04:00,61.92756221400427,64.60711710024167,60.14118724209181,64.21014404296875,240760,0.0,0.0
2022-07-14 00:00:00-04:00,63.01923930016378,63.56507825976293,61.82832378457228,63.11848068237305,217240,0.0,0.0
2022-07-15 00:00:00-04:00,64.2101422475417,64.2101422475417,62.82074415756777,64.11090087890625,203000,0.0,0.0
2022-07-18 00:00:00-04:00,65.40106872577095,66.29425628699111,63.96204221835181,64.50788116455078,313380,0.0,0.0
2022-07-19 00:00:00-04:00,65.89728572246554,72.74504719215584,65.20258089415944,72.24883270263672,321880,0.0,0.0
2022-07-20 00:00:00-04:00,71.85185472312756,73.48936394179813,70.56169410923397,73.24125671386719,213470,0.0,0.0
2022-07-21 00:00:00-04:00,73.2412541452776,75.8215677109408,73.04276382691492,75.62307739257812,329870,0.0,0.0
2022-07-22 00:00:00-04:00,75.42459912901016,76.02005497622861,73.14200954776894,73.34049987792969,114810,0.0,0.0
2022-07-25 00:00:00-04:00,73.93595205841487,74.68027372343248,72.34806735403697,73.14200592041016,155510,0.0,0.0
2022-07-26 00:00:00-04:00,73.04276454606745,73.98557653140199,72.94352317172473,73.14200592041016,127660,0.0,0.0
2022-07-27 00:00:00-04:00,73.14201085484042,75.62308323894806,73.04276947380252,75.52384185791016,118320,0.0,0.0
2022-07-28 00:00:00-04:00,74.92837980441459,78.10414916482331,74.8291384315827,76.02005004882812,125650,0.0,0.0
2022-07-29 00:00:00-04:00,76.31778133277443,77.01247851053168,75.32535246647471,76.41702270507812,193480,0.0,0.0
2022-08-01 00:00:00-04:00,75.62308193911132,77.01248396465647,74.48179471934428,76.71475982666016,312300,0.0,0.0
2022-08-02 00:00:00-04:00,76.71475660715711,77.80642687725971,74.9283815676208,76.11929321289062,235080,0.0,0.0
2022-08-03 00:00:00-04:00,76.51626723582054,77.31021339028536,75.62307970495552,77.01248168945312,401510,0.0,0.0
2022-08-04 00:00:00-04:00,77.31021242979202,78.05453410099355,75.97043493595558,76.11929321289062,266070,0.0,0.0
2022-08-05 00:00:00-04:00,73.93595468446479,74.03519606233235,67.48516669186048,69.07305145263672,385830,0.0,0.0
2022-08-08 00:00:00-04:00,69.17229414668674,69.56926723734219,65.8972831849511,66.19500732421875,383960,0.0,0.0
2022-08-09 00:00:00-04:00,65.69878651840143,66.09575957077634,62.870365824130936,65.00408935546875,422490,0.0,0.0
2022-08-10 00:00:00-04:00,66.4927284446546,68.42796154237658,66.46295679263284,67.28667449951172,255920,0.0,0.0
2022-08-11 00:00:00-04:00,67.78289881839544,69.05320663491194,67.13781850079918,68.67607879638672,160800,0.0,0.0
2022-08-12 00:00:00-04:00,69.4700250349591,70.76018567140392,68.92418609531738,70.36321258544922,198760,0.0,0.0
2022-08-15 00:00:00-04:00,69.47002358560236,69.66850633862283,67.68364852189134,68.17986297607422,175020,0.0,0.0
2022-08-16 00:00:00-04:00,67.5844059848572,72.5465504414786,67.5844059848572,71.05790710449219,231580,0.0,0.0
2022-08-17 00:00:00-04:00,69.66850686340227,70.26397027021241,68.3783538157877,69.47002410888672,125180,0.0,0.0
2022-08-18 00:00:00-04:00,69.4700267626998,72.14958190917969,69.4700267626998,72.14958190917969,180330,0.0,0.0
2022-08-19 00:00:00-04:00,71.35563627326857,71.65336038714213,67.68364496244436,67.98137664794922,234050,0.0,0.0
2022-08-22 00:00:00-04:00,66.7904712456093,67.2370612436672,65.69879334523309,65.79804229736328,142190,0.0,0.0
2022-08-23 00:00:00-04:00,65.50031325875987,66.93933226382214,64.75599151718306,65.10334014892578,115990,0.0,0.0
2022-08-24 00:00:00-04:00,64.70636170873144,65.79803956375338,64.35901310560249,64.80561065673828,101550,0.0,0.0
2022-08-25 00:00:00-04:00,65.2025720958406,66.39349125296532,64.06128498125565,65.00408935546875,234010,0.0,0.0
2022-08-26 00:00:00-04:00,64.90485050853388,65.69878907251777,61.629832163659806,62.62226104736328,213720,0.0,0.0
2022-08-29 00:00:00-04:00,62.126048828865805,62.423780533284614,61.13361990964548,62.32453536987305,117040,0.0,0.0
2022-08-30 00:00:00-04:00,62.92094211011823,62.92094211011823,60.535316219600624,60.833518981933594,223420,0.1,0.0
2022-08-31 00:00:00-04:00,61.032320125451314,61.20130029499476,58.4478874206543,58.4478874206543,168230,0.0,0.0
2022-09-01 00:00:00-04:00,57.55328090962504,58.34848953837528,55.764056755119675,56.26106262207031,315340,0.0,0.0
2022-09-02 00:00:00-04:00,57.25507394812711,58.24908567494775,55.96285946163105,56.7580680847168,236620,0.0,0.0
2022-09-06 00:00:00-04:00,56.95686834589664,57.75207692929579,55.01854481696184,55.465850830078125,140810,0.0,0.0
2022-09-07 00:00:00-04:00,55.26705004427953,57.503576411407174,54.86944763190244,57.35447692871094,159540,0.0,0.0
2022-09-08 00:00:00-04:00,56.45986432937708,58.05028533935547,55.46585262008575,58.05028533935547,253380,0.0,0.0
2022-09-09 00:00:00-04:00,58.84549331665039,59.64070191717532,58.24908402236642,58.84549331665039,224340,0.0,0.0
2022-09-12 00:00:00-04:00,59.441901101141234,61.429924574703506,59.441901101141234,60.73411560058594,166810,0.0,0.0
2022-09-13 00:00:00-04:00,59.14369676885977,59.541302969761674,57.35447644850871,57.95088195800781,263670,0.0,0.0
2022-09-14 00:00:00-04:00,57.85148117070054,57.85148117070054,53.67663131040909,54.471839904785156,284880,0.0,0.0
2022-09-15 00:00:00-04:00,54.173641298135834,55.86346206030169,53.92513835640127,54.074241638183594,210570,0.0,0.0
2022-09-16 00:00:00-04:00,52.88142410397254,52.98082375893329,51.34070670095828,52.682621002197266,422060,0.0,0.0
2022-09-19 00:00:00-04:00,48.70657002557184,49.5017785737411,47.11615292923333,48.209564208984375,415670,0.0,0.0
2022-09-20 00:00:00-04:00,47.31495790596646,47.712564123739185,44.94921266496588,45.82394027709961,298830,0.0,0.0
2022-09-21 00:00:00-04:00,45.82394004867532,47.7622637149108,45.32693417486386,46.12214660644531,303530,0.0,0.0
2022-09-22 00:00:00-04:00,45.72454030026672,47.11615826092943,45.625140642442474,46.2215461730957,409960,0.0,0.0
2022-09-23 00:00:00-04:00,45.32693225733965,45.32693225733965,42.643103685778364,43.736515045166016,229360,0.0,0.0
2022-09-26 00:00:00-04:00,43.33890899699111,45.12813310672912,43.23950934282955,43.53771209716797,165110,0.0,0.0
2022-09-27 00:00:00-04:00,43.93531903838162,44.13412214191081,41.89759575887858,42.643104553222656,170670,0.0,0.0
2022-09-28 00:00:00-04:00,42.64310461972151,43.09040686354244,41.99699548020756,42.543701171875,252930,0.0,0.0
2022-09-29 00:00:00-04:00,41.649092355995954,43.33890923723209,40.45627754017638,43.23950958251953,248630,0.0,0.0
2022-09-30 00:00:00-04:00,43.040702956825946,43.93531494339821,42.64310057867986,42.84189987182617,202800,0.0,0.0
2022-10-03 00:00:00-04:00,43.73651377243419,46.0227398703498,43.23950793411108,45.426334381103516,220110,0.0,0.0
2022-10-04 00:00:00-04:00,46.320947105220206,46.86765661385531,44.33292355921326,44.73052978515625,290070,0.0,0.0
2022-10-05 00:00:00-04:00,43.73651185839844,44.82992313811701,42.64310057867986,42.84189987182617,219680,0.0,0.0
2022-10-06 00:00:00-04:00,42.54370166921394,42.89160805296304,41.15208750977909,41.947296142578125,406830,0.0,0.0
2022-10-07 00:00:00-04:00,41.450290183876454,42.42442123094021,41.370767424840786,42.046695709228516,254230,0.0,0.0
2022-10-10 00:00:00-04:00,42.09639553769888,42.89160796064011,41.499990012346814,42.046695709228516,190020,0.0,0.0
2022-10-11 00:00:00-04:00,41.74849263624968,43.040707126143786,41.1520871153305,42.44430160522461,166020,0.0,0.0
2022-10-12 00:00:00-04:00,42.344896684722784,44.33292007446289,41.798191010915,44.33292007446289,198940,0.0,0.0
2022-10-13 00:00:00-04:00,43.0407096815147,44.82993014235391,41.79819494595218,43.93532180786133,253090,0.0,0.0
2022-10-14 00:00:00-04:00,43.93532180786133,44.13412492392214,43.09040951256639,43.93532180786133,139100,0.0,0.0
2022-10-17 00:00:00-04:00,44.92933467592546,47.86167028068537,44.82993121957945,47.01675796508789,238680,0.0,0.0
2022-10-18 00:00:00-04:00,48.209564208984375,49.849684920464405,47.41435566081512,48.209564208984375,232480,0.0,0.0
2022-10-19 00:00:00-04:00,47.712559107730264,48.01076184378287,46.9173505476388,47.215553283691406,139920,0.0,0.0
2022-10-20 00:00:00-04:00,47.31495462220241,50.09819036974085,47.116155318967074,49.99878692626953,236210,0.0,0.0
2022-10-21 00:00:00-04:00,50.39639251002452,51.24130091416879,49.7999832319342,50.79399490356445,181920,0.0,0.0
2022-10-24 00:00:00-04:00,50.89339866116005,51.340704674535765,49.84968715785248,50.396392822265625,188270,0.0,0.0
2022-10-25 00:00:00-04:00,50.396395107861146,52.38441855360041,49.700586143481644,52.28501510620117,260810,0.0,0.0
2022-10-26 00:00:00-04:00,52.185615943028374,53.438069057245364,51.4898069720839,51.6886100769043,120920,0.0,0.0
2022-10-27 00:00:00-04:00,52.38441971702847,53.030525076131084,50.644899163372855,50.893402099609375,166710,0.0,0.0
2022-10-28 00:00:00-04:00,51.092201755088546,51.29100105716341,50.04848645992735,50.396392822265625,152470,0.0,0.0
2022-10-31 00:00:00-04:00,50.19759336827266,51.09220545989433,49.55148421411769,50.59519958496094,147270,0.0,0.0
2022-11-01 00:00:00-04:00,51.58920669555664,52.384415265568435,51.191600514623964,51.58920669555664,134640,0.0,0.0
2022-11-02 00:00:00-04:00,51.489805659028896,51.63890893180533,48.50777053833008,48.50777053833008,164670,0.0,0.0
2022-11-03 00:00:00-04:00,47.71255839239691,48.60717037899573,47.11615292923333,48.209564208984375,126230,0.0,0.0
2022-11-04 00:00:00-04:00,46.81795202967751,48.68669518624306,45.32693440081066,45.82394027709961,175410,0.0,0.0
2022-11-07 00:00:00-05:00,45.72453616527801,48.60717148374347,45.42633342691864,46.71854782104492,281820,0.0,0.0
2022-11-08 00:00:00-05:00,46.320943464203,47.0068139604497,44.034717324372615,44.33292007446289,223310,0.0,0.0
2022-11-09 00:00:00-05:00,43.736515529069486,44.432324489039075,42.44430105589955,43.14011001586914,338340,0.0,0.0
2022-11-10 00:00:00-05:00,44.929327251483365,48.28908768370503,44.929327251483365,47.215553283691406,261470,0.0,0.0
2022-11-11 00:00:00-05:00,47.215556613519446,49.004776947871534,47.215556613519446,47.81196212768555,317570,0.0,0.0
2022-11-14 00:00:00-05:00,47.81196621028053,49.50178703384756,47.21556064518822,47.513763427734375,237580,0.0,0.0
2022-11-15 00:00:00-05:00,48.60717148374347,49.84968605345212,46.42034508268556,46.71854782104492,225170,0.0,0.0
2022-11-16 00:00:00-05:00,46.519747062396746,46.718550161881886,43.637115391350314,43.736515045166016,188710,0.0,0.0
2022-11-17 00:00:00-05:00,42.94130795096914,43.23951071476918,41.450290340115025,41.84789276123047,244280,0.0,0.0
2022-11-18 00:00:00-05:00,42.84190443253184,44.382625661406436,41.15208750977909,41.947296142578125,355990,0.0,0.0
2022-11-21 00:00:00-05:00,45.72454058032148,55.16765222190961,45.72454058032148,55.06825256347656,761400,0.0,0.0
2022-11-22 00:00:00-05:00,55.26705211208796,56.11196437972739,52.98082583185609,54.77004623413086,326910,0.0,0.0
2022-11-23 00:00:00-05:00,54.57124710083008,55.46585540906343,53.22932895069915,54.57124710083008,189570,0.0,0.0
2022-11-25 00:00:00-05:00,54.6706439394209,54.91914686641827,52.881423623410605,53.27902603149414,84010,0.0,0.0
2022-11-28 00:00:00-05:00,52.68261892280926,52.7820185738467,50.19758972833713,50.396392822265625,185950,0.0,0.0
2022-11-29 00:00:00-05:00,50.79478596560353,52.18915415890819,50.6951898658022,51.49197006225586,135910,0.1,0.0
2022-11-30 00:00:00-05:00,51.591566442098056,53.98191084378158,49.79881004050926,53.78271484375,254420,0.0,0.0
2022-12-01 00:00:00-05:00,53.88230699847287,54.87828312635109,52.98593076299092,53.98190689086914,180380,0.0,0.0
2022-12-02 00:00:00-05:00,52.985932054249616,53.48392013032461,51.59156392150061,51.98995590209961,98150,0.0,0.0
2022-12-05 00:00:00-05:00,51.98995577410691,52.388343954377625,50.79478363459977,52.189151763916016,177240,0.0,0.0
2022-12-06 00:00:00-05:00,52.23895019225721,54.679092536671035,52.23895019225721,54.479896545410156,203260,0.0,0.0
2022-12-07 00:00:00-05:00,54.28069901977954,54.330497066350226,50.894378662109375,50.894378662109375,175800,0.0,0.0
2022-12-08 00:00:00-05:00,51.29277392722852,52.8863343159082,51.29277392722852,51.691165924072266,117120,0.0,0.0
2022-12-09 00:00:00-05:00,51.19317480683647,52.089551047819214,50.49599075317383,50.49599075317383,85030,0.0,0.0
2022-12-12 00:00:00-05:00,50.495992455497955,50.894380642916076,48.952230155639185,50.79478454589844,123510,0.0,0.0
2022-12-13 00:00:00-05:00,52.28874811759361,54.38029652255835,51.392368058695865,51.7907600402832,327650,0.0,0.0
2022-12-14 00:00:00-05:00,51.591565278960296,51.84055932354924,49.599612922248724,49.99800491333008,161800,0.0,0.0
2022-12-15 00:00:00-05:00,48.90243120133145,50.09760343299907,48.40444308808226,49.30082321166992,164520,0.0,0.0
2022-12-16 00:00:00-05:00,48.404441423982135,49.30082151675307,47.80685722836661,49.00202941894531,269640,0.0,0.0
2022-12-19 00:00:00-05:00,49.002026897495846,49.400415074290834,45.6157064983274,47.010074615478516,160540,0.0,0.0
2022-12-20 00:00:00-05:00,46.910474848292615,47.308866825509575,46.61168276505363,46.81087875366211,110060,0.0,0.0
2022-12-21 00:00:00-05:00,47.50806413767792,48.30484431496242,46.76108200909602,47.70726013183594,117810,0.0,0.0
2022-12-22 00:00:00-05:00,47.50806582119238,48.105650025495095,45.76510745940381,48.00605392456055,158930,0.0,0.0
2022-12-23 00:00:00-05:00,47.5080608104956,48.304840931978354,46.71128068901284,46.91047286987305,83360,0.0,0.0
2022-12-27 00:00:00-05:00,46.9104780922599,48.15544835797113,46.41248998597541,47.607662200927734,96910,0.0,0.0
2022-12-28 00:00:00-05:00,47.50806281411806,48.105646980596035,45.316914538119704,46.81087875366211,241330,0.0,0.0
2022-12-29 00:00:00-05:00,47.40846692900524,48.20525095081532,46.21329849498572,46.61168670654297,117120,0.0,0.0
2022-12-30 00:00:00-05:00,45.91449832134201,47.60765851135982,45.56590819369751,47.40846252441406,93860,0.0,0.0
2023-01-03 00:00:00-05:00,48.105647509493195,50.14739786664633,47.3586653935093,48.902427673339844,163420,0.0,0.0
2023-01-04 00:00:00-05:00,49.79880669951118,50.69518673984136,48.802830565520956,50.49599075317383,153100,0.0,0.0
2023-01-05 00:00:00-05:00,50.19720049562797,51.292772763061116,48.45424219785404,50.59558868408203,152710,0.0,0.0
2023-01-06 00:00:00-05:00,51.19317850646692,53.68311902138559,50.29679840135712,53.38432312011719,132690,0.0,0.0
2023-01-09 00:00:00-05:00,54.08150523286353,54.38029732378259,52.93613491778251,53.48392105102539,115060,0.0,0.0
2023-01-10 00:00:00-05:00,53.68311805111113,54.87828643719232,53.53372010317716,54.778690338134766,103810,0.0,0.0
2023-01-11 00:00:00-05:00,55.27667671110615,56.07345687680213,53.88230857162752,54.479896545410156,112020,0.0,0.0
2023-01-12 00:00:00-05:00,54.97788704758046,56.621245499397986,54.23090489693221,56.47185134887695,93990,0.0,0.0
2023-01-13 00:00:00-05:00,55.7746633580035,57.06943156894481,55.62526541855559,56.671043395996094,114910,0.0,0.0
2023-01-17 00:00:00-05:00,57.16903544935152,57.36822765004623,56.22285729866087,56.47185134887695,104200,0.0,0.0
2023-01-18 00:00:00-05:00,57.06943328511604,57.46782526939248,56.67104510018714,56.9698371887207,111820,0.0,0.0
2023-01-19 00:00:00-05:00,56.5714417686144,56.67104165830814,54.97788152698758,56.37224578857422,149130,0.0,0.0
2023-01-20 00:00:00-05:00,56.870237423528266,56.870237423528266,55.52567112236692,56.7706413269043,117250,0.0,0.0
2023-01-23 00:00:00-05:00,57.06943149873647,59.85816390333639,56.32244940111074,59.758567810058594,131200,0.0,0.0
2023-01-24 00:00:00-05:00,59.957764704053055,59.957764704053055,58.16500840246856,58.364200592041016,69530,0.0,0.0
2023-01-25 00:00:00-05:00,57.46782537499586,60.05736187950863,57.31842743078078,59.658973693847656,214260,0.0,0.0
2023-01-26 00:00:00-05:00,59.858166151015794,60.15696204076384,56.87023764831589,59.260581970214844,292850,0.0,0.0
2023-01-27 00:00:00-05:00,58.862189185379016,63.941666051360855,58.862189185379016,63.34408187866211,239590,0.0,0.0
2023-01-30 00:00:00-05:00,62.44770509366332,62.59709923590602,60.90394282773728,61.252532958984375,207530,0.0,0.0
2023-01-31 00:00:00-05:00,61.05333638271701,65.23643691418296,61.03341640407343,65.1368408203125,274300,0.0,0.0
2023-02-01 00:00:00-05:00,64.73845052447734,65.98342072687115,62.19871207146351,65.43563079833984,182220,0.0,0.0
2023-02-02 00:00:00-05:00,65.73442275064558,67.12879081358001,64.34005468771115,65.63482666015625,209780,0.0,0.0
2023-02-03 00:00:00-05:00,59.16098649099379,59.459778584514446,53.93211155666572,55.575469970703125,509420,0.0,0.0
2023-02-06 00:00:00-05:00,54.67909031020281,56.87023472680908,54.67909031020281,54.977882385253906,215810,0.0,0.0
2023-02-07 00:00:00-05:00,54.181101999553775,56.52164434245389,54.131300154487825,55.37627029418945,160710,0.0,0.0
2023-02-08 00:00:00-05:00,54.7786890274214,55.42607505384812,53.18512868454452,53.88230895996094,127280,0.0,0.0
2023-02-09 00:00:00-05:00,54.47989792084446,55.17708200818533,52.487945556640625,52.487945556640625,92560,0.0,0.0
2023-02-10 00:00:00-05:00,52.08955315314751,53.38432141979658,51.29277297362098,53.08552932739258,118920,0.0,0.0
2023-02-13 00:00:00-05:00,52.78673309193873,53.96198518925421,52.48794102298589,53.68311309814453,76540,0.0,0.0
2023-02-14 00:00:00-05:00,53.08553005872289,55.07748243465507,52.4879458656823,54.778690338134766,98480,0.0,0.0
2023-02-15 00:00:00-05:00,53.98190947634378,55.87426193033857,53.68311738353909,55.77466583251953,110400,0.0,0.0
2023-02-16 00:00:00-05:00,55.07748243465507,55.42607638005178,54.3305002936805,54.778690338134766,143710,0.0,0.0
2023-02-17 00:00:00-05:00,55.87426125989837,56.96983731949979,54.87828509626847,56.7706413269043,169270,0.0,0.0
2023-02-21 00:00:00-05:00,55.77466251850595,56.17305448480565,54.77868640210405,54.977882385253906,230500,0.0,0.0
2023-02-22 00:00:00-05:00,54.77868785336277,56.27265206754539,54.67909175882291,55.67506790161133,183640,0.0,0.0
2023-02-23 00:00:00-05:00,56.17305583028581,56.77063999470158,54.778687714185736,55.87425994873047,132980,0.0,0.0
2023-02-24 00:00:00-05:00,54.77868965693883,55.87426193033857,53.18512929574874,55.77466583251953,151110,0.0,0.0
2023-02-27 00:00:00-05:00,56.47309239270483,57.1715236440505,55.87443920934803,56.772422790527344,118340,0.1,0.0
2023-02-28 00:00:00-05:00,56.57287004687983,57.37107555423162,55.37555988278009,56.37331771850586,179510,0.0,0.0
2023-03-01 00:00:00-05:00,56.67264562180361,57.969730077087846,55.07623457009135,55.77466583251953,211220,0.0,0.0
2023-03-02 00:00:00-05:00,55.176007531683574,57.5706278588969,54.876680942317925,57.27130126953125,98360,0.0,0.0
2023-03-03 00:00:00-05:00,57.86995485655517,58.069507186254874,56.772422752422976,57.67040252685547,165130,0.0,0.0
2023-03-06 00:00:00-05:00,57.67040129073586,57.67040129073586,55.026345348856424,55.575111389160156,133450,0.0,0.0
2023-03-07 00:00:00-05:00,55.624999809611296,55.77466500868673,54.078475912456305,54.97645568847656,172200,0.0,0.0
2023-03-08 00:00:00-05:00,54.9764577941403,55.72477620589073,54.22813938238988,55.17601013183594,104920,0.0,0.0
2023-03-09 00:00:00-05:00,55.17600887816436,55.774665877648985,54.776908017985456,54.87668228149414,141080,0.0,0.0
2023-03-10 00:00:00-05:00,54.67712875199419,55.076233409584844,52.33239935554537,52.78139114379883,152030,0.0,0.0
2023-03-13 00:00:00-04:00,51.68385487588167,52.48206037931866,50.28699619640297,50.58632278442383,215910,0.0,0.0
2023-03-14 00:00:00-04:00,52.28251227714214,53.429931508110016,50.68609745132791,50.98542404174805,265850,0.0,0.0
2023-03-15 00:00:00-04:00,49.18946165472244,49.18946165472244,45.547647755483545,48.19170379638672,238850,0.0,0.0
2023-03-16 00:00:00-04:00,47.19394638350612,47.79260338784468,45.39798298277888,47.69282531738281,130200,0.0,0.0
2023-03-17 00:00:00-04:00,47.49327315757717,47.49327315757717,44.69955187880396,44.998878479003906,311360,0.0,0.0
2023-03-20 00:00:00-04:00,45.29820928545886,47.04428557588292,44.99887887647076,45.39798355102539,162730,0.0,0.0
2023-03-21 00:00:00-04:00,45.996637155911785,47.144060250606486,45.69731055047013,45.797088623046875,95600,0.0,0.0
2023-03-22 00:00:00-04:00,45.64742221623325,46.196188279461865,44.40022488792087,44.59977722167969,153510,0.0,0.0
2023-03-23 00:00:00-04:00,44.69954979807517,45.49775529683393,43.252800190618885,43.901344299316406,168510,0.0,0.0
2023-03-24 00:00:00-04:00,43.302691582591955,43.302691582591955,41.70627676212636,42.50448226928711,157620,0.0,0.0
2023-03-27 00:00:00-04:00,43.10314118769691,45.5975358883027,42.9035888504196,45.39798355102539,176110,0.0,0.0
2023-03-28 00:00:00-04:00,46.59529157533061,46.59529157533061,45.09865482541299,46.096412658691406,124200,0.0,0.0
2023-03-29 00:00:00-04:00,46.79484346370556,46.994391983571774,46.146299355708265,46.59529113769531,92920,0.0,0.0
2023-03-30 00:00:00-04:00,47.09417167467509,48.4910303926586,46.69506700888313,48.19170379638672,99640,0.0,0.0
2023-03-31 00:00:00-04:00,48.19170504271548,49.189462926855114,47.493273762588885,48.491031646728516,142320,0.0,0.0
2023-04-03 00:00:00-04:00,48.69058352454871,49.189462461902984,47.49327331366959,48.98991012573242,134090,0.0,0.0
2023-04-04 00:00:00-04:00,49.289238918607424,49.438900311225055,45.5975341418775,46.495513916015625,112180,0.0,0.0
2023-04-05 00:00:00-04:00,46.09641350585974,46.345852968763595,44.499998659588634,45.99663543701172,120850,0.0,0.0
2023-04-06 00:00:00-04:00,46.5952907140658,46.5952907140658,45.19842825083792,46.19618606567383,179910,0.0,0.0
2023-04-10 00:00:00-04:00,45.89685987895228,47.89237552586325,45.39798096722454,47.49327087402344,114860,0.0,0.0
2023-04-11 00:00:00-04:00,47.79260410775896,49.93778127205565,47.2338583231886,49.389015197753906,157340,0.0,0.0
2023-04-12 00:00:00-04:00,50.087446339515026,51.48430508789223,49.389015062254295,51.18497848510742,289810,0.0,0.0
2023-04-13 00:00:00-04:00,51.3845278488915,51.3845278488915,50.58632235227345,51.085201263427734,92320,0.0,0.0
2023-04-14 00:00:00-04:00,51.683855741013325,52.08296040248443,49.83800524553376,50.48654556274414,109000,0.0,0.0
2023-04-17 00:00:00-04:00,50.58632278442383,51.58408061525608,49.987665802238034,50.58632278442383,92030,0.0,0.0
2023-04-18 00:00:00-04:00,50.985423209203454,51.08520127514362,49.488786475397355,50.187217712402344,85990,0.0,0.0
2023-04-19 00:00:00-04:00,49.58856538565706,50.58632322518278,48.89013413676024,50.08744430541992,118820,0.0,0.0
2023-04-20 00:00:00-04:00,49.98766671800617,50.63621084238601,48.590808012937174,48.690582275390625,106330,0.0,0.0
2023-04-21 00:00:00-04:00,48.69058272555458,49.33912685593047,47.193945938050994,48.19170379638672,107220,0.0,0.0
2023-04-24 00:00:00-04:00,47.7926008482422,47.7926008482422,46.24607319048845,47.09416961669922,83790,0.0,0.0
2023-04-25 00:00:00-04:00,46.3957405090332,47.09417177254856,45.84697444703692,46.3957405090332,108490,0.0,0.0
2023-04-26 00:00:00-04:00,45.79708822558002,46.39574143126771,45.29820928545886,45.39798355102539,76760,0.0,0.0
2023-04-27 00:00:00-04:00,45.49775768562082,47.29372490980247,45.49775768562082,47.193946838378906,109450,0.0,0.0
2023-04-28 00:00:00-04:00,45.89686030157005,47.39349705053429,42.0554941683528,46.99439239501953,263210,0.0,0.0
2023-05-01 00:00:00-04:00,46.495513611234976,46.495513611234976,40.409192337222116,42.50448226928711,284690,0.0,0.0
2023-05-02 00:00:00-04:00,42.00560574181564,42.604262760860045,39.062223004555165,39.11211013793945,214620,0.0,0.0
2023-05-03 00:00:00-04:00,38.912556455409614,41.007846434397074,37.415919668663086,40.60874557495117,508530,0.0,0.0
2023-05-04 00:00:00-04:00,40.01008809846654,42.85370024299176,39.41143491337919,42.0056037902832,295550,0.0,0.0
2023-05-05 00:00:00-04:00,43.003360333554284,43.502239241396644,42.00560251786955,42.6042594909668,128180,0.0,0.0
2023-05-08 00:00:00-04:00,42.80381356974891,43.302692498039015,41.10762445233371,41.5067253112793,100580,0.0,0.0
2023-05-09 00:00:00-04:00,41.10762530236213,42.00560510816636,40.109867425150156,41.406951904296875,87040,0.0,0.0
2023-05-10 00:00:00-04:00,42.60425949663473,42.714013465357695,41.05773564334646,41.706275939941406,168690,0.0,0.0
2023-05-11 00:00:00-04:00,41.007846382989186,41.5067253112793,40.70851978724396,41.5067253112793,68830,0.0,0.0
2023-05-12 00:00:00-04:00,41.406950204479664,42.155268581669056,41.307175943312046,41.606502532958984,123370,0.0,0.0
2023-05-15 00:00:00-04:00,41.90582906788793,43.75167954008727,41.60650247863183,43.4024658203125,91620,0.0,0.0
2023-05-16 00:00:00-04:00,43.103140532620884,43.30269286686543,42.005604597348,42.80381393432617,144050,0.0,0.0
2023-05-17 00:00:00-04:00,43.0033603145223,44.69954936166446,42.70403373117815,44.40022277832031,118110,0.0,0.0
2023-05-18 00:00:00-04:00,44.100897415405484,45.69730844151532,43.60201849397815,45.5975341796875,206800,0.0,0.0
2023-05-19 00:00:00-04:00,46.19618956842881,46.19618956842881,44.50000039336802,44.899105072021484,153730,0.0,0.0
2023-05-22 00:00:00-04:00,45.29820758805992,45.896860771315076,44.40022400703307,45.5975341796875,105360,0.0,0.0
2023-05-23 00:00:00-04:00,44.79932740858996,46.495512648895804,44.11087208042102,46.19618606567383,117160,0.0,0.0
2023-05-24 00:00:00-04:00,45.99663513880575,45.99663513880575,42.10538182642005,42.903587341308594,192500,0.0,0.0
2023-05-25 00:00:00-04:00,42.404708821706855,43.90134560364945,41.855942762890066,43.30269241333008,123640,0.0,0.0
2023-05-26 00:00:00-04:00,42.90358891178658,44.64966520470812,42.90358891178658,44.5,167460,0.0,0.0
2023-05-30 00:00:00-04:00,44.900001525878906,45.400001525878906,42.70000076293945,44.20000076293945,115220,0.1,0.0
2023-05-31 00:00:00-04:00,44.0,44.349998474121094,42.099998474121094,42.900001525878906,212970,0.0,0.0
2023-06-01 00:00:00-04:00,42.79999923706055,45.5,42.5,44.79999923706055,169480,0.0,0.0
2023-06-02 00:00:00-04:00,46.20000076293945,47.75,45.29999923706055,47.599998474121094,112680,0.0,0.0
2023-06-05 00:00:00-04:00,47.0,47.20000076293945,44.20000076293945,44.29999923706055,166000,0.0,0.0
2023-06-06 00:00:00-04:00,44.5,47.5,43.70000076293945,47.0,139200,0.0,0.0
2023-06-07 00:00:00-04:00,47.5,49.70000076293945,47.5,49.599998474121094,189340,0.0,0.0
2023-06-08 00:00:00-04:00,49.20000076293945,49.5,45.95000076293945,47.400001525878906,107880,0.0,0.0
2023-06-09 00:00:00-04:00,47.400001525878906,47.79999923706055,46.75,47.29999923706055,83010,0.0,0.0
2023-06-12 00:00:00-04:00,47.20000076293945,48.29999923706055,46.45000076293945,48.099998474121094,101920,0.0,0.0
2023-06-13 00:00:00-04:00,48.29999923706055,50.54999923706055,48.25,49.0,125440,0.0,0.0
2023-06-14 00:00:00-04:00,49.70000076293945,50.099998474121094,48.79999923706055,49.400001525878906,118760,0.0,0.0
2023-06-15 00:00:00-04:00,48.900001525878906,50.20000076293945,48.70000076293945,49.70000076293945,97010,0.0,0.0
2023-06-16 00:00:00-04:00,50.5,50.5,48.5,50.0,235530,0.0,0.0
2023-06-20 00:00:00-04:00,50.0,50.70000076293945,48.29999923706055,50.29999923706055,166310,0.0,0.0
2023-06-21 00:00:00-04:00,49.79999923706055,50.0,48.79999923706055,49.5,101810,0.0,0.0
2023-06-22 00:00:00-04:00,49.20000076293945,49.79999923706055,48.45000076293945,49.5,87930,0.0,0.0
2023-06-23 00:00:00-04:00,48.29999923706055,49.0,46.20000076293945,46.599998474121094,360160,0.0,0.0
2023-06-26 00:00:00-04:00,46.29999923706055,47.900001525878906,46.20000076293945,47.70000076293945,98740,0.0,0.0
2023-06-27 00:00:00-04:00,48.099998474121094,50.5,47.79999923706055,50.29999923706055,59810,0.0,0.0
2023-06-28 00:00:00-04:00,50.5,50.5,48.70000076293945,49.20000076293945,65500,0.0,0.0
2023-06-29 00:00:00-04:00,49.0,50.29999923706055,49.0,50.0,93570,0.0,0.0
2023-06-30 00:00:00-04:00,50.900001525878906,50.900001525878906,49.70000076293945,50.400001525878906,63910,0.0,0.0
2023-07-03 00:00:00-04:00,50.29999923706055,51.900001525878906,50.29999923706055,51.0,45770,0.0,0.0
2023-07-05 00:00:00-04:00,50.400001525878906,50.5,48.400001525878906,48.5,109390,0.0,0.0
2023-07-06 00:00:00-04:00,47.5,47.5,45.5,45.900001525878906,83510,0.0,0.0
2023-07-07 00:00:00-04:00,45.79999923706055,47.20000076293945,45.29999923706055,45.29999923706055,243830,0.0,0.0
2023-07-10 00:00:00-04:00,45.0,46.5,41.400001525878906,41.70000076293945,536340,0.0,0.0
2023-07-11 00:00:00-04:00,42.400001525878906,46.4900016784668,42.20000076293945,46.099998474121094,379520,0.0,0.0
2023-07-12 00:00:00-04:00,47.599998474121094,49.099998474121094,47.04999923706055,47.5,189750,0.0,0.0
2023-07-13 00:00:00-04:00,47.70000076293945,48.150001525878906,47.099998474121094,47.20000076293945,212290,0.0,0.0
2023-07-14 00:00:00-04:00,47.400001525878906,48.5,46.54999923706055,47.79999923706055,233830,0.0,0.0
2023-07-17 00:00:00-04:00,47.5,48.20000076293945,46.79999923706055,47.0,119120,0.0,0.0
2023-07-18 00:00:00-04:00,46.599998474121094,49.0,46.599998474121094,49.0,156230,0.0,0.0
2023-07-19 00:00:00-04:00,49.400001525878906,49.79999923706055,48.150001525878906,49.0,96830,0.0,0.0
2023-07-20 00:00:00-04:00,49.29999923706055,49.29999923706055,47.54999923706055,47.900001525878906,61900,0.0,0.0
2023-07-21 00:00:00-04:00,48.20000076293945,48.20000076293945,47.25,47.900001525878906,60820,0.0,0.0
2023-07-24 00:00:00-04:00,47.599998474121094,49.70000076293945,47.54999923706055,49.5,53500,0.0,0.0
2023-07-25 00:00:00-04:00,49.5,50.099998474121094,49.099998474121094,49.900001525878906,63870,0.0,0.0
2023-07-26 00:00:00-04:00,49.79999923706055,50.75,49.79999923706055,50.70000076293945,55300,0.0,0.0
2023-07-27 00:00:00-04:00,51.20000076293945,51.20000076293945,50.0,50.29999923706055,65790,0.0,0.0
2023-07-28 00:00:00-04:00,51.20000076293945,51.29999923706055,49.70000076293945,50.20000076293945,60830,0.0,0.0
2023-07-31 00:00:00-04:00,50.5,53.150001525878906,50.5,52.79999923706055,82040,0.0,0.0
2023-08-01 00:00:00-04:00,52.20000076293945,52.900001525878906,51.599998474121094,52.900001525878906,94390,0.0,0.0
2023-08-02 00:00:00-04:00,52.099998474121094,52.349998474121094,51.5,51.900001525878906,79330,0.0,0.0
2023-08-03 00:00:00-04:00,51.599998474121094,52.599998474121094,50.599998474121094,52.29999923706055,124570,0.0,0.0
2023-08-04 00:00:00-04:00,48.79999923706055,48.79999923706055,39.20000076293945,40.5,451330,0.0,0.0
2023-08-07 00:00:00-04:00,40.0,41.0,37.5,40.900001525878906,298950,0.0,0.0
2023-08-08 00:00:00-04:00,40.099998474121094,43.0,38.5,42.900001525878906,265440,0.0,0.0
2023-08-09 00:00:00-04:00,42.70000076293945,44.29999923706055,41.900001525878906,44.099998474121094,170780,0.0,0.0
2023-08-10 00:00:00-04:00,44.400001525878906,45.599998474121094,43.650001525878906,44.099998474121094,133670,0.0,0.0
2023-08-11 00:00:00-04:00,44.0,44.20000076293945,42.900001525878906,43.0,154780,0.0,0.0
2023-08-14 00:00:00-04:00,42.79999923706055,43.79999923706055,42.0,43.0,229210,0.0,0.0
2023-08-15 00:00:00-04:00,42.400001525878906,43.70000076293945,42.25,43.099998474121094,304520,0.0,0.0
2023-08-16 00:00:00-04:00,42.900001525878906,43.20000076293945,39.70000076293945,39.70000076293945,240890,0.0,0.0
2023-08-17 00:00:00-04:00,39.79999923706055,40.599998474121094,39.79999923706055,39.900001525878906,92890,0.0,0.0
2023-08-18 00:00:00-04:00,39.5,39.900001525878906,38.70000076293945,39.0,112540,0.0,0.0
2023-08-21 00:00:00-04:00,39.0,39.79999923706055,37.70000076293945,37.70000076293945,165780,0.0,0.0
2023-08-22 00:00:00-04:00,38.099998474121094,38.099998474121094,35.54999923706055,35.79999923706055,160340,0.0,0.0
2023-08-23 00:00:00-04:00,35.79999923706055,36.20000076293945,34.79999923706055,36.099998474121094,180030,0.0,0.0
2023-08-24 00:00:00-04:00,35.900001525878906,36.400001525878906,34.70000076293945,34.79999923706055,144210,0.0,0.0
2023-08-25 00:00:00-04:00,35.099998474121094,35.70000076293945,34.5,35.0,78920,0.0,0.0
2023-08-28 00:00:00-04:00,35.29999923706055,35.599998474121094,34.5,35.099998474121094,112640,0.0,0.0
2023-08-29 00:00:00-04:00,34.900001525878906,35.70000076293945,34.75,35.20000076293945,111440,0.0,0.0
2023-08-30 00:00:00-04:00,35.0,35.70000076293945,34.900001525878906,35.20000076293945,163620,0.0,0.0
2023-08-31 00:00:00-04:00,35.400001525878906,35.54999923706055,34.95000076293945,35.400001525878906,104920,0.0,0.0
2023-09-01 00:00:00-04:00,35.70000076293945,36.5,35.650001525878906,35.79999923706055,84330,0.0,0.0
2023-09-05 00:00:00-04:00,35.79999923706055,35.900001525878906,34.95000076293945,35.5,105050,0.0,0.0
2023-09-06 00:00:00-04:00,35.70000076293945,36.349998474121094,35.45000076293945,35.599998474121094,68080,0.0,0.0
2023-09-07 00:00:00-04:00,35.29999923706055,35.75,33.45000076293945,34.599998474121094,219210,0.0,0.0
2023-09-08 00:00:00-04:00,34.79999923706055,34.900001525878906,34.25,34.400001525878906,98930,0.0,0.0
2023-09-11 00:00:00-04:00,34.70000076293945,35.0,33.29999923706055,33.29999923706055,181030,0.0,0.0
2023-09-12 00:00:00-04:00,33.400001525878906,35.349998474121094,33.20000076293945,35.20000076293945,199120,0.0,0.0
2023-09-13 00:00:00-04:00,35.20000076293945,35.79999923706055,34.95000076293945,35.400001525878906,256930,0.0,0.0
2023-09-14 00:00:00-04:00,36.0,39.70000076293945,35.849998474121094,39.29999923706055,174570,0.0,0.0
2023-09-15 00:00:00-04:00,38.79999923706055,39.70000076293945,38.5,39.400001525878906,257120,0.0,0.0
2023-09-18 00:00:00-04:00,39.400001525878906,39.70000076293945,38.0,38.79999923706055,164670,0.0,0.0
2023-09-19 00:00:00-04:00,38.79999923706055,38.79999923706055,34.20000076293945,34.79999923706055,214240,0.0,0.0
2023-09-20 00:00:00-04:00,35.099998474121094,38.08000183105469,34.900001525878906,37.099998474121094,138300,0.0,0.0
2023-09-21 00:00:00-04:00,36.400001525878906,36.849998474121094,35.5,35.79999923706055,117460,0.0,0.0
2023-09-22 00:00:00-04:00,35.599998474121094,36.599998474121094,35.54999923706055,36.20000076293945,141890,0.0,0.0
2023-09-25 00:00:00-04:00,35.70000076293945,37.599998474121094,35.099998474121094,37.5,142910,0.0,0.0
2023-09-26 00:00:00-04:00,37.0,37.75,36.150001525878906,36.29999923706055,166130,0.0,0.0
2023-09-27 00:00:00-04:00,36.599998474121094,37.45000076293945,36.29999923706055,37.099998474121094,111460,0.0,0.0
2023-09-28 00:00:00-04:00,37.20000076293945,37.900001525878906,37.0,37.5,101350,0.0,0.0
2023-09-29 00:00:00-04:00,37.599998474121094,38.400001525878906,37.20000076293945,38.29999923706055,234200,0.0,0.0
2023-10-02 00:00:00-04:00,37.5,38.099998474121094,37.20000076293945,37.70000076293945,99180,0.0,0.0
2023-10-03 00:00:00-04:00,37.599998474121094,37.70000076293945,34.400001525878906,34.70000076293945,141730,0.0,0.0
2023-10-04 00:00:00-04:00,34.79999923706055,35.349998474121094,34.099998474121094,35.0,99700,0.0,0.0
2023-10-05 00:00:00-04:00,34.70000076293945,35.70000076293945,34.70000076293945,34.900001525878906,97430,0.0,0.0
2023-10-06 00:00:00-04:00,34.70000076293945,36.0,34.0,35.599998474121094,133890,0.0,0.0
2023-10-09 00:00:00-04:00,35.099998474121094,36.20000076293945,34.599998474121094,36.0,73140,0.0,0.0
2023-10-10 00:00:00-04:00,36.5,36.70000076293945,35.900001525878906,36.099998474121094,70820,0.0,0.0
2023-10-11 00:00:00-04:00,36.0,36.599998474121094,35.79999923706055,36.400001525878906,100350,0.0,0.0
2023-10-12 00:00:00-04:00,36.599998474121094,36.599998474121094,34.54999923706055,34.900001525878906,155520,0.0,0.0
2023-10-13 00:00:00-04:00,35.099998474121094,35.349998474121094,34.20000076293945,34.20000076293945,179190,0.0,0.0
2023-10-16 00:00:00-04:00,35.400001525878906,35.400001525878906,33.599998474121094,35.20000076293945,82690,0.0,0.0
2023-10-17 00:00:00-04:00,34.70000076293945,35.5,34.5,35.099998474121094,138470,0.0,0.0
2023-10-18 00:00:00-04:00,34.5,34.900001525878906,34.099998474121094,34.599998474121094,84040,0.0,0.0
2023-10-19 00:00:00-04:00,34.400001525878906,34.75,33.79999923706055,33.900001525878906,91380,0.0,0.0
2023-10-20 00:00:00-04:00,36.599998474121094,38.900001525878906,34.0,34.0,345670,0.0,0.0
2023-10-23 00:00:00-04:00,33.79999923706055,34.400001525878906,32.099998474121094,32.20000076293945,272630,0.0,0.0
2023-10-24 00:00:00-04:00,32.79999923706055,33.5,32.150001525878906,32.5,132290,0.0,0.0
2023-10-25 00:00:00-04:00,32.0,33.70000076293945,31.799999237060547,33.20000076293945,278140,0.0,0.0
2023-10-26 00:00:00-04:00,33.5,34.20000076293945,33.150001525878906,33.79999923706055,139550,0.0,0.0
2023-10-27 00:00:00-04:00,34.20000076293945,34.45000076293945,33.0,33.400001525878906,136560,0.0,0.0
2023-10-30 00:00:00-04:00,34.0,34.79999923706055,33.5,34.0,122100,0.0,0.0
2023-10-31 00:00:00-04:00,33.70000076293945,34.70000076293945,33.5,34.5,135940,0.0,0.0
2023-11-01 00:00:00-04:00,34.400001525878906,35.150001525878906,34.0,34.20000076293945,149370,0.0,0.0
2023-11-02 00:00:00-04:00,35.0,35.400001525878906,32.900001525878906,33.900001525878906,320680,0.0,0.0
2023-11-03 00:00:00-04:00,31.799999237060547,31.899999618530273,28.75,29.799999237060547,651420,0.0,0.0
2023-11-06 00:00:00-05:00,29.799999237060547,29.799999237060547,25.200000762939453,25.899999618530273,391690,0.0,0.0
2023-11-07 00:00:00-05:00,25.700000762939453,26.5,25.049999237060547,25.600000381469727,215620,0.0,0.0
2023-11-08 00:00:00-05:00,25.5,25.700000762939453,23.799999237060547,24.100000381469727,204770,0.0,0.0
2023-11-09 00:00:00-05:00,24.5,24.899999618530273,23.299999237060547,23.600000381469727,174070,0.0,0.0
2023-11-10 00:00:00-05:00,23.399999618530273,24.200000762939453,22.0,24.100000381469727,214090,0.0,0.0
2023-11-13 00:00:00-05:00,24.5,24.850000381469727,23.799999237060547,24.0,234560,0.0,0.0
2023-11-14 00:00:00-05:00,25.0,25.299999237060547,24.200000762939453,25.0,413090,0.0,0.0
2023-11-15 00:00:00-05:00,25.399999618530273,26.0,24.899999618530273,25.0,189920,0.0,0.0
2023-11-16 00:00:00-05:00,24.899999618530273,25.100000381469727,23.899999618530273,25.0,155290,0.0,0.0
2023-11-17 00:00:00-05:00,25.399999618530273,25.399999618530273,24.399999618530273,25.0,335590,0.0,0.0
2023-11-20 00:00:00-05:00,24.5,25.049999237060547,23.700000762939453,25.0,132950,0.0,0.0
2023-11-21 00:00:00-05:00,24.899999618530273,25.100000381469727,24.200000762939453,24.5,158200,0.0,0.0
2023-11-22 00:00:00-05:00,24.899999618530273,25.5,24.399999618530273,24.899999618530273,96100,0.0,0.0
2023-11-24 00:00:00-05:00,24.799999237060547,25.350000381469727,24.5,25.0,82470,0.0,0.0
2023-11-27 00:00:00-05:00,25.0,25.200000762939453,24.299999237060547,24.700000762939453,136070,0.0,0.0
2023-11-28 00:00:00-05:00,24.5,24.700000762939453,23.5,24.399999618530273,292220,0.0,0.0
2023-11-29 00:00:00-05:00,24.700000762939453,25.5,24.100000381469727,24.5,281030,0.0,0.0
2023-11-30 00:00:00-05:00,24.799999237060547,25.700000762939453,24.299999237060547,24.700000762939453,359890,0.0,0.0
2023-12-01 00:00:00-05:00,24.799999237060547,26.5,24.5,26.399999618530273,330490,0.0,0.0
2023-12-04 00:00:00-05:00,26.299999237060547,27.100000381469727,26.25,26.799999237060547,206630,0.0,0.0
2023-12-05 00:00:00-05:00,26.700000762939453,27.100000381469727,24.5,26.299999237060547,972790,0.0,0.0
2023-12-06 00:00:00-05:00,26.5,27.600000381469727,25.100000381469727,25.799999237060547,346660,0.0,0.0
2023-12-07 00:00:00-05:00,25.700000762939453,26.100000381469727,25.100000381469727,25.799999237060547,276410,0.0,0.0
2023-12-08 00:00:00-05:00,25.799999237060547,27.200000762939453,25.700000762939453,26.200000762939453,230330,0.0,0.0
2023-12-11 00:00:00-05:00,26.100000381469727,27.100000381469727,25.600000381469727,25.700000762939453,217280,0.0,0.0
2023-12-12 00:00:00-05:00,25.600000381469727,25.600000381469727,24.600000381469727,24.799999237060547,183250,0.0,0.0
2023-12-13 00:00:00-05:00,24.600000381469727,25.5,24.0,25.0,383620,0.0,0.0
2023-12-14 00:00:00-05:00,26.0,27.549999237060547,25.149999618530273,25.799999237060547,491720,0.0,0.0
2023-12-15 00:00:00-05:00,25.899999618530273,26.5,23.899999618530273,24.0,702020,0.0,0.0
2023-12-18 00:00:00-05:00,24.100000381469727,24.100000381469727,21.700000762939453,21.799999237060547,652940,0.0,0.0
2023-12-19 00:00:00-05:00,22.0,22.75,21.899999618530273,22.200000762939453,451140,0.0,0.0
2023-12-20 00:00:00-05:00,21.899999618530273,22.399999618530273,20.700000762939453,20.799999237060547,523400,0.0,0.0
2023-12-21 00:00:00-05:00,21.100000381469727,21.100000381469727,19.799999237060547,20.600000381469727,598350,0.0,0.0
2023-12-22 00:00:00-05:00,20.600000381469727,21.200000762939453,20.100000381469727,21.0,509930,0.0,0.0
2023-12-26 00:00:00-05:00,21.100000381469727,22.0,20.899999618530273,21.0,285260,0.0,0.0
2023-12-27 00:00:00-05:00,21.0,21.68000030517578,20.850000381469727,21.100000381469727,408640,0.0,0.0
2023-12-28 00:00:00-05:00,21.0,23.799999237060547,21.0,22.399999618530273,747390,0.0,0.0
2023-12-29 00:00:00-05:00,22.200000762939453,22.799999237060547,21.649999618530273,21.899999618530273,551250,0.0,0.0
2024-01-02 00:00:00-05:00,21.600000381469727,22.399999618530273,20.700000762939453,20.700000762939453,957840,0.0,0.0
2024-01-03 00:00:00-05:00,20.5,20.5,19.299999237060547,19.399999618530273,470580,0.0,0.0
2024-01-04 00:00:00-05:00,19.399999618530273,19.799999237060547,18.799999237060547,19.700000762939453,270460,0.0,0.0
2024-01-05 00:00:00-05:00,19.399999618530273,20.5,19.25,19.899999618530273,442320,0.0,0.0
2024-01-08 00:00:00-05:00,19.899999618530273,20.5,19.5,20.5,460350,0.0,0.0
2024-01-09 00:00:00-05:00,20.200000762939453,20.389999389648438,18.399999618530273,18.799999237060547,437160,0.0,0.0
2024-01-10 00:00:00-05:00,18.600000381469727,18.600000381469727,15.600000381469727,17.200000762939453,709160,0.0,0.0
2024-01-11 00:00:00-05:00,17.100000381469727,17.450000762939453,16.399999618530273,17.200000762939453,420890,0.0,0.0
2024-01-12 00:00:00-05:00,17.200000762939453,17.850000381469727,16.899999618530273,17.0,464950,0.0,0.0
2024-01-16 00:00:00-05:00,16.5,17.149999618530273,15.300000190734863,16.799999237060547,794390,0.0,0.0
2024-01-17 00:00:00-05:00,16.0,17.100000381469727,15.300000190734863,15.600000381469727,301080,0.0,0.0
2024-01-18 00:00:00-05:00,15.600000381469727,15.800000190734863,14.800000190734863,14.800000190734863,359890,0.0,0.0
2024-01-19 00:00:00-05:00,15.0,15.5,14.899999618530273,15.0,462060,0.0,0.0
2024-01-22 00:00:00-05:00,15.300000190734863,16.200000762939453,15.0,15.399999618530273,349800,0.0,0.0
2024-01-23 00:00:00-05:00,15.5,16.350000381469727,15.399999618530273,16.100000381469727,357000,0.0,0.0
2024-01-24 00:00:00-05:00,16.399999618530273,16.40999984741211,15.0,15.100000381469727,206080,0.0,0.0
2024-01-25 00:00:00-05:00,15.199999809265137,15.600000381469727,15.0,15.199999809265137,157480,0.0,0.0
2024-01-26 00:00:00-05:00,15.300000190734863,15.899999618530273,15.199999809265137,15.300000190734863,361930,0.0,0.0
2024-01-29 00:00:00-05:00,15.0,15.479999542236328,14.699999809265137,15.300000190734863,282460,0.0,0.0
2024-01-30 00:00:00-05:00,15.300000190734863,15.399999618530273,14.5,14.699999809265137,344930,0.0,0.0
2024-01-31 00:00:00-05:00,14.699999809265137,14.899999618530273,13.199999809265137,13.300000190734863,288150,0.0,0.0
2024-02-01 00:00:00-05:00,13.199999809265137,13.75,13.0,13.399999618530273,746910,0.0,0.0
2024-02-02 00:00:00-05:00,13.300000190734863,14.199999809265137,12.75,13.100000381469727,559660,0.0,0.0
2024-02-05 00:00:00-05:00,13.300000190734863,13.5,11.800000190734863,12.399999618530273,697950,0.0,0.0
2024-02-06 00:00:00-05:00,12.300000190734863,13.949999809265137,12.199999809265137,13.600000381469727,289270,0.0,0.0
2024-02-07 00:00:00-05:00,13.699999809265137,14.199999809265137,13.109999656677246,13.399999618530273,345640,0.0,0.0
2024-02-08 00:00:00-05:00,13.199999809265137,13.5,12.399999618530273,13.199999809265137,273410,0.0,0.0
2024-02-09 00:00:00-05:00,13.199999809265137,13.399999618530273,12.75,13.0,158010,0.0,0.0
2024-02-12 00:00:00-05:00,13.100000381469727,14.5,13.050000190734863,14.300000190734863,137720,0.0,0.0
2024-02-13 00:00:00-05:00,13.699999809265137,13.699999809265137,12.800000190734863,13.199999809265137,241500,0.0,0.0
2024-02-14 00:00:00-05:00,13.100000381469727,15.600000381469727,12.100000381469727,13.399999618530273,362850,0.0,0.0
2024-02-15 00:00:00-05:00,13.5,14.199999809265137,12.5,14.199999809265137,213040,0.0,0.0
2024-02-16 00:00:00-05:00,14.100000381469727,14.600000381469727,13.350000381469727,13.899999618530273,220510,0.0,0.0
2024-02-20 00:00:00-05:00,13.5,14.399999618530273,13.199999809265137,13.399999618530273,257900,0.0,0.0
2024-02-21 00:00:00-05:00,13.0,13.800000190734863,13.0,13.199999809265137,179500,0.0,0.0
2024-02-22 00:00:00-05:00,13.0,13.350000381469727,12.199999809265137,12.600000381469727,259970,0.0,0.0
2024-02-23 00:00:00-05:00,12.5,13.850000381469727,12.5,13.5,290430,0.0,0.0
2024-02-26 00:00:00-05:00,13.699999809265137,14.449999809265137,13.199999809265137,14.0,317960,0.0,0.0
2024-02-27 00:00:00-05:00,13.699999809265137,15.100000381469727,13.699999809265137,14.5,395670,0.0,0.0
2024-02-28 00:00:00-05:00,14.0,16.0,13.869999885559082,15.800000190734863,345030,0.0,0.0
2024-02-29 00:00:00-05:00,16.0,18.200000762939453,15.600000381469727,17.600000381469727,757250,0.0,0.0
2024-03-01 00:00:00-05:00,18.0,18.299999237060547,16.649999618530273,17.0,241830,0.0,0.0
2024-03-04 00:00:00-05:00,17.0,17.149999618530273,16.049999237060547,16.700000762939453,283990,0.0,0.0
2024-03-05 00:00:00-05:00,16.700000762939453,17.75,16.200000762939453,17.200000762939453,356740,0.0,0.0
2024-03-06 00:00:00-05:00,17.299999237060547,18.700000762939453,17.299999237060547,17.700000762939453,386490,0.0,0.0
2024-03-07 00:00:00-05:00,18.0,18.700000762939453,17.200000762939453,18.0,181630,0.0,0.0
2024-03-08 00:00:00-05:00,18.100000381469727,18.799999237060547,17.799999237060547,18.0,304940,0.0,0.0
2024-03-11 00:00:00-04:00,18.049999237060547,18.600000381469727,17.700000762939453,18.0,261230,0.0,0.0
2024-03-12 00:00:00-04:00,17.899999618530273,19.399999618530273,17.299999237060547,18.700000762939453,224970,0.0,0.0
2024-03-13 00:00:00-04:00,19.799999237060547,20.299999237060547,18.799999237060547,19.399999618530273,576630,0.0,0.0
2024-03-14 00:00:00-04:00,19.299999237060547,19.299999237060547,16.25,16.600000381469727,318070,0.0,0.0
2024-03-15 00:00:00-04:00,16.700000762939453,17.200000762939453,16.299999237060547,16.700000762939453,774750,0.0,0.0
2024-03-18 00:00:00-04:00,16.100000381469727,16.200000762939453,15.0,15.699999809265137,251180,0.0,0.0
2024-03-19 00:00:00-04:00,15.899999618530273,16.200000762939453,15.300000190734863,15.600000381469727,325190,0.0,0.0
2024-03-20 00:00:00-04:00,16.0,16.149999618530273,14.899999618530273,15.199999809265137,244710,0.0,0.0
2024-03-21 00:00:00-04:00,15.100000381469727,15.600000381469727,15.0,15.399999618530273,86720,0.0,0.0
2024-03-22 00:00:00-04:00,15.300000190734863,15.369999885559082,14.300000190734863,14.5,183070,0.0,0.0
2024-03-25 00:00:00-04:00,14.899999618530273,14.899999618530273,12.800000190734863,12.800000190734863,440140,0.0,0.0
2024-03-26 00:00:00-04:00,12.800000190734863,13.100000381469727,12.600000381469727,12.699999809265137,199730,0.0,0.0
2024-03-27 00:00:00-04:00,12.5,13.350000381469727,12.0,13.0,278980,0.0,0.0
2024-03-28 00:00:00-04:00,13.199999809265137,13.899999618530273,12.850000381469727,13.800000190734863,286700,0.0,0.0
2024-04-01 00:00:00-04:00,14.199999809265137,14.800000190734863,13.100000381469727,14.0,178400,0.0,0.0
2024-04-02 00:00:00-04:00,13.5,13.899999618530273,13.100000381469727,13.899999618530273,146750,0.0,0.0
2024-04-03 00:00:00-04:00,13.800000190734863,15.600000381469727,13.600000381469727,15.300000190734863,267800,0.0,0.0
2024-04-04 00:00:00-04:00,15.25,16.0,14.0,14.199999809265137,253400,0.0,0.0
2024-04-05 00:00:00-04:00,13.899999618530273,15.300000190734863,13.899999618530273,15.100000381469727,322470,0.0,0.0
2024-04-08 00:00:00-04:00,15.399999618530273,16.100000381469727,14.300000190734863,14.699999809265137,167810,0.0,0.0
2024-04-09 00:00:00-04:00,14.5,16.299999237060547,14.5,16.200000762939453,298980,0.0,0.0
2024-04-10 00:00:00-04:00,14.5,17.299999237060547,14.399999618530273,16.299999237060547,536720,0.0,0.0
2024-04-11 00:00:00-04:00,16.200000762939453,17.299999237060547,15.550000190734863,17.100000381469727,295250,0.0,0.0
2024-04-12 00:00:00-04:00,16.899999618530273,18.100000381469727,16.799999237060547,18.0,392760,0.0,0.0
2024-04-15 00:00:00-04:00,18.5,18.5,16.5,17.0,685720,0.0,0.0
2024-04-16 00:00:00-04:00,16.600000381469727,16.899999618530273,15.600000381469727,15.800000190734863,356570,0.0,0.0
2024-04-17 00:00:00-04:00,15.699999809265137,16.25,14.550000190734863,14.899999618530273,257730,0.0,0.0
2024-04-18 00:00:00-04:00,14.800000190734863,15.600000381469727,14.699999809265137,14.800000190734863,224890,0.0,0.0
2024-04-19 00:00:00-04:00,15.5,15.5,14.75,15.100000381469727,364170,0.0,0.0
2024-04-22 00:00:00-04:00,15.199999809265137,16.200000762939453,14.899999618530273,16.0,237190,0.0,0.0
2024-04-23 00:00:00-04:00,16.100000381469727,16.950000762939453,15.600000381469727,15.699999809265137,203190,0.0,0.0
2024-04-24 00:00:00-04:00,15.5,16.600000381469727,15.5,16.5,632050,0.0,0.0
2024-04-25 00:00:00-04:00,16.200000762939453,16.600000381469727,15.5,16.100000381469727,467740,0.0,0.0
2024-04-26 00:00:00-04:00,15.0,18.899999618530273,14.3100004196167,15.800000190734863,545030,0.0,0.0
2024-04-29 00:00:00-04:00,15.5,17.200000762939453,15.399999618530273,16.600000381469727,247830,0.0,0.0
2024-04-30 00:00:00-04:00,16.600000381469727,17.399999618530273,16.25,17.200000762939453,364110,0.0,0.0
2024-05-01 00:00:00-04:00,17.399999618530273,17.59000015258789,16.549999237060547,16.700000762939453,318270,0.0,0.0
2024-05-02 00:00:00-04:00,17.0,18.200000762939453,16.600000381469727,17.700000762939453,418060,0.0,0.0
2024-05-03 00:00:00-04:00,18.100000381469727,18.600000381469727,17.299999237060547,18.100000381469727,191660,0.0,0.0
2024-05-06 00:00:00-04:00,18.600000381469727,18.700000762939453,17.899999618530273,18.100000381469727,160080,0.0,0.0
2024-05-07 00:00:00-04:00,18.5,19.299999237060547,17.700000762939453,17.700000762939453,264470,0.0,0.0
2024-05-08 00:00:00-04:00,17.399999618530273,17.950000762939453,17.149999618530273,17.299999237060547,97750,0.0,0.0
2024-05-09 00:00:00-04:00,17.5,18.299999237060547,17.399999618530273,17.700000762939453,180310,0.0,0.0
2024-05-10 00:00:00-04:00,17.799999237060547,17.889999389648438,16.899999618530273,17.200000762939453,152330,0.0,0.0
2024-05-13 00:00:00-04:00,17.600000381469727,19.0,17.5,18.0,179590,0.0,0.0
2024-05-14 00:00:00-04:00,18.600000381469727,19.0,18.200000762939453,18.5,315420,0.0,0.0
2024-05-15 00:00:00-04:00,19.0,19.200000762939453,18.600000381469727,18.799999237060547,264520,0.0,0.0
2024-05-16 00:00:00-04:00,18.899999618530273,18.899999618530273,17.600000381469727,17.799999237060547,155920,0.0,0.0
2024-05-17 00:00:00-04:00,17.899999618530273,18.100000381469727,16.799999237060547,17.399999618530273,220390,0.0,0.0
2024-05-20 00:00:00-04:00,17.700000762939453,19.100000381469727,17.5,18.5,294360,0.0,0.0
2024-05-21 00:00:00-04:00,18.799999237060547,21.25,18.700000762939453,20.899999618530273,507050,0.0,0.0
2024-05-22 00:00:00-04:00,21.0,21.600000381469727,19.549999237060547,19.700000762939453,525380,0.0,0.0
2024-05-23 00:00:00-04:00,19.899999618530273,20.399999618530273,18.600000381469727,18.799999237060547,248850,0.0,0.0
2024-05-24 00:00:00-04:00,19.0,19.0,17.700000762939453,17.799999237060547,187490,0.0,0.0
2024-05-28 00:00:00-04:00,17.899999618530273,18.700000762939453,17.799999237060547,17.899999618530273,344340,0.0,0.0
2024-05-29 00:00:00-04:00,17.700000762939453,18.0,17.200000762939453,17.700000762939453,253230,0.0,0.0
2024-05-30 00:00:00-04:00,18.0,18.399999618530273,16.850000381469727,17.0,236470,0.0,0.0
2024-05-31 00:00:00-04:00,16.899999618530273,17.649999618530273,16.5,16.5,506470,0.0,0.0
2024-06-03 00:00:00-04:00,16.600000381469727,17.100000381469727,14.899999618530273,14.899999618530273,255460,0.0,0.0
2024-06-04 00:00:00-04:00,14.699999809265137,15.399999618530273,14.199999809265137,14.199999809265137,208310,0.0,0.0
2024-06-05 00:00:00-04:00,14.600000381469727,14.699999809265137,13.800000190734863,14.0,366410,0.0,0.0
2024-06-06 00:00:00-04:00,14.0,15.100000381469727,13.600000381469727,14.399999618530273,199790,0.0,0.0
2024-06-07 00:00:00-04:00,14.5,14.899999618530273,13.699999809265137,13.800000190734863,104070,0.0,0.0
2024-06-10 00:00:00-04:00,13.699999809265137,14.199999809265137,13.300000190734863,13.899999618530273,133300,0.0,0.0
2024-06-11 00:00:00-04:00,13.699999809265137,14.050000190734863,13.100000381469727,13.699999809265137,146200,0.0,0.0
2024-06-12 00:00:00-04:00,14.199999809265137,14.600000381469727,12.600000381469727,12.600000381469727,189500,0.0,0.0
2024-06-13 00:00:00-04:00,12.699999809265137,12.850000381469727,11.699999809265137,12.199999809265137,416490,0.0,0.0
2024-06-14 00:00:00-04:00,11.800000190734863,12.100000381469727,10.800000190734863,10.800000190734863,266630,0.0,0.0
2024-06-17 00:00:00-04:00,11.0,11.300000190734863,9.899999618530273,10.199999809265137,429700,0.0,0.0
2024-06-18 00:00:00-04:00,10.300000190734863,10.800000190734863,10.050000190734863,10.600000381469727,403690,0.0,0.0
2024-06-20 00:00:00-04:00,10.899999618530273,11.0,10.399999618530273,10.899999618530273,535960,0.0,0.0
2024-06-21 00:00:00-04:00,11.0,11.199999809265137,10.300000190734863,10.300000190734863,826480,0.0,0.0
2024-06-24 00:00:00-04:00,10.399999618530273,10.75,10.0,10.0,334040,0.0,0.0
2024-06-25 00:00:00-04:00,10.0,10.800000190734863,9.510000228881836,10.5,613400,0.0,0.0
2024-06-26 00:00:00-04:00,10.300000190734863,10.699999809265137,10.0,10.300000190734863,147740,0.0,0.0
2024-06-27 00:00:00-04:00,10.300000190734863,10.350000381469727,9.5,9.529999732971191,473780,0.0,0.0
2024-06-28 00:00:00-04:00,9.699999809265137,10.100000381469727,8.6899995803833,9.699999809265137,1923530,0.0,0.0
2024-07-01 00:00:00-04:00,9.850000381469727,10.600000381469727,9.5,9.6899995803833,258130,0.0,0.0
2024-07-02 00:00:00-04:00,9.670000076293945,10.100000381469727,9.5,10.0,211790,0.0,0.0
2024-07-03 00:00:00-04:00,10.0,10.399999618530273,9.850000381469727,10.199999809265137,116640,0.0,0.0
2024-07-05 00:00:00-04:00,10.399999618530273,11.0,9.859999656677246,10.300000190734863,318230,0.0,0.0
2024-07-08 00:00:00-04:00,10.199999809265137,10.800000190734863,9.880000114440918,10.199999809265137,185000,0.0,0.0
2024-07-09 00:00:00-04:00,10.399999618530273,10.399999618530273,10.0,10.100000381469727,138430,0.0,0.0
2024-07-10 00:00:00-04:00,10.100000381469727,10.199999809265137,9.579999923706055,9.720000267028809,220660,0.0,0.0
2024-07-11 00:00:00-04:00,9.949999809265137,11.600000381469727,9.720000267028809,11.300000190734863,235270,0.0,0.0
2024-07-12 00:00:00-04:00,11.699999809265137,12.100000381469727,11.300000190734863,11.399999618530273,313510,0.0,0.0
2024-07-15 00:00:00-04:00,11.5,12.100000381469727,11.199999809265137,11.800000190734863,180550,0.0,0.0
2024-07-16 00:00:00-04:00,11.100000381469727,11.399999618530273,10.5,10.899999618530273,294040,0.0,0.0
2024-07-17 00:00:00-04:00,10.699999809265137,11.5,9.5,9.989999771118164,561520,0.0,0.0
2024-07-18 00:00:00-04:00,10.0,10.100000381469727,8.829999923706055,8.979999542236328,609970,0.0,0.0
2024-07-19 00:00:00-04:00,9.100000381469727,9.100000381469727,8.109999656677246,8.430000305175781,691210,0.0,0.0
2024-07-22 00:00:00-04:00,8.399999618530273,9.380000114440918,8.399999618530273,9.279999732971191,335050,0.0,0.0
2024-07-23 00:00:00-04:00,9.5,9.710000038146973,9.25,9.4399995803833,164170,0.0,0.0
2024-07-24 00:00:00-04:00,9.399999618530273,10.600000381469727,9.300000190734863,9.600000381469727,350210,0.0,0.0
2024-07-25 00:00:00-04:00,9.550000190734863,9.800000190734863,8.430000305175781,8.430000305175781,419110,0.0,0.0
2024-07-26 00:00:00-04:00,10.600000381469727,10.699999809265137,7.929999828338623,8.029999732971191,698010,0.0,0.0
2024-07-29 00:00:00-04:00,8.010000228881836,8.34000015258789,6.900000095367432,8.130000114440918,618350,0.0,0.0
2024-07-30 00:00:00-04:00,8.300000190734863,8.300000190734863,7.360000133514404,7.800000190734863,324710,0.0,0.0
2024-07-31 00:00:00-04:00,7.800000190734863,8.420000076293945,7.679999828338623,7.679999828338623,271520,0.0,0.0
2024-08-01 00:00:00-04:00,7.71999979019165,7.96999979019165,6.949999809265137,7.0,273200,0.0,0.0
2024-08-02 00:00:00-04:00,6.880000114440918,6.989999771118164,6.409999847412109,6.409999847412109,276470,0.0,0.0
2024-08-05 00:00:00-04:00,6.019999980926514,6.190000057220459,5.400000095367432,5.489999771118164,337090,0.0,0.0
2024-08-06 00:00:00-04:00,5.550000190734863,6.579999923706055,5.199999809265137,6.230000019073486,445100,0.0,0.0
2024-08-07 00:00:00-04:00,6.21999979019165,6.599999904632568,5.699999809265137,5.730000019073486,218540,0.0,0.0
2024-08-08 00:00:00-04:00,5.550000190734863,6.150000095367432,5.329999923706055,6.099999904632568,319170,0.0,0.0
2024-08-09 00:00:00-04:00,6.400000095367432,6.400000095367432,5.420000076293945,5.599999904632568,237590,0.0,0.0
2024-08-12 00:00:00-04:00,5.650000095367432,5.650000095367432,5.269999980926514,5.460000038146973,281460,0.0,0.0
2024-08-13 00:00:00-04:00,5.320000171661377,6.519999980926514,5.309999942779541,6.46999979019165,472890,0.0,0.0
2024-08-14 00:00:00-04:00,6.170000076293945,6.75,5.96999979019165,6.690000057220459,407600,0.0,0.0
2024-08-15 00:00:00-04:00,6.860000133514404,7.300000190734863,6.710000038146973,7.210000038146973,198730,0.0,0.0
2024-08-16 00:00:00-04:00,7.159999847412109,7.519999980926514,6.579999923706055,6.860000133514404,124220,0.0,0.0
2024-08-19 00:00:00-04:00,7.039999961853027,7.099999904632568,6.610000133514404,6.860000133514404,93660,0.0,0.0
2024-08-20 00:00:00-04:00,6.550000190734863,6.900000095367432,6.329999923706055,6.699999809265137,129530,0.0,0.0
2024-08-21 00:00:00-04:00,6.78000020980835,7.349999904632568,6.539999961853027,7.329999923706055,135510,0.0,0.0
2024-08-22 00:00:00-04:00,7.210000038146973,7.440000057220459,6.420000076293945,6.519999980926514,102330,0.0,0.0
2024-08-23 00:00:00-04:00,6.559999942779541,7.329999923706055,6.559999942779541,7.329999923706055,160340,0.0,0.0
2024-08-26 00:00:00-04:00,7.449999809265137,8.369999885559082,7.300000190734863,8.359999656677246,215590,0.0,0.0
2024-08-27 00:00:00-04:00,8.270000457763672,8.989999771118164,6.639999866485596,8.399999618530273,416310,0.0,0.0
2024-08-28 00:00:00-04:00,8.180000305175781,8.869999885559082,8.180000305175781,8.529999732971191,191440,0.0,0.0
2024-08-29 00:00:00-04:00,8.600000381469727,9.520000457763672,8.5,9.010000228881836,283080,0.0,0.0
2024-08-30 00:00:00-04:00,9.050000190734863,9.300000190734863,6.760000228881836,6.860000133514404,619140,0.0,0.0
2024-09-03 00:00:00-04:00,6.900000095367432,7.119999885559082,6.400000095367432,6.519999980926514,158410,0.0,0.0
2024-09-04 00:00:00-04:00,6.699999809265137,7.239999771118164,6.409999847412109,6.46999979019165,101110,0.0,0.0
2024-09-05 00:00:00-04:00,6.440000057220459,6.699999809265137,6.0,6.019999980926514,94010,0.0,0.0
2024-09-06 00:00:00-04:00,6.0,6.900000095367432,5.840000152587891,6.800000190734863,168210,0.0,0.0
2024-09-09 00:00:00-04:00,7.0,7.400000095367432,6.659999847412109,6.699999809265137,81420,0.0,0.0
2024-09-10 00:00:00-04:00,6.5,7.75,6.5,7.699999809265137,118900,0.0,0.0
2024-09-11 00:00:00-04:00,7.650000095367432,8.170000076293945,6.929999828338623,7.880000114440918,159800,0.0,0.0
2024-09-12 00:00:00-04:00,7.980000019073486,8.699999809265137,7.650000095367432,7.71999979019165,111610,0.0,0.0
2024-09-13 00:00:00-04:00,8.0600004196167,8.600000381469727,7.71999979019165,7.900000095367432,107310,0.0,0.0
2024-09-16 00:00:00-04:00,8.050000190734863,8.279999732971191,7.630000114440918,8.140000343322754,71490,0.0,0.0
2024-09-17 00:00:00-04:00,7.449999809265137,8.699999809265137,7.449999809265137,8.050000190734863,102120,0.0,0.0
2024-09-18 00:00:00-04:00,8.449999809265137,9.0,8.069999694824219,8.289999961853027,288340,0.0,0.0
2024-09-19 00:00:00-04:00,8.5,9.119999885559082,8.359999656677246,8.75,186550,0.0,0.0
2024-09-20 00:00:00-04:00,9.0,9.800000190734863,8.699999809265137,8.829999923706055,588840,0.0,0.0
2024-09-23 00:00:00-04:00,8.960000038146973,10.300000190734863,8.720000267028809,9.989999771118164,285270,0.0,0.0
2024-09-24 00:00:00-04:00,10.199999809265137,11.0,9.869999885559082,10.0,203640,0.0,0.0
2024-09-25 00:00:00-04:00,10.0,11.199999809265137,9.899999618530273,10.399999618530273,199870,0.0,0.0
2024-09-26 00:00:00-04:00,10.699999809265137,11.069999694824219,10.199999809265137,10.300000190734863,227040,0.0,0.0
2024-09-27 00:00:00-04:00,10.399999618530273,11.399999618530273,10.100000381469727,11.300000190734863,426220,0.0,0.0
2024-09-30 00:00:00-04:00,11.100000381469727,14.0,11.010000228881836,13.199999809265137,591650,0.0,0.0
2024-10-01 00:00:00-04:00,13.5,14.25,12.600000381469727,13.600000381469727,408450,0.0,0.0
2024-10-02 00:00:00-04:00,13.399999618530273,15.199999809265137,13.100000381469727,14.600000381469727,359550,0.0,0.0
2024-10-03 00:00:00-04:00,14.0,15.75,13.5,14.600000381469727,355020,0.0,0.0
2024-10-04 00:00:00-04:00,15.0,16.600000381469727,14.300000190734863,16.200000762939453,390950,0.0,0.0
2024-10-07 00:00:00-04:00,15.899999618530273,20.5,14.800000190734863,19.0,664630,0.0,0.0
2024-10-08 00:00:00-04:00,18.700000762939453,18.700000762939453,16.600000381469727,17.100000381469727,251940,0.0,0.0
2024-10-09 00:00:00-04:00,16.799999237060547,17.100000381469727,15.399999618530273,15.600000381469727,173720,0.0,0.0
2024-10-10 00:00:00-04:00,15.199999809265137,15.899999618530273,14.899999618530273,15.100000381469727,286090,0.0,0.0
2024-10-11 00:00:00-04:00,15.300000190734863,15.5,14.600000381469727,15.0,191020,0.0,0.0
2024-10-14 00:00:00-04:00,14.800000190734863,14.949999809265137,14.100000381469727,14.600000381469727,106690,0.0,0.0
2024-10-15 00:00:00-04:00,14.300000190734863,14.800000190734863,14.0,14.399999618530273,117950,0.0,0.0
2024-10-16 00:00:00-04:00,14.699999809265137,16.399999618530273,14.359999656677246,15.800000190734863,177670,0.0,0.0
2024-10-17 00:00:00-04:00,15.899999618530273,17.200000762939453,15.899999618530273,16.899999618530273,118720,0.0,0.0
2024-10-18 00:00:00-04:00,16.899999618530273,17.700000762939453,16.799999237060547,17.399999618530273,135170,0.0,0.0
2024-10-21 00:00:00-04:00,17.299999237060547,18.0,16.700000762939453,17.600000381469727,90230,0.0,0.0
2024-10-22 00:00:00-04:00,17.5,17.899999618530273,16.899999618530273,17.600000381469727,89260,0.0,0.0
2024-10-23 00:00:00-04:00,17.5,18.399999618530273,16.899999618530273,17.299999237060547,119350,0.0,0.0
2024-10-24 00:00:00-04:00,17.200000762939453,18.25,16.639999389648438,18.200000762939453,92520,0.0,0.0
2024-10-25 00:00:00-04:00,18.299999237060547,20.200000762939453,18.100000381469727,19.700000762939453,162780,0.0,0.0
2024-10-28 00:00:00-04:00,20.100000381469727,21.700000762939453,19.979999542236328,20.899999618530273,150220,0.0,0.0
2024-10-29 00:00:00-04:00,21.0,22.700000762939453,20.200000762939453,20.299999237060547,243270,0.0,0.0
2024-10-30 00:00:00-04:00,20.0,20.5,18.200000762939453,18.299999237060547,185880,0.0,0.0
2024-10-31 00:00:00-04:00,17.600000381469727,18.5,17.0,17.0,140190,0.0,0.0
2024-11-01 00:00:00-04:00,17.399999618530273,19.299999237060547,16.600000381469727,18.700000762939453,172790,0.0,0.0
2024-11-04 00:00:00-05:00,18.799999237060547,20.100000381469727,17.899999618530273,18.299999237060547,162950,0.0,0.0
2024-11-05 00:00:00-05:00,18.200000762939453,18.899999618530273,17.299999237060547,17.700000762939453,95580,0.0,0.0
2024-11-06 00:00:00-05:00,19.5,21.850000381469727,18.799999237060547,20.399999618530273,361960,0.0,0.0
2024-11-07 00:00:00-05:00,20.5,21.200000762939453,19.399999618530273,20.700000762939453,155020,0.0,0.0
2024-11-08 00:00:00-05:00,20.700000762939453,21.649999618530273,19.850000381469727,21.299999237060547,148400,0.0,0.0
2024-11-11 00:00:00-05:00,21.799999237060547,22.200000762939453,20.700000762939453,20.700000762939453,199130,0.0,0.0
2024-11-12 00:00:00-05:00,22.899999618530273,22.899999618530273,18.399999618530273,21.799999237060547,272600,0.0,0.0
2024-11-13 00:00:00-05:00,21.799999237060547,25.299999237060547,21.399999618530273,21.5,351570,0.0,0.0
2024-11-14 00:00:00-05:00,21.399999618530273,22.700000762939453,20.350000381469727,21.5,212470,0.0,0.0
2024-11-15 00:00:00-05:00,21.799999237060547,22.049999237060547,20.950000762939453,21.200000762939453,179450,0.0,0.0
2024-11-18 00:00:00-05:00,21.299999237060547,22.5,20.899999618530273,21.0,304420,0.0,0.0
2024-11-19 00:00:00-05:00,20.399999618530273,21.899999618530273,20.100000381469727,21.5,251130,0.0,0.0
2024-11-20 00:00:00-05:00,21.399999618530273,21.700000762939453,20.399999618530273,20.799999237060547,117100,0.0,0.0
2024-11-21 00:00:00-05:00,21.100000381469727,21.100000381469727,19.350000381469727,20.799999237060547,199980,0.0,0.0
2024-11-22 00:00:00-05:00,20.799999237060547,20.899999618530273,19.75,20.799999237060547,120960,0.0,0.0
2024-11-25 00:00:00-05:00,20.899999618530273,21.899999618530273,20.450000762939453,21.399999618530273,169000,0.0,0.0
2024-11-26 00:00:00-05:00,21.799999237060547,21.799999237060547,20.649999618530273,21.100000381469727,237910,0.0,0.0
2024-11-27 00:00:00-05:00,21.399999618530273,21.799999237060547,20.299999237060547,20.299999237060547,97070,0.0,0.0
2024-11-29 00:00:00-05:00,20.299999237060547,20.850000381469727,19.600000381469727,19.600000381469727,107950,0.0,0.0
2024-12-02 00:00:00-05:00,20.0,20.0,17.799999237060547,18.600000381469727,212880,0.0,0.0
2024-12-03 00:00:00-05:00,19.200000762939453,22.299999237060547,19.200000762939453,21.5,339480,0.0,0.0
2024-12-04 00:00:00-05:00,21.600000381469727,22.399999618530273,19.200000762939453,20.0,255220,0.0,0.0
2024-12-05 00:00:00-05:00,19.799999237060547,20.3799991607666,18.899999618530273,20.299999237060547,151100,0.0,0.0
2024-12-06 00:00:00-05:00,20.899999618530273,21.5,20.100000381469727,20.600000381469727,144530,0.0,0.0
2024-12-09 00:00:00-05:00,20.5,22.600000381469727,19.700000762939453,22.600000381469727,180420,0.0,0.0
2024-12-10 00:00:00-05:00,22.5,22.600000381469727,19.600000381469727,20.0,212600,0.0,0.0
2024-12-11 00:00:00-05:00,20.0,20.200000762939453,19.100000381469727,19.200000762939453,150940,0.0,0.0
2024-12-12 00:00:00-05:00,19.100000381469727,19.549999237060547,18.700000762939453,19.200000762939453,93310,0.0,0.0
2024-12-13 00:00:00-05:00,19.100000381469727,20.299999237060547,18.200000762939453,20.299999237060547,135230,0.0,0.0
2024-12-16 00:00:00-05:00,20.399999618530273,21.200000762939453,19.5,20.0,182550,0.0,0.0
2024-12-17 00:00:00-05:00,19.799999237060547,19.899999618530273,18.799999237060547,19.399999618530273,112000,0.0,0.0
2024-12-18 00:00:00-05:00,19.399999618530273,19.399999618530273,17.399999618530273,17.899999618530273,194340,0.0,0.0
2024-12-19 00:00:00-05:00,18.200000762939453,18.299999237060547,16.200000762939453,17.100000381469727,326590,0.0,0.0
2024-12-20 00:00:00-05:00,17.0,18.100000381469727,15.5,15.800000190734863,651700,0.0,0.0
2024-12-23 00:00:00-05:00,15.600000381469727,16.950000762939453,15.600000381469727,15.800000190734863,209840,0.0,0.0
2024-12-24 00:00:00-05:00,16.100000381469727,17.700000762939453,15.600000381469727,17.0,114440,0.0,0.0
2024-12-26 00:00:00-05:00,16.899999618530273,17.700000762939453,16.5,17.5,94010,0.0,0.0
2024-12-27 00:00:00-05:00,17.5,18.0,16.600000381469727,16.700000762939453,120840,0.0,0.0
2024-12-30 00:00:00-05:00,16.399999618530273,17.850000381469727,16.100000381469727,17.299999237060547,111240,0.0,0.0
2024-12-31 00:00:00-05:00,17.5,17.799999237060547,17.010000228881836,17.299999237060547,85090,0.0,0.0
2025-01-02 00:00:00-05:00,17.5,18.350000381469727,17.149999618530273,17.200000762939453,138320,0.0,0.0
2025-01-03 00:00:00-05:00,17.100000381469727,17.700000762939453,16.799999237060547,17.0,62880,0.0,0.0
2025-01-06 00:00:00-05:00,17.600000381469727,18.25,17.100000381469727,17.5,116490,0.0,0.0
2025-01-07 00:00:00-05:00,17.700000762939453,18.200000762939453,16.850000381469727,17.299999237060547,105110,0.0,0.0
2025-01-08 00:00:00-05:00,17.299999237060547,17.299999237060547,16.25,17.0,87140,0.0,0.0
2025-01-10 00:00:00-05:00,16.700000762939453,17.450000762939453,16.0,16.0,169740,0.0,0.0
2025-01-13 00:00:00-05:00,16.100000381469727,16.850000381469727,15.649999618530273,16.100000381469727,112920,0.0,0.0
2025-01-14 00:00:00-05:00,16.200000762939453,16.700000762939453,15.0,15.100000381469727,183550,0.0,0.0
2025-01-15 00:00:00-05:00,15.399999618530273,16.5,15.100000381469727,15.600000381469727,446010,0.0,0.0
2025-01-16 00:00:00-05:00,15.800000190734863,16.899999618530273,15.5,16.700000762939453,249780,0.0,0.0
2025-01-17 00:00:00-05:00,17.100000381469727,18.600000381469727,17.049999237060547,18.200000762939453,202620,0.0,0.0
2025-01-21 00:00:00-05:00,18.600000381469727,19.0,17.5,17.700000762939453,111460,0.0,0.0
2025-01-22 00:00:00-05:00,17.5,17.799999237060547,16.600000381469727,16.600000381469727,96710,0.0,0.0
2025-01-23 00:00:00-05:00,16.5,16.899999618530273,16.200000762939453,16.5,87940,0.0,0.0
2025-01-24 00:00:00-05:00,16.399999618530273,16.600000381469727,15.850000381469727,16.299999237060547,129700,0.0,0.0
2025-01-27 00:00:00-05:00,16.399999618530273,16.850000381469727,15.800000190734863,16.299999237060547,123990,0.0,0.0
2025-01-28 00:00:00-05:00,16.5,16.5,15.0,15.100000381469727,136040,0.0,0.0
2025-01-29 00:00:00-05:00,15.0,15.699999809265137,14.699999809265137,14.800000190734863,165210,0.0,0.0
2025-01-30 00:00:00-05:00,15.0,15.100000381469727,14.0,14.5,139610,0.0,0.0
2025-01-31 00:00:00-05:00,14.199999809265137,15.149999618530273,14.0,15.0,110890,0.0,0.0
2025-02-03 00:00:00-05:00,14.800000190734863,15.300000190734863,14.399999618530273,14.600000381469727,82880,0.0,0.0
2025-02-04 00:00:00-05:00,14.399999618530273,15.25,14.100000381469727,14.699999809265137,96180,0.0,0.0
2025-02-05 00:00:00-05:00,14.699999809265137,15.100000381469727,14.399999618530273,14.699999809265137,80950,0.0,0.0
2025-02-06 00:00:00-05:00,15.100000381469727,15.399999618530273,14.550000190734863,14.899999618530273,87700,0.0,0.0
2025-02-07 00:00:00-05:00,14.899999618530273,16.780000686645508,13.5,13.5,200580,0.0,0.0
2025-02-10 00:00:00-05:00,13.600000381469727,13.600000381469727,11.0,11.399999618530273,519550,0.0,0.0
2025-02-11 00:00:00-05:00,11.0,12.0,10.899999618530273,11.0,304100,0.0,0.0
2025-02-12 00:00:00-05:00,10.699999809265137,11.0,9.899999618530273,10.199999809265137,1962850,0.0,0.0
2025-02-13 00:00:00-05:00,10.399999618530273,11.100000381469727,10.199999809265137,11.0,298310,0.0,0.0
2025-02-14 00:00:00-05:00,11.899999618530273,13.399999618530273,11.199999809265137,11.399999618530273,468630,0.0,0.0
2025-02-18 00:00:00-05:00,11.399999618530273,11.6899995803833,10.600000381469727,10.800000190734863,220260,0.0,0.0
2025-02-19 00:00:00-05:00,10.699999809265137,11.479999542236328,10.300000190734863,10.899999618530273,603220,0.0,0.0
2025-02-20 00:00:00-05:00,10.699999809265137,10.800000190734863,10.100000381469727,10.199999809265137,841060,0.0,0.0
2025-02-21 00:00:00-05:00,10.5,12.6899995803833,10.199999809265137,12.5,1856690,0.0,0.0
2025-02-24 00:00:00-05:00,12.5,12.600000381469727,11.600000381469727,12.0,222230,0.0,0.0
2025-02-25 00:00:00-05:00,12.199999809265137,12.399999618530273,11.399999618530273,11.899999618530273,175040,0.0,0.0
2025-02-26 00:00:00-05:00,12.199999809265137,12.25,11.100000381469727,11.600000381469727,150470,0.0,0.0
2025-02-27 00:00:00-05:00,11.699999809265137,12.300000190734863,11.600000381469727,11.800000190734863,108670,0.0,0.0
2025-02-28 00:00:00-05:00,11.800000190734863,11.800000190734863,10.800000190734863,11.699999809265137,164250,0.0,0.0
2025-03-03 00:00:00-05:00,11.800000190734863,12.199999809265137,11.199999809265137,11.5,159560,0.0,0.0
2025-03-04 00:00:00-05:00,11.5,11.649999618530273,10.850000381469727,11.199999809265137,249810,0.0,0.0
2025-03-05 00:00:00-05:00,11.399999618530273,11.649999618530273,11.0,11.300000190734863,142750,0.0,0.0
2025-03-06 00:00:00-05:00,11.399999618530273,12.100000381469727,11.050000190734863,11.800000190734863,108230,0.0,0.0
2025-03-07 00:00:00-05:00,11.800000190734863,12.399999618530273,11.399999618530273,11.600000381469727,109550,0.0,0.0
2025-03-10 00:00:00-04:00,11.399999618530273,11.600000381469727,10.600000381469727,11.0,212960,0.0,0.0
2025-03-11 00:00:00-04:00,11.0,11.100000381469727,10.399999618530273,10.800000190734863,308550,0.0,0.0
2025-03-12 00:00:00-04:00,11.199999809265137,11.199999809265137,10.300000190734863,10.399999618530273,367620,0.0,0.0
2025-03-13 00:00:00-04:00,10.399999618530273,11.300000190734863,10.350000381469727,10.699999809265137,185420,0.0,0.0
2025-03-14 00:00:00-04:00,10.899999618530273,11.199999809265137,10.600000381469727,11.0,112190,0.0,0.0
2025-03-17 00:00:00-04:00,10.800000190734863,11.350000381469727,10.699999809265137,10.899999618530273,168350,0.0,0.0
2025-03-18 00:00:00-04:00,10.600000381469727,10.699999809265137,10.199999809265137,10.199999809265137,163410,0.0,0.0
2025-03-19 00:00:00-04:00,10.5,10.800000190734863,9.899999618530273,10.5,310450,0.0,0.0
2025-03-20 00:00:00-04:00,10.399999618530273,10.699999809265137,10.100000381469727,10.199999809265137,149180,0.0,0.0
2025-03-21 00:00:00-04:00,10.100000381469727,10.100000381469727,9.5600004196167,9.899999618530273,645410,0.0,0.0
2025-03-24 00:00:00-04:00,10.0,10.899999618530273,10.0,10.100000381469727,136760,0.0,0.0
2025-03-25 00:00:00-04:00,10.0,11.399999618530273,9.979999542236328,10.800000190734863,328040,0.0,0.0
2025-03-26 00:00:00-04:00,11.100000381469727,11.25,10.199999809265137,10.399999618530273,136050,0.0,0.0
2025-03-27 00:00:00-04:00,10.600000381469727,10.600000381469727,9.75,10.0,190120,0.0,0.0
2025-03-28 00:00:00-04:00,10.0,10.100000381469727,9.100000381469727,9.5,348670,0.0,0.0
2025-03-31 00:00:00-04:00,9.5,10.100000381469727,8.550000190734863,8.739999771118164,456760,0.0,0.0
2025-04-01 00:00:00-04:00,8.630000114440918,9.5,8.109999656677246,9.119999885559082,541150,0.0,0.0
2025-04-02 00:00:00-04:00,9.100000381469727,9.300000190734863,8.539999961853027,8.8100004196167,241690,0.0,0.0
2025-04-03 00:00:00-04:00,8.899999618530273,8.899999618530273,7.820000171661377,7.820000171661377,294170,0.0,0.0
2025-04-04 00:00:00-04:00,7.840000152587891,7.840000152587891,6.590000152587891,6.739999771118164,558920,0.0,0.0
2025-04-07 00:00:00-04:00,7.110000133514404,7.400000095367432,6.28000020980835,6.730000019073486,393860,0.0,0.0
2025-04-08 00:00:00-04:00,7.320000171661377,7.5,6.019999980926514,6.099999904632568,377160,0.0,0.0
2025-04-09 00:00:00-04:00,5.96999979019165,7.260000228881836,5.659999847412109,7.199999809265137,422380,0.0,0.0
2025-04-10 00:00:00-04:00,6.510000228881836,6.820000171661377,6.0,6.010000228881836,171660,0.0,0.0
2025-04-11 00:00:00-04:00,6.0,6.630000114440918,5.800000190734863,6.590000152587891,179190,0.0,0.0
2025-04-14 00:00:00-04:00,6.650000095367432,7.579999923706055,6.650000095367432,7.019999980926514,205220,0.0,0.0
2025-04-15 00:00:00-04:00,6.960000038146973,7.150000095367432,6.289999961853027,6.300000190734863,124250,0.0,0.0
2025-04-16 00:00:00-04:00,6.269999980926514,6.409999847412109,5.909999847412109,6.079999923706055,181920,0.0,0.0
2025-04-17 00:00:00-04:00,6.099999904632568,6.449999809265137,6.050000190734863,6.389999866485596,204940,0.0,0.0
2025-04-21 00:00:00-04:00,6.409999847412109,6.699999809265137,5.5,5.570000171661377,147350,0.0,0.0
2025-04-22 00:00:00-04:00,5.570000171661377,6.210000038146973,5.570000171661377,5.829999923706055,210080,0.0,0.0
2025-04-23 00:00:00-04:00,6.25,6.75,6.0,6.010000228881836,242190,0.0,0.0
2025-04-24 00:00:00-04:00,6.0,6.53000020980835,5.900000095367432,6.53000020980835,260030,0.0,0.0
2025-04-25 00:00:00-04:00,5.820000171661377,8.109999656677246,5.800000190734863,7.039999961853027,501520,0.0,0.0
2025-04-28 00:00:00-04:00,7.050000190734863,7.239999771118164,6.059999942779541,6.300000190734863,215850,0.0,0.0
2025-04-29 00:00:00-04:00,6.179999828338623,6.28000020980835,5.800000190734863,6.0,208840,0.0,0.0
2025-04-30 00:00:00-04:00,6.0,6.400000095367432,5.75,6.329999923706055,242340,0.0,0.0
2025-05-01 00:00:00-04:00,6.409999847412109,6.559999942779541,5.909999847412109,5.940000057220459,248880,0.0,0.0
2025-05-02 00:00:00-04:00,6.0,6.349999904632568,5.730000019073486,6.059999942779541,262600,0.0,0.0
2025-05-05 00:00:00-04:00,5.889999866485596,6.099999904632568,5.739999771118164,5.900000095367432,102940,0.0,0.0
2025-05-06 00:00:00-04:00,5.900000095367432,6.21999979019165,5.760000228881836,5.900000095367432,267330,0.0,0.0
2025-05-07 00:00:00-04:00,6.099999904632568,8.0600004196167,5.900000095367432,7.269999980926514,938520,0.0,0.0
2025-05-08 00:00:00-04:00,7.710000038146973,8.0,6.989999771118164,7.130000114440918,201380,0.0,0.0
2025-05-09 00:00:00-04:00,7.099999904632568,8.0,7.070000171661377,7.849999904632568,190720,0.0,0.0
2025-05-12 00:00:00-04:00,8.239999771118164,8.789999961853027,7.599999904632568,8.180000305175781,281440,0.0,0.0
2025-05-13 00:00:00-04:00,8.34000015258789,9.380000114440918,8.0,8.470000267028809,257000,0.0,0.0
2025-05-14 00:00:00-04:00,8.699999809265137,9.010000228881836,8.25,8.359999656677246,155110,0.0,0.0
2025-05-15 00:00:00-04:00,8.220000267028809,8.760000228881836,8.100000381469727,8.4399995803833,186530,0.0,0.0
2025-05-16 00:00:00-04:00,8.600000381469727,9.229999542236328,8.5,9.140000343322754,222810,0.0,0.0
2025-05-19 00:00:00-04:00,8.970000267028809,9.229999542236328,8.600000381469727,9.210000038146973,180620,0.0,0.0
2025-05-20 00:00:00-04:00,9.399999618530273,11.199999809265137,9.010000228881836,10.399999618530273,441300,0.0,0.0
2025-05-21 00:00:00-04:00,10.199999809265137,11.0,9.699999809265137,10.0,237230,0.0,0.0
2025-05-22 00:00:00-04:00,9.819999694824219,10.100000381469727,9.300000190734863,9.609999656677246,318420,0.0,0.0
2025-05-23 00:00:00-04:00,9.399999618530273,10.699999809265137,9.100000381469727,10.399999618530273,303530,0.0,0.0
2025-05-27 00:00:00-04:00,11.0,11.800000190734863,10.300000190734863,11.300000190734863,439020,0.0,0.0
2025-05-28 00:00:00-04:00,11.600000381469727,12.0,10.699999809265137,10.899999618530273,286090,0.0,0.0
2025-05-29 00:00:00-04:00,11.300000190734863,11.300000190734863,10.100000381469727,10.399999618530273,182470,0.0,0.0
2025-05-30 00:00:00-04:00,10.199999809265137,10.399999618530273,9.600000381469727,9.960000038146973,225940,0.0,0.0
2025-06-02 00:00:00-04:00,11.0,11.0,9.600000381469727,10.100000381469727,298210,0.0,0.0
2025-06-03 00:00:00-04:00,10.100000381469727,11.100000381469727,9.699999809265137,10.399999618530273,308690,0.0,0.0
2025-06-04 00:00:00-04:00,10.5,10.800000190734863,9.9399995803833,10.199999809265137,128770,0.0,0.0
2025-06-05 00:00:00-04:00,10.300000190734863,10.800000190734863,9.949999809265137,10.100000381469727,129420,0.0,0.0
2025-06-06 00:00:00-04:00,10.399999618530273,12.0,10.329999923706055,11.600000381469727,234210,0.0,0.0
2025-06-09 00:00:00-04:00,11.699999809265137,13.649999618530273,11.5,13.0,297730,0.0,0.0
2025-06-10 00:00:00-04:00,13.199999809265137,13.399999618530273,12.399999618530273,12.800000190734863,252130,0.0,0.0
2025-06-11 00:00:00-04:00,12.699999809265137,13.600000381469727,12.399999618530273,13.0,309210,0.0,0.0
2025-06-12 00:00:00-04:00,12.800000190734863,12.800000190734863,11.8100004196167,12.0,137380,0.0,0.0
2025-06-13 00:00:00-04:00,11.5,11.899999618530273,11.100000381469727,11.199999809265137,158590,0.0,0.0
2025-06-16 00:00:00-04:00,11.300000190734863,13.0,11.0,12.899999618530273,341720,0.0,0.0
2025-06-17 00:00:00-04:00,12.600000381469727,13.0,12.199999809265137,12.399999618530273,118770,0.0,0.0
2025-06-18 00:00:00-04:00,12.300000190734863,13.300000190734863,12.199999809265137,12.300000190734863,93150,0.0,0.0
2025-06-20 00:00:00-04:00,12.600000381469727,12.649999618530273,11.300000190734863,11.399999618530273,582120,0.0,0.0
2025-06-23 00:00:00-04:00,11.300000190734863,11.649999618530273,10.800000190734863,11.0,267330,0.0,0.0
2025-06-24 00:00:00-04:00,11.199999809265137,11.550000190734863,10.600000381469727,10.699999809265137,413140,0.0,0.0
2025-06-25 00:00:00-04:00,10.5,10.699999809265137,9.819999694824219,10.399999618530273,285480,0.0,0.0
2025-06-26 00:00:00-04:00,10.600000381469727,11.300000190734863,10.5,11.100000381469727,257800,0.0,0.0
2025-06-27 00:00:00-04:00,11.0,11.800000190734863,10.600000381469727,10.600000381469727,4061040,0.0,0.0
2025-06-30 00:00:00-04:00,10.800000190734863,11.0,9.699999809265137,9.729999542236328,366940,0.0,0.0
2025-07-01 00:00:00-04:00,9.449999809265137,10.300000190734863,9.300000190734863,9.979999542236328,287390,0.0,0.0
2025-07-02 00:00:00-04:00,9.800000190734863,10.300000190734863,9.619999885559082,9.739999771118164,264020,0.0,0.0
2025-07-03 00:00:00-04:00,9.699999809265137,10.399999618530273,9.699999809265137,10.399999618530273,93180,0.0,0.0
2025-07-07 00:00:00-04:00,10.0,10.100000381469727,9.050000190734863,9.210000038146973,517910,0.0,0.0
2025-07-08 00:00:00-04:00,9.300000190734863,9.699999809265137,9.0,9.520000457763672,273900,0.0,0.0
2025-07-09 00:00:00-04:00,9.5,9.8100004196167,9.380000114440918,9.40999984741211,65720,0.0,0.0
2025-07-10 00:00:00-04:00,9.399999618530273,10.600000381469727,9.270000457763672,10.5,173980,0.0,0.0
2025-07-11 00:00:00-04:00,10.100000381469727,10.199999809265137,9.829999923706055,10.100000381469727,113160,0.0,0.0
2025-07-14 00:00:00-04:00,10.0,10.399999618530273,9.550000190734863,10.300000190734863,147920,0.0,0.0
2025-07-15 00:00:00-04:00,10.300000190734863,11.949999809265137,10.279999732971191,10.600000381469727,259640,0.0,0.0
2025-07-16 00:00:00-04:00,10.899999618530273,11.600000381469727,10.609999656677246,11.0,177810,0.0,0.0
2025-07-17 00:00:00-04:00,11.0,11.899999618530273,10.699999809265137,10.899999618530273,421270,0.0,0.0
2025-07-18 00:00:00-04:00,11.899999618530273,15.149999618530273,11.300000190734863,14.600000381469727,865740,0.0,0.0
2025-07-21 00:00:00-04:00,16.299999237060547,16.299999237060547,12.949999809265137,13.199999809265137,374520,0.0,0.0
2025-07-22 00:00:00-04:00,13.5,14.09000015258789,13.0,13.699999809265137,119930,0.0,0.0
2025-07-23 00:00:00-04:00,13.800000190734863,14.600000381469727,13.210000038146973,14.199999809265137,195060,0.0,0.0
2025-07-24 00:00:00-04:00,14.300000190734863,15.300000190734863,13.300000190734863,13.5,255790,0.0,0.0
2025-07-25 00:00:00-04:00,12.100000381469727,15.899999618530273,11.199999809265137,15.399999618530273,505280,0.0,0.0
2025-07-28 00:00:00-04:00,15.899999618530273,17.5,15.0,16.399999618530273,293730,0.0,0.0
2025-07-29 00:00:00-04:00,16.799999237060547,17.049999237060547,14.819999694824219,15.199999809265137,215270,0.0,0.0
2025-07-30 00:00:00-04:00,15.0,15.199999809265137,13.649999618530273,14.699999809265137,238000,0.0,0.0
2025-07-31 00:00:00-04:00,15.0,15.199999809265137,13.5,13.899999618530273,209210,0.0,0.0
2025-08-01 00:00:00-04:00,14.5,14.899999618530273,12.300000190734863,12.800000190734863,253980,0.0,0.0
2025-08-04 00:00:00-04:00,13.199999809265137,13.699999809265137,12.0,12.100000381469727,149780,0.0,0.0
2025-08-05 00:00:00-04:00,12.100000381469727,12.300000190734863,11.350000381469727,11.699999809265137,246060,0.0,0.0
2025-08-06 00:00:00-04:00,11.600000381469727,11.850000381469727,11.149999618530273,11.600000381469727,111080,0.0,0.0
2025-08-07 00:00:00-04:00,12.100000381469727,12.649999618530273,11.899999618530273,12.5,84300,0.0,0.0
2025-08-08 00:00:00-04:00,12.5,13.300000190734863,12.300000190734863,12.699999809265137,121070,0.0,0.0
2025-08-11 00:00:00-04:00,12.800000190734863,12.800000190734863,11.399999618530273,11.800000190734863,142340,0.0,0.0
2025-08-12 00:00:00-04:00,11.699999809265137,12.600000381469727,11.649999618530273,12.399999618530273,81910,0.0,0.0
2025-08-13 00:00:00-04:00,12.399999618530273,13.850000381469727,12.300000190734863,12.899999618530273,677930,0.0,0.0
2025-08-14 00:00:00-04:00,12.399999618530273,13.399999618530273,11.600000381469727,13.300000190734863,233360,0.0,0.0
2025-08-15 00:00:00-04:00,13.399999618530273,13.5,12.699999809265137,12.800000190734863,86150,0.0,0.0
2025-08-18 00:00:00-04:00,13.0,13.100000381469727,12.199999809265137,12.399999618530273,102410,0.0,0.0
2025-08-19 00:00:00-04:00,11.5,12.199999809265137,10.199999809265137,10.699999809265137,270540,0.0,0.0
2025-08-20 00:00:00-04:00,10.5,10.800000190734863,10.0,10.100000381469727,271050,0.0,0.0
2025-08-21 00:00:00-04:00,10.199999809265137,10.479999542236328,9.329999923706055,9.399999618530273,258770,0.0,0.0
2025-08-22 00:00:00-04:00,9.600000381469727,10.600000381469727,9.5,9.710000038146973,171980,0.0,0.0
2025-08-25 00:00:00-04:00,9.609999656677246,10.390000343322754,9.399999618530273,10.0,99360,0.0,0.0
2025-08-26 00:00:00-04:00,10.300000190734863,10.75,9.789999961853027,10.100000381469727,220440,0.0,0.0
2025-08-27 00:00:00-04:00,10.0,10.25,9.710000038146973,9.949999809265137,113470,0.0,0.0
2025-08-28 00:00:00-04:00,10.0,10.199999809265137,9.800000190734863,10.100000381469727,70620,0.0,0.0
2025-08-29 00:00:00-04:00,9.84000015258789,10.0,9.350000381469727,9.880000114440918,174200,0.0,0.1
2025-09-02 00:00:00-04:00,9.470000267028809,9.729999542236328,8.970000267028809,9.600000381469727,507300,0.0,0.0
2025-09-03 00:00:00-04:00,9.609999656677246,9.6899995803833,9.045000076293945,9.130000114440918,327500,0.0,0.0
2025-09-04 00:00:00-04:00,9.0600004196167,9.239999771118164,8.970000267028809,9.239999771118164,282400,0.0,0.0
2025-09-05 00:00:00-04:00,9.319999694824219,9.960000038146973,9.319999694824219,9.920000076293945,131900,0.0,0.0
2025-09-08 00:00:00-04:00,9.819999694824219,9.90999984741211,8.880000114440918,8.880000114440918,313300,0.0,0.0
2025-09-09 00:00:00-04:00,8.800000190734863,8.800000190734863,8.489999771118164,8.529999732971191,291300,0.0,0.0
2025-09-10 00:00:00-04:00,8.550000190734863,8.609000205993652,7.659999847412109,7.71999979019165,451800,0.0,0.0
2025-09-11 00:00:00-04:00,7.690000057220459,9.960000038146973,7.650000095367432,9.850000381469727,590800,0.0,0.0
2025-09-12 00:00:00-04:00,9.649999618530273,10.5,9.460000038146973,10.109999656677246,280200,0.0,0.0
2025-09-15 00:00:00-04:00,10.119999885559082,10.670000076293945,9.75,10.489999771118164,355700,0.0,0.0
2025-09-16 00:00:00-04:00,10.489999771118164,10.819999694824219,10.375,10.760000228881836,224500,0.0,0.0
2025-09-17 00:00:00-04:00,10.779999732971191,12.109999656677246,10.529999732971191,12.050000190734863,352700,0.0,0.0
2025-09-18 00:00:00-04:00,12.359999656677246,12.979999542236328,11.680000305175781,12.699999809265137,471200,0.0,0.0
2025-09-19 00:00:00-04:00,13.875,14.199999809265137,12.75,13.460000038146973,877600,0.0,0.0
2025-09-22 00:00:00-04:00,13.050000190734863,13.104999542236328,11.6899995803833,12.920000076293945,293000,0.0,0.0
2025-09-23 00:00:00-04:00,12.970000267028809,14.100000381469727,12.40999984741211,13.5,306600,0.0,0.0
2025-09-24 00:00:00-04:00,13.539999961853027,13.600000381469727,13.100000381469727,13.25,217300,0.0,0.0
2025-09-25 00:00:00-04:00,12.90999984741211,14.1899995803833,12.59000015258789,13.5,280300,0.0,0.0
2025-09-26 00:00:00-04:00,13.470000267028809,13.90999984741211,12.75,13.829999923706055,299200,0.0,0.0
2025-09-29 00:00:00-04:00,14.100000381469727,14.100000381469727,13.109999656677246,13.119999885559082,234600,0.0,0.0
2025-09-30 00:00:00-04:00,13.020000457763672,13.119999885559082,12.35099983215332,12.819999694824219,200200,0.0,0.0
2025-10-01 00:00:00-04:00,12.800000190734863,13.350000381469727,12.75,12.920000076293945,141500,0.0,0.0
2025-10-02 00:00:00-04:00,13.149999618530273,13.239999771118164,12.130000114440918,12.6899995803833,156300,0.0,0.0
2025-10-03 00:00:00-04:00,12.779999732971191,14.149999618530273,12.779999732971191,13.300000190734863,261200,0.0,0.0
2025-10-06 00:00:00-04:00,13.59000015258789,15.579999923706055,13.414999961853027,15.25,418400,0.0,0.0
2025-10-07 00:00:00-04:00,15.25,16.700000762939453,15.100000381469727,16.579999923706055,354300,0.0,0.0
2025-10-08 00:00:00-04:00,16.56999969482422,18.229999542236328,16.149999618530273,17.600000381469727,309600,0.0,0.0
2025-10-09 00:00:00-04:00,18.25,19.25,17.700000762939453,18.6299991607666,400900,0.0,0.0
2025-10-10 00:00:00-04:00,18.65999984741211,19.770000457763672,18.0,18.239999771118164,438200,0.0,0.0
2025-10-13 00:00:00-04:00,18.719999313354492,19.700000762939453,18.559999465942383,19.420000076293945,233700,0.0,0.0
2025-10-14 00:00:00-04:00,19.420000076293945,19.937000274658203,18.23699951171875,19.81999969482422,226300,0.0,0.0
2025-10-15 00:00:00-04:00,20.209999084472656,20.31999969482422,17.559999465942383,18.68000030517578,443200,0.0,0.0
2025-10-16 00:00:00-04:00,18.790000915527344,19.190000534057617,16.6200008392334,16.65999984741211,243900,0.0,0.0
2025-10-17 00:00:00-04:00,16.579999923706055,17.770000457763672,16.579999923706055,17.700000762939453,274800,0.0,0.0
2025-10-20 00:00:00-04:00,18.059999465942383,18.84000015258789,17.729999542236328,18.790000915527344,164600,0.0,0.0
2025-10-21 00:00:00-04:00,18.790000915527344,19.0,17.549999237060547,17.639999389648438,176900,0.0,0.0
2025-10-22 00:00:00-04:00,17.15999984741211,17.889999389648438,16.420000076293945,17.040000915527344,142200,0.0,0.0
2025-10-23 00:00:00-04:00,17.200000762939453,17.898000717163086,16.760000228881836,17.3799991607666,174600,0.0,0.0
2025-10-24 00:00:00-04:00,18.780000686645508,18.8799991607666,15.84000015258789,17.020000457763672,389800,0.0,0.0
2025-10-27 00:00:00-04:00,16.770000457763672,16.770000457763672,13.569999694824219,13.59000015258789,543600,0.0,0.0
2025-10-28 00:00:00-04:00,13.729999542236328,13.845000267028809,13.119999885559082,13.489999771118164,314500,0.0,0.0
2025-10-29 00:00:00-04:00,13.550000190734863,13.800000190734863,12.770000457763672,13.079999923706055,212000,0.0,0.0
2025-10-30 00:00:00-04:00,12.920000076293945,13.010000228881836,12.5600004196167,12.699999809265137,189100,0.0,0.0
2025-10-31 00:00:00-04:00,12.8100004196167,13.569999694824219,12.5600004196167,13.5,222900,0.0,0.0
2025-11-03 00:00:00-05:00,13.350000381469727,13.774999618530273,12.890000343322754,13.130000114440918,134800,0.0,0.0
2025-11-04 00:00:00-05:00,12.75,13.489999771118164,11.960000038146973,12.039999961853027,197600,0.0,0.0
2025-11-05 00:00:00-05:00,12.039999961853027,12.656000137329102,11.960000038146973,12.15999984741211,218100,0.0,0.0
2025-11-06 00:00:00-05:00,12.260000228881836,12.600000381469727,11.630000114440918,12.029999732971191,169100,0.0,0.0
2025-11-07 00:00:00-05:00,11.789999961853027,12.960000038146973,11.470000267028809,12.890000343322754,223100,0.0,0.0
2025-11-10 00:00:00-05:00,13.359999656677246,14.100000381469727,13.180000305175781,13.239999771118164,215700,0.0,0.0
2025-11-11 00:00:00-05:00,13.050000190734863,13.470000267028809,12.869999885559082,13.390000343322754,120600,0.0,0.0
2025-11-12 00:00:00-05:00,13.369999885559082,14.649999618530273,13.293999671936035,14.449999809265137,170400,0.0,0.0
2025-11-13 00:00:00-05:00,14.199999809265137,14.279999732971191,13.279999732971191,13.619999885559082,245100,0.0,0.0
2025-11-14 00:00:00-05:00,13.1899995803833,14.032999992370605,13.09000015258789,13.59000015258789,155500,0.0,0.0
2025-11-17 00:00:00-05:00,13.460000038146973,13.989999771118164,12.5600004196167,12.739999771118164,238200,0.0,0.0
2025-11-18 00:00:00-05:00,12.630000114440918,13.175000190734863,12.5600004196167,12.899999618530273,186900,0.0,0.0
2025-11-19 00:00:00-05:00,12.949999809265137,13.260000228881836,12.40999984741211,12.859999656677246,151900,0.0,0.0
2025-11-20 00:00:00-05:00,13.399999618530273,13.899999618530273,11.960000038146973,11.970000267028809,235800,0.0,0.0
2025-11-21 00:00:00-05:00,11.949999809265137,12.279999732971191,11.630000114440918,12.15999984741211,180800,0.0,0.0
2025-11-24 00:00:00-05:00,12.210000038146973,12.664999961853027,12.130000114440918,12.5600004196167,223900,0.0,0.0
2025-11-25 00:00:00-05:00,12.680000305175781,13.319999694824219,12.40999984741211,12.890000343322754,157900,0.0,0.0
2025-11-26 00:00:00-05:00,12.989999771118164,14.350000381469727,12.619999885559082,14.15999984741211,134600,0.0,0.0
2025-11-28 00:00:00-05:00,14.1899995803833,14.6899995803833,13.989999771118164,14.420000076293945,55300,0.0,0.0
2025-12-01 00:00:00-05:00,14.199999809265137,14.970000267028809,13.798999786376953,14.479999542236328,139200,0.0,0.0
2025-12-02 00:00:00-05:00,14.5,15.380000114440918,14.380000114440918,15.210000038146973,183200,0.0,0.0
2025-12-03 00:00:00-05:00,15.210000038146973,16.43000030517578,15.149999618530273,16.290000915527344,227500,0.0,0.0
2025-12-04 00:00:00-05:00,16.329999923706055,17.489999771118164,15.949999809265137,17.149999618530273,267200,0.0,0.0
2025-12-05 00:00:00-05:00,17.170000076293945,17.475000381469727,16.579999923706055,16.719999313354492,194000,0.0,0.0
2025-12-08 00:00:00-05:00,16.799999237060547,17.200000762939453,16.5049991607666,17.110000610351562,216100,0.0,0.0
2025-12-09 00:00:00-05:00,17.049999237060547,17.3700008392334,16.780000686645508,17.170000076293945,125700,0.0,0.0
2025-12-10 00:00:00-05:00,17.280000686645508,18.0,16.96500015258789,17.829999923706055,147200,0.0,0.0
2025-12-11 00:00:00-05:00,17.639999389648438,18.299999237060547,17.260000228881836,17.770000457763672,205300,0.0,0.0
2025-12-12 00:00:00-05:00,17.850000381469727,18.299999237060547,16.969999313354492,17.010000228881836,101900,0.0,0.0
2025-12-15 00:00:00-05:00,17.010000228881836,17.010000228881836,15.859999656677246,16.270000457763672,246500,0.0,0.0
2025-12-16 00:00:00-05:00,16.190000534057617,16.309999465942383,15.130000114440918,15.699999809265137,249200,0.0,0.0
2025-12-17 00:00:00-05:00,15.760000228881836,15.989999771118164,13.90999984741211,13.920000076293945,303700,0.0,0.0
2025-12-18 00:00:00-05:00,14.3100004196167,14.800000190734863,14.0,14.510000228881836,178300,0.0,0.0
2025-12-19 00:00:00-05:00,14.5600004196167,15.829999923706055,14.5600004196167,15.390000343322754,455200,0.0,0.0
2025-12-22 00:00:00-05:00,15.430000305175781,16.31800079345703,15.390000343322754,15.920000076293945,128700,0.0,0.0
2025-12-23 00:00:00-05:00,15.850000381469727,16.2450008392334,15.539999961853027,16.110000610351562,82100,0.0,0.0
2025-12-24 00:00:00-05:00,15.949999809265137,17.084999084472656,15.949999809265137,16.719999313354492,89900,0.0,0.0
2025-12-26 00:00:00-05:00,16.770000457763672,17.079999923706055,15.9399995803833,16.25,103900,0.0,0.0
2025-12-29 00:00:00-05:00,15.920000076293945,16.40999984741211,15.576000213623047,15.899999618530273,95500,0.0,0.0
2025-12-30 00:00:00-05:00,15.899999618530273,15.899999618530273,15.373000144958496,15.569999694824219,73900,0.0,0.0
2025-12-31 00:00:00-05:00,15.59000015258789,15.789999961853027,15.210000038146973,15.510000228881836,83500,0.0,0.0
2026-01-02 00:00:00-05:00,15.710000038146973,16.617000579833984,15.359999656677246,16.420000076293945,91800,0.0,0.0
2026-01-05 00:00:00-05:00,16.709999084472656,18.010000228881836,16.329999923706055,17.0,289500,0.0,0.0
2026-01-06 00:00:00-05:00,17.110000610351562,17.850000381469727,16.780000686645508,17.639999389648438,278200,0.0,0.0
2026-01-07 00:00:00-05:00,17.450000762939453,17.823999404907227,17.209999084472656,17.329999923706055,288500,0.0,0.0
2026-01-08 00:00:00-05:00,17.239999771118164,17.4950008392334,16.84000015258789,17.040000915527344,237100,0.0,0.0
2026-01-09 00:00:00-05:00,17.299999237060547,17.420000076293945,16.93000030517578,17.0,182900,0.0,0.0
2026-01-12 00:00:00-05:00,17.020000457763672,18.770000457763672,16.364999771118164,18.0,235200,0.0,0.0
2026-01-13 00:00:00-05:00,18.190000534057617,18.413999557495117,17.309999465942383,17.6200008392334,119900,0.0,0.0
2026-01-14 00:00:00-05:00,17.610000610351562,18.350000381469727,17.43000030517578,18.010000228881836,259200,0.0,0.0
2026-01-15 00:00:00-05:00,18.389999389648438,18.389999389648438,17.325000762939453,17.6299991607666,248100,0.0,0.0
2026-01-16 00:00:00-05:00,17.860000610351562,18.329999923706055,17.420000076293945,17.850000381469727,217100,0.0,0.0
2026-01-20 00:00:00-05:00,16.670000076293945,17.469999313354492,16.506000518798828,16.809999465942383,152300,0.0,0.0
2026-01-21 00:00:00-05:00,17.06999969482422,17.819000244140625,16.90999984741211,17.700000762939453,166900,0.0,0.0
2026-01-22 00:00:00-05:00,18.0,18.34000015258789,17.726999282836914,17.829999923706055,285500,0.0,0.0
2026-01-23 00:00:00-05:00,17.969999313354492,18.059999465942383,17.15999984741211,17.329999923706055,126600,0.0,0.0
2026-01-26 00:00:00-05:00,17.5,17.5,15.694999694824219,16.059999465942383,216400,0.0,0.0
2026-01-27 00:00:00-05:00,16.059999465942383,16.68000030517578,15.859999656677246,16.610000610351562,161200,0.0,0.0
2026-01-28 00:00:00-05:00,16.6200008392334,17.170000076293945,16.100000381469727,17.170000076293945,148800,0.0,0.0
2026-01-29 00:00:00-05:00,17.399999618530273,17.674999237060547,16.075000762939453,16.389999389648438,137100,0.0,0.0
2026-01-30 00:00:00-05:00,15.960000038146973,16.059999465942383,14.8149995803833,15.109999656677246,197900,0.0,0.0
2026-02-02 00:00:00-05:00,15.039999961853027,16.06999969482422,14.833000183105469,15.130000114440918,316900,0.0,0.0
2026-02-03 00:00:00-05:00,15.489999771118164,17.09000015258789,15.300000190734863,16.6299991607666,592000,0.0,0.0
2026-02-04 00:00:00-05:00,16.850000381469727,19.719999313354492,16.280000686645508,16.40999984741211,700700,0.0,0.0
2026-02-05 00:00:00-05:00,15.890000343322754,16.190000534057617,14.670000076293945,15.6899995803833,370000,0.0,0.0
2026-02-06 00:00:00-05:00,12.09000015258789,12.5,8.430000305175781,8.4399995803833,2261900,0.0,0.0
2026-02-09 00:00:00-05:00,8.319999694824219,8.989999771118164,6.710000038146973,8.920000076293945,1662100,0.0,0.0
2026-02-10 00:00:00-05:00,8.420000076293945,8.579999923706055,7.224999904632568,7.230000019073486,1198200,0.0,0.0
2026-02-11 00:00:00-05:00,7.309999942779541,7.929999828338623,6.989999771118164,7.579999923706055,1074800,0.0,0.0
2026-02-12 00:00:00-05:00,7.619999885559082,7.75,6.920000076293945,6.949999809265137,494000,0.0,0.0
2026-02-13 00:00:00-05:00,6.820000171661377,7.289999961853027,6.630000114440918,6.670000076293945,466000,0.0,0.0
2026-02-17 00:00:00-05:00,6.730000019073486,6.853000164031982,6.260000228881836,6.320000171661377,393200,0.0,0.0
2026-02-18 00:00:00-05:00,6.28000020980835,6.510000228881836,5.900000095367432,6.090000152587891,456600,0.0,0.0
2026-02-19 00:00:00-05:00,5.949999809265137,6.554999828338623,5.920000076293945,6.429999828338623,430600,0.0,0.0
2026-02-20 00:00:00-05:00,6.320000171661377,6.429999828338623,6.019999980926514,6.179999828338623,470300,0.0,0.0
2026-02-23 00:00:00-05:00,6.090000152587891,6.46999979019165,5.949999809265137,6.210000038146973,225000,0.0,0.0
2026-02-24 00:00:00-05:00,6.28000020980835,6.75,6.28000020980835,6.590000152587891,227100,0.0,0.0
2026-02-25 00:00:00-05:00,6.71999979019165,7.019999980926514,6.585000038146973,6.809999942779541,282200,0.0,0.0
2026-02-26 00:00:00-05:00,6.829999923706055,7.130000114440918,6.489999771118164,7.119999885559082,226400,0.0,0.0
2026-02-27 00:00:00-05:00,6.940000057220459,6.960000038146973,6.510000228881836,6.949999809265137,380300,0.0,0.0
2026-03-02 00:00:00-05:00,6.760000228881836,7.46999979019165,6.756999969482422,7.21999979019165,210800,0.0,0.0
2026-03-03 00:00:00-05:00,6.920000076293945,7.0,6.599999904632568,6.760000228881836,177500,0.0,0.0
2026-03-04 00:00:00-05:00,6.909999847412109,7.139999866485596,6.730000019073486,6.75,168600,0.0,0.0
2026-03-05 00:00:00-05:00,6.659999847412109,6.889999866485596,6.199999809265137,6.349999904632568,248700,0.0,0.0
2026-03-06 00:00:00-05:00,6.260000228881836,6.260000228881836,5.78000020980835,5.829999923706055,413500,0.0,0.0
2026-03-09 00:00:00-04:00,5.570000171661377,5.599999904632568,4.920000076293945,5.510000228881836,559300,0.0,0.0
2026-03-10 00:00:00-04:00,5.590000152587891,5.960000038146973,5.519999980926514,5.630000114440918,339700,0.0,0.0
2026-03-11 00:00:00-04:00,5.550000190734863,5.920000076293945,5.400000095367432,5.5,253900,0.0,0.0
2026-03-12 00:00:00-04:00,5.400000095367432,5.679999828338623,4.980000019073486,5.230000019073486,657000,0.0,0.0
2026-03-13 00:00:00-04:00,5.21999979019165,5.670000076293945,5.123000144958496,5.659999847412109,324800,0.0,0.0
2026-03-16 00:00:00-04:00,5.769999980926514,6.010000228881836,5.630000114440918,5.730000019073486,213600,0.0,0.0
2026-03-17 00:00:00-04:00,5.920000076293945,6.144999980926514,5.796999931335449,5.989999771118164,165600,0.0,0.0
2026-03-18 00:00:00-04:00,5.909999847412109,6.190000057220459,5.789999961853027,5.789999961853027,215100,0.0,0.0
2026-03-19 00:00:00-04:00,5.679999828338623,6.269999980926514,5.480000019073486,6.150000095367432,280400,0.0,0.0
2026-03-20 00:00:00-04:00,6.130000114440918,6.255000114440918,5.820000171661377,5.820000171661377,618600,0.0,0.0
2026-03-23 00:00:00-04:00,5.940000057220459,6.230000019073486,5.798999786376953,6.019999980926514,167400,0.0,0.0
2026-03-24 00:00:00-04:00,5.849999904632568,6.239999771118164,5.849999904632568,6.050000190734863,199600,0.0,0.0
2026-03-25 00:00:00-04:00,6.170000076293945,6.420000076293945,6.059999942779541,6.239999771118164,153300,0.0,0.0
2026-03-26 00:00:00-04:00,6.110000133514404,8.0,6.110000133514404,6.550000190734863,778100,0.0,0.0
2026-03-27 00:00:00-04:00,6.420000076293945,6.650000095367432,6.099999904632568,6.269999980926514,323100,0.0,0.0
2026-03-30 00:00:00-04:00,6.269999980926514,6.679999828338623,6.050000190734863,6.210000038146973,166500,0.0,0.0
2026-03-31 00:00:00-04:00,6.25,7.0,6.190000057220459,6.78000020980835,293900,0.0,0.0
2026-04-01 00:00:00-04:00,6.880000114440918,7.019999980926514,6.599999904632568,6.739999771118164,169600,0.0,0.0
2026-04-02 00:00:00-04:00,6.510000228881836,6.925000190734863,6.329999923706055,6.639999866485596,236600,0.0,0.0
2026-04-06 00:00:00-04:00,6.599999904632568,6.96999979019165,6.570000171661377,6.869999885559082,139300,0.0,0.0
2026-04-07 00:00:00-04:00,6.829999923706055,6.829999923706055,6.420000076293945,6.590000152587891,175400,0.0,0.0
2026-04-08 00:00:00-04:00,6.860000133514404,7.400000095367432,6.75,7.360000133514404,176100,0.0,0.0
2026-04-09 00:00:00-04:00,7.329999923706055,7.460000038146973,7.0,7.340000152587891,195100,0.0,0.0
2026-04-10 00:00:00-04:00,7.449999809265137,7.539999961853027,7.110000133514404,7.170000076293945,110900,0.0,0.0
2026-04-13 00:00:00-04:00,7.090000152587891,8.0,7.070000171661377,7.769999980926514,224300,0.0,0.0
2026-04-14 00:00:00-04:00,7.690000057220459,7.769999980926514,6.750999927520752,7.579999923706055,537000,0.0,0.0
2026-04-15 00:00:00-04:00,7.579999923706055,7.809999942779541,7.349999904632568,7.760000228881836,192800,0.0,0.0
2026-04-16 00:00:00-04:00,7.849999904632568,8.279999732971191,7.53000020980835,8.279999732971191,197900,0.0,0.0
2026-04-17 00:00:00-04:00,8.520000457763672,8.668000221252441,7.980000019073486,8.100000381469727,427900,0.0,0.0
2026-04-20 00:00:00-04:00,8.170000076293945,8.619999885559082,7.929999828338623,8.520000457763672,271400,0.0,0.0
2026-04-21 00:00:00-04:00,8.600000381469727,8.970000267028809,8.550000190734863,8.670000076293945,231400,0.0,0.0
2026-04-22 00:00:00-04:00,8.989999771118164,9.609999656677246,8.819999694824219,9.609999656677246,277600,0.0,0.0
2026-04-23 00:00:00-04:00,9.600000381469727,9.779999732971191,9.15999984741211,9.529999732971191,222700,0.0,0.0
2026-04-24 00:00:00-04:00,9.680000305175781,9.765999794006348,9.270000457763672,9.420000076293945,193400,0.0,0.0
2026-04-27 00:00:00-04:00,9.399999618530273,9.744999885559082,9.319999694824219,9.510000228881836,170400,0.0,0.0
2026-04-28 00:00:00-04:00,9.399999618530273,9.399999618530273,8.800000190734863,9.010000228881836,201400,0.0,0.0
2026-04-29 00:00:00-04:00,9.109999656677246,9.109999656677246,8.390000343322754,8.680000305175781,181100,0.0,0.0
2026-04-30 00:00:00-04:00,8.84000015258789,9.0,8.5,8.5,239400,0.0,0.0
2026-05-01 00:00:00-04:00,8.300000190734863,8.550000190734863,6.340000152587891,8.539999961853027,656300,0.0,0.0
2026-05-04 00:00:00-04:00,8.59000015258789,10.1899995803833,8.59000015258789,9.229999542236328,572600,0.0,0.0
2026-05-05 00:00:00-04:00,9.180000305175781,9.609999656677246,8.979999542236328,8.989999771118164,326100,0.0,0.0
2026-05-06 00:00:00-04:00,8.989999771118164,9.505000114440918,8.930000305175781,9.449999809265137,379821,0.0,0.0
