Date,Open,High,Low,Close,Volume,Dividends,Stock Splits
2022-01-03 00:00:00-05:00,39.900001525878906,40.099998474121094,38.099998474121094,38.849998474121094,957040,0.0,0.0
2022-01-04 00:00:00-05:00,39.20000076293945,41.25,39.04999923706055,40.5,1094660,0.0,0.0
2022-01-05 00:00:00-05:00,39.900001525878906,40.0,35.29999923706055,35.5,1766640,0.0,0.0
2022-01-06 00:00:00-05:00,33.349998474121094,35.150001525878906,32.650001525878906,34.25,1407900,0.0,0.0
2022-01-07 00:00:00-05:00,33.54999923706055,34.75,32.400001525878906,33.04999923706055,1554940,0.0,0.0
2022-01-10 00:00:00-05:00,31.149999618530273,33.25,30.799999237060547,33.04999923706055,1560200,0.0,0.0
2022-01-11 00:00:00-05:00,32.900001525878906,34.599998474121094,31.924999237060547,33.95000076293945,1318940,0.0,0.0
2022-01-12 00:00:00-05:00,35.349998474121094,36.20000076293945,33.95000076293945,34.599998474121094,1126100,0.0,0.0
2022-01-13 00:00:00-05:00,35.0,35.400001525878906,32.150001525878906,32.29999923706055,950920,0.0,0.0
2022-01-14 00:00:00-05:00,31.75,33.70000076293945,31.5,33.099998474121094,809180,0.0,0.0
2022-01-18 00:00:00-05:00,32.29999923706055,32.599998474121094,30.825000762939453,30.899999618530273,1000820,0.0,0.0
2022-01-19 00:00:00-05:00,31.25,32.13999938964844,30.25,30.350000381469727,803840,0.0,0.0
2022-01-20 00:00:00-05:00,31.100000381469727,33.45000076293945,30.899999618530273,31.149999618530273,1003000,0.0,0.0
2022-01-21 00:00:00-05:00,28.850000381469727,29.399999618530273,26.450000762939453,26.850000381469727,2196000,0.0,0.0
2022-01-24 00:00:00-05:00,22.75,27.100000381469727,22.600000381469727,27.0,2918140,0.0,0.0
2022-01-25 00:00:00-05:00,26.825000762939453,28.299999237060547,25.75,27.399999618530273,1070680,0.0,0.0
2022-01-26 00:00:00-05:00,29.350000381469727,31.950000762939453,28.200000762939453,28.799999237060547,3296640,0.0,0.0
2022-01-27 00:00:00-05:00,29.25,29.450000762939453,25.5,25.600000381469727,1722220,0.0,0.0
2022-01-28 00:00:00-05:00,25.985000610351562,27.799999237060547,24.700000762939453,27.600000381469727,1673300,0.0,0.0
2022-01-31 00:00:00-05:00,27.600000381469727,30.149999618530273,27.100000381469727,29.700000762939453,1065060,0.0,0.0
2022-02-01 00:00:00-05:00,31.5,33.5,29.700000762939453,32.400001525878906,2705020,0.0,0.0
2022-02-02 00:00:00-05:00,32.70000076293945,32.75,29.399999618530273,30.450000762939453,1533800,0.0,0.0
2022-02-03 00:00:00-05:00,29.549999237060547,30.399999618530273,28.75,28.899999618530273,941980,0.0,0.0
2022-02-04 00:00:00-05:00,30.200000762939453,32.95000076293945,28.950000762939453,32.45000076293945,2202900,0.0,0.0
2022-02-07 00:00:00-05:00,35.150001525878906,37.20000076293945,34.900001525878906,35.900001525878906,2829480,0.0,0.0
2022-02-08 00:00:00-05:00,35.29999923706055,36.82500076293945,34.599998474121094,36.75,1504400,0.0,0.0
2022-02-09 00:00:00-05:00,37.25,39.79999923706055,37.0,39.099998474121094,1871920,0.0,0.0
2022-02-10 00:00:00-05:00,37.099998474121094,41.70000076293945,36.75,38.20000076293945,2829920,0.0,0.0
2022-02-11 00:00:00-05:00,38.599998474121094,39.25,35.150001525878906,35.650001525878906,2066400,0.0,0.0
2022-02-14 00:00:00-05:00,35.125,37.10499954223633,34.125,34.45000076293945,1350480,0.0,0.0
2022-02-15 00:00:00-05:00,36.70000076293945,38.29999923706055,35.70000076293945,36.900001525878906,1430140,0.0,0.0
2022-02-16 00:00:00-05:00,35.5,36.70000076293945,35.224998474121094,35.900001525878906,1092900,0.0,0.0
2022-02-17 00:00:00-05:00,34.849998474121094,35.20000076293945,31.700000762939453,31.950000762939453,1597480,0.0,0.0
2022-02-18 00:00:00-05:00,31.799999237060547,31.850000381469727,29.399999618530273,29.700000762939453,1301660,0.0,0.0
2022-02-22 00:00:00-05:00,28.450000762939453,29.450000762939453,27.575000762939453,28.299999237060547,1442520,0.0,0.0
2022-02-23 00:00:00-05:00,29.25,29.700000762939453,26.75,26.950000762939453,1207060,0.0,0.0
2022-02-24 00:00:00-05:00,24.5,28.799999237060547,24.100000381469727,28.549999237060547,1547500,0.0,0.0
2022-02-25 00:00:00-05:00,29.350000381469727,29.375,27.5,28.700000762939453,1035160,0.0,0.0
2022-02-28 00:00:00-05:00,28.299999237060547,31.149999618530273,28.25,30.549999237060547,1688460,0.0,0.0
2022-03-01 00:00:00-05:00,32.70000076293945,32.75,30.049999237060547,30.549999237060547,1882000,0.0,0.0
2022-03-02 00:00:00-05:00,30.299999237060547,31.899999618530273,29.7549991607666,31.049999237060547,1386620,0.0,0.0
2022-03-03 00:00:00-05:00,31.200000762939453,31.25,28.200000762939453,28.450000762939453,1050180,0.0,0.0
2022-03-04 00:00:00-05:00,27.700000762939453,28.639999389648438,26.299999237060547,26.600000381469727,1099880,0.0,0.0
2022-03-07 00:00:00-05:00,26.950000762939453,27.299999237060547,24.600000381469727,24.649999618530273,1355880,0.0,0.0
2022-03-08 00:00:00-05:00,24.75,26.5,24.25,25.399999618530273,1545560,0.0,0.0
2022-03-09 00:00:00-05:00,27.540000915527344,28.899999618530273,27.100000381469727,28.200000762939453,1672760,0.0,0.0
2022-03-10 00:00:00-05:00,26.799999237060547,27.25,25.850000381469727,27.0,1269800,0.0,0.0
2022-03-11 00:00:00-05:00,27.649999618530273,27.649999618530273,24.899999618530273,24.950000762939453,1202060,0.0,0.0
2022-03-14 00:00:00-04:00,25.0,25.5,22.799999237060547,23.149999618530273,1912400,0.0,0.0
2022-03-15 00:00:00-04:00,23.450000762939453,24.200000762939453,22.649999618530273,24.049999237060547,1672160,0.0,0.0
2022-03-16 00:00:00-04:00,24.75,26.049999237060547,24.045000076293945,26.049999237060547,2494020,0.0,0.0
2022-03-17 00:00:00-04:00,24.700000762939453,27.950000762939453,24.600000381469727,27.850000381469727,1318780,0.0,0.0
2022-03-18 00:00:00-04:00,27.399999618530273,29.149999618530273,26.854999542236328,28.850000381469727,1738820,0.0,0.0
2022-03-21 00:00:00-04:00,28.5,29.545000076293945,27.549999237060547,28.450000762939453,1081400,0.0,0.0
2022-03-22 00:00:00-04:00,29.600000381469727,30.649999618530273,29.100000381469727,29.350000381469727,1344080,0.0,0.0
2022-03-23 00:00:00-04:00,29.100000381469727,30.395000457763672,28.049999237060547,28.75,1589360,0.0,0.0
2022-03-24 00:00:00-04:00,29.399999618530273,30.600000381469727,28.274999618530273,30.549999237060547,2332540,0.0,0.0
2022-03-25 00:00:00-04:00,31.25,31.700000762939453,28.979999542236328,29.5,1617520,0.0,0.0
2022-03-28 00:00:00-04:00,31.350000381469727,33.5,30.399999618530273,31.200000762939453,2866880,0.0,0.0
2022-03-29 00:00:00-04:00,31.0,31.399999618530273,28.875,30.450000762939453,2217720,0.0,0.0
2022-03-30 00:00:00-04:00,30.0,30.25,28.850000381469727,29.0,1418780,0.0,0.0
2022-03-31 00:00:00-04:00,29.049999237060547,29.450000762939453,27.5,27.600000381469727,1154220,0.0,0.0
2022-04-01 00:00:00-04:00,27.700000762939453,28.69499969482422,27.200000762939453,27.799999237060547,1112520,0.0,0.0
2022-04-04 00:00:00-04:00,27.950000762939453,28.149999618530273,27.0,27.75,1151220,0.0,0.0
2022-04-05 00:00:00-04:00,27.950000762939453,28.149999618530273,25.799999237060547,26.149999618530273,1639800,0.0,0.0
2022-04-06 00:00:00-04:00,25.549999237060547,25.75,24.049999237060547,24.700000762939453,1598520,0.0,0.0
2022-04-07 00:00:00-04:00,24.549999237060547,25.075000762939453,23.399999618530273,24.399999618530273,1023900,0.0,0.0
2022-04-08 00:00:00-04:00,24.0,24.475000381469727,23.450000762939453,23.450000762939453,871760,0.0,0.0
2022-04-11 00:00:00-04:00,22.899999618530273,23.700000762939453,22.149999618530273,22.850000381469727,921360,0.0,0.0
2022-04-12 00:00:00-04:00,23.299999237060547,24.100000381469727,21.950000762939453,22.25,896720,0.0,0.0
2022-04-13 00:00:00-04:00,22.25,23.649999618530273,22.149999618530273,23.350000381469727,522980,0.0,0.0
2022-04-14 00:00:00-04:00,23.5,23.5,21.950000762939453,22.100000381469727,863000,0.0,0.0
2022-04-18 00:00:00-04:00,22.049999237060547,22.350000381469727,20.8700008392334,21.649999618530273,872920,0.0,0.0
2022-04-19 00:00:00-04:00,21.600000381469727,22.75,21.40999984741211,22.700000762939453,867740,0.0,0.0
2022-04-20 00:00:00-04:00,23.25,23.25,21.475000381469727,21.75,757540,0.0,0.0
2022-04-21 00:00:00-04:00,22.5,23.100000381469727,20.399999618530273,20.600000381469727,1083340,0.0,0.0
2022-04-22 00:00:00-04:00,20.350000381469727,20.825000762939453,19.299999237060547,19.5,1357900,0.0,0.0
2022-04-25 00:00:00-04:00,19.0,19.700000762939453,18.649999618530273,19.600000381469727,1552600,0.0,0.0
2022-04-26 00:00:00-04:00,19.549999237060547,19.549999237060547,17.700000762939453,17.75,1466620,0.0,0.0
2022-04-27 00:00:00-04:00,17.899999618530273,18.844999313354492,17.700000762939453,17.950000762939453,1465120,0.0,0.0
2022-04-28 00:00:00-04:00,18.25,19.274999618530273,17.149999618530273,18.899999618530273,1510780,0.0,0.0
2022-04-29 00:00:00-04:00,18.399999618530273,19.899999618530273,17.799999237060547,17.799999237060547,1454520,0.0,0.0
2022-05-02 00:00:00-04:00,17.799999237060547,18.625,17.450000762939453,18.5,1055180,0.0,0.0
2022-05-03 00:00:00-04:00,18.350000381469727,19.049999237060547,18.149999618530273,18.5,930920,0.0,0.0
2022-05-04 00:00:00-04:00,18.700000762939453,20.049999237060547,17.924999237060547,20.049999237060547,1422580,0.0,0.0
2022-05-05 00:00:00-04:00,19.5,19.5,17.649999618530273,18.149999618530273,1085880,0.0,0.0
2022-05-06 00:00:00-04:00,17.600000381469727,17.950000762939453,16.450000762939453,17.049999237060547,1526160,0.0,0.0
2022-05-09 00:00:00-04:00,15.850000381469727,16.350000381469727,13.899999618530273,14.149999618530273,1898500,0.0,0.0
2022-05-10 00:00:00-04:00,15.149999618530273,15.649999618530273,13.5,14.0,1502900,0.0,0.0
2022-05-11 00:00:00-04:00,12.899999618530273,13.949999809265137,12.100000381469727,12.199999809265137,2988880,0.0,0.0
2022-05-12 00:00:00-04:00,11.25,13.100000381469727,11.25,12.199999809265137,2490720,0.0,0.0
2022-05-13 00:00:00-04:00,13.300000190734863,14.5,13.100000381469727,13.699999809265137,2268420,0.0,0.0
2022-05-16 00:00:00-04:00,13.600000381469727,13.600000381469727,12.25,12.449999809265137,1931460,0.0,0.0
2022-05-17 00:00:00-04:00,13.399999618530273,13.600000381469727,12.699999809265137,13.25,2094560,0.0,0.0
2022-05-18 00:00:00-04:00,12.899999618530273,13.050000190734863,12.050000190734863,12.350000381469727,1951160,0.0,0.0
2022-05-19 00:00:00-04:00,12.449999809265137,13.100000381469727,12.100000381469727,12.350000381469727,2043160,0.0,0.0
2022-05-20 00:00:00-04:00,12.800000190734863,13.050000190734863,11.449999809265137,12.399999618530273,2558440,0.0,0.0
2022-05-23 00:00:00-04:00,12.5,12.600000381469727,11.75,12.199999809265137,1632300,0.0,0.0
2022-05-24 00:00:00-04:00,11.899999618530273,11.899999618530273,10.96500015258789,11.199999809265137,1698620,0.0,0.0
2022-05-25 00:00:00-04:00,11.100000381469727,11.5,10.899999618530273,11.199999809265137,1621580,0.0,0.0
2022-05-26 00:00:00-04:00,10.75,11.850000381469727,10.524999618530273,11.550000190734863,2436140,0.0,0.0
2022-05-27 00:00:00-04:00,11.699999809265137,12.649999618530273,11.649999618530273,12.600000381469727,2016740,0.0,0.0
2022-05-31 00:00:00-04:00,13.449999809265137,13.949999809265137,12.600000381469727,12.75,3320620,0.0,0.0
2022-06-01 00:00:00-04:00,12.850000381469727,13.324999809265137,11.399999618530273,11.550000190734863,2490960,0.0,0.0
2022-06-02 00:00:00-04:00,11.550000190734863,12.25,11.25,11.949999809265137,1686360,0.0,0.0
2022-06-03 00:00:00-04:00,11.699999809265137,11.899999618530273,11.199999809265137,11.550000190734863,1668320,0.0,0.0
2022-06-06 00:00:00-04:00,12.050000190734863,12.149999618530273,10.949999809265137,11.050000190734863,2813600,0.0,0.0
2022-06-07 00:00:00-04:00,10.699999809265137,11.350000381469727,10.375,11.350000381469727,1786740,0.0,0.0
2022-06-08 00:00:00-04:00,11.25,11.699999809265137,10.600000381469727,10.75,1868620,0.0,0.0
2022-06-09 00:00:00-04:00,10.600000381469727,10.75,9.850000381469727,9.899999618530273,2165180,0.0,0.0
2022-06-10 00:00:00-04:00,9.550000190734863,9.899999618530273,9.199999809265137,9.399999618530273,1936300,0.0,0.0
2022-06-13 00:00:00-04:00,8.0,8.699999809265137,7.800000190734863,8.25,2896060,0.0,0.0
2022-06-14 00:00:00-04:00,8.5,8.800000190734863,8.0,8.449999809265137,2028780,0.0,0.0
2022-06-15 00:00:00-04:00,8.399999618530273,8.649999618530273,7.949999809265137,8.399999618530273,3253280,0.0,0.0
2022-06-16 00:00:00-04:00,8.149999618530273,8.300000190734863,7.599999904632568,7.699999809265137,2237400,0.0,0.0
2022-06-17 00:00:00-04:00,7.699999809265137,8.25,7.599999904632568,7.949999809265137,2774400,0.0,0.0
2022-06-21 00:00:00-04:00,8.449999809265137,9.050000190734863,8.199999809265137,8.199999809265137,2617940,0.0,0.0
2022-06-22 00:00:00-04:00,7.949999809265137,8.350000381469727,7.699999809265137,7.75,1741080,0.0,0.0
2022-06-23 00:00:00-04:00,8.100000381469727,8.199999809265137,7.5,8.050000190734863,2713200,0.0,0.0
2022-06-24 00:00:00-04:00,8.390000343322754,8.699999809265137,8.149999618530273,8.649999618530273,1980900,0.0,0.0
2022-06-27 00:00:00-04:00,8.699999809265137,8.800000190734863,7.949999809265137,8.100000381469727,1911320,0.0,0.0
2022-06-28 00:00:00-04:00,8.149999618530273,8.300000190734863,7.25,7.349999904632568,1852140,0.0,0.0
2022-06-29 00:00:00-04:00,7.300000190734863,7.375,6.800000190734863,7.099999904632568,1557120,0.0,0.0
2022-06-30 00:00:00-04:00,6.75,7.0,6.449999809265137,6.650000095367432,2095180,0.0,0.0
2022-07-01 00:00:00-04:00,6.800000190734863,7.0,6.574999809265137,6.900000095367432,1110620,0.0,0.0
2022-07-05 00:00:00-04:00,6.75,7.449999809265137,6.349999904632568,7.449999809265137,2092440,0.0,0.0
2022-07-06 00:00:00-04:00,7.400000095367432,7.550000190734863,6.699999809265137,6.900000095367432,1887060,0.0,0.0
2022-07-07 00:00:00-04:00,7.099999904632568,8.149999618530273,6.900000095367432,8.0,2322920,0.0,0.0
2022-07-08 00:00:00-04:00,7.849999904632568,8.949999809265137,7.650000095367432,8.149999618530273,3880460,0.0,0.0
2022-07-11 00:00:00-04:00,7.849999904632568,8.0,7.400000095367432,7.5,1905480,0.0,0.0
2022-07-12 00:00:00-04:00,7.449999809265137,7.650000095367432,7.150000095367432,7.349999904632568,2119820,0.0,0.0
2022-07-13 00:00:00-04:00,7.050000190734863,7.675000190734863,6.900000095367432,7.5,2697700,0.0,0.0
2022-07-14 00:00:00-04:00,7.300000190734863,7.800000190734863,7.050000190734863,7.599999904632568,3523580,0.0,0.0
2022-07-15 00:00:00-04:00,7.949999809265137,8.100000381469727,7.5,7.900000095367432,2489460,0.0,0.0
2022-07-18 00:00:00-04:00,8.399999618530273,10.050000190734863,8.350000381469727,8.75,6167000,0.0,0.0
2022-07-19 00:00:00-04:00,9.25,10.100000381469727,8.800000190734863,10.100000381469727,4314040,0.0,0.0
2022-07-20 00:00:00-04:00,10.649999618530273,11.25,10.050000190734863,10.699999809265137,5732300,0.0,0.0
2022-07-21 00:00:00-04:00,10.25,11.600000381469727,9.949999809265137,11.300000190734863,4384500,0.0,0.0
2022-07-22 00:00:00-04:00,11.550000190734863,11.850000381469727,10.050000190734863,10.300000190734863,3252220,0.0,0.0
2022-07-25 00:00:00-04:00,10.050000190734863,10.25,9.149999618530273,9.350000381469727,2953160,0.0,0.0
2022-07-26 00:00:00-04:00,8.850000381469727,9.050000190734863,8.449999809265137,8.800000190734863,2299060,0.0,0.0
2022-07-27 00:00:00-04:00,9.199999809265137,10.149999618530273,9.024999618530273,10.050000190734863,2980320,0.0,0.0
2022-07-28 00:00:00-04:00,9.899999618530273,10.949999809265137,9.600000381469727,10.850000381469727,3713100,0.0,0.0
2022-07-29 00:00:00-04:00,10.600000381469727,11.149999618530273,10.125,10.600000381469727,3931340,0.0,0.0
2022-08-01 00:00:00-04:00,10.300000190734863,11.175000190734863,9.925000190734863,10.399999618530273,2056160,0.0,0.0
2022-08-02 00:00:00-04:00,10.149999618530273,11.350000381469727,10.055000305175781,10.850000381469727,2559580,0.0,0.0
2022-08-03 00:00:00-04:00,11.25,12.194999694824219,11.149999618530273,12.0,2225100,0.0,0.0
2022-08-04 00:00:00-04:00,12.0,12.524999618530273,11.449999809265137,11.5,2458960,0.0,0.0
2022-08-05 00:00:00-04:00,11.300000190734863,12.050000190734863,11.050000190734863,11.899999618530273,2527100,0.0,0.0
2022-08-08 00:00:00-04:00,12.350000381469727,13.050000190734863,12.100000381469727,12.5,2798920,0.0,0.0
2022-08-09 00:00:00-04:00,12.100000381469727,12.274999618530273,11.449999809265137,12.149999618530273,1823960,0.0,0.0
2022-08-10 00:00:00-04:00,12.899999618530273,13.729999542236328,12.475000381469727,13.550000190734863,3574920,0.0,0.0
2022-08-11 00:00:00-04:00,15.100000381469727,16.600000381469727,14.449999809265137,14.800000190734863,3643820,0.0,0.0
2022-08-12 00:00:00-04:00,14.875,17.799999237060547,14.350000381469727,17.600000381469727,2991300,0.0,0.0
2022-08-15 00:00:00-04:00,17.200000762939453,18.5,16.450000762939453,17.799999237060547,3901440,0.0,0.0
2022-08-16 00:00:00-04:00,17.399999618530273,17.895000457763672,16.350000381469727,16.649999618530273,3002780,0.0,0.0
2022-08-17 00:00:00-04:00,15.899999618530273,16.450000762939453,14.800000190734863,14.949999809265137,3339880,0.0,0.0
2022-08-18 00:00:00-04:00,15.0,15.050000190734863,13.404999732971191,13.449999809265137,2099460,0.0,0.0
2022-08-19 00:00:00-04:00,11.649999618530273,12.449999809265137,11.300000190734863,11.600000381469727,1869180,0.0,0.0
2022-08-22 00:00:00-04:00,11.199999809265137,11.25,10.449999809265137,10.649999618530273,1819840,0.0,0.0
2022-08-23 00:00:00-04:00,10.949999809265137,11.475000381469727,10.524999618530273,11.0,1726040,0.0,0.0
2022-08-24 00:00:00-04:00,11.0,11.5,10.899999618530273,11.100000381469727,1586460,0.0,0.0
2022-08-25 00:00:00-04:00,11.350000381469727,11.5,10.850000381469727,11.300000190734863,1442500,0.0,0.0
2022-08-26 00:00:00-04:00,11.25,11.475000381469727,10.100000381469727,10.350000381469727,3006240,0.0,0.0
2022-08-29 00:00:00-04:00,10.149999618530273,10.925000190734863,10.0,10.649999618530273,1723000,0.0,0.0
2022-08-30 00:00:00-04:00,10.949999809265137,11.100000381469727,9.850000381469727,10.199999809265137,2268900,0.0,0.0
2022-08-31 00:00:00-04:00,10.25,10.574999809265137,10.050000190734863,10.149999618530273,1522800,0.0,0.0
2022-09-01 00:00:00-04:00,9.800000190734863,10.024999618530273,9.399999618530273,9.800000190734863,1758900,0.0,0.0
2022-09-02 00:00:00-04:00,10.149999618530273,10.199999809265137,9.5,9.550000190734863,2135840,0.0,0.0
2022-09-06 00:00:00-04:00,9.600000381469727,9.739999771118164,9.0,9.149999618530273,1780120,0.0,0.0
2022-09-07 00:00:00-04:00,9.100000381469727,9.300000190734863,8.699999809265137,9.100000381469727,1525600,0.0,0.0
2022-09-08 00:00:00-04:00,9.0,10.600000381469727,8.850000381469727,10.5,2429180,0.0,0.0
2022-09-09 00:00:00-04:00,11.350000381469727,11.949999809265137,11.100000381469727,11.75,2978780,0.0,0.0
2022-09-12 00:00:00-04:00,12.199999809265137,12.475000381469727,11.5,12.0,2739300,0.0,0.0
2022-09-13 00:00:00-04:00,10.5,11.0,10.100000381469727,10.149999618530273,2895640,0.0,0.0
2022-09-14 00:00:00-04:00,10.300000190734863,10.550000190734863,9.850000381469727,10.375,1557100,0.0,0.0
2022-09-15 00:00:00-04:00,10.350000381469727,10.850000381469727,10.100000381469727,10.600000381469727,1640180,0.0,0.0
2022-09-16 00:00:00-04:00,10.149999618530273,10.199999809265137,9.5,9.699999809265137,1797080,0.0,0.0
2022-09-19 00:00:00-04:00,9.449999809265137,9.850000381469727,9.300000190734863,9.600000381469727,1005780,0.0,0.0
2022-09-20 00:00:00-04:00,9.399999618530273,9.524999618530273,9.050000190734863,9.149999618530273,1225840,0.0,0.0
2022-09-21 00:00:00-04:00,9.300000190734863,10.100000381469727,9.100000381469727,9.550000190734863,2053160,0.0,0.0
2022-09-22 00:00:00-04:00,9.550000190734863,9.649999618530273,8.850000381469727,9.0,2202420,0.0,0.0
2022-09-23 00:00:00-04:00,8.725000381469727,8.954999923706055,8.25,8.449999809265137,1611340,0.0,0.0
2022-09-26 00:00:00-04:00,8.75,9.199999809265137,8.345000267028809,8.550000190734863,1600340,0.0,0.0
2022-09-27 00:00:00-04:00,9.100000381469727,9.399999618530273,8.5,8.649999618530273,1312520,0.0,0.0
2022-09-28 00:00:00-04:00,8.649999618530273,9.449999809265137,8.5,9.449999809265137,1178220,0.0,0.0
2022-09-29 00:00:00-04:00,9.199999809265137,9.199999809265137,8.649999618530273,9.050000190734863,1583880,0.0,0.0
2022-09-30 00:00:00-04:00,8.850000381469727,9.649999618530273,8.699999809265137,8.899999618530273,1687080,0.0,0.0
2022-10-03 00:00:00-04:00,9.199999809265137,9.600000381469727,8.899999618530273,9.550000190734863,1280500,0.0,0.0
2022-10-04 00:00:00-04:00,10.0,10.5,9.949999809265137,10.399999618530273,2214620,0.0,0.0
2022-10-05 00:00:00-04:00,9.850000381469727,10.449999809265137,9.600000381469727,10.350000381469727,1258280,0.0,0.0
2022-10-06 00:00:00-04:00,10.149999618530273,10.78499984741211,10.149999618530273,10.25,1100980,0.0,0.0
2022-10-07 00:00:00-04:00,9.949999809265137,10.199999809265137,9.300000190734863,9.5,1374840,0.0,0.0
2022-10-10 00:00:00-04:00,9.399999618530273,9.649999618530273,8.875,9.100000381469727,1405560,0.0,0.0
2022-10-11 00:00:00-04:00,9.100000381469727,9.425000190734863,8.699999809265137,8.949999809265137,1194880,0.0,0.0
2022-10-12 00:00:00-04:00,9.0,9.239999771118164,8.800000190734863,9.100000381469727,671540,0.0,0.0
2022-10-13 00:00:00-04:00,8.649999618530273,9.75,8.350000381469727,9.600000381469727,1082800,0.0,0.0
2022-10-14 00:00:00-04:00,9.850000381469727,10.100000381469727,9.149999618530273,9.199999809265137,1509620,0.0,0.0
2022-10-17 00:00:00-04:00,9.5,10.0,9.5,9.649999618530273,1278180,0.0,0.0
2022-10-18 00:00:00-04:00,10.199999809265137,10.199999809265137,9.199999809265137,9.300000190734863,1455900,0.0,0.0
2022-10-19 00:00:00-04:00,9.199999809265137,9.600000381469727,8.975000381469727,9.600000381469727,1365760,0.0,0.0
2022-10-20 00:00:00-04:00,9.550000190734863,9.850000381469727,9.100000381469727,9.199999809265137,1531960,0.0,0.0
2022-10-21 00:00:00-04:00,9.149999618530273,9.75,8.800000190734863,9.699999809265137,1161480,0.0,0.0
2022-10-24 00:00:00-04:00,9.699999809265137,10.0,9.25,9.899999618530273,1556060,0.0,0.0
2022-10-25 00:00:00-04:00,9.75,11.859999656677246,9.75,11.600000381469727,2811420,0.0,0.0
2022-10-26 00:00:00-04:00,11.800000190734863,12.399999618530273,11.125,11.300000190734863,2670880,0.0,0.0
2022-10-27 00:00:00-04:00,11.5,11.890000343322754,10.550000190734863,10.600000381469727,1896040,0.0,0.0
2022-10-28 00:00:00-04:00,10.800000190734863,11.800000190734863,10.600000381469727,11.800000190734863,1522400,0.0,0.0
2022-10-31 00:00:00-04:00,11.550000190734863,11.899999618530273,11.100000381469727,11.199999809265137,1244100,0.0,0.0
2022-11-01 00:00:00-04:00,11.600000381469727,11.739999771118164,10.850000381469727,10.899999618530273,1465220,0.0,0.0
2022-11-02 00:00:00-04:00,10.800000190734863,11.625,10.449999809265137,10.5,1544620,0.0,0.0
2022-11-03 00:00:00-04:00,10.25,10.850000381469727,10.0,10.050000190734863,1056960,0.0,0.0
2022-11-04 00:00:00-04:00,11.0,11.449999809265137,10.324999809265137,10.850000381469727,2340720,0.0,0.0
2022-11-07 00:00:00-05:00,10.800000190734863,11.100000381469727,10.375,11.050000190734863,1204220,0.0,0.0
2022-11-08 00:00:00-05:00,10.5,10.574999809265137,9.050000190734863,9.649999618530273,3876020,0.0,0.0
2022-11-09 00:00:00-05:00,9.399999618530273,9.699999809265137,8.600000381469727,8.649999618530273,2144780,0.0,0.0
2022-11-10 00:00:00-05:00,9.600000381469727,9.75,8.675000190734863,8.75,2798080,0.0,0.0
2022-11-11 00:00:00-05:00,8.3100004196167,8.350000381469727,7.400000095367432,8.0,4319380,0.0,0.0
2022-11-14 00:00:00-05:00,7.699999809265137,7.800000190734863,7.199999809265137,7.25,1655600,0.0,0.0
2022-11-15 00:00:00-05:00,7.5,7.699999809265137,7.0,7.150000095367432,2165840,0.0,0.0
2022-11-16 00:00:00-05:00,7.050000190734863,7.050000190734863,6.449999809265137,6.550000190734863,1585160,0.0,0.0
2022-11-17 00:00:00-05:00,6.349999904632568,6.5,5.949999809265137,6.349999904632568,2999300,0.0,0.0
2022-11-18 00:00:00-05:00,6.599999904632568,6.650000095367432,6.0,6.199999809265137,1316920,0.0,0.0
2022-11-21 00:00:00-05:00,5.900000095367432,6.0,5.400000095367432,5.599999904632568,1338220,0.0,0.0
2022-11-22 00:00:00-05:00,5.699999809265137,5.800000190734863,5.375,5.775000095367432,1600440,0.0,0.0
2022-11-23 00:00:00-05:00,5.800000190734863,6.199999809265137,5.75,6.099999904632568,1318620,0.0,0.0
2022-11-25 00:00:00-05:00,6.050000190734863,6.099999904632568,5.849999904632568,6.0,426320,0.0,0.0
2022-11-28 00:00:00-05:00,5.849999904632568,6.0,5.400000095367432,5.550000190734863,953420,0.0,0.0
2022-11-29 00:00:00-05:00,5.650000095367432,5.699999809265137,5.5,5.550000190734863,809840,0.0,0.0
2022-11-30 00:00:00-05:00,5.75,6.0,5.449999809265137,5.949999809265137,1369820,0.0,0.0
2022-12-01 00:00:00-05:00,6.150000095367432,6.25,5.75,6.0,1164760,0.0,0.0
2022-12-02 00:00:00-05:00,5.849999904632568,6.25,5.650000095367432,6.25,1239620,0.0,0.0
2022-12-05 00:00:00-05:00,6.400000095367432,6.400000095367432,5.599999904632568,5.699999809265137,1648980,0.0,0.0
2022-12-06 00:00:00-05:00,5.699999809265137,5.699999809265137,5.349999904632568,5.550000190734863,1232240,0.0,0.0
2022-12-07 00:00:00-05:00,5.449999809265137,5.599999904632568,5.175000190734863,5.300000190734863,1132620,0.0,0.0
2022-12-08 00:00:00-05:00,5.349999904632568,5.550000190734863,5.150000095367432,5.400000095367432,1641440,0.0,0.0
2022-12-09 00:00:00-05:00,5.349999904632568,5.349999904632568,4.965000152587891,5.0,1216900,0.0,0.0
2022-12-12 00:00:00-05:00,5.0,5.050000190734863,4.824999809265137,5.050000190734863,684560,0.0,0.0
2022-12-13 00:00:00-05:00,5.449999809265137,5.650000095367432,5.0,5.199999809265137,1857900,0.0,0.0
2022-12-14 00:00:00-05:00,5.199999809265137,5.349999904632568,5.050000190734863,5.25,1416100,0.0,0.0
2022-12-15 00:00:00-05:00,5.0,5.050000190734863,4.71999979019165,4.824999809265137,791060,0.0,0.0
2022-12-16 00:00:00-05:00,4.699999809265137,4.840000152587891,4.599999904632568,4.625,1152020,0.0,0.0
2022-12-19 00:00:00-05:00,4.695000171661377,4.695000171661377,4.239999771118164,4.349999904632568,616460,0.0,0.0
2022-12-20 00:00:00-05:00,4.349999904632568,4.65500020980835,4.324999809265137,4.364999771118164,400040,0.0,0.0
2022-12-21 00:00:00-05:00,4.409999847412109,4.550000190734863,4.355000019073486,4.505000114440918,337500,0.0,0.0
2022-12-22 00:00:00-05:00,4.349999904632568,4.400000095367432,4.235000133514404,4.380000114440918,373320,0.0,0.0
2022-12-23 00:00:00-05:00,4.255000114440918,4.400000095367432,4.235000133514404,4.315000057220459,314560,0.0,0.0
2022-12-27 00:00:00-05:00,4.264999866485596,4.300000190734863,3.9000000953674316,3.940000057220459,587700,0.0,0.0
2022-12-28 00:00:00-05:00,4.050000190734863,4.25,3.9749999046325684,4.014999866485596,499600,0.0,0.0
2022-12-29 00:00:00-05:00,4.065000057220459,4.284999847412109,4.014999866485596,4.215000152587891,439880,0.0,0.0
2022-12-30 00:00:00-05:00,4.0,4.28000020980835,4.0,4.25,361540,0.0,0.0
2023-01-03 00:00:00-05:00,4.264999866485596,4.550000190734863,4.054999828338623,4.090000152587891,436860,0.0,0.0
2023-01-04 00:00:00-05:00,4.300000190734863,4.820000171661377,4.195000171661377,4.795000076293945,1082660,0.0,0.0
2023-01-05 00:00:00-05:00,4.75,4.75,4.449999809265137,4.525000095367432,533160,0.0,0.0
2023-01-06 00:00:00-05:00,4.630000114440918,4.699999809265137,4.355000019073486,4.574999809265137,498240,0.0,0.0
2023-01-09 00:00:00-05:00,4.949999809265137,5.699999809265137,4.894999980926514,5.349999904632568,1151140,0.0,0.0
2023-01-10 00:00:00-05:00,5.400000095367432,5.900000095367432,5.150000095367432,5.900000095367432,1316920,0.0,0.0
2023-01-11 00:00:00-05:00,6.099999904632568,6.300000190734863,5.599999904632568,5.849999904632568,1579260,0.0,0.0
2023-01-12 00:00:00-05:00,6.400000095367432,7.199999809265137,5.75,7.150000095367432,2910080,0.0,0.0
2023-01-13 00:00:00-05:00,6.949999809265137,7.949999809265137,6.769999980926514,7.900000095367432,3066600,0.0,0.0
2023-01-17 00:00:00-05:00,9.149999618530273,9.449999809265137,8.449999809265137,9.199999809265137,2948960,0.0,0.0
2023-01-18 00:00:00-05:00,9.399999618530273,9.5,7.449999809265137,7.550000190734863,3898400,0.0,0.0
2023-01-19 00:00:00-05:00,7.25,8.449999809265137,7.150000095367432,8.300000190734863,2266060,0.0,0.0
2023-01-20 00:00:00-05:00,8.300000190734863,9.649999618530273,7.849999904632568,9.600000381469727,3594040,0.0,0.0
2023-01-23 00:00:00-05:00,9.850000381469727,10.600000381469727,9.324999809265137,9.899999618530273,3585320,0.0,0.0
2023-01-24 00:00:00-05:00,9.699999809265137,10.25,9.550000190734863,9.899999618530273,1722140,0.0,0.0
2023-01-25 00:00:00-05:00,9.350000381469727,9.649999618530273,8.449999809265137,9.350000381469727,2388620,0.0,0.0
2023-01-26 00:00:00-05:00,9.949999809265137,10.149999618530273,9.399999618530273,9.425000190734863,1555720,0.0,0.0
2023-01-27 00:00:00-05:00,9.350000381469727,10.199999809265137,8.949999809265137,9.75,1886880,0.0,0.0
2023-01-30 00:00:00-05:00,9.5,10.005000114440918,9.050000190734863,9.100000381469727,2233860,0.0,0.0
2023-01-31 00:00:00-05:00,9.25,9.899999618530273,9.199999809265137,9.649999618530273,1849220,0.0,0.0
2023-02-01 00:00:00-05:00,9.600000381469727,11.050000190734863,9.25,10.800000190734863,2604080,0.0,0.0
2023-02-02 00:00:00-05:00,11.300000190734863,12.75,11.125,12.050000190734863,4626400,0.0,0.0
2023-02-03 00:00:00-05:00,11.199999809265137,12.0600004196167,10.850000381469727,11.050000190734863,2707320,0.0,0.0
2023-02-06 00:00:00-05:00,10.710000038146973,12.399999618530273,10.649999618530273,11.899999618530273,2944420,0.0,0.0
2023-02-07 00:00:00-05:00,12.100000381469727,12.449999809265137,10.550000190734863,10.850000381469727,3393800,0.0,0.0
2023-02-08 00:00:00-05:00,10.649999618530273,11.399999618530273,10.420000076293945,10.75,2283700,0.0,0.0
2023-02-09 00:00:00-05:00,10.699999809265137,10.800000190734863,8.925000190734863,9.149999618530273,3212180,0.0,0.0
2023-02-10 00:00:00-05:00,8.975000381469727,9.095000267028809,8.25,8.399999618530273,1966220,0.0,0.0
2023-02-13 00:00:00-05:00,8.199999809265137,8.350000381469727,7.900000095367432,8.100000381469727,2103460,0.0,0.0
2023-02-14 00:00:00-05:00,8.074999809265137,9.0,7.800000190734863,8.949999809265137,3012260,0.0,0.0
2023-02-15 00:00:00-05:00,9.199999809265137,10.25,9.0,10.199999809265137,3090600,0.0,0.0
2023-02-16 00:00:00-05:00,10.0,11.0,9.654999732971191,9.899999618530273,3860620,0.0,0.0
2023-02-17 00:00:00-05:00,9.600000381469727,10.300000190734863,9.350000381469727,10.050000190734863,2938100,0.0,0.0
2023-02-21 00:00:00-05:00,9.5,10.074999809265137,9.100000381469727,9.100000381469727,1730620,0.0,0.0
2023-02-22 00:00:00-05:00,9.050000190734863,9.354999542236328,8.5,9.0,1695180,0.0,0.0
2023-02-23 00:00:00-05:00,9.199999809265137,9.25,8.600000381469727,8.899999618530273,1199860,0.0,0.0
2023-02-24 00:00:00-05:00,8.600000381469727,8.699999809265137,7.949999809265137,8.149999618530273,1798480,0.0,0.0
2023-02-27 00:00:00-05:00,8.449999809265137,8.850000381469727,8.199999809265137,8.350000381469727,1533540,0.0,0.0
2023-02-28 00:00:00-05:00,8.300000190734863,8.640000343322754,8.100000381469727,8.25,2145760,0.0,0.0
2023-03-01 00:00:00-05:00,8.199999809265137,8.600000381469727,8.0,8.199999809265137,1377780,0.0,0.0
2023-03-02 00:00:00-05:00,8.0,8.25,7.75,8.149999618530273,1207160,0.0,0.0
2023-03-03 00:00:00-05:00,7.75,8.050000190734863,7.550000190734863,7.800000190734863,2117280,0.0,0.0
2023-03-06 00:00:00-05:00,7.849999904632568,8.399999618530273,7.75,7.849999904632568,1640160,0.0,0.0
2023-03-07 00:00:00-05:00,7.949999809265137,8.0,7.349999904632568,7.550000190734863,1913980,0.0,0.0
2023-03-08 00:00:00-05:00,7.550000190734863,7.650000095367432,7.199999809265137,7.400000095367432,2233040,0.0,0.0
2023-03-09 00:00:00-05:00,7.300000190734863,7.425000190734863,6.300000190734863,6.349999904632568,2077280,0.0,0.0
2023-03-10 00:00:00-05:00,6.5,6.699999809265137,6.050000190734863,6.300000190734863,1682840,0.0,0.0
2023-03-13 00:00:00-04:00,6.699999809265137,8.050000190734863,6.5,7.5,3755760,0.0,0.0
2023-03-14 00:00:00-04:00,8.75,9.25,8.100000381469727,8.399999618530273,4137100,0.0,0.0
2023-03-15 00:00:00-04:00,8.399999618530273,8.550000190734863,7.699999809265137,8.25,1989500,0.0,0.0
2023-03-16 00:00:00-04:00,8.25,8.75,8.050000190734863,8.600000381469727,1407640,0.0,0.0
2023-03-17 00:00:00-04:00,9.25,9.5,8.899999618530273,9.399999618530273,3380280,0.0,0.0
2023-03-20 00:00:00-04:00,10.050000190734863,10.050000190734863,9.149999618530273,9.199999809265137,3328580,0.0,0.0
2023-03-21 00:00:00-04:00,9.25,10.050000190734863,9.050000190734863,10.0,2810200,0.0,0.0
2023-03-22 00:00:00-04:00,10.0,10.350000381469727,8.75,8.75,3621600,0.0,0.0
2023-03-23 00:00:00-04:00,9.149999618530273,9.899999618530273,8.899999618530273,9.600000381469727,2780480,0.0,0.0
2023-03-24 00:00:00-04:00,9.399999618530273,9.399999618530273,8.550000190734863,8.699999809265137,2288920,0.0,0.0
2023-03-27 00:00:00-04:00,8.649999618530273,8.699999809265137,7.974999904632568,8.199999809265137,1516780,0.0,0.0
2023-03-28 00:00:00-04:00,8.100000381469727,8.199999809265137,7.699999809265137,8.050000190734863,2277020,0.0,0.0
2023-03-29 00:00:00-04:00,8.649999618530273,9.050000190734863,8.399999618530273,8.850000381469727,2196200,0.0,0.0
2023-03-30 00:00:00-04:00,8.949999809265137,9.050000190734863,8.600000381469727,8.699999809265137,1731240,0.0,0.0
2023-03-31 00:00:00-04:00,8.774999618530273,9.25,8.725000381469727,9.25,2163540,0.0,0.0
2023-04-03 00:00:00-04:00,8.949999809265137,9.350000381469727,8.725000381469727,8.949999809265137,1525140,0.0,0.0
2023-04-04 00:00:00-04:00,9.100000381469727,9.25,8.75,8.899999618530273,1221780,0.0,0.0
2023-04-05 00:00:00-04:00,8.899999618530273,9.0,8.199999809265137,8.350000381469727,1734840,0.0,0.0
2023-04-06 00:00:00-04:00,8.100000381469727,8.5,7.949999809265137,8.399999618530273,743140,0.0,0.0
2023-04-10 00:00:00-04:00,8.25,9.399999618530273,8.100000381469727,9.199999809265137,2765260,0.0,0.0
2023-04-11 00:00:00-04:00,9.649999618530273,10.199999809265137,9.550000190734863,9.899999618530273,4288400,0.0,0.0
2023-04-12 00:00:00-04:00,9.949999809265137,10.100000381469727,9.5,9.600000381469727,2856820,0.0,0.0
2023-04-13 00:00:00-04:00,9.850000381469727,11.199999809265137,9.800000190734863,10.949999809265137,4091580,0.0,0.0
2023-04-14 00:00:00-04:00,11.149999618530273,11.199999809265137,10.199999809265137,10.649999618530273,2854140,0.0,0.0
2023-04-17 00:00:00-04:00,9.800000190734863,10.145000457763672,9.550000190734863,9.899999618530273,2191100,0.0,0.0
2023-04-18 00:00:00-04:00,10.449999809265137,10.654999732971191,10.100000381469727,10.25,1608140,0.0,0.0
2023-04-19 00:00:00-04:00,9.649999618530273,9.75,9.350000381469727,9.449999809265137,1547500,0.0,0.0
2023-04-20 00:00:00-04:00,9.25,9.399999618530273,8.600000381469727,8.600000381469727,1736440,0.0,0.0
2023-04-21 00:00:00-04:00,8.600000381469727,8.850000381469727,8.324999809265137,8.449999809265137,2283420,0.0,0.0
2023-04-24 00:00:00-04:00,8.550000190734863,8.699999809265137,8.149999618530273,8.350000381469727,1534100,0.0,0.0
2023-04-25 00:00:00-04:00,8.449999809265137,8.75,8.199999809265137,8.5,1367180,0.0,0.0
2023-04-26 00:00:00-04:00,9.25,9.449999809265137,8.649999618530273,8.699999809265137,2411400,0.0,0.0
2023-04-27 00:00:00-04:00,8.800000190734863,9.149999618530273,8.600000381469727,9.100000381469727,1616580,0.0,0.0
2023-04-28 00:00:00-04:00,8.899999618530273,9.050000190734863,8.75,8.949999809265137,1012880,0.0,0.0
2023-05-01 00:00:00-04:00,8.699999809265137,8.800000190734863,8.199999809265137,8.300000190734863,1371220,0.0,0.0
2023-05-02 00:00:00-04:00,8.199999809265137,8.800000190734863,8.100000381469727,8.699999809265137,1586680,0.0,0.0
2023-05-03 00:00:00-04:00,8.5,9.149999618530273,8.449999809265137,8.75,1451720,0.0,0.0
2023-05-04 00:00:00-04:00,8.800000190734863,8.949999809265137,8.649999618530273,8.75,1502920,0.0,0.0
2023-05-05 00:00:00-04:00,8.850000381469727,9.399999618530273,8.800000190734863,9.399999618530273,1938700,0.0,0.0
2023-05-08 00:00:00-04:00,9.0,9.149999618530273,8.649999618530273,8.949999809265137,1363180,0.0,0.0
2023-05-09 00:00:00-04:00,9.050000190734863,9.050000190734863,8.649999618530273,8.899999618530273,2078940,0.0,0.0
2023-05-10 00:00:00-04:00,9.100000381469727,9.5,8.949999809265137,9.149999618530273,1846720,0.0,0.0
2023-05-11 00:00:00-04:00,8.850000381469727,8.850000381469727,8.199999809265137,8.399999618530273,1689300,0.0,0.0
2023-05-12 00:00:00-04:00,8.199999809265137,8.699999809265137,8.199999809265137,8.699999809265137,875260,0.0,0.0
2023-05-15 00:00:00-04:00,8.850000381469727,9.449999809265137,8.75,9.350000381469727,1239120,0.0,0.0
2023-05-16 00:00:00-04:00,9.199999809265137,9.399999618530273,9.050000190734863,9.25,847380,0.0,0.0
2023-05-17 00:00:00-04:00,9.149999618530273,10.350000381469727,9.149999618530273,10.149999618530273,2865340,0.0,0.0
2023-05-18 00:00:00-04:00,10.0,10.300000190734863,9.399999618530273,9.75,1755860,0.0,0.0
2023-05-19 00:00:00-04:00,9.850000381469727,9.994999885559082,9.5,9.550000190734863,841080,0.0,0.0
2023-05-22 00:00:00-04:00,9.449999809265137,9.845000267028809,9.350000381469727,9.649999618530273,682820,0.0,0.0
2023-05-23 00:00:00-04:00,9.850000381469727,10.300000190734863,9.550000190734863,9.649999618530273,1637180,0.0,0.0
2023-05-24 00:00:00-04:00,9.399999618530273,9.550000190734863,9.050000190734863,9.350000381469727,988880,0.0,0.0
2023-05-25 00:00:00-04:00,9.5,9.524999618530273,9.050000190734863,9.199999809265137,698720,0.0,0.0
2023-05-26 00:00:00-04:00,9.399999618530273,10.0,9.350000381469727,9.850000381469727,1225560,0.0,0.0
2023-05-30 00:00:00-04:00,10.449999809265137,10.899999618530273,10.199999809265137,10.399999618530273,1421140,0.0,0.0
2023-05-31 00:00:00-04:00,10.050000190734863,10.800000190734863,9.850000381469727,10.800000190734863,888520,0.0,0.0
2023-06-01 00:00:00-04:00,10.5,11.050000190734863,10.5,10.800000190734863,1093100,0.0,0.0
2023-06-02 00:00:00-04:00,11.100000381469727,11.100000381469727,10.550000190734863,10.800000190734863,1041420,0.0,0.0
2023-06-05 00:00:00-04:00,10.600000381469727,10.649999618530273,10.199999809265137,10.300000190734863,953240,0.0,0.0
2023-06-06 00:00:00-04:00,10.100000381469727,10.399999618530273,9.800000190734863,10.399999618530273,1388680,0.0,0.0
2023-06-07 00:00:00-04:00,10.399999618530273,10.524999618530273,9.800000190734863,9.850000381469727,1317820,0.0,0.0
2023-06-08 00:00:00-04:00,9.899999618530273,10.050000190734863,9.699999809265137,9.800000190734863,732820,0.0,0.0
2023-06-09 00:00:00-04:00,10.149999618530273,10.149999618530273,9.449999809265137,9.550000190734863,1088580,0.0,0.0
2023-06-12 00:00:00-04:00,9.449999809265137,10.0,9.449999809265137,10.0,862420,0.0,0.0
2023-06-13 00:00:00-04:00,10.300000190734863,10.75,10.074999809265137,10.550000190734863,1813160,0.0,0.0
2023-06-14 00:00:00-04:00,10.5,10.699999809265137,10.25,10.449999809265137,1084820,0.0,0.0
2023-06-15 00:00:00-04:00,10.100000381469727,10.399999618530273,9.850000381469727,10.350000381469727,1080600,0.0,0.0
2023-06-16 00:00:00-04:00,10.399999618530273,12.0,10.300000190734863,11.5,4059800,0.0,0.0
2023-06-20 00:00:00-04:00,12.25,13.850000381469727,12.199999809265137,12.800000190734863,6782840,0.0,0.0
2023-06-21 00:00:00-04:00,13.600000381469727,14.5,13.25,13.800000190734863,4898320,0.0,0.0
2023-06-22 00:00:00-04:00,13.850000381469727,14.199999809265137,12.975000381469727,13.949999809265137,3252380,0.0,0.0
2023-06-23 00:00:00-04:00,13.649999618530273,14.899999618530273,13.100000381469727,14.649999618530273,4006080,0.0,0.0
2023-06-26 00:00:00-04:00,14.600000381469727,14.800000190734863,13.149999618530273,13.300000190734863,3398920,0.0,0.0
2023-06-27 00:00:00-04:00,13.899999618530273,14.949999809265137,13.649999618530273,14.800000190734863,2371400,0.0,0.0
2023-06-28 00:00:00-04:00,14.149999618530273,15.699999809265137,14.100000381469727,15.300000190734863,3159180,0.0,0.0
2023-06-29 00:00:00-04:00,15.949999809265137,16.649999618530273,15.649999618530273,16.100000381469727,3201960,0.0,0.0
2023-06-30 00:00:00-04:00,16.899999618530273,17.0,15.350000381469727,16.5,3355300,0.0,0.0
2023-07-03 00:00:00-04:00,16.350000381469727,18.049999237060547,16.25,17.600000381469727,2190940,0.0,0.0
2023-07-05 00:00:00-04:00,17.149999618530273,18.600000381469727,17.0,18.299999237060547,3695920,0.0,0.0
2023-07-06 00:00:00-04:00,18.399999618530273,18.600000381469727,17.264999389648438,17.899999618530273,3144160,0.0,0.0
2023-07-07 00:00:00-04:00,17.75,19.850000381469727,17.700000762939453,19.0,4548780,0.0,0.0
2023-07-10 00:00:00-04:00,19.299999237060547,19.75,17.850000381469727,19.700000762939453,3868080,0.0,0.0
2023-07-11 00:00:00-04:00,19.600000381469727,19.75,18.399999618530273,18.75,4581740,0.0,0.0
2023-07-12 00:00:00-04:00,19.299999237060547,20.149999618530273,18.5,18.75,4248760,0.0,0.0
2023-07-13 00:00:00-04:00,19.299999237060547,22.399999618530273,19.0,22.350000381469727,5361460,0.0,0.0
2023-07-14 00:00:00-04:00,22.299999237060547,22.75,20.299999237060547,20.799999237060547,4393780,0.0,0.0
2023-07-17 00:00:00-04:00,20.875,21.55500030517578,18.850000381469727,19.149999618530273,4518260,0.0,0.0
2023-07-18 00:00:00-04:00,18.799999237060547,19.5,18.350000381469727,19.0,2411960,0.0,0.0
2023-07-19 00:00:00-04:00,19.200000762939453,20.0,18.799999237060547,19.100000381469727,2436080,0.0,0.0
2023-07-20 00:00:00-04:00,19.25,19.600000381469727,18.0,18.049999237060547,2274100,0.0,0.0
2023-07-21 00:00:00-04:00,18.299999237060547,18.600000381469727,17.149999618530273,18.149999618530273,2210840,0.0,0.0
2023-07-24 00:00:00-04:00,17.450000762939453,17.600000381469727,16.860000610351562,17.350000381469727,1676140,0.0,0.0
2023-07-25 00:00:00-04:00,17.299999237060547,18.100000381469727,17.200000762939453,17.25,2093380,0.0,0.0
2023-07-26 00:00:00-04:00,17.299999237060547,17.899999618530273,17.049999237060547,17.899999618530273,2027540,0.0,0.0
2023-07-27 00:00:00-04:00,18.25,18.299999237060547,16.350000381469727,16.5,2252440,0.0,0.0
2023-07-28 00:00:00-04:00,16.899999618530273,17.75,16.524999618530273,17.399999618530273,1932880,0.0,0.0
2023-07-31 00:00:00-04:00,17.549999237060547,18.200000762939453,17.25,17.799999237060547,2079600,0.0,0.0
2023-08-01 00:00:00-04:00,17.25,17.299999237060547,16.149999618530273,16.950000762939453,2470820,0.0,0.0
2023-08-02 00:00:00-04:00,16.950000762939453,17.389999389648438,16.149999618530273,16.350000381469727,1711140,0.0,0.0
2023-08-03 00:00:00-04:00,16.049999237060547,16.649999618530273,16.049999237060547,16.25,896460,0.0,0.0
2023-08-04 00:00:00-04:00,16.5,16.5,15.475000381469727,15.550000190734863,1364540,0.0,0.0
2023-08-07 00:00:00-04:00,15.399999618530273,15.449999809265137,14.425000190734863,15.149999618530273,1861460,0.0,0.0
2023-08-08 00:00:00-04:00,15.800000190734863,16.549999237060547,15.100000381469727,16.350000381469727,2125460,0.0,0.0
2023-08-09 00:00:00-04:00,16.649999618530273,16.75,15.25,15.300000190734863,3116960,0.0,0.0
2023-08-10 00:00:00-04:00,15.5,16.21500015258789,15.199999809265137,15.25,1913680,0.0,0.0
2023-08-11 00:00:00-04:00,15.0,15.5,14.699999809265137,14.850000381469727,1457260,0.0,0.0
2023-08-14 00:00:00-04:00,14.149999618530273,14.350000381469727,13.300000190734863,13.899999618530273,1609180,0.0,0.0
2023-08-15 00:00:00-04:00,13.949999809265137,14.350000381469727,13.125,13.175000190734863,1527200,0.0,0.0
2023-08-16 00:00:00-04:00,12.774999618530273,13.244999885559082,12.449999809265137,12.850000381469727,2414680,0.0,0.0
2023-08-17 00:00:00-04:00,12.5,12.600000381469727,12.0,12.100000381469727,1834220,0.0,0.0
2023-08-18 00:00:00-04:00,11.350000381469727,12.199999809265137,11.25,12.0,2028960,0.0,0.0
2023-08-21 00:00:00-04:00,12.0,12.199999809265137,11.699999809265137,11.949999809265137,1401220,0.0,0.0
2023-08-22 00:00:00-04:00,12.100000381469727,12.350000381469727,11.425000190734863,11.600000381469727,1062800,0.0,0.0
2023-08-23 00:00:00-04:00,11.649999618530273,12.725000381469727,11.5,12.399999618530273,1694660,0.0,0.0
2023-08-24 00:00:00-04:00,12.550000190734863,12.550000190734863,11.25,11.300000190734863,1294400,0.0,0.0
2023-08-25 00:00:00-04:00,11.350000381469727,11.600000381469727,10.850000381469727,11.350000381469727,1282660,0.0,0.0
2023-08-28 00:00:00-04:00,11.449999809265137,11.600000381469727,11.25,11.399999618530273,1277560,0.0,0.0
2023-08-29 00:00:00-04:00,11.350000381469727,13.699999809265137,11.25,13.300000190734863,2666680,0.0,0.0
2023-08-30 00:00:00-04:00,13.199999809265137,13.25,12.699999809265137,13.199999809265137,1642320,0.0,0.0
2023-08-31 00:00:00-04:00,13.149999618530273,13.300000190734863,12.050000190734863,12.149999618530273,2087540,0.0,0.0
2023-09-01 00:00:00-04:00,12.199999809265137,12.399999618530273,11.5,11.850000381469727,1764620,0.0,0.0
2023-09-05 00:00:00-04:00,11.699999809265137,11.75,11.350000381469727,11.399999618530273,1399420,0.0,0.0
2023-09-06 00:00:00-04:00,11.449999809265137,11.75,11.050000190734863,11.399999618530273,1569680,0.0,0.0
2023-09-07 00:00:00-04:00,11.25,11.600000381469727,10.949999809265137,11.449999809265137,1478420,0.0,0.0
2023-09-08 00:00:00-04:00,11.399999618530273,11.5,10.949999809265137,11.149999618530273,1274680,0.0,0.0
2023-09-11 00:00:00-04:00,11.100000381469727,11.210000038146973,10.600000381469727,10.699999809265137,1634900,0.0,0.0
2023-09-12 00:00:00-04:00,11.0,11.75,10.600000381469727,10.699999809265137,2937640,0.0,0.0
2023-09-13 00:00:00-04:00,10.800000190734863,11.050000190734863,10.350000381469727,10.5,1656520,0.0,0.0
2023-09-14 00:00:00-04:00,11.0,11.350000381469727,10.675000190734863,10.800000190734863,1707040,0.0,0.0
2023-09-15 00:00:00-04:00,10.800000190734863,10.850000381469727,10.350000381469727,10.5,1242140,0.0,0.0
2023-09-18 00:00:00-04:00,11.0,11.350000381469727,10.625,10.75,1725460,0.0,0.0
2023-09-19 00:00:00-04:00,10.850000381469727,10.949999809265137,10.199999809265137,10.449999809265137,1952200,0.0,0.0
2023-09-20 00:00:00-04:00,10.300000190734863,10.574999809265137,10.0,10.0,1472100,0.0,0.0
2023-09-21 00:00:00-04:00,9.75,10.050000190734863,9.600000381469727,9.899999618530273,1588240,0.0,0.0
2023-09-22 00:00:00-04:00,10.0,10.100000381469727,9.449999809265137,9.5,1776600,0.0,0.0
2023-09-25 00:00:00-04:00,9.399999618530273,9.850000381469727,9.300000190734863,9.600000381469727,1298000,0.0,0.0
2023-09-26 00:00:00-04:00,9.5,9.795000076293945,9.210000038146973,9.25,930620,0.0,0.0
2023-09-27 00:00:00-04:00,9.600000381469727,9.699999809265137,9.300000190734863,9.600000381469727,1313760,0.0,0.0
2023-09-28 00:00:00-04:00,9.600000381469727,10.324999809265137,9.300000190734863,9.949999809265137,1947080,0.0,0.0
2023-09-29 00:00:00-04:00,10.0,10.324999809265137,9.600000381469727,9.75,1290040,0.0,0.0
2023-10-02 00:00:00-04:00,10.5,11.149999618530273,9.850000381469727,10.0,2419300,0.0,0.0
2023-10-03 00:00:00-04:00,9.800000190734863,9.899999618530273,9.0,9.175000190734863,1810500,0.0,0.0
2023-10-04 00:00:00-04:00,9.449999809265137,9.449999809265137,8.925000190734863,9.449999809265137,1790440,0.0,0.0
2023-10-05 00:00:00-04:00,9.5,9.600000381469727,9.100000381469727,9.350000381469727,1503860,0.0,0.0
2023-10-06 00:00:00-04:00,9.149999618530273,10.149999618530273,9.149999618530273,10.149999618530273,1507140,0.0,0.0
2023-10-09 00:00:00-04:00,9.800000190734863,10.135000228881836,9.600000381469727,10.0,1228900,0.0,0.0
2023-10-10 00:00:00-04:00,9.850000381469727,10.399999618530273,9.800000190734863,10.0,1181260,0.0,0.0
2023-10-11 00:00:00-04:00,9.949999809265137,10.0,9.199999809265137,9.350000381469727,1682800,0.0,0.0
2023-10-12 00:00:00-04:00,9.350000381469727,9.399999618530273,8.899999618530273,9.050000190734863,1172880,0.0,0.0
2023-10-13 00:00:00-04:00,9.050000190734863,9.100000381469727,8.5,8.574999809265137,1319920,0.0,0.0
2023-10-16 00:00:00-04:00,9.600000381469727,9.899999618530273,8.850000381469727,9.399999618530273,2709500,0.0,0.0
2023-10-17 00:00:00-04:00,9.350000381469727,9.850000381469727,9.100000381469727,9.600000381469727,1492060,0.0,0.0
2023-10-18 00:00:00-04:00,9.5,9.600000381469727,8.850000381469727,8.949999809265137,1668060,0.0,0.0
2023-10-19 00:00:00-04:00,8.949999809265137,9.305000305175781,8.850000381469727,8.949999809265137,1744160,0.0,0.0
2023-10-20 00:00:00-04:00,9.449999809265137,9.949999809265137,9.149999618530273,9.300000190734863,1777520,0.0,0.0
2023-10-23 00:00:00-04:00,9.75,10.75,9.25,10.550000190734863,3711960,0.0,0.0
2023-10-24 00:00:00-04:00,11.949999809265137,12.0,10.949999809265137,11.449999809265137,4798060,0.0,0.0
2023-10-25 00:00:00-04:00,11.75,12.324999809265137,11.25,11.5,3612800,0.0,0.0
2023-10-26 00:00:00-04:00,11.25,11.699999809265137,10.699999809265137,11.050000190734863,2699460,0.0,0.0
2023-10-27 00:00:00-04:00,11.100000381469727,11.350000381469727,10.5,10.600000381469727,1606500,0.0,0.0
2023-10-30 00:00:00-04:00,10.899999618530273,11.5,10.300000190734863,10.699999809265137,1817920,0.0,0.0
2023-10-31 00:00:00-04:00,10.75,11.0,10.175000190734863,10.850000381469727,1264480,0.0,0.0
2023-11-01 00:00:00-04:00,11.0,11.100000381469727,10.550000190734863,11.0,1299280,0.0,0.0
2023-11-02 00:00:00-04:00,11.300000190734863,12.050000190734863,11.199999809265137,11.949999809265137,1509920,0.0,0.0
2023-11-03 00:00:00-04:00,11.699999809265137,12.170000076293945,11.550000190734863,11.800000190734863,1595140,0.0,0.0
2023-11-06 00:00:00-05:00,12.050000190734863,12.25,11.100000381469727,11.449999809265137,1382780,0.0,0.0
2023-11-07 00:00:00-05:00,11.25,11.75,10.850000381469727,11.75,1181860,0.0,0.0
2023-11-08 00:00:00-05:00,11.5,11.600000381469727,11.0,11.25,1550300,0.0,0.0
2023-11-09 00:00:00-05:00,12.100000381469727,13.0,11.0,11.199999809265137,3528200,0.0,0.0
2023-11-10 00:00:00-05:00,11.399999618530273,11.539999961853027,10.75,10.850000381469727,2404440,0.0,0.0
2023-11-13 00:00:00-05:00,10.550000190734863,10.600000381469727,9.949999809265137,10.149999618530273,1977600,0.0,0.0
2023-11-14 00:00:00-05:00,9.600000381469727,10.100000381469727,8.75,9.149999618530273,3368420,0.0,0.0
2023-11-15 00:00:00-05:00,9.5,10.25,8.850000381469727,10.0,2639940,0.0,0.0
2023-11-16 00:00:00-05:00,9.550000190734863,9.75,9.149999618530273,9.300000190734863,2389760,0.0,0.0
2023-11-17 00:00:00-05:00,9.399999618530273,9.600000381469727,9.25,9.5,1157080,0.0,0.0
2023-11-20 00:00:00-05:00,9.850000381469727,10.100000381469727,9.649999618530273,9.899999618530273,1739520,0.0,0.0
2023-11-21 00:00:00-05:00,9.600000381469727,9.699999809265137,9.199999809265137,9.5,1975920,0.0,0.0
2023-11-22 00:00:00-05:00,9.399999618530273,9.649999618530273,9.100000381469727,9.649999618530273,1824980,0.0,0.0
2023-11-24 00:00:00-05:00,9.600000381469727,9.899999618530273,9.399999618530273,9.649999618530273,1710960,0.0,0.0
2023-11-27 00:00:00-05:00,9.350000381469727,9.925000190734863,9.25,9.550000190734863,1862300,0.0,0.0
2023-11-28 00:00:00-05:00,9.649999618530273,10.449999809265137,9.5,10.149999618530273,3614300,0.0,0.0
2023-11-29 00:00:00-05:00,10.399999618530273,10.550000190734863,9.75,9.800000190734863,3340660,0.0,0.0
2023-11-30 00:00:00-05:00,9.899999618530273,9.949999809265137,9.449999809265137,9.5,2123520,0.0,0.0
2023-12-01 00:00:00-05:00,9.75,11.5,9.600000381469727,11.350000381469727,6595760,0.0,0.0
2023-12-04 00:00:00-05:00,11.90999984741211,12.020000457763672,9.899999618530273,10.510000228881836,7457300,0.0,0.2
2023-12-05 00:00:00-05:00,10.369999885559082,12.680000305175781,10.210000038146973,11.399999618530273,9337900,0.0,0.0
2023-12-06 00:00:00-05:00,11.930000305175781,12.109999656677246,10.020000457763672,10.109999656677246,9215400,0.0,0.0
2023-12-07 00:00:00-05:00,9.819999694824219,10.050000190734863,9.25,9.449999809265137,5718300,0.0,0.0
2023-12-08 00:00:00-05:00,9.510000228881836,10.369999885559082,9.399999618530273,10.25,6155100,0.0,0.0
2023-12-11 00:00:00-05:00,9.569999694824219,9.609999656677246,8.569999694824219,8.845000267028809,5529300,0.0,0.0
2023-12-12 00:00:00-05:00,8.899999618530273,9.029999732971191,8.3100004196167,8.425000190734863,3590800,0.0,0.0
2023-12-13 00:00:00-05:00,8.359999656677246,9.0,8.0,8.9399995803833,4297700,0.0,0.0
2023-12-14 00:00:00-05:00,9.130000114440918,9.84000015258789,8.779999732971191,9.609999656677246,5078600,0.0,0.0
2023-12-15 00:00:00-05:00,10.130000114440918,10.65999984741211,9.609999656677246,10.5,7456000,0.0,0.0
2023-12-18 00:00:00-05:00,10.460000038146973,12.449999809265137,10.375,12.15999984741211,8392200,0.0,0.0
2023-12-19 00:00:00-05:00,12.710000038146973,13.6850004196167,11.949999809265137,12.100000381469727,15232700,0.0,0.0
2023-12-20 00:00:00-05:00,13.170000076293945,13.300000190734863,11.890000343322754,12.149999618530273,10180500,0.0,0.0
2023-12-21 00:00:00-05:00,12.579999923706055,13.149999618530273,12.244999885559082,13.09000015258789,7362400,0.0,0.0
2023-12-22 00:00:00-05:00,13.279999732971191,15.29699993133545,12.710000038146973,14.84000015258789,12909400,0.0,0.0
2023-12-26 00:00:00-05:00,14.739999771118164,15.829999923706055,14.130000114440918,15.619999885559082,9311400,0.0,0.0
2023-12-27 00:00:00-05:00,16.049999237060547,18.420000076293945,15.850000381469727,18.125,12996700,0.0,0.0
2023-12-28 00:00:00-05:00,17.049999237060547,17.100000381469727,15.520000457763672,16.1299991607666,14097300,0.0,0.0
2023-12-29 00:00:00-05:00,16.399999618530273,16.709999084472656,12.84000015258789,13.34000015258789,18629400,0.0,0.0
2024-01-02 00:00:00-05:00,15.0600004196167,15.069999694824219,12.449999809265137,12.600000381469727,12762200,0.0,0.0
2024-01-03 00:00:00-05:00,11.699999809265137,12.859999656677246,11.532999992370605,12.329999923706055,6877500,0.0,0.0
2024-01-04 00:00:00-05:00,12.5,13.09000015258789,12.197999954223633,12.529999732971191,5789800,0.0,0.0
2024-01-05 00:00:00-05:00,12.586999893188477,12.600000381469727,11.609999656677246,11.899999618530273,5352100,0.0,0.0
2024-01-08 00:00:00-05:00,12.289999961853027,12.579999923706055,11.029999732971191,12.0,10092200,0.0,0.0
2024-01-09 00:00:00-05:00,12.010000228881836,12.279999732971191,11.5,11.729999542236328,3786400,0.0,0.0
2024-01-10 00:00:00-05:00,11.380000114440918,12.689000129699707,11.109999656677246,12.109999656677246,6125900,0.0,0.0
2024-01-11 00:00:00-05:00,13.399999618530273,13.600000381469727,11.022000312805176,11.239999771118164,9969500,0.0,0.0
2024-01-12 00:00:00-05:00,10.899999618530273,11.0,9.781000137329102,9.899999618530273,7317900,0.0,0.0
2024-01-16 00:00:00-05:00,9.640000343322754,9.800000190734863,9.15999984741211,9.619999885559082,3869300,0.0,0.0
2024-01-17 00:00:00-05:00,9.369999885559082,9.890000343322754,9.180000305175781,9.279999732971191,3688100,0.0,0.0
2024-01-18 00:00:00-05:00,9.270000457763672,9.449999809265137,6.840000152587891,7.119999885559082,19173700,0.0,0.0
2024-01-19 00:00:00-05:00,7.010000228881836,7.039999961853027,6.179999828338623,6.909999847412109,9014200,0.0,0.0
2024-01-22 00:00:00-05:00,6.650000095367432,7.159999847412109,6.320000171661377,6.71999979019165,4950300,0.0,0.0
2024-01-23 00:00:00-05:00,6.550000190734863,6.769999980926514,6.309999942779541,6.329999923706055,3998300,0.0,0.0
2024-01-24 00:00:00-05:00,6.639999866485596,6.900000095367432,6.260000228881836,6.349999904632568,4335700,0.0,0.0
2024-01-25 00:00:00-05:00,6.349999904632568,7.730000019073486,6.230000019073486,7.46999979019165,7841500,0.0,0.0
2024-01-26 00:00:00-05:00,8.079999923706055,8.449999809265137,7.75,8.449999809265137,8638000,0.0,0.0
2024-01-29 00:00:00-05:00,8.600000381469727,9.085000038146973,8.100000381469727,8.420000076293945,8348000,0.0,0.0
2024-01-30 00:00:00-05:00,8.260000228881836,8.350000381469727,7.570000171661377,7.820000171661377,5352400,0.0,0.0
2024-01-31 00:00:00-05:00,7.53000020980835,7.96999979019165,7.329999923706055,7.46999979019165,3688300,0.0,0.0
2024-02-01 00:00:00-05:00,7.400000095367432,7.760000228881836,7.176000118255615,7.46999979019165,3254100,0.0,0.0
2024-02-02 00:00:00-05:00,7.28000020980835,7.539999961853027,7.159999847412109,7.28000020980835,2131300,0.0,0.0
2024-02-05 00:00:00-05:00,7.300000190734863,7.309999942779541,6.730000019073486,6.880000114440918,2733700,0.0,0.0
2024-02-06 00:00:00-05:00,6.78000020980835,7.079999923706055,6.690000057220459,6.880000114440918,2146400,0.0,0.0
2024-02-07 00:00:00-05:00,6.599999904632568,6.875,6.340000152587891,6.769999980926514,3442800,0.0,0.0
2024-02-08 00:00:00-05:00,6.96999979019165,7.570000171661377,6.900000095367432,7.465000152587891,6152900,0.0,0.0
2024-02-09 00:00:00-05:00,8.140000343322754,8.569999694824219,7.934999942779541,8.350000381469727,7250900,0.0,0.0
2024-02-12 00:00:00-05:00,8.399999618530273,9.46500015258789,8.34000015258789,9.0600004196167,7805000,0.0,0.0
2024-02-13 00:00:00-05:00,8.380000114440918,8.869999885559082,8.140000343322754,8.529999732971191,5154700,0.0,0.0
2024-02-14 00:00:00-05:00,9.65999984741211,10.229999542236328,9.4350004196167,10.229999542236328,7833700,0.0,0.0
2024-02-15 00:00:00-05:00,10.800000190734863,10.9399995803833,9.6899995803833,9.970000267028809,8954100,0.0,0.0
2024-02-16 00:00:00-05:00,10.140000343322754,10.512999534606934,9.645999908447266,10.079999923706055,6381200,0.0,0.0
2024-02-20 00:00:00-05:00,10.029999732971191,10.27400016784668,8.92199993133545,9.430000305175781,4881700,0.0,0.0
2024-02-21 00:00:00-05:00,8.84000015258789,9.199999809265137,8.65999984741211,8.739999771118164,3082300,0.0,0.0
2024-02-22 00:00:00-05:00,8.800000190734863,8.9399995803833,8.180000305175781,8.270000457763672,5138100,0.0,0.0
2024-02-23 00:00:00-05:00,7.960000038146973,8.135000228881836,7.59499979019165,7.820000171661377,3690400,0.0,0.0
2024-02-26 00:00:00-05:00,7.789999961853027,9.329999923706055,7.699999809265137,9.220000267028809,8005600,0.0,0.0
2024-02-27 00:00:00-05:00,10.09000015258789,10.119999885559082,9.050000190734863,9.289999961853027,6866800,0.0,0.0
2024-02-28 00:00:00-05:00,9.90999984741211,9.90999984741211,8.600000381469727,8.729999542236328,8923800,0.0,0.0
2024-02-29 00:00:00-05:00,8.800000190734863,9.039999961853027,8.121000289916992,8.489999771118164,4071000,0.0,0.0
2024-03-01 00:00:00-05:00,8.460000038146973,8.944999694824219,8.109999656677246,8.920000076293945,3107200,0.0,0.0
2024-03-04 00:00:00-05:00,9.260000228881836,9.4399995803833,8.229000091552734,8.359999656677246,5487600,0.0,0.0
2024-03-05 00:00:00-05:00,8.289999961853027,8.489999771118164,7.46999979019165,7.519999980926514,4829700,0.0,0.0
2024-03-06 00:00:00-05:00,7.75,8.100000381469727,7.375,7.869999885559082,3106900,0.0,0.0
2024-03-07 00:00:00-05:00,7.869999885559082,7.920000076293945,7.449999809265137,7.71999979019165,2713500,0.0,0.0
2024-03-08 00:00:00-05:00,7.690000057220459,8.369999885559082,7.565000057220459,7.929999828338623,4026600,0.0,0.0
2024-03-11 00:00:00-04:00,8.0600004196167,8.100000381469727,7.070000171661377,7.079999923706055,5254700,0.0,0.0
2024-03-12 00:00:00-04:00,7.139999866485596,7.21999979019165,6.769999980926514,7.130000114440918,2951900,0.0,0.0
2024-03-13 00:00:00-04:00,7.159999847412109,7.760000228881836,7.050000190734863,7.730000019073486,4205200,0.0,0.0
2024-03-14 00:00:00-04:00,7.650000095367432,7.715000152587891,7.144999980926514,7.239999771118164,4364500,0.0,0.0
2024-03-15 00:00:00-04:00,7.070000171661377,7.578999996185303,6.960000038146973,7.539999961853027,5570300,0.0,0.0
2024-03-18 00:00:00-04:00,7.800000190734863,7.980000019073486,7.340000152587891,7.789999961853027,4049100,0.0,0.0
2024-03-19 00:00:00-04:00,7.590000152587891,8.0600004196167,7.230000019073486,8.050000190734863,3959400,0.0,0.0
2024-03-20 00:00:00-04:00,8.15999984741211,9.100000381469727,8.079999923706055,9.079999923706055,5307100,0.0,0.0
2024-03-21 00:00:00-04:00,9.300000190734863,9.40999984741211,8.729999542236328,8.880000114440918,4242200,0.0,0.0
2024-03-22 00:00:00-04:00,8.699999809265137,8.9399995803833,8.609999656677246,8.720000267028809,1969900,0.0,0.0
2024-03-25 00:00:00-04:00,8.8100004196167,9.581999778747559,8.8100004196167,9.399999618530273,4490800,0.0,0.0
2024-03-26 00:00:00-04:00,9.420000076293945,10.1899995803833,9.100000381469727,9.880000114440918,4514500,0.0,0.0
2024-03-27 00:00:00-04:00,10.029999732971191,10.15999984741211,9.529999732971191,9.859999656677246,3481000,0.0,0.0
2024-03-28 00:00:00-04:00,10.020000457763672,12.154999732971191,10.0,11.039999961853027,16337300,0.0,0.0
2024-04-01 00:00:00-04:00,11.029999732971191,11.6899995803833,10.50100040435791,10.819999694824219,4405700,0.0,0.0
2024-04-02 00:00:00-04:00,9.960000038146973,10.0600004196167,9.130000114440918,9.380000114440918,4562400,0.0,0.0
2024-04-03 00:00:00-04:00,9.390000343322754,9.899999618530273,9.289999961853027,9.6899995803833,2769000,0.0,0.0
2024-04-04 00:00:00-04:00,9.880000114440918,10.510000228881836,9.609000205993652,9.6899995803833,4890200,0.0,0.0
2024-04-05 00:00:00-04:00,9.229999542236328,9.359999656677246,8.680000305175781,8.979999542236328,3120800,0.0,0.0
2024-04-08 00:00:00-04:00,9.619999885559082,9.829000473022461,8.930000305175781,9.0,2956400,0.0,0.0
2024-04-09 00:00:00-04:00,8.859999656677246,8.960000038146973,8.475000381469727,8.619999885559082,2464600,0.0,0.0
2024-04-10 00:00:00-04:00,8.239999771118164,8.670000076293945,8.140000343322754,8.529999732971191,2385400,0.0,0.0
2024-04-11 00:00:00-04:00,8.600000381469727,8.609999656677246,7.949999809265137,8.109999656677246,2361500,0.0,0.0
2024-04-12 00:00:00-04:00,8.079999923706055,8.079999923706055,7.550000190734863,7.71999979019165,2455700,0.0,0.0
2024-04-15 00:00:00-04:00,7.590000152587891,7.804999828338623,7.2129998207092285,7.239999771118164,2220400,0.0,0.0
2024-04-16 00:00:00-04:00,7.039999961853027,7.335000038146973,6.949999809265137,7.239999771118164,1909900,0.0,0.0
2024-04-17 00:00:00-04:00,7.340000152587891,7.670000076293945,7.210000038146973,7.440000057220459,1996500,0.0,0.0
2024-04-18 00:00:00-04:00,7.409999847412109,8.140000343322754,7.380000114440918,7.880000114440918,2263900,0.0,0.0
2024-04-19 00:00:00-04:00,7.909999847412109,8.1899995803833,7.800000190734863,8.050000190734863,2220800,0.0,0.0
2024-04-22 00:00:00-04:00,8.3100004196167,9.380000114440918,8.15999984741211,9.220000267028809,4184900,0.0,0.0
2024-04-23 00:00:00-04:00,9.079999923706055,9.8100004196167,8.930000305175781,9.630000114440918,3920700,0.0,0.0
2024-04-24 00:00:00-04:00,9.539999961853027,9.83899974822998,8.970000267028809,8.979999542236328,3269700,0.0,0.0
2024-04-25 00:00:00-04:00,8.619999885559082,8.9350004196167,8.420000076293945,8.859999656677246,1988200,0.0,0.0
2024-04-26 00:00:00-04:00,8.869999885559082,9.081000328063965,8.682999610900879,8.8100004196167,1439100,0.0,0.0
2024-04-29 00:00:00-04:00,8.649999618530273,8.710000038146973,8.234999656677246,8.34000015258789,1589400,0.0,0.0
2024-04-30 00:00:00-04:00,8.09000015258789,8.199999809265137,7.860000133514404,7.860000133514404,2458200,0.0,0.0
2024-05-01 00:00:00-04:00,7.809999942779541,8.470000267028809,7.670000076293945,7.989999771118164,4141800,0.0,0.0
2024-05-02 00:00:00-04:00,8.229999542236328,8.350000381469727,8.0,8.15999984741211,1607900,0.0,0.0
2024-05-03 00:00:00-04:00,8.420000076293945,8.630000114440918,8.220999717712402,8.270000457763672,1644700,0.0,0.0
2024-05-06 00:00:00-04:00,8.489999771118164,9.081999778747559,8.420000076293945,8.850000381469727,2229800,0.0,0.0
2024-05-07 00:00:00-04:00,8.770000457763672,8.880000114440918,8.1899995803833,8.1899995803833,2136600,0.0,0.0
2024-05-08 00:00:00-04:00,7.949999809265137,8.220000267028809,7.775000095367432,8.1899995803833,1745800,0.0,0.0
2024-05-09 00:00:00-04:00,8.069999694824219,8.270000457763672,7.900000095367432,8.149999618530273,1806100,0.0,0.0
2024-05-10 00:00:00-04:00,8.369999885559082,8.380000114440918,7.880000114440918,7.989999771118164,1630300,0.0,0.0
2024-05-13 00:00:00-04:00,8.15999984741211,8.32800006866455,7.849999904632568,7.869999885559082,1941600,0.0,0.0
2024-05-14 00:00:00-04:00,7.690000057220459,8.09000015258789,7.670000076293945,7.789999961853027,3244300,0.0,0.0
2024-05-15 00:00:00-04:00,8.319999694824219,9.069999694824219,8.09000015258789,8.829999923706055,4472900,0.0,0.0
2024-05-16 00:00:00-04:00,8.800000190734863,9.100000381469727,8.595000267028809,8.920000076293945,3166700,0.0,0.0
2024-05-17 00:00:00-04:00,9.0,9.550000190734863,8.779999732971191,9.15999984741211,2444500,0.0,0.0
2024-05-20 00:00:00-04:00,9.149999618530273,9.949999809265137,9.135000228881836,9.949999809265137,2953700,0.0,0.0
2024-05-21 00:00:00-04:00,9.8100004196167,9.970000267028809,9.569999694824219,9.699999809265137,2656200,0.0,0.0
2024-05-22 00:00:00-04:00,9.720000267028809,10.609999656677246,9.520000457763672,9.850000381469727,4344900,0.0,0.0
2024-05-23 00:00:00-04:00,10.0,10.029999732971191,8.859999656677246,8.859999656677246,3731600,0.0,0.0
2024-05-24 00:00:00-04:00,8.920000076293945,9.460000038146973,8.779999732971191,9.279999732971191,2045900,0.0,0.0
2024-05-28 00:00:00-04:00,9.289999961853027,9.545000076293945,9.010000228881836,9.199999809265137,3173600,0.0,0.0
2024-05-29 00:00:00-04:00,9.010000228881836,9.210000038146973,8.84000015258789,8.920000076293945,2289300,0.0,0.0
2024-05-30 00:00:00-04:00,9.039999961853027,9.289999961853027,8.800000190734863,8.989999771118164,3126500,0.0,0.0
2024-05-31 00:00:00-04:00,9.039999961853027,9.180000305175781,8.529999732971191,8.6899995803833,6093900,0.0,0.0
2024-06-03 00:00:00-04:00,8.949999809265137,9.34000015258789,8.92199993133545,8.960000038146973,2611700,0.0,0.0
2024-06-04 00:00:00-04:00,8.960000038146973,9.800000190734863,8.899999618530273,9.5600004196167,4129900,0.0,0.0
2024-06-05 00:00:00-04:00,9.8100004196167,10.119999885559082,9.25,10.039999961853027,4797600,0.0,0.0
2024-06-06 00:00:00-04:00,9.970000267028809,10.829999923706055,9.949999809265137,10.470000267028809,5422000,0.0,0.0
2024-06-07 00:00:00-04:00,10.600000381469727,10.65999984741211,9.630000114440918,9.680000305175781,4309300,0.0,0.0
2024-06-10 00:00:00-04:00,9.609999656677246,10.069999694824219,9.510000228881836,9.850000381469727,3723200,0.0,0.0
2024-06-11 00:00:00-04:00,9.5,10.055000305175781,8.800000190734863,9.930000305175781,4931000,0.0,0.0
2024-06-12 00:00:00-04:00,10.239999771118164,11.75,10.229999542236328,10.930000305175781,7968100,0.0,0.0
2024-06-13 00:00:00-04:00,10.680000305175781,11.84000015258789,10.680000305175781,11.510000228881836,6971500,0.0,0.0
2024-06-14 00:00:00-04:00,11.489999771118164,11.899999618530273,11.079999923706055,11.279999732971191,4578700,0.0,0.0
2024-06-17 00:00:00-04:00,11.109999656677246,12.289999961853027,10.890000343322754,12.239999771118164,6260700,0.0,0.0
2024-06-18 00:00:00-04:00,11.850000381469727,12.279999732971191,11.5,11.960000038146973,5136200,0.0,0.0
2024-06-20 00:00:00-04:00,12.270000457763672,13.489999771118164,12.149999618530273,13.010000228881836,10437700,0.0,0.0
2024-06-21 00:00:00-04:00,12.5,12.720000267028809,11.880000114440918,12.350000381469727,9523200,0.0,0.0
2024-06-24 00:00:00-04:00,12.029999732971191,13.177000045776367,11.920000076293945,12.529999732971191,8683000,0.0,0.0
2024-06-25 00:00:00-04:00,13.0,15.039999961853027,12.960000038146973,14.619999885559082,11027000,0.0,0.0
2024-06-26 00:00:00-04:00,14.539999961853027,15.470000267028809,14.539999961853027,15.319999694824219,9373000,0.0,0.0
2024-06-27 00:00:00-04:00,15.90999984741211,17.389999389648438,15.010000228881836,15.199999809265137,12325900,0.0,0.0
2024-06-28 00:00:00-04:00,15.479999542236328,15.880000114440918,14.729999542236328,14.989999771118164,18681900,0.0,0.0
2024-07-01 00:00:00-04:00,15.300000190734863,16.469999313354492,15.152000427246094,15.25,6028200,0.0,0.0
2024-07-02 00:00:00-04:00,15.15999984741211,15.699999809265137,14.65999984741211,15.670000076293945,3999900,0.0,0.0
2024-07-03 00:00:00-04:00,15.329999923706055,16.219999313354492,15.27400016784668,16.15999984741211,4872400,0.0,0.0
2024-07-05 00:00:00-04:00,14.729999542236328,16.579999923706055,14.510000228881836,16.489999771118164,6145500,0.0,0.0
2024-07-08 00:00:00-04:00,16.729999542236328,17.670000076293945,16.649999618530273,17.479999542236328,5171100,0.0,0.0
2024-07-09 00:00:00-04:00,17.6200008392334,17.959999084472656,15.930000305175781,16.030000686645508,5722700,0.0,0.0
2024-07-10 00:00:00-04:00,16.350000381469727,16.5,15.152000427246094,15.239999771118164,5605800,0.0,0.0
2024-07-11 00:00:00-04:00,15.510000228881836,16.690000534057617,14.854999542236328,14.920000076293945,7377100,0.0,0.0
2024-07-12 00:00:00-04:00,15.050000190734863,16.975000381469727,14.520000457763672,16.959999084472656,7205500,0.0,0.0
2024-07-15 00:00:00-04:00,18.09000015258789,20.638999938964844,17.959999084472656,20.0,12564600,0.0,0.0
2024-07-16 00:00:00-04:00,19.940000534057617,21.097999572753906,19.440000534057617,20.93000030517578,7530800,0.0,0.0
2024-07-17 00:00:00-04:00,20.489999771118164,21.079999923706055,19.545000076293945,19.729999542236328,5959800,0.0,0.0
2024-07-18 00:00:00-04:00,19.950000762939453,20.1299991607666,17.93199920654297,18.1299991607666,4997400,0.0,0.0
2024-07-19 00:00:00-04:00,18.229999542236328,20.059999465942383,17.690000534057617,19.520000457763672,6752900,0.0,0.0
2024-07-22 00:00:00-04:00,19.809999465942383,20.489999771118164,18.700000762939453,20.260000228881836,5027900,0.0,0.0
2024-07-23 00:00:00-04:00,19.889999389648438,20.639999389648438,19.420000076293945,19.899999618530273,3597200,0.0,0.0
2024-07-24 00:00:00-04:00,20.09000015258789,20.90999984741211,17.809999465942383,18.020000457763672,8290600,0.0,0.0
2024-07-25 00:00:00-04:00,17.260000228881836,17.5,14.713000297546387,14.789999961853027,8402700,0.0,0.0
2024-07-26 00:00:00-04:00,16.079999923706055,16.520000457763672,15.01200008392334,15.170000076293945,4826000,0.0,0.0
2024-07-29 00:00:00-04:00,15.800000190734863,16.479999542236328,14.399999618530273,14.829999923706055,5174500,0.0,0.0
2024-07-30 00:00:00-04:00,14.890000343322754,15.0600004196167,13.859999656677246,13.970000267028809,3972100,0.0,0.0
2024-07-31 00:00:00-04:00,14.739999771118164,15.354999542236328,14.5,14.640000343322754,4700500,0.0,0.0
2024-08-01 00:00:00-04:00,14.600000381469727,15.170000076293945,13.390000343322754,13.899999618530273,3991700,0.0,0.0
2024-08-02 00:00:00-04:00,13.720000267028809,13.760000228881836,12.180000305175781,12.399999618530273,5092300,0.0,0.0
2024-08-05 00:00:00-04:00,10.050000190734863,11.755999565124512,9.569999694824219,11.59000015258789,4573700,0.0,0.0
2024-08-06 00:00:00-04:00,12.050000190734863,12.640000343322754,11.305000305175781,12.3100004196167,4402900,0.0,0.0
2024-08-07 00:00:00-04:00,12.729999542236328,12.906999588012695,11.100000381469727,11.130000114440918,5042000,0.0,0.0
2024-08-08 00:00:00-04:00,11.520000457763672,12.4399995803833,11.260000228881836,12.420000076293945,3593500,0.0,0.0
2024-08-09 00:00:00-04:00,12.25,12.369000434875488,11.710000038146973,11.970000267028809,2853400,0.0,0.0
2024-08-12 00:00:00-04:00,11.670000076293945,12.0,11.319999694824219,11.390000343322754,3396400,0.0,0.0
2024-08-13 00:00:00-04:00,11.5,11.670000076293945,10.75,10.960000038146973,3710600,0.0,0.0
2024-08-14 00:00:00-04:00,11.210000038146973,11.770000457763672,10.960000038146973,10.970000267028809,5569900,0.0,0.0
2024-08-15 00:00:00-04:00,11.1899995803833,12.199999809265137,11.119999885559082,11.649999618530273,4216400,0.0,0.0
2024-08-16 00:00:00-04:00,11.65999984741211,11.970000267028809,11.180000305175781,11.539999961853027,4038800,0.0,0.0
2024-08-19 00:00:00-04:00,11.619999885559082,12.395999908447266,11.25,12.220000267028809,4150700,0.0,0.0
2024-08-20 00:00:00-04:00,12.5,12.800000190734863,11.479999542236328,11.5600004196167,4620800,0.0,0.0
2024-08-21 00:00:00-04:00,11.760000228881836,12.210000038146973,11.380000114440918,12.1899995803833,5707900,0.0,0.0
2024-08-22 00:00:00-04:00,12.140000343322754,12.189000129699707,11.369999885559082,11.449999809265137,3423500,0.0,0.0
2024-08-23 00:00:00-04:00,11.5600004196167,12.75,11.399999618530273,12.569999694824219,4644500,0.0,0.0
2024-08-26 00:00:00-04:00,12.5,12.729999542236328,12.039999961853027,12.079999923706055,4578200,0.0,0.0
2024-08-27 00:00:00-04:00,11.899999618530273,11.899999618530273,11.039999961853027,11.239999771118164,4774700,0.0,0.0
2024-08-28 00:00:00-04:00,11.029999732971191,11.079999923706055,9.979999542236328,10.34000015258789,5430500,0.0,0.0
2024-08-29 00:00:00-04:00,10.630000114440918,10.869999885559082,10.210000038146973,10.375,3671300,0.0,0.0
2024-08-30 00:00:00-04:00,10.470000267028809,10.5,9.979999542236328,10.109999656677246,3440200,0.0,0.0
2024-09-03 00:00:00-04:00,9.918000221252441,9.918000221252441,9.050000190734863,9.09000015258789,3949600,0.0,0.0
2024-09-04 00:00:00-04:00,8.84000015258789,9.324999809265137,8.774999618530273,9.1899995803833,2863300,0.0,0.0
2024-09-05 00:00:00-04:00,9.180000305175781,9.550000190734863,9.069999694824219,9.5,4311100,0.0,0.0
2024-09-06 00:00:00-04:00,9.600000381469727,9.770000457763672,8.730999946594238,9.0,3936000,0.0,0.0
2024-09-09 00:00:00-04:00,9.270000457763672,9.984999656677246,9.199999809265137,9.970000267028809,5101500,0.0,0.0
2024-09-10 00:00:00-04:00,9.6899995803833,10.479999542236328,9.640000343322754,10.444999694824219,3695200,0.0,0.0
2024-09-11 00:00:00-04:00,10.239999771118164,10.579999923706055,9.75,10.579999923706055,4651000,0.0,0.0
2024-09-12 00:00:00-04:00,10.630000114440918,10.989999771118164,10.34000015258789,10.890000343322754,2694800,0.0,0.0
2024-09-13 00:00:00-04:00,11.039999961853027,11.430000305175781,10.800000190734863,11.239999771118164,2681000,0.0,0.0
2024-09-16 00:00:00-04:00,10.9399995803833,11.199999809265137,10.4399995803833,11.029999732971191,2659000,0.0,0.0
2024-09-17 00:00:00-04:00,11.369999885559082,11.925000190734863,11.15999984741211,11.420000076293945,3664000,0.0,0.0
2024-09-18 00:00:00-04:00,11.359999656677246,11.850000381469727,10.800000190734863,11.020000457763672,4799400,0.0,0.0
2024-09-19 00:00:00-04:00,11.869999885559082,12.0600004196167,11.380000114440918,11.430000305175781,4156300,0.0,0.0
2024-09-20 00:00:00-04:00,11.229999542236328,11.446999549865723,10.960000038146973,11.170000076293945,5830200,0.0,0.0
2024-09-23 00:00:00-04:00,11.350000381469727,11.760000228881836,11.130000114440918,11.569999694824219,4297500,0.0,0.0
2024-09-24 00:00:00-04:00,11.800000190734863,12.550000190734863,11.489999771118164,12.5,4196900,0.0,0.0
2024-09-25 00:00:00-04:00,12.479999542236328,13.130000114440918,12.4350004196167,12.529999732971191,5196100,0.0,0.0
2024-09-26 00:00:00-04:00,13.100000381469727,13.449999809265137,12.5600004196167,12.630000114440918,4822200,0.0,0.0
2024-09-27 00:00:00-04:00,12.960000038146973,13.319999694824219,12.640000343322754,13.079999923706055,4132300,0.0,0.0
2024-09-30 00:00:00-04:00,12.510000228881836,12.630000114440918,12.010000228881836,12.260000228881836,4748000,0.0,0.0
2024-10-01 00:00:00-04:00,12.270000457763672,12.369999885559082,11.300000190734863,11.555000305175781,3876100,0.0,0.0
2024-10-02 00:00:00-04:00,11.4399995803833,12.159000396728516,11.359999656677246,11.979999542236328,2556400,0.0,0.0
2024-10-03 00:00:00-04:00,11.8100004196167,12.020000457763672,11.444999694824219,11.729999542236328,2088900,0.0,0.0
2024-10-04 00:00:00-04:00,12.130000114440918,12.279999732971191,11.699999809265137,12.020000457763672,2555300,0.0,0.0
2024-10-07 00:00:00-04:00,12.0,12.475000381469727,11.539999961853027,11.720000267028809,3187900,0.0,0.0
2024-10-08 00:00:00-04:00,11.699999809265137,11.829999923706055,11.170000076293945,11.335000038146973,2844300,0.0,0.0
2024-10-09 00:00:00-04:00,11.289999961853027,11.420000076293945,10.9399995803833,10.970000267028809,2927000,0.0,0.0
2024-10-10 00:00:00-04:00,10.829999923706055,11.201000213623047,10.70199966430664,11.119999885559082,2144600,0.0,0.0
2024-10-11 00:00:00-04:00,11.119999885559082,11.829999923706055,11.109999656677246,11.720000267028809,2673200,0.0,0.0
2024-10-14 00:00:00-04:00,12.170000076293945,12.670000076293945,11.833999633789062,12.180000305175781,3634800,0.0,0.0
2024-10-15 00:00:00-04:00,12.199999809265137,12.48900032043457,11.425000190734863,11.770000457763672,5395300,0.0,0.0
2024-10-16 00:00:00-04:00,12.029999732971191,12.928000450134277,11.708000183105469,12.899999618530273,6529600,0.0,0.0
2024-10-17 00:00:00-04:00,12.8100004196167,13.364999771118164,12.539999961853027,12.670000076293945,4362600,0.0,0.0
2024-10-18 00:00:00-04:00,12.850000381469727,14.84000015258789,12.850000381469727,14.470000267028809,7036300,0.0,0.0
2024-10-21 00:00:00-04:00,14.350000381469727,15.520000457763672,13.789999961853027,15.329999923706055,7369900,0.0,0.0
2024-10-22 00:00:00-04:00,15.010000228881836,16.040000915527344,15.010000228881836,15.65999984741211,5720400,0.0,0.0
2024-10-23 00:00:00-04:00,15.449999809265137,15.8100004196167,14.619999885559082,15.109999656677246,4961100,0.0,0.0
2024-10-24 00:00:00-04:00,15.9399995803833,16.200000762939453,14.930000305175781,15.305000305175781,4593300,0.0,0.0
2024-10-25 00:00:00-04:00,15.4399995803833,15.746999740600586,14.539999961853027,14.899999618530273,5061700,0.0,0.0
2024-10-28 00:00:00-04:00,15.510000228881836,17.489999771118164,15.40999984741211,17.209999084472656,8626500,0.0,0.0
2024-10-29 00:00:00-04:00,18.010000228881836,18.3799991607666,16.81999969482422,17.18000030517578,8234800,0.0,0.0
2024-10-30 00:00:00-04:00,16.770000457763672,18.385000228881836,16.649999618530273,18.155000686645508,6647200,0.0,0.0
2024-10-31 00:00:00-04:00,18.030000686645508,18.21500015258789,15.779999732971191,15.789999961853027,7379400,0.0,0.0
2024-11-01 00:00:00-04:00,16.040000915527344,17.329999923706055,15.734999656677246,16.020000457763672,6521900,0.0,0.0
2024-11-04 00:00:00-05:00,15.510000228881836,16.200000762939453,15.137999534606934,15.5600004196167,3125300,0.0,0.0
2024-11-05 00:00:00-05:00,16.0,17.479999542236328,15.979999542236328,16.739999771118164,5721800,0.0,0.0
2024-11-06 00:00:00-05:00,19.25,19.81999969482422,18.0,18.59000015258789,11597800,0.0,0.0
2024-11-07 00:00:00-05:00,18.469999313354492,19.424999237060547,18.299999237060547,18.969999313354492,6168400,0.0,0.0
2024-11-08 00:00:00-05:00,19.110000610351562,19.959999084472656,18.905000686645508,19.584999084472656,4712400,0.0,0.0
2024-11-11 00:00:00-05:00,21.34000015258789,25.31999969482422,20.56999969482422,24.59000015258789,13684700,0.0,0.0
2024-11-12 00:00:00-05:00,23.799999237060547,24.399999618530273,22.809999465942383,23.860000610351562,8961500,0.0,0.0
2024-11-13 00:00:00-05:00,25.469999313354492,28.469999313354492,24.34000015258789,24.780000686645508,17988400,0.0,0.0
2024-11-14 00:00:00-05:00,26.100000381469727,26.450000762939453,23.1200008392334,23.139999389648438,7483100,0.0,0.0
2024-11-15 00:00:00-05:00,24.260000228881836,25.739999771118164,23.440000534057617,25.260000228881836,7458300,0.0,0.0
2024-11-18 00:00:00-05:00,25.190000534057617,25.850000381469727,24.10099983215332,25.040000915527344,8311200,0.0,0.0
2024-11-19 00:00:00-05:00,24.81999969482422,25.3799991607666,23.670000076293945,25.31999969482422,8259200,0.0,0.0
2024-11-20 00:00:00-05:00,26.148000717163086,26.489999771118164,23.892000198364258,24.459999084472656,9510800,0.0,0.0
2024-11-21 00:00:00-05:00,26.049999237060547,26.31999969482422,22.540000915527344,23.479999542236328,8789100,0.0,0.0
2024-11-22 00:00:00-05:00,23.059999465942383,26.420000076293945,22.650999069213867,25.920000076293945,8055800,0.0,0.0
2024-11-25 00:00:00-05:00,26.38800048828125,26.38800048828125,23.208999633789062,25.239999771118164,7916400,0.0,0.0
2024-11-26 00:00:00-05:00,24.139999389648438,25.920000076293945,23.940000534057617,24.420000076293945,4740800,0.0,0.0
2024-11-27 00:00:00-05:00,25.049999237060547,28.780000686645508,24.610000610351562,28.450000762939453,12367300,0.0,0.0
2024-11-29 00:00:00-05:00,28.450000762939453,30.170000076293945,27.639999389648438,28.020000457763672,6661900,0.0,0.0
2024-12-02 00:00:00-05:00,27.1200008392334,28.209999084472656,25.21299934387207,25.93000030517578,7402700,0.0,0.0
2024-12-03 00:00:00-05:00,25.163999557495117,26.06800079345703,24.709999084472656,25.059999465942383,3682900,0.0,0.0
2024-12-04 00:00:00-05:00,25.149999618530273,27.309999465942383,24.8700008392334,27.030000686645508,8411600,0.0,0.0
2024-12-05 00:00:00-05:00,28.899999618530273,31.363000869750977,27.450000762939453,27.670000076293945,10894600,0.0,0.0
2024-12-06 00:00:00-05:00,28.350000381469727,31.950000762939453,28.350000381469727,30.239999771118164,8758400,0.0,0.0
2024-12-09 00:00:00-05:00,30.549999237060547,30.700000762939453,27.1200008392334,27.200000762939453,6018300,0.0,0.0
2024-12-10 00:00:00-05:00,27.40999984741211,27.540000915527344,24.632999420166016,25.6200008392334,5391400,0.0,0.0
2024-12-11 00:00:00-05:00,27.0,27.329999923706055,25.60700035095215,26.690000534057617,6518800,0.0,0.0
2024-12-12 00:00:00-05:00,30.270000457763672,31.260000228881836,27.1200008392334,27.31999969482422,18902800,0.0,0.0
2024-12-13 00:00:00-05:00,28.100000381469727,29.739999771118164,27.299999237060547,27.329999923706055,8539000,0.0,0.0
2024-12-16 00:00:00-05:00,28.40999984741211,31.329999923706055,27.329999923706055,29.059999465942383,11078500,0.0,0.0
2024-12-17 00:00:00-05:00,30.264999389648438,30.90999984741211,28.420000076293945,29.6200008392334,9004500,0.0,0.0
2024-12-18 00:00:00-05:00,29.299999237060547,29.5,25.299999237060547,26.1299991607666,9066900,0.0,0.0
2024-12-19 00:00:00-05:00,27.149999618530273,27.579999923706055,23.6200008392334,23.799999237060547,7806800,0.0,0.0
2024-12-20 00:00:00-05:00,23.09000015258789,24.440000534057617,22.809999465942383,23.68000030517578,7353300,0.0,0.0
2024-12-23 00:00:00-05:00,23.790000915527344,23.809999465942383,21.56100082397461,21.649999618530273,5707600,0.0,0.0
2024-12-24 00:00:00-05:00,22.920000076293945,24.6299991607666,22.770000457763672,24.280000686645508,3821900,0.0,0.0
2024-12-26 00:00:00-05:00,23.829999923706055,24.600000381469727,23.299999237060547,23.889999389648438,3039500,0.0,0.0
2024-12-27 00:00:00-05:00,24.010000228881836,24.170000076293945,22.1200008392334,22.31999969482422,4649400,0.0,0.0
2024-12-30 00:00:00-05:00,21.5,22.040000915527344,20.799999237060547,21.510000228881836,4005100,0.0,0.0
2024-12-31 00:00:00-05:00,22.540000915527344,22.84000015258789,20.34000015258789,20.489999771118164,4189000,0.0,0.0
2025-01-02 00:00:00-05:00,21.100000381469727,22.15999984741211,20.729999542236328,21.889999389648438,4095100,0.0,0.0
2025-01-03 00:00:00-05:00,21.799999237060547,24.170000076293945,21.6299991607666,24.15999984741211,5321900,0.0,0.0
2025-01-06 00:00:00-05:00,24.579999923706055,27.059999465942383,24.43000030517578,26.670000076293945,7675700,0.0,0.0
2025-01-07 00:00:00-05:00,27.19499969482422,27.19499969482422,24.360000610351562,24.850000381469727,7142700,0.0,0.0
2025-01-08 00:00:00-05:00,23.81999969482422,24.309999465942383,22.540000915527344,23.5,5044100,0.0,0.0
2025-01-10 00:00:00-05:00,22.7549991607666,23.469999313354492,22.139999389648438,23.399999618530273,4352500,0.0,0.0
2025-01-13 00:00:00-05:00,22.190000534057617,22.940000534057617,21.450000762939453,22.93000030517578,3938400,0.0,0.0
2025-01-14 00:00:00-05:00,24.299999237060547,24.979999542236328,23.239999771118164,23.860000610351562,4252000,0.0,0.0
2025-01-15 00:00:00-05:00,25.43000030517578,26.756999969482422,25.030000686645508,26.260000228881836,6109200,0.0,0.0
2025-01-16 00:00:00-05:00,25.559999465942383,27.079999923706055,25.549999237060547,26.59000015258789,4974400,0.0,0.0
2025-01-17 00:00:00-05:00,27.709999084472656,29.280000686645508,26.3700008392334,26.920000076293945,10173200,0.0,0.0
2025-01-21 00:00:00-05:00,27.34000015258789,27.579999923706055,25.229999542236328,26.1200008392334,5966600,0.0,0.0
2025-01-22 00:00:00-05:00,25.559999465942383,26.399999618530273,24.719999313354492,25.860000610351562,5154000,0.0,0.0
2025-01-23 00:00:00-05:00,25.0,27.243999481201172,24.940000534057617,25.43000030517578,5368600,0.0,0.0
2025-01-24 00:00:00-05:00,26.299999237060547,27.81999969482422,25.6200008392334,26.040000915527344,6741200,0.0,0.0
2025-01-27 00:00:00-05:00,23.889999389648438,24.0,18.645000457763672,19.780000686645508,13190000,0.0,0.0
2025-01-28 00:00:00-05:00,20.3700008392334,20.3700008392334,18.850000381469727,19.610000610351562,5519600,0.0,0.0
2025-01-29 00:00:00-05:00,19.440000534057617,20.469999313354492,19.15999984741211,20.110000610351562,4211200,0.0,0.0
2025-01-30 00:00:00-05:00,20.649999618530273,21.709999084472656,20.510000228881836,21.5,4791300,0.0,0.0
2025-01-31 00:00:00-05:00,21.540000915527344,22.75,21.360000610351562,21.690000534057617,6547600,0.0,0.0
2025-02-03 00:00:00-05:00,19.04199981689453,21.93000030517578,18.700000762939453,21.639999389648438,6128800,0.0,0.0
2025-02-04 00:00:00-05:00,21.260000228881836,21.95400047302246,21.15999984741211,21.56999969482422,2866700,0.0,0.0
2025-02-05 00:00:00-05:00,21.549999237060547,22.200000762939453,20.790000915527344,20.81999969482422,3107900,0.0,0.0
2025-02-06 00:00:00-05:00,21.1200008392334,21.780000686645508,20.559999465942383,21.100000381469727,2436100,0.0,0.0
2025-02-07 00:00:00-05:00,21.739999771118164,22.850000381469727,20.670000076293945,20.8799991607666,3741600,0.0,0.0
2025-02-10 00:00:00-05:00,21.25,21.280000686645508,20.56999969482422,20.809999465942383,2342300,0.0,0.0
2025-02-11 00:00:00-05:00,20.549999237060547,21.079999923706055,20.020000457763672,20.09000015258789,3029600,0.0,0.0
2025-02-12 00:00:00-05:00,19.809999465942383,20.514999389648438,19.420000076293945,20.31999969482422,2044400,0.0,0.0
2025-02-13 00:00:00-05:00,20.229999542236328,20.559999465942383,19.68000030517578,20.469999313354492,2820700,0.0,0.0
2025-02-14 00:00:00-05:00,20.56999969482422,20.8799991607666,20.270000457763672,20.469999313354492,2232500,0.0,0.0
2025-02-18 00:00:00-05:00,20.325000762939453,20.469999313354492,19.520000457763672,19.780000686645508,2753900,0.0,0.0
2025-02-19 00:00:00-05:00,19.790000915527344,20.53499984741211,19.639999389648438,19.719999313354492,2236200,0.0,0.0
2025-02-20 00:00:00-05:00,20.1299991607666,20.1299991607666,18.940000534057617,19.530000686645508,2949900,0.0,0.0
2025-02-21 00:00:00-05:00,19.860000610351562,20.302000045776367,17.780000686645508,17.93000030517578,6375700,0.0,0.0
2025-02-24 00:00:00-05:00,17.93000030517578,17.959999084472656,16.079999923706055,16.600000381469727,5289000,0.0,0.0
2025-02-25 00:00:00-05:00,15.890000343322754,15.949999809265137,13.720000267028809,14.869999885559082,7915600,0.0,0.0
2025-02-26 00:00:00-05:00,15.039999961853027,15.569999694824219,14.414999961853027,14.9399995803833,4967900,0.0,0.0
2025-02-27 00:00:00-05:00,15.430000305175781,16.170000076293945,14.390000343322754,14.40999984741211,5393600,0.0,0.0
2025-02-28 00:00:00-05:00,14.239999771118164,15.34000015258789,13.90999984741211,14.75,6653400,0.0,0.0
2025-03-03 00:00:00-05:00,16.510000228881836,17.450000762939453,14.010000228881836,14.079999923706055,6257100,0.0,0.0
2025-03-04 00:00:00-05:00,13.420000076293945,14.5,12.899999618530273,14.020000457763672,4646100,0.0,0.0
2025-03-05 00:00:00-05:00,14.539999961853027,14.9399995803833,14.020000457763672,14.920000076293945,3717100,0.0,0.0
2025-03-06 00:00:00-05:00,14.34000015258789,14.449999809265137,13.194999694824219,13.40999984741211,4624600,0.0,0.0
2025-03-07 00:00:00-05:00,13.40999984741211,13.670000076293945,12.5600004196167,13.510000228881836,5324400,0.0,0.0
2025-03-10 00:00:00-04:00,12.729999542236328,12.9399995803833,11.0,11.479999542236328,6093600,0.0,0.0
2025-03-11 00:00:00-04:00,11.5,12.109999656677246,11.029999732971191,11.880000114440918,4188700,0.0,0.0
2025-03-12 00:00:00-04:00,12.25,12.454000473022461,11.579999923706055,12.149999618530273,3874400,0.0,0.0
2025-03-13 00:00:00-04:00,12.114999771118164,12.1899995803833,11.449999809265137,11.710000038146973,3509900,0.0,0.0
2025-03-14 00:00:00-04:00,12.109999656677246,12.71500015258789,12.0,12.619999885559082,4043100,0.0,0.0
2025-03-17 00:00:00-04:00,12.4399995803833,13.145000457763672,12.204999923706055,12.949999809265137,3194100,0.0,0.0
2025-03-18 00:00:00-04:00,12.600000381469727,12.687000274658203,12.050000190734863,12.069999694824219,3549500,0.0,0.0
2025-03-19 00:00:00-04:00,12.239999771118164,13.255000114440918,12.239999771118164,12.930000305175781,4273700,0.0,0.0
2025-03-20 00:00:00-04:00,12.539999961853027,13.449999809265137,12.531999588012695,12.920000076293945,3899800,0.0,0.0
2025-03-21 00:00:00-04:00,12.529999732971191,12.914999961853027,12.369999885559082,12.899999618530273,3336600,0.0,0.0
2025-03-24 00:00:00-04:00,13.25,14.010000228881836,13.25,13.949999809265137,4583900,0.0,0.0
2025-03-25 00:00:00-04:00,13.885000228881836,13.949999809265137,13.37399959564209,13.65999984741211,2808500,0.0,0.0
2025-03-26 00:00:00-04:00,13.5,13.739999771118164,12.789999961853027,12.930000305175781,2778900,0.0,0.0
2025-03-27 00:00:00-04:00,12.569999694824219,12.760000228881836,12.3100004196167,12.460000038146973,2452600,0.0,0.0
2025-03-28 00:00:00-04:00,12.25,12.329999923706055,11.649999618530273,11.720000267028809,2883900,0.0,0.0
2025-03-31 00:00:00-04:00,12.300000190734863,12.460000038146973,11.472000122070312,11.619999885559082,9170000,0.0,0.0
2025-04-01 00:00:00-04:00,11.869999885559082,13.34000015258789,11.149999618530273,13.319999694824219,10059000,0.0,0.0
2025-04-02 00:00:00-04:00,12.989999771118164,13.630000114440918,12.770000457763672,13.390000343322754,8258300,0.0,0.0
2025-04-03 00:00:00-04:00,11.765000343322754,12.279999732971191,11.579999923706055,11.90999984741211,5324600,0.0,0.0
2025-04-04 00:00:00-04:00,11.550000190734863,11.736000061035156,10.039999961853027,11.390000343322754,7151200,0.0,0.0
2025-04-07 00:00:00-04:00,10.130000114440918,12.510000228881836,10.100000381469727,11.430000305175781,6705900,0.0,0.0
2025-04-08 00:00:00-04:00,12.074999809265137,12.34000015258789,10.760000228881836,11.079999923706055,5466100,0.0,0.0
2025-04-09 00:00:00-04:00,10.930000305175781,13.029999732971191,10.539999961853027,12.59000015258789,9684300,0.0,0.0
2025-04-10 00:00:00-04:00,12.154999732971191,12.220000267028809,11.4399995803833,11.729999542236328,6038800,0.0,0.0
2025-04-11 00:00:00-04:00,11.819999694824219,12.329999923706055,11.600000381469727,12.15999984741211,5154800,0.0,0.0
2025-04-14 00:00:00-04:00,12.75,12.90999984741211,11.920000076293945,12.100000381469727,5700100,0.0,0.0
2025-04-15 00:00:00-04:00,12.09000015258789,12.156999588012695,11.170000076293945,11.430000305175781,4693600,0.0,0.0
2025-04-16 00:00:00-04:00,11.09000015258789,11.449999809265137,10.859999656677246,11.079999923706055,5587800,0.0,0.0
2025-04-17 00:00:00-04:00,11.050000190734863,11.25,10.609999656677246,11.1899995803833,4259700,0.0,0.0
2025-04-21 00:00:00-04:00,11.210000038146973,11.430000305175781,10.609999656677246,10.640000343322754,5057800,0.0,0.0
2025-04-22 00:00:00-04:00,10.994999885559082,11.954999923706055,10.9399995803833,11.789999961853027,8131700,0.0,0.0
2025-04-23 00:00:00-04:00,12.710000038146973,12.829999923706055,11.979999542236328,12.260000228881836,6602900,0.0,0.0
2025-04-24 00:00:00-04:00,12.229999542236328,13.074999809265137,12.0600004196167,12.899999618530273,4604500,0.0,0.0
2025-04-25 00:00:00-04:00,13.145000457763672,13.664999961853027,12.859999656677246,13.399999618530273,4774600,0.0,0.0
2025-04-28 00:00:00-04:00,13.710000038146973,13.800000190734863,12.609999656677246,13.109999656677246,4221400,0.0,0.0
2025-04-29 00:00:00-04:00,13.03499984741211,13.15999984741211,12.789999961853027,13.050000190734863,3074600,0.0,0.0
2025-04-30 00:00:00-04:00,12.369999885559082,12.470000267028809,11.859999656677246,12.3100004196167,4580000,0.0,0.0
2025-05-01 00:00:00-04:00,12.899999618530273,13.699999809265137,12.739999771118164,13.510000228881836,8090200,0.0,0.0
2025-05-02 00:00:00-04:00,13.770000457763672,14.270000457763672,13.470000267028809,13.800000190734863,5555500,0.0,0.0
2025-05-05 00:00:00-04:00,13.229999542236328,13.289999961853027,12.680000305175781,12.760000228881836,4470100,0.0,0.0
2025-05-06 00:00:00-04:00,12.319999694824219,12.829999923706055,12.229999542236328,12.760000228881836,3894100,0.0,0.0
2025-05-07 00:00:00-04:00,12.84000015258789,13.050000190734863,12.449999809265137,12.65999984741211,5087100,0.0,0.0
2025-05-08 00:00:00-04:00,13.09000015258789,14.779999732971191,12.8100004196167,14.170000076293945,10578700,0.0,0.0
2025-05-09 00:00:00-04:00,14.270000457763672,14.869999885559082,13.479999542236328,13.890000343322754,8254200,0.0,0.0
2025-05-12 00:00:00-04:00,15.199999809265137,16.309999465942383,14.970000267028809,15.520000457763672,11824300,0.0,0.0
2025-05-13 00:00:00-04:00,16.28499984741211,16.649999618530273,15.600000381469727,16.5,9637600,0.0,0.0
2025-05-14 00:00:00-04:00,16.639999389648438,16.93000030517578,16.049999237060547,16.1299991607666,7641100,0.0,0.0
2025-05-15 00:00:00-04:00,15.640000343322754,15.789999961853027,15.020000457763672,15.579999923706055,5903900,0.0,0.0
2025-05-16 00:00:00-04:00,15.550000190734863,17.450000762939453,15.529999732971191,17.1299991607666,11037600,0.0,0.0
2025-05-19 00:00:00-04:00,16.424999237060547,17.229999542236328,15.90999984741211,17.170000076293945,7205100,0.0,0.0
2025-05-20 00:00:00-04:00,17.135000228881836,17.229999542236328,16.3799991607666,16.829999923706055,8404700,0.0,0.0
2025-05-21 00:00:00-04:00,16.6200008392334,17.815000534057617,16.0049991607666,16.360000610351562,10944700,0.0,0.0
2025-05-22 00:00:00-04:00,16.90999984741211,17.450000762939453,16.56999969482422,17.079999923706055,10069500,0.0,0.0
2025-05-23 00:00:00-04:00,16.40999984741211,17.0,16.18000030517578,16.649999618530273,7186800,0.0,0.0
2025-05-27 00:00:00-04:00,17.260000228881836,17.3799991607666,16.540000915527344,16.899999618530273,6961800,0.0,0.0
2025-05-28 00:00:00-04:00,16.81999969482422,16.84000015258789,15.489999771118164,15.539999961853027,6761000,0.0,0.0
2025-05-29 00:00:00-04:00,15.84000015258789,15.930000305175781,15.3100004196167,15.380000114440918,4506000,0.0,0.0
2025-05-30 00:00:00-04:00,15.1850004196167,15.4399995803833,14.744000434875488,15.270000457763672,7494500,0.0,0.0
2025-06-02 00:00:00-04:00,15.029999732971191,15.59000015258789,14.880000114440918,15.210000038146973,5132900,0.0,0.0
2025-06-03 00:00:00-04:00,15.600000381469727,16.209999084472656,15.40999984741211,16.059999465942383,6761100,0.0,0.0
2025-06-04 00:00:00-04:00,15.949999809265137,17.1299991607666,15.819999694824219,17.010000228881836,6668200,0.0,0.0
2025-06-05 00:00:00-04:00,17.174999237060547,17.299999237060547,16.059999465942383,16.31999969482422,8786600,0.0,0.0
2025-06-06 00:00:00-04:00,16.889999389648438,18.829999923706055,16.790000915527344,18.56999969482422,11137800,0.0,0.0
2025-06-09 00:00:00-04:00,19.469999313354492,19.5,18.219999313354492,18.549999237060547,5962900,0.0,0.0
2025-06-10 00:00:00-04:00,18.780000686645508,19.010000228881836,18.15999984741211,18.530000686645508,4384100,0.0,0.0
2025-06-11 00:00:00-04:00,18.600000381469727,18.827999114990234,18.219999313354492,18.520000457763672,4598300,0.0,0.0
2025-06-12 00:00:00-04:00,17.829999923706055,18.940000534057617,17.790000915527344,18.360000610351562,4028900,0.0,0.0
2025-06-13 00:00:00-04:00,17.700000762939453,18.290000915527344,17.344999313354492,17.479999542236328,4831600,0.0,0.0
2025-06-16 00:00:00-04:00,18.0,18.60099983215332,17.584999084472656,18.459999084472656,4489900,0.0,0.0
2025-06-17 00:00:00-04:00,17.989999771118164,18.06999969482422,16.75,16.989999771118164,5327900,0.0,0.0
2025-06-18 00:00:00-04:00,16.774999618530273,17.315000534057617,16.665000915527344,17.030000686645508,5691400,0.0,0.0
2025-06-20 00:00:00-04:00,17.375,17.56999969482422,16.5049991607666,16.700000762939453,6626000,0.0,0.0
2025-06-23 00:00:00-04:00,16.139999389648438,16.530000686645508,15.260000228881836,15.890000343322754,7321400,0.0,0.0
2025-06-24 00:00:00-04:00,16.360000610351562,17.270000457763672,16.309999465942383,17.239999771118164,5097300,0.0,0.0
2025-06-25 00:00:00-04:00,17.68000030517578,18.40999984741211,17.389999389648438,17.450000762939453,6721900,0.0,0.0
2025-06-26 00:00:00-04:00,17.280000686645508,18.8799991607666,17.030000686645508,18.68000030517578,9417100,0.0,0.0
2025-06-27 00:00:00-04:00,18.59000015258789,18.59000015258789,17.420000076293945,17.65999984741211,7735000,0.0,0.0
2025-06-30 00:00:00-04:00,17.899999618530273,18.790000915527344,17.8700008392334,18.600000381469727,5177000,0.0,0.0
2025-07-01 00:00:00-04:00,18.079999923706055,19.739999771118164,18.030000686645508,18.479999542236328,6178500,0.0,0.0
2025-07-02 00:00:00-04:00,19.270000457763672,21.549999237060547,19.1299991607666,21.079999923706055,16981400,0.0,0.0
2025-07-03 00:00:00-04:00,21.149999618530273,22.329999923706055,21.100000381469727,21.899999618530273,6853600,0.0,0.0
2025-07-07 00:00:00-04:00,21.600000381469727,21.670000076293945,20.040000915527344,21.200000762939453,8725600,0.0,0.0
2025-07-08 00:00:00-04:00,21.940000534057617,22.415000915527344,20.739999771118164,20.889999389648438,5868300,0.0,0.0
2025-07-09 00:00:00-04:00,21.09000015258789,21.485000610351562,20.051000595092773,21.270000457763672,5171400,0.0,0.0
2025-07-10 00:00:00-04:00,21.18000030517578,22.368000030517578,20.899999618530273,22.06999969482422,6579600,0.0,0.0
2025-07-11 00:00:00-04:00,22.610000610351562,22.799999237060547,21.579999923706055,21.829999923706055,5592800,0.0,0.0
2025-07-14 00:00:00-04:00,22.239999771118164,23.559999465942383,21.84000015258789,22.1200008392334,6262300,0.0,0.0
2025-07-15 00:00:00-04:00,21.84000015258789,22.010000228881836,21.275999069213867,21.559999465942383,3956600,0.0,0.0
2025-07-16 00:00:00-04:00,22.18000030517578,22.770000457763672,21.940000534057617,22.239999771118164,5170000,0.0,0.0
2025-07-17 00:00:00-04:00,21.600000381469727,22.40999984741211,21.479999542236328,22.1200008392334,4202200,0.0,0.0
2025-07-18 00:00:00-04:00,22.260000228881836,22.600000381469727,20.90999984741211,21.6200008392334,5347400,0.0,0.0
2025-07-21 00:00:00-04:00,21.860000610351562,22.770000457763672,21.200000762939453,21.34000015258789,5032100,0.0,0.0
2025-07-22 00:00:00-04:00,21.760000228881836,21.760000228881836,20.3799991607666,21.399999618530273,4055000,0.0,0.0
2025-07-23 00:00:00-04:00,21.399999618530273,21.84000015258789,20.780000686645508,21.649999618530273,4046100,0.0,0.0
2025-07-24 00:00:00-04:00,21.360000610351562,21.729999542236328,21.059999465942383,21.139999389648438,3316700,0.0,0.0
2025-07-25 00:00:00-04:00,21.0,21.0,19.979999542236328,20.3799991607666,3410000,0.0,0.0
2025-07-28 00:00:00-04:00,20.780000686645508,20.93000030517578,20.125,20.329999923706055,2039900,0.0,0.0
2025-07-29 00:00:00-04:00,20.489999771118164,20.549999237060547,19.239999771118164,19.700000762939453,3411600,0.0,0.0
2025-07-30 00:00:00-04:00,19.739999771118164,20.030000686645508,19.3700008392334,19.81999969482422,3433700,0.0,0.0
2025-07-31 00:00:00-04:00,20.270000457763672,21.989999771118164,20.040000915527344,21.229999542236328,7835200,0.0,0.0
2025-08-01 00:00:00-04:00,19.854999542236328,20.280000686645508,19.100000381469727,19.780000686645508,4766500,0.0,0.0
2025-08-04 00:00:00-04:00,19.969999313354492,21.19499969482422,19.485000610351562,21.190000534057617,3189200,0.0,0.0
2025-08-05 00:00:00-04:00,21.06999969482422,21.08300018310547,19.920000076293945,20.270000457763672,3364700,0.0,0.0
2025-08-06 00:00:00-04:00,20.274999618530273,20.700000762939453,19.96500015258789,20.690000534057617,3130400,0.0,0.0
2025-08-07 00:00:00-04:00,21.15999984741211,21.709999084472656,19.1200008392334,20.020000457763672,5940400,0.0,0.0
2025-08-08 00:00:00-04:00,20.149999618530273,20.209999084472656,18.68000030517578,19.454999923706055,5391400,0.0,0.0
2025-08-11 00:00:00-04:00,19.700000762939453,21.305999755859375,19.700000762939453,20.56999969482422,6131300,0.0,0.0
2025-08-12 00:00:00-04:00,20.600000381469727,21.6200008392334,20.399999618530273,21.579999923706055,4121700,0.0,0.0
2025-08-13 00:00:00-04:00,21.90999984741211,22.479999542236328,21.674999237060547,22.360000610351562,4859000,0.0,0.0
2025-08-14 00:00:00-04:00,21.56999969482422,23.8700008392334,21.31999969482422,23.799999237060547,9120200,0.0,0.0
2025-08-15 00:00:00-04:00,23.549999237060547,23.899999618530273,22.799999237060547,23.31999969482422,4728000,0.0,0.0
2025-08-18 00:00:00-04:00,23.299999237060547,24.76799964904785,22.53499984741211,24.420000076293945,5945600,0.0,0.0
2025-08-19 00:00:00-04:00,24.350000381469727,24.43000030517578,21.5,21.979999542236328,6620900,0.0,0.0
2025-08-20 00:00:00-04:00,22.25,22.31999969482422,20.690000534057617,22.309999465942383,4290700,0.0,0.0
2025-08-21 00:00:00-04:00,22.15999984741211,22.15999984741211,21.010000228881836,21.3700008392334,4209700,0.0,0.0
2025-08-22 00:00:00-04:00,21.40999984741211,23.5,21.0,23.3700008392334,5636400,0.0,0.0
2025-08-25 00:00:00-04:00,22.579999923706055,23.6200008392334,21.889999389648438,23.450000762939453,3306900,0.0,0.0
2025-08-26 00:00:00-04:00,23.100000381469727,26.365999221801758,23.027999877929688,25.90999984741211,8850400,0.0,0.0
2025-08-27 00:00:00-04:00,26.0,27.399999618530273,25.600000381469727,26.350000381469727,6086700,0.0,0.0
2025-08-28 00:00:00-04:00,27.0,27.219999313354492,26.31399917602539,26.510000228881836,4308300,0.0,0.0
2025-08-29 00:00:00-04:00,26.40999984741211,27.079999923706055,26.049999237060547,26.729999542236328,4096700,0.0,0.0
2025-09-02 00:00:00-04:00,25.81999969482422,27.530000686645508,24.770000457763672,27.399999618530273,4428100,0.0,0.0
2025-09-03 00:00:00-04:00,27.790000915527344,28.65999984741211,26.250999450683594,27.670000076293945,11114700,0.0,0.0
2025-09-04 00:00:00-04:00,27.600000381469727,27.809999465942383,25.530000686645508,25.610000610351562,6387300,0.0,0.0
2025-09-05 00:00:00-04:00,26.389999389648438,27.15999984741211,24.20199966430664,25.3799991607666,5256800,0.0,0.0
2025-09-08 00:00:00-04:00,25.489999771118164,26.15999984741211,25.454999923706055,25.479999542236328,3877400,0.0,0.0
2025-09-09 00:00:00-04:00,26.674999237060547,29.34000015258789,26.187000274658203,29.299999237060547,9270700,0.0,0.0
2025-09-10 00:00:00-04:00,30.135000228881836,31.93000030517578,29.75200080871582,30.950000762939453,7678400,0.0,0.0
2025-09-11 00:00:00-04:00,31.1299991607666,32.220001220703125,30.65999984741211,31.959999084472656,4634000,0.0,0.0
2025-09-12 00:00:00-04:00,32.220001220703125,32.83000183105469,31.790000915527344,32.439998626708984,3817500,0.0,0.0
2025-09-15 00:00:00-04:00,33.119998931884766,34.209999084472656,32.35499954223633,34.19499969482422,4207700,0.0,0.0
2025-09-16 00:00:00-04:00,34.619998931884766,35.650001525878906,33.79999923706055,35.029998779296875,5853100,0.0,0.0
2025-09-17 00:00:00-04:00,33.9900016784668,38.36000061035156,33.90299987792969,37.790000915527344,9526100,0.0,0.0
2025-09-18 00:00:00-04:00,38.400001525878906,39.470001220703125,37.345001220703125,37.380001068115234,8937000,0.0,0.0
2025-09-19 00:00:00-04:00,37.099998474121094,37.619998931884766,35.630001068115234,36.2400016784668,9566500,0.0,0.0
2025-09-22 00:00:00-04:00,35.66999816894531,38.34000015258789,34.36000061035156,37.869998931884766,6618600,0.0,0.0
2025-09-23 00:00:00-04:00,38.15999984741211,38.9900016784668,35.08000183105469,35.41999816894531,8555100,0.0,0.0
2025-09-24 00:00:00-04:00,36.27000045776367,38.13999938964844,35.689998626708984,37.86000061035156,7194000,0.0,0.0
2025-09-25 00:00:00-04:00,35.92499923706055,36.689998626708984,33.68000030517578,34.880001068115234,8829700,0.0,0.0
2025-09-26 00:00:00-04:00,34.900001525878906,34.9900016784668,32.279998779296875,33.15999984741211,5589200,0.0,0.0
2025-09-29 00:00:00-04:00,34.06999969482422,35.529998779296875,33.930999755859375,34.845001220703125,4814400,0.0,0.0
2025-09-30 00:00:00-04:00,34.65999984741211,35.150001525878906,33.90999984741211,34.810001373291016,3053300,0.0,0.0
2025-10-01 00:00:00-04:00,35.2599983215332,37.45000076293945,34.54499816894531,36.529998779296875,5969700,0.0,0.0
2025-10-02 00:00:00-04:00,37.27000045776367,39.31999969482422,36.689998626708984,39.040000915527344,5817000,0.0,0.0
2025-10-03 00:00:00-04:00,39.75,41.63999938964844,38.9010009765625,40.099998474121094,7170600,0.0,0.0
2025-10-06 00:00:00-04:00,41.5,42.38999938964844,40.90999984741211,41.41999816894531,5503100,0.0,0.0
2025-10-07 00:00:00-04:00,42.75,43.40999984741211,38.88999938964844,41.72999954223633,5856600,0.0,0.0
2025-10-08 00:00:00-04:00,42.29999923706055,45.25,42.119998931884766,44.599998474121094,8711400,0.0,0.0
2025-10-09 00:00:00-04:00,44.0,46.59000015258789,43.599998474121094,46.36000061035156,5004600,0.0,0.0
2025-10-10 00:00:00-04:00,49.130001068115234,51.29899978637695,42.875,43.56999969482422,11113300,0.0,0.0
2025-10-13 00:00:00-04:00,45.84000015258789,49.130001068115234,43.909000396728516,49.11000061035156,6944700,0.0,0.0
2025-10-14 00:00:00-04:00,46.45000076293945,52.400001525878906,43.40999984741211,49.94499969482422,11726800,0.0,0.0
2025-10-15 00:00:00-04:00,53.07500076293945,57.290000915527344,51.98099899291992,53.90999984741211,13599500,0.0,0.0
2025-10-16 00:00:00-04:00,54.189998626708984,54.45100021362305,48.67499923706055,48.779998779296875,8061500,0.0,0.0
2025-10-17 00:00:00-04:00,46.375,48.762001037597656,45.3120002746582,48.459999084472656,7436300,0.0,0.0
2025-10-20 00:00:00-04:00,51.93000030517578,52.31999969482422,48.54999923706055,49.91999816894531,7154200,0.0,0.0
2025-10-21 00:00:00-04:00,48.86000061035156,48.91999816894531,45.619998931884766,46.91999816894531,7270900,0.0,0.0
2025-10-22 00:00:00-04:00,46.0,46.5099983215332,36.20000076293945,38.84000015258789,18572800,0.0,0.0
2025-10-23 00:00:00-04:00,39.040000915527344,41.779998779296875,38.18899917602539,40.63999938964844,6522800,0.0,0.0
2025-10-24 00:00:00-04:00,43.22999954223633,48.0,41.79999923706055,47.65999984741211,9821800,0.0,0.0
2025-10-27 00:00:00-04:00,48.650001525878906,50.5,47.7599983215332,49.79999923706055,5479700,0.0,0.0
2025-10-28 00:00:00-04:00,50.685001373291016,54.84000015258789,49.470001220703125,50.22999954223633,7101400,0.0,0.0
2025-10-29 00:00:00-04:00,51.029998779296875,53.61000061035156,48.91999816894531,51.91999816894531,6508200,0.0,0.0
2025-10-30 00:00:00-04:00,48.67499923706055,51.09000015258789,47.560001373291016,48.56999969482422,6152700,0.0,0.0
2025-10-31 00:00:00-04:00,50.58000183105469,52.77000045776367,48.36000061035156,50.65999984741211,5966500,0.0,0.0
2025-11-03 00:00:00-05:00,54.0,55.54999923706055,50.645999908447266,55.0,13903400,0.0,0.0
2025-11-04 00:00:00-05:00,50.38999938964844,53.82500076293945,45.02899932861328,48.11000061035156,13124900,0.0,0.0
2025-11-05 00:00:00-05:00,50.040000915527344,51.36199951171875,46.86000061035156,47.0,8304500,0.0,0.0
2025-11-06 00:00:00-05:00,46.40999984741211,46.47999954223633,42.380001068115234,43.369998931884766,7385200,0.0,0.0
2025-11-07 00:00:00-05:00,41.279998779296875,45.18899917602539,40.13999938964844,44.59000015258789,7305200,0.0,0.0
2025-11-10 00:00:00-05:00,46.95000076293945,48.72800064086914,44.744998931884766,47.16999816894531,9491800,0.0,0.0
2025-11-11 00:00:00-05:00,45.744998931884766,46.41999816894531,42.20000076293945,43.90999984741211,7169700,0.0,0.0
2025-11-12 00:00:00-05:00,44.91999816894531,45.75,39.86000061035156,41.72999954223633,6956200,0.0,0.0
2025-11-13 00:00:00-05:00,39.16999816894531,41.38999938964844,35.720001220703125,36.02000045776367,12287800,0.0,0.0
2025-11-14 00:00:00-05:00,33.70000076293945,39.900001525878906,33.400001525878906,36.939998626708984,10567600,0.0,0.0
2025-11-17 00:00:00-05:00,35.880001068115234,39.06999969482422,35.5,37.70000076293945,7121200,0.0,0.0
2025-11-18 00:00:00-05:00,36.70000076293945,39.869998931884766,36.41999816894531,38.66999816894531,6886100,0.0,0.0
2025-11-19 00:00:00-05:00,39.099998474121094,39.98899841308594,36.68000030517578,37.540000915527344,5577000,0.0,0.0
2025-11-20 00:00:00-05:00,40.17499923706055,41.060001373291016,33.380001068115234,33.7599983215332,10315900,0.0,0.0
2025-11-21 00:00:00-05:00,33.0099983215332,35.06999969482422,31.670000076293945,34.34000015258789,7261900,0.0,0.0
2025-11-24 00:00:00-05:00,34.904998779296875,39.43000030517578,34.84000015258789,39.2599983215332,5943600,0.0,0.0
2025-11-25 00:00:00-05:00,37.470001220703125,40.15999984741211,36.779998779296875,39.959999084472656,5113400,0.0,0.0
2025-11-26 00:00:00-05:00,40.01499938964844,42.650001525878906,39.52000045776367,42.369998931884766,3949900,0.0,0.0
2025-11-28 00:00:00-05:00,43.52000045776367,45.470001220703125,42.91999816894531,45.0,3185700,0.0,0.0
2025-12-01 00:00:00-05:00,41.79499816894531,44.22999954223633,41.33000183105469,43.56999969482422,4636100,0.0,0.0
2025-12-02 00:00:00-05:00,44.58000183105469,45.45000076293945,37.0,37.68000030517578,14390400,0.0,0.0
2025-12-03 00:00:00-05:00,37.36000061035156,40.29999923706055,36.933998107910156,40.02000045776367,4917000,0.0,0.0
2025-12-04 00:00:00-05:00,39.09000015258789,42.9900016784668,38.880001068115234,42.810001373291016,5002200,0.0,0.0
2025-12-05 00:00:00-05:00,41.869998931884766,42.72999954223633,40.95000076293945,42.43000030517578,3542100,0.0,0.0
2025-12-08 00:00:00-05:00,43.388999938964844,43.417999267578125,41.63999938964844,42.93000030517578,2733000,0.0,0.0
2025-12-09 00:00:00-05:00,42.400001525878906,46.0,41.93000030517578,44.90999984741211,4035600,0.0,0.0
2025-12-10 00:00:00-05:00,44.375,47.20000076293945,43.5,46.040000915527344,5539600,0.0,0.0
2025-12-11 00:00:00-05:00,44.29999923706055,46.849998474121094,42.79999923706055,46.75,4620500,0.0,0.0
2025-12-12 00:00:00-05:00,45.83000183105469,46.75,40.95500183105469,41.310001373291016,7796000,0.0,0.0
2025-12-15 00:00:00-05:00,40.959999084472656,41.0,34.79999923706055,35.439998626708984,8771100,0.0,0.0
2025-12-16 00:00:00-05:00,35.349998474121094,37.1150016784668,34.18000030517578,36.849998474121094,4510000,0.0,0.0
2025-12-17 00:00:00-05:00,41.93000030517578,44.70000076293945,39.77000045776367,40.15999984741211,22652500,0.0,0.0
2025-12-18 00:00:00-05:00,42.900001525878906,45.63999938964844,38.36000061035156,38.59000015258789,12025700,0.0,0.0
2025-12-19 00:00:00-05:00,40.220001220703125,44.56999969482422,40.0,44.119998931884766,11501200,0.0,0.0
2025-12-22 00:00:00-05:00,45.880001068115234,52.630001068115234,45.13999938964844,50.38999938964844,13541500,0.0,0.0
2025-12-23 00:00:00-05:00,48.150001525878906,53.880001068115234,47.90999984741211,52.470001220703125,11310600,0.0,0.0
2025-12-24 00:00:00-05:00,51.72999954223633,53.880001068115234,51.55099868774414,52.79999923706055,2419800,0.0,0.0
2025-12-26 00:00:00-05:00,52.880001068115234,53.189998626708984,48.400001525878906,49.63999938964844,4417300,0.0,0.0
2025-12-29 00:00:00-05:00,48.73500061035156,51.9900016784668,48.5099983215332,48.83000183105469,3862400,0.0,0.0
2025-12-30 00:00:00-05:00,48.83000183105469,48.9900016784668,46.220001220703125,46.279998779296875,3258200,0.0,0.0
2025-12-31 00:00:00-05:00,46.54999923706055,48.29999923706055,45.4900016784668,45.939998626708984,2741300,0.0,0.0
2026-01-02 00:00:00-05:00,47.849998474121094,52.61000061035156,46.80099868774414,51.27000045776367,6546000,0.0,0.0
2026-01-05 00:00:00-05:00,52.97999954223633,59.7599983215332,52.75,58.25,9875400,0.0,0.0
2026-01-06 00:00:00-05:00,57.630001068115234,60.41999816894531,56.27000045776367,58.349998474121094,5939100,0.0,0.0
2026-01-07 00:00:00-05:00,56.900001525878906,60.0099983215332,56.79999923706055,57.880001068115234,4329900,0.0,0.0
2026-01-08 00:00:00-05:00,58.07500076293945,59.970001220703125,56.849998474121094,57.95000076293945,4263500,0.0,0.0
2026-01-09 00:00:00-05:00,59.849998474121094,62.68000030517578,59.0,60.040000915527344,5159900,0.0,0.0
2026-01-12 00:00:00-05:00,58.959999084472656,61.77000045776367,58.72999954223633,61.09000015258789,3578700,0.0,0.0
2026-01-13 00:00:00-05:00,61.33000183105469,62.90999984741211,60.0099983215332,61.47999954223633,3959800,0.0,0.0
2026-01-14 00:00:00-05:00,61.33000183105469,62.900001525878906,57.52000045776367,58.369998931884766,5327300,0.0,0.0
2026-01-15 00:00:00-05:00,59.0,59.189998626708984,55.63999938964844,57.279998779296875,4506500,0.0,0.0
2026-01-16 00:00:00-05:00,57.150001525878906,60.619998931884766,54.650001525878906,59.650001525878906,5427900,0.0,0.0
2026-01-20 00:00:00-05:00,56.939998626708984,60.06100082397461,54.75,58.290000915527344,5003700,0.0,0.0
2026-01-21 00:00:00-05:00,59.08000183105469,62.540000915527344,55.08000183105469,58.939998626708984,5996300,0.0,0.0
2026-01-22 00:00:00-05:00,59.0099983215332,61.0,54.959999084472656,55.119998931884766,3705500,0.0,0.0
2026-01-23 00:00:00-05:00,55.040000915527344,60.689998626708984,53.2599983215332,58.220001220703125,6351500,0.0,0.0
2026-01-26 00:00:00-05:00,58.779998779296875,60.0,55.70000076293945,56.38999938964844,4753400,0.0,0.0
2026-01-27 00:00:00-05:00,60.0,62.150001525878906,56.5,61.84000015258789,5734300,0.0,0.0
2026-01-28 00:00:00-05:00,63.7400016784668,66.06999969482422,61.22999954223633,64.5999984741211,6000600,0.0,0.0
2026-01-29 00:00:00-05:00,63.560001373291016,64.58499908447266,59.34000015258789,61.529998779296875,5249900,0.0,0.0
2026-01-30 00:00:00-05:00,61.189998626708984,62.65999984741211,55.63999938964844,55.83000183105469,7467100,0.0,0.0
2026-02-02 00:00:00-05:00,54.29999923706055,57.93000030517578,53.79999923706055,56.18000030517578,4535100,0.0,0.0
2026-02-03 00:00:00-05:00,57.4900016784668,60.33000183105469,55.88999938964844,59.02000045776367,6192000,0.0,0.0
2026-02-04 00:00:00-05:00,57.68000030517578,58.189998626708984,49.20000076293945,54.16999816894531,9825600,0.0,0.0
2026-02-05 00:00:00-05:00,49.9900016784668,51.025001525878906,43.810001373291016,44.47999954223633,11391200,0.0,0.0
2026-02-06 00:00:00-05:00,48.9900016784668,53.09000015258789,46.779998779296875,53.060001373291016,6165900,0.0,0.0
2026-02-09 00:00:00-05:00,52.86000061035156,57.310001373291016,52.18000030517578,56.88999938964844,5153900,0.0,0.0
2026-02-10 00:00:00-05:00,55.90999984741211,56.84000015258789,54.63999938964844,54.900001525878906,3649200,0.0,0.0
2026-02-11 00:00:00-05:00,55.4900016784668,57.040000915527344,51.82600021362305,53.220001220703125,3961500,0.0,0.0
2026-02-12 00:00:00-05:00,53.59000015258789,54.34000015258789,49.58000183105469,50.970001220703125,3728000,0.0,0.0
2026-02-13 00:00:00-05:00,51.189998626708984,55.70000076293945,49.630001068115234,53.869998931884766,3670700,0.0,0.0
2026-02-17 00:00:00-05:00,52.5,54.52000045776367,51.150001525878906,52.939998626708984,3416000,0.0,0.0
2026-02-18 00:00:00-05:00,53.310001373291016,55.20000076293945,52.099998474121094,53.6150016784668,3542700,0.0,0.0
2026-02-19 00:00:00-05:00,52.83000183105469,54.904998779296875,51.18000030517578,54.86000061035156,2235800,0.0,0.0
2026-02-20 00:00:00-05:00,53.95000076293945,56.2599983215332,52.5,53.81999969482422,3855500,0.0,0.0
2026-02-23 00:00:00-05:00,52.470001220703125,55.650001525878906,51.900001525878906,54.029998779296875,7617800,0.0,0.0
2026-02-24 00:00:00-05:00,53.709999084472656,60.209999084472656,53.20000076293945,59.189998626708984,7128500,0.0,0.0
2026-02-25 00:00:00-05:00,59.91999816894531,61.81999969482422,54.91999816894531,55.29999923706055,6928700,0.0,0.0
2026-02-26 00:00:00-05:00,55.849998474121094,57.86000061035156,54.03499984741211,54.81999969482422,3969800,0.0,0.0
2026-02-27 00:00:00-05:00,53.11800003051758,53.970001220703125,51.72999954223633,53.22999954223633,4752700,0.0,0.0
2026-03-02 00:00:00-05:00,51.689998626708984,56.279998779296875,51.25,52.720001220703125,4022000,0.0,0.0
2026-03-03 00:00:00-05:00,50.9900016784668,51.13999938964844,47.58000183105469,47.599998474121094,4243200,0.0,0.0
2026-03-04 00:00:00-05:00,50.279998779296875,54.93000030517578,49.65999984741211,54.209999084472656,4835400,0.0,0.0
2026-03-05 00:00:00-05:00,53.5,54.095001220703125,48.599998474121094,51.36000061035156,3425700,0.0,0.0
2026-03-06 00:00:00-05:00,49.2400016784668,50.279998779296875,46.779998779296875,47.06999969482422,4175100,0.0,0.0
2026-03-09 00:00:00-04:00,46.2599983215332,49.20000076293945,44.119998931884766,48.7400016784668,3647200,0.0,0.0
2026-03-10 00:00:00-04:00,48.939998626708984,50.970001220703125,48.060001373291016,49.18000030517578,4504200,0.0,0.0
2026-03-11 00:00:00-04:00,49.20000076293945,52.63999938964844,49.1609992980957,51.119998931884766,3937200,0.0,0.0
2026-03-12 00:00:00-04:00,49.66999816894531,49.90999984741211,46.939998626708984,48.540000915527344,3681900,0.0,0.0
2026-03-13 00:00:00-04:00,50.0,51.91999816894531,47.959999084472656,48.31999969482422,2725200,0.0,0.0
2026-03-16 00:00:00-04:00,50.65999984741211,51.88999938964844,49.91999816894531,51.189998626708984,3510900,0.0,0.0
2026-03-17 00:00:00-04:00,50.849998474121094,52.74700164794922,50.790000915527344,51.790000915527344,2547700,0.0,0.0
2026-03-18 00:00:00-04:00,50.46500015258789,51.77000045776367,48.84000015258789,49.36000061035156,3790100,0.0,0.0
2026-03-19 00:00:00-04:00,48.029998779296875,50.959999084472656,46.61000061035156,50.13999938964844,3577400,0.0,0.0
2026-03-20 00:00:00-04:00,50.13999938964844,51.18000030517578,46.59000015258789,47.459999084472656,4336300,0.0,0.0
2026-03-23 00:00:00-04:00,49.470001220703125,53.44499969482422,49.25,52.939998626708984,7279600,0.0,0.0
2026-03-24 00:00:00-04:00,52.060001373291016,53.47999954223633,50.47999954223633,53.25,4242600,0.0,0.0
2026-03-25 00:00:00-04:00,55.09000015258789,56.869998931884766,54.810001373291016,55.619998931884766,4528900,0.0,0.0
2026-03-26 00:00:00-04:00,53.5,53.849998474121094,49.54999923706055,50.58000183105469,4985700,0.0,0.0
2026-03-27 00:00:00-04:00,49.720001220703125,49.9900016784668,46.654998779296875,47.404998779296875,4668600,0.0,0.0
2026-03-30 00:00:00-04:00,48.209999084472656,48.79999923706055,42.060001373291016,42.720001220703125,4810000,0.0,0.0
2026-03-31 00:00:00-04:00,44.029998779296875,47.029998779296875,43.75,46.90999984741211,4270500,0.0,0.0
2026-04-01 00:00:00-04:00,48.79999923706055,49.5,47.310001373291016,47.36000061035156,3418200,0.0,0.0
2026-04-02 00:00:00-04:00,44.900001525878906,49.900001525878906,44.209999084472656,48.11000061035156,3688900,0.0,0.0
2026-04-06 00:00:00-04:00,48.5,50.18000030517578,48.150001525878906,49.58000183105469,2074300,0.0,0.0
2026-04-07 00:00:00-04:00,49.70000076293945,52.709999084472656,48.04999923706055,52.65999984741211,4380100,0.0,0.0
2026-04-08 00:00:00-04:00,57.084999084472656,63.65999984741211,56.97999954223633,61.43000030517578,11123400,0.0,0.0
2026-04-09 00:00:00-04:00,61.060001373291016,67.08000183105469,60.54899978637695,63.41999816894531,8390100,0.0,0.0
2026-04-10 00:00:00-04:00,64.5,68.66000366210938,64.5,66.08499908447266,5824900,0.0,0.0
2026-04-13 00:00:00-04:00,64.69999694824219,71.16000366210938,63.22999954223633,69.76000213623047,5636400,0.0,0.0
2026-04-14 00:00:00-04:00,72.33000183105469,74.64800262451172,71.1500015258789,71.73999786376953,4913900,0.0,0.0
2026-04-15 00:00:00-04:00,71.66000366210938,72.31999969482422,68.31999969482422,71.08999633789062,5361600,0.0,0.0
2026-04-16 00:00:00-04:00,71.36000061035156,71.66000366210938,68.05000305175781,70.91999816894531,3454900,0.0,0.0
2026-04-17 00:00:00-04:00,73.47000122070312,76.08000183105469,72.08000183105469,74.9000015258789,6006000,0.0,0.0
2026-04-20 00:00:00-04:00,73.98999786376953,79.04000091552734,73.73999786376953,78.98999786376953,4876900,0.0,0.0
2026-04-21 00:00:00-04:00,80.12000274658203,82.19999694824219,75.80999755859375,76.58000183105469,4410500,0.0,0.0
2026-04-22 00:00:00-04:00,80.4000015258789,82.49400329589844,79.80000305175781,80.73999786376953,3965000,0.0,0.0
2026-04-23 00:00:00-04:00,80.0,83.18000030517578,77.7699966430664,78.7699966430664,4367400,0.0,0.0
2026-04-24 00:00:00-04:00,80.23999786376953,82.0999984741211,76.83000183105469,76.87000274658203,5311000,0.0,0.0
2026-04-27 00:00:00-04:00,76.87000274658203,76.88999938964844,74.12000274658203,75.70999908447266,2540400,0.0,0.0
2026-04-28 00:00:00-04:00,71.6510009765625,73.56999969482422,69.5,72.11000061035156,3867300,0.0,0.0
2026-04-29 00:00:00-04:00,72.79000091552734,72.91000366210938,69.30000305175781,71.0,2312400,0.0,0.0
2026-04-30 00:00:00-04:00,74.41000366210938,76.94000244140625,73.30000305175781,75.77999877929688,4427800,0.0,0.0
2026-05-01 00:00:00-04:00,77.0,79.0999984741211,76.09100341796875,76.9800033569336,2745600,0.0,0.0
2026-05-04 00:00:00-04:00,77.62999725341797,78.52999877929688,74.9000015258789,78.08000183105469,3035300,0.0,0.0
2026-05-05 00:00:00-04:00,79.77999877929688,80.76000213623047,77.00199890136719,80.51000213623047,3717700,0.0,0.0
2026-05-06 00:00:00-04:00,101.37999725341797,111.33000183105469,96.51000213623047,108.94000244140625,19747475,0.0,0.0
