Date,Open,High,Low,Close,Volume,Dividends,Stock Splits
2022-01-03 00:00:00-05:00,11.404498793256938,11.508914524645322,11.305884058770909,11.474109649658203,354400,0.0,0.0
2022-01-04 00:00:00-05:00,11.503108772945067,11.532112639041111,11.34648524060266,11.398693084716797,339300,0.0,0.0
2022-01-05 00:00:00-05:00,11.404498258155549,11.491510994754206,11.213069795067714,11.259476661682129,488200,0.0,0.0
2022-01-06 00:00:00-05:00,11.282682418823242,11.35519322843926,11.236275544926077,11.282682418823242,331600,0.0,0.0
2022-01-07 00:00:00-05:00,11.294283725653509,11.392898474639638,11.288482727898185,11.317487716674805,215000,0.0,0.0
2022-01-10 00:00:00-05:00,11.236272196725402,11.311682929427116,11.126055489151987,11.21886920928955,703600,0.0,0.0
2022-01-11 00:00:00-05:00,11.207268698673797,11.271078554610718,11.14925983931541,11.184065818786621,545000,0.0,0.0
2022-01-12 00:00:00-05:00,11.217919116260578,11.252939437618004,11.17706318791747,11.223755836486816,402800,0.118,0.0
2022-01-13 00:00:00-05:00,11.235425038221477,11.249432938831664,11.182895689243308,11.206242561340332,436100,0.0,0.0
2022-01-14 00:00:00-05:00,11.206248779495033,11.22959455130609,11.00780470951767,11.118699073791504,598200,0.0,0.0
2022-01-18 00:00:00-05:00,11.112857961085638,11.223752270428678,11.066164214111472,11.165386199951172,559500,0.0,0.0
2022-01-19 00:00:00-05:00,11.177065439820781,11.215586910482633,11.077843402465055,11.15955638885498,379700,0.0,0.0
2022-01-20 00:00:00-05:00,11.212079599943747,11.270445674410123,11.042819208555567,11.06616497039795,423400,0.0,0.0
2022-01-21 00:00:00-05:00,11.066167739491037,11.13037054879358,10.885233865286345,10.96111011505127,502000,0.0,0.0
2022-01-24 00:00:00-05:00,10.902744995013544,10.9085817157635,10.505856889941686,10.885234832763672,885200,0.0,0.0
2022-01-25 00:00:00-05:00,10.756827767449376,10.996127695298755,10.67219700648693,10.850213050842285,385800,0.0,0.0
2022-01-26 00:00:00-05:00,10.87355899810791,10.98445444146887,10.832703075090823,10.87355899810791,454900,0.0,0.0
2022-01-27 00:00:00-05:00,10.896906681257443,11.01947445936654,10.774337789907854,10.797684669494629,431800,0.0,0.0
2022-01-28 00:00:00-05:00,10.838540339719987,10.844377059478923,10.58173023652914,10.780174255371094,638200,0.0,0.0
2022-01-31 00:00:00-05:00,10.79768063507875,10.805851817232966,10.698458660388965,10.750988006591797,360600,0.0,0.0
2022-02-01 00:00:00-05:00,10.774339151774482,10.972783200383255,10.715974171911245,10.91441822052002,358200,0.0,0.0
2022-02-02 00:00:00-05:00,10.92025301994264,11.019475036905757,10.885233811967584,10.9902925491333,396600,0.0,0.0
2022-02-03 00:00:00-05:00,10.879398112013714,10.966947810022418,10.803522968745579,10.885234832763672,215700,0.0,0.0
2022-02-04 00:00:00-05:00,10.838540721683257,10.873559928230526,10.52920235624146,10.587567329406738,1313500,0.0,0.0
2022-02-07 00:00:00-05:00,10.605077225748552,10.710135956019995,10.464999289800119,10.645933151245117,517000,0.0,0.0
2022-02-08 00:00:00-05:00,10.645932663041819,10.704298745320555,10.616750178522665,10.634259223937988,284700,0.0,0.0
2022-02-09 00:00:00-05:00,10.669280551439785,10.739318966213315,10.529202608652195,10.605077743530273,531200,0.0,0.0
2022-02-10 00:00:00-05:00,10.5745278116921,10.739020869926868,10.51578021085702,10.545154571533203,508400,0.118,0.0
2022-02-11 00:00:00-05:00,10.515779873942199,10.586277216789089,10.433533907718536,10.45115852355957,607100,0.0,0.0
2022-02-14 00:00:00-05:00,10.457031688989282,10.48170547747369,10.304289508995474,10.316038131713867,870100,0.0,0.0
2022-02-15 00:00:00-05:00,10.31603772068497,10.368910442621255,10.239666633730971,10.274914741516113,726000,0.0,0.0
2022-02-16 00:00:00-05:00,10.269040345593712,10.368910922706622,10.192669255103697,10.263165473937988,591600,0.0,0.0
2022-02-17 00:00:00-05:00,10.263165128255592,10.321912722316904,10.157420803565818,10.169169425964355,688900,0.0,0.0
2022-02-18 00:00:00-05:00,10.192671297729882,10.274917276357835,10.128048817083679,10.204421043395996,523600,0.0,0.0
2022-02-22 00:00:00-05:00,10.133921209027614,10.157420694606921,10.039925507744671,10.06929874420166,673200,0.0,0.0
2022-02-23 00:00:00-05:00,10.063425206898192,10.139797424638335,9.963554620980746,10.004678726196289,532700,0.0,0.0
2022-02-24 00:00:00-05:00,9.887183850988144,10.14567263259728,9.863685482033132,10.098674774169922,555800,0.0,0.0
2022-02-25 00:00:00-05:00,10.07517372367312,10.374785444920368,10.063423980757424,10.169169425964355,511300,0.0,0.0
2022-02-28 00:00:00-05:00,10.180919040410972,10.333662334836113,10.139796061242116,10.274914741516113,528300,0.0,0.0
2022-03-01 00:00:00-05:00,10.263164998748685,10.327787463452399,10.216167148196114,10.274914741516113,409200,0.0,0.0
2022-03-02 00:00:00-05:00,10.321916180354897,10.48053440130541,10.317216729821077,10.41003704071045,552300,0.0,0.0
2022-03-03 00:00:00-05:00,10.43941124958689,10.48053424242825,10.310166277208307,10.363039016723633,410700,0.0,0.0
2022-03-04 00:00:00-05:00,10.38653409826165,10.407095585948582,10.222041076249152,10.298413276672363,298900,0.0,0.0
2022-03-07 00:00:00-05:00,10.280792955039205,10.280792955039205,10.092801491715575,10.13392448425293,416900,0.0,0.0
2022-03-08 00:00:00-05:00,10.122173070789131,10.210293914646027,10.028177354606134,10.128047943115234,397100,0.0,0.0
2022-03-09 00:00:00-05:00,10.163297574864464,10.192671940883256,10.034053725934244,10.063426971435547,299700,0.0,0.0
2022-03-10 00:00:00-05:00,10.038579897809282,10.09477774006065,9.423369906078252,9.772383689880371,1194700,0.118,0.0
2022-03-11 00:00:00-05:00,9.867032642293095,9.92618773882492,9.642243501130082,9.67773723602295,626500,0.0,0.0
2022-03-14 00:00:00-04:00,9.63632695114923,9.677735171400702,9.411537857942124,9.447031021118164,970600,0.0,0.0
2022-03-15 00:00:00-04:00,9.464779518052925,9.66590617307472,9.464779518052925,9.547595977783203,365600,0.0,0.0
2022-03-16 00:00:00-04:00,9.606752442878188,9.87294985603049,9.589005572571434,9.760555267333984,509600,0.0,0.0
2022-03-17 00:00:00-04:00,9.695484195497873,9.902526495273746,9.677738454107498,9.843371391296387,454600,0.0,0.0
2022-03-18 00:00:00-04:00,9.84337150224406,9.943934841652121,9.801372043637707,9.878865242004395,450600,0.0,0.0
2022-03-21 00:00:00-04:00,9.914355464204373,9.997171913774247,9.766468302378454,9.790129661560059,363000,0.0,0.0
2022-03-22 00:00:00-04:00,9.790128789660663,9.889509648583253,9.778298675268191,9.813791275024414,229300,0.0,0.0
2022-03-23 00:00:00-04:00,9.807876899376026,9.932102706734756,9.754637428835077,9.849285125732422,221000,0.0,0.0
2022-03-24 00:00:00-04:00,9.849287666810389,9.932105269179344,9.74280869825733,9.801963806152344,387400,0.0,0.0
2022-03-25 00:00:00-04:00,9.772383251047996,9.814382696639608,9.65407307842159,9.695481300354004,364900,0.0,0.0
2022-03-28 00:00:00-04:00,9.665904321342115,9.766467629587732,9.665904321342115,9.695481300354004,381000,0.0,0.0
2022-03-29 00:00:00-04:00,9.742807501662043,9.878864571597225,9.742807501662043,9.778301239013672,489300,0.0,0.0
2022-03-30 00:00:00-04:00,9.73689272976026,10.026752635350075,9.73689272976026,9.884779930114746,372500,0.0,0.0
2022-03-31 00:00:00-04:00,9.884778137496168,10.115482895447592,9.884778137496168,10.05041217803955,608200,0.0,0.0
2022-04-01 00:00:00-04:00,10.109565775512962,10.192382219371696,10.056326310663941,10.121397018432617,259300,0.0,0.0
2022-04-04 00:00:00-04:00,10.139145638181922,10.322526570723396,10.127315520187107,10.263371467590332,441900,0.0,0.0
2022-04-05 00:00:00-04:00,10.304778432311641,10.334355416091034,10.182327417754157,10.221961975097656,426300,0.0,0.0
2022-04-06 00:00:00-04:00,10.174637095311494,10.281114903125017,10.121397627259984,10.198298454284668,422300,0.0,0.0
2022-04-07 00:00:00-04:00,10.227877578118154,10.292947167967359,10.180552598897489,10.216046333312988,368200,0.0,0.0
2022-04-08 00:00:00-04:00,10.179118580753617,10.192221803883765,9.911089845441017,10.02425765991211,383200,0.118,0.0
2022-04-11 00:00:00-04:00,9.988521935745378,10.012346083610334,9.714536850959979,9.863441467285156,467500,0.0,0.0
2022-04-12 00:00:00-04:00,9.8932220289418,9.994477202807651,9.833659961482132,9.958739280700684,309100,0.0,0.0
2022-04-13 00:00:00-04:00,9.905129498371497,10.125508717377063,9.833655955378843,9.875349044799805,383200,0.0,0.0
2022-04-14 00:00:00-04:00,9.982564143173995,9.982564143173995,9.708579098778442,9.726448059082031,474300,0.0,0.0
2022-04-18 00:00:00-04:00,9.708577520179494,9.799707044411683,9.619235005292289,9.666884422302246,414400,0.0,0.0
2022-04-19 00:00:00-04:00,9.654972734888839,9.851527877470454,9.654972734888839,9.732403755187988,278100,0.0,0.0
2022-04-20 00:00:00-04:00,9.756227166044741,9.923000697517514,9.678797287606654,9.815789222717285,356400,0.0,0.0
2022-04-21 00:00:00-04:00,9.869394294684204,9.970649443384987,9.720489731068445,9.803875923156738,352500,0.0,0.0
2022-04-22 00:00:00-04:00,9.768138594315399,9.857481100228789,9.655567241353813,9.780051231384277,253500,0.0,0.0
2022-04-25 00:00:00-04:00,9.774094872737765,9.83365692178612,9.613277681122682,9.762182235717773,398400,0.0,0.0
2022-04-26 00:00:00-04:00,9.762182362934608,9.82710544030349,9.631146762161897,9.637103080749512,367300,0.0,0.0
2022-04-27 00:00:00-04:00,9.607322108753214,9.693687029778173,9.607322108753214,9.631147384643555,288700,0.0,0.0
2022-04-28 00:00:00-04:00,9.631147384643555,9.660927843454797,9.571585330969388,9.631147384643555,438600,0.0,0.0
2022-04-29 00:00:00-04:00,9.613277545216391,9.657949365384017,9.488198266429569,9.512022972106934,401100,0.0,0.0
2022-05-02 00:00:00-04:00,9.529894587359038,9.6716522873857,9.321427916050167,9.42863941192627,508900,0.0,0.0
2022-05-03 00:00:00-04:00,9.488199821684702,9.651994629061733,9.477478333155716,9.529892921447754,536400,0.0,0.0
2022-05-04 00:00:00-04:00,9.523936821662954,9.625191981730302,9.404813271003102,9.613279342651367,533200,0.0,0.0
2022-05-05 00:00:00-04:00,9.452462857445035,9.52393698909749,9.36907608650422,9.398857116699219,409700,0.0,0.0
2022-05-06 00:00:00-04:00,9.351209016123589,9.428639478354524,9.232085446547527,9.357165336608887,425900,0.0,0.0
2022-05-09 00:00:00-04:00,9.297603413065627,9.357165482797196,9.118918339922905,9.148698806762695,573200,0.0,0.0
2022-05-10 00:00:00-04:00,9.21421856697527,9.21421856697527,9.029576577776977,9.083182334899902,826000,0.0,0.0
2022-05-11 00:00:00-04:00,9.063971538443692,9.184024024077928,9.003945009398869,9.009947776794434,524800,0.118,0.0
2022-05-12 00:00:00-04:00,8.913903857386705,8.961924841238252,8.71821803334124,8.865882873535156,828500,0.0,0.0
2022-05-13 00:00:00-04:00,8.943919498631102,9.033959302449485,8.829869767407716,8.99194049835205,454100,0.0,0.0
2022-05-16 00:00:00-04:00,8.955923693086412,9.09398390348723,8.94992092590671,8.961926460266113,328900,0.0,0.0
2022-05-17 00:00:00-04:00,9.00394660569127,9.322085892138153,8.955925602924024,9.196030616760254,781600,0.0,0.0
2022-05-18 00:00:00-04:00,9.208033435550066,9.250051657454122,8.949920192527225,9.021951675415039,502700,0.0,0.0
2022-05-19 00:00:00-04:00,8.985937279667587,9.093984230510696,8.985937279667587,9.009947776794434,360400,0.0,0.0
2022-05-20 00:00:00-04:00,9.05796747009081,9.154609950439571,8.943917195777287,9.015949249267578,294600,0.0,0.0
2022-05-23 00:00:00-04:00,9.063970743273664,9.093983432707695,8.949920462585062,9.033957481384277,498900,0.0,0.0
2022-05-24 00:00:00-04:00,9.003946461586107,9.057970231948504,8.853880687226338,9.02795696258545,481700,0.0,0.0
2022-05-25 00:00:00-04:00,9.03395785861868,9.172018067637396,9.009947362595625,9.11799430847168,542900,0.0,0.0
2022-05-26 00:00:00-04:00,9.123997362376763,9.292070839821028,9.123997362376763,9.274063110351562,583900,0.0,0.0
2022-05-27 00:00:00-04:00,9.370108870949002,9.424132653568998,9.292074581881854,9.38211441040039,377000,0.0,0.0
2022-05-31 00:00:00-04:00,9.382111683927256,9.524373735859497,9.292071881574586,9.460145950317383,365300,0.0,0.0
2022-06-01 00:00:00-04:00,9.520175145274639,9.544185652896862,9.22964817478242,9.364107131958008,404700,0.0,0.0
2022-06-02 00:00:00-04:00,9.358102016776103,9.54418326110203,9.250054473325234,9.472151756286621,598600,0.0,0.0
2022-06-03 00:00:00-04:00,9.496161301001518,9.538180103918075,9.262059077054866,9.32808780670166,361900,0.0,0.0
2022-06-06 00:00:00-04:00,9.334090895480285,9.38811466361908,9.190027895413818,9.232046127319336,404400,0.0,0.0
2022-06-07 00:00:00-04:00,9.178021123240555,9.29567272918816,9.123997362376763,9.274063110351562,442200,0.0,0.0
2022-06-08 00:00:00-04:00,9.304075361957816,9.32808585612272,9.160012396968394,9.238046646118164,350500,0.0,0.0
2022-06-09 00:00:00-04:00,9.202033556842663,9.298075564168387,9.063973314425814,9.07597827911377,535900,0.0,0.0
2022-06-10 00:00:00-04:00,9.02031802324685,9.02031802324685,8.887221283199361,8.98401927947998,497100,0.118,0.0
2022-06-13 00:00:00-04:00,8.88117160371368,8.883591366034787,8.403233927808436,8.49398136138916,1413700,0.0,0.0
2022-06-14 00:00:00-04:00,8.530280409748126,8.604088350817916,8.366934342147212,8.427433013916016,1028200,0.0,0.0
2022-06-15 00:00:00-04:00,8.48188205741704,8.681526874852223,8.427433365942335,8.63312816619873,774200,0.0,0.0
2022-06-16 00:00:00-04:00,8.518179510313997,8.518179510313997,8.270136021792554,8.312484741210938,716400,0.0,0.0
2022-06-17 00:00:00-04:00,8.354834857295595,8.493980993012471,8.258036868193926,8.270136833190918,434000,0.0,0.0
2022-06-21 00:00:00-04:00,8.330635515047293,8.524230339585147,8.28828621446107,8.306435585021973,774000,0.0,0.0
2022-06-22 00:00:00-04:00,8.251988543523783,8.451633376459522,8.251988543523783,8.294337272644043,566200,0.0,0.0
2022-06-23 00:00:00-04:00,8.354836467687905,8.427434540788848,8.300387768622649,8.391135215759277,587100,0.0,0.0
2022-06-24 00:00:00-04:00,8.433483069215809,8.58170476877211,8.397184324924659,8.530281066894531,490500,0.0,0.0
2022-06-27 00:00:00-04:00,8.57867612694751,8.742021560668945,8.51817747626082,8.742021560668945,714400,0.0,0.0
2022-06-28 00:00:00-04:00,8.74202320262103,8.74202320262103,8.487929745144992,8.542378425598145,654600,0.0,0.0
2022-06-29 00:00:00-04:00,8.560527939563462,8.560527939563462,8.366933140832362,8.415331840515137,637900,0.0,0.0
2022-06-30 00:00:00-04:00,8.366933125306836,8.506079819355124,8.294335075917385,8.379033088684082,1094900,0.0,0.0
2022-07-01 00:00:00-04:00,8.385081960874231,8.63917540607872,8.385081960874231,8.621026039123535,460500,0.0,0.0
2022-07-05 00:00:00-04:00,8.65127781116119,8.766224603607037,8.575654754379988,8.73597526550293,886600,0.0,0.0
2022-07-06 00:00:00-04:00,8.760173919653813,8.7783238672389,8.66337650703237,8.748074531555176,612500,0.0,0.0
2022-07-07 00:00:00-04:00,8.784373289831642,8.850921362527437,8.645226585339273,8.802522659301758,619100,0.0,0.0
2022-07-08 00:00:00-04:00,8.782990455627441,8.831818707857973,8.728058526348423,8.782990455627441,347000,0.128,0.0
2022-07-11 00:00:00-04:00,8.81351093056509,8.892857015253087,8.63040520813929,8.70364761352539,514300,0.0,0.0
2022-07-12 00:00:00-04:00,8.764681191067666,8.91116655936314,8.758578094867737,8.831820487976074,684800,0.0,0.0
2022-07-13 00:00:00-04:00,8.789095577280264,8.844027519226074,8.709750085668334,8.844027519226074,388600,0.0,0.0
2022-07-14 00:00:00-04:00,8.746372131699825,8.777499964554252,8.618197777821003,8.72806167602539,394100,0.0,0.0
2022-07-15 00:00:00-04:00,8.81961385042001,8.904453006342754,8.746371451340732,8.86233901977539,623400,0.0,0.0
2022-07-18 00:00:00-04:00,8.935578121342077,8.96609533980415,8.77078234766945,8.819610595703125,603600,0.0,0.0
2022-07-19 00:00:00-04:00,8.905060035892442,9.008820205163952,8.850128113092394,8.874542236328125,692300,0.0,0.0
2022-07-20 00:00:00-04:00,8.935579235366141,8.990510584693501,8.79519756820857,8.959993362426758,617200,0.0,0.0
2022-07-21 00:00:00-04:00,8.978304136624935,8.978304136624935,8.850129819405568,8.947786331176758,515800,0.0,0.0
2022-07-22 00:00:00-04:00,9.002718295604604,9.082064357211921,8.911165461023165,8.990510940551758,288100,0.0,0.0
2022-07-25 00:00:00-04:00,8.972199032845209,9.22854762653324,8.966095356310106,9.075959205627441,404800,0.0,0.0
2022-07-26 00:00:00-04:00,9.112584461028367,9.210240997765949,9.033238379409363,9.143101692199707,466200,0.0,0.0
2022-07-27 00:00:00-04:00,9.228549594757363,9.30789566040039,9.155307206951203,9.30789566040039,441800,0.0,0.0
2022-07-28 00:00:00-04:00,9.381135619288688,9.393342971801758,9.228547205346949,9.393342971801758,582000,0.0,0.0
2022-07-29 00:00:00-04:00,9.393347921245436,9.497108143964349,9.307898154865477,9.42996883392334,477100,0.0,0.0
2022-08-01 00:00:00-04:00,9.448276880528384,9.680211402624087,9.387241847605576,9.558140754699707,563300,0.0,0.0
2022-08-02 00:00:00-04:00,9.619176933138942,9.619176933138942,9.503209374258978,9.594762802124023,390300,0.0,0.0
2022-08-03 00:00:00-04:00,9.613073767906295,9.649695257422527,9.436071163081968,9.466588973999023,389600,0.0,0.0
2022-08-04 00:00:00-04:00,9.515415647025295,9.524570581313917,9.362827200041767,9.45438003540039,306200,0.0,0.0
2022-08-05 00:00:00-04:00,9.43606859803235,9.472690077593597,9.338412095307248,9.411654472351074,298400,0.0,0.0
2022-08-08 00:00:00-04:00,9.411657262953838,9.515417473384339,9.40555358420408,9.436071395874023,442100,0.0,0.0
2022-08-09 00:00:00-04:00,9.472694008152775,9.47818708684657,9.350622747016,9.42996883392334,350300,0.0,0.0
2022-08-10 00:00:00-04:00,9.527209508548818,9.550596781781794,9.48412799835205,9.48412799835205,325600,0.128,0.0
2022-08-11 00:00:00-04:00,9.533364177703087,9.59490969536266,9.477973329197782,9.48412799835205,377500,0.0,0.0
2022-08-12 00:00:00-04:00,9.564136302795344,9.60106372833252,9.447200531320405,9.60106372833252,336600,0.0,0.0
2022-08-15 00:00:00-04:00,9.57029348081838,9.607220329096048,9.422584913824368,9.594911575317383,532000,0.0,0.0
2022-08-16 00:00:00-04:00,9.594909141078352,9.63183597998764,9.453354693415356,9.514900207519531,491900,0.0,0.0
2022-08-17 00:00:00-04:00,9.477973297024777,9.478588998714736,9.274873911155785,9.34872817993164,508600,0.0,0.0
2022-08-18 00:00:00-04:00,9.348725733056833,9.588752483961485,9.348725733056833,9.490280151367188,318300,0.0,0.0
2022-08-19 00:00:00-04:00,9.416427875527756,9.432429662275243,9.281028096361208,9.404118537902832,237200,0.0,0.0
2022-08-22 00:00:00-04:00,9.354881632326308,9.367190968992052,9.207173113986242,9.36103630065918,338800,0.0,0.0
2022-08-23 00:00:00-04:00,9.32411100373234,9.52105632670233,9.293338828934115,9.459510803222656,229000,0.0,0.0
2022-08-24 00:00:00-04:00,9.490281574560777,9.582599253476843,9.445968666083195,9.545672416687012,241500,0.0,0.0
2022-08-25 00:00:00-04:00,9.53952071595921,9.644147764315386,9.502593280739871,9.594911575317383,300100,0.0,0.0
2022-08-26 00:00:00-04:00,9.619525942441882,9.619525942441882,9.330263003955976,9.39180850982666,318100,0.0,0.0
2022-08-29 00:00:00-04:00,9.373345375061035,9.43304436868652,9.30256844760584,9.373345375061035,280800,0.0,0.0
2022-08-30 00:00:00-04:00,9.422583205469678,9.447201295505316,9.201019808207382,9.281028747558594,336200,0.0,0.0
2022-08-31 00:00:00-04:00,9.287182480352028,9.33641865545869,9.114855867478713,9.170246124267578,279600,0.0,0.0
2022-09-01 00:00:00-04:00,9.157938784841265,9.157938784841265,8.930221293155233,9.084084510803223,549300,0.0,0.0
2022-09-02 00:00:00-04:00,9.170245106610919,9.262563364897133,9.102545520087514,9.14562702178955,464000,0.0,0.0
2022-09-06 00:00:00-04:00,9.157937935591491,9.170246686652265,8.960993223086795,8.99238109588623,423300,0.0,0.0
2022-09-07 00:00:00-04:00,9.01638426221103,9.15793872675903,9.010230179619754,9.059466361999512,304400,0.0,0.0
2022-09-08 00:00:00-04:00,9.090239790409322,9.465665855365796,9.077930450439453,9.077930450439453,428500,0.0,0.0
2022-09-09 00:00:00-04:00,9.194644533889862,9.278457519217113,9.169810947111525,9.225686073303223,252000,0.128,0.0
2022-09-12 00:00:00-04:00,9.349853639902584,9.380895176130828,9.256727254979797,9.343645095825195,297800,0.0,0.0
2022-09-13 00:00:00-04:00,9.238104629664864,9.318813947530264,9.064269494612965,9.101519584655762,464000,0.0,0.0
2022-09-14 00:00:00-04:00,9.157393857682653,9.281561791574331,9.082893097347645,9.225686073303223,235600,0.0,0.0
2022-09-15 00:00:00-04:00,9.176020879422353,9.232517701185548,8.964935050226192,8.977352142333984,486700,0.0,0.0
2022-09-16 00:00:00-04:00,8.915266829547033,9.027018277207812,8.846974607131818,8.95251750946045,451300,0.0,0.0
2022-09-19 00:00:00-04:00,8.878015549602488,8.977349893260683,8.80351479185884,8.846973419189453,462100,0.0,0.0
2022-09-20 00:00:00-04:00,8.797308662412032,8.840767301672981,8.704182837687265,8.722807884216309,527800,0.0,0.0
2022-09-21 00:00:00-04:00,8.778682131124906,8.828349308188402,8.676243504421514,8.760056495666504,385200,0.0,0.0
2022-09-22 00:00:00-04:00,8.753851984344692,8.753851984344692,8.642100495974773,8.691767692565918,373500,0.0,0.0
2022-09-23 00:00:00-04:00,8.666933062219357,8.701079477839526,8.486889347995989,8.580015182495117,813400,0.0,0.0
2022-09-26 00:00:00-04:00,8.55517889599566,8.673138880806714,8.30684302072938,8.325468063354492,595200,0.0,0.0
2022-09-27 00:00:00-04:00,8.437222682591722,8.611057860782966,8.412389085707257,8.542765617370605,694100,0.0,0.0
2022-09-28 00:00:00-04:00,8.629680328471593,8.815932545419216,8.46826229305783,8.586221694946289,488600,0.0,0.0
2022-09-29 00:00:00-04:00,8.51172288921854,8.51172288921854,8.26338693741332,8.282011985778809,508000,0.0,0.0
2022-09-30 00:00:00-04:00,8.306847646630795,8.432257244666207,8.170262543133374,8.188887596130371,1166100,0.0,0.0
2022-10-03 00:00:00-04:00,8.337884044255135,8.654512095089629,8.263383291583528,8.362717628479004,527400,0.0,0.0
2022-10-04 00:00:00-04:00,8.486890437379095,8.807244035989266,8.46826538650447,8.716601371765137,826500,0.0,0.0
2022-10-05 00:00:00-04:00,8.673139017512302,8.840765587939305,8.474469722088433,8.74143123626709,392600,0.0,0.0
2022-10-06 00:00:00-04:00,8.77868563016928,8.840769330204497,8.568220246989153,8.660725593566895,313500,0.0,0.0
2022-10-07 00:00:00-04:00,8.592430778608763,8.673140097411476,8.257177003932618,8.344094276428223,455100,0.0,0.0
2022-10-10 00:00:00-04:00,8.275804228748084,8.30063782629855,8.207511983504222,8.232345581054688,496500,0.0,0.0
2022-10-11 00:00:00-04:00,8.250970300007598,8.517931907019138,8.19509455974196,8.375138282775879,395400,0.0,0.0
2022-10-12 00:00:00-04:00,8.367615548417394,8.480436921397976,8.317472583147957,8.323740005493164,176100,0.128,0.0
2022-10-13 00:00:00-04:00,8.192114107555488,8.417758036220421,8.160775204353147,8.330007553100586,348500,0.0,0.0
2022-10-14 00:00:00-04:00,8.398954085900433,8.40522210572268,8.13570323087881,8.16704273223877,508900,0.0,0.0
2022-10-17 00:00:00-04:00,8.267329700476886,8.330008711097419,8.07302584350565,8.104365348815918,547200,0.0,0.0
2022-10-18 00:00:00-04:00,8.19211382131924,8.311203801231619,8.141970860645996,8.267328262329102,396700,0.0,0.0
2022-10-19 00:00:00-04:00,8.173310752061015,8.336275680931786,8.123167788985588,8.16704273223877,474300,0.0,0.0
2022-10-20 00:00:00-04:00,8.148241387036872,8.267330805836783,8.073026922886703,8.123169898986816,476900,0.0,0.0
2022-10-21 00:00:00-04:00,8.141971125453871,8.23598962808747,8.029149759145318,8.160775184631348,534100,0.0,0.0
2022-10-24 00:00:00-04:00,8.248523861257777,8.298666816215178,8.148237951342974,8.279863357543945,558300,0.0,0.0
2022-10-25 00:00:00-04:00,8.367615422400018,8.461633331426464,8.292400377877316,8.317472457885742,556000,0.0,0.0
2022-10-26 00:00:00-04:00,8.292402060979722,8.430295540257758,8.254795128836609,8.3488130569458,524200,0.0,0.0
2022-10-27 00:00:00-04:00,8.424026356237395,8.467901901350213,8.3293813999638,8.40522289276123,288000,0.0,0.0
2022-10-28 00:00:00-04:00,8.411490366912187,8.442829869171431,8.267328895620178,8.317472457885742,752100,0.0,0.0
2022-10-31 00:00:00-04:00,8.336275920140773,8.43029382916722,8.188980438847711,8.317472457885742,1356500,0.0,0.0
2022-11-01 00:00:00-04:00,8.430294384729411,8.430294384729411,8.229722513454481,8.41775894165039,506900,0.0,0.0
2022-11-02 00:00:00-04:00,8.449097170122041,8.71234802891825,8.37388272443045,8.467901229858398,784600,0.0,0.0
2022-11-03 00:00:00-04:00,8.39895488040487,8.486705372963316,8.33627646950712,8.41775894165039,454900,0.0,0.0
2022-11-04 00:00:00-04:00,8.467904305587835,8.54311877859898,8.411493301391602,8.411493301391602,370800,0.0,0.0
2022-11-07 00:00:00-05:00,8.461635749713897,8.586993196826034,8.398956727282101,8.546252250671387,463800,0.0,0.0
2022-11-08 00:00:00-05:00,8.593259273379399,8.83143866785196,8.565053779445062,8.674741744995117,547700,0.0,0.0
2022-11-09 00:00:00-05:00,8.693546769058438,8.77502925530213,8.599528837566487,8.687278747558594,311800,0.0,0.0
2022-11-10 00:00:00-05:00,8.888451120970462,9.021303437634641,8.793556264311505,9.002324104309082,551800,0.128,0.0
2022-11-11 00:00:00-05:00,9.014980262537488,9.109874550287563,8.869475607544283,9.059264183044434,549100,0.0,0.0
2022-11-14 00:00:00-05:00,9.014981724052927,9.039021742889274,8.888455785432626,8.945392608642578,419200,0.0,0.0
2022-11-15 00:00:00-05:00,9.027633647093664,9.08773308438718,8.831518010865896,8.863149642944336,418000,0.0,0.0
2022-11-16 00:00:00-05:00,8.88845116426391,9.109871290900728,8.858084713453465,9.084566116333008,319000,0.0,0.0
2022-11-17 00:00:00-05:00,8.97702152678279,9.065589964621418,8.806211700700656,8.812538146972656,379900,0.0,0.0
2022-11-18 00:00:00-05:00,8.825189360539966,9.052936571988127,8.812537072861208,8.818862915039062,371600,0.0,0.0
2022-11-21 00:00:00-05:00,8.84417016173263,8.904270201398182,8.565813131158766,8.603771209716797,520400,0.0,0.0
2022-11-22 00:00:00-05:00,8.660705822455446,8.85049497353462,8.635400642533096,8.749274253845215,477000,0.0,0.0
2022-11-23 00:00:00-05:00,8.812539618325944,9.154159930850716,8.660707899063539,9.046612739562988,804400,0.0,0.0
2022-11-25 00:00:00-05:00,9.052935789590974,9.261703646493723,8.995998991649678,9.103546142578125,261000,0.0,0.0
2022-11-28 00:00:00-05:00,9.090892753031222,9.21109278726172,9.021303672329278,9.135176658630371,826300,0.0,0.0
2022-11-29 00:00:00-05:00,9.078240467141306,9.179461167552486,9.021303672329278,9.135176658630371,503300,0.0,0.0
2022-11-30 00:00:00-05:00,9.135177978005414,9.381903923384009,9.09089406601043,9.34394645690918,627700,0.0,0.0
2022-12-01 00:00:00-05:00,9.476796912260452,9.495776246256174,9.362923924900981,9.426186561584473,471300,0.0,0.0
2022-12-02 00:00:00-05:00,9.419860720242202,9.527407866259404,9.375576210908491,9.426186561584473,378800,0.0,0.0
2022-12-05 00:00:00-05:00,9.42618897766866,9.438841870242282,9.324968250372196,9.39455795288086,465400,0.0,0.0
2022-12-06 00:00:00-05:00,9.653935721463093,9.755156443559606,9.43884138534645,9.508430480957031,1264400,0.0,0.0
2022-12-07 00:00:00-05:00,9.540062333327604,9.761483120648737,9.527410044427512,9.723525047302246,903600,0.0,0.0
2022-12-08 00:00:00-05:00,9.710872035444213,9.793746301373135,9.596998427205543,9.729850769042969,834300,0.0,0.0
2022-12-09 00:00:00-05:00,9.728575359668037,9.81788709018573,9.537193427636634,9.549952507019043,659600,0.128,0.0
2022-12-12 00:00:00-05:00,9.63288715500852,9.785992496333295,9.63288715500852,9.773233413696289,1340500,0.0,0.0
2022-12-13 00:00:00-05:00,9.945475018444403,10.028407210741555,9.696678441552944,9.779610633850098,1937500,0.0,0.0
2022-12-14 00:00:00-05:00,9.629883049884045,9.827244589983193,9.52099401383346,9.595855712890625,1181400,0.96,0.0
2022-12-15 00:00:00-05:00,9.520998001098633,9.61627627205907,9.173913566560739,9.520998001098633,1472400,0.0,0.0
2022-12-16 00:00:00-05:00,9.412110512714781,9.440693804132414,9.065026019422943,9.105859756469727,1309400,0.0,0.0
2022-12-19 00:00:00-05:00,9.119469189111323,9.119469189111323,8.792801938303457,8.84044075012207,1408200,0.0,0.0
2022-12-20 00:00:00-05:00,8.806411598786102,8.908495588100106,8.677105991157758,8.72474479675293,1698700,0.0,0.0
2022-12-21 00:00:00-05:00,8.785997580920423,8.969748424979075,8.683914211352441,8.697525024414062,1289000,0.0,0.0
2022-12-22 00:00:00-05:00,8.738357675051219,8.847246762124854,8.683913131514402,8.820024490356445,1089900,0.0,0.0
2022-12-23 00:00:00-05:00,8.75877540210897,9.010581612305936,8.704330851203151,8.983359336853027,1385600,0.0,0.0
2022-12-27 00:00:00-05:00,8.908498569633942,9.003776212712209,8.758775724614894,8.996971130371094,1672200,0.0,0.0
2022-12-28 00:00:00-05:00,8.915301317193716,9.04460692482206,8.697522529408538,8.72474479675293,1375700,0.0,0.0
2022-12-29 00:00:00-05:00,8.765579451040946,8.826829721313105,8.663495450910638,8.711134910583496,1395100,0.0,0.0
2022-12-30 00:00:00-05:00,8.724745045521729,8.799606769625875,8.690717697143555,8.690717697143555,1135700,0.0,0.0
2023-01-03 00:00:00-05:00,8.785995676510865,8.942524211487676,8.724745408434291,8.901690483093262,455700,0.0,0.0
2023-01-04 00:00:00-05:00,8.983359475408513,9.099054310125362,8.979956609795634,9.085443496704102,597000,0.0,0.0
2023-01-05 00:00:00-05:00,9.085440268519656,9.085440268519656,9.017384278503846,9.058218002319336,443400,0.0,0.0
2023-01-06 00:00:00-05:00,9.119471018286042,9.248777317772888,9.084081994113879,9.201138496398926,556500,0.0,0.0
2023-01-09 00:00:00-05:00,9.262386012152763,9.357664282130756,9.221552931469422,9.26919174194336,643100,0.0,0.0
2023-01-10 00:00:00-05:00,9.2759957145806,9.35085678100586,9.235161992602281,9.35085678100586,448400,0.0,0.0
2023-01-11 00:00:00-05:00,9.405303955078125,9.452943418950753,9.345415344713377,9.405303955078125,470000,0.0,0.0
2023-01-12 00:00:00-05:00,9.506967860418808,9.520705912478457,9.256242350677267,9.307761192321777,772200,0.128,0.0
2023-01-13 00:00:00-05:00,9.294023003824654,9.438276161538013,9.273415597036358,9.397061347961426,457300,0.0,0.0
2023-01-17 00:00:00-05:00,9.438276230393312,9.52757586725759,9.397061416516047,9.513837814331055,433400,0.0,0.0
2023-01-18 00:00:00-05:00,9.541320335921197,9.575665816522692,9.445151286982082,9.452020645141602,486400,0.0,0.0
2023-01-19 00:00:00-05:00,9.45201306124073,9.45201306124073,9.355844089463584,9.37645149230957,323800,0.0,0.0
2023-01-20 00:00:00-05:00,9.41079846765412,9.46575198370572,9.369583658164212,9.458883285522461,413800,0.0,0.0
2023-01-23 00:00:00-05:00,9.548183274196223,9.548183274196223,9.489108532946103,9.513837814331055,647900,0.0,0.0
2023-01-24 00:00:00-05:00,9.548181424073574,9.616873640688935,9.513835970863422,9.5687894821167,584100,0.0,0.0
2023-01-25 00:00:00-05:00,9.568790568154157,9.610005378723145,9.51383705066377,9.610005378723145,442100,0.0,0.0
2023-01-26 00:00:00-05:00,9.671827242994906,9.726780754765528,9.651219839855306,9.685565948486328,485200,0.0,0.0
2023-01-27 00:00:00-05:00,9.69243573261171,9.785170039781297,9.685567034193584,9.726781845092773,575800,0.0,0.0
2023-01-30 00:00:00-05:00,9.740522839330819,9.822953135582553,9.69243800852732,9.713046073913574,583400,0.0,0.0
2023-01-31 00:00:00-05:00,9.809213097501413,9.809213097501413,9.72678281240785,9.788605690002441,420900,0.0,0.0
2023-02-01 00:00:00-05:00,9.822951316833496,9.836689369449594,9.740521035843976,9.822951316833496,559500,0.0,0.0
2023-02-02 00:00:00-05:00,9.871033189146054,10.0427630650639,9.862790097453418,9.905379295349121,544800,0.0,0.0
2023-02-03 00:00:00-05:00,9.85729694366455,10.010479727532912,9.850427590147309,9.85729694366455,526700,0.0,0.0
2023-02-06 00:00:00-05:00,9.857295077064347,9.891640527951605,9.761126111326567,9.781733512878418,450600,0.0,0.0
2023-02-07 00:00:00-05:00,9.822951446276573,9.871035613713016,9.802344039532047,9.864166259765625,461800,0.0,0.0
2023-02-08 00:00:00-05:00,9.864165622170114,9.891642381086003,9.788604698925825,9.7954740524292,393600,0.0,0.0
2023-02-09 00:00:00-05:00,9.795475912912815,9.843560086373987,9.740522384643555,9.740522384643555,472900,0.0,0.0
2023-02-10 00:00:00-05:00,9.773793922107123,9.808452236012887,9.67674892440208,9.794589042663574,360600,0.128,0.0
2023-02-13 00:00:00-05:00,9.808453114098896,9.822316969754311,9.669817862869852,9.766862869262695,417700,0.0,0.0
2023-02-14 00:00:00-05:00,9.739133752125097,9.801519767204525,9.683679663402247,9.711406707763672,355900,0.0,0.0
2023-02-15 00:00:00-05:00,9.739133752125097,9.739133752125097,9.655952619040823,9.711406707763672,332400,0.0,0.0
2023-02-16 00:00:00-05:00,9.683679453850866,9.711406497612288,9.600498322566601,9.635156631469727,298100,0.0,0.0
2023-02-17 00:00:00-05:00,9.579701584557453,9.628224402079121,9.531179428100586,9.531179428100586,440300,0.0,0.0
2023-02-21 00:00:00-05:00,9.53117965317284,9.551974769136159,9.288567543029785,9.288567543029785,694700,0.0,0.0
2023-02-22 00:00:00-05:00,9.364818654728797,9.45493171736447,9.316295829577339,9.392545700073242,363900,0.0,0.0
2023-02-23 00:00:00-05:00,9.461866413580596,9.538116311723149,9.427208090132321,9.482662200927734,472900,0.0,0.0
2023-02-24 00:00:00-05:00,9.42720656040295,9.524250908015206,9.36482053061505,9.4965238571167,509900,0.0,0.0
2023-02-27 00:00:00-05:00,9.58663576190959,9.607430882266488,9.517317812633319,9.538113594055176,502800,0.0,0.0
2023-02-28 00:00:00-05:00,9.586634720373532,9.635156882956275,9.447999497947915,9.510385513305664,386000,0.0,0.0
2023-03-01 00:00:00-05:00,9.538113271999633,9.572772245467505,9.40294334158143,9.427205085754395,368000,0.0,0.0
2023-03-02 00:00:00-05:00,9.357888949972512,9.427206910324259,9.274707794189453,9.274707794189453,745100,0.0,0.0
2023-03-03 00:00:00-05:00,9.316295458106664,9.337091237084483,9.233114325390028,9.260841369628906,440100,0.0,0.0
2023-03-06 00:00:00-05:00,9.274706138338445,9.316296378272169,9.219252044383516,9.253911018371582,420700,0.0,0.0
2023-03-07 00:00:00-05:00,9.253911309291034,9.288569623303724,9.19845721359277,9.240047454833984,324800,0.0,0.0
2023-03-08 00:00:00-05:00,9.288573058157349,9.288573058157349,9.184596755539587,9.205391883850098,428600,0.0,0.0
2023-03-09 00:00:00-05:00,9.20538685932811,9.233113902296438,8.976638589573188,9.018229484558105,590200,0.0,0.0
2023-03-10 00:00:00-05:00,9.030830819739197,9.044832428709915,8.883817263713981,8.932822227478027,1117300,0.128,0.0
2023-03-13 00:00:00-04:00,8.827811941921532,8.904819454064164,8.61009200189606,8.638794898986816,964500,0.0,0.0
2023-03-14 00:00:00-04:00,8.73680348188261,8.841813543548573,8.68779918701856,8.778807640075684,525100,0.0,0.0
2023-03-15 00:00:00-04:00,8.610794000911428,8.708802609514871,8.540787279651617,8.589792251586914,840800,0.0,0.0
2023-03-16 00:00:00-04:00,8.582790014811648,8.992327730336651,8.54078585553296,8.932822227478027,739700,0.0,0.0
2023-03-17 00:00:00-04:00,8.876818384859114,8.897820133658035,8.701802253723145,8.701802253723145,456600,0.0,0.0
2023-03-20 00:00:00-04:00,8.701799098131778,8.95032159375738,8.701799098131778,8.806808471679688,484200,0.0,0.0
2023-03-21 00:00:00-04:00,8.855816254991353,8.932823782468537,8.778809395147748,8.911821365356445,284400,0.0,0.0
2023-03-22 00:00:00-04:00,8.855816055881816,9.002829634193198,8.764808254309898,8.84881591796875,359400,0.0,0.0
2023-03-23 00:00:00-04:00,8.918822695820012,8.932824308051892,8.81381327461539,8.83481502532959,280400,0.0,0.0
2023-03-24 00:00:00-04:00,8.834818001035355,8.89782394203297,8.75081030224982,8.841818809509277,346700,0.0,0.0
2023-03-27 00:00:00-04:00,8.848815240188738,8.91882128739218,8.750805972943704,8.757806777954102,345800,0.0,0.0
2023-03-28 00:00:00-04:00,8.792810889926272,8.792810889926272,8.568789783803789,8.603793144226074,860200,0.0,0.0
2023-03-29 00:00:00-04:00,8.715803482449576,8.715803482449576,8.55478895699606,8.610794067382812,505300,0.0,0.0
2023-03-30 00:00:00-04:00,8.722802878682277,8.722802878682277,8.596791066856914,8.70880126953125,500100,0.0,0.0
2023-03-31 00:00:00-04:00,8.722802689487166,8.743804435124714,8.62479343045618,8.680798530578613,1059300,0.0,0.0
2023-04-03 00:00:00-04:00,8.778810203097336,8.855817070028197,8.70880347488118,8.743806838989258,452400,0.0,0.0
2023-04-04 00:00:00-04:00,8.83481520687666,8.99933014818016,8.794211732310359,8.862817764282227,563400,0.0,0.0
2023-04-05 00:00:00-04:00,8.890818899927742,8.967826421203748,8.869817152140433,8.925822257995605,234400,0.0,0.0
2023-04-06 00:00:00-04:00,8.96432667363742,8.995829631436997,8.841815245265014,8.890819549560547,302600,0.0,0.0
2023-04-10 00:00:00-04:00,8.890822295240572,8.960829038111148,8.84881878362525,8.883821487426758,239000,0.0,0.0
2023-04-11 00:00:00-04:00,8.98182798653718,9.058834845518343,8.904821127556016,9.030832290649414,413700,0.0,0.0
2023-04-12 00:00:00-04:00,9.1284086171571,9.1284086171571,8.951638502419513,9.001133918762207,260300,0.128,0.0
2023-04-13 00:00:00-04:00,9.001131985814311,9.114265401384092,8.984162614086955,9.071840286254883,328200,0.0,0.0
2023-04-14 00:00:00-04:00,9.036488076574619,9.0767917760213,8.986992660231925,9.001133918762207,312000,0.0,0.0
2023-04-17 00:00:00-04:00,9.05770350574188,9.061945682188496,8.895074604111091,8.979924201965332,288900,0.0,0.0
2023-04-18 00:00:00-04:00,9.029415709944855,9.036486000423345,8.88092882070747,8.89507007598877,284500,0.0,0.0
2023-04-19 00:00:00-04:00,8.902143094189523,8.965780443444965,8.73951423783401,8.838505744934082,434500,0.0,0.0
2023-04-20 00:00:00-04:00,8.746585420720294,8.916284573384715,8.704160969716435,8.753656387329102,378400,0.0,0.0
2023-04-21 00:00:00-04:00,8.767798822478618,8.944568965466692,8.753657561688353,8.873861312866211,393500,0.0,0.0
2023-04-24 00:00:00-04:00,8.873862108064642,9.022349068453718,8.873862108064642,8.930428504943848,229800,0.0,0.0
2023-04-25 00:00:00-04:00,8.909214918901448,8.972851599962919,8.81022340226493,8.82436466217041,379600,0.0,0.0
2023-04-26 00:00:00-04:00,8.838505672955264,8.9233552464967,8.824363740202791,8.866788864135742,238800,0.0,0.0
2023-04-27 00:00:00-04:00,8.873862452615962,8.96719707852308,8.866791484150351,8.951641082763672,189800,0.0,0.0
2023-04-28 00:00:00-04:00,8.979921693804549,9.029417784471715,8.880930861119163,9.001133918762207,267200,0.0,0.0
2023-05-01 00:00:00-04:00,9.022349257845974,9.057703425218774,8.979924122133683,9.008207321166992,306200,0.0,0.0
2023-05-02 00:00:00-04:00,9.036488709777533,9.149621483245088,8.866789549576199,9.022347450256348,540400,0.0,0.0
2023-05-03 00:00:00-04:00,9.015274967675266,9.121336756388741,8.994062744797452,9.085983276367188,334600,0.0,0.0
2023-05-04 00:00:00-04:00,9.050632968061583,9.114270338061948,8.944570459952743,8.972853660583496,314500,0.0,0.0
2023-05-05 00:00:00-04:00,9.085986534205027,9.333464354712675,9.085986534205027,9.283968925476074,1202300,0.0,0.0
2023-05-08 00:00:00-04:00,9.368815136388449,9.411240256350304,9.276894605074766,9.319319725036621,531800,0.0,0.0
2023-05-09 00:00:00-04:00,9.340531947855347,9.375886102102825,9.283965570789142,9.319319725036621,361000,0.0,0.0
2023-05-10 00:00:00-04:00,9.360733458797117,9.396434333748681,9.210790328750594,9.289332389831543,424000,0.128,0.0
2023-05-11 00:00:00-04:00,9.275051040049409,9.303611601583192,9.171519259841006,9.246490478515625,290700,0.0,0.0
2023-05-12 00:00:00-04:00,9.239351198876005,9.275052075011311,9.146529874236812,9.210790634155273,299500,0.0,0.0
2023-05-15 00:00:00-04:00,9.21078907158765,9.28219081174529,9.153667951836521,9.175088882446289,394300,0.0,0.0
2023-05-16 00:00:00-04:00,9.21793278634075,9.239353043924412,9.146531700749303,9.182231903076172,308700,0.0,0.0
2023-05-17 00:00:00-04:00,9.196510239829328,9.225070803144984,9.139389113198016,9.167949676513672,301600,0.0,0.0
2023-05-18 00:00:00-04:00,9.196510316710832,9.217216946592488,9.103688314924586,9.132248878479004,267000,0.0,0.0
2023-05-19 00:00:00-04:00,9.13938896267734,9.13938896267734,9.039426652250098,9.0465669631958,307900,0.0,0.0
2023-05-22 00:00:00-04:00,9.046569245202296,9.167951838148001,9.02015090516418,9.0608491897583,237600,0.0,0.0
2023-05-23 00:00:00-04:00,9.103690385301721,9.110830698048575,9.039428932455442,9.0608491897583,252200,0.0,0.0
2023-05-24 00:00:00-04:00,8.989446493015008,9.035857155671275,8.903764798231267,8.93232536315918,380600,0.0,0.0
2023-05-25 00:00:00-04:00,8.946606566574419,9.010868016957113,8.896625741137955,8.918045997619629,208000,0.0,0.0
2023-05-26 00:00:00-04:00,8.953742344407658,9.075124871225523,8.91090117220363,9.00372314453125,290800,0.0,0.0
2023-05-30 00:00:00-04:00,9.046568968634201,9.11797073204447,8.896625810222785,8.946606636047363,514300,0.0,0.0
2023-05-31 00:00:00-04:00,8.96088687313646,9.032287952517684,8.953746560917041,8.996587753295898,255900,0.0,0.0
2023-06-01 00:00:00-04:00,9.067987590814777,9.182229846929364,9.03228671554458,9.12510871887207,434200,0.0,0.0
2023-06-02 00:00:00-04:00,9.275051268129832,9.317892451952753,9.175089640772207,9.267910957336426,566400,0.0,0.0
2023-06-05 00:00:00-04:00,9.29647220051005,9.36073295483816,9.260771327480535,9.267910957336426,523000,0.0,0.0
2023-06-06 00:00:00-04:00,9.353595237908527,9.38929543730166,9.296474101754328,9.332174301147461,410900,0.0,0.0
2023-06-07 00:00:00-04:00,9.417856504518587,9.446417074109377,9.310754538787547,9.353595733642578,464000,0.0,0.0
2023-06-08 00:00:00-04:00,9.353595733642578,9.439277442414948,9.317894851419668,9.353595733642578,456600,0.0,0.0
2023-06-09 00:00:00-04:00,9.316099240101504,9.344941624932973,9.243992934194484,9.301677703857422,325500,0.128,0.0
2023-06-12 00:00:00-04:00,9.31609817740265,9.344940558944032,9.257692062527285,9.323308944702148,337900,0.0,0.0
2023-06-13 00:00:00-04:00,9.323310295321024,9.330520376008392,9.186308447410255,9.215150833129883,438000,0.0,0.0
2023-06-14 00:00:00-04:00,9.207940752442514,9.294467909601396,9.164676830034715,9.215150833129883,322400,0.0,0.0
2023-06-15 00:00:00-04:00,9.258415430271258,9.402627369379253,9.157466729067277,9.380995750427246,462500,0.0,0.0
2023-06-16 00:00:00-04:00,9.481943763974458,9.481943763974458,9.323310974784048,9.380995750427246,282600,0.0,0.0
2023-06-20 00:00:00-04:00,9.424255190657837,9.445887488549488,9.325469897453402,9.373781204223633,428200,0.0,0.0
2023-06-21 00:00:00-04:00,9.337732434033553,9.431470372483137,9.337732434033553,9.395417213439941,294900,0.0,0.0
2023-06-22 00:00:00-04:00,9.380993951018961,9.445168131272563,9.33051926627035,9.35936164855957,261900,0.0,0.0
2023-06-23 00:00:00-04:00,9.337731824866463,9.453101376152858,9.316100205914456,9.380995750427246,296800,0.0,0.0
2023-06-26 00:00:00-04:00,9.373781752363398,9.412718928126166,9.344939374477772,9.402624130249023,349100,0.0,0.0
2023-06-27 00:00:00-04:00,9.409836189056106,9.41704695643203,9.323309043514902,9.388204574584961,313000,0.0,0.0
2023-06-28 00:00:00-04:00,9.409837383191432,9.4242582321167,9.316099458378694,9.4242582321167,224700,0.0,0.0
2023-06-29 00:00:00-04:00,9.366572416046033,9.424257180624473,9.344940801243277,9.35936164855957,247300,0.0,0.0
2023-06-30 00:00:00-04:00,9.44589179731455,9.481944268266403,9.380996249350327,9.417049407958984,361400,0.0,0.0
2023-07-03 00:00:00-04:00,9.481942068596986,9.532416754002453,9.471126604883178,9.50357437133789,232800,0.0,0.0
2023-07-05 00:00:00-04:00,9.525207594113265,9.554049981645926,9.489154437783249,9.510786056518555,362100,0.0,0.0
2023-07-06 00:00:00-04:00,9.474731891329531,9.503574273697765,9.359361674199956,9.438678741455078,282700,0.0,0.0
2023-07-07 00:00:00-04:00,9.409835951567882,9.517994708850486,9.394693753054582,9.467520713806152,335800,0.0,0.0
2023-07-10 00:00:00-04:00,9.50357437133789,9.532416754002453,9.474731988673328,9.50357437133789,348400,0.0,0.0
2023-07-11 00:00:00-04:00,9.546835314736787,9.551162049311237,9.44588734341938,9.525203704833984,347500,0.0,0.0
2023-07-12 00:00:00-04:00,9.589280772562443,9.59656209389747,9.509188321032221,9.538312911987305,498200,0.128,0.0
2023-07-13 00:00:00-04:00,9.589283308355283,9.596564631615783,9.538315434302184,9.567440032958984,634300,0.0,0.0
2023-07-14 00:00:00-04:00,9.567436252216512,9.589279518981055,9.501905757537951,9.552873611450195,486100,0.0,0.0
2023-07-17 00:00:00-04:00,9.560154286414372,9.585638211650041,9.50190511605145,9.53102970123291,365600,0.0,0.0
2023-07-18 00:00:00-04:00,9.545594501182858,9.640249604924858,9.531032551429908,9.603843688964844,302300,0.0,0.0
2023-07-19 00:00:00-04:00,9.647529950973192,9.647529950973192,9.578358787085579,9.611124038696289,299600,0.0,0.0
2023-07-20 00:00:00-04:00,9.625689230272583,9.625689230272583,9.560158709698483,9.567440032958984,358900,0.0,0.0
2023-07-21 00:00:00-04:00,9.611123763060835,9.640248353170096,9.487344081500229,9.54559326171875,480500,0.0,0.0
2023-07-24 00:00:00-04:00,9.538313873498929,9.611125011033865,9.523751229360887,9.603843688964844,417800,0.0,0.0
2023-07-25 00:00:00-04:00,9.574717486787081,9.625686038323835,9.560155539480133,9.589280128479004,336100,0.0,0.0
2023-07-26 00:00:00-04:00,9.603844037431704,9.611125359764923,9.501908302307129,9.501908302307129,377600,0.0,0.0
2023-07-27 00:00:00-04:00,9.523751326632597,9.545594598677667,9.429096221923828,9.429096221923828,416100,0.0,0.0
2023-07-28 00:00:00-04:00,9.443657853343998,9.523750305175781,9.443657853343998,9.523750305175781,322100,0.0,0.0
2023-07-31 00:00:00-04:00,9.523750269317253,9.552874860272334,9.501906999697196,9.538312911987305,418100,0.0,0.0
2023-08-01 00:00:00-04:00,9.52374713331077,9.552871714675629,9.443654708153609,9.465497970581055,477700,0.0,0.0
2023-08-02 00:00:00-04:00,9.458219181512671,9.494625091552734,9.407251324087568,9.494625091552734,463400,0.0,0.0
2023-08-03 00:00:00-04:00,9.465497970581055,9.501903870883325,9.429092070278784,9.465497970581055,376400,0.0,0.0
2023-08-04 00:00:00-04:00,9.501906377506018,9.523749645695762,9.458219146741552,9.509187698364258,512300,0.0,0.0
2023-08-07 00:00:00-04:00,9.531031934525503,9.603843067347675,9.523750612927772,9.574718475341797,822100,0.0,0.0
2023-08-08 00:00:00-04:00,9.552872966522786,9.603840816994122,9.509186435943036,9.53102970123291,520000,0.0,0.0
2023-08-09 00:00:00-04:00,9.56015590396588,9.581999172951575,9.520109332171272,9.54559326171875,826900,0.0,0.0
2023-08-10 00:00:00-04:00,9.551474437166759,9.577209629911318,9.522062688139918,9.536768913269043,408700,0.128,0.0
2023-08-11 00:00:00-04:00,9.52206503221753,9.544123674110054,9.492653275950302,9.507359504699707,252700,0.0,0.0
2023-08-14 00:00:00-04:00,9.514709906788964,9.522063019609494,9.463239519508127,9.485298156738281,339900,0.0,0.0
2023-08-15 00:00:00-04:00,9.48529750059552,9.48529750059552,9.419121593482759,9.441180229187012,240900,0.0,0.0
2023-08-16 00:00:00-04:00,9.448535746623039,9.492653029261598,9.35294736593074,9.367652893066406,410800,0.0,0.0
2023-08-17 00:00:00-04:00,9.360299495263023,9.37500572318465,9.198535195514392,9.235300064086914,507400,0.0,0.0
2023-08-18 00:00:00-04:00,9.169124291752775,9.279418206473538,9.117653190482358,9.213241577148438,307900,0.0,0.0
2023-08-21 00:00:00-04:00,9.257357276315577,9.272062800736578,9.154415800442825,9.161768913269043,432600,0.0,0.0
2023-08-22 00:00:00-04:00,9.20588747959153,9.220593004955953,9.110299110412598,9.110299110412598,363500,0.0,0.0
2023-08-23 00:00:00-04:00,9.154417212981055,9.279417345388708,9.139711686290973,9.235300064086914,479100,0.0,0.0
2023-08-24 00:00:00-04:00,9.250004249125027,9.250004249125027,9.19853386132786,9.220592498779297,165300,0.0,0.0
2023-08-25 00:00:00-04:00,9.235300064086914,9.264711818698624,9.191182081553578,9.235300064086914,271600,0.0,0.0
2023-08-28 00:00:00-04:00,9.242651136230734,9.272062886576464,9.19853386132786,9.220592498779297,212800,0.0,0.0
2023-08-29 00:00:00-04:00,9.250007692317054,9.345596091830043,9.22794904665458,9.308831214904785,260000,0.0,0.0
2023-08-30 00:00:00-04:00,9.323535747814889,9.36618254849146,9.205888724069721,9.242652893066406,420100,0.0,0.0
2023-08-31 00:00:00-04:00,9.264710189867673,9.264710189867673,9.198533578317965,9.227945327758789,371200,0.0,0.0
2023-09-01 00:00:00-04:00,9.308828816122674,9.397064077267022,9.272063948671315,9.38235855102539,623400,0.0,0.0
2023-09-05 00:00:00-04:00,9.463240698433163,9.492652452147945,9.375005437288815,9.38235855102539,628800,0.0,0.0
2023-09-06 00:00:00-04:00,9.397065318612352,9.404418433320268,9.367653561012299,9.375006675720215,407100,0.0,0.0
2023-09-07 00:00:00-04:00,9.37500492019463,9.404416672287159,9.330886941440099,9.352946281433105,327600,0.0,0.0
2023-09-08 00:00:00-04:00,9.344031380124733,9.403452827028586,9.336603522171872,9.37374210357666,269100,0.128,0.0
2023-09-11 00:00:00-04:00,9.373745052431763,9.387114634265188,9.202908515930176,9.202908515930176,539100,0.0,0.0
2023-09-12 00:00:00-04:00,9.19547918445432,9.299467086791992,9.188051325353138,9.299467086791992,383400,0.0,0.0
2023-09-13 00:00:00-04:00,9.321748641929215,9.35888722384119,9.225188612301892,9.262327194213867,407800,0.0,0.0
2023-09-14 00:00:00-04:00,9.284612036409575,9.314322766591697,9.247473446592,9.269756317138672,307100,0.0,0.0
2023-09-15 00:00:00-04:00,9.277184408933776,9.277184408933776,9.195480075978224,9.21776294708252,471500,0.0,0.0
2023-09-18 00:00:00-04:00,9.188050004742227,9.254899310325271,9.188050004742227,9.210332870483398,410100,0.0,0.0
2023-09-19 00:00:00-04:00,9.232615372227341,9.27718109853343,9.158338217237928,9.17319393157959,375800,0.0,0.0
2023-09-20 00:00:00-04:00,9.173196776835544,9.206621436112183,9.102633528544901,9.12120246887207,406900,0.0,0.0
2023-09-21 00:00:00-04:00,9.061781845866918,9.069209706026975,8.972649649025442,9.032071113586426,536000,0.0,0.0
2023-09-22 00:00:00-04:00,9.076637566187031,9.098920438307466,8.994932521145877,9.032071113586426,404900,0.0,0.0
2023-09-25 00:00:00-04:00,9.017214648604327,9.02464179920785,8.894657809150972,8.928082466125488,389400,0.0,0.0
2023-09-26 00:00:00-04:00,8.928083053871706,8.954079853594482,8.838950157165527,8.838950157165527,534200,0.0,0.0
2023-09-27 00:00:00-04:00,8.868660551976255,8.898371280304028,8.831522672836268,8.853805541992188,401600,0.0,0.0
2023-09-28 00:00:00-04:00,8.86123367082126,8.898371551091394,8.805525433696737,8.831522941589355,606600,0.0,0.0
2023-09-29 00:00:00-04:00,8.861233359664563,8.898371238630626,8.809239054064733,8.824094772338867,637000,0.0,0.0
2023-10-02 00:00:00-04:00,8.83152345650326,8.853806327636457,8.67554194185149,8.682969093322754,819100,0.0,0.0
2023-10-03 00:00:00-04:00,8.660683154686458,8.838947477332484,8.578978850563558,8.586406707763672,875900,0.0,0.0
2023-10-04 00:00:00-04:00,8.616118939277138,8.7721004260379,8.601263222271553,8.72010612487793,838100,0.0,0.0
2023-10-05 00:00:00-04:00,8.749818271403393,8.759474630697024,8.616120338439941,8.616120338439941,425700,0.0,0.0
2023-10-06 00:00:00-04:00,8.571552716882902,8.69039562254318,8.5492698491615,8.668112754821777,524900,0.0,0.0
2023-10-09 00:00:00-04:00,8.668112222919326,8.772100113170845,8.653256506443588,8.712677955627441,415800,0.0,0.0
2023-10-10 00:00:00-04:00,8.70525267281565,8.781757645667433,8.668114082020523,8.682969093322754,473900,0.0,0.0
2023-10-11 00:00:00-04:00,8.734036262373618,8.786605468472823,8.658936782630425,8.681467056274414,422900,0.128,0.0
2023-10-12 00:00:00-04:00,8.681467034251718,8.726526149021955,8.489964005973917,8.50873851776123,571100,0.0,0.0
2023-10-13 00:00:00-04:00,8.53877954306025,8.58383938129726,8.275932754650166,8.388581275939941,798800,0.0,0.0
2023-10-16 00:00:00-04:00,8.426129600116308,8.426129600116308,8.238381618842247,8.275931358337402,747200,0.0,0.0
2023-10-17 00:00:00-04:00,8.253399510471462,8.275929779591626,8.129485895116852,8.170790672302246,860800,0.0,0.0
2023-10-18 00:00:00-04:00,8.155772576767054,8.264666756733305,8.155772576767054,8.22336196899414,478600,0.0,0.0
2023-10-19 00:00:00-04:00,8.223361508332808,8.29095089677363,8.050633707830015,8.110713005065918,632900,0.0,0.0
2023-10-20 00:00:00-04:00,8.043125285031216,8.13324424957868,7.998065444656552,8.073164939880371,605000,0.0,0.0
2023-10-23 00:00:00-04:00,8.0130841968578,8.215851651769508,8.005574105438399,8.148262977600098,476000,0.0,0.0
2023-10-24 00:00:00-04:00,8.140753921160217,8.260912534340143,8.140753921160217,8.193323135375977,409800,0.0,0.0
2023-10-25 00:00:00-04:00,8.193323371216355,8.230873117966388,8.020595538848788,8.058144569396973,787700,0.0,0.0
2023-10-26 00:00:00-04:00,8.028105881503786,8.125734948323812,8.020596504211426,8.020596504211426,445000,0.0,0.0
2023-10-27 00:00:00-04:00,8.065653800964355,8.110713635494548,8.013084590847276,8.065653800964355,455000,0.0,0.0
2023-10-30 00:00:00-04:00,8.088184574179676,8.223362653687278,8.08067448192875,8.163283348083496,629300,0.0,0.0
2023-10-31 00:00:00-04:00,8.148263108497257,8.251899650183272,8.118223458538814,8.215851783752441,621400,0.0,0.0
2023-11-01 00:00:00-04:00,8.29094921697043,8.595100687129234,8.272174708963698,8.56130599975586,677700,0.0,0.0
2023-11-02 00:00:00-04:00,8.651428178101675,8.88423529687596,8.651428178101675,8.839176177978516,887200,0.0,0.0
2023-11-03 00:00:00-04:00,8.899257733708403,9.041945934611038,8.854197887201172,8.944316864013672,850000,0.0,0.0
2023-11-06 00:00:00-05:00,9.04194212517194,9.04194212517194,8.93680300508562,8.966842651367188,670600,0.0,0.0
2023-11-07 00:00:00-05:00,9.019412900039091,9.026922990935116,8.944313423482225,9.011902809143066,531000,0.0,0.0
2023-11-08 00:00:00-05:00,9.011904941861086,9.124553467153607,8.95933572555149,9.049454689025879,515400,0.0,0.0
2023-11-09 00:00:00-05:00,9.124551085143477,9.124551085143477,8.764075325349943,8.786604881286621,751700,0.0,0.0
2023-11-10 00:00:00-05:00,8.853425109363915,8.853425109363915,8.663600383265635,8.739530563354492,460300,0.128,0.0
2023-11-13 00:00:00-05:00,8.678784899298368,8.678784899298368,8.519332133658743,8.595261573791504,526400,0.0,0.0
2023-11-14 00:00:00-05:00,8.716751090692583,8.914168979983245,8.671193561855578,8.724344253540039,926100,0.0,0.0
2023-11-15 00:00:00-05:00,8.70156768423339,8.967322657944436,8.70156768423339,8.906578063964844,706600,0.0,0.0
2023-11-16 00:00:00-05:00,8.906576288170447,9.03565716690833,8.898983849045322,9.028064727783203,654400,0.0,0.0
2023-11-17 00:00:00-05:00,9.119178515711772,9.172329198557915,9.081213431911495,9.149550437927246,480600,0.0,0.0
2023-11-20 00:00:00-05:00,9.149553051706352,9.187518146352227,9.088809189922532,9.164738655090332,356400,0.0,0.0
2023-11-21 00:00:00-05:00,9.17992289218056,9.17992289218056,9.005283786227276,9.073620796203613,437000,0.0,0.0
2023-11-22 00:00:00-05:00,9.073620781992094,9.149550953874385,9.035655696050949,9.088807106018066,379700,0.0,0.0
2023-11-24 00:00:00-05:00,9.073618383863332,9.153345115680592,9.035653307956236,9.141955375671387,128700,0.0,0.0
2023-11-27 00:00:00-05:00,9.14955069504162,9.240666464248513,9.08121368710551,9.119178771972656,602800,0.0,0.0
2023-11-28 00:00:00-05:00,9.187516764015758,9.195109202503428,9.031860551098966,9.096400260925293,485300,0.0,0.0
2023-11-29 00:00:00-05:00,9.103994369506836,9.171572509997768,9.058436837351692,9.103994369506836,740900,0.0,0.0
2023-11-30 00:00:00-05:00,9.134365490328896,9.217888832092285,9.081214799478634,9.217888832092285,404600,0.0,0.0
2023-12-01 00:00:00-05:00,9.22548093302128,9.422898811987492,9.22168507591993,9.362154960632324,672400,0.0,0.0
2023-12-04 00:00:00-05:00,9.339373301092516,9.483639722290397,9.332539746655941,9.476046562194824,973000,0.0,0.0
2023-12-05 00:00:00-05:00,9.491236008719529,9.491236008719529,9.407713392527379,9.445677757263184,614800,0.0,0.0
2023-12-06 00:00:00-05:00,9.491236173195736,9.521608099985007,9.134365490328896,9.217888832092285,974900,0.0,0.0
2023-12-07 00:00:00-05:00,9.248257392302293,9.301408063804484,9.172327240907514,9.271036148071289,770200,0.0,0.0
2023-12-08 00:00:00-05:00,9.223466612207405,9.277180407838658,9.162078476320227,9.261833190917969,549900,0.128,0.0
2023-12-11 00:00:00-05:00,9.208117849400924,9.265668439600589,9.07766945465744,9.108363151550293,782400,0.0,0.0
2023-12-12 00:00:00-05:00,9.069994284188104,9.223463473995986,9.031627718531464,9.192769050598145,726200,0.0,0.0
2023-12-13 00:00:00-05:00,9.177421915010672,9.369257656769427,9.131381014998647,9.353910446166992,631400,0.0,0.0
2023-12-14 00:00:00-05:00,9.39995129756911,9.5303996598341,9.300196624554983,9.338563919067383,1052800,0.0,0.0
2023-12-15 00:00:00-05:00,9.361583682595336,9.406090006152498,9.26950261799482,9.307869911193848,504800,0.0,0.0
2023-12-18 00:00:00-05:00,9.28485083102092,9.338564608225026,9.18125934773129,9.231136322021484,805400,0.0,0.0
2023-12-19 00:00:00-05:00,9.215790137445765,9.269503916370923,9.139055540299523,9.20811653137207,934200,0.0,0.0
2023-12-20 00:00:00-05:00,9.208117201850657,9.254158109849888,9.116036117647598,9.139056205749512,834300,0.0,0.0
2023-12-21 00:00:00-05:00,9.192768733267586,9.281013733899536,9.139054957766202,9.16207504272461,783200,0.0,0.0
2023-12-22 00:00:00-05:00,9.162073407719525,9.223461509645857,9.135216524761542,9.177420616149902,865800,0.0,0.0
2023-12-26 00:00:00-05:00,9.208115870875812,9.338564237590177,9.192768659829275,9.277176856994629,745700,0.0,0.0
2023-12-27 00:00:00-05:00,9.277180407838658,9.343939191493382,9.215793003747061,9.261833190917969,953800,0.0,0.0
2023-12-28 00:00:00-05:00,9.269504814259072,9.399953202966321,9.23881111878651,9.284852027893066,842700,0.0,0.0
2023-12-29 00:00:00-05:00,9.261832176260693,9.392280578613281,9.231138477577467,9.392280578613281,1303900,0.0,0.0
2024-01-02 00:00:00-05:00,9.36925888817585,9.522727355394236,9.330891588422409,9.515053749084473,717700,0.0,0.0
2024-01-03 00:00:00-05:00,9.530401200566688,9.59178858899261,9.484360293349551,9.568768501281738,781800,0.0,0.0
2024-01-04 00:00:00-05:00,9.50738055937703,9.553420732118513,9.369258577561878,9.484359741210938,809400,0.0,0.0
2024-01-05 00:00:00-05:00,9.49203232653982,9.699215276983113,9.484358721309636,9.69154167175293,1425600,0.0,0.0
2024-01-08 00:00:00-05:00,9.737583122846392,9.875705108011497,9.737583122846392,9.86803150177002,1046000,0.0,0.0
2024-01-09 00:00:00-05:00,9.86035828516477,9.898724851450076,9.845011073214371,9.875704765319824,643400,0.0,0.0
2024-01-10 00:00:00-05:00,9.868033031302025,9.940930838304379,9.868033031302025,9.914073944091797,754300,0.0,0.0
2024-01-11 00:00:00-05:00,9.90477026389634,9.951271858924356,9.819518201982385,9.928021430969238,502100,0.128,0.0
2024-01-12 00:00:00-05:00,9.974523544311523,9.997773975197694,9.897021861651666,9.974523544311523,443600,0.0,0.0
2024-01-16 00:00:00-05:00,9.959022686723305,9.974522726337026,9.850519452956016,9.88152027130127,403000,0.0,0.0
2024-01-17 00:00:00-05:00,9.842771117961963,9.88152233376109,9.765269425481675,9.788519859313965,505300,0.0,0.0
2024-01-18 00:00:00-05:00,9.835018136447621,9.835018136447621,9.618012419896685,9.718765258789062,758400,0.0,0.0
2024-01-19 00:00:00-05:00,9.757518621324333,9.757518621324333,9.590888917826458,9.734268188476562,628600,0.0,0.0
2024-01-22 00:00:00-05:00,9.788517816265513,9.897021050032802,9.788517816265513,9.88152027130127,459000,0.0,0.0
2024-01-23 00:00:00-05:00,9.8815186417232,9.920269843043691,9.842767440402708,9.912519454956055,366500,0.0,0.0
2024-01-24 00:00:00-05:00,9.920272412953327,10.00939968169706,9.920272412953327,9.982274055480957,337400,0.0,0.0
2024-01-25 00:00:00-05:00,9.982276106717501,10.036527370297684,9.96677532334143,10.005526542663574,361600,0.0,0.0
2024-01-26 00:00:00-05:00,10.01327541455892,10.05977627939327,10.01327541455892,10.044276237487793,503600,0.0,0.0
2024-01-29 00:00:00-05:00,10.067526105831424,10.098526927023352,10.044275674716948,10.083026885986328,429300,0.0,0.0
2024-01-30 00:00:00-05:00,10.106276483239572,10.110151677958559,10.067525275167526,10.090776443481445,427200,0.0,0.0
2024-01-31 00:00:00-05:00,10.121778933680757,10.129528585280731,10.046601769776457,10.075277328491211,405900,0.0,0.0
2024-02-01 00:00:00-05:00,10.083028632981419,10.18378150409119,10.083028632981419,10.176031112670898,605200,0.0,0.0
2024-02-02 00:00:00-05:00,10.106277053386853,10.168278694152832,10.044275412620873,10.168278694152832,446600,0.0,0.0
2024-02-05 00:00:00-05:00,10.16827893637203,10.1837797164917,10.11402768418894,10.1837797164917,688300,0.0,0.0
2024-02-06 00:00:00-05:00,10.20703032372092,10.230280755183836,10.183779892258002,10.222530364990234,575100,0.0,0.0
2024-02-07 00:00:00-05:00,10.230281023919977,10.253531455993652,10.183780159772628,10.253531455993652,693900,0.0,0.0
2024-02-08 00:00:00-05:00,10.245781358734625,10.253531009676582,10.152778895370238,10.1837797164917,527500,0.0,0.0
2024-02-09 00:00:00-05:00,10.190039889464295,10.217432349427066,10.14308085353629,10.158733367919922,422000,0.128,0.0
2024-02-12 00:00:00-05:00,10.150908470153809,10.164995809106616,10.088296913759024,10.150908470153809,381000,0.0,0.0
2024-02-13 00:00:00-05:00,10.056991078964169,10.127428519720432,10.002205407635577,10.096122741699219,453300,0.0,0.0
2024-02-14 00:00:00-05:00,10.072643454150857,10.127428378325943,10.033511045573531,10.080470085144043,340600,0.0,0.0
2024-02-15 00:00:00-05:00,10.135255499655566,10.135255499655566,10.080470572830023,10.111776351928711,308800,0.0,0.0
2024-02-16 00:00:00-05:00,10.096124810433185,10.096124810433185,10.033513241561412,10.041339874267578,331700,0.0,0.0
2024-02-20 00:00:00-05:00,10.041338453696627,10.103950013710602,10.017859305288555,10.072644233703613,289200,0.0,0.0
2024-02-21 00:00:00-05:00,10.111775078380472,10.182213259078202,10.080469303224653,10.158733367919922,372000,0.0,0.0
2024-02-22 00:00:00-05:00,10.182214248351201,10.221346657695099,10.119602691956416,10.150908470153809,435500,0.0,0.0
2024-02-23 00:00:00-05:00,10.166559998306015,10.174386628692108,10.103948447994378,10.158733367919922,315600,0.0,0.0
2024-02-26 00:00:00-05:00,10.127429650027509,10.16656206351869,10.045252253445861,10.103950500488281,461200,0.0,0.0
2024-02-27 00:00:00-05:00,10.080469936556767,10.158734006169182,10.080469936556767,10.135254859924316,228000,0.0,0.0
2024-02-28 00:00:00-05:00,10.17438793182373,10.229172858766105,10.135255521269755,10.17438793182373,266800,0.0,0.0
2024-02-29 00:00:00-05:00,10.205694993237408,10.264393243248922,10.186129158696486,10.260479927062988,399900,0.0,0.0
2024-03-01 00:00:00-05:00,10.29178461328248,10.2996112448202,10.197867273995847,10.244826316833496,463500,0.0,0.0
2024-03-04 00:00:00-05:00,10.24482492959514,10.346568886642476,10.24482492959514,10.33874225616455,558100,0.0,0.0
2024-03-05 00:00:00-05:00,10.330916089152733,10.35830855066579,10.283957796955663,10.3074369430542,384100,0.0,0.0
2024-03-06 00:00:00-05:00,10.33091580005924,10.362221576110779,10.303523339312715,10.346569061279297,346500,0.0,0.0
2024-03-07 00:00:00-05:00,10.34656966686036,10.354395551539858,10.330916404724121,10.330916404724121,374700,0.0,0.0
2024-03-08 00:00:00-05:00,10.353045973942617,10.432076404720183,10.30562711251829,10.329336166381836,438500,0.128,0.0
2024-03-11 00:00:00-04:00,10.313529968261719,10.345142290044933,10.304836071025722,10.313529968261719,306700,0.0,0.0
2024-03-12 00:00:00-04:00,10.313531704469847,10.337240761374206,10.25820956676324,10.32143497467041,388900,0.0,0.0
2024-03-13 00:00:00-04:00,10.353043912489113,10.353043912489113,10.187079061096028,10.194981575012207,586400,0.0,0.0
2024-03-14 00:00:00-04:00,10.234497462458952,10.234497462458952,10.068532606151095,10.084339141845703,551700,0.0,0.0
2024-03-15 00:00:00-04:00,10.100145954452762,10.155468081331804,10.092243439496198,10.115952491760254,348600,0.0,0.0
2024-03-18 00:00:00-04:00,10.123856957136063,10.163371797681405,10.10805041796011,10.139662742614746,368000,0.0,0.0
2024-03-19 00:00:00-04:00,10.163370990317349,10.23054726908422,10.139661937134104,10.202886581420898,490200,0.0,0.0
2024-03-20 00:00:00-04:00,10.234498582745433,10.234498582745433,10.123855835560446,10.147564888000488,430200,0.0,0.0
2024-03-21 00:00:00-04:00,10.155469059490278,10.345143003266184,10.123856735527628,10.28982162475586,610800,0.0,0.0
2024-03-22 00:00:00-04:00,10.313529183796312,10.368850554284794,10.18707990628141,10.305625915527344,460900,0.0,0.0
2024-03-25 00:00:00-04:00,10.34514221513007,10.35304548394294,10.258207765582867,10.281917572021484,259400,0.0,0.0
2024-03-26 00:00:00-04:00,10.321431655772262,10.368849754333496,10.281916071173175,10.368849754333496,394100,0.0,0.0
2024-03-27 00:00:00-04:00,10.39256125746843,10.39256125746843,10.337239878185676,10.353046417236328,285700,0.0,0.0
2024-03-28 00:00:00-04:00,10.364900880652813,10.463689491609161,10.353046729704316,10.408368110656738,976100,0.0,0.0
2024-04-01 00:00:00-04:00,10.471590132013814,10.487396667572593,10.392558961614116,10.432074546813965,547300,0.0,0.0
2024-04-02 00:00:00-04:00,10.392561982168406,10.463689905461747,10.3688529256364,10.424174308776855,494400,0.0,0.0
2024-04-03 00:00:00-04:00,10.392560692346485,10.455785337716565,10.392560692346485,10.439979553222656,480300,0.0,0.0
2024-04-04 00:00:00-04:00,10.471590132013814,10.479493399793204,10.432074546813965,10.432074546813965,522500,0.0,0.0
2024-04-05 00:00:00-04:00,10.439980436014878,10.463689491609161,10.400464840892882,10.408368110656738,351300,0.0,0.0
2024-04-08 00:00:00-04:00,10.439980264922532,10.439980264922532,10.364900710790884,10.416271209716797,669500,0.0,0.0
2024-04-09 00:00:00-04:00,10.447884119006181,10.451835754044401,10.396513617206628,10.424174308776855,452500,0.0,0.0
2024-04-10 00:00:00-04:00,10.350752966247315,10.390655789062011,10.278928037397469,10.310850143432617,500300,0.128,0.0
2024-04-11 00:00:00-04:00,10.326810230978127,10.35075237996064,10.159218993515529,10.302868843078613,636900,0.0,0.0
2024-04-12 00:00:00-04:00,10.278928686948278,10.318831512284532,10.05547393058158,10.079415321350098,566500,0.0,0.0
2024-04-15 00:00:00-04:00,10.11931566125131,10.151237761463214,9.847977428908674,9.959704399108887,870900,0.0,0.0
2024-04-16 00:00:00-04:00,9.895860198685078,10.023549360615599,9.81605532869677,9.959704399108887,534300,0.0,0.0
2024-04-17 00:00:00-04:00,10.007591686153738,10.087397347178698,9.899854272095,10.055475234985352,309700,0.0,0.0
2024-04-18 00:00:00-04:00,10.071434391431781,10.127297889073258,10.01956125234799,10.063453674316406,249300,0.0,0.0
2024-04-19 00:00:00-04:00,10.095376826831751,10.135279655456543,10.039513323406933,10.135279655456543,187100,0.0,0.0
2024-04-22 00:00:00-04:00,10.175181002512474,10.310850143432617,10.175181002512474,10.310850143432617,398700,0.0,0.0
2024-04-23 00:00:00-04:00,10.342769622802734,10.366711005978146,10.310847524874568,10.342769622802734,251800,0.0,0.0
2024-04-24 00:00:00-04:00,10.34277140347157,10.366712790768863,10.227053302882519,10.254985809326172,287200,0.0,0.0
2024-04-25 00:00:00-04:00,10.175181852239202,10.294889569597009,10.02355202618044,10.239026069641113,356600,0.0,0.0
2024-04-26 00:00:00-04:00,10.294887067948599,10.378683058603196,10.270945682511393,10.358731269836426,184100,0.0,0.0
2024-04-29 00:00:00-04:00,10.358731593187706,10.510362148216682,10.345962904628145,10.446517944335938,379600,0.0,0.0
2024-04-30 00:00:00-04:00,10.478442078341835,10.478442078341835,10.374695036645411,10.390656471252441,249900,0.0,0.0
2024-05-01 00:00:00-04:00,10.406616331533458,10.518344081802242,10.398635614853609,10.494401931762695,332900,0.0,0.0
2024-05-02 00:00:00-04:00,10.478443374066682,10.562238632866125,10.426569466262391,10.51036548614502,356400,0.0,0.0
2024-05-03 00:00:00-04:00,10.550266520198312,10.622091450416272,10.51036369662355,10.598149299621582,342200,0.0,0.0
2024-05-06 00:00:00-04:00,10.638052801323024,10.677955627441406,10.614111410085236,10.677955627441406,376800,0.0,0.0
2024-05-07 00:00:00-04:00,10.69391450128487,10.701895217381889,10.574206804161516,10.622090339660645,360700,0.0,0.0
2024-05-08 00:00:00-04:00,10.598149299621582,10.642042481662125,10.542285803266749,10.598149299621582,283700,0.0,0.0
2024-05-09 00:00:00-04:00,10.606127128431488,10.6540106558988,10.534302217771948,10.582185745239258,378500,0.0,0.0
2024-05-10 00:00:00-04:00,10.564458847045898,10.616838365357934,10.528196340061074,10.564458847045898,338700,0.128,0.0
2024-05-13 00:00:00-04:00,10.596691131591797,10.628924382795446,10.528195376721376,10.596691131591797,368100,0.0,0.0
2024-05-14 00:00:00-04:00,10.596694137025683,10.636985904583126,10.572519383891835,10.58863639831543,307500,0.0,0.0
2024-05-15 00:00:00-04:00,10.612809080708832,10.685334094461052,10.612809080708832,10.628925323486328,346800,0.0,0.0
2024-05-16 00:00:00-04:00,10.669217083182161,10.697421084418824,10.580575826652446,10.628925323486328,268700,0.0,0.0
2024-05-17 00:00:00-04:00,10.661158636022488,10.661158636022488,10.556401136140652,10.604750633239746,228000,0.0,0.0
2024-05-20 00:00:00-04:00,10.685333251953125,10.717566503468012,10.645041495434182,10.685333251953125,302000,0.0,0.0
2024-05-21 00:00:00-04:00,10.69339168771135,10.749799685371794,10.685333182759479,10.741741180419922,401100,0.0,0.0
2024-05-22 00:00:00-04:00,10.773974431726081,10.773974431726081,10.69339168771135,10.741741180419922,320400,0.0,0.0
2024-05-23 00:00:00-04:00,10.717569291127804,10.72643318783698,10.63698575712999,10.669219017028809,331100,0.0,0.0
2024-05-24 00:00:00-04:00,10.693393643159387,10.701451381083409,10.620868622332907,10.64504337310791,564400,0.0,0.0
2024-05-28 00:00:00-04:00,10.717569291127804,10.725627798227892,10.61281100433126,10.669219017028809,360900,0.0,0.0
2024-05-29 00:00:00-04:00,10.63698584155261,10.63698584155261,10.552373821834747,10.612811088562012,287400,0.0,0.0
2024-05-30 00:00:00-04:00,10.628926459422544,10.65471352652441,10.540285193419548,10.556402206420898,280000,0.0,0.0
2024-05-31 00:00:00-04:00,10.612810037057294,10.701451301574707,10.583799875241944,10.701451301574707,344200,0.0,0.0
2024-06-03 00:00:00-04:00,10.741741180419922,10.757858190323667,10.689362435235415,10.741741180419922,620800,0.0,0.0
2024-06-04 00:00:00-04:00,10.741743064901337,10.757860077632575,10.685335057344934,10.701451301574707,404400,0.0,0.0
2024-06-05 00:00:00-04:00,10.749802526918572,10.773977279663086,10.707093054185114,10.773977279663086,339300,0.0,0.0
2024-06-06 00:00:00-04:00,10.76591505849355,10.782032067097443,10.705477813231486,10.757857322692871,280200,0.0,0.0
2024-06-07 00:00:00-04:00,10.741740314088979,10.77800281494647,10.685332320977889,10.757857322692871,438700,0.0,0.0
2024-06-10 00:00:00-04:00,10.749801635742188,10.765917880068622,10.677276615019556,10.749801635742188,314500,0.0,0.0
2024-06-11 00:00:00-04:00,10.733685493469238,10.75786101467185,10.68533598806708,10.733685493469238,222800,0.0,0.0
2024-06-12 00:00:00-04:00,10.822325755231601,10.838441998215949,10.705479727464096,10.725625991821289,329700,0.0,0.0
2024-06-13 00:00:00-04:00,10.707727022622247,10.768751148281165,10.702845433993632,10.76468276977539,242100,0.128,0.0
2024-06-14 00:00:00-04:00,10.732135016558916,10.740271772432354,10.675179277372333,10.707725524902344,254800,0.0,0.0
2024-06-17 00:00:00-04:00,10.723999434118085,10.772818419240629,10.610087175559187,10.658906936645508,363900,0.0,0.0
2024-06-18 00:00:00-04:00,10.601949270072172,10.69958800569644,10.587303731315824,10.691452026367188,537100,0.0,0.0
2024-06-20 00:00:00-04:00,10.699588762433073,10.748408521679869,10.618223531640078,10.715862274169922,517100,0.0,0.0
2024-06-21 00:00:00-04:00,10.74026965095242,10.756543159484863,10.715860164117352,10.756543159484863,314300,0.0,0.0
2024-06-24 00:00:00-04:00,10.76468276977539,10.772819526786941,10.715863779633798,10.76468276977539,302300,0.0,0.0
2024-06-25 00:00:00-04:00,10.764681053029996,10.772817808743902,10.715862070674028,10.748408317565918,228000,0.0,0.0
2024-06-26 00:00:00-04:00,10.732134806138106,10.756545073279824,10.715862070674028,10.748408317565918,292100,0.0,0.0
2024-06-27 00:00:00-04:00,10.772819736264374,10.772819736264374,10.719932366588612,10.732136726379395,217900,0.0,0.0
2024-06-28 00:00:00-04:00,10.78095606029891,10.817570690127976,10.732136295205542,10.813502311706543,420700,0.0,0.0
2024-07-01 00:00:00-04:00,10.837911605834961,10.854185119219734,10.805365355029238,10.837911605834961,415200,0.0,0.0
2024-07-02 00:00:00-04:00,10.862319946289062,10.862319946289062,10.81350019077109,10.862319946289062,264400,0.0,0.0
2024-07-03 00:00:00-04:00,10.82163695794985,10.862319958265736,10.82163695794985,10.846046447753906,144200,0.0,0.0
2024-07-05 00:00:00-04:00,10.854183191042118,10.886729436066204,10.829773701264978,10.862319946289062,398300,0.0,0.0
2024-07-08 00:00:00-04:00,10.837913292019513,10.886733063805488,10.811876597709626,10.878596305847168,494500,0.0,0.0
2024-07-09 00:00:00-04:00,10.894866191313147,10.894866191313147,10.862319946289062,10.862319946289062,396700,0.0,0.0
2024-07-10 00:00:00-04:00,10.870456146461189,10.870456146461189,10.797227675641754,10.805363655090332,416500,0.0,0.0
2024-07-11 00:00:00-04:00,10.820154504621156,10.894096459883048,10.779897461627936,10.877664566040039,500800,0.128,0.0
2024-07-12 00:00:00-04:00,10.902310160247604,10.914633294574703,10.885878269790592,10.91052532196045,374000,0.0,0.0
2024-07-15 00:00:00-04:00,10.926960465685019,10.935176413359647,10.844802555970526,10.869449615478516,704700,0.0,0.0
2024-07-16 00:00:00-04:00,10.91874056407147,10.926956508770907,10.84479862880776,10.89409351348877,889600,0.0,0.0
2024-07-17 00:00:00-04:00,10.894093473055666,10.951603518707055,10.87766158371778,10.90230941772461,615700,0.0,0.0
2024-07-18 00:00:00-04:00,10.94338757403811,10.951603518707055,10.87766158371778,10.90230941772461,463000,0.0,0.0
2024-07-19 00:00:00-04:00,10.926960465685019,10.951607525193008,10.844802555970526,10.869449615478516,1848200,0.0,0.0
2024-07-22 00:00:00-04:00,10.885877528386724,10.918740523546889,10.87766158371778,10.90230941772461,298200,0.0,0.0
2024-07-23 00:00:00-04:00,10.943389808357008,10.959821701049805,10.926958699179979,10.959821701049805,380000,0.0,0.0
2024-07-24 00:00:00-04:00,10.959820706010854,10.976251813696106,10.943388814809902,10.968036651611328,476800,0.0,0.0
2024-07-25 00:00:00-04:00,10.99268470291963,10.99268470291963,10.926958699179979,10.959821701049805,416800,0.0,0.0
2024-07-26 00:00:00-04:00,10.943389808357008,10.984468756573232,10.943389808357008,10.959821701049805,308800,0.0,0.0
2024-07-29 00:00:00-04:00,10.968036651611328,10.968036651611328,10.935173652725124,10.968036651611328,365300,0.0,0.0
2024-07-30 00:00:00-04:00,10.984468756573232,10.99268470291963,10.951605754703406,10.959821701049805,390400,0.0,0.0
2024-07-31 00:00:00-04:00,10.976253169844005,11.017332119406108,10.976253169844005,11.009116172790527,387500,0.0,0.0
2024-08-01 00:00:00-04:00,11.050192541405744,11.083055536676596,11.017329546134894,11.07483959197998,530600,0.0,0.0
2024-08-02 00:00:00-04:00,11.041978709960057,11.083057657789352,10.992684599377514,11.06662654876709,615000,0.0,0.0
2024-08-05 00:00:00-04:00,10.885879096742196,10.968036988237104,10.762643043015553,10.935173988342285,969500,0.0,0.0
2024-08-06 00:00:00-04:00,10.918741267188956,10.976251316757176,10.80372038453685,10.91052532196045,663800,0.0,0.0
2024-08-07 00:00:00-04:00,10.935174213721787,10.968037214293929,10.795506265411246,10.80372142791748,632900,0.0,0.0
2024-08-08 00:00:00-04:00,10.910525939644952,10.963928803137911,10.869446994692453,10.943388938903809,309600,0.0,0.0
2024-08-09 00:00:00-04:00,10.910525605667049,11.009114600425752,10.902310443740586,10.976251602172852,419500,0.0,0.0
2024-08-12 00:00:00-04:00,11.02436893020864,11.053402130470463,10.999483442997844,11.049254417419434,386200,0.128,0.0
2024-08-13 00:00:00-04:00,11.040954953113298,11.069988140676044,10.995330920603255,11.032659530639648,456000,0.0,0.0
2024-08-14 00:00:00-04:00,11.06584299367081,11.06584299367081,10.970447986403526,11.057547569274902,313800,0.0,0.0
2024-08-15 00:00:00-04:00,11.090726552252782,11.128055164465092,11.074136497433464,11.115612030029297,362700,0.0,0.0
2024-08-16 00:00:00-04:00,11.123909076632,11.132204500799995,11.082432746887207,11.082432746887207,413500,0.0,0.0
2024-08-19 00:00:00-04:00,11.107317973812073,11.1861221227043,11.107317973812073,11.181974411010742,434100,0.0,0.0
2024-08-20 00:00:00-04:00,11.181973029399462,11.181973029399462,11.157087553408013,11.173678398132324,266500,0.0,0.0
2024-08-21 00:00:00-04:00,11.165382929939913,11.173678352268018,11.115611187066294,11.152939796447754,366200,0.0,0.0
2024-08-22 00:00:00-04:00,11.173680445841507,11.181975078628733,11.13220411752472,11.148794174194336,332000,0.0,0.0
2024-08-23 00:00:00-04:00,11.181973029399462,11.19856387412377,11.157087553408013,11.173678398132324,682100,0.0,0.0
2024-08-26 00:00:00-04:00,11.173680080620933,11.206860983970785,11.157089233398438,11.157089233398438,660500,0.0,0.0
2024-08-27 00:00:00-04:00,11.15708725148062,11.256629943847656,11.15708725148062,11.256629943847656,563700,0.0,0.0
2024-08-28 00:00:00-04:00,11.281516801871447,11.281516801871447,11.240869547703298,11.264925956726074,379900,0.0,0.0
2024-08-29 00:00:00-04:00,11.273221669952163,11.30225485861008,11.264926247165597,11.298107147216797,422900,0.0,0.0
2024-08-30 00:00:00-04:00,11.3146994425091,11.405946731567383,11.3146994425091,11.405946731567383,622200,0.0,0.0
2024-09-03 00:00:00-04:00,11.430830955505371,11.439126378442943,11.376912288601298,11.430830955505371,754000,0.0,0.0
2024-09-04 00:00:00-04:00,11.364470386907293,11.472308523507794,11.30640400223593,11.46401309967041,559500,0.0,0.0
2024-09-05 00:00:00-04:00,11.472307431187623,11.488898277282715,11.464012008140077,11.488898277282715,505600,0.0,0.0
2024-09-06 00:00:00-04:00,11.505487079076715,11.513782501220703,11.480601603739752,11.513782501220703,455800,0.0,0.0
2024-09-09 00:00:00-04:00,11.480603791452426,11.546965599060059,11.476456079590056,11.546965599060059,568800,0.0,0.0
2024-09-10 00:00:00-04:00,11.57185048829127,11.57185048829127,11.522079530674379,11.53866958618164,436200,0.0,0.0
2024-09-11 00:00:00-04:00,11.53866958618164,11.55526043278401,11.497193260770826,11.53866958618164,445500,0.0,0.0
2024-09-12 00:00:00-04:00,11.571852095595979,11.571852095595979,11.538671188877593,11.563556671142578,637500,0.0,0.0
2024-09-13 00:00:00-04:00,11.56187972234357,11.637228012084961,11.56187972234357,11.637228012084961,759400,0.128,0.0
2024-09-16 00:00:00-04:00,11.679088730837583,11.679088730837583,11.57862354587005,11.662344932556152,632200,0.0,0.0
2024-09-17 00:00:00-04:00,11.670716800016901,11.679089098634435,11.469786423754154,11.561880111694336,801000,0.0,0.0
2024-09-18 00:00:00-04:00,11.586998815879653,11.637231022033047,11.54513811180081,11.628859519958496,594300,0.0,0.0
2024-09-19 00:00:00-04:00,11.670718447354437,11.70420684812516,11.57862554484156,11.603741645812988,628500,0.0,0.0
2024-09-20 00:00:00-04:00,11.637229807364953,11.68746280670166,11.616299856723414,11.68746280670166,518300,0.0,0.0
2024-09-23 00:00:00-04:00,11.704206607529605,11.720951206783987,11.68746280670166,11.68746280670166,397600,0.0,0.0
2024-09-24 00:00:00-04:00,11.712578773498535,11.737695672093485,11.689136973551056,11.712578773498535,508600,0.0,0.0
2024-09-25 00:00:00-04:00,11.762810830490654,11.77118312935199,11.72932243347168,11.72932243347168,421800,0.0,0.0
2024-09-26 00:00:00-04:00,11.77118298973091,11.779554490066584,11.712577696823063,11.746066093444824,456700,0.0,0.0
2024-09-27 00:00:00-04:00,11.804673174504815,11.804673174504815,11.762812472780038,11.779556274414062,565700,0.0,0.0
2024-09-30 00:00:00-04:00,11.804673053396154,11.821416854858398,11.775370003590908,11.821416854858398,598400,0.0,0.0
2024-10-01 00:00:00-04:00,11.871647696334868,11.938624486851952,11.838159301076326,11.888391494750977,811600,0.0,0.0
2024-10-02 00:00:00-04:00,11.888392216869091,11.976299758778847,11.888392216869091,11.972113609313965,668900,0.0,0.0
2024-10-03 00:00:00-04:00,11.955370774404836,11.993045326717917,11.955370774404836,11.988859176635742,622300,0.0,0.0
2024-10-04 00:00:00-04:00,12.013976097106934,12.08513905176926,11.98885919657212,12.013976097106934,774800,0.0,0.0
2024-10-07 00:00:00-04:00,12.055833947561508,12.080950843817925,12.013974050653522,12.030717849731445,609000,0.0,0.0
2024-10-08 00:00:00-04:00,12.055833947561508,12.064206246313647,12.005601751901384,12.030717849731445,407000,0.0,0.0
2024-10-09 00:00:00-04:00,12.039088845897911,12.047461143744199,11.84234463706778,11.871646881103516,739500,0.0,0.0
2024-10-10 00:00:00-04:00,11.92188301442935,11.92188301442935,11.737697191450147,11.813045501708984,738300,0.0,0.0
2024-10-11 00:00:00-04:00,11.853598211922327,11.853598211922327,11.73531620576469,11.819803237915039,374100,0.128,0.0
2024-10-14 00:00:00-04:00,11.836700812225114,11.836700812225114,11.659277001982968,11.701520919799805,771100,0.0,0.0
2024-10-15 00:00:00-04:00,11.743762201221475,11.760660088008393,11.474247675149076,11.54944133758545,1141900,0.0,0.0
2024-10-16 00:00:00-04:00,11.515648503569848,11.701521263989791,11.4903024744285,11.693072319030762,671600,0.0,0.0
2024-10-17 00:00:00-04:00,11.811353978093583,11.811353978093583,11.650828057272456,11.701520919799805,451500,0.0,0.0
2024-10-18 00:00:00-04:00,11.718416213989258,11.760660125355113,11.705742798858823,11.718416213989258,354800,0.0,0.0
2024-10-21 00:00:00-04:00,11.743764570754472,11.802906380706109,11.726867486293827,11.79445743560791,544100,0.0,0.0
2024-10-22 00:00:00-04:00,11.802907070846501,11.811355210702928,11.680399776966627,11.777560234069824,606300,0.0,0.0
2024-10-23 00:00:00-04:00,11.769109068775402,11.819801117825955,11.718416213989258,11.718416213989258,624700,0.0,0.0
2024-10-24 00:00:00-04:00,11.709969246378794,11.75728285407423,11.617033270281404,11.633931159973145,435300,0.0,0.0
2024-10-25 00:00:00-04:00,11.726865604098586,11.726865604098586,11.600133865173671,11.667724609375,595200,0.0,0.0
2024-10-28 00:00:00-04:00,11.73531612102417,11.73531612102417,11.524097333569898,11.566340446472168,726000,0.0,0.0
2024-10-29 00:00:00-04:00,11.583240502057865,11.61703548214011,11.329777748573086,11.372021675109863,934000,0.0,0.0
2024-10-30 00:00:00-04:00,11.38891613777781,11.515647888183594,11.34667302671158,11.515647888183594,555500,0.0,0.0
2024-10-31 00:00:00-04:00,11.515647686715912,11.566339741402805,11.346672828200134,11.414262771606445,688000,0.0,0.0
2024-11-01 00:00:00-04:00,11.490302045840643,11.519872546358526,11.422712100160991,11.448058128356934,731400,0.0,0.0
2024-11-04 00:00:00-05:00,11.456506873025981,11.507198928533029,11.346673011779785,11.346673011779785,612200,0.0,0.0
2024-11-05 00:00:00-05:00,11.380467191175368,11.431159243150804,11.372018247267583,11.405813217163086,336300,0.0,0.0
2024-11-06 00:00:00-05:00,11.481854947493778,11.481854947493778,11.27908507784917,11.363572120666504,829500,0.0,0.0
2024-11-07 00:00:00-05:00,11.405814522530642,11.579013863784287,11.372019548767389,11.566340446472168,844000,0.0,0.0
2024-11-08 00:00:00-05:00,11.667725640534305,11.684622723776236,11.549442834898024,11.642378807067871,689700,0.0,0.0
2024-11-11 00:00:00-05:00,11.608584019999777,11.642378992758344,11.524096990971213,11.574789047241211,578400,0.0,0.0
2024-11-12 00:00:00-05:00,11.5389706854816,11.619991034187668,11.44515820662998,11.496328353881836,522200,0.128,0.0
2024-11-13 00:00:00-05:00,11.530442319235604,11.547498763060148,11.31723148475271,11.393986701965332,682400,0.0,0.0
2024-11-14 00:00:00-05:00,11.385460614964575,11.402517061378182,11.274590866603937,11.359874725341797,601900,0.0,0.0
2024-11-15 00:00:00-05:00,11.266060323679401,11.39398649673095,11.163719222571206,11.342816352844238,660100,0.0,0.0
2024-11-18 00:00:00-05:00,11.368399808508965,11.428098572334171,11.334286112989611,11.40251350402832,394800,0.0,0.0
2024-11-19 00:00:00-05:00,11.411044504017134,11.5389706854816,11.402515875030216,11.496328353881836,420100,0.0,0.0
2024-11-20 00:00:00-05:00,11.504855319260718,11.53044120252174,11.419571481728104,11.521912574768066,404600,0.0,0.0
2024-11-21 00:00:00-05:00,11.496328774331902,11.564556995387699,11.483536643718509,11.556028366088867,309700,0.0,0.0
2024-11-22 00:00:00-05:00,11.530441573186984,11.641310484209978,11.530441573186984,11.590140342712402,480200,0.0,0.0
2024-11-25 00:00:00-05:00,11.598669052124023,11.64131056589296,11.56455535310803,11.598669052124023,501600,0.0,0.0
2024-11-26 00:00:00-05:00,11.581613440650507,11.62425577380981,11.513386032929565,11.556028366088867,318700,0.0,0.0
2024-11-27 00:00:00-05:00,11.607197922632045,11.624255180358887,11.521914074002275,11.624255180358887,339900,0.0,0.0
2024-11-29 00:00:00-05:00,11.64130982002955,11.683952144401115,11.598668308992671,11.6498384475708,400500,0.0,0.0
2024-12-02 00:00:00-05:00,11.649838796918912,11.726594820422504,11.598668656806325,11.701009750366211,897100,0.0,0.0
2024-12-03 00:00:00-05:00,11.726594761611976,11.743652017120436,11.683952436175536,11.709537506103516,940000,0.0,0.0
2024-12-04 00:00:00-05:00,11.74365331850936,11.760709762573242,11.709538803711993,11.760709762573242,613900,0.0,0.0
2024-12-05 00:00:00-05:00,11.726594135477985,11.769236458637565,11.718065508179135,11.743651390075684,356500,0.0,0.0
2024-12-06 00:00:00-05:00,11.803350530449523,11.824671286041072,11.777765461072725,11.81187915802002,717000,0.0,0.0
2024-12-09 00:00:00-05:00,11.811879681793343,11.850257694227677,11.752180099487305,11.752180099487305,788500,0.0,0.0
2024-12-10 00:00:00-05:00,11.76923942565918,11.794824500671051,11.718068462300566,11.76923942565918,636400,0.0,0.0
2024-12-11 00:00:00-05:00,11.769237355384666,11.769237355384666,11.73512365692467,11.752180099487305,575600,0.0,0.0
2024-12-12 00:00:00-05:00,11.72463412766902,11.7504590833203,11.664375624162522,11.681591987609863,688800,0.128,0.0
2024-12-13 00:00:00-05:00,11.707416667288546,11.707416667288546,11.586898850607001,11.6299409866333,581600,0.0,0.0
2024-12-16 00:00:00-05:00,11.621333624435117,11.635968067166422,11.572265633432798,11.604116439819336,591700,0.0,0.0
2024-12-17 00:00:00-05:00,11.586900351368486,11.6299424929697,11.492208296614267,11.526641845703125,586200,0.0,0.0
2024-12-18 00:00:00-05:00,11.586900225345222,11.621333774059568,11.375994636849777,11.397515296936035,572300,0.0,0.0
2024-12-19 00:00:00-05:00,11.371690163064718,11.390628901898065,11.216738785789538,11.302823066711426,1263400,0.0,0.0
2024-12-20 00:00:00-05:00,11.251171159016815,11.38890533733995,11.225346205821342,11.29421329498291,999900,0.0,0.0
2024-12-23 00:00:00-05:00,11.294214474427129,11.337256614888073,11.216738785789538,11.302823066711426,1222800,0.0,0.0
2024-12-24 00:00:00-05:00,11.302823385052564,11.320039749145508,11.216739101706132,11.320039749145508,576700,0.0,0.0
2024-12-26 00:00:00-05:00,11.328649535020887,11.518034485756315,11.32004094158731,11.50081729888916,1230100,0.0,0.0
2024-12-27 00:00:00-05:00,11.535248572360839,11.569682118330613,11.388905796749174,11.440556526184082,999300,0.0,0.0
2024-12-30 00:00:00-05:00,11.371688991435965,11.655765939864896,11.34586403820437,11.6299409866333,1846800,0.0,0.0
2024-12-31 00:00:00-05:00,11.595508976164085,11.793501678736114,11.561075426979361,11.698809623718262,1699700,0.0,0.0
2025-01-02 00:00:00-05:00,11.655768469579005,11.78489408472227,11.655768469579005,11.741852760314941,772200,0.0,0.0
2025-01-03 00:00:00-05:00,11.724634437879118,11.819326491746194,11.719469774996432,11.776285171508789,564400,0.0,0.0
2025-01-06 00:00:00-05:00,11.88819458685259,11.931235907729427,11.836543852455588,11.870977401733398,1664500,0.0,0.0
2025-01-07 00:00:00-05:00,11.836543627451896,11.88819436086706,11.81502296742257,11.8623685836792,1004700,0.0,0.0
2025-01-08 00:00:00-05:00,11.836544393471403,11.905411495174752,11.8107194355728,11.89680290222168,790800,0.0,0.0
2025-01-10 00:00:00-05:00,11.862367766519776,11.879584950125647,11.759067127766048,11.784892082214355,850800,0.0,0.0
2025-01-13 00:00:00-05:00,11.731017930643393,11.731017930643393,11.618052473347682,11.644121170043945,1091700,0.128,0.0
2025-01-14 00:00:00-05:00,11.635431178839152,11.67018971441523,11.531155572110915,11.583292961120605,741800,0.0,0.0
2025-01-15 00:00:00-05:00,11.644120333949616,11.704948393485102,11.626741480302954,11.67018985748291,741700,0.0,0.0
2025-01-16 00:00:00-05:00,11.704947471618652,11.717981403649897,11.621526328816438,11.704947471618652,407500,0.0,0.0
2025-01-17 00:00:00-05:00,11.817914895638584,11.852673434737742,11.757086830683354,11.774466514587402,450600,0.0,0.0
2025-01-21 00:00:00-05:00,11.861360618073283,11.930877685546875,11.800533391211093,11.930877685546875,786500,0.0,0.0
2025-01-22 00:00:00-05:00,11.939568488320072,11.939568488320072,11.87005141524438,11.904809951782227,352600,0.0,0.0
2025-01-23 00:00:00-05:00,11.930878686124782,11.939568527464955,11.861361612821172,11.91349983215332,354900,0.0,0.0
2025-01-24 00:00:00-05:00,11.904810320337328,11.93087901637054,11.896120478756622,11.918713569641113,307600,0.0,0.0
2025-01-27 00:00:00-05:00,11.904810029787173,11.956948249290011,11.896120188418552,11.922189712524414,535700,0.0,0.0
2025-01-28 00:00:00-05:00,11.948258399963379,11.965638082689045,11.92827242779597,11.948258399963379,384000,0.0,0.0
2025-01-29 00:00:00-05:00,11.94825657328831,11.965636253356934,11.922187881894134,11.965636253356934,511300,0.0,0.0
2025-01-30 00:00:00-05:00,11.983016998661338,12.026465376991258,11.965638144554703,12.017775535583496,489600,0.0,0.0
2025-01-31 00:00:00-05:00,12.052534064424396,12.074258667929234,12.026465368927479,12.043844223022461,486900,0.0,0.0
2025-02-03 00:00:00-05:00,11.913499018697982,12.06122299655876,11.913499018697982,12.026464462280273,711900,0.0,0.0
2025-02-04 00:00:00-05:00,12.052534064424396,12.087292601323249,12.026465368927479,12.043844223022461,526100,0.0,0.0
2025-02-05 00:00:00-05:00,12.069912028508545,12.139429092407227,12.05253234817949,12.139429092407227,601700,0.0,0.0
2025-02-06 00:00:00-05:00,12.156808932149902,12.191567466924464,12.148119091279051,12.174188613891602,536100,0.0,0.0
2025-02-07 00:00:00-05:00,12.17419040657832,12.182880248728775,12.139431866685456,12.148120880126953,380500,0.0,0.0
2025-02-10 00:00:00-05:00,12.165498727154045,12.195912341378516,12.156808886315957,12.191567420959473,395500,0.0,0.0
2025-02-11 00:00:00-05:00,12.20025912510526,12.208948967270521,12.043845280966424,12.095983505249023,684200,0.0,0.0
2025-02-12 00:00:00-05:00,12.017775558281082,12.100327394392956,11.99170686271745,12.07860279083252,476500,0.0,0.0
2025-02-13 00:00:00-05:00,12.129469313823801,12.129469313823801,12.024224560564164,12.111928939819336,579200,0.128,0.0
2025-02-14 00:00:00-05:00,12.129472397293267,12.129472397293267,12.068079818054423,12.120701789855957,443300,0.0,0.0
2025-02-18 00:00:00-05:00,12.1382417678833,12.164552751103065,12.103160178119925,12.1382417678833,810500,0.0,0.0
2025-02-19 00:00:00-05:00,12.147012647475423,12.22594559890902,12.12070082725313,12.173323631286621,823300,0.0,0.0
2025-02-20 00:00:00-05:00,12.173323014004266,12.217175209073346,12.16455240770824,12.182093620300293,631300,0.0,0.0
2025-02-21 00:00:00-05:00,12.18209294654622,12.234714908589915,12.164551734924316,12.164551734924316,439100,0.0,0.0
2025-02-24 00:00:00-05:00,12.164553296417141,12.208405494689941,12.129471705081123,12.208405494689941,726600,0.0,0.0
2025-02-25 00:00:00-05:00,12.234716415405273,12.278568613449815,12.20840543114299,12.234716415405273,401400,0.0,0.0
2025-02-26 00:00:00-05:00,12.269796371459961,12.269796371459961,12.208403804225568,12.269796371459961,446800,0.0,0.0
2025-02-27 00:00:00-05:00,12.287337920110986,12.32241950755211,12.243485726706824,12.27856731414795,507600,0.0,0.0
2025-02-28 00:00:00-05:00,12.269797870412628,12.339961051940918,12.261027263618816,12.339961051940918,563300,0.0,0.0
2025-03-03 00:00:00-05:00,12.339961451658267,12.361887969353042,12.29260134441313,12.322421073913574,635900,0.0,0.0
2025-03-04 00:00:00-05:00,12.313650466835664,12.339961451658267,12.155782885077794,12.322421073913574,565200,0.0,0.0
2025-03-05 00:00:00-05:00,12.313650402910516,12.383813586347296,12.287339418224505,12.348731994628906,421600,0.0,0.0
2025-03-06 00:00:00-05:00,12.261027660779332,12.357502665814087,12.261027660779332,12.322421073913574,445700,0.0,0.0
2025-03-07 00:00:00-05:00,12.357502665814087,12.366273272891997,12.296110089090972,12.322421073913574,591200,0.0,0.0
2025-03-10 00:00:00-04:00,12.322420747629216,12.36627294544648,12.2355937472437,12.261027336120605,771300,0.0,0.0
2025-03-11 00:00:00-04:00,12.296108999261609,12.296108999261609,12.0768488602141,12.129470825195312,934100,0.0,0.0
2025-03-12 00:00:00-04:00,12.199634270717251,12.217175483703613,12.103160108525472,12.217175483703613,733800,0.0,0.0
2025-03-13 00:00:00-04:00,12.215403710552007,12.215403710552007,12.002962112426758,12.002962112426758,750400,0.128,0.0
2025-03-14 00:00:00-04:00,12.038369178771973,12.078202084382587,11.985258356568524,12.038369178771973,467900,0.0,0.0
2025-03-17 00:00:00-04:00,12.10033124595375,12.118034290788085,12.029517378280625,12.091479301452637,658600,0.0,0.0
2025-03-18 00:00:00-04:00,12.082629203796387,12.109185041358819,12.056074210401974,12.082629203796387,461900,0.0,0.0
2025-03-19 00:00:00-04:00,12.144591331481934,12.188850214219007,12.100332448744858,12.144591331481934,831800,0.0,0.0
2025-03-20 00:00:00-04:00,12.162294506877641,12.197701444608674,12.153442561402887,12.179998397827148,352700,0.0,0.0
2025-03-21 00:00:00-04:00,12.188849520035362,12.233107556083862,12.17114563028162,12.215404510498047,442100,0.0,0.0
2025-03-24 00:00:00-04:00,12.259663592306678,12.286218583206022,12.25081164728425,12.277366638183594,490200,0.0,0.0
2025-03-25 00:00:00-04:00,12.321626535705763,12.337559362726296,12.268515705357302,12.286219596862793,419200,0.0,0.0
2025-03-26 00:00:00-04:00,12.303921629082938,12.321625519127794,12.224256656384906,12.277366638183594,505900,0.0,0.0
2025-03-27 00:00:00-04:00,12.215404641125076,12.281792540075683,12.18884965037842,12.250811576843262,279800,0.0,0.0
2025-03-28 00:00:00-04:00,12.250811576843262,12.321625448279633,12.193274778696251,12.250811576843262,443500,0.0,0.0
2025-03-31 00:00:00-04:00,12.321626535705763,12.339329583043243,12.148132282124806,12.286219596862793,728200,0.0,0.0
2025-04-01 00:00:00-04:00,12.295071542615538,12.339329583043243,12.237534739390705,12.286219596862793,732000,0.0,0.0
2025-04-02 00:00:00-04:00,12.233105720940795,12.30834555277128,12.215402678010694,12.241957664489746,571600,0.0,0.0
2025-04-03 00:00:00-04:00,12.082627799588792,12.233107484948857,12.03836976379765,12.188849449157715,996000,0.0,0.0
2025-04-04 00:00:00-04:00,12.011813659928524,12.046335906306162,11.33908190747643,11.392191886901855,2595900,0.0,0.0
2025-04-07 00:00:00-04:00,11.04697435749108,11.206305994394418,10.453908380038786,10.834532737731934,2930000,0.0,0.0
2025-04-08 00:00:00-04:00,11.241712412844537,11.595782606957197,10.896495007690392,10.949604988098145,1597600,0.0,0.0
2025-04-09 00:00:00-04:00,10.887643013173053,11.825927208325185,10.869939123672713,11.68429946899414,1597000,0.0,0.0
2025-04-10 00:00:00-04:00,11.666596899537854,11.684299945592379,11.13549201121495,11.29482364654541,1116800,0.0,0.0
2025-04-11 00:00:00-04:00,11.248328016155186,11.409274159867781,11.106158808846141,11.364566802978516,938300,0.128,0.0
2025-04-14 00:00:00-04:00,11.57915987266419,11.623867224842565,11.310916612315769,11.516570091247559,665100,0.0,0.0
2025-04-15 00:00:00-04:00,11.507628007322584,11.771400437028012,11.471862297500921,11.757987976074219,712600,0.0,0.0
2025-04-16 00:00:00-04:00,11.677517890930176,11.757990113113573,11.64175217460802,11.677517890930176,500600,0.0,0.0
2025-04-17 00:00:00-04:00,11.695398197066757,11.775871257345942,11.677515768516818,11.757987976074219,384700,0.0,0.0
2025-04-21 00:00:00-04:00,11.686456834492823,11.695398475341438,11.55859461070049,11.64175033569336,541500,0.0,0.0
2025-04-22 00:00:00-04:00,11.695401128327543,11.793756641807866,11.648011955979367,11.740108489990234,352200,0.0,0.0
2025-04-23 00:00:00-04:00,11.892110824584961,11.945758966552642,11.77587204669253,11.892110824584961,541500,0.0,0.0
2025-04-24 00:00:00-04:00,11.892111636170627,11.972584707335933,11.892111636170627,11.95470142364502,310000,0.0,0.0
2025-04-25 00:00:00-04:00,11.981526244792455,12.07004645805864,11.918936453408877,12.061999320983887,438800,0.0,0.0
2025-04-28 00:00:00-04:00,12.07988260579174,12.09776503787764,11.990467887196381,12.061999320983887,351500,0.0,0.0
2025-04-29 00:00:00-04:00,12.106706611224993,12.187179686957407,12.053057609829402,12.09776496887207,539300,0.0,0.0
2025-04-30 00:00:00-04:00,12.070939000835274,12.1335287820427,11.909992874619824,12.106704711914062,643100,0.0,0.0
2025-05-01 00:00:00-04:00,12.169294429791288,12.187177711598522,12.100445670821417,12.142470359802246,415700,0.0,0.0
2025-05-02 00:00:00-04:00,12.160353660583496,12.205060159727719,12.133528737830789,12.160353660583496,487400,0.0,0.0
2025-05-05 00:00:00-04:00,12.026231693017381,12.106704756420942,11.927876200369592,12.053055763244629,605000,0.0,0.0
2025-05-06 00:00:00-04:00,12.044116888897987,12.088824248195666,11.999409529600308,12.061999320983887,410800,0.0,0.0
2025-05-07 00:00:00-04:00,12.097765053874681,12.142472413231479,12.04411690482409,12.079882621765137,371600,0.0,0.0
2025-05-08 00:00:00-04:00,12.142472397175318,12.142472397175318,12.061999320983887,12.061999320983887,448700,0.0,0.0
2025-05-09 00:00:00-04:00,12.115646416288856,12.115646416288856,12.061997423028918,12.070939064025879,478200,0.0,0.0
2025-05-12 00:00:00-04:00,12.141349740055412,12.18648504201752,12.096214438093307,12.177457809448242,538300,0.128,0.0
2025-05-13 00:00:00-04:00,12.258701430785651,12.258701430785651,12.141349987644826,12.186485290527344,449700,0.0,0.0
2025-05-14 00:00:00-04:00,12.150377467804882,12.227107226002245,12.141350234867705,12.195512771606445,446200,0.0,0.0
2025-05-15 00:00:00-04:00,12.195512274586797,12.231620343979626,12.168430576878965,12.177457809448242,268300,0.0,0.0
2025-05-16 00:00:00-04:00,12.186486738707636,12.204541206359863,12.147670321962867,12.204541206359863,294700,0.0,0.0
2025-05-19 00:00:00-04:00,12.118780822786976,12.222591400146484,12.118780822786976,12.222591400146484,264400,0.0,0.0
2025-05-20 00:00:00-04:00,12.222593058946545,12.231620291477075,12.195512222239234,12.213565826416016,239700,0.0,0.0
2025-05-21 00:00:00-04:00,12.186484390834593,12.209051610167629,11.942754289793468,11.960808753967285,524300,0.0,0.0
2025-05-22 00:00:00-04:00,11.960809406675963,12.005944708689334,11.852485198374447,11.987890243530273,531100,0.0,0.0
2025-05-23 00:00:00-04:00,11.924702532179458,12.014973145251934,11.924702532179458,11.996918678283691,343000,0.0,0.0
2025-05-27 00:00:00-04:00,12.060107839615744,12.069135073286033,11.978865319236318,12.005946159362793,438200,0.0,0.0
2025-05-28 00:00:00-04:00,12.023999765818981,12.051081466829844,11.978865319236318,12.005946159362793,264300,0.0,0.0
2025-05-29 00:00:00-04:00,12.023999709075195,12.078162249956927,11.987891635448833,12.042054176330566,305900,0.0,0.0
2025-05-30 00:00:00-04:00,12.042053817445174,12.105242729187012,12.023999350727873,12.105242729187012,248100,0.0,0.0
2025-06-02 00:00:00-04:00,12.105241917515674,12.222593360656496,12.078161080139884,12.186485290527344,495800,0.0,0.0
2025-06-03 00:00:00-04:00,12.231620343979626,12.258701180803177,12.150376972624692,12.177457809448242,320000,0.0,0.0
2025-06-04 00:00:00-04:00,12.141349740055412,12.204539507156074,12.132322507486135,12.177457809448242,519900,0.0,0.0
2025-06-05 00:00:00-04:00,12.177457862029208,12.213565931577948,12.114268955539984,12.141349792480469,312400,0.0,0.0
2025-06-06 00:00:00-04:00,12.150375821154617,12.186483887125545,12.123294986897468,12.13232135772705,331700,0.0,0.0
2025-06-09 00:00:00-04:00,12.141350094205267,12.153085669064497,12.096214790926613,12.114269256591797,403300,0.0,0.0
2025-06-10 00:00:00-04:00,12.114268955539984,12.177457862029208,12.114268955539984,12.141349792480469,503300,0.0,0.0
2025-06-11 00:00:00-04:00,12.168430576878965,12.177457809448242,12.096214438093307,12.177457809448242,431800,0.0,0.0
2025-06-12 00:00:00-04:00,12.175636524506615,12.257658169208725,12.14829626598296,12.212090492248535,291800,0.128,0.0
2025-06-13 00:00:00-04:00,12.166523217364494,12.188394901865106,12.106374129442802,12.139182090759277,354300,0.0,0.0
2025-06-16 00:00:00-04:00,12.139182572765145,12.184750249785397,12.120956023435735,12.130069732666016,325500,0.0,0.0
2025-06-17 00:00:00-04:00,12.102728843688965,12.164700503241127,11.966026679063052,12.102728843688965,346300,0.0,0.0
2025-06-18 00:00:00-04:00,12.157410621643066,12.157410621643066,12.102729232557056,12.157410621643066,211200,0.0,0.0
2025-06-20 00:00:00-04:00,12.166525056672485,12.196599605179934,12.120957374572754,12.120957374572754,239100,0.0,0.0
2025-06-23 00:00:00-04:00,12.130069251021988,12.166523217364494,12.084501575811075,12.139182090759277,331800,0.0,0.0
2025-06-24 00:00:00-04:00,12.157409742547317,12.184750000547766,12.152852888025388,12.175636291503906,335200,0.0,0.0
2025-06-25 00:00:00-04:00,12.139180584072353,12.239429630919904,12.139180584072353,12.193861961364746,407800,0.0,0.0
2025-06-26 00:00:00-04:00,12.184748886630073,12.239430266763184,12.175635178419379,12.221202850341797,324500,0.0,0.0
2025-06-27 00:00:00-04:00,12.22120301089043,12.257656975081046,12.175635338369394,12.23943042755127,310500,0.0,0.0
2025-06-30 00:00:00-04:00,12.212090955488343,12.284998893737793,12.212090955488343,12.284998893737793,590200,0.0,0.0
2025-07-01 00:00:00-04:00,12.284998893737793,12.29411260330177,12.248544924613068,12.284998893737793,493800,0.0,0.0
2025-07-02 00:00:00-04:00,12.284999218719053,12.29411292852412,12.230318698151065,12.257658958435059,314300,0.0,0.0
2025-07-03 00:00:00-04:00,12.24854357815153,12.294111251831055,12.22120332159625,12.294111251831055,313600,0.0,0.0
2025-07-07 00:00:00-04:00,12.29411260330177,12.339680281990471,12.275886053304998,12.284998893737793,533800,0.0,0.0
2025-07-08 00:00:00-04:00,12.330566572426495,12.339680281990471,12.284998893737793,12.284998893737793,319400,0.0,0.0
2025-07-09 00:00:00-04:00,12.303226312865746,12.330566572426495,12.284998893737793,12.284998893737793,463700,0.0,0.0
2025-07-10 00:00:00-04:00,12.321452216588158,12.34879247278635,12.275884543503787,12.339678764343262,495400,0.0,0.0
2025-07-11 00:00:00-04:00,12.28263611085037,12.337838476839705,12.273435424043551,12.319437980651855,429200,0.128,0.0
2025-07-14 00:00:00-04:00,12.328638381592235,12.351640099712963,12.291836510024902,12.310237884521484,487000,0.0,0.0
2025-07-15 00:00:00-04:00,12.310237580166405,12.332318878046037,12.264235022488135,12.328638076782227,330100,0.0,0.0
2025-07-16 00:00:00-04:00,12.319438513850365,12.328638323629573,12.264235268045987,12.282636642456055,479700,0.0,0.0
2025-07-17 00:00:00-04:00,12.30103641206485,12.310237098725835,12.236633360289495,12.26423454284668,515500,0.0,0.0
2025-07-18 00:00:00-04:00,12.301037962066367,12.46664683312869,12.255035400390625,12.255035400390625,336800,0.0,0.0
2025-07-21 00:00:00-04:00,12.255034580840952,12.31023782664533,12.23663408385671,12.282636642456055,355700,0.0,0.0
2025-07-22 00:00:00-04:00,12.347039450823857,12.420643192138762,12.29459658771618,12.328638076782227,315100,0.0,0.0
2025-07-23 00:00:00-04:00,12.374642372131348,12.402243559643797,12.347041184618899,12.374642372131348,421200,0.0,0.0
2025-07-24 00:00:00-04:00,12.337840496306105,12.41144424795659,12.337840496306105,12.374642372131348,267500,0.0,0.0
2025-07-25 00:00:00-04:00,12.383840983131247,12.44732449344425,12.365439609592377,12.420642852783203,415400,0.0,0.0
2025-07-28 00:00:00-04:00,12.429844322487964,12.466646194458008,12.420643635138992,12.466646194458008,392200,0.0,0.0
2025-07-29 00:00:00-04:00,12.457444722435158,12.48504590531768,12.402241479244333,12.420642852783203,417700,0.0,0.0
2025-07-30 00:00:00-04:00,12.457445449579705,12.460205831256816,12.393042393286004,12.439044952392578,622900,0.0,0.0
2025-07-31 00:00:00-04:00,12.50344727885655,12.50344727885655,12.40684182262905,12.420642852783203,881900,0.0,0.0
2025-08-01 00:00:00-04:00,12.420643995990911,12.485047054453105,12.39764315437609,12.475847244262695,552900,0.0,0.0
2025-08-04 00:00:00-04:00,12.503449078291306,12.531050265146055,12.439046016488259,12.494248390197754,733200,0.0,0.0
2025-08-05 00:00:00-04:00,12.56785047584454,12.593611697154428,12.531048605769588,12.577051162719727,661600,0.0,0.0
2025-08-06 00:00:00-04:00,12.595452442053062,12.623054504394531,12.567851257137441,12.623054504394531,424900,0.0,0.0
2025-08-07 00:00:00-04:00,12.641453622658668,12.641453622658668,12.586251258850098,12.586251258850098,452000,0.0,0.0
2025-08-08 00:00:00-04:00,12.595453984790296,12.632255861660703,12.586254173642162,12.613855361938477,448200,0.0,0.0
2025-08-11 00:00:00-04:00,12.639857956577988,12.651002656069851,12.593422742005993,12.6119966506958,330400,0.128,0.0
2025-08-12 00:00:00-04:00,12.584136582280047,12.639859199523926,12.584136582280047,12.639859199523926,394800,0.0,0.0
2025-08-13 00:00:00-04:00,12.667718010244055,12.739229008027678,12.63056931343902,12.64914321899414,557300,0.0,0.0
2025-08-14 00:00:00-04:00,12.565558429759113,12.677004520174217,12.565558429759113,12.64914321899414,395000,0.0,0.0
2025-08-15 00:00:00-04:00,12.686295304357179,12.704870100568494,12.639859199523926,12.639859199523926,315600,0.0,0.0
2025-08-18 00:00:00-04:00,12.67700429917806,12.704866485567218,12.672361487141314,12.686291694641113,450000,0.0,0.0
2025-08-19 00:00:00-04:00,12.677006352275681,12.695581146210056,12.664933444774276,12.667719841003418,296400,0.0,0.0
2025-08-20 00:00:00-04:00,12.66771946886042,12.723442077636719,12.66771946886042,12.723442077636719,658600,0.0,0.0
2025-08-21 00:00:00-04:00,12.71415468094237,12.742016871025417,12.66771946886042,12.723442077636719,406200,0.0,0.0
2025-08-22 00:00:00-04:00,12.732729249387754,12.760590553283691,12.71415445632721,12.760590553283691,379500,0.0,0.0
2025-08-25 00:00:00-04:00,12.769877949813964,12.807026650240173,12.760590553283691,12.760590553283691,466100,0.0,0.0
2025-08-26 00:00:00-04:00,12.8070282532472,12.816315650939941,12.78845434355671,12.816315650939941,416300,0.0,0.0
2025-08-27 00:00:00-04:00,12.816314259782779,12.825601656467411,12.804240466953775,12.807026863098145,381000,0.0,0.0
2025-08-28 00:00:00-04:00,12.83488786401059,12.862750053405762,12.816313956775351,12.862750053405762,518100,0.0,0.0
2025-08-29 00:00:00-04:00,12.844174677788265,12.87203598022461,12.825600771395647,12.87203598022461,343500,0.0,0.0
2025-09-02 00:00:00-04:00,12.81631410093532,12.946334110129108,12.807026704365796,12.909185409545898,893300,0.0,0.0
2025-09-03 00:00:00-04:00,12.909186057010745,12.992770858938911,12.909186057010745,12.964909553527832,787100,0.0,0.0
2025-09-04 00:00:00-04:00,12.974196434020996,13.002057738322831,12.937047733053584,12.974196434020996,589200,0.0,0.0
2025-09-05 00:00:00-04:00,12.992771068971345,13.029919772018282,12.983483671785875,13.011345863342285,622200,0.0,0.0
2025-09-08 00:00:00-04:00,13.029918592625284,13.05778078165977,13.02063208197532,13.048493385314941,574900,0.0,0.0
2025-09-09 00:00:00-04:00,13.067066776091204,13.07635417206913,13.034561775863288,13.057780265808105,400100,0.0,0.0
2025-09-10 00:00:00-04:00,13.076354688654563,13.085642084999392,13.039205988970114,13.048493385314941,504500,0.0,0.0
2025-09-11 00:00:00-04:00,13.048492869830179,13.080997870058095,13.024346171704465,13.057780265808105,560900,0.0,0.0
2025-09-12 00:00:00-04:00,13.102768017134315,13.102768017134315,13.04653345997143,13.093396186828613,627300,0.128,0.0
2025-09-15 00:00:00-04:00,13.13088609076658,13.177748817271224,13.112140642631857,13.121513366699219,522900,0.0,0.0
2025-09-16 00:00:00-04:00,13.130888028035077,13.161817306954797,13.041848923923064,13.10276985168457,494700,0.0,0.0
2025-09-17 00:00:00-04:00,13.112140195334769,13.135572004703837,13.074650194176389,13.082148551940918,331000,0.0,0.0
2025-09-18 00:00:00-04:00,13.10276985168457,13.121515302584907,13.055908012098318,13.10276985168457,347300,0.0,0.0
2025-09-19 00:00:00-04:00,13.093394302694978,13.121511577230358,13.0746488571167,13.0746488571167,263500,0.0,0.0
2025-09-22 00:00:00-04:00,13.05590622295011,13.093396225780955,13.05590622295011,13.065278053283691,459100,0.0,0.0
2025-09-23 00:00:00-04:00,13.093398020066697,13.140260753485245,13.093398020066697,13.10276985168457,433200,0.0,0.0
2025-09-24 00:00:00-04:00,13.140259065521155,13.14400779768675,13.027788162231445,13.027788162231445,327100,0.0,0.0
2025-09-25 00:00:00-04:00,13.055906085892016,13.121513366699219,13.02778791368993,13.121513366699219,410500,0.0,0.0
2025-09-26 00:00:00-04:00,13.121514206588817,13.159004211425781,13.102768757254223,13.159004211425781,579200,0.0,0.0
2025-09-29 00:00:00-04:00,13.187120523058772,13.187120523058772,13.150568150906038,13.168375968933105,345200,0.0,0.0
2025-09-30 00:00:00-04:00,13.168375760705322,13.233983039855957,13.168375760705322,13.233983039855957,518400,0.0,0.0
2025-10-01 00:00:00-04:00,13.233984933214591,13.252730383557868,13.221801105557276,13.24335765838623,530500,0.0,0.0
2025-10-02 00:00:00-04:00,13.177749334977237,13.262101173400879,13.177749334977237,13.262101173400879,507400,0.0,0.0
2025-10-03 00:00:00-04:00,13.252729342797496,13.280846622272042,13.23398389392633,13.262101173400879,394000,0.0,0.0
2025-10-06 00:00:00-04:00,13.262100653112133,13.327708827755117,13.262100653112133,13.310837745666504,670800,0.0,0.0
2025-10-07 00:00:00-04:00,13.30896282196045,13.327708269310753,13.299590098285297,13.30896282196045,808600,0.0,0.0
2025-10-08 00:00:00-04:00,13.32770828183068,13.337080111682507,13.290218280926979,13.299590110778809,471000,0.0,0.0
2025-10-09 00:00:00-04:00,13.337081982839035,13.355827432836882,13.29959197667559,13.327710151672363,587200,0.0,0.0
2025-10-10 00:00:00-04:00,13.3464540195544,13.3464540195544,13.196494002634136,13.224611282348633,903500,0.0,0.0
2025-10-13 00:00:00-04:00,13.299591177311008,13.327709350617754,13.243356618361913,13.262101173400879,613700,0.0,0.0
2025-10-14 00:00:00-04:00,13.184545107829958,13.283855281169314,13.146712875603434,13.241293907165527,395200,0.128,0.0
2025-10-15 00:00:00-04:00,13.288585820627617,13.332092486367907,13.203463063666915,13.222378730773926,595500,0.0,0.0
2025-10-16 00:00:00-04:00,13.250751553830256,13.250751553830256,13.06631864134799,13.07104778289795,601700,0.0,0.0
2025-10-17 00:00:00-04:00,13.02375935238695,13.071048968191747,12.88188779899775,13.042675018310547,1237800,0.0,0.0
2025-10-20 00:00:00-04:00,13.023759454092307,13.04267512016362,12.702185012955468,12.825139999389648,2080900,0.0,0.0
2025-10-21 00:00:00-04:00,12.758930978712494,13.114554647249658,12.721098750314198,13.08050537109375,1022600,0.0,0.0
2025-10-22 00:00:00-04:00,13.127797591169935,13.146713256835938,13.066319648274348,13.146713256835938,686600,0.0,0.0
2025-10-23 00:00:00-04:00,13.184544563293457,13.184544563293457,13.108880101965436,13.184544563293457,495200,0.0,0.0
2025-10-24 00:00:00-04:00,13.165629386901855,13.198732477210791,13.156171103387427,13.165629386901855,350900,0.0,0.0
2025-10-27 00:00:00-04:00,13.203461070260353,13.212919353381714,12.91498974899949,13.108880043029785,942400,0.0,0.0
2025-10-28 00:00:00-04:00,13.089964378778586,13.146712273523708,13.01429991779074,13.108880043029785,554900,0.0,0.0
2025-10-29 00:00:00-04:00,13.184545490159532,13.19400377398833,13.080507074017543,13.146713256835938,679300,0.0,0.0
2025-10-30 00:00:00-04:00,13.156170816140035,13.156170816140035,13.061590689035473,13.118338584899902,281900,0.0,0.0
2025-10-31 00:00:00-04:00,13.18454505193915,13.18454505193915,13.118338871321278,13.165629386901855,464800,0.0,0.0
2025-11-03 00:00:00-05:00,13.18454505193915,13.212919902482433,13.146712819873,13.165629386901855,487600,0.0,0.0
2025-11-04 00:00:00-05:00,13.099424129892038,13.184545981548935,13.014301376243516,13.127798080444336,529400,0.0,0.0
2025-11-05 00:00:00-05:00,13.1845443259509,13.1845443259509,13.061590254999878,13.13725471496582,410300,0.0,0.0
2025-11-06 00:00:00-05:00,13.165630315177943,13.17508859935925,13.099424129892038,13.127798080444336,364000,0.0,0.0
2025-11-07 00:00:00-05:00,13.127796431972198,13.14671209596793,13.094693343486039,13.13725471496582,451200,0.0,0.0
2025-11-10 00:00:00-05:00,13.184544563293457,13.194002846457343,13.146712332629447,13.184544563293457,507400,0.0,0.0
2025-11-11 00:00:00-05:00,13.222376097494843,13.231834380160532,13.194002151489258,13.194002151489258,308200,0.0,0.0
2025-11-12 00:00:00-05:00,13.212918716820635,13.222376097494843,13.156169922817986,13.194002151489258,484300,0.0,0.0
2025-11-13 00:00:00-05:00,13.194003335453576,13.203461618968005,13.127797154835706,13.165629386901855,580500,0.0,0.0
2025-11-14 00:00:00-05:00,13.125536571576754,13.206676288615554,13.077807165607572,13.154173851013184,636900,0.128,0.0
2025-11-17 00:00:00-05:00,13.154174113381432,13.160856175728632,13.010986802980621,13.077807426452637,836300,0.0,0.0
2025-11-18 00:00:00-05:00,13.03962291542764,13.068260192871094,12.905981680449774,13.068260192871094,957700,0.0,0.0
2025-11-19 00:00:00-05:00,13.087353012266677,13.115990291229135,12.982349049162544,13.010986328125,753000,0.0,0.0
2025-11-20 00:00:00-05:00,13.030078415112444,13.115991168106246,12.963257789611816,12.963257789611816,853700,0.0,0.0
2025-11-21 00:00:00-05:00,13.001440609485432,13.12553670209421,12.97280332976424,13.11599063873291,671900,0.0,0.0
2025-11-24 00:00:00-05:00,13.163719784140142,13.192357063293457,13.09689916266151,13.192357063293457,582200,0.0,0.0
2025-11-25 00:00:00-05:00,13.201904379036705,13.2496337890625,13.192358314958991,13.2496337890625,525100,0.0,0.0
2025-11-26 00:00:00-05:00,13.259178161621094,13.287815439838102,13.253450159760096,13.259178161621094,384100,0.0,0.0
2025-11-28 00:00:00-05:00,13.287815484712684,13.354636104232254,13.259178206398964,13.306906700134277,420900,0.0,0.0
2025-12-01 00:00:00-05:00,13.297363319667369,13.35463788392746,13.280180222099114,13.345091819763184,862600,0.0,0.0
2025-12-02 00:00:00-05:00,13.364183558805124,13.364183558805124,13.326000213623047,13.326000213623047,513300,0.0,0.0
2025-12-03 00:00:00-05:00,13.335544888810661,13.345090041340127,13.306906700134277,13.306906700134277,579900,0.0,0.0
2025-12-04 00:00:00-05:00,13.316453109961875,13.335545236243542,13.27826976776123,13.27826976776123,640700,0.0,0.0
2025-12-05 00:00:00-05:00,13.316452763026406,13.35368204416064,13.306906700134277,13.306906700134277,715800,0.0,0.0
2025-12-08 00:00:00-05:00,13.326000601797414,13.345091819763184,13.283044223420953,13.345091819763184,836900,0.0,0.0
2025-12-09 00:00:00-05:00,13.345090346008874,13.364182472229004,13.325999130151429,13.364182472229004,754100,0.0,0.0
2025-12-10 00:00:00-05:00,13.364182429704933,13.450095176696777,13.345090303545552,13.450095176696777,672500,0.0,0.0
2025-12-11 00:00:00-05:00,13.419268608093262,13.45491174770325,13.371101632125736,13.419268608093262,659600,0.128,0.0
2025-12-12 00:00:00-05:00,13.400001571002496,13.419268729046632,13.294034957885742,13.294034957885742,574100,0.0,0.0
2025-12-15 00:00:00-05:00,13.361468691361168,13.382662382289208,13.236234915347644,13.284401893615723,702300,0.0,0.0
2025-12-16 00:00:00-05:00,13.265135390367947,13.400001824392525,13.245868231959477,13.342202186584473,1571500,0.0,0.0
2025-12-17 00:00:00-05:00,13.380734813933069,13.382661345921209,13.303668022155762,13.303668022155762,765500,0.0,0.0
2025-12-18 00:00:00-05:00,13.332568607380237,13.34701805747791,13.28440163006774,13.342202186584473,714800,0.0,0.0
2025-12-19 00:00:00-05:00,13.361468942334657,13.385552891275422,13.30366930229425,13.332569122314453,722900,0.0,0.0
2025-12-22 00:00:00-05:00,13.380735584692735,13.380735584692735,13.332568607380237,13.342202186584473,530100,0.0,0.0
2025-12-23 00:00:00-05:00,13.371102521910963,13.380736101487269,13.318118752949994,13.332569122314453,960600,0.0,0.0
2025-12-24 00:00:00-05:00,13.351834736000422,13.371101894248602,13.313301338212735,13.361468315124512,527900,0.0,0.0
2025-12-26 00:00:00-05:00,13.400001712912198,13.400001712912198,13.361468315124512,13.361468315124512,493800,0.0,0.0
2025-12-29 00:00:00-05:00,13.380735912509097,13.392296024095657,13.3422025134568,13.371102333068848,733500,0.0,0.0
2025-12-30 00:00:00-05:00,13.390368385213293,13.409635543823242,13.361468566007055,13.409635543823242,843100,0.0,0.0
2025-12-31 00:00:00-05:00,13.419269501083779,13.425049097604335,13.332569122314453,13.332569122314453,739300,0.0,0.0
2026-01-02 00:00:00-05:00,13.409635104868531,13.428901344139128,13.294034913118987,13.400001525878906,965200,0.0,0.0
2026-01-05 00:00:00-05:00,13.40963562032876,13.428901860339941,13.390368461608887,13.390368461608887,988000,0.0,0.0
2026-01-06 00:00:00-05:00,13.4000018533967,13.438535251588368,13.390368274171614,13.428901672363281,808600,0.0,0.0
2026-01-07 00:00:00-05:00,13.438535939125293,13.486702919006348,13.437573132378734,13.486702919006348,492200,0.0,0.0
2026-01-08 00:00:00-05:00,13.457802473610213,13.515602111816406,13.457802473610213,13.515602111816406,570800,0.0,0.0
2026-01-09 00:00:00-05:00,13.515602111816406,13.544502849628188,13.496335871983904,13.515602111816406,606900,0.0,0.0
2026-01-12 00:00:00-05:00,13.534869007160781,13.583035983868418,13.50885852737771,13.573402404785156,777300,0.0,0.0
2026-01-13 00:00:00-05:00,13.571458674756393,13.678396768649893,13.552014879249647,13.581180572509766,516700,0.128,0.0
2026-01-14 00:00:00-05:00,13.581180572509766,13.610345338638684,13.56173677700302,13.581180572509766,464300,0.0,0.0
2026-01-15 00:00:00-05:00,13.58118040431511,13.590901374816895,13.561736609049163,13.590901374816895,466600,0.0,0.0
2026-01-16 00:00:00-05:00,13.610345338638684,13.620067236392057,13.581180572509766,13.581180572509766,364300,0.0,0.0
2026-01-20 00:00:00-05:00,13.552014711416192,13.59576232363338,13.542293740914406,13.590901374816895,711400,0.0,0.0
2026-01-21 00:00:00-05:00,13.629788090144968,13.673534772421883,13.622982020533973,13.64923095703125,604600,0.0,0.0
2026-01-22 00:00:00-05:00,13.658953731116517,13.667703068133717,13.56659755786565,13.590901374816895,650800,0.0,0.0
2026-01-23 00:00:00-05:00,13.561736248265452,13.610344808005992,13.488823872220225,13.552014350891113,898400,0.0,0.0
2026-01-26 00:00:00-05:00,13.600622627238163,13.600622627238163,13.542293098469846,13.571457862854004,427200,0.0,0.0
2026-01-27 00:00:00-05:00,13.600622910631653,13.600622910631653,13.552014350891113,13.552014350891113,362800,0.0,0.0
2026-01-28 00:00:00-05:00,13.522850113120729,13.581180572509766,13.522850113120729,13.581180572509766,480400,0.0,0.0
2026-01-29 00:00:00-05:00,13.581179760025773,13.605483575824046,13.542293098469846,13.571457862854004,466400,0.0,0.0
2026-01-30 00:00:00-05:00,13.590901543131938,13.59381829788419,13.552014879249647,13.581180572509766,482100,0.0,0.0
2026-02-02 00:00:00-05:00,13.610345388488382,13.66867584809106,13.590901592910422,13.639510154724121,1039100,0.0,0.0
2026-02-03 00:00:00-05:00,13.639509510289358,13.649231407619002,13.581179980573815,13.62006664276123,703000,0.0,0.0
2026-02-04 00:00:00-05:00,13.658953950302081,13.658953950302081,13.629789184066343,13.639510154724121,782600,0.0,0.0
2026-02-05 00:00:00-05:00,13.658953950302081,13.658953950302081,13.620067286277362,13.639510154724121,706400,0.0,0.0
2026-02-06 00:00:00-05:00,13.658954026371505,13.697840690612793,13.658954026371505,13.697840690612793,707100,0.0,0.0
2026-02-09 00:00:00-05:00,13.707562136968164,13.756169770320371,13.692979290683796,13.727005004882812,955600,0.0,0.0
2026-02-10 00:00:00-05:00,13.736726451875862,13.775613113560949,13.727004554671803,13.756169319152832,888800,0.0,0.0
2026-02-11 00:00:00-05:00,13.765892028808594,13.804778692788739,13.727005364828447,13.765892028808594,752800,0.0,0.0
2026-02-12 00:00:00-05:00,13.871842788727514,13.871842788727514,13.754118636908313,13.773738861083984,602100,0.128,0.0
2026-02-13 00:00:00-05:00,13.793360294905883,13.82279109954834,13.754118910186468,13.82279109954834,650900,0.0,0.0
2026-02-17 00:00:00-05:00,13.783549714828927,13.82279109954834,13.714876589878644,13.82279109954834,803500,0.0,0.0
2026-02-18 00:00:00-05:00,13.871843338012695,13.881652982694769,13.842411597201188,13.871843338012695,551400,0.0,0.0
2026-02-19 00:00:00-05:00,13.89146356296527,13.89146356296527,13.871843338012695,13.871843338012695,441000,0.0,0.0
2026-02-20 00:00:00-05:00,13.89146356296527,13.89146356296527,13.806113572906446,13.871843338012695,767300,0.0,0.0
2026-02-23 00:00:00-05:00,13.87184360354354,13.89146382887168,13.832602217298813,13.852222442626953,832000,0.0,0.0
2026-02-24 00:00:00-05:00,13.86203315603886,13.930705348728669,13.82279176941776,13.842411994934082,635100,0.0,0.0
2026-02-25 00:00:00-05:00,13.76392855496293,13.83260167991465,13.685445785522461,13.685445785522461,1038100,0.0,0.0
2026-02-26 00:00:00-05:00,13.734497750319857,13.773739135040092,13.685445785522461,13.685445785522461,697600,0.0,0.0
2026-02-27 00:00:00-05:00,13.724687170242696,13.7531374782311,13.665825560956549,13.685445785522461,536600,0.0,0.0
2026-03-02 00:00:00-05:00,13.656016068802376,13.75902436105362,13.646205487943645,13.744309425354004,743500,0.0,0.0
2026-03-03 00:00:00-05:00,13.695257467952628,13.70506804881946,13.44018797894595,13.606964111328125,1191200,0.0,0.0
2026-03-04 00:00:00-05:00,13.606963562130298,13.665826109367014,13.572627466070735,13.646204948425293,533000,0.0,0.0
2026-03-05 00:00:00-05:00,13.557911335044201,13.656015266692254,13.523575239643911,13.528480529785156,680900,0.0,0.0
2026-03-06 00:00:00-05:00,13.430377019309097,13.45980876107954,13.185118118086159,13.36170482635498,2000800,0.0,0.0
2026-03-09 00:00:00-04:00,13.18511870464608,13.214550447725838,12.891789255306058,12.979101181030273,2066300,0.0,0.0
2026-03-10 00:00:00-04:00,13.05758379882352,13.214549339733905,13.018342413595922,13.126255989074707,920900,0.0,0.0
2026-03-11 00:00:00-04:00,13.155687055302593,13.317557889528905,13.155687055302593,13.243980407714844,688200,0.0,0.0
2026-03-12 00:00:00-04:00,13.212286633461208,13.251903646600987,13.152860641479492,13.152860641479492,496100,0.128,0.0
2026-03-13 00:00:00-04:00,13.232095441430795,13.241999931430874,12.92011156278157,12.994393348693848,920700,0.0,0.0
2026-03-16 00:00:00-04:00,13.004297779645604,13.080560274302783,12.964680764369335,13.043914794921875,722300,0.0,0.0
2026-03-17 00:00:00-04:00,13.133052768984895,13.192477817154646,13.063722286728037,13.182574272155762,470100,0.0,0.0
2026-03-18 00:00:00-04:00,13.212287405974793,13.271712456886954,12.994393348693848,12.994393348693848,508600,0.0,0.0
2026-03-19 00:00:00-04:00,12.925063036192036,12.98448808355669,12.761642739123092,12.845829010009766,1187300,0.0,0.0
2026-03-20 00:00:00-04:00,12.82601996292253,12.865636975802794,12.360519353171362,12.410040855407715,2039700,0.0,0.0
2026-03-23 00:00:00-04:00,12.479372176014742,12.588318732629773,12.4199461804239,12.509084701538086,1202600,0.0,0.0
2026-03-24 00:00:00-04:00,12.509084701538086,12.59723239583236,12.380329164878056,12.509084701538086,730500,0.0,0.0
2026-03-25 00:00:00-04:00,12.558605556902075,12.598222570396802,12.48927507487822,12.568509101867676,981800,0.0,0.0
2026-03-26 00:00:00-04:00,12.528892340349389,12.632887593204629,12.499179815766801,12.523941040039062,681700,0.0,0.0
2026-03-27 00:00:00-04:00,12.429850322511395,12.43975481225665,12.261477775018587,12.320902824401855,1035200,0.0,0.0
2026-03-30 00:00:00-04:00,12.380328818329254,12.449658357457775,12.251573285273333,12.320902824401855,823400,0.0,0.0
2026-03-31 00:00:00-04:00,12.400137791330309,12.85573298484403,12.400137791330309,12.806212425231934,978300,0.0,0.0
2026-04-01 00:00:00-04:00,13.004297930522029,13.10333999758972,12.925063899050212,13.073627471923828,817200,0.0,0.0
2026-04-02 00:00:00-04:00,12.954775631474632,13.10829143998324,12.845829081007896,13.103339195251465,533600,0.0,0.0
2026-04-06 00:00:00-04:00,13.192478085569503,13.232095100003425,13.063722552523226,13.11324405670166,903400,0.0,0.0
2026-04-07 00:00:00-04:00,13.123148297517039,13.128100542295359,12.934967718661488,13.004297256469727,460100,0.0,0.0
2026-04-08 00:00:00-04:00,13.232095415174125,13.251904395134973,13.110273777682684,13.172670364379883,767700,0.0,0.0
2026-04-09 00:00:00-04:00,13.22219121976004,13.25190374369655,13.157812982596145,13.232094764709473,522900,0.0,0.0
2026-04-10 00:00:00-04:00,13.251904115931415,13.261808605703163,13.192478121845063,13.241999626159668,686800,0.0,0.0
2026-04-13 00:00:00-04:00,13.25,13.300000190734863,13.199999809265137,13.270000457763672,854500,0.128,0.0
2026-04-14 00:00:00-04:00,13.289999961853027,13.319999694824219,13.199999809265137,13.229999542236328,684100,0.0,0.0
2026-04-15 00:00:00-04:00,13.289999961853027,13.300000190734863,13.15999984741211,13.289999961853027,524900,0.0,0.0
2026-04-16 00:00:00-04:00,13.329999923706055,13.329999923706055,13.274999618530273,13.3100004196167,434400,0.0,0.0
2026-04-17 00:00:00-04:00,13.350000381469727,13.420000076293945,13.34000015258789,13.380000114440918,619900,0.0,0.0
2026-04-20 00:00:00-04:00,13.399999618530273,13.449999809265137,13.390000343322754,13.4399995803833,676500,0.0,0.0
2026-04-21 00:00:00-04:00,13.489999771118164,13.515000343322754,13.380000114440918,13.399999618530273,627400,0.0,0.0
2026-04-22 00:00:00-04:00,13.4399995803833,13.4399995803833,13.350000381469727,13.369999885559082,407300,0.0,0.0
2026-04-23 00:00:00-04:00,13.40999984741211,13.40999984741211,13.279999732971191,13.350000381469727,380000,0.0,0.0
2026-04-24 00:00:00-04:00,13.380000114440918,13.395999908447266,13.279999732971191,13.369999885559082,287000,0.0,0.0
2026-04-27 00:00:00-04:00,13.369999885559082,13.414999961853027,13.354000091552734,13.390000343322754,518700,0.0,0.0
2026-04-28 00:00:00-04:00,13.40999984741211,13.40999984741211,13.380000114440918,13.380000114440918,356300,0.0,0.0
2026-04-29 00:00:00-04:00,13.40999984741211,13.40999984741211,13.300000190734863,13.319999694824219,350800,0.0,0.0
2026-04-30 00:00:00-04:00,13.390000343322754,13.428999900817871,13.336000442504883,13.369999885559082,458300,0.0,0.0
2026-05-01 00:00:00-04:00,13.430000305175781,13.479999542236328,13.319999694824219,13.390000343322754,1017800,0.0,0.0
2026-05-04 00:00:00-04:00,13.390000343322754,13.399999618530273,13.199999809265137,13.300000190734863,1220500,0.0,0.0
2026-05-05 00:00:00-04:00,13.300000190734863,13.34000015258789,13.239999771118164,13.260000228881836,551500,0.0,0.0
2026-05-06 00:00:00-04:00,13.300000190734863,13.319999694824219,13.279999732971191,13.3100004196167,505005,0.0,0.0
