Date,Open,High,Low,Close,Volume,Dividends,Stock Splits
2022-01-03 00:00:00-05:00,6.702619788327737,6.7392463836462415,6.672098304748963,6.7270379066467285,147300,0.0,0.0
2022-01-04 00:00:00-05:00,6.75145424475003,6.76366271958313,6.672097120775296,6.702618598937988,180900,0.0,0.0
2022-01-05 00:00:00-05:00,6.720932598287214,6.720932598287214,6.611053407223798,6.617157936096191,178800,0.0,0.0
2022-01-06 00:00:00-05:00,6.617157731054235,6.684305800090136,6.598844727164424,6.65988826751709,132600,0.0,0.0
2022-01-07 00:00:00-05:00,6.665994566472678,6.684307575225831,6.617159488357571,6.68430757522583,114900,0.0,0.0
2022-01-10 00:00:00-05:00,6.6720988351328145,6.6782027830378,6.543906614567664,6.641576766967773,182800,0.0,0.0
2022-01-11 00:00:00-05:00,6.629368045264663,6.672099175741141,6.531697887878526,6.586637496948242,430800,0.0,0.0
2022-01-12 00:00:00-05:00,6.593400280964541,6.611851796158014,6.4949914178485635,6.568798065185547,241600,0.081,0.0
2022-01-13 00:00:00-05:00,6.568798955606682,6.599551289576681,6.494992298264977,6.550346851348877,193300,0.0,0.0
2022-01-14 00:00:00-05:00,6.5318948117681765,6.550346327988569,6.458088160323483,6.494991779327393,226800,0.0,0.0
2022-01-18 00:00:00-05:00,6.488841078399553,6.507292594619946,6.439636644103091,6.494991779327393,184300,0.0,0.0
2022-01-19 00:00:00-05:00,6.494990758024111,6.538044484622761,6.458087144823101,6.47653865814209,134200,0.0,0.0
2022-01-20 00:00:00-05:00,6.494990526827561,6.5626464642975835,6.494990526827561,6.513442039489746,260000,0.0,0.0
2022-01-21 00:00:00-05:00,6.488841887643337,6.525744924686415,6.40273382360416,6.408884525299072,167700,0.0,0.0
2022-01-24 00:00:00-05:00,6.378131886990338,6.384282588958739,6.162862597165275,6.38428258895874,416200,0.0,0.0
2022-01-25 00:00:00-05:00,6.353527943004301,6.421183886623033,6.285871999385569,6.4027323722839355,152300,0.0,0.0
2022-01-26 00:00:00-05:00,6.451936444123721,6.494990757280474,6.328925377739495,6.365828990936279,131100,0.0,0.0
2022-01-27 00:00:00-05:00,6.396582407746775,6.427335326224651,6.36583007583203,6.3719801902771,75300,0.0,0.0
2022-01-28 00:00:00-05:00,6.384280100169683,6.3965809127480275,6.310473465010628,6.316624164581299,114900,0.0,0.0
2022-01-31 00:00:00-05:00,6.316624541991513,6.384280481622253,6.316624541991513,6.359678268432617,131800,0.0,0.0
2022-02-01 00:00:00-05:00,6.378130122759153,6.482689681047258,6.371979422492073,6.464238166809082,213900,0.0,0.0
2022-02-02 00:00:00-05:00,6.494992579705986,6.5441970200659165,6.482691176334405,6.525744915008545,128700,0.0,0.0
2022-02-03 00:00:00-05:00,6.513444058234184,6.5380462782631925,6.43348669649911,6.470390319824219,80400,0.0,0.0
2022-02-04 00:00:00-05:00,6.470388521067493,6.501140847632264,6.3412267551811485,6.359678268432617,221100,0.0,0.0
2022-02-07 00:00:00-05:00,6.384280359864407,6.408882572584841,6.37197896022268,6.396581172943115,101200,0.0,0.0
2022-02-08 00:00:00-05:00,6.396581172943114,6.445785598383983,6.396581172943114,6.396581172943115,85500,0.0,0.0
2022-02-09 00:00:00-05:00,6.433485331758082,6.4519368462249025,6.39658171626137,6.41503381729126,205900,0.0,0.0
2022-02-10 00:00:00-05:00,6.403256893357747,6.459045286554066,6.353667341884148,6.36606502532959,85300,0.081,0.0
2022-02-11 00:00:00-05:00,6.353665970032996,6.372261900031936,6.266883978114682,6.285480499267578,130300,0.0,0.0
2022-02-14 00:00:00-05:00,6.304077412690731,6.304077412690731,6.1925006329834105,6.198699474334717,320100,0.0,0.0
2022-02-15 00:00:00-05:00,6.235893556612036,6.316476150565876,6.235893556612036,6.304079055786133,195900,0.0,0.0
2022-02-16 00:00:00-05:00,6.304078967358967,6.38466215133667,6.2916812815989225,6.38466215133667,123300,0.0,0.0
2022-02-17 00:00:00-05:00,6.390859196120136,6.465243516289459,6.316474284796786,6.34746789932251,255600,0.0,0.0
2022-02-18 00:00:00-05:00,6.347468656317044,6.384661116414266,6.316475038095043,6.335071563720703,73400,0.0,0.0
2022-02-22 00:00:00-05:00,6.316475155680015,6.33507168165186,6.223494890437226,6.260687351226807,184700,0.0,0.0
2022-02-23 00:00:00-05:00,6.304078745327869,6.316475839497091,6.211098470019103,6.235893249511719,219500,0.0,0.0
2022-02-24 00:00:00-05:00,6.087123322414239,6.297879220862279,6.049931452778767,6.260687351226807,195200,0.0,0.0
2022-02-25 00:00:00-05:00,6.273082868556634,6.384659631748542,6.273082868556634,6.328871250152588,125400,0.0,0.0
2022-02-28 00:00:00-05:00,6.297878310909117,6.378461471681673,6.297878310909117,6.341269016265869,94400,0.0,0.0
2022-03-01 00:00:00-05:00,6.390859563500226,6.459045046453257,6.3784618805156414,6.4218525886535645,157600,0.0,0.0
2022-03-02 00:00:00-05:00,6.452847239964025,6.483840861242641,6.440450146145072,6.471443176269531,105300,0.0,0.0
2022-03-03 00:00:00-05:00,6.490038986756022,6.496237237403681,6.452846527099609,6.452846527099609,113400,0.0,0.0
2022-03-04 00:00:00-05:00,6.4466473634686725,6.452846204960965,6.3784618805156414,6.4218525886535645,118700,0.0,0.0
2022-03-07 00:00:00-05:00,6.434249901763734,6.440448742899685,6.3350708082046365,6.34746789932251,140300,0.0,0.0
2022-03-08 00:00:00-05:00,6.347469410723342,6.384661875240944,6.273085072842307,6.359867095947266,176700,0.0,0.0
2022-03-09 00:00:00-05:00,6.397056579589843,6.415653100478706,6.353665879823725,6.397056579589844,184000,0.0,0.0
2022-03-10 00:00:00-05:00,6.391436261688764,6.39768414324894,6.285225254319662,6.316463470458984,155300,0.081,0.0
2022-03-11 00:00:00-05:00,6.35394875973166,6.36019663991102,6.197755330231532,6.216498374938965,127600,0.0,0.0
2022-03-14 00:00:00-04:00,6.260232003446863,6.260232003446863,6.060304038443417,6.097790718078613,269800,0.0,0.0
2022-03-15 00:00:00-04:00,6.079047185801921,6.197754510180515,6.079047185801921,6.1602678298950195,103100,0.0,0.0
2022-03-16 00:00:00-04:00,6.1915064965827815,6.278975018132053,6.1915064965827815,6.235240459442139,112300,0.0,0.0
2022-03-17 00:00:00-04:00,6.216498456117929,6.328957917492395,6.216498456117929,6.322710037231445,87000,0.0,0.0
2022-03-18 00:00:00-04:00,6.322710037231445,6.372691887657729,6.310214872540203,6.322710037231445,71700,0.0,0.0
2022-03-21 00:00:00-04:00,6.303968466470522,6.33520727924985,6.241490840911865,6.241490840911865,94100,0.0,0.0
2022-03-22 00:00:00-04:00,6.241489520093071,6.27272832626167,6.216498594324327,6.266480445861816,107500,0.0,0.0
2022-03-23 00:00:00-04:00,6.272727375992827,6.272727375992827,6.228993411480542,6.24773645401001,71000,0.0,0.0
2022-03-24 00:00:00-04:00,6.297720187356651,6.310215950012207,6.228995280243368,6.310215950012207,88100,0.0,0.0
2022-03-25 00:00:00-04:00,6.278975872934537,6.310214677442795,6.1665164150370595,6.191507339477539,151500,0.0,0.0
2022-03-28 00:00:00-04:00,6.24148929982576,6.24148929982576,6.172764405344737,6.216498374938965,113800,0.0,0.0
2022-03-29 00:00:00-04:00,6.260232795971089,6.316461928796461,6.2164982315549535,6.291471004486084,78200,0.0,0.0
2022-03-30 00:00:00-04:00,6.266480306544213,6.347700962444588,6.266480306544213,6.322710037231445,88400,0.0,0.0
2022-03-31 00:00:00-04:00,6.341453776099048,6.391435631994611,6.341453776099048,6.372692584991455,103900,0.0,0.0
2022-04-01 00:00:00-04:00,6.397683852468343,6.4351705442948175,6.372692923194277,6.410179615020752,79600,0.0,0.0
2022-04-04 00:00:00-04:00,6.441417778971046,6.528885724734725,6.428922017672982,6.522637844085693,132100,0.0,0.0
2022-04-05 00:00:00-04:00,6.516388541690954,6.516388541690954,6.435167905892801,6.460158824920654,87400,0.0,0.0
2022-04-06 00:00:00-04:00,6.441417711872686,6.441417711872686,6.3601970517733974,6.397683143615723,95900,0.0,0.0
2022-04-07 00:00:00-04:00,6.391434192657471,6.428920874052584,6.372691149875208,6.391434192657471,96300,0.0,0.0
2022-04-08 00:00:00-04:00,6.366873954958302,6.379469444369487,6.322790943191135,6.3290886878967285,82200,0.081,0.0
2022-04-11 00:00:00-04:00,6.27240886583298,6.3290873550756,6.171647374106485,6.2031354904174805,150600,0.0,0.0
2022-04-12 00:00:00-04:00,6.240925189991593,6.278711076566931,6.2031399040025486,6.22203254699707,131200,0.0,0.0
2022-04-13 00:00:00-04:00,6.184242641016586,6.322790000963215,6.177945497835391,6.285004138946533,143700,0.0,0.0
2022-04-14 00:00:00-04:00,6.259813435843749,6.360575529069909,6.259813435843749,6.322789669036865,124000,0.0,0.0
2022-04-18 00:00:00-04:00,6.310195124606525,6.322790011575958,6.285004149495855,6.303897380828857,122100,0.0,0.0
2022-04-19 00:00:00-04:00,6.303897380828857,6.335385499131294,6.303897380828857,6.303897380828857,48100,0.0,0.0
2022-04-20 00:00:00-04:00,6.310194969177246,6.341682486118197,6.310194969177246,6.310194969177246,73600,0.0,0.0
2022-04-21 00:00:00-04:00,6.329091660043169,6.329091660043169,6.215734604453903,6.2346272468566895,81000,0.0,0.0
2022-04-22 00:00:00-04:00,6.240922662499596,6.240922662499596,6.177947011160071,6.184244155883789,69500,0.0,0.0
2022-04-25 00:00:00-04:00,6.177947011160071,6.1968396465033235,6.146458885197284,6.184244155883789,88300,0.0,0.0
2022-04-26 00:00:00-04:00,6.184244397826472,6.209434779465001,6.089780616828508,6.102375507354736,176400,0.0,0.0
2022-04-27 00:00:00-04:00,6.127565894212503,6.127565894212503,6.083482876454047,6.1212687492370605,35500,0.0,0.0
2022-04-28 00:00:00-04:00,6.1464573506710645,6.159052237560107,6.096076601943097,6.140159606933594,50500,0.0,0.0
2022-04-29 00:00:00-04:00,6.127567166234996,6.133864913103861,6.089781886194204,6.1086745262146,52000,0.0,0.0
2022-05-02 00:00:00-04:00,6.127564988695319,6.1338627333261675,6.064589344144786,6.070887088775635,79500,0.0,0.0
2022-05-03 00:00:00-04:00,6.051993303312044,6.140159918350577,6.051993303312044,6.127564430236816,67900,0.0,0.0
2022-05-04 00:00:00-04:00,6.127566628106692,6.18424514377652,6.096079097700027,6.177947998046875,67800,0.0,0.0
2022-05-05 00:00:00-04:00,6.146459130897046,6.1590540214340015,6.083482876454047,6.1212687492370605,83300,0.0,0.0
2022-05-06 00:00:00-04:00,6.08978065025279,6.13386366821565,6.064590268476001,6.096078395843506,88900,0.0,0.0
2022-05-09 00:00:00-04:00,5.970125361823433,6.05199424555131,5.963828217372075,5.982720851898193,95800,0.0,0.0
2022-05-10 00:00:00-04:00,5.995316368308882,6.014209002917991,5.92604237376544,5.957530498504639,102200,0.0,0.0
2022-05-11 00:00:00-04:00,5.932758223407131,5.996277754231212,5.86288595199585,5.86288595199585,84500,0.081,0.0
2022-05-12 00:00:00-04:00,5.850182100419975,5.850182100419975,5.704086033243965,5.729494571685791,184100,0.0,0.0
2022-05-13 00:00:00-04:00,5.7485496614010305,5.837477111898082,5.7485496614010305,5.799365520477295,91000,0.0,0.0
2022-05-16 00:00:00-04:00,5.7676062643836925,5.8311264000061325,5.7676062643836925,5.824774265289307,58700,0.0,0.0
2022-05-17 00:00:00-04:00,5.843829987235368,6.085205651361614,5.824774189107029,6.040741920471191,224400,0.0,0.0
2022-05-18 00:00:00-04:00,5.996278832383011,5.996278832383011,5.85653547597994,5.875591278076172,90700,0.0,0.0
2022-05-19 00:00:00-04:00,5.818423418761172,5.90099937104335,5.786663343918327,5.793015480041504,96100,0.0,0.0
2022-05-20 00:00:00-04:00,5.793013386649556,5.8438292457258205,5.773957590939163,5.799365520477295,131200,0.0,0.0
2022-05-23 00:00:00-04:00,5.824773450015427,5.862885041436214,5.7803097247669015,5.799365520477295,73900,0.0,0.0
2022-05-24 00:00:00-04:00,5.786663343918327,5.799367616164681,5.735847466478992,5.793015480041504,52700,0.0,0.0
2022-05-25 00:00:00-04:00,5.780311293877418,5.8501829676312855,5.780311293877418,5.831127166748047,64600,0.0,0.0
2022-05-26 00:00:00-04:00,5.850183052295574,5.945462663863649,5.824775115492554,5.86923885345459,254800,0.0,0.0
2022-05-27 00:00:00-04:00,5.900998025227543,6.015334026276436,5.900998025227543,6.00262975692749,101700,0.0,0.0
2022-05-31 00:00:00-04:00,5.951811553484099,5.996275267196331,5.900995707592215,5.939107894897461,244800,0.0,0.0
2022-06-01 00:00:00-04:00,6.002629363745292,6.002629363745292,5.85653391043934,5.900997638702393,186400,0.0,0.0
2022-06-02 00:00:00-04:00,5.90099768490414,5.939109884980058,5.869237619136352,5.920053482055664,84600,0.0,0.0
2022-06-03 00:00:00-04:00,5.90734977296079,5.92005343570472,5.875589707441668,5.900997638702393,109900,0.0,0.0
2022-06-06 00:00:00-04:00,5.926405757441803,5.939110026360491,5.869237758853477,5.894645690917969,119000,0.0,0.0
2022-06-07 00:00:00-04:00,5.8882962055900805,5.939112087353208,5.8882962055900805,5.926407814025879,87500,0.0,0.0
2022-06-08 00:00:00-04:00,5.9264066297984765,5.945462430208605,5.907350829388348,5.913702964782715,54200,0.0,0.0
2022-06-09 00:00:00-04:00,5.88194256177183,5.920054160442136,5.88194256177183,5.888294696807861,56500,0.0,0.0
2022-06-10 00:00:00-04:00,5.8568957506499935,5.863303268185295,5.767183782915155,5.818447589874268,136300,0.081,0.0
2022-06-13 00:00:00-04:00,5.74795981641553,5.767183590605976,5.491640179054273,5.523680210113525,294800,0.0,0.0
2022-06-14 00:00:00-04:00,5.530087275563026,5.549311046058309,5.414743430366039,5.440375328063965,188100,0.0,0.0
2022-06-15 00:00:00-04:00,5.440375594867622,5.498047520294428,5.421151823429579,5.485231876373291,76100,0.0,0.0
2022-06-16 00:00:00-04:00,5.42755962751018,5.42755962751018,5.222503836977486,5.235320091247559,270900,0.0,0.0
2022-06-17 00:00:00-04:00,5.273768679304517,5.305808710230828,5.216097356972471,5.241729259490967,159900,0.0,0.0
2022-06-21 00:00:00-04:00,5.280175860504225,5.337847783603295,5.2481358353255585,5.292992115020752,101400,0.0,0.0
2022-06-22 00:00:00-04:00,5.273766517639159,5.312214661213766,5.248134625626926,5.27376651763916,145400,0.0,0.0
2022-06-23 00:00:00-04:00,5.29940056107018,5.36348000416963,5.29940056107018,5.357071876525879,87100,0.0,0.0
2022-06-24 00:00:00-04:00,5.369887782331917,5.542902939664267,5.369887782331917,5.517271041870117,154400,0.0,0.0
2022-06-27 00:00:00-04:00,5.568535426860176,5.683879284698748,5.523679753750826,5.651839256286621,294500,0.0,0.0
2022-06-28 00:00:00-04:00,5.696695540508684,5.709511185205907,5.581351682670112,5.651839256286621,279700,0.0,0.0
2022-06-29 00:00:00-04:00,5.683879939363592,5.741551874925486,5.613392357628379,5.7159199714660645,305500,0.0,0.0
2022-06-30 00:00:00-04:00,5.728735060278685,5.773591345303098,5.683879386366996,5.760775089263916,176400,0.0,0.0
2022-07-01 00:00:00-04:00,5.773591345303098,5.7928151182491465,5.741551316317866,5.760775089263916,84600,0.0,0.0
2022-07-05 00:00:00-04:00,5.7607756542670705,5.824855718522352,5.741551879435599,5.818447589874268,150100,0.0,0.0
2022-07-06 00:00:00-04:00,5.856893062591553,5.908156846022824,5.812036793754813,5.856893062591553,145100,0.0,0.0
2022-07-07 00:00:00-04:00,5.8825261271760185,5.8825261271760185,5.831262333523678,5.837669849395752,105900,0.0,0.0
2022-07-08 00:00:00-04:00,5.818920432233556,5.844782276157461,5.7284036702023915,5.825386047363281,99800,0.081,0.0
2022-07-11 00:00:00-04:00,5.799526329288584,5.8318538001920315,5.702543916578241,5.7348713874816895,139800,0.0,0.0
2022-07-12 00:00:00-04:00,5.741335862513584,5.773663326984193,5.68961216599865,5.702542781829834,96100,0.0,0.0
2022-07-13 00:00:00-04:00,5.644353469101758,5.760732094557909,5.534441076453848,5.702542781829834,96100,0.0,0.0
2022-07-14 00:00:00-04:00,5.6508194153170805,5.676681265084854,5.599095715781535,5.663750648498535,97500,0.0,0.0
2022-07-15 00:00:00-04:00,5.702542932254857,5.728404781194523,5.65728485075922,5.670216083526611,103200,0.0,0.0
2022-07-18 00:00:00-04:00,5.6896124982663085,5.715474348034081,5.657285031907808,5.663750648498535,96500,0.0,0.0
2022-07-19 00:00:00-04:00,5.715474787620235,5.721940404708243,5.6572854670185295,5.709009170532227,99200,0.0,0.0
2022-07-20 00:00:00-04:00,5.689612935863386,5.7348710222890755,5.689612935863386,5.709009170532227,67000,0.0,0.0
2022-07-21 00:00:00-04:00,5.728404889463138,5.754266738891602,5.71547427304647,5.754266738891602,68700,0.0,0.0
2022-07-22 00:00:00-04:00,5.773663886996532,5.825387588528369,5.741336419390344,5.799525737762451,82100,0.0,0.0
2022-07-25 00:00:00-04:00,5.81245471398049,5.851247787475587,5.805989098965476,5.851247787475586,66800,0.0,0.0
2022-07-26 00:00:00-04:00,5.851248928344193,5.928834473866925,5.844783312068522,5.883576393127441,172600,0.0,0.0
2022-07-27 00:00:00-04:00,5.909437359848247,5.941764203212685,5.870644284577902,5.9029717445373535,87400,0.0,0.0
2022-07-28 00:00:00-04:00,5.948230929388956,5.980558395385742,5.922369079910552,5.980558395385742,160800,0.0,0.0
2022-07-29 00:00:00-04:00,5.974090967734461,6.051676492648487,5.961160355212928,6.038745880126953,200800,0.0,0.0
2022-08-01 00:00:00-04:00,6.084004755626744,6.2262452117953515,6.064608525974895,6.193917751312256,218900,0.0,0.0
2022-08-02 00:00:00-04:00,6.155124894363003,6.232710424553085,6.155124894363003,6.213313579559326,86500,0.0,0.0
2022-08-03 00:00:00-04:00,6.27150506121498,6.27150506121498,6.232712590933854,6.265039443969727,85000,0.0,0.0
2022-08-04 00:00:00-04:00,6.24564103795394,6.277968496348554,6.2068485811563905,6.213313579559326,123400,0.0,0.0
2022-08-05 00:00:00-04:00,6.206848621368408,6.232710464932652,6.180986777804165,6.206848621368408,97300,0.0,0.0
2022-08-08 00:00:00-04:00,6.2197790292316295,6.2973645573594395,6.2197790292316295,6.258572101593018,88700,0.0,0.0
2022-08-09 00:00:00-04:00,6.27150506121498,6.2909012963555435,6.245643208829163,6.265039443969727,126000,0.0,0.0
2022-08-10 00:00:00-04:00,6.3113301223000144,6.363489823989048,6.3048100041407125,6.337409973144531,138100,0.081,0.0
2022-08-11 00:00:00-04:00,6.38304905166017,6.396089286947057,6.350449085235596,6.350449085235596,110900,0.0,0.0
2022-08-12 00:00:00-04:00,6.383049556674264,6.402609289359479,6.324369736825927,6.337409973144531,129900,0.0,0.0
2022-08-15 00:00:00-04:00,6.330891104184095,6.350450840728798,6.317850865292417,6.343930721282959,86700,0.0,0.0
2022-08-16 00:00:00-04:00,6.356969202879039,6.370009438165925,6.31784911881102,6.350449085235596,70100,0.0,0.0
2022-08-17 00:00:00-04:00,6.350448762387737,6.383048727154976,6.298289067477199,6.356968879699707,94800,0.0,0.0
2022-08-18 00:00:00-04:00,6.370011759829264,6.389571498095844,6.291771563177206,6.2982916831970215,106600,0.0,0.0
2022-08-19 00:00:00-04:00,6.285250828199963,6.285250828199963,6.1744112968444815,6.174411296844482,90200,0.0,0.0
2022-08-22 00:00:00-04:00,6.148331583004836,6.148331583004836,6.024451811368661,6.076611518859863,85300,0.0,0.0
2022-08-23 00:00:00-04:00,6.089651107788086,6.10269072237516,6.063571256821245,6.089651107788086,44200,0.0,0.0
2022-08-24 00:00:00-04:00,6.089652213390033,6.1157320690917825,6.089652213390033,6.096172332763672,46200,0.0,0.0
2022-08-25 00:00:00-04:00,6.102690849691669,6.128770701202598,6.096171353158468,6.109210968017578,67300,0.0,0.0
2022-08-26 00:00:00-04:00,6.128770573342001,6.128770573342001,6.063571256821245,6.089651107788086,44500,0.0,0.0
2022-08-29 00:00:00-04:00,6.024450495479536,6.089650426498641,5.99837064743042,5.99837064743042,107100,0.0,0.0
2022-08-30 00:00:00-04:00,6.0244503648491055,6.030970482168162,5.939690705079196,5.978810787200928,67500,0.0,0.0
2022-08-31 00:00:00-04:00,5.95273152320001,5.972291255281802,5.835371887123915,5.900571823120117,168700,0.0,0.0
2022-09-01 00:00:00-04:00,5.900571425900228,5.9070915434194555,5.796252032763108,5.835371494293213,79500,0.0,0.0
2022-09-02 00:00:00-04:00,5.881011308382564,5.933171001520949,5.848411344722925,5.88753080368042,97600,0.0,0.0
2022-09-06 00:00:00-04:00,5.854932887897226,5.952732813083563,5.815813415256937,5.894052982330322,237600,0.0,0.0
2022-09-07 00:00:00-04:00,5.861451519527152,5.946211184458004,5.861451519527152,5.939691066741943,67600,0.0,0.0
2022-09-08 00:00:00-04:00,5.913611217670346,5.959251419890128,5.913611217670346,5.939691066741943,43100,0.0,0.0
2022-09-09 00:00:00-04:00,5.9798210973946535,6.019291511723803,5.927193460041838,5.94035005569458,60300,0.081,0.0
2022-09-12 00:00:00-04:00,5.953506537046608,5.992976946458641,5.90087890625,5.90087890625,111000,0.0,0.0
2022-09-13 00:00:00-04:00,5.848251263638862,5.88114306229216,5.769309817603426,5.782466411590576,115500,0.0,0.0
2022-09-14 00:00:00-04:00,5.769309817603426,5.841672652959865,5.762731206924428,5.782466411590576,45400,0.0,0.0
2022-09-15 00:00:00-04:00,5.769310716074262,5.8087811315533955,5.710104465484619,5.710104465484619,58600,0.0,0.0
2022-09-16 00:00:00-04:00,5.664054667464888,5.71668230501801,5.6311628645223815,5.69694709777832,72600,0.0,0.0
2022-09-19 00:00:00-04:00,5.696946801928759,5.742995825553625,5.62458396089384,5.68379020690918,141800,0.0,0.0
2022-09-20 00:00:00-04:00,5.624583079593848,5.670632096003424,5.585112045977928,5.631161689758301,154900,0.0,0.0
2022-09-21 00:00:00-04:00,5.644319259435071,5.664054465972702,5.571956417216484,5.611426830291748,90100,0.0,0.0
2022-09-22 00:00:00-04:00,5.5982716226820095,5.650899271407605,5.52590813515602,5.539065361022949,78900,0.0,0.0
2022-09-23 00:00:00-04:00,5.545642801482341,5.545642801482341,5.3153964164588485,5.354867458343506,302400,0.0,0.0
2022-09-26 00:00:00-04:00,5.275926279582879,5.354867740135443,5.262769055805305,5.269347667694092,294300,0.0,0.0
2022-09-27 00:00:00-04:00,5.30881647736321,5.348287509377514,5.269346072719674,5.2759246826171875,67100,0.0,0.0
2022-09-28 00:00:00-04:00,5.289082092556394,5.394337357702453,5.289082092556394,5.381180763244629,79000,0.0,0.0
2022-09-29 00:00:00-04:00,5.315395901081388,5.328553122890867,5.262768268585205,5.262768268585205,88400,0.0,0.0
2022-09-30 00:00:00-04:00,5.249611543415504,5.354867125761568,5.243032932281494,5.243032932281494,121300,0.0,0.0
2022-10-03 00:00:00-04:00,5.374601939182437,5.440386790975239,5.328552919349981,5.420650959014893,119700,0.0,0.0
2022-10-04 00:00:00-04:00,5.453544120694083,5.631162868076158,5.453544120694083,5.5785346031188965,102100,0.0,0.0
2022-10-05 00:00:00-04:00,5.525906100510989,5.539063321533414,5.473278471162947,5.5193281173706055,49300,0.0,0.0
2022-10-06 00:00:00-04:00,5.519327221020938,5.552219013493651,5.45354238133406,5.466699600219727,37900,0.0,0.0
2022-10-07 00:00:00-04:00,5.394337894582609,5.440387548195326,5.308817826297197,5.335131645202637,156500,0.0,0.0
2022-10-10 00:00:00-04:00,5.321974145175755,5.341709349158883,5.29566033074131,5.302238941192627,91000,0.0,0.0
2022-10-11 00:00:00-04:00,5.31539643786629,5.354867479909914,5.282504007391757,5.335131645202637,44200,0.0,0.0
2022-10-12 00:00:00-04:00,5.295927908683374,5.342441819909612,5.269348621368408,5.269348621368408,55300,0.081,0.0
2022-10-13 00:00:00-04:00,5.189608595009425,5.2826360618131245,5.136450042550168,5.256056785583496,96400,0.0,0.0
2022-10-14 00:00:00-04:00,5.275992867705022,5.282637530184409,5.209544658660889,5.209544658660889,65000,0.0,0.0
2022-10-17 00:00:00-04:00,5.256058246566755,5.282637530184409,5.182965375043236,5.209544658660889,117800,0.0,0.0
2022-10-18 00:00:00-04:00,5.282638171600358,5.295927815022808,5.229479597910557,5.242769241333008,74900,0.0,0.0
2022-10-19 00:00:00-04:00,5.249414314307233,5.282638265025891,5.202900403080995,5.269348621368408,74800,0.0,0.0
2022-10-20 00:00:00-04:00,5.269347604015339,5.302571865169486,5.236123659711229,5.262702941894531,40400,0.0,0.0
2022-10-21 00:00:00-04:00,5.249413649618579,5.3025722175174925,5.222834365669123,5.282637596130371,77100,0.0,0.0
2022-10-24 00:00:00-04:00,5.2759917091076725,5.335794925689697,5.256057092347008,5.335794925689697,41600,0.0,0.0
2022-10-25 00:00:00-04:00,5.342441493478615,5.408890024556024,5.342441493478615,5.402245044708252,28300,0.0,0.0
2022-10-26 00:00:00-04:00,5.395599252523329,5.535140639817039,5.395599252523329,5.515206336975098,98100,0.0,0.0
2022-10-27 00:00:00-04:00,5.535140138291032,5.5750093740625175,5.481981579729053,5.5617194175720215,86000,0.0,0.0
2022-10-28 00:00:00-04:00,5.561720722392641,5.601589967517746,5.501917171555061,5.548431396484375,72600,0.0,0.0
2022-10-31 00:00:00-04:00,5.535140015684277,5.581653594970703,5.535140015684277,5.581653594970703,75700,0.0,0.0
2022-11-01 00:00:00-04:00,5.668037092675601,5.668037092675601,5.594944225882388,5.634812831878662,93600,0.0,0.0
2022-11-02 00:00:00-04:00,5.6613922636270875,5.668036608258565,5.594943747712211,5.601588726043701,86100,0.0,0.0
2022-11-03 00:00:00-04:00,5.555074888978401,5.621523409409505,5.541785565112214,5.608233451843262,62200,0.0,0.0
2022-11-04 00:00:00-04:00,5.654748761379121,5.661393741445179,5.581655248052838,5.5883002281188965,77600,0.0,0.0
2022-11-07 00:00:00-05:00,5.621522780422187,5.654747036920306,5.6148778023825665,5.6414570808410645,83000,0.0,0.0
2022-11-08 00:00:00-05:00,5.661393803585362,5.6746831301631655,5.628169536590576,5.628169536590576,136800,0.0,0.0
2022-11-09 00:00:00-05:00,5.641456895862387,5.654746851505862,5.528494807692707,5.541784763336182,115800,0.0,0.0
2022-11-10 00:00:00-05:00,5.622975540779176,5.703495399034576,5.602845736194063,5.609555244445801,126000,0.081,0.0
2022-11-11 00:00:00-05:00,5.636395197197602,5.6431053453642885,5.596135588027376,5.609555244445801,103400,0.0,0.0
2022-11-14 00:00:00-05:00,5.596138099175772,5.622978063971438,5.5625879832023815,5.589427947998047,62800,0.0,0.0
2022-11-15 00:00:00-05:00,5.636395579724462,5.67665583154199,5.582715670577752,5.616265773773193,135000,0.0,0.0
2022-11-16 00:00:00-05:00,5.622976206629544,5.6699459695284276,5.596136250699463,5.62968635559082,136700,0.0,0.0
2022-11-17 00:00:00-05:00,5.629686929583175,5.643106588958946,5.555876563313618,5.622976779937744,136600,0.0,0.0
2022-11-18 00:00:00-05:00,5.656527980678831,5.66323749170496,5.576008089128359,5.602848052978516,209200,0.0,0.0
2022-11-21 00:00:00-05:00,5.616267912793712,5.643107877589378,5.576008285557832,5.589427947998047,75400,0.0,0.0
2022-11-22 00:00:00-05:00,5.616266630292313,5.636396439313515,5.602846970916543,5.622976779937744,54800,0.0,0.0
2022-11-23 00:00:00-05:00,5.622977504610154,5.64981746673584,5.622977504610154,5.64981746673584,79900,0.0,0.0
2022-11-25 00:00:00-05:00,5.643106267026508,5.6699462241619525,5.609556160628438,5.656526565551758,46500,0.0,0.0
2022-11-28 00:00:00-05:00,5.649817564872374,5.696787339429389,5.622977602280482,5.6431074142456055,90200,0.0,0.0
2022-11-29 00:00:00-05:00,5.663234996541147,5.676655292510986,5.629685536446412,5.676655292510986,62700,0.0,0.0
2022-11-30 00:00:00-05:00,5.656527291768543,5.690076762558828,5.64310699152032,5.6833672523498535,54500,0.0,0.0
2022-12-01 00:00:00-05:00,5.716916754966993,5.737046563283055,5.669946349009425,5.70349645614624,123400,0.0,0.0
2022-12-02 00:00:00-05:00,5.676654764828022,5.743754958609946,5.676654764828022,5.737044811248779,76400,0.0,0.0
2022-12-05 00:00:00-05:00,5.743754958609946,5.75046446605624,5.710204861718984,5.737044811248779,63600,0.0,0.0
2022-12-06 00:00:00-05:00,5.7571765677252635,5.7705968670031975,5.66994654216396,5.6900763511657715,100800,0.0,0.0
2022-12-07 00:00:00-05:00,5.70349588662861,5.777305603027344,5.690075589147929,5.777305603027344,133800,0.0,0.0
2022-12-08 00:00:00-05:00,5.7705979347229,5.7907277474492815,5.75717763296184,5.7705979347229,71000,0.0,0.0
2022-12-09 00:00:00-05:00,5.798369733806564,5.798369733806564,5.622250880532171,5.662893295288086,156800,0.081,0.0
2022-12-12 00:00:00-05:00,5.669666290283203,5.703535394201148,5.60192872844674,5.669666290283203,93800,0.0,0.0
2022-12-13 00:00:00-05:00,5.710310307169367,5.730631514547325,5.662893295288086,5.662893295288086,84600,0.0,0.0
2022-12-14 00:00:00-05:00,5.6628940934445415,5.703537159928428,5.615477720879696,5.635798931121826,127700,0.0,0.0
2022-12-15 00:00:00-05:00,5.635797347026294,5.7238567613235105,5.635797347026294,5.703535556793213,100500,0.0,0.0
2022-12-16 00:00:00-05:00,5.676440868750543,5.778047545754633,5.615476604148291,5.629024505615234,65900,0.0,0.0
2022-12-19 00:00:00-05:00,5.649345553327735,5.683214660045423,5.561286134261536,5.588381290435791,148800,0.0,0.0
2022-12-20 00:00:00-05:00,5.57483370982536,5.629024671288587,5.520643394361651,5.547738552093506,158300,0.0,0.0
2022-12-21 00:00:00-05:00,5.547738541700059,5.588381601221456,5.4461318618958385,5.486774921417236,213700,0.0,0.0
2022-12-22 00:00:00-05:00,5.493548706610116,5.507096609634842,5.419037177972835,5.480001449584961,129100,0.0,0.0
2022-12-23 00:00:00-05:00,5.493548075252597,5.5545123398582765,5.466452918316683,5.527417182922363,122800,0.0,0.0
2022-12-27 00:00:00-05:00,5.52741781817236,5.59515604129685,5.473227498072598,5.480001449584961,135100,0.0,0.0
2022-12-28 00:00:00-05:00,5.50032201910857,5.50032201910857,5.3580722838730255,5.398715019226074,121300,0.0,0.0
2022-12-29 00:00:00-05:00,5.425810335215341,5.466452746340843,5.391941228611104,5.432584285736084,191700,0.0,0.0
2022-12-30 00:00:00-05:00,5.452905031873947,5.493547439575195,5.391940774322652,5.493547439575195,142600,0.0,0.0
2023-01-03 00:00:00-05:00,5.5545124975616815,5.662893128382473,5.54096524170884,5.6561198234558105,126500,0.0,0.0
2023-01-04 00:00:00-05:00,5.69676160812378,5.717082812659454,5.669666453409733,5.696761608123779,108300,0.0,0.0
2023-01-05 00:00:00-05:00,5.696763207847843,5.696763207847843,5.601930462718151,5.635798931121826,133800,0.0,0.0
2023-01-06 00:00:00-05:00,5.669665029510732,5.703534125897152,5.649343830078593,5.689986228942871,74700,0.0,0.0
2023-01-09 00:00:00-05:00,5.7170820236206055,5.744177174595134,5.7103087203764895,5.7170820236206055,101900,0.0,0.0
2023-01-10 00:00:00-05:00,5.737404508993933,5.771273612976074,5.703535405011792,5.771273612976074,77700,0.0,0.0
2023-01-11 00:00:00-05:00,5.80514080266918,5.845783847768065,5.771272352085942,5.791593551635742,135900,0.0,0.0
2023-01-12 00:00:00-05:00,5.812795162200928,5.8196339012674265,5.77176337997999,5.812795162200928,74300,0.081,0.0
2023-01-13 00:00:00-05:00,5.812794625275627,5.833310188402057,5.792279062149198,5.80595588684082,87400,0.0,0.0
2023-01-17 00:00:00-05:00,5.792279651841105,5.874342564879354,5.792279651841105,5.853826999664307,107200,0.0,0.0
2023-01-18 00:00:00-05:00,5.874341904561043,5.874341904561043,5.84698760328978,5.8675031661987305,93600,0.0,0.0
2023-01-19 00:00:00-05:00,5.860666448432896,5.894859499855294,5.860666448432896,5.881182670593262,91100,0.0,0.0
2023-01-20 00:00:00-05:00,5.88801908493042,5.894857823706008,5.8743422595572685,5.88801908493042,48800,0.0,0.0
2023-01-23 00:00:00-05:00,5.888019082186865,5.942727688010031,5.881180995592489,5.92221212387085,129100,0.0,0.0
2023-01-24 00:00:00-05:00,5.915373385098448,6.024791248922804,5.901696559731669,5.92221212387085,79400,0.0,0.0
2023-01-25 00:00:00-05:00,5.929050385264974,5.9769202484614885,5.894857346334046,5.956404685974121,143400,0.0,0.0
2023-01-26 00:00:00-05:00,5.976920666912584,6.004274969536837,5.942727625587762,5.94956636428833,66000,0.0,0.0
2023-01-27 00:00:00-05:00,5.9495657674799585,6.038467405135453,5.942727029465393,5.970081329345703,176400,0.0,0.0
2023-01-30 00:00:00-05:00,5.95640330943266,5.976918867178824,5.929049015045166,5.929049015045166,106600,0.0,0.0
2023-01-31 00:00:00-05:00,5.949568130978009,6.017954233934509,5.942729390246717,6.004276752471924,177300,0.0,0.0
2023-02-01 00:00:00-05:00,6.024791178517696,6.058983567624086,6.011113701132725,6.052145481109619,121800,0.0,0.0
2023-02-02 00:00:00-05:00,6.072660210154831,6.16156184440111,6.072660210154831,6.147884368896484,245100,0.0,0.0
2023-02-03 00:00:00-05:00,6.134208081385572,6.202593508348299,6.1273693430359035,6.154723644256592,188000,0.0,0.0
2023-02-06 00:00:00-05:00,6.154722808773846,6.175238368859947,6.0863367389163106,6.134207248687744,117400,0.0,0.0
2023-02-07 00:00:00-05:00,6.141046524047852,6.1547240015411715,6.106854134670597,6.141046524047852,83600,0.0,0.0
2023-02-08 00:00:00-05:00,6.16156184440111,6.175238667727807,6.11369133231285,6.147884368896484,107000,0.0,0.0
2023-02-09 00:00:00-05:00,6.188917834539005,6.188917834539005,6.100016175997694,6.1068549156188965,133500,0.0,0.0
2023-02-10 00:00:00-05:00,6.114444736007247,6.121346073390407,6.073038028003803,6.079939365386963,102900,0.081,0.0
2023-02-13 00:00:00-05:00,6.086840636272845,6.1144453303409465,6.031631248136642,6.052335262298584,86700,0.0,0.0
2023-02-14 00:00:00-05:00,6.052335222156641,6.093741933910253,6.038532546140225,6.073038578033447,119000,0.0,0.0
2023-02-15 00:00:00-05:00,6.059236810376495,6.11444620642314,6.024730773310364,6.093742847442627,194300,0.0,0.0
2023-02-16 00:00:00-05:00,6.059237167517201,6.086841867167586,6.004027768216431,6.010929107666016,56800,0.0,0.0
2023-02-17 00:00:00-05:00,6.024729144578403,6.024729144578403,5.886705691775206,5.9212117195129395,193900,0.0,0.0
2023-02-21 00:00:00-05:00,5.866002568149551,5.893607259791404,5.7003744182984395,5.734880447387695,216600,0.0,0.0
2023-02-22 00:00:00-05:00,5.748681403990406,5.824594127469097,5.714175381264585,5.796989440917969,109100,0.0,0.0
2023-02-23 00:00:00-05:00,5.796991707684055,5.86600378012111,5.7831896880853835,5.824596405029297,92200,0.0,0.0
2023-02-24 00:00:00-05:00,5.803891403718722,5.859100782781742,5.790089388026822,5.845298767089844,55200,0.0,0.0
2023-02-27 00:00:00-05:00,5.866001901771548,5.900507926940918,5.824594539938765,5.900507926940918,112500,0.0,0.0
2023-02-28 00:00:00-05:00,5.893607246632556,5.962619304656982,5.879805229916328,5.962619304656982,129800,0.0,0.0
2023-03-01 00:00:00-05:00,5.976420952179003,6.004025642053938,5.935014246440462,5.96951961517334,176700,0.0,0.0
2023-03-02 00:00:00-05:00,5.955718001932299,5.983322693673385,5.928113310191213,5.976421356201172,195200,0.0,0.0
2023-03-03 00:00:00-05:00,6.0040273348489865,6.02473069355543,5.983323976142544,5.990225315093994,116700,0.0,0.0
2023-03-06 00:00:00-05:00,6.03163203250688,6.04543471040978,5.969521298239644,5.990225315093994,202200,0.0,0.0
2023-03-07 00:00:00-05:00,6.017830012751887,6.017830012751887,5.969521298239644,5.990225315093994,110600,0.0,0.0
2023-03-08 00:00:00-05:00,6.017829162702997,6.017829162702997,5.969520455014603,5.997125148773193,77200,0.0,0.0
2023-03-09 00:00:00-05:00,6.010927092414979,6.01782842955079,5.90740966796875,5.90740966796875,153200,0.0,0.0
2023-03-10 00:00:00-05:00,5.922039654236767,5.929006919176729,5.768763147732381,5.782697677612305,162900,0.081,0.0
2023-03-13 00:00:00-04:00,5.608520728908814,5.796632254325065,5.5388493998301795,5.664257526397705,267000,0.0,0.0
2023-03-14 00:00:00-04:00,5.78966629555409,5.81753469739162,5.733928827443919,5.768764495849609,84100,0.0,0.0
2023-03-15 00:00:00-04:00,5.699093935345488,5.76876460908938,5.587620325807161,5.608521461486816,116200,0.0,0.0
2023-03-16 00:00:00-04:00,5.587619470436491,5.719994195390126,5.559750740100582,5.6921257972717285,85000,0.0,0.0
2023-03-17 00:00:00-04:00,5.692127765320612,5.733930044733805,5.643358217860136,5.650324821472168,61100,0.0,0.0
2023-03-20 00:00:00-04:00,5.664257934534949,5.713027469743052,5.63638953378245,5.643356800079346,66600,0.0,0.0
2023-03-21 00:00:00-04:00,5.636389127653259,5.699093190937022,5.629421861858389,5.664257526397705,85300,0.0,0.0
2023-03-22 00:00:00-04:00,5.622455731182797,5.643357532787281,5.4691795071433615,5.559751987457275,340700,0.0,0.0
2023-03-23 00:00:00-04:00,5.580651903707607,5.664257093552086,5.580651903707607,5.6224541664123535,114400,0.0,0.0
2023-03-24 00:00:00-04:00,5.552783901370978,5.6224549020234145,5.552783901370978,5.566718101501465,99600,0.0,0.0
2023-03-27 00:00:00-04:00,5.573686256726489,5.622455798853589,5.545817852020264,5.545817852020264,66500,0.0,0.0
2023-03-28 00:00:00-04:00,5.55975184269284,5.580653311535507,5.504015035402498,5.524916172027588,63300,0.0,0.0
2023-03-29 00:00:00-04:00,5.5597520543733765,5.5597520543733765,5.504015244960926,5.545817852020264,51500,0.0,0.0
2023-03-30 00:00:00-04:00,5.594586071639824,5.6921257972717285,5.545816541041383,5.6921257972717285,89800,0.0,0.0
2023-03-31 00:00:00-04:00,5.706059792296856,5.726961589681468,5.657290260602835,5.664257526397705,96000,0.0,0.0
2023-04-03 00:00:00-04:00,5.719994068145752,5.7269613336291165,5.636388875650401,5.719994068145752,106600,0.0,0.0
2023-04-04 00:00:00-04:00,5.733927934677474,5.782698128626017,5.6851584051639374,5.719994068145752,82900,0.0,0.0
2023-04-05 00:00:00-04:00,5.754830001013093,5.761797266823202,5.6921259375921816,5.733928203582764,76500,0.0,0.0
2023-04-06 00:00:00-04:00,5.754831091863366,5.754831091863366,5.685159749425875,5.706060886383057,83900,0.0,0.0
2023-04-10 00:00:00-04:00,5.66425739915333,5.7060596641134165,5.65032286787662,5.6921257972717285,102700,0.0,0.0
2023-04-11 00:00:00-04:00,5.7060596641134165,5.713026929751772,5.678191265995018,5.6921257972717285,90700,0.0,0.0
2023-04-12 00:00:00-04:00,5.720976809103777,5.728013841909852,5.664681888831948,5.678755283355713,50500,0.081,0.0
2023-04-13 00:00:00-04:00,5.671718921638023,5.699866381773937,5.664681888831948,5.678755283355713,58800,0.0,0.0
2023-04-14 00:00:00-04:00,5.657645831123911,5.699867364148877,5.657645831123911,5.664682865142822,30900,0.0,0.0
2023-04-17 00:00:00-04:00,5.692830459371074,5.692830459371074,5.629498493940086,5.671720027923584,61500,0.0,0.0
2023-04-18 00:00:00-04:00,5.664682981479132,5.664682981479132,5.615424748967882,5.629498481750488,54300,0.0,0.0
2023-04-19 00:00:00-04:00,5.622461460772696,5.629498494952631,5.566166529510251,5.5732035636901855,98700,0.0,0.0
2023-04-20 00:00:00-04:00,5.587278490023574,5.608388925984335,5.530983546735773,5.552093982696533,82900,0.0,0.0
2023-04-21 00:00:00-04:00,5.566166529510251,5.587277296505797,5.50283489961213,5.5732035636901855,59200,0.0,0.0
2023-04-24 00:00:00-04:00,5.594314109675742,5.650609042090733,5.587277410896001,5.63653564453125,93300,0.0,0.0
2023-04-25 00:00:00-04:00,5.615424762137019,5.629498494952631,5.55209279669464,5.5732035636901855,58900,0.0,0.0
2023-04-26 00:00:00-04:00,5.580240134023934,5.629498365518148,5.573203435550047,5.615424633026123,70400,0.0,0.0
2023-04-27 00:00:00-04:00,5.608387960065814,5.62949872793505,5.573203794342783,5.601351261138916,58100,0.0,0.0
2023-04-28 00:00:00-04:00,5.608387110865492,5.650608304666722,5.601350413004064,5.622460842132568,65800,0.0,0.0
2023-05-01 00:00:00-04:00,5.664682865142822,5.685793296111054,5.629498366136767,5.664682865142822,81100,0.0,0.0
2023-05-02 00:00:00-04:00,5.664682865142822,5.6787562620921435,5.608387599624284,5.664682865142822,52800,0.0,0.0
2023-05-03 00:00:00-04:00,5.685793885419992,5.735051786480745,5.671720487012021,5.728015422821045,46300,0.0,0.0
2023-05-04 00:00:00-04:00,5.728015063034334,5.728015063034334,5.65764606214877,5.692830562591553,74700,0.0,0.0
2023-05-05 00:00:00-04:00,5.720977065579752,5.763197922132226,5.70690299933665,5.749124526977539,48900,0.0,0.0
2023-05-08 00:00:00-04:00,5.735051786480745,5.749125855977287,5.706904318576233,5.728015422821045,84400,0.0,0.0
2023-05-09 00:00:00-04:00,5.720978028728073,5.742088460558331,5.678756493979028,5.692830562591553,74500,0.0,0.0
2023-05-10 00:00:00-04:00,5.714865454738458,5.750405798534075,5.658001175815741,5.6864333152771,84700,0.081,0.0
2023-05-11 00:00:00-04:00,5.6722161802948525,5.6864322473557305,5.636675843173769,5.643784046173096,64500,0.0,0.0
2023-05-12 00:00:00-04:00,5.679324626922607,5.693541034379532,5.6295685565746085,5.679324626922607,59700,0.0,0.0
2023-05-15 00:00:00-04:00,5.672216529061797,5.70775652943035,5.636676189755449,5.65089225769043,97200,0.0,0.0
2023-05-16 00:00:00-04:00,5.629568569039612,5.679324639497781,5.601136431938427,5.62246036529541,78900,0.0,0.0
2023-05-17 00:00:00-04:00,5.6224597761128905,5.6722161802948525,5.615351912051339,5.643784046173096,54900,0.0,0.0
2023-05-18 00:00:00-04:00,5.615352738584824,5.69354128839725,5.615352738584824,5.658000946044922,46200,0.0,0.0
2023-05-19 00:00:00-04:00,5.658000461126817,5.672216529061797,5.643784393191837,5.65089225769043,90100,0.0,0.0
2023-05-22 00:00:00-04:00,5.658001695071913,5.700650247115807,5.572705268859863,5.572705268859863,145900,0.0,0.0
2023-05-23 00:00:00-04:00,5.579811107154499,5.608243238892688,5.473190443667421,5.530055046081543,246200,0.0,0.0
2023-05-24 00:00:00-04:00,5.480298764971343,5.537163029681445,5.480298764971343,5.515839099884033,166900,0.0,0.0
2023-05-25 00:00:00-04:00,5.530057071799151,5.530057071799151,5.473192448554924,5.508732795715332,112700,0.0,0.0
2023-05-26 00:00:00-04:00,5.494514711939934,5.537162909547217,5.494514711939934,5.530055046081543,82300,0.0,0.0
2023-05-30 00:00:00-04:00,5.55848931628311,5.572705387621414,5.501624691992015,5.5513811111450195,69900,0.0,0.0
2023-05-31 00:00:00-04:00,5.565597063873258,5.572705268859863,5.522948850767233,5.572705268859863,39500,0.0,0.0
2023-06-01 00:00:00-04:00,5.601135010548619,5.771727789864711,5.558486815719595,5.73618745803833,124300,0.0,0.0
2023-06-02 00:00:00-04:00,5.736189601032507,5.807270291240442,5.736189601032507,5.771729946136475,87500,0.0,0.0
2023-06-05 00:00:00-04:00,5.743297338602705,5.80016161499476,5.743297338602705,5.77883768081665,81800,0.0,0.0
2023-06-06 00:00:00-04:00,5.771728750240253,5.814377291103421,5.771728750240253,5.800160884857178,46600,0.0,0.0
2023-06-07 00:00:00-04:00,5.785945884834569,5.821485549172869,5.77883768081665,5.77883768081665,68400,0.0,0.0
2023-06-08 00:00:00-04:00,5.7930541038513175,5.821486245447953,5.771730167122773,5.793054103851318,71100,0.0,0.0
2023-06-09 00:00:00-04:00,5.765053738990222,5.772233297996839,5.721977411971166,5.729156970977783,95500,0.081,0.0
2023-06-12 00:00:00-04:00,5.750694690892959,5.82966777748202,5.721976800276725,5.808129787445068,93600,0.0,0.0
2023-06-13 00:00:00-04:00,5.7794128570034555,5.808130408349492,5.721977411971166,5.729156970977783,116000,0.0,0.0
2023-06-14 00:00:00-04:00,5.729155443293073,5.8081288596064455,5.714796671448834,5.779411315917969,75400,0.0,0.0
2023-06-15 00:00:00-04:00,5.808129787445068,5.851205767518972,5.779412239169013,5.808129787445068,107100,0.0,0.0
2023-06-16 00:00:00-04:00,5.786592158931114,5.815309709001326,5.736335932797942,5.743515491485596,107300,0.0,0.0
2023-06-20 00:00:00-04:00,5.72915671645049,5.80095059162602,5.72915671645049,5.743515491485596,101900,0.0,0.0
2023-06-21 00:00:00-04:00,5.75069386255659,5.808128950835685,5.736334748146685,5.793769836425781,87100,0.0,0.0
2023-06-22 00:00:00-04:00,5.808130351597534,5.836847902662968,5.786592359468565,5.822488784790039,99200,0.0,0.0
2023-06-23 00:00:00-04:00,5.829669352542635,5.86556646875648,5.822489792363758,5.844028472900391,52900,0.0,0.0
2023-06-26 00:00:00-04:00,5.865564644004919,5.8799230752152845,5.836847096903855,5.85838508605957,39400,0.0,0.0
2023-06-27 00:00:00-04:00,5.8583844819098285,5.8871020260493765,5.793769836425781,5.793769836425781,76600,0.0,0.0
2023-06-28 00:00:00-04:00,5.815310916865424,5.844028472900391,5.772234240472701,5.844028472900391,44200,0.0,0.0
2023-06-29 00:00:00-04:00,5.822489792363758,5.858386908577602,5.822489792363758,5.844028472900391,34200,0.0,0.0
2023-06-30 00:00:00-04:00,5.836847363380419,5.879923343658447,5.836847363380419,5.879923343658447,71800,0.0,0.0
2023-07-03 00:00:00-04:00,5.908641516407698,5.923000634471207,5.88710352399287,5.915821075439453,64800,0.0,0.0
2023-07-05 00:00:00-04:00,5.908640149878845,5.951716809426322,5.887102162445244,5.937358379364014,165900,0.0,0.0
2023-07-06 00:00:00-04:00,5.901461601257324,5.922999589873649,5.865564497109906,5.901461601257324,91600,0.0,0.0
2023-07-07 00:00:00-04:00,5.901462642056378,5.937359752534715,5.901462642056378,5.915821075439453,103100,0.0,0.0
2023-07-10 00:00:00-04:00,5.944538294915328,5.958897412176956,5.9301798623340956,5.951717853546143,109500,0.0,0.0
2023-07-11 00:00:00-04:00,5.9445379972574175,5.973255545662318,5.937359123666464,5.958897113800049,86200,0.0,0.0
2023-07-12 00:00:00-04:00,5.99587278491089,6.003122407494565,5.945121278257168,5.959621906280518,118000,0.081,0.0
2023-07-13 00:00:00-04:00,5.95962144281543,5.981371691730991,5.9233705670041985,5.937870502471924,87800,0.0,0.0
2023-07-14 00:00:00-04:00,5.959621715636013,5.959621715636013,5.901620588254036,5.923370838165283,105900,0.0,0.0
2023-07-17 00:00:00-04:00,5.923371605893573,5.937871543904415,5.872620785713522,5.887120723724365,140200,0.0,0.0
2023-07-18 00:00:00-04:00,5.9088719198284565,5.923372551582448,5.879871347748653,5.901622295379639,74800,0.0,0.0
2023-07-19 00:00:00-04:00,5.901620588254036,5.9451210880765295,5.901620588254036,5.923370838165283,70600,0.0,0.0
2023-07-20 00:00:00-04:00,5.923370562563149,5.952371124904802,5.894370000221497,5.945120811462402,98100,0.0,0.0
2023-07-21 00:00:00-04:00,5.93787249190826,5.945122807785256,5.901622295379639,5.901622295379639,52400,0.0,0.0
2023-07-24 00:00:00-04:00,5.9233705670041985,5.945120815919759,5.908869940108527,5.937870502471924,62400,0.0,0.0
2023-07-25 00:00:00-04:00,5.974122988276079,6.0103738738567225,5.94512241809719,5.98862361907959,120500,0.0,0.0
2023-07-26 00:00:00-04:00,5.981373023555985,6.010373592376709,5.952372454735262,6.010373592376709,52000,0.0,0.0
2023-07-27 00:00:00-04:00,6.010373407026485,6.017623721865102,5.959622586012317,5.974122524261475,87900,0.0,0.0
2023-07-28 00:00:00-04:00,6.0031229982014755,6.06112413314618,5.9813727454542285,6.032123565673828,90800,0.0,0.0
2023-07-31 00:00:00-04:00,6.053875453183975,6.053875453183975,6.010374249482911,6.046625137329102,70700,0.0,0.0
2023-08-01 00:00:00-04:00,6.061124414955949,6.075625045080361,5.995873653680397,6.010373592376709,119500,0.0,0.0
2023-08-02 00:00:00-04:00,5.995873934481345,6.0103738738567225,5.959623048900701,5.98862361907959,74300,0.0,0.0
2023-08-03 00:00:00-04:00,5.966872672874324,5.995873934481345,5.966872672874324,5.98862361907959,72500,0.0,0.0
2023-08-04 00:00:00-04:00,6.01037195546873,6.039372516391232,5.981371394546229,5.9958720207214355,90300,0.0,0.0
2023-08-07 00:00:00-04:00,5.995873641595395,6.03212383397716,5.995873641595395,6.024874210357666,78300,0.0,0.0
2023-08-08 00:00:00-04:00,6.017622268556334,6.039372516391232,5.9958720207214355,5.9958720207214355,74000,0.0,0.0
2023-08-09 00:00:00-04:00,6.017623246870064,6.024873561136386,5.966871738433838,5.966871738433838,53900,0.0,0.0
2023-08-10 00:00:00-04:00,6.011537131465571,6.018859512338529,5.974925925401456,5.982248306274414,69400,0.081,0.0
2023-08-11 00:00:00-04:00,5.996893405914307,6.0042157880524885,5.982249339938738,5.996893405914307,86800,0.0,0.0
2023-08-14 00:00:00-04:00,5.996894755421204,5.996894755421204,5.945639465521324,5.960284233093262,136300,0.0,0.0
2023-08-15 00:00:00-04:00,5.938314902331539,5.960282045627349,5.916348457336426,5.916348457336426,66700,0.0,0.0
2023-08-16 00:00:00-04:00,5.9163504266998785,5.930995193771859,5.857772755013815,5.865095138549805,79800,0.0,0.0
2023-08-17 00:00:00-04:00,5.865093910180969,5.879737975885008,5.806515901612854,5.821160316467285,141900,0.0,0.0
2023-08-18 00:00:00-04:00,5.7918716092589975,5.835804854751497,5.762582778930664,5.762582778930664,131100,0.0,0.0
2023-08-21 00:00:00-04:00,5.762583192107791,5.7991944072184305,5.755261158575918,5.791872024536133,104500,0.0,0.0
2023-08-22 00:00:00-04:00,5.806516440750304,5.821160856964474,5.755261158575918,5.791872024536133,66200,0.0,0.0
2023-08-23 00:00:00-04:00,5.806516369379375,5.806516369379375,5.777227537311038,5.7991943359375,63400,0.0,0.0
2023-08-24 00:00:00-04:00,5.791872223755649,5.813839023407696,5.769905773254038,5.784550189971924,100900,0.0,0.0
2023-08-25 00:00:00-04:00,5.813839023407696,5.813839023407696,5.769905773254038,5.784550189971924,111100,0.0,0.0
2023-08-28 00:00:00-04:00,5.784550047472262,5.784550047472262,5.7332944156471015,5.740616798400879,113000,0.0,0.0
2023-08-29 00:00:00-04:00,5.725971233735528,5.762582092711052,5.725971233735528,5.7479376792907715,97000,0.0,0.0
2023-08-30 00:00:00-04:00,5.784548887416652,5.791870919551614,5.740615647155809,5.7479376792907715,89600,0.0,0.0
2023-08-31 00:00:00-04:00,5.755260944366455,5.762582977625804,5.7040053149493675,5.755260944366455,99100,0.0,0.0
2023-09-01 00:00:00-04:00,5.813839985158645,5.813839985158645,5.769906727737355,5.806517601013184,182300,0.0,0.0
2023-09-05 00:00:00-04:00,5.850448815389942,5.901704788208008,5.835804401363511,5.901704788208008,184500,0.0,0.0
2023-09-06 00:00:00-04:00,5.879737225369596,5.8943819875050965,5.843126367481885,5.872415542602539,83800,0.0,0.0
2023-09-07 00:00:00-04:00,5.879737225369596,5.887059606437346,5.857770780467039,5.872415542602539,97900,0.0,0.0
2023-09-08 00:00:00-04:00,5.850965020049076,5.865758849513051,5.828774452209473,5.828774452209473,98500,0.081,0.0
2023-09-11 00:00:00-04:00,5.843568590763975,5.880552990023811,5.769599439531567,5.791790008544922,128400,0.0,0.0
2023-09-12 00:00:00-04:00,5.799187535942985,5.8065842752658625,5.76959987322595,5.776996612548828,98000,0.0,0.0
2023-09-13 00:00:00-04:00,5.791789571918971,5.821377230181408,5.769599004578498,5.784392833709717,92400,0.0,0.0
2023-09-14 00:00:00-04:00,5.791790443907345,5.799187535942985,5.76959987322595,5.776996612548828,72000,0.0,0.0
2023-09-15 00:00:00-04:00,5.76959987322595,5.784393704584467,5.76959987322595,5.776996612548828,66800,0.0,0.0
2023-09-18 00:00:00-04:00,5.769599051351601,5.836171106625417,5.754805222100452,5.821377277374268,98600,0.0,0.0
2023-09-19 00:00:00-04:00,5.791789099778615,5.8435676738733004,5.776995271853374,5.806582927703857,58300,0.0,0.0
2023-09-20 00:00:00-04:00,5.828774408729841,5.828774408729841,5.776995829635813,5.813980579376221,144800,0.0,0.0
2023-09-21 00:00:00-04:00,5.784392616748259,5.791789354680077,5.732614040374756,5.732614040374756,89000,0.0,0.0
2023-09-22 00:00:00-04:00,5.754804739809111,5.776995305469761,5.651247591017141,5.680835247039795,176400,0.0,0.0
2023-09-25 00:00:00-04:00,5.666040843620908,5.680834670129866,5.547690231549238,5.629056453704834,173300,0.0,0.0
2023-09-26 00:00:00-04:00,5.636454849196345,5.643851940983828,5.503310371436382,5.562485694885254,217700,0.0,0.0
2023-09-27 00:00:00-04:00,5.606866315438783,5.621660144000124,5.562484829754759,5.592072486877441,97900,0.0,0.0
2023-09-28 00:00:00-04:00,5.562484058058196,5.658644106722751,5.488514925513402,5.629056453704834,184700,0.0,0.0
2023-09-29 00:00:00-04:00,5.717820994520512,5.732614825121995,5.666042411058951,5.6734395027160645,106300,0.0,0.0
2023-10-02 00:00:00-04:00,5.710422469925099,5.710422469925099,5.658644252169189,5.695628643035889,219700,0.0,0.0
2023-10-03 00:00:00-04:00,5.695630157567755,5.776996403450937,5.695630157567755,5.725217819213867,157300,0.0,0.0
2023-10-04 00:00:00-04:00,5.717820857312514,5.799187100024531,5.710423765832906,5.791790008544922,209700,0.0,0.0
2023-10-05 00:00:00-04:00,5.791789354680077,5.81398027390092,5.717820211798426,5.732614040374756,162400,0.0,0.0
2023-10-06 00:00:00-04:00,5.703027455756241,5.791790443907345,5.658645961680689,5.776996612548828,144000,0.0,0.0
2023-10-09 00:00:00-04:00,5.747409343719482,5.769600268634452,5.740012603889683,5.747409343719482,71500,0.0,0.0
2023-10-10 00:00:00-04:00,5.747407521009354,5.769598438886783,5.732613693328625,5.754804611206055,104500,0.0,0.0
2023-10-11 00:00:00-04:00,5.748077694049281,5.777976639014089,5.688279804119664,5.718178749084473,73500,0.081,0.0
2023-10-12 00:00:00-04:00,5.7107042898171825,5.755552710839148,5.650906395121227,5.673330783843994,97000,0.0,0.0
2023-10-13 00:00:00-04:00,5.688279922466032,5.73312834084633,5.606057643890381,5.606057643890381,118700,0.0,0.0
2023-10-16 00:00:00-04:00,5.583633071381267,5.613532372400464,5.464037292998616,5.523835182189941,304200,0.0,0.0
2023-10-17 00:00:00-04:00,5.486461465114874,5.486461465114874,5.35191586327212,5.396764278411865,198400,0.0,0.0
2023-10-18 00:00:00-04:00,5.374340853120197,5.3892903265137395,5.322017518031018,5.3369669914245605,128700,0.0,0.0
2023-10-19 00:00:00-04:00,5.322016716003418,5.404238985488791,5.307067244862759,5.322016716003418,131600,0.0,0.0
2023-10-20 00:00:00-04:00,5.292117565250236,5.351915447457257,5.232319683043215,5.247269153594971,146800,0.0,0.0
2023-10-23 00:00:00-04:00,5.23232031855689,5.322017152761931,5.23232031855689,5.284643650054932,89400,0.0,0.0
2023-10-24 00:00:00-04:00,5.284643699171504,5.374340534210205,5.254744754158603,5.374340534210205,122700,0.0,0.0
2023-10-25 00:00:00-04:00,5.336966777672928,5.344441692282101,5.2696943283081055,5.2696943283081055,156700,0.0,0.0
2023-10-26 00:00:00-04:00,5.262218624146726,5.307067035801992,5.217370212491461,5.247269153594971,103800,0.0,0.0
2023-10-27 00:00:00-04:00,5.2622200606822345,5.299593925476074,5.239796026944802,5.299593925476074,45500,0.0,0.0
2023-10-30 00:00:00-04:00,5.307067729719409,5.389290006716656,5.307067729719409,5.374340534210205,79800,0.0,0.0
2023-10-31 00:00:00-04:00,5.374340573667108,5.419188991515723,5.351916186531029,5.41171407699585,72100,0.0,0.0
2023-11-01 00:00:00-04:00,5.471512685173397,5.5761590003967285,5.441613737966731,5.5761590003967285,138400,0.0,0.0
2023-11-02 00:00:00-04:00,5.5985829677937256,5.777977005381039,5.5985829677937256,5.770502090454102,133400,0.0,0.0
2023-11-03 00:00:00-04:00,5.785451106442903,5.882622854268582,5.785451106442903,5.875148296356201,237000,0.0,0.0
2023-11-06 00:00:00-05:00,5.882622166653595,5.890097080115773,5.792925343648419,5.800400257110596,98800,0.0,0.0
2023-11-07 00:00:00-05:00,5.822824315107897,5.845248699188232,5.800400287451054,5.845248699188232,67300,0.0,0.0
2023-11-08 00:00:00-05:00,5.852723884341806,5.882622828708484,5.80787546779179,5.8302998542785645,79200,0.0,0.0
2023-11-09 00:00:00-05:00,5.837774222768194,5.875148080225816,5.748077392578125,5.748077392578125,119900,0.0,0.0
2023-11-10 00:00:00-05:00,5.801713599294356,5.801713599294356,5.711061908731428,5.763942241668701,85400,0.081,0.0
2023-11-13 00:00:00-05:00,5.7261715911875095,5.741280209097588,5.673291608611169,5.680845737457275,83800,0.0,0.0
2023-11-14 00:00:00-05:00,5.748832603754912,5.824375665783559,5.748832603754912,5.771495342254639,110300,0.0,0.0
2023-11-15 00:00:00-05:00,5.80926746466906,5.854593305095279,5.78660436434707,5.839484691619873,56800,0.0,0.0
2023-11-16 00:00:00-05:00,5.839484981393171,5.9679083824157715,5.839484981393171,5.9679083824157715,149600,0.0,0.0
2023-11-17 00:00:00-05:00,6.013234167210818,6.028342781290533,5.975462451902645,5.9981255531311035,108900,0.0,0.0
2023-11-20 00:00:00-05:00,6.020789220256028,6.035897836659741,5.998126475759372,6.013235092163086,108700,0.0,0.0
2023-11-21 00:00:00-05:00,6.028342229709029,6.035896355948811,5.990570517856892,6.005679130554199,71100,0.0,0.0
2023-11-22 00:00:00-05:00,6.043451395370248,6.043451395370248,5.9981255531311035,5.9981255531311035,74000,0.0,0.0
2023-11-24 00:00:00-05:00,6.043452262878418,6.058561239344726,5.998126414132969,6.043452262878418,39700,0.0,0.0
2023-11-27 00:00:00-05:00,6.051006257820411,6.081223487854004,6.043451770203116,6.081223487854004,74000,0.0,0.0
2023-11-28 00:00:00-05:00,6.073668492600624,6.088777466572411,5.975462323090606,6.0358967781066895,187700,0.0,0.0
2023-11-29 00:00:00-05:00,6.0510056954272144,6.096331176047161,6.013233981286909,6.0661139488220215,94200,0.0,0.0
2023-11-30 00:00:00-05:00,6.081223487854004,6.111440717887596,6.005680052552227,6.081223487854004,88500,0.0,0.0
2023-12-01 00:00:00-05:00,6.1189941279979445,6.18698234327464,6.073667930711349,6.179428577423096,141800,0.0,0.0
2023-12-04 00:00:00-05:00,6.179429284350713,6.232309253538329,6.179429284350713,6.21720027923584,133800,0.0,0.0
2023-12-05 00:00:00-05:00,6.247419229093499,6.254972997019813,6.186984042633348,6.224755764007568,104500,0.0,0.0
2023-12-06 00:00:00-05:00,6.232309939830972,6.247418915797239,6.156766500870891,6.171875476837158,136800,0.0,0.0
2023-12-07 00:00:00-05:00,6.209646091600846,6.209646091600846,6.149211639358519,6.18698263168335,113600,0.0,0.0
2023-12-08 00:00:00-05:00,6.141969001383228,6.241156163389929,6.134339051775319,6.210637092590332,132800,0.081,0.0
2023-12-11 00:00:00-05:00,6.210637328177113,6.210637328177113,6.1495991842625735,6.187747478485107,124900,0.0,0.0
2023-12-12 00:00:00-05:00,6.180118256219843,6.2030073782797785,6.134339284467902,6.187747478485107,104100,0.0,0.0
2023-12-13 00:00:00-05:00,6.203007020017416,6.2869342811445685,6.172487949822813,6.271675109863281,139800,0.0,0.0
2023-12-14 00:00:00-05:00,6.302192731570131,6.378490025704555,6.302192731570131,6.347970962524414,226700,0.0,0.0
2023-12-15 00:00:00-05:00,6.347971897780091,6.386120914283783,6.325082778930664,6.325082778930664,105600,0.0,0.0
2023-12-18 00:00:00-05:00,6.355602741241455,6.39375176311512,6.31745371936779,6.355602741241455,156300,0.0,0.0
2023-12-19 00:00:00-05:00,6.355600257362682,6.386119317407823,6.332711144236774,6.340341091156006,103900,0.0,0.0
2023-12-20 00:00:00-05:00,6.355602741241455,6.39375176311512,6.286934647395272,6.355602741241455,163100,0.0,0.0
2023-12-21 00:00:00-05:00,6.37086070691678,6.3861198744544785,6.317451801455207,6.332711696624756,76900,0.0,0.0
2023-12-22 00:00:00-05:00,6.363229777265091,6.409008000444871,6.347969884450672,6.3861188888549805,94800,0.0,0.0
2023-12-26 00:00:00-05:00,6.424269753456608,6.424269753456608,6.386120738005954,6.416639804840088,67000,0.0,0.0
2023-12-27 00:00:00-05:00,6.409009856223567,6.431899702073128,6.386120738005954,6.416639804840088,100600,0.0,0.0
2023-12-28 00:00:00-05:00,6.424269311568195,6.447158428211397,6.347971285914988,6.363231182098389,126600,0.0,0.0
2023-12-29 00:00:00-05:00,6.363230696238159,6.439527988433838,6.363230696238159,6.439527988433838,147800,0.0,0.0
2024-01-02 00:00:00-05:00,6.447159610904956,6.4776786812384035,6.416640540571509,6.462419509887695,174500,0.0,0.0
2024-01-03 00:00:00-05:00,6.523456382331822,6.523456382331822,6.454788305523293,6.470047473907471,125500,0.0,0.0
2024-01-04 00:00:00-05:00,6.485307539802468,6.523456553210041,6.470047643386675,6.500567436218262,173400,0.0,0.0
2024-01-05 00:00:00-05:00,6.500567931587464,6.553976117848837,6.492937982798135,6.523457050323486,102400,0.0,0.0
2024-01-08 00:00:00-05:00,6.515827913196094,6.569236106110404,6.508197963456318,6.5616068840026855,177800,0.0,0.0
2024-01-09 00:00:00-05:00,6.538716238780625,6.569235306392372,6.538716238780625,6.546346187591553,92300,0.0,0.0
2024-01-10 00:00:00-05:00,6.576864220485389,6.576864220485389,6.538715210064579,6.5539751052856445,145400,0.0,0.0
2024-01-11 00:00:00-05:00,6.539340972900391,6.562448714323837,6.516233966035449,6.539340972900391,77700,0.081,0.0
2024-01-12 00:00:00-05:00,6.531638682678064,6.600960440911906,6.531638682678064,6.570150852203369,140100,0.0,0.0
2024-01-16 00:00:00-05:00,6.593259030588877,6.593259030588877,6.500829523793446,6.547044277191162,154100,0.0,0.0
2024-01-17 00:00:00-05:00,6.50853081741026,6.547042981862314,6.470018652958205,6.493126392364502,87900,0.0,0.0
2024-01-18 00:00:00-05:00,6.500829176152636,6.539341346164809,6.454615159784864,6.47772216796875,113800,0.0,0.0
2024-01-19 00:00:00-05:00,6.508531093597412,6.5239362538553225,6.454614501811669,6.508531093597412,116900,0.0,0.0
2024-01-22 00:00:00-05:00,6.493125964053078,6.531637391406331,6.470018226171056,6.516232967376709,103900,0.0,0.0
2024-01-23 00:00:00-05:00,6.50853111136751,6.539340697408978,6.50853111136751,6.5239362716674805,83200,0.0,0.0
2024-01-24 00:00:00-05:00,6.570150283450446,6.570150283450446,6.50853111136751,6.5239362716674805,108100,0.0,0.0
2024-01-25 00:00:00-05:00,6.523936299822028,6.554745885996456,6.500828559272349,6.531638145446777,123800,0.0,0.0
2024-01-26 00:00:00-05:00,6.500828805086485,6.547043553374873,6.493126959170507,6.539340972900391,109900,0.0,0.0
2024-01-29 00:00:00-05:00,6.516232967376708,6.539339970700339,6.500827808788694,6.516232967376709,109200,0.0,0.0
2024-01-30 00:00:00-05:00,6.5085303880827015,6.531637391406331,6.493125964053078,6.516232967376709,119600,0.0,0.0
2024-01-31 00:00:00-05:00,6.516233425815618,6.539340430764904,6.477721261194513,6.500828266143799,117600,0.0,0.0
2024-02-01 00:00:00-05:00,6.547043277558964,6.547043277558964,6.5008285312175245,6.5239362716674805,124800,0.0,0.0
2024-02-02 00:00:00-05:00,6.500827808788694,6.539339970700339,6.500827808788694,6.516232967376709,100300,0.0,0.0
2024-02-05 00:00:00-05:00,6.493125964053078,6.539339970700339,6.493125964053078,6.516232967376709,136000,0.0,0.0
2024-02-06 00:00:00-05:00,6.50853111136751,6.547043277558964,6.485424105476027,6.5239362716674805,145300,0.0,0.0
2024-02-07 00:00:00-05:00,6.531638145446777,6.54704330581323,6.523936299822028,6.531638145446777,67100,0.0,0.0
2024-02-08 00:00:00-05:00,6.547042549994346,6.577852132611984,6.500827808788694,6.516232967376709,113300,0.0,0.0
2024-02-09 00:00:00-05:00,6.532565461626177,6.5403425036224325,6.501458035300702,6.517012119293213,91500,0.081,0.0
2024-02-12 00:00:00-05:00,6.5481187612036065,6.5481187612036065,6.501457256475316,6.5247883796691895,107500,0.0,0.0
2024-02-13 00:00:00-05:00,6.5014569109173355,6.5247880328711405,6.493680611925485,6.5092339515686035,139100,0.0,0.0
2024-02-14 00:00:00-05:00,6.524787864416923,6.548118244108976,6.509233783515955,6.532564163208008,85200,0.0,0.0
2024-02-15 00:00:00-05:00,6.548118249642991,6.563671588897706,6.524787869931221,6.563671588897705,121800,0.0,0.0
2024-02-16 00:00:00-05:00,6.56367162736496,6.571448667867595,6.5481182880190945,6.5558953285217285,75000,0.0,0.0
2024-02-20 00:00:00-05:00,6.57922570837023,6.594779047716097,6.532564207013825,6.5558953285217285,117100,0.0,0.0
2024-02-21 00:00:00-05:00,6.509233783515955,6.563671583350546,6.509233783515955,6.532564163208008,136500,0.0,0.0
2024-02-22 00:00:00-05:00,6.5636727146458265,6.5714497564367385,6.532565289141705,6.540342330932617,88100,0.0,0.0
2024-02-23 00:00:00-05:00,6.54811954498291,6.571449929309865,6.54034250298741,6.54811954498291,82700,0.0,0.0
2024-02-26 00:00:00-05:00,6.563671588897706,6.571448629354762,6.501456748560051,6.563671588897705,127400,0.0,0.0
2024-02-27 00:00:00-05:00,6.563672238558342,6.587003362238785,6.555895938991001,6.571449279785156,63900,0.0,0.0
2024-02-28 00:00:00-05:00,6.579226323445254,6.618110787934234,6.579226323445254,6.6025567054748535,120700,0.0,0.0
2024-02-29 00:00:00-05:00,6.610333573476336,6.633663954894548,6.57144911000635,6.5947794914245605,82200,0.0,0.0
2024-03-01 00:00:00-05:00,6.6025570494960455,6.6103340911309525,6.571449624615927,6.587003707885742,149600,0.0,0.0
2024-03-04 00:00:00-05:00,6.602558477453165,6.664773340668816,6.579228089162215,6.618112564086914,140200,0.0,0.0
2024-03-05 00:00:00-05:00,6.6258896074037885,6.641442952377865,6.61033552077004,6.618112564086914,114800,0.0,0.0
2024-03-06 00:00:00-05:00,6.641441993907777,6.664772378831767,6.625888651178305,6.649219036102295,114500,0.0,0.0
2024-03-07 00:00:00-05:00,6.664771596099952,6.67254863738111,6.6569952964782715,6.6569952964782715,109400,0.0,0.0
2024-03-08 00:00:00-05:00,6.681333221344111,6.6891845562033625,6.618524039959108,6.657779216766357,104200,0.081,0.0
2024-03-11 00:00:00-04:00,6.65777936731294,6.65777936731294,6.6185241896180464,6.642077445983887,86600,0.0,0.0
2024-03-12 00:00:00-04:00,6.642077391471799,6.642077391471799,6.571416874209677,6.6263747215271,170800,0.0,0.0
2024-03-13 00:00:00-04:00,6.610673639741274,6.673482830006473,6.587120380577978,6.602822303771973,130800,0.0,0.0
2024-03-14 00:00:00-04:00,6.610672780860035,6.626374702013983,6.555714933704451,6.571416854858398,72400,0.0,0.0
2024-03-15 00:00:00-04:00,6.579269019533923,6.587120355473302,6.49290657043457,6.49290657043457,114400,0.0,0.0
2024-03-18 00:00:00-04:00,6.51645915717386,6.555715084075928,6.51645915717386,6.555715084075928,73800,0.0,0.0
2024-03-19 00:00:00-04:00,6.594970165584926,6.594970165584926,6.563565574272408,6.5871195793151855,139300,0.0,0.0
2024-03-20 00:00:00-04:00,6.618524400345087,6.657779579289824,6.5949703944847915,6.634226322174072,131600,0.0,0.0
2024-03-21 00:00:00-04:00,6.673482303937459,6.673482303937459,6.634226375930093,6.649929046630859,97500,0.0,0.0
2024-03-22 00:00:00-04:00,6.657779216766357,6.6734818864848595,6.657779216766357,6.657779216766357,67400,0.0,0.0
2024-03-25 00:00:00-04:00,6.649929046630859,6.6656309685870765,6.642077711280477,6.649929046630859,59300,0.0,0.0
2024-03-26 00:00:00-04:00,6.6342261109470995,6.665630702349726,6.6342261109470995,6.642077445983887,83600,0.0,0.0
2024-03-27 00:00:00-04:00,6.657779216766357,6.6734818864848595,6.642077295792358,6.657779216766357,108000,0.0,0.0
2024-03-28 00:00:00-04:00,6.649928630651609,6.6891845562033625,6.649928630651609,6.657779216766357,152600,0.0,0.0
2024-04-01 00:00:00-04:00,6.681333919970245,6.72058984962675,6.665631248609811,6.712738513946533,166100,0.0,0.0
2024-04-02 00:00:00-04:00,6.681334342717545,6.728440862290251,6.665631670363557,6.697036266326904,158200,0.0,0.0
2024-04-03 00:00:00-04:00,6.7048869132995605,6.7048869132995605,6.681333655934279,6.7048869132995605,96300,0.0,0.0
2024-04-04 00:00:00-04:00,6.72058984962675,6.728440436562386,6.697035842586098,6.712738513946533,75900,0.0,0.0
2024-04-05 00:00:00-04:00,6.7048869132995605,6.712738248669505,6.689184991304224,6.7048869132995605,115600,0.0,0.0
2024-04-08 00:00:00-04:00,6.7048869132995605,6.712738248669505,6.673482320564334,6.7048869132995605,133000,0.0,0.0
2024-04-09 00:00:00-04:00,6.712738938680892,6.720590274857885,6.689185678894539,6.697036266326904,128600,0.0,0.0
2024-04-10 00:00:00-04:00,6.666123346229014,6.6978290161927045,6.610638612773255,6.626491069793701,126700,0.081,0.0
2024-04-11 00:00:00-04:00,6.6344187455554575,6.6344187455554575,6.523448504835719,6.563080787658691,121700,0.0,0.0
2024-04-12 00:00:00-04:00,6.5630794637472745,6.57100606989749,6.4600358515627825,6.483815670013428,98700,0.0,0.0
2024-04-15 00:00:00-04:00,6.539299774475675,6.547226379866184,6.34113917524914,6.349065780639648,186500,0.0,0.0
2024-04-16 00:00:00-04:00,6.341140644118226,6.388699531555176,6.301508363907913,6.388699531555176,120500,0.0,0.0
2024-04-17 00:00:00-04:00,6.3966252260783385,6.444184112349625,6.3966252260783385,6.428330898284912,89500,0.0,0.0
2024-04-18 00:00:00-04:00,6.4600364689542396,6.475889682769775,6.428330797246008,6.475889682769775,101700,0.0,0.0
2024-04-19 00:00:00-04:00,6.491741469363445,6.499668075451537,6.4362567385923235,6.460035800933838,108900,0.0,0.0
2024-04-22 00:00:00-04:00,6.452110225374555,6.5710062980651855,6.452110225374555,6.5710062980651855,79000,0.0,0.0
2024-04-23 00:00:00-04:00,6.571006155892046,6.602711824985069,6.571006155892046,6.578932762145996,83500,0.0,0.0
2024-04-24 00:00:00-04:00,6.602711973488511,6.602711973488511,6.515521570502368,6.555153846740723,77300,0.0,0.0
2024-04-25 00:00:00-04:00,6.444183104867931,6.555153318203314,6.444183104867931,6.531373500823975,69100,0.0,0.0
2024-04-26 00:00:00-04:00,6.531374027444032,6.5868595165468475,6.531374027444032,6.555153846740723,53400,0.0,0.0
2024-04-29 00:00:00-04:00,6.578932281207039,6.602711342307794,6.563079069858053,6.594784736633301,33400,0.0,0.0
2024-04-30 00:00:00-04:00,6.578930715090612,6.618562978105881,6.563077507515487,6.586857318878174,88100,0.0,0.0
2024-05-01 00:00:00-04:00,6.586858938688272,6.642343667000672,6.571005727214598,6.618564605712891,94000,0.0,0.0
2024-05-02 00:00:00-04:00,6.642344282736945,6.658196739757392,6.618565219244878,6.626491069793701,93700,0.0,0.0
2024-05-03 00:00:00-04:00,6.6581966415691065,6.6740498542785645,6.6502707911371655,6.6740498542785645,66300,0.0,0.0
2024-05-06 00:00:00-04:00,6.658196783673849,6.689902453846665,6.6344177200249375,6.666123390197754,95500,0.0,0.0
2024-05-07 00:00:00-04:00,6.666122154575775,6.697827818871679,6.666122154575775,6.681975364685059,95600,0.0,0.0
2024-05-08 00:00:00-04:00,6.681976603245564,6.681976603245564,6.6344177200249375,6.666123390197754,68700,0.0,0.0
2024-05-09 00:00:00-04:00,6.658196783673849,6.674049996721659,6.650270933072748,6.666123390197754,111000,0.0,0.0
2024-05-10 00:00:00-04:00,6.642912237405282,6.682929932739313,6.618901925514486,6.658918857574463,112900,0.081,0.0
2024-05-13 00:00:00-04:00,6.658918857574463,6.666922549296079,6.626904853962049,6.658918857574463,59400,0.0,0.0
2024-05-14 00:00:00-04:00,6.642913304135064,6.658919926874613,6.618902988388651,6.626905918121338,67700,0.0,0.0
2024-05-15 00:00:00-04:00,6.6589193731299225,6.682930450153789,6.6589193731299225,6.6749267578125,65000,0.0,0.0
2024-05-16 00:00:00-04:00,6.6589193731299225,6.698937071562255,6.6589193731299225,6.6749267578125,104700,0.0,0.0
2024-05-17 00:00:00-04:00,6.666922609088984,6.690932921195119,6.666922609088984,6.682929992675781,62300,0.0,0.0
2024-05-20 00:00:00-04:00,6.6589206458406975,6.698938351921561,6.6589206458406975,6.690934658050537,74500,0.0,0.0
2024-05-21 00:00:00-04:00,6.682930356995604,6.714944362640381,6.682930356995604,6.714944362640381,65800,0.0,0.0
2024-05-22 00:00:00-04:00,6.714943845629309,6.722946773968749,6.690932770788861,6.698936462402344,56800,0.0,0.0
2024-05-23 00:00:00-04:00,6.706939935633284,6.72294655506502,6.650915622711182,6.650915622711182,66400,0.0,0.0
2024-05-24 00:00:00-04:00,6.658919926874613,6.674927312888339,6.610899295381788,6.626905918121338,99400,0.0,0.0
2024-05-28 00:00:00-04:00,6.634909152984619,6.650916537893027,6.626905460530415,6.634909152984619,55500,0.0,0.0
2024-05-29 00:00:00-04:00,6.618903141586888,6.6429134578890325,6.610899448394775,6.610899448394775,85100,0.0,0.0
2024-05-30 00:00:00-04:00,6.626905612621809,6.626905612621809,6.610898990620163,6.618902683258057,39000,0.0,0.0
2024-05-31 00:00:00-04:00,6.618902531350334,6.642912845438823,6.61089883889613,6.634909152984619,64900,0.0,0.0
2024-06-03 00:00:00-04:00,6.642912237405282,6.76296456013332,6.626904853962049,6.658918857574463,152300,0.0,0.0
2024-06-04 00:00:00-04:00,6.650915929126899,6.682929932739313,6.626904853962049,6.658918857574463,119000,0.0,0.0
2024-06-05 00:00:00-04:00,6.674926300882382,6.690932921195119,6.650915988776247,6.682929992675781,76500,0.0,0.0
2024-06-06 00:00:00-04:00,6.666923065471211,6.682930450153789,6.642912751721457,6.6749267578125,71500,0.0,0.0
2024-06-07 00:00:00-04:00,6.642912751721457,6.690933379220965,6.642912751721457,6.6749267578125,77700,0.0,0.0
2024-06-10 00:00:00-04:00,6.658918857574463,6.690932861186877,6.650915929126899,6.658918857574463,68700,0.0,0.0
2024-06-11 00:00:00-04:00,6.65891855079004,6.666922242142918,6.634908240005427,6.650915622711182,50400,0.0,0.0
2024-06-12 00:00:00-04:00,6.674925933495794,6.698936244280407,6.642911931358305,6.650915622711182,132000,0.0,0.0
2024-06-13 00:00:00-04:00,6.68405415316001,6.708300807169749,6.643642549285622,6.659806728363037,108300,0.081,0.0
2024-06-14 00:00:00-04:00,6.66788911819458,6.692135771894865,6.643642464494295,6.66788911819458,109000,0.0,0.0
2024-06-17 00:00:00-04:00,6.643642295526829,6.700218076317679,6.643642295526829,6.684053897857666,110600,0.0,0.0
2024-06-18 00:00:00-04:00,6.675972991349585,6.684055467871682,6.643643856048584,6.643643856048584,123100,0.0,0.0
2024-06-20 00:00:00-04:00,6.643642247888682,6.659806426232789,6.522407441765481,6.587065696716309,178900,0.0,0.0
2024-06-21 00:00:00-04:00,6.603231993274254,6.603231993274254,6.562820382986971,6.595149517059326,635800,0.0,0.0
2024-06-24 00:00:00-04:00,6.562820521123821,6.595149655876653,6.5062447280032085,6.5547380447387695,154800,0.0,0.0
2024-06-25 00:00:00-04:00,6.578983992937855,6.611313120413268,6.546654865462441,6.587065696716309,86700,0.0,0.0
2024-06-26 00:00:00-04:00,6.5547380447387695,6.570902997508871,6.546656339141091,6.5547380447387695,108700,0.0,0.0
2024-06-27 00:00:00-04:00,6.562819442621728,6.58706609700493,6.522407838124893,6.538572788238525,107500,0.0,0.0
2024-06-28 00:00:00-04:00,6.578983992937855,6.587065696716309,6.514325737987027,6.587065696716309,121400,0.0,0.0
2024-07-01 00:00:00-04:00,6.595149517059326,6.619396174916754,6.5547379067720435,6.595149517059326,159800,0.0,0.0
2024-07-02 00:00:00-04:00,6.611313120413268,6.611313120413268,6.554736569240895,6.587065696716309,221200,0.0,0.0
2024-07-03 00:00:00-04:00,6.578985335416826,6.595149517059326,6.562820382986971,6.595149517059326,139200,0.0,0.0
2024-07-05 00:00:00-04:00,6.611313120413268,6.611313120413268,6.562819043806548,6.587065696716309,134500,0.0,0.0
2024-07-08 00:00:00-04:00,6.578985335416826,6.603231993274254,6.562820382986971,6.595149517059326,108900,0.0,0.0
2024-07-09 00:00:00-04:00,6.595147442029897,6.611312389373779,6.587064968357955,6.611312389373779,110400,0.0,0.0
2024-07-10 00:00:00-04:00,6.595149517059326,6.603231993274254,6.570902859201899,6.595149517059326,158600,0.0,0.0
2024-07-11 00:00:00-04:00,6.62045520669156,6.644945738197691,6.612292474704726,6.6286187171936035,99500,0.081,0.0
2024-07-12 00:00:00-04:00,6.636782764206272,6.653109008014946,6.587802475749703,6.620455741882324,124600,0.0,0.0
2024-07-15 00:00:00-04:00,6.64494507312151,6.653107804291355,6.587801283841793,6.6122918128967285,187600,0.0,0.0
2024-07-16 00:00:00-04:00,6.64494520234862,6.661271443520947,6.6122919414888175,6.636781692504883,118600,0.0,0.0
2024-07-17 00:00:00-04:00,6.65310793367721,6.669434953364685,6.628618182661144,6.636781692504883,101300,0.0,0.0
2024-07-18 00:00:00-04:00,6.6367814026681025,6.653107643127441,6.612291652721536,6.653107643127441,132300,0.0,0.0
2024-07-19 00:00:00-04:00,6.669435852645806,6.67759936359028,6.612292833064993,6.644946098327637,93800,0.0,0.0
2024-07-22 00:00:00-04:00,6.644944740980116,6.685760730334593,6.612291482387478,6.677597999572754,126500,0.0,0.0
2024-07-23 00:00:00-04:00,6.685761393782606,6.702088413956651,6.6449454003778365,6.693924903869629,101300,0.0,0.0
2024-07-24 00:00:00-04:00,6.693924846001616,6.718414597535802,6.685761335985166,6.702088356018066,91100,0.0,0.0
2024-07-25 00:00:00-04:00,6.718414655615525,6.718414655615525,6.693924903869629,6.693924903869629,86900,0.0,0.0
2024-07-26 00:00:00-04:00,6.718415260314941,6.726578771136731,6.702089017186604,6.718415260314941,72900,0.0,0.0
2024-07-29 00:00:00-04:00,6.734742995221767,6.734742995221767,6.7102532386779785,6.7102532386779785,78000,0.0,0.0
2024-07-30 00:00:00-04:00,6.734741153631848,6.7429046630859375,6.726577644177759,6.7429046630859375,75600,0.0,0.0
2024-07-31 00:00:00-04:00,6.7673949615637845,6.7837219817955905,6.7429052097312505,6.7755584716796875,101600,0.0,0.0
2024-08-01 00:00:00-04:00,6.791883774946602,6.840864050359131,6.791883774946602,6.8163743019104,174000,0.0,0.0
2024-08-02 00:00:00-04:00,6.824536267622674,6.8490267918420535,6.751067030509477,6.832699775695801,230700,0.0,0.0
2024-08-05 00:00:00-04:00,6.7184145268142625,6.7184145268142625,6.6449452729850815,6.669435024261475,252000,0.0,0.0
2024-08-06 00:00:00-04:00,6.6857614174351045,6.7755584716796875,6.6694351757184736,6.7755584716796875,135800,0.0,0.0
2024-08-07 00:00:00-04:00,6.775559057552226,6.800048811502354,6.710252528008394,6.718415260314941,348900,0.0,0.0
2024-08-08 00:00:00-04:00,6.759231369102888,6.759231369102888,6.693924846001616,6.702088356018066,108100,0.0,0.0
2024-08-09 00:00:00-04:00,6.710251993797634,6.751068766141871,6.702088483625751,6.726578235626221,79400,0.0,0.0
2024-08-12 00:00:00-04:00,6.776869815001712,6.785113584359913,6.702670387069226,6.768625259399414,101900,0.081,0.0
2024-08-13 00:00:00-04:00,6.768624675282783,6.776869230173595,6.702669808644347,6.727402687072754,65000,0.0,0.0
2024-08-14 00:00:00-04:00,6.727402579131876,6.760380011921973,6.67793682306874,6.686180591583252,167500,0.0,0.0
2024-08-15 00:00:00-04:00,6.719158671243076,6.793358098725157,6.702670346382665,6.776869773864746,205700,0.0,0.0
2024-08-16 00:00:00-04:00,6.793357439966174,6.851068536991539,6.7851128852134055,6.8428239822387695,176300,0.0,0.0
2024-08-19 00:00:00-04:00,6.8428239822387695,6.884045969758597,6.809846549471711,6.8428239822387695,610800,0.0,0.0
2024-08-20 00:00:00-04:00,6.818091538672881,6.875801853131527,6.8098469833947695,6.85106897354126,103800,0.0,0.0
2024-08-21 00:00:00-04:00,6.842824418263149,6.884046408409638,6.826335307706926,6.85106897354126,135900,0.0,0.0
2024-08-22 00:00:00-04:00,6.851069574988093,6.87580245674963,6.826335906982422,6.826335906982422,75900,0.0,0.0
2024-08-23 00:00:00-04:00,6.859311692312669,6.900533676147461,6.859311692312669,6.900533676147461,101100,0.0,0.0
2024-08-26 00:00:00-04:00,6.917022784178956,6.925266551950757,6.875800800344164,6.900533676147461,82500,0.0,0.0
2024-08-27 00:00:00-04:00,6.892288414141782,6.917022073648332,6.875800094047947,6.884044647216797,37200,0.0,0.0
2024-08-28 00:00:00-04:00,6.8922891221317135,6.917022784178956,6.859311692312669,6.900533676147461,84600,0.0,0.0
2024-08-29 00:00:00-04:00,6.917022073648332,6.925265840573317,6.884044647216797,6.884044647216797,145500,0.0,0.0
2024-08-30 00:00:00-04:00,6.884046346396662,6.900534670560288,6.8675572359889765,6.892290115356445,77200,0.0,0.0
2024-09-03 00:00:00-04:00,6.90877933110138,6.933512210845947,6.900534775771834,6.933512210845947,165800,0.0,0.0
2024-09-04 00:00:00-04:00,6.908778057181253,6.982977468977284,6.908778057181253,6.966488361358643,193200,0.0,0.0
2024-09-05 00:00:00-04:00,6.941755921599254,6.991221675070085,6.941755921599254,6.974733352661133,116300,0.0,0.0
2024-09-06 00:00:00-04:00,6.950000039983928,6.982977468977284,6.950000039983928,6.966488361358643,100400,0.0,0.0
2024-09-09 00:00:00-04:00,6.966488987263754,6.999466419219971,6.966488987263754,6.999466419219971,114100,0.0,0.0
2024-09-10 00:00:00-04:00,6.999466419219971,7.007710973770024,6.991221864669917,6.999466419219971,124000,0.0,0.0
2024-09-11 00:00:00-04:00,6.974734057516562,6.999466936751442,6.974734057516562,6.991222381591797,75800,0.0,0.0
2024-09-12 00:00:00-04:00,6.991222381591797,6.999466936751442,6.950001178281681,6.991222381591797,101100,0.0,0.0
2024-09-13 00:00:00-04:00,7.008702359428876,7.041997825518679,7.000378294449794,7.017026424407959,81100,0.081,0.0
2024-09-16 00:00:00-04:00,7.008702443058804,7.050321974624306,7.008702443058804,7.041997909545898,377300,0.0,0.0
2024-09-17 00:00:00-04:00,7.050321974624306,7.058645245876177,7.03367384446749,7.041997909545898,99700,0.0,0.0
2024-09-18 00:00:00-04:00,7.03367392780226,7.075293459860869,7.03367392780226,7.066969394683838,102700,0.0,0.0
2024-09-19 00:00:00-04:00,7.075293690912118,7.075293690912118,6.93378775358775,7.008702754974365,245000,0.0,0.0
2024-09-20 00:00:00-04:00,7.017026591274745,7.075293459860869,7.008702526097713,7.066969394683838,205400,0.0,0.0
2024-09-23 00:00:00-04:00,7.0669699519583125,7.075294017791748,7.050322614118051,7.075294017791748,92300,0.0,0.0
2024-09-24 00:00:00-04:00,7.075293621857721,7.091941752592962,7.041998154213807,7.083617687225342,117500,0.0,0.0
2024-09-25 00:00:00-04:00,7.083618720120108,7.116914192618988,7.066970586957328,7.108590126037598,136600,0.0,0.0
2024-09-26 00:00:00-04:00,7.108590126037598,7.133561531955087,7.075294653538718,7.108590126037598,94000,0.0,0.0
2024-09-27 00:00:00-04:00,7.108590126037598,7.1418855985364775,7.1002660594562075,7.108590126037598,70400,0.0,0.0
2024-09-30 00:00:00-04:00,7.108589254644802,7.133560657501221,7.091941917349386,7.133560657501221,207500,0.0,0.0
2024-10-01 00:00:00-04:00,7.133560657501221,7.158532854184222,7.125237385766804,7.133560657501221,167700,0.0,0.0
2024-10-02 00:00:00-04:00,7.1002644057474,7.166855335235596,7.091941134931249,7.166855335235596,195400,0.0,0.0
2024-10-03 00:00:00-04:00,7.1418841004500155,7.200150966644287,7.133560035614686,7.200150966644287,174000,0.0,0.0
2024-10-04 00:00:00-04:00,7.2168009264720006,7.2750678074425625,7.208476859525716,7.258420467376709,215400,0.0,0.0
2024-10-07 00:00:00-04:00,7.283390207624783,7.333333804046457,7.250094741285846,7.3000383377075195,320400,0.0,0.0
2024-10-08 00:00:00-04:00,7.300038174877409,7.308361445906589,7.191827713232904,7.283390045166016,256700,0.0,0.0
2024-10-09 00:00:00-04:00,7.308361843138402,7.308361843138402,7.258419038942712,7.275066375732422,175800,0.0,0.0
2024-10-10 00:00:00-04:00,7.291712032728789,7.333331551324016,7.266739845275879,7.266739845275879,242800,0.0,0.0
2024-10-11 00:00:00-04:00,7.250781398804405,7.301191944091103,7.250781398804405,7.275986671447754,132800,0.081,0.0
2024-10-14 00:00:00-04:00,7.275984089705098,7.284386111358642,7.2339747826982626,7.242376804351807,125800,0.0,0.0
2024-10-15 00:00:00-04:00,7.267581643993013,7.267581643993013,7.141554531586991,7.158358573913574,195300,0.0,0.0
2024-10-16 00:00:00-04:00,7.141554729706319,7.208769298355627,7.141554729706319,7.1919660568237305,164900,0.0,0.0
2024-10-17 00:00:00-04:00,7.1919660568237305,7.2003672769592475,7.166759992634594,7.1919660568237305,141700,0.0,0.0
2024-10-18 00:00:00-04:00,7.1835651602254895,7.217172449812352,7.166761114801565,7.200368404388428,128400,0.0,0.0
2024-10-21 00:00:00-04:00,7.200367300018364,7.250778627297218,7.175162037009369,7.20876932144165,148000,0.0,0.0
2024-10-22 00:00:00-04:00,7.225573364288223,7.233974584450645,7.191966079855942,7.20876932144165,76000,0.0,0.0
2024-10-23 00:00:00-04:00,7.200367300018364,7.233974584450645,7.191966079855942,7.20876932144165,66300,0.0,0.0
2024-10-24 00:00:00-04:00,7.217171950193701,7.225573972324022,7.18356466293335,7.18356466293335,67800,0.0,0.0
2024-10-25 00:00:00-04:00,7.175161814979319,7.200367077208355,7.158358573913574,7.158358573913574,72100,0.0,0.0
2024-10-28 00:00:00-04:00,7.1919660568237305,7.2003672769592475,7.149956751102698,7.1919660568237305,104100,0.0,0.0
2024-10-29 00:00:00-04:00,7.191965857305903,7.200367077208355,7.149956552750282,7.158358573913574,109300,0.0,0.0
2024-10-30 00:00:00-04:00,7.175163745880127,7.19196779272883,7.149958476868127,7.175163745880127,121500,0.0,0.0
2024-10-31 00:00:00-04:00,7.1835657693044785,7.19196779272883,7.149958476868127,7.175163745880127,88100,0.0,0.0
2024-11-01 00:00:00-04:00,7.19196779272883,7.217173061740831,7.158360500292479,7.175163745880127,106700,0.0,0.0
2024-11-04 00:00:00-05:00,7.191967467448458,7.22557475836481,7.149958153487764,7.16676139831543,84400,0.0,0.0
2024-11-05 00:00:00-05:00,7.166761722455775,7.19196779272883,7.158360500292479,7.175163745880127,56100,0.0,0.0
2024-11-06 00:00:00-05:00,7.183564923626238,7.183564923626238,7.082743058186339,7.124751567840576,290700,0.0,0.0
2024-11-07 00:00:00-05:00,7.141554531586991,7.158358573913574,7.09954522703137,7.158358573913574,256700,0.0,0.0
2024-11-08 00:00:00-05:00,7.149957375672998,7.1919666850636705,7.141555353542677,7.18356466293335,196800,0.0,0.0
2024-11-11 00:00:00-05:00,7.191966967903131,7.191966967903131,7.124751589478107,7.149957656860352,174500,0.0,0.0
2024-11-12 00:00:00-05:00,7.15080608759799,7.167770805322057,7.108393079846567,7.133840560913086,190000,0.081,0.0
2024-11-13 00:00:00-05:00,7.133840673156383,7.159288154623291,7.006602456860995,7.015085220336914,191900,0.0,0.0
2024-11-14 00:00:00-05:00,7.032050440626032,7.040533204707873,6.921776934444814,7.0235676765441895,322600,0.0,0.0
2024-11-15 00:00:00-05:00,7.006602957341414,7.040533204707873,6.989637429177731,7.0235676765441895,125500,0.0,0.0
2024-11-18 00:00:00-05:00,7.023567424491487,7.091427916789115,7.023567424491487,7.065980434417725,99000,0.0,0.0
2024-11-19 00:00:00-05:00,7.057496000123208,7.13383923812773,7.057496000123208,7.108391761779785,121200,0.0,0.0
2024-11-20 00:00:00-05:00,7.125357797570634,7.159288041979605,7.108393079846567,7.133840560913086,99100,0.0,0.0
2024-11-21 00:00:00-05:00,7.133840560913086,7.159288041979605,7.125357797570634,7.133840560913086,42100,0.0,0.0
2024-11-22 00:00:00-05:00,7.167770805322057,7.1847363320069615,7.108393079846567,7.133840560913086,203700,0.0,0.0
2024-11-25 00:00:00-05:00,7.159288041979605,7.1847363320069615,7.133840560913086,7.133840560913086,172000,0.0,0.0
2024-11-26 00:00:00-05:00,7.167770497092584,7.1762532600702595,7.125357491165011,7.142323017120361,113000,0.0,0.0
2024-11-27 00:00:00-05:00,7.125357742903866,7.193218231201172,7.125357742903866,7.193218231201172,125600,0.0,0.0
2024-11-29 00:00:00-05:00,7.201700381060887,7.210183143615723,7.159287377247465,7.210183143615723,75500,0.0,0.0
2024-12-02 00:00:00-05:00,7.2101830080766804,7.2356304863020595,7.19321748328593,7.227148532867432,208000,0.0,0.0
2024-12-03 00:00:00-05:00,7.210183143615723,7.244113384874308,7.210183143615723,7.210183143615723,179900,0.0,0.0
2024-12-04 00:00:00-05:00,7.201700245681305,7.244113248697435,7.201700245681305,7.227148532867432,125200,0.0,0.0
2024-12-05 00:00:00-05:00,7.218667391852335,7.261080404394825,7.2017018632509675,7.244114875793457,176600,0.0,0.0
2024-12-06 00:00:00-05:00,7.235632111492774,7.2695623597345795,7.2271501561530185,7.244114875793457,143300,0.0,0.0
2024-12-09 00:00:00-05:00,7.235632111492774,7.2695623597345795,7.218667391852335,7.244114875793457,106100,0.0,0.0
2024-12-10 00:00:00-05:00,7.2271501561530185,7.252597640094141,7.2101846275516515,7.244114875793457,151800,0.0,0.0
2024-12-11 00:00:00-05:00,7.2525977559554775,7.261080520391674,7.201701978299236,7.218667507171631,178300,0.0,0.0
2024-12-12 00:00:00-05:00,7.236649578916648,7.245213857468164,7.176701262525143,7.18526554107666,118400,0.081,0.0
2024-12-13 00:00:00-05:00,7.202393338219856,7.2280853573423745,7.159572761859286,7.19382905960083,191200,0.0,0.0
2024-12-16 00:00:00-05:00,7.19382909275778,7.21095765007478,7.159572794858346,7.168137073516846,145100,0.0,0.0
2024-12-17 00:00:00-05:00,7.176701101136424,7.210957397837584,7.142444804435265,7.1510090827941895,184900,0.0,0.0
2024-12-18 00:00:00-05:00,7.18526662358139,7.202394366530267,7.125317481423622,7.142446041107178,202200,0.0,0.0
2024-12-19 00:00:00-05:00,7.151011123780629,7.159574587849133,7.091061974892473,7.108190536499023,217200,0.0,0.0
2024-12-20 00:00:00-05:00,7.1167543021139625,7.176702629927633,7.0996257417473645,7.13388204574585,127500,0.0,0.0
2024-12-23 00:00:00-05:00,7.116754018316523,7.151010320948956,7.116754018316523,7.142446041107178,145400,0.0,0.0
2024-12-24 00:00:00-05:00,7.159574031829834,7.176702592106164,7.1510105684263765,7.159574031829834,39900,0.0,0.0
2024-12-26 00:00:00-05:00,7.159574031829834,7.193830335647787,7.142446288288212,7.159574031829834,82300,0.0,0.0
2024-12-27 00:00:00-05:00,7.159572918363414,7.168137197169651,7.108188878995153,7.125316619873047,115200,0.0,0.0
2024-12-30 00:00:00-05:00,7.125316563352606,7.151009399567512,7.099624543872273,7.116753101348877,170300,0.0,0.0
2024-12-31 00:00:00-05:00,7.13388096800262,7.185265824604793,7.116753226958288,7.176701545715332,146100,0.0,0.0
2025-01-02 00:00:00-05:00,7.193829794753803,7.25377893447876,7.18526633199422,7.25377893447876,273500,0.0,0.0
2025-01-03 00:00:00-05:00,7.26234245300293,7.270906732562921,7.23665043105761,7.26234245300293,151600,0.0,0.0
2025-01-06 00:00:00-05:00,7.296598840925289,7.296598840925289,7.236649706740325,7.245213985443115,233500,0.0,0.0
2025-01-07 00:00:00-05:00,7.23665043105761,7.279471012122911,7.22808615149762,7.26234245300293,204700,0.0,0.0
2025-01-08 00:00:00-05:00,7.270906164834313,7.29659900150813,7.245214144895084,7.279470443725586,254100,0.0,0.0
2025-01-10 00:00:00-05:00,7.245214710617601,7.296599571242892,7.23665043105761,7.26234245300293,217800,0.0,0.0
2025-01-13 00:00:00-05:00,7.263207708260818,7.306441254362277,7.219974986770664,7.289148330688477,320500,0.081,0.0
2025-01-14 00:00:00-05:00,7.289146621441224,7.306439541059972,7.254559957592617,7.2632060050964355,92000,0.0,0.0
2025-01-15 00:00:00-05:00,7.280499785606839,7.289146657764858,7.245913121585877,7.2545599937438965,124500,0.0,0.0
2025-01-16 00:00:00-05:00,7.2545599937438965,7.280499785606839,7.194032713248878,7.2545599937438965,117100,0.0,0.0
2025-01-17 00:00:00-05:00,7.28050127456118,7.28050127456118,7.245914603466808,7.271854400634766,63900,0.0,0.0
2025-01-21 00:00:00-05:00,7.280501365661621,7.289148239696233,7.245914694134468,7.280501365661621,219200,0.0,0.0
2025-01-22 00:00:00-05:00,7.306441254362277,7.306441254362277,7.2459147845870175,7.289148330688477,160200,0.0,0.0
2025-01-23 00:00:00-05:00,7.280501365661621,7.29779428911955,7.2545615681690805,7.280501365661621,132000,0.0,0.0
2025-01-24 00:00:00-05:00,7.297794197802724,7.297794197802724,7.2545614773932225,7.271854400634766,92300,0.0,0.0
2025-01-27 00:00:00-05:00,7.245913085477687,7.280499749326295,7.245913085477687,7.2632060050964355,71900,0.0,0.0
2025-01-28 00:00:00-05:00,7.289148148487594,7.306441071729138,7.2545614773932225,7.271854400634766,126500,0.0,0.0
2025-01-29 00:00:00-05:00,7.254559957592617,7.297792668945043,7.245913085477687,7.2632060050964355,99100,0.0,0.0
2025-01-30 00:00:00-05:00,7.289148330688477,7.297794380219725,7.271854582403371,7.289148330688477,70700,0.0,0.0
2025-01-31 00:00:00-05:00,7.297793572050441,7.31508731842041,7.289147523476671,7.31508731842041,169600,0.0,0.0
2025-02-03 00:00:00-05:00,7.289147523476671,7.332380240179165,7.271853777106702,7.31508731842041,288400,0.0,0.0
2025-02-04 00:00:00-05:00,7.33238038646916,7.3669678798991605,7.3237343377228905,7.34102725982666,138900,0.0,0.0
2025-02-05 00:00:00-05:00,7.366968117234953,7.3842610398958355,7.358321243598883,7.375614166259766,177800,0.0,0.0
2025-02-06 00:00:00-05:00,7.392908959820765,7.392908959820765,7.3756152101011105,7.3842620849609375,89900,0.0,0.0
2025-02-07 00:00:00-05:00,7.392907582934363,7.410200504821938,7.306440499662833,7.332380294799805,285700,0.0,0.0
2025-02-10 00:00:00-05:00,7.384261275568038,7.410201072692871,7.366968352355244,7.410201072692871,297400,0.0,0.0
2025-02-11 00:00:00-05:00,7.401553687117517,7.4361403519101215,7.392906814766582,7.418846607208252,221500,0.0,0.0
2025-02-12 00:00:00-05:00,7.401555023392115,7.427494820516948,7.401555023392115,7.410201072692871,136000,0.0,0.0
2025-02-13 00:00:00-05:00,7.4547203090003356,7.4547203090003356,7.411074238860986,7.419803619384766,181100,0.081,0.0
2025-02-14 00:00:00-05:00,7.4198025871645985,7.445989892613292,7.411073207855224,7.411073207855225,143300,0.0,0.0
2025-02-18 00:00:00-05:00,7.437261980457146,7.437261980457146,7.411073840294204,7.428532600402832,172300,0.0,0.0
2025-02-19 00:00:00-05:00,7.428530773002516,7.445988696337036,7.419801395095607,7.437260150909424,96500,0.0,0.0
2025-02-20 00:00:00-05:00,7.45471898774125,7.45471898774125,7.428531683290843,7.445989608764648,88900,0.0,0.0
2025-02-21 00:00:00-05:00,7.4547192719226665,7.463448651232041,7.3848859024065305,7.411073207855225,177200,0.0,0.0
2025-02-24 00:00:00-05:00,7.411073840294204,7.437261980457146,7.393615912665078,7.428532600402832,178900,0.0,0.0
2025-02-25 00:00:00-05:00,7.44599111638727,7.463449877875426,7.4198038066346035,7.454720497131348,102100,0.0,0.0
2025-02-26 00:00:00-05:00,7.463449877875426,7.463449877875426,7.4198038066346035,7.454720497131348,128400,0.0,0.0
2025-02-27 00:00:00-05:00,7.454718074243944,7.463447452150852,7.437260150909424,7.437260150909424,152300,0.0,0.0
2025-02-28 00:00:00-05:00,7.454719621593422,7.463449001312256,7.437261694635223,7.463449001312256,115600,0.0,0.0
2025-03-03 00:00:00-05:00,7.472178416068096,7.498365722867922,7.4634490363083295,7.480906963348389,216800,0.0,0.0
2025-03-04 00:00:00-05:00,7.489635467529297,7.489635467529297,7.463448163790908,7.489635467529297,177500,0.0,0.0
2025-03-05 00:00:00-05:00,7.489635467529297,7.5070942250078065,7.480906088790041,7.489635467529297,120300,0.0,0.0
2025-03-06 00:00:00-05:00,7.498365879058838,7.507095259000438,7.480907119175639,7.498365879058838,149400,0.0,0.0
2025-03-07 00:00:00-05:00,7.507095624993839,7.507095624993839,7.463449555637456,7.472178936004639,143600,0.0,0.0
2025-03-10 00:00:00-04:00,7.4809053754853725,7.489634753392281,7.428530773002516,7.437260150909424,190200,0.0,0.0
2025-03-11 00:00:00-04:00,7.454719673032094,7.463449052811162,7.393615679537565,7.402344226837158,246400,0.0,0.0
2025-03-12 00:00:00-04:00,7.419802935197553,7.463449001312256,7.37615686908285,7.463449001312256,194800,0.0,0.0
2025-03-13 00:00:00-04:00,7.455516302681127,7.473141199621008,7.420265668359949,7.4467034339904785,181700,0.081,0.0
2025-03-14 00:00:00-04:00,7.4643311166844315,7.4643311166844315,7.420267602189016,7.4555182456970215,112500,0.0,0.0
2025-03-17 00:00:00-04:00,7.455516772177278,7.473141670227051,7.437891033686036,7.473141670227051,100800,0.0,0.0
2025-03-18 00:00:00-04:00,7.481954539472672,7.481954539472672,7.437891033686036,7.473141670227051,91500,0.0,0.0
2025-03-19 00:00:00-04:00,7.473142216001553,7.499580825669267,7.473142216001553,7.490767955780029,144600,0.0,0.0
2025-03-20 00:00:00-04:00,7.499580894525698,7.517205794024464,7.4819551545853935,7.50839376449585,245700,0.0,0.0
2025-03-21 00:00:00-04:00,7.508393209465068,7.526018107660978,7.499580340146376,7.517205238342285,74400,0.0,0.0
2025-03-24 00:00:00-04:00,7.51720530825679,7.5348310470581055,7.51720530825679,7.5348310470581055,83700,0.0,0.0
2025-03-25 00:00:00-04:00,7.5348306056944265,7.543643474578857,7.5348306056944265,7.543643474578857,77600,0.0,0.0
2025-03-26 00:00:00-04:00,7.552455937066607,7.5612688064575195,7.51720529994444,7.5612688064575195,107600,0.0,0.0
2025-03-27 00:00:00-04:00,7.552457332611084,7.570083074649797,7.534832431014009,7.552457332611084,132400,0.0,0.0
2025-03-28 00:00:00-04:00,7.5172062258980485,7.534831966850976,7.499581325386709,7.526019096374512,83500,0.0,0.0
2025-03-31 00:00:00-04:00,7.526019185802161,7.578895568847656,7.517206315220979,7.578895568847656,93500,0.0,0.0
2025-04-01 00:00:00-04:00,7.570081675848432,7.570081675848432,7.543643908117177,7.5612688064575195,205300,0.0,0.0
2025-04-02 00:00:00-04:00,7.570083074649797,7.570083074649797,7.552457332611084,7.552457332611084,115900,0.0,0.0
2025-04-03 00:00:00-04:00,7.50839376449585,7.534831533964768,7.464330255086627,7.50839376449585,180600,0.0,0.0
2025-04-04 00:00:00-04:00,7.437892163722576,7.437892163722576,6.891507214324746,6.997259140014648,739300,0.0,0.0
2025-04-07 00:00:00-04:00,6.759317471176612,6.882694724642784,6.265808037091101,6.838631629943848,565600,0.0,0.0
2025-04-08 00:00:00-04:00,7.041322232275042,7.199950541030694,6.891507214324746,6.997259140014648,373300,0.0,0.0
2025-04-09 00:00:00-04:00,6.90913224786752,7.261638652170328,6.838630967006958,7.235200881958008,320700,0.0,0.0
2025-04-10 00:00:00-04:00,7.208762844225308,7.208762844225308,6.8474431628924926,6.891506671905518,267400,0.0,0.0
2025-04-11 00:00:00-04:00,6.945825976797292,7.034874940680549,6.883491489769535,6.990350246429443,152300,0.081,0.0
2025-04-14 00:00:00-04:00,7.070495925116177,7.09721040725708,6.990351629455393,7.09721040725708,134400,0.0,0.0
2025-04-15 00:00:00-04:00,7.132829833025697,7.195163902598449,7.079400023936191,7.186258792877197,120500,0.0,0.0
2025-04-16 00:00:00-04:00,7.204069168258055,7.204069168258055,7.123924877508006,7.159544467926025,116900,0.0,0.0
2025-04-17 00:00:00-04:00,7.195163852184971,7.239688551241259,7.141734892707825,7.2129740715026855,151600,0.0,0.0
2025-04-21 00:00:00-04:00,7.212974278172066,7.212974278172066,7.141735097336028,7.159544467926025,86300,0.0,0.0
2025-04-22 00:00:00-04:00,7.230783462524414,7.266403052025007,7.186258763339172,7.230783462524414,114200,0.0,0.0
2025-04-23 00:00:00-04:00,7.3020226415256,7.3198328608948975,7.195163873023821,7.230783462524414,177600,0.0,0.0
2025-04-24 00:00:00-04:00,7.257497933735001,7.293117523193359,7.2396885636248225,7.293117523193359,123100,0.0,0.0
2025-04-25 00:00:00-04:00,7.302023253692731,7.337642846179502,7.26640366120596,7.328737735748291,99000,0.0,0.0
2025-04-28 00:00:00-04:00,7.373262405395507,7.373262405395507,7.328737702678436,7.373262405395508,98000,0.0,0.0
2025-04-29 00:00:00-04:00,7.382167017669056,7.41778660759164,7.337642317956323,7.355452537536621,99900,0.0,0.0
2025-04-30 00:00:00-04:00,7.3465472733139725,7.426691561264567,7.337642163711019,7.382166862487793,161900,0.0,0.0
2025-05-01 00:00:00-04:00,7.4445012035923375,7.462311423449838,7.417786723044111,7.435596942901611,125900,0.0,0.0
2025-05-02 00:00:00-04:00,7.471216104120748,7.471216104120748,7.408881187438966,7.408881187438965,127900,0.0,0.0
2025-05-05 00:00:00-04:00,7.408881997721551,7.426692218503606,7.373262405395507,7.373262405395508,78200,0.0,0.0
2025-05-06 00:00:00-04:00,7.382165734500658,7.408880209989581,7.364356367253997,7.39107084274292,119800,0.0,0.0
2025-05-07 00:00:00-04:00,7.417785318231844,7.417785318231844,7.364356367253997,7.39107084274292,62100,0.0,0.0
2025-05-08 00:00:00-04:00,7.39107084274292,7.417785318231844,7.364356367253997,7.39107084274292,91700,0.0,0.0
2025-05-09 00:00:00-04:00,7.417786099469014,7.417786099469014,7.364357142864058,7.39997673034668,91300,0.0,0.0
2025-05-12 00:00:00-04:00,7.463823702990175,7.472816467285156,7.427853503407458,7.472816467285156,109200,0.081,0.0
2025-05-13 00:00:00-04:00,7.472816934926961,7.490801607045181,7.409868438520044,7.436846733093262,121400,0.0,0.0
2025-05-14 00:00:00-04:00,7.454830554649739,7.463823318481445,7.409867593088366,7.463823318481445,90600,0.0,0.0
2025-05-15 00:00:00-04:00,7.463823318481445,7.490800752379404,7.4188603569200735,7.463823318481445,64000,0.0,0.0
2025-05-16 00:00:00-04:00,7.499793902572893,7.499793902572893,7.445838174400214,7.472816467285156,42700,0.0,0.0
2025-05-19 00:00:00-04:00,7.454830554649739,7.463823318481445,7.42785312075178,7.463823318481445,102200,0.0,0.0
2025-05-20 00:00:00-04:00,7.463823887869784,7.4728166523875155,7.42785368739608,7.454831123352051,68000,0.0,0.0
2025-05-21 00:00:00-04:00,7.445838042550951,7.45483080668669,7.346920209849395,7.364904880523682,96600,0.0,0.0
2025-05-22 00:00:00-04:00,7.3828911781311035,7.391883943203936,7.328935445291391,7.3828911781311035,148900,0.0,0.0
2025-05-23 00:00:00-04:00,7.382890420849083,7.409867855703156,7.364904892548241,7.400875091552734,68100,0.0,0.0
2025-05-27 00:00:00-04:00,7.4548314984400434,7.4548314984400434,7.409868531186307,7.427854061126709,72900,0.0,0.0
2025-05-28 00:00:00-04:00,7.4458387334698415,7.4458387334698415,7.409868531186307,7.427854061126709,67500,0.0,0.0
2025-05-29 00:00:00-04:00,7.454830554649739,7.463823318481445,7.409867593088366,7.463823318481445,62500,0.0,0.0
2025-05-30 00:00:00-04:00,7.4278527522024484,7.490800380706787,7.418859988816938,7.490800380706787,92700,0.0,0.0
2025-06-02 00:00:00-04:00,7.490800380706787,7.526770576651712,7.481807617321277,7.490800380706787,225300,0.0,0.0
2025-06-03 00:00:00-04:00,7.508786873921475,7.526771545410156,7.46382390880393,7.526771545410156,95100,0.0,0.0
2025-06-04 00:00:00-04:00,7.526771160689748,7.553748595342469,7.499793726037026,7.517778396606445,112100,0.0,0.0
2025-06-05 00:00:00-04:00,7.535764309953111,7.535764309953111,7.499794109378521,7.526771545410156,83400,0.0,0.0
2025-06-06 00:00:00-04:00,7.526772783272145,7.5357655492940605,7.499795342803767,7.508788108825684,102300,0.0,0.0
2025-06-09 00:00:00-04:00,7.508788108825684,7.517780017250229,7.481809810759936,7.508788108825684,159000,0.0,0.0
2025-06-10 00:00:00-04:00,7.526772783272145,7.526772783272145,7.481809810759936,7.508788108825684,94500,0.0,0.0
2025-06-11 00:00:00-04:00,7.526771545410156,7.526771545410156,7.499794109378521,7.526771545410156,84200,0.0,0.0
2025-06-12 00:00:00-04:00,7.5549205017710355,7.5549205017710355,7.518598801896276,7.527679443359375,116200,0.081,0.0
2025-06-13 00:00:00-04:00,7.518599510192871,7.52768015251142,7.491358449214941,7.518599510192871,103600,0.0,0.0
2025-06-16 00:00:00-04:00,7.527679995306495,7.527679995306495,7.491358292768544,7.509519577026367,67900,0.0,0.0
2025-06-17 00:00:00-04:00,7.518599510192871,7.518599510192871,7.500439091533489,7.518599510192871,121300,0.0,0.0
2025-06-18 00:00:00-04:00,7.518599819116251,7.518599819116251,7.491358757019043,7.491358757019043,52000,0.0,0.0
2025-06-20 00:00:00-04:00,7.518599353177582,7.518599353177582,7.482277650639631,7.509519577026367,102100,0.0,0.0
2025-06-23 00:00:00-04:00,7.518599510192871,7.518599510192871,7.482277806896392,7.518599510192871,100100,0.0,0.0
2025-06-24 00:00:00-04:00,7.518599510192871,7.52768015251142,7.500439091533489,7.518599510192871,97900,0.0,0.0
2025-06-25 00:00:00-04:00,7.509519026410811,7.536760084822473,7.500438384947714,7.527679443359375,104200,0.0,0.0
2025-06-26 00:00:00-04:00,7.527678434691855,7.582161410192391,7.509518020176688,7.564000129699707,205600,0.0,0.0
2025-06-27 00:00:00-04:00,7.545840494547262,7.57308155212233,7.500438154603743,7.536759853363037,100000,0.0,0.0
2025-06-30 00:00:00-04:00,7.53675979490014,7.5730814933776855,7.500438096422596,7.5730814933776855,182300,0.0,0.0
2025-07-01 00:00:00-04:00,7.5821638107299805,7.600324230994796,7.564002524487374,7.5821638107299805,151900,0.0,0.0
2025-07-02 00:00:00-04:00,7.5821638107299805,7.600324230994796,7.564002524487374,7.5821638107299805,133400,0.0,0.0
2025-07-03 00:00:00-04:00,7.582162134491472,7.60940319185523,7.564000852263899,7.5730814933776855,124800,0.0,0.0
2025-07-07 00:00:00-04:00,7.554921881366071,7.600324230994796,7.545842104222559,7.5821638107299805,133200,0.0,0.0
2025-07-08 00:00:00-04:00,7.5912435878734925,7.600324230994796,7.5821638107299805,7.5821638107299805,136000,0.0,0.0
2025-07-09 00:00:00-04:00,7.609403378896165,7.618484020233154,7.591242096222183,7.618484020233154,118700,0.0,0.0
2025-07-10 00:00:00-04:00,7.627563795592524,7.645725078266505,7.609403378896165,7.618484020233154,147500,0.0,0.0
2025-07-11 00:00:00-04:00,7.637738430955408,7.665245047465739,7.591893487158474,7.619400978088379,189200,0.081,0.0
2025-07-14 00:00:00-04:00,7.619401164546168,7.628569453994258,7.573556219627342,7.591893672943115,174200,0.0,0.0
2025-07-15 00:00:00-04:00,7.601063519679025,7.6560776334079215,7.555218570641557,7.573556900024414,113000,0.0,0.0
2025-07-16 00:00:00-04:00,7.573556485661935,7.573556485661935,7.546048993092633,7.564387321472168,63900,0.0,0.0
2025-07-17 00:00:00-04:00,7.546048868747638,7.582725524902344,7.546048868747638,7.582725524902344,75600,0.0,0.0
2025-07-18 00:00:00-04:00,7.573556360863667,7.601062978560085,7.573556360863667,7.582725524902344,84200,0.0,0.0
2025-07-21 00:00:00-04:00,7.601063519679025,7.6102326843704535,7.564387735332986,7.573556900024414,164200,0.0,0.0
2025-07-22 00:00:00-04:00,7.610232000678484,7.610232000678484,7.564387055759658,7.591893672943115,110900,0.0,0.0
2025-07-23 00:00:00-04:00,7.619400775464858,7.637738227844238,7.591893285266464,7.637738227844238,86900,0.0,0.0
2025-07-24 00:00:00-04:00,7.628570556640625,7.646908887026647,7.619402265867336,7.628570556640625,56300,0.0,0.0
2025-07-25 00:00:00-04:00,7.6560765546431675,7.6560765546431675,7.610231612065394,7.637738227844238,50200,0.0,0.0
2025-07-28 00:00:00-04:00,7.656077861785889,7.656077861785889,7.619402076345824,7.656077861785889,107500,0.0,0.0
2025-07-29 00:00:00-04:00,7.656076970293746,7.656076970293746,7.637738642499223,7.646907806396484,70000,0.0,0.0
2025-07-30 00:00:00-04:00,7.6560767669182255,7.665245056152344,7.619400986723031,7.665245056152344,93200,0.0,0.0
2025-07-31 00:00:00-04:00,7.665244135039719,7.7202582359313965,7.628568359251758,7.7202582359313965,430300,0.0,0.0
2025-08-01 00:00:00-04:00,7.720259813185217,7.784442215321787,7.711090648760094,7.7569355964660645,389400,0.0,0.0
2025-08-04 00:00:00-04:00,7.793610987403654,7.8027801513671875,7.7569352059691274,7.8027801513671875,246300,0.0,0.0
2025-08-05 00:00:00-04:00,7.80277913663685,7.839454913301792,7.775271648323527,7.811948299407959,178200,0.0,0.0
2025-08-06 00:00:00-04:00,7.8302873935324975,7.839456558227539,7.811949938562088,7.839456558227539,123800,0.0,0.0
2025-08-07 00:00:00-04:00,7.857792640862495,7.876130967049856,7.811948574233137,7.830286026000977,154100,0.0,0.0
2025-08-08 00:00:00-04:00,7.857792040567744,7.857792040567744,7.8302854278075875,7.848623752593994,166500,0.0,0.0
2025-08-11 00:00:00-04:00,7.803266538652136,7.868062061376177,7.78475302771796,7.8125224113464355,253100,0.081,0.0
2025-08-12 00:00:00-04:00,7.8125224955317965,7.831036006665469,7.794009867170922,7.821779251098633,142800,0.0,0.0
2025-08-13 00:00:00-04:00,7.8125224113464355,7.868062061376177,7.8125224113464355,7.8125224113464355,149100,0.0,0.0
2025-08-14 00:00:00-04:00,7.821779419071776,7.840292930603027,7.81252266330615,7.840292930603027,157700,0.0,0.0
2025-08-15 00:00:00-04:00,7.849550153303934,7.858806910661233,7.831037521362305,7.831037521362305,66200,0.0,0.0
2025-08-18 00:00:00-04:00,7.831037521362305,7.868063668018532,7.812524006647707,7.831037521362305,93700,0.0,0.0
2025-08-19 00:00:00-04:00,7.831037521362305,7.849550153303934,7.821780764005006,7.831037521362305,137900,0.0,0.0
2025-08-20 00:00:00-04:00,7.821779419071776,7.886575826658339,7.821779419071776,7.840292930603027,121500,0.0,0.0
2025-08-21 00:00:00-04:00,7.831036006665469,7.849548635026343,7.794009867170922,7.821779251098633,234600,0.0,0.0
2025-08-22 00:00:00-04:00,7.8125224113464355,7.8402926777477004,7.8125224113464355,7.8125224113464355,131400,0.0,0.0
2025-08-25 00:00:00-04:00,7.831036006665469,7.858805390593179,7.803266622737758,7.821779251098633,125000,0.0,0.0
2025-08-26 00:00:00-04:00,7.8310361748374016,7.840292930603027,7.803266790313342,7.840292930603027,102200,0.0,0.0
2025-08-27 00:00:00-04:00,7.831037139316754,7.849549770355225,7.821780382411055,7.849549770355225,100600,0.0,0.0
2025-08-28 00:00:00-04:00,7.858806133270264,7.858806133270264,7.831036746718276,7.858806133270264,92200,0.0,0.0
2025-08-29 00:00:00-04:00,7.849549935658348,7.868063449859619,7.831037304230021,7.868063449859619,166600,0.0,0.0
2025-09-02 00:00:00-04:00,7.858806868982035,7.905089772750101,7.840294237138588,7.8958330154418945,270700,0.0,0.0
2025-09-03 00:00:00-04:00,7.868063626290241,7.914346530058307,7.858806868982035,7.8958330154418945,195900,0.0,0.0
2025-09-04 00:00:00-04:00,7.905089937445227,7.923603452447351,7.8773205477150245,7.914346694946289,218500,0.0,0.0
2025-09-05 00:00:00-04:00,7.914346694946289,7.9328593271754295,7.886577305216086,7.914346694946289,198400,0.0,0.0
2025-09-08 00:00:00-04:00,7.9236021170966895,7.960628258088003,7.803266938181711,7.932857990264893,391500,0.0,0.0
2025-09-09 00:00:00-04:00,7.951371010683744,7.9606277660526334,7.8865754886470745,7.9236016273498535,144500,0.0,0.0
2025-09-10 00:00:00-04:00,7.942114255314854,7.942114255314854,7.895831361243184,7.9236016273498535,127600,0.0,0.0
2025-09-11 00:00:00-04:00,7.923603452447351,7.951372842177553,7.895833179944165,7.914346694946289,267000,0.0,0.0
2025-09-12 00:00:00-04:00,7.915280999478562,7.971350966158646,7.887245124922468,7.9433159828186035,505600,0.081,0.0
2025-09-15 00:00:00-04:00,7.971350250751906,7.990040832111873,7.933969979247943,7.95266056060791,170100,0.0,0.0
2025-09-16 00:00:00-04:00,7.9806962576773435,7.990041549196041,7.924625399781208,7.9433159828186035,132600,0.0,0.0
2025-09-17 00:00:00-04:00,7.9433152651922345,7.962005846541059,7.933969974517822,7.933969974517822,70800,0.0,0.0
2025-09-18 00:00:00-04:00,7.92462468384341,7.962005846541059,7.92462468384341,7.933969974517822,113500,0.0,0.0
2025-09-19 00:00:00-04:00,7.9433159828186035,7.952661274337301,7.924625399781208,7.9433159828186035,237700,0.0,0.0
2025-09-22 00:00:00-04:00,7.943315023835112,7.971350003790536,7.924624443054199,7.924624443054199,140500,0.0,0.0
2025-09-23 00:00:00-04:00,7.952659372276501,7.980694348911335,7.924623504425828,7.962004661560059,242700,0.0,0.0
2025-09-24 00:00:00-04:00,7.9713502459995,7.9713502459995,7.92462468384341,7.933969974517822,425800,0.0,0.0
2025-09-25 00:00:00-04:00,7.933969974517822,7.952660555866647,7.8965897030361445,7.933969974517822,126600,0.0,0.0
2025-09-26 00:00:00-04:00,7.943314838822829,7.9526601289956185,7.896589279174805,7.896589279174805,97000,0.0,0.0
2025-09-29 00:00:00-04:00,7.915280153516112,7.915280153516112,7.859209301612668,7.868554592132568,123600,0.0,0.0
2025-09-30 00:00:00-04:00,7.877898840439716,7.962004661560059,7.877898840439716,7.962004661560059,226400,0.0,0.0
2025-10-01 00:00:00-04:00,7.980694348911335,7.980694348911335,7.943314082992943,7.962004661560059,265800,0.0,0.0
2025-10-02 00:00:00-04:00,7.971350193023682,7.971350193023682,7.94331521240273,7.971350193023682,238400,0.0,0.0
2025-10-03 00:00:00-04:00,7.962005851287894,7.962005851287894,7.943315269927926,7.95266056060791,144200,0.0,0.0
2025-10-06 00:00:00-04:00,7.9713505072580055,8.130216889065924,7.962006107493305,8.083491325378418,1108200,0.0,0.0
2025-10-07 00:00:00-04:00,8.074146559186598,8.102181539640396,8.027420997619629,8.027420997619629,391700,0.0,0.0
2025-10-08 00:00:00-04:00,8.05545711517334,8.064802407049097,8.027422130762153,8.05545711517334,263100,0.0,0.0
2025-10-09 00:00:00-04:00,8.074147461400644,8.083491861785424,8.046111586598126,8.064802169799805,195000,0.0,0.0
2025-10-10 00:00:00-04:00,8.074146559186598,8.083490958527225,7.999386017165831,8.027420997619629,309400,0.0,0.0
2025-10-13 00:00:00-04:00,8.055455978073427,8.064801268630013,8.027420997619629,8.027420997619629,304300,0.0,0.0
2025-10-14 00:00:00-04:00,8.000062578285153,8.075535698557504,7.981194972991943,7.981194972991943,175700,0.081,0.0
2025-10-15 00:00:00-04:00,8.000061988830566,8.03779899603615,7.990628636728942,8.000061988830566,193400,0.0,0.0
2025-10-16 00:00:00-04:00,7.99062784874352,8.018929701656987,7.924588992345854,7.962325096130371,301600,0.0,0.0
2025-10-17 00:00:00-04:00,7.94345810871773,8.000061818924408,7.86798589530899,7.934023857116699,339000,0.0,0.0
2025-10-20 00:00:00-04:00,7.934025188825345,7.952893695194443,7.830251102895014,7.849118709564209,400900,0.0,0.0
2025-10-21 00:00:00-04:00,7.849116784776823,7.98119359787247,7.830249182734406,7.962325096130371,249700,0.0,0.0
2025-10-22 00:00:00-04:00,7.981194524946644,8.000062129180671,7.95289266874571,7.971760272979736,175800,0.0,0.0
2025-10-23 00:00:00-04:00,7.99062784874352,8.000061199914887,7.952891744959004,7.962325096130371,198200,0.0,0.0
2025-10-24 00:00:00-04:00,7.97175945675772,7.97175945675772,7.94345760345459,7.94345760345459,144200,0.0,0.0
2025-10-27 00:00:00-04:00,7.971759992416253,7.971759992416253,7.886853527101919,7.92458963394165,244800,0.0,0.0
2025-10-28 00:00:00-04:00,7.952892388846265,7.952892388846265,7.915156282006533,7.92458963394165,119800,0.0,0.0
2025-10-29 00:00:00-04:00,7.943458137211393,7.943458137211393,7.92458963394165,7.92458963394165,155600,0.0,0.0
2025-10-30 00:00:00-04:00,7.905721499150518,7.94345760345459,7.867985394846445,7.94345760345459,209700,0.0,0.0
2025-10-31 00:00:00-04:00,7.971759739820805,7.990628242492676,7.934023634176791,7.990628242492676,202600,0.0,0.0
2025-11-03 00:00:00-05:00,8.009496070525438,8.009496070525438,7.905722002013359,7.934023857116699,300700,0.0,0.0
2025-11-04 00:00:00-05:00,7.934024924155027,7.962326783064652,7.915157318115234,7.915157318115234,146900,0.0,0.0
2025-11-05 00:00:00-05:00,7.91515625361439,7.95289236031876,7.91515625361439,7.934023857116699,132000,0.0,0.0
2025-11-06 00:00:00-05:00,7.934024924155027,7.94345917702486,7.915157318115234,7.915157318115234,131400,0.0,0.0
2025-11-07 00:00:00-05:00,7.924589605515668,7.934023857116698,7.905722002013359,7.934023857116699,106700,0.0,0.0
2025-11-10 00:00:00-05:00,7.934023243216904,7.962325096130371,7.915155641174487,7.962325096130371,139900,0.0,0.0
2025-11-11 00:00:00-05:00,7.990629225488466,7.990629225488466,7.9717607204954195,7.981194972991943,123100,0.0,0.0
2025-11-12 00:00:00-05:00,8.000061988830566,8.009496240631963,7.962325881324753,8.000061988830566,148000,0.0,0.0
2025-11-13 00:00:00-05:00,7.990629225488466,8.0189310832782,7.95289311520221,7.981194972991943,192400,0.0,0.0
2025-11-14 00:00:00-05:00,7.934521075542858,7.944046529030243,7.9059456234779475,7.915471076965332,225000,0.081,0.0
2025-11-17 00:00:00-05:00,7.91547093981849,7.934520938065948,7.848793674959318,7.867844581604004,258100,0.0,0.0
2025-11-18 00:00:00-05:00,7.8678441185061505,7.886894115632334,7.78211686044539,7.810692310333252,277300,0.0,0.0
2025-11-19 00:00:00-05:00,7.810692633087386,7.8487935373113356,7.810692633087386,7.820218086242676,124500,0.0,0.0
2025-11-20 00:00:00-05:00,7.877369741756933,7.877369741756933,7.829743385314941,7.829743385314941,175700,0.0,0.0
2025-11-21 00:00:00-05:00,7.867844717925651,7.944046529030243,7.839268357463498,7.915471076965332,286700,0.0,0.0
2025-11-24 00:00:00-05:00,7.9535709679029205,7.982146416322542,7.91547006721105,7.972620964050293,355500,0.0,0.0
2025-11-25 00:00:00-05:00,7.9916723168577235,8.00119686126709,7.963095958438092,8.00119686126709,231600,0.0,0.0
2025-11-26 00:00:00-05:00,8.029773065586836,8.029773065586836,8.010722160339355,8.010722160339355,171900,0.0,0.0
2025-11-28 00:00:00-05:00,8.0583480079304,8.0583480079304,8.001196204181811,8.039297103881836,194500,0.0,0.0
2025-12-01 00:00:00-05:00,8.03929870154043,8.058349609375,8.010723248185856,8.058349609375,366000,0.0,0.0
2025-12-02 00:00:00-05:00,8.086924707343897,8.086924707343897,8.04882380174641,8.077399253845215,279600,0.0,0.0
2025-12-03 00:00:00-05:00,8.096450006234267,8.115500912867839,8.077399099600694,8.08692455291748,357900,0.0,0.0
2025-12-04 00:00:00-05:00,8.105976259921377,8.105976259921377,8.077399897149435,8.096450805664062,173100,0.0,0.0
2025-12-05 00:00:00-05:00,8.115500604016288,8.125025148573373,8.077398792199183,8.105975151062012,180300,0.0,0.0
2025-12-08 00:00:00-05:00,8.105976259921377,8.105976259921377,8.067875351289437,8.096450805664062,153800,0.0,0.0
2025-12-09 00:00:00-05:00,8.105974997360619,8.115500450134277,8.096449544586958,8.115500450134277,272700,0.0,0.0
2025-12-10 00:00:00-05:00,8.134551714296,8.134551714296,8.077399897149435,8.096450805664062,323700,0.0,0.0
2025-12-11 00:00:00-05:00,8.1166452137126,8.135879411325224,8.058944455148765,8.068561553955078,186600,0.081,0.0
2025-12-12 00:00:00-05:00,8.06856066691339,8.078176847525498,8.0300931930542,8.0300931930542,278900,0.0,0.0
2025-12-15 00:00:00-05:00,8.06856127075563,8.078177452087402,8.049327073818109,8.078177452087402,224300,0.0,0.0
2025-12-16 00:00:00-05:00,8.068561553955078,8.097411933236994,8.049327356342452,8.068561553955078,235300,0.0,0.0
2025-12-17 00:00:00-05:00,8.097411933236994,8.097411933236994,8.058944455148765,8.068561553955078,207600,0.0,0.0
2025-12-18 00:00:00-05:00,8.058944455148765,8.078177735624369,8.049327356342452,8.068561553955078,182400,0.0,0.0
2025-12-19 00:00:00-05:00,8.068560846437128,8.078177027263193,8.049326650511114,8.058943748474121,221500,0.0,0.0
2025-12-22 00:00:00-05:00,8.04932714341275,8.04932714341275,8.010859666342105,8.03971004486084,189200,0.0,0.0
2025-12-23 00:00:00-05:00,8.058943816286328,8.058943816286328,8.020476341247559,8.020476341247559,147500,0.0,0.0
2025-12-24 00:00:00-05:00,8.04932714341275,8.04932714341275,8.020476764894015,8.03971004486084,199400,0.0,0.0
2025-12-26 00:00:00-05:00,8.049327073818109,8.078177452087402,8.030093794017576,8.078177452087402,229600,0.0,0.0
2025-12-29 00:00:00-05:00,8.020476626860914,8.126261957700365,8.020476626860914,8.116644859313965,409900,0.0,0.0
2025-12-30 00:00:00-05:00,8.116645318740051,8.135879516601562,8.097412038015573,8.135879516601562,310200,0.0,0.0
2025-12-31 00:00:00-05:00,8.097411862459388,8.164729719241125,8.097411862459388,8.10702896118164,768700,0.0,0.0
2026-01-02 00:00:00-05:00,8.183964094118307,8.183964094118307,8.116645318740051,8.135879516601562,308400,0.0,0.0
2026-01-05 00:00:00-05:00,8.145496615532318,8.15511279732604,8.126262417670807,8.135879516601562,302100,0.0,0.0
2026-01-06 00:00:00-05:00,8.145496863241355,8.145496863241355,8.107029383485548,8.126262664794922,209200,0.0,0.0
2026-01-07 00:00:00-05:00,8.11664514276688,8.145496438933634,8.10702896118164,8.10702896118164,183700,0.0,0.0
2026-01-08 00:00:00-05:00,8.107028678064546,8.135879056086763,8.097411579678147,8.116644859313965,149900,0.0,0.0
2026-01-09 00:00:00-05:00,8.135879269769218,8.145496368408203,8.126262171130234,8.145496368408203,189200,0.0,0.0
2026-01-12 00:00:00-05:00,8.145496368408203,8.183963845827138,8.135879269769218,8.145496368408203,241900,0.0,0.0
2026-01-13 00:00:00-05:00,8.19501486722837,8.19501486722837,8.146466939333491,8.165885925292969,191600,0.081,0.0
2026-01-14 00:00:00-05:00,8.165886280783983,8.18530619358125,8.136757337580493,8.175596237182617,154600,0.0,0.0
2026-01-15 00:00:00-05:00,8.175595524507733,8.175595524507733,8.15617561340332,8.15617561340332,100200,0.0,0.0
2026-01-16 00:00:00-05:00,8.146466939333491,8.185305837244815,8.146466939333491,8.165885925292969,202200,0.0,0.0
2026-01-20 00:00:00-05:00,8.146466495977963,8.156175525433122,8.068788704382778,8.127046585083008,385700,0.0,0.0
2026-01-21 00:00:00-05:00,8.146467208862305,8.175596151761447,8.117337339970764,8.146467208862305,201900,0.0,0.0
2026-01-22 00:00:00-05:00,8.136756628291234,8.175595524507733,8.117336717186822,8.15617561340332,155000,0.0,0.0
2026-01-23 00:00:00-05:00,8.185305837244815,8.185305837244815,8.146466939333491,8.165885925292969,209100,0.0,0.0
2026-01-26 00:00:00-05:00,8.18530619358125,8.18530619358125,8.156176324385351,8.175596237182617,155700,0.0,0.0
2026-01-27 00:00:00-05:00,8.165885838598806,8.195014780224955,8.12704694109982,8.136756896972656,155300,0.0,0.0
2026-01-28 00:00:00-05:00,8.136757252565124,8.156176239167086,8.136757252565124,8.146467208862305,138600,0.0,0.0
2026-01-29 00:00:00-05:00,8.15617561340332,8.15617561340332,8.117336717186822,8.15617561340332,169300,0.0,0.0
2026-01-30 00:00:00-05:00,8.156175969317045,8.165885925292969,8.146466939333491,8.165885925292969,159300,0.0,0.0
2026-02-02 00:00:00-05:00,8.17559563970892,8.18530559539795,8.165885684019893,8.18530559539795,167600,0.0,0.0
2026-02-03 00:00:00-05:00,8.195014625094636,8.195014625094636,8.165885684019893,8.18530559539795,146600,0.0,0.0
2026-02-04 00:00:00-05:00,8.165885684019893,8.18530559539795,8.165885684019893,8.18530559539795,103400,0.0,0.0
2026-02-05 00:00:00-05:00,8.18530619358125,8.195015223987475,8.175596237182617,8.175596237182617,115300,0.0,0.0
2026-02-06 00:00:00-05:00,8.195015309003564,8.20472526550293,8.185306278496617,8.20472526550293,141900,0.0,0.0
2026-02-09 00:00:00-05:00,8.204726300318013,8.233855247497559,8.195016342593986,8.233855247497559,246600,0.0,0.0
2026-02-10 00:00:00-05:00,8.19501601726655,8.243564877966847,8.185306985920489,8.224145889282227,247900,0.0,0.0
2026-02-11 00:00:00-05:00,8.233854648695015,8.253274562730766,8.214435660651732,8.24356460571289,260800,0.0,0.0
2026-02-12 00:00:00-05:00,8.283756876274921,8.283756876274921,8.195527361518215,8.205330848693848,192800,0.081,0.0
2026-02-13 00:00:00-05:00,8.234740257263184,8.234740257263184,8.205330731069868,8.234740257263184,153400,0.0,0.0
2026-02-17 00:00:00-05:00,8.234740541861925,8.24454402923584,8.205331014652193,8.24454402923584,93800,0.0,0.0
2026-02-18 00:00:00-05:00,8.254347349660017,8.26415083683565,8.205330848693848,8.205330848693848,156500,0.0,0.0
2026-02-19 00:00:00-05:00,8.234740375308752,8.234740375308752,8.205330848693848,8.205330848693848,144300,0.0,0.0
2026-02-20 00:00:00-05:00,8.195527361518215,8.244543862484385,8.195527361518215,8.205330848693848,206000,0.0,0.0
2026-02-23 00:00:00-05:00,8.21513433586948,8.234740375308752,8.195527361518215,8.205330848693848,160300,0.0,0.0
2026-02-24 00:00:00-05:00,8.205331297560912,8.254347801208496,8.205331297560912,8.254347801208496,199300,0.0,0.0
2026-02-25 00:00:00-05:00,8.244543744298284,8.264150718368482,8.146511678683234,8.234740257263184,275800,0.0,0.0
2026-02-26 00:00:00-05:00,8.234740541861925,8.254347516609755,8.215134502026109,8.24454402923584,134100,0.0,0.0
2026-02-27 00:00:00-05:00,8.215134119829692,8.264150619506836,8.17592110707037,8.264150619506836,193600,0.0,0.0
2026-03-02 00:00:00-05:00,8.234740158753366,8.283756658430512,8.195527145994046,8.264150619506836,230000,0.0,0.0
2026-03-03 00:00:00-05:00,8.224938494322739,8.23474104738641,8.136708972365186,8.195528030395508,285000,0.0,0.0
2026-03-04 00:00:00-05:00,8.195527929075526,8.244544433436191,8.195527929075526,8.22493839263916,169200,0.0,0.0
2026-03-05 00:00:00-05:00,8.224937823045114,8.244543862484385,8.185724809254577,8.205330848693848,203000,0.0,0.0
2026-03-06 00:00:00-05:00,8.166118071562643,8.185725046482132,8.126905056635687,8.146512031555176,265200,0.0,0.0
2026-03-09 00:00:00-04:00,8.107299097836007,8.107299097836007,7.970053076760911,7.999462604522705,349600,0.0,0.0
2026-03-10 00:00:00-04:00,7.989659813559573,8.117102358188067,7.989659813559573,8.1072998046875,289700,0.0,0.0
2026-03-11 00:00:00-04:00,8.126905724990856,8.1563152548767,8.097496195105009,8.136709213256836,240000,0.0,0.0
2026-03-12 00:00:00-04:00,8.107997979546079,8.127798184606682,8.03869915008545,8.03869915008545,258400,0.081,0.0
2026-03-13 00:00:00-04:00,7.989199749172616,8.048599421474886,7.890201082106965,7.900101184844971,488500,0.0,0.0
2026-03-16 00:00:00-04:00,7.919900874954516,7.999099808174001,7.89020103896577,7.939701080322266,250400,0.0,0.0
2026-03-17 00:00:00-04:00,7.959500246335713,8.028799076042223,7.959500246335713,8.018899917602539,233900,0.0,0.0
2026-03-18 00:00:00-04:00,7.999099779271838,8.028799143090396,7.9496002101570715,7.959500312805176,102900,0.0,0.0
2026-03-19 00:00:00-04:00,7.919900918258101,7.919900918258101,7.8308018818675755,7.900101184844971,332900,0.0,0.0
2026-03-20 00:00:00-04:00,7.830801675539988,7.840701778017143,7.672403812408447,7.672403812408447,439200,0.0,0.0
2026-03-23 00:00:00-04:00,7.71200328765059,7.741703123055616,7.573405157240492,7.662503719329834,952400,0.0,0.0
2026-03-24 00:00:00-04:00,7.632804355987677,7.721903390139888,7.59320489015622,7.662503719329834,218500,0.0,0.0
2026-03-25 00:00:00-04:00,7.702103955267052,7.82090235735848,7.702103955267052,7.811002254486084,139200,0.0,0.0
2026-03-26 00:00:00-04:00,7.7813026129106335,7.791202243367627,7.6328043795527725,7.642704010009766,203200,0.0,0.0
2026-03-27 00:00:00-04:00,7.622904291230009,7.672403859795775,7.523905626161347,7.6328043937683105,253500,0.0,0.0
2026-03-30 00:00:00-04:00,7.652604079517005,7.7021036477770455,7.61300461373412,7.672403812408447,200900,0.0,0.0
2026-03-31 00:00:00-04:00,7.721903560636065,7.919900894165039,7.7021038272831674,7.919900894165039,258200,0.0,0.0
2026-04-01 00:00:00-04:00,8.038699207244433,8.038699207244433,7.910000705812626,7.989199638366699,245000,0.0,0.0
2026-04-02 00:00:00-04:00,7.929801055003297,7.929801055003297,7.791202448454122,7.870401382446289,258800,0.0,0.0
2026-04-06 00:00:00-04:00,7.910000734192245,7.979300508520005,7.900101103618905,7.969400405883789,136300,0.0,0.0
2026-04-07 00:00:00-04:00,7.9496002581629455,7.98919972486874,7.919900894165039,7.919900894165039,143400,0.0,0.0
2026-04-08 00:00:00-04:00,8.018899927101081,8.038699188129646,7.989199619369615,8.008999824523926,195300,0.0,0.0
2026-04-09 00:00:00-04:00,7.969400358341051,8.02879908555249,7.969400358341051,8.008999824523926,131100,0.0,0.0
2026-04-10 00:00:00-04:00,8.038699188129646,8.048599290706802,7.979300460918206,8.008999824523926,83900,0.0,0.0
2026-04-13 00:00:00-04:00,7.980000019073486,8.029999732971191,7.96999979019165,8.020000457763672,107900,0.081,0.0
2026-04-14 00:00:00-04:00,8.029999732971191,8.050000190734863,8.0,8.029999732971191,96000,0.0,0.0
2026-04-15 00:00:00-04:00,8.0600004196167,8.069999694824219,8.010000228881836,8.050000190734863,123200,0.0,0.0
2026-04-16 00:00:00-04:00,8.0600004196167,8.0600004196167,7.96999979019165,8.020000457763672,191200,0.0,0.0
2026-04-17 00:00:00-04:00,8.050000190734863,8.0600004196167,7.989999771118164,8.050000190734863,244100,0.0,0.0
2026-04-20 00:00:00-04:00,8.039999961853027,8.09000015258789,8.020000457763672,8.069999694824219,174100,0.0,0.0
2026-04-21 00:00:00-04:00,8.100000381469727,8.100000381469727,8.050000190734863,8.0600004196167,103600,0.0,0.0
2026-04-22 00:00:00-04:00,8.0600004196167,8.09000015258789,7.980000019073486,8.069999694824219,183600,0.0,0.0
2026-04-23 00:00:00-04:00,8.079999923706055,8.079999923706055,8.010000228881836,8.029999732971191,106100,0.0,0.0
2026-04-24 00:00:00-04:00,8.050000190734863,8.050000190734863,8.010000228881836,8.039999961853027,177900,0.0,0.0
2026-04-27 00:00:00-04:00,8.020000457763672,8.0600004196167,8.010000228881836,8.029999732971191,215700,0.0,0.0
2026-04-28 00:00:00-04:00,8.039999961853027,8.079999923706055,8.029999732971191,8.069999694824219,167000,0.0,0.0
2026-04-29 00:00:00-04:00,8.069999694824219,8.069999694824219,8.029999732971191,8.0600004196167,88300,0.0,0.0
2026-04-30 00:00:00-04:00,8.0600004196167,8.069999694824219,8.020000457763672,8.050000190734863,163400,0.0,0.0
2026-05-01 00:00:00-04:00,8.09000015258789,8.09000015258789,8.0600004196167,8.09000015258789,177100,0.0,0.0
2026-05-04 00:00:00-04:00,8.09000015258789,8.100000381469727,8.029999732971191,8.039999961853027,135000,0.0,0.0
2026-05-05 00:00:00-04:00,8.069999694824219,8.069999694824219,8.0,8.039999961853027,168400,0.0,0.0
2026-05-06 00:00:00-04:00,8.069999694824219,8.069999694824219,8.009900093078613,8.039999961853027,173997,0.0,0.0
