Date,Open,High,Low,Close,Volume,Dividends,Stock Splits
2022-01-03 00:00:00-05:00,132.2878123952445,132.5016042057726,128.41042255315887,130.27622985839844,723100,0.0,0.0
2022-01-04 00:00:00-05:00,131.4423503651248,131.59783800573405,130.1013102421936,130.1887664794922,1111300,0.0,0.0
2022-01-05 00:00:00-05:00,129.64456765463046,130.02355949083938,126.47657016559087,126.49600982666016,1191400,0.0,0.0
2022-01-06 00:00:00-05:00,125.78659114260161,128.34236480343057,125.74771182873127,127.46775817871094,802200,0.0,0.0
2022-01-07 00:00:00-05:00,127.36086627128905,127.92449771504086,126.04897853555325,126.56401824951172,908300,0.0,0.0
2022-01-10 00:00:00-05:00,125.9226679529623,126.04900350983323,123.2308457327083,124.2998046875,1324400,0.0,0.0
2022-01-11 00:00:00-05:00,124.71765693118397,125.55338440619535,123.07536147229177,125.22298431396484,1236600,0.0,0.0
2022-01-12 00:00:00-05:00,125.79632730073745,126.34051917272829,123.9305202418618,125.39789581298828,1721600,0.0,0.0
2022-01-13 00:00:00-05:00,125.81575763697245,125.84490971166029,123.86248707825301,124.04712677001953,988400,0.0,0.0
2022-01-14 00:00:00-05:00,122.57004016535426,123.02677583294967,121.3164488906962,122.0744400024414,1531700,0.0,0.0
2022-01-18 00:00:00-05:00,121.30672659764569,121.30672659764569,119.61583204071599,120.80139923095703,1012300,0.0,0.0
2022-01-19 00:00:00-05:00,121.19982218311756,122.2201818466676,120.07255922446322,121.01518249511719,913200,0.0,0.0
2022-01-20 00:00:00-05:00,121.88978790291878,122.86156329641601,119.49922132460256,119.58667755126953,697400,0.0,0.0
2022-01-21 00:00:00-05:00,119.4700707298855,121.55938192055537,118.56631930616872,119.2368392944336,1517300,0.0,0.0
2022-01-24 00:00:00-05:00,118.09987659555586,120.2183475048421,116.06886933751831,119.8199234008789,1683700,0.0,0.0
2022-01-25 00:00:00-05:00,119.12994685081247,119.84906600982575,117.06978767649926,118.43998718261719,1553900,0.0,0.0
2022-01-26 00:00:00-05:00,119.27571928056865,121.12209415899187,118.48858352125401,119.12995147705078,1473200,0.0,0.0
2022-01-27 00:00:00-05:00,119.4409083419051,120.60703576225393,117.83747757838246,118.06098175048828,1387400,0.0,0.0
2022-01-28 00:00:00-05:00,117.94438780773666,120.11144288680454,117.52652407202437,120.05313873291016,1528800,0.0,0.0
2022-01-31 00:00:00-05:00,119.8101824025928,121.35530163243733,119.45062285819937,121.18038177490234,1208500,0.0,0.0
2022-02-01 00:00:00-05:00,120.96661223224369,122.10358773833697,119.64499701669551,121.29701232910156,1001000,0.0,0.0
2022-02-02 00:00:00-05:00,120.87913616823532,122.89071086239586,120.48071212683205,122.45341491699219,1613800,0.0,0.0
2022-02-03 00:00:00-05:00,121.88007315184711,122.09386493357457,120.00454626768108,120.23777770996094,1384000,0.0,0.0
2022-02-04 00:00:00-05:00,119.81990147768012,120.49042141562894,119.01332617223167,119.54779815673828,736800,0.0,0.0
2022-02-07 00:00:00-05:00,119.18824956409715,120.23776873383207,118.5954660004908,118.72179412841797,1004300,0.0,0.0
2022-02-08 00:00:00-05:00,118.5371859627751,119.21742588853046,118.32339415352081,118.45944213867188,1491200,0.0,0.0
2022-02-09 00:00:00-05:00,119.47005788249625,121.31642502322867,119.47005788249625,120.50013732910156,956800,0.0,0.0
2022-02-10 00:00:00-05:00,118.83840940471023,120.84998409895746,118.48856968274919,118.82868957519531,932100,0.0,0.0
2022-02-11 00:00:00-05:00,119.09108770123112,119.43120763545298,116.45756963354263,117.23499298095703,1409500,0.0,0.0
2022-02-14 00:00:00-05:00,116.82684674701653,117.21555841302823,115.17482401998141,116.03971099853516,2639100,0.0,0.0
2022-02-15 00:00:00-05:00,117.05035767956045,117.38076520958552,115.72874238757771,116.22434997558594,1562000,0.0,0.0
2022-02-16 00:00:00-05:00,115.82591094296045,116.77824667194261,114.9124397051525,116.14659118652344,1280100,0.0,0.0
2022-02-17 00:00:00-05:00,115.88421885443431,119.49922460368985,115.39833114435282,117.06006622314453,1811800,0.0,0.0
2022-02-18 00:00:00-05:00,117.0989435054054,118.8189828158717,116.88515171690553,117.58483123779297,2550100,0.0,0.0
2022-02-22 00:00:00-05:00,117.24470534135843,118.11930469795944,116.74909780360817,117.2058334350586,1777100,0.0,0.0
2022-02-23 00:00:00-05:00,117.73060124761008,118.0707211838465,115.00962692960172,115.32059478759766,1446600,0.0,0.0
2022-02-24 00:00:00-05:00,113.43533644432003,118.44969324368182,112.48299336787548,118.10957336425781,1797800,0.0,0.0
2022-02-25 00:00:00-05:00,117.9832428774261,120.63618529782978,117.79860319769982,120.50985717773438,1471700,0.0,0.0
2022-02-28 00:00:00-05:00,119.7907629516988,120.80141036416056,119.19798671600532,120.00455474853516,1107000,0.0,0.0
2022-03-01 00:00:00-05:00,120.41344151857564,122.62348443054837,120.2187267646006,122.4871826171875,1396200,0.23,0.0
2022-03-02 00:00:00-05:00,122.75006226154063,125.63187642816268,122.16591054052556,125.24244689941406,1096000,0.0,0.0
2022-03-03 00:00:00-05:00,125.98238265621148,127.84194079828622,125.56374661003842,127.3356704711914,892700,0.0,0.0
2022-03-04 00:00:00-05:00,126.58602210236245,131.5513161538805,126.44972026226084,131.26898193359375,1601400,0.0,0.0
2022-03-07 00:00:00-05:00,131.1910721823434,132.4956774238149,129.64306977541298,130.2174835205078,2048100,0.0,0.0
2022-03-08 00:00:00-05:00,128.82526989122837,130.20776412667078,125.70977402206685,125.74872589111328,2066200,0.0,0.0
2022-03-09 00:00:00-05:00,126.50812751723774,129.38021142590142,126.24525438895617,128.64028930664062,1104500,0.0,0.0
2022-03-10 00:00:00-05:00,127.65696789675332,130.19803544200738,127.65696789675332,130.14935302734375,1104800,0.0,0.0
2022-03-11 00:00:00-05:00,130.93793717055794,131.63892215641954,130.49007987456403,130.67506408691406,1105800,0.0,0.0
2022-03-14 00:00:00-04:00,131.3273815544586,131.69735002108686,130.29537989047967,131.083984375,1633000,0.0,0.0
2022-03-15 00:00:00-04:00,132.02836412634096,133.23561946173862,131.26896612923449,132.33990478515625,2005200,0.0,0.0
2022-03-16 00:00:00-04:00,132.83641005107287,134.17996686143346,130.42191486275917,132.0478057861328,1522800,0.0,0.0
2022-03-17 00:00:00-04:00,132.34965370778002,134.1800052653829,131.50263627053334,134.11184692382812,1268000,0.0,0.0
2022-03-18 00:00:00-04:00,133.25508139698087,134.73494038928317,132.12572978875104,134.45260620117188,1257900,0.0,0.0
2022-03-21 00:00:00-04:00,134.12159402932878,134.69602273866312,132.88514689151364,133.54718017578125,769900,0.0,0.0
2022-03-22 00:00:00-04:00,133.83925995829043,133.86846643523154,131.41501838167096,131.6876220703125,840300,0.0,0.0
2022-03-23 00:00:00-04:00,131.40526894438665,132.43727059666224,130.60691907403927,130.8600616455078,890500,0.0,0.0
2022-03-24 00:00:00-04:00,131.327374000769,131.3857869435537,129.49702256266724,130.2174835205078,1291000,0.0,0.0
2022-03-25 00:00:00-04:00,130.69456125489017,131.4831657781769,130.33432330964905,131.31765747070312,606500,0.0,0.0
2022-03-28 00:00:00-04:00,131.2690138760849,134.04373376529696,130.986664731306,133.73219299316406,714700,0.0,0.0
2022-03-29 00:00:00-04:00,134.46235345910134,135.2704339680128,133.29404983813754,134.67654418945312,897100,0.0,0.0
2022-03-30 00:00:00-04:00,134.61813125880968,136.09797557957233,134.3357821797604,136.00062561035156,638600,0.0,0.0
2022-03-31 00:00:00-04:00,136.06874314174007,137.4901890943921,136.0103302001953,136.0103302001953,1181900,0.0,0.0
2022-04-01 00:00:00-04:00,135.8838031142205,136.75029659769388,134.8809929300022,136.03956604003906,989900,0.0,0.0
2022-04-04 00:00:00-04:00,135.718303593384,137.13001955855196,135.24125448077012,136.7503204345703,983200,0.0,0.0
2022-04-05 00:00:00-04:00,136.8768264858077,138.9895121005892,136.54580990596926,136.86709594726562,714500,0.0,0.0
2022-04-06 00:00:00-04:00,136.30241488233025,138.43457646348648,136.07849364607173,138.00619506835938,1377600,0.0,0.0
2022-04-07 00:00:00-04:00,137.02287259186173,140.83933833507083,136.52633287033078,140.4888458251953,1660200,0.0,0.0
2022-04-08 00:00:00-04:00,140.71280086294846,141.77400918599812,139.99233973739285,141.06329345703125,1154700,0.0,0.0
2022-04-11 00:00:00-04:00,140.67386309144356,141.07302324318493,139.43740105007302,139.89498901367188,712700,0.0,0.0
2022-04-12 00:00:00-04:00,139.87546885165315,140.30385020177468,137.6264816192978,137.85040283203125,868000,0.0,0.0
2022-04-13 00:00:00-04:00,138.42485846035888,138.68773161498285,135.99088628439992,136.10772705078125,937000,0.0,0.0
2022-04-14 00:00:00-04:00,136.09796270494857,137.36363103138098,135.35804061456255,135.40672302246094,692400,0.0,0.0
2022-04-18 00:00:00-04:00,135.2120198569207,136.09797439129113,134.26763751458412,134.70574951171875,661600,0.0,0.0
2022-04-19 00:00:00-04:00,134.91021427405707,135.7961688384644,133.85873653181338,134.71548461914062,1122700,0.0,0.0
2022-04-20 00:00:00-04:00,135.630651711333,136.87684417180395,134.89072958036147,136.27322387695312,1240100,0.0,0.0
2022-04-21 00:00:00-04:00,137.37337559369058,138.346964322616,135.2801509130299,135.68905639648438,885500,0.0,0.0
2022-04-22 00:00:00-04:00,135.89353874026668,136.2245553967259,133.29405819256485,133.40115356445312,738900,0.0,0.0
2022-04-25 00:00:00-04:00,133.44009389959345,133.8587448567562,131.26899478548984,132.6514892578125,854000,0.0,0.0
2022-04-26 00:00:00-04:00,133.65427849903702,136.89633120946587,132.67095909126104,133.86846923828125,1322300,0.0,0.0
2022-04-27 00:00:00-04:00,134.21892651283608,137.1104858761011,133.9852598981034,136.25372314453125,980700,0.0,0.0
2022-04-28 00:00:00-04:00,136.60423260971473,138.35669529846814,135.86431052147887,137.67518615722656,798300,0.0,0.0
2022-04-29 00:00:00-04:00,137.42202388028582,137.5778016204638,134.05341566968943,134.32601928710938,1020000,0.0,0.0
2022-05-02 00:00:00-04:00,133.53743055507317,134.55970166810215,129.8572664327966,130.9866180419922,1235600,0.0,0.0
2022-05-03 00:00:00-04:00,130.9963447518635,131.96993331953877,129.92539138510767,130.4121856689453,1583100,0.0,0.0
2022-05-04 00:00:00-04:00,129.25362450612076,129.2925763715647,124.88222095231772,127.64720916748047,2420000,0.0,0.0
2022-05-05 00:00:00-04:00,126.52758636986351,127.16041304444491,122.61375587190966,124.03519439697266,1594700,0.0,0.0
2022-05-06 00:00:00-04:00,121.71805493374488,124.40516180188912,121.71805493374488,123.4023666381836,1300400,0.0,0.0
2022-05-09 00:00:00-04:00,122.88638434520256,123.30502784274134,119.35225210870966,119.67353820800781,1239000,0.0,0.0
2022-05-10 00:00:00-04:00,120.79315292680442,121.99067032794908,118.16446633799863,120.1019058227539,1466300,0.0,0.0
2022-05-11 00:00:00-04:00,120.09217065102887,122.17564997874588,119.25488373302377,119.43013000488281,997600,0.0,0.0
2022-05-12 00:00:00-04:00,119.1867284256009,120.92945311267458,118.1060443602765,119.54695892333984,1025700,0.0,0.0
2022-05-13 00:00:00-04:00,120.76395223794769,122.88637605921359,119.95587177404026,122.60403442382812,1429900,0.0,0.0
2022-05-16 00:00:00-04:00,122.64297469474994,124.64856512105484,122.428783983612,123.50946807861328,2140200,0.0,0.0
2022-05-17 00:00:00-04:00,123.88985837301053,124.68965091546474,122.72918845787085,124.23123931884766,912000,0.23,0.0
2022-05-18 00:00:00-04:00,123.49970911265801,124.37752448154126,119.78359378942586,120.31028747558594,1187000,0.0,0.0
2022-05-19 00:00:00-04:00,119.9786749443199,121.11984092724444,118.67169260448584,119.32518005371094,1467700,0.0,0.0
2022-05-20 00:00:00-04:00,119.97866902542994,121.57825394174125,119.0813349122393,121.50997924804688,706100,0.0,0.0
2022-05-23 00:00:00-04:00,121.90986722681266,123.27536849134789,121.11007479837369,122.75843048095703,877300,0.0,0.0
2022-05-24 00:00:00-04:00,122.93400806308958,123.90936514949169,122.329283990622,123.43144226074219,934800,0.0,0.0
2022-05-25 00:00:00-04:00,123.11934052258769,123.36317981841351,121.3636946160878,122.08545684814453,1479000,0.0,0.0
2022-05-26 00:00:00-04:00,122.96325986615051,123.88984606351329,122.2317420972693,123.23635864257812,554800,0.0,0.0
2022-05-27 00:00:00-04:00,123.59725268488187,125.40166926981034,123.59725268488187,125.32363891601562,701500,0.0,0.0
2022-05-31 00:00:00-04:00,125.26507802655203,125.9380766607532,124.10440838956038,124.39701843261719,1764100,0.0,0.0
2022-06-01 00:00:00-04:00,124.80669033914069,125.24560548742251,123.94837879262273,124.27024841308594,785000,0.0,0.0
2022-06-02 00:00:00-04:00,124.33851488859064,127.23531895705285,123.66551617055845,127.03050231933594,738300,0.0,0.0
2022-06-03 00:00:00-04:00,126.79642347037023,126.99149191454022,125.55771578159995,125.97712707519531,547500,0.0,0.0
2022-06-06 00:00:00-04:00,126.32825687911954,127.3426217236942,125.56747952499643,125.85032653808594,685000,0.0,0.0
2022-06-07 00:00:00-04:00,125.78204400301853,127.74250619549976,125.42115179636782,127.70348358154297,523200,0.0,0.0
2022-06-08 00:00:00-04:00,126.7964317688639,127.00126332244747,125.09930493969908,125.55772399902344,824000,0.0,0.0
2022-06-09 00:00:00-04:00,125.333380016621,125.66499783935333,121.29540245419776,121.49047088623047,688900,0.0,0.0
2022-06-10 00:00:00-04:00,120.24202051304485,121.67579662177458,118.48638222100799,120.50537109375,890000,0.0,0.0
2022-06-13 00:00:00-04:00,118.46688102787859,119.17889503650424,116.2820830496954,116.51616668701172,760200,0.0,0.0
2022-06-14 00:00:00-04:00,116.5649222674834,116.75999069948803,114.03874365713641,114.46790313720703,963200,0.0,0.0
2022-06-15 00:00:00-04:00,115.24819866849865,116.72098253375486,113.20969845713762,115.27745819091797,881100,0.0,0.0
2022-06-16 00:00:00-04:00,113.28772350365762,113.77540203148965,111.7661614366807,112.16606140136719,895100,0.0,0.0
2022-06-17 00:00:00-04:00,112.53668681126575,112.89757157641232,110.70301834922503,111.97098541259766,997100,0.0,0.0
2022-06-21 00:00:00-04:00,113.72663499570257,114.74100726039539,112.56596512088714,114.3606185913086,828900,0.0,0.0
2022-06-22 00:00:00-04:00,113.09264995733221,116.12601105824349,112.75127646909448,115.49203491210938,730100,0.0,0.0
2022-06-23 00:00:00-04:00,115.72611844814007,117.90116055842394,114.92632594421862,117.540283203125,997900,0.0,0.0
2022-06-24 00:00:00-04:00,118.48638527468188,119.71532987836528,118.21327903247912,119.70558166503906,793100,0.0,0.0
2022-06-27 00:00:00-04:00,119.17889087185739,120.81749115858088,118.8570212309296,120.07621765136719,647300,0.0,0.0
2022-06-28 00:00:00-04:00,120.39806656011946,121.3831717404042,118.43759697005501,118.62291717529297,625700,0.0,0.0
2022-06-29 00:00:00-04:00,119.14962604540804,121.69530121190796,118.3790930490194,121.54900360107422,1007700,0.0,0.0
2022-06-30 00:00:00-04:00,120.81746436897856,121.95863017953813,120.09569489032515,120.90524291992188,1642100,0.0,0.0
2022-07-01 00:00:00-04:00,120.68092121846298,122.49507833728433,120.65165425858996,122.23173522949219,550400,0.0,0.0
2022-07-05 00:00:00-04:00,121.090584576771,121.9098809629762,119.72508315837827,121.54900360107422,1240000,0.0,0.0
2022-07-06 00:00:00-04:00,121.86110914079563,123.97763210008713,121.84159783311188,123.13882446289062,1012000,0.0,0.0
2022-07-07 00:00:00-04:00,122.93399497488944,123.42167346616968,122.37804179248529,122.95349884033203,932900,0.0,0.0
2022-07-08 00:00:00-04:00,122.82671666672742,123.06080028097664,121.84160393807709,122.41706848144531,480900,0.0,0.0
2022-07-11 00:00:00-04:00,122.45607066523274,123.21684791186489,121.58800355649781,122.03666687011719,479300,0.0,0.0
2022-07-12 00:00:00-04:00,121.64654017559357,122.15372259952584,119.10085751845813,119.41297149658203,1120000,0.0,0.0
2022-07-13 00:00:00-04:00,118.34981322538269,120.83697651867391,118.2132638425195,120.095703125,655200,0.0,0.0
2022-07-14 00:00:00-04:00,119.37393895325424,121.70504151605348,118.97404646510608,121.15884399414062,768400,0.0,0.0
2022-07-15 00:00:00-04:00,122.1829690051679,122.72917398928445,120.84673466792673,121.37342834472656,806900,0.0,0.0
2022-07-18 00:00:00-04:00,121.58802195224344,121.67580052103544,119.47149134985234,119.77385711669922,537800,0.0,0.0
2022-07-19 00:00:00-04:00,121.08082436933408,122.33903586488103,120.32004705606937,122.21224212646484,590100,0.0,0.0
2022-07-20 00:00:00-04:00,122.2414962040315,122.9827621759869,121.59775700369903,122.12445068359375,531400,0.0,0.0
2022-07-21 00:00:00-04:00,122.31954458235786,124.74818181872975,122.01717880366719,124.44581604003906,673300,0.0,0.0
2022-07-22 00:00:00-04:00,124.22147371861473,125.19683076261052,122.59262924107384,123.1485824584961,604500,0.0,0.0
2022-07-25 00:00:00-04:00,123.06079332600856,124.27024138760756,123.06079332600856,124.24097442626953,670400,0.0,0.0
2022-07-26 00:00:00-04:00,123.7240371551656,124.12393710735144,122.50484087369692,123.23635864257812,970700,0.0,0.0
2022-07-27 00:00:00-04:00,123.79232106618409,125.61623407657454,123.47045143797962,125.0310287475586,993900,0.0,0.0
2022-07-28 00:00:00-04:00,125.0797978382604,128.025365517014,124.59211185476605,127.72300720214844,563200,0.0,0.0
2022-07-29 00:00:00-04:00,128.38624710391613,130.22967124480016,127.93757633399107,130.08335876464844,1086900,0.0,0.0
2022-08-01 00:00:00-04:00,129.4786528203301,129.72249209117817,128.5130439499752,128.8934326171875,837000,0.0,0.0
2022-08-02 00:00:00-04:00,128.41549422194282,129.56640823093528,127.8790449453932,127.91805267333984,774900,0.0,0.0
2022-08-03 00:00:00-04:00,131.03921041852536,133.29228256139982,128.99095489803994,132.38519287109375,1186900,0.0,0.0
2022-08-04 00:00:00-04:00,132.46322951675955,137.39853347086697,132.46322951675955,135.8574676513672,1742600,0.0,0.0
2022-08-05 00:00:00-04:00,134.87237174904774,135.2430121907138,133.43859569422824,134.921142578125,789600,0.0,0.0
2022-08-08 00:00:00-04:00,135.75992597134683,137.0083815821865,135.2527362285792,136.0525360107422,795000,0.0,0.0
2022-08-09 00:00:00-04:00,136.38417801059109,137.54485528067994,135.67217153166715,136.28663635253906,823800,0.0,0.0
2022-08-10 00:00:00-04:00,137.54487152688174,137.74968819710858,135.7794774400985,136.5500030517578,834500,0.0,0.0
2022-08-11 00:00:00-04:00,136.7255688066534,137.11572062674318,135.389334169425,135.54539489746094,515300,0.0,0.0
2022-08-12 00:00:00-04:00,135.57460670567525,138.17880779675176,135.23322584359815,138.07151794433594,464400,0.0,0.0
2022-08-15 00:00:00-04:00,137.67164997874434,138.64700708771954,137.34003213355717,138.20809936523438,378300,0.0,0.0
2022-08-16 00:00:00-04:00,137.89598020104953,140.52944117755965,137.3107600361508,140.16856384277344,883100,0.0,0.0
2022-08-17 00:00:00-04:00,139.9829240213344,141.1259340599449,139.6312320648288,140.598388671875,648400,0.23,0.0
2022-08-18 00:00:00-04:00,140.8133249206762,140.95985703786232,138.83994127169845,139.1037139892578,486700,0.0,0.0
2022-08-19 00:00:00-04:00,139.2600474638107,139.49449888937664,138.29289061347095,138.59573364257812,562900,0.0,0.0
2022-08-22 00:00:00-04:00,137.50157389949376,138.86925677136793,137.50157389949376,138.29287719726562,546500,0.0,0.0
2022-08-23 00:00:00-04:00,137.71649911240607,138.175652990063,137.0033512434045,137.6774139404297,339100,0.0,0.0
2022-08-24 00:00:00-04:00,137.7262634321282,138.71296278852716,137.5113397053854,138.14634704589844,424600,0.0,0.0
2022-08-25 00:00:00-04:00,138.7617858403244,139.2795674365055,137.61879060639959,139.1037139892578,501000,0.0,0.0
2022-08-26 00:00:00-04:00,139.50426319285225,139.50426319285225,136.2999648511119,136.4171905517578,539600,0.0,0.0
2022-08-29 00:00:00-04:00,135.54773788089128,138.0877374903187,135.40120574853526,137.5406494140625,682200,0.0,0.0
2022-08-30 00:00:00-04:00,137.7360201091792,137.93140121856,135.71378761519887,136.2413330078125,842500,0.0,0.0
2022-08-31 00:00:00-04:00,136.73957958815348,137.198733469445,135.92873368941792,135.96780395507812,1164400,0.0,0.0
2022-09-01 00:00:00-04:00,134.17027383753023,136.29018978567132,134.1507461579787,136.2022705078125,1474800,0.0,0.0
2022-09-02 00:00:00-04:00,137.2573338537208,138.80087007304155,136.6614117368098,137.30618286132812,1457700,0.0,0.0
2022-09-06 00:00:00-04:00,137.38434440203218,139.10371923725546,137.38434440203218,138.03887939453125,1125200,0.0,0.0
2022-09-07 00:00:00-04:00,137.99978842977598,141.58508497902375,137.73603061996465,141.12594604492188,898300,0.0,0.0
2022-09-08 00:00:00-04:00,141.3212955714893,142.64990778887747,140.8035289999047,142.21029663085938,1069800,0.0,0.0
2022-09-09 00:00:00-04:00,142.54246719882138,143.78314544418282,142.21031782163595,143.02114868164062,1079700,0.0,0.0
2022-09-12 00:00:00-04:00,143.59757452375393,144.77964018570648,142.92349687698487,144.58425903320312,1118500,0.0,0.0
2022-09-13 00:00:00-04:00,143.07978794978746,144.12508516958567,142.50339350576854,142.84532165527344,1809600,0.0,0.0
2022-09-14 00:00:00-04:00,142.63042457884367,144.29118681521712,142.5229627037863,143.2947235107422,1338100,0.0,0.0
2022-09-15 00:00:00-04:00,142.96256437518628,143.67572718261562,141.95633729799272,142.46434020996094,1002100,0.0,0.0
2022-09-16 00:00:00-04:00,140.86217900852307,141.90747626427077,140.86217900852307,141.46786499023438,1340000,0.0,0.0
2022-09-19 00:00:00-04:00,140.813358637628,142.42527193913617,140.65704773745216,142.31781005859375,649200,0.0,0.0
2022-09-20 00:00:00-04:00,142.45461016758793,142.58159974573903,139.58246038946402,140.68637084960938,1148600,0.0,0.0
2022-09-21 00:00:00-04:00,141.2724576023591,142.15167998702708,139.38699350611398,139.46514892578125,1030400,0.0,0.0
2022-09-22 00:00:00-04:00,139.19162284620975,139.19162284620975,136.88608996634466,137.8043975830078,901200,0.0,0.0
2022-09-23 00:00:00-04:00,137.05219837539997,137.25735828121296,135.4891342001594,136.495361328125,847700,0.0,0.0
2022-09-26 00:00:00-04:00,136.3488040571079,137.27687556927617,135.2741855230452,136.21202087402344,783200,0.0,0.0
2022-09-27 00:00:00-04:00,137.33547377836447,137.33547377836447,133.8967097424865,134.5023956298828,1100000,0.0,0.0
2022-09-28 00:00:00-04:00,135.2448847016747,136.48557798663984,133.78926770099508,135.85057067871094,1963600,0.0,0.0
2022-09-29 00:00:00-04:00,135.24490871103836,135.55751559426642,132.98822420204348,133.86744689941406,805300,0.0,0.0
2022-09-30 00:00:00-04:00,134.29728223518197,134.36565892887344,131.72797616919945,132.01129150390625,1255000,0.0,0.0
2022-10-03 00:00:00-04:00,133.08589838371083,135.77243021982113,132.80259794900027,134.8345947265625,1191700,0.0,0.0
2022-10-04 00:00:00-04:00,135.54774622966087,140.06111506372793,135.54774622966087,139.3772735595703,1286800,0.0,0.0
2022-10-05 00:00:00-04:00,138.43941100990583,139.49447203509476,138.06817644872433,138.53709411621094,1258500,0.0,0.0
2022-10-06 00:00:00-04:00,137.70672241493924,137.93140995963503,127.76166381634424,131.61073303222656,5887300,0.0,0.0
2022-10-07 00:00:00-04:00,130.409116333247,131.4055644602147,126.69681563917928,126.97035217285156,1853700,0.0,0.0
2022-10-10 00:00:00-04:00,127.20484094015588,127.61514581321565,125.16306550808068,126.18883514404297,843200,0.0,0.0
2022-10-11 00:00:00-04:00,125.7687552582521,127.86912844945905,125.1825969735958,126.48190307617188,1091400,0.0,0.0
2022-10-12 00:00:00-04:00,126.63820116380039,126.63820116380039,124.42058759541032,124.43035888671875,717700,0.0,0.0
2022-10-13 00:00:00-04:00,121.90990673751041,126.60889928156472,121.41167520928185,125.81758117675781,1067000,0.0,0.0
2022-10-14 00:00:00-04:00,126.69682994083513,127.41974161573349,121.36284457218586,121.66568756103516,933400,0.0,0.0
2022-10-17 00:00:00-04:00,123.08221194327442,126.19858327597748,122.78914026470153,125.1728286743164,1291300,0.0,0.0
2022-10-18 00:00:00-04:00,127.16573157333009,127.88865806353681,126.07158545333971,127.46857452392578,1562300,0.0,0.0
2022-10-19 00:00:00-04:00,126.687053290548,129.12935473344066,126.4232954674856,129.0805206298828,834900,0.0,0.0
2022-10-20 00:00:00-04:00,129.3833367507066,129.3833367507066,126.37442020922252,126.68702697753906,873200,0.0,0.0
2022-10-21 00:00:00-04:00,126.5893825487282,128.01567838306323,125.74923017399777,127.62491607666016,747100,0.0,0.0
2022-10-24 00:00:00-04:00,128.81675157436135,129.36382472811314,127.04852766433304,128.8656005859375,1168900,0.0,0.0
2022-10-25 00:00:00-04:00,129.51036250380642,129.97928018683731,128.2989756738002,129.52012634277344,865000,0.0,0.0
2022-10-26 00:00:00-04:00,129.68618349360816,131.4934922017424,128.47479682754746,129.11956787109375,891500,0.0,0.0
2022-10-27 00:00:00-04:00,129.529888733274,131.85496435111872,129.529888733274,130.4481964111328,1384600,0.0,0.0
2022-10-28 00:00:00-04:00,130.31143164376496,130.74127907107405,128.75813154595457,129.7643585205078,1279000,0.0,0.0
2022-10-31 00:00:00-04:00,129.14890100247845,130.9952803497035,128.7385961371646,128.8656005859375,1227400,0.0,0.0
2022-11-01 00:00:00-04:00,129.8815810524091,130.73151204720128,127.56628417408997,127.87889099121094,891800,0.0,0.0
2022-11-02 00:00:00-04:00,127.5760592857762,130.2625909717725,126.55028966070705,126.96060943603516,1384200,0.0,0.0
2022-11-03 00:00:00-04:00,129.10006036625887,135.57704916786375,128.67999163402803,135.3035125732422,2446900,0.0,0.0
2022-11-04 00:00:00-04:00,137.3354985817654,137.51133713310637,132.96866234396168,133.30081176757812,1891800,0.0,0.0
2022-11-07 00:00:00-05:00,133.7697122107409,137.0228591502588,133.36918614884473,136.17294311523438,1642500,0.0,0.0
2022-11-08 00:00:00-05:00,135.45005468925348,136.33905614057818,134.08237161539049,136.1339111328125,1508800,0.0,0.0
2022-11-09 00:00:00-05:00,135.78218749627754,136.75910800947918,134.31680672647514,134.49264526367188,1163400,0.0,0.0
2022-11-10 00:00:00-05:00,137.63833552793704,138.05841911537732,133.72088949352658,136.38787841796875,1516300,0.0,0.0
2022-11-11 00:00:00-05:00,136.5735095126469,137.21828071763824,131.0929840834726,133.10543823242188,1460000,0.0,0.0
2022-11-14 00:00:00-05:00,133.30080539915346,134.13119382514813,131.84520332717688,132.0210418701172,944300,0.0,0.0
2022-11-15 00:00:00-05:00,133.36687142592803,134.1596857487249,131.38977157322952,133.22006225585938,924200,0.255,0.0
2022-11-16 00:00:00-05:00,133.31792372179024,136.1465611140087,133.31792372179024,135.45162963867188,708100,0.0,0.0
2022-11-17 00:00:00-05:00,135.13844357885802,136.5478563137718,134.67842163291263,135.82357788085938,884900,0.0,0.0
2022-11-18 00:00:00-05:00,136.53805609553265,137.57554717880436,136.3129437690204,137.2231903076172,827200,0.0,0.0
2022-11-21 00:00:00-05:00,137.72239303537373,138.89691114681926,137.193850177598,137.63429260253906,740700,0.0,0.0
2022-11-22 00:00:00-05:00,138.01597910213644,139.4841301319783,137.73214314101438,138.7989959716797,909200,0.0,0.0
2022-11-23 00:00:00-05:00,138.7011366180505,139.65052726830066,138.50537118767596,138.96539306640625,786600,0.0,0.0
2022-11-25 00:00:00-05:00,138.9849632719,140.1496988043811,138.8087923181488,139.15135192871094,470300,0.0,0.0
2022-11-28 00:00:00-05:00,138.54450825008914,141.01100592009317,138.54450825008914,139.1317596435547,811500,0.0,0.0
2022-11-29 00:00:00-05:00,138.94585735115885,139.39608209106646,137.11555175340456,137.83006286621094,699200,0.0,0.0
2022-11-30 00:00:00-05:00,138.07471985996386,141.5884911289574,137.81044848869107,141.431884765625,1551700,0.0,0.0
2022-12-01 00:00:00-05:00,141.90169921431283,142.8902638866045,140.53143077276766,140.89356994628906,779800,0.0,0.0
2022-12-02 00:00:00-05:00,139.91479119352877,143.01748193407101,139.73862023734878,142.36170959472656,553300,0.0,0.0
2022-12-05 00:00:00-05:00,142.26383256453423,142.26383256453423,139.46455749827965,140.01266479492188,714400,0.0,0.0
2022-12-06 00:00:00-05:00,139.94414522358767,140.59013522987038,137.32105601233624,137.92788696289062,687100,0.0,0.0
2022-12-07 00:00:00-05:00,138.21176486518323,139.72884253815428,137.06659375071112,137.3798065185547,607300,0.0,0.0
2022-12-08 00:00:00-05:00,137.46786991632644,138.38791360549706,137.17423672736496,137.54617309570312,538300,0.0,0.0
2022-12-09 00:00:00-05:00,137.54617337103693,138.13343975013547,136.65549150549907,136.9687042236328,599300,0.0,0.0
2022-12-12 00:00:00-05:00,137.65383951478358,137.90831364926908,136.11718254129067,137.53639221191406,758600,0.0,0.0
2022-12-13 00:00:00-05:00,139.53307418379262,139.97351651429807,137.58533667149402,137.74192810058594,1137500,0.0,0.0
2022-12-14 00:00:00-05:00,138.3781531237257,139.31776155476499,136.93936371231544,137.49725341796875,900700,0.0,0.0
2022-12-15 00:00:00-05:00,136.35206325022344,136.52824912137564,132.90679834741,134.4141082763672,1066400,0.0,0.0
2022-12-16 00:00:00-05:00,133.3766486957517,133.80730877656725,131.5659228836335,131.64422607421875,1109000,0.0,0.0
2022-12-19 00:00:00-05:00,131.74207980489726,132.60338484218246,130.11732256111344,130.47946166992188,1058100,0.0,0.0
2022-12-20 00:00:00-05:00,130.3816173155446,130.97866605161997,129.36369081397058,129.84329223632812,1013400,0.0,0.0
2022-12-21 00:00:00-05:00,130.79269709300735,132.1531832300032,129.78456782993592,131.11569213867188,594300,0.0,0.0
2022-12-22 00:00:00-05:00,130.51866452943378,131.01783062544357,128.64921484203498,129.34413146972656,659300,0.0,0.0
2022-12-23 00:00:00-05:00,129.19728629914687,130.63607545498988,128.27724262835702,130.53819274902344,472700,0.0,0.0
2022-12-27 00:00:00-05:00,130.90035719486505,131.77145958175817,130.19564347346778,131.03738403320312,344900,0.0,0.0
2022-12-28 00:00:00-05:00,131.45824797251922,131.7323016515445,129.62795770157052,129.6475372314453,539500,0.0,0.0
2022-12-29 00:00:00-05:00,130.4501348428514,131.08632776166908,130.02927197482282,130.6752471923828,336800,0.0,0.0
2022-12-30 00:00:00-05:00,130.26415264350265,130.33267353176717,128.60025101263108,129.7454071044922,521900,0.0,0.0
2023-01-03 00:00:00-05:00,129.69648477082868,130.7535555340957,127.69002320873543,128.91348266601562,501000,0.0,0.0
2023-01-04 00:00:00-05:00,130.04882412285144,130.56756966787322,128.69813522015602,129.6181640625,641600,0.0,0.0
2023-01-05 00:00:00-05:00,128.79599505124224,128.87429823327253,125.34094741873237,125.8792724609375,841000,0.0,0.0
2023-01-06 00:00:00-05:00,126.29035743904092,130.1467034155064,125.71288825276757,129.99009704589844,1185300,0.0,0.0
2023-01-09 00:00:00-05:00,130.85140599151546,131.399513303623,129.34409594841563,129.3832550048828,1050000,0.0,0.0
2023-01-10 00:00:00-05:00,129.001542519728,129.1679311806665,126.25120859604127,128.41427612304688,836900,0.0,0.0
2023-01-11 00:00:00-05:00,129.3049744907291,130.29352428513405,127.67043456462667,129.44200134277344,1116100,0.0,0.0
2023-01-12 00:00:00-05:00,129.5496542965518,129.6573193084719,124.64602750763744,125.2724380493164,1522200,0.0,0.0
2023-01-13 00:00:00-05:00,125.30179831229333,127.96404665623476,124.36217510010046,127.81722259521484,1753900,0.0,0.0
2023-01-17 00:00:00-05:00,128.61984168471142,130.22501979886763,128.61984168471142,128.854736328125,1252900,0.0,0.0
2023-01-18 00:00:00-05:00,128.91344801064074,129.7160294327612,125.48776245117188,125.48776245117188,984400,0.0,0.0
2023-01-19 00:00:00-05:00,125.4682027882146,126.28058157025697,124.6362444752731,124.64603424072266,848200,0.0,0.0
2023-01-20 00:00:00-05:00,124.3523888159323,126.33928524596352,123.15829151165295,125.88904571533203,1082600,0.0,0.0
2023-01-23 00:00:00-05:00,125.88908734294097,127.06362044260337,125.48780396652536,126.43719482421875,593200,0.0,0.0
2023-01-24 00:00:00-05:00,127.2201686464807,137.80064070123524,125.85968270570363,126.93633270263672,767700,0.0,0.0
2023-01-25 00:00:00-05:00,126.2316541591266,128.92326496514303,125.86951493891017,128.91348266601562,1018200,0.0,0.0
2023-01-26 00:00:00-05:00,129.58880821607372,129.58880821607372,127.13210722087526,127.96406555175781,1037100,0.0,0.0
2023-01-27 00:00:00-05:00,127.82701437950584,128.7372607928613,126.76014668018763,128.49256896972656,878800,0.0,0.0
2023-01-30 00:00:00-05:00,128.49259006908122,129.59860207040202,128.18917454813985,128.21853637695312,801500,0.0,0.0
2023-01-31 00:00:00-05:00,128.46322574260017,130.08798326777426,127.76829429298279,130.07818603515625,926400,0.0,0.0
2023-02-01 00:00:00-05:00,128.99172326163753,131.31141169110305,128.00317376199004,130.19561767578125,1262400,0.0,0.0
2023-02-02 00:00:00-05:00,130.5871325848332,130.64585623380918,128.67853931909448,129.1679229736328,1489400,0.0,0.0
2023-02-03 00:00:00-05:00,128.7568392143251,129.75518602588318,127.84657787398592,129.42239379882812,783700,0.0,0.0
2023-02-06 00:00:00-05:00,128.89386680523947,130.33265591627432,128.89386680523947,130.10752868652344,689200,0.0,0.0
2023-02-07 00:00:00-05:00,129.6670904312168,130.6458577516649,128.29682215651113,130.53819274902344,789700,0.0,0.0
2023-02-08 00:00:00-05:00,130.22501260158734,130.87100270488597,129.73562887511372,130.63609313964844,597500,0.0,0.0
2023-02-09 00:00:00-05:00,131.3505769794624,131.59526881993636,129.8628464076354,130.84161376953125,871100,0.0,0.0
2023-02-10 00:00:00-05:00,131.25269535226207,132.9851026469269,130.83181766496617,132.44679260253906,1182800,0.0,0.0
2023-02-13 00:00:00-05:00,132.80897167006736,133.34729681123537,131.58551222868905,131.80084228515625,769900,0.0,0.0
2023-02-14 00:00:00-05:00,131.56588418292478,132.04548548363,130.65563786288672,131.8203582763672,871300,0.0,0.0
2023-02-15 00:00:00-05:00,131.20380237255705,132.8481248045039,130.85144543216722,132.65237426757812,937500,0.0,0.0
2023-02-16 00:00:00-05:00,132.73067648811409,135.30484008734422,130.56759349383177,133.46475219726562,1603200,0.0,0.0
2023-02-17 00:00:00-05:00,133.75838743745896,135.8235877270074,132.5838692724836,133.22006225585938,1142500,0.0,0.0
2023-02-21 00:00:00-05:00,132.74043365329285,133.8268660945134,131.38974475987686,132.38807678222656,1067500,0.0,0.0
2023-02-22 00:00:00-05:00,132.9655619135538,134.95245861024858,132.5642636811677,133.07322692871094,1315100,0.0,0.0
2023-02-23 00:00:00-05:00,133.2983381671689,133.4647268374505,130.9982287416176,131.9280548095703,787500,0.0,0.0
2023-02-24 00:00:00-05:00,131.21356833985857,131.80083481234652,130.3033217357897,131.28208923339844,754000,0.0,0.0
2023-02-27 00:00:00-05:00,131.9965627219903,133.5527991923467,131.61484406068018,133.06341552734375,1411800,0.0,0.0
2023-02-28 00:00:00-05:00,132.27403514045915,133.40172684305517,130.76390742922993,131.32284545898438,1245100,0.255,0.0
2023-03-01 00:00:00-05:00,130.6854714922977,132.5388177325469,130.62663747877744,130.8521728515625,896200,0.0,0.0
2023-03-02 00:00:00-05:00,130.81293621612534,131.56800761333798,130.46973282675359,131.09732055664062,698100,0.0,0.0
2023-03-03 00:00:00-05:00,130.94043394805433,131.64647209037335,129.42049030937108,131.53860473632812,834500,0.0,0.0
2023-03-06 00:00:00-05:00,131.02864564067198,133.68609604009555,130.92077831900826,132.7741241455078,1024100,0.0,0.0
2023-03-07 00:00:00-05:00,132.85257648669563,133.07812677542896,130.47951033688528,130.67562866210938,666600,0.0,0.0
2023-03-08 00:00:00-05:00,130.7639017630764,131.10710511023092,130.0186311385365,130.62661743164062,758600,0.0,0.0
2023-03-09 00:00:00-05:00,131.04827262024813,132.24461393495875,129.63619664466378,129.81271362304688,954700,0.0,0.0
2023-03-10 00:00:00-05:00,130.10689748776352,130.43049951349414,128.12608260958942,128.4987030029297,960700,0.0,0.0
2023-03-13 00:00:00-04:00,128.16529141483406,131.32284615426502,128.16529141483406,130.0382537841797,797800,0.0,0.0
2023-03-14 00:00:00-04:00,130.9207812764299,132.77412714479541,130.5383453024138,132.36227416992188,675700,0.0,0.0
2023-03-15 00:00:00-04:00,131.40130289545255,132.49957765392256,130.028459447365,132.42112731933594,1073900,0.0,0.0
2023-03-16 00:00:00-04:00,132.29365568262966,133.97048478823794,131.70528566772123,133.4409637451172,738100,0.0,0.0
2023-03-17 00:00:00-04:00,133.30366319740318,133.33308019828524,131.57778601035415,131.75430297851562,1112400,0.0,0.0
2023-03-20 00:00:00-04:00,132.2152029491765,134.44118434428907,132.0583022863336,132.87220764160156,813100,0.0,0.0
2023-03-21 00:00:00-04:00,133.3625268728295,133.49981122844838,130.27362138996813,130.7443084716797,1085200,0.0,0.0
2023-03-22 00:00:00-04:00,130.70504682960126,131.5581847443894,129.57735522734365,129.6263885498047,681100,0.0,0.0
2023-03-23 00:00:00-04:00,129.5185394275712,130.96983320658777,128.331998693887,128.6065673828125,612500,0.0,0.0
2023-03-24 00:00:00-04:00,128.4693019680062,131.37190491660252,128.26338290240602,131.0286865234375,693000,0.0,0.0
2023-03-27 00:00:00-04:00,131.4013210258343,132.76436398124406,130.79334955249098,130.8619842529297,785800,0.0,0.0
2023-03-28 00:00:00-04:00,130.62663181330075,132.3034609773903,130.58739916407401,132.2152099609375,457500,0.0,0.0
2023-03-29 00:00:00-04:00,132.86241389221672,133.78417166804442,132.48977853924345,133.43116760253906,667800,0.0,0.0
2023-03-30 00:00:00-04:00,134.02931369117502,135.85324271246154,133.78416202144763,135.3433380126953,1031900,0.0,0.0
2023-03-31 00:00:00-04:00,136.07878560085106,137.06919290590466,135.63751561198043,136.3729705810547,826100,0.0,0.0
2023-04-03 00:00:00-04:00,136.41219854020866,137.32415558839352,136.01996184563103,136.7554168701172,580500,0.0,0.0
2023-04-04 00:00:00-04:00,137.06920618261555,137.06920618261555,134.98050908001227,135.73558044433594,771300,0.0,0.0
2023-04-05 00:00:00-04:00,135.88264377722558,136.70634960909945,133.99986621456088,134.43133544921875,853400,0.0,0.0
2023-04-06 00:00:00-04:00,134.1568202839347,135.57869721887337,134.06856925883375,135.15704345703125,490000,0.0,0.0
2023-04-10 00:00:00-04:00,134.48043181146795,135.72580678392728,133.78419431770354,135.60812377929688,508900,0.0,0.0
2023-04-11 00:00:00-04:00,135.47080104603413,138.44203796195774,135.25506638865812,137.31434631347656,930100,0.0,0.0
2023-04-12 00:00:00-04:00,137.9615593551882,140.4130761111966,137.39280567224975,139.6580047607422,886000,0.0,0.0
2023-04-13 00:00:00-04:00,140.0992682108628,141.27600816883145,139.47168054928557,141.1583251953125,677500,0.0,0.0
2023-04-14 00:00:00-04:00,140.8543501523007,141.33485283681725,140.07967741896917,140.3248291015625,778400,0.0,0.0
2023-04-17 00:00:00-04:00,140.91318229597204,141.53096931604472,140.35424424775425,141.1387176513672,559300,0.0,0.0
2023-04-18 00:00:00-04:00,141.47213362900212,141.78591999415113,139.5403372216334,140.1973419189453,840600,0.0,0.0
2023-04-19 00:00:00-04:00,140.31500993551734,141.19756494842014,139.97180656622533,140.1973419189453,625100,0.0,0.0
2023-04-20 00:00:00-04:00,140.19734266286483,141.58000171640631,139.4128543015233,140.97201538085938,594700,0.0,0.0
2023-04-21 00:00:00-04:00,141.33485154298143,142.43312628282663,141.22698420511298,142.28604125976562,1241500,0.0,0.0
2023-04-24 00:00:00-04:00,141.46229319263497,142.00162977884926,139.16767749441595,139.3736114501953,1869200,0.0,0.0
2023-04-25 00:00:00-04:00,139.501096906969,139.9521825504874,138.44203992741578,138.55972290039062,1269100,0.0,0.0
2023-04-26 00:00:00-04:00,137.94191078950718,138.20667872687406,137.05937094877407,137.50064086914062,1121200,0.0,0.0
2023-04-27 00:00:00-04:00,135.61792764575858,136.56911746833856,129.78331999707177,134.2843017578125,2859400,0.0,0.0
2023-04-28 00:00:00-04:00,134.2548515756015,136.82403604845354,133.235012344712,136.45140075683594,1959000,0.0,0.0
2023-05-01 00:00:00-04:00,136.9417040509142,136.9417040509142,135.02952419658277,136.45140075683594,1326400,0.0,0.0
2023-05-02 00:00:00-04:00,136.39259144441658,136.7063927916059,134.48041124395596,136.36317443847656,1135800,0.0,0.0
2023-05-03 00:00:00-04:00,136.82405041781865,137.7556237818281,135.63752470074607,136.2847137451172,688200,0.0,0.0
2023-05-04 00:00:00-04:00,136.13761566693503,137.67716024364478,136.02974834274244,136.6181182861328,676500,0.0,0.0
2023-05-05 00:00:00-04:00,136.73582329346354,138.19691794226847,136.64757226693303,138.0890655517578,561300,0.0,0.0
2023-05-08 00:00:00-04:00,137.96157593336116,140.27580862763804,137.94195960735206,139.14810180664062,686900,0.0,0.0
2023-05-09 00:00:00-04:00,139.38877977142198,140.99986945168345,139.32983984247969,140.24343872070312,986900,0.255,0.0
2023-05-10 00:00:00-04:00,140.81322541805514,142.3850269101768,140.5283440798857,142.31625366210938,702900,0.0,0.0
2023-05-11 00:00:00-04:00,142.31622707713967,142.92530791120947,140.08625342613612,141.0587921142578,694800,0.0,0.0
2023-05-12 00:00:00-04:00,141.0489979095834,142.47343455753781,141.00969462850605,141.35353088378906,508700,0.0,0.0
2023-05-15 00:00:00-04:00,141.30438680049122,141.88398269080486,139.77188885805845,141.0784454345703,892700,0.0,0.0
2023-05-16 00:00:00-04:00,140.8721523390801,140.8721523390801,139.378957548275,139.63436889648438,734000,0.0,0.0
2023-05-17 00:00:00-04:00,140.45952532861014,140.7640582089725,136.97210220324365,138.12149047851562,1082800,0.0,0.0
2023-05-18 00:00:00-04:00,137.2472087679014,137.6303332763703,136.0585319653241,136.98196411132812,868300,0.0,0.0
2023-05-19 00:00:00-04:00,137.5517497471106,138.37693873820066,137.10968528687013,137.82681274414062,647000,0.0,0.0
2023-05-22 00:00:00-04:00,137.7384055531115,138.092060126206,136.363075551162,136.83460998535156,391700,0.0,0.0
2023-05-23 00:00:00-04:00,136.21569282056655,136.55951399564353,134.59477017301245,135.12525939941406,561600,0.0,0.0
2023-05-24 00:00:00-04:00,135.15474451013816,136.03887333352196,134.71268009844627,134.75196838378906,520900,0.0,0.0
2023-05-25 00:00:00-04:00,134.4965688065851,135.58700244526898,133.70084979804983,135.17440795898438,557600,0.0,0.0
2023-05-26 00:00:00-04:00,135.58698665223835,137.54189732456126,135.45927349642778,136.0093994140625,717900,0.0,0.0
2023-05-30 00:00:00-04:00,136.17640764704265,136.17640764704265,133.67137093212474,134.50637817382812,599800,0.0,0.0
2023-05-31 00:00:00-04:00,134.55550089467883,135.53787294472988,134.0643148696533,134.2411346435547,1256000,0.0,0.0
2023-06-01 00:00:00-04:00,133.79908460206195,135.2038845793476,133.62226480915288,135.16458129882812,608900,0.0,0.0
2023-06-02 00:00:00-04:00,135.30209775812057,137.70890627392075,134.7912750866369,137.0310821533203,647200,0.0,0.0
2023-06-05 00:00:00-04:00,136.9721076425547,137.9053729449908,135.61644460550013,135.67538452148438,524100,0.0,0.0
2023-06-06 00:00:00-04:00,135.67541312841334,136.7560284486559,133.84820039860878,134.2509765625,815300,0.0,0.0
2023-06-07 00:00:00-04:00,134.25095285721858,134.8010787450007,132.54162028606163,132.6595001220703,989600,0.0,0.0
2023-06-08 00:00:00-04:00,132.85600272873555,134.12325609002866,131.74591750471498,133.60260009765625,794900,0.0,0.0
2023-06-09 00:00:00-04:00,133.35700109135783,133.95624862034776,132.158506033378,133.4355926513672,693900,0.0,0.0
2023-06-12 00:00:00-04:00,133.66154114853873,134.00537736819726,132.39428777657298,133.3373565673828,685800,0.0,0.0
2023-06-13 00:00:00-04:00,133.60261504498766,133.90714801914714,132.35499819264143,132.94442749023438,982600,0.0,0.0
2023-06-14 00:00:00-04:00,132.94442577364313,135.08598988027998,132.49252798601552,134.41798400878906,943800,0.0,0.0
2023-06-15 00:00:00-04:00,133.5043421096692,135.8129221898312,133.39628059549554,135.0073699951172,956300,0.0,0.0
2023-06-16 00:00:00-04:00,135.44945059780292,136.70688550701237,134.94843130488852,135.1154327392578,934700,0.0,0.0
2023-06-20 00:00:00-04:00,134.2706163044765,135.2824733948125,133.49454891283517,134.29026794433594,769500,0.0,0.0
2023-06-21 00:00:00-04:00,134.6046153641471,134.91896660880982,133.3766503666376,134.33937072753906,735400,0.0,0.0
2023-06-22 00:00:00-04:00,134.54568603071672,134.74215744781816,133.31772093657244,134.65374755859375,490700,0.0,0.0
2023-06-23 00:00:00-04:00,134.22149214629462,135.45927547908968,133.533819749379,133.70083618164062,909700,0.0,0.0
2023-06-26 00:00:00-04:00,133.76960028334634,136.10765055967252,133.20965600940568,135.3610382080078,640300,0.0,0.0
2023-06-27 00:00:00-04:00,135.7834700160738,137.22755817200007,135.29228397636575,136.34341430664062,977300,0.0,0.0
2023-06-28 00:00:00-04:00,136.39254236450884,136.72654528976582,135.57717170122214,136.42201232910156,742500,0.0,0.0
2023-06-29 00:00:00-04:00,136.66759590316195,138.00362250154572,135.9602868222642,137.79733276367188,855000,0.0,0.0
2023-06-30 00:00:00-04:00,138.11169890141548,140.62656924219783,137.63034613466536,140.4104461669922,1116700,0.0,0.0
2023-07-03 00:00:00-04:00,139.45754057997098,139.76207351222433,138.46533523188504,138.8779296875,569000,0.0,0.0
2023-07-05 00:00:00-04:00,138.60287764904638,139.08424538013432,138.29834469277372,138.7305908203125,883100,0.0,0.0
2023-07-06 00:00:00-04:00,137.78750535759644,138.3081613714417,137.22756105526474,137.59103393554688,1344400,0.0,0.0
2023-07-07 00:00:00-04:00,136.7952900747406,137.60084224551198,136.3335740724313,136.3532257080078,912000,0.0,0.0
2023-07-10 00:00:00-04:00,136.30413341103738,137.7580399702752,135.97013048347625,136.2451934814453,747000,0.0,0.0
2023-07-11 00:00:00-04:00,136.1764002071494,136.3434016463661,134.643902303931,136.1862335205078,1118100,0.0,0.0
2023-07-12 00:00:00-04:00,137.10968676600294,138.26887869601921,135.5673553111947,136.72654724121094,1209700,0.0,0.0
2023-07-13 00:00:00-04:00,136.8444602577812,138.96638795929292,136.16662099286958,138.6323699951172,1024200,0.0,0.0
2023-07-14 00:00:00-04:00,138.2885422968073,139.4084460336048,137.5910514216092,138.9270782470703,930300,0.0,0.0
2023-07-17 00:00:00-04:00,139.04493235584508,140.39079224768054,138.86811258323172,138.98599243164062,799800,0.0,0.0
2023-07-18 00:00:00-04:00,138.20010031083802,138.5439365429506,136.7658454341707,137.50262451171875,1067800,0.0,0.0
2023-07-19 00:00:00-04:00,137.34543586523367,138.56358262088702,136.8640831473657,138.3671112060547,566100,0.0,0.0
2023-07-20 00:00:00-04:00,138.25906849925286,141.28477666691595,137.95452052652837,141.21600341796875,548900,0.0,0.0
2023-07-21 00:00:00-04:00,142.4439254796354,143.28876591310686,141.98220948751697,142.09027099609375,1093400,0.0,0.0
2023-07-24 00:00:00-04:00,142.05100882139936,143.12179079147862,141.63839935660107,142.68954467773438,860800,0.0,0.0
2023-07-25 00:00:00-04:00,142.0706365875927,142.8074156018248,140.12554418716599,140.5283203125,911800,0.0,0.0
2023-07-26 00:00:00-04:00,139.2021278711238,141.36334355990854,139.00565644301776,140.35150146484375,885100,0.0,0.0
2023-07-27 00:00:00-04:00,140.6756797080328,141.19633571439402,137.28649900951626,138.40640258789062,1366400,0.0,0.0
2023-07-28 00:00:00-04:00,138.99585317718356,140.1255752535469,138.15101245396733,138.9467315673828,803500,0.0,0.0
2023-07-31 00:00:00-04:00,138.95652048843564,139.2414167711058,138.08220998231644,138.68145751953125,789600,0.0,0.0
2023-08-01 00:00:00-04:00,138.83866349046082,141.48124708143376,138.3474773951814,140.36134338378906,909000,0.0,0.0
2023-08-02 00:00:00-04:00,140.00766058706827,141.05879082448493,138.36710115814955,139.084228515625,1258400,0.0,0.0
2023-08-03 00:00:00-04:00,138.07242941543862,140.57748177209584,137.14899705739302,138.2099609375,1388500,0.0,0.0
2023-08-04 00:00:00-04:00,139.25121483967683,141.14718538453906,136.25497758943348,139.45751953125,1224300,0.0,0.0
2023-08-07 00:00:00-04:00,139.61471769769332,140.99004762805615,139.61471769769332,140.66586303710938,600600,0.0,0.0
2023-08-08 00:00:00-04:00,139.76206861651679,141.5205079007421,137.03107565610446,137.69908142089844,915300,0.0,0.0
2023-08-09 00:00:00-04:00,137.87593819715298,140.6462198845145,137.64016348319922,139.92909240722656,631600,0.0,0.0
2023-08-10 00:00:00-04:00,140.15503201823307,141.15705580249224,136.10766358075264,137.38475036621094,2166100,0.0,0.0
2023-08-11 00:00:00-04:00,136.86409205601996,138.41622682709132,136.72654556789533,138.20010375976562,512200,0.0,0.0
2023-08-14 00:00:00-04:00,138.01345583348478,139.48701392057802,137.94468259431258,138.917236328125,430800,0.0,0.0
2023-08-15 00:00:00-04:00,138.26279668570737,139.00090682493237,135.98940484270742,136.15672302246094,934900,0.255,0.0
2023-08-16 00:00:00-04:00,136.12719774598892,137.97738358866303,136.12719774598892,136.8357696533203,693100,0.0,0.0
2023-08-17 00:00:00-04:00,137.3278363567911,137.42625704246586,134.93636686715445,135.18240356445312,1043300,0.0,0.0
2023-08-18 00:00:00-04:00,135.1036689752794,136.37322673298743,134.92652976269954,135.812255859375,724300,0.0,0.0
2023-08-21 00:00:00-04:00,135.812255859375,136.85544904515797,135.38907995139775,135.812255859375,840700,0.0,0.0
2023-08-22 00:00:00-04:00,135.75319227633923,136.07796247519246,134.49348575666463,134.9757080078125,864500,0.0,0.0
2023-08-23 00:00:00-04:00,135.05447022606077,136.30434095069873,134.62144320228765,135.65480041503906,498700,0.0,0.0
2023-08-24 00:00:00-04:00,135.09381852492407,136.097637323071,134.15888218537003,134.24745178222656,1044900,0.0,0.0
2023-08-25 00:00:00-04:00,135.14302116758378,136.20588630311934,134.51315291410242,135.67445373535156,472600,0.0,0.0
2023-08-28 00:00:00-04:00,135.87130113160975,136.8948221853933,135.49732055231712,135.50717163085938,359800,0.0,0.0
2023-08-29 00:00:00-04:00,135.24144574175534,136.825922623507,134.74937236253913,136.76687622070312,761800,0.0,0.0
2023-08-30 00:00:00-04:00,137.46560613855465,137.91832023552868,135.99923714192738,136.17637634277344,740700,0.0,0.0
2023-08-31 00:00:00-04:00,136.17638011705506,136.7078277680972,134.5427079353873,134.81826782226562,861600,0.0,0.0
2023-09-01 00:00:00-04:00,135.89099313916614,137.3475262112259,135.60558215520265,137.08180236816406,838900,0.0,0.0
2023-09-05 00:00:00-04:00,137.1408484408645,137.4262443759954,136.13701460367983,136.90464782714844,560000,0.0,0.0
2023-09-06 00:00:00-04:00,136.65863846177015,136.89483912268747,135.05447421726424,135.4087677001953,761300,0.0,0.0
2023-09-07 00:00:00-04:00,135.32018076287136,137.0326015473321,135.32018076287136,136.66845703125,531600,0.0,0.0
2023-09-08 00:00:00-04:00,136.96371754893892,137.44595491939344,135.428450840572,135.65480041503906,527200,0.0,0.0
2023-09-11 00:00:00-04:00,135.51700570581107,137.28847287532182,135.35953862032395,136.9440155029297,411800,0.0,0.0
2023-09-12 00:00:00-04:00,137.35736643061637,138.2726156821861,136.4125789615852,137.94784545898438,708200,0.0,0.0
2023-09-13 00:00:00-04:00,137.78055429692262,139.80789433601802,137.4262608423407,139.6602783203125,662500,0.0,0.0
2023-09-14 00:00:00-04:00,140.21138802406844,140.72314853642536,138.99104065364435,139.89645385742188,1133100,0.0,0.0
2023-09-15 00:00:00-04:00,140.05392054509085,140.76250740115628,139.40438009088294,139.5421600341797,734000,0.0,0.0
2023-09-18 00:00:00-04:00,139.74883631238154,140.4082128225332,138.47929363218543,139.23707580566406,471300,0.0,0.0
2023-09-19 00:00:00-04:00,139.31580158070528,139.9259677167378,138.35134203929238,138.9713592529297,458400,0.0,0.0
2023-09-20 00:00:00-04:00,139.28629741982408,140.68378409403618,139.2567742167476,139.48312377929688,495200,0.0,0.0
2023-09-21 00:00:00-04:00,138.90246106703955,139.56183753706483,136.3141505071645,136.3436737060547,720500,0.0,0.0
2023-09-22 00:00:00-04:00,136.38306673434315,136.8160937334533,135.1725703627496,135.3890838623047,508000,0.0,0.0
2023-09-25 00:00:00-04:00,135.00525187874732,136.73735987119227,134.94620547298462,135.9697265625,591500,0.0,0.0
2023-09-26 00:00:00-04:00,135.49732158118022,136.34368841339835,134.05063962884796,134.11952209472656,895300,0.0,0.0
2023-09-27 00:00:00-04:00,134.4344413001429,134.8084068237369,132.10200347778655,133.71600341796875,891600,0.0,0.0
2023-09-28 00:00:00-04:00,134.11951046372693,135.2808113732183,133.7750531135412,134.2769775390625,820900,0.0,0.0
2023-09-29 00:00:00-04:00,134.84779410154715,134.90684050481363,131.97408734643818,132.17091369628906,1020900,0.0,0.0
2023-10-02 00:00:00-04:00,131.78710718614957,131.99376961346445,128.883877006291,130.4191436767578,1212000,0.0,0.0
2023-10-03 00:00:00-04:00,129.24799692865892,131.01946411560417,128.785446746043,131.00961303710938,1177800,0.0,0.0
2023-10-04 00:00:00-04:00,131.3146815986838,132.17089940412515,130.10418541195313,131.54104614257812,879500,0.0,0.0
2023-10-05 00:00:00-04:00,131.39340544018927,133.4207600238381,130.9997528120957,133.29281616210938,1020400,0.0,0.0
2023-10-06 00:00:00-04:00,132.71220761108322,134.7887580477627,131.6689993446859,133.8046112060547,759600,0.0,0.0
2023-10-09 00:00:00-04:00,133.58808412182142,135.9008199546386,133.52902270313504,135.39891052246094,503500,0.0,0.0
2023-10-10 00:00:00-04:00,135.58592837952324,136.93420488441416,134.82813102959105,135.77291870117188,808300,0.0,0.0
2023-10-11 00:00:00-04:00,135.84178161621094,136.7078356057017,134.81827555153967,135.84178161621094,489200,0.0,0.0
2023-10-12 00:00:00-04:00,136.51096879047432,137.28843792469777,134.0801257133243,134.91664123535156,579900,0.0,0.0
2023-10-13 00:00:00-04:00,135.33988440543385,136.48148338405207,135.0249501927876,136.2157745361328,767600,0.0,0.0
2023-10-16 00:00:00-04:00,136.06813596152477,137.5738794172866,135.3103537109548,136.48147583007812,678000,0.0,0.0
2023-10-17 00:00:00-04:00,136.10748132316704,138.04625137694006,136.02874779109314,136.96368408203125,647000,0.0,0.0
2023-10-18 00:00:00-04:00,136.4913089351592,137.00306942654757,135.30048481453926,135.51699829101562,871800,0.0,0.0
2023-10-19 00:00:00-04:00,134.94622117992165,136.03862486434662,133.47985187650931,133.87350463867188,686200,0.0,0.0
2023-10-20 00:00:00-04:00,133.8439564290832,135.50716681976425,133.67665328557334,134.2868194580078,885300,0.0,0.0
2023-10-23 00:00:00-04:00,134.44428308575476,135.35953232088974,133.29283323338151,133.37156677246094,652000,0.0,0.0
2023-10-24 00:00:00-04:00,133.55855065693396,134.4245895115743,131.88548931114164,132.2496337890625,966300,0.0,0.0
2023-10-25 00:00:00-04:00,130.93088150270697,136.01893358955755,130.93088150270697,135.2316131591797,1472800,0.0,0.0
2023-10-26 00:00:00-04:00,131.3836074030902,131.76742408246858,124.12060619126285,125.85269927978516,3751900,0.0,0.0
2023-10-27 00:00:00-04:00,126.46286887772935,127.06319905050931,125.05553859688455,126.0101547241211,2903600,0.0,0.0
2023-10-30 00:00:00-04:00,126.64985593500565,128.06702975030024,126.37429602835266,127.81114196777344,1927000,0.0,0.0
2023-10-31 00:00:00-04:00,128.40162979017109,128.51972259671345,126.9746199825286,127.44700622558594,1124800,0.0,0.0
2023-11-01 00:00:00-04:00,127.58477457591489,128.07684791430037,126.64983823635977,127.69303131103516,1063200,0.0,0.0
2023-11-02 00:00:00-04:00,127.79147523118678,131.06867104610745,127.79147523118678,130.67501831054688,874700,0.0,0.0
2023-11-03 00:00:00-04:00,130.98010943674262,131.66900927451385,130.09438321916392,131.11788940429688,1509300,0.0,0.0
2023-11-06 00:00:00-05:00,131.08835783138233,131.87567831725121,130.1042109782685,130.3207244873047,1952300,0.0,0.0
2023-11-07 00:00:00-05:00,129.92126482101193,130.13824529457875,129.13224628524864,129.86209106445312,2438300,0.285,0.0
2023-11-08 00:00:00-05:00,130.36508387588628,130.36508387588628,129.11253255599865,129.5070343017578,1011400,0.0,0.0
2023-11-09 00:00:00-05:00,129.5859395896559,130.13824806165064,128.4221488878495,128.70816040039062,1295700,0.0,0.0
2023-11-10 00:00:00-05:00,129.1914529630495,129.50705139144767,127.64300255559431,128.74761962890625,1357000,0.0,0.0
2023-11-13 00:00:00-05:00,128.34327577147772,129.02380424529238,127.53452742599343,128.76736450195312,1168100,0.0,0.0
2023-11-14 00:00:00-05:00,129.48732616945227,133.98472808289802,129.40843784664185,133.13653564453125,1468900,0.0,0.0
2023-11-15 00:00:00-05:00,133.14637996569562,134.03401647908908,132.1009367234791,132.17984008789062,1048200,0.0,0.0
2023-11-16 00:00:00-05:00,132.3277871682236,133.4817207659006,131.3217879871926,133.15625,936600,0.0,0.0
2023-11-17 00:00:00-05:00,133.11679101332504,133.89593726968545,131.50916696817708,132.9885711669922,1806400,0.0,0.0
2023-11-20 00:00:00-05:00,132.6532290728894,133.21540983238987,132.31790110192918,132.49542236328125,785600,0.0,0.0
2023-11-21 00:00:00-05:00,129.96070892034678,130.65109441542145,128.5404787308931,129.8029022216797,1552700,0.0,0.0
2023-11-22 00:00:00-05:00,130.3651096262723,131.46974182128906,129.86211754368426,131.46974182128906,1470600,0.0,0.0
2023-11-24 00:00:00-05:00,131.50917062109028,131.75573799440835,130.77934082760686,131.47958374023438,644800,0.0,0.0
2023-11-27 00:00:00-05:00,132.3376172064829,132.57432727367262,131.21327072356533,131.83462524414062,1027200,0.0,0.0
2023-11-28 00:00:00-05:00,131.94311694194917,132.16009741029626,130.8483573241167,131.18368530273438,1057700,0.0,0.0
2023-11-29 00:00:00-05:00,131.36123785903058,131.85437261183165,130.3355091456085,130.81878662109375,614800,0.0,0.0
2023-11-30 00:00:00-05:00,131.28232781102957,133.64936848429232,130.8286372398608,133.62965393066406,1176100,0.0,0.0
2023-12-01 00:00:00-05:00,133.6592312970925,137.84100385883454,133.63950169559095,137.71279907226562,1939200,0.0,0.0
2023-12-04 00:00:00-05:00,137.6141502910462,138.74835393391234,137.03225503250707,137.91989135742188,1157800,0.0,0.0
2023-12-05 00:00:00-05:00,138.2355651727455,138.61033742634285,137.0816314262458,138.19610595703125,1115000,0.0,0.0
2023-12-06 00:00:00-05:00,138.14677624734648,138.97523901647136,137.05201649911777,137.28871154785156,760900,0.0,0.0
2023-12-07 00:00:00-05:00,137.53528092501764,137.53528092501764,135.45425164536573,136.48983764648438,601700,0.0,0.0
2023-12-08 00:00:00-05:00,136.66738944953156,136.93367141336415,135.52331307027978,136.43067932128906,499700,0.0,0.0
2023-12-11 00:00:00-05:00,136.04602691230022,140.08972312028592,135.36549850102242,139.57687377929688,1248200,0.0,0.0
2023-12-12 00:00:00-05:00,140.1291576620434,143.62054470400682,139.6064360858353,143.551513671875,1486500,0.0,0.0
2023-12-13 00:00:00-05:00,143.98549744877698,147.3190783041425,143.60085292510868,146.62869262695312,1745900,0.0,0.0
2023-12-14 00:00:00-05:00,147.21057606562397,147.82207337215775,144.79421886755887,145.2577667236328,2418400,0.0,0.0
2023-12-15 00:00:00-05:00,144.46872194965806,145.67197169209962,142.70330653534387,143.41342163085938,1454300,0.0,0.0
2023-12-18 00:00:00-05:00,144.08410321708436,146.13554551997996,143.71918832906314,145.42543029785156,1205500,0.0,0.0
2023-12-19 00:00:00-05:00,146.3722712352939,146.3722712352939,144.81396350090466,145.31695556640625,797900,0.0,0.0
2023-12-20 00:00:00-05:00,145.2084676267515,145.93831254161918,144.20248347970647,144.38986206054688,922900,0.0,0.0
2023-12-21 00:00:00-05:00,144.35040062567248,146.27362308757296,144.2517676586918,145.27749633789062,606900,0.0,0.0
2023-12-22 00:00:00-05:00,145.6917276220293,146.1750050810966,145.26762392340336,145.3070831298828,732700,0.0,0.0
2023-12-26 00:00:00-05:00,145.33668313613117,146.64842345840214,144.83369107767447,146.11582946777344,655000,0.0,0.0
2023-12-27 00:00:00-05:00,145.49445989891314,146.34265214872312,145.49445989891314,145.94813537597656,763700,0.0,0.0
2023-12-28 00:00:00-05:00,146.4018241607931,146.92454571034764,145.69170902757256,146.776611328125,482200,0.0,0.0
2023-12-29 00:00:00-05:00,146.67799252298255,147.4275518806762,146.4610120419412,147.22044372558594,460000,0.0,0.0
2024-01-02 00:00:00-05:00,145.79037272620536,147.40785419313002,145.50434612788968,146.58924865722656,525400,0.0,0.0
2024-01-03 00:00:00-05:00,146.50046051909752,147.0231971837721,145.4254304081327,145.435302734375,696300,0.0,0.0
2024-01-04 00:00:00-05:00,145.85939118400356,146.43142928199794,145.2479089289272,145.45501708984375,995000,0.0,0.0
2024-01-05 00:00:00-05:00,144.92245589165034,145.84955171368196,143.6403024154211,144.46876525878906,598500,0.0,0.0
2024-01-08 00:00:00-05:00,144.45889162825014,145.09010349211883,143.54165318820216,144.9520263671875,728000,0.0,0.0
2024-01-09 00:00:00-05:00,144.95202559500484,145.69172769947036,144.41943165219408,145.2577667236328,799600,0.0,0.0
2024-01-10 00:00:00-05:00,144.98160927870705,146.85551521565964,144.98160927870705,146.59909057617188,589700,0.0,0.0
2024-01-11 00:00:00-05:00,147.0133387556482,147.25990614657053,144.59698133446517,146.0172119140625,613200,0.0,0.0
2024-01-12 00:00:00-05:00,146.9541627692305,147.05279574382075,145.2281910588536,146.87525939941406,583700,0.0,0.0
2024-01-16 00:00:00-05:00,145.94813808919167,146.08621519990083,144.15313564997257,144.81393432617188,785500,0.0,0.0
2024-01-17 00:00:00-05:00,144.29124343333308,145.5536672993979,143.35429033654302,144.70547485351562,849600,0.0,0.0
2024-01-18 00:00:00-05:00,145.0703526669836,147.6050720779807,144.49831464758415,147.53602600097656,812500,0.0,0.0
2024-01-19 00:00:00-05:00,147.5064783608775,150.5639201280029,147.3190847297642,150.1102294921875,1083800,0.0,0.0
2024-01-22 00:00:00-05:00,150.55401639590957,151.60933186708746,149.29159278038236,150.5047149658203,843100,0.0,0.0
2024-01-23 00:00:00-05:00,150.50471324898322,151.35290551685975,150.0214358355534,151.24441528320312,2890100,0.0,0.0
2024-01-24 00:00:00-05:00,151.8460592383687,152.45754151419712,149.35078355151398,149.71571350097656,1391700,0.0,0.0
2024-01-25 00:00:00-05:00,149.71569437236386,151.42193618002327,149.24228928541024,151.32330322265625,983600,0.0,0.0
2024-01-26 00:00:00-05:00,151.66851663908704,152.50685170136916,150.76115054009995,152.2898712158203,985500,0.0,0.0
2024-01-29 00:00:00-05:00,152.43780197854295,153.7791290166265,152.20110694488412,153.7593994140625,782900,0.0,0.0
2024-01-30 00:00:00-05:00,153.1577878349691,154.51884459452202,152.55616282306457,154.49911499023438,805700,0.0,0.0
2024-01-31 00:00:00-05:00,155.2684074553292,156.06729842925213,152.50686476502392,153.12820434570312,1135400,0.0,0.0
2024-02-01 00:00:00-05:00,154.12433860111798,156.23495472397482,153.40435103240196,156.22508239746094,733100,0.0,0.0
2024-02-02 00:00:00-05:00,156.1560522286531,156.3138589609728,154.39062139054312,155.88975524902344,763000,0.0,0.0
2024-02-05 00:00:00-05:00,155.83055297553187,156.1067071819262,154.19334228814,155.01194763183594,1357900,0.0,0.0
2024-02-06 00:00:00-05:00,156.23495839062593,156.23495839062593,154.22296014074126,154.78514099121094,637400,0.0,0.0
2024-02-07 00:00:00-05:00,155.03169310030532,155.5149554863218,154.48924190748133,154.8048553466797,712100,0.0,0.0
2024-02-08 00:00:00-05:00,154.64705077452302,154.7949851704033,153.7988584564957,153.8383026123047,841000,0.0,0.0
2024-02-09 00:00:00-05:00,154.43994125653774,154.9429483456587,153.43395717685306,154.5583038330078,744700,0.0,0.0
2024-02-12 00:00:00-05:00,153.93695492689818,154.22296647797984,151.7967517848841,152.2602996826172,1416100,0.0,0.0
2024-02-13 00:00:00-05:00,151.89534939953927,155.7418092036487,150.96826877732425,154.40048217773438,2113600,0.0,0.0
2024-02-14 00:00:00-05:00,159.7263285501039,162.04406769217283,155.98837409359962,161.8665313720703,2644500,0.0,0.0
2024-02-15 00:00:00-05:00,161.00849382883652,163.17828369140625,160.45618532374,163.17828369140625,1367600,0.0,0.0
2024-02-16 00:00:00-05:00,163.92783725575342,166.01872348711962,162.8527922138806,165.56503295898438,1001300,0.0,0.0
2024-02-20 00:00:00-05:00,164.33222831946412,166.76831532249435,164.22373806652143,164.9141387939453,1200600,0.0,0.0
2024-02-21 00:00:00-05:00,164.91412317234762,165.71299902776107,163.7799042627902,165.0127410888672,1030100,0.0,0.0
2024-02-22 00:00:00-05:00,164.92397316085024,168.59289659705945,164.92397316085024,168.14907836914062,1182800,0.0,0.0
2024-02-23 00:00:00-05:00,168.05044604069164,168.65207098946726,166.98527326010807,167.81373596191406,828100,0.0,0.0
2024-02-26 00:00:00-05:00,168.64224502132114,169.1353798233668,167.5573424371087,167.58692932128906,628800,0.0,0.0
2024-02-27 00:00:00-05:00,167.43377789471253,167.43377789471253,165.13190735594847,166.29766845703125,1452400,0.285,0.0
2024-02-28 00:00:00-05:00,166.21863216398265,167.32510501039718,164.86517769473903,165.1714324951172,802500,0.0,0.0
2024-02-29 00:00:00-05:00,164.22302500899914,164.89482289695854,162.365733359009,164.4304962158203,1439800,0.0,0.0
2024-03-01 00:00:00-05:00,163.6994113483137,164.87504624722143,162.8102835644575,163.4030303955078,769400,0.0,0.0
2024-03-04 00:00:00-05:00,163.3536576189084,164.57867686729037,162.9881145524335,163.9958038330078,1360100,0.0,0.0
2024-03-05 00:00:00-05:00,163.8278738774639,165.6160186550893,163.8278738774639,165.45794677734375,816000,0.0,0.0
2024-03-06 00:00:00-05:00,165.83334989187878,167.1176574109946,165.47769573388612,166.01116943359375,775200,0.0,0.0
2024-03-07 00:00:00-05:00,166.45574055914537,166.94970380661496,165.33937879600424,166.07044982910156,659400,0.0,0.0
2024-03-08 00:00:00-05:00,166.5248933356889,166.83114814778455,164.25265930381198,164.78614807128906,944900,0.0,0.0
2024-03-11 00:00:00-04:00,164.73675247507464,165.79384112104972,164.32182513236083,165.77407836914062,999300,0.0,0.0
2024-03-12 00:00:00-04:00,165.4974690610588,167.36464974119437,165.46783246887918,166.7224884033203,684300,0.0,0.0
2024-03-13 00:00:00-04:00,167.0583603647326,168.0660344396215,166.61378142483161,167.76966857910156,622500,0.0,0.0
2024-03-14 00:00:00-04:00,168.44146897699568,168.51063106808397,166.07045139658717,167.18679809570312,662800,0.0,0.0
2024-03-15 00:00:00-04:00,166.37672304238012,169.0342480197866,166.37672304238012,168.8662872314453,1104200,0.0,0.0
2024-03-18 00:00:00-04:00,169.4886692960424,170.32841285764493,168.9453067017444,169.66650390625,562100,0.0,0.0
2024-03-19 00:00:00-04:00,169.43926366716533,170.11106150642672,168.0364098868556,170.05178833007812,741800,0.0,0.0
2024-03-20 00:00:00-04:00,169.92335908677617,170.22961389180495,168.17472494971508,168.3130340576172,691700,0.0,0.0
2024-03-21 00:00:00-04:00,168.31303440299962,170.1604672243084,167.9573802570127,169.43927001953125,626700,0.0,0.0
2024-03-22 00:00:00-04:00,169.88385701952797,170.0024033822601,168.2340064071702,168.81689453125,586500,0.0,0.0
2024-03-25 00:00:00-04:00,169.0243631217611,169.85421787116547,168.22414496522376,168.27354431152344,529400,0.0,0.0
2024-03-26 00:00:00-04:00,167.96728375367508,168.96508418689646,167.6610289214271,167.97715759277344,653600,0.0,0.0
2024-03-27 00:00:00-04:00,168.8267517661336,170.24936827725898,168.3624251250146,169.61709594726562,531900,0.0,0.0
2024-03-28 00:00:00-04:00,170.33829630687003,170.940932113719,169.3009704000562,169.93324279785156,473800,0.0,0.0
2024-04-01 00:00:00-04:00,169.60721414220475,169.60721414220475,166.98921494922152,168.3229217529297,447300,0.0,0.0
2024-04-02 00:00:00-04:00,167.85859852064542,168.61929108685996,166.99909219810854,167.39427185058594,662000,0.0,0.0
2024-04-03 00:00:00-04:00,167.41403831635336,167.94751201583134,166.18900397833647,166.2384033203125,559800,0.0,0.0
2024-04-04 00:00:00-04:00,167.1867964899469,168.2438850751462,164.9738507893699,165.2801055908203,836200,0.0,0.0
2024-04-05 00:00:00-04:00,165.6653929732773,166.84102789023433,164.8849226164207,165.9815216064453,474600,0.0,0.0
2024-04-08 00:00:00-04:00,166.29766245404792,166.71258975738562,165.08251713180462,166.22850036621094,577200,0.0,0.0
2024-04-09 00:00:00-04:00,166.69284428760656,166.8509161551393,164.5194088700017,166.3273162841797,608900,0.0,0.0
2024-04-10 00:00:00-04:00,165.0924014924337,166.56441743525534,163.9068926823965,166.376708984375,809600,0.0,0.0
2024-04-11 00:00:00-04:00,165.5270703081418,166.57426987371628,164.17360089783622,165.51718139648438,479100,0.0,0.0
2024-04-12 00:00:00-04:00,165.16153757969167,165.90248242124932,163.92662951042888,165.10226440429688,677400,0.0,0.0
2024-04-15 00:00:00-04:00,166.82125902364396,167.5128045157462,162.78064350769696,163.76856994628906,623700,0.0,0.0
2024-04-16 00:00:00-04:00,163.69941733271594,164.28229034732016,162.45463537489917,162.68185424804688,936900,0.0,0.0
2024-04-17 00:00:00-04:00,163.5117074779354,163.58086956783262,161.73345186053456,162.6917266845703,678800,0.0,0.0
2024-04-18 00:00:00-04:00,162.91894235593614,163.7092864719969,161.73343371912512,162.37557983398438,628400,0.0,0.0
2024-04-19 00:00:00-04:00,162.54354425985298,163.53147075025484,162.16812736964044,163.0276336669922,1187900,0.0,0.0
2024-04-22 00:00:00-04:00,164.04519768950615,165.4678142557957,163.69941738605226,164.26254272460938,1849700,0.0,0.0
2024-04-23 00:00:00-04:00,164.90468692855652,165.32950315552137,163.87725001782786,164.1637420654297,942000,0.0,0.0
2024-04-24 00:00:00-04:00,164.28230228615593,164.83555382662055,163.67966647696394,164.1736297607422,1289300,0.0,0.0
2024-04-25 00:00:00-04:00,161.14071442113857,164.81580271804566,158.90800564757072,163.1857147216797,1618300,0.0,0.0
2024-04-26 00:00:00-04:00,163.05726207505182,163.40302728460807,160.8640641704289,161.50621032714844,1086600,0.0,0.0
2024-04-29 00:00:00-04:00,161.65440476373251,163.92662346776842,161.57536884126574,162.66207885742188,933300,0.0,0.0
2024-04-30 00:00:00-04:00,162.88931885895232,163.0078652097907,160.0934851800431,160.13299560546875,1056500,0.0,0.0
2024-05-01 00:00:00-04:00,160.09350445699346,161.4667217929464,158.88823282980445,160.10337829589844,1225500,0.0,0.0
2024-05-02 00:00:00-04:00,160.5380626269795,161.7433342108209,159.89591640629664,161.38768005371094,798300,0.0,0.0
2024-05-03 00:00:00-04:00,161.8915143551134,163.2449839411133,161.8915143551134,162.19776916503906,722300,0.0,0.0
2024-05-06 00:00:00-04:00,162.82017883072197,164.73675882660177,162.21754300804392,164.59844970703125,1429300,0.0,0.0
2024-05-07 00:00:00-04:00,164.87060033449526,165.23675468537584,162.98042363055566,163.78201293945312,1788000,0.285,0.0
2024-05-08 00:00:00-04:00,163.7819971467724,164.21743206280243,163.00020452964023,163.6830291748047,425200,0.0,0.0
2024-05-09 00:00:00-04:00,163.63355166236562,164.62317092829974,163.61375504893726,164.41534423828125,410600,0.0,0.0
2024-05-10 00:00:00-04:00,165.16745842650195,166.0086408884484,164.35597843650916,165.64248657226562,678900,0.0,0.0
2024-05-13 00:00:00-04:00,165.49404070617217,165.87999165106734,163.1288510489134,164.36587524414062,697100,0.0,0.0
2024-05-14 00:00:00-04:00,164.11846236196018,165.49403259562305,163.27729501066548,163.94033813476562,910200,0.0,0.0
2024-05-15 00:00:00-04:00,163.92055714451007,164.98934791072546,163.62366830382908,164.039306640625,434100,0.0,0.0
2024-05-16 00:00:00-04:00,164.2273379296795,164.95966172859812,163.49502923115466,164.9398651123047,487000,0.0,0.0
2024-05-17 00:00:00-04:00,164.9893472352014,165.9987632492264,163.880978341617,165.85031127929688,649000,0.0,0.0
2024-05-20 00:00:00-04:00,165.6028847546122,166.3253176928465,163.68302095779964,163.8611602783203,486100,0.0,0.0
2024-05-21 00:00:00-04:00,164.27682096076325,164.7518340462745,163.14865544492798,163.43563842773438,548000,0.0,0.0
2024-05-22 00:00:00-04:00,163.475212421854,164.28669238492196,163.05957413339596,163.8512725830078,741200,0.0,0.0
2024-05-23 00:00:00-04:00,164.42523662985695,164.99921762185346,162.33713935395608,162.85174560546875,529900,0.0,0.0
2024-05-24 00:00:00-04:00,163.28721223668745,164.20755109383205,162.16893740560687,163.75233459472656,394600,0.0,0.0
2024-05-28 00:00:00-04:00,163.287187817179,163.37624993189417,161.07043510400447,161.16940307617188,714500,0.0,0.0
2024-05-29 00:00:00-04:00,160.17979677367242,160.5261696040151,158.73494580472655,158.76463317871094,384800,0.0,0.0
2024-05-30 00:00:00-04:00,159.1010995182997,160.3678110176854,158.67555536594782,159.9224853515625,654200,0.0,0.0
2024-05-31 00:00:00-04:00,160.5756443475495,162.62416382951318,159.6849928947618,162.61427307128906,1256100,0.0,0.0
2024-06-03 00:00:00-04:00,162.6142369308858,163.8809483201881,159.45734921365596,161.47616577148438,1097300,0.0,0.0
2024-06-04 00:00:00-04:00,161.44649334806553,164.6528653430197,159.64539405920794,164.59349060058594,1428500,0.0,0.0
2024-06-05 00:00:00-04:00,165.16746424578832,167.42379516628867,164.10857938855014,166.8795166015625,1621600,0.0,0.0
2024-06-06 00:00:00-04:00,167.42379670715897,168.69052338509132,166.49356718958575,167.2258758544922,840800,0.0,0.0
2024-06-07 00:00:00-04:00,166.34509582396632,168.10661687792293,163.63354874785338,163.82156372070312,1413200,0.0,0.0
2024-06-10 00:00:00-04:00,163.71273063646933,166.31543449922248,163.71273063646933,166.04823303222656,863700,0.0,0.0
2024-06-11 00:00:00-04:00,165.57320906137247,166.18676821894263,164.68255769713238,165.02891540527344,690200,0.0,0.0
2024-06-12 00:00:00-04:00,166.25604654204957,166.8696056912101,165.08830298714503,165.187255859375,874400,0.0,0.0
2024-06-13 00:00:00-04:00,165.18723835542716,165.67215720926535,163.48509208935576,165.3455810546875,491800,0.0,0.0
2024-06-14 00:00:00-04:00,165.38518762490472,167.30505165757035,164.71225368789266,166.85972595214844,569500,0.0,0.0
2024-06-17 00:00:00-04:00,166.84983344182743,171.53072887925643,165.77113684175728,171.03591918945312,1450600,0.0,0.0
2024-06-18 00:00:00-04:00,171.30313084258924,172.084923554822,169.85827981822194,171.25364685058594,704000,0.0,0.0
2024-06-20 00:00:00-04:00,170.8577634915765,172.71825257924584,170.6697485117816,172.09478759765625,1014100,0.0,0.0
2024-06-21 00:00:00-04:00,172.3521138767754,173.6089196100326,171.49113475274413,172.7974395751953,1021800,0.0,0.0
2024-06-24 00:00:00-04:00,173.38129457836138,174.36102310024702,173.00524952078644,173.75735473632812,967100,0.0,0.0
2024-06-25 00:00:00-04:00,174.1730087877964,174.6777092293922,172.6490016050762,173.20318603515625,860600,0.0,0.0
2024-06-26 00:00:00-04:00,172.82710438773043,172.82710438773043,171.50101822317947,171.91665649414062,1036700,0.0,0.0
2024-06-27 00:00:00-04:00,172.27291161574513,173.99485445456517,171.86716412090507,173.95526123046875,858800,0.0,0.0
2024-06-28 00:00:00-04:00,174.21257621476724,175.41002222078552,173.4901583485404,173.53964233398438,996000,0.0,0.0
2024-07-01 00:00:00-04:00,174.1136287973443,175.2912782259894,171.01611543632575,172.11459350585938,1018200,0.0,0.0
2024-07-02 00:00:00-04:00,173.45057877216783,173.83652969478067,171.15465475018937,173.2427520751953,923100,0.0,0.0
2024-07-03 00:00:00-04:00,174.50947215244972,176.02358854642642,173.78705425672578,175.67723083496094,567000,0.0,0.0
2024-07-05 00:00:00-04:00,177.58717833594545,177.58717833594545,175.11313011421203,175.41001892089844,850400,0.0,0.0
2024-07-08 00:00:00-04:00,175.4298259980315,176.70642831241452,175.4298259980315,175.67723083496094,1030900,0.0,0.0
2024-07-09 00:00:00-04:00,175.67724584892557,176.8548953894184,175.67724584892557,176.28091430664062,848300,0.0,0.0
2024-07-10 00:00:00-04:00,176.79547462527614,178.7450257740346,176.38974220528024,178.141357421875,961800,0.0,0.0
2024-07-11 00:00:00-04:00,178.19086412320414,179.39820098145168,176.58768555094477,177.1121826171875,951600,0.0,0.0
2024-07-12 00:00:00-04:00,177.84449534837498,179.50704856439592,177.76532399041315,178.65597534179688,997700,0.0,0.0
2024-07-15 00:00:00-04:00,178.7945159024833,179.90288467881678,178.10178541727487,178.12158203125,862000,0.0,0.0
2024-07-16 00:00:00-04:00,178.63618410172157,180.52636069139848,178.17106179744727,180.4471893310547,853700,0.0,0.0
2024-07-17 00:00:00-04:00,179.87322060898265,181.09046336966588,179.4080982728635,180.4571075439453,917700,0.0,0.0
2024-07-18 00:00:00-04:00,180.42738750784733,180.98157186748355,179.09139549055973,179.40806579589844,796400,0.0,0.0
2024-07-19 00:00:00-04:00,179.91278918264578,180.11071001973195,178.02261272263036,178.47784423828125,669000,0.0,0.0
2024-07-22 00:00:00-04:00,179.1112118250009,179.87320785320654,178.477856044195,179.69508361816406,981100,0.0,0.0
2024-07-23 00:00:00-04:00,180.5164776236047,180.5164776236047,178.77473782263252,178.8143310546875,880900,0.0,0.0
2024-07-24 00:00:00-04:00,177.8147952081954,179.30913007118417,177.15175206451136,177.84449768066406,1350100,0.0,0.0
2024-07-25 00:00:00-04:00,178.7846219295806,179.60600774026346,172.17395731727143,173.65838623046875,2173900,0.0,0.0
2024-07-26 00:00:00-04:00,174.78655867947714,175.2516809658148,173.08441224870793,173.83653259277344,1140100,0.0,0.0
2024-07-29 00:00:00-04:00,174.26206573495506,175.3011690607125,173.38130512749052,174.07403564453125,846600,0.0,0.0
2024-07-30 00:00:00-04:00,174.31154889589902,176.30067832120213,174.31154889589902,174.52926635742188,756800,0.0,0.0
2024-07-31 00:00:00-04:00,175.4892019088684,176.55799262355228,175.4892019088684,175.9246368408203,962600,0.0,0.0
2024-08-01 00:00:00-04:00,176.0730663199276,176.98351427564924,174.6084339651051,176.95382690429688,700700,0.0,0.0
2024-08-02 00:00:00-04:00,176.18193436109823,178.3689998021469,175.2912829726636,177.6267852783203,1058700,0.0,0.0
2024-08-05 00:00:00-04:00,173.95528559682268,177.08248632128863,171.8177042079174,174.57875061035156,1669100,0.0,0.0
2024-08-06 00:00:00-04:00,175.45951706295682,178.25023583004685,174.64802193256187,175.81578063964844,905900,0.0,0.0
2024-08-07 00:00:00-04:00,177.31745050905693,179.00250347883699,176.5740434525667,177.71392822265625,967300,0.285,0.0
2024-08-08 00:00:00-04:00,178.437537166237,179.92435140574926,178.01130921942206,178.37806701660156,996000,0.0,0.0
2024-08-09 00:00:00-04:00,178.63577405831614,179.2800541717619,177.08948968632123,178.71507263183594,846800,0.0,0.0
2024-08-12 00:00:00-04:00,179.00252303184615,179.4089225637037,177.684212559375,178.40780639648438,664300,0.0,0.0
2024-08-13 00:00:00-04:00,178.417708112688,178.92321950746427,177.6049090714506,178.79437255859375,556300,0.0,0.0
2024-08-14 00:00:00-04:00,178.79436934106812,180.37038877111775,178.55647362298927,179.9639892578125,481900,0.0,0.0
2024-08-15 00:00:00-04:00,180.49925242310727,181.62923062572946,179.934255759468,181.41116333007812,460900,0.0,0.0
2024-08-16 00:00:00-04:00,181.5598271998612,182.0356034853874,180.04327800096385,180.2811737060547,558700,0.0,0.0
2024-08-19 00:00:00-04:00,180.64792239515052,181.84729248537982,180.25144466472176,181.09396362304688,441200,0.0,0.0
2024-08-20 00:00:00-04:00,181.07413187356642,181.3615910788054,180.4100233687343,180.89572143554688,860600,0.0,0.0
2024-08-21 00:00:00-04:00,181.12370846449952,183.1457843228411,180.9552046637472,182.8087615966797,772100,0.0,0.0
2024-08-22 00:00:00-04:00,183.0565610162583,183.76032640771118,182.18430695143104,182.8583221435547,821000,0.0,0.0
2024-08-23 00:00:00-04:00,183.34401090363772,184.80108998704742,183.34401090363772,184.79116821289062,407800,0.0,0.0
2024-08-26 00:00:00-04:00,185.35616930593952,185.8517740367041,184.20636270064833,184.8209228515625,480300,0.0,0.0
2024-08-27 00:00:00-04:00,185.09847177123578,185.51477795593996,184.34514285396983,184.3748779296875,609700,0.0,0.0
2024-08-28 00:00:00-04:00,185.24713342210546,185.24713342210546,182.62043443065053,183.79005432128906,615500,0.0,0.0
2024-08-29 00:00:00-04:00,184.4045785220402,185.89139252851908,183.7801269240839,184.136962890625,627300,0.0,0.0
2024-08-30 00:00:00-04:00,183.84951212120944,185.19755748705563,183.29443728668247,184.8605499267578,1054200,0.0,0.0
2024-09-03 00:00:00-04:00,184.5929538283545,184.81102114354064,182.76913185103186,183.52244567871094,611600,0.0,0.0
2024-09-04 00:00:00-04:00,183.859435488885,184.58301410983435,182.5014683376562,183.15567016601562,627800,0.0,0.0
2024-09-05 00:00:00-04:00,183.15567583122382,183.4233066101317,181.43096599165315,183.26470947265625,453600,0.0,0.0
2024-09-06 00:00:00-04:00,183.3440119379158,184.00812044997082,180.54879404796372,181.01466369628906,1192800,0.0,0.0
2024-09-09 00:00:00-04:00,181.88693460000528,184.30548808493123,181.88693460000528,183.37374877929688,851500,0.0,0.0
2024-09-10 00:00:00-04:00,183.2647097060492,183.83961298663823,182.27350028254853,183.05654907226562,526100,0.0,0.0
2024-09-11 00:00:00-04:00,183.056564794218,184.1469013035753,180.59836944771595,183.7603302001953,812600,0.0,0.0
2024-09-12 00:00:00-04:00,183.09621648728597,184.6821577062894,182.25368237881733,184.3550567626953,666900,0.0,0.0
2024-09-13 00:00:00-04:00,184.49381635373464,184.91012250007083,183.77022257887484,184.04776000976562,495100,0.0,0.0
2024-09-16 00:00:00-04:00,184.56317881803906,185.19755220005342,182.91776765933932,183.87924194335938,477700,0.0,0.0
2024-09-17 00:00:00-04:00,183.86935058507584,183.98829087763997,179.75583747090545,179.8153076171875,957100,0.0,0.0
2024-09-18 00:00:00-04:00,179.9045260591479,180.07302986088362,175.8108259430909,176.29652404785156,1797300,0.0,0.0
2024-09-19 00:00:00-04:00,178.1203227768621,178.7844312473081,176.52447506814255,177.64454650878906,893400,0.0,0.0
2024-09-20 00:00:00-04:00,177.4264894290615,178.0905979376641,176.05861556452302,177.57516479492188,1732700,0.0,0.0
2024-09-23 00:00:00-04:00,178.35822041288688,179.2602245895062,177.31744752637653,178.88356018066406,711500,0.0,0.0
2024-09-24 00:00:00-04:00,178.962874899423,178.962874899423,176.76238864064757,177.80316162109375,2377400,0.0,0.0
2024-09-25 00:00:00-04:00,178.17981434417527,179.1809456193435,177.54544086891568,178.91331481933594,1565400,0.0,0.0
2024-09-26 00:00:00-04:00,179.67655557514652,180.40013429648667,176.93090094463116,176.9507293701172,977600,0.0,0.0
2024-09-27 00:00:00-04:00,177.06964210668326,177.51568330040575,175.66212660944652,175.78106689453125,1166900,0.0,0.0
2024-09-30 00:00:00-04:00,175.92978218205909,177.3769396034918,175.12688977056317,177.2480926513672,1247900,0.0,0.0
2024-10-01 00:00:00-04:00,176.37580230056253,177.3075415525169,175.62247348000957,176.22711181640625,1190200,0.0,0.0
2024-10-02 00:00:00-04:00,175.78106667163277,176.237029638304,174.92862600541207,175.98922729492188,482000,0.0,0.0
2024-10-03 00:00:00-04:00,176.12800537934982,177.24807687095958,175.09713910618976,176.5443115234375,645500,0.0,0.0
2024-10-04 00:00:00-04:00,176.17756323945193,176.17756323945193,174.51232359171868,174.8592529296875,714900,0.0,0.0
2024-10-07 00:00:00-04:00,174.49250413604747,176.48484480134016,173.26341410337145,175.16653442382812,934300,0.0,0.0
2024-10-08 00:00:00-04:00,176.06854149534337,178.36813958132245,175.88020927770353,178.26902770996094,887000,0.0,0.0
2024-10-09 00:00:00-04:00,178.12033587761096,180.31091542603008,177.13904819782752,180.22171020507812,770600,0.0,0.0
2024-10-10 00:00:00-04:00,179.8846924415072,179.9838194395053,177.6643928830508,178.2591094970703,591300,0.0,0.0
2024-10-11 00:00:00-04:00,178.68533300293728,179.80538940429688,178.49700078621012,179.80538940429688,510600,0.0,0.0
2024-10-14 00:00:00-04:00,180.40013392485432,181.7977429879261,179.51795805075753,180.55873107910156,430300,0.0,0.0
2024-10-15 00:00:00-04:00,181.37150130119596,182.22394203494514,180.22170983155652,180.4298553466797,608500,0.0,0.0
2024-10-16 00:00:00-04:00,180.21178534688045,181.00475592152534,179.63688205837929,180.27125549316406,471600,0.0,0.0
2024-10-17 00:00:00-04:00,180.91556007038088,181.252567666543,179.9838207312744,180.8263397216797,592900,0.0,0.0
2024-10-18 00:00:00-04:00,181.02457760133095,181.4706188064971,180.40011083930523,180.99484252929688,371000,0.0,0.0
2024-10-21 00:00:00-04:00,180.88583194009723,181.1931044733743,178.75472238327808,180.10276794433594,489800,0.0,0.0
2024-10-22 00:00:00-04:00,179.04217208513134,179.94416121151403,178.06086926123282,179.75584411621094,382700,0.0,0.0
2024-10-23 00:00:00-04:00,179.02233849410078,180.12258158320705,178.6456740650527,178.7745361328125,1117400,0.0,0.0
2024-10-24 00:00:00-04:00,177.92209574548448,179.0223388366963,173.50129495679266,176.9903564453125,1220400,0.0,0.0
2024-10-25 00:00:00-04:00,176.01897501477967,177.12912475301684,174.13566799494922,174.25462341308594,779900,0.0,0.0
2024-10-28 00:00:00-04:00,174.25463052366467,175.75135140144528,174.25463052366467,175.35487365722656,719300,0.0,0.0
2024-10-29 00:00:00-04:00,175.83064770540915,180.32082540544337,175.17644582370258,178.8439178466797,986900,0.0,0.0
2024-10-30 00:00:00-04:00,177.47605575000563,178.57629884884742,176.0685401403924,176.15774536132812,852200,0.0,0.0
2024-10-31 00:00:00-04:00,176.13790443437662,176.96061003769324,174.69074720418004,175.19625854492188,1118900,0.0,0.0
2024-11-01 00:00:00-04:00,176.21720277397174,176.51456861359043,174.99801946865546,175.4044189453125,555000,0.0,0.0
2024-11-04 00:00:00-05:00,175.90994164365912,177.03001315786054,175.3548667736798,176.0784454345703,548500,0.0,0.0
2024-11-05 00:00:00-05:00,176.44518430761548,177.32736009092048,175.91984452231338,177.2084197998047,657200,0.0,0.0
2024-11-06 00:00:00-05:00,179.63686720545675,180.36046092449374,175.5233544312966,177.8229522705078,2244900,0.0,0.0
2024-11-07 00:00:00-05:00,178.82089114952018,180.90609838193927,177.69886463129836,180.61813354492188,1252900,0.315,0.0
2024-11-08 00:00:00-05:00,180.71743986628246,183.6267847849316,179.73441097519364,182.74305725097656,869800,0.0,0.0
2024-11-11 00:00:00-05:00,183.45797889211673,184.60980793349594,183.28917871124796,184.0537567138672,814000,0.0,0.0
2024-11-12 00:00:00-05:00,184.3516534187996,186.50635956158786,184.3516534187996,186.27798461914062,747700,0.0,0.0
2024-11-13 00:00:00-05:00,185.69212801397094,186.9730458199655,185.35452764311185,186.17868041992188,691800,0.0,0.0
2024-11-14 00:00:00-05:00,185.95030363536463,186.79430455413552,181.53166602750633,182.43524169921875,812700,0.0,0.0
2024-11-15 00:00:00-05:00,181.66072104627148,182.91185133524075,181.1940319942366,182.20684814453125,1312100,0.0,0.0
2024-11-18 00:00:00-05:00,182.39553000581097,184.86797315716314,181.66073936756746,184.6991729736328,1005600,0.0,0.0
2024-11-19 00:00:00-05:00,183.95446033005166,186.73473165457446,183.21968483480066,186.17868041992188,1088300,0.0,0.0
2024-11-20 00:00:00-05:00,187.0028180958834,187.20140564204303,184.04382274970695,185.2154998779297,861800,0.0,0.0
2024-11-21 00:00:00-05:00,185.1460215423606,188.14472866909054,184.00411651088163,187.67803955078125,753200,0.0,0.0
2024-11-22 00:00:00-05:00,188.66105589183593,189.43555796181747,188.224154180306,188.53196716308594,1097400,0.0,0.0
2024-11-25 00:00:00-05:00,189.1476052962069,191.6994863964661,188.27380188693078,191.4512481689453,1256800,0.0,0.0
2024-11-26 00:00:00-05:00,190.84554947293176,192.88110600282735,190.18027283022369,191.88815307617188,950900,0.0,0.0
2024-11-27 00:00:00-05:00,192.11652293358506,193.45701540967426,191.65977308409046,191.81863403320312,583600,0.0,0.0
2024-11-29 00:00:00-05:00,191.26258433666982,192.13638774432334,190.85548515924847,191.1136474609375,587500,0.0,0.0
2024-12-02 00:00:00-05:00,191.1335043835872,191.65976819529263,188.79013499228694,189.48519897460938,787800,0.0,0.0
2024-12-03 00:00:00-05:00,189.76322308651578,190.53772511095303,188.89935894031848,190.190185546875,920200,0.0,0.0
2024-12-04 00:00:00-05:00,189.9320266922878,190.31927771151302,189.3461881262499,189.66392517089844,772000,0.0,0.0
2024-12-05 00:00:00-05:00,189.18732879893798,189.87246877474624,188.35325193763225,188.95895385742188,743200,0.0,0.0
2024-12-06 00:00:00-05:00,188.9688640975114,190.20013114876417,188.64118782214757,189.0085906982422,671000,0.0,0.0
2024-12-09 00:00:00-05:00,189.36606524123252,189.8426784186053,184.589948787342,184.9573516845703,1034400,0.0,0.0
2024-12-10 00:00:00-05:00,185.4140757061824,185.68217720974647,183.78563368857502,184.48069763183594,769100,0.0,0.0
2024-12-11 00:00:00-05:00,185.13606936198852,185.8807840538318,183.44805242406227,183.53741455078125,986500,0.0,0.0
2024-12-12 00:00:00-05:00,183.9445273796451,184.3516417108226,182.59411081010586,182.941650390625,720800,0.0,0.0
2024-12-13 00:00:00-05:00,182.04797919753872,182.9515699636477,178.24496781107956,178.68186950683594,2051300,0.0,0.0
2024-12-16 00:00:00-05:00,178.83082712609803,179.87341557210277,176.68604518051387,176.82505798339844,1523800,0.0,0.0
2024-12-17 00:00:00-05:00,176.67609752271252,177.41088810361154,174.64055625288918,175.0178680419922,1447800,0.0,0.0
2024-12-18 00:00:00-05:00,175.38527182566168,176.81512639529276,173.39936606812037,173.4291534423828,1403700,0.0,0.0
2024-12-19 00:00:00-05:00,173.16105536556637,175.04765981223682,172.58514086627798,172.90289306640625,1143400,0.0,0.0
2024-12-20 00:00:00-05:00,172.90288198293007,173.94547033852893,171.99929126690373,173.05181884765625,1875700,0.0,0.0
2024-12-23 00:00:00-05:00,172.65465718956466,172.71423194008412,168.80199504254372,169.85452270507812,2997200,0.0,0.0
2024-12-24 00:00:00-05:00,170.00345074052785,171.7013914957428,169.0799967840237,171.48294067382812,453600,0.0,0.0
2024-12-26 00:00:00-05:00,170.77797681265417,171.4233901450387,170.52973858462028,170.6091766357422,469100,0.0,0.0
2024-12-27 00:00:00-05:00,170.4205129704315,171.55247868296829,169.49705888450833,170.06304931640625,445600,0.0,0.0
2024-12-30 00:00:00-05:00,168.9211415478103,170.77797376320396,168.42466510060768,169.9637451171875,782300,0.0,0.0
2024-12-31 00:00:00-05:00,169.75523890242198,170.37086486816406,169.09988633493307,170.37086486816406,1178800,0.0,0.0
2025-01-02 00:00:00-05:00,171.12549580949016,171.39359732960955,168.5835388593082,168.69276428222656,1204900,0.0,0.0
2025-01-03 00:00:00-05:00,168.81191849208952,170.053109627512,168.1665051621734,169.72543334960938,912300,0.0,0.0
2025-01-06 00:00:00-05:00,169.7154938546197,171.61203737352736,169.1197312545033,170.68858337402344,842800,0.0,0.0
2025-01-07 00:00:00-05:00,171.01626350051308,172.77379427079234,170.48999970707624,171.25457763671875,788000,0.0,0.0
2025-01-08 00:00:00-05:00,171.74113672048023,174.93843105360293,171.09570825799145,174.72991943359375,1059200,0.0,0.0
2025-01-10 00:00:00-05:00,173.31992279852753,175.90159111480517,173.06174536101912,173.5681610107422,1141600,0.0,0.0
2025-01-13 00:00:00-05:00,172.77380894396987,175.53421686327277,172.37663383448742,175.44485473632812,783700,0.0,0.0
2025-01-14 00:00:00-05:00,174.91859018397963,175.76259107599847,173.33979867603338,174.01499938964844,808900,0.0,0.0
2025-01-15 00:00:00-05:00,176.03070275348324,176.69597943068933,174.55119736159327,175.4547882080078,949500,0.0,0.0
2025-01-16 00:00:00-05:00,174.8590168493316,177.88751116163436,174.8590168493316,176.8747100830078,716200,0.0,0.0
2025-01-17 00:00:00-05:00,177.70878387854836,178.50314923842612,176.9839324951172,176.9839324951172,659400,0.0,0.0
2025-01-21 00:00:00-05:00,178.5230062216969,179.68477451937113,177.5995672404161,177.6194305419922,787100,0.0,0.0
2025-01-22 00:00:00-05:00,177.80806964321502,177.86764438851307,176.08032627328302,177.1924285888672,824400,0.0,0.0
2025-01-23 00:00:00-05:00,177.59956013833644,178.67195111166404,176.24914355910084,178.12582397460938,890900,0.0,0.0
2025-01-24 00:00:00-05:00,177.90735953024134,178.8506617033216,176.43779356108706,176.45765686035156,822000,0.0,0.0
2025-01-27 00:00:00-05:00,177.03355890687595,180.50889392009603,176.45765958064962,180.33016967773438,1347100,0.0,0.0
2025-01-28 00:00:00-05:00,180.6975589731666,182.81255343388412,179.64503135555867,181.6805877685547,1232300,0.0,0.0
2025-01-29 00:00:00-05:00,180.61811954626037,182.04797409181265,179.36700439453125,179.36700439453125,852600,0.0,0.0
2025-01-30 00:00:00-05:00,181.08483429025412,186.27798940432245,180.41955759646316,185.2552490234375,982400,0.0,0.0
2025-01-31 00:00:00-05:00,185.25523150256774,185.86091823184202,182.47496032714844,182.47496032714844,1042300,0.0,0.0
2025-02-03 00:00:00-05:00,179.9230661847648,186.77445042774775,179.12870081802282,186.00987243652344,1209100,0.0,0.0
2025-02-04 00:00:00-05:00,186.00988881981664,187.1021280379368,185.74178726528493,186.26805114746094,894900,0.0,0.0
2025-02-05 00:00:00-05:00,187.6184464407197,188.15464948861236,185.99994352506454,187.2411346435547,869900,0.0,0.0
2025-02-06 00:00:00-05:00,187.16170667000478,187.92626953125,185.7517153016416,187.92626953125,665400,0.0,0.0
2025-02-07 00:00:00-05:00,187.9262540630394,189.8525850482887,187.38014210746033,188.88941955566406,1145200,0.0,0.0
2025-02-10 00:00:00-05:00,189.13767013245194,189.3263336136212,187.6879673372999,188.2440185546875,865100,0.0,0.0
2025-02-11 00:00:00-05:00,187.8865341978552,188.6511121131755,187.27090829659502,188.59152221679688,608400,0.0,0.0
2025-02-12 00:00:00-05:00,187.23119826132765,189.74336791120396,187.23119826132765,188.6411895751953,1217500,0.0,0.0
2025-02-13 00:00:00-05:00,183.10051242319372,187.72767666759802,179.86349135781592,187.5191650390625,2273800,0.0,0.0
2025-02-14 00:00:00-05:00,187.89648819746742,190.22000968605073,186.70494765150116,187.70782470703125,1261700,0.0,0.0
2025-02-18 00:00:00-05:00,186.46661900155175,187.4992985054528,185.85099305004925,186.32760620117188,978900,0.0,0.0
2025-02-19 00:00:00-05:00,186.01978590095587,187.1219641860195,184.9970456631613,186.4964141845703,1019800,0.0,0.0
2025-02-20 00:00:00-05:00,186.5460474889579,187.4893648195268,184.96725609030798,186.5261993408203,870900,0.0,0.0
2025-02-21 00:00:00-05:00,186.62551513176174,187.10212833403645,185.3644605671648,186.05953979492188,866400,0.0,0.0
2025-02-24 00:00:00-05:00,185.79142670004956,188.3532471239541,185.79142670004956,186.62550354003906,803300,0.0,0.0
2025-02-25 00:00:00-05:00,187.15176267426983,188.3035917011879,186.34747323088607,187.6482391357422,880500,0.0,0.0
2025-02-26 00:00:00-05:00,186.69501831776768,188.6014861678688,186.46662822985135,186.5460662841797,727100,0.0,0.0
2025-02-27 00:00:00-05:00,185.75533882385642,187.4462059946103,185.08894483936075,185.31771850585938,846400,0.315,0.0
2025-02-28 00:00:00-05:00,186.0039901681393,188.75909343852464,185.61608874699309,188.73919677734375,1488100,0.0,0.0
2025-03-03 00:00:00-05:00,189.75370079364586,192.42923240946936,189.30612459686864,190.9373016357422,1179600,0.0,0.0
2025-03-04 00:00:00-05:00,191.22574623958658,192.26016013629123,189.64430316812883,189.66419982910156,1872400,0.0,0.0
2025-03-05 00:00:00-05:00,189.08731749577308,190.16150953442974,187.27710077043346,188.86849975585938,1216600,0.0,0.0
2025-03-06 00:00:00-05:00,186.7698340466295,187.53569607196562,183.5273767189442,184.7606964111328,1090900,0.0,0.0
2025-03-07 00:00:00-05:00,183.8357083334951,187.45612633652667,183.25882662386806,187.33677673339844,1366200,0.0,0.0
2025-03-10 00:00:00-04:00,186.31233597800232,188.54027638381268,184.56179402863046,185.23814392089844,1036500,0.0,0.0
2025-03-11 00:00:00-04:00,185.61607095064417,185.61607095064417,182.3935102767705,183.20909118652344,907300,0.0,0.0
2025-03-12 00:00:00-04:00,183.51743451774595,184.00480405697024,182.0255036740408,182.1846466064453,932100,0.0,0.0
2025-03-13 00:00:00-04:00,181.7867987961551,183.29861107684434,180.30480874057028,182.234375,1010600,0.0,0.0
2025-03-14 00:00:00-04:00,182.5725389116498,184.58167659709702,181.9857164514736,184.29322814941406,779100,0.0,0.0
2025-03-17 00:00:00-04:00,183.75615709212136,187.1478170034571,183.63680747586048,186.8892059326172,733100,0.0,0.0
2025-03-18 00:00:00-04:00,186.4117799226363,187.01849905955052,185.2580164529789,186.5709228515625,816400,0.0,0.0
2025-03-19 00:00:00-04:00,186.2924295469073,190.42009870325683,186.01393701078615,189.67413330078125,961700,0.0,0.0
2025-03-20 00:00:00-04:00,189.13704275742188,189.53488489691037,187.63515605093752,188.83865356445312,757900,0.0,0.0
2025-03-21 00:00:00-04:00,187.53572781086825,189.03759953850835,187.37658486342502,188.3015899658203,911000,0.0,0.0
2025-03-24 00:00:00-04:00,188.88839103936664,190.43005591697656,188.20210043614833,189.90289306640625,879000,0.0,0.0
2025-03-25 00:00:00-04:00,190.60907305547005,192.11094455507094,190.08192540172317,191.86228942871094,891800,0.0,0.0
2025-03-26 00:00:00-04:00,191.82251198371506,193.03595021890044,189.96257648832477,190.7085418701172,772300,0.0,0.0
2025-03-27 00:00:00-04:00,190.97707898718406,193.0359507312135,190.67870497503884,192.8668670654297,523200,0.0,0.0
2025-03-28 00:00:00-04:00,192.62815643672172,193.54320550412814,191.5042303800344,191.7926788330078,728800,0.0,0.0
2025-03-31 00:00:00-04:00,191.9617627368165,194.5875603350602,191.58380207799118,194.13998413085938,1330700,0.0,0.0
2025-04-01 00:00:00-04:00,192.8370391056989,196.67627507588725,192.81714244501353,195.452880859375,1101800,0.0,0.0
2025-04-02 00:00:00-04:00,193.41393262877486,195.77117864389362,190.78813479652035,195.5623016357422,1470100,0.0,0.0
2025-04-03 00:00:00-04:00,195.41309915205926,200.57518219466414,195.24401548107957,198.87437438964844,2125300,0.0,0.0
2025-04-04 00:00:00-04:00,196.99454013738307,199.60044107464756,185.93436467821576,185.94430541992188,3261100,0.0,0.0
2025-04-07 00:00:00-04:00,181.6873366966206,188.91823245003738,180.14567178629935,183.7561492919922,2319400,0.0,0.0
2025-04-08 00:00:00-04:00,188.222012175117,188.79889395770766,181.09058412884406,182.274169921875,1789000,0.0,0.0
2025-04-09 00:00:00-04:00,182.81125193522885,192.42923040162995,181.82657217122954,191.86228942871094,2496200,0.0,0.0
2025-04-10 00:00:00-04:00,189.50504747843792,192.18057911986887,187.14780168993332,190.78811645507812,1657600,0.0,0.0
2025-04-11 00:00:00-04:00,190.00236280414936,194.57762341330243,187.9136535746001,193.65261840820312,1469600,0.0,0.0
2025-04-14 00:00:00-04:00,194.77654869298135,195.63192299309827,193.09563749581042,194.73675537109375,1103100,0.0,0.0
2025-04-15 00:00:00-04:00,193.92116700847745,195.89051141916724,193.92116700847745,194.93568420410156,1166500,0.0,0.0
2025-04-16 00:00:00-04:00,195.9601494645196,197.74051361173576,194.80638595788608,195.5125732421875,1054800,0.0,0.0
2025-04-17 00:00:00-04:00,195.93031255825142,197.69078004900155,195.67170149562637,196.30825805664062,979300,0.0,0.0
2025-04-21 00:00:00-04:00,196.33809353296732,197.02438415134415,191.9717098580699,193.52333068847656,1017900,0.0,0.0
2025-04-22 00:00:00-04:00,195.52251219047352,196.8354034423828,194.20960576185885,196.8354034423828,1228000,0.0,0.0
2025-04-23 00:00:00-04:00,197.5415805881413,197.6808268528185,192.96632016011122,194.62733459472656,2362400,0.0,0.0
2025-04-24 00:00:00-04:00,198.56604864642858,198.70529491821975,189.9028968624973,195.66175842285156,1522500,0.0,0.0
2025-04-25 00:00:00-04:00,195.68166696660066,196.64645018570766,190.708563848196,193.4238739013672,1416500,0.0,0.0
2025-04-28 00:00:00-04:00,193.85154595366637,194.06042295427534,191.77279257334158,193.0359649658203,1426000,0.0,0.0
2025-04-29 00:00:00-04:00,192.3596179386435,194.69698241895316,191.60371174637817,194.47816467285156,1242100,0.0,0.0
2025-04-30 00:00:00-04:00,194.44833248146216,196.87520923840404,192.27011088114617,196.56687927246094,1152000,0.0,0.0
2025-05-01 00:00:00-04:00,195.61201857305676,195.9800233140394,192.86687136321672,195.12464904785156,743100,0.0,0.0
2025-05-02 00:00:00-04:00,196.53702558179754,197.76040460154417,195.57224243989907,196.73594665527344,664500,0.0,0.0
2025-05-05 00:00:00-04:00,196.89510948684992,197.6907938611811,195.39322260038054,196.85531616210938,539000,0.0,0.0
2025-05-06 00:00:00-04:00,196.29831845137474,197.7703526616133,195.77117075763988,197.31283569335938,731400,0.0,0.0
2025-05-07 00:00:00-04:00,197.39750262757144,197.90557558821277,195.7039615607329,197.6365966796875,891500,0.315,0.0
2025-05-08 00:00:00-04:00,197.59675021784386,198.24427569127246,194.49856017564002,194.8173370361328,1197900,0.0,0.0
2025-05-09 00:00:00-04:00,194.45870053700165,194.66790972409754,193.23337587213123,194.54835510253906,631300,0.0,0.0
2025-05-12 00:00:00-04:00,194.90700852182803,194.90700852182803,183.30125574647806,185.8714599609375,3108100,0.0,0.0
2025-05-13 00:00:00-04:00,185.60247204202344,186.79791191618577,183.92885925836467,185.0645294189453,1799100,0.0,0.0
2025-05-14 00:00:00-04:00,185.83159321713418,186.100572127463,183.59013776636016,185.5725860595703,1190100,0.0,0.0
2025-05-15 00:00:00-04:00,186.74810141798767,190.24476623535156,186.09060421104488,190.24476623535156,1032900,0.0,0.0
2025-05-16 00:00:00-04:00,190.3543557445294,191.25093182102935,189.03936128476442,191.191162109375,1287000,0.0,0.0
2025-05-19 00:00:00-04:00,190.2547275387982,192.91458608694944,190.15511642064232,192.63565063476562,1340500,0.0,0.0
2025-05-20 00:00:00-04:00,192.34675897295625,195.8334673322943,192.34675897295625,195.28555297851562,1465800,0.0,0.0
2025-05-21 00:00:00-04:00,194.65795750790568,195.8235277802377,193.50237418970553,195.18594360351562,1168500,0.0,0.0
2025-05-22 00:00:00-04:00,195.03650629448833,195.56449235485672,192.61574173855513,194.16981506347656,1097400,0.0,0.0
2025-05-23 00:00:00-04:00,194.89702847374286,196.29170569290778,193.7912432496758,196.09246826171875,859500,0.0,0.0
2025-05-27 00:00:00-04:00,197.24806566009661,197.24806566009661,194.58820720484175,195.70394897460938,768000,0.0,0.0
2025-05-28 00:00:00-04:00,195.86335395415242,196.3315702969818,194.12995631043245,194.73764038085938,573300,0.0,0.0
2025-05-29 00:00:00-04:00,194.7376361159503,195.33536362161607,192.93451224834254,193.6517791748047,704700,0.0,0.0
2025-05-30 00:00:00-04:00,194.5882266336276,196.60055984145964,193.62190903981357,196.34153747558594,1968000,0.0,0.0
2025-06-02 00:00:00-04:00,195.1361391478334,196.32162248561173,194.23954782978217,195.5644989013672,888000,0.0,0.0
2025-06-03 00:00:00-04:00,194.19970460867913,195.0863241655019,192.04790370644312,192.56593322753906,954600,0.0,0.0
2025-06-04 00:00:00-04:00,192.8847021722367,192.8847021722367,190.7030165027817,190.80264282226562,911600,0.0,0.0
2025-06-05 00:00:00-04:00,191.00187850577345,191.67930403018818,189.5972446993437,191.35055541992188,829300,0.0,0.0
2025-06-06 00:00:00-04:00,190.89229689300203,192.34675906913802,189.35815190249667,189.49761962890625,692600,0.0,0.0
2025-06-09 00:00:00-04:00,189.35815003579347,189.68689864498424,186.60863694189143,188.2722930908203,645900,0.0,0.0
2025-06-10 00:00:00-04:00,188.42172009010986,190.15511772702533,187.8837774860145,188.11289978027344,658700,0.0,0.0
2025-06-11 00:00:00-04:00,188.27229508849288,189.17882771041624,187.2561643948344,188.60104370117188,595300,0.0,0.0
2025-06-12 00:00:00-04:00,189.30833287983353,190.9221758355682,188.89988626484038,190.73291015625,712800,0.0,0.0
2025-06-13 00:00:00-04:00,190.9122404621094,191.98814095222895,189.73672884564232,189.9459228515625,494800,0.0,0.0
2025-06-16 00:00:00-04:00,189.8462890252929,190.60339733854883,186.23006963263055,186.36953735351562,935400,0.0,0.0
2025-06-17 00:00:00-04:00,185.6224050516618,187.73434938957323,184.81548349617086,187.0071258544922,1048000,0.0,0.0
2025-06-18 00:00:00-04:00,186.70825675211867,187.5550348940809,185.11434199191808,186.4293212890625,948300,0.0,0.0
2025-06-20 00:00:00-04:00,186.887574834031,187.4055891333048,184.3273273899882,185.01470947265625,1292100,0.0,0.0
2025-06-23 00:00:00-04:00,185.32353525522691,186.96726317036175,184.5963117437692,186.91746520996094,756600,0.0,0.0
2025-06-24 00:00:00-04:00,186.79790913962506,188.1726733349408,185.18406609353616,187.44544982910156,701000,0.0,0.0
2025-06-25 00:00:00-04:00,187.20635235403628,187.20635235403628,184.2974431830322,184.974853515625,1000500,0.0,0.0
2025-06-26 00:00:00-04:00,185.8714368297918,187.46535147394067,185.04458705277668,186.77798461914062,1208300,0.0,0.0
2025-06-27 00:00:00-04:00,185.5128075594556,187.82398916590097,184.61623150194978,185.1940155029297,870300,0.0,0.0
2025-06-30 00:00:00-04:00,185.78178774249255,186.31973034054977,184.68595904165485,186.0109100341797,1048100,0.0,0.0
2025-07-01 00:00:00-04:00,186.64848587086877,186.66841417548883,184.39707387576172,185.1641387939453,528500,0.0,0.0
2025-07-02 00:00:00-04:00,185.00476143911456,185.0246745432666,176.92555905934788,177.4236602783203,3255800,0.0,0.0
2025-07-03 00:00:00-04:00,178.86814386056668,180.59156975537115,177.1845593733694,180.0436553955078,1360700,0.0,0.0
2025-07-07 00:00:00-04:00,180.33255266652375,181.75711472282515,178.9179471613649,181.51803588867188,1632200,0.0,0.0
2025-07-08 00:00:00-04:00,180.21301538723512,181.66747763858365,179.1570432325506,180.50192260742188,1365900,0.0,0.0
2025-07-09 00:00:00-04:00,179.59537493272063,181.56785151060154,179.02754744551922,181.3785858154297,1643100,0.0,0.0
2025-07-10 00:00:00-04:00,181.0298946241881,182.45445670690367,179.0574182016428,181.31878662109375,1336800,0.0,0.0
2025-07-11 00:00:00-04:00,181.10959219616043,183.06214031045337,180.61149101586344,182.68359375,1389800,0.0,0.0
2025-07-14 00:00:00-04:00,181.88662601810037,184.8652765026722,181.88662601810037,183.73956298828125,1333700,0.0,0.0
2025-07-15 00:00:00-04:00,183.39090006985003,184.37714593913785,182.0759207783089,182.9226837158203,1469100,0.0,0.0
2025-07-16 00:00:00-04:00,182.92268180595445,183.05219298362744,180.25286664142757,182.14564514160156,1350200,0.0,0.0
2025-07-17 00:00:00-04:00,181.55789217194712,182.30504399158477,179.83446623088557,181.5379638671875,1184500,0.0,0.0
2025-07-18 00:00:00-04:00,182.42458404278113,183.1717358649758,181.13948959697709,181.9464111328125,1095700,0.0,0.0
2025-07-21 00:00:00-04:00,181.77704639645364,182.0659383933593,180.48198028435837,181.31878662109375,1129200,0.0,0.0
2025-07-22 00:00:00-04:00,181.27895128618448,184.66603335355546,181.27895128618448,184.07827758789062,1723700,0.0,0.0
2025-07-23 00:00:00-04:00,183.88901030122543,184.7955581971876,182.6238441088492,183.7296142578125,1376500,0.0,0.0
2025-07-24 00:00:00-04:00,180.36243407306193,188.67075781958158,179.86433291030883,187.52513122558594,1758000,0.0,0.0
2025-07-25 00:00:00-04:00,187.78415277398585,189.02940577646586,186.2400360107422,186.2400360107422,1632200,0.0,0.0
2025-07-28 00:00:00-04:00,185.29365435783345,186.77800146988514,185.12430176666132,185.35342407226562,763300,0.0,0.0
2025-07-29 00:00:00-04:00,185.990985707747,191.18120691875632,185.67220884304024,191.11146545410156,1812000,0.0,0.0
2025-07-30 00:00:00-04:00,189.61716908590103,191.00188987169102,188.29221801447216,188.47154235839844,1640200,0.0,0.0
2025-07-31 00:00:00-04:00,189.1489500750144,190.00568477083334,185.61244361750528,185.9611053466797,1665400,0.0,0.0
2025-08-01 00:00:00-04:00,187.4753390553863,187.4753390553863,184.7756237626847,185.8614959716797,1129600,0.0,0.0
2025-08-04 00:00:00-04:00,185.98102169597973,187.00710891443893,185.32352448778983,186.65843200683594,626400,0.0,0.0
2025-08-05 00:00:00-04:00,186.8078732890791,188.23243538643018,186.11053466796875,186.11053466796875,1011300,0.0,0.0
2025-08-06 00:00:00-04:00,185.95586099500403,187.7620302645676,185.02782010130457,187.46266174316406,772800,0.315,0.0
2025-08-07 00:00:00-04:00,188.63018695737648,188.63018695737648,186.55458447736152,187.67222595214844,692100,0.0,0.0
2025-08-08 00:00:00-04:00,187.94164466193536,190.22680968578067,187.34292283793303,187.4925994873047,864400,0.0,0.0
2025-08-11 00:00:00-04:00,188.00151335105886,190.2467544271934,187.6622361316956,190.17691040039062,1090700,0.0,0.0
2025-08-12 00:00:00-04:00,190.49622888042234,190.5960234649894,186.5346244520602,187.00363159179688,1566400,0.0,0.0
2025-08-13 00:00:00-04:00,187.62232913629316,187.62232913629316,183.9301579340183,185.34715270996094,1352600,0.0,0.0
2025-08-14 00:00:00-04:00,185.3271907387617,185.69640329101625,184.18960252565168,184.3392791748047,868500,0.0,0.0
2025-08-15 00:00:00-04:00,183.5210145489092,184.98790656152218,183.03204546919983,184.3791961669922,904200,0.0,0.0
2025-08-18 00:00:00-04:00,184.60870437843514,185.27728542656982,183.74054939789704,184.42909240722656,940400,0.0,0.0
2025-08-19 00:00:00-04:00,184.95797215883564,186.0356744506471,184.1596611941661,185.77622985839844,646100,0.0,0.0
2025-08-20 00:00:00-04:00,186.77412571789657,188.35078577834892,185.39703960369422,185.4070281982422,1352200,0.0,0.0
2025-08-21 00:00:00-04:00,184.98790703850798,186.90384421315355,184.68853852416942,186.0855712890625,614400,0.0,0.0
2025-08-22 00:00:00-04:00,186.75415781726232,187.6921720839798,183.6008530231365,184.38917541503906,805800,0.0,0.0
2025-08-25 00:00:00-04:00,184.08980676176458,184.6087111863614,181.76473305855987,181.80465698242188,898000,0.0,0.0
2025-08-26 00:00:00-04:00,182.01419886709851,182.70274188130594,180.94646994659286,182.49319458007812,1739600,0.0,0.0
2025-08-27 00:00:00-04:00,181.54519953768295,182.9622095495706,181.54519953768295,182.8424530029297,791700,0.0,0.0
2025-08-28 00:00:00-04:00,183.71062919361492,183.71062919361492,181.4553994148976,182.85244750976562,636200,0.0,0.0
2025-08-29 00:00:00-04:00,183.21168090971526,184.9380175909371,182.4632672053888,184.4191131591797,690000,0.0,0.0
2025-09-02 00:00:00-04:00,183.73057503825362,184.72846000409513,180.8566766906611,182.46327209472656,1271600,0.0,0.0
2025-09-03 00:00:00-04:00,182.0740914037212,182.53310994562102,179.34985457610034,180.30783081054688,898300,0.0,0.0
2025-09-04 00:00:00-04:00,181.4553984509567,181.76474035398297,180.24796616969184,180.88661193847656,601600,0.0,0.0
2025-09-05 00:00:00-04:00,180.73691907653705,180.89658432449545,178.50166651118377,178.9207763671875,924700,0.0,0.0
2025-09-08 00:00:00-04:00,178.54157311696088,178.92077426978787,176.89506904292475,178.0126953125,1392700,0.0,0.0
2025-09-09 00:00:00-04:00,177.4439070191104,178.25219138280835,176.62563406106042,177.23434448242188,1688000,0.0,0.0
2025-09-10 00:00:00-04:00,176.82520712998198,178.31206116209862,175.63772162314925,175.83731079101562,1293800,0.0,0.0
2025-09-11 00:00:00-04:00,176.58571724710117,178.33201580868578,176.03687751101444,177.76321411132812,1944700,0.0,0.0
2025-09-12 00:00:00-04:00,177.95281570653486,178.0027129967432,174.2606446288434,175.69760131835938,1527300,0.0,0.0
2025-09-15 00:00:00-04:00,175.88719726453206,176.87510885477306,175.0489775539424,175.19866943359375,1085000,0.0,0.0
2025-09-16 00:00:00-04:00,175.17870998029886,175.60779320977696,172.76383017385683,173.21287536621094,989700,0.0,0.0
2025-09-17 00:00:00-04:00,173.46233314737026,174.83941917513243,172.81369882962767,172.9833526611328,1407600,0.0,0.0
2025-09-18 00:00:00-04:00,172.04534663654752,175.488046643785,171.6362101556499,175.03900146484375,1115500,0.0,0.0
2025-09-19 00:00:00-04:00,175.70757324931287,176.63559888823775,172.83365989377637,173.60203552246094,1514500,0.0,0.0
2025-09-22 00:00:00-04:00,173.56211749417508,173.82157731934254,171.90564009275812,172.60415649414062,1386300,0.0,0.0
2025-09-23 00:00:00-04:00,172.61412530261518,172.77379054057556,170.33894895448267,171.6661376953125,2273000,0.0,0.0
2025-09-24 00:00:00-04:00,171.64618328486736,172.68399215074925,170.78800162622173,171.88568115234375,824100,0.0,0.0
2025-09-25 00:00:00-04:00,172.92347620250965,173.57211055560668,170.27908717689024,170.95765686035156,1169600,0.0,0.0
2025-09-26 00:00:00-04:00,172.04534912109375,172.69396825265179,171.29693540321168,172.04534912109375,699800,0.0,0.0
2025-09-29 00:00:00-04:00,171.72601825771207,173.9812480010628,171.456600282944,173.9313507080078,1116900,0.0,0.0
2025-09-30 00:00:00-04:00,174.16085873267042,175.95705468412973,174.00119348664828,175.4281768798828,970500,0.0,0.0
2025-10-01 00:00:00-04:00,175.17870170721392,176.27636598929433,173.83155096725662,174.74960327148438,1005500,0.0,0.0
2025-10-02 00:00:00-04:00,174.03112949382825,174.03112949382825,172.48441999983532,172.66403198242188,1017400,0.0,0.0
2025-10-03 00:00:00-04:00,173.10309879432532,174.85937077709124,172.02538125040684,174.05108642578125,557200,0.0,0.0
2025-10-06 00:00:00-04:00,173.33260157531961,175.19865666533462,173.04322165817572,173.78164672851562,1105300,0.0,0.0
2025-10-07 00:00:00-04:00,173.6519375068845,174.06105875067243,172.3746460313405,173.09312438964844,738400,0.0,0.0
2025-10-08 00:00:00-04:00,173.4224111906724,174.15087813546515,172.31475833546253,173.3226318359375,868000,0.0,0.0
2025-10-09 00:00:00-04:00,173.72178335517086,173.72178335517086,169.5107077434587,169.8400115966797,946300,0.0,0.0
2025-10-10 00:00:00-04:00,171.58631517984324,173.49227910062191,170.53853293049,172.4844207763672,1311400,0.0,0.0
2025-10-13 00:00:00-04:00,171.1672080549287,172.3546936080309,169.64044526565905,171.63621520996094,599400,0.0,0.0
2025-10-14 00:00:00-04:00,172.63409439227115,173.58208203871746,171.2071262386811,172.1950225830078,991900,0.0,0.0
2025-10-15 00:00:00-04:00,171.97548843527485,173.3126506124076,169.2113580899742,169.38099670410156,1584000,0.0,0.0
2025-10-16 00:00:00-04:00,169.12152887871272,170.7381127735164,169.04169625939394,170.47865295410156,1355700,0.0,0.0
2025-10-17 00:00:00-04:00,170.96762582810922,172.8336657631987,170.50859206347752,172.60415649414062,834900,0.0,0.0
2025-10-20 00:00:00-04:00,172.38461713681275,173.7916385055782,171.89564805239004,173.63197326660156,680600,0.0,0.0
2025-10-21 00:00:00-04:00,174.1009846391575,174.1009846391575,172.25489143140265,173.43240356445312,1279300,0.0,0.0
2025-10-22 00:00:00-04:00,175.65768756824627,179.35984745428738,172.63409737000276,178.092529296875,2485600,0.0,0.0
2025-10-23 00:00:00-04:00,177.55366142512338,179.13032146957883,176.42606178831932,176.43603515625,1450700,0.0,0.0
2025-10-24 00:00:00-04:00,177.1844394814668,177.78317650894277,174.67975387710635,176.44601440429688,1230900,0.0,0.0
2025-10-27 00:00:00-04:00,175.84728080946016,176.6755271154799,173.04322663662498,174.4103240966797,1454600,0.0,0.0
2025-10-28 00:00:00-04:00,173.63197945680147,174.62986439620838,170.2591234891211,173.7716827392578,1115000,0.0,0.0
2025-10-29 00:00:00-04:00,172.83366094496787,172.9334555251757,167.48499729325223,168.07374572753906,1320300,0.0,0.0
2025-10-30 00:00:00-04:00,168.76230168094094,170.66826563282757,168.69245765065267,170.62835693359375,1465300,0.0,0.0
2025-10-31 00:00:00-04:00,169.1913877577211,169.88990414207709,167.11578533955236,167.32533264160156,1839500,0.0,0.0
2025-11-03 00:00:00-05:00,166.9561179299796,167.28542176971806,164.02233392732342,165.40939331054688,1241800,0.0,0.0
2025-11-04 00:00:00-05:00,165.96823201418454,168.3731231689453,164.92044977250853,168.3731231689453,3286900,0.0,0.0
2025-11-05 00:00:00-05:00,167.60476343664374,168.4629451054436,165.55909623731097,165.60899353027344,962500,0.0,0.0
2025-11-06 00:00:00-05:00,166.58691499731555,166.74658024272867,164.31173854298416,164.96035766601562,1071700,0.0,0.0
2025-11-07 00:00:00-05:00,166.04804236729933,166.14783694856527,164.48137098172845,165.82850646972656,766100,0.0,0.0
2025-11-10 00:00:00-05:00,164.67098268521303,165.96823619681325,162.9246839805825,165.5890350341797,1086200,0.0,0.0
2025-11-11 00:00:00-05:00,166.10793820243182,167.59477705736006,165.59900712461027,167.0858612060547,735300,0.0,0.0
2025-11-12 00:00:00-05:00,168.3531660068006,169.14148836796403,167.32533056466636,168.4329833984375,1028700,0.0,0.0
2025-11-13 00:00:00-05:00,167.68458410744793,169.5406507656709,167.02599159763952,167.0359649658203,1039600,0.0,0.0
2025-11-14 00:00:00-05:00,167.62471158631527,169.98970929934066,166.05804011439005,168.27334594726562,1584400,0.0,0.0
2025-11-17 00:00:00-05:00,168.73235314319223,169.3410635378493,167.4650502903691,168.95188903808594,972500,0.0,0.0
2025-11-18 00:00:00-05:00,169.6304595155966,172.30478373702556,168.91198116997074,171.79586791992188,1158700,0.0,0.0
2025-11-19 00:00:00-05:00,172.07527912628362,174.619888733635,170.9775996167546,174.31053161621094,1163300,0.0,0.0
2025-11-20 00:00:00-05:00,173.821580963736,175.4880469943009,172.71392806599337,173.1529998779297,1085000,0.0,0.0
2025-11-21 00:00:00-05:00,172.6340913722038,175.62774613588365,171.15722595221277,174.92922973632812,1077700,0.0,0.0
2025-11-24 00:00:00-05:00,174.9990734393421,174.9990734393421,172.42452852015757,172.7837677001953,1346800,0.0,0.0
2025-11-25 00:00:00-05:00,172.76382631560517,176.91501613664533,172.76382631560517,176.12669372558594,730400,0.0,0.0
2025-11-26 00:00:00-05:00,176.5557687734762,177.2942090840548,175.79738172790658,176.6555633544922,443200,0.0,0.0
2025-11-28 00:00:00-05:00,176.89506834385534,177.71332608041328,175.87722143721973,176.1765899658203,457100,0.0,0.0
2025-12-01 00:00:00-05:00,176.1266882926295,176.8551400204438,173.7217819822588,173.79164123535156,784100,0.0,0.0
2025-12-02 00:00:00-05:00,173.86148555462725,174.46022259794444,172.49438808508887,172.9134979248047,600300,0.0,0.0
2025-12-03 00:00:00-05:00,173.53217928135817,174.2107489360808,172.67399765205667,173.89141845703125,761900,0.0,0.0
2025-12-04 00:00:00-05:00,173.7716771390539,174.31052828930092,172.66402428294833,172.88356018066406,842900,0.0,0.0
2025-12-05 00:00:00-05:00,172.6740067108966,174.43029398477694,172.19502619370928,172.74386596679688,744400,0.0,0.0
2025-12-08 00:00:00-05:00,172.48441149121467,172.7937533747535,169.999672602394,170.03958129882812,779000,0.0,0.0
2025-12-09 00:00:00-05:00,170.60839358165612,171.3667806730546,167.69457131278892,167.96400451660156,956700,0.0,0.0
2025-12-10 00:00:00-05:00,167.53490650359146,169.05169591688338,166.92619606464984,167.65464782714844,1213600,0.0,0.0
2025-12-11 00:00:00-05:00,168.54275501825262,171.44660375744033,168.24340172680263,170.99755859375,1059600,0.0,0.0
2025-12-12 00:00:00-05:00,171.95553543269986,172.79375510484576,170.688217330386,172.26487731933594,1024400,0.0,0.0
2025-12-15 00:00:00-05:00,172.3047901770294,176.32626525344088,171.5264411445959,176.0967559814453,1911500,0.0,0.0
2025-12-16 00:00:00-05:00,176.02689098764188,177.0746731822202,175.4481311426137,175.647705078125,1419300,0.0,0.0
2025-12-17 00:00:00-05:00,175.54791396094845,176.47595485783478,175.0290095371681,175.62774658203125,1291300,0.0,0.0
2025-12-18 00:00:00-05:00,174.65980194766485,176.2165000366958,173.97125889447437,175.24855041503906,1303000,0.0,0.0
2025-12-19 00:00:00-05:00,175.23857720734875,175.6177783619781,174.3604335762138,174.80947875976562,1131900,0.0,0.0
2025-12-22 00:00:00-05:00,174.2406813312272,176.95492945138318,173.60203561039725,176.62562561035156,813100,0.0,0.0
2025-12-23 00:00:00-05:00,177.09464256058556,177.69337961871025,176.49590550246086,177.31417846679688,702000,0.0,0.0
2025-12-24 00:00:00-05:00,177.1146013398448,178.0625889760752,176.63560561134713,177.46385192871094,314800,0.0,0.0
2025-12-26 00:00:00-05:00,177.85302009727457,178.44178375590312,176.98486511342878,177.76321411132812,603400,0.0,0.0
2025-12-29 00:00:00-05:00,178.38190467722387,179.1802156668491,177.81311818468254,178.16236877441406,776600,0.0,0.0
2025-12-30 00:00:00-05:00,177.85302598058436,178.45176302639683,177.69337596468122,177.773193359375,816200,0.0,0.0
2025-12-31 00:00:00-05:00,177.6734181730316,177.922889410223,174.76956931775965,174.98910522460938,1238300,0.0,0.0
2026-01-02 00:00:00-05:00,174.51012655721254,174.80947986379368,173.01329911824246,173.75172424316406,679100,0.0,0.0
2026-01-05 00:00:00-05:00,172.494395449039,175.26851443024165,171.19714195081448,173.57211303710938,999200,0.0,0.0
2026-01-06 00:00:00-05:00,174.05109203012694,175.53794609467576,171.37676765935925,173.9313507080078,1359500,0.0,0.0
2026-01-07 00:00:00-05:00,176.12669792848786,176.12669792848786,168.08374747349188,168.17355346679688,2007900,0.0,0.0
2026-01-08 00:00:00-05:00,168.1635652885115,168.5926484808571,166.76651731190037,167.86419677734375,2432300,0.0,0.0
2026-01-09 00:00:00-05:00,167.62470266432845,167.8342651947776,165.76863612548084,165.95823669433594,2024500,0.0,0.0
2026-01-12 00:00:00-05:00,166.1578186584789,166.68669646740832,165.04019237946065,165.86843872070312,1811500,0.0,0.0
2026-01-13 00:00:00-05:00,166.1777804219225,166.1777804219225,161.71723345269936,162.71511840820312,1879500,0.0,0.0
2026-01-14 00:00:00-05:00,162.25609680517118,164.89051242911458,162.25609680517118,164.4414520263672,3137100,0.0,0.0
2026-01-15 00:00:00-05:00,164.36162956190708,167.28542502767044,163.6431512114878,167.27545166015625,2394800,0.0,0.0
2026-01-16 00:00:00-05:00,166.41726880933442,167.55485698472148,164.25186040647114,166.7565460205078,1989500,0.0,0.0
2026-01-20 00:00:00-05:00,166.34741823328022,166.34741823328022,163.76289986537932,163.90260314941406,2080100,0.0,0.0
2026-01-21 00:00:00-05:00,163.89262792576724,166.7066555370384,163.89262792576724,166.14784240722656,2744800,0.0,0.0
2026-01-22 00:00:00-05:00,166.53701595455055,169.82005068633117,166.1678034016144,169.7901153564453,1596200,0.0,0.0
2026-01-23 00:00:00-05:00,169.48076895561712,171.76593391956447,169.34106567769354,169.85997009277344,1178600,0.0,0.0
2026-01-26 00:00:00-05:00,170.41878802199565,171.51646754136485,169.7701689046966,170.92770385742188,1017000,0.0,0.0
2026-01-27 00:00:00-05:00,171.40670268563903,171.40670268563903,168.52281577976575,169.2013702392578,1362000,0.0,0.0
2026-01-28 00:00:00-05:00,168.0537976798125,169.13151518627396,166.89624755511153,169.0017852783203,1320800,0.0,0.0
2026-01-29 00:00:00-05:00,168.61262230277003,169.94978448999598,164.96035970794446,166.8762969970703,1284400,0.0,0.0
2026-01-30 00:00:00-05:00,167.19561662613464,167.24551391601562,164.57117448884773,167.24551391601562,1558000,0.0,0.0
2026-02-02 00:00:00-05:00,168.6126160670556,169.3310944272212,166.4172722894454,167.7444610595703,1145900,0.0,0.0
2026-02-03 00:00:00-05:00,166.60687695629574,167.95401249483785,165.3395588139427,165.96823120117188,1121100,0.0,0.0
2026-02-04 00:00:00-05:00,166.0779882967986,170.64830328791322,164.59114943603547,168.92196655273438,1616200,0.0,0.0
2026-02-05 00:00:00-05:00,169.81007033864998,171.93557003227377,168.80221207871634,168.82215881347656,1578000,0.0,0.0
2026-02-06 00:00:00-05:00,168.64255862121146,171.07740036535793,168.21347539616926,168.84213256835938,1399700,0.0,0.0
2026-02-09 00:00:00-05:00,168.61261309918135,171.4865264892578,168.39307720263298,171.4865264892578,1811000,0.0,0.0
2026-02-10 00:00:00-05:00,171.5963045891525,172.5243302941327,170.049579854336,170.2890625,2007200,0.0,0.0
2026-02-11 00:00:00-05:00,169.78013972914417,172.39459334782,169.1115586597315,171.3368377685547,2024300,0.0,0.0
2026-02-12 00:00:00-05:00,169.84999523959775,172.91349395959602,155.32077833005235,157.2467041015625,4582900,0.0,0.0
2026-02-13 00:00:00-05:00,157.26667338567694,161.84696162778758,157.16687880059402,159.92103576660156,2415200,0.0,0.0
2026-02-17 00:00:00-05:00,160.87900263406266,162.87477240724144,160.25033028302656,160.93887329101562,2493000,0.0,0.0
2026-02-18 00:00:00-05:00,160.60957173265652,162.51553554747935,158.20466546745172,162.41574096679688,1339200,0.0,0.0
2026-02-19 00:00:00-05:00,163.0344464206448,166.09794526961414,162.6752072330719,165.70877075195312,1663800,0.0,0.0
2026-02-20 00:00:00-05:00,165.47925815470214,165.6488967639653,162.12636421355162,163.27392578125,3110300,0.0,0.0
2026-02-23 00:00:00-05:00,163.85270178568567,164.09219964944467,161.73719061528578,162.65524291992188,1865500,0.0,0.0
2026-02-24 00:00:00-05:00,162.7151099839124,166.60687024479768,162.7151099839124,165.12998962402344,2005800,0.0,0.0
2026-02-25 00:00:00-05:00,166.14999389648438,167.0800018310547,164.75,166.60000610351562,1866600,0.35,0.0
2026-02-26 00:00:00-05:00,167.92999267578125,169.9199981689453,166.27000427246094,169.33999633789062,1708700,0.0,0.0
2026-02-27 00:00:00-05:00,170.0,172.47000122070312,168.83999633789062,172.1300048828125,1863300,0.0,0.0
2026-03-02 00:00:00-05:00,171.24000549316406,173.94000244140625,170.97000122070312,173.16000366210938,1123700,0.0,0.0
2026-03-03 00:00:00-05:00,172.24000549316406,173.4199981689453,170.00999450683594,172.57000732421875,1325300,0.0,0.0
2026-03-04 00:00:00-05:00,171.58999633789062,172.32000732421875,169.74000549316406,169.83999633789062,1625700,0.0,0.0
2026-03-05 00:00:00-05:00,170.9499969482422,170.9499969482422,167.41000366210938,170.72999572753906,1960100,0.0,0.0
2026-03-06 00:00:00-05:00,169.7100067138672,171.89999389648438,168.6699981689453,170.13999938964844,2012900,0.0,0.0
2026-03-09 00:00:00-04:00,168.7899932861328,172.13999938964844,167.75,171.72999572753906,1333200,0.0,0.0
2026-03-10 00:00:00-04:00,171.30999755859375,171.30999755859375,163.92999267578125,165.5399932861328,1407400,0.0,0.0
2026-03-11 00:00:00-04:00,165.47000122070312,167.3300018310547,164.6699981689453,166.69000244140625,1036700,0.0,0.0
2026-03-12 00:00:00-04:00,166.47999572753906,169.97000122070312,166.13999938964844,166.9600067138672,1763000,0.0,0.0
2026-03-13 00:00:00-04:00,168.99000549316406,169.4600067138672,165.86000061035156,166.52000427246094,1067200,0.0,0.0
2026-03-16 00:00:00-04:00,166.60000610351562,167.60000610351562,165.6199951171875,167.24000549316406,931700,0.0,0.0
2026-03-17 00:00:00-04:00,167.77000427246094,168.83999633789062,166.85000610351562,167.0399932861328,885800,0.0,0.0
2026-03-18 00:00:00-04:00,166.74000549316406,166.97000122070312,163.69000244140625,163.7100067138672,1120600,0.0,0.0
2026-03-19 00:00:00-04:00,163.72999572753906,165.5800018310547,163.6199951171875,164.8300018310547,1440100,0.0,0.0
2026-03-20 00:00:00-04:00,164.6300048828125,165.9499969482422,162.16000366210938,162.58999633789062,1168800,0.0,0.0
2026-03-23 00:00:00-04:00,164.25999450683594,164.3000030517578,162.25,162.3000030517578,1365300,0.0,0.0
2026-03-24 00:00:00-04:00,161.32000732421875,161.66000366210938,157.77999877929688,157.77999877929688,1339900,0.0,0.0
2026-03-25 00:00:00-04:00,159.25999450683594,159.47999572753906,154.89999389648438,157.05999755859375,1097500,0.0,0.0
2026-03-26 00:00:00-04:00,156.9499969482422,159.5,156.9499969482422,157.17999267578125,1046700,0.0,0.0
2026-03-27 00:00:00-04:00,157.6199951171875,157.97000122070312,155.8699951171875,156.02000427246094,1027300,0.0,0.0
2026-03-30 00:00:00-04:00,156.7899932861328,163.4199981689453,156.41000366210938,161.86000061035156,1474400,0.0,0.0
2026-03-31 00:00:00-04:00,162.66000366210938,163.05999755859375,160.39999389648438,162.44000244140625,1549200,0.0,0.0
2026-04-01 00:00:00-04:00,162.82000732421875,165.10000610351562,162.44000244140625,162.82000732421875,1918700,0.0,0.0
2026-04-02 00:00:00-04:00,162.80999755859375,167.1999969482422,162.64999389648438,166.0800018310547,1938000,0.0,0.0
2026-04-06 00:00:00-04:00,166.0800018310547,167.0800018310547,165.35000610351562,165.5,789500,0.0,0.0
2026-04-07 00:00:00-04:00,165.32000732421875,165.89999389648438,163.07000732421875,164.0,992200,0.0,0.0
2026-04-08 00:00:00-04:00,163.2899932861328,165.7899932861328,161.91000366210938,163.00999450683594,2025900,0.0,0.0
2026-04-09 00:00:00-04:00,163.00999450683594,164.42999267578125,163.00999450683594,163.8000030517578,1225800,0.0,0.0
2026-04-10 00:00:00-04:00,164.5800018310547,164.5800018310547,160.82000732421875,161.58999633789062,1134300,0.0,0.0
2026-04-13 00:00:00-04:00,161.77000427246094,162.2100067138672,160.0500030517578,161.7100067138672,1322800,0.0,0.0
2026-04-14 00:00:00-04:00,161.8699951171875,163.19000244140625,158.63999938964844,159.60000610351562,1327700,0.0,0.0
2026-04-15 00:00:00-04:00,159.72000122070312,160.9600067138672,159.14999389648438,159.8000030517578,1100100,0.0,0.0
2026-04-16 00:00:00-04:00,159.58999633789062,162.1199951171875,159.58999633789062,159.99000549316406,1098300,0.0,0.0
2026-04-17 00:00:00-04:00,160.7100067138672,160.82000732421875,158.1999969482422,159.6300048828125,1333200,0.0,0.0
2026-04-20 00:00:00-04:00,159.72999572753906,160.8699951171875,159.22999572753906,159.8800048828125,1048900,0.0,0.0
2026-04-21 00:00:00-04:00,159.3000030517578,159.64999389648438,156.49000549316406,157.92999267578125,2485600,0.0,0.0
2026-04-22 00:00:00-04:00,157.85000610351562,158.77999877929688,155.32000732421875,156.50999450683594,2246300,0.0,0.0
2026-04-23 00:00:00-04:00,162.5,170.38999938964844,161.22999572753906,168.88999938964844,2736500,0.0,0.0
2026-04-24 00:00:00-04:00,168.75,169.32000732421875,165.74000549316406,166.07000732421875,1428700,0.0,0.0
2026-04-27 00:00:00-04:00,165.4600067138672,167.00999450683594,161.49000549316406,161.5399932861328,1444200,0.0,0.0
2026-04-28 00:00:00-04:00,163.0,163.64999389648438,160.32000732421875,163.5399932861328,1676200,0.0,0.0
2026-04-29 00:00:00-04:00,163.4499969482422,164.0,161.0,163.75,1598700,0.0,0.0
2026-04-30 00:00:00-04:00,163.42999267578125,165.17999267578125,162.91000366210938,164.72000122070312,1272800,0.0,0.0
2026-05-01 00:00:00-04:00,166.0399932861328,166.5500030517578,161.0800018310547,161.22999572753906,1265600,0.0,0.0
2026-05-04 00:00:00-04:00,160.75999450683594,162.08999633789062,159.41000366210938,160.61000061035156,942600,0.0,0.0
2026-05-05 00:00:00-04:00,160.35000610351562,160.35000610351562,157.47999572753906,157.66000366210938,1284500,0.0,0.0
2026-05-06 00:00:00-04:00,157.63999938964844,157.89999389648438,153.32000732421875,153.47999572753906,1649346,0.0,0.0
