Date,Open,High,Low,Close,Volume,Change
2022-01-03,5770,5840,5700,5820,74928,0.006920415224913601
2022-01-04,5830,5860,5740,5860,64612,0.0068728522336769515
2022-01-05,6010,6490,5770,5770,1651897,-0.015358361774744034
2022-01-06,5810,5850,5600,5660,182378,-0.01906412478336217
2022-01-07,5710,5950,5660,5930,160570,0.04770318021201403
2022-01-10,5900,5910,5780,5850,79465,-0.013490725126475533
2022-01-11,5980,6010,5700,5740,201969,-0.018803418803418848
2022-01-12,5800,5960,5770,5890,116039,0.026132404181184565
2022-01-13,5900,6470,5890,6100,1770120,0.035653650254668934
2022-01-14,6060,6560,5920,6250,1227313,0.024590163934426146
2022-01-17,6310,6440,5970,5980,543455,-0.043200000000000016
2022-01-18,6000,6220,5770,6000,386089,0.0033444816053511683
2022-01-19,6000,6130,5830,5900,252697,-0.01666666666666672
2022-01-20,6400,6630,6170,6280,2858165,0.06440677966101704
2022-01-21,6320,6920,6280,6650,3380012,0.05891719745222934
2022-01-24,6660,6940,6370,6380,1639866,-0.04060150375939853
2022-01-25,6440,6970,6360,6620,2581512,0.037617554858934144
2022-01-26,6520,6520,6110,6110,837649,-0.07703927492447127
2022-01-27,6150,6190,5540,5630,569537,-0.07855973813420625
2022-01-28,5520,5640,5300,5600,384766,-0.005328596802841923
2022-02-03,5700,6010,5700,6010,245465,0.07321428571428568
2022-02-04,5920,6150,5870,6130,260566,0.019966722129783676
2022-02-07,6110,6170,5940,6150,161560,0.0032626427406199365
2022-02-08,6050,6140,5990,6090,134923,-0.009756097560975618
2022-02-09,6030,6030,5890,5960,135608,-0.021346469622331665
2022-02-10,5910,6020,5850,5870,135601,-0.015100671140939603
2022-02-11,5810,6180,5810,6120,489950,0.042589437819420706
2022-02-14,6570,6700,6250,6390,1343790,0.044117647058823595
2022-02-15,6250,6560,6110,6200,647337,-0.029733959311424085
2022-02-16,5810,5990,5740,5930,438449,-0.04354838709677422
2022-02-17,5890,6590,5890,6360,1746947,0.07251264755480613
2022-02-18,6430,6560,6150,6230,789536,-0.020440251572327095
2022-02-21,6410,6540,6090,6090,795850,-0.022471910112359605
2022-02-22,6400,6460,6140,6270,1392452,0.029556650246305383
2022-02-23,6170,6260,6030,6100,449499,-0.027113237639553422
2022-02-24,6230,7430,6180,7140,10489191,0.17049180327868863
2022-02-25,6380,7070,6330,6440,2508290,-0.0980392156862745
2022-02-28,6700,7010,6230,6250,1613420,-0.029503105590062084
2022-03-02,6300,6510,6210,6290,791815,0.006399999999999961
2022-03-03,6230,6310,6100,6160,483161,-0.020667726550079535
2022-03-04,6160,6270,6080,6120,395245,-0.00649350649350644
2022-03-07,6200,6330,6080,6140,470382,0.0032679738562091387
2022-03-08,6270,6390,5880,5900,472150,-0.039087947882736174
2022-03-10,5850,6130,5820,6050,371081,0.025423728813559254
2022-03-11,6160,6330,6050,6270,601976,0.036363636363636376
2022-03-14,6450,6750,6370,6590,1518860,0.05103668261562988
2022-03-15,6590,6640,6400,6570,588724,-0.003034901365705611
2022-03-16,6460,6720,6300,6340,906647,-0.03500761035007616
2022-03-17,6190,6400,6180,6400,326047,0.009463722397476282
2022-03-18,6370,6500,6340,6480,283215,0.012499999999999956
2022-03-21,6520,6570,6440,6530,288295,0.007716049382715973
2022-03-22,6520,6550,6420,6430,191091,-0.015313935681470103
2022-03-23,6430,6600,6380,6570,351452,0.021772939346811793
2022-03-24,6550,6630,6470,6600,444677,0.004566210045662045
2022-03-25,6700,6730,6430,6450,908198,-0.022727272727272707
2022-03-28,6460,6520,6430,6510,258629,0.009302325581395321
2022-03-29,6490,6500,6350,6370,274584,-0.021505376344086002
2022-03-30,6330,6430,6280,6370,134879,0.0
2022-03-31,6420,6450,6340,6370,124232,0.0
2022-04-01,6370,6570,6370,6560,332685,0.02982731554160134
2022-04-04,6620,6820,6560,6810,734537,0.038109756097560954
2022-04-05,6690,6770,6620,6770,328094,-0.005873715124816492
2022-04-06,6780,7340,6670,6970,2646824,0.02954209748892178
2022-04-07,7000,7690,6940,7630,6863835,0.09469153515064566
2022-04-08,7540,7900,7430,7710,2345211,0.010484927916120546
2022-04-11,7650,7770,7480,7570,685736,-0.01815823605706879
2022-04-12,7500,7550,6720,7040,1985545,-0.07001321003963012
2022-04-13,7010,7160,6880,7090,550302,0.007102272727272707
2022-04-14,7050,7200,6990,7080,540977,-0.0014104372355430161
2022-04-15,7040,7040,6810,6850,511170,-0.03248587570621464
2022-04-18,6880,6890,6680,6720,476469,-0.01897810218978102
2022-04-19,6720,6820,6640,6820,238612,0.014880952380952328
2022-04-20,6770,6820,6700,6750,152079,-0.01026392961876832
2022-04-21,6730,7080,6730,7080,460677,0.04888888888888898
2022-04-22,6940,7000,6880,6970,385611,-0.015536723163841804
2022-04-25,6870,6910,6770,6790,205259,-0.02582496413199431
2022-04-26,6820,6950,6680,6700,341085,-0.013254786450662692
2022-04-27,6660,7060,6640,6800,721783,0.014925373134328401
2022-04-28,6810,6830,6640,6690,287594,-0.016176470588235348
2022-04-29,6680,6740,6590,6740,198018,0.007473841554558991
2022-05-02,6700,7000,6700,6980,436467,0.035608308605341144
2022-05-03,7030,7070,6870,7000,393993,0.002865329512893977
2022-05-04,7090,7600,6940,7170,2587804,0.024285714285714244
2022-05-06,7070,7200,6960,7160,445033,-0.001394700139469962
2022-05-09,7290,7640,7200,7450,2671690,0.0405027932960893
2022-05-10,7200,8380,7010,8040,8090155,0.07919463087248313
2022-05-11,7820,8120,7650,8050,2634075,0.0012437810945273853
2022-05-12,7900,8190,7310,7430,2199930,-0.07701863354037264
2022-05-13,7520,7560,7020,7060,1012645,-0.04979811574697168
2022-05-16,7030,7270,6970,6980,584859,-0.011331444759206777
2022-05-17,6920,6980,6770,6970,593775,-0.0014326647564469885
2022-05-18,7160,7550,7020,7550,1329104,0.08321377331420376
2022-05-19,7340,7890,7310,7790,2678615,0.03178807947019857
2022-05-20,7670,7810,7600,7630,732679,-0.020539152759948665
2022-05-23,7630,7780,7330,7480,943236,-0.019659239842726106
2022-05-24,7540,8030,7470,7840,2720902,0.048128342245989275
2022-05-25,7870,7970,7530,7920,2231736,0.010204081632652962
2022-05-26,7830,8000,7720,7870,917710,-0.0063131313131312705
2022-05-27,7780,8060,7770,7950,978562,0.010165184243964509
2022-05-30,7960,8020,7790,8000,603015,0.0062893081761006275
2022-05-31,7930,8200,7690,7790,1861351,-0.026249999999999996
2022-06-02,7700,7880,7650,7800,466911,0.0012836970474967568
2022-06-03,7950,8320,7840,8320,2910761,0.06666666666666665
2022-06-07,8880,9180,8450,8770,7938543,0.05408653846153855
2022-06-08,8660,9520,8630,9170,9432428,0.04561003420752563
2022-06-09,9170,9210,8570,8680,2210156,-0.05343511450381677
2022-06-10,8510,8730,8040,8070,2129242,-0.07027649769585254
2022-06-13,8070,8340,7520,7580,1685267,-0.060718711276332105
2022-06-14,7400,7520,7170,7440,908387,-0.01846965699208447
2022-06-15,7350,7440,6720,6780,1050611,-0.08870967741935487
2022-06-16,6840,7020,6600,6670,717866,-0.016224188790560423
2022-06-17,6500,6840,6430,6780,633132,0.016491754122938573
2022-06-20,6710,6780,6050,6160,1057670,-0.09144542772861353
2022-06-21,6150,6280,6100,6150,440962,-0.0016233766233766378
2022-06-22,6210,6240,5580,5640,880868,-0.08292682926829265
2022-06-23,5710,5800,5360,5370,685061,-0.0478723404255319
2022-06-24,5350,5710,5320,5710,531400,0.06331471135940414
2022-06-27,5670,5860,5590,5820,448524,0.019264448336252293
2022-06-28,5810,5920,5730,5920,377809,0.01718213058419238
2022-06-29,5780,6160,5750,5980,662995,0.010135135135135087
2022-06-30,6000,6110,5800,5940,611439,-0.006688963210702337
2022-07-01,5910,6020,5690,5850,507339,-0.015151515151515138
2022-07-04,5920,6000,5440,5550,417569,-0.05128205128205132
2022-07-05,5700,6260,5650,5920,2740632,0.06666666666666665
2022-07-06,5850,5860,5630,5650,404856,-0.045608108108108114
2022-07-07,5710,5790,5580,5780,302711,0.023008849557522026
2022-07-08,5820,6030,5780,5830,497316,0.00865051903114189
2022-07-11,5900,5970,5820,5860,228599,0.005145797598627766
2022-07-12,5780,5850,5460,5500,326677,-0.061433447098976135
2022-07-13,5480,5550,5290,5460,335404,-0.0072727272727273196
2022-07-14,5380,5490,5300,5380,191928,-0.0146520146520146
2022-07-15,5380,5410,5150,5230,367004,-0.027881040892193343
2022-07-18,5270,5420,5240,5360,171972,0.0248565965583174
2022-07-19,5400,5480,5340,5410,151093,0.009328358208955168
2022-07-20,5460,5530,5410,5470,171238,0.01109057301293892
2022-07-21,5470,5610,5440,5570,173995,0.018281535648994485
2022-07-22,5590,5810,5490,5710,364100,0.025134649910233398
2022-07-25,5760,5850,5690,5820,299540,0.019264448336252293
2022-07-26,5740,5820,5720,5750,142000,-0.012027491408934665
2022-07-27,5730,5820,5670,5740,202684,-0.0017391304347825765
2022-07-28,5800,5900,5780,5810,384621,0.012195121951219523
2022-07-29,5950,6260,5870,6140,1851666,0.05679862306368322
2022-08-01,6270,6590,6250,6440,1353549,0.04885993485342022
2022-08-02,6500,6720,6400,6560,1566040,0.01863354037267073
2022-08-03,6500,6670,6290,6370,1010035,-0.02896341463414631
2022-08-04,6370,6450,6290,6370,282135,0.0
2022-08-05,6390,6460,6250,6460,321532,0.014128728414442682
2022-08-08,6430,6510,6400,6470,323610,0.001547987616099089
2022-08-09,6580,6630,6380,6450,668105,-0.0030911901081916993
2022-08-10,6400,6540,6330,6350,279624,-0.015503875968992276
2022-08-11,6450,6600,6340,6600,445056,0.03937007874015741
2022-08-12,6660,6700,6570,6610,507151,0.0015151515151514694
2022-08-16,6610,6730,6540,6660,488233,0.0075642965204236745
2022-08-17,6560,6630,6470,6530,384550,-0.019519519519519468
2022-08-18,6440,6550,6420,6500,141009,-0.004594180704441064
2022-08-19,6500,6600,6460,6490,214557,-0.0015384615384614886
2022-08-22,6420,6510,6300,6310,253970,-0.027734976887519247
2022-08-23,6250,6330,6060,6190,249512,-0.019017432646592725
2022-08-24,6240,6490,6230,6410,289407,0.035541195476575194
2022-08-25,6410,6450,6360,6430,102345,0.0031201248049921304
2022-08-26,6440,6590,6380,6570,260976,0.021772939346811793
2022-08-29,6280,6400,6250,6270,317467,-0.045662100456621
2022-08-30,6280,6350,6110,6140,158731,-0.020733652312599715
2022-08-31,6100,6150,5900,6010,278040,-0.021172638436482094
2022-09-01,5960,6070,5840,6010,273466,0.0
2022-09-02,5920,6040,5900,5940,174435,-0.011647254575707144
2022-09-05,5940,6020,5600,5810,230616,-0.02188552188552184
2022-09-06,5800,5950,5800,5870,68855,0.010327022375215211
2022-09-07,5810,5900,5720,5840,151321,-0.005110732538330498
2022-09-08,5870,5920,5800,5820,107735,-0.003424657534246589
2022-09-13,5860,6020,5840,6020,155020,0.03436426116838498
2022-09-14,5800,5900,5760,5840,138662,-0.029900332225913595
2022-09-15,5860,5940,5780,5830,70365,-0.001712328767123239
2022-09-16,5770,5840,5600,5630,129026,-0.03430531732418529
2022-09-19,5600,5980,5590,5730,227055,0.017761989342806483
2022-09-20,5680,5810,5680,5770,61733,0.00698080279232105
2022-09-21,5770,5880,5600,5760,82785,-0.0017331022530329143
2022-09-22,5890,5900,5640,5760,227439,0.0
2022-09-23,5780,5780,5430,5470,198706,-0.05034722222222221
2022-09-26,5510,5650,4920,5030,424798,-0.08043875685557589
2022-09-27,4995,5070,4785,4875,167233,-0.030815109343936387
2022-09-28,4875,4905,4460,4505,251513,-0.07589743589743592
2022-09-29,4655,4910,4650,4825,404884,0.07103218645948939
2022-09-30,4810,4890,4610,4890,186541,0.013471502590673534
2022-10-04,5000,5350,4950,5220,477361,0.06748466257668717
2022-10-05,5280,5650,5230,5370,1036991,0.028735632183908066
2022-10-06,5380,5500,5320,5440,195129,0.013035381750465591
2022-10-07,5470,5540,5380,5500,233352,0.011029411764705843
2022-10-11,5490,5820,5340,5430,664017,-0.012727272727272698
2022-10-12,5350,5350,4990,5020,285875,-0.07550644567219156
2022-10-13,5010,5070,4735,4735,208122,-0.056772908366533814
2022-10-14,4805,5360,4805,5310,503611,0.12143611404435051
2022-10-17,5220,5350,5100,5310,171496,0.0
2022-10-18,5310,5430,5290,5400,106837,0.016949152542372836
2022-10-19,5500,5670,5430,5630,412801,0.042592592592592515
2022-10-20,5540,5680,5470,5480,255109,-0.026642984014209614
2022-10-21,5430,5450,5280,5450,208743,-0.005474452554744547
2022-10-24,5440,5510,5390,5450,146780,0.0
2022-10-25,5440,5520,5420,5450,116640,0.0
2022-10-26,5450,5460,5310,5400,121575,-0.00917431192660545
2022-10-27,5400,5460,5350,5430,105768,0.005555555555555536
2022-10-28,5370,5470,5320,5450,151273,0.0036832412523020164
2022-10-31,5420,5420,5170,5170,212850,-0.05137614678899083
2022-11-01,5170,5700,5110,5450,1225575,0.05415860735009681
2022-11-02,5560,5810,5500,5650,2055807,0.03669724770642202
2022-11-03,5840,5900,5540,5600,909244,-0.008849557522123908
2022-11-04,5610,5760,5550,5720,776050,0.021428571428571352
2022-11-07,5480,5730,5440,5580,394418,-0.02447552447552448
2022-11-08,5610,5670,5530,5570,246683,-0.0017921146953404632
2022-11-09,5560,5670,5530,5550,245505,-0.0035906642728904536
2022-11-10,5500,5970,5460,5940,1008441,0.07027027027027022
2022-11-11,5870,5910,5760,5760,584172,-0.030303030303030276
2022-11-14,5780,5780,5600,5630,268114,-0.02256944444444442
2022-11-15,5590,5690,5570,5660,151872,0.005328596802841812
2022-11-16,5720,5780,5600,5630,376459,-0.005300353356890497
2022-11-17,5640,5640,5450,5480,242578,-0.026642984014209614
2022-11-18,5480,5600,5440,5520,201953,0.007299270072992803
2022-11-21,5480,5500,5200,5200,237436,-0.05797101449275366
2022-11-22,5150,5260,5000,5010,226374,-0.03653846153846152
2022-11-23,5060,5100,5010,5010,109778,0.0
2022-11-24,5010,5120,4990,5100,114431,0.017964071856287456
2022-11-25,5110,5140,5070,5100,53238,0.0
2022-11-28,5040,5100,4900,4910,131831,-0.03725490196078429
2022-11-29,4910,5010,4895,4985,51519,0.015274949083503131
2022-11-30,4935,5020,4935,4990,52521,0.0010030090270811698
2022-12-01,5010,5390,4995,5230,413116,0.04809619238476959
2022-12-02,5240,5320,5190,5260,207708,0.005736137667303964
2022-12-05,5260,5260,5030,5080,126152,-0.034220532319391594
2022-12-06,5040,5140,4990,5020,77215,-0.011811023622047223
2022-12-07,5030,5080,4980,4990,73631,-0.005976095617529875
2022-12-08,4940,5020,4850,4850,114558,-0.028056112224448926
2022-12-09,4860,4900,4800,4820,86642,-0.006185567010309256
2022-12-12,4805,4855,4800,4835,53205,0.003112033195020736
2022-12-13,4805,4915,4795,4800,83241,-0.007238883143743546
2022-12-14,4795,4845,4775,4820,56239,0.004166666666666652
2022-12-15,4805,4955,4805,4835,78156,0.003112033195020736
2022-12-16,4835,4850,4755,4815,50244,-0.004136504653567741
2022-12-19,4835,4900,4795,4800,48266,-0.0031152647975077885
2022-12-20,4790,4830,4745,4750,77670,-0.01041666666666663
2022-12-21,4790,4820,4735,4735,62531,-0.0031578947368421373
2022-12-22,4780,4810,4735,4755,42546,0.004223864836325308
2022-12-23,4720,4725,4565,4565,98580,-0.039957939011566745
2022-12-26,4545,4675,4460,4600,133230,0.00766703176341732
2022-12-27,4700,4775,4590,4625,132828,0.005434782608695565
2022-12-28,4640,4800,4640,4650,132345,0.00540540540540535
2022-12-29,4665,4680,4510,4580,115895,-0.01505376344086018
2023-01-02,4670,4795,4670,4705,203084,0.02729257641921401
2023-01-03,4650,4750,4625,4730,90448,0.005313496280552554
2023-01-04,4710,4805,4650,4740,70500,0.0021141649048626032
2023-01-05,4820,4820,4690,4735,86655,-0.0010548523206751481
2023-01-06,4715,4820,4700,4810,120411,0.015839493136219573
2023-01-09,4800,4850,4740,4820,67688,0.0020790020790020236
2023-01-10,4855,4855,4760,4810,49757,-0.0020746887966804906
2023-01-11,4810,4865,4770,4845,85621,0.007276507276507305
2023-01-12,4860,4905,4855,4870,70731,0.005159958720330149
2023-01-13,4895,4900,4835,4860,63499,-0.002053388090349051
2023-01-16,4895,4900,4820,4830,61428,-0.006172839506172867
2023-01-17,4830,4845,4775,4775,63359,-0.011387163561076608
2023-01-18,4775,4800,4715,4720,74231,-0.011518324607329822
2023-01-19,4690,4770,4690,4705,51859,-0.0031779661016949623
2023-01-20,4725,4735,4680,4720,34196,0.0031880977683316214
2023-01-25,4730,4825,4730,4785,62248,0.013771186440677985
2023-01-26,4785,4855,4785,4845,62411,0.012539184952978122
2023-01-27,4850,4865,4815,4865,36495,0.0041279669762641635
2023-01-30,4865,4865,4815,4850,31309,-0.0030832476875641834
2023-01-31,4810,4890,4810,4865,36106,0.003092783505154628
2023-02-01,4865,4900,4860,4900,54133,0.007194244604316502
2023-02-02,4940,4950,4895,4930,77304,0.00612244897959191
2023-02-03,4970,4970,4910,4950,111708,0.0040567951318457585
2023-02-06,4920,4975,4910,4955,65036,0.0010101010101009056
2023-02-07,4935,4980,4930,4945,63113,-0.0020181634712411745
2023-02-08,4945,4965,4900,4925,67978,-0.004044489383215333
2023-02-09,4950,4950,4610,4805,140760,-0.024365482233502544
2023-02-10,4780,4795,4660,4710,117638,-0.019771071800208095
2023-02-13,4680,4730,4555,4555,122683,-0.03290870488322717
2023-02-14,4535,4580,4490,4555,116294,0.0
2023-02-15,4530,4695,4465,4490,85863,-0.014270032930845278
2023-02-16,4500,4525,4480,4515,82195,0.0055679287305121505
2023-02-17,4435,4600,4435,4575,96440,0.013289036544850585
2023-02-20,4800,4800,4600,4600,288932,0.005464480874316946
2023-02-21,4585,4635,4580,4595,49467,-0.0010869565217391797
2023-02-22,4550,4650,4510,4570,83274,-0.005440696409140355
2023-02-23,4565,4595,4500,4520,68876,-0.01094091903719907
2023-02-24,4525,4545,4460,4505,93513,-0.0033185840707964376
2023-02-27,4480,4510,4410,4460,68454,-0.009988901220865709
2023-02-28,4495,4530,4435,4485,130842,0.005605381165919354
2023-03-02,4510,4555,4490,4505,32019,0.004459308807134965
2023-03-03,4560,4560,4465,4525,41302,0.004439511653718142
2023-03-06,4530,4565,4505,4565,49282,0.008839779005524795
2023-03-07,4585,4685,4560,4680,227252,0.025191675794085322
2023-03-08,4660,4670,4610,4615,56769,-0.01388888888888884
2023-03-09,4645,4680,4610,4625,80411,0.0021668472372697867
2023-03-10,4625,4675,4575,4585,94718,-0.008648648648648671
2023-03-13,4525,4550,4410,4500,101417,-0.018538713195201728
2023-03-14,4500,4525,4365,4380,133206,-0.026666666666666616
2023-03-15,4405,4455,4400,4400,56846,0.004566210045662045
2023-03-16,4360,4395,4170,4170,183690,-0.05227272727272725
2023-03-17,4220,4270,4160,4250,85207,0.01918465227817756
2023-03-20,4260,4340,4220,4315,57162,0.015294117647058902
2023-03-21,4315,4340,4255,4310,57483,-0.0011587485515642815
2023-03-22,4310,4350,4210,4255,52174,-0.012761020881670526
2023-03-23,4160,4240,4020,4160,319288,-0.022326674500587562
2023-03-24,4170,4170,4090,4125,75683,-0.008413461538461564
2023-03-27,4115,4145,3950,4010,244320,-0.027878787878787836
2023-03-28,4035,4135,4000,4120,68459,0.027431421446383997
2023-03-29,4150,4150,4080,4130,45596,0.0024271844660195274
2023-03-30,4165,4175,4070,4155,57737,0.006053268765133124
2023-03-31,4140,4185,4085,4110,68275,-0.010830324909747335
2023-04-03,4135,4240,4105,4230,103593,0.029197080291970767
2023-04-04,4235,4300,4220,4270,94218,0.009456264775413725
2023-04-05,4250,4285,4185,4245,70241,-0.005854800936768156
2023-04-06,4220,4250,4070,4090,108333,-0.036513545347467646
2023-04-07,4085,4120,4050,4075,50828,-0.003667481662591676
2023-04-10,4075,4195,4040,4165,156381,0.022085889570552242
2023-04-11,4165,4260,4100,4220,99909,0.013205282112845218
2023-04-12,4240,4255,4195,4245,90451,0.005924170616113722
2023-04-13,4290,4290,4210,4235,89753,-0.002355712603062443
2023-04-14,4210,4280,4210,4265,79195,0.007083825265643551
2023-04-17,4280,4300,4200,4295,75054,0.00703399765533419
2023-04-18,4310,4310,4195,4275,87270,-0.00465657741559955
2023-04-19,4245,4360,4225,4340,160065,0.015204678362572999
2023-04-20,4400,5110,4355,4565,5355518,0.05184331797235031
2023-04-21,4540,4650,4445,4510,580873,-0.012048192771084376
2023-04-24,4580,4700,4475,4580,565023,0.015521064301552201
2023-04-25,4625,4625,4360,4430,388375,-0.03275109170305679
2023-04-26,4385,4430,4180,4180,352949,-0.05643340857787815
2023-04-27,4195,4195,3995,4075,192448,-0.02511961722488043
2023-04-28,4095,4100,3950,3985,247842,-0.02208588957055213
2023-05-02,4000,4070,3965,4025,161508,0.010037641154328814
2023-05-03,4005,4080,3980,4060,99747,0.008695652173912993
2023-05-04,4050,4175,4015,4085,130524,0.006157635467980205
2023-05-08,4085,4125,4055,4115,87398,0.007343941248469932
2023-05-09,4105,4125,4010,4020,74662,-0.023086269744835963
2023-05-10,4045,4115,4025,4090,84156,0.017412935323383172
2023-05-11,4175,4215,4105,4130,116113,0.009779951100244544
2023-05-12,4155,4175,4035,4070,65481,-0.014527845036319653
2023-05-15,4020,4060,4000,4030,82260,-0.009828009828009798
2023-05-16,4030,4085,3995,4000,104712,-0.007444168734491274
2023-05-17,4080,4135,4055,4070,69150,0.01750000000000007
2023-05-18,4115,4260,4110,4240,176675,0.041769041769041726
2023-05-19,4280,4440,4195,4255,298042,0.0035377358490567
2023-05-22,4300,4420,4200,4355,157336,0.023501762632197387
2023-05-23,4355,4380,4295,4340,55707,-0.003444316877152742
2023-05-24,4345,4420,4255,4350,144237,0.0023041474654377225
2023-05-25,4305,4355,4285,4305,72581,-0.010344827586206917
2023-05-26,4300,4480,4300,4415,268577,0.025551684088269466
2023-05-30,4485,4485,4345,4345,203269,-0.015855039637599044
2023-05-31,4515,4590,4250,4265,395431,-0.018411967779056404
2023-06-01,4265,4310,4175,4245,108847,-0.004689331770222793
2023-06-02,4290,4290,4220,4255,59484,0.002355712603062443
2023-06-05,4275,4335,4245,4300,80902,0.010575793184488758
2023-06-07,4300,4300,4225,4260,96757,-0.009302325581395321
2023-06-08,4230,4260,4210,4235,54081,-0.005868544600938996
2023-06-09,4235,4235,4165,4180,100847,-0.012987012987012991
2023-06-12,4185,4230,4145,4185,69371,0.0011961722488038617
2023-06-13,4170,4210,4145,4155,45741,-0.007168458781361964
2023-06-14,4155,4155,4050,4070,153617,-0.020457280385078214
2023-06-15,4060,4090,4025,4035,84563,-0.008599508599508643
2023-06-16,4040,4110,4040,4075,40777,0.00991325898389106
2023-06-19,4140,4885,4080,4525,4127720,0.11042944785276076
2023-06-20,5490,5880,5060,5140,18840480,0.1359116022099447
2023-06-21,5050,5210,5010,5130,1716271,-0.0019455252918287869
2023-06-22,5000,5000,4720,4720,911950,-0.0799220272904484
2023-06-23,4675,4980,4545,4560,1922177,-0.03389830508474578
2023-06-26,4650,4820,4575,4710,932634,0.03289473684210531
2023-06-27,4695,4780,4640,4695,459229,-0.0031847133757961776
2023-06-28,4710,4895,4710,4835,701414,0.029818956336528313
2023-06-29,4800,4800,4610,4740,321445,-0.01964839710444677
2023-06-30,4695,4740,4570,4665,196773,-0.015822784810126556
2023-07-03,4660,4760,4650,4740,184683,0.016077170418006492
2023-07-04,4720,4735,4610,4645,171557,-0.020042194092827037
2023-07-05,4650,4750,4600,4680,175453,0.00753498385360607
2023-07-06,4750,4750,4480,4485,251491,-0.04166666666666663
2023-07-07,4490,4745,4490,4635,294769,0.03344481605351168
2023-07-10,4605,5030,4605,4920,2087908,0.06148867313915862
2023-07-11,4915,4950,4785,4885,422352,-0.007113821138211351
2023-07-12,4885,4940,4785,4835,272080,-0.010235414534288667
2023-07-13,4850,4910,4630,4715,334763,-0.024819027921406445
2023-07-14,4800,4825,4660,4750,213828,0.007423117709437932
2023-07-17,4960,5110,4820,5110,1463221,0.07578947368421063
2023-07-18,5060,5110,4660,4720,618580,-0.07632093933463802
2023-07-19,4745,4770,4575,4575,253111,-0.03072033898305082
2023-07-20,4575,4630,4490,4505,139308,-0.015300546448087426
2023-07-21,4485,4525,4410,4430,138001,-0.01664816870144281
2023-07-24,4415,4460,4040,4200,210313,-0.05191873589164786
2023-07-25,4110,4260,4110,4180,207729,-0.004761904761904745
2023-07-26,4115,4155,3785,3955,386819,-0.053827751196172224
2023-07-27,3910,4055,3910,3955,136570,0.0
2023-07-28,3920,4070,3920,4030,65651,0.01896333754740831
2023-07-31,4025,4090,4005,4060,66023,0.007444168734491274
2023-08-01,4080,4115,4035,4075,84333,0.003694581280788256
2023-08-02,4075,4150,4005,4035,209368,-0.009815950920245453
2023-08-03,4030,4030,3920,3970,100530,-0.01610904584882278
2023-08-04,3965,4015,3930,4015,73902,0.01133501259445846
2023-08-07,4015,4035,3945,3985,77938,-0.007471980074719831
2023-08-08,3985,3995,3890,3900,104759,-0.021329987452948562
2023-08-09,3900,3960,3895,3950,51629,0.012820512820512775
2023-08-10,3950,4035,3945,4025,93965,0.018987341772152
2023-08-11,4025,4055,3985,4050,57354,0.006211180124223503
2023-08-14,4060,4060,3985,3985,41123,-0.016049382716049387
2023-08-16,3985,3990,3900,3915,65160,-0.017565872020075313
2023-08-17,3875,3965,3800,3965,74382,0.012771392081736943
2023-08-18,3900,4040,3900,4010,58855,0.011349306431273742
2023-08-21,3990,4065,3960,4065,92114,0.013715710723191998
2023-08-22,4030,4105,4010,4070,100178,0.0012300123001229846
2023-08-23,4050,4115,4020,4055,126551,-0.0036855036855036882
2023-08-24,4020,4050,3970,3985,85522,-0.01726263871763256
2023-08-25,3935,3995,3925,3935,81823,-0.012547051442910906
2023-08-28,3945,4015,3930,3950,115686,0.003811944091486552
2023-08-29,3980,3995,3950,3970,85437,0.005063291139240533
2023-08-30,4000,4020,3955,3980,76033,0.0025188916876575096
2023-08-31,3990,4030,3940,3940,107344,-0.01005025125628145
2023-09-01,3935,4095,3915,3965,192974,0.006345177664974555
2023-09-04,4025,4025,3900,3920,133923,-0.011349306431273631
2023-09-05,3960,3980,3905,3910,105323,-0.0025510204081632404
2023-09-06,3910,3930,3880,3880,89375,-0.007672634271099765
2023-09-07,3905,3925,3840,3860,117468,-0.005154639175257714
2023-09-08,3835,3900,3835,3890,65406,0.007772020725388629
2023-09-11,3910,3970,3880,3900,124348,0.0025706940874035134
2023-09-12,3920,3940,3850,3890,101881,-0.002564102564102555
2023-09-13,3895,3985,3830,3830,163852,-0.015424164524421635
2023-09-14,3830,3940,3815,3825,74953,-0.0013054830287205776
2023-09-15,3845,3945,3835,3885,61570,0.015686274509803866
2023-09-18,3885,3915,3840,3860,53919,-0.006435006435006385
2023-09-19,3860,3865,3720,3775,88984,-0.022020725388601003
2023-09-20,3720,3790,3710,3725,75356,-0.013245033112582738
2023-09-21,3685,3740,3615,3625,62761,-0.02684563758389258
2023-09-22,3550,3710,3545,3650,86238,0.006896551724137945
2023-09-25,3600,3840,3520,3635,64424,-0.004109589041095929
2023-09-26,3575,3640,3525,3525,63702,-0.030261348005502064
2023-09-27,3450,3640,3450,3625,53575,0.028368794326241176
2023-10-04,3625,3640,3400,3400,73940,-0.06206896551724139
2023-10-05,3400,3450,3310,3365,60432,-0.010294117647058787
2023-10-06,3310,3440,3310,3435,38292,0.02080237741456159
2023-10-10,3830,4380,3655,4270,3645924,0.24308588064046588
2023-10-11,3900,4180,3770,4095,2193690,-0.040983606557377095
2023-10-12,4020,4025,3880,3880,470167,-0.05250305250305254
2023-10-13,3930,4320,3795,4045,3818952,0.04252577319587636
2023-10-16,4135,4545,3715,4020,4740843,-0.006180469715698411
2023-10-17,4285,4500,4000,4035,1718343,0.003731343283582156
2023-10-18,4120,4295,3915,4080,1356852,0.011152416356877248
2023-10-19,4080,4250,3900,3970,1268448,-0.026960784313725505
2023-10-20,4185,4225,3780,3850,1027961,-0.030226700251889116
2023-10-23,3830,3870,3695,3820,432354,-0.007792207792207795
2023-10-24,3745,3750,3440,3605,615315,-0.05628272251308897
2023-10-25,3570,3855,3550,3660,577251,0.015256588072122046
2023-10-26,3635,3660,3385,3445,399096,-0.058743169398907114
2023-10-27,3435,3510,3340,3455,177925,0.002902757619738683
2023-10-30,3420,3635,3420,3545,297526,0.026049204052098318
2023-10-31,3500,3630,3425,3490,429341,-0.015514809590973178
2023-11-01,3495,3540,3425,3490,158310,0.0
2023-11-02,3480,3525,3460,3500,139020,0.002865329512893977
2023-11-03,3520,3530,3445,3530,155384,0.008571428571428674
2023-11-06,3515,3540,3465,3510,214823,-0.005665722379603388
2023-11-07,3530,3530,3400,3420,178242,-0.02564102564102566
2023-11-08,3415,3450,3380,3415,153032,-0.0014619883040936088
2023-11-09,3415,3420,3355,3390,76461,-0.007320644216691097
2023-11-10,3350,3405,3300,3350,149252,-0.01179941002949858
2023-11-13,3360,3420,3340,3385,103372,0.010447761194029903
2023-11-14,3365,3400,3340,3380,74300,-0.001477104874446078
2023-11-15,3405,3455,3395,3415,111463,0.010355029585798814
2023-11-16,3415,3430,3380,3415,75728,0.0
2023-11-17,3415,3415,3305,3310,139539,-0.030746705710102518
2023-11-20,3310,3410,3310,3395,105844,0.025679758308157163
2023-11-21,3425,3460,3410,3450,158752,0.016200294550809957
2023-11-22,3470,3495,3370,3415,152327,-0.010144927536231862
2023-11-23,3480,3540,3425,3445,178560,0.008784773060029227
2023-11-24,3450,3490,3425,3455,97771,0.002902757619738683
2023-11-27,3455,3510,3415,3475,143498,0.005788712011577379
2023-11-28,3475,3475,3425,3450,54351,-0.007194244604316502
2023-11-29,3440,3460,3400,3420,56090,-0.008695652173912993
2023-11-30,3420,3485,3390,3425,48730,0.0014619883040936088
2023-12-01,3425,3465,3410,3430,57896,0.0014598540145984717
2023-12-04,3465,3470,3380,3435,70683,0.001457725947521915
2023-12-05,3435,3445,3375,3405,94898,-0.008733624454148492
2023-12-06,3410,3420,3365,3400,30913,-0.001468428781204123
2023-12-07,3415,3415,3355,3365,71996,-0.010294117647058787
2023-12-08,3360,3400,3360,3385,32932,0.005943536404160454
2023-12-11,3385,3415,3360,3380,47688,-0.001477104874446078
2023-12-12,3390,3390,3345,3360,35965,-0.00591715976331364
2023-12-13,3360,3365,3325,3350,68792,-0.0029761904761904656
2023-12-14,3345,3385,3320,3340,75178,-0.0029850746268657025
2023-12-15,3340,3370,3325,3350,43782,0.0029940119760478723
2023-12-18,3380,3390,3355,3365,86400,0.004477611940298498
2023-12-19,3335,3380,3295,3330,135157,-0.010401188707280795
2023-12-20,3320,3365,3310,3335,61254,0.0015015015015014122
2023-12-21,3320,3335,3300,3300,62659,-0.010494752623688153
2023-12-22,3300,3315,3250,3260,113816,-0.012121212121212088
2023-12-26,3245,3275,3225,3225,60952,-0.010736196319018454
2023-12-27,3230,3280,3210,3240,63181,0.0046511627906977715
2023-12-28,3240,3290,3235,3285,54190,0.01388888888888884
2024-01-02,3330,3355,3295,3340,51874,0.016742770167427645
2024-01-03,3330,3360,3310,3350,49076,0.0029940119760478723
2024-01-04,3380,3460,3345,3400,226886,0.014925373134328401
2024-01-05,3395,3690,3340,3470,2819597,0.020588235294117574
2024-01-08,3450,3505,3395,3400,357433,-0.02017291066282423
2024-01-09,3380,3550,3360,3440,349579,0.0117647058823529
2024-01-10,3455,3520,3435,3440,404824,0.0
2024-01-11,3440,3445,3370,3435,89659,-0.0014534883720930258
2024-01-12,3500,3535,3445,3455,519637,0.005822416302765587
2024-01-15,3570,3630,3470,3490,506007,0.01013024602026058
2024-01-16,3500,4060,3460,3645,6261525,0.044412607449856756
2024-01-17,3700,4735,3650,4735,16901759,0.2990397805212619
2024-01-18,5000,5950,4760,5090,48217171,0.074973600844773
2024-01-19,4960,5700,4945,5090,23018738,0.0
2024-01-22,4980,5220,4855,5100,4906141,0.0019646365422396617
2024-01-23,5050,5180,4735,4815,2800613,-0.055882352941176494
2024-01-24,4730,4750,4260,4335,3951675,-0.09968847352024923
2024-01-25,4290,4295,4020,4020,1413508,-0.0726643598615917
2024-01-26,4025,4145,4005,4095,844462,0.018656716417910557
2024-01-29,4190,4320,4045,4130,2042274,0.008547008547008517
2024-01-30,4020,4100,3795,3855,1051560,-0.06658595641646492
2024-01-31,3830,3910,3705,3730,520588,-0.03242542153047989
2024-02-01,3680,3800,3680,3785,276731,0.014745308310991856
2024-02-02,3780,3910,3745,3870,379415,0.022457067371202122
2024-02-05,3865,3945,3780,3820,301181,-0.012919896640826822
2024-02-06,3800,3855,3715,3735,222280,-0.022251308900523514
2024-02-07,3760,3805,3735,3795,178410,0.016064257028112428
2024-02-08,3800,3895,3775,3895,296902,0.026350461133069825
2024-02-13,3900,4060,3880,4055,644175,0.04107830551989733
2024-02-14,4015,4145,3970,4040,505165,-0.0036991368680641123
2024-02-15,4040,4120,3955,4075,407054,0.00866336633663356
2024-02-16,4095,4220,4040,4195,806591,0.02944785276073625
2024-02-19,4165,4200,4090,4150,425823,-0.010727056019070313
2024-02-20,4120,4155,4060,4090,207497,-0.014457831325301207
2024-02-21,4080,4105,4010,4060,209697,-0.007334963325183352
2024-02-22,4060,4100,4025,4085,168786,0.006157635467980205
2024-02-23,4075,4080,3920,3975,266226,-0.02692778457772338
2024-02-26,3950,4005,3920,3980,116907,0.0012578616352201255
2024-02-27,3950,4010,3865,3930,190818,-0.012562814070351758
2024-02-28,3910,4000,3870,3905,117384,-0.006361323155216314
2024-02-29,3905,4050,3885,3980,226824,0.019206145966709443
2024-03-04,3960,4050,3920,4020,191929,0.01005025125628145
2024-03-05,4030,4120,3955,4095,308485,0.018656716417910557
2024-03-06,4070,4085,3985,3995,236948,-0.024420024420024444
2024-03-07,3995,4030,3855,3900,265674,-0.02377972465581979
2024-03-08,3900,3945,3750,3820,291447,-0.02051282051282055
2024-03-11,3810,3850,3750,3790,137056,-0.007853403141361293
2024-03-12,3770,3800,3725,3750,172886,-0.01055408970976257
2024-03-13,3765,3840,3730,3815,134482,0.017333333333333423
2024-03-14,3815,3860,3735,3815,211083,0.0
2024-03-15,3990,4200,3825,3855,1333307,0.010484927916120546
2024-03-18,3880,3945,3775,3805,368344,-0.012970168612191912
2024-03-19,3790,3845,3740,3750,191741,-0.014454664914586024
2024-03-20,3750,3800,3730,3790,154412,0.010666666666666602
2024-03-21,3805,3855,3795,3810,181539,0.005277044854881341
2024-03-22,3790,3860,3780,3845,85362,0.009186351706036655
2024-03-25,3875,3890,3825,3850,169717,0.0013003901170351995
2024-03-26,3850,3850,3785,3815,137263,-0.009090909090909038
2024-03-27,3815,3820,3725,3765,115756,-0.013106159895150737
2024-03-28,3760,3825,3750,3785,93397,0.005312084993359889
2024-03-29,3785,3805,3660,3695,165304,-0.023778071334214057
2024-04-01,3650,4020,3645,3770,835857,0.020297699594046037
2024-04-02,3805,3995,3720,3925,541437,0.04111405835543769
2024-04-03,4000,4000,3815,3875,275472,-0.01273885350318471
2024-04-04,3875,3875,3745,3815,276684,-0.015483870967741953
2024-04-05,3850,4165,3850,3915,1761221,0.026212319790301475
2024-04-08,3940,4795,3940,4500,14816157,0.14942528735632177
2024-04-09,4400,4645,4270,4530,4159406,0.006666666666666599
2024-04-11,4440,4450,4135,4230,1444010,-0.06622516556291391
2024-04-12,4125,4280,4030,4250,1153357,0.004728132387706863
2024-04-15,4190,4560,4100,4105,4269093,-0.034117647058823475
2024-04-16,4205,4595,4065,4290,5295598,0.045066991473812434
2024-04-17,4150,4200,4045,4140,1084617,-0.034965034965035
2024-04-18,4015,4055,3950,4025,638102,-0.02777777777777779
2024-04-19,4045,4700,4015,4265,8330328,0.05962732919254665
2024-04-22,4120,4225,4020,4100,852091,-0.0386869871043376
2024-04-23,4035,4170,3905,3905,731573,-0.04756097560975614
2024-04-24,3850,3960,3840,3940,380887,0.008962868117797784
2024-04-25,3995,4035,3850,3915,475822,-0.006345177664974666
2024-04-26,3915,3945,3870,3885,227241,-0.007662835249042099
2024-04-29,3865,3900,3785,3870,268188,-0.0038610038610038533
2024-04-30,3845,3890,3710,3720,522815,-0.03875968992248058
2024-05-02,3715,3765,3700,3740,227594,0.005376344086021501
2024-05-03,3755,3855,3750,3795,423715,0.014705882352941124
2024-05-07,3780,3830,3745,3830,191017,0.00922266139657446
2024-05-08,3835,3840,3760,3765,176336,-0.016971279373368175
2024-05-09,3765,3800,3735,3740,131833,-0.006640106241699861
2024-05-10,3740,3825,3705,3810,276644,0.018716577540107027
2024-05-13,3780,3810,3720,3725,183402,-0.022309711286089273
2024-05-14,3705,3785,3705,3755,77881,0.008053691275167862
2024-05-16,3740,3785,3725,3760,135963,0.0013315579227697327
2024-05-17,3750,3775,3695,3720,180033,-0.010638297872340385
2024-05-20,3740,3780,3690,3765,188435,0.012096774193548487
2024-05-21,3735,3770,3625,3640,313114,-0.033200531208499307
2024-05-22,3625,3655,3620,3635,94640,-0.0013736263736263687
2024-05-23,3620,3690,3610,3640,116325,0.0013755158184318717
2024-05-24,3630,3660,3620,3645,81001,0.0013736263736263687
2024-05-27,3665,3755,3645,3735,226957,0.024691358024691468
2024-05-28,3690,3695,3635,3645,177307,-0.02409638554216864
2024-05-29,3730,3730,3650,3670,138321,0.006858710562414272
2024-05-30,3730,3975,3655,3655,1662108,-0.004087193460490468
2024-05-31,3660,3765,3655,3745,168289,0.024623803009576006
2024-06-03,3770,3955,3745,3865,941034,0.03204272363150862
2024-06-04,3870,4215,3835,4125,3065931,0.06727037516170764
2024-06-05,3980,4060,3925,4000,952555,-0.030303030303030276
2024-06-07,3990,4075,3955,4050,505087,0.012499999999999956
2024-06-10,4210,4290,4075,4135,1902148,0.020987654320987703
2024-06-11,4020,4035,3920,3945,590968,-0.045949214026602125
2024-06-12,3910,3955,3835,3835,282400,-0.027883396704689534
2024-06-13,3825,3890,3780,3800,270758,-0.009126466753585416
2024-06-14,3790,3800,3750,3785,152610,-0.003947368421052588
2024-06-17,3745,3795,3720,3785,140872,0.0
2024-06-18,3790,4070,3775,3780,1261719,-0.0013210039630119352
2024-06-19,3760,3825,3760,3785,144554,0.001322751322751392
2024-06-20,3785,3955,3765,3765,468739,-0.005284015852047519
2024-06-21,3825,3885,3815,3870,487492,0.027888446215139417
2024-06-24,3830,3945,3830,3880,341159,0.0025839793281654533
2024-06-25,3880,3915,3850,3865,158282,-0.0038659793814432852
2024-06-26,3890,3900,3770,3800,265502,-0.01681759379042691
2024-06-27,3800,3860,3725,3755,207712,-0.011842105263157876
2024-06-28,3755,3770,3725,3755,135685,0.0
2024-07-01,3755,3775,3725,3740,109535,-0.003994673768308976
2024-07-02,3730,3740,3625,3675,140248,-0.017379679144384985
2024-07-03,3675,3685,3565,3600,155395,-0.020408163265306145
2024-07-04,3560,3680,3560,3585,68706,-0.004166666666666652
2024-07-05,3550,3585,3520,3530,117918,-0.015341701534170138
2024-07-08,3525,3650,3520,3570,59585,0.011331444759206777
2024-07-09,3540,3600,3540,3550,51552,-0.0056022408963585235
2024-07-10,3535,3560,3440,3465,169262,-0.023943661971830954
2024-07-11,3400,3435,3035,3035,1430084,-0.12409812409812415
2024-07-12,3035,3055,2955,3040,292714,0.0016474464579900872
2024-07-15,3075,3115,3040,3070,455752,0.009868421052631637
2024-07-16,3040,3135,3020,3105,271265,0.01140065146579805
2024-07-17,3100,3135,3065,3110,160050,0.0016103059581320522
2024-07-18,3110,3110,3030,3060,96186,-0.01607717041800638
2024-07-19,3065,3095,3045,3085,103298,0.008169934640522847
2024-07-22,3105,3170,3060,3160,207002,0.024311183144246407
2024-07-23,3145,3190,3085,3095,80536,-0.020569620253164556
2024-07-24,3070,3145,3050,3085,72726,-0.003231017770597755
2024-07-25,3045,3270,2960,3100,290506,0.004862236628849326
2024-07-26,3070,3145,3060,3060,101365,-0.012903225806451646
2024-07-29,3060,3130,2975,3090,92941,0.009803921568627416
2024-07-30,3035,3130,3005,3020,99953,-0.02265372168284785
2024-07-31,3050,3320,3025,3290,516681,0.08940397350993368
2024-08-01,3240,3320,3220,3235,181398,-0.016717325227963542
2024-08-02,3280,3595,3150,3290,3450865,0.01700154559505407
2024-08-05,3610,3960,3115,3615,13538017,0.09878419452887544
2024-08-06,3515,4695,3430,4695,25063376,0.29875518672199175
2024-08-07,5040,5250,4730,4925,21062358,0.048988285410010546
2024-08-08,4870,5090,4460,4645,10114402,-0.056852791878172604
2024-08-09,4400,4660,4340,4530,3546223,-0.024757804090419833
2024-08-12,4400,4555,4330,4495,2146116,-0.007726269315673329
2024-08-13,4670,5390,4585,4830,20026500,0.07452725250278092
2024-08-14,4480,4775,4290,4595,3211907,-0.04865424430641818
2024-08-16,4325,4350,4055,4120,2566244,-0.10337323177366708
2024-08-19,4040,4075,3875,4020,1374738,-0.024271844660194164
2024-08-20,3900,3960,3875,3890,962714,-0.03233830845771146
2024-08-21,3845,3880,3745,3770,733740,-0.03084832904884316
2024-08-22,3810,3875,3650,3765,886587,-0.0013262599469495706
2024-08-23,3730,3730,3535,3640,690941,-0.033200531208499307
2024-08-26,3820,4300,3730,4010,12425146,0.10164835164835173
2024-08-27,3990,4115,3855,3860,1971572,-0.03740648379052369
2024-08-28,3795,3850,3620,3650,879631,-0.05440414507772018
2024-08-29,3550,3680,3550,3580,495562,-0.019178082191780854
2024-08-30,3560,3630,3540,3580,388677,0.0
2024-09-02,3560,3570,3440,3500,376868,-0.022346368715083775
2024-09-03,3480,3525,3445,3455,223254,-0.0128571428571429
2024-09-04,3350,3415,3320,3335,258550,-0.0347322720694645
2024-09-05,3370,3530,3200,3390,583399,0.016491754122938573
2024-09-06,3350,3390,3195,3240,357852,-0.04424778761061943
2024-09-09,3130,3350,3110,3300,219090,0.0185185185185186
2024-09-10,3300,3390,3250,3280,238084,-0.0060606060606061
2024-09-11,3285,3340,3245,3295,173488,0.004573170731707377
2024-09-12,3325,3450,3325,3450,314923,0.047040971168436974
2024-09-13,3490,3495,3410,3480,225557,0.008695652173912993
2024-09-19,3575,3575,3450,3500,237064,0.005747126436781658
2024-09-20,3500,3840,3500,3775,1147334,0.07857142857142851
2024-09-23,3950,3950,3695,3750,923560,-0.0066225165562914245
2024-09-24,3770,3805,3610,3645,611397,-0.028000000000000025
2024-09-25,3665,4100,3650,4030,2855473,0.1056241426611797
2024-09-26,3735,3825,3620,3740,1599040,-0.07196029776674939
2024-09-27,3780,3790,3710,3780,572491,0.010695187165775444
2024-09-30,3935,4650,3900,4330,18167647,0.14550264550264558
2024-10-02,4835,4840,4150,4175,6017882,-0.035796766743648956
2024-10-04,4260,4515,4210,4255,5091966,0.01916167664670665
2024-10-07,4205,4305,4170,4230,1115525,-0.005875440658049347
2024-10-08,4280,4345,4040,4125,1424962,-0.024822695035460973
2024-10-10,3915,3960,3820,3900,864420,-0.054545454545454564
2024-10-11,3910,4060,3885,3980,940074,0.02051282051282044
2024-10-14,4350,4770,4255,4720,15188289,0.18592964824120606
2024-10-15,4510,5190,4325,4795,21366814,0.01588983050847448
2024-10-16,4680,4800,4555,4595,2344233,-0.04171011470281538
2024-10-17,4480,4550,4305,4350,1880653,-0.053318824809575616
2024-10-18,4245,4350,4175,4220,2005737,-0.029885057471264354
2024-10-21,4510,4600,4240,4240,4107038,0.004739336492890933
2024-10-22,4270,5390,4125,5300,28883465,0.25
2024-10-23,5020,5520,4860,4935,16111701,-0.06886792452830193
2024-10-24,4965,5060,4785,4835,3121522,-0.020263424518743633
2024-10-25,4845,4965,4700,4750,2630130,-0.0175801447776629
2024-10-28,4680,4780,4655,4720,1207904,-0.0063157894736841635
2024-10-29,4730,4960,4670,4795,3588775,0.01588983050847448
2024-10-30,4825,5130,4760,4980,7355215,0.03858185610010434
2024-10-31,5070,5530,4510,4510,11721664,-0.0943775100401606
2024-11-01,4555,4675,4365,4440,2398864,-0.01552106430155209
2024-11-04,4355,4405,4215,4325,1058095,-0.025900900900900914
2024-11-05,4355,4420,4225,4230,902879,-0.02196531791907519
2024-11-06,4180,4355,4140,4280,1417559,0.011820330969267046
2024-11-07,4235,4235,3870,4020,1334196,-0.06074766355140182
2024-11-08,3970,4590,3970,4165,9851436,0.03606965174129351
2024-11-11,4155,4255,4035,4050,950790,-0.027611044417767072
2024-11-12,4045,4395,4040,4275,2914450,0.05555555555555558
2024-11-13,4340,4345,3915,3945,1279740,-0.07719298245614037
2024-11-14,3955,4020,3735,3760,695633,-0.04689480354879594
2024-11-15,3615,3940,3615,3885,800566,0.0332446808510638
2024-11-18,3990,4020,3890,3970,506815,0.02187902187902191
2024-11-19,3970,4060,3950,4015,464737,0.01133501259445846
2024-11-20,4160,4460,4005,4315,5258039,0.07471980074719808
2024-11-21,4110,4380,4085,4235,2013917,-0.018539976825028948
2024-11-22,4300,4515,4210,4230,2549740,-0.0011806375442738881
2024-11-25,4150,5060,4100,4605,5543674,0.08865248226950362
2024-11-26,4590,4595,4280,4355,726320,-0.05428881650380024
2024-11-27,4300,4455,4155,4200,628616,-0.03559127439724452
2024-11-28,4210,4225,4065,4065,267880,-0.03214285714285714
2024-11-29,4075,4230,3900,3930,1100915,-0.03321033210332103
2024-12-02,3870,3955,3830,3850,280364,-0.020356234096692072
2024-12-03,3850,3945,3840,3910,248921,0.01558441558441559
2024-12-04,3855,4090,3735,3850,599299,-0.01534526854219953
2024-12-05,3875,3875,3670,3770,323378,-0.020779220779220786
2024-12-06,3770,3770,3560,3640,319928,-0.03448275862068961
2024-12-09,3505,3590,3315,3360,424030,-0.07692307692307687
2024-12-10,3360,3685,3360,3560,394292,0.059523809523809534
2024-12-11,3495,3840,3495,3690,298196,0.03651685393258419
2024-12-12,3700,3755,3630,3685,158215,-0.0013550135501354532
2024-12-13,3660,3750,3640,3725,142596,0.01085481682496603
2024-12-16,3725,3800,3695,3730,146071,0.0013422818791946067
2024-12-17,3745,3755,3670,3720,93023,-0.002680965147453085
2024-12-18,3720,3780,3665,3760,109707,0.010752688172043001
2024-12-19,3710,3715,3625,3680,138504,-0.021276595744680882
2024-12-20,3645,3675,3530,3550,133577,-0.03532608695652173
2024-12-23,3540,3640,3525,3640,94751,0.025352112676056304
2024-12-24,3605,3680,3605,3620,39822,-0.005494505494505475
2024-12-26,3650,3655,3500,3525,84083,-0.026243093922651894
2024-12-27,3465,3535,3430,3460,73822,-0.018439716312056764
2024-12-30,3425,3525,3300,3520,125628,0.01734104046242768
2025-01-02,3465,3545,3450,3535,80648,0.0042613636363635354
2025-01-03,3530,3625,3530,3605,93836,0.01980198019801982
2025-01-06,3605,3660,3590,3630,125561,0.006934812760055475
2025-01-07,3655,3700,3620,3655,127316,0.00688705234159781
2025-01-08,3660,3675,3615,3640,60699,-0.004103967168262668
2025-01-09,3630,3715,3615,3715,99923,0.02060439560439553
2025-01-10,3760,3760,3640,3705,88945,-0.0026917900403768957
2025-01-13,3680,3695,3510,3520,217571,-0.04993252361673417
2025-01-14,3545,3645,3530,3625,166922,0.029829545454545414
2025-01-15,3625,3825,3625,3670,420515,0.012413793103448256
2025-01-16,3685,3740,3640,3675,159254,0.0013623978201635634
2025-01-17,3675,3675,3565,3605,140855,-0.01904761904761909
2025-01-20,3605,3605,3460,3555,183008,-0.01386962552011095
2025-01-21,3555,3675,3550,3630,201233,0.021097046413502074
2025-01-22,3630,3670,3565,3615,118869,-0.004132231404958664
2025-01-23,3625,4295,3545,3855,8472590,0.06639004149377592
2025-01-24,4155,4275,3760,3760,3495938,-0.024643320363164745
2025-01-31,3745,3790,3675,3705,407780,-0.0146276595744681
2025-02-03,3690,3690,3575,3610,358550,-0.02564102564102566
2025-02-04,3610,3655,3580,3645,288272,0.00969529085872578
2025-02-05,3640,3675,3565,3580,264625,-0.017832647462277085
2025-02-06,3600,3710,3575,3665,253655,0.023743016759776525
2025-02-07,3630,3645,3495,3495,409923,-0.04638472032742158
2025-02-10,3510,3595,3445,3455,394290,-0.011444921316165924
2025-02-11,3470,3530,3465,3525,217089,0.02026049204052094
2025-02-12,3525,3525,3430,3510,290571,-0.004255319148936176
2025-02-13,3590,3615,3515,3590,236461,0.02279202279202286
2025-02-14,3590,3605,3530,3540,194029,-0.013927576601671321
2025-02-17,3540,3605,3500,3600,146814,0.016949152542372836
2025-02-18,3590,3710,3555,3690,258172,0.02499999999999991
2025-02-19,3730,3730,3645,3710,230568,0.005420054200542035
2025-02-20,3710,3755,3680,3705,287834,-0.0013477088948786742
2025-02-21,3670,3730,3670,3720,127883,0.004048582995951344
2025-02-24,3690,3735,3665,3725,205460,0.0013440860215054862
2025-02-25,3710,3740,3680,3685,98141,-0.010738255033557076
2025-02-26,3670,3710,3650,3695,113494,0.0027137042062415073
2025-02-27,3720,3720,3585,3595,196599,-0.02706359945872805
2025-02-28,3595,3635,3480,3495,190888,-0.02781641168289295
2025-03-04,3490,4010,3460,3720,5353170,0.06437768240343344
2025-03-05,3720,3735,3610,3685,521215,-0.009408602150537626
2025-03-06,3710,3865,3655,3720,980930,0.009497964721845387
2025-03-07,3660,3775,3660,3710,335598,-0.0026881720430107503
2025-03-10,3665,3735,3560,3620,367400,-0.02425876010781669
2025-03-11,3470,3592,3470,3580,213263,-0.011049723756906049
2025-03-12,3565,3600,3520,3540,182913,-0.011173184357541888
2025-03-13,3530,3620,3530,3575,140669,0.009887005649717562
2025-03-14,3570,3570,3500,3540,121248,-0.009790209790209836
2025-03-17,3540,3610,3520,3600,120336,0.016949152542372836
2025-03-18,3600,3650,3575,3605,142460,0.001388888888888884
2025-03-19,3570,3610,3495,3510,144605,-0.026352288488210807
2025-03-20,3520,3520,3410,3410,208673,-0.028490028490028463
2025-03-21,3420,3440,3340,3415,96475,0.0014662756598240456
2025-03-24,3395,3530,3390,3425,126011,0.002928257686676483
2025-03-25,3430,3480,3360,3370,89927,-0.016058394160583966
2025-03-26,3405,3430,3360,3385,52796,0.004451038575667754
2025-03-27,3350,3420,3340,3340,101773,-0.013293943870014813
2025-03-28,3350,3370,3245,3255,142143,-0.025449101796407136
2025-03-31,3255,3255,3180,3190,68528,-0.019969278033794113
2025-04-01,3210,3295,3210,3280,52181,0.028213166144200663
2025-04-02,3300,3350,3250,3250,74713,-0.009146341463414642
2025-04-03,3165,3280,3150,3255,63080,0.0015384615384614886
2025-04-04,3250,3350,3190,3285,147091,0.009216589861751112
2025-04-07,3270,3320,3130,3230,173172,-0.016742770167427756
2025-04-08,3245,3520,3245,3385,441709,0.04798761609907132
2025-04-09,3405,3500,3215,3240,179066,-0.04283604135893648
2025-04-10,3370,3525,3310,3515,296298,0.08487654320987659
2025-04-11,3485,3485,3375,3440,159735,-0.02133712660028453
2025-04-14,3440,3485,3415,3450,135235,0.0029069767441860517
2025-04-15,3480,3525,3435,3525,131066,0.021739130434782705
2025-04-16,3475,3495,3420,3460,126236,-0.018439716312056764
2025-04-17,3460,3530,3430,3475,68769,0.004335260115607031
2025-04-18,3500,3510,3425,3470,75688,-0.0014388489208633226
2025-04-21,3465,3475,3400,3440,70880,-0.008645533141210415
2025-04-22,3415,3470,3310,3425,71778,-0.0043604651162790775
2025-04-23,3445,3445,3400,3430,63066,0.0014598540145984717
2025-04-24,3410,3460,3385,3425,48253,-0.001457725947521915
2025-04-25,3440,3470,3400,3415,121239,-0.0029197080291970545
2025-04-28,3415,3430,3365,3395,94340,-0.005856515373352855
2025-04-29,3405,3415,3340,3410,51612,0.004418262150220897
2025-04-30,3405,3405,3345,3365,55706,-0.01319648093841641
2025-05-02,3355,3400,3320,3370,51255,0.0014858841010401136
2025-05-07,3410,3565,3410,3530,388298,0.04747774480712175
2025-05-08,3530,3560,3465,3500,126557,-0.008498583569405138
2025-05-09,3535,3555,3460,3500,128155,0.0
2025-05-12,3555,3630,3465,3490,256306,-0.0028571428571428914
2025-05-13,3490,3520,3420,3425,173432,-0.01862464183381085
2025-05-14,3410,3470,3400,3430,79396,0.0014598540145984717
2025-05-15,3430,3445,3315,3325,203216,-0.030612244897959218
2025-05-16,3320,3340,3190,3220,202477,-0.03157894736842104
2025-05-19,3220,3220,3130,3150,223455,-0.021739130434782594
2025-05-20,3160,3185,3095,3105,135802,-0.014285714285714235
2025-05-21,3105,3195,3085,3110,118311,0.0016103059581320522
2025-05-22,3150,3150,3015,3085,193369,-0.008038585209003246
2025-05-23,3180,3210,3070,3080,191530,-0.0016207455429497752
2025-05-26,3045,3125,3045,3075,118133,-0.0016233766233766378
2025-05-27,3055,3115,3040,3055,115863,-0.006504065040650375
2025-05-28,3060,3110,2895,2955,448397,-0.032733224222585955
2025-05-29,2960,3035,2960,3020,93205,0.021996615905245376
2025-05-30,3050,3050,3000,3015,75392,-0.0016556291390728006
2025-06-02,3015,3060,3005,3045,44561,0.00995024875621886
2025-06-04,3045,3080,3025,3055,83942,0.003284072249589487
2025-06-05,3055,3090,3015,3065,70112,0.003273322422258529
2025-06-09,3065,3100,3050,3100,152733,0.011419249592169667
2025-06-10,3150,3150,3050,3075,108100,-0.008064516129032251
2025-06-11,3105,3115,3065,3090,79558,0.004878048780487809
2025-06-12,3135,3165,3120,3140,151236,0.016181229773462702
2025-06-13,3155,3455,3105,3425,3574130,0.09076433121019112
2025-06-16,3510,3525,3180,3235,1451971,-0.05547445255474448
2025-06-17,3120,3245,3110,3175,675567,-0.018547140649149974
2025-06-18,3240,3260,3135,3210,347433,0.011023622047244164
2025-06-19,3190,3295,3160,3275,482389,0.02024922118380057
2025-06-20,3225,3230,3150,3195,289806,-0.02442748091603053
2025-06-23,3335,3420,3160,3185,1006699,-0.003129890453834161
2025-06-24,3030,3105,3030,3080,518336,-0.03296703296703296
2025-06-25,3085,3120,3045,3075,210518,-0.0016233766233766378
2025-06-26,3120,3120,3035,3065,124225,-0.003252032520325243
2025-06-27,3065,3100,3040,3050,107411,-0.004893964110929905
2025-06-30,3030,3075,3030,3045,33160,-0.0016393442622950616
2025-07-01,3065,3085,3040,3055,61833,0.003284072249589487
2025-07-02,3065,3070,3010,3050,95338,-0.0016366612111292644
2025-07-03,3070,3105,3070,3085,115963,0.011475409836065653
2025-07-04,3085,3125,3060,3065,52486,-0.00648298217179899
2025-07-07,3100,3100,3050,3055,27481,-0.0032626427406199365
2025-07-08,3035,3095,3030,3060,33344,0.0016366612111293755
2025-07-09,3065,3125,3065,3100,94959,0.013071895424836555
2025-07-10,3105,3110,3070,3075,40500,-0.008064516129032251
2025-07-11,3100,3105,3070,3090,52878,0.004878048780487809
2025-07-14,3120,3135,3095,3105,33293,0.004854368932038833
2025-07-15,3130,3130,3085,3105,113220,0.0
2025-07-16,3115,3125,3045,3050,161787,-0.017713365539452464
2025-07-17,3050,3070,3027,3070,65065,0.006557377049180246
2025-07-18,3070,3110,3065,3080,87943,0.0032573289902280145
2025-07-21,3120,3130,3075,3095,54500,0.004870129870129913
2025-07-22,3125,3125,3055,3090,63180,-0.001615508885298822
2025-07-23,3110,3110,3050,3065,56451,-0.008090614886731351
2025-07-24,3115,3115,3045,3055,34244,-0.0032626427406199365
2025-07-25,3075,3075,3040,3070,50327,0.004909983633387904
2025-07-28,3090,3090,3010,3015,114807,-0.01791530944625408
2025-07-29,3055,3055,3000,3030,91057,0.004975124378109541
2025-07-30,3040,3045,3010,3020,36253,-0.0033003300330033403
2025-07-31,3075,3075,3020,3050,41677,0.009933774834437026
2025-08-01,3080,3080,2750,2890,286894,-0.05245901639344264
2025-08-04,2910,2975,2880,2975,47018,0.02941176470588225
2025-08-05,2935,3015,2935,3015,55302,0.013445378151260456
2025-08-06,3015,3015,2985,3015,58968,0.0
2025-08-07,3020,3050,3010,3035,65853,0.0066334991708125735
2025-08-08,3035,3070,3025,3035,52854,0.0
2025-08-11,3035,3040,2995,3025,60269,-0.0032948929159802853
2025-08-12,3005,3025,3000,3010,63343,-0.0049586776859503745
2025-08-13,3015,3035,2970,3025,43690,0.004983388704318914
2025-08-14,3025,3045,2990,3000,35226,-0.008264462809917328
2025-08-18,2995,3020,2975,3000,48695,0.0
2025-08-19,3000,3040,2940,2980,38123,-0.00666666666666671
2025-08-20,2980,2995,2865,2875,103029,-0.03523489932885904
2025-08-21,2885,2915,2805,2820,68402,-0.019130434782608674
2025-08-22,2870,2890,2830,2860,25522,0.014184397163120588
2025-08-25,2880,2940,2830,2830,54695,-0.010489510489510523
2025-08-26,2835,2850,2810,2815,47288,-0.005300353356890497
2025-08-27,2815,2830,2795,2810,32481,-0.001776198934280604
2025-08-28,2810,2815,2760,2760,55741,-0.017793594306049876
2025-08-29,2790,2795,2745,2780,60916,0.007246376811594235
2025-09-01,2770,2775,2735,2740,67128,-0.014388489208633115
2025-09-02,2740,2800,2710,2755,45036,0.005474452554744547
2025-09-03,2730,2780,2720,2755,37231,0.0
2025-09-04,2755,2795,2745,2770,33451,0.005444646098003547
2025-09-05,2780,2790,2740,2740,33372,-0.010830324909747335
2025-09-08,2800,2800,2740,2765,30746,0.009124087591240837
2025-09-09,2775,2780,2740,2755,26662,-0.003616636528028905
2025-09-10,2755,2785,2715,2755,51957,0.0
2025-09-11,2755,3345,2755,3030,3914202,0.09981851179673318
2025-09-12,3050,3050,2890,2900,528865,-0.04290429042904287
2025-09-15,2900,2940,2800,2855,338430,-0.01551724137931032
2025-09-16,2830,2885,2820,2840,120539,-0.005253940455341555
2025-09-17,2865,2890,2820,2840,109667,0.0
2025-09-18,2825,2870,2825,2845,77071,0.0017605633802817433
2025-09-19,2850,2850,2820,2830,72156,-0.005272407732864637
2025-09-22,2815,2830,2795,2805,86138,-0.00883392226148405
2025-09-23,2805,2830,2795,2805,53261,0.0
2025-09-24,2830,2830,2775,2785,66844,-0.007130124777183555
2025-09-25,2785,2820,2770,2770,41878,-0.0053859964093356805
2025-09-26,2780,2780,2695,2740,145161,-0.010830324909747335
2025-09-29,2750,2775,2700,2745,38382,0.0018248175182482562
2025-09-30,2745,2810,2740,2755,59145,0.0036429872495447047
2025-10-01,2755,2820,2755,2760,38373,0.001814882032667775
2025-10-02,2775,2815,2770,2800,36987,0.01449275362318847
2025-10-10,2845,2845,2730,2775,65562,-0.008928571428571397
2025-10-13,2770,2770,2710,2740,45233,-0.012612612612612595
2025-10-14,2740,2745,2705,2715,61546,-0.009124087591240837
2025-10-15,2700,2770,2700,2730,47675,0.005524861878453136
2025-10-16,2735,2775,2725,2735,69597,0.001831501831501825
2025-10-17,2735,2790,2700,2740,51741,0.001828153564899404
2025-10-20,2740,2745,2710,2735,57997,-0.0018248175182481452
2025-10-21,2735,2795,2720,2720,50146,-0.005484460694698323
2025-10-22,2735,2790,2710,2725,37780,0.0018382352941177516
2025-10-23,2750,2750,2710,2725,48329,0.0
2025-10-24,2750,2750,2700,2710,96565,-0.0055045871559632475
2025-10-27,2730,2740,2710,2710,66188,0.0
2025-10-28,2710,2720,2685,2710,101409,0.0
2025-10-29,2705,2710,2630,2680,133576,-0.011070110701106972
2025-10-30,2655,2850,2655,2655,130176,-0.009328358208955279
2025-10-31,2655,2660,2625,2625,66999,-0.011299435028248594
2025-11-03,2625,2625,2560,2560,93374,-0.024761904761904763
2025-11-04,2560,2570,2525,2545,43407,-0.005859375
2025-11-05,2545,2545,2395,2465,94855,-0.03143418467583492
2025-11-06,2465,2505,2410,2505,40284,0.016227180527383478
2025-11-07,2505,2730,2405,2445,341646,-0.0239520958083832
2025-11-10,2420,2515,2400,2480,34799,0.014314928425357865
2025-11-11,2480,2495,2450,2450,24845,-0.012096774193548376
2025-11-12,2450,2510,2435,2500,25496,0.020408163265306145
2025-11-13,2500,2530,2495,2525,13549,0.010000000000000009
2025-11-14,2595,2595,2495,2495,18796,-0.011881188118811892
2025-11-17,2490,2510,2460,2475,27585,-0.008016032064128265
2025-11-18,2595,2595,2420,2425,27909,-0.02020202020202022
2025-11-19,2440,2440,2390,2390,43602,-0.014432989690721598
2025-11-20,2415,2425,2380,2415,44139,0.010460251046025215
2025-11-21,2420,2430,2370,2395,22941,-0.008281573498964856
2025-11-24,2390,2475,2390,2425,29726,0.012526096033402823
2025-11-25,2390,2500,2385,2385,27538,-0.016494845360824795
2025-11-26,2355,2410,2355,2400,31485,0.0062893081761006275
2025-11-27,2405,2455,2395,2405,12628,0.002083333333333437
2025-11-28,2420,2445,2395,2435,17349,0.012474012474012364
2025-12-01,2435,2470,2405,2440,15986,0.002053388090349051
2025-12-02,2440,2480,2415,2430,37479,-0.004098360655737654
2025-12-03,2475,2475,2430,2440,22775,0.004115226337448652
2025-12-04,2450,2460,2365,2410,36403,-0.012295081967213073
2025-12-05,2400,2445,2400,2430,21624,0.008298755186721962
2025-12-08,2450,2460,2395,2400,21598,-0.012345679012345734
2025-12-09,2400,2410,2300,2395,28224,-0.002083333333333326
2025-12-10,2395,2410,2350,2350,43332,-0.018789144050104345
2025-12-11,2365,2440,2355,2370,25869,0.008510638297872353
2025-12-12,2380,2430,2350,2370,32948,0.0
2025-12-15,2370,2390,2355,2390,16219,0.00843881856540074
2025-12-16,2380,2385,2345,2345,21549,-0.01882845188284521
2025-12-17,2345,2360,2330,2360,45918,0.006396588486140775
2025-12-18,2370,2380,2310,2350,31878,-0.004237288135593209
2025-12-19,2325,2365,2325,2340,21119,-0.004255319148936176
2025-12-22,2340,2355,2320,2345,24789,0.002136752136752129
2025-12-23,2345,2560,2305,2485,320045,0.05970149253731338
2025-12-24,2490,2635,2390,2400,190617,-0.03420523138832998
2025-12-26,2390,2445,2365,2390,52534,-0.004166666666666652
2025-12-29,2390,2470,2390,2450,50926,0.025104602510460206
2025-12-30,2450,2475,2340,2365,132659,-0.03469387755102038
2026-01-02,2360,2435,2330,2410,38410,0.019027484143763207
2026-01-05,2460,2495,2410,2470,87368,0.024896265560165887
2026-01-06,2470,2500,2440,2490,56025,0.00809716599190291
2026-01-07,2495,2500,2420,2455,56324,-0.014056224899598346
2026-01-08,2455,2500,2400,2400,47813,-0.022403258655804503
2026-01-09,2470,2710,2410,2510,699497,0.04583333333333339
2026-01-12,2535,2575,2470,2520,126830,0.003984063745019917
2026-01-13,2520,2520,2445,2500,62559,-0.007936507936507908
2026-01-14,2500,2555,2455,2480,70811,-0.008000000000000007
2026-01-15,2485,2515,2455,2495,85156,0.006048387096774244
2026-01-16,2490,2490,2455,2455,63788,-0.01603206412825653
2026-01-19,2455,2510,2455,2495,89945,0.016293279022403295
2026-01-20,2495,2545,2470,2515,98217,0.008016032064128265
2026-01-21,2510,2540,2480,2510,78475,-0.001988071570576566
2026-01-22,2510,2535,2460,2510,76933,0.0
2026-01-23,2510,2540,2470,2530,67166,0.007968127490039834
2026-01-26,2530,2550,2480,2550,83766,0.007905138339920903
2026-01-27,2525,2547,2470,2490,118828,-0.02352941176470591
2026-01-28,2490,2530,2450,2530,150121,0.016064257028112428
2026-01-29,2530,2550,2480,2545,91104,0.005928853754940677
2026-01-30,2540,2625,2540,2590,257215,0.017681728880157177
2026-02-02,2585,2625,2500,2500,164434,-0.03474903474903479
2026-02-03,2515,2610,2460,2580,160530,0.03200000000000003
2026-02-04,2585,2600,2525,2590,72009,0.003875968992248069
2026-02-05,2590,2610,2540,2595,95524,0.0019305019305020377
2026-02-06,2590,2610,2485,2610,102628,0.005780346820809301
2026-02-09,2615,2640,2555,2590,111665,-0.007662835249042099
2026-02-10,2575,2600,2565,2600,36360,0.0038610038610038533
2026-02-11,2600,2605,2570,2590,69156,-0.0038461538461538325
2026-02-12,2600,2615,2575,2605,105048,0.005791505791505891
2026-02-13,2605,2605,2575,2585,95248,-0.007677543186180413
2026-02-19,2595,2652,2590,2650,147271,0.025145067698259194
2026-02-20,2705,2975,2675,2800,2110478,0.05660377358490565
2026-02-23,2750,2835,2670,2755,640816,-0.016071428571428625
2026-02-24,2750,2750,2680,2690,214804,-0.023593466424682408
