Date,Open,High,Low,Close,Volume,Change
2022-01-03,8230,9060,8200,9050,1579731,0.09963547995139743
2022-01-04,9170,9970,9100,9830,2118881,0.08618784530386736
2022-01-05,9800,9840,9300,9300,861069,-0.05391658189216686
2022-01-06,9190,9480,9080,9260,656544,-0.004301075268817178
2022-01-07,9370,9850,9370,9500,859524,0.02591792656587466
2022-01-10,9560,9590,9270,9500,244369,0.0
2022-01-11,9430,9810,9290,9550,498854,0.0052631578947368585
2022-01-12,9540,10150,9510,9950,872833,0.041884816753926746
2022-01-13,9950,10150,9810,9920,350898,-0.0030150753768843908
2022-01-14,9790,10350,9700,10200,440021,0.02822580645161299
2022-01-17,10250,10450,9990,10150,309498,-0.004901960784313708
2022-01-18,10050,10250,9170,9600,1168873,-0.054187192118226646
2022-01-19,9450,9650,9200,9330,269085,-0.028124999999999956
2022-01-20,9250,9730,9250,9700,304167,0.03965702036441576
2022-01-21,9630,9740,9420,9690,227198,-0.0010309278350515427
2022-01-24,9590,9710,9320,9530,291620,-0.016511867905056765
2022-01-25,9760,9760,8620,8950,816314,-0.060860440713536246
2022-01-26,8860,9000,8700,8870,239725,-0.00893854748603351
2022-01-27,9000,9000,8390,8400,277459,-0.0529875986471251
2022-01-28,8400,8720,8260,8640,240980,0.02857142857142847
2022-02-03,8790,9190,8790,9050,212696,0.04745370370370372
2022-02-04,8930,9890,8930,9880,648102,0.0917127071823205
2022-02-07,9760,9760,9480,9700,338913,-0.018218623481781382
2022-02-08,9650,9980,9350,9530,364468,-0.017525773195876337
2022-02-09,9540,9950,9540,9880,305342,0.036726128016788984
2022-02-10,9880,10250,9830,10000,574196,0.012145748987854255
2022-02-11,10500,10900,9700,9870,2167705,-0.013000000000000012
2022-02-14,9510,9890,9450,9670,520521,-0.020263424518743633
2022-02-15,9610,9870,8850,9030,573827,-0.06618407445708374
2022-02-16,9170,9510,9170,9500,391064,0.05204872646733105
2022-02-17,9420,10150,9330,9830,961786,0.03473684210526318
2022-02-18,9710,10750,9670,10400,1914352,0.05798575788402838
2022-02-21,10250,10600,10050,10500,1001322,0.009615384615384581
2022-02-22,10300,10650,10150,10300,766929,-0.01904761904761909
2022-02-23,10450,10600,9910,10300,1095913,0.0
2022-02-24,10100,10400,9750,9840,731695,-0.044660194174757306
2022-02-25,10050,10350,9980,10200,523134,0.03658536585365857
2022-02-28,10150,10200,9980,10000,355070,-0.019607843137254943
2022-03-02,10000,10200,9900,10050,350713,0.004999999999999893
2022-03-03,10250,10650,10150,10500,1269608,0.04477611940298498
2022-03-04,10400,10650,10300,10500,425202,0.0
2022-03-07,10200,10400,10000,10200,577179,-0.02857142857142858
2022-03-08,9900,10100,9390,9440,743480,-0.07450980392156858
2022-03-10,9690,10050,9690,9910,400429,0.04978813559322037
2022-03-11,9830,10050,9700,10000,486878,0.00908173562058523
2022-03-14,9980,9980,9380,9460,370016,-0.05400000000000005
2022-03-15,9400,9710,9270,9620,291467,0.016913319238900604
2022-03-16,9710,9920,9660,9900,291308,0.029106029106028997
2022-03-17,10050,10050,9750,9830,207187,-0.007070707070707116
2022-03-18,9950,10350,9910,10200,536801,0.03763987792472023
2022-03-21,10200,10350,10050,10100,302067,-0.009803921568627416
2022-03-22,10100,10600,10100,10550,588042,0.044554455445544594
2022-03-23,10650,10900,10350,10550,915120,0.0
2022-03-24,10500,10550,10250,10550,240903,0.0
2022-03-25,10450,10650,10150,10600,429095,0.004739336492890933
2022-03-28,10650,10650,10250,10400,232195,-0.018867924528301883
2022-03-29,10450,10500,10150,10300,278909,-0.009615384615384581
2022-03-30,10400,10500,10200,10300,234525,0.0
2022-03-31,10300,10550,10200,10550,257255,0.024271844660194164
2022-04-01,10450,10550,10200,10350,297793,-0.018957345971563955
2022-04-04,10450,10600,10250,10500,269705,0.01449275362318847
2022-04-05,10550,10700,10350,10600,331857,0.00952380952380949
2022-04-06,10500,10650,10300,10550,343407,-0.004716981132075526
2022-04-07,10500,11200,10400,11050,1608109,0.04739336492891
2022-04-08,11100,11250,10800,11050,483403,0.0
2022-04-11,11150,11200,10700,10800,271293,-0.022624434389140302
2022-04-12,10650,10800,10300,10550,400639,-0.02314814814814814
2022-04-13,10550,11350,10500,11300,634898,0.07109004739336489
2022-04-14,11450,11500,11000,11050,629034,-0.02212389380530977
2022-04-15,11000,11400,10750,11200,508247,0.013574660633484115
2022-04-18,11100,11500,11050,11350,445493,0.013392857142857206
2022-04-19,11400,11500,11150,11400,277378,0.004405286343612369
2022-04-20,11350,11950,11300,11900,670309,0.04385964912280693
2022-04-21,11900,12000,11700,11950,466952,0.004201680672268893
2022-04-22,11800,12550,11700,12500,659210,0.046025104602510414
2022-04-25,12150,12400,11900,11900,614764,-0.04800000000000004
2022-04-26,12250,12300,11900,12150,379560,0.021008403361344463
2022-04-27,11800,12200,11700,12200,342868,0.004115226337448652
2022-04-28,12150,12250,11700,12000,291715,-0.016393442622950838
2022-04-29,12000,12600,11750,12550,449088,0.04583333333333339
2022-05-02,12400,12750,12200,12700,489929,0.01195219123505975
2022-05-03,13000,13100,12600,12850,710433,0.011811023622047223
2022-05-04,12850,12900,12450,12850,384448,0.0
2022-05-06,12600,13200,12550,13100,482210,0.01945525291828787
2022-05-09,13000,13100,11850,11850,812895,-0.09541984732824427
2022-05-10,11650,12200,11550,12100,497495,0.021097046413502074
2022-05-11,12100,12200,11700,11950,326312,-0.012396694214875992
2022-05-12,11700,12100,11350,11450,356813,-0.04184100418410042
2022-05-13,11550,12400,11500,12000,764413,0.048034934497816595
2022-05-16,12150,12150,11800,12000,379845,0.0
2022-05-17,12000,12200,11800,12100,320857,0.008333333333333304
2022-05-18,12150,12150,11750,11800,237060,-0.024793388429752095
2022-05-19,11500,11600,10950,11250,1064374,-0.04661016949152541
2022-05-20,11400,12500,11300,11650,1340177,0.03555555555555556
2022-05-23,11650,11700,11050,11200,402046,-0.03862660944206009
2022-05-24,11200,11450,10950,11100,490927,-0.008928571428571397
2022-05-25,11200,11300,10950,11100,395932,0.0
2022-05-26,11150,11250,10400,10500,860901,-0.05405405405405406
2022-05-27,10800,11450,10750,11300,1132753,0.07619047619047614
2022-05-30,11350,11600,11200,11200,392064,-0.008849557522123908
2022-05-31,11300,11300,10800,11100,499734,-0.008928571428571397
2022-06-02,11050,11150,10900,11000,186142,-0.009009009009009028
2022-06-03,11050,11050,10750,10800,175125,-0.018181818181818188
2022-06-07,10850,10900,10450,10850,344525,0.004629629629629539
2022-06-08,10850,10950,10400,10800,500634,-0.004608294930875556
2022-06-09,10700,10900,10550,10750,223261,-0.00462962962962965
2022-06-10,10600,10950,10600,10700,284503,-0.0046511627906976605
2022-06-13,10450,10500,9780,9830,736513,-0.08130841121495325
2022-06-14,9550,9830,9390,9820,425886,-0.0010172939979654627
2022-06-15,9750,9810,9350,9450,330045,-0.03767820773930752
2022-06-16,9590,9690,9150,9210,377635,-0.025396825396825418
2022-06-17,8950,9030,8650,8960,518441,-0.02714440825190012
2022-06-20,9030,9070,8130,8600,350415,-0.0401785714285714
2022-06-21,8680,9060,8550,8980,245174,0.04418604651162794
2022-06-22,8980,9070,8490,8530,271612,-0.05011135857461024
2022-06-23,8710,8880,8340,8400,341425,-0.015240328253223967
2022-06-24,8600,9120,8550,9110,334532,0.08452380952380945
2022-06-27,9160,9490,9050,9380,278197,0.029637760702524663
2022-06-28,9280,9410,9050,9120,302929,-0.02771855010660984
2022-06-29,8920,9090,8770,9040,193283,-0.00877192982456143
2022-06-30,8910,8970,8770,8840,196199,-0.02212389380530977
2022-07-01,8840,8970,8450,8550,156791,-0.03280542986425339
2022-07-04,8560,8680,8350,8510,146276,-0.004678362573099393
2022-07-05,8600,8850,8570,8800,95252,0.034077555816686145
2022-07-06,8800,9120,8620,8790,187845,-0.001136363636363602
2022-07-07,8760,9140,8760,9050,157548,0.029579067121729308
2022-07-08,9120,9410,9060,9310,152866,0.02872928176795586
2022-07-11,9390,9390,9200,9300,101552,-0.0010741138560687036
2022-07-12,9260,9500,9000,9130,270348,-0.018279569892473146
2022-07-13,9050,9250,9010,9160,77523,0.0032858707557503752
2022-07-14,9090,9160,8810,9020,236997,-0.015283842794759805
2022-07-15,9030,9080,8770,8930,149664,-0.009977827050997812
2022-07-18,8950,9110,8940,9100,75947,0.01903695408734607
2022-07-19,9090,9350,8990,9320,75983,0.02417582417582409
2022-07-20,9430,9780,9350,9650,305956,0.03540772532188852
2022-07-21,9760,9930,9580,9750,163661,0.010362694300518172
2022-07-22,9780,9860,9390,9430,176538,-0.03282051282051279
2022-07-25,9380,9550,9330,9500,85306,0.007423117709437932
2022-07-26,9370,9550,9290,9500,116845,0.0
2022-07-27,9550,9870,9480,9870,209876,0.03894736842105262
2022-07-28,10550,10550,9990,10150,1062346,0.028368794326241176
2022-07-29,10500,10550,10050,10300,589124,0.014778325123152802
2022-08-01,10300,10400,10000,10150,451177,-0.014563106796116498
2022-08-02,10150,10450,9900,9940,575962,-0.020689655172413834
2022-08-03,9940,10300,9830,10300,387484,0.03621730382293764
2022-08-04,10400,10400,10000,10050,271908,-0.024271844660194164
2022-08-05,10050,10350,9980,10100,254555,0.004975124378109541
2022-08-08,10150,10250,10050,10200,132308,0.00990099009900991
2022-08-09,10200,10250,10000,10250,250347,0.004901960784313708
2022-08-10,10200,10200,10000,10000,228309,-0.024390243902439046
2022-08-11,10150,10200,10000,10050,294647,0.004999999999999893
2022-08-12,10100,10250,9980,10250,279509,0.01990049751243772
2022-08-16,10100,10150,9790,9830,527700,-0.0409756097560976
2022-08-17,9770,9950,9640,9710,267113,-0.012207527975584997
2022-08-18,9710,10000,9620,10000,226502,0.029866117404737436
2022-08-19,9960,10100,9800,9870,214493,-0.013000000000000012
2022-08-22,9760,10050,9680,9930,217141,0.006079027355623046
2022-08-23,9770,9910,9670,9790,156247,-0.014098690835850913
2022-08-24,9710,9930,9710,9840,120857,0.005107252298263587
2022-08-25,9850,10250,9850,10200,456662,0.03658536585365857
2022-08-26,10200,10550,10100,10450,430676,0.02450980392156854
2022-08-29,10050,10250,10000,10100,336769,-0.03349282296650713
2022-08-30,10150,10700,10100,10450,417820,0.034653465346534684
2022-08-31,10350,10800,10300,10600,378560,0.014354066985645897
2022-09-01,10550,10550,10050,10150,488379,-0.04245283018867929
2022-09-02,10200,11150,10150,11050,2332855,0.08866995073891615
2022-09-05,11150,11500,11050,11300,1269315,0.02262443438914019
2022-09-06,11350,11550,11200,11350,505424,0.004424778761061843
2022-09-07,11250,11300,11000,11150,462748,-0.017621145374449365
2022-09-08,11350,12050,11200,11700,872119,0.049327354260089606
2022-09-13,11950,12200,11550,11900,519452,0.017094017094017033
2022-09-14,11500,11850,11400,11700,467658,-0.01680672268907568
2022-09-15,11700,11850,11600,11750,590077,0.004273504273504258
2022-09-16,11600,11700,11100,11200,580326,-0.04680851063829783
2022-09-19,11200,11250,10700,10750,562980,-0.0401785714285714
2022-09-20,10850,11150,10750,11050,543429,0.027906976744185963
2022-09-21,10900,11100,10550,10750,450554,-0.02714932126696834
2022-09-22,10550,10800,10250,10700,465943,-0.0046511627906976605
2022-09-23,10700,10700,10250,10350,408793,-0.032710280373831724
2022-09-26,10250,10300,9600,9640,613490,-0.06859903381642507
2022-09-27,9640,9890,9440,9860,349417,0.022821576763485396
2022-09-28,9760,9920,9150,9480,318473,-0.03853955375253548
2022-09-29,9630,10150,9630,9810,385713,0.034810126582278444
2022-09-30,9610,9780,8980,9040,740223,-0.07849133537206932
2022-10-04,9170,9240,8980,9240,280937,0.022123893805309658
2022-10-05,9360,9440,9030,9110,207994,-0.01406926406926412
2022-10-06,9200,9550,9140,9490,147829,0.04171240395170139
2022-10-07,9400,9520,9310,9310,68857,-0.018967334035827177
2022-10-11,9100,9100,8500,8550,315947,-0.08163265306122447
2022-10-12,8580,8670,8460,8540,151593,-0.0011695906432748204
2022-10-13,8590,8590,8060,8110,286319,-0.050351288056206034
2022-10-14,8330,8620,8300,8600,192043,0.06041923551171391
2022-10-17,8400,8750,8350,8750,80798,0.01744186046511631
2022-10-18,8950,9000,8700,8970,233761,0.025142857142857133
2022-10-19,8970,9240,8900,9060,209239,0.010033444816053505
2022-10-20,8860,9030,8680,8760,173461,-0.0331125827814569
2022-10-21,8700,8760,8370,8370,106196,-0.044520547945205435
2022-10-24,8610,8610,8390,8400,104957,0.0035842293906809264
2022-10-25,8400,8540,8400,8510,64870,0.013095238095238049
2022-10-26,8580,8600,8360,8510,96856,0.0
2022-10-27,8520,8670,8460,8640,90180,0.01527614571092828
2022-10-28,8560,8700,8390,8490,144073,-0.01736111111111116
2022-10-31,8520,8660,8470,8620,76183,0.01531213191990588
2022-11-01,8680,8820,8620,8780,79396,0.018561484918793614
2022-11-02,8780,8980,8690,8860,103065,0.009111617312072884
2022-11-03,8640,8850,8620,8790,62650,-0.007900677200902928
2022-11-04,8790,9010,8680,8960,139467,0.019340159271899804
2022-11-07,9040,9050,8900,8990,97638,0.0033482142857141906
2022-11-08,9050,9320,9010,9270,201018,0.031145717463848754
2022-11-09,9300,9650,9220,9540,276354,0.029126213592232997
2022-11-10,9480,9670,9350,9520,184155,-0.002096436058700246
2022-11-11,9800,10100,9500,9520,907744,0.0
2022-11-14,9670,9750,9440,9470,522124,-0.005252100840336116
2022-11-15,9450,9590,9140,9250,392429,-0.023231256599788752
2022-11-16,9310,9500,9280,9370,217935,0.012972972972973063
2022-11-17,9370,9370,9160,9260,185193,-0.011739594450373536
2022-11-18,9290,9340,9170,9250,110718,-0.001079913606911398
2022-11-21,9330,9330,9060,9120,134236,-0.014054054054054022
2022-11-22,9100,9190,9040,9150,54037,0.00328947368421062
2022-11-23,9190,9470,9160,9420,149524,0.029508196721311553
2022-11-24,9450,9490,9310,9440,104182,0.002123142250530785
2022-11-25,9310,9340,8740,8790,909930,-0.06885593220338981
2022-11-28,8820,8830,8580,8610,172001,-0.020477815699658675
2022-11-29,8630,8880,8610,8830,134346,0.025551684088269466
2022-11-30,8760,9050,8760,9010,158110,0.020385050962627327
2022-12-01,9130,9190,9030,9120,176348,0.01220865704772467
2022-12-02,9130,9150,8980,9070,90768,-0.005482456140350922
2022-12-05,9070,9100,8910,8920,89590,-0.016538037486218293
2022-12-06,8870,8970,8650,8690,157440,-0.02578475336322872
2022-12-07,8650,8690,8530,8690,112004,0.0
2022-12-08,8640,8660,8550,8600,82276,-0.010356731875719172
2022-12-09,8600,8690,8580,8690,71325,0.010465116279069875
2022-12-12,8630,8770,8630,8730,51306,0.004602991944764101
2022-12-13,8700,8770,8550,8650,84401,-0.009163802978235935
2022-12-14,8700,8850,8700,8800,72738,0.01734104046242768
2022-12-15,8800,8930,8730,8760,48647,-0.004545454545454519
2022-12-16,8620,8770,8580,8650,48034,-0.01255707762557079
2022-12-19,8550,8650,8410,8480,129880,-0.01965317919075149
2022-12-20,8410,8440,8090,8140,181362,-0.04009433962264153
2022-12-21,8560,9190,8310,8570,473425,0.05282555282555279
2022-12-22,8730,9060,8720,8910,598517,0.03967327887981331
2022-12-23,8820,8890,8520,8520,206888,-0.043771043771043794
2022-12-26,8490,8540,8390,8420,119298,-0.011737089201877882
2022-12-27,8360,8610,8360,8570,127063,0.017814726840855055
2022-12-28,8510,8540,8230,8390,168332,-0.02100350058343059
2022-12-29,8370,8450,8160,8180,110759,-0.02502979737783073
2023-01-02,8200,8270,7980,8010,143010,-0.020782396088019572
2023-01-03,7950,8050,7500,7810,246120,-0.024968789013732784
2023-01-04,8020,8270,7920,8240,189895,0.055057618437900135
2023-01-05,8270,8410,8240,8240,102393,0.0
2023-01-06,8180,8770,8170,8490,338729,0.03033980582524265
2023-01-09,8560,8620,8420,8470,126557,-0.002355712603062443
2023-01-10,8470,8630,8390,8460,73135,-0.0011806375442738881
2023-01-11,8470,8580,8470,8510,50358,0.005910165484633634
2023-01-12,8510,8680,8490,8600,66728,0.010575793184488758
2023-01-13,8630,8720,8590,8710,95926,0.012790697674418539
2023-01-16,8820,9050,8770,8860,202474,0.01722158438576349
2023-01-17,8860,8890,8640,8650,89202,-0.023702031602708784
2023-01-18,8650,8690,8550,8640,64450,-0.0011560693641619046
2023-01-19,8570,8800,8560,8790,68388,0.01736111111111116
2023-01-20,8820,8920,8720,8800,107678,0.0011376564277587597
2023-01-25,8830,8910,8750,8810,116923,0.001136363636363713
2023-01-26,8780,8870,8750,8790,113261,-0.002270147559591429
2023-01-27,8830,9000,8800,8890,243629,0.011376564277588264
2023-01-30,8990,9000,8800,8810,106476,-0.008998875140607376
2023-01-31,8800,8840,8660,8830,66721,0.002270147559591429
2023-02-01,8820,8880,8750,8770,72801,-0.006795016987542479
2023-02-02,8870,8870,8700,8710,151530,-0.0068415051311288
2023-02-03,8760,8770,8620,8710,177118,0.0
2023-02-06,8730,8940,8680,8890,196670,0.02066590126291623
2023-02-07,8900,8910,8850,8890,73626,0.0
2023-02-08,8910,8950,8810,8930,90687,0.004499437570303799
2023-02-09,8930,9070,8840,8910,121178,-0.002239641657334812
2023-02-10,8910,8910,8680,8710,91331,-0.02244668911335579
2023-02-13,8760,8760,8430,8470,145819,-0.027554535017221604
2023-02-14,8500,8700,8500,8650,99280,0.02125147579693043
2023-02-15,8700,8740,8480,8480,58832,-0.01965317919075149
2023-02-16,8510,8800,8420,8790,102697,0.03655660377358494
2023-02-17,8680,9040,8670,8850,207031,0.006825938566553003
2023-02-20,8910,9120,8750,9050,152408,0.02259887005649719
2023-02-21,9010,9100,8880,8880,195814,-0.018784530386740328
2023-02-22,8810,8880,8640,8800,108361,-0.009009009009009028
2023-02-23,8780,8900,8690,8850,105701,0.005681818181818121
2023-02-24,8950,9000,8720,8890,250906,0.004519774011299438
2023-02-27,9040,9110,8810,8840,277842,-0.0056242969628796935
2023-02-28,8900,9210,8860,8940,369213,0.011312217194570096
2023-03-02,8970,9140,8790,9090,206454,0.016778523489932917
2023-03-03,9100,9160,8980,9090,173832,0.0
2023-03-06,9090,9120,9000,9100,136797,0.0011001100110010764
2023-03-07,9120,9210,9020,9170,171119,0.007692307692307665
2023-03-08,9160,9210,8980,9020,152097,-0.016357688113413316
2023-03-09,9020,9280,9020,9160,283424,0.015521064301552201
2023-03-10,9050,9130,8810,8900,203648,-0.028384279475982543
2023-03-13,8800,8900,8550,8750,177763,-0.016853932584269704
2023-03-14,8750,8750,8220,8230,343436,-0.059428571428571386
2023-03-15,8400,8400,8290,8360,117547,0.015795868772782606
2023-03-16,8280,8400,8060,8330,118750,-0.0035885167464114742
2023-03-17,8410,8540,8370,8450,65540,0.014405762304922076
2023-03-20,8440,8550,8350,8500,96788,0.00591715976331364
2023-03-21,8500,8620,8430,8580,82653,0.009411764705882453
2023-03-22,8650,8650,8460,8510,175880,-0.00815850815850816
2023-03-23,8430,8440,8310,8360,142370,-0.01762632197414804
2023-03-24,8360,8420,8260,8380,85718,0.0023923444976077235
2023-03-27,8350,8380,8150,8370,251611,-0.0011933174224343368
2023-03-28,8390,8470,8290,8450,66227,0.009557945041815952
2023-03-29,8470,8900,8380,8830,272606,0.04497041420118353
2023-03-30,8860,8860,8690,8750,231973,-0.009060022650056676
2023-03-31,8770,8800,8560,8680,197642,-0.008000000000000007
2023-04-03,8660,8710,8600,8690,99175,0.0011520737327188613
2023-04-04,8650,8870,8580,8640,220716,-0.005753739930955071
2023-04-05,8690,8870,8590,8710,253746,0.00810185185185186
2023-04-06,8700,8700,8500,8500,110810,-0.024110218140068862
2023-04-07,8510,8590,8420,8590,97083,0.010588235294117565
2023-04-10,8590,8640,8360,8390,123442,-0.023282887077997638
2023-04-11,8390,8440,8280,8400,160521,0.0011918951132301459
2023-04-12,8400,8450,8320,8390,109826,-0.0011904761904761862
2023-04-13,8390,8480,8220,8450,124810,0.007151370679380209
2023-04-14,8480,8590,8370,8430,124341,-0.002366863905325478
2023-04-17,8400,8480,8350,8400,89444,-0.003558718861209953
2023-04-18,8430,8430,8200,8260,185275,-0.01666666666666672
2023-04-19,8260,8430,8250,8400,96675,0.016949152542372836
2023-04-20,8400,8420,8170,8170,151064,-0.027380952380952395
2023-04-21,8190,8190,8030,8070,119391,-0.012239902080783405
2023-04-24,8130,8150,7930,7970,105615,-0.012391573729863659
2023-04-25,7990,8000,7730,7830,135608,-0.017565872020075313
2023-04-26,7830,7920,7710,7800,71401,-0.003831417624521105
2023-04-27,7770,7910,7670,7900,85436,0.012820512820512775
2023-04-28,7910,8000,7890,7940,40701,0.005063291139240533
2023-05-02,7990,8140,7930,8130,74753,0.023929471032745564
2023-05-03,8090,8380,8070,8300,132567,0.02091020910209096
2023-05-04,8220,8290,8060,8140,53962,-0.01927710843373498
2023-05-08,8200,8240,8080,8140,35535,0.0
2023-05-09,8100,8250,8100,8180,46045,0.004914004914004844
2023-05-10,8140,8210,8110,8190,38343,0.0012224938875304847
2023-05-11,8160,8200,8060,8150,59452,-0.004884004884004867
2023-05-12,8150,8180,7880,7980,120956,-0.020858895705521463
2023-05-15,7980,8060,7750,8000,94033,0.0025062656641603454
2023-05-16,7960,8020,7780,7830,79214,-0.02124999999999999
2023-05-17,7770,7930,7750,7920,81170,0.011494252873563315
2023-05-18,7920,8040,7900,8000,69084,0.010101010101010166
2023-05-19,8000,8040,7970,8020,44267,0.0024999999999999467
2023-05-22,8020,8070,7970,8040,38618,0.0024937655860348684
2023-05-23,8060,8060,7940,7980,92163,-0.007462686567164201
2023-05-24,7980,7990,7880,7930,73320,-0.006265664160400974
2023-05-25,8000,8000,7840,7920,31488,-0.0012610340479193294
2023-05-26,7890,7920,7810,7850,63029,-0.008838383838383868
2023-05-30,7900,7900,7750,7790,70751,-0.007643312101910826
2023-05-31,7790,7880,7770,7840,51832,0.006418485237484006
2023-06-01,7800,7850,7720,7820,51850,-0.0025510204081632404
2023-06-02,7880,7880,7730,7810,51568,-0.0012787723785165905
2023-06-05,7880,8030,7830,7980,85708,0.02176696542893719
2023-06-07,7980,8040,7960,7990,41679,0.0012531328320801727
2023-06-08,7970,8010,7920,7960,21788,-0.003754693366708417
2023-06-09,7970,7970,7880,7930,46720,-0.0037688442211055717
2023-06-12,7930,7950,7860,7930,39713,0.0
2023-06-13,7960,7970,7870,7910,49650,-0.0025220680958385477
2023-06-14,7910,7930,7750,7850,74288,-0.007585335018963302
2023-06-15,8010,8010,7750,7840,77752,-0.001273885350318471
2023-06-16,7860,7930,7800,7900,39429,0.007653061224489832
2023-06-19,7930,7930,7850,7910,41246,0.0012658227848101333
2023-06-20,7860,7990,7860,7870,95023,-0.005056890012642201
2023-06-21,7870,7870,7770,7810,71741,-0.007623888182973326
2023-06-22,7780,7880,7760,7850,35341,0.005121638924455718
2023-06-23,7850,7870,7790,7820,30377,-0.003821656050955413
2023-06-26,7820,7840,7770,7790,38406,-0.0038363171355498826
2023-06-27,7790,8130,7770,8060,346374,0.03465982028241332
2023-06-28,8060,8300,8010,8260,318548,0.02481389578163773
2023-06-29,8260,8260,8070,8250,106436,-0.001210653753026647
2023-06-30,8160,8260,8010,8230,128255,-0.00242424242424244
2023-07-03,8250,8610,8200,8580,396838,0.04252733900364514
2023-07-04,8590,8590,8400,8500,107894,-0.009324009324009341
2023-07-05,8490,8490,8210,8280,99315,-0.025882352941176467
2023-07-06,8330,8330,7990,8150,201743,-0.0157004830917874
2023-07-07,8150,8250,8030,8200,65266,0.006134969325153339
2023-07-10,8150,8280,8100,8200,49767,0.0
2023-07-11,8180,8260,8100,8200,42378,0.0
2023-07-12,8200,8260,8150,8230,77782,0.003658536585365857
2023-07-13,8280,8290,8200,8250,67213,0.002430133657351119
2023-07-14,8220,8360,8210,8270,124473,0.00242424242424244
2023-07-17,8160,8300,8030,8140,192084,-0.01571946795646917
2023-07-18,8170,8180,8060,8130,98386,-0.0012285012285012664
2023-07-19,8090,8130,8050,8120,59808,-0.0012300123001229846
2023-07-20,8100,8140,8000,8020,79624,-0.012315270935960632
2023-07-21,8010,8090,7850,8000,161074,-0.0024937655860348684
2023-07-24,8010,8050,7770,7780,121681,-0.02749999999999997
2023-07-25,7870,7870,7580,7600,135551,-0.023136246786632397
2023-07-26,7610,7660,7250,7330,188652,-0.03552631578947374
2023-07-27,7330,7590,7330,7510,69187,0.024556616643929052
2023-07-28,7600,7880,7540,7850,70559,0.045272969374167804
2023-07-31,7770,7880,7690,7850,64046,0.0
2023-08-01,7790,7950,7770,7840,68499,-0.001273885350318471
2023-08-02,7830,7880,7720,7760,50004,-0.010204081632653073
2023-08-03,7720,7930,7650,7840,65031,0.010309278350515427
2023-08-04,7910,8150,7800,8080,110403,0.030612244897959107
2023-08-07,8040,8160,7980,8080,134324,0.0
2023-08-08,8080,8100,7960,7980,84881,-0.012376237623762387
2023-08-09,7930,8060,7850,7930,79386,-0.006265664160400974
2023-08-10,7920,8020,7820,7950,41749,0.0025220680958386588
2023-08-11,7940,8070,7920,7950,90388,0.0
2023-08-14,8000,8000,7830,7910,81705,-0.005031446540880502
2023-08-16,7940,7940,7700,7760,91408,-0.01896333754740831
2023-08-17,7670,7800,7560,7670,82700,-0.011597938144329856
2023-08-18,7730,7780,7590,7740,49084,0.009126466753585305
2023-08-21,7820,7820,7660,7810,55566,0.009043927648578753
2023-08-22,7740,7990,7740,7820,62829,0.001280409731113874
2023-08-23,7820,7820,7670,7790,101003,-0.0038363171355498826
2023-08-24,7790,7790,7590,7680,130780,-0.014120667522464658
2023-08-25,7610,7860,7610,7810,90591,0.01692708333333326
2023-08-28,7810,7960,7770,7930,60376,0.015364916773367376
2023-08-29,7930,8080,7820,7980,129797,0.006305170239596425
2023-08-30,8010,8020,7920,8020,58553,0.005012531328320913
2023-08-31,8030,8110,7980,8020,63561,0.0
2023-09-01,8030,8270,7990,8190,98484,0.021197007481296826
2023-09-04,8110,8210,8010,8110,41932,-0.009768009768009733
2023-09-05,8110,8230,8080,8180,60006,0.008631319358816336
2023-09-06,8180,8240,8060,8160,68998,-0.0024449877750610804
2023-09-07,8140,8170,8030,8130,47283,-0.003676470588235281
2023-09-08,8130,8200,8030,8200,38320,0.008610086100861114
2023-09-11,8130,8230,8130,8210,34260,0.0012195121951219523
2023-09-12,8200,8330,8110,8180,96212,-0.0036540803897685548
2023-09-13,8170,8190,8080,8150,54200,-0.003667481662591676
2023-09-14,8100,8120,7960,7980,60079,-0.020858895705521463
2023-09-15,7980,8200,7980,8100,63928,0.015037593984962516
2023-09-18,8100,8140,8010,8080,25155,-0.0024691358024691024
2023-09-19,8100,8100,7920,7990,64771,-0.011138613861386149
2023-09-20,7950,7990,7840,7860,46585,-0.016270337922402955
2023-09-21,7790,7890,7700,7810,42739,-0.006361323155216314
2023-09-22,7780,7840,7600,7750,77035,-0.007682458386683688
2023-09-25,7800,7800,7610,7640,26757,-0.014193548387096744
2023-09-26,7640,7650,7550,7590,28109,-0.00654450261780104
2023-09-27,7580,7620,7490,7620,29825,0.0039525691699604515
2023-10-04,7700,7700,7470,7510,38328,-0.014435695538057791
2023-10-05,7510,7670,7460,7460,28732,-0.0066577896138482195
2023-10-06,7500,7610,7500,7580,25650,0.01608579088471851
2023-10-10,7580,7960,7580,7750,147431,0.02242744063324542
2023-10-11,7750,8040,7750,8040,110074,0.03741935483870962
2023-10-12,8010,8230,7990,8220,124425,0.02238805970149249
2023-10-13,8220,8780,8170,8760,470463,0.06569343065693434
2023-10-16,8760,8780,8470,8700,257272,-0.006849315068493178
2023-10-17,8900,9240,8860,9000,662659,0.034482758620689724
2023-10-18,8940,9170,8480,8660,205602,-0.0377777777777778
2023-10-19,8660,8660,8330,8490,127112,-0.019630484988452657
2023-10-20,8380,8460,8210,8300,115457,-0.0223792697290931
2023-10-23,8150,8360,8090,8130,125515,-0.02048192771084334
2023-10-24,8150,8750,7820,8700,365220,0.07011070110701101
2023-10-25,8600,8700,8460,8520,81073,-0.020689655172413834
2023-10-26,8370,8430,8100,8200,80251,-0.03755868544600938
2023-10-27,8210,8370,8100,8100,40157,-0.012195121951219523
2023-10-30,8060,8190,8000,8080,23484,-0.0024691358024691024
2023-10-31,8220,8660,8030,8340,278454,0.03217821782178221
2023-11-01,8360,8700,8350,8600,170668,0.031175059952038398
2023-11-02,8600,8830,8320,8800,165668,0.023255813953488413
2023-11-03,8890,8920,8620,8780,72997,-0.002272727272727315
2023-11-06,8790,8810,8420,8640,146269,-0.015945330296127547
2023-11-07,8600,8600,8340,8500,71670,-0.01620370370370372
2023-11-08,8600,9180,8550,9140,475702,0.07529411764705873
2023-11-09,9200,9840,8940,9750,1189521,0.06673960612691476
2023-11-10,9730,9910,9530,9750,277562,0.0
2023-11-13,9600,9740,9300,9430,255332,-0.03282051282051279
2023-11-14,9400,9980,8920,9380,1556382,-0.005302226935312793
2023-11-15,9280,9540,9110,9420,337156,0.004264392324093924
2023-11-16,9420,9430,9010,9420,288290,0.0
2023-11-17,9420,9920,9230,9410,486187,-0.0010615711252653925
2023-11-20,9390,9640,9290,9530,158331,0.012752391073326264
2023-11-21,9530,9610,9170,9340,202988,-0.019937040923399763
2023-11-22,9240,9350,9000,9120,292356,-0.023554603854389677
2023-11-23,9130,9180,8910,9070,125183,-0.005482456140350922
2023-11-24,9120,9330,8960,9140,95227,0.007717750826901959
2023-11-27,9260,9630,9210,9330,177570,0.020787746170678245
2023-11-28,9350,10160,9310,10000,939995,0.07181136120042875
2023-11-29,10150,10530,10040,10260,793600,0.026000000000000023
2023-11-30,10260,10310,9920,10160,258602,-0.00974658869395717
2023-12-01,10100,10210,9850,9850,181998,-0.030511811023621993
2023-12-04,9960,10220,9690,10020,185074,0.01725888324873104
2023-12-05,10020,10340,9830,10080,202188,0.0059880239520957446
2023-12-06,10080,10330,9990,10300,176194,0.021825396825396748
2023-12-07,10280,10390,9990,10100,167064,-0.01941747572815533
2023-12-08,10100,10100,9860,10030,185764,-0.006930693069306937
2023-12-11,9940,10400,9910,10270,276728,0.023928215353938187
2023-12-12,10200,10290,10070,10090,68886,-0.017526777020447915
2023-12-13,10020,10220,9970,10020,89612,-0.0069375619425173785
2023-12-14,10100,10910,10050,10840,1063012,0.08183632734530932
2023-12-15,10790,11000,10550,10690,263352,-0.013837638376383743
2023-12-18,10550,10790,10480,10680,197351,-0.00093545369504211
2023-12-19,10630,10760,10540,10570,98436,-0.010299625468164764
2023-12-20,10570,10870,10480,10870,228219,0.02838221381267747
2023-12-21,10800,11220,10730,11100,255989,0.021159153633854677
2023-12-22,10550,10760,10100,10450,977123,-0.058558558558558516
2023-12-26,10440,10550,10130,10330,252629,-0.011483253588516762
2023-12-27,10330,10350,10000,10100,157768,-0.022265246853823806
2023-12-28,10150,10700,10020,10650,208124,0.054455445544554504
2024-01-02,10670,11040,10670,10900,186793,0.023474178403755763
2024-01-03,10670,10900,10530,10730,134023,-0.015596330275229331
2024-01-04,10580,10790,10580,10740,82419,0.0009319664492077884
2024-01-05,10780,10950,10580,10740,114170,0.0
2024-01-08,10670,10680,10420,10650,85921,-0.008379888268156388
2024-01-09,10660,10660,10240,10460,273864,-0.017840375586854473
2024-01-10,10350,10600,10280,10480,62068,0.0019120458891013214
2024-01-11,10460,11310,10310,11010,466890,0.050572519083969425
2024-01-12,11010,11010,10350,10350,252086,-0.05994550408719346
2024-01-15,10350,10730,10350,10440,140542,0.008695652173912993
2024-01-16,10850,10860,10080,10130,395408,-0.029693486590038343
2024-01-17,10140,10220,9930,10050,157150,-0.007897334649555776
2024-01-18,10060,10280,10050,10250,71099,0.01990049751243772
2024-01-19,10250,10330,9980,10020,135790,-0.022439024390243922
2024-01-22,10170,10230,10030,10120,147510,0.009980039920159722
2024-01-23,10100,10220,9900,10220,93997,0.009881422924901129
2024-01-24,10130,10370,10120,10210,68616,-0.0009784735812132794
2024-01-25,10340,10340,9900,10010,195115,-0.019588638589618013
2024-01-26,10080,10220,9920,10010,65737,0.0
2024-01-29,10050,10130,9870,9900,167106,-0.01098901098901095
2024-01-30,9930,10020,9690,9860,196897,-0.004040404040404066
2024-01-31,9880,9960,9800,9910,59276,0.005070993914807254
2024-02-01,9840,10160,9710,9950,123592,0.004036326942482349
2024-02-02,9950,10330,9940,10260,169151,0.031155778894472297
2024-02-05,10270,10610,10160,10600,157477,0.033138401559454245
2024-02-06,10590,10660,10290,10650,204976,0.004716981132075526
2024-02-07,10690,11480,10510,11470,504501,0.0769953051643193
2024-02-08,11500,11910,11370,11630,352515,0.013949433304272008
2024-02-13,11410,11570,11020,11050,246205,-0.04987102321582115
2024-02-14,10800,11450,10800,11390,166184,0.03076923076923066
2024-02-15,11500,11870,11500,11780,179989,0.034240561896400346
2024-02-16,11710,11900,11560,11620,147212,-0.01358234295415961
2024-02-19,11610,11700,11450,11580,96978,-0.0034423407917383297
2024-02-20,11580,11990,11450,11820,189678,0.020725388601036343
2024-02-21,11820,12090,11710,11800,80877,-0.0016920473773265332
2024-02-22,11800,12320,11660,12180,340716,0.03220338983050852
2024-02-23,12030,12490,11920,12170,250964,-0.0008210180623974273
2024-02-26,12170,12170,11700,11980,167521,-0.01561216105176666
2024-02-27,11940,11940,11200,11280,183484,-0.058430717863105164
2024-02-28,11200,11320,11000,11090,122036,-0.016843971631205656
2024-02-29,11110,11330,11050,11220,83070,0.011722272317403082
2024-03-04,11220,11700,11220,11530,131612,0.027629233511586415
2024-03-05,11430,11540,10910,11130,189492,-0.034692107545533424
2024-03-06,11180,11390,10900,11010,122965,-0.010781671159029615
2024-03-07,11210,11230,10880,11000,89786,-0.0009082652134423386
2024-03-08,10990,11250,10540,11150,257164,0.013636363636363669
2024-03-11,11410,11640,11170,11540,195310,0.034977578475336335
2024-03-12,11580,11920,11540,11900,158013,0.03119584055459268
2024-03-13,11880,12120,11740,11900,105764,0.0
2024-03-14,11940,12370,11840,12290,208114,0.032773109243697585
2024-03-15,12270,12360,12040,12290,158124,0.0
2024-03-18,12290,12300,11860,11940,120181,-0.028478437754271724
2024-03-19,11920,11920,11640,11720,129374,-0.018425460636515956
2024-03-20,11720,11880,11590,11740,88954,0.0017064846416381396
2024-03-21,11790,11790,11350,11350,218855,-0.03321976149914818
2024-03-22,11320,11480,11020,11390,215039,0.0035242290748898064
2024-03-25,11380,11650,11350,11600,130703,0.01843722563652328
2024-03-26,11650,11910,11520,11900,167581,0.02586206896551735
2024-03-27,11980,12270,11900,12210,135956,0.026050420168067134
2024-03-28,12220,12470,11980,12270,174620,0.004914004914004844
2024-03-29,12290,12350,12090,12110,102654,-0.013039934800325947
2024-04-01,12280,12330,12010,12220,110663,0.009083402146985886
2024-04-02,12300,12370,11900,12240,185514,0.0016366612111293755
2024-04-03,12170,12240,11850,12210,84203,-0.002450980392156854
2024-04-04,12390,12650,12180,12480,122868,0.02211302211302213
2024-04-05,12490,12540,12180,12300,97558,-0.014423076923076872
2024-04-08,12280,12820,12100,12790,150453,0.0398373983739837
2024-04-09,12970,13750,12870,13630,785980,0.0656763096168882
2024-04-11,13510,13750,13170,13370,202765,-0.019075568598679427
2024-04-12,13570,13740,13390,13480,150071,0.008227374719521396
2024-04-15,13390,13730,13100,13300,168433,-0.013353115727002929
2024-04-16,13110,13260,12510,12800,187843,-0.03759398496240607
2024-04-17,12910,13450,12830,13170,143916,0.02890624999999991
2024-04-18,13210,13670,13170,13600,130886,0.03264996203492787
2024-04-19,13520,13570,12900,13340,148393,-0.019117647058823573
2024-04-22,13220,13270,12950,13200,140272,-0.010494752623688153
2024-04-23,13250,13480,13000,13180,99189,-0.0015151515151514694
2024-04-24,13200,13670,13110,13310,142508,0.009863429438543347
2024-04-25,13330,13590,13160,13370,85771,0.004507888805409532
2024-04-26,13590,13710,13410,13710,116982,0.025430067314884175
2024-04-29,13630,13880,13520,13550,114238,-0.011670313639679075
2024-04-30,13550,13850,13410,13750,119412,0.014760147601476037
2024-05-02,13750,13830,13550,13700,76270,-0.0036363636363636598
2024-05-03,13700,14050,13610,14030,143042,0.024087591240876005
2024-05-07,14300,14340,13700,13860,128859,-0.012116892373485344
2024-05-08,13980,13980,13490,13980,124436,0.008658008658008587
2024-05-09,13950,13990,13770,13800,49250,-0.012875536480686733
2024-05-10,13700,14100,13610,14090,103877,0.021014492753623104
2024-05-13,14090,14500,14080,14210,226870,0.008516678495386731
2024-05-14,14210,14210,13000,13430,669214,-0.05489092188599576
2024-05-16,13410,13900,13320,13900,260059,0.034996276991809294
2024-05-17,13900,15200,13770,14350,944888,0.03237410071942448
2024-05-20,14350,14900,14190,14830,239066,0.03344947735191628
2024-05-21,14900,15140,14750,15000,120646,0.011463250168577188
2024-05-22,15150,15150,14360,14500,160468,-0.033333333333333326
2024-05-23,14520,14840,14330,14690,84613,0.013103448275862073
2024-05-24,14510,14660,14310,14400,49659,-0.019741320626276426
2024-05-27,14400,14720,14160,14450,69835,0.003472222222222321
2024-05-28,14530,14540,14080,14200,78261,-0.01730103806228378
2024-05-29,14200,14200,13580,13630,269154,-0.04014084507042248
2024-05-30,13630,13950,13630,13880,91784,0.018341892883345645
2024-05-31,13750,14030,13570,13570,203017,-0.022334293948126804
2024-06-03,13570,13780,13450,13600,73919,0.002210759027265974
2024-06-04,13700,14000,13490,13590,81347,-0.0007352941176470562
2024-06-05,13730,13890,13490,13510,69694,-0.005886681383370118
2024-06-07,13500,13780,13410,13580,36699,0.005181347150259086
2024-06-10,13440,13670,13400,13550,38869,-0.0022091310751104487
2024-06-11,13550,13990,13370,13750,117979,0.014760147601476037
2024-06-12,13720,14140,13600,14050,88379,0.021818181818181737
2024-06-13,14190,14190,13770,13780,56092,-0.019217081850533835
2024-06-14,13900,13900,13400,13500,82285,-0.020319303338171224
2024-06-17,13600,15730,13600,14990,1101898,0.11037037037037045
2024-06-18,14890,15220,14540,15220,251458,0.01534356237491652
2024-06-19,15300,15500,14990,15240,114040,0.0013140604467805073
2024-06-20,15300,16110,15110,16060,324217,0.0538057742782152
2024-06-21,15900,15970,15430,15730,171971,-0.020547945205479423
2024-06-24,15730,16050,15550,15830,103470,0.006357279084551859
2024-06-25,15970,16270,15500,16230,140444,0.025268477574226234
2024-06-26,16440,16900,15820,15870,149234,-0.02218114602587795
2024-06-27,15810,16430,15600,16370,91338,0.031505986137366104
2024-06-28,15990,15990,15260,15350,337069,-0.06230910201588269
2024-07-01,15150,15320,14580,14740,357106,-0.03973941368078171
2024-07-02,14740,14870,14320,14430,153535,-0.021031207598371737
2024-07-03,14430,14950,14240,14540,216153,0.007623007623007716
2024-07-04,14510,14700,14370,14620,100173,0.005502063273727709
2024-07-05,14730,14790,14410,14680,57482,0.004103967168262557
2024-07-08,14930,14950,14470,14610,87786,-0.00476839237057225
2024-07-09,14480,14860,14260,14760,112895,0.010266940451745477
2024-07-10,14850,14850,14460,14500,61699,-0.017615176151761558
2024-07-11,14630,14630,14090,14180,101638,-0.022068965517241357
2024-07-12,14160,14300,13970,14170,89041,-0.0007052186177715081
2024-07-15,14260,14290,13990,14090,60499,-0.0056457304163726185
2024-07-16,14100,14480,14000,14030,54877,-0.004258339247693366
2024-07-17,13970,14290,13700,13740,68129,-0.02066999287241622
2024-07-18,13940,13940,13020,13690,87363,-0.00363901018922852
2024-07-19,14090,14570,13560,14500,235410,0.059167275383491535
2024-07-22,14610,14610,13960,14180,112934,-0.022068965517241357
2024-07-23,14140,14550,14070,14480,76642,0.021156558533145242
2024-07-24,14500,14590,14060,14130,87668,-0.024171270718231996
2024-07-25,13860,14100,13650,13710,80271,-0.02972399150743099
2024-07-26,13700,13930,13500,13770,71135,0.004376367614879584
2024-07-29,13810,14060,13700,13810,46293,0.002904865649963728
2024-07-30,13810,13850,13570,13750,49925,-0.00434467776973213
2024-07-31,13750,13820,13360,13480,81630,-0.019636363636363674
2024-08-01,13480,13740,13200,13480,70402,0.0
2024-08-02,13260,13450,12870,12880,106180,-0.04451038575667654
2024-08-05,12500,12800,11210,11800,204641,-0.08385093167701863
2024-08-06,11900,12540,11900,12360,76682,0.047457627118643986
2024-08-07,12170,12710,12170,12370,30533,0.0008090614886731018
2024-08-08,12490,12710,11980,12450,155544,0.006467259498787348
2024-08-09,12600,13750,12600,13700,219078,0.10040160642570273
2024-08-12,13520,13790,13270,13530,67415,-0.012408759124087565
2024-08-13,13530,14600,13530,14490,750609,0.07095343680709543
2024-08-14,14530,14730,14060,14200,146513,-0.0200138026224983
2024-08-16,14250,14670,14230,14490,164520,0.02042253521126769
2024-08-19,14800,14800,14050,14300,149033,-0.013112491373360902
2024-08-20,14650,14750,14090,14230,167597,-0.004895104895104918
2024-08-21,14320,14320,13840,14010,106743,-0.015460295151089265
2024-08-22,14000,14000,13520,13790,89545,-0.01570306923625986
2024-08-23,13760,14280,13550,14170,72136,0.027556200145032683
2024-08-26,14200,14250,13700,13740,48166,-0.03034580098800277
2024-08-27,13680,13680,13000,13250,68418,-0.03566229985443958
2024-08-28,13190,13320,13020,13120,64678,-0.009811320754717023
2024-08-29,13120,13270,12920,13110,38802,-0.0007621951219511924
2024-08-30,13110,13110,12860,12980,91288,-0.009916094584286772
2024-09-02,12980,13280,12970,13250,40411,0.02080123266563949
2024-09-03,13170,13280,13040,13200,13507,-0.0037735849056603765
2024-09-04,12820,13070,12550,13030,88550,-0.012878787878787934
2024-09-05,13000,13200,12480,12670,154725,-0.027628549501151234
2024-09-06,12530,12890,12430,12680,64981,0.0007892659826360671
2024-09-09,12500,13170,12380,13100,89620,0.03312302839116721
2024-09-10,13250,13250,12760,12830,61455,-0.02061068702290081
2024-09-11,12800,12960,12720,12830,34420,0.0
2024-09-12,12830,13540,12830,13390,68614,0.04364770070148083
2024-09-13,13350,13730,13210,13670,55877,0.020911127707244237
2024-09-19,13600,13740,13310,13550,40156,-0.008778346744696464
2024-09-20,13740,14680,13620,14250,185409,0.05166051660516602
2024-09-23,14270,15250,14270,15110,325645,0.06035087719298238
2024-09-24,15160,15300,14430,14580,139226,-0.0350761085373924
2024-09-25,14500,14750,14210,14400,105458,-0.012345679012345734
2024-09-26,14380,14690,14300,14550,73272,0.01041666666666674
2024-09-27,14610,14900,14400,14680,87929,0.008934707903780037
2024-09-30,14540,15220,14540,15060,154214,0.02588555858310637
2024-10-02,14900,15040,14400,14400,93093,-0.043824701195219085
2024-10-04,14420,14560,14180,14230,36324,-0.011805555555555514
2024-10-07,14170,14540,14150,14480,48882,0.017568517217146917
2024-10-08,14470,14690,14060,14130,40535,-0.024171270718231996
2024-10-10,14200,14390,14060,14190,54895,0.00424628450106157
2024-10-11,14060,14200,13600,13800,77264,-0.02748414376321351
2024-10-14,13810,14160,13810,14120,57148,0.023188405797101463
2024-10-15,14130,14250,14010,14150,34593,0.0021246458923511735
2024-10-16,14180,14230,14020,14080,42377,-0.004946996466431042
2024-10-17,14090,14360,13820,13850,40831,-0.016335227272727293
2024-10-18,13850,14000,13610,13840,66779,-0.0007220216606498298
2024-10-21,13900,14110,13830,14010,29929,0.012283236994219626
2024-10-22,14180,14180,13640,13790,50055,-0.01570306923625986
2024-10-23,13780,14000,13580,13830,49034,0.0029006526468455807
2024-10-24,13830,13830,13370,13420,67995,-0.029645697758496015
2024-10-25,13500,13550,13160,13210,33657,-0.015648286140089396
2024-10-28,13210,13320,13120,13280,33475,0.005299015897047621
2024-10-29,13210,13380,12990,13020,41981,-0.01957831325301207
2024-10-30,13080,13620,12990,13340,52645,0.02457757296466978
2024-10-31,13210,13550,12980,13120,44997,-0.016491754122938573
2024-11-01,13120,13180,12840,13170,59961,0.003810975609756184
2024-11-04,13110,13580,13020,13400,43736,0.01746393318147299
2024-11-05,13320,13490,13200,13300,42567,-0.007462686567164201
2024-11-06,13350,13510,12910,13400,107453,0.007518796992481258
2024-11-07,13390,13700,13230,13680,58236,0.020895522388059806
2024-11-08,13590,14200,13540,13820,58007,0.01023391812865504
2024-11-11,13290,13340,12620,12870,336689,-0.06874095513748191
2024-11-12,12870,12870,12640,12640,129047,-0.017871017871017858
2024-11-13,12640,12690,11920,12240,184305,-0.03164556962025311
2024-11-14,12370,12790,12270,12680,217874,0.03594771241830075
2024-11-15,12670,12670,12160,12320,238757,-0.028391167192429068
2024-11-18,12340,12670,12250,12660,49604,0.02759740259740262
2024-11-19,12660,12670,12450,12650,26957,-0.0007898894154818592
2024-11-20,12650,12790,12470,12550,54104,-0.007905138339920903
2024-11-21,12600,12600,12360,12420,56623,-0.01035856573705174
2024-11-22,12420,12610,12380,12550,20858,0.01046698872785834
2024-11-25,12550,12680,12500,12600,38851,0.003984063745019917
2024-11-26,12780,12900,12550,12900,33969,0.023809523809523725
2024-11-27,12780,12920,12500,12620,61138,-0.02170542635658912
2024-11-28,12830,12830,12590,12700,18296,0.006339144215530945
2024-11-29,12700,12770,12580,12680,44727,-0.0015748031496063408
2024-12-02,12700,12800,12570,12590,51620,-0.007097791798107211
2024-12-03,12720,13090,12590,13050,37849,0.03653693407466241
2024-12-04,12870,13100,12780,13100,46456,0.003831417624521105
2024-12-05,13100,13100,12640,12850,78767,-0.01908396946564883
2024-12-06,12850,12850,12460,12810,68294,-0.003112840466926059
2024-12-09,12810,12840,12400,12600,87905,-0.016393442622950838
2024-12-10,12600,13110,12430,13100,37680,0.039682539682539764
2024-12-11,12950,13720,12830,12990,53784,-0.008396946564885543
2024-12-12,12990,13140,12850,13100,51378,0.008468052347959887
2024-12-13,12900,13170,12900,13170,25333,0.005343511450381699
2024-12-16,13170,13180,12870,12930,53121,-0.018223234624145768
2024-12-17,12860,13000,12760,12780,65511,-0.011600928074245953
2024-12-18,12750,13020,12750,13000,16171,0.017214397496087663
2024-12-19,13050,13290,12810,13150,27507,0.011538461538461497
2024-12-20,13350,13360,12960,13190,44894,0.003041825095057016
2024-12-23,13140,13340,13140,13270,23821,0.006065200909780133
2024-12-24,13310,13540,13210,13430,44649,0.012057272042200529
2024-12-26,13390,13390,13030,13210,54052,-0.016381236038719327
2024-12-27,13150,13150,12870,13000,54524,-0.015897047691143085
2024-12-30,13050,13470,12990,13160,45273,0.012307692307692353
2025-01-02,13100,13160,12850,12960,51400,-0.015197568389057725
2025-01-03,13030,13030,12730,12790,55104,-0.013117283950617287
2025-01-06,12800,12920,12710,12740,50541,-0.003909304143862369
2025-01-07,12810,12850,12610,12680,71284,-0.004709576138147598
2025-01-08,12620,13050,12580,12860,76812,0.014195583596214423
2025-01-09,12860,12900,12670,12850,26500,-0.0007776049766718973
2025-01-10,12870,12870,12500,12760,49576,-0.007003891050583633
2025-01-13,12760,13120,12620,12890,43162,0.010188087774294585
2025-01-14,12930,13200,12820,12910,41515,0.0015515903801397446
2025-01-15,12980,13360,12910,13160,66847,0.01936483346243212
2025-01-16,13130,13260,13010,13110,30644,-0.0037993920972644313
2025-01-17,13170,13350,13020,13280,90806,0.012967200610221274
2025-01-20,13280,13850,13150,13730,141561,0.03388554216867479
2025-01-21,13900,14070,13630,13990,75475,0.01893663510560817
2025-01-22,13900,14630,13850,14500,158610,0.036454610436025714
2025-01-23,14350,14600,14000,14250,95424,-0.017241379310344862
2025-01-24,14020,14340,13820,13990,94780,-0.01824561403508773
2025-01-31,13930,14200,13710,14190,59484,0.014295925661186537
2025-02-03,13950,14430,13850,14170,103917,-0.0014094432699084392
2025-02-04,14170,14730,14170,14390,100730,0.01552575864502459
2025-02-05,14330,14750,14330,14630,83341,0.01667824878387769
2025-02-06,14800,15640,14630,15360,234679,0.04989747095010255
2025-02-07,15320,15430,14600,14950,101092,-0.02669270833333337
2025-02-10,14960,15400,14820,15300,108937,0.02341137123745818
2025-02-11,15300,15460,14780,14870,65089,-0.028104575163398704
2025-02-12,15000,15000,14770,14950,31625,0.005379959650302579
2025-02-13,15420,15760,15000,15120,134240,0.011371237458194017
2025-02-14,15000,15270,14970,15120,57271,0.0
2025-02-17,15040,15480,15020,15310,59918,0.01256613756613767
2025-02-18,15270,15620,15240,15450,91045,0.009144350097975096
2025-02-19,15510,15660,15080,15330,99734,-0.007766990291262155
2025-02-20,15150,15300,14880,15030,69339,-0.019569471624266144
2025-02-21,14900,15210,14900,15110,22494,0.005322687957418415
2025-02-24,14900,15240,14850,15100,37187,-0.0006618133686300265
2025-02-25,15100,15950,15080,15760,181443,0.04370860927152309
2025-02-26,15800,15880,15520,15830,38863,0.004441624365482344
2025-02-27,15890,15890,15400,15550,53862,-0.017687934301958252
2025-02-28,15300,15590,15110,15300,59799,-0.01607717041800638
2025-03-04,15190,15260,14640,14760,121551,-0.03529411764705881
2025-03-05,14760,15080,14580,15040,87115,0.01897018970189701
2025-03-06,15000,15120,14700,15050,64335,0.0006648936170212671
2025-03-07,14940,15270,14820,14920,33790,-0.008637873754152814
2025-03-10,14920,15120,14740,15010,29160,0.0060321715817694965
2025-03-11,14800,15070,14760,14910,40964,-0.006662225183211246
2025-03-12,15080,15080,14600,14760,83341,-0.010060362173038184
2025-03-13,14740,14900,14700,14760,50491,0.0
2025-03-14,14900,14900,14370,14580,67132,-0.012195121951219523
2025-03-17,14580,15080,14550,15000,45661,0.028806584362139898
2025-03-18,14910,15060,14630,14780,47441,-0.014666666666666717
2025-03-19,14600,14880,14600,14770,52344,-0.0006765899864682456
2025-03-20,14770,14940,14760,14840,44343,0.004739336492890933
2025-03-21,14760,15200,14710,15080,66316,0.016172506738544534
2025-03-24,15080,15200,14920,15050,54999,-0.0019893899204244114
2025-03-25,15010,15190,14750,15100,60865,0.0033222591362125353
2025-03-26,15060,15190,14870,14920,50742,-0.01192052980132452
2025-03-27,14950,14950,14600,14870,51401,-0.0033512064343163006
2025-03-28,14870,14890,14560,14750,29268,-0.00806993947545398
2025-03-31,14510,14820,14380,14700,66191,-0.003389830508474523
2025-04-01,14850,14900,14550,14880,46988,0.012244897959183598
2025-04-02,14930,14930,14640,14640,12388,-0.016129032258064502
2025-04-03,14450,14480,13910,14470,119864,-0.011612021857923538
2025-04-04,14220,14220,12900,13320,412490,-0.07947477539737391
2025-04-07,13320,13650,13020,13380,101053,0.0045045045045044585
2025-04-08,13310,13670,13170,13220,39695,-0.01195814648729443
2025-04-09,13440,13580,13040,13130,55702,-0.006807866868381196
2025-04-10,13580,14000,13350,14000,39486,0.06626047220106623
2025-04-11,13640,14170,13520,13850,32346,-0.010714285714285676
2025-04-14,13840,13870,13610,13790,18508,-0.0043321299638988675
2025-04-15,13710,14180,13710,14180,28573,0.028281363306744023
2025-04-16,14180,14280,13200,13720,83105,-0.03244005641748937
2025-04-17,13870,14200,13560,14190,43290,0.034256559766763894
2025-04-18,14070,14240,14000,14240,41893,0.0035236081747709314
2025-04-21,14270,14280,14000,14180,36989,-0.004213483146067398
2025-04-22,14180,14230,14010,14150,28338,-0.002115655853314524
2025-04-23,14290,14330,14030,14230,37582,0.00565371024734973
2025-04-24,14280,14280,14010,14200,27787,-0.0021082220660576523
2025-04-25,14290,14340,14070,14300,30992,0.007042253521126751
2025-04-28,14350,14400,14110,14210,23102,-0.0062937062937062915
2025-04-29,14210,14600,14110,14550,88939,0.02392681210415204
2025-04-30,14530,14530,13980,14250,46444,-0.020618556701030966
2025-05-02,14100,14340,14090,14280,16286,0.002105263157894832
2025-05-07,14260,14290,14080,14200,15341,-0.0056022408963585235
2025-05-08,14300,14300,13800,14050,42653,-0.010563380281690127
2025-05-09,14100,14100,13930,14030,17183,-0.001423487544483959
2025-05-12,14090,14100,13970,14080,15770,0.0035637918745545782
2025-05-13,14070,14830,14050,14710,152063,0.04474431818181812
2025-05-14,14700,14780,14350,14680,81095,-0.0020394289598911763
2025-05-15,14610,14610,14370,14460,47822,-0.01498637602179842
2025-05-16,14480,14570,13920,13920,74192,-0.03734439834024894
2025-05-19,14220,14700,14220,14700,74908,0.056034482758620774
2025-05-20,14670,14790,14530,14740,66145,0.0027210884353741083
2025-05-21,14800,14800,14550,14550,32473,-0.012890094979647215
2025-05-22,14680,14680,14300,14490,36181,-0.004123711340206171
2025-05-23,14630,14640,14260,14400,49423,-0.006211180124223614
2025-05-26,14400,14470,14140,14470,62879,0.004861111111111205
2025-05-27,14470,14740,14390,14550,30931,0.005528680027643507
2025-05-28,14730,14730,14400,14490,41183,-0.004123711340206171
2025-05-29,14410,14900,14410,14790,53222,0.020703933747411973
2025-05-30,14780,14830,14540,14830,45361,0.0027045300878971723
2025-06-02,14840,14850,14410,14490,59272,-0.022926500337154376
2025-06-04,14500,14930,14500,14700,59699,0.01449275362318847
2025-06-05,14860,14880,14560,14740,46859,0.0027210884353741083
2025-06-09,14730,15050,14700,15030,65881,0.019674355495250984
2025-06-10,15000,15070,14710,14760,59562,-0.017964071856287456
2025-06-11,14830,15100,14640,14950,70404,0.01287262872628725
2025-06-12,14880,15100,14630,14640,83758,-0.020735785953177266
2025-06-13,14790,14790,14280,14350,47637,-0.019808743169398957
2025-06-16,14490,14630,14150,14520,35141,0.01184668989547033
2025-06-17,14400,14670,14260,14260,62163,-0.017906336088154284
2025-06-18,14260,14580,14180,14400,47741,0.009817671809256634
2025-06-19,14400,14790,14400,14780,49823,0.026388888888888795
2025-06-20,14780,14850,14480,14670,32440,-0.007442489851150258
2025-06-23,14670,14670,14340,14450,43859,-0.01499659168370826
2025-06-24,14700,14870,14500,14640,65760,0.01314878892733562
2025-06-25,14880,14880,14320,14440,66126,-0.013661202185792365
2025-06-26,14500,14500,14160,14250,43784,-0.013157894736842146
2025-06-27,14500,15040,14430,14900,117313,0.04561403508771922
2025-06-30,14900,15040,14670,14880,73828,-0.0013422818791946067
2025-07-01,14880,15310,14750,15180,64759,0.02016129032258074
2025-07-02,15160,15260,14750,14860,40008,-0.021080368906455815
2025-07-03,15250,15750,15220,15590,120326,0.049125168236877625
2025-07-04,15590,15670,15150,15230,38769,-0.02309172546504168
2025-07-07,15080,15470,15030,15400,50912,0.011162179908076109
2025-07-08,15400,15580,15250,15330,33008,-0.004545454545454519
2025-07-09,15340,15480,15200,15430,32231,0.006523157208088826
2025-07-10,15400,15660,15250,15450,45616,0.0012961762799741372
2025-07-11,15450,15640,15320,15400,38123,-0.003236245954692518
2025-07-14,15410,15760,15010,15600,76996,0.01298701298701288
2025-07-15,15580,15600,15430,15600,37142,0.0
2025-07-16,15470,15750,15320,15450,18847,-0.009615384615384581
2025-07-17,15450,15590,15290,15390,23203,-0.003883495145631022
2025-07-18,15400,15470,15120,15470,29342,0.005198180636777128
2025-07-21,15450,15500,15300,15470,43618,0.0
2025-07-22,15600,15600,15200,15270,33654,-0.012928248222365823
2025-07-23,15270,15730,15180,15660,50516,0.025540275049115824
2025-07-24,15750,15750,15400,15600,20436,-0.003831417624521105
2025-07-25,15480,15570,15320,15390,28850,-0.013461538461538414
2025-07-28,15270,15380,14900,15080,49605,-0.020142949967511425
2025-07-29,15160,15190,14540,15150,51714,0.004641909814323553
2025-07-30,15000,15200,14900,15190,25776,0.0026402640264027166
2025-07-31,15300,15300,15030,15180,19811,-0.0006583278472679366
2025-08-01,15100,15100,14490,14530,33655,-0.04281949934123852
2025-08-04,14850,14850,14210,14310,25946,-0.015141087405368236
2025-08-05,14450,14530,14230,14350,16870,0.002795248078266921
2025-08-06,14260,14460,14220,14350,9052,0.0
2025-08-07,14350,14530,14270,14360,14376,0.0006968641114981633
2025-08-08,14470,14470,14240,14240,12067,-0.00835654596100277
2025-08-11,14240,14370,14160,14250,16488,0.000702247191011196
2025-08-12,14250,14400,14220,14320,10308,0.004912280701754312
2025-08-13,14460,14460,14130,14140,18607,-0.012569832402234637
2025-08-14,14130,14240,13840,13870,27851,-0.019094766619519143
2025-08-18,14000,14000,13500,13500,23887,-0.026676279740447062
2025-08-19,13460,13670,13070,13100,33194,-0.029629629629629672
2025-08-20,13230,13400,12720,13400,59920,0.022900763358778553
2025-08-21,13410,13460,13130,13150,21042,-0.018656716417910446
2025-08-22,13300,13500,13160,13210,23379,0.004562737642585635
2025-08-25,14190,14390,13960,14180,99971,0.07342922028766097
2025-08-26,14180,14340,13990,14260,34612,0.005641748942172065
2025-08-27,14120,14490,14120,14450,36233,0.0133239831697054
2025-08-28,14500,15040,14300,14930,49001,0.03321799307958484
2025-08-29,15000,15110,14930,15060,33273,0.008707300736771506
2025-09-01,15000,15140,14450,14850,67348,-0.013944223107569709
2025-09-02,14860,15110,14520,14880,37227,0.002020202020202033
2025-09-03,15050,15050,14610,14830,30907,-0.0033602150537634934
2025-09-04,14930,15000,14730,14760,33085,-0.004720161834120051
2025-09-05,14790,14790,14620,14730,26126,-0.002032520325203291
2025-09-08,14610,14750,14400,14600,42956,-0.008825526137135054
2025-09-09,14640,14650,14430,14600,16817,0.0
2025-09-10,14620,14980,14550,14930,37343,0.022602739726027332
2025-09-11,15000,15000,14740,14910,19229,-0.0013395847287340779
2025-09-12,15000,15000,14710,14720,43664,-0.012743125419181767
2025-09-15,14720,14720,14390,14610,54852,-0.007472826086956541
2025-09-16,14500,14530,14350,14510,53492,-0.006844626967830281
2025-09-17,14500,14530,14170,14270,70194,-0.016540317022742945
2025-09-18,14330,14400,14140,14250,49443,-0.0014015416958654825
2025-09-19,14160,14470,14160,14310,39938,0.004210526315789442
2025-09-22,14220,14440,14210,14310,38082,0.0
2025-09-23,14230,14440,14040,14130,36624,-0.012578616352201255
2025-09-24,14130,14210,13850,13860,55103,-0.019108280254777066
2025-09-25,14060,14240,13830,14030,23857,0.012265512265512202
2025-09-26,14100,14180,14030,14140,14616,0.00784034212401985
2025-09-29,14000,14450,14000,14310,49104,0.012022630834511938
2025-09-30,14500,14500,14130,14350,54250,0.002795248078266921
2025-10-01,14390,14390,13910,13940,62614,-0.02857142857142858
2025-10-02,13940,14180,13940,14000,29726,0.004304160688665792
2025-10-10,13870,13990,13600,13770,39613,-0.01642857142857146
2025-10-13,13750,13990,13580,13990,65421,0.015976761074800283
2025-10-14,13810,13980,13800,13880,70297,-0.00786275911365264
2025-10-15,13800,14110,13800,14090,48228,0.015129682997118143
2025-10-16,14130,14130,13690,13830,89090,-0.018452803406671436
2025-10-17,13970,13970,13420,13450,76835,-0.02747650036153293
2025-10-20,13450,13960,13350,13960,43844,0.03791821561338282
2025-10-21,13960,13990,13760,13960,42006,0.0
2025-10-22,13960,13960,13000,13750,19381,-0.015042979942693435
2025-10-23,13840,13840,13600,13650,11492,-0.0072727272727273196
2025-10-24,13790,13790,13470,13760,16122,0.00805860805860803
2025-10-27,13700,13700,13490,13630,35180,-0.009447674418604612
2025-10-28,13730,13800,13490,13720,24920,0.006603081438004477
2025-10-29,13840,13840,13490,13640,33706,-0.005830903790087438
2025-10-30,13640,13740,13400,13400,29002,-0.017595307917888547
2025-10-31,13500,13520,13300,13480,27481,0.005970149253731405
2025-11-03,13570,13570,13300,13300,16608,-0.013353115727002929
2025-11-04,13320,13320,12950,13000,58141,-0.022556390977443663
2025-11-05,12900,13200,12750,12780,42472,-0.01692307692307693
2025-11-06,12990,13430,12730,12890,27236,0.008607198748043832
2025-11-07,12980,12980,12610,12790,24342,-0.007757951900698168
2025-11-10,13000,13300,12890,13250,31916,0.03596559812353406
2025-11-11,13070,13290,13070,13160,40384,-0.0067924528301887
2025-11-12,13160,13300,13040,13300,32124,0.010638297872340496
2025-11-13,13170,13300,12920,13100,37219,-0.015037593984962405
2025-11-14,13240,13370,13030,13200,37225,0.007633587786259444
2025-11-17,13300,13670,13050,13550,47382,0.026515151515151603
2025-11-18,13680,13680,12970,13020,80853,-0.039114391143911464
2025-11-19,13150,13450,12970,13280,39174,0.019969278033794113
2025-11-20,13300,13300,13100,13170,20894,-0.008283132530120474
2025-11-21,13160,13290,13050,13290,20942,0.009111617312072884
2025-11-24,13340,13390,13040,13100,12036,-0.014296463506395796
2025-11-25,13200,13210,12970,12970,17623,-0.00992366412213741
2025-11-26,12980,13300,12900,13250,21227,0.021588280647648395
2025-11-27,13250,13340,13060,13140,19533,-0.008301886792452806
2025-11-28,13300,13300,12960,13020,42933,-0.0091324200913242
2025-12-01,13220,13220,12900,12900,14312,-0.009216589861751112
2025-12-02,13380,13850,13280,13620,83823,0.05581395348837215
2025-12-03,13570,13690,13390,13530,26948,-0.0066079295154185536
2025-12-04,13670,13680,13330,13370,29945,-0.011825572801182571
2025-12-05,13400,13490,13300,13420,21965,0.0037397157816005944
2025-12-08,13590,13590,13180,13330,48744,-0.006706408345752646
2025-12-09,13250,13460,13090,13370,66088,0.0030007501875468634
2025-12-10,13360,13390,13100,13280,16283,-0.006731488406881092
2025-12-11,13380,13400,13160,13290,9065,0.0007530120481926694
2025-12-12,13390,13480,13210,13310,15491,0.0015048908954100604
2025-12-15,13460,13640,13250,13500,24311,0.01427498121712989
2025-12-16,13590,13590,13130,13330,84614,-0.0125925925925926
2025-12-17,13390,13390,13130,13300,21641,-0.0022505626406601476
2025-12-18,13150,13300,13100,13120,28773,-0.013533834586466176
2025-12-19,13220,13330,13070,13300,40324,0.013719512195121908
2025-12-22,13200,13690,13200,13600,73572,0.022556390977443552
2025-12-23,13580,13740,13320,13340,21653,-0.019117647058823573
2025-12-24,13500,13500,13240,13270,23463,-0.005247376311844132
2025-12-26,13310,13370,13160,13200,24922,-0.005275056518462717
2025-12-29,13200,13240,13020,13060,24875,-0.010606060606060619
2025-12-30,13010,13230,13000,13060,23512,0.0
2026-01-02,12930,13090,12900,12950,35422,-0.008422664624808562
2026-01-05,12920,13140,12760,12780,37000,-0.013127413127413168
2026-01-06,12780,12910,12720,12770,40277,-0.0007824726134585402
2026-01-07,12730,12840,12730,12770,27306,0.0
2026-01-08,12770,12770,12630,12740,30351,-0.002349256068911565
2026-01-09,12890,12960,12670,12680,30337,-0.004709576138147598
2026-01-12,12680,12940,12300,12340,82921,-0.02681388012618302
2026-01-13,12340,12740,12340,12520,48942,0.014586709886547755
2026-01-14,12770,12890,12510,12550,31058,0.0023961661341853624
2026-01-15,12460,12730,12330,12610,49098,0.004780876494023811
2026-01-16,12690,12690,12460,12490,42135,-0.009516256938937317
2026-01-19,12480,12640,12440,12640,29407,0.012009607686148893
2026-01-20,12600,12820,12600,12660,31805,0.0015822784810126667
2026-01-21,12550,12740,12130,12250,57621,-0.03238546603475512
2026-01-22,12160,12390,12090,12280,64618,0.002448979591836764
2026-01-23,12280,12450,12120,12300,57510,0.0016286644951140072
2026-01-26,12810,12920,12660,12750,55822,0.03658536585365857
2026-01-27,12820,12820,12480,12620,52859,-0.010196078431372602
2026-01-28,12720,12720,12500,12500,47717,-0.009508716323296307
2026-01-29,12710,12710,12360,12570,38559,0.005600000000000049
2026-01-30,12570,12830,12570,12710,42913,0.011137629276054106
2026-02-02,12810,12850,12500,12770,63696,0.00472069236821393
2026-02-03,12870,13370,12710,13370,48983,0.04698512137823019
2026-02-04,13370,13570,13100,13460,31554,0.006731488406880981
2026-02-05,13550,13680,13430,13560,49425,0.007429420505200568
2026-02-06,13560,13560,13120,13370,38943,-0.014011799410029502
2026-02-09,13430,13620,13310,13530,41527,0.01196709050112199
2026-02-10,13420,13780,13380,13780,35083,0.018477457501847816
2026-02-11,13730,13880,13650,13750,30931,-0.002177068214804012
2026-02-12,13870,13940,13750,13900,24158,0.01090909090909098
2026-02-13,13900,13900,13480,13820,77366,-0.0057553956834532904
2026-02-19,13900,13960,13590,13960,79831,0.01013024602026058
2026-02-20,13850,14160,13850,14100,62392,0.01002865329512903
2026-02-23,14200,14500,14040,14430,76867,0.023404255319148914
2026-02-24,14240,14380,14100,14350,64623,-0.005544005544005581
