Date,Open,High,Low,Close,Volume,Change
2022-01-03,10900,11050,10700,10800,111779,-0.00917431192660545
2022-01-04,10800,10950,10750,10950,83320,0.01388888888888884
2022-01-05,11000,11000,10700,10900,168042,-0.004566210045662156
2022-01-06,10700,10900,10500,10550,273203,-0.032110091743119296
2022-01-07,10600,10750,10600,10650,74456,0.009478672985782088
2022-01-10,10650,10700,10250,10400,168993,-0.023474178403755874
2022-01-11,10350,10400,10100,10150,115463,-0.024038461538461564
2022-01-12,10250,10450,10250,10450,70796,0.029556650246305383
2022-01-13,10450,10500,10300,10350,44594,-0.009569377990430672
2022-01-14,10250,10400,10050,10300,71218,-0.004830917874396157
2022-01-17,10250,10350,10050,10150,59252,-0.014563106796116498
2022-01-18,10150,10350,10050,10100,122721,-0.0049261083743842304
2022-01-19,10100,10700,9990,10600,345527,0.04950495049504955
2022-01-20,10650,11350,10500,11350,552081,0.070754716981132
2022-01-21,11300,11300,10700,10750,405921,-0.052863436123347984
2022-01-24,10650,10850,10500,10750,168347,0.0
2022-01-25,10700,10800,10050,10250,339550,-0.046511627906976716
2022-01-26,10200,10750,10100,10450,178647,0.019512195121951237
2022-01-27,10400,10600,10200,10250,143995,-0.019138755980861233
2022-01-28,10400,10700,10250,10550,109294,0.029268292682926855
2022-02-03,10700,10900,10500,10500,183138,-0.004739336492891044
2022-02-04,10500,11050,10450,11000,258241,0.04761904761904767
2022-02-07,11050,11050,10650,11000,209507,0.0
2022-02-08,10950,11000,10650,10700,147370,-0.027272727272727226
2022-02-09,10850,10900,10750,10800,68389,0.009345794392523255
2022-02-10,10900,10950,10650,10700,64887,-0.0092592592592593
2022-02-11,10650,10650,10400,10400,109761,-0.028037383177570097
2022-02-14,10200,10350,10100,10100,126796,-0.028846153846153855
2022-02-15,10100,10250,10000,10050,102100,-0.004950495049504955
2022-02-16,10200,10500,10200,10450,73525,0.03980099502487566
2022-02-17,10500,10550,10200,10300,111306,-0.014354066985645897
2022-02-18,10100,10450,10100,10400,49642,0.009708737864077666
2022-02-21,10400,10400,10100,10350,56479,-0.004807692307692291
2022-02-22,10200,10300,10050,10150,86352,-0.019323671497584516
2022-02-23,10200,10300,10150,10250,49860,0.009852216748768461
2022-02-24,10200,10250,10000,10100,94798,-0.014634146341463428
2022-02-25,10250,10550,10250,10500,143513,0.03960396039603964
2022-02-28,10500,10750,10450,10700,111800,0.01904761904761898
2022-03-02,10700,10900,10600,10800,152416,0.009345794392523255
2022-03-03,10850,11000,10750,10800,163826,0.0
2022-03-04,10900,11200,10650,11000,557607,0.0185185185185186
2022-03-07,10900,10950,10500,10550,200457,-0.040909090909090895
2022-03-08,10350,10550,10200,10300,117984,-0.023696682464455
2022-03-10,10500,10700,10400,10450,93864,0.014563106796116498
2022-03-11,10550,10600,10500,10600,49999,0.014354066985645897
2022-03-14,10600,10650,10300,10400,98952,-0.018867924528301883
2022-03-15,10350,10400,10250,10350,83922,-0.004807692307692291
2022-03-16,10450,10650,10350,10550,102476,0.019323671497584627
2022-03-17,10750,10800,10650,10650,94692,0.009478672985782088
2022-03-18,10800,10800,10550,10700,92844,0.0046948356807512415
2022-03-21,10800,10800,10600,10700,80984,0.0
2022-03-22,10650,10900,10600,10850,114436,0.014018691588784993
2022-03-23,11000,11150,10850,11000,189531,0.01382488479262678
2022-03-24,10950,11100,10850,11050,116887,0.00454545454545463
2022-03-25,11100,11200,10900,11000,134973,-0.004524886877828038
2022-03-28,11000,11000,10750,10850,74700,-0.013636363636363669
2022-03-29,10900,11050,10800,10950,73036,0.009216589861751112
2022-03-30,11050,11350,10950,11300,252202,0.03196347031963476
2022-03-31,11200,11600,11150,11600,289698,0.026548672566371723
2022-04-01,11450,11700,11300,11350,171539,-0.02155172413793105
2022-04-04,11650,11900,11550,11800,512958,0.0396475770925111
2022-04-05,11750,11900,11550,11900,227115,0.008474576271186418
2022-04-06,11800,11800,11600,11700,165568,-0.01680672268907568
2022-04-07,11550,11650,11400,11500,173427,-0.017094017094017144
2022-04-08,11500,11700,11200,11250,163954,-0.021739130434782594
2022-04-11,11300,11400,11150,11150,91303,-0.008888888888888835
2022-04-12,11100,11400,11050,11400,146001,0.022421524663677195
2022-04-13,11350,11550,11250,11550,96347,0.013157894736842035
2022-04-14,11600,11800,11400,11750,149316,0.017316017316017396
2022-04-15,11650,11650,11400,11450,131467,-0.025531914893617058
2022-04-18,11450,11500,11300,11300,78623,-0.013100436681222738
2022-04-19,11400,11750,11350,11700,169720,0.03539823008849563
2022-04-20,11750,11800,11600,11700,77119,0.0
2022-04-21,11750,11850,11650,11700,90598,0.0
2022-04-22,11650,11650,11500,11550,73339,-0.012820512820512775
2022-04-25,11400,11400,10900,11050,181647,-0.04329004329004327
2022-04-26,11150,11250,11100,11250,56162,0.018099547511312153
2022-04-27,10950,11250,10850,11250,82051,0.0
2022-04-28,11250,11300,11000,11250,54563,0.0
2022-04-29,11300,11400,11200,11300,52956,0.004444444444444473
2022-05-02,11100,11250,11100,11200,55512,-0.008849557522123908
2022-05-03,11250,11400,11200,11300,53684,0.008928571428571397
2022-05-04,11450,11800,11300,11350,176057,0.004424778761061843
2022-05-06,11200,11400,11100,11200,48507,-0.013215859030836996
2022-05-09,11100,11250,10800,10950,131379,-0.022321428571428603
2022-05-10,10850,11000,10700,11000,123494,0.004566210045662045
2022-05-11,11000,11050,10850,10900,60881,-0.009090909090909038
2022-05-12,10800,10900,10650,10800,94875,-0.00917431192660545
2022-05-13,10800,10950,10750,10850,76692,0.004629629629629539
2022-05-16,10650,10800,10400,10600,172794,-0.02304147465437789
2022-05-17,10500,10750,10500,10750,60531,0.014150943396226356
2022-05-18,10850,10850,10500,10500,104290,-0.023255813953488413
2022-05-19,10250,10500,10250,10500,52834,0.0
2022-05-20,10500,10600,10450,10550,38338,0.004761904761904745
2022-05-23,10500,10550,10450,10450,41307,-0.009478672985781977
2022-05-24,10500,10600,10450,10550,36585,0.009569377990430672
2022-05-25,10550,10650,10500,10500,34022,-0.004739336492891044
2022-05-26,10550,10700,10500,10550,36203,0.004761904761904745
2022-05-27,10550,10650,10500,10550,23916,0.0
2022-05-30,10600,10650,10500,10550,25323,0.0
2022-05-31,10600,10650,10550,10600,35772,0.004739336492890933
2022-06-02,10600,10600,10450,10550,25342,-0.004716981132075526
2022-06-03,10600,10650,10500,10600,46447,0.004739336492890933
2022-06-07,10600,10600,10250,10350,86977,-0.02358490566037741
2022-06-08,10350,10450,10200,10300,42275,-0.004830917874396157
2022-06-09,10300,10350,10200,10350,27867,0.004854368932038833
2022-06-10,10250,10350,10100,10350,71899,0.0
2022-06-13,10100,10150,9810,9810,131879,-0.05217391304347829
2022-06-14,9530,9750,9500,9640,106917,-0.01732925586136591
2022-06-15,9620,9660,9220,9250,114460,-0.04045643153526968
2022-06-16,9270,9540,9210,9230,69827,-0.00216216216216214
2022-06-17,8890,9590,8890,9400,123171,0.018418201516793076
2022-06-20,9400,9400,8920,8990,87663,-0.043617021276595724
2022-06-21,8910,9060,8850,9000,48454,0.0011123470522802492
2022-06-22,8990,9040,8470,8510,125408,-0.054444444444444406
2022-06-23,8500,8560,8100,8150,126615,-0.042303172737955363
2022-06-24,8100,8960,8090,8830,131844,0.08343558282208585
2022-06-27,8840,9020,8820,8960,51956,0.014722536806341946
2022-06-28,8940,9000,8750,8830,39928,-0.014508928571428603
2022-06-29,8760,8880,8650,8880,45298,0.005662514156285381
2022-06-30,8890,8890,8650,8650,30747,-0.025900900900900914
2022-07-01,8730,8730,8430,8460,21182,-0.02196531791907519
2022-07-04,8460,8480,8150,8210,24571,-0.029550827423167836
2022-07-05,8230,8420,8200,8380,31975,0.020706455542021995
2022-07-06,8350,8450,8260,8390,27798,0.0011933174224343368
2022-07-07,8410,8690,8410,8530,46981,0.016686531585220488
2022-07-08,8610,8640,8450,8590,56493,0.00703399765533419
2022-07-11,8590,8650,8490,8520,15493,-0.008149010477299212
2022-07-12,8510,8510,8270,8300,30352,-0.025821596244131495
2022-07-13,8250,8350,8250,8290,15916,-0.001204819277108471
2022-07-14,8280,8400,8240,8370,16546,0.00965018094089265
2022-07-15,8380,8400,8220,8310,24469,-0.007168458781361964
2022-07-18,8400,8590,8370,8590,55841,0.03369434416365835
2022-07-19,8580,8580,8480,8530,14045,-0.006984866123399325
2022-07-20,8640,8670,8570,8610,31458,0.009378663540445586
2022-07-21,8640,8820,8610,8800,52390,0.022067363530778206
2022-07-22,8800,8830,8710,8710,22572,-0.010227272727272751
2022-07-25,8690,8710,8600,8660,30993,-0.00574052812858783
2022-07-26,8660,8690,8590,8670,30579,0.0011547344110853786
2022-07-27,8670,8840,8630,8840,35992,0.019607843137254832
2022-07-28,8870,9000,8850,9000,70522,0.018099547511312153
2022-07-29,9000,9060,8900,8910,30446,-0.010000000000000009
2022-08-01,8910,9030,8850,9000,40720,0.010101010101010166
2022-08-02,8960,9010,8670,8780,106356,-0.02444444444444449
2022-08-03,8700,8970,8700,8950,33114,0.019362186788154823
2022-08-04,8980,9020,8880,8950,38356,0.0
2022-08-05,8950,8970,8900,8930,20835,-0.0022346368715083775
2022-08-08,8910,8930,8840,8930,36404,0.0
2022-08-09,8860,8920,8800,8820,24312,-0.012318029115341522
2022-08-10,8840,8990,8650,8960,67713,0.015873015873015817
2022-08-11,8980,9060,8940,9020,50643,0.006696428571428603
2022-08-12,9030,9050,8950,8980,14605,-0.0044345898004434225
2022-08-16,8980,8990,8860,8920,38452,-0.006681514476614692
2022-08-17,8970,8970,8800,8810,21876,-0.012331838565022402
2022-08-18,8810,8890,8700,8880,34659,0.007945516458569779
2022-08-19,8900,8900,8740,8780,22324,-0.011261261261261257
2022-08-22,8680,8730,8630,8680,15482,-0.011389521640091105
2022-08-23,8530,8600,8440,8440,40072,-0.027649769585253448
2022-08-24,8520,8530,8320,8380,19155,-0.007109004739336511
2022-08-25,8380,8510,8380,8510,16822,0.015513126491646823
2022-08-26,8560,8670,8510,8670,17722,0.018801410105757865
2022-08-29,8530,8530,8400,8410,18742,-0.029988465974625123
2022-08-30,8390,8630,8370,8620,31308,0.024970273483947647
2022-08-31,8500,8750,8490,8750,24334,0.015081206496519783
2022-09-01,8700,8720,8550,8550,19758,-0.02285714285714291
2022-09-02,8550,8630,8490,8580,30983,0.0035087719298245723
2022-09-05,8580,8580,8380,8490,31251,-0.010489510489510523
2022-09-06,8540,8540,8460,8510,21763,0.002355712603062443
2022-09-07,8520,8520,8350,8380,27999,-0.01527614571092828
2022-09-08,8410,8490,8330,8350,21945,-0.0035799522673031214
2022-09-13,8380,8580,8370,8530,29335,0.021556886227544814
2022-09-14,8350,8380,8250,8330,32846,-0.023446658851113744
2022-09-15,8340,8360,8250,8330,25279,0.0
2022-09-16,8290,8290,8120,8130,39203,-0.02400960384153661
2022-09-19,8180,8180,7950,8000,36883,-0.01599015990159902
2022-09-20,7990,8340,7990,8190,48378,0.023749999999999938
2022-09-21,8140,8220,7950,8000,31165,-0.023199023199023228
2022-09-22,7950,8100,7720,8080,62070,0.010000000000000009
2022-09-23,8030,8030,7760,7760,40655,-0.03960396039603964
2022-09-26,7750,7750,7100,7100,81868,-0.08505154639175261
2022-09-27,7100,7200,6940,7060,59625,-0.005633802816901401
2022-09-28,7070,7130,6600,6700,81518,-0.05099150141643061
2022-09-29,6760,6930,6670,6760,68846,0.008955223880596996
2022-09-30,6600,6830,6570,6800,62271,0.00591715976331364
2022-10-04,6850,7080,6850,7050,47066,0.03676470588235303
2022-10-05,7120,7180,6890,7030,40097,-0.0028368794326241176
2022-10-06,7040,7140,7020,7070,35814,0.005689900426742556
2022-10-07,7050,7050,6950,6990,19014,-0.011315417256011262
2022-10-11,6930,6930,6580,6760,36444,-0.03290414878397707
2022-10-12,6710,6750,6600,6750,21746,-0.0014792899408283544
2022-10-13,6680,6700,6340,6450,58640,-0.0444444444444444
2022-10-14,6500,6610,6460,6540,36334,0.013953488372093092
2022-10-17,6490,6550,6360,6550,18674,0.001529051987767538
2022-10-18,6580,6780,6580,6760,36686,0.032061068702289974
2022-10-19,6800,6810,6590,6650,35402,-0.016272189349112454
2022-10-20,6610,6650,6500,6500,30475,-0.022556390977443663
2022-10-21,6500,6590,6360,6430,44969,-0.010769230769230753
2022-10-24,6520,6560,6360,6460,48765,0.004665629860031162
2022-10-25,6440,6540,6410,6420,46403,-0.006191950464396245
2022-10-26,6420,6500,6240,6350,81239,-0.010903426791277204
2022-10-27,6350,6360,6220,6330,66938,-0.0031496062992125706
2022-10-28,6320,6330,6180,6200,42996,-0.020537124802527673
2022-10-31,6210,6380,6140,6330,59010,0.020967741935483897
2022-11-01,6330,6540,6300,6440,51293,0.017377567140600236
2022-11-02,6430,6440,6290,6340,67894,-0.01552795031055898
2022-11-03,6290,6450,6180,6440,53327,0.01577287066246047
2022-11-04,6440,6440,6160,6300,83743,-0.021739130434782594
2022-11-07,6320,6540,6250,6540,89281,0.03809523809523818
2022-11-08,6530,6760,6500,6740,116756,0.030581039755351647
2022-11-09,6740,6780,6640,6780,67341,0.005934718100890191
2022-11-10,6750,6830,6630,6800,114200,0.002949852507374562
2022-11-11,6930,7050,6870,6900,89234,0.014705882352941124
2022-11-14,6900,7010,6790,6900,72441,0.0
2022-11-15,6900,7210,6830,7150,149164,0.03623188405797095
2022-11-16,7110,7180,6960,7170,40088,0.002797202797202747
2022-11-17,7100,7120,7010,7030,21563,-0.019525801952580246
2022-11-18,7030,7200,6970,7030,29403,0.0
2022-11-21,6990,7030,6750,6750,54087,-0.03982930298719778
2022-11-22,6770,6830,6660,6700,27357,-0.007407407407407418
2022-11-23,6760,6810,6720,6750,32827,0.00746268656716409
2022-11-24,6800,6840,6730,6840,23847,0.01333333333333342
2022-11-25,6840,7090,6780,6950,153254,0.016081871345029253
2022-11-28,7000,7000,6750,6800,43056,-0.021582733812949617
2022-11-29,6750,7140,6690,6910,103081,0.016176470588235237
2022-11-30,6910,7220,6900,7110,98370,0.02894356005788712
2022-12-01,7200,7240,7020,7050,68798,-0.008438818565400852
2022-12-02,7050,7110,6970,7100,24902,0.007092198581560183
2022-12-05,7060,7170,7020,7150,28278,0.007042253521126751
2022-12-06,7140,7140,6970,7080,17498,-0.009790209790209836
2022-12-07,6980,7050,6910,7030,16909,-0.007062146892655385
2022-12-08,6950,6990,6820,6910,34985,-0.017069701280227556
2022-12-09,6890,7310,6890,7040,92160,0.01881331403762654
2022-12-12,7060,7070,6970,7050,19719,0.0014204545454545858
2022-12-13,7010,7050,6930,6950,17704,-0.014184397163120588
2022-12-14,6990,7050,6950,6970,30471,0.0028776978417266452
2022-12-15,7000,7300,7000,7230,104735,0.0373027259684362
2022-12-16,7130,7300,7010,7300,57561,0.009681881051175623
2022-12-19,7260,7370,7200,7310,42585,0.00136986301369868
2022-12-20,7300,7300,7050,7090,38733,-0.030095759233926156
2022-12-21,7090,7140,7050,7090,29547,0.0
2022-12-22,7090,7200,7070,7110,29391,0.0028208744710860323
2022-12-23,7090,7100,6980,7040,37205,-0.009845288326300938
2022-12-26,7040,7040,6900,6920,57008,-0.017045454545454586
2022-12-27,6910,7230,6910,7110,83451,0.027456647398844014
2022-12-28,7040,7050,6840,6890,36017,-0.030942334739803123
2022-12-29,6830,6830,6600,6710,39397,-0.026124818577648812
2023-01-02,6650,6690,6310,6360,69318,-0.05216095380029806
2023-01-03,6300,6430,6230,6370,28469,0.0015723270440251014
2023-01-04,6300,6490,6290,6450,25815,0.012558869701726927
2023-01-05,6450,6530,6410,6460,17458,0.0015503875968991832
2023-01-06,6350,6550,6350,6480,20946,0.003095975232198178
2023-01-09,6500,6650,6490,6640,38842,0.024691358024691468
2023-01-10,6610,6670,6560,6580,41939,-0.009036144578313254
2023-01-11,6610,6710,6600,6700,51866,0.01823708206686936
2023-01-12,6700,6700,6620,6670,29780,-0.004477611940298498
2023-01-13,6650,6710,6650,6690,20823,0.0029985007496251548
2023-01-16,6700,6750,6630,6730,30636,0.005979073243647326
2023-01-17,6700,6760,6650,6730,22836,0.0
2023-01-18,6690,6800,6620,6770,32304,0.005943536404160454
2023-01-19,6690,6810,6690,6800,16925,0.004431314623338345
2023-01-20,6800,6950,6740,6900,32800,0.014705882352941124
2023-01-25,6940,7110,6930,7040,71423,0.020289855072463725
2023-01-26,7040,7290,7030,7260,122719,0.03125
2023-01-27,7260,7280,7140,7190,39667,-0.009641873278236957
2023-01-30,7190,7190,7060,7080,31567,-0.015299026425591111
2023-01-31,7050,7240,7000,7160,43259,0.011299435028248483
2023-02-01,7190,7250,7070,7190,37407,0.0041899441340782495
2023-02-02,7210,7290,7150,7250,58068,0.008344923504867818
2023-02-03,7290,7300,7150,7190,34163,-0.008275862068965467
2023-02-06,7170,7220,7060,7180,18049,-0.0013908205841446364
2023-02-07,7180,7320,7120,7300,51631,0.01671309192200554
2023-02-08,7330,7490,7290,7440,101474,0.019178082191780854
2023-02-09,7450,7450,7340,7410,43560,-0.0040322580645161255
2023-02-10,7410,7530,7290,7470,73905,0.00809716599190291
2023-02-13,7470,7470,7180,7230,53992,-0.032128514056224855
2023-02-14,7240,7400,7190,7300,36825,0.009681881051175623
2023-02-15,7300,7420,7120,7120,55167,-0.024657534246575352
2023-02-16,7230,7520,7200,7500,71080,0.05337078651685401
2023-02-17,7480,7680,7450,7550,76882,0.006666666666666599
2023-02-20,7590,7690,7500,7650,33031,0.013245033112582849
2023-02-21,7660,7710,7510,7640,33099,-0.0013071895424836555
2023-02-22,7450,7750,7330,7460,56566,-0.023560209424083767
2023-02-23,7410,7480,7320,7430,30258,-0.004021447721179627
2023-02-24,7440,7460,7340,7390,20876,-0.0053835800807536804
2023-02-27,7390,7390,7170,7180,44202,-0.02841677943166443
2023-02-28,7190,7310,7180,7290,23308,0.01532033426183843
2023-03-02,7260,7300,7100,7240,39121,-0.006858710562414272
2023-03-03,7240,7270,7200,7240,41890,0.0
2023-03-06,7250,7260,7080,7240,77088,0.0
2023-03-07,7250,7310,7100,7270,42385,0.004143646408839796
2023-03-08,7250,7260,7140,7200,18339,-0.009628610729023435
2023-03-09,7200,7200,7070,7120,31338,-0.011111111111111072
2023-03-10,7110,7110,6920,6930,40578,-0.026685393258427004
2023-03-13,6900,6900,6710,6810,53602,-0.017316017316017285
2023-03-14,6780,6780,6590,6590,52078,-0.032305433186490484
2023-03-15,6630,6720,6610,6630,39730,0.006069802731411222
2023-03-16,6620,6630,6470,6530,38017,-0.015082956259426794
2023-03-17,6580,6760,6570,6700,39885,0.026033690658499253
2023-03-20,6730,6840,6650,6780,20628,0.011940298507462588
2023-03-21,6830,6830,6700,6720,29233,-0.008849557522123908
2023-03-22,6780,6780,6680,6750,34277,0.0044642857142858094
2023-03-23,6700,6740,6640,6640,23958,-0.016296296296296253
2023-03-24,6640,6900,6580,6870,39503,0.034638554216867457
2023-03-27,6870,6950,6680,6790,42132,-0.011644832605531286
2023-03-28,6790,7080,6750,7060,67613,0.0397643593519883
2023-03-29,7090,7100,6900,7040,49385,-0.0028328611898017497
2023-03-30,7020,7080,6930,7050,79695,0.0014204545454545858
2023-03-31,7060,7170,7040,7060,54127,0.0014184397163119478
2023-04-03,7060,7070,6920,7050,34457,-0.0014164305949008194
2023-04-04,7050,7050,6960,7000,28791,-0.007092198581560294
2023-04-05,7000,7040,6970,6990,41364,-0.0014285714285714457
2023-04-06,6990,7030,6790,6890,51521,-0.014306151645207432
2023-04-07,6890,6990,6800,6970,27594,0.011611030478954953
2023-04-10,6980,6990,6800,6810,45970,-0.022955523672883782
2023-04-11,6830,7010,6740,6970,39567,0.023494860499265746
2023-04-12,6970,7100,6940,7090,38416,0.017216642754662947
2023-04-13,7080,7090,6970,7080,18299,-0.0014104372355430161
2023-04-14,7090,7110,7030,7070,23317,-0.0014124293785310327
2023-04-17,7060,7060,6900,6980,43558,-0.012729844413012725
2023-04-18,6980,6980,6680,6700,200887,-0.04011461318051579
2023-04-19,6730,6800,6670,6780,40056,0.011940298507462588
2023-04-20,6820,6820,6690,6730,53299,-0.007374631268436627
2023-04-21,6670,6700,6610,6650,41005,-0.011887072808320909
2023-04-24,6650,6670,6580,6600,30178,-0.007518796992481258
2023-04-25,6570,6620,6520,6550,36020,-0.007575757575757569
2023-04-26,6520,6710,6500,6550,38834,0.0
2023-04-27,6560,6600,6480,6580,23018,0.004580152671755711
2023-04-28,6580,6700,6440,6480,48927,-0.015197568389057725
2023-05-02,6480,6540,6400,6510,41282,0.004629629629629539
2023-05-03,6490,6540,6440,6520,16062,0.001536098310291889
2023-05-04,6540,6560,6500,6550,14233,0.004601226993865115
2023-05-08,6580,6610,6520,6520,28764,-0.004580152671755711
2023-05-09,6510,6530,6440,6470,19008,-0.0076687116564416735
2023-05-10,6470,6540,6460,6480,11993,0.0015455950540959051
2023-05-11,6480,6550,6480,6540,12706,0.0092592592592593
2023-05-12,6550,6800,6520,6800,36870,0.039755351681957096
2023-05-15,6700,6770,6580,6590,40286,-0.030882352941176472
2023-05-16,6650,6810,6590,6590,45985,0.0
2023-05-17,6660,6660,6590,6630,12395,0.006069802731411222
2023-05-18,6680,6820,6640,6800,38788,0.02564102564102555
2023-05-19,6810,7150,6810,7090,194890,0.04264705882352948
2023-05-22,7090,7150,6940,7030,70356,-0.008462623413258097
2023-05-23,7070,7100,6980,7030,40461,0.0
2023-05-24,7010,7090,6970,7010,28299,-0.002844950213371278
2023-05-25,7010,7150,6980,7110,48867,0.014265335235378096
2023-05-26,7140,7240,6970,7140,124423,0.00421940928270037
2023-05-30,7200,7210,7050,7050,54111,-0.012605042016806678
2023-05-31,7060,7390,7060,7210,149021,0.02269503546099294
2023-06-01,7210,7450,7160,7370,152399,0.02219140083217752
2023-06-02,7410,7410,7220,7290,85859,-0.01085481682496603
2023-06-05,7320,7380,7120,7370,70706,0.010973936899862924
2023-06-07,7310,7410,7290,7340,44549,-0.004070556309362261
2023-06-08,7290,7390,7170,7370,46709,0.004087193460490468
2023-06-09,7370,7420,7250,7380,47733,0.0013568521031208647
2023-06-12,7380,7380,7250,7270,28644,-0.01490514905149054
2023-06-13,7280,7360,7270,7330,41166,0.008253094910591452
2023-06-14,7330,7350,7210,7260,39473,-0.009549795361528002
2023-06-15,7260,7340,7230,7300,39360,0.005509641873278293
2023-06-16,7330,7440,7270,7420,52509,0.016438356164383494
2023-06-19,7410,7450,7300,7390,52984,-0.0040431266846361336
2023-06-20,7390,7390,7200,7270,48429,-0.016238159675236785
2023-06-21,7270,7300,7130,7250,39420,-0.0027510316368638543
2023-06-22,7230,7300,7160,7230,37579,-0.0027586206896551557
2023-06-23,7170,7270,7170,7230,26339,0.0
2023-06-26,7230,7330,7150,7310,26377,0.011065006915629283
2023-06-27,7240,7570,7240,7430,122902,0.01641586867305067
2023-06-28,7490,7560,7400,7450,39069,0.0026917900403768957
2023-06-29,7450,7490,7240,7470,52139,0.0026845637583892135
2023-06-30,7470,7480,7290,7410,35628,-0.008032128514056214
2023-07-03,7410,7430,7300,7390,24948,-0.0026990553306343035
2023-07-04,7390,7390,7200,7200,47447,-0.025710419485791558
2023-07-05,7210,7240,7060,7130,54630,-0.009722222222222188
2023-07-06,7110,7170,6930,7070,46269,-0.008415147265077194
2023-07-07,6980,7210,6950,7150,37385,0.011315417256011262
2023-07-10,7200,7200,6990,7100,31244,-0.006993006993006978
2023-07-11,7060,7390,7060,7270,38198,0.023943661971830954
2023-07-12,7270,7290,7100,7200,32158,-0.009628610729023435
2023-07-13,7200,7290,7120,7150,46520,-0.00694444444444442
2023-07-14,7180,7180,7050,7070,34543,-0.01118881118881121
2023-07-17,7070,7240,7060,7150,68531,0.011315417256011262
2023-07-18,7160,7230,7050,7090,59018,-0.008391608391608352
2023-07-19,7100,7110,6930,6980,72706,-0.015514809590973178
2023-07-20,6980,7050,6880,6910,35035,-0.01002865329512892
2023-07-21,6850,7040,6840,6940,41136,0.004341534008682979
2023-07-24,6960,6960,6510,6610,169286,-0.047550432276657006
2023-07-25,6570,6630,6450,6450,106516,-0.024205748865355536
2023-07-26,6450,6450,5970,6180,236487,-0.041860465116279055
2023-07-27,6080,6450,6080,6450,73105,0.043689320388349495
2023-07-28,6470,6470,6340,6470,137262,0.0031007751937983663
2023-07-31,6470,6570,6390,6560,36078,0.01391035548686248
2023-08-01,6500,6700,6480,6680,53543,0.018292682926829285
2023-08-02,6680,6680,6460,6500,39916,-0.026946107784431184
2023-08-03,6440,6530,6340,6390,25644,-0.01692307692307693
2023-08-04,6400,6430,6350,6430,28064,0.006259780907668322
2023-08-07,6440,6850,6350,6520,46369,0.013996889580093264
2023-08-08,6520,6560,6270,6340,66174,-0.027607361963190136
2023-08-09,6320,6380,6270,6330,24587,-0.001577287066246047
2023-08-10,6330,6350,6250,6350,38049,0.003159557661927437
2023-08-11,6330,6450,6250,6420,39093,0.011023622047244164
2023-08-14,6470,6490,6300,6310,47789,-0.01713395638629278
2023-08-16,6230,6260,6050,6090,93687,-0.03486529318541998
2023-08-17,6070,6120,5990,6050,39438,-0.006568144499178974
2023-08-18,6050,6220,5990,6120,40368,0.011570247933884392
2023-08-21,6150,6210,6080,6120,24210,0.0
2023-08-22,6170,6180,6030,6080,46260,-0.006535947712418277
2023-08-23,6080,6170,6060,6150,20255,0.011513157894736947
2023-08-24,6170,6210,6150,6190,19758,0.006504065040650486
2023-08-25,6150,6170,6090,6100,14404,-0.014539579967689842
2023-08-28,6100,6160,6100,6130,28931,0.004918032786885185
2023-08-29,6130,6240,6130,6220,26536,0.014681892332789603
2023-08-30,6240,6310,6240,6260,24516,0.006430868167202508
2023-08-31,6270,6300,6200,6220,21254,-0.006389776357827448
2023-09-01,6230,6350,6220,6320,32851,0.016077170418006492
2023-09-04,6340,6480,6300,6460,65717,0.02215189873417711
2023-09-05,6460,6470,6350,6380,25269,-0.012383900928792602
2023-09-06,6400,6490,6380,6390,24026,0.0015673981191222097
2023-09-07,6400,6420,6280,6280,17577,-0.017214397496087663
2023-09-08,6300,6310,6180,6310,37908,0.004777070063694211
2023-09-11,6250,6290,6160,6220,35348,-0.014263074484944571
2023-09-12,6200,6250,6150,6210,34714,-0.001607717041800627
2023-09-13,6210,6270,6140,6210,30221,0.0
2023-09-14,6220,6300,6190,6260,26727,0.008051529790660261
2023-09-15,6320,6520,6290,6430,80241,0.02715654952076685
2023-09-18,6470,6630,6380,6570,71494,0.021772939346811793
2023-09-19,6530,6670,6470,6600,67709,0.004566210045662045
2023-09-20,6620,6630,6480,6580,24682,-0.00303030303030305
2023-09-21,6500,6640,6350,6400,32504,-0.027355623100303927
2023-09-22,6310,6510,6270,6450,39242,0.0078125
2023-09-25,6410,6450,6200,6210,26459,-0.037209302325581395
2023-09-26,6200,6250,6140,6160,16137,-0.008051529790660261
2023-09-27,6130,6290,6120,6270,8463,0.017857142857142794
2023-10-04,6270,6280,5930,6050,27749,-0.03508771929824561
2023-10-05,6070,6140,5980,6080,15873,0.0049586776859504855
2023-10-06,5990,6150,5990,6140,10836,0.009868421052631637
2023-10-10,6100,6170,6020,6090,23423,-0.008143322475570036
2023-10-11,6100,6150,6060,6080,29234,-0.0016420361247947435
2023-10-12,6090,6130,6080,6090,12206,0.00164473684210531
2023-10-13,6100,6110,6060,6080,8019,-0.0016420361247947435
2023-10-16,6070,6110,6040,6090,34191,0.00164473684210531
2023-10-17,6100,6190,6060,6190,49072,0.016420361247947435
2023-10-18,6190,6200,6130,6180,7303,-0.001615508885298822
2023-10-19,6110,6170,6040,6080,18258,-0.016181229773462813
2023-10-20,6000,6120,5940,6090,39173,0.00164473684210531
2023-10-23,6040,6110,5990,5990,19247,-0.016420361247947435
2023-10-24,6010,6110,5870,6090,48869,0.016694490818029983
2023-10-25,6100,6300,6050,6170,58509,0.013136288998357948
2023-10-26,6090,6150,6030,6090,40226,-0.012965964343598091
2023-10-27,6100,6130,6010,6100,24104,0.0016420361247948545
2023-10-30,6100,6150,6060,6090,30135,-0.0016393442622950616
2023-10-31,6110,6150,5970,6030,24982,-0.009852216748768461
2023-11-01,6030,6090,6020,6080,20031,0.008291873963515828
2023-11-02,6080,6230,6080,6210,26807,0.021381578947368363
2023-11-03,6230,6470,6210,6440,77570,0.03703703703703698
2023-11-06,6490,6490,6340,6450,38624,0.0015527950310558758
2023-11-07,6450,6460,6330,6380,30690,-0.010852713178294615
2023-11-08,6280,6460,6280,6420,49575,0.006269592476489061
2023-11-09,6410,6580,6410,6560,47495,0.02180685358255441
2023-11-10,6560,6640,6420,6610,88373,0.007621951219512146
2023-11-13,6610,6880,6540,6720,142075,0.016641452344931862
2023-11-14,6690,6780,6670,6730,35462,0.0014880952380953438
2023-11-15,6750,6830,6670,6750,65135,0.002971768202080227
2023-11-16,6790,6900,6750,6900,63200,0.022222222222222143
2023-11-17,6930,6930,6810,6890,29904,-0.0014492753623188692
2023-11-20,6900,6930,6830,6900,30796,0.0014513788098693414
2023-11-21,6840,6910,6760,6860,52825,-0.005797101449275366
2023-11-22,6860,7130,6850,7110,196843,0.036443148688046545
2023-11-23,7110,7230,7020,7170,135525,0.00843881856540074
2023-11-24,7170,7180,6900,7020,88064,-0.02092050209205021
2023-11-27,7020,7200,7020,7170,65737,0.02136752136752129
2023-11-28,7170,7240,7160,7220,45418,0.0069735006973501434
2023-11-29,7230,7300,7090,7300,99125,0.011080332409972193
2023-11-30,7300,7400,7240,7310,84439,0.00136986301369868
2023-12-01,7300,7360,7230,7270,39356,-0.005471956224350261
2023-12-04,7270,7290,6890,6980,161694,-0.0398899587345255
2023-12-05,6900,7010,6800,6930,38394,-0.007163323782234943
2023-12-06,6900,7180,6900,7160,66802,0.03318903318903321
2023-12-07,7120,7330,7120,7260,154222,0.013966480446927276
2023-12-08,7260,7450,7260,7440,112507,0.024793388429751984
2023-12-11,7450,7640,7410,7410,109475,-0.0040322580645161255
2023-12-12,7410,7500,7330,7460,58993,0.006747638326585648
2023-12-13,7480,7590,7170,7500,205809,0.00536193029490617
2023-12-14,7520,8310,7450,8310,707742,0.1080000000000001
2023-12-15,8160,8160,7550,7650,399154,-0.07942238267148016
2023-12-18,7670,7760,7490,7720,123290,0.009150326797385588
2023-12-19,7720,7720,7560,7670,108289,-0.006476683937823857
2023-12-20,7670,7870,7640,7840,95151,0.022164276401564598
2023-12-21,7830,7840,7600,7780,105460,-0.007653061224489832
2023-12-22,7780,7880,7730,7820,62822,0.005141388174807249
2023-12-26,7840,8030,7700,7710,98528,-0.014066496163682829
2023-12-27,7670,7760,7500,7630,89220,-0.01037613488975353
2023-12-28,7630,7800,7550,7770,59618,0.0183486238532109
2024-01-02,7840,7870,7710,7780,50252,0.0012870012870012104
2024-01-03,7780,7880,7670,7850,54289,0.008997429305912519
2024-01-04,7800,8060,7800,7910,82852,0.007643312101910826
2024-01-05,7860,8040,7790,7820,61811,-0.011378002528445008
2024-01-08,7780,7880,7720,7830,31488,0.0012787723785165905
2024-01-09,7830,7970,7710,7860,44699,0.003831417624521105
2024-01-10,7850,7850,7550,7710,106821,-0.01908396946564883
2024-01-11,7700,7840,7610,7750,49598,0.005188067444876765
2024-01-12,7700,7830,7640,7760,50821,0.001290322580645098
2024-01-15,7770,7860,7680,7780,50022,0.002577319587628857
2024-01-16,7790,7800,7650,7700,35567,-0.010282776349614386
2024-01-17,7700,7700,7400,7510,82074,-0.024675324675324628
2024-01-18,7510,7560,7380,7480,51256,-0.003994673768308976
2024-01-19,7460,7640,7460,7590,55606,0.014705882352941124
2024-01-22,7650,7920,7610,7920,110670,0.04347826086956519
2024-01-23,8000,8000,7810,7930,64903,0.0012626262626262985
2024-01-24,7940,7940,7760,7900,75879,-0.003783102143757877
2024-01-25,7880,7970,7800,7910,57750,0.0012658227848101333
2024-01-26,7830,7930,7710,7780,54468,-0.01643489254108721
2024-01-29,7780,7780,7570,7730,67244,-0.006426735218509005
2024-01-30,7760,7790,7560,7630,40524,-0.012936610608020649
2024-01-31,7630,7630,7180,7470,178270,-0.020969855832241202
2024-02-01,7490,7490,7150,7260,118640,-0.028112449799196804
2024-02-02,7280,7380,7230,7330,47991,0.009641873278236845
2024-02-05,7350,7370,7130,7240,43780,-0.012278308321964526
2024-02-06,7360,7440,7260,7410,40199,0.023480662983425438
2024-02-07,7470,7470,7260,7360,22950,-0.006747638326585648
2024-02-08,7360,7400,7320,7370,47569,0.0013586956521738358
2024-02-13,7400,7450,7320,7400,57308,0.004070556309362372
2024-02-14,7360,7460,7320,7440,37003,0.00540540540540535
2024-02-15,7440,7470,7220,7240,62397,-0.026881720430107503
2024-02-16,7270,7270,7200,7210,27489,-0.004143646408839796
2024-02-19,7210,7290,7150,7210,47387,0.0
2024-02-20,7210,7300,7170,7240,33853,0.004160887656033285
2024-02-21,7240,7260,7170,7230,38526,-0.0013812154696132284
2024-02-22,7230,7250,7050,7210,67095,-0.0027662517289073207
2024-02-23,7250,7260,7130,7230,32254,0.00277392510402219
2024-02-26,7210,7300,7180,7220,22226,-0.0013831258644536604
2024-02-27,7190,7240,6950,7040,75900,-0.024930747922437657
2024-02-28,6970,7150,6950,7150,45648,0.015625
2024-02-29,7060,7140,6950,7080,57154,-0.009790209790209836
2024-03-04,7080,7120,7010,7070,18105,-0.0014124293785310327
2024-03-05,7080,7250,7010,7120,32773,0.007072135785006983
2024-03-06,7100,7210,7030,7150,41201,0.004213483146067398
2024-03-07,7130,7170,7010,7080,39254,-0.009790209790209836
2024-03-08,7350,7580,7250,7440,158780,0.05084745762711873
2024-03-11,7450,7650,7400,7590,63997,0.02016129032258074
2024-03-12,7590,7610,7500,7560,58555,-0.0039525691699604515
2024-03-13,7620,7780,7560,7770,89074,0.02777777777777768
2024-03-14,7790,7830,7690,7790,55669,0.002574002574002643
2024-03-15,7780,7780,7620,7720,46580,-0.00898587933247752
2024-03-18,7710,7800,7670,7740,44994,0.002590673575129543
2024-03-19,7730,7740,7600,7630,36963,-0.014211886304909549
2024-03-20,7630,7720,7630,7690,49858,0.007863695937090354
2024-03-21,7700,7800,7650,7790,58961,0.013003901170351106
2024-03-22,7810,7810,7650,7700,59193,-0.011553273427471145
2024-03-25,7700,7780,7670,7720,30078,0.0025974025974024872
2024-03-26,8090,8440,7900,8300,758316,0.07512953367875652
2024-03-27,8260,8520,8130,8250,288332,-0.0060240963855421326
2024-03-28,8250,8260,8000,8160,153075,-0.010909090909090868
2024-03-29,8140,8190,7960,8040,74516,-0.014705882352941124
2024-04-01,8040,8340,7910,8200,166305,0.01990049751243772
2024-04-02,8160,8380,8140,8290,125309,0.01097560975609757
2024-04-03,8260,8480,8190,8270,141569,-0.0024125452352231624
2024-04-04,8270,8440,8240,8380,144886,0.01330108827085863
2024-04-05,8300,8560,8260,8500,142125,0.014319809069212486
2024-04-08,8580,8580,8290,8400,103788,-0.0117647058823529
2024-04-09,8330,8400,8070,8330,97846,-0.008333333333333304
2024-04-11,8230,8520,8170,8490,79846,0.019207683073229287
2024-04-12,8510,8670,8450,8450,103348,-0.004711425206124886
2024-04-15,8320,8540,8260,8490,61890,0.004733727810650956
2024-04-16,8430,8470,8090,8190,65315,-0.035335689045936425
2024-04-17,8200,8450,8200,8270,68678,0.009768009768009733
2024-04-18,8330,8340,8230,8320,43437,0.006045949214026569
2024-04-19,8300,8300,7870,8000,106360,-0.038461538461538436
2024-04-22,7980,8090,7800,8080,66332,0.010000000000000009
2024-04-23,8100,8120,7970,7970,16892,-0.013613861386138626
2024-04-24,8020,8580,8020,8560,164061,0.07402760351317439
2024-04-25,8600,9130,8530,9060,590498,0.05841121495327095
2024-04-26,8980,9000,8700,8870,164982,-0.020971302428256067
2024-04-29,8960,9050,8880,8950,113486,0.00901916572717032
2024-04-30,8950,8960,8800,8910,87691,-0.004469273743016755
2024-05-02,8890,9280,8890,9170,203077,0.029180695847362603
2024-05-03,9390,9430,9080,9110,235090,-0.0065430752453653485
2024-05-07,9110,9180,9040,9130,75614,0.002195389681668436
2024-05-08,9120,9180,8980,9100,66956,-0.003285870755750264
2024-05-09,9050,9100,8780,8960,175348,-0.01538461538461533
2024-05-10,8940,8990,8790,8810,94746,-0.016741071428571397
2024-05-13,8810,8950,8640,8910,101090,0.011350737797956922
2024-05-14,8910,8960,8780,8860,86683,-0.0056116722783389195
2024-05-16,8950,8960,8610,8650,110090,-0.023702031602708784
2024-05-17,8610,8630,8370,8430,123907,-0.02543352601156068
2024-05-20,8450,8460,8380,8440,44091,0.0011862396204034287
2024-05-21,8460,8580,8300,8410,57308,-0.0035545023696682554
2024-05-22,8400,8590,8380,8510,42122,0.01189060642092743
2024-05-23,8510,8660,8400,8530,95272,0.00235017626321965
2024-05-24,8540,8610,8450,8560,38843,0.003516998827667095
2024-05-27,8560,8570,8240,8430,84098,-0.015186915887850483
2024-05-28,8430,8510,8300,8440,60381,0.0011862396204034287
2024-05-29,8410,8420,8130,8150,78752,-0.034360189573459765
2024-05-30,8100,8170,8010,8100,73548,-0.006134969325153339
2024-05-31,8150,8150,8020,8140,33198,0.004938271604938205
2024-06-03,8200,8240,8140,8190,36570,0.006142506142506221
2024-06-04,8200,8280,8110,8200,57126,0.0012210012210012167
2024-06-05,8140,8310,8140,8250,42704,0.0060975609756097615
2024-06-07,8250,8260,8060,8160,66753,-0.010909090909090868
2024-06-10,8160,8180,8090,8180,20137,0.002450980392156854
2024-06-11,8180,8200,8040,8160,40006,-0.0024449877750610804
2024-06-12,8160,8180,8070,8070,23756,-0.011029411764705843
2024-06-13,8100,8340,8090,8260,82760,0.023543990086740907
2024-06-14,8260,8330,8090,8190,61278,-0.008474576271186418
2024-06-17,8190,8330,8130,8240,82400,0.006105006105006083
2024-06-18,8330,8430,8280,8280,54545,0.004854368932038833
2024-06-19,8280,8540,8270,8430,73375,0.018115942028985588
2024-06-20,8360,8460,8270,8410,43020,-0.0023724792408066353
2024-06-21,8410,8470,8200,8390,60084,-0.0023781212841854638
2024-06-24,8390,8400,8070,8150,39048,-0.028605482717520836
2024-06-25,8070,8210,8060,8180,32635,0.0036809815950920033
2024-06-26,8190,8220,8050,8130,54569,-0.006112469437652757
2024-06-27,8130,8140,7850,7860,78544,-0.03321033210332103
2024-06-28,7990,8060,7800,8030,63380,0.021628498727735312
2024-07-01,8040,8180,8040,8110,37356,0.00996264009962644
2024-07-02,8080,8190,8050,8150,34916,0.004932182490752224
2024-07-03,8190,8190,7910,8020,47146,-0.015950920245398792
2024-07-04,7990,8020,7900,7900,21658,-0.014962593516209433
2024-07-05,7910,8000,7900,7900,25601,0.0
2024-07-08,7910,8020,7760,7920,68601,0.0025316455696202667
2024-07-09,8010,8150,7960,8070,34852,0.018939393939394034
2024-07-10,8080,8100,7980,8070,23222,0.0
2024-07-11,8070,8070,7960,7990,22155,-0.009913258983890949
2024-07-12,8030,8030,7900,7980,21931,-0.0012515644555695093
2024-07-15,8010,8010,7850,7990,21669,0.0012531328320801727
2024-07-16,8000,8020,7900,7960,11698,-0.003754693366708417
2024-07-17,7960,8100,7890,8020,48133,0.007537688442211143
2024-07-18,8070,8070,7810,7910,19219,-0.013715710723191998
2024-07-19,7910,7950,7880,7900,28954,-0.0012642225031606058
2024-07-22,7870,7900,7670,7720,48414,-0.02278481012658229
2024-07-23,7720,7800,7600,7610,43707,-0.014248704663212486
2024-07-24,7650,7660,7400,7400,48445,-0.02759526938239154
2024-07-25,7380,7410,7200,7270,39502,-0.01756756756756761
2024-07-26,7270,7330,7200,7260,38384,-0.0013755158184318717
2024-07-29,7250,7320,7180,7200,33701,-0.008264462809917328
2024-07-30,7190,7220,6980,7000,64114,-0.02777777777777779
2024-07-31,7020,7220,6940,7210,30404,0.030000000000000027
2024-08-01,7220,7330,7210,7230,22605,0.00277392510402219
2024-08-02,7230,7230,6850,6890,72475,-0.047026279391424675
2024-08-05,6850,6850,6090,6300,146602,-0.08563134978229314
2024-08-06,6260,6670,6260,6560,125473,0.041269841269841345
2024-08-07,6500,6670,6500,6570,32591,0.0015243902439023849
2024-08-08,6510,6860,6460,6840,37611,0.041095890410958846
2024-08-09,6840,6960,6740,6740,60927,-0.014619883040935644
2024-08-12,6720,6850,6720,6770,9204,0.004451038575667754
2024-08-13,6770,6990,6730,6970,18355,0.02954209748892178
2024-08-14,7000,7110,6980,7080,15496,0.015781922525107683
2024-08-16,7080,7090,6690,6820,134258,-0.03672316384180796
2024-08-19,6820,6850,6600,6690,48006,-0.019061583577712593
2024-08-20,6690,6800,6670,6800,23665,0.01644245142002987
2024-08-21,6790,6840,6720,6800,10372,0.0
2024-08-22,6810,6830,6720,6760,18082,-0.00588235294117645
2024-08-23,6760,6780,6660,6710,6929,-0.007396449704141994
2024-08-26,6720,6730,6390,6470,67681,-0.03576751117734722
2024-08-27,6440,6500,6300,6460,151430,-0.0015455950540957941
2024-08-28,6490,6490,6290,6400,91446,-0.009287925696594423
2024-08-29,6330,6420,6270,6360,32733,-0.006249999999999978
2024-08-30,6370,6530,6300,6520,55587,0.02515723270440251
2024-09-02,6520,6580,6390,6570,39044,0.0076687116564417845
2024-09-03,6570,6590,6460,6510,18887,-0.0091324200913242
2024-09-04,6390,6610,6240,6510,122187,0.0
2024-09-05,6510,6580,6300,6540,45321,0.004608294930875667
2024-09-06,6540,6590,6350,6520,31230,-0.003058103975535187
2024-09-09,6510,6510,6210,6350,23328,-0.0260736196319018
2024-09-10,6360,6390,6280,6310,19559,-0.006299212598425252
2024-09-11,6300,6380,6230,6240,17331,-0.011093502377179099
2024-09-12,6260,6410,6260,6400,13050,0.02564102564102555
2024-09-13,6410,6420,6340,6390,3335,-0.0015625000000000222
2024-09-19,6380,6430,6170,6260,24406,-0.020344287949921713
2024-09-20,6290,6320,6250,6270,15086,0.0015974440894568342
2024-09-23,6260,6300,6220,6280,32770,0.0015948963317384823
2024-09-24,6260,6340,6260,6330,28630,0.0079617834394905
2024-09-25,6410,6410,6300,6310,34898,-0.003159557661927326
2024-09-26,6380,6510,6320,6490,35846,0.028526148969889142
2024-09-27,6490,6610,6440,6480,27882,-0.0015408320493066618
2024-09-30,6490,6540,6350,6360,22723,-0.01851851851851849
2024-10-02,6380,6410,6270,6330,10686,-0.004716981132075526
2024-10-04,6340,6360,6210,6220,24604,-0.017377567140600347
2024-10-07,6290,6290,6150,6250,19705,0.004823151125401992
2024-10-08,6200,6260,6170,6200,38400,-0.008000000000000007
2024-10-10,6230,6230,6170,6200,17145,0.0
2024-10-11,6210,6210,6160,6170,16114,-0.004838709677419395
2024-10-14,6170,6210,6150,6190,19778,0.0032414910858995505
2024-10-15,6180,6220,6180,6210,12003,0.003231017770597644
2024-10-16,6210,6210,6170,6180,13345,-0.004830917874396157
2024-10-17,6190,6260,6150,6230,22023,0.008090614886731462
2024-10-18,6220,6220,6150,6180,26512,-0.008025682182985605
2024-10-21,6180,6180,6100,6110,32746,-0.01132686084142398
2024-10-22,6130,6130,6030,6090,47127,-0.00327332242225864
2024-10-23,6100,6250,6060,6250,20844,0.026272577996715896
2024-10-24,6250,6260,6130,6170,8700,-0.012800000000000034
2024-10-25,6170,6200,6080,6080,26293,-0.014586709886547866
2024-10-28,6080,6170,6060,6160,11385,0.013157894736842035
2024-10-29,6160,6170,6080,6140,7703,-0.0032467532467532756
2024-10-30,6140,6170,6100,6130,8788,-0.0016286644951140072
2024-10-31,6130,6170,6080,6130,11613,0.0
2024-11-01,6100,6170,6060,6100,29067,-0.004893964110929905
2024-11-04,6110,6160,6050,6160,40106,0.009836065573770592
2024-11-05,6150,6270,6100,6270,77115,0.017857142857142794
2024-11-06,6500,7090,6330,6370,402225,0.01594896331738438
2024-11-07,6360,6450,6270,6380,46765,0.0015698587127157548
2024-11-08,6400,6450,6290,6300,42969,-0.01253918495297801
2024-11-11,6300,6320,6150,6210,46134,-0.014285714285714235
2024-11-12,6200,6290,6000,6000,57821,-0.033816425120772986
2024-11-13,6010,6090,5900,5900,40340,-0.01666666666666672
2024-11-14,5870,5990,5700,5750,56015,-0.025423728813559365
2024-11-15,5750,5820,5600,5740,65951,-0.0017391304347825765
2024-11-18,5720,5840,5710,5740,25865,0.0
2024-11-19,5760,5780,5710,5720,25093,-0.0034843205574912606
2024-11-20,5730,5760,5660,5680,18255,-0.006993006993006978
2024-11-21,5700,5710,5640,5660,13888,-0.0035211267605633756
2024-11-22,5660,5740,5600,5660,65202,0.0
2024-11-25,5670,5750,5660,5700,22098,0.007067137809187329
2024-11-26,5700,5790,5650,5790,22630,0.015789473684210575
2024-11-27,5800,5810,5700,5760,32108,-0.005181347150259086
2024-11-28,5750,5800,5730,5740,12815,-0.00347222222222221
2024-11-29,5740,5740,5580,5600,68262,-0.024390243902439046
2024-12-02,5600,5600,5450,5490,38874,-0.019642857142857184
2024-12-03,5480,5630,5480,5620,23154,0.023679417122040025
2024-12-04,5460,5600,5400,5400,102086,-0.039145907473309594
2024-12-05,5460,5460,5370,5410,15461,0.0018518518518517713
2024-12-06,5410,5420,5190,5320,80439,-0.01663585951940849
2024-12-09,5300,5300,4980,4990,116394,-0.06203007518796988
2024-12-10,5000,5330,5000,5290,78352,0.060120240480961984
2024-12-11,5260,5460,5210,5440,33323,0.02835538752362954
2024-12-12,5470,5500,5360,5450,26992,0.0018382352941177516
2024-12-13,5480,5570,5400,5540,20646,0.016513761467889854
2024-12-16,5580,5650,5410,5480,38976,-0.010830324909747335
2024-12-17,5460,5480,5340,5430,51121,-0.009124087591240837
2024-12-18,5420,5460,5340,5430,33596,0.0
2024-12-19,5330,5390,5250,5340,58495,-0.016574585635359074
2024-12-20,5340,5340,5210,5260,41013,-0.014981273408239737
2024-12-23,5260,5330,5230,5290,40870,0.005703422053231932
2024-12-24,5330,5390,5270,5390,41484,0.018903591682419618
2024-12-26,5340,5400,5270,5310,68932,-0.014842300556586308
2024-12-27,5220,5280,5080,5110,76252,-0.03766478342749524
2024-12-30,5050,5150,5030,5100,27561,-0.00195694716242667
2025-01-02,5130,5130,5020,5120,37053,0.0039215686274509665
2025-01-03,5110,5270,5090,5190,80038,0.013671875
2025-01-06,5160,5420,5150,5370,108569,0.034682080924855585
2025-01-07,5380,5420,5320,5380,38948,0.0018621973929235924
2025-01-08,5350,5460,5330,5430,44837,0.009293680297397744
2025-01-09,5430,5450,5330,5390,36499,-0.007366482504604033
2025-01-10,5390,5390,5260,5340,62805,-0.00927643784786647
2025-01-13,5350,5350,5170,5230,57240,-0.02059925093632964
2025-01-14,5240,5260,5200,5230,21344,0.0
2025-01-15,5240,5270,5160,5190,64166,-0.007648183556405397
2025-01-16,5200,5250,5180,5230,57112,0.007707129094412402
2025-01-17,5210,5250,5080,5160,79449,-0.013384321223709361
2025-01-20,5130,5190,5090,5110,46973,-0.009689922480620172
2025-01-21,5120,5280,5120,5270,42889,0.03131115459882583
2025-01-22,5300,5330,5210,5330,63590,0.011385199240986799
2025-01-23,5340,5380,5270,5330,62009,0.0
2025-01-24,5330,5420,5270,5390,53969,0.011257035647279645
2025-01-31,5380,5400,5300,5350,51405,-0.007421150278293154
2025-02-03,5360,5360,5070,5190,97197,-0.029906542056074792
2025-02-04,5190,5340,5170,5320,59246,0.025048169556840083
2025-02-05,5280,5410,5240,5390,57395,0.013157894736842035
2025-02-06,5400,5440,5360,5400,40648,0.0018552875695732052
2025-02-07,5410,5410,5330,5370,53089,-0.005555555555555536
2025-02-10,5340,5570,5260,5540,115884,0.03165735567970196
2025-02-11,5550,5550,5440,5510,58585,-0.005415162454873612
2025-02-12,5500,5520,5380,5460,68421,-0.00907441016333943
2025-02-13,5460,5550,5390,5540,60309,0.0146520146520146
2025-02-14,5540,5900,5500,5750,448080,0.03790613718411562
2025-02-17,5770,6020,5740,5920,207417,0.029565217391304355
2025-02-18,5890,5930,5790,5880,93489,-0.006756756756756799
2025-02-19,5890,5970,5840,5930,72792,0.008503401360544283
2025-02-20,5950,6030,5880,5960,97126,0.005059021922428242
2025-02-21,5960,6030,5890,6020,104455,0.010067114093959662
2025-02-24,5970,6030,5900,6010,47685,-0.0016611295681062677
2025-02-25,6010,6050,5940,6020,53970,0.0016638935108153063
2025-02-26,6040,6550,5940,6320,320348,0.04983388704318936
2025-02-27,6420,6470,6320,6380,298089,0.009493670886076
2025-02-28,6380,6520,6380,6450,327952,0.01097178683385569
2025-03-04,6470,6540,6420,6430,113176,-0.0031007751937984773
2025-03-05,6420,6460,6380,6450,77600,0.0031104199066873672
2025-03-06,6450,6460,6400,6410,56428,-0.006201550387596955
2025-03-07,6420,6610,6400,6460,64588,0.007800312012480548
2025-03-10,6470,6560,6450,6550,54887,0.01393188854489158
2025-03-11,6490,6510,6400,6460,60153,-0.013740458015267132
2025-03-12,6440,6550,6410,6450,73663,-0.001547987616099089
2025-03-13,6460,6560,6400,6400,123123,-0.007751937984496138
2025-03-14,6420,6510,6410,6490,55462,0.014062500000000089
2025-03-17,6540,6630,6480,6570,97722,0.012326656394453073
2025-03-18,6560,6570,6450,6460,104420,-0.016742770167427756
2025-03-19,6460,6510,6370,6420,280678,-0.006191950464396245
2025-03-20,6430,6500,6420,6450,97178,0.004672897196261738
2025-03-21,6450,6480,6380,6450,127604,0.0
2025-03-24,6450,6490,6360,6420,252909,-0.0046511627906976605
2025-03-25,6440,6510,6420,6450,115444,0.004672897196261738
2025-03-26,6480,6560,6450,6510,171291,0.009302325581395321
2025-03-27,6510,6630,6510,6570,256934,0.009216589861751112
2025-03-28,6140,6170,5850,5990,358043,-0.0882800608828006
2025-03-31,5900,5930,5750,5850,93386,-0.023372287145242088
2025-04-01,5830,5980,5750,5950,97691,0.017094017094017033
2025-04-02,5960,5980,5830,5880,71044,-0.0117647058823529
2025-04-03,5820,5900,5790,5840,41794,-0.006802721088435382
2025-04-04,5780,5910,5700,5830,52946,-0.001712328767123239
2025-04-07,5780,5780,5540,5630,101268,-0.03430531732418529
2025-04-08,5630,5720,5630,5650,42499,0.003552397868561208
2025-04-09,5560,5650,5490,5580,65088,-0.012389380530973493
2025-04-10,5680,5850,5680,5850,82540,0.048387096774193505
2025-04-11,5800,6050,5780,6030,141044,0.03076923076923066
2025-04-14,6050,6130,6030,6050,74767,0.0033167495854062867
2025-04-15,6030,6250,6030,6230,77303,0.02975206611570247
2025-04-16,6230,6250,6140,6170,73971,-0.009630818619582704
2025-04-17,6370,6540,6250,6540,320348,0.05996758508914102
2025-04-18,6540,6630,6400,6570,94333,0.004587155963302836
2025-04-21,6570,6870,6550,6830,171888,0.03957382039573831
2025-04-22,6800,6850,6740,6840,94756,0.0014641288433381305
2025-04-23,6870,6870,6760,6800,51437,-0.005847953216374324
2025-04-24,6810,6840,6730,6750,91076,-0.007352941176470562
2025-04-25,6770,6830,6740,6760,64429,0.001481481481481417
2025-04-28,6760,6830,6750,6780,85278,0.002958579881656709
2025-04-29,6780,6870,6780,6840,57054,0.008849557522123908
2025-04-30,6860,6890,6760,6840,60866,0.0
2025-05-02,6840,6900,6820,6890,49703,0.007309941520467822
2025-05-07,6900,6900,6750,6840,63612,-0.007256894049346929
2025-05-08,6840,6890,6840,6870,55635,0.004385964912280604
2025-05-09,6870,6870,6750,6820,66165,-0.00727802037845704
2025-05-12,6820,6870,6770,6850,71951,0.004398826979472137
2025-05-13,6850,6870,6810,6870,47568,0.0029197080291971655
2025-05-14,6870,7000,6860,6990,88332,0.017467248908296984
2025-05-15,6820,6820,6430,6500,300549,-0.07010014306151646
2025-05-16,6510,6530,6210,6270,224093,-0.03538461538461535
2025-05-19,6270,6360,6190,6360,52398,0.014354066985645897
2025-05-20,6360,6450,6340,6390,48329,0.004716981132075526
2025-05-21,6400,6430,6260,6390,72783,0.0
2025-05-22,6390,6390,6280,6370,34516,-0.003129890453834161
2025-05-23,6370,6400,6240,6360,90626,-0.0015698587127158659
2025-05-26,6300,6410,6290,6330,42574,-0.004716981132075526
2025-05-27,6330,6370,6290,6370,45730,0.006319115323854652
2025-05-28,6350,6460,6350,6400,55255,0.0047095761381474865
2025-05-29,6450,6460,6380,6390,61028,-0.0015625000000000222
2025-05-30,6380,6440,6310,6410,76226,0.003129890453834161
2025-06-02,6410,6470,6410,6440,58232,0.004680187207488196
2025-06-04,6460,6570,6460,6560,83033,0.01863354037267073
2025-06-05,6560,6650,6530,6600,58763,0.0060975609756097615
2025-06-09,6650,6760,6600,6660,79531,0.009090909090909038
2025-06-10,6660,6690,6490,6550,91681,-0.016516516516516533
2025-06-11,6560,6640,6545,6590,59806,0.006106870229007688
2025-06-12,6610,6640,6480,6500,135596,-0.01365705614567525
2025-06-13,6500,6530,6320,6340,85895,-0.024615384615384595
2025-06-16,6340,6520,6300,6490,81786,0.023659305993690927
2025-06-17,6530,6550,6380,6420,78067,-0.01078582434514641
2025-06-18,6410,6540,6410,6480,73499,0.009345794392523255
2025-06-19,6490,6560,6450,6540,77251,0.0092592592592593
2025-06-20,6540,6610,6510,6600,136386,0.00917431192660545
2025-06-23,6590,6590,6430,6510,79328,-0.013636363636363669
2025-06-24,6530,6610,6530,6540,82286,0.004608294930875667
2025-06-25,6570,6600,6440,6500,92533,-0.006116207951070374
2025-06-26,6500,6520,6350,6390,100820,-0.01692307692307693
2025-06-27,6420,6430,6230,6300,143167,-0.014084507042253502
2025-06-30,6300,6460,6290,6390,76008,0.014285714285714235
2025-07-01,6400,6450,6350,6350,92640,-0.006259780907668211
2025-07-02,6430,6430,6300,6380,55465,0.0047244094488188
2025-07-03,6420,6480,6380,6430,53412,0.00783699059561127
2025-07-04,6440,6470,6340,6360,68268,-0.010886469673405896
2025-07-07,6370,6480,6330,6410,70789,0.007861635220125729
2025-07-08,6440,6530,6420,6490,83350,0.012480499219968744
2025-07-09,6490,6600,6470,6580,68818,0.013867488443759735
2025-07-10,6560,6580,6480,6540,72382,-0.006079027355623046
2025-07-11,6540,6580,6500,6570,73519,0.004587155963302836
2025-07-14,6570,6570,6490,6530,54404,-0.0060882800608828
2025-07-15,6510,6550,6460,6480,43214,-0.007656967840735107
2025-07-16,6480,6570,6430,6500,70857,0.0030864197530864335
2025-07-17,6510,6580,6500,6550,100241,0.007692307692307665
2025-07-18,6580,6590,6480,6560,64669,0.0015267175572519776
2025-07-21,6450,6610,6450,6550,85292,-0.0015243902439023849
2025-07-22,6550,6690,6550,6640,95517,0.013740458015267132
2025-07-23,6630,6670,6550,6640,50749,0.0
2025-07-24,6640,6650,6500,6530,79929,-0.016566265060240948
2025-07-25,6550,6600,6490,6510,42004,-0.003062787136294043
2025-07-28,6530,6530,6380,6440,59300,-0.010752688172043001
2025-07-29,6450,6590,6400,6540,62842,0.01552795031055898
2025-07-30,6490,6790,6490,6660,173816,0.0183486238532109
2025-07-31,6660,6770,6630,6690,68113,0.0045045045045044585
2025-08-01,6650,6650,6120,6260,560574,-0.06427503736920781
2025-08-04,6260,6410,6230,6390,99278,0.02076677316293929
2025-08-05,6420,6490,6340,6410,85591,0.003129890453834161
2025-08-06,6400,6460,6330,6350,88831,-0.009360374414976613
2025-08-07,6350,6410,6330,6380,77885,0.0047244094488188
2025-08-08,6370,6400,6340,6350,116255,-0.00470219435736674
2025-08-11,6400,6400,6300,6340,61134,-0.0015748031496063408
2025-08-12,6360,6400,6340,6370,61795,0.004731861198738141
2025-08-13,6380,6470,6310,6450,126579,0.012558869701726927
2025-08-14,6360,6360,5890,5960,607663,-0.07596899224806197
2025-08-18,5970,6020,5810,5830,243080,-0.021812080536912748
2025-08-19,5830,5880,5750,5820,90515,-0.0017152658662092923
2025-08-20,5770,5800,5680,5760,101132,-0.010309278350515427
2025-08-21,5800,5840,5750,5770,63167,0.0017361111111111605
2025-08-22,5800,5820,5560,5670,137550,-0.017331022530329254
2025-08-25,5740,5750,5560,5610,165284,-0.010582010582010581
2025-08-26,5620,5730,5590,5720,44565,0.019607843137254832
2025-08-27,5680,5720,5620,5720,30454,0.0
2025-08-28,5730,5730,5640,5680,66546,-0.006993006993006978
2025-08-29,5680,5730,5670,5700,38867,0.0035211267605634866
2025-09-01,5700,5700,5590,5610,51242,-0.015789473684210575
2025-09-02,5640,5660,5600,5620,31832,0.0017825311942958333
2025-09-03,5620,5730,5600,5680,40583,0.01067615658362997
2025-09-04,5720,5870,5690,5830,76154,0.02640845070422526
2025-09-05,5850,5900,5820,5870,40771,0.006861063464836947
2025-09-08,5860,5940,5860,5870,53927,0.0
2025-09-09,5930,5930,5870,5890,26044,0.0034071550255536653
2025-09-10,5890,5990,5880,5960,67768,0.011884550084889645
2025-09-11,5960,5990,5920,5980,39640,0.003355704697986628
2025-09-12,6000,6060,5980,6050,91187,0.0117056856187292
2025-09-15,6040,6060,5980,6010,35426,-0.006611570247933907
2025-09-16,6000,6020,5950,6000,41657,-0.0016638935108153063
2025-09-17,6010,6190,5950,6020,41733,0.0033333333333334103
2025-09-18,6000,6040,5940,6000,49921,-0.0033222591362126463
2025-09-19,6000,6040,5930,5970,63656,-0.0050000000000000044
2025-09-22,5970,6060,5950,6050,48928,0.01340033500837512
2025-09-23,6050,6050,5900,5970,78413,-0.013223140495867813
2025-09-24,5920,5950,5850,5910,51087,-0.01005025125628145
2025-09-25,5910,5910,5830,5890,51305,-0.0033840947546531774
2025-09-26,5890,5900,5720,5730,80492,-0.02716468590831922
2025-09-29,5730,5870,5730,5780,70054,0.008726003490401313
2025-09-30,5780,5820,5740,5760,42028,-0.0034602076124568004
2025-10-01,5760,5780,5700,5700,45921,-0.01041666666666663
2025-10-02,5710,5810,5690,5730,54234,0.0052631578947368585
2025-10-10,5760,5900,5710,5810,82414,0.013961605584642323
2025-10-13,5770,5870,5710,5850,45749,0.0068846815834766595
2025-10-14,5820,5880,5660,5770,74443,-0.013675213675213627
2025-10-15,5770,5900,5710,5770,95392,0.0
2025-10-16,5770,5790,5690,5710,88190,-0.010398613518197597
2025-10-17,5710,5740,5670,5680,58453,-0.005253940455341555
2025-10-20,5700,5720,5580,5670,64109,-0.0017605633802817433
2025-10-21,5640,5710,5560,5600,106407,-0.012345679012345734
2025-10-22,5610,5640,5500,5630,51079,0.005357142857142838
2025-10-23,5630,5710,5560,5630,47802,0.0
2025-10-24,5680,5680,5600,5620,46098,-0.001776198934280604
2025-10-27,5620,5650,5580,5600,74106,-0.003558718861209953
2025-10-28,5650,5660,5500,5540,105857,-0.010714285714285676
2025-10-29,5580,5810,5570,5680,163539,0.025270758122743597
2025-10-30,5650,5750,5610,5670,83449,-0.0017605633802817433
2025-10-31,5630,5800,5550,5650,110857,-0.003527336860670194
2025-11-03,5670,5670,5500,5510,105871,-0.024778761061946875
2025-11-04,5510,5600,5470,5550,94910,0.007259528130671544
2025-11-05,5540,5540,5370,5470,102455,-0.014414414414414378
2025-11-06,5460,5550,5420,5530,63502,0.010968921389396646
2025-11-07,5520,5540,5380,5420,87912,-0.019891500904159143
2025-11-10,5390,5700,5390,5650,90532,0.04243542435424352
2025-11-11,5620,5730,5550,5580,65171,-0.012389380530973493
2025-11-12,5580,5720,5580,5630,84538,0.008960573476702427
2025-11-13,5640,5730,5630,5670,92699,0.007104795737122638
2025-11-14,5660,5710,5600,5680,54304,0.0017636684303350414
2025-11-17,5700,5730,5560,5720,64326,0.007042253521126751
2025-11-18,5740,5740,5550,5560,60698,-0.027972027972028024
2025-11-19,5540,5600,5490,5560,75322,0.0
2025-11-20,5560,5730,5560,5690,49328,0.023381294964028854
2025-11-21,5650,5650,5500,5630,42483,-0.010544815465729385
2025-11-24,5600,5770,5590,5770,56522,0.0248667850799289
2025-11-25,5810,5900,5720,5780,76812,0.0017331022530329143
2025-11-26,5730,5820,5730,5820,46418,0.006920415224913601
2025-11-27,5770,5850,5730,5730,23129,-0.015463917525773141
2025-11-28,5760,5800,5700,5760,24429,0.005235602094240788
2025-12-01,5800,5840,5720,5750,42898,-0.0017361111111111605
2025-12-02,5770,5900,5750,5870,62924,0.02086956521739136
2025-12-03,5910,5920,5820,5890,47111,0.0034071550255536653
2025-12-04,5900,5980,5860,5910,74925,0.00339558573853993
2025-12-05,5880,5960,5850,5900,61201,-0.0016920473773265332
2025-12-08,5900,5950,5790,5790,56643,-0.01864406779661021
2025-12-09,5750,5930,5750,5800,39940,0.0017271157167531026
2025-12-10,5800,5910,5760,5860,33065,0.010344827586206806
2025-12-11,5860,5900,5830,5880,30237,0.0034129692832765013
2025-12-12,5880,5890,5790,5880,27575,0.0
2025-12-15,5880,5950,5790,5930,52754,0.008503401360544283
2025-12-16,5930,5950,5850,5890,65652,-0.006745362563237767
2025-12-17,5870,5930,5820,5890,41917,0.0
2025-12-18,5870,5870,5800,5850,53560,-0.006791171477079749
2025-12-19,5850,5900,5800,5880,40879,0.00512820512820511
2025-12-22,5940,5940,5800,5820,88031,-0.010204081632653073
2025-12-23,5810,5870,5740,5780,55270,-0.0068728522336769515
2025-12-24,5780,5800,5700,5770,36546,-0.0017301038062284002
2025-12-26,5770,5790,5700,5740,70097,-0.005199306759098743
2025-12-29,5840,5840,5700,5740,54259,0.0
2025-12-30,5740,5820,5720,5740,28625,0.0
2026-01-02,5740,5740,5610,5660,90833,-0.013937282229965153
2026-01-05,5660,5720,5570,5600,70750,-0.010600706713780883
2026-01-06,5600,5700,5550,5690,65742,0.016071428571428514
2026-01-07,5690,5700,5580,5620,45166,-0.012302284710017597
2026-01-08,5620,5620,5480,5510,61109,-0.019572953736654797
2026-01-09,5510,5590,5470,5560,29160,0.00907441016333932
2026-01-12,5560,5670,5530,5650,42574,0.01618705035971213
2026-01-13,5610,5700,5610,5650,60471,0.0
2026-01-14,5700,5790,5610,5790,94606,0.024778761061946986
2026-01-15,5800,6040,5740,5970,151150,0.031088082901554515
2026-01-16,5960,6150,5960,6050,150414,0.01340033500837512
2026-01-19,6050,6130,5950,6070,78138,0.0033057851239668423
2026-01-20,6050,6130,6040,6120,76332,0.008237232289950658
2026-01-21,6100,6320,6030,6310,174349,0.031045751633986818
2026-01-22,6310,6370,6180,6230,128149,-0.01267828843106178
2026-01-23,6230,6300,6120,6210,89867,-0.0032102728731941976
2026-01-26,6210,6240,6150,6200,76249,-0.0016103059581320522
2026-01-27,6140,6250,6140,6170,67655,-0.004838709677419395
2026-01-28,6210,6260,6110,6120,109196,-0.008103727714748765
2026-01-29,6120,6150,5990,6090,130075,-0.004901960784313708
2026-01-30,6100,6180,6060,6100,95465,0.0016420361247948545
2026-02-02,6010,6220,6000,6030,106269,-0.011475409836065542
2026-02-03,6030,6200,6030,6170,72123,0.023217247097844007
2026-02-04,6170,6310,6130,6280,153406,0.017828200972447306
2026-02-05,6280,6350,6200,6300,104673,0.0031847133757962887
2026-02-06,6300,6300,6100,6210,78420,-0.014285714285714235
2026-02-09,6230,6300,6160,6200,45552,-0.0016103059581320522
2026-02-10,6200,6440,6190,6410,169474,0.03387096774193554
2026-02-11,6410,6470,6320,6360,107980,-0.007800312012480548
2026-02-12,6360,6430,6290,6410,69410,0.007861635220125729
2026-02-13,6400,6470,6320,6370,86793,-0.006240249609984372
2026-02-19,6370,6450,6300,6350,169441,-0.0031397174254317317
2026-02-20,6320,6500,6320,6460,112699,0.017322834645669305
2026-02-23,6500,6570,6450,6530,100479,0.010835913312693402
2026-02-24,6570,7090,6450,7090,714656,0.08575803981623276
