Date,Open,High,Low,Close,Volume,Dividends,Stock Splits
2022-01-03 00:00:00-05:00,84.08000183105469,85.68000030517578,81.87999725341797,84.4000015258789,237100,0.0,0.0
2022-01-04 00:00:00-05:00,84.08999633789062,84.87999725341797,80.23999786376953,83.19000244140625,310000,0.0,0.0
2022-01-05 00:00:00-05:00,83.91999816894531,88.12000274658203,82.73500061035156,83.55999755859375,689300,0.0,0.0
2022-01-06 00:00:00-05:00,82.69000244140625,84.4000015258789,79.37000274658203,79.38999938964844,397600,0.0,0.0
2022-01-07 00:00:00-05:00,79.8499984741211,79.8499984741211,73.66000366210938,73.79000091552734,636800,0.0,0.0
2022-01-10 00:00:00-05:00,71.86000061035156,73.31999969482422,69.08999633789062,73.0999984741211,781400,0.0,0.0
2022-01-11 00:00:00-05:00,73.33999633789062,74.08000183105469,71.22000122070312,72.76000213623047,362100,0.0,0.0
2022-01-12 00:00:00-05:00,72.62999725341797,73.81999969482422,69.83000183105469,71.20999908447266,354300,0.0,0.0
2022-01-13 00:00:00-05:00,71.55000305175781,71.87999725341797,69.34500122070312,69.88999938964844,434600,0.0,0.0
2022-01-14 00:00:00-05:00,69.33999633789062,72.09500122070312,68.19999694824219,72.05000305175781,416500,0.0,0.0
2022-01-18 00:00:00-05:00,70.7300033569336,70.83999633789062,67.62999725341797,67.66999816894531,349900,0.0,0.0
2022-01-19 00:00:00-05:00,67.93000030517578,69.54000091552734,66.33499908447266,66.75,286500,0.0,0.0
2022-01-20 00:00:00-05:00,67.91000366210938,71.02300262451172,67.91000366210938,68.97000122070312,397100,0.0,0.0
2022-01-21 00:00:00-05:00,68.41999816894531,70.50900268554688,67.0199966430664,67.16999816894531,350300,0.0,0.0
2022-01-24 00:00:00-05:00,65.72000122070312,68.19000244140625,63.375,67.95999908447266,463200,0.0,0.0
2022-01-25 00:00:00-05:00,67.01000213623047,70.83000183105469,65.97000122070312,69.06999969482422,336200,0.0,0.0
2022-01-26 00:00:00-05:00,69.75,72.79000091552734,67.61000061035156,68.11000061035156,345400,0.0,0.0
2022-01-27 00:00:00-05:00,68.48999786376953,69.36000061035156,64.27999877929688,64.33000183105469,413400,0.0,0.0
2022-01-28 00:00:00-05:00,64.52999877929688,66.19000244140625,62.369998931884766,66.0,414400,0.0,0.0
2022-01-31 00:00:00-05:00,66.30000305175781,70.13999938964844,66.01000213623047,69.93000030517578,514800,0.0,0.0
2022-02-01 00:00:00-05:00,70.16000366210938,72.04000091552734,68.88999938964844,72.04000091552734,407600,0.0,0.0
2022-02-02 00:00:00-05:00,71.94999694824219,73.0,69.43499755859375,69.91000366210938,315300,0.0,0.0
2022-02-03 00:00:00-05:00,68.38999938964844,71.02999877929688,67.47000122070312,67.61000061035156,359100,0.0,0.0
2022-02-04 00:00:00-05:00,67.37000274658203,69.91000366210938,66.8499984741211,68.62000274658203,373600,0.0,0.0
2022-02-07 00:00:00-05:00,68.62000274658203,71.12000274658203,67.91999816894531,69.79000091552734,247200,0.0,0.0
2022-02-08 00:00:00-05:00,69.12999725341797,70.0199966430664,67.75,69.06999969482422,337100,0.0,0.0
2022-02-09 00:00:00-05:00,70.16000366210938,74.75,68.9000015258789,74.75,382900,0.0,0.0
2022-02-10 00:00:00-05:00,74.12000274658203,75.9800033569336,70.1500015258789,71.4000015258789,533700,0.0,0.0
2022-02-11 00:00:00-05:00,78.56999969482422,79.72000122070312,72.30999755859375,72.91000366210938,989800,0.0,0.0
2022-02-14 00:00:00-05:00,71.94000244140625,73.0999984741211,70.66999816894531,71.25,753500,0.0,0.0
2022-02-15 00:00:00-05:00,72.72000122070312,74.76000213623047,71.25499725341797,73.55000305175781,744800,0.0,0.0
2022-02-16 00:00:00-05:00,72.27999877929688,74.02999877929688,70.55999755859375,71.16999816894531,509300,0.0,0.0
2022-02-17 00:00:00-05:00,70.55000305175781,70.7300033569336,66.40399932861328,67.2300033569336,509800,0.0,0.0
2022-02-18 00:00:00-05:00,67.61000061035156,68.0,65.7300033569336,66.70999908447266,277900,0.0,0.0
2022-02-22 00:00:00-05:00,66.0999984741211,68.01000213623047,66.0999984741211,66.91999816894531,162200,0.0,0.0
2022-02-23 00:00:00-05:00,67.54000091552734,68.2770004272461,64.6500015258789,64.79000091552734,296200,0.0,0.0
2022-02-24 00:00:00-05:00,63.33000183105469,68.05999755859375,63.23500061035156,67.81999969482422,296300,0.0,0.0
2022-02-25 00:00:00-05:00,68.1500015258789,68.1500015258789,65.91500091552734,67.44999694824219,355300,0.0,0.0
2022-02-28 00:00:00-05:00,67.06999969482422,68.7300033569336,65.83999633789062,67.31999969482422,725700,0.0,0.0
2022-03-01 00:00:00-05:00,67.04000091552734,68.81999969482422,66.5,67.37000274658203,253800,0.0,0.0
2022-03-02 00:00:00-05:00,66.62000274658203,68.69999694824219,66.62000274658203,67.41999816894531,437200,0.0,0.0
2022-03-03 00:00:00-05:00,64.55000305175781,65.98999786376953,62.130001068115234,64.08000183105469,668500,0.0,0.0
2022-03-04 00:00:00-05:00,63.06999969482422,64.87999725341797,62.400001525878906,62.779998779296875,252500,0.0,0.0
2022-03-07 00:00:00-05:00,62.86000061035156,64.66999816894531,62.76499938964844,63.0,257700,0.0,0.0
2022-03-08 00:00:00-05:00,63.09000015258789,68.01000213623047,62.33000183105469,66.8499984741211,319800,0.0,0.0
2022-03-09 00:00:00-05:00,67.73999786376953,69.73999786376953,67.37999725341797,67.66000366210938,461400,0.0,0.0
2022-03-10 00:00:00-05:00,67.05000305175781,67.73999786376953,66.12000274658203,67.5199966430664,243700,0.0,0.0
2022-03-11 00:00:00-05:00,67.69999694824219,68.81999969482422,65.29000091552734,65.41000366210938,282100,0.0,0.0
2022-03-14 00:00:00-04:00,65.26000213623047,68.51000213623047,61.20500183105469,62.20000076293945,464300,0.0,0.0
2022-03-15 00:00:00-04:00,62.81999969482422,63.689998626708984,61.959999084472656,63.689998626708984,203600,0.0,0.0
2022-03-16 00:00:00-04:00,66.51000213623047,67.98999786376953,65.01000213623047,67.76000213623047,490000,0.0,0.0
2022-03-17 00:00:00-04:00,67.80000305175781,69.23999786376953,67.4800033569336,68.86000061035156,518200,0.0,0.0
2022-03-18 00:00:00-04:00,68.27999877929688,69.91999816894531,67.97000122070312,69.77999877929688,681800,0.0,0.0
2022-03-21 00:00:00-04:00,68.88999938964844,70.0,66.19000244140625,68.77999877929688,269800,0.0,0.0
2022-03-22 00:00:00-04:00,68.58000183105469,71.5,68.58000183105469,70.77999877929688,443400,0.0,0.0
2022-03-23 00:00:00-04:00,70.54000091552734,70.7699966430664,67.13999938964844,68.7699966430664,421800,0.0,0.0
2022-03-24 00:00:00-04:00,69.51000213623047,69.73999786376953,68.11000061035156,69.12000274658203,207700,0.0,0.0
2022-03-25 00:00:00-04:00,69.29000091552734,69.3499984741211,67.69000244140625,68.87000274658203,239100,0.0,0.0
2022-03-28 00:00:00-04:00,69.0999984741211,69.80999755859375,66.36000061035156,67.97000122070312,228000,0.0,0.0
2022-03-29 00:00:00-04:00,68.66999816894531,71.55999755859375,68.66999816894531,71.48999786376953,543100,0.0,0.0
2022-03-30 00:00:00-04:00,71.29000091552734,73.62000274658203,70.04499816894531,71.36000061035156,403000,0.0,0.0
2022-03-31 00:00:00-04:00,71.44000244140625,73.30000305175781,71.11000061035156,72.62000274658203,425100,0.0,0.0
2022-04-01 00:00:00-04:00,72.63999938964844,77.48999786376953,72.47000122070312,77.37000274658203,618600,0.0,0.0
2022-04-04 00:00:00-04:00,78.0199966430664,79.94499969482422,77.18000030517578,78.1500015258789,529100,0.0,0.0
2022-04-05 00:00:00-04:00,78.37999725341797,81.0,76.78500366210938,80.69999694824219,622200,0.0,0.0
2022-04-06 00:00:00-04:00,79.5199966430664,84.0250015258789,79.13999938964844,82.8499984741211,574600,0.0,0.0
2022-04-07 00:00:00-04:00,82.2699966430664,84.0,81.75,82.16000366210938,501100,0.0,0.0
2022-04-08 00:00:00-04:00,82.05000305175781,83.54900360107422,80.86000061035156,81.88999938964844,462900,0.0,0.0
2022-04-11 00:00:00-04:00,80.8499984741211,80.86000061035156,77.28800201416016,79.2699966430664,562000,0.0,0.0
2022-04-12 00:00:00-04:00,80.2300033569336,82.25,79.77999877929688,80.83999633789062,453800,0.0,0.0
2022-04-13 00:00:00-04:00,80.88999938964844,84.69000244140625,80.5,84.58000183105469,441500,0.0,0.0
2022-04-14 00:00:00-04:00,84.70999908447266,85.52999877929688,83.38500213623047,85.4000015258789,611600,0.0,0.0
2022-04-18 00:00:00-04:00,84.55000305175781,84.55999755859375,78.19000244140625,78.44000244140625,812600,0.0,0.0
2022-04-19 00:00:00-04:00,78.25,80.3949966430664,77.80000305175781,78.0999984741211,398000,0.0,0.0
2022-04-20 00:00:00-04:00,78.66999816894531,79.56999969482422,76.20999908447266,78.72000122070312,341300,0.0,0.0
2022-04-21 00:00:00-04:00,79.38999938964844,79.9800033569336,74.86000061035156,75.22000122070312,402500,0.0,0.0
2022-04-22 00:00:00-04:00,74.83999633789062,77.08000183105469,73.77999877929688,75.05999755859375,266200,0.0,0.0
2022-04-25 00:00:00-04:00,75.19000244140625,76.38999938964844,74.2300033569336,75.66000366210938,253000,0.0,0.0
2022-04-26 00:00:00-04:00,74.94999694824219,76.08000183105469,70.73999786376953,70.73999786376953,357400,0.0,0.0
2022-04-27 00:00:00-04:00,70.73999786376953,71.5250015258789,69.28500366210938,70.9800033569336,427400,0.0,0.0
2022-04-28 00:00:00-04:00,72.12000274658203,72.23999786376953,67.34500122070312,71.16999816894531,673400,0.0,0.0
2022-04-29 00:00:00-04:00,70.98999786376953,72.37000274658203,70.37999725341797,70.69000244140625,417000,0.0,0.0
2022-05-02 00:00:00-04:00,70.33000183105469,72.3499984741211,69.20999908447266,72.29000091552734,364500,0.0,0.0
2022-05-03 00:00:00-04:00,72.1500015258789,73.38999938964844,71.0,71.47000122070312,179300,0.0,0.0
2022-05-04 00:00:00-04:00,71.80000305175781,71.80000305175781,67.97000122070312,70.93000030517578,360400,0.0,0.0
2022-05-05 00:00:00-04:00,69.76000213623047,70.66000366210938,65.0,66.43000030517578,405400,0.0,0.0
2022-05-06 00:00:00-04:00,63.5,66.9800033569336,56.5880012512207,57.540000915527344,966300,0.0,0.0
2022-05-09 00:00:00-04:00,55.880001068115234,56.70000076293945,50.98099899291992,51.79999923706055,723500,0.0,0.0
2022-05-10 00:00:00-04:00,54.43000030517578,57.04999923706055,51.95000076293945,53.560001373291016,565900,0.0,0.0
2022-05-11 00:00:00-04:00,52.40999984741211,54.709999084472656,50.290000915527344,50.880001068115234,524100,0.0,0.0
2022-05-12 00:00:00-04:00,50.06999969482422,52.04999923706055,49.2400016784668,50.41999816894531,1054900,0.0,0.0
2022-05-13 00:00:00-04:00,51.0099983215332,53.16999816894531,51.0099983215332,51.470001220703125,1269900,0.0,0.0
2022-05-16 00:00:00-04:00,51.36000061035156,55.83000183105469,50.86000061035156,55.2599983215332,782000,0.0,0.0
2022-05-17 00:00:00-04:00,56.279998779296875,56.84000015258789,53.560001373291016,54.349998474121094,521300,0.0,0.0
2022-05-18 00:00:00-04:00,52.63999938964844,54.15999984741211,47.689998626708984,47.70000076293945,946800,0.0,0.0
2022-05-19 00:00:00-04:00,47.310001373291016,48.34000015258789,46.13999938964844,47.0,919800,0.0,0.0
2022-05-20 00:00:00-04:00,47.810001373291016,49.130001068115234,46.02000045776367,48.54999923706055,1018900,0.0,0.0
2022-05-23 00:00:00-04:00,48.900001525878906,50.2599983215332,47.099998474121094,47.939998626708984,433500,0.0,0.0
2022-05-24 00:00:00-04:00,47.43000030517578,47.849998474121094,45.52000045776367,45.79999923706055,443800,0.0,0.0
2022-05-25 00:00:00-04:00,45.56999969482422,46.70000076293945,45.20000076293945,45.91999816894531,463000,0.0,0.0
2022-05-26 00:00:00-04:00,46.099998474121094,46.959999084472656,45.58000183105469,45.84000015258789,966200,0.0,0.0
2022-05-27 00:00:00-04:00,45.849998474121094,48.68000030517578,45.29999923706055,48.63999938964844,494400,0.0,0.0
2022-05-31 00:00:00-04:00,48.41999816894531,48.75,45.939998626708984,46.900001525878906,587600,0.0,0.0
2022-06-01 00:00:00-04:00,47.27000045776367,48.09000015258789,45.40999984741211,46.13999938964844,560900,0.0,0.0
2022-06-02 00:00:00-04:00,46.040000915527344,50.34000015258789,45.70000076293945,49.959999084472656,599200,0.0,0.0
2022-06-03 00:00:00-04:00,49.54999923706055,51.77000045776367,49.08000183105469,51.40999984741211,602600,0.0,0.0
2022-06-06 00:00:00-04:00,52.029998779296875,52.584999084472656,48.83000183105469,49.2599983215332,570300,0.0,0.0
2022-06-07 00:00:00-04:00,48.91999816894531,53.2400016784668,48.79499816894531,53.22999954223633,402300,0.0,0.0
2022-06-08 00:00:00-04:00,52.79999923706055,55.18000030517578,52.470001220703125,54.38999938964844,469300,0.0,0.0
2022-06-09 00:00:00-04:00,53.5099983215332,53.790000915527344,50.95000076293945,51.09000015258789,375200,0.0,0.0
2022-06-10 00:00:00-04:00,50.220001220703125,50.345001220703125,48.970001220703125,49.880001068115234,350700,0.0,0.0
2022-06-13 00:00:00-04:00,48.09000015258789,48.78499984741211,46.30500030517578,47.68000030517578,602300,0.0,0.0
2022-06-14 00:00:00-04:00,48.099998474121094,48.279998779296875,46.52000045776367,47.40999984741211,478600,0.0,0.0
2022-06-15 00:00:00-04:00,47.59000015258789,51.33000183105469,47.13999938964844,50.709999084472656,738100,0.0,0.0
2022-06-16 00:00:00-04:00,49.43000030517578,50.10499954223633,48.119998931884766,50.02000045776367,441600,0.0,0.0
2022-06-17 00:00:00-04:00,50.15999984741211,55.09000015258789,50.15999984741211,53.290000915527344,1418700,0.0,0.0
2022-06-21 00:00:00-04:00,53.97999954223633,56.540000915527344,53.45000076293945,55.56999969482422,672500,0.0,0.0
2022-06-22 00:00:00-04:00,54.779998779296875,58.0,54.119998931884766,56.119998931884766,390900,0.0,0.0
2022-06-23 00:00:00-04:00,56.099998474121094,60.09000015258789,56.08000183105469,59.9900016784668,396200,0.0,0.0
2022-06-24 00:00:00-04:00,60.689998626708984,60.689998626708984,57.189998626708984,60.56999969482422,653300,0.0,0.0
2022-06-27 00:00:00-04:00,60.77000045776367,61.70500183105469,58.619998931884766,61.18000030517578,491300,0.0,0.0
2022-06-28 00:00:00-04:00,61.47999954223633,61.95000076293945,58.4900016784668,58.72999954223633,369800,0.0,0.0
2022-06-29 00:00:00-04:00,58.459999084472656,60.279998779296875,57.45000076293945,60.2400016784668,306600,0.0,0.0
2022-06-30 00:00:00-04:00,59.40999984741211,60.2400016784668,58.13999938964844,59.65999984741211,656600,0.0,0.0
2022-07-01 00:00:00-04:00,59.84000015258789,63.279998779296875,58.64500045776367,62.650001525878906,455300,0.0,0.0
2022-07-05 00:00:00-04:00,61.95000076293945,64.6050033569336,61.36000061035156,63.79999923706055,553100,0.0,0.0
2022-07-06 00:00:00-04:00,63.72999954223633,66.05999755859375,63.040000915527344,63.380001068115234,636200,0.0,0.0
2022-07-07 00:00:00-04:00,62.970001220703125,64.7699966430664,62.90999984741211,63.83000183105469,552900,0.0,0.0
2022-07-08 00:00:00-04:00,63.13999938964844,66.33999633789062,62.970001220703125,66.13999938964844,447800,0.0,0.0
2022-07-11 00:00:00-04:00,65.7699966430664,67.37000274658203,65.0,65.87000274658203,661200,0.0,0.0
2022-07-12 00:00:00-04:00,65.93000030517578,66.20999908447266,63.099998474121094,65.86000061035156,477400,0.0,0.0
2022-07-13 00:00:00-04:00,64.38999938964844,68.68000030517578,62.939998626708984,65.83000183105469,341700,0.0,0.0
2022-07-14 00:00:00-04:00,66.01000213623047,67.16000366210938,64.56999969482422,64.56999969482422,504800,0.0,0.0
2022-07-15 00:00:00-04:00,64.56999969482422,66.73999786376953,63.599998474121094,64.75,562800,0.0,0.0
2022-07-18 00:00:00-04:00,64.91000366210938,66.29000091552734,60.93000030517578,61.02000045776367,505800,0.0,0.0
2022-07-19 00:00:00-04:00,55.959999084472656,55.959999084472656,49.099998474121094,52.88999938964844,4754000,0.0,0.0
2022-07-20 00:00:00-04:00,52.369998931884766,55.0,52.06100082397461,54.72999954223633,1203100,0.0,0.0
2022-07-21 00:00:00-04:00,55.119998931884766,55.290000915527344,53.97999954223633,54.220001220703125,818900,0.0,0.0
2022-07-22 00:00:00-04:00,54.4900016784668,54.869998931884766,51.400001525878906,51.4900016784668,792500,0.0,0.0
2022-07-25 00:00:00-04:00,51.16999816894531,52.005001068115234,50.09000015258789,50.93000030517578,557500,0.0,0.0
2022-07-26 00:00:00-04:00,50.849998474121094,51.2400016784668,49.29999923706055,50.15999984741211,932800,0.0,0.0
2022-07-27 00:00:00-04:00,50.29999923706055,50.95000076293945,49.67499923706055,50.810001373291016,646600,0.0,0.0
2022-07-28 00:00:00-04:00,51.279998779296875,52.93000030517578,49.970001220703125,51.880001068115234,502200,0.0,0.0
2022-07-29 00:00:00-04:00,51.5,54.63999938964844,51.380001068115234,53.279998779296875,862100,0.0,0.0
2022-08-01 00:00:00-04:00,51.75,52.42499923706055,49.79999923706055,50.630001068115234,849500,0.0,0.0
2022-08-02 00:00:00-04:00,50.560001373291016,52.13999938964844,50.47999954223633,51.279998779296875,406600,0.0,0.0
2022-08-03 00:00:00-04:00,51.810001373291016,55.275001525878906,51.810001373291016,53.599998474121094,364100,0.0,0.0
2022-08-04 00:00:00-04:00,54.27000045776367,55.970001220703125,54.130001068115234,55.77000045776367,462400,0.0,0.0
2022-08-05 00:00:00-04:00,54.5,56.41999816894531,54.290000915527344,55.599998474121094,677700,0.0,0.0
2022-08-08 00:00:00-04:00,55.41999816894531,56.130001068115234,51.25,52.630001068115234,845600,0.0,0.0
2022-08-09 00:00:00-04:00,52.0,52.349998474121094,50.36000061035156,51.369998931884766,622300,0.0,0.0
2022-08-10 00:00:00-04:00,52.349998474121094,52.58000183105469,51.02000045776367,52.15999984741211,578800,0.0,0.0
2022-08-11 00:00:00-04:00,52.06999969482422,52.81999969482422,50.59000015258789,51.25,744400,0.0,0.0
2022-08-12 00:00:00-04:00,51.560001373291016,52.36000061035156,50.98500061035156,51.56999969482422,595800,0.0,0.0
2022-08-15 00:00:00-04:00,51.439998626708984,51.70000076293945,49.72999954223633,51.20000076293945,1206000,0.0,0.0
2022-08-16 00:00:00-04:00,50.97999954223633,50.97999954223633,49.0,49.310001373291016,1028100,0.0,0.0
2022-08-17 00:00:00-04:00,48.77000045776367,49.29999923706055,47.16999816894531,47.25,759600,0.0,0.0
2022-08-18 00:00:00-04:00,47.0099983215332,48.66999816894531,46.33000183105469,48.66999816894531,1505300,0.0,0.0
2022-08-19 00:00:00-04:00,48.61000061035156,49.08000183105469,47.560001373291016,49.029998779296875,430400,0.0,0.0
2022-08-22 00:00:00-04:00,48.529998779296875,50.689998626708984,47.93000030517578,48.150001525878906,522700,0.0,0.0
2022-08-23 00:00:00-04:00,48.380001068115234,48.880001068115234,47.34000015258789,48.689998626708984,411100,0.0,0.0
2022-08-24 00:00:00-04:00,48.880001068115234,53.56999969482422,48.880001068115234,52.08000183105469,891700,0.0,0.0
2022-08-25 00:00:00-04:00,52.279998779296875,53.36000061035156,51.10499954223633,51.459999084472656,580100,0.0,0.0
2022-08-26 00:00:00-04:00,51.599998474121094,51.880001068115234,49.32500076293945,49.5,511200,0.0,0.0
2022-08-29 00:00:00-04:00,48.66999816894531,50.125,48.66999816894531,49.11000061035156,577700,0.0,0.0
2022-08-30 00:00:00-04:00,49.959999084472656,50.27000045776367,48.323001861572266,49.119998931884766,656700,0.0,0.0
2022-08-31 00:00:00-04:00,49.70000076293945,50.29499816894531,47.06999969482422,47.689998626708984,842600,0.0,0.0
2022-09-01 00:00:00-04:00,47.689998626708984,48.47999954223633,46.7599983215332,48.470001220703125,516800,0.0,0.0
2022-09-02 00:00:00-04:00,49.220001220703125,49.970001220703125,47.52000045776367,47.75,368500,0.0,0.0
2022-09-06 00:00:00-04:00,47.650001525878906,47.8650016784668,46.59000015258789,47.0,420100,0.0,0.0
2022-09-07 00:00:00-04:00,46.959999084472656,47.79999923706055,46.2599983215332,47.0,926900,0.0,0.0
2022-09-08 00:00:00-04:00,46.83000183105469,48.20000076293945,46.79999923706055,47.72999954223633,505400,0.0,0.0
2022-09-09 00:00:00-04:00,47.939998626708984,49.25,47.41999816894531,49.2400016784668,693700,0.0,0.0
2022-09-12 00:00:00-04:00,49.470001220703125,49.97999954223633,48.369998931884766,48.779998779296875,366400,0.0,0.0
2022-09-13 00:00:00-04:00,47.630001068115234,47.75,45.54999923706055,45.810001373291016,703100,0.0,0.0
2022-09-14 00:00:00-04:00,45.91999816894531,46.439998626708984,44.755001068115234,45.27000045776367,615400,0.0,0.0
2022-09-15 00:00:00-04:00,45.099998474121094,47.529998779296875,45.099998474121094,47.279998779296875,686000,0.0,0.0
2022-09-16 00:00:00-04:00,46.779998779296875,46.82500076293945,45.5,46.029998779296875,1055100,0.0,0.0
2022-09-19 00:00:00-04:00,45.84000015258789,46.470001220703125,44.970001220703125,45.790000915527344,502100,0.0,0.0
2022-09-20 00:00:00-04:00,45.41999816894531,46.40999984741211,44.880001068115234,45.310001373291016,344400,0.0,0.0
2022-09-21 00:00:00-04:00,45.36000061035156,45.939998626708984,44.018001556396484,44.08000183105469,454200,0.0,0.0
2022-09-22 00:00:00-04:00,43.7599983215332,43.90999984741211,42.689998626708984,43.13999938964844,419800,0.0,0.0
2022-09-23 00:00:00-04:00,42.72999954223633,43.244998931884766,40.84000015258789,41.5,555700,0.0,0.0
2022-09-26 00:00:00-04:00,41.38999938964844,42.29999923706055,39.75,39.959999084472656,586700,0.0,0.0
2022-09-27 00:00:00-04:00,40.619998931884766,42.06999969482422,39.97999954223633,40.290000915527344,657500,0.0,0.0
2022-09-28 00:00:00-04:00,41.2400016784668,41.63999938964844,40.560001373291016,41.27000045776367,732600,0.0,0.0
2022-09-29 00:00:00-04:00,40.900001525878906,41.06999969482422,39.54999923706055,40.54999923706055,519500,0.0,0.0
2022-09-30 00:00:00-04:00,40.65999984741211,43.0,40.65999984741211,41.40999984741211,903000,0.0,0.0
2022-10-03 00:00:00-04:00,42.16999816894531,42.279998779296875,40.88999938964844,41.93000030517578,805200,0.0,0.0
2022-10-04 00:00:00-04:00,42.790000915527344,43.380001068115234,42.08000183105469,42.65999984741211,899500,0.0,0.0
2022-10-05 00:00:00-04:00,42.20000076293945,42.38999938964844,40.529998779296875,40.540000915527344,814700,0.0,0.0
2022-10-06 00:00:00-04:00,40.22999954223633,40.63999938964844,39.81999969482422,39.939998626708984,1351700,0.0,0.0
2022-10-07 00:00:00-04:00,39.150001525878906,39.79999923706055,37.625,37.93000030517578,1030000,0.0,0.0
2022-10-10 00:00:00-04:00,37.720001220703125,38.505001068115234,37.040000915527344,37.189998626708984,1041200,0.0,0.0
2022-10-11 00:00:00-04:00,37.060001373291016,39.02000045776367,36.86000061035156,37.459999084472656,1249100,0.0,0.0
2022-10-12 00:00:00-04:00,37.68000030517578,38.790000915527344,36.90999984741211,38.470001220703125,590000,0.0,0.0
2022-10-13 00:00:00-04:00,38.220001220703125,40.130001068115234,38.04499816894531,39.650001525878906,941900,0.0,0.0
2022-10-14 00:00:00-04:00,40.15999984741211,40.720001220703125,37.0,37.060001373291016,953800,0.0,0.0
2022-10-17 00:00:00-04:00,37.470001220703125,38.529998779296875,36.70000076293945,38.29999923706055,726300,0.0,0.0
2022-10-18 00:00:00-04:00,38.86000061035156,40.400001525878906,38.650001525878906,39.45000076293945,706700,0.0,0.0
2022-10-19 00:00:00-04:00,38.869998931884766,39.33000183105469,37.849998474121094,37.97999954223633,917800,0.0,0.0
2022-10-20 00:00:00-04:00,38.099998474121094,39.05500030517578,37.279998779296875,37.810001373291016,663800,0.0,0.0
2022-10-21 00:00:00-04:00,37.75,38.720001220703125,37.11000061035156,38.4900016784668,1618900,0.0,0.0
2022-10-24 00:00:00-04:00,38.52000045776367,38.52000045776367,36.66999816894531,37.13999938964844,599300,0.0,0.0
2022-10-25 00:00:00-04:00,37.47999954223633,39.650001525878906,37.47999954223633,39.38999938964844,607400,0.0,0.0
2022-10-26 00:00:00-04:00,39.349998474121094,41.310001373291016,39.10499954223633,39.970001220703125,537600,0.0,0.0
2022-10-27 00:00:00-04:00,40.40999984741211,40.68000030517578,39.0099983215332,39.33000183105469,493400,0.0,0.0
2022-10-28 00:00:00-04:00,39.33000183105469,40.959999084472656,38.58000183105469,40.7599983215332,406200,0.0,0.0
2022-10-31 00:00:00-04:00,40.40999984741211,41.470001220703125,40.36000061035156,40.459999084472656,577000,0.0,0.0
2022-11-01 00:00:00-04:00,40.95000076293945,42.06999969482422,40.279998779296875,41.93000030517578,518600,0.0,0.0
2022-11-02 00:00:00-04:00,42.29999923706055,42.79999923706055,40.529998779296875,40.59000015258789,491700,0.0,0.0
2022-11-03 00:00:00-04:00,40.689998626708984,41.97999954223633,36.66999816894531,38.16999816894531,732100,0.0,0.0
2022-11-04 00:00:00-04:00,38.709999084472656,38.709999084472656,35.06999969482422,35.27000045776367,1020300,0.0,0.0
2022-11-07 00:00:00-05:00,35.5,36.3650016784668,34.83100128173828,35.06999969482422,631800,0.0,0.0
2022-11-08 00:00:00-05:00,35.27000045776367,36.59000015258789,34.279998779296875,34.7400016784668,570100,0.0,0.0
2022-11-09 00:00:00-05:00,34.33000183105469,34.5099983215332,33.619998931884766,33.720001220703125,809900,0.0,0.0
2022-11-10 00:00:00-05:00,35.599998474121094,37.599998474121094,34.9900016784668,37.58000183105469,1782900,0.0,0.0
2022-11-11 00:00:00-05:00,36.720001220703125,37.77000045776367,35.380001068115234,36.54999923706055,1113400,0.0,0.0
2022-11-14 00:00:00-05:00,36.7599983215332,37.6619987487793,35.20000076293945,35.25,838800,0.0,0.0
2022-11-15 00:00:00-05:00,36.29999923706055,36.810001373291016,34.89500045776367,35.459999084472656,769700,0.0,0.0
2022-11-16 00:00:00-05:00,35.459999084472656,35.810001373291016,34.22999954223633,35.220001220703125,717600,0.0,0.0
2022-11-17 00:00:00-05:00,34.599998474121094,35.18000030517578,34.0,35.119998931884766,612700,0.0,0.0
2022-11-18 00:00:00-05:00,35.81999969482422,36.290000915527344,35.630001068115234,35.9900016784668,878500,0.0,0.0
2022-11-21 00:00:00-05:00,36.0099983215332,36.150001525878906,34.31999969482422,34.369998931884766,832600,0.0,0.0
2022-11-22 00:00:00-05:00,34.13999938964844,34.82500076293945,33.36000061035156,34.650001525878906,667700,0.0,0.0
2022-11-23 00:00:00-05:00,34.83000183105469,35.86000061035156,34.099998474121094,34.59000015258789,597400,0.0,0.0
2022-11-25 00:00:00-05:00,34.650001525878906,36.84000015258789,34.54999923706055,35.720001220703125,532900,0.0,0.0
2022-11-28 00:00:00-05:00,35.689998626708984,36.33000183105469,35.18000030517578,35.400001525878906,675200,0.0,0.0
2022-11-29 00:00:00-05:00,35.400001525878906,36.13999938964844,34.779998779296875,35.66999816894531,572300,0.0,0.0
2022-11-30 00:00:00-05:00,36.13999938964844,36.79999923706055,35.22999954223633,36.29999923706055,1647200,0.0,0.0
2022-12-01 00:00:00-05:00,36.56999969482422,37.880001068115234,36.3849983215332,37.810001373291016,1556400,0.0,0.0
2022-12-02 00:00:00-05:00,37.380001068115234,40.220001220703125,36.505001068115234,40.16999816894531,1429900,0.0,0.0
2022-12-05 00:00:00-05:00,40.04999923706055,40.45000076293945,39.22999954223633,39.83000183105469,602600,0.0,0.0
2022-12-06 00:00:00-05:00,39.56999969482422,39.709999084472656,38.5099983215332,39.220001220703125,600400,0.0,0.0
2022-12-07 00:00:00-05:00,39.06999969482422,40.56999969482422,38.95500183105469,39.5099983215332,884300,0.0,0.0
2022-12-08 00:00:00-05:00,39.83000183105469,41.83000183105469,39.040000915527344,41.209999084472656,511000,0.0,0.0
2022-12-09 00:00:00-05:00,41.0099983215332,41.09000015258789,40.20199966430664,40.650001525878906,706400,0.0,0.0
2022-12-12 00:00:00-05:00,40.91999816894531,43.01499938964844,40.130001068115234,42.779998779296875,889800,0.0,0.0
2022-12-13 00:00:00-05:00,43.540000915527344,45.2599983215332,43.16999816894531,44.93000030517578,883100,0.0,0.0
2022-12-14 00:00:00-05:00,44.93000030517578,46.16999816894531,44.314998626708984,45.459999084472656,860000,0.0,0.0
2022-12-15 00:00:00-05:00,45.02000045776367,45.862998962402344,44.5,45.56999969482422,687200,0.0,0.0
2022-12-16 00:00:00-05:00,45.119998931884766,46.22999954223633,44.20000076293945,45.630001068115234,1110800,0.0,0.0
2022-12-19 00:00:00-05:00,45.43000030517578,45.66999816894531,41.560001373291016,41.70000076293945,902000,0.0,0.0
2022-12-20 00:00:00-05:00,41.130001068115234,44.08000183105469,41.130001068115234,43.900001525878906,797000,0.0,0.0
2022-12-21 00:00:00-05:00,43.959999084472656,46.04999923706055,43.58000183105469,44.11000061035156,605100,0.0,0.0
2022-12-22 00:00:00-05:00,43.56999969482422,45.560001373291016,43.56999969482422,44.79999923706055,487700,0.0,0.0
2022-12-23 00:00:00-05:00,44.54999923706055,44.54999923706055,42.7400016784668,43.52000045776367,686800,0.0,0.0
2022-12-27 00:00:00-05:00,43.54999923706055,43.724998474121094,42.709999084472656,42.869998931884766,505800,0.0,0.0
2022-12-28 00:00:00-05:00,42.84000015258789,43.970001220703125,42.459999084472656,43.52000045776367,495300,0.0,0.0
2022-12-29 00:00:00-05:00,43.88999938964844,46.369998931884766,43.685001373291016,45.16999816894531,549400,0.0,0.0
2022-12-30 00:00:00-05:00,45.08000183105469,46.5099983215332,44.5,46.33000183105469,553300,0.0,0.0
2023-01-03 00:00:00-05:00,46.41999816894531,47.47999954223633,45.20000076293945,45.52000045776367,679200,0.0,0.0
2023-01-04 00:00:00-05:00,45.84000015258789,48.380001068115234,45.84000015258789,47.439998626708984,583500,0.0,0.0
2023-01-05 00:00:00-05:00,47.11000061035156,47.56999969482422,46.54999923706055,47.22999954223633,594300,0.0,0.0
2023-01-06 00:00:00-05:00,47.34000015258789,47.63999938964844,46.19499969482422,46.65999984741211,436500,0.0,0.0
2023-01-09 00:00:00-05:00,46.5,46.5,40.53499984741211,40.599998474121094,1271200,0.0,0.0
2023-01-10 00:00:00-05:00,40.310001373291016,43.5099983215332,39.16999816894531,43.45000076293945,977900,0.0,0.0
2023-01-11 00:00:00-05:00,43.540000915527344,43.540000915527344,40.709999084472656,41.720001220703125,614000,0.0,0.0
2023-01-12 00:00:00-05:00,41.7400016784668,43.20000076293945,40.71500015258789,43.189998626708984,741700,0.0,0.0
2023-01-13 00:00:00-05:00,43.0,45.0099983215332,41.0,43.54999923706055,700200,0.0,0.0
2023-01-17 00:00:00-05:00,43.63999938964844,44.599998474121094,42.36000061035156,42.5,536100,0.0,0.0
2023-01-18 00:00:00-05:00,43.459999084472656,44.75,41.904998779296875,42.619998931884766,625300,0.0,0.0
2023-01-19 00:00:00-05:00,42.439998626708984,42.93000030517578,41.38999938964844,41.5,565900,0.0,0.0
2023-01-20 00:00:00-05:00,41.599998474121094,42.619998931884766,41.22999954223633,42.400001525878906,1057400,0.0,0.0
2023-01-23 00:00:00-05:00,42.310001373291016,42.900001525878906,41.90999984741211,42.810001373291016,936000,0.0,0.0
2023-01-24 00:00:00-05:00,42.84000015258789,43.56999969482422,42.5099983215332,43.4900016784668,528500,0.0,0.0
2023-01-25 00:00:00-05:00,43.310001373291016,43.880001068115234,42.41999816894531,43.400001525878906,617000,0.0,0.0
2023-01-26 00:00:00-05:00,43.70000076293945,44.349998474121094,43.099998474121094,44.13999938964844,623400,0.0,0.0
2023-01-27 00:00:00-05:00,44.220001220703125,44.974998474121094,43.65999984741211,43.720001220703125,449700,0.0,0.0
2023-01-30 00:00:00-05:00,43.349998474121094,43.619998931884766,42.720001220703125,42.97999954223633,623700,0.0,0.0
2023-01-31 00:00:00-05:00,43.22999954223633,45.34000015258789,43.22999954223633,45.33000183105469,603700,0.0,0.0
2023-02-01 00:00:00-05:00,45.2599983215332,45.7400016784668,44.08000183105469,45.2400016784668,529100,0.0,0.0
2023-02-02 00:00:00-05:00,45.91999816894531,47.95000076293945,45.7400016784668,47.34000015258789,809100,0.0,0.0
2023-02-03 00:00:00-05:00,46.65999984741211,47.40999984741211,45.65999984741211,45.72999954223633,378500,0.0,0.0
2023-02-06 00:00:00-05:00,45.439998626708984,46.78900146484375,45.11000061035156,45.939998626708984,424400,0.0,0.0
2023-02-07 00:00:00-05:00,45.939998626708984,47.81999969482422,44.83000183105469,47.63999938964844,736800,0.0,0.0
2023-02-08 00:00:00-05:00,47.650001525878906,47.650001525878906,45.41999816894531,45.47999954223633,513200,0.0,0.0
2023-02-09 00:00:00-05:00,45.689998626708984,46.474998474121094,44.849998474121094,45.369998931884766,516400,0.0,0.0
2023-02-10 00:00:00-05:00,45.029998779296875,45.029998779296875,43.52000045776367,44.0,458100,0.0,0.0
2023-02-13 00:00:00-05:00,44.13999938964844,44.619998931884766,43.505001068115234,43.810001373291016,445500,0.0,0.0
2023-02-14 00:00:00-05:00,43.79999923706055,44.665000915527344,42.36000061035156,43.25,408700,0.0,0.0
2023-02-15 00:00:00-05:00,43.11000061035156,44.290000915527344,42.2599983215332,44.209999084472656,511600,0.0,0.0
2023-02-16 00:00:00-05:00,44.27000045776367,44.7599983215332,43.34000015258789,44.27000045776367,473100,0.0,0.0
2023-02-17 00:00:00-05:00,47.59000015258789,49.310001373291016,45.189998626708984,48.709999084472656,812500,0.0,0.0
2023-02-21 00:00:00-05:00,48.0,48.849998474121094,44.34000015258789,45.5,851900,0.0,0.0
2023-02-22 00:00:00-05:00,45.77000045776367,46.880001068115234,45.45000076293945,46.15999984741211,542500,0.0,0.0
2023-02-23 00:00:00-05:00,46.279998779296875,47.349998474121094,44.0,44.439998626708984,489800,0.0,0.0
2023-02-24 00:00:00-05:00,43.70000076293945,44.459999084472656,43.14500045776367,43.75,371000,0.0,0.0
2023-02-27 00:00:00-05:00,44.130001068115234,44.310001373291016,43.06999969482422,43.459999084472656,280700,0.0,0.0
2023-02-28 00:00:00-05:00,43.400001525878906,45.0,43.400001525878906,44.4900016784668,638500,0.0,0.0
2023-03-01 00:00:00-05:00,44.75,46.06999969482422,44.689998626708984,45.650001525878906,350900,0.0,0.0
2023-03-02 00:00:00-05:00,45.25,45.56999969482422,44.349998474121094,45.04999923706055,543800,0.0,0.0
2023-03-03 00:00:00-05:00,42.380001068115234,45.7599983215332,42.0,45.70000076293945,812400,0.0,0.0
2023-03-06 00:00:00-05:00,45.369998931884766,45.5099983215332,43.61000061035156,44.15999984741211,475100,0.0,0.0
2023-03-07 00:00:00-05:00,44.029998779296875,44.11000061035156,42.650001525878906,42.65999984741211,378900,0.0,0.0
2023-03-08 00:00:00-05:00,42.66999816894531,42.720001220703125,42.04999923706055,42.4900016784668,403900,0.0,0.0
2023-03-09 00:00:00-05:00,42.779998779296875,42.95000076293945,39.650001525878906,39.91999816894531,659900,0.0,0.0
2023-03-10 00:00:00-05:00,39.900001525878906,39.900001525878906,37.77000045776367,38.7599983215332,919400,0.0,0.0
2023-03-13 00:00:00-04:00,38.400001525878906,41.220001220703125,38.349998474121094,40.880001068115234,773300,0.0,0.0
2023-03-14 00:00:00-04:00,41.70000076293945,42.04999923706055,39.79999923706055,40.560001373291016,533100,0.0,0.0
2023-03-15 00:00:00-04:00,40.18000030517578,40.810001373291016,39.77399826049805,40.72999954223633,347300,0.0,0.0
2023-03-16 00:00:00-04:00,40.459999084472656,40.81999969482422,38.7599983215332,40.220001220703125,447300,0.0,0.0
2023-03-17 00:00:00-04:00,40.09000015258789,40.09000015258789,38.40999984741211,38.529998779296875,708200,0.0,0.0
2023-03-20 00:00:00-04:00,38.47999954223633,39.119998931884766,38.0,39.0,660400,0.0,0.0
2023-03-21 00:00:00-04:00,39.119998931884766,39.279998779296875,38.29999923706055,38.34000015258789,346900,0.0,0.0
2023-03-22 00:00:00-04:00,38.34000015258789,38.869998931884766,37.20000076293945,37.279998779296875,590900,0.0,0.0
2023-03-23 00:00:00-04:00,37.779998779296875,38.2400016784668,36.7599983215332,36.9900016784668,373700,0.0,0.0
2023-03-24 00:00:00-04:00,36.52000045776367,37.757999420166016,35.720001220703125,37.68000030517578,551700,0.0,0.0
2023-03-27 00:00:00-04:00,38.08000183105469,38.45000076293945,37.2400016784668,37.33000183105469,802500,0.0,0.0
2023-03-28 00:00:00-04:00,37.38999938964844,38.06999969482422,37.349998474121094,37.65999984741211,331600,0.0,0.0
2023-03-29 00:00:00-04:00,38.2400016784668,39.2400016784668,38.029998779296875,39.06999969482422,504000,0.0,0.0
2023-03-30 00:00:00-04:00,39.310001373291016,39.43000030517578,37.65999984741211,38.63999938964844,607600,0.0,0.0
2023-03-31 00:00:00-04:00,38.95000076293945,40.2400016784668,38.88999938964844,40.099998474121094,593500,0.0,0.0
2023-04-03 00:00:00-04:00,40.040000915527344,40.93000030517578,39.25,40.47999954223633,829900,0.0,0.0
2023-04-04 00:00:00-04:00,40.459999084472656,40.97999954223633,38.650001525878906,40.13999938964844,579500,0.0,0.0
2023-04-05 00:00:00-04:00,39.939998626708984,41.029998779296875,38.470001220703125,38.7400016784668,752600,0.0,0.0
2023-04-06 00:00:00-04:00,38.70000076293945,39.68000030517578,38.32500076293945,39.61000061035156,515800,0.0,0.0
2023-04-10 00:00:00-04:00,39.25,39.400001525878906,37.2599983215332,37.349998474121094,522400,0.0,0.0
2023-04-11 00:00:00-04:00,37.31999969482422,38.56999969482422,37.31999969482422,38.43000030517578,848400,0.0,0.0
2023-04-12 00:00:00-04:00,38.90999984741211,39.220001220703125,37.20000076293945,37.4900016784668,395000,0.0,0.0
2023-04-13 00:00:00-04:00,37.84000015258789,39.36399841308594,37.84000015258789,38.630001068115234,683600,0.0,0.0
2023-04-14 00:00:00-04:00,38.61000061035156,38.61000061035156,37.48500061035156,38.20000076293945,556800,0.0,0.0
2023-04-17 00:00:00-04:00,38.619998931884766,40.97999954223633,38.619998931884766,40.75,1572900,0.0,0.0
2023-04-18 00:00:00-04:00,41.290000915527344,41.4900016784668,40.31999969482422,40.97999954223633,904300,0.0,0.0
2023-04-19 00:00:00-04:00,40.68000030517578,41.939998626708984,40.68000030517578,41.88999938964844,521400,0.0,0.0
2023-04-20 00:00:00-04:00,41.40999984741211,41.86000061035156,41.0,41.2599983215332,519000,0.0,0.0
2023-04-21 00:00:00-04:00,41.290000915527344,42.599998474121094,41.290000915527344,42.2400016784668,530800,0.0,0.0
2023-04-24 00:00:00-04:00,42.119998931884766,43.720001220703125,41.724998474121094,43.61000061035156,545200,0.0,0.0
2023-04-25 00:00:00-04:00,43.810001373291016,44.43000030517578,41.36000061035156,41.849998474121094,496700,0.0,0.0
2023-04-26 00:00:00-04:00,43.7599983215332,44.19300079345703,41.68000030517578,42.33000183105469,568900,0.0,0.0
2023-04-27 00:00:00-04:00,42.36000061035156,43.400001525878906,42.29499816894531,42.459999084472656,887100,0.0,0.0
2023-04-28 00:00:00-04:00,42.2400016784668,44.709999084472656,41.599998474121094,43.66999816894531,579800,0.0,0.0
2023-05-01 00:00:00-04:00,43.41999816894531,44.334999084472656,43.0099983215332,44.029998779296875,530100,0.0,0.0
2023-05-02 00:00:00-04:00,43.72999954223633,43.72999954223633,41.678001403808594,42.5099983215332,691200,0.0,0.0
2023-05-03 00:00:00-04:00,42.900001525878906,44.2599983215332,42.400001525878906,43.33000183105469,559900,0.0,0.0
2023-05-04 00:00:00-04:00,43.099998474121094,46.040000915527344,42.22999954223633,45.810001373291016,826500,0.0,0.0
2023-05-05 00:00:00-04:00,43.97999954223633,49.2400016784668,42.959999084472656,47.220001220703125,1286600,0.0,0.0
2023-05-08 00:00:00-04:00,47.220001220703125,47.91999816894531,46.83000183105469,47.04999923706055,841900,0.0,0.0
2023-05-09 00:00:00-04:00,46.310001373291016,47.43000030517578,46.16999816894531,47.06999969482422,656800,0.0,0.0
2023-05-10 00:00:00-04:00,47.61000061035156,49.790000915527344,47.43000030517578,48.58000183105469,593300,0.0,0.0
2023-05-11 00:00:00-04:00,48.279998779296875,48.349998474121094,46.81999969482422,47.11000061035156,556700,0.0,0.0
2023-05-12 00:00:00-04:00,47.189998626708984,48.11000061035156,46.58000183105469,47.099998474121094,619000,0.0,0.0
2023-05-15 00:00:00-04:00,47.0,49.369998931884766,46.69499969482422,49.02000045776367,721300,0.0,0.0
2023-05-16 00:00:00-04:00,47.869998931884766,47.869998931884766,46.2599983215332,46.689998626708984,587700,0.0,0.0
2023-05-17 00:00:00-04:00,47.25,49.220001220703125,46.54999923706055,49.150001525878906,802900,0.0,0.0
2023-05-18 00:00:00-04:00,49.209999084472656,51.060001373291016,49.099998474121094,50.91999816894531,1159300,0.0,0.0
2023-05-19 00:00:00-04:00,51.2400016784668,52.10499954223633,49.209999084472656,49.900001525878906,1051600,0.0,0.0
2023-05-22 00:00:00-04:00,50.029998779296875,50.72999954223633,49.77000045776367,50.709999084472656,813200,0.0,0.0
2023-05-23 00:00:00-04:00,50.540000915527344,52.150001525878906,50.209999084472656,51.41999816894531,891500,0.0,0.0
2023-05-24 00:00:00-04:00,51.34000015258789,51.34000015258789,49.84000015258789,49.97999954223633,396900,0.0,0.0
2023-05-25 00:00:00-04:00,50.16999816894531,50.5,49.54999923706055,49.91999816894531,760700,0.0,0.0
2023-05-26 00:00:00-04:00,50.06999969482422,50.297000885009766,48.849998474121094,49.83000183105469,565800,0.0,0.0
2023-05-30 00:00:00-04:00,49.849998474121094,51.290000915527344,48.066001892089844,48.40999984741211,603600,0.0,0.0
2023-05-31 00:00:00-04:00,48.560001373291016,50.04999923706055,47.81999969482422,49.36000061035156,513400,0.0,0.0
2023-06-01 00:00:00-04:00,49.349998474121094,50.0,48.099998474121094,49.61000061035156,365400,0.0,0.0
2023-06-02 00:00:00-04:00,51.040000915527344,51.470001220703125,49.900001525878906,50.849998474121094,501100,0.0,0.0
2023-06-05 00:00:00-04:00,50.59000015258789,51.93000030517578,50.04499816894531,51.25,554300,0.0,0.0
2023-06-06 00:00:00-04:00,54.0099983215332,54.97999954223633,50.779998779296875,51.47999954223633,1105500,0.0,0.0
2023-06-07 00:00:00-04:00,51.90999984741211,52.630001068115234,49.79999923706055,51.81999969482422,643300,0.0,0.0
2023-06-08 00:00:00-04:00,51.650001525878906,52.38999938964844,51.310001373291016,51.58000183105469,546800,0.0,0.0
2023-06-09 00:00:00-04:00,51.619998931884766,51.970001220703125,51.0,51.380001068115234,405400,0.0,0.0
2023-06-12 00:00:00-04:00,51.790000915527344,52.279998779296875,50.6150016784668,51.400001525878906,399900,0.0,0.0
2023-06-13 00:00:00-04:00,51.77000045776367,52.91999816894531,51.310001373291016,52.029998779296875,557600,0.0,0.0
2023-06-14 00:00:00-04:00,52.560001373291016,52.78499984741211,49.709999084472656,50.09000015258789,658800,0.0,0.0
2023-06-15 00:00:00-04:00,49.83000183105469,49.95000076293945,48.689998626708984,48.86000061035156,634100,0.0,0.0
2023-06-16 00:00:00-04:00,49.279998779296875,49.279998779296875,48.04499816894531,48.279998779296875,1000400,0.0,0.0
2023-06-20 00:00:00-04:00,48.20000076293945,50.72999954223633,48.20000076293945,50.130001068115234,756700,0.0,0.0
2023-06-21 00:00:00-04:00,50.11000061035156,52.150001525878906,49.560001373291016,52.150001525878906,721000,0.0,0.0
2023-06-22 00:00:00-04:00,52.150001525878906,53.31999969482422,51.40999984741211,51.54999923706055,892000,0.0,0.0
2023-06-23 00:00:00-04:00,51.099998474121094,51.369998931884766,48.744998931884766,50.20000076293945,1275600,0.0,0.0
2023-06-26 00:00:00-04:00,49.97999954223633,49.97999954223633,48.56999969482422,48.619998931884766,392200,0.0,0.0
2023-06-27 00:00:00-04:00,48.880001068115234,49.04999923706055,48.099998474121094,48.54999923706055,470900,0.0,0.0
2023-06-28 00:00:00-04:00,48.779998779296875,49.13999938964844,47.79999923706055,48.0099983215332,433200,0.0,0.0
2023-06-29 00:00:00-04:00,48.02000045776367,48.02000045776367,46.47999954223633,46.650001525878906,484100,0.0,0.0
2023-06-30 00:00:00-04:00,46.7599983215332,47.439998626708984,46.099998474121094,46.130001068115234,384400,0.0,0.0
2023-07-03 00:00:00-04:00,46.0,47.08000183105469,45.79999923706055,46.65999984741211,256000,0.0,0.0
2023-07-05 00:00:00-04:00,46.58000183105469,46.72999954223633,45.52000045776367,46.43000030517578,592800,0.0,0.0
2023-07-06 00:00:00-04:00,45.939998626708984,46.04999923706055,44.86000061035156,45.52000045776367,681100,0.0,0.0
2023-07-07 00:00:00-04:00,45.599998474121094,45.79999923706055,44.349998474121094,44.54999923706055,416300,0.0,0.0
2023-07-10 00:00:00-04:00,44.2599983215332,45.099998474121094,43.77000045776367,44.150001525878906,512700,0.0,0.0
2023-07-11 00:00:00-04:00,44.0,44.119998931884766,43.119998931884766,43.630001068115234,434000,0.0,0.0
2023-07-12 00:00:00-04:00,44.029998779296875,44.029998779296875,43.02000045776367,43.95000076293945,445300,0.0,0.0
2023-07-13 00:00:00-04:00,44.209999084472656,45.0,43.61000061035156,44.16999816894531,337100,0.0,0.0
2023-07-14 00:00:00-04:00,44.16999816894531,44.619998931884766,43.63999938964844,44.18000030517578,437900,0.0,0.0
2023-07-17 00:00:00-04:00,44.25,45.720001220703125,44.25,44.34000015258789,314800,0.0,0.0
2023-07-18 00:00:00-04:00,44.220001220703125,44.64099884033203,43.7599983215332,44.209999084472656,315600,0.0,0.0
2023-07-19 00:00:00-04:00,44.54999923706055,44.79999923706055,43.095001220703125,43.56999969482422,567400,0.0,0.0
2023-07-20 00:00:00-04:00,43.40999984741211,43.58000183105469,42.72999954223633,43.029998779296875,406900,0.0,0.0
2023-07-21 00:00:00-04:00,43.4900016784668,43.72999954223633,42.790000915527344,43.20000076293945,496600,0.0,0.0
2023-07-24 00:00:00-04:00,43.22999954223633,43.459999084472656,41.599998474121094,42.119998931884766,531800,0.0,0.0
2023-07-25 00:00:00-04:00,41.959999084472656,42.220001220703125,41.345001220703125,41.56999969482422,445100,0.0,0.0
2023-07-26 00:00:00-04:00,41.439998626708984,42.279998779296875,41.04999923706055,42.13999938964844,520100,0.0,0.0
2023-07-27 00:00:00-04:00,42.34000015258789,42.4900016784668,41.41999816894531,41.9900016784668,309600,0.0,0.0
2023-07-28 00:00:00-04:00,42.369998931884766,43.65999984741211,41.439998626708984,43.11000061035156,386800,0.0,0.0
2023-07-31 00:00:00-04:00,43.459999084472656,44.29999923706055,42.91999816894531,43.119998931884766,373300,0.0,0.0
2023-08-01 00:00:00-04:00,42.93000030517578,43.27000045776367,42.43000030517578,42.91999816894531,308700,0.0,0.0
2023-08-02 00:00:00-04:00,42.59000015258789,42.689998626708984,41.70000076293945,42.349998474121094,447300,0.0,0.0
2023-08-03 00:00:00-04:00,42.349998474121094,42.709999084472656,41.279998779296875,41.29999923706055,516700,0.0,0.0
2023-08-04 00:00:00-04:00,41.09000015258789,41.32500076293945,37.5,37.66999816894531,1638500,0.0,0.0
2023-08-07 00:00:00-04:00,37.43000030517578,38.54999923706055,35.939998626708984,36.13999938964844,863000,0.0,0.0
2023-08-08 00:00:00-04:00,35.959999084472656,36.85499954223633,35.060001373291016,35.189998626708984,741000,0.0,0.0
2023-08-09 00:00:00-04:00,35.279998779296875,36.91999816894531,35.27000045776367,36.83000183105469,750100,0.0,0.0
2023-08-10 00:00:00-04:00,36.86000061035156,37.369998931884766,36.36000061035156,36.52000045776367,490000,0.0,0.0
2023-08-11 00:00:00-04:00,36.47999954223633,36.68000030517578,36.02000045776367,36.31999969482422,447300,0.0,0.0
2023-08-14 00:00:00-04:00,36.119998931884766,37.91999816894531,35.79499816894531,37.900001525878906,488000,0.0,0.0
2023-08-15 00:00:00-04:00,37.939998626708984,38.40999984741211,37.310001373291016,38.38999938964844,389700,0.0,0.0
2023-08-16 00:00:00-04:00,38.38999938964844,38.64500045776367,36.88999938964844,37.119998931884766,486400,0.0,0.0
2023-08-17 00:00:00-04:00,37.11000061035156,37.150001525878906,34.880001068115234,34.91999816894531,493400,0.0,0.0
2023-08-18 00:00:00-04:00,34.880001068115234,35.540000915527344,34.33000183105469,35.09000015258789,576100,0.0,0.0
2023-08-21 00:00:00-04:00,34.810001373291016,37.22999954223633,34.810001373291016,36.970001220703125,911800,0.0,0.0
2023-08-22 00:00:00-04:00,36.9900016784668,37.36000061035156,35.97999954223633,36.08000183105469,399300,0.0,0.0
2023-08-23 00:00:00-04:00,36.060001373291016,36.810001373291016,36.060001373291016,36.599998474121094,394500,0.0,0.0
2023-08-24 00:00:00-04:00,36.709999084472656,37.22999954223633,35.93000030517578,36.970001220703125,569500,0.0,0.0
2023-08-25 00:00:00-04:00,36.970001220703125,38.564998626708984,36.970001220703125,37.90999984741211,438500,0.0,0.0
2023-08-28 00:00:00-04:00,38.0099983215332,38.83000183105469,36.25,36.68000030517578,477700,0.0,0.0
2023-08-29 00:00:00-04:00,36.5099983215332,37.310001373291016,36.31999969482422,36.56999969482422,475500,0.0,0.0
2023-08-30 00:00:00-04:00,36.2599983215332,36.95500183105469,36.150001525878906,36.560001373291016,483900,0.0,0.0
2023-08-31 00:00:00-04:00,36.560001373291016,37.689998626708984,36.0,36.790000915527344,552000,0.0,0.0
2023-09-01 00:00:00-04:00,37.040000915527344,38.060001373291016,37.040000915527344,37.779998779296875,326600,0.0,0.0
2023-09-05 00:00:00-04:00,37.779998779296875,38.56999969482422,37.779998779296875,38.029998779296875,413900,0.0,0.0
2023-09-06 00:00:00-04:00,38.22999954223633,38.939998626708984,38.0099983215332,38.790000915527344,436800,0.0,0.0
2023-09-07 00:00:00-04:00,38.34000015258789,41.7400016784668,38.34000015258789,41.13999938964844,1296800,0.0,0.0
2023-09-08 00:00:00-04:00,41.75,41.98500061035156,40.69499969482422,41.150001525878906,806600,0.0,0.0
2023-09-11 00:00:00-04:00,41.22999954223633,41.720001220703125,40.040000915527344,40.7400016784668,899300,0.0,0.0
2023-09-12 00:00:00-04:00,40.63999938964844,41.7400016784668,40.26499938964844,41.40999984741211,812500,0.0,0.0
2023-09-13 00:00:00-04:00,41.400001525878906,41.97800064086914,40.45500183105469,40.95500183105469,486500,0.0,0.0
2023-09-14 00:00:00-04:00,41.0099983215332,41.2400016784668,39.209999084472656,39.2599983215332,605400,0.0,0.0
2023-09-15 00:00:00-04:00,39.20000076293945,39.34000015258789,37.5,37.68000030517578,948400,0.0,0.0
2023-09-18 00:00:00-04:00,37.54999923706055,37.72999954223633,36.02000045776367,36.310001373291016,688000,0.0,0.0
2023-09-19 00:00:00-04:00,36.13999938964844,36.810001373291016,35.95000076293945,36.38999938964844,630300,0.0,0.0
2023-09-20 00:00:00-04:00,36.36000061035156,36.540000915527344,35.529998779296875,36.18000030517578,765600,0.0,0.0
2023-09-21 00:00:00-04:00,35.83000183105469,37.0099983215332,35.244998931884766,36.61000061035156,952900,0.0,0.0
2023-09-22 00:00:00-04:00,36.7400016784668,36.7400016784668,35.56999969482422,36.43000030517578,682700,0.0,0.0
2023-09-25 00:00:00-04:00,36.16999816894531,37.27000045776367,35.56999969482422,36.66999816894531,713500,0.0,0.0
2023-09-26 00:00:00-04:00,36.84000015258789,38.40999984741211,36.72999954223633,37.40999984741211,874900,0.0,0.0
2023-09-27 00:00:00-04:00,37.709999084472656,38.08000183105469,36.59000015258789,36.90999984741211,641000,0.0,0.0
2023-09-28 00:00:00-04:00,37.0,37.084999084472656,34.810001373291016,35.16999816894531,592600,0.0,0.0
2023-09-29 00:00:00-04:00,35.36000061035156,36.08000183105469,35.27000045776367,35.650001525878906,453600,0.0,0.0
2023-10-02 00:00:00-04:00,35.68000030517578,35.77000045776367,34.17499923706055,34.79999923706055,901700,0.0,0.0
2023-10-03 00:00:00-04:00,34.56999969482422,35.75,34.380001068115234,35.459999084472656,633800,0.0,0.0
2023-10-04 00:00:00-04:00,35.470001220703125,35.470001220703125,33.84000015258789,34.2400016784668,776800,0.0,0.0
2023-10-05 00:00:00-04:00,34.06999969482422,35.59000015258789,33.58000183105469,34.970001220703125,1543600,0.0,0.0
2023-10-06 00:00:00-04:00,34.5,35.81999969482422,34.5,35.22999954223633,1033500,0.0,0.0
2023-10-09 00:00:00-04:00,34.88999938964844,35.689998626708984,34.40999984741211,35.68000030517578,1161100,0.0,0.0
2023-10-10 00:00:00-04:00,35.689998626708984,36.84000015258789,35.59000015258789,36.599998474121094,841200,0.0,0.0
2023-10-11 00:00:00-04:00,36.66999816894531,37.06999969482422,35.689998626708984,36.2599983215332,407700,0.0,0.0
2023-10-12 00:00:00-04:00,36.13999938964844,36.13999938964844,32.35499954223633,32.63999938964844,875700,0.0,0.0
2023-10-13 00:00:00-04:00,32.290000915527344,33.619998931884766,32.0099983215332,33.56999969482422,765600,0.0,0.0
2023-10-16 00:00:00-04:00,34.29999923706055,39.439998626708984,33.66999816894531,37.02000045776367,3223200,0.0,0.0
2023-10-17 00:00:00-04:00,37.25,38.91999816894531,36.790000915527344,36.83000183105469,1357600,0.0,0.0
2023-10-18 00:00:00-04:00,34.90999984741211,34.90999984741211,31.6200008392334,31.729999542236328,2630700,0.0,0.0
2023-10-19 00:00:00-04:00,32.939998626708984,34.7400016784668,32.290000915527344,33.45000076293945,4052700,0.0,0.0
2023-10-20 00:00:00-04:00,33.0,34.22999954223633,32.45000076293945,33.119998931884766,2054200,0.0,0.0
2023-10-23 00:00:00-04:00,32.7400016784668,33.2599983215332,31.81999969482422,32.0,918800,0.0,0.0
2023-10-24 00:00:00-04:00,31.739999771118164,32.91999816894531,31.520000457763672,32.18000030517578,1135900,0.0,0.0
2023-10-25 00:00:00-04:00,32.0,33.45000076293945,31.6200008392334,32.83000183105469,1348100,0.0,0.0
2023-10-26 00:00:00-04:00,32.939998626708984,34.7599983215332,32.775001525878906,34.5099983215332,1301300,0.0,0.0
2023-10-27 00:00:00-04:00,34.7400016784668,34.7400016784668,32.54999923706055,32.810001373291016,1186100,0.0,0.0
2023-10-30 00:00:00-04:00,32.77000045776367,33.81999969482422,32.77000045776367,33.08000183105469,713900,0.0,0.0
2023-10-31 00:00:00-04:00,32.86000061035156,35.5,32.83000183105469,35.400001525878906,1040700,0.0,0.0
2023-11-01 00:00:00-04:00,35.400001525878906,36.1150016784668,34.90999984741211,36.040000915527344,791100,0.0,0.0
2023-11-02 00:00:00-04:00,36.689998626708984,37.439998626708984,36.28300094604492,36.599998474121094,991500,0.0,0.0
2023-11-03 00:00:00-04:00,36.790000915527344,39.9900016784668,36.790000915527344,38.83000183105469,1245800,0.0,0.0
2023-11-06 00:00:00-05:00,38.790000915527344,39.525001525878906,37.58000183105469,37.790000915527344,694900,0.0,0.0
2023-11-07 00:00:00-05:00,37.77000045776367,38.45000076293945,37.02000045776367,38.08000183105469,776300,0.0,0.0
2023-11-08 00:00:00-05:00,38.04999923706055,38.7400016784668,35.58000183105469,36.27000045776367,1747200,0.0,0.0
2023-11-09 00:00:00-05:00,36.68000030517578,36.68000030517578,34.470001220703125,34.95000076293945,522400,0.0,0.0
2023-11-10 00:00:00-05:00,35.0099983215332,35.529998779296875,34.25,34.88999938964844,431700,0.0,0.0
2023-11-13 00:00:00-05:00,34.4900016784668,35.75,34.060001373291016,35.310001373291016,836200,0.0,0.0
2023-11-14 00:00:00-05:00,36.790000915527344,38.34000015258789,36.5099983215332,38.29999923706055,778000,0.0,0.0
2023-11-15 00:00:00-05:00,38.33000183105469,39.630001068115234,38.150001525878906,39.08000183105469,664900,0.0,0.0
2023-11-16 00:00:00-05:00,38.900001525878906,39.290000915527344,38.130001068115234,38.95000076293945,771900,0.0,0.0
2023-11-17 00:00:00-05:00,39.459999084472656,40.54499816894531,38.88999938964844,39.970001220703125,589600,0.0,0.0
2023-11-20 00:00:00-05:00,40.11000061035156,40.400001525878906,38.29999923706055,39.349998474121094,603700,0.0,0.0
2023-11-21 00:00:00-05:00,39.099998474121094,40.0,38.39400100708008,38.84000015258789,564100,0.0,0.0
2023-11-22 00:00:00-05:00,39.220001220703125,39.75,37.849998474121094,38.209999084472656,562800,0.0,0.0
2023-11-24 00:00:00-05:00,38.349998474121094,39.43000030517578,38.275001525878906,39.13999938964844,283300,0.0,0.0
2023-11-27 00:00:00-05:00,39.0,39.0,37.959999084472656,38.61000061035156,698700,0.0,0.0
2023-11-28 00:00:00-05:00,38.38999938964844,38.4900016784668,37.209999084472656,38.459999084472656,826400,0.0,0.0
2023-11-29 00:00:00-05:00,38.5099983215332,39.900001525878906,38.5099983215332,39.11000061035156,583000,0.0,0.0
2023-11-30 00:00:00-05:00,39.59000015258789,40.25,38.02000045776367,38.849998474121094,1309500,0.0,0.0
2023-12-01 00:00:00-05:00,38.79999923706055,40.16999816894531,38.69499969482422,40.15999984741211,909900,0.0,0.0
2023-12-04 00:00:00-05:00,39.43000030517578,41.275001525878906,39.43000030517578,41.220001220703125,622800,0.0,0.0
2023-12-05 00:00:00-05:00,40.869998931884766,42.880001068115234,40.290000915527344,42.0099983215332,755900,0.0,0.0
2023-12-06 00:00:00-05:00,42.2400016784668,42.2400016784668,40.91999816894531,41.11000061035156,468600,0.0,0.0
2023-12-07 00:00:00-05:00,41.220001220703125,42.06999969482422,40.597999572753906,41.41999816894531,571100,0.0,0.0
2023-12-08 00:00:00-05:00,42.38999938964844,42.41999816894531,40.34000015258789,40.459999084472656,604200,0.0,0.0
2023-12-11 00:00:00-05:00,40.689998626708984,41.04999923706055,39.41999816894531,40.619998931884766,953200,0.0,0.0
2023-12-12 00:00:00-05:00,40.52000045776367,44.189998626708984,39.75,43.43000030517578,661900,0.0,0.0
2023-12-13 00:00:00-05:00,43.439998626708984,45.15999984741211,43.279998779296875,44.75,1009500,0.0,0.0
2023-12-14 00:00:00-05:00,45.56999969482422,46.119998931884766,44.72999954223633,45.90999984741211,1061100,0.0,0.0
2023-12-15 00:00:00-05:00,46.0,47.38999938964844,45.345001220703125,45.970001220703125,2259400,0.0,0.0
2023-12-18 00:00:00-05:00,45.939998626708984,46.68000030517578,44.73400115966797,45.65999984741211,686800,0.0,0.0
2023-12-19 00:00:00-05:00,45.7400016784668,48.45000076293945,45.63999938964844,48.209999084472656,694300,0.0,0.0
2023-12-20 00:00:00-05:00,47.939998626708984,47.939998626708984,45.290000915527344,45.38999938964844,780600,0.0,0.0
2023-12-21 00:00:00-05:00,45.959999084472656,47.0,44.79999923706055,45.540000915527344,584600,0.0,0.0
2023-12-22 00:00:00-05:00,45.630001068115234,47.56999969482422,45.630001068115234,47.5,525000,0.0,0.0
2023-12-26 00:00:00-05:00,48.29999923706055,48.52000045776367,47.5,47.619998931884766,488000,0.0,0.0
2023-12-27 00:00:00-05:00,47.75,49.244998931884766,47.20000076293945,49.189998626708984,711300,0.0,0.0
2023-12-28 00:00:00-05:00,49.0,49.93000030517578,47.720001220703125,48.27000045776367,901200,0.0,0.0
2023-12-29 00:00:00-05:00,48.25,48.380001068115234,47.5099983215332,47.81999969482422,573400,0.0,0.0
2024-01-02 00:00:00-05:00,47.34000015258789,49.0,47.34000015258789,48.16999816894531,787300,0.0,0.0
2024-01-03 00:00:00-05:00,47.689998626708984,48.70000076293945,47.08000183105469,47.95000076293945,1232900,0.0,0.0
2024-01-04 00:00:00-05:00,48.349998474121094,49.11000061035156,46.65999984741211,47.09000015258789,1224400,0.0,0.0
2024-01-05 00:00:00-05:00,46.5099983215332,47.849998474121094,45.56999969482422,47.599998474121094,753800,0.0,0.0
2024-01-08 00:00:00-05:00,47.59000015258789,49.790000915527344,46.33000183105469,49.779998779296875,1203800,0.0,0.0
2024-01-09 00:00:00-05:00,49.18000030517578,49.3650016784668,47.70000076293945,48.349998474121094,627100,0.0,0.0
2024-01-10 00:00:00-05:00,48.45000076293945,49.22999954223633,46.76499938964844,47.15999984741211,740700,0.0,0.0
2024-01-11 00:00:00-05:00,46.650001525878906,47.04999923706055,45.70000076293945,46.150001525878906,813500,0.0,0.0
2024-01-12 00:00:00-05:00,46.400001525878906,47.08000183105469,45.310001373291016,45.70000076293945,921000,0.0,0.0
2024-01-16 00:00:00-05:00,44.91999816894531,45.72999954223633,43.540000915527344,44.0,1069400,0.0,0.0
2024-01-17 00:00:00-05:00,43.72999954223633,43.72999954223633,42.7599983215332,43.439998626708984,904300,0.0,0.0
2024-01-18 00:00:00-05:00,43.63999938964844,43.720001220703125,41.869998931884766,43.15999984741211,826500,0.0,0.0
2024-01-19 00:00:00-05:00,43.36000061035156,44.744998931884766,42.66999816894531,44.599998474121094,3197900,0.0,0.0
2024-01-22 00:00:00-05:00,44.58000183105469,45.90999984741211,43.720001220703125,44.630001068115234,714400,0.0,0.0
2024-01-23 00:00:00-05:00,45.380001068115234,45.66999816894531,43.52000045776367,44.47999954223633,444100,0.0,0.0
2024-01-24 00:00:00-05:00,44.959999084472656,44.959999084472656,43.4900016784668,43.61000061035156,559600,0.0,0.0
2024-01-25 00:00:00-05:00,44.13999938964844,45.31999969482422,43.84000015258789,45.25,689200,0.0,0.0
2024-01-26 00:00:00-05:00,45.5,45.959999084472656,44.80500030517578,44.970001220703125,551600,0.0,0.0
2024-01-29 00:00:00-05:00,45.13999938964844,46.47999954223633,44.33000183105469,45.9900016784668,718600,0.0,0.0
2024-01-30 00:00:00-05:00,46.209999084472656,46.209999084472656,44.439998626708984,44.880001068115234,561900,0.0,0.0
2024-01-31 00:00:00-05:00,44.880001068115234,45.61000061035156,43.68000030517578,44.11000061035156,561100,0.0,0.0
2024-02-01 00:00:00-05:00,44.4900016784668,44.709999084472656,43.64500045776367,44.099998474121094,693600,0.0,0.0
2024-02-02 00:00:00-05:00,43.790000915527344,43.790000915527344,42.619998931884766,43.02000045776367,621300,0.0,0.0
2024-02-05 00:00:00-05:00,42.619998931884766,44.97999954223633,42.2400016784668,44.7599983215332,710100,0.0,0.0
2024-02-06 00:00:00-05:00,45.060001373291016,45.959999084472656,44.439998626708984,45.88999938964844,733400,0.0,0.0
2024-02-07 00:00:00-05:00,45.869998931884766,45.91299819946289,44.59000015258789,44.709999084472656,496900,0.0,0.0
2024-02-08 00:00:00-05:00,44.81999969482422,45.65999984741211,44.790000915527344,45.45000076293945,652700,0.0,0.0
2024-02-09 00:00:00-05:00,45.220001220703125,47.130001068115234,45.16999816894531,46.72999954223633,432000,0.0,0.0
2024-02-12 00:00:00-05:00,46.900001525878906,47.81700134277344,46.459999084472656,46.7400016784668,646800,0.0,0.0
2024-02-13 00:00:00-05:00,45.38999938964844,45.38999938964844,43.689998626708984,43.97999954223633,584200,0.0,0.0
2024-02-14 00:00:00-05:00,44.63999938964844,45.93000030517578,44.400001525878906,45.65999984741211,583600,0.0,0.0
2024-02-15 00:00:00-05:00,46.31999969482422,47.11000061035156,45.810001373291016,46.2599983215332,843500,0.0,0.0
2024-02-16 00:00:00-05:00,47.0,49.56999969482422,46.58000183105469,48.91999816894531,1082000,0.0,0.0
2024-02-20 00:00:00-05:00,48.470001220703125,49.72999954223633,47.290000915527344,47.869998931884766,706700,0.0,0.0
2024-02-21 00:00:00-05:00,47.959999084472656,48.529998779296875,47.66999816894531,48.18000030517578,456500,0.0,0.0
2024-02-22 00:00:00-05:00,48.0,49.36000061035156,47.48500061035156,48.880001068115234,395400,0.0,0.0
2024-02-23 00:00:00-05:00,48.779998779296875,50.220001220703125,48.744998931884766,49.47999954223633,454400,0.0,0.0
2024-02-26 00:00:00-05:00,49.43000030517578,50.70899963378906,49.09000015258789,50.25,553600,0.0,0.0
2024-02-27 00:00:00-05:00,50.970001220703125,53.900001525878906,50.70000076293945,53.65999984741211,910700,0.0,0.0
2024-02-28 00:00:00-05:00,53.65999984741211,54.47999954223633,52.57500076293945,52.75,924100,0.0,0.0
2024-02-29 00:00:00-05:00,53.68000030517578,54.38999938964844,51.68000030517578,51.720001220703125,1347300,0.0,0.0
2024-03-01 00:00:00-05:00,52.22999954223633,54.560001373291016,52.02799987792969,53.689998626708984,743800,0.0,0.0
2024-03-04 00:00:00-05:00,53.7599983215332,53.77000045776367,52.007999420166016,53.310001373291016,692900,0.0,0.0
2024-03-05 00:00:00-05:00,52.619998931884766,53.25,50.13999938964844,51.470001220703125,790600,0.0,0.0
2024-03-06 00:00:00-05:00,51.41999816894531,51.77299880981445,50.880001068115234,51.2599983215332,435100,0.0,0.0
2024-03-07 00:00:00-05:00,51.650001525878906,52.09000015258789,50.4900016784668,50.849998474121094,554600,0.0,0.0
2024-03-08 00:00:00-05:00,51.41999816894531,51.7400016784668,50.15999984741211,50.529998779296875,501000,0.0,0.0
2024-03-11 00:00:00-04:00,50.65999984741211,50.95000076293945,48.400001525878906,48.5099983215332,639200,0.0,0.0
2024-03-12 00:00:00-04:00,48.2599983215332,48.7599983215332,47.314998626708984,47.65999984741211,549000,0.0,0.0
2024-03-13 00:00:00-04:00,47.81999969482422,49.27000045776367,47.595001220703125,48.54999923706055,848000,0.0,0.0
2024-03-14 00:00:00-04:00,47.849998474121094,48.18000030517578,46.470001220703125,46.650001525878906,1090100,0.0,0.0
2024-03-15 00:00:00-04:00,46.61000061035156,47.630001068115234,46.220001220703125,47.369998931884766,1792100,0.0,0.0
2024-03-18 00:00:00-04:00,47.939998626708984,47.939998626708984,46.529998779296875,46.59000015258789,853900,0.0,0.0
2024-03-19 00:00:00-04:00,46.11000061035156,47.380001068115234,46.11000061035156,47.0,892400,0.0,0.0
2024-03-20 00:00:00-04:00,46.939998626708984,47.2599983215332,46.349998474121094,47.0099983215332,516800,0.0,0.0
2024-03-21 00:00:00-04:00,47.34000015258789,47.935001373291016,46.630001068115234,46.650001525878906,473600,0.0,0.0
2024-03-22 00:00:00-04:00,46.810001373291016,47.04999923706055,45.560001373291016,45.849998474121094,403700,0.0,0.0
2024-03-25 00:00:00-04:00,45.869998931884766,46.310001373291016,45.02000045776367,45.41999816894531,442700,0.0,0.0
2024-03-26 00:00:00-04:00,45.970001220703125,46.2400016784668,45.0099983215332,45.459999084472656,362300,0.0,0.0
2024-03-27 00:00:00-04:00,45.970001220703125,47.15999984741211,45.54499816894531,46.81999969482422,551400,0.0,0.0
2024-03-28 00:00:00-04:00,46.90999984741211,47.119998931884766,46.279998779296875,46.689998626708984,543700,0.0,0.0
2024-04-01 00:00:00-04:00,46.7400016784668,47.040000915527344,45.720001220703125,46.970001220703125,578300,0.0,0.0
2024-04-02 00:00:00-04:00,46.029998779296875,46.70000076293945,45.2400016784668,46.59000015258789,815100,0.0,0.0
2024-04-03 00:00:00-04:00,46.47999954223633,47.5,45.70500183105469,47.08000183105469,620700,0.0,0.0
2024-04-04 00:00:00-04:00,47.54999923706055,49.5,47.040000915527344,47.08000183105469,554400,0.0,0.0
2024-04-05 00:00:00-04:00,46.59000015258789,50.84000015258789,45.83000183105469,50.2400016784668,981000,0.0,0.0
2024-04-08 00:00:00-04:00,50.38999938964844,51.20000076293945,49.209999084472656,50.22999954223633,488900,0.0,0.0
2024-04-09 00:00:00-04:00,50.36000061035156,51.2400016784668,50.2400016784668,50.560001373291016,530500,0.0,0.0
2024-04-10 00:00:00-04:00,49.66999816894531,51.68000030517578,49.40999984741211,51.61000061035156,560100,0.0,0.0
2024-04-11 00:00:00-04:00,52.0,52.560001373291016,50.349998474121094,50.70000076293945,638700,0.0,0.0
2024-04-12 00:00:00-04:00,50.150001525878906,50.709999084472656,46.810001373291016,47.0,786700,0.0,0.0
2024-04-15 00:00:00-04:00,44.540000915527344,44.540000915527344,42.0099983215332,42.869998931884766,1727300,0.0,0.0
2024-04-16 00:00:00-04:00,42.849998474121094,44.20000076293945,42.209999084472656,42.310001373291016,886800,0.0,0.0
2024-04-17 00:00:00-04:00,42.2599983215332,44.630001068115234,42.25,44.11000061035156,908200,0.0,0.0
2024-04-18 00:00:00-04:00,44.099998474121094,44.79999923706055,43.31999969482422,43.380001068115234,768200,0.0,0.0
2024-04-19 00:00:00-04:00,43.2599983215332,43.91999816894531,41.06999969482422,42.369998931884766,676100,0.0,0.0
2024-04-22 00:00:00-04:00,43.22999954223633,44.439998626708984,42.400001525878906,43.689998626708984,592400,0.0,0.0
2024-04-23 00:00:00-04:00,43.7400016784668,45.58000183105469,43.130001068115234,45.11000061035156,836700,0.0,0.0
2024-04-24 00:00:00-04:00,45.52000045776367,45.54999923706055,43.61000061035156,44.279998779296875,670600,0.0,0.0
2024-04-25 00:00:00-04:00,43.40999984741211,43.994998931884766,42.72999954223633,43.849998474121094,470800,0.0,0.0
2024-04-26 00:00:00-04:00,44.15999984741211,44.57500076293945,43.709999084472656,44.2400016784668,450400,0.0,0.0
2024-04-29 00:00:00-04:00,44.52000045776367,45.36000061035156,43.91999816894531,44.02000045776367,625800,0.0,0.0
2024-04-30 00:00:00-04:00,43.58000183105469,44.31999969482422,42.5099983215332,42.540000915527344,714700,0.0,0.0
2024-05-01 00:00:00-04:00,42.61000061035156,44.119998931884766,42.244998931884766,43.29999923706055,1610400,0.0,0.0
2024-05-02 00:00:00-04:00,43.65999984741211,44.02000045776367,42.38999938964844,43.20000076293945,805200,0.0,0.0
2024-05-03 00:00:00-04:00,44.880001068115234,46.005001068115234,42.67499923706055,42.75,1143000,0.0,0.0
2024-05-06 00:00:00-04:00,42.77000045776367,43.119998931884766,41.810001373291016,43.0099983215332,1099900,0.0,0.0
2024-05-07 00:00:00-04:00,43.209999084472656,43.31999969482422,41.47999954223633,41.959999084472656,842500,0.0,0.0
2024-05-08 00:00:00-04:00,41.52000045776367,42.09000015258789,41.0,41.560001373291016,764600,0.0,0.0
2024-05-09 00:00:00-04:00,41.83000183105469,42.08000183105469,41.060001373291016,41.220001220703125,407700,0.0,0.0
2024-05-10 00:00:00-04:00,41.540000915527344,41.560001373291016,40.2599983215332,40.900001525878906,549600,0.0,0.0
2024-05-13 00:00:00-04:00,40.9900016784668,41.970001220703125,40.59000015258789,40.959999084472656,440600,0.0,0.0
2024-05-14 00:00:00-04:00,41.58000183105469,41.77000045776367,40.59000015258789,40.970001220703125,564500,0.0,0.0
2024-05-15 00:00:00-04:00,41.5,41.775001525878906,41.040000915527344,41.119998931884766,674800,0.0,0.0
2024-05-16 00:00:00-04:00,41.33000183105469,43.0,41.150001525878906,42.61000061035156,1194700,0.0,0.0
2024-05-17 00:00:00-04:00,42.70000076293945,43.08000183105469,41.7599983215332,41.869998931884766,803000,0.0,0.0
2024-05-20 00:00:00-04:00,41.900001525878906,41.91999816894531,40.939998626708984,41.529998779296875,732200,0.0,0.0
2024-05-21 00:00:00-04:00,41.38999938964844,41.599998474121094,39.95000076293945,40.58000183105469,601000,0.0,0.0
2024-05-22 00:00:00-04:00,40.459999084472656,41.31999969482422,40.459999084472656,41.08000183105469,505000,0.0,0.0
2024-05-23 00:00:00-04:00,41.290000915527344,41.5099983215332,39.41999816894531,39.900001525878906,578600,0.0,0.0
2024-05-24 00:00:00-04:00,39.97999954223633,40.88999938964844,39.400001525878906,40.34000015258789,407500,0.0,0.0
2024-05-28 00:00:00-04:00,40.38999938964844,40.584999084472656,38.689998626708984,39.34000015258789,818900,0.0,0.0
2024-05-29 00:00:00-04:00,38.79999923706055,39.27000045776367,38.02000045776367,38.13999938964844,532800,0.0,0.0
2024-05-30 00:00:00-04:00,38.369998931884766,38.91999816894531,37.81999969482422,38.650001525878906,666200,0.0,0.0
2024-05-31 00:00:00-04:00,39.470001220703125,40.7400016784668,39.13999938964844,40.13999938964844,1518400,0.0,0.0
2024-06-03 00:00:00-04:00,40.58000183105469,41.47999954223633,39.459999084472656,41.130001068115234,889600,0.0,0.0
2024-06-04 00:00:00-04:00,41.060001373291016,41.900001525878906,40.08000183105469,40.91999816894531,646000,0.0,0.0
2024-06-05 00:00:00-04:00,41.34000015258789,42.0099983215332,40.599998474121094,41.45000076293945,622000,0.0,0.0
2024-06-06 00:00:00-04:00,43.779998779296875,44.0,41.40999984741211,41.77000045776367,935400,0.0,0.0
2024-06-07 00:00:00-04:00,41.2400016784668,41.7599983215332,40.97999954223633,41.400001525878906,373400,0.0,0.0
2024-06-10 00:00:00-04:00,41.099998474121094,42.0,40.75,41.970001220703125,486200,0.0,0.0
2024-06-11 00:00:00-04:00,41.470001220703125,41.970001220703125,40.54999923706055,41.400001525878906,481700,0.0,0.0
2024-06-12 00:00:00-04:00,42.599998474121094,45.59000015258789,41.86000061035156,44.63999938964844,1517900,0.0,0.0
2024-06-13 00:00:00-04:00,42.939998626708984,44.45000076293945,42.27000045776367,43.119998931884766,1246700,0.0,0.0
2024-06-14 00:00:00-04:00,40.93000030517578,41.0,38.15999984741211,39.04999923706055,4107700,0.0,0.0
2024-06-17 00:00:00-04:00,39.290000915527344,40.0,38.5099983215332,39.79999923706055,1225700,0.0,0.0
2024-06-18 00:00:00-04:00,39.689998626708984,39.689998626708984,37.02000045776367,37.41999816894531,1194300,0.0,0.0
2024-06-20 00:00:00-04:00,37.27000045776367,38.65999984741211,37.27000045776367,38.02000045776367,966900,0.0,0.0
2024-06-21 00:00:00-04:00,38.36000061035156,39.63999938964844,38.2400016784668,39.599998474121094,1372400,0.0,0.0
2024-06-24 00:00:00-04:00,39.709999084472656,40.29999923706055,39.130001068115234,39.41999816894531,849300,0.0,0.0
2024-06-25 00:00:00-04:00,39.36000061035156,40.5,38.91999816894531,39.849998474121094,768700,0.0,0.0
2024-06-26 00:00:00-04:00,39.880001068115234,40.810001373291016,39.64799880981445,40.529998779296875,1415400,0.0,0.0
2024-06-27 00:00:00-04:00,40.58000183105469,41.81999969482422,40.02000045776367,41.41999816894531,1609700,0.0,0.0
2024-06-28 00:00:00-04:00,41.540000915527344,41.779998779296875,40.72999954223633,41.099998474121094,1581500,0.0,0.0
2024-07-01 00:00:00-04:00,40.95000076293945,41.790000915527344,40.029998779296875,41.119998931884766,1014400,0.0,0.0
2024-07-02 00:00:00-04:00,40.97999954223633,41.08000183105469,39.845001220703125,40.959999084472656,850200,0.0,0.0
2024-07-03 00:00:00-04:00,40.81999969482422,40.81999969482422,40.0,40.209999084472656,638300,0.0,0.0
2024-07-05 00:00:00-04:00,40.130001068115234,41.0099983215332,39.64500045776367,40.880001068115234,597700,0.0,0.0
2024-07-08 00:00:00-04:00,41.11000061035156,41.709999084472656,40.369998931884766,41.4900016784668,875600,0.0,0.0
2024-07-09 00:00:00-04:00,41.38999938964844,42.45000076293945,41.02000045776367,42.25,541000,0.0,0.0
2024-07-10 00:00:00-04:00,42.36000061035156,42.77000045776367,41.88999938964844,42.459999084472656,558400,0.0,0.0
2024-07-11 00:00:00-04:00,43.310001373291016,44.27000045776367,42.619998931884766,43.88999938964844,819200,0.0,0.0
2024-07-12 00:00:00-04:00,44.529998779296875,45.470001220703125,43.55500030517578,45.13999938964844,1327500,0.0,0.0
2024-07-15 00:00:00-04:00,45.2400016784668,45.59000015258789,43.959999084472656,44.459999084472656,481000,0.0,0.0
2024-07-16 00:00:00-04:00,44.970001220703125,46.20000076293945,44.83000183105469,45.27000045776367,828000,0.0,0.0
2024-07-17 00:00:00-04:00,44.90999984741211,44.97999954223633,43.08000183105469,43.88999938964844,610900,0.0,0.0
2024-07-18 00:00:00-04:00,43.81999969482422,44.599998474121094,41.9900016784668,42.779998779296875,634000,0.0,0.0
2024-07-19 00:00:00-04:00,42.90999984741211,43.47999954223633,42.09000015258789,42.54999923706055,606800,0.0,0.0
2024-07-22 00:00:00-04:00,42.95000076293945,44.529998779296875,42.52000045776367,44.459999084472656,731700,0.0,0.0
2024-07-23 00:00:00-04:00,44.470001220703125,46.05500030517578,44.08000183105469,45.18000030517578,631900,0.0,0.0
2024-07-24 00:00:00-04:00,44.88999938964844,46.040000915527344,44.54999923706055,45.11000061035156,391400,0.0,0.0
2024-07-25 00:00:00-04:00,45.290000915527344,46.77000045776367,44.91999816894531,45.060001373291016,738000,0.0,0.0
2024-07-26 00:00:00-04:00,45.560001373291016,45.909000396728516,44.40999984741211,44.86000061035156,604700,0.0,0.0
2024-07-29 00:00:00-04:00,45.099998474121094,45.7400016784668,44.43000030517578,45.2400016784668,818500,0.0,0.0
2024-07-30 00:00:00-04:00,45.36000061035156,45.77000045776367,44.220001220703125,44.709999084472656,504300,0.0,0.0
2024-07-31 00:00:00-04:00,44.88999938964844,46.665000915527344,44.20000076293945,45.02000045776367,747000,0.0,0.0
2024-08-01 00:00:00-04:00,45.0,45.279998779296875,43.83000183105469,44.150001525878906,838000,0.0,0.0
2024-08-02 00:00:00-04:00,47.20000076293945,50.75,44.22999954223633,50.470001220703125,2696500,0.0,0.0
2024-08-05 00:00:00-04:00,46.959999084472656,49.86000061035156,45.70000076293945,49.08000183105469,1554700,0.0,0.0
2024-08-06 00:00:00-04:00,49.13999938964844,50.90999984741211,48.834999084472656,49.77000045776367,727600,0.0,0.0
2024-08-07 00:00:00-04:00,50.150001525878906,50.720001220703125,48.5,48.939998626708984,789600,0.0,0.0
2024-08-08 00:00:00-04:00,49.66999816894531,50.630001068115234,48.194000244140625,50.290000915527344,610500,0.0,0.0
2024-08-09 00:00:00-04:00,50.11000061035156,50.68000030517578,49.349998474121094,50.029998779296875,516600,0.0,0.0
2024-08-12 00:00:00-04:00,50.099998474121094,51.43000030517578,49.20000076293945,50.900001525878906,607000,0.0,0.0
2024-08-13 00:00:00-04:00,50.66999816894531,52.03499984741211,50.630001068115234,51.79999923706055,606900,0.0,0.0
2024-08-14 00:00:00-04:00,51.83000183105469,51.959999084472656,51.10300064086914,51.7599983215332,432200,0.0,0.0
2024-08-15 00:00:00-04:00,52.5099983215332,52.599998474121094,51.41999816894531,51.72999954223633,688500,0.0,0.0
2024-08-16 00:00:00-04:00,51.66999816894531,53.2400016784668,51.20000076293945,53.04999923706055,528500,0.0,0.0
2024-08-19 00:00:00-04:00,53.04999923706055,54.11000061035156,53.04999923706055,53.779998779296875,688500,0.0,0.0
2024-08-20 00:00:00-04:00,53.439998626708984,53.689998626708984,52.630001068115234,53.0099983215332,1022300,0.0,0.0
2024-08-21 00:00:00-04:00,53.18000030517578,57.09000015258789,53.18000030517578,57.04999923706055,988500,0.0,0.0
2024-08-22 00:00:00-04:00,57.04999923706055,58.119998931884766,56.0099983215332,56.36000061035156,997700,0.0,0.0
2024-08-23 00:00:00-04:00,56.619998931884766,57.540000915527344,56.0,56.75,533200,0.0,0.0
2024-08-26 00:00:00-04:00,56.900001525878906,58.2599983215332,56.75,57.04999923706055,438300,0.0,0.0
2024-08-27 00:00:00-04:00,56.650001525878906,57.7400016784668,56.470001220703125,57.619998931884766,556400,0.0,0.0
2024-08-28 00:00:00-04:00,57.33000183105469,58.459999084472656,56.96500015258789,57.790000915527344,597600,0.0,0.0
2024-08-29 00:00:00-04:00,57.9900016784668,58.72999954223633,56.650001525878906,56.959999084472656,517000,0.0,0.0
2024-08-30 00:00:00-04:00,57.38999938964844,57.560001373291016,55.9900016784668,56.779998779296875,754400,0.0,0.0
2024-09-03 00:00:00-04:00,56.189998626708984,57.63999938964844,54.93000030517578,55.709999084472656,694400,0.0,0.0
2024-09-04 00:00:00-04:00,55.470001220703125,56.619998931884766,54.95000076293945,56.119998931884766,683900,0.0,0.0
2024-09-05 00:00:00-04:00,56.400001525878906,57.2599983215332,55.63999938964844,56.45000076293945,680000,0.0,0.0
2024-09-06 00:00:00-04:00,56.540000915527344,56.88999938964844,54.689998626708984,55.2400016784668,648100,0.0,0.0
2024-09-09 00:00:00-04:00,55.7400016784668,56.2400016784668,55.18000030517578,55.79999923706055,449300,0.0,0.0
2024-09-10 00:00:00-04:00,55.939998626708984,56.529998779296875,55.27000045776367,55.720001220703125,497300,0.0,0.0
2024-09-11 00:00:00-04:00,55.529998779296875,56.540000915527344,54.939998626708984,56.33000183105469,525300,0.0,0.0
2024-09-12 00:00:00-04:00,56.18000030517578,57.97999954223633,56.13999938964844,57.83000183105469,553500,0.0,0.0
2024-09-13 00:00:00-04:00,58.0,59.755001068115234,58.0,58.7400016784668,527800,0.0,0.0
2024-09-16 00:00:00-04:00,59.369998931884766,60.369998931884766,58.36000061035156,59.36000061035156,920000,0.0,0.0
2024-09-17 00:00:00-04:00,59.31999969482422,59.560001373291016,57.83000183105469,58.4900016784668,810900,0.0,0.0
2024-09-18 00:00:00-04:00,58.720001220703125,58.95500183105469,57.435001373291016,57.70000076293945,495300,0.0,0.0
2024-09-19 00:00:00-04:00,58.540000915527344,59.900001525878906,58.209999084472656,58.779998779296875,558400,0.0,0.0
2024-09-20 00:00:00-04:00,58.779998779296875,59.09000015258789,57.90999984741211,58.75,841100,0.0,0.0
2024-09-23 00:00:00-04:00,59.16999816894531,59.5,57.41999816894531,57.560001373291016,612500,0.0,0.0
2024-09-24 00:00:00-04:00,57.52000045776367,58.13999938964844,56.380001068115234,57.47999954223633,565800,0.0,0.0
2024-09-25 00:00:00-04:00,57.599998474121094,57.779998779296875,56.7400016784668,56.7599983215332,348800,0.0,0.0
2024-09-26 00:00:00-04:00,56.9900016784668,57.130001068115234,55.130001068115234,55.220001220703125,431800,0.0,0.0
2024-09-27 00:00:00-04:00,55.439998626708984,55.439998626708984,54.290000915527344,54.43000030517578,584200,0.0,0.0
2024-09-30 00:00:00-04:00,54.220001220703125,56.220001220703125,53.75,55.54999923706055,547400,0.0,0.0
2024-10-01 00:00:00-04:00,55.58000183105469,56.82500076293945,55.130001068115234,56.5099983215332,507600,0.0,0.0
2024-10-02 00:00:00-04:00,56.380001068115234,56.439998626708984,55.04100036621094,55.54999923706055,684600,0.0,0.0
2024-10-03 00:00:00-04:00,55.220001220703125,55.540000915527344,53.619998931884766,53.65999984741211,1458100,0.0,0.0
2024-10-04 00:00:00-04:00,53.66999816894531,54.5,53.209999084472656,53.790000915527344,779000,0.0,0.0
2024-10-07 00:00:00-04:00,53.83000183105469,54.25,51.71500015258789,52.43000030517578,661900,0.0,0.0
2024-10-08 00:00:00-04:00,53.0099983215332,54.40999984741211,52.505001068115234,53.29999923706055,540800,0.0,0.0
2024-10-09 00:00:00-04:00,53.20000076293945,53.529998779296875,52.209999084472656,53.380001068115234,530500,0.0,0.0
2024-10-10 00:00:00-04:00,52.7599983215332,54.33000183105469,52.7599983215332,53.869998931884766,561800,0.0,0.0
2024-10-11 00:00:00-04:00,53.869998931884766,55.11000061035156,53.52000045776367,55.099998474121094,810500,0.0,0.0
2024-10-14 00:00:00-04:00,54.720001220703125,56.7400016784668,54.68000030517578,56.189998626708984,557000,0.0,0.0
2024-10-15 00:00:00-04:00,56.33000183105469,57.34000015258789,55.720001220703125,57.119998931884766,581500,0.0,0.0
2024-10-16 00:00:00-04:00,57.54999923706055,57.994998931884766,56.689998626708984,57.70000076293945,658800,0.0,0.0
2024-10-17 00:00:00-04:00,57.70000076293945,57.970001220703125,56.02000045776367,56.77000045776367,497800,0.0,0.0
2024-10-18 00:00:00-04:00,56.810001373291016,57.09000015258789,56.189998626708984,56.2599983215332,310200,0.0,0.0
2024-10-21 00:00:00-04:00,56.15999984741211,56.20000076293945,54.279998779296875,54.459999084472656,419900,0.0,0.0
2024-10-22 00:00:00-04:00,54.040000915527344,55.17499923706055,53.77000045776367,54.790000915527344,374800,0.0,0.0
2024-10-23 00:00:00-04:00,54.79999923706055,56.380001068115234,54.5099983215332,54.689998626708984,518100,0.0,0.0
2024-10-24 00:00:00-04:00,54.5099983215332,55.224998474121094,54.189998626708984,54.81999969482422,446800,0.0,0.0
2024-10-25 00:00:00-04:00,54.66999816894531,55.400001525878906,53.779998779296875,53.81999969482422,427100,0.0,0.0
2024-10-28 00:00:00-04:00,54.36000061035156,55.05500030517578,52.650001525878906,53.06999969482422,922900,0.0,0.0
2024-10-29 00:00:00-04:00,53.33000183105469,53.47999954223633,52.380001068115234,52.79999923706055,632700,0.0,0.0
2024-10-30 00:00:00-04:00,52.29999923706055,53.19499969482422,51.5,51.84000015258789,722000,0.0,0.0
2024-10-31 00:00:00-04:00,51.5,52.09000015258789,50.7599983215332,50.9900016784668,833800,0.0,0.0
2024-11-01 00:00:00-04:00,51.13999938964844,51.84000015258789,50.83000183105469,50.9900016784668,680600,0.0,0.0
2024-11-04 00:00:00-05:00,50.58000183105469,51.75,49.84000015258789,51.060001373291016,2295000,0.0,0.0
2024-11-05 00:00:00-05:00,50.09000015258789,52.189998626708984,49.88999938964844,52.18000030517578,1749700,0.0,0.0
2024-11-06 00:00:00-05:00,52.560001373291016,53.470001220703125,49.27000045776367,50.52000045776367,1611800,0.0,0.0
2024-11-07 00:00:00-05:00,50.529998779296875,51.31999969482422,49.599998474121094,50.43000030517578,706100,0.0,0.0
2024-11-08 00:00:00-05:00,50.79999923706055,51.45000076293945,49.959999084472656,50.36000061035156,1246800,0.0,0.0
2024-11-11 00:00:00-05:00,50.97999954223633,53.040000915527344,50.68000030517578,50.72999954223633,1060600,0.0,0.0
2024-11-12 00:00:00-05:00,50.279998779296875,50.47999954223633,47.724998474121094,47.84000015258789,857000,0.0,0.0
2024-11-13 00:00:00-05:00,48.27000045776367,49.369998931884766,47.7599983215332,48.709999084472656,1091300,0.0,0.0
2024-11-14 00:00:00-05:00,48.40999984741211,48.595001220703125,47.59000015258789,47.63999938964844,586300,0.0,0.0
2024-11-15 00:00:00-05:00,47.36000061035156,48.11000061035156,44.529998779296875,44.75,818900,0.0,0.0
2024-11-18 00:00:00-05:00,44.5,44.91999816894531,43.040000915527344,43.779998779296875,1039500,0.0,0.0
2024-11-19 00:00:00-05:00,43.900001525878906,45.150001525878906,43.375,45.130001068115234,1063700,0.0,0.0
2024-11-20 00:00:00-05:00,44.90999984741211,46.97999954223633,44.900001525878906,46.400001525878906,696200,0.0,0.0
2024-11-21 00:00:00-05:00,46.02000045776367,47.13999938964844,45.904998779296875,46.02000045776367,525600,0.0,0.0
2024-11-22 00:00:00-05:00,46.06999969482422,47.470001220703125,45.470001220703125,47.2400016784668,593900,0.0,0.0
2024-11-25 00:00:00-05:00,47.59000015258789,48.619998931884766,47.0,47.119998931884766,609300,0.0,0.0
2024-11-26 00:00:00-05:00,47.18000030517578,47.529998779296875,46.595001220703125,47.36000061035156,281300,0.0,0.0
2024-11-27 00:00:00-05:00,47.689998626708984,48.2400016784668,46.959999084472656,48.130001068115234,302400,0.0,0.0
2024-11-29 00:00:00-05:00,48.119998931884766,48.22999954223633,47.3650016784668,47.630001068115234,159200,0.0,0.0
2024-12-02 00:00:00-05:00,47.689998626708984,48.1349983215332,47.34000015258789,47.599998474121094,532200,0.0,0.0
2024-12-03 00:00:00-05:00,47.380001068115234,47.66999816894531,46.27000045776367,46.66999816894531,481700,0.0,0.0
2024-12-04 00:00:00-05:00,46.5,48.220001220703125,46.39500045776367,47.11000061035156,438000,0.0,0.0
2024-12-05 00:00:00-05:00,46.959999084472656,47.47999954223633,45.58000183105469,47.34000015258789,923000,0.0,0.0
2024-12-06 00:00:00-05:00,47.38999938964844,49.470001220703125,47.26499938964844,49.380001068115234,815500,0.0,0.0
2024-12-09 00:00:00-05:00,49.5,49.775001525878906,48.4900016784668,49.31999969482422,779700,0.0,0.0
2024-12-10 00:00:00-05:00,49.43000030517578,50.0,48.290000915527344,49.09000015258789,526800,0.0,0.0
2024-12-11 00:00:00-05:00,49.08000183105469,49.97999954223633,48.474998474121094,48.86000061035156,532800,0.0,0.0
2024-12-12 00:00:00-05:00,48.61000061035156,49.189998626708984,46.099998474121094,46.88999938964844,746000,0.0,0.0
2024-12-13 00:00:00-05:00,46.66999816894531,47.119998931884766,45.40999984741211,45.779998779296875,794200,0.0,0.0
2024-12-16 00:00:00-05:00,45.779998779296875,46.75,45.2599983215332,45.400001525878906,633500,0.0,0.0
2024-12-17 00:00:00-05:00,45.029998779296875,45.459999084472656,44.30500030517578,44.95000076293945,1037100,0.0,0.0
2024-12-18 00:00:00-05:00,44.79999923706055,45.0,42.33000183105469,42.939998626708984,1591000,0.0,0.0
2024-12-19 00:00:00-05:00,42.959999084472656,44.0,41.45000076293945,43.470001220703125,1175600,0.0,0.0
2024-12-20 00:00:00-05:00,43.47999954223633,44.45000076293945,42.849998474121094,44.220001220703125,1733600,0.0,0.0
2024-12-23 00:00:00-05:00,44.02000045776367,44.20000076293945,43.0,43.869998931884766,697500,0.0,0.0
2024-12-24 00:00:00-05:00,43.959999084472656,44.209999084472656,43.2400016784668,43.75,278000,0.0,0.0
2024-12-26 00:00:00-05:00,43.439998626708984,43.83399963378906,43.060001373291016,43.81999969482422,400600,0.0,0.0
2024-12-27 00:00:00-05:00,43.80500030517578,44.06999969482422,42.84000015258789,43.41999816894531,686500,0.0,0.0
2024-12-30 00:00:00-05:00,43.02000045776367,43.81999969482422,41.529998779296875,42.27000045776367,789600,0.0,0.0
2024-12-31 00:00:00-05:00,42.560001373291016,42.65999984741211,41.2599983215332,42.06999969482422,733800,0.0,0.0
2025-01-02 00:00:00-05:00,42.2599983215332,42.88999938964844,40.04999923706055,41.150001525878906,1535600,0.0,0.0
2025-01-03 00:00:00-05:00,41.150001525878906,41.95000076293945,41.095001220703125,41.5,1482800,0.0,0.0
2025-01-06 00:00:00-05:00,41.5099983215332,43.0,41.060001373291016,42.65999984741211,1908200,0.0,0.0
2025-01-07 00:00:00-05:00,43.11000061035156,46.2400016784668,43.03499984741211,44.439998626708984,1161800,0.0,0.0
2025-01-08 00:00:00-05:00,44.400001525878906,44.779998779296875,43.279998779296875,43.650001525878906,612900,0.0,0.0
2025-01-10 00:00:00-05:00,43.290000915527344,43.720001220703125,41.58000183105469,42.06999969482422,834000,0.0,0.0
2025-01-13 00:00:00-05:00,41.0,43.22999954223633,40.5,43.15999984741211,2179800,0.0,0.0
2025-01-14 00:00:00-05:00,43.33000183105469,44.52000045776367,39.790000915527344,40.02000045776367,989700,0.0,0.0
2025-01-15 00:00:00-05:00,40.83000183105469,43.7400016784668,40.630001068115234,40.97999954223633,1097100,0.0,0.0
2025-01-16 00:00:00-05:00,40.93000030517578,41.654998779296875,40.369998931884766,40.849998474121094,753300,0.0,0.0
2025-01-17 00:00:00-05:00,41.220001220703125,41.5,39.9900016784668,40.0,795100,0.0,0.0
2025-01-21 00:00:00-05:00,40.470001220703125,41.33000183105469,40.0099983215332,41.279998779296875,1164800,0.0,0.0
2025-01-22 00:00:00-05:00,41.349998474121094,43.18000030517578,41.099998474121094,42.939998626708984,807100,0.0,0.0
2025-01-23 00:00:00-05:00,43.04999923706055,45.47999954223633,42.689998626708984,44.849998474121094,1513600,0.0,0.0
2025-01-24 00:00:00-05:00,44.810001373291016,45.26900100708008,44.029998779296875,44.04999923706055,763000,0.0,0.0
2025-01-27 00:00:00-05:00,43.84000015258789,44.65999984741211,43.119998931884766,43.27000045776367,736300,0.0,0.0
2025-01-28 00:00:00-05:00,43.369998931884766,43.41999816894531,42.41400146484375,42.4900016784668,553400,0.0,0.0
2025-01-29 00:00:00-05:00,42.439998626708984,43.08000183105469,42.11000061035156,42.470001220703125,393300,0.0,0.0
2025-01-30 00:00:00-05:00,42.70000076293945,43.90999984741211,42.310001373291016,43.400001525878906,438500,0.0,0.0
2025-01-31 00:00:00-05:00,43.619998931884766,43.83000183105469,42.75,43.029998779296875,465600,0.0,0.0
2025-02-03 00:00:00-05:00,42.189998626708984,44.130001068115234,41.88999938964844,43.41999816894531,754500,0.0,0.0
2025-02-04 00:00:00-05:00,43.22999954223633,44.529998779296875,43.22999954223633,44.18000030517578,498200,0.0,0.0
2025-02-05 00:00:00-05:00,44.369998931884766,45.6349983215332,44.189998626708984,45.369998931884766,554500,0.0,0.0
2025-02-06 00:00:00-05:00,45.380001068115234,46.5,44.68000030517578,45.779998779296875,761600,0.0,0.0
2025-02-07 00:00:00-05:00,45.72999954223633,46.150001525878906,45.02000045776367,45.349998474121094,690700,0.0,0.0
2025-02-10 00:00:00-05:00,45.560001373291016,45.66999816894531,44.650001525878906,44.779998779296875,579600,0.0,0.0
2025-02-11 00:00:00-05:00,44.20000076293945,45.02000045776367,43.4900016784668,43.58000183105469,571700,0.0,0.0
2025-02-12 00:00:00-05:00,42.869998931884766,43.7400016784668,42.52000045776367,43.43000030517578,635000,0.0,0.0
2025-02-13 00:00:00-05:00,43.5099983215332,43.900001525878906,42.959999084472656,43.52000045776367,784300,0.0,0.0
2025-02-14 00:00:00-05:00,44.52000045776367,46.27000045776367,41.72999954223633,42.4900016784668,1211500,0.0,0.0
2025-02-18 00:00:00-05:00,42.83000183105469,44.720001220703125,42.56999969482422,43.619998931884766,818100,0.0,0.0
2025-02-19 00:00:00-05:00,43.63999938964844,44.97999954223633,43.51499938964844,44.290000915527344,685000,0.0,0.0
2025-02-20 00:00:00-05:00,44.380001068115234,44.880001068115234,44.0,44.47999954223633,618700,0.0,0.0
2025-02-21 00:00:00-05:00,44.400001525878906,45.0,42.540000915527344,42.59000015258789,616000,0.0,0.0
2025-02-24 00:00:00-05:00,42.849998474121094,42.849998474121094,40.874000549316406,41.84000015258789,628000,0.0,0.0
2025-02-25 00:00:00-05:00,41.81999969482422,42.0,39.7400016784668,40.79999923706055,947400,0.0,0.0
2025-02-26 00:00:00-05:00,41.09000015258789,42.900001525878906,40.65999984741211,41.619998931884766,690300,0.0,0.0
2025-02-27 00:00:00-05:00,41.7400016784668,43.540000915527344,41.68000030517578,41.970001220703125,652700,0.0,0.0
2025-02-28 00:00:00-05:00,41.7400016784668,43.0,41.68000030517578,42.91999816894531,910500,0.0,0.0
2025-03-03 00:00:00-05:00,42.63999938964844,43.220001220703125,40.849998474121094,41.2599983215332,708400,0.0,0.0
2025-03-04 00:00:00-05:00,40.650001525878906,41.25,39.729000091552734,41.099998474121094,1385600,0.0,0.0
2025-03-05 00:00:00-05:00,41.0,41.369998931884766,39.720001220703125,40.869998931884766,835400,0.0,0.0
2025-03-06 00:00:00-05:00,40.060001373291016,41.11000061035156,39.82500076293945,40.02000045776367,1130400,0.0,0.0
2025-03-07 00:00:00-05:00,40.08000183105469,40.25,38.61000061035156,38.619998931884766,724700,0.0,0.0
2025-03-10 00:00:00-04:00,38.06999969482422,38.7239990234375,37.099998474121094,37.5,914500,0.0,0.0
2025-03-11 00:00:00-04:00,37.529998779296875,38.654998779296875,37.2599983215332,38.33000183105469,840500,0.0,0.0
2025-03-12 00:00:00-04:00,38.5,40.43000030517578,38.290000915527344,40.290000915527344,677500,0.0,0.0
2025-03-13 00:00:00-04:00,40.2599983215332,40.53499984741211,39.189998626708984,39.25,446500,0.0,0.0
2025-03-14 00:00:00-04:00,39.31999969482422,40.060001373291016,39.04999923706055,39.34000015258789,401500,0.0,0.0
2025-03-17 00:00:00-04:00,39.11000061035156,40.06999969482422,38.47999954223633,39.63999938964844,455300,0.0,0.0
2025-03-18 00:00:00-04:00,39.02000045776367,39.51499938964844,38.650001525878906,38.86000061035156,423200,0.0,0.0
2025-03-19 00:00:00-04:00,38.86000061035156,40.150001525878906,38.69499969482422,39.68000030517578,819000,0.0,0.0
2025-03-20 00:00:00-04:00,39.33000183105469,40.20500183105469,38.86000061035156,38.88999938964844,551400,0.0,0.0
2025-03-21 00:00:00-04:00,38.529998779296875,39.279998779296875,38.18000030517578,39.18000030517578,935000,0.0,0.0
2025-03-24 00:00:00-04:00,39.439998626708984,39.869998931884766,38.987998962402344,39.36000061035156,545400,0.0,0.0
2025-03-25 00:00:00-04:00,39.189998626708984,39.189998626708984,38.119998931884766,38.689998626708984,1070000,0.0,0.0
2025-03-26 00:00:00-04:00,38.77000045776367,38.77000045776367,36.709999084472656,37.97999954223633,976700,0.0,0.0
2025-03-27 00:00:00-04:00,38.439998626708984,39.20500183105469,37.97999954223633,38.88999938964844,558100,0.0,0.0
2025-03-28 00:00:00-04:00,38.63999938964844,38.755001068115234,37.70000076293945,37.81999969482422,323200,0.0,0.0
2025-03-31 00:00:00-04:00,36.90999984741211,36.97999954223633,35.53300094604492,36.209999084472656,958400,0.0,0.0
2025-04-01 00:00:00-04:00,36.060001373291016,36.25,33.689998626708984,33.84000015258789,993200,0.0,0.0
2025-04-02 00:00:00-04:00,33.529998779296875,35.41999816894531,33.529998779296875,35.369998931884766,570900,0.0,0.0
2025-04-03 00:00:00-04:00,34.349998474121094,35.470001220703125,34.28499984741211,35.130001068115234,631800,0.0,0.0
2025-04-04 00:00:00-04:00,34.31999969482422,34.790000915527344,32.06999969482422,32.43000030517578,879500,0.0,0.0
2025-04-07 00:00:00-04:00,30.989999771118164,33.345001220703125,30.459999084472656,32.13999938964844,1170700,0.0,0.0
2025-04-08 00:00:00-04:00,32.95000076293945,34.150001525878906,30.145000457763672,31.059999465942383,1303800,0.0,0.0
2025-04-09 00:00:00-04:00,30.18000030517578,34.4900016784668,29.59000015258789,33.90999984741211,2063200,0.0,0.0
2025-04-10 00:00:00-04:00,33.220001220703125,33.619998931884766,31.360000610351562,33.15999984741211,1771300,0.0,0.0
2025-04-11 00:00:00-04:00,33.16999816894531,34.5,32.40999984741211,34.13999938964844,1103600,0.0,0.0
2025-04-14 00:00:00-04:00,34.66999816894531,35.099998474121094,33.810001373291016,34.91999816894531,1204900,0.0,0.0
2025-04-15 00:00:00-04:00,34.7400016784668,35.540000915527344,34.47999954223633,35.34000015258789,852300,0.0,0.0
2025-04-16 00:00:00-04:00,35.060001373291016,35.150001525878906,34.23099899291992,34.97999954223633,746200,0.0,0.0
2025-04-17 00:00:00-04:00,35.0,35.7400016784668,34.74300003051758,35.689998626708984,690800,0.0,0.0
2025-04-21 00:00:00-04:00,35.119998931884766,37.2400016784668,34.6349983215332,35.400001525878906,1013100,0.0,0.0
2025-04-22 00:00:00-04:00,36.33000183105469,36.33000183105469,35.25,35.90999984741211,1535300,0.0,0.0
2025-04-23 00:00:00-04:00,36.900001525878906,37.810001373291016,36.14500045776367,37.310001373291016,966200,0.0,0.0
2025-04-24 00:00:00-04:00,37.43000030517578,37.849998474121094,37.0099983215332,37.63999938964844,1343500,0.0,0.0
2025-04-25 00:00:00-04:00,37.45000076293945,38.150001525878906,36.91999816894531,38.09000015258789,575400,0.0,0.0
2025-04-28 00:00:00-04:00,38.400001525878906,38.89699935913086,37.4900016784668,37.97999954223633,551800,0.0,0.0
2025-04-29 00:00:00-04:00,37.970001220703125,38.439998626708984,37.66999816894531,38.06999969482422,782000,0.0,0.0
2025-04-30 00:00:00-04:00,37.79499816894531,39.2400016784668,37.79499816894531,38.97999954223633,747400,0.0,0.0
2025-05-01 00:00:00-04:00,39.0,39.25,37.88999938964844,38.970001220703125,662300,0.0,0.0
2025-05-02 00:00:00-04:00,39.20000076293945,40.130001068115234,39.18000030517578,39.29999923706055,1044500,0.0,0.0
2025-05-05 00:00:00-04:00,39.2400016784668,39.415000915527344,38.540000915527344,38.869998931884766,588300,0.0,0.0
2025-05-06 00:00:00-04:00,38.0,38.38999938964844,34.959999084472656,35.060001373291016,1317600,0.0,0.0
2025-05-07 00:00:00-04:00,35.65999984741211,36.025001525878906,32.7599983215332,33.41999816894531,1766600,0.0,0.0
2025-05-08 00:00:00-04:00,33.130001068115234,36.849998474121094,33.130001068115234,35.97999954223633,1835400,0.0,0.0
2025-05-09 00:00:00-04:00,36.310001373291016,37.5,35.0099983215332,35.11000061035156,1136700,0.0,0.0
2025-05-12 00:00:00-04:00,36.92499923706055,37.279998779296875,35.959999084472656,36.09000015258789,1426600,0.0,0.0
2025-05-13 00:00:00-04:00,35.9900016784668,36.04999923706055,34.8849983215332,35.400001525878906,705700,0.0,0.0
2025-05-14 00:00:00-04:00,35.43000030517578,36.029998779296875,34.470001220703125,34.720001220703125,581000,0.0,0.0
2025-05-15 00:00:00-04:00,34.790000915527344,34.959999084472656,34.275001525878906,34.84000015258789,442000,0.0,0.0
2025-05-16 00:00:00-04:00,34.68000030517578,35.66999816894531,34.334999084472656,35.61000061035156,616600,0.0,0.0
2025-05-19 00:00:00-04:00,35.34000015258789,36.58000183105469,35.005001068115234,36.189998626708984,676000,0.0,0.0
2025-05-20 00:00:00-04:00,36.310001373291016,37.47999954223633,36.18000030517578,37.349998474121094,624500,0.0,0.0
2025-05-21 00:00:00-04:00,36.91999816894531,37.54999923706055,35.290000915527344,35.40999984741211,680800,0.0,0.0
2025-05-22 00:00:00-04:00,34.970001220703125,35.790000915527344,34.880001068115234,35.5099983215332,514300,0.0,0.0
2025-05-23 00:00:00-04:00,35.0099983215332,35.76499938964844,35.0099983215332,35.65999984741211,441500,0.0,0.0
2025-05-27 00:00:00-04:00,36.06999969482422,36.220001220703125,34.93000030517578,35.08000183105469,1718000,0.0,0.0
2025-05-28 00:00:00-04:00,35.4900016784668,35.85300064086914,33.970001220703125,34.349998474121094,2002400,0.0,0.0
2025-05-29 00:00:00-04:00,34.709999084472656,35.5,34.349998474121094,35.029998779296875,1217600,0.0,0.0
2025-05-30 00:00:00-04:00,34.869998931884766,34.9900016784668,33.47999954223633,34.029998779296875,1631400,0.0,0.0
2025-06-02 00:00:00-04:00,34.20000076293945,36.404998779296875,34.099998474121094,36.13999938964844,1090200,0.0,0.0
2025-06-03 00:00:00-04:00,36.33000183105469,36.849998474121094,35.790000915527344,36.400001525878906,869200,0.0,0.0
2025-06-04 00:00:00-04:00,36.5099983215332,36.95000076293945,36.20199966430664,36.61000061035156,759200,0.0,0.0
2025-06-05 00:00:00-04:00,36.61000061035156,37.22999954223633,35.73099899291992,36.90999984741211,1414500,0.0,0.0
2025-06-06 00:00:00-04:00,37.20000076293945,37.47999954223633,36.5,37.165000915527344,930300,0.0,0.0
2025-06-09 00:00:00-04:00,37.84000015258789,37.939998626708984,36.130001068115234,37.040000915527344,1226100,0.0,0.0
2025-06-10 00:00:00-04:00,37.20000076293945,37.97999954223633,37.20000076293945,37.5099983215332,1180300,0.0,0.0
2025-06-11 00:00:00-04:00,37.95000076293945,38.45000076293945,37.404998779296875,37.5099983215332,1510900,0.0,0.0
2025-06-12 00:00:00-04:00,37.369998931884766,40.189998626708984,37.11000061035156,39.290000915527344,1919800,0.0,0.0
2025-06-13 00:00:00-04:00,38.34000015258789,39.33000183105469,37.130001068115234,37.4900016784668,1094000,0.0,0.0
2025-06-16 00:00:00-04:00,37.220001220703125,37.900001525878906,36.362998962402344,37.11000061035156,818500,0.0,0.0
2025-06-17 00:00:00-04:00,36.650001525878906,37.150001525878906,36.31999969482422,36.65999984741211,704700,0.0,0.0
2025-06-18 00:00:00-04:00,36.75,37.40999984741211,36.0099983215332,37.349998474121094,1019000,0.0,0.0
2025-06-20 00:00:00-04:00,37.38999938964844,37.7400016784668,36.45000076293945,37.13999938964844,1203000,0.0,0.0
2025-06-23 00:00:00-04:00,36.81999969482422,37.45000076293945,36.29999923706055,36.83000183105469,771600,0.0,0.0
2025-06-24 00:00:00-04:00,37.130001068115234,37.47999954223633,36.03300094604492,37.15999984741211,919100,0.0,0.0
2025-06-25 00:00:00-04:00,37.18000030517578,37.6349983215332,36.20000076293945,37.43000030517578,690600,0.0,0.0
2025-06-26 00:00:00-04:00,37.43000030517578,37.849998474121094,36.41999816894531,37.119998931884766,587000,0.0,0.0
2025-06-27 00:00:00-04:00,37.4900016784668,38.189998626708984,35.59000015258789,36.52000045776367,2680700,0.0,0.0
2025-06-30 00:00:00-04:00,36.77000045776367,37.084999084472656,36.08000183105469,36.36000061035156,906900,0.0,0.0
2025-07-01 00:00:00-04:00,36.290000915527344,36.9900016784668,35.5099983215332,36.2599983215332,689800,0.0,0.0
2025-07-02 00:00:00-04:00,36.56999969482422,39.869998931884766,36.47999954223633,39.459999084472656,1815200,0.0,0.0
2025-07-03 00:00:00-04:00,39.56999969482422,39.97999954223633,39.02000045776367,39.90999984741211,685300,0.0,0.0
2025-07-07 00:00:00-04:00,39.61000061035156,39.79499816894531,38.90999984741211,39.61000061035156,1101900,0.0,0.0
2025-07-08 00:00:00-04:00,39.65999984741211,40.11000061035156,39.19499969482422,39.41999816894531,1205400,0.0,0.0
2025-07-09 00:00:00-04:00,39.970001220703125,42.369998931884766,39.70000076293945,41.439998626708984,2742600,0.0,0.0
2025-07-10 00:00:00-04:00,33.20000076293945,33.40800094604492,29.059999465942383,31.03499984741211,12979000,0.0,0.0
2025-07-11 00:00:00-04:00,30.639999389648438,30.8799991607666,29.030000686645508,29.510000228881836,5681300,0.0,0.0
2025-07-14 00:00:00-04:00,28.530000686645508,30.170000076293945,28.350000381469727,29.229999542236328,4198300,0.0,0.0
2025-07-15 00:00:00-04:00,29.34000015258789,29.360000610351562,26.850000381469727,27.200000762939453,4769200,0.0,0.0
2025-07-16 00:00:00-04:00,27.469999313354492,28.020000457763672,27.107999801635742,27.309999465942383,3045900,0.0,0.0
2025-07-17 00:00:00-04:00,27.360000610351562,27.915000915527344,27.309999465942383,27.40999984741211,2148100,0.0,0.0
2025-07-18 00:00:00-04:00,27.40999984741211,27.889999389648438,25.9950008392334,26.309999465942383,3905800,0.0,0.0
2025-07-21 00:00:00-04:00,26.389999389648438,26.825000762939453,25.809999465942383,26.389999389648438,3958600,0.0,0.0
2025-07-22 00:00:00-04:00,26.239999771118164,26.719999313354492,25.98699951171875,26.440000534057617,2991800,0.0,0.0
2025-07-23 00:00:00-04:00,26.739999771118164,28.520000457763672,26.270000457763672,28.010000228881836,2892700,0.0,0.0
2025-07-24 00:00:00-04:00,27.959999084472656,28.214000701904297,27.110000610351562,27.299999237060547,2321700,0.0,0.0
2025-07-25 00:00:00-04:00,27.420000076293945,27.579999923706055,26.9950008392334,27.34000015258789,1253300,0.0,0.0
2025-07-28 00:00:00-04:00,27.780000686645508,28.030000686645508,27.229999542236328,27.610000610351562,2025700,0.0,0.0
2025-07-29 00:00:00-04:00,27.790000915527344,28.479999542236328,27.399999618530273,27.65999984741211,2459900,0.0,0.0
2025-07-30 00:00:00-04:00,28.219999313354492,28.459999084472656,27.010000228881836,27.139999389648438,2317600,0.0,0.0
2025-07-31 00:00:00-04:00,26.950000762939453,27.530000686645508,26.850000381469727,27.31999969482422,1805700,0.0,0.0
2025-08-01 00:00:00-04:00,27.139999389648438,28.479999542236328,26.860000610351562,28.440000534057617,2240500,0.0,0.0
2025-08-04 00:00:00-04:00,28.68000030517578,28.799999237060547,27.8799991607666,28.459999084472656,1651600,0.0,0.0
2025-08-05 00:00:00-04:00,28.110000610351562,29.149999618530273,27.649999618530273,28.920000076293945,1706200,0.0,0.0
2025-08-06 00:00:00-04:00,28.479999542236328,28.920000076293945,26.520000457763672,28.049999237060547,3039000,0.0,0.0
2025-08-07 00:00:00-04:00,27.96500015258789,28.56100082397461,27.40999984741211,27.829999923706055,1880400,0.0,0.0
2025-08-08 00:00:00-04:00,27.989999771118164,28.209999084472656,27.399999618530273,27.540000915527344,1527900,0.0,0.0
2025-08-11 00:00:00-04:00,27.530000686645508,27.584999084472656,27.0,27.389999389648438,1802100,0.0,0.0
2025-08-12 00:00:00-04:00,27.450000762939453,28.15999984741211,27.389999389648438,28.110000610351562,1128500,0.0,0.0
2025-08-13 00:00:00-04:00,28.43000030517578,29.3700008392334,28.1200008392334,28.969999313354492,1690800,0.0,0.0
2025-08-14 00:00:00-04:00,28.649999618530273,29.040000915527344,28.489999771118164,29.010000228881836,1264200,0.0,0.0
2025-08-15 00:00:00-04:00,29.1299991607666,30.100000381469727,29.065000534057617,29.690000534057617,1350300,0.0,0.0
2025-08-18 00:00:00-04:00,29.780000686645508,30.030000686645508,29.540000915527344,29.700000762939453,1699400,0.0,0.0
2025-08-19 00:00:00-04:00,29.670000076293945,29.84000015258789,28.93000030517578,29.1200008392334,1269700,0.0,0.0
2025-08-20 00:00:00-04:00,29.020000457763672,29.5,28.9950008392334,29.360000610351562,1153400,0.0,0.0
2025-08-21 00:00:00-04:00,29.06999969482422,29.6200008392334,28.850000381469727,29.520000457763672,1170400,0.0,0.0
2025-08-22 00:00:00-04:00,29.8799991607666,30.40999984741211,29.5,29.780000686645508,1267900,0.0,0.0
2025-08-25 00:00:00-04:00,29.989999771118164,30.079999923706055,29.149999618530273,29.270000457763672,1061500,0.0,0.0
2025-08-26 00:00:00-04:00,29.149999618530273,29.6299991607666,29.040000915527344,29.559999465942383,1253200,0.0,0.0
2025-08-27 00:00:00-04:00,29.540000915527344,30.520000457763672,29.53499984741211,30.079999923706055,1154000,0.0,0.0
2025-08-28 00:00:00-04:00,30.049999237060547,30.610000610351562,30.049999237060547,30.299999237060547,1034000,0.0,0.0
2025-08-29 00:00:00-04:00,30.270000457763672,30.600000381469727,29.709999084472656,29.959999084472656,1340100,0.0,0.0
2025-09-02 00:00:00-04:00,30.5,32.209999084472656,30.424999237060547,32.029998779296875,2011800,0.0,0.0
2025-09-03 00:00:00-04:00,32.029998779296875,32.58000183105469,31.40999984741211,31.549999237060547,1620100,0.0,0.0
2025-09-04 00:00:00-04:00,31.6299991607666,31.92099952697754,31.030000686645508,31.280000686645508,1400500,0.0,0.0
2025-09-05 00:00:00-04:00,31.729999542236328,32.2599983215332,31.280000686645508,31.81999969482422,1325400,0.0,0.0
2025-09-08 00:00:00-04:00,31.770000457763672,31.8700008392334,31.219999313354492,31.510000228881836,1345000,0.0,0.0
2025-09-09 00:00:00-04:00,31.530000686645508,31.739999771118164,31.25,31.5,937000,0.0,0.0
2025-09-10 00:00:00-04:00,31.450000762939453,31.799999237060547,31.040000915527344,31.290000915527344,1905100,0.0,0.0
2025-09-11 00:00:00-04:00,31.25,31.6299991607666,30.44700050354004,31.229999542236328,1656300,0.0,0.0
2025-09-12 00:00:00-04:00,31.020000457763672,31.469999313354492,30.270000457763672,30.309999465942383,1391000,0.0,0.0
2025-09-15 00:00:00-04:00,30.09000015258789,30.450000762939453,28.959999084472656,29.0,1993700,0.0,0.0
2025-09-16 00:00:00-04:00,29.079999923706055,29.790000915527344,29.075000762939453,29.479999542236328,2063700,0.0,0.0
2025-09-17 00:00:00-04:00,29.6200008392334,29.889999389648438,28.6200008392334,28.709999084472656,1366700,0.0,0.0
2025-09-18 00:00:00-04:00,29.170000076293945,29.5,28.649999618530273,29.110000610351562,1675600,0.0,0.0
2025-09-19 00:00:00-04:00,29.15999984741211,29.200000762939453,28.09000015258789,28.1299991607666,3627100,0.0,0.0
2025-09-22 00:00:00-04:00,28.219999313354492,29.700000762939453,27.8799991607666,29.469999313354492,1600300,0.0,0.0
2025-09-23 00:00:00-04:00,29.389999389648438,29.63599967956543,28.280000686645508,28.399999618530273,1389100,0.0,0.0
2025-09-24 00:00:00-04:00,28.3799991607666,29.045000076293945,28.049999237060547,28.760000228881836,1753400,0.0,0.0
2025-09-25 00:00:00-04:00,28.700000762939453,28.700000762939453,27.75,27.81999969482422,1611500,0.0,0.0
2025-09-26 00:00:00-04:00,28.0,29.34000015258789,27.989999771118164,29.079999923706055,2659300,0.0,0.0
2025-09-29 00:00:00-04:00,29.260000228881836,31.149999618530273,29.020000457763672,30.360000610351562,2408400,0.0,0.0
2025-09-30 00:00:00-04:00,30.440000534057617,30.600000381469727,29.6299991607666,30.079999923706055,1623200,0.0,0.0
2025-10-01 00:00:00-04:00,30.219999313354492,30.860000610351562,29.594999313354492,29.989999771118164,1961500,0.0,0.0
2025-10-02 00:00:00-04:00,30.21500015258789,30.93000030517578,29.812000274658203,30.899999618530273,1223800,0.0,0.0
2025-10-03 00:00:00-04:00,31.040000915527344,31.618999481201172,30.81999969482422,31.209999084472656,1364500,0.0,0.0
2025-10-06 00:00:00-04:00,31.420000076293945,31.700000762939453,30.149999618530273,30.190000534057617,1320200,0.0,0.0
2025-10-07 00:00:00-04:00,30.489999771118164,30.524999618530273,29.56999969482422,29.739999771118164,1452100,0.0,0.0
2025-10-08 00:00:00-04:00,29.739999771118164,31.510000228881836,29.600000381469727,30.860000610351562,1276100,0.0,0.0
2025-10-09 00:00:00-04:00,31.010000228881836,32.099998474121094,30.93000030517578,31.65999984741211,1642700,0.0,0.0
2025-10-10 00:00:00-04:00,31.809999465942383,31.834999084472656,30.93000030517578,31.450000762939453,1574200,0.0,0.0
2025-10-13 00:00:00-04:00,31.510000228881836,32.29999923706055,31.368999481201172,32.02000045776367,1003300,0.0,0.0
2025-10-14 00:00:00-04:00,31.950000762939453,32.13999938964844,31.440000534057617,31.690000534057617,1229100,0.0,0.0
2025-10-15 00:00:00-04:00,31.770000457763672,33.56999969482422,31.60300064086914,33.43000030517578,1570200,0.0,0.0
2025-10-16 00:00:00-04:00,33.7400016784668,34.5,33.29999923706055,33.970001220703125,2046100,0.0,0.0
2025-10-17 00:00:00-04:00,33.84000015258789,34.220001220703125,32.38999938964844,32.6349983215332,1238700,0.0,0.0
2025-10-20 00:00:00-04:00,33.290000915527344,34.75,33.04999923706055,34.400001525878906,1306600,0.0,0.0
2025-10-21 00:00:00-04:00,34.15999984741211,34.779998779296875,33.89099884033203,34.189998626708984,1179100,0.0,0.0
2025-10-22 00:00:00-04:00,34.04999923706055,34.33000183105469,33.099998474121094,33.13999938964844,934500,0.0,0.0
2025-10-23 00:00:00-04:00,33.209999084472656,34.11000061035156,33.02000045776367,33.630001068115234,1002500,0.0,0.0
2025-10-24 00:00:00-04:00,33.689998626708984,34.209999084472656,33.25,33.529998779296875,1083500,0.0,0.0
2025-10-27 00:00:00-04:00,34.40999984741211,35.47999954223633,34.0,35.310001373291016,1746000,0.0,0.0
2025-10-28 00:00:00-04:00,34.90999984741211,35.95000076293945,34.470001220703125,34.77000045776367,1188000,0.0,0.0
2025-10-29 00:00:00-04:00,34.529998779296875,35.77000045776367,33.939998626708984,34.59000015258789,1264900,0.0,0.0
2025-10-30 00:00:00-04:00,34.369998931884766,35.56999969482422,34.2599983215332,35.16999816894531,1107500,0.0,0.0
2025-10-31 00:00:00-04:00,34.9900016784668,35.380001068115234,34.35499954223633,34.599998474121094,1267700,0.0,0.0
2025-11-03 00:00:00-05:00,34.0,34.959999084472656,32.935001373291016,33.470001220703125,1407500,0.0,0.0
2025-11-04 00:00:00-05:00,32.970001220703125,33.5,32.40999984741211,32.459999084472656,1524800,0.0,0.0
2025-11-05 00:00:00-05:00,28.899999618530273,32.25,28.559999465942383,31.8700008392334,2780600,0.0,0.0
2025-11-06 00:00:00-05:00,31.850000381469727,31.8799991607666,30.052000045776367,30.950000762939453,1872500,0.0,0.0
2025-11-07 00:00:00-05:00,30.420000076293945,30.75,29.360000610351562,30.6299991607666,1355300,0.0,0.0
2025-11-10 00:00:00-05:00,31.110000610351562,32.07500076293945,30.3799991607666,31.940000534057617,1157200,0.0,0.0
2025-11-11 00:00:00-05:00,31.950000762939453,33.279998779296875,31.5,33.25,1172300,0.0,0.0
2025-11-12 00:00:00-05:00,33.25,33.7400016784668,32.95000076293945,33.529998779296875,1078900,0.0,0.0
2025-11-13 00:00:00-05:00,32.93000030517578,33.81999969482422,32.40999984741211,32.900001525878906,1257200,0.0,0.0
2025-11-14 00:00:00-05:00,32.41999816894531,34.0099983215332,32.375,33.08000183105469,1265300,0.0,0.0
2025-11-17 00:00:00-05:00,32.79999923706055,33.40999984741211,32.310001373291016,32.540000915527344,1117300,0.0,0.0
2025-11-18 00:00:00-05:00,32.380001068115234,33.209999084472656,31.850000381469727,32.83000183105469,930000,0.0,0.0
2025-11-19 00:00:00-05:00,32.65999984741211,32.88999938964844,31.479999542236328,31.860000610351562,1068100,0.0,0.0
2025-11-20 00:00:00-05:00,32.25,32.904998779296875,31.0,31.18000030517578,1028300,0.0,0.0
2025-11-21 00:00:00-05:00,31.520000457763672,33.790000915527344,31.25,33.59000015258789,1683000,0.0,0.0
2025-11-24 00:00:00-05:00,33.32500076293945,34.209999084472656,32.57500076293945,32.779998779296875,1878400,0.0,0.0
2025-11-25 00:00:00-05:00,33.09000015258789,33.59000015258789,32.060001373291016,33.525001525878906,1513900,0.0,0.0
2025-11-26 00:00:00-05:00,33.220001220703125,34.0,32.97999954223633,33.7599983215332,1304200,0.0,0.0
2025-11-28 00:00:00-05:00,33.81999969482422,34.84000015258789,33.599998474121094,34.75,785200,0.0,0.0
2025-12-01 00:00:00-05:00,34.314998626708984,34.369998931884766,33.185001373291016,33.369998931884766,1042700,0.0,0.0
2025-12-02 00:00:00-05:00,33.369998931884766,34.084999084472656,33.15999984741211,33.470001220703125,949800,0.0,0.0
2025-12-03 00:00:00-05:00,33.529998779296875,36.540000915527344,33.47999954223633,36.45000076293945,2023200,0.0,0.0
2025-12-04 00:00:00-05:00,36.459999084472656,37.25,36.08000183105469,36.540000915527344,1242900,0.0,0.0
2025-12-05 00:00:00-05:00,36.619998931884766,37.25,35.935001373291016,36.380001068115234,1281700,0.0,0.0
2025-12-08 00:00:00-05:00,39.0,39.88999938964844,36.220001220703125,36.45000076293945,1659200,0.0,0.0
2025-12-09 00:00:00-05:00,36.38999938964844,36.709999084472656,35.68000030517578,36.29999923706055,2409200,0.0,0.0
2025-12-10 00:00:00-05:00,36.380001068115234,36.47999954223633,35.650001525878906,36.0,1684700,0.0,0.0
2025-12-11 00:00:00-05:00,36.41999816894531,36.7400016784668,35.915000915527344,36.20000076293945,1320900,0.0,0.0
2025-12-12 00:00:00-05:00,36.38999938964844,36.53900146484375,35.93299865722656,36.22999954223633,1589500,0.0,0.0
2025-12-15 00:00:00-05:00,36.68000030517578,36.81100082397461,35.81999969482422,36.22999954223633,1715200,0.0,0.0
2025-12-16 00:00:00-05:00,36.04999923706055,36.540000915527344,34.1879997253418,34.34000015258789,1487600,0.0,0.0
2025-12-17 00:00:00-05:00,34.43000030517578,34.63999938964844,32.845001220703125,33.209999084472656,1791500,0.0,0.0
2025-12-18 00:00:00-05:00,33.310001373291016,34.16999816894531,32.63999938964844,32.84000015258789,1475300,0.0,0.0
2025-12-19 00:00:00-05:00,32.84000015258789,34.029998779296875,32.650001525878906,33.5,2497100,0.0,0.0
2025-12-22 00:00:00-05:00,33.56999969482422,35.1150016784668,33.209999084472656,34.75,2342800,0.0,0.0
2025-12-23 00:00:00-05:00,34.72999954223633,34.88999938964844,34.06999969482422,34.130001068115234,841300,0.0,0.0
2025-12-24 00:00:00-05:00,34.4900016784668,34.7599983215332,34.1349983215332,34.58000183105469,721600,0.0,0.0
2025-12-26 00:00:00-05:00,34.380001068115234,34.470001220703125,33.900001525878906,34.189998626708984,629200,0.0,0.0
2025-12-29 00:00:00-05:00,19.31999969482422,20.489999771118164,18.40999984741211,19.719999313354492,21699800,0.0,0.0
2025-12-30 00:00:00-05:00,19.850000381469727,22.8700008392334,19.799999237060547,22.780000686645508,11045700,0.0,0.0
2025-12-31 00:00:00-05:00,22.5,23.059999465942383,21.895999908447266,23.0,3677300,0.0,0.0
2026-01-02 00:00:00-05:00,22.84000015258789,24.0,22.5,23.600000381469727,3639700,0.0,0.0
2026-01-05 00:00:00-05:00,23.420000076293945,23.75,22.639999389648438,23.110000610351562,3956400,0.0,0.0
2026-01-06 00:00:00-05:00,22.940000534057617,23.15999984741211,22.06999969482422,22.540000915527344,3744400,0.0,0.0
2026-01-07 00:00:00-05:00,22.860000610351562,24.6200008392334,22.729999542236328,24.200000762939453,4460400,0.0,0.0
2026-01-08 00:00:00-05:00,24.299999237060547,25.094999313354492,22.920000076293945,23.209999084472656,2681800,0.0,0.0
2026-01-09 00:00:00-05:00,23.459999084472656,23.899999618530273,22.5,22.510000228881836,2764700,0.0,0.0
2026-01-12 00:00:00-05:00,22.950000762939453,24.649999618530273,22.399999618530273,24.3700008392334,4596500,0.0,0.0
2026-01-13 00:00:00-05:00,24.479999542236328,24.524999618530273,23.469999313354492,24.110000610351562,3545100,0.0,0.0
2026-01-14 00:00:00-05:00,24.1200008392334,24.31999969482422,23.709999084472656,24.06999969482422,2264700,0.0,0.0
2026-01-15 00:00:00-05:00,23.8700008392334,24.1200008392334,23.09000015258789,23.5,1760800,0.0,0.0
2026-01-16 00:00:00-05:00,23.360000610351562,23.770000457763672,22.43000030517578,22.489999771118164,1900600,0.0,0.0
2026-01-20 00:00:00-05:00,22.1200008392334,22.959999084472656,22.0,22.6299991607666,2275800,0.0,0.0
2026-01-21 00:00:00-05:00,22.719999313354492,22.975000381469727,22.489999771118164,22.75,3048900,0.0,0.0
2026-01-22 00:00:00-05:00,22.780000686645508,23.8700008392334,22.711000442504883,23.399999618530273,2323900,0.0,0.0
2026-01-23 00:00:00-05:00,23.3700008392334,24.530000686645508,23.15999984741211,24.209999084472656,3695700,0.0,0.0
2026-01-26 00:00:00-05:00,24.100000381469727,24.899999618530273,24.09000015258789,24.309999465942383,1859500,0.0,0.0
2026-01-27 00:00:00-05:00,24.229999542236328,25.0,24.229999542236328,24.6200008392334,1629100,0.0,0.0
2026-01-28 00:00:00-05:00,24.959999084472656,24.959999084472656,24.329999923706055,24.440000534057617,1810200,0.0,0.0
2026-01-29 00:00:00-05:00,24.399999618530273,24.700000762939453,23.979999542236328,24.270000457763672,1689000,0.0,0.0
2026-01-30 00:00:00-05:00,24.1299991607666,24.59000015258789,23.260000228881836,24.06999969482422,3775600,0.0,0.0
2026-02-02 00:00:00-05:00,23.559999465942383,24.90999984741211,23.559999465942383,24.760000228881836,3438000,0.0,0.0
2026-02-03 00:00:00-05:00,24.920000076293945,25.81999969482422,24.364999771118164,24.799999237060547,2604800,0.0,0.0
2026-02-04 00:00:00-05:00,25.06999969482422,25.06999969482422,24.079999923706055,24.690000534057617,1859800,0.0,0.0
2026-02-05 00:00:00-05:00,24.59000015258789,24.93000030517578,23.760000228881836,23.790000915527344,1720600,0.0,0.0
2026-02-06 00:00:00-05:00,24.25,24.8700008392334,23.889999389648438,24.700000762939453,2679700,0.0,0.0
2026-02-09 00:00:00-05:00,24.65999984741211,24.670000076293945,23.780000686645508,23.8799991607666,1707200,0.0,0.0
2026-02-10 00:00:00-05:00,23.489999771118164,24.679000854492188,23.489999771118164,24.200000762939453,1216300,0.0,0.0
2026-02-11 00:00:00-05:00,24.229999542236328,24.350000381469727,23.270000457763672,23.8799991607666,1402700,0.0,0.0
2026-02-12 00:00:00-05:00,23.959999084472656,24.347999572753906,22.93000030517578,23.5,1893900,0.0,0.0
2026-02-13 00:00:00-05:00,21.540000915527344,23.170000076293945,19.604999542236328,20.520000457763672,7200600,0.0,0.0
2026-02-17 00:00:00-05:00,20.649999618530273,20.885000228881836,19.780000686645508,20.18000030517578,3155600,0.0,0.0
2026-02-18 00:00:00-05:00,20.0,20.614999771118164,19.6299991607666,20.450000762939453,2113000,0.0,0.0
2026-02-19 00:00:00-05:00,20.40999984741211,22.155000686645508,20.079999923706055,21.829999923706055,2351800,0.0,0.0
2026-02-20 00:00:00-05:00,21.559999465942383,22.8700008392334,21.309999465942383,22.719999313354492,2130100,0.0,0.0
2026-02-23 00:00:00-05:00,22.889999389648438,23.790000915527344,22.389999389648438,22.510000228881836,2234300,0.0,0.0
2026-02-24 00:00:00-05:00,22.649999618530273,23.0,22.420000076293945,22.75,1407211,0.0,0.0
