Date,Open,High,Low,Close,Volume,Dividends,Stock Splits
2022-01-03 00:00:00-05:00,6.527606839078101,6.785440921783446,6.471008996585454,6.785440921783447,53600,0.0,0.0
2022-01-04 00:00:00-05:00,6.898635387420654,6.898635387420654,6.7917285037708455,6.898635387420654,45400,0.0,0.0
2022-01-05 00:00:00-05:00,6.810595917333921,6.848328014818551,6.691112041473389,6.691112041473389,24900,0.0,0.0
2022-01-06 00:00:00-05:00,6.615647994036808,6.835749981836622,6.615647994036808,6.785440921783447,19600,0.0,0.0
2022-01-07 00:00:00-05:00,6.691111503754014,6.785440840287963,6.609359132216653,6.665956974029541,23900,0.0,0.0
2022-01-10 00:00:00-05:00,6.659668416987522,6.6911117301397836,6.596781790682998,6.621936321258545,15500,0.0,0.0
2022-01-11 00:00:00-05:00,6.653378233822806,6.7602851161969735,6.596780402009283,6.659667015075684,17300,0.0,0.0
2022-01-12 00:00:00-05:00,6.6659548472756,6.854613460152504,6.6659548472756,6.835747718811035,36800,0.0,0.0
2022-01-13 00:00:00-05:00,6.917501605667776,7.370283696872596,6.917501605667776,7.275953769683838,130600,0.0,0.0
2022-01-14 00:00:00-05:00,7.294821380238774,7.376573158358383,7.200491436688594,7.345130443572998,92600,0.0,0.0
2022-01-18 00:00:00-05:00,7.263378065722047,7.38915072405761,7.238223534054934,7.345130443572998,30100,0.0,0.0
2022-01-19 00:00:00-05:00,7.332551606050845,7.420592751480771,7.21935593331683,7.275953769683838,26600,0.0,0.0
2022-01-20 00:00:00-05:00,7.275954705804827,7.370284645130031,7.137605087697964,7.1816253662109375,41700,0.0,0.0
2022-01-21 00:00:00-05:00,7.027319464098538,7.136619080903943,6.847296205151951,6.937307834625244,114500,0.25,0.0
2022-01-24 00:00:00-05:00,6.9694553318505035,6.9694553318505035,6.4936808597296345,6.828008651733398,78000,0.0,0.0
2022-01-25 00:00:00-05:00,6.783002953678707,6.873013973236084,6.705850388420633,6.873013973236084,20600,0.0,0.0
2022-01-26 00:00:00-05:00,6.911590460255872,6.911590460255872,6.763714865652726,6.783002853393555,25500,0.0,0.0
2022-01-27 00:00:00-05:00,6.757285367055407,6.828008397907839,6.654415281032206,6.692991256713867,29100,0.0,0.0
2022-01-28 00:00:00-05:00,6.705851580254987,6.847297668457031,6.622269466415129,6.847297668457031,35200,0.0,0.0
2022-01-31 00:00:00-05:00,6.847296688038291,6.975884914398194,6.847296688038291,6.975884914398193,28600,0.0,0.0
2022-02-01 00:00:00-05:00,6.924449791383692,7.194483469507481,6.828008622696389,7.149477958679199,43200,0.0,0.0
2022-02-02 00:00:00-05:00,7.200912150759052,7.200912150759052,6.9565954107619845,7.085183620452881,43700,0.0,0.0
2022-02-03 00:00:00-05:00,6.930877874342623,7.188053679935437,6.930877874342623,7.04660701751709,24000,0.0,0.0
2022-02-04 00:00:00-05:00,7.0916135051785565,7.136619629954749,6.9694554251382845,7.117331027984619,21600,0.0,0.0
2022-02-07 00:00:00-05:00,7.123760742221916,7.130190276374641,7.033749103546143,7.033749103546143,21400,0.0,0.0
2022-02-08 00:00:00-05:00,7.072324630731701,7.130189203087787,6.982313005605119,7.104471683502197,11300,0.0,0.0
2022-02-09 00:00:00-05:00,7.136619578319109,7.200913078292028,7.072325465192084,7.168766021728516,11900,0.0,0.0
2022-02-10 00:00:00-05:00,7.072325962743006,7.188055129251764,7.008031845092774,7.008031845092773,17500,0.0,0.0
2022-02-11 00:00:00-05:00,6.969455266135541,7.168765910046884,6.969455266135541,7.040178298950195,25000,0.0,0.0
2022-02-14 00:00:00-05:00,7.09804196013065,7.117329946014528,6.9501663797642275,6.988742351531982,37600,0.0,0.0
2022-02-15 00:00:00-05:00,7.08518432213138,7.149477820190085,7.08518432213138,7.143048286437988,14400,0.0,0.0
2022-02-16 00:00:00-05:00,7.117331146107913,7.2973544218922335,7.117331146107913,7.2844953536987305,28600,0.0,0.0
2022-02-17 00:00:00-05:00,7.297354185096564,7.329500628228945,7.175195493838759,7.18805456161499,22700,0.0,0.0
2022-02-18 00:00:00-05:00,7.213772902984192,7.290925478938323,7.175196308430042,7.181625843048096,16100,0.0,0.0
2022-02-22 00:00:00-05:00,7.28449435014334,7.28449435014334,6.950166594174811,7.01446008682251,20000,0.0,0.0
2022-02-23 00:00:00-05:00,7.072324828915752,7.1559069231996055,7.020889788303234,7.091612815856934,15000,0.0,0.0
2022-02-24 00:00:00-05:00,7.053037466189968,7.136619567871095,6.9180203193441665,7.136619567871094,36100,0.0,0.0
2022-02-25 00:00:00-05:00,7.020890648394818,7.117331208069191,7.014461114242093,7.033749103546143,14000,0.0,0.0
2022-02-28 00:00:00-05:00,7.027319931246797,7.155907543932308,6.995172874786895,7.098042964935303,11200,0.0,0.0
2022-03-01 00:00:00-05:00,7.033750598156772,7.072327198116186,6.950169089027506,6.982315540313721,11000,0.0,0.0
2022-03-02 00:00:00-05:00,7.065895080566406,7.149477172307223,7.065895080566406,7.065895080566406,13300,0.0,0.0
2022-03-03 00:00:00-05:00,7.110902020136357,7.117330940893623,6.943737817365392,7.059466361999512,9500,0.0,0.0
2022-03-04 00:00:00-05:00,7.09161264589217,7.09161264589217,6.918019541273943,7.01446008682251,7700,0.0,0.0
2022-03-07 00:00:00-05:00,6.950168386905144,6.969456378359205,6.757286632901947,6.847297668457031,43300,0.0,0.0
2022-03-08 00:00:00-05:00,6.770145089486591,6.918021325712246,6.770145089486591,6.847297668457031,23200,0.0,0.0
2022-03-09 00:00:00-05:00,6.815150283341833,6.911590840505852,6.757285703781777,6.885873317718506,23300,0.0,0.0
2022-03-10 00:00:00-05:00,6.873013898001632,6.873013898001632,6.763714891614684,6.853725910186768,3700,0.0,0.0
2022-03-11 00:00:00-05:00,6.789432168845792,6.918019771575928,6.789432168845792,6.918019771575928,10500,0.0,0.0
2022-03-14 00:00:00-04:00,6.8472965148555796,6.898731558836996,6.802291004660361,6.8601555824279785,14000,0.0,0.0
2022-03-15 00:00:00-04:00,6.860155772366588,6.879443761105128,6.783003204258322,6.815150260925293,16800,0.0,0.0
2022-03-16 00:00:00-04:00,6.918019771575928,6.918019771575928,6.802290622541778,6.918019771575928,24000,0.0,0.0
2022-03-17 00:00:00-04:00,6.834438961980701,7.0273207089314464,6.834438961980701,6.950168132781982,15300,0.0,0.0
2022-03-18 00:00:00-04:00,7.001602415809398,7.361647731693917,6.840867746500997,7.329500675201416,61800,0.0,0.0
2022-03-21 00:00:00-04:00,6.847297173323005,7.3423602856942916,6.847297173323005,7.316642761230469,28600,0.0,0.0
2022-03-22 00:00:00-04:00,6.918020505214376,7.323071956634521,6.918020505214376,7.3230719566345215,13100,0.0,0.0
2022-03-23 00:00:00-04:00,7.2844956844611195,7.297354753238505,7.136620072446064,7.245919704437256,8900,0.0,0.0
2022-03-24 00:00:00-04:00,7.09161394487936,7.297354753238505,7.09161394487936,7.245919704437256,12700,0.0,0.0
2022-03-25 00:00:00-04:00,7.136618875831914,7.2844944630523125,7.040177715634484,7.110901355743408,24000,0.0,0.0
2022-03-28 00:00:00-04:00,7.2523486985799135,7.265207767486572,7.155908134396587,7.265207767486572,14000,0.0,0.0
2022-03-29 00:00:00-04:00,7.143048286437988,7.27163650886357,7.143048286437988,7.143048286437988,7500,0.0,0.0
2022-03-30 00:00:00-04:00,7.22663135906613,7.26520795362028,7.175196308430042,7.181625843048096,20400,0.0,0.0
2022-03-31 00:00:00-04:00,7.1494780969194505,7.200913142618905,7.1494780969194505,7.15590763092041,11500,0.0,0.0
2022-04-01 00:00:00-04:00,7.200913833748086,7.310213469638314,7.136620327030061,7.181625843048096,22000,0.0,0.0
2022-04-04 00:00:00-04:00,7.136619727433506,7.239489820062856,7.110902204276168,7.213772296905518,14700,0.0,0.0
2022-04-05 00:00:00-04:00,7.2523484770071445,7.2523484770071445,7.168766371129912,7.200913429260254,3700,0.0,0.0
2022-04-06 00:00:00-04:00,7.239490178110291,7.239490178110291,6.988743855059363,7.008031845092773,33100,0.0,0.0
2022-04-07 00:00:00-04:00,6.995172100343604,7.162336284904885,6.956595514231756,7.01446008682251,18400,0.0,0.0
2022-04-08 00:00:00-04:00,7.078754988772307,7.155907556519322,7.033748864387637,7.136619567871094,12800,0.0,0.0
2022-04-11 00:00:00-04:00,7.168765346920347,7.168765346920347,7.001601772202866,7.020889759063721,11000,0.0,0.0
2022-04-12 00:00:00-04:00,7.130189933294925,7.130189933294925,7.020890310574216,7.040178298950195,2600,0.0,0.0
2022-04-13 00:00:00-04:00,7.033748864387637,7.143048488651101,7.027319943607631,7.136619567871094,8700,0.0,0.0
2022-04-14 00:00:00-04:00,7.136619365839978,7.143048286437988,7.040178199020792,7.143048286437988,15900,0.0,0.0
2022-04-18 00:00:00-04:00,7.162337026432479,7.200913003384121,7.104472447850918,7.149477958679199,14400,0.0,0.0
2022-04-19 00:00:00-04:00,7.1237604874724045,7.162337077855109,7.0530374537839,7.098042964935303,7400,0.0,0.0
2022-04-20 00:00:00-04:00,7.09804270180494,7.155907278656857,7.09804270180494,7.123760223388672,32900,0.0,0.0
2022-04-21 00:00:00-04:00,7.136619578319109,7.188054623559086,7.104472521755596,7.168766021728516,23500,0.0,0.0
2022-04-22 00:00:00-04:00,7.293727711107942,7.293727711107942,7.142459815029458,7.201651573181152,14700,0.25,0.0
2022-04-25 00:00:00-04:00,7.116152104098208,7.306880745219703,7.116152104098208,7.28057336807251,23100,0.0,0.0
2022-04-26 00:00:00-04:00,7.326610421424693,7.326610421424693,7.116150815150325,7.175342559814453,14700,0.0,0.0
2022-04-27 00:00:00-04:00,7.129303996140097,7.320032580809505,7.129303996140097,7.313455581665039,9100,0.0,0.0
2022-04-28 00:00:00-04:00,7.398955515032312,7.530492376522774,7.398955515032312,7.48445463180542,28100,0.0,0.0
2022-04-29 00:00:00-04:00,7.471302237375278,7.523916993276576,7.46472586330064,7.497609615325928,6800,0.0,0.0
2022-05-02 00:00:00-04:00,7.4055337766647025,7.484455907005718,7.333188020105768,7.398956775665283,27700,0.0,0.0
2022-05-03 00:00:00-04:00,7.43183847984115,7.43183847984115,7.306878014676066,7.418684482574463,10500,0.0,0.0
2022-05-04 00:00:00-04:00,7.438418374637717,7.4910331297559045,7.40553399588451,7.4318413734436035,12300,0.0,0.0
2022-05-05 00:00:00-04:00,7.451571633137945,7.451571633137945,7.221381612686986,7.28057336807251,24900,0.0,0.0
2022-05-06 00:00:00-04:00,7.267420086530788,7.293727464016166,7.181920952898972,7.24111270904541,28500,0.0,0.0
2022-05-09 00:00:00-04:00,7.254265479213272,7.254265479213272,7.043806476881383,7.089844226837158,37600,0.0,0.0
2022-05-10 00:00:00-04:00,7.063536196955576,7.214804061276344,7.056959196937882,7.076690196990967,27600,0.0,0.0
2022-05-11 00:00:00-04:00,7.1358823796693915,7.20165050222181,7.030652254594414,7.056959629058838,20100,0.0,0.0
2022-05-12 00:00:00-04:00,6.978037594225647,7.024075970535636,6.958307219931247,7.017498970031738,41700,0.0,0.0
2022-05-13 00:00:00-04:00,6.971460153552159,7.142457749951335,6.971460153552159,7.116150379180908,22700,0.0,0.0
2022-05-16 00:00:00-04:00,7.142458736294458,7.293726609526754,7.122728362296256,7.129305362701416,25500,0.0,0.0
2022-05-17 00:00:00-04:00,7.247689527046943,7.438418165799898,7.135883018755487,7.142459392547607,42500,0.0,0.0
2022-05-18 00:00:00-04:00,7.234535197209079,7.234535197209079,7.050383567810059,7.050383567810059,34500,0.0,0.0
2022-05-19 00:00:00-04:00,7.24111204747487,7.24111204747487,6.971461296081544,6.971461296081543,54600,0.0,0.0
2022-05-20 00:00:00-04:00,6.978036910620197,7.122727771444795,6.978036910620197,6.9911909103393555,12600,0.0,0.0
2022-05-23 00:00:00-04:00,6.991191535187977,7.168766156747022,6.991191535187977,7.070113658905029,26500,0.0,0.0
2022-05-24 00:00:00-04:00,7.0109220450956755,7.149035921079733,6.964884295506756,6.971461296081543,30800,0.0,0.0
2022-05-25 00:00:00-04:00,7.14245930035187,7.149036301276433,6.964884665909989,7.004345417022705,20000,0.0,0.0
2022-05-26 00:00:00-04:00,7.122729423458794,7.122729423458794,7.00434590739794,7.010922908782959,12100,0.0,0.0
2022-05-27 00:00:00-04:00,7.07011254919146,7.227956771850586,7.07011254919146,7.227956771850586,6400,0.0,0.0
2022-05-31 00:00:00-04:00,7.227956771850586,7.227956771850586,7.195072401992305,7.227956771850586,5500,0.0,0.0
2022-06-01 00:00:00-04:00,7.234534740447997,7.287149488382965,7.227957740151809,7.234534740447998,12300,0.0,0.0
2022-06-02 00:00:00-04:00,7.260841141708868,7.346340252453524,7.227956771850586,7.227956771850586,10900,0.0,0.0
2022-06-03 00:00:00-04:00,7.352917980607533,7.352917980607533,7.076690249968868,7.26741886138916,8700,0.0,0.0
2022-06-06 00:00:00-04:00,7.2345329113606205,7.43183847984115,7.214802542677701,7.418684482574463,24000,0.0,0.0
2022-06-07 00:00:00-04:00,7.359495424535784,7.451571557221569,7.260842918043211,7.412110805511475,27200,0.0,0.0
2022-06-08 00:00:00-04:00,7.333188084677329,7.451571594839934,7.273996956813369,7.346342086791992,6800,0.0,0.0
2022-06-09 00:00:00-04:00,7.313456817795479,7.346341191858813,7.293726444244385,7.293726444244385,22900,0.0,0.0
2022-06-10 00:00:00-04:00,7.306878699469136,7.372647437532128,7.175341850560323,7.214803218841553,13000,0.0,0.0
2022-06-13 00:00:00-04:00,7.076689812846777,7.11615055637641,6.964883327484131,6.964883327484131,38200,0.0,0.0
2022-06-14 00:00:00-04:00,6.984614446418355,7.155612692584961,6.92542269757474,6.938576698303223,45900,0.0,0.0
2022-06-15 00:00:00-04:00,6.9188466757083615,7.043806552886964,6.866231297340346,7.043806552886963,38100,0.0,0.0
2022-06-16 00:00:00-04:00,7.017499339028366,7.017499339028366,6.754425577212354,6.872808456420898,71000,0.0,0.0
2022-06-17 00:00:00-04:00,6.866231526143173,7.26084280014038,6.754425646635204,7.260842800140381,118600,0.0,0.0
2022-06-21 00:00:00-04:00,6.912268835993033,7.227957304578736,6.912268835993033,7.175342559814453,25700,0.0,0.0
2022-06-22 00:00:00-04:00,7.168766498565674,7.168766498565674,7.063536995258755,7.168766498565674,23800,0.0,0.0
2022-06-23 00:00:00-04:00,7.16219070927156,7.16219070927156,7.043807194785584,7.135883331298828,36600,0.0,0.0
2022-06-24 00:00:00-04:00,7.149035646199728,7.18849702091387,6.7478480348227725,6.997768402099609,54800,0.0,0.0
2022-06-27 00:00:00-04:00,6.958307234215433,7.168766233033849,6.958307234215433,7.024075984954834,21800,0.0,0.0
2022-06-28 00:00:00-04:00,6.9319999198501145,7.142458920504946,6.9319999198501145,6.971461296081543,29300,0.0,0.0
2022-06-29 00:00:00-04:00,7.214804148224236,7.214804148224236,6.938576416324575,6.958306789398193,57800,0.0,0.0
2022-06-30 00:00:00-04:00,6.991191609585133,7.037229358772339,6.86623110862373,7.024075984954834,14200,0.0,0.0
2022-07-01 00:00:00-04:00,6.9451540372449045,7.076690914855785,6.938577036560034,7.037229537963867,9100,0.0,0.0
2022-07-05 00:00:00-04:00,6.958307350379728,7.116151602128644,6.899115599169559,7.089844226837158,13800,0.0,0.0
2022-07-06 00:00:00-04:00,7.109575110029138,7.109575110029138,6.97146123525023,7.024075984954834,12100,0.0,0.0
2022-07-07 00:00:00-04:00,7.017498909760327,7.096421033477379,6.9780375342931595,7.070113658905029,37600,0.0,0.0
2022-07-08 00:00:00-04:00,6.951730294357181,7.076690796408959,6.951730294357181,6.971461296081543,19600,0.0,0.0
2022-07-11 00:00:00-04:00,7.030653285720644,7.043807288490682,6.938577775199868,7.010922908782959,18800,0.0,0.0
2022-07-12 00:00:00-04:00,6.997769043315472,7.037229794428188,6.964884665909989,7.004345417022705,17200,0.0,0.0
2022-07-13 00:00:00-04:00,6.9714608404050304,7.149035453796387,6.9714608404050304,7.149035453796387,12500,0.0,0.0
2022-07-14 00:00:00-04:00,7.043805824119735,7.129304942698039,6.991191078412663,7.076690196990967,7700,0.0,0.0
2022-07-15 00:00:00-04:00,7.083267197008662,7.083267197008662,7.004344451230809,7.076690196990967,11300,0.0,0.0
2022-07-18 00:00:00-04:00,7.043805544467766,7.234534146887941,7.043805544467766,7.0964202880859375,29000,0.0,0.0
2022-07-19 00:00:00-04:00,7.175344057196798,7.175344057196798,7.096421923580555,7.122729301452637,34300,0.0,0.0
2022-07-20 00:00:00-04:00,7.181919827303603,7.208227200665925,7.122728080434065,7.149035453796387,17300,0.0,0.0
2022-07-21 00:00:00-04:00,7.149035618249358,7.234534740447997,7.129305244578062,7.234534740447998,53300,0.0,0.0
2022-07-22 00:00:00-04:00,7.2210752443780555,7.35567176066251,7.140317719689635,7.214345932006836,20300,0.25,0.0
2022-07-25 00:00:00-04:00,7.133587252103785,7.301832228409972,7.133587252103785,7.261453151702881,18100,0.0,0.0
2022-07-26 00:00:00-04:00,7.1874265066279435,7.315292422477526,7.1335881587119365,7.200885772705078,9600,0.0,0.0
2022-07-27 00:00:00-04:00,7.20088513867517,7.335480996614171,7.20088513867517,7.23453426361084,13000,0.0,0.0
2022-07-28 00:00:00-04:00,7.301831876516935,7.342210309474441,7.241263585277057,7.268182754516602,11400,0.0,0.0
2022-07-29 00:00:00-04:00,7.247995503237957,7.328753032852946,7.241265548652426,7.288373947143555,20400,0.0,0.0
2022-08-01 00:00:00-04:00,7.241263585277057,7.355670214996023,7.241263585277057,7.268182754516602,17800,0.0,0.0
2022-08-02 00:00:00-04:00,7.268183104788005,7.328751398946816,7.207614810629193,7.261453151702881,21900,0.0,0.0
2022-08-03 00:00:00-04:00,7.214344416037513,7.281642018234563,7.194154557755141,7.268182754516602,7400,0.0,0.0
2022-08-04 00:00:00-04:00,7.227805198553029,7.3018334108702305,7.173966848760749,7.214345932006836,35000,0.0,0.0
2022-08-05 00:00:00-04:00,7.2210748665418185,7.241264728010323,7.147047299901797,7.194155693054199,26000,0.0,0.0
2022-08-08 00:00:00-04:00,7.167236894585775,7.375860981383677,7.073020103351163,7.214345932006836,58500,0.0,0.0
2022-08-09 00:00:00-04:00,7.281642180019638,7.281642180019638,7.0191804345535616,7.059558868408203,61900,0.0,0.0
2022-08-10 00:00:00-04:00,7.147047196037179,7.234534669051457,7.066289676747934,7.079749584197998,12600,0.0,0.0
2022-08-11 00:00:00-04:00,7.099938617271445,7.200885353283295,7.079749398429814,7.0864787101745605,23300,0.0,0.0
2022-08-12 00:00:00-04:00,7.113397657506516,7.167236000583291,7.0662892677652565,7.09993839263916,18100,0.0,0.0
2022-08-15 00:00:00-04:00,7.073020810255305,7.133589120275983,7.019182455082219,7.066290855407715,34800,0.0,0.0
2022-08-16 00:00:00-04:00,7.073020810255305,7.2210759660793835,7.066290855407715,7.066290855407715,52300,0.0,0.0
2022-08-17 00:00:00-04:00,7.066289449783174,7.11339784073788,6.931693588624233,6.99226188659668,153900,0.0,0.0
2022-08-18 00:00:00-04:00,7.093209883554556,7.093209883554556,6.965343953163308,6.998992443084717,131200,0.0,0.0
2022-08-19 00:00:00-04:00,7.052830945712533,7.086480078146668,6.998992590539447,7.066290855407715,28400,0.0,0.0
2022-08-22 00:00:00-04:00,7.032639863192183,7.1941548859988,7.032639863192183,7.126857280731201,20000,0.0,0.0
2022-08-23 00:00:00-04:00,7.099939987841848,7.133589120275983,7.0326417229735805,7.066290855407715,21600,0.0,0.0
2022-08-24 00:00:00-04:00,7.052830945712533,7.066290855407715,7.0326417229735805,7.066290855407715,14500,0.0,0.0
2022-08-25 00:00:00-04:00,7.093209237216074,7.106669145401205,7.0326409339904785,7.0326409339904785,24300,0.0,0.0
2022-08-26 00:00:00-04:00,7.032640868999533,7.073019951378023,6.972072566333669,7.012451648712158,17300,0.0,0.0
2022-08-29 00:00:00-04:00,7.005721855906483,7.052830251595722,6.931694285279998,6.978802680969238,22300,0.0,0.0
2022-08-30 00:00:00-04:00,7.019181764276984,7.019181764276984,6.945153551846743,6.978802680969238,10800,0.0,0.0
2022-08-31 00:00:00-04:00,6.958612760856021,7.046100231060255,6.958612760856021,6.99226188659668,10800,0.0,0.0
2022-09-01 00:00:00-04:00,6.992263130182718,7.025911620104127,6.958613998457504,6.998992443084717,12500,0.0,0.0
2022-09-02 00:00:00-04:00,6.972072536240271,7.012451618444474,6.945153362038716,6.951883316040039,12300,0.0,0.0
2022-09-06 00:00:00-04:00,6.972072536240271,6.985532444242918,6.8980449676369275,6.951883316040039,27100,0.0,0.0
2022-09-07 00:00:00-04:00,6.951883058489051,6.978802231693315,6.898044712080525,6.9047746658325195,13100,0.0,0.0
2022-09-08 00:00:00-04:00,6.924963885284789,6.924963885284789,6.9047746658325195,6.9047746658325195,6200,0.0,0.0
2022-09-09 00:00:00-04:00,6.911503733461859,6.931692950325672,6.911503733461859,6.924962997436523,10600,0.0,0.0
2022-09-12 00:00:00-04:00,6.924964302454536,7.0461009100730205,6.91823434829712,6.918234348297119,24000,0.0,0.0
2022-09-13 00:00:00-04:00,6.918233643582022,6.972071987749689,6.81055695524669,6.830746173858643,47100,0.0,0.0
2022-09-14 00:00:00-04:00,6.8643962553063735,6.8643962553063735,6.797098636627197,6.797098636627197,29800,0.0,0.0
2022-09-15 00:00:00-04:00,6.824017812459623,6.8845854767297485,6.776908773400045,6.797098636627197,21200,0.0,0.0
2022-09-16 00:00:00-04:00,6.7499882432912095,7.025909900665283,6.7499882432912095,7.025909900665283,59000,0.0,0.0
2022-09-19 00:00:00-04:00,6.884584518026309,6.884584518026309,6.80382700177481,6.830746173858643,17100,0.0,0.0
2022-09-20 00:00:00-04:00,6.850936988292049,6.857666300897322,6.7836387278090955,6.797098636627197,13900,0.0,0.0
2022-09-21 00:00:00-04:00,6.830747707605175,6.830747707605175,6.7701800381697135,6.776909351348877,12600,0.0,0.0
2022-09-22 00:00:00-04:00,6.776908784187102,6.830747135937649,6.675962035105768,6.696151256561279,28300,0.0,0.0
2022-09-23 00:00:00-04:00,6.669231670698095,6.669231670698095,6.561554973816373,6.581744194030762,34100,0.0,0.0
2022-09-26 00:00:00-04:00,6.622123208064199,6.622123208064199,6.292363166809082,6.292363166809082,41800,0.0,0.0
2022-09-27 00:00:00-04:00,6.285633471193415,6.366390996341908,6.204875946044922,6.204875946044922,35100,0.0,0.0
2022-09-28 00:00:00-04:00,6.1914159394653705,6.568285025987566,6.1914159394653705,6.393310070037842,32900,0.0,0.0
2022-09-29 00:00:00-04:00,6.393309815189628,6.393309815189628,6.225064820053059,6.245254039764404,7100,0.0,0.0
2022-09-30 00:00:00-04:00,6.225065010891441,6.272173405596666,6.137577533721924,6.137577533721924,18900,0.0,0.0
2022-10-03 00:00:00-04:00,6.130846887582892,6.231794261446085,6.130846887582892,6.184685230255127,14600,0.0,0.0
2022-10-04 00:00:00-04:00,6.157766958340985,6.554825274897005,6.157766958340985,6.46060848236084,24200,0.0,0.0
2022-10-05 00:00:00-04:00,6.783638768234104,6.783638768234104,6.326012134552002,6.326012134552002,9700,0.0,0.0
2022-10-06 00:00:00-04:00,6.386579570686762,6.386579570686762,6.272172927856445,6.272172927856445,20800,0.0,0.0
2022-10-07 00:00:00-04:00,6.272172539312031,6.326010880626016,6.218334197998047,6.218334197998047,15800,0.0,0.0
2022-10-10 00:00:00-04:00,6.198144980456217,6.245253368655039,6.198144980456217,6.218334197998047,2400,0.0,0.0
2022-10-11 00:00:00-04:00,6.28563385258619,6.3663913826347995,6.23179549922045,6.25871467590332,22200,0.0,0.0
2022-10-12 00:00:00-04:00,6.21833505167063,6.2990925747282525,6.20487578539623,6.238524913787842,4000,0.0,0.0
2022-10-13 00:00:00-04:00,6.292363040960335,6.352930699768365,6.272173179553938,6.285633087158203,24500,0.0,0.0
2022-10-14 00:00:00-04:00,6.359660432999742,6.359660432999742,6.272172962017493,6.3327412605285645,11100,0.0,0.0
2022-10-17 00:00:00-04:00,6.366390644856295,6.507716466514561,6.332741517451236,6.379849910736084,13300,0.0,0.0
2022-10-18 00:00:00-04:00,6.548093536156453,6.655770849688277,6.251982688903809,6.251982688903809,6900,0.0,0.0
2022-10-19 00:00:00-04:00,6.258713913753394,6.628853029422305,6.258713913753394,6.285633087158203,3000,0.0,0.0
2022-10-20 00:00:00-04:00,6.332741766685725,6.4606083274965815,6.29236332565348,6.393310070037842,18600,0.0,0.0
2022-10-21 00:00:00-04:00,6.517720225363221,6.649041971683321,6.338016227956975,6.531543254852295,12000,0.25,0.0
2022-10-24 00:00:00-04:00,6.476250259895459,6.496985135116845,6.420956819871896,6.455515384674072,6100,0.0,0.0
2022-10-25 00:00:00-04:00,6.434780597686767,6.61448395065255,6.3656634671346755,6.434780597686768,48900,0.0,0.0
2022-10-26 00:00:00-04:00,6.358750343322754,6.4900727331290735,6.317280600652098,6.358750343322754,23300,0.0,0.0
2022-10-27 00:00:00-04:00,6.393309417734092,6.517719974088182,6.393309417734092,6.420956134796143,29500,0.0,0.0
2022-10-28 00:00:00-04:00,6.44169052495474,6.462426055559298,6.35183853645069,6.407132625579834,49100,0.0,0.0
2022-10-31 00:00:00-04:00,6.365663350155021,6.490073919202612,6.365663350155021,6.393310070037842,27400,0.0,0.0
2022-11-01 00:00:00-04:00,6.448602368489593,6.455514212024446,6.379485251440422,6.407132625579834,13700,0.0,0.0
2022-11-02 00:00:00-04:00,6.469337811818055,6.476249655963898,6.351839097937675,6.400221347808838,12900,0.0,0.0
2022-11-03 00:00:00-04:00,6.400221261787037,6.441691007805248,6.379485729628203,6.420956134796143,48700,0.0,0.0
2022-11-04 00:00:00-04:00,6.414044376950786,6.462426626821949,6.400221347808838,6.400221347808838,10500,0.0,0.0
2022-11-07 00:00:00-05:00,6.407132893226119,6.427867765547159,6.386397361755371,6.386397361755371,16000,0.0,0.0
2022-11-08 00:00:00-05:00,6.420956546695776,6.420956546695776,6.234341359343143,6.29654598236084,25700,0.0,0.0
2022-11-09 00:00:00-05:00,6.3241932965529,6.358751863138127,6.296546575114684,6.338016986846924,26500,0.0,0.0
2022-11-10 00:00:00-05:00,6.420957677923107,6.607573557303002,6.414045832209061,6.476251125335693,61700,0.0,0.0
2022-11-11 00:00:00-05:00,6.545367063864876,6.573013782501221,6.441691374616258,6.573013782501221,27000,0.0,0.0
2022-11-14 00:00:00-05:00,6.496984392419405,6.635218635825977,6.448602802716938,6.503896236419678,37700,0.0,0.0
2022-11-15 00:00:00-05:00,6.621395253555418,6.697423563619713,6.503896536724392,6.531543254852295,38000,0.0,0.0
2022-11-16 00:00:00-05:00,6.600660234537474,6.669776698761846,6.517720081978386,6.607572078704834,16800,0.0,0.0
2022-11-17 00:00:00-05:00,7.084478512890903,7.084478512890903,6.538455317287742,6.7734527587890625,47100,0.0,0.0
2022-11-18 00:00:00-05:00,6.766541446069005,6.911686897277832,6.6490427160832954,6.911686897277832,80300,0.0,0.0
2022-11-21 00:00:00-05:00,6.842568923162746,6.897862358809132,6.669776771980357,6.745805740356445,20400,0.0,0.0
2022-11-22 00:00:00-05:00,6.738893025595735,6.85639172595348,6.552277210033554,6.579924583435059,18200,0.0,0.0
2022-11-23 00:00:00-05:00,6.725070894961638,6.725070894961638,6.510808974720724,6.586837291717529,32300,0.0,0.0
2022-11-25 00:00:00-05:00,6.566102181335717,6.697423934936523,6.566102181335717,6.697423934936523,500,0.0,0.0
2022-11-28 00:00:00-05:00,6.579925415658184,6.628307006930752,6.510808291711875,6.538455009460449,29900,0.0,0.0
2022-11-29 00:00:00-05:00,6.635218851155332,6.635218851155332,6.47624972973872,6.538455009460449,31700,0.0,0.0
2022-11-30 00:00:00-05:00,6.669777543776562,6.669777543776562,6.4693386515771065,6.566102504730225,71200,0.0,0.0
2022-12-01 00:00:00-05:00,6.635218942194247,6.849480842898056,6.524631410532881,6.531543254852295,43300,0.0,0.0
2022-12-02 00:00:00-05:00,6.6559545943015195,6.8080118913603345,6.559190739964123,6.752718448638916,47000,0.0,0.0
2022-12-05 00:00:00-05:00,6.752718119163073,6.752718119163073,6.427868664662291,6.455515384674072,40900,0.0,0.0
2022-12-06 00:00:00-05:00,6.593748230974061,6.690512069528716,6.462426490717485,6.503896236419678,8400,0.0,0.0
2022-12-07 00:00:00-05:00,6.5522792430761685,6.5522792430761685,6.4278693199157715,6.4278693199157715,9800,0.0,0.0
2022-12-08 00:00:00-05:00,6.510808130035238,6.552277876053449,6.407133105839981,6.420956134796143,29500,0.0,0.0
2022-12-09 00:00:00-05:00,6.43478080564651,6.5315440005668695,6.43478080564651,6.4831624031066895,25800,0.0,0.0
2022-12-12 00:00:00-05:00,6.496985434173957,6.517720969499602,6.427868960537962,6.4831624031066895,26300,0.0,0.0
2022-12-13 00:00:00-05:00,6.545367479250267,6.593749075146846,6.393310187525551,6.434780597686768,133500,0.0,0.0
2022-12-14 00:00:00-05:00,6.4002218822491495,6.448603477010603,6.317281723022461,6.317281723022461,35400,0.0,0.0
2022-12-15 00:00:00-05:00,6.296546103652652,6.414044825754659,6.296546103652652,6.351839542388916,17200,0.0,0.0
2022-12-16 00:00:00-05:00,6.496985164551854,6.496985164551854,6.303458123592597,6.310369968414307,26600,0.0,0.0
2022-12-19 00:00:00-05:00,6.338016390189076,6.400221672356544,6.296545982360841,6.29654598236084,26700,0.0,0.0
2022-12-20 00:00:00-05:00,6.358750343322754,6.4969839174744,6.358750343322754,6.358750343322754,17400,0.0,0.0
2022-12-21 00:00:00-05:00,6.344928356909221,6.379486261757048,6.344928356909221,6.351839542388916,13900,0.0,0.0
2022-12-22 00:00:00-05:00,6.296547118262755,6.365664257395341,6.24125367061664,6.268900394439697,20300,0.0,0.0
2022-12-23 00:00:00-05:00,6.23434088366126,6.338015906596761,6.23434088366126,6.282722473144531,15200,0.0,0.0
2022-12-27 00:00:00-05:00,6.255076338979153,6.3241928076566785,5.923315048217773,5.923315048217773,102500,0.0,0.0
2022-12-28 00:00:00-05:00,5.95096221074683,6.151401105394986,5.95096221074683,6.068460941314697,76000,0.0,0.0
2022-12-29 00:00:00-05:00,6.185958509295331,6.248163785452164,6.137576920795442,6.227428913116455,50400,0.0,0.0
2022-12-30 00:00:00-05:00,6.172135606240071,6.4002211840179495,6.172135606240071,6.282722473144531,29200,0.0,0.0
2023-01-03 00:00:00-05:00,6.379486348080133,6.379486348080133,6.241252749368986,6.317281723022461,32300,0.0,0.0
2023-01-04 00:00:00-05:00,6.3034573988015055,6.338015959786601,6.179046842915051,6.2136054039001465,69400,0.0,0.0
2023-01-05 00:00:00-05:00,6.282722215457091,6.282722215457091,6.158311665717444,6.172135353088379,52200,0.0,0.0
2023-01-06 00:00:00-05:00,6.144489146654254,6.2758108918115445,6.144489146654254,6.234341144561768,64100,0.0,0.0
2023-01-09 00:00:00-05:00,6.234341563795772,6.365663317783914,6.213606029626757,6.317281723022461,23300,0.0,0.0
2023-01-10 00:00:00-05:00,6.296546367195966,6.303458212114742,6.26198846090171,6.289635181427002,49600,0.0,0.0
2023-01-11 00:00:00-05:00,6.282723158557226,6.331104753318679,6.248164594091991,6.317281723022461,39700,0.0,0.0
2023-01-12 00:00:00-05:00,6.434780410875517,7.31947609684929,6.434780410875517,7.257270812988281,362400,0.0,0.0
2023-01-13 00:00:00-05:00,7.132860365906807,7.5544736706957405,7.132860365906807,7.533738136291504,131900,0.0,0.0
2023-01-17 00:00:00-05:00,7.568296556154547,7.851675596085435,7.554473525966347,7.817117691040039,111900,0.0,0.0
2023-01-18 00:00:00-05:00,7.789470886513697,7.865499199593636,7.699618884246616,7.851675510406494,67400,0.0,0.0
2023-01-19 00:00:00-05:00,7.810205585073726,7.900057585315211,7.741088458995733,7.879322052001953,62000,0.0,0.0
2023-01-20 00:00:00-05:00,7.822277537062701,7.90784475551393,7.729579547066917,7.865060806274414,39900,0.35,0.0
2023-01-23 00:00:00-05:00,7.8436694343000095,7.9506282909384245,7.836538662516695,7.9078450202941895,35100,0.0,0.0
2023-01-24 00:00:00-05:00,7.90784582432394,7.9149765968322745,7.857931776821381,7.914976596832275,24100,0.0,0.0
2023-01-25 00:00:00-05:00,7.843669479294685,7.843669479294685,7.743840713839098,7.808016300201416,35600,0.0,0.0
2023-01-26 00:00:00-05:00,7.758103274067608,7.879323690852096,7.729580863061136,7.772364139556885,44400,0.0,0.0
2023-01-27 00:00:00-05:00,7.758103993004004,7.758103993004004,7.63688356498613,7.686797618865967,54800,0.0,0.0
2023-01-30 00:00:00-05:00,7.601228174735839,7.7581017443536435,7.601228174735839,7.636881351470947,35300,0.0,0.0
2023-01-31 00:00:00-05:00,7.579837097331958,7.800885585272332,7.565575553579502,7.665404319763184,57900,0.0,0.0
2023-02-01 00:00:00-05:00,7.665403070388422,7.715317105330917,7.601227494017944,7.679664611816406,33600,0.0,0.0
2023-02-02 00:00:00-05:00,7.6654029199149365,7.76523166786799,7.594096574230225,7.729578495025635,15400,0.0,0.0
2023-02-03 00:00:00-05:00,7.715317664328687,7.793754787810153,7.715317664328687,7.750970840454102,13400,0.0,0.0
2023-02-06 00:00:00-05:00,7.779493245348878,7.793754787810153,7.62261967841372,7.750970840454102,10900,0.0,0.0
2023-02-07 00:00:00-05:00,7.786623867667182,7.786623867667182,7.6582727080814035,7.758101463317871,15700,0.0,0.0
2023-02-08 00:00:00-05:00,7.772361910987404,7.772361910987404,7.679664611816405,7.679664611816406,5700,0.0,0.0
2023-02-09 00:00:00-05:00,7.651143553656562,7.658274326257546,7.529923819579354,7.544184684753418,11600,0.0,0.0
2023-02-10 00:00:00-05:00,7.601227607834292,7.672533955986461,7.565574433758207,7.65114164352417,6500,0.0,0.0
2023-02-13 00:00:00-05:00,7.679665118353077,7.7153176142191615,7.579836361855841,7.62261962890625,17900,0.0,0.0
2023-02-14 00:00:00-05:00,7.736711802171499,7.843670675738578,7.529924147921326,7.722450256347656,37700,0.0,0.0
2023-02-15 00:00:00-05:00,7.75810186876648,7.879322263593127,7.69392628561969,7.836538314819336,30400,0.0,0.0
2023-02-16 00:00:00-05:00,7.872192029902677,7.886453573810795,7.636881995641476,7.693926811218262,31300,0.0,0.0
2023-02-17 00:00:00-05:00,7.772364859814822,7.929238474901714,7.679667525474549,7.686797618865967,22200,0.0,0.0
2023-02-21 00:00:00-05:00,7.765233437253879,7.843669891357422,7.68679630312247,7.843669891357422,23600,0.0,0.0
2023-02-22 00:00:00-05:00,7.843670507087025,7.872192918093497,7.729580863061136,7.772364139556885,19600,0.0,0.0
2023-02-23 00:00:00-05:00,7.865060274445263,7.914974991854139,7.779493061780021,7.8579301834106445,33400,0.0,0.0
2023-02-24 00:00:00-05:00,7.8793223582944325,7.8793223582944325,7.808016002823683,7.822277545928955,7900,0.0,0.0
2023-02-27 00:00:00-05:00,7.843669742157999,7.879322922446106,7.808016561869892,7.850800514221191,13100,0.0,0.0
2023-02-28 00:00:00-05:00,7.843670528932912,7.914976896661652,7.808017345068542,7.900715351104736,26400,0.0,0.0
2023-03-01 00:00:00-05:00,7.900714708892337,7.900714708892337,7.765233437253879,7.843669891357422,16400,0.0,0.0
2023-03-02 00:00:00-05:00,7.8935837205157355,7.8935837205157355,7.779494088570422,7.886453628540039,15400,0.0,0.0
2023-03-03 00:00:00-05:00,7.9078450202941895,7.914975792077504,7.850800206083324,7.9078450202941895,10500,0.0,0.0
2023-03-06 00:00:00-05:00,7.90784475551393,7.90784475551393,7.793755130912291,7.865060806274414,19900,0.0,0.0
2023-03-07 00:00:00-05:00,7.914974991854139,7.914974991854139,7.808015466001768,7.8579301834106445,6900,0.0,0.0
2023-03-08 00:00:00-05:00,7.8579315182929115,7.907845564153281,7.808016792404668,7.8721923828125,17000,0.0,0.0
2023-03-09 00:00:00-05:00,7.914975536029807,7.914975536029807,7.7937551397462155,7.822277545928955,27200,0.0,0.0
2023-03-10 00:00:00-05:00,7.8579317082454345,7.8579317082454345,7.594098567962647,7.5940985679626465,59700,0.0,0.0
2023-03-13 00:00:00-04:00,7.5940976436489,7.679665542531511,7.330265215506302,7.387310028076172,28000,0.0,0.0
2023-03-14 00:00:00-04:00,7.537054228929351,7.658274648129269,7.415833809729434,7.48714017868042,19800,0.0,0.0
2023-03-15 00:00:00-04:00,7.458618090391688,7.458618090391688,7.223308014693267,7.258961200714111,15600,0.0,0.0
2023-03-16 00:00:00-04:00,7.166260250579267,7.444353491449485,7.166260250579267,7.373047828674316,21900,0.0,0.0
2023-03-17 00:00:00-04:00,7.3801815262331765,7.3801815262331765,7.237568784061597,7.273221969604492,9800,0.0,0.0
2023-03-20 00:00:00-04:00,7.216174541299104,7.351656461477413,7.20904377075757,7.294610977172852,15600,0.0,0.0
2023-03-21 00:00:00-04:00,7.38017974879509,7.494269371032715,7.38017974879509,7.494269371032715,32500,0.0,0.0
2023-03-22 00:00:00-04:00,7.480006662850911,7.487137433136733,7.373047828674316,7.373047828674316,6000,0.0,0.0
2023-03-23 00:00:00-04:00,7.415831356268093,7.48000693108648,7.216174541299104,7.294610977172852,18000,0.0,0.0
2023-03-24 00:00:00-04:00,7.209045978872403,7.308874756948085,7.201915886174645,7.301743984222412,29700,0.0,0.0
2023-03-27 00:00:00-04:00,7.258959740098988,7.344526961314786,7.187653382405244,7.23756742477417,25900,0.0,0.0
2023-03-28 00:00:00-04:00,7.330265761966273,7.34452730618582,7.194784492019865,7.201915264129639,7600,0.0,0.0
2023-03-29 00:00:00-04:00,7.201914584705945,7.330265070434082,7.109216596107529,7.123477458953857,35900,0.0,0.0
2023-03-30 00:00:00-04:00,7.180523078475285,7.180523078475285,6.980866215963171,7.023650169372559,44900,0.0,0.0
2023-03-31 00:00:00-04:00,7.045041420630476,7.159131050109863,7.045041420630476,7.159131050109863,19100,0.0,0.0
2023-04-03 00:00:00-04:00,7.159132233319606,7.180523872375488,7.152001460291664,7.180523872375488,6500,0.0,0.0
2023-04-04 00:00:00-04:00,7.180522676986364,7.180522676986364,7.0022574611324595,7.0521721839904785,21000,0.0,0.0
2023-04-05 00:00:00-04:00,7.09495494361126,7.130608120217906,7.0307793617248535,7.0307793617248535,11300,0.0,0.0
2023-04-06 00:00:00-04:00,7.109217316196198,7.187653769865277,7.080694907586727,7.102086544036865,17100,0.0,0.0
2023-04-10 00:00:00-04:00,7.130608642740016,7.159131050109863,7.016519013260629,7.159131050109863,16700,0.0,0.0
2023-04-11 00:00:00-04:00,7.130608230390919,7.130608230390919,7.023649378946172,7.123477458953857,23700,0.0,0.0
2023-04-12 00:00:00-04:00,7.123477130361062,7.130607901469194,7.052171459363027,7.11634635925293,16600,0.0,0.0
2023-04-13 00:00:00-04:00,7.037910640308807,7.116347090474505,7.037910640308807,7.0521721839904785,24600,0.0,0.0
2023-04-14 00:00:00-04:00,7.09495440231022,7.123476805413898,7.037909596102865,7.066431999206543,35700,0.0,0.0
2023-04-17 00:00:00-04:00,7.080694411841189,7.451485697803844,7.080694411841189,7.41583251953125,151400,0.0,0.0
2023-04-18 00:00:00-04:00,7.565574723939204,7.79375463876145,7.494269053079807,7.758101463317871,377800,0.0,0.0
2023-04-19 00:00:00-04:00,7.950626942598361,7.972019254320401,7.701056092757292,7.729578495025635,214400,0.0,0.0
2023-04-20 00:00:00-04:00,7.8579320526042205,7.90071532909997,7.594098900759453,7.772364139556885,125400,0.0,0.0
2023-04-21 00:00:00-04:00,7.66922261027252,7.7281599044799805,7.521879374753867,7.7281599044799805,83700,0.35,0.0
2023-04-24 00:00:00-04:00,7.757629060139675,7.757629060139675,7.109318078769228,7.234560012817383,182400,0.0,0.0
2023-04-25 00:00:00-04:00,7.367169608091773,7.433474246978686,7.219826356447546,7.308232307434082,50500,0.0,0.0
2023-04-26 00:00:00-04:00,7.293498516082764,7.4040064951677325,7.160889924804183,7.293498516082764,31500,0.0,0.0
2023-04-27 00:00:00-04:00,7.286130027675502,7.359801292419434,7.234559369508004,7.359801292419434,38500,0.0,0.0
2023-04-28 00:00:00-04:00,7.359801697109066,7.426106330836028,7.2713957530024445,7.286130428314209,28400,0.0,0.0
2023-05-01 00:00:00-04:00,7.352433917924556,7.381903266778392,7.241926670074463,7.241926670074463,43000,0.0,0.0
2023-05-02 00:00:00-04:00,7.31559837522815,7.31559837522815,7.1608878122219135,7.182989120483398,35800,0.0,0.0
2023-05-03 00:00:00-04:00,7.146154336834117,7.175622986987716,7.07248306274414,7.072483062744141,37500,0.0,0.0
2023-05-04 00:00:00-04:00,6.998809770566793,7.065114396596754,6.873567855307512,6.880935192108154,65100,0.0,0.0
2023-05-05 00:00:00-04:00,6.895669937133789,7.006177893783784,6.8662012892113875,6.895669937133789,25300,0.0,0.0
2023-05-08 00:00:00-04:00,6.814631392459629,6.932505985212419,6.740959420695138,6.799896717071533,47300,0.0,0.0
2023-05-09 00:00:00-04:00,6.844100223672711,6.844100223672711,6.785162925720215,6.785162925720215,41700,0.0,0.0
2023-05-10 00:00:00-04:00,6.777796982627554,6.792531661441924,6.637821046831823,6.718859672546387,46100,0.0,0.0
2023-05-11 00:00:00-04:00,6.645186789509732,6.770428016397683,6.645186789509732,6.674655437469482,21500,0.0,0.0
2023-05-12 00:00:00-04:00,6.740959871884941,6.740959871884941,6.659921259590273,6.682022571563721,14400,0.0,0.0
2023-05-15 00:00:00-04:00,6.68202207251843,6.733592733388985,6.645186789509732,6.674655437469482,28900,0.0,0.0
2023-05-16 00:00:00-04:00,6.652552402264732,6.740958332558695,6.652552402264732,6.659919738769531,35200,0.0,0.0
2023-05-17 00:00:00-04:00,6.733592584192723,6.851467173419979,6.674655289579095,6.8072638511657715,54500,0.0,0.0
2023-05-18 00:00:00-04:00,6.976708293645432,6.976708293645432,6.763060449720749,6.844099044799805,25400,0.0,0.0
2023-05-19 00:00:00-04:00,6.932504976500925,7.035645581446179,6.836731708177738,6.844099044799805,26300,0.0,0.0
2023-05-22 00:00:00-04:00,6.93250628614773,6.961974935615141,6.748327051329403,6.755694389343262,26900,0.0,0.0
2023-05-23 00:00:00-04:00,6.763061614635032,6.858834899454841,6.748326938852902,6.785162925720215,45200,0.0,0.0
2023-05-24 00:00:00-04:00,6.807264236805398,6.807264236805398,6.7041243166825355,6.785162925720215,24100,0.0,0.0
2023-05-25 00:00:00-04:00,6.807263888694919,6.807263888694919,6.689389298817809,6.7041239738464355,25800,0.0,0.0
2023-05-26 00:00:00-04:00,6.682023678098619,6.740960988179785,6.682023678098619,6.718859672546387,30400,0.0,0.0
2023-05-30 00:00:00-04:00,6.748326504897773,6.8735684306400735,6.689389210735274,6.740959167480469,35800,0.0,0.0
2023-05-31 00:00:00-04:00,6.74095860324759,6.917771173523456,6.7262246322342145,6.880935192108154,18800,0.0,0.0
2023-06-01 00:00:00-04:00,6.925138881066556,7.013545531200629,6.821998960223499,6.851467609405518,39000,0.0,0.0
2023-06-02 00:00:00-04:00,6.976711055037693,6.976711055037693,6.858836432781254,6.925140380859375,40200,0.0,0.0
2023-06-05 00:00:00-04:00,6.895669514572629,6.969341481158065,6.895669514572629,6.961974143981934,20900,0.0,0.0
2023-06-06 00:00:00-04:00,6.96934153497892,7.050380136778368,6.91777157952363,7.028278827667236,55900,0.0,0.0
2023-06-07 00:00:00-04:00,7.101950109822341,7.249293327331543,7.04301282281866,7.249293327331543,67400,0.0,0.0
2023-06-08 00:00:00-04:00,7.205091498913191,7.241927486545509,7.094584238604264,7.153521537780762,41100,0.0,0.0
2023-06-09 00:00:00-04:00,7.131419015895916,7.1608876604827625,7.094583034515381,7.094583034515381,33300,0.0,0.0
2023-06-12 00:00:00-04:00,7.07984902539893,7.0945837003692125,6.814631199225604,6.917771816253662,80200,0.0,0.0
2023-06-13 00:00:00-04:00,6.969341866281391,6.998810514026403,6.925138543369879,6.939873218536377,16800,0.0,0.0
2023-06-14 00:00:00-04:00,7.028278830164102,7.028278830164102,6.866200923919678,6.866200923919678,34500,0.0,0.0
2023-06-15 00:00:00-04:00,6.851465591359248,7.0503787391025385,6.7777936388096975,6.932504177093506,81000,0.0,0.0
2023-06-16 00:00:00-04:00,6.9251399283753985,7.153522521016013,6.910405952850136,7.10195255279541,66800,0.0,0.0
2023-06-20 00:00:00-04:00,7.0356457453416885,7.1608876604827625,6.9988097639611535,7.094583034515381,51000,0.0,0.0
2023-06-21 00:00:00-04:00,7.168254472602008,7.35980101846458,7.072481902258648,7.352433681488037,73500,0.0,0.0
2023-06-22 00:00:00-04:00,7.411372934879062,7.5218801979652214,7.227193694676768,7.308232307434082,116700,0.0,0.0
2023-06-23 00:00:00-04:00,7.293496933282131,7.36716890335083,7.241926975786828,7.36716890335083,86200,0.0,0.0
2023-06-26 00:00:00-04:00,7.448207081816151,7.4924104018435544,7.315598526909815,7.433473110198975,28100,0.0,0.0
2023-06-27 00:00:00-04:00,7.492410003470431,7.551347291981302,7.426105378248726,7.507143974304199,36700,0.0,0.0
2023-06-28 00:00:00-04:00,7.551347291981302,7.551347291981302,7.389269397282457,7.507143974304199,47900,0.0,0.0
2023-06-29 00:00:00-04:00,7.529248612667813,7.595553261034449,7.426107970476586,7.448209285736084,36000,0.0,0.0
2023-06-30 00:00:00-04:00,7.580815696647122,7.580815696647122,7.440839816504678,7.558714389801025,28400,0.0,0.0
2023-07-03 00:00:00-04:00,7.588183932552346,7.706058519820366,7.573449257849864,7.654488563537598,29700,0.0,0.0
2023-07-05 00:00:00-04:00,7.7502617835998535,7.757628418308253,7.661855141219514,7.7502617835998535,25700,0.0,0.0
2023-07-06 00:00:00-04:00,7.7870989953752,7.7870989953752,7.602919732834912,7.639755725860596,28800,0.0,0.0
2023-07-07 00:00:00-04:00,7.6986929532817845,7.772364938563918,7.654490324183002,7.735528945922852,41200,0.0,0.0
2023-07-10 00:00:00-04:00,7.742896284968689,7.860770899349604,7.735528945922851,7.735528945922852,34100,0.0,0.0
2023-07-11 00:00:00-04:00,7.831301804706593,7.8607704566421885,7.669223867766772,7.801833152770996,26600,0.0,0.0
2023-07-12 00:00:00-04:00,7.890238832931457,7.9123401454640225,7.750262916774469,7.7944655418396,41800,0.0,0.0
2023-07-13 00:00:00-04:00,7.904972418339358,8.000745704721274,7.809199834545466,7.927074432373047,68700,0.0,0.0
2023-07-14 00:00:00-04:00,7.956541431271756,7.993377411098378,7.919705451445133,7.9860100746154785,47600,0.0,0.0
2023-07-17 00:00:00-04:00,7.9933791395399165,8.133355050043201,7.9933791395399165,8.11125373840332,283200,0.0,0.0
2023-07-18 00:00:00-04:00,8.148088878965437,8.288064774914176,8.030213589770552,8.08178424835205,217800,0.0,0.0
2023-07-19 00:00:00-04:00,8.170190153701906,8.214392772198304,8.103885523369357,8.184924125671387,117200,0.0,0.0
2023-07-20 00:00:00-04:00,8.148090655492968,8.170191969653526,8.074418671506963,8.162824630737305,119400,0.0,0.0
2023-07-21 00:00:00-04:00,8.056318706707806,8.200860458516427,7.9802436422786895,8.010673522949219,87600,0.35,0.0
2023-07-24 00:00:00-04:00,8.094355965721482,8.094355965721482,7.987851024216592,8.079140663146973,47800,0.0,0.0
2023-07-25 00:00:00-04:00,8.048709909238537,8.048709909238537,7.706373619058392,7.767233371734619,144500,0.0,0.0
2023-07-26 00:00:00-04:00,7.7748418428573665,7.896561361057742,7.7063744324932655,7.782448768615723,51600,0.0,0.0
2023-07-27 00:00:00-04:00,7.774841864524924,7.858523852144505,7.675944574335114,7.713982105255127,39800,0.0,0.0
2023-07-28 00:00:00-04:00,7.752020496353729,7.782450382213093,7.615086372739442,7.660730838775635,56200,0.0,0.0
2023-07-31 00:00:00-04:00,7.767234231133112,7.790056459535471,7.668336940715474,7.752018928527832,42000,0.0,0.0
2023-08-01 00:00:00-04:00,7.843309894158951,7.904169658232461,7.744412596163094,7.881346702575684,37800,0.0,0.0
2023-08-02 00:00:00-04:00,7.9726377479298,7.9726377479298,7.835703617484482,7.911777973175049,41900,0.0,0.0
2023-08-03 00:00:00-04:00,7.926991311130823,7.9422058882884485,7.8737392028207855,7.904169082641602,18800,0.0,0.0
2023-08-04 00:00:00-04:00,7.873738181521756,7.965027809143066,7.873738181521756,7.965027809143066,35200,0.0,0.0
2023-08-07 00:00:00-04:00,7.980242124168681,8.124784573986059,7.949812249286936,8.03349494934082,43800,0.0,0.0
2023-08-08 00:00:00-04:00,8.01067379798731,8.048711331507848,7.873739693021228,7.942206382751465,86200,0.0,0.0
2023-08-09 00:00:00-04:00,7.949813814338837,7.987851346805696,7.7900567583825,7.835701942443848,23100,0.0,0.0
2023-08-10 00:00:00-04:00,7.77484232988147,7.94220631513806,7.77484232988147,7.858524322509766,37500,0.0,0.0
2023-08-11 00:00:00-04:00,7.835702242273358,7.919384236498031,7.835702242273358,7.881346702575684,9200,0.0,0.0
2023-08-14 00:00:00-04:00,7.858525011955815,8.292151042126807,7.858525011955815,8.041104316711426,80200,0.0,0.0
2023-08-15 00:00:00-04:00,7.972636699676515,8.079141654246781,7.911776932923689,7.972636699676514,34300,0.0,0.0
2023-08-16 00:00:00-04:00,7.919382632579677,8.033495211235415,7.911774982234867,7.965027809143066,25500,0.0,0.0
2023-08-17 00:00:00-04:00,8.094356814420511,8.117179045169644,7.934599748165316,8.02588939666748,39200,0.0,0.0
2023-08-18 00:00:00-04:00,7.9954598532753565,8.140001621497131,7.987852200867456,8.041104316711426,33000,0.0,0.0
2023-08-21 00:00:00-04:00,8.063926910201035,8.21607632396781,8.025889375382933,8.170431137084961,69900,0.0,0.0
2023-08-22 00:00:00-04:00,8.140002491159215,8.208469919133913,8.071535063184518,8.101964950561523,24200,0.0,0.0
2023-08-23 00:00:00-04:00,8.178038173790508,8.22368335723877,8.079140880907255,8.22368335723877,37600,0.0,0.0
2023-08-24 00:00:00-04:00,8.193253436697063,8.25411319732666,8.094356144297576,8.25411319732666,36600,0.0,0.0
2023-08-25 00:00:00-04:00,8.25411281689981,8.292149621411035,8.223682937987506,8.231289863586426,19600,0.0,0.0
2023-08-28 00:00:00-04:00,8.284543462628857,8.284543462628857,8.185646165633557,8.238898277282715,19300,0.0,0.0
2023-08-29 00:00:00-04:00,8.208468014101676,8.292150003590976,8.200860362646582,8.25411319732666,40700,0.0,0.0
2023-08-30 00:00:00-04:00,8.231290393333731,8.30736545826328,8.223683467245246,8.276935577392578,39900,0.0,0.0
2023-08-31 00:00:00-04:00,8.254113688906894,8.322580379563597,8.216076154871649,8.292150497436523,40800,0.0,0.0
2023-09-01 00:00:00-04:00,8.23889851179306,8.330188159578185,8.200860977172852,8.200860977172852,24700,0.0,0.0
2023-09-05 00:00:00-04:00,8.185646441214454,8.330188202916483,8.10957137157825,8.170431137084961,50100,0.0,0.0
2023-09-06 00:00:00-04:00,8.12478576640167,8.254112935005859,8.071532933414002,8.140000343322754,28100,0.0,0.0
2023-09-07 00:00:00-04:00,8.216076571455012,8.330188453841,8.140001499527251,8.284543991088867,23700,0.0,0.0
2023-09-08 00:00:00-04:00,8.314973453161041,8.322580379563597,8.216076154871649,8.292150497436523,38700,0.0,0.0
2023-09-11 00:00:00-04:00,8.284544331425623,8.360618680972935,8.284544331425623,8.299758911132812,54600,0.0,0.0
2023-09-12 00:00:00-04:00,8.360617415675666,8.368225067130759,8.25411319732666,8.25411319732666,49800,0.0,0.0
2023-09-13 00:00:00-04:00,8.29215121389892,8.368226288542488,8.26172132914263,8.330188751220703,43900,0.0,0.0
2023-09-14 00:00:00-04:00,8.360616683959961,8.398654212400832,8.330186806308365,8.360616683959961,34900,0.0,0.0
2023-09-15 00:00:00-04:00,8.36822471542948,8.391046943330007,8.330187185258238,8.383440017700195,46800,0.0,0.0
2023-09-18 00:00:00-04:00,8.383440280696458,8.505159800658454,8.322579795209894,8.459514617919922,75400,0.0,0.0
2023-09-19 00:00:00-04:00,8.444299968447588,8.444299968447588,8.36822490636928,8.375832557678223,25000,0.0,0.0
2023-09-20 00:00:00-04:00,8.383440017700195,8.436692124636608,8.360617064294123,8.383440017700195,24700,0.0,0.0
2023-09-21 00:00:00-04:00,8.368225220004687,8.429084981746092,8.246505696521876,8.276935577392578,31500,0.0,0.0
2023-09-22 00:00:00-04:00,8.25411399774965,8.558412830406283,8.25411399774965,8.489945411682129,145700,0.0,0.0
2023-09-25 00:00:00-04:00,8.459513892237283,8.55080352437768,8.383439561539705,8.421476364135742,61200,0.0,0.0
2023-09-26 00:00:00-04:00,8.429084508538063,8.543196374020571,8.39104697820871,8.497551918029785,80600,0.0,0.0
2023-09-27 00:00:00-04:00,8.459515528416466,8.535590599333446,8.299758459895322,8.489945411682129,89400,0.0,0.0
2023-09-28 00:00:00-04:00,8.375833642098787,8.474730945402614,8.254114107418893,8.284543991088867,103900,0.0,0.0
2023-09-29 00:00:00-04:00,8.246505656037838,8.375832830479824,8.018281187875182,8.307365417480469,108400,0.0,0.0
2023-10-02 00:00:00-04:00,8.360616914373972,8.36822456537291,8.071532705964062,8.178037643432617,69500,0.0,0.0
2023-10-03 00:00:00-04:00,8.238897094478297,8.238897094478297,7.287962520087861,7.554224491119385,232900,0.0,0.0
2023-10-04 00:00:00-04:00,7.592261354970919,7.752018393778198,7.577046778920731,7.744411468505859,29200,0.0,0.0
2023-10-05 00:00:00-04:00,7.744412505364359,7.797664616927926,7.675945090207997,7.6835527420043945,23200,0.0,0.0
2023-10-06 00:00:00-04:00,7.531402119290195,7.812879413443391,7.531402119290195,7.752018928527832,40200,0.0,0.0
2023-10-09 00:00:00-04:00,7.790056443781324,8.109570542790433,7.782448792494069,8.079140663146973,37900,0.0,0.0
2023-10-10 00:00:00-04:00,8.147608073721146,8.24650536393878,8.018280903860052,8.079140663146973,25400,0.0,0.0
2023-10-11 00:00:00-04:00,8.07914043340776,8.292149584854831,8.07914043340776,8.117177963256836,31500,0.0,0.0
2023-10-12 00:00:00-04:00,8.124786037892118,8.178038147153659,8.033496396798514,8.071533203125,52200,0.0,0.0
2023-10-13 00:00:00-04:00,8.124786467450345,8.345403293133648,8.124786467450345,8.322580337524414,60600,0.0,0.0
2023-10-16 00:00:00-04:00,8.36061729477493,8.44430000855969,8.29975753502541,8.345402717590332,103700,0.0,0.0
2023-10-17 00:00:00-04:00,8.368226288542488,8.436693710620562,8.299758866464412,8.330188751220703,74100,0.0,0.0
2023-10-18 00:00:00-04:00,8.353008958654069,8.512765996276139,8.353008958654069,8.421476364135742,149800,0.0,0.0
2023-10-19 00:00:00-04:00,8.48233619456634,8.48233619456634,8.345402107886919,8.360616683959961,132000,0.0,0.0
2023-10-20 00:00:00-04:00,8.250608661788483,8.250608661788483,8.08559645857788,8.093454360961914,50700,0.35,0.0
2023-10-23 00:00:00-04:00,8.124884810321108,8.203461582076027,8.085596049758259,8.109169006347656,44600,0.0,0.0
2023-10-24 00:00:00-04:00,8.156316081292541,8.156316081292541,8.054165598412567,8.093454360961914,39400,0.0,0.0
2023-10-25 00:00:00-04:00,7.967731491541533,8.12488580363517,7.967731491541533,8.085597038269043,57000,0.0,0.0
2023-10-26 00:00:00-04:00,7.991304693894256,8.117028147390306,7.975588887521804,8.046308517456055,30100,0.0,0.0
2023-10-27 00:00:00-04:00,8.046308556003844,8.046308556003844,7.983446828954665,8.022735595703125,23000,0.0,0.0
2023-10-30 00:00:00-04:00,8.04630901467176,8.124886552647878,8.0227360530273,8.101313591003418,27700,0.0,0.0
2023-10-31 00:00:00-04:00,8.093454420458839,8.18774700164795,8.046307755178875,8.18774700164795,30700,0.0,0.0
2023-11-01 00:00:00-04:00,8.172031255470996,8.329186307952645,8.172031255470996,8.282039642333984,29600,0.0,0.0
2023-11-02 00:00:00-04:00,8.297756985179161,8.384191680566612,8.25846821477724,8.27418327331543,36200,0.0,0.0
2023-11-03 00:00:00-04:00,8.32132965789042,8.525630657369065,8.32132965789042,8.337044715881348,32800,0.0,0.0
2023-11-06 00:00:00-05:00,8.258466001182502,8.58849038510553,8.258466001182502,8.517770767211914,39500,0.0,0.0
2023-11-07 00:00:00-05:00,8.5177718731886,8.5177718731886,8.274182129856595,8.407763481140137,32200,0.0,0.0
2023-11-08 00:00:00-05:00,8.423479710404951,8.588491932088932,8.407763903877475,8.50991439819336,17900,0.0,0.0
2023-11-09 00:00:00-05:00,8.43133649429779,8.557060692887617,8.43133649429779,8.502056121826172,18900,0.0,0.0
2023-11-10 00:00:00-05:00,8.627780247605282,8.627780247605282,8.431337155453566,8.564918518066406,23800,0.0,0.0
2023-11-13 00:00:00-05:00,8.44705365580822,8.612065896733732,8.44705365580822,8.604207992553711,22800,0.0,0.0
2023-11-14 00:00:00-05:00,8.627780086851324,8.761361446975258,8.596349222667511,8.6749267578125,89800,0.0,0.0
2023-11-15 00:00:00-05:00,8.651353844504994,8.800650262854873,8.596349269853215,8.769219398498535,133800,0.0,0.0
2023-11-16 00:00:00-05:00,8.800650677181428,8.800650677181428,8.698500175871448,8.753504753112793,36300,0.0,0.0
2023-11-17 00:00:00-05:00,8.792790965261984,8.816364671819642,8.667067527770996,8.667067527770996,64900,0.0,0.0
2023-11-20 00:00:00-05:00,8.619923018757138,8.761361534308705,8.612065115290129,8.745646476745605,41900,0.0,0.0
2023-11-21 00:00:00-05:00,8.729931041707523,8.800650677181428,8.667069310035373,8.753504753112793,45500,0.0,0.0
2023-11-22 00:00:00-05:00,8.792793064861346,8.816366777048087,8.698500464227317,8.80850887298584,42800,0.0,0.0
2023-11-24 00:00:00-05:00,8.82422301504649,8.82422301504649,8.769219191066716,8.784934997558594,28400,0.0,0.0
2023-11-27 00:00:00-05:00,8.800650054679572,8.839938821538368,8.769219191066716,8.784934997558594,62800,0.0,0.0
2023-11-28 00:00:00-05:00,8.76921948459284,8.83993911743164,8.706357755263,8.83993911743164,39700,0.0,0.0
2023-11-29 00:00:00-05:00,8.737786768630736,8.855653048179748,8.737786768630736,8.816364288330078,40000,0.0,0.0
2023-11-30 00:00:00-05:00,8.800649823581331,8.942089080810547,8.800649823581331,8.942089080810547,107900,0.0,0.0
2023-12-01 00:00:00-05:00,8.949948020561411,9.012809753417969,8.91065925018332,9.012809753417969,81600,0.0,0.0
2023-12-04 00:00:00-05:00,9.036382470632633,9.193536798508577,9.036382470632633,9.169963836669922,88700,0.0,0.0
2023-12-05 00:00:00-05:00,9.201395154682956,9.38998035740693,9.193537250560045,9.36640739440918,96200,0.0,0.0
2023-12-06 00:00:00-05:00,9.429267014354343,9.507844539222289,9.17782013377022,9.224966049194336,67600,0.0,0.0
2023-12-07 00:00:00-05:00,9.240682705483778,9.429267883300781,9.209251842514277,9.429267883300781,38100,0.0,0.0
2023-12-08 00:00:00-05:00,9.42926933959414,9.460700207417947,9.30354586829891,9.350691795349121,43100,0.0,0.0
2023-12-11 00:00:00-05:00,9.39783653552309,9.5314178835951,9.350689868815563,9.507844924926758,68500,0.0,0.0
2023-12-12 00:00:00-05:00,9.484269858238612,9.57856242877514,9.437123947655717,9.523558616638184,57400,0.0,0.0
2023-12-13 00:00:00-05:00,9.570708234205364,9.782866396132608,9.460699826565072,9.712146759033203,76000,0.0,0.0
2023-12-14 00:00:00-05:00,9.751434725613189,10.19932472448832,9.751434725613189,10.128605842590332,218200,0.0,0.0
2023-12-15 00:00:00-05:00,10.199324156812864,10.348621314375576,10.144320335274426,10.254328727722168,444000,0.0,0.0
2023-12-18 00:00:00-05:00,10.230755830456072,10.356479280089857,10.034312753060563,10.073600769042969,62100,0.0,0.0
2023-12-19 00:00:00-05:00,10.002881588719015,10.050028259126034,9.877158133461508,10.034313201904297,61000,0.0,0.0
2023-12-20 00:00:00-05:00,9.95573653266647,10.246472235552153,9.947878628687432,9.963594436645508,72500,0.0,0.0
2023-12-21 00:00:00-05:00,9.885016009278688,10.175751686096191,9.885016009278688,10.175751686096191,48100,0.0,0.0
2023-12-22 00:00:00-05:00,10.222897130629457,10.262185892920147,10.057884928505208,10.097173690795898,23900,0.0,0.0
2023-12-26 00:00:00-05:00,10.120745251136109,10.199322015498247,10.105029448641258,10.136460304260254,33100,0.0,0.0
2023-12-27 00:00:00-05:00,10.175751529801996,10.317190789086528,10.136462763403971,10.285759925842285,68200,0.0,0.0
2023-12-28 00:00:00-05:00,10.293617867451015,10.293617867451015,10.152178607638096,10.262187004089355,29800,0.0,0.0
2023-12-29 00:00:00-05:00,10.191467118687436,10.246470940848699,10.097174530966326,10.167893409729004,43000,0.0,0.0
2024-01-02 00:00:00-05:00,10.183608971519662,10.285759459777562,10.089316386059492,10.207181930541992,48200,0.0,0.0
2024-01-03 00:00:00-05:00,10.215040636365053,10.552922989520436,10.207182732949597,10.435056686401367,76600,0.0,0.0
2024-01-04 00:00:00-05:00,10.55292279073642,10.796511797059727,10.458630199639892,10.56863784790039,177000,0.0,0.0
2024-01-05 00:00:00-05:00,10.600066833181959,10.710075211318989,10.513632160669786,10.545063018798828,63900,0.0,0.0
2024-01-08 00:00:00-05:00,10.521491720794982,10.615784310043184,10.521491720794982,10.58435344696045,71000,0.0,0.0
2024-01-09 00:00:00-05:00,10.568636628092603,10.592209585803273,10.458628992528931,10.490059852600098,26600,0.0,0.0
2024-01-10 00:00:00-05:00,10.521491163583235,10.74150719351046,10.521491163583235,10.710076332092285,84600,0.0,0.0
2024-01-11 00:00:00-05:00,10.93009274308612,10.99295446811408,10.623642020917531,10.717934608459473,76400,0.0,0.0
2024-01-12 00:00:00-05:00,10.725791649350866,11.000812255486371,10.725791649350866,10.788653373718262,128500,0.0,0.0
2024-01-16 00:00:00-05:00,10.906519236731212,11.063673541421984,10.765079987824102,10.961523056030273,132800,0.0,0.0
2024-01-17 00:00:00-05:00,11.063673824961299,11.063673824961299,10.757222360932445,10.898661613464355,116200,0.0,0.0
2024-01-18 00:00:00-05:00,10.945809278095334,10.96152433571362,10.851516684272852,10.875089645385742,130700,0.0,0.0
2024-01-19 00:00:00-05:00,10.802533367766321,10.939580498286285,10.697733344487153,10.818656921386719,107500,0.35,0.0
2024-01-22 00:00:00-05:00,10.85896586424778,10.875088650283635,10.72998050070731,10.746103286743164,67900,0.0,0.0
2024-01-23 00:00:00-05:00,10.657426338351694,10.746103586052325,10.528440971218618,10.592933654785156,65000,0.0,0.0
2024-01-24 00:00:00-05:00,10.625180521442033,10.77028868222823,10.592934178065827,10.67354965209961,72400,0.0,0.0
2024-01-25 00:00:00-05:00,10.697734127960922,10.738041477337212,10.657426009771223,10.72998046875,26600,0.0,0.0
2024-01-26 00:00:00-05:00,10.80253345147295,10.810595228345617,10.72191798918635,10.762226104736328,36400,0.0,0.0
2024-01-29 00:00:00-05:00,10.721919216752417,10.955705391132739,10.721919216752417,10.810596466064453,50600,0.0,0.0
2024-01-30 00:00:00-05:00,10.8105958485926,10.883150306982628,10.705795049675158,10.78641128540039,39000,0.0,0.0
2024-01-31 00:00:00-05:00,10.77028682018909,10.83477949579158,10.504254341125488,10.504254341125488,64800,0.0,0.0
2024-02-01 00:00:00-05:00,10.63323982911814,10.729979612579687,10.496193468309867,10.57680892944336,59700,0.0,0.0
2024-02-02 00:00:00-05:00,10.552626493203254,10.552626493203254,10.32690208023161,10.367209434509277,40700,0.0,0.0
2024-02-05 00:00:00-05:00,10.254346175632358,10.455885994035752,10.044744579977616,10.302715301513672,69800,0.0,0.0
2024-02-06 00:00:00-05:00,10.302714429545611,10.423638771641276,10.222098970295162,10.246283531188965,29000,0.0,0.0
2024-02-07 00:00:00-05:00,10.254345916714101,10.254345916714101,9.923820745888314,9.956067085266113,50200,0.0,0.0
2024-02-08 00:00:00-05:00,9.843204583753849,9.93188182547654,9.71421922531598,9.786773681640625,73600,0.0,0.0
2024-02-09 00:00:00-05:00,9.762588016463628,9.835142470307066,9.754527008446965,9.810957908630371,38900,0.0,0.0
2024-02-12 00:00:00-05:00,9.786774138221354,9.956067621272423,9.722281455993652,9.722281455993652,54500,0.0,0.0
2024-02-13 00:00:00-05:00,9.714219437963417,9.77065034131193,9.053168308278638,9.166030883789062,126500,0.0,0.0
2024-02-14 00:00:00-05:00,9.246646695031217,9.762588116421234,9.198276802369222,9.657787322998047,81700,0.0,0.0
2024-02-15 00:00:00-05:00,9.762589242291442,9.9802526311524,9.762589242291442,9.859328269958496,72700,0.0,0.0
2024-02-16 00:00:00-05:00,9.786773129125645,9.915758480281612,9.698095123595916,9.79483413696289,103400,0.0,0.0
2024-02-20 00:00:00-05:00,9.698095123595916,9.923820256932194,9.698095123595916,9.79483413696289,62200,0.0,0.0
2024-02-21 00:00:00-05:00,10.068929479971214,10.50425547154235,9.92382132865645,10.391393661499023,85200,0.0,0.0
2024-02-22 00:00:00-05:00,10.520379580665661,10.520379580665661,10.044745445251465,10.044745445251465,48800,0.0,0.0
2024-02-23 00:00:00-05:00,10.10117597547532,10.480071067810059,10.10117597547532,10.480071067810059,71100,0.0,0.0
2024-02-26 00:00:00-05:00,10.39139357036334,10.399454579000437,9.964128591247242,10.020560264587402,74200,0.0,0.0
2024-02-27 00:00:00-05:00,10.020560015112572,10.020560015112572,9.835142982434094,9.988313674926758,86000,0.0,0.0
2024-02-28 00:00:00-05:00,9.948005293315205,9.972189855608981,9.802896381925809,9.843204498291016,19900,0.0,0.0
2024-02-29 00:00:00-05:00,9.923820792586673,10.189853285908725,9.923820792586673,10.085052490234375,31700,0.0,0.0
2024-03-01 00:00:00-05:00,10.125361442565918,10.238223255827888,10.036683424930438,10.125361442565918,37700,0.0,0.0
2024-03-04 00:00:00-05:00,10.238222189643468,10.294653859211232,9.980251478979493,10.068928718566895,41200,0.0,0.0
2024-03-05 00:00:00-05:00,10.06086814135078,10.18179250300401,10.012499011740248,10.101176261901855,51500,0.0,0.0
2024-03-06 00:00:00-05:00,10.18985294777958,10.230160294243955,10.109236717224121,10.109236717224121,21800,0.0,0.0
2024-03-07 00:00:00-05:00,10.125360568920355,10.29465404301962,10.117298791864824,10.270468711853027,24600,0.0,0.0
2024-03-08 00:00:00-05:00,10.238221732949624,10.367207082527992,10.093113599080622,10.133420944213867,27700,0.0,0.0
2024-03-11 00:00:00-04:00,10.181792182586912,10.23822308829449,9.827081655476183,9.923821449279785,75600,0.0,0.0
2024-03-12 00:00:00-04:00,9.95606873165716,10.39139476965208,9.89157604223669,10.367209434509277,63100,0.0,0.0
2024-03-13 00:00:00-04:00,10.391393782102268,10.463947474195004,10.27046942432085,10.351085662841797,52000,0.0,0.0
2024-03-14 00:00:00-04:00,10.294655735521376,10.399455779219513,10.286593957140441,10.367209434509277,18400,0.0,0.0
2024-03-15 00:00:00-04:00,10.302716745088809,10.407517557600446,10.254347612430207,10.367209434509277,65000,0.0,0.0
2024-03-18 00:00:00-04:00,10.367207285887622,10.415577177334981,9.988313006272232,10.03668212890625,40400,0.0,0.0
2024-03-19 00:00:00-04:00,10.085053233498067,10.278531284934552,10.06086790045843,10.181792259216309,40100,0.0,0.0
2024-03-20 00:00:00-04:00,10.24628333595136,10.391392236175852,10.109236212142296,10.343022346496582,29200,0.0,0.0
2024-03-21 00:00:00-04:00,10.326902293969262,10.463948685214106,10.302716958325892,10.383333206176758,66200,0.0,0.0
2024-03-22 00:00:00-04:00,10.439764118384254,10.439764118384254,10.326902293969262,10.383333206176758,24700,0.0,0.0
2024-03-25 00:00:00-04:00,10.455887334060288,10.463948343531342,10.318840178476972,10.407517433166504,39500,0.0,0.0
2024-03-26 00:00:00-04:00,10.447824846890386,10.480071189027163,10.35914759821761,10.439763069152832,38400,0.0,0.0
2024-03-27 00:00:00-04:00,10.391393239640015,10.496194036720954,10.367207908058223,10.47200870513916,29000,0.0,0.0
2024-03-28 00:00:00-04:00,10.399453381769646,10.536500507397205,10.399453381769646,10.415576934814453,24200,0.0,0.0
2024-04-01 00:00:00-04:00,10.447823442176645,10.504254341125488,10.3913925432278,10.504254341125488,24900,0.0,0.0
2024-04-02 00:00:00-04:00,10.472006652368806,10.472006652368806,10.351083093417381,10.399452209472656,26900,0.0,0.0
2024-04-03 00:00:00-04:00,10.472009411289608,10.472009411289608,10.294654913944058,10.439763069152832,31000,0.0,0.0
2024-04-04 00:00:00-04:00,10.463946226670599,10.552624232234024,10.343022652119265,10.504254341125488,32700,0.0,0.0
2024-04-05 00:00:00-04:00,10.42364133010219,10.472010463761896,10.302716958325892,10.383333206176758,39600,0.0,0.0
2024-04-08 00:00:00-04:00,10.43170055563919,10.463946895501545,10.318838750527641,10.455885887145996,23700,0.0,0.0
2024-04-09 00:00:00-04:00,10.383330597538164,10.439761495568339,10.2865915857093,10.415576934814453,48000,0.0,0.0
2024-04-10 00:00:00-04:00,10.480071189027163,10.480071189027163,10.334962265004947,10.439763069152832,54000,0.0,0.0
2024-04-11 00:00:00-04:00,10.391393180909608,10.472008645953128,10.15760702530065,10.2301607131958,77700,0.0,0.0
2024-04-12 00:00:00-04:00,10.334960570081153,10.463945917474783,10.238221559535928,10.343022346496582,61200,0.0,0.0
2024-04-15 00:00:00-04:00,10.302713208548868,10.472006652368806,10.197912432011456,10.399452209472656,95600,0.0,0.0
2024-04-16 00:00:00-04:00,10.431701341174406,10.463947683464998,9.915759864524942,10.141484260559082,103600,0.0,0.0
2024-04-17 00:00:00-04:00,10.375270438974209,10.375270438974209,10.125361478314565,10.25434684753418,51200,0.0,0.0
2024-04-18 00:00:00-04:00,10.359146721837114,10.48007030241657,10.222099587146596,10.270468711853027,140300,0.0,0.0
2024-04-19 00:00:00-04:00,10.187575627566744,10.419676397639686,10.104682100132205,10.287047386169434,88900,0.35,0.0
2024-04-22 00:00:00-04:00,10.419677199287943,10.568885243937078,10.278758666126276,10.369941711425781,49900,0.0,0.0
2024-04-23 00:00:00-04:00,10.411387949377279,10.427966180978625,10.22902265857473,10.311915397644043,58000,0.0,0.0
2024-04-24 00:00:00-04:00,10.36994160500638,10.378231116408779,9.880871499703261,10.26218032836914,113200,0.0,0.0
2024-04-25 00:00:00-04:00,10.137840424182865,10.195866215730664,9.996922677504541,10.063237190246582,38200,0.0,0.0
2024-04-26 00:00:00-04:00,10.16270817190284,10.17099768298612,9.972053369643836,10.054946899414062,34300,0.0,0.0
2024-04-29 00:00:00-04:00,10.146128731867089,10.179285984303338,10.063235996042096,10.104681968688965,35700,0.0,0.0
2024-04-30 00:00:00-04:00,10.229023269918617,10.485991804082044,10.112972479648187,10.403099060058594,37000,0.0,0.0
2024-05-01 00:00:00-04:00,10.427966918268607,10.759539479051655,10.129551613563866,10.585464477539062,69200,0.0,0.0
2024-05-02 00:00:00-04:00,10.610331361517387,10.77611762846443,10.560595086167634,10.618620872497559,36900,0.0,0.0
2024-05-03 00:00:00-04:00,10.668356976430614,10.709803743205466,10.535727955176146,10.626910209655762,20000,0.0,0.0
2024-05-06 00:00:00-04:00,10.71809422217294,10.751251480479613,10.568886164527216,10.701515197753906,28000,0.0,0.0
2024-05-07 00:00:00-04:00,10.776118849817536,10.776118849817536,10.485992256879133,10.494281768798828,33900,0.0,0.0
2024-05-08 00:00:00-04:00,10.602042782540998,10.602042782540998,10.303627475803244,10.469413757324219,30800,0.0,0.0
2024-05-09 00:00:00-04:00,10.469412429185065,10.668355941772461,10.378230183548654,10.668355941772461,28000,0.0,0.0
2024-05-10 00:00:00-04:00,10.60204279270317,10.684936328808785,10.40309925468731,10.544017791748047,34200,0.0,0.0
2024-05-13 00:00:00-04:00,10.610331870694216,10.718093147013946,10.403098829432732,10.519148826599121,44000,0.0,0.0
2024-05-14 00:00:00-04:00,10.436256602090461,10.69322514330376,10.436256602090461,10.57717514038086,31400,0.0,0.0
2024-05-15 00:00:00-04:00,10.602042833616185,10.817565395897402,10.602042833616185,10.759539604187012,55800,0.0,0.0
2024-05-16 00:00:00-04:00,10.817565997092958,10.859012767609148,10.610332935043406,10.701515197753906,66700,0.0,0.0
2024-05-17 00:00:00-04:00,10.676646246626206,10.751250267028809,10.585463994207082,10.751250267028809,21900,0.0,0.0
2024-05-20 00:00:00-04:00,10.776117498551136,10.784407009431371,10.693223970811312,10.767827987670898,46500,0.0,0.0
2024-05-21 00:00:00-04:00,10.800986627907688,10.825855163742437,10.69322534421788,10.79269790649414,40200,0.0,0.0
2024-05-22 00:00:00-04:00,10.776118106923036,10.776118106923036,10.378231048583984,10.378231048583984,31900,0.0,0.0
2024-05-23 00:00:00-04:00,10.386519526614153,10.651778349837695,10.311915507286635,10.419676780700684,33900,0.0,0.0
2024-05-24 00:00:00-04:00,10.36165167351066,10.436255692044943,10.146129128974131,10.311915397644043,48600,0.0,0.0
2024-05-28 00:00:00-04:00,10.13783982862562,10.419676886488176,10.11297208544107,10.121261596679688,72700,0.0,0.0
2024-05-29 00:00:00-04:00,10.12126229298117,10.403099370232967,10.11297278117227,10.170998573303223,46900,0.0,0.0
2024-05-30 00:00:00-04:00,10.121260421741033,10.552304679203893,10.121260421741033,10.502569198608398,43000,0.0,0.0
2024-05-31 00:00:00-04:00,10.552304679203893,10.602040950330597,10.353361175759495,10.502569198608398,34800,0.0,0.0
2024-06-03 00:00:00-04:00,10.585463937410555,10.62690991249513,10.444545408635364,10.452834129333496,25400,0.0,0.0
2024-06-04 00:00:00-04:00,10.577175240749842,10.767829270521679,10.527438960074244,10.6849365234375,38500,0.0,0.0
2024-06-05 00:00:00-04:00,10.70151416910798,10.72638191281481,10.253890829728443,10.336784362792969,49500,0.0,0.0
2024-06-06 00:00:00-04:00,10.336782602813065,10.510858360184715,10.204153604916796,10.253889083862305,31600,0.0,0.0
2024-06-07 00:00:00-04:00,10.27046810386493,10.411386611762513,10.229021344389551,10.253889083862305,26900,0.0,0.0
2024-06-10 00:00:00-04:00,10.204153727655502,10.444543986866774,10.204153727655502,10.361650466918945,24700,0.0,0.0
2024-06-11 00:00:00-04:00,10.336783642680219,10.411387659134736,10.212443351745605,10.212443351745605,57700,0.0,0.0
2024-06-12 00:00:00-04:00,10.419677697189597,10.51914946819848,10.204155921936035,10.204155921936035,44200,0.0,0.0
2024-06-13 00:00:00-04:00,10.278757760605345,10.386519028855089,10.179286003112793,10.179286003112793,37100,0.0,0.0
2024-06-14 00:00:00-04:00,10.162707772129663,10.311915013102862,10.162707772129663,10.179286003112793,32900,0.0,0.0
2024-06-17 00:00:00-04:00,10.16270847018628,10.320205232734816,10.16270847018628,10.229022979736328,24600,0.0,0.0
2024-06-18 00:00:00-04:00,10.229023920032096,10.278759411500877,10.079815864562988,10.079815864562988,38500,0.0,0.0
2024-06-20 00:00:00-04:00,10.013500910424376,10.2124444486505,10.005211398698783,10.063237190246582,61800,0.0,0.0
2024-06-21 00:00:00-04:00,10.079815606783988,10.129551887512207,9.80626803910719,10.129551887512207,98900,0.0,0.0
2024-06-24 00:00:00-04:00,10.170997873580086,10.204155128003253,10.02178983341019,10.121261596679688,125600,0.0,0.0
2024-06-25 00:00:00-04:00,10.170997012712178,10.287046998105195,9.94718497140067,10.154417991638184,217500,0.0,0.0
2024-06-26 00:00:00-04:00,10.237311766858571,10.52743752798323,10.237311766858571,10.444544792175293,84300,0.0,0.0
2024-06-27 00:00:00-04:00,10.444545599992004,10.568885108586375,10.046657749533644,10.112972259521484,166000,0.0,0.0
2024-06-28 00:00:00-04:00,10.345073372359796,10.776118491473792,10.154419347734919,10.510860443115234,1672500,0.0,0.0
2024-07-01 00:00:00-04:00,10.734671977714003,10.742961489554132,10.378231664433418,10.386520385742188,72400,0.0,0.0
2024-07-02 00:00:00-04:00,10.353362746319865,10.734671581030133,10.353362746319865,10.660067558288574,107300,0.0,0.0
2024-07-03 00:00:00-04:00,10.701512824151258,10.74295958547453,10.5274370590185,10.610330581665039,28100,0.0,0.0
2024-07-05 00:00:00-04:00,10.544017186238907,10.676646203966353,10.361651891598017,10.527438163757324,94900,0.0,0.0
2024-07-08 00:00:00-04:00,10.660067181484772,10.684935715207144,10.510859931807046,10.527438163757324,46200,0.0,0.0
2024-07-09 00:00:00-04:00,10.52743752798323,10.60204154358225,10.427965770694954,10.444544792175293,57500,0.0,0.0
2024-07-10 00:00:00-04:00,10.519148463069618,10.610331504013534,10.43625572374849,10.4611234664917,47500,0.0,0.0
2024-07-11 00:00:00-04:00,10.510860771183992,10.999930906008618,10.510860771183992,10.975062370300293,110200,0.0,0.0
2024-07-12 00:00:00-04:00,11.016507850300298,11.306634408700358,10.958482854832797,11.066244125366211,79900,0.0,0.0
2024-07-15 00:00:00-04:00,11.21545220574188,11.530446529895695,11.057955438930637,11.290056228637695,111500,0.0,0.0
2024-07-16 00:00:00-04:00,11.414395885593681,11.754257934672717,11.389527352345493,11.538735389709473,157400,0.0,0.0
2024-07-17 00:00:00-04:00,11.687943347246113,11.878597357659022,11.497288546301922,11.580182075500488,116400,0.0,0.0
2024-07-18 00:00:00-04:00,11.663074474987226,11.770835743598983,11.530445464551605,11.588470458984375,76700,0.0,0.0
2024-07-19 00:00:00-04:00,11.68794420543417,11.70452243817237,11.314924087182874,11.472421646118164,160700,0.0,0.0
2024-07-22 00:00:00-04:00,11.480925009503508,11.651012625213733,11.268315287105294,11.591482162475586,84300,0.35,0.0
2024-07-23 00:00:00-04:00,11.506437466242463,11.72755176290776,11.455411589191513,11.642507553100586,137100,0.0,0.0
2024-07-24 00:00:00-04:00,11.548960454430208,11.591482562585957,11.310837784216465,11.344855308532715,46400,0.0,0.0
2024-07-25 00:00:00-04:00,11.412890642367056,11.582978268198696,11.31083806686807,11.353360176086426,88400,0.0,0.0
2024-07-26 00:00:00-04:00,11.480924850252958,11.51494237292315,11.319341820329974,11.455411911010742,54600,0.0,0.0
2024-07-29 00:00:00-04:00,11.429898999429332,11.531952385970092,11.319342650920097,11.353360176086426,72800,0.0,0.0
2024-07-30 00:00:00-04:00,11.514941842910481,11.651011927328181,11.310836716283932,11.472419738769531,60900,0.0,0.0
2024-07-31 00:00:00-04:00,11.557465365347381,11.557465365347381,11.327846461433142,11.387377738952637,52400,0.0,0.0
2024-08-01 00:00:00-04:00,11.404384996344763,11.480924623602116,10.868608416584994,11.157757759094238,77400,0.0,0.0
2024-08-02 00:00:00-04:00,11.098228521074399,11.259811565609464,10.979166775441023,11.038697242736816,44100,0.0,0.0
2024-08-05 00:00:00-04:00,10.698521458900853,10.79206944734047,10.426381266318874,10.562451362609863,80500,0.0,0.0
2024-08-06 00:00:00-04:00,10.553946667053538,10.817583084106445,10.553946667053538,10.817583084106445,42600,0.0,0.0
2024-08-07 00:00:00-04:00,10.877113017191766,10.877113017191766,10.792068806538703,10.834590911865234,18100,0.0,0.0
2024-08-08 00:00:00-04:00,10.83459131447699,10.970661407744874,10.809078374749694,10.945148468017578,23600,0.0,0.0
2024-08-09 00:00:00-04:00,10.979166118980219,10.979166118980219,10.809078500417895,10.817583084106445,27400,0.0,0.0
2024-08-12 00:00:00-04:00,10.800574511509307,10.8090790956662,10.630486883580378,10.741044044494629,40500,0.0,0.0
2024-08-13 00:00:00-04:00,10.826086730887313,10.96215763519693,10.63048617457516,10.945148468017578,33200,0.0,0.0
2024-08-14 00:00:00-04:00,10.970661617161735,11.302333084114716,10.9111311529811,11.242802619934082,36100,0.0,0.0
2024-08-15 00:00:00-04:00,11.395880537169013,11.472420165259768,11.259810447692871,11.259810447692871,62200,0.0,0.0
2024-08-16 00:00:00-04:00,11.293828768224422,11.480925559997559,11.1662632530856,11.480925559997559,40700,0.0,0.0
2024-08-19 00:00:00-04:00,11.523448305404441,11.523448305404441,11.378873614370297,11.438404083251953,62300,0.0,0.0
2024-08-20 00:00:00-04:00,11.472421820305998,11.472421820305998,11.18327243293478,11.251307487487793,24600,0.0,0.0
2024-08-21 00:00:00-04:00,11.37036819736753,11.557464985778019,11.361863613566655,11.54045581817627,86600,0.0,0.0
2024-08-22 00:00:00-04:00,11.574474582498784,11.651014222824086,11.463917414366886,11.548961639404297,64200,0.0,0.0
2024-08-23 00:00:00-04:00,11.685030384466824,11.855118003613889,11.651012860637412,11.795587539672852,77200,0.0,0.0
2024-08-26 00:00:00-04:00,11.872127171049467,11.872127171049467,11.616995336808,11.795587539672852,101300,0.0,0.0
2024-08-27 00:00:00-04:00,11.795587785002605,11.821100725644857,11.651013102960238,11.770074844360352,51200,0.0,0.0
2024-08-28 00:00:00-04:00,11.744561929908441,11.812596979134007,11.616995604329183,11.676526069641113,66800,0.0,0.0
2024-08-29 00:00:00-04:00,11.702039129625124,11.778578758239746,11.659517023612366,11.778578758239746,26500,0.0,0.0
2024-08-30 00:00:00-04:00,11.846614230937842,11.855118003613889,11.693534968184613,11.795587539672852,35700,0.0,0.0
2024-09-03 00:00:00-04:00,11.821099971921845,11.821099971921845,11.65951694343456,11.710543632507324,36100,0.0,0.0
2024-09-04 00:00:00-04:00,11.702039821382021,11.829605335919517,11.62550018824282,11.676526069641113,39400,0.0,0.0
2024-09-05 00:00:00-04:00,11.65101365758281,11.736057878494355,11.480926026801518,11.659518241882324,44400,0.0,0.0
2024-09-06 00:00:00-04:00,11.693535521314898,11.829605623068968,11.557465419560828,11.685030937194824,36600,0.0,0.0
2024-09-09 00:00:00-04:00,11.736056571522852,11.812596199611141,11.685029882450088,11.710543632507324,39000,0.0,0.0
2024-09-10 00:00:00-04:00,11.74456154182818,11.74456154182818,11.574473113342803,11.693534851074219,31000,0.0,0.0
2024-09-11 00:00:00-04:00,11.685030355630596,11.753065403121525,11.480925213157809,11.531951904296875,33700,0.0,0.0
2024-09-12 00:00:00-04:00,11.608491376132303,11.812597341105143,11.608491376132303,11.753066062927246,36500,0.0,0.0
2024-09-13 00:00:00-04:00,11.838109931873944,11.838109931873944,11.736057357931797,11.804092407226562,58600,0.0,0.0
2024-09-16 00:00:00-04:00,11.855118288676756,11.863622872599041,11.744561941854084,11.804092407226562,76600,0.0,0.0
2024-09-17 00:00:00-04:00,11.804091127090535,11.863621586007024,11.651011877257645,11.761569023132324,77400,0.0,0.0
2024-09-18 00:00:00-04:00,11.821100687037823,11.838109854771615,11.6510130649087,11.73605728149414,41500,0.0,0.0
2024-09-19 00:00:00-04:00,11.880631326045338,11.880631326045338,11.591481978408638,11.778578758239746,63100,0.0,0.0
2024-09-20 00:00:00-04:00,11.736057042155409,12.30585117294922,11.72755245846195,12.118754386901855,281800,0.0,0.0
2024-09-23 00:00:00-04:00,12.016701373744933,12.059223479606567,11.778578716378185,11.9741792678833,71900,0.0,0.0
2024-09-24 00:00:00-04:00,11.957173033083983,12.152773619284027,11.744563277105577,11.787084579467773,74900,0.0,0.0
2024-09-25 00:00:00-04:00,11.829605623068968,11.897640673946004,11.659517995876381,11.685030937194824,57800,0.0,0.0
2024-09-26 00:00:00-04:00,11.761569937543378,11.880631675674568,11.693534890337482,11.72755241394043,56600,0.0,0.0
2024-09-27 00:00:00-04:00,11.812595870888323,11.829604226078127,11.651012035855912,11.668021202087402,46800,0.0,0.0
2024-09-30 00:00:00-04:00,11.6935344658025,11.829604555274257,11.608490254361799,11.710543632507324,67000,0.0,0.0
2024-10-01 00:00:00-04:00,11.7190480619738,11.761570170078613,11.557465024425607,11.57447338104248,84100,0.0,0.0
2024-10-02 00:00:00-04:00,11.599987247543673,11.753065702780315,11.557465139017253,11.676526069641113,69400,0.0,0.0
2024-10-03 00:00:00-04:00,11.676525723015137,11.846614152071618,11.65101278307336,11.72755241394043,55500,0.0,0.0
2024-10-04 00:00:00-04:00,11.855118288676756,11.940162505816094,11.736057357931797,11.804092407226562,43100,0.0,0.0
2024-10-07 00:00:00-04:00,11.855117637502232,11.88913516028111,11.719047546386719,11.719047546386719,49900,0.0,0.0
2024-10-08 00:00:00-04:00,11.770074958359778,11.92315422577947,11.736057433493377,11.872127532958984,32700,0.0,0.0
2024-10-09 00:00:00-04:00,11.906144850692188,12.093241639723328,11.897640266863101,11.931657791137695,46800,0.0,0.0
2024-10-10 00:00:00-04:00,11.872126619900687,11.99118835329721,11.778578636473087,11.906144142150879,42200,0.0,0.0
2024-10-11 00:00:00-04:00,11.965674968272296,12.084736705300111,11.940162028566954,11.982684135437012,71400,0.0,0.0
2024-10-14 00:00:00-04:00,12.050718265328934,12.15277082742902,11.96567405805803,12.016700744628906,54800,0.0,0.0
2024-10-15 00:00:00-04:00,12.059222648260523,12.178283563215148,11.999691379741556,12.076231002807617,41500,0.0,0.0
2024-10-16 00:00:00-04:00,12.15277234706039,12.3143553878301,12.10174565410893,12.26332950592041,146800,0.0,0.0
2024-10-17 00:00:00-04:00,12.24632010691848,12.297346798907414,11.991189080099067,12.059224128723145,77600,0.0,0.0
2024-10-18 00:00:00-04:00,12.059223275772766,12.288841345877673,11.940161543581004,12.033709526062012,95700,0.0,0.0
2024-10-21 00:00:00-04:00,12.127259124661503,12.127259124661503,11.889135644469983,11.897640228271484,56900,0.0,0.0
2024-10-22 00:00:00-04:00,11.897640661566326,12.050719931401265,11.846614778982534,12.042215347290039,39200,0.0,0.0
2024-10-23 00:00:00-04:00,12.059223216177175,12.127258259652901,11.940161484573807,12.093240737915039,53300,0.0,0.0
2024-10-24 00:00:00-04:00,12.076232318363957,12.169781117209755,12.03371021080148,12.152771949768066,65800,0.0,0.0
2024-10-25 00:00:00-04:00,12.229311866592917,12.467434539041907,12.101745540928208,12.161276817321777,167500,0.0,0.0
2024-10-28 00:00:00-04:00,12.16127588020556,12.292042788141798,11.768976819177723,11.830000877380371,152800,0.35,0.0
2024-10-29 00:00:00-04:00,11.7689769893321,11.7689769893321,10.64438588805154,10.853611946105957,301900,0.0,0.0
2024-10-30 00:00:00-04:00,10.827459986481028,11.298219080180614,10.827459986481028,11.237195014953613,124600,0.0,0.0
2024-10-31 00:00:00-04:00,11.158733846979613,11.245910955025826,10.923353909334901,11.001813888549805,69600,0.0,0.0
2024-11-01 00:00:00-04:00,11.010532600415406,11.04540361229248,10.609515548133789,10.74899959564209,115400,0.0,0.0
2024-11-04 00:00:00-05:00,10.810023033241686,10.90591893389914,10.565925964222673,10.70541000366211,93800,0.0,0.0
2024-11-05 00:00:00-05:00,10.653103063302389,10.775151172478648,10.63566714405413,10.722845077514648,49700,0.0,0.0
2024-11-06 00:00:00-05:00,10.74899844206238,11.402830468131334,10.74899844206238,11.341806411743164,152100,0.0,0.0
2024-11-07 00:00:00-05:00,11.298217399917979,11.324370448070013,11.14129744822496,11.158733367919922,56700,0.0,0.0
2024-11-08 00:00:00-05:00,11.228475427457695,11.35052437162445,11.123862403053513,11.341806411743164,61600,0.0,0.0
2024-11-11 00:00:00-05:00,11.3069361880507,11.498726330402336,11.298218227564588,11.472573280334473,80000,0.0,0.0
2024-11-12 00:00:00-05:00,11.376678780344001,11.542315880943862,11.036685786829953,11.150016784667969,94100,0.0,0.0
2024-11-13 00:00:00-05:00,11.132581450462265,11.463855644408717,11.045403505913937,11.228476524353027,108800,0.0,0.0
2024-11-14 00:00:00-05:00,11.32437213222211,11.54231617247915,11.211041131521585,11.237195014953613,92400,0.0,0.0
2024-11-15 00:00:00-05:00,11.33308931428171,11.402831335858359,11.193605271128412,11.306936264038086,58000,0.0,0.0
2024-11-18 00:00:00-05:00,11.428983647181314,11.428983647181314,11.141297618929846,11.24591064453125,63800,0.0,0.0
2024-11-19 00:00:00-05:00,11.228475846508514,11.42898394291863,11.167451787842905,11.333088874816895,35100,0.0,0.0
2024-11-20 00:00:00-05:00,11.333088250076827,11.420266184556654,11.115144245267658,11.289499282836914,46500,0.0,0.0
2024-11-21 00:00:00-05:00,11.32437091461025,11.402830893689147,11.237193806715158,11.333088874816895,32900,0.0,0.0
2024-11-22 00:00:00-05:00,11.306936248216099,11.42898437010921,11.245911355879064,11.324371337890625,39500,0.0,0.0
2024-11-25 00:00:00-05:00,11.394112178287259,11.50744315929077,11.306935076170214,11.385395050048828,69000,0.0,0.0
2024-11-26 00:00:00-05:00,11.376678060803433,11.655646141597423,11.333089090331757,11.585904121398926,39200,0.0,0.0
2024-11-27 00:00:00-05:00,11.585904136924144,11.725388177508048,11.490009066870325,11.568469047546387,51800,0.0,0.0
2024-11-29 00:00:00-05:00,11.646928697497023,11.65564665825589,11.44642058838606,11.61205768585205,32900,0.0,0.0
2024-12-02 00:00:00-05:00,11.559750688406492,11.847436720034626,11.420266652634115,11.777694702148438,180500,0.0,0.0
2024-12-03 00:00:00-05:00,11.803848296292486,11.803848296292486,11.394113298740407,11.472573280334473,56900,0.0,0.0
2024-12-04 00:00:00-05:00,11.4638543811895,11.559750275903847,11.31565239062224,11.455137252807617,45500,0.0,0.0
2024-12-05 00:00:00-05:00,11.411549129094892,11.533597249369404,11.298218137846797,11.437702178955078,43700,0.0,0.0
2024-12-06 00:00:00-05:00,11.446420139371961,11.507444199509218,11.289500177429913,11.437702178955078,58300,0.0,0.0
2024-12-09 00:00:00-05:00,11.50744385126634,11.67308176861267,11.394112863447912,11.498725891113281,46600,0.0,0.0
2024-12-10 00:00:00-05:00,11.612057612059932,11.70795351701708,11.376678492799781,11.559751510620117,69800,0.0,0.0
2024-12-11 00:00:00-05:00,11.62077532926359,11.86487240411244,11.577186358050106,11.638211250305176,46200,0.0,0.0
2024-12-12 00:00:00-05:00,11.664363051276181,12.039226999619238,11.612056125143742,11.882307052612305,51800,0.0,0.0
2024-12-13 00:00:00-05:00,11.864873285674571,11.969486325525416,11.646929244804344,11.803849220275879,52100,0.0,0.0
2024-12-16 00:00:00-05:00,11.795130231667443,12.030510174371475,11.620775180436937,11.96948528289795,58700,0.0,0.0
2024-12-17 00:00:00-05:00,11.917180491178218,11.995640480690835,11.64692950856705,11.707954406738281,70600,0.0,0.0
2024-12-18 00:00:00-05:00,11.734105707455376,11.803847725189014,11.20232261438878,11.263346672058105,58500,0.0,0.0
2024-12-19 00:00:00-05:00,11.463854655715116,12.030509583627417,11.211039635997448,11.24591064453125,57400,0.0,0.0
2024-12-20 00:00:00-05:00,11.158734096738517,11.498726239092335,11.158734096738517,11.437702178955078,129700,0.0,0.0
2024-12-23 00:00:00-05:00,11.385395177042804,11.507443287646083,11.167451172233633,11.289499282836914,56900,0.0,0.0
2024-12-24 00:00:00-05:00,11.17616951221226,11.394113540649414,11.15001646158914,11.394113540649414,32400,0.0,0.0
2024-12-26 00:00:00-05:00,11.333089057578745,11.507444107571095,11.333089057578745,11.402831077575684,20000,0.0,0.0
2024-12-27 00:00:00-05:00,11.32437078381447,11.32437078381447,10.984378653586734,11.115144729614258,63400,0.0,0.0
2024-12-30 00:00:00-05:00,11.167452100108251,11.176169229168199,10.975661127151456,11.08899211883545,44300,0.0,0.0
2024-12-31 00:00:00-05:00,11.193605017584863,11.463855137225393,11.106427076893459,11.402831077575684,62600,0.0,0.0
2025-01-02 00:00:00-05:00,11.341806541542022,11.498725664248916,11.010531544775697,11.24591064453125,51700,0.0,0.0
2025-01-03 00:00:00-05:00,11.219759092665594,11.41155008088114,11.158735027438594,11.237195014953613,30300,0.0,0.0
2025-01-06 00:00:00-05:00,11.272065022784778,11.420267023452686,11.071556091308594,11.071556091308594,44800,0.0,0.0
2025-01-07 00:00:00-05:00,11.123864230832401,11.2546303249764,10.897202225018289,10.993097305297852,41500,0.0,0.0
2025-01-08 00:00:00-05:00,10.932073238882726,11.106428308204908,10.897202225018289,10.993097305297852,30900,0.0,0.0
2025-01-10 00:00:00-05:00,10.958225592005403,11.11514556007495,10.653104448014115,10.696693420410156,67500,0.0,0.0
2025-01-13 00:00:00-05:00,10.661821304284167,10.923354300570887,10.65310417514064,10.810023307800293,36000,0.0,0.0
2025-01-14 00:00:00-05:00,10.888482808612856,11.088991735081098,10.705409802442045,10.96694278717041,61500,0.0,0.0
2025-01-15 00:00:00-05:00,10.949507213947198,11.254628323142208,10.949507213947198,11.141297340393066,37900,0.0,0.0
2025-01-16 00:00:00-05:00,11.219757727143648,11.533596807616812,11.158733669343697,11.463854789733887,41400,0.0,0.0
2025-01-17 00:00:00-05:00,11.402831543519689,11.699235556313614,11.33308952067294,11.559751510620117,53100,0.0,0.0
2025-01-21 00:00:00-05:00,11.690516378275651,11.89102529662391,11.481290331522134,11.655645370483398,77300,0.0,0.0
2025-01-22 00:00:00-05:00,11.734106122168347,11.917179133037017,11.551033111299677,11.585904121398926,63900,0.0,0.0
2025-01-23 00:00:00-05:00,11.63821178481621,11.93461497362184,11.463855891954585,11.847437858581543,102600,0.0,0.0
2025-01-24 00:00:00-05:00,11.795130602458164,12.178712558613991,11.786413473165455,12.091534614562988,133800,0.0,0.0
2025-01-27 00:00:00-05:00,12.019987238238583,12.18991313600159,11.769571068439271,12.091535568237305,76800,0.35,0.0
2025-01-28 00:00:00-05:00,11.823230986809588,12.109420868140477,11.537040252565573,11.572813987731934,120400,0.0,0.0
2025-01-29 00:00:00-05:00,11.617531190943607,11.733796041671438,11.447606164749462,11.59070110321045,58600,0.0,0.0
2025-01-30 00:00:00-05:00,11.644361992740038,11.805343370132517,11.62647469918915,11.680135726928711,29000,0.0,0.0
2025-01-31 00:00:00-05:00,11.644362486474698,11.77851378214212,11.528097632203467,11.715909957885742,41100,0.0,0.0
2025-02-03 00:00:00-05:00,11.545984125782162,11.885835042977156,11.545984125782162,11.635418891906738,54800,0.0,0.0
2025-02-04 00:00:00-05:00,11.644362699839975,11.841117823369014,11.590701668841866,11.769570350646973,32700,0.0,0.0
2025-02-05 00:00:00-05:00,11.787456731288241,11.876890638799539,11.590700770102446,11.841116905212402,29400,0.0,0.0
2025-02-06 00:00:00-05:00,11.841117590676124,11.903722267762515,11.63541882387078,11.867948532104492,39800,0.0,0.0
2025-02-07 00:00:00-05:00,11.894778965155888,11.894778965155888,11.447606830021554,11.608588218688965,33300,0.0,0.0
2025-02-10 00:00:00-05:00,11.680136274969026,11.769570188180463,11.483380301242843,11.635418891906738,46000,0.0,0.0
2025-02-11 00:00:00-05:00,11.57281367144959,11.89477813206075,11.57281367144959,11.680135726928711,58100,0.0,0.0
2025-02-12 00:00:00-05:00,11.590700776800448,11.841116912055115,11.590700776800448,11.689078330993652,28500,0.0,0.0
2025-02-13 00:00:00-05:00,11.72485284167929,11.850061344061501,11.617531633743027,11.706966400146484,34600,0.0,0.0
2025-02-14 00:00:00-05:00,11.706966525243473,11.805344087007994,11.644362699839975,11.769570350646973,26700,0.0,0.0
2025-02-18 00:00:00-05:00,11.680135618270489,11.993155576281136,11.626474591030126,11.832173347473145,62100,0.0,0.0
2025-02-19 00:00:00-05:00,11.966326236081509,11.984212677669412,11.68907914170728,11.77851390838623,60200,0.0,0.0
2025-02-20 00:00:00-05:00,11.86794784508757,12.019985573148087,11.644361796939695,11.841116905212402,70000,0.0,0.0
2025-02-21 00:00:00-05:00,11.93055202011455,11.93055202011455,11.429718882100913,11.4386625289917,78700,0.0,0.0
2025-02-24 00:00:00-05:00,11.545984196048641,11.599645226632585,11.313454485040126,11.402889251708984,73000,0.0,0.0
2025-02-25 00:00:00-05:00,11.483380353865464,11.599645209194941,11.349228204063845,11.554927825927734,39300,0.0,0.0
2025-02-26 00:00:00-05:00,11.554927950924796,11.644362718426681,11.519154214506672,11.617531776428223,36600,0.0,0.0
2025-02-27 00:00:00-05:00,11.635418999293464,11.635418999293464,11.45655031830662,11.47443675994873,26500,0.0,0.0
2025-02-28 00:00:00-05:00,11.537040900993645,11.554928196038725,11.438663336985218,11.528098106384277,25600,0.0,0.0
2025-03-03 00:00:00-05:00,11.554928684599735,11.554928684599735,11.009378956355636,11.116700172424316,114500,0.0,0.0
2025-03-04 00:00:00-05:00,11.04515232707722,11.295568489561559,11.000434941976723,11.143529891967773,45600,0.0,0.0
2025-03-05 00:00:00-05:00,11.206133809801475,11.376059703972146,11.116699891791868,11.134586334228516,30000,0.0,0.0
2025-03-06 00:00:00-05:00,11.080926985748578,11.1793045588174,10.964662115987286,11.071983337402344,28700,0.0,0.0
2025-03-07 00:00:00-05:00,11.018322264883986,11.295569392334892,11.018322264883986,11.224021911621094,33200,0.0,0.0
2025-03-10 00:00:00-04:00,11.15247302766234,11.349228148412214,11.15247302766234,11.259794235229492,40400,0.0,0.0
2025-03-11 00:00:00-04:00,11.143529557810439,11.402889360120176,11.143529557810439,11.241907119750977,41100,0.0,0.0
2025-03-12 00:00:00-04:00,11.295567716191853,11.590701243569885,11.18824651104649,11.501266479492188,58000,0.0,0.0
2025-03-13 00:00:00-04:00,11.510211268959866,11.53704135968102,11.224021360165672,11.268738746643066,50400,0.0,0.0
2025-03-14 00:00:00-04:00,11.286624219287045,11.545984015065498,11.277680572177722,11.4207763671875,39700,0.0,0.0
2025-03-17 00:00:00-04:00,11.465492896907852,11.554927662174821,11.340285249029854,11.4207763671875,33300,0.0,0.0
2025-03-18 00:00:00-04:00,11.35817172709265,11.572814140932241,11.35817172709265,11.492323875427246,21900,0.0,0.0
2025-03-19 00:00:00-04:00,11.411832988609278,11.57281437579948,11.259794395825699,11.393945693969727,29100,0.0,0.0
2025-03-20 00:00:00-04:00,11.402889251708984,11.510210459963726,11.313454485040126,11.402889251708984,31300,0.0,0.0
2025-03-21 00:00:00-04:00,11.331341942300966,11.420776710254453,11.14352961192917,11.161416053771973,105500,0.0,0.0
2025-03-24 00:00:00-04:00,11.53704063943353,11.53704063943353,11.268738043145476,11.393945693969727,58100,0.0,0.0
2025-03-25 00:00:00-04:00,11.411832352359518,11.447606086730957,11.259793768052624,11.447606086730957,44500,0.0,0.0
2025-03-26 00:00:00-04:00,11.447606492649047,11.617531523710442,11.411832757009115,11.492323875427246,29500,0.0,0.0
2025-03-27 00:00:00-04:00,11.510209987097866,11.608587544061518,11.510209987097866,11.59070110321045,15300,0.0,0.0
2025-03-28 00:00:00-04:00,11.617532516557779,11.617532516557779,11.331342606980211,11.340286254882812,23400,0.0,0.0
2025-03-31 00:00:00-04:00,11.358172910084766,11.43866403688632,11.143530473889438,11.170360565185547,51500,0.0,0.0
2025-04-01 00:00:00-04:00,11.170359558666371,11.62647533416748,11.170359558666371,11.62647533416748,53700,0.0,0.0
2025-04-02 00:00:00-04:00,11.545984178691665,11.644362592462146,11.465493059393323,11.554927825927734,26600,0.0,0.0
2025-04-03 00:00:00-04:00,11.447606959973866,11.581758260871776,11.009378467266643,11.080925941467285,51600,0.0,0.0
2025-04-04 00:00:00-04:00,10.90205687979536,11.000435300808173,10.29390332249558,10.445941925048828,119500,0.0,0.0
2025-04-07 00:00:00-04:00,9.810957566881907,10.436998429083797,9.104425578284461,9.909335136413574,131300,0.0,0.0
2025-04-08 00:00:00-04:00,10.24918544587301,10.24918544587301,9.623144622718335,9.810956954956055,80900,0.0,0.0
2025-04-09 00:00:00-04:00,9.802013450512634,10.445941577996683,9.488992607911356,10.320733070373535,79000,0.0,0.0
2025-04-10 00:00:00-04:00,10.276014492919119,10.481714099223494,9.70363475971685,9.739408493041992,45800,0.0,0.0
2025-04-11 00:00:00-04:00,11.304511151162954,11.304511151162954,9.757295220281238,10.088202476501465,61300,0.0,0.0
2025-04-14 00:00:00-04:00,10.222355472342104,10.580092845941833,9.998769400613977,10.249185562133789,51900,0.0,0.0
2025-04-15 00:00:00-04:00,10.231297669143332,10.508544757167398,10.186581139741207,10.374393463134766,34100,0.0,0.0
2025-04-16 00:00:00-04:00,10.329676295092256,10.589036094404976,10.31178900062986,10.428053855895996,48900,0.0,0.0
2025-04-17 00:00:00-04:00,10.419111190966955,10.785793085798117,10.419111190966955,10.499602317810059,63500,0.0,0.0
2025-04-21 00:00:00-04:00,10.481715813659479,10.875226944600465,10.428054778438188,10.803679466247559,84400,0.0,0.0
2025-04-22 00:00:00-04:00,10.822099528780958,10.92341248475482,10.527370290775236,10.647104263305664,72100,0.35,0.0
2025-04-23 00:00:00-04:00,10.647103291752865,10.822098541259765,10.324742558327852,10.361583709716797,70600,0.0,0.0
2025-04-24 00:00:00-04:00,10.34316349029541,10.407636168956167,10.241850535774795,10.34316349029541,65000,0.0,0.0
2025-04-25 00:00:00-04:00,10.333954340591482,10.435267299818747,10.149748560922616,10.269481658935547,46300,0.0,0.0
2025-04-28 00:00:00-04:00,10.232640422510952,10.343163889442886,10.112906447077417,10.25106143951416,48700,0.0,0.0
2025-04-29 00:00:00-04:00,10.352373990702066,10.93262282804067,10.251061036257193,10.914202690124512,47800,0.0,0.0
2025-04-30 00:00:00-04:00,10.83131034344845,11.043146769666754,10.683945720277034,10.987885475158691,44400,0.0,0.0
2025-05-01 00:00:00-04:00,10.904992023274124,10.923412160922195,10.739206392629535,10.748416900634766,31100,0.0,0.0
2025-05-02 00:00:00-04:00,10.85894004219658,10.978674007655451,10.70236492416285,10.840519905090332,24700,0.0,0.0
2025-05-05 00:00:00-04:00,10.794469282645974,10.822099930143152,10.582631976201082,10.711576461791992,39700,0.0,0.0
2025-05-06 00:00:00-04:00,10.591841622932716,10.960253154124556,10.591841622932716,10.729995727539062,31900,0.0,0.0
2025-05-07 00:00:00-04:00,10.80367803377743,10.969463661994947,10.61947226818151,10.729995727539062,24800,0.0,0.0
2025-05-08 00:00:00-04:00,10.822099851343348,10.877362024297765,10.610263424803364,10.70236587524414,12200,0.0,0.0
2025-05-09 00:00:00-04:00,10.72999540443413,10.776047064036982,10.573420288801842,10.674734115600586,21900,0.0,0.0
2025-05-12 00:00:00-04:00,10.858941246499107,10.895782403159803,10.601053149874234,10.73920726776123,31700,0.0,0.0
2025-05-13 00:00:00-04:00,10.858941246499107,11.0339365210468,10.729996759005441,10.73920726776123,24400,0.0,0.0
2025-05-14 00:00:00-04:00,10.803678507072638,11.061567468567082,10.702365551147086,10.94183349609375,58500,0.0,0.0
2025-05-15 00:00:00-04:00,11.04314636705262,11.356296619056181,10.923412395500527,11.21814250946045,82700,0.0,0.0
2025-05-16 00:00:00-04:00,11.236563059925732,11.347086527331403,10.987885477853585,10.997095108032227,40000,0.0,0.0
2025-05-19 00:00:00-04:00,11.190511950259813,11.273404774513402,11.02472718011512,11.070778846740723,34700,0.0,0.0
2025-05-20 00:00:00-04:00,10.997094870521346,11.181301523914815,10.904992422187034,10.960253715515137,17200,0.0,0.0
2025-05-21 00:00:00-04:00,10.904992750997133,11.10761954882215,10.674735305674938,10.711576461791992,34200,0.0,0.0
2025-05-22 00:00:00-04:00,10.656313655110159,11.089197872530237,10.656313655110159,10.757627487182617,39000,0.0,0.0
2025-05-23 00:00:00-04:00,10.757627730543597,10.951044012629138,10.628683249699098,10.6563138961792,38200,0.0,0.0
2025-05-27 00:00:00-04:00,10.748417214154124,10.987885159100788,10.6194727334069,10.94183349609375,40200,0.0,0.0
2025-05-28 00:00:00-04:00,10.969464065524077,11.006305219998522,10.76683727673343,10.785258293151855,31300,0.0,0.0
2025-05-29 00:00:00-04:00,10.803678817831981,11.043146769666754,10.665524703199386,10.987885475158691,43000,0.0,0.0
2025-05-30 00:00:00-04:00,10.997094228124102,10.997094228124102,10.739206158145214,10.858940124511719,24600,0.0,0.0
2025-06-02 00:00:00-04:00,10.86815045975498,10.98788442422039,10.499738058700872,10.54578971862793,58200,0.0,0.0
2025-06-03 00:00:00-04:00,10.877362488667224,10.941834294564401,10.5642122114024,10.923413276672363,35300,0.0,0.0
2025-06-04 00:00:00-04:00,10.858940045701145,10.941832858611914,10.711575435354161,10.849729537963867,30000,0.0,0.0
2025-06-05 00:00:00-04:00,10.831310034441518,10.90499234392514,10.674734907198216,10.794468879699707,37900,0.0,0.0
2025-06-06 00:00:00-04:00,10.757628351959708,10.997095432557467,10.757628351959708,10.895782470703125,37500,0.0,0.0
2025-06-09 00:00:00-04:00,10.766837432141934,11.043146533869713,10.711576138813829,10.960253715515137,36200,0.0,0.0
2025-06-10 00:00:00-04:00,11.006304579594058,11.135249051933153,10.849729462597429,10.978673934936523,34600,0.0,0.0
2025-06-11 00:00:00-04:00,11.033935864746082,11.098408543839298,10.923412401337952,10.932622909545898,25400,0.0,0.0
2025-06-12 00:00:00-04:00,10.914203163572983,11.043146769666754,10.877362007780128,10.987885475158691,15200,0.0,0.0
2025-06-13 00:00:00-04:00,10.923412323430485,10.941833339714995,10.776047706604004,10.776047706604004,40300,0.0,0.0
2025-06-16 00:00:00-04:00,10.739206866687535,10.923412643111542,10.739206866687535,10.822099685668945,21000,0.0,0.0
2025-06-17 00:00:00-04:00,10.776048021972336,10.93262315152335,10.748417375099342,10.822099685668945,27000,0.0,0.0
2025-06-18 00:00:00-04:00,10.886571409158254,10.978674735885914,10.702365634065353,10.812889099121094,70300,0.0,0.0
2025-06-20 00:00:00-04:00,10.932623468762502,11.043146937824039,10.739207178314201,10.868151664733887,94700,0.0,0.0
2025-06-23 00:00:00-04:00,10.74841799851039,11.043147257883177,10.729996980618353,10.923413276672363,50800,0.0,0.0
2025-06-24 00:00:00-04:00,10.93262345980905,11.107619611118341,10.877362164504765,11.01551628112793,16500,0.0,0.0
2025-06-25 00:00:00-04:00,10.978675451986,11.070778784721234,10.868151979721205,10.923413276672363,25800,0.0,0.0
2025-06-26 00:00:00-04:00,10.978673860444989,11.126038468768435,10.849729388980798,11.10761833190918,20600,0.0,0.0
2025-06-27 00:00:00-04:00,11.144460205024524,11.144460205024524,11.024726233424477,11.079987525939941,220800,0.0,0.0
2025-06-30 00:00:00-04:00,11.09840878001157,11.199721737367677,11.04314660795033,11.116828918457031,35000,0.0,0.0
2025-07-01 00:00:00-04:00,11.19972046188328,11.558922343467424,11.126038159767916,11.208930969238281,62900,0.0,0.0
2025-07-02 00:00:00-04:00,11.282614686269271,11.761550588443242,11.218142883423713,11.715498924255371,70100,0.0,0.0
2025-07-03 00:00:00-04:00,11.743129407589405,11.835232734680176,11.531292984988031,11.835232734680176,12900,0.0,0.0
2025-07-07 00:00:00-04:00,11.807601390136458,11.844442545863778,11.42076881581838,11.42997932434082,50400,0.0,0.0
2025-07-08 00:00:00-04:00,11.42997837637324,11.63260515524947,11.42997837637324,11.577342987060547,40000,0.0,0.0
2025-07-09 00:00:00-04:00,11.632605790506705,11.752339762819412,11.485241171771808,11.66944694519043,34900,0.0,0.0
2025-07-10 00:00:00-04:00,11.291825089807972,11.356296892054187,10.361584819637939,10.380005836486816,285300,0.0,0.0
2025-07-11 00:00:00-04:00,10.333954418984495,10.508949691406816,10.232640580626224,10.278692245483398,97000,0.0,0.0
2025-07-14 00:00:00-04:00,10.315533887973386,10.315533887973386,10.020804624373786,10.205010414123535,137300,0.0,0.0
2025-07-15 00:00:00-04:00,10.140537340892974,10.223430155518853,9.993172727496917,10.011592864990234,121500,0.0,0.0
2025-07-16 00:00:00-04:00,10.076064899580759,10.36158450348971,10.039223745369513,10.333953857421875,71100,0.0,0.0
2025-07-17 00:00:00-04:00,10.361584110370114,10.536579366643588,10.306321941968697,10.426055908203125,68000,0.0,0.0
2025-07-18 00:00:00-04:00,10.499739093020745,10.499739093020745,10.315533313528922,10.407636642456055,149100,0.0,0.0
2025-07-21 00:00:00-04:00,10.511523799962761,10.511523799962761,10.086529760750498,10.143195152282715,122200,0.28,0.0
2025-07-22 00:00:00-04:00,10.133750325290157,10.29430376442703,10.09597309847443,10.152639389038086,83600,0.0,0.0
2025-07-23 00:00:00-04:00,10.180972849723755,10.29430453869498,10.152640152651,10.275416374206543,77400,0.0,0.0
2025-07-24 00:00:00-04:00,10.180972167390602,10.284860217495087,10.124306777042829,10.209305763244629,47500,0.0,0.0
2025-07-25 00:00:00-04:00,10.247082890907281,10.247082890907281,9.982641402917324,10.124306678771973,66700,0.0,0.0
2025-07-28 00:00:00-04:00,10.124307256307072,10.26597163956275,10.067640962596691,10.077085494995117,79100,0.0,0.0
2025-07-29 00:00:00-04:00,10.17152912773273,10.180972759553208,9.774867769506484,9.897643089294434,125900,0.0,0.0
2025-07-30 00:00:00-04:00,9.840977846609903,10.020419463474292,9.680424394356404,9.689868927001953,133100,0.0,0.0
2025-07-31 00:00:00-04:00,9.689868939973698,9.784311564514994,9.633202644704756,9.718201637268066,81500,0.0,0.0
2025-08-01 00:00:00-04:00,9.708755931318462,9.765422219739353,9.4537598851247,9.519869804382324,120800,0.0,0.0
2025-08-04 00:00:00-04:00,9.538760007394004,9.72764615690394,9.538760007394004,9.689868927001953,50700,0.0,0.0
2025-08-05 00:00:00-04:00,9.746534241571803,9.755978774139885,9.557648093611148,9.63320255279541,72800,0.0,0.0
2025-08-06 00:00:00-04:00,9.64264689771858,9.812644877915126,9.633202365334288,9.75597858428955,48300,0.0,0.0
2025-08-07 00:00:00-04:00,9.822088886553983,9.89764334716746,9.774868024180723,9.803200721740723,37500,0.0,0.0
2025-08-08 00:00:00-04:00,9.633201909446143,9.992086016943565,9.633201909446143,9.916531562805176,84000,0.0,0.0
2025-08-11 00:00:00-04:00,9.95430947668039,10.020419403442757,9.95430947668039,9.98264217376709,35400,0.0,0.0
2025-08-12 00:00:00-04:00,9.992087255194765,10.218750645698783,9.973199089659555,10.199862480163574,72100,0.0,0.0
2025-08-13 00:00:00-04:00,10.25652704181027,10.34152603149414,10.19986164914114,10.34152603149414,107100,0.0,0.0
2025-08-14 00:00:00-04:00,10.284860718354796,10.284860718354796,10.10541820526123,10.10541820526123,68000,0.0,0.0
2025-08-15 00:00:00-04:00,10.143194925220346,10.143194925220346,9.907087030867842,9.916531562805176,51500,0.0,0.0
2025-08-18 00:00:00-04:00,9.907087030867842,9.982641485006232,9.840977108666785,9.916531562805176,58000,0.0,0.0
2025-08-19 00:00:00-04:00,9.859865925967854,10.086530204100143,9.859865925967854,9.925976753234863,43900,0.0,0.0
2025-08-20 00:00:00-04:00,9.963753618682041,10.00153084687681,9.850421934097735,9.907087326049805,39700,0.0,0.0
2025-08-21 00:00:00-04:00,9.850421934097735,9.944864554244575,9.850421934097735,9.907087326049805,40500,0.0,0.0
2025-08-22 00:00:00-04:00,9.907087045562658,10.209305763244629,9.878754350388773,10.209305763244629,109600,0.0,0.0
2025-08-25 00:00:00-04:00,10.162083905530519,10.237638359047612,10.105417615052634,10.124306678771973,22500,0.0,0.0
2025-08-26 00:00:00-04:00,10.143194955218373,10.294303863942051,10.133750423253108,10.237638473510742,25800,0.0,0.0
2025-08-27 00:00:00-04:00,10.209306434331994,10.294304525440824,10.1620846721514,10.24708366394043,33500,0.0,0.0
2025-08-28 00:00:00-04:00,10.341525935919812,10.341525935919812,10.18097249037412,10.256526947021484,25900,0.0,0.0
2025-08-29 00:00:00-04:00,10.228194532510953,10.29430445872723,10.162084606294675,10.21875,29700,0.0,0.0
2025-09-02 00:00:00-04:00,10.15263968443147,10.15263968443147,10.001530772772014,10.143195152282715,58000,0.0,0.0
2025-09-03 00:00:00-04:00,10.1148630209384,10.152640250961278,10.029864028216865,10.067641258239746,26400,0.0,0.0
2025-09-04 00:00:00-04:00,10.143194984877443,10.294303894042969,10.124306821571825,10.294303894042969,37300,0.0,0.0
2025-09-05 00:00:00-04:00,10.294304564985216,10.33208179473877,10.218750105478112,10.33208179473877,29100,0.0,0.0
2025-09-08 00:00:00-04:00,10.294303991138275,10.379302978515625,10.247083132088772,10.379302978515625,35300,0.0,0.0
2025-09-09 00:00:00-04:00,10.369858808465617,10.464302331222136,10.28486071880097,10.398192405700684,50700,0.0,0.0
2025-09-10 00:00:00-04:00,10.398192514987318,10.435969744350935,10.162084606294675,10.21875,43800,0.0,0.0
2025-09-11 00:00:00-04:00,10.190416535337233,10.417079894440683,10.180972003537892,10.360414505004883,36700,0.0,0.0
2025-09-12 00:00:00-04:00,10.322637490021613,10.379302880618614,10.152639516870325,10.294303894042969,16500,0.0,0.0
2025-09-15 00:00:00-04:00,10.237638600006811,10.42652473824528,10.209305904441077,10.379302978515625,41500,0.0,0.0
2025-09-16 00:00:00-04:00,10.369858727828705,10.417080488839764,10.294304270483082,10.34152603149414,47400,0.0,0.0
2025-09-17 00:00:00-04:00,10.388747199722783,10.530411573992406,10.350969973205542,10.360414505004883,43100,0.0,0.0
2025-09-18 00:00:00-04:00,10.454858459813963,10.502080224177796,10.32263860041152,10.407637596130371,37500,0.0,0.0
2025-09-19 00:00:00-04:00,10.417079960980676,10.445413556559686,10.114862146912303,10.124306678771973,159300,0.0,0.0
2025-09-22 00:00:00-04:00,10.02041862967587,10.303748280705037,10.02041862967587,10.124306678771973,51700,0.0,0.0
2025-09-23 00:00:00-04:00,10.133750605606878,10.313193113455364,10.02041892202475,10.114862442016602,39200,0.0,0.0
2025-09-24 00:00:00-04:00,10.095973942594929,10.209306533197937,9.992086785335747,10.039308547973633,28500,0.0,0.0
2025-09-25 00:00:00-04:00,9.99208603214968,10.114862245481442,9.944864273071289,9.944864273071289,31500,0.0,0.0
2025-09-26 00:00:00-04:00,9.92597676645179,10.086530217530854,9.85986593909675,9.954309463500977,39000,0.0,0.0
2025-09-29 00:00:00-04:00,9.954309630028307,9.96375416276277,9.737090781216978,9.77486801147461,50900,0.0,0.0
2025-09-30 00:00:00-04:00,9.774867338435326,9.954308944633741,9.699312883122293,9.737090110778809,39600,0.0,0.0
2025-10-01 00:00:00-04:00,9.670979977825649,9.944865123073518,9.670979977825649,9.831533432006836,40200,0.0,0.0
2025-10-02 00:00:00-04:00,9.774867945546465,9.793756110207779,9.680424420199266,9.74653434753418,45600,0.0,0.0
2025-10-03 00:00:00-04:00,9.77486793253701,9.869310557078304,9.689868939973698,9.718201637268066,43900,0.0,0.0
2025-10-06 00:00:00-04:00,9.859864832867371,9.907086589771431,9.510425272865493,9.519869804382324,53200,0.0,0.0
2025-10-07 00:00:00-04:00,9.519870771573837,9.623757926773324,9.453760845599636,9.548203468322754,57500,0.0,0.0
2025-10-08 00:00:00-04:00,9.58598076412495,9.680424288184192,9.510426305149636,9.576537132263184,36600,0.0,0.0
2025-10-09 00:00:00-04:00,9.529314319438182,9.642645995404095,9.45375986879424,9.491537094116211,67300,0.0,0.0
2025-10-10 00:00:00-04:00,9.472648192901024,9.585979870802559,9.330983820694135,9.340428352355957,95500,0.0,0.0
2025-10-13 00:00:00-04:00,9.387650284955676,9.576537337114637,9.359317587403918,9.482093811035156,63300,0.0,0.0
2025-10-14 00:00:00-04:00,9.482093067893336,9.727645495911087,9.444315840558309,9.680423736572266,37700,0.0,0.0
2025-10-15 00:00:00-04:00,9.689868283481882,9.79375543364298,9.614313828695602,9.708756446838379,31200,0.0,0.0
2025-10-16 00:00:00-04:00,9.623758020227328,9.727646077115837,9.538759929155182,9.63320255279541,43900,0.0,0.0
2025-10-17 00:00:00-04:00,9.633202378914678,9.793755826953271,9.633202378914678,9.784311294555664,49700,0.0,0.0
2025-10-20 00:00:00-04:00,9.822088044792118,9.916531562805176,9.80319988159759,9.916531562805176,42100,0.0,0.0
2025-10-21 00:00:00-04:00,9.916531939456235,10.114862614272567,9.831532950152068,9.963753700256348,73600,0.0,0.0
2025-10-22 00:00:00-04:00,9.992086810980055,10.143195731264937,9.888199653454251,10.09597396850586,74400,0.0,0.0
2025-10-23 00:00:00-04:00,10.095973083192963,10.218749295328273,9.93542054497924,10.124306678771973,85200,0.0,0.0
2025-10-24 00:00:00-04:00,10.20930580814747,10.30374842603585,10.09597322559318,10.294303894042969,102100,0.0,0.0
2025-10-27 00:00:00-04:00,10.284611125241906,10.284611125241906,9.66423930093332,9.83871841430664,102900,0.28,0.0
2025-10-28 00:00:00-04:00,9.703012526960707,9.858105482830192,9.538226030242646,9.586692810058594,96000,0.0,0.0
2025-10-29 00:00:00-04:00,9.470372746636533,9.732091868983279,9.179573002808114,9.295892715454102,190300,0.0,0.0
2025-10-30 00:00:00-04:00,9.189265831060226,9.276505848665861,8.937240243387963,9.014786720275879,602900,0.0,0.0
2025-10-31 00:00:00-04:00,9.053560194962966,9.237732851270824,9.043866653992302,9.169879913330078,533800,0.0,0.0
2025-11-03 00:00:00-05:00,9.179572894663192,9.247425828467247,9.07294579934037,9.160185813903809,582100,0.0,0.0
2025-11-04 00:00:00-05:00,9.121412671950523,9.208652687423896,9.072945893973438,9.111719131469727,124400,0.0,0.0
2025-11-05 00:00:00-05:00,9.072945647747654,9.179572741288924,8.908159161753757,8.956625938415527,94300,0.0,0.0
2025-11-06 00:00:00-05:00,8.956626414004374,8.956626414004374,8.62705342451655,8.646440505981445,164100,0.0,0.0
2025-11-07 00:00:00-05:00,8.685213944744813,8.850000443288312,8.665826862832898,8.733680725097656,112000,0.0,0.0
2025-11-10 00:00:00-05:00,8.6076666684216,8.840306083248084,8.520426656754955,8.568893432617188,236700,0.0,0.0
2025-11-11 00:00:00-05:00,8.530120790472848,8.723986982987178,8.530120790472848,8.646440505981445,371300,0.0,0.0
2025-11-12 00:00:00-05:00,8.714293027978185,8.714293027978185,8.394413594429842,8.471960067749023,172500,0.0,0.0
2025-11-13 00:00:00-05:00,8.355640426395487,8.617360469317402,8.355640426395487,8.539813995361328,126300,0.0,0.0
2025-11-14 00:00:00-05:00,8.462266730675227,8.607667064960237,8.384720255493983,8.559200286865234,217000,0.0,0.0
2025-11-17 00:00:00-05:00,8.423493809679076,8.530120910381012,8.384720570631174,8.413801193237305,185300,0.0,0.0
2025-11-18 00:00:00-05:00,8.384720013362129,8.43318679005752,8.375027397564551,8.404107093811035,147000,0.0,0.0
2025-11-19 00:00:00-05:00,8.375027656555176,8.423493510322457,8.365334116030958,8.375027656555176,137900,0.0,0.0
2025-11-20 00:00:00-05:00,8.365334116030958,8.423493510322457,8.365334116030958,8.375027656555176,119000,0.0,0.0
2025-11-21 00:00:00-05:00,8.375027733552088,8.510733604431152,8.375027733552088,8.510733604431152,231600,0.0,0.0
2025-11-24 00:00:00-05:00,8.549507006781743,8.588280245553412,8.442880831266388,8.530120849609375,161700,0.0,0.0
2025-11-25 00:00:00-05:00,8.491347054117645,8.578587066740896,8.471959973789426,8.520426750183105,132200,0.0,0.0
2025-11-26 00:00:00-05:00,8.471960626264627,8.530120947301683,8.452574468870235,8.481654167175293,105100,0.0,0.0
2025-11-28 00:00:00-05:00,8.51073346941947,8.51073346941947,8.394413757185427,8.491347312927246,71200,0.0,0.0
2025-12-01 00:00:00-05:00,8.41380054020657,8.481653472167311,8.404107000090216,8.452573776245117,140200,0.0,0.0
2025-12-02 00:00:00-05:00,8.394413295786716,8.501040386127341,8.394413295786716,8.433186531066895,98900,0.0,0.0
2025-12-03 00:00:00-05:00,8.41380054020657,8.481653472167311,8.404107000090216,8.452573776245117,194900,0.0,0.0
2025-12-04 00:00:00-05:00,8.433186696012411,8.462266391934605,8.404107000090216,8.452573776245117,237700,0.0,0.0
2025-12-05 00:00:00-05:00,8.239320919001713,8.365334173400027,8.04545472932235,8.258708000183105,286400,0.0,0.0
2025-12-08 00:00:00-05:00,8.316866896206395,8.675519556715662,8.316866896206395,8.5010404586792,231700,0.0,0.0
2025-12-09 00:00:00-05:00,8.433186925695304,8.481653703170226,8.355640451506185,8.423493385314941,144200,0.0,0.0
2025-12-10 00:00:00-05:00,8.462267061079977,8.704600036589854,8.404107664636692,8.665826797485352,280500,0.0,0.0
2025-12-11 00:00:00-05:00,8.627053346790188,8.956626333308687,8.501041016111387,8.946932792663574,240200,0.0,0.0
2025-12-12 00:00:00-05:00,9.24742584279487,9.509145886890682,9.208652605642923,9.344359397888184,214100,0.0,0.0
2025-12-15 00:00:00-05:00,9.354052056149804,9.431598530804319,8.966319682877222,9.043866157531738,243000,0.0,0.0
2025-12-16 00:00:00-05:00,9.072945605624966,9.295892407463294,8.830612647868058,8.888772964477539,219300,0.0,0.0
2025-12-17 00:00:00-05:00,8.9469330577557,9.237732814736884,8.888773661015628,9.10202693939209,231100,0.0,0.0
2025-12-18 00:00:00-05:00,9.10202651541583,9.266813005881778,9.034172656477152,9.111719131469727,157700,0.0,0.0
2025-12-19 00:00:00-05:00,9.053559237380382,9.140799248035197,8.714292734706513,8.801532745361328,389500,0.0,0.0
2025-12-22 00:00:00-05:00,8.811226680369401,8.995399325455189,8.733680206183081,8.791839599609375,158900,0.0,0.0
2025-12-23 00:00:00-05:00,8.743373967111255,8.743373967111255,8.627053328470742,8.694907188415527,80300,0.0,0.0
2025-12-24 00:00:00-05:00,8.69490692909201,8.753066322250763,8.617360455262416,8.723986625671387,46400,0.0,0.0
2025-12-26 00:00:00-05:00,8.704600102229783,8.753066882582626,8.675520403788855,8.733680725097656,63600,0.0,0.0
2025-12-29 00:00:00-05:00,8.704599201345221,8.723986281250667,8.5882794951931,8.61736011505127,99100,0.0,0.0
2025-12-30 00:00:00-05:00,8.627052908129112,8.753066156827414,8.627052908129112,8.704599380493164,132700,0.0,0.0
2025-12-31 00:00:00-05:00,8.675520039118794,8.704599736337375,8.588280023036146,8.627053260803223,131000,0.0,0.0
2026-01-02 00:00:00-05:00,8.665826498570299,8.675520039118794,8.539814169147482,8.627053260803223,92500,0.0,0.0
2026-01-05 00:00:00-05:00,8.617360808211027,8.685213744484312,8.578587569708162,8.646440505981445,80800,0.0,0.0
2026-01-06 00:00:00-05:00,8.607666617836154,8.69490662899011,8.58827953783445,8.685213088989258,124700,0.0,0.0
2026-01-07 00:00:00-05:00,8.723986482665197,8.782146799297454,8.336254119873047,8.336254119873047,155100,0.0,0.0
2026-01-08 00:00:00-05:00,8.336254655751034,8.568894088381043,8.297481416979366,8.530120849609375,115300,0.0,0.0
2026-01-09 00:00:00-05:00,8.578587702820425,8.714293577472715,8.520427381950201,8.665826797485352,76900,0.0,0.0
2026-01-12 00:00:00-05:00,8.63674666606238,8.665826362825445,8.578587272536252,8.607666969299316,99500,0.0,0.0
2026-01-13 00:00:00-05:00,8.578587178266122,8.753066281354053,8.578587178266122,8.656133651733398,86700,0.0,0.0
2026-01-14 00:00:00-05:00,8.675520403788855,8.733680725097656,8.568894226554157,8.733680725097656,110500,0.0,0.0
2026-01-15 00:00:00-05:00,8.733680274575393,8.879079683706625,8.694907037178604,8.85969352722168,72400,0.0,0.0
2026-01-16 00:00:00-05:00,8.84030674363905,8.966320000523586,8.801533504938188,8.898467063903809,106400,0.0,0.0
2026-01-20 00:00:00-05:00,8.840306336415779,8.908159269909953,8.559200137676777,8.723986625671387,201400,0.0,0.0
2026-01-21 00:00:00-05:00,8.772453939195453,8.917853355407715,8.714293618054382,8.917853355407715,124000,0.0,0.0
2026-01-22 00:00:00-05:00,8.976013072624026,9.01478630930035,8.791839505091334,8.840306282043457,147900,0.0,0.0
2026-01-23 00:00:00-05:00,8.84030684058148,8.927546859721824,8.782147444105878,8.850000381469727,200600,0.0,0.0
2026-01-26 00:00:00-05:00,8.899999618530273,8.899999618530273,8.579999923706055,8.6899995803833,133600,0.28,0.0
2026-01-27 00:00:00-05:00,8.65999984741211,8.710000038146973,8.529999732971191,8.59000015258789,123900,0.0,0.0
2026-01-28 00:00:00-05:00,8.569999694824219,8.670000076293945,8.5,8.520000457763672,91400,0.0,0.0
2026-01-29 00:00:00-05:00,8.550000190734863,8.609999656677246,8.359999656677246,8.600000381469727,75400,0.0,0.0
2026-01-30 00:00:00-05:00,8.600000381469727,8.710000038146973,8.5,8.619999885559082,107800,0.0,0.0
2026-02-02 00:00:00-05:00,8.630000114440918,8.800000190734863,8.600000381469727,8.789999961853027,85700,0.0,0.0
2026-02-03 00:00:00-05:00,8.75,8.819999694824219,8.65999984741211,8.779999732971191,77300,0.0,0.0
2026-02-04 00:00:00-05:00,8.779999732971191,8.84000015258789,8.6899995803833,8.800000190734863,64600,0.0,0.0
2026-02-05 00:00:00-05:00,8.8100004196167,8.850000381469727,8.6899995803833,8.819999694824219,99000,0.0,0.0
2026-02-06 00:00:00-05:00,8.859999656677246,8.970000267028809,8.8100004196167,8.930000305175781,169600,0.0,0.0
2026-02-09 00:00:00-05:00,8.9399995803833,8.960000038146973,8.710000038146973,8.75,91700,0.0,0.0
2026-02-10 00:00:00-05:00,8.739999771118164,8.819999694824219,8.65999984741211,8.75,73400,0.0,0.0
2026-02-11 00:00:00-05:00,8.800000190734863,8.829999923706055,8.670000076293945,8.6899995803833,51100,0.0,0.0
2026-02-12 00:00:00-05:00,8.670000076293945,8.779999732971191,8.600000381469727,8.65999984741211,71900,0.0,0.0
2026-02-13 00:00:00-05:00,8.739999771118164,8.850000381469727,8.520000457763672,8.6899995803833,106100,0.0,0.0
2026-02-17 00:00:00-05:00,8.720000267028809,8.770000457763672,8.619999885559082,8.739999771118164,80200,0.0,0.0
2026-02-18 00:00:00-05:00,8.75,8.869999885559082,8.619999885559082,8.649999618530273,129400,0.0,0.0
2026-02-19 00:00:00-05:00,8.90999984741211,8.90999984741211,8.619999885559082,8.720000267028809,186400,0.0,0.0
2026-02-20 00:00:00-05:00,8.699999809265137,8.699999809265137,8.520000457763672,8.59000015258789,160600,0.0,0.0
2026-02-23 00:00:00-05:00,8.550000190734863,8.649999618530273,8.5,8.600000381469727,112600,0.0,0.0
2026-02-24 00:00:00-05:00,8.5600004196167,8.755000114440918,8.5600004196167,8.670000076293945,116365,0.0,0.0
