Date,Open,High,Low,Close,Volume,Dividends,Stock Splits
2022-01-03 00:00:00-05:00,15.87124252319336,15.979440071392972,15.817143749093555,15.87124252319336,190800,0.0,0.0
2022-01-04 00:00:00-05:00,15.938865932256318,16.23640982760077,15.905054682933386,16.18907356262207,334500,0.0,0.0
2022-01-05 00:00:00-05:00,16.23641114245599,16.324321171704625,16.040302269015555,16.0538272857666,389600,0.0,0.0
2022-01-06 00:00:00-05:00,16.1079327412989,16.243180385249843,16.020022675602775,16.074121475219727,327500,0.0,0.0
2022-01-07 00:00:00-05:00,16.12821514555741,16.189076436997816,16.05382883605986,16.16878890991211,344000,0.0,0.0
2022-01-10 00:00:00-05:00,16.19583576227325,16.297270798128416,16.06058818792206,16.128211975097656,285300,0.0,0.0
2022-01-11 00:00:00-05:00,16.11469101239998,16.364898700929743,16.101165993600148,16.337848663330078,245500,0.0,0.0
2022-01-12 00:00:00-05:00,16.39194392147824,16.47309272699877,16.324320131847212,16.4122314453125,227200,0.0,0.0
2022-01-13 00:00:00-05:00,16.412234075673744,16.412234075673744,16.148501382826403,16.16878890991211,323100,0.0,0.0
2022-01-14 00:00:00-05:00,16.18907007509951,16.24993134262297,16.094396275720683,16.222881317138672,266700,0.0,0.0
2022-01-18 00:00:00-05:00,16.148499779618152,16.310797400557625,16.033539717179032,16.22964859008789,330700,0.0,0.0
2022-01-19 00:00:00-05:00,16.26346015148532,16.317558929555563,16.18231262928826,16.27698516845703,271000,0.0,0.0
2022-01-20 00:00:00-05:00,16.249936151524945,16.283747403569993,16.06058978654955,16.067352294921875,217600,0.0,0.0
2022-01-21 00:00:00-05:00,16.026779251158676,16.053827996040912,15.790096606810065,15.810382843017578,278800,0.0,0.0
2022-01-24 00:00:00-05:00,15.621038134824182,15.675136915705492,15.154435343587462,15.566939353942871,560800,0.0,0.0
2022-01-25 00:00:00-05:00,15.50607674900613,15.911818216109491,15.404641704684432,15.823906898498535,287700,0.0,0.0
2022-01-26 00:00:00-05:00,15.905053474855011,16.033537244376276,15.675133385436634,15.769805908203125,188800,0.0,0.0
2022-01-27 00:00:00-05:00,15.857717519772521,15.972677566702227,15.803618750030097,15.844192504882812,245200,0.0,0.0
2022-01-28 00:00:00-05:00,15.844193777647076,15.884767535759083,15.654847423430185,15.878005027770996,155000,0.0,0.0
2022-01-31 00:00:00-05:00,15.857717175857013,16.14173603329917,15.823904639366052,16.134973526000977,145900,0.0,0.0
2022-02-01 00:00:00-05:00,16.114691082819306,16.21612614462774,16.033542259482484,16.16202735900879,165700,0.0,0.0
2022-02-02 00:00:00-05:00,16.20936106501631,16.263459842057273,16.121451036005965,16.22964859008789,193300,0.0,0.0
2022-02-03 00:00:00-05:00,16.14173700301381,16.216122008129833,16.08087572349022,16.10116195678711,140400,0.0,0.0
2022-02-04 00:00:00-05:00,16.10792703249954,16.15526330416082,15.959155708733144,16.033540725708008,324500,0.0,0.0
2022-02-07 00:00:00-05:00,16.03353846221372,16.243172335428653,16.03353846221372,16.18907356262207,208600,0.0,0.0
2022-02-08 00:00:00-05:00,16.182309153151362,16.290506686049838,16.175546646118164,16.175546646118164,154200,0.0,0.0
2022-02-09 00:00:00-05:00,16.290506686049838,16.290506686049838,16.155259125018574,16.175546646118164,174100,0.0,0.0
2022-02-10 00:00:00-05:00,16.162023567933016,16.22288484870539,15.93886596837313,15.999727249145508,163800,0.0,0.0
2022-02-11 00:00:00-05:00,15.999725975693089,16.094398498329824,15.905053453056354,15.959152221679688,252700,0.0,0.0
2022-02-14 00:00:00-05:00,15.9523929167026,15.979441661535914,15.756284034940336,15.857720375061035,209000,0.0,0.0
2022-02-15 00:00:00-05:00,15.95915542536509,15.95915542536509,15.837432849073565,15.857720375061035,189900,0.0,0.0
2022-02-16 00:00:00-05:00,15.857719101039825,15.945629126956144,15.844194084801456,15.932104110717773,500700,0.0,0.0
2022-02-17 00:00:00-05:00,15.905055357464459,16.128212965982758,15.830669058019513,15.952391624450684,191500,0.0,0.0
2022-02-18 00:00:00-05:00,16.229647646572822,16.41223149215273,16.09440006692478,16.209360122680664,512600,0.0,0.0
2022-02-22 00:00:00-05:00,16.209360494521636,16.222885510760005,15.810381544205534,15.932104110717773,360700,0.0,0.0
2022-02-23 00:00:00-05:00,16.006491752898253,16.040303006513852,15.621037786487161,15.67513656616211,282900,0.0,0.0
2022-02-24 00:00:00-05:00,15.512838985983318,15.66837280387774,15.228820092959507,15.607511520385742,371900,0.0,0.0
2022-02-25 00:00:00-05:00,15.661868843054144,15.920069584313701,15.661868843054144,15.89968490600586,152000,0.11,0.0
2022-02-28 00:00:00-05:00,15.797761414370585,15.960834925064276,15.72981379424995,15.926861763000488,203200,0.0,0.0
2022-03-01 00:00:00-05:00,15.954044575234366,15.967634362325832,15.641487248091217,15.716228485107422,290800,0.0,0.0
2022-03-02 00:00:00-05:00,15.723024193973409,16.076350900712775,15.723024193973409,15.974430084228516,291200,0.0,0.0
2022-03-03 00:00:00-05:00,15.988017252936652,16.049169992008128,15.865711774793697,15.906479835510254,304100,0.0,0.0
2022-03-04 00:00:00-05:00,15.88609554869654,15.93365979936366,15.79096963934893,15.86571216583252,276300,0.0,0.0
2022-03-07 00:00:00-05:00,15.824948146759029,15.879306008271561,15.267778446263511,15.621105194091797,629400,0.0,0.0
2022-03-08 00:00:00-05:00,15.71622295314702,15.71622295314702,15.44443378695203,15.593918800354004,310200,0.0,0.0
2022-03-09 00:00:00-05:00,15.729819439608006,15.84533004647138,15.648283302994756,15.756999015808105,301600,0.0,0.0
2022-03-10 00:00:00-05:00,15.655077035182682,15.797765911662792,15.64828214163695,15.716228485107422,241300,0.0,0.0
2022-03-11 00:00:00-05:00,15.811354173903084,15.85212223525237,15.634690846731766,15.675458908081055,270700,0.0,0.0
2022-03-14 00:00:00-04:00,15.74463668388186,15.896825138391385,15.606282583824122,15.627036094665527,400200,0.41,0.0
2022-03-15 00:00:00-04:00,15.682382210774133,15.737723603635576,15.467934478366402,15.495604515075684,376000,0.0,0.0
2022-03-16 00:00:00-04:00,15.578609948819127,15.710044870495166,15.364160997667613,15.516350746154785,447700,0.0,0.0
2022-03-17 00:00:00-04:00,15.46101528508423,15.689298675572495,15.41950957393439,15.59936809539795,239900,0.0,0.0
2022-03-18 00:00:00-04:00,15.627031681786704,15.772302258326494,15.488677620798427,15.647785186767578,401700,0.0,0.0
2022-03-21 00:00:00-04:00,15.675458994517525,15.924495836687305,15.647788967300011,15.841483116149902,294700,0.0,0.0
2022-03-22 00:00:00-04:00,15.84148487461797,15.945249797226223,15.765391301741294,15.924497604370117,221700,0.0,0.0
2022-03-23 00:00:00-04:00,15.931417753825984,15.979841303441058,15.813817139285334,15.820734977722168,227600,0.0,0.0
2022-03-24 00:00:00-04:00,15.841477521812672,15.952160230480555,15.834559687590684,15.882983207702637,180600,0.0,0.0
2022-03-25 00:00:00-04:00,15.882987359591157,16.042094949404436,15.841481662851406,16.02825927734375,158300,0.0,0.0
2022-03-28 00:00:00-04:00,16.035177113374093,16.035177113374093,15.924494375773218,16.02825927734375,152800,0.0,0.0
2022-03-29 00:00:00-04:00,16.11127593197663,16.180451670319663,15.986757491850952,16.06976890563965,212200,0.0,0.0
2022-03-30 00:00:00-04:00,16.062849736652623,16.166615974452455,15.993674004042765,16.138944625854492,171700,0.0,0.0
2022-03-31 00:00:00-04:00,16.173530700453075,16.249625581225143,16.11127281188965,16.11127281188965,261700,0.0,0.0
2022-04-01 00:00:00-04:00,16.138942099692727,16.381061084256913,16.125106427559388,16.353389739990234,251100,0.0,0.0
2022-04-04 00:00:00-04:00,16.3257227332616,16.3257227332616,16.173532950544544,16.201204299926758,184200,0.0,0.0
2022-04-05 00:00:00-04:00,16.138946638172115,16.256547245491678,16.13202880016006,16.180452346801758,110800,0.0,0.0
2022-04-06 00:00:00-04:00,16.166614065951503,16.208119764506094,16.06284784040148,16.104354858398438,251300,0.0,0.0
2022-04-07 00:00:00-04:00,16.11818897690201,16.16661383052661,16.021341908537508,16.090518951416016,158100,0.0,0.0
2022-04-08 00:00:00-04:00,16.12511310636566,16.22887805145913,16.12511310636566,16.15970230102539,149900,0.0,0.0
2022-04-11 00:00:00-04:00,16.09743678604021,16.221955199320615,16.08360111357742,16.125106811523438,150400,0.0,0.0
2022-04-12 00:00:00-04:00,16.152777687005315,16.20120121977541,16.021341441313407,16.02825927734375,209200,0.0,0.0
2022-04-13 00:00:00-04:00,16.0559343476858,16.249629859078336,16.0559343476858,16.242712020874023,158000,0.0,0.0
2022-04-14 00:00:00-04:00,16.242709771472047,16.291133312753473,16.132027014416625,16.187368392944336,167500,0.0,0.0
2022-04-18 00:00:00-04:00,16.221957579175744,16.25654544596461,16.125109177170344,16.187368392944336,229300,0.0,0.0
2022-04-19 00:00:00-04:00,16.19428726397271,16.318805703469483,16.18736942628482,16.284217834472656,148500,0.0,0.0
2022-04-20 00:00:00-04:00,16.360305308589407,16.360305308589407,16.26345825596324,16.298046112060547,177500,0.0,0.0
2022-04-21 00:00:00-04:00,16.284216567108743,16.332640107712653,16.111274596699054,16.138944625854492,157400,0.0,0.0
2022-04-22 00:00:00-04:00,16.166617025228614,16.18045138098426,15.806897386729679,15.855320930480957,305800,0.0,0.0
2022-04-25 00:00:00-04:00,15.813812235961022,15.95216500347093,15.633952450700018,15.93833065032959,204400,0.0,0.0
2022-04-26 00:00:00-04:00,15.9106598660311,15.9106598660311,15.495598909985285,15.502516746520996,265700,0.0,0.0
2022-04-27 00:00:00-04:00,15.564780222680211,15.716968709858131,15.544026707383907,15.59936809539795,270100,0.0,0.0
2022-04-28 00:00:00-04:00,15.689292672925992,15.737716203981327,15.419503674507837,15.710044860839844,252600,0.0,0.0
2022-04-29 00:00:00-04:00,15.703130782270568,15.71696513654671,15.433340422527554,15.454093933105469,364600,0.0,0.0
2022-05-02 00:00:00-04:00,15.474851360646335,15.537109269253738,14.817671206535422,15.004448890686035,485100,0.0,0.0
2022-05-03 00:00:00-04:00,14.997529538653884,15.357249193434626,14.962940349092658,15.225812911987305,216600,0.0,0.0
2022-05-04 00:00:00-04:00,15.115125294704457,15.564774059192684,15.115125294704457,15.253478050231934,568100,0.0,0.0
2022-05-05 00:00:00-04:00,15.294989953838867,15.294989953838867,14.706986926410096,14.969858169555664,609600,0.0,0.0
2022-05-06 00:00:00-04:00,14.942182543870478,15.05978310533321,14.824581982407748,14.976770401000977,276300,0.0,0.0
2022-05-09 00:00:00-04:00,14.80383162931958,14.831502976471038,14.312677092363279,14.54787826538086,703100,0.0,0.0
2022-05-10 00:00:00-04:00,14.651644616836995,15.011364248469107,14.651644616836995,14.935269355773926,556000,0.0,0.0
2022-05-11 00:00:00-04:00,14.921436285430422,14.942189801454232,14.71390640296358,14.720824241638184,368600,0.0,0.0
2022-05-12 00:00:00-04:00,14.741573030145274,14.741573030145274,14.381854738328133,14.527125358581543,531500,0.0,0.0
2022-05-13 00:00:00-04:00,14.582461610900685,14.817662711031506,14.5409559224782,14.755403518676758,354600,0.0,0.0
2022-05-16 00:00:00-04:00,14.748495882783342,14.914520070722917,14.65164876967933,14.83150863647461,198600,0.0,0.0
2022-05-17 00:00:00-04:00,14.942190399367666,15.018283988947568,14.866095490344897,14.956026077270508,156100,0.0,0.0
2022-05-18 00:00:00-04:00,14.935264709549948,14.962934731367751,14.478698134297707,14.534039497375488,281300,0.0,0.0
2022-05-19 00:00:00-04:00,14.471786729414145,14.478704567803028,14.215831986796449,14.229667663574219,425500,0.0,0.0
2022-05-20 00:00:00-04:00,14.257340411837376,14.354187519870196,13.620913731672644,13.869949340820312,796100,0.0,0.0
2022-05-23 00:00:00-04:00,13.994460823817034,14.084391367364239,13.856108069852286,13.98062515258789,280800,0.0,0.0
2022-05-24 00:00:00-04:00,13.939123385541748,13.959876898232544,13.738511373967793,13.952959060668945,534000,0.0,0.0
2022-05-25 00:00:00-04:00,13.973707797661813,14.195073246272019,13.897612929911249,14.077472686767578,227900,0.0,0.0
2022-05-26 00:00:00-04:00,14.153571916785344,14.388773130211728,14.153571916785344,14.271172523498535,179600,0.0,0.0
2022-05-27 00:00:00-04:00,14.388998484502952,14.652380338457657,14.388998484502952,14.596931457519531,235700,0.04,0.0
2022-05-31 00:00:00-04:00,14.52761801814499,14.59692944024029,14.229581150544416,14.340478897094727,347600,0.0,0.0
2022-06-01 00:00:00-04:00,14.38899994469855,14.645450549309896,14.361274840413143,14.5830717086792,274700,0.0,0.0
2022-06-02 00:00:00-04:00,14.57613962600235,14.65238101455675,14.451379307633395,14.479103088378906,588600,0.0,0.0
2022-06-03 00:00:00-04:00,14.465239192465182,14.520688065740337,14.326616348274584,14.340478897094727,243000,0.0,0.0
2022-06-06 00:00:00-04:00,14.41672687283359,14.458314538336491,14.285036564759135,14.312760353088379,227600,0.0,0.0
2022-06-07 00:00:00-04:00,14.278102404402025,14.3890001793406,14.215722240748356,14.305826187133789,726900,0.0,0.0
2022-06-08 00:00:00-04:00,14.291963112523696,14.35434194612219,14.014717388947526,14.132546424865723,559200,0.0,0.0
2022-06-09 00:00:00-04:00,14.1186885742105,14.208792530526363,13.8899617229408,13.917685508728027,717900,0.0,0.0
2022-06-10 00:00:00-04:00,13.862234380837599,13.883028208330904,13.640438842265109,13.785991668701172,371900,0.0,0.0
2022-06-13 00:00:00-04:00,13.626578357566391,13.626578357566391,13.127538320080813,13.182987213134766,609400,0.0,0.0
2022-06-14 00:00:00-04:00,13.282159675910936,13.430919215738186,13.083812271676786,13.324662208557129,499700,0.41,0.0
2022-06-15 00:00:00-04:00,13.402583900797007,13.551343432371313,13.147566016805536,13.27507495880127,305000,0.0,0.0
2022-06-16 00:00:00-04:00,13.105062144349072,13.204235155241705,12.765039234604952,12.81462574005127,474800,0.0,0.0
2022-06-17 00:00:00-04:00,12.864213467322225,13.083811448497704,12.864213467322225,12.935051918029785,739800,0.0,0.0
2022-06-21 00:00:00-04:00,13.133401093700858,13.296328606667023,13.055478652225192,13.119233131408691,325100,0.0,0.0
2022-06-22 00:00:00-04:00,12.991720480892111,13.22548638775334,12.991720480892111,13.11214542388916,370200,0.0,0.0
2022-06-23 00:00:00-04:00,13.119233996292179,13.197155091773531,13.041311549679488,13.126317977905273,302300,0.0,0.0
2022-06-24 00:00:00-04:00,13.161734016660139,13.28215897877965,13.140482075886903,13.239656448364258,791200,0.0,0.0
2022-06-27 00:00:00-04:00,13.317577877630068,13.445086823345878,13.204236892800706,13.352997779846191,408100,0.0,0.0
2022-06-28 00:00:00-04:00,13.388414702491636,13.466337126758248,13.133398193208915,13.154648780822754,347300,0.0,0.0
2022-06-29 00:00:00-04:00,13.147560617360961,13.190064481324756,12.984633192224644,13.005885124206543,282500,0.0,0.0
2022-06-30 00:00:00-04:00,12.96338936655957,13.154652820606685,12.899634881877196,13.105066299438477,345400,0.0,0.0
2022-07-01 00:00:00-04:00,13.090897343911902,13.459256260578176,13.090897343911902,13.45217227935791,168000,0.0,0.0
2022-07-05 00:00:00-04:00,13.4309151472283,13.494669602450584,13.105060243763953,13.487586975097656,276900,0.0,0.0
2022-07-06 00:00:00-04:00,13.530090189842271,13.551340775254074,13.168815375402687,13.253820419311523,675100,0.0,0.0
2022-07-07 00:00:00-04:00,13.253824815274845,13.43800427300614,13.246742185208985,13.423837661743164,275400,0.0,0.0
2022-07-08 00:00:00-04:00,13.452167682941337,13.48050359814042,13.324658766807072,13.437999725341797,246500,0.0,0.0
2022-07-11 00:00:00-04:00,13.36007974780976,13.409666252311812,13.18298431679905,13.218402862548828,244600,0.0,0.0
2022-07-12 00:00:00-04:00,13.218404468039953,13.345913410035688,13.218404468039953,13.27507495880127,181700,0.0,0.0
2022-07-13 00:00:00-04:00,13.211319266344574,13.310493629355976,13.090894315719336,13.154648780822754,258100,0.0,0.0
2022-07-14 00:00:00-04:00,13.076727126229406,13.211320043939741,12.906715659657364,13.027140617370605,167600,0.0,0.0
2022-07-15 00:00:00-04:00,13.18298431679905,13.289241305179294,12.998804906412204,13.218402862548828,395600,0.0,0.0
2022-07-18 00:00:00-04:00,13.381332048248371,13.487590401365603,13.267991065979004,13.267991065979004,1715200,0.0,0.0
2022-07-19 00:00:00-04:00,13.381332438341468,13.381332438341468,13.182986389153427,13.345913887023926,1725300,0.0,0.0
2022-07-20 00:00:00-04:00,13.338829430099544,13.487590312808278,13.289242919573658,13.416751861572266,253900,0.0,0.0
2022-07-21 00:00:00-04:00,13.452169056964555,13.459253036487894,13.232571096264838,13.338828086853027,954000,0.0,0.0
2022-07-22 00:00:00-04:00,13.381332438341468,13.473422833576882,13.317577965064991,13.345913887023926,865500,0.0,0.0
2022-07-25 00:00:00-04:00,13.338828684232919,13.381331212145483,13.204235769523628,13.22548770904541,1131200,0.0,0.0
2022-07-26 00:00:00-04:00,13.24674299270486,13.466341018676758,13.154652582659928,13.466341018676758,641100,0.0,0.0
2022-07-27 00:00:00-04:00,13.501759174728548,13.593849582038672,13.416754099968298,13.530095100402832,443500,0.0,0.0
2022-07-28 00:00:00-04:00,13.608016059273666,13.657603928713652,13.494675059959137,13.57259750366211,488800,0.0,0.0
2022-07-29 00:00:00-04:00,13.537177692166155,13.700105194674109,13.43091933292681,13.629266738891602,324700,0.0,0.0
2022-08-01 00:00:00-04:00,13.600931605485064,13.664686077942893,13.551343742693668,13.565511703491211,480500,0.0,0.0
2022-08-02 00:00:00-04:00,13.572595245287008,13.572595245287008,13.374247853924413,13.459254264831543,447400,0.0,0.0
2022-08-03 00:00:00-04:00,13.317576298130179,13.558426200109913,13.182984739065175,13.501755714416504,724300,0.0,0.0
2022-08-04 00:00:00-04:00,13.523009523724266,13.565512056090522,13.31049551076184,13.331746101379395,462100,0.0,0.0
2022-08-05 00:00:00-04:00,13.31757419375107,13.494669602450584,13.31757419375107,13.487586975097656,330700,0.0,0.0
2022-08-08 00:00:00-04:00,13.508842979417887,13.622183978369641,13.43800451729022,13.544262886047363,468500,0.0,0.0
2022-08-09 00:00:00-04:00,13.544259052736894,13.544259052736894,13.345911685142164,13.402582168579102,328900,0.0,0.0
2022-08-10 00:00:00-04:00,13.523008736855886,13.650517677666388,13.459254266450634,13.600931167602539,625200,0.0,0.0
2022-08-11 00:00:00-04:00,13.707188869395129,13.742607420930192,13.62218245412739,13.68593692779541,534200,0.0,0.0
2022-08-12 00:00:00-04:00,13.778023485846965,13.891364440546385,13.7142690299372,13.863028526306152,390800,0.0,0.0
2022-08-15 00:00:00-04:00,13.813445957168831,13.94095490526214,13.770943424848108,13.82052993774414,409400,0.0,0.0
2022-08-16 00:00:00-04:00,13.813446340656535,13.90553538842986,13.735523903295983,13.898452758789062,315800,0.0,0.0
2022-08-17 00:00:00-04:00,13.778025337484188,13.813443883913642,13.487588933143659,13.515923500061035,480700,0.0,0.0
2022-08-18 00:00:00-04:00,13.643431424407861,13.763856364984054,13.565509006643607,13.728436470031738,1462800,0.0,0.0
2022-08-19 00:00:00-04:00,13.629262429355265,13.742603382316705,13.473418956815967,13.55842399597168,595500,0.0,0.0
2022-08-22 00:00:00-04:00,13.487591494073882,13.50175810465696,13.40258507491945,13.430919647216797,526500,0.0,0.0
2022-08-23 00:00:00-04:00,13.459256637348423,13.643436100837368,13.459256637348423,13.530095100402832,380200,0.0,0.0
2022-08-24 00:00:00-04:00,13.56551294957019,13.70718986829732,13.508842452305585,13.650519371032715,418600,0.0,0.0
2022-08-25 00:00:00-04:00,13.714272197549278,13.770942687988281,13.586763256278756,13.770942687988281,427300,0.0,0.0
2022-08-26 00:00:00-04:00,13.778028684607202,13.827615202106962,13.5867652447099,13.622183799743652,459700,0.0,0.0
2022-08-29 00:00:00-04:00,13.523005828834986,13.622178827636274,13.480503308081689,13.494669914245605,315100,0.0,0.0
2022-08-30 00:00:00-04:00,13.501754389525228,13.56550884856563,13.33882692803568,13.388413429260254,582100,0.0,0.0
2022-08-31 00:00:00-04:00,13.494671582973645,13.537175460113673,13.338828086853027,13.338828086853027,234700,0.0,0.0
2022-09-01 00:00:00-04:00,13.29632715561545,13.317577745603334,13.069645188203987,13.190070152282715,615400,0.0,0.0
2022-09-02 00:00:00-04:00,13.26798756908979,13.360077937369391,13.14047865986002,13.175898551940918,217000,0.0,0.0
2022-09-06 00:00:00-04:00,13.225486509596157,13.282156992050336,12.956302055721522,13.069643020629883,416200,0.0,0.0
2022-09-07 00:00:00-04:00,13.06964635224629,13.225489880939028,13.041310428230577,13.204237937927246,274600,0.0,0.0
2022-09-08 00:00:00-04:00,13.239656495977204,13.296326987111888,13.119231533424616,13.267991065979004,307500,0.0,0.0
2022-09-09 00:00:00-04:00,13.331746835455752,13.423837236973014,13.310496243668087,13.381333351135254,294300,0.0,0.0
2022-09-12 00:00:00-04:00,13.43800469309271,13.593849582038672,13.38133419287544,13.530095100402832,603100,0.0,0.0
2022-09-13 00:00:00-04:00,13.416751454929551,13.473421943974545,13.069644540637594,13.13339900970459,616200,0.0,0.0
2022-09-14 00:00:00-04:00,13.213128124557835,13.3146012524392,13.075416865027663,13.133400917053223,534100,0.42,0.0
2022-09-15 00:00:00-04:00,13.104408497923671,13.300105196380088,13.104408497923671,13.191385269165039,356700,0.0,0.0
2022-09-16 00:00:00-04:00,13.147894298569552,13.16963883386015,12.937702653888488,13.097158432006836,663800,0.0,0.0
2022-09-19 00:00:00-04:00,12.99568758285374,13.140647013971892,12.981191225007292,13.126152038574219,317500,0.0,0.0
2022-09-20 00:00:00-04:00,13.082661655460452,13.169638411383989,12.90146134786433,12.908709526062012,401200,0.0,0.0
2022-09-21 00:00:00-04:00,13.010184208277064,13.060920079334327,12.770999828686538,12.785494804382324,470000,0.0,0.0
2022-09-22 00:00:00-04:00,12.778245166147428,12.821734235615132,12.379605039833995,12.386853218078613,598300,0.0,0.0
2022-09-23 00:00:00-04:00,12.299878009734709,12.30712618889163,12.082438164822374,12.263638496398926,756500,0.0,0.0
2022-09-26 00:00:00-04:00,12.27088455370155,12.343364950288782,11.792515871653817,11.828755378723145,881000,0.0,0.0
2022-09-27 00:00:00-04:00,11.930229279690106,12.386854893731277,11.922982482913811,12.060693740844727,749300,0.0,0.0
2022-09-28 00:00:00-04:00,12.067941117938899,12.314373665418026,12.009957070440796,12.256389617919922,432500,0.0,0.0
2022-09-29 00:00:00-04:00,12.13317306997117,12.13317306997117,11.662052521890287,11.691043853759766,750700,0.0,0.0
2022-09-30 00:00:00-04:00,11.756273532985096,12.00995419854588,11.70553767636262,11.843250274658203,683500,0.0,0.0
2022-10-03 00:00:00-04:00,11.89398757790597,12.205652315006077,11.61131555237265,12.002707481384277,800700,0.0,0.0
2022-10-04 00:00:00-04:00,12.125923194884699,12.611540032183266,12.125923194884699,12.53905963897705,434500,0.0,0.0
2022-10-05 00:00:00-04:00,12.452084346056262,12.473827496431577,12.278132230811115,12.430339813232422,473900,0.0,0.0
2022-10-06 00:00:00-04:00,12.408596662857105,12.589796955710197,12.32161991401027,12.430339813232422,458000,0.0,0.0
2022-10-07 00:00:00-04:00,12.357858789992331,12.510067747107406,12.278131605263912,12.314371109008789,673500,0.0,0.0
2022-10-10 00:00:00-04:00,12.33611861571717,12.423093998659336,12.10418241793968,12.111429214477539,520000,0.0,0.0
2022-10-11 00:00:00-04:00,12.031700308654864,12.270884651586709,11.944723555566652,12.133172035217285,475900,0.0,0.0
2022-10-12 00:00:00-04:00,12.169411659240723,12.29262652442274,12.031699057195274,12.169411659240723,395900,0.0,0.0
2022-10-13 00:00:00-04:00,12.03170143207044,12.510070162600039,11.915733338757125,12.47382926940918,513500,0.0,0.0
2022-10-14 00:00:00-04:00,12.531812599555401,12.647780673445167,12.350612311296578,12.372355461120605,335100,0.0,0.0
2022-10-17 00:00:00-04:00,12.55355677311817,12.676773034480357,12.488324553429448,12.531813621520996,386400,0.0,0.0
2022-10-18 00:00:00-04:00,12.7057638717234,12.857971440238805,12.647779838605857,12.67677116394043,327400,0.0,0.0
2022-10-19 00:00:00-04:00,12.611542398564547,12.727510496474892,12.517318837430683,12.553558349609375,365500,0.0,0.0
2022-10-20 00:00:00-04:00,12.575303093019096,12.64778350101623,12.459334993203203,12.481078147888184,245600,0.0,0.0
2022-10-21 00:00:00-04:00,12.444839628651271,12.597047253392871,12.336119699200284,12.546311378479004,446700,0.0,0.0
2022-10-24 00:00:00-04:00,12.568051274651086,12.742003374003717,12.495570887642057,12.67677116394043,418100,0.0,0.0
2022-10-25 00:00:00-04:00,12.770998337760368,13.147893928378126,12.676773403269447,13.068166732788086,389100,0.0,0.0
2022-10-26 00:00:00-04:00,13.10440514713378,13.176885540893572,12.988437070097524,13.017428398132324,421400,0.0,0.0
2022-10-27 00:00:00-04:00,13.053671631790756,13.169639729664787,12.944951712839948,13.126152038574219,448800,0.0,0.0
2022-10-28 00:00:00-04:00,13.155142023990908,13.19862971062589,13.024677581637336,13.176886558532715,377700,0.0,0.0
2022-10-31 00:00:00-04:00,13.191383422761968,13.300103334759449,13.14064617354437,13.16239070892334,403100,0.0,0.0
2022-11-01 00:00:00-04:00,13.191383589249334,13.343591191477069,13.155142696493655,13.263862609863281,252500,0.0,0.0
2022-11-02 00:00:00-04:00,13.227624784087096,13.365337429198894,12.952200876312379,13.191385269165039,678400,0.0,0.0
2022-11-03 00:00:00-04:00,13.07541236144323,13.242116280792517,12.930451590083969,13.205875396728516,609800,0.0,0.0
2022-11-04 00:00:00-04:00,13.256615944313314,13.43781626253007,12.995687043697595,13.314599990844727,823600,0.0,0.0
2022-11-07 00:00:00-05:00,13.401577082695976,13.561032885430263,13.37258574694833,13.532041549682617,414800,0.0,0.0
2022-11-08 00:00:00-05:00,13.669752304920362,13.669752304920362,13.271110779565921,13.358087539672852,454000,0.0,0.0
2022-11-09 00:00:00-05:00,13.314596666472147,13.437812907393008,13.205875396728517,13.205875396728516,302100,0.0,0.0
2022-11-10 00:00:00-05:00,13.52478899129643,13.590021203669922,13.184132957472546,13.30734920501709,461700,0.0,0.0
2022-11-11 00:00:00-05:00,13.32184586751335,13.553783420078844,13.30735089371751,13.459558486938477,234000,0.0,0.0
2022-11-14 00:00:00-05:00,13.416069098156761,13.437813629764072,13.263860141802466,13.30734920501709,246000,0.0,0.0
2022-11-15 00:00:00-05:00,13.452311121967101,13.561031035475093,13.379830718812206,13.503046989440918,389100,0.0,0.0
2022-11-16 00:00:00-05:00,13.503046989440916,13.604520106837253,13.474055657648181,13.503046989440918,242300,0.0,0.0
2022-11-17 00:00:00-05:00,13.408822370304655,13.532038631167561,13.329093794908482,13.466806411743164,201300,0.0,0.0
2022-11-18 00:00:00-05:00,13.619015952636856,13.619015952636856,13.466806973481336,13.517542839050293,304200,0.0,0.0
2022-11-21 00:00:00-05:00,13.517540162387665,13.633508227138732,13.408820274489587,13.445059776306152,347700,0.0,0.0
2022-11-22 00:00:00-05:00,13.575528539635389,13.771225229954032,13.495801333632432,13.76397705078125,465800,0.0,0.0
2022-11-23 00:00:00-05:00,13.720486192647497,13.82920609025808,13.662502155091953,13.705989837646484,361700,0.0,0.0
2022-11-25 00:00:00-05:00,13.749473979920374,13.916179254610928,13.749473979920374,13.872690200805664,166400,0.0,0.0
2022-11-28 00:00:00-05:00,13.807465653291919,13.865449708046546,13.481305863715484,13.553786277770996,613500,0.0,0.0
2022-11-29 00:00:00-05:00,13.561029570743175,13.691494005840735,13.539286419859286,13.611766815185547,293600,0.0,0.0
2022-11-30 00:00:00-05:00,13.590023096230192,13.662503495899815,13.336342388610834,13.655255317687988,486400,0.0,0.0
2022-12-01 00:00:00-05:00,13.698741280515453,13.763973493763736,13.568276854018887,13.582773208618164,340500,0.0,0.0
2022-12-02 00:00:00-05:00,13.546535241956613,13.546535241956613,13.416070800653717,13.459558486938477,293200,0.0,0.0
2022-12-05 00:00:00-05:00,13.40882340704827,13.452311095877384,13.256615804922017,13.358087539672852,441700,0.0,0.0
2022-12-06 00:00:00-05:00,13.350839433172919,13.358087611758334,12.988438798594336,13.010183334350586,376600,0.0,0.0
2022-12-07 00:00:00-05:00,13.010182689427767,13.191382997734847,12.952198646067448,13.068166732788086,306000,0.0,0.0
2022-12-08 00:00:00-05:00,13.126150693717133,13.2421187797095,13.111654337355928,13.176886558532715,302100,0.0,0.0
2022-12-09 00:00:00-05:00,13.155139608942317,13.314596734744818,13.111651930290897,13.27110767364502,265000,0.0,0.0
2022-12-12 00:00:00-05:00,13.300101083822904,13.314597438288825,13.184133012992442,13.278356552124023,253500,0.0,0.0
2022-12-13 00:00:00-05:00,13.416072962686417,13.517544707852812,13.140647679450712,13.213128089904785,563500,0.0,0.0
2022-12-14 00:00:00-05:00,13.2205602005286,13.2205602005286,13.057067270072547,13.153676986694336,517500,0.45,0.0
2022-12-15 00:00:00-05:00,13.094224326845469,13.146244285028338,12.982751367953545,13.131381034851074,502200,0.0,0.0
2022-12-16 00:00:00-05:00,12.967891115729946,13.064499418781596,12.66320153714849,12.796966552734375,904600,0.0,0.0
2022-12-19 00:00:00-05:00,12.782105353635206,12.878713661489657,12.54429756230541,12.640907287597656,443000,0.0,0.0
2022-12-20 00:00:00-05:00,12.663199657018643,12.819259527417191,12.618609907672615,12.767239570617676,389300,0.0,0.0
2022-12-21 00:00:00-05:00,12.819261293626633,13.15367737260937,12.819261293626633,12.953027725219727,420700,0.0,0.0
2022-12-22 00:00:00-05:00,12.871278887347177,12.901005385532713,12.692924150546316,12.893573760986328,305400,0.0,0.0
2022-12-23 00:00:00-05:00,12.96788858751102,13.168536780490347,12.915867215692357,13.161105155944824,198800,0.0,0.0
2022-12-27 00:00:00-05:00,13.190832846857678,13.280010932030093,13.079361303470339,13.235421180725098,396300,0.0,0.0
2022-12-28 00:00:00-05:00,13.213127139493603,13.294872178404022,13.005045894897734,13.094223976135254,471700,0.0,0.0
2022-12-29 00:00:00-05:00,13.116519184887212,13.339463709033257,13.116519184887212,13.309737205505371,296500,0.0,0.0
2022-12-30 00:00:00-05:00,13.250284071825227,13.436070444911637,13.153675781492812,13.227989196777344,560400,0.0,0.0
2023-01-03 00:00:00-05:00,13.317166322707651,13.421206230580875,13.265146368771038,13.346891403198242,272000,0.0,0.0
2023-01-04 00:00:00-05:00,13.384049775949086,13.569836139161975,13.384049775949086,13.510384559631348,188900,0.0,0.0
2023-01-05 00:00:00-05:00,13.517815220537393,13.517815220537393,13.339460494660818,13.391480445861816,195800,0.0,0.0
2023-01-06 00:00:00-05:00,13.44350266261347,13.517817498611873,13.391482702645868,13.42863941192627,207800,0.0,0.0
2023-01-09 00:00:00-05:00,13.502956019692027,13.636722458553566,13.488092767054571,13.584702491760254,199700,0.0,0.0
2023-01-10 00:00:00-05:00,13.621858359309252,13.718466660572883,13.547543518178468,13.63672161102295,338400,0.0,0.0
2023-01-11 00:00:00-05:00,13.673877344928096,14.023156648031383,13.66644571960275,13.963705062866211,337300,0.0,0.0
2023-01-12 00:00:00-05:00,14.045446883510783,14.104898455033391,13.993426935608161,14.075173377990723,317400,0.0,0.0
2023-01-13 00:00:00-05:00,14.045448298148413,14.045448298148413,13.815073612474956,13.926545143127441,325100,0.0,0.0
2023-01-17 00:00:00-05:00,13.978565340738024,14.14205824482922,13.941408635683175,14.000860214233398,255700,0.0,0.0
2023-01-18 00:00:00-05:00,14.023157001507334,14.09747042175879,13.874527326129156,13.911684036254883,208100,0.0,0.0
2023-01-19 00:00:00-05:00,13.852232227259563,13.904252187575702,13.688740720917751,13.718465805053711,297600,0.0,0.0
2023-01-20 00:00:00-05:00,13.785346296102235,13.971132641965808,13.688738019925601,13.94883918762207,306800,0.0,0.0
2023-01-23 00:00:00-05:00,13.971135950532592,14.164353966080006,13.919115988161685,14.156922340393066,362800,0.0,0.0
2023-01-24 00:00:00-05:00,14.119765986529075,14.387298848274954,14.052882771092605,14.16435432434082,305400,0.0,0.0
2023-01-25 00:00:00-05:00,14.119765147843454,14.275825029633772,14.090038646109516,14.216373443603516,736000,0.0,0.0
2023-01-26 00:00:00-05:00,14.454180595981558,14.669692054719265,14.350139261735281,14.521063804626465,583900,0.0,0.0
2023-01-27 00:00:00-05:00,14.528494722911596,14.639967687730394,14.461611510995368,14.47647476196289,218000,0.0,0.0
2023-01-30 00:00:00-05:00,14.461613625084846,14.461613625084846,14.134630560624661,14.142062187194824,331400,0.0,0.0
2023-01-31 00:00:00-05:00,14.194077846344083,14.246097799103834,14.14948951789821,14.231234550476074,223900,0.0,0.0
2023-02-01 00:00:00-05:00,14.186650381110722,14.365005164619637,14.156923875140325,14.238670349121094,307100,0.0,0.0
2023-02-02 00:00:00-05:00,14.29068601337977,14.43931566359513,14.231234436781104,14.298117637634277,224400,0.0,0.0
2023-02-03 00:00:00-05:00,14.231237877411745,14.350141059355833,14.171786286439701,14.290689468383789,336700,0.0,0.0
2023-02-06 00:00:00-05:00,14.268393993167448,14.275824200731892,14.075175995428587,14.11976432800293,328900,0.0,0.0
2023-02-07 00:00:00-05:00,14.097471090123944,14.320415613761075,14.090039464258936,14.283257484436035,527100,0.0,0.0
2023-02-08 00:00:00-05:00,14.223803279437378,14.25352977743121,13.971133716239567,14.000860214233398,433200,0.0,0.0
2023-02-09 00:00:00-05:00,14.038021048012574,14.127199150784813,13.711037978536027,13.748194694519043,443500,0.0,0.0
2023-02-10 00:00:00-05:00,13.748189025897746,14.127193325893346,13.711032325235093,14.075173377990723,513300,0.0,0.0
2023-02-13 00:00:00-05:00,14.090035459076509,14.14948844909668,14.00085880892085,14.14948844909668,313300,0.0,0.0
2023-02-14 00:00:00-05:00,14.104904174804688,14.201513903604058,14.045452579173478,14.104904174804688,274600,0.0,0.0
2023-02-15 00:00:00-05:00,14.052881248918842,14.060312873988774,13.956272957884817,14.02315616607666,286300,0.0,0.0
2023-02-16 00:00:00-05:00,13.926545271958972,14.194078081949757,13.926545271958972,14.067743301391602,288300,0.0,0.0
2023-02-17 00:00:00-05:00,14.164353578833039,14.73657598414404,14.127196868851858,14.47647476196289,788500,0.0,0.0
2023-02-21 00:00:00-05:00,14.350140495895726,14.394730250452238,13.99343096406971,14.060314178466797,672600,0.0,0.0
2023-02-22 00:00:00-05:00,14.08261011723757,14.171786798197026,14.045451985639641,14.112335205078125,435700,0.0,0.0
2023-02-23 00:00:00-05:00,14.19407998474068,14.320414782234678,14.127196773276939,14.216373443603516,1002200,0.0,0.0
2023-02-24 00:00:00-05:00,14.15692103557529,14.17178428557925,14.015724412850288,14.11976432800293,606000,0.0,0.0
2023-02-27 00:00:00-05:00,14.224296625058502,14.313899123791998,14.15709510705423,14.186963081359863,757200,0.09,0.0
2023-02-28 00:00:00-05:00,14.186963081359863,14.246697605787727,14.052560045351319,14.186963081359863,827700,0.0,0.0
2023-03-01 00:00:00-05:00,14.194437162874548,14.269105711740684,14.149636603228512,14.172036170959473,536500,0.0,0.0
2023-03-02 00:00:00-05:00,14.149633068584485,14.194433617039136,14.05256355205169,14.179499626159668,415300,0.0,0.0
2023-03-03 00:00:00-05:00,14.194432891326743,14.351235514993123,14.18696589626877,14.276568412780762,742400,0.0,0.0
2023-03-06 00:00:00-05:00,14.276569186158712,14.455772804706674,14.276569186158712,14.440838813781738,531700,0.0,0.0
2023-03-07 00:00:00-05:00,14.410969949918101,14.410969949918101,14.09736328060731,14.157097816467285,542200,0.0,0.0
2023-03-08 00:00:00-05:00,14.186965263880827,14.216833242781346,14.082430186096254,14.194432258605957,402300,0.0,0.0
2023-03-09 00:00:00-05:00,14.14962921013277,14.24669727601239,13.582150529112077,13.59708309173584,687500,0.0,0.0
2023-03-10 00:00:00-05:00,13.54481745277677,13.62695296749769,12.91760416116,13.10427474975586,1404200,0.0,0.0
2023-03-13 00:00:00-04:00,12.917603642069132,13.178942740438197,12.686132520283278,12.947471618652344,1408100,0.0,0.0
2023-03-14 00:00:00-04:00,13.1929253805236,13.63013253791747,13.1929253805236,13.400022506713867,1010800,0.46,0.0
2023-03-15 00:00:00-04:00,13.177585523018054,13.261959354493202,12.978157397800706,13.185256004333496,1005500,0.0,0.0
2023-03-16 00:00:00-04:00,13.077866179217848,13.392348488771294,12.932131473908639,13.269623756408691,692400,0.0,0.0
2023-03-17 00:00:00-04:00,13.169910454406143,13.246613777848818,13.070197158026609,13.116218566894531,605000,0.0,0.0
2023-03-20 00:00:00-04:00,13.246614482530951,13.461382044002416,13.108548785588274,13.192922592163086,551600,0.0,0.0
2023-03-21 00:00:00-04:00,13.392347943588483,13.622457904646582,13.384678928247949,13.530413627624512,580400,0.0,0.0
2023-03-22 00:00:00-04:00,13.614788987389524,13.775864661904466,13.484393766737007,13.51507568359375,1147900,0.0,0.0
2023-03-23 00:00:00-04:00,13.538086445623462,13.6147897792321,13.238945053843613,13.284966468811035,582900,0.0,0.0
2023-03-24 00:00:00-04:00,13.23127107723061,13.522741912316006,13.116216838723062,13.507402420043945,335800,0.0,0.0
2023-03-27 00:00:00-04:00,13.614790761069651,13.691494100209791,13.530416941716048,13.630131721496582,280000,0.0,0.0
2023-03-28 00:00:00-04:00,13.545755111187084,13.683820800593496,13.545755111187084,13.67615032196045,200800,0.0,0.0
2023-03-29 00:00:00-04:00,13.73751814191648,13.860242922779353,13.714506696881646,13.852572441101074,257500,0.0,0.0
2023-03-30 00:00:00-04:00,13.929273371895246,13.99830623199671,13.89092243316978,13.952284812927246,281500,0.0,0.0
2023-03-31 00:00:00-04:00,14.067339255105553,14.128701635574064,13.936944013735651,14.036657333374023,374900,0.0,0.0
2023-04-03 00:00:00-04:00,14.036654754153078,14.182390929609875,13.898590520714006,13.906259536743164,311400,0.0,0.0
2023-04-04 00:00:00-04:00,13.967623111596929,13.97529359128247,13.645471742770606,13.729844093322754,328700,0.0,0.0
2023-04-05 00:00:00-04:00,13.691494685718524,13.737516105972883,13.499737061165028,13.522747039794922,375000,0.0,0.0
2023-04-06 00:00:00-04:00,13.51507593393967,13.599448280869941,13.5074054545834,13.591777801513672,415800,0.0,0.0
2023-04-10 00:00:00-04:00,13.584107457024691,13.622459854186813,13.29263655356437,13.476723670959473,406800,0.0,0.0
2023-04-11 00:00:00-04:00,13.461380958557129,13.545754758328542,13.40001859408542,13.461380958557129,321600,0.0,0.0
2023-04-12 00:00:00-04:00,13.530415179027802,13.58410707053278,13.46138232909445,13.51507568359375,329000,0.0,0.0
2023-04-13 00:00:00-04:00,13.553427912216893,13.929272651672362,13.538086952322109,13.929272651672363,374400,0.0,0.0
2023-04-14 00:00:00-04:00,13.959955878212039,13.959955878212039,13.760527769895342,13.844900131225586,210600,0.0,0.0
2023-04-17 00:00:00-04:00,13.829559261521167,13.936943054199219,13.722174005848665,13.936943054199219,170300,0.0,0.0
2023-04-18 00:00:00-04:00,13.867905646164205,13.867905646164205,13.676148100468907,13.76052188873291,300900,0.0,0.0
2023-04-19 00:00:00-04:00,13.699163072369837,13.88325018824449,13.699163072369837,13.837228775024414,215800,0.0,0.0
2023-04-20 00:00:00-04:00,13.806545532733814,13.837227447265999,13.568766547086222,13.67615032196045,222300,0.0,0.0
2023-04-21 00:00:00-04:00,13.691492489153871,13.906260057881497,13.637800596971966,13.898591041564941,263700,0.0,0.0
2023-04-24 00:00:00-04:00,13.883249670874592,14.190061519232104,13.821887301203091,14.14404010772705,608100,0.0,0.0
2023-04-25 00:00:00-04:00,14.028987427994004,14.090349804578683,13.92160217172497,13.929272651672363,309400,0.0,0.0
2023-04-26 00:00:00-04:00,13.906259666626598,14.036654885254395,13.783534927093882,13.791205406188965,304700,0.0,0.0
2023-04-27 00:00:00-04:00,13.837230533756316,13.97529479096471,13.837230533756316,13.952284812927246,241000,0.0,0.0
2023-04-28 00:00:00-04:00,13.952284622833707,14.113360318879517,13.952284622833707,14.021317481994629,247700,0.0,0.0
2023-05-01 00:00:00-04:00,14.044325992642383,14.082678389833541,13.860238875107912,13.875579833984375,312600,0.0,0.0
2023-05-02 00:00:00-04:00,13.844899245984273,13.875581166684087,13.553428314308546,13.737515449523926,381700,0.0,0.0
2023-05-03 00:00:00-04:00,13.760525105768869,13.921600779573259,13.745184147408171,13.775864601135254,273200,0.0,0.0
2023-05-04 00:00:00-04:00,13.729841424341819,13.729841424341819,13.499732930484598,13.60711669921875,290800,0.0,0.0
2023-05-05 00:00:00-04:00,13.737513902024887,13.936941975125064,13.722172943403102,13.898591041564941,261600,0.0,0.0
2023-05-08 00:00:00-04:00,13.883251125782948,14.021316837761129,13.86023968612177,13.99063491821289,156700,0.0,0.0
2023-05-09 00:00:00-04:00,13.936943852239246,14.228414790338569,13.775866691004317,13.952284812927246,406300,0.0,0.0
2023-05-10 00:00:00-04:00,14.105690643514453,14.190064467968757,13.959955899631966,14.136372566223145,382800,0.0,0.0
2023-05-11 00:00:00-04:00,13.34632826645863,13.607118711663668,13.277295415492922,13.545756340026855,3851400,0.0,0.0
2023-05-12 00:00:00-04:00,13.56876689915397,13.65313924031826,13.423030727333106,13.538084983825684,582000,0.0,0.0
2023-05-15 00:00:00-04:00,13.607122257889197,13.737517514474728,13.515079407943364,13.722176551818848,694800,0.0,0.0
2023-05-16 00:00:00-04:00,13.576437950134277,13.691492211475556,13.568767470978951,13.576437950134277,408900,0.0,0.0
2023-05-17 00:00:00-04:00,13.653141021728516,13.699163900725836,13.49206533422121,13.653141021728516,378000,0.0,0.0
2023-05-18 00:00:00-04:00,13.607117401577659,13.729842133035412,13.56109599302955,13.683820724487305,359800,0.0,0.0
2023-05-19 00:00:00-04:00,13.72984584723373,13.906262513554218,13.714504885902922,13.844900131225586,430800,0.0,0.0
2023-05-22 00:00:00-04:00,13.844897167549925,13.944611931860363,13.768195303304092,13.906259536743164,420300,0.0,0.0
2023-05-23 00:00:00-04:00,13.883252415266018,13.990636217669817,13.798878591666128,13.806549072265625,447300,0.0,0.0
2023-05-24 00:00:00-04:00,13.699162735320389,13.821887476217348,13.614788927330864,13.775864601135254,586700,0.0,0.0
2023-05-25 00:00:00-04:00,13.653141289994721,13.85256938058496,13.653141289994721,13.82188892364502,454800,0.0,0.0
2023-05-26 00:00:00-04:00,13.806545191281625,14.051994649492007,13.806545191281625,13.967620849609375,348500,0.0,0.0
2023-05-30 00:00:00-04:00,14.029121257206523,14.075243985046157,13.952249066663745,14.059870719909668,319300,0.04,0.0
2023-05-31 00:00:00-04:00,14.052182920243567,14.075243550343632,13.906125909344649,13.99068546295166,338700,0.0,0.0
2023-06-01 00:00:00-04:00,13.983001645152282,14.37504858468538,13.983001645152282,14.3366117477417,354100,0.0,0.0
2023-06-02 00:00:00-04:00,14.421167280975224,14.428854646209418,14.259735543487125,14.328920364379883,366000,0.0,0.0
2023-06-05 00:00:00-04:00,14.367358802575337,14.551851190251156,14.267424509533125,14.459604263305664,339400,0.0,0.0
2023-06-06 00:00:00-04:00,14.444231033325195,14.597973956997286,14.39041947051404,14.444231033325195,283500,0.0,0.0
2023-06-07 00:00:00-04:00,14.467291106254542,14.659470853077721,14.44423047501343,14.528788566589355,341000,0.0,0.0
2023-06-08 00:00:00-04:00,14.551852226257324,14.613349693194188,14.482667392676444,14.551852226257324,269600,0.0,0.0
2023-06-09 00:00:00-04:00,14.567226959545357,14.597974959906155,14.52110275968126,14.551852226257324,230400,0.0,0.0
2023-06-12 00:00:00-04:00,14.628722218315483,14.751717133623455,14.54416266421061,14.68253231048584,457700,0.0,0.0
2023-06-13 00:00:00-04:00,14.759403367352519,14.774776630925905,14.667156454837531,14.728653907775879,400600,0.0,0.0
2023-06-14 00:00:00-04:00,14.736530116102227,14.768035980623063,14.586881766475173,14.634139060974121,323500,0.46,0.0
2023-06-15 00:00:00-04:00,14.64201478167908,14.744405831594454,14.571128092398347,14.610508918762207,335900,0.0,0.0
2023-06-16 00:00:00-04:00,14.62626183475278,14.807416039486528,14.594757474151455,14.736529350280762,739900,0.0,0.0
2023-06-20 00:00:00-04:00,14.689272810609085,14.744406571196977,14.618386117772564,14.697149276733398,472200,0.0,0.0
2023-06-21 00:00:00-04:00,14.697149276733398,14.79166536794286,14.61050965164825,14.697149276733398,379800,0.0,0.0
2023-06-22 00:00:00-04:00,14.705027656878848,14.705027656878848,14.445110250074599,14.452986717224121,277600,0.0,0.0
2023-06-23 00:00:00-04:00,14.374221613374765,14.44510830589728,14.248201160508584,14.271830558776855,562600,0.0,0.0
2023-06-26 00:00:00-04:00,14.303336935579352,14.405729506882285,14.303336935579352,14.382100105285645,376500,0.0,0.0
2023-06-27 00:00:00-04:00,14.38209744505668,14.492364960880012,14.38209744505668,14.421478271484375,268600,0.0,0.0
2023-06-28 00:00:00-04:00,14.429357296735473,14.515996932983398,14.366347061904936,14.515996932983398,498600,0.0,0.0
2023-06-29 00:00:00-04:00,14.594756054435836,14.752280846683579,14.563250194617039,14.728652954101562,406300,0.0,0.0
2023-06-30 00:00:00-04:00,14.901933642111315,14.941314472440487,14.712902952423,14.720779418945312,493000,0.0,0.0
2023-07-03 00:00:00-04:00,14.673521904856536,14.815295310109283,14.657770472714851,14.74440860748291,178400,0.0,0.0
2023-07-05 00:00:00-04:00,14.712905121202258,14.775915360386488,14.642018414334675,14.752285957336426,233700,0.0,0.0
2023-07-06 00:00:00-04:00,14.649894005502754,14.74440860748291,14.531750001886302,14.74440860748291,217100,0.0,0.0
2023-07-07 00:00:00-04:00,14.76016043125331,14.909810292457491,14.744407498014468,14.82317066192627,267700,0.0,0.0
2023-07-10 00:00:00-04:00,14.838922769211125,14.941313824999565,14.831046303030119,14.870427131652832,289100,0.0,0.0
2023-07-11 00:00:00-04:00,14.925563281399238,14.93343824576565,14.838923650544675,14.878304481506348,342200,0.0,0.0
2023-07-12 00:00:00-04:00,14.964939932114905,14.996445789909448,14.909806183256443,14.917682647705078,335700,0.0,0.0
2023-07-13 00:00:00-04:00,14.901931675922022,15.098838806152344,14.894055210438948,15.098838806152344,397400,0.0,0.0
2023-07-14 00:00:00-04:00,15.122468202601569,15.19335488966706,14.980694828470588,15.098838806152344,350900,0.0,0.0
2023-07-17 00:00:00-04:00,15.075212873612198,15.366636154319057,15.012202637551596,15.319378852844238,412100,0.0,0.0
2023-07-18 00:00:00-04:00,15.469027497811716,15.634430309319104,15.429646662934152,15.532037734985352,333500,0.0,0.0
2023-07-19 00:00:00-04:00,15.53991379569638,15.66593426674536,15.51628589630127,15.51628589630127,239900,0.0,0.0
2023-07-20 00:00:00-04:00,15.51628620211603,15.58717290626352,15.39814069368185,15.421770095825195,191700,0.0,0.0
2023-07-21 00:00:00-04:00,15.45327322851308,15.524158417823976,15.374510070933745,15.469024658203125,241200,0.0,0.0
2023-07-24 00:00:00-04:00,15.46902416348509,15.610797542137353,15.46902416348509,15.587169647216797,256700,0.0,0.0
2023-07-25 00:00:00-04:00,15.547791362030651,15.705317713119024,15.484781122051826,15.500534057617188,326800,0.0,0.0
2023-07-26 00:00:00-04:00,15.524159320655906,15.73681940780301,15.524159320655906,15.72106647491455,204900,0.0,0.0
2023-07-27 00:00:00-04:00,15.75256947806655,15.776198873105203,15.563538824603603,15.595043182373047,292400,0.0,0.0
2023-07-28 00:00:00-04:00,15.658054896045321,15.665931361810664,15.539910914129665,15.642303466796875,325300,0.0,0.0
2023-07-31 00:00:00-04:00,15.744696775678145,15.815583475452321,15.642305710605697,15.665933609008789,280600,0.0,0.0
2023-08-01 00:00:00-04:00,15.634425025845353,15.807702743945002,15.634425025845353,15.776198387145996,246800,0.0,0.0
2023-08-02 00:00:00-04:00,15.71318932781487,15.79982744210056,15.642302641947026,15.752570152282715,246700,0.0,0.0
2023-08-03 00:00:00-04:00,15.681687928965312,15.831337808636986,15.658058526191073,15.784080505371094,363600,0.0,0.0
2023-08-04 00:00:00-04:00,15.736818862679481,16.516570986259204,15.736818862679481,16.461437225341797,730400,0.0,0.0
2023-08-07 00:00:00-04:00,16.38267900419803,16.38267900419803,16.170020362597356,16.20152473449707,533100,0.0,0.0
2023-08-08 00:00:00-04:00,16.059747469195493,16.2409031979082,15.97310934045367,16.146387100219727,652200,0.0,0.0
2023-08-09 00:00:00-04:00,16.146384382180315,16.264528357691056,16.0676212310791,16.0676212310791,281200,0.0,0.0
2023-08-10 00:00:00-04:00,16.059747373526005,16.146387004034118,15.910099014644139,15.973109245300293,289000,0.0,0.0
2023-08-11 00:00:00-04:00,15.941607516511906,16.091257416518147,15.925854579188558,15.99674129486084,336200,0.0,0.0
2023-08-14 00:00:00-04:00,16.01249113616843,16.091254305273527,15.94948090134085,16.083377838134766,213700,0.0,0.0
2023-08-15 00:00:00-04:00,15.996737142869852,16.067623840143327,15.870716681557543,15.973109245300293,323000,0.0,0.0
2023-08-16 00:00:00-04:00,15.791954952954251,16.004615064102765,15.791954952954251,15.917975425720215,381100,0.0,0.0
2023-08-17 00:00:00-04:00,15.941601929349602,15.973107792954226,15.642303736516993,15.673808097839355,305900,0.0,0.0
2023-08-18 00:00:00-04:00,15.595046457767738,15.894346181990265,15.555665626714337,15.839212417602539,202300,0.0,0.0
2023-08-21 00:00:00-04:00,15.839213513342552,15.894347281544373,15.689563640878669,15.823460578918457,240500,0.0,0.0
2023-08-22 00:00:00-04:00,15.839211699195781,15.902221927392764,15.65805597863241,15.68956184387207,372300,0.0,0.0
2023-08-23 00:00:00-04:00,15.744695605759137,15.79195290133629,15.610798683055258,15.68956184387207,435200,0.0,0.0
2023-08-24 00:00:00-04:00,15.665931553443183,15.8077049343891,15.665931553443183,15.744694709777832,240300,0.0,0.0
2023-08-25 00:00:00-04:00,15.744697357779229,15.815584060174174,15.587172520899077,15.768326759338379,329400,0.0,0.0
2023-08-28 00:00:00-04:00,15.77620218654765,15.87859324865594,15.760449253213325,15.839212417602539,318600,0.0,0.0
2023-08-29 00:00:00-04:00,15.862840581845518,15.910099382642523,15.784078918415378,15.87071704864502,263000,0.0,0.0
2023-08-30 00:00:00-04:00,15.949714163571455,16.02081256230766,15.870715775334677,15.933914184570312,201700,0.06,0.0
2023-08-31 00:00:00-04:00,15.973412625304238,15.981312614804809,15.918114205569172,15.933914184570312,229100,0.0,0.0
2023-09-01 00:00:00-04:00,15.989210876954157,16.12350767041761,15.973410899659925,16.012910842895508,345400,0.0,0.0
2023-09-05 00:00:00-04:00,15.97341123465217,16.028711156341732,15.79961600107709,15.847014427185059,273000,0.0,0.0
2023-09-06 00:00:00-04:00,15.886518516593062,15.98921538441897,15.657423301549528,15.69692325592041,326000,0.0,0.0
2023-09-07 00:00:00-04:00,15.696917967948725,15.854913211899294,15.696917967948725,15.839113235473633,272100,0.0,0.0
2023-09-08 00:00:00-04:00,15.894414586698312,15.997111429191385,15.831216182063619,15.957612991333008,262900,0.0,0.0
2023-09-11 00:00:00-04:00,16.044509756728075,16.21830649847504,15.997111330237454,16.18670654296875,351800,0.0,0.0
2023-09-12 00:00:00-04:00,16.202508678283046,16.273607080871,16.163008728640285,16.194608688354492,471100,0.0,0.0
2023-09-13 00:00:00-04:00,16.25780246253186,16.297300894136388,16.19460406790347,16.242002487182617,348300,0.0,0.0
2023-09-14 00:00:00-04:00,16.306656494122812,16.32281806942238,16.185447761881353,16.290494918823242,352700,0.46,0.0
2023-09-15 00:00:00-04:00,16.314734847568126,16.44402434816901,16.25009009726768,16.411701202392578,358600,0.0,0.0
2023-09-18 00:00:00-04:00,16.427862448909956,16.468264839075403,16.3389753410431,16.379379272460938,213700,0.0,0.0
2023-09-19 00:00:00-04:00,16.371298894554556,16.468265249871383,16.274330997985295,16.460186004638672,435600,0.0,0.0
2023-09-20 00:00:00-04:00,16.508668487556772,16.58947480775515,16.4278621673584,16.4278621673584,397100,0.0,0.0
2023-09-21 00:00:00-04:00,16.36321625972449,16.371297045296846,16.23392677307129,16.23392677307129,219900,0.0,0.0
2023-09-22 00:00:00-04:00,16.258169313158124,16.452103545325233,16.258169313158124,16.38745880126953,193500,0.0,0.0
2023-09-25 00:00:00-04:00,16.330892795603543,16.56523094882704,16.330892795603543,16.5086669921875,402200,0.0,0.0
2023-09-26 00:00:00-04:00,16.444022906684765,16.524829222789936,16.24200788704798,16.26624870300293,274200,0.0,0.0
2023-09-27 00:00:00-04:00,16.338975947744242,16.524830956662715,16.282411982911317,16.363218307495117,337900,0.0,0.0
2023-09-28 00:00:00-04:00,16.35513804574626,16.58947624043392,16.35513804574626,16.573314666748047,320900,0.0,0.0
2023-09-29 00:00:00-04:00,16.67836144522899,16.67836144522899,16.492507975699404,16.51675033569336,506300,0.0,0.0
2023-10-02 00:00:00-04:00,16.58139379651504,16.58139379651504,16.128879026048047,16.193525314331055,466200,0.0,0.0
2023-10-03 00:00:00-04:00,16.169280396625275,16.169280396625275,15.789492760597108,15.918782234191895,495500,0.0,0.0
2023-10-04 00:00:00-04:00,15.910701208402822,16.039990680038986,15.765250167499117,16.007667541503906,425000,0.0,0.0
2023-10-05 00:00:00-04:00,15.98342893612251,16.048073680867855,15.886461048378347,15.999588966369629,247700,0.0,0.0
2023-10-06 00:00:00-04:00,15.894543870070422,16.177365242527685,15.894543870070422,16.112720489501953,291100,0.0,0.0
2023-10-09 00:00:00-04:00,16.07231820750912,16.233930877310428,16.048077385915775,16.185447692871094,178000,0.0,0.0
2023-10-10 00:00:00-04:00,16.23393018705565,16.26625179489003,16.104640673212955,16.15312385559082,267100,0.0,0.0
2023-10-11 00:00:00-04:00,16.19352438646176,16.274329159680818,16.120798857562804,16.23392677307129,214000,0.0,0.0
2023-10-12 00:00:00-04:00,16.112719189453063,16.26624950221884,15.975348907700493,16.0965576171875,357400,0.0,0.0
2023-10-13 00:00:00-04:00,16.177361744886984,16.20968334378549,16.007668341600343,16.145038604736328,264800,0.0,0.0
2023-10-16 00:00:00-04:00,16.233925620356366,16.492504575301968,16.233925620356366,16.34705352783203,254700,0.0,0.0
2023-10-17 00:00:00-04:00,16.29857184594591,16.314733417417404,16.177363142414297,16.26624870300293,254800,0.0,0.0
2023-10-18 00:00:00-04:00,16.20160433752446,16.26624908367098,16.015750885009766,16.015750885009766,292900,0.0,0.0
2023-10-19 00:00:00-04:00,16.072315343401492,16.072315343401492,15.854140281677246,15.854140281677246,230000,0.0,0.0
2023-10-20 00:00:00-04:00,15.85414370213121,15.92686771089423,15.603643900409194,15.773337364196777,315600,0.0,0.0
2023-10-23 00:00:00-04:00,15.757173415860185,15.813737381521852,15.547077585365086,15.627883911132812,327500,0.0,0.0
2023-10-24 00:00:00-04:00,15.644046192605813,15.821818884339047,15.644046192605813,15.700610160827637,332700,0.0,0.0
2023-10-25 00:00:00-04:00,15.660203535901047,15.78949456552746,15.53091404752691,15.563237190246582,248100,0.0,0.0
2023-10-26 00:00:00-04:00,15.595560723328989,15.708690195607412,15.563239117858343,15.603641510009766,277000,0.0,0.0
2023-10-27 00:00:00-04:00,15.619801578589698,15.65212472219886,15.369303380627965,15.39354419708252,238800,0.0,0.0
2023-10-30 00:00:00-04:00,15.49051361970342,15.65212627123887,15.466271259597361,15.627883911132812,260600,0.0,0.0
2023-10-31 00:00:00-04:00,15.6359622099193,15.821815650736278,15.61980063908681,15.68444538116455,249900,0.0,0.0
2023-11-01 00:00:00-04:00,15.724846511994505,15.975346216149083,15.724846511994505,15.959184646606445,303700,0.0,0.0
2023-11-02 00:00:00-04:00,16.05615489001641,16.379378622266504,16.05615489001641,16.37129783630371,323300,0.0,0.0
2023-11-03 00:00:00-04:00,16.524829075139785,16.767246480037002,16.395539587027635,16.694520950317383,500100,0.0,0.0
2023-11-06 00:00:00-05:00,16.589475590169393,16.686441945978803,16.38746055077194,16.56523323059082,419300,0.0,0.0
2023-11-07 00:00:00-05:00,16.53290930473963,16.58947480775515,16.347055847160025,16.4278621673584,275900,0.0,0.0
2023-11-08 00:00:00-05:00,16.468266222877208,16.508670157690123,16.403621468429062,16.50058937072754,257300,0.0,0.0
2023-11-09 00:00:00-05:00,16.492508985404722,16.654121646087077,16.492508985404722,16.581396102905273,334800,0.0,0.0
2023-11-10 00:00:00-05:00,16.646037173572818,16.751084300882614,16.56523086112178,16.710681915283203,265800,0.0,0.0
2023-11-13 00:00:00-05:00,16.654120028845934,16.864215850830078,16.654120028845934,16.864215850830078,213600,0.0,0.0
2023-11-14 00:00:00-05:00,16.9692602898428,17.13895215294019,16.896534765300444,17.033905029296875,419200,0.0,0.0
2023-11-15 00:00:00-05:00,17.017746211965854,17.07431017548162,16.928860644120682,16.94502067565918,329200,0.0,0.0
2023-11-16 00:00:00-05:00,16.89653745507634,17.025826954566213,16.848054278080742,16.864215850830078,227400,0.0,0.0
2023-11-17 00:00:00-05:00,16.872295139352506,16.953101462054633,16.864215894209465,16.94502067565918,184700,0.0,0.0
2023-11-20 00:00:00-05:00,16.95310276095905,17.001587483046553,16.839974825259937,16.961183547973633,316100,0.0,0.0
2023-11-21 00:00:00-05:00,16.969257354736328,17.001580489498643,16.928854977535334,16.969257354736328,180300,0.0,0.0
2023-11-22 00:00:00-05:00,16.97734107493108,17.033905029296875,16.95309871966624,17.033905029296875,204800,0.0,0.0
2023-11-24 00:00:00-05:00,17.082389503180732,17.082389503180732,17.009663973084223,17.050067901611328,124600,0.0,0.0
2023-11-27 00:00:00-05:00,17.001584728631084,17.082389503180732,16.98542315722024,17.050067901611328,256700,0.0,0.0
2023-11-28 00:00:00-05:00,17.01774523007458,17.02582601600379,16.896536523641107,16.904617309570312,265700,0.0,0.0
2023-11-29 00:00:00-05:00,16.969479121175226,17.026232983692584,16.799215987196376,16.82353973388672,256800,0.07,0.0
2023-11-30 00:00:00-05:00,16.80732370050837,16.99380111694336,16.79921578504249,16.99380111694336,200500,0.0,0.0
2023-12-01 00:00:00-05:00,16.937044349997972,17.026229858398438,16.937044349997972,17.026229858398438,253500,0.0,0.0
2023-12-04 00:00:00-05:00,17.02623277880688,17.02623277880688,16.94515517057483,16.99380111694336,228400,0.0,0.0
2023-12-05 00:00:00-05:00,16.969481225512276,16.98569705865005,16.82354182012624,16.91272735595703,207000,0.0,0.0
2023-12-06 00:00:00-05:00,16.961374331302235,17.034344038393556,16.872188790095723,16.88029670715332,210300,0.0,0.0
2023-12-07 00:00:00-05:00,16.945157516089836,17.04245096872081,16.888403646399667,17.010019302368164,227500,0.0,0.0
2023-12-08 00:00:00-05:00,17.02623226995787,17.17217165112864,17.02623226995787,17.139739990234375,188200,0.0,0.0
2023-12-11 00:00:00-05:00,17.16406488946224,17.19649500610935,17.05866507732562,17.09920310974121,214800,0.0,0.0
2023-12-12 00:00:00-05:00,17.139744859329607,17.28568428195916,17.08299098306859,17.261362075805664,332700,0.0,0.0
2023-12-13 00:00:00-05:00,17.228929943678633,17.48837711187275,17.05056040215195,17.42351531982422,433600,0.0,0.0
2023-12-14 00:00:00-05:00,17.572645776312786,17.77148899476936,17.51465049603498,17.663782119750977,507200,0.46,0.0
2023-12-15 00:00:00-05:00,17.589213102964234,17.672064165516044,17.481507827823688,17.53950309753418,368500,0.0,0.0
2023-12-18 00:00:00-05:00,17.539504043310103,17.56435983749171,17.382087173998592,17.498079299926758,380400,0.0,0.0
2023-12-19 00:00:00-05:00,17.481504130343957,17.622350432816127,17.44007781770376,17.614065170288086,223300,0.0,0.0
2023-12-20 00:00:00-05:00,17.60578354162612,17.688634603754874,17.464937210083008,17.464937210083008,277300,0.0,0.0
2023-12-21 00:00:00-05:00,17.498078871039798,17.580928355775807,17.315806212014277,17.556074142456055,667200,0.0,0.0
2023-12-22 00:00:00-05:00,17.663779954715984,17.763201551758247,17.630640475870347,17.655494689941406,232400,0.0,0.0
2023-12-26 00:00:00-05:00,17.589216203684703,17.92890419780181,17.589216203684703,17.804628372192383,346000,0.0,0.0
2023-12-27 00:00:00-05:00,17.887477271794836,18.053179405937353,17.821196734188362,18.01175308227539,348900,0.0,0.0
2023-12-28 00:00:00-05:00,18.02832240009605,18.194022942849532,18.020037135920496,18.177453994750977,430700,0.0,0.0
2023-12-29 00:00:00-05:00,18.202302545712385,18.22715833050837,17.85432945982896,17.895755767822266,460900,0.0,0.0
2024-01-02 00:00:00-05:00,17.81291586869879,17.91233748978892,17.746635314723058,17.887481689453125,335500,0.0,0.0
2024-01-03 00:00:00-05:00,17.821197427554438,17.895763232794422,17.738346357259708,17.746631622314453,261500,0.0,0.0
2024-01-04 00:00:00-05:00,17.80461988575727,18.235444017423614,17.80461988575727,18.06145668029785,361200,0.0,0.0
2024-01-05 00:00:00-05:00,18.044893624323922,18.086318366546642,17.928901501645594,17.995182037353516,340300,0.0,0.0
2024-01-08 00:00:00-05:00,17.986899779927054,18.10289192199707,17.854338686349507,18.10289192199707,494500,0.0,0.0
2024-01-09 00:00:00-05:00,18.069743813729346,18.094599601679587,17.970323822432928,17.978609085083008,437100,0.0,0.0
2024-01-10 00:00:00-05:00,18.00346565246582,18.102887237045532,17.97861144151025,18.00346565246582,360100,0.0,0.0
2024-01-11 00:00:00-05:00,17.97032154195815,17.97032154195815,17.696914230210606,17.895755767822266,394400,0.0,0.0
2024-01-12 00:00:00-05:00,17.953755650302202,18.078031445837485,17.9123309118746,18.00346565246582,485600,0.0,0.0
2024-01-16 00:00:00-05:00,17.96204751020746,18.011757530625992,17.846056935813188,17.887481689453125,264500,0.0,0.0
2024-01-17 00:00:00-05:00,17.829479571649333,17.945470101606762,17.812909044440428,17.912330627441406,219800,0.0,0.0
2024-01-18 00:00:00-05:00,17.962042559625864,18.003467301848584,17.821196223714953,17.995182037353516,186900,0.0,0.0
2024-01-19 00:00:00-05:00,18.069747735875726,18.07803300032417,17.90404718766465,18.053178787231445,292700,0.0,0.0
2024-01-22 00:00:00-05:00,18.119459259025717,18.276874542236328,18.06974767250937,18.276874542236328,201900,0.0,0.0
2024-01-23 00:00:00-05:00,18.285157735763075,18.35972352684001,18.23544773512926,18.34315299987793,199700,0.0,0.0
2024-01-24 00:00:00-05:00,18.368012340197296,18.368012340197296,18.21888072922164,18.25202178955078,296900,0.0,0.0
2024-01-25 00:00:00-05:00,18.293445071075112,18.368010870597026,18.160884000870066,18.276874542236328,246000,0.0,0.0
2024-01-26 00:00:00-05:00,18.293449541272096,18.46743697608976,18.293449541272096,18.442581176757812,241800,0.0,0.0
2024-01-29 00:00:00-05:00,18.51714562586999,18.51714562586999,18.11946234747013,18.243738174438477,413400,0.0,0.0
2024-01-30 00:00:00-05:00,18.22716530694325,18.35144111798551,18.210594777403568,18.30173110961914,246100,0.0,0.0
2024-01-31 00:00:00-05:00,18.235450664697506,18.310016467753616,17.92890218766098,17.945472717285156,348400,0.0,0.0
2024-02-01 00:00:00-05:00,17.937184906968795,17.937184906968795,17.539501733940735,17.771484375,368000,0.0,0.0
2024-02-02 00:00:00-05:00,17.68863350837743,17.96204089029463,17.663777717202237,17.788053512573242,300900,0.0,0.0
2024-02-05 00:00:00-05:00,17.7383411573126,17.79633641544194,17.5477848576727,17.76319694519043,275500,0.0,0.0
2024-02-06 00:00:00-05:00,17.779770327535015,17.779770327535015,17.589213980337455,17.72177505493164,259200,0.0,0.0
2024-02-07 00:00:00-05:00,17.721775827150214,17.821197427554438,17.622355806998723,17.746631622314453,275500,0.0,0.0
2024-02-08 00:00:00-05:00,17.75491628698367,17.75491628698367,17.564359937926394,17.655494689941406,271800,0.0,0.0
2024-02-09 00:00:00-05:00,17.63892469794463,17.754915237426758,17.589213112235793,17.754915237426758,218000,0.0,0.0
2024-02-12 00:00:00-05:00,17.79634162171695,18.003468507203188,17.721775816521685,17.96204376220703,283500,0.0,0.0
2024-02-13 00:00:00-05:00,17.895763232794422,17.895763232794422,17.64721002191023,17.746631622314453,384800,0.0,0.0
2024-02-14 00:00:00-05:00,17.887475953928284,17.90404648217223,17.464936965222986,17.67206382751465,772200,0.0,0.0
2024-02-15 00:00:00-05:00,17.713487742715177,18.011750916201837,17.688633531759606,18.00346565246582,330000,0.0,0.0
2024-02-16 00:00:00-05:00,18.127741448001103,18.15259723920915,17.72177300645119,18.00346565246582,505800,0.0,0.0
2024-02-20 00:00:00-05:00,17.978610214560593,18.09460073844409,17.812908111653567,17.953754425048828,439300,0.0,0.0
2024-02-21 00:00:00-05:00,17.97861360359849,18.01175308227539,17.86262147759766,18.01175308227539,327200,0.0,0.0
2024-02-22 00:00:00-05:00,18.020036273715547,18.127741542339304,17.937185216176704,18.078031539916992,283800,0.0,0.0
2024-02-23 00:00:00-05:00,18.152596650387142,18.29344296882578,18.044891385817564,18.12774085998535,327400,0.0,0.0
2024-02-26 00:00:00-05:00,18.061462660269616,18.152598989902785,18.036608446917025,18.069747924804688,229200,0.0,0.0
2024-02-27 00:00:00-05:00,18.102884848876343,18.218875365373904,17.97860906973577,18.20230484008789,366200,0.0,0.0
2024-02-28 00:00:00-05:00,18.202308070962317,18.227254702112987,18.069262543547666,18.085893630981445,213000,0.08,0.0
2024-02-29 00:00:00-05:00,18.152414321899414,18.152414321899414,18.02768435244433,18.152414321899414,304700,0.0,0.0
2024-03-01 00:00:00-05:00,17.312568627140546,17.59529082028157,17.212785256636703,17.52045249938965,2984400,0.0,0.0
2024-03-04 00:00:00-05:00,17.54539364413386,17.670123611243,17.445608718829998,17.487186431884766,695200,0.0,0.0
2024-03-05 00:00:00-05:00,17.445610451849735,17.520448756755055,17.27930434119282,17.345827102661133,758000,0.0,0.0
2024-03-06 00:00:00-05:00,17.404032591802814,17.54539364413386,17.362454878748046,17.487186431884766,629300,0.0,0.0
2024-03-07 00:00:00-05:00,17.545399066462235,17.545399066462235,17.088053597684674,17.412353515625,770300,0.0,0.0
2024-03-08 00:00:00-05:00,17.462242873593773,17.578657318555482,17.379089018894895,17.512134552001953,557100,0.0,0.0
2024-03-11 00:00:00-04:00,17.512136428184323,17.778227522906406,17.503820883220754,17.720020294189453,520800,0.0,0.0
2024-03-12 00:00:00-04:00,17.7449649277116,17.836434325966437,17.645179985431064,17.81980323791504,307800,0.0,0.0
2024-03-13 00:00:00-04:00,17.86969693147763,17.894643566368337,17.720020294189453,17.720020294189453,381600,0.0,0.0
2024-03-14 00:00:00-04:00,17.728515896387183,17.73701489981536,17.43105726047763,17.448055267333984,375300,0.46,0.0
2024-03-15 00:00:00-04:00,17.473554653638324,17.70302293563201,17.473554653638324,17.62653350830078,457800,0.0,0.0
2024-03-18 00:00:00-04:00,17.62653103932563,17.694521451761034,17.567039631072067,17.575538635253906,308200,0.0,0.0
2024-03-19 00:00:00-04:00,17.61803287820218,17.745514704991404,17.516048065178545,17.643529891967773,296200,0.0,0.0
2024-03-20 00:00:00-04:00,17.635031164060415,17.686023571372264,17.473553316383587,17.67752456665039,395800,0.0,0.0
2024-03-21 00:00:00-04:00,17.703021078738722,17.822003899431692,17.66902668183474,17.779510498046875,267100,0.0,0.0
2024-03-22 00:00:00-04:00,17.77950936870798,17.77950936870798,17.63502954374974,17.694520950317383,216700,0.0,0.0
2024-03-25 00:00:00-04:00,17.67752730343122,17.847504182145226,17.67752730343122,17.74551773071289,232600,0.0,0.0
2024-03-26 00:00:00-04:00,17.83050007617236,17.915488486483028,17.73701428374781,17.85599708557129,368700,0.0,0.0
2024-03-27 00:00:00-04:00,17.949485004427284,18.102462202071024,17.932486997682712,18.051469802856445,396600,0.0,0.0
2024-03-28 00:00:00-04:00,18.119458530692615,18.289435340357773,18.11095952810746,18.21294593811035,959300,0.0,0.0
2024-04-01 00:00:00-04:00,18.229946702710887,18.229946702710887,17.95798344187631,17.98348045349121,505500,0.0,0.0
2024-04-02 00:00:00-04:00,17.940985495881957,18.00897589992667,17.838999079305335,17.85599708557129,390200,0.0,0.0
2024-04-03 00:00:00-04:00,17.872997703271455,17.96648350935527,17.847500690147143,17.915491104125977,271500,0.0,0.0
2024-04-04 00:00:00-04:00,17.98348503670857,18.0004830487839,17.720022333619546,17.74551773071289,246900,0.0,0.0
2024-04-05 00:00:00-04:00,17.779509154384517,17.84749956407355,17.720017748534016,17.830501556396484,352700,0.0,0.0
2024-04-08 00:00:00-04:00,17.847502968100528,17.872999984479137,17.754015529065178,17.78801155090332,206700,0.0,0.0
2024-04-09 00:00:00-04:00,17.82200226908421,17.8899926776918,17.77100986788332,17.81350326538086,223900,0.0,0.0
2024-04-10 00:00:00-04:00,17.69452531550655,17.847504182145226,17.669029918413205,17.74551773071289,303600,0.0,0.0
2024-04-11 00:00:00-04:00,17.72851513918916,17.88999133437028,17.669023738752003,17.847497940063477,344200,0.0,0.0
2024-04-12 00:00:00-04:00,17.847499066088574,17.90699047027913,17.601032824705758,17.635028839111328,236700,0.0,0.0
2024-04-15 00:00:00-04:00,17.720018749006694,17.847500571743854,17.53304389604082,17.59253692626953,332300,0.0,0.0
2024-04-16 00:00:00-04:00,17.592538923930682,17.592538923930682,17.337573628485313,17.465055465698242,635900,0.0,0.0
2024-04-17 00:00:00-04:00,17.52454271252352,17.762508297757947,17.47354869767131,17.609529495239258,789400,0.0,0.0
2024-04-18 00:00:00-04:00,17.677526893001442,17.788012347906236,17.592540076637285,17.70302391052246,454100,0.0,0.0
2024-04-19 00:00:00-04:00,17.652026638212018,17.84749885568203,17.64352763471082,17.77100944519043,498200,0.0,0.0
2024-04-22 00:00:00-04:00,17.805008037707097,18.15345912662281,17.771012018779025,18.127962112426758,413700,0.0,0.0
2024-04-23 00:00:00-04:00,18.127960562549042,18.15345757456519,17.966482728485307,18.000478744506836,343900,0.0,0.0
2024-04-24 00:00:00-04:00,17.957983158737953,18.034472571357433,17.949485776019532,17.966482162475586,261000,0.0,0.0
2024-04-25 00:00:00-04:00,17.898489711263267,17.98347811792267,17.847497315675238,17.95798110961914,283800,0.0,0.0
2024-04-26 00:00:00-04:00,17.94948784410004,18.47641316839016,17.92399082994946,18.4254207611084,473600,0.0,0.0
2024-04-29 00:00:00-04:00,18.459415299942112,18.64639016310227,18.43391990661621,18.43391990661621,394200,0.0,0.0
2024-04-30 00:00:00-04:00,18.38292587792558,18.578399745867507,18.357430484599675,18.43391990661621,327600,0.0,0.0
2024-05-01 00:00:00-04:00,18.45941247325869,18.637888304307136,18.433917083836885,18.510406494140625,340500,0.0,0.0
2024-05-02 00:00:00-04:00,18.323431411492525,18.493408236758977,17.618030342369302,17.754011154174805,1012500,0.0,0.0
2024-05-03 00:00:00-04:00,17.923987489616003,18.00897589992667,17.60953085777226,17.85599708557129,469700,0.0,0.0
2024-05-06 00:00:00-04:00,17.98348123831525,18.034473642751195,17.839001408230647,17.88149642944336,642200,0.0,0.0
2024-05-07 00:00:00-04:00,17.932488692143824,17.966483087826,17.85599927558481,17.872997283935547,307900,0.0,0.0
2024-05-08 00:00:00-04:00,17.864499949662026,18.076970210849197,17.830503929782743,18.025976181030273,285800,0.0,0.0
2024-05-09 00:00:00-04:00,18.000480702253736,18.19595295257946,17.991981697323993,18.153459548950195,219700,0.0,0.0
2024-05-10 00:00:00-04:00,18.280936713289403,18.450911905427102,18.280936713289403,18.399919509887695,344700,0.0,0.0
2024-05-13 00:00:00-04:00,18.40842311692509,18.442419136467063,18.289440290567054,18.3149356842041,305000,0.0,0.0
2024-05-14 00:00:00-04:00,18.32343039011599,18.535900599346064,18.289435999569086,18.41691780090332,281600,0.0,0.0
2024-05-15 00:00:00-04:00,18.484907536759405,18.518903547100035,18.204446935525194,18.21294593811035,305000,0.0,0.0
2024-05-16 00:00:00-04:00,18.27243767402318,18.314931066717953,18.09396347948232,18.102460861206055,416700,0.0,0.0
2024-05-17 00:00:00-04:00,18.161958922457497,18.161958922457497,18.008980072656495,18.0429744720459,263700,0.0,0.0
2024-05-20 00:00:00-04:00,18.03447376335091,18.229947620197937,18.03447376335091,18.204450607299805,266300,0.0,0.0
2024-05-21 00:00:00-04:00,18.238446261254097,18.34893170374607,18.20445186273156,18.3149356842041,251000,0.0,0.0
2024-05-22 00:00:00-04:00,18.27243917128619,18.36592658809797,18.059968948364258,18.059968948364258,371700,0.0,0.0
2024-05-23 00:00:00-04:00,18.357430519623996,18.357430519623996,18.110964243540607,18.13646125793457,410600,0.0,0.0
2024-05-24 00:00:00-04:00,18.178954626221287,18.43391990661621,18.170455621439515,18.43391990661621,316900,0.0,0.0
2024-05-28 00:00:00-04:00,18.433918780493105,18.535903589605322,18.33193235036158,18.34893035888672,390200,0.0,0.0
2024-05-29 00:00:00-04:00,18.280938469741052,18.450913678210146,18.20444905857325,18.374425888061523,285500,0.0,0.0
2024-05-30 00:00:00-04:00,18.459411139116533,18.58689456108842,18.425416748671328,18.561397552490234,244500,0.0,0.0
2024-05-31 00:00:00-04:00,18.6040116913887,18.79150000160623,18.569923646569578,18.75741195678711,292200,0.06,0.0
2024-06-03 00:00:00-04:00,18.748887162543674,18.876720159009526,18.629576582573513,18.689231872558594,663000,0.0,0.0
2024-06-04 00:00:00-04:00,18.64661884907349,18.774453464572872,18.50174102692756,18.510263442993164,477200,0.0,0.0
2024-06-05 00:00:00-04:00,18.527309969778184,18.67218780517578,18.365387300690326,18.67218780517578,424200,0.0,0.0
2024-06-06 00:00:00-04:00,18.61253233493636,18.68071004356128,18.48469933445023,18.561399459838867,272900,0.0,0.0
2024-06-07 00:00:00-04:00,18.484700650516974,18.655144121472055,18.484700650516974,18.646621704101562,269100,0.0,0.0
2024-06-10 00:00:00-04:00,18.604012600266252,18.68923515470492,18.50174520984284,18.544357299804688,474900,0.0,0.0
2024-06-11 00:00:00-04:00,18.535834421906216,18.68071227321178,18.450611869582062,18.476179122924805,227000,0.0,0.0
2024-06-12 00:00:00-04:00,18.663667437649952,18.663667437649952,18.40800140616248,18.476179122924805,243600,0.0,0.0
2024-06-13 00:00:00-04:00,18.501744895421197,18.518789731116275,18.237556444087502,18.280168533325195,312100,0.0,0.0
2024-06-14 00:00:00-04:00,18.280164252972536,18.367254458716218,18.158238961595888,18.297582626342773,274400,0.46,0.0
2024-06-17 00:00:00-04:00,18.236621955536872,18.480472564697266,18.21920358028036,18.480472564697266,351600,0.0,0.0
2024-06-18 00:00:00-04:00,18.497888299120874,18.515306671890666,18.34983545279253,18.445634841918945,309900,0.0,0.0
2024-06-20 00:00:00-04:00,18.454344293620412,18.558851209526757,18.42821673409009,18.497888565063477,243700,0.0,0.0
2024-06-21 00:00:00-04:00,18.48047542364104,18.48047542364104,18.31500581642898,18.454349517822266,410700,0.0,0.0
2024-06-24 00:00:00-04:00,18.463056820069838,18.60240050722368,18.410801691556312,18.515310287475586,431200,0.0,0.0
2024-06-25 00:00:00-04:00,18.593690553892632,18.593690553892632,18.41080093383789,18.41080093383789,233700,0.0,0.0
2024-06-26 00:00:00-04:00,18.34983568422162,18.497888532417214,18.332417311232145,18.436925888061523,211900,0.0,0.0
2024-06-27 00:00:00-04:00,18.44563421618916,18.61110542967403,18.428215844010246,18.593687057495117,252400,0.0,0.0
2024-06-28 00:00:00-04:00,18.698193968353795,18.706903154443253,18.55885031313729,18.593687057495117,327900,0.0,0.0
2024-07-01 00:00:00-04:00,18.68948910900586,18.741744237640006,18.532728706426763,18.637235641479492,363100,0.0,0.0
2024-07-02 00:00:00-04:00,18.637232006769054,18.95946525940524,18.593687735840565,18.950756072998047,482400,0.0,0.0
2024-07-03 00:00:00-04:00,18.968174911767733,19.05526345576405,18.933338165283203,18.933338165283203,181000,0.0,0.0
2024-07-05 00:00:00-04:00,18.95075700491023,19.011719651650967,18.854957610827622,18.91592025756836,200500,0.0,0.0
2024-07-08 00:00:00-04:00,18.915919327369288,18.994300343926536,18.88108424284799,18.950756072998047,172500,0.0,0.0
2024-07-09 00:00:00-04:00,18.90721607049208,18.933343637907566,18.846253407630588,18.88109016418457,163600,0.0,0.0
2024-07-10 00:00:00-04:00,18.915920562367237,19.046556705896702,18.8985038495232,19.0378475189209,199100,0.0,0.0
2024-07-11 00:00:00-04:00,19.029137089555295,19.046555462369675,18.915919327369288,18.950756072998047,312300,0.0,0.0
2024-07-12 00:00:00-04:00,18.97688487119785,19.159772814366995,18.97688487119785,19.0378475189209,224300,0.0,0.0
2024-07-15 00:00:00-04:00,19.090103340127367,19.090103340127367,18.915922901289342,18.959468841552734,284600,0.0,0.0
2024-07-16 00:00:00-04:00,19.020434091782274,19.055269187637787,18.811418533325195,18.811418533325195,340900,0.0,0.0
2024-07-17 00:00:00-04:00,18.820122959885335,18.924629882113017,18.70690518951317,18.837539672851562,368600,0.0,0.0
2024-07-18 00:00:00-04:00,18.759164313054914,18.872380446468444,18.5849838573794,18.7069091796875,364000,0.0,0.0
2024-07-19 00:00:00-04:00,18.73303500629194,18.785288473697683,18.515310287475586,18.515310287475586,208300,0.0,0.0
2024-07-22 00:00:00-04:00,18.49789104987401,18.75916169695116,18.463055960261677,18.733034133911133,273400,0.0,0.0
2024-07-23 00:00:00-04:00,18.724324125402113,18.75916087459499,18.489181051673093,18.50659942626953,264800,0.0,0.0
2024-07-24 00:00:00-04:00,18.532726906173327,18.532726906173327,18.184366060216277,18.323711395263672,573300,0.0,0.0
2024-07-25 00:00:00-04:00,18.358547867480244,18.489182364010528,18.193076619284415,18.210494995117188,779900,0.0,0.0
2024-07-26 00:00:00-04:00,18.288873439657653,18.32371018639813,18.158238961595888,18.297582626342773,414800,0.0,0.0
2024-07-29 00:00:00-04:00,18.44563977962218,18.44563977962218,18.18436910145822,18.219205856323242,248700,0.0,0.0
2024-07-30 00:00:00-04:00,18.32371018639813,18.32371018639813,18.158238961595888,18.297582626342773,209500,0.0,0.0
2024-07-31 00:00:00-04:00,18.2975825632954,18.358545208773666,18.07985788024016,18.175657272338867,296600,0.0,0.0
2024-08-01 00:00:00-04:00,18.35854591520964,18.35854591520964,17.83600632354826,18.1495304107666,365300,0.0,0.0
2024-08-02 00:00:00-04:00,18.02760685871903,18.114695414829345,17.74891783139973,17.77504539489746,361200,0.0,0.0
2024-08-05 00:00:00-04:00,17.30476096130124,17.417977081443215,16.982527654407136,17.391849517822266,675200,0.0,0.0
2024-08-06 00:00:00-04:00,17.52248580070078,17.775045606420072,17.487649048955912,17.705373764038086,371200,0.0,0.0
2024-08-07 00:00:00-04:00,17.731499885112555,17.96664129582699,17.670537235627048,17.68795394897461,366200,0.0,0.0
2024-08-08 00:00:00-04:00,17.94051695728021,18.010188800059428,17.740210616928426,17.957935333251953,251800,0.0,0.0
2024-08-09 00:00:00-04:00,17.984060521257856,17.992769708897548,17.82729846595877,17.975351333618164,158800,0.0,0.0
2024-08-12 00:00:00-04:00,18.018896515356367,18.07985916516722,17.844716092090252,17.879552841186523,220200,0.0,0.0
2024-08-13 00:00:00-04:00,17.879554302486863,17.98406123610181,17.879554302486863,17.957935333251953,149600,0.0,0.0
2024-08-14 00:00:00-04:00,17.98405517348766,18.001473543587487,17.8272931648036,17.836002349853516,196900,0.0,0.0
2024-08-15 00:00:00-04:00,17.905680965474694,18.21920510184489,17.905680965474694,18.114696502685547,186000,0.0,0.0
2024-08-16 00:00:00-04:00,18.053734324655725,18.193078019829397,18.045025136068887,18.105989456176758,173800,0.0,0.0
2024-08-19 00:00:00-04:00,18.14082338616889,18.367257291583407,18.079860731078014,18.201786041259766,310200,0.0,0.0
2024-08-20 00:00:00-04:00,18.166951377230035,18.22791403375371,18.045024403074876,18.062442779541016,181000,0.0,0.0
2024-08-21 00:00:00-04:00,18.062438268242463,18.175656025887132,18.04501989612676,18.088565826416016,301900,0.0,0.0
2024-08-22 00:00:00-04:00,18.114693895602688,18.271455941226453,17.99276859838758,18.14082145690918,289600,0.0,0.0
2024-08-23 00:00:00-04:00,18.24533062987485,18.384674305791446,18.15824041715007,18.375965118408203,227100,0.0,0.0
2024-08-26 00:00:00-04:00,18.375963645401335,18.463053851145016,18.288873439657653,18.297582626342773,207300,0.0,0.0
2024-08-27 00:00:00-04:00,18.306294003327505,18.480472774547387,18.21920378716371,18.41080093383789,246500,0.0,0.0
2024-08-28 00:00:00-04:00,18.393383232233557,18.480471782615197,18.297583833484605,18.323711395263672,214100,0.0,0.0
2024-08-29 00:00:00-04:00,18.332417080022736,18.497888299120874,18.332417080022736,18.445634841918945,197200,0.0,0.0
2024-08-30 00:00:00-04:00,18.445636021500015,18.58537554951068,18.445636021500015,18.550439834594727,345900,0.06,0.0
2024-09-03 00:00:00-04:00,18.401965017562908,18.55917239141062,18.401965017562908,18.52423667907715,257100,0.0,0.0
2024-09-04 00:00:00-04:00,18.55043810577147,18.629041791180253,18.471834420362683,18.541704177856445,196500,0.0,0.0
2024-09-05 00:00:00-04:00,18.58537524361076,18.716380840736193,18.541705600684587,18.64651107788086,294700,0.0,0.0
2024-09-06 00:00:00-04:00,18.646514271294937,18.65524820137595,18.401969226507052,18.5155086517334,268900,0.0,0.0
2024-09-09 00:00:00-04:00,18.559173891554327,18.690179491741155,18.45436841190891,18.463102340698242,311200,0.0,0.0
2024-09-10 00:00:00-04:00,18.428168060300337,18.524237944125233,18.279694604396518,18.393232345581055,238000,0.0,0.0
2024-09-11 00:00:00-04:00,18.410700254982896,18.4805700187924,18.20109096355439,18.47183609008789,285600,0.0,0.0
2024-09-12 00:00:00-04:00,18.489305720822234,18.611577402759405,18.489305720822234,18.559175491333008,266100,0.0,0.0
2024-09-13 00:00:00-04:00,18.637777916985804,18.707647682719074,18.56790815125253,18.6901798248291,272300,0.0,0.0
2024-09-16 00:00:00-04:00,18.672333795420577,18.734812651183894,18.529524495841237,18.62770652770996,239700,0.46,0.0
2024-09-17 00:00:00-04:00,18.627702467761264,18.663403933664316,18.467041615145607,18.475967407226562,338900,0.0,0.0
2024-09-18 00:00:00-04:00,18.48489625689984,18.57415249827284,18.208203440822626,18.252832412719727,553700,0.0,0.0
2024-09-19 00:00:00-04:00,18.458116957163952,18.52059580314868,18.29745609467701,18.404563903808594,410500,0.0,0.0
2024-09-20 00:00:00-04:00,18.35101230869551,18.404567073695674,18.208203006870733,18.306385040283203,320700,0.0,0.0
2024-09-23 00:00:00-04:00,18.351009148032364,18.404563903808594,18.24390304132165,18.404563903808594,307300,0.0,0.0
2024-09-24 00:00:00-04:00,18.404564554249923,18.449191816553096,18.279605155443367,18.297456741333008,260800,0.0,0.0
2024-09-25 00:00:00-04:00,18.243900933352627,18.279602397324158,18.127867344998627,18.13679313659668,259800,0.0,0.0
2024-09-26 00:00:00-04:00,18.145721181930664,18.30638204580866,18.145721181930664,18.26175308227539,216500,0.0,0.0
2024-09-27 00:00:00-04:00,18.333158842285137,18.48489220622165,18.306381465014724,18.45811653137207,186900,0.0,0.0
2024-09-30 00:00:00-04:00,18.475967159944307,18.583073258640727,18.252827468169237,18.32423210144043,469700,0.0,0.0
2024-10-01 00:00:00-04:00,18.252826434801225,18.34208094452159,18.06538821906303,18.101091384887695,455600,0.0,0.0
2024-10-02 00:00:00-04:00,18.101092869092355,18.27067781340274,18.07431549252824,18.154645919799805,250700,0.0,0.0
2024-10-03 00:00:00-04:00,18.154645674493214,18.342082200647024,18.154645674493214,18.27067756652832,269700,0.0,0.0
2024-10-04 00:00:00-04:00,18.333157293177393,18.386710340772286,18.208197912228396,18.315305709838867,200000,0.0,0.0
2024-10-07 00:00:00-04:00,18.315307838515313,18.413488153446732,18.26175308227539,18.26175308227539,272000,0.0,0.0
2024-10-08 00:00:00-04:00,18.270678874982046,18.297456253102006,18.16357276734397,18.26175308227539,181300,0.0,0.0
2024-10-09 00:00:00-04:00,18.22605258226132,18.28853143210665,18.092169089389753,18.127870559692383,211700,0.0,0.0
2024-10-10 00:00:00-04:00,18.118944823436077,18.234978432731364,18.110020732648117,18.217126846313477,197400,0.0,0.0
2024-10-11 00:00:00-04:00,18.261753569553726,18.33315991311229,18.217126307250556,18.297456741333008,276200,0.0,0.0
2024-10-14 00:00:00-04:00,18.31530866717907,18.458117952105066,18.270679701626594,18.422414779663086,196600,0.0,0.0
2024-10-15 00:00:00-04:00,18.52952159577805,18.52952159577805,18.37778652592048,18.404563903808594,237900,0.0,0.0
2024-10-16 00:00:00-04:00,18.48489650740008,18.65448319806483,18.47597241532093,18.645557403564453,207500,0.0,0.0
2024-10-17 00:00:00-04:00,18.70803340806675,18.70803340806675,18.484893686868887,18.51167106628418,197400,0.0,0.0
2024-10-18 00:00:00-04:00,18.520596320694256,18.64555401615557,18.47596905872119,18.59200096130371,219100,0.0,0.0
2024-10-21 00:00:00-04:00,18.547373638931266,18.592000900759,18.404564358177414,18.502744674682617,209800,0.0,0.0
2024-10-22 00:00:00-04:00,18.493817823091568,18.538446784785283,18.368860135190804,18.39563751220703,202200,0.0,0.0
2024-10-23 00:00:00-04:00,18.386711829534935,18.45811646624995,18.26175243846804,18.368860244750977,198600,0.0,0.0
2024-10-24 00:00:00-04:00,18.29745702772093,18.538448333740234,18.29745702772093,18.538448333740234,357700,0.0,0.0
2024-10-25 00:00:00-04:00,18.574149745066403,18.574149745066403,18.36886161203277,18.44919204711914,307200,0.0,0.0
2024-10-28 00:00:00-04:00,18.467041655936693,18.529520498220617,18.33315817926817,18.359933853149414,291500,0.0,0.0
2024-10-29 00:00:00-04:00,18.34208251600919,18.34208251600919,18.145720194411815,18.2439022064209,292900,0.0,0.0
2024-10-30 00:00:00-04:00,18.217126846313477,18.315308869190876,18.181425375898684,18.217126846313477,247700,0.0,0.0
2024-10-31 00:00:00-04:00,18.199274661796306,18.306382474362668,18.154647399639195,18.208200454711914,329600,0.0,0.0
2024-11-01 00:00:00-04:00,18.226049773074433,18.25282714848993,17.985058501597088,18.083240509033203,421000,0.0,0.0
2024-11-04 00:00:00-05:00,18.09216940747697,18.09216940747697,17.7351461860688,17.89580535888672,487700,0.0,0.0
2024-11-05 00:00:00-05:00,17.886881805317937,18.02076530456543,17.815475456470143,18.02076530456543,419400,0.0,0.0
2024-11-06 00:00:00-05:00,18.2349755648796,18.2349755648796,17.57448229308373,18.083240509033203,978600,0.0,0.0
2024-11-07 00:00:00-05:00,18.065390612293694,18.065390612293694,17.619111194887957,17.663740158081055,701700,0.0,0.0
2024-11-08 00:00:00-05:00,17.654812307246605,18.18142209458694,17.57448188528481,18.13679313659668,609400,0.0,0.0
2024-11-11 00:00:00-05:00,18.136794619961176,18.28852968469675,18.074315776085495,18.19034767150879,418200,0.0,0.0
2024-11-12 00:00:00-05:00,18.17249778927346,18.297455477024823,18.11001894539778,18.19034767150879,420500,0.0,0.0
2024-11-13 00:00:00-05:00,18.154647399639195,18.34208394360417,18.136795813807982,18.208200454711914,285300,0.0,0.0
2024-11-14 00:00:00-05:00,18.18142251646932,18.226049773074433,18.02968746062292,18.083240509033203,245700,0.0,0.0
2024-11-15 00:00:00-05:00,18.145719420134192,18.181422587494332,18.02968753105519,18.172496795654297,255700,0.0,0.0
2024-11-18 00:00:00-05:00,18.172499044947383,18.31530832722265,18.145721666112923,18.297456741333008,214600,0.0,0.0
2024-11-19 00:00:00-05:00,18.208201388882415,18.37778805813773,18.181425711182793,18.342084884643555,214300,0.0,0.0
2024-11-20 00:00:00-05:00,18.37778597167106,18.37778597167106,18.172497854649347,18.279603958129883,236000,0.0,0.0
2024-11-21 00:00:00-05:00,18.29745631489659,18.431339801106773,18.261753143949395,18.351009368896484,242100,0.0,0.0
2024-11-22 00:00:00-05:00,18.431341113919565,18.636629254225344,18.404565436222907,18.547374725341797,371500,0.0,0.0
2024-11-25 00:00:00-05:00,18.627700987647607,18.73480707926713,18.55629635909438,18.6901798248291,384200,0.0,0.0
2024-11-26 00:00:00-05:00,18.64555086797044,18.797285916448626,18.583072030788944,18.6901798248291,182600,0.0,0.0
2024-11-27 00:00:00-05:00,18.672329268361498,18.94902200641037,18.672329268361498,18.913320541381836,263400,0.0,0.0
2024-11-29 00:00:00-05:00,18.958056823797644,19.459071520780245,18.958056823797644,19.217510223388672,382200,0.05,0.0
2024-12-02 00:00:00-05:00,19.244347816871077,19.42328075499341,19.136986688839887,19.1906681060791,492900,0.0,0.0
2024-12-03 00:00:00-05:00,19.271192392622726,19.324872114186565,19.029631085914094,19.154884338378906,320300,0.0,0.0
2024-12-04 00:00:00-05:00,19.14593666054641,19.27119161440067,18.99384270021785,19.253297805786133,219800,0.0,0.0
2024-12-05 00:00:00-05:00,19.21751115874382,19.25329877777962,19.02068437338972,19.23540496826172,368800,0.0,0.0
2024-12-06 00:00:00-05:00,19.253299436508254,19.36065888439363,19.163832092305334,19.324872970581055,218100,0.0,0.0
2024-12-09 00:00:00-05:00,19.32486897897787,19.42328150147082,19.163828133965566,19.208560943603516,344200,0.0,0.0
2024-12-10 00:00:00-05:00,19.208562382402835,19.244349997951677,19.092256044763968,19.199615478515625,249700,0.0,0.0
2024-12-11 00:00:00-05:00,19.208561677057116,19.208561677057116,19.101202247247738,19.14593505859375,130900,0.0,0.0
2024-12-12 00:00:00-05:00,19.19067172549151,19.235404541847014,19.083310577211716,19.110151290893555,267400,0.0,0.0
2024-12-13 00:00:00-05:00,19.119096755981445,19.172776472856025,19.038576327445856,19.119096755981445,303200,0.0,0.0
2024-12-16 00:00:00-05:00,19.082525267548498,19.192246520911606,18.78993118927515,18.881366729736328,497900,0.46,0.0
2024-12-17 00:00:00-05:00,18.780785818454003,18.98194257600771,18.707636004084403,18.917938232421875,307900,0.0,0.0
2024-12-18 00:00:00-05:00,18.972800306484107,19.16481335198985,18.634489364989804,18.66192054748535,312500,0.0,0.0
2024-12-19 00:00:00-05:00,18.76250103706991,19.09166652867597,18.725926124676008,19.018518447875977,480100,0.0,0.0
2024-12-20 00:00:00-05:00,18.908795114446548,19.320252369598165,18.908795114446548,19.201387405395508,477500,0.0,0.0
2024-12-23 00:00:00-05:00,19.119098864722883,19.210534407227982,18.890510880454087,19.137386322021484,310700,0.0,0.0
2024-12-24 00:00:00-05:00,19.13738415362291,19.329397201538086,19.13738415362291,19.329397201538086,83100,0.0,0.0
2024-12-26 00:00:00-05:00,19.237961268579767,19.356826226324618,19.237961268579767,19.292821884155273,158200,0.0,0.0
2024-12-27 00:00:00-05:00,19.320253473924833,19.393401550843144,19.256249124619774,19.329397201538086,210000,0.0,0.0
2024-12-30 00:00:00-05:00,19.301967161743498,19.53055511299489,19.247104797772046,19.475692749023438,272900,0.0,0.0
2024-12-31 00:00:00-05:00,19.53055511299489,19.585415732978678,19.42083212903965,19.475692749023438,390900,0.0,0.0
2025-01-02 00:00:00-05:00,19.42082987602711,19.58541346087278,19.40254242349149,19.429973602294922,265300,0.0,0.0
2025-01-03 00:00:00-05:00,19.448265075683594,19.466552532000076,19.35682953808901,19.448265075683594,224500,0.0,0.0
2025-01-06 00:00:00-05:00,19.51226857347588,19.51226857347588,19.183101350159667,19.356828689575195,356000,0.0,0.0
2025-01-07 00:00:00-05:00,19.37511539023784,19.37511539023784,19.192244330189524,19.2745361328125,399200,0.0,0.0
2025-01-08 00:00:00-05:00,19.20138805759071,19.28367986021368,19.045948179745942,19.2745361328125,283900,0.0,0.0
2025-01-10 00:00:00-05:00,19.192245178777753,19.192245178777753,19.00023212682604,19.164813995361328,266500,0.0,0.0
2025-01-13 00:00:00-05:00,19.15567126584026,19.31111114450677,19.01851709808511,19.283679962158203,218100,0.0,0.0
2025-01-14 00:00:00-05:00,19.301965983032296,19.55798335664756,19.301965983032296,19.539697647094727,218900,0.0,0.0
2025-01-15 00:00:00-05:00,19.649420838612954,19.67685202165732,19.42997660622122,19.557985305786133,298300,0.0,0.0
2025-01-16 00:00:00-05:00,19.567127391144084,19.814002785859245,19.521410500561682,19.79571533203125,300000,0.0,0.0
2025-01-17 00:00:00-05:00,19.823146512773242,19.914582037925626,19.749998441448852,19.79571533203125,203300,0.0,0.0
2025-01-21 00:00:00-05:00,19.79571456419889,20.243746701681044,19.79571456419889,20.124881744384766,551700,0.0,0.0
2025-01-22 00:00:00-05:00,20.070021968584587,20.161455750027724,19.951155262328363,20.015159606933594,320500,0.0,0.0
2025-01-23 00:00:00-05:00,20.024306392354436,20.161458829455164,19.996876951327003,20.134029388427734,183000,0.0,0.0
2025-01-24 00:00:00-05:00,20.11574022951184,20.161457123347464,20.070023335676215,20.152315139770508,194400,0.0,0.0
2025-01-27 00:00:00-05:00,20.14317141220584,20.28946756526509,20.070023335676215,20.152315139770508,260700,0.0,0.0
2025-01-28 00:00:00-05:00,20.20717631002877,20.25289320510614,20.097453320260236,20.216320037841797,199700,0.0,0.0
2025-01-29 00:00:00-05:00,20.207176821748376,20.371760438575166,20.015162020787855,20.060880661010742,305600,0.0,0.0
2025-01-30 00:00:00-05:00,20.17974084462147,20.38089932584839,20.152311410990446,20.371755599975586,197100,0.0,0.0
2025-01-31 00:00:00-05:00,20.371758203644767,20.49976689424976,20.316895841396104,20.463191986083984,296100,0.0,0.0
2025-02-03 00:00:00-05:00,20.198032821599828,20.508912594976138,20.143172198059236,20.454051971435547,236000,0.0,0.0
2025-02-04 00:00:00-05:00,20.545482283996762,20.545482283996762,20.335181809375236,20.499765396118164,208600,0.0,0.0
2025-02-05 00:00:00-05:00,20.499764836925998,20.499764836925998,20.23460201129828,20.435760498046875,290100,0.0,0.0
2025-02-06 00:00:00-05:00,20.49062310863205,20.49062310863205,20.21631827412333,20.24374771118164,264800,0.0,0.0
2025-02-07 00:00:00-05:00,20.23460599203072,20.326041527269236,20.152315928702606,20.252893447875977,426100,0.0,0.0
2025-02-10 00:00:00-05:00,20.179746728614393,20.28032599855467,20.03345055996739,20.18889045715332,290300,0.0,0.0
2025-02-11 00:00:00-05:00,20.0974529157857,20.25289279750327,20.0974529157857,20.179744720458984,288300,0.0,0.0
2025-02-12 00:00:00-05:00,20.051737166489193,20.390046388139503,20.051737166489193,20.298612594604492,371400,0.0,0.0
2025-02-13 00:00:00-05:00,20.289467152199013,20.554628270225194,20.262035970063472,20.54548454284668,238400,0.0,0.0
2025-02-14 00:00:00-05:00,20.582057779974182,21.167242332748696,20.582057779974182,20.993515014648438,731100,0.0,0.0
2025-02-18 00:00:00-05:00,21.048380039367864,21.148957557117754,20.865508971479013,21.075809478759766,618000,0.0,0.0
2025-02-19 00:00:00-05:00,20.993518378556402,21.139816284179688,20.90208458552509,21.139816284179688,319900,0.0,0.0
2025-02-20 00:00:00-05:00,21.139813865374908,21.167243302550716,20.96608653931513,21.09409523010254,305600,0.0,0.0
2025-02-21 00:00:00-05:00,21.167244651401155,21.633564296969155,20.911227253512017,21.459836959838867,2304000,0.0,0.0
2025-02-24 00:00:00-05:00,21.56041617958146,21.60613307369405,21.322684493423008,21.441551208496094,588900,0.0,0.0
2025-02-25 00:00:00-05:00,21.44154892570272,21.47812208830145,21.194673538208008,21.194673538208008,461600,0.0,0.0
2025-02-26 00:00:00-05:00,21.222105534225665,21.50555586249983,21.176388639465443,21.267824172973633,316700,0.0,0.0
2025-02-27 00:00:00-05:00,21.35011542714071,21.450692941812278,21.203819274902344,21.203819274902344,554000,0.0,0.0
2025-02-28 00:00:00-05:00,21.268018542026216,21.59818063405925,21.268018542026216,21.56149673461914,373400,0.07,0.0
2025-03-03 00:00:00-05:00,21.570665355854572,21.70823302217468,21.29552827394658,21.41475486755371,666500,0.0,0.0
2025-03-04 00:00:00-05:00,21.32304414507203,21.405585101058904,20.891998291015625,20.891998291015625,536900,0.0,0.0
2025-03-05 00:00:00-05:00,20.9011717698361,20.937855670976127,20.543493675429318,20.77277374267578,528800,0.0,0.0
2025-03-06 00:00:00-05:00,20.64437306403748,20.74525683188639,20.32338068846453,20.36923599243164,417600,0.0,0.0
2025-03-07 00:00:00-05:00,20.4426087551451,20.809456461199943,20.369237464666284,20.745258331298828,427300,0.0,0.0
2025-03-10 00:00:00-04:00,20.58017788844239,20.91033997271526,20.56183506451946,20.671890258789062,636600,0.0,0.0
2025-03-11 00:00:00-04:00,20.671889540672474,20.745259084547452,20.112445675333337,20.25001335144043,648000,0.0,0.0
2025-03-12 00:00:00-04:00,20.32338523864746,20.433440441783493,20.15830330857747,20.32338523864746,362500,0.0,0.0
2025-03-13 00:00:00-04:00,20.40592504067447,20.43343927720737,20.094104023706993,20.13995933532715,399500,0.0,0.0
2025-03-14 00:00:00-04:00,20.327308422606652,20.420981222320147,20.177429799032108,20.4116153717041,505300,0.46,0.0
2025-03-17 00:00:00-04:00,20.355410409475724,20.645801818300868,20.33667513406232,20.53339195251465,331300,0.0,0.0
2025-03-18 00:00:00-04:00,20.514656424962272,20.870619506665097,20.477187661290184,20.833148956298828,300400,0.0,0.0
2025-03-19 00:00:00-04:00,20.833147854096985,20.983026474244195,20.739473269831457,20.795679092407227,249100,0.0,0.0
2025-03-20 00:00:00-04:00,20.692639580694223,20.973661583595835,20.692639580694223,20.945560455322266,299900,0.0,0.0
2025-03-21 00:00:00-04:00,20.926822883554607,21.170376093148636,20.8799864837725,21.057966232299805,947600,0.0,0.0
2025-03-24 00:00:00-04:00,21.12353683574882,21.151639746209796,20.95492473306508,20.992393493652344,304100,0.0,0.0
2025-03-25 00:00:00-04:00,21.076699949702324,21.207843288758394,21.03922940328974,21.189109802246094,214300,0.0,0.0
2025-03-26 00:00:00-04:00,21.1891119820276,21.24531602073435,20.983027528945886,21.076702117919922,153600,0.0,0.0
2025-03-27 00:00:00-04:00,21.02986426777305,21.301518591716537,20.917454411410677,21.123537063598633,469100,0.0,0.0
2025-03-28 00:00:00-04:00,21.057966009712498,21.13290532058822,20.805045165496654,20.926822662353516,310300,0.0,0.0
2025-03-31 00:00:00-04:00,20.90808848680799,21.01113071468789,20.598963589862493,20.964292526245117,694200,0.0,0.0
2025-04-01 00:00:00-04:00,20.92682433182343,21.19847868540927,20.89872141799279,21.011131286621094,494600,0.0,0.0
2025-04-02 00:00:00-04:00,20.879985809326172,21.029864427820616,20.776943589100963,20.879985809326172,311300,0.0,0.0
2025-04-03 00:00:00-04:00,20.467819213867188,20.730105909276684,20.374144628352035,20.467819213867188,488200,0.0,0.0
2025-04-04 00:00:00-04:00,19.96197841517757,19.96197841517757,18.940929139541772,19.0533390045166,1373800,0.0,0.0
2025-04-07 00:00:00-04:00,18.556863790311294,18.912826851961572,17.71379610819897,18.341413497924805,1391100,0.0,0.0
2025-04-08 00:00:00-04:00,18.87535546870543,19.175112694712013,17.798102267734013,17.947980880737305,820900,0.0,0.0
2025-04-09 00:00:00-04:00,17.685693535112197,19.259420858044315,17.404671564600367,19.09080696105957,1035900,0.0,0.0
2025-04-10 00:00:00-04:00,19.015868733627286,19.22195319132967,18.275843216197888,18.538131713867188,774500,0.0,0.0
2025-04-11 00:00:00-04:00,18.547498214246747,18.669275722914744,18.069761177762384,18.528764724731445,672200,0.0,0.0
2025-04-14 00:00:00-04:00,18.68800609389793,18.81914941955395,18.444452927184027,18.678638458251953,833400,0.0,0.0
2025-04-15 00:00:00-04:00,18.65053854859116,19.07207328693465,18.603702149528154,18.931560516357422,629100,0.0,0.0
2025-04-16 00:00:00-04:00,18.83788806946103,19.015867818574154,18.73484584556828,18.84725570678711,512000,0.0,0.0
2025-04-17 00:00:00-04:00,18.837888467444614,19.25942143585905,18.819153192396637,19.137645721435547,566500,0.0,0.0
2025-04-21 00:00:00-04:00,19.128275346958574,19.128275346958574,18.641168985573426,18.744211196899414,444300,0.0,0.0
2025-04-22 00:00:00-04:00,18.86598982512328,19.10954304365692,18.79105051070479,19.0533390045166,303700,0.0,0.0
2025-04-23 00:00:00-04:00,19.390565872192383,19.634117292218182,19.27815601267008,19.390565872192383,337500,0.0,0.0
2025-04-24 00:00:00-04:00,19.362461932049275,19.671586795946386,19.343726658675145,19.512340545654297,469700,0.0,0.0
2025-04-25 00:00:00-04:00,19.606014899152,19.680954205088085,19.399930467807273,19.596647262573242,307400,0.0,0.0
2025-04-28 00:00:00-04:00,19.66221996476407,19.783997459990783,19.58728065489151,19.690322875976562,192000,0.0,0.0
2025-04-29 00:00:00-04:00,19.60601558320963,19.671587254854764,19.3156259859123,19.55917739868164,360000,0.0,0.0
2025-04-30 00:00:00-04:00,19.465504988537724,19.493606113117025,18.997133854145815,19.44676971435547,510200,0.0,0.0
2025-05-01 00:00:00-04:00,19.952609453958527,20.280469602800753,19.231319270538517,19.25942039489746,796400,0.0,0.0
2025-05-02 00:00:00-04:00,19.29689147058424,19.65285275351811,19.24068743363555,19.54981231689453,468200,0.0,0.0
2025-05-05 00:00:00-04:00,19.409300008856256,19.652853223719845,19.371831245558713,19.38119888305664,355300,0.0,0.0
2025-05-06 00:00:00-04:00,19.315627385812906,19.606017004156232,19.315627385812906,19.54044532775879,318000,0.0,0.0
2025-05-07 00:00:00-04:00,19.53107769017427,19.746527994535636,19.502974777420718,19.54044532775879,468600,0.0,0.0
2025-05-08 00:00:00-04:00,19.568545602230078,19.849569357453415,19.502973928686195,19.82146644592285,419500,0.0,0.0
2025-05-09 00:00:00-04:00,19.830834461599554,20.008815997968625,19.821466824243906,19.924509048461914,356300,0.0,0.0
2025-05-12 00:00:00-04:00,20.186796134147936,20.692637840873243,20.149327370702085,20.430349349975586,602800,0.0,0.0
2025-05-13 00:00:00-04:00,20.430350071428943,21.020498750114946,20.34604311733094,20.851884841918945,574100,0.0,0.0
2025-05-14 00:00:00-04:00,20.95492602727723,21.095437014872232,20.6645346279942,20.97365951538086,701600,0.0,0.0
2025-05-15 00:00:00-04:00,20.983025470899573,21.076700050685865,20.851882131215163,20.88935089111328,327600,0.0,0.0
2025-05-16 00:00:00-04:00,20.93619190591004,21.310888489037787,20.93619190591004,21.254684448242188,337100,0.0,0.0
2025-05-19 00:00:00-04:00,21.104803053114196,21.43266140376194,21.104803053114196,21.348356246948242,373900,0.0,0.0
2025-05-20 00:00:00-04:00,21.273415002822908,21.601275137843462,21.10480290369525,21.591907501220703,520600,0.0,0.0
2025-05-21 00:00:00-04:00,21.526335857901767,21.573174041072882,21.104802929525704,21.132904052734375,503700,0.0,0.0
2025-05-22 00:00:00-04:00,21.132904436673094,21.20784374441437,20.964290547581726,21.020496368408203,448700,0.0,0.0
2025-05-23 00:00:00-04:00,20.93619089580893,21.161008834838867,20.93619089580893,21.161008834838867,453700,0.0,0.0
2025-05-27 00:00:00-04:00,21.348356927239845,21.545071943897057,21.26404998104559,21.526336669921875,511900,0.0,0.0
2025-05-28 00:00:00-04:00,21.507601812708064,21.657482220719746,21.47950068789483,21.601276397705078,397100,0.0,0.0
2025-05-29 00:00:00-04:00,21.60127297968536,21.79798975572154,21.50759840951069,21.704315185546875,787400,0.0,0.0
2025-05-30 00:00:00-04:00,21.685535540714863,21.892153249556543,21.591617748938507,21.873371124267578,538700,0.06,0.0
2025-06-02 00:00:00-04:00,21.85458732684638,21.91093728568639,21.638577658515604,21.770061492919922,355200,0.0,0.0
2025-06-03 00:00:00-04:00,21.77945407683079,22.033029794560463,21.77945407683079,21.92972183227539,356600,0.0,0.0
2025-06-04 00:00:00-04:00,21.94850639814201,22.03303044566105,21.798236846923828,21.798236846923828,451100,0.0,0.0
2025-06-05 00:00:00-04:00,21.817019374402033,21.901545207867468,21.49769995716215,21.873371124267578,438900,0.0,0.0
2025-06-06 00:00:00-04:00,21.967285329125264,22.02363707438467,21.910935375198598,21.95789337158203,258000,0.0,0.0
2025-06-09 00:00:00-04:00,22.061205083992586,22.305390627932,21.948505166071563,22.05181312561035,542400,0.0,0.0
2025-06-10 00:00:00-04:00,22.07059704237482,22.16451483486427,21.97667924988537,22.05181312561035,251200,0.0,0.0
2025-06-11 00:00:00-04:00,22.098772917521526,22.21147283544255,21.97667924988537,22.05181312561035,337700,0.0,0.0
2025-06-12 00:00:00-04:00,21.97668080316749,22.126948565238173,21.910938881178193,22.070598602294922,340600,0.0,0.0
2025-06-13 00:00:00-04:00,21.97668035778415,22.079990113863936,21.88276256056007,21.901546478271484,335700,0.0,0.0
2025-06-16 00:00:00-04:00,22.01651392415484,22.16980543584251,21.527896545383285,21.537477493286133,457700,0.46,0.0
2025-06-17 00:00:00-04:00,21.479993715826758,21.75783389656169,21.384186063808897,21.748254776000977,447200,0.0,0.0
2025-06-18 00:00:00-04:00,21.719512781901663,22.188968285038552,21.652447971079113,22.09316062927246,454700,0.0,0.0
2025-06-20 00:00:00-04:00,22.083580052593124,22.22729245235025,22.04525808606921,22.188968658447266,506900,0.0,0.0
2025-06-23 00:00:00-04:00,22.179386321464758,22.275193972845262,21.805738491197655,21.9111270904541,534500,0.0,0.0
2025-06-24 00:00:00-04:00,22.00693273332629,22.2464509461167,21.939867926125608,22.179386138916016,530700,0.0,0.0
2025-06-25 00:00:00-04:00,22.07400093149645,22.275195367349912,21.968612325642308,22.188968658447266,299600,0.0,0.0
2025-06-26 00:00:00-04:00,22.227292146551683,22.677585754442298,22.198549301519883,22.514713287353516,2466200,0.0,0.0
2025-06-27 00:00:00-04:00,22.620102110752516,22.830877494222527,22.495551608454598,22.773393630981445,997400,0.0,0.0
2025-06-30 00:00:00-04:00,22.83087606803967,22.974586630854702,22.68716550522464,22.81171417236328,929200,0.0,0.0
2025-07-01 00:00:00-04:00,22.76381201088468,22.955425491827636,22.677585304877695,22.79255485534668,708200,0.0,0.0
2025-07-02 00:00:00-04:00,22.763813341128312,23.012912525551815,22.715908597558915,22.965007781982422,803500,0.0,0.0
2025-07-03 00:00:00-04:00,22.936264467419374,23.396138995379822,22.83087586949467,23.348236083984375,326900,0.0,0.0
2025-07-07 00:00:00-04:00,23.233266103411914,23.233266103411914,22.754229688908577,22.936264038085938,559400,0.0,0.0
2025-07-08 00:00:00-04:00,23.032073449105386,23.194944088217255,23.012911552487857,23.099138259887695,545200,0.0,0.0
2025-07-09 00:00:00-04:00,23.1566219329834,23.194943898526013,22.945846554051457,23.1566219329834,349500,0.0,0.0
2025-07-10 00:00:00-04:00,23.204524549768934,23.434461822218797,23.18536448093236,23.271591186523438,486200,0.0,0.0
2025-07-11 00:00:00-04:00,23.27158976519367,23.415300323275233,23.204523132535314,23.309911727905273,388200,0.0,0.0
2025-07-14 00:00:00-04:00,23.31949473007889,23.376978592900567,23.118298469134448,23.357816696166992,341200,0.0,0.0
2025-07-15 00:00:00-04:00,23.405720576963926,23.587754934478212,23.338655768242607,23.43446159362793,451500,0.0,0.0
2025-07-16 00:00:00-04:00,23.424883032028916,23.712304169802177,23.386559239057,23.683561325073242,356900,0.0,0.0
2025-07-17 00:00:00-04:00,23.664399636118265,24.095531313266836,23.654818688531112,24.04762840270996,446700,0.0,0.0
2025-07-18 00:00:00-04:00,23.932659629899792,24.114693985161153,23.654819450438833,23.76020622253418,428100,0.0,0.0
2025-07-21 00:00:00-04:00,23.760205828770964,23.894337269709652,23.185363583584046,23.242847442626953,504000,0.0,0.0
2025-07-22 00:00:00-04:00,23.21410512430787,23.434461445103903,23.18536410782602,23.386558532714844,328400,0.0,0.0
2025-07-23 00:00:00-04:00,23.39614019112968,23.539850760039837,23.39614019112968,23.47278594970703,280000,0.0,0.0
2025-07-24 00:00:00-04:00,23.539850383324982,23.559012279507424,23.338655955546344,23.376977920532227,238000,0.0,0.0
2025-07-25 00:00:00-04:00,23.30991333796022,23.472785802336904,23.290751441591432,23.424882888793945,373900,0.0,0.0
2025-07-28 00:00:00-04:00,23.47278641217224,23.530270275393054,22.88836134939359,22.984169006347656,432900,0.0,0.0
2025-07-29 00:00:00-04:00,23.022491262746406,23.108717965509342,22.620100592312347,22.869199752807617,699700,0.0,0.0
2025-07-30 00:00:00-04:00,22.869201251717477,22.965007081174388,22.524294418059593,22.668004989624023,448300,0.0,0.0
2025-07-31 00:00:00-04:00,23.645239367291445,23.67398038465085,23.099138108914424,23.26201057434082,745600,0.0,0.0
2025-08-01 00:00:00-04:00,23.23326712389853,23.23326712389853,22.830876444946156,22.907522201538086,583400,0.0,0.0
2025-08-04 00:00:00-04:00,22.984168336289635,23.041652197834622,22.715907270114684,22.79255485534668,474900,0.0,0.0
2025-08-05 00:00:00-04:00,22.763813355336072,22.97458874503561,22.56261708697727,22.75423240661621,316000,0.0,0.0
2025-08-06 00:00:00-04:00,22.869202842493905,23.08955918937924,22.725490433553812,22.993751525878906,484700,0.0,0.0
2025-08-07 00:00:00-04:00,23.032074437354765,23.166204064674552,22.725489560456634,22.75423240661621,419400,0.0,0.0
2025-08-08 00:00:00-04:00,22.96500733491782,23.08955783839448,22.782974795035134,23.032073974609375,435000,0.0,0.0
2025-08-11 00:00:00-04:00,23.060814730178862,23.14704143856405,22.74465074189286,22.878780364990234,428800,0.0,0.0
2025-08-12 00:00:00-04:00,22.96500562457146,23.214104785593744,22.878778921626097,23.18536376953125,349500,0.0,0.0
2025-08-13 00:00:00-04:00,23.434462984877403,23.434462984877403,23.137460888316813,23.290752410888672,382300,0.0,0.0
2025-08-14 00:00:00-04:00,23.22368498155512,23.376976486855508,23.127877333897658,23.20452308654785,254100,0.0,0.0
2025-08-15 00:00:00-04:00,23.223686325945593,23.33865587526577,22.936265193713638,22.955425262451172,252600,0.0,0.0
2025-08-18 00:00:00-04:00,22.95542481996305,23.041651523446333,22.830876152364397,23.022491455078125,297800,0.0,0.0
2025-08-19 00:00:00-04:00,23.051233810022048,23.329075832354754,23.012911843681124,23.194944381713867,445700,0.0,0.0
2025-08-20 00:00:00-04:00,23.15662074037313,23.396138951660653,23.08955593359325,23.242847442626953,663300,0.0,0.0
2025-08-21 00:00:00-04:00,23.21410531063205,23.338655807649644,23.137459553766984,23.32907485961914,399100,0.0,0.0
2025-08-22 00:00:00-04:00,23.39614102940445,23.53027065487587,23.0608151383468,23.07997703552246,441200,0.0,0.0
2025-08-25 00:00:00-04:00,22.99374942971781,23.147040946392273,22.907522723166046,23.051233291625977,496800,0.0,0.0
2025-08-26 00:00:00-04:00,23.0033291879627,23.214104555641853,22.993748240243793,23.13745880126953,351000,0.0,0.0
2025-08-27 00:00:00-04:00,23.156622975876857,23.281171653723373,23.137461078553052,23.23326873779297,149200,0.0,0.0
2025-08-28 00:00:00-04:00,23.194943601661144,23.35781606473551,23.194943601661144,23.271591186523438,234800,0.0,0.0
2025-08-29 00:00:00-04:00,23.30999332781796,23.53080418627394,23.30999332781796,23.473201751708984,243300,0.05,0.0
2025-09-02 00:00:00-04:00,23.386796681529134,23.60760753523823,23.281190694473334,23.530803680419922,274700,0.0,0.0
2025-09-03 00:00:00-04:00,23.55960530865782,23.751614026021866,23.377195470685916,23.58840560913086,268300,0.0,0.0
2025-09-04 00:00:00-04:00,23.617208069484725,23.78041648864746,23.521202793892233,23.78041648864746,387600,0.0,0.0
2025-09-05 00:00:00-04:00,23.617206715046773,23.78041512484957,23.530802155083634,23.598005294799805,291600,0.0,0.0
2025-09-08 00:00:00-04:00,23.665209556496446,23.79961767344937,23.46360012778952,23.694011688232422,342400,0.0,0.0
2025-09-09 00:00:00-04:00,23.665210112303,23.751614678391945,23.49240098012511,23.5116024017334,217900,0.0,0.0
2025-09-10 00:00:00-04:00,23.54040341165504,23.636408683970252,23.39639641875635,23.41559600830078,255500,0.0,0.0
2025-09-11 00:00:00-04:00,23.50200128038671,23.6748104095459,23.42519742644355,23.6748104095459,292000,0.0,0.0
2025-09-12 00:00:00-04:00,23.65560796455198,23.77081465605519,23.521201683755102,23.684410095214844,316400,0.0,0.0
2025-09-15 00:00:00-04:00,23.782240552713862,23.821373066753313,22.843082607058648,22.891996383666992,756200,0.46,0.0
2025-09-16 00:00:00-04:00,22.85286549304678,22.93112865435416,22.637640399995767,22.735469818115234,592600,0.0,0.0
2025-09-17 00:00:00-04:00,22.715903802371397,23.07787209347245,22.65720689725319,22.891996383666992,360400,0.0,0.0
2025-09-18 00:00:00-04:00,22.872428961719596,23.019174015952625,22.852864571637287,22.98004150390625,448000,0.0,0.0
2025-09-19 00:00:00-04:00,23.04852160160845,23.136567888030005,22.862647766665948,23.08765411376953,932600,0.0,0.0
2025-09-22 00:00:00-04:00,22.98982515201091,23.04852205546748,22.539812448942335,22.63763999938965,430600,0.0,0.0
2025-09-23 00:00:00-04:00,22.598509237672875,22.872429363040204,22.53981233451429,22.696338653564453,276700,0.0,0.0
2025-09-24 00:00:00-04:00,22.696338359047818,22.764818389501027,22.11914686531237,22.15827751159668,459500,0.0,0.0
2025-09-25 00:00:00-04:00,22.158277270092437,22.510462412517178,22.109363496284942,22.383283615112305,490600,0.0,0.0
2025-09-26 00:00:00-04:00,22.4028487874864,22.598507605134976,22.138709943443054,22.30501937866211,434000,0.0,0.0
2025-09-29 00:00:00-04:00,22.344153124321267,22.461546928650307,22.109363649722305,22.324586868286133,617400,0.0,0.0
2025-09-30 00:00:00-04:00,22.35393681192308,22.588726292399507,22.20719361986793,22.363719940185547,504800,0.0,0.0
2025-10-01 00:00:00-04:00,22.080014279965447,22.128929920084946,21.541955300237063,21.669132232666016,920200,0.0,0.0
2025-10-02 00:00:00-04:00,21.678914524455003,22.070230300612156,21.620217624516634,22.021316528320312,434300,0.0,0.0
2025-10-03 00:00:00-04:00,22.021317629046678,22.128930172596665,21.68869873620208,21.825658798217773,565600,0.0,0.0
2025-10-06 00:00:00-04:00,21.82565895468471,21.9821852740936,21.688698891687157,21.7669620513916,442300,0.0,0.0
2025-10-07 00:00:00-04:00,21.600653286583974,21.903922806782578,21.307166894900284,21.365863800048828,659500,0.0,0.0
2025-10-08 00:00:00-04:00,21.326729051733,21.45390784316232,21.03324269079588,21.101722717285156,798100,0.0,0.0
2025-10-09 00:00:00-04:00,21.10172330406057,21.10172330406057,20.446268671530056,20.5930118560791,930000,0.0,0.0
2025-10-10 00:00:00-04:00,20.64192830211119,20.720191461327293,20.23104624974144,20.40713882446289,759200,0.0,0.0
2025-10-13 00:00:00-04:00,20.54409910403861,21.29738318567918,20.54409910403861,21.219120025634766,1269200,0.0,0.0
2025-10-14 00:00:00-04:00,21.043026324528896,21.512605259701505,20.9354137854907,21.414775848388672,574800,0.0,0.0
2025-10-15 00:00:00-04:00,21.581085627194916,21.76696132501806,21.33651302803741,21.404993057250977,556800,0.0,0.0
2025-10-16 00:00:00-04:00,21.424560817879282,21.66913343421567,20.80823864572562,20.818021774291992,739400,0.0,0.0
2025-10-17 00:00:00-04:00,20.788670584212902,21.101723207401108,20.690841172981383,21.03324317932129,550600,0.0,0.0
2025-10-20 00:00:00-04:00,21.0430258911242,21.238682843779266,20.88649958262383,21.209335327148438,562900,0.0,0.0
2025-10-21 00:00:00-04:00,21.219119779871374,21.561521800827776,21.209336651736514,21.44412612915039,399100,0.0,0.0
2025-10-22 00:00:00-04:00,21.522389106257627,21.532172234309744,21.277816502777426,21.395212173461914,640300,0.0,0.0
2025-10-23 00:00:00-04:00,21.600653252603447,21.7082658001573,21.395213151936243,21.639785766601562,354900,0.0,0.0
2025-10-24 00:00:00-04:00,21.757178678435082,22.031100667289696,21.757178678435082,21.991968154907227,372900,0.0,0.0
2025-10-27 00:00:00-04:00,22.158276936811905,22.490895818334415,22.04088313506328,22.39306640625,693100,0.0,0.0
2025-10-28 00:00:00-04:00,22.441983100344356,22.676772580820785,22.226758010451938,22.363719940185547,618200,0.0,0.0
2025-10-29 00:00:00-04:00,22.197409419566334,22.68655461342052,22.158276908406396,22.28545570373535,372400,0.0,0.0
2025-10-30 00:00:00-04:00,22.35393718053837,22.402850956716364,21.874575083418392,22.080015182495117,404100,0.0,0.0
2025-10-31 00:00:00-04:00,22.011533471985715,22.28545544915356,21.923487188822506,22.128929138183594,354000,0.0,0.0
2025-11-03 00:00:00-05:00,22.089797817169188,22.265890392979486,21.962620882384478,22.148494720458984,453700,0.0,0.0
2025-11-04 00:00:00-05:00,22.08001419114653,22.168060477066582,21.815875333386373,21.83544158935547,327200,0.0,0.0
2025-11-05 00:00:00-05:00,21.54195411924488,21.639783528179716,20.896282632592047,21.37564468383789,905400,0.0,0.0
2025-11-06 00:00:00-05:00,21.179988138572632,21.434343882719165,20.55388283971407,20.71040916442871,1201200,0.0,0.0
2025-11-07 00:00:00-05:00,20.77888852185733,20.84736855344821,20.446269626180836,20.7299747467041,616200,0.0,0.0
2025-11-10 00:00:00-05:00,20.808237090819475,20.945197148632328,20.475618208181828,20.53431510925293,463000,0.0,0.0
2025-11-11 00:00:00-05:00,20.583230913669436,20.866934159408,20.495184628385534,20.85715103149414,326200,0.0,0.0
2025-11-12 00:00:00-05:00,20.935413433231474,21.238682923851705,20.798453379262494,21.043025970458984,460200,0.0,0.0
2025-11-13 00:00:00-05:00,20.925632297637378,21.13107426408821,20.710409068635478,20.876718521118164,479400,0.0,0.0
2025-11-14 00:00:00-05:00,20.80823651416307,20.847367158479102,20.632143949888956,20.76910400390625,335700,0.0,0.0
2025-11-17 00:00:00-05:00,20.700625137516425,20.759322040251817,20.289743086486897,20.29952621459961,684200,0.0,0.0
2025-11-18 00:00:00-05:00,20.231045541172506,20.504965655864673,20.08430235602444,20.42670249938965,583700,0.0,0.0
2025-11-19 00:00:00-05:00,20.53431467034078,20.70062410810481,20.240828305317574,20.328874588012695,443800,0.0,0.0
2025-11-20 00:00:00-05:00,20.465835095512556,20.6027951534269,20.231045625113317,20.260393142700195,357700,0.0,0.0
2025-11-21 00:00:00-05:00,20.426702002922227,20.93541344061616,20.289741948904933,20.76910400390625,430100,0.0,0.0
2025-11-24 00:00:00-05:00,20.759321212768555,20.92563065217368,20.602794901086178,20.759321212768555,375100,0.0,0.0
2025-11-25 00:00:00-05:00,20.729975407564734,21.1017249620268,20.62236285966791,21.091941833496094,399300,0.0,0.0
2025-11-26 00:00:00-05:00,21.131072172898254,21.375644763172676,21.131072172898254,21.209335327148438,283100,0.0,0.0
2025-11-28 00:00:00-05:00,21.277910499078917,21.405265525763465,21.258318999111378,21.37587547302246,174200,0.03,0.0
2025-12-01 00:00:00-05:00,21.307300284916796,21.434653441479607,21.21913199632468,21.277910232543945,353200,0.0,0.0
2025-12-02 00:00:00-05:00,21.3073019124949,21.51302668924002,21.209336932295354,21.38567352294922,534700,0.0,0.0
2025-12-03 00:00:00-05:00,21.55221171725277,21.777529845850434,21.4934334812113,21.757936477661133,336500,0.0,0.0
2025-12-04 00:00:00-05:00,21.757936501667057,21.944069762617914,21.669770081770796,21.826513290405273,593600,0.0,0.0
2025-12-05 00:00:00-05:00,21.78732791674091,22.04203611383508,21.699159622803446,21.83631134033203,535600,0.0,0.0
2025-12-08 00:00:00-05:00,21.806920987084055,22.032239126933195,21.757937564164767,21.87549591064453,288300,0.0,0.0
2025-12-09 00:00:00-05:00,21.953866925991544,22.18898174407598,21.90488537292138,22.09101676940918,384000,0.0,0.0
2025-12-10 00:00:00-05:00,22.16938782697145,22.37511445553475,22.06162803917775,22.30653953552246,380500,0.0,0.0
2025-12-11 00:00:00-05:00,22.286946457287804,22.345724693987748,22.05183164196157,22.130203247070312,549300,0.0,0.0
2025-12-12 00:00:00-05:00,22.20857622213151,22.36531944201782,22.061629687053916,22.14000129699707,440700,0.0,0.0
2025-12-15 00:00:00-05:00,22.100000381469727,22.100000381469727,21.6200008392334,21.8700008392334,705700,0.46,0.0
2025-12-16 00:00:00-05:00,21.780000686645508,21.940000534057617,21.729999542236328,21.8700008392334,458900,0.0,0.0
2025-12-17 00:00:00-05:00,21.899999618530273,22.0,21.719999313354492,21.760000228881836,571500,0.0,0.0
2025-12-18 00:00:00-05:00,21.850000381469727,21.8700008392334,21.65999984741211,21.760000228881836,452100,0.0,0.0
2025-12-19 00:00:00-05:00,21.65999984741211,21.709999084472656,21.510000228881836,21.59000015258789,736200,0.0,0.0
2025-12-22 00:00:00-05:00,21.5,21.540000915527344,21.3700008392334,21.440000534057617,546200,0.0,0.0
2025-12-23 00:00:00-05:00,21.440000534057617,21.579999923706055,21.18000030517578,21.270000457763672,616000,0.0,0.0
2025-12-24 00:00:00-05:00,21.329999923706055,21.530000686645508,21.239999771118164,21.479999542236328,160800,0.0,0.0
2025-12-26 00:00:00-05:00,21.43000030517578,21.75,21.43000030517578,21.709999084472656,324300,0.0,0.0
2025-12-29 00:00:00-05:00,21.700000762939453,21.8799991607666,21.6299991607666,21.65999984741211,395600,0.0,0.0
2025-12-30 00:00:00-05:00,21.84000015258789,21.90999984741211,21.700000762939453,21.84000015258789,439600,0.0,0.0
2025-12-31 00:00:00-05:00,21.81999969482422,21.979999542236328,21.68000030517578,21.719999313354492,669300,0.0,0.0
2026-01-02 00:00:00-05:00,21.739999771118164,21.8700008392334,21.450000762939453,21.65999984741211,398200,0.0,0.0
2026-01-05 00:00:00-05:00,21.65999984741211,22.15999984741211,21.65999984741211,22.079999923706055,461800,0.0,0.0
2026-01-06 00:00:00-05:00,22.040000915527344,22.040000915527344,21.68000030517578,21.90999984741211,365200,0.0,0.0
2026-01-07 00:00:00-05:00,21.889999389648438,21.969999313354492,21.110000610351562,21.200000762939453,457700,0.0,0.0
2026-01-08 00:00:00-05:00,21.170000076293945,22.079999923706055,21.139999389648438,21.899999618530273,317100,0.0,0.0
2026-01-09 00:00:00-05:00,22.040000915527344,22.09000015258789,21.860000610351562,21.860000610351562,307200,0.0,0.0
2026-01-12 00:00:00-05:00,21.770000457763672,21.979999542236328,21.709999084472656,21.739999771118164,339200,0.0,0.0
2026-01-13 00:00:00-05:00,21.780000686645508,21.84000015258789,21.479999542236328,21.549999237060547,361600,0.0,0.0
2026-01-14 00:00:00-05:00,21.510000228881836,22.110000610351562,21.479999542236328,22.030000686645508,319600,0.0,0.0
2026-01-15 00:00:00-05:00,22.020000457763672,22.469999313354492,21.959999084472656,22.399999618530273,387600,0.0,0.0
2026-01-16 00:00:00-05:00,22.280000686645508,22.440000534057617,22.209999084472656,22.299999237060547,550700,0.0,0.0
2026-01-20 00:00:00-05:00,22.049999237060547,22.139999389648438,21.770000457763672,22.079999923706055,497800,0.0,0.0
2026-01-21 00:00:00-05:00,22.1200008392334,22.579999923706055,22.1200008392334,22.549999237060547,291400,0.0,0.0
2026-01-22 00:00:00-05:00,22.510000228881836,22.600000381469727,22.239999771118164,22.260000228881836,367300,0.0,0.0
2026-01-23 00:00:00-05:00,22.260000228881836,22.399999618530273,22.1299991607666,22.200000762939453,278200,0.0,0.0
2026-01-26 00:00:00-05:00,22.200000762939453,22.200000762939453,21.729999542236328,22.020000457763672,371300,0.0,0.0
2026-01-27 00:00:00-05:00,21.899999618530273,22.350000381469727,21.899999618530273,22.270000457763672,343000,0.0,0.0
2026-01-28 00:00:00-05:00,22.290000915527344,22.479999542236328,22.06999969482422,22.1200008392334,314600,0.0,0.0
2026-01-29 00:00:00-05:00,22.219999313354492,22.350000381469727,21.940000534057617,22.139999389648438,338200,0.0,0.0
2026-01-30 00:00:00-05:00,22.030000686645508,22.170000076293945,21.850000381469727,21.950000762939453,368900,0.0,0.0
2026-02-02 00:00:00-05:00,21.979999542236328,22.100000381469727,21.219999313354492,21.360000610351562,803500,0.0,0.0
2026-02-03 00:00:00-05:00,21.360000610351562,21.360000610351562,20.5,20.809999465942383,1048100,0.0,0.0
2026-02-04 00:00:00-05:00,20.940000534057617,20.979999542236328,20.440000534057617,20.899999618530273,961400,0.0,0.0
2026-02-05 00:00:00-05:00,20.709999084472656,20.850000381469727,20.1200008392334,20.399999618530273,1609100,0.0,0.0
2026-02-06 00:00:00-05:00,20.579999923706055,20.600000381469727,20.0,20.170000076293945,997100,0.0,0.0
2026-02-09 00:00:00-05:00,20.350000381469727,20.350000381469727,19.6299991607666,19.950000762939453,1283700,0.0,0.0
2026-02-10 00:00:00-05:00,19.950000762939453,20.389999389648438,19.700000762939453,20.280000686645508,776200,0.0,0.0
2026-02-11 00:00:00-05:00,20.219999313354492,20.280000686645508,19.979999542236328,20.110000610351562,600300,0.0,0.0
2026-02-12 00:00:00-05:00,20.18000030517578,20.350000381469727,19.959999084472656,20.1200008392334,720700,0.0,0.0
2026-02-13 00:00:00-05:00,20.0,20.049999237060547,19.100000381469727,19.229999542236328,2420700,0.0,0.0
2026-02-17 00:00:00-05:00,19.260000228881836,19.40999984741211,18.510000228881836,18.8799991607666,1818600,0.0,0.0
2026-02-18 00:00:00-05:00,19.0,19.270000457763672,18.799999237060547,19.25,1900300,0.0,0.0
2026-02-19 00:00:00-05:00,19.139999389648438,19.200000762939453,18.25,18.68000030517578,1953600,0.0,0.0
2026-02-20 00:00:00-05:00,18.649999618530273,18.739999771118164,18.06999969482422,18.190000534057617,2293000,0.0,0.0
2026-02-23 00:00:00-05:00,18.149999618530273,18.299999237060547,17.899999618530273,17.969999313354492,2314400,0.0,0.0
2026-02-24 00:00:00-05:00,17.770000457763672,18.170000076293945,17.719999313354492,18.100000381469727,1530477,0.0,0.0
