Date,Open,High,Low,Close,Volume,Dividends,Stock Splits
2022-01-03 00:00:00-05:00,75.4000015258789,89.44000244140625,74.62000274658203,84.5,59715,0.0,0.0
2022-01-04 00:00:00-05:00,84.5,87.71099853515625,79.94999694824219,83.8499984741211,15285,0.0,0.0
2022-01-05 00:00:00-05:00,83.19999694824219,87.75,76.69999694824219,80.5999984741211,17131,0.0,0.0
2022-01-06 00:00:00-05:00,79.81999969482422,82.94000244140625,74.87999725341797,77.3499984741211,7369,0.0,0.0
2022-01-07 00:00:00-05:00,78.0,82.80999755859375,75.99800109863281,80.7300033569336,13831,0.0,0.0
2022-01-10 00:00:00-05:00,79.69000244140625,79.69000244140625,71.76000213623047,74.55500030517578,13208,0.0,0.0
2022-01-11 00:00:00-05:00,74.21700286865234,79.16999816894531,73.44999694824219,75.01000213623047,11208,0.0,0.0
2022-01-12 00:00:00-05:00,79.81999969482422,81.7699966430664,75.79000091552734,77.15499877929688,7108,0.0,0.0
2022-01-13 00:00:00-05:00,78.0,81.12000274658203,74.36000061035156,74.48999786376953,4708,0.0,0.0
2022-01-14 00:00:00-05:00,73.70999908447266,74.36000061035156,71.76000213623047,73.05999755859375,4638,0.0,0.0
2022-01-18 00:00:00-05:00,72.80000305175781,72.80000305175781,65.6500015258789,66.81999969482422,7038,0.0,0.0
2022-01-19 00:00:00-05:00,66.43000030517578,71.23999786376953,65.84500122070312,67.86000061035156,7077,0.0,0.0
2022-01-20 00:00:00-05:00,69.94000244140625,70.72000122070312,67.20999908447266,68.37999725341797,3823,0.0,0.0
2022-01-21 00:00:00-05:00,66.43000030517578,68.67900085449219,63.83000183105469,66.04000091552734,9192,0.0,0.0
2022-01-24 00:00:00-05:00,63.959999084472656,63.959999084472656,55.119998931884766,59.66999816894531,11292,0.0,0.0
2022-01-25 00:00:00-05:00,57.849998474121094,70.13500213623047,56.60200119018555,64.4800033569336,9785,0.0,0.0
2022-01-26 00:00:00-05:00,66.30000305175781,67.20999908447266,63.04999923706055,63.959999084472656,3177,0.0,0.0
2022-01-27 00:00:00-05:00,64.4800033569336,65.6500015258789,60.58000183105469,62.65999984741211,2285,0.0,0.0
2022-01-28 00:00:00-05:00,61.75,64.22000122070312,59.279998779296875,61.22999954223633,2723,0.0,0.0
2022-01-31 00:00:00-05:00,59.79999923706055,66.16999816894531,58.7599983215332,65.12999725341797,5854,0.0,0.0
2022-02-01 00:00:00-05:00,67.20999908447266,75.4000015258789,67.20999908447266,75.4000015258789,9577,0.0,0.0
2022-02-02 00:00:00-05:00,76.18000030517578,79.16999816894531,71.76000213623047,76.69999694824219,7000,0.0,0.0
2022-02-03 00:00:00-05:00,74.75,77.4800033569336,72.08499908447266,75.2699966430664,2054,0.0,0.0
2022-02-04 00:00:00-05:00,75.6729965209961,84.88999938964844,72.80000305175781,84.5,15700,0.0,0.0
2022-02-07 00:00:00-05:00,85.41000366210938,87.36000061035156,79.30000305175781,80.5999984741211,5308,0.0,0.0
2022-02-08 00:00:00-05:00,79.69000244140625,86.97000122070312,75.4000015258789,85.80000305175781,6262,0.0,0.0
2022-02-09 00:00:00-05:00,88.91999816894531,89.69999694824219,83.06999969482422,84.62999725341797,8169,0.0,0.0
2022-02-10 00:00:00-05:00,82.55000305175781,94.12000274658203,82.26399993896484,89.44000244140625,8269,0.0,0.0
2022-02-11 00:00:00-05:00,91.6500015258789,91.6500015258789,82.74500274658203,84.62999725341797,8662,0.0,0.0
2022-02-14 00:00:00-05:00,89.69999694824219,91.77999877929688,86.05999755859375,89.05000305175781,8885,0.0,0.0
2022-02-15 00:00:00-05:00,92.04000091552734,94.12000274658203,89.05000305175781,93.33999633789062,7423,0.0,0.0
2022-02-16 00:00:00-05:00,94.12000274658203,101.46499633789062,90.3499984741211,99.83999633789062,13469,0.0,0.0
2022-02-17 00:00:00-05:00,99.58000183105469,101.01000213623047,89.18000030517578,92.55999755859375,9023,0.0,0.0
2022-02-18 00:00:00-05:00,93.33999633789062,95.80999755859375,88.4000015258789,91.0,17377,0.0,0.0
2022-02-22 00:00:00-05:00,89.30999755859375,89.46600341796875,80.5999984741211,84.11000061035156,6485,0.0,0.0
2022-02-23 00:00:00-05:00,84.5,86.31999969482422,76.56999969482422,78.0,4046,0.0,0.0
2022-02-24 00:00:00-05:00,72.1500015258789,78.0,69.41999816894531,76.69999694824219,9185,0.0,0.0
2022-02-25 00:00:00-05:00,79.04000091552734,82.02999877929688,76.69999694824219,81.25,4177,0.0,0.0
2022-02-28 00:00:00-05:00,82.68000030517578,85.33200073242188,79.94999694824219,82.02999877929688,5446,0.0,0.0
2022-03-01 00:00:00-05:00,84.37000274658203,88.13999938964844,80.47000122070312,83.19999694824219,4954,0.0,0.0
2022-03-02 00:00:00-05:00,83.8499984741211,83.9800033569336,78.6500015258789,80.7300033569336,6677,0.0,0.0
2022-03-03 00:00:00-05:00,80.7300033569336,87.62000274658203,79.06600189208984,85.0199966430664,8246,0.0,0.0
2022-03-04 00:00:00-05:00,84.5,84.5,75.66000366210938,78.12999725341797,7723,0.0,0.0
2022-03-07 00:00:00-05:00,75.52999877929688,78.12999725341797,74.0999984741211,75.4000015258789,5085,0.0,0.0
2022-03-08 00:00:00-05:00,75.4000015258789,88.01000213623047,75.4000015258789,80.20999908447266,26246,0.0,0.0
2022-03-09 00:00:00-05:00,80.33999633789062,84.88999938964844,75.4000015258789,78.91000366210938,7038,0.0,0.0
2022-03-10 00:00:00-05:00,79.16999816894531,100.62000274658203,78.6500015258789,97.88999938964844,70800,0.0,0.0
2022-03-11 00:00:00-05:00,99.44999694824219,99.44999694824219,88.79000091552734,96.45999908447266,17854,0.0,0.0
2022-03-14 00:00:00-04:00,97.5,97.5,86.70999908447266,89.56999969482422,6600,0.0,0.0
2022-03-15 00:00:00-04:00,84.62999725341797,97.30500030517578,84.62999725341797,94.7699966430664,5731,0.0,0.0
2022-03-16 00:00:00-04:00,96.58999633789062,98.80000305175781,92.74199676513672,94.37999725341797,9008,0.0,0.0
2022-03-17 00:00:00-04:00,97.5,120.12000274658203,93.75599670410156,108.16000366210938,110400,0.0,0.0
2022-03-18 00:00:00-04:00,105.30000305175781,112.70999908447266,105.30000305175781,111.80000305175781,10638,0.0,0.0
2022-03-21 00:00:00-04:00,111.80000305175781,114.52999877929688,106.08000183105469,110.5,11154,0.0,0.0
2022-03-22 00:00:00-04:00,110.5,114.66000366210938,105.30000305175781,109.8499984741211,10523,0.0,0.0
2022-03-23 00:00:00-04:00,109.19999694824219,120.25,100.75,105.69000244140625,26854,0.0,0.0
2022-03-24 00:00:00-04:00,105.04000091552734,110.37000274658203,95.94000244140625,97.62999725341797,19692,0.0,0.0
2022-03-25 00:00:00-04:00,99.05999755859375,101.19200134277344,94.51000213623047,96.19999694824219,5131,0.0,0.0
2022-03-28 00:00:00-04:00,93.08000183105469,95.16000366210938,91.6500015258789,94.9000015258789,6515,0.0,0.0
2022-03-29 00:00:00-04:00,94.63999938964844,97.5,91.0,93.98999786376953,10585,0.0,0.0
2022-03-30 00:00:00-04:00,96.33000183105469,131.1699981689453,94.12000274658203,117.26000213623047,674277,0.0,0.0
2022-03-31 00:00:00-04:00,113.87999725341797,136.5,105.30000305175781,122.06999969482422,398762,0.0,0.0
2022-04-01 00:00:00-04:00,123.76000213623047,134.2899932861328,120.9000015258789,130.52000427246094,110262,0.0,0.0
2022-04-04 00:00:00-04:00,111.66999816894531,116.87000274658203,97.88999938964844,105.30000305175781,136538,0.0,0.0
2022-04-05 00:00:00-04:00,101.79000091552734,108.80999755859375,92.30000305175781,94.63999938964844,44238,0.0,0.0
2022-04-06 00:00:00-04:00,94.9000015258789,96.8499984741211,76.95999908447266,83.19999694824219,81008,0.0,0.0
2022-04-07 00:00:00-04:00,86.31999969482422,89.44000244140625,80.7300033569336,86.97000122070312,37038,0.0,0.0
2022-04-08 00:00:00-04:00,84.62999725341797,92.55999755859375,82.55000305175781,88.2699966430664,187838,0.0,0.0
2022-04-11 00:00:00-04:00,84.62999725341797,86.58000183105469,73.05999755859375,76.30999755859375,92585,0.0,0.0
2022-04-12 00:00:00-04:00,77.4800033569336,79.04000091552734,73.44999694824219,78.0,30615,0.0,0.0
2022-04-13 00:00:00-04:00,78.0,84.11000061035156,75.01000213623047,76.05000305175781,63731,0.0,0.0
2022-04-14 00:00:00-04:00,76.05000305175781,78.6500015258789,68.12000274658203,68.51000213623047,33892,0.0,0.0
2022-04-18 00:00:00-04:00,69.80999755859375,72.80000305175781,67.86000061035156,72.80000305175781,14277,0.0,0.0
2022-04-19 00:00:00-04:00,74.0999984741211,78.5199966430664,73.03399658203125,77.87000274658203,30669,0.0,0.0
2022-04-20 00:00:00-04:00,78.6500015258789,80.33999633789062,73.05999755859375,73.44999694824219,17769,0.0,0.0
2022-04-21 00:00:00-04:00,76.05000305175781,79.30000305175781,71.76000213623047,73.97000122070312,31215,0.0,0.0
2022-04-22 00:00:00-04:00,75.4000015258789,75.4000015258789,67.20999908447266,69.94000244140625,12577,0.0,0.0
2022-04-25 00:00:00-04:00,68.51000213623047,72.27999877929688,66.94999694824219,70.72000122070312,15046,0.0,0.0
2022-04-26 00:00:00-04:00,70.9800033569336,71.11000061035156,67.33999633789062,69.02999877929688,8954,0.0,0.0
2022-04-27 00:00:00-04:00,68.9000015258789,72.1500015258789,65.6500015258789,66.69000244140625,10792,0.0,0.0
2022-04-28 00:00:00-04:00,66.94999694824219,68.25,59.93000030517578,61.619998931884766,39015,0.0,0.0
2022-04-29 00:00:00-04:00,62.0099983215332,68.12000274658203,61.75,62.27000045776367,17731,0.0,0.0
2022-05-02 00:00:00-04:00,63.04999923706055,63.56999969482422,58.630001068115234,60.58000183105469,14038,0.0,0.0
2022-05-03 00:00:00-04:00,60.58000183105469,62.65999984741211,56.15999984741211,57.720001220703125,39408,0.0,0.0
2022-05-04 00:00:00-04:00,59.93000030517578,60.84000015258789,52.0,59.150001525878906,57577,0.0,0.0
2022-05-05 00:00:00-04:00,59.150001525878906,59.40999984741211,52.2599983215332,53.689998626708984,34277,0.0,0.0
2022-05-06 00:00:00-04:00,52.2599983215332,53.560001373291016,48.880001068115234,50.310001373291016,28938,0.0,0.0
2022-05-09 00:00:00-04:00,50.959999084472656,50.959999084472656,44.59000015258789,45.2400016784668,26469,0.0,0.0
2022-05-10 00:00:00-04:00,45.5,47.060001373291016,41.72999954223633,45.2400016784668,22715,0.0,0.0
2022-05-11 00:00:00-04:00,44.06999969482422,45.7599983215332,39.0,39.779998779296875,15754,0.0,0.0
2022-05-12 00:00:00-04:00,39.90999984741211,42.77000045776367,36.529998779296875,38.220001220703125,21900,0.0,0.0
2022-05-13 00:00:00-04:00,39.52000045776367,44.459999084472656,39.52000045776367,42.5099983215332,24715,0.0,0.0
2022-05-16 00:00:00-04:00,43.810001373291016,45.2400016784668,41.34000015258789,44.459999084472656,11723,0.0,0.0
2022-05-17 00:00:00-04:00,46.93000030517578,47.45000076293945,43.290000915527344,44.97999954223633,16392,0.0,0.0
2022-05-18 00:00:00-04:00,44.97999954223633,47.45000076293945,41.470001220703125,42.5099983215332,17000,0.0,0.0
2022-05-19 00:00:00-04:00,47.189998626708984,52.650001525878906,43.810001373291016,49.529998779296875,39015,0.0,0.0
2022-05-20 00:00:00-04:00,53.95000076293945,53.95000076293945,41.08000183105469,42.63999938964844,41131,0.0,0.0
2022-05-23 00:00:00-04:00,43.939998626708984,44.04399871826172,36.91999816894531,38.61000061035156,40277,0.0,0.0
2022-05-24 00:00:00-04:00,38.61000061035156,38.61000061035156,34.84000015258789,35.4900016784668,23277,0.0,0.0
2022-05-25 00:00:00-04:00,34.31999969482422,35.34700012207031,31.459999084472656,33.540000915527344,24738,0.0,0.0
2022-05-26 00:00:00-04:00,33.02000045776367,40.95000076293945,33.02000045776367,39.130001068115234,85085,0.0,0.0
2022-05-27 00:00:00-04:00,40.040000915527344,44.525001525878906,36.542999267578125,44.459999084472656,83446,0.0,0.0
2022-05-31 00:00:00-04:00,43.810001373291016,44.720001220703125,40.742000579833984,42.900001525878906,24969,0.0,0.0
2022-06-01 00:00:00-04:00,43.54999923706055,44.459999084472656,39.90999984741211,41.599998474121094,16308,0.0,0.0
2022-06-02 00:00:00-04:00,41.599998474121094,49.529998779296875,40.95000076293945,48.099998474121094,33192,0.0,0.0
2022-06-03 00:00:00-04:00,45.5,46.79999923706055,42.900001525878906,44.849998474121094,15515,0.0,0.0
2022-06-06 00:00:00-04:00,44.459999084472656,44.459999084472656,40.689998626708984,41.86000061035156,13354,0.0,0.0
2022-06-07 00:00:00-04:00,41.470001220703125,47.84000015258789,39.0,46.40999984741211,79108,0.0,0.0
2022-06-08 00:00:00-04:00,46.66999816894531,53.95000076293945,46.66999816894531,50.18000030517578,65638,0.0,0.0
2022-06-09 00:00:00-04:00,50.18000030517578,55.25,50.07600021362305,51.869998931884766,58192,0.0,0.0
2022-06-10 00:00:00-04:00,50.83000183105469,59.540000915527344,48.75,59.540000915527344,58962,0.0,0.0
2022-06-13 00:00:00-04:00,59.79999923706055,61.22999954223633,53.040000915527344,56.029998779296875,89177,0.0,0.0
2022-06-14 00:00:00-04:00,56.54999923706055,57.59000015258789,43.290000915527344,44.20000076293945,74115,0.0,0.0
2022-06-15 00:00:00-04:00,43.029998779296875,45.5,40.95000076293945,43.290000915527344,22938,0.0,0.0
2022-06-16 00:00:00-04:00,41.599998474121094,42.63999938964844,38.09000015258789,40.040000915527344,27131,0.0,0.0
2022-06-17 00:00:00-04:00,40.81999969482422,44.20000076293945,40.29999923706055,42.119998931884766,49208,0.0,0.0
2022-06-21 00:00:00-04:00,42.900001525878906,44.05699920654297,39.650001525878906,40.16999816894531,46277,0.0,0.0
2022-06-22 00:00:00-04:00,39.130001068115234,40.22200012207031,37.310001373291016,37.83000183105469,29731,0.0,0.0
2022-06-23 00:00:00-04:00,37.83000183105469,38.220001220703125,35.22999954223633,35.880001068115234,26323,0.0,0.0
2022-06-24 00:00:00-04:00,36.27000045776367,38.220001220703125,35.4900016784668,35.880001068115234,20677,0.0,0.0
2022-06-27 00:00:00-04:00,35.4900016784668,36.91999816894531,34.84000015258789,35.619998931884766,9685,0.0,0.0
2022-06-28 00:00:00-04:00,35.880001068115234,37.56999969482422,33.150001525878906,33.540000915527344,18400,0.0,0.0
2022-06-29 00:00:00-04:00,34.060001373291016,34.060001373291016,29.3799991607666,31.329999923706055,29023,0.0,0.0
2022-06-30 00:00:00-04:00,30.68000030517578,31.719999313354492,30.030000686645508,31.200000762939453,9692,0.0,0.0
2022-07-01 00:00:00-04:00,30.940000534057617,32.7599983215332,29.874000549316406,31.850000381469727,13538,0.0,0.0
2022-07-05 00:00:00-04:00,31.459999084472656,32.11000061035156,29.510000228881836,31.59000015258789,10546,0.0,0.0
2022-07-06 00:00:00-04:00,30.420000076293945,32.48699951171875,29.159000396728516,30.290000915527344,22985,0.0,0.0
2022-07-07 00:00:00-04:00,31.06999969482422,32.11000061035156,29.639999389648438,31.459999084472656,15915,0.0,0.0
2022-07-08 00:00:00-04:00,31.719999313354492,33.66999816894531,31.329999923706055,33.540000915527344,9000,0.0,0.0
2022-07-11 00:00:00-04:00,32.5,32.5,29.639999389648438,30.290000915527344,10600,0.0,0.0
2022-07-12 00:00:00-04:00,30.290000915527344,30.979000091552734,28.989999771118164,29.770000457763672,5654,0.0,0.0
2022-07-13 00:00:00-04:00,28.989999771118164,35.099998474121094,28.600000381469727,30.290000915527344,206515,0.0,0.0
2022-07-14 00:00:00-04:00,29.639999389648438,30.15999984741211,27.559999465942383,28.989999771118164,25377,0.0,0.0
2022-07-15 00:00:00-04:00,29.770000457763672,29.770000457763672,28.34000015258789,28.600000381469727,13946,0.0,0.0
2022-07-18 00:00:00-04:00,29.3799991607666,30.68000030517578,28.417999267578125,29.510000228881836,14892,0.0,0.0
2022-07-19 00:00:00-04:00,29.899999618530273,31.59000015258789,29.82200050354004,31.200000762939453,31154,0.0,0.0
2022-07-20 00:00:00-04:00,31.979999542236328,33.02000045776367,30.809999465942383,33.02000045776367,16408,0.0,0.0
2022-07-21 00:00:00-04:00,33.540000915527344,36.27000045776367,32.630001068115234,33.79999923706055,59846,0.0,0.0
2022-07-22 00:00:00-04:00,35.619998931884766,35.619998931884766,30.420000076293945,30.809999465942383,20415,0.0,0.0
2022-07-25 00:00:00-04:00,31.719999313354492,33.02000045776367,30.68000030517578,31.329999923706055,14646,0.0,0.0
2022-07-26 00:00:00-04:00,30.68000030517578,31.23900032043457,29.510000228881836,30.809999465942383,6277,0.0,0.0
2022-07-27 00:00:00-04:00,31.25200080871582,31.979999542236328,29.899999618530273,31.59000015258789,9369,0.0,0.0
2022-07-28 00:00:00-04:00,31.59000015258789,33.279998779296875,30.420000076293945,32.5,15377,0.0,0.0
2022-07-29 00:00:00-04:00,33.279998779296875,34.189998626708984,31.850000381469727,33.66999816894531,9392,0.0,0.0
2022-08-01 00:00:00-04:00,33.79999923706055,33.79999923706055,31.850000381469727,32.88999938964844,4769,0.0,0.0
2022-08-02 00:00:00-04:00,32.369998931884766,35.112998962402344,32.369998931884766,33.93000030517578,14277,0.0,0.0
2022-08-03 00:00:00-04:00,34.060001373291016,34.34600067138672,31.719999313354492,32.11000061035156,6577,0.0,0.0
2022-08-04 00:00:00-04:00,32.5,34.930999755859375,31.329999923706055,31.979999542236328,24269,0.0,0.0
2022-08-05 00:00:00-04:00,31.59000015258789,32.88999938964844,30.290000915527344,32.369998931884766,7208,0.0,0.0
2022-08-08 00:00:00-04:00,33.540000915527344,35.4900016784668,32.630001068115234,34.58000183105469,33177,0.0,0.0
2022-08-09 00:00:00-04:00,34.58000183105469,34.709999084472656,31.329999923706055,33.02000045776367,10862,0.0,0.0
2022-08-10 00:00:00-04:00,34.45000076293945,37.41400146484375,33.02000045776367,35.619998931884766,61346,0.0,0.0
2022-08-11 00:00:00-04:00,35.75,37.04999923706055,33.79999923706055,34.970001220703125,16808,0.0,0.0
2022-08-12 00:00:00-04:00,36.0099983215332,43.290000915527344,35.06100082397461,40.95000076293945,107146,0.0,0.0
2022-08-15 00:00:00-04:00,41.470001220703125,42.63999938964844,38.349998474121094,39.2599983215332,56015,0.0,0.0
2022-08-16 00:00:00-04:00,38.61000061035156,39.0,36.529998779296875,37.18000030517578,26654,0.0,0.0
2022-08-17 00:00:00-04:00,36.790000915527344,36.91999816894531,34.709999084472656,35.22999954223633,16869,0.0,0.0
2022-08-18 00:00:00-04:00,34.970001220703125,36.0099983215332,34.58000183105469,35.619998931884766,5138,0.0,0.0
2022-08-19 00:00:00-04:00,35.36000061035156,35.54199981689453,32.630001068115234,33.279998779296875,13077,0.0,0.0
2022-08-22 00:00:00-04:00,33.150001525878906,36.0099983215332,31.719999313354492,32.2400016784668,64900,0.0,0.0
2022-08-23 00:00:00-04:00,32.5,34.970001220703125,31.200000762939453,31.59000015258789,21077,0.0,0.0
2022-08-24 00:00:00-04:00,32.369998931884766,33.66999816894531,31.329999923706055,33.279998779296875,21885,0.0,0.0
2022-08-25 00:00:00-04:00,34.31999969482422,35.75,32.577999114990234,34.970001220703125,13408,0.0,0.0
2022-08-26 00:00:00-04:00,35.099998474121094,35.099998474121094,31.719999313354492,32.369998931884766,15477,0.0,0.0
2022-08-29 00:00:00-04:00,31.979999542236328,33.540000915527344,30.68000030517578,31.329999923706055,9815,0.0,0.0
2022-08-30 00:00:00-04:00,31.459999084472656,33.02000045776367,29.639999389648438,30.030000686645508,10931,0.0,0.0
2022-08-31 00:00:00-04:00,30.549999237060547,30.849000930786133,29.770000457763672,30.290000915527344,11808,0.0,0.0
2022-09-01 00:00:00-04:00,29.770000457763672,30.15999984741211,28.469999313354492,29.25,12669,0.0,0.0
2022-09-02 00:00:00-04:00,29.43199920654297,31.329999923706055,28.469999313354492,28.600000381469727,10331,0.0,0.0
2022-09-06 00:00:00-04:00,29.899999618530273,29.899999618530273,28.145000457763672,28.34000015258789,6877,0.0,0.0
2022-09-07 00:00:00-04:00,29.639999389648438,31.979999542236328,28.34000015258789,31.459999084472656,19538,0.0,0.0
2022-09-08 00:00:00-04:00,32.7599983215332,34.84000015258789,31.06999969482422,34.709999084472656,29777,0.0,0.0
2022-09-09 00:00:00-04:00,36.0099983215332,37.18000030517578,34.45000076293945,36.91999816894531,37754,0.0,0.0
2022-09-12 00:00:00-04:00,37.18000030517578,38.09000015258789,34.957000732421875,37.310001373291016,19685,0.0,0.0
2022-09-13 00:00:00-04:00,36.0099983215332,37.310001373291016,33.93000030517578,36.13999938964844,10585,0.0,0.0
2022-09-14 00:00:00-04:00,36.13999938964844,36.790000915527344,34.67100143432617,36.790000915527344,4515,0.0,0.0
2022-09-15 00:00:00-04:00,37.70000076293945,38.7400016784668,34.970001220703125,35.099998474121094,15738,0.0,0.0
2022-09-16 00:00:00-04:00,33.93000030517578,34.84000015258789,32.5,33.540000915527344,61677,0.0,0.0
2022-09-19 00:00:00-04:00,33.150001525878906,33.93000030517578,31.200000762939453,32.369998931884766,36615,0.0,0.0
2022-09-20 00:00:00-04:00,32.369998931884766,32.382999420166016,30.549999237060547,30.68000030517578,24146,0.0,0.0
2022-09-21 00:00:00-04:00,31.850000381469727,32.7599983215332,30.030000686645508,30.549999237060547,17431,0.0,0.0
2022-09-22 00:00:00-04:00,30.420000076293945,31.395000457763672,29.510000228881836,29.899999618530273,18892,0.0,0.0
2022-09-23 00:00:00-04:00,36.27000045776367,46.150001525878906,33.540000915527344,41.34000015258789,5662969,0.0,0.0
2022-09-26 00:00:00-04:00,34.45000076293945,34.58000183105469,22.360000610351562,24.440000534057617,536000,0.0,0.0
2022-09-27 00:00:00-04:00,25.739999771118164,26.0,20.812999725341797,24.440000534057617,158154,0.0,0.0
2022-09-28 00:00:00-04:00,23.530000686645508,24.700000762939453,21.969999313354492,22.75,72500,0.0,0.0
2022-09-29 00:00:00-04:00,22.100000381469727,22.229999542236328,19.69499969482422,20.280000686645508,102138,0.0,0.0
2022-09-30 00:00:00-04:00,27.559999465942383,28.079999923706055,22.8799991607666,22.8799991607666,1007885,0.0,0.0
2022-10-03 00:00:00-04:00,23.790000915527344,28.729999542236328,22.229999542236328,27.950000762939453,213423,0.0,0.0
2022-10-04 00:00:00-04:00,28.860000610351562,34.84000015258789,28.236000061035156,33.40999984741211,137077,0.0,0.0
2022-10-05 00:00:00-04:00,32.5,39.650001525878906,29.899999618530273,37.56999969482422,170985,0.0,0.0
2022-10-06 00:00:00-04:00,37.439998626708984,42.900001525878906,35.36000061035156,35.880001068115234,120654,0.0,0.0
2022-10-07 00:00:00-04:00,34.970001220703125,39.0,33.79999923706055,35.36000061035156,63415,0.0,0.0
2022-10-10 00:00:00-04:00,34.58000183105469,34.904998779296875,28.34000015258789,29.639999389648438,60169,0.0,0.0
2022-10-11 00:00:00-04:00,29.1200008392334,29.496999740600586,26.260000228881836,26.780000686645508,70000,0.0,0.0
2022-10-12 00:00:00-04:00,27.43000030517578,28.469999313354492,24.92099952697754,27.559999465942383,57262,0.0,0.0
2022-10-13 00:00:00-04:00,26.649999618530273,29.25,25.09000015258789,28.729999542236328,37485,0.0,0.0
2022-10-14 00:00:00-04:00,30.030000686645508,30.15999984741211,27.299999237060547,27.559999465942383,12015,0.0,0.0
2022-10-17 00:00:00-04:00,28.469999313354492,29.3799991607666,26.649999618530273,27.040000915527344,17862,0.0,0.0
2022-10-18 00:00:00-04:00,28.729999542236328,28.729999542236328,26.520000457763672,26.90999984741211,18415,0.0,0.0
2022-10-19 00:00:00-04:00,26.1299991607666,27.663999557495117,25.610000610351562,26.260000228881836,26654,0.0,0.0
2022-10-20 00:00:00-04:00,26.780000686645508,28.53499984741211,25.479999542236328,26.649999618530273,33931,0.0,0.0
2022-10-21 00:00:00-04:00,26.0,35.880001068115234,26.0,31.59000015258789,251077,0.0,0.0
2022-10-24 00:00:00-04:00,31.850000381469727,31.979999542236328,27.950000762939453,29.770000457763672,47369,0.0,0.0
2022-10-25 00:00:00-04:00,30.549999237060547,34.45000076293945,30.042999267578125,33.66999816894531,48292,0.0,0.0
2022-10-26 00:00:00-04:00,32.7599983215332,33.79999923706055,31.06999969482422,31.59000015258789,34308,0.0,0.0
2022-10-27 00:00:00-04:00,31.200000762939453,32.630001068115234,28.34000015258789,30.290000915527344,25846,0.0,0.0
2022-10-28 00:00:00-04:00,30.549999237060547,34.45000076293945,30.549999237060547,33.150001525878906,41362,0.0,0.0
2022-10-31 00:00:00-04:00,33.66999816894531,35.20399856567383,32.88999938964844,34.58000183105469,26654,0.0,0.0
2022-11-01 00:00:00-04:00,35.4900016784668,37.310001373291016,33.94300079345703,35.22999954223633,30308,0.0,0.0
2022-11-02 00:00:00-04:00,35.619998931884766,35.99700164794922,32.630001068115234,33.279998779296875,22100,0.0,0.0
2022-11-03 00:00:00-04:00,33.279998779296875,35.4900016784668,31.719999313354492,35.22999954223633,27462,0.0,0.0
2022-11-04 00:00:00-04:00,35.75,40.560001373291016,35.75,39.90999984741211,68300,0.0,0.0
2022-11-07 00:00:00-05:00,40.95000076293945,40.95000076293945,36.790000915527344,39.130001068115234,29269,0.0,0.0
2022-11-08 00:00:00-05:00,40.29999923706055,42.77000045776367,37.83000183105469,41.08000183105469,44631,0.0,0.0
2022-11-09 00:00:00-05:00,40.81999969482422,41.08000183105469,38.388999938964844,40.43000030517578,33238,0.0,0.0
2022-11-10 00:00:00-05:00,41.72999954223633,43.290000915527344,39.92300033569336,41.86000061035156,33377,0.0,0.0
2022-11-11 00:00:00-05:00,42.63999938964844,45.2400016784668,41.86000061035156,44.59000015258789,47469,0.0,0.0
2022-11-14 00:00:00-05:00,46.150001525878906,48.099998474121094,42.25,46.93000030517578,38123,0.0,0.0
2022-11-15 00:00:00-05:00,49.27000045776367,49.27000045776367,43.939998626708984,44.849998474121094,27546,0.0,0.0
2022-11-16 00:00:00-05:00,44.849998474121094,44.849998474121094,38.46699905395508,41.08000183105469,36492,0.0,0.0
2022-11-17 00:00:00-05:00,40.43000030517578,41.72999954223633,38.61000061035156,39.779998779296875,26800,0.0,0.0
2022-11-18 00:00:00-05:00,39.2599983215332,40.9630012512207,39.130001068115234,40.29999923706055,11023,0.0,0.0
2022-11-21 00:00:00-05:00,41.470001220703125,45.11000061035156,40.689998626708984,42.380001068115234,28177,0.0,0.0
2022-11-22 00:00:00-05:00,44.06999969482422,44.06999969482422,41.08000183105469,41.9900016784668,12746,0.0,0.0
2022-11-23 00:00:00-05:00,40.95000076293945,43.54999923706055,40.573001861572266,43.029998779296875,11654,0.0,0.0
2022-11-25 00:00:00-05:00,43.15999984741211,44.20000076293945,41.209999084472656,43.939998626708984,14554,0.0,0.0
2022-11-28 00:00:00-05:00,42.900001525878906,43.35499954223633,38.09000015258789,39.0,26838,0.0,0.0
2022-11-29 00:00:00-05:00,38.61000061035156,39.650001525878906,37.83000183105469,39.650001525878906,9108,0.0,0.0
2022-11-30 00:00:00-05:00,40.040000915527344,40.95000076293945,38.28499984741211,40.95000076293945,13315,0.0,0.0
2022-12-01 00:00:00-05:00,40.95000076293945,41.34000015258789,38.45399856567383,39.2599983215332,11323,0.0,0.0
2022-12-02 00:00:00-05:00,39.38999938964844,40.16999816894531,38.7400016784668,38.869998931884766,9177,0.0,0.0
2022-12-05 00:00:00-05:00,38.869998931884766,39.845001220703125,37.85599899291992,38.7400016784668,4662,0.0,0.0
2022-12-06 00:00:00-05:00,39.38999938964844,39.38999938964844,36.400001525878906,37.70000076293945,7831,0.0,0.0
2022-12-07 00:00:00-05:00,37.18000030517578,38.47999954223633,36.90700149536133,38.09000015258789,5277,0.0,0.0
2022-12-08 00:00:00-05:00,37.439998626708984,37.70000076293945,29.1200008392334,29.899999618530273,67838,0.0,0.0
2022-12-09 00:00:00-05:00,31.200000762939453,32.11000061035156,28.860000610351562,30.940000534057617,24608,0.0,0.0
2022-12-12 00:00:00-05:00,30.420000076293945,32.17499923706055,29.25,30.030000686645508,9831,0.0,0.0
2022-12-13 00:00:00-05:00,30.030000686645508,32.2400016784668,29.899999618530273,30.030000686645508,16892,0.0,0.0
2022-12-14 00:00:00-05:00,29.899999618530273,31.59000015258789,28.600000381469727,29.899999618530273,10854,0.0,0.0
2022-12-15 00:00:00-05:00,29.3799991607666,30.030000686645508,27.299999237060547,28.079999923706055,16462,0.0,0.0
2022-12-16 00:00:00-05:00,27.299999237060547,28.34000015258789,26.260000228881836,27.690000534057617,10031,0.0,0.0
2022-12-19 00:00:00-05:00,27.950000762939453,28.34000015258789,25.739999771118164,26.260000228881836,10615,0.0,0.0
2022-12-20 00:00:00-05:00,25.739999771118164,28.31399917602539,25.350000381469727,26.1299991607666,8385,0.0,0.0
2022-12-21 00:00:00-05:00,27.040000915527344,29.639999389648438,26.975000381469727,28.600000381469727,9585,0.0,0.0
2022-12-22 00:00:00-05:00,28.600000381469727,28.600000381469727,26.065000534057617,27.040000915527344,8285,0.0,0.0
2022-12-23 00:00:00-05:00,27.950000762939453,30.809999465942383,27.45599937438965,30.549999237060547,9662,0.0,0.0
2022-12-27 00:00:00-05:00,30.940000534057617,31.200000762939453,26.260000228881836,26.260000228881836,18354,0.0,0.0
2022-12-28 00:00:00-05:00,26.649999618530273,27.950000762939453,26.1299991607666,27.950000762939453,7346,0.0,0.0
2022-12-29 00:00:00-05:00,28.079999923706055,29.770000457763672,26.961999893188477,29.510000228881836,5292,0.0,0.0
2022-12-30 00:00:00-05:00,29.510000228881836,29.899999618530273,27.81999969482422,29.639999389648438,2708,0.0,0.0
2023-01-03 00:00:00-05:00,29.510000228881836,30.641000747680664,27.950000762939453,29.510000228881836,3569,0.0,0.0
2023-01-04 00:00:00-05:00,28.600000381469727,30.420000076293945,27.950000762939453,28.600000381469727,4862,0.0,0.0
2023-01-05 00:00:00-05:00,28.079999923706055,29.39299964904785,27.299999237060547,27.81999969482422,3677,0.0,0.0
2023-01-06 00:00:00-05:00,29.510000228881836,30.549999237060547,28.469999313354492,29.25,7638,0.0,0.0
2023-01-09 00:00:00-05:00,29.1200008392334,30.420000076293945,28.209999084472656,29.899999618530273,3285,0.0,0.0
2023-01-10 00:00:00-05:00,30.030000686645508,31.06999969482422,29.04199981689453,29.899999618530273,3169,0.0,0.0
2023-01-11 00:00:00-05:00,30.290000915527344,32.17499923706055,30.15999984741211,31.06999969482422,8946,0.0,0.0
2023-01-12 00:00:00-05:00,31.59000015258789,33.540000915527344,30.15999984741211,32.369998931884766,22469,0.0,0.0
2023-01-13 00:00:00-05:00,32.630001068115234,34.060001373291016,31.59000015258789,32.66899871826172,8131,0.0,0.0
2023-01-17 00:00:00-05:00,33.540000915527344,35.099998474121094,33.150001525878906,33.40999984741211,7408,0.0,0.0
2023-01-18 00:00:00-05:00,34.060001373291016,34.917999267578125,30.940000534057617,31.200000762939453,7562,0.0,0.0
2023-01-19 00:00:00-05:00,30.68000030517578,32.7599983215332,30.549999237060547,32.2400016784668,5531,0.0,0.0
2023-01-20 00:00:00-05:00,32.2400016784668,34.060001373291016,30.940000534057617,33.18899917602539,3838,0.0,0.0
2023-01-23 00:00:00-05:00,33.279998779296875,33.66999816894531,30.68000030517578,32.369998931884766,6300,0.0,0.0
2023-01-24 00:00:00-05:00,32.88999938964844,33.79999923706055,31.459999084472656,32.369998931884766,5108,0.0,0.0
2023-01-25 00:00:00-05:00,31.59000015258789,33.150001525878906,31.06999969482422,32.369998931884766,3985,0.0,0.0
2023-01-26 00:00:00-05:00,32.5,33.79999923706055,29.770000457763672,31.43400001525879,10185,0.0,0.0
2023-01-27 00:00:00-05:00,31.200000762939453,32.2400016784668,29.899999618530273,31.06999969482422,11638,0.0,0.0
2023-01-30 00:00:00-05:00,30.030000686645508,32.590999603271484,29.1200008392334,29.1200008392334,13538,0.0,0.0
2023-01-31 00:00:00-05:00,31.06999969482422,32.11000061035156,30.030000686645508,30.809999465942383,10300,0.0,0.0
2023-02-01 00:00:00-05:00,31.06999969482422,31.850000381469727,29.770000457763672,31.329999923706055,16100,0.0,0.0
2023-02-02 00:00:00-05:00,33.02000045776367,33.02000045776367,30.030000686645508,31.329999923706055,13946,0.0,0.0
2023-02-03 00:00:00-05:00,31.329999923706055,32.11000061035156,30.68000030517578,30.940000534057617,10285,0.0,0.0
2023-02-06 00:00:00-05:00,30.549999237060547,31.200000762939453,29.899999618530273,30.549999237060547,4269,0.0,0.0
2023-02-07 00:00:00-05:00,30.15999984741211,31.459999084472656,29.899999618530273,30.549999237060547,7831,0.0,0.0
2023-02-08 00:00:00-05:00,30.68000030517578,31.459999084472656,29.899999618530273,30.420000076293945,4923,0.0,0.0
2023-02-09 00:00:00-05:00,30.809999465942383,30.86199951171875,25.479999542236328,27.43000030517578,14008,0.0,0.0
2023-02-10 00:00:00-05:00,27.43000030517578,28.795000076293945,27.43000030517578,28.34000015258789,4331,0.0,0.0
2023-02-13 00:00:00-05:00,28.079999923706055,29.1200008392334,27.559999465942383,27.559999465942383,2708,0.0,0.0
2023-02-14 00:00:00-05:00,27.43000030517578,30.420000076293945,27.43000030517578,29.899999618530273,10492,0.0,0.0
2023-02-15 00:00:00-05:00,29.510000228881836,29.834999084472656,27.559999465942383,28.729999542236328,6508,0.0,0.0
2023-02-16 00:00:00-05:00,28.209999084472656,29.510000228881836,27.96299934387207,28.860000610351562,5092,0.0,0.0
2023-02-17 00:00:00-05:00,29.510000228881836,29.510000228881836,27.742000579833984,28.079999923706055,4846,0.0,0.0
2023-02-21 00:00:00-05:00,27.559999465942383,30.15999984741211,27.43000030517578,29.770000457763672,31515,0.0,0.0
2023-02-22 00:00:00-05:00,30.290000915527344,30.290000915527344,27.81999969482422,28.600000381469727,8015,0.0,0.0
2023-02-23 00:00:00-05:00,28.600000381469727,29.770000457763672,27.7549991607666,29.3799991607666,15862,0.0,0.0
2023-02-24 00:00:00-05:00,28.600000381469727,29.639999389648438,28.079999923706055,28.600000381469727,5454,0.0,0.0
2023-02-27 00:00:00-05:00,28.600000381469727,28.989999771118164,27.81999969482422,28.079999923706055,7515,0.0,0.0
2023-02-28 00:00:00-05:00,28.079999923706055,28.469999313354492,27.81999969482422,27.950000762939453,6908,0.0,0.0
2023-03-01 00:00:00-05:00,27.690000534057617,28.079999923706055,27.299999237060547,27.43000030517578,5123,0.0,0.0
2023-03-02 00:00:00-05:00,27.43000030517578,27.950000762939453,26.1299991607666,26.90999984741211,4223,0.0,0.0
2023-03-03 00:00:00-05:00,27.170000076293945,28.209999084472656,27.040000915527344,28.014999389648438,4438,0.0,0.0
2023-03-06 00:00:00-05:00,27.950000762939453,28.469999313354492,26.649999618530273,27.559999465942383,5746,0.0,0.0
2023-03-07 00:00:00-05:00,27.559999465942383,27.690000534057617,26.57200050354004,27.299999237060547,4215,0.0,0.0
2023-03-08 00:00:00-05:00,27.43000030517578,27.559999465942383,26.389999389648438,26.90999984741211,3054,0.0,0.0
2023-03-09 00:00:00-05:00,27.040000915527344,27.040000915527344,25.180999755859375,25.180999755859375,11969,0.0,0.0
2023-03-10 00:00:00-05:00,25.8700008392334,26.0,23.65999984741211,23.920000076293945,10377,0.0,0.0
2023-03-13 00:00:00-04:00,23.530000686645508,24.700000762939453,23.399999618530273,23.790000915527344,3554,0.0,0.0
2023-03-14 00:00:00-04:00,24.700000762939453,24.700000762939453,23.399999618530273,24.309999465942383,2908,0.0,0.0
2023-03-15 00:00:00-04:00,24.700000762939453,24.700000762939453,21.31999969482422,22.815000534057617,4277,0.0,0.0
2023-03-16 00:00:00-04:00,23.790000915527344,24.440000534057617,22.100000381469727,23.65999984741211,7208,0.0,0.0
2023-03-17 00:00:00-04:00,24.440000534057617,24.56999969482422,23.43899917602539,24.440000534057617,2062,0.0,0.0
2023-03-20 00:00:00-04:00,24.700000762939453,24.700000762939453,23.399999618530273,23.530000686645508,2477,0.0,0.0
2023-03-21 00:00:00-04:00,24.829999923706055,24.829999923706055,23.530000686645508,24.049999237060547,5085,0.0,0.0
2023-03-22 00:00:00-04:00,23.65999984741211,24.56999969482422,23.65999984741211,24.18000030517578,3646,0.0,0.0
2023-03-23 00:00:00-04:00,24.440000534057617,24.700000762939453,23.413000106811523,23.920000076293945,3362,0.0,0.0
2023-03-24 00:00:00-04:00,23.139999389648438,24.56999969482422,22.360000610351562,24.049999237060547,4654,0.0,0.0
2023-03-27 00:00:00-04:00,24.440000534057617,24.700000762939453,22.503000259399414,23.270000457763672,6754,0.0,0.0
2023-03-28 00:00:00-04:00,23.399999618530273,24.700000762939453,22.489999771118164,24.309999465942383,4246,0.0,0.0
2023-03-29 00:00:00-04:00,24.700000762939453,24.700000762939453,23.920000076293945,24.5049991607666,2723,0.0,0.0
2023-03-30 00:00:00-04:00,25.219999313354492,26.0,24.18000030517578,24.56999969482422,4177,0.0,0.0
2023-03-31 00:00:00-04:00,24.56999969482422,25.8700008392334,24.56999969482422,24.895000457763672,3323,0.0,0.0
2023-04-03 00:00:00-04:00,24.829999923706055,25.479999542236328,24.309999465942383,25.09000015258789,2423,0.0,0.0
2023-04-04 00:00:00-04:00,25.09000015258789,25.350000381469727,24.062999725341797,25.219999313354492,1862,0.0,0.0
2023-04-05 00:00:00-04:00,24.959999084472656,25.350000381469727,24.322999954223633,25.09000015258789,1285,0.0,0.0
2023-04-06 00:00:00-04:00,25.350000381469727,25.350000381469727,24.049999237060547,24.309999465942383,2700,0.0,0.0
2023-04-10 00:00:00-04:00,24.18000030517578,24.700000762939453,23.920000076293945,24.049999237060547,3800,0.0,0.0
2023-04-11 00:00:00-04:00,24.700000762939453,25.350000381469727,24.440000534057617,25.219999313354492,4262,0.0,0.0
2023-04-12 00:00:00-04:00,25.350000381469727,25.350000381469727,24.309999465942383,24.700000762939453,3731,0.0,0.0
2023-04-13 00:00:00-04:00,24.309999465942383,26.0,24.309999465942383,25.479999542236328,2908,0.0,0.0
2023-04-14 00:00:00-04:00,26.780000686645508,26.780000686645508,25.09000015258789,25.350000381469727,3246,0.0,0.0
2023-04-17 00:00:00-04:00,24.959999084472656,25.8700008392334,24.829999923706055,25.8700008392334,1200,0.0,0.0
2023-04-18 00:00:00-04:00,26.520000457763672,26.649999618530273,25.739999771118164,26.325000762939453,4054,0.0,0.0
2023-04-19 00:00:00-04:00,26.260000228881836,26.260000228881836,25.531999588012695,26.0,2831,0.0,0.0
2023-04-20 00:00:00-04:00,25.350000381469727,25.753000259399414,24.089000701904297,24.829999923706055,3269,0.0,0.0
2023-04-21 00:00:00-04:00,24.440000534057617,26.0,24.440000534057617,25.350000381469727,885,0.0,0.0
2023-04-24 00:00:00-04:00,25.610000610351562,29.770000457763672,25.350000381469727,28.079999923706055,17131,0.0,0.0
2023-04-25 00:00:00-04:00,27.43000030517578,29.25,27.299999237060547,28.600000381469727,11185,0.0,0.0
2023-04-26 00:00:00-04:00,28.600000381469727,29.25,27.43000030517578,27.43000030517578,3331,0.0,0.0
2023-04-27 00:00:00-04:00,28.600000381469727,30.15999984741211,27.559999465942383,30.030000686645508,12515,0.0,0.0
2023-04-28 00:00:00-04:00,30.030000686645508,31.979999542236328,30.030000686645508,31.329999923706055,13823,0.0,0.0
2023-05-01 00:00:00-04:00,32.2400016784668,37.310001373291016,31.850000381469727,37.18000030517578,42946,0.0,0.0
2023-05-02 00:00:00-04:00,38.349998474121094,38.869998931884766,34.45000076293945,37.70000076293945,25746,0.0,0.0
2023-05-03 00:00:00-04:00,36.529998779296875,40.95000076293945,36.400001525878906,39.779998779296875,35277,0.0,0.0
2023-05-04 00:00:00-04:00,39.52000045776367,40.689998626708984,35.75,36.400001525878906,20900,0.0,0.0
2023-05-05 00:00:00-04:00,36.400001525878906,37.959999084472656,31.850000381469727,37.83000183105469,18154,0.0,0.0
2023-05-08 00:00:00-04:00,38.7400016784668,40.29999923706055,38.09000015258789,39.2599983215332,11046,0.0,0.0
2023-05-09 00:00:00-04:00,39.2599983215332,39.2599983215332,35.4900016784668,36.400001525878906,8438,0.0,0.0
2023-05-10 00:00:00-04:00,36.400001525878906,37.439998626708984,33.79999923706055,34.45000076293945,7869,0.0,0.0
2023-05-11 00:00:00-04:00,33.150001525878906,35.36000061035156,31.329999923706055,34.189998626708984,6662,0.0,0.0
2023-05-12 00:00:00-04:00,35.4900016784668,35.75,33.93000030517578,34.84000015258789,2623,0.0,0.0
2023-05-15 00:00:00-04:00,35.75,35.75,33.79999923706055,35.36000061035156,2538,0.0,0.0
2023-05-16 00:00:00-04:00,34.709999084472656,35.22999954223633,34.060001373291016,34.060001373291016,1715,0.0,0.0
2023-05-17 00:00:00-04:00,34.84000015258789,37.439998626708984,34.31999969482422,37.04999923706055,4785,0.0,0.0
2023-05-18 00:00:00-04:00,35.4900016784668,38.7400016784668,35.4900016784668,36.65999984741211,2862,0.0,0.0
2023-05-19 00:00:00-04:00,35.880001068115234,36.65999984741211,34.58000183105469,35.099998474121094,3654,0.0,0.0
2023-05-22 00:00:00-04:00,35.099998474121094,37.375,33.79999923706055,36.400001525878906,3600,0.0,0.0
2023-05-23 00:00:00-04:00,36.400001525878906,36.91999816894531,35.4900016784668,35.4900016784668,3300,0.0,0.0
2023-05-24 00:00:00-04:00,34.189998626708984,35.099998474121094,33.79999923706055,34.45000076293945,2031,0.0,0.0
2023-05-25 00:00:00-04:00,34.31999969482422,35.099998474121094,32.5,33.40999984741211,3600,0.0,0.0
2023-05-26 00:00:00-04:00,33.79999923706055,34.060001373291016,32.88999938964844,33.79999923706055,1938,0.0,0.0
2023-05-30 00:00:00-04:00,33.79999923706055,33.79999923706055,32.5,32.630001068115234,2362,0.0,0.0
2023-05-31 00:00:00-04:00,32.5,34.45000076293945,31.459999084472656,33.540000915527344,5500,0.0,0.0
2023-06-01 00:00:00-04:00,33.66999816894531,33.66999816894531,31.459999084472656,31.59000015258789,5638,0.0,0.0
2023-06-02 00:00:00-04:00,31.719999313354492,33.150001525878906,31.59000015258789,32.5,2569,0.0,0.0
2023-06-05 00:00:00-04:00,32.5,32.82500076293945,31.979999542236328,31.979999542236328,1715,0.0,0.0
2023-06-06 00:00:00-04:00,31.329999923706055,32.11000061035156,31.06999969482422,31.200000762939453,3577,0.0,0.0
2023-06-07 00:00:00-04:00,31.200000762939453,32.5,31.06999969482422,31.979999542236328,3662,0.0,0.0
2023-06-08 00:00:00-04:00,32.11000061035156,33.279998779296875,32.08399963378906,32.7599983215332,4738,0.0,0.0
2023-06-09 00:00:00-04:00,32.11000061035156,32.88999938964844,31.329999923706055,31.979999542236328,6685,0.0,0.0
2023-06-12 00:00:00-04:00,31.979999542236328,33.150001525878906,31.979999542236328,32.630001068115234,2277,0.0,0.0
2023-06-13 00:00:00-04:00,32.11000061035156,33.79999923706055,32.11000061035156,33.150001525878906,3246,0.0,0.0
2023-06-14 00:00:00-04:00,33.279998779296875,33.279998779296875,32.11000061035156,32.2400016784668,5154,0.0,0.0
2023-06-15 00:00:00-04:00,32.630001068115234,32.88999938964844,31.329999923706055,32.7599983215332,5069,0.0,0.0
2023-06-16 00:00:00-04:00,32.88999938964844,33.79999923706055,32.5,32.88999938964844,2415,0.0,0.0
2023-06-20 00:00:00-04:00,33.279998779296875,33.279998779296875,32.5,32.643001556396484,1969,0.0,0.0
2023-06-21 00:00:00-04:00,32.7599983215332,33.124000549316406,32.11000061035156,32.11000061035156,1323,0.0,0.0
2023-06-22 00:00:00-04:00,32.27899932861328,32.630001068115234,30.68000030517578,31.200000762939453,8454,0.0,0.0
2023-06-23 00:00:00-04:00,31.459999084472656,32.2400016784668,31.06999969482422,31.719999313354492,2162,0.0,0.0
2023-06-26 00:00:00-04:00,31.719999313354492,31.719999313354492,31.59000015258789,31.719999313354492,2554,0.0,0.0
2023-06-27 00:00:00-04:00,31.850000381469727,31.850000381469727,31.59000015258789,31.59000015258789,2423,0.0,0.0
2023-06-28 00:00:00-04:00,31.59000015258789,31.719999313354492,30.68000030517578,31.200000762939453,4162,0.0,0.0
2023-06-29 00:00:00-04:00,30.68000030517578,31.59000015258789,29.899999618530273,30.68000030517578,2092,0.0,0.0
2023-06-30 00:00:00-04:00,31.719999313354492,31.719999313354492,29.25,29.510000228881836,4823,0.0,0.0
2023-07-03 00:00:00-04:00,29.639999389648438,30.420000076293945,29.510000228881836,29.899999618530273,3838,0.0,0.0
2023-07-05 00:00:00-04:00,28.729999542236328,29.639999389648438,28.600000381469727,28.600000381469727,3531,0.0,0.0
2023-07-06 00:00:00-04:00,28.600000381469727,29.1200008392334,27.299999237060547,27.559999465942383,4508,0.0,0.0
2023-07-07 00:00:00-04:00,27.950000762939453,30.030000686645508,27.950000762939453,29.510000228881836,2985,0.0,0.0
2023-07-10 00:00:00-04:00,28.729999542236328,30.15999984741211,28.729999542236328,30.030000686645508,2846,0.0,0.0
2023-07-11 00:00:00-04:00,30.420000076293945,33.540000915527344,30.290000915527344,32.88999938964844,7069,0.0,0.0
2023-07-12 00:00:00-04:00,32.88999938964844,32.88999938964844,31.200000762939453,31.200000762939453,4708,0.0,0.0
2023-07-13 00:00:00-04:00,31.850000381469727,32.29199981689453,26.649999618530273,27.7549991607666,26238,0.0,0.0
2023-07-14 00:00:00-04:00,28.729999542236328,29.25,27.170000076293945,27.170000076293945,7538,0.0,0.0
2023-07-17 00:00:00-04:00,27.690000534057617,29.61400032043457,27.299999237060547,28.860000610351562,7485,0.0,0.0
2023-07-18 00:00:00-04:00,28.600000381469727,28.989999771118164,26.0,26.0,10585,0.0,0.0
2023-07-19 00:00:00-04:00,26.90999984741211,27.299999237060547,26.0,27.299999237060547,6600,0.0,0.0
2023-07-20 00:00:00-04:00,27.170000076293945,27.299999237060547,26.0,27.040000915527344,3123,0.0,0.0
2023-07-21 00:00:00-04:00,26.780000686645508,27.950000762939453,26.780000686645508,27.170000076293945,3754,0.0,0.0
2023-07-24 00:00:00-04:00,26.90999984741211,29.770000457763672,26.90999984741211,27.559999465942383,7754,0.0,0.0
2023-07-25 00:00:00-04:00,27.950000762939453,28.729999542236328,26.520000457763672,27.299999237060547,4600,0.0,0.0
2023-07-26 00:00:00-04:00,27.43000030517578,27.572999954223633,26.0,26.389999389648438,5862,0.0,0.0
2023-07-27 00:00:00-04:00,26.780000686645508,27.170000076293945,25.09000015258789,25.610000610351562,5338,0.0,0.0
2023-07-28 00:00:00-04:00,26.1299991607666,26.649999618530273,25.350000381469727,26.520000457763672,3069,0.0,0.0
2023-07-31 00:00:00-04:00,26.780000686645508,28.469999313354492,26.16900062561035,27.559999465942383,6115,0.0,0.0
2023-08-01 00:00:00-04:00,26.780000686645508,27.170000076293945,25.739999771118164,25.8700008392334,4008,0.0,0.0
2023-08-02 00:00:00-04:00,25.610000610351562,26.780000686645508,24.959999084472656,26.780000686645508,3900,0.0,0.0
2023-08-03 00:00:00-04:00,26.780000686645508,26.780000686645508,26.0,26.520000457763672,1069,0.0,0.0
2023-08-04 00:00:00-04:00,26.1299991607666,26.649999618530273,26.0,26.260000228881836,1254,0.0,0.0
2023-08-07 00:00:00-04:00,26.389999389648438,26.649999618530273,25.350000381469727,25.739999771118164,2400,0.0,0.0
2023-08-08 00:00:00-04:00,26.260000228881836,26.780000686645508,25.219999313354492,25.739999771118164,2992,0.0,0.0
2023-08-09 00:00:00-04:00,26.649999618530273,26.649999618530273,25.479999542236328,25.8700008392334,1431,0.0,0.0
2023-08-10 00:00:00-04:00,27.299999237060547,28.600000381469727,26.780000686645508,27.170000076293945,10915,0.0,0.0
2023-08-11 00:00:00-04:00,26.780000686645508,27.091999053955078,25.610000610351562,26.389999389648438,5738,0.0,0.0
2023-08-14 00:00:00-04:00,25.739999771118164,26.0,25.479999542236328,26.0,1762,0.0,0.0
2023-08-15 00:00:00-04:00,25.350000381469727,25.961000442504883,24.440000534057617,24.829999923706055,5146,0.0,0.0
2023-08-16 00:00:00-04:00,24.18000030517578,25.479999542236328,23.399999618530273,24.959999084472656,6100,0.0,0.0
2023-08-17 00:00:00-04:00,25.350000381469727,25.350000381469727,23.920000076293945,24.309999465942383,3654,0.0,0.0
2023-08-18 00:00:00-04:00,23.790000915527344,25.219999313354492,23.790000915527344,25.219999313354492,1331,0.0,0.0
2023-08-21 00:00:00-04:00,26.0,26.0,24.829999923706055,25.739999771118164,3031,0.0,0.0
2023-08-22 00:00:00-04:00,26.0,26.0,24.114999771118164,24.829999923706055,2231,0.0,0.0
2023-08-23 00:00:00-04:00,25.479999542236328,25.8700008392334,24.700000762939453,25.610000610351562,3092,0.0,0.0
2023-08-24 00:00:00-04:00,25.09000015258789,25.739999771118164,24.959999084472656,24.959999084472656,577,0.0,0.0
2023-08-25 00:00:00-04:00,25.479999542236328,25.479999542236328,24.440000534057617,25.479999542236328,1462,0.0,0.0
2023-08-28 00:00:00-04:00,25.479999542236328,25.739999771118164,24.309999465942383,24.309999465942383,1554,0.0,0.0
2023-08-29 00:00:00-04:00,24.440000534057617,25.09000015258789,23.530000686645508,24.18000030517578,3146,0.0,0.0
2023-08-30 00:00:00-04:00,24.440000534057617,25.466999053955078,23.920000076293945,25.219999313354492,2292,0.0,0.0
2023-08-31 00:00:00-04:00,24.700000762939453,25.350000381469727,24.18000030517578,24.959999084472656,1046,0.0,0.0
2023-09-01 00:00:00-04:00,24.700000762939453,25.479999542236328,24.18000030517578,24.959999084472656,2908,0.0,0.0
2023-09-05 00:00:00-04:00,24.700000762939453,25.739999771118164,24.16699981689453,24.700000762939453,2669,0.0,0.0
2023-09-06 00:00:00-04:00,24.700000762939453,24.959999084472656,24.18000030517578,24.829999923706055,2223,0.0,0.0
2023-09-07 00:00:00-04:00,24.829999923706055,24.829999923706055,24.049999237060547,24.309999465942383,1869,0.0,0.0
2023-09-08 00:00:00-04:00,24.049999237060547,25.350000381469727,23.790000915527344,23.920000076293945,2262,0.0,0.0
2023-09-11 00:00:00-04:00,23.65999984741211,24.5049991607666,23.65999984741211,23.920000076293945,1000,0.0,0.0
2023-09-12 00:00:00-04:00,23.65999984741211,24.829999923706055,23.65999984741211,24.440000534057617,1546,0.0,0.0
2023-09-13 00:00:00-04:00,23.920000076293945,24.700000762939453,23.399999618530273,24.309999465942383,3031,0.0,0.0
2023-09-14 00:00:00-04:00,24.18000030517578,24.440000534057617,23.399999618530273,23.399999618530273,2415,0.0,0.0
2023-09-15 00:00:00-04:00,23.399999618530273,24.440000534057617,23.399999618530273,23.65999984741211,1231,0.0,0.0
2023-09-18 00:00:00-04:00,23.530000686645508,24.440000534057617,23.399999618530273,24.049999237060547,2000,0.0,0.0
2023-09-19 00:00:00-04:00,23.530000686645508,23.530000686645508,19.760000228881836,19.889999389648438,17615,0.0,0.0
2023-09-20 00:00:00-04:00,21.450000762939453,21.450000762939453,18.200000762939453,18.329999923706055,6723,0.0,0.0
2023-09-21 00:00:00-04:00,17.940000534057617,18.719999313354492,16.639999389648438,18.329999923706055,6946,0.0,0.0
2023-09-22 00:00:00-04:00,17.940000534057617,18.719999313354492,16.899999618530273,17.68000030517578,5038,0.0,0.0
2023-09-25 00:00:00-04:00,18.200000762939453,18.200000762939453,13.779999732971191,13.779999732971191,24708,0.0,0.0
2023-09-26 00:00:00-04:00,13.90999984741211,15.34000015258789,13.0,13.130000114440918,14262,0.0,0.0
2023-09-27 00:00:00-04:00,13.649999618530273,14.118000030517578,13.130000114440918,13.130000114440918,5562,0.0,0.0
2023-09-28 00:00:00-04:00,13.390000343322754,16.25,13.390000343322754,16.25,14377,0.0,0.0
2023-09-29 00:00:00-04:00,15.989999771118164,19.889999389648438,15.989999771118164,17.15999984741211,30823,0.0,0.0
2023-10-02 00:00:00-04:00,17.15999984741211,18.979999542236328,13.975000381469727,15.859999656677246,17654,0.0,0.0
2023-10-03 00:00:00-04:00,15.470000267028809,16.0939998626709,13.779999732971191,15.729999542236328,12946,0.0,0.0
2023-10-04 00:00:00-04:00,15.859999656677246,17.15999984741211,15.600000381469727,16.639999389648438,6800,0.0,0.0
2023-10-05 00:00:00-04:00,17.420000076293945,17.53700065612793,15.600000381469727,16.510000228881836,7723,0.0,0.0
2023-10-06 00:00:00-04:00,16.1200008392334,18.551000595092773,15.769000053405762,17.15999984741211,3808,0.0,0.0
2023-10-09 00:00:00-04:00,17.420000076293945,18.59000015258789,16.899999618530273,17.549999237060547,3854,0.0,0.0
2023-10-10 00:00:00-04:00,17.549999237060547,18.0310001373291,16.4060001373291,16.770000457763672,2808,0.0,0.0
2023-10-11 00:00:00-04:00,17.15999984741211,17.15999984741211,15.600000381469727,16.1200008392334,5038,0.0,0.0
2023-10-12 00:00:00-04:00,15.859999656677246,16.639999389648438,14.949999809265137,15.079999923706055,6446,0.0,0.0
2023-10-13 00:00:00-04:00,15.079999923706055,15.690999984741211,14.039999961853027,14.5600004196167,2508,0.0,0.0
2023-10-16 00:00:00-04:00,14.949999809265137,14.949999809265137,14.5600004196167,14.6899995803833,1485,0.0,0.0
2023-10-17 00:00:00-04:00,14.6899995803833,14.949999809265137,14.039999961853027,14.6899995803833,2069,0.0,0.0
2023-10-18 00:00:00-04:00,14.5600004196167,14.5600004196167,13.260000228881836,13.779999732971191,5223,0.0,0.0
2023-10-19 00:00:00-04:00,14.430000305175781,14.819999694824219,12.623000144958496,13.260000228881836,5992,0.0,0.0
2023-10-20 00:00:00-04:00,13.0,13.779999732971191,11.960000038146973,12.336999893188477,6438,0.0,0.0
2023-10-23 00:00:00-04:00,12.72700023651123,12.947999954223633,11.154000282287598,12.246000289916992,10723,0.0,0.0
2023-10-24 00:00:00-04:00,11.881999969482422,15.352999687194824,11.881999969482422,13.585000038146973,7546,0.0,0.0
2023-10-25 00:00:00-04:00,13.90999984741211,13.90999984741211,12.36299991607666,13.390000343322754,3292,0.0,0.0
2023-10-26 00:00:00-04:00,13.649999618530273,13.649999618530273,12.350000381469727,13.0,2815,0.0,0.0
2023-10-27 00:00:00-04:00,12.739999771118164,14.430000305175781,12.09000015258789,13.520000457763672,3831,0.0,0.0
2023-10-30 00:00:00-04:00,13.130000114440918,13.324999809265137,10.270000457763672,10.920000076293945,10000,0.0,0.0
2023-10-31 00:00:00-04:00,11.543999671936035,11.543999671936035,10.920000076293945,11.3100004196167,2169,0.0,0.0
2023-11-01 00:00:00-04:00,11.3100004196167,12.350000381469727,11.3100004196167,11.4399995803833,2346,0.0,0.0
2023-11-02 00:00:00-04:00,11.180000305175781,12.324000358581543,10.920000076293945,11.699999809265137,2385,0.0,0.0
2023-11-03 00:00:00-04:00,10.920000076293945,11.609000205993652,10.529999732971191,10.529999732971191,12438,0.0,0.0
2023-11-06 00:00:00-05:00,11.413999557495117,11.881999969482422,10.529999732971191,10.65999984741211,1262,0.0,0.0
2023-11-07 00:00:00-05:00,10.529999732971191,10.777000427246094,9.489999771118164,10.270000457763672,5685,0.0,0.0
2023-11-08 00:00:00-05:00,10.868000030517578,10.868000030517578,9.75,9.75,2354,0.0,0.0
2023-11-09 00:00:00-05:00,9.75,10.244000434875488,9.619999885559082,9.75,4715,0.0,0.0
2023-11-10 00:00:00-05:00,9.75,9.75,7.539999961853027,8.619000434875488,12192,0.0,0.0
2023-11-13 00:00:00-05:00,7.877999782562256,9.581000328063965,7.877999782562256,8.84000015258789,2831,0.0,0.0
2023-11-14 00:00:00-05:00,8.553999900817871,9.359999656677246,8.293999671936035,9.359999656677246,4062,0.0,0.0
2023-11-15 00:00:00-05:00,9.217000007629395,9.75,7.800000190734863,9.243000030517578,19885,0.0,0.0
2023-11-16 00:00:00-05:00,9.489999771118164,9.489999771118164,8.736000061035156,9.152000427246094,1946,0.0,0.0
2023-11-17 00:00:00-05:00,8.970000267028809,10.65999984741211,8.852999687194824,9.38599967956543,2785,0.0,0.0
2023-11-20 00:00:00-05:00,9.75,10.140000343322754,8.970000267028809,9.425000190734863,1623,0.0,0.0
2023-11-21 00:00:00-05:00,9.619999885559082,9.944999694824219,9.11299991607666,9.333999633789062,2885,0.0,0.0
2023-11-22 00:00:00-05:00,9.359999656677246,9.8149995803833,9.100000381469727,9.529000282287598,1423,0.0,0.0
2023-11-24 00:00:00-05:00,9.619999885559082,9.619999885559082,8.944000244140625,9.243000030517578,1385,0.0,0.0
2023-11-27 00:00:00-05:00,8.84000015258789,9.8149995803833,8.84000015258789,9.100000381469727,4369,0.0,0.0
2023-11-28 00:00:00-05:00,9.697999954223633,10.010000228881836,7.6570000648498535,8.072999954223633,6954,0.0,0.0
2023-11-29 00:00:00-05:00,8.956999778747559,9.100000381469727,7.942999839782715,8.345999717712402,4508,0.0,0.0
2023-11-30 00:00:00-05:00,8.449999809265137,8.710000038146973,7.670000076293945,7.929999828338623,6238,0.0,0.0
2023-12-01 00:00:00-05:00,8.1899995803833,8.710000038146973,6.5,6.513000011444092,27992,0.0,0.0
2023-12-04 00:00:00-05:00,6.630000114440918,7.150000095367432,5.849999904632568,6.239999771118164,13262,0.0,0.0
2023-12-05 00:00:00-05:00,6.5,6.578000068664551,6.317999839782715,6.317999839782715,9285,0.0,0.0
2023-12-06 00:00:00-05:00,6.369999885559082,7.150000095367432,6.252999782562256,6.656000137329102,14885,0.0,0.0
2023-12-07 00:00:00-05:00,6.5,7.28000020980835,5.849999904632568,6.604000091552734,13185,0.0,0.0
2023-12-08 00:00:00-05:00,6.408999919891357,6.526000022888184,6.019000053405762,6.1620001792907715,7585,0.0,0.0
2023-12-11 00:00:00-05:00,6.1620001792907715,6.447999954223633,6.019000053405762,6.019000053405762,3054,0.0,0.0
2023-12-12 00:00:00-05:00,6.630000114440918,6.64300012588501,5.980000019073486,5.980000019073486,5692,0.0,0.0
2023-12-13 00:00:00-05:00,5.980000019073486,6.239999771118164,5.355999946594238,5.849999904632568,7515,0.0,0.0
2023-12-14 00:00:00-05:00,5.849999904632568,7.800000190734863,5.71999979019165,7.176000118255615,17000,0.0,0.0
2023-12-15 00:00:00-05:00,7.150000095367432,8.449999809265137,6.889999866485596,7.539999961853027,17015,0.0,0.0
2023-12-18 00:00:00-05:00,7.929999828338623,8.1899995803833,7.150000095367432,7.254000186920166,4446,0.0,0.0
2023-12-19 00:00:00-05:00,7.34499979019165,8.579999923706055,7.293000221252441,8.579999923706055,10962,0.0,0.0
2023-12-20 00:00:00-05:00,8.293999671936035,8.579999923706055,8.0600004196167,8.1899995803833,2415,0.0,0.0
2023-12-21 00:00:00-05:00,8.579999923706055,11.375,8.449999809265137,11.375,30438,0.0,0.0
2023-12-22 00:00:00-05:00,12.350000381469727,15.600000381469727,11.699999809265137,15.600000381469727,67146,0.0,0.0
2023-12-26 00:00:00-05:00,16.3799991607666,16.3799991607666,11.4399995803833,12.973999977111816,22954,0.0,0.0
2023-12-27 00:00:00-05:00,12.675000190734863,18.160999298095703,12.220000267028809,15.859999656677246,47438,0.0,0.0
2023-12-28 00:00:00-05:00,16.3799991607666,17.549999237060547,15.859999656677246,16.899999618530273,13162,0.0,0.0
2023-12-29 00:00:00-05:00,16.899999618530273,17.290000915527344,15.027999877929688,15.210000038146973,10177,0.0,0.0
2024-01-02 00:00:00-05:00,15.729999542236328,16.25,13.90999984741211,14.170000076293945,3500,0.0,0.0
2024-01-03 00:00:00-05:00,14.949999809265137,15.34000015258789,14.039999961853027,14.819999694824219,4600,0.0,0.0
2024-01-04 00:00:00-05:00,14.819999694824219,14.819999694824219,14.039999961853027,14.300000190734863,4654,0.0,0.0
2024-01-05 00:00:00-05:00,14.468999862670898,14.885000228881836,13.520000457763672,13.90999984741211,4954,0.0,0.0
2024-01-08 00:00:00-05:00,13.520000457763672,13.779999732971191,11.543999671936035,13.390000343322754,10669,0.0,0.0
2024-01-09 00:00:00-05:00,13.0,19.5,13.0,14.819999694824219,45254,0.0,0.0
2024-01-10 00:00:00-05:00,14.6899995803833,16.3799991607666,13.90999984741211,14.6899995803833,16100,0.0,0.0
2024-01-11 00:00:00-05:00,14.300000190734863,18.459999084472656,14.300000190734863,16.25,18885,0.0,0.0
2024-01-12 00:00:00-05:00,16.899999618530273,16.899999618530273,15.34000015258789,15.470000267028809,3800,0.0,0.0
2024-01-16 00:00:00-05:00,15.210000038146973,17.549999237060547,14.6899995803833,14.6899995803833,3123,0.0,0.0
2024-01-17 00:00:00-05:00,14.6899995803833,15.210000038146973,14.5600004196167,14.949999809265137,3700,0.0,0.0
2024-01-18 00:00:00-05:00,15.079999923706055,16.510000228881836,14.5600004196167,15.079999923706055,4985,0.0,0.0
2024-01-19 00:00:00-05:00,14.819999694824219,15.32699966430664,14.300000190734863,14.430000305175781,2438,0.0,0.0
2024-01-22 00:00:00-05:00,14.430000305175781,14.755000114440918,12.609999656677246,13.130000114440918,8754,0.0,0.0
2024-01-23 00:00:00-05:00,13.130000114440918,13.649999618530273,12.609999656677246,13.0,3892,0.0,0.0
2024-01-24 00:00:00-05:00,13.520000457763672,13.520000457763672,12.609999656677246,13.390000343322754,3592,0.0,0.0
2024-01-25 00:00:00-05:00,13.649999618530273,13.649999618530273,12.609999656677246,13.0,2508,0.0,0.0
2024-01-26 00:00:00-05:00,12.869999885559082,13.390000343322754,12.739999771118164,12.883000373840332,1592,0.0,0.0
2024-01-29 00:00:00-05:00,13.0,13.0,11.972999572753906,12.609999656677246,3192,0.0,0.0
2024-01-30 00:00:00-05:00,12.024999618530273,12.479999542236328,11.387999534606934,11.829999923706055,5485,0.0,0.0
2024-01-31 00:00:00-05:00,11.4399995803833,12.09000015258789,11.401000022888184,11.829999923706055,2200,0.0,0.0
2024-02-01 00:00:00-05:00,11.336000442504883,11.829999923706055,11.050000190734863,11.3100004196167,3169,0.0,0.0
2024-02-02 00:00:00-05:00,11.050000190734863,11.479000091552734,10.204999923706055,10.633999824523926,5731,0.0,0.0
2024-02-05 00:00:00-05:00,10.65999984741211,10.789999961853027,9.840999603271484,10.074999809265137,5208,0.0,0.0
2024-02-06 00:00:00-05:00,10.140000343322754,10.789999961853027,9.555000305175781,10.413000106811523,5877,0.0,0.0
2024-02-07 00:00:00-05:00,10.789999961853027,10.789999961853027,9.581000328063965,10.65999984741211,2208,0.0,0.0
2024-02-08 00:00:00-05:00,10.789999961853027,11.946999549865723,10.399999618530273,11.4399995803833,9708,0.0,0.0
2024-02-09 00:00:00-05:00,11.517999649047852,12.220000267028809,11.517999649047852,11.960000038146973,4569,0.0,0.0
2024-02-12 00:00:00-05:00,12.220000267028809,13.520000457763672,11.569999694824219,13.260000228881836,4062,0.0,0.0
2024-02-13 00:00:00-05:00,13.779999732971191,13.779999732971191,12.350000381469727,12.609999656677246,2046,0.0,0.0
2024-02-14 00:00:00-05:00,12.350000381469727,13.0,11.803999900817871,13.0,4392,0.0,0.0
2024-02-15 00:00:00-05:00,13.260000228881836,13.649999618530273,12.675000190734863,13.520000457763672,1354,0.0,0.0
2024-02-16 00:00:00-05:00,12.701000213623047,13.779999732971191,12.37600040435791,13.520000457763672,1946,0.0,0.0
2024-02-20 00:00:00-05:00,13.0,13.0,12.09000015258789,12.609999656677246,1869,0.0,0.0
2024-02-21 00:00:00-05:00,12.28499984741211,13.0,11.699999809265137,13.0,2077,0.0,0.0
2024-02-22 00:00:00-05:00,12.869999885559082,14.300000190734863,11.960000038146973,14.300000190734863,3315,0.0,0.0
2024-02-23 00:00:00-05:00,14.300000190734863,16.510000228881836,13.649999618530273,15.210000038146973,12269,0.0,0.0
2024-02-26 00:00:00-05:00,14.819999694824219,14.819999694824219,13.961999893188477,14.819999694824219,3831,0.0,0.0
2024-02-27 00:00:00-05:00,14.5600004196167,15.600000381469727,13.260000228881836,14.949999809265137,2700,0.0,0.0
2024-02-28 00:00:00-05:00,14.6899995803833,15.859999656677246,13.520000457763672,14.430000305175781,3031,0.0,0.0
2024-02-29 00:00:00-05:00,14.300000190734863,15.34000015258789,13.649999618530273,14.949999809265137,2869,0.0,0.0
2024-03-01 00:00:00-05:00,14.6899995803833,14.819999694824219,13.324999809265137,13.71500015258789,2069,0.0,0.0
2024-03-04 00:00:00-05:00,13.779999732971191,14.91100025177002,13.390000343322754,14.430000305175781,2438,0.0,0.0
2024-03-05 00:00:00-05:00,14.300000190734863,14.5600004196167,13.649999618530273,14.144000053405762,4762,0.0,0.0
2024-03-06 00:00:00-05:00,14.170000076293945,14.6899995803833,13.0,13.779999732971191,6292,0.0,0.0
2024-03-07 00:00:00-05:00,13.390000343322754,13.649999618530273,11.960000038146973,13.520000457763672,3231,0.0,0.0
2024-03-08 00:00:00-05:00,12.739999771118164,13.779999732971191,12.246000289916992,12.791999816894531,2454,0.0,0.0
2024-03-11 00:00:00-04:00,13.130000114440918,13.130000114440918,11.829999923706055,11.960000038146973,2431,0.0,0.0
2024-03-12 00:00:00-04:00,12.869999885559082,12.869999885559082,9.359999656677246,11.218999862670898,10654,0.0,0.0
2024-03-13 00:00:00-04:00,11.062999725341797,11.960000038146973,10.399999618530273,11.4399995803833,5238,0.0,0.0
2024-03-14 00:00:00-04:00,11.699999809265137,12.739999771118164,11.050000190734863,11.699999809265137,5962,0.0,0.0
2024-03-15 00:00:00-04:00,11.960000038146973,12.336999893188477,11.699999809265137,12.336999893188477,4731,0.0,0.0
2024-03-18 00:00:00-04:00,12.09000015258789,12.258999824523926,11.180000305175781,11.543999671936035,3685,0.0,0.0
2024-03-19 00:00:00-04:00,11.45300006866455,12.350000381469727,11.050000190734863,11.960000038146973,4508,0.0,0.0
2024-03-20 00:00:00-04:00,12.220000267028809,12.29800033569336,11.050000190734863,12.220000267028809,1646,0.0,0.0
2024-03-21 00:00:00-04:00,12.350000381469727,12.350000381469727,11.050000190734863,11.569999694824219,4354,0.0,0.0
2024-03-22 00:00:00-04:00,11.699999809265137,11.699999809265137,10.65999984741211,10.920000076293945,5392,0.0,0.0
2024-03-25 00:00:00-04:00,10.920000076293945,11.4399995803833,10.920000076293945,11.02400016784668,1492,0.0,0.0
2024-03-26 00:00:00-04:00,11.244999885559082,11.244999885559082,10.413000106811523,11.036999702453613,1838,0.0,0.0
2024-03-27 00:00:00-04:00,11.4399995803833,11.4399995803833,10.425999641418457,11.180000305175781,3862,0.0,0.0
2024-03-28 00:00:00-04:00,10.607999801635742,13.649999618530273,10.399999618530273,13.0,27346,0.0,0.0
2024-04-01 00:00:00-04:00,13.390000343322754,13.520000457763672,12.350000381469727,13.0,15708,0.0,0.0
2024-04-02 00:00:00-04:00,12.869999885559082,12.869999885559082,11.491999626159668,11.699999809265137,5277,0.0,0.0
2024-04-03 00:00:00-04:00,11.699999809265137,12.869999885559082,11.699999809265137,11.829999923706055,2338,0.0,0.0
2024-04-04 00:00:00-04:00,11.829999923706055,11.829999923706055,11.050000190734863,11.699999809265137,2531,0.0,0.0
2024-04-05 00:00:00-04:00,12.116000175476074,12.350000381469727,11.050000190734863,11.960000038146973,1562,0.0,0.0
2024-04-08 00:00:00-04:00,11.699999809265137,12.350000381469727,11.699999809265137,11.829999923706055,908,0.0,0.0
2024-04-09 00:00:00-04:00,11.803999900817871,14.819999694824219,11.699999809265137,14.819999694824219,18685,0.0,0.0
2024-04-10 00:00:00-04:00,14.300000190734863,14.300000190734863,12.479999542236328,12.609999656677246,5377,0.0,0.0
2024-04-11 00:00:00-04:00,12.350000381469727,14.430000305175781,12.350000381469727,13.390000343322754,7138,0.0,0.0
2024-04-12 00:00:00-04:00,12.739999771118164,13.767000198364258,11.829999923706055,11.960000038146973,5885,0.0,0.0
2024-04-15 00:00:00-04:00,11.699999809265137,13.649999618530273,11.699999809265137,12.869999885559082,1100,0.0,0.0
2024-04-16 00:00:00-04:00,11.972999572753906,12.739999771118164,11.699999809265137,11.829999923706055,3100,0.0,0.0
2024-04-17 00:00:00-04:00,11.699999809265137,13.0,11.569999694824219,12.01200008392334,2708,0.0,0.0
2024-04-18 00:00:00-04:00,11.699999809265137,12.220000267028809,11.4399995803833,11.4399995803833,2885,0.0,0.0
2024-04-19 00:00:00-04:00,11.206000328063965,11.960000038146973,11.050000190734863,11.258000373840332,1254,0.0,0.0
2024-04-22 00:00:00-04:00,11.817000389099121,11.829999923706055,11.258000373840332,11.829999923706055,854,0.0,0.0
2024-04-23 00:00:00-04:00,11.322999954223633,11.765000343322754,11.050000190734863,11.4399995803833,2085,0.0,0.0
2024-04-24 00:00:00-04:00,11.4399995803833,13.649999618530273,10.65999984741211,11.595999717712402,15231,0.0,0.0
2024-04-25 00:00:00-04:00,11.180000305175781,12.869999885559082,11.180000305175781,12.805000305175781,6154,0.0,0.0
2024-04-26 00:00:00-04:00,12.09000015258789,13.0,11.569999694824219,12.310999870300293,4246,0.0,0.0
2024-04-29 00:00:00-04:00,12.206999778747559,12.739999771118164,11.569999694824219,11.72599983215332,1923,0.0,0.0
2024-04-30 00:00:00-04:00,11.829999923706055,12.09000015258789,11.569999694824219,11.699999809265137,962,0.0,0.0
2024-05-01 00:00:00-04:00,11.829999923706055,12.739999771118164,11.699999809265137,12.220000267028809,823,0.0,0.0
2024-05-02 00:00:00-04:00,12.609999656677246,13.0,11.699999809265137,12.050999641418457,1538,0.0,0.0
2024-05-03 00:00:00-04:00,11.699999809265137,12.220000267028809,11.673999786376953,11.829999923706055,900,0.0,0.0
2024-05-06 00:00:00-04:00,11.583000183105469,12.01200008392334,11.4399995803833,11.543999671936035,1615,0.0,0.0
2024-05-07 00:00:00-04:00,11.635000228881836,11.699999809265137,11.362000465393066,11.362000465393066,1015,0.0,0.0
2024-05-08 00:00:00-04:00,11.180000305175781,12.206999778747559,11.180000305175781,11.244999885559082,500,0.0,0.0
2024-05-09 00:00:00-04:00,11.322999954223633,11.960000038146973,11.114999771118164,11.336000442504883,1323,0.0,0.0
2024-05-10 00:00:00-04:00,11.3100004196167,11.699999809265137,11.180000305175781,11.180000305175781,1785,0.0,0.0
2024-05-13 00:00:00-04:00,11.180000305175781,11.699999809265137,11.050000190734863,11.699999809265137,1477,0.0,0.0
2024-05-14 00:00:00-04:00,11.192999839782715,11.699999809265137,10.920000076293945,10.984999656677246,2692,0.0,0.0
2024-05-15 00:00:00-04:00,10.984999656677246,11.699999809265137,10.984999656677246,10.984999656677246,1285,0.0,0.0
2024-05-16 00:00:00-04:00,11.050000190734863,11.062999725341797,10.815999984741211,10.829000473022461,1946,0.0,0.0
2024-05-17 00:00:00-04:00,10.65999984741211,11.192999839782715,10.65999984741211,11.180000305175781,1185,0.0,0.0
2024-05-20 00:00:00-04:00,11.517999649047852,11.517999649047852,10.789999961853027,10.920000076293945,746,0.0,0.0
2024-05-21 00:00:00-04:00,10.920000076293945,11.557000160217285,10.920000076293945,10.920000076293945,1108,0.0,0.0
2024-05-22 00:00:00-04:00,10.932999610900879,11.569999694824219,10.789999961853027,10.829000473022461,1915,0.0,0.0
2024-05-23 00:00:00-04:00,11.3100004196167,11.3100004196167,10.920000076293945,11.29699993133545,1562,0.0,0.0
2024-05-24 00:00:00-04:00,10.946000099182129,11.3100004196167,10.789999961853027,10.803000450134277,2162,0.0,0.0
2024-05-28 00:00:00-04:00,10.920000076293945,11.569999694824219,10.413000106811523,11.375,3638,0.0,0.0
2024-05-29 00:00:00-04:00,10.946000099182129,12.09000015258789,10.920000076293945,11.569999694824219,4031,0.0,0.0
2024-05-30 00:00:00-04:00,11.569999694824219,11.699999809265137,11.01099967956543,11.699999809265137,1277,0.0,0.0
2024-05-31 00:00:00-04:00,11.699999809265137,11.699999809265137,11.050000190734863,11.050000190734863,515,0.0,0.0
2024-06-03 00:00:00-04:00,11.3100004196167,12.350000381469727,10.789999961853027,11.336000442504883,11238,0.0,0.0
2024-06-04 00:00:00-04:00,11.4399995803833,11.829999923706055,11.336000442504883,11.829999923706055,5069,0.0,0.0
2024-06-05 00:00:00-04:00,11.829999923706055,12.09000015258789,11.4399995803833,11.4399995803833,2038,0.0,0.0
2024-06-06 00:00:00-04:00,11.569999694824219,11.960000038146973,11.29699993133545,11.569999694824219,954,0.0,0.0
2024-06-07 00:00:00-04:00,11.569999694824219,11.960000038146973,9.100000381469727,9.75,16177,0.0,0.0
2024-06-10 00:00:00-04:00,10.309000015258789,10.309000015258789,9.958000183105469,10.256999969482422,2538,0.0,0.0
2024-06-11 00:00:00-04:00,10.256999969482422,10.321999549865723,9.47700023651123,10.010000228881836,3038,0.0,0.0
2024-06-12 00:00:00-04:00,9.82800006866455,11.166999816894531,9.75,11.166999816894531,2738,0.0,0.0
2024-06-13 00:00:00-04:00,10.503999710083008,10.725000381469727,9.880000114440918,10.270000457763672,1138,0.0,0.0
2024-06-14 00:00:00-04:00,10.399999618530273,10.607999801635742,9.75,9.776000022888184,2238,0.0,0.0
2024-06-17 00:00:00-04:00,9.75,10.270000457763672,9.75,9.8149995803833,1446,0.0,0.0
2024-06-18 00:00:00-04:00,10.270000457763672,10.270000457763672,9.295000076293945,9.75,1738,0.0,0.0
2024-06-20 00:00:00-04:00,9.75,10.256999969482422,9.295000076293945,9.619999885559082,1192,0.0,0.0
2024-06-21 00:00:00-04:00,9.555000305175781,9.75,9.359999656677246,9.437999725341797,1908,0.0,0.0
2024-06-24 00:00:00-04:00,9.619999885559082,9.75,9.359999656677246,9.619999885559082,1492,0.0,0.0
2024-06-25 00:00:00-04:00,9.75,10.010000228881836,9.359999656677246,9.437999725341797,923,0.0,0.0
2024-06-26 00:00:00-04:00,9.359999656677246,9.866999626159668,9.229999542236328,9.854000091552734,1677,0.0,0.0
2024-06-27 00:00:00-04:00,9.880000114440918,9.880000114440918,9.47700023651123,9.489999771118164,238,0.0,0.0
2024-06-28 00:00:00-04:00,9.451000213623047,10.256999969482422,9.229999542236328,9.269000053405762,2969,0.0,0.0
2024-07-01 00:00:00-04:00,9.723999977111816,10.126999855041504,9.229999542236328,9.802000045776367,1392,0.0,0.0
2024-07-02 00:00:00-04:00,9.880000114440918,10.140000343322754,9.229999542236328,9.269000053405762,1885,0.0,0.0
2024-07-03 00:00:00-04:00,9.164999961853027,9.619999885559082,9.164999961853027,9.229999542236328,1269,0.0,0.0
2024-07-05 00:00:00-04:00,9.164999961853027,9.489999771118164,8.970000267028809,8.970000267028809,2423,0.0,0.0
2024-07-08 00:00:00-04:00,8.970000267028809,9.489999771118164,8.970000267028809,9.100000381469727,1038,0.0,0.0
2024-07-09 00:00:00-04:00,8.82699966430664,8.970000267028809,8.04699993133545,8.137999534606934,3631,0.0,0.0
2024-07-10 00:00:00-04:00,7.890999794006348,9.100000381469727,7.890999794006348,8.631999969482422,762,0.0,0.0
2024-07-11 00:00:00-04:00,8.982999801635742,9.11299991607666,7.98199987411499,8.930999755859375,692,0.0,0.0
2024-07-12 00:00:00-04:00,9.100000381469727,9.100000381469727,8.008000373840332,8.84000015258789,2069,0.0,0.0
2024-07-15 00:00:00-04:00,8.541000366210938,8.710000038146973,7.994999885559082,8.1899995803833,1669,0.0,0.0
2024-07-16 00:00:00-04:00,8.086000442504883,8.1899995803833,7.800000190734863,8.0600004196167,4100,0.0,0.0
2024-07-17 00:00:00-04:00,7.800000190734863,8.255000114440918,7.800000190734863,7.839000225067139,2062,0.0,0.0
2024-07-18 00:00:00-04:00,8.112000465393066,8.267999649047852,7.929999828338623,8.072999954223633,3954,0.0,0.0
2024-07-19 00:00:00-04:00,8.0600004196167,10.204999923706055,8.0600004196167,9.489999771118164,13777,0.0,0.0
2024-07-22 00:00:00-04:00,9.489999771118164,10.399999618530273,9.100000381469727,10.140000343322754,4815,0.0,0.0
2024-07-23 00:00:00-04:00,10.204999923706055,13.649999618530273,10.010000228881836,12.583999633789062,60469,0.0,0.0
2024-07-24 00:00:00-04:00,14.819999694824219,15.470000267028809,8.0600004196167,8.0600004196167,443185,0.0,0.0
2024-07-25 00:00:00-04:00,8.449999809265137,8.449999809265137,5.603000164031982,7.28000020980835,94669,0.0,0.0
2024-07-26 00:00:00-04:00,7.019999980926514,8.449999809265137,7.019999980926514,8.449999809265137,22892,0.0,0.0
2024-07-29 00:00:00-04:00,8.449999809265137,9.359999656677246,7.9039998054504395,8.84000015258789,24654,0.0,0.0
2024-07-30 00:00:00-04:00,8.319999694824219,9.074000358581543,7.670000076293945,8.0600004196167,11323,0.0,0.0
2024-07-31 00:00:00-04:00,8.0600004196167,8.579999923706055,7.150000095367432,7.513999938964844,6923,0.0,0.0
2024-08-01 00:00:00-04:00,7.670000076293945,7.670000076293945,6.5,6.9679999351501465,10131,0.0,0.0
2024-08-02 00:00:00-04:00,7.019999980926514,7.019999980926514,5.693999767303467,6.317999839782715,14538,0.0,0.0
2024-08-05 00:00:00-04:00,5.642000198364258,6.239999771118164,5.460000038146973,5.849999904632568,9085,0.0,0.0
2024-08-06 00:00:00-04:00,5.849999904632568,6.760000228881836,5.849999904632568,6.630000114440918,15546,0.0,0.0
2024-08-07 00:00:00-04:00,7.7220001220703125,8.918000221252441,6.630000114440918,6.9679999351501465,293385,0.0,0.0
2024-08-08 00:00:00-04:00,6.486999988555908,6.889999866485596,6.045000076293945,6.239999771118164,25646,0.0,0.0
2024-08-09 00:00:00-04:00,6.110000133514404,6.239999771118164,5.199999809265137,6.045000076293945,33123,0.0,0.0
2024-08-12 00:00:00-04:00,6.045000076293945,6.291999816894531,5.394999980926514,5.849999904632568,16685,0.0,0.0
2024-08-13 00:00:00-04:00,5.810999870300293,6.084000110626221,5.784999847412109,6.0320000648498535,9000,0.0,0.0
2024-08-14 00:00:00-04:00,6.2270002365112305,6.239999771118164,5.849999904632568,5.86299991607666,3600,0.0,0.0
2024-08-15 00:00:00-04:00,5.980000019073486,6.239999771118164,5.980000019073486,6.136000156402588,3154,0.0,0.0
2024-08-16 00:00:00-04:00,5.849999904632568,6.304999828338623,5.668000221252441,5.940999984741211,10800,0.0,0.0
2024-08-19 00:00:00-04:00,6.110000133514404,6.175000190734863,5.71999979019165,5.927999973297119,3646,0.0,0.0
2024-08-20 00:00:00-04:00,5.927999973297119,5.927999973297119,5.71999979019165,5.810999870300293,2623,0.0,0.0
2024-08-21 00:00:00-04:00,5.797999858856201,6.045000076293945,5.4730000495910645,5.875999927520752,8492,0.0,0.0
2024-08-22 00:00:00-04:00,5.9670000076293945,6.071000099182129,5.629000186920166,5.71999979019165,5615,0.0,0.0
2024-08-23 00:00:00-04:00,5.836999893188477,5.888999938964844,5.460000038146973,5.51200008392334,10046,0.0,0.0
2024-08-26 00:00:00-04:00,5.732999801635742,5.732999801635742,5.303999900817871,5.394999980926514,7823,0.0,0.0
2024-08-27 00:00:00-04:00,5.329999923706055,5.603000164031982,4.679999828338623,5.51200008392334,4369,0.0,0.0
2024-08-28 00:00:00-04:00,5.122000217437744,5.251999855041504,4.03000020980835,4.5370001792907715,18046,0.0,0.0
2024-08-29 00:00:00-04:00,4.679999828338623,4.875,4.550000190734863,4.679999828338623,4185,0.0,0.0
2024-08-30 00:00:00-04:00,4.757999897003174,4.757999897003174,4.433000087738037,4.692999839782715,4992,0.0,0.0
2024-09-03 00:00:00-04:00,4.692999839782715,4.692999839782715,4.459000110626221,4.550000190734863,3231,0.0,0.0
2024-09-04 00:00:00-04:00,4.485000133514404,4.666999816894531,4.485000133514404,4.511000156402588,685,0.0,0.0
2024-09-05 00:00:00-04:00,4.550000190734863,4.679999828338623,4.485000133514404,4.6020002365112305,5054,0.0,0.0
2024-09-06 00:00:00-04:00,4.757999897003174,4.757999897003174,4.433000087738037,4.614999771118164,1685,0.0,0.0
2024-09-09 00:00:00-04:00,4.485000133514404,4.757999897003174,4.433000087738037,4.589000225067139,1492,0.0,0.0
2024-09-10 00:00:00-04:00,4.6020002365112305,5.199999809265137,4.6020002365112305,4.809999942779541,3931,0.0,0.0
2024-09-11 00:00:00-04:00,5.681000232696533,6.734000205993652,4.576000213623047,4.927000045776367,432131,0.0,0.0
2024-09-12 00:00:00-04:00,4.692999839782715,4.940000057220459,4.159999847412109,4.679999828338623,60477,0.0,0.0
2024-09-13 00:00:00-04:00,4.940000057220459,5.329999923706055,4.679999828338623,4.679999828338623,128285,0.0,0.0
2024-09-16 00:00:00-04:00,4.783999919891357,4.783999919891357,4.159999847412109,4.23799991607666,38662,0.0,0.0
2024-09-17 00:00:00-04:00,4.198999881744385,4.550000190734863,4.198999881744385,4.38100004196167,13362,0.0,0.0
2024-09-18 00:00:00-04:00,4.250999927520752,4.420000076293945,4.03000020980835,4.056000232696533,16231,0.0,0.0
2024-09-19 00:00:00-04:00,4.159999847412109,4.211999893188477,4.056000232696533,4.172999858856201,12931,0.0,0.0
2024-09-20 00:00:00-04:00,3.874000072479248,4.289999961853027,3.874000072479248,4.107999801635742,8546,0.0,0.0
2024-09-23 00:00:00-04:00,4.09499979019165,4.263999938964844,3.9260001182556152,3.9649999141693115,7638,0.0,0.0
2024-09-24 00:00:00-04:00,3.9130001068115234,4.224999904632568,3.5490000247955322,3.822000026702881,17608,0.0,0.0
2024-09-25 00:00:00-04:00,3.822000026702881,4.159999847412109,3.7699999809265137,3.9519999027252197,7208,0.0,0.0
2024-09-26 00:00:00-04:00,3.9260001182556152,4.289999961853027,3.874000072479248,4.09499979019165,6438,0.0,0.0
2024-09-27 00:00:00-04:00,4.03000020980835,4.289999961853027,4.03000020980835,4.068999767303467,11192,0.0,0.0
2024-09-30 00:00:00-04:00,4.666999816894531,4.666999816894531,4.03000020980835,4.159999847412109,14177,0.0,0.0
2024-10-01 00:00:00-04:00,4.159999847412109,4.289999961853027,4.03000020980835,4.289999961853027,2708,0.0,0.0
2024-10-02 00:00:00-04:00,4.289999961853027,4.289999961853027,4.043000221252441,4.198999881744385,6738,0.0,0.0
2024-10-03 00:00:00-04:00,4.289999961853027,4.289999961853027,4.03000020980835,4.09499979019165,1931,0.0,0.0
2024-10-04 00:00:00-04:00,4.146999835968018,4.485000133514404,4.068999767303467,4.289999961853027,10031,0.0,0.0
2024-10-07 00:00:00-04:00,4.289999961853027,4.52400016784668,3.9260001182556152,4.068999767303467,26946,0.0,0.0
2024-10-08 00:00:00-04:00,3.9519999027252197,4.355000019073486,3.9000000953674316,4.004000186920166,9177,0.0,0.0
2024-10-09 00:00:00-04:00,4.017000198364258,4.159999847412109,3.9000000953674316,3.9130001068115234,7446,0.0,0.0
2024-10-10 00:00:00-04:00,3.9130001068115234,4.185999870300293,3.2760000228881836,3.6010000705718994,16469,0.0,0.0
2024-10-11 00:00:00-04:00,3.6010000705718994,3.9130001068115234,3.6010000705718994,3.7049999237060547,5831,0.0,0.0
2024-10-14 00:00:00-04:00,3.678999900817871,4.004000186920166,3.509999990463257,3.6530001163482666,7254,0.0,0.0
2024-10-15 00:00:00-04:00,3.614000082015991,3.9519999027252197,3.4059998989105225,3.431999921798706,14146,0.0,0.0
2024-10-16 00:00:00-04:00,3.431999921798706,3.678999900817871,3.4189999103546143,3.509999990463257,15746,0.0,0.0
2024-10-17 00:00:00-04:00,3.509999990463257,3.9000000953674316,3.509999990463257,3.8610000610351562,8200,0.0,0.0
2024-10-18 00:00:00-04:00,3.822000026702881,4.068999767303467,3.7829999923706055,3.9779999256134033,3792,0.0,0.0
2024-10-21 00:00:00-04:00,4.03000020980835,4.224999904632568,3.6530001163482666,3.8610000610351562,37585,0.0,0.0
2024-10-22 00:00:00-04:00,3.8610000610351562,3.9260001182556152,3.6530001163482666,3.7049999237060547,9262,0.0,0.0
2024-10-23 00:00:00-04:00,3.7829999923706055,3.7829999923706055,3.431999921798706,3.575000047683716,18992,0.0,0.0
2024-10-24 00:00:00-04:00,3.756999969482422,3.8350000381469727,3.509999990463257,3.640000104904175,22677,0.0,0.0
2024-10-25 00:00:00-04:00,3.640000104904175,3.7699999809265137,3.509999990463257,3.6530001163482666,15385,0.0,0.0
2024-10-28 00:00:00-04:00,3.7309999465942383,4.679999828338623,3.5360000133514404,4.485000133514404,73362,0.0,0.0
2024-10-29 00:00:00-04:00,4.420000076293945,4.705999851226807,3.938999891281128,4.198999881744385,29546,0.0,0.0
2024-10-30 00:00:00-04:00,4.081999778747559,4.848999977111816,4.068999767303467,4.576000213623047,54462,0.0,0.0
2024-10-31 00:00:00-04:00,4.550000190734863,5.109000205993652,4.3420000076293945,4.796999931335449,63031,0.0,0.0
2024-11-01 00:00:00-04:00,4.796999931335449,5.005000114440918,4.355000019073486,4.6020002365112305,29777,0.0,0.0
2024-11-04 00:00:00-05:00,4.459000110626221,4.459000110626221,3.9000000953674316,3.9649999141693115,13831,0.0,0.0
2024-11-05 00:00:00-05:00,3.9000000953674316,4.263999938964844,3.9000000953674316,4.03000020980835,9277,0.0,0.0
2024-11-06 00:00:00-05:00,4.03000020980835,4.550000190734863,4.03000020980835,4.133999824523926,62992,0.0,0.0
2024-11-07 00:00:00-05:00,4.043000221252441,4.355000019073486,3.9779999256134033,4.043000221252441,15092,0.0,0.0
2024-11-08 00:00:00-05:00,4.03000020980835,4.289999961853027,3.7960000038146973,3.9000000953674316,20054,0.0,0.0
2024-11-11 00:00:00-05:00,3.7829999923706055,4.043000221252441,3.691999912261963,3.8610000610351562,17969,0.0,0.0
2024-11-12 00:00:00-05:00,3.8610000610351562,4.159999847412109,3.5230000019073486,3.640000104904175,26962,0.0,0.0
2024-11-13 00:00:00-05:00,3.640000104904175,3.7309999465942383,2.859999895095825,3.2890000343322754,32685,0.0,0.0
2024-11-14 00:00:00-05:00,3.88700008392334,3.88700008392334,2.990000009536743,3.2109999656677246,178369,0.0,0.0
2024-11-15 00:00:00-05:00,3.184999942779541,3.184999942779541,2.872999906539917,2.990000009536743,51785,0.0,0.0
2024-11-18 00:00:00-05:00,2.990000009536743,3.0420000553131104,2.6389999389648438,2.859999895095825,84292,0.0,0.0
2024-11-19 00:00:00-05:00,2.808000087738037,3.068000078201294,2.808000087738037,2.924999952316284,21985,0.0,0.0
2024-11-20 00:00:00-05:00,2.9119999408721924,2.990000009536743,2.625999927520752,2.743000030517578,27608,0.0,0.0
2024-11-21 00:00:00-05:00,2.7300000190734863,2.859999895095825,2.677999973297119,2.7950000762939453,22438,0.0,0.0
2024-11-22 00:00:00-05:00,2.7950000762939453,2.859999895095825,2.6649999618530273,2.7300000190734863,31731,0.0,0.0
2024-11-25 00:00:00-05:00,2.625999927520752,2.7950000762939453,2.4049999713897705,2.4830000400543213,42485,0.0,0.0
2024-11-26 00:00:00-05:00,2.4830000400543213,2.625999927520752,2.249000072479248,2.2880001068115234,39462,0.0,0.0
2024-11-27 00:00:00-05:00,2.3399999141693115,2.690999984741211,2.249000072479248,2.561000108718872,92546,0.0,0.0
2024-11-29 00:00:00-05:00,2.6519999504089355,2.7950000762939453,2.496000051498413,2.6519999504089355,22146,0.0,0.0
2024-12-02 00:00:00-05:00,2.5999999046325684,2.7300000190734863,2.496000051498413,2.5999999046325684,54715,0.0,0.0
2024-12-03 00:00:00-05:00,2.7300000190734863,4.159999847412109,2.496000051498413,2.677999973297119,1191438,0.0,0.0
2024-12-04 00:00:00-05:00,2.8469998836517334,2.8469998836517334,2.3010001182556152,2.313999891281128,281508,0.0,0.0
2024-12-05 00:00:00-05:00,2.4700000286102295,2.5220000743865967,2.184000015258789,2.3269999027252197,246892,0.0,0.0
2024-12-06 00:00:00-05:00,2.4700000286102295,2.4700000286102295,2.1059999465942383,2.1710000038146973,189700,0.0,0.0
2024-12-09 00:00:00-05:00,2.2360000610351562,2.5869998931884766,2.2100000381469727,2.4049999713897705,330823,0.0,0.0
2024-12-10 00:00:00-05:00,2.5999999046325684,2.5999999046325684,2.2230000495910645,2.2750000953674316,134215,0.0,0.0
2024-12-11 00:00:00-05:00,2.4700000286102295,2.4700000286102295,2.0929999351501465,2.1449999809265137,147354,0.0,0.0
2024-12-12 00:00:00-05:00,2.184000015258789,2.3010001182556152,1.9759999513626099,2.053999900817871,272762,0.0,0.0
2024-12-13 00:00:00-05:00,2.1579999923706055,2.2880001068115234,2.053999900817871,2.131999969482422,256054,0.0,0.0
2024-12-16 00:00:00-05:00,2.0799999237060547,2.184000015258789,2.015000104904175,2.0280001163482666,131469,0.0,0.0
2024-12-17 00:00:00-05:00,2.313999891281128,2.4700000286102295,2.1059999465942383,2.378999948501587,331838,0.0,0.0
2024-12-18 00:00:00-05:00,7.409999847412109,13.0,4.979000091552734,10.65999984741211,92528892,0.0,0.0
2024-12-19 00:00:00-05:00,5.590000152587891,5.810999870300293,3.575000047683716,3.9260001182556152,5557223,0.0,0.0
2024-12-20 00:00:00-05:00,4.2769999504089355,5.447000026702881,4.043000221252441,4.770999908447266,3634285,0.0,0.0
2024-12-23 00:00:00-05:00,5.070000171661377,5.888999938964844,4.289999961853027,4.979000091552734,2595385,0.0,0.0
2024-12-24 00:00:00-05:00,6.239999771118164,9.489999771118164,6.239999771118164,7.605000019073486,13940031,0.0,0.0
2024-12-26 00:00:00-05:00,9.932000160217285,11.699999809265137,8.255000114440918,11.4399995803833,8538285,0.0,0.0
2024-12-27 00:00:00-05:00,15.079999923706055,24.440000534057617,14.430000305175781,20.799999237060547,10152077,0.0,0.0
2024-12-30 00:00:00-05:00,11.881999969482422,17.940000534057617,11.699999809265137,12.154999732971191,5329146,0.0,0.0
2024-12-31 00:00:00-05:00,13.520000457763672,15.093000411987305,10.140000343322754,12.479999542236328,3528785,0.0,0.0
2025-01-02 00:00:00-05:00,12.505999565124512,14.170000076293945,11.4399995803833,12.206999778747559,1465877,0.0,0.0
2025-01-03 00:00:00-05:00,10.958999633789062,11.946999549865723,9.373000144958496,11.569999694824219,1726400,0.0,0.0
2025-01-06 00:00:00-05:00,12.050999641418457,14.170000076293945,12.01200008392334,12.739999771118164,1376069,0.0,0.0
2025-01-07 00:00:00-05:00,12.350000381469727,12.739999771118164,10.789999961853027,11.960000038146973,778700,0.0,0.0
2025-01-08 00:00:00-05:00,11.050000190734863,11.284000396728516,9.229999542236328,9.295000076293945,959246,0.0,0.0
2025-01-10 00:00:00-05:00,10.399999618530273,10.65999984741211,8.74899959564209,8.82699966430664,730769,0.0,0.0
2025-01-13 00:00:00-05:00,8.229000091552734,13.90999984741211,8.0600004196167,10.074999809265137,8760231,0.0,0.0
2025-01-14 00:00:00-05:00,10.725000381469727,11.557000160217285,9.944999694824219,10.529999732971191,989708,0.0,0.0
2025-01-15 00:00:00-05:00,10.699000358581543,11.829999923706055,9.776000022888184,11.4399995803833,949208,0.0,0.0
2025-01-16 00:00:00-05:00,11.635000228881836,12.467000007629395,11.050000190734863,11.4399995803833,489538,0.0,0.0
2025-01-17 00:00:00-05:00,11.64799976348877,12.194000244140625,10.868000030517578,11.569999694824219,446892,0.0,0.0
2025-01-21 00:00:00-05:00,11.803999900817871,15.600000381469727,11.569999694824219,14.949999809265137,1983077,0.0,0.0
2025-01-22 00:00:00-05:00,13.779999732971191,17.472000122070312,13.260000228881836,17.15999984741211,1232123,0.0,0.0
2025-01-23 00:00:00-05:00,19.239999771118164,22.75,16.899999618530273,18.06999969482422,2543038,0.0,0.0
2025-01-24 00:00:00-05:00,12.454000473022461,13.90999984741211,12.09000015258789,13.130000114440918,2425123,0.0,0.0
2025-01-27 00:00:00-05:00,12.545000076293945,13.779999732971191,11.881999969482422,12.246000289916992,803123,0.0,0.0
2025-01-28 00:00:00-05:00,12.220000267028809,13.0,10.529999732971191,11.73900032043457,704692,0.0,0.0
2025-01-29 00:00:00-05:00,11.699999809265137,11.881999969482422,10.46500015258789,11.154000282287598,537646,0.0,0.0
2025-01-30 00:00:00-05:00,11.413999557495117,11.960000038146973,10.555999755859375,10.984999656677246,556769,0.0,0.0
2025-01-31 00:00:00-05:00,10.140000343322754,10.595000267028809,9.373000144958496,9.776000022888184,756985,0.0,0.0
2025-02-03 00:00:00-05:00,8.800999641418457,9.489999771118164,8.579999923706055,8.996000289916992,410215,0.0,0.0
2025-02-04 00:00:00-05:00,10.399999618530273,11.699999809265137,9.607000350952148,10.491000175476074,3489054,0.0,0.0
2025-02-05 00:00:00-05:00,10.048999786376953,10.569000244140625,9.906000137329102,10.282999992370605,455700,0.0,0.0
2025-02-06 00:00:00-05:00,10.270000457763672,10.763999938964844,10.11400032043457,10.65999984741211,406138,0.0,0.0
2025-02-07 00:00:00-05:00,10.529999732971191,10.73799991607666,9.906000137329102,10.218000411987305,345777,0.0,0.0
2025-02-10 00:00:00-05:00,9.529000282287598,10.048999786376953,8.645000457763672,8.970000267028809,746700,0.0,0.0
2025-02-11 00:00:00-05:00,8.944000244140625,9.47700023651123,7.929999828338623,8.1899995803833,592208,0.0,0.0
2025-02-12 00:00:00-05:00,7.474999904632568,8.579999923706055,6.708000183105469,8.008000373840332,789354,0.0,0.0
2025-02-13 00:00:00-05:00,7.864999771118164,9.944999694824219,7.864999771118164,8.657999992370605,1578477,0.0,0.0
2025-02-14 00:00:00-05:00,8.151000022888184,8.1899995803833,7.293000221252441,7.890999794006348,699046,0.0,0.0
2025-02-18 00:00:00-05:00,8.319999694824219,8.449999809265137,7.877999782562256,7.994999885559082,511546,0.0,0.0
2025-02-19 00:00:00-05:00,7.800000190734863,7.929999828338623,7.163000106811523,7.409999847412109,466446,0.0,0.0
2025-02-20 00:00:00-05:00,7.0980000495910645,7.176000118255615,6.695000171661377,6.747000217437744,419254,0.0,0.0
2025-02-21 00:00:00-05:00,6.695000171661377,6.760000228881836,5.849999904632568,5.9019999504089355,818054,0.0,0.0
2025-02-24 00:00:00-05:00,5.980000019073486,6.578000068664551,5.355999946594238,6.110000133514404,451054,0.0,0.0
2025-02-25 00:00:00-05:00,5.849999904632568,6.447999954223633,5.329999923706055,5.797999858856201,365754,0.0,0.0
2025-02-26 00:00:00-05:00,5.849999904632568,6.2789998054504395,5.564000129699707,5.849999904632568,231469,0.0,0.0
2025-02-27 00:00:00-05:00,6.045000076293945,6.5,5.460000038146973,5.486000061035156,281538,0.0,0.0
2025-02-28 00:00:00-05:00,5.316999912261963,5.590000152587891,4.940000057220459,5.460000038146973,370762,0.0,0.0
2025-03-03 00:00:00-05:00,5.36899995803833,6.824999809265137,5.290999889373779,6.304999828338623,823246,0.0,0.0
2025-03-04 00:00:00-05:00,6.239999771118164,6.317999839782715,5.486000061035156,6.252999782562256,246285,0.0,0.0
2025-03-05 00:00:00-05:00,6.00600004196167,6.35699987411499,5.732999801635742,6.201000213623047,194515,0.0,0.0
2025-03-06 00:00:00-05:00,6.201000213623047,6.201000213623047,5.71999979019165,5.758999824523926,162100,0.0,0.0
2025-03-07 00:00:00-05:00,5.71999979019165,5.849999904632568,5.1479997634887695,5.434000015258789,222515,0.0,0.0
2025-03-10 00:00:00-04:00,5.2129998207092285,5.355999946594238,4.757999897003174,5.005000114440918,238977,0.0,0.0
2025-03-11 00:00:00-04:00,4.940000057220459,5.199999809265137,4.550000190734863,4.901000022888184,254115,0.0,0.0
2025-03-12 00:00:00-04:00,5.135000228881836,5.135000228881836,4.368000030517578,4.73199987411499,376638,0.0,0.0
2025-03-13 00:00:00-04:00,4.666999816894531,4.744999885559082,4.485000133514404,4.498000144958496,81123,0.0,0.0
2025-03-14 00:00:00-04:00,4.6020002365112305,5.329999923706055,4.355000019073486,5.135000228881836,287438,0.0,0.0
2025-03-17 00:00:00-04:00,4.940000057220459,5.668000221252441,4.614999771118164,5.4079999923706055,324269,0.0,0.0
2025-03-18 00:00:00-04:00,6.539000034332275,7.9039998054504395,5.784999847412109,7.111000061035156,13470708,0.0,0.0
2025-03-19 00:00:00-04:00,6.630000114440918,6.928999900817871,6.136000156402588,6.408999919891357,840038,0.0,0.0
2025-03-20 00:00:00-04:00,6.175000190734863,7.9039998054504395,6.175000190734863,7.813000202178955,1603900,0.0,0.0
2025-03-21 00:00:00-04:00,9.11299991607666,10.38700008392334,8.1899995803833,8.918000221252441,8482685,0.0,0.0
2025-03-24 00:00:00-04:00,9.255999565124512,9.619999885559082,8.0600004196167,8.710000038146973,1289938,0.0,0.0
2025-03-25 00:00:00-04:00,8.710000038146973,9.164999961853027,7.994999885559082,8.515000343322754,891977,0.0,0.0
2025-03-26 00:00:00-04:00,8.1899995803833,8.255000114440918,7.306000232696533,7.618000030517578,421492,0.0,0.0
2025-03-27 00:00:00-04:00,7.409999847412109,8.1899995803833,6.9679999351501465,7.5920000076293945,327962,0.0,0.0
2025-03-28 00:00:00-04:00,7.539999961853027,8.255000114440918,7.085000038146973,7.111000061035156,450062,0.0,0.0
2025-03-31 00:00:00-04:00,6.785999774932861,7.059000015258789,5.980000019073486,6.695000171661377,416592,0.0,0.0
2025-04-01 00:00:00-04:00,6.565000057220459,7.150000095367432,6.408999919891357,6.682000160217285,236531,0.0,0.0
2025-04-02 00:00:00-04:00,6.5,6.889999866485596,6.447999954223633,6.7729997634887695,176231,0.0,0.0
2025-04-03 00:00:00-04:00,6.513000011444092,6.604000091552734,5.264999866485596,6.045000076293945,301708,0.0,0.0
2025-04-04 00:00:00-04:00,5.758999824523926,5.849999904632568,5.329999923706055,5.577000141143799,221308,0.0,0.0
2025-04-07 00:00:00-04:00,5.031000137329102,6.188000202178955,5.01800012588501,5.590000152587891,237762,0.0,0.0
2025-04-08 00:00:00-04:00,5.849999904632568,5.980000019073486,5.083000183105469,5.135000228881836,147854,0.0,0.0
2025-04-09 00:00:00-04:00,5.394999980926514,6.317999839782715,5.1479997634887695,5.927999973297119,531223,0.0,0.0
2025-04-10 00:00:00-04:00,5.914999961853027,6.291999816894531,5.590000152587891,5.745999813079834,127800,0.0,0.0
2025-04-11 00:00:00-04:00,5.590000152587891,6.1620001792907715,5.590000152587891,6.0970001220703125,150815,0.0,0.0
2025-04-14 00:00:00-04:00,6.5,7.13700008392334,6.123000144958496,6.330999851226807,303485,0.0,0.0
2025-04-15 00:00:00-04:00,6.369999885559082,6.434999942779541,5.836999893188477,6.084000110626221,182254,0.0,0.0
2025-04-16 00:00:00-04:00,5.875999927520752,6.304999828338623,5.71999979019165,5.86299991607666,113977,0.0,0.0
2025-04-17 00:00:00-04:00,5.525000095367432,5.706999778747559,5.083000183105469,5.36899995803833,391308,0.0,0.0
2025-04-21 00:00:00-04:00,4.692999839782715,5.316999912261963,4.4070000648498535,4.888000011444092,432577,0.0,0.0
2025-04-22 00:00:00-04:00,5.044000148773193,5.1479997634887695,4.809999942779541,4.940000057220459,152008,0.0,0.0
2025-04-23 00:00:00-04:00,5.122000217437744,5.65500020980835,5.01800012588501,5.238999843597412,217985,0.0,0.0
2025-04-24 00:00:00-04:00,5.290999889373779,5.590000152587891,5.199999809265137,5.4079999923706055,203315,0.0,0.0
2025-04-25 00:00:00-04:00,5.2129998207092285,5.590000152587891,5.057000160217285,5.122000217437744,153823,0.0,0.0
2025-04-28 00:00:00-04:00,5.329999923706055,6.1620001792907715,5.199999809265137,5.434000015258789,351946,0.0,0.0
2025-04-29 00:00:00-04:00,5.499000072479248,5.771999835968018,5.394999980926514,5.668000221252441,110085,0.0,0.0
2025-04-30 00:00:00-04:00,4.38100004196167,4.679999828338623,4.03000020980835,4.172999858856201,1008885,0.0,0.0
2025-05-01 00:00:00-04:00,4.107999801635742,4.289999961853027,3.7960000038146973,3.7960000038146973,365215,0.0,0.0
2025-05-02 00:00:00-04:00,3.690000057220459,4.0,3.4159998893737793,3.859999895095825,622700,0.0,0.07692307692307693
2025-05-05 00:00:00-04:00,3.630000114440918,3.990000009536743,3.630000114440918,3.700000047683716,282900,0.0,0.0
2025-05-06 00:00:00-04:00,3.700000047683716,4.25,3.313999891281128,3.8399999141693115,544900,0.0,0.0
2025-05-07 00:00:00-04:00,3.809999942779541,3.865000009536743,3.625,3.640000104904175,152200,0.0,0.0
2025-05-08 00:00:00-04:00,3.7799999713897705,3.799999952316284,3.4820001125335693,3.75,265200,0.0,0.0
2025-05-09 00:00:00-04:00,3.799999952316284,4.099999904632568,3.7100000381469727,3.8399999141693115,266000,0.0,0.0
2025-05-12 00:00:00-04:00,3.859999895095825,3.9700000286102295,3.753999948501587,3.819999933242798,181500,0.0,0.0
2025-05-13 00:00:00-04:00,3.8499999046325684,4.369999885559082,3.6600000858306885,3.9100000858306885,434700,0.0,0.0
2025-05-14 00:00:00-04:00,3.940000057220459,4.025000095367432,3.75,3.7899999618530273,136500,0.0,0.0
2025-05-15 00:00:00-04:00,3.759999990463257,3.8399999141693115,3.619999885559082,3.6600000858306885,204300,0.0,0.0
2025-05-16 00:00:00-04:00,3.6600000858306885,3.7899999618530273,3.4700000286102295,3.700000047683716,177000,0.0,0.0
2025-05-19 00:00:00-04:00,3.559999942779541,3.884999990463257,3.559999942779541,3.7699999809265137,117200,0.0,0.0
2025-05-20 00:00:00-04:00,3.7300000190734863,3.815000057220459,3.569999933242798,3.6500000953674316,151800,0.0,0.0
2025-05-21 00:00:00-04:00,3.640000104904175,3.674999952316284,3.3559999465942383,3.430000066757202,220800,0.0,0.0
2025-05-22 00:00:00-04:00,3.4000000953674316,3.559999942779541,3.115000009536743,3.4100000858306885,382900,0.0,0.0
2025-05-23 00:00:00-04:00,4.039999961853027,4.090000152587891,3.619999885559082,3.9000000953674316,16693000,0.0,0.0
2025-05-27 00:00:00-04:00,4.099999904632568,4.099999904632568,3.559999942779541,3.630000114440918,1602000,0.0,0.0
2025-05-28 00:00:00-04:00,3.6600000858306885,4.409999847412109,3.5399999618530273,4.289999961853027,5283900,0.0,0.0
2025-05-29 00:00:00-04:00,4.400000095367432,4.519999980926514,3.9600000381469727,4.139999866485596,1565800,0.0,0.0
2025-05-30 00:00:00-04:00,4.099999904632568,4.119999885559082,3.7100000381469727,3.8299999237060547,777500,0.0,0.0
2025-06-02 00:00:00-04:00,3.809999942779541,3.8450000286102295,3.549999952316284,3.5799999237060547,466700,0.0,0.0
2025-06-03 00:00:00-04:00,3.6500000953674316,3.680000066757202,3.319999933242798,3.450000047683716,877300,0.0,0.0
2025-06-04 00:00:00-04:00,3.4000000953674316,3.5899999141693115,3.240000009536743,3.5,581400,0.0,0.0
2025-06-05 00:00:00-04:00,3.549999952316284,3.6500000953674316,3.319999933242798,3.3499999046325684,351900,0.0,0.0
2025-06-06 00:00:00-04:00,3.380000114440918,3.75,3.380000114440918,3.630000114440918,458800,0.0,0.0
2025-06-09 00:00:00-04:00,3.630000114440918,3.9000000953674316,3.5999999046325684,3.640000104904175,418400,0.0,0.0
2025-06-10 00:00:00-04:00,3.6700000762939453,3.674999952316284,3.5,3.559999942779541,225600,0.0,0.0
2025-06-11 00:00:00-04:00,3.559999942779541,3.799999952316284,3.5360000133514404,3.5799999237060547,427100,0.0,0.0
2025-06-12 00:00:00-04:00,3.559999942779541,3.799999952316284,3.509999990463257,3.759999990463257,449800,0.0,0.0
2025-06-13 00:00:00-04:00,3.700000047683716,3.700000047683716,3.3499999046325684,3.4100000858306885,573100,0.0,0.0
2025-06-16 00:00:00-04:00,3.490000009536743,3.7139999866485596,3.3499999046325684,3.6600000858306885,401500,0.0,0.0
2025-06-17 00:00:00-04:00,3.609999895095825,3.6600000858306885,3.4000000953674316,3.4000000953674316,311700,0.0,0.0
2025-06-18 00:00:00-04:00,3.4000000953674316,3.5999999046325684,3.4000000953674316,3.4600000381469727,199000,0.0,0.0
2025-06-20 00:00:00-04:00,3.5299999713897705,3.5299999713897705,3.384999990463257,3.4700000286102295,212700,0.0,0.0
2025-06-23 00:00:00-04:00,3.430000066757202,3.490000009536743,3.259999990463257,3.299999952316284,258300,0.0,0.0
2025-06-24 00:00:00-04:00,3.2899999618530273,3.4800000190734863,3.252000093460083,3.430000066757202,333800,0.0,0.0
2025-06-25 00:00:00-04:00,3.4600000381469727,3.4600000381469727,3.2899999618530273,3.319999933242798,176900,0.0,0.0
2025-06-26 00:00:00-04:00,3.359999895095825,3.680000066757202,3.299999952316284,3.6600000858306885,323500,0.0,0.0
2025-06-27 00:00:00-04:00,3.680000066757202,3.680000066757202,3.390000104904175,3.440000057220459,201500,0.0,0.0
2025-06-30 00:00:00-04:00,3.5,3.6700000762939453,3.450000047683716,3.619999885559082,204800,0.0,0.0
2025-07-01 00:00:00-04:00,3.609999895095825,4.070000171661377,3.5399999618530273,3.880000114440918,513400,0.0,0.0
2025-07-02 00:00:00-04:00,3.9600000381469727,4.070000171661377,3.869999885559082,3.9700000286102295,243000,0.0,0.0
2025-07-03 00:00:00-04:00,3.950000047683716,4.150000095367432,3.9049999713897705,4.03000020980835,277200,0.0,0.0
2025-07-07 00:00:00-04:00,4.010000228881836,4.091000080108643,3.821000099182129,3.859999895095825,196500,0.0,0.0
2025-07-08 00:00:00-04:00,3.9000000953674316,3.9800000190734863,3.700000047683716,3.8499999046325684,181500,0.0,0.0
2025-07-09 00:00:00-04:00,3.799999952316284,3.9600000381469727,3.7100000381469727,3.8399999141693115,157000,0.0,0.0
2025-07-10 00:00:00-04:00,3.809999942779541,4.320000171661377,3.7799999713897705,4.039999961853027,474200,0.0,0.0
2025-07-11 00:00:00-04:00,4.010000228881836,4.144999980926514,3.861999988555908,3.869999885559082,139200,0.0,0.0
2025-07-14 00:00:00-04:00,3.859999895095825,3.930000066757202,3.7309999465942383,3.805000066757202,122200,0.0,0.0
2025-07-15 00:00:00-04:00,3.799999952316284,4.119999885559082,3.6600000858306885,4.010000228881836,393300,0.0,0.0
2025-07-16 00:00:00-04:00,4.079999923706055,4.27400016784668,3.930000066757202,4.210000038146973,469700,0.0,0.0
2025-07-17 00:00:00-04:00,4.28000020980835,4.949999809265137,4.28000020980835,4.699999809265137,1057400,0.0,0.0
2025-07-18 00:00:00-04:00,5.090000152587891,5.090000152587891,4.434000015258789,4.550000190734863,785800,0.0,0.0
2025-07-21 00:00:00-04:00,4.53000020980835,4.698999881744385,4.171000003814697,4.21999979019165,397200,0.0,0.0
2025-07-22 00:00:00-04:00,4.375999927520752,4.809999942779541,4.010000228881836,4.769999980926514,601000,0.0,0.0
2025-07-23 00:00:00-04:00,4.800000190734863,5.199999809265137,4.769999980926514,4.784999847412109,657800,0.0,0.0
2025-07-24 00:00:00-04:00,4.840000152587891,5.381999969482422,4.650000095367432,5.010000228881836,560200,0.0,0.0
2025-07-25 00:00:00-04:00,5.090000152587891,5.150000095367432,4.639999866485596,4.739999771118164,278500,0.0,0.0
2025-07-28 00:00:00-04:00,4.630000114440918,4.710000038146973,4.300000190734863,4.429999828338623,335900,0.0,0.0
2025-07-29 00:00:00-04:00,4.440000057220459,4.465000152587891,3.799999952316284,3.880000114440918,545100,0.0,0.0
2025-07-30 00:00:00-04:00,3.9200000762939453,4.067999839782715,3.562999963760376,3.6500000953674316,430400,0.0,0.0
2025-07-31 00:00:00-04:00,3.619999885559082,3.802000045776367,3.5799999237060547,3.690000057220459,183800,0.0,0.0
2025-08-01 00:00:00-04:00,3.619999885559082,3.7899999618530273,3.484999895095825,3.690000057220459,281900,0.0,0.0
2025-08-04 00:00:00-04:00,3.9509999752044678,4.179999828338623,3.799999952316284,4.099999904632568,527200,0.0,0.0
2025-08-05 00:00:00-04:00,4.239999771118164,4.281000137329102,4.03000020980835,4.179999828338623,206100,0.0,0.0
2025-08-06 00:00:00-04:00,4.099999904632568,4.139999866485596,4.0,4.039999961853027,134100,0.0,0.0
2025-08-07 00:00:00-04:00,4.039999961853027,4.118000030517578,3.9519999027252197,4.010000228881836,89000,0.0,0.0
2025-08-08 00:00:00-04:00,4.03000020980835,4.210000038146973,3.8399999141693115,4.190000057220459,202200,0.0,0.0
2025-08-11 00:00:00-04:00,3.890000104904175,4.28000020980835,3.890000104904175,4.150000095367432,288000,0.0,0.0
2025-08-12 00:00:00-04:00,4.170000076293945,4.21999979019165,4.010000228881836,4.050000190734863,134300,0.0,0.0
2025-08-13 00:00:00-04:00,3.9700000286102295,4.389999866485596,3.9200000762939453,4.300000190734863,350700,0.0,0.0
2025-08-14 00:00:00-04:00,4.190000057220459,4.289999961853027,3.9200000762939453,4.190000057220459,459000,0.0,0.0
2025-08-15 00:00:00-04:00,4.199999809265137,4.199999809265137,3.9200000762939453,3.940000057220459,241800,0.0,0.0
2025-08-18 00:00:00-04:00,3.9800000190734863,4.039999961853027,3.7200000286102295,3.819999933242798,236900,0.0,0.0
2025-08-19 00:00:00-04:00,3.859999895095825,3.865000009536743,3.619999885559082,3.680000066757202,167500,0.0,0.0
2025-08-20 00:00:00-04:00,3.680000066757202,3.880000114440918,3.549999952316284,3.809999942779541,165300,0.0,0.0
2025-08-21 00:00:00-04:00,3.549999952316284,3.9800000190734863,3.549999952316284,3.6500000953674316,325600,0.0,0.0
2025-08-22 00:00:00-04:00,3.680000066757202,3.940000057220459,3.634999990463257,3.859999895095825,161900,0.0,0.0
2025-08-25 00:00:00-04:00,3.7799999713897705,3.9000000953674316,3.6700000762939453,3.7899999618530273,212400,0.0,0.0
2025-08-26 00:00:00-04:00,3.8299999237060547,4.065999984741211,3.750999927520752,3.880000114440918,192000,0.0,0.0
2025-08-27 00:00:00-04:00,4.099999904632568,4.300000190734863,3.869999885559082,4.159999847412109,1402700,0.0,0.0
2025-08-28 00:00:00-04:00,4.059999942779541,4.320000171661377,4.010000228881836,4.210000038146973,382700,0.0,0.0
2025-08-29 00:00:00-04:00,4.289999961853027,4.295000076293945,3.9830000400543213,4.039999961853027,176700,0.0,0.0
2025-09-02 00:00:00-04:00,3.859999895095825,3.9800000190734863,3.75,3.9600000381469727,192400,0.0,0.0
2025-09-03 00:00:00-04:00,4.0,4.010000228881836,3.8350000381469727,3.9100000858306885,129800,0.0,0.0
2025-09-04 00:00:00-04:00,3.690000057220459,3.819999933242798,3.630000114440918,3.7300000190734863,358100,0.0,0.0
2025-09-05 00:00:00-04:00,3.7300000190734863,3.8499999046325684,3.615000009536743,3.759999990463257,137600,0.0,0.0
2025-09-08 00:00:00-04:00,3.799999952316284,3.799999952316284,3.6600000858306885,3.7200000286102295,104400,0.0,0.0
2025-09-09 00:00:00-04:00,3.6600000858306885,3.890000104904175,3.6600000858306885,3.890000104904175,147000,0.0,0.0
2025-09-10 00:00:00-04:00,3.890000104904175,3.9200000762939453,3.7799999713897705,3.880000114440918,103000,0.0,0.0
2025-09-11 00:00:00-04:00,3.8499999046325684,4.170000076293945,3.7699999809265137,4.079999923706055,268400,0.0,0.0
2025-09-12 00:00:00-04:00,4.050000190734863,4.119999885559082,3.869999885559082,3.890000104904175,117800,0.0,0.0
2025-09-15 00:00:00-04:00,3.9000000953674316,4.25,3.8949999809265137,4.150000095367432,313500,0.0,0.0
2025-09-16 00:00:00-04:00,4.159999847412109,4.159999847412109,4.0,4.119999885559082,161700,0.0,0.0
2025-09-17 00:00:00-04:00,4.539999961853027,4.820000171661377,3.680000066757202,3.759999990463257,19940900,0.0,0.0
2025-09-18 00:00:00-04:00,3.859999895095825,4.039999961853027,3.819999933242798,3.9200000762939453,748400,0.0,0.0
2025-09-19 00:00:00-04:00,3.9100000858306885,4.320000171661377,3.9000000953674316,4.139999866485596,1007400,0.0,0.0
2025-09-22 00:00:00-04:00,4.059999942779541,4.429999828338623,4.010000228881836,4.340000152587891,573900,0.0,0.0
2025-09-23 00:00:00-04:00,4.340000152587891,4.5960001945495605,4.164999961853027,4.309999942779541,1559300,0.0,0.0
2025-09-24 00:00:00-04:00,4.440000057220459,4.829999923706055,4.360000133514404,4.429999828338623,1470000,0.0,0.0
2025-09-25 00:00:00-04:00,4.239999771118164,4.5,4.050000190734863,4.199999809265137,871900,0.0,0.0
2025-09-26 00:00:00-04:00,4.159999847412109,4.630000114440918,4.03000020980835,4.514999866485596,805600,0.0,0.0
2025-09-29 00:00:00-04:00,4.610000133514404,4.739999771118164,4.409999847412109,4.690000057220459,362600,0.0,0.0
2025-09-30 00:00:00-04:00,4.690000057220459,4.78000020980835,4.309999942779541,4.380000114440918,447900,0.0,0.0
2025-10-01 00:00:00-04:00,4.46999979019165,4.670000076293945,4.429999828338623,4.53000020980835,312700,0.0,0.0
2025-10-02 00:00:00-04:00,4.599999904632568,4.75,4.449999809265137,4.539999961853027,376400,0.0,0.0
2025-10-03 00:00:00-04:00,4.519999980926514,5.360000133514404,4.510000228881836,4.940000057220459,2490300,0.0,0.0
2025-10-06 00:00:00-04:00,5.324999809265137,5.559999942779541,4.869999885559082,5.110000133514404,16112100,0.0,0.0
2025-10-07 00:00:00-04:00,5.260000228881836,5.288000106811523,4.639999866485596,4.670000076293945,2129900,0.0,0.0
2025-10-08 00:00:00-04:00,4.670000076293945,4.8979997634887695,4.670000076293945,4.889999866485596,1013800,0.0,0.0
2025-10-09 00:00:00-04:00,5.0,5.127999782562256,4.519999980926514,4.570000171661377,1309000,0.0,0.0
2025-10-10 00:00:00-04:00,4.619999885559082,4.949999809265137,4.420000076293945,4.480000019073486,2021000,0.0,0.0
2025-10-13 00:00:00-04:00,4.71999979019165,7.429999828338623,4.650000095367432,5.940000057220459,20446300,0.0,0.0
2025-10-14 00:00:00-04:00,6.414999961853027,6.78000020980835,5.557000160217285,6.340000152587891,9143000,0.0,0.0
2025-10-15 00:00:00-04:00,6.610000133514404,6.78000020980835,5.110000133514404,5.739999771118164,5756500,0.0,0.0
2025-10-16 00:00:00-04:00,5.679999828338623,5.679999828338623,4.840000152587891,4.940000057220459,2900900,0.0,0.0
2025-10-17 00:00:00-04:00,4.760000228881836,4.989999771118164,4.610000133514404,4.690000057220459,1526100,0.0,0.0
2025-10-20 00:00:00-04:00,4.710000038146973,5.019999980926514,4.460000038146973,4.590000152587891,1399400,0.0,0.0
2025-10-21 00:00:00-04:00,4.914999961853027,5.099999904632568,4.409999847412109,4.420000076293945,6007500,0.0,0.0
2025-10-22 00:00:00-04:00,4.300000190734863,4.429999828338623,4.039999961853027,4.28000020980835,2295500,0.0,0.0
2025-10-23 00:00:00-04:00,4.300000190734863,4.46999979019165,4.260000228881836,4.300000190734863,714700,0.0,0.0
2025-10-24 00:00:00-04:00,4.389999866485596,4.579999923706055,4.320000171661377,4.429999828338623,1122000,0.0,0.0
2025-10-27 00:00:00-04:00,4.289999961853027,4.289999961853027,3.9000000953674316,4.0,1781000,0.0,0.0
2025-10-28 00:00:00-04:00,3.9800000190734863,4.369999885559082,3.930000066757202,3.990000009536743,1546000,0.0,0.0
2025-10-29 00:00:00-04:00,4.0,4.050000190734863,3.7699999809265137,3.859999895095825,817400,0.0,0.0
2025-10-30 00:00:00-04:00,3.819999933242798,3.984999895095825,3.75,3.8399999141693115,880800,0.0,0.0
2025-10-31 00:00:00-04:00,3.9200000762939453,4.079999923706055,3.7699999809265137,4.010000228881836,629000,0.0,0.0
2025-11-03 00:00:00-05:00,3.9700000286102295,3.990000009536743,3.7300000190734863,3.75,841400,0.0,0.0
2025-11-04 00:00:00-05:00,3.640000104904175,3.75,3.450000047683716,3.450000047683716,967300,0.0,0.0
2025-11-05 00:00:00-05:00,3.450000047683716,3.549999952316284,3.3570001125335693,3.4700000286102295,709100,0.0,0.0
2025-11-06 00:00:00-05:00,3.5,3.565000057220459,3.2799999713897705,3.3399999141693115,672800,0.0,0.0
2025-11-07 00:00:00-05:00,3.2100000381469727,3.680000066757202,3.0999999046325684,3.5799999237060547,1337300,0.0,0.0
2025-11-10 00:00:00-05:00,3.6700000762939453,3.7060000896453857,3.4200000762939453,3.569999933242798,468800,0.0,0.0
2025-11-11 00:00:00-05:00,3.5999999046325684,3.671999931335449,3.4700000286102295,3.5399999618530273,178600,0.0,0.0
2025-11-12 00:00:00-05:00,3.569999933242798,3.6670000553131104,3.5199999809265137,3.5899999141693115,269100,0.0,0.0
2025-11-13 00:00:00-05:00,3.559999942779541,3.6500000953674316,3.299999952316284,3.299999952316284,828300,0.0,0.0
2025-11-14 00:00:00-05:00,3.0899999141693115,3.2699999809265137,2.930000066757202,2.9800000190734863,1812100,0.0,0.0
2025-11-17 00:00:00-05:00,2.9000000953674316,2.9000000953674316,2.450000047683716,2.5399999618530273,1476900,0.0,0.0
2025-11-18 00:00:00-05:00,2.559999942779541,2.7100000381469727,2.5399999618530273,2.6700000762939453,487100,0.0,0.0
2025-11-19 00:00:00-05:00,2.7200000286102295,2.799999952316284,2.5199999809265137,2.609999895095825,416300,0.0,0.0
2025-11-20 00:00:00-05:00,2.609999895095825,2.7799999713897705,2.4800000190734863,2.490000009536743,556000,0.0,0.0
2025-11-21 00:00:00-05:00,2.4100000858306885,2.5899999141693115,2.3399999141693115,2.5,537500,0.0,0.0
2025-11-24 00:00:00-05:00,2.4800000190734863,2.6600000858306885,2.430000066757202,2.640000104904175,479000,0.0,0.0
2025-11-25 00:00:00-05:00,2.6700000762939453,2.690000057220459,2.549999952316284,2.6700000762939453,331700,0.0,0.0
2025-11-26 00:00:00-05:00,2.6700000762939453,3.0799999237060547,2.6700000762939453,3.0299999713897705,588600,0.0,0.0
2025-11-28 00:00:00-05:00,3.140000104904175,3.299999952316284,3.059999942779541,3.299999952316284,514400,0.0,0.0
2025-12-01 00:00:00-05:00,3.2100000381469727,3.2109999656677246,2.9600000381469727,2.9700000286102295,306900,0.0,0.0
2025-12-02 00:00:00-05:00,3.0399999618530273,3.359999895095825,3.00600004196167,3.2899999618530273,471500,0.0,0.0
2025-12-03 00:00:00-05:00,3.3299999237060547,3.4000000953674316,3.119999885559082,3.369999885559082,349000,0.0,0.0
2025-12-04 00:00:00-05:00,3.3499999046325684,3.6700000762939453,3.2660000324249268,3.5799999237060547,593100,0.0,0.0
2025-12-05 00:00:00-05:00,3.5999999046325684,3.5999999046325684,3.3610000610351562,3.4200000762939453,242700,0.0,0.0
2025-12-08 00:00:00-05:00,3.4600000381469727,3.880000114440918,3.430000066757202,3.6700000762939453,821100,0.0,0.0
2025-12-09 00:00:00-05:00,3.6600000858306885,4.070000171661377,3.4700000286102295,4.03000020980835,855800,0.0,0.0
2025-12-10 00:00:00-05:00,4.0,4.067999839782715,3.744999885559082,3.8499999046325684,662800,0.0,0.0
2025-12-11 00:00:00-05:00,3.799999952316284,4.059999942779541,3.6500000953674316,3.9200000762939453,565400,0.0,0.0
2025-12-12 00:00:00-05:00,3.9200000762939453,4.110000133514404,3.444000005722046,3.5299999713897705,946800,0.0,0.0
2025-12-15 00:00:00-05:00,3.6700000762939453,3.6700000762939453,3.259999990463257,3.2899999618530273,466500,0.0,0.0
2025-12-16 00:00:00-05:00,3.200000047683716,3.390000104904175,2.9800000190734863,3.309999942779541,645000,0.0,0.0
2025-12-17 00:00:00-05:00,3.359999895095825,3.5299999713897705,3.1600000858306885,3.190000057220459,298100,0.0,0.0
2025-12-18 00:00:00-05:00,3.2699999809265137,3.4800000190734863,3.2699999809265137,3.3399999141693115,292200,0.0,0.0
2025-12-19 00:00:00-05:00,3.3399999141693115,3.690000057220459,3.3399999141693115,3.6700000762939453,600700,0.0,0.0
2025-12-22 00:00:00-05:00,3.7200000286102295,3.8399999141693115,3.609999895095825,3.640000104904175,468200,0.0,0.0
2025-12-23 00:00:00-05:00,3.690000057220459,3.7699999809265137,3.440000057220459,3.450000047683716,231800,0.0,0.0
2025-12-24 00:00:00-05:00,3.430000066757202,3.690000057220459,3.380000114440918,3.630000114440918,167900,0.0,0.0
2025-12-26 00:00:00-05:00,3.680000066757202,3.680000066757202,3.4000000953674316,3.4100000858306885,181000,0.0,0.0
2025-12-29 00:00:00-05:00,3.319999933242798,3.444999933242798,3.0799999237060547,3.109999895095825,492600,0.0,0.0
2025-12-30 00:00:00-05:00,3.0999999046325684,3.1600000858306885,2.9600000381469727,2.9700000286102295,495000,0.0,0.0
2025-12-31 00:00:00-05:00,2.990000009536743,3.0980000495910645,2.940000057220459,3.0,315200,0.0,0.0
2026-01-02 00:00:00-05:00,3.0799999237060547,3.359999895095825,3.062999963760376,3.2899999618530273,199500,0.0,0.0
2026-01-05 00:00:00-05:00,3.3499999046325684,3.8350000381469727,3.3299999237060547,3.690000057220459,691300,0.0,0.0
2026-01-06 00:00:00-05:00,3.7300000190734863,3.8499999046325684,3.5880000591278076,3.7699999809265137,380400,0.0,0.0
2026-01-07 00:00:00-05:00,3.799999952316284,3.8499999046325684,3.6600000858306885,3.759999990463257,208900,0.0,0.0
2026-01-08 00:00:00-05:00,3.700000047683716,3.700000047683716,3.4800000190734863,3.569999933242798,304600,0.0,0.0
2026-01-09 00:00:00-05:00,3.5899999141693115,3.6640000343322754,3.3499999046325684,3.4000000953674316,356800,0.0,0.0
2026-01-12 00:00:00-05:00,3.490000009536743,4.03000020980835,3.440000057220459,3.930000066757202,553900,0.0,0.0
2026-01-13 00:00:00-05:00,3.950000047683716,3.950000047683716,3.609999895095825,3.640000104904175,556300,0.0,0.0
2026-01-14 00:00:00-05:00,3.5799999237060547,3.680000066757202,3.430000066757202,3.6600000858306885,372500,0.0,0.0
2026-01-15 00:00:00-05:00,3.700000047683716,3.7699999809265137,3.5,3.680000066757202,329700,0.0,0.0
2026-01-16 00:00:00-05:00,3.75,3.759999990463257,3.4600000381469727,3.569999933242798,346000,0.0,0.0
2026-01-20 00:00:00-05:00,3.5199999809265137,3.739000082015991,3.450000047683716,3.5,436500,0.0,0.0
2026-01-21 00:00:00-05:00,3.509999990463257,3.615000009536743,3.2699999809265137,3.4000000953674316,550300,0.0,0.0
2026-01-22 00:00:00-05:00,3.4800000190734863,3.5199999809265137,3.380000114440918,3.5199999809265137,426500,0.0,0.0
2026-01-23 00:00:00-05:00,3.5,3.569999933242798,3.430000066757202,3.5299999713897705,325500,0.0,0.0
2026-01-26 00:00:00-05:00,3.6500000953674316,3.700000047683716,3.130000114440918,3.1700000762939453,974300,0.0,0.0
2026-01-27 00:00:00-05:00,3.190000057220459,3.490000009536743,3.0950000286102295,3.390000104904175,466400,0.0,0.0
2026-01-28 00:00:00-05:00,3.4000000953674316,3.950000047683716,3.3299999237060547,3.7799999713897705,1264600,0.0,0.0
2026-01-29 00:00:00-05:00,3.6600000858306885,3.7290000915527344,3.4000000953674316,3.5199999809265137,708900,0.0,0.0
2026-01-30 00:00:00-05:00,3.450000047683716,3.48799991607666,2.9700000286102295,3.0899999141693115,1272700,0.0,0.0
2026-02-02 00:00:00-05:00,3.180000066757202,3.2929999828338623,3.055000066757202,3.119999885559082,358400,0.0,0.0
2026-02-03 00:00:00-05:00,3.1500000953674316,3.200000047683716,2.880000114440918,3.0199999809265137,754300,0.0,0.0
2026-02-04 00:00:00-05:00,3.049999952316284,3.069999933242798,2.759999990463257,2.880000114440918,558900,0.0,0.0
2026-02-05 00:00:00-05:00,2.75,2.8299999237060547,2.630000114440918,2.640000104904175,386600,0.0,0.0
2026-02-06 00:00:00-05:00,2.7200000286102295,2.9519999027252197,2.7139999866485596,2.940000057220459,485600,0.0,0.0
2026-02-09 00:00:00-05:00,2.940000057220459,3.069999933242798,2.890000104904175,3.009999990463257,165900,0.0,0.0
2026-02-10 00:00:00-05:00,3.009999990463257,3.440000057220459,2.9100000858306885,3.140000104904175,639400,0.0,0.0
2026-02-11 00:00:00-05:00,3.140000104904175,3.180000066757202,3.009999990463257,3.0799999237060547,262800,0.0,0.0
2026-02-12 00:00:00-05:00,3.0999999046325684,3.0999999046325684,2.9100000858306885,2.9100000858306885,218900,0.0,0.0
2026-02-13 00:00:00-05:00,2.950000047683716,3.119999885559082,2.940000057220459,3.049999952316284,216500,0.0,0.0
2026-02-17 00:00:00-05:00,3.0299999713897705,3.0350000858306885,2.890000104904175,2.9100000858306885,165100,0.0,0.0
2026-02-18 00:00:00-05:00,2.9200000762939453,3.0799999237060547,2.9100000858306885,3.009999990463257,172700,0.0,0.0
2026-02-19 00:00:00-05:00,2.9700000286102295,3.190000057220459,2.9200000762939453,3.1500000953674316,140200,0.0,0.0
2026-02-20 00:00:00-05:00,3.1500000953674316,3.2899999618530273,3.0199999809265137,3.0799999237060547,143900,0.0,0.0
2026-02-23 00:00:00-05:00,3.049999952316284,3.058000087738037,2.930000066757202,2.9800000190734863,103900,0.0,0.0
2026-02-24 00:00:00-05:00,2.9800000190734863,3.0899999141693115,2.890000104904175,3.0299999713897705,158700,0.0,0.0
2026-02-25 00:00:00-05:00,3.049999952316284,3.2200000286102295,3.0399999618530273,3.190000057220459,186500,0.0,0.0
2026-02-26 00:00:00-05:00,3.0799999237060547,3.25,3.069999933242798,3.190000057220459,217800,0.0,0.0
2026-02-27 00:00:00-05:00,3.1500000953674316,3.1500000953674316,2.869999885559082,2.950000047683716,824200,0.0,0.0
2026-03-02 00:00:00-05:00,2.869999885559082,3.1500000953674316,2.819999933242798,3.049999952316284,305200,0.0,0.0
2026-03-03 00:00:00-05:00,2.9200000762939453,3.0299999713897705,2.799999952316284,2.940000057220459,245800,0.0,0.0
2026-03-04 00:00:00-05:00,2.9600000381469727,3.0,2.8399999141693115,2.880000114440918,333700,0.0,0.0
2026-03-05 00:00:00-05:00,2.8299999237060547,2.9660000801086426,2.75,2.819999933242798,304800,0.0,0.0
2026-03-06 00:00:00-05:00,2.809999942779541,2.930000066757202,2.759999990463257,2.819999933242798,241100,0.0,0.0
2026-03-09 00:00:00-04:00,2.75,2.930000066757202,2.6500000953674316,2.930000066757202,316400,0.0,0.0
2026-03-10 00:00:00-04:00,2.9100000858306885,3.309999942779541,2.8499999046325684,3.130000114440918,709400,0.0,0.0
2026-03-11 00:00:00-04:00,3.075000047683716,3.1600000858306885,2.950000047683716,3.109999895095825,147600,0.0,0.0
2026-03-12 00:00:00-04:00,3.0199999809265137,3.069999933242798,2.859999895095825,2.880000114440918,214400,0.0,0.0
2026-03-13 00:00:00-04:00,2.9200000762939453,2.9600000381469727,2.2339999675750732,2.390000104904175,1752700,0.0,0.0
2026-03-16 00:00:00-04:00,2.5899999141693115,2.700000047683716,2.4200000762939453,2.559999942779541,433300,0.0,0.0
2026-03-17 00:00:00-04:00,2.450000047683716,2.5299999713897705,2.3399999141693115,2.5199999809265137,511200,0.0,0.0
2026-03-18 00:00:00-04:00,2.450000047683716,2.5450000762939453,2.259999990463257,2.2899999618530273,502400,0.0,0.0
2026-03-19 00:00:00-04:00,2.1500000953674316,2.194999933242798,1.9600000381469727,2.1600000858306885,454600,0.0,0.0
2026-03-20 00:00:00-04:00,2.109999895095825,2.200000047683716,2.0,2.0,388600,0.0,0.0
2026-03-23 00:00:00-04:00,1.9500000476837158,2.0999999046325684,1.8899999856948853,2.0399999618530273,422200,0.0,0.0
2026-03-24 00:00:00-04:00,1.9600000381469727,2.234999895095825,1.9600000381469727,2.1700000762939453,544600,0.0,0.0
2026-03-25 00:00:00-04:00,2.1700000762939453,2.450000047683716,2.130000114440918,2.240000009536743,495200,0.0,0.0
2026-03-26 00:00:00-04:00,2.2200000286102295,2.390000104904175,2.1700000762939453,2.180000066757202,163300,0.0,0.0
2026-03-27 00:00:00-04:00,2.1700000762939453,2.2699999809265137,2.109999895095825,2.1600000858306885,193400,0.0,0.0
2026-03-30 00:00:00-04:00,2.119999885559082,2.1600000858306885,2.0,2.0199999809265137,218700,0.0,0.0
2026-03-31 00:00:00-04:00,2.0799999237060547,2.819999933242798,2.049999952316284,2.809999942779541,1479400,0.0,0.0
2026-04-01 00:00:00-04:00,2.759999990463257,2.759999990463257,2.4700000286102295,2.509999990463257,454800,0.0,0.0
2026-04-02 00:00:00-04:00,2.4200000762939453,2.569999933242798,2.4100000858306885,2.490000009536743,119600,0.0,0.0
2026-04-06 00:00:00-04:00,2.5,2.569999933242798,2.4200000762939453,2.4600000381469727,95500,0.0,0.0
2026-04-07 00:00:00-04:00,2.4000000953674316,2.4700000286102295,2.259999990463257,2.319999933242798,107600,0.0,0.0
2026-04-08 00:00:00-04:00,2.4600000381469727,2.5799999237060547,2.390000104904175,2.450000047683716,140100,0.0,0.0
2026-04-09 00:00:00-04:00,2.4200000762939453,2.450000047683716,2.3299999237060547,2.380000114440918,74400,0.0,0.0
2026-04-10 00:00:00-04:00,2.440000057220459,2.440000057220459,2.309999942779541,2.4000000953674316,74000,0.0,0.0
2026-04-13 00:00:00-04:00,2.3299999237060547,2.490000009536743,2.299999952316284,2.430000066757202,169900,0.0,0.0
2026-04-14 00:00:00-04:00,2.490000009536743,2.5299999713897705,2.380000114440918,2.440000057220459,437000,0.0,0.0
2026-04-15 00:00:00-04:00,2.440000057220459,2.680000066757202,2.440000057220459,2.6500000953674316,224300,0.0,0.0
2026-04-16 00:00:00-04:00,2.680000066757202,2.809999942779541,2.5199999809265137,2.7899999618530273,364700,0.0,0.0
2026-04-17 00:00:00-04:00,2.7699999809265137,2.7899999618530273,2.6500000953674316,2.700000047683716,219400,0.0,0.0
2026-04-20 00:00:00-04:00,2.5899999141693115,2.75,2.5899999141693115,2.609999895095825,263400,0.0,0.0
2026-04-21 00:00:00-04:00,2.5999999046325684,2.6500000953674316,2.440000057220459,2.4800000190734863,424000,0.0,0.0
2026-04-22 00:00:00-04:00,2.4800000190734863,2.680000066757202,2.4800000190734863,2.630000114440918,281900,0.0,0.0
2026-04-23 00:00:00-04:00,2.6700000762939453,2.6700000762939453,2.380000114440918,2.450000047683716,171200,0.0,0.0
2026-04-24 00:00:00-04:00,2.5199999809265137,2.5199999809265137,2.2799999713897705,2.319999933242798,279100,0.0,0.0
2026-04-27 00:00:00-04:00,2.299999952316284,2.4700000286102295,2.240000009536743,2.430000066757202,223400,0.0,0.0
2026-04-28 00:00:00-04:00,2.369999885559082,2.369999885559082,2.180000066757202,2.2699999809265137,202800,0.0,0.0
2026-04-29 00:00:00-04:00,2.259999990463257,2.3299999237060547,2.180000066757202,2.200000047683716,90200,0.0,0.0
2026-04-30 00:00:00-04:00,2.190000057220459,2.3499999046325684,2.190000057220459,2.2799999713897705,205000,0.0,0.0
2026-05-01 00:00:00-04:00,2.2899999618530273,2.309999942779541,2.1600000858306885,2.259999990463257,292300,0.0,0.0
2026-05-04 00:00:00-04:00,2.259999990463257,2.259999990463257,2.0899999141693115,2.109999895095825,238500,0.0,0.0
2026-05-05 00:00:00-04:00,2.1500000953674316,2.240000009536743,2.049999952316284,2.109999895095825,276800,0.0,0.0
2026-05-06 00:00:00-04:00,2.200000047683716,2.3399999141693115,2.130000114440918,2.2699999809265137,492900,0.0,0.0
2026-05-07 00:00:00-04:00,2.2899999618530273,2.2899999618530273,2.0899999141693115,2.109999895095825,371100,0.0,0.0
2026-05-08 00:00:00-04:00,2.119999885559082,2.134999990463257,2.009999990463257,2.069999933242798,199000,0.0,0.0
2026-05-11 00:00:00-04:00,2.0399999618530273,2.180000066757202,1.9739999771118164,2.049999952316284,423100,0.0,0.0
2026-05-12 00:00:00-04:00,2.0299999713897705,2.0799999237060547,1.940000057220459,2.0399999618530273,268300,0.0,0.0
2026-05-13 00:00:00-04:00,2.0,2.1700000762939453,1.9800000190734863,2.0799999237060547,344300,0.0,0.0
2026-05-14 00:00:00-04:00,2.3399999141693115,2.390000104904175,2.180000066757202,2.259999990463257,823900,0.0,0.0
2026-05-15 00:00:00-04:00,2.299999952316284,2.5,2.0899999141693115,2.1600000858306885,1569400,0.0,0.0
2026-05-18 00:00:00-04:00,2.380000114440918,2.390000104904175,2.0309998989105225,2.140000104904175,671900,0.0,0.0
2026-05-19 00:00:00-04:00,2.130000114440918,2.130000114440918,2.0299999713897705,2.0399999618530273,238700,0.0,0.0
2026-05-20 00:00:00-04:00,2.059999942779541,2.109999895095825,1.9800000190734863,2.0799999237060547,244900,0.0,0.0
2026-05-21 00:00:00-04:00,2.0199999809265137,2.119999885559082,2.0,2.0799999237060547,364900,0.0,0.0
2026-05-22 00:00:00-04:00,2.0799999237060547,2.1500000953674316,2.009999990463257,2.119999885559082,432400,0.0,0.0
2026-05-26 00:00:00-04:00,2.1500000953674316,2.438999891281128,2.1500000953674316,2.299999952316284,561100,0.0,0.0
2026-05-27 00:00:00-04:00,2.3499999046325684,2.559999942779541,2.2260000705718994,2.4000000953674316,1211400,0.0,0.0
2026-05-28 00:00:00-04:00,2.4100000858306885,2.509999990463257,2.299999952316284,2.380000114440918,877300,0.0,0.0
2026-05-29 00:00:00-04:00,2.359999895095825,2.440000057220459,2.180000066757202,2.4000000953674316,438100,0.0,0.0
2026-06-01 00:00:00-04:00,2.3499999046325684,2.490000009536743,2.25,2.319999933242798,404200,0.0,0.0
2026-06-02 00:00:00-04:00,2.319999933242798,2.609999895095825,2.265000104904175,2.4800000190734863,1134900,0.0,0.0
2026-06-03 00:00:00-04:00,2.5299999713897705,2.5899999141693115,2.3499999046325684,2.380000114440918,420900,0.0,0.0
2026-06-04 00:00:00-04:00,2.299999952316284,2.390000104904175,2.2300000190734863,2.319999933242798,284100,0.0,0.0
2026-06-05 00:00:00-04:00,2.259999990463257,2.299999952316284,1.9600000381469727,1.9800000190734863,922000,0.0,0.0
2026-06-08 00:00:00-04:00,2.0999999046325684,2.0999999046325684,1.8600000143051147,1.899999976158142,749800,0.0,0.0
2026-06-09 00:00:00-04:00,1.940000057220459,1.9800000190734863,1.7599999904632568,1.8600000143051147,642800,0.0,0.0
2026-06-10 00:00:00-04:00,1.809999942779541,1.899999976158142,1.7799999713897705,1.809999942779541,399000,0.0,0.0
2026-06-11 00:00:00-04:00,1.8200000524520874,2.0,1.7899999618530273,1.9500000476837158,722700,0.0,0.0
2026-06-12 00:00:00-04:00,1.9900000095367432,2.0299999713897705,1.9199999570846558,1.9199999570846558,406700,0.0,0.0
2026-06-15 00:00:00-04:00,1.940000057220459,2.0199999809265137,1.8899999856948853,1.899999976158142,245600,0.0,0.0
2026-06-16 00:00:00-04:00,1.899999976158142,2.0,1.850000023841858,1.9500000476837158,271300,0.0,0.0
2026-06-17 00:00:00-04:00,1.9800000190734863,2.0399999618530273,1.909999966621399,1.909999966621399,153300,0.0,0.0
2026-06-18 00:00:00-04:00,1.9700000286102295,2.119999885559082,1.8799999952316284,2.049999952316284,1240900,0.0,0.0
2026-06-22 00:00:00-04:00,1.9700000286102295,2.0,1.8799999952316284,1.8799999952316284,380700,0.0,0.0
2026-06-23 00:00:00-04:00,1.8300000429153442,1.9199999570846558,1.7999999523162842,1.8200000524520874,347800,0.0,0.0
2026-06-24 00:00:00-04:00,1.7599999904632568,1.7910000085830688,1.659999966621399,1.7000000476837158,496400,0.0,0.0
2026-06-25 00:00:00-04:00,1.690000057220459,1.7350000143051147,1.590000033378601,1.590000033378601,509800,0.0,0.0
2026-06-26 00:00:00-04:00,1.559999942779541,1.7050000429153442,1.559999942779541,1.6699999570846558,243600,0.0,0.0
2026-06-29 00:00:00-04:00,1.649999976158142,1.6799999475479126,1.5049999952316284,1.5299999713897705,779200,0.0,0.0
2026-06-30 00:00:00-04:00,1.5299999713897705,1.5800000429153442,1.3459999561309814,1.5299999713897705,1195400,0.0,0.0
2026-07-01 00:00:00-04:00,1.559999942779541,1.684999942779541,1.5230000019073486,1.6200000047683716,401400,0.0,0.0
2026-07-02 00:00:00-04:00,1.659999966621399,1.7899999618530273,1.659999966621399,1.7000000476837158,324400,0.0,0.0
2026-07-06 00:00:00-04:00,1.7000000476837158,1.7799999713897705,1.7000000476837158,1.7000000476837158,149500,0.0,0.0
2026-07-07 00:00:00-04:00,1.75,1.75,1.5809999704360962,1.6299999952316284,166100,0.0,0.0
2026-07-08 00:00:00-04:00,1.5700000524520874,1.649999976158142,1.5399999618530273,1.6399999856948853,108600,0.0,0.0
2026-07-09 00:00:00-04:00,1.6100000143051147,1.7070000171661377,1.5950000286102295,1.7000000476837158,139300,0.0,0.0
2026-07-10 00:00:00-04:00,1.7100000381469727,1.8179999589920044,1.6100000143051147,1.7899999618530273,377300,0.0,0.0
2026-07-13 00:00:00-04:00,1.75,1.7799999713897705,1.6200000047683716,1.6299999952316284,178600,0.0,0.0
2026-07-14 00:00:00-04:00,1.6299999952316284,1.75,1.6299999952316284,1.690000057220459,217600,0.0,0.0
2026-07-15 00:00:00-04:00,1.7100000381469727,1.7450000047683716,1.6299999952316284,1.7300000190734863,174200,0.0,0.0
2026-07-16 00:00:00-04:00,1.7000000476837158,1.7200000286102295,1.590000033378601,1.625,224100,0.0,0.0
2026-07-17 00:00:00-04:00,1.600000023841858,1.659999966621399,1.5399999618530273,1.6200000047683716,128300,0.0,0.0
2026-07-20 00:00:00-04:00,1.590000033378601,1.7400000095367432,1.590000033378601,1.7400000095367432,148500,0.0,0.0
2026-07-21 00:00:00-04:00,1.7599999904632568,1.7899999618530273,1.7200000286102295,1.7300000190734863,185100,0.0,0.0
2026-07-22 00:00:00-04:00,1.7799999713897705,1.8899999856948853,1.7400000095367432,1.8200000524520874,444300,0.0,0.0
2026-07-23 00:00:00-04:00,1.7999999523162842,1.809999942779541,1.7300000190734863,1.75,173000,0.0,0.0
2026-07-24 00:00:00-04:00,1.7899999618530273,1.7899999618530273,1.659999966621399,1.6649999618530273,184800,0.0,0.0
2026-07-27 00:00:00-04:00,1.6699999570846558,1.7999999523162842,1.6699999570846558,1.7000000476837158,273200,0.0,0.0
2026-07-28 00:00:00-04:00,1.6799999475479126,1.690000057220459,1.5800000429153442,1.6399999856948853,278500,0.0,0.0
2026-07-29 00:00:00-04:00,1.6200000047683716,1.6200000047683716,1.465000033378601,1.4700000286102295,395100,0.0,0.0
2026-07-30 00:00:00-04:00,1.559999942779541,1.600000023841858,1.5399999618530273,1.5399999618530273,285900,0.0,0.0
2026-07-31 00:00:00-04:00,1.5700000524520874,1.600000023841858,1.5299999713897705,1.5399999618530273,122500,0.0,0.0
2026-08-03 00:00:00-04:00,1.5700000524520874,1.6299999952316284,1.5399999618530273,1.6100000143051147,86800,0.0,0.0
2026-08-04 00:00:00-04:00,1.590000033378601,1.7400000095367432,1.590000033378601,1.6699999570846558,246400,0.0,0.0
2026-08-05 00:00:00-04:00,1.6699999570846558,1.7400000095367432,1.659999966621399,1.6799999475479126,141200,0.0,0.0
2026-08-06 00:00:00-04:00,1.6299999952316284,1.7999999523162842,1.6299999952316284,1.6399999856948853,139800,0.0,0.0
2026-08-07 00:00:00-04:00,1.649999976158142,1.7599999904632568,1.649999976158142,1.7000000476837158,559800,0.0,0.0
2026-08-10 00:00:00-04:00,1.7200000286102295,1.7200000286102295,1.6299999952316284,1.7000000476837158,280000,0.0,0.0
2026-08-11 00:00:00-04:00,1.690000057220459,1.8949999809265137,1.6799999475479126,1.8600000143051147,799800,0.0,0.0
2026-08-12 00:00:00-04:00,1.8799999952316284,1.9600000381469727,1.8049999475479126,1.8450000286102295,405700,0.0,0.0
2026-08-13 00:00:00-04:00,1.8700000047683716,1.9800000190734863,1.8200000524520874,1.9199999570846558,401300,0.0,0.0
2026-08-14 00:00:00-04:00,1.909999966621399,1.9639999866485596,1.809999942779541,1.8200000524520874,428600,0.0,0.0
2026-08-17 00:00:00-04:00,1.8300000429153442,1.850000023841858,1.7100000381469727,1.7899999618530273,467500,0.0,0.0
2026-08-18 00:00:00-04:00,1.75,1.7999999523162842,1.6749999523162842,1.690000057220459,438800,0.0,0.0
2026-08-19 00:00:00-04:00,1.7300000190734863,1.75,1.6699999570846558,1.7100000381469727,188100,0.0,0.0
2026-08-20 00:00:00-04:00,1.6799999475479126,1.7100000381469727,1.6460000276565552,1.7000000476837158,172900,0.0,0.0
2026-08-21 00:00:00-04:00,1.7200000286102295,1.8700000047683716,1.7200000286102295,1.8700000047683716,274600,0.0,0.0
2026-08-24 00:00:00-04:00,1.850000023841858,1.8700000047683716,1.7200000286102295,1.7300000190734863,276200,0.0,0.0
2026-08-25 00:00:00-04:00,1.7200000286102295,1.8300000429153442,1.7000000476837158,1.7300000190734863,545100,0.0,0.0
2026-08-26 00:00:00-04:00,1.7300000190734863,1.7400000095367432,1.649999976158142,1.659999966621399,434700,0.0,0.0
2026-08-27 00:00:00-04:00,1.659999966621399,1.7100000381469727,1.659999966621399,1.7000000476837158,134900,0.0,0.0
2026-08-28 00:00:00-04:00,1.690000057220459,1.7000000476837158,1.5,1.5099999904632568,719100,0.0,0.0
2026-08-31 00:00:00-04:00,1.5,1.5399999618530273,1.4199999570846558,1.5399999618530273,326500,0.0,0.0
2026-09-01 00:00:00-04:00,1.5099999904632568,1.5989999771118164,1.4700000286102295,1.5700000524520874,335000,0.0,0.0
2026-09-02 00:00:00-04:00,1.5700000524520874,1.6299999952316284,1.5199999809265137,1.5299999713897705,330800,0.0,0.0
2026-09-03 00:00:00-04:00,1.5399999618530273,1.559999942779541,1.5,1.5199999809265137,96100,0.0,0.0
2026-09-04 00:00:00-04:00,1.5199999809265137,1.5399999618530273,1.4900000095367432,1.5099999904632568,151000,0.0,0.0
2026-09-08 00:00:00-04:00,1.5199999809265137,1.600000023841858,1.4800000190734863,1.4900000095367432,644007,0.0,0.0
