Date,Open,High,Low,Close,Volume,Dividends,Stock Splits
2022-06-21 00:00:00-04:00,7.0,7.889999866485596,6.75,7.039999961853027,11700,0.0,0.0
2022-06-22 00:00:00-04:00,8.0,8.0,7.010000228881836,7.900000095367432,30600,0.0,0.0
2022-06-23 00:00:00-04:00,6.989999771118164,6.989999771118164,6.039999961853027,6.050000190734863,31800,0.0,0.0
2022-06-24 00:00:00-04:00,6.10699987411499,6.230000019073486,5.701000213623047,6.086999893188477,13900,0.0,0.0
2022-06-27 00:00:00-04:00,6.289999961853027,6.289999961853027,6.079999923706055,6.199999809265137,18200,0.0,0.0
2022-06-28 00:00:00-04:00,6.199999809265137,6.199999809265137,5.699999809265137,5.949999809265137,12200,0.0,0.0
2022-06-29 00:00:00-04:00,6.050000190734863,6.105999946594238,5.130000114440918,5.130000114440918,23500,0.0,0.0
2022-06-30 00:00:00-04:00,5.940000057220459,6.340000152587891,5.75,5.800000190734863,4700,0.0,0.0
2022-07-01 00:00:00-04:00,5.400000095367432,5.75,5.300000190734863,5.449999809265137,11900,0.0,0.0
2022-07-05 00:00:00-04:00,5.710000038146973,5.710000038146973,5.460000038146973,5.480000019073486,19000,0.0,0.0
2022-07-06 00:00:00-04:00,5.480000019073486,5.480000019073486,5.199999809265137,5.25,14400,0.0,0.0
2022-07-07 00:00:00-04:00,5.0,5.050000190734863,4.376999855041504,4.489999771118164,31500,0.0,0.0
2022-07-08 00:00:00-04:00,4.449999809265137,5.0,4.440000057220459,5.0,21100,0.0,0.0
2022-07-11 00:00:00-04:00,4.849999904632568,4.849999904632568,4.599999904632568,4.659999847412109,4600,0.0,0.0
2022-07-12 00:00:00-04:00,4.739999771118164,4.875,4.650000095367432,4.650000095367432,13000,0.0,0.0
2022-07-13 00:00:00-04:00,4.650000095367432,4.849999904632568,4.650000095367432,4.829999923706055,10200,0.0,0.0
2022-07-14 00:00:00-04:00,4.840000152587891,4.840000152587891,4.300000190734863,4.630000114440918,26400,0.0,0.0
2022-07-15 00:00:00-04:00,4.860000133514404,6.0,4.400000095367432,4.679999828338623,5700,0.0,0.0
2022-07-18 00:00:00-04:00,5.0,5.0,4.519999980926514,4.546000003814697,1300,0.0,0.0
2022-07-19 00:00:00-04:00,4.929999828338623,4.940000057220459,4.515999794006348,4.579999923706055,1800,0.0,0.0
2022-07-20 00:00:00-04:00,4.800000190734863,5.0,4.800000190734863,4.800000190734863,4000,0.0,0.0
2022-07-21 00:00:00-04:00,4.920000076293945,4.998000144958496,4.639999866485596,4.78000020980835,3100,0.0,0.0
2022-07-22 00:00:00-04:00,4.940000057220459,4.940000057220459,4.84499979019165,4.872000217437744,1100,0.0,0.0
2022-07-25 00:00:00-04:00,5.110000133514404,5.5,5.010000228881836,5.185999870300293,6600,0.0,0.0
2022-07-26 00:00:00-04:00,5.289999961853027,5.289999961853027,5.050000190734863,5.050000190734863,800,0.0,0.0
2022-07-27 00:00:00-04:00,5.300000190734863,5.300000190734863,5.010000228881836,5.15500020980835,3000,0.0,0.0
2022-07-28 00:00:00-04:00,5.300000190734863,5.300000190734863,5.0,5.21999979019165,2800,0.0,0.0
2022-07-29 00:00:00-04:00,5.21999979019165,5.21999979019165,5.21999979019165,5.21999979019165,300,0.0,0.0
2022-08-01 00:00:00-04:00,5.5,5.5,5.24399995803833,5.400000095367432,3200,0.0,0.0
2022-08-02 00:00:00-04:00,5.300000190734863,5.300000190734863,5.0,5.0,4900,0.0,0.0
2022-08-03 00:00:00-04:00,5.099999904632568,5.099999904632568,5.099999904632568,5.099999904632568,700,0.0,0.0
2022-08-04 00:00:00-04:00,5.099999904632568,5.099999904632568,4.940000057220459,4.940000057220459,7300,0.0,0.0
2022-08-05 00:00:00-04:00,5.199999809265137,5.570000171661377,5.010000228881836,5.010000228881836,30000,0.0,0.0
2022-08-08 00:00:00-04:00,5.25,5.300000190734863,5.110000133514404,5.150000095367432,12900,0.0,0.0
2022-08-09 00:00:00-04:00,5.400000095367432,5.550000190734863,5.199999809265137,5.199999809265137,3800,0.0,0.0
2022-08-10 00:00:00-04:00,6.454999923706055,6.454999923706055,5.599999904632568,6.150000095367432,9100,0.0,0.0
2022-08-11 00:00:00-04:00,6.150000095367432,6.736000061035156,6.059999942779541,6.360000133514404,11300,0.0,0.0
2022-08-12 00:00:00-04:00,6.900000095367432,7.989999771118164,6.300000190734863,7.300000190734863,41200,0.0,0.0
2022-08-15 00:00:00-04:00,7.199999809265137,7.199999809265137,6.625,6.900000095367432,24800,0.0,0.0
2022-08-16 00:00:00-04:00,7.199999809265137,7.5,7.0329999923706055,7.409999847412109,24900,0.0,0.0
2022-08-17 00:00:00-04:00,7.5,7.5,7.099999904632568,7.380000114440918,27000,0.0,0.0
2022-08-18 00:00:00-04:00,7.130000114440918,7.216000080108643,6.5,7.039999961853027,7100,0.0,0.0
2022-08-19 00:00:00-04:00,6.940000057220459,7.25,6.900000095367432,7.25,7000,0.0,0.0
2022-08-22 00:00:00-04:00,7.25,7.25,6.550000190734863,6.940000057220459,11700,0.0,0.0
2022-08-23 00:00:00-04:00,6.567999839782715,7.099999904632568,6.567999839782715,6.710000038146973,9300,0.0,0.0
2022-08-24 00:00:00-04:00,6.940000057220459,7.099999904632568,6.940000057220459,7.0,4400,0.0,0.0
2022-08-25 00:00:00-04:00,7.090000152587891,7.24399995803833,7.0,7.190000057220459,4500,0.0,0.0
2022-08-26 00:00:00-04:00,7.349999904632568,7.489999771118164,7.190000057220459,7.210000038146973,5400,0.0,0.0
2022-08-29 00:00:00-04:00,7.409999847412109,7.5,6.840000152587891,6.840000152587891,6900,0.0,0.0
2022-08-30 00:00:00-04:00,6.800000190734863,7.25,6.710000038146973,7.25,22300,0.0,0.0
2022-08-31 00:00:00-04:00,7.230000019073486,7.230000019073486,6.800000190734863,6.909999847412109,16100,0.0,0.0
2022-09-01 00:00:00-04:00,7.0,7.011000156402588,6.599999904632568,6.824999809265137,8700,0.0,0.0
2022-09-02 00:00:00-04:00,6.599999904632568,6.739999771118164,6.5,6.5,5300,0.0,0.0
2022-09-06 00:00:00-04:00,6.5,6.5,6.5,6.5,0,0.0,0.0
2022-09-07 00:00:00-04:00,6.5,6.5,6.5,6.5,0,0.0,0.0
2022-09-08 00:00:00-04:00,6.670000076293945,6.670000076293945,6.230000019073486,6.239999771118164,24700,0.0,0.0
2022-09-09 00:00:00-04:00,6.480000019073486,8.4399995803833,6.480000019073486,7.300000190734863,74700,0.0,0.0
2022-09-12 00:00:00-04:00,7.199999809265137,7.199999809265137,6.440000057220459,6.800000190734863,27900,0.0,0.0
2022-09-13 00:00:00-04:00,6.519999980926514,6.519999980926514,6.170000076293945,6.199999809265137,19600,0.0,0.0
2022-09-14 00:00:00-04:00,6.059999942779541,6.659999847412109,6.059999942779541,6.449999809265137,3100,0.0,0.0
2022-09-15 00:00:00-04:00,6.453999996185303,6.800000190734863,6.400000095367432,6.599999904632568,6900,0.0,0.0
2022-09-16 00:00:00-04:00,6.599999904632568,6.690000057220459,6.269999980926514,6.5,10100,0.0,0.0
2022-09-19 00:00:00-04:00,6.736999988555908,6.994999885559082,6.440000057220459,6.599999904632568,7800,0.0,0.0
2022-09-20 00:00:00-04:00,6.704999923706055,6.822999954223633,6.610000133514404,6.699999809265137,7200,0.0,0.0
2022-09-21 00:00:00-04:00,6.639999866485596,6.699999809265137,6.5,6.5,2500,0.0,0.0
2022-09-22 00:00:00-04:00,6.510000228881836,6.550000190734863,6.269999980926514,6.269999980926514,3900,0.0,0.0
2022-09-23 00:00:00-04:00,6.46999979019165,6.480000019073486,6.199999809265137,6.199999809265137,1900,0.0,0.0
2022-09-26 00:00:00-04:00,6.050000190734863,6.050000190734863,5.599999904632568,5.599999904632568,2500,0.0,0.0
2022-09-27 00:00:00-04:00,5.980000019073486,5.980000019073486,5.900000095367432,5.900000095367432,400,0.0,0.0
2022-09-28 00:00:00-04:00,5.889999866485596,6.341000080108643,5.699999809265137,5.75,17200,0.0,0.0
2022-09-29 00:00:00-04:00,5.519999980926514,5.599999904632568,5.519999980926514,5.570000171661377,1700,0.0,0.0
2022-09-30 00:00:00-04:00,5.869999885559082,6.460000038146973,5.599999904632568,5.800000190734863,5600,0.0,0.0
2022-10-03 00:00:00-04:00,5.829999923706055,6.380000114440918,5.800000190734863,5.980000019073486,1400,0.0,0.0
2022-10-04 00:00:00-04:00,5.881999969482422,5.881999969482422,5.730000019073486,5.730000019073486,1400,0.0,0.0
2022-10-05 00:00:00-04:00,5.809999942779541,5.809999942779541,5.579999923706055,5.679999828338623,2200,0.0,0.0
2022-10-06 00:00:00-04:00,5.599999904632568,5.599999904632568,5.5,5.5,800,0.0,0.0
2022-10-07 00:00:00-04:00,5.355000019073486,5.355000019073486,5.210000038146973,5.210000038146973,1200,0.0,0.0
2022-10-10 00:00:00-04:00,6.050000190734863,6.050000190734863,5.230000019073486,5.6539998054504395,2000,0.0,0.0
2022-10-11 00:00:00-04:00,5.019999980926514,5.590000152587891,5.019999980926514,5.349999904632568,3300,0.0,0.0
2022-10-12 00:00:00-04:00,5.204999923706055,5.241000175476074,5.204999923706055,5.241000175476074,500,0.0,0.0
2022-10-13 00:00:00-04:00,5.558000087738037,5.558000087738037,5.558000087738037,5.558000087738037,200,0.0,0.0
2022-10-14 00:00:00-04:00,5.25,5.25,5.0,5.0,700,0.0,0.0
2022-10-17 00:00:00-04:00,5.300000190734863,5.400000095367432,5.113999843597412,5.113999843597412,5100,0.0,0.0
2022-10-18 00:00:00-04:00,5.28000020980835,5.5,5.28000020980835,5.28000020980835,3300,0.0,0.0
2022-10-19 00:00:00-04:00,5.289999961853027,5.820000171661377,5.050000190734863,5.050000190734863,8200,0.0,0.0
2022-10-20 00:00:00-04:00,5.050000190734863,5.0960001945495605,4.800000190734863,4.800000190734863,10500,0.0,0.0
2022-10-21 00:00:00-04:00,5.019999980926514,5.019999980926514,4.659999847412109,5.0,10200,0.0,0.0
2022-10-24 00:00:00-04:00,5.0,5.0,4.409999847412109,4.578000068664551,9500,0.0,0.0
2022-10-25 00:00:00-04:00,4.5,5.388000011444092,4.309999942779541,5.210000038146973,8000,0.0,0.0
2022-10-26 00:00:00-04:00,5.0,5.0,4.791999816894531,4.920000076293945,8900,0.0,0.0
2022-10-27 00:00:00-04:00,5.099999904632568,5.099999904632568,4.599999904632568,4.599999904632568,7700,0.0,0.0
2022-10-28 00:00:00-04:00,4.800000190734863,4.849999904632568,4.659999847412109,4.659999847412109,3000,0.0,0.0
2022-10-31 00:00:00-04:00,4.849999904632568,4.849999904632568,4.650000095367432,4.650000095367432,2100,0.0,0.0
2022-11-01 00:00:00-04:00,4.860000133514404,4.96999979019165,4.75,4.96999979019165,1100,0.0,0.0
2022-11-02 00:00:00-04:00,4.829999923706055,5.130000114440918,4.670000076293945,4.824999809265137,18000,0.0,0.0
2022-11-03 00:00:00-04:00,5.139999866485596,5.25,4.739999771118164,4.940000057220459,5700,0.0,0.0
2022-11-04 00:00:00-04:00,5.170000076293945,5.505000114440918,4.860000133514404,5.505000114440918,9700,0.0,0.0
2022-11-07 00:00:00-05:00,5.150000095367432,5.25,5.150000095367432,5.21999979019165,2500,0.0,0.0
2022-11-08 00:00:00-05:00,5.150000095367432,5.204999923706055,5.070000171661377,5.199999809265137,1600,0.0,0.0
2022-11-09 00:00:00-05:00,5.300000190734863,5.300000190734863,5.070000171661377,5.070000171661377,3400,0.0,0.0
2022-11-10 00:00:00-05:00,5.25,5.300000190734863,5.21999979019165,5.25,1100,0.0,0.0
2022-11-11 00:00:00-05:00,5.25,5.300000190734863,5.25,5.300000190734863,700,0.0,0.0
2022-11-14 00:00:00-05:00,5.199999809265137,5.675000190734863,5.039999961853027,5.099999904632568,8800,0.0,0.0
2022-11-15 00:00:00-05:00,5.119999885559082,5.119999885559082,4.699999809265137,5.0,9100,0.0,0.0
2022-11-16 00:00:00-05:00,5.269000053405762,5.400000095367432,5.0,5.039999961853027,5500,0.0,0.0
2022-11-17 00:00:00-05:00,5.059999942779541,5.199999809265137,5.059999942779541,5.119999885559082,1600,0.0,0.0
2022-11-18 00:00:00-05:00,5.059999942779541,5.349999904632568,5.0,5.349999904632568,2000,0.0,0.0
2022-11-21 00:00:00-05:00,5.059999942779541,5.25,5.0,5.199999809265137,2100,0.0,0.0
2022-11-22 00:00:00-05:00,5.03000020980835,5.150000095367432,5.0,5.150000095367432,2400,0.0,0.0
2022-11-23 00:00:00-05:00,5.28000020980835,5.300000190734863,5.0,5.039999961853027,8500,0.0,0.0
2022-11-25 00:00:00-05:00,5.050000190734863,5.050000190734863,4.699999809265137,4.96999979019165,6200,0.0,0.0
2022-11-28 00:00:00-05:00,4.949999809265137,4.949999809265137,4.71999979019165,4.71999979019165,1600,0.0,0.0
2022-11-29 00:00:00-05:00,4.849999904632568,5.170000076293945,4.849999904632568,4.989999771118164,6200,0.0,0.0
2022-11-30 00:00:00-05:00,4.989999771118164,4.989999771118164,4.989999771118164,4.989999771118164,0,0.0,0.0
2022-12-01 00:00:00-05:00,5.38700008392334,5.619999885559082,5.38700008392334,5.619999885559082,300,0.0,0.0
2022-12-02 00:00:00-05:00,5.704999923706055,5.704999923706055,5.704999923706055,5.704999923706055,200,0.0,0.0
2022-12-05 00:00:00-05:00,5.619999885559082,5.619999885559082,5.619999885559082,5.619999885559082,600,0.0,0.0
2022-12-06 00:00:00-05:00,5.170000076293945,5.309999942779541,4.915999889373779,5.159999847412109,3000,0.0,0.0
2022-12-07 00:00:00-05:00,5.159999847412109,5.159999847412109,5.159999847412109,5.159999847412109,0,0.0,0.0
2022-12-08 00:00:00-05:00,5.150000095367432,5.159999847412109,5.119999885559082,5.119999885559082,1800,0.0,0.0
2022-12-09 00:00:00-05:00,5.0,5.300000190734863,5.0,5.300000190734863,3100,0.0,0.0
2022-12-12 00:00:00-05:00,5.300000190734863,5.300000190734863,5.300000190734863,5.300000190734863,0,0.0,0.0
2022-12-13 00:00:00-05:00,5.039999961853027,5.139999866485596,4.800000190734863,4.800000190734863,6600,0.0,0.0
2022-12-14 00:00:00-05:00,4.900000095367432,5.25,4.900000095367432,5.099999904632568,2100,0.0,0.0
2022-12-15 00:00:00-05:00,5.099999904632568,5.099999904632568,5.099999904632568,5.099999904632568,200,0.0,0.0
2022-12-16 00:00:00-05:00,5.090000152587891,5.090000152587891,5.090000152587891,5.090000152587891,200,0.0,0.0
2022-12-19 00:00:00-05:00,5.090000152587891,5.090000152587891,5.090000152587891,5.090000152587891,0,0.0,0.0
2022-12-20 00:00:00-05:00,5.0,5.0,4.880000114440918,4.880000114440918,1600,0.0,0.0
2022-12-21 00:00:00-05:00,5.0,5.130000114440918,4.800000190734863,4.800000190734863,4900,0.0,0.0
2022-12-22 00:00:00-05:00,4.769999980926514,4.769999980926514,4.65500020980835,4.65500020980835,2200,0.0,0.0
2022-12-23 00:00:00-05:00,4.650000095367432,5.050000190734863,4.650000095367432,5.050000190734863,1600,0.0,0.0
2022-12-27 00:00:00-05:00,5.239999771118164,5.239999771118164,4.699999809265137,4.699999809265137,2000,0.0,0.0
2022-12-28 00:00:00-05:00,4.800000190734863,4.830999851226807,4.449999809265137,4.650000095367432,6300,0.0,0.0
2022-12-29 00:00:00-05:00,4.75,4.840000152587891,4.724999904632568,4.724999904632568,2700,0.0,0.0
2022-12-30 00:00:00-05:00,4.724999904632568,4.724999904632568,4.724999904632568,4.724999904632568,100,0.0,0.0
2023-01-03 00:00:00-05:00,5.0,5.0,4.699999809265137,4.989999771118164,3300,0.0,0.0
2023-01-04 00:00:00-05:00,5.0,5.0,4.96999979019165,5.0,1100,0.0,0.0
2023-01-05 00:00:00-05:00,5.0,5.0,5.0,5.0,0,0.0,0.0
2023-01-06 00:00:00-05:00,4.989999771118164,5.099999904632568,4.989999771118164,5.099999904632568,1500,0.0,0.0
2023-01-09 00:00:00-05:00,4.940000057220459,5.25,4.940000057220459,5.099999904632568,700,0.0,0.0
2023-01-10 00:00:00-05:00,4.989999771118164,5.5,4.989999771118164,5.5,2000,0.0,0.0
2023-01-11 00:00:00-05:00,5.440000057220459,5.440000057220459,5.440000057220459,5.440000057220459,800,0.0,0.0
2023-01-12 00:00:00-05:00,5.791999816894531,5.791999816894531,5.765999794006348,5.765999794006348,2300,0.0,0.0
2023-01-13 00:00:00-05:00,5.765999794006348,5.765999794006348,5.765999794006348,5.765999794006348,0,0.0,0.0
2023-01-17 00:00:00-05:00,5.699999809265137,5.940000057220459,5.699999809265137,5.71999979019165,2100,0.0,0.0
2023-01-18 00:00:00-05:00,5.949999809265137,6.840000152587891,5.949999809265137,6.650000095367432,8400,0.0,0.0
2023-01-19 00:00:00-05:00,6.723999977111816,6.723999977111816,6.0,6.0,2400,0.0,0.0
2023-01-20 00:00:00-05:00,6.199999809265137,6.800000190734863,6.199999809265137,6.349999904632568,1700,0.0,0.0
2023-01-23 00:00:00-05:00,6.5,6.5,6.039999961853027,6.25,6500,0.0,0.0
2023-01-24 00:00:00-05:00,6.25,6.400000095367432,6.25,6.400000095367432,2000,0.0,0.0
2023-01-25 00:00:00-05:00,6.449999809265137,6.449999809265137,6.449999809265137,6.449999809265137,900,0.0,0.0
2023-01-26 00:00:00-05:00,6.349999904632568,6.449999809265137,6.25,6.25,3300,0.0,0.0
2023-01-27 00:00:00-05:00,6.5,6.559999942779541,6.0,6.199999809265137,4300,0.0,0.0
2023-01-30 00:00:00-05:00,5.989999771118164,6.099999904632568,5.989999771118164,6.099999904632568,1700,0.0,0.0
2023-01-31 00:00:00-05:00,6.525000095367432,6.525000095367432,6.25,6.25,1200,0.0,0.0
2023-02-01 00:00:00-05:00,6.25,6.46999979019165,6.199999809265137,6.275000095367432,2300,0.0,0.0
2023-02-02 00:00:00-05:00,6.199999809265137,6.199999809265137,5.940000057220459,6.038000106811523,5100,0.0,0.0
2023-02-03 00:00:00-05:00,6.199999809265137,6.349999904632568,5.769999980926514,6.349999904632568,13000,0.0,0.0
2023-02-06 00:00:00-05:00,6.690000057220459,8.020000457763672,6.425000190734863,6.980000019073486,66200,0.0,0.0
2023-02-07 00:00:00-05:00,6.519999980926514,6.989999771118164,6.361000061035156,6.599999904632568,52800,0.0,0.0
2023-02-08 00:00:00-05:00,7.0,7.0,6.599999904632568,6.619999885559082,10900,0.0,0.0
2023-02-09 00:00:00-05:00,6.699999809265137,6.800000190734863,6.599999904632568,6.625,12500,0.0,0.0
2023-02-10 00:00:00-05:00,6.599999904632568,6.769999980926514,6.598999977111816,6.690000057220459,4500,0.0,0.0
2023-02-13 00:00:00-05:00,6.650000095367432,6.699999809265137,6.539999961853027,6.550000190734863,4800,0.0,0.0
2023-02-14 00:00:00-05:00,6.550000190734863,6.550000190734863,6.400000095367432,6.474999904632568,10000,0.0,0.0
2023-02-15 00:00:00-05:00,6.400000095367432,6.550000190734863,6.300000190734863,6.502999782562256,20600,0.0,0.0
2023-02-16 00:00:00-05:00,6.650000095367432,6.78000020980835,6.300000190734863,6.320000171661377,18700,0.0,0.0
2023-02-17 00:00:00-05:00,6.329999923706055,6.599999904632568,6.099999904632568,6.599999904632568,12300,0.0,0.0
2023-02-21 00:00:00-05:00,6.400000095367432,6.400000095367432,6.099999904632568,6.199999809265137,4900,0.0,0.0
2023-02-22 00:00:00-05:00,6.150000095367432,6.150000095367432,6.019999980926514,6.019999980926514,1800,0.0,0.0
2023-02-23 00:00:00-05:00,6.059999942779541,6.199999809265137,6.0,6.03000020980835,10200,0.0,0.0
2023-02-24 00:00:00-05:00,6.051000118255615,6.170000076293945,5.8429999351501465,5.8429999351501465,10500,0.0,0.0
2023-02-27 00:00:00-05:00,5.900000095367432,6.28000020980835,5.820000171661377,6.072000026702881,4400,0.0,0.0
2023-02-28 00:00:00-05:00,6.269999980926514,6.269999980926514,5.889999866485596,5.96999979019165,3500,0.0,0.0
2023-03-01 00:00:00-05:00,5.909999847412109,6.300000190734863,5.829999923706055,6.300000190734863,6900,0.0,0.0
2023-03-02 00:00:00-05:00,6.489999771118164,6.489999771118164,5.804999828338623,5.804999828338623,3400,0.0,0.0
2023-03-03 00:00:00-05:00,6.090000152587891,6.090000152587891,5.900000095367432,5.900000095367432,1500,0.0,0.0
2023-03-06 00:00:00-05:00,5.989999771118164,6.099999904632568,5.900000095367432,5.900000095367432,6200,0.0,0.0
2023-03-07 00:00:00-05:00,5.900000095367432,5.900000095367432,5.650000095367432,5.776000022888184,1600,0.0,0.0
2023-03-08 00:00:00-05:00,5.800000190734863,5.800000190734863,5.599999904632568,5.77400016784668,6200,0.0,0.0
2023-03-09 00:00:00-05:00,5.625,5.630000114440918,5.559999942779541,5.559999942779541,2900,0.0,0.0
2023-03-10 00:00:00-05:00,5.560999870300293,5.570000171661377,5.5,5.5,1600,0.0,0.0
2023-03-13 00:00:00-04:00,5.5,5.5,5.0,5.264999866485596,7300,0.0,0.0
2023-03-14 00:00:00-04:00,5.209000110626221,5.360000133514404,5.209000110626221,5.25,3500,0.0,0.0
2023-03-15 00:00:00-04:00,5.079999923706055,5.079999923706055,4.980000019073486,5.0,7700,0.0,0.0
2023-03-16 00:00:00-04:00,5.0,5.0,4.619999885559082,4.809999942779541,6700,0.0,0.0
2023-03-17 00:00:00-04:00,4.960000038146973,5.079999923706055,4.679999828338623,4.938000202178955,2600,0.0,0.0
2023-03-20 00:00:00-04:00,5.0,5.0,4.989999771118164,4.989999771118164,600,0.0,0.0
2023-03-21 00:00:00-04:00,4.760000228881836,4.929999828338623,4.760000228881836,4.929999828338623,1300,0.0,0.0
2023-03-22 00:00:00-04:00,5.019999980926514,5.068999767303467,4.730000019073486,4.989999771118164,3400,0.0,0.0
2023-03-23 00:00:00-04:00,5.050000190734863,5.079999923706055,5.03000020980835,5.03000020980835,900,0.0,0.0
2023-03-24 00:00:00-04:00,4.889999866485596,4.906000137329102,4.710000038146973,4.710000038146973,2500,0.0,0.0
2023-03-27 00:00:00-04:00,5.059999942779541,5.070000171661377,5.0,5.059999942779541,1200,0.0,0.0
2023-03-28 00:00:00-04:00,5.070000171661377,5.070000171661377,4.949999809265137,4.989999771118164,1800,0.0,0.0
2023-03-29 00:00:00-04:00,5.0,5.5,5.0,5.400000095367432,1900,0.0,0.0
2023-03-30 00:00:00-04:00,5.519999980926514,5.679999828338623,5.5,5.679999828338623,2200,0.0,0.0
2023-03-31 00:00:00-04:00,5.120999813079834,5.120999813079834,5.120999813079834,5.120999813079834,400,0.0,0.0
2023-04-03 00:00:00-04:00,5.550000190734863,5.550000190734863,4.989999771118164,5.5,3100,0.0,0.0
2023-04-04 00:00:00-04:00,5.232999801635742,5.232999801635742,5.199999809265137,5.214000225067139,2400,0.0,0.0
2023-04-05 00:00:00-04:00,5.199999809265137,5.199999809265137,5.119999885559082,5.119999885559082,2500,0.0,0.0
2023-04-06 00:00:00-04:00,5.400000095367432,5.400000095367432,5.320000171661377,5.320000171661377,1300,0.0,0.0
2023-04-10 00:00:00-04:00,5.320000171661377,5.320000171661377,5.320000171661377,5.320000171661377,400,0.0,0.0
2023-04-11 00:00:00-04:00,5.400000095367432,5.610000133514404,5.400000095367432,5.449999809265137,4100,0.0,0.0
2023-04-12 00:00:00-04:00,5.650000095367432,5.679999828338623,5.445000171661377,5.449999809265137,2900,0.0,0.0
2023-04-13 00:00:00-04:00,5.739999771118164,5.989999771118164,5.739999771118164,5.989999771118164,1900,0.0,0.0
2023-04-14 00:00:00-04:00,6.099999904632568,6.5980000495910645,6.099999904632568,6.25,16000,0.0,0.0
2023-04-17 00:00:00-04:00,6.650000095367432,6.650000095367432,6.5,6.630000114440918,8200,0.0,0.0
2023-04-18 00:00:00-04:00,6.690000057220459,7.0,6.650000095367432,6.755000114440918,18500,0.0,0.0
2023-04-19 00:00:00-04:00,6.980000019073486,7.010000228881836,6.855000019073486,7.0,12100,0.0,0.0
2023-04-20 00:00:00-04:00,6.900000095367432,6.979000091552734,6.75,6.800000190734863,4800,0.0,0.0
2023-04-21 00:00:00-04:00,7.050000190734863,9.369999885559082,7.050000190734863,8.057000160217285,35800,0.0,0.0
2023-04-24 00:00:00-04:00,8.25,8.279999732971191,8.050000190734863,8.225000381469727,4000,0.0,0.0
2023-04-25 00:00:00-04:00,7.460000038146973,8.0600004196167,7.460000038146973,7.909999847412109,2500,0.0,0.0
2023-04-26 00:00:00-04:00,7.449999809265137,7.820000171661377,7.449999809265137,7.619999885559082,2700,0.0,0.0
2023-04-27 00:00:00-04:00,7.5,7.829999923706055,7.0,7.789999961853027,24200,0.0,0.0
2023-04-28 00:00:00-04:00,7.650000095367432,7.650000095367432,7.340000152587891,7.48799991607666,3900,0.0,0.0
2023-05-01 00:00:00-04:00,7.48799991607666,7.48799991607666,7.48799991607666,7.48799991607666,0,0.0,0.0
2023-05-02 00:00:00-04:00,7.48799991607666,7.48799991607666,7.48799991607666,7.48799991607666,0,0.0,0.0
2023-05-03 00:00:00-04:00,7.449999809265137,7.650000095367432,6.776000022888184,6.776000022888184,11300,0.0,0.0
2023-05-04 00:00:00-04:00,7.289999961853027,7.5,6.800000190734863,7.0,15600,0.0,0.0
2023-05-05 00:00:00-04:00,7.639999866485596,7.650000095367432,7.300000190734863,7.300000190734863,2100,0.0,0.0
2023-05-08 00:00:00-04:00,7.25,7.25,7.110000133514404,7.110000133514404,4100,0.0,0.0
2023-05-09 00:00:00-04:00,6.78000020980835,7.099999904632568,6.78000020980835,6.800000190734863,5500,0.0,0.0
2023-05-10 00:00:00-04:00,6.900000095367432,7.099999904632568,6.800000190734863,7.050000190734863,4000,0.0,0.0
2023-05-11 00:00:00-04:00,7.090000152587891,7.215000152587891,6.230000019073486,6.695000171661377,27500,0.0,0.0
2023-05-12 00:00:00-04:00,6.510000228881836,6.744999885559082,6.510000228881836,6.739999771118164,3000,0.0,0.0
2023-05-15 00:00:00-04:00,6.610000133514404,6.644999980926514,6.099999904632568,6.099999904632568,2000,0.0,0.0
2023-05-16 00:00:00-04:00,6.4079999923706055,6.5,6.010000228881836,6.034999847412109,7200,0.0,0.0
2023-05-17 00:00:00-04:00,6.300000190734863,6.300000190734863,6.0,6.300000190734863,4100,0.0,0.0
2023-05-18 00:00:00-04:00,6.139999866485596,6.360000133514404,6.139999866485596,6.244999885559082,10700,0.0,0.0
2023-05-19 00:00:00-04:00,6.380000114440918,6.380000114440918,6.380000114440918,6.380000114440918,1500,0.0,0.0
2023-05-22 00:00:00-04:00,6.369999885559082,6.639999866485596,6.039999961853027,6.110000133514404,18500,0.0,0.0
2023-05-23 00:00:00-04:00,6.099999904632568,6.110000133514404,5.75,5.75,3300,0.0,0.0
2023-05-24 00:00:00-04:00,6.099999904632568,6.244999885559082,6.0,6.0,700,0.0,0.0
2023-05-25 00:00:00-04:00,5.75,5.776000022888184,5.110000133514404,5.599999904632568,10100,0.0,0.0
2023-05-26 00:00:00-04:00,5.760000228881836,5.760000228881836,5.610000133514404,5.650000095367432,3800,0.0,0.0
2023-05-30 00:00:00-04:00,5.789999961853027,6.199999809265137,5.75,6.079999923706055,8800,0.0,0.0
2023-05-31 00:00:00-04:00,7.0,7.0,5.75,5.75,5900,0.0,0.0
2023-06-01 00:00:00-04:00,6.0,6.670000076293945,5.989999771118164,6.199999809265137,8200,0.0,0.0
2023-06-02 00:00:00-04:00,6.539999961853027,6.539999961853027,6.050000190734863,6.150000095367432,2900,0.0,0.0
2023-06-05 00:00:00-04:00,6.099999904632568,6.199999809265137,6.099999904632568,6.199999809265137,1000,0.0,0.0
2023-06-06 00:00:00-04:00,6.300000190734863,6.300000190734863,6.199999809265137,6.25,3000,0.0,0.0
2023-06-07 00:00:00-04:00,6.099999904632568,6.5,6.099999904632568,6.25,2000,0.0,0.0
2023-06-08 00:00:00-04:00,6.25,6.389999866485596,6.25,6.389999866485596,2600,0.0,0.0
2023-06-09 00:00:00-04:00,6.389999866485596,6.550000190734863,6.375,6.5,5300,0.0,0.0
2023-06-12 00:00:00-04:00,7.068999767303467,7.068999767303467,6.590000152587891,6.635000228881836,7900,0.0,0.0
2023-06-13 00:00:00-04:00,9.119999885559082,18.56999969482422,9.119999885559082,13.210000038146973,14305900,0.0,0.0
2023-06-14 00:00:00-04:00,10.380000114440918,10.380000114440918,8.3100004196167,8.4399995803833,877000,0.0,0.0
2023-06-15 00:00:00-04:00,7.789999961853027,8.300000190734863,7.360000133514404,7.841000080108643,267900,0.0,0.0
2023-06-16 00:00:00-04:00,8.220000267028809,8.4399995803833,7.849999904632568,7.920000076293945,104200,0.0,0.0
2023-06-20 00:00:00-04:00,8.220000267028809,8.75,7.849999904632568,8.5,135600,0.0,0.0
2023-06-21 00:00:00-04:00,8.649999618530273,8.670000076293945,8.0,8.260000228881836,66400,0.0,0.0
2023-06-22 00:00:00-04:00,8.100000381469727,8.130000114440918,7.800000190734863,7.900000095367432,65100,0.0,0.0
2023-06-23 00:00:00-04:00,7.869999885559082,7.96999979019165,7.380000114440918,7.460000038146973,51600,0.0,0.0
2023-06-26 00:00:00-04:00,7.190000057220459,7.329999923706055,7.050000190734863,7.119999885559082,75900,0.0,0.0
2023-06-27 00:00:00-04:00,7.050000190734863,7.260000228881836,7.03000020980835,7.139999866485596,8800,0.0,0.0
2023-06-28 00:00:00-04:00,7.269999980926514,7.300000190734863,6.909999847412109,7.010000228881836,42100,0.0,0.0
2023-06-29 00:00:00-04:00,6.909999847412109,7.0,6.809999942779541,6.949999809265137,18900,0.0,0.0
2023-06-30 00:00:00-04:00,7.0,7.300000190734863,7.0,7.289999961853027,19400,0.0,0.0
2023-07-03 00:00:00-04:00,7.289999961853027,7.46999979019165,7.289999961853027,7.340000152587891,11900,0.0,0.0
2023-07-05 00:00:00-04:00,7.230000019073486,7.610000133514404,7.230000019073486,7.5,16100,0.0,0.0
2023-07-06 00:00:00-04:00,7.5,7.5,7.202000141143799,7.400000095367432,20200,0.0,0.0
2023-07-07 00:00:00-04:00,7.400000095367432,7.590000152587891,7.369999885559082,7.559999942779541,13200,0.0,0.0
2023-07-10 00:00:00-04:00,7.510000228881836,8.0,7.510000228881836,7.849999904632568,29300,0.0,0.0
2023-07-11 00:00:00-04:00,7.840000152587891,7.840000152587891,7.610000133514404,7.776000022888184,23700,0.0,0.0
2023-07-12 00:00:00-04:00,7.5,7.900000095367432,7.349999904632568,7.420000076293945,27000,0.0,0.0
2023-07-13 00:00:00-04:00,7.570000171661377,7.650000095367432,7.429999828338623,7.579999923706055,18200,0.0,0.0
2023-07-14 00:00:00-04:00,7.510000228881836,7.78000020980835,7.449999809265137,7.590000152587891,31200,0.0,0.0
2023-07-17 00:00:00-04:00,7.739999771118164,7.739999771118164,7.300000190734863,7.460000038146973,9900,0.0,0.0
2023-07-18 00:00:00-04:00,7.420000076293945,7.570000171661377,7.230000019073486,7.429999828338623,37200,0.0,0.0
2023-07-19 00:00:00-04:00,7.380000114440918,7.639999866485596,7.019999980926514,7.150000095367432,23900,0.0,0.0
2023-07-20 00:00:00-04:00,7.519999980926514,7.550000190734863,7.300000190734863,7.550000190734863,36000,0.0,0.0
2023-07-21 00:00:00-04:00,7.46999979019165,7.760000228881836,7.309999942779541,7.690000057220459,23300,0.0,0.0
2023-07-24 00:00:00-04:00,7.670000076293945,7.670000076293945,7.380000114440918,7.449999809265137,7800,0.0,0.0
2023-07-25 00:00:00-04:00,7.360000133514404,7.64900016784668,7.360000133514404,7.579999923706055,7700,0.0,0.0
2023-07-26 00:00:00-04:00,7.46999979019165,7.489999771118164,7.389999866485596,7.400000095367432,3000,0.0,0.0
2023-07-27 00:00:00-04:00,7.421999931335449,7.510000228881836,7.269999980926514,7.349999904632568,10900,0.0,0.0
2023-07-28 00:00:00-04:00,7.510000228881836,7.510000228881836,7.300000190734863,7.480000019073486,13300,0.0,0.0
2023-07-31 00:00:00-04:00,7.389999866485596,7.389999866485596,7.099999904632568,7.159999847412109,23500,0.0,0.0
2023-08-01 00:00:00-04:00,7.340000152587891,7.340000152587891,7.010000228881836,7.139999866485596,18100,0.0,0.0
2023-08-02 00:00:00-04:00,7.190000057220459,7.190000057220459,6.75,6.989999771118164,11100,0.0,0.0
2023-08-03 00:00:00-04:00,6.849999904632568,7.160999774932861,6.849999904632568,6.940000057220459,10200,0.0,0.0
2023-08-04 00:00:00-04:00,6.940000057220459,7.170000076293945,6.864999771118164,7.170000076293945,6100,0.0,0.0
2023-08-07 00:00:00-04:00,7.139999866485596,7.139999866485596,6.800000190734863,7.0,8800,0.0,0.0
2023-08-08 00:00:00-04:00,6.699999809265137,6.956999778747559,6.699999809265137,6.940000057220459,6900,0.0,0.0
2023-08-09 00:00:00-04:00,6.949999809265137,7.010000228881836,6.800000190734863,6.949999809265137,2700,0.0,0.0
2023-08-10 00:00:00-04:00,6.886000156402588,7.119999885559082,6.860000133514404,7.039999961853027,6800,0.0,0.0
2023-08-11 00:00:00-04:00,6.579999923706055,6.989999771118164,6.510000228881836,6.710000038146973,11600,0.0,0.0
2023-08-14 00:00:00-04:00,6.699999809265137,6.88100004196167,6.699999809265137,6.755000114440918,1900,0.0,0.0
2023-08-15 00:00:00-04:00,7.119999885559082,7.122000217437744,6.769999980926514,6.989999771118164,6600,0.0,0.0
2023-08-16 00:00:00-04:00,6.989999771118164,6.989999771118164,6.760000228881836,6.840000152587891,6600,0.0,0.0
2023-08-17 00:00:00-04:00,6.949999809265137,7.28000020980835,6.900000095367432,7.090000152587891,22700,0.0,0.0
2023-08-18 00:00:00-04:00,7.184999942779541,7.320000171661377,7.060999870300293,7.320000171661377,24000,0.0,0.0
2023-08-21 00:00:00-04:00,7.400000095367432,7.53000020980835,7.320000171661377,7.5,17200,0.0,0.0
2023-08-22 00:00:00-04:00,7.289999961853027,7.425000190734863,7.289999961853027,7.329999923706055,13600,0.0,0.0
2023-08-23 00:00:00-04:00,7.239999771118164,7.269999980926514,7.190000057220459,7.239999771118164,11500,0.0,0.0
2023-08-24 00:00:00-04:00,7.159999847412109,7.46999979019165,7.039999961853027,7.289999961853027,11800,0.0,0.0
2023-08-25 00:00:00-04:00,7.110000133514404,7.25,6.954999923706055,7.110000133514404,16100,0.0,0.0
2023-08-28 00:00:00-04:00,7.119999885559082,7.349999904632568,6.9679999351501465,7.300000190734863,5500,0.0,0.0
2023-08-29 00:00:00-04:00,7.329999923706055,7.447999954223633,7.309999942779541,7.349999904632568,9000,0.0,0.0
2023-08-30 00:00:00-04:00,7.360000133514404,7.849999904632568,7.360000133514404,7.699999809265137,27400,0.0,0.0
2023-08-31 00:00:00-04:00,7.739999771118164,7.78000020980835,7.599999904632568,7.599999904632568,24100,0.0,0.0
2023-09-01 00:00:00-04:00,7.829999923706055,8.119999885559082,7.71999979019165,7.849999904632568,29700,0.0,0.0
2023-09-05 00:00:00-04:00,7.760000228881836,8.100000381469727,7.349999904632568,7.71999979019165,26900,0.0,0.0
2023-09-06 00:00:00-04:00,7.909999847412109,7.909999847412109,7.659999847412109,7.78000020980835,7400,0.0,0.0
2023-09-07 00:00:00-04:00,8.119999885559082,8.640000343322754,8.050000190734863,8.619999885559082,60000,0.0,0.0
2023-09-08 00:00:00-04:00,8.748000144958496,8.850000381469727,8.630999565124512,8.75,66300,0.0,0.0
2023-09-11 00:00:00-04:00,8.75,9.595000267028809,8.739999771118164,9.420000076293945,74100,0.0,0.0
2023-09-12 00:00:00-04:00,9.449999809265137,9.800000190734863,9.25,9.619999885559082,62100,0.0,0.0
2023-09-13 00:00:00-04:00,9.640000343322754,9.989999771118164,9.59000015258789,9.75,74800,0.0,0.0
2023-09-14 00:00:00-04:00,9.836999893188477,10.3100004196167,9.710000038146973,10.149999618530273,39800,0.0,0.0
2023-09-15 00:00:00-04:00,10.050000190734863,10.5,9.956000328063965,10.25,30800,0.0,0.0
2023-09-18 00:00:00-04:00,10.3100004196167,10.350000381469727,9.62399959564209,9.84000015258789,31900,0.0,0.0
2023-09-19 00:00:00-04:00,9.550000190734863,9.550000190734863,8.75,9.399999618530273,44100,0.0,0.0
2023-09-20 00:00:00-04:00,9.300000190734863,9.84000015258789,9.300000190734863,9.680000305175781,7100,0.0,0.0
2023-09-21 00:00:00-04:00,9.920000076293945,9.920000076293945,9.319999694824219,9.510000228881836,13100,0.0,0.0
2023-09-22 00:00:00-04:00,9.510000228881836,9.805999755859375,9.420000076293945,9.479999542236328,11000,0.0,0.0
2023-09-25 00:00:00-04:00,9.40999984741211,9.873000144958496,9.239999771118164,9.470000267028809,9600,0.0,0.0
2023-09-26 00:00:00-04:00,9.4399995803833,9.704999923706055,9.345000267028809,9.59000015258789,16900,0.0,0.0
2023-09-27 00:00:00-04:00,9.47700023651123,9.970000267028809,9.220000267028809,9.609999656677246,26900,0.0,0.0
2023-09-28 00:00:00-04:00,9.774999618530273,9.774999618530273,9.399999618530273,9.699999809265137,6600,0.0,0.0
2023-09-29 00:00:00-04:00,9.800000190734863,9.800000190734863,9.609999656677246,9.770000457763672,1100,0.0,0.0
2023-10-02 00:00:00-04:00,9.869999885559082,10.149999618530273,9.5,9.550000190734863,27400,0.0,0.0
2023-10-03 00:00:00-04:00,9.550000190734863,9.550000190734863,8.899999618530273,8.899999618530273,26500,0.0,0.0
2023-10-04 00:00:00-04:00,8.90999984741211,9.343000411987305,8.75,9.079999923706055,6700,0.0,0.0
2023-10-05 00:00:00-04:00,8.930000305175781,8.930000305175781,8.375,8.399999618530273,12400,0.0,0.0
2023-10-06 00:00:00-04:00,8.25,8.930000305175781,8.25,8.699999809265137,5600,0.0,0.0
2023-10-09 00:00:00-04:00,8.479999542236328,8.609999656677246,8.140999794006348,8.380000114440918,23700,0.0,0.0
2023-10-10 00:00:00-04:00,8.380000114440918,8.880000114440918,8.380000114440918,8.5600004196167,11700,0.0,0.0
2023-10-11 00:00:00-04:00,8.609999656677246,8.649999618530273,8.305000305175781,8.579999923706055,8100,0.0,0.0
2023-10-12 00:00:00-04:00,8.579999923706055,9.100000381469727,8.555000305175781,8.75,10700,0.0,0.0
2023-10-13 00:00:00-04:00,8.944999694824219,9.0,8.510000228881836,8.729999542236328,13300,0.0,0.0
2023-10-16 00:00:00-04:00,8.5,8.729999542236328,8.5,8.729999542236328,2800,0.0,0.0
2023-10-17 00:00:00-04:00,8.597000122070312,8.779999732971191,8.520000457763672,8.550000190734863,6300,0.0,0.0
2023-10-18 00:00:00-04:00,8.6899995803833,8.6899995803833,8.350000381469727,8.350000381469727,5500,0.0,0.0
2023-10-19 00:00:00-04:00,8.5,8.5,7.199999809265137,7.199999809265137,48200,0.0,0.0
2023-10-20 00:00:00-04:00,7.300000190734863,7.869999885559082,7.300000190734863,7.599999904632568,7500,0.0,0.0
2023-10-23 00:00:00-04:00,7.460000038146973,7.929999828338623,7.28000020980835,7.329999923706055,26300,0.0,0.0
2023-10-24 00:00:00-04:00,7.510000228881836,8.430000305175781,7.5,7.789999961853027,7300,0.0,0.0
2023-10-25 00:00:00-04:00,7.840000152587891,7.96999979019165,7.75,7.75,5000,0.0,0.0
2023-10-26 00:00:00-04:00,7.960000038146973,8.239999771118164,7.630000114440918,8.029999732971191,31700,0.0,0.0
2023-10-27 00:00:00-04:00,7.96999979019165,8.15999984741211,7.699999809265137,7.920000076293945,4100,0.0,0.0
2023-10-30 00:00:00-04:00,7.920000076293945,7.920000076293945,7.920000076293945,7.920000076293945,0,0.0,0.0
2023-10-31 00:00:00-04:00,7.920000076293945,7.920000076293945,7.920000076293945,7.920000076293945,0,0.0,0.0
2023-11-01 00:00:00-04:00,9.350000381469727,9.779999732971191,8.399999618530273,9.399999618530273,45900,0.0,0.0
2023-11-02 00:00:00-04:00,9.399999618530273,9.427000045776367,8.977999687194824,9.0,67500,0.0,0.0
2023-11-03 00:00:00-04:00,9.649999618530273,9.670000076293945,9.079999923706055,9.079999923706055,28200,0.0,0.0
2023-11-06 00:00:00-05:00,9.300000190734863,9.390000343322754,9.15999984741211,9.369999885559082,13800,0.0,0.0
2023-11-07 00:00:00-05:00,9.600000381469727,10.489999771118164,9.600000381469727,10.130000114440918,56300,0.0,0.0
2023-11-08 00:00:00-05:00,10.470000267028809,10.75,10.25,10.399999618530273,46300,0.0,0.0
2023-11-09 00:00:00-05:00,10.609999656677246,10.842000007629395,9.100000381469727,9.569999694824219,42200,0.0,0.0
2023-11-10 00:00:00-05:00,9.720000267028809,10.300000190734863,9.720000267028809,9.770000457763672,16100,0.0,0.0
2023-11-13 00:00:00-05:00,10.0,10.0,9.770000457763672,9.850000381469727,14300,0.0,0.0
2023-11-14 00:00:00-05:00,9.979999542236328,10.154999732971191,9.770999908447266,9.899999618530273,15300,0.0,0.0
2023-11-15 00:00:00-05:00,9.90999984741211,10.87399959564209,9.850000381469727,10.079999923706055,35700,0.0,0.0
2023-11-16 00:00:00-05:00,10.229999542236328,10.489999771118164,9.800000190734863,9.829999923706055,18800,0.0,0.0
2023-11-17 00:00:00-05:00,9.890000343322754,9.899999618530273,9.5,9.539999961853027,11500,0.0,0.0
2023-11-20 00:00:00-05:00,9.75,10.269000053405762,9.539999961853027,9.9399995803833,54100,0.0,0.0
2023-11-21 00:00:00-05:00,9.699999809265137,10.069999694824219,9.569999694824219,9.609999656677246,34700,0.0,0.0
2023-11-22 00:00:00-05:00,9.609999656677246,9.609999656677246,9.300000190734863,9.300000190734863,5400,0.0,0.0
2023-11-24 00:00:00-05:00,9.199999809265137,9.59000015258789,9.199999809265137,9.25,4900,0.0,0.0
2023-11-27 00:00:00-05:00,9.25,9.25,8.6899995803833,8.979999542236328,45500,0.0,0.0
2023-11-28 00:00:00-05:00,8.829999923706055,9.300000190734863,8.829999923706055,9.180000305175781,73400,0.0,0.0
2023-11-29 00:00:00-05:00,9.039999961853027,9.25,8.989999771118164,9.210000038146973,19800,0.0,0.0
2023-11-30 00:00:00-05:00,9.050000190734863,9.350000381469727,9.039999961853027,9.279999732971191,33800,0.0,0.0
2023-12-01 00:00:00-05:00,9.199999809265137,9.234999656677246,9.069999694824219,9.140000343322754,13800,0.0,0.0
2023-12-04 00:00:00-05:00,9.199999809265137,9.199999809265137,9.010000228881836,9.03499984741211,10100,0.0,0.0
2023-12-05 00:00:00-05:00,9.140000343322754,9.140000343322754,8.65999984741211,8.65999984741211,11500,0.0,0.0
2023-12-06 00:00:00-05:00,9.050000190734863,9.050000190734863,8.710000038146973,8.850000381469727,2000,0.0,0.0
2023-12-07 00:00:00-05:00,8.989999771118164,8.989999771118164,8.609999656677246,8.619999885559082,12500,0.0,0.0
2023-12-08 00:00:00-05:00,8.779999732971191,8.930000305175781,8.779999732971191,8.880000114440918,7200,0.0,0.0
2023-12-11 00:00:00-05:00,8.789999961853027,8.789999961853027,8.529999732971191,8.65999984741211,11400,0.0,0.0
2023-12-12 00:00:00-05:00,8.819999694824219,8.899999618530273,8.631999969482422,8.880000114440918,14600,0.0,0.0
2023-12-13 00:00:00-05:00,8.6899995803833,8.880000114440918,8.59000015258789,8.619999885559082,8900,0.0,0.0
2023-12-14 00:00:00-05:00,8.800000190734863,9.050000190734863,8.680000305175781,8.979999542236328,22900,0.0,0.0
2023-12-15 00:00:00-05:00,9.010000228881836,9.088000297546387,8.899999618530273,8.899999618530273,9100,0.0,0.0
2023-12-18 00:00:00-05:00,9.039999961853027,9.050000190734863,8.890000343322754,9.020000457763672,5600,0.0,0.0
2023-12-19 00:00:00-05:00,8.989999771118164,9.100000381469727,8.979999542236328,9.020000457763672,14000,0.0,0.0
2023-12-20 00:00:00-05:00,8.79800033569336,9.100000381469727,8.79800033569336,8.930000305175781,21000,0.0,0.0
2023-12-21 00:00:00-05:00,8.960000038146973,9.199999809265137,8.960000038146973,9.0600004196167,19400,0.0,0.0
2023-12-22 00:00:00-05:00,9.09000015258789,9.300000190734863,9.09000015258789,9.300000190734863,17200,0.0,0.0
2023-12-26 00:00:00-05:00,9.300000190734863,9.397000312805176,9.180000305175781,9.385000228881836,20700,0.0,0.0
2023-12-27 00:00:00-05:00,9.359999656677246,9.380000114440918,9.25,9.260000228881836,5700,0.0,0.0
2023-12-28 00:00:00-05:00,9.109999656677246,9.359999656677246,9.109999656677246,9.34000015258789,5400,0.0,0.0
2023-12-29 00:00:00-05:00,9.359999656677246,9.399999618530273,9.260000228881836,9.260000228881836,4500,0.0,0.0
2024-01-02 00:00:00-05:00,9.399999618530273,9.4399995803833,9.260000228881836,9.4399995803833,13700,0.0,0.0
2024-01-03 00:00:00-05:00,9.449999809265137,9.600000381469727,9.336999893188477,9.550000190734863,21600,0.0,0.0
2024-01-04 00:00:00-05:00,9.600000381469727,9.600000381469727,9.5,9.5,8800,0.0,0.0
2024-01-05 00:00:00-05:00,9.4399995803833,9.800000190734863,9.4399995803833,9.75,18800,0.0,0.0
2024-01-08 00:00:00-05:00,9.710000038146973,9.800000190734863,9.460000038146973,9.670000076293945,6300,0.0,0.0
2024-01-09 00:00:00-05:00,9.600000381469727,9.800000190734863,9.5,9.520000457763672,4400,0.0,0.0
2024-01-10 00:00:00-05:00,9.649999618530273,10.151000022888184,9.539999961853027,9.75,52900,0.0,0.0
2024-01-11 00:00:00-05:00,9.819999694824219,9.90999984741211,9.706999778747559,9.90999984741211,8200,0.0,0.0
2024-01-12 00:00:00-05:00,10.0,10.100000381469727,9.60200023651123,9.920000076293945,26500,0.0,0.0
2024-01-16 00:00:00-05:00,9.949999809265137,10.13599967956543,9.859999656677246,10.079999923706055,17000,0.0,0.0
2024-01-17 00:00:00-05:00,10.149999618530273,10.5,10.010000228881836,10.399999618530273,41900,0.0,0.0
2024-01-18 00:00:00-05:00,10.609999656677246,11.050000190734863,10.501999855041504,11.050000190734863,48100,0.0,0.0
2024-01-19 00:00:00-05:00,10.989999771118164,11.5,10.770000457763672,11.335000038146973,47500,0.0,0.0
2024-01-22 00:00:00-05:00,11.149999618530273,11.335000038146973,10.800000190734863,10.885000228881836,38000,0.0,0.0
2024-01-23 00:00:00-05:00,11.0,11.289999961853027,10.704000473022461,11.069999694824219,20200,0.0,0.0
2024-01-24 00:00:00-05:00,11.029999732971191,11.029999732971191,10.0,10.899999618530273,518100,0.0,0.0
2024-01-25 00:00:00-05:00,10.6899995803833,11.399999618530273,10.550000190734863,11.375,15600,0.0,0.0
2024-01-26 00:00:00-05:00,11.380000114440918,12.491000175476074,11.25,11.779999732971191,52700,0.0,0.0
2024-01-29 00:00:00-05:00,12.239999771118164,12.239999771118164,11.699999809265137,12.229999542236328,66900,0.0,0.0
2024-01-30 00:00:00-05:00,11.90999984741211,12.25,11.819999694824219,11.989999771118164,21900,0.0,0.0
2024-01-31 00:00:00-05:00,11.847000122070312,12.149999618530273,11.5,12.149999618530273,30300,0.0,0.0
2024-02-01 00:00:00-05:00,12.0,12.170000076293945,11.739999771118164,11.739999771118164,28100,0.0,0.0
2024-02-02 00:00:00-05:00,11.819999694824219,12.149999618530273,11.789999961853027,12.0,23100,0.0,0.0
2024-02-05 00:00:00-05:00,12.100000381469727,12.25,11.90999984741211,12.25,46800,0.0,0.0
2024-02-06 00:00:00-05:00,12.1899995803833,12.364999771118164,11.819999694824219,12.199999809265137,22200,0.0,0.0
2024-02-07 00:00:00-05:00,12.239999771118164,12.364999771118164,12.199999809265137,12.25,30400,0.0,0.0
2024-02-08 00:00:00-05:00,12.34000015258789,12.348999977111816,12.109999656677246,12.300000190734863,29000,0.0,0.0
2024-02-09 00:00:00-05:00,12.229999542236328,12.295000076293945,12.170000076293945,12.279999732971191,27600,0.0,0.0
2024-02-12 00:00:00-05:00,12.350000381469727,12.350000381469727,12.0,12.050000190734863,16200,0.0,0.0
2024-02-13 00:00:00-05:00,12.5,12.5,12.0,12.220000267028809,16600,0.0,0.0
2024-02-14 00:00:00-05:00,12.289999961853027,13.930000305175781,12.276000022888184,13.5,93000,0.0,0.0
2024-02-15 00:00:00-05:00,14.0,15.866999626159668,14.0,15.699999809265137,91500,0.0,0.0
2024-02-16 00:00:00-05:00,15.880000114440918,16.5,14.645000457763672,15.100000381469727,108000,0.0,0.0
2024-02-20 00:00:00-05:00,15.0,15.5,14.0,14.619999885559082,61200,0.0,0.0
2024-02-21 00:00:00-05:00,14.34000015258789,15.25,14.34000015258789,15.0,29400,0.0,0.0
2024-02-22 00:00:00-05:00,15.062999725341797,15.25,14.503999710083008,14.704999923706055,27000,0.0,0.0
2024-02-23 00:00:00-05:00,15.25,15.774999618530273,14.289999961853027,15.25,65200,0.0,0.0
2024-02-26 00:00:00-05:00,15.800000190734863,16.010000228881836,14.930000305175781,15.3100004196167,36800,0.0,0.0
2024-02-27 00:00:00-05:00,15.3100004196167,15.75,15.119999885559082,15.119999885559082,17500,0.0,0.0
2024-02-28 00:00:00-05:00,15.300000190734863,15.5,14.75,14.949999809265137,32100,0.0,0.0
2024-02-29 00:00:00-05:00,14.949999809265137,15.180000305175781,14.890000343322754,15.0,26100,0.0,0.0
2024-03-01 00:00:00-05:00,14.649999618530273,15.093999862670898,14.649999618530273,15.010000228881836,12700,0.0,0.0
2024-03-04 00:00:00-05:00,15.100000381469727,15.100000381469727,14.40999984741211,14.630000114440918,68500,0.0,0.0
2024-03-05 00:00:00-05:00,14.630000114440918,15.0,14.322999954223633,14.5600004196167,36500,0.0,0.0
2024-03-06 00:00:00-05:00,14.149999618530273,14.600000381469727,14.149999618530273,14.369999885559082,34700,0.0,0.0
2024-03-07 00:00:00-05:00,14.199999809265137,15.093000411987305,14.199999809265137,15.0,43300,0.0,0.0
2024-03-08 00:00:00-05:00,15.09000015258789,15.404999732971191,14.699999809265137,14.890000343322754,55400,0.0,0.0
2024-03-11 00:00:00-04:00,15.0600004196167,15.244999885559082,14.770000457763672,15.0,25700,0.0,0.0
2024-03-12 00:00:00-04:00,14.800000190734863,15.163000106811523,14.020000457763672,14.470000267028809,45100,0.0,0.0
2024-03-13 00:00:00-04:00,14.142999649047852,15.1899995803833,14.142999649047852,14.199999809265137,19200,0.0,0.0
2024-03-14 00:00:00-04:00,14.300000190734863,14.449999809265137,13.260000228881836,14.279999732971191,30600,0.0,0.0
2024-03-15 00:00:00-04:00,14.069999694824219,14.720000267028809,13.760000228881836,14.300000190734863,18200,0.0,0.0
2024-03-18 00:00:00-04:00,13.930000305175781,14.149999618530273,13.319999694824219,13.489999771118164,43200,0.0,0.0
2024-03-19 00:00:00-04:00,13.300000190734863,13.850000381469727,13.300000190734863,13.520000457763672,21700,0.0,0.0
2024-03-20 00:00:00-04:00,14.050000190734863,15.050000190734863,13.779999732971191,15.0,39200,0.0,0.0
2024-03-21 00:00:00-04:00,14.90999984741211,14.989999771118164,14.319999694824219,14.75,11100,0.0,0.0
2024-03-22 00:00:00-04:00,14.989999771118164,15.0649995803833,14.420000076293945,14.989999771118164,36200,0.0,0.0
2024-03-25 00:00:00-04:00,15.380000114440918,15.470000267028809,14.619999885559082,14.979999542236328,23300,0.0,0.0
2024-03-26 00:00:00-04:00,15.100000381469727,15.100000381469727,14.760000228881836,14.779999732971191,16900,0.0,0.0
2024-03-27 00:00:00-04:00,14.850000381469727,15.029999732971191,14.489999771118164,14.489999771118164,6800,0.0,0.0
2024-03-28 00:00:00-04:00,14.40999984741211,15.239999771118164,14.40999984741211,14.90999984741211,49200,0.0,0.0
2024-04-01 00:00:00-04:00,15.119999885559082,15.25,15.09000015258789,15.100000381469727,17000,0.0,0.0
2024-04-02 00:00:00-04:00,15.199999809265137,15.5,15.0,15.149999618530273,116100,0.0,0.0
2024-04-03 00:00:00-04:00,15.149999618530273,15.34000015258789,15.010000228881836,15.130000114440918,13900,0.0,0.0
2024-04-04 00:00:00-04:00,15.149999618530273,15.34000015258789,14.90999984741211,14.947999954223633,24400,0.0,0.0
2024-04-05 00:00:00-04:00,14.899999618530273,15.020000457763672,14.699999809265137,14.800000190734863,14100,0.0,0.0
2024-04-08 00:00:00-04:00,15.0,15.295000076293945,14.96500015258789,15.130000114440918,36400,0.0,0.0
2024-04-09 00:00:00-04:00,15.239999771118164,15.279999732971191,15.010000228881836,15.140000343322754,7600,0.0,0.0
2024-04-10 00:00:00-04:00,15.039999961853027,15.220000267028809,14.994999885559082,15.149999618530273,14400,0.0,0.0
2024-04-11 00:00:00-04:00,15.260000228881836,15.289999961853027,15.0,15.265000343322754,11200,0.0,0.0
2024-04-12 00:00:00-04:00,15.270000457763672,15.270000457763672,14.399999618530273,14.890000343322754,39200,0.0,0.0
2024-04-15 00:00:00-04:00,14.800000190734863,15.074999809265137,14.0,14.130000114440918,30500,0.0,0.0
2024-04-16 00:00:00-04:00,13.9399995803833,14.720000267028809,13.550000190734863,14.0,26400,0.0,0.0
2024-04-17 00:00:00-04:00,14.020000457763672,14.98900032043457,14.0,14.029999732971191,7500,0.0,0.0
2024-04-18 00:00:00-04:00,13.9399995803833,14.489999771118164,13.930000305175781,14.074999809265137,30600,0.0,0.0
2024-04-19 00:00:00-04:00,13.960000038146973,14.220000267028809,13.680000305175781,13.800000190734863,68900,0.0,0.0
2024-04-22 00:00:00-04:00,13.800000190734863,14.0,13.59000015258789,13.680000305175781,23700,0.0,0.0
2024-04-23 00:00:00-04:00,13.680000305175781,13.899999618530273,13.619999885559082,13.880000114440918,11900,0.0,0.0
2024-04-24 00:00:00-04:00,13.970000267028809,14.09000015258789,13.579999923706055,13.680000305175781,13800,0.0,0.0
2024-04-25 00:00:00-04:00,13.59000015258789,13.859999656677246,13.550000190734863,13.859999656677246,4900,0.0,0.0
2024-04-26 00:00:00-04:00,13.949999809265137,14.430000305175781,13.949999809265137,14.180000305175781,7700,0.0,0.0
2024-04-29 00:00:00-04:00,13.850000381469727,14.170000076293945,13.770000457763672,13.770000457763672,4500,0.0,0.0
2024-04-30 00:00:00-04:00,13.920000076293945,14.1899995803833,13.65999984741211,14.1899995803833,8400,0.0,0.0
2024-05-01 00:00:00-04:00,14.180000305175781,14.5,13.895000457763672,14.369999885559082,25500,0.0,0.0
2024-05-02 00:00:00-04:00,14.319999694824219,14.404999732971191,13.979999542236328,14.208999633789062,22600,0.0,0.0
2024-05-03 00:00:00-04:00,14.350000381469727,14.350000381469727,14.0,14.0600004196167,11600,0.0,0.0
2024-05-06 00:00:00-04:00,14.25,14.5,13.75,13.854999542236328,32600,0.0,0.0
2024-05-07 00:00:00-04:00,14.0,14.220000267028809,13.571000099182129,13.880000114440918,77300,0.0,0.0
2024-05-08 00:00:00-04:00,13.859999656677246,14.130000114440918,13.65999984741211,13.944999694824219,19400,0.0,0.0
2024-05-09 00:00:00-04:00,13.899999618530273,14.055000305175781,13.626999855041504,13.850000381469727,36800,0.0,0.0
2024-05-10 00:00:00-04:00,13.850000381469727,13.994999885559082,13.600000381469727,13.75,12300,0.0,0.0
2024-05-13 00:00:00-04:00,13.75,13.75,13.75,13.75,0,0.0,0.0
2024-05-14 00:00:00-04:00,13.75,13.75,13.75,13.75,0,0.0,0.0
2024-05-15 00:00:00-04:00,13.5,13.5,13.109999656677246,13.300000190734863,35800,0.0,0.0
2024-05-16 00:00:00-04:00,13.350000381469727,14.399999618530273,12.692000389099121,13.890000343322754,57700,0.0,0.0
2024-05-17 00:00:00-04:00,13.649999618530273,14.300000190734863,13.53600025177002,13.734999656677246,37400,0.0,0.0
2024-05-20 00:00:00-04:00,13.930000305175781,13.960000038146973,13.529999732971191,13.720000267028809,12700,0.0,0.0
2024-05-21 00:00:00-04:00,13.489999771118164,13.920000076293945,13.371000289916992,13.850000381469727,8400,0.0,0.0
2024-05-22 00:00:00-04:00,13.989999771118164,14.75,13.960000038146973,14.670000076293945,34200,0.0,0.0
2024-05-23 00:00:00-04:00,14.517999649047852,14.517999649047852,14.300000190734863,14.399999618530273,5100,0.0,0.0
2024-05-24 00:00:00-04:00,14.40999984741211,14.5,14.1899995803833,14.1899995803833,4200,0.0,0.0
2024-05-28 00:00:00-04:00,15.0,15.989999771118164,14.760000228881836,15.789999961853027,38400,0.0,0.0
2024-05-29 00:00:00-04:00,15.5600004196167,15.95300006866455,15.119999885559082,15.399999618530273,7000,0.0,0.0
2024-05-30 00:00:00-04:00,15.489999771118164,15.649999618530273,15.109999656677246,15.449999809265137,35300,0.0,0.0
2024-05-31 00:00:00-04:00,15.9399995803833,15.9399995803833,15.510000228881836,15.649999618530273,13000,0.0,0.0
2024-06-03 00:00:00-04:00,16.110000610351562,16.458999633789062,15.710000038146973,15.960000038146973,52700,0.0,0.0
2024-06-04 00:00:00-04:00,16.219999313354492,16.219999313354492,15.649999618530273,15.890000343322754,20300,0.0,0.0
2024-06-05 00:00:00-04:00,15.75,16.25,15.397000312805176,15.949999809265137,18800,0.0,0.0
2024-06-06 00:00:00-04:00,15.8100004196167,16.5,15.730999946594238,15.760000228881836,23500,0.0,0.0
2024-06-07 00:00:00-04:00,15.930000305175781,16.110000610351562,15.539999961853027,15.779999732971191,8700,0.0,0.0
2024-06-10 00:00:00-04:00,16.0049991607666,16.0049991607666,15.609999656677246,15.630000114440918,13000,0.0,0.0
2024-06-11 00:00:00-04:00,15.0,15.359999656677246,14.010000228881836,14.210000038146973,47400,0.0,0.0
2024-06-12 00:00:00-04:00,13.699999809265137,14.0,13.5,13.5,34000,0.0,0.0
2024-06-13 00:00:00-04:00,13.819999694824219,13.819999694824219,12.920000076293945,12.920000076293945,22600,0.0,0.0
2024-06-14 00:00:00-04:00,13.079999923706055,13.289999961853027,12.5,12.609999656677246,25900,0.0,0.0
2024-06-17 00:00:00-04:00,12.75,13.0,12.75,12.859999656677246,14000,0.0,0.0
2024-06-18 00:00:00-04:00,12.770000457763672,13.739999771118164,12.640000343322754,13.0,21500,0.0,0.0
2024-06-20 00:00:00-04:00,13.020000457763672,14.395000457763672,12.800000190734863,13.300000190734863,67200,0.0,0.0
2024-06-21 00:00:00-04:00,13.149999618530273,13.532999992370605,13.100000381469727,13.270000457763672,2600,0.0,0.0
2024-06-24 00:00:00-04:00,13.140000343322754,13.510000228881836,12.890000343322754,13.119999885559082,13800,0.0,0.0
2024-06-25 00:00:00-04:00,13.449999809265137,13.498000144958496,12.899999618530273,12.949999809265137,16000,0.0,0.0
2024-06-26 00:00:00-04:00,13.279999732971191,14.279999732971191,13.15999984741211,13.399999618530273,6500,0.0,0.0
2024-06-27 00:00:00-04:00,13.420000076293945,14.5,13.420000076293945,13.930000305175781,33900,0.0,0.0
2024-06-28 00:00:00-04:00,14.09000015258789,14.09000015258789,13.619999885559082,13.932999610900879,19500,0.0,0.0
2024-07-01 00:00:00-04:00,14.949999809265137,15.199999809265137,14.5,15.180000305175781,14900,0.0,0.0
2024-07-02 00:00:00-04:00,15.5,16.489999771118164,15.3100004196167,16.31999969482422,19000,0.0,0.0
2024-07-03 00:00:00-04:00,16.209999084472656,16.75,15.300000190734863,16.700000762939453,37800,0.0,0.0
2024-07-05 00:00:00-04:00,16.5,16.5,15.359999656677246,15.899999618530273,18100,0.0,0.0
2024-07-08 00:00:00-04:00,15.899999618530273,15.899999618530273,15.0,15.0,5600,0.0,0.0
2024-07-09 00:00:00-04:00,14.5600004196167,14.9399995803833,14.300000190734863,14.649999618530273,6700,0.0,0.0
2024-07-10 00:00:00-04:00,14.59000015258789,14.75,14.59000015258789,14.649999618530273,3800,0.0,0.0
2024-07-11 00:00:00-04:00,14.725000381469727,15.5,14.010000228881836,14.899999618530273,21100,0.0,0.0
2024-07-12 00:00:00-04:00,14.880000114440918,14.880000114440918,14.4399995803833,14.869999885559082,14200,0.0,0.0
2024-07-15 00:00:00-04:00,15.239999771118164,15.850000381469727,15.010000228881836,15.729999542236328,15500,0.0,0.0
2024-07-16 00:00:00-04:00,15.899999618530273,15.899999618530273,15.40999984741211,15.710000038146973,14500,0.0,0.0
2024-07-17 00:00:00-04:00,15.800000190734863,15.949999809265137,15.289999961853027,15.5,11300,0.0,0.0
2024-07-18 00:00:00-04:00,15.4399995803833,15.699999809265137,14.699999809265137,15.045000076293945,8600,0.0,0.0
2024-07-19 00:00:00-04:00,14.979999542236328,14.989999771118164,14.814000129699707,14.850000381469727,2400,0.0,0.0
2024-07-22 00:00:00-04:00,14.989999771118164,15.300000190734863,14.369999885559082,14.664999961853027,18200,0.0,0.0
2024-07-23 00:00:00-04:00,14.869999885559082,15.100000381469727,14.529999732971191,14.824999809265137,2000,0.0,0.0
2024-07-24 00:00:00-04:00,15.199999809265137,15.199999809265137,14.899999618530273,14.949999809265137,2800,0.0,0.0
2024-07-25 00:00:00-04:00,14.739999771118164,14.890000343322754,14.300000190734863,14.8100004196167,3200,0.0,0.0
2024-07-26 00:00:00-04:00,14.5600004196167,15.079000473022461,14.390000343322754,14.84000015258789,2500,0.0,0.0
2024-07-29 00:00:00-04:00,15.100000381469727,15.15999984741211,14.6899995803833,14.835000038146973,2000,0.0,0.0
2024-07-30 00:00:00-04:00,14.520000457763672,15.289999961853027,14.25,15.0,10000,0.0,0.0
2024-07-31 00:00:00-04:00,14.600000381469727,15.989999771118164,14.600000381469727,15.350000381469727,14700,0.0,0.0
2024-08-01 00:00:00-04:00,14.890000343322754,15.34000015258789,14.859999656677246,15.34000015258789,2800,0.0,0.0
2024-08-02 00:00:00-04:00,15.024999618530273,16.489999771118164,14.3100004196167,15.979999542236328,56100,0.0,0.0
2024-08-05 00:00:00-04:00,14.029999732971191,14.489999771118164,13.654999732971191,13.654999732971191,39900,0.0,0.0
2024-08-06 00:00:00-04:00,13.9399995803833,14.456999778747559,13.260000228881836,13.449999809265137,18900,0.0,0.0
2024-08-07 00:00:00-04:00,14.0,14.0,12.90999984741211,13.489999771118164,26200,0.0,0.0
2024-08-08 00:00:00-04:00,13.5,13.979999542236328,13.0,13.40999984741211,13600,0.0,0.0
2024-08-09 00:00:00-04:00,13.829999923706055,14.279999732971191,13.6899995803833,13.814000129699707,4700,0.0,0.0
2024-08-12 00:00:00-04:00,13.430000305175781,14.460000038146973,13.189000129699707,14.170000076293945,18400,0.0,0.0
2024-08-13 00:00:00-04:00,13.819999694824219,14.180000305175781,13.670000076293945,14.039999961853027,7800,0.0,0.0
2024-08-14 00:00:00-04:00,14.300000190734863,15.194999694824219,14.300000190734863,15.0,22300,0.0,0.0
2024-08-15 00:00:00-04:00,14.460000038146973,14.979999542236328,14.460000038146973,14.899999618530273,16100,0.0,0.0
2024-08-16 00:00:00-04:00,14.460000038146973,14.899999618530273,14.449999809265137,14.609999656677246,13500,0.0,0.0
2024-08-19 00:00:00-04:00,14.729999542236328,14.800000190734863,14.385000228881836,14.800000190734863,13700,0.0,0.0
2024-08-20 00:00:00-04:00,14.800000190734863,15.359999656677246,14.729999542236328,15.359999656677246,22200,0.0,0.0
2024-08-21 00:00:00-04:00,14.010000228881836,15.5,14.010000228881836,15.390000343322754,13100,0.0,0.0
2024-08-22 00:00:00-04:00,15.489999771118164,15.5,15.067999839782715,15.300000190734863,5700,0.0,0.0
2024-08-23 00:00:00-04:00,15.25,15.817999839782715,15.0,15.817999839782715,11200,0.0,0.0
2024-08-26 00:00:00-04:00,15.890000343322754,16.0,15.597000122070312,15.739999771118164,9500,0.0,0.0
2024-08-27 00:00:00-04:00,15.800000190734863,16.100000381469727,15.40999984741211,15.760000228881836,15100,0.0,0.0
2024-08-28 00:00:00-04:00,16.0,17.5,16.0,17.399999618530273,56500,0.0,0.0
2024-08-29 00:00:00-04:00,17.5,18.25,17.0,18.170000076293945,90900,0.0,0.0
2024-08-30 00:00:00-04:00,18.25,19.989999771118164,18.239999771118164,19.989999771118164,82100,0.0,0.0
2024-09-03 00:00:00-04:00,19.0,19.0,17.0,17.979999542236328,49200,0.0,0.0
2024-09-04 00:00:00-04:00,18.0,18.3700008392334,17.5,18.017000198364258,8800,0.0,0.0
2024-09-05 00:00:00-04:00,18.90999984741211,18.979999542236328,17.600000381469727,18.68000030517578,58200,0.0,0.0
2024-09-06 00:00:00-04:00,19.43000030517578,19.43000030517578,17.600000381469727,17.850000381469727,37900,0.0,0.0
2024-09-09 00:00:00-04:00,17.84000015258789,18.687000274658203,17.465999603271484,17.700000762939453,14600,0.0,0.0
2024-09-10 00:00:00-04:00,17.849000930786133,17.874000549316406,17.709999084472656,17.709999084472656,4700,0.0,0.0
2024-09-11 00:00:00-04:00,17.979999542236328,17.979999542236328,17.690000534057617,17.690000534057617,10200,0.0,0.0
2024-09-12 00:00:00-04:00,19.0,19.0,18.0939998626709,18.239999771118164,16300,0.0,0.0
2024-09-13 00:00:00-04:00,18.239999771118164,18.239999771118164,17.850000381469727,17.954999923706055,8100,0.0,0.0
2024-09-16 00:00:00-04:00,18.489999771118164,18.489999771118164,17.68000030517578,18.0,16500,0.0,0.0
2024-09-17 00:00:00-04:00,18.15999984741211,18.15999984741211,17.75,17.75,11300,0.0,0.0
2024-09-18 00:00:00-04:00,17.690000534057617,18.100000381469727,17.690000534057617,18.100000381469727,10300,0.0,0.0
2024-09-19 00:00:00-04:00,19.1299991607666,19.3700008392334,18.75,19.3700008392334,43500,0.0,0.0
2024-09-20 00:00:00-04:00,19.440000534057617,19.440000534057617,18.827999114990234,19.399999618530273,33800,0.0,0.0
2024-09-23 00:00:00-04:00,19.440000534057617,19.739999771118164,19.15999984741211,19.440000534057617,37600,0.0,0.0
2024-09-24 00:00:00-04:00,19.920000076293945,19.969999313354492,19.549999237060547,19.84000015258789,34800,0.0,0.0
2024-09-25 00:00:00-04:00,20.049999237060547,21.5,20.049999237060547,20.799999237060547,132400,0.0,0.0
2024-09-26 00:00:00-04:00,21.174999237060547,21.5,20.799999237060547,20.950000762939453,73600,0.0,0.0
2024-09-27 00:00:00-04:00,21.48900032043457,21.48900032043457,20.125999450683594,21.059999465942383,37200,0.0,0.0
2024-09-30 00:00:00-04:00,21.5,22.367000579833984,21.15999984741211,22.270000457763672,46300,0.0,0.0
2024-10-01 00:00:00-04:00,22.5,22.760000228881836,22.150999069213867,22.68000030517578,53900,0.0,0.0
2024-10-02 00:00:00-04:00,23.0,23.746999740600586,22.899999618530273,23.5,60000,0.0,0.0
2024-10-03 00:00:00-04:00,23.639999389648438,23.649999618530273,22.52899932861328,22.899999618530273,39400,0.0,0.0
2024-10-04 00:00:00-04:00,22.899999618530273,23.219999313354492,22.774999618530273,22.93000030517578,15100,0.0,0.0
2024-10-07 00:00:00-04:00,23.899999618530273,24.25,23.700000762939453,24.020000457763672,53500,0.0,0.0
2024-10-08 00:00:00-04:00,24.0,24.0,22.5,23.299999237060547,24400,0.0,0.0
2024-10-09 00:00:00-04:00,23.5,23.5,22.030000686645508,23.280000686645508,54300,0.0,0.0
2024-10-10 00:00:00-04:00,23.280000686645508,23.5,22.860000610351562,23.389999389648438,31900,0.0,0.0
2024-10-11 00:00:00-04:00,23.690000534057617,25.0,23.690000534057617,24.760000228881836,54700,0.0,0.0
2024-10-14 00:00:00-04:00,24.75,25.5,23.399999618530273,24.649999618530273,48200,0.0,0.0
2024-10-15 00:00:00-04:00,24.989999771118164,25.239999771118164,23.93000030517578,24.5,29200,0.0,0.0
2024-10-16 00:00:00-04:00,23.899999618530273,23.899999618530273,22.5310001373291,23.219999313354492,42500,0.0,0.0
2024-10-17 00:00:00-04:00,23.219999313354492,23.219999313354492,23.219999313354492,23.219999313354492,0,0.0,0.0
2024-10-18 00:00:00-04:00,23.219999313354492,23.219999313354492,23.219999313354492,23.219999313354492,0,0.0,0.0
2024-10-21 00:00:00-04:00,23.649999618530273,23.979999542236328,22.68000030517578,22.68000030517578,17300,0.0,0.0
2024-10-22 00:00:00-04:00,21.399999618530273,22.20599937438965,21.006000518798828,21.65999984741211,65300,0.0,0.0
2024-10-23 00:00:00-04:00,21.25,21.600000381469727,20.799999237060547,21.0,28200,0.0,0.0
2024-10-24 00:00:00-04:00,21.149999618530273,21.329999923706055,20.93000030517578,21.0,14900,0.0,0.0
2024-10-25 00:00:00-04:00,22.0,22.97100067138672,21.600000381469727,21.75,27600,0.0,0.0
2024-10-28 00:00:00-04:00,21.75,21.899999618530273,21.190000534057617,21.649999618530273,37800,0.0,0.0
2024-10-29 00:00:00-04:00,21.0,21.0,20.510000228881836,20.520000457763672,40800,0.0,0.0
2024-10-30 00:00:00-04:00,20.540000915527344,22.50200080871582,20.540000915527344,22.3700008392334,107100,0.0,0.0
2024-10-31 00:00:00-04:00,22.1299991607666,22.25,21.045000076293945,21.649999618530273,33200,0.0,0.0
2024-11-01 00:00:00-04:00,22.010000228881836,22.5,21.3799991607666,22.25,30000,0.0,0.0
2024-11-04 00:00:00-05:00,22.5,23.202999114990234,21.899999618530273,22.469999313354492,21500,0.0,0.0
2024-11-05 00:00:00-05:00,22.290000915527344,23.135000228881836,22.170000076293945,22.600000381469727,24000,0.0,0.0
2024-11-06 00:00:00-05:00,22.399999618530273,22.600000381469727,21.905000686645508,22.15999984741211,55100,0.0,0.0
2024-11-07 00:00:00-05:00,21.989999771118164,23.572999954223633,21.989999771118164,23.260000228881836,36500,0.0,0.0
2024-11-08 00:00:00-05:00,24.5,24.989999771118164,24.44499969482422,24.979999542236328,31900,0.0,0.0
2024-11-11 00:00:00-05:00,25.600000381469727,26.549999237060547,25.600000381469727,26.260000228881836,89500,0.0,0.0
2024-11-12 00:00:00-05:00,26.3799991607666,26.459999084472656,25.5,26.190000534057617,26000,0.0,0.0
2024-11-13 00:00:00-05:00,25.899999618530273,25.899999618530273,24.829999923706055,24.84000015258789,19600,0.0,0.0
2024-11-14 00:00:00-05:00,24.799999237060547,24.84000015258789,23.690000534057617,24.270000457763672,33000,0.0,0.0
2024-11-15 00:00:00-05:00,24.0,24.639999389648438,23.700000762939453,24.040000915527344,47800,0.0,0.0
2024-11-18 00:00:00-05:00,24.299999237060547,25.959999084472656,24.299999237060547,25.3799991607666,32500,0.0,0.0
2024-11-19 00:00:00-05:00,25.5,26.75,25.040000915527344,25.549999237060547,38500,0.0,0.0
2024-11-20 00:00:00-05:00,26.0,26.75,25.260000228881836,26.079999923706055,49700,0.0,0.0
2024-11-21 00:00:00-05:00,26.510000228881836,28.424999237060547,26.06999969482422,28.399999618530273,112600,0.0,0.0
2024-11-22 00:00:00-05:00,28.700000762939453,29.25,28.100000381469727,28.889999389648438,62400,0.0,0.0
2024-11-25 00:00:00-05:00,29.75,29.75,28.0,28.780000686645508,70000,0.0,0.0
2024-11-26 00:00:00-05:00,28.850000381469727,28.989999771118164,28.299999237060547,28.530000686645508,12700,0.0,0.0
2024-11-27 00:00:00-05:00,28.530000686645508,30.200000762939453,28.530000686645508,29.3799991607666,41800,0.0,0.0
2024-11-29 00:00:00-05:00,29.5,30.0,28.979000091552734,29.100000381469727,17600,0.0,0.0
2024-12-02 00:00:00-05:00,28.5,29.06999969482422,27.649999618530273,28.40999984741211,56400,0.0,0.0
2024-12-03 00:00:00-05:00,28.979999542236328,29.040000915527344,27.979999542236328,28.100000381469727,23200,0.0,0.0
2024-12-04 00:00:00-05:00,29.049999237060547,30.399999618530273,28.549999237060547,29.56999969482422,74100,0.0,0.0
2024-12-05 00:00:00-05:00,30.399999618530273,31.600000381469727,30.12299919128418,31.5,111300,0.0,0.0
2024-12-06 00:00:00-05:00,30.5,30.770000457763672,28.600000381469727,28.600000381469727,58100,0.0,0.0
2024-12-09 00:00:00-05:00,29.0,30.31999969482422,28.600000381469727,29.5,83500,0.0,0.0
2024-12-10 00:00:00-05:00,28.829999923706055,28.940000534057617,27.5,28.040000915527344,36600,0.0,0.0
2024-12-11 00:00:00-05:00,27.799999237060547,29.55299949645996,27.799999237060547,28.079999923706055,32600,0.0,0.0
2024-12-12 00:00:00-05:00,27.940000534057617,29.25,27.75,27.979999542236328,28500,0.0,0.0
2024-12-13 00:00:00-05:00,28.34000015258789,28.989999771118164,27.0,28.43000030517578,20500,0.0,0.0
2024-12-16 00:00:00-05:00,28.760000228881836,29.0,27.920000076293945,28.280000686645508,28600,0.0,0.0
2024-12-17 00:00:00-05:00,28.0,28.18000030517578,27.3700008392334,27.709999084472656,18000,0.0,0.0
2024-12-18 00:00:00-05:00,28.989999771118164,29.9950008392334,26.579999923706055,27.010000228881836,82200,0.0,0.0
2024-12-19 00:00:00-05:00,27.34000015258789,27.399999618530273,26.339000701904297,27.239999771118164,32400,0.0,0.0
2024-12-20 00:00:00-05:00,27.899999618530273,28.9689998626709,27.600000381469727,28.700000762939453,25100,0.0,0.0
2024-12-23 00:00:00-05:00,30.09000015258789,30.9950008392334,28.559999465942383,29.799999237060547,52200,0.0,0.0
2024-12-24 00:00:00-05:00,30.799999237060547,31.0,29.719999313354492,30.465999603271484,57800,0.0,0.0
2024-12-26 00:00:00-05:00,30.735000610351562,32.47100067138672,30.5,31.600000381469727,52400,0.0,0.0
2024-12-27 00:00:00-05:00,33.15999984741211,34.75,32.400001525878906,33.150001525878906,114100,0.0,0.0
2024-12-30 00:00:00-05:00,35.400001525878906,38.93000030517578,33.29999923706055,38.02000045776367,250400,0.0,0.0
2024-12-31 00:00:00-05:00,36.189998626708984,36.189998626708984,33.349998474121094,34.400001525878906,100900,0.0,0.0
2025-01-02 00:00:00-05:00,34.900001525878906,36.349998474121094,33.375,35.400001525878906,81100,0.0,0.0
2025-01-03 00:00:00-05:00,34.97999954223633,35.95000076293945,32.75,33.5,72900,0.0,0.0
2025-01-06 00:00:00-05:00,33.470001220703125,33.91999816894531,31.549999237060547,33.56999969482422,77000,0.0,0.0
2025-01-07 00:00:00-05:00,33.900001525878906,34.25,32.58300018310547,33.75,69300,0.0,0.0
2025-01-08 00:00:00-05:00,33.0,33.29999923706055,32.25,32.7599983215332,31800,0.0,0.0
2025-01-10 00:00:00-05:00,32.41999816894531,32.75,30.18000030517578,31.700000762939453,57800,0.0,0.0
2025-01-13 00:00:00-05:00,30.75,30.75,30.010000228881836,30.190000534057617,35700,0.0,0.0
2025-01-14 00:00:00-05:00,28.18000030517578,28.690000534057617,27.0,28.43000030517578,110300,0.0,0.0
2025-01-15 00:00:00-05:00,28.43000030517578,29.299999237060547,28.010000228881836,28.469999313354492,113200,0.0,0.0
2025-01-16 00:00:00-05:00,27.799999237060547,28.704999923706055,26.850000381469727,27.649999618530273,74300,0.0,0.0
2025-01-17 00:00:00-05:00,27.5,28.170000076293945,26.889999389648438,27.260000228881836,49600,0.0,0.0
2025-01-21 00:00:00-05:00,27.440000534057617,28.17799949645996,26.898000717163086,27.729999542236328,50100,0.0,0.0
2025-01-22 00:00:00-05:00,26.0,26.3799991607666,24.594999313354492,25.209999084472656,111200,0.0,0.0
2025-01-23 00:00:00-05:00,25.149999618530273,26.25,24.989999771118164,25.459999084472656,51000,0.0,0.0
2025-01-24 00:00:00-05:00,25.299999237060547,25.600000381469727,24.5,25.40999984741211,46300,0.0,0.0
2025-01-27 00:00:00-05:00,25.010000228881836,25.110000610351562,22.809999465942383,23.899999618530273,46500,0.0,0.0
2025-01-28 00:00:00-05:00,24.299999237060547,24.459999084472656,23.530000686645508,23.920000076293945,35200,0.0,0.0
2025-01-29 00:00:00-05:00,24.36400032043457,25.219999313354492,24.059999465942383,24.420000076293945,46200,0.0,0.0
2025-01-30 00:00:00-05:00,24.850000381469727,25.889999389648438,24.75,25.489999771118164,49400,0.0,0.0
2025-01-31 00:00:00-05:00,26.5,27.579999923706055,25.90999984741211,26.110000610351562,50500,0.0,0.0
2025-02-03 00:00:00-05:00,25.110000610351562,26.09000015258789,24.959999084472656,25.459999084472656,42100,0.0,0.0
2025-02-04 00:00:00-05:00,25.219999313354492,26.066999435424805,24.90999984741211,25.700000762939453,42500,0.0,0.0
2025-02-05 00:00:00-05:00,26.31999969482422,27.989999771118164,26.299999237060547,27.360000610351562,65300,0.0,0.0
2025-02-06 00:00:00-05:00,26.610000610351562,28.209999084472656,26.190000534057617,27.049999237060547,108900,0.0,0.0
2025-02-07 00:00:00-05:00,26.639999389648438,27.145000457763672,25.979999542236328,26.260000228881836,62700,0.0,0.0
2025-02-10 00:00:00-05:00,26.059999465942383,26.950000762939453,26.059999465942383,26.399999618530273,27700,0.0,0.0
2025-02-11 00:00:00-05:00,27.100000381469727,27.56999969482422,25.920000076293945,26.520000457763672,51800,0.0,0.0
2025-02-12 00:00:00-05:00,27.219999313354492,28.899999618530273,26.88599967956543,28.0,85500,0.0,0.0
2025-02-13 00:00:00-05:00,26.219999313354492,27.270000457763672,25.020000457763672,26.399999618530273,69100,0.0,0.0
2025-02-14 00:00:00-05:00,26.190000534057617,26.8799991607666,25.95199966430664,25.989999771118164,19900,0.0,0.0
2025-02-18 00:00:00-05:00,29.8700008392334,30.5,29.02400016784668,29.920000076293945,118200,0.0,0.0
2025-02-19 00:00:00-05:00,30.149999618530273,30.270000457763672,28.549999237060547,29.0,85300,0.0,0.0
2025-02-20 00:00:00-05:00,29.350000381469727,29.722999572753906,29.110000610351562,29.290000915527344,43900,0.0,0.0
2025-02-21 00:00:00-05:00,29.600000381469727,29.600000381469727,27.149999618530273,27.969999313354492,30000,0.0,0.0
2025-02-24 00:00:00-05:00,27.110000610351562,27.510000228881836,24.920000076293945,25.75,118500,0.0,0.0
2025-02-25 00:00:00-05:00,25.860000610351562,25.8799991607666,25.054000854492188,25.600000381469727,54100,0.0,0.0
2025-02-26 00:00:00-05:00,25.829999923706055,27.420000076293945,25.610000610351562,25.975000381469727,58400,0.0,0.0
2025-02-27 00:00:00-05:00,26.0,26.0,23.600000381469727,23.729999542236328,95200,0.0,0.0
2025-02-28 00:00:00-05:00,23.290000915527344,26.0,22.40999984741211,23.700000762939453,133400,0.0,0.0
2025-03-03 00:00:00-05:00,23.760000228881836,24.600000381469727,21.34000015258789,21.889999389648438,57200,0.0,0.0
2025-03-04 00:00:00-05:00,22.049999237060547,23.43899917602539,21.406999588012695,22.649999618530273,164500,0.0,0.0
2025-03-05 00:00:00-05:00,21.3799991607666,22.649999618530273,20.520000457763672,20.850000381469727,212000,0.0,0.0
2025-03-06 00:00:00-05:00,21.299999237060547,21.989999771118164,21.030000686645508,21.34000015258789,79200,0.0,0.0
2025-03-07 00:00:00-05:00,21.229999542236328,21.940000534057617,19.625,20.549999237060547,99900,0.0,0.0
2025-03-10 00:00:00-04:00,20.700000762939453,21.0,19.0,19.850000381469727,73800,0.0,0.0
2025-03-11 00:00:00-04:00,19.959999084472656,20.356000900268555,19.100000381469727,19.860000610351562,108100,0.0,0.0
2025-03-12 00:00:00-04:00,20.270000457763672,20.950000762939453,19.270000457763672,20.010000228881836,53700,0.0,0.0
2025-03-13 00:00:00-04:00,19.93000030517578,20.440000534057617,19.479999542236328,19.799999237060547,72200,0.0,0.0
2025-03-14 00:00:00-04:00,19.90999984741211,21.100000381469727,19.90999984741211,20.790000915527344,63500,0.0,0.0
2025-03-17 00:00:00-04:00,21.229999542236328,21.600000381469727,20.8700008392334,21.030000686645508,27700,0.0,0.0
2025-03-18 00:00:00-04:00,21.1299991607666,21.49799919128418,20.81999969482422,21.030000686645508,24600,0.0,0.0
2025-03-19 00:00:00-04:00,20.450000762939453,20.549999237060547,19.899999618530273,20.110000610351562,36900,0.0,0.0
2025-03-20 00:00:00-04:00,20.059999465942383,20.889999389648438,20.059999465942383,20.450000762939453,20100,0.0,0.0
2025-03-21 00:00:00-04:00,20.399999618530273,21.299999237060547,20.020000457763672,20.200000762939453,24500,0.0,0.0
2025-03-24 00:00:00-04:00,19.959999084472656,19.959999084472656,18.90999984741211,19.510000228881836,51300,0.0,0.0
2025-03-25 00:00:00-04:00,19.459999084472656,19.979999542236328,19.149999618530273,19.459999084472656,19600,0.0,0.0
2025-03-26 00:00:00-04:00,19.399999618530273,19.950000762939453,18.940000534057617,19.399999618530273,47400,0.0,0.0
2025-03-27 00:00:00-04:00,18.719999313354492,18.749000549316406,18.219999313354492,18.5,38500,0.0,0.0
2025-03-28 00:00:00-04:00,18.670000076293945,18.808000564575195,18.049999237060547,18.079999923706055,43800,0.0,0.0
2025-03-31 00:00:00-04:00,18.329999923706055,18.389999389648438,17.260000228881836,17.989999771118164,45100,0.0,0.0
2025-04-01 00:00:00-04:00,17.8700008392334,18.5,17.40999984741211,17.770000457763672,83400,0.0,0.0
2025-04-02 00:00:00-04:00,17.15999984741211,17.582000732421875,16.520000457763672,17.0,68000,0.0,0.0
2025-04-03 00:00:00-04:00,16.219999313354492,16.489999771118164,15.600000381469727,15.739999771118164,84600,0.0,0.0
2025-04-04 00:00:00-04:00,15.4399995803833,15.543999671936035,13.298999786376953,14.180000305175781,126200,0.0,0.0
2025-04-07 00:00:00-04:00,14.0,15.654999732971191,13.5,13.789999961853027,134500,0.0,0.0
2025-04-08 00:00:00-04:00,13.5600004196167,14.449999809265137,12.770000457763672,12.979999542236328,82600,0.0,0.0
2025-04-09 00:00:00-04:00,12.819999694824219,14.760000228881836,12.274999618530273,14.670000076293945,141900,0.0,0.0
2025-04-10 00:00:00-04:00,14.699999809265137,15.303000450134277,13.829999923706055,14.229999542236328,92600,0.0,0.0
2025-04-11 00:00:00-04:00,14.529999732971191,14.880000114440918,13.619999885559082,14.614999771118164,87500,0.0,0.0
2025-04-14 00:00:00-04:00,14.850000381469727,16.100000381469727,14.619999885559082,15.010000228881836,96200,0.0,0.0
2025-04-15 00:00:00-04:00,16.799999237060547,18.479999542236328,16.799999237060547,17.209999084472656,180100,0.0,0.0
2025-04-16 00:00:00-04:00,17.489999771118164,19.93000030517578,17.25,18.790000915527344,400100,0.0,0.0
2025-04-17 00:00:00-04:00,19.84000015258789,20.280000686645508,19.0,19.760000228881836,103000,0.0,0.0
2025-04-21 00:00:00-04:00,19.860000610351562,20.100000381469727,18.5,19.5,79500,0.0,0.0
2025-04-22 00:00:00-04:00,21.295000076293945,22.229999542236328,20.799999237060547,21.93000030517578,94400,0.0,0.0
2025-04-23 00:00:00-04:00,21.229999542236328,21.46500015258789,19.700000762939453,20.030000686645508,91900,0.0,0.0
2025-04-24 00:00:00-04:00,20.75,21.90999984741211,20.690000534057617,21.389999389648438,34000,0.0,0.0
2025-04-25 00:00:00-04:00,21.040000915527344,21.229999542236328,20.73900032043457,21.229999542236328,18900,0.0,0.0
2025-04-28 00:00:00-04:00,21.450000762939453,21.469999313354492,20.15999984741211,20.579999923706055,52700,0.0,0.0
2025-04-29 00:00:00-04:00,21.889999389648438,23.15999984741211,21.600000381469727,22.56999969482422,92400,0.0,0.0
2025-04-30 00:00:00-04:00,22.549999237060547,22.549999237060547,21.399999618530273,21.979999542236328,74300,0.0,0.0
2025-05-01 00:00:00-04:00,21.43000030517578,21.770000457763672,20.100000381469727,20.489999771118164,94200,0.0,0.0
2025-05-02 00:00:00-04:00,21.0,22.25,21.0,21.920000076293945,39900,0.0,0.0
2025-05-05 00:00:00-04:00,21.520000457763672,22.03499984741211,21.100000381469727,21.459999084472656,37600,0.0,0.0
2025-05-06 00:00:00-04:00,21.760000228881836,22.95400047302246,21.719999313354492,22.510000228881836,50600,0.0,0.0
2025-05-07 00:00:00-04:00,22.770000457763672,22.770000457763672,21.3700008392334,22.270000457763672,60300,0.0,0.0
2025-05-08 00:00:00-04:00,22.3700008392334,22.5,21.520000457763672,21.56999969482422,22400,0.0,0.0
2025-05-09 00:00:00-04:00,22.309999465942383,22.969999313354492,22.309999465942383,22.940000534057617,66900,0.0,0.0
2025-05-12 00:00:00-04:00,22.280000686645508,22.489999771118164,21.420000076293945,21.540000915527344,41800,0.0,0.0
2025-05-13 00:00:00-04:00,20.979999542236328,21.277000427246094,20.549999237060547,20.860000610351562,39600,0.0,0.0
2025-05-14 00:00:00-04:00,21.200000762939453,21.760000228881836,20.049999237060547,20.93000030517578,59600,0.0,0.0
2025-05-15 00:00:00-04:00,20.290000915527344,20.290000915527344,19.43000030517578,20.079999923706055,38200,0.0,0.0
2025-05-16 00:00:00-04:00,20.350000381469727,21.18000030517578,20.290000915527344,21.15999984741211,21100,0.0,0.0
2025-05-19 00:00:00-04:00,21.0,21.780000686645508,21.0,21.389999389648438,24800,0.0,0.0
2025-05-20 00:00:00-04:00,21.540000915527344,22.117000579833984,21.309999465942383,21.559999465942383,27700,0.0,0.0
2025-05-21 00:00:00-04:00,22.510000228881836,23.600000381469727,22.510000228881836,22.829999923706055,46000,0.0,0.0
2025-05-22 00:00:00-04:00,23.440000534057617,23.469999313354492,22.68000030517578,22.809999465942383,33400,0.0,0.0
2025-05-23 00:00:00-04:00,22.700000762939453,24.0,22.594999313354492,23.59000015258789,73400,0.0,0.0
2025-05-27 00:00:00-04:00,25.100000381469727,25.8799991607666,24.371000289916992,25.079999923706055,121500,0.0,0.0
2025-05-28 00:00:00-04:00,25.0,25.0,24.010000228881836,24.43000030517578,46900,0.0,0.0
2025-05-29 00:00:00-04:00,23.450000762939453,23.450000762939453,22.579999923706055,23.209999084472656,75800,0.0,0.0
2025-05-30 00:00:00-04:00,23.510000228881836,24.274999618530273,23.030000686645508,24.190000534057617,54300,0.0,0.0
2025-06-02 00:00:00-04:00,22.850000381469727,23.450000762939453,22.850000381469727,23.264999389648438,51900,0.0,0.0
2025-06-03 00:00:00-04:00,22.139999389648438,23.149999618530273,22.049999237060547,22.940000534057617,74000,0.0,0.0
2025-06-04 00:00:00-04:00,23.100000381469727,24.5,23.0,24.420000076293945,46800,0.0,0.0
2025-06-05 00:00:00-04:00,29.8700008392334,30.299999237060547,28.850000381469727,29.239999771118164,213600,0.0,0.0
2025-06-06 00:00:00-04:00,28.899999618530273,29.639999389648438,27.253999710083008,28.040000915527344,78200,0.0,0.0
2025-06-09 00:00:00-04:00,29.270000457763672,29.270000457763672,27.889999389648438,28.325000762939453,54300,0.0,0.0
2025-06-10 00:00:00-04:00,27.549999237060547,27.649999618530273,26.643999099731445,27.079999923706055,31300,0.0,0.0
2025-06-11 00:00:00-04:00,28.34000015258789,28.700000762939453,27.649999618530273,28.139999389648438,78900,0.0,0.0
2025-06-12 00:00:00-04:00,27.030000686645508,27.399999618530273,26.809999465942383,27.239999771118164,25400,0.0,0.0
2025-06-13 00:00:00-04:00,26.5,26.798999786376953,25.6200008392334,25.959999084472656,47500,0.0,0.0
2025-06-16 00:00:00-04:00,29.399999618530273,29.969999313354492,29.309999465942383,29.450000762939453,128700,0.0,0.0
2025-06-17 00:00:00-04:00,29.15999984741211,29.420000076293945,28.40999984741211,28.420000076293945,71200,0.0,0.0
2025-06-18 00:00:00-04:00,29.700000762939453,29.700000762939453,28.549999237060547,28.709999084472656,118500,0.0,0.0
2025-06-20 00:00:00-04:00,28.760000228881836,28.760000228881836,27.027999877929688,27.559999465942383,105100,0.0,0.0
2025-06-23 00:00:00-04:00,27.209999084472656,27.799999237060547,26.809999465942383,27.489999771118164,45600,0.0,0.0
2025-06-24 00:00:00-04:00,27.920000076293945,28.844999313354492,27.84000015258789,28.549999237060547,44500,0.0,0.0
2025-06-25 00:00:00-04:00,29.299999237060547,29.5,29.0,29.020000457763672,35000,0.0,0.0
2025-06-26 00:00:00-04:00,29.700000762939453,30.65999984741211,29.700000762939453,30.5,55600,0.0,0.0
2025-06-27 00:00:00-04:00,31.0,31.0,30.25,30.68000030517578,48700,0.0,0.0
2025-06-30 00:00:00-04:00,31.5,31.729999542236328,30.459999084472656,31.5,62900,0.0,0.0
2025-07-01 00:00:00-04:00,30.049999237060547,30.075000762939453,29.350000381469727,29.510000228881836,57100,0.0,0.0
2025-07-02 00:00:00-04:00,30.299999237060547,30.299999237060547,29.25,29.75,30300,0.0,0.0
2025-07-03 00:00:00-04:00,30.770000457763672,30.770000457763672,29.482999801635742,30.030000686645508,38200,0.0,0.0
2025-07-07 00:00:00-04:00,28.389999389648438,28.389999389648438,27.440000534057617,27.860000610351562,48700,0.0,0.0
2025-07-08 00:00:00-04:00,29.56999969482422,29.56999969482422,27.790000915527344,28.170000076293945,52700,0.0,0.0
2025-07-09 00:00:00-04:00,28.18000030517578,28.649999618530273,27.860000610351562,28.309999465942383,22600,0.0,0.0
2025-07-10 00:00:00-04:00,29.100000381469727,31.190000534057617,28.559999465942383,30.93000030517578,167300,0.0,0.0
2025-07-11 00:00:00-04:00,31.950000762939453,33.93000030517578,31.709999084472656,32.900001525878906,196600,0.0,0.0
2025-07-14 00:00:00-04:00,32.400001525878906,32.86000061035156,31.78499984741211,32.2599983215332,69400,0.0,0.0
2025-07-15 00:00:00-04:00,32.81999969482422,32.81999969482422,31.56999969482422,32.5099983215332,33500,0.0,0.0
2025-07-16 00:00:00-04:00,33.7400016784668,33.9900016784668,33.0,33.20000076293945,66000,0.0,0.0
2025-07-17 00:00:00-04:00,34.040000915527344,35.20399856567383,34.040000915527344,35.15999984741211,120200,0.0,0.0
2025-07-18 00:00:00-04:00,35.0,35.0,33.66999816894531,33.88999938964844,45500,0.0,0.0
2025-07-21 00:00:00-04:00,33.88999938964844,33.88999938964844,33.88999938964844,33.88999938964844,0,0.0,0.0
2025-07-22 00:00:00-04:00,33.88999938964844,33.88999938964844,33.88999938964844,33.88999938964844,0,0.0,0.0
2025-07-23 00:00:00-04:00,36.720001220703125,37.4900016784668,35.33000183105469,36.25,126700,0.0,0.0
2025-07-24 00:00:00-04:00,38.849998474121094,41.130001068115234,38.849998474121094,40.880001068115234,174600,0.0,0.0
2025-07-25 00:00:00-04:00,40.88999938964844,40.88999938964844,39.380001068115234,40.22999954223633,56700,0.0,0.0
2025-07-28 00:00:00-04:00,40.15999984741211,40.959999084472656,39.11000061035156,40.38999938964844,52800,0.0,0.0
2025-07-29 00:00:00-04:00,40.599998474121094,40.95000076293945,39.779998779296875,40.59000015258789,43400,0.0,0.0
2025-07-30 00:00:00-04:00,40.0,40.38999938964844,38.28499984741211,38.599998474121094,52600,0.0,0.0
2025-07-31 00:00:00-04:00,38.290000915527344,39.422000885009766,38.0,38.97999954223633,64100,0.0,0.0
2025-08-01 00:00:00-04:00,36.790000915527344,38.15999984741211,32.70000076293945,37.779998779296875,86700,0.0,0.0
2025-08-04 00:00:00-04:00,38.97999954223633,40.25,38.97999954223633,40.04999923706055,58900,0.0,0.0
2025-08-05 00:00:00-04:00,40.02000045776367,41.25,39.86000061035156,41.0,68300,0.0,0.0
2025-08-06 00:00:00-04:00,40.599998474121094,40.599998474121094,39.38999938964844,40.060001373291016,57700,0.0,0.0
2025-08-07 00:00:00-04:00,39.439998626708984,39.439998626708984,37.79999923706055,38.345001220703125,56900,0.0,0.0
2025-08-08 00:00:00-04:00,38.560001373291016,38.560001373291016,37.0,37.650001525878906,59400,0.0,0.0
2025-08-11 00:00:00-04:00,38.5,39.09000015258789,38.33000183105469,38.619998931884766,27900,0.0,0.0
2025-08-12 00:00:00-04:00,38.9900016784668,39.19900131225586,38.25,38.290000915527344,32400,0.0,0.0
2025-08-13 00:00:00-04:00,38.7599983215332,39.15999984741211,38.18000030517578,39.11000061035156,33000,0.0,0.0
2025-08-14 00:00:00-04:00,38.959999084472656,40.21500015258789,38.79999923706055,39.81999969482422,51400,0.0,0.0
2025-08-15 00:00:00-04:00,41.470001220703125,42.25,40.86000061035156,41.630001068115234,64000,0.0,0.0
2025-08-18 00:00:00-04:00,42.380001068115234,42.380001068115234,40.645999908447266,41.09000015258789,25500,0.0,0.0
2025-08-19 00:00:00-04:00,41.59000015258789,41.68000030517578,40.619998931884766,41.04999923706055,34400,0.0,0.0
2025-08-20 00:00:00-04:00,39.810001373291016,39.810001373291016,38.0,39.15999984741211,134400,0.0,0.0
2025-08-21 00:00:00-04:00,39.790000915527344,41.9900016784668,39.599998474121094,41.494998931884766,90400,0.0,0.0
2025-08-22 00:00:00-04:00,40.72999954223633,42.400001525878906,40.72999954223633,41.84000015258789,72000,0.0,0.0
2025-08-25 00:00:00-04:00,42.400001525878906,45.0,42.400001525878906,44.689998626708984,194900,0.0,0.0
2025-08-26 00:00:00-04:00,45.36000061035156,47.86000061035156,45.36000061035156,46.63999938964844,84100,0.0,0.0
2025-08-27 00:00:00-04:00,45.439998626708984,46.29999923706055,45.0,46.03499984741211,46600,0.0,0.0
2025-08-28 00:00:00-04:00,43.90999984741211,44.724998474121094,43.58000183105469,44.380001068115234,78500,0.0,0.0
2025-08-29 00:00:00-04:00,44.5099983215332,44.81999969482422,43.3129997253418,44.31999969482422,40200,0.0,0.0
2025-09-02 00:00:00-04:00,46.04999923706055,46.25,44.88999938964844,46.0,90800,0.0,0.0
2025-09-03 00:00:00-04:00,47.279998779296875,48.16999816894531,47.0,47.81999969482422,69900,0.0,0.0
2025-09-04 00:00:00-04:00,47.560001373291016,47.595001220703125,46.54999923706055,47.0,37800,0.0,0.0
2025-09-05 00:00:00-04:00,47.59000015258789,48.95000076293945,47.31999969482422,48.529998779296875,81900,0.0,0.0
2025-09-08 00:00:00-04:00,49.0,49.459999084472656,48.130001068115234,48.470001220703125,74400,0.0,0.0
2025-09-09 00:00:00-04:00,45.5,45.5,43.685001373291016,43.689998626708984,109500,0.0,0.0
2025-09-10 00:00:00-04:00,44.380001068115234,44.75,43.685001373291016,43.84000015258789,51400,0.0,0.0
2025-09-11 00:00:00-04:00,43.33000183105469,44.09000015258789,42.900001525878906,43.47999954223633,100300,0.0,0.0
2025-09-12 00:00:00-04:00,43.86000061035156,45.04999923706055,43.86000061035156,44.584999084472656,86000,0.0,0.0
2025-09-15 00:00:00-04:00,44.88999938964844,47.459999084472656,44.47999954223633,47.459999084472656,213400,0.0,0.0
2025-09-16 00:00:00-04:00,45.310001373291016,45.88999938964844,44.5,45.689998626708984,140700,0.0,0.0
2025-09-17 00:00:00-04:00,44.34000015258789,45.380001068115234,43.81999969482422,44.33000183105469,119600,0.0,0.0
2025-09-18 00:00:00-04:00,43.08000183105469,44.189998626708984,42.525001525878906,44.060001373291016,161000,0.0,0.0
2025-09-19 00:00:00-04:00,43.25,44.45000076293945,41.939998626708984,42.09000015258789,602400,0.0,0.0
2025-09-22 00:00:00-04:00,43.0,44.5099983215332,42.880001068115234,44.5,119100,0.0,0.0
2025-09-23 00:00:00-04:00,45.27000045776367,45.97999954223633,44.849998474121094,44.849998474121094,86300,0.0,0.0
2025-09-24 00:00:00-04:00,45.79999923706055,48.209999084472656,45.79999923706055,46.79999923706055,107500,0.0,0.0
2025-09-25 00:00:00-04:00,47.459999084472656,48.935001373291016,46.47999954223633,48.16999816894531,110000,0.0,0.0
2025-09-26 00:00:00-04:00,50.599998474121094,51.599998474121094,49.5099983215332,50.75,117200,0.0,0.0
2025-09-29 00:00:00-04:00,51.849998474121094,52.584999084472656,51.29999923706055,51.369998931884766,84000,0.0,0.0
2025-09-30 00:00:00-04:00,50.68000030517578,50.68000030517578,48.5,49.349998474121094,75300,0.0,0.0
2025-10-01 00:00:00-04:00,51.56999969482422,52.58000183105469,50.23500061035156,51.560001373291016,90100,0.0,0.0
2025-10-02 00:00:00-04:00,52.31999969482422,53.79999923706055,51.93000030517578,53.58000183105469,81000,0.0,0.0
2025-10-03 00:00:00-04:00,54.0099983215332,56.779998779296875,54.0099983215332,55.189998626708984,111800,0.0,0.0
2025-10-06 00:00:00-04:00,56.0,56.15999984741211,55.11000061035156,55.400001525878906,99400,0.0,0.0
2025-10-07 00:00:00-04:00,54.25,56.75,53.20500183105469,56.3849983215332,265000,0.0,0.0
2025-10-08 00:00:00-04:00,55.599998474121094,56.75,55.0099983215332,56.11000061035156,103500,0.0,0.0
2025-10-09 00:00:00-04:00,55.5,55.90999984741211,54.29999923706055,55.31999969482422,95500,0.0,0.0
2025-10-10 00:00:00-04:00,55.29999923706055,56.7599983215332,53.310001373291016,54.290000915527344,159200,0.0,0.0
2025-10-13 00:00:00-04:00,53.900001525878906,58.7599983215332,53.400001525878906,58.540000915527344,255800,0.0,0.0
2025-10-14 00:00:00-04:00,58.63999938964844,59.0,55.130001068115234,57.0,284500,0.0,0.0
2025-10-15 00:00:00-04:00,59.939998626708984,60.900001525878906,55.525001525878906,58.72999954223633,300000,0.0,0.0
2025-10-16 00:00:00-04:00,56.16999816894531,56.16999816894531,52.400001525878906,52.560001373291016,203000,0.0,0.0
2025-10-17 00:00:00-04:00,49.81999969482422,51.04999923706055,49.04999923706055,51.04999923706055,180900,0.0,0.0
2025-10-20 00:00:00-04:00,53.400001525878906,53.40999984741211,50.189998626708984,52.08000183105469,104200,0.0,0.0
2025-10-21 00:00:00-04:00,52.630001068115234,53.38999938964844,51.27000045776367,51.86000061035156,97700,0.0,0.0
2025-10-22 00:00:00-04:00,50.20000076293945,50.474998474121094,46.189998626708984,49.470001220703125,248500,0.0,0.0
2025-10-23 00:00:00-04:00,48.95000076293945,49.88999938964844,48.47999954223633,48.95000076293945,101300,0.0,0.0
2025-10-24 00:00:00-04:00,48.869998931884766,50.54999923706055,48.25,49.66999816894531,97800,0.0,0.0
2025-10-27 00:00:00-04:00,47.68000030517578,47.97999954223633,45.630001068115234,46.560001373291016,220900,0.0,0.0
2025-10-28 00:00:00-04:00,45.650001525878906,47.040000915527344,45.08000183105469,46.27000045776367,78600,0.0,0.0
2025-10-29 00:00:00-04:00,47.060001373291016,47.060001373291016,44.66999816894531,45.18000030517578,73800,0.0,0.0
2025-10-30 00:00:00-04:00,45.18000030517578,45.18000030517578,43.275001525878906,43.9900016784668,217000,0.0,0.0
2025-10-31 00:00:00-04:00,44.560001373291016,47.7400016784668,42.810001373291016,43.85499954223633,116800,0.0,0.0
2025-11-03 00:00:00-05:00,45.15999984741211,45.15999984741211,41.04999923706055,41.68000030517578,199700,0.0,0.0
2025-11-04 00:00:00-05:00,40.0,41.0,39.29499816894531,39.83000183105469,171300,0.0,0.0
2025-11-05 00:00:00-05:00,38.869998931884766,39.689998626708984,37.650001525878906,37.900001525878906,190400,0.0,0.0
2025-11-06 00:00:00-05:00,37.650001525878906,37.779998779296875,35.720001220703125,36.150001525878906,217500,0.0,0.0
2025-11-07 00:00:00-05:00,35.34000015258789,36.709999084472656,35.33000183105469,36.5099983215332,225700,0.0,0.0
2025-11-10 00:00:00-05:00,38.20000076293945,38.74800109863281,37.04999923706055,38.029998779296875,183800,0.0,0.0
2025-11-11 00:00:00-05:00,37.72999954223633,38.060001373291016,36.650001525878906,37.470001220703125,120400,0.0,0.0
2025-11-12 00:00:00-05:00,35.75,36.119998931884766,33.189998626708984,34.15999984741211,556800,0.0,0.0
2025-11-13 00:00:00-05:00,34.15999984741211,34.15999984741211,34.15999984741211,34.15999984741211,0,0.0,0.0
2025-11-14 00:00:00-05:00,34.15999984741211,34.15999984741211,34.15999984741211,34.15999984741211,0,0.0,0.0
2025-11-17 00:00:00-05:00,33.849998474121094,35.499000549316406,33.849998474121094,34.709999084472656,260400,0.0,0.0
2025-11-18 00:00:00-05:00,32.0,32.04999923706055,29.795000076293945,31.239999771118164,414600,0.0,0.0
2025-11-19 00:00:00-05:00,31.5,32.2599983215332,31.010000228881836,31.610000610351562,147400,0.0,0.0
2025-11-20 00:00:00-05:00,31.219999313354492,32.20000076293945,28.440000534057617,28.579999923706055,306600,0.0,0.0
2025-11-21 00:00:00-05:00,28.399999618530273,29.399999618530273,27.450000762939453,29.079999923706055,219300,0.0,0.0
2025-11-24 00:00:00-05:00,28.65999984741211,30.510000228881836,28.65999984741211,30.360000610351562,178100,0.0,0.0
2025-11-25 00:00:00-05:00,31.43000030517578,32.20000076293945,31.0,32.20000076293945,182500,0.0,0.0
2025-11-26 00:00:00-05:00,32.06999969482422,32.54999923706055,31.905000686645508,32.369998931884766,93400,0.0,0.0
2025-11-28 00:00:00-05:00,33.16999816894531,33.95000076293945,33.119998931884766,33.79999923706055,121000,0.0,0.0
2025-12-01 00:00:00-05:00,33.650001525878906,33.85900115966797,32.220001220703125,32.63999938964844,84200,0.0,0.0
2025-12-02 00:00:00-05:00,32.869998931884766,33.2400016784668,32.29999923706055,32.8849983215332,65900,0.0,0.0
2025-12-03 00:00:00-05:00,32.31999969482422,33.20000076293945,32.0099983215332,33.01499938964844,93300,0.0,0.0
2025-12-04 00:00:00-05:00,32.31999969482422,34.5,32.02000045776367,33.47999954223633,181500,0.0,0.0
2025-12-05 00:00:00-05:00,33.619998931884766,34.13999938964844,33.33000183105469,33.959999084472656,126400,0.0,0.0
2025-12-08 00:00:00-05:00,34.40999984741211,35.0,33.709999084472656,34.380001068115234,264700,0.0,0.0
2025-12-09 00:00:00-05:00,34.25,35.130001068115234,33.900001525878906,34.97999954223633,154300,0.0,0.0
2025-12-10 00:00:00-05:00,35.09000015258789,36.66999816894531,34.849998474121094,36.369998931884766,263500,0.0,0.0
2025-12-11 00:00:00-05:00,35.13999938964844,36.349998474121094,34.849998474121094,35.91999816894531,116300,0.0,0.0
2025-12-12 00:00:00-05:00,36.275001525878906,36.79999923706055,34.93000030517578,35.66999816894531,123600,0.0,0.0
2025-12-15 00:00:00-05:00,35.900001525878906,36.029998779296875,33.880001068115234,33.880001068115234,183900,0.0,0.0
2025-12-16 00:00:00-05:00,33.630001068115234,33.95000076293945,32.029998779296875,33.029998779296875,153100,0.0,0.0
2025-12-17 00:00:00-05:00,32.43000030517578,32.75,31.170000076293945,31.170000076293945,104900,0.0,0.0
2025-12-18 00:00:00-05:00,31.559999465942383,32.255001068115234,31.360000610351562,31.760000228881836,97200,0.0,0.0
2025-12-19 00:00:00-05:00,33.130001068115234,34.08300018310547,32.599998474121094,33.08000183105469,322300,0.0,0.0
2025-12-22 00:00:00-05:00,34.209999084472656,34.900001525878906,34.060001373291016,34.45000076293945,171000,0.0,0.0
2025-12-23 00:00:00-05:00,34.2400016784668,35.189998626708984,33.869998931884766,34.849998474121094,88200,0.0,0.0
2025-12-24 00:00:00-05:00,36.68000030517578,37.459999084472656,36.279998779296875,36.93000030517578,109800,0.0,0.0
2025-12-26 00:00:00-05:00,37.43000030517578,37.43000030517578,36.54999923706055,36.95000076293945,65200,0.0,0.0
2025-12-29 00:00:00-05:00,36.40999984741211,37.650001525878906,36.189998626708984,36.459999084472656,77600,0.0,0.0
2025-12-30 00:00:00-05:00,37.0,37.29499816894531,36.25,36.400001525878906,57100,0.0,0.0
2025-12-31 00:00:00-05:00,36.709999084472656,37.566001892089844,36.060001373291016,36.185001373291016,90300,0.0,0.0
2026-01-02 00:00:00-05:00,37.25,39.90999984741211,37.25,39.90999984741211,118200,0.0,0.0
2026-01-05 00:00:00-05:00,41.29999923706055,42.689998626708984,40.529998779296875,42.47999954223633,185800,0.0,0.0
2026-01-06 00:00:00-05:00,41.70000076293945,42.93000030517578,41.400001525878906,42.58000183105469,138900,0.0,0.0
2026-01-07 00:00:00-05:00,43.959999084472656,44.77000045776367,43.68000030517578,44.31999969482422,147400,0.0,0.0
2026-01-08 00:00:00-05:00,43.34000015258789,43.66999816894531,42.459999084472656,43.290000915527344,72400,0.0,0.0
2026-01-09 00:00:00-05:00,43.400001525878906,43.90999984741211,42.02000045776367,43.790000915527344,79400,0.0,0.0
2026-01-12 00:00:00-05:00,44.29999923706055,45.61000061035156,44.150001525878906,45.31999969482422,163400,0.0,0.0
2026-01-13 00:00:00-05:00,45.7599983215332,46.599998474121094,45.44499969482422,46.2400016784668,196500,0.0,0.0
2026-01-14 00:00:00-05:00,47.119998931884766,49.70000076293945,47.06999969482422,49.599998474121094,248200,0.0,0.0
2026-01-15 00:00:00-05:00,46.86000061035156,47.16999816894531,45.91999816894531,46.72999954223633,148700,0.0,0.0
2026-01-16 00:00:00-05:00,47.619998931884766,48.59000015258789,46.45000076293945,46.81999969482422,133500,0.0,0.0
2026-01-20 00:00:00-05:00,45.86000061035156,48.5099983215332,45.845001220703125,48.06999969482422,121500,0.0,0.0
2026-01-21 00:00:00-05:00,49.43000030517578,51.959999084472656,49.43000030517578,51.86000061035156,218300,0.0,0.0
2026-01-22 00:00:00-05:00,52.599998474121094,55.650001525878906,52.209999084472656,55.650001525878906,188600,0.0,0.0
2026-01-23 00:00:00-05:00,57.20000076293945,60.3489990234375,56.63999938964844,60.11000061035156,260500,0.0,0.0
2026-01-26 00:00:00-05:00,61.45000076293945,61.45000076293945,57.709999084472656,58.0,256300,0.0,0.0
2026-01-27 00:00:00-05:00,55.5099983215332,56.900001525878906,54.0099983215332,56.279998779296875,199000,0.0,0.0
2026-01-28 00:00:00-05:00,57.029998779296875,57.029998779296875,55.209999084472656,56.83000183105469,113100,0.0,0.0
2026-01-29 00:00:00-05:00,55.70000076293945,55.70000076293945,50.512001037597656,52.810001373291016,203600,0.0,0.0
2026-01-30 00:00:00-05:00,50.70000076293945,52.88999938964844,49.5099983215332,49.93000030517578,138600,0.0,0.0
2026-02-02 00:00:00-05:00,49.0,49.959999084472656,47.959999084472656,48.810001373291016,228200,0.0,0.0
2026-02-03 00:00:00-05:00,49.25,50.619998931884766,47.7599983215332,50.084999084472656,207500,0.0,0.0
2026-02-04 00:00:00-05:00,48.60499954223633,49.09000015258789,45.0099983215332,45.939998626708984,222100,0.0,0.0
2026-02-05 00:00:00-05:00,44.56999969482422,44.95000076293945,41.900001525878906,42.16999816894531,179700,0.0,0.0
2026-02-06 00:00:00-05:00,42.04999923706055,43.13999938964844,41.130001068115234,43.099998474121094,209200,0.0,0.0
2026-02-09 00:00:00-05:00,43.5,44.5,43.189998626708984,44.11000061035156,108300,0.0,0.0
2026-02-10 00:00:00-05:00,44.11000061035156,44.17499923706055,43.150001525878906,43.849998474121094,96800,0.0,0.0
2026-02-11 00:00:00-05:00,44.099998474121094,44.22999954223633,41.95500183105469,44.06999969482422,160500,0.0,0.0
2026-02-12 00:00:00-05:00,42.209999084472656,43.95000076293945,39.79999923706055,40.0099983215332,304600,0.0,0.0
2026-02-13 00:00:00-05:00,39.689998626708984,41.06999969482422,38.52000045776367,40.75,176300,0.0,0.0
2026-02-17 00:00:00-05:00,40.290000915527344,41.4900016784668,39.40999984741211,41.18000030517578,174000,0.0,0.0
2026-02-18 00:00:00-05:00,42.04999923706055,42.83000183105469,41.625,42.209999084472656,96300,0.0,0.0
2026-02-19 00:00:00-05:00,41.540000915527344,42.70500183105469,40.9900016784668,42.06999969482422,99700,0.0,0.0
2026-02-20 00:00:00-05:00,41.90999984741211,42.625,41.029998779296875,42.22999954223633,102700,0.0,0.0
2026-02-23 00:00:00-05:00,41.790000915527344,43.29999923706055,41.7400016784668,43.220001220703125,132400,0.0,0.0
2026-02-24 00:00:00-05:00,42.5099983215332,45.7400016784668,42.279998779296875,45.279998779296875,259500,0.0,0.0
2026-02-25 00:00:00-05:00,47.130001068115234,48.11000061035156,46.79999923706055,47.380001068115234,118200,0.0,0.0
2026-02-26 00:00:00-05:00,47.70000076293945,48.400001525878906,45.869998931884766,48.310001373291016,190400,0.0,0.0
2026-02-27 00:00:00-05:00,47.349998474121094,49.45500183105469,47.02299880981445,48.630001068115234,102300,0.0,0.0
2026-03-02 00:00:00-05:00,47.81999969482422,50.63999938964844,47.81999969482422,50.470001220703125,166900,0.0,0.0
2026-03-03 00:00:00-05:00,46.65999984741211,48.459999084472656,43.58000183105469,47.54999923706055,210800,0.0,0.0
2026-03-04 00:00:00-05:00,47.91999816894531,49.77000045776367,47.4900016784668,49.349998474121094,131000,0.0,0.0
2026-03-05 00:00:00-05:00,49.689998626708984,51.02000045776367,47.189998626708984,48.0,223000,0.0,0.0
2026-03-06 00:00:00-05:00,46.38999938964844,49.13999938964844,46.099998474121094,46.81999969482422,129900,0.0,0.0
2026-03-09 00:00:00-04:00,46.209999084472656,48.279998779296875,45.209999084472656,47.77000045776367,145600,0.0,0.0
2026-03-10 00:00:00-04:00,48.63999938964844,50.744998931884766,48.279998779296875,50.2599983215332,172000,0.0,0.0
2026-03-11 00:00:00-04:00,49.9900016784668,51.70000076293945,48.584999084472656,49.61000061035156,209500,0.0,0.0
2026-03-12 00:00:00-04:00,43.17499923706055,44.900001525878906,40.314998626708984,40.560001373291016,376800,0.0,0.0
2026-03-13 00:00:00-04:00,38.59000015258789,39.0099983215332,33.66999816894531,34.869998931884766,550400,0.0,0.0
2026-03-16 00:00:00-04:00,31.239999771118164,32.4900016784668,27.610000610351562,29.440000534057617,1168200,0.0,0.0
2026-03-17 00:00:00-04:00,29.84000015258789,30.399999618530273,27.823999404907227,28.1200008392334,581100,0.0,0.0
2026-03-18 00:00:00-04:00,28.1200008392334,28.225000381469727,26.229999542236328,26.270000457763672,435200,0.0,0.0
2026-03-19 00:00:00-04:00,25.09000015258789,25.850000381469727,23.81999969482422,25.290000915527344,592700,0.0,0.0
2026-03-20 00:00:00-04:00,25.020000457763672,25.020000457763672,23.010000228881836,23.290000915527344,865600,0.0,0.0
2026-03-23 00:00:00-04:00,24.170000076293945,25.219999313354492,23.225000381469727,24.68000030517578,388100,0.0,0.0
2026-03-24 00:00:00-04:00,23.889999389648438,24.079999923706055,22.7450008392334,23.25,246800,0.0,0.0
2026-03-25 00:00:00-04:00,24.479999542236328,25.239999771118164,24.174999237060547,24.700000762939453,231900,0.0,0.0
2026-03-26 00:00:00-04:00,23.469999313354492,23.950000762939453,21.65999984741211,21.979999542236328,329100,0.0,0.0
2026-03-27 00:00:00-04:00,22.290000915527344,23.969999313354492,22.290000915527344,23.149999618530273,388900,0.0,0.0
2026-03-30 00:00:00-04:00,24.3700008392334,25.364999771118164,23.65999984741211,24.059999465942383,423300,0.0,0.0
2026-03-31 00:00:00-04:00,24.610000610351562,26.5,24.610000610351562,26.040000915527344,379500,0.0,0.0
2026-04-01 00:00:00-04:00,27.809999465942383,28.389999389648438,27.229999542236328,27.65999984741211,386300,0.0,0.0
2026-04-02 00:00:00-04:00,26.010000228881836,28.329999923706055,25.760000228881836,27.229999542236328,188900,0.0,0.0
2026-04-06 00:00:00-04:00,27.329999923706055,27.575000762939453,26.225000381469727,26.889999389648438,113000,0.0,0.0
2026-04-07 00:00:00-04:00,27.0,27.40999984741211,26.049999237060547,27.209999084472656,208600,0.0,0.0
2026-04-08 00:00:00-04:00,30.149999618530273,30.950000762939453,29.700000762939453,30.950000762939453,274400,0.0,0.0
2026-04-09 00:00:00-04:00,30.649999618530273,31.940000534057617,30.649999618530273,31.1200008392334,168500,0.0,0.0
2026-04-10 00:00:00-04:00,31.8799991607666,33.099998474121094,31.709999084472656,31.889999389648438,216900,0.0,0.0
2026-04-13 00:00:00-04:00,31.131000518798828,33.970001220703125,31.0,33.40999984741211,303800,0.0,0.0
2026-04-14 00:00:00-04:00,34.33000183105469,34.5,33.2599983215332,33.54999923706055,163800,0.0,0.0
2026-04-15 00:00:00-04:00,33.5099983215332,34.40800094604492,33.2400016784668,33.720001220703125,125600,0.0,0.0
2026-04-16 00:00:00-04:00,34.31999969482422,34.84000015258789,33.400001525878906,33.40999984741211,108400,0.0,0.0
2026-04-17 00:00:00-04:00,34.0,34.439998626708984,32.5,32.880001068115234,198800,0.0,0.0
2026-04-20 00:00:00-04:00,31.860000610351562,32.060001373291016,30.80500030517578,31.40999984741211,203700,0.0,0.0
2026-04-21 00:00:00-04:00,30.940000534057617,32.220001220703125,29.56999969482422,29.700000762939453,210500,0.0,0.0
2026-04-22 00:00:00-04:00,30.510000228881836,32.040000915527344,30.510000228881836,31.639999389648438,111600,0.0,0.0
2026-04-23 00:00:00-04:00,31.170000076293945,31.649999618530273,28.889999389648438,29.71500015258789,162800,0.0,0.0
2026-04-24 00:00:00-04:00,30.350000381469727,30.3799991607666,29.399999618530273,29.43000030517578,88900,0.0,0.0
2026-04-27 00:00:00-04:00,30.18000030517578,32.685001373291016,30.18000030517578,32.650001525878906,259700,0.0,0.0
2026-04-28 00:00:00-04:00,31.389999389648438,32.279998779296875,30.0,30.719999313354492,258600,0.0,0.0
2026-04-29 00:00:00-04:00,30.280000686645508,30.57900047302246,28.709999084472656,29.049999237060547,146000,0.0,0.0
2026-04-30 00:00:00-04:00,30.899999618530273,33.974998474121094,30.860000610351562,33.47999954223633,508900,0.0,0.0
2026-05-01 00:00:00-04:00,32.72999954223633,33.529998779296875,32.2400016784668,33.459999084472656,224300,0.0,0.0
2026-05-04 00:00:00-04:00,33.529998779296875,34.810001373291016,32.95000076293945,33.4900016784668,240700,0.0,0.0
2026-05-05 00:00:00-04:00,34.0,34.4900016784668,33.310001373291016,33.81999969482422,152400,0.0,0.0
2026-05-06 00:00:00-04:00,35.99800109863281,38.13999938964844,35.400001525878906,37.75,399600,0.0,0.0
2026-05-07 00:00:00-04:00,38.13999938964844,41.689998626708984,37.02000045776367,40.66999816894531,788900,0.0,0.0
2026-05-08 00:00:00-04:00,41.426998138427734,42.90999984741211,40.54999923706055,41.209999084472656,460700,0.0,0.0
2026-05-11 00:00:00-04:00,41.529998779296875,43.06999969482422,41.150001525878906,41.290000915527344,390200,0.0,0.0
2026-05-12 00:00:00-04:00,40.5,40.970001220703125,38.61000061035156,40.47999954223633,379000,0.0,0.0
2026-05-13 00:00:00-04:00,40.91999816894531,41.875,40.029998779296875,41.529998779296875,286100,0.0,0.0
2026-05-14 00:00:00-04:00,41.59000015258789,41.9900016784668,38.79999923706055,39.185001373291016,344800,0.0,0.0
2026-05-15 00:00:00-04:00,36.77000045776367,37.0,35.61000061035156,36.189998626708984,292200,0.0,0.0
2026-05-18 00:00:00-04:00,37.150001525878906,37.29499816894531,34.27000045776367,35.599998474121094,251100,0.0,0.0
2026-05-19 00:00:00-04:00,34.67499923706055,34.9900016784668,33.119998931884766,34.16999816894531,186600,0.0,0.0
2026-05-20 00:00:00-04:00,34.290000915527344,34.939998626708984,33.099998474121094,34.70000076293945,191900,0.0,0.0
2026-05-21 00:00:00-04:00,34.939998626708984,36.9900016784668,34.75,36.150001525878906,201200,0.0,0.0
2026-05-22 00:00:00-04:00,36.939998626708984,38.470001220703125,36.65999984741211,37.619998931884766,259800,0.0,0.0
2026-05-26 00:00:00-04:00,38.290000915527344,39.5,38.0099983215332,38.95000076293945,205700,0.0,0.0
2026-05-27 00:00:00-04:00,39.22999954223633,39.720001220703125,37.54100036621094,39.459999084472656,184300,0.0,0.0
2026-05-28 00:00:00-04:00,38.61000061035156,40.08000183105469,38.099998474121094,39.529998779296875,179300,0.0,0.0
2026-05-29 00:00:00-04:00,39.93000030517578,41.3650016784668,39.176998138427734,41.36000061035156,208900,0.0,0.0
2026-06-01 00:00:00-04:00,41.27000045776367,45.459999084472656,40.16999816894531,44.56999969482422,267600,0.0,0.0
2026-06-02 00:00:00-04:00,43.9900016784668,44.689998626708984,43.150001525878906,44.0,181700,0.0,0.0
2026-06-03 00:00:00-04:00,43.2599983215332,43.2599983215332,39.65999984741211,39.880001068115234,245300,0.0,0.0
2026-06-04 00:00:00-04:00,39.029998779296875,40.540000915527344,38.5099983215332,40.290000915527344,139400,0.0,0.0
2026-06-05 00:00:00-04:00,38.380001068115234,39.540000915527344,34.849998474121094,35.220001220703125,306100,0.0,0.0
2026-06-08 00:00:00-04:00,36.36000061035156,36.95000076293945,35.33000183105469,36.31999969482422,198800,0.0,0.0
2026-06-09 00:00:00-04:00,37.119998931884766,37.935001373291016,34.15399932861328,36.040000915527344,220500,0.0,0.0
2026-06-10 00:00:00-04:00,34.849998474121094,36.36000061035156,34.16999816894531,34.189998626708984,229700,0.0,0.0
2026-06-11 00:00:00-04:00,35.02000045776367,37.2400016784668,34.584999084472656,36.84000015258789,187800,0.0,0.0
2026-06-12 00:00:00-04:00,37.130001068115234,37.7400016784668,35.650001525878906,36.04999923706055,159000,0.0,0.0
2026-06-15 00:00:00-04:00,38.25,38.54499816894531,34.54999923706055,34.779998779296875,475900,0.0,0.0
2026-06-16 00:00:00-04:00,32.54999923706055,33.61000061035156,31.290000915527344,31.799999237060547,513200,0.0,0.0
2026-06-17 00:00:00-04:00,31.729999542236328,33.09299850463867,31.309999465942383,31.3799991607666,292300,0.0,0.0
2026-06-18 00:00:00-04:00,32.0,32.255001068115234,29.520000457763672,31.030000686645508,1108400,0.0,0.0
2026-06-22 00:00:00-04:00,30.770000457763672,31.149999618530273,30.010000228881836,30.3799991607666,239700,0.0,0.0
2026-06-23 00:00:00-04:00,28.81999969482422,30.190000534057617,28.489999771118164,28.809999465942383,173000,0.0,0.0
2026-06-24 00:00:00-04:00,27.6200008392334,28.489999771118164,27.065000534057617,27.700000762939453,297000,0.0,0.0
2026-06-25 00:00:00-04:00,26.479999542236328,27.670000076293945,25.770000457763672,26.34000015258789,379700,0.0,0.0
2026-06-26 00:00:00-04:00,25.389999389648438,26.809999465942383,25.299999237060547,26.5,460300,0.0,0.0
2026-06-29 00:00:00-04:00,26.700000762939453,27.059999465942383,25.5,26.940000534057617,181700,0.0,0.0
2026-06-30 00:00:00-04:00,27.6200008392334,30.559999465942383,27.299999237060547,29.729999542236328,530200,0.0,0.0
2026-07-01 00:00:00-04:00,29.719999313354492,30.55500030517578,28.829999923706055,28.93000030517578,197900,0.0,0.0
2026-07-02 00:00:00-04:00,29.1299991607666,30.59000015258789,28.209999084472656,28.780000686645508,175700,0.0,0.0
2026-07-06 00:00:00-04:00,29.059999465942383,29.600000381469727,28.190000534057617,28.360000610351562,188700,0.0,0.0
2026-07-07 00:00:00-04:00,28.0,28.0,25.81999969482422,25.850000381469727,285500,0.0,0.0
2026-07-08 00:00:00-04:00,24.200000762939453,25.34000015258789,23.059999465942383,23.860000610351562,811500,0.0,0.0
2026-07-09 00:00:00-04:00,24.0,24.389999389648438,23.579999923706055,23.75,324300,0.0,0.0
2026-07-10 00:00:00-04:00,24.0,25.184999465942383,23.8700008392334,25.030000686645508,375700,0.0,0.0
2026-07-13 00:00:00-04:00,25.559999465942383,25.68000030517578,24.59000015258789,24.670000076293945,415000,0.0,0.0
2026-07-14 00:00:00-04:00,25.760000228881836,26.700000762939453,25.190000534057617,25.489999771118164,402600,0.0,0.0
2026-07-15 00:00:00-04:00,25.510000228881836,25.6200008392334,24.15999984741211,24.670000076293945,349300,0.0,0.0
2026-07-16 00:00:00-04:00,24.25,24.299999237060547,23.139999389648438,23.260000228881836,270700,0.0,0.0
2026-07-17 00:00:00-04:00,22.725000381469727,23.350000381469727,22.100000381469727,22.940000534057617,204300,0.0,0.0
2026-07-20 00:00:00-04:00,23.149999618530273,23.190000534057617,22.260000228881836,22.5,280000,0.0,0.0
2026-07-21 00:00:00-04:00,23.0,24.559999465942383,23.0,23.950000762939453,292600,0.0,0.0
2026-07-22 00:00:00-04:00,24.139999389648438,24.768999099731445,23.709999084472656,23.799999237060547,258400,0.0,0.0
2026-07-23 00:00:00-04:00,23.040000915527344,23.239999771118164,21.709999084472656,21.940000534057617,412300,0.0,0.0
2026-07-24 00:00:00-04:00,21.65999984741211,21.860000610351562,21.0,21.559999465942383,316300,0.0,0.0
2026-07-27 00:00:00-04:00,22.299999237060547,23.399999618530273,22.239999771118164,22.950000762939453,245000,0.0,0.0
2026-07-28 00:00:00-04:00,22.8700008392334,22.8700008392334,21.690000534057617,22.190000534057617,166500,0.0,0.0
2026-07-29 00:00:00-04:00,21.549999237060547,21.875,20.09000015258789,20.25,480000,0.0,0.0
2026-07-30 00:00:00-04:00,20.290000915527344,21.6299991607666,20.100000381469727,21.540000915527344,268800,0.0,0.0
2026-07-31 00:00:00-04:00,22.0,22.079999923706055,20.507999420166016,20.75,139000,0.0,0.0
2026-08-03 00:00:00-04:00,20.6200008392334,21.770000457763672,20.6200008392334,21.56999969482422,161500,0.0,0.0
2026-08-04 00:00:00-04:00,22.290000915527344,24.101999282836914,22.290000915527344,23.649999618530273,331400,0.0,0.0
2026-08-05 00:00:00-04:00,24.15999984741211,24.59000015258789,23.549999237060547,23.770000457763672,325400,0.0,0.0
2026-08-06 00:00:00-04:00,23.600000381469727,24.200000762939453,23.165000915527344,23.8700008392334,224000,0.0,0.0
2026-08-07 00:00:00-04:00,24.799999237060547,25.350000381469727,24.15999984741211,25.09000015258789,182000,0.0,0.0
2026-08-10 00:00:00-04:00,25.440000534057617,26.6299991607666,25.1299991607666,25.65999984741211,309500,0.0,0.0
2026-08-11 00:00:00-04:00,26.239999771118164,26.290000915527344,25.19499969482422,25.25,234900,0.0,0.0
2026-08-12 00:00:00-04:00,25.709999084472656,25.709999084472656,24.655000686645508,24.700000762939453,136500,0.0,0.0
2026-08-13 00:00:00-04:00,24.4950008392334,24.8700008392334,23.98200035095215,24.020000457763672,114600,0.0,0.0
2026-08-14 00:00:00-04:00,23.84000015258789,24.540000915527344,23.40999984741211,23.56999969482422,206000,0.0,0.0
2026-08-17 00:00:00-04:00,24.309999465942383,24.8700008392334,23.950000762939453,24.549999237060547,162100,0.0,0.0
2026-08-18 00:00:00-04:00,23.299999237060547,23.93000030517578,22.239999771118164,22.25,203500,0.0,0.0
2026-08-19 00:00:00-04:00,22.09000015258789,22.09000015258789,20.889999389648438,21.579999923706055,297900,0.0,0.0
2026-08-20 00:00:00-04:00,20.8799991607666,20.8799991607666,20.049999237060547,20.635000228881836,366000,0.0,0.0
2026-08-21 00:00:00-04:00,21.059999465942383,22.614999771118164,21.059999465942383,22.5,278000,0.0,0.0
2026-08-24 00:00:00-04:00,22.559999465942383,22.979999542236328,21.219999313354492,21.709999084472656,248200,0.0,0.0
2026-08-25 00:00:00-04:00,21.709999084472656,22.6299991607666,21.709999084472656,22.5,174100,0.0,0.0
2026-08-26 00:00:00-04:00,22.059999465942383,22.479999542236328,20.969999313354492,21.030000686645508,234400,0.0,0.0
2026-08-27 00:00:00-04:00,21.219999313354492,22.940000534057617,21.1299991607666,22.440000534057617,516100,0.0,0.0
2026-08-28 00:00:00-04:00,22.56999969482422,22.80500030517578,20.850000381469727,21.010000228881836,460500,0.0,0.0
2026-08-31 00:00:00-04:00,21.200000762939453,22.084999084472656,21.149999618530273,21.8700008392334,212800,0.0,0.0
2026-09-01 00:00:00-04:00,20.989999771118164,21.690000534057617,20.670000076293945,20.729999542236328,289900,0.0,0.0
2026-09-02 00:00:00-04:00,20.8799991607666,21.440000534057617,20.610000610351562,21.329999923706055,257800,0.0,0.0
2026-09-03 00:00:00-04:00,21.65999984741211,22.479999542236328,21.5,21.719999313354492,143300,0.0,0.0
2026-09-04 00:00:00-04:00,21.5,22.030000686645508,21.270999908447266,21.75,130200,0.0,0.0
2026-09-08 00:00:00-04:00,21.899999618530273,23.06999969482422,21.899999618530273,22.3700008392334,176753,0.0,0.0
