Date,Open,High,Low,Close,Volume,Dividends,Stock Splits
2022-01-03 00:00:00-05:00,159.6775255364329,160.56854798790283,155.1482027148984,155.21316528320312,2395900,0.0,0.0
2022-01-04 00:00:00-05:00,155.71438895087454,156.1970125991018,152.73504686796988,155.13893127441406,2940200,0.0,0.0
2022-01-05 00:00:00-05:00,155.53800085132556,155.99279542096485,152.98561096191406,152.98561096191406,1749500,0.0,0.0
2022-01-06 00:00:00-05:00,153.4125376830244,155.15744863737035,152.39159029496642,154.71194458007812,1580400,0.0,0.0
2022-01-07 00:00:00-05:00,154.82333538390134,155.11105708334858,151.40778026975028,152.03890991210938,2798900,0.0,0.0
2022-01-10 00:00:00-05:00,151.37996297948555,153.41258202439062,148.5862465488497,153.31048583984375,2403900,0.0,0.0
2022-01-11 00:00:00-05:00,153.67247667232482,154.00659419417792,151.28714495095008,153.8209686279297,2304900,0.0,0.0
2022-01-12 00:00:00-05:00,154.43352957193227,155.48233444678286,153.8487956452709,154.4149627685547,2555800,0.0,0.0
2022-01-13 00:00:00-05:00,154.37783589884157,155.1481953352615,151.76046907903017,152.16885375976562,1453100,0.0,0.0
2022-01-14 00:00:00-05:00,151.16643476519585,151.37991755393804,147.31465235937281,149.61643981933594,2311300,0.0,0.0
2022-01-18 00:00:00-05:00,148.0478803616431,148.6326141760116,145.8389127028531,147.33322143554688,2847600,0.0,0.0
2022-01-19 00:00:00-05:00,148.2057031069354,149.70930273008688,146.75780389838567,146.89703369140625,2107600,0.0,0.0
2022-01-20 00:00:00-05:00,147.1383645946882,149.6814790231813,146.69286035633357,146.8227996826172,1906300,0.0,0.0
2022-01-21 00:00:00-05:00,147.36106862861098,148.54908892768972,145.46765154035984,145.76466369628906,3901300,0.0,0.0
2022-01-24 00:00:00-05:00,144.61378515155593,146.78563376823976,142.200624742681,146.6092987060547,3755300,0.0,0.0
2022-01-25 00:00:00-05:00,145.28202961953917,146.56286978962416,142.93383208259638,145.39340209960938,2905000,0.0,0.0
2022-01-26 00:00:00-05:00,146.04999646306788,147.42834973865183,142.64135281467966,143.4236602783203,3101600,0.535,0.0
2022-01-27 00:00:00-05:00,138.7670834011801,140.73217488220826,136.8671913308805,137.19314575195312,5038100,0.0,0.0
2022-01-28 00:00:00-05:00,136.7833540594445,140.14542941899313,132.9928782358387,139.94985961914062,4058900,0.0,0.0
2022-01-31 00:00:00-05:00,139.9126107402093,143.42370143622708,138.92541091315164,143.0884246826172,3020200,0.0,0.0
2022-02-01 00:00:00-05:00,143.1349771944388,144.05697750265017,140.6669636998738,142.97665405273438,2117400,0.0,0.0
2022-02-02 00:00:00-05:00,142.6786247482466,144.3922549849413,142.65999431651898,144.14080810546875,1845500,0.0,0.0
2022-02-03 00:00:00-05:00,143.36778812837832,144.14078750978413,141.1884968858725,141.58895874023438,1914700,0.0,0.0
2022-02-04 00:00:00-05:00,140.62972838260222,144.13149663569104,140.0802513975407,142.72520446777344,1881000,0.0,0.0
2022-02-07 00:00:00-05:00,142.5761603456924,143.7496358090034,141.93354553689898,142.79037475585938,1904400,0.0,0.0
2022-02-08 00:00:00-05:00,142.3806127650872,143.85210427274356,140.51796744565215,143.3119354248047,2058100,0.0,0.0
2022-02-09 00:00:00-05:00,144.56919938811617,146.41322831906814,144.34569106498603,145.69610595703125,1698100,0.0,0.0
2022-02-10 00:00:00-05:00,143.3212380773057,145.56572901235208,142.21296188071204,142.9673309326172,1818300,0.0,0.0
2022-02-11 00:00:00-05:00,142.9021451585912,144.2991290892956,141.10468511144006,141.75662231445312,2862900,0.0,0.0
2022-02-14 00:00:00-05:00,141.59829382707264,143.20016997142167,140.09886374582229,141.2909698486328,2527100,0.0,0.0
2022-02-15 00:00:00-05:00,142.8835156077193,143.70308406625716,142.1384546645808,142.99526977539062,1779900,0.0,0.0
2022-02-16 00:00:00-05:00,142.55756694048205,143.9917975896697,141.83112218887615,143.36781311035156,1734900,0.0,0.0
2022-02-17 00:00:00-05:00,142.38059212040807,142.4830381665569,140.51794707104995,140.76939392089844,1556800,0.0,0.0
2022-02-18 00:00:00-05:00,140.85322252562497,142.25951440977494,140.536562069734,141.73797607421875,1523600,0.0,0.0
2022-02-22 00:00:00-05:00,141.7007166952461,142.22226924710262,139.72631748692095,140.7600860595703,1816900,0.0,0.0
2022-02-23 00:00:00-05:00,141.29096220448872,142.01739271775762,138.42248680377196,138.52493286132812,2005900,0.0,0.0
2022-02-24 00:00:00-05:00,136.09415855025617,142.0732471665706,135.54466748680613,141.3561248779297,2725600,0.0,0.0
2022-02-25 00:00:00-05:00,141.78455690983114,145.16524826465744,141.6541723150287,144.82066345214844,1829300,0.0,0.0
2022-02-28 00:00:00-05:00,142.79043128475922,145.4540010884974,142.38995505530457,144.7368927001953,2822900,0.0,0.0
2022-03-01 00:00:00-05:00,144.4667800593518,145.64956392783662,142.67864208927367,143.1815643310547,2486300,0.0,0.0
2022-03-02 00:00:00-05:00,144.33634136914466,145.80783246436903,143.39571086237967,144.85787963867188,1907600,0.0,0.0
2022-03-03 00:00:00-05:00,145.68680609510326,146.72057488150793,144.56922167460394,145.1373291015625,1595900,0.0,0.0
2022-03-04 00:00:00-05:00,143.82416944358621,145.98484510462396,142.49238469542243,145.74270629882812,1593700,0.0,0.0
2022-03-07 00:00:00-05:00,144.53195385590266,145.52846162956067,141.25369438637279,141.3840789794922,2347200,0.0,0.0
2022-03-08 00:00:00-05:00,141.31887353940263,142.33401159829586,137.38869166741412,137.77052307128906,2519900,0.0,0.0
2022-03-09 00:00:00-05:00,140.48070209998906,143.98248428377138,140.2013024688152,141.85906982421875,2125400,0.0,0.0
2022-03-10 00:00:00-05:00,139.70769195126036,141.35613685963025,139.70769195126036,141.0860595703125,1704300,0.0,0.0
2022-03-11 00:00:00-05:00,141.68212644642276,142.29678862621057,139.16754379576048,139.31655883789062,1775200,0.0,0.0
2022-03-14 00:00:00-04:00,140.49007077217416,142.01743982086964,138.795056205122,139.73568725585938,1974200,0.0,0.0
2022-03-15 00:00:00-04:00,141.46786426833347,145.2583531876818,140.9835868610724,144.63436889648438,2105200,0.0,0.0
2022-03-16 00:00:00-04:00,145.44464948553963,147.6146328600147,144.3736341743674,147.1489715576172,2196800,0.0,0.0
2022-03-17 00:00:00-04:00,146.91613070155984,149.75666729105086,145.48190024257403,149.74734497070312,2488300,0.0,0.0
2022-03-18 00:00:00-04:00,147.40973558909917,151.96390239866588,146.44116636679937,151.1815948486328,3665700,0.0,0.0
2022-03-21 00:00:00-04:00,151.20954278969523,152.1781120722114,149.980190096767,150.7345733642578,1487200,0.0,0.0
2022-03-22 00:00:00-04:00,150.90220134182246,152.0011694111244,149.9243097592785,151.61932373046875,1935900,0.0,0.0
2022-03-23 00:00:00-04:00,151.29335192480886,152.90453602669822,150.36202933467663,151.38648986816406,2285100,0.0,0.0
2022-03-24 00:00:00-04:00,151.88940301719566,153.1373719201182,151.675202793167,152.89523315429688,1298900,0.0,0.0
2022-03-25 00:00:00-04:00,153.2025659126682,154.8044419028484,152.6903356464731,154.70199584960938,1448400,0.0,0.0
2022-03-28 00:00:00-04:00,155.35392820346226,157.73811190191904,154.59955913443477,157.59841918945312,2161700,0.0,0.0
2022-03-29 00:00:00-04:00,159.45172363952713,160.06638565906317,158.47383222042714,159.67523193359375,2164000,0.0,0.0
2022-03-30 00:00:00-04:00,159.8428823849872,160.22471380296034,157.99885363590732,160.0384521484375,2259400,0.0,0.0
2022-03-31 00:00:00-04:00,161.03497095590677,161.43543279495108,158.71597290039062,158.71597290039062,2704700,0.0,0.0
2022-04-01 00:00:00-04:00,159.7311421872288,160.53208023266552,158.7998195395515,159.88946533203125,1492300,0.0,0.0
2022-04-04 00:00:00-04:00,159.48899690632746,160.0757346978945,158.2596442403499,159.34930419921875,1477000,0.0,0.0
2022-04-05 00:00:00-04:00,159.1858029836063,161.25048808605533,158.5598613385382,158.76539611816406,1826000,0.535,0.0
2022-04-06 00:00:00-04:00,158.34500897687155,160.71798228891805,157.27997146588515,160.3909912109375,2639400,0.0,0.0
2022-04-07 00:00:00-04:00,160.1574236936989,162.6144896934025,159.28858371603624,161.8390655517578,2545800,0.0,0.0
2022-04-08 00:00:00-04:00,161.95116690242466,162.86672182625645,160.68059477620898,161.2224578857422,2869400,0.0,0.0
2022-04-11 00:00:00-04:00,161.2504808524827,161.50271640717534,158.92420872676084,159.51278686523438,2193000,0.0,0.0
2022-04-12 00:00:00-04:00,160.2414839710094,160.72728043278562,156.9716310096742,157.5508575439453,1517800,0.0,0.0
2022-04-13 00:00:00-04:00,157.2799445709122,158.9522346488357,157.1397994519864,158.7186737060547,1442500,0.0,0.0
2022-04-14 00:00:00-04:00,159.08307040284868,159.9519247532778,158.27028266811857,158.59725952148438,1971100,0.0,0.0
2022-04-18 00:00:00-04:00,158.27956667285073,159.65290605861458,158.17679929515998,159.24183654785156,1743000,0.0,0.0
2022-04-19 00:00:00-04:00,159.2231800875832,161.04496708609454,159.06436033617928,160.74600219726562,1994700,0.0,0.0
2022-04-20 00:00:00-04:00,161.65222139606425,163.52070920206899,161.65222139606425,162.9414825439453,2435900,0.0,0.0
2022-04-21 00:00:00-04:00,165.09023521997747,171.09741626788673,164.35217460342096,166.94937133789062,4878200,0.0,0.0
2022-04-22 00:00:00-04:00,165.68816776528433,165.6975050726899,159.27925379358445,159.59689331054688,2648800,0.0,0.0
2022-04-25 00:00:00-04:00,159.00828705275902,160.59649861316882,156.9996686462744,160.40965270996094,2921400,0.0,0.0
2022-04-26 00:00:00-04:00,160.1107149372788,160.29756085544892,157.25193104852943,157.3079833984375,2368700,0.0,0.0
2022-04-27 00:00:00-04:00,157.67231265122234,159.52211117878903,156.8688625020081,157.34532165527344,1677300,0.0,0.0
2022-04-28 00:00:00-04:00,158.74668689231956,161.1477000302969,156.5979235434302,160.4189910888672,2139600,0.0,0.0
2022-04-29 00:00:00-04:00,159.1764904691562,159.2325428258881,150.57209732502483,151.06724548339844,2704900,0.0,0.0
2022-05-02 00:00:00-04:00,152.19766474534825,152.6928128314914,144.76107763605916,147.5451202392578,2522500,0.0,0.0
2022-05-03 00:00:00-04:00,149.1427243786775,151.6091281799528,148.5448087376239,148.8998260498047,1739300,0.0,0.0
2022-05-04 00:00:00-04:00,148.53542796957387,153.06650187912823,147.46103903853626,152.69281005859375,1725700,0.0,0.0
2022-05-05 00:00:00-04:00,151.7958978194964,152.41250202363514,148.24576924904963,150.60006713867188,1979200,0.0,0.0
2022-05-06 00:00:00-04:00,149.9274468626257,151.7585710542204,148.4139764095095,151.13262939453125,1820400,0.0,0.0
2022-05-09 00:00:00-04:00,149.6004645639389,150.60009801917522,146.2932335220852,146.72299194335938,2338700,0.0,0.0
2022-05-10 00:00:00-04:00,148.51674705697454,149.60047335217334,145.58322191681913,147.5731658935547,1633600,0.0,0.0
2022-05-11 00:00:00-04:00,146.8257750058863,149.38559417295383,145.685996305429,146.0316619873047,1407500,0.0,0.0
2022-05-12 00:00:00-04:00,145.74204595148532,147.3302577037167,143.47184015523223,145.71401977539062,1493700,0.0,0.0
2022-05-13 00:00:00-04:00,146.96587862158563,149.4696592263132,146.5081083181814,149.43228149414062,1493600,0.0,0.0
2022-05-16 00:00:00-04:00,149.0305996110595,150.19840455416647,148.04964060776337,148.57281494140625,1291600,0.0,0.0
2022-05-17 00:00:00-04:00,150.11426297794708,151.0298320196994,147.59180797170427,148.85304260253906,1474500,0.0,0.0
2022-05-18 00:00:00-04:00,147.89079260778888,147.92815608644426,142.02374283431226,142.4254608154297,1530100,0.0,0.0
2022-05-19 00:00:00-04:00,141.10816669177348,142.4254537722358,139.5479813734911,141.8835906982422,1899700,0.0,0.0
2022-05-20 00:00:00-04:00,142.56564633199397,143.51856498972342,137.21241771415794,139.99647521972656,2307600,0.0,0.0
2022-05-23 00:00:00-04:00,140.8559505402814,142.87390644055353,139.03417786725728,142.3040313720703,1527700,0.0,0.0
2022-05-24 00:00:00-04:00,141.94901444120927,144.06975199600447,141.3137212032637,143.49986267089844,1203400,0.0,0.0
2022-05-25 00:00:00-04:00,143.05140875990844,143.66801310070133,141.39780746700387,142.4628448486328,1477200,0.0,0.0
2022-05-26 00:00:00-04:00,144.17253054671716,147.39566926366606,142.94865902023446,146.7603759765625,2156000,0.0,0.0
2022-05-27 00:00:00-04:00,147.21816844844224,150.61881597395765,147.21816844844224,150.59078979492188,1605300,0.0,0.0
2022-05-31 00:00:00-04:00,149.80598753872653,150.69351622954755,147.67591297858485,149.43228149414062,2862100,0.0,0.0
2022-06-01 00:00:00-04:00,149.49771259577602,150.02088689794914,146.05968763724746,146.12509155273438,1591800,0.0,0.0
2022-06-02 00:00:00-04:00,145.9288721846808,149.6565099119789,144.83580869820133,149.56307983398438,1509900,0.0,0.0
2022-06-03 00:00:00-04:00,144.69571370976394,147.8628002651394,143.76146971991355,146.91920471191406,1907100,0.0,0.0
2022-06-06 00:00:00-04:00,148.20841638204882,148.75961673029897,147.25548383977713,147.59181213378906,1015900,0.0,0.0
2022-06-07 00:00:00-04:00,146.95655285846274,148.35791856101244,146.20915496601708,148.2177734375,1080400,0.0,0.0
2022-06-08 00:00:00-04:00,146.9658947805699,148.2084407865092,145.62058138299867,146.05967712402344,944200,0.0,0.0
2022-06-09 00:00:00-04:00,146.4147042223508,146.517471620918,142.88326344312185,142.93931579589844,1187600,0.0,0.0
2022-06-10 00:00:00-04:00,139.86566224932685,141.90230713359017,138.97811912914435,140.1739501953125,1726700,0.0,0.0
2022-06-13 00:00:00-04:00,136.97882832681105,140.061835873929,136.44631674668358,137.6234588623047,1585300,0.0,0.0
2022-06-14 00:00:00-04:00,137.59542531766033,139.02481718700932,136.79197508181335,137.5767364501953,1435400,0.0,0.0
2022-06-15 00:00:00-04:00,139.4171770225118,140.51024039117718,136.53036754202938,138.63241577148438,1414700,0.0,0.0
2022-06-16 00:00:00-04:00,136.3715769312877,136.60513789551126,134.1947870340725,134.8487548828125,1571200,0.0,0.0
2022-06-17 00:00:00-04:00,135.12904564772862,136.78266144653486,133.90518834241465,134.94219970703125,3098000,0.0,0.0
2022-06-21 00:00:00-04:00,136.866692439572,139.7254756799672,136.53970146536145,139.10887145996094,2131000,0.0,0.0
2022-06-22 00:00:00-04:00,137.8289923179266,142.01440072180694,137.57674249007636,140.5943603515625,1796900,0.0,0.0
2022-06-23 00:00:00-04:00,141.63134783495633,144.6956659702183,141.14553712899706,144.41539001464844,1804900,0.0,0.0
2022-06-24 00:00:00-04:00,145.04133121044381,149.26411663237377,145.04133121044381,148.38592529296875,6889800,0.0,0.0
2022-06-27 00:00:00-04:00,148.46071076073054,149.12401598775116,147.66659769439892,148.47938537597656,1585500,0.0,0.0
2022-06-28 00:00:00-04:00,148.778325833471,150.27312162250956,144.49015019307458,144.536865234375,1924700,0.0,0.0
2022-06-29 00:00:00-04:00,145.01330875538005,145.9288635930231,143.77076291943638,144.83580017089844,1333600,0.0,0.0
2022-06-30 00:00:00-04:00,143.81750933971742,145.71402333069432,143.07011136295193,145.04136657714844,2045800,0.0,0.0
2022-07-01 00:00:00-04:00,145.32161614840126,146.31191222880022,144.07907026748032,146.1624298095703,1261300,0.0,0.0
2022-07-05 00:00:00-04:00,144.87319298332696,145.9288787841797,142.75245556471302,145.9288787841797,1667800,0.0,0.0
2022-07-06 00:00:00-04:00,146.88180137168786,148.451324006175,145.76071173913587,147.2554931640625,1621400,0.0,0.0
2022-07-07 00:00:00-04:00,147.47975404069217,148.4326868839797,145.72337081099195,146.19984436035156,1687800,0.0,0.0
2022-07-08 00:00:00-04:00,145.95692433051462,146.4240462927563,144.6489885384103,145.3590087890625,1145000,0.0,0.0
2022-07-11 00:00:00-04:00,144.94794017007877,145.9288991485634,144.54622212241776,145.16282653808594,1183100,0.0,0.0
2022-07-12 00:00:00-04:00,145.1721629674544,146.61089233988113,142.3974573691598,143.0701141357422,1703400,0.0,0.0
2022-07-13 00:00:00-04:00,141.3698041872819,143.70541410904826,140.13659530598204,141.62203979492188,2124700,0.0,0.0
2022-07-14 00:00:00-04:00,139.6507841311351,140.08054262814653,137.165706014191,139.23037719726562,2421000,0.0,0.0
2022-07-15 00:00:00-04:00,141.192253871842,141.74345422935875,140.11786507173437,141.05210876464844,4594200,0.0,0.0
2022-07-18 00:00:00-04:00,141.55664432207737,141.90231001457852,137.90374713300415,138.5950927734375,2270300,0.0,0.0
2022-07-19 00:00:00-04:00,140.05251490471707,143.39710997879104,139.86566896455074,143.20091247558594,2287900,0.0,0.0
2022-07-20 00:00:00-04:00,143.3503733871553,144.09777129093294,141.13622010529323,143.35971069335938,1870500,0.0,0.0
2022-07-21 00:00:00-04:00,145.0507028654572,149.74061123767473,143.8922495522666,147.72264099121094,3059200,0.0,0.0
2022-07-22 00:00:00-04:00,147.43299670849458,148.54474899758392,144.70500680233494,146.5267791748047,2366600,0.0,0.0
2022-07-25 00:00:00-04:00,146.74163277343652,148.17102418202003,145.34960483230986,146.50807189941406,1860700,0.0,0.0
2022-07-26 00:00:00-04:00,146.60157137935036,147.73201292728814,144.79848724525837,145.56455993652344,1749100,0.0,0.0
2022-07-27 00:00:00-04:00,145.9302625446856,148.82804530338896,145.52700330336424,148.27474975585938,2126900,0.59,0.0
2022-07-28 00:00:00-04:00,148.49983528986434,152.16660265013067,148.03093781728455,151.70709228515625,2164800,0.0,0.0
2022-07-29 00:00:00-04:00,152.55113105245275,155.32701091478805,152.25104405387535,153.76089477539062,2593600,0.0,0.0
2022-08-01 00:00:00-04:00,152.02594794991464,153.7514873147842,151.35073440546722,151.88528442382812,1723900,0.0,0.0
2022-08-02 00:00:00-04:00,151.66021707383206,153.59207259293711,150.8162072502131,151.78213500976562,1470100,0.0,0.0
2022-08-03 00:00:00-04:00,152.21348817946162,155.4113722280214,151.62267281241458,155.10189819335938,1621800,0.0,0.0
2022-08-04 00:00:00-04:00,155.1206864762744,155.8709253966802,154.50173829371826,155.0269012451172,1654100,0.0,0.0
2022-08-05 00:00:00-04:00,154.11722777743344,155.37386965055973,153.76087540586423,155.29885864257812,1290800,0.0,0.0
2022-08-08 00:00:00-04:00,156.11470549328175,157.11813851394498,155.66456798446148,156.58360290527344,1821300,0.0,0.0
2022-08-09 00:00:00-04:00,157.09940647886074,157.99968157419957,156.14285166915045,156.6680145263672,1658300,0.0,0.0
2022-08-10 00:00:00-04:00,158.83433162130444,159.35949452201336,157.59644968529278,159.1250457763672,1555100,0.0,0.0
2022-08-11 00:00:00-04:00,159.75335321433784,160.9912349349911,159.26569590154068,159.64080810546875,1426500,0.0,0.0
2022-08-12 00:00:00-04:00,160.39106121307418,162.3323035320823,159.89403105895042,161.97593688964844,1398800,0.0,0.0
2022-08-15 00:00:00-04:00,161.30071956697327,162.6323865811283,160.23163397478604,162.38856506347656,1746600,0.0,0.0
2022-08-16 00:00:00-04:00,161.45075985309316,163.39198769199018,161.45075985309316,162.1728515625,1730400,0.0,0.0
2022-08-17 00:00:00-04:00,161.10380197628717,162.51049452188806,160.69118418298882,162.07911682128906,1241800,0.0,0.0
2022-08-18 00:00:00-04:00,162.0697358146644,162.5761388092034,161.2726043553468,162.34169006347656,912900,0.0,0.0
2022-08-19 00:00:00-04:00,162.29481319529864,162.29481319529864,160.73806993835774,161.0944366455078,1604400,0.0,0.0
2022-08-22 00:00:00-04:00,159.7533807711249,160.58801773200753,157.59644945244364,157.84027099609375,1266700,0.0,0.0
2022-08-23 00:00:00-04:00,157.27757405310734,157.96216025846337,156.40541743785593,156.50857543945312,971100,0.0,0.0
2022-08-24 00:00:00-04:00,156.64926676716925,158.0090809324261,156.22726188915868,157.80276489257812,1059200,0.0,0.0
2022-08-25 00:00:00-04:00,158.44986033776422,159.80027321008532,157.52143807277747,159.7721405029297,1080000,0.0,0.0
2022-08-26 00:00:00-04:00,160.2691387643583,160.2691387643583,155.53328608293657,155.63644409179688,1270200,0.0,0.0
2022-08-29 00:00:00-04:00,154.40792920361835,155.43013655065934,153.26381824645009,154.12660217285156,993100,0.0,0.0
2022-08-30 00:00:00-04:00,154.4173189725414,154.68927321017497,152.01656620451956,152.42918395996094,1298600,0.0,0.0
2022-08-31 00:00:00-04:00,152.95435039869173,154.44544082111642,151.0975062364427,151.3319549560547,1994300,0.0,0.0
2022-09-01 00:00:00-04:00,150.81619521445666,152.51360183491673,149.63456438414886,152.45733642578125,1193400,0.0,0.0
2022-09-02 00:00:00-04:00,153.68584010272124,154.27664118729086,149.44700294636536,150.30039978027344,1147500,0.0,0.0
2022-09-06 00:00:00-04:00,150.91934396565472,152.55111243316472,150.06596138257004,151.51954650878906,1547200,0.0,0.0
2022-09-07 00:00:00-04:00,151.93216218186296,155.5614385476711,151.8102585628967,155.26133728027344,1286200,0.0,0.0
2022-09-08 00:00:00-04:00,154.670528831691,156.39608257784528,154.20163131243947,155.92718505859375,1186500,0.0,0.0
2022-09-09 00:00:00-04:00,155.93656585633218,157.20259494709933,155.42077569677457,156.38670349121094,1030600,0.0,0.0
2022-09-12 00:00:00-04:00,156.73368699006622,157.58706958686923,155.9084227896064,156.97750854492188,1346700,0.0,0.0
2022-09-13 00:00:00-04:00,154.54859206812438,155.03624939027264,150.24411719869096,150.50669860839844,1377200,0.0,0.0
2022-09-14 00:00:00-04:00,150.61923171522665,151.19128714719113,148.0215359691308,148.9311981201172,2057700,0.0,0.0
2022-09-15 00:00:00-04:00,149.26880156351035,149.26880156351035,146.6054676772353,147.13063049316406,1505100,0.0,0.0
2022-09-16 00:00:00-04:00,146.63362807092113,147.23381630385154,145.4332516050603,146.6148681640625,2265300,0.0,0.0
2022-09-19 00:00:00-04:00,145.60202502836984,147.46824195400234,145.23628560481126,147.4401092529297,1235600,0.0,0.0
2022-09-20 00:00:00-04:00,146.0521740685217,146.3710208809834,143.95150846775925,145.79896545410156,1192200,0.0,0.0
2022-09-21 00:00:00-04:00,146.80240834942492,148.77178337668127,144.00778353508693,144.04530334472656,1389400,0.0,0.0
2022-09-22 00:00:00-04:00,143.65144400390764,143.93278539084585,140.9693638026665,141.8040008544922,1349100,0.0,0.0
2022-09-23 00:00:00-04:00,141.1850226939129,142.207215683497,140.0033919815365,141.96339416503906,1275800,0.0,0.0
2022-09-26 00:00:00-04:00,141.62580400742888,142.3666557564937,139.30944922736745,139.90963745117188,1907000,0.0,0.0
2022-09-27 00:00:00-04:00,141.31630209847083,142.52605110619962,138.8967897734,139.9002227783203,1455600,0.0,0.0
2022-09-28 00:00:00-04:00,141.1475028491684,142.22597555161178,139.43133649417564,141.5601348876953,1884800,0.0,0.0
2022-09-29 00:00:00-04:00,141.21317038588046,141.69144067618427,139.487631049897,141.27880859375,1623400,0.0,0.0
2022-09-30 00:00:00-04:00,141.06311558950674,142.29162469254723,139.86273919038203,140.00340270996094,2357100,0.0,0.0
2022-10-03 00:00:00-04:00,141.40073172239332,146.0334414025924,140.6129873412853,145.24569702148438,2302400,0.0,0.0
2022-10-04 00:00:00-04:00,146.5210783449013,149.03436177427935,146.23034990975887,148.83743286132812,1576500,0.0,0.0
2022-10-05 00:00:00-04:00,148.22790040072468,150.22540866656877,147.41202319225022,149.3251190185547,1300100,0.0,0.0
2022-10-06 00:00:00-04:00,148.9673741159923,150.002790686446,147.77195559527016,148.08258056640625,1705100,0.59,0.0
2022-10-07 00:00:00-04:00,147.40487480168545,147.62136579850196,142.5007856737075,143.25381469726562,3057200,0.0,0.0
2022-10-10 00:00:00-04:00,144.26098862944997,145.9364707700234,143.68680557928707,144.94813537597656,1387300,0.0,0.0
2022-10-11 00:00:00-04:00,144.75989179718908,145.8235460770998,142.80203599196403,143.4138641357422,1342800,0.0,0.0
2022-10-12 00:00:00-04:00,144.45866143261597,145.21169048767374,143.03732968378492,143.06556701660156,1593200,0.0,0.0
2022-10-13 00:00:00-04:00,140.26996171193426,147.45193944471848,139.4416282823315,146.83070373535156,1997100,0.0,0.0
2022-10-14 00:00:00-04:00,148.3649889337238,149.0521357124529,142.78318887678793,142.98085021972656,1875300,0.0,0.0
2022-10-17 00:00:00-04:00,145.26816647832277,147.6307809768172,145.26816647832277,146.72715759277344,1514900,0.0,0.0
2022-10-18 00:00:00-04:00,150.22875270589972,150.7088018018824,147.11309432256957,148.24264526367188,1609800,0.0,0.0
2022-10-19 00:00:00-04:00,147.0660261641169,148.41205364028812,146.2659300589951,147.75315856933594,1615000,0.0,0.0
2022-10-20 00:00:00-04:00,149.66393138520505,149.66393138520505,145.02341512383595,145.48463439941406,1973900,0.0,0.0
2022-10-21 00:00:00-04:00,144.04450001471076,146.08708188605593,141.92661379881577,145.8329315185547,2071400,0.0,0.0
2022-10-24 00:00:00-04:00,146.98129942899504,148.33674892173806,146.25652203418727,147.26368713378906,1663800,0.0,0.0
2022-10-25 00:00:00-04:00,146.79303621060225,146.79303621060225,143.1596843641361,144.1197967529297,2291000,0.0,0.0
2022-10-26 00:00:00-04:00,144.79750587514772,146.95303673620194,143.61149495507635,145.37168884277344,1913100,0.0,0.0
2022-10-27 00:00:00-04:00,146.41649744902648,147.2636459637385,145.17399764042884,146.1152801513672,1732900,0.0,0.0
2022-10-28 00:00:00-04:00,146.63302394634064,154.3421318775375,146.63302394634064,154.12564086914062,2008300,0.0,0.0
2022-10-31 00:00:00-04:00,153.28789653722166,154.6433315878267,151.8759724586946,152.00775146484375,1790900,0.0,0.0
2022-11-01 00:00:00-04:00,153.04315493592827,154.0503343466632,151.84773621544076,152.71371459960938,1321900,0.0,0.0
2022-11-02 00:00:00-04:00,152.18656910873185,154.5209603782694,149.7204132080078,149.7204132080078,1580800,0.0,0.0
2022-11-03 00:00:00-04:00,148.60973025261524,151.26414022979432,147.71550011924023,149.69219970703125,1476700,0.0,0.0
2022-11-04 00:00:00-04:00,150.8970318041089,151.8477365514549,148.05435394439826,150.95350646972656,1167700,0.0,0.0
2022-11-07 00:00:00-05:00,151.0476249985681,154.11620120608433,150.1722246827579,153.4384765625,1094300,0.0,0.0
2022-11-08 00:00:00-05:00,152.86433088906492,154.29508485945217,150.90647517738125,152.23367309570312,1333900,0.0,0.0
2022-11-09 00:00:00-05:00,152.19600700662224,152.79842737968437,149.62630917371416,149.95574951171875,1199500,0.0,0.0
2022-11-10 00:00:00-05:00,154.50212762740617,158.71906971489423,153.7114536790333,158.50257873535156,2185600,0.0,0.0
2022-11-11 00:00:00-05:00,159.6791963296195,159.6791963296195,155.15162884985594,156.8177032470703,1994600,0.0,0.0
2022-11-14 00:00:00-05:00,156.71419144620356,158.3143694653924,155.47169115373705,155.5846405029297,1562800,0.0,0.0
2022-11-15 00:00:00-05:00,157.13771456327743,157.8154391628309,152.48777636855357,154.0126495361328,2053100,0.0,0.0
2022-11-16 00:00:00-05:00,154.01269353790588,156.45062700693794,153.91857387169736,155.79171752929688,1492800,0.0,0.0
2022-11-17 00:00:00-05:00,154.94450397253007,156.1116993759024,153.11841372968559,155.92343139648438,1365600,0.0,0.0
2022-11-18 00:00:00-05:00,157.71192296570473,158.3708179986299,156.25293187383394,157.66485595703125,1627500,0.0,0.0
2022-11-21 00:00:00-05:00,158.25785307624602,160.912262622466,157.89075342529537,159.8956756591797,1875200,0.0,0.0
2022-11-22 00:00:00-05:00,160.64871597011575,160.9122739759154,159.18972491904557,160.7899169921875,1541500,0.0,0.0
2022-11-23 00:00:00-05:00,160.7240527204615,161.3923698889035,160.01809055624275,160.4793243408203,1068200,0.0,0.0
2022-11-25 00:00:00-05:00,161.41118459379715,162.31482248022158,160.56403574507928,161.73123168945312,535200,0.0,0.0
2022-11-28 00:00:00-05:00,160.55462156489133,161.2511616771044,158.0319760747733,158.4932098388672,2231400,0.0,0.0
2022-11-29 00:00:00-05:00,158.10724060528253,160.14041448294827,157.76837829233824,158.77554321289062,1661100,0.0,0.0
2022-11-30 00:00:00-05:00,158.0790249372409,163.74555102795398,157.55190890328333,163.01133728027344,5002300,0.0,0.0
2022-12-01 00:00:00-05:00,163.8679357936076,164.07501917959792,161.50532089705607,162.87017822265625,1415900,0.0,0.0
2022-12-02 00:00:00-05:00,161.12877408207532,164.150298026058,160.37575937313198,163.698486328125,1321100,0.0,0.0
2022-12-05 00:00:00-05:00,162.45599002258083,163.12430710973203,161.175844879328,161.5900115966797,1417600,0.0,0.0
2022-12-06 00:00:00-05:00,161.7123747380038,162.5312861111804,160.95934568678527,161.8535614013672,1687300,0.0,0.0
2022-12-07 00:00:00-05:00,162.0418439909061,163.10549825417476,160.48873296540796,161.18528747558594,1972300,0.0,0.0
2022-12-08 00:00:00-05:00,160.01804825906694,162.747762160706,158.87908994887053,162.0888671875,1352400,0.0,0.0
2022-12-09 00:00:00-05:00,162.03239509286826,162.71011975113458,160.97816311904657,161.01580810546875,1540400,0.0,0.0
2022-12-12 00:00:00-05:00,161.6276922695514,162.93607491948825,160.81818840509024,162.87017822265625,2056900,0.0,0.0
2022-12-13 00:00:00-05:00,166.371747182301,166.371747182301,161.71239985089443,163.27493286132812,2298100,0.0,0.0
2022-12-14 00:00:00-05:00,163.20901378399248,166.13640368115972,161.7594446834189,162.2489013671875,1813400,0.0,0.0
2022-12-15 00:00:00-05:00,160.2157057113458,160.43219667159946,157.52363710169794,158.22959899902344,1753500,0.0,0.0
2022-12-16 00:00:00-05:00,156.56357085761258,157.13775394383035,154.14446715184457,155.49050903320312,3214100,0.0,0.0
2022-12-19 00:00:00-05:00,155.03870901593308,156.4694486479669,153.04317954963432,154.11624145507812,1671700,0.0,0.0
2022-12-20 00:00:00-05:00,155.07630666971502,156.6482468711428,154.5962577195362,155.17044067382812,1504800,0.0,0.0
2022-12-21 00:00:00-05:00,156.24352897038054,157.76840243051538,155.744650261501,157.74957275390625,1161900,0.0,0.0
2022-12-22 00:00:00-05:00,157.0153288927266,157.50479980610754,153.9655828361036,155.9705047607422,1500500,0.0,0.0
2022-12-23 00:00:00-05:00,155.41517748948266,156.8082717771023,154.47389484812254,155.8669891357422,1223000,0.0,0.0
2022-12-27 00:00:00-05:00,155.91408513213426,157.2507050078661,155.5281557303342,156.6671142578125,785400,0.0,0.0
2022-12-28 00:00:00-05:00,157.17537789957885,157.73074559658477,154.86923820592887,154.9351348876953,772200,0.0,0.0
2022-12-29 00:00:00-05:00,155.80114088281425,157.56133521088785,155.2363654293862,156.98715209960938,816800,0.0,0.0
2022-12-30 00:00:00-05:00,155.87642194346182,156.243521624488,154.02209386260716,155.76345825195312,808100,0.0,0.0
2023-01-03 00:00:00-05:00,156.54472535995032,157.31658407708935,154.88807295929965,156.23410034179688,1624300,0.0,0.0
2023-01-04 00:00:00-05:00,157.62721503265814,159.92393286910547,156.13998656979777,159.2744598388672,1729200,0.0,0.0
2023-01-05 00:00:00-05:00,158.69085977753863,159.0767891628248,156.14939915460496,156.3847198486328,1323300,0.0,0.0
2023-01-06 00:00:00-05:00,158.2108082053122,161.524127545896,157.2130507766245,160.9217071533203,1322000,0.0,0.0
2023-01-09 00:00:00-05:00,160.83695873650106,163.72670331095068,160.0839441211546,160.38514709472656,1371400,0.0,0.0
2023-01-10 00:00:00-05:00,160.14982643672252,160.91226307060234,158.97322314670225,160.38514709472656,1126700,0.0,0.0
2023-01-11 00:00:00-05:00,161.15702577835387,163.92438499567405,161.15702577835387,163.698486328125,1641000,0.0,0.0
2023-01-12 00:00:00-05:00,164.72446610447923,164.72446610447923,162.38066710185828,163.9337921142578,1946900,0.0,0.0
2023-01-13 00:00:00-05:00,162.74775896290276,163.66080425170267,162.07003432868362,163.1995849609375,1269500,0.0,0.0
2023-01-17 00:00:00-05:00,163.15250350237173,164.30086934400873,161.61820837433518,161.91000366210938,1278800,0.0,0.0
2023-01-18 00:00:00-05:00,161.84416901684548,162.22067639656584,158.62498352287813,158.89794921875,1468100,0.0,0.0
2023-01-19 00:00:00-05:00,158.34258103049405,160.54517915827188,157.90958465766963,159.6415557861328,2009900,0.0,0.0
2023-01-20 00:00:00-05:00,159.9521552645003,163.06781292891068,158.76614428541217,162.95484924316406,1565600,0.0,0.0
2023-01-23 00:00:00-05:00,163.08660929435422,164.8373954102784,162.0700224177371,163.32192993164062,1410300,0.0,0.0
2023-01-24 00:00:00-05:00,163.5949569972555,163.9997017157157,161.59942765202103,163.30316162109375,1061800,0.0,0.0
2023-01-25 00:00:00-05:00,162.44365645941647,164.17208357302434,161.21581040795314,163.66204833984375,1558500,0.59,0.0
2023-01-26 00:00:00-05:00,162.87813825560627,166.2216581825963,160.9419208801497,165.90997314453125,2151500,0.0,0.0
2023-01-27 00:00:00-05:00,165.6265958906703,165.6265958906703,161.678600437949,162.5758819580078,1621100,0.0,0.0
2023-01-30 00:00:00-05:00,162.51919070955412,164.07760101534947,162.03748924599128,162.38694763183594,1378200,0.0,0.0
2023-01-31 00:00:00-05:00,162.93480281410626,165.27716043917812,162.0753234460732,165.20159912109375,2011700,0.0,0.0
2023-02-01 00:00:00-05:00,163.71870034594912,167.03388581479814,163.34090824797838,165.72103881835938,2100200,0.0,0.0
2023-02-02 00:00:00-05:00,166.32552614059952,166.5049680316475,164.36097539140638,165.5888214111328,2281200,0.0,0.0
2023-02-03 00:00:00-05:00,164.24760565957465,164.77653474308315,161.2630136677754,162.33973693847656,1621600,0.0,0.0
2023-02-06 00:00:00-05:00,161.65027423071876,163.45426270148903,161.31970970810178,162.68922424316406,1341600,0.0,0.0
2023-02-07 00:00:00-05:00,160.9607915871568,164.88989315770598,160.53577183725008,164.16262817382812,1178000,0.0,0.0
2023-02-08 00:00:00-05:00,163.39759847419145,165.41881674589544,162.69866714216417,163.775390625,1023500,0.0,0.0
2023-02-09 00:00:00-05:00,164.79543480374406,165.258242405071,161.79194851012662,161.89584350585938,1533900,0.0,0.0
2023-02-10 00:00:00-05:00,161.72584302789588,162.69867153374102,161.2441558608362,162.50033569335938,1432700,0.0,0.0
2023-02-13 00:00:00-05:00,162.7836308741792,164.76706065312456,162.62305412869685,164.342041015625,1276900,0.0,0.0
2023-02-14 00:00:00-05:00,164.4176140048703,165.26765334036224,157.4850274240654,157.7305908203125,3270100,0.0,0.0
2023-02-15 00:00:00-05:00,156.89941989574757,159.28898979989188,156.74831173051257,158.74119567871094,1411700,0.0,0.0
2023-02-16 00:00:00-05:00,156.83336273293935,158.23121098656438,156.76724117996508,157.267822265625,1511600,0.0,0.0
2023-02-17 00:00:00-05:00,156.7200043943901,157.4756030644388,156.08719465163003,157.2017059326172,1829900,0.0,0.0
2023-02-21 00:00:00-05:00,156.2666602875495,156.65390661070018,154.72714357828548,154.83102416992188,1946200,0.0,0.0
2023-02-22 00:00:00-05:00,155.80385025400966,156.0494136849096,154.01875586809751,154.95379638671875,1262200,0.0,0.0
2023-02-23 00:00:00-05:00,155.98326537298678,156.18161556487226,153.42369327538842,154.7837677001953,1193500,0.0,0.0
2023-02-24 00:00:00-05:00,153.26315785218466,153.68817758162055,152.32810291794945,153.04591369628906,1515900,0.0,0.0
2023-02-27 00:00:00-05:00,154.37762626311388,154.9065408879102,152.6775332463809,153.225341796875,1460800,0.0,0.0
2023-02-28 00:00:00-05:00,153.30094324025376,154.7271395612089,153.0931532386821,153.140380859375,2089700,0.0,0.0
2023-03-01 00:00:00-05:00,152.77199946183123,153.801495102917,152.08252244857164,153.01756286621094,1549100,0.0,0.0
2023-03-02 00:00:00-05:00,152.28085072549874,153.31036072761736,151.41191747768272,152.9042205810547,1408100,0.0,0.0
2023-03-03 00:00:00-05:00,153.3953910588462,154.64211659610078,152.28087979417967,154.58544921875,1004600,0.0,0.0
2023-03-06 00:00:00-05:00,154.58544560859565,156.3138726366581,153.96207564860353,156.08718872070312,1422200,0.0,0.0
2023-03-07 00:00:00-05:00,156.42719514265485,156.42719514265485,152.95146184118568,153.25369262695312,1063300,0.0,0.0
2023-03-08 00:00:00-05:00,153.56538742948294,155.01046314509514,152.4886640646769,153.2442626953125,1314900,0.0,0.0
2023-03-09 00:00:00-05:00,153.82983582756455,153.90539712741105,149.50404869130193,150.0140838623047,1460400,0.0,0.0
2023-03-10 00:00:00-05:00,149.42852782373407,150.9019373976991,147.9928917003477,148.47457885742188,2135800,0.0,0.0
2023-03-13 00:00:00-04:00,146.3116931570178,149.6835321041619,146.01890207445268,146.6422576904297,2355300,0.0,0.0
2023-03-14 00:00:00-04:00,148.53125,149.19240790256555,146.5383653560758,148.53125,1873700,0.0,0.0
2023-03-15 00:00:00-04:00,145.3388291879074,145.99053274775036,143.43094611929416,145.52772521972656,2266700,0.0,0.0
2023-03-16 00:00:00-04:00,145.52774530561462,151.0152572142682,144.6965853566807,149.88186645507812,2344900,0.0,0.0
2023-03-17 00:00:00-04:00,150.47687701299526,150.8641088213496,147.05779697853941,147.15225219726562,4917300,0.0,0.0
2023-03-20 00:00:00-04:00,147.66231276563425,149.75909236311531,147.36952168513096,149.42852783203125,1914900,0.0,0.0
2023-03-21 00:00:00-04:00,151.15691080124222,152.006964595988,150.87357394817096,151.5158233642578,1769300,0.0,0.0
2023-03-22 00:00:00-04:00,151.80860880541206,152.69643601064308,149.09791399050573,149.1451416015625,1263700,0.0,0.0
2023-03-23 00:00:00-04:00,148.361221328459,150.94914185732256,148.07787005113394,149.8440704345703,1292700,0.0,0.0
2023-03-24 00:00:00-04:00,149.2301652374879,151.86529915584916,148.56902181817196,151.61973571777344,1619800,0.0,0.0
2023-03-27 00:00:00-04:00,152.79092741851443,153.4615106540684,152.14866346208927,152.3942413330078,1503100,0.0,0.0
2023-03-28 00:00:00-04:00,152.14864374940527,153.423717325498,151.8275190187217,153.29148864746094,1156800,0.0,0.0
2023-03-29 00:00:00-04:00,154.59491087753304,155.6149670498851,154.43434848167868,155.3505096435547,1359900,0.0,0.0
2023-03-30 00:00:00-04:00,155.84163676235306,156.56890176922772,154.3021056783038,155.72830200195312,1644000,0.0,0.0
2023-03-31 00:00:00-04:00,157.39057356167956,157.39057356167956,155.81326936928897,157.30557250976562,1656500,0.0,0.0
2023-04-03 00:00:00-04:00,156.65390232554745,159.94074007297962,156.65390232554745,159.27015686035156,1745100,0.0,0.0
2023-04-04 00:00:00-04:00,159.82936936853565,160.50230706192565,158.13277962403572,158.96685791015625,1070200,0.59,0.0
2023-04-05 00:00:00-04:00,158.93842032861625,160.6823890035345,158.7014675914008,159.4217987060547,1555700,0.0,0.0
2023-04-06 00:00:00-04:00,159.25119870687325,160.83404124633398,158.99528570275467,160.54022216796875,1739700,0.0,0.0
2023-04-10 00:00:00-04:00,159.6113367415643,160.15159585242247,158.27493447315092,159.35543823242188,828900,0.0,0.0
2023-04-11 00:00:00-04:00,159.4691809429986,161.023590211434,159.05214184080558,160.36959838867188,1303200,0.0,0.0
2023-04-12 00:00:00-04:00,161.12784771140147,162.35051736879404,160.5875885741597,161.20367431640625,1173300,0.0,0.0
2023-04-13 00:00:00-04:00,161.08994152070113,163.62059480326943,160.65394215785838,163.402587890625,1925400,0.0,0.0
2023-04-14 00:00:00-04:00,163.22251300075894,164.35988312937621,162.72964730879465,164.14187622070312,1500000,0.0,0.0
2023-04-17 00:00:00-04:00,164.18927093331098,165.16551496036126,163.91441214788108,165.08021545410156,1632300,0.0,0.0
2023-04-18 00:00:00-04:00,165.54464183751034,166.4734923946854,165.14656302729247,165.76263427734375,1641300,0.0,0.0
2023-04-19 00:00:00-04:00,165.76263481204666,166.71044563822622,163.8480528936792,164.50204467773438,1870100,0.0,0.0
2023-04-20 00:00:00-04:00,165.87635936700954,171.16514525380896,165.46880767366733,170.32159423828125,3480600,0.0,0.0
2023-04-21 00:00:00-04:00,170.6059630774104,170.73865602575052,169.26007332640444,170.57752990722656,4628400,0.0,0.0
2023-04-24 00:00:00-04:00,170.60597572195383,170.62493599096388,169.19373216088536,169.91407775878906,2071600,0.0,0.0
2023-04-25 00:00:00-04:00,169.91405027863723,170.61542103165064,168.4070200786979,168.52076721191406,1693500,0.0,0.0
2023-04-26 00:00:00-04:00,166.89054654791664,168.59660907615316,166.57776721253603,167.0706329345703,1887400,0.0,0.0
2023-04-27 00:00:00-04:00,167.12750550299887,170.14153736316032,167.12750550299887,170.0846710205078,1579600,0.0,0.0
2023-04-28 00:00:00-04:00,170.20786084925572,171.29783745641964,169.21265664220252,170.78602600097656,2132000,0.0,0.0
2023-05-01 00:00:00-04:00,170.70072246302553,172.90910879137627,170.44480951013705,172.03712463378906,1450100,0.0,0.0
2023-05-02 00:00:00-04:00,171.97078952129442,171.97078952129442,168.48283834494313,170.1320343017578,1567000,0.0,0.0
2023-05-03 00:00:00-04:00,170.93769741625178,171.52533553188633,168.54920995722534,168.5966033935547,1163300,0.0,0.0
2023-05-04 00:00:00-04:00,168.58709550605278,168.9188350575281,167.06111960166646,168.06581115722656,1427900,0.0,0.0
2023-05-05 00:00:00-04:00,168.67245997011466,170.56808206054663,168.20802735147723,169.9993896484375,1102600,0.0,0.0
2023-05-08 00:00:00-04:00,170.38796523305555,171.29785557507262,169.7624065838899,170.79551696777344,956400,0.0,0.0
2023-05-09 00:00:00-04:00,170.90927037579903,171.47794824480556,169.86667258895028,170.01832580566406,1200300,0.0,0.0
2023-05-10 00:00:00-04:00,170.60596544930803,171.4589894915758,169.70554796859273,171.0988311767578,918900,0.0,0.0
2023-05-11 00:00:00-04:00,170.88083842374746,171.3073649427006,169.8477279071701,170.9566650390625,1665800,0.0,0.0
2023-05-12 00:00:00-04:00,171.4495040093271,171.97080286910744,170.4637870891981,171.7622833251953,1552300,0.0,0.0
2023-05-15 00:00:00-04:00,171.84759018196803,172.29306245734168,170.84291295238373,172.11297607421875,1231900,0.0,0.0
2023-05-16 00:00:00-04:00,171.69594338278256,172.17933621079146,170.48274655504338,170.68179321289062,932700,0.0,0.0
2023-05-17 00:00:00-04:00,171.68648434665863,171.79074413539044,168.58713832022016,168.80514526367188,1993500,0.0,0.0
2023-05-18 00:00:00-04:00,168.7956380557527,170.2742207312706,167.44974832643652,170.0088348388672,1391900,0.0,0.0
2023-05-19 00:00:00-04:00,170.77657007218932,171.67700204487477,169.8192862189284,171.11778259277344,1272100,0.0,0.0
2023-05-22 00:00:00-04:00,170.36900934189043,171.2220333672467,168.73877343625463,170.340576171875,1360200,0.0,0.0
2023-05-23 00:00:00-04:00,169.46857883270263,169.46857883270263,164.6157775619204,165.29820251464844,2547000,0.0,0.0
2023-05-24 00:00:00-04:00,164.824307333656,165.13708666161162,163.79119693863214,164.0186767578125,1851200,0.0,0.0
2023-05-25 00:00:00-04:00,164.5968180961685,164.6442115260941,162.61589710230066,164.17977905273438,2315500,0.0,0.0
2023-05-26 00:00:00-04:00,164.61578201090202,165.33612751516415,163.48789924426026,164.18927001953125,1232300,0.0,0.0
2023-05-30 00:00:00-04:00,164.61576881055825,166.1891381713953,164.44516981266844,165.22238159179688,1702600,0.0,0.0
2023-05-31 00:00:00-04:00,164.52100923853945,164.98544176197174,162.52112776459614,164.14187622070312,5349500,0.0,0.0
2023-06-01 00:00:00-04:00,164.74850655473114,165.6110035292567,163.31730276179977,165.3171844482422,1494600,0.0,0.0
2023-06-02 00:00:00-04:00,165.76262805595297,167.9994620930665,165.31715582880935,167.19381713867188,1395100,0.0,0.0
2023-06-05 00:00:00-04:00,167.3170438634938,168.29328785673385,166.5587923106275,167.91416931152344,2066900,0.0,0.0
2023-06-06 00:00:00-04:00,168.33122100661888,168.5397405608486,166.35977260636733,167.25071716308594,1219800,0.0,0.0
2023-06-07 00:00:00-04:00,166.9000043726013,167.82886939222175,165.1655088307942,165.76263427734375,1683400,0.0,0.0
2023-06-08 00:00:00-04:00,167.26966188247036,167.6108743815003,166.3408112593958,167.10853576660156,1480300,0.0,0.0
2023-06-09 00:00:00-04:00,166.74833775034793,169.41169809743366,166.22705340953897,168.947265625,1430300,0.0,0.0
2023-06-12 00:00:00-04:00,169.08945128114973,169.66761648302392,167.09905715682993,169.2884979248047,1603500,0.0,0.0
2023-06-13 00:00:00-04:00,168.95678670034678,169.4401795750307,167.8099434686365,168.1132354736328,1602200,0.0,0.0
2023-06-14 00:00:00-04:00,168.25541314694485,169.87616186160986,167.44029510661832,168.80514526367188,1519200,0.0,0.0
2023-06-15 00:00:00-04:00,169.07051916013506,171.96133094101862,168.89043276855014,171.10830688476562,1868900,0.0,0.0
2023-06-16 00:00:00-04:00,171.8854965839659,173.1365993356458,171.16515111070163,171.6959228515625,2853100,0.0,0.0
2023-06-20 00:00:00-04:00,171.013513180959,173.73374028945034,170.74812728683006,171.60116577148438,1496000,0.0,0.0
2023-06-21 00:00:00-04:00,171.2504598028253,172.10349825708238,169.9898840818556,171.724365234375,1414600,0.0,0.0
2023-06-22 00:00:00-04:00,172.13194953249126,173.13662683906696,171.4684847510212,173.0892333984375,1643400,0.0,0.0
2023-06-23 00:00:00-04:00,172.8333422949778,174.71947693621357,172.18882329204354,174.1413116455078,3015300,0.0,0.0
2023-06-26 00:00:00-04:00,174.06548206557042,174.24556846718315,173.20298505842482,173.43045043945312,1535300,0.0,0.0
2023-06-27 00:00:00-04:00,173.65793016942465,175.1459858983214,173.43993769193233,173.9896697998047,1446500,0.0,0.0
2023-06-28 00:00:00-04:00,173.29775917756467,174.16027065560854,172.89968029441704,173.76219177246094,1121800,0.0,0.0
2023-06-29 00:00:00-04:00,173.86644615347174,176.35919362542484,173.41150093865838,176.2264862060547,1331500,0.0,0.0
2023-06-30 00:00:00-04:00,177.01318000323485,179.1552421536865,176.27388856832894,178.26429748535156,1518200,0.0,0.0
2023-07-03 00:00:00-04:00,176.99420504461,176.99420504461,174.44459151949854,175.7430877685547,701900,0.0,0.0
2023-07-05 00:00:00-04:00,175.04172320769626,176.63405315968004,174.529911646759,176.32127380371094,1363900,0.0,0.0
2023-07-06 00:00:00-04:00,175.97058385970803,176.57718228718224,175.19337194133155,175.9800567626953,1954300,0.0,0.0
2023-07-07 00:00:00-04:00,174.89953733244644,175.90421453289073,174.21711235432468,174.38772583007812,1588700,0.0,0.0
2023-07-10 00:00:00-04:00,174.89953184534414,177.24062575970052,174.55831936698806,175.25970458984375,1057200,0.0,0.0
2023-07-11 00:00:00-04:00,176.71933151241555,177.57236996174913,175.61039454448328,177.14584350585938,1162600,0.0,0.0
2023-07-12 00:00:00-04:00,178.0083538299993,178.59599193035524,176.54873148115055,176.9088897705078,1467000,0.0,0.0
2023-07-13 00:00:00-04:00,176.64350676081898,177.31645884026912,175.48717634538934,176.82359313964844,1137100,0.0,0.0
2023-07-14 00:00:00-04:00,177.2595964031581,177.62924207114688,175.86631324017426,176.97525024414062,2248100,0.0,0.0
2023-07-17 00:00:00-04:00,177.06054450921923,179.36373242035762,176.93732446939018,178.54861450195312,1287000,0.0,0.0
2023-07-18 00:00:00-04:00,177.92305125046911,179.22154746751133,177.3733192302206,178.3021697998047,1458600,0.0,0.0
2023-07-19 00:00:00-04:00,177.78091006992074,178.8993200693063,177.30700458629343,177.5818634033203,1285500,0.0,0.0
2023-07-20 00:00:00-04:00,176.58664797689735,180.95605684180495,176.58664797689735,179.32582092285156,2755800,0.0,0.0
2023-07-21 00:00:00-04:00,180.97501977037209,184.02697209637142,180.3873816266836,181.43943786621094,2080300,0.0,0.0
2023-07-24 00:00:00-04:00,181.75223397699781,182.63370573631443,181.18355604876126,182.42518615722656,1097800,0.0,0.0
2023-07-25 00:00:00-04:00,182.6716089939235,183.39195460599979,181.97971101714586,183.306640625,2030200,0.0,0.0
2023-07-26 00:00:00-04:00,183.44934467029088,183.74424640257348,181.74651796659236,182.65025329589844,1874700,0.71,0.0
2023-07-27 00:00:00-04:00,182.70730514245307,183.43981273048735,179.95803925128325,180.28147888183594,2223600,0.0,0.0
2023-07-28 00:00:00-04:00,181.3754650564883,181.83208651161956,178.5405711713681,179.66311645507812,1689000,0.0,0.0
2023-07-31 00:00:00-04:00,179.4253025482779,179.8248481624493,178.18860544780333,179.2445526123047,1904600,0.0,0.0
2023-08-01 00:00:00-04:00,179.25409038899136,181.23280317743092,178.82600676764469,180.46224975585938,1764900,0.0,0.0
2023-08-02 00:00:00-04:00,179.9865648886969,181.8416032497893,179.5584813462502,181.69891357421875,1983600,0.0,0.0
2023-08-03 00:00:00-04:00,181.2137638120288,182.7548704532021,180.80469586071666,181.73696899414062,1330900,0.0,0.0
2023-08-04 00:00:00-04:00,181.76552906136942,183.47786339408236,179.98658201416038,180.3575897216797,1269900,0.0,0.0
2023-08-07 00:00:00-04:00,181.3659512200942,183.0687920951803,180.92835987220957,182.69778442382812,866700,0.0,0.0
2023-08-08 00:00:00-04:00,182.1936369257523,182.49804647508103,180.09124995913038,180.18638610839844,816900,0.0,0.0
2023-08-09 00:00:00-04:00,179.7963269622641,182.4219188922383,179.56800894045634,181.44207763671875,1416700,0.0,0.0
2023-08-10 00:00:00-04:00,182.21263828306022,184.3911310954601,180.80471338165492,181.49916076660156,1030700,0.0,0.0
2023-08-11 00:00:00-04:00,181.96527279782302,182.72631825203263,180.8046817461937,182.5075225830078,974000,0.0,0.0
2023-08-14 00:00:00-04:00,182.4219240839046,183.58251532525156,182.04140855246567,182.8404998779297,1400500,0.0,0.0
2023-08-15 00:00:00-04:00,181.53718458694527,182.67874548096904,180.78564695833006,180.8807830810547,987700,0.0,0.0
2023-08-16 00:00:00-04:00,181.28036008354732,182.76439095452997,180.95692043540737,180.98545837402344,1071200,0.0,0.0
2023-08-17 00:00:00-04:00,181.27080646342284,181.9367157223974,179.5204122639088,179.5489501953125,1142300,0.0,0.0
2023-08-18 00:00:00-04:00,178.60717176432297,180.89981590829643,178.60717176432297,179.6440887451172,1307600,0.0,0.0
2023-08-21 00:00:00-04:00,180.74760403382402,181.08056595281172,178.42642195424057,179.97705078125,919500,0.0,0.0
2023-08-22 00:00:00-04:00,180.38609145039163,181.052015241371,179.80579597144876,180.2909698486328,940100,0.0,0.0
2023-08-23 00:00:00-04:00,181.2423028413118,182.90708356175892,180.65248494393867,182.72633361816406,941400,0.0,0.0
2023-08-24 00:00:00-04:00,183.13537893757498,183.7727503575452,182.3457955175636,182.450439453125,1071700,0.0,0.0
2023-08-25 00:00:00-04:00,183.52541994036235,185.5421781709561,182.93561657460052,184.7526092529297,1155300,0.0,0.0
2023-08-28 00:00:00-04:00,185.01897560487518,185.55170310606232,184.05815002562235,185.28533935546875,1576600,0.0,0.0
2023-08-29 00:00:00-04:00,185.4089859828618,187.10230450033416,184.27694737962386,187.0357208251953,1249100,0.0,0.0
2023-08-30 00:00:00-04:00,187.23549992174918,188.15825065712988,186.30321234870948,186.59811401367188,1716400,0.0,0.0
2023-08-31 00:00:00-04:00,187.03575093639267,187.20697857065994,185.24729600567025,185.49464416503906,2034300,0.0,0.0
2023-09-01 00:00:00-04:00,186.28423188975376,187.23553525469197,185.93223977402522,186.23666381835938,930100,0.0,0.0
2023-09-05 00:00:00-04:00,186.11300864842283,186.17960685829007,183.49692412899995,183.5635223388672,1360400,0.0,0.0
2023-09-06 00:00:00-04:00,183.0973419239513,184.980918338114,182.43143253669538,184.48623657226562,1033900,0.0,0.0
2023-09-07 00:00:00-04:00,184.34354343912187,186.43640769523182,183.5729901257313,186.1700439453125,941000,0.0,0.0
2023-09-08 00:00:00-04:00,186.23664345469373,186.6456968893361,184.64796875084582,185.27581787109375,1122600,0.0,0.0
2023-09-11 00:00:00-04:00,185.98929558433204,186.60765141426094,185.1902043277864,186.16053771972656,925200,0.0,0.0
2023-09-12 00:00:00-04:00,186.17959938019172,187.67313820674303,186.01786502436434,187.2545623779297,1215000,0.0,0.0
2023-09-13 00:00:00-04:00,187.71117590494535,188.28194918092018,186.73132014216895,187.1974639892578,1053800,0.0,0.0
2023-09-14 00:00:00-04:00,188.1773017011837,189.0524989871595,186.91206658205698,188.8812713623047,1070100,0.0,0.0
2023-09-15 00:00:00-04:00,188.24392026849907,189.1000875168892,186.32228334802116,186.63621520996094,2638100,0.0,0.0
2023-09-18 00:00:00-04:00,186.94060510893325,188.61490819671909,186.4364155242895,188.1011962890625,1514500,0.0,0.0
2023-09-19 00:00:00-04:00,188.21536829630122,188.9859216655544,187.51139861148712,188.50074768066406,1287400,0.0,0.0
2023-09-20 00:00:00-04:00,188.81467769862485,189.4996172459649,187.79679070082622,187.85386657714844,1002100,0.0,0.0
2023-09-21 00:00:00-04:00,187.44480607599075,187.87290419694585,185.66587345293058,185.7039337158203,1548400,0.0,0.0
2023-09-22 00:00:00-04:00,185.76101532622204,187.17844807425158,185.1141214787706,185.98931884765625,1269600,0.0,0.0
2023-09-25 00:00:00-04:00,185.3043480093181,186.11296155336464,184.58136278710995,185.8846435546875,1339700,0.0,0.0
2023-09-26 00:00:00-04:00,185.21872459901064,185.88463391595369,183.47783805317312,184.07716369628906,1462100,0.0,0.0
2023-09-27 00:00:00-04:00,183.93446578328275,184.4957311455704,182.20308712109326,183.5824737548828,1175000,0.0,0.0
2023-09-28 00:00:00-04:00,183.88693404182385,185.25681314054293,183.2019944924643,183.9820556640625,1067200,0.0,0.0
2023-09-29 00:00:00-04:00,184.6384531222084,185.65635461584975,180.08171672412197,181.03302001953125,2408500,0.0,0.0
2023-10-02 00:00:00-04:00,180.18636344504498,181.59428827954943,178.5501205904574,179.57752990722656,1862400,0.0,0.0
2023-10-03 00:00:00-04:00,179.37775466211957,180.45273207652662,178.28376163232858,179.5394744873047,1421100,0.0,0.0
2023-10-04 00:00:00-04:00,180.0721930743239,182.33629954575164,179.5299577481187,181.81307983398438,1875800,0.0,0.0
2023-10-05 00:00:00-04:00,182.49102998643292,184.33389909934684,181.61256924069295,183.25491333007812,1481000,0.71,0.0
2023-10-06 00:00:00-04:00,183.07347838478782,185.9189433044619,182.50057683891177,184.62034606933594,1604800,0.0,0.0
2023-10-09 00:00:00-04:00,183.92331115751003,184.99275369775646,183.3981550026805,184.362548828125,1976200,0.0,0.0
2023-10-10 00:00:00-04:00,184.6680762732464,184.8590580243803,183.17851186151918,183.9232940673828,1316700,0.0,0.0
2023-10-11 00:00:00-04:00,184.50573041797566,184.82083278419353,182.58648644540526,184.1906280517578,1303000,0.0,0.0
2023-10-12 00:00:00-04:00,184.08562336097884,184.64899623481773,181.96586863364172,182.30960083007812,1264200,0.0,0.0
2023-10-13 00:00:00-04:00,183.01618960229507,184.35298901510993,181.56481279433055,182.31915283203125,1530000,0.0,0.0
2023-10-16 00:00:00-04:00,183.33127536525973,184.73490660786388,181.98493281502954,183.80870056152344,1757900,0.0,0.0
2023-10-17 00:00:00-04:00,182.69153809347728,183.32174288636992,181.3260943755432,182.28094482421875,1802100,0.0,0.0
2023-10-18 00:00:00-04:00,182.4337451261596,183.17852739518128,180.3617211654339,181.08740234375,1878200,0.0,0.0
2023-10-19 00:00:00-04:00,183.06392780963955,184.51530456027814,180.38080040020722,182.37643432617188,3163500,0.0,0.0
2023-10-20 00:00:00-04:00,182.3859742635002,183.64638381685464,178.5665725670728,179.19677734375,3135400,0.0,0.0
2023-10-23 00:00:00-04:00,179.28271571405975,180.55266856425263,177.72631938400968,178.0032196044922,1397200,0.0,0.0
2023-10-24 00:00:00-04:00,179.0726448729557,180.8868694485028,179.0726448729557,180.4476318359375,1608200,0.0,0.0
2023-10-25 00:00:00-04:00,180.79139593644098,182.97801181026813,180.13254673926042,180.3521728515625,1212000,0.0,0.0
2023-10-26 00:00:00-04:00,181.02053871229515,182.4146121227866,178.35649796466535,178.67160034179688,2030100,0.0,0.0
2023-10-27 00:00:00-04:00,178.13688927595985,178.7002475183024,175.7115756573133,176.5518341064453,1441800,0.0,0.0
2023-10-30 00:00:00-04:00,177.14384531164956,180.3807874939305,176.74280990329783,179.76968383789062,1155100,0.0,0.0
2023-10-31 00:00:00-04:00,180.47629856994087,181.35475933417504,179.34003864556604,181.08740234375,1308100,0.0,0.0
2023-11-01 00:00:00-04:00,181.9371972269305,182.30958831737362,179.7028506842717,181.46932983398438,1711200,0.0,0.0
2023-11-02 00:00:00-04:00,181.93721698022307,184.84951406519622,181.30702669172547,184.71583557128906,1589800,0.0,0.0
2023-11-03 00:00:00-04:00,185.40334847770094,185.62296004706505,183.18810255181847,185.17417907714844,1033100,0.0,0.0
2023-11-06 00:00:00-05:00,185.89983685251687,186.73055208349706,185.13595357685637,185.81390380859375,1238900,0.0,0.0
2023-11-07 00:00:00-05:00,186.19584984154002,186.5204955188557,185.1168641006151,185.84255981445312,977600,0.0,0.0
2023-11-08 00:00:00-05:00,186.53003141362282,188.32514025759465,185.57518101390087,187.82862854003906,1096200,0.0,0.0
2023-11-09 00:00:00-05:00,188.3251479967221,189.86245778624382,187.50397603642116,188.95535278320312,1084000,0.0,0.0
2023-11-10 00:00:00-05:00,189.986590463457,191.61937653310966,188.6402478657706,191.39976501464844,1256700,0.0,0.0
2023-11-13 00:00:00-05:00,190.97007769503782,191.7912496119209,190.2443966449465,191.1324005126953,1055300,0.0,0.0
2023-11-14 00:00:00-05:00,191.20879693585576,191.9249347520949,188.9458060988956,189.1463165283203,2119500,0.0,0.0
2023-11-15 00:00:00-05:00,188.95536804521882,189.47098091316502,186.51095305521983,186.6541748046875,2187000,0.0,0.0
2023-11-16 00:00:00-05:00,187.71404974049378,190.4353793983698,186.31997621831826,189.36595153808594,3358900,0.0,0.0
2023-11-17 00:00:00-05:00,188.91715351869314,190.23483713564204,188.51610353759943,188.92669677734375,1453600,0.0,0.0
2023-11-20 00:00:00-05:00,188.92669255916897,190.4449011327676,188.2010115316913,189.7001190185547,1111200,0.0,0.0
2023-11-21 00:00:00-05:00,190.37809068359576,191.7244187683398,189.1558832519975,190.06298828125,1125900,0.0,0.0
2023-11-22 00:00:00-05:00,190.4544648959999,191.2851800716179,190.34943077047322,191.1324005126953,950700,0.0,0.0
2023-11-24 00:00:00-05:00,192.259173852181,192.8416333001098,191.7053587566205,191.85812377929688,697800,0.0,0.0
2023-11-27 00:00:00-05:00,191.9344735849954,192.3832544384116,190.93189232126986,191.19924926757812,1909300,0.0,0.0
2023-11-28 00:00:00-05:00,190.6263389654182,191.4475109167333,188.1437220233415,188.35379028320312,1604300,0.0,0.0
2023-11-29 00:00:00-05:00,188.39201122722625,189.0126582396441,186.4536658298355,187.46580505371094,1623000,0.0,0.0
2023-11-30 00:00:00-05:00,187.76182203068205,190.60727274865962,186.88336122412068,190.4163055419922,2211900,0.0,0.0
2023-12-01 00:00:00-05:00,189.94839255346437,190.19666299455952,187.99096079171252,188.4874725341797,1526200,0.0,0.0
2023-12-04 00:00:00-05:00,188.29647623750498,189.45185151119077,187.56123742697764,188.43971252441406,1906900,0.0,0.0
2023-12-05 00:00:00-05:00,188.16284478081155,188.4970482972232,186.2722447941916,187.4849090576172,1482600,0.0,0.0
2023-12-06 00:00:00-05:00,187.86682437127664,188.35379285130747,184.04742260515158,186.60641479492188,1484800,0.0,0.0
2023-12-07 00:00:00-05:00,186.9215353921398,187.70451982397893,186.16720988061005,186.6255340576172,1952800,0.0,0.0
2023-12-08 00:00:00-05:00,186.95016393995255,187.742691564995,185.6229223919566,186.83558654785156,1291200,0.0,0.0
2023-12-11 00:00:00-05:00,187.49442922043534,189.85291092551788,187.15068248613574,189.6810302734375,1397800,0.0,0.0
2023-12-12 00:00:00-05:00,190.0057102194325,192.3737354294645,189.3564042895057,192.06817626953125,1893800,0.0,0.0
2023-12-13 00:00:00-05:00,191.8962927061226,193.6532140062638,190.98918770864788,192.74610900878906,1733000,0.0,0.0
2023-12-14 00:00:00-05:00,192.40239484882056,192.40239484882056,181.7749030665268,182.63427734375,2885100,0.0,0.0
2023-12-15 00:00:00-05:00,180.0752315809006,180.24711222745447,177.16293497698263,178.67160034179688,3409500,0.0,0.0
2023-12-18 00:00:00-05:00,179.86517180800556,181.89900789724376,179.5787283333478,181.19241333007812,1956100,0.0,0.0
2023-12-19 00:00:00-05:00,180.97278881337834,181.99448569915788,178.74798571085066,179.28269958496094,2284200,0.0,0.0
2023-12-20 00:00:00-05:00,178.0318841362546,179.35912583289056,175.95986016782942,177.01974487304688,1888600,0.0,0.0
2023-12-21 00:00:00-05:00,176.77147793423813,178.6525345870286,176.22720615506722,178.3851776123047,1821300,0.0,0.0
2023-12-22 00:00:00-05:00,178.60479812867328,179.60739411923205,177.88866021682605,179.41641235351562,1642800,0.0,0.0
2023-12-26 00:00:00-05:00,178.91987695727747,179.21587825728457,178.20373913989465,179.03445434570312,1159600,0.0,0.0
2023-12-27 00:00:00-05:00,178.88168229714717,180.08480320561193,178.432901413809,179.9988555908203,1057800,0.0,0.0
2023-12-28 00:00:00-05:00,180.46674510918976,181.22107059599665,180.0370652967118,180.26622009277344,1420400,0.0,0.0
2023-12-29 00:00:00-05:00,180.21847535082526,181.07783490963027,179.76969448326713,180.91551208496094,1148300,0.0,0.0
2024-01-02 00:00:00-05:00,180.72456369174424,182.26187362612967,180.32352821797363,181.58392333984375,1861200,0.0,0.0
2024-01-03 00:00:00-05:00,182.17590744410057,183.18806114033495,181.66029462174762,182.68199157714844,2035100,0.0,0.0
2024-01-04 00:00:00-05:00,183.43633248921714,184.72538650868614,182.65334807564633,182.84432983398438,1557800,0.0,0.0
2024-01-05 00:00:00-05:00,183.20714282434983,183.7418567207874,180.58130420659592,182.22364807128906,1779900,0.0,0.0
2024-01-08 00:00:00-05:00,181.38338676120983,183.035273858772,180.39033419503113,182.9493408203125,1507600,0.0,0.0
2024-01-09 00:00:00-05:00,181.75577660721493,182.5101020006035,180.43807841359924,182.4623565673828,1329300,0.0,0.0
2024-01-10 00:00:00-05:00,182.31912828263177,183.89462553324591,181.91809288374563,183.75140380859375,1541700,0.0,0.0
2024-01-11 00:00:00-05:00,184.00922882804085,185.23143618662894,183.56999122892591,184.15245056152344,1401000,0.0,0.0
2024-01-12 00:00:00-05:00,185.09776510898575,187.57082427168712,184.92588445207696,187.09339904785156,1699100,0.0,0.0
2024-01-16 00:00:00-05:00,187.07432680170456,188.22970243225683,186.3200012424846,186.81651306152344,1634900,0.0,0.0
2024-01-17 00:00:00-05:00,187.10293545991678,189.94838561028266,186.64461134136883,187.47532653808594,1747400,0.0,0.0
2024-01-18 00:00:00-05:00,185.99532186964467,189.70014645975814,184.7731143992724,189.5187225341797,2002200,0.0,0.0
2024-01-19 00:00:00-05:00,190.51178376932464,191.2756671150926,189.0699501295986,190.11074829101562,2161400,0.0,0.0
2024-01-22 00:00:00-05:00,190.139378941285,190.52131330171753,188.99354672026357,189.48052978515625,2738000,0.0,0.0
2024-01-23 00:00:00-05:00,189.84336305514705,190.9796227896725,189.75741544626396,190.1298065185547,1529400,0.0,0.0
2024-01-24 00:00:00-05:00,190.7910407170793,191.27017440584947,189.66027760814183,190.3981475830078,1735100,0.71,0.0
2024-01-25 00:00:00-05:00,183.50818851364266,184.35146841927235,180.45131347773375,183.11529541015625,3405500,0.0,0.0
2024-01-26 00:00:00-05:00,182.52116703798683,184.98390630429816,181.71622604509116,184.93600463867188,2073600,0.0,0.0
2024-01-29 00:00:00-05:00,184.59101255482372,184.85932619690647,181.97493261152167,183.0194549560547,2257600,0.0,0.0
2024-01-30 00:00:00-05:00,183.17281774416662,185.07977523905743,182.5595271592873,184.974365234375,2737700,0.0,0.0
2024-01-31 00:00:00-05:00,185.68344769528403,187.54248848547292,185.25223036050772,185.75051879882812,3519700,0.0,0.0
2024-02-01 00:00:00-05:00,184.6389636094135,185.72181049734732,182.46370704505196,185.6547393798828,1705300,0.0,0.0
2024-02-02 00:00:00-05:00,186.23926304896185,187.34126463921638,185.08933054539287,185.2905731201172,1742500,0.0,0.0
2024-02-05 00:00:00-05:00,185.32887930635374,185.44388131869493,183.86273159148388,184.21730041503906,1894100,0.0,0.0
2024-02-06 00:00:00-05:00,184.22690919616227,186.6513245687497,183.9394260493495,186.3830108642578,1733500,0.0,0.0
2024-02-07 00:00:00-05:00,187.01545599089312,188.57742179883058,186.56506917516907,187.56166076660156,1982200,0.0,0.0
2024-02-08 00:00:00-05:00,188.37618564165342,188.67324616206335,186.38298792361456,188.58700561523438,1250900,0.0,0.0
2024-02-09 00:00:00-05:00,188.3187047617656,189.66027321041466,187.76290794103969,189.65069580078125,1044200,0.0,0.0
2024-02-12 00:00:00-05:00,189.7369334710894,189.7369334710894,187.61915621432337,188.00247192382812,1320000,0.0,0.0
2024-02-13 00:00:00-05:00,189.01821449490978,189.73691493025163,186.8046194935765,188.27076721191406,1483600,0.0,0.0
2024-02-14 00:00:00-05:00,189.1619601148094,189.56444525017594,187.81081432778834,189.46861267089844,1761000,0.0,0.0
2024-02-15 00:00:00-05:00,189.73694801907155,193.5700176760225,189.36322431239884,192.6021728515625,1651300,0.0,0.0
2024-02-16 00:00:00-05:00,192.72672009088058,193.50291428608443,191.68221221392716,191.94094848632812,1253100,0.0,0.0
2024-02-20 00:00:00-05:00,191.91219609224675,193.19627076381013,191.04974674982464,192.50631713867188,1210300,0.0,0.0
2024-02-21 00:00:00-05:00,193.56041567059216,193.6945725066585,190.51311807708802,191.4905548095703,961100,0.0,0.0
2024-02-22 00:00:00-05:00,192.228424817538,195.9848308513202,191.93134967424018,195.7356719970703,1858500,0.0,0.0
2024-02-23 00:00:00-05:00,195.8315145520109,196.12857508844428,194.91157147021786,195.15113830566406,1391400,0.0,0.0
2024-02-26 00:00:00-05:00,195.33322317798962,196.0135994652213,194.68160836497913,195.00741577148438,1480200,0.0,0.0
2024-02-27 00:00:00-05:00,193.78082771066832,195.31406134339383,193.71374197656175,194.74867248535156,935000,0.0,0.0
2024-02-28 00:00:00-05:00,195.0649135953484,197.57556955567435,194.81576933017118,197.47975158691406,1181600,0.0,0.0
2024-02-29 00:00:00-05:00,195.62069056499996,197.39349095983303,192.38174233699098,193.8287353515625,2604800,0.0,0.0
2024-03-01 00:00:00-05:00,193.38794943016705,194.2024826017176,192.51592255182481,193.5700225830078,1399100,0.0,0.0
2024-03-04 00:00:00-05:00,192.41047939034073,193.56041181600753,191.42346526850866,193.4550018310547,1637700,0.0,0.0
2024-03-05 00:00:00-05:00,193.215445220472,194.52826677533483,192.84172154898556,193.4741668701172,1225800,0.0,0.0
2024-03-06 00:00:00-05:00,193.119596062348,195.4481930632662,192.23799195456755,195.14154052734375,1651100,0.0,0.0
2024-03-07 00:00:00-05:00,195.48652847337638,196.42562632972613,194.63367116442637,195.76441955566406,1168200,0.0,0.0
2024-03-08 00:00:00-05:00,195.18945426894015,197.09639669710333,194.5186701328527,196.58851623535156,1027000,0.0,0.0
2024-03-11 00:00:00-04:00,196.34898561980646,197.41266302523383,195.8794439489963,197.36476135253906,907800,0.0,0.0
2024-03-12 00:00:00-04:00,197.40308001610137,199.07047051899227,196.85686059167168,198.69674682617188,1087700,0.0,0.0
2024-03-13 00:00:00-04:00,198.84048429152023,199.27170169449943,197.45099949436505,199.22378540039062,897800,0.0,0.0
2024-03-14 00:00:00-04:00,200.4311876108176,200.4695118683033,198.23674735330502,199.07044982910156,1173400,0.0,0.0
2024-03-15 00:00:00-04:00,197.21142389971118,200.45994963701926,196.454384503566,197.7288818359375,2766500,0.0,0.0
2024-03-18 00:00:00-04:00,197.92051087689774,199.15668381456598,197.22097988033997,198.26548767089844,1190100,0.0,0.0
2024-03-19 00:00:00-04:00,199.02253154148235,199.08002523813252,197.2689006836619,198.05467224121094,1636200,0.0,0.0
2024-03-20 00:00:00-04:00,198.23674478937897,199.06085522364663,197.47014267359353,197.8342742919922,2202400,0.0,0.0
2024-03-21 00:00:00-04:00,197.4318082628654,198.57214867560177,196.26272100123637,196.85684204101562,2357200,0.0,0.0
2024-03-22 00:00:00-04:00,197.6234537175128,198.1121793801251,195.7356660380842,195.8889923095703,1958900,0.0,0.0
2024-03-25 00:00:00-04:00,195.15115477865552,195.48655422539144,194.0491530913812,194.60494995117188,1711600,0.0,0.0
2024-03-26 00:00:00-04:00,194.48034199611988,196.051899754032,194.48034199611988,194.8828125,1299800,0.0,0.0
2024-03-27 00:00:00-04:00,195.6302659418399,197.16349949019866,195.22779542534545,197.0293426513672,1315800,0.0,0.0
2024-03-28 00:00:00-04:00,197.95883150075977,198.11215775550983,196.7418281144255,197.3838653564453,1272200,0.0,0.0
2024-04-01 00:00:00-04:00,196.9239450881165,196.97186138115103,194.98824090111964,195.38113403320312,899000,0.0,0.0
2024-04-02 00:00:00-04:00,195.80278422951375,196.53106220682542,194.44204624395744,194.60494995117188,1914200,0.0,0.0
2024-04-03 00:00:00-04:00,194.58573655086897,196.78786166496826,194.28761907821723,195.6916046142578,2135300,0.71,0.0
2024-04-04 00:00:00-04:00,196.8647582493815,197.43211603432817,192.78744459458176,193.04708862304688,2174800,0.0,0.0
2024-04-05 00:00:00-04:00,194.06639558126918,198.36487948018436,193.5182745417466,197.69174194335938,2227900,0.0,0.0
2024-04-08 00:00:00-04:00,197.55714400334097,197.96102658588296,195.845444864963,196.441650390625,1575400,0.0,0.0
2024-04-09 00:00:00-04:00,197.0955620332149,197.6340721324185,194.7972684269924,196.48973083496094,1382300,0.0,0.0
2024-04-10 00:00:00-04:00,195.76852124408148,196.13394512316896,193.35483665564232,193.46060180664062,1957800,0.0,0.0
2024-04-11 00:00:00-04:00,192.1431567915045,193.5182943829289,191.50847790315478,191.5469512939453,1949200,0.0,0.0
2024-04-12 00:00:00-04:00,190.49877263226236,192.64320189012616,189.62368643649458,190.4699249267578,1933700,0.0,0.0
2024-04-15 00:00:00-04:00,192.4989487505628,192.4989487505628,189.41212687420457,189.7487030029297,1440400,0.0,0.0
2024-04-16 00:00:00-04:00,190.20065318147886,190.50838160129436,188.64281840773415,188.75820922851562,1493500,0.0,0.0
2024-04-17 00:00:00-04:00,189.2101838487708,190.4506939156822,188.70052147191555,190.0371856689453,2222500,0.0,0.0
2024-04-18 00:00:00-04:00,198.0764270548055,198.57647846988826,193.79717900064722,193.989501953125,3707900,0.0,0.0
2024-04-19 00:00:00-04:00,194.739540965214,195.3357610989678,191.2584476535769,194.6433868408203,2461000,0.0,0.0
2024-04-22 00:00:00-04:00,196.10507754109776,196.10507754109776,193.52791777858445,193.7010040283203,1616400,0.0,0.0
2024-04-23 00:00:00-04:00,194.73953703414202,195.22035166629976,193.01822710726847,193.97024536132812,1920400,0.0,0.0
2024-04-24 00:00:00-04:00,193.47983301000556,193.77793577730162,191.72004944116412,193.2394256591797,1614100,0.0,0.0
2024-04-25 00:00:00-04:00,192.94128690131558,193.94137483794634,191.60462286699217,193.73944091796875,1593200,0.0,0.0
2024-04-26 00:00:00-04:00,192.88361253532804,193.1913262904346,190.18143646907424,190.35452270507812,1783600,0.0,0.0
2024-04-29 00:00:00-04:00,190.42185547601457,191.3065527519729,189.5756169193153,190.86419677734375,1318700,0.0,0.0
2024-04-30 00:00:00-04:00,190.95075329692654,192.3162652576409,190.344922091223,191.77774047851562,2519800,0.0,0.0
2024-05-01 00:00:00-04:00,191.681586534607,193.53752419926158,191.31616267387713,192.10470581054688,1999500,0.0,0.0
2024-05-02 00:00:00-04:00,192.2296920692668,192.38355627955372,190.69109398629385,191.71041870117188,1821500,0.0,0.0
2024-05-03 00:00:00-04:00,191.16227823015637,192.17199190942458,189.17171324947188,191.62387084960938,1039900,0.0,0.0
2024-05-06 00:00:00-04:00,192.37394040557905,193.7971476315067,192.02775327783465,193.78753662109375,1445800,0.0,0.0
2024-05-07 00:00:00-04:00,194.451080124119,195.9993039868794,193.61445259970958,195.89352416992188,1000300,0.0,0.0
2024-05-08 00:00:00-04:00,196.5955127905439,197.13402289560392,195.45117148064145,195.7781219482422,794800,0.0,0.0
2024-05-09 00:00:00-04:00,195.47039789836631,197.10516482370912,194.57607499189643,196.9801483154297,715200,0.0,0.0
2024-05-10 00:00:00-04:00,197.13403422556357,198.51878296004685,196.73976263552026,197.66293334960938,921200,0.0,0.0
2024-05-13 00:00:00-04:00,197.3552048871461,198.49954626281774,196.85516814559435,197.66293334960938,856700,0.0,0.0
2024-05-14 00:00:00-04:00,197.93215743689845,198.0763959602887,196.09544198147137,197.20132446289062,1289100,0.0,0.0
2024-05-15 00:00:00-04:00,196.68207366867264,198.8745876790895,196.65322595853303,198.4130096435547,1160800,0.0,0.0
2024-05-16 00:00:00-04:00,199.8842737088967,201.77868466843498,199.78810490629408,201.1151580810547,1897900,0.0,0.0
2024-05-17 00:00:00-04:00,202.06717903618556,202.06717903618556,200.4035497039353,201.91331481933594,1119900,0.0,0.0
2024-05-20 00:00:00-04:00,201.2786532177247,202.37491017866242,200.8363118979133,201.13441467285156,1407300,0.0,0.0
2024-05-21 00:00:00-04:00,201.90367927081982,202.24024069681414,200.80742253726874,201.87481689453125,1048600,0.0,0.0
2024-05-22 00:00:00-04:00,202.2595092121397,203.41346153322837,201.63444131129592,202.730712890625,1259000,0.0,0.0
2024-05-23 00:00:00-04:00,202.3268236061785,202.3268236061785,199.8073592273675,200.00930786132812,1072700,0.0,0.0
2024-05-24 00:00:00-04:00,200.15353905945958,200.54781062782305,199.46116473028954,199.9131317138672,1009200,0.0,0.0
2024-05-28 00:00:00-04:00,198.88417346983766,199.40344682148893,195.86464346344576,196.14352416992188,1436300,0.0,0.0
2024-05-29 00:00:00-04:00,195.16266647238336,195.58578571855463,194.02795092428664,194.21066284179688,1444000,0.0,0.0
2024-05-30 00:00:00-04:00,194.22988096084043,197.56673578947556,194.09525344642714,196.55702209472656,1913900,0.0,0.0
2024-05-31 00:00:00-04:00,197.23978002399744,199.78809171846453,196.50894706167622,199.61500549316406,3943900,0.0,0.0
2024-06-03 00:00:00-04:00,199.18232562228306,200.0862597117736,197.29752532150465,198.5861053466797,1167900,0.0,0.0
2024-06-04 00:00:00-04:00,197.9994810887668,200.65358753652328,197.9994810887668,200.4901123046875,892400,0.0,0.0
2024-06-05 00:00:00-04:00,200.6728053012079,200.98053373575735,198.3360530287079,200.1439208984375,1162600,0.0,0.0
2024-06-06 00:00:00-04:00,200.78820895865059,201.06707501076556,199.2015117449987,200.2689208984375,1085400,0.0,0.0
2024-06-07 00:00:00-04:00,202.90381186325587,202.90381186325587,201.40367228441204,201.9325714111328,1725000,0.0,0.0
2024-06-10 00:00:00-04:00,201.94214297574848,202.3941098981771,199.11495062636035,201.56710815429688,1423500,0.0,0.0
2024-06-11 00:00:00-04:00,201.3363437743453,202.05756582789812,200.26893454815513,201.7690887451172,2672200,0.0,0.0
2024-06-12 00:00:00-04:00,202.12486625720393,202.85569924767046,200.788202108258,202.4037322998047,1973900,0.0,0.0
2024-06-13 00:00:00-04:00,202.09602838198305,202.38452012259134,200.56704123204835,201.4613494873047,1726500,0.0,0.0
2024-06-14 00:00:00-04:00,200.7208743683151,201.57672383573274,200.13427992390763,200.86512756347656,947400,0.0,0.0
2024-06-17 00:00:00-04:00,200.49010342788068,203.86541707921015,200.0669841767809,203.40383911132812,1313700,0.0,0.0
2024-06-18 00:00:00-04:00,203.1153562412639,205.02900396558022,201.91331953150984,204.55780029296875,1628800,0.0,0.0
2024-06-20 00:00:00-04:00,204.21158926959453,207.00030824101614,203.12494351550566,206.7502899169922,1718400,0.0,0.0
2024-06-21 00:00:00-04:00,206.70222365651378,207.02917411045578,205.8559998153285,206.17332458496094,3115400,0.0,0.0
2024-06-24 00:00:00-04:00,206.19257349986583,208.56779928381206,205.73099549792852,207.47154235839844,1246500,0.0,0.0
2024-06-25 00:00:00-04:00,207.59654751202604,208.02927778223673,203.7404044510457,204.0769805908203,2087400,0.0,0.0
2024-06-26 00:00:00-04:00,202.30760161092067,202.95189156004648,200.5381923304717,202.7018585205078,1569900,0.0,0.0
2024-06-27 00:00:00-04:00,203.19228701057222,203.7019493982806,202.09603012544295,202.84609985351562,1518000,0.0,0.0
2024-06-28 00:00:00-04:00,202.44221380883258,203.82696241329828,201.62482299629954,202.63453674316406,6983200,0.0,0.0
2024-07-01 00:00:00-04:00,203.05764231887534,203.85579638219883,201.54787730585062,202.18255615234375,1241100,0.0,0.0
2024-07-02 00:00:00-04:00,201.5094265592724,203.99043196097261,201.5094265592724,203.85580444335938,1723000,0.0,0.0
2024-07-03 00:00:00-04:00,203.73077749511557,205.0962892961513,202.74030052201715,204.73086547851562,784600,0.0,0.0
2024-07-05 00:00:00-04:00,205.25980970364301,205.75025012967203,203.79812878457648,205.71177673339844,1221900,0.0,0.0
2024-07-08 00:00:00-04:00,206.23104916797246,207.24074830710572,205.3367261889712,206.03871154785156,1286800,0.0,0.0
2024-07-09 00:00:00-04:00,206.07713815829106,206.46178396461136,203.28840470592962,203.67306518554688,1731000,0.0,0.0
2024-07-10 00:00:00-04:00,203.87502943993317,206.75991743656994,203.8365707228963,206.6252899169922,1786200,0.0,0.0
2024-07-11 00:00:00-04:00,206.89453307569696,209.04858793854837,206.6252780520028,209.00050354003906,1573300,0.0,0.0
2024-07-12 00:00:00-04:00,210.0967730759848,211.27958772322518,209.63519510354664,209.97177124023438,1364100,0.0,0.0
2024-07-15 00:00:00-04:00,210.6160725597014,211.07765055717942,209.67366519517125,210.08717346191406,1556000,0.0,0.0
2024-07-16 00:00:00-04:00,210.62567525031406,211.6738477196931,209.86599452044928,210.51028442382812,1999700,0.0,0.0
2024-07-17 00:00:00-04:00,210.87567317529192,213.20282888823346,209.82750080742937,212.193115234375,1780500,0.0,0.0
2024-07-18 00:00:00-04:00,209.519794283897,211.08724004788056,206.413721114153,209.0774383544922,2124500,0.0,0.0
2024-07-19 00:00:00-04:00,211.0680208154476,212.471991379567,207.9811842992339,208.4331512451172,2485900,0.0,0.0
2024-07-22 00:00:00-04:00,210.2410255232884,211.7219282381243,209.7313631512586,210.62567138671875,1852800,0.0,0.0
2024-07-23 00:00:00-04:00,211.38538412246766,213.08745761478508,210.5872299507181,210.6352996826172,1390400,0.0,0.0
2024-07-24 00:00:00-04:00,211.1545591945127,212.08734077055666,208.84664011709842,209.1351318359375,1759600,0.0,0.0
2024-07-25 00:00:00-04:00,209.84458953387562,212.18049909535972,208.47394122997977,208.55116271972656,1792700,0.815,0.0
2024-07-26 00:00:00-04:00,208.94693598530142,212.1708561454572,208.84075826848218,210.39480590820312,1616200,0.0,0.0
2024-07-29 00:00:00-04:00,210.39478446894665,212.33492466567637,209.5260684951257,212.00674438476562,1403100,0.0,0.0
2024-07-30 00:00:00-04:00,212.47006971961514,215.4430309148593,211.91022494306003,214.6901397705078,1256100,0.0,0.0
2024-07-31 00:00:00-04:00,214.37161670005494,215.86775189558085,213.55116591627873,214.83494567871094,1424300,0.0,0.0
2024-08-01 00:00:00-04:00,215.81947575261728,216.8040313720703,214.30404630565423,216.8040313720703,1848600,0.0,0.0
2024-08-02 00:00:00-04:00,217.92373284130602,219.71909213804304,213.39672385107428,216.16697692871094,1860700,0.0,0.0
2024-08-05 00:00:00-04:00,218.66693964864842,219.39087453695464,207.63417902053843,208.77316284179688,2766900,0.0,0.0
2024-08-06 00:00:00-04:00,209.07243855508284,212.89480719238935,208.5994623756074,209.66123962402344,1411800,0.0,0.0
2024-08-07 00:00:00-04:00,210.02799683401994,214.32334110851247,209.55503544275172,210.5106201171875,1536600,0.0,0.0
2024-08-08 00:00:00-04:00,209.98940689242482,212.09363747204117,208.80215766382017,211.7654571533203,1418800,0.0,0.0
2024-08-09 00:00:00-04:00,211.83301605378756,212.99130897744044,210.77123894881782,212.4121551513672,929400,0.0,0.0
2024-08-12 00:00:00-04:00,212.91408313639266,212.91408313639266,209.03378792934592,209.7963409423828,2901300,0.0,0.0
2024-08-13 00:00:00-04:00,210.69401912585104,210.8870654932402,208.86970370631016,209.95077514648438,1977100,0.0,0.0
2024-08-14 00:00:00-04:00,209.69979725587544,213.56078316622526,209.69979725587544,213.36773681640625,1572500,0.0,0.0
2024-08-15 00:00:00-04:00,213.67663115113973,214.69979017153383,211.91989003065973,213.56080627441406,1592000,0.0,0.0
2024-08-16 00:00:00-04:00,213.6283840189014,214.40056951407175,213.00096489345768,214.1978759765625,1498900,0.0,0.0
2024-08-19 00:00:00-04:00,214.19786878040532,215.60712051739105,213.86968848313398,215.42372131347656,978200,0.0,0.0
2024-08-20 00:00:00-04:00,216.2055948226638,216.78473395517398,215.38512930765626,216.34072875976562,983800,0.0,0.0
2024-08-21 00:00:00-04:00,216.71717360123006,216.83299848163256,215.27895084608988,216.51446533203125,799400,0.0,0.0
2024-08-22 00:00:00-04:00,216.77507117741496,217.7596267788096,216.48549426777024,217.63414001464844,1106900,0.0,0.0
2024-08-23 00:00:00-04:00,218.2036345509604,218.62834539305115,213.85037787651763,215.55886840820312,1052000,0.0,0.0
2024-08-26 00:00:00-04:00,215.58783511306686,217.59553509034453,214.40057118442894,216.56272888183594,686100,0.0,0.0
2024-08-27 00:00:00-04:00,217.10328143143533,218.84072840060028,216.51448036767655,218.4546356201172,935100,0.0,0.0
2024-08-28 00:00:00-04:00,219.45845044794544,220.52987467951687,217.36386725673685,218.07814025878906,1442400,0.0,0.0
2024-08-29 00:00:00-04:00,218.07816612073864,219.8735254587572,216.49516222161978,219.1688995361328,797800,0.0,0.0
2024-08-30 00:00:00-04:00,218.96620464130527,219.78665544246022,216.82335593723863,219.60325622558594,1741100,0.0,0.0
2024-09-03 00:00:00-04:00,219.55498986529284,222.13219642301777,219.4488121541434,221.07041931152344,1774400,0.0,0.0
2024-09-04 00:00:00-04:00,221.4275628676062,223.85034124582637,221.18625121900226,223.3773651123047,1495400,0.0,0.0
2024-09-05 00:00:00-04:00,223.93716846815346,224.2460543908889,219.59355959700395,220.52020263671875,1765200,0.0,0.0
2024-09-06 00:00:00-04:00,220.6843181145064,221.95843587094532,219.53567239116424,219.93142700195312,1657500,0.0,0.0
2024-09-09 00:00:00-04:00,221.01251125038388,223.5414525842978,220.3657978073026,222.56655883789062,2442100,0.0,0.0
2024-09-10 00:00:00-04:00,222.99128129859625,224.14957431259577,221.74610489396332,223.78277587890625,1374500,0.0,0.0
2024-09-11 00:00:00-04:00,223.06850042216644,223.30981207786826,216.80404453788896,221.1186981201172,1320100,0.0,0.0
2024-09-12 00:00:00-04:00,220.70363002273592,222.9043911006743,219.6901328717468,222.03567504882812,1321700,0.0,0.0
2024-09-13 00:00:00-04:00,221.6495796533864,222.3638527052924,219.88317662245325,221.6978302001953,1665800,0.0,0.0
2024-09-16 00:00:00-04:00,223.29050561835442,224.18817791832794,222.68239552579507,223.1360626220703,1107100,0.0,0.0
2024-09-17 00:00:00-04:00,222.5955032794822,223.1939514160587,219.55498259581952,220.14378356933594,1342400,0.0,0.0
2024-09-18 00:00:00-04:00,221.08009152002708,221.51446430570607,217.11292710455857,218.3291473388672,1235600,0.0,0.0
2024-09-19 00:00:00-04:00,218.1264144518939,218.38703514820372,215.771210478709,216.8040313720703,2470900,0.0,0.0
2024-09-20 00:00:00-04:00,215.28859858903888,216.0318426067744,214.10134937623658,215.7808837890625,3813200,0.0,0.0
2024-09-23 00:00:00-04:00,216.19591997277246,217.0067382752823,214.77700635399728,216.7654266357422,1999900,0.0,0.0
2024-09-24 00:00:00-04:00,216.29243192226872,216.52409637856545,214.46811667334762,215.48162841796875,1270400,0.0,0.0
2024-09-25 00:00:00-04:00,216.60131333816616,217.3059539027417,214.55499542754654,216.09939575195312,2630900,0.0,0.0
2024-09-26 00:00:00-04:00,215.04727781299405,217.4990123597323,214.36196099318093,216.02218627929688,1986200,0.0,0.0
2024-09-27 00:00:00-04:00,215.90635982317957,217.49902560489915,215.53957611797622,216.15733337402344,2267200,0.0,0.0
2024-09-30 00:00:00-04:00,216.3213933207879,216.48548345807797,214.01445477901584,215.3368377685547,1959700,0.0,0.0
2024-10-01 00:00:00-04:00,215.6167783849084,216.66889358631425,214.01446558202818,215.04727172851562,1418600,0.0,0.0
2024-10-02 00:00:00-04:00,214.01445477901584,215.48163358039375,212.8465000355488,215.3368377685547,1409800,0.0,0.0
2024-10-03 00:00:00-04:00,215.42371493727833,215.6264231904718,213.66697389973916,214.14959716796875,959200,0.0,0.0
2024-10-04 00:00:00-04:00,213.84442836450924,215.423586019306,212.99188959878447,215.22982788085938,1081800,0.815,0.0
2024-10-07 00:00:00-04:00,214.47416698353658,214.47416698353658,212.19746813837872,212.924072265625,1989700,0.0,0.0
2024-10-08 00:00:00-04:00,214.59040207389268,217.31274295843124,214.2997574892421,216.9833526611328,1731000,0.0,0.0
2024-10-09 00:00:00-04:00,216.653989024763,220.3935790243649,216.3633444043464,219.68634033203125,1880300,0.0,0.0
2024-10-10 00:00:00-04:00,221.00389664009924,221.6239315427255,215.60765791897344,216.5570831298828,1474200,0.0,0.0
2024-10-11 00:00:00-04:00,217.6033863351892,218.50436828152735,216.75083283369267,218.0296630859375,1113800,0.0,0.0
2024-10-14 00:00:00-04:00,218.27187337408589,220.8876451628761,217.48714331572864,220.42262268066406,1325100,0.0,0.0
2024-10-15 00:00:00-04:00,221.58518956515442,222.82525939131702,218.73689910160027,219.00816345214844,1820600,0.0,0.0
2024-10-16 00:00:00-04:00,217.94248760183757,221.39143275040013,217.80685542575247,220.8004608154297,1813200,0.0,0.0
2024-10-17 00:00:00-04:00,222.87368954377314,225.05350173599757,219.04691109620532,219.84132385253906,2442700,0.0,0.0
2024-10-18 00:00:00-04:00,222.2052229576291,222.2052229576291,216.55708529951283,217.65184020996094,1980300,0.0,0.0
2024-10-21 00:00:00-04:00,215.19107579462766,216.58615809845003,214.20290481508596,215.13294982910156,1524000,0.0,0.0
2024-10-22 00:00:00-04:00,214.29009738257633,215.37515484485337,212.69155938961552,214.91981506347656,1605600,0.0,0.0
2024-10-23 00:00:00-04:00,214.22226203496973,218.31062232464072,213.8056827762034,216.51834106445312,4372100,0.0,0.0
2024-10-24 00:00:00-04:00,216.33426829365598,216.68303886043302,214.71636490362874,215.5398406982422,2006900,0.0,0.0
2024-10-25 00:00:00-04:00,216.57647118151527,216.83805280412875,213.9219388056421,214.40634155273438,1658500,0.0,0.0
2024-10-28 00:00:00-04:00,215.84017735971506,216.49897280666838,214.34822334908415,214.91981506347656,1008300,0.0,0.0
2024-10-29 00:00:00-04:00,215.1135634065502,217.25463003304637,214.6291606640016,214.7744903564453,1270100,0.0,0.0
2024-10-30 00:00:00-04:00,214.638847167861,215.89829719043135,214.01881228052144,214.12538146972656,1174300,0.0,0.0
2024-10-31 00:00:00-04:00,213.6603544291263,214.44509928685198,211.32554445316228,211.43211364746094,1862000,0.0,0.0
2024-11-01 00:00:00-04:00,212.4881257055248,213.81538459508212,210.96709387731116,212.2653045654297,1781000,0.0,0.0
2024-11-04 00:00:00-05:00,213.68944039622178,214.6388656655454,212.37186429922613,214.2610321044922,1724100,0.0,0.0
2024-11-05 00:00:00-05:00,214.10599379413935,215.0747991959228,213.15656863957483,214.6388397216797,1507100,0.0,0.0
2024-11-06 00:00:00-05:00,220.64543681555872,222.457098240256,214.25131506058372,216.2858123779297,2699100,0.0,0.0
2024-11-07 00:00:00-05:00,217.5452605414455,218.35905354833383,215.00698028263056,216.21798706054688,2071600,0.0,0.0
2024-11-08 00:00:00-05:00,217.6809039385429,219.80259028814916,216.8283503924148,218.3300018310547,2395800,0.0,0.0
2024-11-11 00:00:00-05:00,218.572192933471,219.70569350890065,216.42144370333335,216.8089599609375,1788600,0.0,0.0
2024-11-12 00:00:00-05:00,217.54526515571317,219.9188355342145,217.44837869830582,218.1459197998047,1772100,0.0,0.0
2024-11-13 00:00:00-05:00,217.9812374281278,219.3763197129156,217.2449505701781,218.68846130371094,1256800,0.0,0.0
2024-11-14 00:00:00-05:00,218.14590706020743,218.82406787406106,214.45476090363553,214.59039306640625,1971300,0.0,0.0
2024-11-15 00:00:00-05:00,214.20288283436875,215.8789120605123,213.67971963272097,215.21043395996094,1930200,0.0,0.0
2024-11-18 00:00:00-05:00,214.50320835272197,217.56463698158936,213.81535001047243,216.6927032470703,1684800,0.0,0.0
2024-11-19 00:00:00-05:00,215.79172978898183,216.69271175561863,213.3600186650092,213.84442138671875,1457700,0.0,0.0
2024-11-20 00:00:00-05:00,215.530157252478,215.63672644705187,213.28252143339196,215.03607177734375,1714500,0.0,0.0
2024-11-21 00:00:00-05:00,215.03607354981867,218.126550652338,214.31915216379423,217.41932678222656,1526900,0.0,0.0
2024-11-22 00:00:00-05:00,218.22341982257421,221.14921631631546,217.04147603314226,220.7132568359375,1720500,0.0,0.0
2024-11-25 00:00:00-05:00,220.88765315915654,223.79406964809283,220.65513451823412,223.51312255859375,4583800,0.0,0.0
2024-11-26 00:00:00-05:00,224.3366041711146,226.19670899827483,222.59275127602717,225.5088653564453,1918500,0.0,0.0
2024-11-27 00:00:00-05:00,226.4776686194595,227.87275092161795,225.59605205590117,225.96420288085938,1349600,0.0,0.0
2024-11-29 00:00:00-05:00,226.21609518663476,228.15370628031044,225.63480594541227,225.9545135498047,904300,0.0,0.0
2024-12-02 00:00:00-05:00,225.90604843187197,225.95449166108094,223.1837074742249,225.77041625976562,1357500,0.0,0.0
2024-12-03 00:00:00-05:00,225.7219983170972,225.77042676576167,221.81771334249967,222.98995971679688,2699400,0.0,0.0
2024-12-04 00:00:00-05:00,222.18583321709534,223.6002956458171,221.23640803723418,222.5733642578125,1251100,0.0,0.0
2024-12-05 00:00:00-05:00,221.99211052765008,222.6702714786718,220.91673574002994,221.13955688476562,1633100,0.0,0.0
2024-12-06 00:00:00-05:00,221.16858136094208,221.91456566857926,217.76807968109574,218.13623046875,1311300,0.0,0.0
2024-12-09 00:00:00-05:00,215.64640674800987,216.06300078857248,211.2092759064828,211.36428833007812,2842300,0.0,0.0
2024-12-10 00:00:00-05:00,211.06396926093151,212.31372186594555,206.40401711731647,208.86477661132812,2361800,0.0,0.0
2024-12-11 00:00:00-05:00,209.20386462341187,209.9982774561846,206.90780029050174,207.66346740722656,1924700,0.0,0.0
2024-12-12 00:00:00-05:00,209.74638771557227,211.46117756494783,207.98315463533777,209.18447875976562,2150900,0.0,0.0
2024-12-13 00:00:00-05:00,209.55263432602382,209.55263432602382,207.6440862927395,208.3610076904297,1520300,0.0,0.0
2024-12-16 00:00:00-05:00,208.29317603052675,208.9810344185937,206.41369105365473,206.47181701660156,2111200,0.0,0.0
2024-12-17 00:00:00-05:00,205.4448955544662,206.93686432890252,204.59234196907403,206.5299530029297,2267900,0.0,0.0
2024-12-18 00:00:00-05:00,206.26838714637103,207.26625565096919,203.16821243389134,203.34259033203125,2279500,0.0,0.0
2024-12-19 00:00:00-05:00,203.3328835427078,206.30710845501233,202.80972034458432,203.78822326660156,1643000,0.0,0.0
2024-12-20 00:00:00-05:00,204.17574971392474,207.37281067312233,203.5072715844891,205.13487243652344,3010700,0.0,0.0
2024-12-23 00:00:00-05:00,204.43733227104153,205.7549082877128,203.09069327319943,205.55145263671875,2270700,0.0,0.0
2024-12-24 00:00:00-05:00,206.09398062056223,207.77970743666728,204.4179513200129,207.3631134033203,561100,0.0,0.0
2024-12-26 00:00:00-05:00,207.17906963252724,208.0025454678348,206.09399738071127,207.5181427001953,1077900,0.0,0.0
2024-12-27 00:00:00-05:00,206.75278712067424,208.14786941818784,205.93899404139097,206.8109130859375,1622200,0.0,0.0
2024-12-30 00:00:00-05:00,205.31892737748157,206.4233797575177,203.3716337878973,205.36737060546875,1452200,0.0,0.0
2024-12-31 00:00:00-05:00,205.64833389482007,206.4136836842928,204.73765442037046,205.78396606445312,1515200,0.0,0.0
2025-01-02 00:00:00-05:00,206.9852832464978,207.89596275571952,204.37920894352715,204.74734497070312,1632100,0.0,0.0
2025-01-03 00:00:00-05:00,205.9583657941181,207.08218376617126,204.0885782013532,204.67955017089844,1052200,0.0,0.0
2025-01-06 00:00:00-05:00,204.3017045236221,205.17362354323134,201.60842646959532,201.9765625,1355700,0.0,0.0
2025-01-07 00:00:00-05:00,203.42009631933718,205.33832711071824,202.55785999741545,203.42977905273438,1443700,0.0,0.0
2025-01-08 00:00:00-05:00,203.92386103756098,205.22205677069627,202.78066293887332,204.7570343017578,1563100,0.0,0.0
2025-01-10 00:00:00-05:00,203.03257108673785,205.3770785691756,202.42221890520295,202.5869140625,2234900,0.0,0.0
2025-01-13 00:00:00-05:00,202.01532281773058,206.22961778582092,200.74619000424778,204.90235900878906,4279000,0.0,0.0
2025-01-14 00:00:00-05:00,204.90237339002144,207.33406999355148,203.60417750364923,206.7140350341797,2912600,0.0,0.0
2025-01-15 00:00:00-05:00,207.74095734601627,207.74095734601627,205.35770408203075,205.95835876464844,2368200,0.0,0.0
2025-01-16 00:00:00-05:00,206.16180143513927,210.0370232110524,206.16180143513927,209.5429229736328,2074500,0.0,0.0
2025-01-17 00:00:00-05:00,209.70763254860321,210.5214255722789,208.26410711774204,208.5159912109375,2007000,0.0,0.0
2025-01-21 00:00:00-05:00,209.3685699235655,211.5290021807118,208.68071147231998,211.41275024414062,2610400,0.0,0.0
2025-01-22 00:00:00-05:00,211.87775671561292,212.12965560282603,208.65163267506375,210.5601806640625,1759800,0.0,0.0
2025-01-23 00:00:00-05:00,210.55049770600132,211.66461809998114,208.78726462858796,210.64736938476562,2115200,0.0,0.0
2025-01-24 00:00:00-05:00,209.92076384103112,212.7206258634539,209.4266783691439,212.12965393066406,2024200,0.0,0.0
2025-01-27 00:00:00-05:00,213.44722210356392,217.14805120540643,212.4784166614442,216.85740661621094,1663400,0.0,0.0
2025-01-28 00:00:00-05:00,216.60554866417712,217.48716527077576,213.84444690779227,213.98977661132812,1839400,0.0,0.0
2025-01-29 00:00:00-05:00,212.67215985661966,214.70664227250376,212.24588312677815,212.4687042236328,1668900,0.0,0.0
2025-01-30 00:00:00-05:00,217.33569159460666,217.33569159460666,209.58550936949985,214.7393341064453,2709000,0.815,0.0
2025-01-31 00:00:00-05:00,213.0764790494575,213.79607456093206,209.69246456764532,210.8982696533203,2346000,0.0,0.0
2025-02-03 00:00:00-05:00,210.04255329808413,213.65995401414187,208.85620065260605,213.24180603027344,2677900,0.0,0.0
2025-02-04 00:00:00-05:00,213.5724473842073,217.9386003768201,213.03761382221117,216.91757202148438,4763400,0.0,0.0
2025-02-05 00:00:00-05:00,218.18168018800188,219.49445197718543,216.40215136090495,219.2902374267578,2407200,0.0,0.0
2025-02-06 00:00:00-05:00,220.204339852571,221.1573065787768,218.9888157698808,219.76675415039062,2955800,0.0,0.0
2025-02-07 00:00:00-05:00,219.70838911741643,221.7310227667226,219.41666039952767,221.12811279296875,2210300,0.0,0.0
2025-02-10 00:00:00-05:00,221.09894012517748,222.16860713859842,219.24163080251225,221.76019287109375,1698700,0.0,0.0
2025-02-11 00:00:00-05:00,221.69214108790038,222.27559858525535,220.69055042652874,221.7115936279297,2085000,0.0,0.0
2025-02-12 00:00:00-05:00,220.6127597456426,222.73264151521963,220.14600264070322,222.65484619140625,2045000,0.0,0.0
2025-02-13 00:00:00-05:00,222.89793658115235,225.25118933185234,222.59648899460768,224.72608947753906,1567600,0.0,0.0
2025-02-14 00:00:00-05:00,225.2122819686212,225.4164816816856,222.46033398265124,222.5186767578125,1691900,0.0,0.0
2025-02-18 00:00:00-05:00,222.17833731034398,224.43435700345276,221.62406607546407,223.7925567626953,1394300,0.0,0.0
2025-02-19 00:00:00-05:00,223.69531603099605,225.3289880742344,223.04379691903023,224.75526428222656,2042500,0.0,0.0
2025-02-20 00:00:00-05:00,223.6467036851298,224.96919442929362,222.00331281503583,224.21070861816406,1787000,0.0,0.0
2025-02-21 00:00:00-05:00,223.72449531192393,224.97890956718638,222.93682328603583,223.6661376953125,2193700,0.0,0.0
2025-02-24 00:00:00-05:00,224.62882926133045,228.14898192412508,222.9270957063204,226.4278106689453,1880600,0.0,0.0
2025-02-25 00:00:00-05:00,227.68224254623303,228.69355203729393,226.4375470935703,227.74058532714844,2253300,0.0,0.0
2025-02-26 00:00:00-05:00,227.12794230016414,227.7502899470623,224.9788895037859,225.17337036132812,1372400,0.0,0.0
2025-02-27 00:00:00-05:00,225.09562026258678,229.49095974797666,225.09562026258678,228.13929748535156,1614800,0.0,0.0
2025-02-28 00:00:00-05:00,230.210514465816,231.40658586337156,227.97394745756947,231.28016662597656,2361400,0.0,0.0
2025-03-03 00:00:00-05:00,230.5119826049923,233.19585435170868,228.59631552516788,232.8749542236328,2009000,0.0,0.0
2025-03-04 00:00:00-05:00,233.1958481846635,235.1698579923084,229.86045741931162,230.2397003173828,2116600,0.0,0.0
2025-03-05 00:00:00-05:00,229.06307801093612,232.456826562578,228.96584498791285,231.24130249023438,1728200,0.0,0.0
2025-03-06 00:00:00-05:00,230.22997100563765,230.7161806194814,228.07119913313616,229.88963317871094,2043800,0.0,0.0
2025-03-07 00:00:00-05:00,228.54769100038592,230.4439055359485,227.38079088911203,228.99501037597656,1671900,0.0,0.0
2025-03-10 00:00:00-04:00,228.48934050253033,231.9900555560437,227.69194963669807,229.70486450195312,2184300,0.0,0.0
2025-03-11 00:00:00-04:00,229.43259702343343,229.6854206832535,225.49429614819977,226.68064880371094,2572600,0.0,0.0
2025-03-12 00:00:00-04:00,225.91244623113676,226.45699863453277,221.9449739290429,223.47166442871094,1828800,0.0,0.0
2025-03-13 00:00:00-04:00,223.56891210578854,225.56237452497328,222.34365436120837,223.59808349609375,1596200,0.0,0.0
2025-03-14 00:00:00-04:00,223.5980830394388,225.49429759510667,222.97573531763135,225.14422607421875,1721100,0.0,0.0
2025-03-17 00:00:00-04:00,224.4343551651457,226.94319849106108,223.97731695240492,226.4861602783203,1603100,0.0,0.0
2025-03-18 00:00:00-04:00,226.3208561282392,227.7600324289058,225.20256511494605,225.75685119628906,1510800,0.0,0.0
2025-03-19 00:00:00-04:00,225.57207540142107,226.6611801205398,224.17178942658904,226.15553283691406,1598600,0.0,0.0
2025-03-20 00:00:00-04:00,226.09717534314822,227.60442802069022,224.6677179795759,226.93345642089844,1713900,0.0,0.0
2025-03-21 00:00:00-04:00,226.61255654066247,227.49746154526727,224.8816516074459,225.90269470214844,3067100,0.0,0.0
2025-03-24 00:00:00-04:00,227.38078218093628,229.27699664387805,226.41808183608615,228.14898681640625,2226500,0.0,0.0
2025-03-25 00:00:00-04:00,230.59948843243228,231.28991259293988,228.28512598891442,230.0938262939453,1444400,0.0,0.0
2025-03-26 00:00:00-04:00,230.45363817110874,232.63184774541233,230.42446678130574,232.21371459960938,1873700,0.0,0.0
2025-03-27 00:00:00-04:00,233.3806106499463,237.16332078737992,232.0484010789602,236.69656372070312,2507400,0.0,0.0
2025-03-28 00:00:00-04:00,236.9493920831087,237.1049827210731,234.8295252831186,235.70469665527344,2431100,0.0,0.0
2025-03-31 00:00:00-04:00,236.910476760771,239.1956528074382,235.0726052034702,237.2994384765625,2595200,0.0,0.0
2025-04-01 00:00:00-04:00,237.24110754242085,238.33994595937958,235.4907500581314,237.27027893066406,1937600,0.0,0.0
2025-04-02 00:00:00-04:00,236.13253941099742,237.2897205512012,234.24604392239013,236.92019653320312,2052400,0.0,0.0
2025-04-03 00:00:00-04:00,236.43725082186816,240.5351162301924,235.3444906830458,238.330078125,2117000,0.815,0.0
2025-04-04 00:00:00-04:00,236.6128737088079,241.9693786192811,223.763130671079,224.6022186279297,5141200,0.0,0.0
2025-04-07 00:00:00-04:00,223.71432942508844,227.5487710294393,217.13823609452075,218.29930114746094,6027200,0.0,0.0
2025-04-08 00:00:00-04:00,222.55328904633816,223.8314313414129,212.04517940257278,215.28443908691406,3109900,0.0,0.0
2025-04-09 00:00:00-04:00,213.44037492698362,225.2363918993019,212.26955848441855,223.97775268554688,2858800,0.0,0.0
2025-04-10 00:00:00-04:00,224.0070377253208,226.37795495932352,218.7481073891772,223.2069854736328,2257000,0.0,0.0
2025-04-11 00:00:00-04:00,223.45090532778784,229.05131573088022,221.31415736222536,227.6658477783203,2500200,0.0,0.0
2025-04-14 00:00:00-04:00,229.4025579820012,233.51994099842207,227.91953069771145,231.549072265625,2339100,0.0,0.0
2025-04-15 00:00:00-04:00,231.70517811834017,232.3296145982206,226.36819129859694,226.70968627929688,2406600,0.0,0.0
2025-04-16 00:00:00-04:00,228.651294818766,229.52940347846553,224.32901180653732,225.69497680664062,2164200,0.0,0.0
2025-04-17 00:00:00-04:00,213.4501760055324,219.3140255288827,208.13270658507608,214.71856689453125,4377600,0.0,0.0
2025-04-21 00:00:00-04:00,213.29404271408268,213.9867841345669,204.8153557978949,206.94235229492188,2708600,0.0,0.0
2025-04-22 00:00:00-04:00,208.98153563698938,214.85515122623372,208.24977341680537,214.21119689941406,2483000,0.0,0.0
2025-04-23 00:00:00-04:00,215.8601223989054,216.39673616386847,212.5232881690067,213.71360778808594,2166200,0.0,0.0
2025-04-24 00:00:00-04:00,213.10866669670676,213.80140813708033,210.21088716398253,213.6355438232422,1792900,0.0,0.0
2025-04-25 00:00:00-04:00,211.60612480503153,214.37706083413315,207.03992081759466,213.9087371826172,3174600,0.0,0.0
2025-04-28 00:00:00-04:00,214.7770981489568,216.2503740822933,214.10387451386072,215.0990753173828,2196900,0.0,0.0
2025-04-29 00:00:00-04:00,213.12819447672112,216.89433140937356,212.57204802693414,216.60162353515625,2059900,0.0,0.0
2025-04-30 00:00:00-04:00,217.23579542266845,220.7775291739506,213.9087279917941,219.9872283935547,3263800,0.0,0.0
2025-05-01 00:00:00-04:00,217.94805985702467,220.12382864421568,215.8113118368201,218.552978515625,2313000,0.0,0.0
2025-05-02 00:00:00-04:00,220.44580692788085,222.03617489196535,219.25547254421787,221.76296997070312,1355600,0.0,0.0
2025-05-05 00:00:00-04:00,221.51904311450525,221.59709953446077,218.04561430905335,221.06048583984375,1501300,0.0,0.0
2025-05-06 00:00:00-04:00,220.5043418221875,222.0166533387815,219.37254605216648,221.18731689453125,1689100,0.0,0.0
2025-05-07 00:00:00-04:00,221.1873217432163,223.48018263035388,221.1873217432163,222.36790466308594,1677000,0.0,0.0
2025-05-08 00:00:00-04:00,222.45569239755176,225.63641316610614,222.28982809764366,222.87522888183594,1886900,0.0,0.0
2025-05-09 00:00:00-04:00,222.89476295862053,222.96306791001277,221.08975846608658,221.33367919921875,1525200,0.0,0.0
2025-05-12 00:00:00-04:00,221.31417424102375,221.72395930998525,216.80652359470642,221.50930786132812,1661900,0.0,0.0
2025-05-13 00:00:00-04:00,220.9043852136602,223.3826134113743,218.1334491468641,218.32858276367188,2983600,0.0,0.0
2025-05-14 00:00:00-04:00,218.63102669152562,219.16765526572541,214.45510505769033,217.0991973876953,2335900,0.0,0.0
2025-05-15 00:00:00-04:00,218.01635609712358,221.86054937087928,217.84074030909971,221.71420288085938,2302400,0.0,0.0
2025-05-16 00:00:00-04:00,222.01665622570366,226.26086808686082,221.28489401987588,225.76327514648438,2422500,0.0,0.0
2025-05-19 00:00:00-04:00,226.12427512044403,227.1877808505704,225.2364149506737,226.20233154296875,1208000,0.0,0.0
2025-05-20 00:00:00-04:00,225.76327031678633,226.77797400322123,224.41682312279053,225.19737243652344,1479100,0.0,0.0
2025-05-21 00:00:00-04:00,224.6412322566056,226.50477524774945,223.28503364525776,223.44113159179688,1653400,0.0,0.0
2025-05-22 00:00:00-04:00,223.2265021934609,224.39733367834157,220.52387106106266,222.91429138183594,1664400,0.0,0.0
2025-05-23 00:00:00-04:00,222.77767405238734,224.84611699646837,221.4117090860548,223.75335693359375,1514200,0.0,0.0
2025-05-27 00:00:00-04:00,224.2021781365637,226.19257968820642,223.0313615761658,225.89987182617188,1314400,0.0,0.0
2025-05-28 00:00:00-04:00,224.93396774758858,226.26089731440712,223.62655601068062,223.93878173828125,1134400,0.0,0.0
2025-05-29 00:00:00-04:00,223.43138406356,225.9876684970664,222.66060112329112,225.86083984375,994100,0.0,0.0
2025-05-30 00:00:00-04:00,225.88034592364477,228.71958677472142,222.58254779998666,227.9780731201172,3744200,0.0,0.0
2025-06-02 00:00:00-04:00,226.40722295039075,229.10010243081757,224.80710356850122,229.0513153076172,1425600,0.0,0.0
2025-06-03 00:00:00-04:00,228.748861686297,230.04652177951345,225.87059999863564,229.14889526367188,1940300,0.0,0.0
2025-06-04 00:00:00-04:00,229.2757412394929,229.6562569935861,226.61211607310025,226.67066955566406,1337000,0.0,0.0
2025-06-05 00:00:00-04:00,227.2853394841228,227.82196808242173,221.80200608707244,223.2947998046875,1764400,0.0,0.0
2025-06-06 00:00:00-04:00,224.38753978727476,225.73398689702938,223.7338340581481,224.41680908203125,1060000,0.0,0.0
2025-06-09 00:00:00-04:00,223.27528688942442,223.4704205055334,213.89897296868995,217.10897827148438,2528500,0.0,0.0
2025-06-10 00:00:00-04:00,217.15774928320735,217.15774928320735,211.9085705392702,212.81594848632812,2930600,0.0,0.0
2025-06-11 00:00:00-04:00,211.81098518302167,213.12816297846314,208.52293876045664,212.00611877441406,2938300,0.0,0.0
2025-06-12 00:00:00-04:00,212.39642507707453,214.0941038923878,210.87436204772865,214.06483459472656,2135100,0.0,0.0
2025-06-13 00:00:00-04:00,213.40135984513472,214.34777342594214,211.6451276906602,212.0939483642578,1574500,0.0,0.0
2025-06-16 00:00:00-04:00,212.80623516978503,213.87949250277242,210.81584825594007,211.3622283935547,2624800,0.0,0.0
2025-06-17 00:00:00-04:00,211.7232081217471,211.7232081217471,209.96697576807384,210.77679443359375,3220500,0.0,0.0
2025-06-18 00:00:00-04:00,210.90362089699408,211.26461880875868,208.61076010885208,209.10836791992188,2511000,0.0,0.0
2025-06-20 00:00:00-04:00,209.49866525341403,213.00136382260635,209.16693659015868,210.9524383544922,4678800,0.0,0.0
2025-06-23 00:00:00-04:00,211.53783221466617,213.83069325625436,209.58646618360945,213.7819061279297,1964100,0.0,0.0
2025-06-24 00:00:00-04:00,213.85992347700338,214.96244984716265,210.10353859852816,214.3282470703125,1576200,0.0,0.0
2025-06-25 00:00:00-04:00,213.6648105322673,214.02580845285138,210.8548389254245,211.0499725341797,1743200,0.0,0.0
2025-06-26 00:00:00-04:00,211.0694881321308,211.99638392973338,209.80109735700836,210.76702880859375,2186600,0.0,0.0
2025-06-27 00:00:00-04:00,210.93290766896243,213.65505665631153,210.86460271365078,211.69393920898438,2378700,0.0,0.0
2025-06-30 00:00:00-04:00,211.0402088679122,213.9965267885334,209.9279309857749,213.32330322265625,2394500,0.0,0.0
2025-07-01 00:00:00-04:00,213.30378768977525,214.367293349781,210.95240325011727,212.5330047607422,2333200,0.0,0.0
2025-07-02 00:00:00-04:00,211.1768133783515,211.7914983814214,205.3910059268389,207.54727172851562,3994300,0.0,0.0
2025-07-03 00:00:00-04:00,208.47418270292775,209.97674284477912,207.04969387455228,209.8498992919922,1711800,0.0,0.0
2025-07-07 00:00:00-04:00,209.59619962446814,210.26940829375138,207.07893605321667,207.9765625,2758900,0.0,0.0
2025-07-08 00:00:00-04:00,206.46426513826236,209.8498860918795,206.2105929363861,207.986328125,2124400,0.0,0.0
2025-07-09 00:00:00-04:00,207.66436073133573,209.1181337230101,206.8838113741432,208.96202087402344,1852700,0.0,0.0
2025-07-10 00:00:00-04:00,208.56198089393,210.00600237122052,207.45946929011174,209.4888916015625,2234000,0.0,0.0
2025-07-11 00:00:00-04:00,208.5912329315934,209.01078430471281,206.24960001322776,206.59109497070312,2234500,0.0,0.0
2025-07-14 00:00:00-04:00,206.59110069582823,208.83515943489218,205.98616717975744,208.37660217285156,2409200,0.0,0.0
2025-07-15 00:00:00-04:00,207.60581887883984,208.41563752154872,205.72275791359692,205.7715301513672,2968300,0.0,0.0
2025-07-16 00:00:00-04:00,210.3572540779981,210.3572540779981,204.49338990597286,206.8252716064453,3331000,0.0,0.0
2025-07-17 00:00:00-04:00,209.76208646138343,211.05974659418604,204.1616608705102,205.9081268310547,3589700,0.0,0.0
2025-07-18 00:00:00-04:00,205.92764653527607,207.97658673999976,205.693492149187,207.11798095703125,3524100,0.0,0.0
2025-07-21 00:00:00-04:00,206.4057431516282,208.57176061864115,204.73731865870263,204.90318298339844,2181000,0.0,0.0
2025-07-22 00:00:00-04:00,205.85933501552472,207.72287799082278,204.21042857586033,205.1861114501953,1779900,0.0,0.0
2025-07-23 00:00:00-04:00,205.95691243152808,207.82047045798842,203.69333570619287,204.6982879638672,2414600,0.0,0.0
2025-07-24 00:00:00-04:00,204.52189243040414,206.4522698517916,203.8849722454688,204.12994384765625,2767700,0.9,0.0
2025-07-25 00:00:00-04:00,204.94324799889807,206.96182667465337,204.8746637213847,206.16810607910156,2292700,0.0,0.0
2025-07-28 00:00:00-04:00,205.24704101285514,205.47241073027084,201.7488388921464,202.12120056152344,2483200,0.0,0.0
2025-07-29 00:00:00-04:00,201.6998287287948,202.14077465283154,197.45691849144006,198.83856201171875,4765200,0.0,0.0
2025-07-30 00:00:00-04:00,198.70138069202577,199.25992316667143,195.55595344094942,196.52603149414062,3081000,0.0,0.0
2025-07-31 00:00:00-04:00,194.99740033739388,197.01596399883692,194.45845980839687,195.19337463378906,3006600,0.0,0.0
2025-08-01 00:00:00-04:00,195.9478946361364,195.97729003349096,192.32231776089293,193.80194091796875,3514400,0.0,0.0
2025-08-04 00:00:00-04:00,194.89941831958163,195.21298917560037,193.3806062103702,195.0758056640625,2338200,0.0,0.0
2025-08-05 00:00:00-04:00,195.4677358018815,197.1433481325644,194.9582056368462,196.46722412109375,2555100,0.0,0.0
2025-08-06 00:00:00-04:00,196.80040823572577,200.37700306205434,196.60443391896794,199.79885864257812,3756600,0.0,0.0
2025-08-07 00:00:00-04:00,200.89633084785171,200.89633084785171,197.68230438109543,199.22071838378906,3026800,0.0,0.0
2025-08-08 00:00:00-04:00,199.58326455113888,200.57295943281952,198.08403948185384,199.57347106933594,2219200,0.0,0.0
2025-08-11 00:00:00-04:00,199.43630587160627,200.5435824440853,198.16245038190257,199.2599334716797,2724500,0.0,0.0
2025-08-12 00:00:00-04:00,199.58327134641715,200.97472330760314,198.36822167873518,200.29859924316406,2469500,0.0,0.0
2025-08-13 00:00:00-04:00,201.04330327105072,205.88394477736668,200.29859494387935,205.1392364501953,2069500,0.0,0.0
2025-08-14 00:00:00-04:00,205.18822096333886,205.64876880067234,202.09179107966557,202.8267059326172,1677100,0.0,0.0
2025-08-15 00:00:00-04:00,203.7085977274419,205.07063932318297,202.92468556076858,203.0422821044922,1767600,0.0,0.0
2025-08-18 00:00:00-04:00,202.5915273486154,204.12014784707063,202.55233846870567,203.47341918945312,1732000,0.0,0.0
2025-08-19 00:00:00-04:00,203.89477159072015,207.5791392109018,203.89477159072015,206.68743896484375,1480500,0.0,0.0
2025-08-20 00:00:00-04:00,207.7359415379105,209.4997402583257,206.52087687453965,206.9618377685547,1886800,0.0,0.0
2025-08-21 00:00:00-04:00,206.21711712732252,207.12841937466726,205.45280683052079,206.8638458251953,1503600,0.0,0.0
2025-08-22 00:00:00-04:00,207.8045409460777,208.37286196857988,205.8839567929225,206.3151092529297,1467100,0.0,0.0
2025-08-25 00:00:00-04:00,206.14851037041248,207.03040216999707,202.80709408090783,202.84628295898438,1370700,0.0,0.0
2025-08-26 00:00:00-04:00,202.5033360882013,202.76789466270472,201.14129452923282,202.26815795898438,2050500,0.0,0.0
2025-08-27 00:00:00-04:00,202.45435539461587,203.46363731854876,201.77823130051132,202.21917724609375,1383600,0.0,0.0
2025-08-28 00:00:00-04:00,202.05258736716905,202.8462930165248,200.18100061876171,202.2877655029297,2190300,0.0,0.0
2025-08-29 00:00:00-04:00,202.57191914378484,203.35583128457088,201.20008411131963,201.67042541503906,2404900,0.0,0.0
2025-09-02 00:00:00-04:00,201.51364437030975,203.02267789065516,200.39657440480505,201.30787658691406,2892600,0.0,0.0
2025-09-03 00:00:00-04:00,200.7591412681375,201.582242300177,200.01441799468023,201.14129638671875,1244000,0.0,0.0
2025-09-04 00:00:00-04:00,201.59203960133388,202.8071042087082,200.6807523597139,201.9644012451172,2683800,0.0,0.0
2025-09-05 00:00:00-04:00,201.6312429209624,202.91489180310433,199.08353212070506,199.64207458496094,1516900,0.0,0.0
2025-09-08 00:00:00-04:00,198.69156704015828,199.5832522896251,196.98655934271451,199.36769104003906,1833500,0.0,0.0
2025-09-09 00:00:00-04:00,198.40739614156627,199.4852771734883,194.07630000290877,197.81947326660156,2193900,0.0,0.0
2025-09-10 00:00:00-04:00,196.98658711617153,197.427533062474,194.10571833756876,194.7720489501953,2529200,0.0,0.0
2025-09-11 00:00:00-04:00,194.92879194758856,199.37748452124035,194.39965987700518,199.36769104003906,2998900,0.0,0.0
2025-09-12 00:00:00-04:00,198.5544041689268,200.23981012716106,198.35841490950506,198.84835815429688,2652500,0.0,0.0
2025-09-15 00:00:00-04:00,198.9757401121107,199.62246875745615,193.3413930255335,194.12530517578125,2122700,0.0,0.0
2025-09-16 00:00:00-04:00,193.0768157510532,193.83133248931543,192.22431934083662,192.8710479736328,2162700,0.0,0.0
2025-09-17 00:00:00-04:00,193.42958068847656,195.8499014341356,193.1062313152256,193.42958068847656,1734300,0.0,0.0
2025-09-18 00:00:00-04:00,192.52809150564823,194.4486755862912,191.0876571831363,192.20472717285156,1455500,0.0,0.0
2025-09-19 00:00:00-04:00,193.1552098022982,193.95872385806274,192.12634100428428,192.82205200195312,3630000,0.0,0.0
2025-09-22 00:00:00-04:00,192.91023384772015,193.50796515929014,191.89115855435958,193.07681274414062,2355800,0.0,0.0
2025-09-23 00:00:00-04:00,193.2630034090983,194.3800733817223,191.69519403538578,193.48838806152344,2739100,0.0,0.0
2025-09-24 00:00:00-04:00,192.68487322077485,197.03557150280164,192.36150889420466,195.64413452148438,2831300,0.0,0.0
2025-09-25 00:00:00-04:00,196.73181381091712,197.6627029814373,193.361001909686,193.98812866210938,2324500,0.0,0.0
2025-09-26 00:00:00-04:00,195.66372417053475,196.87878878233263,194.5368607049252,195.546142578125,1694900,0.0,0.0
2025-09-29 00:00:00-04:00,195.25217614715376,196.25166455108706,194.17430998186367,196.20266723632812,2265300,0.0,0.0
2025-09-30 00:00:00-04:00,195.4285576144593,197.79008756715757,195.3697668192686,197.4765167236328,2490700,0.0,0.0
2025-10-01 00:00:00-04:00,196.60441280876773,197.80966893170304,196.21246421733719,197.2413330078125,2927100,0.0,0.0
2025-10-02 00:00:00-04:00,195.90272625435696,198.4323521619892,194.70189438662223,196.4342498779297,1996600,0.9,0.0
2025-10-03 00:00:00-04:00,196.1094133007452,198.94415060202903,196.1094133007452,197.97955322265625,2291200,0.0,0.0
2025-10-06 00:00:00-04:00,197.95004022177588,198.60951097951408,196.64093617347746,198.17642211914062,1491100,0.0,0.0
2025-10-07 00:00:00-04:00,199.02290007668125,200.7946203185931,198.19610230346674,200.6371307373047,1829700,0.0,0.0
2025-10-08 00:00:00-04:00,201.01116581490407,201.80843617327704,199.85955140625057,201.5328369140625,2656100,0.0,0.0
2025-10-09 00:00:00-04:00,203.74748622560963,204.23962991214495,201.35567511818417,202.76319885253906,3193200,0.0,0.0
2025-10-10 00:00:00-04:00,204.03292818031463,204.56445178604275,202.50729472821342,203.76718139648438,2841000,0.0,0.0
2025-10-13 00:00:00-04:00,202.28089210284318,203.74748569172743,200.56824169036943,202.1332550048828,2660000,0.0,0.0
2025-10-14 00:00:00-04:00,202.53682214863903,204.02309071318405,201.2966104146293,203.76718139648438,2013000,0.0,0.0
2025-10-15 00:00:00-04:00,202.06434912267954,202.80256465581945,197.95987256070572,200.64698791503906,3115700,0.0,0.0
2025-10-16 00:00:00-04:00,190.9025396327186,193.41247552501798,182.21128002439937,183.54991149902344,8749600,0.0,0.0
2025-10-17 00:00:00-04:00,183.88458805239011,188.09733712390624,183.07746513673675,186.61105346679688,5808100,0.0,0.0
2025-10-20 00:00:00-04:00,186.9161729043563,188.0481124357807,184.7015262347832,186.926025390625,2899600,0.0,0.0
2025-10-21 00:00:00-04:00,186.2763835732572,188.06779378426015,185.16413404622713,185.98109436035156,2751700,0.0,0.0
2025-10-22 00:00:00-04:00,186.099214610507,187.00475716115722,184.66214848551962,186.33543395996094,2740000,0.0,0.0
2025-10-23 00:00:00-04:00,186.35513033575685,186.5421473398763,184.17984863067812,185.12477111816406,2447600,0.0,0.0
2025-10-24 00:00:00-04:00,185.19367104230918,185.56770506593378,183.49085802044567,183.6188201904297,2119700,0.0,0.0
2025-10-27 00:00:00-04:00,183.9337815207586,185.42990257318397,182.8313844395156,184.6719970703125,2679200,0.0,0.0
2025-10-28 00:00:00-04:00,184.06174768130182,184.6720010760794,179.85883618934574,179.9474334716797,2990100,0.0,0.0
2025-10-29 00:00:00-04:00,178.14616781516148,179.92772546493154,176.44333993440247,177.16188049316406,3850800,0.0,0.0
2025-10-30 00:00:00-04:00,177.88041726336473,178.6284702684593,175.50828106301844,175.8626251220703,4477800,0.0,0.0
2025-10-31 00:00:00-04:00,175.1047124657918,176.48272375862118,173.33300726206298,175.3507843017578,4252200,0.0,0.0
2025-11-03 00:00:00-05:00,173.18536533144587,175.2622123498678,171.44317242504565,174.34683227539062,4468100,0.0,0.0
2025-11-04 00:00:00-05:00,175.30159559302095,177.7130967693615,174.87834419232183,177.66387939453125,3336400,0.0,0.0
2025-11-05 00:00:00-05:00,178.0871086658041,179.22888563252837,175.5476604391371,175.59686279296875,2548500,0.0,0.0
2025-11-06 00:00:00-05:00,174.24839201119383,176.1874393327473,173.11646754264706,173.8054656982422,2693400,0.0,0.0
2025-11-07 00:00:00-05:00,173.79564632356937,177.73279621572394,172.86056120895472,177.22096252441406,2902700,0.0,0.0
2025-11-10 00:00:00-05:00,176.04963659313776,177.05361389872547,174.07122442006863,175.32125854492188,2142900,0.0,0.0
2025-11-11 00:00:00-05:00,176.17761422490935,179.25842369798482,175.34096389361633,179.0615692138672,2719400,0.0,0.0
2025-11-12 00:00:00-05:00,178.61864086026813,180.4494160781302,178.22493189646232,179.9178924560547,1901000,0.0,0.0
2025-11-13 00:00:00-05:00,180.0163201729194,181.43369641769533,179.67181357877422,180.96124267578125,2381900,0.0,0.0
2025-11-14 00:00:00-05:00,181.67976918858974,182.41798473490965,178.38240040741397,179.9375762939453,2857800,0.0,0.0
2025-11-17 00:00:00-05:00,180.53798136487617,180.8037431509225,177.78197382029953,178.02804565429688,3202200,0.0,0.0
2025-11-18 00:00:00-05:00,178.83517713882495,178.98281423875937,176.65005794559426,177.4178009033203,2729000,0.0,0.0
2025-11-19 00:00:00-05:00,177.70324090084085,177.91978533074524,173.88421599505253,174.34683227539062,2258600,0.0,0.0
2025-11-20 00:00:00-05:00,174.77007046822553,176.72880782491913,173.86452785148748,176.1382293701172,3835300,0.0,0.0
2025-11-21 00:00:00-05:00,177.21110799422357,179.4552972243879,176.41383755330054,178.07728576660156,3230800,0.0,0.0
2025-11-24 00:00:00-05:00,178.41193139819057,178.41193139819057,175.69530354021927,176.76817321777344,3519400,0.0,0.0
2025-11-25 00:00:00-05:00,177.86072188673828,179.5044799658445,176.99455922805,179.1599884033203,2158400,0.0,0.0
2025-11-26 00:00:00-05:00,179.17966665643078,180.17380651469793,178.2150692368452,179.8292999267578,2275600,0.0,0.0
2025-11-28 00:00:00-05:00,179.14030641844818,181.4336978578475,179.14030641844818,180.56752014160156,1309200,0.0,0.0
2025-12-01 00:00:00-05:00,179.35684118757743,182.3392306410748,179.29778634992925,181.10887145996094,3051300,0.0,0.0
2025-12-02 00:00:00-05:00,180.51830775972357,181.8963191663146,179.01234920080995,180.47894287109375,2395000,0.0,0.0
2025-12-03 00:00:00-05:00,180.41003799704902,181.87663168728884,179.9178942777915,180.98092651367188,2394400,0.0,0.0
2025-12-04 00:00:00-05:00,181.26637946469714,182.14239468993227,179.56355137124632,180.3214569091797,3144700,0.0,0.0
2025-12-05 00:00:00-05:00,180.4986360318395,180.61674571886164,177.3193767785057,178.96315002441406,2837200,0.0,0.0
2025-12-08 00:00:00-05:00,178.4906577177138,179.6914894409811,177.17171632298823,178.74658203125,2994200,0.0,0.0
2025-12-09 00:00:00-05:00,179.09108696925932,179.90804730233558,178.07727216269046,178.41192626953125,2287700,0.0,0.0
2025-12-10 00:00:00-05:00,178.59893077846058,179.15998175864,177.18155463804166,178.08709716796875,2788400,0.0,0.0
2025-12-11 00:00:00-05:00,178.8942285109062,182.24079954283667,178.65799413655702,180.5872039794922,3677000,0.0,0.0
2025-12-12 00:00:00-05:00,180.58721153016808,183.31369184936003,180.193502575491,183.28416442871094,2929400,0.0,0.0
2025-12-15 00:00:00-05:00,183.42197034164096,184.48498755945332,182.74280960540264,184.35704040527344,2562600,0.0,0.0
2025-12-16 00:00:00-05:00,185.44958668507599,185.78424078576447,183.61881157908806,184.22906494140625,2936200,0.0,0.0
2025-12-17 00:00:00-05:00,183.78615255190837,185.59723784239532,182.7231203112223,183.4318084716797,2912700,0.0,0.0
2025-12-18 00:00:00-05:00,182.8215437701828,184.29797484343032,182.4376722918998,182.8116912841797,2898200,0.0,0.0
2025-12-19 00:00:00-05:00,182.2998629716985,183.2349329312587,181.0301239055211,181.79786682128906,7301300,0.0,0.0
2025-12-22 00:00:00-05:00,181.86677553232732,183.4908436313849,181.53210642315446,182.5951385498047,2252000,0.0,0.0
2025-12-23 00:00:00-05:00,182.30971095127362,183.24478096475585,182.0734765716327,182.97901916503906,1785400,0.0,0.0
2025-12-24 00:00:00-05:00,182.83139073202653,185.16414714281257,182.54595398475004,184.65232849121094,973500,0.0,0.0
2025-12-26 00:00:00-05:00,184.39640644625737,185.1444745170635,183.44164642254339,184.06175231933594,938200,0.0,0.0
2025-12-29 00:00:00-05:00,184.42592990551853,185.53817950119222,184.07158583196974,184.68185424804688,1555100,0.0,0.0
2025-12-30 00:00:00-05:00,184.32750965556605,184.9476005182551,183.70740377384288,184.4160919189453,1417300,0.0,0.0
2025-12-31 00:00:00-05:00,184.48498859165335,184.4948410782846,182.57548356450337,182.60501098632812,1191900,0.0,0.0
2026-01-02 00:00:00-05:00,181.51242504317042,182.09315094702833,178.9434345831024,179.6029052734375,1983600,0.0,0.0
2026-01-05 00:00:00-05:00,178.22492180829676,184.66215461826033,177.77214300841814,184.39639282226562,3209200,0.0,0.0
2026-01-06 00:00:00-05:00,183.52036938007052,184.7507285405953,181.87661134389333,182.62466430664062,2155500,0.0,0.0
2026-01-07 00:00:00-05:00,181.79788923927185,182.62468709374085,178.51037275671573,180.0261688232422,2272200,0.0,0.0
2026-01-08 00:00:00-05:00,179.94742337764004,184.5341910866034,179.6029167920868,183.9633026123047,2309300,0.0,0.0
2026-01-09 00:00:00-05:00,183.73692882670272,184.75074365640012,182.673896622751,183.08729553222656,1994400,0.0,0.0
2026-01-12 00:00:00-05:00,183.38256499274658,184.48496196585913,182.16205834938125,182.7132568359375,2380300,0.0,0.0
2026-01-13 00:00:00-05:00,182.29987084356816,182.32939826321638,178.97297471889343,179.8292999267578,2165700,0.0,0.0
2026-01-14 00:00:00-05:00,179.937586764122,181.75852455861434,179.1698437527987,180.39036560058594,1696600,0.0,0.0
2026-01-15 00:00:00-05:00,180.26238740398492,181.55180144893686,179.0221907310838,179.39620971679688,2213500,0.0,0.0
2026-01-16 00:00:00-05:00,177.0929983986567,179.799788919736,177.05363350854356,179.53402709960938,4296300,0.0,0.0
2026-01-20 00:00:00-05:00,179.1895259019381,179.66197965316505,177.23078855019557,178.15602111816406,3089800,0.0,0.0
2026-01-21 00:00:00-05:00,178.59894336861305,179.14030443527363,175.45906420101534,176.85675048828125,3337700,0.0,0.0
2026-01-22 00:00:00-05:00,175.98073306155567,177.8902529709474,175.50827932717047,177.81150817871094,2518300,0.0,0.0
2026-01-23 00:00:00-05:00,176.46303426441443,180.39034618347677,175.2031476625212,180.28207397460938,2611200,0.0,0.0
2026-01-26 00:00:00-05:00,180.02616290649664,182.0931724937693,179.4159095128787,180.77423095703125,3281400,0.0,0.0
2026-01-27 00:00:00-05:00,179.2485786506884,179.63245013514734,175.72482796356144,176.36460876464844,3389400,0.0,0.0
2026-01-28 00:00:00-05:00,175.20316079088795,176.91582630884218,173.97280151567105,175.3803253173828,4118200,0.0,0.0
2026-01-29 00:00:00-05:00,180.54439173319852,186.8164508149255,178.67464493769063,185.90631103515625,3610700,0.9,0.0
2026-01-30 00:00:00-05:00,187.96403372355311,187.96403372355311,183.66064059755905,186.17343139648438,2903800,0.0,0.0
2026-02-02 00:00:00-05:00,187.94424586929134,189.55678426992804,185.67879123781938,186.2327880859375,2811400,0.0,0.0
2026-02-03 00:00:00-05:00,185.17423964938195,188.32017177035937,184.64003273577973,186.47021484375,3063900,0.0,0.0
2026-02-04 00:00:00-05:00,186.36139059390712,191.24845769580293,185.22370453478527,187.71670532226562,4263000,0.0,0.0
2026-02-05 00:00:00-05:00,188.82469790386136,191.011022945968,185.0654294729844,185.50070190429688,3480200,0.0,0.0
2026-02-06 00:00:00-05:00,186.26246121112524,187.08356905510396,182.6614666842575,183.0472869873047,2342500,0.0,0.0
2026-02-09 00:00:00-05:00,182.20639943603413,182.98794259065522,168.94999408563743,169.30613708496094,5435500,0.0,0.0
2026-02-10 00:00:00-05:00,171.2648929954939,174.4998568795833,170.21625405390225,173.4611053466797,4799000,0.0,0.0
2026-02-11 00:00:00-05:00,172.26409061646058,174.0250155714696,170.16679750628785,171.1461944580078,4878200,0.0,0.0
2026-02-12 00:00:00-05:00,170.17669618145956,173.70843342131332,168.54436796532462,171.47265625,4544900,0.0,0.0
2026-02-13 00:00:00-05:00,170.40422203668632,172.89722271928622,170.40422203668632,172.19482421875,2757000,0.0,0.0
2026-02-17 00:00:00-05:00,175.26161175845823,176.39928267539187,172.41246811881004,173.94586181640625,2703900,0.0,0.0
2026-02-18 00:00:00-05:00,174.4207164749577,176.28057583164332,173.7183330593793,176.20143127441406,2642600,0.0,0.0
2026-02-19 00:00:00-05:00,175.8650890819955,177.48751486712905,174.85601478414364,176.9532928466797,2721700,0.0,0.0
2026-02-20 00:00:00-05:00,177.0819050272313,178.06130200330347,175.75626757335877,177.3984832763672,3868600,0.0,0.0
2026-02-23 00:00:00-05:00,177.00275639888338,179.06046968515204,174.75707666841842,175.09344482421875,3073500,0.0,0.0
2026-02-24 00:00:00-05:00,173.48091016210938,176.6268272571325,172.283869415683,176.51800537109375,3973900,0.0,0.0
2026-02-25 00:00:00-05:00,177.23029193797035,179.6936154965277,177.07201790842427,179.15940856933594,3475600,0.0,0.0
2026-02-26 00:00:00-05:00,180.48503781746507,183.75956657510625,179.84199393782632,183.3044891357422,2768600,0.0,0.0
2026-02-27 00:00:00-05:00,183.4627674569448,185.75791424166187,182.61198236885554,184.73895263671875,3369500,0.0,0.0
2026-03-02 00:00:00-05:00,183.35396513242173,185.50071044626569,182.65158166921404,184.43228149414062,1993100,0.0,0.0
2026-03-03 00:00:00-05:00,182.52297038761202,184.1355087776242,180.15858129371927,182.255859375,2513600,0.0,0.0
2026-03-04 00:00:00-05:00,181.33582272165015,183.0077156731602,179.9211382644951,182.85931396484375,2156200,0.0,0.0
2026-03-05 00:00:00-05:00,182.3745798395141,184.79832352950817,180.90054069236172,183.01760864257812,1989800,0.0,0.0
2026-03-06 00:00:00-05:00,182.31520492291813,182.31520492291813,179.0307887538237,181.11817932128906,3040400,0.0,0.0
2026-03-09 00:00:00-04:00,180.2871835850923,180.49492484316855,176.0134679898654,178.04150390625,3131300,0.0,0.0
2026-03-10 00:00:00-04:00,177.1709209738096,177.1709209738096,171.9574036017253,172.13546752929688,2667200,0.0,0.0
2026-03-11 00:00:00-04:00,172.4817220453597,173.43142651065463,169.7315129260527,172.1057891845703,2980900,0.0,0.0
2026-03-12 00:00:00-04:00,171.3836159487207,174.52953274729379,169.00932459396182,169.0489044189453,3028600,0.0,0.0
2026-03-13 00:00:00-04:00,171.0076963945126,171.98709335278014,169.34569080732666,170.3052978515625,1800800,0.0,0.0
2026-03-16 00:00:00-04:00,171.29457672277482,172.93679234323437,169.56332913495183,171.89804077148438,2183900,0.0,0.0
2026-03-17 00:00:00-04:00,173.12477259133178,174.72740851282978,169.10828028245803,170.09756469726562,2860200,0.0,0.0
2026-03-18 00:00:00-04:00,168.92031268917904,170.0480963106425,163.1231054536923,169.1874237060547,2257700,0.0,0.0
2026-03-19 00:00:00-04:00,169.41493580166627,170.53283188737285,167.98047659057687,169.07858276367188,3052600,0.0,0.0
2026-03-20 00:00:00-04:00,170.95822595526104,175.00439532027255,169.54355658176203,174.58889770507812,9676400,0.0,0.0
2026-03-23 00:00:00-04:00,174.57901182339413,176.2509048032714,171.9673017226911,172.00686645507812,2735300,0.0,0.0
2026-03-24 00:00:00-04:00,172.28386897045993,172.986267523128,170.8197323127708,171.24513244628906,2810900,0.0,0.0
2026-03-25 00:00:00-04:00,170.06787376040938,172.57076192192181,167.92112856353373,172.3333282470703,3821500,0.0,0.0
2026-03-26 00:00:00-04:00,172.50151800437436,175.14290557167016,171.3935242939743,172.27398681640625,3125900,0.0,0.0
2026-03-27 00:00:00-04:00,171.96730765874221,172.68948103816427,167.32756144539624,167.35723876953125,3986300,0.0,0.0
2026-03-30 00:00:00-04:00,168.34651624418854,173.6985482074269,168.30695151206146,172.84776306152344,3948000,0.0,0.0
2026-03-31 00:00:00-04:00,173.04561884916933,174.7471891600175,169.71173537857183,171.59136962890625,5076700,0.0,0.0
2026-04-01 00:00:00-04:00,170.91865473248166,172.87743344266417,169.741403986497,170.02828979492188,2839900,0.0,0.0
2026-04-02 00:00:00-04:00,170.0975500295965,174.28221851670585,169.88979367847776,172.7389373779297,2143700,0.0,0.0
2026-04-06 00:00:00-04:00,173.12476499091736,174.4306276068697,172.5509782440851,172.9467010498047,2372100,0.0,0.0
2026-04-07 00:00:00-04:00,173.30281526254305,173.56003883979233,170.45368676249845,170.80982971191406,1697700,0.0,0.0
2026-04-08 00:00:00-04:00,170.14702790041898,174.08437555126287,170.01841609905492,173.92608642578125,1912500,0.0,0.0
2026-04-09 00:00:00-04:00,172.38479452645723,173.69736120951285,171.06227438594632,172.16603088378906,2227400,0.9,0.0
2026-04-10 00:00:00-04:00,170.77391830594465,171.04238855335092,164.13148734744104,167.2041015625,2974700,0.0,0.0
2026-04-13 00:00:00-04:00,167.8802807185309,172.59362221097524,167.3333716044888,172.57373046875,2811300,0.0,0.0
2026-04-14 00:00:00-04:00,171.51969479474138,172.8620915150683,170.79379035051682,171.87767028808594,1997700,0.0,0.0
2026-04-15 00:00:00-04:00,172.46434392583961,174.85083704713114,171.55945934127658,173.91612243652344,2593600,0.0,0.0
2026-04-16 00:00:00-04:00,177.18763315412704,182.41803870045638,177.0981430711544,181.54299926757812,4155000,0.0,0.0
2026-04-17 00:00:00-04:00,180.73754583890408,181.08558306431053,174.70169910517126,174.8110809326172,3931500,0.0,0.0
2026-04-20 00:00:00-04:00,174.96022987192055,175.59662908915791,171.8975538974175,173.60787963867188,5032800,0.0,0.0
2026-04-21 00:00:00-04:00,174.86079825265801,178.07262430706078,174.08518719522272,177.99307250976562,3486200,0.0,0.0
2026-04-22 00:00:00-04:00,177.30694677090628,177.8439175949838,173.22006622900884,174.51275634765625,3555800,0.0,0.0
2026-04-23 00:00:00-04:00,173.71724886802286,174.11500783304857,171.47990589847004,173.0311279296875,3821400,0.0,0.0
2026-04-24 00:00:00-04:00,171.44014583170932,172.27541693899553,168.6658319192142,169.1431427001953,1713500,0.0,0.0
2026-04-27 00:00:00-04:00,168.0990375652808,172.10636618970946,168.0990375652808,169.19284057617188,3069700,0.0,0.0
2026-04-28 00:00:00-04:00,171.4003536529347,171.87766440970535,167.92004237615234,169.8590850830078,2069600,0.0,0.0
2026-04-29 00:00:00-04:00,169.66020844792843,170.52532476468053,168.53657534136235,169.86903381347656,2166900,0.0,0.0
2026-04-30 00:00:00-04:00,167.41292378445462,168.68572217662478,164.77783691932586,166.76658630371094,2994200,0.0,0.0
2026-05-01 00:00:00-04:00,167.98966206979895,170.0679015243718,165.0661980619923,165.24517822265625,2482100,0.0,0.0
2026-05-04 00:00:00-04:00,164.66845481557377,168.07915272096258,164.0718239320938,166.92567443847656,2979100,0.0,0.0
2026-05-05 00:00:00-04:00,166.54781942800935,167.02511502257934,164.79771029299707,166.3290557861328,2320500,0.0,0.0
2026-05-06 00:00:00-04:00,167.23393471309976,168.04932927425324,162.88852200082093,162.97801208496094,3087700,0.0,0.0
2026-05-07 00:00:00-04:00,161.93391942429335,166.6969673688325,161.93391942429335,165.0960235595703,2928500,0.0,0.0
2026-05-08 00:00:00-04:00,164.60877635952937,165.81197638752633,161.58588403582027,162.3316650390625,1948100,0.0,0.0
2026-05-11 00:00:00-04:00,162.07313825650573,163.8928457832143,160.472194378229,160.6710662841797,4216100,0.0,0.0
2026-05-12 00:00:00-04:00,161.65550684329705,163.96244832273928,160.15399129305402,162.47088623046875,3252200,0.0,0.0
2026-05-13 00:00:00-04:00,160.70088809813407,161.66543272429925,157.2702985837197,158.24478149414062,2227200,0.0,0.0
2026-05-14 00:00:00-04:00,158.48344333306693,161.06880842958384,158.32433974077105,159.11984252929688,3285000,0.0,0.0
2026-05-15 00:00:00-04:00,160.4721884292329,162.34160248341118,160.05455289033284,160.14404296875,3456900,0.0,0.0
2026-05-18 00:00:00-04:00,160.3329840013157,165.1457539651715,160.3329840013157,165.0463104248047,2415200,0.0,0.0
2026-05-19 00:00:00-04:00,166.0605796961363,168.21837103670285,164.00221672466915,165.1358184814453,2706800,0.0,0.0
2026-05-20 00:00:00-04:00,163.46525044862616,164.4894551389642,161.5361611723147,162.4609375,2073400,0.0,0.0
2026-05-21 00:00:00-04:00,161.08870261846445,164.3601887301101,159.9053942888414,164.19114685058594,2087100,0.0,0.0
2026-05-22 00:00:00-04:00,163.86299610964528,164.95681432194408,161.96375201076782,163.18682861328125,2463700,0.0,0.0
2026-05-26 00:00:00-04:00,161.70520588212437,163.0078342874741,160.98925489746668,161.05886840820312,2014100,0.0,0.0
2026-05-27 00:00:00-04:00,161.21797579171744,163.59453072996632,159.06018450242487,159.68663024902344,2854500,0.0,0.0
2026-05-28 00:00:00-04:00,159.21927632397646,160.8997720391401,158.49338702218563,158.63259887695312,2964700,0.0,0.0
2026-05-29 00:00:00-04:00,157.91663589906304,159.91533865828103,156.85266291241902,159.0701141357422,5898700,0.0,0.0
2026-06-01 00:00:00-04:00,158.94084283968124,161.66543488451737,158.94084283968124,161.63560485839844,2844000,0.0,0.0
2026-06-02 00:00:00-04:00,160.8003391444941,161.78476038515927,158.15529880540353,160.4821319580078,2410000,0.0,0.0
2026-06-03 00:00:00-04:00,159.3883068436992,160.38268149913497,155.71907711042186,156.43502807617188,4150300,0.0,0.0
2026-06-04 00:00:00-04:00,159.88550217179355,161.97369512187925,158.73203904521526,160.3528594970703,3179500,0.0,0.0
2026-06-05 00:00:00-04:00,162.39133066050923,165.27502640904137,161.64554963169203,164.5093536376953,3006700,0.0,0.0
2026-06-08 00:00:00-04:00,163.5249097357818,164.16130891100434,160.76054939594437,161.60577392578125,2364500,0.0,0.0
2026-06-09 00:00:00-04:00,160.88982276203245,165.84180431238593,160.7108274335867,164.58889770507812,1713600,0.0,0.0
2026-06-10 00:00:00-04:00,166.1202267198199,167.87033581575818,164.72810827800814,166.209716796875,2272500,0.0,0.0
2026-06-11 00:00:00-04:00,166.22961859428096,167.87034597097798,165.85175134880762,167.2041015625,2341300,0.0,0.0
2026-06-12 00:00:00-04:00,166.94556031733683,169.19284157667008,165.82191210119365,167.73110961914062,2541600,0.0,0.0
2026-06-15 00:00:00-04:00,166.97539086420852,167.0450043733334,164.6684495460146,165.255126953125,2331600,0.0,0.0
2026-06-16 00:00:00-04:00,165.59321845746751,166.49810308078685,164.87726745582518,165.84181213378906,2255100,0.0,0.0
2026-06-17 00:00:00-04:00,164.52924899574055,168.15871067989312,162.6896496817182,163.2962188720703,2407600,0.0,0.0
2026-06-18 00:00:00-04:00,164.03205744941144,164.07182576137512,159.77611976751402,161.49639892578125,4188300,0.0,0.0
2026-06-22 00:00:00-04:00,161.95379916698312,163.31610279527234,159.09994869265375,159.21926879882812,2676400,0.0,0.0
2026-06-23 00:00:00-04:00,161.15831789270084,163.7337447718254,160.88983247030805,162.91835021972656,2585400,0.0,0.0
2026-06-24 00:00:00-04:00,164.03205354474255,166.02080290056995,162.87857527685384,165.02642822265625,1996100,0.0,0.0
2026-06-25 00:00:00-04:00,164.31047553136182,166.13018299376745,161.09863443058762,161.31739807128906,1964100,0.0,0.0
2026-06-26 00:00:00-04:00,163.56469306466622,168.4868445904251,161.7748156444939,168.0791473388672,6654700,0.0,0.0
2026-06-29 00:00:00-04:00,167.2438871389268,168.05926652209385,164.44969659413604,165.772216796875,2216000,0.0,0.0
2026-06-30 00:00:00-04:00,163.9524979192196,166.7367348139651,162.81891141980088,165.732421875,2206200,0.0,0.0
2026-07-01 00:00:00-04:00,166.23955615641285,172.5240115847663,166.23955615641285,171.17166137695312,2466200,0.0,0.0
2026-07-02 00:00:00-04:00,171.94726381593688,177.53564453125,170.45570183088577,177.53564453125,2068200,0.0,0.0
2026-07-06 00:00:00-04:00,177.1279686256538,177.1279686256538,172.27541527651698,173.74708557128906,3094800,0.0,0.0
2026-07-07 00:00:00-04:00,176.80975413292103,178.79850343341698,174.92044836663106,176.99868774414062,1831000,0.0,0.0
2026-07-08 00:00:00-04:00,176.87936911480458,178.4803129219573,175.0497082116635,178.04278564453125,2325700,0.0,0.0
2026-07-09 00:00:00-04:00,176.48161870706565,178.73885353983448,176.03415312361514,177.99307250976562,2684000,0.0,0.0
2026-07-10 00:00:00-04:00,178.9874414285328,179.90226430841312,176.80975846347977,177.30694580078125,1526500,0.0,0.0
2026-07-13 00:00:00-04:00,179.31558825486456,181.3341676458153,178.9277827357399,180.5088348388672,1845500,0.0,0.0
2026-07-14 00:00:00-04:00,177.77430541111758,179.78294652822345,177.01858611090765,177.0484161376953,3233800,0.0,0.0
2026-07-15 00:00:00-04:00,175.65628783490536,177.51577887485004,174.10506570276834,175.2287139892578,1784700,0.0,0.0
2026-07-16 00:00:00-04:00,176.78987652358327,181.40377466263806,176.78987652358327,181.12535095214844,2902800,0.0,0.0
2026-07-17 00:00:00-04:00,182.35836662971826,184.95368507560045,180.1309619493404,181.15516662597656,1906300,0.0,0.0
2026-07-20 00:00:00-04:00,179.48463223805788,181.28444800623507,178.35104569399883,181.0756378173828,3991300,0.0,0.0
2026-07-21 00:00:00-04:00,185.6000302186548,188.01636861048968,180.16079943881547,180.56849670410156,2992000,0.0,0.0
2026-07-22 00:00:00-04:00,178.9874368815992,179.72327958437552,174.42326088262715,175.0,2376000,0.0,0.0
2026-07-23 00:00:00-04:00,176.07000732421875,176.6699981689453,174.58999633789062,176.39999389648438,3075200,0.99,0.0
2026-07-24 00:00:00-04:00,176.4600067138672,180.8699951171875,175.97000122070312,180.74000549316406,1938300,0.0,0.0
2026-07-27 00:00:00-04:00,181.27999877929688,185.0500030517578,181.25,183.30999755859375,2124800,0.0,0.0
2026-07-28 00:00:00-04:00,186.88999938964844,192.3800048828125,186.4600067138672,192.19000244140625,4651900,0.0,0.0
2026-07-29 00:00:00-04:00,191.6300048828125,198.49000549316406,190.00999450683594,197.58999633789062,5123500,0.0,0.0
2026-07-30 00:00:00-04:00,193.9600067138672,195.52999877929688,188.07000732421875,191.50999450683594,3714600,0.0,0.0
2026-07-31 00:00:00-04:00,188.69000244140625,191.10000610351562,187.92999267578125,189.69000244140625,2546200,0.0,0.0
2026-08-03 00:00:00-04:00,191.05999755859375,194.10000610351562,190.88999938964844,192.83999633789062,2355800,0.0,0.0
2026-08-04 00:00:00-04:00,189.14999389648438,192.24000549316406,188.8300018310547,191.4499969482422,2348300,0.0,0.0
2026-08-05 00:00:00-04:00,192.5,192.8800048828125,190.17999267578125,191.47000122070312,2097300,0.0,0.0
2026-08-06 00:00:00-04:00,192.80999755859375,193.3800048828125,190.32000732421875,193.2899932861328,1695300,0.0,0.0
2026-08-07 00:00:00-04:00,191.17999267578125,193.47999572753906,190.2899932861328,191.64999389648438,1688600,0.0,0.0
2026-08-10 00:00:00-04:00,190.8800048828125,191.77999877929688,189.3300018310547,190.7899932861328,1427800,0.0,0.0
2026-08-11 00:00:00-04:00,189.1699981689453,192.3800048828125,189.1699981689453,191.25,1193300,0.0,0.0
2026-08-12 00:00:00-04:00,188.44000244140625,190.86000061035156,188.00999450683594,188.86000061035156,1637800,0.0,0.0
2026-08-13 00:00:00-04:00,189.88999938964844,191.27000427246094,187.02999877929688,188.69000244140625,1517000,0.0,0.0
2026-08-14 00:00:00-04:00,188.67999267578125,189.86000061035156,187.02999877929688,187.82000732421875,1113000,0.0,0.0
2026-08-17 00:00:00-04:00,186.4199981689453,187.22000122070312,184.1300048828125,184.2100067138672,1337500,0.0,0.0
2026-08-18 00:00:00-04:00,186.77000427246094,188.47999572753906,185.3699951171875,186.3699951171875,1837300,0.0,0.0
2026-08-19 00:00:00-04:00,187.0,191.63999938964844,186.27999877929688,189.1999969482422,1893600,0.0,0.0
2026-08-20 00:00:00-04:00,188.4600067138672,191.80999755859375,187.5800018310547,190.2100067138672,2417500,0.0,0.0
2026-08-21 00:00:00-04:00,190.9499969482422,193.72999572753906,189.47999572753906,192.00999450683594,2552400,0.0,0.0
2026-08-24 00:00:00-04:00,193.7100067138672,195.6699981689453,192.72000122070312,194.6699981689453,1927400,0.0,0.0
2026-08-25 00:00:00-04:00,193.80999755859375,195.47000122070312,193.27999877929688,193.39999389648438,1644400,0.0,0.0
2026-08-26 00:00:00-04:00,193.92999267578125,195.5500030517578,193.0800018310547,193.25999450683594,2956200,0.0,0.0
2026-08-27 00:00:00-04:00,190.61000061035156,192.42999267578125,188.75999450683594,190.0,2674300,0.0,0.0
2026-08-28 00:00:00-04:00,190.47000122070312,194.6199951171875,190.47000122070312,192.63999938964844,1446800,0.0,0.0
2026-08-31 00:00:00-04:00,191.99000549316406,192.66000366210938,189.49000549316406,189.8000030517578,2360000,0.0,0.0
2026-09-01 00:00:00-04:00,190.88999938964844,191.7899932861328,186.5800018310547,187.5800018310547,2064300,0.0,0.0
2026-09-02 00:00:00-04:00,188.50999450683594,189.33999633789062,186.7100067138672,187.83999633789062,3011700,0.0,0.0
2026-09-03 00:00:00-04:00,188.75,191.22000122070312,187.58999633789062,188.4600067138672,1981300,0.0,0.0
2026-09-04 00:00:00-04:00,186.5399932861328,187.69000244140625,185.39999389648438,185.74000549316406,1409200,0.0,0.0
