Date,Open,High,Low,Close,Volume,Dividends,Stock Splits
2022-01-03 00:00:00-05:00,54.08533685834705,54.33240580524988,53.84575640706057,54.13774490356445,415400,0.0,0.0
2022-01-04 00:00:00-05:00,54.324913836003034,54.71423561447997,54.2350747425454,54.242557525634766,315900,0.0,0.0
2022-01-05 00:00:00-05:00,54.017952304927285,54.26502122791347,53.718475341796875,53.718475341796875,347500,0.0,0.0
2022-01-06 00:00:00-05:00,53.57622503852672,53.628633081155,53.10455265487218,53.179420471191406,300600,0.0,0.0
2022-01-07 00:00:00-05:00,53.45643858915253,53.78585812900121,53.33664551135422,53.61366271972656,276600,0.0,0.0
2022-01-10 00:00:00-05:00,53.20188287572053,53.61366445391127,53.16445182173407,53.561256408691406,280000,0.0,0.0
2022-01-11 00:00:00-05:00,53.64361239763634,53.710991721630734,53.359106686419565,53.62863540649414,321300,0.0,0.0
2022-01-12 00:00:00-05:00,53.80083211708682,54.1377401335069,53.71847580870893,53.93559646606445,215900,0.0,0.0
2022-01-13 00:00:00-05:00,54.362359347377,54.8265490157799,54.287491520098875,54.66931915283203,409300,0.0,0.0
2022-01-14 00:00:00-05:00,55.39554677020973,55.45544331436225,55.09606976149595,55.140995025634766,522700,0.0,0.0
2022-01-18 00:00:00-05:00,54.83402204389178,55.36559094865243,54.72920596194168,55.253292083740234,374000,0.0,0.0
2022-01-19 00:00:00-05:00,55.14099200485053,55.66507245735235,55.14099200485053,55.462928771972656,395900,0.0,0.0
2022-01-20 00:00:00-05:00,55.60517315155007,55.93459839791277,55.33565015512851,55.37308120727539,336500,0.0,0.0
2022-01-21 00:00:00-05:00,54.81156767768098,55.25329753408539,54.77413662303396,55.088584899902344,762600,0.0,0.0
2022-01-24 00:00:00-05:00,54.47465261577525,54.759152585087165,53.793342391516646,54.60941696166992,626000,0.0,0.0
2022-01-25 00:00:00-05:00,54.19763840949929,55.013713024528066,54.13774187201956,54.691776275634766,579100,0.0,0.0
2022-01-26 00:00:00-05:00,54.437219775019564,54.63936916444638,53.718478449159534,53.91313934326172,603800,0.0,0.0
2022-01-27 00:00:00-05:00,54.9313540899961,55.36558968586464,54.676796673888944,54.88642883300781,346600,0.0,0.0
2022-01-28 00:00:00-05:00,54.901418690392646,55.26078655823936,54.70675776328027,55.24581527709961,369700,0.0,0.0
2022-01-31 00:00:00-05:00,54.19015403508597,54.80407931081744,54.16020576406874,54.79659652709961,311200,0.0,0.0
2022-02-01 00:00:00-05:00,55.590206146240234,55.77737855750704,55.14099350160965,55.590206146240234,494000,0.0,0.0
2022-02-02 00:00:00-05:00,55.477901198891374,56.13675173800797,55.425493152556975,56.0618782043457,313300,0.0,0.0
2022-02-03 00:00:00-05:00,56.099310693916955,56.256534820932686,55.769885449475495,55.84475326538086,257800,0.0,0.0
2022-02-04 00:00:00-05:00,54.661833896168794,54.931362631818445,54.265029288698145,54.74419021606445,408800,0.0,0.0
2022-02-07 00:00:00-05:00,54.27999965966303,54.81156862605664,54.25753988407648,54.71424102783203,304000,0.0,0.0
2022-02-08 00:00:00-05:00,54.968788715557196,55.08858179258734,54.684288725683054,54.8939208984375,326000,0.0,0.0
2022-02-09 00:00:00-05:00,55.16344719201604,55.17841846996449,54.77413113282752,54.90888977050781,253600,0.0,0.0
2022-02-10 00:00:00-05:00,55.26827055596114,55.73994298613399,54.9837705410702,55.03617858886719,539800,0.0,0.0
2022-02-11 00:00:00-05:00,55.552765925078795,55.89716816699875,55.18590962117941,55.29072570800781,548900,0.0,0.0
2022-02-14 00:00:00-05:00,54.938846145937895,55.03617945913482,54.235081737542714,54.549530029296875,498400,0.0,0.0
2022-02-15 00:00:00-05:00,54.6243917346679,54.78161586293132,54.10779409033934,54.27250671386719,338300,0.0,0.0
2022-02-16 00:00:00-05:00,54.6169046289945,55.18591033055446,54.6169046289945,55.096065521240234,302300,0.0,0.0
2022-02-17 00:00:00-05:00,54.95381929547859,55.87470433008667,54.661830800403,55.126014709472656,550800,0.0,0.0
2022-02-18 00:00:00-05:00,55.3057026987252,55.515334872381985,55.12601308240652,55.29072570800781,324300,0.0,0.0
2022-02-22 00:00:00-05:00,53.883196677320676,54.71424267127731,53.78586336412375,54.549530029296875,392700,0.0,0.0
2022-02-23 00:00:00-05:00,54.54203612619358,54.93884069960092,54.40727176993747,54.482139587402344,356200,0.0,0.0
2022-02-24 00:00:00-05:00,53.35911510854464,53.53880475832197,52.543046035991146,53.37409210205078,590100,0.0,0.0
2022-02-25 00:00:00-05:00,54.976279958421316,55.57523394940923,54.90141213755997,55.56025695800781,486800,0.0,0.0
2022-02-28 00:00:00-05:00,56.43622284807299,56.79559638756326,56.2415676548957,56.58596420288086,550700,0.0,0.0
2022-03-01 00:00:00-05:00,57.095063135534154,57.47689066963987,56.40626445116701,56.72071838378906,407600,0.0,0.0
2022-03-02 00:00:00-05:00,56.33889042908184,56.65333867918982,56.293970882508745,56.44370651245117,397500,0.0,0.0
2022-03-03 00:00:00-05:00,55.75491220062965,56.13674547391497,55.20836631094485,55.90464782714844,526800,0.0,0.0
2022-03-04 00:00:00-05:00,55.00622764391456,55.49287704240827,54.80407824648634,55.462928771972656,718500,0.0,0.0
2022-03-07 00:00:00-05:00,55.036171982432464,55.41799955109859,54.56449389683013,54.774131774902344,592600,0.0,0.0
2022-03-08 00:00:00-05:00,55.19339869780797,55.51533545704233,54.14523210643692,54.81156539916992,495000,0.0,0.0
2022-03-09 00:00:00-05:00,55.912143572071486,56.548528635366765,55.620155064064846,56.204132080078125,492600,0.0,0.0
2022-03-10 00:00:00-05:00,55.2982110790813,55.91962478163214,55.26077431645129,55.732452392578125,298600,0.0,0.0
2022-03-11 00:00:00-05:00,54.9762787196328,55.223347663751724,54.369841958657695,54.44470977783203,672400,0.0,0.0
2022-03-14 00:00:00-04:00,54.58696414357809,55.20837220076828,54.429734293297116,54.57198715209961,467500,0.0,0.0
2022-03-15 00:00:00-04:00,56.391297098616164,56.76564187641156,55.91962473493125,56.600929260253906,454600,0.0,0.0
2022-03-16 00:00:00-04:00,56.21161897674486,56.21161897674486,54.6992627204081,55.3880615234375,407300,0.0,0.0
2022-03-17 00:00:00-04:00,56.144232074548704,56.48114582519773,55.79234704504897,56.30894470214844,285300,0.0,0.0
2022-03-18 00:00:00-04:00,55.83727607660091,56.27151744922647,55.575235838654024,56.13675308227539,496700,0.0,0.0
2022-03-21 00:00:00-04:00,56.10679171785539,56.26401582393491,55.78485501148851,55.897159576416016,381900,0.0,0.0
2022-03-22 00:00:00-04:00,56.09181985866431,56.09181985866431,55.605170507509236,55.79983139038086,270800,0.0,0.0
2022-03-23 00:00:00-04:00,54.89392621476772,55.268271048668765,54.82654688644898,55.021202087402344,318100,0.0,0.0
2022-03-24 00:00:00-04:00,55.38056624538162,55.64260644224484,55.200882354967966,55.4778938293457,288300,0.0,0.0
2022-03-25 00:00:00-04:00,55.71748520253512,56.08434726228081,55.58272083023138,56.06937026977539,196900,0.0,0.0
2022-03-28 00:00:00-04:00,55.42549773772457,55.94209546007766,55.38806667984554,55.80733108520508,235100,0.0,0.0
2022-03-29 00:00:00-04:00,56.428743445107735,56.570990600636684,56.12926642959845,56.54104232788086,197100,0.0,0.0
2022-03-30 00:00:00-04:00,56.90791134527288,57.634141340289126,56.90791134527288,57.536808013916016,332100,0.0,0.0
2022-03-31 00:00:00-04:00,57.64161599051387,57.993501048710385,57.50685162167369,57.55177688598633,278500,0.0,0.0
2022-04-01 00:00:00-04:00,57.16245325283789,57.67156243991537,57.080096934924725,57.6640739440918,464500,0.0,0.0
2022-04-04 00:00:00-04:00,57.484389440985424,57.72396989645206,57.31219402314461,57.56674575805664,318900,0.0,0.0
2022-04-05 00:00:00-04:00,58.98176181975347,59.67055483468307,58.83950897743507,58.86945724487305,450600,0.0,0.0
2022-04-06 00:00:00-04:00,59.40851867689927,60.02244392103023,59.22134627671241,59.90265655517578,481600,0.0,0.0
2022-04-07 00:00:00-04:00,59.50585374460595,59.73794569986196,59.30370434766487,59.6181526184082,377600,0.0,0.0
2022-04-08 00:00:00-04:00,59.797839199015925,59.9550633263905,59.49836222266273,59.76789093017578,384000,0.0,0.0
2022-04-11 00:00:00-04:00,59.887685219513024,60.04490936507061,59.16145532428354,59.213863372802734,340800,0.0,0.0
2022-04-12 00:00:00-04:00,58.24805057962257,58.51009078558289,57.911136847346654,58.135746002197266,626400,0.0,0.0
2022-04-13 00:00:00-04:00,57.97851903462737,58.547518964788004,57.82129491876342,58.337886810302734,402000,0.0,0.0
2022-04-14 00:00:00-04:00,58.42773845323398,58.50260627259746,57.971037329453715,58.01595687866211,342900,0.0,0.0
2022-04-18 00:00:00-04:00,57.93360518659308,58.16570287080326,57.63413388524266,57.761409759521484,241700,0.0,0.0
2022-04-19 00:00:00-04:00,57.19987893626705,57.3121835036645,56.96778130709962,57.19239044189453,313300,0.0,0.0
2022-04-20 00:00:00-04:00,57.78386366182208,58.1357486883913,57.7164786274341,57.88119125366211,241200,0.0,0.0
2022-04-21 00:00:00-04:00,56.87794783615159,57.19239608625956,56.4062697489415,56.44370651245117,489900,0.0,0.0
2022-04-22 00:00:00-04:00,56.87795377476374,56.93036182192031,56.47366067724929,56.49612045288086,319900,0.0,0.0
2022-04-25 00:00:00-04:00,56.72071935050517,56.997730815807294,56.15920221331735,56.9228630065918,444800,0.0,0.0
2022-04-26 00:00:00-04:00,56.907899249690715,57.25978428275607,56.219100462562416,56.23407745361328,463500,0.0,0.0
2022-04-27 00:00:00-04:00,56.71323974226015,57.17742937140558,56.346383421188776,56.653343200683594,425600,0.0,0.0
2022-04-28 00:00:00-04:00,56.82554211364467,57.49187540456485,56.77313406982112,57.29721450805664,362100,0.0,0.0
2022-04-29 00:00:00-04:00,56.87046118301505,56.922869226397154,55.45543829964991,55.522823333740234,432900,0.0,0.0
2022-05-02 00:00:00-04:00,55.3356465474847,55.71747409954989,54.66182482024044,55.19339370727539,356500,0.0,0.0
2022-05-03 00:00:00-04:00,55.42548646598396,56.01695189585941,55.26826234594841,55.51533126831055,354600,0.0,0.0
2022-05-04 00:00:00-04:00,55.79983667283612,56.23407802494772,55.223348176586846,56.159210205078125,373100,0.0,0.0
2022-05-05 00:00:00-04:00,55.964548873738664,56.11428451232727,55.25329602237007,55.53779602050781,461000,0.0,0.0
2022-05-06 00:00:00-04:00,54.75165731299485,55.0885709920514,54.47464587275738,54.93134689331055,520100,0.0,0.0
2022-05-09 00:00:00-04:00,54.42973266703227,55.04365792218882,54.27250853349749,54.736698150634766,455800,0.0,0.0
2022-05-10 00:00:00-04:00,54.9837688538129,55.24580908475672,54.40727463368784,54.85648727416992,424500,0.0,0.0
2022-05-11 00:00:00-04:00,54.69926975084244,55.55277558459456,54.504614534056394,54.54204559326172,384300,0.0,0.0
2022-05-12 00:00:00-04:00,55.036175138721774,55.10355446221591,54.31743379454203,54.736698150634766,402600,0.0,0.0
2022-05-13 00:00:00-04:00,55.29072750085493,56.18915847543566,55.21585968098533,56.159210205078125,349100,0.0,0.0
2022-05-16 00:00:00-04:00,56.27899895328439,56.728211595556125,56.26402767376309,56.57847595214844,330000,0.0,0.0
2022-05-17 00:00:00-04:00,57.32715992311161,57.94108513963826,57.04265994395714,57.903648376464844,353500,0.0,0.0
2022-05-18 00:00:00-04:00,57.52182342857338,58.03841536918592,57.26726599391136,57.30470275878906,387800,0.0,0.0
2022-05-19 00:00:00-04:00,56.705748130558966,57.154960743601634,56.24904702221856,56.862972259521484,411200,0.0,0.0
2022-05-20 00:00:00-04:00,56.68329144438462,57.10255581112298,56.42125121517315,57.05763626098633,380900,0.0,0.0
2022-05-23 00:00:00-04:00,57.559257850756616,58.098315309079666,57.424493486175855,57.6640739440918,422400,0.0,0.0
2022-05-24 00:00:00-04:00,57.35711398229383,58.21061971797941,57.222349618130394,58.18815994262695,465300,0.0,0.0
2022-05-25 00:00:00-04:00,58.28548962066796,58.352874661179705,57.723972368615186,58.240570068359375,407400,0.0,0.0
2022-05-26 00:00:00-04:00,56.758155796918054,56.780615570613904,56.04690297365748,56.18166732788086,422600,0.0,0.0
2022-05-27 00:00:00-04:00,55.38805541571718,55.65009561577644,55.20088302823943,55.51533126831055,381900,0.0,0.0
2022-05-31 00:00:00-04:00,55.68753433227539,55.9495802804572,55.41052281638418,55.68753433227539,460700,0.0,0.0
2022-06-01 00:00:00-04:00,55.058633067232535,55.1260123884676,54.13774235934879,54.27250671386719,473800,0.0,0.0
2022-06-02 00:00:00-04:00,54.5345448569195,55.11103901737702,53.83826904906891,55.028682708740234,333600,0.0,0.0
2022-06-03 00:00:00-04:00,55.038701832915386,55.23906840276686,54.56091231642694,54.62255859375,214400,2.093,0.0
2022-06-06 00:00:00-04:00,55.054119737399056,55.16971018609344,54.73815683237179,54.83063507080078,349000,0.0,0.0
2022-06-07 00:00:00-04:00,53.89816010655454,54.42219161987305,53.80568188203742,54.42219161987305,517100,0.0,0.0
2022-06-08 00:00:00-04:00,53.45890572056172,53.69780048201946,53.127532722665485,53.13523483276367,464200,0.0,0.0
2022-06-09 00:00:00-04:00,52.634332686581175,53.28166277045454,51.9638786315918,51.9638786315918,437900,0.0,0.0
2022-06-10 00:00:00-04:00,51.45525235092661,52.141122323389865,51.40130818224674,51.9022216796875,441600,0.0,0.0
2022-06-13 00:00:00-04:00,51.30883992338252,51.347368115818576,50.337838930096055,50.46884536743164,540300,0.0,0.0
2022-06-14 00:00:00-04:00,49.94480446457636,50.037282692304004,48.68096474966258,49.07398986816406,585100,0.0,0.0
2022-06-15 00:00:00-04:00,49.82151052469915,50.43031234988879,49.42848537082264,49.94480895996094,680600,0.0,0.0
2022-06-16 00:00:00-04:00,49.675090001783026,49.91398477128647,49.50554950233921,49.69050598144531,717000,0.0,0.0
2022-06-17 00:00:00-04:00,49.567201340278956,49.70591575897131,48.76574090777578,48.858219146728516,662900,0.0,0.0
2022-06-21 00:00:00-04:00,48.81197742849634,48.98922296744738,48.53454860588199,48.72720718383789,467600,0.0,0.0
2022-06-22 00:00:00-04:00,48.94298774244843,49.69050696481342,48.90445661174052,49.33600997924805,630300,0.0,0.0
2022-06-23 00:00:00-04:00,48.8196878640344,49.02775950395012,48.44978370631876,48.88134002685547,540600,0.0,0.0
2022-06-24 00:00:00-04:00,49.96792585797227,50.39177708042881,49.860037524887545,50.3070068359375,425800,0.0,0.0
2022-06-27 00:00:00-04:00,50.176001998904425,50.91581025462403,50.14517591998194,50.692325592041016,400800,0.0,0.0
2022-06-28 00:00:00-04:00,50.43801042032612,50.78479936813898,50.31471199493943,50.368656158447266,406400,0.0,0.0
2022-06-29 00:00:00-04:00,50.931224572854504,51.12388317247246,50.77710004494969,50.892696380615234,335900,0.0,0.0
2022-06-30 00:00:00-04:00,50.09123164534509,50.214535960773155,49.57490805330514,49.85233688354492,554900,0.0,0.0
2022-07-01 00:00:00-04:00,49.57490535032518,50.86957119436378,49.50554520681029,50.8387451171875,657500,0.0,0.0
2022-07-05 00:00:00-04:00,50.18371397390862,50.24536025717593,49.228126029579016,49.890869140625,597900,0.0,0.0
2022-07-06 00:00:00-04:00,50.4457189401013,50.75397382602117,49.890861321340125,50.31471252441406,572200,0.0,0.0
2022-07-07 00:00:00-04:00,50.199120057570944,50.345542462495004,49.867747058698285,50.22994613647461,340500,0.0,0.0
2022-07-08 00:00:00-04:00,49.78297473415028,50.07581953177805,49.628850225536915,49.81380081176758,335100,0.0,0.0
2022-07-11 00:00:00-04:00,49.8446295000409,50.32242490892429,49.721325183113535,50.176002502441406,346900,0.0,0.0
2022-07-12 00:00:00-04:00,50.34554049435635,50.53049108107475,49.99875152985205,50.10663986206055,422100,0.0,0.0
2022-07-13 00:00:00-04:00,50.09123760383291,50.9158162030555,50.07582750230801,50.56132507324219,277100,0.0,0.0
2022-07-14 00:00:00-04:00,49.883166625338674,50.661503125606714,49.70591812876376,50.56903076171875,351900,0.0,0.0
2022-07-15 00:00:00-04:00,50.83103929866173,51.11617611511374,50.56131846119269,51.085350036621094,359900,0.0,0.0
2022-07-18 00:00:00-04:00,51.200942794907036,51.624788115844794,51.10075657691567,51.12387466430664,294100,0.0,0.0
2022-07-19 00:00:00-04:00,51.601673659720156,51.79433224083297,51.509195424175616,51.5477294921875,323200,0.0,0.0
2022-07-20 00:00:00-04:00,51.60938111661213,51.64020719480885,50.954343123483156,51.05452346801758,361200,0.0,0.0
2022-07-21 00:00:00-04:00,49.667379030235836,50.245354763928916,49.53637260833898,50.13746643066406,307800,0.0,0.0
2022-07-22 00:00:00-04:00,50.77709907295588,51.48608129490462,50.77709907295588,51.29342269897461,329500,0.0,0.0
2022-07-25 00:00:00-04:00,51.478380001739545,52.071765899658196,51.378193767401825,52.0717658996582,285200,0.0,0.0
2022-07-26 00:00:00-04:00,52.21048386509681,52.5572670149941,52.19507376310161,52.49562072753906,301300,0.0,0.0
2022-07-27 00:00:00-04:00,52.21047481368569,52.48790363729709,51.909927901352226,52.403133392333984,255200,0.0,0.0
2022-07-28 00:00:00-04:00,52.02552648587426,52.97340344152101,51.85598598857849,52.94257736206055,250600,0.0,0.0
2022-07-29 00:00:00-04:00,53.12753245983843,53.75174438415848,53.027346234324014,53.643856048583984,241900,0.0,0.0
2022-08-01 00:00:00-04:00,53.73633668529388,53.79028085549114,53.27395136420468,53.466609954833984,427300,0.0,0.0
2022-08-02 00:00:00-04:00,54.5686121492724,54.637972292642196,53.975226333421126,53.99834442138672,469400,0.0,0.0
2022-08-03 00:00:00-04:00,53.92898895588551,53.92898895588551,53.19688286960686,53.813392639160156,374900,0.0,0.0
2022-08-04 00:00:00-04:00,53.49743364481574,53.890458798393304,53.40496128830807,53.643856048583984,308800,0.0,0.0
2022-08-05 00:00:00-04:00,52.84239832058953,52.92716857133439,52.225888475076665,52.826988220214844,296700,0.0,0.0
2022-08-08 00:00:00-04:00,53.736331072356094,53.805685335591036,53.15064737176701,53.42036819458008,293200,0.0,0.0
2022-08-09 00:00:00-04:00,53.551380406337515,54.25266050101121,53.551380406337515,54.00605773925781,220400,0.0,0.0
2022-08-10 00:00:00-04:00,54.229546436779344,54.453031124877675,53.94440958379718,54.12936019897461,230100,0.0,0.0
2022-08-11 00:00:00-04:00,54.01375831059652,54.01375831059652,53.48202461165469,53.53596878051758,322700,0.0,0.0
2022-08-12 00:00:00-04:00,53.81339498795092,54.306600473331315,53.7825689101805,54.26806640625,243400,0.0,0.0
2022-08-15 00:00:00-04:00,54.42219569012723,54.56861220722247,54.15246898498082,54.460723876953125,248700,0.0,0.0
2022-08-16 00:00:00-04:00,54.88458315216301,55.31613653664557,54.82293098881581,55.123477935791016,274200,0.0,0.0
2022-08-17 00:00:00-04:00,54.65337940093084,55.162000826235136,54.491546914553844,55.0309944152832,336500,0.0,0.0
2022-08-18 00:00:00-04:00,54.869168266538374,55.02329867798213,54.383670699307075,54.5532112121582,391300,0.0,0.0
2022-08-19 00:00:00-04:00,54.06770603860149,54.337426871340824,53.79027721650585,54.090824127197266,338800,0.0,0.0
2022-08-22 00:00:00-04:00,54.3066087031471,54.4761492168406,54.060005923085846,54.12936019897461,380100,0.0,0.0
2022-08-23 00:00:00-04:00,53.38954392683383,53.63614667025791,53.11982309488144,53.3818359375,502200,0.0,0.0
2022-08-24 00:00:00-04:00,52.75763309685756,53.058180058327466,52.61121067171482,52.92717361450195,376400,0.0,0.0
2022-08-25 00:00:00-04:00,52.54955685362818,52.8423957824707,52.33378018190492,52.8423957824707,267500,0.0,0.0
2022-08-26 00:00:00-04:00,52.94257523292228,53.11211572339982,52.033226503566354,52.06405258178711,299500,0.0,0.0
2022-08-29 00:00:00-04:00,51.77121774031091,52.65744845075316,51.77121774031091,52.433963775634766,211200,0.0,0.0
2022-08-30 00:00:00-04:00,51.94846063853844,52.05634896946074,50.76938522864801,50.87727355957031,818900,0.0,0.0
2022-08-31 00:00:00-04:00,49.39766158397211,49.50554992463421,48.665561289554475,48.69638442993164,764200,0.0,0.0
2022-09-01 00:00:00-04:00,48.34960009513933,48.78886143657728,48.16464655886911,48.5962028503418,577200,0.0,0.0
2022-09-02 00:00:00-04:00,48.249415245481,48.68867657270137,47.75620975103965,47.89492416381836,376200,0.0,0.0
2022-09-06 00:00:00-04:00,48.44978058067137,48.86592383365611,48.10299453651743,48.34189224243164,512000,0.0,0.0
2022-09-07 00:00:00-04:00,48.18005861027945,48.31106503515878,47.96428193883742,48.30335998535156,342300,0.0,0.0
2022-09-08 00:00:00-04:00,47.5635517448246,48.133819502250624,47.49419453759855,47.75621032714844,504400,0.0,0.0
2022-09-09 00:00:00-04:00,48.41125004356406,48.642439762583,48.20317841452598,48.43436813354492,301700,0.0,0.0
2022-09-12 00:00:00-04:00,48.89675413900822,49.413080724869424,48.75803970935817,49.004642486572266,399600,0.0,0.0
2022-09-13 00:00:00-04:00,48.62702844233972,48.93528337175735,48.05676064457504,48.102996826171875,453600,0.0,0.0
2022-09-14 00:00:00-04:00,47.52502211227416,47.95657843526366,47.33236351196871,47.53273010253906,389700,0.0,0.0
2022-09-15 00:00:00-04:00,46.77750674132229,46.80062483165431,46.08393463399367,46.1070556640625,546900,0.0,0.0
2022-09-16 00:00:00-04:00,45.9991633150056,46.38448049018831,45.9991633150056,46.214942932128906,301800,0.0,0.0
2022-09-19 00:00:00-04:00,45.85274496448206,46.33053745022935,45.76026966331026,46.253475189208984,377400,0.0,0.0
2022-09-20 00:00:00-04:00,45.87585657053965,45.92209568445832,45.22852367436033,45.428890228271484,438300,0.0,0.0
2022-09-21 00:00:00-04:00,45.90668555171699,46.18411437331343,45.282470703125,45.282470703125,342200,0.0,0.0
2022-09-22 00:00:00-04:00,45.48283499669669,45.55219219862965,44.98192154498792,45.205406188964844,310400,0.0,0.0
2022-09-23 00:00:00-04:00,43.45607430096005,43.52543151607424,42.939750652683166,43.402130126953125,694100,0.0,0.0
2022-09-26 00:00:00-04:00,41.29829293799304,41.81461651646361,40.82050048721277,41.259761810302734,1044100,0.0,0.0
2022-09-27 00:00:00-04:00,41.17499562887103,41.27517892254163,39.394829132433074,39.67996597290039,1024100,0.0,0.0
2022-09-28 00:00:00-04:00,40.84361754824228,41.02857107213349,40.27334687766954,40.7357292175293,1037600,0.0,0.0
2022-09-29 00:00:00-04:00,40.450595348882416,40.512244563683545,39.81867252381753,39.87261962890625,926400,0.0,0.0
2022-09-30 00:00:00-04:00,40.29646863187529,40.535363385692776,39.70307986252093,39.710784912109375,810200,0.0,0.0
2022-10-03 00:00:00-04:00,40.51224140926663,41.15186923397692,40.34270093722558,40.743431091308594,791600,0.0,0.0
2022-10-04 00:00:00-04:00,41.452426369935885,41.62196394418423,41.113345341965136,41.506370544433594,802800,0.0,0.0
2022-10-05 00:00:00-04:00,40.58930478112263,40.681783008290324,39.95738492749196,40.46600341796875,687400,0.0,0.0
2022-10-06 00:00:00-04:00,40.01904320438672,40.04986928482763,39.04033719841411,39.1328125,558300,0.0,0.0
2022-10-07 00:00:00-04:00,39.5489575076718,39.618314721848506,38.562546408035935,38.80144119262695,803100,0.0,0.0
2022-10-10 00:00:00-04:00,38.28511206818911,38.5240097583025,38.061627416767216,38.1232795715332,825400,0.0,0.0
2022-10-11 00:00:00-04:00,38.11557007011733,38.20034030968911,37.43741403301596,37.48365020751953,826500,0.0,0.0
2022-10-12 00:00:00-04:00,36.92109095447691,37.02897929125929,36.38935432044804,36.4201774597168,656900,0.0,0.0
2022-10-13 00:00:00-04:00,37.12144946554848,38.10786327943476,36.998148106279736,37.984561920166016,751200,0.0,0.0
2022-10-14 00:00:00-04:00,38.49318370846524,38.51630179665075,37.306406185999585,37.49135971069336,623000,0.0,0.0
2022-10-17 00:00:00-04:00,39.4564792005384,40.05757305118634,39.333177822463526,39.57978057861328,822300,0.0,0.0
2022-10-18 00:00:00-04:00,39.42565755606,39.64143425702947,39.15593667984816,39.58749008178711,663900,0.0,0.0
2022-10-19 00:00:00-04:00,39.040334371203606,39.24069800008598,38.89391490931789,39.194461822509766,571000,0.0,0.0
2022-10-20 00:00:00-04:00,39.15592858618266,39.25610892536111,38.63189704380129,38.778316497802734,602100,0.0,0.0
2022-10-21 00:00:00-04:00,38.47777589576234,39.387124724562135,38.34676651886562,39.22529220581055,405700,0.0,0.0
2022-10-24 00:00:00-04:00,40.41976983583613,40.627841450700416,39.84949915734846,40.04986572265625,854800,0.0,0.0
2022-10-25 00:00:00-04:00,40.84361588400138,41.61425014596367,40.78196373197092,41.383060455322266,879300,0.0,0.0
2022-10-26 00:00:00-04:00,41.63737369659014,41.86085836742067,41.36765284540625,41.452423095703125,485900,0.0,0.0
2022-10-27 00:00:00-04:00,41.56030872359406,42.038101174393596,41.56030872359406,41.80691146850586,537500,0.0,0.0
2022-10-28 00:00:00-04:00,41.78379762410897,42.63149427838264,41.74526355276633,42.61608123779297,460200,0.0,0.0
2022-10-31 00:00:00-04:00,42.1614020352206,42.346355561528334,41.77608488350466,42.092044830322266,637700,0.0,0.0
2022-11-01 00:00:00-04:00,42.67002157122744,42.73167372803966,42.23846823248843,42.3848876953125,567000,0.0,0.0
2022-11-02 00:00:00-04:00,42.75479132214055,43.317354017726224,42.31552999901562,42.354061126708984,508000,0.0,0.0
2022-11-03 00:00:00-04:00,41.18269438768616,41.85314832012748,41.18269438768616,41.7298469543457,583300,0.0,0.0
2022-11-04 00:00:00-04:00,41.845447375831014,42.63920280768256,41.806916243738094,42.562137603759766,544400,0.0,0.0
2022-11-07 00:00:00-05:00,42.793326846019454,42.85497900845169,42.02269245403791,42.53131103515625,426300,0.0,0.0
2022-11-08 00:00:00-05:00,43.11698803874737,43.65643261624891,43.07845691315507,43.30964660644531,541300,0.0,0.0
2022-11-09 00:00:00-05:00,43.11699358394111,43.42524556805965,42.885803860918,42.89350891113281,421900,0.0,0.0
2022-11-10 00:00:00-05:00,45.55990263948153,46.014577030463066,44.88945156794497,45.90668869018555,663400,0.0,0.0
2022-11-11 00:00:00-05:00,45.55219587995423,45.83732975995012,44.88174483357706,45.77568054199219,426100,0.0,0.0
2022-11-14 00:00:00-05:00,45.80650218434923,45.891272428541065,45.41347998096667,45.45201110839844,484600,0.0,0.0
2022-11-15 00:00:00-05:00,46.22264761712109,46.43071924284498,45.29788581603824,45.69861602783203,449600,0.0,0.0
2022-11-16 00:00:00-05:00,45.82191951638792,46.4307213819537,45.80650647602383,46.26118087768555,347700,0.0,0.0
2022-11-17 00:00:00-05:00,45.78338294673615,45.937510392331404,45.3672397255499,45.72943878173828,351200,0.0,0.0
2022-11-18 00:00:00-05:00,46.37677502029442,46.715853073080105,46.322830851436166,46.56172561645508,340800,0.0,0.0
2022-11-21 00:00:00-05:00,46.816036224365234,47.03181289916919,46.677321807780764,46.816036224365234,368000,0.0,0.0
2022-11-22 00:00:00-05:00,46.89309461746002,47.35547694787566,46.88538956816784,47.21676254272461,331500,0.0,0.0
2022-11-23 00:00:00-05:00,47.57810960887988,48.22868186754641,47.54675593640056,48.189491271972656,466400,1.031,0.0
2022-11-25 00:00:00-05:00,48.056243822851926,48.39328833511041,48.056243822851926,48.361934661865234,235700,0.0,0.0
2022-11-28 00:00:00-05:00,48.04057014259985,48.34626100169771,47.64865817143826,47.750553131103516,470900,0.0,0.0
2022-11-29 00:00:00-05:00,47.33512461024959,47.758390231784226,47.248903503264664,47.515403747558594,335000,0.0,0.0
2022-11-30 00:00:00-05:00,47.77406652972832,48.39328811831768,47.24890297040228,48.28355026245117,341300,0.0,0.0
2022-12-01 00:00:00-05:00,49.11440462524031,49.63956818420087,49.03602343258391,49.2554931640625,707100,0.0,0.0
2022-12-02 00:00:00-05:00,48.80871613234135,49.24765860643402,48.69898126133093,48.9576416015625,343200,0.0,0.0
2022-12-05 00:00:00-05:00,49.02035147355001,49.34171917949856,48.785204882132966,49.067378997802734,358000,0.0,0.0
2022-12-06 00:00:00-05:00,48.777358974080634,48.9419612688404,48.36977020368687,48.75384521484375,292100,0.0,0.0
2022-12-07 00:00:00-05:00,48.777360903968805,49.06737490955107,48.49518382175866,48.5892448425293,306500,0.0,0.0
2022-12-08 00:00:00-05:00,48.60491857057085,49.373068621400684,48.49518370332399,49.22414016723633,625600,0.0,0.0
2022-12-09 00:00:00-05:00,48.84006275847381,49.27116525667828,48.83222284593251,48.85573959350586,363000,0.0,0.0
2022-12-12 00:00:00-05:00,48.89493724243553,49.01250903706771,48.60492023756401,48.9576416015625,308500,0.0,0.0
2022-12-13 00:00:00-05:00,49.4749619629523,49.8511970627026,48.926284654547395,49.1849479675293,372800,0.0,0.0
2022-12-14 00:00:00-05:00,49.68658704104303,50.141206251330786,49.31818892167539,49.490631103515625,384000,0.0,0.0
2022-12-15 00:00:00-05:00,49.36523145781851,49.49064316880808,48.628438029511145,48.746009826660156,375800,0.0,0.0
2022-12-16 00:00:00-05:00,47.632977207745526,47.84461001264696,47.27241894312122,47.60162353515625,447200,0.0,0.0
2022-12-19 00:00:00-05:00,47.695684211668386,47.899480104765765,47.27242156841029,47.42918395996094,430100,0.0,0.0
2022-12-20 00:00:00-05:00,47.170515591268824,47.664325412726896,47.12348508777981,47.53891372680664,370900,0.0,0.0
2022-12-21 00:00:00-05:00,47.295931142635865,47.632975636727295,47.24106371243965,47.58594512939453,489700,0.0,0.0
2022-12-22 00:00:00-05:00,47.07646147876004,47.29593119981021,46.61400528793954,47.28025436401367,298700,0.0,0.0
2022-12-23 00:00:00-05:00,47.31161201682652,47.68784713745117,47.04511176596103,47.68784713745117,238900,0.0,0.0
2022-12-27 00:00:00-05:00,47.0921382226734,47.60162192983876,47.02943087960959,47.56243133544922,224800,0.0,0.0
2022-12-28 00:00:00-05:00,47.66433329498337,47.89947987121376,46.95105365272232,46.97456741333008,355200,0.0,0.0
2022-12-29 00:00:00-05:00,47.288098862866285,47.76622894580097,47.288098862866285,47.609466552734375,284800,0.0,0.0
2022-12-30 00:00:00-05:00,47.37431238874222,47.57026835112293,46.927533033718255,47.28025436401367,219300,0.0,0.0
2023-01-03 00:00:00-05:00,47.17835600938016,47.562431007874046,46.9118557832958,47.41350555419922,446100,0.0,0.0
2023-01-04 00:00:00-05:00,48.40112585826847,49.012507543872424,48.32274466423495,48.63627243041992,484000,0.0,0.0
2023-01-05 00:00:00-05:00,48.40113150079459,48.62060126171459,47.92299838731781,48.08760070800781,478700,0.0,0.0
2023-01-06 00:00:00-05:00,48.42463738372818,50.00012502553269,48.41680046070685,49.97660827636719,562500,0.0,0.0
2023-01-09 00:00:00-05:00,49.23981254998893,49.80416666198212,49.161431363345706,49.27900314331055,462700,0.0,0.0
2023-01-10 00:00:00-05:00,48.9968296668446,49.0752138492649,48.581403965194895,48.847904205322266,307100,0.0,0.0
2023-01-11 00:00:00-05:00,48.949800383910116,49.404416665365915,48.894932953218046,49.39657974243164,308600,0.0,0.0
2023-01-12 00:00:00-05:00,49.72578487261374,49.898227079568485,49.16927064659709,49.6238899230957,233500,0.0,0.0
2023-01-13 00:00:00-05:00,49.19278411886716,49.702270823689524,49.19278411886716,49.498477935791016,288300,0.0,0.0
2023-01-17 00:00:00-05:00,49.44361168338293,50.18040206259027,49.44361168338293,50.02363967895508,283300,0.0,0.0
2023-01-18 00:00:00-05:00,50.250948422925816,50.407710803758455,49.89039016292954,49.97660827636719,297500,0.0,0.0
2023-01-19 00:00:00-05:00,49.97660464520887,50.47825439359743,49.95309088780257,50.360679626464844,321700,0.0,0.0
2023-01-20 00:00:00-05:00,50.360679064137045,50.46257400512695,50.02363459150765,50.46257400512695,282100,0.0,0.0
2023-01-23 00:00:00-05:00,49.741459702306706,50.27446014771222,49.61604800868486,50.0706672668457,262500,0.0,0.0
2023-01-24 00:00:00-05:00,49.93741665901041,50.21175380990299,49.60037216502771,50.18824005126953,201200,0.0,0.0
2023-01-25 00:00:00-05:00,50.18824318086521,50.59583495626591,50.09418515041552,50.57231521606445,213000,0.0,0.0
2023-01-26 00:00:00-05:00,50.37635657692729,50.40771024876892,50.05499190572816,50.36852264404297,212500,0.0,0.0
2023-01-27 00:00:00-05:00,49.66307956492358,50.149049514225155,49.59253529889184,49.88254928588867,233500,0.0,0.0
2023-01-30 00:00:00-05:00,50.12553922616571,50.50177434103457,50.05499495524961,50.06283187866211,238300,0.0,0.0
2023-01-31 00:00:00-05:00,49.69443349076735,50.031477986860075,49.44361009693799,49.98444747924805,200200,0.0,0.0
2023-02-01 00:00:00-05:00,49.45928422937782,50.1647268973927,49.10656588542111,50.109859466552734,467900,0.0,0.0
2023-02-02 00:00:00-05:00,49.92958225767404,50.32933112488415,49.600374669926744,49.94525909423828,278100,0.0,0.0
2023-02-03 00:00:00-05:00,49.49848105384977,49.5690253252682,48.76168466569051,48.863582611083984,263400,0.0,0.0
2023-02-06 00:00:00-05:00,49.1300785502672,49.31819459751488,48.81654781812018,49.302520751953125,274800,0.0,0.0
2023-02-07 00:00:00-05:00,48.871420491468314,49.184951257256074,48.565729639353286,48.9576416015625,182100,0.0,0.0
2023-02-08 00:00:00-05:00,49.1222437134523,49.16143730155872,48.38545030383656,48.52653884887695,196600,0.0,0.0
2023-02-09 00:00:00-05:00,49.404415879777694,49.52199065227724,48.66762254359244,48.73816680908203,282400,0.0,0.0
2023-02-10 00:00:00-05:00,48.981149675767824,49.18494254439331,48.75384006034099,49.145751953125,274800,0.0,0.0
2023-02-13 00:00:00-05:00,49.81984586079689,50.24310847482094,49.76497842953357,49.953094482421875,246300,0.0,0.0
2023-02-14 00:00:00-05:00,50.34501266479492,50.76827231617911,50.141216772575284,50.34501266479492,291300,0.0,0.0
2023-02-15 00:00:00-05:00,49.529827955729985,49.976607310580754,49.47496052548871,49.88254928588867,208000,0.0,0.0
2023-02-16 00:00:00-05:00,49.239815011888766,49.616050108678415,48.80871248369546,49.341712951660156,205300,0.0,0.0
2023-02-17 00:00:00-05:00,50.141215627093096,50.729083549599075,50.08634819352994,50.54880142211914,245500,0.0,0.0
2023-02-21 00:00:00-05:00,50.87801502950713,50.98774990315979,50.48610305786133,50.48610305786133,283300,0.0,0.0
2023-02-22 00:00:00-05:00,50.556638730195345,50.91719698647294,50.305815335389134,50.39203643798828,268200,0.0,0.0
2023-02-23 00:00:00-05:00,50.31365695409795,50.439065665701904,49.87471450328083,50.149051666259766,176400,0.0,0.0
2023-02-24 00:00:00-05:00,49.639567687308485,49.788493147885234,49.482802313514064,49.694435119628906,229400,0.0,0.0
2023-02-27 00:00:00-05:00,50.14904945686355,50.642859318520884,50.05499143227905,50.18824005126953,244800,0.0,0.0
2023-02-28 00:00:00-05:00,49.73362171834747,49.96093134257738,49.184944449191,49.31035614013672,305800,0.0,0.0
2023-03-01 00:00:00-05:00,48.165984901230125,48.267882857393516,47.75839606662781,48.08760070800781,411600,0.0,0.0
2023-03-02 00:00:00-05:00,47.907314982858765,48.5500503289371,47.89947805963622,48.518699645996094,210600,0.0,0.0
2023-03-03 00:00:00-05:00,48.26787465452456,48.83222579956055,48.00921134592624,48.83222579956055,235200,0.0,0.0
2023-03-06 00:00:00-05:00,48.6127583114823,48.94196291205479,48.60491839810627,48.816551208496094,232900,0.0,0.0
2023-03-07 00:00:00-05:00,48.573569317717805,48.746008547019834,47.67217061298293,47.83677291870117,266000,0.0,0.0
2023-03-08 00:00:00-05:00,48.079757476340205,48.65978846988867,48.04056687989591,48.64411163330078,229000,0.0,0.0
2023-03-09 00:00:00-05:00,48.761685427260616,49.130083627093974,48.42464090189201,48.52653884887695,212000,0.0,0.0
2023-03-10 00:00:00-05:00,50.007956381685574,50.02363321603385,48.90276497556077,48.94195556640625,423100,0.0,0.0
2023-03-13 00:00:00-04:00,50.75259730968303,51.05044823758277,50.32149177447128,50.54880142211914,511000,0.0,0.0
2023-03-14 00:00:00-04:00,50.90936152429837,51.07396981099797,50.28230597251242,50.666378021240234,371600,0.0,0.0
2023-03-15 00:00:00-04:00,50.03148148972217,50.23527140015678,49.33387569986378,49.83552551269531,698000,0.0,0.0
2023-03-16 00:00:00-04:00,49.74146177153297,50.697727843961516,49.655240667946686,50.642860412597656,442100,0.0,0.0
2023-03-17 00:00:00-04:00,49.56117564668176,50.03147169349217,49.37305961999786,49.92173385620117,460800,0.0,0.0
2023-03-20 00:00:00-04:00,50.61934153386879,50.9171924197052,50.36067824927089,50.72907638549805,279700,0.0,0.0
2023-03-21 00:00:00-04:00,50.83097598047841,50.878009478413695,49.67875694278841,50.109859466552734,250400,0.0,0.0
2023-03-22 00:00:00-04:00,49.98444969062346,50.75259674196603,49.874714824724634,49.94525909423828,314500,0.0,0.0
2023-03-23 00:00:00-04:00,50.68205341764917,51.01909193495309,50.15688987911379,50.39203643798828,536900,0.0,0.0
2023-03-24 00:00:00-04:00,50.21175165692313,51.222885095515856,50.21175165692313,51.199371337890625,355900,0.0,0.0
2023-03-27 00:00:00-04:00,51.34045735682098,51.66966190770158,51.34045735682098,51.442352294921875,291000,0.0,0.0
2023-03-28 00:00:00-04:00,51.43452758950255,51.98320193939514,51.426687675903544,51.77157211303711,266500,0.0,0.0
2023-03-29 00:00:00-04:00,51.740215942740896,52.18699531470087,51.69318244351769,52.03806686401367,324400,0.0,0.0
2023-03-30 00:00:00-04:00,52.390784841575055,52.931625227997756,52.37511099534757,52.83757019042969,246000,0.0,0.0
2023-03-31 00:00:00-04:00,53.17460814655892,53.464625129529495,53.1040668691372,53.29218292236328,305700,0.0,0.0
2023-04-03 00:00:00-04:00,52.92378159347667,53.43326827151806,52.6729582107626,53.23731231689453,362100,0.0,0.0
2023-04-04 00:00:00-04:00,53.284342548753585,54.30330986232244,53.284342548753585,54.09951400756836,332400,0.0,0.0
2023-04-05 00:00:00-04:00,55.03226964461441,55.424181554329735,54.92253478830221,55.157684326171875,530200,0.0,0.0
2023-04-06 00:00:00-04:00,55.85529023908794,56.113947569404985,55.52607967123639,55.89447784423828,405000,0.0,0.0
2023-04-10 00:00:00-04:00,55.57311618906494,55.85529327392578,55.17336432216178,55.85529327392578,217100,0.0,0.0
2023-04-11 00:00:00-04:00,55.68284998606232,55.94151330555741,55.62014263949957,55.75339126586914,243600,0.0,0.0
2023-04-12 00:00:00-04:00,56.521540991438115,56.654789617054305,56.18449648069608,56.2472038269043,262800,0.0,0.0
2023-04-13 00:00:00-04:00,56.333426209661084,56.68614457489838,55.94934819050727,56.49018859863281,271500,0.0,0.0
2023-04-14 00:00:00-04:00,55.22823030847504,55.26742389482886,54.32683164325232,54.561981201171875,534000,0.0,0.0
2023-04-17 00:00:00-04:00,54.52278508096822,54.67955343899628,54.08384563869244,54.45224380493164,434700,0.0,0.0
2023-04-18 00:00:00-04:00,54.42873275043328,54.4914341166583,54.24845062476941,54.32683181762695,220300,0.0,0.0
2023-04-19 00:00:00-04:00,54.91469387079948,55.20471083151824,54.695224162191145,54.77360534667969,189300,0.0,0.0
2023-04-20 00:00:00-04:00,55.20471441379476,55.40851029077028,54.99308460393277,55.29093551635742,283500,0.0,0.0
2023-04-21 00:00:00-04:00,55.99638262878091,56.153145020377174,55.43986836448167,55.91799545288086,314900,0.0,0.0
2023-04-24 00:00:00-04:00,55.70636678178362,55.792587892980706,55.416349773202334,55.71420669555664,286100,0.0,0.0
2023-04-25 00:00:00-04:00,55.886643271466745,56.208007942467084,55.76906849715875,55.949344635009766,254700,0.0,0.0
2023-04-26 00:00:00-04:00,56.13746920994393,56.18449672975772,55.63582239825784,55.706363677978516,203400,0.0,0.0
2023-04-27 00:00:00-04:00,55.69852495832508,56.34910023683301,55.64365752399922,56.25503921508789,210200,0.0,0.0
2023-04-28 00:00:00-04:00,56.08260284475717,56.4353212102807,56.00421567010588,56.16098403930664,183500,0.0,0.0
2023-05-01 00:00:00-04:00,56.137460713743245,56.56072626831275,55.95717861490592,56.30206298828125,172400,0.0,0.0
2023-05-02 00:00:00-04:00,55.33012037184879,56.074756586063074,55.298772681657645,56.05124282836914,278000,0.0,0.0
2023-05-03 00:00:00-04:00,56.09827430014313,56.560733494443355,55.8474509002164,56.145301818847656,223500,0.0,0.0
2023-05-04 00:00:00-04:00,56.46667331057752,57.469966925096564,56.46667331057752,57.14076232910156,332700,0.0,0.0
2023-05-05 00:00:00-04:00,56.91345020758231,57.41509699300386,56.77236167542616,57.407257080078125,275200,0.0,0.0
2023-05-08 00:00:00-04:00,57.336718334414705,57.712950450033915,57.14076236333339,57.164276123046875,158200,0.0,0.0
2023-05-09 00:00:00-04:00,56.780202855815766,57.415098274640044,56.74100927041363,57.297523498535156,434900,0.0,0.0
2023-05-10 00:00:00-04:00,57.038863196977346,57.665924715891485,56.93696824169708,57.61105728149414,483600,0.0,0.0
2023-05-11 00:00:00-04:00,57.148601129637754,57.21130249424811,56.61560065978977,57.01534652709961,598600,0.0,0.0
2023-05-12 00:00:00-04:00,57.226981263793874,58.3792032861678,57.17211383320947,58.17540740966797,1867300,0.0,0.0
2023-05-15 00:00:00-04:00,57.71294702865556,57.75998052539593,57.187786492514945,57.650245666503906,755000,0.0,0.0
2023-05-16 00:00:00-04:00,57.72078473548102,57.91674068745647,57.09372329711914,57.09372329711914,377500,0.0,0.0
2023-05-17 00:00:00-04:00,56.94481089876895,56.94481089876895,56.317749349643464,56.780208587646484,485500,0.0,0.0
2023-05-18 00:00:00-04:00,55.44770011324378,55.479053786348025,53.927085838349,54.256290435791016,579400,0.0,0.0
2023-05-19 00:00:00-04:00,54.2797997773696,54.81280021655359,54.15438509516104,54.33466720581055,432100,0.0,0.0
2023-05-22 00:00:00-04:00,54.40521385805182,54.65603723959454,54.20141799176676,54.413047790527344,253300,0.0,0.0
2023-05-23 00:00:00-04:00,54.71090653998677,54.85199507068983,54.45224323701429,54.55413818359375,273500,0.0,0.0
2023-05-24 00:00:00-04:00,53.707607127464655,53.8251819000145,53.488137408092335,53.61355209350586,301800,0.0,0.0
2023-05-25 00:00:00-04:00,52.712151241161415,53.10406314630016,52.469167773607744,53.01000213623047,358700,0.0,0.0
2023-05-26 00:00:00-04:00,53.42543941614521,53.535174282754646,53.0805549896003,53.456787109375,399400,0.0,0.0
2023-05-30 00:00:00-04:00,54.24060620552292,54.34250712986403,53.84869429369082,54.005462646484375,419500,0.0,0.0
2023-05-31 00:00:00-04:00,54.14655499836074,54.39737840044509,53.91140544261221,54.358184814453125,355300,0.0,0.0
2023-06-01 00:00:00-04:00,54.08721722050952,54.509079899565194,53.77893771618537,54.46039962768555,442800,2.346,0.0
2023-06-02 00:00:00-04:00,53.83573146678164,54.25758799755726,53.7951656011669,54.0953369140625,656300,0.0,0.0
2023-06-05 00:00:00-04:00,53.965526547209244,54.72000578188472,53.957418326355366,54.33060073852539,430400,0.0,0.0
2023-06-06 00:00:00-04:00,54.525300707901394,54.736232040378354,54.26569529465332,54.60642623901367,366700,0.0,0.0
2023-06-07 00:00:00-04:00,54.32248816014293,54.36305402370661,53.88440282947866,54.184574127197266,378300,0.0,0.0
2023-06-08 00:00:00-04:00,53.981754822236795,54.3873886821669,53.916851919172416,54.338714599609375,375600,0.0,0.0
2023-06-09 00:00:00-04:00,54.46851783132485,54.663220363958864,54.26570088789886,54.56587219238281,261700,0.0,0.0
2023-06-12 00:00:00-04:00,54.20891066236317,54.233247704480966,53.65724834626009,53.827613830566406,332300,0.0,0.0
2023-06-13 00:00:00-04:00,53.86818115611369,53.908740830917196,53.559895442301276,53.72215270996094,325000,0.0,0.0
2023-06-14 00:00:00-04:00,53.803279539458394,54.03043353014806,53.3814230123893,53.5842399597168,343300,0.0,0.0
2023-06-15 00:00:00-04:00,54.13590180809431,54.57398096356432,54.070998900068396,54.55775833129883,260300,0.0,0.0
2023-06-16 00:00:00-04:00,55.72598216745712,55.88011882679274,55.068851099513324,55.10941696166992,609500,0.0,0.0
2023-06-20 00:00:00-04:00,55.05263065208584,55.20677350701734,54.77679639533904,55.02829360961914,327900,0.0,0.0
2023-06-21 00:00:00-04:00,54.54153347185604,55.03640110427055,54.32248771358369,55.00395584106445,288900,0.0,0.0
2023-06-22 00:00:00-04:00,54.39550582301051,54.43606549735067,54.13590038720262,54.40361404418945,199500,0.0,0.0
2023-06-23 00:00:00-04:00,54.444177384682895,54.663216946516975,53.97364061987602,54.0060920715332,257900,0.0,0.0
2023-06-26 00:00:00-04:00,54.273813872842624,54.55775634828306,54.119671019254206,54.41172790527344,234200,0.0,0.0
2023-06-27 00:00:00-04:00,54.77680168602713,54.88227046621207,54.622665005689946,54.81736755371094,206400,0.0,0.0
2023-06-28 00:00:00-04:00,54.68756215961683,54.711899201871475,54.241362420009175,54.41172790527344,208900,0.0,0.0
2023-06-29 00:00:00-04:00,53.48688359104056,53.86006601739105,53.19482670268247,53.69781494140625,278000,0.0,0.0
2023-06-30 00:00:00-04:00,54.32249407487165,54.62266540527344,54.24948293988558,54.62266540527344,241200,0.0,0.0
2023-07-03 00:00:00-04:00,54.614539918305915,54.86603091823379,54.525299978431924,54.84169387817383,284300,0.0,0.0
2023-07-05 00:00:00-04:00,54.014211236306714,54.28193109393282,53.697817291651155,53.803279876708984,574600,0.0,0.0
2023-07-06 00:00:00-04:00,53.405754268200646,53.53555388189327,53.06502331909096,53.43820571899414,341700,0.0,0.0
2023-07-07 00:00:00-04:00,52.845976516403226,53.00011935721832,52.40789122367709,52.72428512573242,323900,0.0,0.0
2023-07-10 00:00:00-04:00,52.53769812457364,52.61070924681648,52.12394986342011,52.294315338134766,286500,0.0,0.0
2023-07-11 00:00:00-04:00,52.229412771166906,52.8784294128418,52.059047295360564,52.8784294128418,262800,0.0,0.0
2023-07-12 00:00:00-04:00,53.36518982763726,54.127783467877265,53.36518982763726,54.0060920715332,294300,0.0,0.0
2023-07-13 00:00:00-04:00,54.460401394577254,54.93905258178711,54.38739026861127,54.93905258178711,200900,0.0,0.0
2023-07-14 00:00:00-04:00,55.17431986532785,55.28789685198844,55.05262846833963,55.10941696166992,347100,0.0,0.0
2023-07-17 00:00:00-04:00,55.07696663071666,55.141869535695434,54.695669800818486,54.83358383178711,401200,0.0,0.0
2023-07-18 00:00:00-04:00,54.809247370890056,54.8335844131447,54.00609402907803,54.41172790527344,264200,0.0,0.0
2023-07-19 00:00:00-04:00,55.158091204342455,55.59617652107928,55.10130271084777,55.40147399902344,255600,0.0,0.0
2023-07-20 00:00:00-04:00,55.409588741730005,55.92879959664761,55.13375449347162,55.88011932373047,557600,0.0,0.0
2023-07-21 00:00:00-04:00,55.515052592932456,55.904463837797486,55.433927055517756,55.74220657348633,347500,0.0,0.0
2023-07-24 00:00:00-04:00,56.115391716171246,56.172180214061314,55.74220927439619,55.912574768066406,256700,0.0,0.0
2023-07-25 00:00:00-04:00,55.14187287898936,55.75032372372239,55.08508438106023,55.65296936035156,176500,0.0,0.0
2023-07-26 00:00:00-04:00,55.433923985519655,55.97747186452574,55.344684042461175,55.76654052734375,276900,0.0,0.0
2023-07-27 00:00:00-04:00,55.41769575253943,55.55561596839779,54.82547378540039,54.82547378540039,201700,0.0,0.0
2023-07-28 00:00:00-04:00,55.06885757387665,55.06885757387665,54.36305852943202,54.46852111816406,254500,0.0,0.0
2023-07-31 00:00:00-04:00,54.80114349946112,55.141874497034095,54.492857767815075,54.66322326660156,182000,0.0,0.0
2023-08-01 00:00:00-04:00,53.77893961614794,53.91685364746943,53.26784316446622,53.27595138549805,495400,0.0,0.0
2023-08-02 00:00:00-04:00,52.172623403972494,52.37544032740822,51.88868094905874,52.042823791503906,304700,0.0,0.0
2023-08-03 00:00:00-04:00,51.109869672924845,51.20722093910771,50.67989874377131,50.858375549316406,376200,0.0,0.0
2023-08-04 00:00:00-04:00,51.117979693907444,51.47493948543608,50.83403721859228,50.971954345703125,346200,0.0,0.0
2023-08-07 00:00:00-04:00,50.8259283030577,50.96384234194079,50.460857178453914,50.688011169433594,515200,0.0,0.0
2023-08-08 00:00:00-04:00,50.98817767466495,51.30457470186703,50.96384063208822,51.255897521972656,370900,0.0,0.0
2023-08-09 00:00:00-04:00,50.907048892862136,51.377585650972904,50.89893757743366,51.247779846191406,624800,0.0,0.0
2023-08-10 00:00:00-04:00,51.71021075245967,51.85623610878613,51.33702521376435,51.43437957763672,276700,0.0,0.0
2023-08-11 00:00:00-04:00,51.45059712480995,51.66963977976095,51.247780195567266,51.44248580932617,379400,0.0,0.0
2023-08-14 00:00:00-04:00,50.93949854059495,51.10175269608665,50.60687891447024,51.004398345947266,234000,0.0,0.0
2023-08-15 00:00:00-04:00,50.35538665746036,50.42840087536073,49.99031556795852,50.07955551147461,231900,0.0,0.0
2023-08-16 00:00:00-04:00,50.17691005670455,50.2986014594221,49.95787048339844,49.95787048339844,201800,0.0,0.0
2023-08-17 00:00:00-04:00,49.803729343825246,49.982209248698105,49.34942136013582,49.389984130859375,200100,0.0,0.0
2023-08-18 00:00:00-04:00,49.64958825308807,49.99843364254121,49.584685345868444,49.78750228881836,311100,0.0,0.0
2023-08-21 00:00:00-04:00,49.617136266153416,49.68203917267542,49.31696806034145,49.66581344604492,416200,0.0,0.0
2023-08-22 00:00:00-04:00,49.446772628820554,49.5684609409912,49.195278498748884,49.389984130859375,324000,0.0,0.0
2023-08-23 00:00:00-04:00,50.136346155271134,50.477080218341754,50.06333193423749,50.387840270996094,322500,0.0,0.0
2023-08-24 00:00:00-04:00,50.21747172240303,50.720456828418364,50.006540387959376,50.02276611328125,237300,0.0,0.0
2023-08-25 00:00:00-04:00,50.37161599572871,50.58254425437937,50.21747623343557,50.43651580810547,207100,0.0,0.0
2023-08-28 00:00:00-04:00,50.44462602841347,50.83403415454861,50.44462602841347,50.60688018798828,194000,0.0,0.0
2023-08-29 00:00:00-04:00,50.76913683358736,51.44248745089503,50.655556750004806,51.3938102722168,275700,0.0,0.0
2023-08-30 00:00:00-04:00,51.977924193032585,52.00226123507416,51.53983886783918,51.68586730957031,374600,0.0,0.0
2023-08-31 00:00:00-04:00,51.969807795057385,51.969807795057385,51.28023147583008,51.28023147583008,185100,0.0,0.0
2023-09-01 00:00:00-04:00,51.49927358926563,51.49927358926563,50.74479437534437,51.02873992919922,362100,0.0,0.0
2023-09-05 00:00:00-04:00,50.501414539631114,50.598765797517466,50.030877786155806,50.087669372558594,265400,0.0,0.0
2023-09-06 00:00:00-04:00,49.95786884881269,50.07955715280776,49.803725997781775,50.030879974365234,205200,0.0,0.0
2023-09-07 00:00:00-04:00,50.52575424364345,51.15854519011105,50.50141720157422,51.0368537902832,293500,0.0,0.0
2023-09-08 00:00:00-04:00,51.00440015170754,51.32890847417984,50.99628883627906,51.247779846191406,251500,0.0,0.0
2023-09-11 00:00:00-04:00,51.29646098496044,51.750772052563065,51.23967248835273,51.53984069824219,481900,0.0,0.0
2023-09-12 00:00:00-04:00,51.31268799545608,51.54795639856835,51.14232250137107,51.40192794799805,283600,0.0,0.0
2023-09-13 00:00:00-04:00,50.947612175789835,51.78322003146482,50.939500860279146,51.604740142822266,272700,0.0,0.0
2023-09-14 00:00:00-04:00,51.994147999371876,52.66750172865105,51.98603977816261,52.58637619018555,265100,0.0,0.0
2023-09-15 00:00:00-04:00,52.44846183866215,52.79730722248782,52.091502044194456,52.107730865478516,488400,0.0,0.0
2023-09-18 00:00:00-04:00,51.98603930707498,52.164519203770844,51.70209373553694,51.969810485839844,267400,0.0,0.0
2023-09-19 00:00:00-04:00,51.91302548062785,52.148290779734204,51.64530563354492,51.64530563354492,261900,0.0,0.0
2023-09-20 00:00:00-04:00,52.489026759630946,52.92711213586387,52.30243862258581,52.416015625,250300,0.0,0.0
2023-09-21 00:00:00-04:00,52.13206355632255,52.30242902869351,51.82378096721749,51.88056945800781,220300,0.0,0.0
2023-09-22 00:00:00-04:00,51.596630485597764,51.85623593222474,51.39381353699912,51.40192794799805,241800,0.0,0.0
2023-09-25 00:00:00-04:00,50.225587883281335,50.744798764710175,50.13634793277183,50.631221771240234,424000,0.0,0.0
2023-09-26 00:00:00-04:00,50.60688261146853,50.63121965341097,49.86862909005303,49.933528900146484,279400,0.0,0.0
2023-09-27 00:00:00-04:00,49.53601263979743,49.576575410568914,48.89511033948841,49.00057601928711,385300,0.0,0.0
2023-09-28 00:00:00-04:00,48.87887773318047,49.05735761314559,48.473243893071086,48.50569534301758,543800,0.0,0.0
2023-09-29 00:00:00-04:00,49.63335709869174,49.722597038989534,48.89510363087443,49.18716049194336,390200,0.0,0.0
2023-10-02 00:00:00-04:00,48.54625943329599,48.72473931813325,47.0291896964013,47.22389221191406,481700,0.0,0.0
2023-10-03 00:00:00-04:00,46.33961211569291,46.793923160997835,45.76361276709007,46.68845748901367,579700,0.0,0.0
2023-10-04 00:00:00-04:00,47.41860019343395,47.491614414087636,46.53431822984638,47.17522048950195,406500,0.0,0.0
2023-10-05 00:00:00-04:00,47.313129789419165,47.79988914861141,47.14276432317593,47.637638092041016,479200,0.0,0.0
2023-10-06 00:00:00-04:00,46.35584343204666,47.6700964535498,45.98266097201041,47.61330795288086,520100,0.0,0.0
2023-10-09 00:00:00-04:00,47.580855014756295,48.035162976407584,47.40237511854136,47.97837448120117,415200,0.0,0.0
2023-10-10 00:00:00-04:00,48.578707569555085,48.9518899444425,48.44890486982292,48.878875732421875,389100,0.0,0.0
2023-10-11 00:00:00-04:00,49.179049884445185,49.381866820897564,48.8788816850231,49.31696701049805,439800,0.0,0.0
2023-10-12 00:00:00-04:00,48.77341849973124,48.903221221893055,47.97026512346159,48.254207611083984,475600,0.0,0.0
2023-10-13 00:00:00-04:00,49.22772709856287,49.43054403516053,48.71662755180934,48.92755889892578,377700,0.0,0.0
2023-10-16 00:00:00-04:00,48.749077916943044,49.14660046549278,48.43268399806713,48.96812057495117,265000,0.0,0.0
2023-10-17 00:00:00-04:00,48.976228073983584,49.14659663565192,48.61927141545767,48.838314056396484,304000,0.0,0.0
2023-10-18 00:00:00-04:00,49.024910587155794,49.14660198806616,48.27854264473796,48.36778259277344,315200,0.0,0.0
2023-10-19 00:00:00-04:00,48.39212456814003,48.732855552047454,48.108178986809506,48.22175598144531,577000,0.0,0.0
2023-10-20 00:00:00-04:00,48.02705204197271,48.27854306710099,47.7349951530255,47.78367233276367,331300,0.0,0.0
2023-10-23 00:00:00-04:00,47.507839185652855,48.10006425472503,47.207667898585804,47.7674446105957,375600,0.0,0.0
2023-10-24 00:00:00-04:00,48.18118938465872,48.570597518801065,48.1325153021039,48.48135757446289,413500,0.0,0.0
2023-10-25 00:00:00-04:00,48.41646104303804,48.80586920353608,48.221755415418535,48.35967254638672,312400,0.0,0.0
2023-10-26 00:00:00-04:00,49.38997888510018,49.5765700864033,48.86265363747866,48.97623062133789,402400,0.0,0.0
2023-10-27 00:00:00-04:00,49.43865427520743,49.43865427520743,48.481358107716936,48.578712463378906,656600,0.0,0.0
2023-10-30 00:00:00-04:00,49.03302239638768,49.276405200657386,48.45702302839666,48.85454559326172,341300,0.0,0.0
2023-10-31 00:00:00-04:00,48.5219288305739,48.838322781317714,48.31911187807236,48.797760009765625,334300,0.0,0.0
2023-11-01 00:00:00-04:00,48.976230233275544,49.66580963583525,48.84642752493053,49.536006927490234,387000,0.0,0.0
2023-11-02 00:00:00-04:00,49.91730026382803,50.24991989486043,49.86862618278078,50.1201171875,408000,0.0,0.0
2023-11-03 00:00:00-04:00,51.182884876882866,51.26401041779942,50.34728004542656,50.39595413208008,401800,0.0,0.0
2023-11-06 00:00:00-05:00,50.185020630444946,50.29048629842056,49.80372381950742,50.087669372558594,305800,0.0,0.0
2023-11-07 00:00:00-05:00,50.13634054116278,50.193129029525416,49.76315816199677,49.884849548339844,301600,0.0,0.0
2023-11-08 00:00:00-05:00,49.00057399551584,49.26017943142065,48.765305602120584,49.243953704833984,359300,0.0,0.0
2023-11-09 00:00:00-05:00,49.55223542312124,49.787500717515,49.016795739680724,49.0573616027832,362500,0.0,0.0
2023-11-10 00:00:00-05:00,49.292623785001354,49.56034360981865,48.96811856385571,49.47110366821289,378700,0.0,0.0
2023-11-13 00:00:00-05:00,49.48733012685609,49.62524415157014,49.27640188472261,49.365638732910156,430300,0.0,0.0
2023-11-14 00:00:00-05:00,50.20935369777889,50.858367190227625,50.20935369777889,50.83403015136719,309500,0.0,0.0
2023-11-15 00:00:00-05:00,50.39594977546452,50.72045810055974,50.24992133864575,50.274261474609375,257800,0.0,0.0
2023-11-16 00:00:00-05:00,51.26400664577183,51.63719215285544,51.158544069288496,51.46682357788086,359200,0.0,0.0
2023-11-17 00:00:00-05:00,51.758878601408725,52.529583534766566,51.58040181196908,52.261863708496094,1145800,0.0,0.0
2023-11-20 00:00:00-05:00,52.01849083573372,52.96767262647142,51.80755948574252,52.88654708862305,1467600,0.0,0.0
2023-11-21 00:00:00-05:00,53.18670727137124,53.64912960270662,53.13803319106685,53.21104431152344,1112500,0.0,0.0
2023-11-22 00:00:00-05:00,53.59112420411737,53.665484439646605,52.954901659947836,53.293670654296875,413500,1.19,0.0
2023-11-24 00:00:00-05:00,53.18626063799976,53.706801211120855,53.12015844666161,53.68201446533203,389000,0.0,0.0
2023-11-27 00:00:00-05:00,53.64070296440186,54.12819878155518,53.343249385358035,54.04557418823242,413900,0.0,0.0
2023-11-28 00:00:00-05:00,54.293451118545654,54.822256111117746,54.11993757134414,54.285186767578125,577700,0.0,0.0
2023-11-29 00:00:00-05:00,54.60742256932701,54.71484021140891,54.2769242043581,54.458702087402344,434500,0.0,0.0
2023-11-30 00:00:00-05:00,54.30171269518178,54.731364365750466,54.07036131073307,54.54132843017578,401100,0.0,0.0
2023-12-01 00:00:00-05:00,54.51653534838041,55.29321400538363,54.483484253891724,55.22711181640625,401300,0.0,0.0
2023-12-04 00:00:00-05:00,54.6487394552483,55.09491982432263,54.62395270760846,54.70657730102539,455100,0.0,0.0
2023-12-05 00:00:00-05:00,54.69831029262892,54.88008817162467,54.533061113824836,54.731361389160156,582200,0.0,0.0
2023-12-06 00:00:00-05:00,55.32626959005864,55.5906720635749,55.19407150522662,55.466732025146484,322100,0.0,0.0
2023-12-07 00:00:00-05:00,56.2186295716097,56.39214310161395,56.01206494486386,56.028587341308594,361200,0.0,0.0
2023-12-08 00:00:00-05:00,55.48326292129399,55.838554350127545,55.417160724336014,55.74766540527344,336200,0.0,0.0
2023-12-11 00:00:00-05:00,55.6898327757667,56.07817533945809,55.6319949239735,55.99554443359375,483200,0.0,0.0
2023-12-12 00:00:00-05:00,56.30951860040784,56.359092093672274,55.053602137657116,55.3180046081543,1393300,0.0,0.0
2023-12-13 00:00:00-05:00,56.02859380707744,57.30929716223724,55.698095409225886,57.25972366333008,615800,0.0,0.0
2023-12-14 00:00:00-05:00,57.67284700840878,57.80504509312624,57.160564458479605,57.2514533996582,410400,0.0,0.0
2023-12-15 00:00:00-05:00,56.38388086328939,56.54087200272892,55.91291374882318,56.0368537902832,472900,0.0,0.0
2023-12-18 00:00:00-05:00,56.06990775859542,56.06990775859542,55.33453812650052,55.4832649230957,356900,0.0,0.0
2023-12-19 00:00:00-05:00,55.937698401232254,56.25993871464759,55.80550031811802,56.028587341308594,322800,0.0,0.0
2023-12-20 00:00:00-05:00,56.086434627827806,56.425203698578024,55.631996154785156,55.631996154785156,308400,0.0,0.0
2023-12-21 00:00:00-05:00,56.03685503967248,56.33430862426758,55.80550365251018,56.33430862426758,367300,0.0,0.0
2023-12-22 00:00:00-05:00,56.62349417453638,57.09446126886409,56.40866519878189,56.69786071777344,252300,0.0,0.0
2023-12-26 00:00:00-05:00,56.50781877516866,57.0118369686197,56.483032028581256,56.92094802856445,171100,0.0,0.0
2023-12-27 00:00:00-05:00,56.2599334361601,56.68959134963675,56.185573203357336,56.58218002319336,276400,0.0,0.0
2023-12-28 00:00:00-05:00,56.44998929531798,56.6400315537311,56.27647573964672,56.359100341796875,181700,0.0,0.0
2023-12-29 00:00:00-05:00,56.06163907032667,56.27646804964383,55.87160314173442,56.17731475830078,192200,0.0,0.0
2024-01-02 00:00:00-05:00,55.615460170860054,56.177316228806795,55.54109992829546,56.0368537902832,454300,0.0,0.0
2024-01-03 00:00:00-05:00,55.698091995214796,56.59871079070678,55.698091995214796,56.49955749511719,335100,0.0,0.0
2024-01-04 00:00:00-05:00,56.830067672521395,57.30929919177152,56.81354527358484,56.995323181152344,593600,0.0,0.0
2024-01-05 00:00:00-05:00,56.73091450394745,57.26797751301765,56.6234968590515,57.24319076538086,291500,0.0,0.0
2024-01-08 00:00:00-05:00,56.970523900629175,57.17708853595249,56.86311255964792,57.15230178833008,299300,0.0,0.0
2024-01-09 00:00:00-05:00,56.76395518415307,57.11098853747343,56.76395518415307,56.9292106628418,348900,0.0,0.0
2024-01-10 00:00:00-05:00,56.90443420410156,57.0779477602033,56.87138310238889,56.90443420410156,168700,0.0,0.0
2024-01-11 00:00:00-05:00,57.02835896216045,57.069674408748995,56.02032888623214,56.425193786621094,320100,0.0,0.0
2024-01-12 00:00:00-05:00,56.805278187407836,56.929218236950916,56.582191141312514,56.747440338134766,218600,0.0,0.0
2024-01-16 00:00:00-05:00,56.49955567410679,56.55739351870679,56.1194775090422,56.23515319824219,271200,0.0,0.0
2024-01-17 00:00:00-05:00,54.623953089172964,54.95445776900178,54.40085975115122,54.723106384277344,501700,0.0,0.0
2024-01-18 00:00:00-05:00,54.55785023277423,54.59090133074273,54.16950771145978,54.483489990234375,304500,0.0,0.0
2024-01-19 00:00:00-05:00,54.36781283570667,54.65700205533073,54.17777060346675,54.62395095825195,272800,0.0,0.0
2024-01-22 00:00:00-05:00,54.904879931988646,55.12797327798441,54.615690690746604,54.847042083740234,563800,0.0,0.0
2024-01-23 00:00:00-05:00,54.48348683771081,55.13623180115178,54.30997331130528,55.1114387512207,2033300,0.0,0.0
2024-01-24 00:00:00-05:00,55.640243911918276,55.73939720049913,54.74788953009874,54.76441192626953,1763200,0.0,0.0
2024-01-25 00:00:00-05:00,54.90487503051571,55.01229267042526,54.475223382433825,55.0040283203125,281200,0.0,0.0
2024-01-26 00:00:00-05:00,55.30148381751696,55.689826336303966,55.30148381751696,55.541099548339844,260700,0.0,0.0
2024-01-29 00:00:00-05:00,55.532834919391604,55.9294417865907,55.31800593699824,55.797237396240234,282800,0.0,0.0
2024-01-30 00:00:00-05:00,55.70634939559039,55.979016227408614,55.45021126477154,55.78071594238281,190900,0.0,0.0
2024-01-31 00:00:00-05:00,56.13600641862408,56.51608458510322,55.65677495938209,55.797237396240234,232300,0.0,0.0
2024-02-01 00:00:00-05:00,55.747658976460684,56.69785746063434,55.458469777934376,56.6648063659668,622200,0.0,0.0
2024-02-02 00:00:00-05:00,55.72287906111608,55.788974954700485,54.84704070470817,55.260169982910156,224700,0.0,0.0
2024-02-05 00:00:00-05:00,55.136231281998114,55.38410504430692,54.91313796168304,55.23537826538086,985400,0.0,0.0
2024-02-06 00:00:00-05:00,54.599163418716785,55.0618661633976,54.52479687540617,55.0040283203125,1427100,0.0,0.0
2024-02-07 00:00:00-05:00,54.962712836200325,55.06186612592965,54.80572800727736,54.91313934326172,484100,0.0,0.0
2024-02-08 00:00:00-05:00,54.27692831008192,54.35128855666916,53.491978874273464,53.6076545715332,468800,0.0,0.0
2024-02-09 00:00:00-05:00,53.11190183742565,53.31020213648889,52.690511337971444,53.06232833862305,428700,0.0,0.0
2024-02-12 00:00:00-05:00,52.94664629243642,53.409349036073394,52.781393961740626,53.35977554321289,412300,0.0,0.0
2024-02-13 00:00:00-05:00,53.13668643452888,53.17800188442614,52.3434789665519,52.63267135620117,289400,0.0,0.0
2024-02-14 00:00:00-05:00,52.764869937617654,52.94664782182638,52.550040955929866,52.89706802368164,896600,0.0,0.0
2024-02-15 00:00:00-05:00,53.27715102860052,53.73158942278116,53.19452013524758,53.54155349731445,297400,0.0,0.0
2024-02-16 00:00:00-05:00,53.47545065414073,53.880315550469874,53.40108411179749,53.78116226196289,256500,0.0,0.0
2024-02-20 00:00:00-05:00,54.739627036854515,55.260167635893644,54.68178919251683,55.11970520019531,647700,0.0,0.0
2024-02-21 00:00:00-05:00,54.98751357575349,55.28496718268406,54.72311107002108,55.09492492675781,533500,0.0,0.0
2024-02-22 00:00:00-05:00,54.59916914977888,54.79746944633517,54.202562252813536,54.55785369873047,349500,0.0,0.0
2024-02-23 00:00:00-05:00,54.97098543638558,55.28496774905837,54.84704538158596,55.06187438964844,240900,0.0,0.0
2024-02-26 00:00:00-05:00,54.822254164628056,54.85530526347191,54.21908894632216,54.252140045166016,284400,0.0,0.0
2024-02-27 00:00:00-05:00,54.48349259640139,54.87183513629184,54.367816899904575,54.847042083740234,208500,0.0,0.0
2024-02-28 00:00:00-05:00,54.46696247536437,54.723106914234826,54.376073529934935,54.59916687011719,376300,0.0,0.0
2024-02-29 00:00:00-05:00,55.367588898802595,55.67330053721374,54.987510710607204,55.078399658203125,326100,0.0,0.0
2024-03-01 00:00:00-05:00,54.95445538666155,55.11144021728912,54.417386093203866,54.970977783203125,254000,0.0,0.0
2024-03-04 00:00:00-05:00,54.86357107328847,55.83855645162889,54.83051997356559,55.75593185424805,375400,0.0,0.0
2024-03-05 00:00:00-05:00,56.102955390485704,56.606973597579255,55.91291315508474,55.9790153503418,406200,0.0,0.0
2024-03-06 00:00:00-05:00,56.739172668097474,56.904428159105656,56.29299229815402,56.53260803222656,299100,0.0,0.0
2024-03-07 00:00:00-05:00,56.954000594988344,57.036625187029195,56.55739372779906,56.780487060546875,266200,0.0,0.0
2024-03-08 00:00:00-05:00,56.78048975115696,57.04489224052808,56.67307210294668,56.84659194946289,380700,0.0,0.0
2024-03-11 00:00:00-04:00,56.66480713965604,56.8465850108836,56.41692707819085,56.673065185546875,236800,0.0,0.0
2024-03-12 00:00:00-04:00,56.30952437103142,56.34257547121218,55.42542792871775,55.764190673828125,333500,0.0,0.0
2024-03-13 00:00:00-04:00,56.04511424569577,56.31778105718745,55.855072021484375,55.855072021484375,224400,0.0,0.0
2024-03-14 00:00:00-04:00,56.102952609323914,56.11947500539297,55.425420901156734,55.73113250732422,219500,0.0,0.0
2024-03-15 00:00:00-04:00,55.94596163508382,56.16079060769158,55.698087870245956,56.094688415527344,368600,0.0,0.0
2024-03-18 00:00:00-04:00,55.84680906037893,55.87986015688334,55.450208510030265,55.532833099365234,227700,0.0,0.0
2024-03-19 00:00:00-04:00,55.49978469396025,55.722878030219405,55.392373353001794,55.59893798828125,184200,0.0,0.0
2024-03-20 00:00:00-04:00,56.06163717038203,56.6400218945032,55.93769713636664,56.62349319458008,283900,0.0,0.0
2024-03-21 00:00:00-04:00,56.7887499960763,56.96226352619487,56.08642522159601,56.119476318359375,311000,0.0,0.0
2024-03-22 00:00:00-04:00,55.92117492759066,56.45824420755483,55.92117492759066,56.185577392578125,217600,0.0,0.0
2024-03-25 00:00:00-04:00,56.34257712125611,56.50782632314658,56.13601246696655,56.169063568115234,479000,0.0,0.0
2024-03-26 00:00:00-04:00,56.061643407714385,56.16079670672874,55.458478174305284,55.4832649230957,372600,0.0,0.0
2024-03-27 00:00:00-04:00,55.06186677729915,56.1029542682905,55.004028933569195,56.04511642456055,302300,0.0,0.0
2024-03-28 00:00:00-04:00,56.169062676183955,56.507825425835954,56.12774722444092,56.36736297607422,280000,0.0,0.0
2024-04-01 00:00:00-04:00,56.11947666484813,56.251681052717835,55.64850956480359,56.04511642456055,232900,0.0,0.0
2024-04-02 00:00:00-04:00,56.17731591375029,56.64002497901592,56.16905786719101,56.20210266113281,321000,0.0,0.0
2024-04-03 00:00:00-04:00,56.18557896758717,56.53260603063892,55.86333865134594,56.31778335571289,247300,0.0,0.0
2024-04-04 00:00:00-04:00,56.871382961292774,56.97879431370268,56.1112265353464,56.359100341796875,233100,0.0,0.0
2024-04-05 00:00:00-04:00,55.16927453299215,55.26016346778907,54.541322642933885,54.80572509765625,404700,0.0,0.0
2024-04-08 00:00:00-04:00,54.7726824560705,55.35932529602877,54.7726824560705,54.99576950073242,414400,0.0,0.0
2024-04-09 00:00:00-04:00,55.169281005859375,55.34280084999522,54.79746717723115,55.169281005859375,215300,0.0,0.0
2024-04-10 00:00:00-04:00,54.491750217402064,54.491750217402064,53.4424046062836,53.599395751953125,294000,0.0,0.0
2024-04-11 00:00:00-04:00,53.921638147400884,53.929896194649245,53.04579974240427,53.42588424682617,246300,0.0,0.0
2024-04-12 00:00:00-04:00,53.91337465139536,54.60742886243746,53.62418539679448,53.706809997558594,437700,0.0,0.0
2024-04-15 00:00:00-04:00,53.79769478805756,53.87205503183728,53.219316323596026,53.30194091796875,312200,0.0,0.0
2024-04-16 00:00:00-04:00,52.90533441659472,52.96317226345303,52.31043039863405,52.483943939208984,449500,0.0,0.0
2024-04-17 00:00:00-04:00,53.11189624083262,53.483716354230616,52.87228366737392,53.36803436279297,286500,0.0,0.0
2024-04-18 00:00:00-04:00,53.87205169752351,54.11166741907056,53.64896467613948,54.07035827636719,350400,0.0,0.0
2024-04-19 00:00:00-04:00,54.11167141675819,54.40912500314704,53.97120897425584,54.020782470703125,488900,0.0,0.0
2024-04-22 00:00:00-04:00,54.045576792827305,54.59916852900639,53.93815914286384,54.40912628173828,451400,0.0,0.0
2024-04-23 00:00:00-04:00,54.764409101268015,55.450205128241976,54.75614475168292,55.22711181640625,336500,0.0,0.0
2024-04-24 00:00:00-04:00,55.13623774568895,55.32627368868533,54.86357090171744,55.21059799194336,253800,0.0,0.0
2024-04-25 00:00:00-04:00,54.797458830419274,55.202323696077585,54.53305638494934,55.161014556884766,232300,0.0,0.0
2024-04-26 00:00:00-04:00,55.19407872390438,55.3014900758692,54.78094941101244,54.789207458496094,287100,0.0,0.0
2024-04-29 00:00:00-04:00,55.4419445052852,55.71461132525589,55.39237101214585,55.458473205566406,231700,0.0,0.0
2024-04-30 00:00:00-04:00,55.09491995692801,55.30148459289372,54.888355320962305,55.070133209228516,217200,0.0,0.0
2024-05-01 00:00:00-04:00,55.21059313216539,55.87160245866667,55.103181795746096,55.458473205566406,257800,0.0,0.0
2024-05-02 00:00:00-04:00,55.57415684208484,56.01207290439927,55.425430037539094,55.863346099853516,527000,0.0,0.0
2024-05-03 00:00:00-04:00,56.43346520360878,56.6482879019846,56.04512265091367,56.458251953125,267800,0.0,0.0
2024-05-06 00:00:00-04:00,56.235156598042636,56.84659248232497,56.218634200237574,56.722652435302734,186500,0.0,0.0
2024-05-07 00:00:00-04:00,57.59022004044723,57.780262286011215,57.39191974792371,57.52412414550781,250600,0.0,0.0
2024-05-08 00:00:00-04:00,57.40018663373964,57.81331593865632,57.383657931385336,57.70589828491211,185400,0.0,0.0
2024-05-09 00:00:00-04:00,58.0116115425091,58.58173195436216,57.978560444329695,58.499107360839844,284600,0.0,0.0
2024-05-10 00:00:00-04:00,58.91223810023345,58.91223810023345,58.51563121605063,58.83787155151367,295200,0.0,0.0
2024-05-13 00:00:00-04:00,58.8626568331085,59.052699071677,58.45779191215249,58.499107360839844,246400,0.0,0.0
2024-05-14 00:00:00-04:00,59.33362724463678,59.441044895646804,58.97007775218379,59.10227584838867,173000,0.0,0.0
2024-05-15 00:00:00-04:00,60.25903411042049,60.382974149179965,60.07725622742022,60.1516227722168,298700,0.0,0.0
2024-05-16 00:00:00-04:00,60.39123541297948,60.64737985442255,60.21772187101308,60.57301330566406,318300,0.0,0.0
2024-05-17 00:00:00-04:00,60.267303438753615,60.45733938387644,60.10204793880687,60.176414489746094,226000,0.0,0.0
2024-05-20 00:00:00-04:00,60.50691230765456,60.548221450055856,59.730227305826496,59.796329498291016,324400,0.0,0.0
2024-05-21 00:00:00-04:00,59.573242918878606,60.16815011070375,59.507140718930756,60.08552551269531,243100,0.0,0.0
2024-05-22 00:00:00-04:00,59.67240311067961,60.07726810037786,59.4410516879949,59.48236083984375,326300,0.0,0.0
2024-05-23 00:00:00-04:00,54.103411231593164,54.103411231593164,50.86447616017006,50.99667739868164,1682700,0.0,0.0
2024-05-24 00:00:00-04:00,51.08756727025515,51.591582334297684,49.90601730060173,50.1456298828125,1041900,0.0,0.0
2024-05-28 00:00:00-04:00,50.40176804643951,50.61659386765885,49.02191787678114,49.583770751953125,801000,0.0,0.0
2024-05-29 00:00:00-04:00,48.46832071691242,48.74098751927063,47.377659811331306,48.4022216796875,1113700,0.0,0.0
2024-05-30 00:00:00-04:00,47.14631491504925,48.17087377190605,47.104999465204365,47.99736022949219,1326400,0.0,0.0
2024-05-31 00:00:00-04:00,50.47355683999206,50.96597962487988,50.121823404176205,50.878047943115234,1696300,3.506,0.0
2024-06-03 00:00:00-04:00,50.71977008431478,51.238575076177504,50.517524525368806,51.10667419433594,779600,0.0,0.0
2024-06-04 00:00:00-04:00,51.72220075388142,52.61911793713917,51.60788689162095,52.59273910522461,825800,0.0,0.0
2024-06-05 00:00:00-04:00,52.20583588357293,52.20583588357293,51.326505635589115,51.79255294799805,762100,0.0,0.0
2024-06-06 00:00:00-04:00,51.73099776847253,51.977209153414826,51.256158650902215,51.56392288208008,816800,0.0,0.0
2024-06-07 00:00:00-04:00,51.420653915345866,52.100260504206226,51.31963046212565,51.42983627319336,663200,2.494,0.0
2024-06-10 00:00:00-04:00,51.67780416357312,51.91658401489258,51.42065609240144,51.91658401489258,577000,0.0,0.0
2024-06-11 00:00:00-04:00,51.24616220875445,51.35636802976384,50.63084257945711,50.970645904541016,753400,0.0,0.0
2024-06-12 00:00:00-04:00,52.67884815460654,52.71558459346094,51.66861710638852,52.25638961791992,1217500,0.0,0.0
2024-06-13 00:00:00-04:00,52.20128809331476,52.23802453437447,51.34718510726575,51.56760025024414,953600,0.0,0.0
2024-06-14 00:00:00-04:00,51.57678025667833,52.008424660995274,51.44820622221278,51.93495178222656,1066400,0.0,0.0
2024-06-17 00:00:00-04:00,51.319635297772024,51.512496361157936,51.1084060135808,51.24616241455078,834300,0.0,0.0
2024-06-18 00:00:00-04:00,52.06352710757282,52.2839422459643,51.81556139064981,51.889034271240234,1457700,0.0,0.0
2024-06-20 00:00:00-04:00,52.485994040337914,53.358461806435876,52.485994040337914,53.12886428833008,1367500,0.0,0.0
2024-06-21 00:00:00-04:00,52.68803631494676,53.03702551573698,52.283945953186524,52.46762466430664,1320300,0.0,0.0
2024-06-24 00:00:00-04:00,52.357411742400636,52.807424378592266,52.30231058521212,52.74313735961914,1098800,0.0,0.0
2024-06-25 00:00:00-04:00,52.56864267632178,53.08293881004118,52.48598744006264,52.95436477661133,1081700,0.0,0.0
2024-06-26 00:00:00-04:00,51.8982162751845,52.68803221923858,51.7880104584313,52.32986068725586,1084300,0.0,0.0
2024-06-27 00:00:00-04:00,51.7420944056045,52.10945181878089,51.54923334020786,52.0818977355957,1178500,0.0,0.0
2024-06-28 00:00:00-04:00,52.31149686509833,52.31149686509833,51.98087588366343,52.164554595947266,1050300,0.0,0.0
2024-07-01 00:00:00-04:00,52.58701246514133,53.10131215185082,52.22884090792828,52.476806640625,1031500,0.0,0.0
2024-07-02 00:00:00-04:00,52.86252949319923,52.9635494500391,52.45843565232051,52.724769592285156,825400,0.0,0.0
2024-07-03 00:00:00-04:00,53.91867326718381,54.31358122700516,53.79928509579942,54.258480072021484,744200,0.0,0.0
2024-07-05 00:00:00-04:00,55.21360571467644,55.44320321424241,54.800329514781744,55.14931869506836,1415600,0.0,0.0
2024-07-08 00:00:00-04:00,55.56259396150568,55.8748466958047,55.332996465796974,55.755455017089844,834700,0.0,0.0
2024-07-09 00:00:00-04:00,55.66361856742935,55.83811140654769,55.204423566547575,55.424835205078125,538200,0.0,0.0
2024-07-10 00:00:00-04:00,56.02179388005571,56.42588424682617,55.97587507755135,56.42588424682617,719600,0.0,0.0
2024-07-11 00:00:00-04:00,57.43611127948618,57.75754637723141,57.289169020034095,57.72080993652344,1005400,0.0,0.0
2024-07-12 00:00:00-04:00,57.11467483324531,57.58305571149402,57.04120545243725,57.07794189453125,1419400,0.0,0.0
2024-07-15 00:00:00-04:00,56.60037719502658,56.60037719502658,55.838111806480896,55.84729766845703,987000,0.0,0.0
2024-07-16 00:00:00-04:00,55.66361839393414,56.030972291466675,55.39728445344167,56.01260757446289,710400,0.0,0.0
2024-07-17 00:00:00-04:00,56.24220454463815,56.857524156485994,56.14118108516945,56.73813247680664,727900,0.0,0.0
2024-07-18 00:00:00-04:00,56.50853257502465,56.78405236308237,55.96668236369326,55.975868225097656,785400,0.0,0.0
2024-07-19 00:00:00-04:00,56.168731593737604,56.774868846413995,55.70953659918338,56.747318267822266,1411100,0.0,0.0
2024-07-22 00:00:00-04:00,56.96773011706205,57.20651347701885,56.77486905943679,57.02283477783203,684700,0.0,0.0
2024-07-23 00:00:00-04:00,56.86670413549588,57.16059214318974,56.61874193147671,56.97691345214844,332100,0.0,0.0
2024-07-24 00:00:00-04:00,57.10548737072023,57.748361036389966,57.041200354491224,57.69325637817383,584700,0.0,0.0
2024-07-25 00:00:00-04:00,57.50958199501915,57.996331087270555,57.43611261527434,57.53713607788086,501900,0.0,0.0
2024-07-26 00:00:00-04:00,58.18000896404766,58.48307936580555,57.98714789204539,58.427974700927734,519200,0.0,0.0
2024-07-29 00:00:00-04:00,58.50144118475476,59.1259431347879,58.115715579585824,59.08920669555664,903400,0.0,0.0
2024-07-30 00:00:00-04:00,58.71266892075702,58.82287823557039,58.40041620221161,58.73103713989258,757100,0.0,0.0
2024-07-31 00:00:00-04:00,59.00655993306967,59.45656908973259,58.83206358371142,59.19023513793945,635600,0.0,0.0
2024-08-01 00:00:00-04:00,58.51981451665475,58.988195399321896,58.27184878525096,58.47389221191406,1170000,0.0,0.0
2024-08-02 00:00:00-04:00,59.69534883611878,60.14535796545225,59.226967983358115,59.768821716308594,1171400,0.0,0.0
2024-08-05 00:00:00-04:00,57.81265413921005,58.02388342954096,57.00446991718486,57.04120635986328,1139900,0.0,0.0
2024-08-06 00:00:00-04:00,56.71058074634226,57.91367287035585,56.5544561327924,57.638153076171875,708700,0.0,0.0
2024-08-07 00:00:00-04:00,58.07898430676159,58.088166665142495,57.44529297370607,57.463661193847656,579800,0.0,0.0
2024-08-08 00:00:00-04:00,57.684074174685165,58.31776198065992,57.601418938829354,57.97795867919922,485900,0.0,0.0
2024-08-09 00:00:00-04:00,58.143268811762454,58.50144033058853,57.7483608542415,58.418785095214844,734200,0.0,0.0
2024-08-12 00:00:00-04:00,58.30858147119505,58.41878728803679,58.13408513253422,58.33613204956055,308700,0.0,0.0
2024-08-13 00:00:00-04:00,59.11676886190532,59.226971181381025,58.80451260761776,59.07084655761719,601700,0.0,0.0
2024-08-14 00:00:00-04:00,58.7218558207876,59.37391538870854,58.68512288305475,59.28207778930664,532900,0.0,0.0
2024-08-15 00:00:00-04:00,59.0892104391899,59.2361562054248,58.66675537478414,59.09839630126953,386200,0.0,0.0
2024-08-16 00:00:00-04:00,59.01574275383638,59.38310015140332,59.01574275383638,59.17186737060547,324100,0.0,0.0
2024-08-19 00:00:00-04:00,59.429020500952795,60.00760372176301,59.392284057395926,59.69535446166992,350000,0.0,0.0
2024-08-20 00:00:00-04:00,59.69535000182572,60.07189326508187,59.65861356101344,59.86984634399414,287700,0.0,0.0
2024-08-21 00:00:00-04:00,59.96168532284165,60.154546386475666,59.61269963723151,59.94331359863281,262300,0.0,0.0
2024-08-22 00:00:00-04:00,60.39332220338428,60.5127103687764,60.02596483949301,60.09943771362305,285800,0.0,0.0
2024-08-23 00:00:00-04:00,60.64128616714013,61.247426886286775,60.43006040629264,61.173954010009766,521100,0.0,0.0
2024-08-26 00:00:00-04:00,61.10048140382291,61.559676372445374,60.99945795018524,61.31171417236328,277000,0.0,0.0
2024-08-27 00:00:00-04:00,61.10966913894228,61.4219183639359,61.027010398540845,61.22905731201172,381200,0.0,0.0
2024-08-28 00:00:00-04:00,61.32089840799158,61.69744167854938,61.302533690609145,61.53213119506836,312100,0.0,0.0
2024-08-29 00:00:00-04:00,61.045387084352804,61.15558940483451,60.64129322456002,60.898441314697266,318100,0.0,0.0
2024-08-30 00:00:00-04:00,61.08212029769946,61.27498135510692,60.769864057068645,61.164772033691406,335000,0.0,0.0
2024-09-03 00:00:00-04:00,60.76068115234375,61.00864335055258,60.65965769946927,60.76068115234375,574200,0.0,0.0
2024-09-04 00:00:00-04:00,60.88007266961576,61.44029111845899,60.88007266961576,61.348453521728516,407900,0.0,0.0
2024-09-05 00:00:00-04:00,62.478066394405396,62.74440031737865,62.33112764776174,62.44132995605469,415800,0.0,0.0
2024-09-06 00:00:00-04:00,62.634188989796755,62.71684772511969,62.0372411543663,62.10152816772461,401900,0.0,0.0
2024-09-09 00:00:00-04:00,62.77195072036973,63.27706798784219,62.7444001433729,63.1668586730957,410200,0.0,0.0
2024-09-10 00:00:00-04:00,63.46993553468317,63.671982462367424,63.258702744806016,63.49748611450195,417600,0.0,0.0
2024-09-11 00:00:00-04:00,63.24951952353542,63.69952864528647,62.87297627397682,63.66279220581055,389700,0.0,0.0
2024-09-12 00:00:00-04:00,63.35054395167226,63.63524260352627,63.09338887139823,63.61687088012695,342600,0.0,0.0
2024-09-13 00:00:00-04:00,63.78217724421497,63.984224148022435,63.61686677807786,63.91993713378906,494200,0.0,0.0
2024-09-16 00:00:00-04:00,64.24138201350564,64.55363827800034,64.07607152212849,64.40669250488281,461400,0.0,0.0
2024-09-17 00:00:00-04:00,64.74649388840744,64.93016908255018,64.42505879527789,64.62710571289062,573300,0.0,0.0
2024-09-18 00:00:00-04:00,64.70975768695648,64.77404470581955,64.17708981251407,64.33322143554688,499000,0.0,0.0
2024-09-19 00:00:00-04:00,62.68011594506836,63.35054371141102,62.23010681812462,63.21278381347656,466000,0.0,0.0
2024-09-20 00:00:00-04:00,63.9199463655446,64.05770627501492,63.506673643893684,63.87403106689453,521600,0.0,0.0
2024-09-23 00:00:00-04:00,64.507707893806,64.76485595779849,64.40668443912905,64.7281265258789,452000,0.0,0.0
2024-09-24 00:00:00-04:00,64.43424322374551,64.9393534997822,64.31484804412499,64.38832092285156,412500,0.0,0.0
2024-09-25 00:00:00-04:00,64.3148481145696,64.51689502790933,64.2321963809812,64.37913513183594,444900,0.0,0.0
2024-09-26 00:00:00-04:00,64.52608179676842,64.65465583310899,63.92912690989604,64.34239959716797,347200,0.0,0.0
2024-09-27 00:00:00-04:00,64.40669522237073,64.65466447327901,64.0301589247002,64.03934478759766,344200,0.0,0.0
2024-09-30 00:00:00-04:00,64.3148471698224,64.45260706387218,63.80973690065224,63.98422622680664,283500,0.0,0.0
2024-10-01 00:00:00-04:00,64.25056269314602,65.60059709603026,64.09443807687278,64.33322143554688,1046600,0.0,0.0
2024-10-02 00:00:00-04:00,63.68115479506099,63.68115479506099,63.148493957350865,63.1668586730957,469200,0.0,0.0
2024-10-03 00:00:00-04:00,61.91785032202508,61.96377262339664,61.50457763671875,61.50457763671875,500700,0.0,0.0
2024-10-04 00:00:00-04:00,60.228012341664595,61.118851680804,60.10861716832076,61.07292938232422,551000,0.0,0.0
2024-10-07 00:00:00-04:00,60.60455473745055,60.68721348178301,60.06270799533663,60.13618087768555,534300,0.0,0.0
2024-10-08 00:00:00-04:00,60.347407644950856,60.64129217240294,60.22801946424714,60.52190399169922,295200,0.0,0.0
2024-10-09 00:00:00-04:00,60.22801811452276,60.45761561541061,59.99842061363491,60.27393341064453,289200,0.0,0.0
2024-10-10 00:00:00-04:00,60.53108751669718,60.68721213314933,60.319854736328125,60.319854736328125,257300,0.0,0.0
2024-10-11 00:00:00-04:00,60.46679102514219,60.93517186215747,60.420875731636706,60.83414840698242,296700,0.0,0.0
2024-10-14 00:00:00-04:00,60.788236369794454,61.50457944903853,60.788236369794454,61.43110656738281,316700,0.0,0.0
2024-10-15 00:00:00-04:00,62.01887697174258,62.2392886147999,61.62396898260332,61.6790771484375,452900,0.0,0.0
2024-10-16 00:00:00-04:00,62.41378345311603,62.58827979498256,62.25765883500368,62.57909393310547,692700,0.0,0.0
2024-10-17 00:00:00-04:00,61.97295700411256,62.0923451753625,61.587227899383365,61.70662307739258,476400,0.0,0.0
2024-10-18 00:00:00-04:00,61.72498685566825,62.505616901154795,61.642335124541525,62.45051574707031,391700,0.0,0.0
2024-10-21 00:00:00-04:00,62.02806180335098,62.1382711264286,61.28416814116618,61.5596809387207,327800,0.0,0.0
2024-10-22 00:00:00-04:00,60.384142109757164,60.971911145417835,60.24638220929553,60.88007354736328,317800,0.0,0.0
2024-10-23 00:00:00-04:00,60.71476332875233,61.017833709716804,60.61373986843085,61.0178337097168,461400,0.0,0.0
2024-10-24 00:00:00-04:00,61.44028654452543,61.59641114802046,60.6412847982572,60.92598342895508,277400,0.0,0.0
2024-10-25 00:00:00-04:00,60.53109167626131,60.549456394322554,59.89740029836784,60.016788482666016,480200,0.0,0.0
2024-10-28 00:00:00-04:00,60.71476247256876,61.045383427729554,60.49435083804808,60.613739013671875,331200,0.0,0.0
2024-10-29 00:00:00-04:00,60.090255898952506,60.15454291645544,59.64024677643196,59.80555725097656,463100,0.0,0.0
2024-10-30 00:00:00-04:00,60.29230379716002,60.52190129295517,59.63106188818844,59.75963592529297,417600,0.0,0.0
2024-10-31 00:00:00-04:00,58.68512330819427,58.74941032891729,58.20756008040906,58.400421142578125,580200,0.0,0.0
2024-11-01 00:00:00-04:00,59.61269815589215,59.64942758987751,58.92390565713254,59.015743255615234,465100,0.0,0.0
2024-11-04 00:00:00-05:00,59.63106543909084,59.90658525315545,58.93308704841778,59.19023513793945,395200,0.0,0.0
2024-11-05 00:00:00-05:00,59.70453652280458,60.18209624511679,59.557590757933305,60.12699508666992,308200,0.0,0.0
2024-11-06 00:00:00-05:00,58.22592696811584,59.03410763966902,58.1340858667713,58.887168884277344,437800,0.0,0.0
2024-11-07 00:00:00-05:00,59.38309974515567,59.49330205894014,58.53817913788384,59.0524787902832,527600,0.0,0.0
2024-11-08 00:00:00-05:00,58.574912904147844,58.98819260697052,58.38205184553444,58.72185516357422,488100,0.0,0.0
2024-11-11 00:00:00-05:00,58.960637811891694,59.33718109183405,58.666756782509815,58.90553665161133,404700,0.0,0.0
2024-11-12 00:00:00-05:00,58.391240586099585,58.391240586099585,57.66571161168447,57.7667350769043,853300,0.0,0.0
2024-11-13 00:00:00-05:00,57.39019133618919,57.47284657444445,56.875891686669824,57.050384521484375,1237200,0.0,0.0
2024-11-14 00:00:00-05:00,57.31671996144817,57.63815506122673,57.14222712205121,57.27998352050781,481400,0.0,0.0
2024-11-15 00:00:00-05:00,57.252431349137076,57.64733931981282,57.252431349137076,57.628971099853516,683400,0.0,0.0
2024-11-18 00:00:00-05:00,57.07794254500185,57.78509979478064,57.03202024017103,57.7667350769043,577700,0.0,0.0
2024-11-19 00:00:00-05:00,58.09735113668464,58.51981320854769,57.91367593534755,58.391239166259766,720900,0.0,0.0
2024-11-20 00:00:00-05:00,58.042249844238164,58.12490508600185,57.76673353948584,58.106536865234375,549400,0.0,0.0
2024-11-21 00:00:00-05:00,57.95040512084961,57.99632742158996,57.41774076538237,57.95040512084961,898400,0.0,0.0
2024-11-22 00:00:00-05:00,59.15459887135913,59.31329224865461,58.75320237465764,58.911895751953125,1020800,1.02,0.0
2024-11-25 00:00:00-05:00,59.07058423322668,59.266617643213046,58.77187106488975,59.05191421508789,666400,0.0,0.0
2024-11-26 00:00:00-05:00,58.91189345247173,58.93989669874887,58.33313714344627,58.65052032470703,986000,0.0,0.0
2024-11-27 00:00:00-05:00,58.89322332661653,59.4066363527591,58.753199973604104,59.11725997924805,389700,0.0,0.0
2024-11-29 00:00:00-05:00,59.425303524356195,59.574660098643115,59.341290228760954,59.443973541259766,340600,0.0,0.0
2024-12-02 00:00:00-05:00,59.621335769617495,59.71468585790743,58.8745528680068,59.16393280029297,561500,0.0,0.0
2024-12-03 00:00:00-05:00,59.313291093653746,59.397304395070215,58.743868001935674,58.78120803833008,405000,0.0,0.0
2024-12-04 00:00:00-05:00,58.249127265334415,58.43582033273773,57.978417332280806,58.034423828125,522500,0.0,0.0
2024-12-05 00:00:00-05:00,58.258457627346935,58.491827511058624,58.15577430876311,58.21178436279297,331000,0.0,0.0
2024-12-06 00:00:00-05:00,58.025087712631716,58.07176097716075,57.12894821428371,57.2036247253418,385300,0.0,0.0
2024-12-09 00:00:00-05:00,57.95040903069532,58.09042881903714,57.474332491884724,57.48366928100586,537500,0.0,0.0
2024-12-10 00:00:00-05:00,57.20362509903112,57.29697518964083,56.72755210021806,56.8862419128418,489800,0.0,0.0
2024-12-11 00:00:00-05:00,56.69021210790799,56.83023546346015,56.06478252457654,56.07411575317383,620400,0.0,0.0
2024-12-12 00:00:00-05:00,55.98076638879664,56.27014275290355,55.49535662465467,55.5140266418457,593000,0.0,0.0
2024-12-13 00:00:00-05:00,55.88742039941483,55.91542720772513,55.616714032656056,55.663387298583984,588200,0.0,0.0
2024-12-16 00:00:00-05:00,55.504694434836054,55.868750897760926,54.85125802297354,54.87926483154297,979800,0.0,0.0
2024-12-17 00:00:00-05:00,55.355334604188116,56.008770977783946,55.28999132292271,55.44868469238281,979100,0.0,0.0
2024-12-18 00:00:00-05:00,55.01928580615264,55.15930916916559,53.92711639404297,53.92711639404297,751700,0.0,0.0
2024-12-19 00:00:00-05:00,53.99245808917027,54.337844530562464,53.843101501464844,53.843101501464844,791000,0.0,0.0
2024-12-20 00:00:00-05:00,54.10447501770716,54.97261130260443,54.09514178882247,54.60855484008789,708400,0.0,0.0
2024-12-23 00:00:00-05:00,54.944607037065076,55.093963623046875,54.64589386510148,55.093963623046875,891400,0.0,0.0
2024-12-24 00:00:00-05:00,54.74858073158221,55.03795713263438,54.70190390217446,54.944610595703125,260800,0.0,0.0
2024-12-26 00:00:00-05:00,54.73923723144014,55.131300472565364,54.73923723144014,55.0006103515625,488000,0.0,0.0
2024-12-27 00:00:00-05:00,54.813916758605586,55.59803967216123,54.776576724402545,55.36466979980469,632600,0.0,0.0
2024-12-30 00:00:00-05:00,55.21531385201759,55.39267367508706,55.00994722250642,55.27132034301758,618700,0.0,0.0
2024-12-31 00:00:00-05:00,55.346004041715204,55.76607055647047,55.26199073876415,55.46735382080078,337400,0.0,0.0
2025-01-02 00:00:00-05:00,55.69138895321768,55.878085572531944,55.53269914141275,55.57937240600586,514900,0.0,0.0
2025-01-03 00:00:00-05:00,55.54203319038054,55.54203319038054,55.2059799828393,55.21531677246094,391100,0.0,0.0
2025-01-06 00:00:00-05:00,54.90726807885535,55.39267788306638,54.58988488229206,54.953941345214844,624000,0.0,0.0
2025-01-07 00:00:00-05:00,55.21531708602691,55.35533688266967,54.65522721663015,54.701900482177734,457100,0.0,0.0
2025-01-08 00:00:00-05:00,53.60972921767002,54.16981550632965,53.35768931949066,54.12314224243164,394900,0.0,0.0
2025-01-10 00:00:00-05:00,52.937626020415166,53.05897936263419,52.312196412328625,52.396209716796875,964800,0.0,0.0
2025-01-13 00:00:00-05:00,52.35886727334864,52.80693702294483,52.13483061807963,52.67625045776367,807100,0.0,0.0
2025-01-14 00:00:00-05:00,52.284186943632086,52.592236897991235,52.106827114751916,52.526893615722656,942300,0.0,0.0
2025-01-15 00:00:00-05:00,54.02046108133439,54.09514115530522,53.64707139430598,53.7684211730957,527700,0.0,0.0
2025-01-16 00:00:00-05:00,53.57239077135752,55.39267660491131,53.48837746947221,55.21531677246094,1576600,0.0,0.0
2025-01-17 00:00:00-05:00,55.27132466330896,55.69139118335195,55.131304863922615,55.570037841796875,1669900,0.0,0.0
2025-01-21 00:00:00-05:00,56.1394578274732,57.773046989347854,56.10211779200433,57.493003845214844,2219000,0.0,0.0
2025-01-22 00:00:00-05:00,56.48484636588325,56.559526439614224,56.027443377577704,56.05544662475586,1526000,0.0,0.0
2025-01-23 00:00:00-05:00,56.39149996607792,56.80222968972974,56.14879684777047,56.67154312133789,941000,0.0,0.0
2025-01-24 00:00:00-05:00,56.074115567887965,56.568858583571604,55.98076903845621,56.270145416259766,949500,0.0,0.0
2025-01-27 00:00:00-05:00,57.39031893542042,57.530342284071814,56.550189526337086,57.40898895263672,1013600,0.0,0.0
2025-01-28 00:00:00-05:00,57.52100969907727,57.66103305796266,56.92358334825787,57.01693344116211,734100,0.0,0.0
2025-01-29 00:00:00-05:00,56.86757029716007,57.1009401757156,56.68087724306904,56.7275505065918,704600,0.0,0.0
2025-01-30 00:00:00-05:00,57.30630995327121,57.82905979186273,57.166290155018764,57.63302993774414,483900,0.0,0.0
2025-01-31 00:00:00-05:00,57.68903297780054,57.68903297780054,57.18495318801928,57.315643310546875,876100,0.0,0.0
2025-02-03 00:00:00-05:00,57.15695028902392,58.062426558279434,57.091607007834526,57.88506317138672,511400,0.0,0.0
2025-02-04 00:00:00-05:00,57.56768131728159,58.10910115780316,57.29697495796264,57.74504470825195,667200,0.0,0.0
2025-02-05 00:00:00-05:00,58.42648315823869,58.89322291711232,58.23045331413779,58.50115966796875,440900,0.0,0.0
2025-02-06 00:00:00-05:00,58.22111673586666,58.22111673586666,57.33431047860401,57.56768035888672,607900,0.0,0.0
2025-02-07 00:00:00-05:00,57.60502083472323,57.77304743468661,57.27830442420654,57.44633102416992,378300,0.0,0.0
2025-02-10 00:00:00-05:00,57.05426441937826,57.399654388427734,56.867567812502635,57.399654388427734,583900,0.0,0.0
2025-02-11 00:00:00-05:00,57.250303839730805,57.399660428760214,56.67154394141761,57.390323638916016,661700,0.0,0.0
2025-02-12 00:00:00-05:00,56.14879728858514,56.634203529010904,56.01810715822535,56.550193786621094,714200,0.0,0.0
2025-02-13 00:00:00-05:00,56.568860809018545,57.29697729880973,56.34482770519202,57.19429397583008,640200,0.0,0.0
2025-02-14 00:00:00-05:00,57.09160873833843,57.240965322861584,56.67154223157273,56.69021224975586,511400,0.0,0.0
2025-02-18 00:00:00-05:00,56.25147476585778,56.46617819083264,56.06478170909289,56.363494873046875,691300,0.0,0.0
2025-02-19 00:00:00-05:00,56.32615341488919,56.988923008116025,56.20480008230316,56.970252990722656,442100,0.0,0.0
2025-02-20 00:00:00-05:00,56.484841903229196,57.11027500801633,56.41949862434807,57.03559494018555,463900,0.0,0.0
2025-02-21 00:00:00-05:00,56.914249044668935,57.38098881755041,56.764892459784534,57.231632232666016,653300,0.0,0.0
2025-02-24 00:00:00-05:00,58.090432993827655,58.4358194363561,57.71704330380667,58.05309295654297,570200,0.0,0.0
2025-02-25 00:00:00-05:00,58.51050141496348,58.81854783023163,58.31447155425265,58.55717468261719,762200,0.0,0.0
2025-02-26 00:00:00-05:00,58.454485953299944,58.678522602645245,58.19311282984854,58.39847946166992,632500,0.0,0.0
2025-02-27 00:00:00-05:00,57.922405361986165,57.941075380298116,57.30630900145921,57.38098907470703,689100,0.0,0.0
2025-02-28 00:00:00-05:00,57.97841173946404,58.10909829841665,57.48366874887444,57.9970817565918,395500,0.0,0.0
2025-03-03 00:00:00-05:00,57.25963757191028,57.83839391436842,57.22229753408924,57.61436080932617,691700,0.0,0.0
2025-03-04 00:00:00-05:00,58.42648556888102,58.753201989195986,58.10910237731424,58.22111892700195,917500,0.0,0.0
2025-03-05 00:00:00-05:00,56.55952593966493,56.97959244833379,56.37282931792968,56.839569091796875,456000,0.0,0.0
2025-03-06 00:00:00-05:00,55.47668972057033,55.99943954842879,55.40200964761546,55.48602294921875,692000,0.0,0.0
2025-03-07 00:00:00-05:00,56.13945854971461,56.93291828939819,56.13012532119821,56.78356170654297,400200,0.0,0.0
2025-03-10 00:00:00-04:00,57.91306979395355,58.55716937545965,57.549013353930896,58.00641632080078,619900,0.0,0.0
2025-03-11 00:00:00-04:00,58.70653052104312,58.80921384512661,57.782387726175806,58.10910415649414,696000,0.0,0.0
2025-03-12 00:00:00-04:00,57.55834860337181,58.314468316775454,57.39032200039322,58.11843490600586,600500,0.0,0.0
2025-03-13 00:00:00-04:00,57.819719083365996,58.305128851814914,57.735705785731724,58.174442291259766,541100,0.0,0.0
2025-03-14 00:00:00-04:00,58.11843135359507,59.06124763056232,57.95040832182853,59.0052375793457,660300,0.0,0.0
2025-03-17 00:00:00-04:00,59.48131904545504,60.088082187328204,59.47198225567376,59.87337875366211,572300,0.0,0.0
2025-03-18 00:00:00-04:00,59.602666980514904,59.77069358195846,59.25728054907729,59.565330505371094,405100,0.0,0.0
2025-03-19 00:00:00-04:00,59.359963867841884,59.64000701660054,59.19193726639833,59.565330505371094,523600,0.0,0.0
2025-03-20 00:00:00-04:00,60.36812064440432,60.909540491357376,60.33078060786786,60.750850677490234,615300,0.0,0.0
2025-03-21 00:00:00-04:00,59.88271548027892,60.24677194064203,59.341295623678015,59.60266876220703,697500,0.0,0.0
2025-03-24 00:00:00-04:00,59.09859141560464,59.425307832750285,58.58517481588737,58.659854888916016,352500,0.0,0.0
2025-03-25 00:00:00-04:00,59.275950160276025,59.37863347833586,58.61318054854307,58.79987716674805,456500,0.0,0.0
2025-03-26 00:00:00-04:00,58.91189360652696,59.42530663495383,58.87455357076528,59.34129333496094,356900,0.0,0.0
2025-03-27 00:00:00-04:00,59.43464240867326,59.892052524929504,59.43464240867326,59.67734909057617,407800,0.0,0.0
2025-03-28 00:00:00-04:00,61.26425844542438,61.54430515068841,61.08690217918182,61.208251953125,839700,0.0,0.0
2025-03-31 00:00:00-04:00,61.04022738355522,61.42295741868057,60.862863989532855,61.2455940246582,422600,0.0,0.0
2025-04-01 00:00:00-04:00,60.96554889025,61.553645581721206,60.59216275698546,61.4042854309082,588300,0.0,0.0
2025-04-02 00:00:00-04:00,61.62831853524372,61.72167219044384,61.1242458309598,61.4042854309082,353000,0.0,0.0
2025-04-03 00:00:00-04:00,65.6236168640581,65.74496664473166,64.56878038802543,64.7741470336914,1056900,0.0,0.0
2025-04-04 00:00:00-04:00,64.87682945485528,65.0075160235748,61.18958803962784,61.544307708740234,2145100,0.0,0.0
2025-04-07 00:00:00-04:00,58.799879392192054,60.153425474229586,57.99708639618599,58.71586608886719,1507300,0.0,0.0
2025-04-08 00:00:00-04:00,59.58399823018011,59.948054665648954,58.146438944687276,58.566505432128906,855800,0.0,0.0
2025-04-09 00:00:00-04:00,59.03324773793118,61.245593252972874,58.090431407421256,60.87220001220703,1628500,0.0,0.0
2025-04-10 00:00:00-04:00,60.722844601795,61.656324106069285,60.03206464087597,61.2269172668457,1089000,0.0,0.0
2025-04-11 00:00:00-04:00,62.356436560679384,63.66330222839239,61.85235675089705,63.532615661621094,962800,0.0,0.0
2025-04-14 00:00:00-04:00,63.28991793037018,64.86749356666213,63.14989456997211,64.7741470336914,995700,0.0,0.0
2025-04-15 00:00:00-04:00,65.34356404493754,66.67843999530231,65.13819741843784,66.25837707519531,1700000,0.0,0.0
2025-04-16 00:00:00-04:00,66.65044047210283,67.27587005363473,66.5290835740944,66.7251205444336,1472300,0.0,0.0
2025-04-17 00:00:00-04:00,67.1918597585692,68.22801548559275,67.17318617969893,67.3132095336914,1525800,0.0,0.0
2025-04-21 00:00:00-04:00,67.00516705410803,68.11601009865012,66.87448047497183,68.05066680908203,962600,0.0,0.0
2025-04-22 00:00:00-04:00,68.68542917956756,69.84294186420045,68.68542917956756,69.40420532226562,1467800,0.0,0.0
2025-04-23 00:00:00-04:00,66.9398193359375,67.18252601908392,66.36105943670648,66.9398193359375,1195900,0.0,0.0
2025-04-24 00:00:00-04:00,67.12651540534259,67.62125840925694,66.79979187727822,67.45323181152344,887400,0.0,0.0
2025-04-25 00:00:00-04:00,67.31321468620618,67.48124129948206,66.86514134350907,67.24787139892578,548200,0.0,0.0
2025-04-28 00:00:00-04:00,67.35989406629093,68.02266375434674,67.01450403650786,68.00399017333984,862600,0.0,0.0
2025-04-29 00:00:00-04:00,67.80794985673394,68.48939302080498,67.80794985673394,68.18134307861328,691300,0.0,0.0
2025-04-30 00:00:00-04:00,68.20934810316946,68.39604115803735,67.63992502737379,68.14400482177734,951900,0.0,0.0
2025-05-01 00:00:00-04:00,67.44389826274485,67.77995147435837,66.83713512389356,66.8838119506836,963700,0.0,0.0
2025-05-02 00:00:00-04:00,67.13584491777966,67.21052498812963,66.5944250905677,66.91181182861328,514600,0.0,0.0
2025-05-05 00:00:00-04:00,66.82779497749635,67.1451817155823,66.44507208020025,67.06116485595703,361300,0.0,0.0
2025-05-06 00:00:00-04:00,67.80794967689087,67.8732929564052,67.43455645600186,67.49057006835938,854000,0.0,0.0
2025-05-07 00:00:00-04:00,67.45323075033208,67.91063371178929,67.40655392651908,67.74260711669922,473300,0.0,0.0
2025-05-08 00:00:00-04:00,67.1545227213338,67.23853246435036,65.3995765671148,65.5115966796875,950300,0.0,0.0
2025-05-09 00:00:00-04:00,65.9036540365384,66.13702392131502,65.67962094128029,65.9876708984375,875500,0.0,0.0
2025-05-12 00:00:00-04:00,63.42992817431089,63.840661426825655,62.87917869651453,63.03786849975586,1342000,0.0,0.0
2025-05-13 00:00:00-04:00,63.43926496329075,63.46726820834707,62.617805580144505,63.03786849975586,1976100,0.0,0.0
2025-05-14 00:00:00-04:00,63.271243092204536,63.392599992348295,62.80450331475023,62.94452667236328,3304700,0.0,0.0
2025-05-15 00:00:00-04:00,65.53959336355008,65.59559985328538,64.80214372054125,65.37156677246094,1384900,0.0,0.0
2025-05-16 00:00:00-04:00,65.13820229646626,66.61310170461246,65.1195358389699,66.53842163085938,750400,0.0,0.0
2025-05-19 00:00:00-04:00,66.17435640754289,67.63991883185577,66.03433306827571,67.6119155883789,1293500,0.0,0.0
2025-05-20 00:00:00-04:00,67.70526795097544,68.57340418310217,67.66792791582249,68.53606414794922,746700,0.0,0.0
2025-05-21 00:00:00-04:00,68.66675726502537,69.0401505303159,68.44272415460473,68.67609405517578,1019600,0.0,0.0
2025-05-22 00:00:00-04:00,67.82662466801098,68.89079074049037,67.54657796603914,68.73209381103516,1008700,0.0,0.0
2025-05-23 00:00:00-04:00,68.90012071858727,69.83360023352549,68.34003443400104,69.81493377685547,947100,0.0,0.0
2025-05-27 00:00:00-04:00,69.53488903523623,69.73091888427734,68.82544971162565,69.73091888427734,2442000,0.0,0.0
2025-05-28 00:00:00-04:00,68.0693302866886,68.23735689848758,67.60259048967859,67.8359603881836,1089700,0.0,0.0
2025-05-29 00:00:00-04:00,67.65859738009588,68.01331702667119,67.33187385717162,67.74260711669922,1279400,0.0,0.0
2025-05-30 00:00:00-04:00,68.10286434482678,68.74652064055003,68.01640633320784,68.58320617675781,785300,2.055,0.0
2025-06-02 00:00:00-04:00,68.35265305181963,69.33254729162762,68.19894012745371,69.07316589355469,1683200,0.0,0.0
2025-06-03 00:00:00-04:00,68.85220268773972,68.87142046724705,68.34304147232595,68.52557373046875,1019600,0.0,0.0
2025-06-04 00:00:00-04:00,68.7080993785349,68.88102274873451,68.21815593749885,68.25658416748047,1843800,0.0,0.0
2025-06-05 00:00:00-04:00,68.43910843101682,68.47753666062388,68.08366013366334,68.23736572265625,755500,0.0,0.0
2025-06-06 00:00:00-04:00,67.98758142733925,68.29499991455938,67.84348473757582,67.92033386230469,537100,0.0,0.0
2025-06-09 00:00:00-04:00,67.70899264882173,68.54478280473074,67.43039348704032,68.3238296508789,1576900,0.0,0.0
2025-06-10 00:00:00-04:00,68.43910528823008,68.5543899717573,68.17972391208762,68.41028594970703,656800,0.0,0.0
2025-06-11 00:00:00-04:00,68.44872071804909,68.92906261782488,68.42951026700979,68.66007232666016,924200,0.0,0.0
2025-06-12 00:00:00-04:00,69.43821540549753,70.10108949190953,69.39018561902851,69.95698547363281,652400,0.0,0.0
2025-06-13 00:00:00-04:00,69.67838737134149,70.1587292198459,69.62074869494013,69.85131072998047,670900,0.0,0.0
2025-06-16 00:00:00-04:00,69.75524563790718,69.89934966208828,68.49675230755817,68.59281921386719,1132000,0.0,0.0
2025-06-17 00:00:00-04:00,68.86180426108005,68.90984137530917,68.41028177329079,68.8329849243164,1530400,0.0,0.0
2025-06-18 00:00:00-04:00,68.5255772772366,68.65046353275669,68.16051274205586,68.2277603149414,1271200,0.0,0.0
2025-06-20 00:00:00-04:00,68.47753631802277,68.61203145625693,67.9587662150759,68.07405090332031,1241500,0.0,0.0
2025-06-23 00:00:00-04:00,69.01551356919673,70.52379401618789,68.90984510515544,70.44693756103516,1291500,0.0,0.0
2025-06-24 00:00:00-04:00,70.48537136176633,70.8696390090434,70.2836286481152,70.37008666992188,845200,0.0,0.0
2025-06-25 00:00:00-04:00,70.14912581245179,70.63907658845538,69.83210573803582,70.35087585449219,854400,0.0,0.0
2025-06-26 00:00:00-04:00,71.08098701205343,71.43644263015798,70.92728142681577,71.40762329101562,670300,0.0,0.0
2025-06-27 00:00:00-04:00,71.01373814602267,71.22508973511647,70.37008181882615,70.62946319580078,1176200,0.0,0.0
2025-06-30 00:00:00-04:00,70.38928807395082,71.51329351902721,70.34125828893184,71.4844741821289,1259700,0.0,0.0
2025-07-01 00:00:00-04:00,71.48447699705791,71.64779146553578,70.96570692415627,71.45565032958984,1535500,0.0,0.0
2025-07-02 00:00:00-04:00,68.73692259914496,68.92905640997714,67.7185928793162,67.83387756347656,1457600,0.0,0.0
2025-07-03 00:00:00-04:00,68.87142181396484,69.10198386651369,68.5351766309299,68.87142181396484,808700,0.0,0.0
2025-07-07 00:00:00-04:00,68.31421625902773,68.41028315999871,67.92033243678156,68.1509017944336,674700,0.0,0.0
2025-07-08 00:00:00-04:00,67.02689805036326,67.91073261848769,66.73869734006098,67.77623748779297,679100,0.0,0.0
2025-07-09 00:00:00-04:00,67.80505649526015,68.17011365830363,67.57448713282069,68.06443786621094,569600,0.0,0.0
2025-07-10 00:00:00-04:00,67.05572712112257,67.88191571324873,66.92123198560763,67.87230682373047,951100,0.0,0.0
2025-07-11 00:00:00-04:00,67.25747365967784,67.68016953992776,67.13258007712406,67.4303970336914,940800,0.0,0.0
2025-07-14 00:00:00-04:00,68.19893607489419,68.65045860159387,68.00680226028952,68.3238296508789,734200,0.0,0.0
2025-07-15 00:00:00-04:00,68.1893314213023,68.39107411631554,67.54566777976308,68.20854187011719,997900,0.0,0.0
2025-07-16 00:00:00-04:00,67.7570238713601,68.31422220671215,67.70899408141032,68.09326171875,923900,0.0,0.0
2025-07-17 00:00:00-04:00,68.24697044792735,68.59281716385172,68.03561886270303,68.37185668945312,812600,0.0,0.0
2025-07-18 00:00:00-04:00,68.87141871901463,69.2556863461826,68.65045823690139,68.75613403320312,663700,0.0,0.0
2025-07-21 00:00:00-04:00,69.24608575162041,70.15873237302233,69.17883818298486,69.67839050292969,630300,0.0,0.0
2025-07-22 00:00:00-04:00,70.3700855215289,71.42683619316648,70.3028379514093,71.35958862304688,1167300,0.0,0.0
2025-07-23 00:00:00-04:00,69.58231907248269,70.46614629694672,69.50546261919848,69.79367065429688,1147600,0.0,0.0
2025-07-24 00:00:00-04:00,69.5438957124014,69.77445775895356,69.22686831749509,69.39019012451172,1224800,0.0,0.0
2025-07-25 00:00:00-04:00,68.99630421852814,69.3229404934097,68.90023731277535,69.3133316040039,553500,0.0,0.0
2025-07-28 00:00:00-04:00,68.77533999178127,68.82337710675803,67.42077983676556,67.5552749633789,1514800,0.0,0.0
2025-07-29 00:00:00-04:00,67.4207846841192,67.77624030397334,67.16140330112606,67.7474136352539,1143600,0.0,0.0
2025-07-30 00:00:00-04:00,67.10376073636107,68.0932638595471,67.10376073636107,67.4303970336914,805000,0.0,0.0
2025-07-31 00:00:00-04:00,67.21904266321957,67.82427078264803,67.14218620472333,67.62252807617188,723800,0.0,0.0
2025-08-01 00:00:00-04:00,68.95787151795655,69.21726020904455,68.71770060443374,68.99629974365234,895000,0.0,0.0
2025-08-04 00:00:00-04:00,69.31332881542275,70.08187135996047,69.31332881542275,69.79367065429688,708400,0.0,0.0
2025-08-05 00:00:00-04:00,69.7360267668103,69.77445499461908,69.30372203047268,69.43821716308594,566700,0.0,0.0
2025-08-06 00:00:00-04:00,69.67838110447158,70.10108423855675,69.45742797851562,69.45742797851562,567200,0.0,0.0
2025-08-07 00:00:00-04:00,68.91944224248921,69.54388807402394,68.83298423306654,69.24607849121094,660300,0.0,0.0
2025-08-08 00:00:00-04:00,69.15962087453387,69.20765799364428,68.12208799844107,68.21815490722656,701800,0.0,0.0
2025-08-11 00:00:00-04:00,68.43910595450906,68.59281886737513,68.17972457584143,68.42950439453125,437800,0.0,0.0
2025-08-12 00:00:00-04:00,67.86269240324329,67.86269240324329,67.18060789174183,67.516845703125,522300,0.0,0.0
2025-08-13 00:00:00-04:00,68.11247464455694,68.15090287143957,67.53606590018718,67.75701904296875,575000,0.0,0.0
2025-08-14 00:00:00-04:00,67.99718890711549,68.87141456387995,67.96836956976013,68.74652099609375,591100,0.0,0.0
2025-08-15 00:00:00-04:00,68.43910319270796,68.7657394546497,68.40067496604219,68.62163543701172,547700,0.0,0.0
2025-08-18 00:00:00-04:00,68.40067570667583,68.50635149879227,67.83387584844662,67.92033386230469,555500,0.0,0.0
2025-08-19 00:00:00-04:00,67.9779794716857,68.29499951675356,67.88191256925802,68.1893310546875,447800,0.0,0.0
2025-08-20 00:00:00-04:00,68.80416489659231,69.43821228732878,68.80416489659231,69.24607849121094,591800,0.0,0.0
2025-08-21 00:00:00-04:00,68.73692011700906,68.96748214756894,68.49674919742404,68.62163543701172,547400,0.0,0.0
2025-08-22 00:00:00-04:00,68.52556816866141,69.03472934274964,68.50635039071388,68.60242462158203,435400,0.0,0.0
2025-08-25 00:00:00-04:00,68.59281543972577,68.59281543972577,67.6993793342841,67.71858978271484,320900,0.0,0.0
2025-08-26 00:00:00-04:00,68.36225581331033,68.38146626241604,68.09325821978545,68.2469711303711,411900,0.0,0.0
2025-08-27 00:00:00-04:00,68.56399673440482,68.97709100910383,68.41028382780297,68.90984344482422,478600,0.0,0.0
2025-08-28 00:00:00-04:00,68.34303701541579,68.61202727549362,67.9779798523723,68.06443786621094,399000,0.0,0.0
2025-08-29 00:00:00-04:00,67.6321338335583,68.16050547001976,67.57448782763827,67.79544830322266,323400,0.0,0.0
2025-09-02 00:00:00-04:00,64.9710363338257,65.74919511893069,64.86536053991557,65.30728149414062,941700,0.0,0.0
2025-09-03 00:00:00-04:00,65.74919060876879,66.16228486678018,65.50901969898156,65.87407684326172,572900,0.0,0.0
2025-09-04 00:00:00-04:00,66.66184203534965,66.78672827902457,65.89329213575083,66.21031951904297,677900,0.0,0.0
2025-09-05 00:00:00-04:00,67.03650698720557,67.37274481418144,66.97886831099112,67.34392547607422,570000,0.0,0.0
2025-09-08 00:00:00-04:00,67.23825001572288,67.70899030525071,66.98847753126908,67.6513442993164,843400,0.0,0.0
2025-09-09 00:00:00-04:00,67.14218930033844,67.92994971265664,67.02690460727885,67.59371185302734,805600,0.0,0.0
2025-09-10 00:00:00-04:00,67.63213278818905,67.901123046875,67.53606588572048,67.901123046875,540200,0.0,0.0
2025-09-11 00:00:00-04:00,67.536071707755,68.28540387281582,67.3247201064434,68.27579498291016,337600,0.0,0.0
2025-09-12 00:00:00-04:00,68.37185597936354,68.81376959413622,68.28539796599784,68.78495025634766,409100,0.0,0.0
2025-09-15 00:00:00-04:00,68.78495092283673,68.8906267153753,68.55438888885931,68.80416870117188,351100,0.0,0.0
2025-09-16 00:00:00-04:00,68.7273165133441,68.75613585320104,68.06444237889306,68.09326171875,406200,0.0,0.0
2025-09-17 00:00:00-04:00,68.8137699398267,69.01551263479499,68.29499986872187,68.35264587402344,474000,0.0,0.0
2025-09-18 00:00:00-04:00,67.51684988752992,67.80505793196858,67.23825073242188,67.23825073242188,442200,0.0,0.0
2025-09-19 00:00:00-04:00,67.64173823833036,67.70898579958295,67.27667376630104,67.33431243896484,476700,0.0,0.0
2025-09-22 00:00:00-04:00,67.66095143548463,68.33342707533667,67.61291432002317,68.17011260986328,555600,0.0,0.0
2025-09-23 00:00:00-04:00,68.35264725457031,68.55438995361328,67.86269651150309,68.55438995361328,644400,0.0,0.0
2025-09-24 00:00:00-04:00,68.57359901780234,68.78495060189336,68.24697008197792,68.35264587402344,746600,0.0,0.0
2025-09-25 00:00:00-04:00,68.45832487496217,68.52557244310375,67.58409915968655,67.7474136352539,406900,0.0,0.0
2025-09-26 00:00:00-04:00,68.30461114535764,68.83299012405412,68.25658135693486,68.73692321777344,425100,0.0,0.0
2025-09-29 00:00:00-04:00,68.60242289147693,69.0251187130107,68.3526430905016,68.97708892822266,795200,0.0,0.0
2025-09-30 00:00:00-04:00,69.17883405038727,69.94737659896323,69.14040582354325,69.81288146972656,924000,0.0,0.0
2025-10-01 00:00:00-04:00,70.20676631988833,70.72553639568277,69.93777605749898,69.99541473388672,906900,0.0,0.0
2025-10-02 00:00:00-04:00,69.23647686197668,69.82249452984453,69.1115906143493,69.67839050292969,607200,0.0,0.0
2025-10-03 00:00:00-04:00,69.85131343562442,70.68711092299274,69.79367475699047,70.54300689697266,624800,0.0,0.0
2025-10-06 00:00:00-04:00,70.23558869135469,71.03295795318417,70.12030400416548,70.9945297241211,668400,0.0,0.0
2025-10-07 00:00:00-04:00,70.53339764336847,71.55172738040237,70.46615007549752,70.97531127929688,834100,0.0,0.0
2025-10-08 00:00:00-04:00,71.25391533332873,71.25391533332873,70.42772668307394,70.71593475341797,523900,0.0,0.0
2025-10-09 00:00:00-04:00,71.22508901351037,71.28272769015743,70.36047221662959,70.44693756103516,677700,0.0,0.0
2025-10-10 00:00:00-04:00,70.80238855385397,71.64779493407318,70.6390740774699,71.59014892578125,913800,0.0,0.0
2025-10-13 00:00:00-04:00,70.74475029258677,70.81199786146159,70.39890355853478,70.41812133789062,491200,0.0,0.0
2025-10-14 00:00:00-04:00,71.07138339629373,71.39801233637331,70.64868022260485,71.33076477050781,692800,0.0,0.0
2025-10-15 00:00:00-04:00,70.67749612854195,72.2049869496418,70.65828568041401,72.08009338378906,876700,0.0,0.0
2025-10-16 00:00:00-04:00,72.62768551584318,73.12724513924867,72.3586952552871,72.9158935546875,1073500,0.0,0.0
2025-10-17 00:00:00-04:00,73.2425217892453,73.98225232811947,72.99274930937139,73.92460632324219,1083500,0.0,0.0
2025-10-20 00:00:00-04:00,73.64601379993526,73.90539516637567,73.34819687765508,73.59797668457031,855800,0.0,0.0
2025-10-21 00:00:00-04:00,74.06871174418153,74.13595930994971,73.24252317649523,73.38662719726562,545100,0.0,0.0
2025-10-22 00:00:00-04:00,73.77090348946965,74.21281711964666,73.59798012727559,73.87657928466797,457300,0.0,0.0
2025-10-23 00:00:00-04:00,74.18400026673146,74.23203005651781,73.5787648140535,73.68444061279297,566000,0.0,0.0
2025-10-24 00:00:00-04:00,73.9342152122942,74.06871034128318,73.56915805210053,73.92460632324219,367100,0.0,0.0
2025-10-27 00:00:00-04:00,74.27045857897029,74.30888680861216,73.5499457644147,74.1359634399414,415800,0.0,0.0
2025-10-28 00:00:00-04:00,73.6748418051448,74.00147077386283,73.37702484782679,73.63641357421875,416900,0.0,0.0
2025-10-29 00:00:00-04:00,73.1848866177281,73.29056241405536,72.47398271197352,72.57965850830078,531400,0.0,0.0
2025-10-30 00:00:00-04:00,72.67572261669457,73.14645557256775,72.58925727328568,73.05999755859375,531800,0.0,0.0
2025-10-31 00:00:00-04:00,72.35869806824157,72.44516341503017,71.96482155123955,72.29145050048828,563800,0.0,0.0
2025-11-03 00:00:00-05:00,71.74385973592126,72.13773624560494,71.32115655822022,71.80149841308594,688200,0.0,0.0
2025-11-04 00:00:00-05:00,71.71504277569795,72.23381287568964,71.52290162971846,72.18577575683594,404700,0.0,0.0
2025-11-05 00:00:00-05:00,72.32988182069401,72.71415679403847,72.20499556936714,72.40673828125,511300,0.0,0.0
2025-11-06 00:00:00-05:00,73.10803322950665,73.7036598038609,73.01196631865866,73.29056549072266,697900,0.0,0.0
2025-11-07 00:00:00-05:00,73.10803136906446,74.87569326731314,72.90628866258697,74.69316101074219,1022300,0.0,0.0
2025-11-10 00:00:00-05:00,74.12635838037055,74.51062599977867,73.98225435837497,74.2896728515625,592800,0.0,0.0
2025-11-11 00:00:00-05:00,74.2224246194606,74.40494953821174,73.92460768882512,74.27045440673828,870900,0.0,0.0
2025-11-12 00:00:00-05:00,74.3953506889323,74.99096991303408,74.31849423116587,74.96215057373047,828900,0.0,0.0
2025-11-13 00:00:00-05:00,74.71236454392803,75.40405794749256,74.27045094263616,75.01978302001953,607800,0.0,0.0
2025-11-14 00:00:00-05:00,73.97264273342542,74.5970885860231,73.77090004186643,74.33769989013672,876100,0.0,0.0
2025-11-17 00:00:00-05:00,74.77001847540609,74.99097163476344,74.42417173695202,74.87569427490234,765900,0.0,0.0
2025-11-18 00:00:00-05:00,74.77962114675032,75.19271546107237,74.28006881124796,74.4818115234375,752500,0.0,0.0
2025-11-19 00:00:00-05:00,73.72286506012298,73.99185532331985,72.95432249805121,73.09841918945312,783200,0.0,0.0
2025-11-20 00:00:00-05:00,73.25213347365329,73.34820037953499,72.48358356772944,72.84864807128906,620500,0.0,0.0
2025-11-21 00:00:00-05:00,72.97141554424921,73.49758234251823,72.7570504671093,73.26373291015625,806300,1.066,0.0
2025-11-24 00:00:00-05:00,72.3965377719245,72.56218081840774,71.49036281289176,71.656005859375,1032800,0.0,0.0
2025-11-25 00:00:00-05:00,72.10421792113573,72.64013062250378,72.08473356560395,72.17242431640625,717700,0.0,0.0
2025-11-26 00:00:00-05:00,72.83500671954535,73.60476888664743,72.62064163073973,73.5755386352539,736100,0.0,0.0
2025-11-28 00:00:00-05:00,73.84836215006578,74.20888591964012,73.70220346326863,74.16016387939453,456900,0.0,0.0
2025-12-01 00:00:00-05:00,74.22837314671806,74.33555569225274,73.62425402042614,73.71195220947266,832900,0.0,0.0
2025-12-02 00:00:00-05:00,74.54991626090033,74.62786111606455,73.51706701512538,73.70220184326172,751600,0.0,0.0
2025-12-03 00:00:00-05:00,73.99452075299466,74.53042602539062,73.9555446076303,74.53042602539062,777500,0.0,0.0
2025-12-04 00:00:00-05:00,74.29657998411204,74.6181276226151,73.84836544283806,73.96529388427734,408800,0.0,0.0
2025-12-05 00:00:00-05:00,73.96528664906468,74.18939018081011,73.40014372163314,73.47809600830078,434000,0.0,0.0
2025-12-08 00:00:00-05:00,73.99451968319397,74.03349582799483,73.27347215528734,73.400146484375,527100,0.0,0.0
2025-12-09 00:00:00-05:00,73.57553941439559,73.66323016950479,72.89346799425115,72.97142028808594,478000,0.0,0.0
2025-12-10 00:00:00-05:00,73.05911486554842,73.14680561632272,72.31858297860514,72.72782135009766,407500,0.0,0.0
2025-12-11 00:00:00-05:00,72.67909858510023,73.1955269256182,72.58166194056571,72.77654266357422,419200,0.0,0.0
2025-12-12 00:00:00-05:00,72.69858951615825,73.03962148497291,72.62063722787508,73.01039123535156,421100,0.0,0.0
2025-12-15 00:00:00-05:00,73.54630906244988,74.16991254439831,73.46835676872135,74.08221435546875,568400,0.0,0.0
2025-12-16 00:00:00-05:00,73.82887268066406,73.90682497393101,73.36117378894203,73.82887268066406,734500,0.0,0.0
2025-12-17 00:00:00-05:00,74.82274192397499,75.36839308044273,74.70581349018643,75.18326568603516,855200,0.0,0.0
2025-12-18 00:00:00-05:00,74.88120555854198,74.95915785099756,74.39401488160424,74.43299102783203,650600,0.0,0.0
2025-12-19 00:00:00-05:00,74.14067208972045,74.9591562754207,73.97502904718884,74.16016387939453,757700,0.0,0.0
2025-12-22 00:00:00-05:00,74.25760339628376,74.54017488596347,73.88734115149995,74.45248413085938,550100,0.0,0.0
2025-12-23 00:00:00-05:00,74.82274656544837,75.45609594503091,74.74479427142037,75.26121520996094,440600,0.0,0.0
2025-12-24 00:00:00-05:00,75.40736987319643,75.50480651855469,75.02736175254158,75.50480651855469,176000,0.0,0.0
2025-12-26 00:00:00-05:00,75.5145500435811,75.73866101141792,75.08581989673117,75.65096282958984,213700,0.0,0.0
2025-12-29 00:00:00-05:00,75.32941515600069,75.7581453024895,75.27095465745741,75.46582794189453,367400,0.0,0.0
2025-12-30 00:00:00-05:00,75.611990623062,76.00174464649865,75.53403833158674,75.77763366699219,308100,0.0,0.0
2025-12-31 00:00:00-05:00,75.61198827216762,75.61198827216762,75.31967833913328,75.36839294433594,192500,0.0,0.0
2026-01-02 00:00:00-05:00,76.17713235452356,76.94689449404017,75.8945608779461,76.68380737304688,667400,0.0,0.0
2026-01-05 00:00:00-05:00,76.42072421047841,76.44995445949507,74.97863664282936,76.25508117675781,637800,0.0,0.0
2026-01-06 00:00:00-05:00,77.8725501089683,78.2720500020361,77.07355775677189,77.5510025024414,887400,0.0,0.0
2026-01-07 00:00:00-05:00,77.66793423279888,77.99922774770671,77.28792611218724,77.35613250732422,823800,0.0,0.0
2026-01-08 00:00:00-05:00,77.65819004836978,77.80434873657919,77.17099937696484,77.44383239746094,924300,0.0,0.0
2026-01-09 00:00:00-05:00,77.4145950658069,78.26230951413676,77.36588045880801,78.06743621826172,877900,0.0,0.0
2026-01-12 00:00:00-05:00,77.6679375042029,77.97973924281078,77.33665140928069,77.71665954589844,529600,0.0,0.0
2026-01-13 00:00:00-05:00,76.0602048655072,76.18687919716874,75.39762525830886,76.07969665527344,698000,0.0,0.0
2026-01-14 00:00:00-05:00,75.98226224110645,76.99561232053945,75.70942921393926,76.85919952392578,673000,0.0,0.0
2026-01-15 00:00:00-05:00,76.9176659152581,77.5607537386647,76.76176133143848,77.326904296875,572700,0.0,0.0
2026-01-16 00:00:00-05:00,78.00896497895054,78.81770324707031,77.6484486534543,78.81770324707031,592800,0.0,0.0
2026-01-20 00:00:00-05:00,78.15512730941191,78.47667493954286,77.89204761544825,77.95050811767578,590600,0.0,0.0
2026-01-21 00:00:00-05:00,78.62283514620971,78.89566074045584,77.84332707641515,78.77873229980469,794600,0.0,0.0
2026-01-22 00:00:00-05:00,78.65205943126497,78.92488500481429,77.70690838436961,78.12589263916016,500100,0.0,0.0
2026-01-23 00:00:00-05:00,78.62283235438672,79.41207885742188,78.27205447882893,79.41207885742188,611000,0.0,0.0
2026-01-26 00:00:00-05:00,80.38645658700918,80.9321077316483,80.15260715844089,80.46440887451172,655900,0.0,0.0
2026-01-27 00:00:00-05:00,81.20493439389784,82.33522027603732,81.06852160590714,82.15008544921875,754600,0.0,0.0
2026-01-28 00:00:00-05:00,82.07214385667238,82.71523167791189,81.77008058502473,82.51061248779297,852400,0.0,0.0
2026-01-29 00:00:00-05:00,82.91010172578427,83.45576031200282,82.21829189087623,82.89061737060547,787100,0.0,0.0
2026-01-30 00:00:00-05:00,83.03678038765764,83.28037572677472,82.18906593131192,83.08549499511719,1239500,0.0,0.0
2026-02-02 00:00:00-05:00,83.33883474856137,83.53371547675631,82.140349864406,82.4424057006836,1076600,0.0,0.0
2026-02-03 00:00:00-05:00,82.32547569084123,84.13782554175901,82.32547569084123,84.02090454101562,788000,0.0,0.0
2026-02-04 00:00:00-05:00,86.55429682383985,86.84660676752767,84.99528815568564,85.54093933105469,1205000,0.0,0.0
2026-02-05 00:00:00-05:00,83.94295372707636,85.10246246382495,83.82602529033767,84.66399383544922,982700,0.0,0.0
2026-02-06 00:00:00-05:00,85.687095113348,86.08658758635241,85.14143652254806,85.80401611328125,1021900,0.0,0.0
2026-02-09 00:00:00-05:00,84.87835767075207,86.24249301021419,84.73219898546334,86.12556457519531,819400,0.0,0.0
2026-02-10 00:00:00-05:00,85.92094864070201,86.9343061473935,85.5701707563111,86.48609161376953,782000,0.0,0.0
2026-02-11 00:00:00-05:00,88.44459139811966,88.56151983571601,87.92817047479691,88.31792449951172,1269300,0.0,0.0
2026-02-12 00:00:00-05:00,88.66869919243169,89.87692993508927,88.55177075903667,88.88306427001953,2424600,0.0,0.0
2026-02-13 00:00:00-05:00,89.79898747497528,90.74413112618521,89.29230501735671,90.0328369140625,2841400,0.0,0.0
2026-02-17 00:00:00-05:00,90.6174653536161,90.78310839861157,89.93540138367014,90.05232238769531,1889900,0.0,0.0
2026-02-18 00:00:00-05:00,90.159503362834,90.20822540295705,88.37638374306066,88.48356628417969,1060500,0.0,0.0
2026-02-19 00:00:00-05:00,87.7040636731248,88.18150843286044,87.31430966287675,87.9573974609375,787100,0.0,0.0
2026-02-20 00:00:00-05:00,88.72716409709923,88.80511638989927,87.56765533594293,87.96714782714844,1225500,0.0,0.0
2026-02-23 00:00:00-05:00,88.65895132812874,89.6528244050574,88.48356239890246,89.09742736816406,1439100,0.0,0.0
2026-02-24 00:00:00-05:00,90.76362159165532,90.83182798680811,89.43846239959589,90.01334381103516,2538800,0.0,0.0
2026-02-25 00:00:00-05:00,90.80259578330468,91.65030275711977,90.17899234562533,91.52363586425781,1238700,0.0,0.0
2026-02-26 00:00:00-05:00,91.29952371416324,91.41645214494412,90.8708010025119,91.31901550292969,1056200,0.0,0.0
2026-02-27 00:00:00-05:00,91.4456891093178,92.21545127545475,91.11440301535345,91.36773681640625,962700,0.0,0.0
2026-03-02 00:00:00-05:00,90.66618371465266,91.92312906054512,90.32514430958197,91.47491455078125,1001700,0.0,0.0
2026-03-03 00:00:00-05:00,87.17789848318128,88.59074843322162,86.38865198747015,88.41535949707031,1128500,0.0,0.0
2026-03-04 00:00:00-05:00,88.47382790719303,88.77588374121144,87.58713732690211,88.1133041381836,1128300,0.0,0.0
2026-03-05 00:00:00-05:00,87.77227252376747,88.19125679557041,86.9245580852993,87.44097900390625,1340500,0.0,0.0
2026-03-06 00:00:00-05:00,87.06097054357683,87.76252629217743,86.68096241874144,87.55790710449219,1328900,0.0,0.0
2026-03-09 00:00:00-04:00,86.72968333045878,88.30817631033224,86.26197702616399,88.09381866455078,1277600,0.0,0.0
2026-03-10 00:00:00-04:00,88.26920449799569,88.97076027190258,87.43124336131788,87.54816436767578,2045000,0.0,0.0
2026-03-11 00:00:00-04:00,87.4117496758148,88.17176593642293,87.01225718952016,87.39226531982422,1313000,0.0,0.0
2026-03-12 00:00:00-04:00,87.26558962049947,89.45794761512386,87.26558962049947,88.48356628417969,1139800,0.0,0.0
2026-03-13 00:00:00-04:00,89.14614760234701,89.84770336355979,88.31792494189185,88.5712661743164,1107900,0.0,0.0
2026-03-16 00:00:00-04:00,88.87331752690922,89.29230178348357,87.94765826500603,88.56151580810547,998300,0.0,0.0
2026-03-17 00:00:00-04:00,88.88306946837832,89.0194822650143,88.0353550030492,88.10356140136719,1671800,0.0,0.0
2026-03-18 00:00:00-04:00,86.59326851443502,86.6907051573177,85.08297453096577,85.16092681884766,1145400,0.0,0.0
2026-03-19 00:00:00-04:00,83.96244014664344,84.16705934051085,82.68600294178208,83.33883666992188,1451100,0.0,0.0
2026-03-20 00:00:00-04:00,82.70548792903672,82.97832095688119,79.36335953582586,79.8895263671875,3059600,0.0,0.0
2026-03-23 00:00:00-04:00,80.69826507987999,81.53623365605407,79.40233606859451,79.95773315429688,1721600,0.0,0.0
2026-03-24 00:00:00-04:00,79.6264443533614,80.84442102926589,79.57772231274936,80.22081756591797,1324700,0.0,0.0
2026-03-25 00:00:00-04:00,81.98444129503218,82.50086219024138,81.44852861098154,82.13059997558594,1136800,0.0,0.0
2026-03-26 00:00:00-04:00,80.63980223210959,81.1562231557752,80.17209591535335,80.28902435302734,939800,0.0,0.0
2026-03-27 00:00:00-04:00,79.55823988264812,80.57159739360266,79.49003348450407,79.82131958007812,979600,0.0,0.0
2026-03-30 00:00:00-04:00,81.69212598172338,81.95521310010287,81.17570507356892,81.54597473144531,814800,0.0,0.0
2026-03-31 00:00:00-04:00,82.53983787068115,82.67625065604848,81.42904379901051,82.43265533447266,1498200,0.0,0.0
2026-04-01 00:00:00-04:00,83.6896132168089,84.80040735658129,83.61166092498003,84.61527252197266,1160900,0.0,0.0
2026-04-02 00:00:00-04:00,84.53732447870586,85.7455552207682,84.43014193996474,85.73580932617188,936000,0.0,0.0
2026-04-06 00:00:00-04:00,85.48247675646437,85.73581054806344,84.78092101432023,84.82963562011719,572400,0.0,0.0
2026-04-07 00:00:00-04:00,85.01476761248672,85.43375186483993,84.78091818422472,85.27784729003906,708000,0.0,0.0
2026-04-08 00:00:00-04:00,87.43123856287093,87.6943182466776,86.56403235431836,87.65534210205078,1075800,0.0,0.0
2026-04-09 00:00:00-04:00,87.42149148083143,88.60049196250587,87.35328508714579,88.00611877441406,742600,0.0,0.0
2026-04-10 00:00:00-04:00,88.2204858947653,88.8343434521642,87.88919237922812,87.97689056396484,611300,0.0,0.0
2026-04-13 00:00:00-04:00,87.19738569777601,87.20713159286495,85.95992464331357,86.67121887207031,884400,0.0,0.0
2026-04-14 00:00:00-04:00,86.64198862074329,87.07071879737902,86.31070252711737,86.67121887207031,754100,0.0,0.0
2026-04-15 00:00:00-04:00,86.2522339443601,86.3009559855,85.41427282148399,85.60914611816406,610500,0.0,0.0
2026-04-16 00:00:00-04:00,86.34967265694678,86.45685519363755,84.70296589682428,85.27784729003906,724200,0.0,0.0
2026-04-17 00:00:00-04:00,84.18654703344912,84.94656326909283,83.36806286387473,84.69322204589844,848800,0.0,0.0
2026-04-20 00:00:00-04:00,84.65424506695946,84.65424506695946,83.61165736840083,83.81627655029297,1312000,0.0,0.0
2026-04-21 00:00:00-04:00,83.7967975372998,83.92346443875411,82.11111450195312,82.11111450195312,938400,0.0,0.0
2026-04-22 00:00:00-04:00,84.29373406853354,84.56655966162968,83.29012245081283,83.40704345703125,843700,0.0,0.0
2026-04-23 00:00:00-04:00,84.1475733040478,84.81989880900204,84.12808151419827,84.7322006225586,644900,0.0,0.0
2026-04-24 00:00:00-04:00,85.18041229248047,85.44349940905198,84.8588646761995,85.18041229248047,692400,0.0,0.0
2026-04-27 00:00:00-04:00,85.20964267810245,85.66760308372817,84.9855391395661,84.99528503417969,573800,0.0,0.0
2026-04-28 00:00:00-04:00,84.77117189772406,85.53118811151475,84.54706093096921,85.20964050292969,790300,0.0,0.0
2026-04-29 00:00:00-04:00,84.5080992579059,84.70297255779235,83.48499584865232,83.77731323242188,1145700,0.0,0.0
2026-04-30 00:00:00-04:00,85.97940273200244,87.38251416493654,85.9014578787922,87.24610137939453,1289400,0.0,0.0
2026-05-01 00:00:00-04:00,86.58352669930669,87.44097960458784,86.20351857040279,86.21326446533203,884100,0.0,0.0
2026-05-04 00:00:00-04:00,86.20352055937317,86.33018746061717,84.93682181117391,85.25836944580078,511300,0.0,0.0
2026-05-05 00:00:00-04:00,84.88810039236182,85.83324399616161,84.5860371383391,85.394775390625,889400,0.0,0.0
2026-05-06 00:00:00-04:00,85.90145901015096,86.3594119768224,85.59939575195312,85.59939575195312,813800,0.0,0.0
2026-05-07 00:00:00-04:00,84.9952895468336,84.9952895468336,83.66038440359722,83.7091064453125,843200,0.0,0.0
2026-05-08 00:00:00-04:00,84.90758916986677,85.04400196242543,84.34244620987253,84.66399383544922,1000400,0.0,0.0
2026-05-11 00:00:00-04:00,84.36193530512664,85.38503121663906,84.35218941055813,84.92707824707031,1583800,0.0,0.0
2026-05-12 00:00:00-04:00,83.79679696601255,85.2778533623853,83.38755857892875,85.0050277709961,2618900,0.0,0.0
2026-05-13 00:00:00-04:00,84.41065430339238,84.95631291853819,84.0501379589269,84.75169372558594,2897600,0.0,0.0
2026-05-14 00:00:00-04:00,85.48248004046133,85.60914694112705,84.47886099448586,85.1901626586914,4458400,0.0,0.0
2026-05-15 00:00:00-04:00,79.73362813076113,80.08440601357093,77.43408753631465,78.57411193847656,7056000,0.0,0.0
2026-05-18 00:00:00-04:00,79.91874977072374,81.74084545093966,79.91874977072374,81.69212341308594,4209300,0.0,0.0
2026-05-19 00:00:00-04:00,81.8967497599143,82.63727418210765,81.20493250753856,81.99418640136719,1416100,0.0,0.0
2026-05-20 00:00:00-04:00,81.92598758079232,83.01728996022877,81.80905913987846,82.54959106445312,1189200,0.0,0.0
2026-05-21 00:00:00-04:00,83.28037251989188,84.27423819428518,83.23165048036869,84.2060317993164,714500,0.0,0.0
2026-05-22 00:00:00-04:00,84.90758759698005,85.10246088732826,84.23526210758155,84.39116668701172,728300,0.0,0.0
2026-05-26 00:00:00-04:00,85.8624841245989,85.88196847995884,84.98553945461147,85.43375396728516,669400,0.0,0.0
2026-05-27 00:00:00-04:00,83.75782139292686,84.1378295312404,83.31935275146965,83.59217834472656,1061200,0.0,0.0
2026-05-28 00:00:00-04:00,83.59217190792577,83.8942277294955,82.33521914954638,82.68599700927734,904200,0.0,0.0
2026-05-29 00:00:00-04:00,82.4000015258789,82.48999786376953,81.12000274658203,81.52999877929688,1521200,2.174,0.0
2026-06-01 00:00:00-04:00,80.61000061035156,80.81999969482422,79.69999694824219,80.0,1634600,0.0,0.0
2026-06-02 00:00:00-04:00,80.58999633789062,81.25,80.0199966430664,80.63999938964844,901800,0.0,0.0
2026-06-03 00:00:00-04:00,80.97000122070312,81.52999877929688,80.2300033569336,80.2300033569336,1070500,0.0,0.0
2026-06-04 00:00:00-04:00,81.68000030517578,81.80999755859375,80.70999908447266,81.37999725341797,899900,0.0,0.0
2026-06-05 00:00:00-04:00,81.62000274658203,82.04000091552734,81.4800033569336,81.86000061035156,978900,0.0,0.0
2026-06-08 00:00:00-04:00,80.72000122070312,81.05000305175781,80.0,80.16999816894531,1066800,0.0,0.0
2026-06-09 00:00:00-04:00,80.80000305175781,81.08000183105469,80.33000183105469,81.08000183105469,904600,0.0,0.0
2026-06-10 00:00:00-04:00,80.58999633789062,80.9000015258789,80.37000274658203,80.37999725341797,707900,0.0,0.0
2026-06-11 00:00:00-04:00,81.52999877929688,81.94999694824219,80.87999725341797,81.5199966430664,910700,0.0,0.0
2026-06-12 00:00:00-04:00,81.23999786376953,81.94000244140625,81.22000122070312,81.83999633789062,666200,0.0,0.0
2026-06-15 00:00:00-04:00,81.05999755859375,81.8499984741211,80.72000122070312,81.56999969482422,896100,0.0,0.0
2026-06-16 00:00:00-04:00,81.63999938964844,82.94000244140625,81.47000122070312,82.27999877929688,1029200,0.0,0.0
2026-06-17 00:00:00-04:00,81.44999694824219,81.8499984741211,80.4800033569336,80.68000030517578,954000,0.0,0.0
2026-06-18 00:00:00-04:00,80.1500015258789,80.19999694824219,78.76000213623047,79.44000244140625,2964100,0.0,0.0
2026-06-22 00:00:00-04:00,80.48999786376953,81.33999633789062,80.33999633789062,80.97000122070312,1289800,0.0,0.0
2026-06-23 00:00:00-04:00,80.58999633789062,81.83000183105469,80.38999938964844,81.56999969482422,1318300,0.0,0.0
2026-06-24 00:00:00-04:00,81.44999694824219,83.20999908447266,81.11000061035156,82.83000183105469,2709300,0.0,0.0
2026-06-25 00:00:00-04:00,83.51000213623047,84.0999984741211,83.0,83.41999816894531,1239500,0.0,0.0
2026-06-26 00:00:00-04:00,83.5199966430664,83.73999786376953,82.51000213623047,83.01000213623047,1251000,0.0,0.0
2026-06-29 00:00:00-04:00,83.44999694824219,83.87000274658203,83.08000183105469,83.76000213623047,995100,0.0,0.0
2026-06-30 00:00:00-04:00,83.26000213623047,83.55000305175781,82.80000305175781,82.87000274658203,1000700,0.0,0.0
2026-07-01 00:00:00-04:00,81.37000274658203,81.66999816894531,80.1500015258789,80.18000030517578,1379600,0.0,0.0
2026-07-02 00:00:00-04:00,82.30000305175781,82.97000122070312,82.20999908447266,82.8499984741211,1103700,0.0,0.0
2026-07-06 00:00:00-04:00,82.7699966430664,82.83000183105469,81.94999694824219,82.58999633789062,997100,0.0,0.0
2026-07-07 00:00:00-04:00,83.33000183105469,84.06999969482422,83.06999969482422,83.11000061035156,794700,0.0,0.0
2026-07-08 00:00:00-04:00,83.30999755859375,83.72000122070312,83.12999725341797,83.52999877929688,903100,0.0,0.0
2026-07-09 00:00:00-04:00,82.76000213623047,82.91000366210938,82.25,82.31999969482422,662100,0.0,0.0
2026-07-10 00:00:00-04:00,82.80000305175781,83.06999969482422,82.41999816894531,82.58999633789062,470400,0.0,0.0
2026-07-13 00:00:00-04:00,82.75,83.52999877929688,82.7300033569336,83.27999877929688,749300,0.0,0.0
2026-07-14 00:00:00-04:00,83.79000091552734,84.1500015258789,83.37999725341797,83.41000366210938,727100,0.0,0.0
2026-07-15 00:00:00-04:00,83.37999725341797,83.61000061035156,82.72000122070312,82.91000366210938,858200,0.0,0.0
2026-07-16 00:00:00-04:00,81.58000183105469,82.62000274658203,81.5,82.51000213623047,802500,0.0,0.0
2026-07-17 00:00:00-04:00,84.41999816894531,85.0199966430664,83.73999786376953,83.98999786376953,831700,0.0,0.0
2026-07-20 00:00:00-04:00,83.93000030517578,84.20999908447266,82.30000305175781,82.44000244140625,793500,0.0,0.0
2026-07-21 00:00:00-04:00,82.51000213623047,82.55999755859375,81.58000183105469,82.05000305175781,766400,0.0,0.0
2026-07-22 00:00:00-04:00,83.79000091552734,84.02999877929688,83.33000183105469,83.87000274658203,725800,0.0,0.0
2026-07-23 00:00:00-04:00,81.5,82.44999694824219,81.43000030517578,82.37000274658203,846400,0.0,0.0
2026-07-24 00:00:00-04:00,82.58999633789062,83.0,82.26000213623047,82.30000305175781,525200,0.0,0.0
2026-07-27 00:00:00-04:00,82.13999938964844,82.47000122070312,81.11000061035156,81.20999908447266,746500,0.0,0.0
2026-07-28 00:00:00-04:00,81.20999908447266,81.94999694824219,80.81999969482422,80.86000061035156,627600,0.0,0.0
2026-07-29 00:00:00-04:00,79.81999969482422,79.95999908447266,78.76000213623047,78.87999725341797,948800,0.0,0.0
2026-07-30 00:00:00-04:00,80.33999633789062,80.69000244140625,79.52999877929688,80.38999938964844,887200,0.0,0.0
2026-07-31 00:00:00-04:00,80.36000061035156,80.47000122070312,79.58000183105469,79.97000122070312,802900,0.0,0.0
2026-08-03 00:00:00-04:00,79.69999694824219,80.02999877929688,79.3499984741211,79.86000061035156,918300,0.0,0.0
2026-08-04 00:00:00-04:00,80.12999725341797,80.48999786376953,79.16999816894531,80.41999816894531,763000,0.0,0.0
2026-08-05 00:00:00-04:00,81.08000183105469,81.1500015258789,79.8499984741211,80.26000213623047,761700,0.0,0.0
2026-08-06 00:00:00-04:00,81.06999969482422,81.12999725341797,80.12000274658203,80.41000366210938,618500,0.0,0.0
2026-08-07 00:00:00-04:00,81.0999984741211,81.43000030517578,80.77999877929688,80.87999725341797,610500,0.0,0.0
2026-08-10 00:00:00-04:00,79.91000366210938,79.94999694824219,79.0999984741211,79.4800033569336,648800,0.0,0.0
2026-08-11 00:00:00-04:00,79.7699966430664,80.41999816894531,79.70999908447266,80.2699966430664,612500,0.0,0.0
2026-08-12 00:00:00-04:00,80.97000122070312,81.5,80.4800033569336,80.68000030517578,552400,0.0,0.0
2026-08-13 00:00:00-04:00,80.63999938964844,81.19999694824219,80.62000274658203,81.19999694824219,698500,0.0,0.0
2026-08-14 00:00:00-04:00,80.93000030517578,81.4000015258789,80.80999755859375,81.05000305175781,599600,0.0,0.0
2026-08-17 00:00:00-04:00,80.52999877929688,81.43000030517578,80.16999816894531,81.29000091552734,1117400,0.0,0.0
2026-08-18 00:00:00-04:00,81.8499984741211,82.33999633789062,81.70999908447266,82.1500015258789,1756400,0.0,0.0
2026-08-19 00:00:00-04:00,81.73999786376953,82.11000061035156,80.2300033569336,80.66000366210938,854700,0.0,0.0
2026-08-20 00:00:00-04:00,80.91999816894531,81.56999969482422,80.5999984741211,80.62000274658203,646000,0.0,0.0
2026-08-21 00:00:00-04:00,81.20999908447266,81.20999908447266,79.72000122070312,79.76000213623047,599300,0.0,0.0
2026-08-24 00:00:00-04:00,79.9000015258789,80.43000030517578,79.76000213623047,80.41999816894531,542300,0.0,0.0
2026-08-25 00:00:00-04:00,80.70999908447266,81.33000183105469,80.33000183105469,81.16999816894531,454800,0.0,0.0
2026-08-26 00:00:00-04:00,80.61000061035156,81.08000183105469,80.3499984741211,80.52999877929688,568700,0.0,0.0
2026-08-27 00:00:00-04:00,79.37000274658203,79.55000305175781,78.79000091552734,79.43000030517578,602100,0.0,0.0
2026-08-28 00:00:00-04:00,79.91999816894531,80.01000213623047,79.22000122070312,79.3499984741211,729000,0.0,0.0
2026-08-31 00:00:00-04:00,78.98999786376953,79.44999694824219,78.80999755859375,79.16000366210938,415600,0.0,0.0
2026-09-01 00:00:00-04:00,78.83000183105469,79.41999816894531,78.69999694824219,79.1500015258789,847000,0.0,0.0
2026-09-02 00:00:00-04:00,77.87999725341797,78.27999877929688,77.38999938964844,78.05000305175781,1438400,0.0,0.0
2026-09-03 00:00:00-04:00,77.61000061035156,78.16999816894531,77.23999786376953,78.16999816894531,997700,0.0,0.0
2026-09-04 00:00:00-04:00,77.9000015258789,78.5999984741211,77.73999786376953,78.12000274658203,845100,0.0,0.0
