Date,Open,High,Low,Close,Volume,Dividends,Stock Splits
2024-10-24 00:00:00-04:00,10.0,10.029999732971191,9.989999771118164,10.0,6783300,0.0,0.0
2024-10-25 00:00:00-04:00,10.0,10.010000228881836,10.0,10.0,327400,0.0,0.0
2024-10-28 00:00:00-04:00,10.0,10.015000343322754,10.0,10.0,249200,0.0,0.0
2024-10-29 00:00:00-04:00,10.0,10.010000228881836,10.0,10.010000228881836,38500,0.0,0.0
2024-10-30 00:00:00-04:00,10.003999710083008,10.010000228881836,9.989999771118164,10.0,46100,0.0,0.0
2024-10-31 00:00:00-04:00,10.0,10.010000228881836,9.989999771118164,10.0,113500,0.0,0.0
2024-11-01 00:00:00-04:00,10.010000228881836,10.100000381469727,10.010000228881836,10.100000381469727,47900,0.0,0.0
2024-11-04 00:00:00-05:00,10.029999732971191,10.029999732971191,10.020000457763672,10.020000457763672,5900,0.0,0.0
2024-11-05 00:00:00-05:00,10.029999732971191,10.039999961853027,10.010000228881836,10.039999961853027,6300,0.0,0.0
2024-11-06 00:00:00-05:00,10.039999961853027,10.050000190734863,10.039999961853027,10.050000190734863,2100,0.0,0.0
2024-11-07 00:00:00-05:00,10.050000190734863,10.050000190734863,10.050000190734863,10.050000190734863,0,0.0,0.0
2024-11-08 00:00:00-05:00,10.039999961853027,10.041000366210938,10.0,10.020000457763672,62300,0.0,0.0
2024-11-11 00:00:00-05:00,10.010000228881836,10.039999961853027,9.989999771118164,10.010000228881836,522900,0.0,0.0
2024-11-12 00:00:00-05:00,9.989999771118164,10.039999961853027,9.989999771118164,10.039999961853027,32000,0.0,0.0
2024-11-13 00:00:00-05:00,10.039999961853027,10.039999961853027,10.029999732971191,10.03600025177002,1800,0.0,0.0
2024-11-14 00:00:00-05:00,10.034000396728516,10.050000190734863,10.020000457763672,10.029999732971191,6400,0.0,0.0
2024-11-15 00:00:00-05:00,10.029999732971191,10.050000190734863,10.029999732971191,10.050000190734863,14300,0.0,0.0
2024-11-18 00:00:00-05:00,10.039999961853027,10.045000076293945,10.029999732971191,10.029999732971191,20800,0.0,0.0
2024-11-19 00:00:00-05:00,10.029999732971191,10.050000190734863,10.029999732971191,10.050000190734863,43800,0.0,0.0
2024-11-20 00:00:00-05:00,10.050000190734863,10.09000015258789,10.029999732971191,10.079999923706055,38500,0.0,0.0
2024-11-21 00:00:00-05:00,10.079999923706055,10.079999923706055,10.0600004196167,10.0600004196167,10200,0.0,0.0
2024-11-22 00:00:00-05:00,10.050000190734863,10.220000267028809,10.050000190734863,10.220000267028809,50500,0.0,0.0
2024-11-25 00:00:00-05:00,10.119999885559082,10.119999885559082,10.119000434875488,10.119000434875488,1100,0.0,0.0
2024-11-26 00:00:00-05:00,10.109000205993652,10.109000205993652,10.050000190734863,10.100000381469727,32700,0.0,0.0
2024-11-27 00:00:00-05:00,10.0600004196167,10.0600004196167,10.0600004196167,10.0600004196167,400,0.0,0.0
2024-11-29 00:00:00-05:00,10.119999885559082,10.119999885559082,10.0600004196167,10.100000381469727,27100,0.0,0.0
2024-12-02 00:00:00-05:00,10.069999694824219,10.069999694824219,10.057999610900879,10.069999694824219,42800,0.0,0.0
2024-12-03 00:00:00-05:00,10.119999885559082,10.119999885559082,10.0600004196167,10.119999885559082,500,0.0,0.0
2024-12-04 00:00:00-05:00,10.085000038146973,10.109999656677246,10.069999694824219,10.069999694824219,150600,0.0,0.0
2024-12-05 00:00:00-05:00,10.071000099182129,10.119999885559082,10.071000099182129,10.119999885559082,300,0.0,0.0
2024-12-06 00:00:00-05:00,10.119999885559082,10.130000114440918,10.119999885559082,10.130000114440918,3000,0.0,0.0
2024-12-09 00:00:00-05:00,10.140000343322754,10.140000343322754,10.128000259399414,10.140000343322754,400,0.0,0.0
2024-12-10 00:00:00-05:00,10.140000343322754,10.140000343322754,10.029999732971191,10.079999923706055,107700,0.0,0.0
2024-12-11 00:00:00-05:00,10.079999923706055,10.09000015258789,10.079999923706055,10.079999923706055,130700,0.0,0.0
2024-12-12 00:00:00-05:00,10.079999923706055,10.079999923706055,10.079999923706055,10.079999923706055,0,0.0,0.0
2024-12-13 00:00:00-05:00,10.100000381469727,10.130000114440918,10.100000381469727,10.100000381469727,16600,0.0,0.0
2024-12-16 00:00:00-05:00,10.118000030517578,10.119999885559082,10.100000381469727,10.119999885559082,4300,0.0,0.0
2024-12-17 00:00:00-05:00,10.119999885559082,10.119999885559082,10.09000015258789,10.119999885559082,4400,0.0,0.0
2024-12-18 00:00:00-05:00,10.119999885559082,10.119999885559082,10.119999885559082,10.119999885559082,100,0.0,0.0
2024-12-19 00:00:00-05:00,10.119999885559082,10.119999885559082,10.109999656677246,10.119999885559082,3400,0.0,0.0
2024-12-20 00:00:00-05:00,10.119999885559082,10.119999885559082,10.114999771118164,10.119999885559082,6300,0.0,0.0
2024-12-23 00:00:00-05:00,10.109999656677246,10.109999656677246,10.100000381469727,10.100000381469727,3400,0.0,0.0
2024-12-24 00:00:00-05:00,10.09000015258789,10.100000381469727,10.09000015258789,10.09000015258789,350200,0.0,0.0
2024-12-26 00:00:00-05:00,10.119999885559082,10.119999885559082,10.119999885559082,10.119999885559082,200,0.0,0.0
2024-12-27 00:00:00-05:00,10.119999885559082,10.140000343322754,10.104999542236328,10.140000343322754,16700,0.0,0.0
2024-12-30 00:00:00-05:00,10.140000343322754,10.149999618530273,10.130000114440918,10.130000114440918,3000,0.0,0.0
2024-12-31 00:00:00-05:00,10.130000114440918,10.130000114440918,10.130000114440918,10.130000114440918,0,0.0,0.0
2025-01-02 00:00:00-05:00,10.119999885559082,10.180000305175781,10.119999885559082,10.180000305175781,19400,0.0,0.0
2025-01-03 00:00:00-05:00,10.180000305175781,10.180000305175781,10.180000305175781,10.180000305175781,300,0.0,0.0
2025-01-06 00:00:00-05:00,10.180000305175781,10.199999809265137,10.180000305175781,10.199999809265137,1200,0.0,0.0
2025-01-07 00:00:00-05:00,10.15999984741211,10.170000076293945,10.15999984741211,10.170000076293945,1200,0.0,0.0
2025-01-08 00:00:00-05:00,10.170000076293945,10.170000076293945,10.142000198364258,10.15999984741211,3900,0.0,0.0
2025-01-10 00:00:00-05:00,10.15999984741211,10.15999984741211,10.15999984741211,10.15999984741211,200,0.0,0.0
2025-01-13 00:00:00-05:00,10.15999984741211,10.15999984741211,10.15999984741211,10.15999984741211,100,0.0,0.0
2025-01-14 00:00:00-05:00,10.15999984741211,10.15999984741211,10.140000343322754,10.15999984741211,1600,0.0,0.0
2025-01-15 00:00:00-05:00,10.15999984741211,10.1899995803833,10.15999984741211,10.1899995803833,2700,0.0,0.0
2025-01-16 00:00:00-05:00,10.1899995803833,10.1899995803833,10.1899995803833,10.1899995803833,0,0.0,0.0
2025-01-17 00:00:00-05:00,10.1899995803833,10.1899995803833,10.1899995803833,10.1899995803833,0,0.0,0.0
2025-01-21 00:00:00-05:00,10.180000305175781,10.180000305175781,10.180000305175781,10.180000305175781,200,0.0,0.0
2025-01-22 00:00:00-05:00,10.180000305175781,10.180000305175781,10.180000305175781,10.180000305175781,0,0.0,0.0
2025-01-23 00:00:00-05:00,10.180000305175781,10.180000305175781,10.180000305175781,10.180000305175781,0,0.0,0.0
2025-01-24 00:00:00-05:00,10.180000305175781,10.1899995803833,10.170000076293945,10.1899995803833,2100,0.0,0.0
2025-01-27 00:00:00-05:00,10.1899995803833,10.1899995803833,10.1899995803833,10.1899995803833,0,0.0,0.0
2025-01-28 00:00:00-05:00,10.1899995803833,10.1899995803833,10.1899995803833,10.1899995803833,0,0.0,0.0
2025-01-29 00:00:00-05:00,10.1899995803833,10.1899995803833,10.1899995803833,10.1899995803833,0,0.0,0.0
2025-01-30 00:00:00-05:00,10.1899995803833,10.1899995803833,10.1899995803833,10.1899995803833,0,0.0,0.0
2025-01-31 00:00:00-05:00,10.142999649047852,10.180000305175781,10.142999649047852,10.180000305175781,1700,0.0,0.0
2025-02-03 00:00:00-05:00,10.180000305175781,10.180000305175781,10.180000305175781,10.180000305175781,0,0.0,0.0
2025-02-04 00:00:00-05:00,10.180000305175781,10.180000305175781,10.180000305175781,10.180000305175781,0,0.0,0.0
2025-02-05 00:00:00-05:00,10.15999984741211,10.180000305175781,10.15999984741211,10.180000305175781,900,0.0,0.0
2025-02-06 00:00:00-05:00,10.180000305175781,10.180000305175781,10.180000305175781,10.180000305175781,0,0.0,0.0
2025-02-07 00:00:00-05:00,10.180000305175781,10.180000305175781,10.180000305175781,10.180000305175781,0,0.0,0.0
2025-02-10 00:00:00-05:00,10.180000305175781,10.180000305175781,10.180000305175781,10.180000305175781,0,0.0,0.0
2025-02-11 00:00:00-05:00,10.180000305175781,10.180000305175781,10.180000305175781,10.180000305175781,0,0.0,0.0
2025-02-12 00:00:00-05:00,10.180000305175781,10.180000305175781,10.180000305175781,10.180000305175781,0,0.0,0.0
2025-02-13 00:00:00-05:00,10.170000076293945,10.170000076293945,10.170000076293945,10.170000076293945,800,0.0,0.0
2025-02-14 00:00:00-05:00,10.170000076293945,10.170000076293945,10.170000076293945,10.170000076293945,0,0.0,0.0
2025-02-18 00:00:00-05:00,10.180000305175781,10.180000305175781,10.180000305175781,10.180000305175781,600,0.0,0.0
2025-02-19 00:00:00-05:00,10.180000305175781,10.180000305175781,10.180000305175781,10.180000305175781,0,0.0,0.0
2025-02-20 00:00:00-05:00,10.130000114440918,10.130000114440918,10.130000114440918,10.130000114440918,300,0.0,0.0
2025-02-21 00:00:00-05:00,10.130000114440918,10.130000114440918,10.130000114440918,10.130000114440918,0,0.0,0.0
2025-02-24 00:00:00-05:00,10.170000076293945,10.180000305175781,10.170000076293945,10.180000305175781,5300,0.0,0.0
2025-02-25 00:00:00-05:00,10.180000305175781,10.180000305175781,10.180000305175781,10.180000305175781,0,0.0,0.0
2025-02-26 00:00:00-05:00,10.1899995803833,10.199999809265137,10.149999618530273,10.149999618530273,15300,0.0,0.0
2025-02-27 00:00:00-05:00,10.170000076293945,10.170000076293945,10.149999618530273,10.149999618530273,1200,0.0,0.0
2025-02-28 00:00:00-05:00,10.149999618530273,10.149999618530273,10.119999885559082,10.119999885559082,3400,0.0,0.0
2025-03-03 00:00:00-05:00,10.180000305175781,10.1850004196167,10.170000076293945,10.170000076293945,11900,0.0,0.0
2025-03-04 00:00:00-05:00,10.1899995803833,10.1899995803833,10.149999618530273,10.149999618530273,6100,0.0,0.0
2025-03-05 00:00:00-05:00,10.199999809265137,10.220000267028809,10.15999984741211,10.220000267028809,16300,0.0,0.0
2025-03-06 00:00:00-05:00,10.220000267028809,10.220000267028809,10.220000267028809,10.220000267028809,200,0.0,0.0
2025-03-07 00:00:00-05:00,10.220000267028809,10.220000267028809,10.220000267028809,10.220000267028809,0,0.0,0.0
2025-03-10 00:00:00-04:00,10.220000267028809,10.289999961853027,10.220000267028809,10.270000457763672,17800,0.0,0.0
2025-03-11 00:00:00-04:00,10.270000457763672,10.270000457763672,10.270000457763672,10.270000457763672,0,0.0,0.0
2025-03-12 00:00:00-04:00,10.270000457763672,10.270000457763672,10.270000457763672,10.270000457763672,0,0.0,0.0
2025-03-13 00:00:00-04:00,10.270000457763672,10.270000457763672,10.270000457763672,10.270000457763672,0,0.0,0.0
2025-03-14 00:00:00-04:00,10.25,10.25,10.199999809265137,10.25,28600,0.0,0.0
2025-03-17 00:00:00-04:00,10.25,10.430000305175781,10.149999618530273,10.15999984741211,36900,0.0,0.0
2025-03-18 00:00:00-04:00,10.239999771118164,10.300000190734863,10.239999771118164,10.300000190734863,2200,0.0,0.0
2025-03-19 00:00:00-04:00,10.289999961853027,10.289999961853027,10.289999961853027,10.289999961853027,1700,0.0,0.0
2025-03-20 00:00:00-04:00,10.25,10.5,10.210000038146973,10.239999771118164,44600,0.0,0.0
2025-03-21 00:00:00-04:00,10.239999771118164,10.239999771118164,10.239999771118164,10.239999771118164,0,0.0,0.0
2025-03-24 00:00:00-04:00,10.239999771118164,10.239999771118164,10.239999771118164,10.239999771118164,0,0.0,0.0
2025-03-25 00:00:00-04:00,10.600000381469727,10.600000381469727,10.3100004196167,10.3100004196167,1100,0.0,0.0
2025-03-26 00:00:00-04:00,10.3100004196167,10.3100004196167,10.3100004196167,10.3100004196167,100,0.0,0.0
2025-03-27 00:00:00-04:00,10.3100004196167,10.3100004196167,10.3100004196167,10.3100004196167,200,0.0,0.0
2025-03-28 00:00:00-04:00,10.329999923706055,10.329999923706055,10.329999923706055,10.329999923706055,400,0.0,0.0
2025-03-31 00:00:00-04:00,10.369999885559082,10.4399995803833,10.350000381469727,10.4399995803833,18100,0.0,0.0
2025-04-01 00:00:00-04:00,10.300000190734863,10.300000190734863,10.300000190734863,10.300000190734863,1000,0.0,0.0
2025-04-02 00:00:00-04:00,10.300000190734863,10.300000190734863,10.300000190734863,10.300000190734863,0,0.0,0.0
2025-04-03 00:00:00-04:00,10.420000076293945,10.420000076293945,10.420000076293945,10.420000076293945,100,0.0,0.0
2025-04-04 00:00:00-04:00,10.331999778747559,10.350000381469727,10.260000228881836,10.350000381469727,12700,0.0,0.0
2025-04-07 00:00:00-04:00,10.315999984741211,10.315999984741211,10.3100004196167,10.3100004196167,900,0.0,0.0
2025-04-08 00:00:00-04:00,10.3100004196167,10.3100004196167,10.3100004196167,10.3100004196167,0,0.0,0.0
2025-04-09 00:00:00-04:00,10.3100004196167,10.3100004196167,10.3100004196167,10.3100004196167,0,0.0,0.0
2025-04-10 00:00:00-04:00,10.3100004196167,10.3100004196167,10.3100004196167,10.3100004196167,0,0.0,0.0
2025-04-11 00:00:00-04:00,10.3100004196167,10.3100004196167,10.3100004196167,10.3100004196167,0,0.0,0.0
2025-04-14 00:00:00-04:00,10.3100004196167,10.3100004196167,10.3100004196167,10.3100004196167,0,0.0,0.0
2025-04-15 00:00:00-04:00,10.3100004196167,10.3100004196167,10.3100004196167,10.3100004196167,0,0.0,0.0
2025-04-16 00:00:00-04:00,10.3100004196167,10.3100004196167,10.3100004196167,10.3100004196167,0,0.0,0.0
2025-04-17 00:00:00-04:00,10.3100004196167,10.3100004196167,10.3100004196167,10.3100004196167,0,0.0,0.0
2025-04-21 00:00:00-04:00,10.3100004196167,10.3100004196167,10.3100004196167,10.3100004196167,0,0.0,0.0
2025-04-22 00:00:00-04:00,10.3100004196167,10.3100004196167,10.3100004196167,10.3100004196167,0,0.0,0.0
2025-04-23 00:00:00-04:00,10.3100004196167,10.3100004196167,10.3100004196167,10.3100004196167,0,0.0,0.0
2025-04-24 00:00:00-04:00,10.350000381469727,10.350000381469727,10.34000015258789,10.350000381469727,3300,0.0,0.0
2025-04-25 00:00:00-04:00,10.430000305175781,10.460000038146973,10.430000305175781,10.430000305175781,2600,0.0,0.0
2025-04-28 00:00:00-04:00,10.449999809265137,10.449999809265137,10.449999809265137,10.449999809265137,300,0.0,0.0
2025-04-29 00:00:00-04:00,10.449999809265137,10.449999809265137,10.449999809265137,10.449999809265137,0,0.0,0.0
2025-04-30 00:00:00-04:00,10.449999809265137,10.449999809265137,10.449999809265137,10.449999809265137,0,0.0,0.0
2025-05-01 00:00:00-04:00,10.449999809265137,10.449999809265137,10.449999809265137,10.449999809265137,0,0.0,0.0
2025-05-02 00:00:00-04:00,10.449999809265137,10.449999809265137,10.449999809265137,10.449999809265137,0,0.0,0.0
2025-05-05 00:00:00-04:00,10.449999809265137,10.449999809265137,10.449999809265137,10.449999809265137,0,0.0,0.0
2025-05-06 00:00:00-04:00,10.539999961853027,10.539999961853027,10.539999961853027,10.539999961853027,300,0.0,0.0
2025-05-07 00:00:00-04:00,10.369999885559082,10.539999961853027,10.369999885559082,10.539999961853027,2800,0.0,0.0
2025-05-08 00:00:00-04:00,10.539999961853027,10.539999961853027,10.539999961853027,10.539999961853027,5900,0.0,0.0
2025-05-09 00:00:00-04:00,10.539999961853027,10.539999961853027,10.539999961853027,10.539999961853027,0,0.0,0.0
2025-05-12 00:00:00-04:00,10.579999923706055,10.579999923706055,10.579999923706055,10.579999923706055,200,0.0,0.0
2025-05-13 00:00:00-04:00,10.414999961853027,10.899999618530273,10.414999961853027,10.600000381469727,3200,0.0,0.0
2025-05-14 00:00:00-04:00,10.600000381469727,10.600000381469727,10.600000381469727,10.600000381469727,0,0.0,0.0
2025-05-15 00:00:00-04:00,10.899999618530273,10.899999618530273,10.600000381469727,10.600000381469727,3400,0.0,0.0
2025-05-16 00:00:00-04:00,10.600000381469727,10.600000381469727,10.600000381469727,10.600000381469727,0,0.0,0.0
2025-05-19 00:00:00-04:00,10.600000381469727,10.600000381469727,10.600000381469727,10.600000381469727,0,0.0,0.0
2025-05-20 00:00:00-04:00,10.600000381469727,10.600000381469727,10.600000381469727,10.600000381469727,0,0.0,0.0
2025-05-21 00:00:00-04:00,10.600000381469727,10.600000381469727,10.600000381469727,10.600000381469727,0,0.0,0.0
2025-05-22 00:00:00-04:00,10.800000190734863,10.989999771118164,10.800000190734863,10.989999771118164,2500,0.0,0.0
2025-05-23 00:00:00-04:00,10.649999618530273,10.649999618530273,10.649999618530273,10.649999618530273,200,0.0,0.0
2025-05-27 00:00:00-04:00,10.819999694824219,10.819999694824219,10.5600004196167,10.5600004196167,1700,0.0,0.0
2025-05-28 00:00:00-04:00,10.5600004196167,10.5600004196167,10.5600004196167,10.5600004196167,0,0.0,0.0
2025-05-29 00:00:00-04:00,10.5600004196167,10.5600004196167,10.5600004196167,10.5600004196167,0,0.0,0.0
2025-05-30 00:00:00-04:00,10.5600004196167,10.5600004196167,10.5600004196167,10.5600004196167,0,0.0,0.0
2025-06-02 00:00:00-04:00,10.5600004196167,10.5600004196167,10.5600004196167,10.5600004196167,0,0.0,0.0
2025-06-03 00:00:00-04:00,10.5600004196167,10.5600004196167,10.5600004196167,10.5600004196167,0,0.0,0.0
2025-06-04 00:00:00-04:00,10.5600004196167,10.5600004196167,10.5600004196167,10.5600004196167,0,0.0,0.0
2025-06-05 00:00:00-04:00,10.5600004196167,10.5600004196167,10.5600004196167,10.5600004196167,0,0.0,0.0
2025-06-06 00:00:00-04:00,10.5600004196167,10.5600004196167,10.5600004196167,10.5600004196167,0,0.0,0.0
2025-06-09 00:00:00-04:00,10.92199993133545,10.92199993133545,10.609999656677246,10.609999656677246,900,0.0,0.0
2025-06-10 00:00:00-04:00,10.609999656677246,10.609999656677246,10.609999656677246,10.609999656677246,0,0.0,0.0
2025-06-11 00:00:00-04:00,10.609999656677246,10.609999656677246,10.609999656677246,10.609999656677246,0,0.0,0.0
2025-06-12 00:00:00-04:00,10.609999656677246,10.609999656677246,10.609999656677246,10.609999656677246,0,0.0,0.0
2025-06-13 00:00:00-04:00,10.609999656677246,10.609999656677246,10.609999656677246,10.609999656677246,0,0.0,0.0
2025-06-16 00:00:00-04:00,10.609999656677246,10.609999656677246,10.609999656677246,10.609999656677246,0,0.0,0.0
2025-06-17 00:00:00-04:00,10.609999656677246,10.609999656677246,10.609999656677246,10.609999656677246,0,0.0,0.0
2025-06-18 00:00:00-04:00,10.609999656677246,10.609999656677246,10.609999656677246,10.609999656677246,0,0.0,0.0
2025-06-20 00:00:00-04:00,10.609999656677246,10.609999656677246,10.609999656677246,10.609999656677246,0,0.0,0.0
2025-06-23 00:00:00-04:00,10.609999656677246,10.609999656677246,10.609999656677246,10.609999656677246,0,0.0,0.0
2025-06-24 00:00:00-04:00,10.609999656677246,10.609999656677246,10.609999656677246,10.609999656677246,0,0.0,0.0
2025-06-25 00:00:00-04:00,10.609999656677246,10.609999656677246,10.609999656677246,10.609999656677246,0,0.0,0.0
2025-06-26 00:00:00-04:00,10.609999656677246,10.609999656677246,10.609999656677246,10.609999656677246,0,0.0,0.0
2025-06-27 00:00:00-04:00,10.609999656677246,10.609999656677246,10.609999656677246,10.609999656677246,0,0.0,0.0
2025-06-30 00:00:00-04:00,10.609999656677246,10.609999656677246,10.609999656677246,10.609999656677246,0,0.0,0.0
2025-07-01 00:00:00-04:00,10.609999656677246,10.609999656677246,10.609999656677246,10.609999656677246,0,0.0,0.0
2025-07-02 00:00:00-04:00,10.609999656677246,10.609999656677246,10.609999656677246,10.609999656677246,0,0.0,0.0
2025-07-03 00:00:00-04:00,10.609999656677246,10.609999656677246,10.609999656677246,10.609999656677246,100,0.0,0.0
2025-07-07 00:00:00-04:00,10.609999656677246,10.609999656677246,10.609999656677246,10.609999656677246,0,0.0,0.0
2025-07-08 00:00:00-04:00,10.609999656677246,10.609999656677246,10.609999656677246,10.609999656677246,0,0.0,0.0
2025-07-09 00:00:00-04:00,10.609999656677246,10.609999656677246,10.609999656677246,10.609999656677246,0,0.0,0.0
2025-07-10 00:00:00-04:00,10.609999656677246,10.75,10.609999656677246,10.75,1300,0.0,0.0
2025-07-11 00:00:00-04:00,10.75,10.75,10.75,10.75,0,0.0,0.0
2025-07-14 00:00:00-04:00,10.75,10.75,10.75,10.75,0,0.0,0.0
2025-07-15 00:00:00-04:00,10.75,10.75,10.75,10.75,0,0.0,0.0
2025-07-16 00:00:00-04:00,10.75,10.75,10.75,10.75,500,0.0,0.0
2025-07-17 00:00:00-04:00,10.75,10.75,10.75,10.75,0,0.0,0.0
2025-07-18 00:00:00-04:00,10.75,10.75,10.75,10.75,0,0.0,0.0
2025-07-21 00:00:00-04:00,10.75,10.75,10.75,10.75,0,0.0,0.0
2025-07-22 00:00:00-04:00,10.75,10.75,10.75,10.75,0,0.0,0.0
2025-07-23 00:00:00-04:00,11.055000305175781,11.055000305175781,11.055000305175781,11.055000305175781,200,0.0,0.0
2025-07-24 00:00:00-04:00,11.055000305175781,11.055000305175781,11.055000305175781,11.055000305175781,0,0.0,0.0
2025-07-25 00:00:00-04:00,11.055000305175781,11.055000305175781,11.055000305175781,11.055000305175781,0,0.0,0.0
2025-07-28 00:00:00-04:00,11.055000305175781,11.055000305175781,11.055000305175781,11.055000305175781,0,0.0,0.0
2025-07-29 00:00:00-04:00,11.055000305175781,11.055000305175781,11.055000305175781,11.055000305175781,0,0.0,0.0
2025-07-30 00:00:00-04:00,10.609999656677246,10.609999656677246,10.609999656677246,10.609999656677246,1300,0.0,0.0
2025-07-31 00:00:00-04:00,10.609999656677246,10.609999656677246,10.609999656677246,10.609999656677246,0,0.0,0.0
2025-08-01 00:00:00-04:00,10.609999656677246,10.609999656677246,10.609999656677246,10.609999656677246,0,0.0,0.0
2025-08-04 00:00:00-04:00,10.609999656677246,10.609999656677246,10.609999656677246,10.609999656677246,0,0.0,0.0
2025-08-05 00:00:00-04:00,10.609999656677246,10.609999656677246,10.609999656677246,10.609999656677246,0,0.0,0.0
2025-08-06 00:00:00-04:00,10.609999656677246,10.609999656677246,10.609999656677246,10.609999656677246,0,0.0,0.0
2025-08-07 00:00:00-04:00,10.609999656677246,10.609999656677246,10.609999656677246,10.609999656677246,0,0.0,0.0
2025-08-08 00:00:00-04:00,10.609999656677246,10.609999656677246,10.609999656677246,10.609999656677246,0,0.0,0.0
2025-08-11 00:00:00-04:00,10.609999656677246,10.609999656677246,10.609999656677246,10.609999656677246,0,0.0,0.0
2025-08-12 00:00:00-04:00,10.609999656677246,10.74899959564209,10.460000038146973,10.569999694824219,4100,0.0,0.0
2025-08-13 00:00:00-04:00,10.569999694824219,10.569999694824219,10.569999694824219,10.569999694824219,0,0.0,0.0
2025-08-14 00:00:00-04:00,10.569999694824219,10.569999694824219,10.569999694824219,10.569999694824219,0,0.0,0.0
2025-08-15 00:00:00-04:00,10.569999694824219,10.569999694824219,10.569999694824219,10.569999694824219,0,0.0,0.0
2025-08-18 00:00:00-04:00,10.569999694824219,10.569999694824219,10.569999694824219,10.569999694824219,0,0.0,0.0
2025-08-19 00:00:00-04:00,10.569999694824219,10.569999694824219,10.569999694824219,10.569999694824219,0,0.0,0.0
2025-08-20 00:00:00-04:00,10.569999694824219,10.569999694824219,10.569999694824219,10.569999694824219,0,0.0,0.0
2025-08-21 00:00:00-04:00,10.569999694824219,10.569999694824219,10.569999694824219,10.569999694824219,0,0.0,0.0
2025-08-22 00:00:00-04:00,10.569999694824219,10.569999694824219,10.569999694824219,10.569999694824219,0,0.0,0.0
2025-08-25 00:00:00-04:00,10.569999694824219,10.569999694824219,10.569999694824219,10.569999694824219,0,0.0,0.0
2025-08-26 00:00:00-04:00,10.569999694824219,10.569999694824219,10.569999694824219,10.569999694824219,0,0.0,0.0
2025-08-27 00:00:00-04:00,10.569999694824219,10.569999694824219,10.569999694824219,10.569999694824219,0,0.0,0.0
2025-08-28 00:00:00-04:00,10.569999694824219,10.569999694824219,10.569999694824219,10.569999694824219,0,0.0,0.0
2025-08-29 00:00:00-04:00,10.569999694824219,10.569999694824219,10.569999694824219,10.569999694824219,0,0.0,0.0
2025-09-02 00:00:00-04:00,10.569999694824219,10.569999694824219,10.569999694824219,10.569999694824219,0,0.0,0.0
2025-09-03 00:00:00-04:00,10.550000190734863,10.600000381469727,10.550000190734863,10.564000129699707,2200,0.0,0.0
2025-09-04 00:00:00-04:00,10.564000129699707,10.564000129699707,10.564000129699707,10.564000129699707,0,0.0,0.0
2025-09-05 00:00:00-04:00,10.564000129699707,10.564000129699707,10.564000129699707,10.564000129699707,0,0.0,0.0
2025-09-08 00:00:00-04:00,10.579999923706055,10.579999923706055,10.579999923706055,10.579999923706055,100,0.0,0.0
2025-09-09 00:00:00-04:00,10.579999923706055,10.579999923706055,10.579999923706055,10.579999923706055,0,0.0,0.0
2025-09-10 00:00:00-04:00,10.579999923706055,10.579999923706055,10.579999923706055,10.579999923706055,0,0.0,0.0
2025-09-11 00:00:00-04:00,10.579999923706055,10.579999923706055,10.579999923706055,10.579999923706055,0,0.0,0.0
2025-09-12 00:00:00-04:00,10.600000381469727,10.600000381469727,10.600000381469727,10.600000381469727,300,0.0,0.0
2025-09-15 00:00:00-04:00,10.600000381469727,10.600000381469727,10.600000381469727,10.600000381469727,0,0.0,0.0
2025-09-16 00:00:00-04:00,10.600000381469727,10.600000381469727,10.600000381469727,10.600000381469727,0,0.0,0.0
2025-09-17 00:00:00-04:00,10.600000381469727,10.600000381469727,10.600000381469727,10.600000381469727,0,0.0,0.0
2025-09-18 00:00:00-04:00,10.600000381469727,10.600000381469727,10.600000381469727,10.600000381469727,0,0.0,0.0
2025-09-19 00:00:00-04:00,10.600000381469727,10.600000381469727,10.600000381469727,10.600000381469727,0,0.0,0.0
2025-09-22 00:00:00-04:00,10.640000343322754,10.640000343322754,10.630000114440918,10.640000343322754,1500,0.0,0.0
2025-09-23 00:00:00-04:00,10.640000343322754,10.640000343322754,10.640000343322754,10.640000343322754,0,0.0,0.0
2025-09-24 00:00:00-04:00,10.649999618530273,10.649999618530273,10.649999618530273,10.649999618530273,800,0.0,0.0
2025-09-25 00:00:00-04:00,10.649999618530273,10.649999618530273,10.649999618530273,10.649999618530273,0,0.0,0.0
2025-09-26 00:00:00-04:00,10.649999618530273,10.649999618530273,10.649999618530273,10.649999618530273,0,0.0,0.0
2025-09-29 00:00:00-04:00,10.649999618530273,10.649999618530273,10.649999618530273,10.649999618530273,0,0.0,0.0
2025-09-30 00:00:00-04:00,10.649999618530273,10.649999618530273,10.649999618530273,10.649999618530273,0,0.0,0.0
2025-10-01 00:00:00-04:00,10.649999618530273,10.649999618530273,10.649999618530273,10.649999618530273,0,0.0,0.0
2025-10-02 00:00:00-04:00,10.649999618530273,10.649999618530273,10.649999618530273,10.649999618530273,0,0.0,0.0
2025-10-03 00:00:00-04:00,10.649999618530273,10.649999618530273,10.649999618530273,10.649999618530273,0,0.0,0.0
2025-10-06 00:00:00-04:00,10.649999618530273,10.649999618530273,10.649999618530273,10.649999618530273,0,0.0,0.0
2025-10-07 00:00:00-04:00,10.649999618530273,10.649999618530273,10.649999618530273,10.649999618530273,0,0.0,0.0
2025-10-08 00:00:00-04:00,10.6899995803833,10.84000015258789,10.680000305175781,10.84000015258789,3000,0.0,0.0
2025-10-09 00:00:00-04:00,10.989999771118164,10.989999771118164,10.989999771118164,10.989999771118164,500,0.0,0.0
2025-10-10 00:00:00-04:00,10.989999771118164,10.989999771118164,10.989999771118164,10.989999771118164,0,0.0,0.0
2025-10-13 00:00:00-04:00,11.0600004196167,11.0600004196167,11.0600004196167,11.0600004196167,3300,0.0,0.0
2025-10-14 00:00:00-04:00,11.0600004196167,11.0600004196167,11.0600004196167,11.0600004196167,0,0.0,0.0
2025-10-15 00:00:00-04:00,11.0600004196167,11.0600004196167,11.0600004196167,11.0600004196167,0,0.0,0.0
2025-10-16 00:00:00-04:00,11.0600004196167,11.0600004196167,11.0600004196167,11.0600004196167,0,0.0,0.0
2025-10-17 00:00:00-04:00,11.0600004196167,11.0600004196167,11.0600004196167,11.0600004196167,0,0.0,0.0
2025-10-20 00:00:00-04:00,11.0600004196167,11.0600004196167,11.0600004196167,11.0600004196167,0,0.0,0.0
2025-10-21 00:00:00-04:00,11.0600004196167,11.0600004196167,11.0600004196167,11.0600004196167,0,0.0,0.0
2025-10-22 00:00:00-04:00,11.0600004196167,11.0600004196167,11.0600004196167,11.0600004196167,0,0.0,0.0
2025-10-23 00:00:00-04:00,11.0600004196167,11.0600004196167,11.0600004196167,11.0600004196167,0,0.0,0.0
2025-10-24 00:00:00-04:00,11.0600004196167,11.0600004196167,11.0600004196167,11.0600004196167,0,0.0,0.0
2025-10-27 00:00:00-04:00,10.680000305175781,10.680000305175781,10.680000305175781,10.680000305175781,100,0.0,0.0
2025-10-28 00:00:00-04:00,10.670000076293945,10.670000076293945,10.670000076293945,10.670000076293945,100,0.0,0.0
2025-10-29 00:00:00-04:00,10.670000076293945,10.670000076293945,10.670000076293945,10.670000076293945,0,0.0,0.0
2025-10-30 00:00:00-04:00,10.670000076293945,10.670000076293945,10.670000076293945,10.670000076293945,0,0.0,0.0
2025-10-31 00:00:00-04:00,10.670000076293945,10.670000076293945,10.670000076293945,10.670000076293945,0,0.0,0.0
2025-11-03 00:00:00-05:00,10.670000076293945,10.670000076293945,10.640000343322754,10.640000343322754,400,0.0,0.0
2025-11-04 00:00:00-05:00,10.649999618530273,10.649999618530273,10.649999618530273,10.649999618530273,200,0.0,0.0
2025-11-05 00:00:00-05:00,10.649999618530273,10.649999618530273,10.649999618530273,10.649999618530273,0,0.0,0.0
2025-11-06 00:00:00-05:00,10.649999618530273,10.649999618530273,10.649999618530273,10.649999618530273,0,0.0,0.0
2025-11-07 00:00:00-05:00,10.649999618530273,10.649999618530273,10.649999618530273,10.649999618530273,0,0.0,0.0
2025-11-10 00:00:00-05:00,10.649999618530273,10.649999618530273,10.649999618530273,10.649999618530273,0,0.0,0.0
2025-11-11 00:00:00-05:00,10.649999618530273,10.649999618530273,10.649999618530273,10.649999618530273,0,0.0,0.0
2025-11-12 00:00:00-05:00,10.649999618530273,10.649999618530273,10.649999618530273,10.649999618530273,0,0.0,0.0
2025-11-13 00:00:00-05:00,10.649999618530273,10.649999618530273,10.649999618530273,10.649999618530273,0,0.0,0.0
2025-11-14 00:00:00-05:00,10.649999618530273,10.649999618530273,10.649999618530273,10.649999618530273,0,0.0,0.0
2025-11-17 00:00:00-05:00,10.649999618530273,10.649999618530273,10.649999618530273,10.649999618530273,0,0.0,0.0
2025-11-18 00:00:00-05:00,10.649999618530273,10.649999618530273,10.649999618530273,10.649999618530273,0,0.0,0.0
2025-11-19 00:00:00-05:00,10.649999618530273,10.649999618530273,10.649999618530273,10.649999618530273,0,0.0,0.0
2025-11-20 00:00:00-05:00,10.649999618530273,10.649999618530273,10.649999618530273,10.649999618530273,0,0.0,0.0
2025-11-21 00:00:00-05:00,10.649999618530273,10.649999618530273,10.649999618530273,10.649999618530273,0,0.0,0.0
2025-11-24 00:00:00-05:00,10.649999618530273,10.649999618530273,10.649999618530273,10.649999618530273,0,0.0,0.0
2025-11-25 00:00:00-05:00,10.649999618530273,10.649999618530273,10.649999618530273,10.649999618530273,0,0.0,0.0
2025-11-26 00:00:00-05:00,10.949999809265137,10.949999809265137,10.949999809265137,10.949999809265137,500,0.0,0.0
2025-11-28 00:00:00-05:00,10.949999809265137,10.949999809265137,10.949999809265137,10.949999809265137,0,0.0,0.0
2025-12-01 00:00:00-05:00,10.949999809265137,10.949999809265137,10.949999809265137,10.949999809265137,0,0.0,0.0
2025-12-02 00:00:00-05:00,10.949999809265137,10.949999809265137,10.949999809265137,10.949999809265137,0,0.0,0.0
2025-12-03 00:00:00-05:00,10.949999809265137,10.949999809265137,10.949999809265137,10.949999809265137,0,0.0,0.0
2025-12-04 00:00:00-05:00,10.949999809265137,10.949999809265137,10.949999809265137,10.949999809265137,0,0.0,0.0
2025-12-05 00:00:00-05:00,10.949999809265137,10.949999809265137,10.949999809265137,10.949999809265137,0,0.0,0.0
2025-12-08 00:00:00-05:00,10.949999809265137,10.949999809265137,10.949999809265137,10.949999809265137,0,0.0,0.0
2025-12-09 00:00:00-05:00,10.949999809265137,10.949999809265137,10.949999809265137,10.949999809265137,0,0.0,0.0
2025-12-10 00:00:00-05:00,10.949999809265137,10.949999809265137,10.949999809265137,10.949999809265137,0,0.0,0.0
2025-12-11 00:00:00-05:00,10.699999809265137,10.699999809265137,10.699999809265137,10.699999809265137,400,0.0,0.0
2025-12-12 00:00:00-05:00,10.699999809265137,10.791999816894531,10.680000305175781,10.699999809265137,6800,0.0,0.0
2025-12-15 00:00:00-05:00,10.720000267028809,10.786999702453613,10.710000038146973,10.786999702453613,1000,0.0,0.0
2025-12-16 00:00:00-05:00,10.786999702453613,10.786999702453613,10.786999702453613,10.786999702453613,0,0.0,0.0
2025-12-17 00:00:00-05:00,10.699999809265137,10.699999809265137,10.699999809265137,10.699999809265137,400,0.0,0.0
2025-12-18 00:00:00-05:00,10.699999809265137,10.699999809265137,10.699999809265137,10.699999809265137,0,0.0,0.0
2025-12-19 00:00:00-05:00,10.699999809265137,10.699999809265137,10.699999809265137,10.699999809265137,0,0.0,0.0
2025-12-22 00:00:00-05:00,10.699999809265137,10.699999809265137,10.699999809265137,10.699999809265137,0,0.0,0.0
2025-12-23 00:00:00-05:00,10.9399995803833,11.0,10.710000038146973,10.710000038146973,1500,0.0,0.0
2025-12-24 00:00:00-05:00,10.710000038146973,10.710000038146973,10.710000038146973,10.710000038146973,0,0.0,0.0
2025-12-26 00:00:00-05:00,10.710000038146973,10.710000038146973,10.710000038146973,10.710000038146973,0,0.0,0.0
2025-12-29 00:00:00-05:00,10.710000038146973,10.758999824523926,10.710000038146973,10.710000038146973,1300,0.0,0.0
2025-12-30 00:00:00-05:00,10.710000038146973,10.710000038146973,10.710000038146973,10.710000038146973,0,0.0,0.0
2025-12-31 00:00:00-05:00,10.710000038146973,10.710000038146973,10.710000038146973,10.710000038146973,0,0.0,0.0
2026-01-02 00:00:00-05:00,10.710000038146973,10.710000038146973,10.710000038146973,10.710000038146973,0,0.0,0.0
2026-01-05 00:00:00-05:00,10.710000038146973,10.710000038146973,10.710000038146973,10.710000038146973,0,0.0,0.0
2026-01-06 00:00:00-05:00,10.710000038146973,10.710000038146973,10.710000038146973,10.710000038146973,0,0.0,0.0
2026-01-07 00:00:00-05:00,10.710000038146973,10.710000038146973,10.710000038146973,10.710000038146973,0,0.0,0.0
2026-01-08 00:00:00-05:00,10.710000038146973,10.710000038146973,10.710000038146973,10.710000038146973,0,0.0,0.0
2026-01-09 00:00:00-05:00,10.710000038146973,10.710000038146973,10.710000038146973,10.710000038146973,0,0.0,0.0
2026-01-12 00:00:00-05:00,10.710000038146973,10.710000038146973,10.710000038146973,10.710000038146973,0,0.0,0.0
2026-01-13 00:00:00-05:00,10.800000190734863,10.800000190734863,10.779999732971191,10.800000190734863,1000,0.0,0.0
2026-01-14 00:00:00-05:00,10.800000190734863,10.800000190734863,10.800000190734863,10.800000190734863,0,0.0,0.0
2026-01-15 00:00:00-05:00,10.800000190734863,10.800000190734863,10.800000190734863,10.800000190734863,0,0.0,0.0
2026-01-16 00:00:00-05:00,10.800000190734863,10.800000190734863,10.800000190734863,10.800000190734863,0,0.0,0.0
2026-01-20 00:00:00-05:00,10.800000190734863,10.800000190734863,10.800000190734863,10.800000190734863,0,0.0,0.0
2026-01-21 00:00:00-05:00,10.800000190734863,10.800000190734863,10.800000190734863,10.800000190734863,0,0.0,0.0
2026-01-22 00:00:00-05:00,10.800000190734863,10.800000190734863,10.800000190734863,10.800000190734863,0,0.0,0.0
2026-01-23 00:00:00-05:00,10.800000190734863,10.800000190734863,10.800000190734863,10.800000190734863,0,0.0,0.0
2026-01-26 00:00:00-05:00,10.800000190734863,10.800000190734863,10.800000190734863,10.800000190734863,0,0.0,0.0
2026-01-27 00:00:00-05:00,10.800000190734863,10.800000190734863,10.800000190734863,10.800000190734863,0,0.0,0.0
2026-01-28 00:00:00-05:00,10.800000190734863,10.800000190734863,10.800000190734863,10.800000190734863,0,0.0,0.0
2026-01-29 00:00:00-05:00,10.800000190734863,10.800000190734863,10.800000190734863,10.800000190734863,0,0.0,0.0
2026-01-30 00:00:00-05:00,10.800000190734863,10.800000190734863,10.800000190734863,10.800000190734863,0,0.0,0.0
2026-02-02 00:00:00-05:00,10.800000190734863,10.800000190734863,10.800000190734863,10.800000190734863,0,0.0,0.0
2026-02-03 00:00:00-05:00,10.800000190734863,10.800000190734863,10.800000190734863,10.800000190734863,0,0.0,0.0
2026-02-04 00:00:00-05:00,10.800000190734863,10.800000190734863,10.800000190734863,10.800000190734863,0,0.0,0.0
2026-02-05 00:00:00-05:00,10.800000190734863,10.800000190734863,10.800000190734863,10.800000190734863,0,0.0,0.0
2026-02-06 00:00:00-05:00,10.800000190734863,10.800000190734863,10.800000190734863,10.800000190734863,0,0.0,0.0
2026-02-09 00:00:00-05:00,10.800000190734863,10.800000190734863,10.800000190734863,10.800000190734863,0,0.0,0.0
2026-02-10 00:00:00-05:00,10.6899995803833,10.6899995803833,10.6899995803833,10.6899995803833,400,0.0,0.0
2026-02-11 00:00:00-05:00,10.6899995803833,10.6899995803833,10.6899995803833,10.6899995803833,0,0.0,0.0
2026-02-12 00:00:00-05:00,10.680000305175781,10.680000305175781,10.680000305175781,10.680000305175781,100,0.0,0.0
2026-02-13 00:00:00-05:00,10.680000305175781,10.680000305175781,10.680000305175781,10.680000305175781,0,0.0,0.0
2026-02-17 00:00:00-05:00,10.680000305175781,10.680000305175781,10.680000305175781,10.680000305175781,0,0.0,0.0
2026-02-18 00:00:00-05:00,10.680000305175781,10.680000305175781,10.680000305175781,10.680000305175781,0,0.0,0.0
2026-02-19 00:00:00-05:00,10.680000305175781,10.680000305175781,10.680000305175781,10.680000305175781,0,0.0,0.0
2026-02-20 00:00:00-05:00,10.680000305175781,10.680000305175781,10.680000305175781,10.680000305175781,0,0.0,0.0
2026-02-23 00:00:00-05:00,10.680000305175781,10.680000305175781,10.680000305175781,10.680000305175781,0,0.0,0.0
2026-02-24 00:00:00-05:00,10.680000305175781,10.680000305175781,10.680000305175781,10.680000305175781,0,0.0,0.0
2026-02-25 00:00:00-05:00,10.680000305175781,10.680000305175781,10.680000305175781,10.680000305175781,0,0.0,0.0
2026-02-26 00:00:00-05:00,10.680000305175781,10.680000305175781,10.680000305175781,10.680000305175781,0,0.0,0.0
2026-02-27 00:00:00-05:00,10.680000305175781,10.680000305175781,10.680000305175781,10.680000305175781,0,0.0,0.0
2026-03-02 00:00:00-05:00,10.680000305175781,10.680000305175781,10.680000305175781,10.680000305175781,0,0.0,0.0
2026-03-03 00:00:00-05:00,10.680000305175781,10.680000305175781,10.680000305175781,10.680000305175781,0,0.0,0.0
2026-03-04 00:00:00-05:00,10.680000305175781,10.680000305175781,10.680000305175781,10.680000305175781,0,0.0,0.0
2026-03-05 00:00:00-05:00,10.680000305175781,10.680000305175781,10.680000305175781,10.680000305175781,0,0.0,0.0
2026-03-06 00:00:00-05:00,10.680000305175781,10.680000305175781,10.680000305175781,10.680000305175781,0,0.0,0.0
2026-03-09 00:00:00-04:00,10.680000305175781,10.680000305175781,10.680000305175781,10.680000305175781,0,0.0,0.0
2026-03-10 00:00:00-04:00,10.680000305175781,10.680000305175781,10.680000305175781,10.680000305175781,0,0.0,0.0
2026-03-11 00:00:00-04:00,10.680000305175781,10.680000305175781,10.680000305175781,10.680000305175781,0,0.0,0.0
2026-03-12 00:00:00-04:00,10.680000305175781,10.680000305175781,10.680000305175781,10.680000305175781,0,0.0,0.0
2026-03-13 00:00:00-04:00,10.680000305175781,10.680000305175781,10.680000305175781,10.680000305175781,0,0.0,0.0
2026-03-16 00:00:00-04:00,10.680000305175781,10.680000305175781,10.680000305175781,10.680000305175781,0,0.0,0.0
2026-03-17 00:00:00-04:00,10.680000305175781,10.680000305175781,10.680000305175781,10.680000305175781,0,0.0,0.0
2026-03-18 00:00:00-04:00,10.680000305175781,10.680000305175781,10.680000305175781,10.680000305175781,0,0.0,0.0
2026-03-19 00:00:00-04:00,10.680000305175781,10.680000305175781,10.680000305175781,10.680000305175781,0,0.0,0.0
2026-03-20 00:00:00-04:00,10.680000305175781,10.680000305175781,10.680000305175781,10.680000305175781,0,0.0,0.0
2026-03-23 00:00:00-04:00,10.680000305175781,10.680000305175781,10.680000305175781,10.680000305175781,0,0.0,0.0
2026-03-24 00:00:00-04:00,10.680000305175781,10.680000305175781,10.680000305175781,10.680000305175781,0,0.0,0.0
2026-03-25 00:00:00-04:00,10.680000305175781,10.680000305175781,10.680000305175781,10.680000305175781,0,0.0,0.0
2026-03-26 00:00:00-04:00,10.680000305175781,10.680000305175781,10.680000305175781,10.680000305175781,0,0.0,0.0
2026-03-27 00:00:00-04:00,10.680000305175781,10.680000305175781,10.680000305175781,10.680000305175781,0,0.0,0.0
2026-03-30 00:00:00-04:00,10.680000305175781,10.680000305175781,10.680000305175781,10.680000305175781,0,0.0,0.0
2026-03-31 00:00:00-04:00,10.680000305175781,10.680000305175781,10.680000305175781,10.680000305175781,0,0.0,0.0
2026-04-01 00:00:00-04:00,10.680000305175781,10.680000305175781,10.680000305175781,10.680000305175781,0,0.0,0.0
2026-04-02 00:00:00-04:00,10.680000305175781,10.680000305175781,10.680000305175781,10.680000305175781,0,0.0,0.0
2026-04-06 00:00:00-04:00,10.680000305175781,10.680000305175781,10.680000305175781,10.680000305175781,0,0.0,0.0
2026-04-07 00:00:00-04:00,10.680000305175781,10.680000305175781,10.680000305175781,10.680000305175781,0,0.0,0.0
2026-04-08 00:00:00-04:00,10.680000305175781,10.680000305175781,10.680000305175781,10.680000305175781,0,0.0,0.0
2026-04-09 00:00:00-04:00,10.680000305175781,10.680000305175781,10.680000305175781,10.680000305175781,0,0.0,0.0
2026-04-10 00:00:00-04:00,10.680000305175781,10.680000305175781,10.680000305175781,10.680000305175781,0,0.0,0.0
2026-04-13 00:00:00-04:00,10.680000305175781,10.680000305175781,10.680000305175781,10.680000305175781,0,0.0,0.0
2026-04-14 00:00:00-04:00,10.680000305175781,10.680000305175781,10.680000305175781,10.680000305175781,0,0.0,0.0
2026-04-15 00:00:00-04:00,10.680000305175781,10.680000305175781,10.680000305175781,10.680000305175781,0,0.0,0.0
2026-04-16 00:00:00-04:00,10.680000305175781,10.680000305175781,10.680000305175781,10.680000305175781,0,0.0,0.0
2026-04-17 00:00:00-04:00,10.680000305175781,10.680000305175781,10.680000305175781,10.680000305175781,0,0.0,0.0
2026-04-20 00:00:00-04:00,10.680000305175781,10.680000305175781,10.680000305175781,10.680000305175781,0,0.0,0.0
2026-04-21 00:00:00-04:00,10.680000305175781,10.680000305175781,10.680000305175781,10.680000305175781,0,0.0,0.0
2026-04-22 00:00:00-04:00,10.680000305175781,10.680000305175781,10.680000305175781,10.680000305175781,0,0.0,0.0
2026-04-23 00:00:00-04:00,10.680000305175781,10.680000305175781,10.680000305175781,10.680000305175781,0,0.0,0.0
2026-04-24 00:00:00-04:00,10.680000305175781,10.680000305175781,10.680000305175781,10.680000305175781,0,0.0,0.0
2026-04-27 00:00:00-04:00,10.680000305175781,10.680000305175781,10.680000305175781,10.680000305175781,0,0.0,0.0
2026-04-28 00:00:00-04:00,10.680000305175781,10.680000305175781,10.680000305175781,10.680000305175781,0,0.0,0.0
2026-04-29 00:00:00-04:00,10.680000305175781,10.680000305175781,10.680000305175781,10.680000305175781,0,0.0,0.0
2026-04-30 00:00:00-04:00,10.680000305175781,10.680000305175781,10.680000305175781,10.680000305175781,0,0.0,0.0
2026-05-01 00:00:00-04:00,10.680000305175781,10.680000305175781,10.680000305175781,10.680000305175781,0,0.0,0.0
2026-05-04 00:00:00-04:00,10.680000305175781,10.680000305175781,10.680000305175781,10.680000305175781,0,0.0,0.0
2026-05-05 00:00:00-04:00,10.680000305175781,10.680000305175781,10.680000305175781,10.680000305175781,0,0.0,0.0
2026-05-06 00:00:00-04:00,10.680000305175781,10.680000305175781,10.680000305175781,10.680000305175781,0,0.0,0.0
2026-05-07 00:00:00-04:00,10.680000305175781,10.680000305175781,10.680000305175781,10.680000305175781,0,0.0,0.0
2026-05-08 00:00:00-04:00,10.680000305175781,10.680000305175781,10.680000305175781,10.680000305175781,0,0.0,0.0
2026-05-11 00:00:00-04:00,10.680000305175781,10.680000305175781,10.680000305175781,10.680000305175781,0,0.0,0.0
2026-05-12 00:00:00-04:00,10.680000305175781,10.680000305175781,10.680000305175781,10.680000305175781,0,0.0,0.0
2026-05-13 00:00:00-04:00,10.680000305175781,10.680000305175781,10.680000305175781,10.680000305175781,0,0.0,0.0
2026-05-14 00:00:00-04:00,10.680000305175781,10.680000305175781,10.680000305175781,10.680000305175781,0,0.0,0.0
2026-05-15 00:00:00-04:00,10.680000305175781,10.680000305175781,10.680000305175781,10.680000305175781,0,0.0,0.0
2026-05-18 00:00:00-04:00,10.680000305175781,10.680000305175781,10.680000305175781,10.680000305175781,0,0.0,0.0
2026-05-19 00:00:00-04:00,10.680000305175781,10.680000305175781,10.680000305175781,10.680000305175781,0,0.0,0.0
2026-05-20 00:00:00-04:00,10.680000305175781,10.680000305175781,10.680000305175781,10.680000305175781,0,0.0,0.0
2026-05-21 00:00:00-04:00,10.680000305175781,10.680000305175781,10.680000305175781,10.680000305175781,0,0.0,0.0
2026-05-22 00:00:00-04:00,10.680000305175781,10.680000305175781,10.680000305175781,10.680000305175781,0,0.0,0.0
2026-05-26 00:00:00-04:00,11.0,12.470000267028809,11.0,11.029999732971191,6000,0.0,0.0
2026-05-27 00:00:00-04:00,11.34000015258789,11.34000015258789,10.75,10.989999771118164,3700,0.0,0.0
2026-05-28 00:00:00-04:00,10.989999771118164,10.989999771118164,10.989999771118164,10.989999771118164,0,0.0,0.0
2026-05-29 00:00:00-04:00,10.989999771118164,10.989999771118164,10.989999771118164,10.989999771118164,0,0.0,0.0
2026-06-01 00:00:00-04:00,10.729999542236328,10.729999542236328,10.729999542236328,10.729999542236328,400,0.0,0.0
2026-06-02 00:00:00-04:00,10.729999542236328,10.729999542236328,10.729999542236328,10.729999542236328,0,0.0,0.0
2026-06-03 00:00:00-04:00,10.729999542236328,10.729999542236328,10.729999542236328,10.729999542236328,0,0.0,0.0
2026-06-04 00:00:00-04:00,10.729999542236328,10.729999542236328,10.729999542236328,10.729999542236328,0,0.0,0.0
2026-06-05 00:00:00-04:00,10.729999542236328,10.729999542236328,10.729999542236328,10.729999542236328,0,0.0,0.0
2026-06-08 00:00:00-04:00,10.729999542236328,10.729999542236328,10.729999542236328,10.729999542236328,0,0.0,0.0
2026-06-09 00:00:00-04:00,10.729999542236328,10.729999542236328,10.729999542236328,10.729999542236328,0,0.0,0.0
2026-06-10 00:00:00-04:00,10.729999542236328,10.729999542236328,10.729999542236328,10.729999542236328,0,0.0,0.0
2026-06-11 00:00:00-04:00,10.729999542236328,10.729999542236328,10.729999542236328,10.729999542236328,0,0.0,0.0
2026-06-12 00:00:00-04:00,10.729999542236328,10.729999542236328,10.729999542236328,10.729999542236328,0,0.0,0.0
2026-06-15 00:00:00-04:00,10.729999542236328,10.729999542236328,10.729999542236328,10.729999542236328,0,0.0,0.0
2026-06-16 00:00:00-04:00,10.729999542236328,10.729999542236328,10.729999542236328,10.729999542236328,0,0.0,0.0
2026-06-17 00:00:00-04:00,10.729999542236328,10.729999542236328,10.729999542236328,10.729999542236328,0,0.0,0.0
2026-06-18 00:00:00-04:00,10.729999542236328,10.729999542236328,10.729999542236328,10.729999542236328,0,0.0,0.0
2026-06-22 00:00:00-04:00,10.729999542236328,10.729999542236328,10.729999542236328,10.729999542236328,0,0.0,0.0
2026-06-23 00:00:00-04:00,10.729999542236328,10.729999542236328,10.729999542236328,10.729999542236328,0,0.0,0.0
2026-06-24 00:00:00-04:00,10.729999542236328,10.729999542236328,10.729999542236328,10.729999542236328,0,0.0,0.0
2026-06-25 00:00:00-04:00,10.729999542236328,10.729999542236328,10.729999542236328,10.729999542236328,0,0.0,0.0
2026-06-26 00:00:00-04:00,10.729999542236328,10.729999542236328,10.729999542236328,10.729999542236328,0,0.0,0.0
2026-06-29 00:00:00-04:00,10.729999542236328,10.729999542236328,10.729999542236328,10.729999542236328,0,0.0,0.0
2026-06-30 00:00:00-04:00,10.989999771118164,11.0,10.989999771118164,11.0,900,0.0,0.0
2026-07-01 00:00:00-04:00,11.0,11.0,11.0,11.0,0,0.0,0.0
2026-07-02 00:00:00-04:00,11.0,11.0,11.0,11.0,0,0.0,0.0
2026-07-06 00:00:00-04:00,11.0,11.0,11.0,11.0,0,0.0,0.0
2026-07-07 00:00:00-04:00,10.8100004196167,10.8100004196167,10.8100004196167,10.8100004196167,300,0.0,0.0
2026-07-08 00:00:00-04:00,10.8100004196167,10.8100004196167,10.8100004196167,10.8100004196167,0,0.0,0.0
2026-07-09 00:00:00-04:00,10.8100004196167,10.8100004196167,10.8100004196167,10.8100004196167,0,0.0,0.0
2026-07-10 00:00:00-04:00,10.8100004196167,10.8100004196167,10.8100004196167,10.8100004196167,0,0.0,0.0
2026-07-13 00:00:00-04:00,10.8100004196167,10.8100004196167,10.8100004196167,10.8100004196167,0,0.0,0.0
2026-07-14 00:00:00-04:00,10.8100004196167,10.8100004196167,10.8100004196167,10.8100004196167,0,0.0,0.0
2026-07-15 00:00:00-04:00,10.8100004196167,10.8100004196167,10.8100004196167,10.8100004196167,0,0.0,0.0
2026-07-16 00:00:00-04:00,10.8100004196167,10.8100004196167,10.8100004196167,10.8100004196167,0,0.0,0.0
2026-07-17 00:00:00-04:00,10.8100004196167,10.8100004196167,10.8100004196167,10.8100004196167,0,0.0,0.0
2026-07-20 00:00:00-04:00,10.8100004196167,10.8100004196167,10.8100004196167,10.8100004196167,0,0.0,0.0
2026-07-21 00:00:00-04:00,10.8100004196167,10.8100004196167,10.8100004196167,10.8100004196167,0,0.0,0.0
2026-07-22 00:00:00-04:00,10.8100004196167,10.8100004196167,10.8100004196167,10.8100004196167,0,0.0,0.0
2026-07-23 00:00:00-04:00,10.8100004196167,10.8100004196167,10.8100004196167,10.8100004196167,0,0.0,0.0
2026-07-24 00:00:00-04:00,10.8100004196167,10.8100004196167,10.8100004196167,10.8100004196167,0,0.0,0.0
2026-07-27 00:00:00-04:00,10.8100004196167,10.8100004196167,10.8100004196167,10.8100004196167,0,0.0,0.0
2026-07-28 00:00:00-04:00,10.8100004196167,10.8100004196167,10.8100004196167,10.8100004196167,0,0.0,0.0
2026-07-29 00:00:00-04:00,10.8100004196167,10.8100004196167,10.8100004196167,10.8100004196167,0,0.0,0.0
2026-07-30 00:00:00-04:00,11.0,11.0,10.99899959564209,10.99899959564209,1000,0.0,0.0
2026-07-31 00:00:00-04:00,10.99899959564209,10.99899959564209,10.99899959564209,10.99899959564209,0,0.0,0.0
2026-08-03 00:00:00-04:00,10.99899959564209,10.99899959564209,10.99899959564209,10.99899959564209,0,0.0,0.0
2026-08-04 00:00:00-04:00,10.99899959564209,10.99899959564209,10.99899959564209,10.99899959564209,0,0.0,0.0
2026-08-05 00:00:00-04:00,10.99899959564209,10.99899959564209,10.99899959564209,10.99899959564209,0,0.0,0.0
2026-08-06 00:00:00-04:00,10.99899959564209,10.99899959564209,10.99899959564209,10.99899959564209,0,0.0,0.0
2026-08-07 00:00:00-04:00,10.99899959564209,10.99899959564209,10.99899959564209,10.99899959564209,0,0.0,0.0
2026-08-10 00:00:00-04:00,10.99899959564209,10.99899959564209,10.99899959564209,10.99899959564209,0,0.0,0.0
2026-08-11 00:00:00-04:00,10.99899959564209,10.99899959564209,10.99899959564209,10.99899959564209,0,0.0,0.0
2026-08-12 00:00:00-04:00,10.99899959564209,10.99899959564209,10.99899959564209,10.99899959564209,0,0.0,0.0
2026-08-13 00:00:00-04:00,10.99899959564209,10.99899959564209,10.99899959564209,10.99899959564209,0,0.0,0.0
2026-08-14 00:00:00-04:00,10.99899959564209,10.99899959564209,10.99899959564209,10.99899959564209,0,0.0,0.0
2026-08-17 00:00:00-04:00,10.99899959564209,10.99899959564209,10.99899959564209,10.99899959564209,0,0.0,0.0
2026-08-18 00:00:00-04:00,10.99899959564209,10.99899959564209,10.99899959564209,10.99899959564209,0,0.0,0.0
2026-08-19 00:00:00-04:00,10.99899959564209,10.99899959564209,10.99899959564209,10.99899959564209,0,0.0,0.0
2026-08-20 00:00:00-04:00,10.99899959564209,10.99899959564209,10.99899959564209,10.99899959564209,0,0.0,0.0
2026-08-21 00:00:00-04:00,10.99899959564209,10.99899959564209,10.99899959564209,10.99899959564209,0,0.0,0.0
2026-08-24 00:00:00-04:00,10.99899959564209,10.99899959564209,10.99899959564209,10.99899959564209,0,0.0,0.0
2026-08-25 00:00:00-04:00,10.99899959564209,10.99899959564209,10.99899959564209,10.99899959564209,0,0.0,0.0
2026-08-26 00:00:00-04:00,10.99899959564209,10.99899959564209,10.99899959564209,10.99899959564209,0,0.0,0.0
2026-08-27 00:00:00-04:00,10.99899959564209,10.99899959564209,10.99899959564209,10.99899959564209,0,0.0,0.0
2026-08-28 00:00:00-04:00,10.99899959564209,10.99899959564209,10.99899959564209,10.99899959564209,0,0.0,0.0
2026-08-31 00:00:00-04:00,10.99899959564209,10.99899959564209,10.99899959564209,10.99899959564209,0,0.0,0.0
2026-09-01 00:00:00-04:00,10.99899959564209,10.99899959564209,10.99899959564209,10.99899959564209,0,0.0,0.0
2026-09-02 00:00:00-04:00,10.99899959564209,10.99899959564209,10.99899959564209,10.99899959564209,0,0.0,0.0
2026-09-03 00:00:00-04:00,10.99899959564209,10.99899959564209,10.99899959564209,10.99899959564209,0,0.0,0.0
2026-09-04 00:00:00-04:00,10.99899959564209,10.99899959564209,10.99899959564209,10.99899959564209,0,0.0,0.0
