Date,Open,High,Low,Close,Volume,Dividends,Stock Splits
2022-01-04 00:00:00-05:00,49.201408567192615,49.387074259899,48.919198754063125,48.94890594482422,3229100,0.0,0.0
2022-01-05 00:00:00-05:00,48.904348028938884,49.290535887803586,48.62956639797109,49.060306549072266,2300500,0.0,0.0
2022-01-06 00:00:00-05:00,49.06773591196153,49.24597341541653,48.91920560342704,49.038028717041016,1311800,0.0,0.0
2022-01-07 00:00:00-05:00,48.94890808927937,48.971187066809414,48.666692597718715,48.9192008972168,1198500,0.0,0.0
2022-01-10 00:00:00-05:00,48.86720703835048,48.941472173787496,48.688963914021684,48.80779266357422,4204800,0.0,0.0
2022-01-11 00:00:00-05:00,48.718676376346544,48.80036973399247,48.53301068461804,48.7409553527832,3186300,0.0,0.0
2022-01-12 00:00:00-05:00,48.68153983857816,48.80779113146463,48.59241827921135,48.76323318481445,2923200,0.0,0.0
2022-01-13 00:00:00-05:00,48.83008026830844,49.32024044774842,48.80037307566957,49.1494255065918,2105900,0.0,0.0
2022-01-14 00:00:00-05:00,49.16427555193115,49.453913593346044,49.03802423461031,49.34994125366211,1851700,0.0,0.0
2022-01-17 00:00:00-05:00,49.387074624707246,49.94407170694078,49.387074624707246,49.602447509765625,902600,0.0,0.0
2022-01-18 00:00:00-05:00,49.5727442325181,49.5727442325181,49.23854822322036,49.476200103759766,2057800,0.0,0.0
2022-01-19 00:00:00-05:00,49.52818349907318,49.535606047437724,49.082581290232426,49.231117248535156,3360700,0.0,0.0
2022-01-20 00:00:00-05:00,49.01574099423292,49.3945005793235,48.74095373978414,48.82264709472656,3816300,0.0,0.0
2022-01-21 00:00:00-05:00,48.622135162353516,48.77066545818639,48.39933405253661,48.622135162353516,3988400,0.0,0.0
2022-01-24 00:00:00-05:00,48.124550771513086,48.42903956724269,47.634390613323006,48.24337387084961,4735400,0.0,0.0
2022-01-25 00:00:00-05:00,47.909183408164715,48.733539648491686,47.790354629058676,48.495887756347656,2074400,0.0,0.0
2022-01-26 00:00:00-05:00,48.73353998216574,48.971191875936945,48.34735211349498,48.451324462890625,1802300,0.0,0.0
2022-01-27 00:00:00-05:00,48.62214001504924,49.01575043775119,48.49588868438412,48.726112365722656,2183300,0.0,0.0
2022-01-28 00:00:00-05:00,48.6147133383603,49.36480446287458,48.53301996509298,49.342525482177734,1741900,0.0,0.0
2022-01-31 00:00:00-05:00,49.2385438467985,49.47619570621492,49.1717012512394,49.312808990478516,1674600,0.0,0.0
2022-02-01 00:00:00-05:00,49.327664671065925,49.327664671065925,48.919203507066044,49.179134368896484,3673700,0.0,0.0
2022-02-02 00:00:00-05:00,49.20141899440831,49.69900179645759,49.179140013132745,49.63958740234375,2747600,0.0,0.0
2022-02-03 00:00:00-05:00,49.57274468472162,50.27827211792723,49.476200555082606,50.114891052246094,2299900,0.0,0.0
2022-02-04 00:00:00-05:00,50.06290685046878,50.62732655282198,50.05547863526022,50.44908905029297,2619500,0.0,0.0
2022-02-07 00:00:00-05:00,50.501070924931284,50.53820633174429,49.70642194731404,49.810394287109375,6386500,0.0,0.0
2022-02-08 00:00:00-05:00,49.921793682680054,49.98120806577469,49.45391249839408,49.483619689941406,1880600,0.0,0.0
2022-02-09 00:00:00-05:00,49.632167152840566,49.71386053201606,49.43164497993027,49.59503173828125,1649300,0.0,0.0
2022-02-10 00:00:00-05:00,49.39450569309379,49.6544365466087,49.33509130769963,49.37222671508789,2104300,0.0,0.0
2022-02-11 00:00:00-05:00,49.41678357525227,49.55789132091734,49.2608250666018,49.50590515136719,2285300,0.0,0.0
2022-02-14 00:00:00-05:00,49.33509049059336,49.50590542925556,48.90434470272132,49.34994125366211,2537300,0.0,0.0
2022-02-15 00:00:00-05:00,49.34994244710847,49.66186513977116,49.34994244710847,49.439064025878906,3039900,0.0,0.0
2022-02-16 00:00:00-05:00,49.39450539941864,49.528184932726894,49.19398326642246,49.40192794799805,2839800,0.0,0.0
2022-02-17 00:00:00-05:00,49.31281146659305,49.721272610376595,49.253397082238784,49.58759307861328,2295700,0.0,0.0
2022-02-18 00:00:00-05:00,49.6247221386434,49.91436014274299,49.44648467444369,49.55045700073242,1890900,0.0,0.0
2022-02-22 00:00:00-05:00,49.38708344357142,49.431641404965106,49.04545918539372,49.342525482177734,3103600,0.0,0.0
2022-02-23 00:00:00-05:00,49.36480267881166,49.46877502901822,48.919206082773826,48.978614807128906,4664400,0.0,0.0
2022-02-24 00:00:00-05:00,48.45875100152942,49.71385303218202,48.31022069783695,49.58017349243164,5685200,0.0,0.0
2022-02-25 00:00:00-05:00,49.69157451242714,50.09260746931628,49.50590879806189,49.86981201171875,2741300,0.0,0.0
2022-02-28 00:00:00-05:00,49.7435585037938,49.84010263124434,49.34994244710847,49.439064025878906,3796600,0.0,0.0
2022-03-01 00:00:00-05:00,49.38707685877872,49.89208779615781,49.34994145185637,49.7955436706543,3418400,0.0,0.0
2022-03-02 00:00:00-05:00,49.88466587648813,50.69417138779251,49.847536130947965,50.64218521118164,3048900,0.0,0.0
2022-03-03 00:00:00-05:00,50.68673598138679,51.659622433968515,50.67930776690527,51.51852035522461,10336300,0.0,0.0
2022-03-04 00:00:00-05:00,51.39226951629787,52.90730248577459,51.38484696699662,52.8404655456543,8509500,0.0,0.0
2022-03-07 00:00:00-05:00,52.72163561907176,53.42716874607267,52.48398372702477,52.86274337768555,10916900,0.0,0.0
2022-03-08 00:00:00-05:00,52.795902707007215,53.00385307797566,51.318005126265184,51.369991302490234,6756300,0.0,0.0
2022-03-09 00:00:00-05:00,51.38482933448961,51.77101141016019,50.83525490710002,51.407108306884766,5192600,0.0,0.0
2022-03-10 00:00:00-05:00,51.31057860692621,51.59279414382114,50.961531792773094,51.51110076904297,3821200,0.0,0.0
2022-03-11 00:00:00-05:00,51.511088105649584,52.29830879699928,51.46653015438588,52.24632263183594,7193600,0.0,0.0
2022-03-14 00:00:00-04:00,51.92275215340397,52.26137650142378,51.125100116910104,51.215396881103516,11642900,0.92,0.0
2022-03-15 00:00:00-04:00,51.24549707534977,51.26807126611581,50.70369353237595,50.997169494628906,7854300,0.0,0.0
2022-03-16 00:00:00-04:00,50.93697420331081,51.253024360282275,50.756369192629464,51.215396881103516,9641900,0.0,0.0
2022-03-17 00:00:00-04:00,51.44868213797613,51.523931362821244,51.18530123929645,51.29065704345703,4928800,0.0,0.0
2022-03-18 00:00:00-04:00,51.26807479523521,51.373424853493475,50.75637205177464,51.12510299682617,9615600,0.0,0.0
2022-03-21 00:00:00-04:00,51.170243499145656,51.50886781407838,51.10252093261779,51.19281768798828,2256700,0.0,0.0
2022-03-22 00:00:00-04:00,51.33580052663902,51.34332717074896,51.012223723679384,51.02727127075195,1450700,0.0,0.0
2022-03-23 00:00:00-04:00,51.10252459438509,51.230448834424195,50.89181875408012,50.89934539794922,1461200,0.0,0.0
2022-03-24 00:00:00-04:00,50.99716831053064,51.04232243216149,50.77142066696462,50.914398193359375,2022600,0.0,0.0
2022-03-25 00:00:00-04:00,51.09500646701408,51.305706601291355,50.94450227028169,51.11005401611328,2050200,0.0,0.0
2022-03-28 00:00:00-04:00,51.2003428261672,51.501345397895804,50.95954191701363,51.4787712097168,2167000,0.0,0.0
2022-03-29 00:00:00-04:00,51.54649957728878,51.666902915993674,51.170247755556744,51.29817199707031,5091900,0.0,0.0
2022-03-30 00:00:00-04:00,51.32075062649842,51.55403068012865,51.0950029586227,51.51640319824219,4736800,0.0,0.0
2022-03-31 00:00:00-04:00,51.772269481587465,52.30654654993796,51.63681855291065,52.148521423339844,5150200,0.0,0.0
2022-04-01 00:00:00-04:00,52.19365123900975,52.85585235394644,52.050673714874065,52.848331451416016,3416400,0.0,0.0
2022-04-04 00:00:00-04:00,52.7505173686195,52.78814485660309,52.41189294136165,52.735469818115234,5602500,0.0,0.0
2022-04-05 00:00:00-04:00,52.712884327661826,53.90183576181024,52.6752568477402,53.68360900878906,5213000,0.0,0.0
2022-04-06 00:00:00-04:00,53.427770148736165,54.36087325930521,53.39766930760188,54.27057647705078,4143900,0.0,0.0
2022-04-07 00:00:00-04:00,54.330754622295345,54.95533395366866,54.180256207067664,54.887611389160156,3833200,0.0,0.0
2022-04-08 00:00:00-04:00,54.93276447698949,55.38426550254356,54.77473940510291,55.09831619262695,2576000,0.0,0.0
2022-04-11 00:00:00-04:00,55.083261962601185,55.5347687215766,54.82741349091892,55.068214416503906,5573100,0.0,0.0
2022-04-12 00:00:00-04:00,55.06821281589547,55.309013734481354,54.78978442143967,54.81988525390625,2259500,0.0,0.0
2022-04-13 00:00:00-04:00,54.81236217852203,55.1359389721676,54.691964581965166,54.827415466308594,1238400,0.0,0.0
2022-04-14 00:00:00-04:00,54.932776993463726,55.4369531578569,54.932776993463726,55.24130630493164,2196100,0.0,0.0
2022-04-18 00:00:00-04:00,55.15099578435679,55.722900192703825,54.98544405500784,55.01554489135742,1906700,0.0,0.0
2022-04-19 00:00:00-04:00,54.94029728925065,55.181098245992274,54.84246813294621,55.143470764160156,908700,0.0,0.0
2022-04-20 00:00:00-04:00,55.023078671786685,55.753002518626204,54.96287699127984,55.50468063354492,2666200,0.0,0.0
2022-04-21 00:00:00-04:00,55.56486311014096,55.62506477606159,55.023065340295844,55.03058624267578,2032000,0.0,0.0
2022-04-22 00:00:00-04:00,55.02307297736677,55.06069471792884,54.30819101291579,54.43611526489258,1977800,0.0,0.0
2022-04-25 00:00:00-04:00,54.18025859777975,54.29313528475448,53.20200163219445,53.85668182373047,3673900,0.0,0.0
2022-04-26 00:00:00-04:00,53.70619537352004,54.142643190685924,53.13429090887238,53.18696594238281,1788000,0.0,0.0
2022-04-27 00:00:00-04:00,53.08913765038908,53.30735866837966,52.76556083389427,52.86338424682617,1668600,0.0,0.0
2022-04-28 00:00:00-04:00,52.863390515683705,53.22459485598861,52.56238785562099,52.72793960571289,2752900,0.0,0.0
2022-04-29 00:00:00-04:00,52.44950039103159,52.44950039103159,51.33579824054329,51.395999908447266,2919700,0.0,0.0
2022-05-02 00:00:00-04:00,51.54650674662668,51.802355265238475,50.74132796577785,51.313232421875,2033800,0.0,0.0
2022-05-03 00:00:00-04:00,51.31322257112589,51.96789703198098,51.200345882346674,51.62174606323242,1703600,0.0,0.0
2022-05-04 00:00:00-04:00,51.62174941795711,52.434454740606235,51.39600176687497,52.23128128051758,3769800,0.0,0.0
2022-05-05 00:00:00-04:00,52.96120632030489,53.07408301923155,51.73462740287523,51.95285415649414,2102500,0.0,0.0
2022-05-06 00:00:00-04:00,51.72710299334387,52.45703250463682,51.68195460828167,52.299007415771484,2403600,0.0,0.0
2022-05-09 00:00:00-04:00,51.87760538845019,53.036461741283674,51.62175115258302,52.65268325805664,3361300,0.0,0.0
2022-05-10 00:00:00-04:00,52.584952329386326,52.953683246843674,51.659376066647894,51.900177001953125,1788100,0.0,0.0
2022-05-11 00:00:00-04:00,51.78729761460553,52.18612360473249,51.26054739012594,51.328269958496094,1416800,0.0,0.0
2022-05-12 00:00:00-04:00,51.17024925198326,51.508873604985965,50.6058715028805,51.072425842285156,2540300,0.0,0.0
2022-05-13 00:00:00-04:00,51.147671148685376,51.56907133195175,50.83914191368899,51.43362045288086,1608300,0.0,0.0
2022-05-16 00:00:00-04:00,51.335811684016306,52.299015658129015,51.335811684016306,52.04316711425781,1686100,0.0,0.0
2022-05-17 00:00:00-04:00,52.16356125036132,52.2764379644017,51.7421609751686,51.855037689208984,3056500,0.0,0.0
2022-05-18 00:00:00-04:00,51.78730455495156,51.81740539197681,51.23045342285357,51.41105270385742,4016300,0.0,0.0
2022-05-19 00:00:00-04:00,50.982117304932444,51.17024319904658,50.44784045458588,50.4854621887207,4627100,0.0,0.0
2022-05-20 00:00:00-04:00,50.62092532657444,50.83915210555646,50.267253382515364,50.81657791137695,1658100,0.0,0.0
2022-05-24 00:00:00-04:00,51.11757150025167,51.59917336118937,50.95201978408926,51.395999908447266,4787700,0.0,0.0
2022-05-25 00:00:00-04:00,51.478783084957946,51.734631598201716,51.25302966879755,51.58413314819336,2268100,0.0,0.0
2022-05-26 00:00:00-04:00,51.71205746824991,51.787306693346395,51.42610237527626,51.46372985839844,3690200,0.0,0.0
2022-05-27 00:00:00-04:00,51.4712461685306,51.855024602957435,51.17777023077676,51.787296295166016,4132600,0.0,0.0
2022-05-30 00:00:00-04:00,51.847509337732006,52.02810862956443,51.68195759474063,51.9679069519043,4582600,0.0,0.0
2022-05-31 00:00:00-04:00,52.088312021383786,52.253863769823255,51.651858455706666,51.855037689208984,3114700,0.0,0.0
2022-06-01 00:00:00-04:00,51.83244615367529,51.90770110695936,51.501348472042295,51.62174606323242,4244100,0.0,0.0
2022-06-02 00:00:00-04:00,51.72709863853976,51.930277836509674,51.28312424641178,51.900177001953125,4046000,0.0,0.0
2022-06-03 00:00:00-04:00,51.74215585391862,51.892654296977895,51.516402448182106,51.599178314208984,1393200,0.0,0.0
2022-06-06 00:00:00-04:00,51.659373380252894,51.78729761460553,51.328269958496094,51.328269958496094,5752200,0.0,0.0
2022-06-07 00:00:00-04:00,51.275598532182116,51.96790051609362,51.26055098520459,51.93027877807617,3536900,0.0,0.0
2022-06-08 00:00:00-04:00,51.8399762921285,51.8399762921285,51.079945993666136,51.215396881103516,2813500,0.0,0.0
2022-06-09 00:00:00-04:00,51.17024667096361,51.53897184092437,50.861717427932206,50.914398193359375,6943100,0.0,0.0
2022-06-10 00:00:00-04:00,50.66606668792464,50.71121506490599,50.402691586955726,50.50051498413086,2954400,0.0,0.0
2022-06-13 00:00:00-04:00,50.056544211938885,50.16190001308709,49.53732055654994,49.67277145385742,8681100,0.0,0.0
2022-06-14 00:00:00-04:00,49.688034685270985,49.710927948552296,48.38306627758293,48.42122268676758,5804500,0.92,0.0
2022-06-15 00:00:00-04:00,48.596744196208036,48.80279229790275,48.238067547574936,48.68832015991211,4162600,0.0,0.0
2022-06-16 00:00:00-04:00,48.26096816045595,48.26859827848829,46.87205087560961,46.89494705200195,3098900,0.0,0.0
2022-06-17 00:00:00-04:00,47.116250220667766,47.59702617504755,47.0857239314905,47.26124572753906,7971000,0.0,0.0
2022-06-20 00:00:00-04:00,47.383360563607255,48.13123738029009,47.352834266318666,47.864139556884766,3024000,0.0,0.0
2022-06-21 00:00:00-04:00,47.658077090985415,47.978594382724935,47.39860946432373,47.757286071777344,7221400,0.0,0.0
2022-06-22 00:00:00-04:00,47.39098303912008,47.795449135091616,47.15441155115769,47.406246185302734,4393100,0.0,0.0
2022-06-23 00:00:00-04:00,47.184932251742204,47.76491718221282,47.17729922398172,47.44439697265625,3054600,0.0,0.0
2022-06-24 00:00:00-04:00,47.673343467877885,48.32201112294618,47.58939762544963,48.29148483276367,2637300,0.0,0.0
2022-06-27 00:00:00-04:00,48.390689521147664,48.61200073858816,48.13885492738369,48.48226547241211,3889500,0.0,0.0
2022-06-28 00:00:00-04:00,48.550948217186686,48.8714684136862,48.10069566551507,48.13885498046875,5895800,0.0,0.0
2022-06-29 00:00:00-04:00,48.14649134390451,48.50516799074993,48.062545497949415,48.436485290527344,1099200,0.0,0.0
2022-06-30 00:00:00-04:00,48.07780354472013,48.436480153525586,47.94043815884345,48.283851623535156,2204400,0.0,0.0
2022-07-04 00:00:00-04:00,48.46700756357057,48.71884509568237,48.306748903761594,48.36016845703125,769700,0.0,0.0
2022-07-05 00:00:00-04:00,48.77226471785746,48.848580444884306,47.65044827531511,48.64253234863281,4615600,0.0,0.0
2022-07-06 00:00:00-04:00,48.5433190409878,48.89436262064286,48.47463634834684,48.726470947265625,2859000,0.0,0.0
2022-07-07 00:00:00-04:00,48.924897295372226,49.01647617535652,48.45938151113519,48.718849182128906,2320500,0.0,0.0
2022-07-08 00:00:00-04:00,48.58147445111767,48.85620230491101,48.34490008994194,48.48226547241211,1017900,0.0,0.0
2022-07-11 00:00:00-04:00,48.436483822890985,48.757001140119705,48.34490495127081,48.38306427001953,2954900,0.0,0.0
2022-07-12 00:00:00-04:00,48.36017282840355,48.619640501087396,48.27622697677825,48.451751708984375,3266100,0.0,0.0
2022-07-13 00:00:00-04:00,48.344909962232116,49.14620916065336,48.23044072756308,49.054630279541016,2024000,0.0,0.0
2022-07-14 00:00:00-04:00,48.8409523801579,49.07752388011482,48.64253729201846,48.8562126159668,3137800,0.0,0.0
2022-07-15 00:00:00-04:00,49.123314877653016,49.161468377270864,48.40596154621458,48.459381103515625,2582900,0.0,0.0
2022-07-18 00:00:00-04:00,48.657787376917824,48.75699635586454,48.13885504439329,48.31437683105469,1843600,0.0,0.0
2022-07-19 00:00:00-04:00,48.46700706819768,48.80279044091477,48.398324370246215,48.55095291137695,1669500,0.0,0.0
2022-07-20 00:00:00-04:00,48.764633050688104,48.764633050688104,48.268591029796525,48.30674743652344,1536300,0.0,0.0
2022-07-21 00:00:00-04:00,48.291484240709984,48.360166937204944,48.077806034346665,48.1312255859375,2389600,0.0,0.0
2022-07-22 00:00:00-04:00,48.07781458946298,48.42122813304584,47.902292758553465,48.37543869018555,983200,0.0,0.0
2022-07-25 00:00:00-04:00,48.35254085254088,48.596745369077155,48.10070330734241,48.207542419433594,1628000,0.0,0.0
2022-07-26 00:00:00-04:00,48.17701925410819,48.48990647426905,48.02439070280223,48.39069747924805,1124100,0.0,0.0
2022-07-27 00:00:00-04:00,48.57385669809908,48.65779964328801,48.299125863232796,48.37543869018555,1160100,0.0,0.0
2022-07-28 00:00:00-04:00,48.40595253114917,49.245405056239214,48.314376580137726,49.100406646728516,2086800,0.0,0.0
2022-07-29 00:00:00-04:00,49.207259085649895,49.58119597427646,49.16909976501061,49.375144958496094,2478700,0.0,0.0
2022-08-02 00:00:00-04:00,49.375139531621066,49.451458164511386,48.83331391855351,48.90199661254883,1464900,0.0,0.0
2022-08-03 00:00:00-04:00,48.901998884110135,48.955418436238226,48.43648314886772,48.56621551513672,1097800,0.0,0.0
2022-08-04 00:00:00-04:00,48.71121999774896,49.35225470303682,48.535695263322864,48.8562126159668,1278700,0.0,0.0
2022-08-05 00:00:00-04:00,48.940154040152606,49.2911976549443,48.047281857598,48.62726974487305,2002600,0.0,0.0
2022-08-08 00:00:00-04:00,48.61963524856161,48.94778559065622,48.33727434181065,48.573848724365234,1346000,0.0,0.0
2022-08-09 00:00:00-04:00,48.58911482209685,48.93253126189698,48.52806514541842,48.8562126159668,1204700,0.0,0.0
2022-08-10 00:00:00-04:00,49.008831635386045,49.26066912947059,49.001198608273064,49.169090270996094,2298900,0.0,0.0
2022-08-11 00:00:00-04:00,49.405674105185746,49.54303951621127,48.96305740058812,49.06226348876953,1993900,0.0,0.0
2022-08-12 00:00:00-04:00,49.207263766617636,49.22252400294809,48.764641223193706,49.19963073730469,3230900,0.0,0.0
2022-08-15 00:00:00-04:00,49.29119461026922,49.4896125793457,49.05462314633203,49.4896125793457,2090600,0.0,0.0
2022-08-16 00:00:00-04:00,49.459086094930555,50.10012652238126,49.40566654450086,50.0390739440918,2429800,0.0,0.0
2022-08-17 00:00:00-04:00,49.96275858339915,50.06959767880788,49.87117972063709,50.016178131103516,2529000,0.0,0.0
2022-08-18 00:00:00-04:00,50.07723558744488,50.07723558744488,49.779611532325475,49.91697692871094,2197900,0.0,0.0
2022-08-19 00:00:00-04:00,49.90934564767551,50.40538769767102,49.87881935604403,50.39775466918945,2374000,0.0,0.0
2022-08-22 00:00:00-04:00,50.17644277551923,50.3290684094166,49.79487286848106,49.95513153076172,2045500,0.0,0.0
2022-08-23 00:00:00-04:00,49.87881027089609,49.87881027089609,49.573553232477046,49.71855163574219,2066000,0.0,0.0
2022-08-24 00:00:00-04:00,49.833025705137736,50.061964126200344,49.46671608022601,49.5811882019043,2066500,0.0,0.0
2022-08-25 00:00:00-04:00,49.60408694979989,49.779611665431894,49.184357731306825,49.7109260559082,2514600,0.0,0.0
2022-08-26 00:00:00-04:00,49.794876932499626,49.794876932499626,49.268308554676665,49.33699417114258,1085400,0.0,0.0
2022-08-29 00:00:00-04:00,49.06989004742312,49.43619388032676,48.9172585984679,49.31409454345703,3407000,0.0,0.0
2022-08-30 00:00:00-04:00,49.390413461096834,49.52777887098671,48.71121944061219,48.80279541015625,1329300,0.0,0.0
2022-08-31 00:00:00-04:00,48.65778502105822,48.89435937135478,48.291478321698506,48.367794036865234,2375700,0.0,0.0
2022-09-01 00:00:00-04:00,48.199911437890215,48.48227235923354,48.05491591852957,48.42122268676758,2063300,0.0,0.0
2022-09-02 00:00:00-04:00,48.61200730142539,48.955420803963165,48.30675020780351,48.51279830932617,3135500,0.0,0.0
2022-09-06 00:00:00-04:00,48.512797067410816,48.6348993195043,47.84886625359918,47.909915924072266,2093100,0.0,0.0
2022-09-07 00:00:00-04:00,48.016756379085656,48.30675032763105,47.87176086038666,48.238067626953125,1678800,0.0,0.0
2022-09-08 00:00:00-04:00,48.16175585568003,48.18464911935443,47.74965964265597,48.032020568847656,2359600,0.0,0.0
2022-09-09 00:00:00-04:00,48.26095901841739,48.63489586526832,48.07780419771185,48.619632720947266,1886300,0.0,0.0
2022-09-12 00:00:00-04:00,48.80278840498069,49.21488166435068,48.58910729185299,49.069889068603516,3592300,0.0,0.0
2022-09-13 00:00:00-04:00,48.8409453125,48.9172581250919,47.68097251199046,47.69623565673828,2896900,0.0,0.0
2022-09-14 00:00:00-04:00,47.719476961275134,47.76594753564105,47.27024171147283,47.316715240478516,6569600,0.92,0.0
2022-09-15 00:00:00-04:00,47.316713055348764,47.9750717686736,47.192786605029745,47.69623947143555,3621200,0.0,0.0
2022-09-16 00:00:00-04:00,47.48710879013146,48.3158674065953,47.48710879013146,48.246158599853516,5240500,0.0,0.0
2022-09-19 00:00:00-04:00,48.1067438786852,48.50950556911524,47.99056154225054,48.45528793334961,3915600,0.0,0.0
2022-09-20 00:00:00-04:00,48.416565434822935,48.42431250083307,47.78918900144057,47.82017135620117,3931800,0.0,0.0
2022-09-21 00:00:00-04:00,47.94409751148933,48.36234747950097,47.80467987060547,47.80467987060547,2275200,0.0,0.0
2022-09-22 00:00:00-04:00,47.80467486935819,48.45528947386999,47.80467486935819,48.27714538574219,2172400,0.0,0.0
2022-09-23 00:00:00-04:00,47.92860344194041,48.168709288697826,47.51035054452844,47.595550537109375,3089400,0.0,0.0
2022-09-26 00:00:00-04:00,47.4483841846004,47.595548877432044,46.94493426680279,47.192787170410156,5548300,0.0,0.0
2022-09-27 00:00:00-04:00,47.285733170090914,47.58005961293775,46.75130087921409,46.79777145385742,1827400,0.0,0.0
2022-09-28 00:00:00-04:00,46.712574071287584,47.192788718449115,46.4879564467005,47.014644622802734,2393400,0.0,0.0
2022-09-29 00:00:00-04:00,46.87522147604782,46.93718321937291,45.40359240042415,45.46555709838867,3060300,0.0,0.0
2022-09-30 00:00:00-04:00,45.49654223756654,45.65919514773938,44.5438541530922,44.86141586303711,4305400,0.0,0.0
2022-10-03 00:00:00-04:00,45.039566575045086,46.69708407206066,45.039566575045086,46.51893997192383,3645400,0.0,0.0
2022-10-04 00:00:00-04:00,46.80551185589108,47.34769113511391,46.565403087404576,47.09983825683594,3720800,0.0,0.0
2022-10-05 00:00:00-04:00,46.87522564056508,46.92944327878116,46.09293750977934,46.37177276611328,2201800,0.0,0.0
2022-10-06 00:00:00-04:00,46.28657215162931,46.387263316089005,45.11701645849767,45.14799880981445,2842200,0.0,0.0
2022-10-07 00:00:00-04:00,44.977600338253126,45.19447089545301,44.58258568697623,44.69102096557617,4501800,0.0,0.0
2022-10-11 00:00:00-04:00,44.53610670030481,44.869159560695635,44.15658031707828,44.31148910522461,3552200,0.0,0.0
2022-10-12 00:00:00-04:00,44.31149209304829,44.67552732654232,43.62989810666912,43.653133392333984,2394400,0.0,0.0
2022-10-13 00:00:00-04:00,43.389784910360305,45.69791661535901,43.11094969216837,45.589481353759766,3190000,0.0,0.0
2022-10-14 00:00:00-04:00,45.79086763744518,45.89155880473782,44.93887363474054,44.97760009765625,6307400,0.0,0.0
2022-10-17 00:00:00-04:00,45.29516315605786,46.19363071352741,45.27192786855152,45.6204719543457,3290400,0.0,0.0
2022-10-18 00:00:00-04:00,46.27883079691678,46.27883079691678,45.77537789927849,46.201377868652344,1442600,0.0,0.0
2022-10-19 00:00:00-04:00,46.092934143321216,46.092934143321216,45.63595482984772,45.79861068725586,1202000,0.0,0.0
2022-10-20 00:00:00-04:00,46.11617394923281,46.41824448024672,45.34937702427171,45.38810348510742,2148900,0.0,0.0
2022-10-21 00:00:00-04:00,45.31065436590255,45.8528337270208,45.14800144395902,45.643707275390625,1512700,0.0,0.0
2022-10-24 00:00:00-04:00,45.84508764666969,46.209122917105624,45.61272590252245,45.992252349853516,1142000,0.0,0.0
2022-10-25 00:00:00-04:00,45.89155339670146,46.464715026085564,45.75988284737665,46.302059173583984,1440700,0.0,0.0
2022-10-26 00:00:00-04:00,46.371768978029095,46.98365707892825,46.13166315829763,46.62736892700195,1820800,0.0,0.0
2022-10-27 00:00:00-04:00,46.73580119174411,47.27023338529565,46.6970747350472,47.00688934326172,1714300,0.0,0.0
2022-10-28 00:00:00-04:00,47.07660339576157,47.96732677229383,47.01464164906623,47.9286003112793,1599500,0.0,0.0
2022-10-31 00:00:00-04:00,47.87438580205068,47.920856376447716,47.26249763227834,47.595550537109375,1848300,0.0,0.0
2022-11-01 00:00:00-04:00,47.88213474257516,47.96733474374986,47.572317093692625,47.688499450683594,1079700,0.0,0.0
2022-11-02 00:00:00-04:00,48.021550752865146,48.25391250428972,47.52584489525539,47.82017135620117,1833300,0.0,0.0
2022-11-03 00:00:00-04:00,47.63427106227467,48.23066798135094,47.36318289662155,47.99830627441406,1972700,0.0,0.0
2022-11-04 00:00:00-04:00,48.17645545159976,48.40107307244311,47.378676135266424,47.827911376953125,2407900,0.0,0.0
2022-11-07 00:00:00-05:00,47.92860447590856,48.02929269236747,47.52584274615337,47.71173095703125,1313400,0.0,0.0
2022-11-08 00:00:00-05:00,47.913112265594805,48.15321811235222,47.42515055194751,47.595550537109375,1407500,0.0,0.0
2022-11-09 00:00:00-05:00,47.58005805351696,47.99831093943756,47.40965807303677,47.48711395263672,2417700,0.0,0.0
2022-11-10 00:00:00-05:00,47.92860203776622,48.50950783782844,47.85114615830744,48.37783432006836,2757400,0.0,0.0
2022-11-11 00:00:00-05:00,48.44754760432302,48.47852995896515,47.85115057334187,48.43205642700195,1083700,0.0,0.0
2022-11-14 00:00:00-05:00,48.48627056108021,48.78834406501826,48.4010735239405,48.44754409790039,5054100,0.0,0.0
2022-11-15 00:00:00-05:00,48.63342937418174,48.772846988474726,47.967323651368424,48.00605010986328,2720400,0.0,0.0
2022-11-16 00:00:00-05:00,47.998317169273385,48.617949513298264,47.98282599134276,48.292640686035156,2569300,0.0,0.0
2022-11-17 00:00:00-05:00,48.12223212786331,48.168702695899974,47.7194704619225,47.99055862426758,3535200,0.0,0.0
2022-11-18 00:00:00-05:00,48.33136545234246,49.14463301019673,48.23841839371241,49.08266830444336,4221700,0.0,0.0
2022-11-21 00:00:00-05:00,49.16787270378007,49.50866975204519,48.98972859073421,49.09041976928711,5807200,0.0,0.0
2022-11-22 00:00:00-05:00,49.175619770013405,49.26081681609964,48.679910943482234,49.09041976928711,2165800,0.0,0.0
2022-11-23 00:00:00-05:00,48.989723241047365,49.35375849361971,48.94324971264247,49.268558502197266,4007700,0.0,0.0
2022-11-24 00:00:00-05:00,49.299543116427316,49.46994015245061,49.1911048785072,49.44670486450195,722100,0.0,0.0
2022-11-25 00:00:00-05:00,49.500925988602845,49.80299952638609,49.44670834314843,49.68681716918945,2115500,0.0,0.0
2022-11-28 00:00:00-05:00,49.593858020137176,49.91142265849483,49.38473160091205,49.63258743286133,2565200,0.0,0.0
2022-11-29 00:00:00-05:00,49.69455529160877,49.7565140829197,49.322772997347755,49.578372955322266,2214500,0.0,0.0
2022-11-30 00:00:00-05:00,49.56288888782846,49.79525063908418,49.113653608046086,49.617103576660156,2758000,0.0,0.0
2022-12-01 00:00:00-05:00,49.75651984808414,49.87270219783241,49.39248753117667,49.462196350097656,1609300,0.0,0.0
2022-12-02 00:00:00-05:00,49.26855912072978,49.407976753055024,48.997467966924134,49.29954147338867,1614900,0.0,0.0
2022-12-05 00:00:00-05:00,49.29953771194627,49.72553173262469,49.20659066106125,49.578372955322266,4557300,0.0,0.0
2022-12-06 00:00:00-05:00,49.58611444091162,49.84171440058704,49.28404686476356,49.36149978637695,2541800,0.0,0.0
2022-12-07 00:00:00-05:00,49.32277676056295,49.52415614356621,49.129141488404535,49.29954147338867,2873000,0.0,0.0
2022-12-08 00:00:00-05:00,49.18335975003137,49.30728620759389,48.99746858636769,49.07492446899414,3617300,0.0,0.0
2022-12-09 00:00:00-05:00,49.14463297643088,49.40797706642216,48.997468277687645,49.05943298339844,3785500,0.0,0.0
2022-12-12 00:00:00-05:00,48.91225850117009,49.237564257513625,48.73411149596594,48.950984954833984,5740400,0.0,0.0
2022-12-13 00:00:00-05:00,49.18335304643046,49.438952992300244,48.76510020117413,48.8890266418457,3161300,0.0,0.0
2022-12-14 00:00:00-05:00,48.88903916561416,49.17985736577932,48.464599847529556,48.52748107910156,6822200,0.92,0.0
2022-12-15 00:00:00-05:00,48.3466849551546,48.47244438332545,47.60784868944351,47.70216751098633,4399200,0.0,0.0
2022-12-16 00:00:00-05:00,47.340617808138646,47.55283744247634,46.8611589674137,47.46637725830078,6466100,0.0,0.0
2022-12-19 00:00:00-05:00,47.58427912615175,47.67859796631186,46.798281795353105,46.90045928955078,7183800,0.0,0.0
2022-12-20 00:00:00-05:00,46.8532939961248,47.15197377436578,46.49173600045179,46.86115264892578,2965300,0.0,0.0
2022-12-21 00:00:00-05:00,47.07337951660156,47.30917811544548,46.97119902437718,47.07337951660156,2240100,0.0,0.0
2022-12-22 00:00:00-05:00,46.986923396881636,47.081245243255076,46.68824654505877,47.03408432006836,1631100,0.0,0.0
2022-12-23 00:00:00-05:00,46.963336561610376,47.21485544642448,46.80613650901616,47.17555618286133,1471300,0.0,0.0
2022-12-28 00:00:00-05:00,46.97119676174382,47.15983743073713,46.41313940508211,46.42885971069336,1335700,0.0,0.0
2022-12-29 00:00:00-05:00,46.56247996795282,47.183415537499094,46.51531905197114,46.93975830078125,1796200,0.0,0.0
2022-12-30 00:00:00-05:00,46.876877591091734,47.15983709338672,46.507457907724195,46.75897979736328,1421400,0.0,0.0
2023-01-03 00:00:00-05:00,47.002639046721924,47.34847978580136,46.63322234589866,47.34061813354492,1773500,0.0,0.0
2023-01-04 00:00:00-05:00,47.40349484618876,47.76505285868298,47.136255663401386,47.576412200927734,2167500,0.0,0.0
2023-01-05 00:00:00-05:00,47.55283703907207,47.827934896986186,47.27773918115795,47.78077697753906,1766000,0.0,0.0
2023-01-06 00:00:00-05:00,47.95369620457499,48.46459567289223,47.882956324320936,48.43315505981445,1408700,0.0,0.0
2023-01-09 00:00:00-05:00,48.48817509931942,48.582496939458835,48.126617040477456,48.236656188964844,1579500,0.0,0.0
2023-01-10 00:00:00-05:00,48.26023457934651,48.36241206776201,48.05587360583212,48.29953384399414,1883200,0.0,0.0
2023-01-11 00:00:00-05:00,48.3388334995015,48.535332822670206,47.772914489306274,48.08731460571289,1988100,0.0,0.0
2023-01-12 00:00:00-05:00,48.14233653524408,48.78685410695061,48.040156042653955,48.763275146484375,2145000,0.0,0.0
2023-01-13 00:00:00-05:00,48.708250691729205,49.219147106795084,48.62179051422872,49.109107971191406,3973600,0.0,0.0
2023-01-16 00:00:00-05:00,49.04623623829661,49.7064741376009,48.92047678120731,49.557132720947266,774200,0.0,0.0
2023-01-17 00:00:00-05:00,49.313468305014474,49.792924104247945,49.313468305014474,49.462806701660156,1849500,0.0,0.0
2023-01-18 00:00:00-05:00,49.486394162189264,49.58071600628485,48.983356320381006,49.15627670288086,1640700,0.0,0.0
2023-01-19 00:00:00-05:00,49.077667995731154,49.15626952099355,48.66894905939157,48.85758972167969,1606300,0.0,0.0
2023-01-20 00:00:00-05:00,48.88903723529836,49.11697719323377,48.58249873934344,49.0933952331543,2842600,0.0,0.0
2023-01-23 00:00:00-05:00,48.810437105306576,48.91261760634968,48.4410203679605,48.6060791015625,1929500,0.0,0.0
2023-01-24 00:00:00-05:00,48.519611102406174,49.069809790905616,48.48817049201383,48.66109085083008,1921900,0.0,0.0
2023-01-25 00:00:00-05:00,48.53533108781365,48.95977033028883,48.50389047762847,48.88903045654297,1834500,0.0,0.0
2023-01-26 00:00:00-05:00,48.99907251921152,49.124831969118794,48.80257319133504,49.07767105102539,1931200,0.0,0.0
2023-01-27 00:00:00-05:00,48.98335266113281,49.085533152098726,48.771133025284456,48.98335266113281,1092400,0.0,0.0
2023-01-30 00:00:00-05:00,48.944052668108384,49.58071156619986,48.944052668108384,49.42351150512695,2811200,0.0,0.0
2023-01-31 00:00:00-05:00,49.48638979209987,49.596428935485235,49.07767083213868,49.439231872558594,2504700,0.0,0.0
2023-02-01 00:00:00-05:00,49.50997496444223,49.808651802066635,49.344913240306454,49.70647430419922,2377500,0.0,0.0
2023-02-02 00:00:00-05:00,49.52568358573827,49.54140388996235,48.14232979577481,48.25236892700195,4332400,0.0,0.0
2023-02-03 00:00:00-05:00,48.10303388609763,48.63751227359195,48.095172234267075,48.55105209350586,1845500,0.0,0.0
2023-02-06 00:00:00-05:00,48.4017133145828,48.70039011830758,48.268092219576126,48.55891036987305,1412800,0.0,0.0
2023-02-07 00:00:00-05:00,48.51175348280218,48.55891140105403,48.06373526935941,48.09517288208008,2808400,0.0,0.0
2023-02-08 00:00:00-05:00,48.173778156096844,48.28381730503091,48.032298393655346,48.181636810302734,1511800,0.0,0.0
2023-02-09 00:00:00-05:00,48.18163467452503,48.283815164723784,47.529258464044815,47.670738220214844,2560400,0.0,0.0
2023-02-10 00:00:00-05:00,47.60000144067665,47.99300012265546,47.45852167529692,47.804359436035156,1754900,0.0,0.0
2023-02-13 00:00:00-05:00,47.81222036475893,48.165916774510485,47.81222036475893,48.040157318115234,1426000,0.0,0.0
2023-02-14 00:00:00-05:00,48.173771280445415,48.22879084705973,47.851512533843824,48.0637321472168,2118800,0.0,0.0
2023-02-15 00:00:00-05:00,47.94583148747013,48.04015031643445,47.859371311610545,47.99299240112305,1868500,0.0,0.0
2023-02-16 00:00:00-05:00,47.95369414468005,48.095173899110755,47.513537573866074,47.9379768371582,2474600,0.0,0.0
2023-02-17 00:00:00-05:00,47.99299437447656,48.598212632037246,47.99299437447656,48.55891036987305,2600500,0.0,0.0
2023-02-21 00:00:00-05:00,48.456734486393444,48.62965185260058,47.89081547393656,48.03229522705078,3539400,0.0,0.0
2023-02-22 00:00:00-05:00,48.12661815870403,48.26809792385851,47.84365862839505,47.89081954956055,5306400,0.0,0.0
2023-02-23 00:00:00-05:00,48.04015427392992,48.10303549731389,47.51353752062706,47.82007598876953,3501600,0.0,0.0
2023-02-24 00:00:00-05:00,47.765064550948324,47.77292320603862,47.24630636306307,47.52140426635742,3027100,0.0,0.0
2023-02-27 00:00:00-05:00,47.54497878861574,47.90653683303915,47.46637725830078,47.46637725830078,3147700,0.0,0.0
2023-02-28 00:00:00-05:00,47.41921546495571,47.53711325328482,47.167693586835526,47.450653076171875,3550900,0.0,0.0
2023-03-01 00:00:00-05:00,47.37206632156287,47.69432515375001,47.25416550559638,47.32490539550781,1375600,0.0,0.0
2023-03-02 00:00:00-05:00,47.324902577249645,47.466382348647215,46.955485839348995,47.0498046875,1785400,0.0,0.0
2023-03-03 00:00:00-05:00,47.206995847025475,47.6550140390187,47.13625597469277,47.552833557128906,1917200,0.0,0.0
2023-03-06 00:00:00-05:00,47.5921364358192,47.914395212409886,47.5921364358192,47.71003723144531,1190500,0.0,0.0
2023-03-07 00:00:00-05:00,47.74933255400825,47.90653260241403,47.47423471805428,47.576412200927734,1557100,0.0,0.0
2023-03-08 00:00:00-05:00,47.57642001085127,47.7650606995729,47.43494024389556,47.62358093261719,1480500,0.0,0.0
2023-03-09 00:00:00-05:00,47.6314369504055,47.72575878871608,47.17556005860514,47.191280364990234,3190900,0.0,0.0
2023-03-10 00:00:00-05:00,47.15984354378747,47.23844208369027,46.83758473283861,46.9712028503418,4619400,0.0,0.0
2023-03-13 00:00:00-04:00,46.90045509058363,47.35633494083631,46.625357248770186,47.2148551940918,4364100,0.0,0.0
2023-03-14 00:00:00-04:00,47.13336993087513,47.36504315853348,46.765890150937615,47.2691764831543,4981600,0.968,0.0
2023-03-15 00:00:00-04:00,46.86176376454835,47.9242634538669,46.66204605279227,47.74052047729492,5293100,0.0,0.0
2023-03-16 00:00:00-04:00,47.66063050753786,47.84437042083764,47.20527440774054,47.79644012451172,4531600,0.0,0.0
2023-03-17 00:00:00-04:00,48.052077165521645,48.06805189887664,47.60470844532967,47.94822311401367,4647900,0.0,0.0
2023-03-20 00:00:00-04:00,48.01212401134623,48.579324479047415,47.98815886744676,48.53139114379883,4841500,0.0,0.0
2023-03-21 00:00:00-04:00,48.531395698935015,48.834967422436556,48.26776690149818,48.411563873291016,2823900,0.0,0.0
2023-03-22 00:00:00-04:00,48.39559430703497,48.45950238607066,48.09202255112727,48.10000991821289,2967400,0.0,0.0
2023-03-23 00:00:00-04:00,48.07603746496528,48.403574319815036,47.972183423930055,48.16391372680664,3434500,0.0,0.0
2023-03-24 00:00:00-04:00,48.09201684168863,48.61927138280146,48.08402642810138,48.563350677490234,3162800,0.0,0.0
2023-03-27 00:00:00-04:00,48.555359333651936,48.683178521550154,48.38759722093236,48.491451263427734,3538000,0.0,0.0
2023-03-28 00:00:00-04:00,48.45151503053961,48.53140089121583,48.24380691686103,48.25978469848633,2198900,0.0,0.0
2023-03-29 00:00:00-04:00,48.49145216192191,48.571338013044816,48.267766293368005,48.4035758972168,1178600,0.0,0.0
2023-03-30 00:00:00-04:00,48.29972811232138,48.71514129638672,48.29972811232138,48.71514129638672,2312800,0.0,0.0
2023-03-31 00:00:00-04:00,48.73111198738667,48.91485188000579,48.31569886376743,48.36363220214844,2398200,0.0,0.0
2023-04-03 00:00:00-04:00,48.31570300790348,48.75508131467468,48.11598531869384,48.627262115478516,2284400,0.0,0.0
2023-04-04 00:00:00-04:00,48.69116904370646,49.80958617845072,48.57932763497701,49.77763366699219,2420300,0.0,0.0
2023-04-05 00:00:00-04:00,49.85752598378619,50.512599789127506,49.81758305369469,50.48064422607422,2811000,0.0,0.0
2023-04-06 00:00:00-04:00,50.40075514289096,50.672371316574306,50.009307139145825,50.28891372680664,2263900,0.0,0.0
2023-04-10 00:00:00-04:00,49.88947622721133,50.28092116679925,49.37819946267615,50.2409782409668,2003300,0.0,0.0
2023-04-11 00:00:00-04:00,50.28891557255974,50.864100454597214,50.248972643556456,50.43271255493164,2269400,0.0,0.0
2023-04-12 00:00:00-04:00,50.56851439779047,50.72030178024974,50.424717428855296,50.52058410644531,1133400,0.0,0.0
2023-04-13 00:00:00-04:00,50.520589957407424,51.23957183790118,50.432713683164245,51.215606689453125,2174800,0.0,0.0
2023-04-14 00:00:00-04:00,51.14370142354862,51.32744437309937,50.72030395952513,50.76823425292969,1313900,0.0,0.0
2023-04-17 00:00:00-04:00,50.856107858319874,51.247555836180304,50.79219978797623,51.19163513183594,1895700,0.0,0.0
2023-04-18 00:00:00-04:00,51.167674843172406,51.319456143714255,50.91203339518312,50.97594451904297,2682400,0.0,0.0
2023-04-19 00:00:00-04:00,50.84812394544583,51.18364819429771,50.84812394544583,50.967952728271484,1246200,0.0,0.0
2023-04-20 00:00:00-04:00,50.624441107214196,51.143705292225604,50.624441107214196,51.08778762817383,1506400,0.0,0.0
2023-04-21 00:00:00-04:00,51.223590597579346,51.51916885076222,51.12772392106348,51.47922897338867,1470400,0.0,0.0
2023-04-24 00:00:00-04:00,51.32744555330442,51.79877636902006,51.32744555330442,51.51118850708008,1478900,0.0,0.0
2023-04-25 00:00:00-04:00,51.44728043983821,51.71889358470666,51.32744860155487,51.670963287353516,1618900,0.0,0.0
2023-04-26 00:00:00-04:00,51.607046336672546,52.1023483680579,51.48721451191321,51.49520492553711,1587600,0.0,0.0
2023-04-27 00:00:00-04:00,51.662964270241645,52.10234557248409,51.60704356767438,52.08636474609375,1301300,0.0,0.0
2023-04-28 00:00:00-04:00,51.966547854823055,52.254141829733626,51.966547854823055,52.02246856689453,2669500,0.0,0.0
2023-05-01 00:00:00-04:00,52.05442368487343,52.318046413869034,52.00648729286477,52.28609085083008,2032000,0.0,0.0
2023-05-02 00:00:00-04:00,52.23016235375836,52.453851261687774,51.90262854750734,52.21418762207031,1796900,0.0,0.0
2023-05-03 00:00:00-04:00,52.094364629105506,52.38994902206411,52.062409065415345,52.23017120361328,1871500,0.0,0.0
2023-05-04 00:00:00-04:00,51.88664863505691,52.014470870411394,51.08778099624011,51.47922897338867,1867900,0.0,0.0
2023-05-05 00:00:00-04:00,51.58307996843946,51.59107038187403,51.12772392106348,51.47922897338867,1241900,0.0,0.0
2023-05-08 00:00:00-04:00,51.43130218886693,51.44728301871936,50.99192688633757,51.33544158935547,1032100,0.0,0.0
2023-05-09 00:00:00-04:00,51.23157607049295,51.47923013334764,51.143699805431574,51.175655364990234,1136200,0.0,0.0
2023-05-10 00:00:00-04:00,51.17565949340266,51.40733274771753,50.896055943333074,51.23957061767578,3443200,0.0,0.0
2023-05-11 00:00:00-04:00,51.20761430867109,51.51118909709063,51.095772890274475,51.35940170288086,932900,0.0,0.0
2023-05-12 00:00:00-04:00,51.32744184919788,51.43928325824229,51.047838326586856,51.26353073120117,1399700,0.0,0.0
2023-05-15 00:00:00-04:00,51.19962096008157,51.42330987895451,50.872087137806616,51.11174774169922,1192200,0.0,0.0
2023-05-16 00:00:00-04:00,50.81617278946951,51.10376676910174,50.672375799653395,50.77622985839844,1756200,0.0,0.0
2023-05-17 00:00:00-04:00,50.776222324411286,50.81616524955578,50.201034450491065,50.48862838745117,1478200,0.0,0.0
2023-05-18 00:00:00-04:00,50.28891374940923,50.50460921514737,50.217015260829854,50.44868850708008,898900,0.0,0.0
2023-05-19 00:00:00-04:00,50.4646628131947,50.92800930177509,50.4646628131947,50.67237091064453,1836300,0.0,0.0
2023-05-23 00:00:00-04:00,50.328853895216554,50.56851449475142,50.129136221029185,50.23299026489258,1671000,0.0,0.0
2023-05-24 00:00:00-04:00,50.025279347872896,50.12114602022478,49.78561876189258,49.85751724243164,1897500,0.0,0.0
2023-05-25 00:00:00-04:00,49.729703277871465,49.80160176595434,49.06663910472384,49.098594665527344,1839900,0.0,0.0
2023-05-26 00:00:00-04:00,49.11457688944904,49.458091580540305,48.8988814056859,49.4261360168457,2008300,0.0,0.0
2023-05-29 00:00:00-04:00,49.49803603952389,49.522004236759926,49.10659103825642,49.30630874633789,535500,0.0,0.0
2023-05-30 00:00:00-04:00,49.37020813019803,49.56992580309321,49.25037935493083,49.362220764160156,1346300,0.0,0.0
2023-05-31 00:00:00-04:00,49.20245130090665,49.30630535525247,48.79502854531948,48.922847747802734,2922700,0.0,0.0
2023-06-01 00:00:00-04:00,48.91485747500752,49.042676677860655,48.73910492829065,48.79502868652344,750500,0.0,0.0
2023-06-02 00:00:00-04:00,48.65922060345504,49.06664337306666,48.21185185563911,49.034690856933594,1644000,0.0,0.0
2023-06-05 00:00:00-04:00,49.0906036098334,49.4101500515041,48.93881623114878,48.97077178955078,1978700,0.0,0.0
2023-06-06 00:00:00-04:00,48.94681090871447,49.186471522709134,48.6352518057764,48.90686798095703,2341600,0.0,0.0
2023-06-07 00:00:00-04:00,48.97876617622143,49.03468688423654,48.611283319686336,49.00273132324219,1175700,0.0,0.0
2023-06-08 00:00:00-04:00,49.010720832367745,49.06664154282755,48.68318393648168,49.05066680908203,2507900,0.0,0.0
2023-06-09 00:00:00-04:00,49.09061019153484,49.14653090251089,48.88290208152365,49.02669906616211,2570500,0.0,0.0
2023-06-12 00:00:00-04:00,49.08261873107587,49.29032683666032,48.98675509251003,49.242393493652344,2894700,0.0,0.0
2023-06-13 00:00:00-04:00,49.24239335472111,49.521999950303595,49.15451708317947,49.37021255493164,1180900,0.0,0.0
2023-06-14 00:00:00-04:00,49.23873257975059,49.41728180672196,48.90598371781314,48.99525833129883,3435700,0.968,0.0
2023-06-15 00:00:00-04:00,48.8491726252117,49.07641793774868,48.45149874617225,48.69497299194336,3156800,0.0,0.0
2023-06-16 00:00:00-04:00,48.759904212536156,49.08453552891486,48.73555461924893,48.922218322753906,5925800,0.0,0.0
2023-06-19 00:00:00-04:00,48.922215464466916,49.01149007743672,48.743669334470326,48.800479888916016,641100,0.0,0.0
2023-06-20 00:00:00-04:00,48.719316851340054,48.80859145901182,48.43526409596882,48.45149612426758,1499800,0.0,0.0
2023-06-21 00:00:00-04:00,48.23237165065329,48.443381840933284,47.92396928398894,48.151214599609375,1750700,0.0,0.0
2023-06-22 00:00:00-04:00,48.04571201123601,48.12686906912904,47.78600571084636,48.02947998046875,1623200,0.0,0.0
2023-06-23 00:00:00-04:00,48.01325066364886,48.37846363669775,47.704848253524965,47.73731231689453,2211700,0.0,0.0
2023-06-26 00:00:00-04:00,47.72107389639955,47.86715906606149,47.469485178826375,47.81034851074219,1278400,0.0,0.0
2023-06-27 00:00:00-04:00,47.964552844535625,48.110638028504226,47.82658522408937,47.99701690673828,2059700,0.0,0.0
2023-06-28 00:00:00-04:00,48.18367852685233,48.30541720685095,47.704844465970766,48.281070709228516,1805100,0.0,0.0
2023-06-29 00:00:00-04:00,48.248608634224965,48.57323996767685,48.053827357399136,48.53266143798828,2450400,0.0,0.0
2023-06-30 00:00:00-04:00,48.61381610101842,49.10076459415348,48.540773517453864,49.01960754394531,2478300,0.0,0.0
2023-07-04 00:00:00-04:00,49.165692597523666,49.18192153077341,48.72743709714848,49.01148986816406,440900,0.0,0.0
2023-07-05 00:00:00-04:00,48.897865705253665,49.18191845852532,48.75178054758744,49.10076141357422,926800,0.0,0.0
2023-07-06 00:00:00-04:00,49.01149007743672,49.084532661144465,48.776130297051424,48.800479888916016,1090900,0.0,0.0
2023-07-07 00:00:00-04:00,48.492075485515365,48.597582123310204,48.256715715027994,48.3216438293457,1142200,0.0,0.0
2023-07-10 00:00:00-04:00,48.26483926693613,48.28918576485521,47.70484504725092,47.72919464111328,1014000,0.0,0.0
2023-07-11 00:00:00-04:00,47.648032017694675,47.78600272261699,47.51817887562002,47.583106994628906,1486500,0.0,0.0
2023-07-12 00:00:00-04:00,47.761662016369975,47.87528624577601,47.39645211479636,47.656158447265625,1044100,0.0,0.0
2023-07-13 00:00:00-04:00,47.67237957385721,48.08628547905696,47.51006237921188,47.9564323425293,1788900,0.0,0.0
2023-07-14 00:00:00-04:00,47.94832141573257,48.037592938232095,47.477601826104774,47.5344123840332,1546400,0.0,0.0
2023-07-17 00:00:00-04:00,47.35585959551494,47.574987343637375,46.63355133093156,46.78775405883789,4944100,0.0,0.0
2023-07-18 00:00:00-04:00,46.78775389460586,46.86079647705695,46.276455817448266,46.46311950683594,2678000,0.0,0.0
2023-07-19 00:00:00-04:00,46.74716877727062,47.04745664707491,46.69035822805203,46.88513946533203,2103900,0.0,0.0
2023-07-20 00:00:00-04:00,46.86891448546244,47.33963407370683,46.86891448546244,47.20977783203125,2061400,0.0,0.0
2023-07-21 00:00:00-04:00,47.23412294035102,47.71295695026238,47.193544416652,47.66426086425781,3503800,0.0,0.0
2023-07-24 00:00:00-04:00,47.72107360061792,48.06194002636406,47.3477462119927,47.38832473754883,1380600,0.0,0.0
2023-07-25 00:00:00-04:00,47.31528941406093,47.47760663713728,46.64979158579705,46.868919372558594,2004100,0.0,0.0
2023-07-26 00:00:00-04:00,46.739061534560776,47.03123188766235,46.52805133284476,46.6822509765625,1785800,0.0,0.0
2023-07-27 00:00:00-04:00,46.666023145258734,46.7552977718441,46.26834610754487,46.34138870239258,1582600,0.0,0.0
2023-07-28 00:00:00-04:00,46.39819000372177,46.61731774452369,46.195294291417355,46.292686462402344,1590500,0.0,0.0
2023-07-31 00:00:00-04:00,46.333270780095596,46.51993448724661,46.14660707294459,46.22776412963867,1464800,0.0,0.0
2023-08-01 00:00:00-04:00,46.243993189438946,46.40631038834308,45.87066579911958,46.09790802001953,1069300,0.0,0.0
2023-08-02 00:00:00-04:00,45.8544288860812,46.06543905502358,45.56225857835887,45.586605072021484,1680600,0.0,0.0
2023-08-03 00:00:00-04:00,45.77327583508393,45.81385436004135,44.9616929521636,45.05908203125,2204500,0.0,0.0
2023-08-04 00:00:00-04:00,45.099664902149684,45.89501583254091,44.96981175220711,45.67588806152344,1668300,0.0,0.0
2023-08-08 00:00:00-04:00,45.773275035128314,45.83008558826445,45.318787514096286,45.50545120239258,1787100,0.0,0.0
2023-08-09 00:00:00-04:00,45.48921424543047,46.235872013669415,45.38370761706073,45.976165771484375,1380100,0.0,0.0
2023-08-10 00:00:00-04:00,46.106030628857376,46.42254749859328,46.106030628857376,46.170955657958984,1448300,0.0,0.0
2023-08-11 00:00:00-04:00,46.14660460178727,46.195297594818896,46.008633897663756,46.0816764831543,1287400,0.0,0.0
2023-08-14 00:00:00-04:00,46.057322113725974,46.14659671361441,45.57848815645923,45.667762756347656,3057100,0.0,0.0
2023-08-15 00:00:00-04:00,45.48922494990449,45.50545698085358,45.03474046710319,45.1240119934082,3621900,0.0,0.0
2023-08-16 00:00:00-04:00,45.18082242186806,45.408067758548675,44.986044242934184,45.0266227722168,3724700,0.0,0.0
2023-08-17 00:00:00-04:00,44.97792058933119,45.15646980913044,44.65328930308328,44.66952133178711,3393000,0.0,0.0
2023-08-18 00:00:00-04:00,44.63706171452449,44.81561095208442,44.547787095744525,44.75068283081055,1449500,0.0,0.0
2023-08-21 00:00:00-04:00,44.7182183856099,44.72633594867094,44.32865894914643,44.547786712646484,3530300,0.0,0.0
2023-08-22 00:00:00-04:00,44.63706885545919,44.63706885545919,44.3611304877877,44.45040512084961,1588500,0.0,0.0
2023-08-23 00:00:00-04:00,44.59647614830481,44.64516913563207,44.3935804452606,44.515316009521484,1763300,0.0,0.0
2023-08-24 00:00:00-04:00,44.48285829027441,45.70023259721844,44.40981570802005,45.602840423583984,4615600,0.0,0.0
2023-08-25 00:00:00-04:00,45.71646488304327,45.992400088729184,45.49733713504889,45.70834732055664,2510900,0.0,0.0
2023-08-28 00:00:00-04:00,45.83008902120607,46.528050835951944,45.81385699110231,46.47123718261719,1931300,0.0,0.0
2023-08-29 00:00:00-04:00,46.592970133747855,46.90137247592768,46.584855667664904,46.85267639160156,1475400,0.0,0.0
2023-08-30 00:00:00-04:00,46.893253174321245,47.15295942254073,46.779632077718055,46.79586410522461,1266400,0.0,0.0
2023-08-31 00:00:00-04:00,46.90137946414717,47.03934707971389,46.41442783615947,46.45500946044922,1644400,0.0,0.0
2023-09-01 00:00:00-04:00,46.10602615139801,46.17906873700861,45.464874910587504,45.773277282714844,2883900,0.0,0.0
2023-09-05 00:00:00-04:00,45.78139159829646,45.87066621329697,45.416178671450325,45.44864273071289,1355100,0.0,0.0
2023-09-06 00:00:00-04:00,45.16458731411219,45.24574436158541,44.937342008489956,44.97792053222656,1945900,0.0,0.0
2023-09-07 00:00:00-04:00,45.04285293814478,45.33502329039177,44.81561070681632,44.87242126464844,2737800,0.0,0.0
2023-09-08 00:00:00-04:00,44.92111796608432,44.92111796608432,44.645179621297764,44.86430740356445,2762700,0.0,0.0
2023-09-11 00:00:00-04:00,44.87241897033881,45.3269034097581,44.83184044481109,45.14023971557617,1177300,0.0,0.0
2023-09-12 00:00:00-04:00,45.29444923561316,45.424302394330006,45.01851088634691,45.27009963989258,1436200,0.0,0.0
2023-09-13 00:00:00-04:00,45.28632097788167,45.50544871196127,45.18893190582722,45.3593635559082,1705300,0.0,0.0
2023-09-14 00:00:00-04:00,45.64677656509637,45.8449876881804,45.44856229150334,45.75414276123047,2860400,0.968,0.0
2023-09-15 00:00:00-04:00,45.49811791432328,45.919318925486,45.4815997951882,45.547672271728516,5720400,0.0,0.0
2023-09-18 00:00:00-04:00,45.547677160784886,45.547677160784886,45.200802922733146,45.45682907104492,3105600,0.0,0.0
2023-09-19 00:00:00-04:00,45.217321155905736,45.390756700107495,45.01084936980571,45.05214309692383,2336600,0.0,0.0
2023-09-20 00:00:00-04:00,45.13473177380804,45.30816731060176,45.085177413077275,45.11821365356445,3137100,0.0,0.0
2023-09-21 00:00:00-04:00,45.09343248218877,45.09343248218877,44.22625169416766,44.23451232910156,4031300,0.0,0.0
2023-09-22 00:00:00-04:00,44.25102928066994,44.564864088675236,44.184956804978896,44.38317108154297,1323600,0.0,0.0
2023-09-25 00:00:00-04:00,44.267542504289224,44.29232125695124,43.82156591298895,43.85459899902344,3169000,0.0,0.0
2023-09-26 00:00:00-04:00,43.79678958488772,43.79678958488772,42.99568128266934,43.01219940185547,2683300,0.0,0.0
2023-09-27 00:00:00-04:00,43.07827074297006,43.12782510284625,42.12849932365327,42.54144287109375,2761200,0.0,0.0
2023-09-28 00:00:00-04:00,42.46711013682424,42.78094809455304,42.31019273321436,42.58273696899414,1718600,0.0,0.0
2023-09-29 00:00:00-04:00,42.78095282499866,43.10304830252892,42.74791658358289,42.82224655151367,2562400,0.0,0.0
2023-10-02 00:00:00-04:00,42.90482834512096,42.90482834512096,41.17872446694681,41.40171432495117,3104500,0.0,0.0
2023-10-03 00:00:00-04:00,41.178733343966776,41.690782489115136,40.93922531701486,41.19525146484375,3457500,0.0,0.0
2023-10-04 00:00:00-04:00,41.29435279546355,41.69077820423891,41.17872911171771,41.42649459838867,3497100,0.0,0.0
2023-10-05 00:00:00-04:00,41.517341316613624,42.35974646406646,41.4099751207251,42.3101921081543,2170700,0.0,0.0
2023-10-06 00:00:00-04:00,42.11198510654383,42.35975060933265,41.434754778174074,42.13676071166992,2424500,0.0,0.0
2023-10-10 00:00:00-04:00,42.24412378079826,42.91309027359625,42.211087542744046,42.62403106689453,2553700,0.0,0.0
2023-10-11 00:00:00-04:00,42.772691191473946,43.152598479380764,42.65706750824223,43.12782287597656,2600900,0.0,0.0
2023-10-12 00:00:00-04:00,43.094786117372635,43.27648227483359,42.49188895458105,42.79746627807617,1953400,0.0,0.0
2023-10-13 00:00:00-04:00,42.979166970812024,43.19389623823547,42.59099901182458,42.66532897949219,1371700,0.0,0.0
2023-10-16 00:00:00-04:00,42.68184729465905,43.53251003366897,42.49189363208933,43.38385009765625,1748100,0.0,0.0
2023-10-17 00:00:00-04:00,43.416889534100136,43.61510384687323,43.061757788659314,43.24345397949219,2663600,0.0,0.0
2023-10-18 00:00:00-04:00,43.045238216571924,43.05349885251855,42.359753506948664,42.38452911376953,1512700,0.0,0.0
2023-10-19 00:00:00-04:00,42.45885542180935,42.92135332912601,42.35148921733224,42.54144287109375,1252900,0.0,0.0
2023-10-20 00:00:00-04:00,42.467107829413365,42.53318030134904,41.8229169805849,41.855953216552734,1933900,0.0,0.0
2023-10-23 00:00:00-04:00,41.64122389797911,42.599255908502336,41.45953088780151,42.26063919067383,1300100,0.0,0.0
2023-10-24 00:00:00-04:00,42.53318442570453,42.82224364218041,42.35974889581901,42.57447814941406,1489700,0.0,0.0
2023-10-25 00:00:00-04:00,42.52493466179349,42.797475808165004,42.25239036491222,42.301944732666016,1202000,0.0,0.0
2023-10-26 00:00:00-04:00,42.120238741368276,42.50014602095257,42.03765129815743,42.409297943115234,1155300,0.0,0.0
2023-10-27 00:00:00-04:00,42.47537028366601,42.47537028366601,41.93028496887609,41.97983932495117,1388500,0.0,0.0
2023-10-30 00:00:00-04:00,42.161534611300425,42.73139871022312,42.12849837212914,42.57447814941406,1497500,0.0,0.0
2023-10-31 00:00:00-04:00,42.615775803195106,42.89657756102858,42.500152105941815,42.51667022705078,2078100,0.0,0.0
2023-11-01 00:00:00-04:00,42.698364101746535,43.425145638725645,42.5662222905239,43.37559127807617,1826000,0.0,0.0
2023-11-02 00:00:00-04:00,43.730718535683025,44.47401496671897,42.99567958866026,44.34187316894531,1977700,0.0,0.0
2023-11-03 00:00:00-04:00,44.449237486509936,45.19253703665579,44.27580197497885,45.02735900878906,1774300,0.0,0.0
2023-11-06 00:00:00-05:00,44.977809852607045,45.11821229519581,44.66397502895536,44.76308059692383,1199100,0.0,0.0
2023-11-07 00:00:00-05:00,44.713523547514335,44.713523547514335,44.19321383359299,44.26754379272461,1662900,0.0,0.0
2023-11-08 00:00:00-05:00,44.18495676414082,44.4244647625359,43.8793794406248,44.03629684448242,1530000,0.0,0.0
2023-11-09 00:00:00-05:00,44.22625086330895,44.383171419013806,43.9702278943321,44.07759094238281,1359000,0.0,0.0
2023-11-10 00:00:00-05:00,44.10237481056313,44.184962264873135,43.672913117030326,43.871124267578125,1371000,0.0,0.0
2023-11-13 00:00:00-05:00,43.6976852961103,44.21799503888304,43.52424976535578,43.91241455078125,963200,0.0,0.0
2023-11-14 00:00:00-05:00,44.35838849906019,44.92825252592529,44.30883729707802,44.65570831298828,2191200,0.0,0.0
2023-11-15 00:00:00-05:00,44.80437501791228,44.91174122267844,44.59790324363618,44.63093948364258,1833300,0.0,0.0
2023-11-16 00:00:00-05:00,44.65571439382762,44.89522240438485,44.58964506535171,44.76308059692383,1450800,0.0,0.0
2023-11-17 00:00:00-05:00,44.936514121230175,44.96955035924704,44.59790055782997,44.754817962646484,1515200,0.0,0.0
2023-11-20 00:00:00-05:00,44.80437231967178,44.886959764204875,44.52357059754656,44.754817962646484,1240900,0.0,0.0
2023-11-21 00:00:00-05:00,44.70526286406194,44.95302832659968,44.44097928395385,44.54008483886719,1579300,0.0,0.0
2023-11-22 00:00:00-05:00,44.721785504844284,44.77133671205822,44.38317193667623,44.4079475402832,1657300,0.0,0.0
2023-11-23 00:00:00-05:00,44.48227750161322,44.57312558218425,44.4079475402832,44.4079475402832,361200,0.0,0.0
2023-11-24 00:00:00-05:00,44.44924308045221,44.61442112910662,44.30884378692697,44.399688720703125,778700,0.0,0.0
2023-11-27 00:00:00-05:00,44.51531540056091,44.614420969194626,44.20973490896732,44.24277114868164,3473700,0.0,0.0
2023-11-28 00:00:00-05:00,44.11063407688298,44.33362399313518,43.887644160630785,43.99501037597656,1892500,0.0,0.0
2023-11-29 00:00:00-05:00,44.094114174826466,44.14366853771813,43.805054934232004,43.871124267578125,1665100,0.0,0.0
2023-11-30 00:00:00-05:00,44.05281390182525,44.1932131833921,43.664645993125674,44.12714385986328,2392500,0.0,0.0
2023-12-01 00:00:00-05:00,44.143661692387326,45.043878667011825,44.102367971635715,44.91999435424805,3129700,0.0,0.0
2023-12-04 00:00:00-05:00,44.85392440693107,45.48159714494373,44.75481569789573,45.399009704589844,2336200,0.0,0.0
2023-12-05 00:00:00-05:00,45.37423561841345,45.77066104379694,45.30816628943748,45.423789978027344,2137700,0.0,0.0
2023-12-06 00:00:00-05:00,45.630259028352285,46.2827105470518,45.630259028352285,45.679813385009766,2151800,0.0,0.0
2023-12-07 00:00:00-05:00,45.77892103546477,45.935838446272456,45.407271219857954,45.770660400390625,3700100,0.0,0.0
2023-12-08 00:00:00-05:00,45.68807575773621,45.770663210493005,45.489864610916136,45.58897018432617,3586200,0.0,0.0
2023-12-11 00:00:00-05:00,45.61374433090719,45.66329869128169,45.13473144932407,45.291648864746094,3739800,0.0,0.0
2023-12-12 00:00:00-05:00,45.32468331608548,45.43204636689551,44.95303350421845,45.167762756347656,2528600,0.0,0.0
2023-12-13 00:00:00-05:00,45.060399421127684,45.79543840523135,44.82914890047604,45.688072204589844,2199200,0.0,0.0
2023-12-14 00:00:00-05:00,45.68639156398556,45.9133528700051,45.022323157431295,45.15681838989258,4020000,0.968,0.0
2023-12-15 00:00:00-05:00,45.324937027840235,45.44262316723479,43.425191384571406,43.52606201171875,9456300,0.0,0.0
2023-12-18 00:00:00-05:00,43.685765313725426,43.87910196541667,43.3579334605699,43.40836715698242,3475500,0.0,0.0
2023-12-19 00:00:00-05:00,43.41678172040401,43.61852295093281,43.08894660921139,43.16460037231445,2916400,0.0,0.0
2023-12-20 00:00:00-05:00,43.08054063561063,43.39996798110358,42.76952104497269,43.06372833251953,3479300,0.0,0.0
2023-12-21 00:00:00-05:00,43.20663188627653,43.50924372612722,42.99648290474137,43.248661041259766,1910900,0.0,0.0
2023-12-22 00:00:00-05:00,43.21503829956055,43.601711672683486,43.12257223063568,43.21503829956055,1467100,0.0,0.0
2023-12-27 00:00:00-05:00,43.0637270558729,43.40837124247587,43.05532250788598,43.282283782958984,1985900,0.0,0.0
2023-12-28 00:00:00-05:00,43.22344220902366,43.5848987240465,43.22344220902366,43.542869567871094,1083500,0.0,0.0
2023-12-29 00:00:00-05:00,43.53446531096353,43.904326377051895,43.33272087070319,43.85388946533203,1549100,0.0,0.0
2024-01-02 00:00:00-05:00,43.879106958822554,45.27449603529052,43.86229465589898,45.24087142944336,3559100,0.0,0.0
2024-01-03 00:00:00-05:00,45.49305282873832,45.804075645243174,45.41739906345594,45.635955810546875,2382700,0.0,0.0
2024-01-04 00:00:00-05:00,45.74523020509003,45.854508576790394,45.29971537629337,45.64435958862305,2572600,0.0,0.0
2024-01-05 00:00:00-05:00,45.64436201959556,45.93857254267065,45.40058841074973,45.79566955566406,2075600,0.0,0.0
2024-01-08 00:00:00-05:00,45.81248234340587,46.02263134498113,45.79567003848554,45.913352966308594,1889400,0.0,0.0
2024-01-09 00:00:00-05:00,45.82929087215971,45.82929087215971,45.40899290364022,45.72842025756836,2060200,0.0,0.0
2024-01-10 00:00:00-05:00,45.53508327509331,46.022630488855675,45.53508327509331,45.997413635253906,1678700,0.0,0.0
2024-01-11 00:00:00-05:00,46.02262992158943,46.140312845772776,45.526678164945885,45.81248092651367,2649100,0.0,0.0
2024-01-12 00:00:00-05:00,45.77885163975952,46.442923165928754,45.77885163975952,46.08146667480469,1466500,0.0,0.0
2024-01-15 00:00:00-05:00,46.12349772687511,46.8043815837553,46.005814809872874,46.62785720825195,1149700,0.0,0.0
2024-01-16 00:00:00-05:00,46.3168417046259,47.073379442601215,46.21597107510236,47.00613021850586,2382600,0.0,0.0
2024-01-17 00:00:00-05:00,46.703518093620104,47.09019151035341,46.611052014266605,46.947288513183594,3059800,0.0,0.0
2024-01-18 00:00:00-05:00,47.073370955064135,47.09858780624344,46.728726760265026,47.09018325805664,1963100,0.0,0.0
2024-01-19 00:00:00-05:00,47.073380288378566,47.224687838692205,46.95569735071675,47.06497573852539,1806100,0.0,0.0
2024-01-22 00:00:00-05:00,47.14902882532375,47.1826534342399,46.3588697555092,46.38408660888672,2131900,0.0,0.0
2024-01-23 00:00:00-05:00,46.40929760130531,46.73712948028849,46.31683154177287,46.61104202270508,1186200,0.0,0.0
2024-01-24 00:00:00-05:00,46.72873419563161,46.863229434353315,46.15712862940949,46.26640701293945,1554000,0.0,0.0
2024-01-25 00:00:00-05:00,46.32523736535374,46.40089111939796,45.820877936186086,45.879722595214844,1783400,0.0,0.0
2024-01-26 00:00:00-05:00,45.820890076652226,46.14031747909704,45.820890076652226,46.05625915527344,1290100,0.0,0.0
2024-01-29 00:00:00-05:00,46.098281747954054,46.384084497493326,45.83769585064443,46.35886764526367,1784400,0.0,0.0
2024-01-30 00:00:00-05:00,46.257996259889474,46.38408694091807,45.87973063004214,45.9301643371582,2295800,0.0,0.0
2024-01-31 00:00:00-05:00,45.98060191074259,46.14031399660078,45.434213227269986,45.602333068847656,2390300,0.0,0.0
2024-02-01 00:00:00-05:00,45.77045233298031,46.03944279346326,45.627549347125424,45.997413635253906,1509700,0.0,0.0
2024-02-02 00:00:00-05:00,45.51827647045334,45.74523457754254,44.11447942787487,44.74492645263672,3471000,0.0,0.0
2024-02-05 00:00:00-05:00,44.55158753372526,44.61883675219868,44.1901310009787,44.4002799987793,2166500,0.0,0.0
2024-02-06 00:00:00-05:00,44.40027822493836,44.95507142870254,44.23215839209062,44.93825912475586,1714000,0.0,0.0
2024-02-07 00:00:00-05:00,44.94666368353091,44.9802850824141,44.425491918105585,44.61042404174805,1846300,0.0,0.0
2024-02-08 00:00:00-05:00,43.71099173462374,43.71939628366024,42.33241481605238,42.937644958496094,6548700,0.0,0.0
2024-02-09 00:00:00-05:00,42.702273339564194,43.08054215591555,42.24835075994256,42.4669075012207,3534300,0.0,0.0
2024-02-12 00:00:00-05:00,42.466912132509314,43.164605175095005,42.35763374995273,42.96286392211914,2617600,0.0,0.0
2024-02-13 00:00:00-05:00,42.89561219648766,43.080544339771656,42.03820390483351,42.30719757080078,3218600,0.0,0.0
2024-02-14 00:00:00-05:00,42.45009890519557,42.744306228821465,42.038205445499976,42.147483825683594,3167800,0.0,0.0
2024-02-15 00:00:00-05:00,42.13067082834383,42.635030354783844,42.04661251058014,42.22313690185547,3215000,0.0,0.0
2024-02-16 00:00:00-05:00,42.11385542643126,42.803143842585264,42.11385542643126,42.72749328613281,1986200,0.0,0.0
2024-02-20 00:00:00-05:00,42.811550199390965,43.34953107183029,42.78633334806379,43.06372833251953,2502200,0.0,0.0
2024-02-21 00:00:00-05:00,43.05532548734986,43.240254415428964,42.87879790122022,43.03851318359375,1670800,0.0,0.0
2024-02-22 00:00:00-05:00,43.08895515846155,43.12257977242747,42.61822338941743,42.64344024658203,2383500,0.0,0.0
2024-02-23 00:00:00-05:00,42.6602432177709,42.777926134278125,42.340815868237726,42.66864776611328,2000700,0.0,0.0
2024-02-26 00:00:00-05:00,42.66024651040862,42.66865105939969,42.07182867583776,42.298789978027344,3112300,0.0,0.0
2024-02-27 00:00:00-05:00,42.47531375439398,42.5761875805487,42.307197124041146,42.44169235229492,1726400,0.0,0.0
2024-02-28 00:00:00-05:00,42.47531672410309,42.550970495698955,42.34082148644593,42.382850646972656,1718300,0.0,0.0
2024-02-29 00:00:00-05:00,42.36604114517321,42.51734868692607,42.315604229049136,42.33241653442383,2708900,0.0,0.0
2024-03-01 00:00:00-05:00,42.36603658841137,42.483719506757225,42.11385524153422,42.155887603759766,3496000,0.0,0.0
2024-03-04 00:00:00-05:00,42.11386119886907,42.130673504813714,41.29007744729841,41.34891891479492,6618200,0.0,0.0
2024-03-05 00:00:00-05:00,41.348916533380454,41.38254114333319,40.93702628462692,41.01268005371094,3974200,0.0,0.0
2024-03-06 00:00:00-05:00,41.06311193497138,41.39094705749506,41.06311193497138,41.29848098754883,2510300,0.0,0.0
2024-03-07 00:00:00-05:00,41.51703643798828,41.643127122188076,41.306887435401485,41.51703643798828,2318200,0.0,0.0
2024-03-08 00:00:00-05:00,41.542250000143284,41.75239898607671,41.29007185834698,41.44978713989258,3158800,0.0,0.0
2024-03-11 00:00:00-04:00,41.5926882949967,41.73559127762792,41.12195339646095,41.29848098754883,3234200,0.0,0.0
2024-03-12 00:00:00-04:00,41.2732618246197,41.35732334758771,40.91180529240533,41.02949142456055,5513700,0.0,0.0
2024-03-13 00:00:00-04:00,40.98745545565772,41.079921519482184,40.36541627348775,40.50831604003906,4155800,0.0,0.0
2024-03-14 00:00:00-04:00,40.42934511566325,40.45509851834374,38.97011442473614,39.53664016723633,8308600,0.998,0.0
2024-03-15 00:00:00-04:00,39.45080360536771,40.154668869975616,39.42505347538475,40.00874710083008,9143500,0.0,0.0
2024-03-18 00:00:00-04:00,39.957243550559056,39.96582911017102,39.49372156446045,39.75123596191406,6583400,0.0,0.0
2024-03-19 00:00:00-04:00,39.751237144807405,40.034498406231286,39.61389765681335,39.79415512084961,3572800,0.0,0.0
2024-03-20 00:00:00-04:00,39.759821919650726,39.81132545878507,39.54522875157211,39.78557205200195,2877800,0.0,0.0
2024-03-21 00:00:00-04:00,39.7855658635409,40.00015899824054,39.68256207572586,39.699729919433594,2991800,0.0,0.0
2024-03-22 00:00:00-04:00,39.8284854692132,39.862817880782906,39.18470609163603,39.36496353149414,2963400,0.0,0.0
2024-03-25 00:00:00-04:00,39.25337957075095,39.51089070219973,39.09887223699535,39.442222595214844,1917000,0.0,0.0
2024-03-26 00:00:00-04:00,39.55380931629232,39.73406676884802,39.459387810354166,39.485137939453125,4959500,0.0,0.0
2024-03-27 00:00:00-04:00,39.59672877043129,40.000161663938925,39.57956092557945,39.91432571411133,2268300,0.0,0.0
2024-03-28 00:00:00-04:00,39.95724126173437,40.214752370005684,39.15037224930253,39.510887145996094,3545200,0.0,0.0
2024-04-01 00:00:00-04:00,39.51088818813521,39.528056032396975,38.97869811374659,39.390716552734375,2342700,0.0,0.0
2024-04-02 00:00:00-04:00,38.970118668009604,38.970118668009604,37.734059986561384,38.38642501831055,5188000,0.0,0.0
2024-04-03 00:00:00-04:00,38.38641868917852,38.61817965373744,38.163240008744964,38.33491516113281,2719600,0.0,0.0
2024-04-04 00:00:00-04:00,38.47226398503614,38.93578602688766,38.33492448460962,38.57526779174805,2890800,0.0,0.0
2024-04-05 00:00:00-04:00,38.45509220038602,38.66110306714633,38.31775271402302,38.412174224853516,3911100,0.0,0.0
2024-04-08 00:00:00-04:00,38.37783587960071,38.51517535646229,38.094574641137456,38.19757843017578,2544300,0.0,0.0
2024-04-09 00:00:00-04:00,38.16324876679293,38.78127814744769,38.00015913553434,38.635353088378906,3290900,0.0,0.0
2024-04-10 00:00:00-04:00,38.240502319164655,38.54951700852064,37.94007319030851,38.47226333618164,3261100,0.0,0.0
2024-04-11 00:00:00-04:00,38.45509378226587,38.7898585893945,38.24908618146292,38.48942947387695,4037700,0.0,0.0
2024-04-12 00:00:00-04:00,38.50659984502582,38.73836086695234,37.87140260629031,37.965824127197266,3160900,0.0,0.0
2024-04-15 00:00:00-04:00,38.03448610027746,38.6267619378628,37.982982572231755,38.33491516113281,3743900,0.0,0.0
2024-04-16 00:00:00-04:00,38.18900035766375,38.32633984967381,37.79414645300703,38.23191833496094,2943800,0.0,0.0
2024-04-17 00:00:00-04:00,38.2490849815661,38.58384977819295,37.9658204463085,38.128910064697266,2064500,0.0,0.0
2024-04-18 00:00:00-04:00,38.13749154273868,38.25766317231402,37.905730568087094,38.060237884521484,1457700,0.0,0.0
2024-04-19 00:00:00-04:00,38.103153174929695,38.57525737551456,38.04306736436968,38.45508575439453,2397300,0.0,0.0
2024-04-22 00:00:00-04:00,38.4035932651073,38.70402237863645,38.36925757372346,38.67827224731445,2645500,0.0,0.0
2024-04-23 00:00:00-04:00,39.013031790234514,39.37354667784403,38.90144244550386,39.02161407470703,2450700,0.0,0.0
2024-04-24 00:00:00-04:00,39.05595556016752,39.22763074498868,38.652519367002554,38.87569808959961,2443800,0.0,0.0
2024-04-25 00:00:00-04:00,38.63534768643855,38.704019063323955,38.420754545318864,38.5580940246582,2317900,0.0,0.0
2024-04-26 00:00:00-04:00,38.626766307916306,38.626766307916306,38.2662513941029,38.27483367919922,2312900,0.0,0.0
2024-04-29 00:00:00-04:00,38.34350454956988,38.56668327135415,38.30058657212884,38.3950080871582,1740000,0.0,0.0
2024-04-30 00:00:00-04:00,38.34350598298424,38.8499459943573,38.197584199343275,38.824195861816406,2775800,0.0,0.0
2024-05-01 00:00:00-04:00,38.712599479393,39.339214302712755,38.609595693468805,39.27912521362305,3066500,0.0,0.0
2024-05-02 00:00:00-04:00,39.36496996407648,39.390720095569364,38.137496821628275,38.74694061279297,6322500,0.0,0.0
2024-05-03 00:00:00-04:00,38.98728742346837,39.54523100199676,38.98728742346837,39.450809478759766,3005000,0.0,0.0
2024-05-06 00:00:00-04:00,39.36496353149414,39.63964247063923,39.24479190492207,39.36496353149414,2706600,0.0,0.0
2024-05-07 00:00:00-04:00,39.45938622098459,39.71689732489646,39.390714846911386,39.40788269042969,2570600,0.0,0.0
2024-05-08 00:00:00-04:00,39.33921723410066,39.84565391697846,39.33921723410066,39.62247848510742,2401600,0.0,0.0
2024-05-09 00:00:00-04:00,39.72548557446002,40.12892177164015,39.58814608012259,39.68256759643555,2059400,0.0,0.0
2024-05-10 00:00:00-04:00,39.71690053239561,39.87999014734344,39.5023073827335,39.81990432739258,1959900,0.0,0.0
2024-05-13 00:00:00-04:00,39.90574355191639,40.12891898681508,39.67398255734951,39.81990432739258,1882600,0.0,0.0
2024-05-14 00:00:00-04:00,40.0001606185667,40.12891781437473,39.811320878994835,40.03449630737305,2906800,0.0,0.0
2024-05-15 00:00:00-04:00,40.292009029636496,40.515187741336796,40.23192320904756,40.3692626953125,2709200,0.0,0.0
2024-05-16 00:00:00-04:00,40.403596654856194,40.4121822142478,40.00874605806131,40.1289176940918,2274300,0.0,0.0
2024-05-17 00:00:00-04:00,40.25767567574846,40.2920080906909,39.98299670961957,40.13750076293945,1473200,0.0,0.0
2024-05-21 00:00:00-04:00,40.08599914815519,40.154667250150226,39.656812868784,39.673980712890625,2368700,0.0,0.0
2024-05-22 00:00:00-04:00,39.61389546126643,40.24908933012229,39.425052447829096,40.1289176940918,2584800,0.0,0.0
2024-05-23 00:00:00-04:00,40.07741280713057,40.16325202598929,39.64822653613115,39.86281967163086,3236800,0.0,0.0
2024-05-24 00:00:00-04:00,39.86282080942258,39.86282080942258,39.34779857929572,39.390716552734375,3538900,0.0,0.0
2024-05-27 00:00:00-04:00,39.42505803323138,39.65681905316615,39.3821400534876,39.50231170654297,678600,0.0,0.0
2024-05-28 00:00:00-04:00,39.40789085073389,39.60531618042879,39.09887615227857,39.34780502319336,3563500,0.0,0.0
2024-05-29 00:00:00-04:00,39.22762440088723,39.236206685246,38.9443599005786,39.08169937133789,2562500,0.0,0.0
2024-05-30 00:00:00-04:00,39.10745558761256,39.65681351018383,39.098870028204665,39.519474029541016,1876900,0.0,0.0
2024-05-31 00:00:00-04:00,39.60531548514502,40.19759473826408,39.60531548514502,40.017333984375,4752200,0.0,0.0
2024-06-03 00:00:00-04:00,40.06883043716352,40.30059141594161,39.88857298959102,40.214752197265625,2829500,0.0,0.0
2024-06-04 00:00:00-04:00,40.27484198115108,40.549524233545576,39.965830586766714,40.43793487548828,2269400,0.0,0.0
2024-06-05 00:00:00-04:00,40.515187493510666,40.669694823917574,40.24050852266096,40.55810546875,2262300,0.0,0.0
2024-06-06 00:00:00-04:00,40.56668616684689,40.8585329712601,40.4121821169166,40.48085021972656,1975000,0.0,0.0
2024-06-07 00:00:00-04:00,40.463686715956946,40.54952594671674,40.34351506732507,40.42076873779297,1696800,0.0,0.0
2024-06-10 00:00:00-04:00,40.446514749754634,40.47226815357514,39.9744104891777,40.03449630737305,4573600,0.0,0.0
2024-06-11 00:00:00-04:00,39.922915065885604,40.25768318810478,39.70832187890089,40.231929779052734,3468900,0.0,0.0
2024-06-12 00:00:00-04:00,40.34351466996382,40.69544732653304,40.266261000256826,40.38643264770508,5633600,0.0,0.0
2024-06-13 00:00:00-04:00,40.38643184695684,40.403599692599315,39.837073884124585,40.06024932861328,2795700,0.0,0.0
2024-06-14 00:00:00-04:00,39.90938135202394,40.032178913134494,39.22522159956082,39.628700256347656,6248500,0.998,0.0
2024-06-17 00:00:00-04:00,39.54099420358454,39.619932635934504,39.21645392266929,39.31293869018555,4258100,0.0,0.0
2024-06-18 00:00:00-04:00,39.25153435221784,39.418187706924925,38.93576728352435,39.093650817871094,4455900,0.0,0.0
2024-06-19 00:00:00-04:00,39.11996911294963,39.19014106960687,38.8831471241891,38.95331573486328,1085600,0.0,0.0
2024-06-20 00:00:00-04:00,38.88313744534737,39.38310080113794,38.77787953656246,39.34801483154297,3426300,0.0,0.0
2024-06-21 00:00:00-04:00,39.36556533349093,39.61993029667182,39.05856805988482,39.16382598876953,7775300,0.0,0.0
2024-06-24 00:00:00-04:00,39.09365179127085,39.891839303239124,39.04979599641202,39.830440521240234,2738000,0.0,0.0
2024-06-25 00:00:00-04:00,39.72518822555652,39.73395804663882,39.04979823880252,39.16382598876953,2191200,0.0,0.0
2024-06-26 00:00:00-04:00,39.12874221801758,39.22522698527562,38.81297510553055,39.12874221801758,2807800,0.0,0.0
2024-06-27 00:00:00-04:00,39.07610786921728,39.13750664974718,38.82173958074622,38.9182243347168,2031500,0.0,0.0
2024-06-28 00:00:00-04:00,38.979624986118566,39.15505151575918,38.77788564812582,38.8656005859375,4106200,0.0,0.0
2024-07-02 00:00:00-04:00,38.69894596269931,38.725262118452456,37.348169307429096,37.57622146606445,5878600,0.0,0.0
2024-07-03 00:00:00-04:00,37.6288502635624,37.918301207691044,37.514822511762425,37.56745147705078,3156900,0.0,0.0
2024-07-04 00:00:00-04:00,37.57621697886206,37.944609655584784,37.52358801962344,37.74287033081055,1110400,0.0,0.0
2024-07-05 00:00:00-04:00,37.760415733913106,37.85690049236772,37.53236358791535,37.795501708984375,2266300,0.0,0.0
2024-07-08 00:00:00-04:00,37.78673264314707,38.006014972749405,37.73410367948869,37.98847198486328,1841000,0.0,0.0
2024-07-09 00:00:00-04:00,37.81304146827555,37.92706920453082,37.54990336967164,37.72532653808594,2473100,0.0,0.0
2024-07-10 00:00:00-04:00,37.848126187232914,37.99723654464465,37.6200707222731,37.96215057373047,3510600,0.0,0.0
2024-07-11 00:00:00-04:00,37.97969762372867,38.83051410654792,37.962154636394146,38.58491897583008,3431500,0.0,0.0
2024-07-12 00:00:00-04:00,38.637543658999775,38.970853718342894,38.46211713587273,38.83928298950195,2234400,0.0,0.0
2024-07-15 00:00:00-04:00,38.86560002927547,39.33924730274364,38.69017350214744,39.21644973754883,3573100,0.0,0.0
2024-07-16 00:00:00-04:00,39.44450573103275,39.55853013103883,39.28662218919675,39.49713134765625,2010800,0.0,0.0
2024-07-17 00:00:00-04:00,39.41819039835007,40.067267566758495,39.216451056461956,40.04972457885742,2356800,0.0,0.0
2024-07-18 00:00:00-04:00,39.953238591070836,40.4005764038494,39.953238591070836,40.111122131347656,2750000,0.0,0.0
2024-07-19 00:00:00-04:00,40.111121749991455,40.19006351937933,39.67255710805499,40.0146369934082,1717200,0.0,0.0
2024-07-22 00:00:00-04:00,40.12866602092995,40.16375199644313,39.57607361753704,39.77781295776367,2182900,0.0,0.0
2024-07-23 00:00:00-04:00,39.830449393820544,39.935703994124644,39.60239720216442,39.76905059814453,1899500,0.0,0.0
2024-07-24 00:00:00-04:00,39.7690402266586,40.26900363019542,39.71641126724011,40.15497589111328,1888300,0.0,0.0
2024-07-25 00:00:00-04:00,40.084810504959954,40.611086757408366,40.00586873249441,40.22515106201172,2461300,0.0,0.0
2024-07-26 00:00:00-04:00,40.1286658288936,40.56723048276129,40.04095423651317,40.47951889038086,2403900,0.0,0.0
2024-07-29 00:00:00-04:00,40.523380080654206,40.576005704694374,40.20761295248034,40.435665130615234,3885000,0.0,0.0
2024-07-30 00:00:00-04:00,40.47951955312136,40.91808421416933,40.3040930195056,40.76897048950195,2133100,0.0,0.0
2024-07-31 00:00:00-04:00,40.77773942145037,41.075963493829875,40.61108272613147,40.84790802001953,2693000,0.0,0.0
2024-08-01 00:00:00-04:00,41.04965461410646,41.488219307304135,40.62863291015465,41.28647994995117,3794000,0.0,0.0
2024-08-02 00:00:00-04:00,41.102284151055706,41.8566159691595,40.70757525251499,41.75135803222656,5024800,0.0,0.0
2024-08-06 00:00:00-04:00,41.05842815876117,42.44429086208105,41.05842815876117,42.27763748168945,5355400,0.0,0.0
2024-08-07 00:00:00-04:00,42.40920234892996,42.4881441235523,41.918012058820224,42.040809631347656,2946600,0.0,0.0
2024-08-08 00:00:00-04:00,42.10220658965125,42.356574890832924,42.03203463926344,42.17237854003906,2167100,0.0,0.0
2024-08-09 00:00:00-04:00,42.233771246617785,42.32148282599897,41.95309017741928,42.12851333618164,1299300,0.0,0.0
2024-08-12 00:00:00-04:00,42.22500642223907,42.260092399315354,41.88292651070264,41.96186828613281,1674800,0.0,0.0
2024-08-13 00:00:00-04:00,41.95309623340115,42.0408078254436,41.27770626752938,41.4619026184082,3101100,0.0,0.0
2024-08-14 00:00:00-04:00,41.444357080662506,41.54084183356199,41.005792455470306,41.225074768066406,3704300,0.0,0.0
2024-08-15 00:00:00-04:00,41.22507532043822,41.400501842062134,40.961937210993646,41.33032989501953,2771900,0.0,0.0
2024-08-16 00:00:00-04:00,41.33033521066733,41.39173399923503,41.014568100328816,41.18122482299805,2004600,0.0,0.0
2024-08-19 00:00:00-04:00,41.225080249942486,41.34787782596801,41.05842687476255,41.084739685058594,3693600,0.0,0.0
2024-08-20 00:00:00-04:00,41.04965301500779,41.312791151479175,40.85668683278634,41.25139236450195,1893200,0.0,0.0
2024-08-21 00:00:00-04:00,41.2250765473138,41.391729907525765,41.14613477753283,41.2689323425293,1596100,0.0,0.0
2024-08-22 00:00:00-04:00,41.268935353064435,41.391732927018886,41.146137779109985,41.25139236450195,1936600,0.0,0.0
2024-08-23 00:00:00-04:00,41.251389479313076,41.69872729141156,41.23384649197758,41.453128814697266,2055200,0.0,0.0
2024-08-26 00:00:00-04:00,41.488212165637975,41.71626764059445,41.488212165637975,41.56715393066406,2286200,0.0,0.0
2024-08-27 00:00:00-04:00,41.43558574865698,41.59346592966213,41.31278484745808,41.54961013793945,1489700,0.0,0.0
2024-08-28 00:00:00-04:00,41.47067002027932,41.646096540114556,41.23384472039914,41.409271240234375,3937800,0.0,0.0
2024-08-29 00:00:00-04:00,41.44435567892571,41.55838341449414,41.22507337374621,41.27770233154297,1626100,0.0,0.0
2024-08-30 00:00:00-04:00,41.38295843335299,41.54084196660644,41.10227734000964,41.409271240234375,3038900,0.0,0.0
2024-09-03 00:00:00-04:00,41.35664743847267,41.98817825317383,41.295248655737595,41.98817825317383,3721300,0.0,0.0
2024-09-04 00:00:00-04:00,41.882923709752205,42.59339964111016,41.882923709752205,42.52322769165039,3116300,0.0,0.0
2024-09-05 00:00:00-04:00,42.62848265035924,42.821452167113335,42.5144582504434,42.619712829589844,2233300,0.0,0.0
2024-09-06 00:00:00-04:00,42.68988186082582,42.821452595562356,42.409200749638465,42.540771484375,2155200,0.0,0.0
2024-09-09 00:00:00-04:00,42.628477172548784,42.93547439575195,42.60216436763909,42.93547439575195,2084100,0.0,0.0
2024-09-10 00:00:00-04:00,42.97932970930465,43.00564251392255,41.97062981650969,42.12851333618164,4249700,0.0,0.0
2024-09-11 00:00:00-04:00,42.09344026726415,42.128522899391044,41.50576184486347,41.90047073364258,3065900,0.0,0.0
2024-09-12 00:00:00-04:00,41.90047127089936,42.21623838597148,41.85661547069113,42.0057258605957,4149100,0.0,0.0
2024-09-13 00:00:00-04:00,42.146059547832884,42.435513804718646,42.0320318091219,42.19868850708008,4816000,0.0,0.0
2024-09-16 00:00:00-04:00,42.23273002440771,42.26855582942255,41.659472724955606,41.83861541748047,4171900,0.998,0.0
2024-09-17 00:00:00-04:00,41.892360779715226,42.1789877314742,41.70426248328516,42.0535888671875,5375900,0.0,0.0
2024-09-18 00:00:00-04:00,42.99408069374027,44.00623396679359,42.90451105904,43.4598503112793,10397000,0.0,0.0
2024-09-19 00:00:00-04:00,43.45088807871659,43.62107515564669,42.63579216262374,42.752235412597656,4360300,0.0,0.0
2024-09-20 00:00:00-04:00,42.75224466999163,42.85972893031591,42.27751938810165,42.5999755859375,4401100,0.0,0.0
2024-09-23 00:00:00-04:00,42.599970879889405,42.73432533623676,42.21481528800755,42.45665740966797,1819200,0.0,0.0
2024-09-24 00:00:00-04:00,42.42978671629941,42.438745730792455,42.12524514393085,42.31334686279297,2586700,0.0,0.0
2024-09-25 00:00:00-04:00,42.313345058466176,42.37604448979229,41.9908888877246,42.143157958984375,1729700,0.0,0.0
2024-09-26 00:00:00-04:00,42.00880181888141,42.37604279490149,41.99088720823865,42.017757415771484,1591400,0.0,0.0
2024-09-27 00:00:00-04:00,42.0088040493262,42.60892816184036,41.97297482613833,42.58205795288086,2615900,0.0,0.0
2024-09-30 00:00:00-04:00,42.56414225932092,42.63579728701241,42.01775857861465,42.11628723144531,2148200,0.0,0.0
2024-10-01 00:00:00-04:00,42.10732519488374,42.241683060346986,41.972970746282954,42.09836959838867,2030200,0.0,0.0
2024-10-02 00:00:00-04:00,41.9729713456797,42.09837019957619,41.39075847617461,41.64155960083008,2960800,0.0,0.0
2024-10-03 00:00:00-04:00,41.29223057781848,41.435544044422286,41.01456265825879,41.095176696777344,2891000,0.0,0.0
2024-10-04 00:00:00-04:00,41.06830401228673,41.24744670385569,40.84437650204119,40.98768997192383,1986300,0.0,0.0
2024-10-07 00:00:00-04:00,41.08621837517533,41.11309199970921,40.79959143713984,40.91603469848633,2122200,0.0,0.0
2024-10-08 00:00:00-04:00,40.99664306640625,41.08621269082675,40.647316747559316,40.99664306640625,2030900,0.0,0.0
2024-10-09 00:00:00-04:00,41.01456334909777,41.21161723345803,40.87124988008002,40.91603469848633,1835900,0.0,0.0
2024-10-10 00:00:00-04:00,40.78167572453827,40.90707457943286,40.30695051190517,40.45026397705078,2948800,0.0,0.0
2024-10-11 00:00:00-04:00,40.43235063038156,40.96977870412005,40.3965214087598,40.71002197265625,2976100,0.0,0.0
2024-10-15 00:00:00-04:00,40.351732620209155,41.65051273288668,40.244248382781215,41.28327178955078,2998000,0.0,0.0
2024-10-16 00:00:00-04:00,41.247446655329334,41.7580011047395,41.184747225883356,41.23849105834961,2891200,0.0,0.0
2024-10-17 00:00:00-04:00,41.11308772483854,41.48928426057035,41.09517311596623,41.41762924194336,1867600,0.0,0.0
2024-10-18 00:00:00-04:00,41.42659140046503,41.73113296581323,41.34597735620042,41.4803352355957,2462100,0.0,0.0
2024-10-21 00:00:00-04:00,41.48033459319207,41.525119413342644,41.1578784211275,41.40867614746094,4486900,0.0,0.0
2024-10-22 00:00:00-04:00,41.21162255612896,41.372850656705104,41.050397872415886,41.24745178222656,1771000,0.0,0.0
2024-10-23 00:00:00-04:00,41.27432214290029,41.29223333766815,40.79959347684489,41.15787887573242,1998600,0.0,0.0
2024-10-24 00:00:00-04:00,41.04143338477783,41.26536089273357,40.844376084380755,41.122047424316406,5187000,0.0,0.0
2024-10-25 00:00:00-04:00,41.02351777509133,41.193704863785264,40.78167566236509,40.8175048828125,2407000,0.0,0.0
2024-10-28 00:00:00-04:00,40.75480535042605,41.095176110074185,40.611491885868276,40.65627670288086,2044700,0.0,0.0
2024-10-29 00:00:00-04:00,40.53088024813086,40.647323512747604,40.15468366271745,40.4860954284668,3506300,0.0,0.0
2024-10-30 00:00:00-04:00,40.39652217986505,40.52192445793494,39.975540776792734,40.163639068603516,2541300,0.0,0.0
2024-10-31 00:00:00-04:00,40.02032532397087,40.414436516064,39.93075568567874,40.20842361450195,2324700,0.0,0.0
2024-11-01 00:00:00-04:00,40.26216720064938,40.44130989299756,39.80535316431839,40.13676834106445,2371400,0.0,0.0
2024-11-04 00:00:00-05:00,38.157245728354134,38.36326204110571,35.882144859875055,36.249385833740234,16839600,0.0,0.0
2024-11-05 00:00:00-05:00,36.20460328262367,36.65245836578446,35.550735271232504,35.75674819946289,9070100,0.0,0.0
2024-11-06 00:00:00-05:00,35.82840109626359,35.90901513540469,35.31784665399084,35.882144927978516,6809900,0.0,0.0
2024-11-07 00:00:00-05:00,35.38054707110296,35.398461682175146,33.866798312561784,34.87894821166992,9778300,0.0,0.0
2024-11-08 00:00:00-05:00,34.99538968114028,35.65821658937991,34.986434084494654,35.37158966064453,6254600,0.0,0.0
2024-11-11 00:00:00-05:00,35.35367769735381,35.67613387053842,34.655021516499566,34.74459457397461,3986200,0.0,0.0
2024-11-12 00:00:00-05:00,34.66398254754999,34.690852757924524,33.8847156949219,34.57440948486328,5203400,0.0,0.0
2024-11-13 00:00:00-05:00,34.601283784625124,34.690853432189776,34.02802983974003,34.11759948730469,5116500,0.0,0.0
2024-11-14 00:00:00-05:00,34.20716298030795,34.413175866131205,33.73243778327448,33.80409622192383,5641800,0.0,0.0
2024-11-15 00:00:00-05:00,33.678692899051995,33.96531981094383,33.43685421834388,33.86679458618164,3710900,0.0,0.0
2024-11-18 00:00:00-05:00,33.79513468534147,34.5833603673192,33.777220077016736,34.18029022216797,4878600,0.0,0.0
2024-11-19 00:00:00-05:00,34.03698516088741,34.36839695441651,33.87575706309206,34.162384033203125,4500400,0.0,0.0
2024-11-20 00:00:00-05:00,34.162378164583316,34.260906809294966,33.70556757721218,33.80409622192383,4289400,0.0,0.0
2024-11-21 00:00:00-05:00,33.67869639981982,33.72348463565911,33.0964869193984,33.383113861083984,5796900,0.0,0.0
2024-11-22 00:00:00-05:00,33.365194637240826,33.71452096057036,33.365194637240826,33.51746368408203,3078400,0.0,0.0
2024-11-25 00:00:00-05:00,33.660781706813275,33.929494009604085,33.53537944310607,33.86679458618164,4725200,0.0,0.0
2024-11-26 00:00:00-05:00,33.85784051564405,34.0728124393749,33.374156249896735,33.55329895019531,4318300,0.0,0.0
2024-11-27 00:00:00-05:00,33.47268454400776,34.33256881277156,33.47268454400776,33.96532440185547,3660800,0.0,0.0
2024-11-28 00:00:00-05:00,34.0369842839091,34.144468540715614,33.938455624810246,34.01906967163086,1441500,0.0,0.0
2024-11-29 00:00:00-05:00,34.00115099704723,34.08176503423644,33.83096732603112,33.947410583496094,2520300,0.0,0.0
2024-12-02 00:00:00-05:00,33.85783999933985,34.16238156014458,33.61599787015409,34.05489730834961,4892900,0.0,0.0
2024-12-03 00:00:00-05:00,34.12655733260563,34.565456835045985,34.08177250587415,34.43109893798828,3784800,0.0,0.0
2024-12-04 00:00:00-05:00,34.449000928515815,34.52961495383748,33.678689890300376,33.848876953125,5140300,0.0,0.0
2024-12-05 00:00:00-05:00,33.79514047418579,34.15342586832776,33.79514047418579,33.89366912841797,3330300,0.0,0.0
2024-12-06 00:00:00-05:00,33.97427880940205,34.12654786140224,33.69660749374827,33.98323440551758,3384400,0.0,0.0
2024-12-09 00:00:00-05:00,33.85784115045929,34.484838904828756,33.83992653840727,34.15342712402344,5114500,0.0,0.0
2024-12-10 00:00:00-05:00,34.19821021770505,34.19821021770505,33.18605689751775,33.615997314453125,5634000,0.0,0.0
2024-12-11 00:00:00-05:00,33.5264251436006,33.54433975339446,32.93525668785281,32.98004150390625,6103200,0.0,0.0
2024-12-12 00:00:00-05:00,32.96213046350459,33.006915284407675,32.48740521157882,32.908390045166016,6534500,0.0,0.0
2024-12-13 00:00:00-05:00,32.95317322819024,32.962128825180606,32.17390303238497,32.532188415527344,5436400,0.0,0.0
2024-12-16 00:00:00-05:00,31.95931585191385,32.30930357217149,31.26855255618115,31.360652923583984,9216100,0.998,0.0
2024-12-17 00:00:00-05:00,30.85409124859475,31.388283171571267,30.798828924816778,31.121187210083008,10729900,0.0,0.0
2024-12-18 00:00:00-05:00,30.946195795185528,31.18566238388647,30.41200731333663,31.139612197875977,6224900,0.0,0.0
2024-12-19 00:00:00-05:00,30.90014383240174,31.314602509472575,30.59620981148565,30.660680770874023,4021300,0.0,0.0
2024-12-20 00:00:00-05:00,30.62384077558484,30.96461636587583,30.3475361479596,30.651470184326172,8807600,0.0,0.0
2024-12-23 00:00:00-05:00,30.439636288749103,30.743573836216935,29.87781489257203,30.237014770507812,5459600,0.0,0.0
2024-12-24 00:00:00-05:00,30.329114913940426,30.439636060644187,30.034389513794466,30.32911491394043,2525800,0.0,0.0
2024-12-27 00:00:00-05:00,30.08043856598594,30.31990162705998,29.8962343194808,30.071229934692383,3854000,0.0,0.0
2024-12-30 00:00:00-05:00,29.960707661688268,30.034390771512257,29.463358967290507,29.813344955444336,4850600,0.0,0.0
2024-12-31 00:00:00-05:00,29.969917914765848,30.844885464956494,29.887026178149814,30.688310623168945,3176200,0.0,0.0
2025-01-02 00:00:00-05:00,30.88172144821428,31.388283979034888,30.651467029988037,30.872512817382812,2667700,0.0,0.0
2025-01-03 00:00:00-05:00,31.001455461379805,31.701427363416116,30.955405279328048,31.68301010131836,3670000,0.0,0.0
2025-01-06 00:00:00-05:00,31.7751107840559,31.91326484500024,31.406702297140143,31.60932731628418,2772800,0.0,0.0
2025-01-07 00:00:00-05:00,31.821162039738123,31.904053776419506,31.55406605338657,31.563278198242188,2614300,0.0,0.0
2025-01-08 00:00:00-05:00,31.563277051117634,31.572485682234742,30.973826284318957,31.30539321899414,2310500,0.0,0.0
2025-01-09 00:00:00-05:00,31.240920729821955,31.461966538098853,30.76199458646255,31.02908706665039,2369500,0.0,0.0
2025-01-10 00:00:00-05:00,30.85409577495175,30.86330440689725,30.34753669625275,30.485687255859375,3288300,0.0,0.0
2025-01-13 00:00:00-05:00,30.531738582785028,30.82646396979042,30.237013195779635,30.743572235107422,4385200,0.0,0.0
2025-01-14 00:00:00-05:00,29.933078649189643,30.006761759990848,28.94758987935019,29.83176612854004,6864100,0.0,0.0
2025-01-15 00:00:00-05:00,29.933077650540447,30.218594425263344,29.92386901869957,29.969919204711914,3518600,0.0,0.0
2025-01-16 00:00:00-05:00,30.02517574748277,30.3751634587843,29.794921321464024,30.2462215423584,3715000,0.0,0.0
2025-01-17 00:00:00-05:00,30.467271563398075,30.863305998753468,30.430430006907834,30.854097366333008,5438200,0.0,0.0
2025-01-20 00:00:00-05:00,30.854091824599713,31.09355487196769,30.835671049663166,30.96461296081543,1643600,0.0,0.0
2025-01-21 00:00:00-05:00,30.39358359748462,30.992246497948045,30.356742046876853,30.890933990478516,5061700,0.0,0.0
2025-01-22 00:00:00-05:00,30.826465087013677,30.89093604816995,30.448847951639554,30.70673179626465,3334000,0.0,0.0
2025-01-23 00:00:00-05:00,30.761993010970727,31.130397988025592,30.66068050042442,30.743572235107422,2686900,0.0,0.0
2025-01-24 00:00:00-05:00,30.75277835101805,31.16723699053382,30.550153346498462,31.102766036987305,5257000,0.0,0.0
2025-01-27 00:00:00-05:00,31.213290062806756,32.05141604999872,31.213290062806756,31.830373764038086,3596500,0.0,0.0
2025-01-28 00:00:00-05:00,32.20799189352002,32.35535459322055,31.655379134590106,31.69222068786621,3729500,0.0,0.0
2025-01-29 00:00:00-05:00,31.618543160702448,31.922477211579917,31.45275967353142,31.508018493652344,1919000,0.0,0.0
2025-01-30 00:00:00-05:00,31.581701281141132,32.10668114733089,31.342234685059154,31.876426696777344,2790600,0.0,0.0
2025-01-31 00:00:00-05:00,31.85800591912457,32.2079936677191,31.692222433653686,31.876426696777344,3340000,0.0,0.0
2025-02-03 00:00:00-05:00,30.817254131724763,32.30930546769381,30.817254131724763,32.22641372680664,4703000,0.0,0.0
2025-02-04 00:00:00-05:00,32.23562077122886,32.640867310384635,32.051416521283926,32.15272903442383,3076000,0.0,0.0
2025-02-05 00:00:00-05:00,32.23561970763907,33.064537048339844,32.04220683261013,33.064537048339844,8197200,0.0,0.0
2025-02-06 00:00:00-05:00,33.018481600502234,33.04611451932866,30.623837097488604,31.03829574584961,9680000,0.0,0.0
2025-02-07 00:00:00-05:00,30.761995693329155,30.854096067272824,28.975218926227893,29.122583389282227,9499700,0.0,0.0
2025-02-10 00:00:00-05:00,29.334416092716943,29.997548249434253,29.334416092716943,29.66598129272461,4911700,0.0,0.0
2025-02-11 00:00:00-05:00,29.537038454735335,30.190960202800717,29.38967575779942,30.108068466186523,3671900,0.0,0.0
2025-02-12 00:00:00-05:00,30.071228821245544,30.697521128131044,29.979124944701415,30.605417251586914,2226600,0.0,0.0
2025-02-13 00:00:00-05:00,30.70672935518763,31.19486759753811,30.633046254921506,30.872512817382812,2452800,0.0,0.0
2025-02-14 00:00:00-05:00,30.863305208397733,31.176451403737254,30.697525235245386,31.111980438232422,4411600,0.0,0.0
2025-02-18 00:00:00-05:00,30.890936152148104,31.065928259675026,30.46726883072257,30.51331901550293,4084200,0.0,0.0
2025-02-19 00:00:00-05:00,30.577786026683864,30.96461174495146,30.264639891865766,30.697519302368164,2522800,0.0,0.0
2025-02-20 00:00:00-05:00,30.586997839507944,30.81725227102499,30.467268064769815,30.771202087402344,2661000,0.0,0.0
2025-02-21 00:00:00-05:00,30.752782188039678,31.590908202120705,30.679102594823583,31.40670394897461,3873300,0.0,0.0
2025-02-24 00:00:00-05:00,31.360652114626603,31.931682107282683,31.360652114626603,31.60932731628418,2332100,0.0,0.0
2025-02-25 00:00:00-05:00,31.554065259114484,31.86721142165017,31.434335486235945,31.52643585205078,4881800,0.0,0.0
2025-02-26 00:00:00-05:00,31.489593782797574,31.526435333879476,30.63304704386364,30.90935516357422,3391800,0.0,0.0
2025-02-27 00:00:00-05:00,30.94619695167596,31.240922369242085,30.7804134651195,31.111980438232422,1888000,0.0,0.0
2025-02-28 00:00:00-05:00,31.23171293428807,31.30539604348773,30.633049968954893,30.780412673950195,2577400,0.0,0.0
2025-03-03 00:00:00-05:00,30.789617502334465,31.314597233709698,30.761988099652566,31.26854705810547,3428100,0.0,0.0
2025-03-04 00:00:00-05:00,30.955404634735945,31.710638847550143,30.94619249047521,31.461963653564453,2848400,0.0,0.0
2025-03-05 00:00:00-05:00,31.42512152442949,31.96852208348344,31.277758839604868,31.33302116394043,2273800,0.0,0.0
2025-03-06 00:00:00-05:00,31.452755361857136,32.355352271943154,31.286971897412393,32.2540397644043,4004700,0.0,0.0
2025-03-07 00:00:00-05:00,32.35535904466583,33.313214967799,32.31851748632107,32.797447204589844,5250300,0.0,0.0
2025-03-10 00:00:00-04:00,32.9263832397202,33.700038259175656,32.9263832397202,33.4789924621582,5350200,0.0,0.0
2025-03-11 00:00:00-04:00,33.414518829414234,33.543460736771294,32.65928464626279,32.954010009765625,5689700,0.0,0.0
2025-03-12 00:00:00-04:00,32.70534073172462,32.742182287166465,32.244831828913824,32.272464752197266,5012100,0.0,0.0
2025-03-13 00:00:00-04:00,32.30930456786482,32.78823070920347,32.20799205255721,32.38298416137695,4350100,0.0,0.0
2025-03-14 00:00:00-04:00,32.153580571711146,32.19149839982967,31.82180861578187,31.945039749145508,4832100,0.998,0.0
2025-03-17 00:00:00-04:00,31.698581929738452,32.38108846745525,31.66066771234367,32.08723068237305,3377900,0.0,0.0
2025-03-18 00:00:00-04:00,32.10619042654601,32.55171594082048,31.95452270492717,32.23889923095703,3081100,0.0,0.0
2025-03-19 00:00:00-04:00,32.058790549570965,32.20098060112806,31.698578404058026,31.7744140625,2985800,0.0,0.0
2025-03-20 00:00:00-04:00,31.74598049447772,31.755458144655766,31.016078485287274,31.272018432617188,3469900,0.0,0.0
2025-03-21 00:00:00-04:00,31.281495672889413,31.480558868411904,30.769615784937145,30.87388801574707,7142800,0.0,0.0
2025-03-24 00:00:00-04:00,30.712742855218536,31.063473766221914,30.551593874891445,30.58003044128418,3140400,0.0,0.0
2025-03-25 00:00:00-04:00,30.589511518286063,30.76013814767444,30.42836253895548,30.523157119750977,2304900,0.0,0.0
2025-03-26 00:00:00-04:00,30.523155923706167,30.655864715576172,30.352529301003766,30.655864715576172,2698700,0.0,0.0
2025-03-27 00:00:00-04:00,30.76013735971894,31.480558075092738,30.76013735971894,31.404726028442383,3335500,0.0,0.0
2025-03-28 00:00:00-04:00,31.471078922416165,31.518474401314755,31.1487846034452,31.158262252807617,2138200,0.0,0.0
2025-03-31 00:00:00-04:00,31.053990869167826,31.812333016220503,31.053990869167826,31.3099308013916,3053400,0.0,0.0
2025-04-01 00:00:00-04:00,31.480559263081453,31.480559263081453,30.760138520520982,30.93076515197754,2936200,0.0,0.0
2025-04-02 00:00:00-04:00,30.968679631877826,30.968679631877826,29.36668915185958,29.613149642944336,5719300,0.0,0.0
2025-04-03 00:00:00-04:00,29.480440620929674,30.333571971009974,29.110748983078178,30.25773811340332,4851700,0.0,0.0
2025-04-04 00:00:00-04:00,30.47576070132855,31.167744847685928,30.134507453033205,30.693782806396484,7470500,0.0,0.0
2025-04-07 00:00:00-04:00,29.745855949564564,30.371487487124277,29.215018986809586,29.850128173828125,6082100,0.0,0.0
2025-04-08 00:00:00-04:00,30.143986592570688,30.143986592570688,27.8594895852933,28.219701766967773,8005700,0.0,0.0
2025-04-09 00:00:00-04:00,27.70782280365304,28.608351480187114,27.2338607229555,28.049076080322266,6178600,0.0,0.0
2025-04-10 00:00:00-04:00,28.05855409171998,28.06803354980763,27.3002137169038,27.793134689331055,5047800,0.0,0.0
2025-04-11 00:00:00-04:00,27.669905023512328,28.551474727014977,27.565632793801168,28.06803321838379,4885700,0.0,0.0
2025-04-14 00:00:00-04:00,28.333451122800046,28.523036668366508,28.08699063677235,28.466161727905273,8292700,0.0,0.0
2025-04-15 00:00:00-04:00,28.523036646228785,28.551475020448212,28.068033506848533,28.124908447265625,3921000,0.0,0.0
2025-04-16 00:00:00-04:00,28.229180443269843,28.731579060815662,28.229180443269843,28.42824363708496,3125900,0.0,0.0
2025-04-17 00:00:00-04:00,28.437723688588243,29.015957982156504,28.437723688588243,28.88324737548828,3115500,0.0,0.0
2025-04-21 00:00:00-04:00,28.87376875409874,29.376169204711914,28.778977785473693,29.376169204711914,2744400,0.0,0.0
2025-04-22 00:00:00-04:00,29.32877259897758,29.52783579510495,29.072832654223735,29.167625427246094,2876300,0.0,0.0
2025-04-23 00:00:00-04:00,29.1581463211041,29.33825241121843,28.722100283146517,29.233980178833008,2608200,0.0,0.0
2025-04-24 00:00:00-04:00,29.281375644830117,29.347730044301496,28.81689304050867,28.89272689819336,1931200,0.0,0.0
2025-04-25 00:00:00-04:00,28.760017696313707,28.82637209485544,28.05855407055261,28.466161727905273,2320300,0.0,0.0
2025-04-28 00:00:00-04:00,28.437723799324633,28.741059230567277,28.28605608370331,28.56095314025879,1961400,0.0,0.0
2025-04-29 00:00:00-04:00,28.579911116273713,29.12970701931501,28.579911116273713,28.731578826904297,2240800,0.0,0.0
2025-04-30 00:00:00-04:00,28.722099204182584,29.053872997291446,28.418763784661927,29.04439353942871,2703900,0.0,0.0
2025-05-01 00:00:00-04:00,29.06335316701157,29.091791541296324,28.039595197043283,28.134387969970703,4198900,0.0,0.0
2025-05-02 00:00:00-04:00,28.200741948942984,28.390327491976503,27.613028211956458,28.05855369567871,3407700,0.0,0.0
2025-05-05 00:00:00-04:00,28.08699188461669,28.248139063101075,27.58459324018207,28.001680374145508,2581200,0.0,0.0
2025-05-06 00:00:00-04:00,27.982718455243845,28.62730710003194,27.944800625304946,28.162822723388672,3792200,0.0,0.0
2025-05-07 00:00:00-04:00,28.21022209718644,28.475641502323697,27.59407177928322,27.85000991821289,5708800,0.0,0.0
2025-05-08 00:00:00-04:00,27.745738331440453,29.907004082620016,27.745738331440453,29.347728729248047,8654000,0.0,0.0
2025-05-09 00:00:00-04:00,29.30981422473891,30.485239931094483,29.129708133468245,29.954402923583984,5524100,0.0,0.0
2025-05-12 00:00:00-04:00,30.09658900365146,30.2387772515132,29.64158588728524,29.91648292541504,4017600,0.0,0.0
2025-05-13 00:00:00-04:00,29.992319532703114,29.992319532703114,28.921166038544502,29.034915924072266,4326100,0.0,0.0
2025-05-14 00:00:00-04:00,28.91168574923881,29.00647852313575,28.115429341339343,28.19126319885254,5165200,0.0,0.0
2025-05-15 00:00:00-04:00,28.219702129027606,28.85481137621306,28.2102226706491,28.627309799194336,3212900,0.0,0.0
2025-05-16 00:00:00-04:00,28.513557627539615,28.835851974905843,28.504078169320398,28.541996002197266,3452300,0.0,0.0
2025-05-20 00:00:00-04:00,28.323972236395,29.03491533458588,28.314494586144967,28.579912185668945,3492800,0.0,0.0
2025-05-21 00:00:00-04:00,28.48511949609475,28.57043281277434,27.99220032063931,28.23866081237793,4404500,0.0,0.0
2025-05-22 00:00:00-04:00,28.238662464325042,28.418766758498588,27.897409177643535,28.20074462890625,2594300,0.0,0.0
2025-05-23 00:00:00-04:00,28.039594425240047,28.210221050208474,27.850008884603632,27.992198944091797,2860700,0.0,0.0
2025-05-26 00:00:00-04:00,27.973241196127944,28.181783853115952,27.868968963623047,27.868968963623047,1499700,0.0,0.0
2025-05-27 00:00:00-04:00,28.21970121997528,28.513557188155644,28.020636216482824,28.124908447265625,4095800,0.0,0.0
2025-05-28 00:00:00-04:00,28.124908263493634,28.124908263493634,27.650946211064028,27.745738983154297,3236900,0.0,0.0
2025-05-29 00:00:00-04:00,27.755216899675396,28.267094947698993,27.679383047819247,28.162822723388672,3043700,0.0,0.0
2025-05-30 00:00:00-04:00,28.068034683874703,28.513558383864744,28.068034683874703,28.342931747436523,5134200,0.0,0.0
2025-06-02 00:00:00-04:00,28.48511761114854,29.196060664418685,28.276574966410433,28.93064308166504,3575900,0.0,0.0
2025-06-03 00:00:00-04:00,28.949603665514662,28.96856077393131,28.437723769807665,28.541996002197266,2199500,0.0,0.0
2025-06-04 00:00:00-04:00,28.523036892236934,28.712622439291405,28.352410261492263,28.51355743408203,2254200,0.0,0.0
2025-06-05 00:00:00-04:00,28.53251336264011,28.53251336264011,28.267093986161306,28.314491271972656,1702800,0.0,0.0
2025-06-06 00:00:00-04:00,28.295533938871916,28.380847250078276,28.020635089868822,28.2670955657959,2585200,0.0,0.0
2025-06-09 00:00:00-04:00,28.229181806258143,28.94012491796156,28.210222889354146,28.674705505371094,5014200,0.0,0.0
2025-06-10 00:00:00-04:00,28.78845815194822,29.679505579676363,28.7221019405872,29.186586380004883,6117600,0.0,0.0
2025-06-11 00:00:00-04:00,29.243460781697124,29.290856266624676,28.930645880318465,29.091793060302734,3423500,0.0,0.0
2025-06-12 00:00:00-04:00,29.110747391426937,29.6415861736713,29.10126974176336,29.62262725830078,5539600,0.0,0.0
2025-06-13 00:00:00-04:00,29.584710076572534,29.72690013694901,29.328771945542666,29.395126342773438,6318000,0.0,0.0
2025-06-16 00:00:00-04:00,29.422047234750412,29.498967545361953,29.08552018810309,29.239360809326172,3527600,0.438,0.0
2025-06-17 00:00:00-04:00,28.998986160403692,29.16244205843609,28.758609947645756,28.864376068115234,2838300,0.0,0.0
2025-06-18 00:00:00-04:00,28.80668301824741,29.027830516725313,28.681688200781526,28.739377975463867,2790100,0.0,0.0
2025-06-19 00:00:00-04:00,28.65284300659218,28.893219212466025,28.61438376729332,28.77783966064453,1230600,0.0,0.0
2025-06-20 00:00:00-04:00,28.970140943668653,29.0374478251063,28.59515463099819,28.681690216064453,6803400,0.0,0.0
2025-06-23 00:00:00-04:00,28.652844359959563,28.960527458507887,28.614385118844147,28.902835845947266,3163700,0.0,0.0
2025-06-24 00:00:00-04:00,28.797069836677984,29.229745901478264,28.797069836677984,29.00860023498535,3182000,0.0,0.0
2025-06-25 00:00:00-04:00,28.864377213350465,28.979756773054145,28.53746540431498,28.94129753112793,4772100,0.0,0.0
2025-06-26 00:00:00-04:00,28.95091224004004,29.152827382577982,28.62400043732861,28.681690216064453,3308800,0.0,0.0
2025-06-27 00:00:00-04:00,28.64322896230159,28.9701389081181,28.59515262179558,28.739377975463867,2909900,0.0,0.0
2025-06-30 00:00:00-04:00,28.700919914063803,29.05667567877415,28.575923257546695,29.037446975708008,4424700,0.0,0.0
2025-07-02 00:00:00-04:00,29.316281198027934,29.970104756930077,29.248976155304163,29.845109939575195,6187600,0.0,0.0
2025-07-03 00:00:00-04:00,29.61434904099328,29.941260841062846,28.893220393885407,29.623964309692383,4374100,0.0,0.0
2025-07-04 00:00:00-04:00,29.277822845727265,29.835495574506595,29.277822845727265,29.652809143066406,1202000,0.0,0.0
2025-07-07 00:00:00-04:00,29.720113992697726,30.614313773335446,29.643193680058186,30.595083236694336,5344700,0.0,0.0
2025-07-08 00:00:00-04:00,30.633543945985863,31.748889382969008,30.595082873160635,31.431591033935547,6160100,0.0,0.0
2025-07-09 00:00:00-04:00,31.421980594143182,31.498899079274125,30.9796892180524,31.34505844116211,2803400,0.0,0.0
2025-07-10 00:00:00-04:00,31.40274491741924,31.768117748592573,31.268134839578945,31.604660034179688,3921300,0.0,0.0
2025-07-11 00:00:00-04:00,31.604662412929063,31.69119799346093,31.296981163893506,31.316211700439453,4196300,0.0,0.0
2025-07-14 00:00:00-04:00,31.354673812135385,31.662355071362693,31.11429759912343,31.450822830200195,2574400,0.0,0.0
2025-07-15 00:00:00-04:00,31.364286131596455,31.921960686523178,31.364286131596455,31.758502960205078,2924700,0.0,0.0
2025-07-16 00:00:00-04:00,31.681586714020312,32.373867737512754,31.681586714020312,32.13349151611328,3488200,0.0,0.0
2025-07-17 00:00:00-04:00,32.046956252794416,32.27771534725748,31.720044479097023,31.84503746032715,3494100,0.0,0.0
2025-07-18 00:00:00-04:00,31.78735111642768,31.83542562453345,31.229676552421118,31.2489070892334,2632600,0.0,0.0
2025-07-21 00:00:00-04:00,31.248907617402732,31.98926679186473,31.248907617402732,31.566205978393555,2066300,0.0,0.0
2025-07-22 00:00:00-04:00,31.595048831554458,32.268102936131385,31.595048831554458,31.873886108398438,3951600,0.0,0.0
2025-07-23 00:00:00-04:00,31.864271321857892,32.239257640385055,31.758505197586114,32.13349151611328,3146100,0.0,0.0
2025-07-24 00:00:00-04:00,32.04695852576878,32.34502268291164,31.9700363769255,32.05657196044922,1849000,0.0,0.0
2025-07-25 00:00:00-04:00,32.008493882166505,32.0757989209744,31.518124407595213,31.88349723815918,3138500,0.0,0.0
2025-07-28 00:00:00-04:00,31.82580975298539,31.941192978321226,31.4604405429719,31.48928451538086,2600700,0.0,0.0
2025-07-29 00:00:00-04:00,31.508513613887178,31.537357584978782,31.26813740719092,31.364286422729492,1566200,0.0,0.0
2025-07-30 00:00:00-04:00,31.34505542078855,31.421977566357494,31.104679217660266,31.325828552246094,2021800,0.0,0.0
2025-07-31 00:00:00-04:00,31.191215735614445,31.2489073465263,30.95083952525655,31.075836181640625,2569900,0.0,0.0
2025-08-01 00:00:00-04:00,31.027762272857256,31.470053628180608,30.79699949259944,31.277751922607422,3434100,0.0,0.0
2025-08-05 00:00:00-04:00,31.56620715785316,31.912345835708415,31.191217171439032,31.200834274291992,3224700,0.0,0.0
2025-08-06 00:00:00-04:00,31.19121494334513,31.40274717679904,30.51816267179379,30.76815414428711,4997700,0.0,0.0
2025-08-07 00:00:00-04:00,30.595082032668373,31.479668344098812,30.14317544293583,31.402746200561523,4637400,0.0,0.0
2025-08-08 00:00:00-04:00,31.585431090067768,32.575783524355465,31.527743149715867,32.22002410888672,4557900,0.0,0.0
2025-08-11 00:00:00-04:00,32.30655749435381,32.85461489759405,32.21040848839392,32.287330627441406,3071100,0.0,0.0
2025-08-12 00:00:00-04:00,32.431555408459865,32.99884336871299,32.431555408459865,32.47001647949219,2789600,0.0,0.0
2025-08-13 00:00:00-04:00,32.44117387599928,33.4026786851915,32.42194333967347,33.20075988769531,5033500,0.0,0.0
2025-08-14 00:00:00-04:00,33.13345349972486,33.700741460838294,33.13345349972486,33.68151092529297,3464600,0.0,0.0
2025-08-15 00:00:00-04:00,33.633436576313876,34.085344994100495,33.604592606786944,34.0084228515625,3284300,0.0,0.0
2025-08-18 00:00:00-04:00,34.00842201840222,34.52763546426473,33.91227301043488,33.9218864440918,3259000,0.0,0.0
2025-08-19 00:00:00-04:00,34.056498833648725,34.325722676357465,33.941119282687715,34.07572937011719,2026700,0.0,0.0
2025-08-20 00:00:00-04:00,34.18149544916592,34.489176696623325,34.066115898331844,34.296875,3169100,0.0,0.0
2025-08-21 00:00:00-04:00,34.06611814920084,34.44110446507561,34.046887611482894,34.34495544433594,2355700,0.0,0.0
2025-08-22 00:00:00-04:00,34.546867466952854,34.68147755096507,33.79689490297064,33.88343048095703,3213100,0.0,0.0
2025-08-25 00:00:00-04:00,33.80650927110627,33.873814314972016,33.44113641308524,33.63343811035156,1846300,0.0,0.0
2025-08-26 00:00:00-04:00,33.71997574571172,33.72959284847852,33.05653870095363,33.13345718383789,3808800,0.0,0.0
2025-08-27 00:00:00-04:00,33.11422348022461,33.40267785005008,33.018074468849235,33.11422348022461,2327400,0.0,0.0
2025-08-28 00:00:00-04:00,32.98923287903488,33.01807685095853,32.595016035395346,32.825775146484375,2321800,0.0,0.0
2025-08-29 00:00:00-04:00,32.82577467549489,33.008462942656564,32.66232061313959,32.95077133178711,2090900,0.0,0.0
2025-09-02 00:00:00-04:00,32.9219279272232,33.16230414154395,32.316178840136935,32.38348388671875,2554000,0.0,0.0
2025-09-03 00:00:00-04:00,32.3642518383884,32.5853975050965,32.22964175150953,32.537322998046875,3116900,0.0,0.0
2025-09-04 00:00:00-04:00,32.62385922745583,32.81616092733307,32.48924913789672,32.51809310913086,2757000,0.0,0.0
2025-09-05 00:00:00-04:00,32.5373214669269,33.008460416682155,32.421941921867294,32.91230773925781,1942500,0.0,0.0
2025-09-08 00:00:00-04:00,32.83539646677082,32.83539646677082,31.671972655791528,32.373870849609375,4174500,0.0,0.0
2025-09-09 00:00:00-04:00,32.383484361694144,32.44117597440328,32.104647068708324,32.258487701416016,2676700,0.0,0.0
2025-09-10 00:00:00-04:00,32.1142627039473,32.239255690663825,31.97964894711053,32.19118118286133,3529800,0.0,0.0
2025-09-11 00:00:00-04:00,32.239255868856276,32.37386595858722,32.14310685271984,32.29694747924805,3123300,0.0,0.0
2025-09-12 00:00:00-04:00,32.31618231990522,32.42194845245111,32.01811446162592,32.17195510864258,3689800,0.0,0.0
2025-09-15 00:00:00-04:00,32.15051719814997,32.28691273707793,31.663388149693155,31.809528350830078,4869000,0.438,0.0
2025-09-16 00:00:00-04:00,31.72184428418365,31.829009550655876,31.166515620079398,31.390596389770508,5033600,0.0,0.0
2025-09-17 00:00:00-04:00,31.38085259584742,31.663388337588916,31.36136698781355,31.526992797851562,4870800,0.0,0.0
2025-09-18 00:00:00-04:00,31.42956613479187,31.468537352567157,30.981408279875716,31.088577270507812,4312200,0.0,0.0
2025-09-19 00:00:00-04:00,31.371112362772465,31.371112362772465,30.893724246346665,31.176259994506836,6167200,0.0,0.0
2025-09-22 00:00:00-04:00,31.1275484882831,31.595191952086896,31.030122302094824,31.088577270507812,2543900,0.0,0.0
2025-09-23 00:00:00-04:00,31.088576955599795,31.488022642500646,30.93269580257751,31.3808536529541,3195500,0.0,0.0
2025-09-24 00:00:00-04:00,31.322399139404297,31.37111130069659,30.952180023883432,31.322399139404297,2791200,0.0,0.0
2025-09-25 00:00:00-04:00,31.254203427256446,31.604933241543677,31.18600193715901,31.293170928955078,2067900,0.0,0.0
2025-09-26 00:00:00-04:00,31.293170272097825,31.458796087715168,31.20548689124155,31.3808536529541,2303100,0.0,0.0
2025-09-29 00:00:00-04:00,31.36136863423241,31.604933172692895,31.293170860783466,31.55622100830078,2221500,0.0,0.0
2025-09-30 00:00:00-04:00,31.526991630218788,31.819268306902607,31.390596095532977,31.682872772216797,3160600,0.0,0.0
2025-10-01 00:00:00-04:00,31.741331982071948,31.926439690714222,31.663389546959497,31.867982864379883,1736000,0.0,0.0
2025-10-02 00:00:00-04:00,31.88746865591348,31.88746865591348,31.410084245863228,31.595191955566406,1805900,0.0,0.0
2025-10-03 00:00:00-04:00,31.546480397841126,31.848498050187228,31.546480397841126,31.760814666748047,2580600,0.0,0.0
2025-10-06 00:00:00-04:00,31.74133102236334,31.74133102236334,31.147031122099335,31.497766494750977,3081300,0.0,0.0
2025-10-07 00:00:00-04:00,31.419824789284657,31.741331757094933,31.351627017294568,31.653648376464844,2577700,0.0,0.0
2025-10-08 00:00:00-04:00,31.575704324472564,31.69261425382415,31.205485212276287,31.604930877685547,3064100,0.0,0.0
2025-10-09 00:00:00-04:00,31.653651186644495,32.092064412217,31.614679965904667,32.03361129760742,2704400,0.0,0.0
2025-10-10 00:00:00-04:00,32.033610763560816,32.666876365774854,31.906956156517968,32.59867858886719,4300000,0.0,0.0
2025-10-14 00:00:00-04:00,32.65713301899853,33.15400303088178,30.767071723281155,31.906953811645508,7821600,0.0,0.0
2025-10-15 00:00:00-04:00,32.60842319681018,33.641134511945424,32.131035042766456,32.3551139831543,6790600,0.0,0.0
2025-10-16 00:00:00-04:00,32.345370608474255,32.76430190103596,32.28691378282617,32.423309326171875,4658000,0.0,0.0
2025-10-17 00:00:00-04:00,32.21871287258782,33.40730886281374,32.082317342529,33.11503219604492,5722000,0.0,0.0
2025-10-20 00:00:00-04:00,33.17348705906867,33.30014165076957,32.42330788745512,32.618160247802734,3219800,0.0,0.0
2025-10-21 00:00:00-04:00,32.56944741957521,32.754555114038254,32.530476205004184,32.7155876159668,2106700,0.0,0.0
2025-10-22 00:00:00-04:00,32.54996510516252,33.212460953892254,32.54022415878413,32.774044036865234,4405100,0.0,0.0
2025-10-23 00:00:00-04:00,32.80327052720395,33.07606533975551,32.520738484793334,32.530479431152344,2569400,0.0,0.0
2025-10-24 00:00:00-04:00,32.57918827527986,32.68635725680538,32.44279274115631,32.472023010253906,2321000,0.0,0.0
2025-10-27 00:00:00-04:00,32.20897233869615,32.355108815696425,31.955663165496453,32.023860931396484,3313000,0.0,0.0
2025-10-28 00:00:00-04:00,31.867980040710357,32.228458196415396,31.69261329374562,31.9946346282959,2628500,0.0,0.0
2025-10-29 00:00:00-04:00,31.93618009643704,32.267428007059934,31.57570563139148,31.945924758911133,3105800,0.0,0.0
2025-10-30 00:00:00-04:00,31.838757038485877,31.975152586555897,31.48802350544871,31.517250061035156,2857900,0.0,0.0
2025-10-31 00:00:00-04:00,31.31265513180223,31.49776655168205,31.176259590732737,31.234716415405273,3316600,0.0,0.0
2025-11-03 00:00:00-05:00,31.137287725733394,31.156773333551712,30.63067493020601,31.05934715270996,3817200,0.0,0.0
2025-11-04 00:00:00-05:00,30.796300226729173,31.12754814112502,30.55273569309987,30.63067626953125,3355300,0.0,0.0
2025-11-05 00:00:00-05:00,30.523506045115283,31.185999988852593,30.523506045115283,30.79629898071289,6995700,0.0,0.0
2025-11-06 00:00:00-05:00,31.663391558600107,32.637649760403185,31.25420489776286,31.858243942260742,4262800,0.0,0.0
2025-11-07 00:00:00-05:00,31.78029888864457,31.9556656478673,31.390597869871673,31.692615509033203,4424700,0.0,0.0
2025-11-10 00:00:00-05:00,31.419825393920316,31.507508776237763,31.147032442460482,31.31265640258789,3102200,0.0,0.0
2025-11-11 00:00:00-05:00,31.322400154562118,32.072575639075914,31.322400154562118,31.945924758911133,3861200,0.0,0.0
2025-11-12 00:00:00-05:00,31.916693318164665,31.95566453363304,31.049606072991324,31.078832626342773,5771200,0.0,0.0
2025-11-13 00:00:00-05:00,31.088575529178527,31.653647005769834,30.97166559890089,31.57570457458496,5327900,0.0,0.0
2025-11-14 00:00:00-05:00,31.458795625127163,31.643903330213,31.108062106859443,31.18600082397461,4817200,0.0,0.0
2025-11-17 00:00:00-05:00,31.20548570709405,31.575704825160802,31.03012081028595,31.546478271484375,4509400,0.0,0.0
2025-11-18 00:00:00-05:00,31.51724919728612,31.536734805976387,31.03986479212405,31.3808536529541,4462600,0.0,0.0
2025-11-19 00:00:00-05:00,31.254201907198713,31.341881569131253,30.60144704186957,31.244457244873047,6724100,0.0,0.0
2025-11-20 00:00:00-05:00,31.127548892217195,31.634163580370487,31.039865509334895,31.53673553466797,3090600,0.0,0.0
2025-11-21 00:00:00-05:00,31.517250125694765,32.16026036541543,31.449052351519843,31.760814666748047,4213200,0.0,0.0
2025-11-24 00:00:00-05:00,31.712101099149532,31.955665629429483,31.575705556832727,31.702360153198242,3771600,0.0,0.0
2025-11-25 00:00:00-05:00,31.73158531672526,32.150516587764585,31.39059647587912,31.6341609954834,5418400,0.0,0.0
2025-11-26 00:00:00-05:00,31.52699478857687,31.897213931597847,31.49776823293046,31.760814666748047,2251400,0.0,0.0
2025-11-27 00:00:00-05:00,31.702358485612415,31.975149555896856,31.702358485612415,31.91669273376465,981200,0.0,0.0
2025-11-28 00:00:00-05:00,31.86798509841284,32.0823230934979,31.71210393376011,32.07257843017578,2193300,0.0,0.0
2025-12-01 00:00:00-05:00,31.994634113328996,32.11154403725727,31.731583997115788,32.06283187866211,2934300,0.0,0.0
2025-12-02 00:00:00-05:00,31.965409497676273,31.97515044338554,31.488021394928722,31.809528350830078,4067000,0.0,0.0
2025-12-03 00:00:00-05:00,31.80953048289943,32.277173954782334,31.390599175827248,31.517250061035156,4895900,0.0,0.0
2025-12-04 00:00:00-05:00,31.517247751196305,31.72184477480676,31.49776585989976,31.57570457458496,2412600,0.0,0.0
2025-12-05 00:00:00-05:00,31.51724645514336,31.848494341058142,31.50750550989566,31.751070022583008,3849600,0.0,0.0
2025-12-08 00:00:00-05:00,31.614676041062502,31.741330634493178,31.195744761368477,31.546478271484375,4090900,0.0,0.0
2025-12-09 00:00:00-05:00,31.965409742945916,32.247941768678956,31.2347161646541,31.26394271850586,4023800,0.0,0.0
2025-12-10 00:00:00-05:00,31.27368420354154,31.478281233530904,31.078833694253834,31.18600082397461,4123100,0.0,0.0
2025-12-11 00:00:00-05:00,31.48802057655093,32.004376165215106,31.380851594035814,31.41008186340332,4225200,0.0,0.0
2025-12-12 00:00:00-05:00,31.54647836989204,32.00437715041645,31.468535937845502,31.780298233032227,5214300,0.0,0.0
2025-12-15 00:00:00-05:00,31.738822808474875,32.37083362401105,31.689447669838913,32.094329833984375,6825800,0.438,0.0
2025-12-16 00:00:00-05:00,31.985701999356458,32.193079840129954,31.6894474029541,31.6894474029541,4137600,0.0,0.0
2025-12-17 00:00:00-05:00,31.679574796342276,31.837577503455233,31.49194399177698,31.521570205688477,3887600,0.0,0.0
2025-12-18 00:00:00-05:00,31.383318263011528,31.54132096989874,31.06731096569626,31.09693717956543,5691300,0.0,0.0
2025-12-19 00:00:00-05:00,30.958684856062796,31.363567022334408,30.92905864260116,31.136438369750977,6045100,0.0,0.0
2025-12-22 00:00:00-05:00,30.958684104735497,31.017934646680022,30.57355087324418,30.85993194580078,4630700,0.0,0.0
2025-12-23 00:00:00-05:00,30.840182445717105,30.95868541817447,30.642680003009293,30.741430282592773,3986300,0.0,0.0
2025-12-24 00:00:00-05:00,30.64267947881106,31.126562997947644,30.64267947881106,31.047561645507812,2037300,0.0,0.0
2025-12-29 00:00:00-05:00,30.899433712115822,31.689447220329843,30.899433712115822,31.62032127380371,4053900,0.0,0.0
2025-12-30 00:00:00-05:00,31.57094497536111,32.094330113752385,31.57094497536111,31.896825790405273,3664000,0.0,0.0
2025-12-31 00:00:00-05:00,31.94620183842593,32.45971158690648,31.87707588834987,32.331336975097656,3055200,0.0,0.0
2026-01-02 00:00:00-05:00,32.34120929424579,32.58808875450721,32.06470550421912,32.094329833984375,4369100,0.0,0.0
2026-01-05 00:00:00-05:00,32.14370472716067,32.331335526458766,31.817825800986544,32.20295715332031,5834000,0.0,0.0
2026-01-06 00:00:00-05:00,32.242459147550356,32.52883645963136,31.669696989225102,31.73882293701172,3901300,0.0,0.0
2026-01-07 00:00:00-05:00,31.867200211911474,32.08445533579,31.689446704571136,31.92645263671875,3031200,0.0,0.0
2026-01-08 00:00:00-05:00,32.01532498246283,32.57821358916099,31.89682390230178,32.499210357666016,4238700,0.0,0.0
2026-01-09 00:00:00-05:00,32.5288344460895,32.72633875628925,32.33133390297113,32.60783767700195,2518300,0.0,0.0
2026-01-12 00:00:00-05:00,32.765842685041335,33.00284486034848,32.43995998514194,32.6572151184082,2197800,0.0,0.0
2026-01-13 00:00:00-05:00,32.676966606375075,32.815218506023285,32.3807119975458,32.50908660888672,3053900,0.0,0.0
2026-01-14 00:00:00-05:00,32.64734033467505,33.407729504615475,32.58808790959916,33.200347900390625,4064300,0.0,0.0
2026-01-15 00:00:00-05:00,33.25959947290937,33.50647892044161,33.00284273791025,33.27935028076172,2329900,0.0,0.0
2026-01-16 00:00:00-05:00,33.22009809787365,33.40772889028958,32.88434189611411,33.17072296142578,3364300,0.0,0.0
2026-01-19 00:00:00-05:00,33.180597930058326,33.46697900786918,33.03247251424974,33.299102783203125,1395600,0.0,0.0
2026-01-20 00:00:00-05:00,33.18059581774651,33.46697687732603,32.59796017832808,33.318851470947266,4077000,0.0,0.0
2026-01-21 00:00:00-05:00,33.279350225951084,33.575604809085554,33.200346994671804,33.45710372924805,3177400,0.0,0.0
2026-01-22 00:00:00-05:00,33.50647881065546,33.842235008882426,33.4768544825147,33.634857177734375,2391300,0.0,0.0
2026-01-23 00:00:00-05:00,33.74348165019301,34.12861675919386,33.6447313763455,34.089115142822266,3015700,0.0,0.0
2026-01-26 00:00:00-05:00,34.08911556950274,34.227367461452296,33.81261178560363,34.04961395263672,2388300,0.0,0.0
2026-01-27 00:00:00-05:00,34.256990645419265,34.82975276958576,34.06936362219994,34.237239837646484,3381900,0.0,0.0
2026-01-28 00:00:00-05:00,34.14836701091226,34.33599403499764,33.83235785217052,33.881736755371094,3031300,0.0,0.0
2026-01-29 00:00:00-05:00,33.852109878255355,34.32611798280377,33.792861219612774,33.94098663330078,4155700,0.0,0.0
2026-01-30 00:00:00-05:00,34.059491003944444,34.78037855487793,33.960736962464956,34.76062774658203,3907700,0.0,0.0
2026-02-02 00:00:00-05:00,34.98775718800291,35.234636646700594,34.64212745265878,34.859378814697266,5611100,0.0,0.0
2026-02-03 00:00:00-05:00,34.8593795845328,35.37288932201415,34.78038011488734,35.135887145996094,4552100,0.0,0.0
2026-02-04 00:00:00-05:00,35.4123897247659,35.77777026438218,35.25438702381711,35.50126647949219,5406600,0.0,0.0
2026-02-05 00:00:00-05:00,34.70137429348717,34.79025104464452,33.72373379783767,34.59274673461914,8964900,0.0,0.0
2026-02-06 00:00:00-05:00,34.3557474286598,34.59274960670239,33.7829852587404,33.822486877441406,6109800,0.0,0.0
2026-02-09 00:00:00-05:00,33.84223730606732,34.36562056318156,33.66448379099424,34.28662109375,3903400,0.0,0.0
2026-02-10 00:00:00-05:00,34.33599587397701,34.78037965701276,34.30637154413517,34.572998046875,2676700,0.0,0.0
2026-02-11 00:00:00-05:00,34.51374884044973,34.66187425439407,34.306371000678716,34.36561965942383,2366700,0.0,0.0
2026-02-12 00:00:00-05:00,34.47424860277669,34.879130777757084,34.11874156775357,34.6717529296875,3895900,0.0,0.0
2026-02-13 00:00:00-05:00,34.66187480348215,34.86925641361991,34.32611858597532,34.572998046875,3948200,0.0,0.0
2026-02-17 00:00:00-05:00,34.46437315630658,34.88900611696461,34.46437315630658,34.76062774658203,2034300,0.0,0.0
2026-02-18 00:00:00-05:00,34.78037747048621,34.88900502918607,34.46437208176736,34.77050018310547,2060200,0.0,0.0
2026-02-19 00:00:00-05:00,34.76062884809099,34.8100039868546,34.44462343950593,34.572998046875,1878900,0.0,0.0
2026-02-20 00:00:00-05:00,34.5828761024346,34.86925718753396,34.44462420399537,34.84950637817383,5071200,0.0,0.0
2026-02-23 00:00:00-05:00,34.85937994139678,35.333388065367096,34.81000480147769,35.274139404296875,3893600,0.0,0.0
2026-02-24 00:00:00-05:00,35.41239064373278,35.5703933487818,34.84950577155302,35.244510650634766,2910900,0.0,0.0
2026-02-25 00:00:00-05:00,35.13588735030099,35.31363709980726,34.56312518194385,34.60262680053711,3589300,0.0,0.0
2026-02-26 00:00:00-05:00,34.661876249161274,34.83962976978932,34.53350163643795,34.701377868652344,3915000,0.0,0.0
2026-02-27 00:00:00-05:00,34.78037809544381,35.53088996536644,34.78037809544381,35.40251159667969,5817900,0.0,0.0
2026-03-02 00:00:00-05:00,35.39263916015625,35.679020234812384,34.93838186268335,35.39263916015625,2918400,0.0,0.0
2026-03-03 00:00:00-05:00,35.333387457173004,35.797522052003025,35.15563394285859,35.66914367675781,4057100,0.0,0.0
2026-03-04 00:00:00-05:00,35.62964690930826,35.75802152137592,35.313637722075455,35.659271240234375,3990800,0.0,0.0
2026-03-05 00:00:00-05:00,35.372888660680616,35.59014379053674,34.98775730654046,35.106258392333984,4143600,0.0,0.0
2026-03-06 00:00:00-05:00,35.01737976074219,35.175382455698376,34.62237490689242,35.01737976074219,3583600,0.0,0.0
2026-03-09 00:00:00-04:00,34.61249899297576,34.9778795332333,34.434745483211216,34.721126556396484,3567400,0.0,0.0
2026-03-10 00:00:00-04:00,34.69150198714031,35.47163820006392,34.642126849676515,35.4321403503418,3516000,0.0,0.0
2026-03-11 00:00:00-04:00,35.29388932199425,35.34326446066589,34.582875270461415,34.75075149536133,3652700,0.0,0.0
2026-03-12 00:00:00-04:00,34.7112515808832,34.8593769880912,34.53349807856849,34.59274673461914,2514000,0.0,0.0
2026-03-13 00:00:00-04:00,34.70137556479098,34.97787934870755,34.563123672832695,34.652000427246094,2956900,0.0,0.0
2026-03-16 00:00:00-04:00,34.75,35.5099983215332,34.560001373291016,35.41999816894531,3918000,0.438,0.0
2026-03-17 00:00:00-04:00,35.70000076293945,36.25,35.599998474121094,35.630001068115234,3255500,0.0,0.0
2026-03-18 00:00:00-04:00,35.56999969482422,35.65999984741211,35.189998626708984,35.380001068115234,2195400,0.0,0.0
2026-03-19 00:00:00-04:00,35.279998779296875,35.59000015258789,35.029998779296875,35.349998474121094,3566400,0.0,0.0
2026-03-20 00:00:00-04:00,35.16999816894531,35.4900016784668,35.16999816894531,35.43000030517578,6967400,0.0,0.0
2026-03-23 00:00:00-04:00,35.38999938964844,35.52000045776367,35.029998779296875,35.31999969482422,4591800,0.0,0.0
2026-03-24 00:00:00-04:00,35.209999084472656,35.790000915527344,35.11000061035156,35.540000915527344,2936800,0.0,0.0
2026-03-25 00:00:00-04:00,35.66999816894531,35.7400016784668,35.209999084472656,35.220001220703125,4911000,0.0,0.0
2026-03-26 00:00:00-04:00,35.279998779296875,35.529998779296875,35.13999938964844,35.25,2364500,0.0,0.0
2026-03-27 00:00:00-04:00,35.25,35.34000015258789,34.939998626708984,35.060001373291016,3144300,0.0,0.0
2026-03-30 00:00:00-04:00,35.04999923706055,35.54999923706055,35.02000045776367,35.13999938964844,3248600,0.0,0.0
2026-03-31 00:00:00-04:00,35.13999938964844,35.40999984741211,34.880001068115234,35.099998474121094,4129100,0.0,0.0
2026-04-01 00:00:00-04:00,35.040000915527344,35.369998931884766,34.88999938964844,35.2599983215332,2551200,0.0,0.0
2026-04-02 00:00:00-04:00,34.75,34.77000045776367,33.56999969482422,34.060001373291016,7832900,0.0,0.0
