Date,Open,High,Low,Close,Volume,Dividends,Stock Splits
2022-01-03 00:00:00-05:00,8.989999771118164,9.180000305175781,8.510000228881836,8.739999771118164,43000,0.0,0.0
2022-01-04 00:00:00-05:00,8.640000343322754,9.119999885559082,8.630000114440918,8.949999809265137,36600,0.0,0.0
2022-01-05 00:00:00-05:00,9.010000228881836,9.100000381469727,8.710000038146973,8.970000267028809,16000,0.0,0.0
2022-01-06 00:00:00-05:00,8.8100004196167,9.100000381469727,8.619999885559082,9.09000015258789,20700,0.0,0.0
2022-01-07 00:00:00-05:00,8.979999542236328,9.100000381469727,8.637999534606934,8.890000343322754,23600,0.0,0.0
2022-01-10 00:00:00-05:00,8.90999984741211,8.968999862670898,8.399999618530273,8.760000228881836,15200,0.0,0.0
2022-01-11 00:00:00-05:00,8.670000076293945,8.949999809265137,8.420000076293945,8.920000076293945,40100,0.0,0.0
2022-01-12 00:00:00-05:00,8.850000381469727,9.100000381469727,8.656999588012695,9.08899974822998,52500,0.0,0.0
2022-01-13 00:00:00-05:00,9.0,9.09000015258789,8.857999801635742,9.0,29800,0.0,0.0
2022-01-14 00:00:00-05:00,9.09000015258789,9.09000015258789,8.75100040435791,8.989999771118164,24300,0.0,0.0
2022-01-18 00:00:00-05:00,8.859999656677246,8.859999656677246,8.437000274658203,8.619999885559082,20600,0.0,0.0
2022-01-19 00:00:00-05:00,8.640000343322754,8.640000343322754,8.0,8.199999809265137,19200,0.0,0.0
2022-01-20 00:00:00-05:00,8.149999618530273,8.177000045776367,7.300000190734863,7.429999828338623,32400,0.0,0.0
2022-01-21 00:00:00-05:00,7.28000020980835,7.829999923706055,6.800000190734863,7.670000076293945,98900,0.0,0.0
2022-01-24 00:00:00-05:00,7.989999771118164,8.321000099182129,7.514999866485596,8.289999961853027,72400,0.0,0.0
2022-01-25 00:00:00-05:00,8.34000015258789,8.479999542236328,7.914999961853027,8.289999961853027,33900,0.0,0.0
2022-01-26 00:00:00-05:00,8.470000267028809,9.0600004196167,8.220999717712402,8.779999732971191,34600,0.0,0.0
2022-01-27 00:00:00-05:00,9.0,9.09000015258789,8.25,8.5,25800,0.0,0.0
2022-01-28 00:00:00-05:00,8.550000190734863,8.847000122070312,8.199999809265137,8.350000381469727,29000,0.0,0.0
2022-01-31 00:00:00-05:00,8.4399995803833,8.531000137329102,8.180000305175781,8.449999809265137,43200,0.0,0.0
2022-02-01 00:00:00-05:00,8.470000267028809,8.880000114440918,8.300000190734863,8.399999618530273,44800,0.0,0.0
2022-02-02 00:00:00-05:00,8.520000457763672,8.880000114440918,8.300000190734863,8.489999771118164,24900,0.0,0.0
2022-02-03 00:00:00-05:00,8.869999885559082,8.869999885559082,8.100000381469727,8.229999542236328,18000,0.0,0.0
2022-02-04 00:00:00-05:00,8.319999694824219,8.449999809265137,8.0,8.1899995803833,20800,0.0,0.0
2022-02-07 00:00:00-05:00,8.1899995803833,8.1899995803833,7.445000171661377,7.5,46800,0.0,0.0
2022-02-08 00:00:00-05:00,7.590000152587891,7.699999809265137,7.507999897003174,7.5929999351501465,9300,0.0,0.0
2022-02-09 00:00:00-05:00,7.909999847412109,8.300000190734863,7.710000038146973,8.300000190734863,23200,0.0,0.0
2022-02-10 00:00:00-05:00,8.048999786376953,8.5,7.75,7.980000019073486,41500,0.0,0.0
2022-02-11 00:00:00-05:00,8.039999961853027,8.21399974822998,7.880000114440918,7.909999847412109,16000,0.0,0.0
2022-02-14 00:00:00-05:00,7.929999828338623,8.281000137329102,7.5,7.510000228881836,13900,0.0,0.0
2022-02-15 00:00:00-05:00,7.670000076293945,8.0,7.510000228881836,7.920000076293945,21400,0.0,0.0
2022-02-16 00:00:00-05:00,7.96999979019165,8.119999885559082,7.550000190734863,7.639999866485596,16100,0.0,0.0
2022-02-17 00:00:00-05:00,7.690000057220459,8.25,7.690000057220459,8.25,27600,0.0,0.0
2022-02-18 00:00:00-05:00,8.079999923706055,8.1899995803833,7.6539998054504395,7.75,15200,0.0,0.0
2022-02-22 00:00:00-05:00,7.849999904632568,7.894999980926514,7.559999942779541,7.820000171661377,20000,0.0,0.0
2022-02-23 00:00:00-05:00,7.760000228881836,8.029999732971191,7.449999809265137,7.630000114440918,47900,0.0,0.0
2022-02-24 00:00:00-05:00,7.230000019073486,7.860000133514404,7.190000057220459,7.519999980926514,18500,0.0,0.0
2022-02-25 00:00:00-05:00,7.71999979019165,7.945000171661377,7.5,7.670000076293945,12000,0.0,0.0
2022-02-28 00:00:00-05:00,7.639999866485596,7.949999809265137,7.590000152587891,7.699999809265137,28700,0.0,0.0
2022-03-01 00:00:00-05:00,7.800000190734863,7.800000190734863,7.519999980926514,7.639999866485596,28500,0.0,0.0
2022-03-02 00:00:00-05:00,7.900000095367432,7.980000019073486,7.699999809265137,7.940000057220459,18500,0.0,0.0
2022-03-03 00:00:00-05:00,7.96999979019165,7.980000019073486,7.429999828338623,7.489999771118164,36000,0.0,0.0
2022-03-04 00:00:00-05:00,7.599999904632568,7.96999979019165,7.440000057220459,7.96999979019165,30600,0.0,0.0
2022-03-07 00:00:00-05:00,7.679999828338623,7.909999847412109,7.519999980926514,7.539999961853027,31000,0.0,0.0
2022-03-08 00:00:00-05:00,7.679999828338623,7.869999885559082,7.550000190734863,7.550000190734863,7800,0.0,0.0
2022-03-09 00:00:00-05:00,7.650000095367432,7.869999885559082,7.570000171661377,7.800000190734863,11700,0.0,0.0
2022-03-10 00:00:00-05:00,7.760000228881836,8.119999885559082,7.664999961853027,8.119999885559082,14600,0.0,0.0
2022-03-11 00:00:00-05:00,8.0,8.114999771118164,7.679999828338623,7.789999961853027,21400,0.0,0.0
2022-03-14 00:00:00-04:00,8.0,8.039999961853027,6.760000228881836,6.760000228881836,130000,0.0,0.0
2022-03-15 00:00:00-04:00,6.75,7.09499979019165,6.75,6.989999771118164,8300,0.0,0.0
2022-03-16 00:00:00-04:00,6.880000114440918,7.28000020980835,6.849999904632568,7.099999904632568,27200,0.0,0.0
2022-03-17 00:00:00-04:00,6.829999923706055,7.27400016784668,6.349999904632568,6.75,82200,0.0,0.0
2022-03-18 00:00:00-04:00,6.75,6.889999866485596,6.699999809265137,6.699999809265137,50700,0.0,0.0
2022-03-21 00:00:00-04:00,6.71999979019165,6.71999979019165,6.355000019073486,6.449999809265137,53500,0.0,0.0
2022-03-22 00:00:00-04:00,6.570000171661377,7.039999961853027,6.374000072479248,6.960000038146973,24500,0.0,0.0
2022-03-23 00:00:00-04:00,6.949999809265137,6.949999809265137,6.679999828338623,6.800000190734863,24700,0.0,0.0
2022-03-24 00:00:00-04:00,6.820000171661377,6.900000095367432,6.710999965667725,6.78000020980835,11600,0.0,0.0
2022-03-25 00:00:00-04:00,6.699999809265137,6.789999961853027,6.599999904632568,6.650000095367432,21700,0.0,0.0
2022-03-28 00:00:00-04:00,6.809999942779541,6.960000038146973,6.699999809265137,6.840000152587891,28900,0.0,0.0
2022-03-29 00:00:00-04:00,6.829999923706055,7.090000152587891,6.78000020980835,6.940000057220459,33900,0.0,0.0
2022-03-30 00:00:00-04:00,7.070000171661377,7.409999847412109,6.958000183105469,7.170000076293945,24800,0.0,0.0
2022-03-31 00:00:00-04:00,7.139999866485596,7.47599983215332,6.949999809265137,6.949999809265137,27200,0.0,0.0
2022-04-01 00:00:00-04:00,7.050000190734863,7.159999847412109,6.909999847412109,6.909999847412109,7800,0.0,0.0
2022-04-04 00:00:00-04:00,6.949999809265137,7.300000190734863,6.949999809265137,7.21999979019165,20100,0.0,0.0
2022-04-05 00:00:00-04:00,7.28000020980835,7.28000020980835,7.050000190734863,7.050000190734863,12600,0.0,0.0
2022-04-06 00:00:00-04:00,7.010000228881836,7.409999847412109,6.909999847412109,7.0,19500,0.0,0.0
2022-04-07 00:00:00-04:00,7.0329999923706055,7.170000076293945,6.909999847412109,6.909999847412109,6300,0.0,0.0
2022-04-08 00:00:00-04:00,6.900000095367432,7.309999942779541,6.75,6.84499979019165,19200,0.0,0.0
2022-04-11 00:00:00-04:00,6.519999980926514,6.710999965667725,6.5,6.599999904632568,24100,0.0,0.0
2022-04-12 00:00:00-04:00,6.625,6.650000095367432,6.329999923706055,6.545000076293945,26200,0.0,0.0
2022-04-13 00:00:00-04:00,6.5,6.650000095367432,6.400000095367432,6.550000190734863,23300,0.0,0.0
2022-04-14 00:00:00-04:00,6.502999782562256,6.610000133514404,6.5,6.5,7900,0.0,0.0
2022-04-18 00:00:00-04:00,6.599999904632568,6.870999813079834,6.510000228881836,6.510000228881836,20600,0.0,0.0
2022-04-19 00:00:00-04:00,6.630000114440918,6.739999771118164,6.510000228881836,6.550000190734863,7400,0.0,0.0
2022-04-20 00:00:00-04:00,6.550000190734863,6.989999771118164,6.550000190734863,6.840000152587891,7100,0.0,0.0
2022-04-21 00:00:00-04:00,6.840000152587891,6.840000152587891,6.639999866485596,6.71999979019165,18100,0.0,0.0
2022-04-22 00:00:00-04:00,6.760000228881836,7.150000095367432,6.550000190734863,6.650000095367432,43900,0.0,0.0
2022-04-25 00:00:00-04:00,6.510000228881836,6.579999923706055,6.224999904632568,6.360000133514404,29600,0.0,0.0
2022-04-26 00:00:00-04:00,6.309999942779541,6.329999923706055,6.050000190734863,6.28000020980835,39800,0.0,0.0
2022-04-27 00:00:00-04:00,6.199999809265137,6.269999980926514,6.043000221252441,6.110000133514404,22900,0.0,0.0
2022-04-28 00:00:00-04:00,6.125,6.324999809265137,6.079999923706055,6.324999809265137,10300,0.0,0.0
2022-04-29 00:00:00-04:00,6.369999885559082,6.964000225067139,6.139999866485596,6.295000076293945,14300,0.0,0.0
2022-05-02 00:00:00-04:00,6.369999885559082,6.510000228881836,6.260000228881836,6.260000228881836,3100,0.0,0.0
2022-05-03 00:00:00-04:00,6.449999809265137,6.449999809265137,6.210000038146973,6.28000020980835,3900,0.0,0.0
2022-05-04 00:00:00-04:00,6.46999979019165,6.519999980926514,6.210000038146973,6.454999923706055,20100,0.0,0.0
2022-05-05 00:00:00-04:00,6.420000076293945,6.420000076293945,6.070000171661377,6.25,24800,0.0,0.0
2022-05-06 00:00:00-04:00,6.329999923706055,6.329999923706055,5.949999809265137,6.0,32200,0.0,0.0
2022-05-09 00:00:00-04:00,6.25,6.320000171661377,5.800000190734863,5.880000114440918,37400,0.0,0.0
2022-05-10 00:00:00-04:00,5.880000114440918,6.329999923706055,5.808000087738037,6.0,32800,0.0,0.0
2022-05-11 00:00:00-04:00,5.800000190734863,5.989999771118164,5.539999961853027,5.539999961853027,83600,0.0,0.0
2022-05-12 00:00:00-04:00,5.5,5.75,5.489999771118164,5.75,23700,0.0,0.0
2022-05-13 00:00:00-04:00,5.730000019073486,5.827000141143799,5.666999816894531,5.78000020980835,21900,0.0,0.0
2022-05-16 00:00:00-04:00,5.78000020980835,5.989999771118164,5.757999897003174,5.989999771118164,10200,0.0,0.0
2022-05-17 00:00:00-04:00,5.989999771118164,6.389999866485596,5.949999809265137,6.389999866485596,19800,0.0,0.0
2022-05-18 00:00:00-04:00,6.239999771118164,6.309999942779541,5.820000171661377,5.820000171661377,23400,0.0,0.0
2022-05-19 00:00:00-04:00,5.829999923706055,6.090000152587891,5.829999923706055,6.090000152587891,16800,0.0,0.0
2022-05-20 00:00:00-04:00,6.099999904632568,6.177999973297119,5.75,5.75,24000,0.0,0.0
2022-05-23 00:00:00-04:00,5.869999885559082,5.946000099182129,5.76800012588501,5.946000099182129,5100,0.0,0.0
2022-05-24 00:00:00-04:00,5.849999904632568,5.849999904632568,5.550000190734863,5.739999771118164,53100,0.0,0.0
2022-05-25 00:00:00-04:00,5.789999961853027,5.789999961853027,5.553999900817871,5.78000020980835,4400,0.0,0.0
2022-05-26 00:00:00-04:00,5.699999809265137,5.849999904632568,5.610000133514404,5.610000133514404,16300,0.0,0.0
2022-05-27 00:00:00-04:00,5.730000019073486,5.78000020980835,5.099999904632568,5.389999866485596,137300,0.0,0.0
2022-05-31 00:00:00-04:00,5.28000020980835,5.5,5.159999847412109,5.300000190734863,59600,0.0,0.0
2022-06-01 00:00:00-04:00,5.380000114440918,6.03000020980835,5.380000114440918,5.960000038146973,94300,0.0,0.0
2022-06-02 00:00:00-04:00,6.03000020980835,6.489999771118164,5.960000038146973,6.460000038146973,78200,0.0,0.0
2022-06-03 00:00:00-04:00,6.460000038146973,6.460000038146973,6.099999904632568,6.320000171661377,15500,0.0,0.0
2022-06-06 00:00:00-04:00,6.489999771118164,6.5,6.179999828338623,6.440000057220459,28400,0.0,0.0
2022-06-07 00:00:00-04:00,6.440000057220459,6.690000057220459,6.2170000076293945,6.5,12900,0.0,0.0
2022-06-08 00:00:00-04:00,6.659999847412109,6.849999904632568,6.622000217437744,6.75,22400,0.0,0.0
2022-06-09 00:00:00-04:00,6.836999893188477,6.836999893188477,6.635000228881836,6.670000076293945,13100,0.0,0.0
2022-06-10 00:00:00-04:00,6.599999904632568,6.679999828338623,6.1620001792907715,6.309999942779541,13600,0.0,0.0
2022-06-13 00:00:00-04:00,6.309999942779541,6.320000171661377,5.409999847412109,5.710000038146973,35000,0.0,0.0
2022-06-14 00:00:00-04:00,5.75,6.179999828338623,5.75,5.920000076293945,24500,0.0,0.0
2022-06-15 00:00:00-04:00,6.050000190734863,6.130000114440918,5.949999809265137,5.949999809265137,18000,0.0,0.0
2022-06-16 00:00:00-04:00,5.784999847412109,5.949999809265137,5.639999866485596,5.824999809265137,13100,0.0,0.0
2022-06-17 00:00:00-04:00,5.760000228881836,6.010000228881836,5.644000053405762,5.889999866485596,8600,0.0,0.0
2022-06-21 00:00:00-04:00,5.900000095367432,5.900000095367432,5.550000190734863,5.579999923706055,38300,0.0,0.0
2022-06-22 00:00:00-04:00,5.610000133514404,5.840000152587891,5.400000095367432,5.400000095367432,18400,0.0,0.0
2022-06-23 00:00:00-04:00,5.659999847412109,5.75,5.493000030517578,5.610000133514404,14300,0.0,0.0
2022-06-24 00:00:00-04:00,5.599999904632568,5.690999984741211,5.170000076293945,5.400000095367432,26400,0.0,0.0
2022-06-27 00:00:00-04:00,5.480000019073486,5.579999923706055,5.380000114440918,5.400000095367432,3600,0.0,0.0
2022-06-28 00:00:00-04:00,5.449999809265137,5.485000133514404,4.900000095367432,5.090000152587891,70800,0.0,0.0
2022-06-29 00:00:00-04:00,5.090000152587891,5.329999923706055,5.048999786376953,5.25,10100,0.0,0.0
2022-06-30 00:00:00-04:00,5.056000232696533,5.340000152587891,5.056000232696533,5.340000152587891,6900,0.0,0.0
2022-07-01 00:00:00-04:00,5.239999771118164,5.380000114440918,5.204999923706055,5.269999980926514,2600,0.0,0.0
2022-07-05 00:00:00-04:00,5.210000038146973,5.460000038146973,5.210000038146973,5.309999942779541,11700,0.0,0.0
2022-07-06 00:00:00-04:00,5.340000152587891,5.440000057220459,5.340000152587891,5.369999885559082,3100,0.0,0.0
2022-07-07 00:00:00-04:00,5.510000228881836,5.699999809265137,5.449999809265137,5.585000038146973,5500,0.0,0.0
2022-07-08 00:00:00-04:00,5.489999771118164,5.679999828338623,5.409999847412109,5.550000190734863,5400,0.0,0.0
2022-07-11 00:00:00-04:00,5.449999809265137,5.699999809265137,5.289999961853027,5.494999885559082,3300,0.0,0.0
2022-07-12 00:00:00-04:00,5.440000057220459,5.630000114440918,5.389999866485596,5.449999809265137,3700,0.0,0.0
2022-07-13 00:00:00-04:00,5.409999847412109,5.414999961853027,5.300000190734863,5.389999866485596,3900,0.0,0.0
2022-07-14 00:00:00-04:00,5.28000020980835,5.480000019073486,5.28000020980835,5.380000114440918,2900,0.0,0.0
2022-07-15 00:00:00-04:00,5.340000152587891,5.46999979019165,5.079999923706055,5.099999904632568,14500,0.0,0.0
2022-07-18 00:00:00-04:00,5.079999923706055,5.159999847412109,5.010000228881836,5.150000095367432,15000,0.0,0.0
2022-07-19 00:00:00-04:00,5.119999885559082,5.440000057220459,5.119999885559082,5.300000190734863,9000,0.0,0.0
2022-07-20 00:00:00-04:00,5.309999942779541,5.510000228881836,5.300000190734863,5.380000114440918,7400,0.0,0.0
2022-07-21 00:00:00-04:00,5.380000114440918,5.610000133514404,5.380000114440918,5.559999942779541,13800,0.0,0.0
2022-07-22 00:00:00-04:00,5.570000171661377,5.699999809265137,5.380000114440918,5.539999961853027,4700,0.0,0.0
2022-07-25 00:00:00-04:00,5.539999961853027,5.670000076293945,5.170000076293945,5.25,11600,0.0,0.0
2022-07-26 00:00:00-04:00,5.25,5.449999809265137,5.21999979019165,5.25,4300,0.0,0.0
2022-07-27 00:00:00-04:00,5.329999923706055,5.329999923706055,5.230000019073486,5.28000020980835,8900,0.0,0.0
2022-07-28 00:00:00-04:00,5.150000095367432,5.25,5.110000133514404,5.110000133514404,700,0.0,0.0
2022-07-29 00:00:00-04:00,5.25,5.5,5.150000095367432,5.349999904632568,6200,0.0,0.0
2022-08-01 00:00:00-04:00,5.349999904632568,5.460000038146973,5.099999904632568,5.300000190734863,11400,0.0,0.0
2022-08-02 00:00:00-04:00,5.230000019073486,5.28000020980835,5.070000171661377,5.28000020980835,10500,0.0,0.0
2022-08-03 00:00:00-04:00,5.409999847412109,5.409999847412109,5.159999847412109,5.230000019073486,14200,0.0,0.0
2022-08-04 00:00:00-04:00,5.309999942779541,5.309999942779541,5.110000133514404,5.260000228881836,2100,0.0,0.0
2022-08-05 00:00:00-04:00,5.26200008392334,5.514999866485596,5.236000061035156,5.429999828338623,4100,0.0,0.0
2022-08-08 00:00:00-04:00,5.590000152587891,5.849999904632568,5.449999809265137,5.699999809265137,31900,0.0,0.0
2022-08-09 00:00:00-04:00,5.635000228881836,5.849999904632568,5.610000133514404,5.610000133514404,3000,0.0,0.0
2022-08-10 00:00:00-04:00,5.949999809265137,6.175000190734863,5.789999961853027,5.960000038146973,51200,0.0,0.0
2022-08-11 00:00:00-04:00,5.949999809265137,6.480000019073486,5.949999809265137,6.400000095367432,65200,0.0,0.0
2022-08-12 00:00:00-04:00,6.429999828338623,6.710000038146973,5.960000038146973,6.550000190734863,55700,0.0,0.0
2022-08-15 00:00:00-04:00,6.489999771118164,7.369999885559082,6.489999771118164,7.179999828338623,72500,0.0,0.0
2022-08-16 00:00:00-04:00,7.400000095367432,7.789999961853027,7.289999961853027,7.289999961853027,39600,0.0,0.0
2022-08-17 00:00:00-04:00,7.2129998207092285,7.349999904632568,7.019999980926514,7.170000076293945,14700,0.0,0.0
2022-08-18 00:00:00-04:00,7.150000095367432,7.489999771118164,6.849999904632568,6.96999979019165,21900,0.0,0.0
2022-08-19 00:00:00-04:00,6.909999847412109,7.46999979019165,6.909999847412109,7.150000095367432,37000,0.0,0.0
2022-08-22 00:00:00-04:00,7.25,7.710000038146973,7.25,7.599999904632568,63400,0.0,0.0
2022-08-23 00:00:00-04:00,7.559999942779541,7.929999828338623,7.559999942779541,7.840000152587891,29600,0.0,0.0
2022-08-24 00:00:00-04:00,7.900000095367432,7.980000019073486,7.75,7.900000095367432,11200,0.0,0.0
2022-08-25 00:00:00-04:00,7.96999979019165,7.980000019073486,7.809999942779541,7.889999866485596,29500,0.0,0.0
2022-08-26 00:00:00-04:00,7.800000190734863,7.949999809265137,7.349999904632568,7.699999809265137,32400,0.0,0.0
2022-08-29 00:00:00-04:00,8.029999732971191,8.029999732971191,7.650000095367432,7.980000019073486,24200,0.0,0.0
2022-08-30 00:00:00-04:00,7.989999771118164,7.989999771118164,7.656000137329102,7.820000171661377,12400,0.0,0.0
2022-08-31 00:00:00-04:00,7.820000171661377,8.100000381469727,7.5,8.029999732971191,19200,0.0,0.0
2022-09-01 00:00:00-04:00,7.849999904632568,8.0,7.199999809265137,7.380000114440918,32300,0.0,0.0
2022-09-02 00:00:00-04:00,7.46999979019165,7.630000114440918,7.199999809265137,7.510000228881836,6100,0.0,0.0
2022-09-06 00:00:00-04:00,7.639999866485596,8.300000190734863,7.639999866485596,8.300000190734863,18800,0.0,0.0
2022-09-07 00:00:00-04:00,8.199999809265137,8.289999961853027,7.900000095367432,8.069999694824219,20200,0.0,0.0
2022-09-08 00:00:00-04:00,8.029999732971191,8.109999656677246,8.0,8.100000381469727,8000,0.0,0.0
2022-09-09 00:00:00-04:00,8.020000457763672,8.289999961853027,7.730000019073486,8.194999694824219,19100,0.0,0.0
2022-09-12 00:00:00-04:00,8.300000190734863,8.399999618530273,8.0,8.260000228881836,28300,0.0,0.0
2022-09-13 00:00:00-04:00,8.029999732971191,8.170000076293945,8.010000228881836,8.010000228881836,7400,0.0,0.0
2022-09-14 00:00:00-04:00,8.100000381469727,8.260000228881836,7.73799991607666,8.039999961853027,22700,0.0,0.0
2022-09-15 00:00:00-04:00,8.0,8.069999694824219,7.71999979019165,7.71999979019165,12400,0.0,0.0
2022-09-16 00:00:00-04:00,7.75,7.78000020980835,7.271999835968018,7.349999904632568,27900,0.0,0.0
2022-09-19 00:00:00-04:00,7.460000038146973,7.829999923706055,7.199999809265137,7.5,44400,0.0,0.0
2022-09-20 00:00:00-04:00,7.5,7.849999904632568,7.289999961853027,7.559999942779541,17300,0.0,0.0
2022-09-21 00:00:00-04:00,7.5,7.789999961853027,7.369999885559082,7.5,15700,0.0,0.0
2022-09-22 00:00:00-04:00,7.510000228881836,7.800000190734863,7.150000095367432,7.150000095367432,20600,0.0,0.0
2022-09-23 00:00:00-04:00,7.150000095367432,7.199999809265137,6.28000020980835,6.369999885559082,45000,0.0,0.0
2022-09-26 00:00:00-04:00,6.639999866485596,6.980000019073486,6.434999942779541,6.599999904632568,15300,0.0,0.0
2022-09-27 00:00:00-04:00,6.988999843597412,7.21999979019165,6.659999847412109,7.050000190734863,13900,0.0,0.0
2022-09-28 00:00:00-04:00,6.880000114440918,7.25,6.880000114440918,7.210000038146973,10400,0.0,0.0
2022-09-29 00:00:00-04:00,7.360000133514404,7.360000133514404,6.789999961853027,7.050000190734863,17600,0.0,0.0
2022-09-30 00:00:00-04:00,7.28000020980835,7.800000190734863,7.050000190734863,7.599999904632568,44900,0.0,0.0
2022-10-03 00:00:00-04:00,7.96999979019165,7.989999771118164,7.767000198364258,7.909999847412109,28900,0.0,0.0
2022-10-04 00:00:00-04:00,8.15999984741211,8.25,8.0,8.170000076293945,68900,0.0,0.0
2022-10-05 00:00:00-04:00,8.100000381469727,8.170000076293945,8.0,8.020000457763672,5800,0.0,0.0
2022-10-06 00:00:00-04:00,8.0,8.130000114440918,8.0,8.050000190734863,14100,0.0,0.0
2022-10-07 00:00:00-04:00,8.0,8.0,7.599999904632568,7.690000057220459,5100,0.0,0.0
2022-10-10 00:00:00-04:00,7.480000019073486,7.880000114440918,7.210000038146973,7.75,27000,0.0,0.0
2022-10-11 00:00:00-04:00,7.75,7.75,7.570000171661377,7.619999885559082,8000,0.0,0.0
2022-10-12 00:00:00-04:00,7.619999885559082,7.730000019073486,7.619999885559082,7.730000019073486,4500,0.0,0.0
2022-10-13 00:00:00-04:00,7.769999980926514,7.900000095367432,7.578000068664551,7.869999885559082,19100,0.0,0.0
2022-10-14 00:00:00-04:00,7.869999885559082,7.869999885559082,7.510000228881836,7.550000190734863,15900,0.0,0.0
2022-10-17 00:00:00-04:00,7.590000152587891,7.599999904632568,7.190000057220459,7.239999771118164,13200,0.0,0.0
2022-10-18 00:00:00-04:00,7.349999904632568,8.359999656677246,7.349999904632568,8.140000343322754,63800,0.0,0.0
2022-10-19 00:00:00-04:00,8.180000305175781,8.350000381469727,7.809999942779541,7.960000038146973,18900,0.0,0.0
2022-10-20 00:00:00-04:00,8.09000015258789,8.09000015258789,7.71999979019165,7.929999828338623,11900,0.0,0.0
2022-10-21 00:00:00-04:00,8.013999938964844,8.013999938964844,7.860000133514404,7.949999809265137,5800,0.0,0.0
2022-10-24 00:00:00-04:00,7.949999809265137,7.949999809265137,7.739999771118164,7.900000095367432,11900,0.0,0.0
2022-10-25 00:00:00-04:00,7.730000019073486,8.199999809265137,7.5,8.039999961853027,17400,0.0,0.0
2022-10-26 00:00:00-04:00,8.039999961853027,8.359999656677246,7.849999904632568,8.149999618530273,22700,0.0,0.0
2022-10-27 00:00:00-04:00,8.170000076293945,8.300000190734863,7.75,7.940000057220459,23000,0.0,0.0
2022-10-28 00:00:00-04:00,7.920000076293945,8.149999618530273,7.920000076293945,8.079999923706055,5400,0.0,0.0
2022-10-31 00:00:00-04:00,8.079999923706055,8.460000038146973,8.0,8.319999694824219,20000,0.0,0.0
2022-11-01 00:00:00-04:00,8.420000076293945,8.5,8.329999923706055,8.420000076293945,22300,0.0,0.0
2022-11-02 00:00:00-04:00,8.359999656677246,8.67300033569336,8.359999656677246,8.609999656677246,17600,0.0,0.0
2022-11-03 00:00:00-04:00,8.550000190734863,8.550000190734863,8.149999618530273,8.199999809265137,15900,0.0,0.0
2022-11-04 00:00:00-04:00,8.210000038146973,8.420000076293945,7.570000171661377,7.570000171661377,18700,0.0,0.0
2022-11-07 00:00:00-05:00,7.5,7.916999816894531,7.2820000648498535,7.650000095367432,28500,0.0,0.0
2022-11-08 00:00:00-05:00,7.789999961853027,8.0,7.53000020980835,7.980000019073486,11900,0.0,0.0
2022-11-09 00:00:00-05:00,7.800000190734863,7.925000190734863,7.460000038146973,7.599999904632568,13500,0.0,0.0
2022-11-10 00:00:00-05:00,8.621999740600586,9.329999923706055,8.300000190734863,9.109999656677246,80200,0.0,0.0
2022-11-11 00:00:00-05:00,9.479999542236328,9.729999542236328,9.300000190734863,9.600000381469727,41100,0.0,0.0
2022-11-14 00:00:00-05:00,9.350000381469727,9.380000114440918,8.9399995803833,9.069999694824219,39200,0.0,0.0
2022-11-15 00:00:00-05:00,9.130000114440918,9.534000396728516,8.930000305175781,8.970000267028809,49500,0.0,0.0
2022-11-16 00:00:00-05:00,9.138999938964844,9.300000190734863,8.970000267028809,9.180000305175781,25700,0.0,0.0
2022-11-17 00:00:00-05:00,9.050000190734863,9.25,8.949999809265137,9.199999809265137,34400,0.0,0.0
2022-11-18 00:00:00-05:00,9.25,9.449999809265137,9.02299976348877,9.25,54200,0.0,0.0
2022-11-21 00:00:00-05:00,9.390000343322754,9.89799976348877,9.25,9.649999618530273,63400,0.0,0.0
2022-11-22 00:00:00-05:00,9.649999618530273,10.725000381469727,9.649999618530273,10.5600004196167,182600,0.0,0.0
2022-11-23 00:00:00-05:00,10.5600004196167,10.789999961853027,10.25,10.680000305175781,76100,0.0,0.0
2022-11-25 00:00:00-05:00,10.680000305175781,11.390999794006348,10.680000305175781,11.34000015258789,84200,0.0,0.0
2022-11-28 00:00:00-05:00,11.40999984741211,11.468999862670898,10.822999954223633,10.960000038146973,74100,0.0,0.0
2022-11-29 00:00:00-05:00,11.079999923706055,11.680000305175781,10.960000038146973,11.270000457763672,40600,0.0,0.0
2022-11-30 00:00:00-05:00,11.149999618530273,12.119999885559082,11.135000228881836,11.9399995803833,77100,0.0,0.0
2022-12-01 00:00:00-05:00,12.100000381469727,12.5600004196167,12.0,12.260000228881836,90700,0.0,0.0
2022-12-02 00:00:00-05:00,12.229999542236328,12.550000190734863,11.850000381469727,12.0600004196167,99100,0.0,0.0
2022-12-05 00:00:00-05:00,12.210000038146973,12.260000228881836,11.8100004196167,12.130000114440918,121300,0.0,0.0
2022-12-06 00:00:00-05:00,12.1899995803833,12.1899995803833,10.539999961853027,10.65999984741211,174600,0.0,0.0
2022-12-07 00:00:00-05:00,10.65999984741211,11.550000190734863,10.65999984741211,11.289999961853027,67600,0.0,0.0
2022-12-08 00:00:00-05:00,11.149999618530273,12.149999618530273,11.109999656677246,12.140000343322754,50100,0.0,0.0
2022-12-09 00:00:00-05:00,12.140000343322754,12.140000343322754,11.260000228881836,11.399999618530273,59700,0.0,0.0
2022-12-12 00:00:00-05:00,11.430000305175781,12.427000045776367,11.430000305175781,11.869999885559082,60900,0.0,0.0
2022-12-13 00:00:00-05:00,12.140000343322754,12.220000267028809,11.875,12.09000015258789,58700,0.0,0.0
2022-12-14 00:00:00-05:00,12.140000343322754,12.170000076293945,11.229999542236328,11.229999542236328,70400,0.0,0.0
2022-12-15 00:00:00-05:00,11.050000190734863,11.239999771118164,10.680000305175781,10.979999542236328,48900,0.0,0.0
2022-12-16 00:00:00-05:00,10.869999885559082,11.260000228881836,10.6899995803833,11.210000038146973,36000,0.0,0.0
2022-12-19 00:00:00-05:00,11.329999923706055,11.430000305175781,10.756999969482422,11.029999732971191,75600,0.0,0.0
2022-12-20 00:00:00-05:00,11.010000228881836,11.149999618530273,10.989999771118164,11.039999961853027,53700,0.0,0.0
2022-12-21 00:00:00-05:00,11.149999618530273,11.569999694824219,11.0,11.350000381469727,20500,0.0,0.0
2022-12-22 00:00:00-05:00,11.260000228881836,11.350000381469727,10.75,10.960000038146973,54900,0.0,0.0
2022-12-23 00:00:00-05:00,10.960000038146973,10.979999542236328,10.09000015258789,10.270000457763672,56100,0.0,0.0
2022-12-27 00:00:00-05:00,10.079999923706055,11.039999961853027,9.829999923706055,10.899999618530273,94400,0.0,0.0
2022-12-28 00:00:00-05:00,11.0,11.09000015258789,10.5,10.649999618530273,54200,0.0,0.0
2022-12-29 00:00:00-05:00,10.800000190734863,11.109999656677246,10.529999732971191,11.069999694824219,27300,0.0,0.0
2022-12-30 00:00:00-05:00,10.859999656677246,10.949999809265137,10.359999656677246,10.40999984741211,48500,0.0,0.0
2023-01-03 00:00:00-05:00,10.390000343322754,11.0600004196167,10.390000343322754,10.970000267028809,81400,0.0,0.0
2023-01-04 00:00:00-05:00,11.149999618530273,11.713000297546387,11.053000450134277,11.630000114440918,77000,0.0,0.0
2023-01-05 00:00:00-05:00,11.630000114440918,11.739999771118164,10.5600004196167,10.720000267028809,68300,0.0,0.0
2023-01-06 00:00:00-05:00,10.949999809265137,11.470000267028809,10.753999710083008,11.380000114440918,44700,0.0,0.0
2023-01-09 00:00:00-05:00,11.300000190734863,12.029999732971191,11.28499984741211,11.550000190734863,107200,0.0,0.0
2023-01-10 00:00:00-05:00,11.619999885559082,12.149999618530273,11.5,12.0600004196167,59100,0.0,0.0
2023-01-11 00:00:00-05:00,12.100000381469727,12.130000114440918,11.729999542236328,11.989999771118164,95300,0.0,0.0
2023-01-12 00:00:00-05:00,11.970000267028809,12.050000190734863,11.550000190734863,11.729999542236328,71300,0.0,0.0
2023-01-13 00:00:00-05:00,11.5600004196167,11.5600004196167,11.199999809265137,11.329999923706055,52400,0.0,0.0
2023-01-17 00:00:00-05:00,11.329999923706055,12.630000114440918,11.329999923706055,12.5600004196167,112100,0.0,0.0
2023-01-18 00:00:00-05:00,12.5600004196167,12.569999694824219,11.336000442504883,11.430000305175781,87900,0.0,0.0
2023-01-19 00:00:00-05:00,11.399999618530273,12.180000305175781,11.0,11.720000267028809,78900,0.0,0.0
2023-01-20 00:00:00-05:00,11.739999771118164,12.010000228881836,11.609999656677246,11.819999694824219,42400,0.0,0.0
2023-01-23 00:00:00-05:00,11.880000114440918,12.619999885559082,11.819999694824219,12.600000381469727,99100,0.0,0.0
2023-01-24 00:00:00-05:00,12.550000190734863,13.109999656677246,12.359999656677246,12.84000015258789,73100,0.0,0.0
2023-01-25 00:00:00-05:00,12.640000343322754,12.649999618530273,12.199999809265137,12.5,52100,0.0,0.0
2023-01-26 00:00:00-05:00,12.600000381469727,13.069999694824219,12.449999809265137,12.729999542236328,85100,0.0,0.0
2023-01-27 00:00:00-05:00,12.630000114440918,12.954999923706055,12.399999618530273,12.470000267028809,45200,0.0,0.0
2023-01-30 00:00:00-05:00,12.390000343322754,12.600000381469727,12.229999542236328,12.25,76400,0.0,0.0
2023-01-31 00:00:00-05:00,12.25,12.920000076293945,12.140000343322754,12.869999885559082,55100,0.0,0.0
2023-02-01 00:00:00-05:00,12.899999618530273,12.949999809265137,12.696999549865723,12.8100004196167,41300,0.0,0.0
2023-02-02 00:00:00-05:00,12.928000450134277,13.609999656677246,12.920000076293945,13.40999984741211,71500,0.0,0.0
2023-02-03 00:00:00-05:00,13.199999809265137,13.539999961853027,12.9399995803833,13.0600004196167,51900,0.0,0.0
2023-02-06 00:00:00-05:00,12.90999984741211,13.097999572753906,12.6899995803833,12.779999732971191,45900,0.0,0.0
2023-02-07 00:00:00-05:00,12.75,13.09000015258789,12.510000228881836,13.029999732971191,71600,0.0,0.0
2023-02-08 00:00:00-05:00,12.869999885559082,13.027999877929688,12.649999618530273,12.960000038146973,27800,0.0,0.0
2023-02-09 00:00:00-05:00,13.069999694824219,13.098999977111816,12.569999694824219,12.6899995803833,26100,0.0,0.0
2023-02-10 00:00:00-05:00,12.649999618530273,12.675999641418457,12.350000381469727,12.600000381469727,41700,0.0,0.0
2023-02-13 00:00:00-05:00,12.520000457763672,12.574999809265137,12.270000457763672,12.569999694824219,47100,0.0,0.0
2023-02-14 00:00:00-05:00,12.520000457763672,12.670000076293945,12.326000213623047,12.640000343322754,21200,0.0,0.0
2023-02-15 00:00:00-05:00,12.550000190734863,12.739999771118164,12.4350004196167,12.65999984741211,15900,0.0,0.0
2023-02-16 00:00:00-05:00,12.460000038146973,13.163999557495117,12.460000038146973,12.989999771118164,63500,0.0,0.0
2023-02-17 00:00:00-05:00,12.989999771118164,13.4399995803833,12.989999771118164,13.109999656677246,48000,0.0,0.0
2023-02-21 00:00:00-05:00,13.079999923706055,13.079999923706055,12.390000343322754,12.5600004196167,63100,0.0,0.0
2023-02-22 00:00:00-05:00,12.5,12.859999656677246,12.479999542236328,12.640000343322754,25700,0.0,0.0
2023-02-23 00:00:00-05:00,12.649999618530273,12.795000076293945,12.5,12.75,26100,0.0,0.0
2023-02-24 00:00:00-05:00,12.65999984741211,13.5,12.600000381469727,13.319999694824219,31700,0.0,0.0
2023-02-27 00:00:00-05:00,13.520000457763672,14.069999694824219,12.805000305175781,13.949999809265137,155900,0.0,0.0
2023-02-28 00:00:00-05:00,13.949999809265137,14.329999923706055,13.6850004196167,14.149999618530273,65800,0.0,0.0
2023-03-01 00:00:00-05:00,14.149999618530273,14.670000076293945,14.029999732971191,14.069999694824219,64100,0.0,0.0
2023-03-02 00:00:00-05:00,13.949999809265137,13.949999809265137,12.989999771118164,13.149999618530273,41700,0.0,0.0
2023-03-03 00:00:00-05:00,13.1899995803833,13.505000114440918,12.989999771118164,13.390000343322754,32400,0.0,0.0
2023-03-06 00:00:00-05:00,13.100000381469727,13.630999565124512,13.100000381469727,13.539999961853027,47200,0.0,0.0
2023-03-07 00:00:00-05:00,13.32699966430664,13.776000022888184,13.32699966430664,13.75,31600,0.0,0.0
2023-03-08 00:00:00-05:00,13.90999984741211,13.90999984741211,13.350000381469727,13.609999656677246,54300,0.0,0.0
2023-03-09 00:00:00-05:00,14.149999618530273,15.149999618530273,14.140000343322754,14.819999694824219,212900,0.0,0.0
2023-03-10 00:00:00-05:00,14.979999542236328,15.8100004196167,14.479999542236328,14.770000457763672,217200,0.0,0.0
2023-03-13 00:00:00-04:00,14.569999694824219,16.200000762939453,14.1899995803833,15.930000305175781,259100,0.0,0.0
2023-03-14 00:00:00-04:00,16.190000534057617,16.549999237060547,15.529999732971191,16.469999313354492,197900,0.0,0.0
2023-03-15 00:00:00-04:00,15.899999618530273,16.309999465942383,15.760000228881836,15.869999885559082,173500,0.0,0.0
2023-03-16 00:00:00-04:00,15.65999984741211,16.719999313354492,15.156000137329102,16.6200008392334,140700,0.0,0.0
2023-03-17 00:00:00-04:00,16.469999313354492,16.469999313354492,14.899999618530273,15.289999961853027,177000,0.0,0.0
2023-03-20 00:00:00-04:00,15.350000381469727,15.600000381469727,14.970000267028809,15.449999809265137,81400,0.0,0.0
2023-03-21 00:00:00-04:00,15.640000343322754,16.81999969482422,15.640000343322754,16.69499969482422,123100,0.0,0.0
2023-03-22 00:00:00-04:00,16.700000762939453,17.100000381469727,16.389999389648438,16.520000457763672,141600,0.0,0.0
2023-03-23 00:00:00-04:00,16.610000610351562,16.725000381469727,15.829999923706055,16.0,56700,0.0,0.0
2023-03-24 00:00:00-04:00,15.869999885559082,16.059999465942383,15.15999984741211,16.020000457763672,99300,0.0,0.0
2023-03-27 00:00:00-04:00,16.1299991607666,16.56999969482422,16.059999465942383,16.510000228881836,90500,0.0,0.0
2023-03-28 00:00:00-04:00,16.510000228881836,16.75,16.290000915527344,16.6200008392334,68300,0.0,0.0
2023-03-29 00:00:00-04:00,16.860000610351562,17.139999389648438,16.440000534057617,17.110000610351562,80500,0.0,0.0
2023-03-30 00:00:00-04:00,17.040000915527344,17.200000762939453,16.93000030517578,17.0,71300,0.0,0.0
2023-03-31 00:00:00-04:00,17.030000686645508,17.450000762939453,17.030000686645508,17.299999237060547,94800,0.0,0.0
2023-04-03 00:00:00-04:00,17.299999237060547,17.488000869750977,17.084999084472656,17.450000762939453,133300,0.0,0.0
2023-04-04 00:00:00-04:00,17.540000915527344,17.674999237060547,17.104999542236328,17.420000076293945,123400,0.0,0.0
2023-04-05 00:00:00-04:00,17.31999969482422,17.389999389648438,16.969999313354492,17.110000610351562,106400,0.0,0.0
2023-04-06 00:00:00-04:00,17.110000610351562,17.110000610351562,16.639999389648438,16.790000915527344,81700,0.0,0.0
2023-04-10 00:00:00-04:00,17.020000457763672,17.649999618530273,16.770000457763672,17.649999618530273,135200,0.0,0.0
2023-04-11 00:00:00-04:00,17.510000228881836,17.989999771118164,17.510000228881836,17.940000534057617,111000,0.0,0.0
2023-04-12 00:00:00-04:00,18.0,18.0049991607666,17.729999542236328,17.729999542236328,92700,0.0,0.0
2023-04-13 00:00:00-04:00,17.799999237060547,18.135000228881836,17.75,18.059999465942383,94800,0.0,0.0
2023-04-14 00:00:00-04:00,18.100000381469727,18.229999542236328,17.81999969482422,17.899999618530273,61100,0.0,0.0
2023-04-17 00:00:00-04:00,17.860000610351562,18.389999389648438,17.700000762939453,18.25,125400,0.0,0.0
2023-04-18 00:00:00-04:00,18.25,18.489999771118164,16.93000030517578,17.09000015258789,138200,0.0,0.0
2023-04-19 00:00:00-04:00,16.989999771118164,17.1200008392334,16.290000915527344,16.670000076293945,125100,0.0,0.0
2023-04-20 00:00:00-04:00,17.049999237060547,17.049999237060547,16.389999389648438,16.780000686645508,89300,0.0,0.0
2023-04-21 00:00:00-04:00,16.75,17.5,16.75,17.1200008392334,62600,0.0,0.0
2023-04-24 00:00:00-04:00,17.1200008392334,17.475000381469727,16.719999313354492,16.760000228881836,142900,0.0,0.0
2023-04-25 00:00:00-04:00,16.65999984741211,16.65999984741211,15.850000381469727,15.970000267028809,88100,0.0,0.0
2023-04-26 00:00:00-04:00,15.920000076293945,16.600000381469727,15.829999923706055,16.360000610351562,58800,0.0,0.0
2023-04-27 00:00:00-04:00,16.3700008392334,16.614999771118164,16.165000915527344,16.31999969482422,55000,0.0,0.0
2023-04-28 00:00:00-04:00,16.31999969482422,16.969999313354492,16.31999969482422,16.940000534057617,51900,0.0,0.0
2023-05-01 00:00:00-04:00,16.809999465942383,17.059999465942383,16.399999618530273,16.770000457763672,94500,0.0,0.0
2023-05-02 00:00:00-04:00,16.809999465942383,17.299999237060547,16.360000610351562,17.200000762939453,57600,0.0,0.0
2023-05-03 00:00:00-04:00,17.200000762939453,17.6299991607666,17.100000381469727,17.260000228881836,62800,0.0,0.0
2023-05-04 00:00:00-04:00,17.229999542236328,17.229999542236328,16.110000610351562,16.110000610351562,50300,0.0,0.0
2023-05-05 00:00:00-04:00,16.260000228881836,17.1200008392334,16.260000228881836,17.040000915527344,75500,0.0,0.0
2023-05-08 00:00:00-04:00,16.93000030517578,17.385000228881836,16.700000762939453,17.15999984741211,71100,0.0,0.0
2023-05-09 00:00:00-04:00,17.979999542236328,20.600000381469727,17.979999542236328,20.209999084472656,332300,0.0,0.0
2023-05-10 00:00:00-04:00,19.389999389648438,19.645000457763672,18.510000228881836,18.600000381469727,171600,0.0,0.0
2023-05-11 00:00:00-04:00,18.5,19.565000534057617,18.360000610351562,19.31999969482422,114400,0.0,0.0
2023-05-12 00:00:00-04:00,19.520000457763672,20.3700008392334,19.079999923706055,19.360000610351562,93300,0.0,0.0
2023-05-15 00:00:00-04:00,19.770000457763672,21.000999450683594,19.760000228881836,20.440000534057617,187500,0.0,0.0
2023-05-16 00:00:00-04:00,20.440000534057617,20.78499984741211,20.062000274658203,20.6299991607666,99200,0.0,0.0
2023-05-17 00:00:00-04:00,20.739999771118164,20.739999771118164,20.275999069213867,20.690000534057617,60200,0.0,0.0
2023-05-18 00:00:00-04:00,20.75,22.200000762939453,20.600000381469727,21.81999969482422,182200,0.0,0.0
2023-05-19 00:00:00-04:00,21.84000015258789,22.190000534057617,20.8700008392334,21.40999984741211,61800,0.0,0.0
2023-05-22 00:00:00-04:00,21.719999313354492,22.09000015258789,20.57900047302246,21.520000457763672,144800,0.0,0.0
2023-05-23 00:00:00-04:00,21.559999465942383,21.889999389648438,21.15999984741211,21.299999237060547,66000,0.0,0.0
2023-05-24 00:00:00-04:00,21.209999084472656,21.23900032043457,20.56999969482422,21.030000686645508,71700,0.0,0.0
2023-05-25 00:00:00-04:00,21.100000381469727,21.209999084472656,20.649999618530273,21.110000610351562,50200,0.0,0.0
2023-05-26 00:00:00-04:00,21.280000686645508,21.670000076293945,21.1299991607666,21.360000610351562,56400,0.0,0.0
2023-05-30 00:00:00-04:00,21.969999313354492,21.969999313354492,19.920000076293945,20.3799991607666,137500,0.0,0.0
2023-05-31 00:00:00-04:00,20.209999084472656,20.90999984741211,20.089000701904297,20.829999923706055,40100,0.0,0.0
2023-06-01 00:00:00-04:00,20.690000534057617,21.030000686645508,20.0,21.010000228881836,76300,0.0,0.0
2023-06-02 00:00:00-04:00,21.299999237060547,22.1200008392334,20.860000610351562,21.510000228881836,97300,0.0,0.0
2023-06-05 00:00:00-04:00,21.510000228881836,22.0,21.010000228881836,21.719999313354492,88900,0.0,0.0
2023-06-06 00:00:00-04:00,21.940000534057617,23.34000015258789,21.7450008392334,23.0,191600,0.0,0.0
2023-06-07 00:00:00-04:00,23.0,23.552000045776367,22.739999771118164,23.5,164600,0.0,0.0
2023-06-08 00:00:00-04:00,23.5,23.809999465942383,23.229999542236328,23.3799991607666,176700,0.0,0.0
2023-06-09 00:00:00-04:00,23.530000686645508,23.530000686645508,22.174999237060547,22.510000228881836,96100,0.0,0.0
2023-06-12 00:00:00-04:00,22.75,23.6200008392334,22.309999465942383,23.5,203200,0.0,0.0
2023-06-13 00:00:00-04:00,23.690000534057617,23.979999542236328,22.959999084472656,22.979999542236328,143700,0.0,0.0
2023-06-14 00:00:00-04:00,23.110000610351562,23.84000015258789,23.0,23.440000534057617,88900,0.0,0.0
2023-06-15 00:00:00-04:00,23.579999923706055,23.809999465942383,22.719999313354492,23.049999237060547,116700,0.0,0.0
2023-06-16 00:00:00-04:00,23.110000610351562,24.690000534057617,23.110000610351562,24.09000015258789,307500,0.0,0.0
2023-06-20 00:00:00-04:00,24.059999465942383,24.229999542236328,23.360000610351562,23.559999465942383,181700,0.0,0.0
2023-06-21 00:00:00-04:00,23.770000457763672,24.8700008392334,23.770000457763672,24.200000762939453,215500,0.0,0.0
2023-06-22 00:00:00-04:00,24.450000762939453,24.5,23.600000381469727,23.899999618530273,176700,0.0,0.0
2023-06-23 00:00:00-04:00,23.760000228881836,23.979999542236328,22.0,22.360000610351562,1365900,0.0,0.0
2023-06-26 00:00:00-04:00,22.3700008392334,23.479999542236328,22.270000457763672,23.31999969482422,193300,0.0,0.0
2023-06-27 00:00:00-04:00,23.479999542236328,24.399999618530273,23.299999237060547,24.170000076293945,224300,0.0,0.0
2023-06-28 00:00:00-04:00,24.479999542236328,25.343000411987305,24.1299991607666,25.0,208500,0.0,0.0
2023-06-29 00:00:00-04:00,25.170000076293945,25.18000030517578,24.1299991607666,24.270000457763672,156400,0.0,0.0
2023-06-30 00:00:00-04:00,24.700000762939453,25.139999389648438,24.3700008392334,24.729999542236328,128400,0.0,0.0
2023-07-03 00:00:00-04:00,24.739999771118164,25.850000381469727,24.729999542236328,25.75,174900,0.0,0.0
2023-07-05 00:00:00-04:00,26.030000686645508,26.75,25.200000762939453,25.280000686645508,254200,0.0,0.0
2023-07-06 00:00:00-04:00,25.280000686645508,25.280000686645508,23.799999237060547,24.329999923706055,240200,0.0,0.0
2023-07-07 00:00:00-04:00,24.459999084472656,26.68000030517578,24.413999557495117,26.290000915527344,325600,0.0,0.0
2023-07-10 00:00:00-04:00,26.389999389648438,26.46500015258789,25.43400001525879,25.940000534057617,250600,0.0,0.0
2023-07-11 00:00:00-04:00,26.09000015258789,26.2549991607666,24.56999969482422,25.809999465942383,193600,0.0,0.0
2023-07-12 00:00:00-04:00,26.110000610351562,26.5,25.6299991607666,25.84000015258789,136400,0.0,0.0
2023-07-13 00:00:00-04:00,26.079999923706055,26.709999084472656,25.75,25.959999084472656,148200,0.0,0.0
2023-07-14 00:00:00-04:00,26.290000915527344,26.90999984741211,26.024999618530273,26.780000686645508,166900,0.0,0.0
2023-07-17 00:00:00-04:00,26.829999923706055,28.239999771118164,26.829999923706055,27.5,343300,0.0,0.0
2023-07-18 00:00:00-04:00,28.0,28.170000076293945,26.6200008392334,27.030000686645508,243300,0.0,0.0
2023-07-19 00:00:00-04:00,27.15999984741211,28.084999084472656,27.06999969482422,27.969999313354492,223200,0.0,0.0
2023-07-20 00:00:00-04:00,28.1200008392334,28.1200008392334,25.84000015258789,26.239999771118164,241300,0.0,0.0
2023-07-21 00:00:00-04:00,26.469999313354492,26.8439998626709,25.059999465942383,25.1299991607666,188500,0.0,0.0
2023-07-24 00:00:00-04:00,25.25,26.020000457763672,24.510000228881836,25.0,173000,0.0,0.0
2023-07-25 00:00:00-04:00,25.139999389648438,25.809999465942383,24.139999389648438,25.290000915527344,172800,0.0,0.0
2023-07-26 00:00:00-04:00,25.329999923706055,26.0,25.059999465942383,25.65999984741211,111100,0.0,0.0
2023-07-27 00:00:00-04:00,25.979999542236328,26.280000686645508,24.020000457763672,24.600000381469727,181900,0.0,0.0
2023-07-28 00:00:00-04:00,25.06999969482422,26.18000030517578,24.770000457763672,25.860000610351562,163500,0.0,0.0
2023-07-31 00:00:00-04:00,25.860000610351562,26.639999389648438,25.0,26.420000076293945,167800,0.0,0.0
2023-08-01 00:00:00-04:00,26.549999237060547,27.479999542236328,26.510000228881836,27.34000015258789,136700,0.0,0.0
2023-08-02 00:00:00-04:00,27.1299991607666,27.690000534057617,26.459999084472656,27.0,154000,0.0,0.0
2023-08-03 00:00:00-04:00,26.770000457763672,26.770000457763672,25.399999618530273,26.479999542236328,156100,0.0,0.0
2023-08-04 00:00:00-04:00,26.59000015258789,27.684999465942383,26.086000442504883,27.020000457763672,196800,0.0,0.0
2023-08-07 00:00:00-04:00,27.399999618530273,27.399999618530273,25.059999465942383,26.469999313354492,284800,0.0,0.0
2023-08-08 00:00:00-04:00,26.450000762939453,27.96500015258789,26.19700050354004,27.450000762939453,265400,0.0,0.0
2023-08-09 00:00:00-04:00,28.030000686645508,28.200000762939453,26.850000381469727,27.639999389648438,228200,0.0,0.0
2023-08-10 00:00:00-04:00,32.54999923706055,33.86000061035156,30.65999984741211,33.68000030517578,757200,0.0,0.0
2023-08-11 00:00:00-04:00,33.939998626708984,33.939998626708984,32.08000183105469,32.79999923706055,236700,0.0,0.0
2023-08-14 00:00:00-04:00,32.779998779296875,33.2400016784668,31.68000030517578,32.630001068115234,282600,0.0,0.0
2023-08-15 00:00:00-04:00,32.72999954223633,33.58000183105469,32.0,33.439998626708984,204600,0.0,0.0
2023-08-16 00:00:00-04:00,33.93000030517578,34.20000076293945,31.724000930786133,31.770000457763672,241200,0.0,0.0
2023-08-17 00:00:00-04:00,31.889999389648438,32.61000061035156,29.739999771118164,30.010000228881836,328900,0.0,0.0
2023-08-18 00:00:00-04:00,29.200000762939453,33.16999816894531,28.809999465942383,32.75,405000,0.0,0.0
2023-08-21 00:00:00-04:00,33.30500030517578,35.77000045776367,33.150001525878906,35.09000015258789,387500,0.0,0.0
2023-08-22 00:00:00-04:00,35.36000061035156,35.650001525878906,34.104000091552734,34.619998931884766,208200,0.0,0.0
2023-08-23 00:00:00-04:00,34.709999084472656,36.439998626708984,34.119998931884766,35.88999938964844,262700,0.0,0.0
2023-08-24 00:00:00-04:00,36.810001373291016,37.709999084472656,35.650001525878906,36.040000915527344,388500,0.0,0.0
2023-08-25 00:00:00-04:00,36.04999923706055,36.369998931884766,31.729999542236328,33.400001525878906,518300,0.0,0.0
2023-08-28 00:00:00-04:00,33.47999954223633,36.20000076293945,32.75,35.77000045776367,318000,0.0,0.0
2023-08-29 00:00:00-04:00,35.779998779296875,35.779998779296875,33.06999969482422,35.02000045776367,344800,0.0,0.0
2023-08-30 00:00:00-04:00,35.650001525878906,36.88999938964844,34.43000030517578,36.7400016784668,266800,0.0,0.0
2023-08-31 00:00:00-04:00,36.90999984741211,37.29999923706055,36.0099983215332,36.130001068115234,201000,0.0,0.0
2023-09-01 00:00:00-04:00,36.38999938964844,37.47999954223633,36.26499938964844,36.7400016784668,176600,0.0,0.0
2023-09-05 00:00:00-04:00,36.939998626708984,37.08000183105469,35.130001068115234,35.349998474121094,226900,0.0,0.0
2023-09-06 00:00:00-04:00,35.209999084472656,36.36000061035156,34.17499923706055,34.459999084472656,172900,0.0,0.0
2023-09-07 00:00:00-04:00,34.20000076293945,35.060001373291016,33.4370002746582,34.95000076293945,184600,0.0,0.0
2023-09-08 00:00:00-04:00,35.290000915527344,36.93000030517578,35.290000915527344,36.029998779296875,244900,0.0,0.0
2023-09-11 00:00:00-04:00,36.16999816894531,36.63999938964844,34.5,35.16999816894531,278900,0.0,0.0
2023-09-12 00:00:00-04:00,34.90999984741211,34.90999984741211,31.729999542236328,31.93000030517578,289900,0.0,0.0
2023-09-13 00:00:00-04:00,32.04999923706055,33.119998931884766,31.240999221801758,32.880001068115234,297900,0.0,0.0
2023-09-14 00:00:00-04:00,33.25,34.38999938964844,32.77000045776367,32.97999954223633,180200,0.0,0.0
2023-09-15 00:00:00-04:00,33.0,33.34000015258789,31.829999923706055,32.0099983215332,216600,0.0,0.0
2023-09-18 00:00:00-04:00,31.940000534057617,32.73500061035156,31.34000015258789,31.34000015258789,137400,0.0,0.0
2023-09-19 00:00:00-04:00,31.329999923706055,32.10900115966797,31.040000915527344,31.510000228881836,140900,0.0,0.0
2023-09-20 00:00:00-04:00,31.520000457763672,32.17300033569336,31.280000686645508,31.530000686645508,98400,0.0,0.0
2023-09-21 00:00:00-04:00,31.010000228881836,31.1299991607666,29.72100067138672,30.079999923706055,284200,0.0,0.0
2023-09-22 00:00:00-04:00,30.020000457763672,30.6200008392334,29.100000381469727,29.530000686645508,278500,0.0,0.0
2023-09-25 00:00:00-04:00,29.309999465942383,31.389999389648438,29.219999313354492,31.0,286800,0.0,0.0
2023-09-26 00:00:00-04:00,30.549999237060547,31.299999237060547,30.040000915527344,30.200000762939453,174000,0.0,0.0
2023-09-27 00:00:00-04:00,30.260000228881836,32.20000076293945,30.25,31.56999969482422,183100,0.0,0.0
2023-09-28 00:00:00-04:00,31.5,32.84000015258789,31.5,32.0,160400,0.0,0.0
2023-09-29 00:00:00-04:00,32.31999969482422,32.5,31.670000076293945,31.729999542236328,422500,0.0,0.0
2023-10-02 00:00:00-04:00,31.600000381469727,31.878000259399414,30.15999984741211,30.5,242500,0.0,0.0
2023-10-03 00:00:00-04:00,29.8799991607666,30.408000946044922,28.21500015258789,28.90999984741211,217900,0.0,0.0
2023-10-04 00:00:00-04:00,28.299999237060547,29.8700008392334,28.0,29.290000915527344,160600,0.0,0.0
2023-10-05 00:00:00-04:00,29.229999542236328,29.579999923706055,28.0,28.1200008392334,363200,0.0,0.0
2023-10-06 00:00:00-04:00,28.0,29.489999771118164,27.84000015258789,29.280000686645508,169500,0.0,0.0
2023-10-09 00:00:00-04:00,29.170000076293945,30.40999984741211,28.761999130249023,30.209999084472656,135900,0.0,0.0
2023-10-10 00:00:00-04:00,30.350000381469727,31.709999084472656,30.34000015258789,30.68000030517578,164600,0.0,0.0
2023-10-11 00:00:00-04:00,30.59000015258789,31.0,29.290000915527344,29.969999313354492,200700,0.0,0.0
2023-10-12 00:00:00-04:00,30.110000610351562,30.700000762939453,29.6299991607666,30.030000686645508,133100,0.0,0.0
2023-10-13 00:00:00-04:00,30.1200008392334,30.1200008392334,28.100000381469727,28.5,138300,0.0,0.0
2023-10-16 00:00:00-04:00,28.770000457763672,30.21299934387207,28.770000457763672,29.899999618530273,124500,0.0,0.0
2023-10-17 00:00:00-04:00,29.850000381469727,30.690000534057617,29.649999618530273,29.940000534057617,164600,0.0,0.0
2023-10-18 00:00:00-04:00,29.790000915527344,30.110000610351562,29.2549991607666,29.3700008392334,180000,0.0,0.0
2023-10-19 00:00:00-04:00,29.3799991607666,30.079999923706055,28.68000030517578,28.809999465942383,160200,0.0,0.0
2023-10-20 00:00:00-04:00,28.639999389648438,29.940000534057617,28.25,29.299999237060547,592300,0.0,0.0
2023-10-23 00:00:00-04:00,28.829999923706055,29.040000915527344,26.760000228881836,28.59000015258789,196300,0.0,0.0
2023-10-24 00:00:00-04:00,29.270000457763672,29.832000732421875,28.75,28.959999084472656,98300,0.0,0.0
2023-10-25 00:00:00-04:00,28.700000762939453,29.25,28.309999465942383,28.520000457763672,91900,0.0,0.0
2023-10-26 00:00:00-04:00,28.43000030517578,29.450000762939453,28.200000762939453,28.610000610351562,118500,0.0,0.0
2023-10-27 00:00:00-04:00,28.809999465942383,28.809999465942383,27.450000762939453,28.170000076293945,86100,0.0,0.0
2023-10-30 00:00:00-04:00,28.649999618530273,29.204999923706055,28.209999084472656,28.885000228881836,102700,0.0,0.0
2023-10-31 00:00:00-04:00,28.780000686645508,29.989999771118164,28.719999313354492,29.799999237060547,106000,0.0,0.0
2023-11-01 00:00:00-04:00,29.780000686645508,30.09000015258789,29.059999465942383,30.020000457763672,131700,0.0,0.0
2023-11-02 00:00:00-04:00,31.149999618530273,31.149999618530273,29.850000381469727,30.56999969482422,124100,0.0,0.0
2023-11-03 00:00:00-04:00,31.5,31.510000228881836,29.854999542236328,30.170000076293945,130700,0.0,0.0
2023-11-06 00:00:00-05:00,30.170000076293945,30.329999923706055,29.5,30.280000686645508,103200,0.0,0.0
2023-11-07 00:00:00-05:00,31.040000915527344,31.100000381469727,30.1299991607666,30.34000015258789,249300,0.0,0.0
2023-11-08 00:00:00-05:00,30.670000076293945,30.850000381469727,29.549999237060547,29.940000534057617,132600,0.0,0.0
2023-11-09 00:00:00-05:00,31.780000686645508,35.790000915527344,31.18000030517578,35.290000915527344,472800,0.0,0.0
2023-11-10 00:00:00-05:00,35.290000915527344,37.025001525878906,34.75,36.27000045776367,221900,0.0,0.0
2023-11-13 00:00:00-05:00,36.40999984741211,36.40999984741211,34.54999923706055,35.34000015258789,264300,0.0,0.0
2023-11-14 00:00:00-05:00,36.959999084472656,38.83000183105469,36.21799850463867,38.54999923706055,327400,0.0,0.0
2023-11-15 00:00:00-05:00,39.22999954223633,40.849998474121094,38.54999923706055,39.41999816894531,251800,0.0,0.0
2023-11-16 00:00:00-05:00,39.43000030517578,39.869998931884766,38.76499938964844,39.369998931884766,100100,0.0,0.0
2023-11-17 00:00:00-05:00,40.650001525878906,40.650001525878906,38.650001525878906,39.869998931884766,114200,0.0,0.0
2023-11-20 00:00:00-05:00,39.97999954223633,39.9900016784668,38.470001220703125,39.04999923706055,110300,0.0,0.0
2023-11-21 00:00:00-05:00,38.970001220703125,39.29999923706055,38.43000030517578,38.59000015258789,107300,0.0,0.0
2023-11-22 00:00:00-05:00,38.81999969482422,40.36000061035156,38.599998474121094,40.25,149200,0.0,0.0
2023-11-24 00:00:00-05:00,40.47999954223633,41.02000045776367,40.099998474121094,40.47999954223633,93100,0.0,0.0
2023-11-27 00:00:00-05:00,40.220001220703125,40.38999938964844,39.21500015258789,39.72999954223633,122500,0.0,0.0
2023-11-28 00:00:00-05:00,39.939998626708984,39.939998626708984,38.29999923706055,38.86000061035156,93300,0.0,0.0
2023-11-29 00:00:00-05:00,39.099998474121094,39.689998626708984,37.33000183105469,37.720001220703125,141700,0.0,0.0
2023-11-30 00:00:00-05:00,37.529998779296875,38.430999755859375,37.11000061035156,38.119998931884766,86000,0.0,0.0
2023-12-01 00:00:00-05:00,38.25,39.9900016784668,37.875999450683594,39.90999984741211,122000,0.0,0.0
2023-12-04 00:00:00-05:00,39.439998626708984,41.220001220703125,39.189998626708984,40.59000015258789,217700,0.0,0.0
2023-12-05 00:00:00-05:00,40.56999969482422,41.0,39.513999938964844,40.779998779296875,89100,0.0,0.0
2023-12-06 00:00:00-05:00,41.5,41.744998931884766,39.86000061035156,40.209999084472656,117900,0.0,0.0
2023-12-07 00:00:00-05:00,40.75,40.75,39.516998291015625,40.27000045776367,115500,0.0,0.0
2023-12-08 00:00:00-05:00,40.27000045776367,42.220001220703125,40.27000045776367,41.959999084472656,179100,0.0,0.0
2023-12-11 00:00:00-05:00,42.209999084472656,42.34000015258789,41.266998291015625,41.47999954223633,141200,0.0,0.0
2023-12-12 00:00:00-05:00,41.5099983215332,42.29999923706055,41.369998931884766,42.040000915527344,95000,0.0,0.0
2023-12-13 00:00:00-05:00,42.459999084472656,43.33000183105469,41.099998474121094,43.220001220703125,125200,0.0,0.0
2023-12-14 00:00:00-05:00,43.9900016784668,44.696998596191406,42.810001373291016,44.25,149400,0.0,0.0
2023-12-15 00:00:00-05:00,44.689998626708984,44.689998626708984,42.189998626708984,43.209999084472656,178300,0.0,0.0
2023-12-18 00:00:00-05:00,43.209999084472656,43.90299987792969,42.47999954223633,43.2599983215332,91700,0.0,0.0
2023-12-19 00:00:00-05:00,43.540000915527344,44.4900016784668,43.29999923706055,43.900001525878906,87600,0.0,0.0
2023-12-20 00:00:00-05:00,44.18000030517578,45.38999938964844,43.630001068115234,43.68000030517578,144900,0.0,0.0
2023-12-21 00:00:00-05:00,44.63999938964844,44.70000076293945,43.51499938964844,44.470001220703125,89200,0.0,0.0
2023-12-22 00:00:00-05:00,44.470001220703125,45.071998596191406,44.02000045776367,44.650001525878906,78100,0.0,0.0
2023-12-26 00:00:00-05:00,44.650001525878906,45.12200164794922,43.90999984741211,44.869998931884766,86900,0.0,0.0
2023-12-27 00:00:00-05:00,44.79999923706055,46.31999969482422,44.53099822998047,46.11000061035156,154100,0.0,0.0
2023-12-28 00:00:00-05:00,46.150001525878906,46.61000061035156,45.5,45.849998474121094,107700,0.0,0.0
2023-12-29 00:00:00-05:00,45.900001525878906,46.29999923706055,44.56999969482422,45.470001220703125,158400,0.0,0.0
2024-01-02 00:00:00-05:00,45.33000183105469,45.95000076293945,43.79999923706055,43.95000076293945,205500,0.0,0.0
2024-01-03 00:00:00-05:00,43.0,43.18000030517578,41.09000015258789,41.45000076293945,188200,0.0,0.0
2024-01-04 00:00:00-05:00,41.56999969482422,43.904998779296875,41.45000076293945,42.86000061035156,161900,0.0,0.0
2024-01-05 00:00:00-05:00,42.5,44.22999954223633,41.83000183105469,42.27000045776367,135200,0.0,0.0
2024-01-08 00:00:00-05:00,42.75,43.310001373291016,42.36000061035156,42.52000045776367,132300,0.0,0.0
2024-01-09 00:00:00-05:00,41.7599983215332,41.7599983215332,39.6879997253418,41.099998474121094,155100,0.0,0.0
2024-01-10 00:00:00-05:00,40.84000015258789,41.20000076293945,39.0,39.7599983215332,222300,0.0,0.0
2024-01-11 00:00:00-05:00,39.279998779296875,39.972999572753906,38.81999969482422,39.79999923706055,166000,0.0,0.0
2024-01-12 00:00:00-05:00,40.36000061035156,40.933998107910156,39.29999923706055,39.58000183105469,90800,0.0,0.0
2024-01-16 00:00:00-05:00,39.5,39.5,36.48099899291992,37.77000045776367,255200,0.0,0.0
2024-01-17 00:00:00-05:00,37.029998779296875,37.400001525878906,35.52000045776367,36.720001220703125,211100,0.0,0.0
2024-01-18 00:00:00-05:00,36.81999969482422,37.400001525878906,35.23500061035156,36.439998626708984,194400,0.0,0.0
2024-01-19 00:00:00-05:00,36.47999954223633,38.15999984741211,35.529998779296875,37.88999938964844,449600,0.0,0.0
2024-01-22 00:00:00-05:00,37.52000045776367,38.900001525878906,37.15999984741211,38.900001525878906,174900,0.0,0.0
2024-01-23 00:00:00-05:00,39.0,39.7400016784668,38.5099983215332,39.45000076293945,192100,0.0,0.0
2024-01-24 00:00:00-05:00,39.79999923706055,40.16999816894531,38.9900016784668,40.08000183105469,218600,0.0,0.0
2024-01-25 00:00:00-05:00,40.70000076293945,42.0,40.65999984741211,41.5099983215332,135900,0.0,0.0
2024-01-26 00:00:00-05:00,41.88999938964844,42.22999954223633,41.380001068115234,42.209999084472656,98900,0.0,0.0
2024-01-29 00:00:00-05:00,41.81999969482422,42.9900016784668,41.209999084472656,42.709999084472656,115400,0.0,0.0
2024-01-30 00:00:00-05:00,42.5,43.52000045776367,42.28499984741211,42.84000015258789,128800,0.0,0.0
2024-01-31 00:00:00-05:00,42.84000015258789,44.125,42.25400161743164,43.0,158100,0.0,0.0
2024-02-01 00:00:00-05:00,43.290000915527344,44.040000915527344,42.70000076293945,43.290000915527344,91200,0.0,0.0
2024-02-02 00:00:00-05:00,42.95000076293945,43.599998474121094,42.099998474121094,43.380001068115234,158200,0.0,0.0
2024-02-05 00:00:00-05:00,43.209999084472656,43.349998474121094,42.54999923706055,42.66999816894531,85000,0.0,0.0
2024-02-06 00:00:00-05:00,42.529998779296875,42.81999969482422,41.720001220703125,42.560001373291016,123100,0.0,0.0
2024-02-07 00:00:00-05:00,42.709999084472656,42.755001068115234,42.02000045776367,42.34000015258789,111000,0.0,0.0
2024-02-08 00:00:00-05:00,42.150001525878906,43.810001373291016,42.13999938964844,42.900001525878906,81500,0.0,0.0
2024-02-09 00:00:00-05:00,42.93000030517578,44.970001220703125,42.93000030517578,44.810001373291016,111000,0.0,0.0
2024-02-12 00:00:00-05:00,44.81999969482422,45.356998443603516,44.220001220703125,44.5099983215332,130300,0.0,0.0
2024-02-13 00:00:00-05:00,42.63999938964844,43.220001220703125,40.0099983215332,42.16999816894531,246700,0.0,0.0
2024-02-14 00:00:00-05:00,42.95000076293945,44.77000045776367,42.41999816894531,44.77000045776367,89000,0.0,0.0
2024-02-15 00:00:00-05:00,45.20000076293945,45.90999984741211,44.02000045776367,45.220001220703125,107900,0.0,0.0
2024-02-16 00:00:00-05:00,44.68000030517578,45.599998474121094,43.277000427246094,44.47999954223633,77700,0.0,0.0
2024-02-20 00:00:00-05:00,43.650001525878906,43.650001525878906,42.073001861572266,42.43000030517578,142300,0.0,0.0
2024-02-21 00:00:00-05:00,42.08000183105469,42.09000015258789,40.560001373291016,41.41999816894531,124600,0.0,0.0
2024-02-22 00:00:00-05:00,41.88999938964844,42.12799835205078,40.36000061035156,40.45000076293945,125400,0.0,0.0
2024-02-23 00:00:00-05:00,40.04999923706055,42.45500183105469,39.983001708984375,42.189998626708984,197100,0.0,0.0
2024-02-26 00:00:00-05:00,42.58000183105469,46.54999923706055,42.32699966430664,46.0,193600,0.0,0.0
2024-02-27 00:00:00-05:00,46.099998474121094,47.900001525878906,46.099998474121094,47.720001220703125,156600,0.0,0.0
2024-02-28 00:00:00-05:00,47.150001525878906,49.560001373291016,47.099998474121094,48.2400016784668,265300,0.0,0.0
2024-02-29 00:00:00-05:00,49.369998931884766,50.439998626708984,48.81800079345703,49.2400016784668,130400,0.0,0.0
2024-03-01 00:00:00-05:00,49.689998626708984,51.2599983215332,48.81999969482422,50.97999954223633,138300,0.0,0.0
2024-03-04 00:00:00-05:00,51.7400016784668,52.90999984741211,50.66999816894531,51.849998474121094,173000,0.0,0.0
2024-03-05 00:00:00-05:00,51.849998474121094,52.959999084472656,50.75,51.7599983215332,295700,0.0,0.0
2024-03-06 00:00:00-05:00,52.09000015258789,52.189998626708984,48.2599983215332,48.70000076293945,230500,0.0,0.0
2024-03-07 00:00:00-05:00,49.40999984741211,50.40999984741211,48.72999954223633,49.619998931884766,165300,0.0,0.0
2024-03-08 00:00:00-05:00,50.290000915527344,52.64500045776367,50.290000915527344,51.2400016784668,105700,0.0,0.0
2024-03-11 00:00:00-04:00,50.97999954223633,50.97999954223633,47.54100036621094,48.849998474121094,143400,0.0,0.0
2024-03-12 00:00:00-04:00,49.040000915527344,50.569000244140625,48.7400016784668,49.619998931884766,211000,0.0,0.0
2024-03-13 00:00:00-04:00,50.5,51.0,48.470001220703125,49.7599983215332,233600,0.0,0.0
2024-03-14 00:00:00-04:00,44.79999923706055,46.470001220703125,39.560001373291016,41.66999816894531,1060900,0.0,0.0
2024-03-15 00:00:00-04:00,41.369998931884766,43.33000183105469,41.0,41.25,639400,0.0,0.0
2024-03-18 00:00:00-04:00,41.9900016784668,43.8650016784668,41.43000030517578,42.290000915527344,257700,0.0,0.0
2024-03-19 00:00:00-04:00,41.650001525878906,42.26499938964844,39.849998474121094,41.720001220703125,162500,0.0,0.0
2024-03-20 00:00:00-04:00,41.56999969482422,44.31999969482422,41.349998474121094,43.939998626708984,155800,0.0,0.0
2024-03-21 00:00:00-04:00,44.2400016784668,44.849998474121094,43.31999969482422,44.43000030517578,137600,0.0,0.0
2024-03-22 00:00:00-04:00,43.9900016784668,44.52000045776367,43.04999923706055,43.060001373291016,112500,0.0,0.0
2024-03-25 00:00:00-04:00,43.400001525878906,43.400001525878906,41.970001220703125,42.290000915527344,87900,0.0,0.0
2024-03-26 00:00:00-04:00,42.220001220703125,42.91299819946289,41.810001373291016,42.369998931884766,155300,0.0,0.0
2024-03-27 00:00:00-04:00,42.66999816894531,43.060001373291016,40.599998474121094,41.61000061035156,196300,0.0,0.0
2024-03-28 00:00:00-04:00,41.61000061035156,42.369998931884766,40.856998443603516,41.41999816894531,229500,0.0,0.0
2024-04-01 00:00:00-04:00,41.439998626708984,42.72999954223633,41.43000030517578,41.439998626708984,107000,0.0,0.0
2024-04-02 00:00:00-04:00,41.0099983215332,41.0099983215332,39.790000915527344,40.5099983215332,93400,0.0,0.0
2024-04-03 00:00:00-04:00,39.97999954223633,41.724998474121094,39.970001220703125,41.470001220703125,80400,0.0,0.0
2024-04-04 00:00:00-04:00,42.02000045776367,42.3849983215332,40.59000015258789,40.599998474121094,73900,0.0,0.0
2024-04-05 00:00:00-04:00,40.650001525878906,43.70000076293945,40.650001525878906,43.04999923706055,141200,0.0,0.0
2024-04-08 00:00:00-04:00,43.13999938964844,43.13999938964844,40.78300094604492,41.060001373291016,252400,0.0,0.0
2024-04-09 00:00:00-04:00,41.0,41.31999969482422,39.70000076293945,40.90999984741211,147300,0.0,0.0
2024-04-10 00:00:00-04:00,39.369998931884766,40.68000030517578,38.029998779296875,39.599998474121094,162200,0.0,0.0
2024-04-11 00:00:00-04:00,39.5099983215332,40.66999816894531,39.222999572753906,40.63999938964844,91200,0.0,0.0
2024-04-12 00:00:00-04:00,40.290000915527344,41.16999816894531,39.33000183105469,39.529998779296875,101500,0.0,0.0
2024-04-15 00:00:00-04:00,39.029998779296875,40.20000076293945,38.91999816894531,39.02000045776367,90600,0.0,0.0
2024-04-16 00:00:00-04:00,38.75,39.685001373291016,38.393001556396484,39.29999923706055,67300,0.0,0.0
2024-04-17 00:00:00-04:00,40.02000045776367,40.63999938964844,39.2599983215332,39.31999969482422,173700,0.0,0.0
2024-04-18 00:00:00-04:00,39.290000915527344,41.54999923706055,39.28200149536133,40.02000045776367,114600,0.0,0.0
2024-04-19 00:00:00-04:00,39.720001220703125,40.72999954223633,38.70000076293945,39.310001373291016,295200,0.0,0.0
2024-04-22 00:00:00-04:00,39.52000045776367,40.209999084472656,38.8650016784668,39.77000045776367,76400,0.0,0.0
2024-04-23 00:00:00-04:00,39.630001068115234,42.29999923706055,39.630001068115234,42.209999084472656,117800,0.0,0.0
2024-04-24 00:00:00-04:00,42.25,42.9900016784668,41.959999084472656,42.5099983215332,119700,0.0,0.0
2024-04-25 00:00:00-04:00,41.22999954223633,43.099998474121094,41.029998779296875,42.869998931884766,228000,0.0,0.0
2024-04-26 00:00:00-04:00,43.04999923706055,44.724998474121094,43.0,44.45000076293945,151700,0.0,0.0
2024-04-29 00:00:00-04:00,44.7400016784668,46.7599983215332,44.36000061035156,46.189998626708984,238500,0.0,0.0
2024-04-30 00:00:00-04:00,46.150001525878906,46.959999084472656,45.28900146484375,45.33000183105469,135700,0.0,0.0
2024-05-01 00:00:00-04:00,45.130001068115234,46.20000076293945,44.275001525878906,45.43000030517578,119900,0.0,0.0
2024-05-02 00:00:00-04:00,46.130001068115234,46.130001068115234,44.41999816894531,44.849998474121094,100400,0.0,0.0
2024-05-03 00:00:00-04:00,45.43000030517578,46.34000015258789,44.900001525878906,45.310001373291016,127500,0.0,0.0
2024-05-06 00:00:00-04:00,45.650001525878906,46.970001220703125,45.650001525878906,46.470001220703125,101900,0.0,0.0
2024-05-07 00:00:00-04:00,46.29999923706055,48.599998474121094,46.29999923706055,48.209999084472656,335000,0.0,0.0
2024-05-08 00:00:00-04:00,48.16999816894531,48.650001525878906,47.93000030517578,48.380001068115234,197700,0.0,0.0
2024-05-09 00:00:00-04:00,47.720001220703125,49.150001525878906,43.779998779296875,47.66999816894531,404700,0.0,0.0
2024-05-10 00:00:00-04:00,48.08000183105469,51.7599983215332,47.79999923706055,51.38999938964844,160800,0.0,0.0
2024-05-13 00:00:00-04:00,51.70000076293945,52.08000183105469,49.75,50.470001220703125,269000,0.0,0.0
2024-05-14 00:00:00-04:00,50.470001220703125,50.810001373291016,49.59000015258789,50.16999816894531,189300,0.0,0.0
2024-05-15 00:00:00-04:00,50.5,51.064998626708984,49.96500015258789,50.65999984741211,188500,0.0,0.0
2024-05-16 00:00:00-04:00,50.25,50.560001373291016,48.36000061035156,48.36000061035156,124900,0.0,0.0
2024-05-17 00:00:00-04:00,48.709999084472656,48.709999084472656,47.220001220703125,47.7400016784668,163600,0.0,0.0
2024-05-20 00:00:00-04:00,47.65999984741211,48.720001220703125,47.415000915527344,48.5,104900,0.0,0.0
2024-05-21 00:00:00-04:00,49.58000183105469,53.939998626708984,49.349998474121094,53.529998779296875,260000,0.0,0.0
2024-05-22 00:00:00-04:00,53.459999084472656,56.45000076293945,52.0,55.95000076293945,361400,0.0,0.0
2024-05-23 00:00:00-04:00,57.290000915527344,58.150001525878906,55.279998779296875,55.900001525878906,256800,0.0,0.0
2024-05-24 00:00:00-04:00,56.68000030517578,58.81999969482422,56.224998474121094,58.0099983215332,132500,0.0,0.0
2024-05-28 00:00:00-04:00,58.16999816894531,58.630001068115234,57.209999084472656,58.43000030517578,136600,0.0,0.0
2024-05-29 00:00:00-04:00,57.790000915527344,58.35499954223633,57.130001068115234,57.63999938964844,71100,0.0,0.0
2024-05-30 00:00:00-04:00,58.310001373291016,59.959999084472656,57.696998596191406,58.79999923706055,111300,0.0,0.0
2024-05-31 00:00:00-04:00,58.79999923706055,59.25,55.939998626708984,57.08000183105469,104400,0.0,0.0
2024-06-03 00:00:00-04:00,57.880001068115234,58.68000030517578,55.47999954223633,55.630001068115234,104300,0.0,0.0
2024-06-04 00:00:00-04:00,55.040000915527344,55.040000915527344,52.90999984741211,54.0099983215332,164600,0.0,0.0
2024-06-05 00:00:00-04:00,53.7599983215332,56.119998931884766,53.28499984741211,55.77000045776367,79100,0.0,0.0
2024-06-06 00:00:00-04:00,55.61000061035156,57.29999923706055,55.560001373291016,56.869998931884766,120700,0.0,0.0
2024-06-07 00:00:00-04:00,56.63999938964844,58.09000015258789,55.51300048828125,57.38999938964844,98700,0.0,0.0
2024-06-10 00:00:00-04:00,57.11000061035156,58.0,56.45000076293945,56.86000061035156,114100,0.0,0.0
2024-06-11 00:00:00-04:00,56.2400016784668,57.68000030517578,55.540000915527344,56.9900016784668,182600,0.0,0.0
2024-06-12 00:00:00-04:00,58.9900016784668,60.47999954223633,57.400001525878906,59.650001525878906,156000,0.0,0.0
2024-06-13 00:00:00-04:00,59.5,60.119998931884766,58.1879997253418,59.7599983215332,127400,0.0,0.0
2024-06-14 00:00:00-04:00,59.08000183105469,59.08000183105469,56.09000015258789,56.220001220703125,120100,0.0,0.0
2024-06-17 00:00:00-04:00,55.369998931884766,56.34000015258789,53.099998474121094,54.470001220703125,141600,0.0,0.0
2024-06-18 00:00:00-04:00,54.81999969482422,57.81999969482422,54.02000045776367,57.09000015258789,91600,0.0,0.0
2024-06-20 00:00:00-04:00,57.4900016784668,57.790000915527344,54.2599983215332,55.13999938964844,89800,0.0,0.0
2024-06-21 00:00:00-04:00,54.93000030517578,55.25,53.540000915527344,54.060001373291016,150600,0.0,0.0
2024-06-24 00:00:00-04:00,54.099998474121094,57.30799865722656,53.65999984741211,56.95000076293945,110200,0.0,0.0
2024-06-25 00:00:00-04:00,57.40999984741211,58.04999923706055,56.47999954223633,57.93000030517578,96300,0.0,0.0
2024-06-26 00:00:00-04:00,57.099998474121094,57.77000045776367,55.59000015258789,56.2599983215332,126200,0.0,0.0
2024-06-27 00:00:00-04:00,55.34000015258789,57.529998779296875,55.34000015258789,56.720001220703125,77800,0.0,0.0
2024-06-28 00:00:00-04:00,57.029998779296875,58.8650016784668,55.84000015258789,56.93000030517578,616900,0.0,0.0
2024-07-01 00:00:00-04:00,56.93000030517578,57.641998291015625,54.52000045776367,54.939998626708984,97000,0.0,0.0
2024-07-02 00:00:00-04:00,54.84000015258789,56.04999923706055,54.54999923706055,55.90999984741211,73300,0.0,0.0
2024-07-03 00:00:00-04:00,56.099998474121094,57.369998931884766,55.709999084472656,57.369998931884766,47700,0.0,0.0
2024-07-05 00:00:00-04:00,56.95000076293945,57.59000015258789,54.81999969482422,55.709999084472656,111800,0.0,0.0
2024-07-08 00:00:00-04:00,56.27000045776367,58.18000030517578,55.9900016784668,56.91999816894531,118100,0.0,0.0
2024-07-09 00:00:00-04:00,56.939998626708984,57.5,56.33000183105469,56.75,62100,0.0,0.0
2024-07-10 00:00:00-04:00,57.0,58.7400016784668,56.040000915527344,58.47999954223633,131200,0.0,0.0
2024-07-11 00:00:00-04:00,59.75,62.38999938964844,58.099998474121094,62.0,203200,0.0,0.0
2024-07-12 00:00:00-04:00,63.529998779296875,63.529998779296875,60.529998779296875,60.88999938964844,147300,0.0,0.0
2024-07-15 00:00:00-04:00,61.70000076293945,64.7699966430664,60.599998474121094,64.23999786376953,233600,0.0,0.0
2024-07-16 00:00:00-04:00,64.44999694824219,65.93000030517578,62.099998474121094,65.38999938964844,323500,0.0,0.0
2024-07-17 00:00:00-04:00,65.20999908447266,66.63999938964844,59.61000061035156,59.880001068115234,245900,0.0,0.0
2024-07-18 00:00:00-04:00,60.5099983215332,63.43000030517578,57.82099914550781,59.63999938964844,235900,0.0,0.0
2024-07-19 00:00:00-04:00,60.16999816894531,62.52799987792969,59.290000915527344,60.290000915527344,667000,0.0,0.0
2024-07-22 00:00:00-04:00,61.130001068115234,63.0,59.08000183105469,61.33000183105469,166800,0.0,0.0
2024-07-23 00:00:00-04:00,61.33000183105469,64.5,60.68899917602539,63.86000061035156,153000,0.0,0.0
2024-07-24 00:00:00-04:00,63.529998779296875,64.98999786376953,60.130001068115234,60.130001068115234,144900,0.0,0.0
2024-07-25 00:00:00-04:00,59.63999938964844,60.63999938964844,56.630001068115234,59.31999969482422,130200,0.0,0.0
2024-07-26 00:00:00-04:00,60.959999084472656,63.959999084472656,60.959999084472656,63.75,125100,0.0,0.0
2024-07-29 00:00:00-04:00,64.51000213623047,65.33999633789062,60.02000045776367,60.060001373291016,95300,0.0,0.0
2024-07-30 00:00:00-04:00,59.79999923706055,61.5099983215332,58.709999084472656,59.79999923706055,156200,0.0,0.0
2024-07-31 00:00:00-04:00,61.529998779296875,64.375,60.61000061035156,63.720001220703125,134300,0.0,0.0
2024-08-01 00:00:00-04:00,63.7599983215332,64.8499984741211,58.56999969482422,59.54999923706055,176000,0.0,0.0
2024-08-02 00:00:00-04:00,56.099998474121094,57.189998626708984,53.0099983215332,55.43000030517578,292200,0.0,0.0
2024-08-05 00:00:00-04:00,50.08000183105469,54.11000061035156,48.16999816894531,52.4900016784668,260800,0.0,0.0
2024-08-06 00:00:00-04:00,55.349998474121094,57.58000183105469,53.78499984741211,56.25,226400,0.0,0.0
2024-08-07 00:00:00-04:00,58.880001068115234,62.0,58.18000030517578,59.790000915527344,364000,0.0,0.0
2024-08-08 00:00:00-04:00,60.7599983215332,63.61000061035156,59.09000015258789,61.470001220703125,164700,0.0,0.0
2024-08-09 00:00:00-04:00,61.709999084472656,61.86000061035156,57.970001220703125,59.310001373291016,203500,0.0,0.0
2024-08-12 00:00:00-04:00,59.900001525878906,60.41999816894531,56.869998931884766,57.15999984741211,157700,0.0,0.0
2024-08-13 00:00:00-04:00,57.68000030517578,60.02000045776367,57.68000030517578,59.86000061035156,252600,0.0,0.0
2024-08-14 00:00:00-04:00,60.119998931884766,60.7400016784668,57.33000183105469,59.27000045776367,164700,0.0,0.0
2024-08-15 00:00:00-04:00,60.77000045776367,60.810001373291016,58.0,59.119998931884766,148800,0.0,0.0
2024-08-16 00:00:00-04:00,59.25,60.31999969482422,58.435001373291016,59.58000183105469,198200,0.0,0.0
2024-08-19 00:00:00-04:00,59.59000015258789,61.2400016784668,59.08000183105469,60.380001068115234,151400,0.0,0.0
2024-08-20 00:00:00-04:00,60.34000015258789,60.849998474121094,58.90999984741211,59.869998931884766,85700,0.0,0.0
2024-08-21 00:00:00-04:00,60.33000183105469,62.2400016784668,59.84000015258789,62.189998626708984,69600,0.0,0.0
2024-08-22 00:00:00-04:00,62.47999954223633,63.27000045776367,61.689998626708984,62.25,90700,0.0,0.0
2024-08-23 00:00:00-04:00,62.97999954223633,65.72000122070312,62.43000030517578,65.36000061035156,135800,0.0,0.0
2024-08-26 00:00:00-04:00,65.7699966430664,66.06500244140625,62.57500076293945,64.80999755859375,112200,0.0,0.0
2024-08-27 00:00:00-04:00,64.54000091552734,65.92500305175781,63.369998931884766,65.23999786376953,74300,0.0,0.0
2024-08-28 00:00:00-04:00,65.27999877929688,65.27999877929688,62.900001525878906,63.97999954223633,123600,0.0,0.0
2024-08-29 00:00:00-04:00,64.02999877929688,65.2249984741211,63.290000915527344,64.54000091552734,70400,0.0,0.0
2024-08-30 00:00:00-04:00,65.4800033569336,65.86000061035156,64.08999633789062,64.62999725341797,223000,0.0,0.0
2024-09-03 00:00:00-04:00,64.2300033569336,65.1500015258789,59.67599868774414,60.36000061035156,150500,0.0,0.0
2024-09-04 00:00:00-04:00,59.779998779296875,64.69999694824219,59.59000015258789,63.970001220703125,145800,0.0,0.0
2024-09-05 00:00:00-04:00,64.08000183105469,64.30000305175781,60.959999084472656,61.939998626708984,83300,0.0,0.0
2024-09-06 00:00:00-04:00,61.939998626708984,62.31999969482422,60.27000045776367,60.93000030517578,70300,0.0,0.0
2024-09-09 00:00:00-04:00,61.709999084472656,65.50900268554688,61.709999084472656,64.47000122070312,108000,0.0,0.0
2024-09-10 00:00:00-04:00,65.23999786376953,66.88999938964844,64.40499877929688,66.63999938964844,116100,0.0,0.0
2024-09-11 00:00:00-04:00,66.63999938964844,68.94000244140625,64.91000366210938,68.55000305175781,143300,0.0,0.0
2024-09-12 00:00:00-04:00,69.0,73.37000274658203,68.83499908447266,71.11000061035156,191100,0.0,0.0
2024-09-13 00:00:00-04:00,72.22000122070312,72.9000015258789,70.80999755859375,71.98999786376953,86500,0.0,0.0
2024-09-16 00:00:00-04:00,72.5,76.20999908447266,71.55999755859375,72.2300033569336,176100,0.0,0.0
2024-09-17 00:00:00-04:00,73.04000091552734,75.1500015258789,71.87000274658203,73.52999877929688,104400,0.0,0.0
2024-09-18 00:00:00-04:00,73.5,75.8499984741211,72.28399658203125,74.37999725341797,115700,0.0,0.0
2024-09-19 00:00:00-04:00,76.4000015258789,77.75,75.0,77.06999969482422,272700,0.0,0.0
2024-09-20 00:00:00-04:00,77.2699966430664,80.62100219726562,77.2699966430664,80.0199966430664,418000,0.0,0.0
2024-09-23 00:00:00-04:00,80.1500015258789,82.20999908447266,75.8499984741211,76.30999755859375,158100,0.0,0.0
2024-09-24 00:00:00-04:00,76.13999938964844,76.47000122070312,71.41000366210938,73.83000183105469,221900,0.0,0.0
2024-09-25 00:00:00-04:00,74.05999755859375,76.83999633789062,73.30500030517578,74.55000305175781,137200,0.0,0.0
2024-09-26 00:00:00-04:00,75.95999908447266,76.5250015258789,74.11000061035156,74.43000030517578,91800,0.0,0.0
2024-09-27 00:00:00-04:00,74.72000122070312,76.18000030517578,73.2770004272461,74.72000122070312,56400,0.0,0.0
2024-09-30 00:00:00-04:00,74.87000274658203,77.25,74.53500366210938,75.76000213623047,137300,0.0,0.0
2024-10-01 00:00:00-04:00,75.63999938964844,75.91999816894531,73.22000122070312,74.29000091552734,75000,0.0,0.0
2024-10-02 00:00:00-04:00,73.9800033569336,77.01000213623047,73.12999725341797,77.0,100100,0.0,0.0
2024-10-03 00:00:00-04:00,77.0,77.79000091552734,76.2750015258789,77.25,144500,0.0,0.0
2024-10-04 00:00:00-04:00,78.19999694824219,78.8499984741211,76.12999725341797,77.37999725341797,78400,0.0,0.0
2024-10-07 00:00:00-04:00,77.16999816894531,78.69000244140625,76.51000213623047,77.73999786376953,74600,0.0,0.0
2024-10-08 00:00:00-04:00,78.05000305175781,78.98999786376953,75.26499938964844,76.7300033569336,131400,0.0,0.0
2024-10-09 00:00:00-04:00,76.75,78.08999633789062,76.03500366210938,78.08000183105469,92700,0.0,0.0
2024-10-10 00:00:00-04:00,77.11000061035156,80.27999877929688,76.04000091552734,79.87000274658203,128200,0.0,0.0
2024-10-11 00:00:00-04:00,80.37999725341797,82.30999755859375,79.62000274658203,82.11000061035156,159900,0.0,0.0
2024-10-14 00:00:00-04:00,82.75,86.99700164794922,82.47000122070312,84.73999786376953,202300,0.0,0.0
2024-10-15 00:00:00-04:00,84.73999786376953,85.47000122070312,79.5790023803711,81.73999786376953,161600,0.0,0.0
2024-10-16 00:00:00-04:00,82.94999694824219,85.25,82.47000122070312,83.36000061035156,113400,0.0,0.0
2024-10-17 00:00:00-04:00,81.29000091552734,83.66999816894531,80.1500015258789,81.43000030517578,158800,0.0,0.0
2024-10-18 00:00:00-04:00,81.62000274658203,82.36000061035156,80.38999938964844,81.70999908447266,145300,0.0,0.0
2024-10-21 00:00:00-04:00,82.66999816894531,83.23799896240234,81.30000305175781,82.08000183105469,95900,0.0,0.0
2024-10-22 00:00:00-04:00,81.87000274658203,81.87000274658203,79.77999877929688,80.88999938964844,72800,0.0,0.0
2024-10-23 00:00:00-04:00,80.22000122070312,81.47000122070312,79.0,81.12999725341797,78900,0.0,0.0
2024-10-24 00:00:00-04:00,81.02999877929688,82.0,80.22000122070312,81.08999633789062,74700,0.0,0.0
2024-10-25 00:00:00-04:00,81.58999633789062,82.0,76.27999877929688,77.1500015258789,135300,0.0,0.0
2024-10-28 00:00:00-04:00,78.0,80.43499755859375,77.16999816894531,77.30999755859375,121000,0.0,0.0
2024-10-29 00:00:00-04:00,76.5,78.83999633789062,75.77999877929688,78.77999877929688,81100,0.0,0.0
2024-10-30 00:00:00-04:00,78.66000366210938,79.87000274658203,77.96800231933594,78.44999694824219,65300,0.0,0.0
2024-10-31 00:00:00-04:00,77.86000061035156,78.9489974975586,75.1500015258789,75.97000122070312,91400,0.0,0.0
2024-11-01 00:00:00-04:00,76.79000091552734,78.94000244140625,75.84500122070312,76.33999633789062,85700,0.0,0.0
2024-11-04 00:00:00-05:00,76.29000091552734,77.41999816894531,73.3499984741211,73.58000183105469,168700,0.0,0.0
2024-11-05 00:00:00-05:00,74.16999816894531,78.34200286865234,74.16999816894531,77.79000091552734,134600,0.0,0.0
2024-11-06 00:00:00-05:00,82.66999816894531,95.26000213623047,80.37200164794922,93.79000091552734,456600,0.0,0.0
2024-11-07 00:00:00-05:00,93.9800033569336,95.22000122070312,90.62000274658203,93.75,211800,0.0,0.0
2024-11-08 00:00:00-05:00,94.80000305175781,97.4000015258789,93.2300033569336,96.94000244140625,154400,0.0,0.0
2024-11-11 00:00:00-05:00,97.48999786376953,98.36000061035156,92.36000061035156,94.32499694824219,147100,0.0,0.0
2024-11-12 00:00:00-05:00,93.77999877929688,95.27799987792969,91.7760009765625,93.37000274658203,106900,0.0,0.0
2024-11-13 00:00:00-05:00,93.75,94.2300033569336,90.45999908447266,91.26000213623047,88100,0.0,0.0
2024-11-14 00:00:00-05:00,90.0,92.66999816894531,88.38999938964844,88.80999755859375,148200,0.0,0.0
2024-11-15 00:00:00-05:00,89.16000366210938,92.44999694824219,85.6500015258789,92.08999633789062,125100,0.0,0.0
2024-11-18 00:00:00-05:00,92.0999984741211,95.58599853515625,92.0999984741211,93.9000015258789,126800,0.0,0.0
2024-11-19 00:00:00-05:00,93.23999786376953,99.97000122070312,92.7229995727539,99.41999816894531,135400,0.0,0.0
2024-11-20 00:00:00-05:00,99.80999755859375,100.61000061035156,95.15599822998047,96.87999725341797,80700,0.0,0.0
2024-11-21 00:00:00-05:00,97.48999786376953,102.33000183105469,97.48999786376953,99.0,144300,0.0,0.0
2024-11-22 00:00:00-05:00,99.80000305175781,103.19999694824219,98.19000244140625,102.63999938964844,101000,0.0,0.0
2024-11-25 00:00:00-05:00,103.76000213623047,104.9800033569336,101.48999786376953,102.48999786376953,192000,0.0,0.0
2024-11-26 00:00:00-05:00,101.66999816894531,104.42900085449219,99.98999786376953,102.02999877929688,102600,0.0,0.0
2024-11-27 00:00:00-05:00,103.05000305175781,103.05000305175781,98.36000061035156,98.76000213623047,73900,0.0,0.0
2024-11-29 00:00:00-05:00,100.51000213623047,102.7300033569336,98.97000122070312,99.48999786376953,49000,0.0,0.0
2024-12-02 00:00:00-05:00,100.52999877929688,107.0,100.52999877929688,102.75,132600,0.0,0.0
2024-12-03 00:00:00-05:00,102.27999877929688,104.2699966430664,100.38700103759766,102.7699966430664,91700,0.0,0.0
2024-12-04 00:00:00-05:00,102.63999938964844,103.81999969482422,100.68000030517578,102.05999755859375,70400,0.0,0.0
2024-12-05 00:00:00-05:00,102.13999938964844,103.31500244140625,99.69999694824219,100.08000183105469,74500,0.0,0.0
2024-12-06 00:00:00-05:00,100.2699966430664,100.56999969482422,96.66999816894531,98.02999877929688,146900,0.0,0.0
2024-12-09 00:00:00-05:00,98.44000244140625,98.44000244140625,92.26000213623047,93.62999725341797,127800,0.0,0.0
2024-12-10 00:00:00-05:00,93.38999938964844,95.20500183105469,92.05999755859375,93.69000244140625,139100,0.0,0.0
2024-12-11 00:00:00-05:00,95.43000030517578,98.33999633789062,94.54000091552734,96.87999725341797,111500,0.0,0.0
2024-12-12 00:00:00-05:00,98.19999694824219,99.38999938964844,93.62999725341797,94.5,109000,0.0,0.0
2024-12-13 00:00:00-05:00,93.81999969482422,96.9800033569336,92.76000213623047,94.33000183105469,70800,0.0,0.0
2024-12-16 00:00:00-05:00,94.5199966430664,97.47000122070312,93.0,93.16999816894531,103000,0.0,0.0
2024-12-17 00:00:00-05:00,92.0999984741211,94.25,89.13999938964844,90.61000061035156,151900,0.0,0.0
2024-12-18 00:00:00-05:00,91.41999816894531,92.87000274658203,84.58999633789062,85.44999694824219,125300,0.0,0.0
2024-12-19 00:00:00-05:00,86.54000091552734,89.8499984741211,86.23999786376953,88.69999694824219,181500,0.0,0.0
2024-12-20 00:00:00-05:00,87.04000091552734,91.41999816894531,86.0,89.76000213623047,237400,0.0,0.0
2024-12-23 00:00:00-05:00,89.45999908447266,91.15699768066406,87.45999908447266,87.55999755859375,98900,0.0,0.0
2024-12-24 00:00:00-05:00,87.26000213623047,88.08000183105469,86.2030029296875,88.01000213623047,49900,0.0,0.0
2024-12-26 00:00:00-05:00,87.9000015258789,88.75,86.66999816894531,88.37999725341797,67100,0.0,0.0
2024-12-27 00:00:00-05:00,87.55999755859375,87.91000366210938,84.02999877929688,85.9000015258789,85500,0.0,0.0
2024-12-30 00:00:00-05:00,84.08000183105469,87.66999816894531,82.75,86.54000091552734,138800,0.0,0.0
2024-12-31 00:00:00-05:00,87.58000183105469,87.9800033569336,84.30999755859375,85.54000091552734,127800,0.0,0.0
2025-01-02 00:00:00-05:00,86.54000091552734,89.98999786376953,86.0,88.72000122070312,86500,0.0,0.0
2025-01-03 00:00:00-05:00,89.22000122070312,94.27999877929688,89.22000122070312,94.12000274658203,120500,0.0,0.0
2025-01-06 00:00:00-05:00,94.91000366210938,98.56999969482422,94.5,97.83999633789062,150500,0.0,0.0
2025-01-07 00:00:00-05:00,97.70999908447266,98.34400177001953,90.1520004272461,94.44999694824219,238900,0.0,0.0
2025-01-08 00:00:00-05:00,93.30000305175781,98.19000244140625,91.77999877929688,97.16999816894531,201200,0.0,0.0
2025-01-10 00:00:00-05:00,95.25,96.66999816894531,92.0,96.0999984741211,172300,0.0,0.0
2025-01-13 00:00:00-05:00,94.4000015258789,98.4000015258789,90.7300033569336,97.33000183105469,109000,0.0,0.0
2025-01-14 00:00:00-05:00,99.1500015258789,100.98999786376953,96.78700256347656,100.27999877929688,104500,0.0,0.0
2025-01-15 00:00:00-05:00,100.44000244140625,100.45999908447266,85.89199829101562,93.44000244140625,464400,0.0,0.0
2025-01-16 00:00:00-05:00,92.73999786376953,96.56999969482422,92.13999938964844,94.41000366210938,247700,0.0,0.0
2025-01-17 00:00:00-05:00,95.5,96.33000183105469,91.27999877929688,93.19000244140625,632000,0.0,0.0
2025-01-21 00:00:00-05:00,95.0,100.0,93.83999633789062,99.55999755859375,298600,0.0,0.0
2025-01-22 00:00:00-05:00,100.41999816894531,105.72000122070312,99.87000274658203,104.6500015258789,188300,0.0,0.0
2025-01-23 00:00:00-05:00,102.9000015258789,105.61000061035156,97.4800033569336,105.33000183105469,178000,0.0,0.0
2025-01-24 00:00:00-05:00,105.98999786376953,106.04499816894531,99.83000183105469,102.44000244140625,127200,0.0,0.0
2025-01-27 00:00:00-05:00,98.19000244140625,98.19000244140625,86.19000244140625,90.0,280900,0.0,0.0
2025-01-28 00:00:00-05:00,90.1500015258789,92.5790023803711,88.17500305175781,92.16999816894531,228900,0.0,0.0
2025-01-29 00:00:00-05:00,93.41999816894531,97.62000274658203,91.87999725341797,95.91000366210938,150500,0.0,0.0
2025-01-30 00:00:00-05:00,98.23999786376953,101.6449966430664,97.0999984741211,99.8499984741211,143600,0.0,0.0
2025-01-31 00:00:00-05:00,99.88999938964844,100.0,92.0,92.4800033569336,196200,0.0,0.0
2025-02-03 00:00:00-05:00,88.79000091552734,91.5999984741211,87.83899688720703,89.87000274658203,96200,0.0,0.0
2025-02-04 00:00:00-05:00,91.29000091552734,96.5999984741211,90.11000061035156,96.4800033569336,138400,0.0,0.0
2025-02-05 00:00:00-05:00,97.5199966430664,101.5999984741211,96.73999786376953,100.77999877929688,189800,0.0,0.0
2025-02-06 00:00:00-05:00,100.91000366210938,102.7300033569336,100.08000183105469,102.0,99100,0.0,0.0
2025-02-07 00:00:00-05:00,102.16999816894531,103.88999938964844,97.41000366210938,97.69000244140625,137700,0.0,0.0
2025-02-10 00:00:00-05:00,97.94000244140625,100.9520034790039,96.83999633789062,98.33999633789062,90800,0.0,0.0
2025-02-11 00:00:00-05:00,96.41999816894531,96.41999816894531,91.70999908447266,94.01000213623047,84800,0.0,0.0
2025-02-12 00:00:00-05:00,91.62000274658203,93.69000244140625,91.0,91.44000244140625,119500,0.0,0.0
2025-02-13 00:00:00-05:00,92.2699966430664,94.69000244140625,87.55000305175781,90.7300033569336,138000,0.0,0.0
2025-02-14 00:00:00-05:00,90.79000091552734,92.06999969482422,89.44000244140625,91.2300033569336,130800,0.0,0.0
2025-02-18 00:00:00-05:00,91.1500015258789,93.58999633789062,81.29000091552734,85.48999786376953,324000,0.0,0.0
2025-02-19 00:00:00-05:00,85.4800033569336,86.88500213623047,83.26000213623047,86.27999877929688,190200,0.0,0.0
2025-02-20 00:00:00-05:00,85.95999908447266,85.95999908447266,82.25,83.3499984741211,159000,0.0,0.0
2025-02-21 00:00:00-05:00,85.05000305175781,86.52999877929688,79.02999877929688,80.12999725341797,182700,0.0,0.0
2025-02-24 00:00:00-05:00,81.05000305175781,81.05000305175781,76.09700012207031,78.88999938964844,255700,0.0,0.0
2025-02-25 00:00:00-05:00,78.94999694824219,82.79000091552734,78.0,81.31999969482422,137900,0.0,0.0
2025-02-26 00:00:00-05:00,82.58999633789062,85.26000213623047,82.41000366210938,82.98999786376953,118000,0.0,0.0
2025-02-27 00:00:00-05:00,82.68000030517578,85.125,78.56999969482422,78.56999969482422,199400,0.0,0.0
2025-02-28 00:00:00-05:00,78.51000213623047,83.2300033569336,77.06999969482422,83.0,161900,0.0,0.0
2025-03-03 00:00:00-05:00,83.87999725341797,83.87999725341797,76.34500122070312,77.0999984741211,122700,0.0,0.0
2025-03-04 00:00:00-05:00,75.05999755859375,76.59500122070312,71.66999816894531,74.2300033569336,303300,0.0,0.0
2025-03-05 00:00:00-05:00,74.54000091552734,77.89199829101562,72.80000305175781,77.43000030517578,232600,0.0,0.0
2025-03-06 00:00:00-05:00,75.55000305175781,76.61499786376953,72.13999938964844,73.04000091552734,137000,0.0,0.0
2025-03-07 00:00:00-05:00,72.41000366210938,74.44000244140625,68.3499984741211,72.69000244140625,164700,0.0,0.0
2025-03-10 00:00:00-04:00,69.62999725341797,70.33799743652344,66.30000305175781,68.91999816894531,244200,0.0,0.0
2025-03-11 00:00:00-04:00,72.16999816894531,82.0,68.70600128173828,79.69000244140625,414500,0.0,0.0
2025-03-12 00:00:00-04:00,83.41999816894531,84.94999694824219,75.12000274658203,76.30000305175781,450700,0.0,0.0
2025-03-13 00:00:00-04:00,75.51000213623047,76.43499755859375,70.94000244140625,73.30000305175781,275400,0.0,0.0
2025-03-14 00:00:00-04:00,75.55999755859375,76.72000122070312,73.7300033569336,76.51000213623047,210600,0.0,0.0
2025-03-17 00:00:00-04:00,75.5199966430664,77.23999786376953,75.0,75.0,139800,0.0,0.0
2025-03-18 00:00:00-04:00,74.76000213623047,76.0199966430664,72.90599822998047,75.02999877929688,158300,0.0,0.0
2025-03-19 00:00:00-04:00,75.26000213623047,79.87000274658203,74.58000183105469,79.7300033569336,184600,0.0,0.0
2025-03-20 00:00:00-04:00,79.7300033569336,83.19000244140625,79.19999694824219,81.91999816894531,277500,0.0,0.0
2025-03-21 00:00:00-04:00,79.94999694824219,83.12000274658203,78.70800018310547,82.8499984741211,395900,0.0,0.0
2025-03-24 00:00:00-04:00,84.51000213623047,86.98999786376953,84.3550033569336,85.20999908447266,240300,0.0,0.0
2025-03-25 00:00:00-04:00,84.37999725341797,85.05000305175781,80.08000183105469,81.94999694824219,267000,0.0,0.0
2025-03-26 00:00:00-04:00,81.62000274658203,82.86499786376953,78.27999877929688,81.29000091552734,306800,0.0,0.0
2025-03-27 00:00:00-04:00,79.63999938964844,80.98999786376953,77.16000366210938,78.63999938964844,240900,0.0,0.0
2025-03-28 00:00:00-04:00,78.5999984741211,79.05500030517578,74.43000030517578,76.26000213623047,195400,0.0,0.0
2025-03-31 00:00:00-04:00,74.38999938964844,74.97000122070312,71.09200286865234,74.47000122070312,431600,0.0,0.0
2025-04-01 00:00:00-04:00,73.66000366210938,76.23999786376953,71.55000305175781,75.20999908447266,191000,0.0,0.0
2025-04-02 00:00:00-04:00,73.11000061035156,77.16300201416016,73.11000061035156,76.44999694824219,194000,0.0,0.0
2025-04-03 00:00:00-04:00,70.91000366210938,74.31999969482422,70.66500091552734,73.18000030517578,203500,0.0,0.0
2025-04-04 00:00:00-04:00,69.3499984741211,71.98999786376953,66.98799896240234,69.30000305175781,297200,0.0,0.0
2025-04-07 00:00:00-04:00,65.4000015258789,73.98999786376953,63.02000045776367,71.05000305175781,275800,0.0,0.0
2025-04-08 00:00:00-04:00,76.45999908447266,76.97000122070312,69.04000091552734,71.04000091552734,173000,0.0,0.0
2025-04-09 00:00:00-04:00,70.5999984741211,81.19999694824219,70.37000274658203,77.58999633789062,232800,0.0,0.0
2025-04-10 00:00:00-04:00,75.51000213623047,78.5999984741211,74.94999694824219,77.6500015258789,157100,0.0,0.0
2025-04-11 00:00:00-04:00,77.98999786376953,81.55500030517578,75.0199966430664,80.62999725341797,224400,0.0,0.0
2025-04-14 00:00:00-04:00,79.54000091552734,82.16000366210938,79.01000213623047,80.16999816894531,157600,0.0,0.0
2025-04-15 00:00:00-04:00,80.06999969482422,81.88999938964844,79.4000015258789,79.87999725341797,193400,0.0,0.0
2025-04-16 00:00:00-04:00,80.06999969482422,86.37999725341797,79.44999694824219,85.16000366210938,449400,0.0,0.0
2025-04-17 00:00:00-04:00,85.12000274658203,87.91000366210938,84.79000091552734,86.5999984741211,764500,0.0,0.0
2025-04-21 00:00:00-04:00,85.94000244140625,86.5,80.3499984741211,82.1500015258789,538900,0.0,0.0
2025-04-22 00:00:00-04:00,83.4000015258789,88.91100311279297,83.4000015258789,87.47000122070312,254400,0.0,0.0
2025-04-23 00:00:00-04:00,90.27999877929688,94.44000244140625,89.36000061035156,91.01000213623047,316100,0.0,0.0
2025-04-24 00:00:00-04:00,90.94000244140625,94.62999725341797,90.22100067138672,93.3499984741211,233000,0.0,0.0
2025-04-25 00:00:00-04:00,93.3499984741211,94.38999938964844,90.91999816894531,92.76000213623047,152000,0.0,0.0
2025-04-28 00:00:00-04:00,93.25,94.0,89.82499694824219,92.05000305175781,209500,0.0,0.0
2025-04-29 00:00:00-04:00,91.87000274658203,93.43399810791016,90.30000305175781,92.52999877929688,164400,0.0,0.0
2025-04-30 00:00:00-04:00,90.33000183105469,95.86000061035156,88.02999877929688,95.73999786376953,258800,0.0,0.0
2025-05-01 00:00:00-04:00,97.27999877929688,99.29900360107422,96.11000061035156,98.83000183105469,246100,0.0,0.0
2025-05-02 00:00:00-04:00,100.0,105.58499908447266,99.7750015258789,103.19999694824219,370800,0.0,0.0
2025-05-05 00:00:00-04:00,102.52999877929688,105.0,102.25,103.33000183105469,330800,0.0,0.0
2025-05-06 00:00:00-04:00,106.0199966430664,118.11000061035156,105.0,114.69000244140625,469400,0.0,0.0
2025-05-07 00:00:00-04:00,116.0,120.48999786376953,113.12999725341797,120.44000244140625,309500,0.0,0.0
2025-05-08 00:00:00-04:00,122.75499725341797,122.75499725341797,116.41000366210938,119.94000244140625,397100,0.0,0.0
2025-05-09 00:00:00-04:00,122.125,122.37000274658203,119.01000213623047,122.37000274658203,166500,0.0,0.0
2025-05-12 00:00:00-04:00,126.5,128.1699981689453,121.18699645996094,123.18000030517578,191900,0.0,0.0
2025-05-13 00:00:00-04:00,122.83999633789062,124.12000274658203,120.0,122.16999816894531,248700,0.0,0.0
2025-05-14 00:00:00-04:00,123.0,124.54000091552734,121.38500213623047,122.81999969482422,254300,0.0,0.0
2025-05-15 00:00:00-04:00,122.81999969482422,124.4800033569336,121.94000244140625,122.54000091552734,155800,0.0,0.0
2025-05-16 00:00:00-04:00,122.62999725341797,125.31999969482422,122.62999725341797,125.1500015258789,105600,0.0,0.0
2025-05-19 00:00:00-04:00,124.4800033569336,127.44999694824219,122.72000122070312,127.23999786376953,128900,0.0,0.0
2025-05-20 00:00:00-04:00,127.58999633789062,129.0,126.66000366210938,128.39999389648438,122600,0.0,0.0
2025-05-21 00:00:00-04:00,125.69000244140625,129.39999389648438,125.29000091552734,127.0,130700,0.0,0.0
2025-05-22 00:00:00-04:00,125.63999938964844,128.83799743652344,124.22000122070312,125.62000274658203,151200,0.0,0.0
2025-05-23 00:00:00-04:00,124.94999694824219,129.39500427246094,124.70999908447266,127.94999694824219,114900,0.0,0.0
2025-05-27 00:00:00-04:00,129.52999877929688,136.0449981689453,129.0850067138672,134.8000030517578,356400,0.0,0.0
2025-05-28 00:00:00-04:00,135.22000122070312,135.22999572753906,124.20999908447266,125.5,253400,0.0,0.0
2025-05-29 00:00:00-04:00,126.61000061035156,127.7699966430664,124.94499969482422,127.11000061035156,197700,0.0,0.0
2025-05-30 00:00:00-04:00,126.95999908447266,128.60499572753906,125.62000274658203,128.22000122070312,120200,0.0,0.0
2025-06-02 00:00:00-04:00,131.02999877929688,133.27499389648438,128.22000122070312,133.16000366210938,123000,0.0,0.0
2025-06-03 00:00:00-04:00,133.92999267578125,137.0449981689453,131.5749969482422,134.97000122070312,209300,0.0,0.0
2025-06-04 00:00:00-04:00,135.5500030517578,136.73500061035156,130.82000732421875,132.41000366210938,105300,0.0,0.0
2025-06-05 00:00:00-04:00,132.1999969482422,134.5050048828125,130.77000427246094,134.1199951171875,139700,0.0,0.0
2025-06-06 00:00:00-04:00,136.1300048828125,136.77000427246094,133.3699951171875,135.22999572753906,169800,0.0,0.0
2025-06-09 00:00:00-04:00,136.60000610351562,138.02999877929688,132.6750030517578,137.4600067138672,234600,0.0,0.0
2025-06-10 00:00:00-04:00,136.11000061035156,137.2550048828125,130.95700073242188,135.3699951171875,400600,0.0,0.0
2025-06-11 00:00:00-04:00,136.11000061035156,141.552001953125,134.8000030517578,139.61000061035156,169400,0.0,0.0
2025-06-12 00:00:00-04:00,139.1199951171875,142.10000610351562,138.92999267578125,141.83999633789062,114200,0.0,0.0
2025-06-13 00:00:00-04:00,138.80999755859375,139.98500061035156,134.0449981689453,137.66000366210938,344600,0.0,0.0
2025-06-16 00:00:00-04:00,138.17999267578125,142.6199951171875,138.17999267578125,141.1999969482422,106000,0.0,0.0
2025-06-17 00:00:00-04:00,141.10000610351562,143.5800018310547,139.02999877929688,142.13999938964844,165400,0.0,0.0
2025-06-18 00:00:00-04:00,141.1300048828125,141.75,137.13999938964844,137.82000732421875,102900,0.0,0.0
2025-06-20 00:00:00-04:00,139.0,139.0,135.5,137.85000610351562,224400,0.0,0.0
2025-06-23 00:00:00-04:00,137.39999389648438,142.63999938964844,136.8249969482422,141.1699981689453,123100,0.0,0.0
2025-06-24 00:00:00-04:00,142.8699951171875,144.0,141.75999450683594,142.05999755859375,146700,0.0,0.0
2025-06-25 00:00:00-04:00,142.8699951171875,143.27000427246094,135.16000366210938,135.3000030517578,213300,0.0,0.0
2025-06-26 00:00:00-04:00,135.55999755859375,138.14999389648438,132.64999389648438,136.8800048828125,231000,0.0,0.0
2025-06-27 00:00:00-04:00,138.0,143.0,137.6999969482422,139.38999938964844,279200,0.0,0.0
2025-06-30 00:00:00-04:00,139.58999633789062,141.7550048828125,136.5,140.10000610351562,310900,0.0,0.0
2025-07-01 00:00:00-04:00,139.0399932861328,140.26300048828125,134.74000549316406,136.0,191100,0.0,0.0
2025-07-02 00:00:00-04:00,138.27000427246094,146.1699981689453,136.5,145.77000427246094,231700,0.0,0.0
2025-07-03 00:00:00-04:00,147.0500030517578,154.0500030517578,146.14999389648438,149.1999969482422,151800,0.0,0.0
2025-07-07 00:00:00-04:00,149.00999450683594,149.75,145.75999450683594,148.25999450683594,171200,0.0,0.0
2025-07-08 00:00:00-04:00,148.49000549316406,148.49000549316406,139.78500366210938,143.47999572753906,178600,0.0,0.0
2025-07-09 00:00:00-04:00,145.02000427246094,147.5399932861328,142.781005859375,145.69000244140625,123200,0.0,0.0
2025-07-10 00:00:00-04:00,146.5399932861328,149.6199951171875,141.9199981689453,149.22500610351562,178100,0.0,0.0
2025-07-11 00:00:00-04:00,149.22999572753906,151.5050048828125,147.0399932861328,149.4199981689453,123900,0.0,0.0
2025-07-14 00:00:00-04:00,150.24000549316406,151.39999389648438,147.2899932861328,149.52999877929688,176300,0.0,0.0
2025-07-15 00:00:00-04:00,149.7899932861328,149.7899932861328,143.11000061035156,144.3000030517578,188500,0.0,0.0
2025-07-16 00:00:00-04:00,143.3300018310547,145.00999450683594,138.13999938964844,143.42999267578125,207800,0.0,0.0
2025-07-17 00:00:00-04:00,143.80999755859375,145.5,139.38999938964844,139.80999755859375,140700,0.0,0.0
2025-07-18 00:00:00-04:00,141.38999938964844,142.49000549316406,137.25,138.72999572753906,317300,0.0,0.0
2025-07-21 00:00:00-04:00,138.67999267578125,138.67999267578125,120.44999694824219,123.83999633789062,495400,0.0,0.0
2025-07-22 00:00:00-04:00,123.01000213623047,126.01000213623047,115.0999984741211,124.80000305175781,511200,0.0,0.0
2025-07-23 00:00:00-04:00,125.0,128.4499969482422,123.5,124.11000061035156,241800,0.0,0.0
2025-07-24 00:00:00-04:00,124.0999984741211,126.33999633789062,124.0999984741211,124.98999786376953,130600,0.0,0.0
2025-07-25 00:00:00-04:00,126.98999786376953,133.9199981689453,126.66999816894531,133.83999633789062,204200,0.0,0.0
2025-07-28 00:00:00-04:00,135.2899932861328,141.0,133.61000061035156,135.63999938964844,213600,0.0,0.0
2025-07-29 00:00:00-04:00,137.61000061035156,138.27999877929688,135.0,135.72000122070312,137500,0.0,0.0
2025-07-30 00:00:00-04:00,135.67999267578125,140.8300018310547,135.67999267578125,137.8800048828125,115300,0.0,0.0
2025-07-31 00:00:00-04:00,138.7899932861328,141.17999267578125,136.17999267578125,137.0,138600,0.0,0.0
2025-08-01 00:00:00-04:00,131.17999267578125,136.43499755859375,127.37999725341797,133.47999572753906,186200,0.0,0.0
2025-08-04 00:00:00-04:00,133.2100067138672,134.83999633789062,129.6999969482422,134.83999633789062,215100,0.0,0.0
2025-08-05 00:00:00-04:00,135.39999389648438,138.11099243164062,132.5330047607422,134.11500549316406,254700,0.0,0.0
2025-08-06 00:00:00-04:00,107.0,113.5,101.01000213623047,109.68000030517578,870100,0.0,0.0
2025-08-07 00:00:00-04:00,112.01000213623047,117.4520034790039,110.13999938964844,115.58999633789062,385800,0.0,0.0
2025-08-08 00:00:00-04:00,116.18000030517578,121.08000183105469,112.05000305175781,114.38999938964844,246900,0.0,0.0
2025-08-11 00:00:00-04:00,113.88999938964844,114.73999786376953,109.12000274658203,110.5199966430664,286900,0.0,0.0
2025-08-12 00:00:00-04:00,110.5999984741211,110.5999984741211,105.4520034790039,108.91000366210938,435700,0.0,0.0
2025-08-13 00:00:00-04:00,109.0999984741211,110.36000061035156,105.27799987792969,110.13999938964844,272600,0.0,0.0
2025-08-14 00:00:00-04:00,112.75,115.5,110.5,115.12999725341797,221300,0.0,0.0
2025-08-15 00:00:00-04:00,115.5199966430664,115.5199966430664,111.89099884033203,113.9000015258789,309400,0.0,0.0
2025-08-18 00:00:00-04:00,113.9000015258789,117.69000244140625,112.47000122070312,116.54000091552734,178800,0.0,0.0
2025-08-19 00:00:00-04:00,114.94999694824219,116.36000061035156,111.63500213623047,115.4800033569336,196600,0.0,0.0
2025-08-20 00:00:00-04:00,115.11000061035156,118.5199966430664,111.48500061035156,117.9000015258789,172700,0.0,0.0
2025-08-21 00:00:00-04:00,117.13999938964844,120.0,117.12000274658203,119.69999694824219,162300,0.0,0.0
2025-08-22 00:00:00-04:00,120.58999633789062,123.30999755859375,118.21499633789062,119.56999969482422,181000,0.0,0.0
2025-08-25 00:00:00-04:00,119.75,120.94999694824219,117.83999633789062,118.25,148500,0.0,0.0
2025-08-26 00:00:00-04:00,118.66000366210938,123.29499816894531,118.42500305175781,123.2699966430664,126500,0.0,0.0
2025-08-27 00:00:00-04:00,123.47000122070312,126.05999755859375,122.5999984741211,125.88999938964844,127100,0.0,0.0
2025-08-28 00:00:00-04:00,126.70999908447266,128.57000732421875,122.77999877929688,123.37000274658203,167600,0.0,0.0
2025-08-29 00:00:00-04:00,123.0,123.0,112.94999694824219,114.55999755859375,207500,0.0,0.0
2025-09-02 00:00:00-04:00,111.93000030517578,112.56999969482422,110.06999969482422,111.0199966430664,154300,0.0,0.0
2025-09-03 00:00:00-04:00,111.04000091552734,111.83599853515625,107.2300033569336,108.55999755859375,194200,0.0,0.0
2025-09-04 00:00:00-04:00,108.68000030517578,112.30999755859375,107.66999816894531,112.30000305175781,232600,0.0,0.0
2025-09-05 00:00:00-04:00,112.55999755859375,113.27999877929688,105.02999877929688,107.8499984741211,202600,0.0,0.0
2025-09-08 00:00:00-04:00,107.44000244140625,112.22000122070312,104.05999755859375,105.04000091552734,288600,0.0,0.0
2025-09-09 00:00:00-04:00,104.98999786376953,105.31999969482422,101.3499984741211,103.13999938964844,215500,0.0,0.0
2025-09-10 00:00:00-04:00,103.66999816894531,107.6500015258789,102.7750015258789,103.19999694824219,259500,0.0,0.0
2025-09-11 00:00:00-04:00,103.16000366210938,104.37999725341797,101.83999633789062,103.25,134000,0.0,0.0
2025-09-12 00:00:00-04:00,103.18000030517578,107.31500244140625,102.13999938964844,105.93000030517578,209500,0.0,0.0
2025-09-15 00:00:00-04:00,106.08999633789062,107.88999938964844,101.80000305175781,103.41000366210938,268700,0.0,0.0
2025-09-16 00:00:00-04:00,101.4000015258789,101.4000015258789,97.69000244140625,99.2300033569336,335400,0.0,0.0
2025-09-17 00:00:00-04:00,99.6500015258789,106.7229995727539,98.63999938964844,103.6500015258789,192000,0.0,0.0
2025-09-18 00:00:00-04:00,103.81999969482422,107.73999786376953,102.88999938964844,103.0999984741211,253000,0.0,0.0
2025-09-19 00:00:00-04:00,103.12999725341797,106.23500061035156,102.0199966430664,105.5,271700,0.0,0.0
2025-09-22 00:00:00-04:00,105.26000213623047,106.56999969482422,103.02999877929688,104.88999938964844,167300,0.0,0.0
2025-09-23 00:00:00-04:00,104.88999938964844,104.88999938964844,92.55999755859375,94.91000366210938,328500,0.0,0.0
2025-09-24 00:00:00-04:00,94.5199966430664,95.63999938964844,91.98999786376953,94.5999984741211,237200,0.0,0.0
2025-09-25 00:00:00-04:00,92.75,95.0,92.4000015258789,93.37999725341797,191800,0.0,0.0
2025-09-26 00:00:00-04:00,93.72000122070312,94.44000244140625,91.58799743652344,93.01000213623047,130900,0.0,0.0
2025-09-29 00:00:00-04:00,93.41999816894531,96.0,92.95500183105469,94.68000030517578,174600,0.0,0.0
2025-09-30 00:00:00-04:00,94.19000244140625,98.06999969482422,93.98999786376953,97.12000274658203,330100,0.0,0.0
2025-10-01 00:00:00-04:00,96.26000213623047,96.26000213623047,88.8949966430664,89.41999816894531,278200,0.0,0.0
2025-10-02 00:00:00-04:00,90.0,90.9800033569336,87.55000305175781,89.20999908447266,336100,0.0,0.0
2025-10-03 00:00:00-04:00,90.0199966430664,91.0,88.51000213623047,89.22000122070312,188100,0.0,0.0
2025-10-06 00:00:00-04:00,89.02999877929688,93.68000030517578,89.02999877929688,93.26000213623047,314400,0.0,0.0
2025-10-07 00:00:00-04:00,93.62000274658203,95.05400085449219,89.3499984741211,90.12000274658203,237900,0.0,0.0
2025-10-08 00:00:00-04:00,90.55999755859375,94.55000305175781,89.91999816894531,94.41999816894531,140400,0.0,0.0
2025-10-09 00:00:00-04:00,94.41999816894531,96.77999877929688,93.7300033569336,96.29000091552734,184500,0.0,0.0
2025-10-10 00:00:00-04:00,96.27999877929688,98.5,90.69000244140625,90.86000061035156,143900,0.0,0.0
2025-10-13 00:00:00-04:00,93.31999969482422,96.98999786376953,91.69999694824219,92.08999633789062,122400,0.0,0.0
2025-10-14 00:00:00-04:00,90.29000091552734,91.875,89.43000030517578,91.72000122070312,142200,0.0,0.0
2025-10-15 00:00:00-04:00,94.5999984741211,98.48999786376953,93.98999786376953,98.23999786376953,183900,0.0,0.0
2025-10-16 00:00:00-04:00,99.05999755859375,99.05999755859375,93.58000183105469,94.06999969482422,197300,0.0,0.0
2025-10-17 00:00:00-04:00,93.13999938964844,94.36000061035156,89.05899810791016,91.7300033569336,168700,0.0,0.0
2025-10-20 00:00:00-04:00,92.93000030517578,95.4800033569336,92.20999908447266,93.75,101600,0.0,0.0
2025-10-21 00:00:00-04:00,93.75,95.3499984741211,91.62000274658203,94.83000183105469,83500,0.0,0.0
2025-10-22 00:00:00-04:00,94.75,96.62000274658203,90.26000213623047,91.81999969482422,108300,0.0,0.0
2025-10-23 00:00:00-04:00,93.20999908447266,94.9749984741211,91.95999908447266,94.19999694824219,77500,0.0,0.0
2025-10-24 00:00:00-04:00,97.1500015258789,102.70999908447266,96.05000305175781,100.4800033569336,166600,0.0,0.0
2025-10-27 00:00:00-04:00,100.97000122070312,103.36499786376953,98.3499984741211,99.18000030517578,111200,0.0,0.0
2025-10-28 00:00:00-04:00,99.0,100.43800354003906,97.5,97.97000122070312,51700,0.0,0.0
2025-10-29 00:00:00-04:00,97.97000122070312,100.78500366210938,95.08000183105469,95.41999816894531,133000,0.0,0.0
2025-10-30 00:00:00-04:00,94.26000213623047,98.26000213623047,93.33000183105469,95.9800033569336,120600,0.0,0.0
2025-10-31 00:00:00-04:00,96.01000213623047,101.16500091552734,94.2699966430664,94.4800033569336,286100,0.0,0.0
2025-11-03 00:00:00-05:00,94.63999938964844,96.33000183105469,91.45999908447266,93.44999694824219,165400,0.0,0.0
2025-11-04 00:00:00-05:00,91.83999633789062,93.48500061035156,90.3499984741211,90.80000305175781,171600,0.0,0.0
2025-11-05 00:00:00-05:00,81.08000183105469,86.0,77.5,84.0,421600,0.0,0.0
2025-11-06 00:00:00-05:00,84.94000244140625,84.94000244140625,81.31999969482422,82.5,180400,0.0,0.0
2025-11-07 00:00:00-05:00,79.30999755859375,80.9749984741211,75.8499984741211,78.31999969482422,262100,0.0,0.0
2025-11-10 00:00:00-05:00,78.31999969482422,79.73500061035156,76.69999694824219,78.0999984741211,231400,0.0,0.0
2025-11-11 00:00:00-05:00,77.69000244140625,78.91999816894531,76.51000213623047,77.05000305175781,161100,0.0,0.0
2025-11-12 00:00:00-05:00,77.0,79.37999725341797,75.86000061035156,78.62000274658203,238800,0.0,0.0
2025-11-13 00:00:00-05:00,77.7699966430664,78.2699966430664,71.94000244140625,72.19999694824219,207400,0.0,0.0
2025-11-14 00:00:00-05:00,70.79000091552734,72.80999755859375,70.61499786376953,71.12000274658203,170300,0.0,0.0
2025-11-17 00:00:00-05:00,72.2300033569336,72.68000030517578,68.36000061035156,69.13999938964844,182200,0.0,0.0
2025-11-18 00:00:00-05:00,67.80999755859375,70.0,67.1500015258789,68.68000030517578,218900,0.0,0.0
2025-11-19 00:00:00-05:00,69.0,70.7760009765625,67.61499786376953,68.16999816894531,171200,0.0,0.0
2025-11-20 00:00:00-05:00,69.68000030517578,70.38600158691406,65.62999725341797,65.91999816894531,147200,0.0,0.0
2025-11-21 00:00:00-05:00,65.91999816894531,68.58499908447266,65.25,66.9800033569336,241000,0.0,0.0
2025-11-24 00:00:00-05:00,66.73999786376953,68.5999984741211,66.3499984741211,66.72000122070312,196800,0.0,0.0
2025-11-25 00:00:00-05:00,66.4800033569336,69.9000015258789,65.08000183105469,69.04000091552734,190500,0.0,0.0
2025-11-26 00:00:00-05:00,69.0,71.55000305175781,66.83999633789062,71.27999877929688,117200,0.0,0.0
2025-11-28 00:00:00-05:00,71.27999877929688,72.3499984741211,70.26000213623047,70.75,59800,0.0,0.0
2025-12-01 00:00:00-05:00,69.73999786376953,70.48600006103516,68.41999816894531,69.5,92500,0.0,0.0
2025-12-02 00:00:00-05:00,70.36000061035156,70.94999694824219,67.83799743652344,68.75,179800,0.0,0.0
2025-12-03 00:00:00-05:00,68.86000061035156,72.55000305175781,68.42500305175781,72.19999694824219,107500,0.0,0.0
2025-12-04 00:00:00-05:00,71.87000274658203,76.6500015258789,71.87000274658203,75.1500015258789,150300,0.0,0.0
2025-12-05 00:00:00-05:00,75.1500015258789,75.5199966430664,72.05000305175781,73.73999786376953,139600,0.0,0.0
2025-12-08 00:00:00-05:00,74.77999877929688,76.16000366210938,73.79000091552734,74.55999755859375,179500,0.0,0.0
2025-12-09 00:00:00-05:00,74.55999755859375,76.80000305175781,73.88999938964844,73.94999694824219,96500,0.0,0.0
2025-12-10 00:00:00-05:00,73.29499816894531,75.66999816894531,73.0,74.5,109800,0.0,0.0
2025-12-11 00:00:00-05:00,74.37999725341797,77.6050033569336,73.30999755859375,76.61000061035156,129700,0.0,0.0
2025-12-12 00:00:00-05:00,76.94999694824219,79.88999938964844,74.79000091552734,75.94999694824219,161400,0.0,0.0
2025-12-15 00:00:00-05:00,80.0,83.33999633789062,75.69999694824219,79.08999633789062,255600,0.0,0.0
2025-12-16 00:00:00-05:00,77.66000366210938,83.8949966430664,76.68000030517578,81.33000183105469,293500,0.0,0.0
2025-12-17 00:00:00-05:00,81.43000030517578,83.33000183105469,78.6050033569336,79.0250015258789,303900,0.0,0.0
2025-12-18 00:00:00-05:00,79.69000244140625,81.8499984741211,78.26000213623047,78.33000183105469,155900,0.0,0.0
2025-12-19 00:00:00-05:00,78.12000274658203,80.16000366210938,78.08999633789062,78.4000015258789,261800,0.0,0.0
2025-12-22 00:00:00-05:00,79.0999984741211,81.97000122070312,78.9749984741211,80.73999786376953,90200,0.0,0.0
2025-12-23 00:00:00-05:00,79.91000366210938,81.44999694824219,79.88999938964844,80.73999786376953,165500,0.0,0.0
2025-12-24 00:00:00-05:00,81.0999984741211,81.0999984741211,79.44000244140625,79.56999969482422,53600,0.0,0.0
2025-12-26 00:00:00-05:00,79.75,79.8499984741211,78.65499877929688,79.2699966430664,72100,0.0,0.0
2025-12-29 00:00:00-05:00,79.2699966430664,80.2300033569336,77.9800033569336,78.69000244140625,76400,0.0,0.0
2025-12-30 00:00:00-05:00,78.45999908447266,78.93000030517578,77.58999633789062,78.12999725341797,95300,0.0,0.0
2025-12-31 00:00:00-05:00,78.26000213623047,78.45999908447266,76.30000305175781,77.8499984741211,131000,0.0,0.0
2026-01-02 00:00:00-05:00,78.69999694824219,80.55000305175781,78.0999984741211,79.06999969482422,86600,0.0,0.0
2026-01-05 00:00:00-05:00,79.19000244140625,84.2760009765625,78.37999725341797,84.08000183105469,148800,0.0,0.0
2026-01-06 00:00:00-05:00,83.20999908447266,83.70500183105469,77.36000061035156,80.9800033569336,178300,0.0,0.0
2026-01-07 00:00:00-05:00,80.48999786376953,81.50499725341797,76.44000244140625,76.7300033569336,93700,0.0,0.0
2026-01-08 00:00:00-05:00,76.86000061035156,78.55999755859375,75.91999816894531,77.0,138100,0.0,0.0
2026-01-09 00:00:00-05:00,77.0,79.66000366210938,76.82499694824219,78.55000305175781,85100,0.0,0.0
2026-01-12 00:00:00-05:00,78.44999694824219,83.33000183105469,76.76000213623047,82.75,86600,0.0,0.0
2026-01-13 00:00:00-05:00,83.22000122070312,85.01000213623047,81.51000213623047,81.66999816894531,97500,0.0,0.0
2026-01-14 00:00:00-05:00,79.12000274658203,84.08000183105469,78.33000183105469,83.9000015258789,234400,0.0,0.0
2026-01-15 00:00:00-05:00,84.16000366210938,87.0,82.83000183105469,86.66999816894531,215000,0.0,0.0
2026-01-16 00:00:00-05:00,87.0999984741211,87.0999984741211,82.08499908447266,84.48999786376953,706300,0.0,0.0
2026-01-20 00:00:00-05:00,83.51000213623047,85.3550033569336,80.68000030517578,80.90499877929688,207400,0.0,0.0
2026-01-21 00:00:00-05:00,82.33000183105469,84.74800109863281,81.29000091552734,83.2699966430664,183600,0.0,0.0
2026-01-22 00:00:00-05:00,83.36000061035156,87.30999755859375,82.0,86.80999755859375,160900,0.0,0.0
2026-01-23 00:00:00-05:00,86.58999633789062,87.72100067138672,80.81999969482422,81.41000366210938,104200,0.0,0.0
2026-01-26 00:00:00-05:00,80.94999694824219,85.17500305175781,80.94999694824219,82.18000030517578,119000,0.0,0.0
2026-01-27 00:00:00-05:00,82.1500015258789,84.71900177001953,81.25,84.01000213623047,104200,0.0,0.0
2026-01-28 00:00:00-05:00,84.01000213623047,84.12999725341797,79.98999786376953,81.72000122070312,102200,0.0,0.0
2026-01-29 00:00:00-05:00,81.44999694824219,83.8499984741211,81.125,83.55999755859375,80600,0.0,0.0
2026-01-30 00:00:00-05:00,82.95999908447266,86.66999816894531,82.94999694824219,85.9800033569336,153000,0.0,0.0
2026-02-02 00:00:00-05:00,85.5199966430664,88.5199966430664,84.04000091552734,85.93000030517578,145100,0.0,0.0
2026-02-03 00:00:00-05:00,85.87999725341797,90.27999877929688,85.75,89.66000366210938,263800,0.0,0.0
2026-02-04 00:00:00-05:00,89.7699966430664,91.4000015258789,80.47200012207031,82.4800033569336,189100,0.0,0.0
2026-02-05 00:00:00-05:00,82.88999938964844,84.54000091552734,81.87999725341797,84.01000213623047,88700,0.0,0.0
2026-02-06 00:00:00-05:00,84.81999969482422,89.38999938964844,84.81999969482422,86.12999725341797,86700,0.0,0.0
2026-02-09 00:00:00-05:00,87.18000030517578,90.70999908447266,83.62999725341797,88.66000366210938,172400,0.0,0.0
2026-02-10 00:00:00-05:00,88.37999725341797,94.87999725341797,88.0199966430664,92.36000061035156,123600,0.0,0.0
2026-02-11 00:00:00-05:00,93.58999633789062,96.38999938964844,92.0999984741211,94.61000061035156,137500,0.0,0.0
2026-02-12 00:00:00-05:00,94.69000244140625,97.0,90.08000183105469,91.27999877929688,204400,0.0,0.0
2026-02-13 00:00:00-05:00,91.83999633789062,94.98999786376953,86.97000122070312,88.13999938964844,152200,0.0,0.0
2026-02-17 00:00:00-05:00,88.13999938964844,92.58000183105469,87.25,91.16000366210938,85700,0.0,0.0
2026-02-18 00:00:00-05:00,91.12999725341797,94.7300033569336,90.61000061035156,92.62000274658203,151000,0.0,0.0
2026-02-19 00:00:00-05:00,91.7300033569336,95.87000274658203,90.31999969482422,95.38999938964844,81900,0.0,0.0
2026-02-20 00:00:00-05:00,95.87999725341797,100.0,94.63999938964844,98.23999786376953,253300,0.0,0.0
2026-02-23 00:00:00-05:00,97.2300033569336,100.69999694824219,91.4280014038086,92.56999969482422,98500,0.0,0.0
2026-02-24 00:00:00-05:00,92.0999984741211,95.55999755859375,91.25,91.33999633789062,141000,0.0,0.0
2026-02-25 00:00:00-05:00,92.0,97.12000274658203,91.30999755859375,93.05999755859375,145900,0.0,0.0
2026-02-26 00:00:00-05:00,93.45999908447266,99.5250015258789,91.97599792480469,97.91999816894531,216700,0.0,0.0
2026-02-27 00:00:00-05:00,95.0,95.6500015258789,88.87000274658203,91.41999816894531,151200,0.0,0.0
2026-03-02 00:00:00-05:00,90.55999755859375,93.25,88.87999725341797,89.16999816894531,200000,0.0,0.0
2026-03-03 00:00:00-05:00,86.12999725341797,95.0,81.60399627685547,87.52999877929688,289000,0.0,0.0
2026-03-04 00:00:00-05:00,88.27999877929688,91.25,83.36000061035156,87.05999755859375,261500,0.0,0.0
2026-03-05 00:00:00-05:00,85.58000183105469,86.29000091552734,78.16500091552734,81.51000213623047,332500,0.0,0.0
2026-03-06 00:00:00-05:00,78.83000183105469,84.20500183105469,78.5,82.0999984741211,322000,0.0,0.0
2026-03-09 00:00:00-04:00,79.62999725341797,85.36499786376953,79.62999725341797,84.36000061035156,141800,0.0,0.0
2026-03-10 00:00:00-04:00,83.08999633789062,84.08999633789062,80.29000091552734,80.44000244140625,167400,0.0,0.0
2026-03-11 00:00:00-04:00,80.41000366210938,81.13999938964844,78.26000213623047,80.16000366210938,178300,0.0,0.0
2026-03-12 00:00:00-04:00,78.80999755859375,81.0199966430664,75.58999633789062,79.4800033569336,195200,0.0,0.0
2026-03-13 00:00:00-04:00,80.08000183105469,81.90499877929688,77.90499877929688,79.02999877929688,278700,0.0,0.0
2026-03-16 00:00:00-04:00,80.95999908447266,81.73999786376953,77.37000274658203,79.19999694824219,155500,0.0,0.0
2026-03-17 00:00:00-04:00,80.37999725341797,82.01000213623047,76.4749984741211,77.13999938964844,147900,0.0,0.0
2026-03-18 00:00:00-04:00,77.13999938964844,78.51499938964844,74.87999725341797,75.73999786376953,209700,0.0,0.0
2026-03-19 00:00:00-04:00,74.45999908447266,74.63999938964844,71.45999908447266,73.04000091552734,174500,0.0,0.0
2026-03-20 00:00:00-04:00,73.18000030517578,73.73999786376953,69.58000183105469,70.4800033569336,464300,0.0,0.0
2026-03-23 00:00:00-04:00,74.29000091552734,78.37000274658203,74.0999984741211,77.38999938964844,132300,0.0,0.0
2026-03-24 00:00:00-04:00,76.16000366210938,79.6500015258789,75.56999969482422,78.55000305175781,163200,0.0,0.0
2026-03-25 00:00:00-04:00,80.1500015258789,83.18000030517578,78.5999984741211,82.9800033569336,239600,0.0,0.0
2026-03-26 00:00:00-04:00,80.97000122070312,85.62000274658203,78.51000213623047,80.33000183105469,309800,0.0,0.0
2026-03-27 00:00:00-04:00,78.81999969482422,81.7300033569336,78.80999755859375,80.80000305175781,216100,0.0,0.0
2026-03-30 00:00:00-04:00,81.0999984741211,82.18000030517578,77.4000015258789,77.41000366210938,223900,0.0,0.0
2026-03-31 00:00:00-04:00,78.01000213623047,79.79499816894531,75.0,78.05000305175781,159900,0.0,0.0
2026-04-01 00:00:00-04:00,79.08999633789062,82.45500183105469,79.08999633789062,80.19999694824219,103200,0.0,0.0
2026-04-02 00:00:00-04:00,78.2699966430664,82.20999908447266,78.19000244140625,80.41999816894531,178700,0.0,0.0
