Date,Open,High,Low,Close,Volume,Dividends,Stock Splits
2022-01-03 00:00:00-05:00,7.736423492431641,7.776801639958558,7.687970331518625,7.736423492431641,141666,0.0,0.0
2022-01-04 00:00:00-05:00,7.736423492431641,7.744499275966845,7.66374298091301,7.736423492431641,84529,0.0,0.0
2022-01-05 00:00:00-05:00,7.704121128439928,7.736423492431641,7.66374298091301,7.736423492431641,269428,0.0,0.0
2022-01-06 00:00:00-05:00,7.720272695510338,7.744499275966845,7.687970331518625,7.736423492431641,123457,0.0,0.0
2022-01-07 00:00:00-05:00,7.736424363794308,7.7522524700225475,7.696046211719551,7.712197780609131,146225,0.0,0.0
2022-01-10 00:00:00-05:00,7.696049470687454,7.696049470687454,7.663747089378726,7.687974452972412,89963,0.0,0.0
2022-01-11 00:00:00-05:00,7.704120756880773,7.712196540026494,7.639516032013145,7.655666828155518,114539,0.0,0.0
2022-01-12 00:00:00-05:00,7.671816801987272,7.671816801987272,7.631438664789136,7.639514446258545,76887,0.0,0.0
2022-01-13 00:00:00-05:00,7.64235178493603,7.699081612653132,7.61803833915504,7.634247303009033,54313,0.0335,0.0
2022-01-14 00:00:00-05:00,7.601831595286187,7.609936078755968,7.561309950823364,7.593727111816406,55231,0.0,0.0
2022-01-18 00:00:00-05:00,7.561310792468434,7.577519761212208,7.326286155886903,7.334390640258789,116991,0.0,0.0
2022-01-19 00:00:00-05:00,7.334387633183007,7.407326416852978,7.237136179251663,7.301970481872559,135806,0.0,0.0
2022-01-20 00:00:00-05:00,7.301972729986033,7.374911536112225,7.20472124611314,7.269555568695068,213543,0.0,0.0
2022-01-21 00:00:00-05:00,7.293866000823484,7.3424921142320825,7.229031698202588,7.301970481872559,187754,0.0,0.0
2022-01-24 00:00:00-05:00,7.301970953567932,7.301970953567932,7.172302339949759,7.277657508850098,155662,0.0,0.0
2022-01-25 00:00:00-05:00,7.2371381838582485,7.366806825016809,7.212824733976468,7.350597858428955,143684,0.0,0.0
2022-01-26 00:00:00-05:00,7.350598836116394,7.391120485089658,7.293868991285525,7.334390640258789,164297,0.0,0.0
2022-01-27 00:00:00-05:00,7.334390667679449,7.3668078324020225,7.277660049750315,7.2938690185546875,134366,0.0,0.0
2022-01-28 00:00:00-05:00,7.277659835492714,7.277659835492714,7.139887469142485,7.147991180419922,177763,0.0,0.0
2022-01-31 00:00:00-05:00,7.147990726149239,7.180407887857254,7.119625806265487,7.131782531738281,170671,0.0,0.0
2022-02-01 00:00:00-05:00,7.156094847281042,7.20431520864065,7.12367768721523,7.180407524108887,161070,0.0,0.0
2022-02-02 00:00:00-05:00,7.1723043129035515,7.23713863754723,7.123678182977734,7.1641998291015625,196167,0.0,0.0
2022-02-03 00:00:00-05:00,7.115571836999443,7.1804061446757,7.0912591648423255,7.107468128204346,135105,0.0,0.0
2022-02-04 00:00:00-05:00,7.0912604331970215,7.131782075963929,7.050738790430113,7.0912604331970215,183687,0.0,0.0
2022-02-07 00:00:00-05:00,7.115571175648213,7.172301769256592,7.0953107462146905,7.172301769256592,100243,0.0,0.0
2022-02-08 00:00:00-05:00,7.1723038137569795,7.212824684174699,7.156094847281042,7.180407524108887,119836,0.0,0.0
2022-02-09 00:00:00-05:00,7.2047195897187315,7.220927780194839,7.107468128204346,7.107468128204346,106134,0.0,0.0
2022-02-10 00:00:00-05:00,7.107471859429656,7.131784544350258,6.985906889054007,7.010219573974609,329000,0.0,0.0
2022-02-11 00:00:00-05:00,7.010217761751853,7.058843891908956,6.856236433212242,6.896758079528809,383520,0.0,0.0
2022-02-14 00:00:00-05:00,6.915877475641048,6.915877475641048,6.826378164118411,6.842650413513184,166678,0.0335,0.0
2022-02-15 00:00:00-05:00,6.834514425526424,6.8996049799835815,6.793833410946163,6.8833327293396,673245,0.0,0.0
2022-02-16 00:00:00-05:00,6.899604006317048,7.021649360656738,6.868197814343783,7.021649360656738,259581,0.0,0.0
2022-02-17 00:00:00-05:00,7.021651872227122,7.159969524389223,7.021651872227122,7.127424240112305,314355,0.0,0.0
2022-02-18 00:00:00-05:00,7.151832815000649,7.20878686695247,7.135560561274741,7.159969329833984,113296,0.0,0.0
2022-02-22 00:00:00-05:00,7.143692126728921,7.143692126728921,7.054192843671175,7.070465087890625,114096,0.0,0.0
2022-02-23 00:00:00-05:00,7.086740144972999,7.086740144972999,7.00537657266871,7.029786109924316,73781,0.0,0.0
2022-02-24 00:00:00-05:00,7.013513430284507,7.103012743471854,6.998542432923275,7.086740493774414,113095,0.0,0.0
2022-02-25 00:00:00-05:00,7.11928486918185,7.149226860119437,7.094876109750845,7.111148357391357,89823,0.0,0.0
2022-02-28 00:00:00-05:00,7.111149600712761,7.143694877624512,7.103013087499671,7.143694877624512,81169,0.0,0.0
2022-03-01 00:00:00-05:00,7.168103750777882,7.2169212736361805,7.16004871207756,7.192512512207031,274514,0.0,0.0
2022-03-02 00:00:00-05:00,7.176241778557291,7.192514808666142,7.1192877250578785,7.127424240112305,139476,0.0,0.0
2022-03-03 00:00:00-05:00,7.143694637115776,7.184376425870972,7.142718503864064,7.151831150054932,94304,0.0,0.0
2022-03-04 00:00:00-05:00,7.135558608709834,7.184376132469956,7.1030125582823525,7.119285583496094,98918,0.0,0.0
2022-03-07 00:00:00-05:00,7.078601597970504,7.151828636808801,7.046056333591296,7.070465087890625,109661,0.0,0.0
2022-03-08 00:00:00-05:00,7.054196357727051,7.0948781524518205,7.005785417734329,7.054196357727051,955685,0.0,0.0
2022-03-09 00:00:00-05:00,7.094877430600749,7.103013167965396,7.029786876039876,7.0623321533203125,97622,0.0,0.0
2022-03-10 00:00:00-05:00,7.046059082966194,7.046059082966194,6.96469627824053,7.005377292633057,101887,0.0,0.0
2022-03-11 00:00:00-05:00,6.989104802077966,7.0204295234984775,6.940286500166362,7.013513565063477,57629,0.0,0.0
2022-03-14 00:00:00-04:00,6.983701191699887,6.99186945003923,6.902020166242442,6.9265241622924805,131566,0.0335,0.0
2022-03-15 00:00:00-04:00,6.926522575260023,6.95102734466342,6.624304096661763,6.795833587646484,156752,0.0,0.0
2022-03-16 00:00:00-04:00,6.795834790815025,6.841657580419068,6.738658543353286,6.779499053955078,132696,0.0,0.0
2022-03-17 00:00:00-04:00,6.754995711690398,6.812171964675166,6.681482941299684,6.714155197143555,255751,0.0,0.0
2022-03-18 00:00:00-04:00,6.754995822906494,6.779499820450831,6.73049104639412,6.754995822906494,206834,0.0,0.0
2022-03-21 00:00:00-04:00,6.746826125777164,6.754994382873309,6.6896491050720215,6.6896491050720215,115439,0.0,0.0
2022-03-22 00:00:00-04:00,6.656977293231818,6.714154317695321,6.644725685750148,6.697817802429199,107838,0.0,0.0
2022-03-23 00:00:00-04:00,6.697817573967307,6.697817573967307,6.665145323517433,6.681481838226318,144743,0.0,0.0
2022-03-24 00:00:00-04:00,6.673313499248141,6.673313499248141,6.624304734688826,6.632472991943359,255926,0.0,0.0
2022-03-25 00:00:00-04:00,6.616137349846417,6.616137349846417,6.5181202088273675,6.583465099334717,157535,0.0,0.0
2022-03-28 00:00:00-04:00,6.583466347974475,6.583466347974475,6.469113060010991,6.493617057800293,218906,0.0,0.0
2022-03-29 00:00:00-04:00,6.5017840029452145,6.558960245889693,6.469111752838671,6.534456253051758,249510,0.0,0.0
2022-03-30 00:00:00-04:00,6.558958658696747,6.6567307894399566,6.534944642471183,6.599799156188965,111157,0.0,0.0
2022-03-31 00:00:00-04:00,6.616136937122705,6.697817168822682,6.57390753211475,6.665144920349121,291651,0.0,0.0
2022-04-01 00:00:00-04:00,6.681481626943747,6.72232135448873,6.600127780423895,6.6896491050720215,209521,0.0,0.0
2022-04-04 00:00:00-04:00,6.705985619264311,6.746826125777164,6.64880937752704,6.6896491050720215,144103,0.0,0.0
2022-04-05 00:00:00-04:00,6.6896501838465925,6.730490696945396,6.542625427246094,6.542625427246094,164223,0.0,0.0
2022-04-06 00:00:00-04:00,6.534455494130445,6.554875355962484,6.501783247818505,6.509951114654541,93501,0.0,0.0
2022-04-07 00:00:00-04:00,6.509952871891443,6.550793775031434,6.452776620153864,6.477280616760254,114616,0.0,0.0
2022-04-08 00:00:00-04:00,6.477280616760254,6.518121130416242,6.444608361629065,6.477280616760254,95306,0.0,0.0
2022-04-11 00:00:00-04:00,6.452776329129137,6.501784709615608,6.354759568156195,6.362927436828613,127052,0.0,0.0
2022-04-12 00:00:00-04:00,6.411935344287611,6.436439727465078,6.305750332991846,6.313918590545654,158999,0.0,0.0
2022-04-13 00:00:00-04:00,6.292179830192026,6.398827038780196,6.292179830192026,6.3660125732421875,197733,0.0335,0.0
2022-04-14 00:00:00-04:00,6.30858715982869,6.357808858891496,6.283976114707641,6.316790580749512,221719,0.0,0.0
2022-04-18 00:00:00-04:00,6.259364902767744,6.33319724919044,6.259364902767744,6.308586597442627,183926,0.0,0.0
2022-04-19 00:00:00-04:00,6.201939364291666,6.279874007170455,6.128106627075814,6.21834659576416,295335,0.0,0.0
2022-04-20 00:00:00-04:00,6.242958227744948,6.316790580749512,6.226550994724012,6.316790580749512,124632,0.0,0.0
2022-04-21 00:00:00-04:00,6.341401060559216,6.341401060559216,6.251161091398969,6.308586597442627,179123,0.0,0.0
2022-04-22 00:00:00-04:00,6.3003803000299525,6.324991333245845,6.226547982740479,6.242955207824707,132619,0.0,0.0
2022-04-25 00:00:00-04:00,6.210143871907563,6.251161759598154,6.152718359725577,6.201940059661865,134354,0.0,0.0
2022-04-26 00:00:00-04:00,6.210142351977096,6.210142351977096,6.152716853849983,6.193735122680664,208371,0.0,0.0
2022-04-27 00:00:00-04:00,6.234753000332142,6.234753000332142,6.152716853849983,6.193735122680664,124320,0.0,0.0
2022-04-28 00:00:00-04:00,6.185533599142051,6.349605952761463,6.152719128418169,6.341402530670166,246595,0.0,0.0
2022-04-29 00:00:00-04:00,6.341401107666535,6.349604527916993,6.193736022544951,6.283975601196289,152390,0.0,0.0
2022-05-02 00:00:00-04:00,6.300383459534443,6.324994505092237,6.193736638595467,6.201940059661865,152508,0.0,0.0
2022-05-03 00:00:00-04:00,6.251161759598154,6.26756899291025,6.152718359725577,6.201940059661865,140644,0.0,0.0
2022-05-04 00:00:00-04:00,6.218346509327024,6.218346509327024,6.095292079404188,6.210143089294434,197075,0.0,0.0
2022-05-05 00:00:00-04:00,6.15271802931513,6.185532494177135,6.1034963320221225,6.119903564453125,243547,0.0,0.0
2022-05-06 00:00:00-04:00,6.144515207716298,6.193737304120866,6.103497315618279,6.152719020843506,265903,0.0,0.0
2022-05-09 00:00:00-04:00,6.152718594255932,6.160922406814343,6.07888584594748,6.12810754776001,129882,0.0,0.0
2022-05-10 00:00:00-04:00,6.218346341218685,6.234753572019556,6.095291914622533,6.1445136070251465,141001,0.0,0.0
2022-05-11 00:00:00-04:00,6.136310389835385,6.136310389835385,6.087088695807471,6.091026306152344,113299,0.0,0.0
2022-05-12 00:00:00-04:00,6.095291873618585,6.144513565690077,6.070681223172458,6.111699104309082,147418,0.0,0.0
2022-05-13 00:00:00-04:00,6.098102084531938,6.1063425585863405,6.040417194366455,6.040417194366455,133520,0.0335,0.0
2022-05-16 00:00:00-04:00,6.032177617095183,6.048658960600379,5.966251850128174,5.966251850128174,154757,0.0,0.0
2022-05-17 00:00:00-04:00,5.958011995405782,5.990974685849405,5.908567959740346,5.925049304962158,123147,0.0,0.0
2022-05-18 00:00:00-04:00,5.916807058379898,5.916807058379898,5.850881692840806,5.883844375610352,432763,0.0,0.0
2022-05-19 00:00:00-04:00,5.883844090713188,5.883844090713188,5.826159595132667,5.859122276306152,229336,0.0,0.0
2022-05-20 00:00:00-04:00,5.892085242775825,5.892085242775825,5.809678535851961,5.883844375610352,435922,0.0,0.0
2022-05-23 00:00:00-04:00,5.900324467915819,5.949768481603003,5.883843130020092,5.933287143707275,158823,0.0,0.0
2022-05-24 00:00:00-04:00,5.966250846985892,6.0321766028684,5.966250846985892,6.0074543952941895,218702,0.0,0.0
2022-05-25 00:00:00-04:00,6.048657318780428,6.213470709096196,6.040416452791582,6.205230236053467,333317,0.0,0.0
2022-05-26 00:00:00-04:00,6.205229593436019,6.304117617384573,6.205229593436019,6.2876362800598145,200709,0.0,0.0
2022-05-27 00:00:00-04:00,6.320601045426281,6.435970444861276,6.320601045426281,6.3947672843933105,190355,0.0,0.0
2022-05-31 00:00:00-04:00,6.39476638978439,6.435969544488157,6.304118820722261,6.411247730255127,142072,0.0,0.0
2022-06-01 00:00:00-04:00,6.444208373752738,6.501892850689333,6.403004839130004,6.452448844909668,210139,0.0,0.0
2022-06-02 00:00:00-04:00,6.477173862342406,6.5348583643762055,6.427729835050779,6.493655204772949,291972,0.0,0.0
2022-06-03 00:00:00-04:00,6.485413265112821,6.493654131439062,6.403006566581084,6.460691452026367,77869,0.0,0.0
2022-06-06 00:00:00-04:00,6.493654432608812,6.510135773079549,6.386525523075946,6.411247730255127,61443,0.0,0.0
2022-06-07 00:00:00-04:00,6.419488739232904,6.4442109484732635,6.3865260555432135,6.427729606628418,65989,0.0,0.0
2022-06-08 00:00:00-04:00,6.419488430023193,6.426410569687835,6.394766614919803,6.419488430023193,147112,0.0,0.0
2022-06-09 00:00:00-04:00,6.394767708850753,6.4030081843128315,6.262916564941406,6.262916564941406,88668,0.0,0.0
2022-06-10 00:00:00-04:00,6.271157463615625,6.279397939117473,6.180509875417883,6.188750743865967,193995,0.0,0.0
2022-06-13 00:00:00-04:00,6.1393058409413435,6.1393058409413435,6.0156959674167,6.073380470275879,208684,0.0,0.0
2022-06-14 00:00:00-04:00,6.059721857032563,6.1011131619568815,5.950448212026798,5.968660354614258,178139,0.0335,0.0
2022-06-15 00:00:00-04:00,5.968660354614258,6.051443359203398,5.902433950942946,5.968660354614258,71420,0.0,0.0
2022-06-16 00:00:00-04:00,5.9272682376987955,5.968659934449844,5.877598438441822,5.918990135192871,195527,0.0,0.0
2022-06-17 00:00:00-04:00,5.927268636162498,5.952103734830775,5.827929030970395,5.852764129638672,153671,0.0,0.0
2022-06-21 00:00:00-04:00,5.869320730504023,5.918990533100073,5.836207528773321,5.852764129638672,136210,0.0,0.0
2022-06-22 00:00:00-04:00,5.861040259871184,5.9106275450112555,5.827927069286404,5.877596855163574,226213,0.0,0.0
2022-06-23 00:00:00-04:00,5.910712054031609,5.994902703254488,5.902433950942946,5.968660354614258,96658,0.0,0.0
2022-06-24 00:00:00-04:00,5.993494939759794,6.067999839782715,5.9686602362458165,6.067999839782715,130290,0.0,0.0
2022-06-27 00:00:00-04:00,6.067999642457655,6.1011128425598145,6.010051739649118,6.1011128425598145,143271,0.0,0.0
2022-06-28 00:00:00-04:00,6.109389347171592,6.233481108946911,6.084554257825536,6.200450420379639,147761,0.0,0.0
2022-06-29 00:00:00-04:00,6.200451390532772,6.231660751991754,6.159060094800197,6.225286483764648,205041,0.0,0.0
2022-06-30 00:00:00-04:00,6.2170104818617755,6.258318896056068,6.167340278625488,6.167340278625488,266944,0.0,0.0
2022-07-01 00:00:00-04:00,6.208729886523535,6.28323477147875,6.196312537277804,6.225286483764648,184316,0.0,0.0
2022-07-05 00:00:00-04:00,6.225287786456581,6.248881031278838,6.19217458504515,6.2335662841796875,161097,0.0,0.0
2022-07-06 00:00:00-04:00,6.241844119840404,6.299792417198883,6.237704871156123,6.291513919830322,100445,0.0,0.0
2022-07-07 00:00:00-04:00,6.2749569122099595,6.308070110052192,6.22528711544661,6.266678810119629,119976,0.0,0.0
2022-07-08 00:00:00-04:00,6.266677712659805,6.283234308681427,6.21700792459494,6.250121116638184,58375,0.0,0.0
2022-07-11 00:00:00-04:00,6.250122893535989,6.349462497907776,6.2335662928073585,6.32462739944458,74595,0.0,0.0
2022-07-12 00:00:00-04:00,6.332906649224129,6.382576457308408,6.324628150506476,6.357741355895996,55335,0.0,0.0
2022-07-13 00:00:00-04:00,6.324627260001048,6.357409273457299,6.291514059273855,6.308070659637451,84119,0.0,0.0
2022-07-14 00:00:00-04:00,6.211202164719604,6.273563871878529,6.202887508321874,6.236146926879883,138130,0.0335,0.0
2022-07-15 00:00:00-04:00,6.26940681012096,6.302666231144129,6.211202625088627,6.252777099609375,189459,0.0,0.0
2022-07-18 00:00:00-04:00,6.277720403253516,6.278052656410584,6.16962711183181,6.22783088684082,152728,0.0,0.0
2022-07-19 00:00:00-04:00,6.211201180197748,6.244460989967373,6.177941766911605,6.22783088684082,98212,0.0,0.0
2022-07-20 00:00:00-04:00,6.244460582733154,6.277719993850276,6.227830480691138,6.244460582733154,78020,0.0,0.0
2022-07-21 00:00:00-04:00,6.252775237270707,6.277719993850276,6.219515826153586,6.244460582733154,60217,0.0,0.0
2022-07-22 00:00:00-04:00,6.261090288291715,6.294099914832104,6.244460582733154,6.244460582733154,102769,0.0,0.0
2022-07-25 00:00:00-04:00,6.252777099609375,6.265249283372171,6.2195176785862065,6.252777099609375,93678,0.0,0.0
2022-07-26 00:00:00-04:00,6.269406352139135,6.302665770732694,6.2610916957325164,6.277721405029297,112662,0.0,0.0
2022-07-27 00:00:00-04:00,6.2610916957325164,6.302665770732694,6.252776642842354,6.277721405029297,120543,0.0,0.0
2022-07-28 00:00:00-04:00,6.302665678243764,6.402443932560239,6.297011822985624,6.394129276275635,108040,0.0,0.0
2022-07-29 00:00:00-04:00,6.419073092218227,6.502222026848955,6.386645499351788,6.4939069747924805,179224,0.0,0.0
2022-08-01 00:00:00-04:00,6.5188517344784,6.535481442107844,6.468962611590065,6.4939069747924805,192681,0.0,0.0
2022-08-02 00:00:00-04:00,6.493907477679463,6.515858788606277,6.452333403628115,6.460648059844971,137890,0.0,0.0
2022-08-03 00:00:00-04:00,6.477277267163036,6.535481442107844,6.46821405073356,6.4939069747924805,86370,0.0,0.0
2022-08-04 00:00:00-04:00,6.502222465669043,6.568741300676025,6.485592756917296,6.543796539306641,171976,0.0,0.0
2022-08-05 00:00:00-04:00,6.50222256421729,6.510537220477415,6.444018384462267,6.468963146209717,99812,0.0,0.0
2022-08-08 00:00:00-04:00,6.510537186596709,6.5437966044312015,6.435537171626081,6.460648059844971,209185,0.0,0.0
2022-08-09 00:00:00-04:00,6.460647800527605,6.4939072170271315,6.439527916421833,6.453912734985352,39857,0.0,0.0
2022-08-10 00:00:00-04:00,6.502222061157227,6.518851768874416,6.485592353440037,6.502222061157227,138452,0.0,0.0
2022-08-11 00:00:00-04:00,6.502222953494177,6.536313799520369,6.502222953494177,6.527167320251465,128491,0.0,0.0
2022-08-12 00:00:00-04:00,6.563490623891603,6.5801916016345245,6.53008866840576,6.546789646148682,75658,0.0335,0.0
2022-08-15 00:00:00-04:00,6.546789646148682,6.571840913671705,6.538438958185862,6.546789646148682,89660,0.0,0.0
2022-08-16 00:00:00-04:00,6.513389185294677,6.525914821930455,6.43823456911439,6.454935550689697,136442,0.0,0.0
2022-08-17 00:00:00-04:00,6.45493586603717,6.45493586603717,6.379781246185303,6.379781246185303,75577,0.0,0.0
2022-08-18 00:00:00-04:00,6.371430954081111,6.4048329188635345,6.363080263794091,6.379781246185303,91163,0.0,0.0
2022-08-19 00:00:00-04:00,6.338028906024469,6.35472988819625,6.288092798112231,6.304626941680908,128149,0.0,0.0
2022-08-22 00:00:00-04:00,6.304626619419847,6.338028582056066,6.238657683485893,6.254523277282715,85253,0.0,0.0
2022-08-23 00:00:00-04:00,6.262872231799018,6.312975161871487,6.237820567671437,6.296274185180664,116109,0.0,0.0
2022-08-24 00:00:00-04:00,6.3213276863098145,6.329677977990506,6.279575033357933,6.3213276863098145,142246,0.0,0.0
2022-08-25 00:00:00-04:00,6.321325849308245,6.321325849308245,6.2461712551081945,6.296274185180664,102957,0.0,0.0
2022-08-26 00:00:00-04:00,6.3129769109875,6.3129769109875,6.237822295964605,6.254523277282715,54700,0.0,0.0
2022-08-29 00:00:00-04:00,6.237822528223683,6.237822528223683,6.153482629154339,6.171018600463867,69926,0.0,0.0
2022-08-30 00:00:00-04:00,6.1960702724652075,6.2211215462837295,6.141791981614652,6.171018600463867,150385,0.0,0.0
2022-08-31 00:00:00-04:00,6.162667022276137,6.179368000730162,6.079162130006013,6.1125640869140625,151930,0.0,0.0
2022-09-01 00:00:00-04:00,6.054110527038574,6.08751248429865,6.012357881372109,6.054110527038574,208732,0.0,0.0
2022-09-02 00:00:00-04:00,6.054111958487303,6.112565596604724,6.054111958487303,6.0875139236450195,74633,0.0,0.0
2022-09-06 00:00:00-04:00,6.070812536525606,6.095864207815944,5.987307629195828,5.995657920837402,130651,0.0,0.0
2022-09-07 00:00:00-04:00,5.995657920837402,6.012358902303358,5.978956939371447,5.995657920837402,202912,0.0,0.0
2022-09-08 00:00:00-04:00,5.9706070427890925,6.029060282696229,5.9706070427890925,5.987308025360107,77245,0.0,0.0
2022-09-09 00:00:00-04:00,5.987307388860516,6.012358660962468,5.962255718575773,5.978956699371338,147849,0.0,0.0
2022-09-12 00:00:00-04:00,5.995658317554199,6.020709990502138,5.9706070427890925,5.987308025360107,184816,0.0,0.0
2022-09-13 00:00:00-04:00,5.937205075735805,5.962256350492847,5.91215340279593,5.920504093170166,68399,0.0,0.0
2022-09-14 00:00:00-04:00,5.923439263343165,5.927634429694524,5.864708134643394,5.881488800048828,111709,0.0335,0.0
2022-09-15 00:00:00-04:00,5.864707977407046,5.889878574767276,5.797586917877197,5.797586917877197,164671,0.0,0.0
2022-09-16 00:00:00-04:00,5.772418407286595,5.78919867707224,5.747247802571533,5.764028072357178,251918,0.0,0.0
2022-09-19 00:00:00-04:00,5.764028429161382,5.764028429161382,5.738858222961426,5.738858222961426,316036,0.0,0.0
2022-09-20 00:00:00-04:00,5.705296166298081,5.73885669903499,5.705296166298081,5.730466365814209,114068,0.0,0.0
2022-09-21 00:00:00-04:00,5.738856682335251,5.7556369486548755,5.713686082819259,5.722076416015625,152931,0.0,0.0
2022-09-22 00:00:00-04:00,5.705297337053581,5.713687271922911,5.613005653051813,5.621395587921143,139316,0.0,0.0
2022-09-23 00:00:00-04:00,5.629783630371094,5.646563893349887,5.621393298845184,5.629783630371094,202234,0.0,0.0
2022-09-26 00:00:00-04:00,5.604615368912865,5.605454722473277,5.554274559020996,5.554274559020996,758200,0.0,0.0
2022-09-27 00:00:00-04:00,5.554273017381635,5.571053282688075,5.529102819458516,5.537492752075195,157469,0.0,0.0
2022-09-28 00:00:00-04:00,5.562664616128294,5.625590525331047,5.541689179702986,5.579444885253906,308275,0.0,0.0
2022-09-29 00:00:00-04:00,5.537492752075195,5.554273017381635,5.453591425542996,5.537492752075195,249114,0.0,0.0
2022-09-30 00:00:00-04:00,5.512323245875084,5.571053981781006,5.512323245875084,5.571053981781006,175896,0.0,0.0
2022-10-03 00:00:00-04:00,5.571054550654513,5.646565961756355,5.554274281528901,5.579444885253906,151364,0.0,0.0
2022-10-04 00:00:00-04:00,5.587832885163054,5.680124533437334,5.587832885163054,5.64656400680542,160120,0.0,0.0
2022-10-05 00:00:00-04:00,5.587834084037417,5.638174884785947,5.585736500663755,5.613004684448242,200761,0.0,0.0
2022-10-06 00:00:00-04:00,5.613004335072981,5.654954799715702,5.613004335072981,5.638174533843994,122470,0.0,0.0
2022-10-07 00:00:00-04:00,5.629783630371094,5.65495382480277,5.613087382728007,5.629783630371094,61237,0.0,0.0
2022-10-10 00:00:00-04:00,5.629785227600735,5.654955429173464,5.587834358215332,5.587834358215332,106343,0.0,0.0
2022-10-11 00:00:00-04:00,5.579444885253906,5.62139535803135,5.579444885253906,5.579444885253906,106419,0.0,0.0
2022-10-12 00:00:00-04:00,5.5542732221461835,5.596224086995391,5.5542732221461835,5.562663555145264,159286,0.0,0.0
2022-10-13 00:00:00-04:00,5.475477030063162,5.563927059692865,5.475477030063162,5.517596244812012,177100,0.0265,0.0
2022-10-14 00:00:00-04:00,5.5512921391813945,5.559715742160764,5.517596923906617,5.526020526885986,135069,0.0,0.0
2022-10-17 00:00:00-04:00,5.534445286335674,5.572352107430571,5.534445286335674,5.551292896270752,168673,0.0,0.0
2022-10-18 00:00:00-04:00,5.542867945050672,5.593410766235125,5.542867945050672,5.584987163543701,156147,0.0,0.0
2022-10-19 00:00:00-04:00,5.568138106962628,5.576561707461188,5.534442901611328,5.534442901611328,118059,0.0,0.0
2022-10-20 00:00:00-04:00,5.534444342359247,5.593410766235125,5.534444342359247,5.584987163543701,226491,0.0,0.0
2022-10-21 00:00:00-04:00,5.559716500398938,5.572352107430571,5.5260212805287825,5.551292896270752,97739,0.0,0.0
2022-10-24 00:00:00-04:00,5.500747848510814,5.534443054794737,5.399661827980501,5.424933433532715,507375,0.0,0.0
2022-10-25 00:00:00-04:00,5.433358469881755,5.470170711388382,5.424934866924338,5.441782474517822,149398,0.0,0.0
2022-10-26 00:00:00-04:00,5.433357810464651,5.509172236273469,5.433357810464651,5.500748634338379,207402,0.0,0.0
2022-10-27 00:00:00-04:00,5.467053188291036,5.467053188291036,5.374391555786133,5.374391555786133,208206,0.0,0.0
2022-10-28 00:00:00-04:00,5.365967551915535,5.391239161848716,5.357543949723549,5.374391555786133,71861,0.0,0.0
2022-10-31 00:00:00-04:00,5.332272058066065,5.3658833175853164,5.332272058066065,5.349119663238525,184024,0.0,0.0
2022-11-01 00:00:00-04:00,5.39966563395183,5.408089642299771,5.374394412265659,5.391242027282715,86335,0.0,0.0
2022-11-02 00:00:00-04:00,5.391239845074241,5.433358664729062,5.381131199819912,5.39966344833374,190597,0.0,0.0
2022-11-03 00:00:00-04:00,5.349120417536234,5.391239637246056,5.3406968146014595,5.357544422149658,167239,0.0,0.0
2022-11-04 00:00:00-04:00,5.357544430843939,5.433358464094542,5.357544430843939,5.408087253570557,116438,0.0,0.0
2022-11-07 00:00:00-05:00,5.391239645995018,5.424934861146096,5.382815641367923,5.408087253570557,150338,0.0,0.0
2022-11-08 00:00:00-05:00,5.424933433532715,5.450204637406386,5.408085830390753,5.424933433532715,108772,0.0,0.0
2022-11-09 00:00:00-05:00,5.382815641367923,5.424934861146096,5.382815641367923,5.408087253570557,117508,0.0,0.0
2022-11-10 00:00:00-05:00,5.467052767114022,5.568138797380556,5.450205162349363,5.5597147941589355,161078,0.0,0.0
2022-11-11 00:00:00-05:00,5.5512911926158965,5.593410003688253,5.517595983086579,5.5597147941589355,128122,0.0,0.0
2022-11-14 00:00:00-05:00,5.548297305209059,5.552526287178611,5.531381780628766,5.539839744567871,120883,0.0265,0.0
2022-11-15 00:00:00-05:00,5.573670933632801,5.624417508647467,5.573670933632801,5.607501983642578,173650,0.0,0.0
2022-11-16 00:00:00-05:00,5.615959919659503,5.725911041185317,5.615959919659503,5.717453479766846,206443,0.0,0.0
2022-11-17 00:00:00-05:00,5.717453479766846,5.793573145724909,5.700537550333992,5.717453479766846,255038,0.0,0.0
2022-11-18 00:00:00-05:00,5.734367547881901,5.776656150817871,5.71322304476499,5.776656150817871,146170,0.0,0.0
2022-11-21 00:00:00-05:00,5.785115850266033,5.878151046636108,5.7428268313356545,5.85277795791626,169777,0.0,0.0
2022-11-22 00:00:00-05:00,5.861235446536061,5.945813483340718,5.835862358133039,5.9373555183410645,211464,0.0,0.0
2022-11-23 00:00:00-05:00,5.92043924331665,5.954270292443198,5.903523718753377,5.92043924331665,248478,0.0,0.0
2022-11-25 00:00:00-05:00,5.895065453297669,5.944882019441155,5.895065453297669,5.928896903991699,47123,0.0,0.0
2022-11-28 00:00:00-05:00,5.920439273075755,5.945812761697164,5.886608223779156,5.895065784454346,193282,0.0,0.0
2022-11-29 00:00:00-05:00,5.835862496149459,5.9458136239574495,5.835862496149459,5.886609077453613,264188,0.0,0.0
2022-11-30 00:00:00-05:00,5.8866089382370514,5.945813483340718,5.8866089382370514,5.9373555183410645,264329,0.0,0.0
2022-12-01 00:00:00-05:00,5.962729010042056,5.962729010042056,5.904623855201075,5.9373555183410645,239627,0.0,0.0
2022-12-02 00:00:00-05:00,5.878150259806046,5.920439273075755,5.878150259806046,5.895065784454346,323734,0.0,0.0
2022-12-05 00:00:00-05:00,5.878150939941406,5.903524431498672,5.861235413335884,5.878150939941406,340258,0.0,0.0
2022-12-06 00:00:00-05:00,5.895065784454346,5.928897237048864,5.886608223779156,5.895065784454346,173205,0.0,0.0
2022-12-07 00:00:00-05:00,5.886608223779156,5.927374787401788,5.869692699130856,5.895065784454346,2041203,0.0,0.0
2022-12-08 00:00:00-05:00,5.869692151263491,5.9119807572881315,5.861234188079834,5.861234188079834,352370,0.0,0.0
2022-12-09 00:00:00-05:00,5.835861437573869,5.8527769616069225,5.793572425842285,5.793572425842285,245329,0.0,0.0
2022-12-12 00:00:00-05:00,5.793572425842285,5.844318997941444,5.793572425842285,5.793572425842285,287994,0.0,0.0
2022-12-13 00:00:00-05:00,5.869692280891832,5.895065364407388,5.80211447637905,5.810487747192383,375234,0.0,0.0
2022-12-14 00:00:00-05:00,5.810489285913513,5.827404813836048,5.776658230068445,5.785116195678711,499543,0.0,0.0
2022-12-15 00:00:00-05:00,5.794748809225254,5.820201764130869,5.760811805725098,5.760811805725098,377595,0.021355,0.0
2022-12-16 00:00:00-05:00,5.7523274421691895,5.777779991120188,5.718390035966238,5.7523274421691895,401751,0.0,0.0
2022-12-19 00:00:00-05:00,5.743844985961914,5.794750506118962,5.7268764792428986,5.743844985961914,310474,0.0,0.0
2022-12-20 00:00:00-05:00,5.7268757820129395,5.760812791319242,5.7268757820129395,5.7268757820129395,422338,0.0,0.0
2022-12-21 00:00:00-05:00,5.735360114372378,5.777781172820531,5.726875659946115,5.769297122955322,242950,0.0,0.0
2022-12-22 00:00:00-05:00,5.769296258880633,5.777780307475176,5.735359255380476,5.760811805725098,221491,0.0,0.0
2022-12-23 00:00:00-05:00,5.760812220910693,5.769296674677709,5.7353596687316895,5.7353596687316895,349709,0.0,0.0
2022-12-27 00:00:00-05:00,5.692938672772195,5.782023421777702,5.66748571395874,5.66748571395874,515750,0.0,0.0
2022-12-28 00:00:00-05:00,5.66748571395874,5.718391227024594,5.66748571395874,5.66748571395874,371297,0.0,0.0
2022-12-29 00:00:00-05:00,5.667484021939769,5.8202009201049805,5.667484021939769,5.8202009201049805,470714,0.0,0.0
2022-12-30 00:00:00-05:00,5.786265387084821,5.9474663734436035,5.769296883497636,5.9474663734436035,629154,0.0,0.0
2023-01-03 00:00:00-05:00,5.938981197020009,5.94746565006217,5.854138689403349,5.8626227378845215,157495,0.0,0.0
2023-01-04 00:00:00-05:00,5.879592104844714,5.905045063156711,5.837255600331736,5.871108055114746,76565,0.0,0.0
2023-01-05 00:00:00-05:00,5.862622763694115,5.871531196691008,5.828685760498047,5.828685760498047,158837,0.0,0.0
2023-01-06 00:00:00-05:00,5.8286849919059724,5.913527488708496,5.8286849919059724,5.913527488708496,135831,0.0,0.0
2023-01-09 00:00:00-05:00,5.938980782854503,5.998370736324993,5.938980782854503,5.989886283874512,124477,0.0,0.0
2023-01-10 00:00:00-05:00,5.947465986572752,5.9644344890561705,5.922013030567119,5.938981533050537,100314,0.0,0.0
2023-01-11 00:00:00-05:00,5.9559496938456356,5.989886696865532,5.93049673930022,5.9644341468811035,120762,0.0,0.0
2023-01-12 00:00:00-05:00,5.999324582655364,6.050382614135742,5.959328739177894,6.050382614135742,91396,0.021,0.0
2023-01-13 00:00:00-05:00,5.999324321746826,6.058891819663449,5.990814447316939,5.999324321746826,105449,0.0,0.0
2023-01-17 00:00:00-05:00,5.999324560590213,6.033363248118606,5.982305216826016,5.990814685821533,145305,0.0,0.0
2023-01-18 00:00:00-05:00,6.016343047271205,6.0588911977337405,6.016343047271205,6.03336238861084,100187,0.0,0.0
2023-01-19 00:00:00-05:00,6.033363270308949,6.075911426989349,6.033363270308949,6.050382614135742,87541,0.0,0.0
2023-01-20 00:00:00-05:00,6.041872192831587,6.092930219693625,6.016343382287132,6.06740140914917,104909,0.0,0.0
2023-01-23 00:00:00-05:00,6.050381828464899,6.10135464096173,6.050381828464899,6.058891296386719,70865,0.0,0.0
2023-01-24 00:00:00-05:00,6.050381420820552,6.0929295691091925,6.037106148598277,6.041871547698975,364557,0.0,0.0
2023-01-25 00:00:00-05:00,6.007833957672119,6.024853301232595,5.999409295368455,6.007833957672119,117452,0.0,0.0
2023-01-26 00:00:00-05:00,6.007833173714834,6.041871856394105,6.007833173714834,6.03336238861084,130635,0.0,0.0
2023-01-27 00:00:00-05:00,5.999322992922384,6.041871138328147,5.999322992922384,6.0248517990112305,123866,0.0,0.0
2023-01-30 00:00:00-05:00,6.024852515054469,6.050381729950476,5.990813832375198,6.03336238861084,251977,0.0,0.0
2023-01-31 00:00:00-05:00,6.033362654728795,6.092930149158354,6.033362654728795,6.084420680999756,151901,0.0,0.0
2023-02-01 00:00:00-05:00,6.10144035851214,6.143988513190432,6.084421015486194,6.118459701538086,176469,0.0,0.0
2023-02-02 00:00:00-05:00,6.1524977684021,6.169517109715217,6.126968553545871,6.1524977684021,157826,0.0,0.0
2023-02-03 00:00:00-05:00,6.126969720469923,6.143989065024494,6.084421561970087,6.101440906524658,190335,0.0,0.0
2023-02-06 00:00:00-05:00,6.0929307708161415,6.109950114642935,6.024853395508971,6.050382614135742,91721,0.0,0.0
2023-02-07 00:00:00-05:00,6.033362986408357,6.143988513190432,6.033362986408357,6.118459701538086,164078,0.0,0.0
2023-02-08 00:00:00-05:00,6.135479044564032,6.1524983875899775,6.10994982713854,6.118459701538086,139488,0.0,0.0
2023-02-09 00:00:00-05:00,6.118459365180396,6.164071104596904,6.084420680999756,6.084420680999756,39994,0.0,0.0
2023-02-10 00:00:00-05:00,6.067401980812458,6.109950137653096,6.067401980812458,6.092930793762207,59501,0.0,0.0
2023-02-13 00:00:00-05:00,6.075909614562988,6.135477503074416,6.075909614562988,6.075909614562988,38646,0.0,0.0
2023-02-14 00:00:00-05:00,6.059695592640906,6.085300119626229,6.025556494640575,6.034091472625732,68109,0.021,0.0
2023-02-15 00:00:00-05:00,6.034091542414926,6.068230640810104,6.017021993217337,6.025556564331055,93186,0.0,0.0
2023-02-16 00:00:00-05:00,5.982882174902605,5.995684233517788,5.8889994621276855,5.8889994621276855,167245,0.0,0.0
2023-02-17 00:00:00-05:00,5.837790351253847,5.880464012196243,5.829255374883324,5.846324920654297,637439,0.0,0.0
2023-02-21 00:00:00-05:00,5.820723557079684,5.829258130514633,5.7609799151539764,5.778049468994141,343683,0.0,0.0
2023-02-22 00:00:00-05:00,5.7865822623038214,5.829255927290169,5.7865822623038214,5.803651809692383,65762,0.0,0.0
2023-02-23 00:00:00-05:00,5.812186379901608,5.829255927290169,5.795116832513047,5.803651809692383,67680,0.0,0.0
2023-02-24 00:00:00-05:00,5.769512783495571,5.803651878678494,5.750309491583913,5.795116901397705,153909,0.0,0.0
2023-02-27 00:00:00-05:00,5.803650990083047,5.854859625016891,5.803650990083047,5.829255104064941,84249,0.0,0.0
2023-02-28 00:00:00-05:00,5.812186379901608,5.8420579860890625,5.795116832513047,5.803651809692383,65875,0.0,0.0
2023-03-01 00:00:00-05:00,5.795116832513047,5.8377909044695055,5.7865822623038214,5.803651809692383,49552,0.0,0.0
2023-03-02 00:00:00-05:00,5.735372677952281,5.7865817223093305,5.735372677952281,5.769512176513672,66627,0.0,0.0
2023-03-03 00:00:00-05:00,5.769512783495571,5.812186448989166,5.7609778062147825,5.795116901397705,79459,0.0,0.0
2023-03-06 00:00:00-05:00,5.803651268104989,5.8377903596963066,5.769512176513672,5.769512176513672,125757,0.0,0.0
2023-03-07 00:00:00-05:00,5.769512176513672,5.7865817223093305,5.75244222374794,5.769512176513672,64495,0.0,0.0
2023-03-08 00:00:00-05:00,5.7609778062147825,5.803651878678494,5.7609778062147825,5.795116901397705,123632,0.0,0.0
2023-03-09 00:00:00-05:00,5.812185829112351,5.85485989702482,5.812185829112351,5.846324920654297,136147,0.0,0.0
2023-03-10 00:00:00-05:00,5.846324852677689,5.867661886385833,5.803651192231469,5.854859828948975,113030,0.0,0.0
2023-03-13 00:00:00-04:00,5.871929169994838,5.871929169994838,5.820720535060995,5.829255104064941,68378,0.0,0.0
2023-03-14 00:00:00-04:00,5.838672561493741,5.890039131989408,5.838672561493741,5.8814778327941895,111042,0.021,0.0
2023-03-15 00:00:00-04:00,5.872916941824186,5.8814778327941895,5.821550371328519,5.8814778327941895,50461,0.0,0.0
2023-03-16 00:00:00-04:00,5.864356977054767,5.941407054443506,5.864356977054767,5.907162666320801,87806,0.0,0.0
2023-03-17 00:00:00-04:00,5.907161238721569,5.984210889264208,5.907161238721569,5.96708869934082,75455,0.0,0.0
2023-03-20 00:00:00-04:00,5.949966664234685,6.001333643566617,5.887128148018014,5.941405773162842,78366,0.0,0.0
2023-03-21 00:00:00-04:00,5.924285190853858,5.954248930076352,5.864357304183542,5.872918605804443,205798,0.0,0.0
2023-03-22 00:00:00-04:00,5.872916070471949,5.9328435230463095,5.847232584922113,5.898599147796631,79878,0.0,0.0
2023-03-23 00:00:00-04:00,5.838673203947979,5.864356287909225,5.812989711761475,5.812989711761475,107893,0.0,0.0
2023-03-24 00:00:00-04:00,5.812989711761475,5.847234095859975,5.804428819849479,5.812989711761475,74580,0.0,0.0
2023-03-27 00:00:00-04:00,5.8129899465179795,5.864356524740161,5.800148404018754,5.804429054260254,98268,0.0,0.0
2023-03-28 00:00:00-04:00,5.795866484512064,5.847233051485229,5.795866484512064,5.838672161102295,229173,0.0,0.0
2023-03-29 00:00:00-04:00,5.821551088413718,5.8729176652366,5.821551088413718,5.830111980438232,149475,0.0,0.0
2023-03-30 00:00:00-04:00,5.855796813964844,5.898602100340541,5.84723551175449,5.855796813964844,117960,0.0,0.0
2023-03-31 00:00:00-04:00,5.872917879463813,5.941406651059263,5.872917879463813,5.9242844581604,362739,0.0,0.0
2023-04-03 00:00:00-04:00,5.941405702485074,5.975650082815519,5.86641024013276,5.8814778327941895,105431,0.0,0.0
2023-04-04 00:00:00-04:00,5.855795061825445,5.924283826114007,5.855795061825445,5.890039443969727,150302,0.0,0.0
2023-04-05 00:00:00-04:00,5.881477902759068,5.958527963531746,5.881477902759068,5.941405773162842,131238,0.0,0.0
2023-04-06 00:00:00-04:00,5.93284550139972,5.967175615379334,5.93284550139972,5.958528995513916,72545,0.0,0.0
2023-04-10 00:00:00-04:00,5.9328453504971925,5.949967543396055,5.898600964699467,5.9242844581604,52947,0.0,0.0
2023-04-11 00:00:00-04:00,5.907161392425033,5.958527963531746,5.907161392425033,5.941405773162842,114822,0.0,0.0
2023-04-12 00:00:00-04:00,5.949967861175537,5.967090054988872,5.917435978687911,5.949967861175537,160376,0.0,0.0
2023-04-13 00:00:00-04:00,5.942239171406353,5.9765873415735875,5.933651924133301,5.933651924133301,149254,0.021,0.0
2023-04-14 00:00:00-04:00,5.933649851943635,5.95511755316668,5.916475772857666,5.916475772857666,90416,0.0,0.0
2023-04-17 00:00:00-04:00,5.925065040588379,5.942239125539433,5.890716870686271,5.925065040588379,147995,0.0,0.0
2023-04-18 00:00:00-04:00,5.899303433790006,5.916477517941525,5.847781181335449,5.847781181335449,112313,0.0,0.0
2023-04-19 00:00:00-04:00,5.847780974448182,5.847780974448182,5.796258723816419,5.822020053863525,114322,0.0,0.0
2023-04-20 00:00:00-04:00,5.81343332916018,5.852075122968009,5.81343332916018,5.8306074142456055,42480,0.0,0.0
2023-04-21 00:00:00-04:00,5.830607254934778,5.839194501974103,5.8134331703186035,5.8134331703186035,88638,0.0,0.0
2023-04-24 00:00:00-04:00,5.81343332916018,5.864955584416457,5.81343332916018,5.8306074142456055,53083,0.0,0.0
2023-04-25 00:00:00-04:00,5.8306074142456055,5.847781499331031,5.804846491348711,5.8306074142456055,98766,0.0,0.0
2023-04-26 00:00:00-04:00,5.8134330130324114,5.860661642083472,5.8134330130324114,5.847781181335449,60522,0.0,0.0
2023-04-27 00:00:00-04:00,5.847781181335449,5.87354251229396,5.830607097183931,5.847781181335449,84387,0.0,0.0
2023-04-28 00:00:00-04:00,5.847782877724364,5.882045068848994,5.847782877724364,5.873544216156006,60143,0.0,0.0
2023-05-01 00:00:00-04:00,5.839192057440646,5.8520725131448526,5.804843902587891,5.804843902587891,135732,0.0,0.0
2023-05-02 00:00:00-04:00,5.804846129759256,5.847781135067114,5.804846129759256,5.839194297790527,92987,0.0,0.0
2023-05-03 00:00:00-04:00,5.8134331703186035,5.856368586590278,5.804846332741754,5.8134331703186035,100233,0.0,0.0
2023-05-04 00:00:00-04:00,5.796258723816419,5.847780974448182,5.787671477313234,5.822020053863525,140549,0.0,0.0
2023-05-05 00:00:00-04:00,5.839194343990922,5.8649552654869685,5.8134330130324114,5.847781181335449,127044,0.0,0.0
2023-05-08 00:00:00-04:00,5.839194501974103,5.8692490476867905,5.8134331703186035,5.8134331703186035,120492,0.0,0.0
2023-05-09 00:00:00-04:00,5.804846332741754,5.822020417357929,5.787671838663103,5.8134331703186035,268563,0.0,0.0
2023-05-10 00:00:00-04:00,5.830606890904261,5.847780974448182,5.805790190729501,5.822020053863525,91010,0.0,0.0
2023-05-11 00:00:00-04:00,5.830604813996305,5.830604813996305,5.787669415699209,5.804843902587891,126212,0.0,0.0
2023-05-12 00:00:00-04:00,5.797095244289945,5.805708842337195,5.771253628671105,5.78848123550415,73613,0.021,0.0
2023-05-15 00:00:00-04:00,5.771253628671105,5.805708842337195,5.771253628671105,5.78848123550415,134396,0.0,0.0
2023-05-16 00:00:00-04:00,5.762638559455707,5.788479757738893,5.762638559455707,5.771252155303955,124712,0.0,0.0
2023-05-17 00:00:00-04:00,5.771252155303955,5.786326666830662,5.762638559455707,5.771252155303955,86980,0.0,0.0
2023-05-18 00:00:00-04:00,5.771252642290408,5.788480246179035,5.75402503840178,5.762639045715332,169671,0.0,0.0
2023-05-19 00:00:00-04:00,5.745409813466957,5.762637412472952,5.650744068620272,5.693727016448975,311794,0.0,0.0
2023-05-22 00:00:00-04:00,5.6851149607482245,5.719570170573363,5.67650136366119,5.710956573486328,209824,0.0,0.0
2023-05-23 00:00:00-04:00,5.6851149607482245,5.710956573486328,5.680807956835458,5.710956573486328,174547,0.0,0.0
2023-05-24 00:00:00-04:00,5.69372973830471,5.69372973830471,5.642046916580043,5.650660514831543,146727,0.0,0.0
2023-05-25 00:00:00-04:00,5.650660599211362,5.685115814208984,5.624819393332426,5.685115814208984,84207,0.0,0.0
2023-05-26 00:00:00-04:00,5.659272144217686,5.693727344213117,5.642044544219971,5.642044544219971,62040,0.0,0.0
2023-05-30 00:00:00-04:00,5.667885311051069,5.710954513163805,5.650657712353645,5.659271717071533,142682,0.0,0.0
2023-05-31 00:00:00-04:00,5.67650136366119,5.710956573486328,5.6678873558356555,5.710956573486328,69938,0.0,0.0
2023-06-01 00:00:00-04:00,5.71095618852402,5.7626389997779075,5.71095618852402,5.745411396026611,117376,0.0,0.0
2023-06-02 00:00:00-04:00,5.745411727455347,5.763069786144424,5.693728913220094,5.702342510223389,105477,0.0,0.0
2023-06-05 00:00:00-04:00,5.6851140022219,5.73679680824574,5.702341604229847,5.719569206237793,130123,0.0,0.0
2023-06-06 00:00:00-04:00,5.70234165162425,5.754024458077645,5.70234165162425,5.736796855926514,78556,0.0,0.0
2023-06-07 00:00:00-04:00,5.728183212610982,5.779866018634821,5.710955610603036,5.719569206237793,104003,0.0,0.0
2023-06-08 00:00:00-04:00,5.719569301028315,5.779866114424643,5.719569301028315,5.754024505615234,108671,0.0,0.0
2023-06-09 00:00:00-04:00,5.75402503840178,5.7970942534925864,5.75402503840178,5.762639045715332,116297,0.0,0.0
2023-06-12 00:00:00-04:00,5.754024552869017,5.771252155303955,5.754024552869017,5.771252155303955,64685,0.0,0.0
2023-06-13 00:00:00-04:00,5.771252929203726,5.771252929203726,5.67650130847501,5.702342510223389,244309,0.0,0.0
2023-06-14 00:00:00-04:00,5.69456463978382,5.74209120585352,5.69456463978382,5.72048807144165,120566,0.021,0.0
2023-06-15 00:00:00-04:00,5.7291303843841375,5.768015949986724,5.720488964452193,5.763695240020752,151499,0.0,0.0
2023-06-16 00:00:00-04:00,5.763695240020752,5.7723362479071145,5.763695240020752,5.763695240020752,94590,0.0,0.0
2023-06-20 00:00:00-04:00,5.7723355894424495,5.806900441136165,5.763694582541787,5.789618015289307,196899,0.0,0.0
2023-06-21 00:00:00-04:00,5.763694822578899,5.8025803853651565,5.755053403272819,5.780977249145508,116530,0.0,0.0
2023-06-22 00:00:00-04:00,5.763694998640069,5.806900860353606,5.763694998640069,5.772336006164551,194245,0.0,0.0
2023-06-23 00:00:00-04:00,5.789619501479454,5.831616017211008,5.789619501479454,5.806901931762695,57223,0.0,0.0
2023-06-26 00:00:00-04:00,5.7982600286452275,5.850107311500936,5.7982600286452275,5.824183464050293,100580,0.0,0.0
2023-06-27 00:00:00-04:00,5.8241841835976995,5.858749455150773,5.815543174743652,5.815543174743652,97951,0.0,0.0
2023-06-28 00:00:00-04:00,5.815542812476026,5.867390098507471,5.815542812476026,5.850107669830322,123983,0.0,0.0
2023-06-29 00:00:00-04:00,5.832825783210379,5.850108213493621,5.806901931762695,5.806901931762695,146099,0.0,0.0
2023-06-30 00:00:00-04:00,5.8328256044973745,5.850108034251098,5.815543174743652,5.815543174743652,58079,0.0,0.0
2023-07-03 00:00:00-04:00,5.841467193276603,5.8673906326293945,5.83282577212858,5.8673906326293945,43747,0.0,0.0
2023-07-05 00:00:00-04:00,5.850106002190446,5.87602984383908,5.841464996337891,5.841464996337891,96419,0.0,0.0
2023-07-06 00:00:00-04:00,5.798259434235503,5.8155418600823605,5.7550531635955915,5.789618015289307,100394,0.0,0.0
2023-07-07 00:00:00-04:00,5.729131201510926,5.832825783210379,5.729131201510926,5.806901931762695,76252,0.0,0.0
2023-07-10 00:00:00-04:00,5.806901931762695,5.832739253625955,5.7983474522283185,5.806901931762695,83535,0.0,0.0
2023-07-11 00:00:00-04:00,5.7982600286452275,5.824183464050293,5.7982600286452275,5.824183464050293,81560,0.0,0.0
2023-07-12 00:00:00-04:00,5.83282577212858,5.8760320537774176,5.83282577212858,5.8673906326293945,67694,0.0,0.0
2023-07-13 00:00:00-04:00,5.868256115257855,5.92026424407959,5.868256115257855,5.92026424407959,52719,0.021,0.0
2023-07-14 00:00:00-04:00,5.902927698161186,5.911595925554804,5.85091957377097,5.868255615234375,142350,0.0,0.0
2023-07-17 00:00:00-04:00,5.850920846997632,5.894261166749406,5.850920846997632,5.885592937469482,79851,0.0,0.0
2023-07-18 00:00:00-04:00,5.894260386330656,5.926418636454604,5.885592158198434,5.92026424407959,79861,0.0,0.0
2023-07-19 00:00:00-04:00,5.9289326667785645,5.944014855169026,5.911596623269078,5.9289326667785645,86634,0.0,0.0
2023-07-20 00:00:00-04:00,5.8855926544681765,5.920264743272862,5.8855926544681765,5.894260883331299,113743,0.0,0.0
2023-07-21 00:00:00-04:00,5.911595821380615,5.9289318625385246,5.907261707760182,5.911595821380615,26703,0.0,0.0
2023-07-24 00:00:00-04:00,5.92026424407959,5.954936329960746,5.911596429271234,5.92026424407959,105960,0.0,0.0
2023-07-25 00:00:00-04:00,5.885591552981839,5.933265562835134,5.885591552981839,5.911595821380615,116568,0.0,0.0
2023-07-26 00:00:00-04:00,5.902928201139011,5.937600287020167,5.902928201139011,5.92026424407959,80677,0.0,0.0
2023-07-27 00:00:00-04:00,5.902928852224794,5.915930782533358,5.872590877063508,5.876924991607666,110889,0.0,0.0
2023-07-28 00:00:00-04:00,5.876924968677448,5.928933103032693,5.876924968677448,5.902928829193115,105110,0.0,0.0
2023-07-31 00:00:00-04:00,5.92026424407959,5.92026424407959,5.887846013243494,5.92026424407959,120903,0.0,0.0
2023-08-01 00:00:00-04:00,5.8855926544681765,5.902928698870519,5.868256610065833,5.894260883331299,100894,0.0,0.0
2023-08-02 00:00:00-04:00,5.885592091168711,5.894260319202212,5.829249848922535,5.842251777648926,183797,0.0,0.0
2023-08-03 00:00:00-04:00,5.807580015516835,5.842252102933589,5.764240112907834,5.781576156616211,123208,0.0,0.0
2023-08-04 00:00:00-04:00,5.7815753348434775,5.824915231292297,5.772907107559417,5.790243148803711,82857,0.0,0.0
2023-08-07 00:00:00-04:00,5.772908080313367,5.807580168644314,5.742050144893727,5.764240264892578,53557,0.0,0.0
2023-08-08 00:00:00-04:00,5.764240264892578,5.79024412447884,5.746904220727104,5.764240264892578,81844,0.0,0.0
2023-08-09 00:00:00-04:00,5.746903918577803,5.798912048339844,5.746903918577803,5.798912048339844,107474,0.0,0.0
2023-08-10 00:00:00-04:00,5.781575962141795,5.816248048392287,5.759905804904269,5.772907733917236,66917,0.0,0.0
2023-08-11 00:00:00-04:00,5.7555720361478935,5.79024412447884,5.746904220727104,5.764240264892578,106475,0.0,0.0
2023-08-14 00:00:00-04:00,5.747719292142802,5.782501220703125,5.747719292142802,5.782501220703125,86340,0.021,0.0
2023-08-15 00:00:00-04:00,5.75641393661499,5.773804898990769,5.742066382289142,5.75641393661499,251930,0.0,0.0
2023-08-16 00:00:00-04:00,5.74771913363884,5.74771913363884,5.712937206037693,5.721632480621338,122173,0.0,0.0
2023-08-17 00:00:00-04:00,5.730328406720392,5.730328406720392,5.704241752624512,5.704241752624512,92795,0.0,0.0
2023-08-18 00:00:00-04:00,5.695545440016141,5.739022636077144,5.695545440016141,5.7129364013671875,50053,0.0,0.0
2023-08-21 00:00:00-04:00,5.695544473261186,5.695544473261186,5.660762556462935,5.6781535148620605,68848,0.0,0.0
2023-08-22 00:00:00-04:00,5.669459491810958,5.686850455312732,5.652068528309184,5.660764217376709,84140,0.0,0.0
2023-08-23 00:00:00-04:00,5.669459491810958,5.7129371078820315,5.652068528309184,5.660764217376709,90360,0.0,0.0
2023-08-24 00:00:00-04:00,5.652068373150095,5.660764061978908,5.61728644710137,5.634677410125732,201427,0.0,0.0
2023-08-25 00:00:00-04:00,5.634676063948597,5.652067022818096,5.617285105079099,5.625980377197266,182243,0.0,0.0
2023-08-28 00:00:00-04:00,5.634677410125732,5.660764061978908,5.625981721296919,5.634677410125732,140939,0.0,0.0
2023-08-29 00:00:00-04:00,5.634676469042652,5.7042403095218015,5.634676469042652,5.669458389282227,149705,0.0,0.0
2023-08-30 00:00:00-04:00,5.678155513161932,5.712937442200905,5.678155513161932,5.704241752624512,75966,0.0,0.0
2023-08-31 00:00:00-04:00,5.712937206037693,5.74771913363884,5.704937271470106,5.721632480621338,158751,0.0,0.0
2023-09-01 00:00:00-04:00,5.712936635433938,5.765109521624671,5.680502364722228,5.695545673370361,62314,0.0,0.0
2023-09-05 00:00:00-04:00,5.6520676612854,5.695545270687035,5.643371973551789,5.6520676612854,199027,0.0,0.0
2023-09-06 00:00:00-04:00,5.643371973551789,5.669458622119412,5.643371973551789,5.6520676612854,113613,0.0,0.0
2023-09-07 00:00:00-04:00,5.643372684321281,5.660764061978908,5.61728644710137,5.634677410125732,95442,0.0,0.0
2023-09-08 00:00:00-04:00,5.643372684321281,5.67815502500327,5.625981721296919,5.634677410125732,361980,0.0,0.0
2023-09-11 00:00:00-04:00,5.625980377197266,5.639023907324264,5.599894146209601,5.625980377197266,205759,0.0,0.0
2023-09-12 00:00:00-04:00,5.608590126037598,5.625981087101543,5.608590126037598,5.608590126037598,137695,0.0,0.0
2023-09-13 00:00:00-04:00,5.608589564639256,5.634676210940609,5.604242135783344,5.617285251617432,109207,0.0,0.0
2023-09-14 00:00:00-04:00,5.59198522567749,5.64432825244061,5.59198522567749,5.59198522567749,192311,0.021,0.0
2023-09-15 00:00:00-04:00,5.600709271464043,5.61815694705175,5.583261595876337,5.59198522567749,85975,0.0,0.0
2023-09-18 00:00:00-04:00,5.565815240652864,5.591986552250278,5.548367560926088,5.583262920379639,110042,0.0,0.0
2023-09-19 00:00:00-04:00,5.548367560926088,5.609434231977053,5.548367560926088,5.583262920379639,85606,0.0,0.0
2023-09-20 00:00:00-04:00,5.583263663623198,5.618159027722017,5.583263663623198,5.600711345672607,56707,0.0,0.0
2023-09-21 00:00:00-04:00,5.565816136514609,5.591987452324502,5.5396444047191515,5.548368453979492,88190,0.0,0.0
2023-09-22 00:00:00-04:00,5.5396444047191515,5.574539769789385,5.5396444047191515,5.548368453979492,91565,0.0,0.0
2023-09-25 00:00:00-04:00,5.530920283283445,5.53964391578827,5.474215216052733,5.487300872802734,116797,0.0,0.0
2023-09-26 00:00:00-04:00,5.469852908318253,5.469852908318253,5.408785820007324,5.408785820007324,160467,0.0,0.0
2023-09-27 00:00:00-04:00,5.400062233216328,5.408785865342148,5.347719192504883,5.347719192504883,147675,0.0,0.0
2023-09-28 00:00:00-04:00,5.33899487573592,5.369528626603607,5.312823564689889,5.330271244049072,172957,0.0,0.0
2023-09-29 00:00:00-04:00,5.338995128723097,5.356442808909035,5.286652088165283,5.286652088165283,140297,0.0,0.0
2023-10-02 00:00:00-04:00,5.3389946053137045,5.365166331019616,5.29537561711781,5.312823295593262,92333,0.0,0.0
2023-10-03 00:00:00-04:00,5.2953768801325625,5.338995878732143,5.277929197495617,5.304100513458252,130622,0.0,0.0
2023-10-04 00:00:00-04:00,5.330271244049072,5.365166602767439,5.312823564689889,5.330271244049072,159360,0.0,0.0
2023-10-05 00:00:00-04:00,5.330271244049072,5.356442555095103,5.304099517017553,5.330271244049072,86724,0.0,0.0
2023-10-06 00:00:00-04:00,5.29537561711781,5.330270974068713,5.2692038914119,5.312823295593262,67156,0.0,0.0
2023-10-09 00:00:00-04:00,5.3215480408951805,5.36080542967978,5.307939073467467,5.356443405151367,55809,0.0,0.0
2023-10-10 00:00:00-04:00,5.338995144393554,5.391338185104999,5.3128238320305865,5.347719192504883,98660,0.0,0.0
2023-10-11 00:00:00-04:00,5.39133877826306,5.426234142576565,5.39133877826306,5.417510509490967,66291,0.0,0.0
2023-10-12 00:00:00-04:00,5.426232916690609,5.434956963790841,5.392210297759001,5.40006160736084,45268,0.0,0.0
2023-10-13 00:00:00-04:00,5.418444145249633,5.44470454524546,5.365922927856445,5.365922927856445,61717,0.021,0.0
2023-10-16 00:00:00-04:00,5.348417253553127,5.3834314076351735,5.31340309947108,5.3221564292907715,127894,0.0,0.0
2023-10-17 00:00:00-04:00,5.295895545561029,5.313314966688847,5.252127648198732,5.26963472366333,235548,0.0,0.0
2023-10-18 00:00:00-04:00,5.243372467261725,5.269633281974881,5.234619140625,5.234619140625,173413,0.0,0.0
2023-10-19 00:00:00-04:00,5.252127617231096,5.260881363612584,5.225866795488236,5.243373870849609,177352,0.0,0.0
2023-10-20 00:00:00-04:00,5.225866795488236,5.252127617231096,5.225866795488236,5.243373870849609,942908,0.0,0.0
2023-10-23 00:00:00-04:00,5.217112537178121,5.252126681663757,5.1645913204496665,5.199605464935303,213719,0.0,0.0
2023-10-24 00:00:00-04:00,5.199606866077536,5.2608818441399805,5.155838964975556,5.190853118896484,154011,0.0,0.0
2023-10-25 00:00:00-04:00,5.164592234055879,5.189977347208007,5.1207366826694605,5.120824337005615,135621,0.0,0.0
2023-10-26 00:00:00-04:00,5.138330972207826,5.190852193728336,5.129577643988524,5.182098865509033,169471,0.0,0.0
2023-10-27 00:00:00-04:00,5.1820983966861105,5.225865868626122,5.14708425217349,5.2171125411987305,157767,0.0,0.0
2023-10-30 00:00:00-04:00,5.208359720126864,5.29589551433533,5.173345569404118,5.243373870849609,140906,0.0,0.0
2023-10-31 00:00:00-04:00,5.26088139621631,5.330909698095794,5.234620574310701,5.3046488761901855,180778,0.0,0.0
2023-11-01 00:00:00-04:00,5.330909269768454,5.47096586227417,5.3134021957052395,5.47096586227417,237565,0.0,0.0
2023-11-02 00:00:00-04:00,5.505979088278419,5.5760073728031845,5.4797186902823825,5.497225761413574,186483,0.0,0.0
2023-11-03 00:00:00-04:00,5.505980016980317,5.558501239232724,5.497226688639035,5.523487091064453,265621,0.0,0.0
2023-11-06 00:00:00-05:00,5.514734267031849,5.540994671858716,5.470966369118259,5.479720115661621,236843,0.0,0.0
2023-11-07 00:00:00-05:00,5.479719618851709,5.602269137536753,5.479719618851709,5.558501243591309,864849,0.0,0.0
2023-11-08 00:00:00-05:00,5.584762098460807,5.6285295752791455,5.576008352656196,5.602269172668457,123817,0.0,0.0
2023-11-09 00:00:00-05:00,5.619775252657164,5.619775252657164,5.558500295070022,5.57600736618042,75068,0.0,0.0
2023-11-10 00:00:00-05:00,5.611021518707275,5.619775262979303,5.576007376422168,5.611021518707275,116554,0.0,0.0
2023-11-13 00:00:00-05:00,5.58476206776324,5.602269141874659,5.5672549936518205,5.593515396118164,125971,0.0,0.0
2023-11-14 00:00:00-05:00,5.673435186776305,5.734912189042385,5.673435186776305,5.690999984741211,167662,0.021,0.0
2023-11-15 00:00:00-05:00,5.717348098754883,5.743695089574491,5.6910006891574065,5.717348098754883,130854,0.0,0.0
2023-11-16 00:00:00-05:00,5.761259680584596,5.857866287231445,5.761259680584596,5.857866287231445,133928,0.0,0.0
2023-11-17 00:00:00-05:00,5.884214430630375,5.891679566106962,5.857867435602101,5.866649627685547,79679,0.0,0.0
2023-11-20 00:00:00-05:00,5.8666479755657654,5.901777571562497,5.8490831775674,5.875430583953857,148503,0.0,0.0
2023-11-21 00:00:00-05:00,5.822736688228564,5.879822391302709,5.822736688228564,5.857866287231445,193511,0.0,0.0
2023-11-22 00:00:00-05:00,5.857866430690299,5.928125630416705,5.857866430690299,5.901778221130371,59488,0.0,0.0
2023-11-24 00:00:00-05:00,5.875430780829093,5.9281251765898855,5.875430780829093,5.884212970733643,53576,0.0,0.0
2023-11-27 00:00:00-05:00,5.919342567907504,5.945689975176816,5.83151857497285,5.884212970733643,204412,0.0,0.0
2023-11-28 00:00:00-05:00,5.884212749161758,5.919166877108009,5.840300963736859,5.892995357513428,194680,0.0,0.0
2023-11-29 00:00:00-05:00,5.901778838473611,5.998385457591685,5.901778838473611,5.980820655822754,181958,0.0,0.0
2023-11-30 00:00:00-05:00,5.998383848223755,5.998383848223755,5.9193420520815465,5.954472064971924,171247,0.0,0.0
2023-12-01 00:00:00-05:00,5.95447357903889,6.051079778024026,5.95447357903889,6.033514976501465,182837,0.0,0.0
2023-12-04 00:00:00-05:00,5.980819956518864,6.086208754809926,5.972037766050204,5.989602565765381,194380,0.0,0.0
2023-12-05 00:00:00-05:00,6.0422964342198355,6.077426030564779,5.998384229399744,6.024731636047363,74446,0.0,0.0
2023-12-06 00:00:00-05:00,6.033514073495458,6.0510788723891835,5.998384475708008,5.998384475708008,223095,0.0,0.0
2023-12-07 00:00:00-05:00,6.007167734458642,6.086209128642967,6.002776429565657,6.05986213684082,107372,0.0,0.0
2023-12-08 00:00:00-05:00,6.05107788766388,6.077425291105729,5.998383499557953,6.015948295593262,128342,0.0,0.0
2023-12-11 00:00:00-05:00,6.024731636047363,6.059861232392307,6.024731636047363,6.024731636047363,103507,0.0,0.0
2023-12-12 00:00:00-05:00,6.042297586651697,6.077427189696818,6.024732785129135,6.033514976501465,90481,0.0,0.0
2023-12-13 00:00:00-05:00,6.068644327848908,6.077426937634879,5.963255523084552,6.05986213684082,157656,0.0,0.0
2023-12-14 00:00:00-05:00,6.103964894253802,6.139247894287109,6.090733874392946,6.139247894287109,152287,0.03,0.0
2023-12-15 00:00:00-05:00,6.139248026126723,6.245097028499742,6.006936562857177,6.192172527313232,270386,0.0,0.0
2023-12-18 00:00:00-05:00,6.192171953990849,6.227454951515064,6.156888956466634,6.165709495544434,129645,0.0,0.0
2023-12-19 00:00:00-05:00,6.192172394337072,6.218634854665321,6.130426933975514,6.139247894287109,188102,0.0,0.0
2023-12-20 00:00:00-05:00,6.165709495544434,6.192171953990849,6.148067996782326,6.165709495544434,164818,0.0,0.0
2023-12-21 00:00:00-05:00,6.165709495544434,6.192171953990849,6.156888956466634,6.165709495544434,119648,0.0,0.0
2023-12-22 00:00:00-05:00,6.192173439640231,6.227456445629676,6.161300914551118,6.174531936645508,115734,0.0,0.0
2023-12-26 00:00:00-05:00,6.183352947235107,6.214225472567815,6.17453198536484,6.183352947235107,100639,0.0,0.0
2023-12-27 00:00:00-05:00,6.227454662322998,6.227454662322998,6.209813164380131,6.227454662322998,130545,0.0,0.0
2023-12-28 00:00:00-05:00,6.192171620169906,6.2450961136030605,6.165709163150085,6.209813117980957,226451,0.0,0.0
2023-12-29 00:00:00-05:00,6.183353142697338,6.280381202697754,6.183353142697338,6.280381202697754,249645,0.0,0.0
2024-01-02 00:00:00-05:00,6.262738227844238,6.271559187921238,6.2362761888262925,6.262738227844238,117109,0.0,0.0
2024-01-03 00:00:00-05:00,6.271559238433838,6.306842237812962,6.2318657589806925,6.271559238433838,81609,0.0,0.0
2024-01-04 00:00:00-05:00,6.271559187921238,6.2892006874687105,6.232747720674187,6.262738227844238,77356,0.0,0.0
2024-01-05 00:00:00-05:00,6.253917649186687,6.262738188601891,6.218634650312825,6.236276149749756,86733,0.0,0.0
2024-01-08 00:00:00-05:00,6.271559187921238,6.342125186111129,6.227366901378695,6.262738227844238,142573,0.0,0.0
2024-01-09 00:00:00-05:00,6.271558617483411,6.271558617483411,6.218634123654809,6.227454662322998,139951,0.0,0.0
2024-01-10 00:00:00-05:00,6.2362767101585055,6.2362767101585055,6.174531246277369,6.17894172668457,73397,0.0,0.0
2024-01-11 00:00:00-05:00,6.201088077464334,6.209946977477343,6.1656533222435,6.178941249847412,61263,0.03,0.0
2024-01-12 00:00:00-05:00,6.1656522489334495,6.20108699798584,6.1656522489334495,6.20108699798584,34976,0.0,0.0
2024-01-16 00:00:00-05:00,6.19222985638912,6.19222985638912,6.006285867160889,6.085925579071045,220082,0.0,0.0
2024-01-17 00:00:00-05:00,6.077066163565035,6.077066163565035,6.054919336934365,6.068207263946533,112520,0.0,0.0
2024-01-18 00:00:00-05:00,6.06820708989637,6.06820708989637,5.9707613089657405,6.023913860321045,2359942,0.0,0.0
2024-01-19 00:00:00-05:00,6.032772337269882,6.050489713583126,5.9619028320169045,6.023913860321045,112648,0.0,0.0
2024-01-22 00:00:00-05:00,6.032772510303694,6.085924640767953,6.032772510303694,6.068207263946533,66952,0.0,0.0
2024-01-23 00:00:00-05:00,6.059349757207996,6.068208235829686,6.041632377548964,6.050490856170654,45442,0.0,0.0
2024-01-24 00:00:00-05:00,6.068208199518033,6.12136033817707,6.068208199518033,6.085925579071045,112868,0.0,0.0
2024-01-25 00:00:00-05:00,6.121360778808594,6.165654442087322,6.103643397980238,6.121360778808594,84579,0.0,0.0
2024-01-26 00:00:00-05:00,6.059349757207996,6.085925615488718,6.042518183169568,6.050490856170654,344846,0.0,0.0
2024-01-29 00:00:00-05:00,6.085923917453543,6.112500190734863,6.0549186173049465,6.112500190734863,61576,0.0,0.0
2024-01-30 00:00:00-05:00,6.094784918773899,6.130219680430611,6.094784918773899,6.121360778808594,84710,0.0,0.0
2024-01-31 00:00:00-05:00,6.15679453155983,6.236522943430285,6.15679453155983,6.174511909484863,209883,0.0,0.0
2024-02-01 00:00:00-05:00,6.227666018377075,6.3162529300890125,6.227666018377075,6.307394027709961,163286,0.0,0.0
2024-02-02 00:00:00-05:00,6.2719574288829465,6.280816328671341,6.2188052973993475,6.236522674560547,93314,0.0,0.0
2024-02-05 00:00:00-05:00,6.201088445709664,6.209947346248751,6.178941616777576,6.183371067047119,107081,0.0,0.0
2024-02-06 00:00:00-05:00,6.192229020449752,6.254240051721746,6.1656531659157485,6.236522674560547,105231,0.0,0.0
2024-02-07 00:00:00-05:00,6.254239587968096,6.289674339662998,6.201087460425742,6.218804836273193,142242,0.0,0.0
2024-02-08 00:00:00-05:00,6.2365239034652875,6.263100185651729,6.192230240626443,6.227665424346924,123685,0.0,0.0
2024-02-09 00:00:00-05:00,6.245380645509093,6.254239121564427,6.192228099514978,6.20108699798584,67449,0.0,0.0
2024-02-12 00:00:00-05:00,6.209946359557248,6.2276637354046995,6.201087460425742,6.218804836273193,211661,0.0,0.0
2024-02-13 00:00:00-05:00,6.165653890116685,6.2010886486011545,6.165653890116685,6.192229747772217,106813,0.0,0.0
2024-02-14 00:00:00-05:00,6.201126959546668,6.236714880095025,6.201126959546668,6.218920707702637,80295,0.03,0.0
2024-02-15 00:00:00-05:00,6.245611099296855,6.2900956786514275,6.236714437967775,6.263404846191406,62157,0.0,0.0
2024-02-16 00:00:00-05:00,6.245609980847135,6.254507064819336,6.218919153166847,6.254507064819336,27331,0.0,0.0
2024-02-20 00:00:00-05:00,6.272300808527423,6.272300808527423,6.218919153166847,6.254507064819336,71820,0.0,0.0
2024-02-21 00:00:00-05:00,6.24561071395874,6.276749663043914,6.241162171450468,6.24561071395874,96192,0.0,0.0
2024-02-22 00:00:00-05:00,6.2545081097790876,6.263404771001366,6.22781727763948,6.2367143630981445,99443,0.0,0.0
2024-02-23 00:00:00-05:00,6.2723011555757955,6.2723011555757955,6.218919497261595,6.227816581726074,360986,0.0,0.0
2024-02-26 00:00:00-05:00,6.218921207900671,6.218921207900671,6.165539959139224,6.174437046051025,64506,0.0,0.0
2024-02-27 00:00:00-05:00,6.165537188309704,6.174434271223102,6.138846788042034,6.156640529632568,289629,0.0,0.0
2024-02-28 00:00:00-05:00,6.1566426030056896,6.1788848935434615,6.126660119237804,6.165539264678955,97967,0.0,0.0
2024-02-29 00:00:00-05:00,6.165539081362202,6.201126575469971,6.165539081362202,6.201126575469971,191542,0.0,0.0
2024-03-01 00:00:00-05:00,6.201126445499873,6.245611024320423,6.174436037596651,6.2367143630981445,119349,0.0,0.0
2024-03-04 00:00:00-05:00,6.210023530958537,6.2545081097790876,6.210023530958537,6.2367143630981445,247401,0.0,0.0
2024-03-05 00:00:00-05:00,6.236714655694838,6.298992559881727,6.236714655694838,6.272302150726318,119998,0.0,0.0
2024-03-06 00:00:00-05:00,6.298992066256609,6.31678581237793,6.272301659192815,6.31678581237793,73773,0.0,0.0
2024-03-07 00:00:00-05:00,6.325682897556776,6.3434766436780965,6.307889151435456,6.31678581237793,401227,0.0,0.0
2024-03-08 00:00:00-05:00,6.325682638912752,6.3301307570839285,6.281198063310146,6.294543266296387,172002,0.0,0.0
2024-03-11 00:00:00-04:00,6.31678581237793,6.31678581237793,6.285646862724712,6.31678581237793,123643,0.0,0.0
2024-03-12 00:00:00-04:00,6.33457955849925,6.33457955849925,6.298992066256609,6.31678581237793,118858,0.0,0.0
2024-03-13 00:00:00-04:00,6.334578902054411,6.3612697305886385,6.321233699905461,6.352372646331787,60717,0.0,0.0
2024-03-14 00:00:00-04:00,6.343438632284902,6.343438632284902,6.307700983451574,6.316635608673096,37343,0.03,0.0
2024-03-15 00:00:00-04:00,6.334506309811865,6.334506309811865,6.271965192811317,6.289834022521973,85824,0.0,0.0
2024-03-18 00:00:00-04:00,6.3345044330897595,6.343438632284902,6.307700983451574,6.316635608673096,71624,0.0,0.0
2024-03-19 00:00:00-04:00,6.298766136169434,6.31046993165059,6.29429882401832,6.298766136169434,102349,0.0,0.0
2024-03-20 00:00:00-04:00,6.298768650390554,6.298768650390554,6.271965192811317,6.289834022521973,120291,0.0,0.0
2024-03-21 00:00:00-04:00,6.325570733784693,6.325570733784693,6.245160799126373,6.263030052185059,99771,0.0,0.0
2024-03-22 00:00:00-04:00,6.289832293563475,6.292780822195972,6.263029269378399,6.280898094177246,78282,0.0,0.0
2024-03-25 00:00:00-04:00,6.280898879217303,6.285812668192577,6.235869162439125,6.263030052185059,100898,0.0,0.0
2024-03-26 00:00:00-04:00,6.263029054302002,6.263029054302002,6.218356780825766,6.236225605010986,107886,0.0,0.0
2024-03-27 00:00:00-04:00,6.254094429196206,6.254094429196206,6.200487956640546,6.236225605010986,166281,0.0,0.0
2024-03-28 00:00:00-04:00,6.236225811729697,6.307701110839844,6.182619337397087,6.307701110839844,221251,0.0,0.0
2024-04-01 00:00:00-04:00,6.271963080421857,6.271963080421857,6.173684337100156,6.218356609344482,166014,0.0,0.0
2024-04-02 00:00:00-04:00,6.191554558268736,6.191554558268736,6.133480761654004,6.1647515296936035,199888,0.0,0.0
2024-04-03 00:00:00-04:00,6.164751181394417,6.1736853817392054,6.13794772830718,6.155816555023193,137233,0.0,0.0
2024-04-04 00:00:00-04:00,6.1915528163475,6.1915528163475,6.164749795313085,6.182618618011475,80045,0.0,0.0
2024-04-05 00:00:00-04:00,6.173685550689697,6.173685550689697,6.142415209587532,6.173685550689697,388276,0.0,0.0
2024-04-08 00:00:00-04:00,6.191554238383162,6.236226518402342,6.129013557588034,6.209423065185547,132169,0.0,0.0
2024-04-09 00:00:00-04:00,6.245159453522742,6.245159453522742,6.200487608580501,6.227290630340576,133004,0.0,0.0
2024-04-10 00:00:00-04:00,6.191554208455218,6.209333995646551,6.133480415121569,6.155816555023193,100541,0.0,0.0
2024-04-11 00:00:00-04:00,6.182618917076537,6.191553115844727,6.146881269951059,6.191553115844727,183400,0.0,0.0
2024-04-12 00:00:00-04:00,6.209499872109766,6.209499872109766,6.162390005148768,6.178990840911865,89122,0.03,0.0
2024-04-15 00:00:00-04:00,6.164632745332889,6.164632745332889,6.09284669620367,6.0973334312438965,56029,0.0,0.0
2024-04-16 00:00:00-04:00,6.0838743327765235,6.1197673613456995,6.056954347410315,6.08746337890625,315701,0.0,0.0
2024-04-17 00:00:00-04:00,6.110795021057129,6.119768493799276,6.092848503451566,6.110795021057129,47400,0.0,0.0
2024-04-18 00:00:00-04:00,6.137714912417867,6.137714912417867,6.092848405188186,6.1242547035217285,117710,0.0,0.0
2024-04-19 00:00:00-04:00,6.1197686195373535,6.13771513751165,6.110795146610836,6.1197686195373535,85748,0.0,0.0
2024-04-22 00:00:00-04:00,6.146688182559428,6.146688182559428,6.110795146610836,6.1197686195373535,149927,0.0,0.0
2024-04-23 00:00:00-04:00,6.110795021057129,6.133228275033765,6.110705166523663,6.110795021057129,222682,0.0,0.0
2024-04-24 00:00:00-04:00,6.119767938554184,6.119767938554184,6.092847950648919,6.101821422576904,123662,0.0,0.0
2024-04-25 00:00:00-04:00,6.08387430409885,6.119767332498837,6.047980847820213,6.0928473472595215,444703,0.0,0.0
2024-04-26 00:00:00-04:00,6.146688182559428,6.146688182559428,6.101822101563058,6.1197686195373535,188682,0.0,0.0
2024-04-29 00:00:00-04:00,6.128741439820442,6.128741439820442,6.110794922504314,6.1242547035217285,11333,0.0,0.0
2024-04-30 00:00:00-04:00,6.092848628636539,6.1197686195373535,6.083875583588761,6.1197686195373535,19294,0.0,0.0
2024-05-01 00:00:00-04:00,6.137715011404839,6.146688056268255,6.101821976193713,6.110795021057129,194060,0.0,0.0
2024-05-02 00:00:00-04:00,6.1018218010305585,6.119768318120936,6.074901811455632,6.115281581878662,52202,0.0,0.0
2024-05-03 00:00:00-04:00,6.146688311604091,6.182581348306228,6.137715266367931,6.173608303070068,71311,0.0,0.0
2024-05-06 00:00:00-04:00,6.191554279899136,6.254366874694824,6.18258080756906,6.254366874694824,147938,0.0,0.0
2024-05-07 00:00:00-04:00,6.263340527876237,6.379993104263254,6.263340527876237,6.308207035064697,199072,0.0,0.0
2024-05-08 00:00:00-04:00,6.353072166442871,6.37101868106474,6.290259579205659,6.353072166442871,373113,0.0,0.0
2024-05-09 00:00:00-04:00,6.379993032670629,6.379993032670629,6.317180008887381,6.344099998474121,218525,0.0,0.0
2024-05-10 00:00:00-04:00,6.362046664442622,6.362046664442622,6.2902605943698315,6.317180156707764,151036,0.0,0.0
2024-05-13 00:00:00-04:00,6.353073394923204,6.353073394923204,6.308207313632202,6.335126876831055,72353,0.0,0.0
2024-05-14 00:00:00-04:00,6.362161071443536,6.380184173583984,6.326114867162638,6.380184173583984,97017,0.03,0.0
2024-05-15 00:00:00-04:00,6.398206215002611,6.416229314155114,6.389194880278649,6.407217979431152,331711,0.0,0.0
2024-05-16 00:00:00-04:00,6.416229399599027,6.416229399599027,6.371171865970036,6.389194965362549,263123,0.0,0.0
2024-05-17 00:00:00-04:00,6.398206300206514,6.398206300206514,6.371171865970036,6.389194965362549,297054,0.0,0.0
2024-05-20 00:00:00-04:00,6.398207275724434,6.398207275724434,6.362161071443536,6.380184173583984,239155,0.0,0.0
2024-05-21 00:00:00-04:00,6.398207575573258,6.41623067855835,6.389196238933046,6.41623067855835,59007,0.0,0.0
2024-05-22 00:00:00-04:00,6.416229965735751,6.416229965735751,6.3666665454592515,6.3711724281311035,113308,0.0,0.0
2024-05-23 00:00:00-04:00,6.389196296323332,6.389196296323332,6.281057247736759,6.30809211730957,106222,0.0,0.0
2024-05-24 00:00:00-04:00,6.344138781418646,6.344138781418646,6.2945753516139415,6.317104339599609,83424,0.0,0.0
2024-05-28 00:00:00-04:00,6.335126434186653,6.353149535761245,6.272045363823259,6.276551246643066,63883,0.0,0.0
2024-05-29 00:00:00-04:00,6.272044830608418,6.308091030693153,6.20896376560783,6.235998630523682,121466,0.0,0.0
2024-05-30 00:00:00-04:00,6.245011009860815,6.245011009860815,6.1999534670735565,6.2179765701293945,38000,0.0,0.0
2024-05-31 00:00:00-04:00,6.226987662186673,6.272045632908565,6.226987662186673,6.263033866882324,47927,0.0,0.0
2024-06-03 00:00:00-04:00,6.29006814956665,6.29006814956665,6.24501018304026,6.29006814956665,159532,0.0,0.0
2024-06-04 00:00:00-04:00,6.326114634402921,6.348643618675725,6.2990797673346295,6.3351263999938965,87067,0.0,0.0
2024-06-05 00:00:00-04:00,6.326114867162638,6.389195939506534,6.326114867162638,6.380184173583984,111906,0.0,0.0
2024-06-06 00:00:00-04:00,6.389194880278649,6.416229314155114,6.380183115850109,6.407217979431152,27644,0.0,0.0
2024-06-07 00:00:00-04:00,6.380183115850109,6.407217979431152,6.344136917545103,6.407217979431152,114646,0.0,0.0
2024-06-10 00:00:00-04:00,6.407219341918139,6.41623067855835,6.402713458745698,6.41623067855835,48239,0.0,0.0
2024-06-11 00:00:00-04:00,6.416229314155114,6.420735196369384,6.398206215002611,6.407217979431152,67954,0.0,0.0
2024-06-12 00:00:00-04:00,6.461287276888661,6.465793159102931,6.407217979431152,6.407217979431152,217314,0.0,0.0
2024-06-13 00:00:00-04:00,6.434253516280043,6.47029972076416,6.434253516280043,6.47029972076416,68575,0.0,0.0
2024-06-14 00:00:00-04:00,6.4974486050882225,6.4974486050882225,6.429578491196534,6.44315242767334,58856,0.03,0.0
2024-06-17 00:00:00-04:00,6.443151581747015,6.470299882643966,6.443151581747015,6.461250305175781,45136,0.0,0.0
2024-06-18 00:00:00-04:00,6.470299514070275,6.497447381913172,6.46124993711759,6.479348659515381,44857,0.0,0.0
2024-06-20 00:00:00-04:00,6.470299622394737,6.506497067796331,6.434102176993145,6.497447490692139,130533,0.0,0.0
2024-06-21 00:00:00-04:00,6.470299882643966,6.479349028604547,6.461250305175781,6.461250305175781,62860,0.0,0.0
2024-06-24 00:00:00-04:00,6.48839892796987,6.5245963766232,6.4820643960309186,6.515546798706055,53793,0.0,0.0
2024-06-25 00:00:00-04:00,6.515546798706055,6.528397095786571,6.4793493500527255,6.515546798706055,76620,0.0,0.0
2024-06-26 00:00:00-04:00,6.5064965393891585,6.524595260620117,6.470299096927241,6.524595260620117,77886,0.0,0.0
2024-06-27 00:00:00-04:00,6.542693790588954,6.542693790588954,6.470298907781435,6.511021137237549,58646,0.0,0.0
2024-06-28 00:00:00-04:00,6.515546421103774,6.533645144381544,6.488398551940918,6.488398551940918,38760,0.0,0.0
2024-07-01 00:00:00-04:00,6.497447329400971,6.506496906280518,6.470299461777482,6.506496906280518,85075,0.0,0.0
2024-07-02 00:00:00-04:00,6.533644789316224,6.587941387706433,6.5155460670220124,6.561697959899902,92336,0.0,0.0
2024-07-03 00:00:00-04:00,6.606040639790957,6.606040639790957,6.574367549605292,6.596991062164307,61947,0.0,0.0
2024-07-05 00:00:00-04:00,6.642237932948641,6.687484525507746,6.624139209623479,6.651287078857422,56272,0.0,0.0
2024-07-08 00:00:00-04:00,6.642237186431885,6.687483773905756,6.642237186431885,6.642237186431885,34484,0.0,0.0
2024-07-09 00:00:00-04:00,6.669386382261088,6.678435960464569,6.578892757764476,6.624139785766602,76858,0.0,0.0
2024-07-10 00:00:00-04:00,6.678434888896919,6.687484034140808,6.578891702168721,6.606040000915527,88304,0.0,0.0
2024-07-11 00:00:00-04:00,6.633188932462443,6.651287657361766,6.624139785766602,6.624139785766602,96488,0.0,0.0
2024-07-12 00:00:00-04:00,6.642238515257407,6.673368339366067,6.642238515257407,6.669386386871338,45830,0.0,0.0
2024-07-15 00:00:00-04:00,6.6966447373125835,6.6966447373125835,6.646669931788011,6.66938591003418,56269,0.03,0.0
2024-07-16 00:00:00-04:00,6.6966452161630405,6.760249873146178,6.6602998216787554,6.678472518920898,189992,0.0,0.0
2024-07-17 00:00:00-04:00,6.678472474983297,6.683015757581762,6.633040948812474,6.651213645935059,88295,0.0,0.0
2024-07-18 00:00:00-04:00,6.633040268820918,6.6421263998151,6.569435618776717,6.573978900909424,162028,0.0,0.0
2024-07-19 00:00:00-04:00,6.605780987952559,6.605780987952559,6.5694355975508,6.578521728515625,42418,0.0,0.0
2024-07-22 00:00:00-04:00,6.605781599229541,6.651213558071476,6.605781599229541,6.6239542961120605,85824,0.0,0.0
2024-07-23 00:00:00-04:00,6.6602997340513905,6.6602997340513905,6.605781643042239,6.64212703704834,28869,0.0,0.0
2024-07-24 00:00:00-04:00,6.623953773788157,6.633040338148542,6.596694947249474,6.605781078338623,66731,0.0,0.0
2024-07-25 00:00:00-04:00,6.605781167981783,6.6602992550702185,6.573979058831339,6.633040428161621,125653,0.0,0.0
2024-07-26 00:00:00-04:00,6.623953953541843,6.70573130191955,6.614867822206125,6.66938591003418,120705,0.0,0.0
2024-07-29 00:00:00-04:00,6.687559687995179,6.742077784644028,6.65121429022928,6.7329912185668945,131113,0.0,0.0
2024-07-30 00:00:00-04:00,6.705731737302812,6.723904434425396,6.60578168649296,6.651213645935059,171260,0.0,0.0
2024-07-31 00:00:00-04:00,6.687559084177608,6.705731781419751,6.642127124436613,6.678472518920898,120459,0.0,0.0
2024-08-01 00:00:00-04:00,6.714816709446162,6.76024866104126,6.6421259335109655,6.76024866104126,94594,0.0,0.0
2024-08-02 00:00:00-04:00,6.81476765949046,6.81476765949046,6.723904177351506,6.742076873779297,108500,0.0,0.0
2024-08-05 00:00:00-04:00,6.714817913405183,6.732990610647326,6.6602998216787554,6.678472518920898,73761,0.0,0.0
2024-08-06 00:00:00-04:00,6.678473121918046,6.769336616332794,6.673929838879479,6.7329912185668945,143333,0.0,0.0
2024-08-07 00:00:00-04:00,6.7602487544440555,6.832939531383581,6.742076060209174,6.796594142913818,230288,0.0,0.0
2024-08-08 00:00:00-04:00,6.796595881292877,6.805682014098692,6.714818519683945,6.7329912185668945,41273,0.0,0.0
2024-08-09 00:00:00-04:00,6.742076874249957,6.769245148564722,6.714817612970738,6.751163005828857,101424,0.0,0.0
2024-08-12 00:00:00-04:00,6.714818519683945,6.7329912185668945,6.696645820800995,6.7329912185668945,66534,0.0,0.0
2024-08-13 00:00:00-04:00,6.760249480466396,6.778422176652949,6.687558695720186,6.705731391906738,90086,0.0,0.0
2024-08-14 00:00:00-04:00,6.732990741842655,6.732990741842655,6.696645346650164,6.723904609680176,64160,0.0,0.0
2024-08-15 00:00:00-04:00,6.71478031345178,6.742150097787311,6.6965336455498,6.73302698135376,47869,0.03,0.0
2024-08-16 00:00:00-04:00,6.742150080604383,6.769520299905037,6.733026964194083,6.7512736320495605,29980,0.0,0.0
2024-08-19 00:00:00-04:00,6.733028122099111,6.760397911071777,6.733028122099111,6.760397911071777,41660,0.0,0.0
2024-08-20 00:00:00-04:00,6.778644541578932,6.796891212463379,6.751274752769736,6.796891212463379,86011,0.0,0.0
2024-08-21 00:00:00-04:00,6.815137177954592,6.819243037382454,6.760397170967054,6.806014060974121,46895,0.0,0.0
2024-08-22 00:00:00-04:00,6.806014765423077,6.806014765423077,6.742151199810037,6.796891212463379,36523,0.0,0.0
2024-08-23 00:00:00-04:00,6.796890965656794,6.82426118850708,6.760397625213034,6.82426118850708,66174,0.0,0.0
2024-08-26 00:00:00-04:00,6.86075452895084,6.86075452895084,6.796890965656794,6.82426118850708,71173,0.0,0.0
2024-08-27 00:00:00-04:00,6.82426118850708,6.84250785872896,6.796890965656794,6.82426118850708,29315,0.0,0.0
2024-08-28 00:00:00-04:00,6.851630950981188,6.851630950981188,6.742150501971208,6.806014060974121,75611,0.0,0.0
2024-08-29 00:00:00-04:00,6.806012870643279,6.824259536447893,6.769519539034053,6.778642654418945,95942,0.0,0.0
2024-08-30 00:00:00-04:00,6.769521464085967,6.801453029565727,6.7239045690849215,6.760397911071777,73519,0.0,0.0
2024-09-03 00:00:00-04:00,6.78776790679945,6.851631470646123,6.7603976837123225,6.769521236419678,76072,0.0,0.0
2024-09-04 00:00:00-04:00,6.796889320223558,6.806012870643279,6.769519539034053,6.778642654418945,172916,0.0,0.0
2024-09-05 00:00:00-04:00,6.796890698011085,6.833384037017822,6.787767580776859,6.833384037017822,118197,0.0,0.0
2024-09-06 00:00:00-04:00,6.833384554232273,6.842508107191972,6.778644541578932,6.796891212463379,117507,0.0,0.0
2024-09-09 00:00:00-04:00,6.815138091360495,6.842508316040039,6.79689141991912,6.842508316040039,77702,0.0,0.0
2024-09-10 00:00:00-04:00,6.833384037017822,6.8425075892869645,6.806014250280228,6.833384037017822,204232,0.0,0.0
2024-09-11 00:00:00-04:00,6.833384267204189,6.860754489898682,6.815137597086172,6.860754489898682,211925,0.0,0.0
2024-09-12 00:00:00-04:00,6.860754244227966,6.888124465942383,6.851631127013104,6.888124465942383,104604,0.0,0.0
2024-09-13 00:00:00-04:00,6.924617499032805,6.961110836350285,6.924617499032805,6.933740615844727,70327,0.0,0.0
2024-09-16 00:00:00-04:00,6.979539247890209,6.979539247890209,6.947481136033024,6.9612202644348145,65831,0.03,0.0
2024-09-17 00:00:00-04:00,6.9795378469109774,6.9795378469109774,6.933740615844727,6.933740615844727,48930,0.0,0.0
2024-09-18 00:00:00-04:00,6.961220119490253,6.974959247605972,6.9429011364162925,6.970379829406738,69803,0.0,0.0
2024-09-19 00:00:00-04:00,6.988698957997414,6.988698957997414,6.942901280979421,6.9612202644348145,73176,0.0,0.0
2024-09-20 00:00:00-04:00,6.997858231345602,6.997858231345602,6.942901280979421,6.9612202644348145,53064,0.0,0.0
2024-09-23 00:00:00-04:00,6.942900209708739,6.961219190337563,6.887943267822266,6.887943267822266,62414,0.0,0.0
2024-09-24 00:00:00-04:00,6.924581229079914,6.924581229079914,6.878783995887328,6.887943267822266,62518,0.0,0.0
2024-09-25 00:00:00-04:00,6.924581229079914,6.924581229079914,6.878783995887328,6.887943267822266,76774,0.0,0.0
2024-09-26 00:00:00-04:00,6.897102682698775,6.897102682698775,6.851305014698225,6.878783702850342,110188,0.0,0.0
2024-09-27 00:00:00-04:00,6.906261920928955,6.906261920928955,6.860464253149325,6.906261920928955,97584,0.0,0.0
2024-09-30 00:00:00-04:00,6.873930480789676,6.9612202644348145,6.851306363702453,6.9612202644348145,222124,0.0,0.0
2024-10-01 00:00:00-04:00,6.961220449892254,6.961220449892254,6.922750714638741,6.952061176300049,134248,0.0,0.0
2024-10-02 00:00:00-04:00,6.9429011364162925,6.970379829406738,6.915422880184855,6.970379829406738,157190,0.0,0.0
2024-10-03 00:00:00-04:00,6.961218860209154,6.961218860209154,6.88336308703914,6.906261920928955,158061,0.0,0.0
2024-10-04 00:00:00-04:00,6.897103786468506,6.897103786468506,6.872922624376626,6.897103786468506,107639,0.0,0.0
2024-10-07 00:00:00-04:00,6.897102976516153,6.90626224845109,6.8696242871934405,6.887943267822266,299825,0.0,0.0
2024-10-08 00:00:00-04:00,6.906261920928955,6.906261920928955,6.8786919502932244,6.906261920928955,60773,0.0,0.0
2024-10-09 00:00:00-04:00,6.90626224845109,6.915421957144977,6.8650444328464975,6.887943267822266,54348,0.0,0.0
2024-10-10 00:00:00-04:00,6.90626305947905,6.90626305947905,6.878784803688415,6.897103786468506,45121,0.0,0.0
2024-10-11 00:00:00-04:00,6.90626219654798,6.90626219654798,6.880615711212158,6.880615711212158,58221,0.0,0.0
2024-10-14 00:00:00-04:00,6.906261300747832,6.906261300747832,6.842144658965799,6.865868091583252,88587,0.0,0.0
2024-10-15 00:00:00-04:00,6.902776718139648,6.921184105166685,6.8843693311126115,6.902776718139648,88474,0.036,0.0
2024-10-16 00:00:00-04:00,6.921184105166685,6.921184105166685,6.8751654181657305,6.902776718139648,81288,0.0,0.0
2024-10-17 00:00:00-04:00,6.911979557930255,6.957997798919678,6.902775646412377,6.957997798919678,103035,0.0,0.0
2024-10-18 00:00:00-04:00,6.985609491007071,7.004016876220703,6.957998193753281,7.004016876220703,88319,0.0,0.0
2024-10-21 00:00:00-04:00,7.004016957438638,7.004016957438638,6.948886524294844,6.967202186584473,28635,0.0,0.0
2024-10-22 00:00:00-04:00,6.9579990512420204,6.9672029644164475,6.810739951385068,6.8291473388671875,168836,0.0,0.0
2024-10-23 00:00:00-04:00,6.838349093689631,6.838349093689631,6.732506751997915,6.7371087074279785,71514,0.0,0.0
2024-10-24 00:00:00-04:00,6.764719677988476,6.764719677988476,6.6266640847914395,6.672682762145996,119995,0.0,0.0
2024-10-25 00:00:00-04:00,6.718703316211369,6.746314179243238,6.6772865827968095,6.691092014312744,106939,0.0,0.0
2024-10-28 00:00:00-04:00,6.746312817133204,6.746312817133204,6.635868509571406,6.654275894165039,73049,0.0,0.0
2024-10-29 00:00:00-04:00,6.6542763725664145,6.6542763725664145,6.617461600732393,6.6450724601745605,104890,0.0,0.0
2024-10-30 00:00:00-04:00,6.681888539591039,6.691092014312744,6.626665935793791,6.691092014312744,84072,0.0,0.0
2024-10-31 00:00:00-04:00,6.681886558867088,6.7371087074279785,6.654275265153331,6.7371087074279785,66412,0.0,0.0
2024-11-01 00:00:00-04:00,6.8015358573291,6.8015358573291,6.681888061310634,6.700295448303223,113713,0.0,0.0
2024-11-04 00:00:00-05:00,6.7094984859073605,6.737109784033466,6.663479801986082,6.681887626647949,163996,0.0,0.0
2024-11-05 00:00:00-05:00,6.700293941720719,6.750914134851545,6.681886558867088,6.7371087074279785,79302,0.0,0.0
2024-11-06 00:00:00-05:00,6.727905916234457,6.727905916234457,6.6266650742575495,6.6450724601745605,124117,0.0,0.0
2024-11-07 00:00:00-05:00,6.672684106495371,6.727906267126499,6.672684106495371,6.718702793121338,46868,0.0,0.0
2024-11-08 00:00:00-05:00,6.746313013301103,6.792331695556641,6.746313013301103,6.792331695556641,67557,0.0,0.0
2024-11-11 00:00:00-05:00,6.792331695556641,6.8107390806855195,6.746313013301103,6.792331695556641,81821,0.0,0.0
2024-11-12 00:00:00-05:00,6.783128868165509,6.783128868165509,6.69569388453935,6.727906703948975,90273,0.0,0.0
2024-11-13 00:00:00-05:00,6.773924391268966,6.792331776617522,6.746313093812789,6.75551700592041,67819,0.0,0.0
2024-11-14 00:00:00-05:00,6.773923873901367,6.783127346439375,6.741710622851711,6.773923873901367,55055,0.0,0.0
2024-11-15 00:00:00-05:00,6.779473120020985,6.779473120020985,6.73322868347168,6.73322868347168,75964,0.036,0.0
2024-11-18 00:00:00-05:00,6.760974860870865,6.770224012252847,6.714730427032391,6.751726150512695,39527,0.0,0.0
2024-11-19 00:00:00-05:00,6.751726150512695,6.786502201147991,6.723979137390561,6.751726150512695,67115,0.0,0.0
2024-11-20 00:00:00-05:00,6.723979531547516,6.760697853202584,6.723979531547516,6.73322868347168,39546,0.0,0.0
2024-11-21 00:00:00-05:00,6.760976526404205,6.825719278955702,6.733229947470649,6.807221412658691,77830,0.0,0.0
2024-11-22 00:00:00-05:00,6.816468845669963,6.816468845669963,6.686983805898538,6.73322868347168,105384,0.0,0.0
2024-11-25 00:00:00-05:00,6.788721956355442,6.797878051824209,6.7239792189675285,6.770224094390869,80505,0.0,0.0
2024-11-26 00:00:00-05:00,6.788723546361681,6.834413183500273,6.760976526404205,6.807221412658691,130682,0.0,0.0
2024-11-27 00:00:00-05:00,6.8349663467739985,6.890459932310632,6.8349663467739985,6.871962070465088,88449,0.0,0.0
2024-11-29 00:00:00-05:00,6.890459702803613,6.955202437618479,6.890459702803613,6.927455425262451,54938,0.0,0.0
2024-12-02 00:00:00-05:00,6.955204145077857,6.992199876618916,6.927457125910108,6.9829511642456055,140993,0.0,0.0
2024-12-03 00:00:00-05:00,6.982951028638675,7.001448894049982,6.918208279187152,6.955204010009766,73667,0.0,0.0
2024-12-04 00:00:00-05:00,6.955204010009766,6.982951028638675,6.9367061445984595,6.955204010009766,52482,0.0,0.0
2024-12-05 00:00:00-05:00,6.908958332076625,6.936705347517187,6.85346474221935,6.881211757659912,258457,0.0,0.0
2024-12-06 00:00:00-05:00,6.899710019326502,6.908219133954503,6.834967273576256,6.8627142906188965,98672,0.0,0.0
2024-12-09 00:00:00-05:00,6.862715187833597,6.881213054605766,6.8442173210614285,6.853466033935547,62227,0.0,0.0
2024-12-10 00:00:00-05:00,6.8442158699035645,6.862713732753689,6.816468855116459,6.8442158699035645,111208,0.0,0.0
2024-12-11 00:00:00-05:00,6.853465478493216,6.8719633437662155,6.834967613220215,6.834967613220215,129703,0.0,0.0
2024-12-12 00:00:00-05:00,6.862714451088701,6.862714451088701,6.760975974251914,6.788722991943359,187726,0.0,0.0
2024-12-13 00:00:00-05:00,6.797970841434327,6.797970841434327,6.699469933429257,6.70548152923584,181522,0.0,0.0
2024-12-16 00:00:00-05:00,6.711059724285487,6.766830695370123,6.692469548332194,6.720355033874512,157873,0.036,0.0
2024-12-17 00:00:00-05:00,6.729648387449942,6.75288621297401,6.655287700352653,6.683173179626465,230526,0.0,0.0
2024-12-18 00:00:00-05:00,6.720354453071409,6.720354453071409,6.608813406991525,6.61810827255249,227227,0.0,0.0
2024-12-19 00:00:00-05:00,6.6088125733080965,6.61810743769654,6.460090754071047,6.5623369216918945,203719,0.0,0.0
2024-12-20 00:00:00-05:00,6.655287781699637,6.655287781699637,6.553042057303451,6.5623369216918945,170998,0.0,0.0
2024-12-23 00:00:00-05:00,6.590224041939961,6.590224041939961,6.4879778488649675,6.543748378753662,136739,0.0,0.0
2024-12-24 00:00:00-05:00,6.543747579849023,6.5590844847766006,6.460091573616881,6.553042888641357,202558,0.0,0.0
2024-12-26 00:00:00-05:00,6.469386882409216,6.571633063001309,6.469386882409216,6.553042888641357,280942,0.0,0.0
2024-12-27 00:00:00-05:00,6.5158633354217015,6.553043688680831,6.395956408064905,6.543748378753662,267297,0.0,0.0
2024-12-30 00:00:00-05:00,6.5065668016595835,6.5809274941911715,6.49727149348079,6.5251569747924805,315771,0.0,0.0
2024-12-31 00:00:00-05:00,6.506568025494532,6.571633865310396,6.497272715567364,6.543748378753662,331316,0.0,0.0
2025-01-02 00:00:00-05:00,6.58092807144431,6.701764429019776,6.53445285614779,6.692469120025635,151639,0.0,0.0
2025-01-03 00:00:00-05:00,6.720354677890297,6.748240161955493,6.675273403865993,6.729649543762207,36703,0.0,0.0
2025-01-06 00:00:00-05:00,6.738944933972273,6.738944933972273,6.66458423320302,6.7017645835876465,167459,0.0,0.0
2025-01-07 00:00:00-05:00,6.720354203986767,6.720354203986767,6.659936028793337,6.664583683013916,35213,0.0,0.0
2025-01-08 00:00:00-05:00,6.692469120025635,6.711059294789188,6.655288770498527,6.692469120025635,169000,0.0,0.0
2025-01-10 00:00:00-05:00,6.683174260456909,6.683174260456909,6.599518252330935,6.627403736114502,118058,0.0,0.0
2025-01-13 00:00:00-05:00,6.636698325224013,6.645993633839279,6.599517977212371,6.608813285827637,87676,0.0,0.0
2025-01-14 00:00:00-05:00,6.636698446899137,6.636698446899137,6.594870443813002,6.61810827255249,68774,0.0,0.0
2025-01-15 00:00:00-05:00,6.679767174585705,6.745163210597059,6.679767174585705,6.703123092651367,73411,0.036,0.0
2025-01-16 00:00:00-05:00,6.689110186693696,6.745631435934308,6.67042553878863,6.679768085479736,57559,0.0,0.0
2025-01-17 00:00:00-05:00,6.698451819942818,6.721807738008481,6.679767174585705,6.703123092651367,34805,0.0,0.0
2025-01-21 00:00:00-05:00,6.745164178372401,6.75450672512994,6.689110234258615,6.726479530334473,51723,0.0,0.0
2025-01-22 00:00:00-05:00,6.726479485757485,6.782533874976942,6.689110189929277,6.763848781585693,72721,0.0,0.0
2025-01-23 00:00:00-05:00,6.745164269280793,6.745164269280793,6.62371427813598,6.651741027832031,102474,0.0,0.0
2025-01-24 00:00:00-05:00,6.6797678255088915,6.726479220715017,6.651740632003515,6.698452472686768,56439,0.0,0.0
2025-01-27 00:00:00-05:00,6.735822292799101,6.745164394378662,6.707795097106095,6.745164394378662,39660,0.0,0.0
2025-01-28 00:00:00-05:00,6.7451638678928925,6.77319106139827,6.661083178331016,6.698452472686768,103501,0.0,0.0
2025-01-29 00:00:00-05:00,6.71713699523144,6.71713699523144,6.642398407906676,6.689109802246094,73905,0.0,0.0
2025-01-30 00:00:00-05:00,6.735822763293782,6.819903910768676,6.698453463410983,6.721809387207031,366480,0.0,0.0
2025-01-31 00:00:00-05:00,6.7264791351005035,6.810560269069325,6.7264791351005035,6.773190975189209,187121,0.0,0.0
2025-02-03 00:00:00-05:00,6.810560624109526,6.857272466633359,6.745164133671589,6.763848781585693,93688,0.0,0.0
2025-02-04 00:00:00-05:00,6.782534812850613,6.857273414841715,6.76384971687563,6.801219463348389,179249,0.0,0.0
2025-02-05 00:00:00-05:00,6.829243438827479,6.838585983015254,6.782532054319682,6.810558795928955,155540,0.0,0.0
2025-02-06 00:00:00-05:00,6.82924495482438,6.866614248916889,6.819435548535881,6.857272148132324,75623,0.0,0.0
2025-02-07 00:00:00-05:00,6.857272328352578,6.885299076919986,6.77319119169608,6.791875839233398,87640,0.0,0.0
2025-02-10 00:00:00-05:00,6.819904113846164,6.83858876434394,6.7778635388568675,6.801219463348389,72842,0.0,0.0
2025-02-11 00:00:00-05:00,6.801218385740625,6.810560486770716,6.77319119169608,6.791875839233398,51903,0.0,0.0
2025-02-12 00:00:00-05:00,6.698452781016154,6.745164178372401,6.668557255060038,6.726479530334473,120459,0.0,0.0
2025-02-13 00:00:00-05:00,6.773191328281318,6.782533874976942,6.735915582653667,6.763848781585693,52872,0.0,0.0
2025-02-14 00:00:00-05:00,6.807038611675821,6.83520586498945,6.778871358362191,6.825816631317139,114393,0.036,0.0
2025-02-18 00:00:00-05:00,6.816428184509277,6.835206205084923,6.778871695654661,6.816428184509277,178891,0.0,0.0
2025-02-19 00:00:00-05:00,6.844595772981728,6.8539850081932014,6.816428962754064,6.835206985473633,75330,0.0,0.0
2025-02-20 00:00:00-05:00,6.844593048095703,6.872760294813143,6.816426249081461,6.844593048095703,54877,0.0,0.0
2025-02-21 00:00:00-05:00,6.872761420571932,6.872761420571932,6.82581615092096,6.853983402252197,32252,0.0,0.0
2025-02-24 00:00:00-05:00,6.807037864384993,6.83989928322388,6.741314579003967,6.750703811645508,129534,0.0,0.0
2025-02-25 00:00:00-05:00,6.79764937800351,6.83520586498945,6.788260592034502,6.825816631317139,68586,0.0,0.0
2025-02-26 00:00:00-05:00,6.83520586498945,6.891539923913405,6.807038611675821,6.825816631317139,54585,0.0,0.0
2025-02-27 00:00:00-05:00,6.844594169240694,6.853983402252197,6.797648899589722,6.853983402252197,52681,0.0,0.0
2025-02-28 00:00:00-05:00,6.853983402252197,6.8633721875604286,6.8164273656127286,6.853983402252197,88947,0.0,0.0
2025-03-03 00:00:00-05:00,6.872762036587448,6.91031807659312,6.835205996581777,6.863372802734375,190273,0.0,0.0
2025-03-04 00:00:00-05:00,6.863373795701297,6.863373795701297,6.807039727542591,6.835206985473633,99915,0.0,0.0
2025-03-05 00:00:00-05:00,6.8539835780449785,6.856706061709263,6.769482269587225,6.807038307189941,51366,0.0,0.0
2025-03-06 00:00:00-05:00,6.788260632362739,6.807038652115616,6.7319265731041105,6.769482612609863,67678,0.0,0.0
2025-03-07 00:00:00-05:00,6.7882603307772476,6.7882603307772476,6.699064852839644,6.722537040710449,110111,0.0,0.0
2025-03-10 00:00:00-04:00,6.731926613768894,6.750704633635201,6.694370574036281,6.713148593902588,50992,0.0,0.0
2025-03-11 00:00:00-04:00,6.741315711727657,6.741315711727657,6.666203628787478,6.703759670257568,72355,0.0,0.0
2025-03-12 00:00:00-04:00,6.731926619689077,6.731926619689077,6.656814540157795,6.684981346130371,52983,0.0,0.0
2025-03-13 00:00:00-04:00,6.675593257276243,6.684982044346615,6.600481169899843,6.609869956970215,36448,0.0,0.0
2025-03-14 00:00:00-04:00,6.643843543207287,6.643843543207287,6.577782436526054,6.624969005584717,53932,0.036,0.0
2025-03-17 00:00:00-04:00,6.653281037020808,6.6627180808298565,6.606094467962146,6.624969005584717,49261,0.0,0.0
2025-03-18 00:00:00-04:00,6.6344070830158195,6.643844127655029,6.615532543732888,6.643844127655029,44991,0.0,0.0
2025-03-19 00:00:00-04:00,6.643843610524541,6.6532811044336855,6.596657040987771,6.634406566619873,95489,0.0,0.0
2025-03-20 00:00:00-04:00,6.662718141529758,6.76652832440188,6.662718141529758,6.71934175491333,173596,0.0,0.0
2025-03-21 00:00:00-04:00,6.747653961181641,6.766528499464484,6.728779422898797,6.747653961181641,72247,0.0,0.0
2025-03-24 00:00:00-04:00,6.813714504241943,6.842026536186757,6.794839966280228,6.813714504241943,225695,0.0,0.0
2025-03-25 00:00:00-04:00,6.832588784954192,6.832588784954192,6.7287790550754725,6.766528129577637,95838,0.0,0.0
2025-03-26 00:00:00-04:00,6.757090020029893,6.757090020029893,6.634405764082966,6.662717342376709,131839,0.0,0.0
2025-03-27 00:00:00-04:00,6.634406499398238,6.639124796300526,6.596656974148624,6.624969005584717,63706,0.0,0.0
2025-03-28 00:00:00-04:00,6.662718148338352,6.672155642247498,6.607981853676955,6.634406566619873,67883,0.0,0.0
2025-03-31 00:00:00-04:00,6.672156014827231,6.681593059258872,6.606094903787733,6.615532398223877,84329,0.0,0.0
2025-04-01 00:00:00-04:00,6.672155053622219,6.728778662068255,6.643843024396982,6.700466632843018,167593,0.0,0.0
2025-04-02 00:00:00-04:00,6.709904125919576,6.719341168991696,6.66271756054566,6.700466632843018,102317,0.0,0.0
2025-04-03 00:00:00-04:00,6.700467546678516,6.724626938243598,6.667437216414635,6.691030502319336,93178,0.0,0.0
2025-04-04 00:00:00-04:00,6.6627185203910875,6.700467598126657,6.559002832561641,6.615532398223877,169897,0.0,0.0
2025-04-07 00:00:00-04:00,6.577781673398125,6.577781673398125,6.445659925368371,6.492846488952637,190797,0.0,0.0
2025-04-08 00:00:00-04:00,6.549471140192415,6.549471140192415,6.247478075081085,6.25691556930542,95307,0.0,0.0
2025-04-09 00:00:00-04:00,6.238041295149631,6.389037609100342,6.134231104306262,6.389037609100342,416507,0.0,0.0
2025-04-10 00:00:00-04:00,6.247477490572027,6.398474234002802,6.181416837200236,6.238040447235107,200832,0.0,0.0
2025-04-11 00:00:00-04:00,6.228602736999151,6.304100881083291,6.181416621948782,6.285226345062256,111743,0.0,0.0
2025-04-14 00:00:00-04:00,6.370162010192871,6.407911082401067,6.32108812632133,6.370162010192871,88288,0.0,0.0
2025-04-15 00:00:00-04:00,6.423294559757126,6.4612460424875415,6.35687923877022,6.413806915283203,111569,0.036,0.0
2025-04-16 00:00:00-04:00,6.413806434082396,6.423294077844502,6.337903021898917,6.385342597961426,113651,0.0,0.0
2025-04-17 00:00:00-04:00,6.423294077844502,6.423294077844502,6.337903021898917,6.385342597961426,69040,0.0,0.0
2025-04-21 00:00:00-04:00,6.366367373930793,6.371111422404953,6.262000569586105,6.271488666534424,178493,0.0,0.0
2025-04-22 00:00:00-04:00,6.33790302801527,6.360674096934021,6.290463904324308,6.31892728805542,69729,0.0,0.0
2025-04-23 00:00:00-04:00,6.385342588352654,6.451757904256758,6.309439628700723,6.3758544921875,184147,0.0,0.0
2025-04-24 00:00:00-04:00,6.413806422853178,6.4710182130762375,6.385342586782042,6.470733642578125,124983,0.0,0.0
2025-04-25 00:00:00-04:00,6.508685107520983,6.532404895456504,6.461340539288203,6.480221271514893,88988,0.0,0.0
2025-04-28 00:00:00-04:00,6.4991970262319345,6.4991970262319345,6.404318326690357,6.470733642578125,70951,0.0,0.0
2025-04-29 00:00:00-04:00,6.48970938248644,6.550811056879246,6.432782162761494,6.470733642578125,183030,0.0,0.0
2025-04-30 00:00:00-04:00,6.489709347247852,6.556124210357666,6.461245511331272,6.556124210357666,148260,0.0,0.0
2025-05-01 00:00:00-04:00,6.641515285888129,6.641515285888129,6.508685106847218,6.527660846710205,131851,0.0,0.0
2025-05-02 00:00:00-04:00,6.546636586573193,6.546636586573193,6.508685106847218,6.527660846710205,92653,0.0,0.0
2025-05-05 00:00:00-04:00,6.546637036364103,6.575100421905518,6.508685554030648,6.575100421905518,81237,0.0,0.0
2025-05-06 00:00:00-04:00,6.5371484705523875,6.575099950162945,6.513428682691458,6.556124210357666,80035,0.0,0.0
2025-05-07 00:00:00-04:00,6.556124702664472,6.594076185124849,6.527661317027868,6.546637058258057,112095,0.0,0.0
2025-05-08 00:00:00-04:00,6.556124464762333,6.588004052709427,6.517698850305532,6.518362998962402,84358,0.0,0.0
2025-05-09 00:00:00-04:00,6.537148952484131,6.556124693688339,6.518173211279922,6.537148952484131,64988,0.0,0.0
2025-05-12 00:00:00-04:00,6.537148006303785,6.556029189547539,6.499196529388428,6.499196529388428,117297,0.0,0.0
2025-05-13 00:00:00-04:00,6.499197001101338,6.518172740936279,6.499197001101338,6.518172740936279,34591,0.0,0.0
2025-05-14 00:00:00-04:00,6.5371490011858935,6.5371490011858935,6.423294553112427,6.4327826499938965,137469,0.0,0.0
2025-05-15 00:00:00-04:00,6.448044238581978,6.524352379066339,6.448044238581978,6.495736598968506,44513,0.036,0.0
2025-05-16 00:00:00-04:00,6.543429531683904,6.543429531683904,6.4575826446813,6.486198425292969,32077,0.0,0.0
2025-05-19 00:00:00-04:00,6.438505914224672,6.4671216961919376,6.438505914224672,6.457582950592041,55862,0.0,0.0
2025-05-20 00:00:00-04:00,6.4480439172308515,6.484289963771853,6.438505172729492,6.438505172729492,47843,0.0,0.0
2025-05-21 00:00:00-04:00,6.438505905670958,6.455675374828506,6.333581978373612,6.345982074737549,61414,0.0,0.0
2025-05-22 00:00:00-04:00,6.371735002473028,6.39081203567558,6.3240426468828215,6.3812737464904785,139374,0.0,0.0
2025-05-23 00:00:00-04:00,6.352658654093667,6.400351469657558,6.352658654093667,6.362197399139404,73642,0.0,0.0
2025-05-27 00:00:00-04:00,6.371831218838556,6.476659625617698,6.371831218838556,6.448044300079346,95935,0.0,0.0
2025-05-28 00:00:00-04:00,6.467121686173604,6.467121686173604,6.343120722561586,6.3717360496521,171635,0.0,0.0
2025-05-29 00:00:00-04:00,6.409889909544867,6.409889909544867,6.371735838135798,6.390812873840332,95005,0.0,0.0
2025-05-30 00:00:00-04:00,6.409889068878132,6.4194278128955835,6.371735002473028,6.3812737464904785,47470,0.0,0.0
2025-06-02 00:00:00-04:00,6.400351619108804,6.438505690517872,6.362197547699735,6.390812873840332,71724,0.0,0.0
2025-06-03 00:00:00-04:00,6.409890122327732,6.419428867912852,6.362197758899403,6.3717360496521,53167,0.0,0.0
2025-06-04 00:00:00-04:00,6.371735002473028,6.39081203567558,6.362196713287926,6.3812737464904785,73082,0.0,0.0
2025-06-05 00:00:00-04:00,6.390813085989915,6.390813085989915,6.324043686223771,6.3717360496521,96585,0.0,0.0
2025-06-06 00:00:00-04:00,6.381274860360452,6.381274860360452,6.3145050050804725,6.3240437507629395,78843,0.0,0.0
2025-06-09 00:00:00-04:00,6.343120363880328,6.362197399139404,6.3145045835755145,6.362197399139404,114082,0.0,0.0
2025-06-10 00:00:00-04:00,6.362197227132483,6.372498725830748,6.30496612290254,6.333581447601318,148444,0.0,0.0
2025-06-11 00:00:00-04:00,6.362197399139404,6.371735689352744,6.343120363880328,6.362197399139404,97312,0.0,0.0
2025-06-12 00:00:00-04:00,6.371735838135798,6.390812873840332,6.371735838135798,6.390812873840332,38707,0.0,0.0
2025-06-13 00:00:00-04:00,6.367797374725342,6.377387650704385,6.339027461367268,6.367797374725342,51046,0.036,0.0
2025-06-16 00:00:00-04:00,6.367796214372987,6.377386488604472,6.339026306257423,6.348616123199463,60240,0.0,0.0
2025-06-17 00:00:00-04:00,6.348617280056783,6.377387650704385,6.339027461367268,6.367797374725342,43491,0.0,0.0
2025-06-18 00:00:00-04:00,6.367796006442357,6.377386280360686,6.3294358253479,6.3294358253479,77637,0.0,0.0
2025-06-20 00:00:00-04:00,6.348616140562227,6.358206414819939,6.300666141141999,6.31409215927124,100452,0.0,0.0
2025-06-23 00:00:00-04:00,6.339026722529481,6.358206814962527,6.29107626280213,6.3198466300964355,274301,0.0,0.0
2025-06-24 00:00:00-04:00,6.329435762297251,6.329435762297251,6.29107558158492,6.300665855407715,201055,0.0,0.0
2025-06-25 00:00:00-04:00,6.291076806468151,6.310256900558714,6.271896712377589,6.281486988067627,113804,0.0,0.0
2025-06-26 00:00:00-04:00,6.28148615989315,6.300666251454938,6.271895885467529,6.271895885467529,198268,0.0,0.0
2025-06-27 00:00:00-04:00,6.300666251454938,6.300666251454938,6.252715793905741,6.271895885467529,203096,0.0,0.0
2025-06-30 00:00:00-04:00,6.281486570591655,6.310256481170654,6.262306477775827,6.310256481170654,197712,0.0,0.0
2025-07-01 00:00:00-04:00,6.310255610375417,6.339025974273682,6.282444639681612,6.339025974273682,156896,0.0,0.0
2025-07-02 00:00:00-04:00,6.329437185388224,6.377387650704385,6.329437185388224,6.367797374725342,151139,0.0,0.0
2025-07-03 00:00:00-04:00,6.358207556035826,6.377387650704385,6.349959882110687,6.367797374725342,94479,0.0,0.0
2025-07-07 00:00:00-04:00,6.348615852653417,6.348615852653417,6.281485765051549,6.300665855407715,150086,0.0,0.0
2025-07-08 00:00:00-04:00,6.291076388354827,6.329436573986483,6.281486570591655,6.310256481170654,70100,0.0,0.0
2025-07-09 00:00:00-04:00,6.3198466300964355,6.339026722529481,6.30066653766339,6.3198466300964355,94779,0.0,0.0
2025-07-10 00:00:00-04:00,6.319846008719002,6.3294358253479,6.3102557348006725,6.3294358253479,125624,0.0,0.0
2025-07-11 00:00:00-04:00,6.329435887955832,6.329435887955832,6.2718956157449846,6.291075706481934,84512,0.0,0.0
2025-07-14 00:00:00-04:00,6.310256481170654,6.312654049933818,6.300666663407482,6.310256481170654,44243,0.0,0.0
2025-07-15 00:00:00-04:00,6.325684473732334,6.335327506220654,6.296756295877568,6.306398868560791,71365,0.036,0.0
2025-07-16 00:00:00-04:00,6.296756744384766,6.296756744384766,6.277471137839542,6.296756744384766,245322,0.0,0.0
2025-07-17 00:00:00-04:00,6.277471569338726,6.291935660290591,6.277471569338726,6.287114143371582,229216,0.0,0.0
2025-07-18 00:00:00-04:00,6.267828321204004,6.2774713547123255,6.209971499569507,6.229257106781006,105031,0.0,0.0
2025-07-21 00:00:00-04:00,6.267827767604676,6.267827767604676,6.200327918423711,6.209970951080322,61369,0.0,0.0
2025-07-22 00:00:00-04:00,6.22925677530041,6.277471020666081,6.210067728190552,6.267827987670898,122669,0.0,0.0
2025-07-23 00:00:00-04:00,6.267828032457154,6.287113638780202,6.248542426134106,6.27747106552124,176711,0.0,0.0
2025-07-24 00:00:00-04:00,6.248542336699607,6.302156533020665,6.248542336699607,6.258184909820557,80098,0.0,0.0
2025-07-25 00:00:00-04:00,6.277470763836334,6.325684547424316,6.267827731235676,6.325684547424316,221175,0.0,0.0
2025-07-28 00:00:00-04:00,6.287113593856143,6.325684806226631,6.267827987670898,6.267827987670898,118818,0.0,0.0
2025-07-29 00:00:00-04:00,6.287113308543503,6.316041946411133,6.277470735791027,6.316041946411133,60471,0.0,0.0
2025-07-30 00:00:00-04:00,6.3063993177548126,6.3063993177548126,6.277471137839542,6.296756744384766,106402,0.0,0.0
2025-07-31 00:00:00-04:00,6.325684264924673,6.373898506164551,6.304662896206933,6.373898506164551,124309,0.0,0.0
2025-08-01 00:00:00-04:00,6.354613879500616,6.402827668354725,6.344970845846703,6.383542060852051,89784,0.0,0.0
2025-08-04 00:00:00-04:00,6.3835421319979595,6.431756381194579,6.374863769456837,6.402827739715576,57423,0.0,0.0
2025-08-05 00:00:00-04:00,6.393185165759347,6.451041988912195,6.393185165759347,6.402827739715576,63072,0.0,0.0
2025-08-06 00:00:00-04:00,6.393184734312641,6.441398520450375,6.393184734312641,6.41247034072876,107223,0.0,0.0
2025-08-07 00:00:00-04:00,6.431755542755127,6.451041147958684,6.373898727144455,6.431755542755127,318090,0.0,0.0
2025-08-08 00:00:00-04:00,6.402827739715576,6.451041988912195,6.375249545983912,6.402827739715576,95576,0.0,0.0
2025-08-11 00:00:00-04:00,6.402827451430025,6.470327305305098,6.402827451430025,6.4510416984558105,151679,0.0,0.0
2025-08-12 00:00:00-04:00,6.431756047150044,6.451041653866028,6.41247044043406,6.441398620605469,100898,0.0,0.0
2025-08-13 00:00:00-04:00,6.451041725905888,6.479969906400344,6.443616792526601,6.460684299468994,63708,0.0,0.0
2025-08-14 00:00:00-04:00,6.470327332837238,6.479969906400344,6.441398692537644,6.460684299468994,93488,0.0,0.0
2025-08-15 00:00:00-04:00,6.437415917146492,6.476195494901848,6.417638267770796,6.45680570602417,23238,0.036,0.0
2025-08-18 00:00:00-04:00,6.44711081174255,6.44711081174255,6.418025898323572,6.42772102355957,44734,0.0,0.0
2025-08-19 00:00:00-04:00,6.41802660825993,6.4277217345683635,6.398636817932129,6.398636817932129,57190,0.0,0.0
2025-08-20 00:00:00-04:00,6.388941519276913,6.398636182333275,6.350161942473423,6.359856605529785,119756,0.0,0.0
2025-08-21 00:00:00-04:00,6.34046706333516,6.355009289628904,6.311382610747672,6.330772399902344,235003,0.0,0.0
2025-08-22 00:00:00-04:00,6.321077743444706,6.388942241668701,6.321077743444706,6.388942241668701,113269,0.0,0.0
2025-08-25 00:00:00-04:00,6.3695526123046875,6.398637067787552,6.340467694532739,6.3695526123046875,73969,0.0,0.0
2025-08-26 00:00:00-04:00,6.369551890642436,6.404065465227175,6.321077187277672,6.3404669761657715,161132,0.0,0.0
2025-08-27 00:00:00-04:00,6.321077187277672,6.3501621017543375,6.321077187277672,6.3404669761657715,182258,0.0,0.0
2025-08-28 00:00:00-04:00,6.3404669761657715,6.359856765053871,6.3404669761657715,6.3404669761657715,94822,0.0,0.0
2025-08-29 00:00:00-04:00,6.3307722395414725,6.408331394195557,6.3307722395414725,6.408331394195557,84179,0.0,0.0
2025-09-02 00:00:00-04:00,6.35016282121975,6.379247276702614,6.340467694532739,6.3695526123046875,137450,0.0,0.0
2025-09-03 00:00:00-04:00,6.38894144719361,6.42772102355957,6.362765256261038,6.42772102355957,238871,0.0,0.0
2025-09-04 00:00:00-04:00,6.42772102355957,6.44711081174255,6.418025898323572,6.42772102355957,89320,0.0,0.0
2025-09-05 00:00:00-04:00,6.447111041043761,6.534364859825976,6.447111041043761,6.514975070953369,139025,0.0,0.0
2025-09-08 00:00:00-04:00,6.5537551220278445,6.631314277648926,6.5440599964306925,6.631314277648926,127569,0.0,0.0
2025-09-09 00:00:00-04:00,6.602229435430782,6.6502191981684176,6.602229435430782,6.62161922454834,82865,0.0,0.0
2025-09-10 00:00:00-04:00,6.641009170537947,6.6700940860458395,6.641009170537947,6.660398960113525,89844,0.0,0.0
2025-09-11 00:00:00-04:00,6.670094241780796,6.718568485707007,6.670094241780796,6.699178695678711,54566,0.0,0.0
2025-09-12 00:00:00-04:00,6.699178535478105,6.728263450969559,6.68948387184032,6.718568325042725,71275,0.0,0.0
2025-09-15 00:00:00-04:00,6.724415611860021,6.763397693634033,6.724415611860021,6.763397693634033,58985,0.036,0.0
2025-09-16 00:00:00-04:00,6.743906652747027,6.7828887345210385,6.704924570973015,6.763397693634033,134627,0.0,0.0
2025-09-17 00:00:00-04:00,6.782888889312744,6.812125218958918,6.763397847980936,6.782888889312744,91594,0.0,0.0
2025-09-18 00:00:00-04:00,6.763397693634033,6.7828887345210385,6.743906652747027,6.763397693634033,81909,0.0,0.0
2025-09-19 00:00:00-04:00,6.743906331330016,6.78240093774838,6.743906331330016,6.7536516189575195,48917,0.0,0.0
2025-09-22 00:00:00-04:00,6.734160578999464,6.763397371288072,6.734160578999464,6.7536516189575195,129196,0.0,0.0
2025-09-23 00:00:00-04:00,6.753651941003447,6.7628130973359895,6.724415612023762,6.734160900115967,88769,0.0,0.0
2025-09-24 00:00:00-04:00,6.714670026970096,6.724415780008834,6.6659426558856545,6.695178985595703,167325,0.0,0.0
2025-09-25 00:00:00-04:00,6.685433697260048,6.695178985595703,6.64645161451126,6.695178985595703,95585,0.0,0.0
2025-09-26 00:00:00-04:00,6.685433696370172,6.7244157791137695,6.675687943332731,6.7244157791137695,119863,0.0,0.0
2025-09-29 00:00:00-04:00,6.7244157791137695,6.743906820485568,6.695178984704531,6.7244157791137695,93829,0.0,0.0
2025-09-30 00:00:00-04:00,6.714669716112893,6.753651797056995,6.685433387756348,6.685433387756348,95735,0.0,0.0
2025-10-01 00:00:00-04:00,6.724415765317317,6.792634177627108,6.724415765317317,6.782888889312744,164320,0.0,0.0
2025-10-02 00:00:00-04:00,6.7633980181817135,6.812125390385919,6.714670181274414,6.714670181274414,119307,0.0,0.0
2025-10-03 00:00:00-04:00,6.704924892714811,6.724415934537111,6.685433850892509,6.714670181274414,101173,0.0,0.0
2025-10-06 00:00:00-04:00,6.714669539041408,6.765346335872962,6.685433211455848,6.7536516189575195,196659,0.0,0.0
2025-10-07 00:00:00-04:00,6.743906806649126,6.812125218958918,6.739033930140403,6.782888889312744,144145,0.0,0.0
2025-10-08 00:00:00-04:00,6.8218712785251885,6.899835447355837,6.802380236317526,6.851108074188232,262157,0.0,0.0
2025-10-09 00:00:00-04:00,6.860853040033089,6.870598793029785,6.8218709574524645,6.870598793029785,113203,0.0,0.0
2025-10-10 00:00:00-04:00,6.870599116395895,6.890090158603557,6.84136232073285,6.851108074188232,110010,0.0,0.0
2025-10-13 00:00:00-04:00,6.8413619987427765,6.890089834320098,6.8413619987427765,6.870598793029785,79979,0.0,0.0
2025-10-14 00:00:00-04:00,6.899834799708885,6.909580552249491,6.86085271895258,6.890089511871338,126495,0.0,0.0
2025-10-15 00:00:00-04:00,6.876376267434709,6.944944290288908,6.876376267434709,6.915557861328125,74153,0.036,0.0
2025-10-16 00:00:00-04:00,6.915557803466143,6.935148600248937,6.876376209900557,6.89596700668335,50793,0.0,0.0
2025-10-17 00:00:00-04:00,6.886171841832673,6.905762638615466,6.851201921599715,6.89596700668335,96331,0.0,0.0
2025-10-20 00:00:00-04:00,6.895967040444243,6.9155578373229485,6.856785446686834,6.905762672424316,83911,0.0,0.0
2025-10-21 00:00:00-04:00,6.915557803466143,6.9159496847932,6.886171841832673,6.89596700668335,71028,0.0,0.0
2025-10-22 00:00:00-04:00,6.886172294616699,6.915558258182375,6.84699023139335,6.886172294616699,140959,0.0,0.0
2025-10-23 00:00:00-04:00,6.866678665070565,6.915557803466143,6.8567854131177635,6.89596700668335,189254,0.0,0.0
2025-10-24 00:00:00-04:00,6.895967040444243,6.921239415970936,6.886171875545611,6.905762672424316,77698,0.0,0.0
2025-10-27 00:00:00-04:00,6.905762254538718,6.9351482145378345,6.89057930613723,6.925353050231934,129729,0.0,0.0
2025-10-28 00:00:00-04:00,6.925353377124153,6.925353377124153,6.86658098727032,6.876376152038574,154493,0.0,0.0
2025-10-29 00:00:00-04:00,6.876376605385957,6.91555820120502,6.837195009566894,6.866581439971924,205427,0.0,0.0
2025-10-30 00:00:00-04:00,6.856785659917274,6.856785659917274,6.7882176351687775,6.817604064941406,125648,0.0,0.0
2025-10-31 00:00:00-04:00,6.817604121934474,6.856785717237888,6.807808489567891,6.837194919586182,160268,0.0,0.0
2025-11-03 00:00:00-05:00,6.837194349933188,6.8665807775030965,6.798012757894258,6.807807922363281,102767,0.0,0.0
2025-11-04 00:00:00-05:00,6.778422321981729,6.837194713162436,6.753933708886073,6.768626689910889,344253,0.0,0.0
2025-11-05 00:00:00-05:00,6.7588315584943075,6.815645010375631,6.7588315584943075,6.7784223556518555,137530,0.0,0.0
2025-11-06 00:00:00-05:00,6.798012757894258,6.817603553913724,6.778421961874794,6.807807922363281,124726,0.0,0.0
2025-11-07 00:00:00-05:00,6.768626837680843,6.83719486242934,6.768626837680843,6.817604064941406,105245,0.0,0.0
2025-11-10 00:00:00-05:00,6.798012816267239,6.837194408642612,6.798012816267239,6.827398777008057,69754,0.0,0.0
2025-11-11 00:00:00-05:00,6.837194919586182,6.885682178805266,6.817604121934474,6.837194919586182,146384,0.0,0.0
2025-11-12 00:00:00-05:00,6.866580929160591,6.866580929160591,6.837194500941645,6.856785297393799,80071,0.0,0.0
2025-11-13 00:00:00-05:00,6.8273986594190506,6.8479693920810405,6.788217067718506,6.788217067718506,254963,0.0,0.0
2025-11-14 00:00:00-05:00,6.794125253546498,6.853204546418321,6.794125253546498,6.823664665222168,152376,0.036,0.0
2025-11-17 00:00:00-05:00,6.823664768943828,6.863050964790391,6.813818454742432,6.813818454742432,53623,0.0,0.0
2025-11-18 00:00:00-05:00,6.813818551286942,6.853204747691565,6.803971767425537,6.803971767425537,120374,0.0,0.0
2025-11-19 00:00:00-05:00,6.794125653781181,6.833511851349263,6.784278869628906,6.784278869628906,134670,0.0,0.0
2025-11-20 00:00:00-05:00,6.794125758235977,6.8236651721059305,6.7645858748455066,6.77443265914917,96586,0.0,0.0
2025-11-21 00:00:00-05:00,6.754739359939084,6.803971871437228,6.744892575927152,6.794125556945801,131599,0.0,0.0
2025-11-24 00:00:00-05:00,6.794125758235977,6.813818857322786,6.745286703473307,6.77443265914917,108069,0.0,0.0
2025-11-25 00:00:00-05:00,6.774432354882317,6.813818551286942,6.774432354882317,6.803971767425537,59724,0.0,0.0
2025-11-26 00:00:00-05:00,6.794125556945801,6.8236649699405865,6.725298076729654,6.794125556945801,69930,0.0,0.0
2025-11-28 00:00:00-05:00,6.7990489401840435,6.8335117451403535,6.784278764185194,6.832527160644531,28487,0.0,0.0
2025-12-01 00:00:00-05:00,6.813818551286942,6.823664865627849,6.784278669223225,6.803971767425537,140772,0.0,0.0
2025-12-02 00:00:00-05:00,6.803971690957088,6.803971690957088,6.735046082783885,6.764585494995117,139466,0.0,0.0
2025-12-03 00:00:00-05:00,6.784278869628906,6.803971968412947,6.735046357429059,6.784278869628906,170665,0.0,0.0
2025-12-04 00:00:00-05:00,6.77443233459945,6.863051041484279,6.77443233459945,6.853204727172852,153414,0.0,0.0
2025-12-05 00:00:00-05:00,6.833512000429507,6.8925912980705055,6.833512000429507,6.863051414489746,184724,0.0,0.0
2025-12-08 00:00:00-05:00,6.843357943340928,6.884910507193932,6.833511629029501,6.853204727172852,118432,0.0,0.0
2025-12-09 00:00:00-05:00,6.843358492371928,6.902438261062343,6.838435569581504,6.89259147644043,147266,0.0,0.0
2025-12-10 00:00:00-05:00,6.872897997727947,6.922130979081617,6.8532048990905805,6.882744312286377,255706,0.0,0.0
2025-12-11 00:00:00-05:00,6.882744513703412,6.8925912980705055,6.863051414489746,6.863051414489746,103956,0.0,0.0
2025-12-12 00:00:00-05:00,6.833511753952518,6.833511753952518,6.794125556945801,6.794125556945801,135924,0.0,0.0
2025-12-15 00:00:00-05:00,6.843358165981028,6.843358165981028,6.725199573276784,6.784278869628906,250728,0.0,0.0
2025-12-16 00:00:00-05:00,6.735046460975554,6.833511956409593,6.735046460975554,6.77443265914917,193011,0.0,0.0
2025-12-17 00:00:00-05:00,6.764585494995117,6.794125376726841,6.735046082783885,6.764585494995117,232622,0.0,0.0
2025-12-18 00:00:00-05:00,6.764585674430511,6.808895263443194,6.764585674430511,6.794125556945801,141741,0.0,0.0
2025-12-19 00:00:00-05:00,6.774432554997141,6.8088953604890845,6.764585770844866,6.784278869628906,143367,0.0,0.0
2025-12-22 00:00:00-05:00,6.7605230015875435,6.790218039761387,6.7605230015875435,6.770421504974365,187019,0.036,0.0
2025-12-23 00:00:00-05:00,6.750625133514404,6.790218204046378,6.720930094622108,6.750625133514404,265199,0.0,0.0
2025-12-24 00:00:00-05:00,6.7803192138671875,6.785268465325186,6.740726146176396,6.7803192138671875,169203,0.0,0.0
2025-12-26 00:00:00-05:00,6.770421345560981,6.790217879881884,6.760522842407227,6.760522842407227,172699,0.0,0.0
2025-12-29 00:00:00-05:00,6.760522524048892,6.770421026736519,6.711031426570516,6.755573272705078,186152,0.0,0.0
2025-12-30 00:00:00-05:00,6.730828115246997,6.81991228155798,6.730828115246997,6.7803192138671875,205187,0.0,0.0
2025-12-31 00:00:00-05:00,6.800115576503278,6.8595051765441895,6.790217545823085,6.8595051765441895,200667,0.0,0.0
2026-01-02 00:00:00-05:00,6.829810619354248,6.859505183411137,6.8199121166775605,6.829810619354248,113672,0.0,0.0
2026-01-05 00:00:00-05:00,6.819912433624268,6.839708967911075,6.80011589933746,6.819912433624268,112025,0.0,0.0
2026-01-06 00:00:00-05:00,6.80011589933746,6.849607471047783,6.80011589933746,6.819912433624268,35775,0.0,0.0
2026-01-07 00:00:00-05:00,6.81991210788358,6.90899674391255,6.81991210788358,6.889200210571289,156935,0.0,0.0
2026-01-08 00:00:00-05:00,6.8892005213166865,6.948590124019309,6.8892005213166865,6.938692092895508,227300,0.0,0.0
2026-01-09 00:00:00-05:00,6.918894924826627,6.958488464355469,6.918894924826627,6.958488464355469,134042,0.0,0.0
2026-01-12 00:00:00-05:00,6.928793747934729,6.948590282620792,6.899098709912326,6.918895244598389,90267,0.0,0.0
2026-01-13 00:00:00-05:00,6.948590282620792,6.948590282620792,6.899098709912326,6.918895244598389,87448,0.0,0.0
2026-01-14 00:00:00-05:00,6.918894608149573,6.968386176305455,6.916024457794275,6.95353889465332,117837,0.0,0.0
2026-01-15 00:00:00-05:00,6.94858996147661,6.9782849981265915,6.94858996147661,6.958488464355469,126023,0.0,0.0
2026-01-16 00:00:00-05:00,6.948589954045506,6.98818302154541,6.9386919231638275,6.98818302154541,93753,0.0,0.0
2026-01-20 00:00:00-05:00,6.954356283284256,6.954356283284256,6.924509525299072,6.924509525299072,113634,0.036,0.0
2026-01-21 00:00:00-05:00,6.894662470730066,6.9245097038907115,6.844917714669893,6.864815711975098,201458,0.0,0.0
2026-01-22 00:00:00-05:00,6.864815771678698,6.864815771678698,6.825019776722181,6.8449177742004395,180989,0.0,0.0
2026-01-23 00:00:00-05:00,6.825019717364688,6.864815711975098,6.825019717364688,6.864815711975098,115084,0.0,0.0
2026-01-26 00:00:00-05:00,6.874764473424861,6.874764473424861,6.825019717364688,6.864815711975098,125838,0.0,0.0
2026-01-27 00:00:00-05:00,6.825019627767382,6.924509612987324,6.825019627767382,6.894662380218506,196929,0.0,0.0
2026-01-28 00:00:00-05:00,6.88471353171505,6.924509525299072,6.874764296116213,6.924509525299072,126645,0.0,0.0
2026-01-29 00:00:00-05:00,6.904611943932487,6.944407939910889,6.884713945943286,6.944407939910889,128341,0.0,0.0
2026-01-30 00:00:00-05:00,6.984203815460205,6.984203815460205,6.929484440534855,6.984203815460205,131103,0.0,0.0
2026-02-02 00:00:00-05:00,6.944407879868387,7.0041018733198666,6.924509882051227,6.964305877685547,149478,0.0,0.0
2026-02-03 00:00:00-05:00,6.964305699088869,7.0239996910095215,6.964305699088869,7.0239996910095215,202180,0.0,0.0
2026-02-04 00:00:00-05:00,7.033949017894897,7.034645445437622,6.974255025201721,6.994153022766113,296854,0.0,0.0
2026-02-05 00:00:00-05:00,7.014050929558918,7.0339489268658015,6.9842036963957534,7.0239996910095215,63264,0.0,0.0
2026-02-06 00:00:00-05:00,7.0,7.019999980926514,6.989999771118164,7.0,86997,0.036,0.0
2026-02-09 00:00:00-05:00,6.989999771118164,7.059999942779541,6.985000133514404,7.039999961853027,130490,0.0,0.0
2026-02-10 00:00:00-05:00,7.03000020980835,7.059999942779541,7.010000228881836,7.019999980926514,42109,0.0,0.0
2026-02-11 00:00:00-05:00,7.019999980926514,7.070000171661377,7.010000228881836,7.039999961853027,50284,0.0,0.0
2026-02-12 00:00:00-05:00,7.039999961853027,7.07919979095459,7.0,7.070000171661377,353424,0.0,0.0
2026-02-13 00:00:00-05:00,7.070000171661377,7.110000133514404,7.019999980926514,7.039999961853027,296821,0.0,0.0
2026-02-17 00:00:00-05:00,7.039999961853027,7.070000171661377,7.026599884033203,7.050000190734863,127528,0.0,0.0
2026-02-18 00:00:00-05:00,7.050000190734863,7.110000133514404,7.03000020980835,7.03000020980835,129175,0.0,0.0
2026-02-19 00:00:00-05:00,7.03000020980835,7.110000133514404,7.03000020980835,7.059999942779541,145992,0.0,0.0
2026-02-20 00:00:00-05:00,7.050000190734863,7.090000152587891,7.050000190734863,7.070000171661377,48728,0.0,0.0
2026-02-23 00:00:00-05:00,7.070000171661377,7.070000171661377,7.070000171661377,7.070000171661377,0,0.0,0.0
2026-02-24 00:00:00-05:00,7.070000171661377,7.070000171661377,7.070000171661377,7.070000171661377,0,0.0,0.0
2026-02-25 00:00:00-05:00,7.070000171661377,7.070000171661377,7.070000171661377,7.070000171661377,0,0.0,0.0
