Date,Open,High,Low,Close,Volume,Dividends,Stock Splits
2022-01-03 00:00:00-05:00,68.40157290124404,69.52123192910636,67.72977890824129,68.9054183959961,99500,0.0,0.0
2022-01-04 00:00:00-05:00,69.47457279681649,70.4449410509524,68.83076907085787,69.3906021118164,97600,0.0,0.0
2022-01-05 00:00:00-05:00,69.54921685212037,69.96908450642259,67.77642886554032,67.85107421875,89500,0.0,0.0
2022-01-06 00:00:00-05:00,67.66446857633196,69.56788258948725,67.64581079518149,68.19630432128906,178100,0.0,0.0
2022-01-07 00:00:00-05:00,70.91148021459728,71.03277360490912,67.4218909446061,69.26931762695312,148200,0.0,0.0
2022-01-10 00:00:00-05:00,69.59586748304835,69.6425226102067,67.12330235226115,68.80278015136719,107800,0.0,0.0
2022-01-11 00:00:00-05:00,69.00805140973091,69.80113874243013,68.39224501817341,69.61453247070312,66700,0.0,0.0
2022-01-12 00:00:00-05:00,69.56787517290365,69.94109482328584,68.4948784660924,68.50420379638672,79600,0.0,0.0
2022-01-13 00:00:00-05:00,68.58818799090513,69.87578843021615,68.58818799090513,68.89608764648438,79500,0.0,0.0
2022-01-14 00:00:00-05:00,68.32693991512589,68.89609124447037,67.78577169930627,68.56952667236328,97000,0.0,0.0
2022-01-18 00:00:00-05:00,68.11232531712427,69.23197713244247,67.66446031985342,68.58818054199219,136500,0.0,0.0
2022-01-19 00:00:00-05:00,68.46688584911782,68.46688584911782,66.48883366702397,66.70343017578125,158300,0.0,0.0
2022-01-20 00:00:00-05:00,66.58212772518445,68.0190186553629,65.08925634271732,65.3598403930664,100100,0.0,0.0
2022-01-21 00:00:00-05:00,64.79068352945787,67.61781033104056,64.6600577254527,65.85435485839844,106900,0.0,0.0
2022-01-24 00:00:00-05:00,65.17322464715674,69.87577466956277,65.0425988508598,69.353271484375,184300,0.0,0.0
2022-01-25 00:00:00-05:00,68.46688656940786,68.9334093898773,66.09694978719433,67.86041259765625,154800,0.0,0.0
2022-01-26 00:00:00-05:00,68.04701650740527,69.5305556078909,66.89004194615487,67.5245132446289,172600,0.0,0.0
2022-01-27 00:00:00-05:00,67.47785631955888,68.98939272764015,66.72209167480469,66.72209167480469,218800,0.0,0.0
2022-01-28 00:00:00-05:00,66.71275591846559,66.71275591846559,63.727013046466766,65.42515563964844,113900,0.0,0.0
2022-01-31 00:00:00-05:00,65.42516209298662,66.74075272871764,64.8186810101919,66.62879180908203,216900,0.0,0.0
2022-02-01 00:00:00-05:00,66.53548493557435,67.10464336791603,64.81868430715419,66.06896209716797,110600,0.0,0.0
2022-02-02 00:00:00-05:00,66.01298385367883,66.60080008714516,64.93064741527552,65.24788665771484,111000,0.0,0.0
2022-02-03 00:00:00-05:00,65.01461253024941,65.90100293243626,63.736337597064704,63.97893142700195,83100,0.0,0.0
2022-02-04 00:00:00-05:00,64.00692566275859,64.03491589131747,62.29945053493892,63.76433181762695,83100,0.0,0.0
2022-02-07 00:00:00-05:00,64.01625932760088,64.88399202227015,63.587059204876816,64.20286560058594,76400,0.0,0.0
2022-02-08 00:00:00-05:00,64.17487006608573,66.10627401795912,64.14687983930926,65.85435485839844,59400,0.0,0.0
2022-02-09 00:00:00-05:00,65.90101346810205,66.30222339312871,65.48114576174619,65.99432373046875,58300,0.0,0.0
2022-02-10 00:00:00-05:00,65.06126021215478,66.71274747194613,65.06126021215478,65.35050201416016,103600,0.0,0.0
2022-02-11 00:00:00-05:00,65.35051371559531,66.28355930185126,64.79068778755632,65.67707824707031,86400,0.0,0.0
2022-02-14 00:00:00-05:00,65.88360487147523,66.64401465866804,65.37666262590481,66.3060531616211,122400,0.43,0.0
2022-02-15 00:00:00-05:00,66.52197903772452,67.57341565342558,66.30605639650585,66.67218017578125,81400,0.0,0.0
2022-02-16 00:00:00-05:00,66.40932647965714,67.13219143109615,65.85544945664343,67.03831481933594,51100,0.0,0.0
2022-02-17 00:00:00-05:00,66.33423774441039,66.91627710716722,65.34851529241723,66.6158676147461,68900,0.0,0.0
2022-02-18 00:00:00-05:00,66.3060617451206,67.9019928349567,66.3060617451206,67.01014709472656,185000,0.0,0.0
2022-02-22 00:00:00-05:00,67.11340722464594,67.46075854297885,65.59258759601866,66.24034118652344,96700,0.0,0.0
2022-02-23 00:00:00-05:00,66.34361096506598,66.79422872082421,65.32034373897258,65.47993469238281,74400,0.0,0.0
2022-02-24 00:00:00-05:00,64.77585449740958,68.41832025882627,64.77585449740958,68.10852813720703,103300,0.0,0.0
2022-02-25 00:00:00-05:00,67.99587400674721,69.05669342615413,67.59219809275572,68.5873031616211,82800,0.0,0.0
2022-02-28 00:00:00-05:00,68.07096154972696,69.37586559357369,67.5640193283129,68.26810455322266,114000,0.0,0.0
2022-03-01 00:00:00-05:00,68.38076003761644,68.90648192538276,66.94442718966266,67.60157775878906,127600,0.0,0.0
2022-03-02 00:00:00-05:00,67.77994310036263,70.77465491625831,67.77994310036263,70.71833038330078,117900,0.0,0.0
2022-03-03 00:00:00-05:00,70.86853596172932,71.09384843231655,69.948535108308,70.35221099853516,73600,0.0,0.0
2022-03-04 00:00:00-05:00,69.9860765890252,73.77874282602238,69.61056302390232,73.09343719482422,104100,0.0,0.0
2022-03-07 00:00:00-05:00,73.27181758268935,73.57222704263681,70.6244569786753,71.08445739746094,170400,0.0,0.0
2022-03-08 00:00:00-05:00,71.06568706036802,71.28160974525072,69.24445760505608,69.42282104492188,78400,0.0,0.0
2022-03-09 00:00:00-05:00,70.40853715481781,71.31915538132573,69.82649066923366,70.63384246826172,60700,0.0,0.0
2022-03-10 00:00:00-05:00,69.87341123774341,71.56321847876153,69.34769661268204,71.30035400390625,89200,0.0,0.0
2022-03-11 00:00:00-05:00,71.45997669803462,72.18283455649103,70.11752025033525,70.49302673339844,85200,0.0,0.0
2022-03-14 00:00:00-04:00,70.54935608011378,71.53507130873274,70.00486167059465,71.14078521728516,119800,0.0,0.0
2022-03-15 00:00:00-04:00,71.55384413483657,72.71792984004114,70.83097920683309,72.46446228027344,107600,0.0,0.0
2022-03-16 00:00:00-04:00,72.86814919399716,75.51551007029559,72.23916077932694,73.37509155273438,107300,0.0,0.0
2022-03-17 00:00:00-04:00,72.97140743141524,74.1542656399434,72.97140743141524,73.99467468261719,67600,0.0,0.0
2022-03-18 00:00:00-04:00,74.26692389903783,74.41712505052445,72.95262980247857,73.11222076416016,293300,0.0,0.0
2022-03-21 00:00:00-04:00,73.45017657036647,74.67059395662311,72.61466258644461,73.43140411376953,72700,0.0,0.0
2022-03-22 00:00:00-04:00,73.48772715263897,74.2105920576387,73.35629847215282,73.928955078125,74000,0.0,0.0
2022-03-23 00:00:00-04:00,73.5065110997993,73.9007971644763,72.76487369491088,72.98078918457031,64900,0.0,0.0
2022-03-24 00:00:00-04:00,72.9807978026417,74.3514165433659,72.36120636531604,73.9571304321289,65400,0.0,0.0
2022-03-25 00:00:00-04:00,73.80691545161267,75.16814412657172,73.80691545161267,74.58609771728516,53400,0.0,0.0
2022-03-28 00:00:00-04:00,74.50162000319118,74.54856189246046,73.57222932673864,74.39835357666016,66000,0.0,0.0
2022-03-29 00:00:00-04:00,74.2293730280014,75.5342773355913,74.2293730280014,74.9428482055664,132600,0.0,0.0
2022-03-30 00:00:00-04:00,74.98038905123887,75.88161732677781,73.80691361501748,74.3420181274414,73900,0.0,0.0
2022-03-31 00:00:00-04:00,74.63303977529127,75.24324845120222,73.95711675965612,74.04161071777344,100300,0.0,0.0
2022-04-01 00:00:00-04:00,74.34202456915946,74.61427175343206,73.69426378029274,74.18242645263672,115200,0.0,0.0
2022-04-04 00:00:00-04:00,74.55794792914527,75.59060507906356,73.63794702119746,74.7269287109375,200000,0.0,0.0
2022-04-05 00:00:00-04:00,74.81142042540903,75.3183627554877,73.18732700706474,73.39385986328125,109800,0.0,0.0
2022-04-06 00:00:00-04:00,73.22487621981212,74.67998880449541,72.50201841368124,74.35140991210938,103500,0.0,0.0
2022-04-07 00:00:00-04:00,74.7550933429917,75.54367273704901,73.77876070204456,75.2432632446289,178500,0.0,0.0
2022-04-08 00:00:00-04:00,77.1865241889586,82.89431063306104,76.25713361580907,82.47185516357422,290100,0.0,0.0
2022-04-11 00:00:00-04:00,82.28410217783778,82.83797916707215,77.95632402999526,78.20040893554688,228300,0.0,0.0
2022-04-12 00:00:00-04:00,79.4208267314184,79.4208267314184,76.81101815758456,77.34612274169922,169100,0.0,0.0
2022-04-13 00:00:00-04:00,77.58082099261848,78.03143879011553,76.32285854358102,76.35102081298828,112800,0.0,0.0
2022-04-14 00:00:00-04:00,76.34163899048968,77.12082861648098,75.73143016095038,76.85797119140625,109000,0.0,0.0
2022-04-18 00:00:00-04:00,77.00815694136924,77.2710143137983,73.70365300431975,74.29508209228516,95400,0.0,0.0
2022-04-19 00:00:00-04:00,75.75019056561615,78.4632652697513,74.52038340698931,77.49632263183594,189400,0.0,0.0
2022-04-20 00:00:00-04:00,78.02203579137968,78.29428295350988,76.87672261356495,77.1020278930664,121700,0.0,0.0
2022-04-21 00:00:00-04:00,77.19591049776952,78.97958741363514,76.82039692936205,77.32733917236328,142800,0.0,0.0
2022-04-22 00:00:00-04:00,76.8110215453138,77.15837291472889,75.34652623205653,75.42162322998047,181500,0.0,0.0
2022-04-25 00:00:00-04:00,75.47793889152224,75.70324416206832,72.49261719806653,75.57181549072266,189600,0.0,0.0
2022-04-26 00:00:00-04:00,74.78325463150048,77.15836804138773,74.23876024756248,74.46406555175781,211600,0.0,0.0
2022-04-27 00:00:00-04:00,74.30446224731575,76.34161378127273,73.79752002536016,74.90528106689453,188100,0.0,0.0
2022-04-28 00:00:00-04:00,75.18692232207734,76.37917749686065,74.81141587433828,76.05060577392578,115400,0.0,0.0
2022-04-29 00:00:00-04:00,75.74080072668367,76.48243808030941,74.08854526591841,74.58609771728516,183500,0.0,0.0
2022-05-02 00:00:00-04:00,74.87713305983189,76.5857132462447,74.04161900595746,76.18203735351562,190700,0.0,0.0
2022-05-03 00:00:00-04:00,75.93795629313051,76.91428890116659,75.21509843841137,76.1257095336914,120900,0.0,0.0
2022-05-04 00:00:00-04:00,76.35101487657967,77.55265269337342,75.11182498272034,77.21469116210938,102900,0.0,0.0
2022-05-05 00:00:00-04:00,76.48244943266504,76.48244943266504,73.38447087918529,74.40774536132812,90200,0.0,0.0
2022-05-06 00:00:00-04:00,74.35141122567947,74.35141122567947,72.26732457434252,73.30936431884766,145000,0.0,0.0
2022-05-09 00:00:00-04:00,72.5865052035132,73.68487662763951,72.15466704947191,73.2624282836914,182300,0.0,0.0
2022-05-10 00:00:00-04:00,73.59100312301385,73.84447786995362,70.75588915284155,71.6852798461914,176600,0.0,0.0
2022-05-11 00:00:00-04:00,72.07017601849365,72.86814517540253,70.18323236552745,71.41303253173828,141700,0.0,0.0
2022-05-12 00:00:00-04:00,71.27221189390782,73.56283854327323,70.85915335557468,73.11222076416016,145800,0.0,0.0
2022-05-13 00:00:00-04:00,73.26242421233039,74.03222386368125,72.09833850689581,73.86324310302734,104000,0.0,0.0
2022-05-16 00:00:00-04:00,73.60977357464041,74.44528754599413,73.13099357187083,73.85385131835938,94900,0.0,0.0
2022-05-17 00:00:00-04:00,74.41712162347385,74.77386277118835,73.11221739720288,74.76447296142578,108300,0.0,0.0
2022-05-18 00:00:00-04:00,73.8069322072244,74.55795237819513,71.2909999517012,72.1452865600586,236400,0.0,0.0
2022-05-19 00:00:00-04:00,71.61017610995262,71.79793650922585,68.972205170524,69.93914794921875,163700,0.0,0.0
2022-05-20 00:00:00-04:00,70.07995935264815,71.62894846854675,69.87342651555151,71.53506469726562,223800,0.0,0.0
2022-05-23 00:00:00-04:00,72.2203893734683,72.2203893734683,70.01425647141677,70.6620101928711,160500,0.0,0.0
2022-05-24 00:00:00-04:00,70.1456793664312,71.3097651687068,69.56363288413002,70.70894622802734,130200,0.0,0.0
2022-05-25 00:00:00-04:00,70.71833748215634,72.88691816662202,70.67139559176216,72.19222259521484,127300,0.0,0.0
2022-05-26 00:00:00-04:00,72.97140161399068,74.44528651450692,72.87751784674087,73.14976501464844,99800,0.0,0.0
2022-05-27 00:00:00-04:00,73.38446112491005,74.63304075844349,73.2530324437303,73.85385131835938,72600,0.0,0.0
2022-05-31 00:00:00-04:00,73.58161194626894,73.86324895712221,72.63344881187147,73.8163070678711,218700,0.0,0.0
2022-06-01 00:00:00-04:00,74.13548416719665,74.60487433448311,72.05139067847264,72.74608612060547,82200,0.0,0.0
2022-06-02 00:00:00-04:00,72.91508636486323,74.49223803517017,72.24855300856406,74.36080932617188,76500,0.0,0.0
2022-06-03 00:00:00-04:00,73.75059565731556,74.35141461955759,73.31875747584954,73.44080352783203,69900,0.0,0.0
2022-06-06 00:00:00-04:00,73.89141497790322,73.89141497790322,71.572625912755,72.70854949951172,108300,0.0,0.0
2022-06-07 00:00:00-04:00,71.95752564304368,73.33753410264349,71.07506969476589,73.03712463378906,124300,0.0,0.0
2022-06-08 00:00:00-04:00,72.43630140047773,72.64282707867736,71.55384550453115,71.69466400146484,71500,0.0,0.0
2022-06-09 00:00:00-04:00,71.90118996277505,71.95752165916609,69.77016153018543,69.94853210449219,72200,0.0,0.0
2022-06-10 00:00:00-04:00,69.09424750968657,69.09424750968657,67.96771370708238,68.0146484375,118600,0.0,0.0
2022-06-13 00:00:00-04:00,67.31055581056599,68.85015518496918,67.00076370354479,67.74240112304688,103900,0.0,0.0
2022-06-14 00:00:00-04:00,67.65790262677207,68.39953999660888,66.55953128608662,67.83627319335938,112700,0.0,0.0
2022-06-15 00:00:00-04:00,68.64362441817545,69.38526178276115,67.93014931920393,69.03791046142578,119700,0.0,0.0
2022-06-16 00:00:00-04:00,68.13669069704132,68.85954853367377,67.04770187452019,67.76117706298828,124500,0.0,0.0
2022-06-17 00:00:00-04:00,68.4089265270601,68.85014727420118,67.35748995901868,67.47014617919922,226400,0.0,0.0
2022-06-21 00:00:00-04:00,67.93955634311351,69.14119439596358,67.00077571903343,68.42771911621094,125500,0.0,0.0
2022-06-22 00:00:00-04:00,67.6766738202088,68.1366813609991,66.05258778177634,66.27789306640625,118600,0.0,0.0
2022-06-23 00:00:00-04:00,66.71911818679519,67.26361250058247,65.31094768292672,66.72850799560547,174800,0.0,0.0
2022-06-24 00:00:00-04:00,67.14157054576985,68.81260566141066,66.94442752274882,67.83627319335938,567200,0.0,0.0
2022-06-27 00:00:00-04:00,68.33383340443827,68.74689911608036,67.49831933303625,68.61546325683594,106400,0.0,0.0
2022-06-28 00:00:00-04:00,68.70934009309147,69.15056802915161,66.7848373990539,66.86933135986328,86000,0.0,0.0
2022-06-29 00:00:00-04:00,67.18851112753505,67.18851112753505,65.81789264001847,66.58769226074219,72600,0.0,0.0
2022-06-30 00:00:00-04:00,66.17463336582038,67.25423233945413,65.27340497354159,67.24484252929688,136800,0.0,0.0
2022-07-01 00:00:00-04:00,67.12279539772312,68.56851800423009,66.93504219161082,68.48402404785156,92200,0.0,0.0
2022-07-05 00:00:00-04:00,67.72361207605306,70.16443948871552,66.24972725221906,68.82198333740234,147700,0.0,0.0
2022-07-06 00:00:00-04:00,68.62484827947137,69.59179098032945,67.16035309466311,67.65790557861328,101300,0.0,0.0
2022-07-07 00:00:00-04:00,67.95830781611679,70.01423903984899,67.67667085094163,69.6011734008789,140300,0.0,0.0
2022-07-08 00:00:00-04:00,69.08483683009386,70.02361710279409,67.93953091375265,68.25871276855469,63200,0.0,0.0
2022-07-11 00:00:00-04:00,68.13667882042351,69.02851727881088,67.81748978030053,68.08973693847656,98900,0.0,0.0
2022-07-12 00:00:00-04:00,63.27380795432877,63.76197066924571,59.274600966931565,61.52767562866211,528200,0.0,0.0
2022-07-13 00:00:00-04:00,60.94561941303828,61.62154241999373,59.34030585268197,61.30236053466797,150800,0.0,0.0
2022-07-14 00:00:00-04:00,60.94562499502779,62.98277684922641,60.94562499502779,62.69175720214844,117700,0.0,0.0
2022-07-15 00:00:00-04:00,63.63992754500989,63.63992754500989,61.79991872306643,62.12849044799805,97900,0.0,0.0
2022-07-18 00:00:00-04:00,62.92645296492172,63.27380431288083,61.04889204858892,61.180320739746094,115000,0.0,0.0
2022-07-19 00:00:00-04:00,61.903183179790545,62.71053491388595,61.508889960066924,61.865631103515625,146100,0.0,0.0
2022-07-20 00:00:00-04:00,61.264798788100876,63.33950220213796,61.264798788100876,62.45704650878906,115300,0.0,0.0
2022-07-21 00:00:00-04:00,61.99706111020606,62.01583356758039,60.7954232931115,61.65909957885742,110800,0.0,0.0
2022-07-22 00:00:00-04:00,62.02522205593941,62.31624169416233,60.99256502652065,61.865631103515625,97800,0.0,0.0
2022-07-25 00:00:00-04:00,61.89379172535602,62.08154493941503,61.43379133728322,61.837467193603516,85400,0.0,0.0
2022-07-26 00:00:00-04:00,61.349300671537904,61.349300671537904,60.12889038997117,60.49501419067383,71400,0.0,0.0
2022-07-27 00:00:00-04:00,60.95500420174341,62.53215536730034,60.17581484610498,62.32562255859375,115400,0.0,0.0
2022-07-28 00:00:00-04:00,62.47582612397607,62.70113136994773,61.28357124096325,62.45704650878906,61000,0.0,0.0
2022-07-29 00:00:00-04:00,62.663601226656816,62.79502992965165,62.00645771168266,62.31624984741211,149400,0.0,0.0
2022-08-01 00:00:00-04:00,62.08154416443275,63.51788416712542,61.499504910719956,62.24114227294922,217600,0.0,0.0
2022-08-02 00:00:00-04:00,62.081550482011224,62.33502522217955,61.20848435027065,61.809303283691406,108600,0.0,0.0
2022-08-03 00:00:00-04:00,62.3350227204449,62.3350227204449,61.03950112786006,61.09583282470703,85300,0.0,0.0
2022-08-04 00:00:00-04:00,61.048892228083,61.630938692295025,59.95052080775727,60.05378723144531,104700,0.0,0.0
2022-08-05 00:00:00-04:00,59.931746717678074,60.39175073420248,59.434194203179665,60.316646575927734,252100,0.0,0.0
2022-08-08 00:00:00-04:00,60.560730576497484,61.52767332183165,59.91296975542536,60.44807434082031,186000,0.0,0.0
2022-08-09 00:00:00-04:00,60.64521322187228,61.02072681937985,59.91296564601191,60.213375091552734,173100,0.0,0.0
2022-08-10 00:00:00-04:00,61.0113372086258,61.32113646475357,60.035008298018,60.17582321166992,135800,0.0,0.0
2022-08-11 00:00:00-04:00,60.65460356349912,61.34929906946984,60.08194693380024,60.15705108642578,111700,0.0,0.0
2022-08-12 00:00:00-04:00,60.5351016996023,62.22686470436115,60.5351016996023,62.2174186706543,177800,0.43,0.0
2022-08-15 00:00:00-04:00,61.70704790381363,62.63326390100784,60.80917721673987,62.61436462402344,137500,0.0,0.0
2022-08-16 00:00:00-04:00,62.57655194925592,64.59911326672189,62.274113075916475,63.805213928222656,121500,0.0,0.0
2022-08-17 00:00:00-04:00,63.39882533631283,64.31559540621015,63.39882533631283,63.68235778808594,181700,0.0,0.0
2022-08-18 00:00:00-04:00,63.59728848752875,64.58021666931191,63.54058344977397,64.28722381591797,56200,0.0,0.0
2022-08-19 00:00:00-04:00,64.18327966721034,64.18327966721034,62.59547339989514,62.671077728271484,137700,0.0,0.0
2022-08-22 00:00:00-04:00,62.47259773158135,62.47259773158135,61.50857592460962,62.16070556640625,80200,0.0,0.0
2022-08-23 00:00:00-04:00,62.03784772959822,62.54821480581444,61.20614242616067,61.40461730957031,81800,0.0,0.0
2022-08-24 00:00:00-04:00,61.40461391191675,61.81101690137693,60.535102886792195,61.26284408569336,73900,0.0,0.0
2022-08-25 00:00:00-04:00,61.23449038697276,62.62382167800553,61.064368040913386,62.54821014404297,71200,0.0,0.0
2022-08-26 00:00:00-04:00,62.3969865271902,62.7372312163157,60.80918038150876,61.02656173706055,82300,0.0,0.0
2022-08-29 00:00:00-04:00,60.790278121640696,62.000033752206704,59.99637508774271,60.80917739868164,100700,0.0,0.0
2022-08-30 00:00:00-04:00,60.828090445559674,60.828090445559674,60.166503911746105,60.3649787902832,169200,0.0,0.0
2022-08-31 00:00:00-04:00,60.61070734359717,60.82808870570855,59.79790496826172,59.79790496826172,169700,0.0,0.0
2022-09-01 00:00:00-04:00,59.32534068825121,60.30826896895543,59.04180465487476,59.24972915649414,127600,0.0,0.0
2022-09-02 00:00:00-04:00,59.845158770469354,60.05308688237918,57.813143873231574,58.29515838623047,86000,0.0,0.0
2022-09-06 00:00:00-04:00,58.73937119826866,59.67504055591522,58.49363730257398,59.08906555175781,158100,0.0,0.0
2022-09-07 00:00:00-04:00,58.975646239439435,60.478391178969424,58.66375407965195,60.05308532714844,99200,0.0,0.0
2022-09-08 00:00:00-04:00,59.55216911872216,59.741194346078395,58.67320848142489,59.032352447509766,75400,0.0,0.0
2022-09-09 00:00:00-04:00,59.33479331882413,59.88296613563404,59.04180763188325,59.66558837890625,116900,0.0,0.0
2022-09-12 00:00:00-04:00,59.95856989000518,60.771379419343575,59.67503386207925,60.33662033081055,110200,0.0,0.0
2022-09-13 00:00:00-04:00,59.40094326005459,59.67502962993249,57.49179912491678,57.945457458496094,179600,0.0,0.0
2022-09-14 00:00:00-04:00,57.89820338050873,59.43875408142198,57.69027887993567,58.45582580566406,129500,0.0,0.0
2022-09-15 00:00:00-04:00,58.16284327290967,59.022904659259886,57.77534316708938,58.00217056274414,88600,0.0,0.0
2022-09-16 00:00:00-04:00,57.936015238008736,58.91894361711885,57.39729563905267,58.814979553222656,290900,0.0,0.0
2022-09-19 00:00:00-04:00,58.27625592732168,58.7677200829161,57.51070536864177,58.28570556640625,82300,0.0,0.0
2022-09-20 00:00:00-04:00,58.00216249684604,58.00216249684604,57.24606527421385,57.945457458496094,63100,0.0,0.0
2022-09-21 00:00:00-04:00,57.94546549338052,58.95674634488242,57.42564520071991,57.605220794677734,78500,0.0,0.0
2022-09-22 00:00:00-04:00,57.775336899810135,57.775336899810135,56.782959039418465,57.11375045776367,72200,0.0,0.0
2022-09-23 00:00:00-04:00,56.76406042879584,56.85857123961845,55.072290235434174,55.37472915649414,86800,0.0,0.0
2022-09-26 00:00:00-04:00,55.22351455791464,56.22534582547601,55.22351455791464,55.55430603027344,100200,0.0,0.0
2022-09-27 00:00:00-04:00,55.856743250111094,56.404916079184886,54.27839026602802,54.854915618896484,116200,0.0,0.0
2022-09-28 00:00:00-04:00,55.11954076833463,55.86618836604193,54.22167372346499,55.26131057739258,178800,0.0,0.0
2022-09-29 00:00:00-04:00,55.09119312466257,55.58265727277755,54.250034650038266,55.440887451171875,91700,0.0,0.0
2022-09-30 00:00:00-04:00,55.21406109687659,55.800039710415966,54.32564714218942,54.42961120605469,134000,0.0,0.0
2022-10-03 00:00:00-04:00,55.00613325074589,56.24424148651149,54.864363425794885,56.01741409301758,106400,0.0,0.0
2022-10-04 00:00:00-04:00,56.54668932869827,57.945470404416284,56.11193017386635,57.32168960571289,112100,0.0,0.0
2022-10-05 00:00:00-04:00,56.764061403649734,57.293327721916015,56.48052175559978,56.82076644897461,77100,0.0,0.0
2022-10-06 00:00:00-04:00,56.78296639467268,57.24607444034363,55.970160398189684,56.51832962036133,119400,0.0,0.0
2022-10-07 00:00:00-04:00,56.121378297629256,56.121378297629256,54.53357211758644,54.949424743652344,147300,0.0,0.0
2022-10-10 00:00:00-04:00,54.92106671886995,55.620455320161206,54.495760890865235,54.9777717590332,95500,0.0,0.0
2022-10-11 00:00:00-04:00,54.9494226343676,55.535397586184644,54.31619227770916,55.05338668823242,121500,0.0,0.0
2022-10-12 00:00:00-04:00,55.09120205054152,55.23296828975983,54.089370708756945,54.35400390625,77500,0.0,0.0
2022-10-13 00:00:00-04:00,53.66405303468879,55.90399589871207,53.20094504043853,55.62990951538086,102900,0.0,0.0
2022-10-14 00:00:00-04:00,56.007966166614345,56.007966166614345,55.03449099927619,55.32748031616211,77700,0.0,0.0
2022-10-17 00:00:00-04:00,56.10247046879237,56.962531773393174,56.09301722508069,56.56557846069336,93000,0.0,0.0
2022-10-18 00:00:00-04:00,57.40674697254366,58.03052772979274,57.09485479124086,57.454002380371094,80900,0.0,0.0
2022-10-19 00:00:00-04:00,57.26497756948098,57.82260003884638,56.622293923251156,57.51070785522461,67000,0.0,0.0
2022-10-20 00:00:00-04:00,57.49180513823233,58.04942396889562,56.36710702190872,56.97198486328125,89600,0.0,0.0
2022-10-21 00:00:00-04:00,57.302780084047725,59.363147490775994,57.293326839734874,58.96619415283203,94200,0.0,0.0
2022-10-24 00:00:00-04:00,59.089062406624926,60.00583243613493,58.729914827225684,59.60887908935547,86600,0.0,0.0
2022-10-25 00:00:00-04:00,59.72229342148667,60.563455530541226,59.50491566477249,59.599430084228516,84600,0.0,0.0
2022-10-26 00:00:00-04:00,59.779001432751855,60.49729659149677,59.22137898268268,59.542720794677734,82800,0.0,0.0
2022-10-27 00:00:00-04:00,59.76009919301174,61.04546284948607,59.542721436283955,59.66558837890625,72900,0.0,0.0
2022-10-28 00:00:00-04:00,60.09088570411183,60.9603966073198,59.70338204748173,60.676856994628906,84000,0.0,0.0
2022-10-31 00:00:00-04:00,60.308272263318045,61.07382284007361,60.062538377040546,60.45949172973633,116000,0.0,0.0
2022-11-01 00:00:00-04:00,63.59728939654281,65.49698750631087,60.459483206686635,64.67472839355469,131600,0.0,0.0
2022-11-02 00:00:00-04:00,64.1738208366821,65.1472958829147,62.70887803985602,63.3043098449707,117100,0.0,0.0
2022-11-03 00:00:00-04:00,62.64272021267368,63.90918815402097,62.24577048015053,63.757965087890625,75800,0.0,0.0
2022-11-04 00:00:00-04:00,64.38174918440545,65.9411955865797,64.04150449756786,65.8939437866211,87000,0.0,0.0
2022-11-07 00:00:00-05:00,66.00735402593274,67.88815305211433,65.44973519444345,67.62351989746094,112100,0.0,0.0
2022-11-08 00:00:00-05:00,67.71802734082665,68.97504197363418,67.33997690553034,67.81253814697266,101800,0.0,0.0
2022-11-09 00:00:00-05:00,67.42502890792251,68.65369091864095,64.77869050049225,65.50643157958984,99800,0.0,0.0
2022-11-10 00:00:00-05:00,67.26437294773457,68.52138772203406,66.30035107939351,67.94486236572266,106800,0.0,0.0
2022-11-11 00:00:00-05:00,68.02047517649868,68.99395030795155,66.80126614823696,68.19059753417969,103200,0.0,0.0
2022-11-14 00:00:00-05:00,68.31346433124739,68.84273071047619,66.91468684022456,66.93358612060547,88100,0.0,0.0
2022-11-15 00:00:00-05:00,67.96376334046485,69.7122385465875,67.59515892670477,67.90705108642578,87400,0.0,0.0
2022-11-16 00:00:00-05:00,67.42503008277903,68.00155533670062,66.80125303421367,66.95246887207031,76400,0.0,0.0
2022-11-17 00:00:00-05:00,66.26254277724978,67.0753487498041,66.26254277724978,67.05644226074219,57800,0.0,0.0
2022-11-18 00:00:00-05:00,68.37016937754598,68.37016937754598,66.9335861151645,67.06590270996094,169300,0.0,0.0
2022-11-21 00:00:00-05:00,66.82962118691248,67.642427236332,66.23419651798523,67.48175811767578,99900,0.0,0.0
2022-11-22 00:00:00-05:00,67.8881510404614,68.76711525563634,67.7085754576766,68.58753967285156,71800,0.0,0.0
2022-11-23 00:00:00-05:00,68.62534624407894,69.21132479798086,67.98266264682644,68.17168426513672,54300,0.0,0.0
2022-11-25 00:00:00-05:00,67.72748188222499,68.99394257241224,66.47991325863168,68.05827331542969,27000,0.0,0.0
2022-11-28 00:00:00-05:00,67.90705660057182,69.17352461983279,67.17931537950841,68.07717895507812,70100,0.0,0.0
2022-11-29 00:00:00-05:00,67.00919296733572,67.78419320148349,65.4780917780966,65.8183364868164,108900,0.0,0.0
2022-11-30 00:00:00-05:00,65.69546612814361,67.33997723746974,64.80704868242483,67.1415023803711,150400,0.0,0.0
2022-12-01 00:00:00-05:00,67.45339607172455,67.45339607172455,65.16619411951355,65.64820861816406,123200,0.0,0.0
2022-12-02 00:00:00-05:00,65.17564115480387,66.31923841661109,64.71253318845162,66.1585693359375,89500,0.0,0.0
2022-12-05 00:00:00-05:00,65.83723608735306,65.88448788540613,64.29668181443336,65.00552368164062,98100,0.0,0.0
2022-12-06 00:00:00-05:00,65.26071325355,65.51589316265688,63.32320919248011,64.03205108642578,78100,0.0,0.0
2022-12-07 00:00:00-05:00,64.27778354921212,64.31558931467711,62.86009979248047,62.86009979248047,76400,0.0,0.0
2022-12-08 00:00:00-05:00,62.93571387772472,63.294865100011506,62.14181431191653,62.75614547729492,73900,0.0,0.0
2022-12-09 00:00:00-05:00,62.699424270559994,63.13418697348754,62.22686301240728,62.24576950073242,48700,0.0,0.0
2022-12-12 00:00:00-05:00,61.55582734413005,62.37808653522363,60.24211121901063,60.374427795410156,122600,0.0,0.0
2022-12-13 00:00:00-05:00,61.82991540331851,63.60675040967138,61.48967070894084,62.40644073486328,150100,0.0,0.0
2022-12-14 00:00:00-05:00,62.31192774634325,63.13418693082992,61.102172080003704,61.848819732666016,140500,0.0,0.0
2022-12-15 00:00:00-05:00,61.38569895484377,61.68813784406766,58.85277415893268,59.21192169189453,117300,0.0,0.0
2022-12-16 00:00:00-05:00,59.1268665603482,59.41985223615785,57.74698493148051,58.039974212646484,340500,0.0,0.0
2022-12-19 00:00:00-05:00,58.389671718936384,58.8905891369515,57.13266056489974,57.58631896972656,127900,0.0,0.0
2022-12-20 00:00:00-05:00,57.70918486860087,57.97381803194852,56.95308393556795,57.86985397338867,118500,0.0,0.0
2022-12-21 00:00:00-05:00,58.42747693698149,59.68449168453408,57.76589041749889,59.5899772644043,96300,0.0,0.0
2022-12-22 00:00:00-05:00,59.12686619580436,59.12686619580436,58.134484664735915,58.71100997924805,88700,0.0,0.0
2022-12-23 00:00:00-05:00,58.75826251850307,59.51436338250904,58.32350704544891,59.42930221557617,56000,0.0,0.0
2022-12-27 00:00:00-05:00,59.68449550820627,59.89242003509948,58.91894488021433,59.39150619506836,62500,0.0,0.0
2022-12-28 00:00:00-05:00,59.59943173496114,59.722295075622256,57.84150314331055,57.84150314331055,91900,0.0,0.0
2022-12-29 00:00:00-05:00,58.342417187667316,59.18357571792311,57.96437031397661,58.43693161010742,81000,0.0,0.0
2022-12-30 00:00:00-05:00,58.13448089390206,58.55033708348428,57.10429726889637,57.444541931152344,178500,0.0,0.0
2023-01-03 00:00:00-05:00,58.03052141252245,58.474726524171466,57.416190361573044,58.162837982177734,103000,0.0,0.0
2023-01-04 00:00:00-05:00,58.69210507154217,58.88113029024202,57.4539969195027,57.813140869140625,97100,0.0,0.0
2023-01-05 00:00:00-05:00,57.55796301798955,57.69027959418047,56.716800945114166,57.17991256713867,81900,0.0,0.0
2023-01-06 00:00:00-05:00,57.841497579753074,59.599426002315106,57.841497579753074,59.136314392089844,85500,0.0,0.0
2023-01-09 00:00:00-05:00,59.13631844598874,60.74302391792076,59.04180763188325,59.66558837890625,144800,0.0,0.0
2023-01-10 00:00:00-05:00,65.02443692968042,65.02443692968042,61.66924885845982,64.08876037597656,157900,0.0,0.0
2023-01-11 00:00:00-05:00,64.18327552130057,65.48754203813752,64.0509517310846,65.33631896972656,156000,0.0,0.0
2023-01-12 00:00:00-05:00,65.96955330004916,68.11497819959622,65.51589132791496,66.72564697265625,156400,0.0,0.0
2023-01-13 00:00:00-05:00,66.3286941810657,66.92411873186597,65.42137748954107,65.97899627685547,97200,0.0,0.0
2023-01-17 00:00:00-05:00,65.76162979102061,67.31163022047483,65.76162979102061,66.78236389160156,139900,0.0,0.0
2023-01-18 00:00:00-05:00,66.73509728435673,67.708572261626,64.38174438476562,64.38174438476562,127000,0.0,0.0
2023-01-19 00:00:00-05:00,64.26833725039847,65.22291310208793,64.16437318681282,64.3344955444336,135500,0.0,0.0
2023-01-20 00:00:00-05:00,64.80704725870925,65.93174530160593,64.04150036804496,65.83723449707031,123500,0.0,0.0
2023-01-23 00:00:00-05:00,65.84669897709715,67.76529696844628,65.37413761131799,67.50066375732422,112100,0.0,0.0
2023-01-24 00:00:00-05:00,67.13205675600257,67.96376925429628,66.3381572375002,66.74456024169922,75300,0.0,0.0
2023-01-25 00:00:00-05:00,66.06406576997315,66.57443279744791,65.41192892196996,66.56497955322266,71900,0.0,0.0
2023-01-26 00:00:00-05:00,66.77291657063948,67.12260733579049,66.16803865234812,67.07535552978516,64000,0.0,0.0
2023-01-27 00:00:00-05:00,66.68784759142316,68.06772570647097,66.68784759142316,67.94486236572266,65200,0.0,0.0
2023-01-30 00:00:00-05:00,67.47230567403793,68.72932053409077,67.46285242850067,68.53084564208984,85500,0.0,0.0
2023-01-31 00:00:00-05:00,68.42687531020775,70.30766720001269,68.42687531020775,70.2320556640625,136700,0.0,0.0
2023-02-01 00:00:00-05:00,70.17535105964205,71.62138744291454,69.41925011680179,70.7613296508789,91500,0.0,0.0
2023-02-02 00:00:00-05:00,71.00705675981551,71.75370446246274,70.27931554674637,70.88419342041016,166700,0.0,0.0
2023-02-03 00:00:00-05:00,70.23205526193898,71.19608431300179,70.23205526193898,70.63845825195312,124600,0.0,0.0
2023-02-06 00:00:00-05:00,70.59121836450922,71.42292376343364,69.61774311524057,70.16590881347656,87100,0.0,0.0
2023-02-07 00:00:00-05:00,69.71224552137575,70.89364878029616,68.85218048773932,70.31712341308594,154900,0.0,0.0
2023-02-08 00:00:00-05:00,69.64607873286839,69.91071187687626,68.88052461117434,69.53266143798828,64800,0.0,0.0
2023-02-09 00:00:00-05:00,69.87290988891024,70.01467971249568,68.313456250896,68.80492401123047,84500,0.0,0.0
2023-02-10 00:00:00-05:00,68.40796363346898,69.1640645142096,67.97320815079247,68.33235931396484,97700,0.0,0.0
2023-02-13 00:00:00-05:00,68.29456034993386,69.54212187989494,67.97321491986874,69.2774887084961,76900,0.0,0.0
2023-02-14 00:00:00-05:00,68.94668662410314,69.43815438443761,68.02047057000878,68.80492401123047,79300,0.0,0.0
2023-02-15 00:00:00-05:00,68.21521738085517,69.67996215820312,67.67307219920909,69.67996215820312,68300,0.46,0.0
2023-02-16 00:00:00-05:00,68.75737173848017,69.53730012592551,68.08206851027698,68.80492401123047,75500,0.0,0.0
2023-02-17 00:00:00-05:00,68.99514356669738,69.67996003986586,68.73833376097713,69.4516830444336,75800,0.0,0.0
2023-02-21 00:00:00-05:00,68.66226039672743,69.78459708438663,68.66226039672743,68.99515533447266,95700,0.0,0.0
2023-02-22 00:00:00-05:00,68.99515087029663,69.90823717898952,68.4910518176754,68.70030212402344,154500,0.0,0.0
2023-02-23 00:00:00-05:00,68.78590220583658,69.12831048684015,67.5018747803557,67.82525634765625,75700,0.0,0.0
2023-02-24 00:00:00-05:00,67.00727193387429,67.53991099053003,66.59828472835702,67.3972396850586,85400,0.0,0.0
2023-02-27 00:00:00-05:00,67.80623284467775,68.08206212439282,66.79803477552689,66.9882583618164,61900,0.0,0.0
2023-02-28 00:00:00-05:00,66.81705681775902,67.58747180558542,66.31295776367188,66.31295776367188,147300,0.0,0.0
2023-03-01 00:00:00-05:00,66.20832772410637,67.43528940534115,66.14174874558499,66.56024932861328,126400,0.0,0.0
2023-03-02 00:00:00-05:00,66.29391835167075,67.31162962155308,65.85639836482602,67.29261016845703,105800,0.0,0.0
2023-03-03 00:00:00-05:00,67.34018337756197,68.05353274699986,66.22735284624946,67.80623626708984,83700,0.0,0.0
2023-03-06 00:00:00-05:00,67.72063206243702,67.9203762760608,65.70423577790373,66.37002563476562,109200,0.0,0.0
2023-03-07 00:00:00-05:00,66.20832968669184,66.38904717227724,65.15257209844013,65.5044937133789,69100,0.0,0.0
2023-03-08 00:00:00-05:00,65.24768408845796,66.21784324325029,65.01941433415108,66.06565856933594,78300,0.0,0.0
2023-03-09 00:00:00-05:00,66.4080578797443,66.4080578797443,65.28572145885144,65.48545837402344,82300,0.0,0.0
2023-03-10 00:00:00-05:00,65.10501736647815,65.12404408034284,63.28835804691923,64.33460235595703,84300,0.0,0.0
2023-03-13 00:00:00-04:00,63.640271021698936,65.0479428802626,63.640271021698936,64.48677825927734,85600,0.0,0.0
2023-03-14 00:00:00-04:00,65.64716267346785,66.560256269209,64.67701070576997,65.43791961669922,95800,0.0,0.0
2023-03-15 00:00:00-04:00,64.30606633980791,65.14306029404965,63.782940583053815,64.99088287353516,104100,0.0,0.0
2023-03-16 00:00:00-04:00,64.36312744530896,66.4841558796152,63.96365358087743,66.35099792480469,104800,0.0,0.0
2023-03-17 00:00:00-04:00,66.20832031358432,66.20832031358432,64.5438387802866,65.1050033569336,340700,0.0,0.0
2023-03-20 00:00:00-04:00,65.60912332563439,66.98826255395181,64.8577277766084,65.79934692382812,110500,0.0,0.0
2023-03-21 00:00:00-04:00,66.59828773989756,67.43528889967789,65.63764923651601,66.55073547363281,104100,0.0,0.0
2023-03-22 00:00:00-04:00,66.3890499773774,67.14043825046922,65.36182515785437,65.3903579711914,82700,0.0,0.0
2023-03-23 00:00:00-04:00,65.67569397138126,66.3129509266352,64.64846925581229,65.04794311523438,77600,0.0,0.0
2023-03-24 00:00:00-04:00,64.71505541700834,66.14175415039062,64.42971276770588,66.14175415039062,66200,0.0,0.0
2023-03-27 00:00:00-04:00,66.71243495542083,66.73146166966369,65.7613024271068,66.20833587646484,63200,0.0,0.0
2023-03-28 00:00:00-04:00,66.01811069403284,67.13093398396177,66.01811069403284,66.7219467163086,68000,0.0,0.0
2023-03-29 00:00:00-04:00,67.1879883985289,67.1879883985289,65.77080323361156,65.90396118164062,61900,0.0,0.0
2023-03-30 00:00:00-04:00,66.19881984924073,67.1214195255431,66.19881984924073,66.5126953125,64700,0.0,0.0
2023-03-31 00:00:00-04:00,66.81705757705683,68.36740092697957,66.81705757705683,67.98695373535156,152100,0.0,0.0
2023-04-03 00:00:00-04:00,67.83477184176812,68.53860788308887,67.48285019282508,68.42447662353516,92700,0.0,0.0
2023-04-04 00:00:00-04:00,68.37691534159315,68.37691534159315,66.44611751360614,66.91217041015625,75000,0.0,0.0
2023-04-05 00:00:00-04:00,66.79803858826362,66.79803858826362,65.56156343711149,66.5317153930664,77800,0.0,0.0
2023-04-06 00:00:00-04:00,66.5126964040351,66.91217031479444,66.27491327764523,66.7219467163086,61000,0.0,0.0
2023-04-10 00:00:00-04:00,66.73146669012357,67.60650694042937,66.2844332071335,67.25458526611328,206900,0.0,0.0
2023-04-11 00:00:00-04:00,70.4503808992853,75.6625899638995,70.35526910476385,75.11093139648438,348500,0.0,0.0
2023-04-12 00:00:00-04:00,74.98727526862345,75.13945993645576,72.78064838100529,73.17061614990234,137500,0.0,0.0
2023-04-13 00:00:00-04:00,73.52253285146699,74.18832258744673,72.72357791172742,73.23719024658203,188500,0.0,0.0
2023-04-14 00:00:00-04:00,73.13256988795166,73.49399758873743,72.21948365183682,72.61895751953125,128100,0.0,0.0
2023-04-17 00:00:00-04:00,72.75211318021083,74.70193744752076,72.75211318021083,74.39757537841797,135100,0.0,0.0
2023-04-18 00:00:00-04:00,74.31198649278177,75.09191492472853,72.49532702300094,73.14209747314453,200500,0.0,0.0
2023-04-19 00:00:00-04:00,72.72359023785383,72.9804000770905,72.0482870321685,72.2480239868164,166600,0.0,0.0
2023-04-20 00:00:00-04:00,72.0007322972157,72.61896991603078,71.72491023903102,71.99122619628906,149400,0.0,0.0
2023-04-21 00:00:00-04:00,71.95317172951489,72.26704718149105,71.01155263015117,71.23982238769531,124900,0.0,0.0
2023-04-24 00:00:00-04:00,71.15421675714623,71.7914810180664,71.12568394449818,71.7914810180664,134700,0.0,0.0
2023-04-25 00:00:00-04:00,71.29688189160305,71.4775993647822,70.69767110828435,70.72620391845703,155800,0.0,0.0
2023-04-26 00:00:00-04:00,70.39331986059558,70.39331986059558,69.52778578395461,70.06993103027344,99900,0.0,0.0
2023-04-27 00:00:00-04:00,70.04138744805617,70.89740803605726,70.01285463788349,70.72620391845703,147100,0.0,0.0
2023-04-28 00:00:00-04:00,70.60257067777206,71.19226820035766,69.85117511059384,70.0794448852539,81900,0.0,0.0
2023-05-01 00:00:00-04:00,69.82263276381337,70.67864611606903,68.69078288900896,68.74784851074219,115700,0.0,0.0
2023-05-02 00:00:00-04:00,68.81442889948714,69.156837150037,67.39724363038957,68.2247314453125,182700,0.0,0.0
2023-05-03 00:00:00-04:00,68.4339776724631,69.41365020289541,66.93119389893754,67.7491683959961,136100,0.0,0.0
2023-05-04 00:00:00-04:00,67.48285020692305,67.84428521309286,66.65536954872448,67.69210052490234,81500,0.0,0.0
2023-05-05 00:00:00-04:00,68.51007242073915,69.38511257414127,68.46252014995113,68.5481185913086,78300,0.0,0.0
2023-05-08 00:00:00-04:00,68.41495114411228,68.65273423480409,67.67306906220405,67.76818084716797,105000,0.0,0.0
2023-05-09 00:00:00-04:00,67.2926308652188,67.45432166423787,66.8551107438088,67.05484771728516,252200,0.0,0.0
2023-05-10 00:00:00-04:00,67.59698392595422,68.34837944329908,66.62683200556651,68.1296157836914,110400,0.0,0.0
2023-05-11 00:00:00-04:00,67.81574086772721,68.16765520034369,67.51137879966113,67.77769470214844,73500,0.0,0.0
2023-05-12 00:00:00-04:00,67.9489037322707,67.9489037322707,67.17848152257945,67.53040313720703,63800,0.0,0.0
2023-05-15 00:00:00-04:00,67.84428236662639,68.03450596231819,66.98826167288318,67.43529510498047,89600,0.0,0.0
2023-05-16 00:00:00-04:00,67.07385699409939,68.21522028485592,66.93119293224893,67.54942321777344,119700,0.0,0.0
2023-05-17 00:00:00-04:00,68.05353396979672,68.91906078018611,67.09288810318779,68.75736999511719,194800,0.0,0.0
2023-05-18 00:00:00-04:00,68.49105402298065,69.2804884906692,68.15815909605594,68.9380874633789,110900,0.0,0.0
2023-05-19 00:00:00-04:00,69.32804258948865,69.48022726220204,68.12010759022563,69.17586517333984,118900,0.0,0.0
2023-05-22 00:00:00-04:00,69.40412865502552,70.12699127197266,68.90002967119693,70.12699127197266,76100,0.0,0.0
2023-05-23 00:00:00-04:00,70.11748078438089,71.14470550470287,69.50875663675991,70.38379669189453,198400,0.0,0.0
2023-05-24 00:00:00-04:00,70.41232122806386,70.43134793725851,69.77506434474773,70.18405151367188,101600,0.0,0.0
2023-05-25 00:00:00-04:00,70.06041812269147,70.19357608207312,67.92037015990344,69.16635131835938,79000,0.0,0.0
2023-05-26 00:00:00-04:00,69.00466513884804,70.22211356652767,68.05353264765269,70.20308685302734,72700,0.0,0.0
2023-05-30 00:00:00-04:00,70.22211737526636,70.22211737526636,69.36609663544832,69.92726135253906,75500,0.0,0.0
2023-05-31 00:00:00-04:00,69.86067990183734,70.2506477137814,68.76688332145117,68.9380874633789,133200,0.0,0.0
2023-06-01 00:00:00-04:00,68.54811084284631,69.52777604043489,67.9679195062341,68.3578872680664,90800,0.0,0.0
2023-06-02 00:00:00-04:00,68.96661828213637,70.2125995111029,68.2342422075273,69.81312561035156,472700,0.0,0.0
2023-06-05 00:00:00-04:00,69.24244326233523,69.299508885586,65.70422948949755,67.68258666992188,139700,0.0,0.0
2023-06-06 00:00:00-04:00,67.3211548133206,69.89872292657556,66.70291725882394,69.78459167480469,136400,0.0,0.0
2023-06-07 00:00:00-04:00,69.8511630037911,72.01023027315017,69.8511630037911,71.4395523071289,127100,0.0,0.0
2023-06-08 00:00:00-04:00,71.39199564919699,72.38117421636292,70.48842277147722,71.69635772705078,169800,0.0,0.0
2023-06-09 00:00:00-04:00,71.60124787925564,71.71538638275645,70.62158264137511,70.82131958007812,91600,0.0,0.0
2023-06-12 00:00:00-04:00,71.0400854427736,71.49662495786187,70.91643357932342,71.23982238769531,88000,0.0,0.0
2023-06-13 00:00:00-04:00,71.32542097317382,72.53336325816446,70.94496653876972,72.16242218017578,129600,0.0,0.0
2023-06-14 00:00:00-04:00,72.59042399132632,72.73309530168318,71.55369316542408,71.86756134033203,120600,0.0,0.0
2023-06-15 00:00:00-04:00,71.90561623164646,72.29558404350162,71.16373403565048,72.07682037353516,241800,0.0,0.0
2023-06-16 00:00:00-04:00,72.61894944027043,72.62846279508027,70.9544679201621,71.32540893554688,376300,0.0,0.0
2023-06-20 00:00:00-04:00,71.1447150102804,71.53467556793785,70.80230672442421,70.98301696777344,89800,0.0,0.0
2023-06-21 00:00:00-04:00,70.95447350009879,72.7996726238848,70.51695347976518,72.19094848632812,143100,0.0,0.0
2023-06-22 00:00:00-04:00,72.2385071771603,72.3145995152649,71.33493424600348,71.7914810180664,116100,0.0,0.0
2023-06-23 00:00:00-04:00,71.29689404683447,72.67604057834242,70.38380768281817,70.46940612792969,260200,0.0,0.0
2023-06-26 00:00:00-04:00,70.46940548220243,71.05911026164004,69.87019460221647,69.89872741699219,146900,0.0,0.0
2023-06-27 00:00:00-04:00,70.17455391397507,71.04008796256777,70.01286313233634,70.1935806274414,116000,0.0,0.0
2023-06-28 00:00:00-04:00,70.0413862144404,70.24112313869539,69.50875441642707,69.96529388427734,85400,0.0,0.0
2023-06-29 00:00:00-04:00,69.92725325408249,71.08763598294165,69.62289116590341,71.01155090332031,135400,0.0,0.0
2023-06-30 00:00:00-04:00,71.24934064059087,71.76294581622071,70.36478710568244,70.44087219238281,112400,0.0,0.0
2023-07-03 00:00:00-04:00,70.44087004676048,71.15421941587533,70.44087004676048,70.57402801513672,59100,0.0,0.0
2023-07-05 00:00:00-04:00,70.45038455717398,71.20178010906717,69.60387720582098,71.15422058105469,141300,0.0,0.0
2023-07-06 00:00:00-04:00,70.5359940007738,71.94366612326324,70.5359940007738,71.61077117919922,110600,0.0,0.0
2023-07-07 00:00:00-04:00,71.93413756374267,72.0007165384851,71.17323603190975,71.80097961425781,118500,0.0,0.0
2023-07-10 00:00:00-04:00,72.16241652145693,73.42741707604893,72.16241652145693,73.132568359375,259100,0.0,0.0
2023-07-11 00:00:00-04:00,72.28606541886847,77.99286005720019,71.98170332842004,73.41791534423828,382000,0.0,0.0
2023-07-12 00:00:00-04:00,74.28344595494644,74.45465009326445,72.33362870603229,72.96137237548828,225300,0.0,0.0
2023-07-13 00:00:00-04:00,72.81869658055476,73.60813823970084,72.42873605733708,72.66651916503906,188300,0.0,0.0
2023-07-14 00:00:00-04:00,72.46677736715094,72.65700093793403,71.2588351973297,72.37165832519531,113300,0.0,0.0
2023-07-17 00:00:00-04:00,72.15290870774746,75.11093122705013,72.15290870774746,74.36904907226562,136400,0.0,0.0
2023-07-18 00:00:00-04:00,74.64487294850643,75.62453814637928,74.01712208973495,74.60682678222656,114800,0.0,0.0
2023-07-19 00:00:00-04:00,74.60683979305679,74.84462293135026,73.59863435222799,73.99811553955078,163500,0.0,0.0
2023-07-20 00:00:00-04:00,74.28345322516782,75.00631601954304,73.693755668353,74.977783203125,109400,0.0,0.0
2023-07-21 00:00:00-04:00,75.43430630005665,75.78622789098736,74.62584523303845,74.76851654052734,97800,0.0,0.0
2023-07-24 00:00:00-04:00,74.59731516423648,75.37724344973138,74.48317666273806,74.83509826660156,110700,0.0,0.0
2023-07-25 00:00:00-04:00,74.58780251710489,75.59600781517751,74.50220408259094,75.40577697753906,160500,0.0,0.0
2023-07-26 00:00:00-04:00,75.32018392229742,75.75770399526628,75.05386798714811,75.34871673583984,124500,0.0,0.0
2023-07-27 00:00:00-04:00,75.68160263067772,75.84329339251516,74.24539071558452,74.39757537841797,130100,0.0,0.0
2023-07-28 00:00:00-04:00,74.68291962097615,75.23457820452884,74.20735337789245,74.61634063720703,78300,0.0,0.0
2023-07-31 00:00:00-04:00,74.50220418465021,74.83509908026795,73.68422972309551,73.93152618408203,105500,0.0,0.0
2023-08-01 00:00:00-04:00,73.87445343043086,74.38806580878759,73.38938112023104,73.94103240966797,99900,0.0,0.0
2023-08-02 00:00:00-04:00,73.28476347080696,74.36905396163446,73.07551315563583,74.30247497558594,82700,0.0,0.0
2023-08-03 00:00:00-04:00,74.07419479099657,74.78754414965759,73.78885940147113,74.59732055664062,82300,0.0,0.0
2023-08-04 00:00:00-04:00,74.60682617422454,74.97776722172502,73.74129222568067,74.045654296875,68100,0.0,0.0
2023-08-07 00:00:00-04:00,73.9981086159314,74.56878664312721,73.65570034830094,74.38806915283203,249900,0.0,0.0
2023-08-08 00:00:00-04:00,73.72227152987739,73.72227152987739,72.92331657108988,73.64617919921875,69200,0.0,0.0
2023-08-09 00:00:00-04:00,73.55107393090546,74.18833092936421,72.97088255721474,73.43693542480469,131700,0.0,0.0
2023-08-10 00:00:00-04:00,73.47498748209821,74.02664608761714,72.98990786299947,73.38938903808594,118400,0.0,0.0
2023-08-11 00:00:00-04:00,73.06600079187481,73.68423838876701,73.04698133413035,73.58912658691406,131700,0.0,0.0
2023-08-14 00:00:00-04:00,73.41688749795016,73.73263291849392,73.12983824294768,73.64652252197266,158400,0.46,0.0
2023-08-15 00:00:00-04:00,73.55084405756972,73.69436138937311,72.78538422144352,73.42645263671875,93300,0.0,0.0
2023-08-16 00:00:00-04:00,73.59868638950233,74.325872559696,72.73754583268966,72.74711608886719,114100,0.0,0.0
2023-08-17 00:00:00-04:00,73.053293842968,73.30206938766277,72.48877286458438,72.8332290649414,121300,0.0,0.0
2023-08-18 00:00:00-04:00,72.92890664743155,74.49809269405979,72.69927162352555,74.45024871826172,208500,0.0,0.0
2023-08-21 00:00:00-04:00,74.39284371198997,75.86634914511083,74.39284371198997,75.62714385986328,137400,0.0,0.0
2023-08-22 00:00:00-04:00,75.49319294224242,75.89505608787464,74.65118562762291,75.12003326416016,116000,0.0,0.0
2023-08-23 00:00:00-04:00,75.12003266466931,76.9475573171074,75.00521149541943,76.46914672851562,140900,0.0,0.0
2023-08-24 00:00:00-04:00,76.01944627737156,76.43087971165927,74.87126368399356,75.10089874267578,135300,0.0,0.0
2023-08-25 00:00:00-04:00,75.38794151452262,75.82807838054624,74.9095309253709,75.66542053222656,86800,0.0,0.0
2023-08-28 00:00:00-04:00,75.72283291171892,77.01454013531435,75.72283291171892,76.1916732788086,141500,0.0,0.0
2023-08-29 00:00:00-04:00,76.30648745475034,77.36855952557865,76.02900844255532,77.30158233642578,146100,0.0,0.0
2023-08-30 00:00:00-04:00,77.18677258905441,79.06214146276024,77.18677258905441,78.70812225341797,308100,0.0,0.0
2023-08-31 00:00:00-04:00,78.45934309456791,78.83250280089838,75.98117954227237,76.04815673828125,134400,0.0,0.0
2023-09-01 00:00:00-04:00,76.22994137041324,77.89481547329474,74.28759555035107,74.41197967529297,133500,0.0,0.0
2023-09-05 00:00:00-04:00,74.16321299185388,75.3209657637345,71.5606581691284,72.42179870605469,133000,0.0,0.0
2023-09-06 00:00:00-04:00,72.23042845168922,72.77581622940228,71.62763373946937,72.40265655517578,119500,0.0,0.0
2023-09-07 00:00:00-04:00,72.43135754739139,72.785383998007,71.41712947260876,71.46497344970703,108500,0.0,0.0
2023-09-08 00:00:00-04:00,71.3405825351126,71.50324767842059,70.74735809469706,71.27360534667969,104100,0.0,0.0
2023-09-11 00:00:00-04:00,71.33102146630675,72.55575140145487,71.20663004166543,72.45050048828125,100800,0.0,0.0
2023-09-12 00:00:00-04:00,72.2973983442797,73.71349675222532,72.2973983442797,73.60824584960938,112300,0.0,0.0
2023-09-13 00:00:00-04:00,73.99098495133765,74.60334993371278,73.21595481742035,74.43112182617188,201300,0.0,0.0
2023-09-14 00:00:00-04:00,74.65118369994026,75.40707329242456,74.23975030909354,74.34500122070312,164300,0.0,0.0
2023-09-15 00:00:00-04:00,74.52680211377704,74.52680211377704,73.79005300739935,74.12493896484375,375400,0.0,0.0
2023-09-18 00:00:00-04:00,74.25888397911014,74.65117682263327,73.85702088087703,74.20147705078125,102400,0.0,0.0
2023-09-19 00:00:00-04:00,74.15364797759804,74.80428672927114,73.85703572167706,73.89530944824219,103600,0.0,0.0
2023-09-20 00:00:00-04:00,74.0675300112591,74.8521230758806,73.79005099694626,73.79961395263672,92500,0.0,0.0
2023-09-21 00:00:00-04:00,73.36906058004107,73.40733430960421,71.77117069560876,71.96253204345703,150700,0.0,0.0
2023-09-22 00:00:00-04:00,71.86684171186637,72.57488736371683,71.27360993330888,71.33102416992188,113700,0.0,0.0
2023-09-25 00:00:00-04:00,71.08224735254853,71.94338788683038,71.01527016099142,71.26404571533203,144100,0.0,0.0
2023-09-26 00:00:00-04:00,70.99612640285795,71.56065467728341,70.35505798441443,70.46987915039062,136300,0.0,0.0
2023-09-27 00:00:00-04:00,70.60382797766523,71.68503316408187,70.56555425868162,71.14921569824219,143700,0.0,0.0
2023-09-28 00:00:00-04:00,71.41713545954386,72.52705158156786,71.20663362261058,71.44583892822266,305100,0.0,0.0
2023-09-29 00:00:00-04:00,71.73289378788044,72.92892040886025,70.9004566316903,71.2162094116211,219700,0.0,0.0
2023-10-02 00:00:00-04:00,71.07267495288052,71.91468224987732,70.69951528260827,71.43627166748047,320800,0.0,0.0
2023-10-03 00:00:00-04:00,71.21620399046606,71.59893394003868,70.56556526618259,70.99613189697266,248200,0.0,0.0
2023-10-04 00:00:00-04:00,70.81434030939245,72.00079657440193,70.46988408729833,71.1875,924500,0.0,0.0
2023-10-05 00:00:00-04:00,71.35973701497733,72.07735301721974,70.51772956703371,71.25448608398438,587600,0.0,0.0
2023-10-06 00:00:00-04:00,71.20663373423592,71.49368302140704,69.57047031728042,70.99613189697266,425900,0.0,0.0
2023-10-09 00:00:00-04:00,70.70908762050615,71.89554385579888,70.52728925785254,71.66590881347656,543700,0.0,0.0
2023-10-10 00:00:00-04:00,71.80943650265836,72.59402962222254,71.43627680554654,71.6084976196289,302300,0.0,0.0
2023-10-11 00:00:00-04:00,71.7520248174905,72.45050755486443,71.09182310678577,71.38843536376953,312700,0.0,0.0
2023-10-12 00:00:00-04:00,71.61806118587047,72.10604201341995,70.3263541011487,70.56555938720703,399800,0.0,0.0
2023-10-13 00:00:00-04:00,70.80475748524827,70.91957863888753,69.3886591235586,69.5704574584961,199700,0.0,0.0
2023-10-16 00:00:00-04:00,70.00103345648407,71.05353518057723,69.264277139643,69.39823150634766,391900,0.0,0.0
2023-10-17 00:00:00-04:00,69.19730277782844,70.55598700978513,69.03464494019259,70.33592224121094,374300,0.0,0.0
2023-10-18 00:00:00-04:00,70.26895113974047,70.49858618334383,69.7139930927298,69.86708068847656,264800,0.0,0.0
2023-10-19 00:00:00-04:00,70.00104237220881,70.58469658720769,69.4939210051337,69.86708068847656,274700,0.0,0.0
2023-10-20 00:00:00-04:00,69.84794592450162,69.93405632645214,68.57537200703592,68.69019317626953,250100,0.0,0.0
2023-10-23 00:00:00-04:00,68.86242386929953,69.14946585322669,68.23091836472005,68.42228698730469,145100,0.0,0.0
2023-10-24 00:00:00-04:00,68.85285098030518,69.68528803179194,68.66148966500457,69.09205627441406,309000,0.0,0.0
2023-10-25 00:00:00-04:00,68.68062950545321,69.5991770474916,68.5275418984303,69.37911224365234,309500,0.0,0.0
2023-10-26 00:00:00-04:00,69.426942136652,70.13499506227701,69.25471403311703,69.54176330566406,229000,0.0,0.0
2023-10-27 00:00:00-04:00,69.5991827366299,69.95320926300741,68.45100004021954,69.05379486083984,207800,0.0,0.0
2023-10-30 00:00:00-04:00,69.61831739443512,69.68529459109135,68.43185376800055,68.57537841796875,169200,0.0,0.0
2023-10-31 00:00:00-04:00,65.10210821140396,65.52311182939737,59.265497339080504,59.791751861572266,992500,0.0,0.0
2023-11-01 00:00:00-04:00,60.0883745270859,61.6862679327099,59.15069012826957,61.28440475463867,378800,0.0,0.0
2023-11-02 00:00:00-04:00,61.628855934054975,63.62860870361328,61.628855934054975,63.62860870361328,308100,0.0,0.0
2023-11-03 00:00:00-04:00,64.47060909485889,64.47060909485889,63.178901949541334,63.934791564941406,176400,0.0,0.0
2023-11-06 00:00:00-05:00,63.76256331626732,64.79593195019629,63.695586125177456,64.78636169433594,197500,0.0,0.0
2023-11-07 00:00:00-05:00,64.87248834366787,64.87248834366787,64.07832489696104,64.49932861328125,141700,0.0,0.0
2023-11-08 00:00:00-05:00,64.73852759914605,64.73852759914605,63.90609050525811,64.5184555053711,143500,0.0,0.0
2023-11-09 00:00:00-05:00,65.00643058776842,65.00643058776842,62.65265145935785,62.78660583496094,230300,0.0,0.0
2023-11-10 00:00:00-05:00,62.89185164891918,63.24587077005963,62.24121303443288,62.71962356567383,234400,0.0,0.0
2023-11-13 00:00:00-05:00,62.36560092754945,63.40853244493361,62.13596590261487,62.92055892944336,93200,0.0,0.0
2023-11-14 00:00:00-05:00,64.21227734312816,65.8005968882294,64.21227734312816,65.7336196899414,151900,0.0,0.0
2023-11-15 00:00:00-05:00,65.63793896969408,66.98706049125641,65.33175644919277,65.78146362304688,198900,0.0,0.0
2023-11-16 00:00:00-05:00,65.32218960947615,65.74319333467687,64.24098412426316,64.47061920166016,263400,0.0,0.0
2023-11-17 00:00:00-05:00,64.9298880816252,64.96816180613142,64.24097564044617,64.35579681396484,257200,0.0,0.0
2023-11-20 00:00:00-05:00,64.19313164821308,64.79593368411898,64.08788803079814,64.7098159790039,132800,0.0,0.0
2023-11-21 00:00:00-05:00,64.58542767419095,64.58542767419095,63.90608553316947,64.20269775390625,105900,0.0,0.0
2023-11-22 00:00:00-05:00,64.64284215793514,65.06384584942079,64.2888229627921,64.65241241455078,71400,0.0,0.0
2023-11-24 00:00:00-05:00,64.57586107637431,65.07341219091634,64.4610472037619,64.90118408203125,37700,0.0,0.0
2023-11-27 00:00:00-05:00,64.99686005716798,65.24563559650576,64.66197411957822,64.939453125,75800,0.0,0.0
2023-11-28 00:00:00-05:00,64.75765015239455,65.53267288122419,64.60455527758279,65.33174133300781,91500,0.0,0.0
2023-11-29 00:00:00-05:00,65.57094747007793,66.25985981594212,64.6811035733309,64.690673828125,124900,0.0,0.0
2023-11-30 00:00:00-05:00,65.06384033768138,65.82930020281708,64.05917517718655,64.48017883300781,175400,0.0,0.0
2023-12-01 00:00:00-05:00,64.89161935432367,66.78612871345926,64.56630362091846,66.58518981933594,169800,0.0,0.0
2023-12-04 00:00:00-05:00,66.15460707053019,67.71422276011397,66.15460707053019,66.9200668334961,179800,0.0,0.0
2023-12-05 00:00:00-05:00,66.65216873562633,66.93921071753982,66.18332108855795,66.86266326904297,122000,0.0,0.0
2023-12-06 00:00:00-05:00,67.30280631576566,67.30280631576566,65.7431902345387,66.087646484375,117100,0.0,0.0
2023-12-07 00:00:00-05:00,66.39382537499861,67.1210115626532,65.89628154131923,67.04446411132812,173900,0.0,0.0
2023-12-08 00:00:00-05:00,66.76699050472473,67.53245048028884,66.70958356154598,67.2166976928711,142400,0.0,0.0
2023-12-11 00:00:00-05:00,67.53244527227515,68.02998910804477,67.23582572213613,67.75251007080078,236700,0.0,0.0
2023-12-12 00:00:00-05:00,68.01086120980976,68.61365601370706,67.41762936314049,68.37445068359375,207200,0.0,0.0
2023-12-13 00:00:00-05:00,68.29789920080466,70.80477354063693,68.14481159453744,70.68038940429688,212400,0.0,0.0
2023-12-14 00:00:00-05:00,71.17793080864648,71.75202208740279,70.15413238320826,70.45074462890625,312200,0.0,0.0
2023-12-15 00:00:00-05:00,70.95786247851547,71.79029223625443,70.44117816338456,71.00569915771484,751800,0.0,0.0
2023-12-18 00:00:00-05:00,71.08224839670149,71.13965533317476,70.13499744506015,70.52729034423828,173800,0.0,0.0
2023-12-19 00:00:00-05:00,71.00569822626262,71.75201757167271,71.00569822626262,71.2927474975586,200500,0.0,0.0
2023-12-20 00:00:00-05:00,71.07267898325902,72.03907045849316,70.61340888609489,70.68994903564453,196600,0.0,0.0
2023-12-21 00:00:00-05:00,71.29274536638964,71.82856287016087,70.8621714723169,71.8189926147461,134200,0.0,0.0
2023-12-22 00:00:00-05:00,71.76158807476887,72.8140899065389,71.76158807476887,72.45050048828125,91300,0.0,0.0
2023-12-26 00:00:00-05:00,72.82365714297867,73.50299927259144,72.58445185931365,73.21595001220703,64400,0.0,0.0
2023-12-27 00:00:00-05:00,73.50300647326418,73.58912417980233,72.8236642771001,73.00546264648438,80500,0.0,0.0
2023-12-28 00:00:00-05:00,72.88106191831764,73.0341567993164,72.4696285505906,73.0341567993164,77400,0.0,0.0
2023-12-29 00:00:00-05:00,73.12983924713603,73.1872461789385,72.19215132788904,72.50790405273438,103900,0.0,0.0
2024-01-02 00:00:00-05:00,71.96252692927467,72.67057262595537,71.60850043095083,72.09648132324219,134100,0.0,0.0
2024-01-03 00:00:00-05:00,71.90511945430238,72.27827916328945,70.61341220781117,70.68038940429688,191900,0.0,0.0
2024-01-04 00:00:00-05:00,70.72822416073339,70.72822416073339,69.30256256010881,69.95320129394531,186800,0.0,0.0
2024-01-05 00:00:00-05:00,69.52263854505571,70.36463865359579,69.03465764239513,69.70442962646484,147200,0.0,0.0
2024-01-08 00:00:00-05:00,69.8192358903458,70.28807617901204,69.25470765300167,70.05844116210938,112000,0.0,0.0
2024-01-09 00:00:00-05:00,69.9627630670994,70.21153130283857,69.17817003907517,69.79053497314453,189100,0.0,0.0
2024-01-10 00:00:00-05:00,78.45933304212947,80.09549630640235,72.51747467188606,73.21595001220703,433700,0.0,0.0
2024-01-11 00:00:00-05:00,73.15854876789477,74.12494023302493,71.5510888446937,72.13475036621094,237200,0.0,0.0
2024-01-12 00:00:00-05:00,73.02458566769597,73.67522430419922,72.15388226735575,73.67522430419922,183400,0.0,0.0
2024-01-16 00:00:00-05:00,73.39775800476406,74.46940044433408,73.12027896326913,73.5412826538086,200800,0.0,0.0
2024-01-17 00:00:00-05:00,72.86192957882399,73.7422032551884,72.23042413710661,72.79495239257812,121400,0.0,0.0
2024-01-18 00:00:00-05:00,72.98631363426612,73.42645047207516,72.794952330859,73.24465942382812,101900,0.0,0.0
2024-01-19 00:00:00-05:00,73.78048537396744,74.10580108705763,72.65143603447603,73.80918884277344,111900,0.0,0.0
2024-01-22 00:00:00-05:00,74.21105189277533,75.75153464939143,73.82832924265702,74.25889587402344,98700,0.0,0.0
2024-01-23 00:00:00-05:00,74.66076185726973,75.0721952916606,72.96719143661748,73.13941955566406,101400,0.0,0.0
2024-01-24 00:00:00-05:00,73.91444056498068,73.91444056498068,71.64677160509616,72.01036834716797,91100,0.0,0.0
2024-01-25 00:00:00-05:00,72.69928149743919,73.148981351176,72.06777597097027,72.97675323486328,214900,0.0,0.0
2024-01-26 00:00:00-05:00,73.01502237202345,73.25422766853771,72.21129607971938,72.56531524658203,95500,0.0,0.0
2024-01-29 00:00:00-05:00,72.49834142192373,74.77558062245859,72.49834142192373,74.5172348022461,208100,0.0,0.0
2024-01-30 00:00:00-05:00,74.17277982877525,74.80428535555217,73.79005717008634,74.58421325683594,89400,0.0,0.0
2024-01-31 00:00:00-05:00,74.61292491795506,75.05306182068108,72.46007708724933,72.737548828125,139300,0.0,0.0
2024-02-01 00:00:00-05:00,73.06286987605112,73.73264181861602,72.72798390476868,73.71350860595703,117700,0.0,0.0
2024-02-02 00:00:00-05:00,74.26846583057683,74.43112368621742,72.85236721096679,73.55084991455078,168600,0.0,0.0
2024-02-05 00:00:00-05:00,72.76625544928008,73.0820008984741,71.7137462854118,71.87641143798828,173100,0.0,0.0
2024-02-06 00:00:00-05:00,71.72331957079102,73.55085165072708,71.51281772912647,73.47430419921875,94600,0.0,0.0
2024-02-07 00:00:00-05:00,73.29250949383464,74.42155891018734,73.11071841236546,74.07710266113281,275000,0.0,0.0
2024-02-08 00:00:00-05:00,74.21103744618657,75.07217784124869,74.21103744618657,74.9190902709961,151300,0.0,0.0
2024-02-09 00:00:00-05:00,74.88083423813919,75.66542738339072,74.48853401552996,75.45492553710938,159800,0.0,0.0
2024-02-12 00:00:00-05:00,75.34009772705198,77.7417209346864,75.34009772705198,77.22503662109375,168500,0.0,0.0
2024-02-13 00:00:00-05:00,75.62714554451127,76.22994024877502,74.50766653660735,75.59844207763672,343900,0.0,0.0
2024-02-14 00:00:00-05:00,76.25389457479776,77.69009908932141,75.44421724614668,77.16959381103516,233400,0.58,0.0
2024-02-15 00:00:00-05:00,77.36237374867487,78.7503804005301,77.30453492913274,78.35518646240234,107300,0.0,0.0
2024-02-16 00:00:00-05:00,77.99854413174678,78.22988470853888,77.29490343403488,77.34309387207031,105200,0.0,0.0
2024-02-20 00:00:00-05:00,76.97681477502621,78.04674103009968,76.89970125031181,77.18887329101562,181000,0.0,0.0
2024-02-21 00:00:00-05:00,77.3045438165286,78.2684409082756,77.08285160363947,78.21060943603516,100000,0.0,0.0
2024-02-22 00:00:00-05:00,77.85395364023769,79.22269290218627,77.70937498048093,79.09738159179688,196500,0.0,0.0
2024-02-23 00:00:00-05:00,79.01064011044298,80.5528738756428,78.88532879099036,79.5697021484375,90600,0.0,0.0
2024-02-26 00:00:00-05:00,79.18413484245781,79.89741651670583,79.18413484245781,79.7528305053711,79300,0.0,0.0
2024-02-27 00:00:00-05:00,80.27334370458149,80.92879398095884,80.15768076718892,80.77457427978516,128500,0.0,0.0
2024-02-28 00:00:00-05:00,80.5914365834877,81.84450574673693,80.31190554387207,80.76493835449219,129300,0.0,0.0
2024-02-29 00:00:00-05:00,81.642067221285,81.863766751444,80.71672704878438,81.10228729248047,189400,0.0,0.0
2024-03-01 00:00:00-05:00,81.17939971648639,81.30470366856788,80.53359054553194,80.70709228515625,74800,0.0,0.0
2024-03-04 00:00:00-05:00,80.49503268781432,81.58423354428942,80.49503268781432,81.06372833251953,96500,0.0,0.0
2024-03-05 00:00:00-05:00,80.73601172534079,81.49749120901258,79.58897198546235,79.79138946533203,85500,0.0,0.0
2024-03-06 00:00:00-05:00,80.47576515915671,80.99627046488946,79.87815367601813,80.09984588623047,89600,0.0,0.0
2024-03-07 00:00:00-05:00,80.61070450330429,81.6517150416924,80.21551055225639,80.94807434082031,149700,0.0,0.0
2024-03-08 00:00:00-05:00,81.37218661501478,81.37218661501478,79.6950078190969,79.90706634521484,85900,0.0,0.0
2024-03-11 00:00:00-04:00,79.78174405683964,80.50466673980971,79.15521694809209,80.25405883789062,107800,0.0,0.0
2024-03-12 00:00:00-04:00,80.13840249511965,80.68782353554855,79.41547968645263,79.85887145996094,58400,0.0,0.0
2024-03-13 00:00:00-04:00,79.52150254013968,80.07092353625899,79.0202793356249,79.47330474853516,85100,0.0,0.0
2024-03-14 00:00:00-04:00,79.47330608487461,79.47330608487461,77.66118234091132,78.30699157714844,107700,0.0,0.0
2024-03-15 00:00:00-04:00,77.94071878796431,78.76967086838648,77.33346627256482,77.75757598876953,286200,0.0,0.0
2024-03-18 00:00:00-04:00,77.75756507737287,78.30698604390811,77.31417336349797,77.32381439208984,104700,0.0,0.0
2024-03-19 00:00:00-04:00,77.32381509278339,78.10456927494793,77.30453303542491,77.77684783935547,101600,0.0,0.0
2024-03-20 00:00:00-04:00,77.5262475382148,78.9046207474419,77.36238678878436,78.5576171875,80600,0.0,0.0
2024-03-21 00:00:00-04:00,78.67327064249841,80.3215335222344,78.67327064249841,79.7528305053711,120900,0.0,0.0
2024-03-22 00:00:00-04:00,80.02273280293733,80.02273280293733,78.36483599318665,78.50941467285156,62500,0.0,0.0
2024-03-25 00:00:00-04:00,78.7985836548476,79.4347592362694,78.28771939616391,78.82749938964844,92400,0.0,0.0
2024-03-26 00:00:00-04:00,79.12630032715643,79.65644661288788,78.4901321382291,78.80821990966797,162800,0.0,0.0
2024-03-27 00:00:00-04:00,79.45402986568723,80.56251288454548,79.45402986568723,80.2829818725586,128400,0.0,0.0
2024-03-28 00:00:00-04:00,80.57213730818226,81.26614424391715,80.45647438819287,80.96733856201172,137100,0.0,0.0
2024-04-01 00:00:00-04:00,81.28543703436235,81.28543703436235,80.2637011978455,80.64926147460938,151200,0.0,0.0
2024-04-02 00:00:00-04:00,79.82994286592218,79.94561314410012,78.06600973194563,78.84677124023438,176600,0.0,0.0
2024-04-03 00:00:00-04:00,78.72146147401244,79.39619374566094,78.06601125941249,78.40337371826172,124600,0.0,0.0
2024-04-04 00:00:00-04:00,78.79858833969888,79.7046539717317,77.97927727117728,79.38656616210938,167700,0.0,0.0
2024-04-05 00:00:00-04:00,79.24196208414804,80.15766853785453,79.02990359268024,79.94561004638672,121100,0.0,0.0
2024-04-08 00:00:00-04:00,80.11912640235958,80.80349243357658,79.93598360740327,80.51432037353516,172700,0.0,0.0
2024-04-09 00:00:00-04:00,80.96735217668683,80.96735217668683,79.4540341027806,80.09020233154297,243200,0.0,0.0
2024-04-10 00:00:00-04:00,82.28788465622372,83.76264580211095,75.41529474736751,77.62261962890625,488500,0.0,0.0
2024-04-11 00:00:00-04:00,77.57442335363275,77.64189584039242,76.35991123800915,77.1792221069336,329800,0.0,0.0
2024-04-12 00:00:00-04:00,76.78403646929215,77.19850510826889,75.8490552279951,76.58161163330078,184800,0.0,0.0
2024-04-15 00:00:00-04:00,77.2081488590082,77.67082265852052,76.52378286589979,76.83222961425781,178300,0.0,0.0
2024-04-16 00:00:00-04:00,76.36955955033062,76.8225849452434,75.04901806470343,75.37673950195312,181300,0.0,0.0
2024-04-17 00:00:00-04:00,76.15750261696775,77.80576557393103,76.15750261696775,76.5237808227539,185100,0.0,0.0
2024-04-18 00:00:00-04:00,77.02164463652139,78.87641319805424,76.77759633757663,78.50545501708984,215200,1.0,0.0
2024-04-19 00:00:00-04:00,78.21260585183681,80.96547051824493,78.21260585183681,80.87760925292969,281800,0.0,0.0
2024-04-22 00:00:00-04:00,80.67260522654486,81.03379939072934,78.93498252704693,78.98379516601562,242400,0.0,0.0
2024-04-23 00:00:00-04:00,79.28641013540954,80.52617217923341,79.28641013540954,79.6378402709961,174400,0.0,0.0
2024-04-24 00:00:00-04:00,79.08141299618998,79.84284249841825,78.78855205790387,78.98379516601562,176000,0.0,0.0
2024-04-25 00:00:00-04:00,78.4566490507086,78.71045391671387,78.03688568276087,78.26140594482422,152400,0.0,0.0
2024-04-26 00:00:00-04:00,78.30046159420378,79.59880043576197,78.30046159420378,79.54998779296875,182100,0.0,0.0
2024-04-29 00:00:00-04:00,79.56950672667384,80.88736600593192,79.54997869268504,80.0185546875,137100,0.0,0.0
2024-04-30 00:00:00-04:00,79.43283888672983,79.69640775885392,78.44688172494494,78.67140197753906,220100,0.0,0.0
2024-05-01 00:00:00-04:00,78.35902509927888,81.23879951573876,78.35902509927888,79.60855865478516,145500,0.0,0.0
2024-05-02 00:00:00-04:00,80.0185547348411,80.51641533317103,79.65736058346249,80.0673599243164,106300,0.0,0.0
2024-05-03 00:00:00-04:00,80.60427669019396,80.83856098579565,79.66713206002366,80.49689483642578,94300,0.0,0.0
2024-05-06 00:00:00-04:00,80.59450412225684,81.55117668676552,80.59450412225684,81.16069793701172,89200,0.0,0.0
2024-05-07 00:00:00-04:00,81.2680816962975,83.02523238775503,81.2680816962975,82.70308685302734,109900,0.0,0.0
2024-05-08 00:00:00-04:00,82.2442840703922,83.82571986961722,82.02952035654839,83.71833801269531,166700,0.0,0.0
2024-05-09 00:00:00-04:00,83.72809194908261,84.13809877523292,82.74214212692806,83.36690521240234,103600,0.0,0.0
2024-05-10 00:00:00-04:00,83.14236669692708,83.35713037614177,82.61522151551716,82.86903381347656,81800,0.0,0.0
2024-05-13 00:00:00-04:00,83.56213750356149,84.00142891786075,82.71285417522326,82.82022857666016,97200,0.0,0.0
2024-05-14 00:00:00-04:00,83.69879693683644,84.09903969533029,83.30831819502264,83.97212982177734,127000,0.0,0.0
2024-05-15 00:00:00-04:00,84.14785114502322,84.31380964988352,82.95690169312292,84.01118469238281,96400,0.0,0.0
2024-05-16 00:00:00-04:00,84.18690035675849,85.89523847449655,84.01118528102347,85.16309356689453,112700,0.0,0.0
2024-05-17 00:00:00-04:00,85.26070670276773,85.61213683488334,84.75308953846891,85.08499908447266,86200,0.0,0.0
2024-05-20 00:00:00-04:00,84.94832298205314,84.94832298205314,83.44499211435394,83.4937973022461,115400,0.0,0.0
2024-05-21 00:00:00-04:00,83.56212891368406,83.98189224983511,82.6249844197157,83.4840316772461,94300,0.0,0.0
2024-05-22 00:00:00-04:00,83.02523188124003,83.46451582754302,81.83427502515818,82.55665588378906,139300,0.0,0.0
2024-05-23 00:00:00-04:00,82.55666079545196,82.55666079545196,80.8385586329313,81.19975280761719,114800,0.0,0.0
2024-05-24 00:00:00-04:00,81.25831184398855,81.91236688358481,80.72141010576046,81.80498504638672,170200,0.0,0.0
2024-05-28 00:00:00-04:00,81.79523216533264,81.79523216533264,79.90141490357951,81.01427459716797,134200,0.0,0.0
2024-05-29 00:00:00-04:00,80.3797463240376,81.72689773695743,80.06736479091013,80.14546203613281,84800,0.0,0.0
2024-05-30 00:00:00-04:00,80.64332132547825,81.28760496845761,79.8233151597845,81.14118194580078,92400,0.0,0.0
2024-05-31 00:00:00-04:00,81.26808447530212,82.20522906020466,79.99903032721318,82.14665985107422,121600,0.0,0.0
2024-06-03 00:00:00-04:00,82.683560868332,83.44499781867965,81.64879846202605,81.9026107788086,110700,0.0,0.0
2024-06-04 00:00:00-04:00,81.34617812428006,82.3321278572969,80.3407003572407,81.02403259277344,76700,0.0,0.0
2024-06-05 00:00:00-04:00,81.37546830401264,81.88308550694234,80.51642094222268,81.82451629638672,91500,0.0,0.0
2024-06-06 00:00:00-04:00,81.55118976231493,81.90261994866381,80.8776139971856,81.43404388427734,62000,0.0,0.0
2024-06-07 00:00:00-04:00,80.77998333059408,81.30712852642253,80.22355353184672,80.25283813476562,66400,0.0,0.0
2024-06-10 00:00:00-04:00,79.57927278603421,80.19427931805586,78.69094077543932,80.17475128173828,106400,0.0,0.0
2024-06-11 00:00:00-04:00,79.66712675643413,79.76474458578927,78.49569790864633,79.74522399902344,115600,0.0,0.0
2024-06-12 00:00:00-04:00,81.17047218535127,81.83428390927676,80.40904262362336,80.50666046142578,107400,0.0,0.0
2024-06-13 00:00:00-04:00,80.01856637738163,80.01856637738163,76.8264101002856,77.36331939697266,198700,0.0,0.0
2024-06-14 00:00:00-04:00,76.58235268728247,77.48045608133728,75.66473615422905,76.87521362304688,214400,0.0,0.0
2024-06-17 00:00:00-04:00,76.54331222142326,77.80259489266894,75.91854172283213,77.59759521484375,129000,0.0,0.0
2024-06-18 00:00:00-04:00,77.55854632019943,78.38831649369504,76.99235992771648,77.4999771118164,109000,0.0,0.0
2024-06-20 00:00:00-04:00,77.31450485878304,79.23760681356462,77.30474828836508,78.21260833740234,144300,0.0,0.0
2024-06-21 00:00:00-04:00,77.89045297425504,80.26260264621834,77.89045297425504,78.48593139648438,587800,0.0,0.0
2024-06-24 00:00:00-04:00,78.65188080163168,80.73116950360738,78.19306883529953,78.95449829101562,168200,0.0,0.0
2024-06-25 00:00:00-04:00,78.75926883079603,79.16926819335532,77.6659297495414,78.94474792480469,117300,0.0,0.0
2024-06-26 00:00:00-04:00,78.58354679332174,79.05212277171358,77.26568756025333,78.71044921875,127100,0.0,0.0
2024-06-27 00:00:00-04:00,78.75925634551182,78.81782554580329,77.99782695067469,78.3883056640625,135100,0.0,0.0
2024-06-28 00:00:00-04:00,78.79831529082007,79.3645091270632,78.31021869704419,79.26688385009766,270000,0.0,0.0
2024-07-01 00:00:00-04:00,79.30592658315773,79.30592658315773,77.27545056410531,77.41211700439453,126400,0.0,0.0
2024-07-02 00:00:00-04:00,77.55854108531716,78.05640166625838,77.02163933326439,77.7537841796875,107500,0.0,0.0
2024-07-03 00:00:00-04:00,77.77331001462122,78.38831649369504,76.9825959103983,77.4999771118164,70900,0.0,0.0
2024-07-05 00:00:00-04:00,77.30474117924082,77.66592789334562,76.19188153731226,77.40235900878906,115300,0.0,0.0
2024-07-08 00:00:00-04:00,78.03688808295217,78.29069295676375,76.9825976220384,77.08021545410156,182200,0.0,0.0
2024-07-09 00:00:00-04:00,76.87521507050216,77.51950616220981,76.30902122283722,76.35783386230469,141600,0.0,0.0
2024-07-10 00:00:00-04:00,76.36759512059885,76.68973320705075,75.87949853461149,76.43592834472656,253900,0.0,0.0
2024-07-11 00:00:00-04:00,80.15522498778267,80.59450895273275,75.80140416932147,78.31998443603516,387400,0.0,0.0
2024-07-12 00:00:00-04:00,78.84712087841096,81.59998538325274,78.59331601075934,81.27784729003906,267900,0.0,0.0
2024-07-15 00:00:00-04:00,81.62927161875854,84.3821359274485,80.10640528254363,82.34188842773438,359400,0.0,0.0
2024-07-16 00:00:00-04:00,82.97642125548418,86.8714300031621,81.8245129919093,86.5395278930664,277400,0.0,0.0
2024-07-17 00:00:00-04:00,86.19786305902477,88.62858205631248,86.19786305902477,88.413818359375,221600,0.0,0.0
2024-07-18 00:00:00-04:00,87.66214344272653,89.1069050613578,86.7152349431813,87.82809448242188,217600,0.0,0.0
2024-07-19 00:00:00-04:00,87.82810374616567,87.82810374616567,84.64571181609102,84.96785736083984,159500,0.0,0.0
2024-07-22 00:00:00-04:00,84.77262012034846,85.76834142800512,84.30405152078595,85.38762664794922,116700,0.0,0.0
2024-07-23 00:00:00-04:00,85.2411870400295,86.38333125789613,84.35285513094306,84.94832611083984,156800,0.0,0.0
2024-07-24 00:00:00-04:00,84.71404081960375,85.6511853548973,83.99165997010383,84.12832641601562,112400,0.0,0.0
2024-07-25 00:00:00-04:00,84.31381390580579,85.73905516082874,84.17714744626684,84.37238311767578,126300,0.0,0.0
2024-07-26 00:00:00-04:00,85.27047327085856,86.41261751052403,84.47975917382291,86.39309692382812,115100,0.0,0.0
2024-07-29 00:00:00-04:00,86.52000400368199,86.87143416518686,85.83667171617992,86.4223861694336,135000,0.0,0.0
2024-07-30 00:00:00-04:00,86.99833725308622,88.18928665425574,86.7054763254671,87.62310028076172,119800,0.0,0.0
2024-07-31 00:00:00-04:00,87.8866694778183,90.55168009602717,87.4181009292348,89.15572357177734,186300,0.0,0.0
2024-08-01 00:00:00-04:00,88.69692270242068,90.1612126337425,86.12953703736473,87.35953521728516,219900,0.0,0.0
2024-08-02 00:00:00-04:00,84.84094629741233,85.70975756470276,83.92332239578599,84.1966552734375,172700,0.0,0.0
2024-08-05 00:00:00-04:00,81.34618655124552,81.91238043234846,79.68665353226422,80.31141662597656,183600,0.0,0.0
2024-08-06 00:00:00-04:00,80.45783429532744,81.74640890192173,80.03807096034343,80.13568878173828,114300,0.0,0.0
2024-08-07 00:00:00-04:00,81.10212841997748,81.51212775415209,78.35902061311363,79.14974212646484,131400,0.0,0.0
2024-08-08 00:00:00-04:00,79.59879918460594,80.41879794674512,79.45236870629151,80.11618041992188,86100,0.0,0.0
2024-08-09 00:00:00-04:00,80.05760859611004,80.82880213882933,79.19855379016285,80.72142028808594,101000,0.0,0.0
2024-08-12 00:00:00-04:00,81.1118956672122,81.1118956672122,79.59880055920273,80.07713317871094,211200,0.0,0.0
2024-08-13 00:00:00-04:00,80.73116701954854,81.7268881600491,79.21807217142344,81.47307586669922,113800,0.0,0.0
2024-08-14 00:00:00-04:00,81.33641355139348,81.33641355139348,80.31140775733677,80.82879638671875,100100,0.0,0.0
2024-08-15 00:00:00-04:00,83.04072578853079,84.78077318712693,81.70373708100892,84.20075988769531,143400,0.58,0.0
2024-08-16 00:00:00-04:00,84.35805619040224,85.4492751220364,83.37497661237522,84.03364562988281,180000,0.0,0.0
2024-08-19 00:00:00-04:00,84.27941272712178,85.095363049573,83.4044650314398,84.73162841796875,128400,0.0,0.0
2024-08-20 00:00:00-04:00,84.57433207522877,84.57433207522877,82.59834008925208,82.85394287109375,101200,0.0,0.0
2024-08-21 00:00:00-04:00,83.70921635183062,84.92823276514854,83.2471678120252,84.78076934814453,138100,0.0,0.0
2024-08-22 00:00:00-04:00,84.7414502375849,85.26248867491445,84.2990674609425,84.76111602783203,245600,0.0,0.0
2024-08-23 00:00:00-04:00,85.0855402615527,87.83815857283322,84.88891984626711,87.78900909423828,144300,0.0,0.0
2024-08-26 00:00:00-04:00,88.14291384456477,89.12599336993193,85.46893633551784,88.58529663085938,181100,0.0,0.0
2024-08-27 00:00:00-04:00,88.3395352600736,89.43075423838239,86.89440701851318,88.9785385131836,127200,0.0,0.0
2024-08-28 00:00:00-04:00,88.87039467202663,88.949042837738,86.91406842684333,87.45475769042969,121800,0.0,0.0
2024-08-29 00:00:00-04:00,87.5432365672621,88.0839258173554,86.64863058029978,87.49407958984375,118100,0.0,0.0
2024-08-30 00:00:00-04:00,87.9757889577338,88.41817926611719,86.7862635734929,88.06427001953125,102100,0.0,0.0
2024-09-03 00:00:00-04:00,87.65137434144583,89.28328245823113,86.36353505919607,86.59947204589844,178400,0.0,0.0
2024-09-04 00:00:00-04:00,86.10793180662516,86.62897025399099,85.35096387416036,86.54048919677734,77300,0.0,0.0
2024-09-05 00:00:00-04:00,86.9140627063152,87.5923824650997,85.96047438565861,87.52356719970703,111500,0.0,0.0
2024-09-06 00:00:00-04:00,87.7005313104567,88.07409886301002,84.43670729773662,84.6628189086914,117500,0.0,0.0
2024-09-09 00:00:00-04:00,84.37772637160926,85.09537030073298,82.98175509826248,83.95500183105469,148200,0.0,0.0
2024-09-10 00:00:00-04:00,84.29907336549137,84.29907336549137,83.16853035673927,83.69939422607422,144600,0.0,0.0
2024-09-11 00:00:00-04:00,83.01123598601833,84.2695765551551,82.92275493021579,83.9353256225586,117500,0.0,0.0
2024-09-12 00:00:00-04:00,84.5251844852767,85.74420104848106,84.01397891018006,85.24282836914062,108200,0.0,0.0
2024-09-13 00:00:00-04:00,86.46183956066321,88.97852819646347,85.2919800486188,88.24121856689453,169100,0.0,0.0
2024-09-16 00:00:00-04:00,88.82122791310869,89.30293474952082,87.27779345740767,87.66119384765625,117600,0.0,0.0
2024-09-17 00:00:00-04:00,88.65411455343698,88.93920852437022,87.39577392331911,87.4449234008789,133900,0.0,0.0
2024-09-18 00:00:00-04:00,87.63171060314151,89.56837851925707,86.3438787910309,87.55306243896484,155800,0.0,0.0
2024-09-19 00:00:00-04:00,89.19480573189115,89.71583666331911,88.24121742329224,89.55854034423828,107600,0.0,0.0
2024-09-20 00:00:00-04:00,89.36193192866939,89.85347170000387,87.96596077815187,88.76225280761719,458300,0.0,0.0
2024-09-23 00:00:00-04:00,88.71309612674136,89.23412708604835,87.36628194897844,87.49407958984375,119600,0.0,0.0
2024-09-24 00:00:00-04:00,87.81850373203496,88.11342311609842,86.85508241003559,87.75951385498047,108700,0.0,0.0
2024-09-25 00:00:00-04:00,88.00528204798009,88.32970011441628,86.81575663801615,87.41543579101562,99800,0.0,0.0
2024-09-26 00:00:00-04:00,88.074090753873,88.38868340112401,87.50391033148433,87.97578430175781,93900,0.0,0.0
2024-09-27 00:00:00-04:00,88.41817757019756,89.80431584248718,88.20189886806543,89.7649917602539,109700,0.0,0.0
2024-09-30 00:00:00-04:00,89.82397682666834,90.7480664586399,89.63718932113197,90.22703552246094,159900,0.0,0.0
2024-10-01 00:00:00-04:00,90.02059216411746,90.26636204635,88.55580576609606,89.19480895996094,89000,0.0,0.0
2024-10-02 00:00:00-04:00,88.70327666705548,89.00802894659687,88.24122804949128,88.75242614746094,80700,0.0,0.0
2024-10-03 00:00:00-04:00,88.13307983717267,89.16530882560271,87.68086416124598,88.02494049072266,146700,0.0,0.0
2024-10-04 00:00:00-04:00,89.1259936120945,91.60335072261826,89.1259936120945,91.0724868774414,112100,0.0,0.0
2024-10-07 00:00:00-04:00,90.46297906627099,91.013508727715,89.1063319547557,89.66668701171875,102400,0.0,0.0
2024-10-08 00:00:00-04:00,89.74533114508688,90.43348381559322,89.11616084625207,90.07957458496094,135900,0.0,0.0
2024-10-09 00:00:00-04:00,90.41382023502263,91.17078812828939,89.88295642013506,90.48263549804688,100200,0.0,0.0
2024-10-10 00:00:00-04:00,89.48972647302415,89.71583806014795,87.49407627049808,89.56837463378906,163800,0.0,0.0
2024-10-11 00:00:00-04:00,89.55854857691982,90.63010922333271,89.50939909791497,89.61753845214844,98800,0.0,0.0
2024-10-14 00:00:00-04:00,89.30294003102219,89.36192990244992,88.16257168754012,88.96869659423828,150100,0.0,0.0
2024-10-15 00:00:00-04:00,88.9588654688987,92.71422901144952,88.9588654688987,91.63284301757812,168800,0.0,0.0
2024-10-16 00:00:00-04:00,91.78030565963132,93.21560087556585,91.66233341574433,91.68199920654297,98200,0.0,0.0
2024-10-17 00:00:00-04:00,92.33082498852937,92.33082498852937,90.4236558556648,91.6623306274414,75300,0.0,0.0
2024-10-18 00:00:00-04:00,91.82945997869527,92.03590577429657,90.60061059990083,91.38706970214844,88600,0.0,0.0
2024-10-21 00:00:00-04:00,91.31825515757325,91.52470095480369,90.25652748584405,90.4531478881836,109300,0.0,0.0
2024-10-22 00:00:00-04:00,90.2860182280151,90.93485430209908,89.81414426531894,90.8365478515625,94800,0.0,0.0
2024-10-23 00:00:00-04:00,90.16805301761104,90.6694256631267,88.94903653664682,90.5022964477539,132000,0.0,0.0
2024-10-24 00:00:00-04:00,90.63010130956935,91.63283909727343,89.8141435262574,91.32808685302734,111700,0.0,0.0
2024-10-25 00:00:00-04:00,91.58368671585292,92.09488473839292,90.04024475287963,90.14838409423828,81900,0.0,0.0
2024-10-28 00:00:00-04:00,90.8758777059106,91.43623275990451,89.54871428828648,89.60770416259766,136200,0.0,0.0
2024-10-29 00:00:00-04:00,88.89005311028068,90.29585719841269,88.62462492594331,88.78191375732422,106300,0.0,0.0
2024-10-30 00:00:00-04:00,88.30020077225491,88.968695135161,87.7398457548411,87.798828125,126800,0.0,0.0
2024-10-31 00:00:00-04:00,83.67973084829435,84.5153469343003,80.61252006756624,81.67424774169922,311300,0.0,0.0
2024-11-01 00:00:00-04:00,82.57868044416024,84.44653304950513,82.5098651771355,84.00414276123047,250600,0.0,0.0
2024-11-04 00:00:00-05:00,83.63057215527772,85.14451547427645,83.42412636181898,84.36788177490234,240600,0.0,0.0
2024-11-05 00:00:00-05:00,84.01397737096607,86.19641517014406,83.9058380205346,85.78352355957031,285900,0.0,0.0
2024-11-06 00:00:00-05:00,90.4728110210494,91.99658734446363,90.05991940448746,90.43348693847656,225600,0.0,0.0
2024-11-07 00:00:00-05:00,90.72841334010263,90.72841334010263,88.41817787804189,88.49681854248047,147600,0.0,0.0
2024-11-08 00:00:00-05:00,88.09376011329265,89.82398224175962,87.73985087109936,88.66394805908203,148100,0.0,0.0
2024-11-11 00:00:00-05:00,89.0571677949539,89.81414320578855,88.09375409063873,88.84089660644531,131500,0.0,0.0
2024-11-12 00:00:00-05:00,88.89988727456547,89.19481415052799,87.5235743539104,87.90697479248047,154900,0.0,0.0
2024-11-13 00:00:00-05:00,88.27070630236501,89.55853800491985,87.71035130580363,87.99544525146484,98800,0.0,0.0
2024-11-14 00:00:00-05:00,87.91680392917915,87.92663682470466,86.1964147269982,86.60930633544922,106400,0.0,0.0
2024-11-15 00:00:00-05:00,86.84524457126308,86.84524457126308,85.18384521810992,85.73436737060547,148900,0.0,0.0
2024-11-18 00:00:00-05:00,86.42252193073612,87.30728747522868,86.03911402774101,86.24556732177734,118300,0.0,0.0
2024-11-19 00:00:00-05:00,85.8425058005123,86.70761310233291,85.2231683856034,86.50116729736328,103400,0.0,0.0
2024-11-20 00:00:00-05:00,86.02929968423722,86.24557840078099,84.78078436611715,86.21607971191406,91500,0.0,0.0
2024-11-21 00:00:00-05:00,86.81575041925699,87.16965964814497,86.08827367112127,86.98287963867188,134300,0.0,0.0
2024-11-22 00:00:00-05:00,87.43509784936961,88.73276255939848,87.36628258066739,88.43783569335938,177400,0.0,0.0
2024-11-25 00:00:00-05:00,89.43074877499669,91.00367457096708,88.59513264904072,89.381591796875,244600,0.0,0.0
2024-11-26 00:00:00-05:00,89.25379134531786,89.70600702865903,88.54597288433115,88.91954040527344,152200,0.0,0.0
2024-11-27 00:00:00-05:00,89.55855020857003,89.58804139657063,88.14292068242611,88.35919189453125,118700,0.0,0.0
2024-11-29 00:00:00-05:00,88.9293684098522,89.20462946280831,87.97578011903913,88.22154998779297,82000,0.0,0.0
2024-12-02 00:00:00-05:00,88.22155311772296,89.07683499143847,87.7201879678945,88.5754623413086,173800,0.0,0.0
2024-12-03 00:00:00-05:00,88.5754682388143,89.85347468688775,88.4378376982897,89.39142608642578,128200,0.0,0.0
2024-12-04 00:00:00-05:00,89.23411748962378,90.21719692985465,89.08666157382987,89.57820129394531,80000,0.0,0.0
2024-12-05 00:00:00-05:00,89.06700474996838,89.55854451956014,87.8676465121162,88.15274047851562,274600,0.0,0.0
2024-12-06 00:00:00-05:00,88.55580933110122,90.23687449321041,87.96596309005794,90.05008697509766,143200,0.0,0.0
2024-12-09 00:00:00-05:00,90.30568417286617,93.74646244964546,90.30568417286617,93.5989990234375,174500,0.0,0.0
2024-12-10 00:00:00-05:00,93.8546092549907,95.33906152961139,92.51762041829825,95.0343017578125,176300,0.0,0.0
2024-12-11 00:00:00-05:00,95.87973888728841,96.5875573011465,94.83767705594235,95.28005981445312,250800,0.0,0.0
2024-12-12 00:00:00-05:00,95.25057748823855,97.55098754719964,94.97531641287438,95.1227798461914,303700,0.0,0.0
2024-12-13 00:00:00-05:00,95.22108340384976,96.1058564765246,91.14130187451136,92.34066009521484,182200,0.0,0.0
2024-12-16 00:00:00-05:00,92.24235829768051,93.79562582583803,92.14405184026715,92.87152862548828,98100,0.0,0.0
2024-12-17 00:00:00-05:00,92.1931977636168,93.22543427740612,91.79013905367445,92.18336486816406,200100,0.0,0.0
2024-12-18 00:00:00-05:00,92.59626458228709,93.59900241630696,91.39690633942884,92.24235534667969,358100,0.0,0.0
2024-12-19 00:00:00-05:00,93.19594198218411,94.3658015168805,91.2101171412582,92.34066009521484,167100,0.0,0.0
2024-12-20 00:00:00-05:00,91.54436993435895,94.20851460138479,91.54436993435895,92.40947723388672,575900,0.0,0.0
2024-12-23 00:00:00-05:00,92.36031824428134,92.73389326345115,91.0331623874503,92.61592102050781,142200,0.0,0.0
2024-12-24 00:00:00-05:00,92.9206687707088,92.9698257446289,92.05556153194354,92.9698257446289,57800,0.0,0.0
2024-12-26 00:00:00-05:00,92.79287266303466,93.49085820241763,92.04573014892418,92.70439910888672,94300,0.0,0.0
2024-12-27 00:00:00-05:00,92.21285677853325,92.92066769278414,91.21994441921443,91.41655731201172,83000,0.0,0.0
2024-12-30 00:00:00-05:00,91.23960081799669,91.23960081799669,89.50938639638551,89.91244506835938,93400,0.0,0.0
2024-12-31 00:00:00-05:00,90.17789320011222,90.81688892705898,90.03042976300837,90.61044311523438,99600,0.0,0.0
2025-01-02 00:00:00-05:00,90.92502204693601,91.63284049626368,90.44331518570526,91.33792114257812,198600,0.0,0.0
2025-01-03 00:00:00-05:00,91.11180970244995,91.51486840323189,90.28601901012607,90.78739166259766,116000,0.0,0.0
2025-01-06 00:00:00-05:00,90.9446863760788,92.86168839528796,89.9222827990668,90.16805267333984,146200,0.0,0.0
2025-01-07 00:00:00-05:00,90.1680595183385,90.81688813551766,89.56838037956427,90.65959930419922,231600,0.0,0.0
2025-01-08 00:00:00-05:00,90.59078311339039,92.57660052795022,90.16805860183483,91.86878204345703,404400,0.0,0.0
2025-01-10 00:00:00-05:00,80.64201009384922,89.5880320336825,80.27827547945301,87.7398452758789,485400,0.0,0.0
2025-01-13 00:00:00-05:00,86.99270150072732,88.51647770212772,83.0702164568718,83.42412567138672,403000,0.0,0.0
2025-01-14 00:00:00-05:00,83.01123648147113,84.96756261234285,83.01123648147113,84.71195983886719,227300,0.0,0.0
2025-01-15 00:00:00-05:00,85.84250252524541,87.07135191291802,85.4099451406882,85.98013305664062,183400,0.0,0.0
2025-01-16 00:00:00-05:00,85.92115799783565,86.18658618802768,84.71196679733359,85.6458969116211,156800,0.0,0.0
2025-01-17 00:00:00-05:00,86.21607126840574,86.8059249831409,85.5279186016168,85.82284545898438,183200,0.0,0.0
2025-01-21 00:00:00-05:00,86.57981382616876,89.16531028754373,86.28488696732377,88.91954040527344,278000,0.0,0.0
2025-01-22 00:00:00-05:00,88.7819128161518,89.47989840491567,88.34936290921333,89.10633087158203,311100,0.0,0.0
2025-01-23 00:00:00-05:00,88.61478815135477,89.2931154265173,88.34935997863555,88.91954040527344,234800,0.0,0.0
2025-01-24 00:00:00-05:00,88.61478861179867,89.74533157617668,88.16257292610779,89.25379180908203,315700,0.0,0.0
2025-01-27 00:00:00-05:00,88.80157844404954,91.34775090399435,86.8747434067206,91.25927734375,190700,0.0,0.0
2025-01-28 00:00:00-05:00,90.78739885367818,90.99384466803593,89.95178270023911,90.0107650756836,217300,0.0,0.0
2025-01-29 00:00:00-05:00,90.10907590876246,91.20028731813531,89.89279720590056,90.37450408935547,273100,0.0,0.0
2025-01-30 00:00:00-05:00,91.0528318636213,91.72132626675568,90.2073828390601,90.43348693847656,169000,0.0,0.0
2025-01-31 00:00:00-05:00,90.43348582807826,90.43348582807826,88.76225359091364,89.43074798583984,270100,0.0,0.0
2025-02-03 00:00:00-05:00,87.84798915127352,89.92228760092989,86.01946058901433,88.54597473144531,165400,0.0,0.0
2025-02-04 00:00:00-05:00,88.84090557946669,91.21995639605953,88.45750513796216,90.89553833007812,179100,0.0,0.0
2025-02-05 00:00:00-05:00,90.89553072441325,91.62300746276809,90.06974753497826,91.6131820678711,212000,0.0,0.0
2025-02-06 00:00:00-05:00,92.12437867174856,92.82236421388471,90.66942521781164,91.16096496582031,165700,0.0,0.0
2025-02-07 00:00:00-05:00,91.24944586056978,91.39690929689483,89.9321228300836,90.10907745361328,186700,0.0,0.0
2025-02-10 00:00:00-05:00,91.10197644184596,93.43187758193879,90.35484141405115,93.04847717285156,242900,0.0,0.0
2025-02-11 00:00:00-05:00,92.68474063832532,93.47120729426597,92.68474063832532,93.25492858886719,177400,0.0,0.0
2025-02-12 00:00:00-05:00,92.37998603015377,93.44171373867051,91.83928928036237,91.96709442138672,180300,0.0,0.0
2025-02-13 00:00:00-05:00,92.4881288195642,92.88136215219045,91.39690988416976,92.2128677368164,138900,0.0,0.0
2025-02-14 00:00:00-05:00,92.64541498771682,92.64541498771682,89.5585457908851,89.59786987304688,234100,0.0,0.0
2025-02-18 00:00:00-05:00,89.92453970833638,90.46900000403623,86.41032001225342,87.14286041259766,287300,0.63,0.0
2025-02-19 00:00:00-05:00,86.87558612481321,87.6675194603103,86.47961568081064,87.34085083007812,224500,0.0,0.0
2025-02-20 00:00:00-05:00,86.71720081532217,88.90492841518635,86.13315022394825,88.6574478149414,257000,0.0,0.0
2025-02-21 00:00:00-05:00,89.50877791900294,89.58797352035218,88.09318864304511,88.77623748779297,258600,0.0,0.0
2025-02-24 00:00:00-05:00,89.66716957494197,90.33041574645091,87.31114951419636,89.7265625,317200,0.0,0.0
2025-02-25 00:00:00-05:00,90.11263478223903,92.12217604402332,90.11263478223903,91.07286071777344,274000,0.0,0.0
2025-02-26 00:00:00-05:00,90.82537095192583,91.79549812824874,88.86532147639939,89.97403717041016,217600,0.0,0.0
2025-02-27 00:00:00-05:00,89.76616091984509,90.39971063319358,88.19218042237961,88.26148223876953,126200,0.0,0.0
2025-02-28 00:00:00-05:00,88.42976570592666,89.8255522979282,87.12306850059176,88.4891586303711,214000,0.0,0.0
2025-03-03 00:00:00-05:00,88.71684372789319,89.51867841460856,87.42994165186106,87.77641296386719,154000,0.0,0.0
2025-03-04 00:00:00-05:00,86.2024445357909,89.30089893360328,84.7670525221013,85.10363006591797,242200,0.0,0.0
2025-03-05 00:00:00-05:00,85.26200924005573,86.59841045383277,84.07410544170743,85.12342071533203,224700,0.0,0.0
2025-03-06 00:00:00-05:00,84.80664434744715,87.23195859171163,84.72744874830613,87.10326385498047,273200,0.0,0.0
2025-03-07 00:00:00-05:00,86.91517884195535,88.48915163537716,84.74724664100845,87.92489624023438,243800,0.0,0.0
2025-03-10 00:00:00-04:00,87.0438747372217,88.40007110989607,86.5588148881664,86.98448181152344,278500,0.0,0.0
2025-03-11 00:00:00-04:00,87.43984715663784,87.57843568804414,85.05413055419922,85.05413055419922,165600,0.0,0.0
2025-03-12 00:00:00-04:00,85.06402714970753,86.0242530298437,82.53972215661773,82.60901641845703,224400,0.0,0.0
2025-03-13 00:00:00-04:00,82.71790896241134,83.5692427856896,80.97565106815144,81.5696029663086,198300,0.0,0.0
2025-03-14 00:00:00-04:00,81.76758148120027,82.73770867030697,81.32211946169171,82.6882095336914,214700,0.0,0.0
2025-03-17 00:00:00-04:00,83.1534796084941,86.11334539890362,83.0247924184792,84.5690689086914,420200,0.0,0.0
2025-03-18 00:00:00-04:00,84.1730980075061,85.85597056990657,83.53954829419318,83.61874389648438,216200,0.0,0.0
2025-03-19 00:00:00-04:00,83.53954298080757,85.20261276060445,83.46034738355345,84.39087677001953,224300,0.0,0.0
2025-03-20 00:00:00-04:00,83.96521792668038,84.73735619267714,83.29207039048937,83.3514633178711,177700,0.0,0.0
2025-03-21 00:00:00-04:00,82.787206069219,84.06420684801405,82.03487049687351,82.86640167236328,1758100,0.0,0.0
2025-03-24 00:00:00-04:00,83.49004984360826,85.10362815544654,83.49004984360826,85.04423522949219,183400,0.0,0.0
2025-03-25 00:00:00-04:00,84.98482942695753,85.2719078052662,84.28198548799818,84.72744750976562,173100,0.0,0.0
2025-03-26 00:00:00-04:00,84.93534470014154,85.60849223233295,84.27209095411592,85.05413055419922,172100,0.0,0.0
2025-03-27 00:00:00-04:00,85.33130547292676,86.6875018419073,85.1234226810407,85.8460693359375,149700,0.0,0.0
2025-03-28 00:00:00-04:00,85.66788302901216,85.66788302901216,83.89592107580044,85.18282318115234,155700,0.0,0.0
2025-03-31 00:00:00-04:00,84.48987005773631,87.34085122545424,84.2621921493471,86.96467590332031,191900,0.0,0.0
2025-04-01 00:00:00-04:00,86.84589651330843,87.54874051940959,85.56889569574142,87.24185943603516,175500,0.0,0.0
2025-04-02 00:00:00-04:00,86.95477238766512,88.52875279334424,86.01434921089704,88.18228149414062,148700,0.0,0.0
2025-04-03 00:00:00-04:00,85.74707575423928,86.80629235525382,85.16301764671286,85.87576293945312,217100,0.0,0.0
2025-04-04 00:00:00-04:00,83.87612494028456,85.86586344736867,83.45045802310825,84.37108612060547,338200,0.0,0.0
2025-04-07 00:00:00-04:00,82.67830552970706,86.4598083384513,81.23301990673231,82.95549011230469,342000,0.0,0.0
2025-04-08 00:00:00-04:00,84.68786106577313,86.42022519877543,80.43119188939274,81.29242706298828,381500,0.0,0.0
2025-04-09 00:00:00-04:00,81.19342649922913,87.02407599390985,81.07464065277235,84.9254379272461,367000,0.0,0.0
2025-04-10 00:00:00-04:00,86.7567910858125,93.05269761366081,85.30160407430398,90.83527374267578,704600,0.0,0.0
2025-04-11 00:00:00-04:00,91.05306226878515,91.68661197688321,88.65744441049934,90.81547546386719,320300,0.0,0.0
2025-04-14 00:00:00-04:00,91.1322434429481,93.54765624317214,91.12234965787076,93.32987213134766,240100,0.0,0.0
2025-04-15 00:00:00-04:00,93.40907370145008,93.76544635222777,90.04333619549858,90.66698455810547,230400,0.0,0.0
2025-04-16 00:00:00-04:00,91.19164981715716,91.44902419096162,90.06313893968162,91.33023834228516,182100,0.0,0.0
2025-04-17 00:00:00-04:00,91.18175474410867,92.77553044509855,90.75608780125096,92.69633483886719,170800,0.0,0.0
2025-04-21 00:00:00-04:00,92.78542042175118,93.9436276991463,91.61731180666246,92.81511688232422,155600,0.0,0.0
2025-04-22 00:00:00-04:00,93.34968358530995,95.4681168772664,93.05270384989204,95.04244995117188,216800,0.0,0.0
2025-04-23 00:00:00-04:00,96.83420554042078,99.62578631045201,96.83420554042078,99.24961853027344,389400,0.0,0.0
2025-04-24 00:00:00-04:00,98.51706527611313,101.43734063124818,96.6362189232389,100.68499755859375,462200,0.0,0.0
2025-04-25 00:00:00-04:00,99.83367026178495,100.35832791346603,98.18050170393859,98.97244262695312,294600,0.0,0.0
2025-04-28 00:00:00-04:00,98.92294447903356,99.5663955413716,97.71523795795476,98.45767974853516,232000,0.0,0.0
2025-04-29 00:00:00-04:00,97.8934156260488,100.85328118784017,97.8934156260488,100.48701477050781,294900,0.0,0.0
2025-04-30 00:00:00-04:00,99.61588267238866,101.06116838708824,98.2992916959039,100.46721649169922,300600,0.0,0.0
2025-05-01 00:00:00-04:00,100.66520222395361,101.37794749628593,99.42779933518443,100.2098388671875,220600,0.0,0.0
2025-05-02 00:00:00-04:00,101.22945715191646,101.78381122661445,99.73467235477546,99.92276000976562,196400,0.0,0.0
2025-05-05 00:00:00-04:00,99.47729300855505,101.17005928964358,99.14072304094462,99.41790008544922,146000,0.0,0.0
2025-05-06 00:00:00-04:00,98.73484900558138,100.27913294364929,98.14089713055888,99.97225189208984,174700,0.0,0.0
2025-05-07 00:00:00-04:00,101.1898590875097,104.47640083352758,100.38802443835567,103.61516571044922,213400,0.0,0.0
2025-05-08 00:00:00-04:00,104.12003296138845,105.47622929831026,103.62507178692901,104.7337875366211,265700,0.0,0.0
2025-05-09 00:00:00-04:00,104.26852113005414,104.5357968368159,102.49655924797952,103.39738464355469,170600,0.0,0.0
2025-05-12 00:00:00-04:00,105.02085899649074,106.9215156576304,101.6254325699035,102.84303283691406,234900,0.0,0.0
2025-05-13 00:00:00-04:00,103.30828961530696,103.83294721464709,100.62560114617574,101.27894592285156,140600,0.0,0.0
2025-05-14 00:00:00-04:00,100.75429774490678,101.66502451392243,98.57647154899837,100.4375228881836,171100,0.0,0.0
2025-05-15 00:00:00-04:00,100.36822705336505,103.16970913296485,100.36822705336505,102.41736602783203,266400,0.0,0.0
2025-05-16 00:00:00-04:00,101.94220843600024,103.97154475205245,101.94220843600024,103.65476989746094,177600,0.0,0.0
2025-05-19 00:00:00-04:00,102.66484618242096,105.59501543697831,101.84320881795671,105.44652557373047,148200,0.0,0.0
2025-05-20 00:00:00-04:00,105.39703348700208,106.66413288268276,105.39703348700208,106.24836730957031,185500,0.0,0.0
2025-05-21 00:00:00-04:00,104.98126786128675,105.01096432327874,102.2886778705604,102.93212890625,187400,0.0,0.0
2025-05-22 00:00:00-04:00,102.70444193149241,103.75375718647184,102.07089224329638,103.15980529785156,128100,0.0,0.0
2025-05-23 00:00:00-04:00,101.90260829073452,103.55577678908523,101.11066739622103,103.30829620361328,98200,0.0,0.0
2025-05-27 00:00:00-04:00,103.73395758800864,106.13946905278239,103.24889778101944,106.02067565917969,134500,0.0,0.0
2025-05-28 00:00:00-04:00,105.87219477915804,107.44617527964851,104.67438961404066,105.555419921875,174600,0.0,0.0
2025-05-29 00:00:00-04:00,105.49602488490595,105.92169179890843,104.40711180682068,105.68411254882812,106000,0.0,0.0
2025-05-30 00:00:00-04:00,105.68411629277786,107.43627559701766,105.3277436287785,106.8918228149414,338900,0.0,0.0
2025-06-02 00:00:00-04:00,106.25826462160447,108.08962706622526,104.5556044724703,106.31766510009766,278600,0.0,0.0
2025-06-03 00:00:00-04:00,106.02067871057098,107.7926405654781,105.28813831020696,105.80289459228516,146500,0.0,0.0
2025-06-04 00:00:00-04:00,105.23864488258218,105.82270300898948,104.0705361822759,105.08026123046875,131800,0.0,0.0
2025-06-05 00:00:00-04:00,105.34753246897388,106.65422964151817,104.41701061515967,105.76329803466797,150200,0.0,0.0
2025-06-06 00:00:00-04:00,106.65423134095711,107.43627089984739,105.40693462400029,107.09970092773438,110700,0.0,0.0
2025-06-09 00:00:00-04:00,107.77285101942805,107.93123467114535,106.11967492348354,107.25808715820312,153800,0.0,0.0
2025-06-10 00:00:00-04:00,107.59465636015283,108.73306095422038,106.90170622408158,107.15908813476562,226000,0.0,0.0
2025-06-11 00:00:00-04:00,107.25808142740595,107.25808142740595,105.89199135023762,106.65422821044922,139300,0.0,0.0
2025-06-12 00:00:00-04:00,106.4364468468061,106.69382877032699,105.49602364327983,106.38695526123047,112700,0.0,0.0
2025-06-13 00:00:00-04:00,105.82269811700179,106.26816014251801,104.12993184652899,104.3873062133789,202000,0.0,0.0
2025-06-16 00:00:00-04:00,105.22874537338092,105.94148309788868,104.76348067574524,105.1396484375,138400,0.0,0.0
2025-06-17 00:00:00-04:00,104.50610492295394,105.24854670488811,102.61535711226593,102.71434783935547,169100,0.0,0.0
2025-06-18 00:00:00-04:00,102.46686888527856,102.56585961395237,100.57611349182214,100.73450469970703,179000,0.0,0.0
2025-06-20 00:00:00-04:00,102.43716739237568,103.59537472126048,98.97243919134695,100.46721649169922,637100,0.0,0.0
2025-06-23 00:00:00-04:00,100.54641690773481,102.55595815218335,99.76437731288628,101.16017150878906,198800,0.0,0.0
2025-06-24 00:00:00-04:00,101.35814883476773,103.59537546096595,100.37812782275277,103.21920013427734,340500,0.0,0.0
2025-06-25 00:00:00-04:00,102.95192316322026,104.62489433142517,102.35797127085713,104.34771728515625,281900,0.0,0.0
2025-06-26 00:00:00-04:00,104.4170081427266,105.5554127524322,103.1994003834444,105.17924499511719,275800,0.0,0.0
2025-06-27 00:00:00-04:00,104.99116562091916,106.38695980743933,104.58530137081956,105.27824401855469,514800,0.0,0.0
2025-06-30 00:00:00-04:00,105.82270150119733,105.9513886887377,101.64522794517454,103.9814453125,306800,0.0,0.0
2025-07-01 00:00:00-04:00,103.39738472813214,105.57521839365418,103.26869754366129,104.72388458251953,196300,0.0,0.0
2025-07-02 00:00:00-04:00,104.30812570531222,105.61482296743377,103.17961477677582,105.47623443603516,252000,0.0,0.0
2025-07-03 00:00:00-04:00,105.32773124286943,106.39684910914566,104.38730055304018,105.53561401367188,91600,0.0,0.0
2025-07-07 00:00:00-04:00,105.23864289957264,105.23864289957264,103.0113176059799,104.35761260986328,171300,0.0,0.0
2025-07-08 00:00:00-04:00,104.35760752272078,104.47640091815782,100.97207505409705,103.18949890136719,219400,0.0,0.0
2025-07-09 00:00:00-04:00,103.27859888207982,103.27859888207982,100.51671466490141,100.98197937011719,188700,0.0,0.0
2025-07-10 00:00:00-04:00,100.92258203040484,102.02139645909851,100.27913853554618,101.66502380371094,285500,0.0,0.0
2025-07-11 00:00:00-04:00,112.25719205098322,112.44527215516048,105.09015660384162,107.07989501953125,561200,0.0,0.0
2025-07-14 00:00:00-04:00,105.95139133439906,108.35690302469901,104.68429189387221,105.4663314819336,294200,0.0,0.0
2025-07-15 00:00:00-04:00,105.68411197032395,106.51564311730739,102.79353297471886,106.48594665527344,409400,0.0,0.0
2025-07-16 00:00:00-04:00,106.48594294903279,107.35707186591128,105.56531489548176,107.26798248291016,232900,0.0,0.0
2025-07-17 00:00:00-04:00,107.1887905633908,110.28725234422272,106.18896687785816,110.22785186767578,284800,0.0,0.0
2025-07-18 00:00:00-04:00,110.73271352984358,110.73271352984358,107.88173991023538,108.56478118896484,197600,0.0,0.0
2025-07-21 00:00:00-04:00,108.56477734297714,109.24782615001716,106.3770499559086,107.35707092285156,184800,0.0,0.0
2025-07-22 00:00:00-04:00,107.71344544198101,108.58458191896199,105.35743303448093,105.42672729492188,195900,0.0,0.0
2025-07-23 00:00:00-04:00,105.74350040734362,106.04048012009767,104.58529312211691,105.17924499511719,193700,0.0,0.0
2025-07-24 00:00:00-04:00,104.89216764506125,104.89216764506125,103.06081287187068,103.57556915283203,186000,0.0,0.0
2025-07-25 00:00:00-04:00,103.75375932587376,106.21867142086184,103.59537567681289,106.10977935791016,163200,0.0,0.0
2025-07-28 00:00:00-04:00,105.91178393184356,107.48576430380602,105.21884134828004,107.15908813476562,184200,0.0,0.0
2025-07-29 00:00:00-04:00,107.53525913371092,107.71344545379404,105.64451142575324,106.08997344970703,222600,0.0,0.0
2025-07-30 00:00:00-04:00,106.38695603389723,107.99062540534742,105.25844516046631,106.0602798461914,217100,0.0,0.0
2025-07-31 00:00:00-04:00,105.2881380298229,107.39666984191457,105.1891473088224,106.4166488647461,209900,0.0,0.0
2025-08-01 00:00:00-04:00,105.9909859313136,109.09934151253296,105.6841124189824,108.09951782226562,224300,0.0,0.0
2025-08-04 00:00:00-04:00,107.80254645859762,110.00017530505929,107.62436013178969,109.76258850097656,223600,0.0,0.0
2025-08-05 00:00:00-04:00,109.32702436201687,109.68339700443082,107.91143513034704,107.94113159179688,256200,0.0,0.0
2025-08-06 00:00:00-04:00,107.70355038979548,110.09916056830092,107.0402967019383,109.63389587402344,134700,0.0,0.0
2025-08-07 00:00:00-04:00,109.83187951168702,110.86139964136787,109.42601528362027,110.16845703125,139600,0.0,0.0
2025-08-08 00:00:00-04:00,110.60402775994305,111.77213643790904,110.32684315715619,110.75251007080078,134900,0.0,0.0
2025-08-11 00:00:00-04:00,110.55452778571409,111.425656730364,108.7924672201108,109.08943939208984,118400,0.0,0.0
2025-08-12 00:00:00-04:00,109.61410551140159,110.43573532478975,108.98054825693934,110.32684326171875,143300,0.0,0.0
2025-08-13 00:00:00-04:00,110.71291176322286,112.77195205944362,109.18843799367379,112.21759796142578,146300,0.0,0.0
2025-08-14 00:00:00-04:00,111.29697227105235,112.75215936217502,110.5248340314791,111.23757934570312,191600,0.0,0.0
2025-08-15 00:00:00-04:00,111.53622358021575,111.53622358021575,107.51438814915154,108.46011352539062,246400,0.63,0.0
2025-08-18 00:00:00-04:00,108.5994824308649,111.87469013658962,108.3605636971145,111.74527740478516,193500,0.0,0.0
2025-08-19 00:00:00-04:00,111.44662712233674,113.497369742383,108.92800418118003,108.98773956298828,204500,0.0,0.0
2025-08-20 00:00:00-04:00,109.37598114833374,109.38593071567648,107.80308366796896,108.29087829589844,166400,0.0,0.0
2025-08-21 00:00:00-04:00,107.63385142746259,110.39139304382002,106.14059603493719,107.05645751953125,215300,0.0,0.0
2025-08-22 00:00:00-04:00,107.54425161220529,110.84932322719308,106.56866234725804,110.2420654296875,235200,0.0,0.0
2025-08-25 00:00:00-04:00,109.81399806588912,109.81399806588912,108.06191722419574,108.19132995605469,141700,0.0,0.0
2025-08-26 00:00:00-04:00,107.90263494095154,108.49993558384092,104.98580907983384,108.26101684570312,193700,0.0,0.0
2025-08-27 00:00:00-04:00,107.99223382251014,109.70449363388435,107.66371581183259,109.10719299316406,136900,0.0,0.0
2025-08-28 00:00:00-04:00,109.37598629848563,109.37598629848563,106.95691217961755,107.5741195678711,221900,0.0,0.0
2025-08-29 00:00:00-04:00,107.99223318989957,107.99223318989957,106.41933568898129,106.77771759033203,146500,0.0,0.0
2025-09-02 00:00:00-04:00,106.38947670955064,107.53429981913985,106.38947670955064,107.46461486816406,150000,0.0,0.0
2025-09-03 00:00:00-04:00,107.6537626452347,108.07187234974984,106.72794395947122,107.84291076660156,176200,0.0,0.0
2025-09-04 00:00:00-04:00,108.35060975961642,109.26647885725072,107.23565057220222,109.08728790283203,176800,0.0,0.0
2025-09-05 00:00:00-04:00,108.98773789247183,109.50539642463973,107.96236280062027,109.47553253173828,153700,0.0,0.0
2025-09-08 00:00:00-04:00,109.90359636179808,111.56608551168894,109.01759878634297,111.47649383544922,178000,0.0,0.0
2025-09-09 00:00:00-04:00,110.55068029743407,111.55613348751947,109.41580677558863,110.2918472290039,217800,0.0,0.0
2025-09-10 00:00:00-04:00,109.81400034997009,110.6104062728244,108.1116900950815,110.50090026855469,307800,0.0,0.0
2025-09-11 00:00:00-04:00,110.47103919790685,120.4459822432582,109.42575734684186,117.56897735595703,451600,0.0,0.0
2025-09-12 00:00:00-04:00,116.13545338372803,116.42414274345767,112.49190656954913,114.06480407714844,352500,0.0,0.0
2025-09-15 00:00:00-04:00,114.58246385177225,116.67301991119616,113.00956632707538,116.57347106933594,185300,0.0,0.0
2025-09-16 00:00:00-04:00,116.19517889569335,117.63865604645716,115.40873015728141,116.52369689941406,258100,0.0,0.0
2025-09-17 00:00:00-04:00,116.49383127125789,118.35542579088158,116.05581483935639,116.2648696899414,277800,0.0,0.0
2025-09-18 00:00:00-04:00,116.31463490804937,118.80339386375145,116.2449499610933,116.89202880859375,179300,0.0,0.0
2025-09-19 00:00:00-04:00,116.89202943469618,117.30018955126053,114.70192457998346,114.92093658447266,470800,0.0,0.0
2025-09-22 00:00:00-04:00,114.64219659879545,116.72279544769992,113.97520342396906,115.11007690429688,195200,0.0,0.0
2025-09-23 00:00:00-04:00,115.03044344860308,116.96171525838173,114.7019254394078,116.5933837890625,151000,0.0,0.0
2025-09-24 00:00:00-04:00,116.81238753558033,119.58984346144152,115.91644038118416,116.882080078125,180700,0.0,0.0
2025-09-25 00:00:00-04:00,116.7725768514499,116.94181064285068,115.26936426908514,116.47392272949219,199300,0.0,0.0
2025-09-26 00:00:00-04:00,116.444059147135,120.95368931117684,115.6775171097727,120.39620971679688,265300,0.0,0.0
2025-09-29 00:00:00-04:00,120.23692311010113,122.64603998960834,119.34096835467994,122.10847473144531,496900,0.0,0.0
2025-09-30 00:00:00-04:00,121.89940960121213,122.09851487307066,120.07764383301611,120.64508056640625,302800,0.0,0.0
2025-10-01 00:00:00-04:00,119.77899638106763,120.52562410308934,117.32010120132837,119.90840911865234,195800,0.0,0.0
2025-10-02 00:00:00-04:00,119.82877192864329,121.23242806529879,118.67398409868917,121.06319427490234,117200,0.0,0.0
2025-10-03 00:00:00-04:00,121.65053666639288,123.05420038554858,121.62067277366016,122.66595458984375,212400,0.0,0.0
2025-10-06 00:00:00-04:00,122.26775541220647,124.02979349372903,121.99897277421114,122.05870056152344,163500,0.0,0.0
2025-10-07 00:00:00-04:00,121.79986353351005,121.79986353351005,118.7337106329461,120.7048110961914,212500,0.0,0.0
2025-10-08 00:00:00-04:00,121.50121536125417,122.10847315458165,120.36634188407257,120.72471618652344,154600,0.0,0.0
2025-10-09 00:00:00-04:00,120.81431678908133,121.6604933250589,117.71830000378478,117.99703979492188,252600,0.0,0.0
2025-10-10 00:00:00-04:00,117.99703929479426,119.29119699969092,117.67847844983211,118.09658813476562,183400,0.0,0.0
2025-10-13 00:00:00-04:00,118.85317334215273,123.04424255661925,118.85317334215273,122.95465087890625,186400,0.0,0.0
2025-10-14 00:00:00-04:00,122.32747905506321,123.91033372102173,122.00891820837384,123.04424285888672,230900,0.0,0.0
2025-10-15 00:00:00-04:00,123.58181404476566,124.91579279390758,122.9148284677395,123.53203582763672,169200,0.0,0.0
2025-10-16 00:00:00-04:00,123.08406299444322,123.41258100125596,121.22246855092726,122.30757141113281,121400,0.0,0.0
2025-10-17 00:00:00-04:00,121.9790583620548,122.81528535928501,120.88400588992779,121.31207275390625,111300,0.0,0.0
2025-10-20 00:00:00-04:00,122.33743815005371,122.36730204316981,121.21252180383885,121.43153381347656,159500,0.0,0.0
2025-10-21 00:00:00-04:00,121.25233994467386,122.4270344812347,118.85317265416224,121.09305572509766,204700,0.0,0.0
2025-10-22 00:00:00-04:00,121.02337574844225,121.96910115697726,118.94277681162927,121.77996063232422,220300,0.0,0.0
2025-10-23 00:00:00-04:00,122.20802320964816,122.98451479701411,120.84418055293509,122.48676300048828,107700,0.0,0.0
2025-10-24 00:00:00-04:00,123.15374727594984,123.45240138872667,122.01887379954123,122.59626770019531,135800,0.0,0.0
2025-10-27 00:00:00-04:00,122.7953646101412,123.13383977550924,121.48130019330847,121.67044830322266,130000,0.0,0.0
2025-10-28 00:00:00-04:00,121.34193364157208,122.82523188438888,120.72471867307534,122.37725830078125,148000,0.0,0.0
2025-10-29 00:00:00-04:00,122.66595293049853,122.66595293049853,118.79344459335277,120.53557586669922,171900,0.0,0.0
2025-10-30 00:00:00-04:00,120.85414062216222,122.47680878363107,119.43057014605635,122.35735321044922,313700,0.0,0.0
2025-10-31 00:00:00-04:00,118.43506558515942,123.18361445853918,111.17784336369652,114.42318725585938,506200,0.0,0.0
2025-11-03 00:00:00-05:00,114.42318755251728,117.8974930305214,112.88015391643683,116.66307067871094,507000,0.0,0.0
2025-11-04 00:00:00-05:00,116.8323046378055,117.0612662155619,113.92543591045512,116.47392272949219,221300,0.0,0.0
2025-11-05 00:00:00-05:00,116.15535977442286,120.1274169920536,115.83679892780995,118.74366760253906,288600,0.0,0.0
2025-11-06 00:00:00-05:00,118.35542079580995,119.91836112286988,115.22954014169005,116.79248046875,146600,0.0,0.0
2025-11-07 00:00:00-05:00,116.69293215347761,118.11650259242636,116.14540214038591,116.22504425048828,208600,0.0,0.0
2025-11-10 00:00:00-05:00,116.54360551209118,118.31560069520512,114.26390136912325,114.91098022460938,151100,0.0,0.0
2025-11-11 00:00:00-05:00,115.09016921109799,116.25490657403971,113.86569646884085,115.3091812133789,147500,0.0,0.0
2025-11-12 00:00:00-05:00,115.9164441383941,116.87212670379238,115.37887127127821,116.27482604980469,118800,0.0,0.0
2025-11-13 00:00:00-05:00,116.47391872010681,116.54360366681954,114.10462293678474,115.58792114257812,153900,0.0,0.0
2025-11-14 00:00:00-05:00,115.34900784350792,116.1752700805664,113.9154801920784,116.1752700805664,134200,0.0,0.0
2025-11-17 00:00:00-05:00,116.25491261213976,118.0766860765443,115.1200390823674,115.32909393310547,130900,0.0,0.0
2025-11-18 00:00:00-05:00,115.17976669942252,116.53365224084945,114.33359013480317,115.51824188232422,102200,0.0,0.0
2025-11-19 00:00:00-05:00,115.69743203491703,116.40423869433734,114.44309534597191,115.5281982421875,111800,0.0,0.0
2025-11-20 00:00:00-05:00,116.99157798535576,118.64411758235296,115.93634661552213,116.98162841796875,148100,0.0,0.0
2025-11-21 00:00:00-05:00,117.41964945006153,120.14733484915268,117.41964945006153,118.04682159423828,190600,0.0,0.0
2025-11-24 00:00:00-05:00,118.50475046746593,118.74366920688122,116.74270482716744,117.0413589477539,189400,0.0,0.0
2025-11-25 00:00:00-05:00,117.82780585897652,125.96106838985293,117.74816374872589,125.10493469238281,242900,0.0,0.0
2025-11-26 00:00:00-05:00,124.66691824812399,126.1303021494292,122.78540947055224,123.42253875732422,303600,0.0,0.0
2025-11-28 00:00:00-05:00,123.48226935912895,124.08952717209817,121.6903598134673,122.54649353027344,100200,0.0,0.0
2025-12-01 00:00:00-05:00,122.14828799309373,123.62163665462407,121.99896853000762,122.29761505126953,231800,0.0,0.0
2025-12-02 00:00:00-05:00,122.96460080560631,125.33390422435653,121.87950553187828,124.72664642333984,172000,0.0,0.0
2025-12-03 00:00:00-05:00,125.04520798633781,126.76742496360427,121.42157548464972,126.12035369873047,135800,0.0,0.0
2025-12-04 00:00:00-05:00,125.57282230007137,127.79279105367166,124.39812775945899,127.1656265258789,118100,0.0,0.0
2025-12-05 00:00:00-05:00,127.22536448351383,128.57925000165193,126.82716152022208,127.41450500488281,150300,0.0,0.0
2025-12-08 00:00:00-05:00,127.38464008243048,127.38464008243048,123.39266850921811,123.78091430664062,163500,0.0,0.0
2025-12-09 00:00:00-05:00,124.09948186568155,125.94116199841294,123.44244584698198,125.19453430175781,130400,0.0,0.0
2025-12-10 00:00:00-05:00,125.38367462158203,125.95111136633726,123.36280354105185,125.38367462158203,179600,0.0,0.0
2025-12-11 00:00:00-05:00,125.74206405232955,130.86891698233674,124.36827174463178,130.43089294433594,158800,0.0,0.0
2025-12-12 00:00:00-05:00,130.43089012256976,130.85894939305877,127.28509499969373,127.94213104248047,172300,0.0,0.0
2025-12-15 00:00:00-05:00,128.2507250807245,129.3955480952886,126.51854342295056,129.27609252929688,154000,0.0,0.0
2025-12-16 00:00:00-05:00,129.057092837868,130.62999043085202,126.59819760220986,128.19100952148438,211800,0.0,0.0
2025-12-17 00:00:00-05:00,127.8027547826709,128.01180202849633,124.31848464881868,125.21443939208984,260100,0.0,0.0
2025-12-18 00:00:00-05:00,126.35927279142065,126.3692299540883,123.48226798274159,123.5917739868164,160700,0.0,0.0
2025-12-19 00:00:00-05:00,123.18361061129316,124.26871346072625,122.12837924907438,124.09947967529297,921500,0.0,0.0
2025-12-22 00:00:00-05:00,123.69132469412321,125.17462296020827,122.88496919294441,124.59723663330078,139300,0.0,0.0
2025-12-23 00:00:00-05:00,124.68682348510207,124.68682348510207,122.64603810659152,123.2532958984375,164400,0.0,0.0
2025-12-24 00:00:00-05:00,123.31303385780858,124.9456591567378,122.99447300911726,123.5021743774414,56700,0.0,0.0
2025-12-26 00:00:00-05:00,124.1691715448671,125.02529768217069,123.2931234865537,124.38817596435547,84200,0.0,0.0
2025-12-29 00:00:00-05:00,124.10942958546333,125.81173979708272,122.24784275037543,123.2532958984375,137600,0.0,0.0
2025-12-30 00:00:00-05:00,122.92479191648347,124.11939323777348,122.42704010009766,122.42704010009766,129100,0.0,0.0
2025-12-31 00:00:00-05:00,122.42703473922089,122.77545947641603,121.14283419776767,122.11842346191406,143200,0.0,0.0
2026-01-02 00:00:00-05:00,121.93923232646554,124.41804172821602,121.5609436973851,122.77545928955078,190400,0.0,0.0
2026-01-05 00:00:00-05:00,122.51662789870007,128.32040812156146,121.01341533422836,126.58824157714844,184100,0.0,0.0
2026-01-06 00:00:00-05:00,126.28958906075795,127.43441214061484,124.75651258401646,126.56832885742188,193100,0.0,0.0
2026-01-07 00:00:00-05:00,126.83711824958444,127.81270753147162,123.92029237644132,127.04617309570312,172800,0.0,0.0
2026-01-08 00:00:00-05:00,120.64507852996948,134.92059589486718,120.64507852996948,132.8300323486328,410500,0.0,0.0
2026-01-09 00:00:00-05:00,133.17847338023478,136.28443982105014,132.09337807753707,133.845458984375,191400,0.0,0.0
2026-01-12 00:00:00-05:00,134.19388622550287,137.877246450031,134.19388622550287,135.0301055908203,203200,0.0,0.0
2026-01-13 00:00:00-05:00,134.78123733885815,137.18040475915961,133.82554715987936,136.24462890625,171200,0.0,0.0
2026-01-14 00:00:00-05:00,136.8817422335394,142.72534338657934,136.8817422335394,141.02304077148438,225600,0.0,0.0
2026-01-15 00:00:00-05:00,140.2166941137127,140.45560526618297,138.12613038851717,140.1669158935547,394900,0.0,0.0
2026-01-16 00:00:00-05:00,139.6890735294444,140.45560037047537,136.40390858586457,140.2266387939453,223400,0.0,0.0
2026-01-20 00:00:00-05:00,139.56960603271875,140.56510966375126,137.36955151463772,140.18682861328125,154400,0.0,0.0
2026-01-21 00:00:00-05:00,141.36150699616695,147.36439231043775,140.8836695356272,145.1543731689453,349400,0.0,0.0
2026-01-22 00:00:00-05:00,145.12451276477464,145.13446233225326,140.78411648593166,141.3714599609375,258500,0.0,0.0
2026-01-23 00:00:00-05:00,141.21219053932728,141.21219053932728,138.41481268728376,140.06735229492188,170800,0.0,0.0
2026-01-26 00:00:00-05:00,140.50537922057882,142.78507580887475,138.95239601595037,142.08822631835938,193200,0.0,0.0
2026-01-27 00:00:00-05:00,141.98868335946133,144.1290100238509,140.8538098628239,141.36151123046875,202900,0.0,0.0
2026-01-28 00:00:00-05:00,141.2619547943755,141.68007967382354,139.50987392646246,141.36151123046875,174600,0.0,0.0
2026-01-29 00:00:00-05:00,140.99317540922698,144.7462129293154,140.42573108332573,144.40774536132812,213300,0.0,0.0
2026-01-30 00:00:00-05:00,143.1235550658952,145.0448696989912,139.5695999662963,141.57057189941406,314600,0.0,0.0
2026-02-02 00:00:00-05:00,140.9035763384991,144.73627136918023,140.87371244497626,142.81495666503906,310100,0.0,0.0
2026-02-03 00:00:00-05:00,142.95432536647544,146.5679931640625,141.36151350443808,146.5679931640625,276800,0.0,0.0
2026-02-04 00:00:00-05:00,147.08565047841233,148.90742380969738,145.39329747033437,147.4241180419922,280900,0.0,0.0
2026-02-05 00:00:00-05:00,148.2205377593716,151.1274065929512,146.7870100737312,150.6197052001953,283200,0.0,0.0
2026-02-06 00:00:00-05:00,151.69484415028805,157.15019965098242,151.4161043561768,156.1248321533203,302200,0.0,0.0
2026-02-09 00:00:00-05:00,155.51757019201446,156.1845557665458,153.56637649518416,155.427978515625,226100,0.0,0.0
2026-02-10 00:00:00-05:00,154.44243567640714,155.99541894020973,153.5464884673457,153.7953643798828,170900,0.0,0.0
2026-02-11 00:00:00-05:00,154.9401820020944,155.02977368178455,146.04037725522556,154.42251586914062,236500,0.0,0.0
2026-02-12 00:00:00-05:00,155.56734945245177,157.1601460740499,153.88494596368398,154.29310607910156,172600,0.0,0.0
2026-02-13 00:00:00-05:00,154.01437119448627,155.32842806939067,152.76002691596423,154.97999572753906,154800,0.0,0.0
2026-02-17 00:00:00-05:00,154.75999450683594,155.67999267578125,151.27999877929688,152.5800018310547,146100,0.7,0.0
2026-02-18 00:00:00-05:00,151.9600067138672,153.9199981689453,150.6199951171875,152.10000610351562,182900,0.0,0.0
2026-02-19 00:00:00-05:00,151.27999877929688,153.86000061035156,149.42999267578125,152.92999267578125,169500,0.0,0.0
2026-02-20 00:00:00-05:00,152.80999755859375,153.97999572753906,150.67999267578125,153.72999572753906,183900,0.0,0.0
2026-02-23 00:00:00-05:00,153.72000122070312,153.8699951171875,150.0399932861328,151.3000030517578,218600,0.0,0.0
2026-02-24 00:00:00-05:00,151.61000061035156,155.55999755859375,151.2899932861328,155.22000122070312,177900,0.0,0.0
2026-02-25 00:00:00-05:00,155.8699951171875,156.99000549316406,154.6199951171875,155.3699951171875,152900,0.0,0.0
2026-02-26 00:00:00-05:00,156.27999877929688,157.1199951171875,152.85000610351562,153.8000030517578,146600,0.0,0.0
2026-02-27 00:00:00-05:00,152.0500030517578,154.6699981689453,152.0500030517578,154.6199951171875,134400,0.0,0.0
2026-03-02 00:00:00-05:00,153.25999450683594,158.00999450683594,153.25999450683594,157.4199981689453,183700,0.0,0.0
2026-03-03 00:00:00-05:00,153.66000366210938,155.88999938964844,151.4199981689453,151.75,289300,0.0,0.0
2026-03-04 00:00:00-05:00,152.8699951171875,156.0399932861328,150.3800048828125,153.05999755859375,201900,0.0,0.0
2026-03-05 00:00:00-05:00,150.66000366210938,152.75999450683594,145.60000610351562,146.63999938964844,190400,0.0,0.0
2026-03-06 00:00:00-05:00,144.02999877929688,145.3699951171875,142.13999938964844,145.16000366210938,198000,0.0,0.0
2026-03-09 00:00:00-04:00,143.2899932861328,149.0500030517578,140.11000061035156,148.83999633789062,243100,0.0,0.0
2026-03-10 00:00:00-04:00,148.1199951171875,152.8000030517578,147.30999755859375,147.61000061035156,211600,0.0,0.0
2026-03-11 00:00:00-04:00,146.25999450683594,147.94000244140625,145.39999389648438,145.97000122070312,181800,0.0,0.0
2026-03-12 00:00:00-04:00,143.74000549316406,146.88999938964844,142.99000549316406,146.8000030517578,168900,0.0,0.0
2026-03-13 00:00:00-04:00,148.25,151.1999969482422,146.38999938964844,148.77000427246094,159700,0.0,0.0
2026-03-16 00:00:00-04:00,150.07000732421875,152.1199951171875,148.22000122070312,151.1699981689453,215900,0.0,0.0
2026-03-17 00:00:00-04:00,151.77999877929688,152.8699951171875,149.72999572753906,149.77999877929688,221009,0.0,0.0
